duration_ms,detune_hz,source,source_type,midi_gt,midi_pred,midi_correct,midi_within_1,midi_pc_correct,midi_octave_correct,spn_gt,spn_pred,spn_correct,spn_pc_correct,spn_octave_correct,doremi_gt,doremi_pred,doremi_correct,hz_correct,any_correct,raw_midi,raw_spn,raw_doremi,raw_hz,audio_url,audio_file,prompt_midi,prompt_spn,prompt_doremi,prompt_hz
5000,-0.292,sine,waveform,30,41,0,0,0,0,F#1,F1,0,0,1,fa#,sol#,0,0,0,41,F1,sol#,130.,data/audio/pitchbench_a5_pitch_slightly_off/46p0hz_sine_5000ms.wav,46p0hz_sine_5000ms.wav,This audio contains a single sustained musical note that may be slightly out of tune. Identify the NEAREST in-tune pitch (the closest standard musical note). What is the MIDI note number (an integer from 0 to 127)? Reply with ONLY the integer. Nothing else. Output only the answer.,"This audio contains a single sustained musical note that may be slightly out of tune. Identify the NEAREST in-tune pitch (the closest standard musical note). What is the note name and octave? Reply with ONLY the note name in Scientific Pitch Notation (e.g. C4, F#3, Bb5). Nothing else. Output only the answer.","This audio contains a single sustained musical note that may be slightly out of tune. Identify the NEAREST in-tune pitch (the closest standard musical note). What is the solfege syllable and accidental (if needed) of this pitch? Use fixed-do (do=C, re=D, mi=E, fa=F, sol=G, la=A, si=B). Include sharps or flats when needed (e.g. do#, reb, fa#, sib). Do NOT include the octave. Reply with ONLY the syllable and accidental (if needed). Nothing else. Output only the answer.","This audio contains a single sustained musical note that may be slightly out of tune. Identify the NEAREST in-tune pitch (the closest standard musical note). What is the main pitch frequency, expressed in Hertz? Reply with ONLY a number (the frequency in Hz). Nothing else. Output only the answer."
5000,0.0,sine,waveform,30,60,0,0,0,0,F#1,D2,0,0,0,fa#,sol#,0,0,0,60,D2,sol#,130.8,data/audio/pitchbench_a5_pitch_slightly_off/46p2hz_sine_5000ms.wav,46p2hz_sine_5000ms.wav,This audio contains a single sustained musical note that may be slightly out of tune. Identify the NEAREST in-tune pitch (the closest standard musical note). What is the MIDI note number (an integer from 0 to 127)? Reply with ONLY the integer. Nothing else. Output only the answer.,"This audio contains a single sustained musical note that may be slightly out of tune. Identify the NEAREST in-tune pitch (the closest standard musical note). What is the note name and octave? Reply with ONLY the note name in Scientific Pitch Notation (e.g. C4, F#3, Bb5). Nothing else. Output only the answer.","This audio contains a single sustained musical note that may be slightly out of tune. Identify the NEAREST in-tune pitch (the closest standard musical note). What is the solfege syllable and accidental (if needed) of this pitch? Use fixed-do (do=C, re=D, mi=E, fa=F, sol=G, la=A, si=B). Include sharps or flats when needed (e.g. do#, reb, fa#, sib). Do NOT include the octave. Reply with ONLY the syllable and accidental (if needed). Nothing else. Output only the answer.","This audio contains a single sustained musical note that may be slightly out of tune. Identify the NEAREST in-tune pitch (the closest standard musical note). What is the main pitch frequency, expressed in Hertz? Reply with ONLY a number (the frequency in Hz). Nothing else. Output only the answer."
5000,0.3094,sine,waveform,30,60,0,0,0,0,F#1,C2,0,0,0,fa#,sol,0,0,0,60,C2,sol,139.6,data/audio/pitchbench_a5_pitch_slightly_off/46p6hz_sine_5000ms.wav,46p6hz_sine_5000ms.wav,This audio contains a single sustained musical note that may be slightly out of tune. Identify the NEAREST in-tune pitch (the closest standard musical note). What is the MIDI note number (an integer from 0 to 127)? Reply with ONLY the integer. Nothing else. Output only the answer.,"This audio contains a single sustained musical note that may be slightly out of tune. Identify the NEAREST in-tune pitch (the closest standard musical note). What is the note name and octave? Reply with ONLY the note name in Scientific Pitch Notation (e.g. C4, F#3, Bb5). Nothing else. Output only the answer.","This audio contains a single sustained musical note that may be slightly out of tune. Identify the NEAREST in-tune pitch (the closest standard musical note). What is the solfege syllable and accidental (if needed) of this pitch? Use fixed-do (do=C, re=D, mi=E, fa=F, sol=G, la=A, si=B). Include sharps or flats when needed (e.g. do#, reb, fa#, sib). Do NOT include the octave. Reply with ONLY the syllable and accidental (if needed). Nothing else. Output only the answer.","This audio contains a single sustained musical note that may be slightly out of tune. Identify the NEAREST in-tune pitch (the closest standard musical note). What is the main pitch frequency, expressed in Hertz? Reply with ONLY a number (the frequency in Hz). Nothing else. Output only the answer."
5000,0.0,sine,waveform,30,48,0,0,0,0,F#1,C2,0,0,0,fa#,sol#,0,0,0,48,C2,sol#,1046.,data/audio/pitchbench_a5_pitch_slightly_off/46p2hz_sine_5000ms.wav,46p2hz_sine_5000ms.wav,This audio contains a single sustained musical note that may be slightly out of tune. Identify the NEAREST in-tune pitch (the closest standard musical note). What is the MIDI note number (an integer from 0 to 127)? Reply with ONLY the integer. Nothing else. Output only the answer.,"This audio contains a single sustained musical note that may be slightly out of tune. Identify the NEAREST in-tune pitch (the closest standard musical note). What is the note name and octave? Reply with ONLY the note name in Scientific Pitch Notation (e.g. C4, F#3, Bb5). Nothing else. Output only the answer.","This audio contains a single sustained musical note that may be slightly out of tune. Identify the NEAREST in-tune pitch (the closest standard musical note). What is the solfege syllable and accidental (if needed) of this pitch? Use fixed-do (do=C, re=D, mi=E, fa=F, sol=G, la=A, si=B). Include sharps or flats when needed (e.g. do#, reb, fa#, sib). Do NOT include the octave. Reply with ONLY the syllable and accidental (if needed). Nothing else. Output only the answer.","This audio contains a single sustained musical note that may be slightly out of tune. Identify the NEAREST in-tune pitch (the closest standard musical note). What is the main pitch frequency, expressed in Hertz? Reply with ONLY a number (the frequency in Hz). Nothing else. Output only the answer."
5000,0.6188,sine,waveform,30,60,0,0,0,0,F#1,D2,0,0,0,fa#,sol#,0,0,0,60,D2,sol#,130.8,data/audio/pitchbench_a5_pitch_slightly_off/46p9hz_sine_5000ms.wav,46p9hz_sine_5000ms.wav,This audio contains a single sustained musical note that may be slightly out of tune. Identify the NEAREST in-tune pitch (the closest standard musical note). What is the MIDI note number (an integer from 0 to 127)? Reply with ONLY the integer. Nothing else. Output only the answer.,"This audio contains a single sustained musical note that may be slightly out of tune. Identify the NEAREST in-tune pitch (the closest standard musical note). What is the note name and octave? Reply with ONLY the note name in Scientific Pitch Notation (e.g. C4, F#3, Bb5). Nothing else. Output only the answer.","This audio contains a single sustained musical note that may be slightly out of tune. Identify the NEAREST in-tune pitch (the closest standard musical note). What is the solfege syllable and accidental (if needed) of this pitch? Use fixed-do (do=C, re=D, mi=E, fa=F, sol=G, la=A, si=B). Include sharps or flats when needed (e.g. do#, reb, fa#, sib). Do NOT include the octave. Reply with ONLY the syllable and accidental (if needed). Nothing else. Output only the answer.","This audio contains a single sustained musical note that may be slightly out of tune. Identify the NEAREST in-tune pitch (the closest standard musical note). What is the main pitch frequency, expressed in Hertz? Reply with ONLY a number (the frequency in Hz). Nothing else. Output only the answer."
5000,0.0,sine,waveform,30,40,0,0,0,0,F#1,C2,0,0,0,fa#,,0,0,0,40,C2,audio analysis simulation*: Since I,1046.,data/audio/pitchbench_a5_pitch_slightly_off/46p2hz_sine_5000ms.wav,46p2hz_sine_5000ms.wav,This audio contains a single sustained musical note that may be slightly out of tune. Identify the NEAREST in-tune pitch (the closest standard musical note). What is the MIDI note number (an integer from 0 to 127)? Reply with ONLY the integer. Nothing else. Output only the answer.,"This audio contains a single sustained musical note that may be slightly out of tune. Identify the NEAREST in-tune pitch (the closest standard musical note). What is the note name and octave? Reply with ONLY the note name in Scientific Pitch Notation (e.g. C4, F#3, Bb5). Nothing else. Output only the answer.","This audio contains a single sustained musical note that may be slightly out of tune. Identify the NEAREST in-tune pitch (the closest standard musical note). What is the solfege syllable and accidental (if needed) of this pitch? Use fixed-do (do=C, re=D, mi=E, fa=F, sol=G, la=A, si=B). Include sharps or flats when needed (e.g. do#, reb, fa#, sib). Do NOT include the octave. Reply with ONLY the syllable and accidental (if needed). Nothing else. Output only the answer.","This audio contains a single sustained musical note that may be slightly out of tune. Identify the NEAREST in-tune pitch (the closest standard musical note). What is the main pitch frequency, expressed in Hertz? Reply with ONLY a number (the frequency in Hz). Nothing else. Output only the answer."
1000,-0.826,sine,waveform,36,31,0,0,0,0,C2,D2,0,0,1,do,do#,0,0,0,31,D2,"examples: do#, reb,",1046,data/audio/pitchbench_a5_pitch_slightly_off/64p6hz_sine_1000ms.wav,64p6hz_sine_1000ms.wav,This audio contains a single sustained musical note that may be slightly out of tune. Identify the NEAREST in-tune pitch (the closest standard musical note). What is the MIDI note number (an integer from 0 to 127)? Reply with ONLY the integer. Nothing else. Output only the answer.,"This audio contains a single sustained musical note that may be slightly out of tune. Identify the NEAREST in-tune pitch (the closest standard musical note). What is the note name and octave? Reply with ONLY the note name in Scientific Pitch Notation (e.g. C4, F#3, Bb5). Nothing else. Output only the answer.","This audio contains a single sustained musical note that may be slightly out of tune. Identify the NEAREST in-tune pitch (the closest standard musical note). What is the solfege syllable and accidental (if needed) of this pitch? Use fixed-do (do=C, re=D, mi=E, fa=F, sol=G, la=A, si=B). Include sharps or flats when needed (e.g. do#, reb, fa#, sib). Do NOT include the octave. Reply with ONLY the syllable and accidental (if needed). Nothing else. Output only the answer.","This audio contains a single sustained musical note that may be slightly out of tune. Identify the NEAREST in-tune pitch (the closest standard musical note). What is the main pitch frequency, expressed in Hertz? Reply with ONLY a number (the frequency in Hz). Nothing else. Output only the answer."
1000,0.0,sine,waveform,36,84,0,0,1,0,C2,C5,0,1,0,do,sol#,0,0,0,84,C5,sol#,130.81,data/audio/pitchbench_a5_pitch_slightly_off/65p4hz_sine_1000ms.wav,65p4hz_sine_1000ms.wav,This audio contains a single sustained musical note that may be slightly out of tune. Identify the NEAREST in-tune pitch (the closest standard musical note). What is the MIDI note number (an integer from 0 to 127)? Reply with ONLY the integer. Nothing else. Output only the answer.,"This audio contains a single sustained musical note that may be slightly out of tune. Identify the NEAREST in-tune pitch (the closest standard musical note). What is the note name and octave? Reply with ONLY the note name in Scientific Pitch Notation (e.g. C4, F#3, Bb5). Nothing else. Output only the answer.","This audio contains a single sustained musical note that may be slightly out of tune. Identify the NEAREST in-tune pitch (the closest standard musical note). What is the solfege syllable and accidental (if needed) of this pitch? Use fixed-do (do=C, re=D, mi=E, fa=F, sol=G, la=A, si=B). Include sharps or flats when needed (e.g. do#, reb, fa#, sib). Do NOT include the octave. Reply with ONLY the syllable and accidental (if needed). Nothing else. Output only the answer.","This audio contains a single sustained musical note that may be slightly out of tune. Identify the NEAREST in-tune pitch (the closest standard musical note). What is the main pitch frequency, expressed in Hertz? Reply with ONLY a number (the frequency in Hz). Nothing else. Output only the answer."
1000,3.5003,sine,waveform,60,31,0,0,0,0,C4,C2,0,1,0,do,do#,0,0,0,31,C2,"examples: do#, reb,",1046.,data/audio/pitchbench_a5_pitch_slightly_off/265p1hz_sine_1000ms.wav,265p1hz_sine_1000ms.wav,This audio contains a single sustained musical note that may be slightly out of tune. Identify the NEAREST in-tune pitch (the closest standard musical note). What is the MIDI note number (an integer from 0 to 127)? Reply with ONLY the integer. Nothing else. Output only the answer.,"This audio contains a single sustained musical note that may be slightly out of tune. Identify the NEAREST in-tune pitch (the closest standard musical note). What is the note name and octave? Reply with ONLY the note name in Scientific Pitch Notation (e.g. C4, F#3, Bb5). Nothing else. Output only the answer.","This audio contains a single sustained musical note that may be slightly out of tune. Identify the NEAREST in-tune pitch (the closest standard musical note). What is the solfege syllable and accidental (if needed) of this pitch? Use fixed-do (do=C, re=D, mi=E, fa=F, sol=G, la=A, si=B). Include sharps or flats when needed (e.g. do#, reb, fa#, sib). Do NOT include the octave. Reply with ONLY the syllable and accidental (if needed). Nothing else. Output only the answer.","This audio contains a single sustained musical note that may be slightly out of tune. Identify the NEAREST in-tune pitch (the closest standard musical note). What is the main pitch frequency, expressed in Hertz? Reply with ONLY a number (the frequency in Hz). Nothing else. Output only the answer."
1000,0.0,sine,waveform,60,101,0,0,0,0,C4,D2,0,0,0,do,sol#,0,0,0,101,D2,sol#,523,data/audio/pitchbench_a5_pitch_slightly_off/261p6hz_sine_1000ms.wav,261p6hz_sine_1000ms.wav,This audio contains a single sustained musical note that may be slightly out of tune. Identify the NEAREST in-tune pitch (the closest standard musical note). What is the MIDI note number (an integer from 0 to 127)? Reply with ONLY the integer. Nothing else. Output only the answer.,"This audio contains a single sustained musical note that may be slightly out of tune. Identify the NEAREST in-tune pitch (the closest standard musical note). What is the note name and octave? Reply with ONLY the note name in Scientific Pitch Notation (e.g. C4, F#3, Bb5). Nothing else. Output only the answer.","This audio contains a single sustained musical note that may be slightly out of tune. Identify the NEAREST in-tune pitch (the closest standard musical note). What is the solfege syllable and accidental (if needed) of this pitch? Use fixed-do (do=C, re=D, mi=E, fa=F, sol=G, la=A, si=B). Include sharps or flats when needed (e.g. do#, reb, fa#, sib). Do NOT include the octave. Reply with ONLY the syllable and accidental (if needed). Nothing else. Output only the answer.","This audio contains a single sustained musical note that may be slightly out of tune. Identify the NEAREST in-tune pitch (the closest standard musical note). What is the main pitch frequency, expressed in Hertz? Reply with ONLY a number (the frequency in Hz). Nothing else. Output only the answer."
1000,-4.1626,sine,waveform,64,66,0,0,0,1,E4,D2,0,0,0,mi,sol#,0,0,0,66,D2,sol#,1396.9,data/audio/pitchbench_a5_pitch_slightly_off/325p5hz_sine_1000ms.wav,325p5hz_sine_1000ms.wav,This audio contains a single sustained musical note that may be slightly out of tune. Identify the NEAREST in-tune pitch (the closest standard musical note). What is the MIDI note number (an integer from 0 to 127)? Reply with ONLY the integer. Nothing else. Output only the answer.,"This audio contains a single sustained musical note that may be slightly out of tune. Identify the NEAREST in-tune pitch (the closest standard musical note). What is the note name and octave? Reply with ONLY the note name in Scientific Pitch Notation (e.g. C4, F#3, Bb5). Nothing else. Output only the answer.","This audio contains a single sustained musical note that may be slightly out of tune. Identify the NEAREST in-tune pitch (the closest standard musical note). What is the solfege syllable and accidental (if needed) of this pitch? Use fixed-do (do=C, re=D, mi=E, fa=F, sol=G, la=A, si=B). Include sharps or flats when needed (e.g. do#, reb, fa#, sib). Do NOT include the octave. Reply with ONLY the syllable and accidental (if needed). Nothing else. Output only the answer.","This audio contains a single sustained musical note that may be slightly out of tune. Identify the NEAREST in-tune pitch (the closest standard musical note). What is the main pitch frequency, expressed in Hertz? Reply with ONLY a number (the frequency in Hz). Nothing else. Output only the answer."
1000,0.0,sine,waveform,64,83,0,0,0,0,E4,D6,0,0,0,mi,sol#,0,0,0,83,D6,sol#,1046.,data/audio/pitchbench_a5_pitch_slightly_off/329p6hz_sine_1000ms.wav,329p6hz_sine_1000ms.wav,This audio contains a single sustained musical note that may be slightly out of tune. Identify the NEAREST in-tune pitch (the closest standard musical note). What is the MIDI note number (an integer from 0 to 127)? Reply with ONLY the integer. Nothing else. Output only the answer.,"This audio contains a single sustained musical note that may be slightly out of tune. Identify the NEAREST in-tune pitch (the closest standard musical note). What is the note name and octave? Reply with ONLY the note name in Scientific Pitch Notation (e.g. C4, F#3, Bb5). Nothing else. Output only the answer.","This audio contains a single sustained musical note that may be slightly out of tune. Identify the NEAREST in-tune pitch (the closest standard musical note). What is the solfege syllable and accidental (if needed) of this pitch? Use fixed-do (do=C, re=D, mi=E, fa=F, sol=G, la=A, si=B). Include sharps or flats when needed (e.g. do#, reb, fa#, sib). Do NOT include the octave. Reply with ONLY the syllable and accidental (if needed). Nothing else. Output only the answer.","This audio contains a single sustained musical note that may be slightly out of tune. Identify the NEAREST in-tune pitch (the closest standard musical note). What is the main pitch frequency, expressed in Hertz? Reply with ONLY a number (the frequency in Hz). Nothing else. Output only the answer."
1000,4.4102,sine,waveform,64,85,0,0,0,0,E4,F#5,0,0,0,mi,do#,0,0,0,85,F#5,"examples: do#, reb,",1046.5,data/audio/pitchbench_a5_pitch_slightly_off/334p0hz_sine_1000ms.wav,334p0hz_sine_1000ms.wav,This audio contains a single sustained musical note that may be slightly out of tune. Identify the NEAREST in-tune pitch (the closest standard musical note). What is the MIDI note number (an integer from 0 to 127)? Reply with ONLY the integer. Nothing else. Output only the answer.,"This audio contains a single sustained musical note that may be slightly out of tune. Identify the NEAREST in-tune pitch (the closest standard musical note). What is the note name and octave? Reply with ONLY the note name in Scientific Pitch Notation (e.g. C4, F#3, Bb5). Nothing else. Output only the answer.","This audio contains a single sustained musical note that may be slightly out of tune. Identify the NEAREST in-tune pitch (the closest standard musical note). What is the solfege syllable and accidental (if needed) of this pitch? Use fixed-do (do=C, re=D, mi=E, fa=F, sol=G, la=A, si=B). Include sharps or flats when needed (e.g. do#, reb, fa#, sib). Do NOT include the octave. Reply with ONLY the syllable and accidental (if needed). Nothing else. Output only the answer.","This audio contains a single sustained musical note that may be slightly out of tune. Identify the NEAREST in-tune pitch (the closest standard musical note). What is the main pitch frequency, expressed in Hertz? Reply with ONLY a number (the frequency in Hz). Nothing else. Output only the answer."
1000,0.0,sine,waveform,64,85,0,0,0,0,E4,D6,0,0,0,mi,sol#,0,0,0,85,D6,sol#,1046.,data/audio/pitchbench_a5_pitch_slightly_off/329p6hz_sine_1000ms.wav,329p6hz_sine_1000ms.wav,This audio contains a single sustained musical note that may be slightly out of tune. Identify the NEAREST in-tune pitch (the closest standard musical note). What is the MIDI note number (an integer from 0 to 127)? Reply with ONLY the integer. Nothing else. Output only the answer.,"This audio contains a single sustained musical note that may be slightly out of tune. Identify the NEAREST in-tune pitch (the closest standard musical note). What is the note name and octave? Reply with ONLY the note name in Scientific Pitch Notation (e.g. C4, F#3, Bb5). Nothing else. Output only the answer.","This audio contains a single sustained musical note that may be slightly out of tune. Identify the NEAREST in-tune pitch (the closest standard musical note). What is the solfege syllable and accidental (if needed) of this pitch? Use fixed-do (do=C, re=D, mi=E, fa=F, sol=G, la=A, si=B). Include sharps or flats when needed (e.g. do#, reb, fa#, sib). Do NOT include the octave. Reply with ONLY the syllable and accidental (if needed). Nothing else. Output only the answer.","This audio contains a single sustained musical note that may be slightly out of tune. Identify the NEAREST in-tune pitch (the closest standard musical note). What is the main pitch frequency, expressed in Hertz? Reply with ONLY a number (the frequency in Hz). Nothing else. Output only the answer."
5000,-2.7782,sine,waveform,69,38,0,0,0,0,A4,F5,0,0,0,la,sol#,0,0,0,38,F5,sol#,130.,data/audio/pitchbench_a5_pitch_slightly_off/437p2hz_sine_5000ms.wav,437p2hz_sine_5000ms.wav,This audio contains a single sustained musical note that may be slightly out of tune. Identify the NEAREST in-tune pitch (the closest standard musical note). What is the MIDI note number (an integer from 0 to 127)? Reply with ONLY the integer. Nothing else. Output only the answer.,"This audio contains a single sustained musical note that may be slightly out of tune. Identify the NEAREST in-tune pitch (the closest standard musical note). What is the note name and octave? Reply with ONLY the note name in Scientific Pitch Notation (e.g. C4, F#3, Bb5). Nothing else. Output only the answer.","This audio contains a single sustained musical note that may be slightly out of tune. Identify the NEAREST in-tune pitch (the closest standard musical note). What is the solfege syllable and accidental (if needed) of this pitch? Use fixed-do (do=C, re=D, mi=E, fa=F, sol=G, la=A, si=B). Include sharps or flats when needed (e.g. do#, reb, fa#, sib). Do NOT include the octave. Reply with ONLY the syllable and accidental (if needed). Nothing else. Output only the answer.","This audio contains a single sustained musical note that may be slightly out of tune. Identify the NEAREST in-tune pitch (the closest standard musical note). What is the main pitch frequency, expressed in Hertz? Reply with ONLY a number (the frequency in Hz). Nothing else. Output only the answer."
5000,0.0,sine,waveform,69,41,0,0,0,0,A4,C5,0,0,0,la,sol#,0,0,0,41,C5,sol#,139.69,data/audio/pitchbench_a5_pitch_slightly_off/440p0hz_sine_5000ms.wav,440p0hz_sine_5000ms.wav,This audio contains a single sustained musical note that may be slightly out of tune. Identify the NEAREST in-tune pitch (the closest standard musical note). What is the MIDI note number (an integer from 0 to 127)? Reply with ONLY the integer. Nothing else. Output only the answer.,"This audio contains a single sustained musical note that may be slightly out of tune. Identify the NEAREST in-tune pitch (the closest standard musical note). What is the note name and octave? Reply with ONLY the note name in Scientific Pitch Notation (e.g. C4, F#3, Bb5). Nothing else. Output only the answer.","This audio contains a single sustained musical note that may be slightly out of tune. Identify the NEAREST in-tune pitch (the closest standard musical note). What is the solfege syllable and accidental (if needed) of this pitch? Use fixed-do (do=C, re=D, mi=E, fa=F, sol=G, la=A, si=B). Include sharps or flats when needed (e.g. do#, reb, fa#, sib). Do NOT include the octave. Reply with ONLY the syllable and accidental (if needed). Nothing else. Output only the answer.","This audio contains a single sustained musical note that may be slightly out of tune. Identify the NEAREST in-tune pitch (the closest standard musical note). What is the main pitch frequency, expressed in Hertz? Reply with ONLY a number (the frequency in Hz). Nothing else. Output only the answer."
5000,5.2446,sine,waveform,79,83,0,0,0,1,G5,C5,0,0,1,sol,sol#,0,0,0,83,C5,sol#,103.83,data/audio/pitchbench_a5_pitch_slightly_off/789p2hz_sine_5000ms.wav,789p2hz_sine_5000ms.wav,This audio contains a single sustained musical note that may be slightly out of tune. Identify the NEAREST in-tune pitch (the closest standard musical note). What is the MIDI note number (an integer from 0 to 127)? Reply with ONLY the integer. Nothing else. Output only the answer.,"This audio contains a single sustained musical note that may be slightly out of tune. Identify the NEAREST in-tune pitch (the closest standard musical note). What is the note name and octave? Reply with ONLY the note name in Scientific Pitch Notation (e.g. C4, F#3, Bb5). Nothing else. Output only the answer.","This audio contains a single sustained musical note that may be slightly out of tune. Identify the NEAREST in-tune pitch (the closest standard musical note). What is the solfege syllable and accidental (if needed) of this pitch? Use fixed-do (do=C, re=D, mi=E, fa=F, sol=G, la=A, si=B). Include sharps or flats when needed (e.g. do#, reb, fa#, sib). Do NOT include the octave. Reply with ONLY the syllable and accidental (if needed). Nothing else. Output only the answer.","This audio contains a single sustained musical note that may be slightly out of tune. Identify the NEAREST in-tune pitch (the closest standard musical note). What is the main pitch frequency, expressed in Hertz? Reply with ONLY a number (the frequency in Hz). Nothing else. Output only the answer."
5000,0.0,sine,waveform,79,40,0,0,0,0,G5,C6,0,0,0,sol,sol#,0,0,0,40,C6,sol#,1046.5,data/audio/pitchbench_a5_pitch_slightly_off/784p0hz_sine_5000ms.wav,784p0hz_sine_5000ms.wav,This audio contains a single sustained musical note that may be slightly out of tune. Identify the NEAREST in-tune pitch (the closest standard musical note). What is the MIDI note number (an integer from 0 to 127)? Reply with ONLY the integer. Nothing else. Output only the answer.,"This audio contains a single sustained musical note that may be slightly out of tune. Identify the NEAREST in-tune pitch (the closest standard musical note). What is the note name and octave? Reply with ONLY the note name in Scientific Pitch Notation (e.g. C4, F#3, Bb5). Nothing else. Output only the answer.","This audio contains a single sustained musical note that may be slightly out of tune. Identify the NEAREST in-tune pitch (the closest standard musical note). What is the solfege syllable and accidental (if needed) of this pitch? Use fixed-do (do=C, re=D, mi=E, fa=F, sol=G, la=A, si=B). Include sharps or flats when needed (e.g. do#, reb, fa#, sib). Do NOT include the octave. Reply with ONLY the syllable and accidental (if needed). Nothing else. Output only the answer.","This audio contains a single sustained musical note that may be slightly out of tune. Identify the NEAREST in-tune pitch (the closest standard musical note). What is the main pitch frequency, expressed in Hertz? Reply with ONLY a number (the frequency in Hz). Nothing else. Output only the answer."
1000,-16.6505,sine,waveform,88,83,0,0,0,0,E6,C5,0,0,0,mi,sol#,0,0,0,83,C5,sol#,104,data/audio/pitchbench_a5_pitch_slightly_off/1301p9hz_sine_1000ms.wav,1301p9hz_sine_1000ms.wav,This audio contains a single sustained musical note that may be slightly out of tune. Identify the NEAREST in-tune pitch (the closest standard musical note). What is the MIDI note number (an integer from 0 to 127)? Reply with ONLY the integer. Nothing else. Output only the answer.,"This audio contains a single sustained musical note that may be slightly out of tune. Identify the NEAREST in-tune pitch (the closest standard musical note). What is the note name and octave? Reply with ONLY the note name in Scientific Pitch Notation (e.g. C4, F#3, Bb5). Nothing else. Output only the answer.","This audio contains a single sustained musical note that may be slightly out of tune. Identify the NEAREST in-tune pitch (the closest standard musical note). What is the solfege syllable and accidental (if needed) of this pitch? Use fixed-do (do=C, re=D, mi=E, fa=F, sol=G, la=A, si=B). Include sharps or flats when needed (e.g. do#, reb, fa#, sib). Do NOT include the octave. Reply with ONLY the syllable and accidental (if needed). Nothing else. Output only the answer.","This audio contains a single sustained musical note that may be slightly out of tune. Identify the NEAREST in-tune pitch (the closest standard musical note). What is the main pitch frequency, expressed in Hertz? Reply with ONLY a number (the frequency in Hz). Nothing else. Output only the answer."
1000,0.0,sine,waveform,88,84,0,0,0,1,E6,C6,0,0,1,mi,sol#,0,0,0,84,C6,sol#,104,data/audio/pitchbench_a5_pitch_slightly_off/1318p5hz_sine_1000ms.wav,1318p5hz_sine_1000ms.wav,This audio contains a single sustained musical note that may be slightly out of tune. Identify the NEAREST in-tune pitch (the closest standard musical note). What is the MIDI note number (an integer from 0 to 127)? Reply with ONLY the integer. Nothing else. Output only the answer.,"This audio contains a single sustained musical note that may be slightly out of tune. Identify the NEAREST in-tune pitch (the closest standard musical note). What is the note name and octave? Reply with ONLY the note name in Scientific Pitch Notation (e.g. C4, F#3, Bb5). Nothing else. Output only the answer.","This audio contains a single sustained musical note that may be slightly out of tune. Identify the NEAREST in-tune pitch (the closest standard musical note). What is the solfege syllable and accidental (if needed) of this pitch? Use fixed-do (do=C, re=D, mi=E, fa=F, sol=G, la=A, si=B). Include sharps or flats when needed (e.g. do#, reb, fa#, sib). Do NOT include the octave. Reply with ONLY the syllable and accidental (if needed). Nothing else. Output only the answer.","This audio contains a single sustained musical note that may be slightly out of tune. Identify the NEAREST in-tune pitch (the closest standard musical note). What is the main pitch frequency, expressed in Hertz? Reply with ONLY a number (the frequency in Hz). Nothing else. Output only the answer."
1000,0.3094,sawtooth,waveform,30,60,0,0,0,0,F#1,C2,0,0,0,fa#,fa#,1,0,1,60,C2,solb,139.69,data/audio/pitchbench_a5_pitch_slightly_off/46p6hz_sawtooth_1000ms.wav,46p6hz_sawtooth_1000ms.wav,This audio contains a single sustained musical note that may be slightly out of tune. Identify the NEAREST in-tune pitch (the closest standard musical note). What is the MIDI note number (an integer from 0 to 127)? Reply with ONLY the integer. Nothing else. Output only the answer.,"This audio contains a single sustained musical note that may be slightly out of tune. Identify the NEAREST in-tune pitch (the closest standard musical note). What is the note name and octave? Reply with ONLY the note name in Scientific Pitch Notation (e.g. C4, F#3, Bb5). Nothing else. Output only the answer.","This audio contains a single sustained musical note that may be slightly out of tune. Identify the NEAREST in-tune pitch (the closest standard musical note). What is the solfege syllable and accidental (if needed) of this pitch? Use fixed-do (do=C, re=D, mi=E, fa=F, sol=G, la=A, si=B). Include sharps or flats when needed (e.g. do#, reb, fa#, sib). Do NOT include the octave. Reply with ONLY the syllable and accidental (if needed). Nothing else. Output only the answer.","This audio contains a single sustained musical note that may be slightly out of tune. Identify the NEAREST in-tune pitch (the closest standard musical note). What is the main pitch frequency, expressed in Hertz? Reply with ONLY a number (the frequency in Hz). Nothing else. Output only the answer."
1000,0.0,sawtooth,waveform,30,54,0,0,1,0,F#1,C2,0,0,0,fa#,sol#,0,0,0,54,C2,sol#,1396.,data/audio/pitchbench_a5_pitch_slightly_off/46p2hz_sawtooth_1000ms.wav,46p2hz_sawtooth_1000ms.wav,This audio contains a single sustained musical note that may be slightly out of tune. Identify the NEAREST in-tune pitch (the closest standard musical note). What is the MIDI note number (an integer from 0 to 127)? Reply with ONLY the integer. Nothing else. Output only the answer.,"This audio contains a single sustained musical note that may be slightly out of tune. Identify the NEAREST in-tune pitch (the closest standard musical note). What is the note name and octave? Reply with ONLY the note name in Scientific Pitch Notation (e.g. C4, F#3, Bb5). Nothing else. Output only the answer.","This audio contains a single sustained musical note that may be slightly out of tune. Identify the NEAREST in-tune pitch (the closest standard musical note). What is the solfege syllable and accidental (if needed) of this pitch? Use fixed-do (do=C, re=D, mi=E, fa=F, sol=G, la=A, si=B). Include sharps or flats when needed (e.g. do#, reb, fa#, sib). Do NOT include the octave. Reply with ONLY the syllable and accidental (if needed). Nothing else. Output only the answer.","This audio contains a single sustained musical note that may be slightly out of tune. Identify the NEAREST in-tune pitch (the closest standard musical note). What is the main pitch frequency, expressed in Hertz? Reply with ONLY a number (the frequency in Hz). Nothing else. Output only the answer."
1000,-0.6188,sawtooth,waveform,43,36,0,0,0,1,G2,C5,0,0,0,sol,do#,0,0,0,36,C5,"examples: do#, reb,",1046.5,data/audio/pitchbench_a5_pitch_slightly_off/97p4hz_sawtooth_1000ms.wav,97p4hz_sawtooth_1000ms.wav,This audio contains a single sustained musical note that may be slightly out of tune. Identify the NEAREST in-tune pitch (the closest standard musical note). What is the MIDI note number (an integer from 0 to 127)? Reply with ONLY the integer. Nothing else. Output only the answer.,"This audio contains a single sustained musical note that may be slightly out of tune. Identify the NEAREST in-tune pitch (the closest standard musical note). What is the note name and octave? Reply with ONLY the note name in Scientific Pitch Notation (e.g. C4, F#3, Bb5). Nothing else. Output only the answer.","This audio contains a single sustained musical note that may be slightly out of tune. Identify the NEAREST in-tune pitch (the closest standard musical note). What is the solfege syllable and accidental (if needed) of this pitch? Use fixed-do (do=C, re=D, mi=E, fa=F, sol=G, la=A, si=B). Include sharps or flats when needed (e.g. do#, reb, fa#, sib). Do NOT include the octave. Reply with ONLY the syllable and accidental (if needed). Nothing else. Output only the answer.","This audio contains a single sustained musical note that may be slightly out of tune. Identify the NEAREST in-tune pitch (the closest standard musical note). What is the main pitch frequency, expressed in Hertz? Reply with ONLY a number (the frequency in Hz). Nothing else. Output only the answer."
1000,0.0,sawtooth,waveform,43,85,0,0,0,0,G2,F#4,0,0,0,sol,sol#,0,0,0,85,F#4,sol#,139,data/audio/pitchbench_a5_pitch_slightly_off/98p0hz_sawtooth_1000ms.wav,98p0hz_sawtooth_1000ms.wav,This audio contains a single sustained musical note that may be slightly out of tune. Identify the NEAREST in-tune pitch (the closest standard musical note). What is the MIDI note number (an integer from 0 to 127)? Reply with ONLY the integer. Nothing else. Output only the answer.,"This audio contains a single sustained musical note that may be slightly out of tune. Identify the NEAREST in-tune pitch (the closest standard musical note). What is the note name and octave? Reply with ONLY the note name in Scientific Pitch Notation (e.g. C4, F#3, Bb5). Nothing else. Output only the answer.","This audio contains a single sustained musical note that may be slightly out of tune. Identify the NEAREST in-tune pitch (the closest standard musical note). What is the solfege syllable and accidental (if needed) of this pitch? Use fixed-do (do=C, re=D, mi=E, fa=F, sol=G, la=A, si=B). Include sharps or flats when needed (e.g. do#, reb, fa#, sib). Do NOT include the octave. Reply with ONLY the syllable and accidental (if needed). Nothing else. Output only the answer.","This audio contains a single sustained musical note that may be slightly out of tune. Identify the NEAREST in-tune pitch (the closest standard musical note). What is the main pitch frequency, expressed in Hertz? Reply with ONLY a number (the frequency in Hz). Nothing else. Output only the answer."
1000,0.6556,sawtooth,waveform,43,71,0,0,0,0,G2,C2,0,0,1,sol,,0,0,0,71,C2,This audio contains,130.8,data/audio/pitchbench_a5_pitch_slightly_off/98p7hz_sawtooth_1000ms.wav,98p7hz_sawtooth_1000ms.wav,This audio contains a single sustained musical note that may be slightly out of tune. Identify the NEAREST in-tune pitch (the closest standard musical note). What is the MIDI note number (an integer from 0 to 127)? Reply with ONLY the integer. Nothing else. Output only the answer.,"This audio contains a single sustained musical note that may be slightly out of tune. Identify the NEAREST in-tune pitch (the closest standard musical note). What is the note name and octave? Reply with ONLY the note name in Scientific Pitch Notation (e.g. C4, F#3, Bb5). Nothing else. Output only the answer.","This audio contains a single sustained musical note that may be slightly out of tune. Identify the NEAREST in-tune pitch (the closest standard musical note). What is the solfege syllable and accidental (if needed) of this pitch? Use fixed-do (do=C, re=D, mi=E, fa=F, sol=G, la=A, si=B). Include sharps or flats when needed (e.g. do#, reb, fa#, sib). Do NOT include the octave. Reply with ONLY the syllable and accidental (if needed). Nothing else. Output only the answer.","This audio contains a single sustained musical note that may be slightly out of tune. Identify the NEAREST in-tune pitch (the closest standard musical note). What is the main pitch frequency, expressed in Hertz? Reply with ONLY a number (the frequency in Hz). Nothing else. Output only the answer."
1000,0.0,sawtooth,waveform,43,85,0,0,0,0,G2,,0,0,0,sol,,0,0,0,85,F#,* (Since I am,139.69,data/audio/pitchbench_a5_pitch_slightly_off/98p0hz_sawtooth_1000ms.wav,98p0hz_sawtooth_1000ms.wav,This audio contains a single sustained musical note that may be slightly out of tune. Identify the NEAREST in-tune pitch (the closest standard musical note). What is the MIDI note number (an integer from 0 to 127)? Reply with ONLY the integer. Nothing else. Output only the answer.,"This audio contains a single sustained musical note that may be slightly out of tune. Identify the NEAREST in-tune pitch (the closest standard musical note). What is the note name and octave? Reply with ONLY the note name in Scientific Pitch Notation (e.g. C4, F#3, Bb5). Nothing else. Output only the answer.","This audio contains a single sustained musical note that may be slightly out of tune. Identify the NEAREST in-tune pitch (the closest standard musical note). What is the solfege syllable and accidental (if needed) of this pitch? Use fixed-do (do=C, re=D, mi=E, fa=F, sol=G, la=A, si=B). Include sharps or flats when needed (e.g. do#, reb, fa#, sib). Do NOT include the octave. Reply with ONLY the syllable and accidental (if needed). Nothing else. Output only the answer.","This audio contains a single sustained musical note that may be slightly out of tune. Identify the NEAREST in-tune pitch (the closest standard musical note). What is the main pitch frequency, expressed in Hertz? Reply with ONLY a number (the frequency in Hz). Nothing else. Output only the answer."
1000,1.7502,sawtooth,waveform,48,85,0,0,0,0,C3,C6,0,1,0,do,sol#,0,0,0,85,C6,sol#,104,data/audio/pitchbench_a5_pitch_slightly_off/132p6hz_sawtooth_1000ms.wav,132p6hz_sawtooth_1000ms.wav,This audio contains a single sustained musical note that may be slightly out of tune. Identify the NEAREST in-tune pitch (the closest standard musical note). What is the MIDI note number (an integer from 0 to 127)? Reply with ONLY the integer. Nothing else. Output only the answer.,"This audio contains a single sustained musical note that may be slightly out of tune. Identify the NEAREST in-tune pitch (the closest standard musical note). What is the note name and octave? Reply with ONLY the note name in Scientific Pitch Notation (e.g. C4, F#3, Bb5). Nothing else. Output only the answer.","This audio contains a single sustained musical note that may be slightly out of tune. Identify the NEAREST in-tune pitch (the closest standard musical note). What is the solfege syllable and accidental (if needed) of this pitch? Use fixed-do (do=C, re=D, mi=E, fa=F, sol=G, la=A, si=B). Include sharps or flats when needed (e.g. do#, reb, fa#, sib). Do NOT include the octave. Reply with ONLY the syllable and accidental (if needed). Nothing else. Output only the answer.","This audio contains a single sustained musical note that may be slightly out of tune. Identify the NEAREST in-tune pitch (the closest standard musical note). What is the main pitch frequency, expressed in Hertz? Reply with ONLY a number (the frequency in Hz). Nothing else. Output only the answer."
1000,0.0,sawtooth,waveform,48,85,0,0,0,0,C3,F#5,0,0,0,do,sol#,0,0,0,85,F#5,sol#,139.69,data/audio/pitchbench_a5_pitch_slightly_off/130p8hz_sawtooth_1000ms.wav,130p8hz_sawtooth_1000ms.wav,This audio contains a single sustained musical note that may be slightly out of tune. Identify the NEAREST in-tune pitch (the closest standard musical note). What is the MIDI note number (an integer from 0 to 127)? Reply with ONLY the integer. Nothing else. Output only the answer.,"This audio contains a single sustained musical note that may be slightly out of tune. Identify the NEAREST in-tune pitch (the closest standard musical note). What is the note name and octave? Reply with ONLY the note name in Scientific Pitch Notation (e.g. C4, F#3, Bb5). Nothing else. Output only the answer.","This audio contains a single sustained musical note that may be slightly out of tune. Identify the NEAREST in-tune pitch (the closest standard musical note). What is the solfege syllable and accidental (if needed) of this pitch? Use fixed-do (do=C, re=D, mi=E, fa=F, sol=G, la=A, si=B). Include sharps or flats when needed (e.g. do#, reb, fa#, sib). Do NOT include the octave. Reply with ONLY the syllable and accidental (if needed). Nothing else. Output only the answer.","This audio contains a single sustained musical note that may be slightly out of tune. Identify the NEAREST in-tune pitch (the closest standard musical note). What is the main pitch frequency, expressed in Hertz? Reply with ONLY a number (the frequency in Hz). Nothing else. Output only the answer."
5000,1.7502,sawtooth,waveform,48,67,0,0,0,0,C3,G2,0,0,0,do,sol#,0,0,0,67,G2,sol#,139.6,data/audio/pitchbench_a5_pitch_slightly_off/132p6hz_sawtooth_5000ms.wav,132p6hz_sawtooth_5000ms.wav,This audio contains a single sustained musical note that may be slightly out of tune. Identify the NEAREST in-tune pitch (the closest standard musical note). What is the MIDI note number (an integer from 0 to 127)? Reply with ONLY the integer. Nothing else. Output only the answer.,"This audio contains a single sustained musical note that may be slightly out of tune. Identify the NEAREST in-tune pitch (the closest standard musical note). What is the note name and octave? Reply with ONLY the note name in Scientific Pitch Notation (e.g. C4, F#3, Bb5). Nothing else. Output only the answer.","This audio contains a single sustained musical note that may be slightly out of tune. Identify the NEAREST in-tune pitch (the closest standard musical note). What is the solfege syllable and accidental (if needed) of this pitch? Use fixed-do (do=C, re=D, mi=E, fa=F, sol=G, la=A, si=B). Include sharps or flats when needed (e.g. do#, reb, fa#, sib). Do NOT include the octave. Reply with ONLY the syllable and accidental (if needed). Nothing else. Output only the answer.","This audio contains a single sustained musical note that may be slightly out of tune. Identify the NEAREST in-tune pitch (the closest standard musical note). What is the main pitch frequency, expressed in Hertz? Reply with ONLY a number (the frequency in Hz). Nothing else. Output only the answer."
5000,0.0,sawtooth,waveform,48,60,0,0,1,0,C3,D2,0,0,0,do,sol#,0,1,1,60,D2,sol#,130,data/audio/pitchbench_a5_pitch_slightly_off/130p8hz_sawtooth_5000ms.wav,130p8hz_sawtooth_5000ms.wav,This audio contains a single sustained musical note that may be slightly out of tune. Identify the NEAREST in-tune pitch (the closest standard musical note). What is the MIDI note number (an integer from 0 to 127)? Reply with ONLY the integer. Nothing else. Output only the answer.,"This audio contains a single sustained musical note that may be slightly out of tune. Identify the NEAREST in-tune pitch (the closest standard musical note). What is the note name and octave? Reply with ONLY the note name in Scientific Pitch Notation (e.g. C4, F#3, Bb5). Nothing else. Output only the answer.","This audio contains a single sustained musical note that may be slightly out of tune. Identify the NEAREST in-tune pitch (the closest standard musical note). What is the solfege syllable and accidental (if needed) of this pitch? Use fixed-do (do=C, re=D, mi=E, fa=F, sol=G, la=A, si=B). Include sharps or flats when needed (e.g. do#, reb, fa#, sib). Do NOT include the octave. Reply with ONLY the syllable and accidental (if needed). Nothing else. Output only the answer.","This audio contains a single sustained musical note that may be slightly out of tune. Identify the NEAREST in-tune pitch (the closest standard musical note). What is the main pitch frequency, expressed in Hertz? Reply with ONLY a number (the frequency in Hz). Nothing else. Output only the answer."
5000,-3.3039,sawtooth,waveform,60,84,0,0,1,0,C4,F5,0,0,0,do,sol#,0,0,0,84,F5,sol#,1046.5,data/audio/pitchbench_a5_pitch_slightly_off/258p3hz_sawtooth_5000ms.wav,258p3hz_sawtooth_5000ms.wav,This audio contains a single sustained musical note that may be slightly out of tune. Identify the NEAREST in-tune pitch (the closest standard musical note). What is the MIDI note number (an integer from 0 to 127)? Reply with ONLY the integer. Nothing else. Output only the answer.,"This audio contains a single sustained musical note that may be slightly out of tune. Identify the NEAREST in-tune pitch (the closest standard musical note). What is the note name and octave? Reply with ONLY the note name in Scientific Pitch Notation (e.g. C4, F#3, Bb5). Nothing else. Output only the answer.","This audio contains a single sustained musical note that may be slightly out of tune. Identify the NEAREST in-tune pitch (the closest standard musical note). What is the solfege syllable and accidental (if needed) of this pitch? Use fixed-do (do=C, re=D, mi=E, fa=F, sol=G, la=A, si=B). Include sharps or flats when needed (e.g. do#, reb, fa#, sib). Do NOT include the octave. Reply with ONLY the syllable and accidental (if needed). Nothing else. Output only the answer.","This audio contains a single sustained musical note that may be slightly out of tune. Identify the NEAREST in-tune pitch (the closest standard musical note). What is the main pitch frequency, expressed in Hertz? Reply with ONLY a number (the frequency in Hz). Nothing else. Output only the answer."
5000,0.0,sawtooth,waveform,60,83,0,0,0,0,C4,F#4,0,0,1,do,,0,0,0,83,F#4,This is a simulated,1046.5,data/audio/pitchbench_a5_pitch_slightly_off/261p6hz_sawtooth_5000ms.wav,261p6hz_sawtooth_5000ms.wav,This audio contains a single sustained musical note that may be slightly out of tune. Identify the NEAREST in-tune pitch (the closest standard musical note). What is the MIDI note number (an integer from 0 to 127)? Reply with ONLY the integer. Nothing else. Output only the answer.,"This audio contains a single sustained musical note that may be slightly out of tune. Identify the NEAREST in-tune pitch (the closest standard musical note). What is the note name and octave? Reply with ONLY the note name in Scientific Pitch Notation (e.g. C4, F#3, Bb5). Nothing else. Output only the answer.","This audio contains a single sustained musical note that may be slightly out of tune. Identify the NEAREST in-tune pitch (the closest standard musical note). What is the solfege syllable and accidental (if needed) of this pitch? Use fixed-do (do=C, re=D, mi=E, fa=F, sol=G, la=A, si=B). Include sharps or flats when needed (e.g. do#, reb, fa#, sib). Do NOT include the octave. Reply with ONLY the syllable and accidental (if needed). Nothing else. Output only the answer.","This audio contains a single sustained musical note that may be slightly out of tune. Identify the NEAREST in-tune pitch (the closest standard musical note). What is the main pitch frequency, expressed in Hertz? Reply with ONLY a number (the frequency in Hz). Nothing else. Output only the answer."
5000,-5.5564,sawtooth,waveform,69,83,0,0,0,0,A4,D5,0,0,0,la,,0,0,0,83,D5,audio analysis simulation*: Since,1046.5,data/audio/pitchbench_a5_pitch_slightly_off/434p4hz_sawtooth_5000ms.wav,434p4hz_sawtooth_5000ms.wav,This audio contains a single sustained musical note that may be slightly out of tune. Identify the NEAREST in-tune pitch (the closest standard musical note). What is the MIDI note number (an integer from 0 to 127)? Reply with ONLY the integer. Nothing else. Output only the answer.,"This audio contains a single sustained musical note that may be slightly out of tune. Identify the NEAREST in-tune pitch (the closest standard musical note). What is the note name and octave? Reply with ONLY the note name in Scientific Pitch Notation (e.g. C4, F#3, Bb5). Nothing else. Output only the answer.","This audio contains a single sustained musical note that may be slightly out of tune. Identify the NEAREST in-tune pitch (the closest standard musical note). What is the solfege syllable and accidental (if needed) of this pitch? Use fixed-do (do=C, re=D, mi=E, fa=F, sol=G, la=A, si=B). Include sharps or flats when needed (e.g. do#, reb, fa#, sib). Do NOT include the octave. Reply with ONLY the syllable and accidental (if needed). Nothing else. Output only the answer.","This audio contains a single sustained musical note that may be slightly out of tune. Identify the NEAREST in-tune pitch (the closest standard musical note). What is the main pitch frequency, expressed in Hertz? Reply with ONLY a number (the frequency in Hz). Nothing else. Output only the answer."
5000,0.0,sawtooth,waveform,69,107,0,0,0,0,A4,D6,0,0,0,la,sol#,0,0,0,107,D6,sol#,1046,data/audio/pitchbench_a5_pitch_slightly_off/440p0hz_sawtooth_5000ms.wav,440p0hz_sawtooth_5000ms.wav,This audio contains a single sustained musical note that may be slightly out of tune. Identify the NEAREST in-tune pitch (the closest standard musical note). What is the MIDI note number (an integer from 0 to 127)? Reply with ONLY the integer. Nothing else. Output only the answer.,"This audio contains a single sustained musical note that may be slightly out of tune. Identify the NEAREST in-tune pitch (the closest standard musical note). What is the note name and octave? Reply with ONLY the note name in Scientific Pitch Notation (e.g. C4, F#3, Bb5). Nothing else. Output only the answer.","This audio contains a single sustained musical note that may be slightly out of tune. Identify the NEAREST in-tune pitch (the closest standard musical note). What is the solfege syllable and accidental (if needed) of this pitch? Use fixed-do (do=C, re=D, mi=E, fa=F, sol=G, la=A, si=B). Include sharps or flats when needed (e.g. do#, reb, fa#, sib). Do NOT include the octave. Reply with ONLY the syllable and accidental (if needed). Nothing else. Output only the answer.","This audio contains a single sustained musical note that may be slightly out of tune. Identify the NEAREST in-tune pitch (the closest standard musical note). What is the main pitch frequency, expressed in Hertz? Reply with ONLY a number (the frequency in Hz). Nothing else. Output only the answer."
1000,-8.3253,sawtooth,waveform,88,83,0,0,0,0,E6,C6,0,0,1,mi,sol#,0,0,0,83,C6,sol#,1046,data/audio/pitchbench_a5_pitch_slightly_off/1310p2hz_sawtooth_1000ms.wav,1310p2hz_sawtooth_1000ms.wav,This audio contains a single sustained musical note that may be slightly out of tune. Identify the NEAREST in-tune pitch (the closest standard musical note). What is the MIDI note number (an integer from 0 to 127)? Reply with ONLY the integer. Nothing else. Output only the answer.,"This audio contains a single sustained musical note that may be slightly out of tune. Identify the NEAREST in-tune pitch (the closest standard musical note). What is the note name and octave? Reply with ONLY the note name in Scientific Pitch Notation (e.g. C4, F#3, Bb5). Nothing else. Output only the answer.","This audio contains a single sustained musical note that may be slightly out of tune. Identify the NEAREST in-tune pitch (the closest standard musical note). What is the solfege syllable and accidental (if needed) of this pitch? Use fixed-do (do=C, re=D, mi=E, fa=F, sol=G, la=A, si=B). Include sharps or flats when needed (e.g. do#, reb, fa#, sib). Do NOT include the octave. Reply with ONLY the syllable and accidental (if needed). Nothing else. Output only the answer.","This audio contains a single sustained musical note that may be slightly out of tune. Identify the NEAREST in-tune pitch (the closest standard musical note). What is the main pitch frequency, expressed in Hertz? Reply with ONLY a number (the frequency in Hz). Nothing else. Output only the answer."
1000,0.0,sawtooth,waveform,88,89,0,1,0,1,E6,F#6,0,0,1,mi,,0,0,0,89,F#6,constraint:* I cannot actually,1046.5,data/audio/pitchbench_a5_pitch_slightly_off/1318p5hz_sawtooth_1000ms.wav,1318p5hz_sawtooth_1000ms.wav,This audio contains a single sustained musical note that may be slightly out of tune. Identify the NEAREST in-tune pitch (the closest standard musical note). What is the MIDI note number (an integer from 0 to 127)? Reply with ONLY the integer. Nothing else. Output only the answer.,"This audio contains a single sustained musical note that may be slightly out of tune. Identify the NEAREST in-tune pitch (the closest standard musical note). What is the note name and octave? Reply with ONLY the note name in Scientific Pitch Notation (e.g. C4, F#3, Bb5). Nothing else. Output only the answer.","This audio contains a single sustained musical note that may be slightly out of tune. Identify the NEAREST in-tune pitch (the closest standard musical note). What is the solfege syllable and accidental (if needed) of this pitch? Use fixed-do (do=C, re=D, mi=E, fa=F, sol=G, la=A, si=B). Include sharps or flats when needed (e.g. do#, reb, fa#, sib). Do NOT include the octave. Reply with ONLY the syllable and accidental (if needed). Nothing else. Output only the answer.","This audio contains a single sustained musical note that may be slightly out of tune. Identify the NEAREST in-tune pitch (the closest standard musical note). What is the main pitch frequency, expressed in Hertz? Reply with ONLY a number (the frequency in Hz). Nothing else. Output only the answer."
5000,-16.6505,sawtooth,waveform,88,85,0,0,0,1,E6,B5,0,0,0,mi,sol#,0,0,0,85,B5,sol#,1046.,data/audio/pitchbench_a5_pitch_slightly_off/1301p9hz_sawtooth_5000ms.wav,1301p9hz_sawtooth_5000ms.wav,This audio contains a single sustained musical note that may be slightly out of tune. Identify the NEAREST in-tune pitch (the closest standard musical note). What is the MIDI note number (an integer from 0 to 127)? Reply with ONLY the integer. Nothing else. Output only the answer.,"This audio contains a single sustained musical note that may be slightly out of tune. Identify the NEAREST in-tune pitch (the closest standard musical note). What is the note name and octave? Reply with ONLY the note name in Scientific Pitch Notation (e.g. C4, F#3, Bb5). Nothing else. Output only the answer.","This audio contains a single sustained musical note that may be slightly out of tune. Identify the NEAREST in-tune pitch (the closest standard musical note). What is the solfege syllable and accidental (if needed) of this pitch? Use fixed-do (do=C, re=D, mi=E, fa=F, sol=G, la=A, si=B). Include sharps or flats when needed (e.g. do#, reb, fa#, sib). Do NOT include the octave. Reply with ONLY the syllable and accidental (if needed). Nothing else. Output only the answer.","This audio contains a single sustained musical note that may be slightly out of tune. Identify the NEAREST in-tune pitch (the closest standard musical note). What is the main pitch frequency, expressed in Hertz? Reply with ONLY a number (the frequency in Hz). Nothing else. Output only the answer."
5000,0.0,sawtooth,waveform,88,101,0,0,0,0,E6,C6,0,0,1,mi,fa,0,0,0,101,C6,fa,1046.,data/audio/pitchbench_a5_pitch_slightly_off/1318p5hz_sawtooth_5000ms.wav,1318p5hz_sawtooth_5000ms.wav,This audio contains a single sustained musical note that may be slightly out of tune. Identify the NEAREST in-tune pitch (the closest standard musical note). What is the MIDI note number (an integer from 0 to 127)? Reply with ONLY the integer. Nothing else. Output only the answer.,"This audio contains a single sustained musical note that may be slightly out of tune. Identify the NEAREST in-tune pitch (the closest standard musical note). What is the note name and octave? Reply with ONLY the note name in Scientific Pitch Notation (e.g. C4, F#3, Bb5). Nothing else. Output only the answer.","This audio contains a single sustained musical note that may be slightly out of tune. Identify the NEAREST in-tune pitch (the closest standard musical note). What is the solfege syllable and accidental (if needed) of this pitch? Use fixed-do (do=C, re=D, mi=E, fa=F, sol=G, la=A, si=B). Include sharps or flats when needed (e.g. do#, reb, fa#, sib). Do NOT include the octave. Reply with ONLY the syllable and accidental (if needed). Nothing else. Output only the answer.","This audio contains a single sustained musical note that may be slightly out of tune. Identify the NEAREST in-tune pitch (the closest standard musical note). What is the main pitch frequency, expressed in Hertz? Reply with ONLY a number (the frequency in Hz). Nothing else. Output only the answer."
5000,-0.584,square,waveform,30,28,0,0,0,1,F#1,D#4,0,0,0,fa#,sol#,0,0,0,28,D#4,sol#,65.41,data/audio/pitchbench_a5_pitch_slightly_off/45p7hz_square_5000ms.wav,45p7hz_square_5000ms.wav,This audio contains a single sustained musical note that may be slightly out of tune. Identify the NEAREST in-tune pitch (the closest standard musical note). What is the MIDI note number (an integer from 0 to 127)? Reply with ONLY the integer. Nothing else. Output only the answer.,"This audio contains a single sustained musical note that may be slightly out of tune. Identify the NEAREST in-tune pitch (the closest standard musical note). What is the note name and octave? Reply with ONLY the note name in Scientific Pitch Notation (e.g. C4, F#3, Bb5). Nothing else. Output only the answer.","This audio contains a single sustained musical note that may be slightly out of tune. Identify the NEAREST in-tune pitch (the closest standard musical note). What is the solfege syllable and accidental (if needed) of this pitch? Use fixed-do (do=C, re=D, mi=E, fa=F, sol=G, la=A, si=B). Include sharps or flats when needed (e.g. do#, reb, fa#, sib). Do NOT include the octave. Reply with ONLY the syllable and accidental (if needed). Nothing else. Output only the answer.","This audio contains a single sustained musical note that may be slightly out of tune. Identify the NEAREST in-tune pitch (the closest standard musical note). What is the main pitch frequency, expressed in Hertz? Reply with ONLY a number (the frequency in Hz). Nothing else. Output only the answer."
5000,0.0,square,waveform,30,62,0,0,0,0,F#1,,0,0,0,fa#,sol#,0,0,0,62,F,sol#,139.6,data/audio/pitchbench_a5_pitch_slightly_off/46p2hz_square_5000ms.wav,46p2hz_square_5000ms.wav,This audio contains a single sustained musical note that may be slightly out of tune. Identify the NEAREST in-tune pitch (the closest standard musical note). What is the MIDI note number (an integer from 0 to 127)? Reply with ONLY the integer. Nothing else. Output only the answer.,"This audio contains a single sustained musical note that may be slightly out of tune. Identify the NEAREST in-tune pitch (the closest standard musical note). What is the note name and octave? Reply with ONLY the note name in Scientific Pitch Notation (e.g. C4, F#3, Bb5). Nothing else. Output only the answer.","This audio contains a single sustained musical note that may be slightly out of tune. Identify the NEAREST in-tune pitch (the closest standard musical note). What is the solfege syllable and accidental (if needed) of this pitch? Use fixed-do (do=C, re=D, mi=E, fa=F, sol=G, la=A, si=B). Include sharps or flats when needed (e.g. do#, reb, fa#, sib). Do NOT include the octave. Reply with ONLY the syllable and accidental (if needed). Nothing else. Output only the answer.","This audio contains a single sustained musical note that may be slightly out of tune. Identify the NEAREST in-tune pitch (the closest standard musical note). What is the main pitch frequency, expressed in Hertz? Reply with ONLY a number (the frequency in Hz). Nothing else. Output only the answer."
5000,0.3094,square,waveform,30,31,0,1,0,1,F#1,F2,0,0,0,fa#,sol#,0,0,0,31,F2,sol#,65.41,data/audio/pitchbench_a5_pitch_slightly_off/46p6hz_square_5000ms.wav,46p6hz_square_5000ms.wav,This audio contains a single sustained musical note that may be slightly out of tune. Identify the NEAREST in-tune pitch (the closest standard musical note). What is the MIDI note number (an integer from 0 to 127)? Reply with ONLY the integer. Nothing else. Output only the answer.,"This audio contains a single sustained musical note that may be slightly out of tune. Identify the NEAREST in-tune pitch (the closest standard musical note). What is the note name and octave? Reply with ONLY the note name in Scientific Pitch Notation (e.g. C4, F#3, Bb5). Nothing else. Output only the answer.","This audio contains a single sustained musical note that may be slightly out of tune. Identify the NEAREST in-tune pitch (the closest standard musical note). What is the solfege syllable and accidental (if needed) of this pitch? Use fixed-do (do=C, re=D, mi=E, fa=F, sol=G, la=A, si=B). Include sharps or flats when needed (e.g. do#, reb, fa#, sib). Do NOT include the octave. Reply with ONLY the syllable and accidental (if needed). Nothing else. Output only the answer.","This audio contains a single sustained musical note that may be slightly out of tune. Identify the NEAREST in-tune pitch (the closest standard musical note). What is the main pitch frequency, expressed in Hertz? Reply with ONLY a number (the frequency in Hz). Nothing else. Output only the answer."
5000,0.0,square,waveform,30,40,0,0,0,0,F#1,D2,0,0,0,fa#,sol#,0,0,0,40,D2,sol#,139.6,data/audio/pitchbench_a5_pitch_slightly_off/46p2hz_square_5000ms.wav,46p2hz_square_5000ms.wav,This audio contains a single sustained musical note that may be slightly out of tune. Identify the NEAREST in-tune pitch (the closest standard musical note). What is the MIDI note number (an integer from 0 to 127)? Reply with ONLY the integer. Nothing else. Output only the answer.,"This audio contains a single sustained musical note that may be slightly out of tune. Identify the NEAREST in-tune pitch (the closest standard musical note). What is the note name and octave? Reply with ONLY the note name in Scientific Pitch Notation (e.g. C4, F#3, Bb5). Nothing else. Output only the answer.","This audio contains a single sustained musical note that may be slightly out of tune. Identify the NEAREST in-tune pitch (the closest standard musical note). What is the solfege syllable and accidental (if needed) of this pitch? Use fixed-do (do=C, re=D, mi=E, fa=F, sol=G, la=A, si=B). Include sharps or flats when needed (e.g. do#, reb, fa#, sib). Do NOT include the octave. Reply with ONLY the syllable and accidental (if needed). Nothing else. Output only the answer.","This audio contains a single sustained musical note that may be slightly out of tune. Identify the NEAREST in-tune pitch (the closest standard musical note). What is the main pitch frequency, expressed in Hertz? Reply with ONLY a number (the frequency in Hz). Nothing else. Output only the answer."
5000,0.8751,square,waveform,36,6,0,0,0,0,C2,,0,0,0,do,sol#,0,0,0,6,F,sol#,1046.,data/audio/pitchbench_a5_pitch_slightly_off/66p3hz_square_5000ms.wav,66p3hz_square_5000ms.wav,This audio contains a single sustained musical note that may be slightly out of tune. Identify the NEAREST in-tune pitch (the closest standard musical note). What is the MIDI note number (an integer from 0 to 127)? Reply with ONLY the integer. Nothing else. Output only the answer.,"This audio contains a single sustained musical note that may be slightly out of tune. Identify the NEAREST in-tune pitch (the closest standard musical note). What is the note name and octave? Reply with ONLY the note name in Scientific Pitch Notation (e.g. C4, F#3, Bb5). Nothing else. Output only the answer.","This audio contains a single sustained musical note that may be slightly out of tune. Identify the NEAREST in-tune pitch (the closest standard musical note). What is the solfege syllable and accidental (if needed) of this pitch? Use fixed-do (do=C, re=D, mi=E, fa=F, sol=G, la=A, si=B). Include sharps or flats when needed (e.g. do#, reb, fa#, sib). Do NOT include the octave. Reply with ONLY the syllable and accidental (if needed). Nothing else. Output only the answer.","This audio contains a single sustained musical note that may be slightly out of tune. Identify the NEAREST in-tune pitch (the closest standard musical note). What is the main pitch frequency, expressed in Hertz? Reply with ONLY a number (the frequency in Hz). Nothing else. Output only the answer."
5000,0.0,square,waveform,36,36,1,1,1,1,C2,G2,0,0,1,do,sol#,0,0,1,36,G2,sol#,103.8,data/audio/pitchbench_a5_pitch_slightly_off/65p4hz_square_5000ms.wav,65p4hz_square_5000ms.wav,This audio contains a single sustained musical note that may be slightly out of tune. Identify the NEAREST in-tune pitch (the closest standard musical note). What is the MIDI note number (an integer from 0 to 127)? Reply with ONLY the integer. Nothing else. Output only the answer.,"This audio contains a single sustained musical note that may be slightly out of tune. Identify the NEAREST in-tune pitch (the closest standard musical note). What is the note name and octave? Reply with ONLY the note name in Scientific Pitch Notation (e.g. C4, F#3, Bb5). Nothing else. Output only the answer.","This audio contains a single sustained musical note that may be slightly out of tune. Identify the NEAREST in-tune pitch (the closest standard musical note). What is the solfege syllable and accidental (if needed) of this pitch? Use fixed-do (do=C, re=D, mi=E, fa=F, sol=G, la=A, si=B). Include sharps or flats when needed (e.g. do#, reb, fa#, sib). Do NOT include the octave. Reply with ONLY the syllable and accidental (if needed). Nothing else. Output only the answer.","This audio contains a single sustained musical note that may be slightly out of tune. Identify the NEAREST in-tune pitch (the closest standard musical note). What is the main pitch frequency, expressed in Hertz? Reply with ONLY a number (the frequency in Hz). Nothing else. Output only the answer."
1000,0.6556,square,waveform,43,85,0,0,0,0,G2,F#4,0,0,0,sol,sol#,0,0,0,85,F#4,sol#,130,data/audio/pitchbench_a5_pitch_slightly_off/98p7hz_square_1000ms.wav,98p7hz_square_1000ms.wav,This audio contains a single sustained musical note that may be slightly out of tune. Identify the NEAREST in-tune pitch (the closest standard musical note). What is the MIDI note number (an integer from 0 to 127)? Reply with ONLY the integer. Nothing else. Output only the answer.,"This audio contains a single sustained musical note that may be slightly out of tune. Identify the NEAREST in-tune pitch (the closest standard musical note). What is the note name and octave? Reply with ONLY the note name in Scientific Pitch Notation (e.g. C4, F#3, Bb5). Nothing else. Output only the answer.","This audio contains a single sustained musical note that may be slightly out of tune. Identify the NEAREST in-tune pitch (the closest standard musical note). What is the solfege syllable and accidental (if needed) of this pitch? Use fixed-do (do=C, re=D, mi=E, fa=F, sol=G, la=A, si=B). Include sharps or flats when needed (e.g. do#, reb, fa#, sib). Do NOT include the octave. Reply with ONLY the syllable and accidental (if needed). Nothing else. Output only the answer.","This audio contains a single sustained musical note that may be slightly out of tune. Identify the NEAREST in-tune pitch (the closest standard musical note). What is the main pitch frequency, expressed in Hertz? Reply with ONLY a number (the frequency in Hz). Nothing else. Output only the answer."
1000,0.0,square,waveform,43,83,0,0,0,0,G2,F5,0,0,0,sol,do#,0,0,0,83,F5,"examples: do#, reb,",10,data/audio/pitchbench_a5_pitch_slightly_off/98p0hz_square_1000ms.wav,98p0hz_square_1000ms.wav,This audio contains a single sustained musical note that may be slightly out of tune. Identify the NEAREST in-tune pitch (the closest standard musical note). What is the MIDI note number (an integer from 0 to 127)? Reply with ONLY the integer. Nothing else. Output only the answer.,"This audio contains a single sustained musical note that may be slightly out of tune. Identify the NEAREST in-tune pitch (the closest standard musical note). What is the note name and octave? Reply with ONLY the note name in Scientific Pitch Notation (e.g. C4, F#3, Bb5). Nothing else. Output only the answer.","This audio contains a single sustained musical note that may be slightly out of tune. Identify the NEAREST in-tune pitch (the closest standard musical note). What is the solfege syllable and accidental (if needed) of this pitch? Use fixed-do (do=C, re=D, mi=E, fa=F, sol=G, la=A, si=B). Include sharps or flats when needed (e.g. do#, reb, fa#, sib). Do NOT include the octave. Reply with ONLY the syllable and accidental (if needed). Nothing else. Output only the answer.","This audio contains a single sustained musical note that may be slightly out of tune. Identify the NEAREST in-tune pitch (the closest standard musical note). What is the main pitch frequency, expressed in Hertz? Reply with ONLY a number (the frequency in Hz). Nothing else. Output only the answer."
5000,-1.2376,square,waveform,43,61,0,0,0,0,G2,G2,1,1,1,sol,sol#,0,0,1,61,G2,sol#,1397,data/audio/pitchbench_a5_pitch_slightly_off/96p8hz_square_5000ms.wav,96p8hz_square_5000ms.wav,This audio contains a single sustained musical note that may be slightly out of tune. Identify the NEAREST in-tune pitch (the closest standard musical note). What is the MIDI note number (an integer from 0 to 127)? Reply with ONLY the integer. Nothing else. Output only the answer.,"This audio contains a single sustained musical note that may be slightly out of tune. Identify the NEAREST in-tune pitch (the closest standard musical note). What is the note name and octave? Reply with ONLY the note name in Scientific Pitch Notation (e.g. C4, F#3, Bb5). Nothing else. Output only the answer.","This audio contains a single sustained musical note that may be slightly out of tune. Identify the NEAREST in-tune pitch (the closest standard musical note). What is the solfege syllable and accidental (if needed) of this pitch? Use fixed-do (do=C, re=D, mi=E, fa=F, sol=G, la=A, si=B). Include sharps or flats when needed (e.g. do#, reb, fa#, sib). Do NOT include the octave. Reply with ONLY the syllable and accidental (if needed). Nothing else. Output only the answer.","This audio contains a single sustained musical note that may be slightly out of tune. Identify the NEAREST in-tune pitch (the closest standard musical note). What is the main pitch frequency, expressed in Hertz? Reply with ONLY a number (the frequency in Hz). Nothing else. Output only the answer."
5000,0.0,square,waveform,43,36,0,0,0,1,G2,G2,1,1,1,sol,sol#,0,0,1,36,G2,sol#,65.41,data/audio/pitchbench_a5_pitch_slightly_off/98p0hz_square_5000ms.wav,98p0hz_square_5000ms.wav,This audio contains a single sustained musical note that may be slightly out of tune. Identify the NEAREST in-tune pitch (the closest standard musical note). What is the MIDI note number (an integer from 0 to 127)? Reply with ONLY the integer. Nothing else. Output only the answer.,"This audio contains a single sustained musical note that may be slightly out of tune. Identify the NEAREST in-tune pitch (the closest standard musical note). What is the note name and octave? Reply with ONLY the note name in Scientific Pitch Notation (e.g. C4, F#3, Bb5). Nothing else. Output only the answer.","This audio contains a single sustained musical note that may be slightly out of tune. Identify the NEAREST in-tune pitch (the closest standard musical note). What is the solfege syllable and accidental (if needed) of this pitch? Use fixed-do (do=C, re=D, mi=E, fa=F, sol=G, la=A, si=B). Include sharps or flats when needed (e.g. do#, reb, fa#, sib). Do NOT include the octave. Reply with ONLY the syllable and accidental (if needed). Nothing else. Output only the answer.","This audio contains a single sustained musical note that may be slightly out of tune. Identify the NEAREST in-tune pitch (the closest standard musical note). What is the main pitch frequency, expressed in Hertz? Reply with ONLY a number (the frequency in Hz). Nothing else. Output only the answer."
5000,1.3111,square,waveform,43,85,0,0,0,0,G2,,0,0,0,sol,do,0,0,0,85,F#,examples: do,130.8,data/audio/pitchbench_a5_pitch_slightly_off/99p3hz_square_5000ms.wav,99p3hz_square_5000ms.wav,This audio contains a single sustained musical note that may be slightly out of tune. Identify the NEAREST in-tune pitch (the closest standard musical note). What is the MIDI note number (an integer from 0 to 127)? Reply with ONLY the integer. Nothing else. Output only the answer.,"This audio contains a single sustained musical note that may be slightly out of tune. Identify the NEAREST in-tune pitch (the closest standard musical note). What is the note name and octave? Reply with ONLY the note name in Scientific Pitch Notation (e.g. C4, F#3, Bb5). Nothing else. Output only the answer.","This audio contains a single sustained musical note that may be slightly out of tune. Identify the NEAREST in-tune pitch (the closest standard musical note). What is the solfege syllable and accidental (if needed) of this pitch? Use fixed-do (do=C, re=D, mi=E, fa=F, sol=G, la=A, si=B). Include sharps or flats when needed (e.g. do#, reb, fa#, sib). Do NOT include the octave. Reply with ONLY the syllable and accidental (if needed). Nothing else. Output only the answer.","This audio contains a single sustained musical note that may be slightly out of tune. Identify the NEAREST in-tune pitch (the closest standard musical note). What is the main pitch frequency, expressed in Hertz? Reply with ONLY a number (the frequency in Hz). Nothing else. Output only the answer."
5000,0.0,square,waveform,43,36,0,0,0,1,G2,G2,1,1,1,sol,sol#,0,0,1,36,G2,sol#,65.4,data/audio/pitchbench_a5_pitch_slightly_off/98p0hz_square_5000ms.wav,98p0hz_square_5000ms.wav,This audio contains a single sustained musical note that may be slightly out of tune. Identify the NEAREST in-tune pitch (the closest standard musical note). What is the MIDI note number (an integer from 0 to 127)? Reply with ONLY the integer. Nothing else. Output only the answer.,"This audio contains a single sustained musical note that may be slightly out of tune. Identify the NEAREST in-tune pitch (the closest standard musical note). What is the note name and octave? Reply with ONLY the note name in Scientific Pitch Notation (e.g. C4, F#3, Bb5). Nothing else. Output only the answer.","This audio contains a single sustained musical note that may be slightly out of tune. Identify the NEAREST in-tune pitch (the closest standard musical note). What is the solfege syllable and accidental (if needed) of this pitch? Use fixed-do (do=C, re=D, mi=E, fa=F, sol=G, la=A, si=B). Include sharps or flats when needed (e.g. do#, reb, fa#, sib). Do NOT include the octave. Reply with ONLY the syllable and accidental (if needed). Nothing else. Output only the answer.","This audio contains a single sustained musical note that may be slightly out of tune. Identify the NEAREST in-tune pitch (the closest standard musical note). What is the main pitch frequency, expressed in Hertz? Reply with ONLY a number (the frequency in Hz). Nothing else. Output only the answer."
1000,-1.6519,square,waveform,48,66,0,0,0,0,C3,F4,0,0,0,do,sol#,0,1,1,66,F4,sol#,130.8,data/audio/pitchbench_a5_pitch_slightly_off/129p2hz_square_1000ms.wav,129p2hz_square_1000ms.wav,This audio contains a single sustained musical note that may be slightly out of tune. Identify the NEAREST in-tune pitch (the closest standard musical note). What is the MIDI note number (an integer from 0 to 127)? Reply with ONLY the integer. Nothing else. Output only the answer.,"This audio contains a single sustained musical note that may be slightly out of tune. Identify the NEAREST in-tune pitch (the closest standard musical note). What is the note name and octave? Reply with ONLY the note name in Scientific Pitch Notation (e.g. C4, F#3, Bb5). Nothing else. Output only the answer.","This audio contains a single sustained musical note that may be slightly out of tune. Identify the NEAREST in-tune pitch (the closest standard musical note). What is the solfege syllable and accidental (if needed) of this pitch? Use fixed-do (do=C, re=D, mi=E, fa=F, sol=G, la=A, si=B). Include sharps or flats when needed (e.g. do#, reb, fa#, sib). Do NOT include the octave. Reply with ONLY the syllable and accidental (if needed). Nothing else. Output only the answer.","This audio contains a single sustained musical note that may be slightly out of tune. Identify the NEAREST in-tune pitch (the closest standard musical note). What is the main pitch frequency, expressed in Hertz? Reply with ONLY a number (the frequency in Hz). Nothing else. Output only the answer."
1000,0.0,square,waveform,48,100,0,0,0,0,C3,C5,0,1,0,do,,0,0,0,100,C5,This audio contains,44,data/audio/pitchbench_a5_pitch_slightly_off/130p8hz_square_1000ms.wav,130p8hz_square_1000ms.wav,This audio contains a single sustained musical note that may be slightly out of tune. Identify the NEAREST in-tune pitch (the closest standard musical note). What is the MIDI note number (an integer from 0 to 127)? Reply with ONLY the integer. Nothing else. Output only the answer.,"This audio contains a single sustained musical note that may be slightly out of tune. Identify the NEAREST in-tune pitch (the closest standard musical note). What is the note name and octave? Reply with ONLY the note name in Scientific Pitch Notation (e.g. C4, F#3, Bb5). Nothing else. Output only the answer.","This audio contains a single sustained musical note that may be slightly out of tune. Identify the NEAREST in-tune pitch (the closest standard musical note). What is the solfege syllable and accidental (if needed) of this pitch? Use fixed-do (do=C, re=D, mi=E, fa=F, sol=G, la=A, si=B). Include sharps or flats when needed (e.g. do#, reb, fa#, sib). Do NOT include the octave. Reply with ONLY the syllable and accidental (if needed). Nothing else. Output only the answer.","This audio contains a single sustained musical note that may be slightly out of tune. Identify the NEAREST in-tune pitch (the closest standard musical note). What is the main pitch frequency, expressed in Hertz? Reply with ONLY a number (the frequency in Hz). Nothing else. Output only the answer."
1000,-1.1681,square,waveform,54,9,0,0,0,0,F#3,C2,0,0,0,fa#,,0,0,0,9,C2,This audio contains a single sustained,104,data/audio/pitchbench_a5_pitch_slightly_off/183p8hz_square_1000ms.wav,183p8hz_square_1000ms.wav,This audio contains a single sustained musical note that may be slightly out of tune. Identify the NEAREST in-tune pitch (the closest standard musical note). What is the MIDI note number (an integer from 0 to 127)? Reply with ONLY the integer. Nothing else. Output only the answer.,"This audio contains a single sustained musical note that may be slightly out of tune. Identify the NEAREST in-tune pitch (the closest standard musical note). What is the note name and octave? Reply with ONLY the note name in Scientific Pitch Notation (e.g. C4, F#3, Bb5). Nothing else. Output only the answer.","This audio contains a single sustained musical note that may be slightly out of tune. Identify the NEAREST in-tune pitch (the closest standard musical note). What is the solfege syllable and accidental (if needed) of this pitch? Use fixed-do (do=C, re=D, mi=E, fa=F, sol=G, la=A, si=B). Include sharps or flats when needed (e.g. do#, reb, fa#, sib). Do NOT include the octave. Reply with ONLY the syllable and accidental (if needed). Nothing else. Output only the answer.","This audio contains a single sustained musical note that may be slightly out of tune. Identify the NEAREST in-tune pitch (the closest standard musical note). What is the main pitch frequency, expressed in Hertz? Reply with ONLY a number (the frequency in Hz). Nothing else. Output only the answer."
1000,0.0,square,waveform,54,79,0,0,0,0,F#3,D7,0,0,0,fa#,sol#,0,0,0,79,D7,sol#,130.8,data/audio/pitchbench_a5_pitch_slightly_off/185p0hz_square_1000ms.wav,185p0hz_square_1000ms.wav,This audio contains a single sustained musical note that may be slightly out of tune. Identify the NEAREST in-tune pitch (the closest standard musical note). What is the MIDI note number (an integer from 0 to 127)? Reply with ONLY the integer. Nothing else. Output only the answer.,"This audio contains a single sustained musical note that may be slightly out of tune. Identify the NEAREST in-tune pitch (the closest standard musical note). What is the note name and octave? Reply with ONLY the note name in Scientific Pitch Notation (e.g. C4, F#3, Bb5). Nothing else. Output only the answer.","This audio contains a single sustained musical note that may be slightly out of tune. Identify the NEAREST in-tune pitch (the closest standard musical note). What is the solfege syllable and accidental (if needed) of this pitch? Use fixed-do (do=C, re=D, mi=E, fa=F, sol=G, la=A, si=B). Include sharps or flats when needed (e.g. do#, reb, fa#, sib). Do NOT include the octave. Reply with ONLY the syllable and accidental (if needed). Nothing else. Output only the answer.","This audio contains a single sustained musical note that may be slightly out of tune. Identify the NEAREST in-tune pitch (the closest standard musical note). What is the main pitch frequency, expressed in Hertz? Reply with ONLY a number (the frequency in Hz). Nothing else. Output only the answer."
1000,1.7502,square,waveform,60,85,0,0,0,0,C4,C6,0,1,0,do,sol#,0,0,0,85,C6,sol#,104,data/audio/pitchbench_a5_pitch_slightly_off/263p4hz_square_1000ms.wav,263p4hz_square_1000ms.wav,This audio contains a single sustained musical note that may be slightly out of tune. Identify the NEAREST in-tune pitch (the closest standard musical note). What is the MIDI note number (an integer from 0 to 127)? Reply with ONLY the integer. Nothing else. Output only the answer.,"This audio contains a single sustained musical note that may be slightly out of tune. Identify the NEAREST in-tune pitch (the closest standard musical note). What is the note name and octave? Reply with ONLY the note name in Scientific Pitch Notation (e.g. C4, F#3, Bb5). Nothing else. Output only the answer.","This audio contains a single sustained musical note that may be slightly out of tune. Identify the NEAREST in-tune pitch (the closest standard musical note). What is the solfege syllable and accidental (if needed) of this pitch? Use fixed-do (do=C, re=D, mi=E, fa=F, sol=G, la=A, si=B). Include sharps or flats when needed (e.g. do#, reb, fa#, sib). Do NOT include the octave. Reply with ONLY the syllable and accidental (if needed). Nothing else. Output only the answer.","This audio contains a single sustained musical note that may be slightly out of tune. Identify the NEAREST in-tune pitch (the closest standard musical note). What is the main pitch frequency, expressed in Hertz? Reply with ONLY a number (the frequency in Hz). Nothing else. Output only the answer."
1000,0.0,square,waveform,60,71,0,0,0,1,C4,C5,0,1,0,do,sol#,0,0,0,71,C5,sol#,1046.,data/audio/pitchbench_a5_pitch_slightly_off/261p6hz_square_1000ms.wav,261p6hz_square_1000ms.wav,This audio contains a single sustained musical note that may be slightly out of tune. Identify the NEAREST in-tune pitch (the closest standard musical note). What is the MIDI note number (an integer from 0 to 127)? Reply with ONLY the integer. Nothing else. Output only the answer.,"This audio contains a single sustained musical note that may be slightly out of tune. Identify the NEAREST in-tune pitch (the closest standard musical note). What is the note name and octave? Reply with ONLY the note name in Scientific Pitch Notation (e.g. C4, F#3, Bb5). Nothing else. Output only the answer.","This audio contains a single sustained musical note that may be slightly out of tune. Identify the NEAREST in-tune pitch (the closest standard musical note). What is the solfege syllable and accidental (if needed) of this pitch? Use fixed-do (do=C, re=D, mi=E, fa=F, sol=G, la=A, si=B). Include sharps or flats when needed (e.g. do#, reb, fa#, sib). Do NOT include the octave. Reply with ONLY the syllable and accidental (if needed). Nothing else. Output only the answer.","This audio contains a single sustained musical note that may be slightly out of tune. Identify the NEAREST in-tune pitch (the closest standard musical note). What is the main pitch frequency, expressed in Hertz? Reply with ONLY a number (the frequency in Hz). Nothing else. Output only the answer."
5000,-1.6519,square,waveform,60,81,0,0,0,0,C4,F#4,0,0,1,do,sol#,0,0,0,81,F#4,sol#,10,data/audio/pitchbench_a5_pitch_slightly_off/260p0hz_square_5000ms.wav,260p0hz_square_5000ms.wav,This audio contains a single sustained musical note that may be slightly out of tune. Identify the NEAREST in-tune pitch (the closest standard musical note). What is the MIDI note number (an integer from 0 to 127)? Reply with ONLY the integer. Nothing else. Output only the answer.,"This audio contains a single sustained musical note that may be slightly out of tune. Identify the NEAREST in-tune pitch (the closest standard musical note). What is the note name and octave? Reply with ONLY the note name in Scientific Pitch Notation (e.g. C4, F#3, Bb5). Nothing else. Output only the answer.","This audio contains a single sustained musical note that may be slightly out of tune. Identify the NEAREST in-tune pitch (the closest standard musical note). What is the solfege syllable and accidental (if needed) of this pitch? Use fixed-do (do=C, re=D, mi=E, fa=F, sol=G, la=A, si=B). Include sharps or flats when needed (e.g. do#, reb, fa#, sib). Do NOT include the octave. Reply with ONLY the syllable and accidental (if needed). Nothing else. Output only the answer.","This audio contains a single sustained musical note that may be slightly out of tune. Identify the NEAREST in-tune pitch (the closest standard musical note). What is the main pitch frequency, expressed in Hertz? Reply with ONLY a number (the frequency in Hz). Nothing else. Output only the answer."
5000,0.0,square,waveform,60,,0,0,0,0,C4,D5,0,0,0,do,do#,0,0,0,This is a standard,D5,"examples: do#, reb,",1396.9,data/audio/pitchbench_a5_pitch_slightly_off/261p6hz_square_5000ms.wav,261p6hz_square_5000ms.wav,This audio contains a single sustained musical note that may be slightly out of tune. Identify the NEAREST in-tune pitch (the closest standard musical note). What is the MIDI note number (an integer from 0 to 127)? Reply with ONLY the integer. Nothing else. Output only the answer.,"This audio contains a single sustained musical note that may be slightly out of tune. Identify the NEAREST in-tune pitch (the closest standard musical note). What is the note name and octave? Reply with ONLY the note name in Scientific Pitch Notation (e.g. C4, F#3, Bb5). Nothing else. Output only the answer.","This audio contains a single sustained musical note that may be slightly out of tune. Identify the NEAREST in-tune pitch (the closest standard musical note). What is the solfege syllable and accidental (if needed) of this pitch? Use fixed-do (do=C, re=D, mi=E, fa=F, sol=G, la=A, si=B). Include sharps or flats when needed (e.g. do#, reb, fa#, sib). Do NOT include the octave. Reply with ONLY the syllable and accidental (if needed). Nothing else. Output only the answer.","This audio contains a single sustained musical note that may be slightly out of tune. Identify the NEAREST in-tune pitch (the closest standard musical note). What is the main pitch frequency, expressed in Hertz? Reply with ONLY a number (the frequency in Hz). Nothing else. Output only the answer."
1000,2.9434,square,waveform,69,83,0,0,0,0,A4,F#6,0,0,0,la,sol#,0,0,0,83,F#6,sol#,1046.,data/audio/pitchbench_a5_pitch_slightly_off/442p9hz_square_1000ms.wav,442p9hz_square_1000ms.wav,This audio contains a single sustained musical note that may be slightly out of tune. Identify the NEAREST in-tune pitch (the closest standard musical note). What is the MIDI note number (an integer from 0 to 127)? Reply with ONLY the integer. Nothing else. Output only the answer.,"This audio contains a single sustained musical note that may be slightly out of tune. Identify the NEAREST in-tune pitch (the closest standard musical note). What is the note name and octave? Reply with ONLY the note name in Scientific Pitch Notation (e.g. C4, F#3, Bb5). Nothing else. Output only the answer.","This audio contains a single sustained musical note that may be slightly out of tune. Identify the NEAREST in-tune pitch (the closest standard musical note). What is the solfege syllable and accidental (if needed) of this pitch? Use fixed-do (do=C, re=D, mi=E, fa=F, sol=G, la=A, si=B). Include sharps or flats when needed (e.g. do#, reb, fa#, sib). Do NOT include the octave. Reply with ONLY the syllable and accidental (if needed). Nothing else. Output only the answer.","This audio contains a single sustained musical note that may be slightly out of tune. Identify the NEAREST in-tune pitch (the closest standard musical note). What is the main pitch frequency, expressed in Hertz? Reply with ONLY a number (the frequency in Hz). Nothing else. Output only the answer."
1000,0.0,square,waveform,69,101,0,0,0,0,A4,C6,0,0,0,la,,0,0,0,101,C6,Listen/Analyze the Audio:**,1046.,data/audio/pitchbench_a5_pitch_slightly_off/440p0hz_square_1000ms.wav,440p0hz_square_1000ms.wav,This audio contains a single sustained musical note that may be slightly out of tune. Identify the NEAREST in-tune pitch (the closest standard musical note). What is the MIDI note number (an integer from 0 to 127)? Reply with ONLY the integer. Nothing else. Output only the answer.,"This audio contains a single sustained musical note that may be slightly out of tune. Identify the NEAREST in-tune pitch (the closest standard musical note). What is the note name and octave? Reply with ONLY the note name in Scientific Pitch Notation (e.g. C4, F#3, Bb5). Nothing else. Output only the answer.","This audio contains a single sustained musical note that may be slightly out of tune. Identify the NEAREST in-tune pitch (the closest standard musical note). What is the solfege syllable and accidental (if needed) of this pitch? Use fixed-do (do=C, re=D, mi=E, fa=F, sol=G, la=A, si=B). Include sharps or flats when needed (e.g. do#, reb, fa#, sib). Do NOT include the octave. Reply with ONLY the syllable and accidental (if needed). Nothing else. Output only the answer.","This audio contains a single sustained musical note that may be slightly out of tune. Identify the NEAREST in-tune pitch (the closest standard musical note). What is the main pitch frequency, expressed in Hertz? Reply with ONLY a number (the frequency in Hz). Nothing else. Output only the answer."
5000,-5.5564,square,waveform,69,83,0,0,0,0,A4,B5,0,0,0,la,do#,0,0,0,83,B5,"examples: do#, reb",1046.,data/audio/pitchbench_a5_pitch_slightly_off/434p4hz_square_5000ms.wav,434p4hz_square_5000ms.wav,This audio contains a single sustained musical note that may be slightly out of tune. Identify the NEAREST in-tune pitch (the closest standard musical note). What is the MIDI note number (an integer from 0 to 127)? Reply with ONLY the integer. Nothing else. Output only the answer.,"This audio contains a single sustained musical note that may be slightly out of tune. Identify the NEAREST in-tune pitch (the closest standard musical note). What is the note name and octave? Reply with ONLY the note name in Scientific Pitch Notation (e.g. C4, F#3, Bb5). Nothing else. Output only the answer.","This audio contains a single sustained musical note that may be slightly out of tune. Identify the NEAREST in-tune pitch (the closest standard musical note). What is the solfege syllable and accidental (if needed) of this pitch? Use fixed-do (do=C, re=D, mi=E, fa=F, sol=G, la=A, si=B). Include sharps or flats when needed (e.g. do#, reb, fa#, sib). Do NOT include the octave. Reply with ONLY the syllable and accidental (if needed). Nothing else. Output only the answer.","This audio contains a single sustained musical note that may be slightly out of tune. Identify the NEAREST in-tune pitch (the closest standard musical note). What is the main pitch frequency, expressed in Hertz? Reply with ONLY a number (the frequency in Hz). Nothing else. Output only the answer."
5000,0.0,square,waveform,69,84,0,0,0,0,A4,D7,0,0,0,la,sol#,0,0,0,84,D7,sol#,1046.5,data/audio/pitchbench_a5_pitch_slightly_off/440p0hz_square_5000ms.wav,440p0hz_square_5000ms.wav,This audio contains a single sustained musical note that may be slightly out of tune. Identify the NEAREST in-tune pitch (the closest standard musical note). What is the MIDI note number (an integer from 0 to 127)? Reply with ONLY the integer. Nothing else. Output only the answer.,"This audio contains a single sustained musical note that may be slightly out of tune. Identify the NEAREST in-tune pitch (the closest standard musical note). What is the note name and octave? Reply with ONLY the note name in Scientific Pitch Notation (e.g. C4, F#3, Bb5). Nothing else. Output only the answer.","This audio contains a single sustained musical note that may be slightly out of tune. Identify the NEAREST in-tune pitch (the closest standard musical note). What is the solfege syllable and accidental (if needed) of this pitch? Use fixed-do (do=C, re=D, mi=E, fa=F, sol=G, la=A, si=B). Include sharps or flats when needed (e.g. do#, reb, fa#, sib). Do NOT include the octave. Reply with ONLY the syllable and accidental (if needed). Nothing else. Output only the answer.","This audio contains a single sustained musical note that may be slightly out of tune. Identify the NEAREST in-tune pitch (the closest standard musical note). What is the main pitch frequency, expressed in Hertz? Reply with ONLY a number (the frequency in Hz). Nothing else. Output only the answer."
5000,2.9434,square,waveform,69,109,0,0,0,0,A4,D#6,0,0,0,la,si,0,0,0,109,D#6,si,1760.,data/audio/pitchbench_a5_pitch_slightly_off/442p9hz_square_5000ms.wav,442p9hz_square_5000ms.wav,This audio contains a single sustained musical note that may be slightly out of tune. Identify the NEAREST in-tune pitch (the closest standard musical note). What is the MIDI note number (an integer from 0 to 127)? Reply with ONLY the integer. Nothing else. Output only the answer.,"This audio contains a single sustained musical note that may be slightly out of tune. Identify the NEAREST in-tune pitch (the closest standard musical note). What is the note name and octave? Reply with ONLY the note name in Scientific Pitch Notation (e.g. C4, F#3, Bb5). Nothing else. Output only the answer.","This audio contains a single sustained musical note that may be slightly out of tune. Identify the NEAREST in-tune pitch (the closest standard musical note). What is the solfege syllable and accidental (if needed) of this pitch? Use fixed-do (do=C, re=D, mi=E, fa=F, sol=G, la=A, si=B). Include sharps or flats when needed (e.g. do#, reb, fa#, sib). Do NOT include the octave. Reply with ONLY the syllable and accidental (if needed). Nothing else. Output only the answer.","This audio contains a single sustained musical note that may be slightly out of tune. Identify the NEAREST in-tune pitch (the closest standard musical note). What is the main pitch frequency, expressed in Hertz? Reply with ONLY a number (the frequency in Hz). Nothing else. Output only the answer."
5000,0.0,square,waveform,69,84,0,0,0,0,A4,D7,0,0,0,la,sol#,0,0,0,84,D7,sol#,2793.8,data/audio/pitchbench_a5_pitch_slightly_off/440p0hz_square_5000ms.wav,440p0hz_square_5000ms.wav,This audio contains a single sustained musical note that may be slightly out of tune. Identify the NEAREST in-tune pitch (the closest standard musical note). What is the MIDI note number (an integer from 0 to 127)? Reply with ONLY the integer. Nothing else. Output only the answer.,"This audio contains a single sustained musical note that may be slightly out of tune. Identify the NEAREST in-tune pitch (the closest standard musical note). What is the note name and octave? Reply with ONLY the note name in Scientific Pitch Notation (e.g. C4, F#3, Bb5). Nothing else. Output only the answer.","This audio contains a single sustained musical note that may be slightly out of tune. Identify the NEAREST in-tune pitch (the closest standard musical note). What is the solfege syllable and accidental (if needed) of this pitch? Use fixed-do (do=C, re=D, mi=E, fa=F, sol=G, la=A, si=B). Include sharps or flats when needed (e.g. do#, reb, fa#, sib). Do NOT include the octave. Reply with ONLY the syllable and accidental (if needed). Nothing else. Output only the answer.","This audio contains a single sustained musical note that may be slightly out of tune. Identify the NEAREST in-tune pitch (the closest standard musical note). What is the main pitch frequency, expressed in Hertz? Reply with ONLY a number (the frequency in Hz). Nothing else. Output only the answer."
1000,10.4892,square,waveform,79,101,0,0,0,0,G5,A6,0,0,0,sol,sol#,0,0,0,101,A6,sol#,1108,data/audio/pitchbench_a5_pitch_slightly_off/794p5hz_square_1000ms.wav,794p5hz_square_1000ms.wav,This audio contains a single sustained musical note that may be slightly out of tune. Identify the NEAREST in-tune pitch (the closest standard musical note). What is the MIDI note number (an integer from 0 to 127)? Reply with ONLY the integer. Nothing else. Output only the answer.,"This audio contains a single sustained musical note that may be slightly out of tune. Identify the NEAREST in-tune pitch (the closest standard musical note). What is the note name and octave? Reply with ONLY the note name in Scientific Pitch Notation (e.g. C4, F#3, Bb5). Nothing else. Output only the answer.","This audio contains a single sustained musical note that may be slightly out of tune. Identify the NEAREST in-tune pitch (the closest standard musical note). What is the solfege syllable and accidental (if needed) of this pitch? Use fixed-do (do=C, re=D, mi=E, fa=F, sol=G, la=A, si=B). Include sharps or flats when needed (e.g. do#, reb, fa#, sib). Do NOT include the octave. Reply with ONLY the syllable and accidental (if needed). Nothing else. Output only the answer.","This audio contains a single sustained musical note that may be slightly out of tune. Identify the NEAREST in-tune pitch (the closest standard musical note). What is the main pitch frequency, expressed in Hertz? Reply with ONLY a number (the frequency in Hz). Nothing else. Output only the answer."
1000,0.0,square,waveform,79,86,0,0,0,0,G5,A#4,0,0,0,sol,sol#,0,0,0,86,A#4,sol#,1046.,data/audio/pitchbench_a5_pitch_slightly_off/784p0hz_square_1000ms.wav,784p0hz_square_1000ms.wav,This audio contains a single sustained musical note that may be slightly out of tune. Identify the NEAREST in-tune pitch (the closest standard musical note). What is the MIDI note number (an integer from 0 to 127)? Reply with ONLY the integer. Nothing else. Output only the answer.,"This audio contains a single sustained musical note that may be slightly out of tune. Identify the NEAREST in-tune pitch (the closest standard musical note). What is the note name and octave? Reply with ONLY the note name in Scientific Pitch Notation (e.g. C4, F#3, Bb5). Nothing else. Output only the answer.","This audio contains a single sustained musical note that may be slightly out of tune. Identify the NEAREST in-tune pitch (the closest standard musical note). What is the solfege syllable and accidental (if needed) of this pitch? Use fixed-do (do=C, re=D, mi=E, fa=F, sol=G, la=A, si=B). Include sharps or flats when needed (e.g. do#, reb, fa#, sib). Do NOT include the octave. Reply with ONLY the syllable and accidental (if needed). Nothing else. Output only the answer.","This audio contains a single sustained musical note that may be slightly out of tune. Identify the NEAREST in-tune pitch (the closest standard musical note). What is the main pitch frequency, expressed in Hertz? Reply with ONLY a number (the frequency in Hz). Nothing else. Output only the answer."
1000,-16.6505,square,waveform,88,89,0,1,0,1,E6,C6,0,0,1,mi,sol#,0,0,0,89,C6,sol#,1046,data/audio/pitchbench_a5_pitch_slightly_off/1301p9hz_square_1000ms.wav,1301p9hz_square_1000ms.wav,This audio contains a single sustained musical note that may be slightly out of tune. Identify the NEAREST in-tune pitch (the closest standard musical note). What is the MIDI note number (an integer from 0 to 127)? Reply with ONLY the integer. Nothing else. Output only the answer.,"This audio contains a single sustained musical note that may be slightly out of tune. Identify the NEAREST in-tune pitch (the closest standard musical note). What is the note name and octave? Reply with ONLY the note name in Scientific Pitch Notation (e.g. C4, F#3, Bb5). Nothing else. Output only the answer.","This audio contains a single sustained musical note that may be slightly out of tune. Identify the NEAREST in-tune pitch (the closest standard musical note). What is the solfege syllable and accidental (if needed) of this pitch? Use fixed-do (do=C, re=D, mi=E, fa=F, sol=G, la=A, si=B). Include sharps or flats when needed (e.g. do#, reb, fa#, sib). Do NOT include the octave. Reply with ONLY the syllable and accidental (if needed). Nothing else. Output only the answer.","This audio contains a single sustained musical note that may be slightly out of tune. Identify the NEAREST in-tune pitch (the closest standard musical note). What is the main pitch frequency, expressed in Hertz? Reply with ONLY a number (the frequency in Hz). Nothing else. Output only the answer."
1000,0.0,square,waveform,88,83,0,0,0,0,E6,B5,0,0,0,mi,,0,0,0,83,B5,simulation:* Since I cannot directly,1046.5,data/audio/pitchbench_a5_pitch_slightly_off/1318p5hz_square_1000ms.wav,1318p5hz_square_1000ms.wav,This audio contains a single sustained musical note that may be slightly out of tune. Identify the NEAREST in-tune pitch (the closest standard musical note). What is the MIDI note number (an integer from 0 to 127)? Reply with ONLY the integer. Nothing else. Output only the answer.,"This audio contains a single sustained musical note that may be slightly out of tune. Identify the NEAREST in-tune pitch (the closest standard musical note). What is the note name and octave? Reply with ONLY the note name in Scientific Pitch Notation (e.g. C4, F#3, Bb5). Nothing else. Output only the answer.","This audio contains a single sustained musical note that may be slightly out of tune. Identify the NEAREST in-tune pitch (the closest standard musical note). What is the solfege syllable and accidental (if needed) of this pitch? Use fixed-do (do=C, re=D, mi=E, fa=F, sol=G, la=A, si=B). Include sharps or flats when needed (e.g. do#, reb, fa#, sib). Do NOT include the octave. Reply with ONLY the syllable and accidental (if needed). Nothing else. Output only the answer.","This audio contains a single sustained musical note that may be slightly out of tune. Identify the NEAREST in-tune pitch (the closest standard musical note). What is the main pitch frequency, expressed in Hertz? Reply with ONLY a number (the frequency in Hz). Nothing else. Output only the answer."
1000,-8.3253,square,waveform,88,83,0,0,0,0,E6,C6,0,0,1,mi,sol#,0,0,0,83,C6,sol#,1046.,data/audio/pitchbench_a5_pitch_slightly_off/1310p2hz_square_1000ms.wav,1310p2hz_square_1000ms.wav,This audio contains a single sustained musical note that may be slightly out of tune. Identify the NEAREST in-tune pitch (the closest standard musical note). What is the MIDI note number (an integer from 0 to 127)? Reply with ONLY the integer. Nothing else. Output only the answer.,"This audio contains a single sustained musical note that may be slightly out of tune. Identify the NEAREST in-tune pitch (the closest standard musical note). What is the note name and octave? Reply with ONLY the note name in Scientific Pitch Notation (e.g. C4, F#3, Bb5). Nothing else. Output only the answer.","This audio contains a single sustained musical note that may be slightly out of tune. Identify the NEAREST in-tune pitch (the closest standard musical note). What is the solfege syllable and accidental (if needed) of this pitch? Use fixed-do (do=C, re=D, mi=E, fa=F, sol=G, la=A, si=B). Include sharps or flats when needed (e.g. do#, reb, fa#, sib). Do NOT include the octave. Reply with ONLY the syllable and accidental (if needed). Nothing else. Output only the answer.","This audio contains a single sustained musical note that may be slightly out of tune. Identify the NEAREST in-tune pitch (the closest standard musical note). What is the main pitch frequency, expressed in Hertz? Reply with ONLY a number (the frequency in Hz). Nothing else. Output only the answer."
1000,0.0,square,waveform,88,84,0,0,0,1,E6,C6,0,0,1,mi,,0,0,0,84,C6,"* (Wait, I don",1046.,data/audio/pitchbench_a5_pitch_slightly_off/1318p5hz_square_1000ms.wav,1318p5hz_square_1000ms.wav,This audio contains a single sustained musical note that may be slightly out of tune. Identify the NEAREST in-tune pitch (the closest standard musical note). What is the MIDI note number (an integer from 0 to 127)? Reply with ONLY the integer. Nothing else. Output only the answer.,"This audio contains a single sustained musical note that may be slightly out of tune. Identify the NEAREST in-tune pitch (the closest standard musical note). What is the note name and octave? Reply with ONLY the note name in Scientific Pitch Notation (e.g. C4, F#3, Bb5). Nothing else. Output only the answer.","This audio contains a single sustained musical note that may be slightly out of tune. Identify the NEAREST in-tune pitch (the closest standard musical note). What is the solfege syllable and accidental (if needed) of this pitch? Use fixed-do (do=C, re=D, mi=E, fa=F, sol=G, la=A, si=B). Include sharps or flats when needed (e.g. do#, reb, fa#, sib). Do NOT include the octave. Reply with ONLY the syllable and accidental (if needed). Nothing else. Output only the answer.","This audio contains a single sustained musical note that may be slightly out of tune. Identify the NEAREST in-tune pitch (the closest standard musical note). What is the main pitch frequency, expressed in Hertz? Reply with ONLY a number (the frequency in Hz). Nothing else. Output only the answer."
1000,-0.584,triangle,waveform,30,38,0,0,0,0,F#1,D2,0,0,0,fa#,sol#,0,0,0,38,D2,sol#,1046.5,data/audio/pitchbench_a5_pitch_slightly_off/45p7hz_triangle_1000ms.wav,45p7hz_triangle_1000ms.wav,This audio contains a single sustained musical note that may be slightly out of tune. Identify the NEAREST in-tune pitch (the closest standard musical note). What is the MIDI note number (an integer from 0 to 127)? Reply with ONLY the integer. Nothing else. Output only the answer.,"This audio contains a single sustained musical note that may be slightly out of tune. Identify the NEAREST in-tune pitch (the closest standard musical note). What is the note name and octave? Reply with ONLY the note name in Scientific Pitch Notation (e.g. C4, F#3, Bb5). Nothing else. Output only the answer.","This audio contains a single sustained musical note that may be slightly out of tune. Identify the NEAREST in-tune pitch (the closest standard musical note). What is the solfege syllable and accidental (if needed) of this pitch? Use fixed-do (do=C, re=D, mi=E, fa=F, sol=G, la=A, si=B). Include sharps or flats when needed (e.g. do#, reb, fa#, sib). Do NOT include the octave. Reply with ONLY the syllable and accidental (if needed). Nothing else. Output only the answer.","This audio contains a single sustained musical note that may be slightly out of tune. Identify the NEAREST in-tune pitch (the closest standard musical note). What is the main pitch frequency, expressed in Hertz? Reply with ONLY a number (the frequency in Hz). Nothing else. Output only the answer."
1000,0.0,triangle,waveform,30,40,0,0,0,0,F#1,C5,0,0,0,fa#,do#,0,0,0,40,C5,"examples: do#, reb,",1046.5,data/audio/pitchbench_a5_pitch_slightly_off/46p2hz_triangle_1000ms.wav,46p2hz_triangle_1000ms.wav,This audio contains a single sustained musical note that may be slightly out of tune. Identify the NEAREST in-tune pitch (the closest standard musical note). What is the MIDI note number (an integer from 0 to 127)? Reply with ONLY the integer. Nothing else. Output only the answer.,"This audio contains a single sustained musical note that may be slightly out of tune. Identify the NEAREST in-tune pitch (the closest standard musical note). What is the note name and octave? Reply with ONLY the note name in Scientific Pitch Notation (e.g. C4, F#3, Bb5). Nothing else. Output only the answer.","This audio contains a single sustained musical note that may be slightly out of tune. Identify the NEAREST in-tune pitch (the closest standard musical note). What is the solfege syllable and accidental (if needed) of this pitch? Use fixed-do (do=C, re=D, mi=E, fa=F, sol=G, la=A, si=B). Include sharps or flats when needed (e.g. do#, reb, fa#, sib). Do NOT include the octave. Reply with ONLY the syllable and accidental (if needed). Nothing else. Output only the answer.","This audio contains a single sustained musical note that may be slightly out of tune. Identify the NEAREST in-tune pitch (the closest standard musical note). What is the main pitch frequency, expressed in Hertz? Reply with ONLY a number (the frequency in Hz). Nothing else. Output only the answer."
5000,-0.292,triangle,waveform,30,30,1,1,1,1,F#1,F1,0,0,1,fa#,sol#,0,0,1,30,F1,sol#,13,data/audio/pitchbench_a5_pitch_slightly_off/46p0hz_triangle_5000ms.wav,46p0hz_triangle_5000ms.wav,This audio contains a single sustained musical note that may be slightly out of tune. Identify the NEAREST in-tune pitch (the closest standard musical note). What is the MIDI note number (an integer from 0 to 127)? Reply with ONLY the integer. Nothing else. Output only the answer.,"This audio contains a single sustained musical note that may be slightly out of tune. Identify the NEAREST in-tune pitch (the closest standard musical note). What is the note name and octave? Reply with ONLY the note name in Scientific Pitch Notation (e.g. C4, F#3, Bb5). Nothing else. Output only the answer.","This audio contains a single sustained musical note that may be slightly out of tune. Identify the NEAREST in-tune pitch (the closest standard musical note). What is the solfege syllable and accidental (if needed) of this pitch? Use fixed-do (do=C, re=D, mi=E, fa=F, sol=G, la=A, si=B). Include sharps or flats when needed (e.g. do#, reb, fa#, sib). Do NOT include the octave. Reply with ONLY the syllable and accidental (if needed). Nothing else. Output only the answer.","This audio contains a single sustained musical note that may be slightly out of tune. Identify the NEAREST in-tune pitch (the closest standard musical note). What is the main pitch frequency, expressed in Hertz? Reply with ONLY a number (the frequency in Hz). Nothing else. Output only the answer."
5000,0.0,triangle,waveform,30,28,0,0,0,1,F#1,C2,0,0,0,fa#,sol#,0,0,0,28,C2,sol#,130.8,data/audio/pitchbench_a5_pitch_slightly_off/46p2hz_triangle_5000ms.wav,46p2hz_triangle_5000ms.wav,This audio contains a single sustained musical note that may be slightly out of tune. Identify the NEAREST in-tune pitch (the closest standard musical note). What is the MIDI note number (an integer from 0 to 127)? Reply with ONLY the integer. Nothing else. Output only the answer.,"This audio contains a single sustained musical note that may be slightly out of tune. Identify the NEAREST in-tune pitch (the closest standard musical note). What is the note name and octave? Reply with ONLY the note name in Scientific Pitch Notation (e.g. C4, F#3, Bb5). Nothing else. Output only the answer.","This audio contains a single sustained musical note that may be slightly out of tune. Identify the NEAREST in-tune pitch (the closest standard musical note). What is the solfege syllable and accidental (if needed) of this pitch? Use fixed-do (do=C, re=D, mi=E, fa=F, sol=G, la=A, si=B). Include sharps or flats when needed (e.g. do#, reb, fa#, sib). Do NOT include the octave. Reply with ONLY the syllable and accidental (if needed). Nothing else. Output only the answer.","This audio contains a single sustained musical note that may be slightly out of tune. Identify the NEAREST in-tune pitch (the closest standard musical note). What is the main pitch frequency, expressed in Hertz? Reply with ONLY a number (the frequency in Hz). Nothing else. Output only the answer."
1000,0.4375,triangle,waveform,36,31,0,0,0,0,C2,C2,1,1,1,do,do#,0,0,1,31,C2,"examples: do#, reb",1046.5,data/audio/pitchbench_a5_pitch_slightly_off/65p8hz_triangle_1000ms.wav,65p8hz_triangle_1000ms.wav,This audio contains a single sustained musical note that may be slightly out of tune. Identify the NEAREST in-tune pitch (the closest standard musical note). What is the MIDI note number (an integer from 0 to 127)? Reply with ONLY the integer. Nothing else. Output only the answer.,"This audio contains a single sustained musical note that may be slightly out of tune. Identify the NEAREST in-tune pitch (the closest standard musical note). What is the note name and octave? Reply with ONLY the note name in Scientific Pitch Notation (e.g. C4, F#3, Bb5). Nothing else. Output only the answer.","This audio contains a single sustained musical note that may be slightly out of tune. Identify the NEAREST in-tune pitch (the closest standard musical note). What is the solfege syllable and accidental (if needed) of this pitch? Use fixed-do (do=C, re=D, mi=E, fa=F, sol=G, la=A, si=B). Include sharps or flats when needed (e.g. do#, reb, fa#, sib). Do NOT include the octave. Reply with ONLY the syllable and accidental (if needed). Nothing else. Output only the answer.","This audio contains a single sustained musical note that may be slightly out of tune. Identify the NEAREST in-tune pitch (the closest standard musical note). What is the main pitch frequency, expressed in Hertz? Reply with ONLY a number (the frequency in Hz). Nothing else. Output only the answer."
1000,0.0,triangle,waveform,36,60,0,0,1,0,C2,C5,0,1,0,do,sol#,0,0,0,60,C5,sol#,311.13,data/audio/pitchbench_a5_pitch_slightly_off/65p4hz_triangle_1000ms.wav,65p4hz_triangle_1000ms.wav,This audio contains a single sustained musical note that may be slightly out of tune. Identify the NEAREST in-tune pitch (the closest standard musical note). What is the MIDI note number (an integer from 0 to 127)? Reply with ONLY the integer. Nothing else. Output only the answer.,"This audio contains a single sustained musical note that may be slightly out of tune. Identify the NEAREST in-tune pitch (the closest standard musical note). What is the note name and octave? Reply with ONLY the note name in Scientific Pitch Notation (e.g. C4, F#3, Bb5). Nothing else. Output only the answer.","This audio contains a single sustained musical note that may be slightly out of tune. Identify the NEAREST in-tune pitch (the closest standard musical note). What is the solfege syllable and accidental (if needed) of this pitch? Use fixed-do (do=C, re=D, mi=E, fa=F, sol=G, la=A, si=B). Include sharps or flats when needed (e.g. do#, reb, fa#, sib). Do NOT include the octave. Reply with ONLY the syllable and accidental (if needed). Nothing else. Output only the answer.","This audio contains a single sustained musical note that may be slightly out of tune. Identify the NEAREST in-tune pitch (the closest standard musical note). What is the main pitch frequency, expressed in Hertz? Reply with ONLY a number (the frequency in Hz). Nothing else. Output only the answer."
1000,0.8751,triangle,waveform,36,41,0,0,0,1,C2,D#4,0,0,0,do,sol#,0,0,0,41,D#4,sol#,if this is a,data/audio/pitchbench_a5_pitch_slightly_off/66p3hz_triangle_1000ms.wav,66p3hz_triangle_1000ms.wav,This audio contains a single sustained musical note that may be slightly out of tune. Identify the NEAREST in-tune pitch (the closest standard musical note). What is the MIDI note number (an integer from 0 to 127)? Reply with ONLY the integer. Nothing else. Output only the answer.,"This audio contains a single sustained musical note that may be slightly out of tune. Identify the NEAREST in-tune pitch (the closest standard musical note). What is the note name and octave? Reply with ONLY the note name in Scientific Pitch Notation (e.g. C4, F#3, Bb5). Nothing else. Output only the answer.","This audio contains a single sustained musical note that may be slightly out of tune. Identify the NEAREST in-tune pitch (the closest standard musical note). What is the solfege syllable and accidental (if needed) of this pitch? Use fixed-do (do=C, re=D, mi=E, fa=F, sol=G, la=A, si=B). Include sharps or flats when needed (e.g. do#, reb, fa#, sib). Do NOT include the octave. Reply with ONLY the syllable and accidental (if needed). Nothing else. Output only the answer.","This audio contains a single sustained musical note that may be slightly out of tune. Identify the NEAREST in-tune pitch (the closest standard musical note). What is the main pitch frequency, expressed in Hertz? Reply with ONLY a number (the frequency in Hz). Nothing else. Output only the answer."
1000,0.0,triangle,waveform,36,40,0,0,0,1,C2,C5,0,1,0,do,sol#,0,0,0,40,C5,sol#,104,data/audio/pitchbench_a5_pitch_slightly_off/65p4hz_triangle_1000ms.wav,65p4hz_triangle_1000ms.wav,This audio contains a single sustained musical note that may be slightly out of tune. Identify the NEAREST in-tune pitch (the closest standard musical note). What is the MIDI note number (an integer from 0 to 127)? Reply with ONLY the integer. Nothing else. Output only the answer.,"This audio contains a single sustained musical note that may be slightly out of tune. Identify the NEAREST in-tune pitch (the closest standard musical note). What is the note name and octave? Reply with ONLY the note name in Scientific Pitch Notation (e.g. C4, F#3, Bb5). Nothing else. Output only the answer.","This audio contains a single sustained musical note that may be slightly out of tune. Identify the NEAREST in-tune pitch (the closest standard musical note). What is the solfege syllable and accidental (if needed) of this pitch? Use fixed-do (do=C, re=D, mi=E, fa=F, sol=G, la=A, si=B). Include sharps or flats when needed (e.g. do#, reb, fa#, sib). Do NOT include the octave. Reply with ONLY the syllable and accidental (if needed). Nothing else. Output only the answer.","This audio contains a single sustained musical note that may be slightly out of tune. Identify the NEAREST in-tune pitch (the closest standard musical note). What is the main pitch frequency, expressed in Hertz? Reply with ONLY a number (the frequency in Hz). Nothing else. Output only the answer."
1000,1.3111,triangle,waveform,43,41,0,0,0,1,G2,C2,0,0,1,sol,sol#,0,0,0,41,C2,sol#,65.41,data/audio/pitchbench_a5_pitch_slightly_off/99p3hz_triangle_1000ms.wav,99p3hz_triangle_1000ms.wav,This audio contains a single sustained musical note that may be slightly out of tune. Identify the NEAREST in-tune pitch (the closest standard musical note). What is the MIDI note number (an integer from 0 to 127)? Reply with ONLY the integer. Nothing else. Output only the answer.,"This audio contains a single sustained musical note that may be slightly out of tune. Identify the NEAREST in-tune pitch (the closest standard musical note). What is the note name and octave? Reply with ONLY the note name in Scientific Pitch Notation (e.g. C4, F#3, Bb5). Nothing else. Output only the answer.","This audio contains a single sustained musical note that may be slightly out of tune. Identify the NEAREST in-tune pitch (the closest standard musical note). What is the solfege syllable and accidental (if needed) of this pitch? Use fixed-do (do=C, re=D, mi=E, fa=F, sol=G, la=A, si=B). Include sharps or flats when needed (e.g. do#, reb, fa#, sib). Do NOT include the octave. Reply with ONLY the syllable and accidental (if needed). Nothing else. Output only the answer.","This audio contains a single sustained musical note that may be slightly out of tune. Identify the NEAREST in-tune pitch (the closest standard musical note). What is the main pitch frequency, expressed in Hertz? Reply with ONLY a number (the frequency in Hz). Nothing else. Output only the answer."
1000,0.0,triangle,waveform,43,3,0,0,0,0,G2,C2,0,0,1,sol,sol#,0,0,0,3,C2,sol#,8,data/audio/pitchbench_a5_pitch_slightly_off/98p0hz_triangle_1000ms.wav,98p0hz_triangle_1000ms.wav,This audio contains a single sustained musical note that may be slightly out of tune. Identify the NEAREST in-tune pitch (the closest standard musical note). What is the MIDI note number (an integer from 0 to 127)? Reply with ONLY the integer. Nothing else. Output only the answer.,"This audio contains a single sustained musical note that may be slightly out of tune. Identify the NEAREST in-tune pitch (the closest standard musical note). What is the note name and octave? Reply with ONLY the note name in Scientific Pitch Notation (e.g. C4, F#3, Bb5). Nothing else. Output only the answer.","This audio contains a single sustained musical note that may be slightly out of tune. Identify the NEAREST in-tune pitch (the closest standard musical note). What is the solfege syllable and accidental (if needed) of this pitch? Use fixed-do (do=C, re=D, mi=E, fa=F, sol=G, la=A, si=B). Include sharps or flats when needed (e.g. do#, reb, fa#, sib). Do NOT include the octave. Reply with ONLY the syllable and accidental (if needed). Nothing else. Output only the answer.","This audio contains a single sustained musical note that may be slightly out of tune. Identify the NEAREST in-tune pitch (the closest standard musical note). What is the main pitch frequency, expressed in Hertz? Reply with ONLY a number (the frequency in Hz). Nothing else. Output only the answer."
5000,-0.6188,triangle,waveform,43,48,0,0,0,0,G2,F2,0,0,1,sol,sol#,0,0,0,48,F2,sol#,65.41,data/audio/pitchbench_a5_pitch_slightly_off/97p4hz_triangle_5000ms.wav,97p4hz_triangle_5000ms.wav,This audio contains a single sustained musical note that may be slightly out of tune. Identify the NEAREST in-tune pitch (the closest standard musical note). What is the MIDI note number (an integer from 0 to 127)? Reply with ONLY the integer. Nothing else. Output only the answer.,"This audio contains a single sustained musical note that may be slightly out of tune. Identify the NEAREST in-tune pitch (the closest standard musical note). What is the note name and octave? Reply with ONLY the note name in Scientific Pitch Notation (e.g. C4, F#3, Bb5). Nothing else. Output only the answer.","This audio contains a single sustained musical note that may be slightly out of tune. Identify the NEAREST in-tune pitch (the closest standard musical note). What is the solfege syllable and accidental (if needed) of this pitch? Use fixed-do (do=C, re=D, mi=E, fa=F, sol=G, la=A, si=B). Include sharps or flats when needed (e.g. do#, reb, fa#, sib). Do NOT include the octave. Reply with ONLY the syllable and accidental (if needed). Nothing else. Output only the answer.","This audio contains a single sustained musical note that may be slightly out of tune. Identify the NEAREST in-tune pitch (the closest standard musical note). What is the main pitch frequency, expressed in Hertz? Reply with ONLY a number (the frequency in Hz). Nothing else. Output only the answer."
5000,0.0,triangle,waveform,43,45,0,0,0,1,G2,C2,0,0,1,sol,fa#,0,0,0,45,C2,fa#,130.8,data/audio/pitchbench_a5_pitch_slightly_off/98p0hz_triangle_5000ms.wav,98p0hz_triangle_5000ms.wav,This audio contains a single sustained musical note that may be slightly out of tune. Identify the NEAREST in-tune pitch (the closest standard musical note). What is the MIDI note number (an integer from 0 to 127)? Reply with ONLY the integer. Nothing else. Output only the answer.,"This audio contains a single sustained musical note that may be slightly out of tune. Identify the NEAREST in-tune pitch (the closest standard musical note). What is the note name and octave? Reply with ONLY the note name in Scientific Pitch Notation (e.g. C4, F#3, Bb5). Nothing else. Output only the answer.","This audio contains a single sustained musical note that may be slightly out of tune. Identify the NEAREST in-tune pitch (the closest standard musical note). What is the solfege syllable and accidental (if needed) of this pitch? Use fixed-do (do=C, re=D, mi=E, fa=F, sol=G, la=A, si=B). Include sharps or flats when needed (e.g. do#, reb, fa#, sib). Do NOT include the octave. Reply with ONLY the syllable and accidental (if needed). Nothing else. Output only the answer.","This audio contains a single sustained musical note that may be slightly out of tune. Identify the NEAREST in-tune pitch (the closest standard musical note). What is the main pitch frequency, expressed in Hertz? Reply with ONLY a number (the frequency in Hz). Nothing else. Output only the answer."
5000,-3.3039,triangle,waveform,60,60,1,1,1,1,C4,C5,0,1,0,do,do#,0,0,1,60,C5,"examples: do#, reb,",1046,data/audio/pitchbench_a5_pitch_slightly_off/258p3hz_triangle_5000ms.wav,258p3hz_triangle_5000ms.wav,This audio contains a single sustained musical note that may be slightly out of tune. Identify the NEAREST in-tune pitch (the closest standard musical note). What is the MIDI note number (an integer from 0 to 127)? Reply with ONLY the integer. Nothing else. Output only the answer.,"This audio contains a single sustained musical note that may be slightly out of tune. Identify the NEAREST in-tune pitch (the closest standard musical note). What is the note name and octave? Reply with ONLY the note name in Scientific Pitch Notation (e.g. C4, F#3, Bb5). Nothing else. Output only the answer.","This audio contains a single sustained musical note that may be slightly out of tune. Identify the NEAREST in-tune pitch (the closest standard musical note). What is the solfege syllable and accidental (if needed) of this pitch? Use fixed-do (do=C, re=D, mi=E, fa=F, sol=G, la=A, si=B). Include sharps or flats when needed (e.g. do#, reb, fa#, sib). Do NOT include the octave. Reply with ONLY the syllable and accidental (if needed). Nothing else. Output only the answer.","This audio contains a single sustained musical note that may be slightly out of tune. Identify the NEAREST in-tune pitch (the closest standard musical note). What is the main pitch frequency, expressed in Hertz? Reply with ONLY a number (the frequency in Hz). Nothing else. Output only the answer."
5000,0.0,triangle,waveform,60,65,0,0,0,1,C4,C5,0,1,0,do,sol#,0,0,0,65,C5,sol#,1046,data/audio/pitchbench_a5_pitch_slightly_off/261p6hz_triangle_5000ms.wav,261p6hz_triangle_5000ms.wav,This audio contains a single sustained musical note that may be slightly out of tune. Identify the NEAREST in-tune pitch (the closest standard musical note). What is the MIDI note number (an integer from 0 to 127)? Reply with ONLY the integer. Nothing else. Output only the answer.,"This audio contains a single sustained musical note that may be slightly out of tune. Identify the NEAREST in-tune pitch (the closest standard musical note). What is the note name and octave? Reply with ONLY the note name in Scientific Pitch Notation (e.g. C4, F#3, Bb5). Nothing else. Output only the answer.","This audio contains a single sustained musical note that may be slightly out of tune. Identify the NEAREST in-tune pitch (the closest standard musical note). What is the solfege syllable and accidental (if needed) of this pitch? Use fixed-do (do=C, re=D, mi=E, fa=F, sol=G, la=A, si=B). Include sharps or flats when needed (e.g. do#, reb, fa#, sib). Do NOT include the octave. Reply with ONLY the syllable and accidental (if needed). Nothing else. Output only the answer.","This audio contains a single sustained musical note that may be slightly out of tune. Identify the NEAREST in-tune pitch (the closest standard musical note). What is the main pitch frequency, expressed in Hertz? Reply with ONLY a number (the frequency in Hz). Nothing else. Output only the answer."
5000,3.5003,triangle,waveform,60,85,0,0,0,0,C4,F4,0,0,1,do,fa#,0,0,0,85,F4,fa#,880.0,data/audio/pitchbench_a5_pitch_slightly_off/265p1hz_triangle_5000ms.wav,265p1hz_triangle_5000ms.wav,This audio contains a single sustained musical note that may be slightly out of tune. Identify the NEAREST in-tune pitch (the closest standard musical note). What is the MIDI note number (an integer from 0 to 127)? Reply with ONLY the integer. Nothing else. Output only the answer.,"This audio contains a single sustained musical note that may be slightly out of tune. Identify the NEAREST in-tune pitch (the closest standard musical note). What is the note name and octave? Reply with ONLY the note name in Scientific Pitch Notation (e.g. C4, F#3, Bb5). Nothing else. Output only the answer.","This audio contains a single sustained musical note that may be slightly out of tune. Identify the NEAREST in-tune pitch (the closest standard musical note). What is the solfege syllable and accidental (if needed) of this pitch? Use fixed-do (do=C, re=D, mi=E, fa=F, sol=G, la=A, si=B). Include sharps or flats when needed (e.g. do#, reb, fa#, sib). Do NOT include the octave. Reply with ONLY the syllable and accidental (if needed). Nothing else. Output only the answer.","This audio contains a single sustained musical note that may be slightly out of tune. Identify the NEAREST in-tune pitch (the closest standard musical note). What is the main pitch frequency, expressed in Hertz? Reply with ONLY a number (the frequency in Hz). Nothing else. Output only the answer."
5000,0.0,triangle,waveform,60,63,0,0,0,1,C4,C5,0,1,0,do,sol#,0,0,0,63,C5,sol#,4,data/audio/pitchbench_a5_pitch_slightly_off/261p6hz_triangle_5000ms.wav,261p6hz_triangle_5000ms.wav,This audio contains a single sustained musical note that may be slightly out of tune. Identify the NEAREST in-tune pitch (the closest standard musical note). What is the MIDI note number (an integer from 0 to 127)? Reply with ONLY the integer. Nothing else. Output only the answer.,"This audio contains a single sustained musical note that may be slightly out of tune. Identify the NEAREST in-tune pitch (the closest standard musical note). What is the note name and octave? Reply with ONLY the note name in Scientific Pitch Notation (e.g. C4, F#3, Bb5). Nothing else. Output only the answer.","This audio contains a single sustained musical note that may be slightly out of tune. Identify the NEAREST in-tune pitch (the closest standard musical note). What is the solfege syllable and accidental (if needed) of this pitch? Use fixed-do (do=C, re=D, mi=E, fa=F, sol=G, la=A, si=B). Include sharps or flats when needed (e.g. do#, reb, fa#, sib). Do NOT include the octave. Reply with ONLY the syllable and accidental (if needed). Nothing else. Output only the answer.","This audio contains a single sustained musical note that may be slightly out of tune. Identify the NEAREST in-tune pitch (the closest standard musical note). What is the main pitch frequency, expressed in Hertz? Reply with ONLY a number (the frequency in Hz). Nothing else. Output only the answer."
1000,2.2051,triangle,waveform,64,101,0,0,0,0,E4,C7,0,0,0,mi,sol#,0,0,0,101,C7,sol#,104,data/audio/pitchbench_a5_pitch_slightly_off/331p8hz_triangle_1000ms.wav,331p8hz_triangle_1000ms.wav,This audio contains a single sustained musical note that may be slightly out of tune. Identify the NEAREST in-tune pitch (the closest standard musical note). What is the MIDI note number (an integer from 0 to 127)? Reply with ONLY the integer. Nothing else. Output only the answer.,"This audio contains a single sustained musical note that may be slightly out of tune. Identify the NEAREST in-tune pitch (the closest standard musical note). What is the note name and octave? Reply with ONLY the note name in Scientific Pitch Notation (e.g. C4, F#3, Bb5). Nothing else. Output only the answer.","This audio contains a single sustained musical note that may be slightly out of tune. Identify the NEAREST in-tune pitch (the closest standard musical note). What is the solfege syllable and accidental (if needed) of this pitch? Use fixed-do (do=C, re=D, mi=E, fa=F, sol=G, la=A, si=B). Include sharps or flats when needed (e.g. do#, reb, fa#, sib). Do NOT include the octave. Reply with ONLY the syllable and accidental (if needed). Nothing else. Output only the answer.","This audio contains a single sustained musical note that may be slightly out of tune. Identify the NEAREST in-tune pitch (the closest standard musical note). What is the main pitch frequency, expressed in Hertz? Reply with ONLY a number (the frequency in Hz). Nothing else. Output only the answer."
1000,0.0,triangle,waveform,64,83,0,0,0,0,E4,C6,0,0,0,mi,sol#,0,0,0,83,C6,sol#,279,data/audio/pitchbench_a5_pitch_slightly_off/329p6hz_triangle_1000ms.wav,329p6hz_triangle_1000ms.wav,This audio contains a single sustained musical note that may be slightly out of tune. Identify the NEAREST in-tune pitch (the closest standard musical note). What is the MIDI note number (an integer from 0 to 127)? Reply with ONLY the integer. Nothing else. Output only the answer.,"This audio contains a single sustained musical note that may be slightly out of tune. Identify the NEAREST in-tune pitch (the closest standard musical note). What is the note name and octave? Reply with ONLY the note name in Scientific Pitch Notation (e.g. C4, F#3, Bb5). Nothing else. Output only the answer.","This audio contains a single sustained musical note that may be slightly out of tune. Identify the NEAREST in-tune pitch (the closest standard musical note). What is the solfege syllable and accidental (if needed) of this pitch? Use fixed-do (do=C, re=D, mi=E, fa=F, sol=G, la=A, si=B). Include sharps or flats when needed (e.g. do#, reb, fa#, sib). Do NOT include the octave. Reply with ONLY the syllable and accidental (if needed). Nothing else. Output only the answer.","This audio contains a single sustained musical note that may be slightly out of tune. Identify the NEAREST in-tune pitch (the closest standard musical note). What is the main pitch frequency, expressed in Hertz? Reply with ONLY a number (the frequency in Hz). Nothing else. Output only the answer."
5000,-2.0813,triangle,waveform,64,83,0,0,0,0,E4,C6,0,0,0,mi,sol#,0,0,0,83,C6,sol#,1046.,data/audio/pitchbench_a5_pitch_slightly_off/327p5hz_triangle_5000ms.wav,327p5hz_triangle_5000ms.wav,This audio contains a single sustained musical note that may be slightly out of tune. Identify the NEAREST in-tune pitch (the closest standard musical note). What is the MIDI note number (an integer from 0 to 127)? Reply with ONLY the integer. Nothing else. Output only the answer.,"This audio contains a single sustained musical note that may be slightly out of tune. Identify the NEAREST in-tune pitch (the closest standard musical note). What is the note name and octave? Reply with ONLY the note name in Scientific Pitch Notation (e.g. C4, F#3, Bb5). Nothing else. Output only the answer.","This audio contains a single sustained musical note that may be slightly out of tune. Identify the NEAREST in-tune pitch (the closest standard musical note). What is the solfege syllable and accidental (if needed) of this pitch? Use fixed-do (do=C, re=D, mi=E, fa=F, sol=G, la=A, si=B). Include sharps or flats when needed (e.g. do#, reb, fa#, sib). Do NOT include the octave. Reply with ONLY the syllable and accidental (if needed). Nothing else. Output only the answer.","This audio contains a single sustained musical note that may be slightly out of tune. Identify the NEAREST in-tune pitch (the closest standard musical note). What is the main pitch frequency, expressed in Hertz? Reply with ONLY a number (the frequency in Hz). Nothing else. Output only the answer."
5000,0.0,triangle,waveform,64,101,0,0,0,0,E4,C6,0,0,0,mi,sol#,0,0,0,101,C6,sol#,1108.,data/audio/pitchbench_a5_pitch_slightly_off/329p6hz_triangle_5000ms.wav,329p6hz_triangle_5000ms.wav,This audio contains a single sustained musical note that may be slightly out of tune. Identify the NEAREST in-tune pitch (the closest standard musical note). What is the MIDI note number (an integer from 0 to 127)? Reply with ONLY the integer. Nothing else. Output only the answer.,"This audio contains a single sustained musical note that may be slightly out of tune. Identify the NEAREST in-tune pitch (the closest standard musical note). What is the note name and octave? Reply with ONLY the note name in Scientific Pitch Notation (e.g. C4, F#3, Bb5). Nothing else. Output only the answer.","This audio contains a single sustained musical note that may be slightly out of tune. Identify the NEAREST in-tune pitch (the closest standard musical note). What is the solfege syllable and accidental (if needed) of this pitch? Use fixed-do (do=C, re=D, mi=E, fa=F, sol=G, la=A, si=B). Include sharps or flats when needed (e.g. do#, reb, fa#, sib). Do NOT include the octave. Reply with ONLY the syllable and accidental (if needed). Nothing else. Output only the answer.","This audio contains a single sustained musical note that may be slightly out of tune. Identify the NEAREST in-tune pitch (the closest standard musical note). What is the main pitch frequency, expressed in Hertz? Reply with ONLY a number (the frequency in Hz). Nothing else. Output only the answer."
5000,-2.7782,triangle,waveform,69,71,0,0,0,1,A4,B5,0,0,0,la,sol#,0,0,0,71,B5,sol#,1046.5,data/audio/pitchbench_a5_pitch_slightly_off/437p2hz_triangle_5000ms.wav,437p2hz_triangle_5000ms.wav,This audio contains a single sustained musical note that may be slightly out of tune. Identify the NEAREST in-tune pitch (the closest standard musical note). What is the MIDI note number (an integer from 0 to 127)? Reply with ONLY the integer. Nothing else. Output only the answer.,"This audio contains a single sustained musical note that may be slightly out of tune. Identify the NEAREST in-tune pitch (the closest standard musical note). What is the note name and octave? Reply with ONLY the note name in Scientific Pitch Notation (e.g. C4, F#3, Bb5). Nothing else. Output only the answer.","This audio contains a single sustained musical note that may be slightly out of tune. Identify the NEAREST in-tune pitch (the closest standard musical note). What is the solfege syllable and accidental (if needed) of this pitch? Use fixed-do (do=C, re=D, mi=E, fa=F, sol=G, la=A, si=B). Include sharps or flats when needed (e.g. do#, reb, fa#, sib). Do NOT include the octave. Reply with ONLY the syllable and accidental (if needed). Nothing else. Output only the answer.","This audio contains a single sustained musical note that may be slightly out of tune. Identify the NEAREST in-tune pitch (the closest standard musical note). What is the main pitch frequency, expressed in Hertz? Reply with ONLY a number (the frequency in Hz). Nothing else. Output only the answer."
5000,0.0,triangle,waveform,69,83,0,0,0,0,A4,B5,0,0,0,la,sol#,0,0,0,83,B5,sol#,987,data/audio/pitchbench_a5_pitch_slightly_off/440p0hz_triangle_5000ms.wav,440p0hz_triangle_5000ms.wav,This audio contains a single sustained musical note that may be slightly out of tune. Identify the NEAREST in-tune pitch (the closest standard musical note). What is the MIDI note number (an integer from 0 to 127)? Reply with ONLY the integer. Nothing else. Output only the answer.,"This audio contains a single sustained musical note that may be slightly out of tune. Identify the NEAREST in-tune pitch (the closest standard musical note). What is the note name and octave? Reply with ONLY the note name in Scientific Pitch Notation (e.g. C4, F#3, Bb5). Nothing else. Output only the answer.","This audio contains a single sustained musical note that may be slightly out of tune. Identify the NEAREST in-tune pitch (the closest standard musical note). What is the solfege syllable and accidental (if needed) of this pitch? Use fixed-do (do=C, re=D, mi=E, fa=F, sol=G, la=A, si=B). Include sharps or flats when needed (e.g. do#, reb, fa#, sib). Do NOT include the octave. Reply with ONLY the syllable and accidental (if needed). Nothing else. Output only the answer.","This audio contains a single sustained musical note that may be slightly out of tune. Identify the NEAREST in-tune pitch (the closest standard musical note). What is the main pitch frequency, expressed in Hertz? Reply with ONLY a number (the frequency in Hz). Nothing else. Output only the answer."
5000,10.4892,triangle,waveform,79,103,0,0,1,0,G5,A6,0,0,0,sol,sol,1,0,1,103,A6,sol,1046.5,data/audio/pitchbench_a5_pitch_slightly_off/794p5hz_triangle_5000ms.wav,794p5hz_triangle_5000ms.wav,This audio contains a single sustained musical note that may be slightly out of tune. Identify the NEAREST in-tune pitch (the closest standard musical note). What is the MIDI note number (an integer from 0 to 127)? Reply with ONLY the integer. Nothing else. Output only the answer.,"This audio contains a single sustained musical note that may be slightly out of tune. Identify the NEAREST in-tune pitch (the closest standard musical note). What is the note name and octave? Reply with ONLY the note name in Scientific Pitch Notation (e.g. C4, F#3, Bb5). Nothing else. Output only the answer.","This audio contains a single sustained musical note that may be slightly out of tune. Identify the NEAREST in-tune pitch (the closest standard musical note). What is the solfege syllable and accidental (if needed) of this pitch? Use fixed-do (do=C, re=D, mi=E, fa=F, sol=G, la=A, si=B). Include sharps or flats when needed (e.g. do#, reb, fa#, sib). Do NOT include the octave. Reply with ONLY the syllable and accidental (if needed). Nothing else. Output only the answer.","This audio contains a single sustained musical note that may be slightly out of tune. Identify the NEAREST in-tune pitch (the closest standard musical note). What is the main pitch frequency, expressed in Hertz? Reply with ONLY a number (the frequency in Hz). Nothing else. Output only the answer."
5000,0.0,triangle,waveform,79,46,0,0,0,0,G5,F#4,0,0,0,sol,,0,0,0,46,F#4,Listen to the Audio:**,1046.5,data/audio/pitchbench_a5_pitch_slightly_off/784p0hz_triangle_5000ms.wav,784p0hz_triangle_5000ms.wav,This audio contains a single sustained musical note that may be slightly out of tune. Identify the NEAREST in-tune pitch (the closest standard musical note). What is the MIDI note number (an integer from 0 to 127)? Reply with ONLY the integer. Nothing else. Output only the answer.,"This audio contains a single sustained musical note that may be slightly out of tune. Identify the NEAREST in-tune pitch (the closest standard musical note). What is the note name and octave? Reply with ONLY the note name in Scientific Pitch Notation (e.g. C4, F#3, Bb5). Nothing else. Output only the answer.","This audio contains a single sustained musical note that may be slightly out of tune. Identify the NEAREST in-tune pitch (the closest standard musical note). What is the solfege syllable and accidental (if needed) of this pitch? Use fixed-do (do=C, re=D, mi=E, fa=F, sol=G, la=A, si=B). Include sharps or flats when needed (e.g. do#, reb, fa#, sib). Do NOT include the octave. Reply with ONLY the syllable and accidental (if needed). Nothing else. Output only the answer.","This audio contains a single sustained musical note that may be slightly out of tune. Identify the NEAREST in-tune pitch (the closest standard musical note). What is the main pitch frequency, expressed in Hertz? Reply with ONLY a number (the frequency in Hz). Nothing else. Output only the answer."
1000,-0.584,piano,instrument,30,41,0,0,0,0,F#1,C2,0,0,0,fa#,fa#,1,0,1,41,C2,solb,82.41,data/audio/pitchbench_a5_pitch_slightly_off/45p7hz_piano_1000ms.wav,45p7hz_piano_1000ms.wav,This audio contains a single sustained musical note that may be slightly out of tune. Identify the NEAREST in-tune pitch (the closest standard musical note). What is the MIDI note number (an integer from 0 to 127)? Reply with ONLY the integer. Nothing else. Output only the answer.,"This audio contains a single sustained musical note that may be slightly out of tune. Identify the NEAREST in-tune pitch (the closest standard musical note). What is the note name and octave? Reply with ONLY the note name in Scientific Pitch Notation (e.g. C4, F#3, Bb5). Nothing else. Output only the answer.","This audio contains a single sustained musical note that may be slightly out of tune. Identify the NEAREST in-tune pitch (the closest standard musical note). What is the solfege syllable and accidental (if needed) of this pitch? Use fixed-do (do=C, re=D, mi=E, fa=F, sol=G, la=A, si=B). Include sharps or flats when needed (e.g. do#, reb, fa#, sib). Do NOT include the octave. Reply with ONLY the syllable and accidental (if needed). Nothing else. Output only the answer.","This audio contains a single sustained musical note that may be slightly out of tune. Identify the NEAREST in-tune pitch (the closest standard musical note). What is the main pitch frequency, expressed in Hertz? Reply with ONLY a number (the frequency in Hz). Nothing else. Output only the answer."
1000,0.0,piano,instrument,30,41,0,0,0,0,F#1,C4,0,0,0,fa#,do#,0,0,0,41,C4,"examples: do#, reb,",130.81,data/audio/pitchbench_a5_pitch_slightly_off/46p2hz_piano_1000ms.wav,46p2hz_piano_1000ms.wav,This audio contains a single sustained musical note that may be slightly out of tune. Identify the NEAREST in-tune pitch (the closest standard musical note). What is the MIDI note number (an integer from 0 to 127)? Reply with ONLY the integer. Nothing else. Output only the answer.,"This audio contains a single sustained musical note that may be slightly out of tune. Identify the NEAREST in-tune pitch (the closest standard musical note). What is the note name and octave? Reply with ONLY the note name in Scientific Pitch Notation (e.g. C4, F#3, Bb5). Nothing else. Output only the answer.","This audio contains a single sustained musical note that may be slightly out of tune. Identify the NEAREST in-tune pitch (the closest standard musical note). What is the solfege syllable and accidental (if needed) of this pitch? Use fixed-do (do=C, re=D, mi=E, fa=F, sol=G, la=A, si=B). Include sharps or flats when needed (e.g. do#, reb, fa#, sib). Do NOT include the octave. Reply with ONLY the syllable and accidental (if needed). Nothing else. Output only the answer.","This audio contains a single sustained musical note that may be slightly out of tune. Identify the NEAREST in-tune pitch (the closest standard musical note). What is the main pitch frequency, expressed in Hertz? Reply with ONLY a number (the frequency in Hz). Nothing else. Output only the answer."
5000,0.4375,piano,instrument,36,36,1,1,1,1,C2,D2,0,0,1,do,sol#,0,0,1,36,D2,sol#,261.63,data/audio/pitchbench_a5_pitch_slightly_off/65p8hz_piano_5000ms.wav,65p8hz_piano_5000ms.wav,This audio contains a single sustained musical note that may be slightly out of tune. Identify the NEAREST in-tune pitch (the closest standard musical note). What is the MIDI note number (an integer from 0 to 127)? Reply with ONLY the integer. Nothing else. Output only the answer.,"This audio contains a single sustained musical note that may be slightly out of tune. Identify the NEAREST in-tune pitch (the closest standard musical note). What is the note name and octave? Reply with ONLY the note name in Scientific Pitch Notation (e.g. C4, F#3, Bb5). Nothing else. Output only the answer.","This audio contains a single sustained musical note that may be slightly out of tune. Identify the NEAREST in-tune pitch (the closest standard musical note). What is the solfege syllable and accidental (if needed) of this pitch? Use fixed-do (do=C, re=D, mi=E, fa=F, sol=G, la=A, si=B). Include sharps or flats when needed (e.g. do#, reb, fa#, sib). Do NOT include the octave. Reply with ONLY the syllable and accidental (if needed). Nothing else. Output only the answer.","This audio contains a single sustained musical note that may be slightly out of tune. Identify the NEAREST in-tune pitch (the closest standard musical note). What is the main pitch frequency, expressed in Hertz? Reply with ONLY a number (the frequency in Hz). Nothing else. Output only the answer."
5000,0.0,piano,instrument,36,85,0,0,0,0,C2,C2,1,1,1,do,sol#,0,0,1,85,C2,sol#,130.81,data/audio/pitchbench_a5_pitch_slightly_off/65p4hz_piano_5000ms.wav,65p4hz_piano_5000ms.wav,This audio contains a single sustained musical note that may be slightly out of tune. Identify the NEAREST in-tune pitch (the closest standard musical note). What is the MIDI note number (an integer from 0 to 127)? Reply with ONLY the integer. Nothing else. Output only the answer.,"This audio contains a single sustained musical note that may be slightly out of tune. Identify the NEAREST in-tune pitch (the closest standard musical note). What is the note name and octave? Reply with ONLY the note name in Scientific Pitch Notation (e.g. C4, F#3, Bb5). Nothing else. Output only the answer.","This audio contains a single sustained musical note that may be slightly out of tune. Identify the NEAREST in-tune pitch (the closest standard musical note). What is the solfege syllable and accidental (if needed) of this pitch? Use fixed-do (do=C, re=D, mi=E, fa=F, sol=G, la=A, si=B). Include sharps or flats when needed (e.g. do#, reb, fa#, sib). Do NOT include the octave. Reply with ONLY the syllable and accidental (if needed). Nothing else. Output only the answer.","This audio contains a single sustained musical note that may be slightly out of tune. Identify the NEAREST in-tune pitch (the closest standard musical note). What is the main pitch frequency, expressed in Hertz? Reply with ONLY a number (the frequency in Hz). Nothing else. Output only the answer."
1000,1.2376,piano,instrument,54,80,0,0,0,0,F#3,G#4,0,0,0,fa#,sol#,0,0,0,80,G#4,sol#,1046,data/audio/pitchbench_a5_pitch_slightly_off/186p2hz_piano_1000ms.wav,186p2hz_piano_1000ms.wav,This audio contains a single sustained musical note that may be slightly out of tune. Identify the NEAREST in-tune pitch (the closest standard musical note). What is the MIDI note number (an integer from 0 to 127)? Reply with ONLY the integer. Nothing else. Output only the answer.,"This audio contains a single sustained musical note that may be slightly out of tune. Identify the NEAREST in-tune pitch (the closest standard musical note). What is the note name and octave? Reply with ONLY the note name in Scientific Pitch Notation (e.g. C4, F#3, Bb5). Nothing else. Output only the answer.","This audio contains a single sustained musical note that may be slightly out of tune. Identify the NEAREST in-tune pitch (the closest standard musical note). What is the solfege syllable and accidental (if needed) of this pitch? Use fixed-do (do=C, re=D, mi=E, fa=F, sol=G, la=A, si=B). Include sharps or flats when needed (e.g. do#, reb, fa#, sib). Do NOT include the octave. Reply with ONLY the syllable and accidental (if needed). Nothing else. Output only the answer.","This audio contains a single sustained musical note that may be slightly out of tune. Identify the NEAREST in-tune pitch (the closest standard musical note). What is the main pitch frequency, expressed in Hertz? Reply with ONLY a number (the frequency in Hz). Nothing else. Output only the answer."
1000,0.0,piano,instrument,54,80,0,0,0,0,F#3,G#5,0,0,0,fa#,sol#,0,0,0,80,G#5,sol#,415.3,data/audio/pitchbench_a5_pitch_slightly_off/185p0hz_piano_1000ms.wav,185p0hz_piano_1000ms.wav,This audio contains a single sustained musical note that may be slightly out of tune. Identify the NEAREST in-tune pitch (the closest standard musical note). What is the MIDI note number (an integer from 0 to 127)? Reply with ONLY the integer. Nothing else. Output only the answer.,"This audio contains a single sustained musical note that may be slightly out of tune. Identify the NEAREST in-tune pitch (the closest standard musical note). What is the note name and octave? Reply with ONLY the note name in Scientific Pitch Notation (e.g. C4, F#3, Bb5). Nothing else. Output only the answer.","This audio contains a single sustained musical note that may be slightly out of tune. Identify the NEAREST in-tune pitch (the closest standard musical note). What is the solfege syllable and accidental (if needed) of this pitch? Use fixed-do (do=C, re=D, mi=E, fa=F, sol=G, la=A, si=B). Include sharps or flats when needed (e.g. do#, reb, fa#, sib). Do NOT include the octave. Reply with ONLY the syllable and accidental (if needed). Nothing else. Output only the answer.","This audio contains a single sustained musical note that may be slightly out of tune. Identify the NEAREST in-tune pitch (the closest standard musical note). What is the main pitch frequency, expressed in Hertz? Reply with ONLY a number (the frequency in Hz). Nothing else. Output only the answer."
5000,-2.3362,piano,instrument,54,68,0,0,0,0,F#3,G#4,0,0,0,fa#,sol#,0,0,0,68,G#4,sol#,415.3,data/audio/pitchbench_a5_pitch_slightly_off/182p7hz_piano_5000ms.wav,182p7hz_piano_5000ms.wav,This audio contains a single sustained musical note that may be slightly out of tune. Identify the NEAREST in-tune pitch (the closest standard musical note). What is the MIDI note number (an integer from 0 to 127)? Reply with ONLY the integer. Nothing else. Output only the answer.,"This audio contains a single sustained musical note that may be slightly out of tune. Identify the NEAREST in-tune pitch (the closest standard musical note). What is the note name and octave? Reply with ONLY the note name in Scientific Pitch Notation (e.g. C4, F#3, Bb5). Nothing else. Output only the answer.","This audio contains a single sustained musical note that may be slightly out of tune. Identify the NEAREST in-tune pitch (the closest standard musical note). What is the solfege syllable and accidental (if needed) of this pitch? Use fixed-do (do=C, re=D, mi=E, fa=F, sol=G, la=A, si=B). Include sharps or flats when needed (e.g. do#, reb, fa#, sib). Do NOT include the octave. Reply with ONLY the syllable and accidental (if needed). Nothing else. Output only the answer.","This audio contains a single sustained musical note that may be slightly out of tune. Identify the NEAREST in-tune pitch (the closest standard musical note). What is the main pitch frequency, expressed in Hertz? Reply with ONLY a number (the frequency in Hz). Nothing else. Output only the answer."
5000,0.0,piano,instrument,54,80,0,0,0,0,F#3,G#4,0,0,0,fa#,sol#,0,0,0,80,G#4,sol#,415.,data/audio/pitchbench_a5_pitch_slightly_off/185p0hz_piano_5000ms.wav,185p0hz_piano_5000ms.wav,This audio contains a single sustained musical note that may be slightly out of tune. Identify the NEAREST in-tune pitch (the closest standard musical note). What is the MIDI note number (an integer from 0 to 127)? Reply with ONLY the integer. Nothing else. Output only the answer.,"This audio contains a single sustained musical note that may be slightly out of tune. Identify the NEAREST in-tune pitch (the closest standard musical note). What is the note name and octave? Reply with ONLY the note name in Scientific Pitch Notation (e.g. C4, F#3, Bb5). Nothing else. Output only the answer.","This audio contains a single sustained musical note that may be slightly out of tune. Identify the NEAREST in-tune pitch (the closest standard musical note). What is the solfege syllable and accidental (if needed) of this pitch? Use fixed-do (do=C, re=D, mi=E, fa=F, sol=G, la=A, si=B). Include sharps or flats when needed (e.g. do#, reb, fa#, sib). Do NOT include the octave. Reply with ONLY the syllable and accidental (if needed). Nothing else. Output only the answer.","This audio contains a single sustained musical note that may be slightly out of tune. Identify the NEAREST in-tune pitch (the closest standard musical note). What is the main pitch frequency, expressed in Hertz? Reply with ONLY a number (the frequency in Hz). Nothing else. Output only the answer."
1000,-1.6519,piano,instrument,60,84,0,0,1,0,C4,F5,0,0,0,do,sol,0,0,0,84,F5,sol,1046,data/audio/pitchbench_a5_pitch_slightly_off/260p0hz_piano_1000ms.wav,260p0hz_piano_1000ms.wav,This audio contains a single sustained musical note that may be slightly out of tune. Identify the NEAREST in-tune pitch (the closest standard musical note). What is the MIDI note number (an integer from 0 to 127)? Reply with ONLY the integer. Nothing else. Output only the answer.,"This audio contains a single sustained musical note that may be slightly out of tune. Identify the NEAREST in-tune pitch (the closest standard musical note). What is the note name and octave? Reply with ONLY the note name in Scientific Pitch Notation (e.g. C4, F#3, Bb5). Nothing else. Output only the answer.","This audio contains a single sustained musical note that may be slightly out of tune. Identify the NEAREST in-tune pitch (the closest standard musical note). What is the solfege syllable and accidental (if needed) of this pitch? Use fixed-do (do=C, re=D, mi=E, fa=F, sol=G, la=A, si=B). Include sharps or flats when needed (e.g. do#, reb, fa#, sib). Do NOT include the octave. Reply with ONLY the syllable and accidental (if needed). Nothing else. Output only the answer.","This audio contains a single sustained musical note that may be slightly out of tune. Identify the NEAREST in-tune pitch (the closest standard musical note). What is the main pitch frequency, expressed in Hertz? Reply with ONLY a number (the frequency in Hz). Nothing else. Output only the answer."
1000,0.0,piano,instrument,60,86,0,0,0,0,C4,F#5,0,0,0,do,sol#,0,0,0,86,F#5,sol#,440,data/audio/pitchbench_a5_pitch_slightly_off/261p6hz_piano_1000ms.wav,261p6hz_piano_1000ms.wav,This audio contains a single sustained musical note that may be slightly out of tune. Identify the NEAREST in-tune pitch (the closest standard musical note). What is the MIDI note number (an integer from 0 to 127)? Reply with ONLY the integer. Nothing else. Output only the answer.,"This audio contains a single sustained musical note that may be slightly out of tune. Identify the NEAREST in-tune pitch (the closest standard musical note). What is the note name and octave? Reply with ONLY the note name in Scientific Pitch Notation (e.g. C4, F#3, Bb5). Nothing else. Output only the answer.","This audio contains a single sustained musical note that may be slightly out of tune. Identify the NEAREST in-tune pitch (the closest standard musical note). What is the solfege syllable and accidental (if needed) of this pitch? Use fixed-do (do=C, re=D, mi=E, fa=F, sol=G, la=A, si=B). Include sharps or flats when needed (e.g. do#, reb, fa#, sib). Do NOT include the octave. Reply with ONLY the syllable and accidental (if needed). Nothing else. Output only the answer.","This audio contains a single sustained musical note that may be slightly out of tune. Identify the NEAREST in-tune pitch (the closest standard musical note). What is the main pitch frequency, expressed in Hertz? Reply with ONLY a number (the frequency in Hz). Nothing else. Output only the answer."
5000,-3.3039,piano,instrument,60,86,0,0,0,0,C4,D5,0,0,0,do,re,0,0,0,86,D5,re,523.25,data/audio/pitchbench_a5_pitch_slightly_off/258p3hz_piano_5000ms.wav,258p3hz_piano_5000ms.wav,This audio contains a single sustained musical note that may be slightly out of tune. Identify the NEAREST in-tune pitch (the closest standard musical note). What is the MIDI note number (an integer from 0 to 127)? Reply with ONLY the integer. Nothing else. Output only the answer.,"This audio contains a single sustained musical note that may be slightly out of tune. Identify the NEAREST in-tune pitch (the closest standard musical note). What is the note name and octave? Reply with ONLY the note name in Scientific Pitch Notation (e.g. C4, F#3, Bb5). Nothing else. Output only the answer.","This audio contains a single sustained musical note that may be slightly out of tune. Identify the NEAREST in-tune pitch (the closest standard musical note). What is the solfege syllable and accidental (if needed) of this pitch? Use fixed-do (do=C, re=D, mi=E, fa=F, sol=G, la=A, si=B). Include sharps or flats when needed (e.g. do#, reb, fa#, sib). Do NOT include the octave. Reply with ONLY the syllable and accidental (if needed). Nothing else. Output only the answer.","This audio contains a single sustained musical note that may be slightly out of tune. Identify the NEAREST in-tune pitch (the closest standard musical note). What is the main pitch frequency, expressed in Hertz? Reply with ONLY a number (the frequency in Hz). Nothing else. Output only the answer."
5000,0.0,piano,instrument,60,74,0,0,0,0,C4,D5,0,0,0,do,re,0,0,0,74,D5,re,1174.,data/audio/pitchbench_a5_pitch_slightly_off/261p6hz_piano_5000ms.wav,261p6hz_piano_5000ms.wav,This audio contains a single sustained musical note that may be slightly out of tune. Identify the NEAREST in-tune pitch (the closest standard musical note). What is the MIDI note number (an integer from 0 to 127)? Reply with ONLY the integer. Nothing else. Output only the answer.,"This audio contains a single sustained musical note that may be slightly out of tune. Identify the NEAREST in-tune pitch (the closest standard musical note). What is the note name and octave? Reply with ONLY the note name in Scientific Pitch Notation (e.g. C4, F#3, Bb5). Nothing else. Output only the answer.","This audio contains a single sustained musical note that may be slightly out of tune. Identify the NEAREST in-tune pitch (the closest standard musical note). What is the solfege syllable and accidental (if needed) of this pitch? Use fixed-do (do=C, re=D, mi=E, fa=F, sol=G, la=A, si=B). Include sharps or flats when needed (e.g. do#, reb, fa#, sib). Do NOT include the octave. Reply with ONLY the syllable and accidental (if needed). Nothing else. Output only the answer.","This audio contains a single sustained musical note that may be slightly out of tune. Identify the NEAREST in-tune pitch (the closest standard musical note). What is the main pitch frequency, expressed in Hertz? Reply with ONLY a number (the frequency in Hz). Nothing else. Output only the answer."
5000,2.2051,piano,instrument,64,66,0,0,0,1,E4,F#4,0,0,1,mi,fa#,0,0,0,66,F#4,fa#,185,data/audio/pitchbench_a5_pitch_slightly_off/331p8hz_piano_5000ms.wav,331p8hz_piano_5000ms.wav,This audio contains a single sustained musical note that may be slightly out of tune. Identify the NEAREST in-tune pitch (the closest standard musical note). What is the MIDI note number (an integer from 0 to 127)? Reply with ONLY the integer. Nothing else. Output only the answer.,"This audio contains a single sustained musical note that may be slightly out of tune. Identify the NEAREST in-tune pitch (the closest standard musical note). What is the note name and octave? Reply with ONLY the note name in Scientific Pitch Notation (e.g. C4, F#3, Bb5). Nothing else. Output only the answer.","This audio contains a single sustained musical note that may be slightly out of tune. Identify the NEAREST in-tune pitch (the closest standard musical note). What is the solfege syllable and accidental (if needed) of this pitch? Use fixed-do (do=C, re=D, mi=E, fa=F, sol=G, la=A, si=B). Include sharps or flats when needed (e.g. do#, reb, fa#, sib). Do NOT include the octave. Reply with ONLY the syllable and accidental (if needed). Nothing else. Output only the answer.","This audio contains a single sustained musical note that may be slightly out of tune. Identify the NEAREST in-tune pitch (the closest standard musical note). What is the main pitch frequency, expressed in Hertz? Reply with ONLY a number (the frequency in Hz). Nothing else. Output only the answer."
5000,0.0,piano,instrument,64,66,0,0,0,1,E4,F#5,0,0,0,mi,fa#,0,0,0,66,F#5,fa#,1479.9,data/audio/pitchbench_a5_pitch_slightly_off/329p6hz_piano_5000ms.wav,329p6hz_piano_5000ms.wav,This audio contains a single sustained musical note that may be slightly out of tune. Identify the NEAREST in-tune pitch (the closest standard musical note). What is the MIDI note number (an integer from 0 to 127)? Reply with ONLY the integer. Nothing else. Output only the answer.,"This audio contains a single sustained musical note that may be slightly out of tune. Identify the NEAREST in-tune pitch (the closest standard musical note). What is the note name and octave? Reply with ONLY the note name in Scientific Pitch Notation (e.g. C4, F#3, Bb5). Nothing else. Output only the answer.","This audio contains a single sustained musical note that may be slightly out of tune. Identify the NEAREST in-tune pitch (the closest standard musical note). What is the solfege syllable and accidental (if needed) of this pitch? Use fixed-do (do=C, re=D, mi=E, fa=F, sol=G, la=A, si=B). Include sharps or flats when needed (e.g. do#, reb, fa#, sib). Do NOT include the octave. Reply with ONLY the syllable and accidental (if needed). Nothing else. Output only the answer.","This audio contains a single sustained musical note that may be slightly out of tune. Identify the NEAREST in-tune pitch (the closest standard musical note). What is the main pitch frequency, expressed in Hertz? Reply with ONLY a number (the frequency in Hz). Nothing else. Output only the answer."
1000,2.9434,piano,instrument,69,88,0,0,0,0,A4,D2,0,0,0,la,sol#,0,0,0,88,D2,sol#,104,data/audio/pitchbench_a5_pitch_slightly_off/442p9hz_piano_1000ms.wav,442p9hz_piano_1000ms.wav,This audio contains a single sustained musical note that may be slightly out of tune. Identify the NEAREST in-tune pitch (the closest standard musical note). What is the MIDI note number (an integer from 0 to 127)? Reply with ONLY the integer. Nothing else. Output only the answer.,"This audio contains a single sustained musical note that may be slightly out of tune. Identify the NEAREST in-tune pitch (the closest standard musical note). What is the note name and octave? Reply with ONLY the note name in Scientific Pitch Notation (e.g. C4, F#3, Bb5). Nothing else. Output only the answer.","This audio contains a single sustained musical note that may be slightly out of tune. Identify the NEAREST in-tune pitch (the closest standard musical note). What is the solfege syllable and accidental (if needed) of this pitch? Use fixed-do (do=C, re=D, mi=E, fa=F, sol=G, la=A, si=B). Include sharps or flats when needed (e.g. do#, reb, fa#, sib). Do NOT include the octave. Reply with ONLY the syllable and accidental (if needed). Nothing else. Output only the answer.","This audio contains a single sustained musical note that may be slightly out of tune. Identify the NEAREST in-tune pitch (the closest standard musical note). What is the main pitch frequency, expressed in Hertz? Reply with ONLY a number (the frequency in Hz). Nothing else. Output only the answer."
1000,0.0,piano,instrument,69,88,0,0,0,0,A4,D2,0,0,0,la,,0,0,0,88,D2,": # for sharp, b",1396.9,data/audio/pitchbench_a5_pitch_slightly_off/440p0hz_piano_1000ms.wav,440p0hz_piano_1000ms.wav,This audio contains a single sustained musical note that may be slightly out of tune. Identify the NEAREST in-tune pitch (the closest standard musical note). What is the MIDI note number (an integer from 0 to 127)? Reply with ONLY the integer. Nothing else. Output only the answer.,"This audio contains a single sustained musical note that may be slightly out of tune. Identify the NEAREST in-tune pitch (the closest standard musical note). What is the note name and octave? Reply with ONLY the note name in Scientific Pitch Notation (e.g. C4, F#3, Bb5). Nothing else. Output only the answer.","This audio contains a single sustained musical note that may be slightly out of tune. Identify the NEAREST in-tune pitch (the closest standard musical note). What is the solfege syllable and accidental (if needed) of this pitch? Use fixed-do (do=C, re=D, mi=E, fa=F, sol=G, la=A, si=B). Include sharps or flats when needed (e.g. do#, reb, fa#, sib). Do NOT include the octave. Reply with ONLY the syllable and accidental (if needed). Nothing else. Output only the answer.","This audio contains a single sustained musical note that may be slightly out of tune. Identify the NEAREST in-tune pitch (the closest standard musical note). What is the main pitch frequency, expressed in Hertz? Reply with ONLY a number (the frequency in Hz). Nothing else. Output only the answer."
1000,5.8868,piano,instrument,69,88,0,0,0,0,A4,D2,0,0,0,la,sol#,0,0,0,88,D2,sol#,1396.9,data/audio/pitchbench_a5_pitch_slightly_off/445p9hz_piano_1000ms.wav,445p9hz_piano_1000ms.wav,This audio contains a single sustained musical note that may be slightly out of tune. Identify the NEAREST in-tune pitch (the closest standard musical note). What is the MIDI note number (an integer from 0 to 127)? Reply with ONLY the integer. Nothing else. Output only the answer.,"This audio contains a single sustained musical note that may be slightly out of tune. Identify the NEAREST in-tune pitch (the closest standard musical note). What is the note name and octave? Reply with ONLY the note name in Scientific Pitch Notation (e.g. C4, F#3, Bb5). Nothing else. Output only the answer.","This audio contains a single sustained musical note that may be slightly out of tune. Identify the NEAREST in-tune pitch (the closest standard musical note). What is the solfege syllable and accidental (if needed) of this pitch? Use fixed-do (do=C, re=D, mi=E, fa=F, sol=G, la=A, si=B). Include sharps or flats when needed (e.g. do#, reb, fa#, sib). Do NOT include the octave. Reply with ONLY the syllable and accidental (if needed). Nothing else. Output only the answer.","This audio contains a single sustained musical note that may be slightly out of tune. Identify the NEAREST in-tune pitch (the closest standard musical note). What is the main pitch frequency, expressed in Hertz? Reply with ONLY a number (the frequency in Hz). Nothing else. Output only the answer."
1000,0.0,piano,instrument,69,100,0,0,0,0,A4,F#6,0,0,0,la,,0,0,0,100,F#6,": # for sharp, b",1396.9,data/audio/pitchbench_a5_pitch_slightly_off/440p0hz_piano_1000ms.wav,440p0hz_piano_1000ms.wav,This audio contains a single sustained musical note that may be slightly out of tune. Identify the NEAREST in-tune pitch (the closest standard musical note). What is the MIDI note number (an integer from 0 to 127)? Reply with ONLY the integer. Nothing else. Output only the answer.,"This audio contains a single sustained musical note that may be slightly out of tune. Identify the NEAREST in-tune pitch (the closest standard musical note). What is the note name and octave? Reply with ONLY the note name in Scientific Pitch Notation (e.g. C4, F#3, Bb5). Nothing else. Output only the answer.","This audio contains a single sustained musical note that may be slightly out of tune. Identify the NEAREST in-tune pitch (the closest standard musical note). What is the solfege syllable and accidental (if needed) of this pitch? Use fixed-do (do=C, re=D, mi=E, fa=F, sol=G, la=A, si=B). Include sharps or flats when needed (e.g. do#, reb, fa#, sib). Do NOT include the octave. Reply with ONLY the syllable and accidental (if needed). Nothing else. Output only the answer.","This audio contains a single sustained musical note that may be slightly out of tune. Identify the NEAREST in-tune pitch (the closest standard musical note). What is the main pitch frequency, expressed in Hertz? Reply with ONLY a number (the frequency in Hz). Nothing else. Output only the answer."
1000,8.8203,piano,instrument,88,85,0,0,0,1,E6,G2,0,0,0,mi,do#,0,0,0,85,G2,"examples: do#, reb,",1046.5,data/audio/pitchbench_a5_pitch_slightly_off/1327p3hz_piano_1000ms.wav,1327p3hz_piano_1000ms.wav,This audio contains a single sustained musical note that may be slightly out of tune. Identify the NEAREST in-tune pitch (the closest standard musical note). What is the MIDI note number (an integer from 0 to 127)? Reply with ONLY the integer. Nothing else. Output only the answer.,"This audio contains a single sustained musical note that may be slightly out of tune. Identify the NEAREST in-tune pitch (the closest standard musical note). What is the note name and octave? Reply with ONLY the note name in Scientific Pitch Notation (e.g. C4, F#3, Bb5). Nothing else. Output only the answer.","This audio contains a single sustained musical note that may be slightly out of tune. Identify the NEAREST in-tune pitch (the closest standard musical note). What is the solfege syllable and accidental (if needed) of this pitch? Use fixed-do (do=C, re=D, mi=E, fa=F, sol=G, la=A, si=B). Include sharps or flats when needed (e.g. do#, reb, fa#, sib). Do NOT include the octave. Reply with ONLY the syllable and accidental (if needed). Nothing else. Output only the answer.","This audio contains a single sustained musical note that may be slightly out of tune. Identify the NEAREST in-tune pitch (the closest standard musical note). What is the main pitch frequency, expressed in Hertz? Reply with ONLY a number (the frequency in Hz). Nothing else. Output only the answer."
1000,0.0,piano,instrument,88,33,0,0,0,0,E6,G2,0,0,0,mi,do#,0,0,0,33,G2,"examples: do#, reb,",440,data/audio/pitchbench_a5_pitch_slightly_off/1318p5hz_piano_1000ms.wav,1318p5hz_piano_1000ms.wav,This audio contains a single sustained musical note that may be slightly out of tune. Identify the NEAREST in-tune pitch (the closest standard musical note). What is the MIDI note number (an integer from 0 to 127)? Reply with ONLY the integer. Nothing else. Output only the answer.,"This audio contains a single sustained musical note that may be slightly out of tune. Identify the NEAREST in-tune pitch (the closest standard musical note). What is the note name and octave? Reply with ONLY the note name in Scientific Pitch Notation (e.g. C4, F#3, Bb5). Nothing else. Output only the answer.","This audio contains a single sustained musical note that may be slightly out of tune. Identify the NEAREST in-tune pitch (the closest standard musical note). What is the solfege syllable and accidental (if needed) of this pitch? Use fixed-do (do=C, re=D, mi=E, fa=F, sol=G, la=A, si=B). Include sharps or flats when needed (e.g. do#, reb, fa#, sib). Do NOT include the octave. Reply with ONLY the syllable and accidental (if needed). Nothing else. Output only the answer.","This audio contains a single sustained musical note that may be slightly out of tune. Identify the NEAREST in-tune pitch (the closest standard musical note). What is the main pitch frequency, expressed in Hertz? Reply with ONLY a number (the frequency in Hz). Nothing else. Output only the answer."
1000,-0.826,electric_keyboard,instrument,36,37,0,1,0,1,C2,F2,0,0,1,do,do#,0,0,0,37,F2,"examples: do#, reb,",41.2,data/audio/pitchbench_a5_pitch_slightly_off/64p6hz_electric_keyboard_1000ms.wav,64p6hz_electric_keyboard_1000ms.wav,This audio contains a single sustained musical note that may be slightly out of tune. Identify the NEAREST in-tune pitch (the closest standard musical note). What is the MIDI note number (an integer from 0 to 127)? Reply with ONLY the integer. Nothing else. Output only the answer.,"This audio contains a single sustained musical note that may be slightly out of tune. Identify the NEAREST in-tune pitch (the closest standard musical note). What is the note name and octave? Reply with ONLY the note name in Scientific Pitch Notation (e.g. C4, F#3, Bb5). Nothing else. Output only the answer.","This audio contains a single sustained musical note that may be slightly out of tune. Identify the NEAREST in-tune pitch (the closest standard musical note). What is the solfege syllable and accidental (if needed) of this pitch? Use fixed-do (do=C, re=D, mi=E, fa=F, sol=G, la=A, si=B). Include sharps or flats when needed (e.g. do#, reb, fa#, sib). Do NOT include the octave. Reply with ONLY the syllable and accidental (if needed). Nothing else. Output only the answer.","This audio contains a single sustained musical note that may be slightly out of tune. Identify the NEAREST in-tune pitch (the closest standard musical note). What is the main pitch frequency, expressed in Hertz? Reply with ONLY a number (the frequency in Hz). Nothing else. Output only the answer."
1000,0.0,electric_keyboard,instrument,36,40,0,0,0,1,C2,C2,1,1,1,do,do#,0,0,1,40,C2,"examples: do#, reb,",130.81,data/audio/pitchbench_a5_pitch_slightly_off/65p4hz_electric_keyboard_1000ms.wav,65p4hz_electric_keyboard_1000ms.wav,This audio contains a single sustained musical note that may be slightly out of tune. Identify the NEAREST in-tune pitch (the closest standard musical note). What is the MIDI note number (an integer from 0 to 127)? Reply with ONLY the integer. Nothing else. Output only the answer.,"This audio contains a single sustained musical note that may be slightly out of tune. Identify the NEAREST in-tune pitch (the closest standard musical note). What is the note name and octave? Reply with ONLY the note name in Scientific Pitch Notation (e.g. C4, F#3, Bb5). Nothing else. Output only the answer.","This audio contains a single sustained musical note that may be slightly out of tune. Identify the NEAREST in-tune pitch (the closest standard musical note). What is the solfege syllable and accidental (if needed) of this pitch? Use fixed-do (do=C, re=D, mi=E, fa=F, sol=G, la=A, si=B). Include sharps or flats when needed (e.g. do#, reb, fa#, sib). Do NOT include the octave. Reply with ONLY the syllable and accidental (if needed). Nothing else. Output only the answer.","This audio contains a single sustained musical note that may be slightly out of tune. Identify the NEAREST in-tune pitch (the closest standard musical note). What is the main pitch frequency, expressed in Hertz? Reply with ONLY a number (the frequency in Hz). Nothing else. Output only the answer."
1000,-1.6519,electric_keyboard,instrument,48,63,0,0,0,0,C3,F4,0,0,0,do,fa#,0,1,1,63,F4,fa#,130.8,data/audio/pitchbench_a5_pitch_slightly_off/129p2hz_electric_keyboard_1000ms.wav,129p2hz_electric_keyboard_1000ms.wav,This audio contains a single sustained musical note that may be slightly out of tune. Identify the NEAREST in-tune pitch (the closest standard musical note). What is the MIDI note number (an integer from 0 to 127)? Reply with ONLY the integer. Nothing else. Output only the answer.,"This audio contains a single sustained musical note that may be slightly out of tune. Identify the NEAREST in-tune pitch (the closest standard musical note). What is the note name and octave? Reply with ONLY the note name in Scientific Pitch Notation (e.g. C4, F#3, Bb5). Nothing else. Output only the answer.","This audio contains a single sustained musical note that may be slightly out of tune. Identify the NEAREST in-tune pitch (the closest standard musical note). What is the solfege syllable and accidental (if needed) of this pitch? Use fixed-do (do=C, re=D, mi=E, fa=F, sol=G, la=A, si=B). Include sharps or flats when needed (e.g. do#, reb, fa#, sib). Do NOT include the octave. Reply with ONLY the syllable and accidental (if needed). Nothing else. Output only the answer.","This audio contains a single sustained musical note that may be slightly out of tune. Identify the NEAREST in-tune pitch (the closest standard musical note). What is the main pitch frequency, expressed in Hertz? Reply with ONLY a number (the frequency in Hz). Nothing else. Output only the answer."
1000,0.0,electric_keyboard,instrument,48,48,1,1,1,1,C3,D2,0,0,0,do,sol#,0,1,1,48,D2,sol#,130.81,data/audio/pitchbench_a5_pitch_slightly_off/130p8hz_electric_keyboard_1000ms.wav,130p8hz_electric_keyboard_1000ms.wav,This audio contains a single sustained musical note that may be slightly out of tune. Identify the NEAREST in-tune pitch (the closest standard musical note). What is the MIDI note number (an integer from 0 to 127)? Reply with ONLY the integer. Nothing else. Output only the answer.,"This audio contains a single sustained musical note that may be slightly out of tune. Identify the NEAREST in-tune pitch (the closest standard musical note). What is the note name and octave? Reply with ONLY the note name in Scientific Pitch Notation (e.g. C4, F#3, Bb5). Nothing else. Output only the answer.","This audio contains a single sustained musical note that may be slightly out of tune. Identify the NEAREST in-tune pitch (the closest standard musical note). What is the solfege syllable and accidental (if needed) of this pitch? Use fixed-do (do=C, re=D, mi=E, fa=F, sol=G, la=A, si=B). Include sharps or flats when needed (e.g. do#, reb, fa#, sib). Do NOT include the octave. Reply with ONLY the syllable and accidental (if needed). Nothing else. Output only the answer.","This audio contains a single sustained musical note that may be slightly out of tune. Identify the NEAREST in-tune pitch (the closest standard musical note). What is the main pitch frequency, expressed in Hertz? Reply with ONLY a number (the frequency in Hz). Nothing else. Output only the answer."
1000,-0.826,electric_keyboard,instrument,48,60,0,0,1,0,C3,C4,0,1,0,do,fa#,0,0,0,60,C4,fa#,65.41,data/audio/pitchbench_a5_pitch_slightly_off/130p0hz_electric_keyboard_1000ms.wav,130p0hz_electric_keyboard_1000ms.wav,This audio contains a single sustained musical note that may be slightly out of tune. Identify the NEAREST in-tune pitch (the closest standard musical note). What is the MIDI note number (an integer from 0 to 127)? Reply with ONLY the integer. Nothing else. Output only the answer.,"This audio contains a single sustained musical note that may be slightly out of tune. Identify the NEAREST in-tune pitch (the closest standard musical note). What is the note name and octave? Reply with ONLY the note name in Scientific Pitch Notation (e.g. C4, F#3, Bb5). Nothing else. Output only the answer.","This audio contains a single sustained musical note that may be slightly out of tune. Identify the NEAREST in-tune pitch (the closest standard musical note). What is the solfege syllable and accidental (if needed) of this pitch? Use fixed-do (do=C, re=D, mi=E, fa=F, sol=G, la=A, si=B). Include sharps or flats when needed (e.g. do#, reb, fa#, sib). Do NOT include the octave. Reply with ONLY the syllable and accidental (if needed). Nothing else. Output only the answer.","This audio contains a single sustained musical note that may be slightly out of tune. Identify the NEAREST in-tune pitch (the closest standard musical note). What is the main pitch frequency, expressed in Hertz? Reply with ONLY a number (the frequency in Hz). Nothing else. Output only the answer."
1000,0.0,electric_keyboard,instrument,48,41,0,0,0,0,C3,D2,0,0,0,do,sol#,0,0,0,41,D2,sol#,41.20,data/audio/pitchbench_a5_pitch_slightly_off/130p8hz_electric_keyboard_1000ms.wav,130p8hz_electric_keyboard_1000ms.wav,This audio contains a single sustained musical note that may be slightly out of tune. Identify the NEAREST in-tune pitch (the closest standard musical note). What is the MIDI note number (an integer from 0 to 127)? Reply with ONLY the integer. Nothing else. Output only the answer.,"This audio contains a single sustained musical note that may be slightly out of tune. Identify the NEAREST in-tune pitch (the closest standard musical note). What is the note name and octave? Reply with ONLY the note name in Scientific Pitch Notation (e.g. C4, F#3, Bb5). Nothing else. Output only the answer.","This audio contains a single sustained musical note that may be slightly out of tune. Identify the NEAREST in-tune pitch (the closest standard musical note). What is the solfege syllable and accidental (if needed) of this pitch? Use fixed-do (do=C, re=D, mi=E, fa=F, sol=G, la=A, si=B). Include sharps or flats when needed (e.g. do#, reb, fa#, sib). Do NOT include the octave. Reply with ONLY the syllable and accidental (if needed). Nothing else. Output only the answer.","This audio contains a single sustained musical note that may be slightly out of tune. Identify the NEAREST in-tune pitch (the closest standard musical note). What is the main pitch frequency, expressed in Hertz? Reply with ONLY a number (the frequency in Hz). Nothing else. Output only the answer."
1000,0.8751,electric_keyboard,instrument,48,36,0,0,1,0,C3,,0,0,0,do,,0,0,0,36,C,": # for sharp,",41.20,data/audio/pitchbench_a5_pitch_slightly_off/131p7hz_electric_keyboard_1000ms.wav,131p7hz_electric_keyboard_1000ms.wav,This audio contains a single sustained musical note that may be slightly out of tune. Identify the NEAREST in-tune pitch (the closest standard musical note). What is the MIDI note number (an integer from 0 to 127)? Reply with ONLY the integer. Nothing else. Output only the answer.,"This audio contains a single sustained musical note that may be slightly out of tune. Identify the NEAREST in-tune pitch (the closest standard musical note). What is the note name and octave? Reply with ONLY the note name in Scientific Pitch Notation (e.g. C4, F#3, Bb5). Nothing else. Output only the answer.","This audio contains a single sustained musical note that may be slightly out of tune. Identify the NEAREST in-tune pitch (the closest standard musical note). What is the solfege syllable and accidental (if needed) of this pitch? Use fixed-do (do=C, re=D, mi=E, fa=F, sol=G, la=A, si=B). Include sharps or flats when needed (e.g. do#, reb, fa#, sib). Do NOT include the octave. Reply with ONLY the syllable and accidental (if needed). Nothing else. Output only the answer.","This audio contains a single sustained musical note that may be slightly out of tune. Identify the NEAREST in-tune pitch (the closest standard musical note). What is the main pitch frequency, expressed in Hertz? Reply with ONLY a number (the frequency in Hz). Nothing else. Output only the answer."
1000,0.0,electric_keyboard,instrument,48,36,0,0,1,0,C3,C2,0,1,0,do,,0,0,0,36,C2,": # for sharp,",103.,data/audio/pitchbench_a5_pitch_slightly_off/130p8hz_electric_keyboard_1000ms.wav,130p8hz_electric_keyboard_1000ms.wav,This audio contains a single sustained musical note that may be slightly out of tune. Identify the NEAREST in-tune pitch (the closest standard musical note). What is the MIDI note number (an integer from 0 to 127)? Reply with ONLY the integer. Nothing else. Output only the answer.,"This audio contains a single sustained musical note that may be slightly out of tune. Identify the NEAREST in-tune pitch (the closest standard musical note). What is the note name and octave? Reply with ONLY the note name in Scientific Pitch Notation (e.g. C4, F#3, Bb5). Nothing else. Output only the answer.","This audio contains a single sustained musical note that may be slightly out of tune. Identify the NEAREST in-tune pitch (the closest standard musical note). What is the solfege syllable and accidental (if needed) of this pitch? Use fixed-do (do=C, re=D, mi=E, fa=F, sol=G, la=A, si=B). Include sharps or flats when needed (e.g. do#, reb, fa#, sib). Do NOT include the octave. Reply with ONLY the syllable and accidental (if needed). Nothing else. Output only the answer.","This audio contains a single sustained musical note that may be slightly out of tune. Identify the NEAREST in-tune pitch (the closest standard musical note). What is the main pitch frequency, expressed in Hertz? Reply with ONLY a number (the frequency in Hz). Nothing else. Output only the answer."
1000,-3.3039,electric_keyboard,instrument,60,85,0,0,0,0,C4,C2,0,1,0,do,sol#,0,0,0,85,C2,sol#,13,data/audio/pitchbench_a5_pitch_slightly_off/258p3hz_electric_keyboard_1000ms.wav,258p3hz_electric_keyboard_1000ms.wav,This audio contains a single sustained musical note that may be slightly out of tune. Identify the NEAREST in-tune pitch (the closest standard musical note). What is the MIDI note number (an integer from 0 to 127)? Reply with ONLY the integer. Nothing else. Output only the answer.,"This audio contains a single sustained musical note that may be slightly out of tune. Identify the NEAREST in-tune pitch (the closest standard musical note). What is the note name and octave? Reply with ONLY the note name in Scientific Pitch Notation (e.g. C4, F#3, Bb5). Nothing else. Output only the answer.","This audio contains a single sustained musical note that may be slightly out of tune. Identify the NEAREST in-tune pitch (the closest standard musical note). What is the solfege syllable and accidental (if needed) of this pitch? Use fixed-do (do=C, re=D, mi=E, fa=F, sol=G, la=A, si=B). Include sharps or flats when needed (e.g. do#, reb, fa#, sib). Do NOT include the octave. Reply with ONLY the syllable and accidental (if needed). Nothing else. Output only the answer.","This audio contains a single sustained musical note that may be slightly out of tune. Identify the NEAREST in-tune pitch (the closest standard musical note). What is the main pitch frequency, expressed in Hertz? Reply with ONLY a number (the frequency in Hz). Nothing else. Output only the answer."
1000,0.0,electric_keyboard,instrument,60,34,0,0,0,0,C4,C5,0,1,0,do,sol#,0,0,0,34,C5,sol#,1046.5,data/audio/pitchbench_a5_pitch_slightly_off/261p6hz_electric_keyboard_1000ms.wav,261p6hz_electric_keyboard_1000ms.wav,This audio contains a single sustained musical note that may be slightly out of tune. Identify the NEAREST in-tune pitch (the closest standard musical note). What is the MIDI note number (an integer from 0 to 127)? Reply with ONLY the integer. Nothing else. Output only the answer.,"This audio contains a single sustained musical note that may be slightly out of tune. Identify the NEAREST in-tune pitch (the closest standard musical note). What is the note name and octave? Reply with ONLY the note name in Scientific Pitch Notation (e.g. C4, F#3, Bb5). Nothing else. Output only the answer.","This audio contains a single sustained musical note that may be slightly out of tune. Identify the NEAREST in-tune pitch (the closest standard musical note). What is the solfege syllable and accidental (if needed) of this pitch? Use fixed-do (do=C, re=D, mi=E, fa=F, sol=G, la=A, si=B). Include sharps or flats when needed (e.g. do#, reb, fa#, sib). Do NOT include the octave. Reply with ONLY the syllable and accidental (if needed). Nothing else. Output only the answer.","This audio contains a single sustained musical note that may be slightly out of tune. Identify the NEAREST in-tune pitch (the closest standard musical note). What is the main pitch frequency, expressed in Hertz? Reply with ONLY a number (the frequency in Hz). Nothing else. Output only the answer."
1000,-2.0813,electric_keyboard,instrument,64,66,0,0,0,1,E4,F#4,0,0,1,mi,do#,0,0,0,66,F#4,"examples: do#, reb,",185,data/audio/pitchbench_a5_pitch_slightly_off/327p5hz_electric_keyboard_1000ms.wav,327p5hz_electric_keyboard_1000ms.wav,This audio contains a single sustained musical note that may be slightly out of tune. Identify the NEAREST in-tune pitch (the closest standard musical note). What is the MIDI note number (an integer from 0 to 127)? Reply with ONLY the integer. Nothing else. Output only the answer.,"This audio contains a single sustained musical note that may be slightly out of tune. Identify the NEAREST in-tune pitch (the closest standard musical note). What is the note name and octave? Reply with ONLY the note name in Scientific Pitch Notation (e.g. C4, F#3, Bb5). Nothing else. Output only the answer.","This audio contains a single sustained musical note that may be slightly out of tune. Identify the NEAREST in-tune pitch (the closest standard musical note). What is the solfege syllable and accidental (if needed) of this pitch? Use fixed-do (do=C, re=D, mi=E, fa=F, sol=G, la=A, si=B). Include sharps or flats when needed (e.g. do#, reb, fa#, sib). Do NOT include the octave. Reply with ONLY the syllable and accidental (if needed). Nothing else. Output only the answer.","This audio contains a single sustained musical note that may be slightly out of tune. Identify the NEAREST in-tune pitch (the closest standard musical note). What is the main pitch frequency, expressed in Hertz? Reply with ONLY a number (the frequency in Hz). Nothing else. Output only the answer."
1000,0.0,electric_keyboard,instrument,64,54,0,0,0,0,E4,F2,0,0,0,mi,fa#,0,0,0,54,F2,fa#,185.0,data/audio/pitchbench_a5_pitch_slightly_off/329p6hz_electric_keyboard_1000ms.wav,329p6hz_electric_keyboard_1000ms.wav,This audio contains a single sustained musical note that may be slightly out of tune. Identify the NEAREST in-tune pitch (the closest standard musical note). What is the MIDI note number (an integer from 0 to 127)? Reply with ONLY the integer. Nothing else. Output only the answer.,"This audio contains a single sustained musical note that may be slightly out of tune. Identify the NEAREST in-tune pitch (the closest standard musical note). What is the note name and octave? Reply with ONLY the note name in Scientific Pitch Notation (e.g. C4, F#3, Bb5). Nothing else. Output only the answer.","This audio contains a single sustained musical note that may be slightly out of tune. Identify the NEAREST in-tune pitch (the closest standard musical note). What is the solfege syllable and accidental (if needed) of this pitch? Use fixed-do (do=C, re=D, mi=E, fa=F, sol=G, la=A, si=B). Include sharps or flats when needed (e.g. do#, reb, fa#, sib). Do NOT include the octave. Reply with ONLY the syllable and accidental (if needed). Nothing else. Output only the answer.","This audio contains a single sustained musical note that may be slightly out of tune. Identify the NEAREST in-tune pitch (the closest standard musical note). What is the main pitch frequency, expressed in Hertz? Reply with ONLY a number (the frequency in Hz). Nothing else. Output only the answer."
1000,4.4102,electric_keyboard,instrument,64,54,0,0,0,0,E4,F2,0,0,0,mi,,0,0,0,54,F2,Listen to the Audio:**,87.31,data/audio/pitchbench_a5_pitch_slightly_off/334p0hz_electric_keyboard_1000ms.wav,334p0hz_electric_keyboard_1000ms.wav,This audio contains a single sustained musical note that may be slightly out of tune. Identify the NEAREST in-tune pitch (the closest standard musical note). What is the MIDI note number (an integer from 0 to 127)? Reply with ONLY the integer. Nothing else. Output only the answer.,"This audio contains a single sustained musical note that may be slightly out of tune. Identify the NEAREST in-tune pitch (the closest standard musical note). What is the note name and octave? Reply with ONLY the note name in Scientific Pitch Notation (e.g. C4, F#3, Bb5). Nothing else. Output only the answer.","This audio contains a single sustained musical note that may be slightly out of tune. Identify the NEAREST in-tune pitch (the closest standard musical note). What is the solfege syllable and accidental (if needed) of this pitch? Use fixed-do (do=C, re=D, mi=E, fa=F, sol=G, la=A, si=B). Include sharps or flats when needed (e.g. do#, reb, fa#, sib). Do NOT include the octave. Reply with ONLY the syllable and accidental (if needed). Nothing else. Output only the answer.","This audio contains a single sustained musical note that may be slightly out of tune. Identify the NEAREST in-tune pitch (the closest standard musical note). What is the main pitch frequency, expressed in Hertz? Reply with ONLY a number (the frequency in Hz). Nothing else. Output only the answer."
1000,0.0,electric_keyboard,instrument,64,66,0,0,0,1,E4,F#5,0,0,0,mi,do#,0,0,0,66,F#5,"examples: do#, reb,",185.0,data/audio/pitchbench_a5_pitch_slightly_off/329p6hz_electric_keyboard_1000ms.wav,329p6hz_electric_keyboard_1000ms.wav,This audio contains a single sustained musical note that may be slightly out of tune. Identify the NEAREST in-tune pitch (the closest standard musical note). What is the MIDI note number (an integer from 0 to 127)? Reply with ONLY the integer. Nothing else. Output only the answer.,"This audio contains a single sustained musical note that may be slightly out of tune. Identify the NEAREST in-tune pitch (the closest standard musical note). What is the note name and octave? Reply with ONLY the note name in Scientific Pitch Notation (e.g. C4, F#3, Bb5). Nothing else. Output only the answer.","This audio contains a single sustained musical note that may be slightly out of tune. Identify the NEAREST in-tune pitch (the closest standard musical note). What is the solfege syllable and accidental (if needed) of this pitch? Use fixed-do (do=C, re=D, mi=E, fa=F, sol=G, la=A, si=B). Include sharps or flats when needed (e.g. do#, reb, fa#, sib). Do NOT include the octave. Reply with ONLY the syllable and accidental (if needed). Nothing else. Output only the answer.","This audio contains a single sustained musical note that may be slightly out of tune. Identify the NEAREST in-tune pitch (the closest standard musical note). What is the main pitch frequency, expressed in Hertz? Reply with ONLY a number (the frequency in Hz). Nothing else. Output only the answer."
5000,-4.1626,electric_keyboard,instrument,64,42,0,0,0,0,E4,F#4,0,0,1,mi,fa#,0,0,0,42,F#4,fa#,92.5,data/audio/pitchbench_a5_pitch_slightly_off/325p5hz_electric_keyboard_5000ms.wav,325p5hz_electric_keyboard_5000ms.wav,This audio contains a single sustained musical note that may be slightly out of tune. Identify the NEAREST in-tune pitch (the closest standard musical note). What is the MIDI note number (an integer from 0 to 127)? Reply with ONLY the integer. Nothing else. Output only the answer.,"This audio contains a single sustained musical note that may be slightly out of tune. Identify the NEAREST in-tune pitch (the closest standard musical note). What is the note name and octave? Reply with ONLY the note name in Scientific Pitch Notation (e.g. C4, F#3, Bb5). Nothing else. Output only the answer.","This audio contains a single sustained musical note that may be slightly out of tune. Identify the NEAREST in-tune pitch (the closest standard musical note). What is the solfege syllable and accidental (if needed) of this pitch? Use fixed-do (do=C, re=D, mi=E, fa=F, sol=G, la=A, si=B). Include sharps or flats when needed (e.g. do#, reb, fa#, sib). Do NOT include the octave. Reply with ONLY the syllable and accidental (if needed). Nothing else. Output only the answer.","This audio contains a single sustained musical note that may be slightly out of tune. Identify the NEAREST in-tune pitch (the closest standard musical note). What is the main pitch frequency, expressed in Hertz? Reply with ONLY a number (the frequency in Hz). Nothing else. Output only the answer."
5000,0.0,electric_keyboard,instrument,64,42,0,0,0,0,E4,F2,0,0,0,mi,fa#,0,0,0,42,F2,fa#,82.41,data/audio/pitchbench_a5_pitch_slightly_off/329p6hz_electric_keyboard_5000ms.wav,329p6hz_electric_keyboard_5000ms.wav,This audio contains a single sustained musical note that may be slightly out of tune. Identify the NEAREST in-tune pitch (the closest standard musical note). What is the MIDI note number (an integer from 0 to 127)? Reply with ONLY the integer. Nothing else. Output only the answer.,"This audio contains a single sustained musical note that may be slightly out of tune. Identify the NEAREST in-tune pitch (the closest standard musical note). What is the note name and octave? Reply with ONLY the note name in Scientific Pitch Notation (e.g. C4, F#3, Bb5). Nothing else. Output only the answer.","This audio contains a single sustained musical note that may be slightly out of tune. Identify the NEAREST in-tune pitch (the closest standard musical note). What is the solfege syllable and accidental (if needed) of this pitch? Use fixed-do (do=C, re=D, mi=E, fa=F, sol=G, la=A, si=B). Include sharps or flats when needed (e.g. do#, reb, fa#, sib). Do NOT include the octave. Reply with ONLY the syllable and accidental (if needed). Nothing else. Output only the answer.","This audio contains a single sustained musical note that may be slightly out of tune. Identify the NEAREST in-tune pitch (the closest standard musical note). What is the main pitch frequency, expressed in Hertz? Reply with ONLY a number (the frequency in Hz). Nothing else. Output only the answer."
1000,5.8868,electric_keyboard,instrument,69,41,0,0,0,0,A4,D2,0,0,0,la,do#,0,0,0,41,D2,"examples: do#, reb,",139.69,data/audio/pitchbench_a5_pitch_slightly_off/445p9hz_electric_keyboard_1000ms.wav,445p9hz_electric_keyboard_1000ms.wav,This audio contains a single sustained musical note that may be slightly out of tune. Identify the NEAREST in-tune pitch (the closest standard musical note). What is the MIDI note number (an integer from 0 to 127)? Reply with ONLY the integer. Nothing else. Output only the answer.,"This audio contains a single sustained musical note that may be slightly out of tune. Identify the NEAREST in-tune pitch (the closest standard musical note). What is the note name and octave? Reply with ONLY the note name in Scientific Pitch Notation (e.g. C4, F#3, Bb5). Nothing else. Output only the answer.","This audio contains a single sustained musical note that may be slightly out of tune. Identify the NEAREST in-tune pitch (the closest standard musical note). What is the solfege syllable and accidental (if needed) of this pitch? Use fixed-do (do=C, re=D, mi=E, fa=F, sol=G, la=A, si=B). Include sharps or flats when needed (e.g. do#, reb, fa#, sib). Do NOT include the octave. Reply with ONLY the syllable and accidental (if needed). Nothing else. Output only the answer.","This audio contains a single sustained musical note that may be slightly out of tune. Identify the NEAREST in-tune pitch (the closest standard musical note). What is the main pitch frequency, expressed in Hertz? Reply with ONLY a number (the frequency in Hz). Nothing else. Output only the answer."
1000,0.0,electric_keyboard,instrument,69,41,0,0,0,0,A4,D2,0,0,0,la,sol#,0,0,0,41,D2,sol#,139.69,data/audio/pitchbench_a5_pitch_slightly_off/440p0hz_electric_keyboard_1000ms.wav,440p0hz_electric_keyboard_1000ms.wav,This audio contains a single sustained musical note that may be slightly out of tune. Identify the NEAREST in-tune pitch (the closest standard musical note). What is the MIDI note number (an integer from 0 to 127)? Reply with ONLY the integer. Nothing else. Output only the answer.,"This audio contains a single sustained musical note that may be slightly out of tune. Identify the NEAREST in-tune pitch (the closest standard musical note). What is the note name and octave? Reply with ONLY the note name in Scientific Pitch Notation (e.g. C4, F#3, Bb5). Nothing else. Output only the answer.","This audio contains a single sustained musical note that may be slightly out of tune. Identify the NEAREST in-tune pitch (the closest standard musical note). What is the solfege syllable and accidental (if needed) of this pitch? Use fixed-do (do=C, re=D, mi=E, fa=F, sol=G, la=A, si=B). Include sharps or flats when needed (e.g. do#, reb, fa#, sib). Do NOT include the octave. Reply with ONLY the syllable and accidental (if needed). Nothing else. Output only the answer.","This audio contains a single sustained musical note that may be slightly out of tune. Identify the NEAREST in-tune pitch (the closest standard musical note). What is the main pitch frequency, expressed in Hertz? Reply with ONLY a number (the frequency in Hz). Nothing else. Output only the answer."
1000,0.6188,guitar,instrument,30,41,0,0,0,0,F#1,D2,0,0,0,fa#,,0,0,0,41,D2,Listen to the Audio:**,311,data/audio/pitchbench_a5_pitch_slightly_off/46p9hz_guitar_1000ms.wav,46p9hz_guitar_1000ms.wav,This audio contains a single sustained musical note that may be slightly out of tune. Identify the NEAREST in-tune pitch (the closest standard musical note). What is the MIDI note number (an integer from 0 to 127)? Reply with ONLY the integer. Nothing else. Output only the answer.,"This audio contains a single sustained musical note that may be slightly out of tune. Identify the NEAREST in-tune pitch (the closest standard musical note). What is the note name and octave? Reply with ONLY the note name in Scientific Pitch Notation (e.g. C4, F#3, Bb5). Nothing else. Output only the answer.","This audio contains a single sustained musical note that may be slightly out of tune. Identify the NEAREST in-tune pitch (the closest standard musical note). What is the solfege syllable and accidental (if needed) of this pitch? Use fixed-do (do=C, re=D, mi=E, fa=F, sol=G, la=A, si=B). Include sharps or flats when needed (e.g. do#, reb, fa#, sib). Do NOT include the octave. Reply with ONLY the syllable and accidental (if needed). Nothing else. Output only the answer.","This audio contains a single sustained musical note that may be slightly out of tune. Identify the NEAREST in-tune pitch (the closest standard musical note). What is the main pitch frequency, expressed in Hertz? Reply with ONLY a number (the frequency in Hz). Nothing else. Output only the answer."
1000,0.0,guitar,instrument,30,41,0,0,0,0,F#1,C2,0,0,0,fa#,do#,0,0,0,41,C2,"examples: do#, reb,",1,data/audio/pitchbench_a5_pitch_slightly_off/46p2hz_guitar_1000ms.wav,46p2hz_guitar_1000ms.wav,This audio contains a single sustained musical note that may be slightly out of tune. Identify the NEAREST in-tune pitch (the closest standard musical note). What is the MIDI note number (an integer from 0 to 127)? Reply with ONLY the integer. Nothing else. Output only the answer.,"This audio contains a single sustained musical note that may be slightly out of tune. Identify the NEAREST in-tune pitch (the closest standard musical note). What is the note name and octave? Reply with ONLY the note name in Scientific Pitch Notation (e.g. C4, F#3, Bb5). Nothing else. Output only the answer.","This audio contains a single sustained musical note that may be slightly out of tune. Identify the NEAREST in-tune pitch (the closest standard musical note). What is the solfege syllable and accidental (if needed) of this pitch? Use fixed-do (do=C, re=D, mi=E, fa=F, sol=G, la=A, si=B). Include sharps or flats when needed (e.g. do#, reb, fa#, sib). Do NOT include the octave. Reply with ONLY the syllable and accidental (if needed). Nothing else. Output only the answer.","This audio contains a single sustained musical note that may be slightly out of tune. Identify the NEAREST in-tune pitch (the closest standard musical note). What is the main pitch frequency, expressed in Hertz? Reply with ONLY a number (the frequency in Hz). Nothing else. Output only the answer."
5000,0.3094,guitar,instrument,30,41,0,0,0,0,F#1,,0,0,0,fa#,sol#,0,0,0,41,C,sol#,130.81,data/audio/pitchbench_a5_pitch_slightly_off/46p6hz_guitar_5000ms.wav,46p6hz_guitar_5000ms.wav,This audio contains a single sustained musical note that may be slightly out of tune. Identify the NEAREST in-tune pitch (the closest standard musical note). What is the MIDI note number (an integer from 0 to 127)? Reply with ONLY the integer. Nothing else. Output only the answer.,"This audio contains a single sustained musical note that may be slightly out of tune. Identify the NEAREST in-tune pitch (the closest standard musical note). What is the note name and octave? Reply with ONLY the note name in Scientific Pitch Notation (e.g. C4, F#3, Bb5). Nothing else. Output only the answer.","This audio contains a single sustained musical note that may be slightly out of tune. Identify the NEAREST in-tune pitch (the closest standard musical note). What is the solfege syllable and accidental (if needed) of this pitch? Use fixed-do (do=C, re=D, mi=E, fa=F, sol=G, la=A, si=B). Include sharps or flats when needed (e.g. do#, reb, fa#, sib). Do NOT include the octave. Reply with ONLY the syllable and accidental (if needed). Nothing else. Output only the answer.","This audio contains a single sustained musical note that may be slightly out of tune. Identify the NEAREST in-tune pitch (the closest standard musical note). What is the main pitch frequency, expressed in Hertz? Reply with ONLY a number (the frequency in Hz). Nothing else. Output only the answer."
5000,0.0,guitar,instrument,30,36,0,0,0,0,F#1,D2,0,0,0,fa#,fa#,1,0,1,36,D2,solb,1396,data/audio/pitchbench_a5_pitch_slightly_off/46p2hz_guitar_5000ms.wav,46p2hz_guitar_5000ms.wav,This audio contains a single sustained musical note that may be slightly out of tune. Identify the NEAREST in-tune pitch (the closest standard musical note). What is the MIDI note number (an integer from 0 to 127)? Reply with ONLY the integer. Nothing else. Output only the answer.,"This audio contains a single sustained musical note that may be slightly out of tune. Identify the NEAREST in-tune pitch (the closest standard musical note). What is the note name and octave? Reply with ONLY the note name in Scientific Pitch Notation (e.g. C4, F#3, Bb5). Nothing else. Output only the answer.","This audio contains a single sustained musical note that may be slightly out of tune. Identify the NEAREST in-tune pitch (the closest standard musical note). What is the solfege syllable and accidental (if needed) of this pitch? Use fixed-do (do=C, re=D, mi=E, fa=F, sol=G, la=A, si=B). Include sharps or flats when needed (e.g. do#, reb, fa#, sib). Do NOT include the octave. Reply with ONLY the syllable and accidental (if needed). Nothing else. Output only the answer.","This audio contains a single sustained musical note that may be slightly out of tune. Identify the NEAREST in-tune pitch (the closest standard musical note). What is the main pitch frequency, expressed in Hertz? Reply with ONLY a number (the frequency in Hz). Nothing else. Output only the answer."
5000,0.4375,guitar,instrument,36,85,0,0,0,0,C2,C2,1,1,1,do,sol#,0,0,1,85,C2,sol#,1396.9,data/audio/pitchbench_a5_pitch_slightly_off/65p8hz_guitar_5000ms.wav,65p8hz_guitar_5000ms.wav,This audio contains a single sustained musical note that may be slightly out of tune. Identify the NEAREST in-tune pitch (the closest standard musical note). What is the MIDI note number (an integer from 0 to 127)? Reply with ONLY the integer. Nothing else. Output only the answer.,"This audio contains a single sustained musical note that may be slightly out of tune. Identify the NEAREST in-tune pitch (the closest standard musical note). What is the note name and octave? Reply with ONLY the note name in Scientific Pitch Notation (e.g. C4, F#3, Bb5). Nothing else. Output only the answer.","This audio contains a single sustained musical note that may be slightly out of tune. Identify the NEAREST in-tune pitch (the closest standard musical note). What is the solfege syllable and accidental (if needed) of this pitch? Use fixed-do (do=C, re=D, mi=E, fa=F, sol=G, la=A, si=B). Include sharps or flats when needed (e.g. do#, reb, fa#, sib). Do NOT include the octave. Reply with ONLY the syllable and accidental (if needed). Nothing else. Output only the answer.","This audio contains a single sustained musical note that may be slightly out of tune. Identify the NEAREST in-tune pitch (the closest standard musical note). What is the main pitch frequency, expressed in Hertz? Reply with ONLY a number (the frequency in Hz). Nothing else. Output only the answer."
5000,0.0,guitar,instrument,36,41,0,0,0,1,C2,D2,0,0,1,do,sol#,0,0,0,41,D2,sol#,103.83,data/audio/pitchbench_a5_pitch_slightly_off/65p4hz_guitar_5000ms.wav,65p4hz_guitar_5000ms.wav,This audio contains a single sustained musical note that may be slightly out of tune. Identify the NEAREST in-tune pitch (the closest standard musical note). What is the MIDI note number (an integer from 0 to 127)? Reply with ONLY the integer. Nothing else. Output only the answer.,"This audio contains a single sustained musical note that may be slightly out of tune. Identify the NEAREST in-tune pitch (the closest standard musical note). What is the note name and octave? Reply with ONLY the note name in Scientific Pitch Notation (e.g. C4, F#3, Bb5). Nothing else. Output only the answer.","This audio contains a single sustained musical note that may be slightly out of tune. Identify the NEAREST in-tune pitch (the closest standard musical note). What is the solfege syllable and accidental (if needed) of this pitch? Use fixed-do (do=C, re=D, mi=E, fa=F, sol=G, la=A, si=B). Include sharps or flats when needed (e.g. do#, reb, fa#, sib). Do NOT include the octave. Reply with ONLY the syllable and accidental (if needed). Nothing else. Output only the answer.","This audio contains a single sustained musical note that may be slightly out of tune. Identify the NEAREST in-tune pitch (the closest standard musical note). What is the main pitch frequency, expressed in Hertz? Reply with ONLY a number (the frequency in Hz). Nothing else. Output only the answer."
1000,0.6556,guitar,instrument,43,41,0,0,0,1,G2,C5,0,0,0,sol,,0,0,0,41,C5,": # for sharp,",554.,data/audio/pitchbench_a5_pitch_slightly_off/98p7hz_guitar_1000ms.wav,98p7hz_guitar_1000ms.wav,This audio contains a single sustained musical note that may be slightly out of tune. Identify the NEAREST in-tune pitch (the closest standard musical note). What is the MIDI note number (an integer from 0 to 127)? Reply with ONLY the integer. Nothing else. Output only the answer.,"This audio contains a single sustained musical note that may be slightly out of tune. Identify the NEAREST in-tune pitch (the closest standard musical note). What is the note name and octave? Reply with ONLY the note name in Scientific Pitch Notation (e.g. C4, F#3, Bb5). Nothing else. Output only the answer.","This audio contains a single sustained musical note that may be slightly out of tune. Identify the NEAREST in-tune pitch (the closest standard musical note). What is the solfege syllable and accidental (if needed) of this pitch? Use fixed-do (do=C, re=D, mi=E, fa=F, sol=G, la=A, si=B). Include sharps or flats when needed (e.g. do#, reb, fa#, sib). Do NOT include the octave. Reply with ONLY the syllable and accidental (if needed). Nothing else. Output only the answer.","This audio contains a single sustained musical note that may be slightly out of tune. Identify the NEAREST in-tune pitch (the closest standard musical note). What is the main pitch frequency, expressed in Hertz? Reply with ONLY a number (the frequency in Hz). Nothing else. Output only the answer."
1000,0.0,guitar,instrument,43,36,0,0,0,1,G2,C5,0,0,0,sol,sol#,0,0,0,36,C5,sol#,82.4,data/audio/pitchbench_a5_pitch_slightly_off/98p0hz_guitar_1000ms.wav,98p0hz_guitar_1000ms.wav,This audio contains a single sustained musical note that may be slightly out of tune. Identify the NEAREST in-tune pitch (the closest standard musical note). What is the MIDI note number (an integer from 0 to 127)? Reply with ONLY the integer. Nothing else. Output only the answer.,"This audio contains a single sustained musical note that may be slightly out of tune. Identify the NEAREST in-tune pitch (the closest standard musical note). What is the note name and octave? Reply with ONLY the note name in Scientific Pitch Notation (e.g. C4, F#3, Bb5). Nothing else. Output only the answer.","This audio contains a single sustained musical note that may be slightly out of tune. Identify the NEAREST in-tune pitch (the closest standard musical note). What is the solfege syllable and accidental (if needed) of this pitch? Use fixed-do (do=C, re=D, mi=E, fa=F, sol=G, la=A, si=B). Include sharps or flats when needed (e.g. do#, reb, fa#, sib). Do NOT include the octave. Reply with ONLY the syllable and accidental (if needed). Nothing else. Output only the answer.","This audio contains a single sustained musical note that may be slightly out of tune. Identify the NEAREST in-tune pitch (the closest standard musical note). What is the main pitch frequency, expressed in Hertz? Reply with ONLY a number (the frequency in Hz). Nothing else. Output only the answer."
5000,-0.826,guitar,instrument,48,62,0,0,0,0,C3,D3,0,0,1,do,re,0,0,0,62,D3,re,29,data/audio/pitchbench_a5_pitch_slightly_off/130p0hz_guitar_5000ms.wav,130p0hz_guitar_5000ms.wav,This audio contains a single sustained musical note that may be slightly out of tune. Identify the NEAREST in-tune pitch (the closest standard musical note). What is the MIDI note number (an integer from 0 to 127)? Reply with ONLY the integer. Nothing else. Output only the answer.,"This audio contains a single sustained musical note that may be slightly out of tune. Identify the NEAREST in-tune pitch (the closest standard musical note). What is the note name and octave? Reply with ONLY the note name in Scientific Pitch Notation (e.g. C4, F#3, Bb5). Nothing else. Output only the answer.","This audio contains a single sustained musical note that may be slightly out of tune. Identify the NEAREST in-tune pitch (the closest standard musical note). What is the solfege syllable and accidental (if needed) of this pitch? Use fixed-do (do=C, re=D, mi=E, fa=F, sol=G, la=A, si=B). Include sharps or flats when needed (e.g. do#, reb, fa#, sib). Do NOT include the octave. Reply with ONLY the syllable and accidental (if needed). Nothing else. Output only the answer.","This audio contains a single sustained musical note that may be slightly out of tune. Identify the NEAREST in-tune pitch (the closest standard musical note). What is the main pitch frequency, expressed in Hertz? Reply with ONLY a number (the frequency in Hz). Nothing else. Output only the answer."
5000,0.0,guitar,instrument,48,3,0,0,0,0,C3,D4,0,0,0,do,re,0,0,0,3,D4,re,293.6,data/audio/pitchbench_a5_pitch_slightly_off/130p8hz_guitar_5000ms.wav,130p8hz_guitar_5000ms.wav,This audio contains a single sustained musical note that may be slightly out of tune. Identify the NEAREST in-tune pitch (the closest standard musical note). What is the MIDI note number (an integer from 0 to 127)? Reply with ONLY the integer. Nothing else. Output only the answer.,"This audio contains a single sustained musical note that may be slightly out of tune. Identify the NEAREST in-tune pitch (the closest standard musical note). What is the note name and octave? Reply with ONLY the note name in Scientific Pitch Notation (e.g. C4, F#3, Bb5). Nothing else. Output only the answer.","This audio contains a single sustained musical note that may be slightly out of tune. Identify the NEAREST in-tune pitch (the closest standard musical note). What is the solfege syllable and accidental (if needed) of this pitch? Use fixed-do (do=C, re=D, mi=E, fa=F, sol=G, la=A, si=B). Include sharps or flats when needed (e.g. do#, reb, fa#, sib). Do NOT include the octave. Reply with ONLY the syllable and accidental (if needed). Nothing else. Output only the answer.","This audio contains a single sustained musical note that may be slightly out of tune. Identify the NEAREST in-tune pitch (the closest standard musical note). What is the main pitch frequency, expressed in Hertz? Reply with ONLY a number (the frequency in Hz). Nothing else. Output only the answer."
5000,-2.3362,guitar,instrument,54,5,0,0,0,0,F#3,F#5,0,1,0,fa#,sol#,0,0,0,5,F#5,sol#,415.,data/audio/pitchbench_a5_pitch_slightly_off/182p7hz_guitar_5000ms.wav,182p7hz_guitar_5000ms.wav,This audio contains a single sustained musical note that may be slightly out of tune. Identify the NEAREST in-tune pitch (the closest standard musical note). What is the MIDI note number (an integer from 0 to 127)? Reply with ONLY the integer. Nothing else. Output only the answer.,"This audio contains a single sustained musical note that may be slightly out of tune. Identify the NEAREST in-tune pitch (the closest standard musical note). What is the note name and octave? Reply with ONLY the note name in Scientific Pitch Notation (e.g. C4, F#3, Bb5). Nothing else. Output only the answer.","This audio contains a single sustained musical note that may be slightly out of tune. Identify the NEAREST in-tune pitch (the closest standard musical note). What is the solfege syllable and accidental (if needed) of this pitch? Use fixed-do (do=C, re=D, mi=E, fa=F, sol=G, la=A, si=B). Include sharps or flats when needed (e.g. do#, reb, fa#, sib). Do NOT include the octave. Reply with ONLY the syllable and accidental (if needed). Nothing else. Output only the answer.","This audio contains a single sustained musical note that may be slightly out of tune. Identify the NEAREST in-tune pitch (the closest standard musical note). What is the main pitch frequency, expressed in Hertz? Reply with ONLY a number (the frequency in Hz). Nothing else. Output only the answer."
5000,0.0,guitar,instrument,54,68,0,0,0,0,F#3,G#4,0,0,0,fa#,sol#,0,0,0,68,G#4,sol#,415.30,data/audio/pitchbench_a5_pitch_slightly_off/185p0hz_guitar_5000ms.wav,185p0hz_guitar_5000ms.wav,This audio contains a single sustained musical note that may be slightly out of tune. Identify the NEAREST in-tune pitch (the closest standard musical note). What is the MIDI note number (an integer from 0 to 127)? Reply with ONLY the integer. Nothing else. Output only the answer.,"This audio contains a single sustained musical note that may be slightly out of tune. Identify the NEAREST in-tune pitch (the closest standard musical note). What is the note name and octave? Reply with ONLY the note name in Scientific Pitch Notation (e.g. C4, F#3, Bb5). Nothing else. Output only the answer.","This audio contains a single sustained musical note that may be slightly out of tune. Identify the NEAREST in-tune pitch (the closest standard musical note). What is the solfege syllable and accidental (if needed) of this pitch? Use fixed-do (do=C, re=D, mi=E, fa=F, sol=G, la=A, si=B). Include sharps or flats when needed (e.g. do#, reb, fa#, sib). Do NOT include the octave. Reply with ONLY the syllable and accidental (if needed). Nothing else. Output only the answer.","This audio contains a single sustained musical note that may be slightly out of tune. Identify the NEAREST in-tune pitch (the closest standard musical note). What is the main pitch frequency, expressed in Hertz? Reply with ONLY a number (the frequency in Hz). Nothing else. Output only the answer."
5000,-1.1681,guitar,instrument,54,68,0,0,0,0,F#3,G#4,0,0,0,fa#,sol#,0,0,0,68,G#4,sol#,415.,data/audio/pitchbench_a5_pitch_slightly_off/183p8hz_guitar_5000ms.wav,183p8hz_guitar_5000ms.wav,This audio contains a single sustained musical note that may be slightly out of tune. Identify the NEAREST in-tune pitch (the closest standard musical note). What is the MIDI note number (an integer from 0 to 127)? Reply with ONLY the integer. Nothing else. Output only the answer.,"This audio contains a single sustained musical note that may be slightly out of tune. Identify the NEAREST in-tune pitch (the closest standard musical note). What is the note name and octave? Reply with ONLY the note name in Scientific Pitch Notation (e.g. C4, F#3, Bb5). Nothing else. Output only the answer.","This audio contains a single sustained musical note that may be slightly out of tune. Identify the NEAREST in-tune pitch (the closest standard musical note). What is the solfege syllable and accidental (if needed) of this pitch? Use fixed-do (do=C, re=D, mi=E, fa=F, sol=G, la=A, si=B). Include sharps or flats when needed (e.g. do#, reb, fa#, sib). Do NOT include the octave. Reply with ONLY the syllable and accidental (if needed). Nothing else. Output only the answer.","This audio contains a single sustained musical note that may be slightly out of tune. Identify the NEAREST in-tune pitch (the closest standard musical note). What is the main pitch frequency, expressed in Hertz? Reply with ONLY a number (the frequency in Hz). Nothing else. Output only the answer."
5000,0.0,guitar,instrument,54,,0,0,0,0,F#3,G#4,0,0,0,fa#,sol#,0,0,0,"(Wait,",G#4,sol#,415.30,data/audio/pitchbench_a5_pitch_slightly_off/185p0hz_guitar_5000ms.wav,185p0hz_guitar_5000ms.wav,This audio contains a single sustained musical note that may be slightly out of tune. Identify the NEAREST in-tune pitch (the closest standard musical note). What is the MIDI note number (an integer from 0 to 127)? Reply with ONLY the integer. Nothing else. Output only the answer.,"This audio contains a single sustained musical note that may be slightly out of tune. Identify the NEAREST in-tune pitch (the closest standard musical note). What is the note name and octave? Reply with ONLY the note name in Scientific Pitch Notation (e.g. C4, F#3, Bb5). Nothing else. Output only the answer.","This audio contains a single sustained musical note that may be slightly out of tune. Identify the NEAREST in-tune pitch (the closest standard musical note). What is the solfege syllable and accidental (if needed) of this pitch? Use fixed-do (do=C, re=D, mi=E, fa=F, sol=G, la=A, si=B). Include sharps or flats when needed (e.g. do#, reb, fa#, sib). Do NOT include the octave. Reply with ONLY the syllable and accidental (if needed). Nothing else. Output only the answer.","This audio contains a single sustained musical note that may be slightly out of tune. Identify the NEAREST in-tune pitch (the closest standard musical note). What is the main pitch frequency, expressed in Hertz? Reply with ONLY a number (the frequency in Hz). Nothing else. Output only the answer."
1000,2.2051,guitar,instrument,64,66,0,0,0,1,E4,F#5,0,0,0,mi,fa#,0,0,0,66,F#5,fa#,139,data/audio/pitchbench_a5_pitch_slightly_off/331p8hz_guitar_1000ms.wav,331p8hz_guitar_1000ms.wav,This audio contains a single sustained musical note that may be slightly out of tune. Identify the NEAREST in-tune pitch (the closest standard musical note). What is the MIDI note number (an integer from 0 to 127)? Reply with ONLY the integer. Nothing else. Output only the answer.,"This audio contains a single sustained musical note that may be slightly out of tune. Identify the NEAREST in-tune pitch (the closest standard musical note). What is the note name and octave? Reply with ONLY the note name in Scientific Pitch Notation (e.g. C4, F#3, Bb5). Nothing else. Output only the answer.","This audio contains a single sustained musical note that may be slightly out of tune. Identify the NEAREST in-tune pitch (the closest standard musical note). What is the solfege syllable and accidental (if needed) of this pitch? Use fixed-do (do=C, re=D, mi=E, fa=F, sol=G, la=A, si=B). Include sharps or flats when needed (e.g. do#, reb, fa#, sib). Do NOT include the octave. Reply with ONLY the syllable and accidental (if needed). Nothing else. Output only the answer.","This audio contains a single sustained musical note that may be slightly out of tune. Identify the NEAREST in-tune pitch (the closest standard musical note). What is the main pitch frequency, expressed in Hertz? Reply with ONLY a number (the frequency in Hz). Nothing else. Output only the answer."
1000,0.0,guitar,instrument,64,41,0,0,0,0,E4,F#4,0,0,1,mi,sol#,0,0,0,41,F#4,sol#,92.5,data/audio/pitchbench_a5_pitch_slightly_off/329p6hz_guitar_1000ms.wav,329p6hz_guitar_1000ms.wav,This audio contains a single sustained musical note that may be slightly out of tune. Identify the NEAREST in-tune pitch (the closest standard musical note). What is the MIDI note number (an integer from 0 to 127)? Reply with ONLY the integer. Nothing else. Output only the answer.,"This audio contains a single sustained musical note that may be slightly out of tune. Identify the NEAREST in-tune pitch (the closest standard musical note). What is the note name and octave? Reply with ONLY the note name in Scientific Pitch Notation (e.g. C4, F#3, Bb5). Nothing else. Output only the answer.","This audio contains a single sustained musical note that may be slightly out of tune. Identify the NEAREST in-tune pitch (the closest standard musical note). What is the solfege syllable and accidental (if needed) of this pitch? Use fixed-do (do=C, re=D, mi=E, fa=F, sol=G, la=A, si=B). Include sharps or flats when needed (e.g. do#, reb, fa#, sib). Do NOT include the octave. Reply with ONLY the syllable and accidental (if needed). Nothing else. Output only the answer.","This audio contains a single sustained musical note that may be slightly out of tune. Identify the NEAREST in-tune pitch (the closest standard musical note). What is the main pitch frequency, expressed in Hertz? Reply with ONLY a number (the frequency in Hz). Nothing else. Output only the answer."
1000,-4.9502,guitar,instrument,79,84,0,0,0,0,G5,G6,0,1,0,sol,sol#,0,0,0,84,G6,sol#,1046,data/audio/pitchbench_a5_pitch_slightly_off/779p0hz_guitar_1000ms.wav,779p0hz_guitar_1000ms.wav,This audio contains a single sustained musical note that may be slightly out of tune. Identify the NEAREST in-tune pitch (the closest standard musical note). What is the MIDI note number (an integer from 0 to 127)? Reply with ONLY the integer. Nothing else. Output only the answer.,"This audio contains a single sustained musical note that may be slightly out of tune. Identify the NEAREST in-tune pitch (the closest standard musical note). What is the note name and octave? Reply with ONLY the note name in Scientific Pitch Notation (e.g. C4, F#3, Bb5). Nothing else. Output only the answer.","This audio contains a single sustained musical note that may be slightly out of tune. Identify the NEAREST in-tune pitch (the closest standard musical note). What is the solfege syllable and accidental (if needed) of this pitch? Use fixed-do (do=C, re=D, mi=E, fa=F, sol=G, la=A, si=B). Include sharps or flats when needed (e.g. do#, reb, fa#, sib). Do NOT include the octave. Reply with ONLY the syllable and accidental (if needed). Nothing else. Output only the answer.","This audio contains a single sustained musical note that may be slightly out of tune. Identify the NEAREST in-tune pitch (the closest standard musical note). What is the main pitch frequency, expressed in Hertz? Reply with ONLY a number (the frequency in Hz). Nothing else. Output only the answer."
1000,0.0,guitar,instrument,79,72,0,0,0,1,G5,A5,0,0,1,sol,sol#,0,0,0,72,A5,sol#,1396.9,data/audio/pitchbench_a5_pitch_slightly_off/784p0hz_guitar_1000ms.wav,784p0hz_guitar_1000ms.wav,This audio contains a single sustained musical note that may be slightly out of tune. Identify the NEAREST in-tune pitch (the closest standard musical note). What is the MIDI note number (an integer from 0 to 127)? Reply with ONLY the integer. Nothing else. Output only the answer.,"This audio contains a single sustained musical note that may be slightly out of tune. Identify the NEAREST in-tune pitch (the closest standard musical note). What is the note name and octave? Reply with ONLY the note name in Scientific Pitch Notation (e.g. C4, F#3, Bb5). Nothing else. Output only the answer.","This audio contains a single sustained musical note that may be slightly out of tune. Identify the NEAREST in-tune pitch (the closest standard musical note). What is the solfege syllable and accidental (if needed) of this pitch? Use fixed-do (do=C, re=D, mi=E, fa=F, sol=G, la=A, si=B). Include sharps or flats when needed (e.g. do#, reb, fa#, sib). Do NOT include the octave. Reply with ONLY the syllable and accidental (if needed). Nothing else. Output only the answer.","This audio contains a single sustained musical note that may be slightly out of tune. Identify the NEAREST in-tune pitch (the closest standard musical note). What is the main pitch frequency, expressed in Hertz? Reply with ONLY a number (the frequency in Hz). Nothing else. Output only the answer."
5000,-4.9502,guitar,instrument,79,83,0,0,0,1,G5,A5,0,0,1,sol,sol,1,0,1,83,A5,sol,11,data/audio/pitchbench_a5_pitch_slightly_off/779p0hz_guitar_5000ms.wav,779p0hz_guitar_5000ms.wav,This audio contains a single sustained musical note that may be slightly out of tune. Identify the NEAREST in-tune pitch (the closest standard musical note). What is the MIDI note number (an integer from 0 to 127)? Reply with ONLY the integer. Nothing else. Output only the answer.,"This audio contains a single sustained musical note that may be slightly out of tune. Identify the NEAREST in-tune pitch (the closest standard musical note). What is the note name and octave? Reply with ONLY the note name in Scientific Pitch Notation (e.g. C4, F#3, Bb5). Nothing else. Output only the answer.","This audio contains a single sustained musical note that may be slightly out of tune. Identify the NEAREST in-tune pitch (the closest standard musical note). What is the solfege syllable and accidental (if needed) of this pitch? Use fixed-do (do=C, re=D, mi=E, fa=F, sol=G, la=A, si=B). Include sharps or flats when needed (e.g. do#, reb, fa#, sib). Do NOT include the octave. Reply with ONLY the syllable and accidental (if needed). Nothing else. Output only the answer.","This audio contains a single sustained musical note that may be slightly out of tune. Identify the NEAREST in-tune pitch (the closest standard musical note). What is the main pitch frequency, expressed in Hertz? Reply with ONLY a number (the frequency in Hz). Nothing else. Output only the answer."
5000,0.0,guitar,instrument,79,101,0,0,0,0,G5,C#6,0,0,0,sol,sol#,0,0,0,101,C#6,sol#,110,data/audio/pitchbench_a5_pitch_slightly_off/784p0hz_guitar_5000ms.wav,784p0hz_guitar_5000ms.wav,This audio contains a single sustained musical note that may be slightly out of tune. Identify the NEAREST in-tune pitch (the closest standard musical note). What is the MIDI note number (an integer from 0 to 127)? Reply with ONLY the integer. Nothing else. Output only the answer.,"This audio contains a single sustained musical note that may be slightly out of tune. Identify the NEAREST in-tune pitch (the closest standard musical note). What is the note name and octave? Reply with ONLY the note name in Scientific Pitch Notation (e.g. C4, F#3, Bb5). Nothing else. Output only the answer.","This audio contains a single sustained musical note that may be slightly out of tune. Identify the NEAREST in-tune pitch (the closest standard musical note). What is the solfege syllable and accidental (if needed) of this pitch? Use fixed-do (do=C, re=D, mi=E, fa=F, sol=G, la=A, si=B). Include sharps or flats when needed (e.g. do#, reb, fa#, sib). Do NOT include the octave. Reply with ONLY the syllable and accidental (if needed). Nothing else. Output only the answer.","This audio contains a single sustained musical note that may be slightly out of tune. Identify the NEAREST in-tune pitch (the closest standard musical note). What is the main pitch frequency, expressed in Hertz? Reply with ONLY a number (the frequency in Hz). Nothing else. Output only the answer."
5000,17.6406,guitar,instrument,88,79,0,0,0,0,E6,,0,0,0,mi,sol#,0,0,0,79,estimation:*,sol#,130.,data/audio/pitchbench_a5_pitch_slightly_off/1336p2hz_guitar_5000ms.wav,1336p2hz_guitar_5000ms.wav,This audio contains a single sustained musical note that may be slightly out of tune. Identify the NEAREST in-tune pitch (the closest standard musical note). What is the MIDI note number (an integer from 0 to 127)? Reply with ONLY the integer. Nothing else. Output only the answer.,"This audio contains a single sustained musical note that may be slightly out of tune. Identify the NEAREST in-tune pitch (the closest standard musical note). What is the note name and octave? Reply with ONLY the note name in Scientific Pitch Notation (e.g. C4, F#3, Bb5). Nothing else. Output only the answer.","This audio contains a single sustained musical note that may be slightly out of tune. Identify the NEAREST in-tune pitch (the closest standard musical note). What is the solfege syllable and accidental (if needed) of this pitch? Use fixed-do (do=C, re=D, mi=E, fa=F, sol=G, la=A, si=B). Include sharps or flats when needed (e.g. do#, reb, fa#, sib). Do NOT include the octave. Reply with ONLY the syllable and accidental (if needed). Nothing else. Output only the answer.","This audio contains a single sustained musical note that may be slightly out of tune. Identify the NEAREST in-tune pitch (the closest standard musical note). What is the main pitch frequency, expressed in Hertz? Reply with ONLY a number (the frequency in Hz). Nothing else. Output only the answer."
5000,0.0,guitar,instrument,88,,0,0,0,0,E6,,0,0,0,mi,sol#,0,0,0,Self-correction,estimation:*,sol#,(Self-,data/audio/pitchbench_a5_pitch_slightly_off/1318p5hz_guitar_5000ms.wav,1318p5hz_guitar_5000ms.wav,This audio contains a single sustained musical note that may be slightly out of tune. Identify the NEAREST in-tune pitch (the closest standard musical note). What is the MIDI note number (an integer from 0 to 127)? Reply with ONLY the integer. Nothing else. Output only the answer.,"This audio contains a single sustained musical note that may be slightly out of tune. Identify the NEAREST in-tune pitch (the closest standard musical note). What is the note name and octave? Reply with ONLY the note name in Scientific Pitch Notation (e.g. C4, F#3, Bb5). Nothing else. Output only the answer.","This audio contains a single sustained musical note that may be slightly out of tune. Identify the NEAREST in-tune pitch (the closest standard musical note). What is the solfege syllable and accidental (if needed) of this pitch? Use fixed-do (do=C, re=D, mi=E, fa=F, sol=G, la=A, si=B). Include sharps or flats when needed (e.g. do#, reb, fa#, sib). Do NOT include the octave. Reply with ONLY the syllable and accidental (if needed). Nothing else. Output only the answer.","This audio contains a single sustained musical note that may be slightly out of tune. Identify the NEAREST in-tune pitch (the closest standard musical note). What is the main pitch frequency, expressed in Hertz? Reply with ONLY a number (the frequency in Hz). Nothing else. Output only the answer."
1000,-0.292,flute,instrument,30,50,0,0,0,0,F#1,D#2,0,0,0,fa#,sol#,0,0,0,50,D#2,sol#,311.13,data/audio/pitchbench_a5_pitch_slightly_off/46p0hz_flute_1000ms.wav,46p0hz_flute_1000ms.wav,This audio contains a single sustained musical note that may be slightly out of tune. Identify the NEAREST in-tune pitch (the closest standard musical note). What is the MIDI note number (an integer from 0 to 127)? Reply with ONLY the integer. Nothing else. Output only the answer.,"This audio contains a single sustained musical note that may be slightly out of tune. Identify the NEAREST in-tune pitch (the closest standard musical note). What is the note name and octave? Reply with ONLY the note name in Scientific Pitch Notation (e.g. C4, F#3, Bb5). Nothing else. Output only the answer.","This audio contains a single sustained musical note that may be slightly out of tune. Identify the NEAREST in-tune pitch (the closest standard musical note). What is the solfege syllable and accidental (if needed) of this pitch? Use fixed-do (do=C, re=D, mi=E, fa=F, sol=G, la=A, si=B). Include sharps or flats when needed (e.g. do#, reb, fa#, sib). Do NOT include the octave. Reply with ONLY the syllable and accidental (if needed). Nothing else. Output only the answer.","This audio contains a single sustained musical note that may be slightly out of tune. Identify the NEAREST in-tune pitch (the closest standard musical note). What is the main pitch frequency, expressed in Hertz? Reply with ONLY a number (the frequency in Hz). Nothing else. Output only the answer."
1000,0.0,flute,instrument,30,36,0,0,0,0,F#1,D2,0,0,0,fa#,sol#,0,0,0,36,D2,sol#,1396.,data/audio/pitchbench_a5_pitch_slightly_off/46p2hz_flute_1000ms.wav,46p2hz_flute_1000ms.wav,This audio contains a single sustained musical note that may be slightly out of tune. Identify the NEAREST in-tune pitch (the closest standard musical note). What is the MIDI note number (an integer from 0 to 127)? Reply with ONLY the integer. Nothing else. Output only the answer.,"This audio contains a single sustained musical note that may be slightly out of tune. Identify the NEAREST in-tune pitch (the closest standard musical note). What is the note name and octave? Reply with ONLY the note name in Scientific Pitch Notation (e.g. C4, F#3, Bb5). Nothing else. Output only the answer.","This audio contains a single sustained musical note that may be slightly out of tune. Identify the NEAREST in-tune pitch (the closest standard musical note). What is the solfege syllable and accidental (if needed) of this pitch? Use fixed-do (do=C, re=D, mi=E, fa=F, sol=G, la=A, si=B). Include sharps or flats when needed (e.g. do#, reb, fa#, sib). Do NOT include the octave. Reply with ONLY the syllable and accidental (if needed). Nothing else. Output only the answer.","This audio contains a single sustained musical note that may be slightly out of tune. Identify the NEAREST in-tune pitch (the closest standard musical note). What is the main pitch frequency, expressed in Hertz? Reply with ONLY a number (the frequency in Hz). Nothing else. Output only the answer."
1000,0.6188,flute,instrument,30,36,0,0,0,0,F#1,D#4,0,0,0,fa#,sol#,0,0,0,36,D#4,sol#,311.1,data/audio/pitchbench_a5_pitch_slightly_off/46p9hz_flute_1000ms.wav,46p9hz_flute_1000ms.wav,This audio contains a single sustained musical note that may be slightly out of tune. Identify the NEAREST in-tune pitch (the closest standard musical note). What is the MIDI note number (an integer from 0 to 127)? Reply with ONLY the integer. Nothing else. Output only the answer.,"This audio contains a single sustained musical note that may be slightly out of tune. Identify the NEAREST in-tune pitch (the closest standard musical note). What is the note name and octave? Reply with ONLY the note name in Scientific Pitch Notation (e.g. C4, F#3, Bb5). Nothing else. Output only the answer.","This audio contains a single sustained musical note that may be slightly out of tune. Identify the NEAREST in-tune pitch (the closest standard musical note). What is the solfege syllable and accidental (if needed) of this pitch? Use fixed-do (do=C, re=D, mi=E, fa=F, sol=G, la=A, si=B). Include sharps or flats when needed (e.g. do#, reb, fa#, sib). Do NOT include the octave. Reply with ONLY the syllable and accidental (if needed). Nothing else. Output only the answer.","This audio contains a single sustained musical note that may be slightly out of tune. Identify the NEAREST in-tune pitch (the closest standard musical note). What is the main pitch frequency, expressed in Hertz? Reply with ONLY a number (the frequency in Hz). Nothing else. Output only the answer."
1000,0.0,flute,instrument,30,36,0,0,0,0,F#1,D2,0,0,0,fa#,sol#,0,0,0,36,D2,sol#,130.81,data/audio/pitchbench_a5_pitch_slightly_off/46p2hz_flute_1000ms.wav,46p2hz_flute_1000ms.wav,This audio contains a single sustained musical note that may be slightly out of tune. Identify the NEAREST in-tune pitch (the closest standard musical note). What is the MIDI note number (an integer from 0 to 127)? Reply with ONLY the integer. Nothing else. Output only the answer.,"This audio contains a single sustained musical note that may be slightly out of tune. Identify the NEAREST in-tune pitch (the closest standard musical note). What is the note name and octave? Reply with ONLY the note name in Scientific Pitch Notation (e.g. C4, F#3, Bb5). Nothing else. Output only the answer.","This audio contains a single sustained musical note that may be slightly out of tune. Identify the NEAREST in-tune pitch (the closest standard musical note). What is the solfege syllable and accidental (if needed) of this pitch? Use fixed-do (do=C, re=D, mi=E, fa=F, sol=G, la=A, si=B). Include sharps or flats when needed (e.g. do#, reb, fa#, sib). Do NOT include the octave. Reply with ONLY the syllable and accidental (if needed). Nothing else. Output only the answer.","This audio contains a single sustained musical note that may be slightly out of tune. Identify the NEAREST in-tune pitch (the closest standard musical note). What is the main pitch frequency, expressed in Hertz? Reply with ONLY a number (the frequency in Hz). Nothing else. Output only the answer."
5000,-0.292,flute,instrument,30,36,0,0,0,0,F#1,C2,0,0,0,fa#,do#,0,0,0,36,C2,do#,65.41,data/audio/pitchbench_a5_pitch_slightly_off/46p0hz_flute_5000ms.wav,46p0hz_flute_5000ms.wav,This audio contains a single sustained musical note that may be slightly out of tune. Identify the NEAREST in-tune pitch (the closest standard musical note). What is the MIDI note number (an integer from 0 to 127)? Reply with ONLY the integer. Nothing else. Output only the answer.,"This audio contains a single sustained musical note that may be slightly out of tune. Identify the NEAREST in-tune pitch (the closest standard musical note). What is the note name and octave? Reply with ONLY the note name in Scientific Pitch Notation (e.g. C4, F#3, Bb5). Nothing else. Output only the answer.","This audio contains a single sustained musical note that may be slightly out of tune. Identify the NEAREST in-tune pitch (the closest standard musical note). What is the solfege syllable and accidental (if needed) of this pitch? Use fixed-do (do=C, re=D, mi=E, fa=F, sol=G, la=A, si=B). Include sharps or flats when needed (e.g. do#, reb, fa#, sib). Do NOT include the octave. Reply with ONLY the syllable and accidental (if needed). Nothing else. Output only the answer.","This audio contains a single sustained musical note that may be slightly out of tune. Identify the NEAREST in-tune pitch (the closest standard musical note). What is the main pitch frequency, expressed in Hertz? Reply with ONLY a number (the frequency in Hz). Nothing else. Output only the answer."
5000,0.0,flute,instrument,30,28,0,0,0,1,F#1,C2,0,0,0,fa#,sol#,0,0,0,28,C2,sol#,41.20,data/audio/pitchbench_a5_pitch_slightly_off/46p2hz_flute_5000ms.wav,46p2hz_flute_5000ms.wav,This audio contains a single sustained musical note that may be slightly out of tune. Identify the NEAREST in-tune pitch (the closest standard musical note). What is the MIDI note number (an integer from 0 to 127)? Reply with ONLY the integer. Nothing else. Output only the answer.,"This audio contains a single sustained musical note that may be slightly out of tune. Identify the NEAREST in-tune pitch (the closest standard musical note). What is the note name and octave? Reply with ONLY the note name in Scientific Pitch Notation (e.g. C4, F#3, Bb5). Nothing else. Output only the answer.","This audio contains a single sustained musical note that may be slightly out of tune. Identify the NEAREST in-tune pitch (the closest standard musical note). What is the solfege syllable and accidental (if needed) of this pitch? Use fixed-do (do=C, re=D, mi=E, fa=F, sol=G, la=A, si=B). Include sharps or flats when needed (e.g. do#, reb, fa#, sib). Do NOT include the octave. Reply with ONLY the syllable and accidental (if needed). Nothing else. Output only the answer.","This audio contains a single sustained musical note that may be slightly out of tune. Identify the NEAREST in-tune pitch (the closest standard musical note). What is the main pitch frequency, expressed in Hertz? Reply with ONLY a number (the frequency in Hz). Nothing else. Output only the answer."
1000,-0.413,flute,instrument,36,34,0,0,0,0,C2,C2,1,1,1,do,sol#,0,0,1,34,C2,sol#,349.23,data/audio/pitchbench_a5_pitch_slightly_off/65p0hz_flute_1000ms.wav,65p0hz_flute_1000ms.wav,This audio contains a single sustained musical note that may be slightly out of tune. Identify the NEAREST in-tune pitch (the closest standard musical note). What is the MIDI note number (an integer from 0 to 127)? Reply with ONLY the integer. Nothing else. Output only the answer.,"This audio contains a single sustained musical note that may be slightly out of tune. Identify the NEAREST in-tune pitch (the closest standard musical note). What is the note name and octave? Reply with ONLY the note name in Scientific Pitch Notation (e.g. C4, F#3, Bb5). Nothing else. Output only the answer.","This audio contains a single sustained musical note that may be slightly out of tune. Identify the NEAREST in-tune pitch (the closest standard musical note). What is the solfege syllable and accidental (if needed) of this pitch? Use fixed-do (do=C, re=D, mi=E, fa=F, sol=G, la=A, si=B). Include sharps or flats when needed (e.g. do#, reb, fa#, sib). Do NOT include the octave. Reply with ONLY the syllable and accidental (if needed). Nothing else. Output only the answer.","This audio contains a single sustained musical note that may be slightly out of tune. Identify the NEAREST in-tune pitch (the closest standard musical note). What is the main pitch frequency, expressed in Hertz? Reply with ONLY a number (the frequency in Hz). Nothing else. Output only the answer."
1000,0.0,flute,instrument,36,41,0,0,0,1,C2,C2,1,1,1,do,sol#,0,0,1,41,C2,sol#,130.,data/audio/pitchbench_a5_pitch_slightly_off/65p4hz_flute_1000ms.wav,65p4hz_flute_1000ms.wav,This audio contains a single sustained musical note that may be slightly out of tune. Identify the NEAREST in-tune pitch (the closest standard musical note). What is the MIDI note number (an integer from 0 to 127)? Reply with ONLY the integer. Nothing else. Output only the answer.,"This audio contains a single sustained musical note that may be slightly out of tune. Identify the NEAREST in-tune pitch (the closest standard musical note). What is the note name and octave? Reply with ONLY the note name in Scientific Pitch Notation (e.g. C4, F#3, Bb5). Nothing else. Output only the answer.","This audio contains a single sustained musical note that may be slightly out of tune. Identify the NEAREST in-tune pitch (the closest standard musical note). What is the solfege syllable and accidental (if needed) of this pitch? Use fixed-do (do=C, re=D, mi=E, fa=F, sol=G, la=A, si=B). Include sharps or flats when needed (e.g. do#, reb, fa#, sib). Do NOT include the octave. Reply with ONLY the syllable and accidental (if needed). Nothing else. Output only the answer.","This audio contains a single sustained musical note that may be slightly out of tune. Identify the NEAREST in-tune pitch (the closest standard musical note). What is the main pitch frequency, expressed in Hertz? Reply with ONLY a number (the frequency in Hz). Nothing else. Output only the answer."
1000,0.6556,flute,instrument,43,36,0,0,0,1,G2,D2,0,0,1,sol,sol#,0,0,0,36,D2,sol#,65.,data/audio/pitchbench_a5_pitch_slightly_off/98p7hz_flute_1000ms.wav,98p7hz_flute_1000ms.wav,This audio contains a single sustained musical note that may be slightly out of tune. Identify the NEAREST in-tune pitch (the closest standard musical note). What is the MIDI note number (an integer from 0 to 127)? Reply with ONLY the integer. Nothing else. Output only the answer.,"This audio contains a single sustained musical note that may be slightly out of tune. Identify the NEAREST in-tune pitch (the closest standard musical note). What is the note name and octave? Reply with ONLY the note name in Scientific Pitch Notation (e.g. C4, F#3, Bb5). Nothing else. Output only the answer.","This audio contains a single sustained musical note that may be slightly out of tune. Identify the NEAREST in-tune pitch (the closest standard musical note). What is the solfege syllable and accidental (if needed) of this pitch? Use fixed-do (do=C, re=D, mi=E, fa=F, sol=G, la=A, si=B). Include sharps or flats when needed (e.g. do#, reb, fa#, sib). Do NOT include the octave. Reply with ONLY the syllable and accidental (if needed). Nothing else. Output only the answer.","This audio contains a single sustained musical note that may be slightly out of tune. Identify the NEAREST in-tune pitch (the closest standard musical note). What is the main pitch frequency, expressed in Hertz? Reply with ONLY a number (the frequency in Hz). Nothing else. Output only the answer."
1000,0.0,flute,instrument,43,37,0,0,0,1,G2,D2,0,0,1,sol,sol#,0,0,0,37,D2,sol#,43.,data/audio/pitchbench_a5_pitch_slightly_off/98p0hz_flute_1000ms.wav,98p0hz_flute_1000ms.wav,This audio contains a single sustained musical note that may be slightly out of tune. Identify the NEAREST in-tune pitch (the closest standard musical note). What is the MIDI note number (an integer from 0 to 127)? Reply with ONLY the integer. Nothing else. Output only the answer.,"This audio contains a single sustained musical note that may be slightly out of tune. Identify the NEAREST in-tune pitch (the closest standard musical note). What is the note name and octave? Reply with ONLY the note name in Scientific Pitch Notation (e.g. C4, F#3, Bb5). Nothing else. Output only the answer.","This audio contains a single sustained musical note that may be slightly out of tune. Identify the NEAREST in-tune pitch (the closest standard musical note). What is the solfege syllable and accidental (if needed) of this pitch? Use fixed-do (do=C, re=D, mi=E, fa=F, sol=G, la=A, si=B). Include sharps or flats when needed (e.g. do#, reb, fa#, sib). Do NOT include the octave. Reply with ONLY the syllable and accidental (if needed). Nothing else. Output only the answer.","This audio contains a single sustained musical note that may be slightly out of tune. Identify the NEAREST in-tune pitch (the closest standard musical note). What is the main pitch frequency, expressed in Hertz? Reply with ONLY a number (the frequency in Hz). Nothing else. Output only the answer."
1000,1.3111,flute,instrument,43,36,0,0,0,1,G2,D2,0,0,1,sol,sol#,0,0,0,36,D2,sol#,65.,data/audio/pitchbench_a5_pitch_slightly_off/99p3hz_flute_1000ms.wav,99p3hz_flute_1000ms.wav,This audio contains a single sustained musical note that may be slightly out of tune. Identify the NEAREST in-tune pitch (the closest standard musical note). What is the MIDI note number (an integer from 0 to 127)? Reply with ONLY the integer. Nothing else. Output only the answer.,"This audio contains a single sustained musical note that may be slightly out of tune. Identify the NEAREST in-tune pitch (the closest standard musical note). What is the note name and octave? Reply with ONLY the note name in Scientific Pitch Notation (e.g. C4, F#3, Bb5). Nothing else. Output only the answer.","This audio contains a single sustained musical note that may be slightly out of tune. Identify the NEAREST in-tune pitch (the closest standard musical note). What is the solfege syllable and accidental (if needed) of this pitch? Use fixed-do (do=C, re=D, mi=E, fa=F, sol=G, la=A, si=B). Include sharps or flats when needed (e.g. do#, reb, fa#, sib). Do NOT include the octave. Reply with ONLY the syllable and accidental (if needed). Nothing else. Output only the answer.","This audio contains a single sustained musical note that may be slightly out of tune. Identify the NEAREST in-tune pitch (the closest standard musical note). What is the main pitch frequency, expressed in Hertz? Reply with ONLY a number (the frequency in Hz). Nothing else. Output only the answer."
1000,0.0,flute,instrument,43,36,0,0,0,1,G2,C2,0,0,1,sol,sol#,0,0,0,36,C2,sol#,65.41,data/audio/pitchbench_a5_pitch_slightly_off/98p0hz_flute_1000ms.wav,98p0hz_flute_1000ms.wav,This audio contains a single sustained musical note that may be slightly out of tune. Identify the NEAREST in-tune pitch (the closest standard musical note). What is the MIDI note number (an integer from 0 to 127)? Reply with ONLY the integer. Nothing else. Output only the answer.,"This audio contains a single sustained musical note that may be slightly out of tune. Identify the NEAREST in-tune pitch (the closest standard musical note). What is the note name and octave? Reply with ONLY the note name in Scientific Pitch Notation (e.g. C4, F#3, Bb5). Nothing else. Output only the answer.","This audio contains a single sustained musical note that may be slightly out of tune. Identify the NEAREST in-tune pitch (the closest standard musical note). What is the solfege syllable and accidental (if needed) of this pitch? Use fixed-do (do=C, re=D, mi=E, fa=F, sol=G, la=A, si=B). Include sharps or flats when needed (e.g. do#, reb, fa#, sib). Do NOT include the octave. Reply with ONLY the syllable and accidental (if needed). Nothing else. Output only the answer.","This audio contains a single sustained musical note that may be slightly out of tune. Identify the NEAREST in-tune pitch (the closest standard musical note). What is the main pitch frequency, expressed in Hertz? Reply with ONLY a number (the frequency in Hz). Nothing else. Output only the answer."
1000,1.7502,flute,instrument,48,41,0,0,0,0,C3,F2,0,0,0,do,fa#,0,0,0,41,F2,fa#,65.41,data/audio/pitchbench_a5_pitch_slightly_off/132p6hz_flute_1000ms.wav,132p6hz_flute_1000ms.wav,This audio contains a single sustained musical note that may be slightly out of tune. Identify the NEAREST in-tune pitch (the closest standard musical note). What is the MIDI note number (an integer from 0 to 127)? Reply with ONLY the integer. Nothing else. Output only the answer.,"This audio contains a single sustained musical note that may be slightly out of tune. Identify the NEAREST in-tune pitch (the closest standard musical note). What is the note name and octave? Reply with ONLY the note name in Scientific Pitch Notation (e.g. C4, F#3, Bb5). Nothing else. Output only the answer.","This audio contains a single sustained musical note that may be slightly out of tune. Identify the NEAREST in-tune pitch (the closest standard musical note). What is the solfege syllable and accidental (if needed) of this pitch? Use fixed-do (do=C, re=D, mi=E, fa=F, sol=G, la=A, si=B). Include sharps or flats when needed (e.g. do#, reb, fa#, sib). Do NOT include the octave. Reply with ONLY the syllable and accidental (if needed). Nothing else. Output only the answer.","This audio contains a single sustained musical note that may be slightly out of tune. Identify the NEAREST in-tune pitch (the closest standard musical note). What is the main pitch frequency, expressed in Hertz? Reply with ONLY a number (the frequency in Hz). Nothing else. Output only the answer."
1000,0.0,flute,instrument,48,34,0,0,0,0,C3,F2,0,0,0,do,fa#,0,0,0,34,F2,fa#,87.31,data/audio/pitchbench_a5_pitch_slightly_off/130p8hz_flute_1000ms.wav,130p8hz_flute_1000ms.wav,This audio contains a single sustained musical note that may be slightly out of tune. Identify the NEAREST in-tune pitch (the closest standard musical note). What is the MIDI note number (an integer from 0 to 127)? Reply with ONLY the integer. Nothing else. Output only the answer.,"This audio contains a single sustained musical note that may be slightly out of tune. Identify the NEAREST in-tune pitch (the closest standard musical note). What is the note name and octave? Reply with ONLY the note name in Scientific Pitch Notation (e.g. C4, F#3, Bb5). Nothing else. Output only the answer.","This audio contains a single sustained musical note that may be slightly out of tune. Identify the NEAREST in-tune pitch (the closest standard musical note). What is the solfege syllable and accidental (if needed) of this pitch? Use fixed-do (do=C, re=D, mi=E, fa=F, sol=G, la=A, si=B). Include sharps or flats when needed (e.g. do#, reb, fa#, sib). Do NOT include the octave. Reply with ONLY the syllable and accidental (if needed). Nothing else. Output only the answer.","This audio contains a single sustained musical note that may be slightly out of tune. Identify the NEAREST in-tune pitch (the closest standard musical note). What is the main pitch frequency, expressed in Hertz? Reply with ONLY a number (the frequency in Hz). Nothing else. Output only the answer."
5000,-1.6519,flute,instrument,48,36,0,0,1,0,C3,D2,0,0,0,do,sol#,0,0,0,36,D2,sol#,87.3,data/audio/pitchbench_a5_pitch_slightly_off/129p2hz_flute_5000ms.wav,129p2hz_flute_5000ms.wav,This audio contains a single sustained musical note that may be slightly out of tune. Identify the NEAREST in-tune pitch (the closest standard musical note). What is the MIDI note number (an integer from 0 to 127)? Reply with ONLY the integer. Nothing else. Output only the answer.,"This audio contains a single sustained musical note that may be slightly out of tune. Identify the NEAREST in-tune pitch (the closest standard musical note). What is the note name and octave? Reply with ONLY the note name in Scientific Pitch Notation (e.g. C4, F#3, Bb5). Nothing else. Output only the answer.","This audio contains a single sustained musical note that may be slightly out of tune. Identify the NEAREST in-tune pitch (the closest standard musical note). What is the solfege syllable and accidental (if needed) of this pitch? Use fixed-do (do=C, re=D, mi=E, fa=F, sol=G, la=A, si=B). Include sharps or flats when needed (e.g. do#, reb, fa#, sib). Do NOT include the octave. Reply with ONLY the syllable and accidental (if needed). Nothing else. Output only the answer.","This audio contains a single sustained musical note that may be slightly out of tune. Identify the NEAREST in-tune pitch (the closest standard musical note). What is the main pitch frequency, expressed in Hertz? Reply with ONLY a number (the frequency in Hz). Nothing else. Output only the answer."
5000,0.0,flute,instrument,48,41,0,0,0,0,C3,F2,0,0,0,do,fa#,0,0,0,41,F2,fa#,103.8,data/audio/pitchbench_a5_pitch_slightly_off/130p8hz_flute_5000ms.wav,130p8hz_flute_5000ms.wav,This audio contains a single sustained musical note that may be slightly out of tune. Identify the NEAREST in-tune pitch (the closest standard musical note). What is the MIDI note number (an integer from 0 to 127)? Reply with ONLY the integer. Nothing else. Output only the answer.,"This audio contains a single sustained musical note that may be slightly out of tune. Identify the NEAREST in-tune pitch (the closest standard musical note). What is the note name and octave? Reply with ONLY the note name in Scientific Pitch Notation (e.g. C4, F#3, Bb5). Nothing else. Output only the answer.","This audio contains a single sustained musical note that may be slightly out of tune. Identify the NEAREST in-tune pitch (the closest standard musical note). What is the solfege syllable and accidental (if needed) of this pitch? Use fixed-do (do=C, re=D, mi=E, fa=F, sol=G, la=A, si=B). Include sharps or flats when needed (e.g. do#, reb, fa#, sib). Do NOT include the octave. Reply with ONLY the syllable and accidental (if needed). Nothing else. Output only the answer.","This audio contains a single sustained musical note that may be slightly out of tune. Identify the NEAREST in-tune pitch (the closest standard musical note). What is the main pitch frequency, expressed in Hertz? Reply with ONLY a number (the frequency in Hz). Nothing else. Output only the answer."
5000,1.2376,flute,instrument,54,68,0,0,0,0,F#3,C5,0,0,0,fa#,sol#,0,0,0,68,C5,sol#,349.2,data/audio/pitchbench_a5_pitch_slightly_off/186p2hz_flute_5000ms.wav,186p2hz_flute_5000ms.wav,This audio contains a single sustained musical note that may be slightly out of tune. Identify the NEAREST in-tune pitch (the closest standard musical note). What is the MIDI note number (an integer from 0 to 127)? Reply with ONLY the integer. Nothing else. Output only the answer.,"This audio contains a single sustained musical note that may be slightly out of tune. Identify the NEAREST in-tune pitch (the closest standard musical note). What is the note name and octave? Reply with ONLY the note name in Scientific Pitch Notation (e.g. C4, F#3, Bb5). Nothing else. Output only the answer.","This audio contains a single sustained musical note that may be slightly out of tune. Identify the NEAREST in-tune pitch (the closest standard musical note). What is the solfege syllable and accidental (if needed) of this pitch? Use fixed-do (do=C, re=D, mi=E, fa=F, sol=G, la=A, si=B). Include sharps or flats when needed (e.g. do#, reb, fa#, sib). Do NOT include the octave. Reply with ONLY the syllable and accidental (if needed). Nothing else. Output only the answer.","This audio contains a single sustained musical note that may be slightly out of tune. Identify the NEAREST in-tune pitch (the closest standard musical note). What is the main pitch frequency, expressed in Hertz? Reply with ONLY a number (the frequency in Hz). Nothing else. Output only the answer."
5000,0.0,flute,instrument,54,50,0,0,0,1,F#3,G#2,0,0,0,fa#,sol#,0,0,0,50,G#2,sol#,174,data/audio/pitchbench_a5_pitch_slightly_off/185p0hz_flute_5000ms.wav,185p0hz_flute_5000ms.wav,This audio contains a single sustained musical note that may be slightly out of tune. Identify the NEAREST in-tune pitch (the closest standard musical note). What is the MIDI note number (an integer from 0 to 127)? Reply with ONLY the integer. Nothing else. Output only the answer.,"This audio contains a single sustained musical note that may be slightly out of tune. Identify the NEAREST in-tune pitch (the closest standard musical note). What is the note name and octave? Reply with ONLY the note name in Scientific Pitch Notation (e.g. C4, F#3, Bb5). Nothing else. Output only the answer.","This audio contains a single sustained musical note that may be slightly out of tune. Identify the NEAREST in-tune pitch (the closest standard musical note). What is the solfege syllable and accidental (if needed) of this pitch? Use fixed-do (do=C, re=D, mi=E, fa=F, sol=G, la=A, si=B). Include sharps or flats when needed (e.g. do#, reb, fa#, sib). Do NOT include the octave. Reply with ONLY the syllable and accidental (if needed). Nothing else. Output only the answer.","This audio contains a single sustained musical note that may be slightly out of tune. Identify the NEAREST in-tune pitch (the closest standard musical note). What is the main pitch frequency, expressed in Hertz? Reply with ONLY a number (the frequency in Hz). Nothing else. Output only the answer."
1000,-1.6519,flute,instrument,60,85,0,0,0,0,C4,C6,0,1,0,do,,0,0,0,85,C6,": # for sharp,",1046,data/audio/pitchbench_a5_pitch_slightly_off/260p0hz_flute_1000ms.wav,260p0hz_flute_1000ms.wav,This audio contains a single sustained musical note that may be slightly out of tune. Identify the NEAREST in-tune pitch (the closest standard musical note). What is the MIDI note number (an integer from 0 to 127)? Reply with ONLY the integer. Nothing else. Output only the answer.,"This audio contains a single sustained musical note that may be slightly out of tune. Identify the NEAREST in-tune pitch (the closest standard musical note). What is the note name and octave? Reply with ONLY the note name in Scientific Pitch Notation (e.g. C4, F#3, Bb5). Nothing else. Output only the answer.","This audio contains a single sustained musical note that may be slightly out of tune. Identify the NEAREST in-tune pitch (the closest standard musical note). What is the solfege syllable and accidental (if needed) of this pitch? Use fixed-do (do=C, re=D, mi=E, fa=F, sol=G, la=A, si=B). Include sharps or flats when needed (e.g. do#, reb, fa#, sib). Do NOT include the octave. Reply with ONLY the syllable and accidental (if needed). Nothing else. Output only the answer.","This audio contains a single sustained musical note that may be slightly out of tune. Identify the NEAREST in-tune pitch (the closest standard musical note). What is the main pitch frequency, expressed in Hertz? Reply with ONLY a number (the frequency in Hz). Nothing else. Output only the answer."
1000,0.0,flute,instrument,60,85,0,0,0,0,C4,F5,0,0,0,do,sol#,0,0,0,85,F5,sol#,1046,data/audio/pitchbench_a5_pitch_slightly_off/261p6hz_flute_1000ms.wav,261p6hz_flute_1000ms.wav,This audio contains a single sustained musical note that may be slightly out of tune. Identify the NEAREST in-tune pitch (the closest standard musical note). What is the MIDI note number (an integer from 0 to 127)? Reply with ONLY the integer. Nothing else. Output only the answer.,"This audio contains a single sustained musical note that may be slightly out of tune. Identify the NEAREST in-tune pitch (the closest standard musical note). What is the note name and octave? Reply with ONLY the note name in Scientific Pitch Notation (e.g. C4, F#3, Bb5). Nothing else. Output only the answer.","This audio contains a single sustained musical note that may be slightly out of tune. Identify the NEAREST in-tune pitch (the closest standard musical note). What is the solfege syllable and accidental (if needed) of this pitch? Use fixed-do (do=C, re=D, mi=E, fa=F, sol=G, la=A, si=B). Include sharps or flats when needed (e.g. do#, reb, fa#, sib). Do NOT include the octave. Reply with ONLY the syllable and accidental (if needed). Nothing else. Output only the answer.","This audio contains a single sustained musical note that may be slightly out of tune. Identify the NEAREST in-tune pitch (the closest standard musical note). What is the main pitch frequency, expressed in Hertz? Reply with ONLY a number (the frequency in Hz). Nothing else. Output only the answer."
5000,-5.5564,flute,instrument,69,83,0,0,0,0,A4,B5,0,0,0,la,sol#,0,0,0,83,B5,sol#,1046.5,data/audio/pitchbench_a5_pitch_slightly_off/434p4hz_flute_5000ms.wav,434p4hz_flute_5000ms.wav,This audio contains a single sustained musical note that may be slightly out of tune. Identify the NEAREST in-tune pitch (the closest standard musical note). What is the MIDI note number (an integer from 0 to 127)? Reply with ONLY the integer. Nothing else. Output only the answer.,"This audio contains a single sustained musical note that may be slightly out of tune. Identify the NEAREST in-tune pitch (the closest standard musical note). What is the note name and octave? Reply with ONLY the note name in Scientific Pitch Notation (e.g. C4, F#3, Bb5). Nothing else. Output only the answer.","This audio contains a single sustained musical note that may be slightly out of tune. Identify the NEAREST in-tune pitch (the closest standard musical note). What is the solfege syllable and accidental (if needed) of this pitch? Use fixed-do (do=C, re=D, mi=E, fa=F, sol=G, la=A, si=B). Include sharps or flats when needed (e.g. do#, reb, fa#, sib). Do NOT include the octave. Reply with ONLY the syllable and accidental (if needed). Nothing else. Output only the answer.","This audio contains a single sustained musical note that may be slightly out of tune. Identify the NEAREST in-tune pitch (the closest standard musical note). What is the main pitch frequency, expressed in Hertz? Reply with ONLY a number (the frequency in Hz). Nothing else. Output only the answer."
5000,0.0,flute,instrument,69,107,0,0,0,0,A4,B6,0,0,0,la,la#,0,0,0,107,B6,sib,1568.0,data/audio/pitchbench_a5_pitch_slightly_off/440p0hz_flute_5000ms.wav,440p0hz_flute_5000ms.wav,This audio contains a single sustained musical note that may be slightly out of tune. Identify the NEAREST in-tune pitch (the closest standard musical note). What is the MIDI note number (an integer from 0 to 127)? Reply with ONLY the integer. Nothing else. Output only the answer.,"This audio contains a single sustained musical note that may be slightly out of tune. Identify the NEAREST in-tune pitch (the closest standard musical note). What is the note name and octave? Reply with ONLY the note name in Scientific Pitch Notation (e.g. C4, F#3, Bb5). Nothing else. Output only the answer.","This audio contains a single sustained musical note that may be slightly out of tune. Identify the NEAREST in-tune pitch (the closest standard musical note). What is the solfege syllable and accidental (if needed) of this pitch? Use fixed-do (do=C, re=D, mi=E, fa=F, sol=G, la=A, si=B). Include sharps or flats when needed (e.g. do#, reb, fa#, sib). Do NOT include the octave. Reply with ONLY the syllable and accidental (if needed). Nothing else. Output only the answer.","This audio contains a single sustained musical note that may be slightly out of tune. Identify the NEAREST in-tune pitch (the closest standard musical note). What is the main pitch frequency, expressed in Hertz? Reply with ONLY a number (the frequency in Hz). Nothing else. Output only the answer."
1000,5.2446,flute,instrument,79,84,0,0,0,0,G5,C6,0,0,0,sol,sol#,0,0,0,84,C6,sol#,1046,data/audio/pitchbench_a5_pitch_slightly_off/789p2hz_flute_1000ms.wav,789p2hz_flute_1000ms.wav,This audio contains a single sustained musical note that may be slightly out of tune. Identify the NEAREST in-tune pitch (the closest standard musical note). What is the MIDI note number (an integer from 0 to 127)? Reply with ONLY the integer. Nothing else. Output only the answer.,"This audio contains a single sustained musical note that may be slightly out of tune. Identify the NEAREST in-tune pitch (the closest standard musical note). What is the note name and octave? Reply with ONLY the note name in Scientific Pitch Notation (e.g. C4, F#3, Bb5). Nothing else. Output only the answer.","This audio contains a single sustained musical note that may be slightly out of tune. Identify the NEAREST in-tune pitch (the closest standard musical note). What is the solfege syllable and accidental (if needed) of this pitch? Use fixed-do (do=C, re=D, mi=E, fa=F, sol=G, la=A, si=B). Include sharps or flats when needed (e.g. do#, reb, fa#, sib). Do NOT include the octave. Reply with ONLY the syllable and accidental (if needed). Nothing else. Output only the answer.","This audio contains a single sustained musical note that may be slightly out of tune. Identify the NEAREST in-tune pitch (the closest standard musical note). What is the main pitch frequency, expressed in Hertz? Reply with ONLY a number (the frequency in Hz). Nothing else. Output only the answer."
1000,0.0,flute,instrument,79,96,0,0,0,0,G5,C6,0,0,0,sol,sol#,0,0,0,96,C6,sol#,52,data/audio/pitchbench_a5_pitch_slightly_off/784p0hz_flute_1000ms.wav,784p0hz_flute_1000ms.wav,This audio contains a single sustained musical note that may be slightly out of tune. Identify the NEAREST in-tune pitch (the closest standard musical note). What is the MIDI note number (an integer from 0 to 127)? Reply with ONLY the integer. Nothing else. Output only the answer.,"This audio contains a single sustained musical note that may be slightly out of tune. Identify the NEAREST in-tune pitch (the closest standard musical note). What is the note name and octave? Reply with ONLY the note name in Scientific Pitch Notation (e.g. C4, F#3, Bb5). Nothing else. Output only the answer.","This audio contains a single sustained musical note that may be slightly out of tune. Identify the NEAREST in-tune pitch (the closest standard musical note). What is the solfege syllable and accidental (if needed) of this pitch? Use fixed-do (do=C, re=D, mi=E, fa=F, sol=G, la=A, si=B). Include sharps or flats when needed (e.g. do#, reb, fa#, sib). Do NOT include the octave. Reply with ONLY the syllable and accidental (if needed). Nothing else. Output only the answer.","This audio contains a single sustained musical note that may be slightly out of tune. Identify the NEAREST in-tune pitch (the closest standard musical note). What is the main pitch frequency, expressed in Hertz? Reply with ONLY a number (the frequency in Hz). Nothing else. Output only the answer."
1000,10.4892,flute,instrument,79,96,0,0,0,0,G5,C6,0,0,0,sol,sol#,0,0,0,96,C6,sol#,1046.,data/audio/pitchbench_a5_pitch_slightly_off/794p5hz_flute_1000ms.wav,794p5hz_flute_1000ms.wav,This audio contains a single sustained musical note that may be slightly out of tune. Identify the NEAREST in-tune pitch (the closest standard musical note). What is the MIDI note number (an integer from 0 to 127)? Reply with ONLY the integer. Nothing else. Output only the answer.,"This audio contains a single sustained musical note that may be slightly out of tune. Identify the NEAREST in-tune pitch (the closest standard musical note). What is the note name and octave? Reply with ONLY the note name in Scientific Pitch Notation (e.g. C4, F#3, Bb5). Nothing else. Output only the answer.","This audio contains a single sustained musical note that may be slightly out of tune. Identify the NEAREST in-tune pitch (the closest standard musical note). What is the solfege syllable and accidental (if needed) of this pitch? Use fixed-do (do=C, re=D, mi=E, fa=F, sol=G, la=A, si=B). Include sharps or flats when needed (e.g. do#, reb, fa#, sib). Do NOT include the octave. Reply with ONLY the syllable and accidental (if needed). Nothing else. Output only the answer.","This audio contains a single sustained musical note that may be slightly out of tune. Identify the NEAREST in-tune pitch (the closest standard musical note). What is the main pitch frequency, expressed in Hertz? Reply with ONLY a number (the frequency in Hz). Nothing else. Output only the answer."
1000,0.0,flute,instrument,79,96,0,0,0,0,G5,C6,0,0,0,sol,fa#,0,0,0,96,C6,fa#,1046.,data/audio/pitchbench_a5_pitch_slightly_off/784p0hz_flute_1000ms.wav,784p0hz_flute_1000ms.wav,This audio contains a single sustained musical note that may be slightly out of tune. Identify the NEAREST in-tune pitch (the closest standard musical note). What is the MIDI note number (an integer from 0 to 127)? Reply with ONLY the integer. Nothing else. Output only the answer.,"This audio contains a single sustained musical note that may be slightly out of tune. Identify the NEAREST in-tune pitch (the closest standard musical note). What is the note name and octave? Reply with ONLY the note name in Scientific Pitch Notation (e.g. C4, F#3, Bb5). Nothing else. Output only the answer.","This audio contains a single sustained musical note that may be slightly out of tune. Identify the NEAREST in-tune pitch (the closest standard musical note). What is the solfege syllable and accidental (if needed) of this pitch? Use fixed-do (do=C, re=D, mi=E, fa=F, sol=G, la=A, si=B). Include sharps or flats when needed (e.g. do#, reb, fa#, sib). Do NOT include the octave. Reply with ONLY the syllable and accidental (if needed). Nothing else. Output only the answer.","This audio contains a single sustained musical note that may be slightly out of tune. Identify the NEAREST in-tune pitch (the closest standard musical note). What is the main pitch frequency, expressed in Hertz? Reply with ONLY a number (the frequency in Hz). Nothing else. Output only the answer."
5000,10.4892,flute,instrument,79,84,0,0,0,0,G5,,0,0,0,sol,,0,0,0,84,C,Listen to the Audio:**,1046.5,data/audio/pitchbench_a5_pitch_slightly_off/794p5hz_flute_5000ms.wav,794p5hz_flute_5000ms.wav,This audio contains a single sustained musical note that may be slightly out of tune. Identify the NEAREST in-tune pitch (the closest standard musical note). What is the MIDI note number (an integer from 0 to 127)? Reply with ONLY the integer. Nothing else. Output only the answer.,"This audio contains a single sustained musical note that may be slightly out of tune. Identify the NEAREST in-tune pitch (the closest standard musical note). What is the note name and octave? Reply with ONLY the note name in Scientific Pitch Notation (e.g. C4, F#3, Bb5). Nothing else. Output only the answer.","This audio contains a single sustained musical note that may be slightly out of tune. Identify the NEAREST in-tune pitch (the closest standard musical note). What is the solfege syllable and accidental (if needed) of this pitch? Use fixed-do (do=C, re=D, mi=E, fa=F, sol=G, la=A, si=B). Include sharps or flats when needed (e.g. do#, reb, fa#, sib). Do NOT include the octave. Reply with ONLY the syllable and accidental (if needed). Nothing else. Output only the answer.","This audio contains a single sustained musical note that may be slightly out of tune. Identify the NEAREST in-tune pitch (the closest standard musical note). What is the main pitch frequency, expressed in Hertz? Reply with ONLY a number (the frequency in Hz). Nothing else. Output only the answer."
5000,0.0,flute,instrument,79,85,0,0,0,0,G5,C6,0,0,0,sol,sol#,0,0,0,85,C6,sol#,1046.5,data/audio/pitchbench_a5_pitch_slightly_off/784p0hz_flute_5000ms.wav,784p0hz_flute_5000ms.wav,This audio contains a single sustained musical note that may be slightly out of tune. Identify the NEAREST in-tune pitch (the closest standard musical note). What is the MIDI note number (an integer from 0 to 127)? Reply with ONLY the integer. Nothing else. Output only the answer.,"This audio contains a single sustained musical note that may be slightly out of tune. Identify the NEAREST in-tune pitch (the closest standard musical note). What is the note name and octave? Reply with ONLY the note name in Scientific Pitch Notation (e.g. C4, F#3, Bb5). Nothing else. Output only the answer.","This audio contains a single sustained musical note that may be slightly out of tune. Identify the NEAREST in-tune pitch (the closest standard musical note). What is the solfege syllable and accidental (if needed) of this pitch? Use fixed-do (do=C, re=D, mi=E, fa=F, sol=G, la=A, si=B). Include sharps or flats when needed (e.g. do#, reb, fa#, sib). Do NOT include the octave. Reply with ONLY the syllable and accidental (if needed). Nothing else. Output only the answer.","This audio contains a single sustained musical note that may be slightly out of tune. Identify the NEAREST in-tune pitch (the closest standard musical note). What is the main pitch frequency, expressed in Hertz? Reply with ONLY a number (the frequency in Hz). Nothing else. Output only the answer."
1000,-16.6505,flute,instrument,88,95,0,0,0,1,E6,C6,0,0,1,mi,si,0,0,0,95,C6,si,1046,data/audio/pitchbench_a5_pitch_slightly_off/1301p9hz_flute_1000ms.wav,1301p9hz_flute_1000ms.wav,This audio contains a single sustained musical note that may be slightly out of tune. Identify the NEAREST in-tune pitch (the closest standard musical note). What is the MIDI note number (an integer from 0 to 127)? Reply with ONLY the integer. Nothing else. Output only the answer.,"This audio contains a single sustained musical note that may be slightly out of tune. Identify the NEAREST in-tune pitch (the closest standard musical note). What is the note name and octave? Reply with ONLY the note name in Scientific Pitch Notation (e.g. C4, F#3, Bb5). Nothing else. Output only the answer.","This audio contains a single sustained musical note that may be slightly out of tune. Identify the NEAREST in-tune pitch (the closest standard musical note). What is the solfege syllable and accidental (if needed) of this pitch? Use fixed-do (do=C, re=D, mi=E, fa=F, sol=G, la=A, si=B). Include sharps or flats when needed (e.g. do#, reb, fa#, sib). Do NOT include the octave. Reply with ONLY the syllable and accidental (if needed). Nothing else. Output only the answer.","This audio contains a single sustained musical note that may be slightly out of tune. Identify the NEAREST in-tune pitch (the closest standard musical note). What is the main pitch frequency, expressed in Hertz? Reply with ONLY a number (the frequency in Hz). Nothing else. Output only the answer."
1000,0.0,flute,instrument,88,101,0,0,0,0,E6,C6,0,0,1,mi,sol#,0,0,0,101,C6,sol#,1046,data/audio/pitchbench_a5_pitch_slightly_off/1318p5hz_flute_1000ms.wav,1318p5hz_flute_1000ms.wav,This audio contains a single sustained musical note that may be slightly out of tune. Identify the NEAREST in-tune pitch (the closest standard musical note). What is the MIDI note number (an integer from 0 to 127)? Reply with ONLY the integer. Nothing else. Output only the answer.,"This audio contains a single sustained musical note that may be slightly out of tune. Identify the NEAREST in-tune pitch (the closest standard musical note). What is the note name and octave? Reply with ONLY the note name in Scientific Pitch Notation (e.g. C4, F#3, Bb5). Nothing else. Output only the answer.","This audio contains a single sustained musical note that may be slightly out of tune. Identify the NEAREST in-tune pitch (the closest standard musical note). What is the solfege syllable and accidental (if needed) of this pitch? Use fixed-do (do=C, re=D, mi=E, fa=F, sol=G, la=A, si=B). Include sharps or flats when needed (e.g. do#, reb, fa#, sib). Do NOT include the octave. Reply with ONLY the syllable and accidental (if needed). Nothing else. Output only the answer.","This audio contains a single sustained musical note that may be slightly out of tune. Identify the NEAREST in-tune pitch (the closest standard musical note). What is the main pitch frequency, expressed in Hertz? Reply with ONLY a number (the frequency in Hz). Nothing else. Output only the answer."
1000,-8.3253,flute,instrument,88,103,0,0,0,0,E6,C6,0,0,1,mi,sol#,0,0,0,103,C6,sol#,1046,data/audio/pitchbench_a5_pitch_slightly_off/1310p2hz_flute_1000ms.wav,1310p2hz_flute_1000ms.wav,This audio contains a single sustained musical note that may be slightly out of tune. Identify the NEAREST in-tune pitch (the closest standard musical note). What is the MIDI note number (an integer from 0 to 127)? Reply with ONLY the integer. Nothing else. Output only the answer.,"This audio contains a single sustained musical note that may be slightly out of tune. Identify the NEAREST in-tune pitch (the closest standard musical note). What is the note name and octave? Reply with ONLY the note name in Scientific Pitch Notation (e.g. C4, F#3, Bb5). Nothing else. Output only the answer.","This audio contains a single sustained musical note that may be slightly out of tune. Identify the NEAREST in-tune pitch (the closest standard musical note). What is the solfege syllable and accidental (if needed) of this pitch? Use fixed-do (do=C, re=D, mi=E, fa=F, sol=G, la=A, si=B). Include sharps or flats when needed (e.g. do#, reb, fa#, sib). Do NOT include the octave. Reply with ONLY the syllable and accidental (if needed). Nothing else. Output only the answer.","This audio contains a single sustained musical note that may be slightly out of tune. Identify the NEAREST in-tune pitch (the closest standard musical note). What is the main pitch frequency, expressed in Hertz? Reply with ONLY a number (the frequency in Hz). Nothing else. Output only the answer."
1000,0.0,flute,instrument,88,96,0,0,0,0,E6,C6,0,0,1,mi,sol,0,0,0,96,C6,sol,1046.5,data/audio/pitchbench_a5_pitch_slightly_off/1318p5hz_flute_1000ms.wav,1318p5hz_flute_1000ms.wav,This audio contains a single sustained musical note that may be slightly out of tune. Identify the NEAREST in-tune pitch (the closest standard musical note). What is the MIDI note number (an integer from 0 to 127)? Reply with ONLY the integer. Nothing else. Output only the answer.,"This audio contains a single sustained musical note that may be slightly out of tune. Identify the NEAREST in-tune pitch (the closest standard musical note). What is the note name and octave? Reply with ONLY the note name in Scientific Pitch Notation (e.g. C4, F#3, Bb5). Nothing else. Output only the answer.","This audio contains a single sustained musical note that may be slightly out of tune. Identify the NEAREST in-tune pitch (the closest standard musical note). What is the solfege syllable and accidental (if needed) of this pitch? Use fixed-do (do=C, re=D, mi=E, fa=F, sol=G, la=A, si=B). Include sharps or flats when needed (e.g. do#, reb, fa#, sib). Do NOT include the octave. Reply with ONLY the syllable and accidental (if needed). Nothing else. Output only the answer.","This audio contains a single sustained musical note that may be slightly out of tune. Identify the NEAREST in-tune pitch (the closest standard musical note). What is the main pitch frequency, expressed in Hertz? Reply with ONLY a number (the frequency in Hz). Nothing else. Output only the answer."
5000,8.8203,flute,instrument,88,101,0,0,0,0,E6,,0,0,0,mi,sol#,0,0,0,101,C,sol#,1174.6,data/audio/pitchbench_a5_pitch_slightly_off/1327p3hz_flute_5000ms.wav,1327p3hz_flute_5000ms.wav,This audio contains a single sustained musical note that may be slightly out of tune. Identify the NEAREST in-tune pitch (the closest standard musical note). What is the MIDI note number (an integer from 0 to 127)? Reply with ONLY the integer. Nothing else. Output only the answer.,"This audio contains a single sustained musical note that may be slightly out of tune. Identify the NEAREST in-tune pitch (the closest standard musical note). What is the note name and octave? Reply with ONLY the note name in Scientific Pitch Notation (e.g. C4, F#3, Bb5). Nothing else. Output only the answer.","This audio contains a single sustained musical note that may be slightly out of tune. Identify the NEAREST in-tune pitch (the closest standard musical note). What is the solfege syllable and accidental (if needed) of this pitch? Use fixed-do (do=C, re=D, mi=E, fa=F, sol=G, la=A, si=B). Include sharps or flats when needed (e.g. do#, reb, fa#, sib). Do NOT include the octave. Reply with ONLY the syllable and accidental (if needed). Nothing else. Output only the answer.","This audio contains a single sustained musical note that may be slightly out of tune. Identify the NEAREST in-tune pitch (the closest standard musical note). What is the main pitch frequency, expressed in Hertz? Reply with ONLY a number (the frequency in Hz). Nothing else. Output only the answer."
5000,0.0,flute,instrument,88,96,0,0,0,0,E6,C6,0,0,1,mi,do#,0,0,0,96,C6,"examples: do#,",15,data/audio/pitchbench_a5_pitch_slightly_off/1318p5hz_flute_5000ms.wav,1318p5hz_flute_5000ms.wav,This audio contains a single sustained musical note that may be slightly out of tune. Identify the NEAREST in-tune pitch (the closest standard musical note). What is the MIDI note number (an integer from 0 to 127)? Reply with ONLY the integer. Nothing else. Output only the answer.,"This audio contains a single sustained musical note that may be slightly out of tune. Identify the NEAREST in-tune pitch (the closest standard musical note). What is the note name and octave? Reply with ONLY the note name in Scientific Pitch Notation (e.g. C4, F#3, Bb5). Nothing else. Output only the answer.","This audio contains a single sustained musical note that may be slightly out of tune. Identify the NEAREST in-tune pitch (the closest standard musical note). What is the solfege syllable and accidental (if needed) of this pitch? Use fixed-do (do=C, re=D, mi=E, fa=F, sol=G, la=A, si=B). Include sharps or flats when needed (e.g. do#, reb, fa#, sib). Do NOT include the octave. Reply with ONLY the syllable and accidental (if needed). Nothing else. Output only the answer.","This audio contains a single sustained musical note that may be slightly out of tune. Identify the NEAREST in-tune pitch (the closest standard musical note). What is the main pitch frequency, expressed in Hertz? Reply with ONLY a number (the frequency in Hz). Nothing else. Output only the answer."
5000,17.6406,flute,instrument,88,101,0,0,0,0,E6,C7,0,0,0,mi,,0,0,0,101,C7,Listen to the Audio:**,1046.5,data/audio/pitchbench_a5_pitch_slightly_off/1336p2hz_flute_5000ms.wav,1336p2hz_flute_5000ms.wav,This audio contains a single sustained musical note that may be slightly out of tune. Identify the NEAREST in-tune pitch (the closest standard musical note). What is the MIDI note number (an integer from 0 to 127)? Reply with ONLY the integer. Nothing else. Output only the answer.,"This audio contains a single sustained musical note that may be slightly out of tune. Identify the NEAREST in-tune pitch (the closest standard musical note). What is the note name and octave? Reply with ONLY the note name in Scientific Pitch Notation (e.g. C4, F#3, Bb5). Nothing else. Output only the answer.","This audio contains a single sustained musical note that may be slightly out of tune. Identify the NEAREST in-tune pitch (the closest standard musical note). What is the solfege syllable and accidental (if needed) of this pitch? Use fixed-do (do=C, re=D, mi=E, fa=F, sol=G, la=A, si=B). Include sharps or flats when needed (e.g. do#, reb, fa#, sib). Do NOT include the octave. Reply with ONLY the syllable and accidental (if needed). Nothing else. Output only the answer.","This audio contains a single sustained musical note that may be slightly out of tune. Identify the NEAREST in-tune pitch (the closest standard musical note). What is the main pitch frequency, expressed in Hertz? Reply with ONLY a number (the frequency in Hz). Nothing else. Output only the answer."
5000,0.0,flute,instrument,88,101,0,0,0,0,E6,,0,0,0,mi,sol#,0,0,0,101,C,sol#,1046.5,data/audio/pitchbench_a5_pitch_slightly_off/1318p5hz_flute_5000ms.wav,1318p5hz_flute_5000ms.wav,This audio contains a single sustained musical note that may be slightly out of tune. Identify the NEAREST in-tune pitch (the closest standard musical note). What is the MIDI note number (an integer from 0 to 127)? Reply with ONLY the integer. Nothing else. Output only the answer.,"This audio contains a single sustained musical note that may be slightly out of tune. Identify the NEAREST in-tune pitch (the closest standard musical note). What is the note name and octave? Reply with ONLY the note name in Scientific Pitch Notation (e.g. C4, F#3, Bb5). Nothing else. Output only the answer.","This audio contains a single sustained musical note that may be slightly out of tune. Identify the NEAREST in-tune pitch (the closest standard musical note). What is the solfege syllable and accidental (if needed) of this pitch? Use fixed-do (do=C, re=D, mi=E, fa=F, sol=G, la=A, si=B). Include sharps or flats when needed (e.g. do#, reb, fa#, sib). Do NOT include the octave. Reply with ONLY the syllable and accidental (if needed). Nothing else. Output only the answer.","This audio contains a single sustained musical note that may be slightly out of tune. Identify the NEAREST in-tune pitch (the closest standard musical note). What is the main pitch frequency, expressed in Hertz? Reply with ONLY a number (the frequency in Hz). Nothing else. Output only the answer."
5000,-0.292,trumpet,instrument,30,28,0,0,0,1,F#1,F2,0,0,0,fa#,re#,0,0,0,28,F2,mib,41.2,data/audio/pitchbench_a5_pitch_slightly_off/46p0hz_trumpet_5000ms.wav,46p0hz_trumpet_5000ms.wav,This audio contains a single sustained musical note that may be slightly out of tune. Identify the NEAREST in-tune pitch (the closest standard musical note). What is the MIDI note number (an integer from 0 to 127)? Reply with ONLY the integer. Nothing else. Output only the answer.,"This audio contains a single sustained musical note that may be slightly out of tune. Identify the NEAREST in-tune pitch (the closest standard musical note). What is the note name and octave? Reply with ONLY the note name in Scientific Pitch Notation (e.g. C4, F#3, Bb5). Nothing else. Output only the answer.","This audio contains a single sustained musical note that may be slightly out of tune. Identify the NEAREST in-tune pitch (the closest standard musical note). What is the solfege syllable and accidental (if needed) of this pitch? Use fixed-do (do=C, re=D, mi=E, fa=F, sol=G, la=A, si=B). Include sharps or flats when needed (e.g. do#, reb, fa#, sib). Do NOT include the octave. Reply with ONLY the syllable and accidental (if needed). Nothing else. Output only the answer.","This audio contains a single sustained musical note that may be slightly out of tune. Identify the NEAREST in-tune pitch (the closest standard musical note). What is the main pitch frequency, expressed in Hertz? Reply with ONLY a number (the frequency in Hz). Nothing else. Output only the answer."
5000,0.0,trumpet,instrument,30,36,0,0,0,0,F#1,F1,0,0,1,fa#,do#,0,0,0,36,F1,"Examples: do#, reb,",65.41,data/audio/pitchbench_a5_pitch_slightly_off/46p2hz_trumpet_5000ms.wav,46p2hz_trumpet_5000ms.wav,This audio contains a single sustained musical note that may be slightly out of tune. Identify the NEAREST in-tune pitch (the closest standard musical note). What is the MIDI note number (an integer from 0 to 127)? Reply with ONLY the integer. Nothing else. Output only the answer.,"This audio contains a single sustained musical note that may be slightly out of tune. Identify the NEAREST in-tune pitch (the closest standard musical note). What is the note name and octave? Reply with ONLY the note name in Scientific Pitch Notation (e.g. C4, F#3, Bb5). Nothing else. Output only the answer.","This audio contains a single sustained musical note that may be slightly out of tune. Identify the NEAREST in-tune pitch (the closest standard musical note). What is the solfege syllable and accidental (if needed) of this pitch? Use fixed-do (do=C, re=D, mi=E, fa=F, sol=G, la=A, si=B). Include sharps or flats when needed (e.g. do#, reb, fa#, sib). Do NOT include the octave. Reply with ONLY the syllable and accidental (if needed). Nothing else. Output only the answer.","This audio contains a single sustained musical note that may be slightly out of tune. Identify the NEAREST in-tune pitch (the closest standard musical note). What is the main pitch frequency, expressed in Hertz? Reply with ONLY a number (the frequency in Hz). Nothing else. Output only the answer."
1000,0.8751,trumpet,instrument,36,36,1,1,1,1,C2,C2,1,1,1,do,do#,0,0,1,36,C2,"examples: do#, reb,",1396,data/audio/pitchbench_a5_pitch_slightly_off/66p3hz_trumpet_1000ms.wav,66p3hz_trumpet_1000ms.wav,This audio contains a single sustained musical note that may be slightly out of tune. Identify the NEAREST in-tune pitch (the closest standard musical note). What is the MIDI note number (an integer from 0 to 127)? Reply with ONLY the integer. Nothing else. Output only the answer.,"This audio contains a single sustained musical note that may be slightly out of tune. Identify the NEAREST in-tune pitch (the closest standard musical note). What is the note name and octave? Reply with ONLY the note name in Scientific Pitch Notation (e.g. C4, F#3, Bb5). Nothing else. Output only the answer.","This audio contains a single sustained musical note that may be slightly out of tune. Identify the NEAREST in-tune pitch (the closest standard musical note). What is the solfege syllable and accidental (if needed) of this pitch? Use fixed-do (do=C, re=D, mi=E, fa=F, sol=G, la=A, si=B). Include sharps or flats when needed (e.g. do#, reb, fa#, sib). Do NOT include the octave. Reply with ONLY the syllable and accidental (if needed). Nothing else. Output only the answer.","This audio contains a single sustained musical note that may be slightly out of tune. Identify the NEAREST in-tune pitch (the closest standard musical note). What is the main pitch frequency, expressed in Hertz? Reply with ONLY a number (the frequency in Hz). Nothing else. Output only the answer."
1000,0.0,trumpet,instrument,36,41,0,0,0,1,C2,C2,1,1,1,do,sol#,0,0,1,41,C2,sol#,estimation:* I don't,data/audio/pitchbench_a5_pitch_slightly_off/65p4hz_trumpet_1000ms.wav,65p4hz_trumpet_1000ms.wav,This audio contains a single sustained musical note that may be slightly out of tune. Identify the NEAREST in-tune pitch (the closest standard musical note). What is the MIDI note number (an integer from 0 to 127)? Reply with ONLY the integer. Nothing else. Output only the answer.,"This audio contains a single sustained musical note that may be slightly out of tune. Identify the NEAREST in-tune pitch (the closest standard musical note). What is the note name and octave? Reply with ONLY the note name in Scientific Pitch Notation (e.g. C4, F#3, Bb5). Nothing else. Output only the answer.","This audio contains a single sustained musical note that may be slightly out of tune. Identify the NEAREST in-tune pitch (the closest standard musical note). What is the solfege syllable and accidental (if needed) of this pitch? Use fixed-do (do=C, re=D, mi=E, fa=F, sol=G, la=A, si=B). Include sharps or flats when needed (e.g. do#, reb, fa#, sib). Do NOT include the octave. Reply with ONLY the syllable and accidental (if needed). Nothing else. Output only the answer.","This audio contains a single sustained musical note that may be slightly out of tune. Identify the NEAREST in-tune pitch (the closest standard musical note). What is the main pitch frequency, expressed in Hertz? Reply with ONLY a number (the frequency in Hz). Nothing else. Output only the answer."
5000,-0.826,trumpet,instrument,36,36,1,1,1,1,C2,C2,1,1,1,do,fa#,0,1,1,36,C2,fa#,65.41,data/audio/pitchbench_a5_pitch_slightly_off/64p6hz_trumpet_5000ms.wav,64p6hz_trumpet_5000ms.wav,This audio contains a single sustained musical note that may be slightly out of tune. Identify the NEAREST in-tune pitch (the closest standard musical note). What is the MIDI note number (an integer from 0 to 127)? Reply with ONLY the integer. Nothing else. Output only the answer.,"This audio contains a single sustained musical note that may be slightly out of tune. Identify the NEAREST in-tune pitch (the closest standard musical note). What is the note name and octave? Reply with ONLY the note name in Scientific Pitch Notation (e.g. C4, F#3, Bb5). Nothing else. Output only the answer.","This audio contains a single sustained musical note that may be slightly out of tune. Identify the NEAREST in-tune pitch (the closest standard musical note). What is the solfege syllable and accidental (if needed) of this pitch? Use fixed-do (do=C, re=D, mi=E, fa=F, sol=G, la=A, si=B). Include sharps or flats when needed (e.g. do#, reb, fa#, sib). Do NOT include the octave. Reply with ONLY the syllable and accidental (if needed). Nothing else. Output only the answer.","This audio contains a single sustained musical note that may be slightly out of tune. Identify the NEAREST in-tune pitch (the closest standard musical note). What is the main pitch frequency, expressed in Hertz? Reply with ONLY a number (the frequency in Hz). Nothing else. Output only the answer."
5000,0.0,trumpet,instrument,36,36,1,1,1,1,C2,C2,1,1,1,do,sol#,0,0,1,36,C2,sol#,110.0,data/audio/pitchbench_a5_pitch_slightly_off/65p4hz_trumpet_5000ms.wav,65p4hz_trumpet_5000ms.wav,This audio contains a single sustained musical note that may be slightly out of tune. Identify the NEAREST in-tune pitch (the closest standard musical note). What is the MIDI note number (an integer from 0 to 127)? Reply with ONLY the integer. Nothing else. Output only the answer.,"This audio contains a single sustained musical note that may be slightly out of tune. Identify the NEAREST in-tune pitch (the closest standard musical note). What is the note name and octave? Reply with ONLY the note name in Scientific Pitch Notation (e.g. C4, F#3, Bb5). Nothing else. Output only the answer.","This audio contains a single sustained musical note that may be slightly out of tune. Identify the NEAREST in-tune pitch (the closest standard musical note). What is the solfege syllable and accidental (if needed) of this pitch? Use fixed-do (do=C, re=D, mi=E, fa=F, sol=G, la=A, si=B). Include sharps or flats when needed (e.g. do#, reb, fa#, sib). Do NOT include the octave. Reply with ONLY the syllable and accidental (if needed). Nothing else. Output only the answer.","This audio contains a single sustained musical note that may be slightly out of tune. Identify the NEAREST in-tune pitch (the closest standard musical note). What is the main pitch frequency, expressed in Hertz? Reply with ONLY a number (the frequency in Hz). Nothing else. Output only the answer."
5000,0.4375,trumpet,instrument,36,24,0,0,1,0,C2,F2,0,0,1,do,sol#,0,0,0,24,F2,sol#,103.8,data/audio/pitchbench_a5_pitch_slightly_off/65p8hz_trumpet_5000ms.wav,65p8hz_trumpet_5000ms.wav,This audio contains a single sustained musical note that may be slightly out of tune. Identify the NEAREST in-tune pitch (the closest standard musical note). What is the MIDI note number (an integer from 0 to 127)? Reply with ONLY the integer. Nothing else. Output only the answer.,"This audio contains a single sustained musical note that may be slightly out of tune. Identify the NEAREST in-tune pitch (the closest standard musical note). What is the note name and octave? Reply with ONLY the note name in Scientific Pitch Notation (e.g. C4, F#3, Bb5). Nothing else. Output only the answer.","This audio contains a single sustained musical note that may be slightly out of tune. Identify the NEAREST in-tune pitch (the closest standard musical note). What is the solfege syllable and accidental (if needed) of this pitch? Use fixed-do (do=C, re=D, mi=E, fa=F, sol=G, la=A, si=B). Include sharps or flats when needed (e.g. do#, reb, fa#, sib). Do NOT include the octave. Reply with ONLY the syllable and accidental (if needed). Nothing else. Output only the answer.","This audio contains a single sustained musical note that may be slightly out of tune. Identify the NEAREST in-tune pitch (the closest standard musical note). What is the main pitch frequency, expressed in Hertz? Reply with ONLY a number (the frequency in Hz). Nothing else. Output only the answer."
5000,0.0,trumpet,instrument,36,36,1,1,1,1,C2,F2,0,0,1,do,fa#,0,0,1,36,F2,fa#,103.8,data/audio/pitchbench_a5_pitch_slightly_off/65p4hz_trumpet_5000ms.wav,65p4hz_trumpet_5000ms.wav,This audio contains a single sustained musical note that may be slightly out of tune. Identify the NEAREST in-tune pitch (the closest standard musical note). What is the MIDI note number (an integer from 0 to 127)? Reply with ONLY the integer. Nothing else. Output only the answer.,"This audio contains a single sustained musical note that may be slightly out of tune. Identify the NEAREST in-tune pitch (the closest standard musical note). What is the note name and octave? Reply with ONLY the note name in Scientific Pitch Notation (e.g. C4, F#3, Bb5). Nothing else. Output only the answer.","This audio contains a single sustained musical note that may be slightly out of tune. Identify the NEAREST in-tune pitch (the closest standard musical note). What is the solfege syllable and accidental (if needed) of this pitch? Use fixed-do (do=C, re=D, mi=E, fa=F, sol=G, la=A, si=B). Include sharps or flats when needed (e.g. do#, reb, fa#, sib). Do NOT include the octave. Reply with ONLY the syllable and accidental (if needed). Nothing else. Output only the answer.","This audio contains a single sustained musical note that may be slightly out of tune. Identify the NEAREST in-tune pitch (the closest standard musical note). What is the main pitch frequency, expressed in Hertz? Reply with ONLY a number (the frequency in Hz). Nothing else. Output only the answer."
5000,1.3111,trumpet,instrument,43,37,0,0,0,1,G2,F2,0,0,1,sol,do#,0,0,0,37,F2,do#,138.59,data/audio/pitchbench_a5_pitch_slightly_off/99p3hz_trumpet_5000ms.wav,99p3hz_trumpet_5000ms.wav,This audio contains a single sustained musical note that may be slightly out of tune. Identify the NEAREST in-tune pitch (the closest standard musical note). What is the MIDI note number (an integer from 0 to 127)? Reply with ONLY the integer. Nothing else. Output only the answer.,"This audio contains a single sustained musical note that may be slightly out of tune. Identify the NEAREST in-tune pitch (the closest standard musical note). What is the note name and octave? Reply with ONLY the note name in Scientific Pitch Notation (e.g. C4, F#3, Bb5). Nothing else. Output only the answer.","This audio contains a single sustained musical note that may be slightly out of tune. Identify the NEAREST in-tune pitch (the closest standard musical note). What is the solfege syllable and accidental (if needed) of this pitch? Use fixed-do (do=C, re=D, mi=E, fa=F, sol=G, la=A, si=B). Include sharps or flats when needed (e.g. do#, reb, fa#, sib). Do NOT include the octave. Reply with ONLY the syllable and accidental (if needed). Nothing else. Output only the answer.","This audio contains a single sustained musical note that may be slightly out of tune. Identify the NEAREST in-tune pitch (the closest standard musical note). What is the main pitch frequency, expressed in Hertz? Reply with ONLY a number (the frequency in Hz). Nothing else. Output only the answer."
5000,0.0,trumpet,instrument,43,36,0,0,0,1,G2,F2,0,0,1,sol,do#,0,0,0,36,F2,do#,65.41,data/audio/pitchbench_a5_pitch_slightly_off/98p0hz_trumpet_5000ms.wav,98p0hz_trumpet_5000ms.wav,This audio contains a single sustained musical note that may be slightly out of tune. Identify the NEAREST in-tune pitch (the closest standard musical note). What is the MIDI note number (an integer from 0 to 127)? Reply with ONLY the integer. Nothing else. Output only the answer.,"This audio contains a single sustained musical note that may be slightly out of tune. Identify the NEAREST in-tune pitch (the closest standard musical note). What is the note name and octave? Reply with ONLY the note name in Scientific Pitch Notation (e.g. C4, F#3, Bb5). Nothing else. Output only the answer.","This audio contains a single sustained musical note that may be slightly out of tune. Identify the NEAREST in-tune pitch (the closest standard musical note). What is the solfege syllable and accidental (if needed) of this pitch? Use fixed-do (do=C, re=D, mi=E, fa=F, sol=G, la=A, si=B). Include sharps or flats when needed (e.g. do#, reb, fa#, sib). Do NOT include the octave. Reply with ONLY the syllable and accidental (if needed). Nothing else. Output only the answer.","This audio contains a single sustained musical note that may be slightly out of tune. Identify the NEAREST in-tune pitch (the closest standard musical note). What is the main pitch frequency, expressed in Hertz? Reply with ONLY a number (the frequency in Hz). Nothing else. Output only the answer."
5000,-1.6519,trumpet,instrument,48,41,0,0,0,0,C3,F2,0,0,0,do,fa#,0,0,0,41,F2,fa#,65.41,data/audio/pitchbench_a5_pitch_slightly_off/129p2hz_trumpet_5000ms.wav,129p2hz_trumpet_5000ms.wav,This audio contains a single sustained musical note that may be slightly out of tune. Identify the NEAREST in-tune pitch (the closest standard musical note). What is the MIDI note number (an integer from 0 to 127)? Reply with ONLY the integer. Nothing else. Output only the answer.,"This audio contains a single sustained musical note that may be slightly out of tune. Identify the NEAREST in-tune pitch (the closest standard musical note). What is the note name and octave? Reply with ONLY the note name in Scientific Pitch Notation (e.g. C4, F#3, Bb5). Nothing else. Output only the answer.","This audio contains a single sustained musical note that may be slightly out of tune. Identify the NEAREST in-tune pitch (the closest standard musical note). What is the solfege syllable and accidental (if needed) of this pitch? Use fixed-do (do=C, re=D, mi=E, fa=F, sol=G, la=A, si=B). Include sharps or flats when needed (e.g. do#, reb, fa#, sib). Do NOT include the octave. Reply with ONLY the syllable and accidental (if needed). Nothing else. Output only the answer.","This audio contains a single sustained musical note that may be slightly out of tune. Identify the NEAREST in-tune pitch (the closest standard musical note). What is the main pitch frequency, expressed in Hertz? Reply with ONLY a number (the frequency in Hz). Nothing else. Output only the answer."
5000,0.0,trumpet,instrument,48,41,0,0,0,0,C3,G2,0,0,0,do,sol#,0,0,0,41,G2,sol#,110.00,data/audio/pitchbench_a5_pitch_slightly_off/130p8hz_trumpet_5000ms.wav,130p8hz_trumpet_5000ms.wav,This audio contains a single sustained musical note that may be slightly out of tune. Identify the NEAREST in-tune pitch (the closest standard musical note). What is the MIDI note number (an integer from 0 to 127)? Reply with ONLY the integer. Nothing else. Output only the answer.,"This audio contains a single sustained musical note that may be slightly out of tune. Identify the NEAREST in-tune pitch (the closest standard musical note). What is the note name and octave? Reply with ONLY the note name in Scientific Pitch Notation (e.g. C4, F#3, Bb5). Nothing else. Output only the answer.","This audio contains a single sustained musical note that may be slightly out of tune. Identify the NEAREST in-tune pitch (the closest standard musical note). What is the solfege syllable and accidental (if needed) of this pitch? Use fixed-do (do=C, re=D, mi=E, fa=F, sol=G, la=A, si=B). Include sharps or flats when needed (e.g. do#, reb, fa#, sib). Do NOT include the octave. Reply with ONLY the syllable and accidental (if needed). Nothing else. Output only the answer.","This audio contains a single sustained musical note that may be slightly out of tune. Identify the NEAREST in-tune pitch (the closest standard musical note). What is the main pitch frequency, expressed in Hertz? Reply with ONLY a number (the frequency in Hz). Nothing else. Output only the answer."
5000,0.8751,trumpet,instrument,48,41,0,0,0,0,C3,F3,0,0,1,do,sol#,0,0,0,41,F3,sol#,65,data/audio/pitchbench_a5_pitch_slightly_off/131p7hz_trumpet_5000ms.wav,131p7hz_trumpet_5000ms.wav,This audio contains a single sustained musical note that may be slightly out of tune. Identify the NEAREST in-tune pitch (the closest standard musical note). What is the MIDI note number (an integer from 0 to 127)? Reply with ONLY the integer. Nothing else. Output only the answer.,"This audio contains a single sustained musical note that may be slightly out of tune. Identify the NEAREST in-tune pitch (the closest standard musical note). What is the note name and octave? Reply with ONLY the note name in Scientific Pitch Notation (e.g. C4, F#3, Bb5). Nothing else. Output only the answer.","This audio contains a single sustained musical note that may be slightly out of tune. Identify the NEAREST in-tune pitch (the closest standard musical note). What is the solfege syllable and accidental (if needed) of this pitch? Use fixed-do (do=C, re=D, mi=E, fa=F, sol=G, la=A, si=B). Include sharps or flats when needed (e.g. do#, reb, fa#, sib). Do NOT include the octave. Reply with ONLY the syllable and accidental (if needed). Nothing else. Output only the answer.","This audio contains a single sustained musical note that may be slightly out of tune. Identify the NEAREST in-tune pitch (the closest standard musical note). What is the main pitch frequency, expressed in Hertz? Reply with ONLY a number (the frequency in Hz). Nothing else. Output only the answer."
5000,0.0,trumpet,instrument,48,41,0,0,0,0,C3,F2,0,0,0,do,sol#,0,0,0,41,F2,sol#,110.,data/audio/pitchbench_a5_pitch_slightly_off/130p8hz_trumpet_5000ms.wav,130p8hz_trumpet_5000ms.wav,This audio contains a single sustained musical note that may be slightly out of tune. Identify the NEAREST in-tune pitch (the closest standard musical note). What is the MIDI note number (an integer from 0 to 127)? Reply with ONLY the integer. Nothing else. Output only the answer.,"This audio contains a single sustained musical note that may be slightly out of tune. Identify the NEAREST in-tune pitch (the closest standard musical note). What is the note name and octave? Reply with ONLY the note name in Scientific Pitch Notation (e.g. C4, F#3, Bb5). Nothing else. Output only the answer.","This audio contains a single sustained musical note that may be slightly out of tune. Identify the NEAREST in-tune pitch (the closest standard musical note). What is the solfege syllable and accidental (if needed) of this pitch? Use fixed-do (do=C, re=D, mi=E, fa=F, sol=G, la=A, si=B). Include sharps or flats when needed (e.g. do#, reb, fa#, sib). Do NOT include the octave. Reply with ONLY the syllable and accidental (if needed). Nothing else. Output only the answer.","This audio contains a single sustained musical note that may be slightly out of tune. Identify the NEAREST in-tune pitch (the closest standard musical note). What is the main pitch frequency, expressed in Hertz? Reply with ONLY a number (the frequency in Hz). Nothing else. Output only the answer."
1000,1.2376,trumpet,instrument,54,56,0,0,0,1,F#3,,0,0,0,fa#,sol#,0,0,0,56,estimation:* I,sol#,103,data/audio/pitchbench_a5_pitch_slightly_off/186p2hz_trumpet_1000ms.wav,186p2hz_trumpet_1000ms.wav,This audio contains a single sustained musical note that may be slightly out of tune. Identify the NEAREST in-tune pitch (the closest standard musical note). What is the MIDI note number (an integer from 0 to 127)? Reply with ONLY the integer. Nothing else. Output only the answer.,"This audio contains a single sustained musical note that may be slightly out of tune. Identify the NEAREST in-tune pitch (the closest standard musical note). What is the note name and octave? Reply with ONLY the note name in Scientific Pitch Notation (e.g. C4, F#3, Bb5). Nothing else. Output only the answer.","This audio contains a single sustained musical note that may be slightly out of tune. Identify the NEAREST in-tune pitch (the closest standard musical note). What is the solfege syllable and accidental (if needed) of this pitch? Use fixed-do (do=C, re=D, mi=E, fa=F, sol=G, la=A, si=B). Include sharps or flats when needed (e.g. do#, reb, fa#, sib). Do NOT include the octave. Reply with ONLY the syllable and accidental (if needed). Nothing else. Output only the answer.","This audio contains a single sustained musical note that may be slightly out of tune. Identify the NEAREST in-tune pitch (the closest standard musical note). What is the main pitch frequency, expressed in Hertz? Reply with ONLY a number (the frequency in Hz). Nothing else. Output only the answer."
1000,0.0,trumpet,instrument,54,44,0,0,0,0,F#3,G#3,0,0,1,fa#,sol#,0,0,0,44,G#3,sol#,103.8,data/audio/pitchbench_a5_pitch_slightly_off/185p0hz_trumpet_1000ms.wav,185p0hz_trumpet_1000ms.wav,This audio contains a single sustained musical note that may be slightly out of tune. Identify the NEAREST in-tune pitch (the closest standard musical note). What is the MIDI note number (an integer from 0 to 127)? Reply with ONLY the integer. Nothing else. Output only the answer.,"This audio contains a single sustained musical note that may be slightly out of tune. Identify the NEAREST in-tune pitch (the closest standard musical note). What is the note name and octave? Reply with ONLY the note name in Scientific Pitch Notation (e.g. C4, F#3, Bb5). Nothing else. Output only the answer.","This audio contains a single sustained musical note that may be slightly out of tune. Identify the NEAREST in-tune pitch (the closest standard musical note). What is the solfege syllable and accidental (if needed) of this pitch? Use fixed-do (do=C, re=D, mi=E, fa=F, sol=G, la=A, si=B). Include sharps or flats when needed (e.g. do#, reb, fa#, sib). Do NOT include the octave. Reply with ONLY the syllable and accidental (if needed). Nothing else. Output only the answer.","This audio contains a single sustained musical note that may be slightly out of tune. Identify the NEAREST in-tune pitch (the closest standard musical note). What is the main pitch frequency, expressed in Hertz? Reply with ONLY a number (the frequency in Hz). Nothing else. Output only the answer."
1000,2.4751,trumpet,instrument,54,56,0,0,0,1,F#3,G#3,0,0,1,fa#,sol#,0,0,0,56,G#3,sol#,103,data/audio/pitchbench_a5_pitch_slightly_off/187p5hz_trumpet_1000ms.wav,187p5hz_trumpet_1000ms.wav,This audio contains a single sustained musical note that may be slightly out of tune. Identify the NEAREST in-tune pitch (the closest standard musical note). What is the MIDI note number (an integer from 0 to 127)? Reply with ONLY the integer. Nothing else. Output only the answer.,"This audio contains a single sustained musical note that may be slightly out of tune. Identify the NEAREST in-tune pitch (the closest standard musical note). What is the note name and octave? Reply with ONLY the note name in Scientific Pitch Notation (e.g. C4, F#3, Bb5). Nothing else. Output only the answer.","This audio contains a single sustained musical note that may be slightly out of tune. Identify the NEAREST in-tune pitch (the closest standard musical note). What is the solfege syllable and accidental (if needed) of this pitch? Use fixed-do (do=C, re=D, mi=E, fa=F, sol=G, la=A, si=B). Include sharps or flats when needed (e.g. do#, reb, fa#, sib). Do NOT include the octave. Reply with ONLY the syllable and accidental (if needed). Nothing else. Output only the answer.","This audio contains a single sustained musical note that may be slightly out of tune. Identify the NEAREST in-tune pitch (the closest standard musical note). What is the main pitch frequency, expressed in Hertz? Reply with ONLY a number (the frequency in Hz). Nothing else. Output only the answer."
1000,0.0,trumpet,instrument,54,56,0,0,0,1,F#3,,0,0,0,fa#,sol#,0,0,0,56,G,sol#,103.8,data/audio/pitchbench_a5_pitch_slightly_off/185p0hz_trumpet_1000ms.wav,185p0hz_trumpet_1000ms.wav,This audio contains a single sustained musical note that may be slightly out of tune. Identify the NEAREST in-tune pitch (the closest standard musical note). What is the MIDI note number (an integer from 0 to 127)? Reply with ONLY the integer. Nothing else. Output only the answer.,"This audio contains a single sustained musical note that may be slightly out of tune. Identify the NEAREST in-tune pitch (the closest standard musical note). What is the note name and octave? Reply with ONLY the note name in Scientific Pitch Notation (e.g. C4, F#3, Bb5). Nothing else. Output only the answer.","This audio contains a single sustained musical note that may be slightly out of tune. Identify the NEAREST in-tune pitch (the closest standard musical note). What is the solfege syllable and accidental (if needed) of this pitch? Use fixed-do (do=C, re=D, mi=E, fa=F, sol=G, la=A, si=B). Include sharps or flats when needed (e.g. do#, reb, fa#, sib). Do NOT include the octave. Reply with ONLY the syllable and accidental (if needed). Nothing else. Output only the answer.","This audio contains a single sustained musical note that may be slightly out of tune. Identify the NEAREST in-tune pitch (the closest standard musical note). What is the main pitch frequency, expressed in Hertz? Reply with ONLY a number (the frequency in Hz). Nothing else. Output only the answer."
5000,-1.1681,trumpet,instrument,54,44,0,0,0,0,F#3,F4,0,0,0,fa#,sol#,0,0,0,44,F4,sol#,130.81,data/audio/pitchbench_a5_pitch_slightly_off/183p8hz_trumpet_5000ms.wav,183p8hz_trumpet_5000ms.wav,This audio contains a single sustained musical note that may be slightly out of tune. Identify the NEAREST in-tune pitch (the closest standard musical note). What is the MIDI note number (an integer from 0 to 127)? Reply with ONLY the integer. Nothing else. Output only the answer.,"This audio contains a single sustained musical note that may be slightly out of tune. Identify the NEAREST in-tune pitch (the closest standard musical note). What is the note name and octave? Reply with ONLY the note name in Scientific Pitch Notation (e.g. C4, F#3, Bb5). Nothing else. Output only the answer.","This audio contains a single sustained musical note that may be slightly out of tune. Identify the NEAREST in-tune pitch (the closest standard musical note). What is the solfege syllable and accidental (if needed) of this pitch? Use fixed-do (do=C, re=D, mi=E, fa=F, sol=G, la=A, si=B). Include sharps or flats when needed (e.g. do#, reb, fa#, sib). Do NOT include the octave. Reply with ONLY the syllable and accidental (if needed). Nothing else. Output only the answer.","This audio contains a single sustained musical note that may be slightly out of tune. Identify the NEAREST in-tune pitch (the closest standard musical note). What is the main pitch frequency, expressed in Hertz? Reply with ONLY a number (the frequency in Hz). Nothing else. Output only the answer."
5000,0.0,trumpet,instrument,54,37,0,0,0,0,F#3,F3,0,0,1,fa#,sol#,0,0,0,37,F3,sol#,65.41,data/audio/pitchbench_a5_pitch_slightly_off/185p0hz_trumpet_5000ms.wav,185p0hz_trumpet_5000ms.wav,This audio contains a single sustained musical note that may be slightly out of tune. Identify the NEAREST in-tune pitch (the closest standard musical note). What is the MIDI note number (an integer from 0 to 127)? Reply with ONLY the integer. Nothing else. Output only the answer.,"This audio contains a single sustained musical note that may be slightly out of tune. Identify the NEAREST in-tune pitch (the closest standard musical note). What is the note name and octave? Reply with ONLY the note name in Scientific Pitch Notation (e.g. C4, F#3, Bb5). Nothing else. Output only the answer.","This audio contains a single sustained musical note that may be slightly out of tune. Identify the NEAREST in-tune pitch (the closest standard musical note). What is the solfege syllable and accidental (if needed) of this pitch? Use fixed-do (do=C, re=D, mi=E, fa=F, sol=G, la=A, si=B). Include sharps or flats when needed (e.g. do#, reb, fa#, sib). Do NOT include the octave. Reply with ONLY the syllable and accidental (if needed). Nothing else. Output only the answer.","This audio contains a single sustained musical note that may be slightly out of tune. Identify the NEAREST in-tune pitch (the closest standard musical note). What is the main pitch frequency, expressed in Hertz? Reply with ONLY a number (the frequency in Hz). Nothing else. Output only the answer."
1000,1.7502,trumpet,instrument,60,85,0,0,0,0,C4,F4,0,0,1,do,fa#,0,0,0,85,F4,fa#,349.23,data/audio/pitchbench_a5_pitch_slightly_off/263p4hz_trumpet_1000ms.wav,263p4hz_trumpet_1000ms.wav,This audio contains a single sustained musical note that may be slightly out of tune. Identify the NEAREST in-tune pitch (the closest standard musical note). What is the MIDI note number (an integer from 0 to 127)? Reply with ONLY the integer. Nothing else. Output only the answer.,"This audio contains a single sustained musical note that may be slightly out of tune. Identify the NEAREST in-tune pitch (the closest standard musical note). What is the note name and octave? Reply with ONLY the note name in Scientific Pitch Notation (e.g. C4, F#3, Bb5). Nothing else. Output only the answer.","This audio contains a single sustained musical note that may be slightly out of tune. Identify the NEAREST in-tune pitch (the closest standard musical note). What is the solfege syllable and accidental (if needed) of this pitch? Use fixed-do (do=C, re=D, mi=E, fa=F, sol=G, la=A, si=B). Include sharps or flats when needed (e.g. do#, reb, fa#, sib). Do NOT include the octave. Reply with ONLY the syllable and accidental (if needed). Nothing else. Output only the answer.","This audio contains a single sustained musical note that may be slightly out of tune. Identify the NEAREST in-tune pitch (the closest standard musical note). What is the main pitch frequency, expressed in Hertz? Reply with ONLY a number (the frequency in Hz). Nothing else. Output only the answer."
1000,0.0,trumpet,instrument,60,65,0,0,0,1,C4,F4,0,0,1,do,fa#,0,0,0,65,F4,fa#,349.,data/audio/pitchbench_a5_pitch_slightly_off/261p6hz_trumpet_1000ms.wav,261p6hz_trumpet_1000ms.wav,This audio contains a single sustained musical note that may be slightly out of tune. Identify the NEAREST in-tune pitch (the closest standard musical note). What is the MIDI note number (an integer from 0 to 127)? Reply with ONLY the integer. Nothing else. Output only the answer.,"This audio contains a single sustained musical note that may be slightly out of tune. Identify the NEAREST in-tune pitch (the closest standard musical note). What is the note name and octave? Reply with ONLY the note name in Scientific Pitch Notation (e.g. C4, F#3, Bb5). Nothing else. Output only the answer.","This audio contains a single sustained musical note that may be slightly out of tune. Identify the NEAREST in-tune pitch (the closest standard musical note). What is the solfege syllable and accidental (if needed) of this pitch? Use fixed-do (do=C, re=D, mi=E, fa=F, sol=G, la=A, si=B). Include sharps or flats when needed (e.g. do#, reb, fa#, sib). Do NOT include the octave. Reply with ONLY the syllable and accidental (if needed). Nothing else. Output only the answer.","This audio contains a single sustained musical note that may be slightly out of tune. Identify the NEAREST in-tune pitch (the closest standard musical note). What is the main pitch frequency, expressed in Hertz? Reply with ONLY a number (the frequency in Hz). Nothing else. Output only the answer."
5000,3.5003,trumpet,instrument,60,84,0,0,1,0,C4,F4,0,0,1,do,do#,0,0,0,84,F4,"examples: do#, reb",440.00,data/audio/pitchbench_a5_pitch_slightly_off/265p1hz_trumpet_5000ms.wav,265p1hz_trumpet_5000ms.wav,This audio contains a single sustained musical note that may be slightly out of tune. Identify the NEAREST in-tune pitch (the closest standard musical note). What is the MIDI note number (an integer from 0 to 127)? Reply with ONLY the integer. Nothing else. Output only the answer.,"This audio contains a single sustained musical note that may be slightly out of tune. Identify the NEAREST in-tune pitch (the closest standard musical note). What is the note name and octave? Reply with ONLY the note name in Scientific Pitch Notation (e.g. C4, F#3, Bb5). Nothing else. Output only the answer.","This audio contains a single sustained musical note that may be slightly out of tune. Identify the NEAREST in-tune pitch (the closest standard musical note). What is the solfege syllable and accidental (if needed) of this pitch? Use fixed-do (do=C, re=D, mi=E, fa=F, sol=G, la=A, si=B). Include sharps or flats when needed (e.g. do#, reb, fa#, sib). Do NOT include the octave. Reply with ONLY the syllable and accidental (if needed). Nothing else. Output only the answer.","This audio contains a single sustained musical note that may be slightly out of tune. Identify the NEAREST in-tune pitch (the closest standard musical note). What is the main pitch frequency, expressed in Hertz? Reply with ONLY a number (the frequency in Hz). Nothing else. Output only the answer."
5000,0.0,trumpet,instrument,60,83,0,0,0,0,C4,F4,0,0,1,do,,0,0,0,83,F4,Analyze the Audio:**,(Self-Correction/,data/audio/pitchbench_a5_pitch_slightly_off/261p6hz_trumpet_5000ms.wav,261p6hz_trumpet_5000ms.wav,This audio contains a single sustained musical note that may be slightly out of tune. Identify the NEAREST in-tune pitch (the closest standard musical note). What is the MIDI note number (an integer from 0 to 127)? Reply with ONLY the integer. Nothing else. Output only the answer.,"This audio contains a single sustained musical note that may be slightly out of tune. Identify the NEAREST in-tune pitch (the closest standard musical note). What is the note name and octave? Reply with ONLY the note name in Scientific Pitch Notation (e.g. C4, F#3, Bb5). Nothing else. Output only the answer.","This audio contains a single sustained musical note that may be slightly out of tune. Identify the NEAREST in-tune pitch (the closest standard musical note). What is the solfege syllable and accidental (if needed) of this pitch? Use fixed-do (do=C, re=D, mi=E, fa=F, sol=G, la=A, si=B). Include sharps or flats when needed (e.g. do#, reb, fa#, sib). Do NOT include the octave. Reply with ONLY the syllable and accidental (if needed). Nothing else. Output only the answer.","This audio contains a single sustained musical note that may be slightly out of tune. Identify the NEAREST in-tune pitch (the closest standard musical note). What is the main pitch frequency, expressed in Hertz? Reply with ONLY a number (the frequency in Hz). Nothing else. Output only the answer."
1000,-4.1626,trumpet,instrument,64,,0,0,0,0,E4,F#4,0,0,1,mi,fa#,0,0,0,This,F#4,fa#,311.13,data/audio/pitchbench_a5_pitch_slightly_off/325p5hz_trumpet_1000ms.wav,325p5hz_trumpet_1000ms.wav,This audio contains a single sustained musical note that may be slightly out of tune. Identify the NEAREST in-tune pitch (the closest standard musical note). What is the MIDI note number (an integer from 0 to 127)? Reply with ONLY the integer. Nothing else. Output only the answer.,"This audio contains a single sustained musical note that may be slightly out of tune. Identify the NEAREST in-tune pitch (the closest standard musical note). What is the note name and octave? Reply with ONLY the note name in Scientific Pitch Notation (e.g. C4, F#3, Bb5). Nothing else. Output only the answer.","This audio contains a single sustained musical note that may be slightly out of tune. Identify the NEAREST in-tune pitch (the closest standard musical note). What is the solfege syllable and accidental (if needed) of this pitch? Use fixed-do (do=C, re=D, mi=E, fa=F, sol=G, la=A, si=B). Include sharps or flats when needed (e.g. do#, reb, fa#, sib). Do NOT include the octave. Reply with ONLY the syllable and accidental (if needed). Nothing else. Output only the answer.","This audio contains a single sustained musical note that may be slightly out of tune. Identify the NEAREST in-tune pitch (the closest standard musical note). What is the main pitch frequency, expressed in Hertz? Reply with ONLY a number (the frequency in Hz). Nothing else. Output only the answer."
1000,0.0,trumpet,instrument,64,90,0,0,0,0,E4,F#2,0,0,0,mi,do#,0,0,0,90,F#2,"examples: do#, reb",311.,data/audio/pitchbench_a5_pitch_slightly_off/329p6hz_trumpet_1000ms.wav,329p6hz_trumpet_1000ms.wav,This audio contains a single sustained musical note that may be slightly out of tune. Identify the NEAREST in-tune pitch (the closest standard musical note). What is the MIDI note number (an integer from 0 to 127)? Reply with ONLY the integer. Nothing else. Output only the answer.,"This audio contains a single sustained musical note that may be slightly out of tune. Identify the NEAREST in-tune pitch (the closest standard musical note). What is the note name and octave? Reply with ONLY the note name in Scientific Pitch Notation (e.g. C4, F#3, Bb5). Nothing else. Output only the answer.","This audio contains a single sustained musical note that may be slightly out of tune. Identify the NEAREST in-tune pitch (the closest standard musical note). What is the solfege syllable and accidental (if needed) of this pitch? Use fixed-do (do=C, re=D, mi=E, fa=F, sol=G, la=A, si=B). Include sharps or flats when needed (e.g. do#, reb, fa#, sib). Do NOT include the octave. Reply with ONLY the syllable and accidental (if needed). Nothing else. Output only the answer.","This audio contains a single sustained musical note that may be slightly out of tune. Identify the NEAREST in-tune pitch (the closest standard musical note). What is the main pitch frequency, expressed in Hertz? Reply with ONLY a number (the frequency in Hz). Nothing else. Output only the answer."
1000,5.8868,trumpet,instrument,69,8,0,0,0,0,A4,F#4,0,0,1,la,do,0,0,0,8,F#4,). Do NOT include the,392.,data/audio/pitchbench_a5_pitch_slightly_off/445p9hz_trumpet_1000ms.wav,445p9hz_trumpet_1000ms.wav,This audio contains a single sustained musical note that may be slightly out of tune. Identify the NEAREST in-tune pitch (the closest standard musical note). What is the MIDI note number (an integer from 0 to 127)? Reply with ONLY the integer. Nothing else. Output only the answer.,"This audio contains a single sustained musical note that may be slightly out of tune. Identify the NEAREST in-tune pitch (the closest standard musical note). What is the note name and octave? Reply with ONLY the note name in Scientific Pitch Notation (e.g. C4, F#3, Bb5). Nothing else. Output only the answer.","This audio contains a single sustained musical note that may be slightly out of tune. Identify the NEAREST in-tune pitch (the closest standard musical note). What is the solfege syllable and accidental (if needed) of this pitch? Use fixed-do (do=C, re=D, mi=E, fa=F, sol=G, la=A, si=B). Include sharps or flats when needed (e.g. do#, reb, fa#, sib). Do NOT include the octave. Reply with ONLY the syllable and accidental (if needed). Nothing else. Output only the answer.","This audio contains a single sustained musical note that may be slightly out of tune. Identify the NEAREST in-tune pitch (the closest standard musical note). What is the main pitch frequency, expressed in Hertz? Reply with ONLY a number (the frequency in Hz). Nothing else. Output only the answer."
1000,0.0,trumpet,instrument,69,71,0,0,0,1,A4,F#4,0,0,1,la,sol#,0,0,0,71,F#4,sol#,523.2,data/audio/pitchbench_a5_pitch_slightly_off/440p0hz_trumpet_1000ms.wav,440p0hz_trumpet_1000ms.wav,This audio contains a single sustained musical note that may be slightly out of tune. Identify the NEAREST in-tune pitch (the closest standard musical note). What is the MIDI note number (an integer from 0 to 127)? Reply with ONLY the integer. Nothing else. Output only the answer.,"This audio contains a single sustained musical note that may be slightly out of tune. Identify the NEAREST in-tune pitch (the closest standard musical note). What is the note name and octave? Reply with ONLY the note name in Scientific Pitch Notation (e.g. C4, F#3, Bb5). Nothing else. Output only the answer.","This audio contains a single sustained musical note that may be slightly out of tune. Identify the NEAREST in-tune pitch (the closest standard musical note). What is the solfege syllable and accidental (if needed) of this pitch? Use fixed-do (do=C, re=D, mi=E, fa=F, sol=G, la=A, si=B). Include sharps or flats when needed (e.g. do#, reb, fa#, sib). Do NOT include the octave. Reply with ONLY the syllable and accidental (if needed). Nothing else. Output only the answer.","This audio contains a single sustained musical note that may be slightly out of tune. Identify the NEAREST in-tune pitch (the closest standard musical note). What is the main pitch frequency, expressed in Hertz? Reply with ONLY a number (the frequency in Hz). Nothing else. Output only the answer."
5000,17.6406,trumpet,instrument,88,101,0,0,0,0,E6,A6,0,0,1,mi,sol,0,0,0,101,A6,sol,1567.9,data/audio/pitchbench_a5_pitch_slightly_off/1336p2hz_trumpet_5000ms.wav,1336p2hz_trumpet_5000ms.wav,This audio contains a single sustained musical note that may be slightly out of tune. Identify the NEAREST in-tune pitch (the closest standard musical note). What is the MIDI note number (an integer from 0 to 127)? Reply with ONLY the integer. Nothing else. Output only the answer.,"This audio contains a single sustained musical note that may be slightly out of tune. Identify the NEAREST in-tune pitch (the closest standard musical note). What is the note name and octave? Reply with ONLY the note name in Scientific Pitch Notation (e.g. C4, F#3, Bb5). Nothing else. Output only the answer.","This audio contains a single sustained musical note that may be slightly out of tune. Identify the NEAREST in-tune pitch (the closest standard musical note). What is the solfege syllable and accidental (if needed) of this pitch? Use fixed-do (do=C, re=D, mi=E, fa=F, sol=G, la=A, si=B). Include sharps or flats when needed (e.g. do#, reb, fa#, sib). Do NOT include the octave. Reply with ONLY the syllable and accidental (if needed). Nothing else. Output only the answer.","This audio contains a single sustained musical note that may be slightly out of tune. Identify the NEAREST in-tune pitch (the closest standard musical note). What is the main pitch frequency, expressed in Hertz? Reply with ONLY a number (the frequency in Hz). Nothing else. Output only the answer."
5000,0.0,trumpet,instrument,88,10,0,0,0,0,E6,A6,0,0,1,mi,sol,0,0,0,10,A6,sol,104,data/audio/pitchbench_a5_pitch_slightly_off/1318p5hz_trumpet_5000ms.wav,1318p5hz_trumpet_5000ms.wav,This audio contains a single sustained musical note that may be slightly out of tune. Identify the NEAREST in-tune pitch (the closest standard musical note). What is the MIDI note number (an integer from 0 to 127)? Reply with ONLY the integer. Nothing else. Output only the answer.,"This audio contains a single sustained musical note that may be slightly out of tune. Identify the NEAREST in-tune pitch (the closest standard musical note). What is the note name and octave? Reply with ONLY the note name in Scientific Pitch Notation (e.g. C4, F#3, Bb5). Nothing else. Output only the answer.","This audio contains a single sustained musical note that may be slightly out of tune. Identify the NEAREST in-tune pitch (the closest standard musical note). What is the solfege syllable and accidental (if needed) of this pitch? Use fixed-do (do=C, re=D, mi=E, fa=F, sol=G, la=A, si=B). Include sharps or flats when needed (e.g. do#, reb, fa#, sib). Do NOT include the octave. Reply with ONLY the syllable and accidental (if needed). Nothing else. Output only the answer.","This audio contains a single sustained musical note that may be slightly out of tune. Identify the NEAREST in-tune pitch (the closest standard musical note). What is the main pitch frequency, expressed in Hertz? Reply with ONLY a number (the frequency in Hz). Nothing else. Output only the answer."
1000,-1.2376,trombone,instrument,43,41,0,0,0,1,G2,F2,0,0,1,sol,fa#,0,0,0,41,F2,fa#,110.00,data/audio/pitchbench_a5_pitch_slightly_off/96p8hz_trombone_1000ms.wav,96p8hz_trombone_1000ms.wav,This audio contains a single sustained musical note that may be slightly out of tune. Identify the NEAREST in-tune pitch (the closest standard musical note). What is the MIDI note number (an integer from 0 to 127)? Reply with ONLY the integer. Nothing else. Output only the answer.,"This audio contains a single sustained musical note that may be slightly out of tune. Identify the NEAREST in-tune pitch (the closest standard musical note). What is the note name and octave? Reply with ONLY the note name in Scientific Pitch Notation (e.g. C4, F#3, Bb5). Nothing else. Output only the answer.","This audio contains a single sustained musical note that may be slightly out of tune. Identify the NEAREST in-tune pitch (the closest standard musical note). What is the solfege syllable and accidental (if needed) of this pitch? Use fixed-do (do=C, re=D, mi=E, fa=F, sol=G, la=A, si=B). Include sharps or flats when needed (e.g. do#, reb, fa#, sib). Do NOT include the octave. Reply with ONLY the syllable and accidental (if needed). Nothing else. Output only the answer.","This audio contains a single sustained musical note that may be slightly out of tune. Identify the NEAREST in-tune pitch (the closest standard musical note). What is the main pitch frequency, expressed in Hertz? Reply with ONLY a number (the frequency in Hz). Nothing else. Output only the answer."
1000,0.0,trombone,instrument,43,28,0,0,0,0,G2,F#2,0,0,1,sol,,0,0,0,28,F#2,": # for sharp,",130.81,data/audio/pitchbench_a5_pitch_slightly_off/98p0hz_trombone_1000ms.wav,98p0hz_trombone_1000ms.wav,This audio contains a single sustained musical note that may be slightly out of tune. Identify the NEAREST in-tune pitch (the closest standard musical note). What is the MIDI note number (an integer from 0 to 127)? Reply with ONLY the integer. Nothing else. Output only the answer.,"This audio contains a single sustained musical note that may be slightly out of tune. Identify the NEAREST in-tune pitch (the closest standard musical note). What is the note name and octave? Reply with ONLY the note name in Scientific Pitch Notation (e.g. C4, F#3, Bb5). Nothing else. Output only the answer.","This audio contains a single sustained musical note that may be slightly out of tune. Identify the NEAREST in-tune pitch (the closest standard musical note). What is the solfege syllable and accidental (if needed) of this pitch? Use fixed-do (do=C, re=D, mi=E, fa=F, sol=G, la=A, si=B). Include sharps or flats when needed (e.g. do#, reb, fa#, sib). Do NOT include the octave. Reply with ONLY the syllable and accidental (if needed). Nothing else. Output only the answer.","This audio contains a single sustained musical note that may be slightly out of tune. Identify the NEAREST in-tune pitch (the closest standard musical note). What is the main pitch frequency, expressed in Hertz? Reply with ONLY a number (the frequency in Hz). Nothing else. Output only the answer."
1000,0.6556,trombone,instrument,43,28,0,0,0,0,G2,F2,0,0,1,sol,sol#,0,0,0,28,F2,sol#,130.81,data/audio/pitchbench_a5_pitch_slightly_off/98p7hz_trombone_1000ms.wav,98p7hz_trombone_1000ms.wav,This audio contains a single sustained musical note that may be slightly out of tune. Identify the NEAREST in-tune pitch (the closest standard musical note). What is the MIDI note number (an integer from 0 to 127)? Reply with ONLY the integer. Nothing else. Output only the answer.,"This audio contains a single sustained musical note that may be slightly out of tune. Identify the NEAREST in-tune pitch (the closest standard musical note). What is the note name and octave? Reply with ONLY the note name in Scientific Pitch Notation (e.g. C4, F#3, Bb5). Nothing else. Output only the answer.","This audio contains a single sustained musical note that may be slightly out of tune. Identify the NEAREST in-tune pitch (the closest standard musical note). What is the solfege syllable and accidental (if needed) of this pitch? Use fixed-do (do=C, re=D, mi=E, fa=F, sol=G, la=A, si=B). Include sharps or flats when needed (e.g. do#, reb, fa#, sib). Do NOT include the octave. Reply with ONLY the syllable and accidental (if needed). Nothing else. Output only the answer.","This audio contains a single sustained musical note that may be slightly out of tune. Identify the NEAREST in-tune pitch (the closest standard musical note). What is the main pitch frequency, expressed in Hertz? Reply with ONLY a number (the frequency in Hz). Nothing else. Output only the answer."
1000,0.0,trombone,instrument,43,28,0,0,0,0,G2,F#2,0,0,1,sol,,0,0,0,28,F#2,": # for sharp,",15,data/audio/pitchbench_a5_pitch_slightly_off/98p0hz_trombone_1000ms.wav,98p0hz_trombone_1000ms.wav,This audio contains a single sustained musical note that may be slightly out of tune. Identify the NEAREST in-tune pitch (the closest standard musical note). What is the MIDI note number (an integer from 0 to 127)? Reply with ONLY the integer. Nothing else. Output only the answer.,"This audio contains a single sustained musical note that may be slightly out of tune. Identify the NEAREST in-tune pitch (the closest standard musical note). What is the note name and octave? Reply with ONLY the note name in Scientific Pitch Notation (e.g. C4, F#3, Bb5). Nothing else. Output only the answer.","This audio contains a single sustained musical note that may be slightly out of tune. Identify the NEAREST in-tune pitch (the closest standard musical note). What is the solfege syllable and accidental (if needed) of this pitch? Use fixed-do (do=C, re=D, mi=E, fa=F, sol=G, la=A, si=B). Include sharps or flats when needed (e.g. do#, reb, fa#, sib). Do NOT include the octave. Reply with ONLY the syllable and accidental (if needed). Nothing else. Output only the answer.","This audio contains a single sustained musical note that may be slightly out of tune. Identify the NEAREST in-tune pitch (the closest standard musical note). What is the main pitch frequency, expressed in Hertz? Reply with ONLY a number (the frequency in Hz). Nothing else. Output only the answer."
1000,-2.0813,trombone,instrument,64,66,0,0,0,1,E4,F#4,0,0,1,mi,fa#,0,0,0,66,F#4,fa#,311.13,data/audio/pitchbench_a5_pitch_slightly_off/327p5hz_trombone_1000ms.wav,327p5hz_trombone_1000ms.wav,This audio contains a single sustained musical note that may be slightly out of tune. Identify the NEAREST in-tune pitch (the closest standard musical note). What is the MIDI note number (an integer from 0 to 127)? Reply with ONLY the integer. Nothing else. Output only the answer.,"This audio contains a single sustained musical note that may be slightly out of tune. Identify the NEAREST in-tune pitch (the closest standard musical note). What is the note name and octave? Reply with ONLY the note name in Scientific Pitch Notation (e.g. C4, F#3, Bb5). Nothing else. Output only the answer.","This audio contains a single sustained musical note that may be slightly out of tune. Identify the NEAREST in-tune pitch (the closest standard musical note). What is the solfege syllable and accidental (if needed) of this pitch? Use fixed-do (do=C, re=D, mi=E, fa=F, sol=G, la=A, si=B). Include sharps or flats when needed (e.g. do#, reb, fa#, sib). Do NOT include the octave. Reply with ONLY the syllable and accidental (if needed). Nothing else. Output only the answer.","This audio contains a single sustained musical note that may be slightly out of tune. Identify the NEAREST in-tune pitch (the closest standard musical note). What is the main pitch frequency, expressed in Hertz? Reply with ONLY a number (the frequency in Hz). Nothing else. Output only the answer."
1000,0.0,trombone,instrument,64,6,0,0,0,0,E4,F#4,0,0,1,mi,fa,0,0,0,6,F#4,fa,87.,data/audio/pitchbench_a5_pitch_slightly_off/329p6hz_trombone_1000ms.wav,329p6hz_trombone_1000ms.wav,This audio contains a single sustained musical note that may be slightly out of tune. Identify the NEAREST in-tune pitch (the closest standard musical note). What is the MIDI note number (an integer from 0 to 127)? Reply with ONLY the integer. Nothing else. Output only the answer.,"This audio contains a single sustained musical note that may be slightly out of tune. Identify the NEAREST in-tune pitch (the closest standard musical note). What is the note name and octave? Reply with ONLY the note name in Scientific Pitch Notation (e.g. C4, F#3, Bb5). Nothing else. Output only the answer.","This audio contains a single sustained musical note that may be slightly out of tune. Identify the NEAREST in-tune pitch (the closest standard musical note). What is the solfege syllable and accidental (if needed) of this pitch? Use fixed-do (do=C, re=D, mi=E, fa=F, sol=G, la=A, si=B). Include sharps or flats when needed (e.g. do#, reb, fa#, sib). Do NOT include the octave. Reply with ONLY the syllable and accidental (if needed). Nothing else. Output only the answer.","This audio contains a single sustained musical note that may be slightly out of tune. Identify the NEAREST in-tune pitch (the closest standard musical note). What is the main pitch frequency, expressed in Hertz? Reply with ONLY a number (the frequency in Hz). Nothing else. Output only the answer."
5000,2.2051,trombone,instrument,64,42,0,0,0,0,E4,F#2,0,0,0,mi,fa#,0,0,0,42,F#2,fa#,311.13,data/audio/pitchbench_a5_pitch_slightly_off/331p8hz_trombone_5000ms.wav,331p8hz_trombone_5000ms.wav,This audio contains a single sustained musical note that may be slightly out of tune. Identify the NEAREST in-tune pitch (the closest standard musical note). What is the MIDI note number (an integer from 0 to 127)? Reply with ONLY the integer. Nothing else. Output only the answer.,"This audio contains a single sustained musical note that may be slightly out of tune. Identify the NEAREST in-tune pitch (the closest standard musical note). What is the note name and octave? Reply with ONLY the note name in Scientific Pitch Notation (e.g. C4, F#3, Bb5). Nothing else. Output only the answer.","This audio contains a single sustained musical note that may be slightly out of tune. Identify the NEAREST in-tune pitch (the closest standard musical note). What is the solfege syllable and accidental (if needed) of this pitch? Use fixed-do (do=C, re=D, mi=E, fa=F, sol=G, la=A, si=B). Include sharps or flats when needed (e.g. do#, reb, fa#, sib). Do NOT include the octave. Reply with ONLY the syllable and accidental (if needed). Nothing else. Output only the answer.","This audio contains a single sustained musical note that may be slightly out of tune. Identify the NEAREST in-tune pitch (the closest standard musical note). What is the main pitch frequency, expressed in Hertz? Reply with ONLY a number (the frequency in Hz). Nothing else. Output only the answer."
5000,0.0,trombone,instrument,64,42,0,0,0,0,E4,F#4,0,0,1,mi,fa#,0,0,0,42,F#4,fa#,185,data/audio/pitchbench_a5_pitch_slightly_off/329p6hz_trombone_5000ms.wav,329p6hz_trombone_5000ms.wav,This audio contains a single sustained musical note that may be slightly out of tune. Identify the NEAREST in-tune pitch (the closest standard musical note). What is the MIDI note number (an integer from 0 to 127)? Reply with ONLY the integer. Nothing else. Output only the answer.,"This audio contains a single sustained musical note that may be slightly out of tune. Identify the NEAREST in-tune pitch (the closest standard musical note). What is the note name and octave? Reply with ONLY the note name in Scientific Pitch Notation (e.g. C4, F#3, Bb5). Nothing else. Output only the answer.","This audio contains a single sustained musical note that may be slightly out of tune. Identify the NEAREST in-tune pitch (the closest standard musical note). What is the solfege syllable and accidental (if needed) of this pitch? Use fixed-do (do=C, re=D, mi=E, fa=F, sol=G, la=A, si=B). Include sharps or flats when needed (e.g. do#, reb, fa#, sib). Do NOT include the octave. Reply with ONLY the syllable and accidental (if needed). Nothing else. Output only the answer.","This audio contains a single sustained musical note that may be slightly out of tune. Identify the NEAREST in-tune pitch (the closest standard musical note). What is the main pitch frequency, expressed in Hertz? Reply with ONLY a number (the frequency in Hz). Nothing else. Output only the answer."
5000,-5.5564,trombone,instrument,69,83,0,0,0,0,A4,C6,0,0,0,la,fa#,0,0,0,83,C6,fa#,523.25,data/audio/pitchbench_a5_pitch_slightly_off/434p4hz_trombone_5000ms.wav,434p4hz_trombone_5000ms.wav,This audio contains a single sustained musical note that may be slightly out of tune. Identify the NEAREST in-tune pitch (the closest standard musical note). What is the MIDI note number (an integer from 0 to 127)? Reply with ONLY the integer. Nothing else. Output only the answer.,"This audio contains a single sustained musical note that may be slightly out of tune. Identify the NEAREST in-tune pitch (the closest standard musical note). What is the note name and octave? Reply with ONLY the note name in Scientific Pitch Notation (e.g. C4, F#3, Bb5). Nothing else. Output only the answer.","This audio contains a single sustained musical note that may be slightly out of tune. Identify the NEAREST in-tune pitch (the closest standard musical note). What is the solfege syllable and accidental (if needed) of this pitch? Use fixed-do (do=C, re=D, mi=E, fa=F, sol=G, la=A, si=B). Include sharps or flats when needed (e.g. do#, reb, fa#, sib). Do NOT include the octave. Reply with ONLY the syllable and accidental (if needed). Nothing else. Output only the answer.","This audio contains a single sustained musical note that may be slightly out of tune. Identify the NEAREST in-tune pitch (the closest standard musical note). What is the main pitch frequency, expressed in Hertz? Reply with ONLY a number (the frequency in Hz). Nothing else. Output only the answer."
5000,-9.9005,trombone,instrument,79,97,0,0,0,0,G5,A6,0,0,0,sol,sol#,0,0,0,97,A6,sol#,1046.5,data/audio/pitchbench_a5_pitch_slightly_off/774p1hz_trombone_5000ms.wav,774p1hz_trombone_5000ms.wav,This audio contains a single sustained musical note that may be slightly out of tune. Identify the NEAREST in-tune pitch (the closest standard musical note). What is the MIDI note number (an integer from 0 to 127)? Reply with ONLY the integer. Nothing else. Output only the answer.,"This audio contains a single sustained musical note that may be slightly out of tune. Identify the NEAREST in-tune pitch (the closest standard musical note). What is the note name and octave? Reply with ONLY the note name in Scientific Pitch Notation (e.g. C4, F#3, Bb5). Nothing else. Output only the answer.","This audio contains a single sustained musical note that may be slightly out of tune. Identify the NEAREST in-tune pitch (the closest standard musical note). What is the solfege syllable and accidental (if needed) of this pitch? Use fixed-do (do=C, re=D, mi=E, fa=F, sol=G, la=A, si=B). Include sharps or flats when needed (e.g. do#, reb, fa#, sib). Do NOT include the octave. Reply with ONLY the syllable and accidental (if needed). Nothing else. Output only the answer.","This audio contains a single sustained musical note that may be slightly out of tune. Identify the NEAREST in-tune pitch (the closest standard musical note). What is the main pitch frequency, expressed in Hertz? Reply with ONLY a number (the frequency in Hz). Nothing else. Output only the answer."
5000,0.0,trombone,instrument,79,8,0,0,0,0,G5,A5,0,0,1,sol,sol#,0,0,0,8,A5,sol#,1046,data/audio/pitchbench_a5_pitch_slightly_off/784p0hz_trombone_5000ms.wav,784p0hz_trombone_5000ms.wav,This audio contains a single sustained musical note that may be slightly out of tune. Identify the NEAREST in-tune pitch (the closest standard musical note). What is the MIDI note number (an integer from 0 to 127)? Reply with ONLY the integer. Nothing else. Output only the answer.,"This audio contains a single sustained musical note that may be slightly out of tune. Identify the NEAREST in-tune pitch (the closest standard musical note). What is the note name and octave? Reply with ONLY the note name in Scientific Pitch Notation (e.g. C4, F#3, Bb5). Nothing else. Output only the answer.","This audio contains a single sustained musical note that may be slightly out of tune. Identify the NEAREST in-tune pitch (the closest standard musical note). What is the solfege syllable and accidental (if needed) of this pitch? Use fixed-do (do=C, re=D, mi=E, fa=F, sol=G, la=A, si=B). Include sharps or flats when needed (e.g. do#, reb, fa#, sib). Do NOT include the octave. Reply with ONLY the syllable and accidental (if needed). Nothing else. Output only the answer.","This audio contains a single sustained musical note that may be slightly out of tune. Identify the NEAREST in-tune pitch (the closest standard musical note). What is the main pitch frequency, expressed in Hertz? Reply with ONLY a number (the frequency in Hz). Nothing else. Output only the answer."
5000,-0.826,clarinet,instrument,36,36,1,1,1,1,C2,C3,0,1,0,do,sol#,0,0,1,36,C3,sol#,87.31,data/audio/pitchbench_a5_pitch_slightly_off/64p6hz_clarinet_5000ms.wav,64p6hz_clarinet_5000ms.wav,This audio contains a single sustained musical note that may be slightly out of tune. Identify the NEAREST in-tune pitch (the closest standard musical note). What is the MIDI note number (an integer from 0 to 127)? Reply with ONLY the integer. Nothing else. Output only the answer.,"This audio contains a single sustained musical note that may be slightly out of tune. Identify the NEAREST in-tune pitch (the closest standard musical note). What is the note name and octave? Reply with ONLY the note name in Scientific Pitch Notation (e.g. C4, F#3, Bb5). Nothing else. Output only the answer.","This audio contains a single sustained musical note that may be slightly out of tune. Identify the NEAREST in-tune pitch (the closest standard musical note). What is the solfege syllable and accidental (if needed) of this pitch? Use fixed-do (do=C, re=D, mi=E, fa=F, sol=G, la=A, si=B). Include sharps or flats when needed (e.g. do#, reb, fa#, sib). Do NOT include the octave. Reply with ONLY the syllable and accidental (if needed). Nothing else. Output only the answer.","This audio contains a single sustained musical note that may be slightly out of tune. Identify the NEAREST in-tune pitch (the closest standard musical note). What is the main pitch frequency, expressed in Hertz? Reply with ONLY a number (the frequency in Hz). Nothing else. Output only the answer."
5000,0.0,clarinet,instrument,36,36,1,1,1,1,C2,C2,1,1,1,do,sol#,0,1,1,36,C2,sol#,65.,data/audio/pitchbench_a5_pitch_slightly_off/65p4hz_clarinet_5000ms.wav,65p4hz_clarinet_5000ms.wav,This audio contains a single sustained musical note that may be slightly out of tune. Identify the NEAREST in-tune pitch (the closest standard musical note). What is the MIDI note number (an integer from 0 to 127)? Reply with ONLY the integer. Nothing else. Output only the answer.,"This audio contains a single sustained musical note that may be slightly out of tune. Identify the NEAREST in-tune pitch (the closest standard musical note). What is the note name and octave? Reply with ONLY the note name in Scientific Pitch Notation (e.g. C4, F#3, Bb5). Nothing else. Output only the answer.","This audio contains a single sustained musical note that may be slightly out of tune. Identify the NEAREST in-tune pitch (the closest standard musical note). What is the solfege syllable and accidental (if needed) of this pitch? Use fixed-do (do=C, re=D, mi=E, fa=F, sol=G, la=A, si=B). Include sharps or flats when needed (e.g. do#, reb, fa#, sib). Do NOT include the octave. Reply with ONLY the syllable and accidental (if needed). Nothing else. Output only the answer.","This audio contains a single sustained musical note that may be slightly out of tune. Identify the NEAREST in-tune pitch (the closest standard musical note). What is the main pitch frequency, expressed in Hertz? Reply with ONLY a number (the frequency in Hz). Nothing else. Output only the answer."
5000,0.4375,clarinet,instrument,36,31,0,0,0,0,C2,C2,1,1,1,do,sol#,0,0,1,31,C2,sol#,103.83,data/audio/pitchbench_a5_pitch_slightly_off/65p8hz_clarinet_5000ms.wav,65p8hz_clarinet_5000ms.wav,This audio contains a single sustained musical note that may be slightly out of tune. Identify the NEAREST in-tune pitch (the closest standard musical note). What is the MIDI note number (an integer from 0 to 127)? Reply with ONLY the integer. Nothing else. Output only the answer.,"This audio contains a single sustained musical note that may be slightly out of tune. Identify the NEAREST in-tune pitch (the closest standard musical note). What is the note name and octave? Reply with ONLY the note name in Scientific Pitch Notation (e.g. C4, F#3, Bb5). Nothing else. Output only the answer.","This audio contains a single sustained musical note that may be slightly out of tune. Identify the NEAREST in-tune pitch (the closest standard musical note). What is the solfege syllable and accidental (if needed) of this pitch? Use fixed-do (do=C, re=D, mi=E, fa=F, sol=G, la=A, si=B). Include sharps or flats when needed (e.g. do#, reb, fa#, sib). Do NOT include the octave. Reply with ONLY the syllable and accidental (if needed). Nothing else. Output only the answer.","This audio contains a single sustained musical note that may be slightly out of tune. Identify the NEAREST in-tune pitch (the closest standard musical note). What is the main pitch frequency, expressed in Hertz? Reply with ONLY a number (the frequency in Hz). Nothing else. Output only the answer."
5000,0.0,clarinet,instrument,36,29,0,0,0,0,C2,G1,0,0,0,do,sol#,0,1,1,29,G1,sol#,65.,data/audio/pitchbench_a5_pitch_slightly_off/65p4hz_clarinet_5000ms.wav,65p4hz_clarinet_5000ms.wav,This audio contains a single sustained musical note that may be slightly out of tune. Identify the NEAREST in-tune pitch (the closest standard musical note). What is the MIDI note number (an integer from 0 to 127)? Reply with ONLY the integer. Nothing else. Output only the answer.,"This audio contains a single sustained musical note that may be slightly out of tune. Identify the NEAREST in-tune pitch (the closest standard musical note). What is the note name and octave? Reply with ONLY the note name in Scientific Pitch Notation (e.g. C4, F#3, Bb5). Nothing else. Output only the answer.","This audio contains a single sustained musical note that may be slightly out of tune. Identify the NEAREST in-tune pitch (the closest standard musical note). What is the solfege syllable and accidental (if needed) of this pitch? Use fixed-do (do=C, re=D, mi=E, fa=F, sol=G, la=A, si=B). Include sharps or flats when needed (e.g. do#, reb, fa#, sib). Do NOT include the octave. Reply with ONLY the syllable and accidental (if needed). Nothing else. Output only the answer.","This audio contains a single sustained musical note that may be slightly out of tune. Identify the NEAREST in-tune pitch (the closest standard musical note). What is the main pitch frequency, expressed in Hertz? Reply with ONLY a number (the frequency in Hz). Nothing else. Output only the answer."
1000,1.7502,clarinet,instrument,48,44,0,0,0,0,C3,F#4,0,0,0,do,sol,0,0,0,44,F#4,sol,523.2,data/audio/pitchbench_a5_pitch_slightly_off/132p6hz_clarinet_1000ms.wav,132p6hz_clarinet_1000ms.wav,This audio contains a single sustained musical note that may be slightly out of tune. Identify the NEAREST in-tune pitch (the closest standard musical note). What is the MIDI note number (an integer from 0 to 127)? Reply with ONLY the integer. Nothing else. Output only the answer.,"This audio contains a single sustained musical note that may be slightly out of tune. Identify the NEAREST in-tune pitch (the closest standard musical note). What is the note name and octave? Reply with ONLY the note name in Scientific Pitch Notation (e.g. C4, F#3, Bb5). Nothing else. Output only the answer.","This audio contains a single sustained musical note that may be slightly out of tune. Identify the NEAREST in-tune pitch (the closest standard musical note). What is the solfege syllable and accidental (if needed) of this pitch? Use fixed-do (do=C, re=D, mi=E, fa=F, sol=G, la=A, si=B). Include sharps or flats when needed (e.g. do#, reb, fa#, sib). Do NOT include the octave. Reply with ONLY the syllable and accidental (if needed). Nothing else. Output only the answer.","This audio contains a single sustained musical note that may be slightly out of tune. Identify the NEAREST in-tune pitch (the closest standard musical note). What is the main pitch frequency, expressed in Hertz? Reply with ONLY a number (the frequency in Hz). Nothing else. Output only the answer."
1000,0.0,clarinet,instrument,48,36,0,0,1,0,C3,F#4,0,0,0,do,sol#,0,0,0,36,F#4,sol#,523.2,data/audio/pitchbench_a5_pitch_slightly_off/130p8hz_clarinet_1000ms.wav,130p8hz_clarinet_1000ms.wav,This audio contains a single sustained musical note that may be slightly out of tune. Identify the NEAREST in-tune pitch (the closest standard musical note). What is the MIDI note number (an integer from 0 to 127)? Reply with ONLY the integer. Nothing else. Output only the answer.,"This audio contains a single sustained musical note that may be slightly out of tune. Identify the NEAREST in-tune pitch (the closest standard musical note). What is the note name and octave? Reply with ONLY the note name in Scientific Pitch Notation (e.g. C4, F#3, Bb5). Nothing else. Output only the answer.","This audio contains a single sustained musical note that may be slightly out of tune. Identify the NEAREST in-tune pitch (the closest standard musical note). What is the solfege syllable and accidental (if needed) of this pitch? Use fixed-do (do=C, re=D, mi=E, fa=F, sol=G, la=A, si=B). Include sharps or flats when needed (e.g. do#, reb, fa#, sib). Do NOT include the octave. Reply with ONLY the syllable and accidental (if needed). Nothing else. Output only the answer.","This audio contains a single sustained musical note that may be slightly out of tune. Identify the NEAREST in-tune pitch (the closest standard musical note). What is the main pitch frequency, expressed in Hertz? Reply with ONLY a number (the frequency in Hz). Nothing else. Output only the answer."
1000,-1.1681,clarinet,instrument,54,89,0,0,0,0,F#3,F#6,0,1,0,fa#,sol#,0,0,0,89,F#6,sol#,2093,data/audio/pitchbench_a5_pitch_slightly_off/183p8hz_clarinet_1000ms.wav,183p8hz_clarinet_1000ms.wav,This audio contains a single sustained musical note that may be slightly out of tune. Identify the NEAREST in-tune pitch (the closest standard musical note). What is the MIDI note number (an integer from 0 to 127)? Reply with ONLY the integer. Nothing else. Output only the answer.,"This audio contains a single sustained musical note that may be slightly out of tune. Identify the NEAREST in-tune pitch (the closest standard musical note). What is the note name and octave? Reply with ONLY the note name in Scientific Pitch Notation (e.g. C4, F#3, Bb5). Nothing else. Output only the answer.","This audio contains a single sustained musical note that may be slightly out of tune. Identify the NEAREST in-tune pitch (the closest standard musical note). What is the solfege syllable and accidental (if needed) of this pitch? Use fixed-do (do=C, re=D, mi=E, fa=F, sol=G, la=A, si=B). Include sharps or flats when needed (e.g. do#, reb, fa#, sib). Do NOT include the octave. Reply with ONLY the syllable and accidental (if needed). Nothing else. Output only the answer.","This audio contains a single sustained musical note that may be slightly out of tune. Identify the NEAREST in-tune pitch (the closest standard musical note). What is the main pitch frequency, expressed in Hertz? Reply with ONLY a number (the frequency in Hz). Nothing else. Output only the answer."
1000,0.0,clarinet,instrument,54,86,0,0,0,0,F#3,F#5,0,1,0,fa#,sol#,0,0,0,86,F#5,sol#,27,data/audio/pitchbench_a5_pitch_slightly_off/185p0hz_clarinet_1000ms.wav,185p0hz_clarinet_1000ms.wav,This audio contains a single sustained musical note that may be slightly out of tune. Identify the NEAREST in-tune pitch (the closest standard musical note). What is the MIDI note number (an integer from 0 to 127)? Reply with ONLY the integer. Nothing else. Output only the answer.,"This audio contains a single sustained musical note that may be slightly out of tune. Identify the NEAREST in-tune pitch (the closest standard musical note). What is the note name and octave? Reply with ONLY the note name in Scientific Pitch Notation (e.g. C4, F#3, Bb5). Nothing else. Output only the answer.","This audio contains a single sustained musical note that may be slightly out of tune. Identify the NEAREST in-tune pitch (the closest standard musical note). What is the solfege syllable and accidental (if needed) of this pitch? Use fixed-do (do=C, re=D, mi=E, fa=F, sol=G, la=A, si=B). Include sharps or flats when needed (e.g. do#, reb, fa#, sib). Do NOT include the octave. Reply with ONLY the syllable and accidental (if needed). Nothing else. Output only the answer.","This audio contains a single sustained musical note that may be slightly out of tune. Identify the NEAREST in-tune pitch (the closest standard musical note). What is the main pitch frequency, expressed in Hertz? Reply with ONLY a number (the frequency in Hz). Nothing else. Output only the answer."
5000,-2.0813,clarinet,instrument,64,81,0,0,0,0,E4,C#6,0,0,0,mi,fa#,0,0,0,81,C#6,fa#,830.61,data/audio/pitchbench_a5_pitch_slightly_off/327p5hz_clarinet_5000ms.wav,327p5hz_clarinet_5000ms.wav,This audio contains a single sustained musical note that may be slightly out of tune. Identify the NEAREST in-tune pitch (the closest standard musical note). What is the MIDI note number (an integer from 0 to 127)? Reply with ONLY the integer. Nothing else. Output only the answer.,"This audio contains a single sustained musical note that may be slightly out of tune. Identify the NEAREST in-tune pitch (the closest standard musical note). What is the note name and octave? Reply with ONLY the note name in Scientific Pitch Notation (e.g. C4, F#3, Bb5). Nothing else. Output only the answer.","This audio contains a single sustained musical note that may be slightly out of tune. Identify the NEAREST in-tune pitch (the closest standard musical note). What is the solfege syllable and accidental (if needed) of this pitch? Use fixed-do (do=C, re=D, mi=E, fa=F, sol=G, la=A, si=B). Include sharps or flats when needed (e.g. do#, reb, fa#, sib). Do NOT include the octave. Reply with ONLY the syllable and accidental (if needed). Nothing else. Output only the answer.","This audio contains a single sustained musical note that may be slightly out of tune. Identify the NEAREST in-tune pitch (the closest standard musical note). What is the main pitch frequency, expressed in Hertz? Reply with ONLY a number (the frequency in Hz). Nothing else. Output only the answer."
5000,0.0,clarinet,instrument,64,83,0,0,0,0,E4,,0,0,0,mi,fa#,0,0,0,83,F#,fa#,1396.9,data/audio/pitchbench_a5_pitch_slightly_off/329p6hz_clarinet_5000ms.wav,329p6hz_clarinet_5000ms.wav,This audio contains a single sustained musical note that may be slightly out of tune. Identify the NEAREST in-tune pitch (the closest standard musical note). What is the MIDI note number (an integer from 0 to 127)? Reply with ONLY the integer. Nothing else. Output only the answer.,"This audio contains a single sustained musical note that may be slightly out of tune. Identify the NEAREST in-tune pitch (the closest standard musical note). What is the note name and octave? Reply with ONLY the note name in Scientific Pitch Notation (e.g. C4, F#3, Bb5). Nothing else. Output only the answer.","This audio contains a single sustained musical note that may be slightly out of tune. Identify the NEAREST in-tune pitch (the closest standard musical note). What is the solfege syllable and accidental (if needed) of this pitch? Use fixed-do (do=C, re=D, mi=E, fa=F, sol=G, la=A, si=B). Include sharps or flats when needed (e.g. do#, reb, fa#, sib). Do NOT include the octave. Reply with ONLY the syllable and accidental (if needed). Nothing else. Output only the answer.","This audio contains a single sustained musical note that may be slightly out of tune. Identify the NEAREST in-tune pitch (the closest standard musical note). What is the main pitch frequency, expressed in Hertz? Reply with ONLY a number (the frequency in Hz). Nothing else. Output only the answer."
1000,-2.7782,clarinet,instrument,69,83,0,0,0,0,A4,B5,0,0,0,la,sol#,0,0,0,83,B5,sol#,1046.5,data/audio/pitchbench_a5_pitch_slightly_off/437p2hz_clarinet_1000ms.wav,437p2hz_clarinet_1000ms.wav,This audio contains a single sustained musical note that may be slightly out of tune. Identify the NEAREST in-tune pitch (the closest standard musical note). What is the MIDI note number (an integer from 0 to 127)? Reply with ONLY the integer. Nothing else. Output only the answer.,"This audio contains a single sustained musical note that may be slightly out of tune. Identify the NEAREST in-tune pitch (the closest standard musical note). What is the note name and octave? Reply with ONLY the note name in Scientific Pitch Notation (e.g. C4, F#3, Bb5). Nothing else. Output only the answer.","This audio contains a single sustained musical note that may be slightly out of tune. Identify the NEAREST in-tune pitch (the closest standard musical note). What is the solfege syllable and accidental (if needed) of this pitch? Use fixed-do (do=C, re=D, mi=E, fa=F, sol=G, la=A, si=B). Include sharps or flats when needed (e.g. do#, reb, fa#, sib). Do NOT include the octave. Reply with ONLY the syllable and accidental (if needed). Nothing else. Output only the answer.","This audio contains a single sustained musical note that may be slightly out of tune. Identify the NEAREST in-tune pitch (the closest standard musical note). What is the main pitch frequency, expressed in Hertz? Reply with ONLY a number (the frequency in Hz). Nothing else. Output only the answer."
1000,0.0,clarinet,instrument,69,85,0,0,0,0,A4,F5,0,0,0,la,sol#,0,0,0,85,F5,sol#,1108,data/audio/pitchbench_a5_pitch_slightly_off/440p0hz_clarinet_1000ms.wav,440p0hz_clarinet_1000ms.wav,This audio contains a single sustained musical note that may be slightly out of tune. Identify the NEAREST in-tune pitch (the closest standard musical note). What is the MIDI note number (an integer from 0 to 127)? Reply with ONLY the integer. Nothing else. Output only the answer.,"This audio contains a single sustained musical note that may be slightly out of tune. Identify the NEAREST in-tune pitch (the closest standard musical note). What is the note name and octave? Reply with ONLY the note name in Scientific Pitch Notation (e.g. C4, F#3, Bb5). Nothing else. Output only the answer.","This audio contains a single sustained musical note that may be slightly out of tune. Identify the NEAREST in-tune pitch (the closest standard musical note). What is the solfege syllable and accidental (if needed) of this pitch? Use fixed-do (do=C, re=D, mi=E, fa=F, sol=G, la=A, si=B). Include sharps or flats when needed (e.g. do#, reb, fa#, sib). Do NOT include the octave. Reply with ONLY the syllable and accidental (if needed). Nothing else. Output only the answer.","This audio contains a single sustained musical note that may be slightly out of tune. Identify the NEAREST in-tune pitch (the closest standard musical note). What is the main pitch frequency, expressed in Hertz? Reply with ONLY a number (the frequency in Hz). Nothing else. Output only the answer."
5000,5.2446,clarinet,instrument,79,92,0,0,0,0,G5,B5,0,0,1,sol,sol#,0,0,0,92,B5,sol#,1046.,data/audio/pitchbench_a5_pitch_slightly_off/789p2hz_clarinet_5000ms.wav,789p2hz_clarinet_5000ms.wav,This audio contains a single sustained musical note that may be slightly out of tune. Identify the NEAREST in-tune pitch (the closest standard musical note). What is the MIDI note number (an integer from 0 to 127)? Reply with ONLY the integer. Nothing else. Output only the answer.,"This audio contains a single sustained musical note that may be slightly out of tune. Identify the NEAREST in-tune pitch (the closest standard musical note). What is the note name and octave? Reply with ONLY the note name in Scientific Pitch Notation (e.g. C4, F#3, Bb5). Nothing else. Output only the answer.","This audio contains a single sustained musical note that may be slightly out of tune. Identify the NEAREST in-tune pitch (the closest standard musical note). What is the solfege syllable and accidental (if needed) of this pitch? Use fixed-do (do=C, re=D, mi=E, fa=F, sol=G, la=A, si=B). Include sharps or flats when needed (e.g. do#, reb, fa#, sib). Do NOT include the octave. Reply with ONLY the syllable and accidental (if needed). Nothing else. Output only the answer.","This audio contains a single sustained musical note that may be slightly out of tune. Identify the NEAREST in-tune pitch (the closest standard musical note). What is the main pitch frequency, expressed in Hertz? Reply with ONLY a number (the frequency in Hz). Nothing else. Output only the answer."
5000,0.0,clarinet,instrument,79,92,0,0,0,0,G5,B5,0,0,1,sol,,0,0,0,92,B5,Listen to the Audio:**,1046.5,data/audio/pitchbench_a5_pitch_slightly_off/784p0hz_clarinet_5000ms.wav,784p0hz_clarinet_5000ms.wav,This audio contains a single sustained musical note that may be slightly out of tune. Identify the NEAREST in-tune pitch (the closest standard musical note). What is the MIDI note number (an integer from 0 to 127)? Reply with ONLY the integer. Nothing else. Output only the answer.,"This audio contains a single sustained musical note that may be slightly out of tune. Identify the NEAREST in-tune pitch (the closest standard musical note). What is the note name and octave? Reply with ONLY the note name in Scientific Pitch Notation (e.g. C4, F#3, Bb5). Nothing else. Output only the answer.","This audio contains a single sustained musical note that may be slightly out of tune. Identify the NEAREST in-tune pitch (the closest standard musical note). What is the solfege syllable and accidental (if needed) of this pitch? Use fixed-do (do=C, re=D, mi=E, fa=F, sol=G, la=A, si=B). Include sharps or flats when needed (e.g. do#, reb, fa#, sib). Do NOT include the octave. Reply with ONLY the syllable and accidental (if needed). Nothing else. Output only the answer.","This audio contains a single sustained musical note that may be slightly out of tune. Identify the NEAREST in-tune pitch (the closest standard musical note). What is the main pitch frequency, expressed in Hertz? Reply with ONLY a number (the frequency in Hz). Nothing else. Output only the answer."
5000,-8.3253,clarinet,instrument,88,1,0,0,0,0,E6,B5,0,0,0,mi,sol,0,0,0,1,B5,sol,1046.5,data/audio/pitchbench_a5_pitch_slightly_off/1310p2hz_clarinet_5000ms.wav,1310p2hz_clarinet_5000ms.wav,This audio contains a single sustained musical note that may be slightly out of tune. Identify the NEAREST in-tune pitch (the closest standard musical note). What is the MIDI note number (an integer from 0 to 127)? Reply with ONLY the integer. Nothing else. Output only the answer.,"This audio contains a single sustained musical note that may be slightly out of tune. Identify the NEAREST in-tune pitch (the closest standard musical note). What is the note name and octave? Reply with ONLY the note name in Scientific Pitch Notation (e.g. C4, F#3, Bb5). Nothing else. Output only the answer.","This audio contains a single sustained musical note that may be slightly out of tune. Identify the NEAREST in-tune pitch (the closest standard musical note). What is the solfege syllable and accidental (if needed) of this pitch? Use fixed-do (do=C, re=D, mi=E, fa=F, sol=G, la=A, si=B). Include sharps or flats when needed (e.g. do#, reb, fa#, sib). Do NOT include the octave. Reply with ONLY the syllable and accidental (if needed). Nothing else. Output only the answer.","This audio contains a single sustained musical note that may be slightly out of tune. Identify the NEAREST in-tune pitch (the closest standard musical note). What is the main pitch frequency, expressed in Hertz? Reply with ONLY a number (the frequency in Hz). Nothing else. Output only the answer."
5000,0.0,clarinet,instrument,88,1,0,0,0,0,E6,G7,0,0,0,mi,sol#,0,0,0,1,G7,sol#,1046.,data/audio/pitchbench_a5_pitch_slightly_off/1318p5hz_clarinet_5000ms.wav,1318p5hz_clarinet_5000ms.wav,This audio contains a single sustained musical note that may be slightly out of tune. Identify the NEAREST in-tune pitch (the closest standard musical note). What is the MIDI note number (an integer from 0 to 127)? Reply with ONLY the integer. Nothing else. Output only the answer.,"This audio contains a single sustained musical note that may be slightly out of tune. Identify the NEAREST in-tune pitch (the closest standard musical note). What is the note name and octave? Reply with ONLY the note name in Scientific Pitch Notation (e.g. C4, F#3, Bb5). Nothing else. Output only the answer.","This audio contains a single sustained musical note that may be slightly out of tune. Identify the NEAREST in-tune pitch (the closest standard musical note). What is the solfege syllable and accidental (if needed) of this pitch? Use fixed-do (do=C, re=D, mi=E, fa=F, sol=G, la=A, si=B). Include sharps or flats when needed (e.g. do#, reb, fa#, sib). Do NOT include the octave. Reply with ONLY the syllable and accidental (if needed). Nothing else. Output only the answer.","This audio contains a single sustained musical note that may be slightly out of tune. Identify the NEAREST in-tune pitch (the closest standard musical note). What is the main pitch frequency, expressed in Hertz? Reply with ONLY a number (the frequency in Hz). Nothing else. Output only the answer."
1000,0.8751,oboe,instrument,36,36,1,1,1,1,C2,F2,0,0,1,do,fa#,0,1,1,36,F2,fa#,65.41,data/audio/pitchbench_a5_pitch_slightly_off/66p3hz_oboe_1000ms.wav,66p3hz_oboe_1000ms.wav,This audio contains a single sustained musical note that may be slightly out of tune. Identify the NEAREST in-tune pitch (the closest standard musical note). What is the MIDI note number (an integer from 0 to 127)? Reply with ONLY the integer. Nothing else. Output only the answer.,"This audio contains a single sustained musical note that may be slightly out of tune. Identify the NEAREST in-tune pitch (the closest standard musical note). What is the note name and octave? Reply with ONLY the note name in Scientific Pitch Notation (e.g. C4, F#3, Bb5). Nothing else. Output only the answer.","This audio contains a single sustained musical note that may be slightly out of tune. Identify the NEAREST in-tune pitch (the closest standard musical note). What is the solfege syllable and accidental (if needed) of this pitch? Use fixed-do (do=C, re=D, mi=E, fa=F, sol=G, la=A, si=B). Include sharps or flats when needed (e.g. do#, reb, fa#, sib). Do NOT include the octave. Reply with ONLY the syllable and accidental (if needed). Nothing else. Output only the answer.","This audio contains a single sustained musical note that may be slightly out of tune. Identify the NEAREST in-tune pitch (the closest standard musical note). What is the main pitch frequency, expressed in Hertz? Reply with ONLY a number (the frequency in Hz). Nothing else. Output only the answer."
1000,0.0,oboe,instrument,36,36,1,1,1,1,C2,C2,1,1,1,do,fa#,0,1,1,36,C2,solb,65.41,data/audio/pitchbench_a5_pitch_slightly_off/65p4hz_oboe_1000ms.wav,65p4hz_oboe_1000ms.wav,This audio contains a single sustained musical note that may be slightly out of tune. Identify the NEAREST in-tune pitch (the closest standard musical note). What is the MIDI note number (an integer from 0 to 127)? Reply with ONLY the integer. Nothing else. Output only the answer.,"This audio contains a single sustained musical note that may be slightly out of tune. Identify the NEAREST in-tune pitch (the closest standard musical note). What is the note name and octave? Reply with ONLY the note name in Scientific Pitch Notation (e.g. C4, F#3, Bb5). Nothing else. Output only the answer.","This audio contains a single sustained musical note that may be slightly out of tune. Identify the NEAREST in-tune pitch (the closest standard musical note). What is the solfege syllable and accidental (if needed) of this pitch? Use fixed-do (do=C, re=D, mi=E, fa=F, sol=G, la=A, si=B). Include sharps or flats when needed (e.g. do#, reb, fa#, sib). Do NOT include the octave. Reply with ONLY the syllable and accidental (if needed). Nothing else. Output only the answer.","This audio contains a single sustained musical note that may be slightly out of tune. Identify the NEAREST in-tune pitch (the closest standard musical note). What is the main pitch frequency, expressed in Hertz? Reply with ONLY a number (the frequency in Hz). Nothing else. Output only the answer."
5000,-1.2376,oboe,instrument,43,36,0,0,0,1,G2,F2,0,0,1,sol,sol#,0,0,0,36,F2,sol#,65.41,data/audio/pitchbench_a5_pitch_slightly_off/96p8hz_oboe_5000ms.wav,96p8hz_oboe_5000ms.wav,This audio contains a single sustained musical note that may be slightly out of tune. Identify the NEAREST in-tune pitch (the closest standard musical note). What is the MIDI note number (an integer from 0 to 127)? Reply with ONLY the integer. Nothing else. Output only the answer.,"This audio contains a single sustained musical note that may be slightly out of tune. Identify the NEAREST in-tune pitch (the closest standard musical note). What is the note name and octave? Reply with ONLY the note name in Scientific Pitch Notation (e.g. C4, F#3, Bb5). Nothing else. Output only the answer.","This audio contains a single sustained musical note that may be slightly out of tune. Identify the NEAREST in-tune pitch (the closest standard musical note). What is the solfege syllable and accidental (if needed) of this pitch? Use fixed-do (do=C, re=D, mi=E, fa=F, sol=G, la=A, si=B). Include sharps or flats when needed (e.g. do#, reb, fa#, sib). Do NOT include the octave. Reply with ONLY the syllable and accidental (if needed). Nothing else. Output only the answer.","This audio contains a single sustained musical note that may be slightly out of tune. Identify the NEAREST in-tune pitch (the closest standard musical note). What is the main pitch frequency, expressed in Hertz? Reply with ONLY a number (the frequency in Hz). Nothing else. Output only the answer."
5000,0.0,oboe,instrument,43,36,0,0,0,1,G2,C2,0,0,1,sol,fa#,0,0,0,36,C2,fa#,65.41,data/audio/pitchbench_a5_pitch_slightly_off/98p0hz_oboe_5000ms.wav,98p0hz_oboe_5000ms.wav,This audio contains a single sustained musical note that may be slightly out of tune. Identify the NEAREST in-tune pitch (the closest standard musical note). What is the MIDI note number (an integer from 0 to 127)? Reply with ONLY the integer. Nothing else. Output only the answer.,"This audio contains a single sustained musical note that may be slightly out of tune. Identify the NEAREST in-tune pitch (the closest standard musical note). What is the note name and octave? Reply with ONLY the note name in Scientific Pitch Notation (e.g. C4, F#3, Bb5). Nothing else. Output only the answer.","This audio contains a single sustained musical note that may be slightly out of tune. Identify the NEAREST in-tune pitch (the closest standard musical note). What is the solfege syllable and accidental (if needed) of this pitch? Use fixed-do (do=C, re=D, mi=E, fa=F, sol=G, la=A, si=B). Include sharps or flats when needed (e.g. do#, reb, fa#, sib). Do NOT include the octave. Reply with ONLY the syllable and accidental (if needed). Nothing else. Output only the answer.","This audio contains a single sustained musical note that may be slightly out of tune. Identify the NEAREST in-tune pitch (the closest standard musical note). What is the main pitch frequency, expressed in Hertz? Reply with ONLY a number (the frequency in Hz). Nothing else. Output only the answer."
1000,-0.826,oboe,instrument,48,36,0,0,1,0,C3,F2,0,0,0,do,mi,0,0,0,36,F2,mi,82.41,data/audio/pitchbench_a5_pitch_slightly_off/130p0hz_oboe_1000ms.wav,130p0hz_oboe_1000ms.wav,This audio contains a single sustained musical note that may be slightly out of tune. Identify the NEAREST in-tune pitch (the closest standard musical note). What is the MIDI note number (an integer from 0 to 127)? Reply with ONLY the integer. Nothing else. Output only the answer.,"This audio contains a single sustained musical note that may be slightly out of tune. Identify the NEAREST in-tune pitch (the closest standard musical note). What is the note name and octave? Reply with ONLY the note name in Scientific Pitch Notation (e.g. C4, F#3, Bb5). Nothing else. Output only the answer.","This audio contains a single sustained musical note that may be slightly out of tune. Identify the NEAREST in-tune pitch (the closest standard musical note). What is the solfege syllable and accidental (if needed) of this pitch? Use fixed-do (do=C, re=D, mi=E, fa=F, sol=G, la=A, si=B). Include sharps or flats when needed (e.g. do#, reb, fa#, sib). Do NOT include the octave. Reply with ONLY the syllable and accidental (if needed). Nothing else. Output only the answer.","This audio contains a single sustained musical note that may be slightly out of tune. Identify the NEAREST in-tune pitch (the closest standard musical note). What is the main pitch frequency, expressed in Hertz? Reply with ONLY a number (the frequency in Hz). Nothing else. Output only the answer."
1000,0.0,oboe,instrument,48,36,0,0,1,0,C3,F2,0,0,0,do,la#,0,0,0,36,F2,sib,55.00,data/audio/pitchbench_a5_pitch_slightly_off/130p8hz_oboe_1000ms.wav,130p8hz_oboe_1000ms.wav,This audio contains a single sustained musical note that may be slightly out of tune. Identify the NEAREST in-tune pitch (the closest standard musical note). What is the MIDI note number (an integer from 0 to 127)? Reply with ONLY the integer. Nothing else. Output only the answer.,"This audio contains a single sustained musical note that may be slightly out of tune. Identify the NEAREST in-tune pitch (the closest standard musical note). What is the note name and octave? Reply with ONLY the note name in Scientific Pitch Notation (e.g. C4, F#3, Bb5). Nothing else. Output only the answer.","This audio contains a single sustained musical note that may be slightly out of tune. Identify the NEAREST in-tune pitch (the closest standard musical note). What is the solfege syllable and accidental (if needed) of this pitch? Use fixed-do (do=C, re=D, mi=E, fa=F, sol=G, la=A, si=B). Include sharps or flats when needed (e.g. do#, reb, fa#, sib). Do NOT include the octave. Reply with ONLY the syllable and accidental (if needed). Nothing else. Output only the answer.","This audio contains a single sustained musical note that may be slightly out of tune. Identify the NEAREST in-tune pitch (the closest standard musical note). What is the main pitch frequency, expressed in Hertz? Reply with ONLY a number (the frequency in Hz). Nothing else. Output only the answer."
5000,-0.826,oboe,instrument,48,36,0,0,1,0,C3,F2,0,0,0,do,fa#,0,0,0,36,F2,fa#,"limitation:* I cannot actually """,data/audio/pitchbench_a5_pitch_slightly_off/130p0hz_oboe_5000ms.wav,130p0hz_oboe_5000ms.wav,This audio contains a single sustained musical note that may be slightly out of tune. Identify the NEAREST in-tune pitch (the closest standard musical note). What is the MIDI note number (an integer from 0 to 127)? Reply with ONLY the integer. Nothing else. Output only the answer.,"This audio contains a single sustained musical note that may be slightly out of tune. Identify the NEAREST in-tune pitch (the closest standard musical note). What is the note name and octave? Reply with ONLY the note name in Scientific Pitch Notation (e.g. C4, F#3, Bb5). Nothing else. Output only the answer.","This audio contains a single sustained musical note that may be slightly out of tune. Identify the NEAREST in-tune pitch (the closest standard musical note). What is the solfege syllable and accidental (if needed) of this pitch? Use fixed-do (do=C, re=D, mi=E, fa=F, sol=G, la=A, si=B). Include sharps or flats when needed (e.g. do#, reb, fa#, sib). Do NOT include the octave. Reply with ONLY the syllable and accidental (if needed). Nothing else. Output only the answer.","This audio contains a single sustained musical note that may be slightly out of tune. Identify the NEAREST in-tune pitch (the closest standard musical note). What is the main pitch frequency, expressed in Hertz? Reply with ONLY a number (the frequency in Hz). Nothing else. Output only the answer."
5000,0.0,oboe,instrument,48,4,0,0,0,0,C3,D2,0,0,0,do,fa,0,0,0,4,D2,fa,103.8,data/audio/pitchbench_a5_pitch_slightly_off/130p8hz_oboe_5000ms.wav,130p8hz_oboe_5000ms.wav,This audio contains a single sustained musical note that may be slightly out of tune. Identify the NEAREST in-tune pitch (the closest standard musical note). What is the MIDI note number (an integer from 0 to 127)? Reply with ONLY the integer. Nothing else. Output only the answer.,"This audio contains a single sustained musical note that may be slightly out of tune. Identify the NEAREST in-tune pitch (the closest standard musical note). What is the note name and octave? Reply with ONLY the note name in Scientific Pitch Notation (e.g. C4, F#3, Bb5). Nothing else. Output only the answer.","This audio contains a single sustained musical note that may be slightly out of tune. Identify the NEAREST in-tune pitch (the closest standard musical note). What is the solfege syllable and accidental (if needed) of this pitch? Use fixed-do (do=C, re=D, mi=E, fa=F, sol=G, la=A, si=B). Include sharps or flats when needed (e.g. do#, reb, fa#, sib). Do NOT include the octave. Reply with ONLY the syllable and accidental (if needed). Nothing else. Output only the answer.","This audio contains a single sustained musical note that may be slightly out of tune. Identify the NEAREST in-tune pitch (the closest standard musical note). What is the main pitch frequency, expressed in Hertz? Reply with ONLY a number (the frequency in Hz). Nothing else. Output only the answer."
5000,2.4751,oboe,instrument,54,4,0,0,0,0,F#3,F#2,0,1,0,fa#,sol#,0,0,0,4,F#2,sol#,87.31,data/audio/pitchbench_a5_pitch_slightly_off/187p5hz_oboe_5000ms.wav,187p5hz_oboe_5000ms.wav,This audio contains a single sustained musical note that may be slightly out of tune. Identify the NEAREST in-tune pitch (the closest standard musical note). What is the MIDI note number (an integer from 0 to 127)? Reply with ONLY the integer. Nothing else. Output only the answer.,"This audio contains a single sustained musical note that may be slightly out of tune. Identify the NEAREST in-tune pitch (the closest standard musical note). What is the note name and octave? Reply with ONLY the note name in Scientific Pitch Notation (e.g. C4, F#3, Bb5). Nothing else. Output only the answer.","This audio contains a single sustained musical note that may be slightly out of tune. Identify the NEAREST in-tune pitch (the closest standard musical note). What is the solfege syllable and accidental (if needed) of this pitch? Use fixed-do (do=C, re=D, mi=E, fa=F, sol=G, la=A, si=B). Include sharps or flats when needed (e.g. do#, reb, fa#, sib). Do NOT include the octave. Reply with ONLY the syllable and accidental (if needed). Nothing else. Output only the answer.","This audio contains a single sustained musical note that may be slightly out of tune. Identify the NEAREST in-tune pitch (the closest standard musical note). What is the main pitch frequency, expressed in Hertz? Reply with ONLY a number (the frequency in Hz). Nothing else. Output only the answer."
5000,0.0,oboe,instrument,54,34,0,0,0,0,F#3,F2,0,0,0,fa#,sol#,0,0,0,34,F2,sol#,103,data/audio/pitchbench_a5_pitch_slightly_off/185p0hz_oboe_5000ms.wav,185p0hz_oboe_5000ms.wav,This audio contains a single sustained musical note that may be slightly out of tune. Identify the NEAREST in-tune pitch (the closest standard musical note). What is the MIDI note number (an integer from 0 to 127)? Reply with ONLY the integer. Nothing else. Output only the answer.,"This audio contains a single sustained musical note that may be slightly out of tune. Identify the NEAREST in-tune pitch (the closest standard musical note). What is the note name and octave? Reply with ONLY the note name in Scientific Pitch Notation (e.g. C4, F#3, Bb5). Nothing else. Output only the answer.","This audio contains a single sustained musical note that may be slightly out of tune. Identify the NEAREST in-tune pitch (the closest standard musical note). What is the solfege syllable and accidental (if needed) of this pitch? Use fixed-do (do=C, re=D, mi=E, fa=F, sol=G, la=A, si=B). Include sharps or flats when needed (e.g. do#, reb, fa#, sib). Do NOT include the octave. Reply with ONLY the syllable and accidental (if needed). Nothing else. Output only the answer.","This audio contains a single sustained musical note that may be slightly out of tune. Identify the NEAREST in-tune pitch (the closest standard musical note). What is the main pitch frequency, expressed in Hertz? Reply with ONLY a number (the frequency in Hz). Nothing else. Output only the answer."
5000,4.4102,oboe,instrument,64,90,0,0,0,0,E4,F#5,0,0,0,mi,fa#,0,0,0,90,F#5,fa#,1174.,data/audio/pitchbench_a5_pitch_slightly_off/334p0hz_oboe_5000ms.wav,334p0hz_oboe_5000ms.wav,This audio contains a single sustained musical note that may be slightly out of tune. Identify the NEAREST in-tune pitch (the closest standard musical note). What is the MIDI note number (an integer from 0 to 127)? Reply with ONLY the integer. Nothing else. Output only the answer.,"This audio contains a single sustained musical note that may be slightly out of tune. Identify the NEAREST in-tune pitch (the closest standard musical note). What is the note name and octave? Reply with ONLY the note name in Scientific Pitch Notation (e.g. C4, F#3, Bb5). Nothing else. Output only the answer.","This audio contains a single sustained musical note that may be slightly out of tune. Identify the NEAREST in-tune pitch (the closest standard musical note). What is the solfege syllable and accidental (if needed) of this pitch? Use fixed-do (do=C, re=D, mi=E, fa=F, sol=G, la=A, si=B). Include sharps or flats when needed (e.g. do#, reb, fa#, sib). Do NOT include the octave. Reply with ONLY the syllable and accidental (if needed). Nothing else. Output only the answer.","This audio contains a single sustained musical note that may be slightly out of tune. Identify the NEAREST in-tune pitch (the closest standard musical note). What is the main pitch frequency, expressed in Hertz? Reply with ONLY a number (the frequency in Hz). Nothing else. Output only the answer."
5000,0.0,oboe,instrument,64,90,0,0,0,0,E4,F#5,0,0,0,mi,fa#,0,0,0,90,F#5,fa#,1174.6,data/audio/pitchbench_a5_pitch_slightly_off/329p6hz_oboe_5000ms.wav,329p6hz_oboe_5000ms.wav,This audio contains a single sustained musical note that may be slightly out of tune. Identify the NEAREST in-tune pitch (the closest standard musical note). What is the MIDI note number (an integer from 0 to 127)? Reply with ONLY the integer. Nothing else. Output only the answer.,"This audio contains a single sustained musical note that may be slightly out of tune. Identify the NEAREST in-tune pitch (the closest standard musical note). What is the note name and octave? Reply with ONLY the note name in Scientific Pitch Notation (e.g. C4, F#3, Bb5). Nothing else. Output only the answer.","This audio contains a single sustained musical note that may be slightly out of tune. Identify the NEAREST in-tune pitch (the closest standard musical note). What is the solfege syllable and accidental (if needed) of this pitch? Use fixed-do (do=C, re=D, mi=E, fa=F, sol=G, la=A, si=B). Include sharps or flats when needed (e.g. do#, reb, fa#, sib). Do NOT include the octave. Reply with ONLY the syllable and accidental (if needed). Nothing else. Output only the answer.","This audio contains a single sustained musical note that may be slightly out of tune. Identify the NEAREST in-tune pitch (the closest standard musical note). What is the main pitch frequency, expressed in Hertz? Reply with ONLY a number (the frequency in Hz). Nothing else. Output only the answer."
5000,-2.7782,oboe,instrument,69,85,0,0,0,0,A4,B5,0,0,0,la,sol#,0,0,0,85,B5,sol#,1046.5,data/audio/pitchbench_a5_pitch_slightly_off/437p2hz_oboe_5000ms.wav,437p2hz_oboe_5000ms.wav,This audio contains a single sustained musical note that may be slightly out of tune. Identify the NEAREST in-tune pitch (the closest standard musical note). What is the MIDI note number (an integer from 0 to 127)? Reply with ONLY the integer. Nothing else. Output only the answer.,"This audio contains a single sustained musical note that may be slightly out of tune. Identify the NEAREST in-tune pitch (the closest standard musical note). What is the note name and octave? Reply with ONLY the note name in Scientific Pitch Notation (e.g. C4, F#3, Bb5). Nothing else. Output only the answer.","This audio contains a single sustained musical note that may be slightly out of tune. Identify the NEAREST in-tune pitch (the closest standard musical note). What is the solfege syllable and accidental (if needed) of this pitch? Use fixed-do (do=C, re=D, mi=E, fa=F, sol=G, la=A, si=B). Include sharps or flats when needed (e.g. do#, reb, fa#, sib). Do NOT include the octave. Reply with ONLY the syllable and accidental (if needed). Nothing else. Output only the answer.","This audio contains a single sustained musical note that may be slightly out of tune. Identify the NEAREST in-tune pitch (the closest standard musical note). What is the main pitch frequency, expressed in Hertz? Reply with ONLY a number (the frequency in Hz). Nothing else. Output only the answer."
5000,0.0,oboe,instrument,69,101,0,0,0,0,A4,B6,0,0,0,la,la#,0,0,0,101,B6,sib,1046.5,data/audio/pitchbench_a5_pitch_slightly_off/440p0hz_oboe_5000ms.wav,440p0hz_oboe_5000ms.wav,This audio contains a single sustained musical note that may be slightly out of tune. Identify the NEAREST in-tune pitch (the closest standard musical note). What is the MIDI note number (an integer from 0 to 127)? Reply with ONLY the integer. Nothing else. Output only the answer.,"This audio contains a single sustained musical note that may be slightly out of tune. Identify the NEAREST in-tune pitch (the closest standard musical note). What is the note name and octave? Reply with ONLY the note name in Scientific Pitch Notation (e.g. C4, F#3, Bb5). Nothing else. Output only the answer.","This audio contains a single sustained musical note that may be slightly out of tune. Identify the NEAREST in-tune pitch (the closest standard musical note). What is the solfege syllable and accidental (if needed) of this pitch? Use fixed-do (do=C, re=D, mi=E, fa=F, sol=G, la=A, si=B). Include sharps or flats when needed (e.g. do#, reb, fa#, sib). Do NOT include the octave. Reply with ONLY the syllable and accidental (if needed). Nothing else. Output only the answer.","This audio contains a single sustained musical note that may be slightly out of tune. Identify the NEAREST in-tune pitch (the closest standard musical note). What is the main pitch frequency, expressed in Hertz? Reply with ONLY a number (the frequency in Hz). Nothing else. Output only the answer."
5000,-9.9005,oboe,instrument,79,101,0,0,0,0,G5,C6,0,0,0,sol,sol#,0,0,0,101,C6,sol#,1046.5,data/audio/pitchbench_a5_pitch_slightly_off/774p1hz_oboe_5000ms.wav,774p1hz_oboe_5000ms.wav,This audio contains a single sustained musical note that may be slightly out of tune. Identify the NEAREST in-tune pitch (the closest standard musical note). What is the MIDI note number (an integer from 0 to 127)? Reply with ONLY the integer. Nothing else. Output only the answer.,"This audio contains a single sustained musical note that may be slightly out of tune. Identify the NEAREST in-tune pitch (the closest standard musical note). What is the note name and octave? Reply with ONLY the note name in Scientific Pitch Notation (e.g. C4, F#3, Bb5). Nothing else. Output only the answer.","This audio contains a single sustained musical note that may be slightly out of tune. Identify the NEAREST in-tune pitch (the closest standard musical note). What is the solfege syllable and accidental (if needed) of this pitch? Use fixed-do (do=C, re=D, mi=E, fa=F, sol=G, la=A, si=B). Include sharps or flats when needed (e.g. do#, reb, fa#, sib). Do NOT include the octave. Reply with ONLY the syllable and accidental (if needed). Nothing else. Output only the answer.","This audio contains a single sustained musical note that may be slightly out of tune. Identify the NEAREST in-tune pitch (the closest standard musical note). What is the main pitch frequency, expressed in Hertz? Reply with ONLY a number (the frequency in Hz). Nothing else. Output only the answer."
5000,0.0,oboe,instrument,79,81,0,0,0,1,G5,A6,0,0,0,sol,sol#,0,0,0,81,A6,sol#,1760.,data/audio/pitchbench_a5_pitch_slightly_off/784p0hz_oboe_5000ms.wav,784p0hz_oboe_5000ms.wav,This audio contains a single sustained musical note that may be slightly out of tune. Identify the NEAREST in-tune pitch (the closest standard musical note). What is the MIDI note number (an integer from 0 to 127)? Reply with ONLY the integer. Nothing else. Output only the answer.,"This audio contains a single sustained musical note that may be slightly out of tune. Identify the NEAREST in-tune pitch (the closest standard musical note). What is the note name and octave? Reply with ONLY the note name in Scientific Pitch Notation (e.g. C4, F#3, Bb5). Nothing else. Output only the answer.","This audio contains a single sustained musical note that may be slightly out of tune. Identify the NEAREST in-tune pitch (the closest standard musical note). What is the solfege syllable and accidental (if needed) of this pitch? Use fixed-do (do=C, re=D, mi=E, fa=F, sol=G, la=A, si=B). Include sharps or flats when needed (e.g. do#, reb, fa#, sib). Do NOT include the octave. Reply with ONLY the syllable and accidental (if needed). Nothing else. Output only the answer.","This audio contains a single sustained musical note that may be slightly out of tune. Identify the NEAREST in-tune pitch (the closest standard musical note). What is the main pitch frequency, expressed in Hertz? Reply with ONLY a number (the frequency in Hz). Nothing else. Output only the answer."
1000,0.8751,violin,instrument,36,40,0,0,0,1,C2,F2,0,0,1,do,sol#,0,1,1,40,F2,sol#,65.4,data/audio/pitchbench_a5_pitch_slightly_off/66p3hz_violin_1000ms.wav,66p3hz_violin_1000ms.wav,This audio contains a single sustained musical note that may be slightly out of tune. Identify the NEAREST in-tune pitch (the closest standard musical note). What is the MIDI note number (an integer from 0 to 127)? Reply with ONLY the integer. Nothing else. Output only the answer.,"This audio contains a single sustained musical note that may be slightly out of tune. Identify the NEAREST in-tune pitch (the closest standard musical note). What is the note name and octave? Reply with ONLY the note name in Scientific Pitch Notation (e.g. C4, F#3, Bb5). Nothing else. Output only the answer.","This audio contains a single sustained musical note that may be slightly out of tune. Identify the NEAREST in-tune pitch (the closest standard musical note). What is the solfege syllable and accidental (if needed) of this pitch? Use fixed-do (do=C, re=D, mi=E, fa=F, sol=G, la=A, si=B). Include sharps or flats when needed (e.g. do#, reb, fa#, sib). Do NOT include the octave. Reply with ONLY the syllable and accidental (if needed). Nothing else. Output only the answer.","This audio contains a single sustained musical note that may be slightly out of tune. Identify the NEAREST in-tune pitch (the closest standard musical note). What is the main pitch frequency, expressed in Hertz? Reply with ONLY a number (the frequency in Hz). Nothing else. Output only the answer."
1000,0.0,violin,instrument,36,36,1,1,1,1,C2,F2,0,0,1,do,sol#,0,0,1,36,F2,sol#,130.81,data/audio/pitchbench_a5_pitch_slightly_off/65p4hz_violin_1000ms.wav,65p4hz_violin_1000ms.wav,This audio contains a single sustained musical note that may be slightly out of tune. Identify the NEAREST in-tune pitch (the closest standard musical note). What is the MIDI note number (an integer from 0 to 127)? Reply with ONLY the integer. Nothing else. Output only the answer.,"This audio contains a single sustained musical note that may be slightly out of tune. Identify the NEAREST in-tune pitch (the closest standard musical note). What is the note name and octave? Reply with ONLY the note name in Scientific Pitch Notation (e.g. C4, F#3, Bb5). Nothing else. Output only the answer.","This audio contains a single sustained musical note that may be slightly out of tune. Identify the NEAREST in-tune pitch (the closest standard musical note). What is the solfege syllable and accidental (if needed) of this pitch? Use fixed-do (do=C, re=D, mi=E, fa=F, sol=G, la=A, si=B). Include sharps or flats when needed (e.g. do#, reb, fa#, sib). Do NOT include the octave. Reply with ONLY the syllable and accidental (if needed). Nothing else. Output only the answer.","This audio contains a single sustained musical note that may be slightly out of tune. Identify the NEAREST in-tune pitch (the closest standard musical note). What is the main pitch frequency, expressed in Hertz? Reply with ONLY a number (the frequency in Hz). Nothing else. Output only the answer."
1000,-0.6188,violin,instrument,43,41,0,0,0,1,G2,F2,0,0,1,sol,fa#,0,0,0,41,F2,fa#,103.8,data/audio/pitchbench_a5_pitch_slightly_off/97p4hz_violin_1000ms.wav,97p4hz_violin_1000ms.wav,This audio contains a single sustained musical note that may be slightly out of tune. Identify the NEAREST in-tune pitch (the closest standard musical note). What is the MIDI note number (an integer from 0 to 127)? Reply with ONLY the integer. Nothing else. Output only the answer.,"This audio contains a single sustained musical note that may be slightly out of tune. Identify the NEAREST in-tune pitch (the closest standard musical note). What is the note name and octave? Reply with ONLY the note name in Scientific Pitch Notation (e.g. C4, F#3, Bb5). Nothing else. Output only the answer.","This audio contains a single sustained musical note that may be slightly out of tune. Identify the NEAREST in-tune pitch (the closest standard musical note). What is the solfege syllable and accidental (if needed) of this pitch? Use fixed-do (do=C, re=D, mi=E, fa=F, sol=G, la=A, si=B). Include sharps or flats when needed (e.g. do#, reb, fa#, sib). Do NOT include the octave. Reply with ONLY the syllable and accidental (if needed). Nothing else. Output only the answer.","This audio contains a single sustained musical note that may be slightly out of tune. Identify the NEAREST in-tune pitch (the closest standard musical note). What is the main pitch frequency, expressed in Hertz? Reply with ONLY a number (the frequency in Hz). Nothing else. Output only the answer."
1000,0.0,violin,instrument,43,37,0,0,0,1,G2,F1,0,0,0,sol,fa#,0,0,0,37,F1,fa#,65,data/audio/pitchbench_a5_pitch_slightly_off/98p0hz_violin_1000ms.wav,98p0hz_violin_1000ms.wav,This audio contains a single sustained musical note that may be slightly out of tune. Identify the NEAREST in-tune pitch (the closest standard musical note). What is the MIDI note number (an integer from 0 to 127)? Reply with ONLY the integer. Nothing else. Output only the answer.,"This audio contains a single sustained musical note that may be slightly out of tune. Identify the NEAREST in-tune pitch (the closest standard musical note). What is the note name and octave? Reply with ONLY the note name in Scientific Pitch Notation (e.g. C4, F#3, Bb5). Nothing else. Output only the answer.","This audio contains a single sustained musical note that may be slightly out of tune. Identify the NEAREST in-tune pitch (the closest standard musical note). What is the solfege syllable and accidental (if needed) of this pitch? Use fixed-do (do=C, re=D, mi=E, fa=F, sol=G, la=A, si=B). Include sharps or flats when needed (e.g. do#, reb, fa#, sib). Do NOT include the octave. Reply with ONLY the syllable and accidental (if needed). Nothing else. Output only the answer.","This audio contains a single sustained musical note that may be slightly out of tune. Identify the NEAREST in-tune pitch (the closest standard musical note). What is the main pitch frequency, expressed in Hertz? Reply with ONLY a number (the frequency in Hz). Nothing else. Output only the answer."
1000,1.3111,violin,instrument,43,29,0,0,0,0,G2,F1,0,0,0,sol,fa#,0,0,0,29,F1,fa#,65.4,data/audio/pitchbench_a5_pitch_slightly_off/99p3hz_violin_1000ms.wav,99p3hz_violin_1000ms.wav,This audio contains a single sustained musical note that may be slightly out of tune. Identify the NEAREST in-tune pitch (the closest standard musical note). What is the MIDI note number (an integer from 0 to 127)? Reply with ONLY the integer. Nothing else. Output only the answer.,"This audio contains a single sustained musical note that may be slightly out of tune. Identify the NEAREST in-tune pitch (the closest standard musical note). What is the note name and octave? Reply with ONLY the note name in Scientific Pitch Notation (e.g. C4, F#3, Bb5). Nothing else. Output only the answer.","This audio contains a single sustained musical note that may be slightly out of tune. Identify the NEAREST in-tune pitch (the closest standard musical note). What is the solfege syllable and accidental (if needed) of this pitch? Use fixed-do (do=C, re=D, mi=E, fa=F, sol=G, la=A, si=B). Include sharps or flats when needed (e.g. do#, reb, fa#, sib). Do NOT include the octave. Reply with ONLY the syllable and accidental (if needed). Nothing else. Output only the answer.","This audio contains a single sustained musical note that may be slightly out of tune. Identify the NEAREST in-tune pitch (the closest standard musical note). What is the main pitch frequency, expressed in Hertz? Reply with ONLY a number (the frequency in Hz). Nothing else. Output only the answer."
1000,0.0,violin,instrument,43,36,0,0,0,1,G2,F2,0,0,1,sol,fa#,0,0,0,36,F2,fa#,65.41,data/audio/pitchbench_a5_pitch_slightly_off/98p0hz_violin_1000ms.wav,98p0hz_violin_1000ms.wav,This audio contains a single sustained musical note that may be slightly out of tune. Identify the NEAREST in-tune pitch (the closest standard musical note). What is the MIDI note number (an integer from 0 to 127)? Reply with ONLY the integer. Nothing else. Output only the answer.,"This audio contains a single sustained musical note that may be slightly out of tune. Identify the NEAREST in-tune pitch (the closest standard musical note). What is the note name and octave? Reply with ONLY the note name in Scientific Pitch Notation (e.g. C4, F#3, Bb5). Nothing else. Output only the answer.","This audio contains a single sustained musical note that may be slightly out of tune. Identify the NEAREST in-tune pitch (the closest standard musical note). What is the solfege syllable and accidental (if needed) of this pitch? Use fixed-do (do=C, re=D, mi=E, fa=F, sol=G, la=A, si=B). Include sharps or flats when needed (e.g. do#, reb, fa#, sib). Do NOT include the octave. Reply with ONLY the syllable and accidental (if needed). Nothing else. Output only the answer.","This audio contains a single sustained musical note that may be slightly out of tune. Identify the NEAREST in-tune pitch (the closest standard musical note). What is the main pitch frequency, expressed in Hertz? Reply with ONLY a number (the frequency in Hz). Nothing else. Output only the answer."
1000,0.8751,violin,instrument,48,38,0,0,0,0,C3,F2,0,0,0,do,sol#,0,0,0,38,F2,sol#,110.00,data/audio/pitchbench_a5_pitch_slightly_off/131p7hz_violin_1000ms.wav,131p7hz_violin_1000ms.wav,This audio contains a single sustained musical note that may be slightly out of tune. Identify the NEAREST in-tune pitch (the closest standard musical note). What is the MIDI note number (an integer from 0 to 127)? Reply with ONLY the integer. Nothing else. Output only the answer.,"This audio contains a single sustained musical note that may be slightly out of tune. Identify the NEAREST in-tune pitch (the closest standard musical note). What is the note name and octave? Reply with ONLY the note name in Scientific Pitch Notation (e.g. C4, F#3, Bb5). Nothing else. Output only the answer.","This audio contains a single sustained musical note that may be slightly out of tune. Identify the NEAREST in-tune pitch (the closest standard musical note). What is the solfege syllable and accidental (if needed) of this pitch? Use fixed-do (do=C, re=D, mi=E, fa=F, sol=G, la=A, si=B). Include sharps or flats when needed (e.g. do#, reb, fa#, sib). Do NOT include the octave. Reply with ONLY the syllable and accidental (if needed). Nothing else. Output only the answer.","This audio contains a single sustained musical note that may be slightly out of tune. Identify the NEAREST in-tune pitch (the closest standard musical note). What is the main pitch frequency, expressed in Hertz? Reply with ONLY a number (the frequency in Hz). Nothing else. Output only the answer."
1000,0.0,violin,instrument,48,41,0,0,0,0,C3,F2,0,0,0,do,sol#,0,0,0,41,F2,sol#,65.41,data/audio/pitchbench_a5_pitch_slightly_off/130p8hz_violin_1000ms.wav,130p8hz_violin_1000ms.wav,This audio contains a single sustained musical note that may be slightly out of tune. Identify the NEAREST in-tune pitch (the closest standard musical note). What is the MIDI note number (an integer from 0 to 127)? Reply with ONLY the integer. Nothing else. Output only the answer.,"This audio contains a single sustained musical note that may be slightly out of tune. Identify the NEAREST in-tune pitch (the closest standard musical note). What is the note name and octave? Reply with ONLY the note name in Scientific Pitch Notation (e.g. C4, F#3, Bb5). Nothing else. Output only the answer.","This audio contains a single sustained musical note that may be slightly out of tune. Identify the NEAREST in-tune pitch (the closest standard musical note). What is the solfege syllable and accidental (if needed) of this pitch? Use fixed-do (do=C, re=D, mi=E, fa=F, sol=G, la=A, si=B). Include sharps or flats when needed (e.g. do#, reb, fa#, sib). Do NOT include the octave. Reply with ONLY the syllable and accidental (if needed). Nothing else. Output only the answer.","This audio contains a single sustained musical note that may be slightly out of tune. Identify the NEAREST in-tune pitch (the closest standard musical note). What is the main pitch frequency, expressed in Hertz? Reply with ONLY a number (the frequency in Hz). Nothing else. Output only the answer."
5000,1.7502,violin,instrument,48,50,0,0,0,1,C3,F2,0,0,0,do,fa#,0,0,0,50,F2,fa#,110.00,data/audio/pitchbench_a5_pitch_slightly_off/132p6hz_violin_5000ms.wav,132p6hz_violin_5000ms.wav,This audio contains a single sustained musical note that may be slightly out of tune. Identify the NEAREST in-tune pitch (the closest standard musical note). What is the MIDI note number (an integer from 0 to 127)? Reply with ONLY the integer. Nothing else. Output only the answer.,"This audio contains a single sustained musical note that may be slightly out of tune. Identify the NEAREST in-tune pitch (the closest standard musical note). What is the note name and octave? Reply with ONLY the note name in Scientific Pitch Notation (e.g. C4, F#3, Bb5). Nothing else. Output only the answer.","This audio contains a single sustained musical note that may be slightly out of tune. Identify the NEAREST in-tune pitch (the closest standard musical note). What is the solfege syllable and accidental (if needed) of this pitch? Use fixed-do (do=C, re=D, mi=E, fa=F, sol=G, la=A, si=B). Include sharps or flats when needed (e.g. do#, reb, fa#, sib). Do NOT include the octave. Reply with ONLY the syllable and accidental (if needed). Nothing else. Output only the answer.","This audio contains a single sustained musical note that may be slightly out of tune. Identify the NEAREST in-tune pitch (the closest standard musical note). What is the main pitch frequency, expressed in Hertz? Reply with ONLY a number (the frequency in Hz). Nothing else. Output only the answer."
5000,0.0,violin,instrument,48,50,0,0,0,1,C3,F2,0,0,0,do,fa#,0,0,0,50,F2,fa#,138.59,data/audio/pitchbench_a5_pitch_slightly_off/130p8hz_violin_5000ms.wav,130p8hz_violin_5000ms.wav,This audio contains a single sustained musical note that may be slightly out of tune. Identify the NEAREST in-tune pitch (the closest standard musical note). What is the MIDI note number (an integer from 0 to 127)? Reply with ONLY the integer. Nothing else. Output only the answer.,"This audio contains a single sustained musical note that may be slightly out of tune. Identify the NEAREST in-tune pitch (the closest standard musical note). What is the note name and octave? Reply with ONLY the note name in Scientific Pitch Notation (e.g. C4, F#3, Bb5). Nothing else. Output only the answer.","This audio contains a single sustained musical note that may be slightly out of tune. Identify the NEAREST in-tune pitch (the closest standard musical note). What is the solfege syllable and accidental (if needed) of this pitch? Use fixed-do (do=C, re=D, mi=E, fa=F, sol=G, la=A, si=B). Include sharps or flats when needed (e.g. do#, reb, fa#, sib). Do NOT include the octave. Reply with ONLY the syllable and accidental (if needed). Nothing else. Output only the answer.","This audio contains a single sustained musical note that may be slightly out of tune. Identify the NEAREST in-tune pitch (the closest standard musical note). What is the main pitch frequency, expressed in Hertz? Reply with ONLY a number (the frequency in Hz). Nothing else. Output only the answer."
5000,-2.3362,violin,instrument,54,47,0,0,0,0,F#3,G#4,0,0,0,fa#,sol#,0,0,0,47,G#4,sol#,65.4,data/audio/pitchbench_a5_pitch_slightly_off/182p7hz_violin_5000ms.wav,182p7hz_violin_5000ms.wav,This audio contains a single sustained musical note that may be slightly out of tune. Identify the NEAREST in-tune pitch (the closest standard musical note). What is the MIDI note number (an integer from 0 to 127)? Reply with ONLY the integer. Nothing else. Output only the answer.,"This audio contains a single sustained musical note that may be slightly out of tune. Identify the NEAREST in-tune pitch (the closest standard musical note). What is the note name and octave? Reply with ONLY the note name in Scientific Pitch Notation (e.g. C4, F#3, Bb5). Nothing else. Output only the answer.","This audio contains a single sustained musical note that may be slightly out of tune. Identify the NEAREST in-tune pitch (the closest standard musical note). What is the solfege syllable and accidental (if needed) of this pitch? Use fixed-do (do=C, re=D, mi=E, fa=F, sol=G, la=A, si=B). Include sharps or flats when needed (e.g. do#, reb, fa#, sib). Do NOT include the octave. Reply with ONLY the syllable and accidental (if needed). Nothing else. Output only the answer.","This audio contains a single sustained musical note that may be slightly out of tune. Identify the NEAREST in-tune pitch (the closest standard musical note). What is the main pitch frequency, expressed in Hertz? Reply with ONLY a number (the frequency in Hz). Nothing else. Output only the answer."
5000,0.0,violin,instrument,54,66,0,0,1,0,F#3,F#4,0,1,0,fa#,sol#,0,0,0,66,F#4,sol#,138.59,data/audio/pitchbench_a5_pitch_slightly_off/185p0hz_violin_5000ms.wav,185p0hz_violin_5000ms.wav,This audio contains a single sustained musical note that may be slightly out of tune. Identify the NEAREST in-tune pitch (the closest standard musical note). What is the MIDI note number (an integer from 0 to 127)? Reply with ONLY the integer. Nothing else. Output only the answer.,"This audio contains a single sustained musical note that may be slightly out of tune. Identify the NEAREST in-tune pitch (the closest standard musical note). What is the note name and octave? Reply with ONLY the note name in Scientific Pitch Notation (e.g. C4, F#3, Bb5). Nothing else. Output only the answer.","This audio contains a single sustained musical note that may be slightly out of tune. Identify the NEAREST in-tune pitch (the closest standard musical note). What is the solfege syllable and accidental (if needed) of this pitch? Use fixed-do (do=C, re=D, mi=E, fa=F, sol=G, la=A, si=B). Include sharps or flats when needed (e.g. do#, reb, fa#, sib). Do NOT include the octave. Reply with ONLY the syllable and accidental (if needed). Nothing else. Output only the answer.","This audio contains a single sustained musical note that may be slightly out of tune. Identify the NEAREST in-tune pitch (the closest standard musical note). What is the main pitch frequency, expressed in Hertz? Reply with ONLY a number (the frequency in Hz). Nothing else. Output only the answer."
5000,2.4751,violin,instrument,54,68,0,0,0,0,F#3,D#4,0,0,0,fa#,sol#,0,0,0,68,D#4,sol#,138.59,data/audio/pitchbench_a5_pitch_slightly_off/187p5hz_violin_5000ms.wav,187p5hz_violin_5000ms.wav,This audio contains a single sustained musical note that may be slightly out of tune. Identify the NEAREST in-tune pitch (the closest standard musical note). What is the MIDI note number (an integer from 0 to 127)? Reply with ONLY the integer. Nothing else. Output only the answer.,"This audio contains a single sustained musical note that may be slightly out of tune. Identify the NEAREST in-tune pitch (the closest standard musical note). What is the note name and octave? Reply with ONLY the note name in Scientific Pitch Notation (e.g. C4, F#3, Bb5). Nothing else. Output only the answer.","This audio contains a single sustained musical note that may be slightly out of tune. Identify the NEAREST in-tune pitch (the closest standard musical note). What is the solfege syllable and accidental (if needed) of this pitch? Use fixed-do (do=C, re=D, mi=E, fa=F, sol=G, la=A, si=B). Include sharps or flats when needed (e.g. do#, reb, fa#, sib). Do NOT include the octave. Reply with ONLY the syllable and accidental (if needed). Nothing else. Output only the answer.","This audio contains a single sustained musical note that may be slightly out of tune. Identify the NEAREST in-tune pitch (the closest standard musical note). What is the main pitch frequency, expressed in Hertz? Reply with ONLY a number (the frequency in Hz). Nothing else. Output only the answer."
5000,0.0,violin,instrument,54,68,0,0,0,0,F#3,F#4,0,1,0,fa#,sol#,0,0,0,68,F#4,sol#,10,data/audio/pitchbench_a5_pitch_slightly_off/185p0hz_violin_5000ms.wav,185p0hz_violin_5000ms.wav,This audio contains a single sustained musical note that may be slightly out of tune. Identify the NEAREST in-tune pitch (the closest standard musical note). What is the MIDI note number (an integer from 0 to 127)? Reply with ONLY the integer. Nothing else. Output only the answer.,"This audio contains a single sustained musical note that may be slightly out of tune. Identify the NEAREST in-tune pitch (the closest standard musical note). What is the note name and octave? Reply with ONLY the note name in Scientific Pitch Notation (e.g. C4, F#3, Bb5). Nothing else. Output only the answer.","This audio contains a single sustained musical note that may be slightly out of tune. Identify the NEAREST in-tune pitch (the closest standard musical note). What is the solfege syllable and accidental (if needed) of this pitch? Use fixed-do (do=C, re=D, mi=E, fa=F, sol=G, la=A, si=B). Include sharps or flats when needed (e.g. do#, reb, fa#, sib). Do NOT include the octave. Reply with ONLY the syllable and accidental (if needed). Nothing else. Output only the answer.","This audio contains a single sustained musical note that may be slightly out of tune. Identify the NEAREST in-tune pitch (the closest standard musical note). What is the main pitch frequency, expressed in Hertz? Reply with ONLY a number (the frequency in Hz). Nothing else. Output only the answer."
1000,1.7502,violin,instrument,60,75,0,0,0,0,C4,D6,0,0,0,do,mi,0,0,0,75,D6,mi,659.25,data/audio/pitchbench_a5_pitch_slightly_off/263p4hz_violin_1000ms.wav,263p4hz_violin_1000ms.wav,This audio contains a single sustained musical note that may be slightly out of tune. Identify the NEAREST in-tune pitch (the closest standard musical note). What is the MIDI note number (an integer from 0 to 127)? Reply with ONLY the integer. Nothing else. Output only the answer.,"This audio contains a single sustained musical note that may be slightly out of tune. Identify the NEAREST in-tune pitch (the closest standard musical note). What is the note name and octave? Reply with ONLY the note name in Scientific Pitch Notation (e.g. C4, F#3, Bb5). Nothing else. Output only the answer.","This audio contains a single sustained musical note that may be slightly out of tune. Identify the NEAREST in-tune pitch (the closest standard musical note). What is the solfege syllable and accidental (if needed) of this pitch? Use fixed-do (do=C, re=D, mi=E, fa=F, sol=G, la=A, si=B). Include sharps or flats when needed (e.g. do#, reb, fa#, sib). Do NOT include the octave. Reply with ONLY the syllable and accidental (if needed). Nothing else. Output only the answer.","This audio contains a single sustained musical note that may be slightly out of tune. Identify the NEAREST in-tune pitch (the closest standard musical note). What is the main pitch frequency, expressed in Hertz? Reply with ONLY a number (the frequency in Hz). Nothing else. Output only the answer."
1000,0.0,violin,instrument,60,76,0,0,0,0,C4,E6,0,0,0,do,mi,0,0,0,76,E6,mi,6,data/audio/pitchbench_a5_pitch_slightly_off/261p6hz_violin_1000ms.wav,261p6hz_violin_1000ms.wav,This audio contains a single sustained musical note that may be slightly out of tune. Identify the NEAREST in-tune pitch (the closest standard musical note). What is the MIDI note number (an integer from 0 to 127)? Reply with ONLY the integer. Nothing else. Output only the answer.,"This audio contains a single sustained musical note that may be slightly out of tune. Identify the NEAREST in-tune pitch (the closest standard musical note). What is the note name and octave? Reply with ONLY the note name in Scientific Pitch Notation (e.g. C4, F#3, Bb5). Nothing else. Output only the answer.","This audio contains a single sustained musical note that may be slightly out of tune. Identify the NEAREST in-tune pitch (the closest standard musical note). What is the solfege syllable and accidental (if needed) of this pitch? Use fixed-do (do=C, re=D, mi=E, fa=F, sol=G, la=A, si=B). Include sharps or flats when needed (e.g. do#, reb, fa#, sib). Do NOT include the octave. Reply with ONLY the syllable and accidental (if needed). Nothing else. Output only the answer.","This audio contains a single sustained musical note that may be slightly out of tune. Identify the NEAREST in-tune pitch (the closest standard musical note). What is the main pitch frequency, expressed in Hertz? Reply with ONLY a number (the frequency in Hz). Nothing else. Output only the answer."
5000,-9.9005,violin,instrument,79,101,0,0,0,0,G5,A6,0,0,0,sol,sol#,0,0,0,101,A6,sol#,1046,data/audio/pitchbench_a5_pitch_slightly_off/774p1hz_violin_5000ms.wav,774p1hz_violin_5000ms.wav,This audio contains a single sustained musical note that may be slightly out of tune. Identify the NEAREST in-tune pitch (the closest standard musical note). What is the MIDI note number (an integer from 0 to 127)? Reply with ONLY the integer. Nothing else. Output only the answer.,"This audio contains a single sustained musical note that may be slightly out of tune. Identify the NEAREST in-tune pitch (the closest standard musical note). What is the note name and octave? Reply with ONLY the note name in Scientific Pitch Notation (e.g. C4, F#3, Bb5). Nothing else. Output only the answer.","This audio contains a single sustained musical note that may be slightly out of tune. Identify the NEAREST in-tune pitch (the closest standard musical note). What is the solfege syllable and accidental (if needed) of this pitch? Use fixed-do (do=C, re=D, mi=E, fa=F, sol=G, la=A, si=B). Include sharps or flats when needed (e.g. do#, reb, fa#, sib). Do NOT include the octave. Reply with ONLY the syllable and accidental (if needed). Nothing else. Output only the answer.","This audio contains a single sustained musical note that may be slightly out of tune. Identify the NEAREST in-tune pitch (the closest standard musical note). What is the main pitch frequency, expressed in Hertz? Reply with ONLY a number (the frequency in Hz). Nothing else. Output only the answer."
5000,0.0,violin,instrument,79,101,0,0,0,0,G5,A6,0,0,0,sol,sol#,0,0,0,101,A6,sol#,1046,data/audio/pitchbench_a5_pitch_slightly_off/784p0hz_violin_5000ms.wav,784p0hz_violin_5000ms.wav,This audio contains a single sustained musical note that may be slightly out of tune. Identify the NEAREST in-tune pitch (the closest standard musical note). What is the MIDI note number (an integer from 0 to 127)? Reply with ONLY the integer. Nothing else. Output only the answer.,"This audio contains a single sustained musical note that may be slightly out of tune. Identify the NEAREST in-tune pitch (the closest standard musical note). What is the note name and octave? Reply with ONLY the note name in Scientific Pitch Notation (e.g. C4, F#3, Bb5). Nothing else. Output only the answer.","This audio contains a single sustained musical note that may be slightly out of tune. Identify the NEAREST in-tune pitch (the closest standard musical note). What is the solfege syllable and accidental (if needed) of this pitch? Use fixed-do (do=C, re=D, mi=E, fa=F, sol=G, la=A, si=B). Include sharps or flats when needed (e.g. do#, reb, fa#, sib). Do NOT include the octave. Reply with ONLY the syllable and accidental (if needed). Nothing else. Output only the answer.","This audio contains a single sustained musical note that may be slightly out of tune. Identify the NEAREST in-tune pitch (the closest standard musical note). What is the main pitch frequency, expressed in Hertz? Reply with ONLY a number (the frequency in Hz). Nothing else. Output only the answer."
5000,0.3094,cello,instrument,30,41,0,0,0,0,F#1,C2,0,0,0,fa#,fa#,1,0,1,41,C2,fa#,130.8,data/audio/pitchbench_a5_pitch_slightly_off/46p6hz_cello_5000ms.wav,46p6hz_cello_5000ms.wav,This audio contains a single sustained musical note that may be slightly out of tune. Identify the NEAREST in-tune pitch (the closest standard musical note). What is the MIDI note number (an integer from 0 to 127)? Reply with ONLY the integer. Nothing else. Output only the answer.,"This audio contains a single sustained musical note that may be slightly out of tune. Identify the NEAREST in-tune pitch (the closest standard musical note). What is the note name and octave? Reply with ONLY the note name in Scientific Pitch Notation (e.g. C4, F#3, Bb5). Nothing else. Output only the answer.","This audio contains a single sustained musical note that may be slightly out of tune. Identify the NEAREST in-tune pitch (the closest standard musical note). What is the solfege syllable and accidental (if needed) of this pitch? Use fixed-do (do=C, re=D, mi=E, fa=F, sol=G, la=A, si=B). Include sharps or flats when needed (e.g. do#, reb, fa#, sib). Do NOT include the octave. Reply with ONLY the syllable and accidental (if needed). Nothing else. Output only the answer.","This audio contains a single sustained musical note that may be slightly out of tune. Identify the NEAREST in-tune pitch (the closest standard musical note). What is the main pitch frequency, expressed in Hertz? Reply with ONLY a number (the frequency in Hz). Nothing else. Output only the answer."
5000,0.0,cello,instrument,30,41,0,0,0,0,F#1,F2,0,0,0,fa#,fa#,1,0,1,41,F2,fa#,87.31,data/audio/pitchbench_a5_pitch_slightly_off/46p2hz_cello_5000ms.wav,46p2hz_cello_5000ms.wav,This audio contains a single sustained musical note that may be slightly out of tune. Identify the NEAREST in-tune pitch (the closest standard musical note). What is the MIDI note number (an integer from 0 to 127)? Reply with ONLY the integer. Nothing else. Output only the answer.,"This audio contains a single sustained musical note that may be slightly out of tune. Identify the NEAREST in-tune pitch (the closest standard musical note). What is the note name and octave? Reply with ONLY the note name in Scientific Pitch Notation (e.g. C4, F#3, Bb5). Nothing else. Output only the answer.","This audio contains a single sustained musical note that may be slightly out of tune. Identify the NEAREST in-tune pitch (the closest standard musical note). What is the solfege syllable and accidental (if needed) of this pitch? Use fixed-do (do=C, re=D, mi=E, fa=F, sol=G, la=A, si=B). Include sharps or flats when needed (e.g. do#, reb, fa#, sib). Do NOT include the octave. Reply with ONLY the syllable and accidental (if needed). Nothing else. Output only the answer.","This audio contains a single sustained musical note that may be slightly out of tune. Identify the NEAREST in-tune pitch (the closest standard musical note). What is the main pitch frequency, expressed in Hertz? Reply with ONLY a number (the frequency in Hz). Nothing else. Output only the answer."
1000,-0.413,cello,instrument,36,41,0,0,0,1,C2,F2,0,0,1,do,,0,1,1,41,F2,": # for sharp,",65.,data/audio/pitchbench_a5_pitch_slightly_off/65p0hz_cello_1000ms.wav,65p0hz_cello_1000ms.wav,This audio contains a single sustained musical note that may be slightly out of tune. Identify the NEAREST in-tune pitch (the closest standard musical note). What is the MIDI note number (an integer from 0 to 127)? Reply with ONLY the integer. Nothing else. Output only the answer.,"This audio contains a single sustained musical note that may be slightly out of tune. Identify the NEAREST in-tune pitch (the closest standard musical note). What is the note name and octave? Reply with ONLY the note name in Scientific Pitch Notation (e.g. C4, F#3, Bb5). Nothing else. Output only the answer.","This audio contains a single sustained musical note that may be slightly out of tune. Identify the NEAREST in-tune pitch (the closest standard musical note). What is the solfege syllable and accidental (if needed) of this pitch? Use fixed-do (do=C, re=D, mi=E, fa=F, sol=G, la=A, si=B). Include sharps or flats when needed (e.g. do#, reb, fa#, sib). Do NOT include the octave. Reply with ONLY the syllable and accidental (if needed). Nothing else. Output only the answer.","This audio contains a single sustained musical note that may be slightly out of tune. Identify the NEAREST in-tune pitch (the closest standard musical note). What is the main pitch frequency, expressed in Hertz? Reply with ONLY a number (the frequency in Hz). Nothing else. Output only the answer."
1000,0.0,cello,instrument,36,36,1,1,1,1,C2,F#4,0,0,0,do,sol#,0,0,1,36,F#4,sol#,1046.,data/audio/pitchbench_a5_pitch_slightly_off/65p4hz_cello_1000ms.wav,65p4hz_cello_1000ms.wav,This audio contains a single sustained musical note that may be slightly out of tune. Identify the NEAREST in-tune pitch (the closest standard musical note). What is the MIDI note number (an integer from 0 to 127)? Reply with ONLY the integer. Nothing else. Output only the answer.,"This audio contains a single sustained musical note that may be slightly out of tune. Identify the NEAREST in-tune pitch (the closest standard musical note). What is the note name and octave? Reply with ONLY the note name in Scientific Pitch Notation (e.g. C4, F#3, Bb5). Nothing else. Output only the answer.","This audio contains a single sustained musical note that may be slightly out of tune. Identify the NEAREST in-tune pitch (the closest standard musical note). What is the solfege syllable and accidental (if needed) of this pitch? Use fixed-do (do=C, re=D, mi=E, fa=F, sol=G, la=A, si=B). Include sharps or flats when needed (e.g. do#, reb, fa#, sib). Do NOT include the octave. Reply with ONLY the syllable and accidental (if needed). Nothing else. Output only the answer.","This audio contains a single sustained musical note that may be slightly out of tune. Identify the NEAREST in-tune pitch (the closest standard musical note). What is the main pitch frequency, expressed in Hertz? Reply with ONLY a number (the frequency in Hz). Nothing else. Output only the answer."
5000,-0.826,cello,instrument,36,36,1,1,1,1,C2,F2,0,0,1,do,sol#,0,0,1,36,F2,sol#,138.59,data/audio/pitchbench_a5_pitch_slightly_off/64p6hz_cello_5000ms.wav,64p6hz_cello_5000ms.wav,This audio contains a single sustained musical note that may be slightly out of tune. Identify the NEAREST in-tune pitch (the closest standard musical note). What is the MIDI note number (an integer from 0 to 127)? Reply with ONLY the integer. Nothing else. Output only the answer.,"This audio contains a single sustained musical note that may be slightly out of tune. Identify the NEAREST in-tune pitch (the closest standard musical note). What is the note name and octave? Reply with ONLY the note name in Scientific Pitch Notation (e.g. C4, F#3, Bb5). Nothing else. Output only the answer.","This audio contains a single sustained musical note that may be slightly out of tune. Identify the NEAREST in-tune pitch (the closest standard musical note). What is the solfege syllable and accidental (if needed) of this pitch? Use fixed-do (do=C, re=D, mi=E, fa=F, sol=G, la=A, si=B). Include sharps or flats when needed (e.g. do#, reb, fa#, sib). Do NOT include the octave. Reply with ONLY the syllable and accidental (if needed). Nothing else. Output only the answer.","This audio contains a single sustained musical note that may be slightly out of tune. Identify the NEAREST in-tune pitch (the closest standard musical note). What is the main pitch frequency, expressed in Hertz? Reply with ONLY a number (the frequency in Hz). Nothing else. Output only the answer."
5000,0.0,cello,instrument,36,41,0,0,0,1,C2,G2,0,0,1,do,sol#,0,0,0,41,G2,sol#,constraint:* I am an AI,data/audio/pitchbench_a5_pitch_slightly_off/65p4hz_cello_5000ms.wav,65p4hz_cello_5000ms.wav,This audio contains a single sustained musical note that may be slightly out of tune. Identify the NEAREST in-tune pitch (the closest standard musical note). What is the MIDI note number (an integer from 0 to 127)? Reply with ONLY the integer. Nothing else. Output only the answer.,"This audio contains a single sustained musical note that may be slightly out of tune. Identify the NEAREST in-tune pitch (the closest standard musical note). What is the note name and octave? Reply with ONLY the note name in Scientific Pitch Notation (e.g. C4, F#3, Bb5). Nothing else. Output only the answer.","This audio contains a single sustained musical note that may be slightly out of tune. Identify the NEAREST in-tune pitch (the closest standard musical note). What is the solfege syllable and accidental (if needed) of this pitch? Use fixed-do (do=C, re=D, mi=E, fa=F, sol=G, la=A, si=B). Include sharps or flats when needed (e.g. do#, reb, fa#, sib). Do NOT include the octave. Reply with ONLY the syllable and accidental (if needed). Nothing else. Output only the answer.","This audio contains a single sustained musical note that may be slightly out of tune. Identify the NEAREST in-tune pitch (the closest standard musical note). What is the main pitch frequency, expressed in Hertz? Reply with ONLY a number (the frequency in Hz). Nothing else. Output only the answer."
5000,2.4751,cello,instrument,54,41,0,0,0,0,F#3,F#2,0,1,0,fa#,fa#,1,0,1,41,F#2,fa#,139.6,data/audio/pitchbench_a5_pitch_slightly_off/187p5hz_cello_5000ms.wav,187p5hz_cello_5000ms.wav,This audio contains a single sustained musical note that may be slightly out of tune. Identify the NEAREST in-tune pitch (the closest standard musical note). What is the MIDI note number (an integer from 0 to 127)? Reply with ONLY the integer. Nothing else. Output only the answer.,"This audio contains a single sustained musical note that may be slightly out of tune. Identify the NEAREST in-tune pitch (the closest standard musical note). What is the note name and octave? Reply with ONLY the note name in Scientific Pitch Notation (e.g. C4, F#3, Bb5). Nothing else. Output only the answer.","This audio contains a single sustained musical note that may be slightly out of tune. Identify the NEAREST in-tune pitch (the closest standard musical note). What is the solfege syllable and accidental (if needed) of this pitch? Use fixed-do (do=C, re=D, mi=E, fa=F, sol=G, la=A, si=B). Include sharps or flats when needed (e.g. do#, reb, fa#, sib). Do NOT include the octave. Reply with ONLY the syllable and accidental (if needed). Nothing else. Output only the answer.","This audio contains a single sustained musical note that may be slightly out of tune. Identify the NEAREST in-tune pitch (the closest standard musical note). What is the main pitch frequency, expressed in Hertz? Reply with ONLY a number (the frequency in Hz). Nothing else. Output only the answer."
5000,0.0,cello,instrument,54,41,0,0,0,0,F#3,F#4,0,1,0,fa#,sol#,0,0,0,41,F#4,sol#,139.6,data/audio/pitchbench_a5_pitch_slightly_off/185p0hz_cello_5000ms.wav,185p0hz_cello_5000ms.wav,This audio contains a single sustained musical note that may be slightly out of tune. Identify the NEAREST in-tune pitch (the closest standard musical note). What is the MIDI note number (an integer from 0 to 127)? Reply with ONLY the integer. Nothing else. Output only the answer.,"This audio contains a single sustained musical note that may be slightly out of tune. Identify the NEAREST in-tune pitch (the closest standard musical note). What is the note name and octave? Reply with ONLY the note name in Scientific Pitch Notation (e.g. C4, F#3, Bb5). Nothing else. Output only the answer.","This audio contains a single sustained musical note that may be slightly out of tune. Identify the NEAREST in-tune pitch (the closest standard musical note). What is the solfege syllable and accidental (if needed) of this pitch? Use fixed-do (do=C, re=D, mi=E, fa=F, sol=G, la=A, si=B). Include sharps or flats when needed (e.g. do#, reb, fa#, sib). Do NOT include the octave. Reply with ONLY the syllable and accidental (if needed). Nothing else. Output only the answer.","This audio contains a single sustained musical note that may be slightly out of tune. Identify the NEAREST in-tune pitch (the closest standard musical note). What is the main pitch frequency, expressed in Hertz? Reply with ONLY a number (the frequency in Hz). Nothing else. Output only the answer."
5000,-3.3039,cello,instrument,60,83,0,0,0,0,C4,A4,0,0,1,do,do#,0,0,0,83,A4,"examples: do#, reb",1108.,data/audio/pitchbench_a5_pitch_slightly_off/258p3hz_cello_5000ms.wav,258p3hz_cello_5000ms.wav,This audio contains a single sustained musical note that may be slightly out of tune. Identify the NEAREST in-tune pitch (the closest standard musical note). What is the MIDI note number (an integer from 0 to 127)? Reply with ONLY the integer. Nothing else. Output only the answer.,"This audio contains a single sustained musical note that may be slightly out of tune. Identify the NEAREST in-tune pitch (the closest standard musical note). What is the note name and octave? Reply with ONLY the note name in Scientific Pitch Notation (e.g. C4, F#3, Bb5). Nothing else. Output only the answer.","This audio contains a single sustained musical note that may be slightly out of tune. Identify the NEAREST in-tune pitch (the closest standard musical note). What is the solfege syllable and accidental (if needed) of this pitch? Use fixed-do (do=C, re=D, mi=E, fa=F, sol=G, la=A, si=B). Include sharps or flats when needed (e.g. do#, reb, fa#, sib). Do NOT include the octave. Reply with ONLY the syllable and accidental (if needed). Nothing else. Output only the answer.","This audio contains a single sustained musical note that may be slightly out of tune. Identify the NEAREST in-tune pitch (the closest standard musical note). What is the main pitch frequency, expressed in Hertz? Reply with ONLY a number (the frequency in Hz). Nothing else. Output only the answer."
5000,0.0,cello,instrument,60,74,0,0,0,0,C4,F5,0,0,0,do,fa#,0,0,0,74,F5,fa#,1046,data/audio/pitchbench_a5_pitch_slightly_off/261p6hz_cello_5000ms.wav,261p6hz_cello_5000ms.wav,This audio contains a single sustained musical note that may be slightly out of tune. Identify the NEAREST in-tune pitch (the closest standard musical note). What is the MIDI note number (an integer from 0 to 127)? Reply with ONLY the integer. Nothing else. Output only the answer.,"This audio contains a single sustained musical note that may be slightly out of tune. Identify the NEAREST in-tune pitch (the closest standard musical note). What is the note name and octave? Reply with ONLY the note name in Scientific Pitch Notation (e.g. C4, F#3, Bb5). Nothing else. Output only the answer.","This audio contains a single sustained musical note that may be slightly out of tune. Identify the NEAREST in-tune pitch (the closest standard musical note). What is the solfege syllable and accidental (if needed) of this pitch? Use fixed-do (do=C, re=D, mi=E, fa=F, sol=G, la=A, si=B). Include sharps or flats when needed (e.g. do#, reb, fa#, sib). Do NOT include the octave. Reply with ONLY the syllable and accidental (if needed). Nothing else. Output only the answer.","This audio contains a single sustained musical note that may be slightly out of tune. Identify the NEAREST in-tune pitch (the closest standard musical note). What is the main pitch frequency, expressed in Hertz? Reply with ONLY a number (the frequency in Hz). Nothing else. Output only the answer."
5000,-2.0813,cello,instrument,64,42,0,0,0,0,E4,F#5,0,0,0,mi,fa#,0,0,0,42,F#5,fa#,110.00,data/audio/pitchbench_a5_pitch_slightly_off/327p5hz_cello_5000ms.wav,327p5hz_cello_5000ms.wav,This audio contains a single sustained musical note that may be slightly out of tune. Identify the NEAREST in-tune pitch (the closest standard musical note). What is the MIDI note number (an integer from 0 to 127)? Reply with ONLY the integer. Nothing else. Output only the answer.,"This audio contains a single sustained musical note that may be slightly out of tune. Identify the NEAREST in-tune pitch (the closest standard musical note). What is the note name and octave? Reply with ONLY the note name in Scientific Pitch Notation (e.g. C4, F#3, Bb5). Nothing else. Output only the answer.","This audio contains a single sustained musical note that may be slightly out of tune. Identify the NEAREST in-tune pitch (the closest standard musical note). What is the solfege syllable and accidental (if needed) of this pitch? Use fixed-do (do=C, re=D, mi=E, fa=F, sol=G, la=A, si=B). Include sharps or flats when needed (e.g. do#, reb, fa#, sib). Do NOT include the octave. Reply with ONLY the syllable and accidental (if needed). Nothing else. Output only the answer.","This audio contains a single sustained musical note that may be slightly out of tune. Identify the NEAREST in-tune pitch (the closest standard musical note). What is the main pitch frequency, expressed in Hertz? Reply with ONLY a number (the frequency in Hz). Nothing else. Output only the answer."
5000,0.0,cello,instrument,64,42,0,0,0,0,E4,F#2,0,0,0,mi,fa#,0,0,0,42,F#2,fa#,110.00,data/audio/pitchbench_a5_pitch_slightly_off/329p6hz_cello_5000ms.wav,329p6hz_cello_5000ms.wav,This audio contains a single sustained musical note that may be slightly out of tune. Identify the NEAREST in-tune pitch (the closest standard musical note). What is the MIDI note number (an integer from 0 to 127)? Reply with ONLY the integer. Nothing else. Output only the answer.,"This audio contains a single sustained musical note that may be slightly out of tune. Identify the NEAREST in-tune pitch (the closest standard musical note). What is the note name and octave? Reply with ONLY the note name in Scientific Pitch Notation (e.g. C4, F#3, Bb5). Nothing else. Output only the answer.","This audio contains a single sustained musical note that may be slightly out of tune. Identify the NEAREST in-tune pitch (the closest standard musical note). What is the solfege syllable and accidental (if needed) of this pitch? Use fixed-do (do=C, re=D, mi=E, fa=F, sol=G, la=A, si=B). Include sharps or flats when needed (e.g. do#, reb, fa#, sib). Do NOT include the octave. Reply with ONLY the syllable and accidental (if needed). Nothing else. Output only the answer.","This audio contains a single sustained musical note that may be slightly out of tune. Identify the NEAREST in-tune pitch (the closest standard musical note). What is the main pitch frequency, expressed in Hertz? Reply with ONLY a number (the frequency in Hz). Nothing else. Output only the answer."
5000,-4.9502,cello,instrument,79,85,0,0,0,0,G5,A6,0,0,0,sol,sol#,0,0,0,85,A6,sol#,2616.,data/audio/pitchbench_a5_pitch_slightly_off/779p0hz_cello_5000ms.wav,779p0hz_cello_5000ms.wav,This audio contains a single sustained musical note that may be slightly out of tune. Identify the NEAREST in-tune pitch (the closest standard musical note). What is the MIDI note number (an integer from 0 to 127)? Reply with ONLY the integer. Nothing else. Output only the answer.,"This audio contains a single sustained musical note that may be slightly out of tune. Identify the NEAREST in-tune pitch (the closest standard musical note). What is the note name and octave? Reply with ONLY the note name in Scientific Pitch Notation (e.g. C4, F#3, Bb5). Nothing else. Output only the answer.","This audio contains a single sustained musical note that may be slightly out of tune. Identify the NEAREST in-tune pitch (the closest standard musical note). What is the solfege syllable and accidental (if needed) of this pitch? Use fixed-do (do=C, re=D, mi=E, fa=F, sol=G, la=A, si=B). Include sharps or flats when needed (e.g. do#, reb, fa#, sib). Do NOT include the octave. Reply with ONLY the syllable and accidental (if needed). Nothing else. Output only the answer.","This audio contains a single sustained musical note that may be slightly out of tune. Identify the NEAREST in-tune pitch (the closest standard musical note). What is the main pitch frequency, expressed in Hertz? Reply with ONLY a number (the frequency in Hz). Nothing else. Output only the answer."
5000,0.0,cello,instrument,79,101,0,0,0,0,G5,G6,0,1,0,sol,sol#,0,0,0,101,G6,sol#,1046,data/audio/pitchbench_a5_pitch_slightly_off/784p0hz_cello_5000ms.wav,784p0hz_cello_5000ms.wav,This audio contains a single sustained musical note that may be slightly out of tune. Identify the NEAREST in-tune pitch (the closest standard musical note). What is the MIDI note number (an integer from 0 to 127)? Reply with ONLY the integer. Nothing else. Output only the answer.,"This audio contains a single sustained musical note that may be slightly out of tune. Identify the NEAREST in-tune pitch (the closest standard musical note). What is the note name and octave? Reply with ONLY the note name in Scientific Pitch Notation (e.g. C4, F#3, Bb5). Nothing else. Output only the answer.","This audio contains a single sustained musical note that may be slightly out of tune. Identify the NEAREST in-tune pitch (the closest standard musical note). What is the solfege syllable and accidental (if needed) of this pitch? Use fixed-do (do=C, re=D, mi=E, fa=F, sol=G, la=A, si=B). Include sharps or flats when needed (e.g. do#, reb, fa#, sib). Do NOT include the octave. Reply with ONLY the syllable and accidental (if needed). Nothing else. Output only the answer.","This audio contains a single sustained musical note that may be slightly out of tune. Identify the NEAREST in-tune pitch (the closest standard musical note). What is the main pitch frequency, expressed in Hertz? Reply with ONLY a number (the frequency in Hz). Nothing else. Output only the answer."
1000,8.8203,cello,instrument,88,103,0,0,0,0,E6,G6,0,0,1,mi,sol#,0,0,0,103,G6,sol#,156,data/audio/pitchbench_a5_pitch_slightly_off/1327p3hz_cello_1000ms.wav,1327p3hz_cello_1000ms.wav,This audio contains a single sustained musical note that may be slightly out of tune. Identify the NEAREST in-tune pitch (the closest standard musical note). What is the MIDI note number (an integer from 0 to 127)? Reply with ONLY the integer. Nothing else. Output only the answer.,"This audio contains a single sustained musical note that may be slightly out of tune. Identify the NEAREST in-tune pitch (the closest standard musical note). What is the note name and octave? Reply with ONLY the note name in Scientific Pitch Notation (e.g. C4, F#3, Bb5). Nothing else. Output only the answer.","This audio contains a single sustained musical note that may be slightly out of tune. Identify the NEAREST in-tune pitch (the closest standard musical note). What is the solfege syllable and accidental (if needed) of this pitch? Use fixed-do (do=C, re=D, mi=E, fa=F, sol=G, la=A, si=B). Include sharps or flats when needed (e.g. do#, reb, fa#, sib). Do NOT include the octave. Reply with ONLY the syllable and accidental (if needed). Nothing else. Output only the answer.","This audio contains a single sustained musical note that may be slightly out of tune. Identify the NEAREST in-tune pitch (the closest standard musical note). What is the main pitch frequency, expressed in Hertz? Reply with ONLY a number (the frequency in Hz). Nothing else. Output only the answer."
1000,0.0,cello,instrument,88,103,0,0,0,0,E6,G6,0,0,1,mi,sol#,0,0,0,103,G6,sol#,156,data/audio/pitchbench_a5_pitch_slightly_off/1318p5hz_cello_1000ms.wav,1318p5hz_cello_1000ms.wav,This audio contains a single sustained musical note that may be slightly out of tune. Identify the NEAREST in-tune pitch (the closest standard musical note). What is the MIDI note number (an integer from 0 to 127)? Reply with ONLY the integer. Nothing else. Output only the answer.,"This audio contains a single sustained musical note that may be slightly out of tune. Identify the NEAREST in-tune pitch (the closest standard musical note). What is the note name and octave? Reply with ONLY the note name in Scientific Pitch Notation (e.g. C4, F#3, Bb5). Nothing else. Output only the answer.","This audio contains a single sustained musical note that may be slightly out of tune. Identify the NEAREST in-tune pitch (the closest standard musical note). What is the solfege syllable and accidental (if needed) of this pitch? Use fixed-do (do=C, re=D, mi=E, fa=F, sol=G, la=A, si=B). Include sharps or flats when needed (e.g. do#, reb, fa#, sib). Do NOT include the octave. Reply with ONLY the syllable and accidental (if needed). Nothing else. Output only the answer.","This audio contains a single sustained musical note that may be slightly out of tune. Identify the NEAREST in-tune pitch (the closest standard musical note). What is the main pitch frequency, expressed in Hertz? Reply with ONLY a number (the frequency in Hz). Nothing else. Output only the answer."
1000,-0.413,organ,instrument,36,74,0,0,0,0,C2,F#4,0,0,0,do,re,0,0,0,74,F#4,re,1046.,data/audio/pitchbench_a5_pitch_slightly_off/65p0hz_organ_1000ms.wav,65p0hz_organ_1000ms.wav,This audio contains a single sustained musical note that may be slightly out of tune. Identify the NEAREST in-tune pitch (the closest standard musical note). What is the MIDI note number (an integer from 0 to 127)? Reply with ONLY the integer. Nothing else. Output only the answer.,"This audio contains a single sustained musical note that may be slightly out of tune. Identify the NEAREST in-tune pitch (the closest standard musical note). What is the note name and octave? Reply with ONLY the note name in Scientific Pitch Notation (e.g. C4, F#3, Bb5). Nothing else. Output only the answer.","This audio contains a single sustained musical note that may be slightly out of tune. Identify the NEAREST in-tune pitch (the closest standard musical note). What is the solfege syllable and accidental (if needed) of this pitch? Use fixed-do (do=C, re=D, mi=E, fa=F, sol=G, la=A, si=B). Include sharps or flats when needed (e.g. do#, reb, fa#, sib). Do NOT include the octave. Reply with ONLY the syllable and accidental (if needed). Nothing else. Output only the answer.","This audio contains a single sustained musical note that may be slightly out of tune. Identify the NEAREST in-tune pitch (the closest standard musical note). What is the main pitch frequency, expressed in Hertz? Reply with ONLY a number (the frequency in Hz). Nothing else. Output only the answer."
1000,0.0,organ,instrument,36,62,0,0,0,0,C2,C5,0,1,0,do,sol#,0,0,0,62,C5,sol#,1046.,data/audio/pitchbench_a5_pitch_slightly_off/65p4hz_organ_1000ms.wav,65p4hz_organ_1000ms.wav,This audio contains a single sustained musical note that may be slightly out of tune. Identify the NEAREST in-tune pitch (the closest standard musical note). What is the MIDI note number (an integer from 0 to 127)? Reply with ONLY the integer. Nothing else. Output only the answer.,"This audio contains a single sustained musical note that may be slightly out of tune. Identify the NEAREST in-tune pitch (the closest standard musical note). What is the note name and octave? Reply with ONLY the note name in Scientific Pitch Notation (e.g. C4, F#3, Bb5). Nothing else. Output only the answer.","This audio contains a single sustained musical note that may be slightly out of tune. Identify the NEAREST in-tune pitch (the closest standard musical note). What is the solfege syllable and accidental (if needed) of this pitch? Use fixed-do (do=C, re=D, mi=E, fa=F, sol=G, la=A, si=B). Include sharps or flats when needed (e.g. do#, reb, fa#, sib). Do NOT include the octave. Reply with ONLY the syllable and accidental (if needed). Nothing else. Output only the answer.","This audio contains a single sustained musical note that may be slightly out of tune. Identify the NEAREST in-tune pitch (the closest standard musical note). What is the main pitch frequency, expressed in Hertz? Reply with ONLY a number (the frequency in Hz). Nothing else. Output only the answer."
5000,-0.6188,organ,instrument,43,74,0,0,0,0,G2,A4,0,0,0,sol,fa#,0,0,0,74,A4,fa#,440.0,data/audio/pitchbench_a5_pitch_slightly_off/97p4hz_organ_5000ms.wav,97p4hz_organ_5000ms.wav,This audio contains a single sustained musical note that may be slightly out of tune. Identify the NEAREST in-tune pitch (the closest standard musical note). What is the MIDI note number (an integer from 0 to 127)? Reply with ONLY the integer. Nothing else. Output only the answer.,"This audio contains a single sustained musical note that may be slightly out of tune. Identify the NEAREST in-tune pitch (the closest standard musical note). What is the note name and octave? Reply with ONLY the note name in Scientific Pitch Notation (e.g. C4, F#3, Bb5). Nothing else. Output only the answer.","This audio contains a single sustained musical note that may be slightly out of tune. Identify the NEAREST in-tune pitch (the closest standard musical note). What is the solfege syllable and accidental (if needed) of this pitch? Use fixed-do (do=C, re=D, mi=E, fa=F, sol=G, la=A, si=B). Include sharps or flats when needed (e.g. do#, reb, fa#, sib). Do NOT include the octave. Reply with ONLY the syllable and accidental (if needed). Nothing else. Output only the answer.","This audio contains a single sustained musical note that may be slightly out of tune. Identify the NEAREST in-tune pitch (the closest standard musical note). What is the main pitch frequency, expressed in Hertz? Reply with ONLY a number (the frequency in Hz). Nothing else. Output only the answer."
5000,0.0,organ,instrument,43,61,0,0,0,0,G2,C#6,0,0,0,sol,fa#,0,0,0,61,C#6,fa#,261.6,data/audio/pitchbench_a5_pitch_slightly_off/98p0hz_organ_5000ms.wav,98p0hz_organ_5000ms.wav,This audio contains a single sustained musical note that may be slightly out of tune. Identify the NEAREST in-tune pitch (the closest standard musical note). What is the MIDI note number (an integer from 0 to 127)? Reply with ONLY the integer. Nothing else. Output only the answer.,"This audio contains a single sustained musical note that may be slightly out of tune. Identify the NEAREST in-tune pitch (the closest standard musical note). What is the note name and octave? Reply with ONLY the note name in Scientific Pitch Notation (e.g. C4, F#3, Bb5). Nothing else. Output only the answer.","This audio contains a single sustained musical note that may be slightly out of tune. Identify the NEAREST in-tune pitch (the closest standard musical note). What is the solfege syllable and accidental (if needed) of this pitch? Use fixed-do (do=C, re=D, mi=E, fa=F, sol=G, la=A, si=B). Include sharps or flats when needed (e.g. do#, reb, fa#, sib). Do NOT include the octave. Reply with ONLY the syllable and accidental (if needed). Nothing else. Output only the answer.","This audio contains a single sustained musical note that may be slightly out of tune. Identify the NEAREST in-tune pitch (the closest standard musical note). What is the main pitch frequency, expressed in Hertz? Reply with ONLY a number (the frequency in Hz). Nothing else. Output only the answer."
5000,-0.826,organ,instrument,48,81,0,0,0,0,C3,C5,0,1,0,do,sol#,0,0,0,81,C5,sol#,587,data/audio/pitchbench_a5_pitch_slightly_off/130p0hz_organ_5000ms.wav,130p0hz_organ_5000ms.wav,This audio contains a single sustained musical note that may be slightly out of tune. Identify the NEAREST in-tune pitch (the closest standard musical note). What is the MIDI note number (an integer from 0 to 127)? Reply with ONLY the integer. Nothing else. Output only the answer.,"This audio contains a single sustained musical note that may be slightly out of tune. Identify the NEAREST in-tune pitch (the closest standard musical note). What is the note name and octave? Reply with ONLY the note name in Scientific Pitch Notation (e.g. C4, F#3, Bb5). Nothing else. Output only the answer.","This audio contains a single sustained musical note that may be slightly out of tune. Identify the NEAREST in-tune pitch (the closest standard musical note). What is the solfege syllable and accidental (if needed) of this pitch? Use fixed-do (do=C, re=D, mi=E, fa=F, sol=G, la=A, si=B). Include sharps or flats when needed (e.g. do#, reb, fa#, sib). Do NOT include the octave. Reply with ONLY the syllable and accidental (if needed). Nothing else. Output only the answer.","This audio contains a single sustained musical note that may be slightly out of tune. Identify the NEAREST in-tune pitch (the closest standard musical note). What is the main pitch frequency, expressed in Hertz? Reply with ONLY a number (the frequency in Hz). Nothing else. Output only the answer."
5000,0.0,organ,instrument,48,50,0,0,0,1,C3,C5,0,1,0,do,sol#,0,0,0,50,C5,sol#,349,data/audio/pitchbench_a5_pitch_slightly_off/130p8hz_organ_5000ms.wav,130p8hz_organ_5000ms.wav,This audio contains a single sustained musical note that may be slightly out of tune. Identify the NEAREST in-tune pitch (the closest standard musical note). What is the MIDI note number (an integer from 0 to 127)? Reply with ONLY the integer. Nothing else. Output only the answer.,"This audio contains a single sustained musical note that may be slightly out of tune. Identify the NEAREST in-tune pitch (the closest standard musical note). What is the note name and octave? Reply with ONLY the note name in Scientific Pitch Notation (e.g. C4, F#3, Bb5). Nothing else. Output only the answer.","This audio contains a single sustained musical note that may be slightly out of tune. Identify the NEAREST in-tune pitch (the closest standard musical note). What is the solfege syllable and accidental (if needed) of this pitch? Use fixed-do (do=C, re=D, mi=E, fa=F, sol=G, la=A, si=B). Include sharps or flats when needed (e.g. do#, reb, fa#, sib). Do NOT include the octave. Reply with ONLY the syllable and accidental (if needed). Nothing else. Output only the answer.","This audio contains a single sustained musical note that may be slightly out of tune. Identify the NEAREST in-tune pitch (the closest standard musical note). What is the main pitch frequency, expressed in Hertz? Reply with ONLY a number (the frequency in Hz). Nothing else. Output only the answer."
5000,0.8751,organ,instrument,48,72,0,0,1,0,C3,A4,0,0,0,do,sol#,0,0,0,72,A4,sol#,349,data/audio/pitchbench_a5_pitch_slightly_off/131p7hz_organ_5000ms.wav,131p7hz_organ_5000ms.wav,This audio contains a single sustained musical note that may be slightly out of tune. Identify the NEAREST in-tune pitch (the closest standard musical note). What is the MIDI note number (an integer from 0 to 127)? Reply with ONLY the integer. Nothing else. Output only the answer.,"This audio contains a single sustained musical note that may be slightly out of tune. Identify the NEAREST in-tune pitch (the closest standard musical note). What is the note name and octave? Reply with ONLY the note name in Scientific Pitch Notation (e.g. C4, F#3, Bb5). Nothing else. Output only the answer.","This audio contains a single sustained musical note that may be slightly out of tune. Identify the NEAREST in-tune pitch (the closest standard musical note). What is the solfege syllable and accidental (if needed) of this pitch? Use fixed-do (do=C, re=D, mi=E, fa=F, sol=G, la=A, si=B). Include sharps or flats when needed (e.g. do#, reb, fa#, sib). Do NOT include the octave. Reply with ONLY the syllable and accidental (if needed). Nothing else. Output only the answer.","This audio contains a single sustained musical note that may be slightly out of tune. Identify the NEAREST in-tune pitch (the closest standard musical note). What is the main pitch frequency, expressed in Hertz? Reply with ONLY a number (the frequency in Hz). Nothing else. Output only the answer."
5000,0.0,organ,instrument,48,74,0,0,0,0,C3,,0,0,0,do,sol#,0,0,0,74,estimation:*,sol#,261.,data/audio/pitchbench_a5_pitch_slightly_off/130p8hz_organ_5000ms.wav,130p8hz_organ_5000ms.wav,This audio contains a single sustained musical note that may be slightly out of tune. Identify the NEAREST in-tune pitch (the closest standard musical note). What is the MIDI note number (an integer from 0 to 127)? Reply with ONLY the integer. Nothing else. Output only the answer.,"This audio contains a single sustained musical note that may be slightly out of tune. Identify the NEAREST in-tune pitch (the closest standard musical note). What is the note name and octave? Reply with ONLY the note name in Scientific Pitch Notation (e.g. C4, F#3, Bb5). Nothing else. Output only the answer.","This audio contains a single sustained musical note that may be slightly out of tune. Identify the NEAREST in-tune pitch (the closest standard musical note). What is the solfege syllable and accidental (if needed) of this pitch? Use fixed-do (do=C, re=D, mi=E, fa=F, sol=G, la=A, si=B). Include sharps or flats when needed (e.g. do#, reb, fa#, sib). Do NOT include the octave. Reply with ONLY the syllable and accidental (if needed). Nothing else. Output only the answer.","This audio contains a single sustained musical note that may be slightly out of tune. Identify the NEAREST in-tune pitch (the closest standard musical note). What is the main pitch frequency, expressed in Hertz? Reply with ONLY a number (the frequency in Hz). Nothing else. Output only the answer."
5000,-2.3362,organ,instrument,54,68,0,0,0,0,F#3,G#4,0,0,0,fa#,sol,0,0,0,68,G#4,sol,415.,data/audio/pitchbench_a5_pitch_slightly_off/182p7hz_organ_5000ms.wav,182p7hz_organ_5000ms.wav,This audio contains a single sustained musical note that may be slightly out of tune. Identify the NEAREST in-tune pitch (the closest standard musical note). What is the MIDI note number (an integer from 0 to 127)? Reply with ONLY the integer. Nothing else. Output only the answer.,"This audio contains a single sustained musical note that may be slightly out of tune. Identify the NEAREST in-tune pitch (the closest standard musical note). What is the note name and octave? Reply with ONLY the note name in Scientific Pitch Notation (e.g. C4, F#3, Bb5). Nothing else. Output only the answer.","This audio contains a single sustained musical note that may be slightly out of tune. Identify the NEAREST in-tune pitch (the closest standard musical note). What is the solfege syllable and accidental (if needed) of this pitch? Use fixed-do (do=C, re=D, mi=E, fa=F, sol=G, la=A, si=B). Include sharps or flats when needed (e.g. do#, reb, fa#, sib). Do NOT include the octave. Reply with ONLY the syllable and accidental (if needed). Nothing else. Output only the answer.","This audio contains a single sustained musical note that may be slightly out of tune. Identify the NEAREST in-tune pitch (the closest standard musical note). What is the main pitch frequency, expressed in Hertz? Reply with ONLY a number (the frequency in Hz). Nothing else. Output only the answer."
5000,0.0,organ,instrument,54,80,0,0,0,0,F#3,G#4,0,0,0,fa#,sol#,0,0,0,80,G#4,sol#,415.30,data/audio/pitchbench_a5_pitch_slightly_off/185p0hz_organ_5000ms.wav,185p0hz_organ_5000ms.wav,This audio contains a single sustained musical note that may be slightly out of tune. Identify the NEAREST in-tune pitch (the closest standard musical note). What is the MIDI note number (an integer from 0 to 127)? Reply with ONLY the integer. Nothing else. Output only the answer.,"This audio contains a single sustained musical note that may be slightly out of tune. Identify the NEAREST in-tune pitch (the closest standard musical note). What is the note name and octave? Reply with ONLY the note name in Scientific Pitch Notation (e.g. C4, F#3, Bb5). Nothing else. Output only the answer.","This audio contains a single sustained musical note that may be slightly out of tune. Identify the NEAREST in-tune pitch (the closest standard musical note). What is the solfege syllable and accidental (if needed) of this pitch? Use fixed-do (do=C, re=D, mi=E, fa=F, sol=G, la=A, si=B). Include sharps or flats when needed (e.g. do#, reb, fa#, sib). Do NOT include the octave. Reply with ONLY the syllable and accidental (if needed). Nothing else. Output only the answer.","This audio contains a single sustained musical note that may be slightly out of tune. Identify the NEAREST in-tune pitch (the closest standard musical note). What is the main pitch frequency, expressed in Hertz? Reply with ONLY a number (the frequency in Hz). Nothing else. Output only the answer."
5000,1.7502,organ,instrument,60,85,0,0,0,0,C4,C6,0,1,0,do,do#,0,0,0,85,C6,Accidentals: # (,1174.6,data/audio/pitchbench_a5_pitch_slightly_off/263p4hz_organ_5000ms.wav,263p4hz_organ_5000ms.wav,This audio contains a single sustained musical note that may be slightly out of tune. Identify the NEAREST in-tune pitch (the closest standard musical note). What is the MIDI note number (an integer from 0 to 127)? Reply with ONLY the integer. Nothing else. Output only the answer.,"This audio contains a single sustained musical note that may be slightly out of tune. Identify the NEAREST in-tune pitch (the closest standard musical note). What is the note name and octave? Reply with ONLY the note name in Scientific Pitch Notation (e.g. C4, F#3, Bb5). Nothing else. Output only the answer.","This audio contains a single sustained musical note that may be slightly out of tune. Identify the NEAREST in-tune pitch (the closest standard musical note). What is the solfege syllable and accidental (if needed) of this pitch? Use fixed-do (do=C, re=D, mi=E, fa=F, sol=G, la=A, si=B). Include sharps or flats when needed (e.g. do#, reb, fa#, sib). Do NOT include the octave. Reply with ONLY the syllable and accidental (if needed). Nothing else. Output only the answer.","This audio contains a single sustained musical note that may be slightly out of tune. Identify the NEAREST in-tune pitch (the closest standard musical note). What is the main pitch frequency, expressed in Hertz? Reply with ONLY a number (the frequency in Hz). Nothing else. Output only the answer."
5000,0.0,organ,instrument,60,86,0,0,0,0,C4,G5,0,0,0,do,sol#,0,0,0,86,G5,sol#,1046.5,data/audio/pitchbench_a5_pitch_slightly_off/261p6hz_organ_5000ms.wav,261p6hz_organ_5000ms.wav,This audio contains a single sustained musical note that may be slightly out of tune. Identify the NEAREST in-tune pitch (the closest standard musical note). What is the MIDI note number (an integer from 0 to 127)? Reply with ONLY the integer. Nothing else. Output only the answer.,"This audio contains a single sustained musical note that may be slightly out of tune. Identify the NEAREST in-tune pitch (the closest standard musical note). What is the note name and octave? Reply with ONLY the note name in Scientific Pitch Notation (e.g. C4, F#3, Bb5). Nothing else. Output only the answer.","This audio contains a single sustained musical note that may be slightly out of tune. Identify the NEAREST in-tune pitch (the closest standard musical note). What is the solfege syllable and accidental (if needed) of this pitch? Use fixed-do (do=C, re=D, mi=E, fa=F, sol=G, la=A, si=B). Include sharps or flats when needed (e.g. do#, reb, fa#, sib). Do NOT include the octave. Reply with ONLY the syllable and accidental (if needed). Nothing else. Output only the answer.","This audio contains a single sustained musical note that may be slightly out of tune. Identify the NEAREST in-tune pitch (the closest standard musical note). What is the main pitch frequency, expressed in Hertz? Reply with ONLY a number (the frequency in Hz). Nothing else. Output only the answer."
5000,-4.1626,organ,instrument,64,78,0,0,0,0,E4,F#5,0,0,0,mi,fa#,0,0,0,78,F#5,fa#,370,data/audio/pitchbench_a5_pitch_slightly_off/325p5hz_organ_5000ms.wav,325p5hz_organ_5000ms.wav,This audio contains a single sustained musical note that may be slightly out of tune. Identify the NEAREST in-tune pitch (the closest standard musical note). What is the MIDI note number (an integer from 0 to 127)? Reply with ONLY the integer. Nothing else. Output only the answer.,"This audio contains a single sustained musical note that may be slightly out of tune. Identify the NEAREST in-tune pitch (the closest standard musical note). What is the note name and octave? Reply with ONLY the note name in Scientific Pitch Notation (e.g. C4, F#3, Bb5). Nothing else. Output only the answer.","This audio contains a single sustained musical note that may be slightly out of tune. Identify the NEAREST in-tune pitch (the closest standard musical note). What is the solfege syllable and accidental (if needed) of this pitch? Use fixed-do (do=C, re=D, mi=E, fa=F, sol=G, la=A, si=B). Include sharps or flats when needed (e.g. do#, reb, fa#, sib). Do NOT include the octave. Reply with ONLY the syllable and accidental (if needed). Nothing else. Output only the answer.","This audio contains a single sustained musical note that may be slightly out of tune. Identify the NEAREST in-tune pitch (the closest standard musical note). What is the main pitch frequency, expressed in Hertz? Reply with ONLY a number (the frequency in Hz). Nothing else. Output only the answer."
5000,0.0,organ,instrument,64,78,0,0,0,0,E4,F#6,0,0,0,mi,fa#,0,0,0,78,F#6,fa#,370,data/audio/pitchbench_a5_pitch_slightly_off/329p6hz_organ_5000ms.wav,329p6hz_organ_5000ms.wav,This audio contains a single sustained musical note that may be slightly out of tune. Identify the NEAREST in-tune pitch (the closest standard musical note). What is the MIDI note number (an integer from 0 to 127)? Reply with ONLY the integer. Nothing else. Output only the answer.,"This audio contains a single sustained musical note that may be slightly out of tune. Identify the NEAREST in-tune pitch (the closest standard musical note). What is the note name and octave? Reply with ONLY the note name in Scientific Pitch Notation (e.g. C4, F#3, Bb5). Nothing else. Output only the answer.","This audio contains a single sustained musical note that may be slightly out of tune. Identify the NEAREST in-tune pitch (the closest standard musical note). What is the solfege syllable and accidental (if needed) of this pitch? Use fixed-do (do=C, re=D, mi=E, fa=F, sol=G, la=A, si=B). Include sharps or flats when needed (e.g. do#, reb, fa#, sib). Do NOT include the octave. Reply with ONLY the syllable and accidental (if needed). Nothing else. Output only the answer.","This audio contains a single sustained musical note that may be slightly out of tune. Identify the NEAREST in-tune pitch (the closest standard musical note). What is the main pitch frequency, expressed in Hertz? Reply with ONLY a number (the frequency in Hz). Nothing else. Output only the answer."
1000,-9.9005,organ,instrument,79,85,0,0,0,0,G5,A5,0,0,1,sol,,0,0,0,85,A5,Listen to the Audio:**,1046.5,data/audio/pitchbench_a5_pitch_slightly_off/774p1hz_organ_1000ms.wav,774p1hz_organ_1000ms.wav,This audio contains a single sustained musical note that may be slightly out of tune. Identify the NEAREST in-tune pitch (the closest standard musical note). What is the MIDI note number (an integer from 0 to 127)? Reply with ONLY the integer. Nothing else. Output only the answer.,"This audio contains a single sustained musical note that may be slightly out of tune. Identify the NEAREST in-tune pitch (the closest standard musical note). What is the note name and octave? Reply with ONLY the note name in Scientific Pitch Notation (e.g. C4, F#3, Bb5). Nothing else. Output only the answer.","This audio contains a single sustained musical note that may be slightly out of tune. Identify the NEAREST in-tune pitch (the closest standard musical note). What is the solfege syllable and accidental (if needed) of this pitch? Use fixed-do (do=C, re=D, mi=E, fa=F, sol=G, la=A, si=B). Include sharps or flats when needed (e.g. do#, reb, fa#, sib). Do NOT include the octave. Reply with ONLY the syllable and accidental (if needed). Nothing else. Output only the answer.","This audio contains a single sustained musical note that may be slightly out of tune. Identify the NEAREST in-tune pitch (the closest standard musical note). What is the main pitch frequency, expressed in Hertz? Reply with ONLY a number (the frequency in Hz). Nothing else. Output only the answer."
1000,0.0,organ,instrument,79,81,0,0,0,1,G5,A4,0,0,0,sol,la#,0,0,0,81,A4,la#,1760.,data/audio/pitchbench_a5_pitch_slightly_off/784p0hz_organ_1000ms.wav,784p0hz_organ_1000ms.wav,This audio contains a single sustained musical note that may be slightly out of tune. Identify the NEAREST in-tune pitch (the closest standard musical note). What is the MIDI note number (an integer from 0 to 127)? Reply with ONLY the integer. Nothing else. Output only the answer.,"This audio contains a single sustained musical note that may be slightly out of tune. Identify the NEAREST in-tune pitch (the closest standard musical note). What is the note name and octave? Reply with ONLY the note name in Scientific Pitch Notation (e.g. C4, F#3, Bb5). Nothing else. Output only the answer.","This audio contains a single sustained musical note that may be slightly out of tune. Identify the NEAREST in-tune pitch (the closest standard musical note). What is the solfege syllable and accidental (if needed) of this pitch? Use fixed-do (do=C, re=D, mi=E, fa=F, sol=G, la=A, si=B). Include sharps or flats when needed (e.g. do#, reb, fa#, sib). Do NOT include the octave. Reply with ONLY the syllable and accidental (if needed). Nothing else. Output only the answer.","This audio contains a single sustained musical note that may be slightly out of tune. Identify the NEAREST in-tune pitch (the closest standard musical note). What is the main pitch frequency, expressed in Hertz? Reply with ONLY a number (the frequency in Hz). Nothing else. Output only the answer."
1000,10.4892,organ,instrument,79,81,0,0,0,1,G5,A4,0,0,0,sol,la,0,0,0,81,A4,la,139,data/audio/pitchbench_a5_pitch_slightly_off/794p5hz_organ_1000ms.wav,794p5hz_organ_1000ms.wav,This audio contains a single sustained musical note that may be slightly out of tune. Identify the NEAREST in-tune pitch (the closest standard musical note). What is the MIDI note number (an integer from 0 to 127)? Reply with ONLY the integer. Nothing else. Output only the answer.,"This audio contains a single sustained musical note that may be slightly out of tune. Identify the NEAREST in-tune pitch (the closest standard musical note). What is the note name and octave? Reply with ONLY the note name in Scientific Pitch Notation (e.g. C4, F#3, Bb5). Nothing else. Output only the answer.","This audio contains a single sustained musical note that may be slightly out of tune. Identify the NEAREST in-tune pitch (the closest standard musical note). What is the solfege syllable and accidental (if needed) of this pitch? Use fixed-do (do=C, re=D, mi=E, fa=F, sol=G, la=A, si=B). Include sharps or flats when needed (e.g. do#, reb, fa#, sib). Do NOT include the octave. Reply with ONLY the syllable and accidental (if needed). Nothing else. Output only the answer.","This audio contains a single sustained musical note that may be slightly out of tune. Identify the NEAREST in-tune pitch (the closest standard musical note). What is the main pitch frequency, expressed in Hertz? Reply with ONLY a number (the frequency in Hz). Nothing else. Output only the answer."
1000,0.0,organ,instrument,79,81,0,0,0,1,G5,A4,0,0,0,sol,la,0,0,0,81,A4,la,139,data/audio/pitchbench_a5_pitch_slightly_off/784p0hz_organ_1000ms.wav,784p0hz_organ_1000ms.wav,This audio contains a single sustained musical note that may be slightly out of tune. Identify the NEAREST in-tune pitch (the closest standard musical note). What is the MIDI note number (an integer from 0 to 127)? Reply with ONLY the integer. Nothing else. Output only the answer.,"This audio contains a single sustained musical note that may be slightly out of tune. Identify the NEAREST in-tune pitch (the closest standard musical note). What is the note name and octave? Reply with ONLY the note name in Scientific Pitch Notation (e.g. C4, F#3, Bb5). Nothing else. Output only the answer.","This audio contains a single sustained musical note that may be slightly out of tune. Identify the NEAREST in-tune pitch (the closest standard musical note). What is the solfege syllable and accidental (if needed) of this pitch? Use fixed-do (do=C, re=D, mi=E, fa=F, sol=G, la=A, si=B). Include sharps or flats when needed (e.g. do#, reb, fa#, sib). Do NOT include the octave. Reply with ONLY the syllable and accidental (if needed). Nothing else. Output only the answer.","This audio contains a single sustained musical note that may be slightly out of tune. Identify the NEAREST in-tune pitch (the closest standard musical note). What is the main pitch frequency, expressed in Hertz? Reply with ONLY a number (the frequency in Hz). Nothing else. Output only the answer."
5000,-2.3362,bass,instrument,54,80,0,0,0,0,F#3,G#5,0,0,0,fa#,sol#,0,0,0,80,G#5,sol#,830.6,data/audio/pitchbench_a5_pitch_slightly_off/182p7hz_bass_5000ms.wav,182p7hz_bass_5000ms.wav,This audio contains a single sustained musical note that may be slightly out of tune. Identify the NEAREST in-tune pitch (the closest standard musical note). What is the MIDI note number (an integer from 0 to 127)? Reply with ONLY the integer. Nothing else. Output only the answer.,"This audio contains a single sustained musical note that may be slightly out of tune. Identify the NEAREST in-tune pitch (the closest standard musical note). What is the note name and octave? Reply with ONLY the note name in Scientific Pitch Notation (e.g. C4, F#3, Bb5). Nothing else. Output only the answer.","This audio contains a single sustained musical note that may be slightly out of tune. Identify the NEAREST in-tune pitch (the closest standard musical note). What is the solfege syllable and accidental (if needed) of this pitch? Use fixed-do (do=C, re=D, mi=E, fa=F, sol=G, la=A, si=B). Include sharps or flats when needed (e.g. do#, reb, fa#, sib). Do NOT include the octave. Reply with ONLY the syllable and accidental (if needed). Nothing else. Output only the answer.","This audio contains a single sustained musical note that may be slightly out of tune. Identify the NEAREST in-tune pitch (the closest standard musical note). What is the main pitch frequency, expressed in Hertz? Reply with ONLY a number (the frequency in Hz). Nothing else. Output only the answer."
5000,0.0,bass,instrument,54,80,0,0,0,0,F#3,G#4,0,0,0,fa#,fa#,1,0,1,80,G#4,solb,415.3,data/audio/pitchbench_a5_pitch_slightly_off/185p0hz_bass_5000ms.wav,185p0hz_bass_5000ms.wav,This audio contains a single sustained musical note that may be slightly out of tune. Identify the NEAREST in-tune pitch (the closest standard musical note). What is the MIDI note number (an integer from 0 to 127)? Reply with ONLY the integer. Nothing else. Output only the answer.,"This audio contains a single sustained musical note that may be slightly out of tune. Identify the NEAREST in-tune pitch (the closest standard musical note). What is the note name and octave? Reply with ONLY the note name in Scientific Pitch Notation (e.g. C4, F#3, Bb5). Nothing else. Output only the answer.","This audio contains a single sustained musical note that may be slightly out of tune. Identify the NEAREST in-tune pitch (the closest standard musical note). What is the solfege syllable and accidental (if needed) of this pitch? Use fixed-do (do=C, re=D, mi=E, fa=F, sol=G, la=A, si=B). Include sharps or flats when needed (e.g. do#, reb, fa#, sib). Do NOT include the octave. Reply with ONLY the syllable and accidental (if needed). Nothing else. Output only the answer.","This audio contains a single sustained musical note that may be slightly out of tune. Identify the NEAREST in-tune pitch (the closest standard musical note). What is the main pitch frequency, expressed in Hertz? Reply with ONLY a number (the frequency in Hz). Nothing else. Output only the answer."
5000,-1.6519,bass,instrument,60,84,0,0,1,0,C4,E2,0,0,0,do,sol#,0,0,0,84,E2,sol#,1046.,data/audio/pitchbench_a5_pitch_slightly_off/260p0hz_bass_5000ms.wav,260p0hz_bass_5000ms.wav,This audio contains a single sustained musical note that may be slightly out of tune. Identify the NEAREST in-tune pitch (the closest standard musical note). What is the MIDI note number (an integer from 0 to 127)? Reply with ONLY the integer. Nothing else. Output only the answer.,"This audio contains a single sustained musical note that may be slightly out of tune. Identify the NEAREST in-tune pitch (the closest standard musical note). What is the note name and octave? Reply with ONLY the note name in Scientific Pitch Notation (e.g. C4, F#3, Bb5). Nothing else. Output only the answer.","This audio contains a single sustained musical note that may be slightly out of tune. Identify the NEAREST in-tune pitch (the closest standard musical note). What is the solfege syllable and accidental (if needed) of this pitch? Use fixed-do (do=C, re=D, mi=E, fa=F, sol=G, la=A, si=B). Include sharps or flats when needed (e.g. do#, reb, fa#, sib). Do NOT include the octave. Reply with ONLY the syllable and accidental (if needed). Nothing else. Output only the answer.","This audio contains a single sustained musical note that may be slightly out of tune. Identify the NEAREST in-tune pitch (the closest standard musical note). What is the main pitch frequency, expressed in Hertz? Reply with ONLY a number (the frequency in Hz). Nothing else. Output only the answer."
5000,0.0,bass,instrument,60,89,0,0,0,0,C4,,0,0,0,do,sol#,0,0,0,89,A,sol#,1046.5,data/audio/pitchbench_a5_pitch_slightly_off/261p6hz_bass_5000ms.wav,261p6hz_bass_5000ms.wav,This audio contains a single sustained musical note that may be slightly out of tune. Identify the NEAREST in-tune pitch (the closest standard musical note). What is the MIDI note number (an integer from 0 to 127)? Reply with ONLY the integer. Nothing else. Output only the answer.,"This audio contains a single sustained musical note that may be slightly out of tune. Identify the NEAREST in-tune pitch (the closest standard musical note). What is the note name and octave? Reply with ONLY the note name in Scientific Pitch Notation (e.g. C4, F#3, Bb5). Nothing else. Output only the answer.","This audio contains a single sustained musical note that may be slightly out of tune. Identify the NEAREST in-tune pitch (the closest standard musical note). What is the solfege syllable and accidental (if needed) of this pitch? Use fixed-do (do=C, re=D, mi=E, fa=F, sol=G, la=A, si=B). Include sharps or flats when needed (e.g. do#, reb, fa#, sib). Do NOT include the octave. Reply with ONLY the syllable and accidental (if needed). Nothing else. Output only the answer.","This audio contains a single sustained musical note that may be slightly out of tune. Identify the NEAREST in-tune pitch (the closest standard musical note). What is the main pitch frequency, expressed in Hertz? Reply with ONLY a number (the frequency in Hz). Nothing else. Output only the answer."
1000,5.8868,bass,instrument,69,100,0,0,0,0,A4,B5,0,0,0,la,sol#,0,0,0,100,B5,sol#,10,data/audio/pitchbench_a5_pitch_slightly_off/445p9hz_bass_1000ms.wav,445p9hz_bass_1000ms.wav,This audio contains a single sustained musical note that may be slightly out of tune. Identify the NEAREST in-tune pitch (the closest standard musical note). What is the MIDI note number (an integer from 0 to 127)? Reply with ONLY the integer. Nothing else. Output only the answer.,"This audio contains a single sustained musical note that may be slightly out of tune. Identify the NEAREST in-tune pitch (the closest standard musical note). What is the note name and octave? Reply with ONLY the note name in Scientific Pitch Notation (e.g. C4, F#3, Bb5). Nothing else. Output only the answer.","This audio contains a single sustained musical note that may be slightly out of tune. Identify the NEAREST in-tune pitch (the closest standard musical note). What is the solfege syllable and accidental (if needed) of this pitch? Use fixed-do (do=C, re=D, mi=E, fa=F, sol=G, la=A, si=B). Include sharps or flats when needed (e.g. do#, reb, fa#, sib). Do NOT include the octave. Reply with ONLY the syllable and accidental (if needed). Nothing else. Output only the answer.","This audio contains a single sustained musical note that may be slightly out of tune. Identify the NEAREST in-tune pitch (the closest standard musical note). What is the main pitch frequency, expressed in Hertz? Reply with ONLY a number (the frequency in Hz). Nothing else. Output only the answer."
1000,0.0,bass,instrument,69,85,0,0,0,0,A4,D2,0,0,0,la,sol#,0,0,0,85,D2,sol#,1,data/audio/pitchbench_a5_pitch_slightly_off/440p0hz_bass_1000ms.wav,440p0hz_bass_1000ms.wav,This audio contains a single sustained musical note that may be slightly out of tune. Identify the NEAREST in-tune pitch (the closest standard musical note). What is the MIDI note number (an integer from 0 to 127)? Reply with ONLY the integer. Nothing else. Output only the answer.,"This audio contains a single sustained musical note that may be slightly out of tune. Identify the NEAREST in-tune pitch (the closest standard musical note). What is the note name and octave? Reply with ONLY the note name in Scientific Pitch Notation (e.g. C4, F#3, Bb5). Nothing else. Output only the answer.","This audio contains a single sustained musical note that may be slightly out of tune. Identify the NEAREST in-tune pitch (the closest standard musical note). What is the solfege syllable and accidental (if needed) of this pitch? Use fixed-do (do=C, re=D, mi=E, fa=F, sol=G, la=A, si=B). Include sharps or flats when needed (e.g. do#, reb, fa#, sib). Do NOT include the octave. Reply with ONLY the syllable and accidental (if needed). Nothing else. Output only the answer.","This audio contains a single sustained musical note that may be slightly out of tune. Identify the NEAREST in-tune pitch (the closest standard musical note). What is the main pitch frequency, expressed in Hertz? Reply with ONLY a number (the frequency in Hz). Nothing else. Output only the answer."
5000,-2.7782,bass,instrument,69,83,0,0,0,0,A4,B5,0,0,0,la,,0,0,0,83,B5,Listen to the Audio:**,1046.5,data/audio/pitchbench_a5_pitch_slightly_off/437p2hz_bass_5000ms.wav,437p2hz_bass_5000ms.wav,This audio contains a single sustained musical note that may be slightly out of tune. Identify the NEAREST in-tune pitch (the closest standard musical note). What is the MIDI note number (an integer from 0 to 127)? Reply with ONLY the integer. Nothing else. Output only the answer.,"This audio contains a single sustained musical note that may be slightly out of tune. Identify the NEAREST in-tune pitch (the closest standard musical note). What is the note name and octave? Reply with ONLY the note name in Scientific Pitch Notation (e.g. C4, F#3, Bb5). Nothing else. Output only the answer.","This audio contains a single sustained musical note that may be slightly out of tune. Identify the NEAREST in-tune pitch (the closest standard musical note). What is the solfege syllable and accidental (if needed) of this pitch? Use fixed-do (do=C, re=D, mi=E, fa=F, sol=G, la=A, si=B). Include sharps or flats when needed (e.g. do#, reb, fa#, sib). Do NOT include the octave. Reply with ONLY the syllable and accidental (if needed). Nothing else. Output only the answer.","This audio contains a single sustained musical note that may be slightly out of tune. Identify the NEAREST in-tune pitch (the closest standard musical note). What is the main pitch frequency, expressed in Hertz? Reply with ONLY a number (the frequency in Hz). Nothing else. Output only the answer."
5000,0.0,bass,instrument,69,83,0,0,0,0,A4,B5,0,0,0,la,si,0,0,0,83,B5,si,1046.5,data/audio/pitchbench_a5_pitch_slightly_off/440p0hz_bass_5000ms.wav,440p0hz_bass_5000ms.wav,This audio contains a single sustained musical note that may be slightly out of tune. Identify the NEAREST in-tune pitch (the closest standard musical note). What is the MIDI note number (an integer from 0 to 127)? Reply with ONLY the integer. Nothing else. Output only the answer.,"This audio contains a single sustained musical note that may be slightly out of tune. Identify the NEAREST in-tune pitch (the closest standard musical note). What is the note name and octave? Reply with ONLY the note name in Scientific Pitch Notation (e.g. C4, F#3, Bb5). Nothing else. Output only the answer.","This audio contains a single sustained musical note that may be slightly out of tune. Identify the NEAREST in-tune pitch (the closest standard musical note). What is the solfege syllable and accidental (if needed) of this pitch? Use fixed-do (do=C, re=D, mi=E, fa=F, sol=G, la=A, si=B). Include sharps or flats when needed (e.g. do#, reb, fa#, sib). Do NOT include the octave. Reply with ONLY the syllable and accidental (if needed). Nothing else. Output only the answer.","This audio contains a single sustained musical note that may be slightly out of tune. Identify the NEAREST in-tune pitch (the closest standard musical note). What is the main pitch frequency, expressed in Hertz? Reply with ONLY a number (the frequency in Hz). Nothing else. Output only the answer."
5000,2.9434,bass,instrument,69,83,0,0,0,0,A4,B6,0,0,0,la,sol#,0,0,0,83,B6,sol#,1046.5,data/audio/pitchbench_a5_pitch_slightly_off/442p9hz_bass_5000ms.wav,442p9hz_bass_5000ms.wav,This audio contains a single sustained musical note that may be slightly out of tune. Identify the NEAREST in-tune pitch (the closest standard musical note). What is the MIDI note number (an integer from 0 to 127)? Reply with ONLY the integer. Nothing else. Output only the answer.,"This audio contains a single sustained musical note that may be slightly out of tune. Identify the NEAREST in-tune pitch (the closest standard musical note). What is the note name and octave? Reply with ONLY the note name in Scientific Pitch Notation (e.g. C4, F#3, Bb5). Nothing else. Output only the answer.","This audio contains a single sustained musical note that may be slightly out of tune. Identify the NEAREST in-tune pitch (the closest standard musical note). What is the solfege syllable and accidental (if needed) of this pitch? Use fixed-do (do=C, re=D, mi=E, fa=F, sol=G, la=A, si=B). Include sharps or flats when needed (e.g. do#, reb, fa#, sib). Do NOT include the octave. Reply with ONLY the syllable and accidental (if needed). Nothing else. Output only the answer.","This audio contains a single sustained musical note that may be slightly out of tune. Identify the NEAREST in-tune pitch (the closest standard musical note). What is the main pitch frequency, expressed in Hertz? Reply with ONLY a number (the frequency in Hz). Nothing else. Output only the answer."
5000,0.0,bass,instrument,69,83,0,0,0,0,A4,F#6,0,0,0,la,,0,0,0,83,F#6,Listen to the Audio:**,197,data/audio/pitchbench_a5_pitch_slightly_off/440p0hz_bass_5000ms.wav,440p0hz_bass_5000ms.wav,This audio contains a single sustained musical note that may be slightly out of tune. Identify the NEAREST in-tune pitch (the closest standard musical note). What is the MIDI note number (an integer from 0 to 127)? Reply with ONLY the integer. Nothing else. Output only the answer.,"This audio contains a single sustained musical note that may be slightly out of tune. Identify the NEAREST in-tune pitch (the closest standard musical note). What is the note name and octave? Reply with ONLY the note name in Scientific Pitch Notation (e.g. C4, F#3, Bb5). Nothing else. Output only the answer.","This audio contains a single sustained musical note that may be slightly out of tune. Identify the NEAREST in-tune pitch (the closest standard musical note). What is the solfege syllable and accidental (if needed) of this pitch? Use fixed-do (do=C, re=D, mi=E, fa=F, sol=G, la=A, si=B). Include sharps or flats when needed (e.g. do#, reb, fa#, sib). Do NOT include the octave. Reply with ONLY the syllable and accidental (if needed). Nothing else. Output only the answer.","This audio contains a single sustained musical note that may be slightly out of tune. Identify the NEAREST in-tune pitch (the closest standard musical note). What is the main pitch frequency, expressed in Hertz? Reply with ONLY a number (the frequency in Hz). Nothing else. Output only the answer."
1000,8.8203,bass,instrument,88,79,0,0,0,0,E6,F6,0,0,1,mi,,0,0,0,79,F6,Listen to the Audio:**,1046.,data/audio/pitchbench_a5_pitch_slightly_off/1327p3hz_bass_1000ms.wav,1327p3hz_bass_1000ms.wav,This audio contains a single sustained musical note that may be slightly out of tune. Identify the NEAREST in-tune pitch (the closest standard musical note). What is the MIDI note number (an integer from 0 to 127)? Reply with ONLY the integer. Nothing else. Output only the answer.,"This audio contains a single sustained musical note that may be slightly out of tune. Identify the NEAREST in-tune pitch (the closest standard musical note). What is the note name and octave? Reply with ONLY the note name in Scientific Pitch Notation (e.g. C4, F#3, Bb5). Nothing else. Output only the answer.","This audio contains a single sustained musical note that may be slightly out of tune. Identify the NEAREST in-tune pitch (the closest standard musical note). What is the solfege syllable and accidental (if needed) of this pitch? Use fixed-do (do=C, re=D, mi=E, fa=F, sol=G, la=A, si=B). Include sharps or flats when needed (e.g. do#, reb, fa#, sib). Do NOT include the octave. Reply with ONLY the syllable and accidental (if needed). Nothing else. Output only the answer.","This audio contains a single sustained musical note that may be slightly out of tune. Identify the NEAREST in-tune pitch (the closest standard musical note). What is the main pitch frequency, expressed in Hertz? Reply with ONLY a number (the frequency in Hz). Nothing else. Output only the answer."
1000,0.0,bass,instrument,88,1,0,0,0,0,E6,F#5,0,0,0,mi,sol#,0,0,0,1,F#5,sol#,1396.9,data/audio/pitchbench_a5_pitch_slightly_off/1318p5hz_bass_1000ms.wav,1318p5hz_bass_1000ms.wav,This audio contains a single sustained musical note that may be slightly out of tune. Identify the NEAREST in-tune pitch (the closest standard musical note). What is the MIDI note number (an integer from 0 to 127)? Reply with ONLY the integer. Nothing else. Output only the answer.,"This audio contains a single sustained musical note that may be slightly out of tune. Identify the NEAREST in-tune pitch (the closest standard musical note). What is the note name and octave? Reply with ONLY the note name in Scientific Pitch Notation (e.g. C4, F#3, Bb5). Nothing else. Output only the answer.","This audio contains a single sustained musical note that may be slightly out of tune. Identify the NEAREST in-tune pitch (the closest standard musical note). What is the solfege syllable and accidental (if needed) of this pitch? Use fixed-do (do=C, re=D, mi=E, fa=F, sol=G, la=A, si=B). Include sharps or flats when needed (e.g. do#, reb, fa#, sib). Do NOT include the octave. Reply with ONLY the syllable and accidental (if needed). Nothing else. Output only the answer.","This audio contains a single sustained musical note that may be slightly out of tune. Identify the NEAREST in-tune pitch (the closest standard musical note). What is the main pitch frequency, expressed in Hertz? Reply with ONLY a number (the frequency in Hz). Nothing else. Output only the answer."
5000,17.6406,bass,instrument,88,92,0,0,0,1,E6,F#5,0,0,0,mi,sol#,0,0,0,92,F#5,sol#,1046,data/audio/pitchbench_a5_pitch_slightly_off/1336p2hz_bass_5000ms.wav,1336p2hz_bass_5000ms.wav,This audio contains a single sustained musical note that may be slightly out of tune. Identify the NEAREST in-tune pitch (the closest standard musical note). What is the MIDI note number (an integer from 0 to 127)? Reply with ONLY the integer. Nothing else. Output only the answer.,"This audio contains a single sustained musical note that may be slightly out of tune. Identify the NEAREST in-tune pitch (the closest standard musical note). What is the note name and octave? Reply with ONLY the note name in Scientific Pitch Notation (e.g. C4, F#3, Bb5). Nothing else. Output only the answer.","This audio contains a single sustained musical note that may be slightly out of tune. Identify the NEAREST in-tune pitch (the closest standard musical note). What is the solfege syllable and accidental (if needed) of this pitch? Use fixed-do (do=C, re=D, mi=E, fa=F, sol=G, la=A, si=B). Include sharps or flats when needed (e.g. do#, reb, fa#, sib). Do NOT include the octave. Reply with ONLY the syllable and accidental (if needed). Nothing else. Output only the answer.","This audio contains a single sustained musical note that may be slightly out of tune. Identify the NEAREST in-tune pitch (the closest standard musical note). What is the main pitch frequency, expressed in Hertz? Reply with ONLY a number (the frequency in Hz). Nothing else. Output only the answer."
5000,0.0,bass,instrument,88,104,0,0,0,0,E6,F#5,0,0,0,mi,sol#,0,0,0,104,F#5,sol#,1046,data/audio/pitchbench_a5_pitch_slightly_off/1318p5hz_bass_5000ms.wav,1318p5hz_bass_5000ms.wav,This audio contains a single sustained musical note that may be slightly out of tune. Identify the NEAREST in-tune pitch (the closest standard musical note). What is the MIDI note number (an integer from 0 to 127)? Reply with ONLY the integer. Nothing else. Output only the answer.,"This audio contains a single sustained musical note that may be slightly out of tune. Identify the NEAREST in-tune pitch (the closest standard musical note). What is the note name and octave? Reply with ONLY the note name in Scientific Pitch Notation (e.g. C4, F#3, Bb5). Nothing else. Output only the answer.","This audio contains a single sustained musical note that may be slightly out of tune. Identify the NEAREST in-tune pitch (the closest standard musical note). What is the solfege syllable and accidental (if needed) of this pitch? Use fixed-do (do=C, re=D, mi=E, fa=F, sol=G, la=A, si=B). Include sharps or flats when needed (e.g. do#, reb, fa#, sib). Do NOT include the octave. Reply with ONLY the syllable and accidental (if needed). Nothing else. Output only the answer.","This audio contains a single sustained musical note that may be slightly out of tune. Identify the NEAREST in-tune pitch (the closest standard musical note). What is the main pitch frequency, expressed in Hertz? Reply with ONLY a number (the frequency in Hz). Nothing else. Output only the answer."
1000,0.6188,synth_lead,instrument,30,36,0,0,0,0,F#1,C2,0,0,0,fa#,fa#,1,0,1,36,C2,fa#,104,data/audio/pitchbench_a5_pitch_slightly_off/46p9hz_synth_lead_1000ms.wav,46p9hz_synth_lead_1000ms.wav,This audio contains a single sustained musical note that may be slightly out of tune. Identify the NEAREST in-tune pitch (the closest standard musical note). What is the MIDI note number (an integer from 0 to 127)? Reply with ONLY the integer. Nothing else. Output only the answer.,"This audio contains a single sustained musical note that may be slightly out of tune. Identify the NEAREST in-tune pitch (the closest standard musical note). What is the note name and octave? Reply with ONLY the note name in Scientific Pitch Notation (e.g. C4, F#3, Bb5). Nothing else. Output only the answer.","This audio contains a single sustained musical note that may be slightly out of tune. Identify the NEAREST in-tune pitch (the closest standard musical note). What is the solfege syllable and accidental (if needed) of this pitch? Use fixed-do (do=C, re=D, mi=E, fa=F, sol=G, la=A, si=B). Include sharps or flats when needed (e.g. do#, reb, fa#, sib). Do NOT include the octave. Reply with ONLY the syllable and accidental (if needed). Nothing else. Output only the answer.","This audio contains a single sustained musical note that may be slightly out of tune. Identify the NEAREST in-tune pitch (the closest standard musical note). What is the main pitch frequency, expressed in Hertz? Reply with ONLY a number (the frequency in Hz). Nothing else. Output only the answer."
1000,0.0,synth_lead,instrument,30,36,0,0,0,0,F#1,C2,0,0,0,fa#,sol#,0,0,0,36,C2,sol#,104,data/audio/pitchbench_a5_pitch_slightly_off/46p2hz_synth_lead_1000ms.wav,46p2hz_synth_lead_1000ms.wav,This audio contains a single sustained musical note that may be slightly out of tune. Identify the NEAREST in-tune pitch (the closest standard musical note). What is the MIDI note number (an integer from 0 to 127)? Reply with ONLY the integer. Nothing else. Output only the answer.,"This audio contains a single sustained musical note that may be slightly out of tune. Identify the NEAREST in-tune pitch (the closest standard musical note). What is the note name and octave? Reply with ONLY the note name in Scientific Pitch Notation (e.g. C4, F#3, Bb5). Nothing else. Output only the answer.","This audio contains a single sustained musical note that may be slightly out of tune. Identify the NEAREST in-tune pitch (the closest standard musical note). What is the solfege syllable and accidental (if needed) of this pitch? Use fixed-do (do=C, re=D, mi=E, fa=F, sol=G, la=A, si=B). Include sharps or flats when needed (e.g. do#, reb, fa#, sib). Do NOT include the octave. Reply with ONLY the syllable and accidental (if needed). Nothing else. Output only the answer.","This audio contains a single sustained musical note that may be slightly out of tune. Identify the NEAREST in-tune pitch (the closest standard musical note). What is the main pitch frequency, expressed in Hertz? Reply with ONLY a number (the frequency in Hz). Nothing else. Output only the answer."
1000,-1.6519,synth_lead,instrument,60,83,0,0,0,0,C4,F5,0,0,0,do,sol,0,0,0,83,F5,sol,1046.5,data/audio/pitchbench_a5_pitch_slightly_off/260p0hz_synth_lead_1000ms.wav,260p0hz_synth_lead_1000ms.wav,This audio contains a single sustained musical note that may be slightly out of tune. Identify the NEAREST in-tune pitch (the closest standard musical note). What is the MIDI note number (an integer from 0 to 127)? Reply with ONLY the integer. Nothing else. Output only the answer.,"This audio contains a single sustained musical note that may be slightly out of tune. Identify the NEAREST in-tune pitch (the closest standard musical note). What is the note name and octave? Reply with ONLY the note name in Scientific Pitch Notation (e.g. C4, F#3, Bb5). Nothing else. Output only the answer.","This audio contains a single sustained musical note that may be slightly out of tune. Identify the NEAREST in-tune pitch (the closest standard musical note). What is the solfege syllable and accidental (if needed) of this pitch? Use fixed-do (do=C, re=D, mi=E, fa=F, sol=G, la=A, si=B). Include sharps or flats when needed (e.g. do#, reb, fa#, sib). Do NOT include the octave. Reply with ONLY the syllable and accidental (if needed). Nothing else. Output only the answer.","This audio contains a single sustained musical note that may be slightly out of tune. Identify the NEAREST in-tune pitch (the closest standard musical note). What is the main pitch frequency, expressed in Hertz? Reply with ONLY a number (the frequency in Hz). Nothing else. Output only the answer."
1000,0.0,synth_lead,instrument,60,95,0,0,0,0,C4,,0,0,0,do,sol,0,0,0,95,,sol,1046,data/audio/pitchbench_a5_pitch_slightly_off/261p6hz_synth_lead_1000ms.wav,261p6hz_synth_lead_1000ms.wav,This audio contains a single sustained musical note that may be slightly out of tune. Identify the NEAREST in-tune pitch (the closest standard musical note). What is the MIDI note number (an integer from 0 to 127)? Reply with ONLY the integer. Nothing else. Output only the answer.,"This audio contains a single sustained musical note that may be slightly out of tune. Identify the NEAREST in-tune pitch (the closest standard musical note). What is the note name and octave? Reply with ONLY the note name in Scientific Pitch Notation (e.g. C4, F#3, Bb5). Nothing else. Output only the answer.","This audio contains a single sustained musical note that may be slightly out of tune. Identify the NEAREST in-tune pitch (the closest standard musical note). What is the solfege syllable and accidental (if needed) of this pitch? Use fixed-do (do=C, re=D, mi=E, fa=F, sol=G, la=A, si=B). Include sharps or flats when needed (e.g. do#, reb, fa#, sib). Do NOT include the octave. Reply with ONLY the syllable and accidental (if needed). Nothing else. Output only the answer.","This audio contains a single sustained musical note that may be slightly out of tune. Identify the NEAREST in-tune pitch (the closest standard musical note). What is the main pitch frequency, expressed in Hertz? Reply with ONLY a number (the frequency in Hz). Nothing else. Output only the answer."
5000,1.7502,synth_lead,instrument,60,101,0,0,0,0,C4,B6,0,0,0,do,si,0,0,0,101,B6,si,1046,data/audio/pitchbench_a5_pitch_slightly_off/263p4hz_synth_lead_5000ms.wav,263p4hz_synth_lead_5000ms.wav,This audio contains a single sustained musical note that may be slightly out of tune. Identify the NEAREST in-tune pitch (the closest standard musical note). What is the MIDI note number (an integer from 0 to 127)? Reply with ONLY the integer. Nothing else. Output only the answer.,"This audio contains a single sustained musical note that may be slightly out of tune. Identify the NEAREST in-tune pitch (the closest standard musical note). What is the note name and octave? Reply with ONLY the note name in Scientific Pitch Notation (e.g. C4, F#3, Bb5). Nothing else. Output only the answer.","This audio contains a single sustained musical note that may be slightly out of tune. Identify the NEAREST in-tune pitch (the closest standard musical note). What is the solfege syllable and accidental (if needed) of this pitch? Use fixed-do (do=C, re=D, mi=E, fa=F, sol=G, la=A, si=B). Include sharps or flats when needed (e.g. do#, reb, fa#, sib). Do NOT include the octave. Reply with ONLY the syllable and accidental (if needed). Nothing else. Output only the answer.","This audio contains a single sustained musical note that may be slightly out of tune. Identify the NEAREST in-tune pitch (the closest standard musical note). What is the main pitch frequency, expressed in Hertz? Reply with ONLY a number (the frequency in Hz). Nothing else. Output only the answer."
5000,0.0,synth_lead,instrument,60,101,0,0,0,0,C4,B6,0,0,0,do,si,0,0,0,101,B6,si,1046,data/audio/pitchbench_a5_pitch_slightly_off/261p6hz_synth_lead_5000ms.wav,261p6hz_synth_lead_5000ms.wav,This audio contains a single sustained musical note that may be slightly out of tune. Identify the NEAREST in-tune pitch (the closest standard musical note). What is the MIDI note number (an integer from 0 to 127)? Reply with ONLY the integer. Nothing else. Output only the answer.,"This audio contains a single sustained musical note that may be slightly out of tune. Identify the NEAREST in-tune pitch (the closest standard musical note). What is the note name and octave? Reply with ONLY the note name in Scientific Pitch Notation (e.g. C4, F#3, Bb5). Nothing else. Output only the answer.","This audio contains a single sustained musical note that may be slightly out of tune. Identify the NEAREST in-tune pitch (the closest standard musical note). What is the solfege syllable and accidental (if needed) of this pitch? Use fixed-do (do=C, re=D, mi=E, fa=F, sol=G, la=A, si=B). Include sharps or flats when needed (e.g. do#, reb, fa#, sib). Do NOT include the octave. Reply with ONLY the syllable and accidental (if needed). Nothing else. Output only the answer.","This audio contains a single sustained musical note that may be slightly out of tune. Identify the NEAREST in-tune pitch (the closest standard musical note). What is the main pitch frequency, expressed in Hertz? Reply with ONLY a number (the frequency in Hz). Nothing else. Output only the answer."
1000,-4.1626,synth_lead,instrument,64,73,0,0,0,0,E4,F#5,0,0,0,mi,sol#,0,0,0,73,F#5,sol#,2936.,data/audio/pitchbench_a5_pitch_slightly_off/325p5hz_synth_lead_1000ms.wav,325p5hz_synth_lead_1000ms.wav,This audio contains a single sustained musical note that may be slightly out of tune. Identify the NEAREST in-tune pitch (the closest standard musical note). What is the MIDI note number (an integer from 0 to 127)? Reply with ONLY the integer. Nothing else. Output only the answer.,"This audio contains a single sustained musical note that may be slightly out of tune. Identify the NEAREST in-tune pitch (the closest standard musical note). What is the note name and octave? Reply with ONLY the note name in Scientific Pitch Notation (e.g. C4, F#3, Bb5). Nothing else. Output only the answer.","This audio contains a single sustained musical note that may be slightly out of tune. Identify the NEAREST in-tune pitch (the closest standard musical note). What is the solfege syllable and accidental (if needed) of this pitch? Use fixed-do (do=C, re=D, mi=E, fa=F, sol=G, la=A, si=B). Include sharps or flats when needed (e.g. do#, reb, fa#, sib). Do NOT include the octave. Reply with ONLY the syllable and accidental (if needed). Nothing else. Output only the answer.","This audio contains a single sustained musical note that may be slightly out of tune. Identify the NEAREST in-tune pitch (the closest standard musical note). What is the main pitch frequency, expressed in Hertz? Reply with ONLY a number (the frequency in Hz). Nothing else. Output only the answer."
1000,0.0,synth_lead,instrument,64,78,0,0,0,0,E4,F#2,0,0,0,mi,sol#,0,0,0,78,F#2,sol#,139.,data/audio/pitchbench_a5_pitch_slightly_off/329p6hz_synth_lead_1000ms.wav,329p6hz_synth_lead_1000ms.wav,This audio contains a single sustained musical note that may be slightly out of tune. Identify the NEAREST in-tune pitch (the closest standard musical note). What is the MIDI note number (an integer from 0 to 127)? Reply with ONLY the integer. Nothing else. Output only the answer.,"This audio contains a single sustained musical note that may be slightly out of tune. Identify the NEAREST in-tune pitch (the closest standard musical note). What is the note name and octave? Reply with ONLY the note name in Scientific Pitch Notation (e.g. C4, F#3, Bb5). Nothing else. Output only the answer.","This audio contains a single sustained musical note that may be slightly out of tune. Identify the NEAREST in-tune pitch (the closest standard musical note). What is the solfege syllable and accidental (if needed) of this pitch? Use fixed-do (do=C, re=D, mi=E, fa=F, sol=G, la=A, si=B). Include sharps or flats when needed (e.g. do#, reb, fa#, sib). Do NOT include the octave. Reply with ONLY the syllable and accidental (if needed). Nothing else. Output only the answer.","This audio contains a single sustained musical note that may be slightly out of tune. Identify the NEAREST in-tune pitch (the closest standard musical note). What is the main pitch frequency, expressed in Hertz? Reply with ONLY a number (the frequency in Hz). Nothing else. Output only the answer."
1000,2.2051,synth_lead,instrument,64,66,0,0,0,1,E4,F#2,0,0,0,mi,sol#,0,0,0,66,F#2,sol#,1396,data/audio/pitchbench_a5_pitch_slightly_off/331p8hz_synth_lead_1000ms.wav,331p8hz_synth_lead_1000ms.wav,This audio contains a single sustained musical note that may be slightly out of tune. Identify the NEAREST in-tune pitch (the closest standard musical note). What is the MIDI note number (an integer from 0 to 127)? Reply with ONLY the integer. Nothing else. Output only the answer.,"This audio contains a single sustained musical note that may be slightly out of tune. Identify the NEAREST in-tune pitch (the closest standard musical note). What is the note name and octave? Reply with ONLY the note name in Scientific Pitch Notation (e.g. C4, F#3, Bb5). Nothing else. Output only the answer.","This audio contains a single sustained musical note that may be slightly out of tune. Identify the NEAREST in-tune pitch (the closest standard musical note). What is the solfege syllable and accidental (if needed) of this pitch? Use fixed-do (do=C, re=D, mi=E, fa=F, sol=G, la=A, si=B). Include sharps or flats when needed (e.g. do#, reb, fa#, sib). Do NOT include the octave. Reply with ONLY the syllable and accidental (if needed). Nothing else. Output only the answer.","This audio contains a single sustained musical note that may be slightly out of tune. Identify the NEAREST in-tune pitch (the closest standard musical note). What is the main pitch frequency, expressed in Hertz? Reply with ONLY a number (the frequency in Hz). Nothing else. Output only the answer."
1000,0.0,synth_lead,instrument,64,66,0,0,0,1,E4,F#2,0,0,0,mi,sol#,0,0,0,66,F#2,sol#,139.,data/audio/pitchbench_a5_pitch_slightly_off/329p6hz_synth_lead_1000ms.wav,329p6hz_synth_lead_1000ms.wav,This audio contains a single sustained musical note that may be slightly out of tune. Identify the NEAREST in-tune pitch (the closest standard musical note). What is the MIDI note number (an integer from 0 to 127)? Reply with ONLY the integer. Nothing else. Output only the answer.,"This audio contains a single sustained musical note that may be slightly out of tune. Identify the NEAREST in-tune pitch (the closest standard musical note). What is the note name and octave? Reply with ONLY the note name in Scientific Pitch Notation (e.g. C4, F#3, Bb5). Nothing else. Output only the answer.","This audio contains a single sustained musical note that may be slightly out of tune. Identify the NEAREST in-tune pitch (the closest standard musical note). What is the solfege syllable and accidental (if needed) of this pitch? Use fixed-do (do=C, re=D, mi=E, fa=F, sol=G, la=A, si=B). Include sharps or flats when needed (e.g. do#, reb, fa#, sib). Do NOT include the octave. Reply with ONLY the syllable and accidental (if needed). Nothing else. Output only the answer.","This audio contains a single sustained musical note that may be slightly out of tune. Identify the NEAREST in-tune pitch (the closest standard musical note). What is the main pitch frequency, expressed in Hertz? Reply with ONLY a number (the frequency in Hz). Nothing else. Output only the answer."
5000,4.4102,synth_lead,instrument,64,42,0,0,0,0,E4,F#5,0,0,0,mi,fa#,0,0,0,42,F#5,fa#,1046.,data/audio/pitchbench_a5_pitch_slightly_off/334p0hz_synth_lead_5000ms.wav,334p0hz_synth_lead_5000ms.wav,This audio contains a single sustained musical note that may be slightly out of tune. Identify the NEAREST in-tune pitch (the closest standard musical note). What is the MIDI note number (an integer from 0 to 127)? Reply with ONLY the integer. Nothing else. Output only the answer.,"This audio contains a single sustained musical note that may be slightly out of tune. Identify the NEAREST in-tune pitch (the closest standard musical note). What is the note name and octave? Reply with ONLY the note name in Scientific Pitch Notation (e.g. C4, F#3, Bb5). Nothing else. Output only the answer.","This audio contains a single sustained musical note that may be slightly out of tune. Identify the NEAREST in-tune pitch (the closest standard musical note). What is the solfege syllable and accidental (if needed) of this pitch? Use fixed-do (do=C, re=D, mi=E, fa=F, sol=G, la=A, si=B). Include sharps or flats when needed (e.g. do#, reb, fa#, sib). Do NOT include the octave. Reply with ONLY the syllable and accidental (if needed). Nothing else. Output only the answer.","This audio contains a single sustained musical note that may be slightly out of tune. Identify the NEAREST in-tune pitch (the closest standard musical note). What is the main pitch frequency, expressed in Hertz? Reply with ONLY a number (the frequency in Hz). Nothing else. Output only the answer."
5000,0.0,synth_lead,instrument,64,42,0,0,0,0,E4,F#5,0,0,0,mi,fa#,0,0,0,42,F#5,fa#,,data/audio/pitchbench_a5_pitch_slightly_off/329p6hz_synth_lead_5000ms.wav,329p6hz_synth_lead_5000ms.wav,This audio contains a single sustained musical note that may be slightly out of tune. Identify the NEAREST in-tune pitch (the closest standard musical note). What is the MIDI note number (an integer from 0 to 127)? Reply with ONLY the integer. Nothing else. Output only the answer.,"This audio contains a single sustained musical note that may be slightly out of tune. Identify the NEAREST in-tune pitch (the closest standard musical note). What is the note name and octave? Reply with ONLY the note name in Scientific Pitch Notation (e.g. C4, F#3, Bb5). Nothing else. Output only the answer.","This audio contains a single sustained musical note that may be slightly out of tune. Identify the NEAREST in-tune pitch (the closest standard musical note). What is the solfege syllable and accidental (if needed) of this pitch? Use fixed-do (do=C, re=D, mi=E, fa=F, sol=G, la=A, si=B). Include sharps or flats when needed (e.g. do#, reb, fa#, sib). Do NOT include the octave. Reply with ONLY the syllable and accidental (if needed). Nothing else. Output only the answer.","This audio contains a single sustained musical note that may be slightly out of tune. Identify the NEAREST in-tune pitch (the closest standard musical note). What is the main pitch frequency, expressed in Hertz? Reply with ONLY a number (the frequency in Hz). Nothing else. Output only the answer."
5000,-9.9005,synth_lead,instrument,79,10,0,0,0,0,G5,B6,0,0,0,sol,sol#,0,0,0,10,B6,sol#,117,data/audio/pitchbench_a5_pitch_slightly_off/774p1hz_synth_lead_5000ms.wav,774p1hz_synth_lead_5000ms.wav,This audio contains a single sustained musical note that may be slightly out of tune. Identify the NEAREST in-tune pitch (the closest standard musical note). What is the MIDI note number (an integer from 0 to 127)? Reply with ONLY the integer. Nothing else. Output only the answer.,"This audio contains a single sustained musical note that may be slightly out of tune. Identify the NEAREST in-tune pitch (the closest standard musical note). What is the note name and octave? Reply with ONLY the note name in Scientific Pitch Notation (e.g. C4, F#3, Bb5). Nothing else. Output only the answer.","This audio contains a single sustained musical note that may be slightly out of tune. Identify the NEAREST in-tune pitch (the closest standard musical note). What is the solfege syllable and accidental (if needed) of this pitch? Use fixed-do (do=C, re=D, mi=E, fa=F, sol=G, la=A, si=B). Include sharps or flats when needed (e.g. do#, reb, fa#, sib). Do NOT include the octave. Reply with ONLY the syllable and accidental (if needed). Nothing else. Output only the answer.","This audio contains a single sustained musical note that may be slightly out of tune. Identify the NEAREST in-tune pitch (the closest standard musical note). What is the main pitch frequency, expressed in Hertz? Reply with ONLY a number (the frequency in Hz). Nothing else. Output only the answer."
5000,0.0,synth_lead,instrument,79,79,1,1,1,1,G5,F#5,0,0,1,sol,sol#,0,0,1,79,F#5,sol#,311.1,data/audio/pitchbench_a5_pitch_slightly_off/784p0hz_synth_lead_5000ms.wav,784p0hz_synth_lead_5000ms.wav,This audio contains a single sustained musical note that may be slightly out of tune. Identify the NEAREST in-tune pitch (the closest standard musical note). What is the MIDI note number (an integer from 0 to 127)? Reply with ONLY the integer. Nothing else. Output only the answer.,"This audio contains a single sustained musical note that may be slightly out of tune. Identify the NEAREST in-tune pitch (the closest standard musical note). What is the note name and octave? Reply with ONLY the note name in Scientific Pitch Notation (e.g. C4, F#3, Bb5). Nothing else. Output only the answer.","This audio contains a single sustained musical note that may be slightly out of tune. Identify the NEAREST in-tune pitch (the closest standard musical note). What is the solfege syllable and accidental (if needed) of this pitch? Use fixed-do (do=C, re=D, mi=E, fa=F, sol=G, la=A, si=B). Include sharps or flats when needed (e.g. do#, reb, fa#, sib). Do NOT include the octave. Reply with ONLY the syllable and accidental (if needed). Nothing else. Output only the answer.","This audio contains a single sustained musical note that may be slightly out of tune. Identify the NEAREST in-tune pitch (the closest standard musical note). What is the main pitch frequency, expressed in Hertz? Reply with ONLY a number (the frequency in Hz). Nothing else. Output only the answer."
5000,-4.9502,synth_lead,instrument,79,84,0,0,0,0,G5,,0,0,0,sol,sol#,0,0,0,84,F#,sol#,830,data/audio/pitchbench_a5_pitch_slightly_off/779p0hz_synth_lead_5000ms.wav,779p0hz_synth_lead_5000ms.wav,This audio contains a single sustained musical note that may be slightly out of tune. Identify the NEAREST in-tune pitch (the closest standard musical note). What is the MIDI note number (an integer from 0 to 127)? Reply with ONLY the integer. Nothing else. Output only the answer.,"This audio contains a single sustained musical note that may be slightly out of tune. Identify the NEAREST in-tune pitch (the closest standard musical note). What is the note name and octave? Reply with ONLY the note name in Scientific Pitch Notation (e.g. C4, F#3, Bb5). Nothing else. Output only the answer.","This audio contains a single sustained musical note that may be slightly out of tune. Identify the NEAREST in-tune pitch (the closest standard musical note). What is the solfege syllable and accidental (if needed) of this pitch? Use fixed-do (do=C, re=D, mi=E, fa=F, sol=G, la=A, si=B). Include sharps or flats when needed (e.g. do#, reb, fa#, sib). Do NOT include the octave. Reply with ONLY the syllable and accidental (if needed). Nothing else. Output only the answer.","This audio contains a single sustained musical note that may be slightly out of tune. Identify the NEAREST in-tune pitch (the closest standard musical note). What is the main pitch frequency, expressed in Hertz? Reply with ONLY a number (the frequency in Hz). Nothing else. Output only the answer."
5000,0.0,synth_lead,instrument,79,79,1,1,1,1,G5,F#6,0,0,0,sol,sol#,0,0,1,79,F#6,sol#,311.1,data/audio/pitchbench_a5_pitch_slightly_off/784p0hz_synth_lead_5000ms.wav,784p0hz_synth_lead_5000ms.wav,This audio contains a single sustained musical note that may be slightly out of tune. Identify the NEAREST in-tune pitch (the closest standard musical note). What is the MIDI note number (an integer from 0 to 127)? Reply with ONLY the integer. Nothing else. Output only the answer.,"This audio contains a single sustained musical note that may be slightly out of tune. Identify the NEAREST in-tune pitch (the closest standard musical note). What is the note name and octave? Reply with ONLY the note name in Scientific Pitch Notation (e.g. C4, F#3, Bb5). Nothing else. Output only the answer.","This audio contains a single sustained musical note that may be slightly out of tune. Identify the NEAREST in-tune pitch (the closest standard musical note). What is the solfege syllable and accidental (if needed) of this pitch? Use fixed-do (do=C, re=D, mi=E, fa=F, sol=G, la=A, si=B). Include sharps or flats when needed (e.g. do#, reb, fa#, sib). Do NOT include the octave. Reply with ONLY the syllable and accidental (if needed). Nothing else. Output only the answer.","This audio contains a single sustained musical note that may be slightly out of tune. Identify the NEAREST in-tune pitch (the closest standard musical note). What is the main pitch frequency, expressed in Hertz? Reply with ONLY a number (the frequency in Hz). Nothing else. Output only the answer."
1000,-8.3253,synth_lead,instrument,88,107,0,0,0,0,E6,F#6,0,0,1,mi,fa#,0,0,0,107,F#6,fa#,1046,data/audio/pitchbench_a5_pitch_slightly_off/1310p2hz_synth_lead_1000ms.wav,1310p2hz_synth_lead_1000ms.wav,This audio contains a single sustained musical note that may be slightly out of tune. Identify the NEAREST in-tune pitch (the closest standard musical note). What is the MIDI note number (an integer from 0 to 127)? Reply with ONLY the integer. Nothing else. Output only the answer.,"This audio contains a single sustained musical note that may be slightly out of tune. Identify the NEAREST in-tune pitch (the closest standard musical note). What is the note name and octave? Reply with ONLY the note name in Scientific Pitch Notation (e.g. C4, F#3, Bb5). Nothing else. Output only the answer.","This audio contains a single sustained musical note that may be slightly out of tune. Identify the NEAREST in-tune pitch (the closest standard musical note). What is the solfege syllable and accidental (if needed) of this pitch? Use fixed-do (do=C, re=D, mi=E, fa=F, sol=G, la=A, si=B). Include sharps or flats when needed (e.g. do#, reb, fa#, sib). Do NOT include the octave. Reply with ONLY the syllable and accidental (if needed). Nothing else. Output only the answer.","This audio contains a single sustained musical note that may be slightly out of tune. Identify the NEAREST in-tune pitch (the closest standard musical note). What is the main pitch frequency, expressed in Hertz? Reply with ONLY a number (the frequency in Hz). Nothing else. Output only the answer."
1000,0.0,synth_lead,instrument,88,108,0,0,0,0,E6,F#6,0,0,1,mi,fa#,0,0,0,108,F#6,fa#,3135.9,data/audio/pitchbench_a5_pitch_slightly_off/1318p5hz_synth_lead_1000ms.wav,1318p5hz_synth_lead_1000ms.wav,This audio contains a single sustained musical note that may be slightly out of tune. Identify the NEAREST in-tune pitch (the closest standard musical note). What is the MIDI note number (an integer from 0 to 127)? Reply with ONLY the integer. Nothing else. Output only the answer.,"This audio contains a single sustained musical note that may be slightly out of tune. Identify the NEAREST in-tune pitch (the closest standard musical note). What is the note name and octave? Reply with ONLY the note name in Scientific Pitch Notation (e.g. C4, F#3, Bb5). Nothing else. Output only the answer.","This audio contains a single sustained musical note that may be slightly out of tune. Identify the NEAREST in-tune pitch (the closest standard musical note). What is the solfege syllable and accidental (if needed) of this pitch? Use fixed-do (do=C, re=D, mi=E, fa=F, sol=G, la=A, si=B). Include sharps or flats when needed (e.g. do#, reb, fa#, sib). Do NOT include the octave. Reply with ONLY the syllable and accidental (if needed). Nothing else. Output only the answer.","This audio contains a single sustained musical note that may be slightly out of tune. Identify the NEAREST in-tune pitch (the closest standard musical note). What is the main pitch frequency, expressed in Hertz? Reply with ONLY a number (the frequency in Hz). Nothing else. Output only the answer."
1000,-0.584,synth_pad,instrument,30,36,0,0,0,0,F#1,D2,0,0,0,fa#,sol#,0,0,0,36,D2,sol#,130.8,data/audio/pitchbench_a5_pitch_slightly_off/45p7hz_synth_pad_1000ms.wav,45p7hz_synth_pad_1000ms.wav,This audio contains a single sustained musical note that may be slightly out of tune. Identify the NEAREST in-tune pitch (the closest standard musical note). What is the MIDI note number (an integer from 0 to 127)? Reply with ONLY the integer. Nothing else. Output only the answer.,"This audio contains a single sustained musical note that may be slightly out of tune. Identify the NEAREST in-tune pitch (the closest standard musical note). What is the note name and octave? Reply with ONLY the note name in Scientific Pitch Notation (e.g. C4, F#3, Bb5). Nothing else. Output only the answer.","This audio contains a single sustained musical note that may be slightly out of tune. Identify the NEAREST in-tune pitch (the closest standard musical note). What is the solfege syllable and accidental (if needed) of this pitch? Use fixed-do (do=C, re=D, mi=E, fa=F, sol=G, la=A, si=B). Include sharps or flats when needed (e.g. do#, reb, fa#, sib). Do NOT include the octave. Reply with ONLY the syllable and accidental (if needed). Nothing else. Output only the answer.","This audio contains a single sustained musical note that may be slightly out of tune. Identify the NEAREST in-tune pitch (the closest standard musical note). What is the main pitch frequency, expressed in Hertz? Reply with ONLY a number (the frequency in Hz). Nothing else. Output only the answer."
1000,0.0,synth_pad,instrument,30,31,0,1,0,1,F#1,D2,0,0,0,fa#,sol#,0,0,0,31,D2,sol#,10,data/audio/pitchbench_a5_pitch_slightly_off/46p2hz_synth_pad_1000ms.wav,46p2hz_synth_pad_1000ms.wav,This audio contains a single sustained musical note that may be slightly out of tune. Identify the NEAREST in-tune pitch (the closest standard musical note). What is the MIDI note number (an integer from 0 to 127)? Reply with ONLY the integer. Nothing else. Output only the answer.,"This audio contains a single sustained musical note that may be slightly out of tune. Identify the NEAREST in-tune pitch (the closest standard musical note). What is the note name and octave? Reply with ONLY the note name in Scientific Pitch Notation (e.g. C4, F#3, Bb5). Nothing else. Output only the answer.","This audio contains a single sustained musical note that may be slightly out of tune. Identify the NEAREST in-tune pitch (the closest standard musical note). What is the solfege syllable and accidental (if needed) of this pitch? Use fixed-do (do=C, re=D, mi=E, fa=F, sol=G, la=A, si=B). Include sharps or flats when needed (e.g. do#, reb, fa#, sib). Do NOT include the octave. Reply with ONLY the syllable and accidental (if needed). Nothing else. Output only the answer.","This audio contains a single sustained musical note that may be slightly out of tune. Identify the NEAREST in-tune pitch (the closest standard musical note). What is the main pitch frequency, expressed in Hertz? Reply with ONLY a number (the frequency in Hz). Nothing else. Output only the answer."
5000,0.6188,synth_pad,instrument,30,84,0,0,0,0,F#1,E2,0,0,0,fa#,sol#,0,0,0,84,E2,sol#,1046.5,data/audio/pitchbench_a5_pitch_slightly_off/46p9hz_synth_pad_5000ms.wav,46p9hz_synth_pad_5000ms.wav,This audio contains a single sustained musical note that may be slightly out of tune. Identify the NEAREST in-tune pitch (the closest standard musical note). What is the MIDI note number (an integer from 0 to 127)? Reply with ONLY the integer. Nothing else. Output only the answer.,"This audio contains a single sustained musical note that may be slightly out of tune. Identify the NEAREST in-tune pitch (the closest standard musical note). What is the note name and octave? Reply with ONLY the note name in Scientific Pitch Notation (e.g. C4, F#3, Bb5). Nothing else. Output only the answer.","This audio contains a single sustained musical note that may be slightly out of tune. Identify the NEAREST in-tune pitch (the closest standard musical note). What is the solfege syllable and accidental (if needed) of this pitch? Use fixed-do (do=C, re=D, mi=E, fa=F, sol=G, la=A, si=B). Include sharps or flats when needed (e.g. do#, reb, fa#, sib). Do NOT include the octave. Reply with ONLY the syllable and accidental (if needed). Nothing else. Output only the answer.","This audio contains a single sustained musical note that may be slightly out of tune. Identify the NEAREST in-tune pitch (the closest standard musical note). What is the main pitch frequency, expressed in Hertz? Reply with ONLY a number (the frequency in Hz). Nothing else. Output only the answer."
5000,0.0,synth_pad,instrument,30,41,0,0,0,0,F#1,D2,0,0,0,fa#,,0,0,0,41,D2,": # for sharp, b",65.41,data/audio/pitchbench_a5_pitch_slightly_off/46p2hz_synth_pad_5000ms.wav,46p2hz_synth_pad_5000ms.wav,This audio contains a single sustained musical note that may be slightly out of tune. Identify the NEAREST in-tune pitch (the closest standard musical note). What is the MIDI note number (an integer from 0 to 127)? Reply with ONLY the integer. Nothing else. Output only the answer.,"This audio contains a single sustained musical note that may be slightly out of tune. Identify the NEAREST in-tune pitch (the closest standard musical note). What is the note name and octave? Reply with ONLY the note name in Scientific Pitch Notation (e.g. C4, F#3, Bb5). Nothing else. Output only the answer.","This audio contains a single sustained musical note that may be slightly out of tune. Identify the NEAREST in-tune pitch (the closest standard musical note). What is the solfege syllable and accidental (if needed) of this pitch? Use fixed-do (do=C, re=D, mi=E, fa=F, sol=G, la=A, si=B). Include sharps or flats when needed (e.g. do#, reb, fa#, sib). Do NOT include the octave. Reply with ONLY the syllable and accidental (if needed). Nothing else. Output only the answer.","This audio contains a single sustained musical note that may be slightly out of tune. Identify the NEAREST in-tune pitch (the closest standard musical note). What is the main pitch frequency, expressed in Hertz? Reply with ONLY a number (the frequency in Hz). Nothing else. Output only the answer."
1000,-0.413,synth_pad,instrument,36,41,0,0,0,1,C2,D2,0,0,1,do,sol#,0,0,0,41,D2,sol#,1046.5,data/audio/pitchbench_a5_pitch_slightly_off/65p0hz_synth_pad_1000ms.wav,65p0hz_synth_pad_1000ms.wav,This audio contains a single sustained musical note that may be slightly out of tune. Identify the NEAREST in-tune pitch (the closest standard musical note). What is the MIDI note number (an integer from 0 to 127)? Reply with ONLY the integer. Nothing else. Output only the answer.,"This audio contains a single sustained musical note that may be slightly out of tune. Identify the NEAREST in-tune pitch (the closest standard musical note). What is the note name and octave? Reply with ONLY the note name in Scientific Pitch Notation (e.g. C4, F#3, Bb5). Nothing else. Output only the answer.","This audio contains a single sustained musical note that may be slightly out of tune. Identify the NEAREST in-tune pitch (the closest standard musical note). What is the solfege syllable and accidental (if needed) of this pitch? Use fixed-do (do=C, re=D, mi=E, fa=F, sol=G, la=A, si=B). Include sharps or flats when needed (e.g. do#, reb, fa#, sib). Do NOT include the octave. Reply with ONLY the syllable and accidental (if needed). Nothing else. Output only the answer.","This audio contains a single sustained musical note that may be slightly out of tune. Identify the NEAREST in-tune pitch (the closest standard musical note). What is the main pitch frequency, expressed in Hertz? Reply with ONLY a number (the frequency in Hz). Nothing else. Output only the answer."
1000,0.0,synth_pad,instrument,36,60,0,0,1,0,C2,C4,0,1,0,do,fa#,0,0,0,60,C4,fa#,440,data/audio/pitchbench_a5_pitch_slightly_off/65p4hz_synth_pad_1000ms.wav,65p4hz_synth_pad_1000ms.wav,This audio contains a single sustained musical note that may be slightly out of tune. Identify the NEAREST in-tune pitch (the closest standard musical note). What is the MIDI note number (an integer from 0 to 127)? Reply with ONLY the integer. Nothing else. Output only the answer.,"This audio contains a single sustained musical note that may be slightly out of tune. Identify the NEAREST in-tune pitch (the closest standard musical note). What is the note name and octave? Reply with ONLY the note name in Scientific Pitch Notation (e.g. C4, F#3, Bb5). Nothing else. Output only the answer.","This audio contains a single sustained musical note that may be slightly out of tune. Identify the NEAREST in-tune pitch (the closest standard musical note). What is the solfege syllable and accidental (if needed) of this pitch? Use fixed-do (do=C, re=D, mi=E, fa=F, sol=G, la=A, si=B). Include sharps or flats when needed (e.g. do#, reb, fa#, sib). Do NOT include the octave. Reply with ONLY the syllable and accidental (if needed). Nothing else. Output only the answer.","This audio contains a single sustained musical note that may be slightly out of tune. Identify the NEAREST in-tune pitch (the closest standard musical note). What is the main pitch frequency, expressed in Hertz? Reply with ONLY a number (the frequency in Hz). Nothing else. Output only the answer."
1000,-0.6188,synth_pad,instrument,43,62,0,0,0,0,G2,D2,0,0,1,sol,sol#,0,0,0,62,D2,sol#,130,data/audio/pitchbench_a5_pitch_slightly_off/97p4hz_synth_pad_1000ms.wav,97p4hz_synth_pad_1000ms.wav,This audio contains a single sustained musical note that may be slightly out of tune. Identify the NEAREST in-tune pitch (the closest standard musical note). What is the MIDI note number (an integer from 0 to 127)? Reply with ONLY the integer. Nothing else. Output only the answer.,"This audio contains a single sustained musical note that may be slightly out of tune. Identify the NEAREST in-tune pitch (the closest standard musical note). What is the note name and octave? Reply with ONLY the note name in Scientific Pitch Notation (e.g. C4, F#3, Bb5). Nothing else. Output only the answer.","This audio contains a single sustained musical note that may be slightly out of tune. Identify the NEAREST in-tune pitch (the closest standard musical note). What is the solfege syllable and accidental (if needed) of this pitch? Use fixed-do (do=C, re=D, mi=E, fa=F, sol=G, la=A, si=B). Include sharps or flats when needed (e.g. do#, reb, fa#, sib). Do NOT include the octave. Reply with ONLY the syllable and accidental (if needed). Nothing else. Output only the answer.","This audio contains a single sustained musical note that may be slightly out of tune. Identify the NEAREST in-tune pitch (the closest standard musical note). What is the main pitch frequency, expressed in Hertz? Reply with ONLY a number (the frequency in Hz). Nothing else. Output only the answer."
1000,0.0,synth_pad,instrument,43,40,0,0,0,1,G2,D5,0,0,0,sol,sol#,0,0,0,40,D5,sol#,103.8,data/audio/pitchbench_a5_pitch_slightly_off/98p0hz_synth_pad_1000ms.wav,98p0hz_synth_pad_1000ms.wav,This audio contains a single sustained musical note that may be slightly out of tune. Identify the NEAREST in-tune pitch (the closest standard musical note). What is the MIDI note number (an integer from 0 to 127)? Reply with ONLY the integer. Nothing else. Output only the answer.,"This audio contains a single sustained musical note that may be slightly out of tune. Identify the NEAREST in-tune pitch (the closest standard musical note). What is the note name and octave? Reply with ONLY the note name in Scientific Pitch Notation (e.g. C4, F#3, Bb5). Nothing else. Output only the answer.","This audio contains a single sustained musical note that may be slightly out of tune. Identify the NEAREST in-tune pitch (the closest standard musical note). What is the solfege syllable and accidental (if needed) of this pitch? Use fixed-do (do=C, re=D, mi=E, fa=F, sol=G, la=A, si=B). Include sharps or flats when needed (e.g. do#, reb, fa#, sib). Do NOT include the octave. Reply with ONLY the syllable and accidental (if needed). Nothing else. Output only the answer.","This audio contains a single sustained musical note that may be slightly out of tune. Identify the NEAREST in-tune pitch (the closest standard musical note). What is the main pitch frequency, expressed in Hertz? Reply with ONLY a number (the frequency in Hz). Nothing else. Output only the answer."
5000,-1.2376,synth_pad,instrument,43,36,0,0,0,1,G2,C2,0,0,1,sol,sol#,0,0,0,36,C2,sol#,8,data/audio/pitchbench_a5_pitch_slightly_off/96p8hz_synth_pad_5000ms.wav,96p8hz_synth_pad_5000ms.wav,This audio contains a single sustained musical note that may be slightly out of tune. Identify the NEAREST in-tune pitch (the closest standard musical note). What is the MIDI note number (an integer from 0 to 127)? Reply with ONLY the integer. Nothing else. Output only the answer.,"This audio contains a single sustained musical note that may be slightly out of tune. Identify the NEAREST in-tune pitch (the closest standard musical note). What is the note name and octave? Reply with ONLY the note name in Scientific Pitch Notation (e.g. C4, F#3, Bb5). Nothing else. Output only the answer.","This audio contains a single sustained musical note that may be slightly out of tune. Identify the NEAREST in-tune pitch (the closest standard musical note). What is the solfege syllable and accidental (if needed) of this pitch? Use fixed-do (do=C, re=D, mi=E, fa=F, sol=G, la=A, si=B). Include sharps or flats when needed (e.g. do#, reb, fa#, sib). Do NOT include the octave. Reply with ONLY the syllable and accidental (if needed). Nothing else. Output only the answer.","This audio contains a single sustained musical note that may be slightly out of tune. Identify the NEAREST in-tune pitch (the closest standard musical note). What is the main pitch frequency, expressed in Hertz? Reply with ONLY a number (the frequency in Hz). Nothing else. Output only the answer."
5000,0.0,synth_pad,instrument,43,36,0,0,0,1,G2,D2,0,0,1,sol,fa#,0,0,0,36,D2,fa#,103.83,data/audio/pitchbench_a5_pitch_slightly_off/98p0hz_synth_pad_5000ms.wav,98p0hz_synth_pad_5000ms.wav,This audio contains a single sustained musical note that may be slightly out of tune. Identify the NEAREST in-tune pitch (the closest standard musical note). What is the MIDI note number (an integer from 0 to 127)? Reply with ONLY the integer. Nothing else. Output only the answer.,"This audio contains a single sustained musical note that may be slightly out of tune. Identify the NEAREST in-tune pitch (the closest standard musical note). What is the note name and octave? Reply with ONLY the note name in Scientific Pitch Notation (e.g. C4, F#3, Bb5). Nothing else. Output only the answer.","This audio contains a single sustained musical note that may be slightly out of tune. Identify the NEAREST in-tune pitch (the closest standard musical note). What is the solfege syllable and accidental (if needed) of this pitch? Use fixed-do (do=C, re=D, mi=E, fa=F, sol=G, la=A, si=B). Include sharps or flats when needed (e.g. do#, reb, fa#, sib). Do NOT include the octave. Reply with ONLY the syllable and accidental (if needed). Nothing else. Output only the answer.","This audio contains a single sustained musical note that may be slightly out of tune. Identify the NEAREST in-tune pitch (the closest standard musical note). What is the main pitch frequency, expressed in Hertz? Reply with ONLY a number (the frequency in Hz). Nothing else. Output only the answer."
1000,-1.6519,synth_pad,instrument,48,36,0,0,1,0,C3,D2,0,0,0,do,sol#,0,0,0,36,D2,sol#,87.,data/audio/pitchbench_a5_pitch_slightly_off/129p2hz_synth_pad_1000ms.wav,129p2hz_synth_pad_1000ms.wav,This audio contains a single sustained musical note that may be slightly out of tune. Identify the NEAREST in-tune pitch (the closest standard musical note). What is the MIDI note number (an integer from 0 to 127)? Reply with ONLY the integer. Nothing else. Output only the answer.,"This audio contains a single sustained musical note that may be slightly out of tune. Identify the NEAREST in-tune pitch (the closest standard musical note). What is the note name and octave? Reply with ONLY the note name in Scientific Pitch Notation (e.g. C4, F#3, Bb5). Nothing else. Output only the answer.","This audio contains a single sustained musical note that may be slightly out of tune. Identify the NEAREST in-tune pitch (the closest standard musical note). What is the solfege syllable and accidental (if needed) of this pitch? Use fixed-do (do=C, re=D, mi=E, fa=F, sol=G, la=A, si=B). Include sharps or flats when needed (e.g. do#, reb, fa#, sib). Do NOT include the octave. Reply with ONLY the syllable and accidental (if needed). Nothing else. Output only the answer.","This audio contains a single sustained musical note that may be slightly out of tune. Identify the NEAREST in-tune pitch (the closest standard musical note). What is the main pitch frequency, expressed in Hertz? Reply with ONLY a number (the frequency in Hz). Nothing else. Output only the answer."
1000,0.0,synth_pad,instrument,48,50,0,0,0,1,C3,D2,0,0,0,do,sol#,0,0,0,50,D2,sol#,1396.,data/audio/pitchbench_a5_pitch_slightly_off/130p8hz_synth_pad_1000ms.wav,130p8hz_synth_pad_1000ms.wav,This audio contains a single sustained musical note that may be slightly out of tune. Identify the NEAREST in-tune pitch (the closest standard musical note). What is the MIDI note number (an integer from 0 to 127)? Reply with ONLY the integer. Nothing else. Output only the answer.,"This audio contains a single sustained musical note that may be slightly out of tune. Identify the NEAREST in-tune pitch (the closest standard musical note). What is the note name and octave? Reply with ONLY the note name in Scientific Pitch Notation (e.g. C4, F#3, Bb5). Nothing else. Output only the answer.","This audio contains a single sustained musical note that may be slightly out of tune. Identify the NEAREST in-tune pitch (the closest standard musical note). What is the solfege syllable and accidental (if needed) of this pitch? Use fixed-do (do=C, re=D, mi=E, fa=F, sol=G, la=A, si=B). Include sharps or flats when needed (e.g. do#, reb, fa#, sib). Do NOT include the octave. Reply with ONLY the syllable and accidental (if needed). Nothing else. Output only the answer.","This audio contains a single sustained musical note that may be slightly out of tune. Identify the NEAREST in-tune pitch (the closest standard musical note). What is the main pitch frequency, expressed in Hertz? Reply with ONLY a number (the frequency in Hz). Nothing else. Output only the answer."
5000,0.8751,synth_pad,instrument,48,36,0,0,1,0,C3,C2,0,1,0,do,sol#,0,0,0,36,C2,sol#,1396.9,data/audio/pitchbench_a5_pitch_slightly_off/131p7hz_synth_pad_5000ms.wav,131p7hz_synth_pad_5000ms.wav,This audio contains a single sustained musical note that may be slightly out of tune. Identify the NEAREST in-tune pitch (the closest standard musical note). What is the MIDI note number (an integer from 0 to 127)? Reply with ONLY the integer. Nothing else. Output only the answer.,"This audio contains a single sustained musical note that may be slightly out of tune. Identify the NEAREST in-tune pitch (the closest standard musical note). What is the note name and octave? Reply with ONLY the note name in Scientific Pitch Notation (e.g. C4, F#3, Bb5). Nothing else. Output only the answer.","This audio contains a single sustained musical note that may be slightly out of tune. Identify the NEAREST in-tune pitch (the closest standard musical note). What is the solfege syllable and accidental (if needed) of this pitch? Use fixed-do (do=C, re=D, mi=E, fa=F, sol=G, la=A, si=B). Include sharps or flats when needed (e.g. do#, reb, fa#, sib). Do NOT include the octave. Reply with ONLY the syllable and accidental (if needed). Nothing else. Output only the answer.","This audio contains a single sustained musical note that may be slightly out of tune. Identify the NEAREST in-tune pitch (the closest standard musical note). What is the main pitch frequency, expressed in Hertz? Reply with ONLY a number (the frequency in Hz). Nothing else. Output only the answer."
5000,0.0,synth_pad,instrument,48,36,0,0,1,0,C3,D2,0,0,0,do,sol#,0,0,0,36,D2,sol#,65.,data/audio/pitchbench_a5_pitch_slightly_off/130p8hz_synth_pad_5000ms.wav,130p8hz_synth_pad_5000ms.wav,This audio contains a single sustained musical note that may be slightly out of tune. Identify the NEAREST in-tune pitch (the closest standard musical note). What is the MIDI note number (an integer from 0 to 127)? Reply with ONLY the integer. Nothing else. Output only the answer.,"This audio contains a single sustained musical note that may be slightly out of tune. Identify the NEAREST in-tune pitch (the closest standard musical note). What is the note name and octave? Reply with ONLY the note name in Scientific Pitch Notation (e.g. C4, F#3, Bb5). Nothing else. Output only the answer.","This audio contains a single sustained musical note that may be slightly out of tune. Identify the NEAREST in-tune pitch (the closest standard musical note). What is the solfege syllable and accidental (if needed) of this pitch? Use fixed-do (do=C, re=D, mi=E, fa=F, sol=G, la=A, si=B). Include sharps or flats when needed (e.g. do#, reb, fa#, sib). Do NOT include the octave. Reply with ONLY the syllable and accidental (if needed). Nothing else. Output only the answer.","This audio contains a single sustained musical note that may be slightly out of tune. Identify the NEAREST in-tune pitch (the closest standard musical note). What is the main pitch frequency, expressed in Hertz? Reply with ONLY a number (the frequency in Hz). Nothing else. Output only the answer."
1000,1.2376,synth_pad,instrument,54,36,0,0,0,0,F#3,C2,0,0,0,fa#,do#,0,0,0,36,C2,"examples: do#, reb",138.,data/audio/pitchbench_a5_pitch_slightly_off/186p2hz_synth_pad_1000ms.wav,186p2hz_synth_pad_1000ms.wav,This audio contains a single sustained musical note that may be slightly out of tune. Identify the NEAREST in-tune pitch (the closest standard musical note). What is the MIDI note number (an integer from 0 to 127)? Reply with ONLY the integer. Nothing else. Output only the answer.,"This audio contains a single sustained musical note that may be slightly out of tune. Identify the NEAREST in-tune pitch (the closest standard musical note). What is the note name and octave? Reply with ONLY the note name in Scientific Pitch Notation (e.g. C4, F#3, Bb5). Nothing else. Output only the answer.","This audio contains a single sustained musical note that may be slightly out of tune. Identify the NEAREST in-tune pitch (the closest standard musical note). What is the solfege syllable and accidental (if needed) of this pitch? Use fixed-do (do=C, re=D, mi=E, fa=F, sol=G, la=A, si=B). Include sharps or flats when needed (e.g. do#, reb, fa#, sib). Do NOT include the octave. Reply with ONLY the syllable and accidental (if needed). Nothing else. Output only the answer.","This audio contains a single sustained musical note that may be slightly out of tune. Identify the NEAREST in-tune pitch (the closest standard musical note). What is the main pitch frequency, expressed in Hertz? Reply with ONLY a number (the frequency in Hz). Nothing else. Output only the answer."
1000,0.0,synth_pad,instrument,54,43,0,0,0,0,F#3,D2,0,0,0,fa#,sol,0,0,0,43,D2,sol,130.8,data/audio/pitchbench_a5_pitch_slightly_off/185p0hz_synth_pad_1000ms.wav,185p0hz_synth_pad_1000ms.wav,This audio contains a single sustained musical note that may be slightly out of tune. Identify the NEAREST in-tune pitch (the closest standard musical note). What is the MIDI note number (an integer from 0 to 127)? Reply with ONLY the integer. Nothing else. Output only the answer.,"This audio contains a single sustained musical note that may be slightly out of tune. Identify the NEAREST in-tune pitch (the closest standard musical note). What is the note name and octave? Reply with ONLY the note name in Scientific Pitch Notation (e.g. C4, F#3, Bb5). Nothing else. Output only the answer.","This audio contains a single sustained musical note that may be slightly out of tune. Identify the NEAREST in-tune pitch (the closest standard musical note). What is the solfege syllable and accidental (if needed) of this pitch? Use fixed-do (do=C, re=D, mi=E, fa=F, sol=G, la=A, si=B). Include sharps or flats when needed (e.g. do#, reb, fa#, sib). Do NOT include the octave. Reply with ONLY the syllable and accidental (if needed). Nothing else. Output only the answer.","This audio contains a single sustained musical note that may be slightly out of tune. Identify the NEAREST in-tune pitch (the closest standard musical note). What is the main pitch frequency, expressed in Hertz? Reply with ONLY a number (the frequency in Hz). Nothing else. Output only the answer."
5000,1.2376,synth_pad,instrument,54,36,0,0,0,0,F#3,G#4,0,0,0,fa#,sol#,0,0,0,36,G#4,sol#,1046.,data/audio/pitchbench_a5_pitch_slightly_off/186p2hz_synth_pad_5000ms.wav,186p2hz_synth_pad_5000ms.wav,This audio contains a single sustained musical note that may be slightly out of tune. Identify the NEAREST in-tune pitch (the closest standard musical note). What is the MIDI note number (an integer from 0 to 127)? Reply with ONLY the integer. Nothing else. Output only the answer.,"This audio contains a single sustained musical note that may be slightly out of tune. Identify the NEAREST in-tune pitch (the closest standard musical note). What is the note name and octave? Reply with ONLY the note name in Scientific Pitch Notation (e.g. C4, F#3, Bb5). Nothing else. Output only the answer.","This audio contains a single sustained musical note that may be slightly out of tune. Identify the NEAREST in-tune pitch (the closest standard musical note). What is the solfege syllable and accidental (if needed) of this pitch? Use fixed-do (do=C, re=D, mi=E, fa=F, sol=G, la=A, si=B). Include sharps or flats when needed (e.g. do#, reb, fa#, sib). Do NOT include the octave. Reply with ONLY the syllable and accidental (if needed). Nothing else. Output only the answer.","This audio contains a single sustained musical note that may be slightly out of tune. Identify the NEAREST in-tune pitch (the closest standard musical note). What is the main pitch frequency, expressed in Hertz? Reply with ONLY a number (the frequency in Hz). Nothing else. Output only the answer."
5000,0.0,synth_pad,instrument,54,44,0,0,0,0,F#3,C4,0,0,0,fa#,do#,0,0,0,44,C4,"examples: do#, reb",103.,data/audio/pitchbench_a5_pitch_slightly_off/185p0hz_synth_pad_5000ms.wav,185p0hz_synth_pad_5000ms.wav,This audio contains a single sustained musical note that may be slightly out of tune. Identify the NEAREST in-tune pitch (the closest standard musical note). What is the MIDI note number (an integer from 0 to 127)? Reply with ONLY the integer. Nothing else. Output only the answer.,"This audio contains a single sustained musical note that may be slightly out of tune. Identify the NEAREST in-tune pitch (the closest standard musical note). What is the note name and octave? Reply with ONLY the note name in Scientific Pitch Notation (e.g. C4, F#3, Bb5). Nothing else. Output only the answer.","This audio contains a single sustained musical note that may be slightly out of tune. Identify the NEAREST in-tune pitch (the closest standard musical note). What is the solfege syllable and accidental (if needed) of this pitch? Use fixed-do (do=C, re=D, mi=E, fa=F, sol=G, la=A, si=B). Include sharps or flats when needed (e.g. do#, reb, fa#, sib). Do NOT include the octave. Reply with ONLY the syllable and accidental (if needed). Nothing else. Output only the answer.","This audio contains a single sustained musical note that may be slightly out of tune. Identify the NEAREST in-tune pitch (the closest standard musical note). What is the main pitch frequency, expressed in Hertz? Reply with ONLY a number (the frequency in Hz). Nothing else. Output only the answer."
1000,3.5003,synth_pad,instrument,60,85,0,0,0,0,C4,F#4,0,0,1,do,sol#,0,0,0,85,F#4,sol#,104,data/audio/pitchbench_a5_pitch_slightly_off/265p1hz_synth_pad_1000ms.wav,265p1hz_synth_pad_1000ms.wav,This audio contains a single sustained musical note that may be slightly out of tune. Identify the NEAREST in-tune pitch (the closest standard musical note). What is the MIDI note number (an integer from 0 to 127)? Reply with ONLY the integer. Nothing else. Output only the answer.,"This audio contains a single sustained musical note that may be slightly out of tune. Identify the NEAREST in-tune pitch (the closest standard musical note). What is the note name and octave? Reply with ONLY the note name in Scientific Pitch Notation (e.g. C4, F#3, Bb5). Nothing else. Output only the answer.","This audio contains a single sustained musical note that may be slightly out of tune. Identify the NEAREST in-tune pitch (the closest standard musical note). What is the solfege syllable and accidental (if needed) of this pitch? Use fixed-do (do=C, re=D, mi=E, fa=F, sol=G, la=A, si=B). Include sharps or flats when needed (e.g. do#, reb, fa#, sib). Do NOT include the octave. Reply with ONLY the syllable and accidental (if needed). Nothing else. Output only the answer.","This audio contains a single sustained musical note that may be slightly out of tune. Identify the NEAREST in-tune pitch (the closest standard musical note). What is the main pitch frequency, expressed in Hertz? Reply with ONLY a number (the frequency in Hz). Nothing else. Output only the answer."
1000,0.0,synth_pad,instrument,60,84,0,0,1,0,C4,,0,0,0,do,fa#,0,0,0,84,F,fa#,440,data/audio/pitchbench_a5_pitch_slightly_off/261p6hz_synth_pad_1000ms.wav,261p6hz_synth_pad_1000ms.wav,This audio contains a single sustained musical note that may be slightly out of tune. Identify the NEAREST in-tune pitch (the closest standard musical note). What is the MIDI note number (an integer from 0 to 127)? Reply with ONLY the integer. Nothing else. Output only the answer.,"This audio contains a single sustained musical note that may be slightly out of tune. Identify the NEAREST in-tune pitch (the closest standard musical note). What is the note name and octave? Reply with ONLY the note name in Scientific Pitch Notation (e.g. C4, F#3, Bb5). Nothing else. Output only the answer.","This audio contains a single sustained musical note that may be slightly out of tune. Identify the NEAREST in-tune pitch (the closest standard musical note). What is the solfege syllable and accidental (if needed) of this pitch? Use fixed-do (do=C, re=D, mi=E, fa=F, sol=G, la=A, si=B). Include sharps or flats when needed (e.g. do#, reb, fa#, sib). Do NOT include the octave. Reply with ONLY the syllable and accidental (if needed). Nothing else. Output only the answer.","This audio contains a single sustained musical note that may be slightly out of tune. Identify the NEAREST in-tune pitch (the closest standard musical note). What is the main pitch frequency, expressed in Hertz? Reply with ONLY a number (the frequency in Hz). Nothing else. Output only the answer."
5000,3.5003,synth_pad,instrument,60,8,0,0,0,0,C4,E2,0,0,0,do,sol#,0,0,0,8,E2,sol#,1108.7,data/audio/pitchbench_a5_pitch_slightly_off/265p1hz_synth_pad_5000ms.wav,265p1hz_synth_pad_5000ms.wav,This audio contains a single sustained musical note that may be slightly out of tune. Identify the NEAREST in-tune pitch (the closest standard musical note). What is the MIDI note number (an integer from 0 to 127)? Reply with ONLY the integer. Nothing else. Output only the answer.,"This audio contains a single sustained musical note that may be slightly out of tune. Identify the NEAREST in-tune pitch (the closest standard musical note). What is the note name and octave? Reply with ONLY the note name in Scientific Pitch Notation (e.g. C4, F#3, Bb5). Nothing else. Output only the answer.","This audio contains a single sustained musical note that may be slightly out of tune. Identify the NEAREST in-tune pitch (the closest standard musical note). What is the solfege syllable and accidental (if needed) of this pitch? Use fixed-do (do=C, re=D, mi=E, fa=F, sol=G, la=A, si=B). Include sharps or flats when needed (e.g. do#, reb, fa#, sib). Do NOT include the octave. Reply with ONLY the syllable and accidental (if needed). Nothing else. Output only the answer.","This audio contains a single sustained musical note that may be slightly out of tune. Identify the NEAREST in-tune pitch (the closest standard musical note). What is the main pitch frequency, expressed in Hertz? Reply with ONLY a number (the frequency in Hz). Nothing else. Output only the answer."
5000,0.0,synth_pad,instrument,60,30,0,0,0,0,C4,C6,0,1,0,do,sol#,0,0,0,30,C6,sol#,1396.9,data/audio/pitchbench_a5_pitch_slightly_off/261p6hz_synth_pad_5000ms.wav,261p6hz_synth_pad_5000ms.wav,This audio contains a single sustained musical note that may be slightly out of tune. Identify the NEAREST in-tune pitch (the closest standard musical note). What is the MIDI note number (an integer from 0 to 127)? Reply with ONLY the integer. Nothing else. Output only the answer.,"This audio contains a single sustained musical note that may be slightly out of tune. Identify the NEAREST in-tune pitch (the closest standard musical note). What is the note name and octave? Reply with ONLY the note name in Scientific Pitch Notation (e.g. C4, F#3, Bb5). Nothing else. Output only the answer.","This audio contains a single sustained musical note that may be slightly out of tune. Identify the NEAREST in-tune pitch (the closest standard musical note). What is the solfege syllable and accidental (if needed) of this pitch? Use fixed-do (do=C, re=D, mi=E, fa=F, sol=G, la=A, si=B). Include sharps or flats when needed (e.g. do#, reb, fa#, sib). Do NOT include the octave. Reply with ONLY the syllable and accidental (if needed). Nothing else. Output only the answer.","This audio contains a single sustained musical note that may be slightly out of tune. Identify the NEAREST in-tune pitch (the closest standard musical note). What is the main pitch frequency, expressed in Hertz? Reply with ONLY a number (the frequency in Hz). Nothing else. Output only the answer."
1000,4.4102,synth_pad,instrument,64,54,0,0,0,0,E4,F#4,0,0,1,mi,fa#,0,0,0,54,F#4,fa#,370,data/audio/pitchbench_a5_pitch_slightly_off/334p0hz_synth_pad_1000ms.wav,334p0hz_synth_pad_1000ms.wav,This audio contains a single sustained musical note that may be slightly out of tune. Identify the NEAREST in-tune pitch (the closest standard musical note). What is the MIDI note number (an integer from 0 to 127)? Reply with ONLY the integer. Nothing else. Output only the answer.,"This audio contains a single sustained musical note that may be slightly out of tune. Identify the NEAREST in-tune pitch (the closest standard musical note). What is the note name and octave? Reply with ONLY the note name in Scientific Pitch Notation (e.g. C4, F#3, Bb5). Nothing else. Output only the answer.","This audio contains a single sustained musical note that may be slightly out of tune. Identify the NEAREST in-tune pitch (the closest standard musical note). What is the solfege syllable and accidental (if needed) of this pitch? Use fixed-do (do=C, re=D, mi=E, fa=F, sol=G, la=A, si=B). Include sharps or flats when needed (e.g. do#, reb, fa#, sib). Do NOT include the octave. Reply with ONLY the syllable and accidental (if needed). Nothing else. Output only the answer.","This audio contains a single sustained musical note that may be slightly out of tune. Identify the NEAREST in-tune pitch (the closest standard musical note). What is the main pitch frequency, expressed in Hertz? Reply with ONLY a number (the frequency in Hz). Nothing else. Output only the answer."
1000,0.0,synth_pad,instrument,64,66,0,0,0,1,E4,,0,0,0,mi,fa#,0,0,0,66,F,fa#,185.0,data/audio/pitchbench_a5_pitch_slightly_off/329p6hz_synth_pad_1000ms.wav,329p6hz_synth_pad_1000ms.wav,This audio contains a single sustained musical note that may be slightly out of tune. Identify the NEAREST in-tune pitch (the closest standard musical note). What is the MIDI note number (an integer from 0 to 127)? Reply with ONLY the integer. Nothing else. Output only the answer.,"This audio contains a single sustained musical note that may be slightly out of tune. Identify the NEAREST in-tune pitch (the closest standard musical note). What is the note name and octave? Reply with ONLY the note name in Scientific Pitch Notation (e.g. C4, F#3, Bb5). Nothing else. Output only the answer.","This audio contains a single sustained musical note that may be slightly out of tune. Identify the NEAREST in-tune pitch (the closest standard musical note). What is the solfege syllable and accidental (if needed) of this pitch? Use fixed-do (do=C, re=D, mi=E, fa=F, sol=G, la=A, si=B). Include sharps or flats when needed (e.g. do#, reb, fa#, sib). Do NOT include the octave. Reply with ONLY the syllable and accidental (if needed). Nothing else. Output only the answer.","This audio contains a single sustained musical note that may be slightly out of tune. Identify the NEAREST in-tune pitch (the closest standard musical note). What is the main pitch frequency, expressed in Hertz? Reply with ONLY a number (the frequency in Hz). Nothing else. Output only the answer."
1000,2.9434,synth_pad,instrument,69,83,0,0,0,0,A4,B5,0,0,0,la,sol#,0,0,0,83,B5,sol#,1174.6,data/audio/pitchbench_a5_pitch_slightly_off/442p9hz_synth_pad_1000ms.wav,442p9hz_synth_pad_1000ms.wav,This audio contains a single sustained musical note that may be slightly out of tune. Identify the NEAREST in-tune pitch (the closest standard musical note). What is the MIDI note number (an integer from 0 to 127)? Reply with ONLY the integer. Nothing else. Output only the answer.,"This audio contains a single sustained musical note that may be slightly out of tune. Identify the NEAREST in-tune pitch (the closest standard musical note). What is the note name and octave? Reply with ONLY the note name in Scientific Pitch Notation (e.g. C4, F#3, Bb5). Nothing else. Output only the answer.","This audio contains a single sustained musical note that may be slightly out of tune. Identify the NEAREST in-tune pitch (the closest standard musical note). What is the solfege syllable and accidental (if needed) of this pitch? Use fixed-do (do=C, re=D, mi=E, fa=F, sol=G, la=A, si=B). Include sharps or flats when needed (e.g. do#, reb, fa#, sib). Do NOT include the octave. Reply with ONLY the syllable and accidental (if needed). Nothing else. Output only the answer.","This audio contains a single sustained musical note that may be slightly out of tune. Identify the NEAREST in-tune pitch (the closest standard musical note). What is the main pitch frequency, expressed in Hertz? Reply with ONLY a number (the frequency in Hz). Nothing else. Output only the answer."
1000,0.0,synth_pad,instrument,69,83,0,0,0,0,A4,,0,0,0,la,sol#,0,0,0,83,estimation:* I,sol#,1174.6,data/audio/pitchbench_a5_pitch_slightly_off/440p0hz_synth_pad_1000ms.wav,440p0hz_synth_pad_1000ms.wav,This audio contains a single sustained musical note that may be slightly out of tune. Identify the NEAREST in-tune pitch (the closest standard musical note). What is the MIDI note number (an integer from 0 to 127)? Reply with ONLY the integer. Nothing else. Output only the answer.,"This audio contains a single sustained musical note that may be slightly out of tune. Identify the NEAREST in-tune pitch (the closest standard musical note). What is the note name and octave? Reply with ONLY the note name in Scientific Pitch Notation (e.g. C4, F#3, Bb5). Nothing else. Output only the answer.","This audio contains a single sustained musical note that may be slightly out of tune. Identify the NEAREST in-tune pitch (the closest standard musical note). What is the solfege syllable and accidental (if needed) of this pitch? Use fixed-do (do=C, re=D, mi=E, fa=F, sol=G, la=A, si=B). Include sharps or flats when needed (e.g. do#, reb, fa#, sib). Do NOT include the octave. Reply with ONLY the syllable and accidental (if needed). Nothing else. Output only the answer.","This audio contains a single sustained musical note that may be slightly out of tune. Identify the NEAREST in-tune pitch (the closest standard musical note). What is the main pitch frequency, expressed in Hertz? Reply with ONLY a number (the frequency in Hz). Nothing else. Output only the answer."
5000,5.8868,synth_pad,instrument,69,95,0,0,0,0,A4,F#5,0,0,0,la,sol#,0,0,0,95,F#5,sol#,1174.,data/audio/pitchbench_a5_pitch_slightly_off/445p9hz_synth_pad_5000ms.wav,445p9hz_synth_pad_5000ms.wav,This audio contains a single sustained musical note that may be slightly out of tune. Identify the NEAREST in-tune pitch (the closest standard musical note). What is the MIDI note number (an integer from 0 to 127)? Reply with ONLY the integer. Nothing else. Output only the answer.,"This audio contains a single sustained musical note that may be slightly out of tune. Identify the NEAREST in-tune pitch (the closest standard musical note). What is the note name and octave? Reply with ONLY the note name in Scientific Pitch Notation (e.g. C4, F#3, Bb5). Nothing else. Output only the answer.","This audio contains a single sustained musical note that may be slightly out of tune. Identify the NEAREST in-tune pitch (the closest standard musical note). What is the solfege syllable and accidental (if needed) of this pitch? Use fixed-do (do=C, re=D, mi=E, fa=F, sol=G, la=A, si=B). Include sharps or flats when needed (e.g. do#, reb, fa#, sib). Do NOT include the octave. Reply with ONLY the syllable and accidental (if needed). Nothing else. Output only the answer.","This audio contains a single sustained musical note that may be slightly out of tune. Identify the NEAREST in-tune pitch (the closest standard musical note). What is the main pitch frequency, expressed in Hertz? Reply with ONLY a number (the frequency in Hz). Nothing else. Output only the answer."
5000,0.0,synth_pad,instrument,69,95,0,0,0,0,A4,F#5,0,0,0,la,sol#,0,0,0,95,F#5,sol#,1108,data/audio/pitchbench_a5_pitch_slightly_off/440p0hz_synth_pad_5000ms.wav,440p0hz_synth_pad_5000ms.wav,This audio contains a single sustained musical note that may be slightly out of tune. Identify the NEAREST in-tune pitch (the closest standard musical note). What is the MIDI note number (an integer from 0 to 127)? Reply with ONLY the integer. Nothing else. Output only the answer.,"This audio contains a single sustained musical note that may be slightly out of tune. Identify the NEAREST in-tune pitch (the closest standard musical note). What is the note name and octave? Reply with ONLY the note name in Scientific Pitch Notation (e.g. C4, F#3, Bb5). Nothing else. Output only the answer.","This audio contains a single sustained musical note that may be slightly out of tune. Identify the NEAREST in-tune pitch (the closest standard musical note). What is the solfege syllable and accidental (if needed) of this pitch? Use fixed-do (do=C, re=D, mi=E, fa=F, sol=G, la=A, si=B). Include sharps or flats when needed (e.g. do#, reb, fa#, sib). Do NOT include the octave. Reply with ONLY the syllable and accidental (if needed). Nothing else. Output only the answer.","This audio contains a single sustained musical note that may be slightly out of tune. Identify the NEAREST in-tune pitch (the closest standard musical note). What is the main pitch frequency, expressed in Hertz? Reply with ONLY a number (the frequency in Hz). Nothing else. Output only the answer."
1000,-4.9502,synth_pad,instrument,79,89,0,0,0,0,G5,F6,0,0,0,sol,fa#,0,0,0,89,F6,fa#,1568.,data/audio/pitchbench_a5_pitch_slightly_off/779p0hz_synth_pad_1000ms.wav,779p0hz_synth_pad_1000ms.wav,This audio contains a single sustained musical note that may be slightly out of tune. Identify the NEAREST in-tune pitch (the closest standard musical note). What is the MIDI note number (an integer from 0 to 127)? Reply with ONLY the integer. Nothing else. Output only the answer.,"This audio contains a single sustained musical note that may be slightly out of tune. Identify the NEAREST in-tune pitch (the closest standard musical note). What is the note name and octave? Reply with ONLY the note name in Scientific Pitch Notation (e.g. C4, F#3, Bb5). Nothing else. Output only the answer.","This audio contains a single sustained musical note that may be slightly out of tune. Identify the NEAREST in-tune pitch (the closest standard musical note). What is the solfege syllable and accidental (if needed) of this pitch? Use fixed-do (do=C, re=D, mi=E, fa=F, sol=G, la=A, si=B). Include sharps or flats when needed (e.g. do#, reb, fa#, sib). Do NOT include the octave. Reply with ONLY the syllable and accidental (if needed). Nothing else. Output only the answer.","This audio contains a single sustained musical note that may be slightly out of tune. Identify the NEAREST in-tune pitch (the closest standard musical note). What is the main pitch frequency, expressed in Hertz? Reply with ONLY a number (the frequency in Hz). Nothing else. Output only the answer."
1000,0.0,synth_pad,instrument,79,85,0,0,0,0,G5,F6,0,0,0,sol,sol#,0,0,0,85,F6,sol#,1046.5,data/audio/pitchbench_a5_pitch_slightly_off/784p0hz_synth_pad_1000ms.wav,784p0hz_synth_pad_1000ms.wav,This audio contains a single sustained musical note that may be slightly out of tune. Identify the NEAREST in-tune pitch (the closest standard musical note). What is the MIDI note number (an integer from 0 to 127)? Reply with ONLY the integer. Nothing else. Output only the answer.,"This audio contains a single sustained musical note that may be slightly out of tune. Identify the NEAREST in-tune pitch (the closest standard musical note). What is the note name and octave? Reply with ONLY the note name in Scientific Pitch Notation (e.g. C4, F#3, Bb5). Nothing else. Output only the answer.","This audio contains a single sustained musical note that may be slightly out of tune. Identify the NEAREST in-tune pitch (the closest standard musical note). What is the solfege syllable and accidental (if needed) of this pitch? Use fixed-do (do=C, re=D, mi=E, fa=F, sol=G, la=A, si=B). Include sharps or flats when needed (e.g. do#, reb, fa#, sib). Do NOT include the octave. Reply with ONLY the syllable and accidental (if needed). Nothing else. Output only the answer.","This audio contains a single sustained musical note that may be slightly out of tune. Identify the NEAREST in-tune pitch (the closest standard musical note). What is the main pitch frequency, expressed in Hertz? Reply with ONLY a number (the frequency in Hz). Nothing else. Output only the answer."
5000,5.2446,synth_pad,instrument,79,85,0,0,0,0,G5,C6,0,0,0,sol,sol,1,0,1,85,C6,sol,1046.,data/audio/pitchbench_a5_pitch_slightly_off/789p2hz_synth_pad_5000ms.wav,789p2hz_synth_pad_5000ms.wav,This audio contains a single sustained musical note that may be slightly out of tune. Identify the NEAREST in-tune pitch (the closest standard musical note). What is the MIDI note number (an integer from 0 to 127)? Reply with ONLY the integer. Nothing else. Output only the answer.,"This audio contains a single sustained musical note that may be slightly out of tune. Identify the NEAREST in-tune pitch (the closest standard musical note). What is the note name and octave? Reply with ONLY the note name in Scientific Pitch Notation (e.g. C4, F#3, Bb5). Nothing else. Output only the answer.","This audio contains a single sustained musical note that may be slightly out of tune. Identify the NEAREST in-tune pitch (the closest standard musical note). What is the solfege syllable and accidental (if needed) of this pitch? Use fixed-do (do=C, re=D, mi=E, fa=F, sol=G, la=A, si=B). Include sharps or flats when needed (e.g. do#, reb, fa#, sib). Do NOT include the octave. Reply with ONLY the syllable and accidental (if needed). Nothing else. Output only the answer.","This audio contains a single sustained musical note that may be slightly out of tune. Identify the NEAREST in-tune pitch (the closest standard musical note). What is the main pitch frequency, expressed in Hertz? Reply with ONLY a number (the frequency in Hz). Nothing else. Output only the answer."
5000,0.0,synth_pad,instrument,79,96,0,0,0,0,G5,C6,0,0,0,sol,sol,1,0,1,96,C6,sol,1046.,data/audio/pitchbench_a5_pitch_slightly_off/784p0hz_synth_pad_5000ms.wav,784p0hz_synth_pad_5000ms.wav,This audio contains a single sustained musical note that may be slightly out of tune. Identify the NEAREST in-tune pitch (the closest standard musical note). What is the MIDI note number (an integer from 0 to 127)? Reply with ONLY the integer. Nothing else. Output only the answer.,"This audio contains a single sustained musical note that may be slightly out of tune. Identify the NEAREST in-tune pitch (the closest standard musical note). What is the note name and octave? Reply with ONLY the note name in Scientific Pitch Notation (e.g. C4, F#3, Bb5). Nothing else. Output only the answer.","This audio contains a single sustained musical note that may be slightly out of tune. Identify the NEAREST in-tune pitch (the closest standard musical note). What is the solfege syllable and accidental (if needed) of this pitch? Use fixed-do (do=C, re=D, mi=E, fa=F, sol=G, la=A, si=B). Include sharps or flats when needed (e.g. do#, reb, fa#, sib). Do NOT include the octave. Reply with ONLY the syllable and accidental (if needed). Nothing else. Output only the answer.","This audio contains a single sustained musical note that may be slightly out of tune. Identify the NEAREST in-tune pitch (the closest standard musical note). What is the main pitch frequency, expressed in Hertz? Reply with ONLY a number (the frequency in Hz). Nothing else. Output only the answer."
1000,17.6406,synth_pad,instrument,88,104,0,0,0,0,E6,G#5,0,0,0,mi,fa#,0,0,0,104,G#5,fa#,1396.9,data/audio/pitchbench_a5_pitch_slightly_off/1336p2hz_synth_pad_1000ms.wav,1336p2hz_synth_pad_1000ms.wav,This audio contains a single sustained musical note that may be slightly out of tune. Identify the NEAREST in-tune pitch (the closest standard musical note). What is the MIDI note number (an integer from 0 to 127)? Reply with ONLY the integer. Nothing else. Output only the answer.,"This audio contains a single sustained musical note that may be slightly out of tune. Identify the NEAREST in-tune pitch (the closest standard musical note). What is the note name and octave? Reply with ONLY the note name in Scientific Pitch Notation (e.g. C4, F#3, Bb5). Nothing else. Output only the answer.","This audio contains a single sustained musical note that may be slightly out of tune. Identify the NEAREST in-tune pitch (the closest standard musical note). What is the solfege syllable and accidental (if needed) of this pitch? Use fixed-do (do=C, re=D, mi=E, fa=F, sol=G, la=A, si=B). Include sharps or flats when needed (e.g. do#, reb, fa#, sib). Do NOT include the octave. Reply with ONLY the syllable and accidental (if needed). Nothing else. Output only the answer.","This audio contains a single sustained musical note that may be slightly out of tune. Identify the NEAREST in-tune pitch (the closest standard musical note). What is the main pitch frequency, expressed in Hertz? Reply with ONLY a number (the frequency in Hz). Nothing else. Output only the answer."
1000,0.0,synth_pad,instrument,88,104,0,0,0,0,E6,G#6,0,0,1,mi,sol#,0,0,0,104,G#6,sol#,1046.5,data/audio/pitchbench_a5_pitch_slightly_off/1318p5hz_synth_pad_1000ms.wav,1318p5hz_synth_pad_1000ms.wav,This audio contains a single sustained musical note that may be slightly out of tune. Identify the NEAREST in-tune pitch (the closest standard musical note). What is the MIDI note number (an integer from 0 to 127)? Reply with ONLY the integer. Nothing else. Output only the answer.,"This audio contains a single sustained musical note that may be slightly out of tune. Identify the NEAREST in-tune pitch (the closest standard musical note). What is the note name and octave? Reply with ONLY the note name in Scientific Pitch Notation (e.g. C4, F#3, Bb5). Nothing else. Output only the answer.","This audio contains a single sustained musical note that may be slightly out of tune. Identify the NEAREST in-tune pitch (the closest standard musical note). What is the solfege syllable and accidental (if needed) of this pitch? Use fixed-do (do=C, re=D, mi=E, fa=F, sol=G, la=A, si=B). Include sharps or flats when needed (e.g. do#, reb, fa#, sib). Do NOT include the octave. Reply with ONLY the syllable and accidental (if needed). Nothing else. Output only the answer.","This audio contains a single sustained musical note that may be slightly out of tune. Identify the NEAREST in-tune pitch (the closest standard musical note). What is the main pitch frequency, expressed in Hertz? Reply with ONLY a number (the frequency in Hz). Nothing else. Output only the answer."
5000,-0.584,voice,instrument,30,28,0,0,0,1,F#1,F2,0,0,0,fa#,do#,0,0,0,28,F2,"examples: do#, reb",65.4,data/audio/pitchbench_a5_pitch_slightly_off/45p7hz_voice_5000ms.wav,45p7hz_voice_5000ms.wav,This audio contains a single sustained musical note that may be slightly out of tune. Identify the NEAREST in-tune pitch (the closest standard musical note). What is the MIDI note number (an integer from 0 to 127)? Reply with ONLY the integer. Nothing else. Output only the answer.,"This audio contains a single sustained musical note that may be slightly out of tune. Identify the NEAREST in-tune pitch (the closest standard musical note). What is the note name and octave? Reply with ONLY the note name in Scientific Pitch Notation (e.g. C4, F#3, Bb5). Nothing else. Output only the answer.","This audio contains a single sustained musical note that may be slightly out of tune. Identify the NEAREST in-tune pitch (the closest standard musical note). What is the solfege syllable and accidental (if needed) of this pitch? Use fixed-do (do=C, re=D, mi=E, fa=F, sol=G, la=A, si=B). Include sharps or flats when needed (e.g. do#, reb, fa#, sib). Do NOT include the octave. Reply with ONLY the syllable and accidental (if needed). Nothing else. Output only the answer.","This audio contains a single sustained musical note that may be slightly out of tune. Identify the NEAREST in-tune pitch (the closest standard musical note). What is the main pitch frequency, expressed in Hertz? Reply with ONLY a number (the frequency in Hz). Nothing else. Output only the answer."
5000,0.0,voice,instrument,30,24,0,0,0,1,F#1,C2,0,0,0,fa#,sol#,0,0,0,24,C2,sol#,65.41,data/audio/pitchbench_a5_pitch_slightly_off/46p2hz_voice_5000ms.wav,46p2hz_voice_5000ms.wav,This audio contains a single sustained musical note that may be slightly out of tune. Identify the NEAREST in-tune pitch (the closest standard musical note). What is the MIDI note number (an integer from 0 to 127)? Reply with ONLY the integer. Nothing else. Output only the answer.,"This audio contains a single sustained musical note that may be slightly out of tune. Identify the NEAREST in-tune pitch (the closest standard musical note). What is the note name and octave? Reply with ONLY the note name in Scientific Pitch Notation (e.g. C4, F#3, Bb5). Nothing else. Output only the answer.","This audio contains a single sustained musical note that may be slightly out of tune. Identify the NEAREST in-tune pitch (the closest standard musical note). What is the solfege syllable and accidental (if needed) of this pitch? Use fixed-do (do=C, re=D, mi=E, fa=F, sol=G, la=A, si=B). Include sharps or flats when needed (e.g. do#, reb, fa#, sib). Do NOT include the octave. Reply with ONLY the syllable and accidental (if needed). Nothing else. Output only the answer.","This audio contains a single sustained musical note that may be slightly out of tune. Identify the NEAREST in-tune pitch (the closest standard musical note). What is the main pitch frequency, expressed in Hertz? Reply with ONLY a number (the frequency in Hz). Nothing else. Output only the answer."
5000,-0.413,voice,instrument,36,36,1,1,1,1,C2,C2,1,1,1,do,sol#,0,1,1,36,C2,sol#,65.,data/audio/pitchbench_a5_pitch_slightly_off/65p0hz_voice_5000ms.wav,65p0hz_voice_5000ms.wav,This audio contains a single sustained musical note that may be slightly out of tune. Identify the NEAREST in-tune pitch (the closest standard musical note). What is the MIDI note number (an integer from 0 to 127)? Reply with ONLY the integer. Nothing else. Output only the answer.,"This audio contains a single sustained musical note that may be slightly out of tune. Identify the NEAREST in-tune pitch (the closest standard musical note). What is the note name and octave? Reply with ONLY the note name in Scientific Pitch Notation (e.g. C4, F#3, Bb5). Nothing else. Output only the answer.","This audio contains a single sustained musical note that may be slightly out of tune. Identify the NEAREST in-tune pitch (the closest standard musical note). What is the solfege syllable and accidental (if needed) of this pitch? Use fixed-do (do=C, re=D, mi=E, fa=F, sol=G, la=A, si=B). Include sharps or flats when needed (e.g. do#, reb, fa#, sib). Do NOT include the octave. Reply with ONLY the syllable and accidental (if needed). Nothing else. Output only the answer.","This audio contains a single sustained musical note that may be slightly out of tune. Identify the NEAREST in-tune pitch (the closest standard musical note). What is the main pitch frequency, expressed in Hertz? Reply with ONLY a number (the frequency in Hz). Nothing else. Output only the answer."
5000,0.0,voice,instrument,36,31,0,0,0,0,C2,C2,1,1,1,do,sol#,0,0,1,31,C2,sol#,103,data/audio/pitchbench_a5_pitch_slightly_off/65p4hz_voice_5000ms.wav,65p4hz_voice_5000ms.wav,This audio contains a single sustained musical note that may be slightly out of tune. Identify the NEAREST in-tune pitch (the closest standard musical note). What is the MIDI note number (an integer from 0 to 127)? Reply with ONLY the integer. Nothing else. Output only the answer.,"This audio contains a single sustained musical note that may be slightly out of tune. Identify the NEAREST in-tune pitch (the closest standard musical note). What is the note name and octave? Reply with ONLY the note name in Scientific Pitch Notation (e.g. C4, F#3, Bb5). Nothing else. Output only the answer.","This audio contains a single sustained musical note that may be slightly out of tune. Identify the NEAREST in-tune pitch (the closest standard musical note). What is the solfege syllable and accidental (if needed) of this pitch? Use fixed-do (do=C, re=D, mi=E, fa=F, sol=G, la=A, si=B). Include sharps or flats when needed (e.g. do#, reb, fa#, sib). Do NOT include the octave. Reply with ONLY the syllable and accidental (if needed). Nothing else. Output only the answer.","This audio contains a single sustained musical note that may be slightly out of tune. Identify the NEAREST in-tune pitch (the closest standard musical note). What is the main pitch frequency, expressed in Hertz? Reply with ONLY a number (the frequency in Hz). Nothing else. Output only the answer."
1000,-1.2376,voice,instrument,43,41,0,0,0,1,G2,F2,0,0,1,sol,do#,0,0,0,41,F2,"examples: do#, reb,",1046,data/audio/pitchbench_a5_pitch_slightly_off/96p8hz_voice_1000ms.wav,96p8hz_voice_1000ms.wav,This audio contains a single sustained musical note that may be slightly out of tune. Identify the NEAREST in-tune pitch (the closest standard musical note). What is the MIDI note number (an integer from 0 to 127)? Reply with ONLY the integer. Nothing else. Output only the answer.,"This audio contains a single sustained musical note that may be slightly out of tune. Identify the NEAREST in-tune pitch (the closest standard musical note). What is the note name and octave? Reply with ONLY the note name in Scientific Pitch Notation (e.g. C4, F#3, Bb5). Nothing else. Output only the answer.","This audio contains a single sustained musical note that may be slightly out of tune. Identify the NEAREST in-tune pitch (the closest standard musical note). What is the solfege syllable and accidental (if needed) of this pitch? Use fixed-do (do=C, re=D, mi=E, fa=F, sol=G, la=A, si=B). Include sharps or flats when needed (e.g. do#, reb, fa#, sib). Do NOT include the octave. Reply with ONLY the syllable and accidental (if needed). Nothing else. Output only the answer.","This audio contains a single sustained musical note that may be slightly out of tune. Identify the NEAREST in-tune pitch (the closest standard musical note). What is the main pitch frequency, expressed in Hertz? Reply with ONLY a number (the frequency in Hz). Nothing else. Output only the answer."
1000,0.0,voice,instrument,43,41,0,0,0,1,G2,G2,1,1,1,sol,sol#,0,0,1,41,G2,sol#,87.31,data/audio/pitchbench_a5_pitch_slightly_off/98p0hz_voice_1000ms.wav,98p0hz_voice_1000ms.wav,This audio contains a single sustained musical note that may be slightly out of tune. Identify the NEAREST in-tune pitch (the closest standard musical note). What is the MIDI note number (an integer from 0 to 127)? Reply with ONLY the integer. Nothing else. Output only the answer.,"This audio contains a single sustained musical note that may be slightly out of tune. Identify the NEAREST in-tune pitch (the closest standard musical note). What is the note name and octave? Reply with ONLY the note name in Scientific Pitch Notation (e.g. C4, F#3, Bb5). Nothing else. Output only the answer.","This audio contains a single sustained musical note that may be slightly out of tune. Identify the NEAREST in-tune pitch (the closest standard musical note). What is the solfege syllable and accidental (if needed) of this pitch? Use fixed-do (do=C, re=D, mi=E, fa=F, sol=G, la=A, si=B). Include sharps or flats when needed (e.g. do#, reb, fa#, sib). Do NOT include the octave. Reply with ONLY the syllable and accidental (if needed). Nothing else. Output only the answer.","This audio contains a single sustained musical note that may be slightly out of tune. Identify the NEAREST in-tune pitch (the closest standard musical note). What is the main pitch frequency, expressed in Hertz? Reply with ONLY a number (the frequency in Hz). Nothing else. Output only the answer."
1000,-1.1681,voice,instrument,54,80,0,0,0,0,F#3,G#4,0,0,0,fa#,sol#,0,0,0,80,G#4,sol#,415.30,data/audio/pitchbench_a5_pitch_slightly_off/183p8hz_voice_1000ms.wav,183p8hz_voice_1000ms.wav,This audio contains a single sustained musical note that may be slightly out of tune. Identify the NEAREST in-tune pitch (the closest standard musical note). What is the MIDI note number (an integer from 0 to 127)? Reply with ONLY the integer. Nothing else. Output only the answer.,"This audio contains a single sustained musical note that may be slightly out of tune. Identify the NEAREST in-tune pitch (the closest standard musical note). What is the note name and octave? Reply with ONLY the note name in Scientific Pitch Notation (e.g. C4, F#3, Bb5). Nothing else. Output only the answer.","This audio contains a single sustained musical note that may be slightly out of tune. Identify the NEAREST in-tune pitch (the closest standard musical note). What is the solfege syllable and accidental (if needed) of this pitch? Use fixed-do (do=C, re=D, mi=E, fa=F, sol=G, la=A, si=B). Include sharps or flats when needed (e.g. do#, reb, fa#, sib). Do NOT include the octave. Reply with ONLY the syllable and accidental (if needed). Nothing else. Output only the answer.","This audio contains a single sustained musical note that may be slightly out of tune. Identify the NEAREST in-tune pitch (the closest standard musical note). What is the main pitch frequency, expressed in Hertz? Reply with ONLY a number (the frequency in Hz). Nothing else. Output only the answer."
1000,0.0,voice,instrument,54,68,0,0,0,0,F#3,,0,0,0,fa#,sol#,0,0,0,68,,sol#,415.3,data/audio/pitchbench_a5_pitch_slightly_off/185p0hz_voice_1000ms.wav,185p0hz_voice_1000ms.wav,This audio contains a single sustained musical note that may be slightly out of tune. Identify the NEAREST in-tune pitch (the closest standard musical note). What is the MIDI note number (an integer from 0 to 127)? Reply with ONLY the integer. Nothing else. Output only the answer.,"This audio contains a single sustained musical note that may be slightly out of tune. Identify the NEAREST in-tune pitch (the closest standard musical note). What is the note name and octave? Reply with ONLY the note name in Scientific Pitch Notation (e.g. C4, F#3, Bb5). Nothing else. Output only the answer.","This audio contains a single sustained musical note that may be slightly out of tune. Identify the NEAREST in-tune pitch (the closest standard musical note). What is the solfege syllable and accidental (if needed) of this pitch? Use fixed-do (do=C, re=D, mi=E, fa=F, sol=G, la=A, si=B). Include sharps or flats when needed (e.g. do#, reb, fa#, sib). Do NOT include the octave. Reply with ONLY the syllable and accidental (if needed). Nothing else. Output only the answer.","This audio contains a single sustained musical note that may be slightly out of tune. Identify the NEAREST in-tune pitch (the closest standard musical note). What is the main pitch frequency, expressed in Hertz? Reply with ONLY a number (the frequency in Hz). Nothing else. Output only the answer."
5000,2.4751,voice,instrument,54,61,0,0,0,0,F#3,F4,0,0,0,fa#,sol#,0,0,0,61,F4,sol#,130.81,data/audio/pitchbench_a5_pitch_slightly_off/187p5hz_voice_5000ms.wav,187p5hz_voice_5000ms.wav,This audio contains a single sustained musical note that may be slightly out of tune. Identify the NEAREST in-tune pitch (the closest standard musical note). What is the MIDI note number (an integer from 0 to 127)? Reply with ONLY the integer. Nothing else. Output only the answer.,"This audio contains a single sustained musical note that may be slightly out of tune. Identify the NEAREST in-tune pitch (the closest standard musical note). What is the note name and octave? Reply with ONLY the note name in Scientific Pitch Notation (e.g. C4, F#3, Bb5). Nothing else. Output only the answer.","This audio contains a single sustained musical note that may be slightly out of tune. Identify the NEAREST in-tune pitch (the closest standard musical note). What is the solfege syllable and accidental (if needed) of this pitch? Use fixed-do (do=C, re=D, mi=E, fa=F, sol=G, la=A, si=B). Include sharps or flats when needed (e.g. do#, reb, fa#, sib). Do NOT include the octave. Reply with ONLY the syllable and accidental (if needed). Nothing else. Output only the answer.","This audio contains a single sustained musical note that may be slightly out of tune. Identify the NEAREST in-tune pitch (the closest standard musical note). What is the main pitch frequency, expressed in Hertz? Reply with ONLY a number (the frequency in Hz). Nothing else. Output only the answer."
5000,0.0,voice,instrument,54,41,0,0,0,0,F#3,G#3,0,0,1,fa#,fa#,1,0,1,41,G#3,fa#,174.,data/audio/pitchbench_a5_pitch_slightly_off/185p0hz_voice_5000ms.wav,185p0hz_voice_5000ms.wav,This audio contains a single sustained musical note that may be slightly out of tune. Identify the NEAREST in-tune pitch (the closest standard musical note). What is the MIDI note number (an integer from 0 to 127)? Reply with ONLY the integer. Nothing else. Output only the answer.,"This audio contains a single sustained musical note that may be slightly out of tune. Identify the NEAREST in-tune pitch (the closest standard musical note). What is the note name and octave? Reply with ONLY the note name in Scientific Pitch Notation (e.g. C4, F#3, Bb5). Nothing else. Output only the answer.","This audio contains a single sustained musical note that may be slightly out of tune. Identify the NEAREST in-tune pitch (the closest standard musical note). What is the solfege syllable and accidental (if needed) of this pitch? Use fixed-do (do=C, re=D, mi=E, fa=F, sol=G, la=A, si=B). Include sharps or flats when needed (e.g. do#, reb, fa#, sib). Do NOT include the octave. Reply with ONLY the syllable and accidental (if needed). Nothing else. Output only the answer.","This audio contains a single sustained musical note that may be slightly out of tune. Identify the NEAREST in-tune pitch (the closest standard musical note). What is the main pitch frequency, expressed in Hertz? Reply with ONLY a number (the frequency in Hz). Nothing else. Output only the answer."
1000,-5.5564,voice,instrument,69,84,0,0,0,0,A4,G5,0,0,0,la,sol#,0,0,0,84,G5,sol#,1046.5,data/audio/pitchbench_a5_pitch_slightly_off/434p4hz_voice_1000ms.wav,434p4hz_voice_1000ms.wav,This audio contains a single sustained musical note that may be slightly out of tune. Identify the NEAREST in-tune pitch (the closest standard musical note). What is the MIDI note number (an integer from 0 to 127)? Reply with ONLY the integer. Nothing else. Output only the answer.,"This audio contains a single sustained musical note that may be slightly out of tune. Identify the NEAREST in-tune pitch (the closest standard musical note). What is the note name and octave? Reply with ONLY the note name in Scientific Pitch Notation (e.g. C4, F#3, Bb5). Nothing else. Output only the answer.","This audio contains a single sustained musical note that may be slightly out of tune. Identify the NEAREST in-tune pitch (the closest standard musical note). What is the solfege syllable and accidental (if needed) of this pitch? Use fixed-do (do=C, re=D, mi=E, fa=F, sol=G, la=A, si=B). Include sharps or flats when needed (e.g. do#, reb, fa#, sib). Do NOT include the octave. Reply with ONLY the syllable and accidental (if needed). Nothing else. Output only the answer.","This audio contains a single sustained musical note that may be slightly out of tune. Identify the NEAREST in-tune pitch (the closest standard musical note). What is the main pitch frequency, expressed in Hertz? Reply with ONLY a number (the frequency in Hz). Nothing else. Output only the answer."
1000,0.0,voice,instrument,69,83,0,0,0,0,A4,F5,0,0,0,la,si,0,0,0,83,F5,si,1046.,data/audio/pitchbench_a5_pitch_slightly_off/440p0hz_voice_1000ms.wav,440p0hz_voice_1000ms.wav,This audio contains a single sustained musical note that may be slightly out of tune. Identify the NEAREST in-tune pitch (the closest standard musical note). What is the MIDI note number (an integer from 0 to 127)? Reply with ONLY the integer. Nothing else. Output only the answer.,"This audio contains a single sustained musical note that may be slightly out of tune. Identify the NEAREST in-tune pitch (the closest standard musical note). What is the note name and octave? Reply with ONLY the note name in Scientific Pitch Notation (e.g. C4, F#3, Bb5). Nothing else. Output only the answer.","This audio contains a single sustained musical note that may be slightly out of tune. Identify the NEAREST in-tune pitch (the closest standard musical note). What is the solfege syllable and accidental (if needed) of this pitch? Use fixed-do (do=C, re=D, mi=E, fa=F, sol=G, la=A, si=B). Include sharps or flats when needed (e.g. do#, reb, fa#, sib). Do NOT include the octave. Reply with ONLY the syllable and accidental (if needed). Nothing else. Output only the answer.","This audio contains a single sustained musical note that may be slightly out of tune. Identify the NEAREST in-tune pitch (the closest standard musical note). What is the main pitch frequency, expressed in Hertz? Reply with ONLY a number (the frequency in Hz). Nothing else. Output only the answer."
5000,5.2446,voice,instrument,79,103,0,0,1,0,G5,C6,0,0,0,sol,sol#,0,0,0,103,C6,sol#,104,data/audio/pitchbench_a5_pitch_slightly_off/789p2hz_voice_5000ms.wav,789p2hz_voice_5000ms.wav,This audio contains a single sustained musical note that may be slightly out of tune. Identify the NEAREST in-tune pitch (the closest standard musical note). What is the MIDI note number (an integer from 0 to 127)? Reply with ONLY the integer. Nothing else. Output only the answer.,"This audio contains a single sustained musical note that may be slightly out of tune. Identify the NEAREST in-tune pitch (the closest standard musical note). What is the note name and octave? Reply with ONLY the note name in Scientific Pitch Notation (e.g. C4, F#3, Bb5). Nothing else. Output only the answer.","This audio contains a single sustained musical note that may be slightly out of tune. Identify the NEAREST in-tune pitch (the closest standard musical note). What is the solfege syllable and accidental (if needed) of this pitch? Use fixed-do (do=C, re=D, mi=E, fa=F, sol=G, la=A, si=B). Include sharps or flats when needed (e.g. do#, reb, fa#, sib). Do NOT include the octave. Reply with ONLY the syllable and accidental (if needed). Nothing else. Output only the answer.","This audio contains a single sustained musical note that may be slightly out of tune. Identify the NEAREST in-tune pitch (the closest standard musical note). What is the main pitch frequency, expressed in Hertz? Reply with ONLY a number (the frequency in Hz). Nothing else. Output only the answer."
5000,0.0,voice,instrument,79,107,0,0,0,0,G5,C6,0,0,0,sol,sol#,0,0,0,107,C6,sol#,104,data/audio/pitchbench_a5_pitch_slightly_off/784p0hz_voice_5000ms.wav,784p0hz_voice_5000ms.wav,This audio contains a single sustained musical note that may be slightly out of tune. Identify the NEAREST in-tune pitch (the closest standard musical note). What is the MIDI note number (an integer from 0 to 127)? Reply with ONLY the integer. Nothing else. Output only the answer.,"This audio contains a single sustained musical note that may be slightly out of tune. Identify the NEAREST in-tune pitch (the closest standard musical note). What is the note name and octave? Reply with ONLY the note name in Scientific Pitch Notation (e.g. C4, F#3, Bb5). Nothing else. Output only the answer.","This audio contains a single sustained musical note that may be slightly out of tune. Identify the NEAREST in-tune pitch (the closest standard musical note). What is the solfege syllable and accidental (if needed) of this pitch? Use fixed-do (do=C, re=D, mi=E, fa=F, sol=G, la=A, si=B). Include sharps or flats when needed (e.g. do#, reb, fa#, sib). Do NOT include the octave. Reply with ONLY the syllable and accidental (if needed). Nothing else. Output only the answer.","This audio contains a single sustained musical note that may be slightly out of tune. Identify the NEAREST in-tune pitch (the closest standard musical note). What is the main pitch frequency, expressed in Hertz? Reply with ONLY a number (the frequency in Hz). Nothing else. Output only the answer."
1000,8.8203,voice,instrument,88,1,0,0,0,0,E6,C7,0,0,0,mi,sol#,0,0,0,1,C7,sol#,3135.9,data/audio/pitchbench_a5_pitch_slightly_off/1327p3hz_voice_1000ms.wav,1327p3hz_voice_1000ms.wav,This audio contains a single sustained musical note that may be slightly out of tune. Identify the NEAREST in-tune pitch (the closest standard musical note). What is the MIDI note number (an integer from 0 to 127)? Reply with ONLY the integer. Nothing else. Output only the answer.,"This audio contains a single sustained musical note that may be slightly out of tune. Identify the NEAREST in-tune pitch (the closest standard musical note). What is the note name and octave? Reply with ONLY the note name in Scientific Pitch Notation (e.g. C4, F#3, Bb5). Nothing else. Output only the answer.","This audio contains a single sustained musical note that may be slightly out of tune. Identify the NEAREST in-tune pitch (the closest standard musical note). What is the solfege syllable and accidental (if needed) of this pitch? Use fixed-do (do=C, re=D, mi=E, fa=F, sol=G, la=A, si=B). Include sharps or flats when needed (e.g. do#, reb, fa#, sib). Do NOT include the octave. Reply with ONLY the syllable and accidental (if needed). Nothing else. Output only the answer.","This audio contains a single sustained musical note that may be slightly out of tune. Identify the NEAREST in-tune pitch (the closest standard musical note). What is the main pitch frequency, expressed in Hertz? Reply with ONLY a number (the frequency in Hz). Nothing else. Output only the answer."
1000,0.0,voice,instrument,88,105,0,0,0,0,E6,C7,0,0,0,mi,,0,0,0,105,C7,Listen to the Audio:**,3135,data/audio/pitchbench_a5_pitch_slightly_off/1318p5hz_voice_1000ms.wav,1318p5hz_voice_1000ms.wav,This audio contains a single sustained musical note that may be slightly out of tune. Identify the NEAREST in-tune pitch (the closest standard musical note). What is the MIDI note number (an integer from 0 to 127)? Reply with ONLY the integer. Nothing else. Output only the answer.,"This audio contains a single sustained musical note that may be slightly out of tune. Identify the NEAREST in-tune pitch (the closest standard musical note). What is the note name and octave? Reply with ONLY the note name in Scientific Pitch Notation (e.g. C4, F#3, Bb5). Nothing else. Output only the answer.","This audio contains a single sustained musical note that may be slightly out of tune. Identify the NEAREST in-tune pitch (the closest standard musical note). What is the solfege syllable and accidental (if needed) of this pitch? Use fixed-do (do=C, re=D, mi=E, fa=F, sol=G, la=A, si=B). Include sharps or flats when needed (e.g. do#, reb, fa#, sib). Do NOT include the octave. Reply with ONLY the syllable and accidental (if needed). Nothing else. Output only the answer.","This audio contains a single sustained musical note that may be slightly out of tune. Identify the NEAREST in-tune pitch (the closest standard musical note). What is the main pitch frequency, expressed in Hertz? Reply with ONLY a number (the frequency in Hz). Nothing else. Output only the answer."
5000,-16.6505,voice,instrument,88,108,0,0,0,0,E6,C7,0,0,0,mi,,0,0,0,108,C7,Listen to the Audio:**,3136,data/audio/pitchbench_a5_pitch_slightly_off/1301p9hz_voice_5000ms.wav,1301p9hz_voice_5000ms.wav,This audio contains a single sustained musical note that may be slightly out of tune. Identify the NEAREST in-tune pitch (the closest standard musical note). What is the MIDI note number (an integer from 0 to 127)? Reply with ONLY the integer. Nothing else. Output only the answer.,"This audio contains a single sustained musical note that may be slightly out of tune. Identify the NEAREST in-tune pitch (the closest standard musical note). What is the note name and octave? Reply with ONLY the note name in Scientific Pitch Notation (e.g. C4, F#3, Bb5). Nothing else. Output only the answer.","This audio contains a single sustained musical note that may be slightly out of tune. Identify the NEAREST in-tune pitch (the closest standard musical note). What is the solfege syllable and accidental (if needed) of this pitch? Use fixed-do (do=C, re=D, mi=E, fa=F, sol=G, la=A, si=B). Include sharps or flats when needed (e.g. do#, reb, fa#, sib). Do NOT include the octave. Reply with ONLY the syllable and accidental (if needed). Nothing else. Output only the answer.","This audio contains a single sustained musical note that may be slightly out of tune. Identify the NEAREST in-tune pitch (the closest standard musical note). What is the main pitch frequency, expressed in Hertz? Reply with ONLY a number (the frequency in Hz). Nothing else. Output only the answer."
5000,0.0,voice,instrument,88,103,0,0,0,0,E6,C7,0,0,0,mi,sol#,0,0,0,103,C7,sol#,1568,data/audio/pitchbench_a5_pitch_slightly_off/1318p5hz_voice_5000ms.wav,1318p5hz_voice_5000ms.wav,This audio contains a single sustained musical note that may be slightly out of tune. Identify the NEAREST in-tune pitch (the closest standard musical note). What is the MIDI note number (an integer from 0 to 127)? Reply with ONLY the integer. Nothing else. Output only the answer.,"This audio contains a single sustained musical note that may be slightly out of tune. Identify the NEAREST in-tune pitch (the closest standard musical note). What is the note name and octave? Reply with ONLY the note name in Scientific Pitch Notation (e.g. C4, F#3, Bb5). Nothing else. Output only the answer.","This audio contains a single sustained musical note that may be slightly out of tune. Identify the NEAREST in-tune pitch (the closest standard musical note). What is the solfege syllable and accidental (if needed) of this pitch? Use fixed-do (do=C, re=D, mi=E, fa=F, sol=G, la=A, si=B). Include sharps or flats when needed (e.g. do#, reb, fa#, sib). Do NOT include the octave. Reply with ONLY the syllable and accidental (if needed). Nothing else. Output only the answer.","This audio contains a single sustained musical note that may be slightly out of tune. Identify the NEAREST in-tune pitch (the closest standard musical note). What is the main pitch frequency, expressed in Hertz? Reply with ONLY a number (the frequency in Hz). Nothing else. Output only the answer."
