
############################################################
# pitchbench_a1_pitch_id
############################################################

Experiment : pitchbench_a1_pitch_id
Models     : audio_flamingo_next_instruct
Stimuli    : 305
  Sampling     : 305 of 1159 (stratified by 'midi', seed=42)

  Model : Audio Flamingo Next – instruct
    [dispatch] 305 items, max_workers=1
    [   1/305]   F1 triangle  | midi: gt=29 pred=35 ❌  | spn: gt=F1 pred=C2 ❌  | doremi: gt=fa pred=fa# ❌  | hz: gt=43.6535 pred=261.63 ❌
    [   2/305]   F1 sine  | midi: gt=29 pred=35 ❌  | spn: gt=F1 pred=C2 ❌  | doremi: gt=fa pred=fa# ❌  | hz: gt=43.6535 pred=25.0 ❌
    [   3/305]   F1 trumpet  | midi: gt=29 pred=34 ❌  | spn: gt=F1 pred=F2 ❌  | doremi: gt=fa pred=fa# ❌  | hz: gt=43.6535 pred=32.7 ❌
    [   4/305]   F1 flute  | midi: gt=29 pred=35 ❌  | spn: gt=F1 pred=A#2 ❌  | doremi: gt=fa pred=fa# ❌  | hz: gt=43.6535 pred=105.26 ❌
    [   5/305]   F1 voice  | midi: gt=29 pred=36 ❌  | spn: gt=F1 pred=C2 ❌  | doremi: gt=fa pred=fa# ❌  | hz: gt=43.6535 pred=1250.0 ❌
    [   6/305]  F#1 piano  | midi: gt=30 pred=36 ❌  | spn: gt=F#1 pred=F#2 ❌  | doremi: gt=fa# pred=sol# ❌  | hz: gt=46.2493 pred=4350.0 ❌
    [   7/305]  F#1 triangle  | midi: gt=30 pred=34 ❌  | spn: gt=F#1 pred=C2 ❌  | doremi: gt=fa# pred=fa# ✅  | hz: gt=46.2493 pred=150.0 ❌
    [   8/305]  F#1 square  | midi: gt=30 pred=34 ❌  | spn: gt=F#1 pred=B2 ❌  | doremi: gt=fa# pred=sol ❌  | hz: gt=46.2493 pred=1052.63 ❌
    [   9/305]  F#1 cello  | midi: gt=30 pred=34 ❌  | spn: gt=F#1 pred=A#2 ❌  | doremi: gt=fa# pred=re ❌  | hz: gt=46.2493 pred=105.26 ❌
    [  10/305]  F#1 sine  | midi: gt=30 pred=35 ❌  | spn: gt=F#1 pred=C2 ❌  | doremi: gt=fa# pred=fa# ✅  | hz: gt=46.2493 pred=25.0 ❌
    [  11/305]   G1 sine  | midi: gt=31 pred=35 ❌  | spn: gt=G1 pred=C2 ❌  | doremi: gt=sol pred=fa# ❌  | hz: gt=48.9994 pred=250.0 ❌
    [  12/305]   G1 square  | midi: gt=31 pred=43 ❌  | spn: gt=G1 pred=A#2 ❌  | doremi: gt=sol pred=fa# ❌  | hz: gt=48.9994 pred=1058.43 ❌
    [  13/305]   G1 guitar  | midi: gt=31 pred=43 ❌  | spn: gt=G1 pred=F4 ❌  | doremi: gt=sol pred=sol ✅  | hz: gt=48.9994 pred=450.0 ❌
    [  14/305]   G1 flute  | midi: gt=31 pred=34 ❌  | spn: gt=G1 pred=A#2 ❌  | doremi: gt=sol pred=la ❌  | hz: gt=48.9994 pred=105.26 ❌
    [  15/305]   G1 trumpet  | midi: gt=31 pred=34 ❌  | spn: gt=G1 pred=F2 ❌  | doremi: gt=sol pred=fa# ❌  | hz: gt=48.9994 pred=320.0 ❌
    [  16/305]  G#1 sine  | midi: gt=32 pred=35 ❌  | spn: gt=G#1 pred=C2 ❌  | doremi: gt=sol# pred=fa# ❌  | hz: gt=51.9131 pred=250.0 ❌
    [  17/305]  G#1 synth_pad  | midi: gt=32 pred=45 ❌  | spn: gt=G#1 pred=C6 ❌  | doremi: gt=sol# pred=fa# ❌  | hz: gt=51.9131 pred=1052.63 ❌
    [  18/305]  G#1 guitar  | midi: gt=32 pred=43 ❌  | spn: gt=G#1 pred=A2 ❌  | doremi: gt=sol# pred=fa# ❌  | hz: gt=51.9131 pred=450.0 ❌
    [  19/305]  G#1 cello  | midi: gt=32 pred=34 ❌  | spn: gt=G#1 pred=B2 ❌  | doremi: gt=sol# pred=re ❌  | hz: gt=51.9131 pred=105.26 ❌
    [  20/305]  G#1 triangle  | midi: gt=32 pred=35 ❌  | spn: gt=G#1 pred=C2 ❌  | doremi: gt=sol# pred=fa# ❌  | hz: gt=51.9131 pred=150.0 ❌
    [  21/305]   A1 organ  | midi: gt=33 pred=63 ❌  | spn: gt=A1 pred=C6 ❌  | doremi: gt=la pred=fa# ❌  | hz: gt=55.0 pred=1054.87 ❌
    [  22/305]   A1 trumpet  | midi: gt=33 pred=34 ❌  | spn: gt=A1 pred=F2 ❌  | doremi: gt=la pred=fa# ❌  | hz: gt=55.0 pred=329.63 ❌
    [  23/305]   A1 sine  | midi: gt=33 pred=35 ❌  | spn: gt=A1 pred=C2 ❌  | doremi: gt=la pred=fa# ❌  | hz: gt=55.0 pred=250.0 ❌
    [  24/305]   A1 electric_keyboard  | midi: gt=33 pred=35 ❌  | spn: gt=A1 pred=A#2 ❌  | doremi: gt=la pred=fa# ❌  | hz: gt=55.0 pred=32.0 ❌
    [  25/305]   A1 oboe  | midi: gt=33 pred=34 ❌  | spn: gt=A1 pred=A#2 ❌  | doremi: gt=la pred=fa# ❌  | hz: gt=55.0 pred=32.0 ❌
    [  26/305]  A#1 cello  | midi: gt=34 pred=34 ✅  | spn: gt=A#1 pred=A#2 ❌  | doremi: gt=la# pred=fa# ❌  | hz: gt=58.2705 pred=105.26 ❌
    [  27/305]  A#1 clarinet  | midi: gt=34 pred=36 ❌  | spn: gt=A#1 pred=C2 ❌  | doremi: gt=la# pred=fa# ❌  | hz: gt=58.2705 pred=130.81 ❌
    [  28/305]  A#1 trumpet  | midi: gt=34 pred=34 ✅  | spn: gt=A#1 pred=F2 ❌  | doremi: gt=la# pred=fa# ❌  | hz: gt=58.2705 pred=32.5 ❌
    [  29/305]  A#1 piano  | midi: gt=34 pred=35 ❌  | spn: gt=A#1 pred=C4 ❌  | doremi: gt=la# pred=fa# ❌  | hz: gt=58.2705 pred=340.0 ❌
    [  30/305]  A#1 triangle  | midi: gt=34 pred=35 ❌  | spn: gt=A#1 pred=C2 ❌  | doremi: gt=la# pred=fa# ❌  | hz: gt=58.2705 pred=105.26 ❌
    [  31/305]   B1 clarinet  | midi: gt=35 pred=35 ✅  | spn: gt=B1 pred=C2 ❌  | doremi: gt=si pred=fa# ❌  | hz: gt=61.7354 pred=130.81 ❌
    [  32/305]   B1 triangle  | midi: gt=35 pred=35 ✅  | spn: gt=B1 pred=C2 ❌  | doremi: gt=si pred=fa# ❌  | hz: gt=61.7354 pred=150.0 ❌
    [  33/305]   B1 square  | midi: gt=35 pred=35 ✅  | spn: gt=B1 pred=A#2 ❌  | doremi: gt=si pred=fa# ❌  | hz: gt=61.7354 pred=150.0 ❌
    [  34/305]   B1 violin  | midi: gt=35 pred=36 ❌  | spn: gt=B1 pred=B2 ❌  | doremi: gt=si pred=re ❌  | hz: gt=61.7354 pred=210.0 ❌
    [  35/305]   B1 sawtooth  | midi: gt=35 pred=35 ✅  | spn: gt=B1 pred=A#2 ❌  | doremi: gt=si pred=fa# ❌  | hz: gt=61.7354 pred=150.0 ❌
    [  36/305]   C2 oboe  | midi: gt=36 pred=36 ✅  | spn: gt=C2 pred=C2 ✅  | doremi: gt=do pred=fa# ❌  | hz: gt=65.4064 pred=25.0 ❌
    [  37/305]   C2 voice  | midi: gt=36 pred=48 ❌  | spn: gt=C2 pred=C2 ✅  | doremi: gt=do pred=fa# ❌  | hz: gt=65.4064 pred=1250.0 ❌
    [  38/305]   C2 trumpet  | midi: gt=36 pred=36 ✅  | spn: gt=C2 pred=C2 ✅  | doremi: gt=do pred=re ❌  | hz: gt=65.4064 pred=34.0 ❌
    [  39/305]   C2 sawtooth  | midi: gt=36 pred=35 ❌  | spn: gt=C2 pred=A#2 ❌  | doremi: gt=do pred=fa# ❌  | hz: gt=65.4064 pred=1058.47 ❌
    [  40/305]   C2 synth_pad  | midi: gt=36 pred=64 ❌  | spn: gt=C2 pred=C4 ❌  | doremi: gt=do pred=fa# ❌  | hz: gt=65.4064 pred=480.0 ❌
    [  41/305]  C#2 organ  | midi: gt=37 pred=65 ❌  | spn: gt=C#2 pred=C6 ❌  | doremi: gt=do# pred=fa# ❌  | hz: gt=69.2957 pred=107.65 ❌
    [  42/305]  C#2 synth_pad  | midi: gt=37 pred=63 ❌  | spn: gt=C#2 pred=C6 ❌  | doremi: gt=do# pred=fa# ❌  | hz: gt=69.2957 pred=1052.63 ❌
    [  43/305]  C#2 triangle  | midi: gt=37 pred=35 ❌  | spn: gt=C#2 pred=C2 ❌  | doremi: gt=do# pred=fa# ❌  | hz: gt=69.2957 pred=105.26 ❌
    [  44/305]  C#2 violin  | midi: gt=37 pred=36 ❌  | spn: gt=C#2 pred=C2 ❌  | doremi: gt=do# pred=re ❌  | hz: gt=69.2957 pred=250.0 ❌
    [  45/305]  C#2 sawtooth  | midi: gt=37 pred=35 ❌  | spn: gt=C#2 pred=C2 ❌  | doremi: gt=do# pred=fa# ❌  | hz: gt=69.2957 pred=480.0 ❌
    [  46/305]   D2 synth_pad  | midi: gt=38 pred=64 ❌  | spn: gt=D2 pred=C6 ❌  | doremi: gt=re pred=fa# ❌  | hz: gt=73.4162 pred=450.0 ❌
    [  47/305]   D2 trombone  | midi: gt=38 pred=36 ❌  | spn: gt=D2 pred=A#2 ❌  | doremi: gt=re pred=re ✅  | hz: gt=73.4162 pred=350.0 ❌
    [  48/305]   D2 oboe  | midi: gt=38 pred=36 ❌  | spn: gt=D2 pred=C2 ❌  | doremi: gt=re pred=fa# ❌  | hz: gt=73.4162 pred=340.0 ❌
    [  49/305]   D2 guitar  | midi: gt=38 pred=49 ❌  | spn: gt=D2 pred=D4 ❌  | doremi: gt=re pred=sol ❌  | hz: gt=73.4162 pred=450.0 ❌
    [  50/305]   D2 synth_lead  | midi: gt=38 pred=48 ❌  | spn: gt=D2 pred=C6 ❌  | doremi: gt=re pred=fa# ❌  | hz: gt=73.4162 pred=120.0 ❌
    [  51/305]  D#2 square  | midi: gt=39 pred=43 ❌  | spn: gt=D#2 pred=A#2 ❌  | doremi: gt=re# pred=fa# ❌  | hz: gt=77.7817 pred=450.0 ❌
    [  52/305]  D#2 sawtooth  | midi: gt=39 pred=38 ❌  | spn: gt=D#2 pred=A#2 ❌  | doremi: gt=re# pred=fa# ❌  | hz: gt=77.7817 pred=480.0 ❌
    [  53/305]  D#2 flute  | midi: gt=39 pred=36 ❌  | spn: gt=D#2 pred=C2 ❌  | doremi: gt=re# pred=fa# ❌  | hz: gt=77.7817 pred=120.0 ❌
    [  54/305]  D#2 trombone  | midi: gt=39 pred=36 ❌  | spn: gt=D#2 pred=A#2 ❌  | doremi: gt=re# pred=fa# ❌  | hz: gt=77.7817 pred=340.0 ❌
    [  55/305]  D#2 synth_pad  | midi: gt=39 pred=54 ❌  | spn: gt=D#2 pred=C6 ❌  | doremi: gt=re# pred=fa# ❌  | hz: gt=77.7817 pred=450.0 ❌
    [  56/305]   E2 flute  | midi: gt=40 pred=43 ❌  | spn: gt=E2 pred=A#2 ❌  | doremi: gt=mi pred=fa# ❌  | hz: gt=82.4069 pred=120.0 ❌
    [  57/305]   E2 triangle  | midi: gt=40 pred=43 ❌  | spn: gt=E2 pred=C4 ❌  | doremi: gt=mi pred=sol ❌  | hz: gt=82.4069 pred=480.0 ❌
    [  58/305]   E2 violin  | midi: gt=40 pred=36 ❌  | spn: gt=E2 pred=C2 ❌  | doremi: gt=mi pred=fa# ❌  | hz: gt=82.4069 pred=160.0 ❌
    [  59/305]   E2 trumpet  | midi: gt=40 pred=38 ❌  | spn: gt=E2 pred=F2 ❌  | doremi: gt=mi pred=re ❌  | hz: gt=82.4069 pred=350.0 ❌
    [  60/305]   E2 voice  | midi: gt=40 pred=63 ❌  | spn: gt=E2 pred=C4 ❌  | doremi: gt=mi pred=fa# ❌  | hz: gt=82.4069 pred=120.0 ❌
    [  61/305]   F2 oboe  | midi: gt=41 pred=38 ❌  | spn: gt=F2 pred=E2 ❌  | doremi: gt=fa pred=fa# ❌  | hz: gt=87.3071 pred=340.0 ❌
    [  62/305]   F2 electric_keyboard  | midi: gt=41 pred=41 ✅  | spn: gt=F2 pred=C4 ❌  | doremi: gt=fa pred=mi ❌  | hz: gt=87.3071 pred=4200.0 ❌
    [  63/305]   F2 voice  | midi: gt=41 pred=63 ❌  | spn: gt=F2 pred=C4 ❌  | doremi: gt=fa pred=fa# ❌  | hz: gt=87.3071 pred=480.0 ❌
    [  64/305]   F2 synth_lead  | midi: gt=41 pred=63 ❌  | spn: gt=F2 pred=C6 ❌  | doremi: gt=fa pred=fa# ❌  | hz: gt=87.3071 pred=1200.0 ❌
    [  65/305]   F2 triangle  | midi: gt=41 pred=43 ❌  | spn: gt=F2 pred=C4 ❌  | doremi: gt=fa pred=sol ❌  | hz: gt=87.3071 pred=150.0 ❌
    [  66/305]  F#2 trumpet  | midi: gt=42 pred=43 ❌  | spn: gt=F#2 pred=F3 ❌  | doremi: gt=fa# pred=fa# ✅  | hz: gt=92.4986 pred=329.63 ❌
    [  67/305]  F#2 square  | midi: gt=42 pred=43 ❌  | spn: gt=F#2 pred=F#2 ✅  | doremi: gt=fa# pred=fa# ✅  | hz: gt=92.4986 pred=450.0 ❌
    [  68/305]  F#2 electric_keyboard  | midi: gt=42 pred=43 ❌  | spn: gt=F#2 pred=F#2 ✅  | doremi: gt=fa# pred=fa# ✅  | hz: gt=92.4986 pred=4350.0 ❌
    [  69/305]  F#2 flute  | midi: gt=42 pred=43 ❌  | spn: gt=F#2 pred=A#2 ❌  | doremi: gt=fa# pred=fa# ✅  | hz: gt=92.4986 pred=107.65 ❌
    [  70/305]  F#2 synth_pad  | midi: gt=42 pred=65 ❌  | spn: gt=F#2 pred=C6 ❌  | doremi: gt=fa# pred=fa# ✅  | hz: gt=92.4986 pred=1052.63 ❌
    [  71/305]   G2 organ  | midi: gt=43 pred=48 ❌  | spn: gt=G2 pred=G2 ✅  | doremi: gt=sol pred=sol ✅  | hz: gt=97.9989 pred=105.26 ❌
    [  72/305]   G2 violin  | midi: gt=43 pred=43 ✅  | spn: gt=G2 pred=C2 ❌  | doremi: gt=sol pred=sol ✅  | hz: gt=97.9989 pred=435.0 ❌
    [  73/305]   G2 trumpet  | midi: gt=43 pred=43 ✅  | spn: gt=G2 pred=F2 ❌  | doremi: gt=sol pred=sol ✅  | hz: gt=97.9989 pred=435.0 ❌
    [  74/305]   G2 flute  | midi: gt=43 pred=36 ❌  | spn: gt=G2 pred=C2 ❌  | doremi: gt=sol pred=fa# ❌  | hz: gt=97.9989 pred=120.0 ❌
    [  75/305]   G2 clarinet  | midi: gt=43 pred=43 ✅  | spn: gt=G2 pred=C4 ❌  | doremi: gt=sol pred=fa# ❌  | hz: gt=97.9989 pred=340.0 ❌
    [  76/305]  G#2 clarinet  | midi: gt=44 pred=43 ❌  | spn: gt=G#2 pred=C4 ❌  | doremi: gt=sol# pred=fa# ❌  | hz: gt=103.8262 pred=450.0 ❌
    [  77/305]  G#2 sawtooth  | midi: gt=44 pred=43 ❌  | spn: gt=G#2 pred=G#2 ✅  | doremi: gt=sol# pred=sol ❌  | hz: gt=103.8262 pred=450.0 ❌
    [  78/305]  G#2 flute  | midi: gt=44 pred=43 ❌  | spn: gt=G#2 pred=C2 ❌  | doremi: gt=sol# pred=fa# ❌  | hz: gt=103.8262 pred=105.26 ❌
    [  79/305]  G#2 synth_pad  | midi: gt=44 pred=45 ❌  | spn: gt=G#2 pred=C#6 ❌  | doremi: gt=sol# pred=fa# ❌  | hz: gt=103.8262 pred=480.0 ❌
    [  80/305]  G#2 violin  | midi: gt=44 pred=43 ❌  | spn: gt=G#2 pred=G2 ❌  | doremi: gt=sol# pred=sol ❌  | hz: gt=103.8262 pred=45.0 ❌
    [  81/305]   A2 clarinet  | midi: gt=45 pred=45 ✅  | spn: gt=A2 pred=C4 ❌  | doremi: gt=la pred=fa# ❌  | hz: gt=110.0 pred=261.63 ❌
    [  82/305]   A2 violin  | midi: gt=45 pred=43 ❌  | spn: gt=A2 pred=A2 ✅  | doremi: gt=la pred=fa# ❌  | hz: gt=110.0 pred=45.0 ❌
    [  83/305]   A2 trumpet  | midi: gt=45 pred=34 ❌  | spn: gt=A2 pred=A3 ❌  | doremi: gt=la pred=sol ❌  | hz: gt=110.0 pred=329.63 ❌
    [  84/305]   A2 square  | midi: gt=45 pred=45 ✅  | spn: gt=A2 pred=A4 ❌  | doremi: gt=la pred=sol ❌  | hz: gt=110.0 pred=450.0 ❌
    [  85/305]   A2 triangle  | midi: gt=45 pred=45 ✅  | spn: gt=A2 pred=A2 ✅  | doremi: gt=la pred=fa# ❌  | hz: gt=110.0 pred=435.0 ❌
    [  86/305]  A#2 voice  | midi: gt=46 pred=45 ❌  | spn: gt=A#2 pred=None ❌  | doremi: gt=la# pred=fa# ❌  | hz: gt=116.5409 pred=450.0 ❌
    [  87/305]  A#2 clarinet  | midi: gt=46 pred=45 ❌  | spn: gt=A#2 pred=A#2 ✅  | doremi: gt=la# pred=fa# ❌  | hz: gt=116.5409 pred=1650.0 ❌
    [  88/305]  A#2 guitar  | midi: gt=46 pred=58 ❌  | spn: gt=A#2 pred=None ❌  | doremi: gt=la# pred=re ❌  | hz: gt=116.5409 pred=450.0 ❌
    [  89/305]  A#2 bass  | midi: gt=46 pred=46 ✅  | spn: gt=A#2 pred=A#2 ✅  | doremi: gt=la# pred=sol ❌  | hz: gt=116.5409 pred=460.0 ❌
    [  90/305]  A#2 synth_lead  | midi: gt=46 pred=45 ❌  | spn: gt=A#2 pred=None ❌  | doremi: gt=la# pred=fa# ❌  | hz: gt=116.5409 pred=150.0 ❌
    [  91/305]   B2 organ  | midi: gt=47 pred=48 ❌  | spn: gt=B2 pred=A#6 ❌  | doremi: gt=si pred=fa# ❌  | hz: gt=123.4708 pred=105.26 ❌
    [  92/305]   B2 piano  | midi: gt=47 pred=46 ❌  | spn: gt=B2 pred=A#4 ❌  | doremi: gt=si pred=sol ❌  | hz: gt=123.4708 pred=460.0 ❌
    [  93/305]   B2 trumpet  | midi: gt=47 pred=45 ❌  | spn: gt=B2 pred=A#2 ❌  | doremi: gt=si pred=sol ❌  | hz: gt=123.4708 pred=340.0 ❌
    [  94/305]   B2 synth_pad  | midi: gt=47 pred=48 ❌  | spn: gt=B2 pred=A#6 ❌  | doremi: gt=si pred=fa# ❌  | hz: gt=123.4708 pred=480.0 ❌
    [  95/305]   B2 triangle  | midi: gt=47 pred=45 ❌  | spn: gt=B2 pred=A2 ❌  | doremi: gt=si pred=fa# ❌  | hz: gt=123.4708 pred=450.0 ❌
    [  96/305]   C3 synth_pad  | midi: gt=48 pred=48 ✅  | spn: gt=C3 pred=C6 ❌  | doremi: gt=do pred=sol ❌  | hz: gt=130.8128 pred=480.0 ❌
    [  97/305]   C3 voice  | midi: gt=48 pred=60 ❌  | spn: gt=C3 pred=C4 ❌  | doremi: gt=do pred=sol ❌  | hz: gt=130.8128 pred=480.0 ❌
    [  98/305]   C3 trumpet  | midi: gt=48 pred=48 ✅  | spn: gt=C3 pred=C4 ❌  | doremi: gt=do pred=sol ❌  | hz: gt=130.8128 pred=340.0 ❌
    [  99/305]   C3 cello  | midi: gt=48 pred=48 ✅  | spn: gt=C3 pred=C2 ❌  | doremi: gt=do pred=sol ❌  | hz: gt=130.8128 pred=48.0 ❌
    [ 100/305]   C3 organ  | midi: gt=48 pred=48 ✅  | spn: gt=C3 pred=C2 ❌  | doremi: gt=do pred=sol ❌  | hz: gt=130.8128 pred=480.0 ❌
    [ 101/305]  C#3 voice  | midi: gt=49 pred=60 ❌  | spn: gt=C#3 pred=C2 ❌  | doremi: gt=do# pred=sol ❌  | hz: gt=138.5913 pred=480.0 ❌
    [ 102/305]  C#3 violin  | midi: gt=49 pred=49 ✅  | spn: gt=C#3 pred=C2 ❌  | doremi: gt=do# pred=sol ❌  | hz: gt=138.5913 pred=105.26 ❌
    [ 103/305]  C#3 oboe  | midi: gt=49 pred=49 ✅  | spn: gt=C#3 pred=C2 ❌  | doremi: gt=do# pred=fa# ❌  | hz: gt=138.5913 pred=48.0 ❌
    [ 104/305]  C#3 flute  | midi: gt=49 pred=49 ✅  | spn: gt=C#3 pred=C2 ❌  | doremi: gt=do# pred=fa# ❌  | hz: gt=138.5913 pred=480.0 ❌
    [ 105/305]  C#3 square  | midi: gt=49 pred=43 ❌  | spn: gt=C#3 pred=A#6 ❌  | doremi: gt=do# pred=sol ❌  | hz: gt=138.5913 pred=450.0 ❌
    [ 106/305]   D3 synth_lead  | midi: gt=50 pred=64 ❌  | spn: gt=D3 pred=C6 ❌  | doremi: gt=re pred=fa# ❌  | hz: gt=146.8324 pred=1200.0 ❌
    [ 107/305]   D3 bass  | midi: gt=50 pred=50 ✅  | spn: gt=D3 pred=C4 ❌  | doremi: gt=re pred=sol ❌  | hz: gt=146.8324 pred=480.0 ❌
    [ 108/305]   D3 square  | midi: gt=50 pred=43 ❌  | spn: gt=D3 pred=C6 ❌  | doremi: gt=re pred=sol ❌  | hz: gt=146.8324 pred=450.0 ❌
    [ 109/305]   D3 sawtooth  | midi: gt=50 pred=43 ❌  | spn: gt=D3 pred=F#2 ❌  | doremi: gt=re pred=sol ❌  | hz: gt=146.8324 pred=450.0 ❌
    [ 110/305]   D3 cello  | midi: gt=50 pred=48 ❌  | spn: gt=D3 pred=D4 ❌  | doremi: gt=re pred=mi ❌  | hz: gt=146.8324 pred=480.0 ❌
    [ 111/305]  D#3 triangle  | midi: gt=51 pred=58 ❌  | spn: gt=D#3 pred=C6 ❌  | doremi: gt=re# pred=sol ❌  | hz: gt=155.5635 pred=480.0 ❌
    [ 112/305]  D#3 piano  | midi: gt=51 pred=51 ✅  | spn: gt=D#3 pred=D4 ❌  | doremi: gt=re# pred=sol# ❌  | hz: gt=155.5635 pred=493.88 ❌
    [ 113/305]  D#3 electric_keyboard  | midi: gt=51 pred=51 ✅  | spn: gt=D#3 pred=C4 ❌  | doremi: gt=re# pred=mi ❌  | hz: gt=155.5635 pred=510.0 ❌
    [ 114/305]  D#3 cello  | midi: gt=51 pred=50 ❌  | spn: gt=D#3 pred=C4 ❌  | doremi: gt=re# pred=re ❌  | hz: gt=155.5635 pred=49.0 ❌
    [ 115/305]  D#3 trombone  | midi: gt=51 pred=58 ❌  | spn: gt=D#3 pred=D4 ❌  | doremi: gt=re# pred=sol ❌  | hz: gt=155.5635 pred=493.88 ❌
    [ 116/305]   E3 square  | midi: gt=52 pred=53 ❌  | spn: gt=E3 pred=F#2 ❌  | doremi: gt=mi pred=sol ❌  | hz: gt=164.8138 pred=1073.64 ❌
    [ 117/305]   E3 violin  | midi: gt=52 pred=53 ❌  | spn: gt=E3 pred=E4 ❌  | doremi: gt=mi pred=re ❌  | hz: gt=164.8138 pred=405.0 ❌
    [ 118/305]   E3 synth_pad  | midi: gt=52 pred=63 ❌  | spn: gt=E3 pred=C4 ❌  | doremi: gt=mi pred=fa# ❌  | hz: gt=164.8138 pred=480.0 ❌
    [ 119/305]   E3 organ  | midi: gt=52 pred=64 ❌  | spn: gt=E3 pred=E4 ❌  | doremi: gt=mi pred=fa# ❌  | hz: gt=164.8138 pred=64.0 ❌
    [ 120/305]   E3 trumpet  | midi: gt=52 pred=52 ✅  | spn: gt=E3 pred=F4 ❌  | doremi: gt=mi pred=sol ❌  | hz: gt=164.8138 pred=405.0 ❌
    [ 121/305]   F3 trumpet  | midi: gt=53 pred=53 ✅  | spn: gt=F3 pred=F4 ❌  | doremi: gt=fa pred=sol ❌  | hz: gt=174.6141 pred=435.0 ❌
    [ 122/305]   F3 synth_pad  | midi: gt=53 pred=65 ❌  | spn: gt=F3 pred=C6 ❌  | doremi: gt=fa pred=fa# ❌  | hz: gt=174.6141 pred=480.0 ❌
    [ 123/305]   F3 sine  | midi: gt=53 pred=48 ❌  | spn: gt=F3 pred=C4 ❌  | doremi: gt=fa pred=sol ❌  | hz: gt=174.6141 pred=105.26 ❌
    [ 124/305]   F3 triangle  | midi: gt=53 pred=54 ❌  | spn: gt=F3 pred=C6 ❌  | doremi: gt=fa pred=sol ❌  | hz: gt=174.6141 pred=150.0 ❌
    [ 125/305]   F3 clarinet  | midi: gt=53 pred=53 ✅  | spn: gt=F3 pred=C4 ❌  | doremi: gt=fa pred=sol ❌  | hz: gt=174.6141 pred=450.0 ❌
    [ 126/305]  F#3 synth_pad  | midi: gt=54 pred=65 ❌  | spn: gt=F#3 pred=C6 ❌  | doremi: gt=fa# pred=fa# ✅  | hz: gt=184.9972 pred=480.0 ❌
    [ 127/305]  F#3 trumpet  | midi: gt=54 pred=54 ✅  | spn: gt=F#3 pred=F4 ❌  | doremi: gt=fa# pred=sol ❌  | hz: gt=184.9972 pred=435.0 ❌
    [ 128/305]  F#3 clarinet  | midi: gt=54 pred=54 ✅  | spn: gt=F#3 pred=C4 ❌  | doremi: gt=fa# pred=fa# ✅  | hz: gt=184.9972 pred=450.0 ❌
    [ 129/305]  F#3 triangle  | midi: gt=54 pred=63 ❌  | spn: gt=F#3 pred=F#3 ✅  | doremi: gt=fa# pred=sol ❌  | hz: gt=184.9972 pred=450.0 ❌
    [ 130/305]  F#3 piano  | midi: gt=54 pred=54 ✅  | spn: gt=F#3 pred=C4 ❌  | doremi: gt=fa# pred=fa# ✅  | hz: gt=184.9972 pred=435.0 ❌
    [ 131/305]   G3 cello  | midi: gt=55 pred=56 ❌  | spn: gt=G3 pred=C4 ❌  | doremi: gt=sol pred=sol ✅  | hz: gt=195.9977 pred=435.0 ❌
    [ 132/305]   G3 electric_keyboard  | midi: gt=55 pred=55 ✅  | spn: gt=G3 pred=C4 ❌  | doremi: gt=sol pred=sol ✅  | hz: gt=195.9977 pred=56.0 ❌
    [ 133/305]   G3 organ  | midi: gt=55 pred=63 ❌  | spn: gt=G3 pred=G2 ❌  | doremi: gt=sol pred=sol ✅  | hz: gt=195.9977 pred=480.0 ❌
    [ 134/305]   G3 sine  | midi: gt=55 pred=56 ❌  | spn: gt=G3 pred=C4 ❌  | doremi: gt=sol pred=sol ✅  | hz: gt=195.9977 pred=105.26 ❌
    [ 135/305]   G3 oboe  | midi: gt=55 pred=43 ❌  | spn: gt=G3 pred=C4 ❌  | doremi: gt=sol pred=sol ✅  | hz: gt=195.9977 pred=435.0 ❌
    [ 136/305]  G#3 trumpet  | midi: gt=56 pred=56 ✅  | spn: gt=G#3 pred=C4 ❌  | doremi: gt=sol# pred=sol ❌  | hz: gt=207.6523 pred=450.0 ❌
    [ 137/305]  G#3 synth_lead  | midi: gt=56 pred=56 ✅  | spn: gt=G#3 pred=C6 ❌  | doremi: gt=sol# pred=sol# ✅  | hz: gt=207.6523 pred=1680.0 ❌
    [ 138/305]  G#3 electric_keyboard  | midi: gt=56 pred=56 ✅  | spn: gt=G#3 pred=C4 ❌  | doremi: gt=sol# pred=sol ❌  | hz: gt=207.6523 pred=56.0 ❌
    [ 139/305]  G#3 triangle  | midi: gt=56 pred=68 ❌  | spn: gt=G#3 pred=C6 ❌  | doremi: gt=sol# pred=sol ❌  | hz: gt=207.6523 pred=450.0 ❌
    [ 140/305]  G#3 cello  | midi: gt=56 pred=56 ✅  | spn: gt=G#3 pred=C4 ❌  | doremi: gt=sol# pred=sol ❌  | hz: gt=207.6523 pred=105.26 ❌
    [ 141/305]   A3 trombone  | midi: gt=57 pred=57 ✅  | spn: gt=A3 pred=A3 ✅  | doremi: gt=la pred=sol ❌  | hz: gt=220.0 pred=450.0 ❌
    [ 142/305]   A3 synth_lead  | midi: gt=57 pred=45 ❌  | spn: gt=A3 pred=None ❌  | doremi: gt=la pred=sol# ❌  | hz: gt=220.0 pred=1680.0 ❌
    [ 143/305]   A3 guitar  | midi: gt=57 pred=58 ❌  | spn: gt=A3 pred=A4 ❌  | doremi: gt=la pred=sol ❌  | hz: gt=220.0 pred=450.0 ❌
    [ 144/305]   A3 piano  | midi: gt=57 pred=58 ❌  | spn: gt=A3 pred=A4 ❌  | doremi: gt=la pred=sol ❌  | hz: gt=220.0 pred=450.0 ❌
    [ 145/305]   A3 electric_keyboard  | midi: gt=57 pred=57 ✅  | spn: gt=A3 pred=A4 ❌  | doremi: gt=la pred=mi ❌  | hz: gt=220.0 pred=5760.0 ❌
    [ 146/305]  A#3 electric_keyboard  | midi: gt=58 pred=58 ✅  | spn: gt=A#3 pred=A#5 ❌  | doremi: gt=la# pred=fa# ❌  | hz: gt=233.0819 pred=580.0 ❌
    [ 147/305]  A#3 synth_pad  | midi: gt=58 pred=65 ❌  | spn: gt=A#3 pred=C6 ❌  | doremi: gt=la# pred=fa# ❌  | hz: gt=233.0819 pred=1058.43 ❌
    [ 148/305]  A#3 synth_lead  | midi: gt=58 pred=58 ✅  | spn: gt=A#3 pred=A#2 ❌  | doremi: gt=la# pred=fa# ❌  | hz: gt=233.0819 pred=460.0 ❌
    [ 149/305]  A#3 sine  | midi: gt=58 pred=58 ✅  | spn: gt=A#3 pred=A2 ❌  | doremi: gt=la# pred=sol ❌  | hz: gt=233.0819 pred=261.63 ❌
    [ 150/305]  A#3 trombone  | midi: gt=58 pred=58 ✅  | spn: gt=A#3 pred=A4 ❌  | doremi: gt=la# pred=sol ❌  | hz: gt=233.0819 pred=460.0 ❌
    [ 151/305]   B3 clarinet  | midi: gt=59 pred=64 ❌  | spn: gt=B3 pred=A#6 ❌  | doremi: gt=si pred=fa# ❌  | hz: gt=246.9417 pred=450.0 ❌
    [ 152/305]   B3 bass  | midi: gt=59 pred=59 ✅  | spn: gt=B3 pred=B4 ❌  | doremi: gt=si pred=sol ❌  | hz: gt=246.9417 pred=450.0 ❌
    [ 153/305]   B3 sine  | midi: gt=59 pred=63 ❌  | spn: gt=B3 pred=C6 ❌  | doremi: gt=si pred=sol ❌  | hz: gt=246.9417 pred=105.26 ❌
    [ 154/305]   B3 triangle  | midi: gt=59 pred=63 ❌  | spn: gt=B3 pred=A#6 ❌  | doremi: gt=si pred=sol ❌  | hz: gt=246.9417 pred=480.0 ❌
    [ 155/305]   B3 organ  | midi: gt=59 pred=63 ❌  | spn: gt=B3 pred=A#6 ❌  | doremi: gt=si pred=sol ❌  | hz: gt=246.9417 pred=480.0 ❌
    [ 156/305]   C4 oboe  | midi: gt=60 pred=60 ✅  | spn: gt=C4 pred=C6 ❌  | doremi: gt=do pred=sol ❌  | hz: gt=261.6256 pred=480.0 ❌
    [ 157/305]   C4 trombone  | midi: gt=60 pred=60 ✅  | spn: gt=C4 pred=C4 ✅  | doremi: gt=do pred=sol ❌  | hz: gt=261.6256 pred=60.0 ❌
    [ 158/305]   C4 flute  | midi: gt=60 pred=60 ✅  | spn: gt=C4 pred=C6 ❌  | doremi: gt=do pred=fa# ❌  | hz: gt=261.6256 pred=480.0 ❌
    [ 159/305]   C4 sawtooth  | midi: gt=60 pred=43 ❌  | spn: gt=C4 pred=F#2 ❌  | doremi: gt=do pred=sol ❌  | hz: gt=261.6256 pred=450.0 ❌
    [ 160/305]   C4 triangle  | midi: gt=60 pred=63 ❌  | spn: gt=C4 pred=C6 ❌  | doremi: gt=do pred=sol ❌  | hz: gt=261.6256 pred=480.0 ❌
    [ 161/305]  C#4 voice  | midi: gt=61 pred=63 ❌  | spn: gt=C#4 pred=C6 ❌  | doremi: gt=do# pred=sol ❌  | hz: gt=277.1826 pred=480.0 ❌
    [ 162/305]  C#4 square  | midi: gt=61 pred=63 ❌  | spn: gt=C#4 pred=C6 ❌  | doremi: gt=do# pred=sol ❌  | hz: gt=277.1826 pred=480.0 ❌
    [ 163/305]  C#4 synth_pad  | midi: gt=61 pred=65 ❌  | spn: gt=C#4 pred=C6 ❌  | doremi: gt=do# pred=fa# ❌  | hz: gt=277.1826 pred=605.0 ❌
    [ 164/305]  C#4 bass  | midi: gt=61 pred=63 ❌  | spn: gt=C#4 pred=C6 ❌  | doremi: gt=do# pred=sol ❌  | hz: gt=277.1826 pred=60.0 ❌
    [ 165/305]  C#4 cello  | midi: gt=61 pred=61 ✅  | spn: gt=C#4 pred=C6 ❌  | doremi: gt=do# pred=sol ❌  | hz: gt=277.1826 pred=60.0 ❌
    [ 166/305]   D4 square  | midi: gt=62 pred=63 ❌  | spn: gt=D4 pred=D6 ❌  | doremi: gt=re pred=sol ❌  | hz: gt=293.6648 pred=450.0 ❌
    [ 167/305]   D4 synth_pad  | midi: gt=62 pred=69 ❌  | spn: gt=D4 pred=D6 ❌  | doremi: gt=re pred=sol ❌  | hz: gt=293.6648 pred=493.88 ❌
    [ 168/305]   D4 piano  | midi: gt=62 pred=63 ❌  | spn: gt=D4 pred=C6 ❌  | doremi: gt=re pred=sol ❌  | hz: gt=293.6648 pred=493.88 ❌
    [ 169/305]   D4 synth_lead  | midi: gt=62 pred=63 ❌  | spn: gt=D4 pred=D6 ❌  | doremi: gt=re pred=sol ❌  | hz: gt=293.6648 pred=480.0 ❌
    [ 170/305]   D4 clarinet  | midi: gt=62 pred=69 ❌  | spn: gt=D4 pred=D6 ❌  | doremi: gt=re pred=sol ❌  | hz: gt=293.6648 pred=450.0 ❌
    [ 171/305]  D#4 bass  | midi: gt=63 pred=63 ✅  | spn: gt=D#4 pred=D6 ❌  | doremi: gt=re# pred=sol ❌  | hz: gt=311.127 pred=630.51 ❌
    [ 172/305]  D#4 synth_pad  | midi: gt=63 pred=63 ✅  | spn: gt=D#4 pred=D6 ❌  | doremi: gt=re# pred=sol# ❌  | hz: gt=311.127 pred=6750.0 ❌
    [ 173/305]  D#4 electric_keyboard  | midi: gt=63 pred=63 ✅  | spn: gt=D#4 pred=C6 ❌  | doremi: gt=re# pred=sol ❌  | hz: gt=311.127 pred=63.0 ❌
    [ 174/305]  D#4 trumpet  | midi: gt=63 pred=63 ✅  | spn: gt=D#4 pred=D4 ❌  | doremi: gt=re# pred=sol ❌  | hz: gt=311.127 pred=630.0 ❌
    [ 175/305]  D#4 voice  | midi: gt=63 pred=63 ✅  | spn: gt=D#4 pred=C6 ❌  | doremi: gt=re# pred=sol ❌  | hz: gt=311.127 pred=420.0 ❌
    [ 176/305]   E4 cello  | midi: gt=64 pred=64 ✅  | spn: gt=E4 pred=E4 ✅  | doremi: gt=mi pred=sol ❌  | hz: gt=329.6276 pred=64.0 ❌
    [ 177/305]   E4 guitar  | midi: gt=64 pred=64 ✅  | spn: gt=E4 pred=F#2 ❌  | doremi: gt=mi pred=fa# ❌  | hz: gt=329.6276 pred=460.0 ❌
    [ 178/305]   E4 synth_pad  | midi: gt=64 pred=65 ❌  | spn: gt=E4 pred=C6 ❌  | doremi: gt=mi pred=fa# ❌  | hz: gt=329.6276 pred=659.34 ❌
    [ 179/305]   E4 trombone  | midi: gt=64 pred=64 ✅  | spn: gt=E4 pred=C4 ❌  | doremi: gt=mi pred=sol ❌  | hz: gt=329.6276 pred=640.0 ❌
    [ 180/305]   E4 synth_lead  | midi: gt=64 pred=64 ✅  | spn: gt=E4 pred=C6 ❌  | doremi: gt=mi pred=sol# ❌  | hz: gt=329.6276 pred=1250.0 ❌
    [ 181/305]   F4 oboe  | midi: gt=65 pred=65 ✅  | spn: gt=F4 pred=C6 ❌  | doremi: gt=fa pred=sol ❌  | hz: gt=349.2282 pred=659.32 ❌
    [ 182/305]   F4 organ  | midi: gt=65 pred=65 ✅  | spn: gt=F4 pred=E4 ❌  | doremi: gt=fa pred=sol ❌  | hz: gt=349.2282 pred=659.3 ❌
    [ 183/305]   F4 synth_lead  | midi: gt=65 pred=65 ✅  | spn: gt=F4 pred=C6 ❌  | doremi: gt=fa pred=sol# ❌  | hz: gt=349.2282 pred=1052.63 ❌
    [ 184/305]   F4 synth_pad  | midi: gt=65 pred=65 ✅  | spn: gt=F4 pred=C6 ❌  | doremi: gt=fa pred=fa# ❌  | hz: gt=349.2282 pred=659.34 ❌
    [ 185/305]   F4 sawtooth  | midi: gt=65 pred=65 ✅  | spn: gt=F4 pred=F#6 ❌  | doremi: gt=fa pred=sol ❌  | hz: gt=349.2282 pred=450.0 ❌
    [ 186/305]  F#4 flute  | midi: gt=66 pred=65 ❌  | spn: gt=F#4 pred=F#3 ❌  | doremi: gt=fa# pred=mi ❌  | hz: gt=369.9944 pred=659.34 ❌
    [ 187/305]  F#4 voice  | midi: gt=66 pred=65 ❌  | spn: gt=F#4 pred=F#6 ❌  | doremi: gt=fa# pred=sol ❌  | hz: gt=369.9944 pred=659.32 ❌
    [ 188/305]  F#4 square  | midi: gt=66 pred=65 ❌  | spn: gt=F#4 pred=F#6 ❌  | doremi: gt=fa# pred=sol ❌  | hz: gt=369.9944 pred=450.0 ❌
    [ 189/305]  F#4 clarinet  | midi: gt=66 pred=65 ❌  | spn: gt=F#4 pred=C6 ❌  | doremi: gt=fa# pred=sol ❌  | hz: gt=369.9944 pred=450.0 ❌
    [ 190/305]  F#4 sine  | midi: gt=66 pred=65 ❌  | spn: gt=F#4 pred=C6 ❌  | doremi: gt=fa# pred=sol ❌  | hz: gt=369.9944 pred=350.0 ❌
    [ 191/305]   G4 voice  | midi: gt=67 pred=69 ❌  | spn: gt=G4 pred=C4 ❌  | doremi: gt=sol pred=sol ✅  | hz: gt=391.9954 pred=435.0 ❌
    [ 192/305]   G4 synth_pad  | midi: gt=67 pred=69 ❌  | spn: gt=G4 pred=C6 ❌  | doremi: gt=sol pred=sol ✅  | hz: gt=391.9954 pred=659.34 ❌
    [ 193/305]   G4 flute  | midi: gt=67 pred=67 ✅  | spn: gt=G4 pred=C6 ❌  | doremi: gt=sol pred=mi ❌  | hz: gt=391.9954 pred=261.63 ❌
    [ 194/305]   G4 synth_lead  | midi: gt=67 pred=63 ❌  | spn: gt=G4 pred=C6 ❌  | doremi: gt=sol pred=sol ✅  | hz: gt=391.9954 pred=480.0 ❌
    [ 195/305]   G4 sine  | midi: gt=67 pred=63 ❌  | spn: gt=G4 pred=C6 ❌  | doremi: gt=sol pred=sol ✅  | hz: gt=391.9954 pred=1074.32 ❌
    [ 196/305]  G#4 square  | midi: gt=68 pred=68 ✅  | spn: gt=G#4 pred=F#6 ❌  | doremi: gt=sol# pred=sol ❌  | hz: gt=415.3047 pred=1073.645829 ❌
    [ 197/305]  G#4 sawtooth  | midi: gt=68 pred=68 ✅  | spn: gt=G#4 pred=G6 ❌  | doremi: gt=sol# pred=sol ❌  | hz: gt=415.3047 pred=1666.67 ❌
    [ 198/305]  G#4 flute  | midi: gt=68 pred=68 ✅  | spn: gt=G#4 pred=C6 ❌  | doremi: gt=sol# pred=fa# ❌  | hz: gt=415.3047 pred=435.0 ❌
    [ 199/305]  G#4 voice  | midi: gt=68 pred=68 ✅  | spn: gt=G#4 pred=C6 ❌  | doremi: gt=sol# pred=sol ❌  | hz: gt=415.3047 pred=435.0 ❌
    [ 200/305]  G#4 organ  | midi: gt=68 pred=68 ✅  | spn: gt=G#4 pred=G6 ❌  | doremi: gt=sol# pred=sol# ✅  | hz: gt=415.3047 pred=680.0 ❌
    [ 201/305]   A4 sawtooth  | midi: gt=69 pred=69 ✅  | spn: gt=A4 pred=A6 ❌  | doremi: gt=la pred=sol ❌  | hz: gt=440.0 pred=450.0 ❌
    [ 202/305]   A4 clarinet  | midi: gt=69 pred=69 ✅  | spn: gt=A4 pred=A4 ✅  | doremi: gt=la pred=sol ❌  | hz: gt=440.0 pred=450.0 ❌
    [ 203/305]   A4 square  | midi: gt=69 pred=69 ✅  | spn: gt=A4 pred=A6 ❌  | doremi: gt=la pred=sol ❌  | hz: gt=440.0 pred=1058.37 ❌
    [ 204/305]   A4 flute  | midi: gt=69 pred=69 ✅  | spn: gt=A4 pred=A4 ✅  | doremi: gt=la pred=fa# ❌  | hz: gt=440.0 pred=693.0 ❌
    [ 205/305]   A4 piano  | midi: gt=69 pred=69 ✅  | spn: gt=A4 pred=None ❌  | doremi: gt=la pred=fa# ❌  | hz: gt=440.0 pred=450.0 ❌
    [ 206/305]  A#4 bass  | midi: gt=70 pred=69 ❌  | spn: gt=A#4 pred=A7 ❌  | doremi: gt=la# pred=fa# ❌  | hz: gt=466.1638 pred=460.0 ❌
    [ 207/305]  A#4 guitar  | midi: gt=70 pred=69 ❌  | spn: gt=A#4 pred=A7 ❌  | doremi: gt=la# pred=fa# ❌  | hz: gt=466.1638 pred=450.0 ❌
    [ 208/305]  A#4 piano  | midi: gt=70 pred=69 ❌  | spn: gt=A#4 pred=None ❌  | doremi: gt=la# pred=fa# ❌  | hz: gt=466.1638 pred=450.0 ❌
    [ 209/305]  A#4 voice  | midi: gt=70 pred=69 ❌  | spn: gt=A#4 pred=C6 ❌  | doremi: gt=la# pred=sol# ❌  | hz: gt=466.1638 pred=695.0 ❌
    [ 210/305]  A#4 triangle  | midi: gt=70 pred=69 ❌  | spn: gt=A#4 pred=C6 ❌  | doremi: gt=la# pred=fa# ❌  | hz: gt=466.1638 pred=1054.87 ❌
    [ 211/305]   B4 bass  | midi: gt=71 pred=69 ❌  | spn: gt=B4 pred=B7 ❌  | doremi: gt=si pred=fa# ❌  | hz: gt=493.8833 pred=705.0 ❌
    [ 212/305]   B4 cello  | midi: gt=71 pred=68 ❌  | spn: gt=B4 pred=B4 ✅  | doremi: gt=si pred=sol ❌  | hz: gt=493.8833 pred=6750.0 ❌
    [ 213/305]   B4 guitar  | midi: gt=71 pred=68 ❌  | spn: gt=B4 pred=A#6 ❌  | doremi: gt=si pred=re ❌  | hz: gt=493.8833 pred=450.0 ❌
    [ 214/305]   B4 triangle  | midi: gt=71 pred=68 ❌  | spn: gt=B4 pred=C6 ❌  | doremi: gt=si pred=sol ❌  | hz: gt=493.8833 pred=1075.83 ❌
    [ 215/305]   B4 sawtooth  | midi: gt=71 pred=69 ❌  | spn: gt=B4 pred=A6 ❌  | doremi: gt=si pred=sol ❌  | hz: gt=493.8833 pred=450.0 ❌
    [ 216/305]   C5 cello  | midi: gt=72 pred=68 ❌  | spn: gt=C5 pred=C6 ❌  | doremi: gt=do pred=sol ❌  | hz: gt=523.2511 pred=600.0 ❌
    [ 217/305]   C5 oboe  | midi: gt=72 pred=68 ❌  | spn: gt=C5 pred=C6 ❌  | doremi: gt=do pred=sol ❌  | hz: gt=523.2511 pred=600.0 ❌
    [ 218/305]   C5 voice  | midi: gt=72 pred=60 ❌  | spn: gt=C5 pred=C6 ❌  | doremi: gt=do pred=sol ❌  | hz: gt=523.2511 pred=600.0 ❌
    [ 219/305]   C5 synth_lead  | midi: gt=72 pred=68 ❌  | spn: gt=C5 pred=C6 ❌  | doremi: gt=do pred=sol# ❌  | hz: gt=523.2511 pred=1058.43 ❌
    [ 220/305]   C5 flute  | midi: gt=72 pred=68 ❌  | spn: gt=C5 pred=C6 ❌  | doremi: gt=do pred=sol ❌  | hz: gt=523.2511 pred=600.0 ❌
    [ 221/305]  C#5 sawtooth  | midi: gt=73 pred=68 ❌  | spn: gt=C#5 pred=C6 ❌  | doremi: gt=do# pred=sol ❌  | hz: gt=554.3653 pred=480.0 ❌
    [ 222/305]  C#5 triangle  | midi: gt=73 pred=68 ❌  | spn: gt=C#5 pred=C6 ❌  | doremi: gt=do# pred=sol ❌  | hz: gt=554.3653 pred=480.0 ❌
    [ 223/305]  C#5 voice  | midi: gt=73 pred=68 ❌  | spn: gt=C#5 pred=C6 ❌  | doremi: gt=do# pred=sol# ❌  | hz: gt=554.3653 pred=605.0 ❌
    [ 224/305]  C#5 violin  | midi: gt=73 pred=68 ❌  | spn: gt=C#5 pred=C6 ❌  | doremi: gt=do# pred=sol ❌  | hz: gt=554.3653 pred=601.0 ❌
    [ 225/305]  C#5 oboe  | midi: gt=73 pred=73 ✅  | spn: gt=C#5 pred=C6 ❌  | doremi: gt=do# pred=sol ❌  | hz: gt=554.3653 pred=6750.0 ❌
    [ 226/305]   D5 clarinet  | midi: gt=74 pred=69 ❌  | spn: gt=D5 pred=C6 ❌  | doremi: gt=re pred=sol ❌  | hz: gt=587.3295 pred=625.0 ❌
    [ 227/305]   D5 triangle  | midi: gt=74 pred=68 ❌  | spn: gt=D5 pred=C6 ❌  | doremi: gt=re pred=sol ❌  | hz: gt=587.3295 pred=480.0 ❌
    [ 228/305]   D5 flute  | midi: gt=74 pred=62 ❌  | spn: gt=D5 pred=D6 ❌  | doremi: gt=re pred=sol ❌  | hz: gt=587.3295 pred=None ❌
    [ 229/305]   D5 guitar  | midi: gt=74 pred=62 ❌  | spn: gt=D5 pred=D6 ❌  | doremi: gt=re pred=sol ❌  | hz: gt=587.3295 pred=504.0 ❌
    [ 230/305]   D5 synth_pad  | midi: gt=74 pred=69 ❌  | spn: gt=D5 pred=D6 ❌  | doremi: gt=re pred=sol# ❌  | hz: gt=587.3295 pred=6250.0 ❌
    [ 231/305]  D#5 synth_pad  | midi: gt=75 pred=63 ❌  | spn: gt=D#5 pred=C6 ❌  | doremi: gt=re# pred=sol# ❌  | hz: gt=622.254 pred=1200.0 ❌
    [ 232/305]  D#5 organ  | midi: gt=75 pred=63 ❌  | spn: gt=D#5 pred=C6 ❌  | doremi: gt=re# pred=sol# ❌  | hz: gt=622.254 pred=630.95 ❌
    [ 233/305]  D#5 piano  | midi: gt=75 pred=63 ❌  | spn: gt=D#5 pred=C6 ❌  | doremi: gt=re# pred=sol# ❌  | hz: gt=622.254 pred=70.0 ❌
    [ 234/305]  D#5 cello  | midi: gt=75 pred=63 ❌  | spn: gt=D#5 pred=C6 ❌  | doremi: gt=re# pred=si ❌  | hz: gt=622.254 pred=6305.0 ❌
    [ 235/305]  D#5 square  | midi: gt=75 pred=69 ❌  | spn: gt=D#5 pred=F6 ❌  | doremi: gt=re# pred=sol ❌  | hz: gt=622.254 pred=1073.645829 ❌
    [ 236/305]   E5 trumpet  | midi: gt=76 pred=69 ❌  | spn: gt=E5 pred=A#6 ❌  | doremi: gt=mi pred=sol ❌  | hz: gt=659.2551 pred=6950.0 ❌
    [ 237/305]   E5 organ  | midi: gt=76 pred=64 ❌  | spn: gt=E5 pred=E6 ❌  | doremi: gt=mi pred=sol ❌  | hz: gt=659.2551 pred=640.0 ❌
    [ 238/305]   E5 flute  | midi: gt=76 pred=64 ❌  | spn: gt=E5 pred=E4 ❌  | doremi: gt=mi pred=sol ❌  | hz: gt=659.2551 pred=640.0 ❌
    [ 239/305]   E5 square  | midi: gt=76 pred=63 ❌  | spn: gt=E5 pred=F6 ❌  | doremi: gt=mi pred=sol ❌  | hz: gt=659.2551 pred=1073.64582 ❌
    [ 240/305]   E5 synth_lead  | midi: gt=76 pred=68 ❌  | spn: gt=E5 pred=C6 ❌  | doremi: gt=mi pred=sol# ❌  | hz: gt=659.2551 pred=1500.0 ❌
    [ 241/305]   F5 synth_pad  | midi: gt=77 pred=69 ❌  | spn: gt=F5 pred=C6 ❌  | doremi: gt=fa pred=sol# ❌  | hz: gt=698.4565 pred=1046.52 ❌
    [ 242/305]   F5 triangle  | midi: gt=77 pred=68 ❌  | spn: gt=F5 pred=F#6 ❌  | doremi: gt=fa pred=sol ❌  | hz: gt=698.4565 pred=450.0 ❌
    [ 243/305]   F5 sawtooth  | midi: gt=77 pred=65 ❌  | spn: gt=F5 pred=F#6 ❌  | doremi: gt=fa pred=sol ❌  | hz: gt=698.4565 pred=450.0 ❌
    [ 244/305]   F5 sine  | midi: gt=77 pred=68 ❌  | spn: gt=F5 pred=C6 ❌  | doremi: gt=fa pred=sol ❌  | hz: gt=698.4565 pred=1050.0 ❌
    [ 245/305]   F5 synth_lead  | midi: gt=77 pred=68 ❌  | spn: gt=F5 pred=C6 ❌  | doremi: gt=fa pred=sol# ❌  | hz: gt=698.4565 pred=1500.0 ❌
    [ 246/305]  F#5 flute  | midi: gt=78 pred=65 ❌  | spn: gt=F#5 pred=F6 ❌  | doremi: gt=fa# pred=sol ❌  | hz: gt=739.9888 pred=659.34 ❌
    [ 247/305]  F#5 electric_keyboard  | midi: gt=78 pred=78 ✅  | spn: gt=F#5 pred=C6 ❌  | doremi: gt=fa# pred=sol# ❌  | hz: gt=739.9888 pred=784.0 ❌
    [ 248/305]  F#5 cello  | midi: gt=78 pred=78 ✅  | spn: gt=F#5 pred=G6 ❌  | doremi: gt=fa# pred=sol# ❌  | hz: gt=739.9888 pred=701.0 ❌
    [ 249/305]  F#5 bass  | midi: gt=78 pred=78 ✅  | spn: gt=F#5 pred=F7 ❌  | doremi: gt=fa# pred=sol# ❌  | hz: gt=739.9888 pred=701.0 ❌
    [ 250/305]  F#5 voice  | midi: gt=78 pred=68 ❌  | spn: gt=F#5 pred=C6 ❌  | doremi: gt=fa# pred=sol# ❌  | hz: gt=739.9888 pred=6750.0 ❌
    [ 251/305]   G5 guitar  | midi: gt=79 pred=68 ❌  | spn: gt=G5 pred=C7 ❌  | doremi: gt=sol pred=fa# ❌  | hz: gt=783.9909 pred=2105.38 ❌
    [ 252/305]   G5 violin  | midi: gt=79 pred=67 ❌  | spn: gt=G5 pred=G6 ❌  | doremi: gt=sol pred=sol ✅  | hz: gt=783.9909 pred=6750.0 ❌
    [ 253/305]   G5 sawtooth  | midi: gt=79 pred=69 ❌  | spn: gt=G5 pred=A6 ❌  | doremi: gt=sol pred=sol ✅  | hz: gt=783.9909 pred=1073.64 ❌
    [ 254/305]   G5 electric_keyboard  | midi: gt=79 pred=67 ❌  | spn: gt=G5 pred=C6 ❌  | doremi: gt=sol pred=sol ✅  | hz: gt=783.9909 pred=793.68 ❌
    [ 255/305]   G5 voice  | midi: gt=79 pred=67 ❌  | spn: gt=G5 pred=C6 ❌  | doremi: gt=sol pred=sol# ❌  | hz: gt=783.9909 pred=675.0 ❌
    [ 256/305]  G#5 sine  | midi: gt=80 pred=68 ❌  | spn: gt=G#5 pred=C6 ❌  | doremi: gt=sol# pred=sol ❌  | hz: gt=830.6094 pred=1052.63 ❌
    [ 257/305]  G#5 violin  | midi: gt=80 pred=68 ❌  | spn: gt=G#5 pred=C6 ❌  | doremi: gt=sol# pred=sol# ✅  | hz: gt=830.6094 pred=680.0 ❌
    [ 258/305]  G#5 trumpet  | midi: gt=80 pred=80 ✅  | spn: gt=G#5 pred=G6 ❌  | doremi: gt=sol# pred=sol ❌  | hz: gt=830.6094 pred=805.0 ❌
    [ 259/305]  G#5 organ  | midi: gt=80 pred=80 ✅  | spn: gt=G#5 pred=G6 ❌  | doremi: gt=sol# pred=sol ❌  | hz: gt=830.6094 pred=450.0 ❌
    [ 260/305]  G#5 piano  | midi: gt=80 pred=83 ❌  | spn: gt=G#5 pred=C6 ❌  | doremi: gt=sol# pred=sol# ✅  | hz: gt=830.6094 pred=840.0 ❌
    [ 261/305]   A5 cello  | midi: gt=81 pred=69 ❌  | spn: gt=A5 pred=A#6 ❌  | doremi: gt=la pred=sol ❌  | hz: gt=880.0 pred=None ❌
    [ 262/305]   A5 synth_pad  | midi: gt=81 pred=69 ❌  | spn: gt=A5 pred=A6 ❌  | doremi: gt=la pred=sol# ❌  | hz: gt=880.0 pred=8250.0 ❌
    [ 263/305]   A5 bass  | midi: gt=81 pred=81 ✅  | spn: gt=A5 pred=A7 ❌  | doremi: gt=la pred=la# ❌  | hz: gt=880.0 pred=8150.0 ❌
    [ 264/305]   A5 piano  | midi: gt=81 pred=83 ❌  | spn: gt=A5 pred=A7 ❌  | doremi: gt=la pred=sol# ❌  | hz: gt=880.0 pred=8100.0 ❌
    [ 265/305]   A5 triangle  | midi: gt=81 pred=69 ❌  | spn: gt=A5 pred=A6 ❌  | doremi: gt=la pred=sol ❌  | hz: gt=880.0 pred=450.0 ❌
    [ 266/305]  A#5 trombone  | midi: gt=82 pred=83 ❌  | spn: gt=A#5 pred=C6 ❌  | doremi: gt=la# pred=sol ❌  | hz: gt=932.3275 pred=8250.0 ❌
    [ 267/305]  A#5 guitar  | midi: gt=82 pred=83 ❌  | spn: gt=A#5 pred=A7 ❌  | doremi: gt=la# pred=sol# ❌  | hz: gt=932.3275 pred=1056.0 ❌
    [ 268/305]  A#5 sawtooth  | midi: gt=82 pred=69 ❌  | spn: gt=A#5 pred=A6 ❌  | doremi: gt=la# pred=sol# ❌  | hz: gt=932.3275 pred=1046.53 ❌
    [ 269/305]  A#5 synth_lead  | midi: gt=82 pred=68 ❌  | spn: gt=A#5 pred=C6 ❌  | doremi: gt=la# pred=sol# ❌  | hz: gt=932.3275 pred=1600.0 ❌
    [ 270/305]  A#5 oboe  | midi: gt=82 pred=83 ❌  | spn: gt=A#5 pred=C6 ❌  | doremi: gt=la# pred=sol# ❌  | hz: gt=932.3275 pred=8250.0 ❌
    [ 271/305]   B5 clarinet  | midi: gt=83 pred=68 ❌  | spn: gt=B5 pred=C6 ❌  | doremi: gt=si pred=sol# ❌  | hz: gt=987.7666 pred=8250.0 ❌
    [ 272/305]   B5 sawtooth  | midi: gt=83 pred=63 ❌  | spn: gt=B5 pred=F#6 ❌  | doremi: gt=si pred=sol# ❌  | hz: gt=987.7666 pred=1304.57 ❌
    [ 273/305]   B5 synth_pad  | midi: gt=83 pred=84 ❌  | spn: gt=B5 pred=A#6 ❌  | doremi: gt=si pred=sol# ❌  | hz: gt=987.7666 pred=1034.52 ❌
    [ 274/305]   B5 bass  | midi: gt=83 pred=83 ✅  | spn: gt=B5 pred=B7 ❌  | doremi: gt=si pred=si ✅  | hz: gt=987.7666 pred=830.41 ❌
    [ 275/305]   B5 trumpet  | midi: gt=83 pred=83 ✅  | spn: gt=B5 pred=B7 ❌  | doremi: gt=si pred=sol ❌  | hz: gt=987.7666 pred=830.41 ❌
    [ 276/305]   C6 synth_lead  | midi: gt=84 pred=68 ❌  | spn: gt=C6 pred=C6 ✅  | doremi: gt=do pred=sol ❌  | hz: gt=1046.5023 pred=600.0 ❌
    [ 277/305]   C6 electric_keyboard  | midi: gt=84 pred=84 ✅  | spn: gt=C6 pred=C6 ✅  | doremi: gt=do pred=sol ❌  | hz: gt=1046.5023 pred=840.0 ❌
    [ 278/305]   C6 sawtooth  | midi: gt=84 pred=65 ❌  | spn: gt=C6 pred=D6 ❌  | doremi: gt=do pred=sol ❌  | hz: gt=1046.5023 pred=1046.53 ✅
    [ 279/305]   C6 square  | midi: gt=84 pred=69 ❌  | spn: gt=C6 pred=A6 ❌  | doremi: gt=do pred=sol ❌  | hz: gt=1046.5023 pred=1058.43 ❌
    [ 280/305]   C6 cello  | midi: gt=84 pred=84 ✅  | spn: gt=C6 pred=C6 ✅  | doremi: gt=do pred=sol# ❌  | hz: gt=1046.5023 pred=1046.53 ✅
    [ 281/305]  C#6 electric_keyboard  | midi: gt=85 pred=85 ✅  | spn: gt=C#6 pred=C6 ❌  | doremi: gt=do# pred=sol# ❌  | hz: gt=1108.7305 pred=8450.0 ❌
    [ 282/305]  C#6 square  | midi: gt=85 pred=68 ❌  | spn: gt=C#6 pred=A6 ❌  | doremi: gt=do# pred=sol# ❌  | hz: gt=1108.7305 pred=1058.43 ❌
    [ 283/305]  C#6 synth_pad  | midi: gt=85 pred=85 ✅  | spn: gt=C#6 pred=C6 ❌  | doremi: gt=do# pred=sol# ❌  | hz: gt=1108.7305 pred=1200.0 ❌
    [ 284/305]  C#6 flute  | midi: gt=85 pred=85 ✅  | spn: gt=C#6 pred=C6 ❌  | doremi: gt=do# pred=sol ❌  | hz: gt=1108.7305 pred=845.0 ❌
    [ 285/305]  C#6 guitar  | midi: gt=85 pred=84 ❌  | spn: gt=C#6 pred=C6 ❌  | doremi: gt=do# pred=sol# ❌  | hz: gt=1108.7305 pred=1200.0 ❌
    [ 286/305]   D6 triangle  | midi: gt=86 pred=68 ❌  | spn: gt=D6 pred=C6 ❌  | doremi: gt=re pred=sol ❌  | hz: gt=1174.6591 pred=450.0 ❌
    [ 287/305]   D6 flute  | midi: gt=86 pred=86 ✅  | spn: gt=D6 pred=C6 ❌  | doremi: gt=re pred=sol ❌  | hz: gt=1174.6591 pred=None ❌
    [ 288/305]   D6 sawtooth  | midi: gt=86 pred=69 ❌  | spn: gt=D6 pred=A6 ❌  | doremi: gt=re pred=sol ❌  | hz: gt=1174.6591 pred=1046.53 ❌
    [ 289/305]   D6 square  | midi: gt=86 pred=65 ❌  | spn: gt=D6 pred=F#6 ❌  | doremi: gt=re pred=sol ❌  | hz: gt=1174.6591 pred=1046.53 ❌
    [ 290/305]   D6 guitar  | midi: gt=86 pred=68 ❌  | spn: gt=D6 pred=C6 ❌  | doremi: gt=re pred=sol# ❌  | hz: gt=1174.6591 pred=1034.52 ❌
    [ 291/305]  D#6 voice  | midi: gt=87 pred=85 ❌  | spn: gt=D#6 pred=C6 ❌  | doremi: gt=re# pred=sol# ❌  | hz: gt=1244.5079 pred=1034.52 ❌
    [ 292/305]  D#6 synth_lead  | midi: gt=87 pred=63 ❌  | spn: gt=D#6 pred=C6 ❌  | doremi: gt=re# pred=sol# ❌  | hz: gt=1244.5079 pred=1058.43 ❌
    [ 293/305]  D#6 clarinet  | midi: gt=87 pred=83 ❌  | spn: gt=D#6 pred=D6 ❌  | doremi: gt=re# pred=sol# ❌  | hz: gt=1244.5079 pred=1605.32 ❌
    [ 294/305]  D#6 trumpet  | midi: gt=87 pred=87 ✅  | spn: gt=D#6 pred=C6 ❌  | doremi: gt=re# pred=sol ❌  | hz: gt=1244.5079 pred=630.0 ❌
    [ 295/305]  D#6 triangle  | midi: gt=87 pred=63 ❌  | spn: gt=D#6 pred=D6 ❌  | doremi: gt=re# pred=sol# ❌  | hz: gt=1244.5079 pred=408.0 ❌
    [ 296/305]   E6 clarinet  | midi: gt=88 pred=88 ✅  | spn: gt=E6 pred=C6 ❌  | doremi: gt=mi pred=sol ❌  | hz: gt=1318.5102 pred=640.0 ❌
    [ 297/305]   E6 flute  | midi: gt=88 pred=88 ✅  | spn: gt=E6 pred=C6 ❌  | doremi: gt=mi pred=sol ❌  | hz: gt=1318.5102 pred=833.33 ❌
    [ 298/305]   E6 trumpet  | midi: gt=88 pred=83 ❌  | spn: gt=E6 pred=C6 ❌  | doremi: gt=mi pred=sol ❌  | hz: gt=1318.5102 pred=8125.0 ❌
    [ 299/305]   E6 violin  | midi: gt=88 pred=86 ❌  | spn: gt=E6 pred=E6 ✅  | doremi: gt=mi pred=sol# ❌  | hz: gt=1318.5102 pred=890.63 ❌
    [ 300/305]   E6 square  | midi: gt=88 pred=65 ❌  | spn: gt=E6 pred=F#6 ❌  | doremi: gt=mi pred=sol ❌  | hz: gt=1318.5102 pred=1073.64 ❌
    [ 301/305]   F6 trombone  | midi: gt=89 pred=89 ✅  | spn: gt=F6 pred=C6 ❌  | doremi: gt=fa pred=sol ❌  | hz: gt=1396.9129 pred=659.3 ❌
    [ 302/305]   F6 organ  | midi: gt=89 pred=89 ✅  | spn: gt=F6 pred=F6 ✅  | doremi: gt=fa pred=sol# ❌  | hz: gt=1396.9129 pred=890.71 ❌
    [ 303/305]   F6 clarinet  | midi: gt=89 pred=68 ❌  | spn: gt=F6 pred=C6 ❌  | doremi: gt=fa pred=sol ❌  | hz: gt=1396.9129 pred=659.3 ❌
    [ 304/305]   F6 square  | midi: gt=89 pred=69 ❌  | spn: gt=F6 pred=C6 ❌  | doremi: gt=fa pred=sol ❌  | hz: gt=1396.9129 pred=1073.64 ❌
    [ 305/305]   F6 sine  | midi: gt=89 pred=86 ❌  | spn: gt=F6 pred=C6 ❌  | doremi: gt=fa pred=sol ❌  | hz: gt=1396.9129 pred=1046.53 ❌

============================================================
SUMMARY — audio_flamingo_next_instruct
  Sampling     : 305 of 1159 (stratified by 'midi', seed=42)
  Stimuli (total)     : 305
  Stimuli (condition) : 305  (all records)

  Format   Accuracy
  ──────────────────
    MIDI      30.5%
     SPN       7.5%
  DOREMI      10.5%
      HZ       0.7%
     ANY      41.3%

  *** WARNING: working tree has uncommitted changes — results will NOT be exactly reproducible from git_commit alone ***


Results saved → results/run_20260505_071452/pitchbench_a1_pitch_id/run_001_20260505_071452/results_audio_flamingo_next_instruct.*

############################################################
# pitchbench_a2_pitch_with_reference
############################################################

Experiment : pitchbench_a2_pitch_with_reference
Models     : audio_flamingo_next_instruct
Stimuli    : 70
  Sampling     : 35 of 3990 (stratified by 'ref_midi', seed=42)

  Model : Audio Flamingo Next – instruct
    [dispatch] 70 items, max_workers=1
    [   1/70] anchored r=F#2 i=-12 violin  | midi: gt=30 pred=50 ❌  | spn: gt=F#1 pred=F#3 ❌  | doremi: gt=fa# pred=la# ❌  | hz: gt=46.2493 pred=184.73 ❌
    [   2/70] baseline r=F#2 i=-12 violin  | midi: gt=30 pred=34 ❌  | spn: gt=F#1 pred=A2 ❌  | doremi: gt=fa# pred=re# ❌  | hz: gt=46.2493 pred=28.0 ❌
    [   3/70] anchored r=F#2 i= -4 sine  | midi: gt=38 pred=50 ❌  | spn: gt=D2 pred=F#5 ❌  | doremi: gt=re pred=si ❌  | hz: gt=73.4162 pred=184.73 ❌
    [   4/70] baseline r=F#2 i= -4 sine  | midi: gt=38 pred=36 ❌  | spn: gt=D2 pred=C2 ❌  | doremi: gt=re pred=do# ❌  | hz: gt=73.4162 pred=105.26 ❌
    [   5/70] anchored r=F#2 i= -1 sine  | midi: gt=41 pred=50 ❌  | spn: gt=F2 pred=F#5 ❌  | doremi: gt=fa pred=si ❌  | hz: gt=87.3071 pred=185.0 ❌
    [   6/70] baseline r=F#2 i= -1 sine  | midi: gt=41 pred=43 ❌  | spn: gt=F2 pred=C2 ❌  | doremi: gt=fa pred=sol ❌  | hz: gt=87.3071 pred=105.26 ❌
    [   7/70] anchored r=F#2 i= -1 oboe  | midi: gt=41 pred=39 ❌  | spn: gt=F2 pred=F#3 ❌  | doremi: gt=fa pred=sol ❌  | hz: gt=87.3071 pred=184.73 ❌
    [   8/70] baseline r=F#2 i= -1 oboe  | midi: gt=41 pred=38 ❌  | spn: gt=F2 pred=E2 ❌  | doremi: gt=fa pred=re# ❌  | hz: gt=87.3071 pred=340.0 ❌
    [   9/70] anchored r=F#2 i= +0 flute  | midi: gt=42 pred=50 ❌  | spn: gt=F#2 pred=F#5 ❌  | doremi: gt=fa# pred=si ❌  | hz: gt=92.4986 pred=185.0 ❌
    [  10/70] baseline r=F#2 i= +0 flute  | midi: gt=42 pred=43 ❌  | spn: gt=F#2 pred=C2 ❌  | doremi: gt=fa# pred=sol ❌  | hz: gt=92.4986 pred=107.65 ❌
    [  11/70] anchored r=F#3 i= -5 guitar  | midi: gt=49 pred=60 ❌  | spn: gt=C#3 pred=F#3 ❌  | doremi: gt=do# pred=la ❌  | hz: gt=138.5913 pred=236.47 ❌
    [  12/70] baseline r=F#3 i= -5 guitar  | midi: gt=49 pred=49 ✅  | spn: gt=C#3 pred=C5 ❌  | doremi: gt=do# pred=sol# ❌  | hz: gt=138.5913 pred=493.88 ❌
    [  13/70] anchored r=F#3 i= -5 organ  | midi: gt=49 pred=60 ❌  | spn: gt=C#3 pred=F#5 ❌  | doremi: gt=do# pred=si ❌  | hz: gt=138.5913 pred=236.47 ❌
    [  14/70] baseline r=F#3 i= -5 organ  | midi: gt=49 pred=61 ❌  | spn: gt=C#3 pred=C5 ❌  | doremi: gt=do# pred=sol# ❌  | hz: gt=138.5913 pred=107.65 ❌
    [  15/70] anchored r=F#3 i= -4 organ  | midi: gt=50 pred=61 ❌  | spn: gt=D3 pred=F#5 ❌  | doremi: gt=re pred=si ❌  | hz: gt=146.8324 pred=246.97 ❌
    [  16/70] baseline r=F#3 i= -4 organ  | midi: gt=50 pred=62 ❌  | spn: gt=D3 pred=D5 ❌  | doremi: gt=re pred=sol ❌  | hz: gt=146.8324 pred=107.65 ❌
    [  17/70] anchored r=F#3 i= +4 flute  | midi: gt=58 pred=60 ❌  | spn: gt=A#3 pred=F#2 ❌  | doremi: gt=la# pred=sol ❌  | hz: gt=233.0819 pred=236.47 ❌
    [  18/70] baseline r=F#3 i= +4 flute  | midi: gt=58 pred=58 ✅  | spn: gt=A#3 pred=A5 ❌  | doremi: gt=la# pred=mi ❌  | hz: gt=233.0819 pred=453.06 ❌
    [  19/70] anchored r=F#3 i=+12 cello  | midi: gt=66 pred=60 ❌  | spn: gt=F#4 pred=F#5 ❌  | doremi: gt=fa# pred=si ❌  | hz: gt=369.9944 pred=236.47 ❌
    [  20/70] baseline r=F#3 i=+12 cello  | midi: gt=66 pred=65 ❌  | spn: gt=F#4 pred=C5 ❌  | doremi: gt=fa# pred=la ❌  | hz: gt=369.9944 pred=6750.0 ❌
    [  21/70] anchored r= C4 i=-12 bass  | midi: gt=48 pred=57 ❌  | spn: gt=C3 pred=C5 ❌  | doremi: gt=do pred=sol ❌  | hz: gt=130.8128 pred=523.28 ❌
    [  22/70] baseline r= C4 i=-12 bass  | midi: gt=48 pred=48 ✅  | spn: gt=C3 pred=C4 ❌  | doremi: gt=do pred=sol# ❌  | hz: gt=130.8128 pred=480.0 ❌
    [  23/70] anchored r= C4 i=-12 synth_lead  | midi: gt=48 pred=59 ❌  | spn: gt=C3 pred=C5 ❌  | doremi: gt=do pred=sol# ❌  | hz: gt=130.8128 pred=523.28 ❌
    [  24/70] baseline r= C4 i=-12 synth_lead  | midi: gt=48 pred=48 ✅  | spn: gt=C3 pred=C5 ❌  | doremi: gt=do pred=sol# ❌  | hz: gt=130.8128 pred=480.0 ❌
    [  25/70] anchored r= C4 i= -5 trombone  | midi: gt=55 pred=59 ❌  | spn: gt=G3 pred=C5 ❌  | doremi: gt=sol pred=sol ✅  | hz: gt=195.9977 pred=523.28 ❌
    [  26/70] baseline r= C4 i= -5 trombone  | midi: gt=55 pred=56 ❌  | spn: gt=G3 pred=F3 ❌  | doremi: gt=sol pred=sol ✅  | hz: gt=195.9977 pred=435.0 ❌
    [  27/70] anchored r= C4 i= -2 synth_lead  | midi: gt=58 pred=59 ❌  | spn: gt=A#3 pred=C5 ❌  | doremi: gt=la# pred=sol# ❌  | hz: gt=233.0819 pred=523.28 ❌
    [  28/70] baseline r= C4 i= -2 synth_lead  | midi: gt=58 pred=58 ✅  | spn: gt=A#3 pred=A#2 ❌  | doremi: gt=la# pred=sol# ❌  | hz: gt=233.0819 pred=460.0 ❌
    [  29/70] anchored r= C4 i= -1 electric_keyboard  | midi: gt=59 pred=58 ❌  | spn: gt=B3 pred=C5 ❌  | doremi: gt=si pred=sol# ❌  | hz: gt=246.9417 pred=523.28 ❌
    [  30/70] baseline r= C4 i= -1 electric_keyboard  | midi: gt=59 pred=59 ✅  | spn: gt=B3 pred=B4 ❌  | doremi: gt=si pred=mi ❌  | hz: gt=246.9417 pred=5940.0 ❌
    [  31/70] anchored r= G4 i=-12 cello  | midi: gt=55 pred=69 ❌  | spn: gt=G3 pred=G4 ❌  | doremi: gt=sol pred=sol# ❌  | hz: gt=195.9977 pred=465.17 ❌
    [  32/70] baseline r= G4 i=-12 cello  | midi: gt=55 pred=56 ❌  | spn: gt=G3 pred=C4 ❌  | doremi: gt=sol pred=None ❌  | hz: gt=195.9977 pred=435.0 ❌
    [  33/70] anchored r= G4 i= -2 guitar  | midi: gt=65 pred=69 ❌  | spn: gt=F4 pred=G4 ❌  | doremi: gt=fa pred=sol# ❌  | hz: gt=349.2282 pred=784.0 ❌
    [  34/70] baseline r= G4 i= -2 guitar  | midi: gt=65 pred=65 ✅  | spn: gt=F4 pred=F#2 ❌  | doremi: gt=fa pred=sol# ❌  | hz: gt=349.2282 pred=435.0 ❌
    [  35/70] anchored r= G4 i= +4 electric_keyboard  | midi: gt=71 pred=65 ❌  | spn: gt=B4 pred=G4 ❌  | doremi: gt=si pred=si ✅  | hz: gt=493.8833 pred=523.28 ❌
    [  36/70] baseline r= G4 i= +4 electric_keyboard  | midi: gt=71 pred=71 ✅  | spn: gt=B4 pred=A#5 ❌  | doremi: gt=si pred=sol ❌  | hz: gt=493.8833 pred=710.0 ❌
    [  37/70] anchored r= G4 i= +7 oboe  | midi: gt=74 pred=69 ❌  | spn: gt=D5 pred=G5 ❌  | doremi: gt=re pred=sol ❌  | hz: gt=587.3295 pred=784.0 ❌
    [  38/70] baseline r= G4 i= +7 oboe  | midi: gt=74 pred=62 ❌  | spn: gt=D5 pred=C5 ❌  | doremi: gt=re pred=la ❌  | hz: gt=587.3295 pred=625.0 ❌
    [  39/70] anchored r= G4 i=+12 cello  | midi: gt=79 pred=69 ❌  | spn: gt=G5 pred=G5 ✅  | doremi: gt=sol pred=sol# ❌  | hz: gt=783.9909 pred=784.0 ✅
    [  40/70] baseline r= G4 i=+12 cello  | midi: gt=79 pred=67 ❌  | spn: gt=G5 pred=G5 ✅  | doremi: gt=sol pred=sol# ❌  | hz: gt=783.9909 pred=6750.0 ❌
    [  41/70] anchored r= A4 i=-12 triangle  | midi: gt=57 pred=71 ❌  | spn: gt=A3 pred=A5 ❌  | doremi: gt=la pred=sol# ❌  | hz: gt=220.0 pred=880.0 ❌
    [  42/70] baseline r= A4 i=-12 triangle  | midi: gt=57 pred=58 ❌  | spn: gt=A3 pred=A5 ❌  | doremi: gt=la pred=sol# ❌  | hz: gt=220.0 pred=450.0 ❌
    [  43/70] anchored r= A4 i= -3 electric_keyboard  | midi: gt=66 pred=71 ❌  | spn: gt=F#4 pred=A4 ❌  | doremi: gt=fa# pred=sol# ❌  | hz: gt=369.9944 pred=261.63 ❌
    [  44/70] baseline r= A4 i= -3 electric_keyboard  | midi: gt=66 pred=65 ❌  | spn: gt=F#4 pred=F#5 ❌  | doremi: gt=fa# pred=sol# ❌  | hz: gt=369.9944 pred=659.31 ❌
    [  45/70] anchored r= A4 i= -2 synth_pad  | midi: gt=67 pred=72 ❌  | spn: gt=G4 pred=A5 ❌  | doremi: gt=sol pred=sol# ❌  | hz: gt=391.9954 pred=880.0 ❌
    [  46/70] baseline r= A4 i= -2 synth_pad  | midi: gt=67 pred=69 ❌  | spn: gt=G4 pred=C5 ❌  | doremi: gt=sol pred=sol# ❌  | hz: gt=391.9954 pred=659.34 ❌
    [  47/70] anchored r= A4 i= +0 trombone  | midi: gt=69 pred=71 ❌  | spn: gt=A4 pred=A5 ❌  | doremi: gt=la pred=sol# ❌  | hz: gt=440.0 pred=880.0 ❌
    [  48/70] baseline r= A4 i= +0 trombone  | midi: gt=69 pred=69 ✅  | spn: gt=A4 pred=A4 ✅  | doremi: gt=la pred=sol ❌  | hz: gt=440.0 pred=456.0 ❌
    [  49/70] anchored r= A4 i= +5 sawtooth  | midi: gt=74 pred=71 ❌  | spn: gt=D5 pred=A5 ❌  | doremi: gt=re pred=la# ❌  | hz: gt=587.3295 pred=880.0 ❌
    [  50/70] baseline r= A4 i= +5 sawtooth  | midi: gt=74 pred=69 ❌  | spn: gt=D5 pred=D5 ✅  | doremi: gt=re pred=sol# ❌  | hz: gt=587.3295 pred=450.0 ❌
    [  51/70] anchored r= E5 i= -3 triangle  | midi: gt=73 pred=81 ❌  | spn: gt=C#5 pred=E6 ❌  | doremi: gt=do# pred=sol ❌  | hz: gt=554.3653 pred=1308.74 ❌
    [  52/70] baseline r= E5 i= -3 triangle  | midi: gt=73 pred=68 ❌  | spn: gt=C#5 pred=C6 ❌  | doremi: gt=do# pred=sol# ❌  | hz: gt=554.3653 pred=480.0 ❌
    [  53/70] anchored r= E5 i= -2 bass  | midi: gt=74 pred=80 ❌  | spn: gt=D5 pred=E6 ❌  | doremi: gt=re pred=la ❌  | hz: gt=587.3295 pred=730.41 ❌
    [  54/70] baseline r= E5 i= -2 bass  | midi: gt=74 pred=62 ❌  | spn: gt=D5 pred=D5 ✅  | doremi: gt=re pred=la ❌  | hz: gt=587.3295 pred=745.0 ❌
    [  55/70] anchored r= E5 i= +0 trombone  | midi: gt=76 pred=81 ❌  | spn: gt=E5 pred=E6 ❌  | doremi: gt=mi pred=sol ❌  | hz: gt=659.2551 pred=478.03 ❌
    [  56/70] baseline r= E5 i= +0 trombone  | midi: gt=76 pred=69 ❌  | spn: gt=E5 pred=C5 ❌  | doremi: gt=mi pred=sol ❌  | hz: gt=659.2551 pred=695.0 ❌
    [  57/70] anchored r= E5 i= +2 triangle  | midi: gt=78 pred=81 ❌  | spn: gt=F#5 pred=E6 ❌  | doremi: gt=fa# pred=sol# ❌  | hz: gt=739.9888 pred=1308.74 ❌
    [  58/70] baseline r= E5 i= +2 triangle  | midi: gt=78 pred=68 ❌  | spn: gt=F#5 pred=F5 ❌  | doremi: gt=fa# pred=sol# ❌  | hz: gt=739.9888 pred=1058.36 ❌
    [  59/70] anchored r= E5 i= +4 flute  | midi: gt=80 pred=80 ✅  | spn: gt=G#5 pred=E6 ❌  | doremi: gt=sol# pred=la# ❌  | hz: gt=830.6094 pred=478.03 ❌
    [  60/70] baseline r= E5 i= +4 flute  | midi: gt=80 pred=68 ❌  | spn: gt=G#5 pred=G5 ❌  | doremi: gt=sol# pred=sol# ✅  | hz: gt=830.6094 pred=680.0 ❌
    [  61/70] anchored r= G5 i= -5 trombone  | midi: gt=74 pred=81 ❌  | spn: gt=D5 pred=G6 ❌  | doremi: gt=re pred=sol# ❌  | hz: gt=587.3295 pred=1046.52 ❌
    [  62/70] baseline r= G5 i= -5 trombone  | midi: gt=74 pred=69 ❌  | spn: gt=D5 pred=C5 ❌  | doremi: gt=re pred=sol ❌  | hz: gt=587.3295 pred=493.88 ❌
    [  63/70] anchored r= G5 i= -5 oboe  | midi: gt=74 pred=81 ❌  | spn: gt=D5 pred=G6 ❌  | doremi: gt=re pred=si ❌  | hz: gt=587.3295 pred=1567.98 ❌
    [  64/70] baseline r= G5 i= -5 oboe  | midi: gt=74 pred=62 ❌  | spn: gt=D5 pred=C5 ❌  | doremi: gt=re pred=la ❌  | hz: gt=587.3295 pred=625.0 ❌
    [  65/70] anchored r= G5 i= -5 organ  | midi: gt=74 pred=81 ❌  | spn: gt=D5 pred=G6 ❌  | doremi: gt=re pred=sol# ❌  | hz: gt=587.3295 pred=1567.98 ❌
    [  66/70] baseline r= G5 i= -5 organ  | midi: gt=74 pred=62 ❌  | spn: gt=D5 pred=D6 ❌  | doremi: gt=re pred=la ❌  | hz: gt=587.3295 pred=625.0 ❌
    [  67/70] anchored r= G5 i= +2 sawtooth  | midi: gt=81 pred=81 ✅  | spn: gt=A5 pred=G6 ❌  | doremi: gt=la pred=sol# ❌  | hz: gt=880.0 pred=1567.92 ❌
    [  68/70] baseline r= G5 i= +2 sawtooth  | midi: gt=81 pred=69 ❌  | spn: gt=A5 pred=A5 ✅  | doremi: gt=la pred=sol# ❌  | hz: gt=880.0 pred=1046.53 ❌
    [  69/70] anchored r= G5 i= +3 piano  | midi: gt=82 pred=81 ❌  | spn: gt=A#5 pred=G6 ❌  | doremi: gt=la# pred=sol# ❌  | hz: gt=932.3275 pred=1052.64 ❌
    [  70/70] baseline r= G5 i= +3 piano  | midi: gt=82 pred=83 ❌  | spn: gt=A#5 pred=F5 ❌  | doremi: gt=la# pred=sol# ❌  | hz: gt=932.3275 pred=8250.0 ❌

============================================================
SUMMARY — audio_flamingo_next_instruct
  Sampling     : 35 of 3990 (stratified by 'ref_midi', seed=42)
  Stimuli (total)     : 70
  Stimuli (condition) : 35
  Stimuli (baseline)  : 35

  Format  Condition   Baseline
  ──────────────────────────────
    MIDI       5.7%      25.7%
     SPN       2.9%      14.3%
  DOREMI       5.7%       5.7%
      HZ       2.9%       0.0%
     ANY      14.3%      42.9%

  Headline 'accuracy' is computed on the condition subset only (see CatASpec.primary_filter).

  *** WARNING: working tree has uncommitted changes — results will NOT be exactly reproducible from git_commit alone ***


Results saved → results/run_20260505_071452/pitchbench_a2_pitch_with_reference/run_001_20260505_071745/results_audio_flamingo_next_instruct.*

############################################################
# pitchbench_a3_pitch_by_duration
############################################################

Experiment : pitchbench_a3_pitch_by_duration
Models     : audio_flamingo_next_instruct
Stimuli    : 700
  Sampling     : 700 of 2660 (stratified by '(midi, duration_ms)', seed=42)

  Model : Audio Flamingo Next – instruct
    [dispatch] 700 items, max_workers=1
    [   1/700]  F#1 triangle  | midi: gt=30 pred=64 ❌  | spn: gt=F#1 pred=C6 ❌  | doremi: gt=fa# pred=fa# ✅  | hz: gt=46.2493 pred=415.306 ❌
    [   2/700]  F#1 sine  | midi: gt=30 pred=64 ❌  | spn: gt=F#1 pred=C6 ❌  | doremi: gt=fa# pred=fa# ✅  | hz: gt=46.2493 pred=415.306 ❌
    [   3/700]  F#1 trumpet  | midi: gt=30 pred=64 ❌  | spn: gt=F#1 pred=C6 ❌  | doremi: gt=fa# pred=fa# ✅  | hz: gt=46.2493 pred=435.0 ❌
    [   4/700]  F#1 flute  | midi: gt=30 pred=64 ❌  | spn: gt=F#1 pred=C6 ❌  | doremi: gt=fa# pred=fa# ✅  | hz: gt=46.2493 pred=435.0 ❌
    [   5/700]  F#1 voice  | midi: gt=30 pred=64 ❌  | spn: gt=F#1 pred=C6 ❌  | doremi: gt=fa# pred=fa# ✅  | hz: gt=46.2493 pred=415.306 ❌
    [   6/700]  F#1 piano  | midi: gt=30 pred=43 ❌  | spn: gt=F#1 pred=F#2 ❌  | doremi: gt=fa# pred=fa# ✅  | hz: gt=46.2493 pred=450.0 ❌
    [   7/700]  F#1 triangle  | midi: gt=30 pred=35 ❌  | spn: gt=F#1 pred=C2 ❌  | doremi: gt=fa# pred=fa# ✅  | hz: gt=46.2493 pred=25.0 ❌
    [   8/700]  F#1 square  | midi: gt=30 pred=35 ❌  | spn: gt=F#1 pred=A2 ❌  | doremi: gt=fa# pred=fa# ✅  | hz: gt=46.2493 pred=450.0 ❌
    [   9/700]  F#1 cello  | midi: gt=30 pred=64 ❌  | spn: gt=F#1 pred=A#2 ❌  | doremi: gt=fa# pred=fa# ✅  | hz: gt=46.2493 pred=105.26 ❌
    [  10/700]  F#1 sine  | midi: gt=30 pred=35 ❌  | spn: gt=F#1 pred=C2 ❌  | doremi: gt=fa# pred=fa# ✅  | hz: gt=46.2493 pred=2560.0 ❌
    [  11/700]  F#1 sine  | midi: gt=30 pred=35 ❌  | spn: gt=F#1 pred=C2 ❌  | doremi: gt=fa# pred=fa# ✅  | hz: gt=46.2493 pred=20.0 ❌
    [  12/700]  F#1 square  | midi: gt=30 pred=43 ❌  | spn: gt=F#1 pred=A#2 ❌  | doremi: gt=fa# pred=sol ❌  | hz: gt=46.2493 pred=150.0 ❌
    [  13/700]  F#1 guitar  | midi: gt=30 pred=48 ❌  | spn: gt=F#1 pred=C4 ❌  | doremi: gt=fa# pred=la ❌  | hz: gt=46.2493 pred=450.0 ❌
    [  14/700]  F#1 flute  | midi: gt=30 pred=36 ❌  | spn: gt=F#1 pred=A#2 ❌  | doremi: gt=fa# pred=fa# ✅  | hz: gt=46.2493 pred=120.0 ❌
    [  15/700]  F#1 trumpet  | midi: gt=30 pred=34 ❌  | spn: gt=F#1 pred=A#2 ❌  | doremi: gt=fa# pred=sol ❌  | hz: gt=46.2493 pred=320.0 ❌
    [  16/700]  F#1 sine  | midi: gt=30 pred=35 ❌  | spn: gt=F#1 pred=C2 ❌  | doremi: gt=fa# pred=fa# ✅  | hz: gt=46.2493 pred=25.0 ❌
    [  17/700]  F#1 synth_pad  | midi: gt=30 pred=48 ❌  | spn: gt=F#1 pred=C4 ❌  | doremi: gt=fa# pred=fa# ✅  | hz: gt=46.2493 pred=1052.63 ❌
    [  18/700]  F#1 guitar  | midi: gt=30 pred=34 ❌  | spn: gt=F#1 pred=F2 ❌  | doremi: gt=fa# pred=fa# ✅  | hz: gt=46.2493 pred=210.0 ❌
    [  19/700]  F#1 cello  | midi: gt=30 pred=34 ❌  | spn: gt=F#1 pred=B2 ❌  | doremi: gt=fa# pred=la ❌  | hz: gt=46.2493 pred=105.26 ❌
    [  20/700]  F#1 triangle  | midi: gt=30 pred=35 ❌  | spn: gt=F#1 pred=C2 ❌  | doremi: gt=fa# pred=fa# ✅  | hz: gt=46.2493 pred=45.0 ❌
    [  21/700]  F#1 organ  | midi: gt=30 pred=64 ❌  | spn: gt=F#1 pred=C6 ❌  | doremi: gt=fa# pred=fa# ✅  | hz: gt=46.2493 pred=415.306 ❌
    [  22/700]  F#1 trumpet  | midi: gt=30 pred=64 ❌  | spn: gt=F#1 pred=C6 ❌  | doremi: gt=fa# pred=fa# ✅  | hz: gt=46.2493 pred=435.0 ❌
    [  23/700]  F#1 sine  | midi: gt=30 pred=64 ❌  | spn: gt=F#1 pred=C6 ❌  | doremi: gt=fa# pred=fa# ✅  | hz: gt=46.2493 pred=415.306 ❌
    [  24/700]  F#1 electric_keyboard  | midi: gt=30 pred=64 ❌  | spn: gt=F#1 pred=C6 ❌  | doremi: gt=fa# pred=fa# ✅  | hz: gt=46.2493 pred=480.0 ❌
    [  25/700]  F#1 oboe  | midi: gt=30 pred=64 ❌  | spn: gt=F#1 pred=C4 ❌  | doremi: gt=fa# pred=fa# ✅  | hz: gt=46.2493 pred=435.0 ❌
    [  26/700]  F#1 cello  | midi: gt=30 pred=30 ✅  | spn: gt=F#1 pred=A#2 ❌  | doremi: gt=fa# pred=re ❌  | hz: gt=46.2493 pred=30.0 ❌
    [  27/700]  F#1 clarinet  | midi: gt=30 pred=34 ❌  | spn: gt=F#1 pred=F#2 ❌  | doremi: gt=fa# pred=re ❌  | hz: gt=46.2493 pred=340.0 ❌
    [  28/700]  F#1 trumpet  | midi: gt=30 pred=30 ✅  | spn: gt=F#1 pred=F2 ❌  | doremi: gt=fa# pred=fa ❌  | hz: gt=46.2493 pred=320.0 ❌
    [  29/700]  F#1 piano  | midi: gt=30 pred=30 ✅  | spn: gt=F#1 pred=F2 ❌  | doremi: gt=fa# pred=fa# ✅  | hz: gt=46.2493 pred=30.0 ❌
    [  30/700]  F#1 triangle  | midi: gt=30 pred=34 ❌  | spn: gt=F#1 pred=A2 ❌  | doremi: gt=fa# pred=sol ❌  | hz: gt=46.2493 pred=3450.0 ❌
    [  31/700]  F#1 clarinet  | midi: gt=30 pred=64 ❌  | spn: gt=F#1 pred=C6 ❌  | doremi: gt=fa# pred=fa# ✅  | hz: gt=46.2493 pred=435.0 ❌
    [  32/700]  F#1 triangle  | midi: gt=30 pred=64 ❌  | spn: gt=F#1 pred=C6 ❌  | doremi: gt=fa# pred=fa# ✅  | hz: gt=46.2493 pred=435.0 ❌
    [  33/700]  F#1 square  | midi: gt=30 pred=64 ❌  | spn: gt=F#1 pred=C6 ❌  | doremi: gt=fa# pred=fa# ✅  | hz: gt=46.2493 pred=415.306 ❌
    [  34/700]  F#1 violin  | midi: gt=30 pred=64 ❌  | spn: gt=F#1 pred=C6 ❌  | doremi: gt=fa# pred=fa# ✅  | hz: gt=46.2493 pred=435.0 ❌
    [  35/700]  F#1 sawtooth  | midi: gt=30 pred=64 ❌  | spn: gt=F#1 pred=C6 ❌  | doremi: gt=fa# pred=fa# ✅  | hz: gt=46.2493 pred=415.306 ❌
    [  36/700]  F#1 oboe  | midi: gt=30 pred=64 ❌  | spn: gt=F#1 pred=C2 ❌  | doremi: gt=fa# pred=fa# ✅  | hz: gt=46.2493 pred=105.26 ❌
    [  37/700]  F#1 voice  | midi: gt=30 pred=64 ❌  | spn: gt=F#1 pred=C6 ❌  | doremi: gt=fa# pred=fa# ✅  | hz: gt=46.2493 pred=415.3 ❌
    [  38/700]  F#1 trumpet  | midi: gt=30 pred=64 ❌  | spn: gt=F#1 pred=C2 ❌  | doremi: gt=fa# pred=fa# ✅  | hz: gt=46.2493 pred=107.86 ❌
    [  39/700]  F#1 sawtooth  | midi: gt=30 pred=64 ❌  | spn: gt=F#1 pred=C6 ❌  | doremi: gt=fa# pred=fa# ✅  | hz: gt=46.2493 pred=1052.63 ❌
    [  40/700]  F#1 synth_pad  | midi: gt=30 pred=64 ❌  | spn: gt=F#1 pred=C6 ❌  | doremi: gt=fa# pred=fa# ✅  | hz: gt=46.2493 pred=415.306872493 ❌
    [  41/700]  F#1 organ  | midi: gt=30 pred=65 ❌  | spn: gt=F#1 pred=C6 ❌  | doremi: gt=fa# pred=fa# ✅  | hz: gt=46.2493 pred=107.65 ❌
    [  42/700]  F#1 synth_pad  | midi: gt=30 pred=36 ❌  | spn: gt=F#1 pred=C4 ❌  | doremi: gt=fa# pred=fa# ✅  | hz: gt=46.2493 pred=1052.63 ❌
    [  43/700]  F#1 triangle  | midi: gt=30 pred=34 ❌  | spn: gt=F#1 pred=C2 ❌  | doremi: gt=fa# pred=fa# ✅  | hz: gt=46.2493 pred=150.0 ❌
    [  44/700]  F#1 violin  | midi: gt=30 pred=34 ❌  | spn: gt=F#1 pred=A2 ❌  | doremi: gt=fa# pred=re ❌  | hz: gt=46.2493 pred=28.13 ❌
    [  45/700]  F#1 sawtooth  | midi: gt=30 pred=36 ❌  | spn: gt=F#1 pred=C2 ❌  | doremi: gt=fa# pred=fa# ✅  | hz: gt=46.2493 pred=1058.47 ❌
    [  46/700]  F#1 synth_pad  | midi: gt=30 pred=64 ❌  | spn: gt=F#1 pred=C2 ❌  | doremi: gt=fa# pred=fa# ✅  | hz: gt=46.2493 pred=415.0 ❌
    [  47/700]  F#1 trombone  | midi: gt=30 pred=64 ❌  | spn: gt=F#1 pred=C6 ❌  | doremi: gt=fa# pred=sol ❌  | hz: gt=46.2493 pred=107.8956243 ❌
    [  48/700]  F#1 oboe  | midi: gt=30 pred=65 ❌  | spn: gt=F#1 pred=C2 ❌  | doremi: gt=fa# pred=fa# ✅  | hz: gt=46.2493 pred=107.65 ❌
    [  49/700]  F#1 guitar  | midi: gt=30 pred=63 ❌  | spn: gt=F#1 pred=C6 ❌  | doremi: gt=fa# pred=sol ❌  | hz: gt=46.2493 pred=435.89 ❌
    [  50/700]  F#1 synth_lead  | midi: gt=30 pred=65 ❌  | spn: gt=F#1 pred=C6 ❌  | doremi: gt=fa# pred=fa# ✅  | hz: gt=46.2493 pred=105.26 ❌
    [  51/700]   C2 square  | midi: gt=36 pred=64 ❌  | spn: gt=C2 pred=C6 ❌  | doremi: gt=do pred=fa# ❌  | hz: gt=65.4064 pred=480.0 ❌
    [  52/700]   C2 sawtooth  | midi: gt=36 pred=64 ❌  | spn: gt=C2 pred=C6 ❌  | doremi: gt=do pred=fa# ❌  | hz: gt=65.4064 pred=415.306 ❌
    [  53/700]   C2 flute  | midi: gt=36 pred=64 ❌  | spn: gt=C2 pred=C6 ❌  | doremi: gt=do pred=fa# ❌  | hz: gt=65.4064 pred=480.0 ❌
    [  54/700]   C2 trombone  | midi: gt=36 pred=64 ❌  | spn: gt=C2 pred=C6 ❌  | doremi: gt=do pred=fa# ❌  | hz: gt=65.4064 pred=415.306 ❌
    [  55/700]   C2 synth_pad  | midi: gt=36 pred=64 ❌  | spn: gt=C2 pred=C6 ❌  | doremi: gt=do pred=fa# ❌  | hz: gt=65.4064 pred=480.0 ❌
    [  56/700]   C2 flute  | midi: gt=36 pred=48 ❌  | spn: gt=C2 pred=A#1 ❌  | doremi: gt=do pred=fa# ❌  | hz: gt=65.4064 pred=214.0 ❌
    [  57/700]   C2 triangle  | midi: gt=36 pred=35 ❌  | spn: gt=C2 pred=A2 ❌  | doremi: gt=do pred=fa# ❌  | hz: gt=65.4064 pred=None ❌
    [  58/700]   C2 violin  | midi: gt=36 pred=45 ❌  | spn: gt=C2 pred=A#2 ❌  | doremi: gt=do pred=fa# ❌  | hz: gt=65.4064 pred=105.26 ❌
    [  59/700]   C2 trumpet  | midi: gt=36 pred=35 ❌  | spn: gt=C2 pred=A#2 ❌  | doremi: gt=do pred=fa# ❌  | hz: gt=65.4064 pred=340.0 ❌
    [  60/700]   C2 voice  | midi: gt=36 pred=64 ❌  | spn: gt=C2 pred=C6 ❌  | doremi: gt=do pred=fa# ❌  | hz: gt=65.4064 pred=176.0 ❌
    [  61/700]   C2 oboe  | midi: gt=36 pred=36 ✅  | spn: gt=C2 pred=C2 ✅  | doremi: gt=do pred=fa# ❌  | hz: gt=65.4064 pred=120.0 ❌
    [  62/700]   C2 electric_keyboard  | midi: gt=36 pred=36 ✅  | spn: gt=C2 pred=C2 ✅  | doremi: gt=do pred=sol ❌  | hz: gt=65.4064 pred=30.0 ❌
    [  63/700]   C2 voice  | midi: gt=36 pred=63 ❌  | spn: gt=C2 pred=C6 ❌  | doremi: gt=do pred=fa# ❌  | hz: gt=65.4064 pred=107.85 ❌
    [  64/700]   C2 synth_lead  | midi: gt=36 pred=63 ❌  | spn: gt=C2 pred=C6 ❌  | doremi: gt=do pred=fa# ❌  | hz: gt=65.4064 pred=1250.0 ❌
    [  65/700]   C2 triangle  | midi: gt=36 pred=35 ❌  | spn: gt=C2 pred=C2 ✅  | doremi: gt=do pred=sol ❌  | hz: gt=65.4064 pred=150.0 ❌
    [  66/700]   C2 trumpet  | midi: gt=36 pred=35 ❌  | spn: gt=C2 pred=C2 ✅  | doremi: gt=do pred=re ❌  | hz: gt=65.4064 pred=34.0 ❌
    [  67/700]   C2 square  | midi: gt=36 pred=35 ❌  | spn: gt=C2 pred=F2 ❌  | doremi: gt=do pred=fa# ❌  | hz: gt=65.4064 pred=1058.47 ❌
    [  68/700]   C2 electric_keyboard  | midi: gt=36 pred=36 ✅  | spn: gt=C2 pred=C2 ✅  | doremi: gt=do pred=re ❌  | hz: gt=65.4064 pred=35.98 ❌
    [  69/700]   C2 flute  | midi: gt=36 pred=65 ❌  | spn: gt=C2 pred=A#2 ❌  | doremi: gt=do pred=fa# ❌  | hz: gt=65.4064 pred=130.81 ❌
    [  70/700]   C2 synth_pad  | midi: gt=36 pred=63 ❌  | spn: gt=C2 pred=C6 ❌  | doremi: gt=do pred=fa# ❌  | hz: gt=65.4064 pred=480.0 ❌
    [  71/700]   C2 organ  | midi: gt=36 pred=64 ❌  | spn: gt=C2 pred=C6 ❌  | doremi: gt=do pred=fa# ❌  | hz: gt=65.4064 pred=415.306 ❌
    [  72/700]   C2 violin  | midi: gt=36 pred=64 ❌  | spn: gt=C2 pred=C6 ❌  | doremi: gt=do pred=fa# ❌  | hz: gt=65.4064 pred=415.306 ❌
    [  73/700]   C2 trumpet  | midi: gt=36 pred=64 ❌  | spn: gt=C2 pred=A#2 ❌  | doremi: gt=do pred=fa# ❌  | hz: gt=65.4064 pred=107.86 ❌
    [  74/700]   C2 flute  | midi: gt=36 pred=64 ❌  | spn: gt=C2 pred=C6 ❌  | doremi: gt=do pred=fa# ❌  | hz: gt=65.4064 pred=435.0 ❌
    [  75/700]   C2 clarinet  | midi: gt=36 pred=64 ❌  | spn: gt=C2 pred=C6 ❌  | doremi: gt=do pred=fa# ❌  | hz: gt=65.4064 pred=415.306 ❌
    [  76/700]   C2 clarinet  | midi: gt=36 pred=36 ✅  | spn: gt=C2 pred=C3 ❌  | doremi: gt=do pred=re ❌  | hz: gt=65.4064 pred=340.0 ❌
    [  77/700]   C2 sawtooth  | midi: gt=36 pred=35 ❌  | spn: gt=C2 pred=A#2 ❌  | doremi: gt=do pred=fa# ❌  | hz: gt=65.4064 pred=250.0 ❌
    [  78/700]   C2 flute  | midi: gt=36 pred=36 ✅  | spn: gt=C2 pred=C2 ✅  | doremi: gt=do pred=re ❌  | hz: gt=65.4064 pred=36.57 ❌
    [  79/700]   C2 synth_pad  | midi: gt=36 pred=36 ✅  | spn: gt=C2 pred=C2 ✅  | doremi: gt=do pred=re ❌  | hz: gt=65.4064 pred=250.0 ❌
    [  80/700]   C2 violin  | midi: gt=36 pred=36 ✅  | spn: gt=C2 pred=C2 ✅  | doremi: gt=do pred=re ❌  | hz: gt=65.4064 pred=34.02 ❌
    [  81/700]   C2 clarinet  | midi: gt=36 pred=64 ❌  | spn: gt=C2 pred=C6 ❌  | doremi: gt=do pred=fa# ❌  | hz: gt=65.4064 pred=435.0 ❌
    [  82/700]   C2 violin  | midi: gt=36 pred=64 ❌  | spn: gt=C2 pred=C6 ❌  | doremi: gt=do pred=fa# ❌  | hz: gt=65.4064 pred=435.0 ❌
    [  83/700]   C2 trumpet  | midi: gt=36 pred=64 ❌  | spn: gt=C2 pred=C6 ❌  | doremi: gt=do pred=fa# ❌  | hz: gt=65.4064 pred=435.0 ❌
    [  84/700]   C2 square  | midi: gt=36 pred=64 ❌  | spn: gt=C2 pred=C6 ❌  | doremi: gt=do pred=fa# ❌  | hz: gt=65.4064 pred=415.306 ❌
    [  85/700]   C2 triangle  | midi: gt=36 pred=64 ❌  | spn: gt=C2 pred=C6 ❌  | doremi: gt=do pred=fa# ❌  | hz: gt=65.4064 pred=435.0 ❌
    [  86/700]   C2 voice  | midi: gt=36 pred=64 ❌  | spn: gt=C2 pred=C6 ❌  | doremi: gt=do pred=fa# ❌  | hz: gt=65.4064 pred=415.30687 ❌
    [  87/700]   C2 clarinet  | midi: gt=36 pred=64 ❌  | spn: gt=C2 pred=C6 ❌  | doremi: gt=do pred=fa# ❌  | hz: gt=65.4064 pred=107.65 ❌
    [  88/700]   C2 guitar  | midi: gt=36 pred=48 ❌  | spn: gt=C2 pred=C4 ❌  | doremi: gt=do pred=fa# ❌  | hz: gt=65.4064 pred=435.0 ❌
    [  89/700]   C2 bass  | midi: gt=36 pred=64 ❌  | spn: gt=C2 pred=C4 ❌  | doremi: gt=do pred=fa# ❌  | hz: gt=65.4064 pred=1046.53 ❌
    [  90/700]   C2 synth_lead  | midi: gt=36 pred=64 ❌  | spn: gt=C2 pred=C6 ❌  | doremi: gt=do pred=fa# ❌  | hz: gt=65.4064 pred=480.0 ❌
    [  91/700]   C2 organ  | midi: gt=36 pred=48 ❌  | spn: gt=C2 pred=C2 ✅  | doremi: gt=do pred=sol ❌  | hz: gt=65.4064 pred=107.65 ❌
    [  92/700]   C2 piano  | midi: gt=36 pred=35 ❌  | spn: gt=C2 pred=C4 ❌  | doremi: gt=do pred=sol ❌  | hz: gt=65.4064 pred=1054.87 ❌
    [  93/700]   C2 trumpet  | midi: gt=36 pred=36 ✅  | spn: gt=C2 pred=C2 ✅  | doremi: gt=do pred=re ❌  | hz: gt=65.4064 pred=34.0 ❌
    [  94/700]   C2 synth_pad  | midi: gt=36 pred=64 ❌  | spn: gt=C2 pred=C4 ❌  | doremi: gt=do pred=fa# ❌  | hz: gt=65.4064 pred=480.0 ❌
    [  95/700]   C2 triangle  | midi: gt=36 pred=35 ❌  | spn: gt=C2 pred=C2 ✅  | doremi: gt=do pred=fa# ❌  | hz: gt=65.4064 pred=150.0 ❌
    [  96/700]   C2 synth_pad  | midi: gt=36 pred=63 ❌  | spn: gt=C2 pred=C2 ✅  | doremi: gt=do pred=do# ❌  | hz: gt=65.4064 pred=450.0 ❌
    [  97/700]   C2 voice  | midi: gt=36 pred=63 ❌  | spn: gt=C2 pred=C6 ❌  | doremi: gt=do pred=fa# ❌  | hz: gt=65.4064 pred=107.65 ❌
    [  98/700]   C2 trumpet  | midi: gt=36 pred=36 ✅  | spn: gt=C2 pred=C2 ✅  | doremi: gt=do pred=sol ❌  | hz: gt=65.4064 pred=150.0 ❌
    [  99/700]   C2 cello  | midi: gt=36 pred=64 ❌  | spn: gt=C2 pred=C6 ❌  | doremi: gt=do pred=sol ❌  | hz: gt=65.4064 pred=107.65 ❌
    [ 100/700]   C2 organ  | midi: gt=36 pred=64 ❌  | spn: gt=C2 pred=C6 ❌  | doremi: gt=do pred=sol ❌  | hz: gt=65.4064 pred=1250.0 ❌
    [ 101/700]   G2 voice  | midi: gt=43 pred=64 ❌  | spn: gt=G2 pred=C6 ❌  | doremi: gt=sol pred=fa# ❌  | hz: gt=97.9989 pred=480.0 ❌
    [ 102/700]   G2 violin  | midi: gt=43 pred=64 ❌  | spn: gt=G2 pred=C6 ❌  | doremi: gt=sol pred=fa# ❌  | hz: gt=97.9989 pred=415.306 ❌
    [ 103/700]   G2 oboe  | midi: gt=43 pred=64 ❌  | spn: gt=G2 pred=C6 ❌  | doremi: gt=sol pred=fa# ❌  | hz: gt=97.9989 pred=415.306 ❌
    [ 104/700]   G2 flute  | midi: gt=43 pred=64 ❌  | spn: gt=G2 pred=C6 ❌  | doremi: gt=sol pred=fa# ❌  | hz: gt=97.9989 pred=435.0 ❌
    [ 105/700]   G2 square  | midi: gt=43 pred=64 ❌  | spn: gt=G2 pred=C6 ❌  | doremi: gt=sol pred=fa# ❌  | hz: gt=97.9989 pred=480.0 ❌
    [ 106/700]   G2 synth_lead  | midi: gt=43 pred=64 ❌  | spn: gt=G2 pred=C6 ❌  | doremi: gt=sol pred=fa# ❌  | hz: gt=97.9989 pred=107.65 ❌
    [ 107/700]   G2 bass  | midi: gt=43 pred=43 ✅  | spn: gt=G2 pred=C4 ❌  | doremi: gt=sol pred=fa# ❌  | hz: gt=97.9989 pred=435.0 ❌
    [ 108/700]   G2 square  | midi: gt=43 pred=64 ❌  | spn: gt=G2 pred=F#2 ❌  | doremi: gt=sol pred=fa# ❌  | hz: gt=97.9989 pred=1058.43 ❌
    [ 109/700]   G2 sawtooth  | midi: gt=43 pred=64 ❌  | spn: gt=G2 pred=F#2 ❌  | doremi: gt=sol pred=fa# ❌  | hz: gt=97.9989 pred=480.0 ❌
    [ 110/700]   G2 cello  | midi: gt=43 pred=43 ✅  | spn: gt=G2 pred=A#2 ❌  | doremi: gt=sol pred=fa# ❌  | hz: gt=97.9989 pred=105.26 ❌
    [ 111/700]   G2 triangle  | midi: gt=43 pred=48 ❌  | spn: gt=G2 pred=C6 ❌  | doremi: gt=sol pred=sol ✅  | hz: gt=97.9989 pred=107.89 ❌
    [ 112/700]   G2 piano  | midi: gt=43 pred=43 ✅  | spn: gt=G2 pred=G2 ✅  | doremi: gt=sol pred=sol ✅  | hz: gt=97.9989 pred=480.0 ❌
    [ 113/700]   G2 electric_keyboard  | midi: gt=43 pred=43 ✅  | spn: gt=G2 pred=G2 ✅  | doremi: gt=sol pred=sol ✅  | hz: gt=97.9989 pred=480.0 ❌
    [ 114/700]   G2 cello  | midi: gt=43 pred=48 ❌  | spn: gt=G2 pred=G2 ✅  | doremi: gt=sol pred=sol ✅  | hz: gt=97.9989 pred=160.0 ❌
    [ 115/700]   G2 trombone  | midi: gt=43 pred=63 ❌  | spn: gt=G2 pred=C6 ❌  | doremi: gt=sol pred=sol ✅  | hz: gt=97.9989 pred=349.26 ❌
    [ 116/700]   G2 square  | midi: gt=43 pred=43 ✅  | spn: gt=G2 pred=F#2 ❌  | doremi: gt=sol pred=fa# ❌  | hz: gt=97.9989 pred=1058.43 ❌
    [ 117/700]   G2 violin  | midi: gt=43 pred=43 ✅  | spn: gt=G2 pred=G2 ✅  | doremi: gt=sol pred=fa# ❌  | hz: gt=97.9989 pred=105.26 ❌
    [ 118/700]   G2 synth_pad  | midi: gt=43 pred=63 ❌  | spn: gt=G2 pred=G2 ✅  | doremi: gt=sol pred=fa# ❌  | hz: gt=97.9989 pred=1052.63 ❌
    [ 119/700]   G2 organ  | midi: gt=43 pred=43 ✅  | spn: gt=G2 pred=G2 ✅  | doremi: gt=sol pred=sol ✅  | hz: gt=97.9989 pred=435.0 ❌
    [ 120/700]   G2 trumpet  | midi: gt=43 pred=43 ✅  | spn: gt=G2 pred=F2 ❌  | doremi: gt=sol pred=sol ✅  | hz: gt=97.9989 pred=320.0 ❌
    [ 121/700]   G2 trumpet  | midi: gt=43 pred=63 ❌  | spn: gt=G2 pred=C4 ❌  | doremi: gt=sol pred=fa# ❌  | hz: gt=97.9989 pred=450.0 ❌
    [ 122/700]   G2 synth_pad  | midi: gt=43 pred=64 ❌  | spn: gt=G2 pred=C6 ❌  | doremi: gt=sol pred=fa# ❌  | hz: gt=97.9989 pred=415.306 ❌
    [ 123/700]   G2 sine  | midi: gt=43 pred=64 ❌  | spn: gt=G2 pred=C4 ❌  | doremi: gt=sol pred=fa# ❌  | hz: gt=97.9989 pred=261.63 ❌
    [ 124/700]   G2 triangle  | midi: gt=43 pred=56 ❌  | spn: gt=G2 pred=C6 ❌  | doremi: gt=sol pred=fa# ❌  | hz: gt=97.9989 pred=435.0 ❌
    [ 125/700]   G2 clarinet  | midi: gt=43 pred=64 ❌  | spn: gt=G2 pred=C6 ❌  | doremi: gt=sol pred=fa# ❌  | hz: gt=97.9989 pred=480.0 ❌
    [ 126/700]   G2 synth_pad  | midi: gt=43 pred=43 ✅  | spn: gt=G2 pred=G4 ❌  | doremi: gt=sol pred=la ❌  | hz: gt=97.9989 pred=435.0 ❌
    [ 127/700]   G2 trumpet  | midi: gt=43 pred=43 ✅  | spn: gt=G2 pred=F4 ❌  | doremi: gt=sol pred=sol ✅  | hz: gt=97.9989 pred=320.0 ❌
    [ 128/700]   G2 clarinet  | midi: gt=43 pred=43 ✅  | spn: gt=G2 pred=F#3 ❌  | doremi: gt=sol pred=re ❌  | hz: gt=97.9989 pred=320.0 ❌
    [ 129/700]   G2 triangle  | midi: gt=43 pred=43 ✅  | spn: gt=G2 pred=F#2 ❌  | doremi: gt=sol pred=fa# ❌  | hz: gt=97.9989 pred=435.0 ❌
    [ 130/700]   G2 piano  | midi: gt=43 pred=43 ✅  | spn: gt=G2 pred=C4 ❌  | doremi: gt=sol pred=sol ✅  | hz: gt=97.9989 pred=435.0 ❌
    [ 131/700]   G2 cello  | midi: gt=43 pred=64 ❌  | spn: gt=G2 pred=C6 ❌  | doremi: gt=sol pred=fa# ❌  | hz: gt=97.9989 pred=435.0 ❌
    [ 132/700]   G2 electric_keyboard  | midi: gt=43 pred=64 ❌  | spn: gt=G2 pred=C6 ❌  | doremi: gt=sol pred=fa# ❌  | hz: gt=97.9989 pred=435.0 ❌
    [ 133/700]   G2 organ  | midi: gt=43 pred=64 ❌  | spn: gt=G2 pred=C6 ❌  | doremi: gt=sol pred=fa# ❌  | hz: gt=97.9989 pred=435.0 ❌
    [ 134/700]   G2 sine  | midi: gt=43 pred=64 ❌  | spn: gt=G2 pred=C6 ❌  | doremi: gt=sol pred=fa# ❌  | hz: gt=97.9989 pred=435.0 ❌
    [ 135/700]   G2 oboe  | midi: gt=43 pred=64 ❌  | spn: gt=G2 pred=C6 ❌  | doremi: gt=sol pred=fa# ❌  | hz: gt=97.9989 pred=415.306 ❌
    [ 136/700]   G2 trumpet  | midi: gt=43 pred=64 ❌  | spn: gt=G2 pred=A#2 ❌  | doremi: gt=sol pred=fa# ❌  | hz: gt=97.9989 pred=659.32 ❌
    [ 137/700]   G2 synth_lead  | midi: gt=43 pred=64 ❌  | spn: gt=G2 pred=C6 ❌  | doremi: gt=sol pred=fa# ❌  | hz: gt=97.9989 pred=415.306872 ❌
    [ 138/700]   G2 electric_keyboard  | midi: gt=43 pred=64 ❌  | spn: gt=G2 pred=C4 ❌  | doremi: gt=sol pred=fa# ❌  | hz: gt=97.9989 pred=435.0 ❌
    [ 139/700]   G2 triangle  | midi: gt=43 pred=64 ❌  | spn: gt=G2 pred=C6 ❌  | doremi: gt=sol pred=fa# ❌  | hz: gt=97.9989 pred=435.0 ❌
    [ 140/700]   G2 cello  | midi: gt=43 pred=65 ❌  | spn: gt=G2 pred=C4 ❌  | doremi: gt=sol pred=fa# ❌  | hz: gt=97.9989 pred=415.306 ❌
    [ 141/700]   G2 trombone  | midi: gt=43 pred=43 ✅  | spn: gt=G2 pred=F#2 ❌  | doremi: gt=sol pred=fa# ❌  | hz: gt=97.9989 pred=435.0 ❌
    [ 142/700]   G2 synth_lead  | midi: gt=43 pred=43 ✅  | spn: gt=G2 pred=C6 ❌  | doremi: gt=sol pred=fa# ❌  | hz: gt=97.9989 pred=480.0 ❌
    [ 143/700]   G2 guitar  | midi: gt=43 pred=48 ❌  | spn: gt=G2 pred=G4 ❌  | doremi: gt=sol pred=sol ✅  | hz: gt=97.9989 pred=450.0 ❌
    [ 144/700]   G2 piano  | midi: gt=43 pred=43 ✅  | spn: gt=G2 pred=C4 ❌  | doremi: gt=sol pred=sol ✅  | hz: gt=97.9989 pred=435.0 ❌
    [ 145/700]   G2 electric_keyboard  | midi: gt=43 pred=43 ✅  | spn: gt=G2 pred=G2 ✅  | doremi: gt=sol pred=sol ✅  | hz: gt=97.9989 pred=435.0 ❌
    [ 146/700]   G2 electric_keyboard  | midi: gt=43 pred=63 ❌  | spn: gt=G2 pred=G2 ✅  | doremi: gt=sol pred=sol ✅  | hz: gt=97.9989 pred=480.0 ❌
    [ 147/700]   G2 synth_pad  | midi: gt=43 pred=63 ❌  | spn: gt=G2 pred=G6 ❌  | doremi: gt=sol pred=sol ✅  | hz: gt=97.9989 pred=493.88 ❌
    [ 148/700]   G2 synth_lead  | midi: gt=43 pred=63 ❌  | spn: gt=G2 pred=C6 ❌  | doremi: gt=sol pred=fa# ❌  | hz: gt=97.9989 pred=480.0 ❌
    [ 149/700]   G2 sine  | midi: gt=43 pred=64 ❌  | spn: gt=G2 pred=C2 ❌  | doremi: gt=sol pred=fa# ❌  | hz: gt=97.9989 pred=105.26 ❌
    [ 150/700]   G2 trombone  | midi: gt=43 pred=64 ❌  | spn: gt=G2 pred=C6 ❌  | doremi: gt=sol pred=sol ✅  | hz: gt=97.9989 pred=480.0 ❌
    [ 151/700]   C3 clarinet  | midi: gt=48 pred=64 ❌  | spn: gt=C3 pred=C6 ❌  | doremi: gt=do pred=fa# ❌  | hz: gt=130.8128 pred=435.0 ❌
    [ 152/700]   C3 bass  | midi: gt=48 pred=64 ❌  | spn: gt=C3 pred=C6 ❌  | doremi: gt=do pred=fa# ❌  | hz: gt=130.8128 pred=415.306 ❌
    [ 153/700]   C3 sine  | midi: gt=48 pred=64 ❌  | spn: gt=C3 pred=C6 ❌  | doremi: gt=do pred=fa# ❌  | hz: gt=130.8128 pred=415.306 ❌
    [ 154/700]   C3 triangle  | midi: gt=48 pred=64 ❌  | spn: gt=C3 pred=C6 ❌  | doremi: gt=do pred=fa# ❌  | hz: gt=130.8128 pred=415.306 ❌
    [ 155/700]   C3 organ  | midi: gt=48 pred=64 ❌  | spn: gt=C3 pred=C6 ❌  | doremi: gt=do pred=fa# ❌  | hz: gt=130.8128 pred=480.0 ❌
    [ 156/700]   C3 oboe  | midi: gt=48 pred=48 ✅  | spn: gt=C3 pred=A#2 ❌  | doremi: gt=do pred=fa# ❌  | hz: gt=130.8128 pred=480.0 ❌
    [ 157/700]   C3 trombone  | midi: gt=48 pred=54 ❌  | spn: gt=C3 pred=A#2 ❌  | doremi: gt=do pred=fa# ❌  | hz: gt=130.8128 pred=250.0 ❌
    [ 158/700]   C3 flute  | midi: gt=48 pred=36 ❌  | spn: gt=C3 pred=C2 ❌  | doremi: gt=do pred=fa# ❌  | hz: gt=130.8128 pred=261.63 ❌
    [ 159/700]   C3 sawtooth  | midi: gt=48 pred=64 ❌  | spn: gt=C3 pred=C6 ❌  | doremi: gt=do pred=fa# ❌  | hz: gt=130.8128 pred=480.0 ❌
    [ 160/700]   C3 triangle  | midi: gt=48 pred=48 ✅  | spn: gt=C3 pred=C6 ❌  | doremi: gt=do pred=fa# ❌  | hz: gt=130.8128 pred=105.26 ❌
    [ 161/700]   C3 voice  | midi: gt=48 pred=63 ❌  | spn: gt=C3 pred=C4 ❌  | doremi: gt=do pred=sol ❌  | hz: gt=130.8128 pred=1250.0 ❌
    [ 162/700]   C3 square  | midi: gt=48 pred=65 ❌  | spn: gt=C3 pred=C6 ❌  | doremi: gt=do pred=sol ❌  | hz: gt=130.8128 pred=1000.0 ❌
    [ 163/700]   C3 synth_pad  | midi: gt=48 pred=68 ❌  | spn: gt=C3 pred=C6 ❌  | doremi: gt=do pred=sol ❌  | hz: gt=130.8128 pred=1250.0 ❌
    [ 164/700]   C3 bass  | midi: gt=48 pred=48 ✅  | spn: gt=C3 pred=C4 ❌  | doremi: gt=do pred=sol ❌  | hz: gt=130.8128 pred=480.0 ❌
    [ 165/700]   C3 cello  | midi: gt=48 pred=60 ❌  | spn: gt=C3 pred=C6 ❌  | doremi: gt=do pred=sol ❌  | hz: gt=130.8128 pred=120.0 ❌
    [ 166/700]   C3 square  | midi: gt=48 pred=43 ❌  | spn: gt=C3 pred=A2 ❌  | doremi: gt=do pred=fa# ❌  | hz: gt=130.8128 pred=1058.47 ❌
    [ 167/700]   C3 synth_pad  | midi: gt=48 pred=63 ❌  | spn: gt=C3 pred=C6 ❌  | doremi: gt=do pred=fa# ❌  | hz: gt=130.8128 pred=480.0 ❌
    [ 168/700]   C3 piano  | midi: gt=48 pred=48 ✅  | spn: gt=C3 pred=C4 ❌  | doremi: gt=do pred=sol ❌  | hz: gt=130.8128 pred=480.0 ❌
    [ 169/700]   C3 synth_lead  | midi: gt=48 pred=48 ✅  | spn: gt=C3 pred=C6 ❌  | doremi: gt=do pred=fa# ❌  | hz: gt=130.8128 pred=1200.0 ❌
    [ 170/700]   C3 clarinet  | midi: gt=48 pred=48 ✅  | spn: gt=C3 pred=C4 ❌  | doremi: gt=do pred=fa# ❌  | hz: gt=130.8128 pred=261.63 ❌
    [ 171/700]   C3 bass  | midi: gt=48 pred=64 ❌  | spn: gt=C3 pred=C6 ❌  | doremi: gt=do pred=fa# ❌  | hz: gt=130.8128 pred=435.0 ❌
    [ 172/700]   C3 synth_pad  | midi: gt=48 pred=64 ❌  | spn: gt=C3 pred=C6 ❌  | doremi: gt=do pred=fa# ❌  | hz: gt=130.8128 pred=435.0 ❌
    [ 173/700]   C3 electric_keyboard  | midi: gt=48 pred=64 ❌  | spn: gt=C3 pred=C6 ❌  | doremi: gt=do pred=fa# ❌  | hz: gt=130.8128 pred=435.0 ❌
    [ 174/700]   C3 trumpet  | midi: gt=48 pred=64 ❌  | spn: gt=C3 pred=C6 ❌  | doremi: gt=do pred=fa# ❌  | hz: gt=130.8128 pred=435.0 ❌
    [ 175/700]   C3 voice  | midi: gt=48 pred=64 ❌  | spn: gt=C3 pred=C6 ❌  | doremi: gt=do pred=sol ❌  | hz: gt=130.8128 pred=480.0 ❌
    [ 176/700]   C3 cello  | midi: gt=48 pred=48 ✅  | spn: gt=C3 pred=C4 ❌  | doremi: gt=do pred=sol ❌  | hz: gt=130.8128 pred=480.0 ❌
    [ 177/700]   C3 guitar  | midi: gt=48 pred=48 ✅  | spn: gt=C3 pred=C4 ❌  | doremi: gt=do pred=la ❌  | hz: gt=130.8128 pred=480.0 ❌
    [ 178/700]   C3 synth_pad  | midi: gt=48 pred=48 ✅  | spn: gt=C3 pred=C4 ❌  | doremi: gt=do pred=la ❌  | hz: gt=130.8128 pred=480.0 ❌
    [ 179/700]   C3 trombone  | midi: gt=48 pred=48 ✅  | spn: gt=C3 pred=C4 ❌  | doremi: gt=do pred=re ❌  | hz: gt=130.8128 pred=480.0 ❌
    [ 180/700]   C3 synth_lead  | midi: gt=48 pred=48 ✅  | spn: gt=C3 pred=C4 ❌  | doremi: gt=do pred=sol ❌  | hz: gt=130.8128 pred=480.0 ❌
    [ 181/700]   C3 oboe  | midi: gt=48 pred=64 ❌  | spn: gt=C3 pred=C6 ❌  | doremi: gt=do pred=fa# ❌  | hz: gt=130.8128 pred=415.306 ❌
    [ 182/700]   C3 organ  | midi: gt=48 pred=64 ❌  | spn: gt=C3 pred=C6 ❌  | doremi: gt=do pred=fa# ❌  | hz: gt=130.8128 pred=435.0 ❌
    [ 183/700]   C3 synth_lead  | midi: gt=48 pred=64 ❌  | spn: gt=C3 pred=C6 ❌  | doremi: gt=do pred=fa# ❌  | hz: gt=130.8128 pred=435.0 ❌
    [ 184/700]   C3 synth_pad  | midi: gt=48 pred=64 ❌  | spn: gt=C3 pred=C6 ❌  | doremi: gt=do pred=fa# ❌  | hz: gt=130.8128 pred=435.0 ❌
    [ 185/700]   C3 sawtooth  | midi: gt=48 pred=64 ❌  | spn: gt=C3 pred=C6 ❌  | doremi: gt=do pred=fa# ❌  | hz: gt=130.8128 pred=415.306 ❌
    [ 186/700]   C3 flute  | midi: gt=48 pred=65 ❌  | spn: gt=C3 pred=A#2 ❌  | doremi: gt=do pred=fa# ❌  | hz: gt=130.8128 pred=105.26 ❌
    [ 187/700]   C3 voice  | midi: gt=48 pred=68 ❌  | spn: gt=C3 pred=C6 ❌  | doremi: gt=do pred=sol ❌  | hz: gt=130.8128 pred=450.0 ❌
    [ 188/700]   C3 square  | midi: gt=48 pred=64 ❌  | spn: gt=C3 pred=C6 ❌  | doremi: gt=do pred=fa# ❌  | hz: gt=130.8128 pred=480.0 ❌
    [ 189/700]   C3 clarinet  | midi: gt=48 pred=64 ❌  | spn: gt=C3 pred=A#6 ❌  | doremi: gt=do pred=fa# ❌  | hz: gt=130.8128 pred=250.0 ❌
    [ 190/700]   C3 sine  | midi: gt=48 pred=64 ❌  | spn: gt=C3 pred=C2 ❌  | doremi: gt=do pred=fa# ❌  | hz: gt=130.8128 pred=480.0 ❌
    [ 191/700]   C3 voice  | midi: gt=48 pred=60 ❌  | spn: gt=C3 pred=C4 ❌  | doremi: gt=do pred=sol ❌  | hz: gt=130.8128 pred=480.0 ❌
    [ 192/700]   C3 synth_pad  | midi: gt=48 pred=48 ✅  | spn: gt=C3 pred=C6 ❌  | doremi: gt=do pred=sol ❌  | hz: gt=130.8128 pred=480.0 ❌
    [ 193/700]   C3 flute  | midi: gt=48 pred=48 ✅  | spn: gt=C3 pred=C2 ❌  | doremi: gt=do pred=fa# ❌  | hz: gt=130.8128 pred=105.26 ❌
    [ 194/700]   C3 synth_lead  | midi: gt=48 pred=48 ✅  | spn: gt=C3 pred=C6 ❌  | doremi: gt=do pred=fa# ❌  | hz: gt=130.8128 pred=480.0 ❌
    [ 195/700]   C3 sine  | midi: gt=48 pred=48 ✅  | spn: gt=C3 pred=C2 ❌  | doremi: gt=do pred=sol ❌  | hz: gt=130.8128 pred=107.86 ❌
    [ 196/700]   C3 square  | midi: gt=48 pred=64 ❌  | spn: gt=C3 pred=C6 ❌  | doremi: gt=do pred=sol ❌  | hz: gt=130.8128 pred=1050.0 ❌
    [ 197/700]   C3 sawtooth  | midi: gt=48 pred=64 ❌  | spn: gt=C3 pred=C6 ❌  | doremi: gt=do pred=sol ❌  | hz: gt=130.8128 pred=480.0 ❌
    [ 198/700]   C3 flute  | midi: gt=48 pred=64 ❌  | spn: gt=C3 pred=C6 ❌  | doremi: gt=do pred=sol ❌  | hz: gt=130.8128 pred=107.65 ❌
    [ 199/700]   C3 voice  | midi: gt=48 pred=64 ❌  | spn: gt=C3 pred=C6 ❌  | doremi: gt=do pred=sol ❌  | hz: gt=130.8128 pred=166.67 ❌
    [ 200/700]   C3 organ  | midi: gt=48 pred=64 ❌  | spn: gt=C3 pred=C6 ❌  | doremi: gt=do pred=sol ❌  | hz: gt=130.8128 pred=480.0 ❌
    [ 201/700]  F#3 sawtooth  | midi: gt=54 pred=64 ❌  | spn: gt=F#3 pred=C6 ❌  | doremi: gt=fa# pred=fa# ✅  | hz: gt=184.9972 pred=415.306 ❌
    [ 202/700]  F#3 clarinet  | midi: gt=54 pred=64 ❌  | spn: gt=F#3 pred=C6 ❌  | doremi: gt=fa# pred=fa# ✅  | hz: gt=184.9972 pred=435.0 ❌
    [ 203/700]  F#3 square  | midi: gt=54 pred=64 ❌  | spn: gt=F#3 pred=C6 ❌  | doremi: gt=fa# pred=fa# ✅  | hz: gt=184.9972 pred=480.0 ❌
    [ 204/700]  F#3 flute  | midi: gt=54 pred=64 ❌  | spn: gt=F#3 pred=C6 ❌  | doremi: gt=fa# pred=fa# ✅  | hz: gt=184.9972 pred=480.0 ❌
    [ 205/700]  F#3 piano  | midi: gt=54 pred=64 ❌  | spn: gt=F#3 pred=C6 ❌  | doremi: gt=fa# pred=fa# ✅  | hz: gt=184.9972 pred=480.0 ❌
    [ 206/700]  F#3 bass  | midi: gt=54 pred=54 ✅  | spn: gt=F#3 pred=F#2 ❌  | doremi: gt=fa# pred=fa# ✅  | hz: gt=184.9972 pred=435.0 ❌
    [ 207/700]  F#3 guitar  | midi: gt=54 pred=54 ✅  | spn: gt=F#3 pred=F#2 ❌  | doremi: gt=fa# pred=mi ❌  | hz: gt=184.9972 pred=435.0 ❌
    [ 208/700]  F#3 piano  | midi: gt=54 pred=54 ✅  | spn: gt=F#3 pred=C4 ❌  | doremi: gt=fa# pred=fa# ✅  | hz: gt=184.9972 pred=435.0 ❌
    [ 209/700]  F#3 voice  | midi: gt=54 pred=68 ❌  | spn: gt=F#3 pred=C6 ❌  | doremi: gt=fa# pred=sol ❌  | hz: gt=184.9972 pred=415.306 ❌
    [ 210/700]  F#3 triangle  | midi: gt=54 pred=53 ❌  | spn: gt=F#3 pred=C6 ❌  | doremi: gt=fa# pred=fa# ✅  | hz: gt=184.9972 pred=480.0 ❌
    [ 211/700]  F#3 bass  | midi: gt=54 pred=54 ✅  | spn: gt=F#3 pred=B4 ❌  | doremi: gt=fa# pred=sol ❌  | hz: gt=184.9972 pred=450.0 ❌
    [ 212/700]  F#3 cello  | midi: gt=54 pred=65 ❌  | spn: gt=F#3 pred=F#4 ❌  | doremi: gt=fa# pred=sol ❌  | hz: gt=184.9972 pred=493.88 ❌
    [ 213/700]  F#3 guitar  | midi: gt=54 pred=54 ✅  | spn: gt=F#3 pred=F#2 ❌  | doremi: gt=fa# pred=sol ❌  | hz: gt=184.9972 pred=540.0 ❌
    [ 214/700]  F#3 triangle  | midi: gt=54 pred=63 ❌  | spn: gt=F#3 pred=C6 ❌  | doremi: gt=fa# pred=sol ❌  | hz: gt=184.9972 pred=450.0 ❌
    [ 215/700]  F#3 sawtooth  | midi: gt=54 pred=63 ❌  | spn: gt=F#3 pred=F#2 ❌  | doremi: gt=fa# pred=sol ❌  | hz: gt=184.9972 pred=450.0 ❌
    [ 216/700]  F#3 cello  | midi: gt=54 pred=43 ❌  | spn: gt=F#3 pred=F#4 ❌  | doremi: gt=fa# pred=sol ❌  | hz: gt=184.9972 pred=420.0 ❌
    [ 217/700]  F#3 oboe  | midi: gt=54 pred=43 ❌  | spn: gt=F#3 pred=F#3 ✅  | doremi: gt=fa# pred=mi ❌  | hz: gt=184.9972 pred=435.0 ❌
    [ 218/700]  F#3 voice  | midi: gt=54 pred=65 ❌  | spn: gt=F#3 pred=C4 ❌  | doremi: gt=fa# pred=sol ❌  | hz: gt=184.9972 pred=450.0 ❌
    [ 219/700]  F#3 synth_lead  | midi: gt=54 pred=65 ❌  | spn: gt=F#3 pred=C6 ❌  | doremi: gt=fa# pred=fa# ✅  | hz: gt=184.9972 pred=1052.63 ❌
    [ 220/700]  F#3 flute  | midi: gt=54 pred=43 ❌  | spn: gt=F#3 pred=C2 ❌  | doremi: gt=fa# pred=fa# ✅  | hz: gt=184.9972 pred=130.81 ❌
    [ 221/700]  F#3 sawtooth  | midi: gt=54 pred=64 ❌  | spn: gt=F#3 pred=C6 ❌  | doremi: gt=fa# pred=fa# ✅  | hz: gt=184.9972 pred=480.0 ❌
    [ 222/700]  F#3 triangle  | midi: gt=54 pred=64 ❌  | spn: gt=F#3 pred=C6 ❌  | doremi: gt=fa# pred=fa# ✅  | hz: gt=184.9972 pred=415.306 ❌
    [ 223/700]  F#3 voice  | midi: gt=54 pred=64 ❌  | spn: gt=F#3 pred=C6 ❌  | doremi: gt=fa# pred=sol ❌  | hz: gt=184.9972 pred=480.0 ❌
    [ 224/700]  F#3 violin  | midi: gt=54 pred=64 ❌  | spn: gt=F#3 pred=C6 ❌  | doremi: gt=fa# pred=fa# ✅  | hz: gt=184.9972 pred=465.0 ❌
    [ 225/700]  F#3 oboe  | midi: gt=54 pred=64 ❌  | spn: gt=F#3 pred=C6 ❌  | doremi: gt=fa# pred=fa# ✅  | hz: gt=184.9972 pred=480.0 ❌
    [ 226/700]  F#3 clarinet  | midi: gt=54 pred=54 ✅  | spn: gt=F#3 pred=C4 ❌  | doremi: gt=fa# pred=mi ❌  | hz: gt=184.9972 pred=540.0 ❌
    [ 227/700]  F#3 triangle  | midi: gt=54 pred=54 ✅  | spn: gt=F#3 pred=F#4 ❌  | doremi: gt=fa# pred=sol ❌  | hz: gt=184.9972 pred=450.0 ❌
    [ 228/700]  F#3 flute  | midi: gt=54 pred=54 ✅  | spn: gt=F#3 pred=F#3 ✅  | doremi: gt=fa# pred=si ❌  | hz: gt=184.9972 pred=5400.0 ❌
    [ 229/700]  F#3 guitar  | midi: gt=54 pred=54 ✅  | spn: gt=F#3 pred=C5 ❌  | doremi: gt=fa# pred=mi ❌  | hz: gt=184.9972 pred=540.0 ❌
    [ 230/700]  F#3 synth_pad  | midi: gt=54 pred=54 ✅  | spn: gt=F#3 pred=C4 ❌  | doremi: gt=fa# pred=mi ❌  | hz: gt=184.9972 pred=54.0 ❌
    [ 231/700]  F#3 synth_pad  | midi: gt=54 pred=64 ❌  | spn: gt=F#3 pred=C6 ❌  | doremi: gt=fa# pred=fa# ✅  | hz: gt=184.9972 pred=435.0 ❌
    [ 232/700]  F#3 organ  | midi: gt=54 pred=64 ❌  | spn: gt=F#3 pred=C6 ❌  | doremi: gt=fa# pred=fa# ✅  | hz: gt=184.9972 pred=435.0 ❌
    [ 233/700]  F#3 piano  | midi: gt=54 pred=64 ❌  | spn: gt=F#3 pred=C6 ❌  | doremi: gt=fa# pred=fa# ✅  | hz: gt=184.9972 pred=435.0 ❌
    [ 234/700]  F#3 cello  | midi: gt=54 pred=64 ❌  | spn: gt=F#3 pred=C6 ❌  | doremi: gt=fa# pred=fa# ✅  | hz: gt=184.9972 pred=435.0 ❌
    [ 235/700]  F#3 square  | midi: gt=54 pred=64 ❌  | spn: gt=F#3 pred=C6 ❌  | doremi: gt=fa# pred=fa# ✅  | hz: gt=184.9972 pred=415.306 ❌
    [ 236/700]  F#3 trumpet  | midi: gt=54 pred=65 ❌  | spn: gt=F#3 pred=A#2 ❌  | doremi: gt=fa# pred=fa# ✅  | hz: gt=184.9972 pred=450.0 ❌
    [ 237/700]  F#3 organ  | midi: gt=54 pred=64 ❌  | spn: gt=F#3 pred=C6 ❌  | doremi: gt=fa# pred=fa# ✅  | hz: gt=184.9972 pred=480.0 ❌
    [ 238/700]  F#3 flute  | midi: gt=54 pred=65 ❌  | spn: gt=F#3 pred=A#2 ❌  | doremi: gt=fa# pred=fa# ✅  | hz: gt=184.9972 pred=1046.53 ❌
    [ 239/700]  F#3 square  | midi: gt=54 pred=64 ❌  | spn: gt=F#3 pred=C6 ❌  | doremi: gt=fa# pred=fa# ✅  | hz: gt=184.9972 pred=480.0 ❌
    [ 240/700]  F#3 synth_lead  | midi: gt=54 pred=64 ❌  | spn: gt=F#3 pred=C6 ❌  | doremi: gt=fa# pred=fa# ✅  | hz: gt=184.9972 pred=415.306872 ❌
    [ 241/700]  F#3 synth_pad  | midi: gt=54 pred=65 ❌  | spn: gt=F#3 pred=C6 ❌  | doremi: gt=fa# pred=fa# ✅  | hz: gt=184.9972 pred=480.0 ❌
    [ 242/700]  F#3 triangle  | midi: gt=54 pred=63 ❌  | spn: gt=F#3 pred=F#3 ✅  | doremi: gt=fa# pred=sol ❌  | hz: gt=184.9972 pred=450.0 ❌
    [ 243/700]  F#3 sawtooth  | midi: gt=54 pred=54 ✅  | spn: gt=F#3 pred=F#2 ❌  | doremi: gt=fa# pred=sol ❌  | hz: gt=184.9972 pred=450.0 ❌
    [ 244/700]  F#3 sine  | midi: gt=54 pred=48 ❌  | spn: gt=F#3 pred=C4 ❌  | doremi: gt=fa# pred=sol ❌  | hz: gt=184.9972 pred=107.89 ❌
    [ 245/700]  F#3 synth_lead  | midi: gt=54 pred=54 ✅  | spn: gt=F#3 pred=C6 ❌  | doremi: gt=fa# pred=fa# ✅  | hz: gt=184.9972 pred=480.0 ❌
    [ 246/700]  F#3 flute  | midi: gt=54 pred=63 ❌  | spn: gt=F#3 pred=F#6 ❌  | doremi: gt=fa# pred=fa# ✅  | hz: gt=184.9972 pred=176.47 ❌
    [ 247/700]  F#3 electric_keyboard  | midi: gt=54 pred=63 ❌  | spn: gt=F#3 pred=F#2 ❌  | doremi: gt=fa# pred=fa# ✅  | hz: gt=184.9972 pred=435.89 ❌
    [ 248/700]  F#3 cello  | midi: gt=54 pred=63 ❌  | spn: gt=F#3 pred=F#6 ❌  | doremi: gt=fa# pred=sol# ❌  | hz: gt=184.9972 pred=1620.0 ❌
    [ 249/700]  F#3 bass  | midi: gt=54 pred=63 ❌  | spn: gt=F#3 pred=B2 ❌  | doremi: gt=fa# pred=sol ❌  | hz: gt=184.9972 pred=435.0 ❌
    [ 250/700]  F#3 voice  | midi: gt=54 pred=65 ❌  | spn: gt=F#3 pred=F#6 ❌  | doremi: gt=fa# pred=fa# ✅  | hz: gt=184.9972 pred=166.67 ❌
    [ 251/700]  A#3 guitar  | midi: gt=58 pred=64 ❌  | spn: gt=A#3 pred=C6 ❌  | doremi: gt=la# pred=fa# ❌  | hz: gt=233.0819 pred=415.306 ❌
    [ 252/700]  A#3 violin  | midi: gt=58 pred=64 ❌  | spn: gt=A#3 pred=C6 ❌  | doremi: gt=la# pred=fa# ❌  | hz: gt=233.0819 pred=480.0 ❌
    [ 253/700]  A#3 sawtooth  | midi: gt=58 pred=64 ❌  | spn: gt=A#3 pred=C6 ❌  | doremi: gt=la# pred=fa# ❌  | hz: gt=233.0819 pred=415.306 ❌
    [ 254/700]  A#3 electric_keyboard  | midi: gt=58 pred=63 ❌  | spn: gt=A#3 pred=C6 ❌  | doremi: gt=la# pred=fa# ❌  | hz: gt=233.0819 pred=415.306872 ❌
    [ 255/700]  A#3 voice  | midi: gt=58 pred=63 ❌  | spn: gt=A#3 pred=C6 ❌  | doremi: gt=la# pred=fa# ❌  | hz: gt=233.0819 pred=480.0 ❌
    [ 256/700]  A#3 sine  | midi: gt=58 pred=58 ✅  | spn: gt=A#3 pred=A2 ❌  | doremi: gt=la# pred=fa# ❌  | hz: gt=233.0819 pred=450.0 ❌
    [ 257/700]  A#3 violin  | midi: gt=58 pred=69 ❌  | spn: gt=A#3 pred=None ❌  | doremi: gt=la# pred=fa# ❌  | hz: gt=233.0819 pred=450.0 ❌
    [ 258/700]  A#3 trumpet  | midi: gt=58 pred=69 ❌  | spn: gt=A#3 pred=A4 ❌  | doremi: gt=la# pred=sol ❌  | hz: gt=233.0819 pred=450.0 ❌
    [ 259/700]  A#3 organ  | midi: gt=58 pred=69 ❌  | spn: gt=A#3 pred=None ❌  | doremi: gt=la# pred=fa# ❌  | hz: gt=233.0819 pred=450.0 ❌
    [ 260/700]  A#3 piano  | midi: gt=58 pred=58 ✅  | spn: gt=A#3 pred=None ❌  | doremi: gt=la# pred=fa# ❌  | hz: gt=233.0819 pred=450.72 ❌
    [ 261/700]  A#3 cello  | midi: gt=58 pred=58 ✅  | spn: gt=A#3 pred=A#6 ❌  | doremi: gt=la# pred=sol ❌  | hz: gt=233.0819 pred=176.47 ❌
    [ 262/700]  A#3 synth_pad  | midi: gt=58 pred=69 ❌  | spn: gt=A#3 pred=C6 ❌  | doremi: gt=la# pred=sol ❌  | hz: gt=233.0819 pred=1250.0 ❌
    [ 263/700]  A#3 bass  | midi: gt=58 pred=58 ✅  | spn: gt=A#3 pred=A#2 ❌  | doremi: gt=la# pred=sol ❌  | hz: gt=233.0819 pred=450.0 ❌
    [ 264/700]  A#3 piano  | midi: gt=58 pred=58 ✅  | spn: gt=A#3 pred=A#2 ❌  | doremi: gt=la# pred=sol# ❌  | hz: gt=233.0819 pred=450.73 ❌
    [ 265/700]  A#3 triangle  | midi: gt=58 pred=65 ❌  | spn: gt=A#3 pred=A2 ❌  | doremi: gt=la# pred=sol ❌  | hz: gt=233.0819 pred=450.0 ❌
    [ 266/700]  A#3 trombone  | midi: gt=58 pred=58 ✅  | spn: gt=A#3 pred=None ❌  | doremi: gt=la# pred=sol ❌  | hz: gt=233.0819 pred=460.0 ❌
    [ 267/700]  A#3 guitar  | midi: gt=58 pred=58 ✅  | spn: gt=A#3 pred=None ❌  | doremi: gt=la# pred=fa# ❌  | hz: gt=233.0819 pred=459.0 ❌
    [ 268/700]  A#3 sawtooth  | midi: gt=58 pred=58 ✅  | spn: gt=A#3 pred=A4 ❌  | doremi: gt=la# pred=fa# ❌  | hz: gt=233.0819 pred=450.0 ❌
    [ 269/700]  A#3 synth_lead  | midi: gt=58 pred=58 ✅  | spn: gt=A#3 pred=A#6 ❌  | doremi: gt=la# pred=sol# ❌  | hz: gt=233.0819 pred=450.0 ❌
    [ 270/700]  A#3 oboe  | midi: gt=58 pred=58 ✅  | spn: gt=A#3 pred=A4 ❌  | doremi: gt=la# pred=sol ❌  | hz: gt=233.0819 pred=453.06 ❌
    [ 271/700]  A#3 clarinet  | midi: gt=58 pred=65 ❌  | spn: gt=A#3 pred=C6 ❌  | doremi: gt=la# pred=fa# ❌  | hz: gt=233.0819 pred=465.0 ❌
    [ 272/700]  A#3 sawtooth  | midi: gt=58 pred=64 ❌  | spn: gt=A#3 pred=C6 ❌  | doremi: gt=la# pred=fa# ❌  | hz: gt=233.0819 pred=480.0 ❌
    [ 273/700]  A#3 synth_pad  | midi: gt=58 pred=64 ❌  | spn: gt=A#3 pred=C6 ❌  | doremi: gt=la# pred=fa# ❌  | hz: gt=233.0819 pred=415.306 ❌
    [ 274/700]  A#3 bass  | midi: gt=58 pred=64 ❌  | spn: gt=A#3 pred=C6 ❌  | doremi: gt=la# pred=fa# ❌  | hz: gt=233.0819 pred=435.0 ❌
    [ 275/700]  A#3 trumpet  | midi: gt=58 pred=64 ❌  | spn: gt=A#3 pred=C6 ❌  | doremi: gt=la# pred=fa# ❌  | hz: gt=233.0819 pred=415.306 ❌
    [ 276/700]  A#3 synth_lead  | midi: gt=58 pred=58 ✅  | spn: gt=A#3 pred=A#6 ❌  | doremi: gt=la# pred=si ❌  | hz: gt=233.0819 pred=5940.0 ❌
    [ 277/700]  A#3 electric_keyboard  | midi: gt=58 pred=58 ✅  | spn: gt=A#3 pred=C4 ❌  | doremi: gt=la# pred=mi ❌  | hz: gt=233.0819 pred=580.0 ❌
    [ 278/700]  A#3 sawtooth  | midi: gt=58 pred=58 ✅  | spn: gt=A#3 pred=A4 ❌  | doremi: gt=la# pred=sol ❌  | hz: gt=233.0819 pred=450.0 ❌
    [ 279/700]  A#3 square  | midi: gt=58 pred=58 ✅  | spn: gt=A#3 pred=A4 ❌  | doremi: gt=la# pred=sol ❌  | hz: gt=233.0819 pred=450.0 ❌
    [ 280/700]  A#3 cello  | midi: gt=58 pred=58 ✅  | spn: gt=A#3 pred=C4 ❌  | doremi: gt=la# pred=mi ❌  | hz: gt=233.0819 pred=580.0 ❌
    [ 281/700]  A#3 electric_keyboard  | midi: gt=58 pred=64 ❌  | spn: gt=A#3 pred=C6 ❌  | doremi: gt=la# pred=fa# ❌  | hz: gt=233.0819 pred=435.0 ❌
    [ 282/700]  A#3 square  | midi: gt=58 pred=64 ❌  | spn: gt=A#3 pred=C6 ❌  | doremi: gt=la# pred=fa# ❌  | hz: gt=233.0819 pred=435.0 ❌
    [ 283/700]  A#3 synth_pad  | midi: gt=58 pred=64 ❌  | spn: gt=A#3 pred=C6 ❌  | doremi: gt=la# pred=fa# ❌  | hz: gt=233.0819 pred=435.0 ❌
    [ 284/700]  A#3 flute  | midi: gt=58 pred=64 ❌  | spn: gt=A#3 pred=C6 ❌  | doremi: gt=la# pred=fa# ❌  | hz: gt=233.0819 pred=415.306 ❌
    [ 285/700]  A#3 guitar  | midi: gt=58 pred=64 ❌  | spn: gt=A#3 pred=C6 ❌  | doremi: gt=la# pred=fa# ❌  | hz: gt=233.0819 pred=435.0 ❌
    [ 286/700]  A#3 triangle  | midi: gt=58 pred=64 ❌  | spn: gt=A#3 pred=C6 ❌  | doremi: gt=la# pred=fa# ❌  | hz: gt=233.0819 pred=480.0 ❌
    [ 287/700]  A#3 flute  | midi: gt=58 pred=64 ❌  | spn: gt=A#3 pred=C6 ❌  | doremi: gt=la# pred=fa# ❌  | hz: gt=233.0819 pred=460.0 ❌
    [ 288/700]  A#3 sawtooth  | midi: gt=58 pred=64 ❌  | spn: gt=A#3 pred=C6 ❌  | doremi: gt=la# pred=fa# ❌  | hz: gt=233.0819 pred=480.0 ❌
    [ 289/700]  A#3 square  | midi: gt=58 pred=64 ❌  | spn: gt=A#3 pred=C6 ❌  | doremi: gt=la# pred=fa# ❌  | hz: gt=233.0819 pred=480.0 ❌
    [ 290/700]  A#3 guitar  | midi: gt=58 pred=58 ✅  | spn: gt=A#3 pred=None ❌  | doremi: gt=la# pred=sol ❌  | hz: gt=233.0819 pred=435.0 ❌
    [ 291/700]  A#3 voice  | midi: gt=58 pred=58 ✅  | spn: gt=A#3 pred=None ❌  | doremi: gt=la# pred=sol ❌  | hz: gt=233.0819 pred=450.0 ❌
    [ 292/700]  A#3 synth_lead  | midi: gt=58 pred=58 ✅  | spn: gt=A#3 pred=A#2 ❌  | doremi: gt=la# pred=fa# ❌  | hz: gt=233.0819 pred=460.0 ❌
    [ 293/700]  A#3 clarinet  | midi: gt=58 pred=69 ❌  | spn: gt=A#3 pred=None ❌  | doremi: gt=la# pred=fa# ❌  | hz: gt=233.0819 pred=450.0 ❌
    [ 294/700]  A#3 trumpet  | midi: gt=58 pred=58 ✅  | spn: gt=A#3 pred=A#5 ❌  | doremi: gt=la# pred=sol ❌  | hz: gt=233.0819 pred=4583.0 ❌
    [ 295/700]  A#3 triangle  | midi: gt=58 pred=69 ❌  | spn: gt=A#3 pred=A6 ❌  | doremi: gt=la# pred=sol ❌  | hz: gt=233.0819 pred=450.0 ❌
    [ 296/700]  A#3 clarinet  | midi: gt=58 pred=65 ❌  | spn: gt=A#3 pred=A#6 ❌  | doremi: gt=la# pred=fa# ❌  | hz: gt=233.0819 pred=415.38 ❌
    [ 297/700]  A#3 flute  | midi: gt=58 pred=65 ❌  | spn: gt=A#3 pred=A#6 ❌  | doremi: gt=la# pred=fa# ❌  | hz: gt=233.0819 pred=1680.0 ❌
    [ 298/700]  A#3 trumpet  | midi: gt=58 pred=65 ❌  | spn: gt=A#3 pred=A#6 ❌  | doremi: gt=la# pred=fa# ❌  | hz: gt=233.0819 pred=415.38 ❌
    [ 299/700]  A#3 violin  | midi: gt=58 pred=69 ❌  | spn: gt=A#3 pred=A#6 ❌  | doremi: gt=la# pred=sol# ❌  | hz: gt=233.0819 pred=1680.0 ❌
    [ 300/700]  A#3 square  | midi: gt=58 pred=64 ❌  | spn: gt=A#3 pred=C6 ❌  | doremi: gt=la# pred=sol ❌  | hz: gt=233.0819 pred=1000.0 ❌
    [ 301/700]   C4 trombone  | midi: gt=60 pred=64 ❌  | spn: gt=C4 pred=C6 ❌  | doremi: gt=do pred=fa# ❌  | hz: gt=261.6256 pred=435.0 ❌
    [ 302/700]   C4 organ  | midi: gt=60 pred=64 ❌  | spn: gt=C4 pred=C6 ❌  | doremi: gt=do pred=fa# ❌  | hz: gt=261.6256 pred=480.0 ❌
    [ 303/700]   C4 clarinet  | midi: gt=60 pred=64 ❌  | spn: gt=C4 pred=C6 ❌  | doremi: gt=do pred=fa# ❌  | hz: gt=261.6256 pred=480.0 ❌
    [ 304/700]   C4 square  | midi: gt=60 pred=64 ❌  | spn: gt=C4 pred=C6 ❌  | doremi: gt=do pred=fa# ❌  | hz: gt=261.6256 pred=415.306 ❌
    [ 305/700]   C4 sine  | midi: gt=60 pred=64 ❌  | spn: gt=C4 pred=C6 ❌  | doremi: gt=do pred=fa# ❌  | hz: gt=261.6256 pred=415.306 ❌
    [ 306/700]   C4 organ  | midi: gt=60 pred=68 ❌  | spn: gt=C4 pred=C6 ❌  | doremi: gt=do pred=sol ❌  | hz: gt=261.6256 pred=480.0 ❌
    [ 307/700]   C4 triangle  | midi: gt=60 pred=65 ❌  | spn: gt=C4 pred=C6 ❌  | doremi: gt=do pred=fa# ❌  | hz: gt=261.6256 pred=480.0 ❌
    [ 308/700]   C4 square  | midi: gt=60 pred=65 ❌  | spn: gt=C4 pred=C6 ❌  | doremi: gt=do pred=fa# ❌  | hz: gt=261.6256 pred=480.0 ❌
    [ 309/700]   C4 guitar  | midi: gt=60 pred=56 ❌  | spn: gt=C4 pred=C4 ✅  | doremi: gt=do pred=sol ❌  | hz: gt=261.6256 pred=480.0 ❌
    [ 310/700]   C4 trumpet  | midi: gt=60 pred=60 ✅  | spn: gt=C4 pred=C4 ✅  | doremi: gt=do pred=sol ❌  | hz: gt=261.6256 pred=480.0 ❌
    [ 311/700]   C4 trumpet  | midi: gt=60 pred=68 ❌  | spn: gt=C4 pred=C6 ❌  | doremi: gt=do pred=sol ❌  | hz: gt=261.6256 pred=480.0 ❌
    [ 312/700]   C4 piano  | midi: gt=60 pred=48 ❌  | spn: gt=C4 pred=C4 ✅  | doremi: gt=do pred=sol# ❌  | hz: gt=261.6256 pred=480.0 ❌
    [ 313/700]   C4 oboe  | midi: gt=60 pred=60 ✅  | spn: gt=C4 pred=C6 ❌  | doremi: gt=do pred=sol ❌  | hz: gt=261.6256 pred=480.0 ❌
    [ 314/700]   C4 square  | midi: gt=60 pred=63 ❌  | spn: gt=C4 pred=C6 ❌  | doremi: gt=do pred=sol ❌  | hz: gt=261.6256 pred=480.0 ❌
    [ 315/700]   C4 organ  | midi: gt=60 pred=60 ✅  | spn: gt=C4 pred=C6 ❌  | doremi: gt=do pred=sol ❌  | hz: gt=261.6256 pred=480.0 ❌
    [ 316/700]   C4 flute  | midi: gt=60 pred=60 ✅  | spn: gt=C4 pred=C6 ❌  | doremi: gt=do pred=fa# ❌  | hz: gt=261.6256 pred=480.0 ❌
    [ 317/700]   C4 oboe  | midi: gt=60 pred=60 ✅  | spn: gt=C4 pred=C6 ❌  | doremi: gt=do pred=sol ❌  | hz: gt=261.6256 pred=480.0 ❌
    [ 318/700]   C4 trombone  | midi: gt=60 pred=60 ✅  | spn: gt=C4 pred=C4 ✅  | doremi: gt=do pred=sol ❌  | hz: gt=261.6256 pred=60.0 ❌
    [ 319/700]   C4 electric_keyboard  | midi: gt=60 pred=60 ✅  | spn: gt=C4 pred=C6 ❌  | doremi: gt=do pred=sol ❌  | hz: gt=261.6256 pred=60.0 ❌
    [ 320/700]   C4 voice  | midi: gt=60 pred=63 ❌  | spn: gt=C4 pred=C6 ❌  | doremi: gt=do pred=sol ❌  | hz: gt=261.6256 pred=480.0 ❌
    [ 321/700]   C4 synth_pad  | midi: gt=60 pred=64 ❌  | spn: gt=C4 pred=C6 ❌  | doremi: gt=do pred=fa# ❌  | hz: gt=261.6256 pred=480.0 ❌
    [ 322/700]   C4 trombone  | midi: gt=60 pred=64 ❌  | spn: gt=C4 pred=C6 ❌  | doremi: gt=do pred=fa# ❌  | hz: gt=261.6256 pred=435.0 ❌
    [ 323/700]   C4 synth_lead  | midi: gt=60 pred=64 ❌  | spn: gt=C4 pred=C6 ❌  | doremi: gt=do pred=fa# ❌  | hz: gt=261.6256 pred=415.306 ❌
    [ 324/700]   C4 sine  | midi: gt=60 pred=64 ❌  | spn: gt=C4 pred=C6 ❌  | doremi: gt=do pred=fa# ❌  | hz: gt=261.6256 pred=480.0 ❌
    [ 325/700]   C4 clarinet  | midi: gt=60 pred=64 ❌  | spn: gt=C4 pred=C6 ❌  | doremi: gt=do pred=fa# ❌  | hz: gt=261.6256 pred=450.0 ❌
    [ 326/700]   C4 synth_pad  | midi: gt=60 pred=60 ✅  | spn: gt=C4 pred=C6 ❌  | doremi: gt=do pred=sol ❌  | hz: gt=261.6256 pred=60.0 ❌
    [ 327/700]   C4 trombone  | midi: gt=60 pred=60 ✅  | spn: gt=C4 pred=C4 ✅  | doremi: gt=do pred=re ❌  | hz: gt=261.6256 pred=480.0 ❌
    [ 328/700]   C4 triangle  | midi: gt=60 pred=60 ✅  | spn: gt=C4 pred=C6 ❌  | doremi: gt=do pred=sol ❌  | hz: gt=261.6256 pred=480.0 ❌
    [ 329/700]   C4 piano  | midi: gt=60 pred=60 ✅  | spn: gt=C4 pred=C6 ❌  | doremi: gt=do pred=fa# ❌  | hz: gt=261.6256 pred=480.0 ❌
    [ 330/700]   C4 bass  | midi: gt=60 pred=60 ✅  | spn: gt=C4 pred=C6 ❌  | doremi: gt=do pred=mi ❌  | hz: gt=261.6256 pred=60.0 ❌
    [ 331/700]   C4 triangle  | midi: gt=60 pred=64 ❌  | spn: gt=C4 pred=C6 ❌  | doremi: gt=do pred=fa# ❌  | hz: gt=261.6256 pred=435.0 ❌
    [ 332/700]   C4 voice  | midi: gt=60 pred=64 ❌  | spn: gt=C4 pred=C6 ❌  | doremi: gt=do pred=fa# ❌  | hz: gt=261.6256 pred=435.0 ❌
    [ 333/700]   C4 piano  | midi: gt=60 pred=64 ❌  | spn: gt=C4 pred=C6 ❌  | doremi: gt=do pred=fa# ❌  | hz: gt=261.6256 pred=435.0 ❌
    [ 334/700]   C4 trumpet  | midi: gt=60 pred=64 ❌  | spn: gt=C4 pred=C6 ❌  | doremi: gt=do pred=fa# ❌  | hz: gt=261.6256 pred=435.0 ❌
    [ 335/700]   C4 synth_lead  | midi: gt=60 pred=64 ❌  | spn: gt=C4 pred=C6 ❌  | doremi: gt=do pred=fa# ❌  | hz: gt=261.6256 pred=435.0 ❌
    [ 336/700]   C4 guitar  | midi: gt=60 pred=64 ❌  | spn: gt=C4 pred=C4 ✅  | doremi: gt=do pred=sol ❌  | hz: gt=261.6256 pred=435.0 ❌
    [ 337/700]   C4 clarinet  | midi: gt=60 pred=64 ❌  | spn: gt=C4 pred=C6 ❌  | doremi: gt=do pred=fa# ❌  | hz: gt=261.6256 pred=450.0 ❌
    [ 338/700]   C4 voice  | midi: gt=60 pred=63 ❌  | spn: gt=C4 pred=C6 ❌  | doremi: gt=do pred=sol ❌  | hz: gt=261.6256 pred=480.0 ❌
    [ 339/700]   C4 trumpet  | midi: gt=60 pred=64 ❌  | spn: gt=C4 pred=C6 ❌  | doremi: gt=do pred=sol ❌  | hz: gt=261.6256 pred=415.306 ❌
    [ 340/700]   C4 bass  | midi: gt=60 pred=64 ❌  | spn: gt=C4 pred=C6 ❌  | doremi: gt=do pred=fa# ❌  | hz: gt=261.6256 pred=435.0 ❌
    [ 341/700]   C4 bass  | midi: gt=60 pred=60 ✅  | spn: gt=C4 pred=C4 ✅  | doremi: gt=do pred=sol ❌  | hz: gt=261.6256 pred=480.0 ❌
    [ 342/700]   C4 trumpet  | midi: gt=60 pred=60 ✅  | spn: gt=C4 pred=C4 ✅  | doremi: gt=do pred=sol ❌  | hz: gt=261.6256 pred=435.0 ❌
    [ 343/700]   C4 sawtooth  | midi: gt=60 pred=43 ❌  | spn: gt=C4 pred=F#2 ❌  | doremi: gt=do pred=sol ❌  | hz: gt=261.6256 pred=450.0 ❌
    [ 344/700]   C4 square  | midi: gt=60 pred=63 ❌  | spn: gt=C4 pred=C6 ❌  | doremi: gt=do pred=sol ❌  | hz: gt=261.6256 pred=480.0 ❌
    [ 345/700]   C4 clarinet  | midi: gt=60 pred=65 ❌  | spn: gt=C4 pred=C6 ❌  | doremi: gt=do pred=sol ❌  | hz: gt=261.6256 pred=450.0 ❌
    [ 346/700]   C4 cello  | midi: gt=60 pred=68 ❌  | spn: gt=C4 pred=C6 ❌  | doremi: gt=do pred=sol ❌  | hz: gt=261.6256 pred=166.67 ❌
    [ 347/700]   C4 trumpet  | midi: gt=60 pred=64 ❌  | spn: gt=C4 pred=C6 ❌  | doremi: gt=do pred=sol ❌  | hz: gt=261.6256 pred=400.0 ❌
    [ 348/700]   C4 sawtooth  | midi: gt=60 pred=64 ❌  | spn: gt=C4 pred=C6 ❌  | doremi: gt=do pred=sol ❌  | hz: gt=261.6256 pred=1073.64 ❌
    [ 349/700]   C4 sine  | midi: gt=60 pred=63 ❌  | spn: gt=C4 pred=C6 ❌  | doremi: gt=do pred=sol ❌  | hz: gt=261.6256 pred=107.32 ❌
    [ 350/700]   C4 electric_keyboard  | midi: gt=60 pred=68 ❌  | spn: gt=C4 pred=C6 ❌  | doremi: gt=do pred=sol ❌  | hz: gt=261.6256 pred=480.0 ❌
    [ 351/700]   E4 piano  | midi: gt=64 pred=64 ✅  | spn: gt=E4 pred=C6 ❌  | doremi: gt=mi pred=fa# ❌  | hz: gt=329.6276 pred=480.0 ❌
    [ 352/700]   E4 trumpet  | midi: gt=64 pred=64 ✅  | spn: gt=E4 pred=C6 ❌  | doremi: gt=mi pred=fa# ❌  | hz: gt=329.6276 pred=435.0 ❌
    [ 353/700]   E4 electric_keyboard  | midi: gt=64 pred=64 ✅  | spn: gt=E4 pred=C6 ❌  | doremi: gt=mi pred=fa# ❌  | hz: gt=329.6276 pred=415.306 ❌
    [ 354/700]   E4 organ  | midi: gt=64 pred=64 ✅  | spn: gt=E4 pred=C6 ❌  | doremi: gt=mi pred=fa# ❌  | hz: gt=329.6276 pred=435.0 ❌
    [ 355/700]   E4 synth_pad  | midi: gt=64 pred=64 ✅  | spn: gt=E4 pred=C6 ❌  | doremi: gt=mi pred=fa# ❌  | hz: gt=329.6276 pred=435.0 ❌
    [ 356/700]   E4 cello  | midi: gt=64 pred=68 ❌  | spn: gt=E4 pred=A#6 ❌  | doremi: gt=mi pred=fa# ❌  | hz: gt=329.6276 pred=460.0 ❌
    [ 357/700]   E4 synth_pad  | midi: gt=64 pred=65 ❌  | spn: gt=E4 pred=C6 ❌  | doremi: gt=mi pred=fa# ❌  | hz: gt=329.6276 pred=480.0 ❌
    [ 358/700]   E4 sine  | midi: gt=64 pred=65 ❌  | spn: gt=E4 pred=C6 ❌  | doremi: gt=mi pred=sol ❌  | hz: gt=329.6276 pred=642.0 ❌
    [ 359/700]   E4 triangle  | midi: gt=64 pred=65 ❌  | spn: gt=E4 pred=C6 ❌  | doremi: gt=mi pred=fa# ❌  | hz: gt=329.6276 pred=480.0 ❌
    [ 360/700]   E4 sawtooth  | midi: gt=64 pred=64 ✅  | spn: gt=E4 pred=C6 ❌  | doremi: gt=mi pred=fa# ❌  | hz: gt=329.6276 pred=480.0 ❌
    [ 361/700]   E4 piano  | midi: gt=64 pred=48 ❌  | spn: gt=E4 pred=E2 ❌  | doremi: gt=mi pred=sol# ❌  | hz: gt=329.6276 pred=493.88 ❌
    [ 362/700]   E4 synth_pad  | midi: gt=64 pred=69 ❌  | spn: gt=E4 pred=C6 ❌  | doremi: gt=mi pred=sol ❌  | hz: gt=329.6276 pred=1073.45 ❌
    [ 363/700]   E4 sawtooth  | midi: gt=64 pred=64 ✅  | spn: gt=E4 pred=C6 ❌  | doremi: gt=mi pred=sol ❌  | hz: gt=329.6276 pred=450.0 ❌
    [ 364/700]   E4 oboe  | midi: gt=64 pred=64 ✅  | spn: gt=E4 pred=E4 ✅  | doremi: gt=mi pred=sol ❌  | hz: gt=329.6276 pred=605.0 ❌
    [ 365/700]   E4 trombone  | midi: gt=64 pred=69 ❌  | spn: gt=E4 pred=E4 ✅  | doremi: gt=mi pred=sol ❌  | hz: gt=329.6276 pred=659.3 ❌
    [ 366/700]   E4 synth_pad  | midi: gt=64 pred=69 ❌  | spn: gt=E4 pred=C6 ❌  | doremi: gt=mi pred=sol ❌  | hz: gt=329.6276 pred=650.0 ❌
    [ 367/700]   E4 piano  | midi: gt=64 pred=53 ❌  | spn: gt=E4 pred=C6 ❌  | doremi: gt=mi pred=sol ❌  | hz: gt=329.6276 pred=480.0 ❌
    [ 368/700]   E4 cello  | midi: gt=64 pred=64 ✅  | spn: gt=E4 pred=E4 ✅  | doremi: gt=mi pred=sol ❌  | hz: gt=329.6276 pred=480.0 ❌
    [ 369/700]   E4 voice  | midi: gt=64 pred=64 ✅  | spn: gt=E4 pred=E4 ✅  | doremi: gt=mi pred=sol ❌  | hz: gt=329.6276 pred=640.0 ❌
    [ 370/700]   E4 sine  | midi: gt=64 pred=63 ❌  | spn: gt=E4 pred=C4 ❌  | doremi: gt=mi pred=sol ❌  | hz: gt=329.6276 pred=640.0 ❌
    [ 371/700]   E4 trombone  | midi: gt=64 pred=64 ✅  | spn: gt=E4 pred=C6 ❌  | doremi: gt=mi pred=fa# ❌  | hz: gt=329.6276 pred=415.306 ❌
    [ 372/700]   E4 oboe  | midi: gt=64 pred=64 ✅  | spn: gt=E4 pred=C6 ❌  | doremi: gt=mi pred=fa# ❌  | hz: gt=329.6276 pred=435.0 ❌
    [ 373/700]   E4 sawtooth  | midi: gt=64 pred=64 ✅  | spn: gt=E4 pred=C6 ❌  | doremi: gt=mi pred=fa# ❌  | hz: gt=329.6276 pred=480.0 ❌
    [ 374/700]   E4 synth_pad  | midi: gt=64 pred=64 ✅  | spn: gt=E4 pred=C6 ❌  | doremi: gt=mi pred=fa# ❌  | hz: gt=329.6276 pred=480.0 ❌
    [ 375/700]   E4 triangle  | midi: gt=64 pred=64 ✅  | spn: gt=E4 pred=C6 ❌  | doremi: gt=mi pred=fa# ❌  | hz: gt=329.6276 pred=435.0 ❌
    [ 376/700]   E4 flute  | midi: gt=64 pred=64 ✅  | spn: gt=E4 pred=F4 ❌  | doremi: gt=mi pred=si ❌  | hz: gt=329.6276 pred=640.0 ❌
    [ 377/700]   E4 triangle  | midi: gt=64 pred=64 ✅  | spn: gt=E4 pred=E6 ❌  | doremi: gt=mi pred=sol ❌  | hz: gt=329.6276 pred=640.0 ❌
    [ 378/700]   E4 oboe  | midi: gt=64 pred=64 ✅  | spn: gt=E4 pred=E4 ✅  | doremi: gt=mi pred=mi ✅  | hz: gt=329.6276 pred=640.0 ❌
    [ 379/700]   E4 cello  | midi: gt=64 pred=64 ✅  | spn: gt=E4 pred=C6 ❌  | doremi: gt=mi pred=mi ✅  | hz: gt=329.6276 pred=640.0 ❌
    [ 380/700]   E4 trombone  | midi: gt=64 pred=64 ✅  | spn: gt=E4 pred=C6 ❌  | doremi: gt=mi pred=re ❌  | hz: gt=329.6276 pred=640.0 ❌
    [ 381/700]   E4 piano  | midi: gt=64 pred=64 ✅  | spn: gt=E4 pred=C6 ❌  | doremi: gt=mi pred=fa# ❌  | hz: gt=329.6276 pred=435.0 ❌
    [ 382/700]   E4 flute  | midi: gt=64 pred=64 ✅  | spn: gt=E4 pred=C6 ❌  | doremi: gt=mi pred=fa# ❌  | hz: gt=329.6276 pred=435.0 ❌
    [ 383/700]   E4 electric_keyboard  | midi: gt=64 pred=64 ✅  | spn: gt=E4 pred=C6 ❌  | doremi: gt=mi pred=fa# ❌  | hz: gt=329.6276 pred=415.306 ❌
    [ 384/700]   E4 synth_lead  | midi: gt=64 pred=64 ✅  | spn: gt=E4 pred=C6 ❌  | doremi: gt=mi pred=fa# ❌  | hz: gt=329.6276 pred=435.0 ❌
    [ 385/700]   E4 organ  | midi: gt=64 pred=64 ✅  | spn: gt=E4 pred=C6 ❌  | doremi: gt=mi pred=fa# ❌  | hz: gt=329.6276 pred=435.0 ❌
    [ 386/700]   E4 cello  | midi: gt=64 pred=65 ❌  | spn: gt=E4 pred=A#6 ❌  | doremi: gt=mi pred=fa# ❌  | hz: gt=329.6276 pred=480.0 ❌
    [ 387/700]   E4 sine  | midi: gt=64 pred=64 ✅  | spn: gt=E4 pred=C6 ❌  | doremi: gt=mi pred=fa# ❌  | hz: gt=329.6276 pred=480.0 ❌
    [ 388/700]   E4 electric_keyboard  | midi: gt=64 pred=64 ✅  | spn: gt=E4 pred=C6 ❌  | doremi: gt=mi pred=fa# ❌  | hz: gt=329.6276 pred=480.0 ❌
    [ 389/700]   E4 clarinet  | midi: gt=64 pred=64 ✅  | spn: gt=E4 pred=C6 ❌  | doremi: gt=mi pred=sol ❌  | hz: gt=329.6276 pred=450.0 ❌
    [ 390/700]   E4 violin  | midi: gt=64 pred=65 ❌  | spn: gt=E4 pred=A#6 ❌  | doremi: gt=mi pred=fa# ❌  | hz: gt=329.6276 pred=450.0 ❌
    [ 391/700]   E4 cello  | midi: gt=64 pred=64 ✅  | spn: gt=E4 pred=E4 ✅  | doremi: gt=mi pred=sol ❌  | hz: gt=329.6276 pred=64.0 ❌
    [ 392/700]   E4 flute  | midi: gt=64 pred=64 ✅  | spn: gt=E4 pred=C6 ❌  | doremi: gt=mi pred=sol ❌  | hz: gt=329.6276 pred=1250.0 ❌
    [ 393/700]   E4 trumpet  | midi: gt=64 pred=64 ✅  | spn: gt=E4 pred=E4 ✅  | doremi: gt=mi pred=sol ❌  | hz: gt=329.6276 pred=640.0 ❌
    [ 394/700]   E4 electric_keyboard  | midi: gt=64 pred=64 ✅  | spn: gt=E4 pred=C6 ❌  | doremi: gt=mi pred=fa# ❌  | hz: gt=329.6276 pred=64.0 ❌
    [ 395/700]   E4 violin  | midi: gt=64 pred=64 ✅  | spn: gt=E4 pred=E4 ✅  | doremi: gt=mi pred=sol ❌  | hz: gt=329.6276 pred=400.0 ❌
    [ 396/700]   E4 triangle  | midi: gt=64 pred=65 ❌  | spn: gt=E4 pred=C6 ❌  | doremi: gt=mi pred=sol ❌  | hz: gt=329.6276 pred=1050.0 ❌
    [ 397/700]   E4 violin  | midi: gt=64 pred=64 ✅  | spn: gt=E4 pred=E6 ❌  | doremi: gt=mi pred=sol ❌  | hz: gt=329.6276 pred=415.38 ❌
    [ 398/700]   E4 sawtooth  | midi: gt=64 pred=64 ✅  | spn: gt=E4 pred=C6 ❌  | doremi: gt=mi pred=sol ❌  | hz: gt=329.6276 pred=1000.0 ❌
    [ 399/700]   E4 bass  | midi: gt=64 pred=63 ❌  | spn: gt=E4 pred=E4 ✅  | doremi: gt=mi pred=sol ❌  | hz: gt=329.6276 pred=493.88 ❌
    [ 400/700]   E4 voice  | midi: gt=64 pred=69 ❌  | spn: gt=E4 pred=E6 ❌  | doremi: gt=mi pred=sol# ❌  | hz: gt=329.6276 pred=1764.0 ❌
    [ 401/700]   G4 guitar  | midi: gt=67 pred=64 ❌  | spn: gt=G4 pred=C6 ❌  | doremi: gt=sol pred=fa# ❌  | hz: gt=391.9954 pred=415.306 ❌
    [ 402/700]   G4 organ  | midi: gt=67 pred=64 ❌  | spn: gt=G4 pred=C6 ❌  | doremi: gt=sol pred=fa# ❌  | hz: gt=391.9954 pred=480.0 ❌
    [ 403/700]   G4 oboe  | midi: gt=67 pred=64 ❌  | spn: gt=G4 pred=C6 ❌  | doremi: gt=sol pred=fa# ❌  | hz: gt=391.9954 pred=430.51 ❌
    [ 404/700]   G4 trombone  | midi: gt=67 pred=64 ❌  | spn: gt=G4 pred=C6 ❌  | doremi: gt=sol pred=fa# ❌  | hz: gt=391.9954 pred=435.0 ❌
    [ 405/700]   G4 cello  | midi: gt=67 pred=64 ❌  | spn: gt=G4 pred=C6 ❌  | doremi: gt=sol pred=fa# ❌  | hz: gt=391.9954 pred=435.0 ❌
    [ 406/700]   G4 flute  | midi: gt=67 pred=63 ❌  | spn: gt=G4 pred=C6 ❌  | doremi: gt=sol pred=fa# ❌  | hz: gt=391.9954 pred=480.0 ❌
    [ 407/700]   G4 voice  | midi: gt=67 pred=69 ❌  | spn: gt=G4 pred=C6 ❌  | doremi: gt=sol pred=sol ✅  | hz: gt=391.9954 pred=450.0 ❌
    [ 408/700]   G4 sine  | midi: gt=67 pred=65 ❌  | spn: gt=G4 pred=C6 ❌  | doremi: gt=sol pred=sol ✅  | hz: gt=391.9954 pred=480.0 ❌
    [ 409/700]   G4 guitar  | midi: gt=67 pred=64 ❌  | spn: gt=G4 pred=C6 ❌  | doremi: gt=sol pred=sol ✅  | hz: gt=391.9954 pred=435.0 ❌
    [ 410/700]   G4 bass  | midi: gt=67 pred=68 ❌  | spn: gt=G4 pred=C6 ❌  | doremi: gt=sol pred=sol ✅  | hz: gt=391.9954 pred=435.0 ❌
    [ 411/700]   G4 clarinet  | midi: gt=67 pred=68 ❌  | spn: gt=G4 pred=C6 ❌  | doremi: gt=sol pred=sol ✅  | hz: gt=391.9954 pred=450.0 ❌
    [ 412/700]   G4 trumpet  | midi: gt=67 pred=68 ❌  | spn: gt=G4 pred=C6 ❌  | doremi: gt=sol pred=sol ✅  | hz: gt=391.9954 pred=450.0 ❌
    [ 413/700]   G4 square  | midi: gt=67 pred=63 ❌  | spn: gt=G4 pred=C6 ❌  | doremi: gt=sol pred=sol ✅  | hz: gt=391.9954 pred=1046.53 ❌
    [ 414/700]   G4 synth_pad  | midi: gt=67 pred=69 ❌  | spn: gt=G4 pred=C6 ❌  | doremi: gt=sol pred=sol ✅  | hz: gt=391.9954 pred=493.88 ❌
    [ 415/700]   G4 electric_keyboard  | midi: gt=67 pred=67 ✅  | spn: gt=G4 pred=C4 ❌  | doremi: gt=sol pred=sol ✅  | hz: gt=391.9954 pred=504.38 ❌
    [ 416/700]   G4 synth_lead  | midi: gt=67 pred=65 ❌  | spn: gt=G4 pred=C6 ❌  | doremi: gt=sol pred=fa# ❌  | hz: gt=391.9954 pred=1666.67 ❌
    [ 417/700]   G4 violin  | midi: gt=67 pred=63 ❌  | spn: gt=G4 pred=G4 ✅  | doremi: gt=sol pred=sol ✅  | hz: gt=391.9954 pred=6750.0 ❌
    [ 418/700]   G4 clarinet  | midi: gt=67 pred=68 ❌  | spn: gt=G4 pred=C6 ❌  | doremi: gt=sol pred=sol ✅  | hz: gt=391.9954 pred=435.0 ❌
    [ 419/700]   G4 sine  | midi: gt=67 pred=63 ❌  | spn: gt=G4 pred=C6 ❌  | doremi: gt=sol pred=sol ✅  | hz: gt=391.9954 pred=480.0 ❌
    [ 420/700]   G4 sawtooth  | midi: gt=67 pred=63 ❌  | spn: gt=G4 pred=F#2 ❌  | doremi: gt=sol pred=sol ✅  | hz: gt=391.9954 pred=450.0 ❌
    [ 421/700]   G4 trumpet  | midi: gt=67 pred=64 ❌  | spn: gt=G4 pred=C6 ❌  | doremi: gt=sol pred=fa# ❌  | hz: gt=391.9954 pred=450.0 ❌
    [ 422/700]   G4 electric_keyboard  | midi: gt=67 pred=64 ❌  | spn: gt=G4 pred=C6 ❌  | doremi: gt=sol pred=fa# ❌  | hz: gt=391.9954 pred=435.0 ❌
    [ 423/700]   G4 voice  | midi: gt=67 pred=64 ❌  | spn: gt=G4 pred=E6 ❌  | doremi: gt=sol pred=fa# ❌  | hz: gt=391.9954 pred=415.306 ❌
    [ 424/700]   G4 sawtooth  | midi: gt=67 pred=64 ❌  | spn: gt=G4 pred=C6 ❌  | doremi: gt=sol pred=fa# ❌  | hz: gt=391.9954 pred=480.0 ❌
    [ 425/700]   G4 bass  | midi: gt=67 pred=64 ❌  | spn: gt=G4 pred=C6 ❌  | doremi: gt=sol pred=fa# ❌  | hz: gt=391.9954 pred=435.0 ❌
    [ 426/700]   G4 cello  | midi: gt=67 pred=67 ✅  | spn: gt=G4 pred=G6 ❌  | doremi: gt=sol pred=mi ❌  | hz: gt=391.9954 pred=6750.0 ❌
    [ 427/700]   G4 oboe  | midi: gt=67 pred=67 ✅  | spn: gt=G4 pred=C6 ❌  | doremi: gt=sol pred=sol ✅  | hz: gt=391.9954 pred=6750.0 ❌
    [ 428/700]   G4 clarinet  | midi: gt=67 pred=68 ❌  | spn: gt=G4 pred=C4 ❌  | doremi: gt=sol pred=mi ❌  | hz: gt=391.9954 pred=435.0 ❌
    [ 429/700]   G4 voice  | midi: gt=67 pred=67 ✅  | spn: gt=G4 pred=C4 ❌  | doremi: gt=sol pred=la ❌  | hz: gt=391.9954 pred=6750.0 ❌
    [ 430/700]   G4 trombone  | midi: gt=67 pred=67 ✅  | spn: gt=G4 pred=C6 ❌  | doremi: gt=sol pred=sol ✅  | hz: gt=391.9954 pred=6750.0 ❌
    [ 431/700]   G4 synth_lead  | midi: gt=67 pred=64 ❌  | spn: gt=G4 pred=C6 ❌  | doremi: gt=sol pred=fa# ❌  | hz: gt=391.9954 pred=435.0 ❌
    [ 432/700]   G4 triangle  | midi: gt=67 pred=64 ❌  | spn: gt=G4 pred=C6 ❌  | doremi: gt=sol pred=fa# ❌  | hz: gt=391.9954 pred=435.0 ❌
    [ 433/700]   G4 violin  | midi: gt=67 pred=64 ❌  | spn: gt=G4 pred=C6 ❌  | doremi: gt=sol pred=fa# ❌  | hz: gt=391.9954 pred=435.0 ❌
    [ 434/700]   G4 guitar  | midi: gt=67 pred=64 ❌  | spn: gt=G4 pred=C6 ❌  | doremi: gt=sol pred=fa# ❌  | hz: gt=391.9954 pred=415.306 ❌
    [ 435/700]   G4 piano  | midi: gt=67 pred=64 ❌  | spn: gt=G4 pred=C6 ❌  | doremi: gt=sol pred=fa# ❌  | hz: gt=391.9954 pred=435.0 ❌
    [ 436/700]   G4 sawtooth  | midi: gt=67 pred=64 ❌  | spn: gt=G4 pred=C6 ❌  | doremi: gt=sol pred=fa# ❌  | hz: gt=391.9954 pred=1052.63 ❌
    [ 437/700]   G4 cello  | midi: gt=67 pred=64 ❌  | spn: gt=G4 pred=A#6 ❌  | doremi: gt=sol pred=fa# ❌  | hz: gt=391.9954 pred=465.0 ❌
    [ 438/700]   G4 sine  | midi: gt=67 pred=64 ❌  | spn: gt=G4 pred=C6 ❌  | doremi: gt=sol pred=fa# ❌  | hz: gt=391.9954 pred=480.0 ❌
    [ 439/700]   G4 guitar  | midi: gt=67 pred=64 ❌  | spn: gt=G4 pred=C6 ❌  | doremi: gt=sol pred=fa# ❌  | hz: gt=391.9954 pred=415.306872493 ❌
    [ 440/700]   G4 electric_keyboard  | midi: gt=67 pred=64 ❌  | spn: gt=G4 pred=C6 ❌  | doremi: gt=sol pred=sol ✅  | hz: gt=391.9954 pred=480.0 ❌
    [ 441/700]   G4 cello  | midi: gt=67 pred=63 ❌  | spn: gt=G4 pred=G4 ✅  | doremi: gt=sol pred=sol ✅  | hz: gt=391.9954 pred=6750.0 ❌
    [ 442/700]   G4 square  | midi: gt=67 pred=65 ❌  | spn: gt=G4 pred=F#6 ❌  | doremi: gt=sol pred=sol ✅  | hz: gt=391.9954 pred=450.0 ❌
    [ 443/700]   G4 clarinet  | midi: gt=67 pred=68 ❌  | spn: gt=G4 pred=C6 ❌  | doremi: gt=sol pred=sol ✅  | hz: gt=391.9954 pred=435.0 ❌
    [ 444/700]   G4 synth_lead  | midi: gt=67 pred=63 ❌  | spn: gt=G4 pred=C6 ❌  | doremi: gt=sol pred=sol ✅  | hz: gt=391.9954 pred=480.0 ❌
    [ 445/700]   G4 bass  | midi: gt=67 pred=67 ✅  | spn: gt=G4 pred=C6 ❌  | doremi: gt=sol pred=sol ✅  | hz: gt=391.9954 pred=570.0 ❌
    [ 446/700]   G4 triangle  | midi: gt=67 pred=64 ❌  | spn: gt=G4 pred=C6 ❌  | doremi: gt=sol pred=sol ✅  | hz: gt=391.9954 pred=1073.645829 ❌
    [ 447/700]   G4 trombone  | midi: gt=67 pred=68 ❌  | spn: gt=G4 pred=C6 ❌  | doremi: gt=sol pred=sol ✅  | hz: gt=391.9954 pred=415.306 ❌
    [ 448/700]   G4 synth_lead  | midi: gt=67 pred=64 ❌  | spn: gt=G4 pred=C6 ❌  | doremi: gt=sol pred=sol# ❌  | hz: gt=391.9954 pred=1073.645829 ❌
    [ 449/700]   G4 synth_pad  | midi: gt=67 pred=65 ❌  | spn: gt=G4 pred=C6 ❌  | doremi: gt=sol pred=sol ✅  | hz: gt=391.9954 pred=493.88 ❌
    [ 450/700]   G4 clarinet  | midi: gt=67 pred=64 ❌  | spn: gt=G4 pred=C6 ❌  | doremi: gt=sol pred=sol ✅  | hz: gt=391.9954 pred=450.0 ❌
    [ 451/700]   A4 cello  | midi: gt=69 pred=64 ❌  | spn: gt=A4 pred=C6 ❌  | doremi: gt=la pred=fa# ❌  | hz: gt=440.0 pred=480.0 ❌
    [ 452/700]   A4 clarinet  | midi: gt=69 pred=64 ❌  | spn: gt=A4 pred=C6 ❌  | doremi: gt=la pred=fa# ❌  | hz: gt=440.0 pred=480.0 ❌
    [ 453/700]   A4 violin  | midi: gt=69 pred=64 ❌  | spn: gt=A4 pred=C6 ❌  | doremi: gt=la pred=fa# ❌  | hz: gt=440.0 pred=480.0 ❌
    [ 454/700]   A4 trombone  | midi: gt=69 pred=64 ❌  | spn: gt=A4 pred=C6 ❌  | doremi: gt=la pred=fa# ❌  | hz: gt=440.0 pred=415.306 ❌
    [ 455/700]   A4 trumpet  | midi: gt=69 pred=64 ❌  | spn: gt=A4 pred=C6 ❌  | doremi: gt=la pred=fa# ❌  | hz: gt=440.0 pred=435.0 ❌
    [ 456/700]   A4 piano  | midi: gt=69 pred=63 ❌  | spn: gt=A4 pred=C6 ❌  | doremi: gt=la pred=fa# ❌  | hz: gt=440.0 pred=450.0 ❌
    [ 457/700]   A4 guitar  | midi: gt=69 pred=69 ✅  | spn: gt=A4 pred=None ❌  | doremi: gt=la pred=sol ❌  | hz: gt=440.0 pred=450.0 ❌
    [ 458/700]   A4 cello  | midi: gt=69 pred=68 ❌  | spn: gt=A4 pred=B4 ❌  | doremi: gt=la pred=sol ❌  | hz: gt=440.0 pred=465.0 ❌
    [ 459/700]   A4 violin  | midi: gt=69 pred=69 ✅  | spn: gt=A4 pred=C6 ❌  | doremi: gt=la pred=sol ❌  | hz: gt=440.0 pred=465.31 ❌
    [ 460/700]   A4 clarinet  | midi: gt=69 pred=69 ✅  | spn: gt=A4 pred=A4 ✅  | doremi: gt=la pred=fa# ❌  | hz: gt=440.0 pred=450.0 ❌
    [ 461/700]   A4 electric_keyboard  | midi: gt=69 pred=69 ✅  | spn: gt=A4 pred=None ❌  | doremi: gt=la pred=sol ❌  | hz: gt=440.0 pred=5760.0 ❌
    [ 462/700]   A4 trombone  | midi: gt=69 pred=69 ✅  | spn: gt=A4 pred=A4 ✅  | doremi: gt=la pred=sol ❌  | hz: gt=440.0 pred=450.0 ❌
    [ 463/700]   A4 violin  | midi: gt=69 pred=69 ✅  | spn: gt=A4 pred=A4 ✅  | doremi: gt=la pred=sol ❌  | hz: gt=440.0 pred=450.0 ❌
    [ 464/700]   A4 sine  | midi: gt=69 pred=69 ✅  | spn: gt=A4 pred=C6 ❌  | doremi: gt=la pred=sol ❌  | hz: gt=440.0 pred=1050.0 ❌
    [ 465/700]   A4 piano  | midi: gt=69 pred=68 ❌  | spn: gt=A4 pred=A4 ✅  | doremi: gt=la pred=sol ❌  | hz: gt=440.0 pred=450.0 ❌
    [ 466/700]   A4 trombone  | midi: gt=69 pred=69 ✅  | spn: gt=A4 pred=A4 ✅  | doremi: gt=la pred=sol ❌  | hz: gt=440.0 pred=649.51 ❌
    [ 467/700]   A4 guitar  | midi: gt=69 pred=69 ✅  | spn: gt=A4 pred=A4 ✅  | doremi: gt=la pred=sol ❌  | hz: gt=440.0 pred=450.0 ❌
    [ 468/700]   A4 cello  | midi: gt=69 pred=69 ✅  | spn: gt=A4 pred=B4 ❌  | doremi: gt=la pred=sol# ❌  | hz: gt=440.0 pred=460.0 ❌
    [ 469/700]   A4 clarinet  | midi: gt=69 pred=69 ✅  | spn: gt=A4 pred=A4 ✅  | doremi: gt=la pred=fa# ❌  | hz: gt=440.0 pred=695.0 ❌
    [ 470/700]   A4 flute  | midi: gt=69 pred=69 ✅  | spn: gt=A4 pred=A4 ✅  | doremi: gt=la pred=fa# ❌  | hz: gt=440.0 pred=450.0 ❌
    [ 471/700]   A4 organ  | midi: gt=69 pred=64 ❌  | spn: gt=A4 pred=C6 ❌  | doremi: gt=la pred=fa# ❌  | hz: gt=440.0 pred=415.306 ❌
    [ 472/700]   A4 voice  | midi: gt=69 pred=64 ❌  | spn: gt=A4 pred=C6 ❌  | doremi: gt=la pred=fa# ❌  | hz: gt=440.0 pred=415.306 ❌
    [ 473/700]   A4 guitar  | midi: gt=69 pred=64 ❌  | spn: gt=A4 pred=C6 ❌  | doremi: gt=la pred=fa# ❌  | hz: gt=440.0 pred=435.0 ❌
    [ 474/700]   A4 bass  | midi: gt=69 pred=64 ❌  | spn: gt=A4 pred=C6 ❌  | doremi: gt=la pred=fa# ❌  | hz: gt=440.0 pred=435.0 ❌
    [ 475/700]   A4 violin  | midi: gt=69 pred=64 ❌  | spn: gt=A4 pred=C6 ❌  | doremi: gt=la pred=fa# ❌  | hz: gt=440.0 pred=435.0 ❌
    [ 476/700]   A4 electric_keyboard  | midi: gt=69 pred=69 ✅  | spn: gt=A4 pred=None ❌  | doremi: gt=la pred=mi ❌  | hz: gt=440.0 pred=695.0 ❌
    [ 477/700]   A4 square  | midi: gt=69 pred=69 ✅  | spn: gt=A4 pred=A4 ✅  | doremi: gt=la pred=sol ❌  | hz: gt=440.0 pred=450.0 ❌
    [ 478/700]   A4 trombone  | midi: gt=69 pred=69 ✅  | spn: gt=A4 pred=C6 ❌  | doremi: gt=la pred=re ❌  | hz: gt=440.0 pred=645.0 ❌
    [ 479/700]   A4 clarinet  | midi: gt=69 pred=69 ✅  | spn: gt=A4 pred=E4 ❌  | doremi: gt=la pred=mi ❌  | hz: gt=440.0 pred=695.0 ❌
    [ 480/700]   A4 sawtooth  | midi: gt=69 pred=69 ✅  | spn: gt=A4 pred=A4 ✅  | doremi: gt=la pred=sol ❌  | hz: gt=440.0 pred=450.0 ❌
    [ 481/700]   A4 flute  | midi: gt=69 pred=64 ❌  | spn: gt=A4 pred=C6 ❌  | doremi: gt=la pred=fa# ❌  | hz: gt=440.0 pred=435.0 ❌
    [ 482/700]   A4 trombone  | midi: gt=69 pred=64 ❌  | spn: gt=A4 pred=C6 ❌  | doremi: gt=la pred=fa# ❌  | hz: gt=440.0 pred=435.0 ❌
    [ 483/700]   A4 voice  | midi: gt=69 pred=64 ❌  | spn: gt=A4 pred=C6 ❌  | doremi: gt=la pred=fa# ❌  | hz: gt=440.0 pred=435.0 ❌
    [ 484/700]   A4 guitar  | midi: gt=69 pred=64 ❌  | spn: gt=A4 pred=C6 ❌  | doremi: gt=la pred=fa# ❌  | hz: gt=440.0 pred=415.306 ❌
    [ 485/700]   A4 square  | midi: gt=69 pred=64 ❌  | spn: gt=A4 pred=C6 ❌  | doremi: gt=la pred=fa# ❌  | hz: gt=440.0 pred=435.0 ❌
    [ 486/700]   A4 sine  | midi: gt=69 pred=64 ❌  | spn: gt=A4 pred=C6 ❌  | doremi: gt=la pred=fa# ❌  | hz: gt=440.0 pred=480.0 ❌
    [ 487/700]   A4 sawtooth  | midi: gt=69 pred=64 ❌  | spn: gt=A4 pred=C6 ❌  | doremi: gt=la pred=fa# ❌  | hz: gt=440.0 pred=1052.63 ❌
    [ 488/700]   A4 flute  | midi: gt=69 pred=64 ❌  | spn: gt=A4 pred=C6 ❌  | doremi: gt=la pred=fa# ❌  | hz: gt=440.0 pred=415.306 ❌
    [ 489/700]   A4 bass  | midi: gt=69 pred=64 ❌  | spn: gt=A4 pred=C6 ❌  | doremi: gt=la pred=fa# ❌  | hz: gt=440.0 pred=435.0 ❌
    [ 490/700]   A4 trombone  | midi: gt=69 pred=64 ❌  | spn: gt=A4 pred=C6 ❌  | doremi: gt=la pred=sol ❌  | hz: gt=440.0 pred=460.0 ❌
    [ 491/700]   A4 square  | midi: gt=69 pred=69 ✅  | spn: gt=A4 pred=A6 ❌  | doremi: gt=la pred=sol ❌  | hz: gt=440.0 pred=1058.37 ❌
    [ 492/700]   A4 organ  | midi: gt=69 pred=69 ✅  | spn: gt=A4 pred=None ❌  | doremi: gt=la pred=sol ❌  | hz: gt=440.0 pred=693.0 ❌
    [ 493/700]   A4 cello  | midi: gt=69 pred=69 ✅  | spn: gt=A4 pred=A4 ✅  | doremi: gt=la pred=sol ❌  | hz: gt=440.0 pred=435.0 ❌
    [ 494/700]   A4 guitar  | midi: gt=69 pred=69 ✅  | spn: gt=A4 pred=A7 ❌  | doremi: gt=la pred=sol ❌  | hz: gt=440.0 pred=450.0 ❌
    [ 495/700]   A4 oboe  | midi: gt=69 pred=69 ✅  | spn: gt=A4 pred=A4 ✅  | doremi: gt=la pred=sol ❌  | hz: gt=440.0 pred=693.0 ❌
    [ 496/700]   A4 violin  | midi: gt=69 pred=69 ✅  | spn: gt=A4 pred=A6 ❌  | doremi: gt=la pred=sol ❌  | hz: gt=440.0 pred=1073.65 ❌
    [ 497/700]   A4 bass  | midi: gt=69 pred=69 ✅  | spn: gt=A4 pred=C6 ❌  | doremi: gt=la pred=sol ❌  | hz: gt=440.0 pred=450.0 ❌
    [ 498/700]   A4 voice  | midi: gt=69 pred=69 ✅  | spn: gt=A4 pred=None ❌  | doremi: gt=la pred=sol# ❌  | hz: gt=440.0 pred=480.0 ❌
    [ 499/700]   A4 flute  | midi: gt=69 pred=69 ✅  | spn: gt=A4 pred=A4 ✅  | doremi: gt=la pred=sol ❌  | hz: gt=440.0 pred=480.0 ❌
    [ 500/700]   A4 square  | midi: gt=69 pred=69 ✅  | spn: gt=A4 pred=A6 ❌  | doremi: gt=la pred=sol ❌  | hz: gt=440.0 pred=1000.0 ❌
    [ 501/700]  C#5 sine  | midi: gt=73 pred=64 ❌  | spn: gt=C#5 pred=C6 ❌  | doremi: gt=do# pred=fa# ❌  | hz: gt=554.3653 pred=415.306 ❌
    [ 502/700]  C#5 triangle  | midi: gt=73 pred=64 ❌  | spn: gt=C#5 pred=C6 ❌  | doremi: gt=do# pred=fa# ❌  | hz: gt=554.3653 pred=435.0 ❌
    [ 503/700]  C#5 cello  | midi: gt=73 pred=64 ❌  | spn: gt=C#5 pred=C6 ❌  | doremi: gt=do# pred=fa# ❌  | hz: gt=554.3653 pred=480.0 ❌
    [ 504/700]  C#5 flute  | midi: gt=73 pred=64 ❌  | spn: gt=C#5 pred=C6 ❌  | doremi: gt=do# pred=fa# ❌  | hz: gt=554.3653 pred=480.0 ❌
    [ 505/700]  C#5 square  | midi: gt=73 pred=64 ❌  | spn: gt=C#5 pred=C6 ❌  | doremi: gt=do# pred=fa# ❌  | hz: gt=554.3653 pred=480.0 ❌
    [ 506/700]  C#5 synth_lead  | midi: gt=73 pred=68 ❌  | spn: gt=C#5 pred=C6 ❌  | doremi: gt=do# pred=sol# ❌  | hz: gt=554.3653 pred=1075.0 ❌
    [ 507/700]  C#5 organ  | midi: gt=73 pred=68 ❌  | spn: gt=C#5 pred=C6 ❌  | doremi: gt=do# pred=sol# ❌  | hz: gt=554.3653 pred=671.025 ❌
    [ 508/700]  C#5 sawtooth  | midi: gt=73 pred=65 ❌  | spn: gt=C#5 pred=C6 ❌  | doremi: gt=do# pred=fa# ❌  | hz: gt=554.3653 pred=480.0 ❌
    [ 509/700]  C#5 flute  | midi: gt=73 pred=68 ❌  | spn: gt=C#5 pred=C6 ❌  | doremi: gt=do# pred=fa# ❌  | hz: gt=554.3653 pred=480.0 ❌
    [ 510/700]  C#5 synth_pad  | midi: gt=73 pred=69 ❌  | spn: gt=C#5 pred=C6 ❌  | doremi: gt=do# pred=sol# ❌  | hz: gt=554.3653 pred=605.38 ❌
    [ 511/700]  C#5 triangle  | midi: gt=73 pred=63 ❌  | spn: gt=C#5 pred=C6 ❌  | doremi: gt=do# pred=sol ❌  | hz: gt=554.3653 pred=480.0 ❌
    [ 512/700]  C#5 organ  | midi: gt=73 pred=68 ❌  | spn: gt=C#5 pred=C6 ❌  | doremi: gt=do# pred=sol# ❌  | hz: gt=554.3653 pred=480.0 ❌
    [ 513/700]  C#5 piano  | midi: gt=73 pred=48 ❌  | spn: gt=C#5 pred=C6 ❌  | doremi: gt=do# pred=sol# ❌  | hz: gt=554.3653 pred=107.86 ❌
    [ 514/700]  C#5 synth_pad  | midi: gt=73 pred=69 ❌  | spn: gt=C#5 pred=C6 ❌  | doremi: gt=do# pred=sol# ❌  | hz: gt=554.3653 pred=1034.52 ❌
    [ 515/700]  C#5 clarinet  | midi: gt=73 pred=68 ❌  | spn: gt=C#5 pred=C6 ❌  | doremi: gt=do# pred=sol ❌  | hz: gt=554.3653 pred=605.0 ❌
    [ 516/700]  C#5 synth_lead  | midi: gt=73 pred=68 ❌  | spn: gt=C#5 pred=C6 ❌  | doremi: gt=do# pred=sol# ❌  | hz: gt=554.3653 pred=1053.64 ❌
    [ 517/700]  C#5 synth_pad  | midi: gt=73 pred=69 ❌  | spn: gt=C#5 pred=C6 ❌  | doremi: gt=do# pred=sol# ❌  | hz: gt=554.3653 pred=605.0 ❌
    [ 518/700]  C#5 clarinet  | midi: gt=73 pred=68 ❌  | spn: gt=C#5 pred=C6 ❌  | doremi: gt=do# pred=mi ❌  | hz: gt=554.3653 pred=680.0 ❌
    [ 519/700]  C#5 organ  | midi: gt=73 pred=85 ❌  | spn: gt=C#5 pred=C6 ❌  | doremi: gt=do# pred=sol# ❌  | hz: gt=554.3653 pred=680.0 ❌
    [ 520/700]  C#5 trombone  | midi: gt=73 pred=68 ❌  | spn: gt=C#5 pred=C6 ❌  | doremi: gt=do# pred=sol ❌  | hz: gt=554.3653 pred=675.0 ❌
    [ 521/700]  C#5 synth_lead  | midi: gt=73 pred=64 ❌  | spn: gt=C#5 pred=C6 ❌  | doremi: gt=do# pred=fa# ❌  | hz: gt=554.3653 pred=415.306 ❌
    [ 522/700]  C#5 cello  | midi: gt=73 pred=64 ❌  | spn: gt=C#5 pred=C6 ❌  | doremi: gt=do# pred=fa# ❌  | hz: gt=554.3653 pred=460.0 ❌
    [ 523/700]  C#5 organ  | midi: gt=73 pred=64 ❌  | spn: gt=C#5 pred=C6 ❌  | doremi: gt=do# pred=fa# ❌  | hz: gt=554.3653 pred=415.306 ❌
    [ 524/700]  C#5 electric_keyboard  | midi: gt=73 pred=64 ❌  | spn: gt=C#5 pred=C6 ❌  | doremi: gt=do# pred=fa# ❌  | hz: gt=554.3653 pred=480.0 ❌
    [ 525/700]  C#5 oboe  | midi: gt=73 pred=64 ❌  | spn: gt=C#5 pred=C6 ❌  | doremi: gt=do# pred=fa# ❌  | hz: gt=554.3653 pred=415.306 ❌
    [ 526/700]  C#5 bass  | midi: gt=73 pred=73 ✅  | spn: gt=C#5 pred=C6 ❌  | doremi: gt=do# pred=mi ❌  | hz: gt=554.3653 pred=73.0 ❌
    [ 527/700]  C#5 organ  | midi: gt=73 pred=61 ❌  | spn: gt=C#5 pred=C6 ❌  | doremi: gt=do# pred=sol ❌  | hz: gt=554.3653 pred=61.0 ❌
    [ 528/700]  C#5 trumpet  | midi: gt=73 pred=73 ✅  | spn: gt=C#5 pred=C6 ❌  | doremi: gt=do# pred=sol ❌  | hz: gt=554.3653 pred=7200.0 ❌
    [ 529/700]  C#5 flute  | midi: gt=73 pred=73 ✅  | spn: gt=C#5 pred=C6 ❌  | doremi: gt=do# pred=si ❌  | hz: gt=554.3653 pred=7200.0 ❌
    [ 530/700]  C#5 cello  | midi: gt=73 pred=73 ✅  | spn: gt=C#5 pred=C6 ❌  | doremi: gt=do# pred=si ❌  | hz: gt=554.3653 pred=7200.0 ❌
    [ 531/700]  C#5 trumpet  | midi: gt=73 pred=64 ❌  | spn: gt=C#5 pred=C6 ❌  | doremi: gt=do# pred=fa# ❌  | hz: gt=554.3653 pred=415.306 ❌
    [ 532/700]  C#5 synth_lead  | midi: gt=73 pred=64 ❌  | spn: gt=C#5 pred=C6 ❌  | doremi: gt=do# pred=fa# ❌  | hz: gt=554.3653 pred=435.0 ❌
    [ 533/700]  C#5 bass  | midi: gt=73 pred=64 ❌  | spn: gt=C#5 pred=C6 ❌  | doremi: gt=do# pred=fa# ❌  | hz: gt=554.3653 pred=435.0 ❌
    [ 534/700]  C#5 flute  | midi: gt=73 pred=64 ❌  | spn: gt=C#5 pred=C6 ❌  | doremi: gt=do# pred=fa# ❌  | hz: gt=554.3653 pred=435.0 ❌
    [ 535/700]  C#5 piano  | midi: gt=73 pred=64 ❌  | spn: gt=C#5 pred=C6 ❌  | doremi: gt=do# pred=fa# ❌  | hz: gt=554.3653 pred=435.0 ❌
    [ 536/700]  C#5 organ  | midi: gt=73 pred=64 ❌  | spn: gt=C#5 pred=C6 ❌  | doremi: gt=do# pred=fa# ❌  | hz: gt=554.3653 pred=460.0 ❌
    [ 537/700]  C#5 square  | midi: gt=73 pred=64 ❌  | spn: gt=C#5 pred=C6 ❌  | doremi: gt=do# pred=fa# ❌  | hz: gt=554.3653 pred=480.0 ❌
    [ 538/700]  C#5 trombone  | midi: gt=73 pred=68 ❌  | spn: gt=C#5 pred=C6 ❌  | doremi: gt=do# pred=fa# ❌  | hz: gt=554.3653 pred=465.0 ❌
    [ 539/700]  C#5 flute  | midi: gt=73 pred=68 ❌  | spn: gt=C#5 pred=C6 ❌  | doremi: gt=do# pred=fa# ❌  | hz: gt=554.3653 pred=415.306 ❌
    [ 540/700]  C#5 piano  | midi: gt=73 pred=64 ❌  | spn: gt=C#5 pred=C6 ❌  | doremi: gt=do# pred=fa# ❌  | hz: gt=554.3653 pred=465.0 ❌
    [ 541/700]  C#5 clarinet  | midi: gt=73 pred=68 ❌  | spn: gt=C#5 pred=C6 ❌  | doremi: gt=do# pred=sol ❌  | hz: gt=554.3653 pred=605.0 ❌
    [ 542/700]  C#5 voice  | midi: gt=73 pred=68 ❌  | spn: gt=C#5 pred=C6 ❌  | doremi: gt=do# pred=sol# ❌  | hz: gt=554.3653 pred=605.0 ❌
    [ 543/700]  C#5 square  | midi: gt=73 pred=63 ❌  | spn: gt=C#5 pred=C6 ❌  | doremi: gt=do# pred=sol ❌  | hz: gt=554.3653 pred=450.0 ❌
    [ 544/700]  C#5 piano  | midi: gt=73 pred=68 ❌  | spn: gt=C#5 pred=A#6 ❌  | doremi: gt=do# pred=fa# ❌  | hz: gt=554.3653 pred=480.0 ❌
    [ 545/700]  C#5 synth_lead  | midi: gt=73 pred=68 ❌  | spn: gt=C#5 pred=C6 ❌  | doremi: gt=do# pred=sol ❌  | hz: gt=554.3653 pred=480.0 ❌
    [ 546/700]  C#5 flute  | midi: gt=73 pred=65 ❌  | spn: gt=C#5 pred=C6 ❌  | doremi: gt=do# pred=sol# ❌  | hz: gt=554.3653 pred=1073.645829 ❌
    [ 547/700]  C#5 violin  | midi: gt=73 pred=68 ❌  | spn: gt=C#5 pred=C6 ❌  | doremi: gt=do# pred=sol# ❌  | hz: gt=554.3653 pred=1073.645829 ❌
    [ 548/700]  C#5 piano  | midi: gt=73 pred=63 ❌  | spn: gt=C#5 pred=C6 ❌  | doremi: gt=do# pred=fa# ❌  | hz: gt=554.3653 pred=435.89 ❌
    [ 549/700]  C#5 guitar  | midi: gt=73 pred=63 ❌  | spn: gt=C#5 pred=C6 ❌  | doremi: gt=do# pred=sol ❌  | hz: gt=554.3653 pred=480.0 ❌
    [ 550/700]  C#5 sawtooth  | midi: gt=73 pred=63 ❌  | spn: gt=C#5 pred=C6 ❌  | doremi: gt=do# pred=sol# ❌  | hz: gt=554.3653 pred=1024.0 ❌
    [ 551/700]   E5 cello  | midi: gt=76 pred=64 ❌  | spn: gt=E5 pred=C6 ❌  | doremi: gt=mi pred=fa# ❌  | hz: gt=659.2551 pred=480.0 ❌
    [ 552/700]   E5 voice  | midi: gt=76 pred=64 ❌  | spn: gt=E5 pred=C6 ❌  | doremi: gt=mi pred=fa# ❌  | hz: gt=659.2551 pred=480.0 ❌
    [ 553/700]   E5 clarinet  | midi: gt=76 pred=64 ❌  | spn: gt=E5 pred=C6 ❌  | doremi: gt=mi pred=fa# ❌  | hz: gt=659.2551 pred=4350.0 ❌
    [ 554/700]   E5 organ  | midi: gt=76 pred=64 ❌  | spn: gt=E5 pred=C6 ❌  | doremi: gt=mi pred=fa# ❌  | hz: gt=659.2551 pred=435.0 ❌
    [ 555/700]   E5 guitar  | midi: gt=76 pred=64 ❌  | spn: gt=E5 pred=C6 ❌  | doremi: gt=mi pred=fa# ❌  | hz: gt=659.2551 pred=435.0 ❌
    [ 556/700]   E5 sawtooth  | midi: gt=76 pred=65 ❌  | spn: gt=E5 pred=C6 ❌  | doremi: gt=mi pred=fa# ❌  | hz: gt=659.2551 pred=1073.64582 ❌
    [ 557/700]   E5 guitar  | midi: gt=76 pred=64 ❌  | spn: gt=E5 pred=C6 ❌  | doremi: gt=mi pred=sol ❌  | hz: gt=659.2551 pred=493.88 ❌
    [ 558/700]   E5 cello  | midi: gt=76 pred=68 ❌  | spn: gt=E5 pred=B6 ❌  | doremi: gt=mi pred=sol# ❌  | hz: gt=659.2551 pred=460.0 ❌
    [ 559/700]   E5 violin  | midi: gt=76 pred=68 ❌  | spn: gt=E5 pred=C6 ❌  | doremi: gt=mi pred=sol# ❌  | hz: gt=659.2551 pred=1046.53 ❌
    [ 560/700]   E5 organ  | midi: gt=76 pred=69 ❌  | spn: gt=E5 pred=C6 ❌  | doremi: gt=mi pred=sol# ❌  | hz: gt=659.2551 pred=460.0 ❌
    [ 561/700]   E5 voice  | midi: gt=76 pred=64 ❌  | spn: gt=E5 pred=E6 ❌  | doremi: gt=mi pred=sol# ❌  | hz: gt=659.2551 pred=600.0 ❌
    [ 562/700]   E5 sine  | midi: gt=76 pred=63 ❌  | spn: gt=E5 pred=C6 ❌  | doremi: gt=mi pred=sol ❌  | hz: gt=659.2551 pred=1050.0 ❌
    [ 563/700]   E5 violin  | midi: gt=76 pred=64 ❌  | spn: gt=E5 pred=E6 ❌  | doremi: gt=mi pred=sol ❌  | hz: gt=659.2551 pred=480.0 ❌
    [ 564/700]   E5 bass  | midi: gt=76 pred=64 ❌  | spn: gt=E5 pred=C6 ❌  | doremi: gt=mi pred=sol# ❌  | hz: gt=659.2551 pred=700.0 ❌
    [ 565/700]   E5 synth_pad  | midi: gt=76 pred=69 ❌  | spn: gt=E5 pred=C6 ❌  | doremi: gt=mi pred=sol ❌  | hz: gt=659.2551 pred=1034.52 ❌
    [ 566/700]   E5 oboe  | midi: gt=76 pred=76 ✅  | spn: gt=E5 pred=C6 ❌  | doremi: gt=mi pred=sol ❌  | hz: gt=659.2551 pred=700.0 ❌
    [ 567/700]   E5 trombone  | midi: gt=76 pred=64 ❌  | spn: gt=E5 pred=A#6 ❌  | doremi: gt=mi pred=sol ❌  | hz: gt=659.2551 pred=680.0 ❌
    [ 568/700]   E5 violin  | midi: gt=76 pred=64 ❌  | spn: gt=E5 pred=C6 ❌  | doremi: gt=mi pred=sol# ❌  | hz: gt=659.2551 pred=1046.53 ❌
    [ 569/700]   E5 cello  | midi: gt=76 pred=64 ❌  | spn: gt=E5 pred=E6 ❌  | doremi: gt=mi pred=sol# ❌  | hz: gt=659.2551 pred=701.0 ❌
    [ 570/700]   E5 trumpet  | midi: gt=76 pred=69 ❌  | spn: gt=E5 pred=A#6 ❌  | doremi: gt=mi pred=sol ❌  | hz: gt=659.2551 pred=695.0 ❌
    [ 571/700]   E5 synth_pad  | midi: gt=76 pred=64 ❌  | spn: gt=E5 pred=C6 ❌  | doremi: gt=mi pred=fa# ❌  | hz: gt=659.2551 pred=480.0 ❌
    [ 572/700]   E5 flute  | midi: gt=76 pred=64 ❌  | spn: gt=E5 pred=C6 ❌  | doremi: gt=mi pred=fa# ❌  | hz: gt=659.2551 pred=415.306 ❌
    [ 573/700]   E5 bass  | midi: gt=76 pred=64 ❌  | spn: gt=E5 pred=C6 ❌  | doremi: gt=mi pred=fa# ❌  | hz: gt=659.2551 pred=435.0 ❌
    [ 574/700]   E5 voice  | midi: gt=76 pred=64 ❌  | spn: gt=E5 pred=C6 ❌  | doremi: gt=mi pred=fa# ❌  | hz: gt=659.2551 pred=480.0 ❌
    [ 575/700]   E5 piano  | midi: gt=76 pred=64 ❌  | spn: gt=E5 pred=C6 ❌  | doremi: gt=mi pred=fa# ❌  | hz: gt=659.2551 pred=435.0 ❌
    [ 576/700]   E5 cello  | midi: gt=76 pred=76 ✅  | spn: gt=E5 pred=C7 ❌  | doremi: gt=mi pred=sol ❌  | hz: gt=659.2551 pred=700.0 ❌
    [ 577/700]   E5 bass  | midi: gt=76 pred=76 ✅  | spn: gt=E5 pred=C7 ❌  | doremi: gt=mi pred=sol# ❌  | hz: gt=659.2551 pred=7680.0 ❌
    [ 578/700]   E5 sine  | midi: gt=76 pred=69 ❌  | spn: gt=E5 pred=C6 ❌  | doremi: gt=mi pred=sol ❌  | hz: gt=659.2551 pred=671.08 ❌
    [ 579/700]   E5 violin  | midi: gt=76 pred=76 ✅  | spn: gt=E5 pred=B7 ❌  | doremi: gt=mi pred=si ❌  | hz: gt=659.2551 pred=700.0 ❌
    [ 580/700]   E5 electric_keyboard  | midi: gt=76 pred=76 ✅  | spn: gt=E5 pred=C7 ❌  | doremi: gt=mi pred=mi ✅  | hz: gt=659.2551 pred=760.0 ❌
    [ 581/700]   E5 violin  | midi: gt=76 pred=64 ❌  | spn: gt=E5 pred=C6 ❌  | doremi: gt=mi pred=fa# ❌  | hz: gt=659.2551 pred=435.0 ❌
    [ 582/700]   E5 electric_keyboard  | midi: gt=76 pred=64 ❌  | spn: gt=E5 pred=C6 ❌  | doremi: gt=mi pred=fa# ❌  | hz: gt=659.2551 pred=435.0 ❌
    [ 583/700]   E5 organ  | midi: gt=76 pred=64 ❌  | spn: gt=E5 pred=C6 ❌  | doremi: gt=mi pred=fa# ❌  | hz: gt=659.2551 pred=415.306 ❌
    [ 584/700]   E5 piano  | midi: gt=76 pred=64 ❌  | spn: gt=E5 pred=C6 ❌  | doremi: gt=mi pred=fa# ❌  | hz: gt=659.2551 pred=435.0 ❌
    [ 585/700]   E5 trombone  | midi: gt=76 pred=64 ❌  | spn: gt=E5 pred=C6 ❌  | doremi: gt=mi pred=fa# ❌  | hz: gt=659.2551 pred=435.0 ❌
    [ 586/700]   E5 synth_pad  | midi: gt=76 pred=69 ❌  | spn: gt=E5 pred=C6 ❌  | doremi: gt=mi pred=fa# ❌  | hz: gt=659.2551 pred=493.88 ❌
    [ 587/700]   E5 sine  | midi: gt=76 pred=64 ❌  | spn: gt=E5 pred=C6 ❌  | doremi: gt=mi pred=fa# ❌  | hz: gt=659.2551 pred=1076.52 ❌
    [ 588/700]   E5 violin  | midi: gt=76 pred=65 ❌  | spn: gt=E5 pred=C6 ❌  | doremi: gt=mi pred=fa# ❌  | hz: gt=659.2551 pred=415.306 ❌
    [ 589/700]   E5 voice  | midi: gt=76 pred=68 ❌  | spn: gt=E5 pred=C6 ❌  | doremi: gt=mi pred=fa# ❌  | hz: gt=659.2551 pred=1046.53 ❌
    [ 590/700]   E5 sawtooth  | midi: gt=76 pred=64 ❌  | spn: gt=E5 pred=C6 ❌  | doremi: gt=mi pred=fa# ❌  | hz: gt=659.2551 pred=480.0 ❌
    [ 591/700]   E5 cello  | midi: gt=76 pred=64 ❌  | spn: gt=E5 pred=E6 ❌  | doremi: gt=mi pred=sol ❌  | hz: gt=659.2551 pred=64.0 ❌
    [ 592/700]   E5 piano  | midi: gt=76 pred=68 ❌  | spn: gt=E5 pred=C6 ❌  | doremi: gt=mi pred=sol# ❌  | hz: gt=659.2551 pred=70.0 ❌
    [ 593/700]   E5 organ  | midi: gt=76 pred=64 ❌  | spn: gt=E5 pred=E6 ❌  | doremi: gt=mi pred=sol ❌  | hz: gt=659.2551 pred=640.0 ❌
    [ 594/700]   E5 electric_keyboard  | midi: gt=76 pred=76 ✅  | spn: gt=E5 pred=B7 ❌  | doremi: gt=mi pred=fa# ❌  | hz: gt=659.2551 pred=7680.0 ❌
    [ 595/700]   E5 sine  | midi: gt=76 pred=68 ❌  | spn: gt=E5 pred=C6 ❌  | doremi: gt=mi pred=sol ❌  | hz: gt=659.2551 pred=1050.0 ❌
    [ 596/700]   E5 trumpet  | midi: gt=76 pred=69 ❌  | spn: gt=E5 pred=C6 ❌  | doremi: gt=mi pred=sol ❌  | hz: gt=659.2551 pred=1073.64 ❌
    [ 597/700]   E5 violin  | midi: gt=76 pred=69 ❌  | spn: gt=E5 pred=C6 ❌  | doremi: gt=mi pred=sol# ❌  | hz: gt=659.2551 pred=1046.53 ❌
    [ 598/700]   E5 clarinet  | midi: gt=76 pred=69 ❌  | spn: gt=E5 pred=E6 ❌  | doremi: gt=mi pred=sol ❌  | hz: gt=659.2551 pred=450.0 ❌
    [ 599/700]   E5 guitar  | midi: gt=76 pred=64 ❌  | spn: gt=E5 pred=C6 ❌  | doremi: gt=mi pred=sol ❌  | hz: gt=659.2551 pred=493.88 ❌
    [ 600/700]   E5 flute  | midi: gt=76 pred=69 ❌  | spn: gt=E5 pred=C6 ❌  | doremi: gt=mi pred=sol ❌  | hz: gt=659.2551 pred=1073.645829 ❌
    [ 601/700]   G5 clarinet  | midi: gt=79 pred=64 ❌  | spn: gt=G5 pred=C6 ❌  | doremi: gt=sol pred=fa# ❌  | hz: gt=783.9909 pred=435.0 ❌
    [ 602/700]   G5 voice  | midi: gt=79 pred=64 ❌  | spn: gt=G5 pred=C6 ❌  | doremi: gt=sol pred=fa# ❌  | hz: gt=783.9909 pred=435.0 ❌
    [ 603/700]   G5 violin  | midi: gt=79 pred=64 ❌  | spn: gt=G5 pred=C6 ❌  | doremi: gt=sol pred=fa# ❌  | hz: gt=783.9909 pred=480.0 ❌
    [ 604/700]   G5 trumpet  | midi: gt=79 pred=64 ❌  | spn: gt=G5 pred=C6 ❌  | doremi: gt=sol pred=fa# ❌  | hz: gt=783.9909 pred=480.0 ❌
    [ 605/700]   G5 synth_lead  | midi: gt=79 pred=64 ❌  | spn: gt=G5 pred=C6 ❌  | doremi: gt=sol pred=fa# ❌  | hz: gt=783.9909 pred=480.0 ❌
    [ 606/700]   G5 cello  | midi: gt=79 pred=68 ❌  | spn: gt=G5 pred=C6 ❌  | doremi: gt=sol pred=sol ✅  | hz: gt=783.9909 pred=460.0 ❌
    [ 607/700]   G5 trumpet  | midi: gt=79 pred=69 ❌  | spn: gt=G5 pred=G6 ❌  | doremi: gt=sol pred=sol ✅  | hz: gt=783.9909 pred=659.28 ❌
    [ 608/700]   G5 square  | midi: gt=79 pred=65 ❌  | spn: gt=G5 pred=A6 ❌  | doremi: gt=sol pred=fa# ❌  | hz: gt=783.9909 pred=1046.53 ❌
    [ 609/700]   G5 bass  | midi: gt=79 pred=69 ❌  | spn: gt=G5 pred=G6 ❌  | doremi: gt=sol pred=sol ✅  | hz: gt=783.9909 pred=745.0 ❌
    [ 610/700]   G5 sine  | midi: gt=79 pred=68 ❌  | spn: gt=G5 pred=C6 ❌  | doremi: gt=sol pred=sol ✅  | hz: gt=783.9909 pred=1073.825 ❌
    [ 611/700]   G5 synth_pad  | midi: gt=79 pred=65 ❌  | spn: gt=G5 pred=C6 ❌  | doremi: gt=sol pred=sol ✅  | hz: gt=783.9909 pred=1073.65 ❌
    [ 612/700]   G5 sawtooth  | midi: gt=79 pred=63 ❌  | spn: gt=G5 pred=C6 ❌  | doremi: gt=sol pred=sol ✅  | hz: gt=783.9909 pred=450.0 ❌
    [ 613/700]   G5 oboe  | midi: gt=79 pred=68 ❌  | spn: gt=G5 pred=C6 ❌  | doremi: gt=sol pred=sol ✅  | hz: gt=783.9909 pred=659.3 ❌
    [ 614/700]   G5 flute  | midi: gt=79 pred=68 ❌  | spn: gt=G5 pred=C6 ❌  | doremi: gt=sol pred=sol ✅  | hz: gt=783.9909 pred=1760.0 ❌
    [ 615/700]   G5 clarinet  | midi: gt=79 pred=68 ❌  | spn: gt=G5 pred=C6 ❌  | doremi: gt=sol pred=sol ✅  | hz: gt=783.9909 pred=450.0 ❌
    [ 616/700]   G5 square  | midi: gt=79 pred=68 ❌  | spn: gt=G5 pred=A6 ❌  | doremi: gt=sol pred=sol ✅  | hz: gt=783.9909 pred=1058.37 ❌
    [ 617/700]   G5 sawtooth  | midi: gt=79 pred=65 ❌  | spn: gt=G5 pred=A6 ❌  | doremi: gt=sol pred=sol ✅  | hz: gt=783.9909 pred=1075.83 ❌
    [ 618/700]   G5 sine  | midi: gt=79 pred=68 ❌  | spn: gt=G5 pred=C6 ❌  | doremi: gt=sol pred=sol ✅  | hz: gt=783.9909 pred=1052.63 ❌
    [ 619/700]   G5 flute  | midi: gt=79 pred=69 ❌  | spn: gt=G5 pred=C6 ❌  | doremi: gt=sol pred=fa# ❌  | hz: gt=783.9909 pred=435.0 ❌
    [ 620/700]   G5 triangle  | midi: gt=79 pred=68 ❌  | spn: gt=G5 pred=C6 ❌  | doremi: gt=sol pred=sol ✅  | hz: gt=783.9909 pred=450.0 ❌
    [ 621/700]   G5 sine  | midi: gt=79 pred=64 ❌  | spn: gt=G5 pred=C6 ❌  | doremi: gt=sol pred=fa# ❌  | hz: gt=783.9909 pred=480.0 ❌
    [ 622/700]   G5 piano  | midi: gt=79 pred=64 ❌  | spn: gt=G5 pred=C6 ❌  | doremi: gt=sol pred=fa# ❌  | hz: gt=783.9909 pred=415.306 ❌
    [ 623/700]   G5 flute  | midi: gt=79 pred=64 ❌  | spn: gt=G5 pred=C6 ❌  | doremi: gt=sol pred=fa# ❌  | hz: gt=783.9909 pred=480.0 ❌
    [ 624/700]   G5 synth_pad  | midi: gt=79 pred=64 ❌  | spn: gt=G5 pred=C6 ❌  | doremi: gt=sol pred=fa# ❌  | hz: gt=783.9909 pred=480.0 ❌
    [ 625/700]   G5 synth_lead  | midi: gt=79 pred=64 ❌  | spn: gt=G5 pred=C6 ❌  | doremi: gt=sol pred=fa# ❌  | hz: gt=783.9909 pred=415.306 ❌
    [ 626/700]   G5 triangle  | midi: gt=79 pred=68 ❌  | spn: gt=G5 pred=C6 ❌  | doremi: gt=sol pred=sol ✅  | hz: gt=783.9909 pred=450.0 ❌
    [ 627/700]   G5 guitar  | midi: gt=79 pred=79 ✅  | spn: gt=G5 pred=G7 ❌  | doremi: gt=sol pred=re# ❌  | hz: gt=783.9909 pred=261.63 ❌
    [ 628/700]   G5 organ  | midi: gt=79 pred=67 ❌  | spn: gt=G5 pred=G6 ❌  | doremi: gt=sol pred=sol ✅  | hz: gt=783.9909 pred=790.35 ✅
    [ 629/700]   G5 trumpet  | midi: gt=79 pred=67 ❌  | spn: gt=G5 pred=G6 ❌  | doremi: gt=sol pred=sol ✅  | hz: gt=783.9909 pred=790.56 ✅
    [ 630/700]   G5 violin  | midi: gt=79 pred=79 ✅  | spn: gt=G5 pred=G6 ❌  | doremi: gt=sol pred=mi ❌  | hz: gt=783.9909 pred=793.65 ❌
    [ 631/700]   G5 oboe  | midi: gt=79 pred=64 ❌  | spn: gt=G5 pred=C6 ❌  | doremi: gt=sol pred=fa# ❌  | hz: gt=783.9909 pred=415.306 ❌
    [ 632/700]   G5 electric_keyboard  | midi: gt=79 pred=64 ❌  | spn: gt=G5 pred=C6 ❌  | doremi: gt=sol pred=fa# ❌  | hz: gt=783.9909 pred=435.0 ❌
    [ 633/700]   G5 triangle  | midi: gt=79 pred=64 ❌  | spn: gt=G5 pred=C6 ❌  | doremi: gt=sol pred=fa# ❌  | hz: gt=783.9909 pred=435.0 ❌
    [ 634/700]   G5 synth_pad  | midi: gt=79 pred=64 ❌  | spn: gt=G5 pred=C6 ❌  | doremi: gt=sol pred=fa# ❌  | hz: gt=783.9909 pred=435.0 ❌
    [ 635/700]   G5 piano  | midi: gt=79 pred=64 ❌  | spn: gt=G5 pred=C6 ❌  | doremi: gt=sol pred=fa# ❌  | hz: gt=783.9909 pred=435.0 ❌
    [ 636/700]   G5 triangle  | midi: gt=79 pred=64 ❌  | spn: gt=G5 pred=C6 ❌  | doremi: gt=sol pred=fa# ❌  | hz: gt=783.9909 pred=480.0 ❌
    [ 637/700]   G5 sine  | midi: gt=79 pred=64 ❌  | spn: gt=G5 pred=C6 ❌  | doremi: gt=sol pred=fa# ❌  | hz: gt=783.9909 pred=480.0 ❌
    [ 638/700]   G5 trombone  | midi: gt=79 pred=68 ❌  | spn: gt=G5 pred=C6 ❌  | doremi: gt=sol pred=sol ✅  | hz: gt=783.9909 pred=415.30687 ❌
    [ 639/700]   G5 violin  | midi: gt=79 pred=64 ❌  | spn: gt=G5 pred=C6 ❌  | doremi: gt=sol pred=fa# ❌  | hz: gt=783.9909 pred=415.3 ❌
    [ 640/700]   G5 guitar  | midi: gt=79 pred=64 ❌  | spn: gt=G5 pred=C6 ❌  | doremi: gt=sol pred=fa# ❌  | hz: gt=783.9909 pred=493.88 ❌
    [ 641/700]   G5 guitar  | midi: gt=79 pred=68 ❌  | spn: gt=G5 pred=C7 ❌  | doremi: gt=sol pred=fa# ❌  | hz: gt=783.9909 pred=2105.38 ❌
    [ 642/700]   G5 square  | midi: gt=79 pred=68 ❌  | spn: gt=G5 pred=F#6 ❌  | doremi: gt=sol pred=sol# ❌  | hz: gt=783.9909 pred=1074.625 ❌
    [ 643/700]   G5 flute  | midi: gt=79 pred=67 ❌  | spn: gt=G5 pred=C6 ❌  | doremi: gt=sol pred=sol ✅  | hz: gt=783.9909 pred=675.0 ❌
    [ 644/700]   G5 triangle  | midi: gt=79 pred=68 ❌  | spn: gt=G5 pred=C6 ❌  | doremi: gt=sol pred=sol ✅  | hz: gt=783.9909 pred=1058.43 ❌
    [ 645/700]   G5 oboe  | midi: gt=79 pred=69 ❌  | spn: gt=G5 pred=G6 ❌  | doremi: gt=sol pred=sol ✅  | hz: gt=783.9909 pred=6750.0 ❌
    [ 646/700]   G5 trombone  | midi: gt=79 pred=69 ❌  | spn: gt=G5 pred=C6 ❌  | doremi: gt=sol pred=sol ✅  | hz: gt=783.9909 pred=450.0 ❌
    [ 647/700]   G5 triangle  | midi: gt=79 pred=69 ❌  | spn: gt=G5 pred=C6 ❌  | doremi: gt=sol pred=sol ✅  | hz: gt=783.9909 pred=1050.0 ❌
    [ 648/700]   G5 sawtooth  | midi: gt=79 pred=65 ❌  | spn: gt=G5 pred=C6 ❌  | doremi: gt=sol pred=sol# ❌  | hz: gt=783.9909 pred=1000.0 ❌
    [ 649/700]   G5 oboe  | midi: gt=79 pred=68 ❌  | spn: gt=G5 pred=C6 ❌  | doremi: gt=sol pred=sol ✅  | hz: gt=783.9909 pred=1073.64 ❌
    [ 650/700]   G5 trumpet  | midi: gt=79 pred=68 ❌  | spn: gt=G5 pred=C6 ❌  | doremi: gt=sol pred=sol ✅  | hz: gt=783.9909 pred=1073.645829 ❌
    [ 651/700]   E6 cello  | midi: gt=88 pred=64 ❌  | spn: gt=E6 pred=C6 ❌  | doremi: gt=mi pred=fa# ❌  | hz: gt=1318.5102 pred=480.0 ❌
    [ 652/700]   E6 oboe  | midi: gt=88 pred=64 ❌  | spn: gt=E6 pred=C6 ❌  | doremi: gt=mi pred=fa# ❌  | hz: gt=1318.5102 pred=415.306 ❌
    [ 653/700]   E6 square  | midi: gt=88 pred=64 ❌  | spn: gt=E6 pred=C6 ❌  | doremi: gt=mi pred=fa# ❌  | hz: gt=1318.5102 pred=480.0 ❌
    [ 654/700]   E6 clarinet  | midi: gt=88 pred=64 ❌  | spn: gt=E6 pred=C6 ❌  | doremi: gt=mi pred=fa# ❌  | hz: gt=1318.5102 pred=430.51 ❌
    [ 655/700]   E6 sine  | midi: gt=88 pred=64 ❌  | spn: gt=E6 pred=C6 ❌  | doremi: gt=mi pred=fa# ❌  | hz: gt=1318.5102 pred=435.0 ❌
    [ 656/700]   E6 cello  | midi: gt=88 pred=83 ❌  | spn: gt=E6 pred=C6 ❌  | doremi: gt=mi pred=sol# ❌  | hz: gt=1318.5102 pred=1046.53 ❌
    [ 657/700]   E6 bass  | midi: gt=88 pred=83 ❌  | spn: gt=E6 pred=C6 ❌  | doremi: gt=mi pred=sol ❌  | hz: gt=1318.5102 pred=None ❌
    [ 658/700]   E6 triangle  | midi: gt=88 pred=68 ❌  | spn: gt=E6 pred=C6 ❌  | doremi: gt=mi pred=sol ❌  | hz: gt=1318.5102 pred=1046.53 ❌
    [ 659/700]   E6 voice  | midi: gt=88 pred=86 ❌  | spn: gt=E6 pred=E6 ✅  | doremi: gt=mi pred=sol# ❌  | hz: gt=1318.5102 pred=8125.0 ❌
    [ 660/700]   E6 electric_keyboard  | midi: gt=88 pred=83 ❌  | spn: gt=E6 pred=C8 ❌  | doremi: gt=mi pred=sol# ❌  | hz: gt=1318.5102 pred=8125.0 ❌
    [ 661/700]   E6 organ  | midi: gt=88 pred=84 ❌  | spn: gt=E6 pred=E6 ✅  | doremi: gt=mi pred=sol ❌  | hz: gt=1318.5102 pred=493.88 ❌
    [ 662/700]   E6 piano  | midi: gt=88 pred=64 ❌  | spn: gt=E6 pred=C6 ❌  | doremi: gt=mi pred=sol# ❌  | hz: gt=1318.5102 pred=1050.0 ❌
    [ 663/700]   E6 cello  | midi: gt=88 pred=69 ❌  | spn: gt=E6 pred=C6 ❌  | doremi: gt=mi pred=sol# ❌  | hz: gt=1318.5102 pred=1034.52 ❌
    [ 664/700]   E6 electric_keyboard  | midi: gt=88 pred=88 ✅  | spn: gt=E6 pred=C6 ❌  | doremi: gt=mi pred=sol# ❌  | hz: gt=1318.5102 pred=830.41 ❌
    [ 665/700]   E6 oboe  | midi: gt=88 pred=68 ❌  | spn: gt=E6 pred=C6 ❌  | doremi: gt=mi pred=sol ❌  | hz: gt=1318.5102 pred=1250.0 ❌
    [ 666/700]   E6 synth_lead  | midi: gt=88 pred=68 ❌  | spn: gt=E6 pred=C6 ❌  | doremi: gt=mi pred=sol ❌  | hz: gt=1318.5102 pred=1250.0 ❌
    [ 667/700]   E6 trumpet  | midi: gt=88 pred=86 ❌  | spn: gt=E6 pred=C6 ❌  | doremi: gt=mi pred=sol# ❌  | hz: gt=1318.5102 pred=1053.67 ❌
    [ 668/700]   E6 bass  | midi: gt=88 pred=88 ✅  | spn: gt=E6 pred=C7 ❌  | doremi: gt=mi pred=sol ❌  | hz: gt=1318.5102 pred=800.0 ❌
    [ 669/700]   E6 organ  | midi: gt=88 pred=88 ✅  | spn: gt=E6 pred=B6 ❌  | doremi: gt=mi pred=sol# ❌  | hz: gt=1318.5102 pred=8105.0 ❌
    [ 670/700]   E6 guitar  | midi: gt=88 pred=68 ❌  | spn: gt=E6 pred=C6 ❌  | doremi: gt=mi pred=sol# ❌  | hz: gt=1318.5102 pred=1304.57 ❌
    [ 671/700]   E6 voice  | midi: gt=88 pred=64 ❌  | spn: gt=E6 pred=C6 ❌  | doremi: gt=mi pred=fa# ❌  | hz: gt=1318.5102 pred=415.306 ❌
    [ 672/700]   E6 trumpet  | midi: gt=88 pred=64 ❌  | spn: gt=E6 pred=C6 ❌  | doremi: gt=mi pred=fa# ❌  | hz: gt=1318.5102 pred=480.0 ❌
    [ 673/700]   E6 clarinet  | midi: gt=88 pred=64 ❌  | spn: gt=E6 pred=C6 ❌  | doremi: gt=mi pred=fa# ❌  | hz: gt=1318.5102 pred=480.0 ❌
    [ 674/700]   E6 flute  | midi: gt=88 pred=64 ❌  | spn: gt=E6 pred=C6 ❌  | doremi: gt=mi pred=fa# ❌  | hz: gt=1318.5102 pred=415.306 ❌
    [ 675/700]   E6 cello  | midi: gt=88 pred=64 ❌  | spn: gt=E6 pred=C6 ❌  | doremi: gt=mi pred=fa# ❌  | hz: gt=1318.5102 pred=415.306 ❌
    [ 676/700]   E6 square  | midi: gt=88 pred=58 ❌  | spn: gt=E6 pred=F#4 ❌  | doremi: gt=mi pred=sol ❌  | hz: gt=1318.5102 pred=1500.0 ❌
    [ 677/700]   E6 trumpet  | midi: gt=88 pred=88 ✅  | spn: gt=E6 pred=B7 ❌  | doremi: gt=mi pred=re ❌  | hz: gt=1318.5102 pred=8105.72 ❌
    [ 678/700]   E6 organ  | midi: gt=88 pred=88 ✅  | spn: gt=E6 pred=B7 ❌  | doremi: gt=mi pred=sol ❌  | hz: gt=1318.5102 pred=8105.72 ❌
    [ 679/700]   E6 flute  | midi: gt=88 pred=88 ✅  | spn: gt=E6 pred=F8 ❌  | doremi: gt=mi pred=sol# ❌  | hz: gt=1318.5102 pred=833.33 ❌
    [ 680/700]   E6 violin  | midi: gt=88 pred=88 ✅  | spn: gt=E6 pred=B8 ❌  | doremi: gt=mi pred=sol ❌  | hz: gt=1318.5102 pred=833.33 ❌
    [ 681/700]   E6 organ  | midi: gt=88 pred=64 ❌  | spn: gt=E6 pred=C6 ❌  | doremi: gt=mi pred=fa# ❌  | hz: gt=1318.5102 pred=435.0 ❌
    [ 682/700]   E6 violin  | midi: gt=88 pred=64 ❌  | spn: gt=E6 pred=C6 ❌  | doremi: gt=mi pred=fa# ❌  | hz: gt=1318.5102 pred=435.0 ❌
    [ 683/700]   E6 clarinet  | midi: gt=88 pred=64 ❌  | spn: gt=E6 pred=C6 ❌  | doremi: gt=mi pred=fa# ❌  | hz: gt=1318.5102 pred=435.0 ❌
    [ 684/700]   E6 sine  | midi: gt=88 pred=64 ❌  | spn: gt=E6 pred=C6 ❌  | doremi: gt=mi pred=fa# ❌  | hz: gt=1318.5102 pred=435.0 ❌
    [ 685/700]   E6 flute  | midi: gt=88 pred=64 ❌  | spn: gt=E6 pred=C6 ❌  | doremi: gt=mi pred=fa# ❌  | hz: gt=1318.5102 pred=435.0 ❌
    [ 686/700]   E6 clarinet  | midi: gt=88 pred=64 ❌  | spn: gt=E6 pred=C6 ❌  | doremi: gt=mi pred=fa# ❌  | hz: gt=1318.5102 pred=1250.0 ❌
    [ 687/700]   E6 electric_keyboard  | midi: gt=88 pred=64 ❌  | spn: gt=E6 pred=C6 ❌  | doremi: gt=mi pred=fa# ❌  | hz: gt=1318.5102 pred=4156.387096774193 ❌
    [ 688/700]   E6 bass  | midi: gt=88 pred=64 ❌  | spn: gt=E6 pred=C6 ❌  | doremi: gt=mi pred=fa# ❌  | hz: gt=1318.5102 pred=415.30687 ❌
    [ 689/700]   E6 guitar  | midi: gt=88 pred=64 ❌  | spn: gt=E6 pred=C6 ❌  | doremi: gt=mi pred=fa# ❌  | hz: gt=1318.5102 pred=450.0 ❌
    [ 690/700]   E6 synth_pad  | midi: gt=88 pred=68 ❌  | spn: gt=E6 pred=C6 ❌  | doremi: gt=mi pred=fa# ❌  | hz: gt=1318.5102 pred=1046.53 ❌
    [ 691/700]   E6 trumpet  | midi: gt=88 pred=83 ❌  | spn: gt=E6 pred=C6 ❌  | doremi: gt=mi pred=sol ❌  | hz: gt=1318.5102 pred=8125.0 ❌
    [ 692/700]   E6 clarinet  | midi: gt=88 pred=88 ✅  | spn: gt=E6 pred=C6 ❌  | doremi: gt=mi pred=sol ❌  | hz: gt=1318.5102 pred=640.0 ❌
    [ 693/700]   E6 voice  | midi: gt=88 pred=86 ❌  | spn: gt=E6 pred=C6 ❌  | doremi: gt=mi pred=sol# ❌  | hz: gt=1318.5102 pred=8125.0 ❌
    [ 694/700]   E6 synth_lead  | midi: gt=88 pred=69 ❌  | spn: gt=E6 pred=C6 ❌  | doremi: gt=mi pred=sol ❌  | hz: gt=1318.5102 pred=1765.0 ❌
    [ 695/700]   E6 bass  | midi: gt=88 pred=88 ✅  | spn: gt=E6 pred=F#7 ❌  | doremi: gt=mi pred=sol# ❌  | hz: gt=1318.5102 pred=805.0 ❌
    [ 696/700]   E6 sine  | midi: gt=88 pred=69 ❌  | spn: gt=E6 pred=C6 ❌  | doremi: gt=mi pred=sol ❌  | hz: gt=1318.5102 pred=1000.0 ❌
    [ 697/700]   E6 synth_lead  | midi: gt=88 pred=69 ❌  | spn: gt=E6 pred=C6 ❌  | doremi: gt=mi pred=sol# ❌  | hz: gt=1318.5102 pred=1250.0 ❌
    [ 698/700]   E6 guitar  | midi: gt=88 pred=68 ❌  | spn: gt=E6 pred=C6 ❌  | doremi: gt=mi pred=sol ❌  | hz: gt=1318.5102 pred=493.88 ❌
    [ 699/700]   E6 square  | midi: gt=88 pred=63 ❌  | spn: gt=E6 pred=C6 ❌  | doremi: gt=mi pred=sol# ❌  | hz: gt=1318.5102 pred=1073.645829 ❌
    [ 700/700]   E6 triangle  | midi: gt=88 pred=69 ❌  | spn: gt=E6 pred=C6 ❌  | doremi: gt=mi pred=sol ❌  | hz: gt=1318.5102 pred=1050.0 ❌

============================================================
SUMMARY — audio_flamingo_next_instruct
  Sampling     : 700 of 2660 (stratified by '(midi, duration_ms)', seed=42)
  Stimuli (total)     : 700
  Stimuli (condition) : 700  (all records)

  Format   Accuracy
  ──────────────────
    MIDI      25.4%
     SPN       8.3%
  DOREMI      19.3%
      HZ       0.3%
     ANY      44.3%

  *** WARNING: working tree has uncommitted changes — results will NOT be exactly reproducible from git_commit alone ***


Results saved → results/run_20260505_071452/pitchbench_a3_pitch_by_duration/run_001_20260505_071829/results_audio_flamingo_next_instruct.*

############################################################
# pitchbench_a4_pitch_with_vibrato
############################################################

Experiment : pitchbench_a4_pitch_with_vibrato
Models     : audio_flamingo_next_instruct
Stimuli    : 140
  Sampling     : 70 of 1792 (stratified by 'midi', seed=42)

  Model : Audio Flamingo Next – instruct
    [dispatch] 140 items, max_workers=1
    [   1/140]  F#1 sine  | midi: gt=30 pred=35 ❌  | spn: gt=F#1 pred=C2 ❌  | doremi: gt=fa# pred=fa# ✅  | hz: gt=46.2493 pred=105.26 ❌
    [   2/140]  F#1 sine  | midi: gt=30 pred=35 ❌  | spn: gt=F#1 pred=C2 ❌  | doremi: gt=fa# pred=fa# ✅  | hz: gt=46.2493 pred=25.0 ❌
    [   3/140]  F#1 sine  | midi: gt=30 pred=35 ❌  | spn: gt=F#1 pred=C2 ❌  | doremi: gt=fa# pred=sol ❌  | hz: gt=46.2493 pred=250.0 ❌
    [   4/140]  F#1 sine  | midi: gt=30 pred=35 ❌  | spn: gt=F#1 pred=C2 ❌  | doremi: gt=fa# pred=fa# ✅  | hz: gt=46.2493 pred=25.0 ❌
    [   5/140]   C2 sine  | midi: gt=36 pred=36 ✅  | spn: gt=C2 pred=C2 ✅  | doremi: gt=do pred=fa# ❌  | hz: gt=65.4064 pred=261.63 ❌
    [   6/140]   C2 sine  | midi: gt=36 pred=36 ✅  | spn: gt=C2 pred=C2 ✅  | doremi: gt=do pred=fa# ❌  | hz: gt=65.4064 pred=261.63 ❌
    [   7/140]   C2 sine  | midi: gt=36 pred=48 ❌  | spn: gt=C2 pred=C2 ✅  | doremi: gt=do pred=fa# ❌  | hz: gt=65.4064 pred=261.63 ❌
    [   8/140]   C2 sine  | midi: gt=36 pred=36 ✅  | spn: gt=C2 pred=C2 ✅  | doremi: gt=do pred=fa# ❌  | hz: gt=65.4064 pred=261.63 ❌
    [   9/140]   C2 sine  | midi: gt=36 pred=36 ✅  | spn: gt=C2 pred=C2 ✅  | doremi: gt=do pred=fa# ❌  | hz: gt=65.4064 pred=261.63 ❌
    [  10/140]   C2 sine  | midi: gt=36 pred=36 ✅  | spn: gt=C2 pred=C2 ✅  | doremi: gt=do pred=fa# ❌  | hz: gt=65.4064 pred=261.63 ❌
    [  11/140]   G2 sine  | midi: gt=43 pred=48 ❌  | spn: gt=G2 pred=C4 ❌  | doremi: gt=sol pred=sol ✅  | hz: gt=97.9989 pred=105.26 ❌
    [  12/140]   G2 sine  | midi: gt=43 pred=45 ❌  | spn: gt=G2 pred=C4 ❌  | doremi: gt=sol pred=sol ✅  | hz: gt=97.9989 pred=107.8652 ❌
    [  13/140]   G2 sine  | midi: gt=43 pred=48 ❌  | spn: gt=G2 pred=C2 ❌  | doremi: gt=sol pred=sol ✅  | hz: gt=97.9989 pred=105.26 ❌
    [  14/140]   G2 sine  | midi: gt=43 pred=45 ❌  | spn: gt=G2 pred=C4 ❌  | doremi: gt=sol pred=sol ✅  | hz: gt=97.9989 pred=107.8652 ❌
    [  15/140]   C3 sine  | midi: gt=48 pred=48 ✅  | spn: gt=C3 pred=C2 ❌  | doremi: gt=do pred=la ❌  | hz: gt=130.8128 pred=107.86 ❌
    [  16/140]   C3 sine  | midi: gt=48 pred=48 ✅  | spn: gt=C3 pred=C2 ❌  | doremi: gt=do pred=la ❌  | hz: gt=130.8128 pred=107.86 ❌
    [  17/140]  A#3 sine  | midi: gt=58 pred=63 ❌  | spn: gt=A#3 pred=C4 ❌  | doremi: gt=la# pred=fa# ❌  | hz: gt=233.0819 pred=176.47 ❌
    [  18/140]  A#3 sine  | midi: gt=58 pred=58 ✅  | spn: gt=A#3 pred=A2 ❌  | doremi: gt=la# pred=sol ❌  | hz: gt=233.0819 pred=261.63 ❌
    [  19/140]  A#3 sine  | midi: gt=58 pred=58 ✅  | spn: gt=A#3 pred=None ❌  | doremi: gt=la# pred=sol ❌  | hz: gt=233.0819 pred=105.26 ❌
    [  20/140]  A#3 sine  | midi: gt=58 pred=58 ✅  | spn: gt=A#3 pred=A2 ❌  | doremi: gt=la# pred=sol ❌  | hz: gt=233.0819 pred=261.63 ❌
    [  21/140]   C4 sine  | midi: gt=60 pred=63 ❌  | spn: gt=C4 pred=C4 ✅  | doremi: gt=do pred=sol ❌  | hz: gt=261.6256 pred=480.0 ❌
    [  22/140]   C4 sine  | midi: gt=60 pred=63 ❌  | spn: gt=C4 pred=C6 ❌  | doremi: gt=do pred=sol ❌  | hz: gt=261.6256 pred=107.86 ❌
    [  23/140]   C4 sine  | midi: gt=60 pred=63 ❌  | spn: gt=C4 pred=C6 ❌  | doremi: gt=do pred=sol ❌  | hz: gt=261.6256 pred=107.86 ❌
    [  24/140]   C4 sine  | midi: gt=60 pred=63 ❌  | spn: gt=C4 pred=C6 ❌  | doremi: gt=do pred=sol ❌  | hz: gt=261.6256 pred=107.86 ❌
    [  25/140]   E4 sine  | midi: gt=64 pred=64 ✅  | spn: gt=E4 pred=C6 ❌  | doremi: gt=mi pred=sol ❌  | hz: gt=329.6276 pred=64.0 ❌
    [  26/140]   E4 sine  | midi: gt=64 pred=63 ❌  | spn: gt=E4 pred=C4 ❌  | doremi: gt=mi pred=sol ❌  | hz: gt=329.6276 pred=120.0 ❌
    [  27/140]   E4 sine  | midi: gt=64 pred=63 ❌  | spn: gt=E4 pred=C6 ❌  | doremi: gt=mi pred=sol ❌  | hz: gt=329.6276 pred=250.0 ❌
    [  28/140]   E4 sine  | midi: gt=64 pred=63 ❌  | spn: gt=E4 pred=C4 ❌  | doremi: gt=mi pred=sol ❌  | hz: gt=329.6276 pred=120.0 ❌
    [  29/140]   G4 sine  | midi: gt=67 pred=63 ❌  | spn: gt=G4 pred=F#3 ❌  | doremi: gt=sol pred=sol ✅  | hz: gt=391.9954 pred=1650.0 ❌
    [  30/140]   G4 sine  | midi: gt=67 pred=63 ❌  | spn: gt=G4 pred=C6 ❌  | doremi: gt=sol pred=sol ✅  | hz: gt=391.9954 pred=480.0 ❌
    [  31/140]   G4 sine  | midi: gt=67 pred=63 ❌  | spn: gt=G4 pred=F#3 ❌  | doremi: gt=sol pred=sol ✅  | hz: gt=391.9954 pred=1050.0 ❌
    [  32/140]   G4 sine  | midi: gt=67 pred=63 ❌  | spn: gt=G4 pred=C6 ❌  | doremi: gt=sol pred=sol ✅  | hz: gt=391.9954 pred=480.0 ❌
    [  33/140]   A4 sine  | midi: gt=69 pred=69 ✅  | spn: gt=A4 pred=C6 ❌  | doremi: gt=la pred=sol ❌  | hz: gt=440.0 pred=250.0 ❌
    [  34/140]   A4 sine  | midi: gt=69 pred=69 ✅  | spn: gt=A4 pred=None ❌  | doremi: gt=la pred=sol ❌  | hz: gt=440.0 pred=1050.0 ❌
    [  35/140]   A4 sine  | midi: gt=69 pred=69 ✅  | spn: gt=A4 pred=None ❌  | doremi: gt=la pred=sol ❌  | hz: gt=440.0 pred=1050.0 ❌
    [  36/140]   A4 sine  | midi: gt=69 pred=69 ✅  | spn: gt=A4 pred=None ❌  | doremi: gt=la pred=sol ❌  | hz: gt=440.0 pred=1050.0 ❌
    [  37/140]   E5 sine  | midi: gt=76 pred=69 ❌  | spn: gt=E5 pred=C6 ❌  | doremi: gt=mi pred=sol ❌  | hz: gt=659.2551 pred=1667.0 ❌
    [  38/140]   E5 sine  | midi: gt=76 pred=68 ❌  | spn: gt=E5 pred=C6 ❌  | doremi: gt=mi pred=sol ❌  | hz: gt=659.2551 pred=450.0 ❌
    [  39/140]   E6 sine  | midi: gt=88 pred=83 ❌  | spn: gt=E6 pred=E6 ✅  | doremi: gt=mi pred=sol ❌  | hz: gt=1318.5102 pred=8125.0 ❌
    [  40/140]   E6 sine  | midi: gt=88 pred=86 ❌  | spn: gt=E6 pred=C6 ❌  | doremi: gt=mi pred=sol ❌  | hz: gt=1318.5102 pred=8125.0 ❌
    [  41/140]   E6 sine  | midi: gt=88 pred=68 ❌  | spn: gt=E6 pred=C6 ❌  | doremi: gt=mi pred=sol# ❌  | hz: gt=1318.5102 pred=1050.0 ❌
    [  42/140]   E6 sine  | midi: gt=88 pred=86 ❌  | spn: gt=E6 pred=C6 ❌  | doremi: gt=mi pred=sol ❌  | hz: gt=1318.5102 pred=8125.0 ❌
    [  43/140]  F#1 sawtooth  | midi: gt=30 pred=43 ❌  | spn: gt=F#1 pred=C2 ❌  | doremi: gt=fa# pred=fa# ✅  | hz: gt=46.2493 pred=107.8652439 ❌
    [  44/140]  F#1 sawtooth  | midi: gt=30 pred=43 ❌  | spn: gt=F#1 pred=C2 ❌  | doremi: gt=fa# pred=fa# ✅  | hz: gt=46.2493 pred=1046.52 ❌
    [  45/140]  F#1 sawtooth  | midi: gt=30 pred=43 ❌  | spn: gt=F#1 pred=C2 ❌  | doremi: gt=fa# pred=fa# ✅  | hz: gt=46.2493 pred=1046.53 ❌
    [  46/140]  F#1 sawtooth  | midi: gt=30 pred=43 ❌  | spn: gt=F#1 pred=C2 ❌  | doremi: gt=fa# pred=fa# ✅  | hz: gt=46.2493 pred=1046.52 ❌
    [  47/140]   C2 sawtooth  | midi: gt=36 pred=35 ❌  | spn: gt=C2 pred=A#2 ❌  | doremi: gt=do pred=sol ❌  | hz: gt=65.4064 pred=480.0 ❌
    [  48/140]   C2 sawtooth  | midi: gt=36 pred=35 ❌  | spn: gt=C2 pred=A#2 ❌  | doremi: gt=do pred=fa# ❌  | hz: gt=65.4064 pred=450.0 ❌
    [  49/140]   G2 sawtooth  | midi: gt=43 pred=43 ✅  | spn: gt=G2 pred=F#2 ❌  | doremi: gt=sol pred=sol ✅  | hz: gt=97.9989 pred=435.89 ❌
    [  50/140]   G2 sawtooth  | midi: gt=43 pred=43 ✅  | spn: gt=G2 pred=F#2 ❌  | doremi: gt=sol pred=sol ✅  | hz: gt=97.9989 pred=450.0 ❌
    [  51/140]   G2 sawtooth  | midi: gt=43 pred=45 ❌  | spn: gt=G2 pred=A2 ❌  | doremi: gt=sol pred=sol# ❌  | hz: gt=97.9989 pred=450.0 ❌
    [  52/140]   G2 sawtooth  | midi: gt=43 pred=43 ✅  | spn: gt=G2 pred=F#2 ❌  | doremi: gt=sol pred=sol ✅  | hz: gt=97.9989 pred=450.0 ❌
    [  53/140]   G2 sawtooth  | midi: gt=43 pred=43 ✅  | spn: gt=G2 pred=G2 ✅  | doremi: gt=sol pred=sol ✅  | hz: gt=97.9989 pred=450.0 ❌
    [  54/140]   G2 sawtooth  | midi: gt=43 pred=43 ✅  | spn: gt=G2 pred=F#2 ❌  | doremi: gt=sol pred=sol ✅  | hz: gt=97.9989 pred=450.0 ❌
    [  55/140]   C3 sawtooth  | midi: gt=48 pred=48 ✅  | spn: gt=C3 pred=C6 ❌  | doremi: gt=do pred=sol ❌  | hz: gt=130.8128 pred=450.0 ❌
    [  56/140]   C3 sawtooth  | midi: gt=48 pred=48 ✅  | spn: gt=C3 pred=C6 ❌  | doremi: gt=do pred=fa# ❌  | hz: gt=130.8128 pred=450.0 ❌
    [  57/140]  F#3 sawtooth  | midi: gt=54 pred=63 ❌  | spn: gt=F#3 pred=F#2 ❌  | doremi: gt=fa# pred=sol# ❌  | hz: gt=184.9972 pred=1058.43 ❌
    [  58/140]  F#3 sawtooth  | midi: gt=54 pred=54 ✅  | spn: gt=F#3 pred=F#4 ❌  | doremi: gt=fa# pred=sol ❌  | hz: gt=184.9972 pred=450.0 ❌
    [  59/140]  F#3 sawtooth  | midi: gt=54 pred=54 ✅  | spn: gt=F#3 pred=F#6 ❌  | doremi: gt=fa# pred=sol# ❌  | hz: gt=184.9972 pred=450.0 ❌
    [  60/140]  F#3 sawtooth  | midi: gt=54 pred=54 ✅  | spn: gt=F#3 pred=F#4 ❌  | doremi: gt=fa# pred=sol ❌  | hz: gt=184.9972 pred=450.0 ❌
    [  61/140]  A#3 sawtooth  | midi: gt=58 pred=63 ❌  | spn: gt=A#3 pred=F#6 ❌  | doremi: gt=la# pred=sol# ❌  | hz: gt=233.0819 pred=1800.0 ❌
    [  62/140]  A#3 sawtooth  | midi: gt=58 pred=58 ✅  | spn: gt=A#3 pred=A4 ❌  | doremi: gt=la# pred=sol ❌  | hz: gt=233.0819 pred=450.0 ❌
    [  63/140]   G4 sawtooth  | midi: gt=67 pred=63 ❌  | spn: gt=G4 pred=F#6 ❌  | doremi: gt=sol pred=sol ✅  | hz: gt=391.9954 pred=480.0 ❌
    [  64/140]   G4 sawtooth  | midi: gt=67 pred=63 ❌  | spn: gt=G4 pred=F#6 ❌  | doremi: gt=sol pred=sol ✅  | hz: gt=391.9954 pred=450.0 ❌
    [  65/140]   G4 sawtooth  | midi: gt=67 pred=63 ❌  | spn: gt=G4 pred=F#6 ❌  | doremi: gt=sol pred=sol# ❌  | hz: gt=391.9954 pred=450.0 ❌
    [  66/140]   G4 sawtooth  | midi: gt=67 pred=63 ❌  | spn: gt=G4 pred=F#6 ❌  | doremi: gt=sol pred=sol ✅  | hz: gt=391.9954 pred=450.0 ❌
    [  67/140]   A4 sawtooth  | midi: gt=69 pred=69 ✅  | spn: gt=A4 pred=A6 ❌  | doremi: gt=la pred=sol# ❌  | hz: gt=440.0 pred=450.0 ❌
    [  68/140]   A4 sawtooth  | midi: gt=69 pred=69 ✅  | spn: gt=A4 pred=A6 ❌  | doremi: gt=la pred=sol ❌  | hz: gt=440.0 pred=450.0 ❌
    [  69/140]  C#5 sawtooth  | midi: gt=73 pred=68 ❌  | spn: gt=C#5 pred=F6 ❌  | doremi: gt=do# pred=sol# ❌  | hz: gt=554.3653 pred=1058.43 ❌
    [  70/140]  C#5 sawtooth  | midi: gt=73 pred=68 ❌  | spn: gt=C#5 pred=C6 ❌  | doremi: gt=do# pred=sol ❌  | hz: gt=554.3653 pred=480.0 ❌
    [  71/140]   E5 sawtooth  | midi: gt=76 pred=69 ❌  | spn: gt=E5 pred=A7 ❌  | doremi: gt=mi pred=sol# ❌  | hz: gt=659.2551 pred=659.3 ✅
    [  72/140]   E5 sawtooth  | midi: gt=76 pred=69 ❌  | spn: gt=E5 pred=A6 ❌  | doremi: gt=mi pred=sol ❌  | hz: gt=659.2551 pred=450.0 ❌
    [  73/140]   E5 sawtooth  | midi: gt=76 pred=69 ❌  | spn: gt=E5 pred=A7 ❌  | doremi: gt=mi pred=sol# ❌  | hz: gt=659.2551 pred=1034.52 ❌
    [  74/140]   E5 sawtooth  | midi: gt=76 pred=69 ❌  | spn: gt=E5 pred=A6 ❌  | doremi: gt=mi pred=sol ❌  | hz: gt=659.2551 pred=450.0 ❌
    [  75/140]   G5 sawtooth  | midi: gt=79 pred=69 ❌  | spn: gt=G5 pred=F6 ❌  | doremi: gt=sol pred=sol# ❌  | hz: gt=783.9909 pred=1046.53 ❌
    [  76/140]   G5 sawtooth  | midi: gt=79 pred=69 ❌  | spn: gt=G5 pred=A6 ❌  | doremi: gt=sol pred=sol ✅  | hz: gt=783.9909 pred=450.0 ❌
    [  77/140]   G5 sawtooth  | midi: gt=79 pred=69 ❌  | spn: gt=G5 pred=C6 ❌  | doremi: gt=sol pred=sol# ❌  | hz: gt=783.9909 pred=1200.0 ❌
    [  78/140]   G5 sawtooth  | midi: gt=79 pred=69 ❌  | spn: gt=G5 pred=A6 ❌  | doremi: gt=sol pred=sol ✅  | hz: gt=783.9909 pred=450.0 ❌
    [  79/140]   E6 sawtooth  | midi: gt=88 pred=83 ❌  | spn: gt=E6 pred=A7 ❌  | doremi: gt=mi pred=sol# ❌  | hz: gt=1318.5102 pred=1058.43 ❌
    [  80/140]   E6 sawtooth  | midi: gt=88 pred=65 ❌  | spn: gt=E6 pred=F6 ❌  | doremi: gt=mi pred=sol# ❌  | hz: gt=1318.5102 pred=1075.83 ❌
    [  81/140]   E6 sawtooth  | midi: gt=88 pred=63 ❌  | spn: gt=E6 pred=A#6 ❌  | doremi: gt=mi pred=sol# ❌  | hz: gt=1318.5102 pred=1046.53 ❌
    [  82/140]   E6 sawtooth  | midi: gt=88 pred=65 ❌  | spn: gt=E6 pred=F6 ❌  | doremi: gt=mi pred=sol# ❌  | hz: gt=1318.5102 pred=1075.83 ❌
    [  83/140]  F#1 square  | midi: gt=30 pred=43 ❌  | spn: gt=F#1 pred=A#2 ❌  | doremi: gt=fa# pred=sol ❌  | hz: gt=46.2493 pred=450.0 ❌
    [  84/140]  F#1 square  | midi: gt=30 pred=35 ❌  | spn: gt=F#1 pred=A#2 ❌  | doremi: gt=fa# pred=sol# ❌  | hz: gt=46.2493 pred=450.0 ❌
    [  85/140]   C3 square  | midi: gt=48 pred=63 ❌  | spn: gt=C3 pred=None ❌  | doremi: gt=do pred=sol ❌  | hz: gt=130.8128 pred=1050.0 ❌
    [  86/140]   C3 square  | midi: gt=48 pred=45 ❌  | spn: gt=C3 pred=F#2 ❌  | doremi: gt=do pred=sol ❌  | hz: gt=130.8128 pred=450.0 ❌
    [  87/140]  F#3 square  | midi: gt=54 pred=65 ❌  | spn: gt=F#3 pred=A6 ❌  | doremi: gt=fa# pred=sol ❌  | hz: gt=184.9972 pred=450.0 ❌
    [  88/140]  F#3 square  | midi: gt=54 pred=54 ✅  | spn: gt=F#3 pred=F#3 ✅  | doremi: gt=fa# pred=sol ❌  | hz: gt=184.9972 pred=450.0 ❌
    [  89/140]  F#3 square  | midi: gt=54 pred=63 ❌  | spn: gt=F#3 pred=C6 ❌  | doremi: gt=fa# pred=sol# ❌  | hz: gt=184.9972 pred=1046.53 ❌
    [  90/140]  F#3 square  | midi: gt=54 pred=54 ✅  | spn: gt=F#3 pred=F#3 ✅  | doremi: gt=fa# pred=sol ❌  | hz: gt=184.9972 pred=450.0 ❌
    [  91/140]  A#3 square  | midi: gt=58 pred=69 ❌  | spn: gt=A#3 pred=C6 ❌  | doremi: gt=la# pred=sol# ❌  | hz: gt=233.0819 pred=1046.53 ❌
    [  92/140]  A#3 square  | midi: gt=58 pred=58 ✅  | spn: gt=A#3 pred=A6 ❌  | doremi: gt=la# pred=sol ❌  | hz: gt=233.0819 pred=450.0 ❌
    [  93/140]   C4 square  | midi: gt=60 pred=63 ❌  | spn: gt=C4 pred=C6 ❌  | doremi: gt=do pred=sol ❌  | hz: gt=261.6256 pred=480.0 ❌
    [  94/140]   C4 square  | midi: gt=60 pred=63 ❌  | spn: gt=C4 pred=C6 ❌  | doremi: gt=do pred=sol ❌  | hz: gt=261.6256 pred=480.0 ❌
    [  95/140]   C4 square  | midi: gt=60 pred=63 ❌  | spn: gt=C4 pred=C6 ❌  | doremi: gt=do pred=sol ❌  | hz: gt=261.6256 pred=480.0 ❌
    [  96/140]   C4 square  | midi: gt=60 pred=63 ❌  | spn: gt=C4 pred=C6 ❌  | doremi: gt=do pred=sol ❌  | hz: gt=261.6256 pred=480.0 ❌
    [  97/140]   C4 square  | midi: gt=60 pred=63 ❌  | spn: gt=C4 pred=C6 ❌  | doremi: gt=do pred=fa# ❌  | hz: gt=261.6256 pred=480.0 ❌
    [  98/140]   C4 square  | midi: gt=60 pred=63 ❌  | spn: gt=C4 pred=C6 ❌  | doremi: gt=do pred=sol ❌  | hz: gt=261.6256 pred=480.0 ❌
    [  99/140]   E4 square  | midi: gt=64 pred=65 ❌  | spn: gt=E4 pred=F#6 ❌  | doremi: gt=mi pred=fa# ❌  | hz: gt=329.6276 pred=659.3 ❌
    [ 100/140]   E4 square  | midi: gt=64 pred=69 ❌  | spn: gt=E4 pred=A6 ❌  | doremi: gt=mi pred=sol ❌  | hz: gt=329.6276 pred=450.0 ❌
    [ 101/140]   G4 square  | midi: gt=67 pred=63 ❌  | spn: gt=G4 pred=F#6 ❌  | doremi: gt=sol pred=sol# ❌  | hz: gt=391.9954 pred=480.0 ❌
    [ 102/140]   G4 square  | midi: gt=67 pred=63 ❌  | spn: gt=G4 pred=F#6 ❌  | doremi: gt=sol pred=sol ✅  | hz: gt=391.9954 pred=450.0 ❌
    [ 103/140]   A4 square  | midi: gt=69 pred=69 ✅  | spn: gt=A4 pred=A7 ❌  | doremi: gt=la pred=sol# ❌  | hz: gt=440.0 pred=695.08 ❌
    [ 104/140]   A4 square  | midi: gt=69 pred=69 ✅  | spn: gt=A4 pred=A6 ❌  | doremi: gt=la pred=sol ❌  | hz: gt=440.0 pred=450.0 ❌
    [ 105/140]  C#5 square  | midi: gt=73 pred=64 ❌  | spn: gt=C#5 pred=C6 ❌  | doremi: gt=do# pred=fa# ❌  | hz: gt=554.3653 pred=17650.0 ❌
    [ 106/140]  C#5 square  | midi: gt=73 pred=63 ❌  | spn: gt=C#5 pred=C6 ❌  | doremi: gt=do# pred=sol ❌  | hz: gt=554.3653 pred=450.0 ❌
    [ 107/140]  C#5 square  | midi: gt=73 pred=69 ❌  | spn: gt=C#5 pred=C6 ❌  | doremi: gt=do# pred=sol# ❌  | hz: gt=554.3653 pred=1046.53 ❌
    [ 108/140]  C#5 square  | midi: gt=73 pred=63 ❌  | spn: gt=C#5 pred=C6 ❌  | doremi: gt=do# pred=sol ❌  | hz: gt=554.3653 pred=450.0 ❌
    [ 109/140]  C#5 square  | midi: gt=73 pred=69 ❌  | spn: gt=C#5 pred=C6 ❌  | doremi: gt=do# pred=fa# ❌  | hz: gt=554.3653 pred=1050.0 ❌
    [ 110/140]  C#5 square  | midi: gt=73 pred=63 ❌  | spn: gt=C#5 pred=C6 ❌  | doremi: gt=do# pred=sol ❌  | hz: gt=554.3653 pred=450.0 ❌
    [ 111/140]   E5 square  | midi: gt=76 pred=69 ❌  | spn: gt=E5 pred=C6 ❌  | doremi: gt=mi pred=sol# ❌  | hz: gt=659.2551 pred=1075.0 ❌
    [ 112/140]   E5 square  | midi: gt=76 pred=65 ❌  | spn: gt=E5 pred=F6 ❌  | doremi: gt=mi pred=sol ❌  | hz: gt=659.2551 pred=450.0 ❌
    [ 113/140]   E5 square  | midi: gt=76 pred=68 ❌  | spn: gt=E5 pred=F6 ❌  | doremi: gt=mi pred=sol# ❌  | hz: gt=659.2551 pred=1058.47 ❌
    [ 114/140]   E5 square  | midi: gt=76 pred=65 ❌  | spn: gt=E5 pred=F6 ❌  | doremi: gt=mi pred=sol ❌  | hz: gt=659.2551 pred=450.0 ❌
    [ 115/140]   G5 square  | midi: gt=79 pred=68 ❌  | spn: gt=G5 pred=C6 ❌  | doremi: gt=sol pred=sol# ❌  | hz: gt=783.9909 pred=1058.47 ❌
    [ 116/140]   G5 square  | midi: gt=79 pred=68 ❌  | spn: gt=G5 pred=F6 ❌  | doremi: gt=sol pred=sol# ❌  | hz: gt=783.9909 pred=1058.47 ❌
    [ 117/140]   E6 square  | midi: gt=88 pred=69 ❌  | spn: gt=E6 pred=A#6 ❌  | doremi: gt=mi pred=fa# ❌  | hz: gt=1318.5102 pred=1058.43 ❌
    [ 118/140]   E6 square  | midi: gt=88 pred=65 ❌  | spn: gt=E6 pred=F#6 ❌  | doremi: gt=mi pred=sol ❌  | hz: gt=1318.5102 pred=450.0 ❌
    [ 119/140]   C2 triangle  | midi: gt=36 pred=35 ❌  | spn: gt=C2 pred=C4 ❌  | doremi: gt=do pred=fa# ❌  | hz: gt=65.4064 pred=105.26 ❌
    [ 120/140]   C2 triangle  | midi: gt=36 pred=35 ❌  | spn: gt=C2 pred=C2 ✅  | doremi: gt=do pred=fa# ❌  | hz: gt=65.4064 pred=150.0 ❌
    [ 121/140]   C3 triangle  | midi: gt=48 pred=63 ❌  | spn: gt=C3 pred=C6 ❌  | doremi: gt=do pred=fa# ❌  | hz: gt=130.8128 pred=480.0 ❌
    [ 122/140]   C3 triangle  | midi: gt=48 pred=48 ✅  | spn: gt=C3 pred=C6 ❌  | doremi: gt=do pred=sol ❌  | hz: gt=130.8128 pred=480.0 ❌
    [ 123/140]   C3 triangle  | midi: gt=48 pred=54 ❌  | spn: gt=C3 pred=C6 ❌  | doremi: gt=do pred=fa# ❌  | hz: gt=130.8128 pred=480.0 ❌
    [ 124/140]   C3 triangle  | midi: gt=48 pred=48 ✅  | spn: gt=C3 pred=C6 ❌  | doremi: gt=do pred=sol ❌  | hz: gt=130.8128 pred=480.0 ❌
    [ 125/140]  F#3 triangle  | midi: gt=54 pred=63 ❌  | spn: gt=F#3 pred=C6 ❌  | doremi: gt=fa# pred=fa# ✅  | hz: gt=184.9972 pred=480.0 ❌
    [ 126/140]  F#3 triangle  | midi: gt=54 pred=63 ❌  | spn: gt=F#3 pred=F#4 ❌  | doremi: gt=fa# pred=sol ❌  | hz: gt=184.9972 pred=480.0 ❌
    [ 127/140]  A#3 triangle  | midi: gt=58 pred=69 ❌  | spn: gt=A#3 pred=None ❌  | doremi: gt=la# pred=fa# ❌  | hz: gt=233.0819 pred=450.0 ❌
    [ 128/140]  A#3 triangle  | midi: gt=58 pred=69 ❌  | spn: gt=A#3 pred=A6 ❌  | doremi: gt=la# pred=sol ❌  | hz: gt=233.0819 pred=450.0 ❌
    [ 129/140]   E4 triangle  | midi: gt=64 pred=63 ❌  | spn: gt=E4 pred=E6 ❌  | doremi: gt=mi pred=sol ❌  | hz: gt=329.6276 pred=64.0 ❌
    [ 130/140]   E4 triangle  | midi: gt=64 pred=63 ❌  | spn: gt=E4 pred=C6 ❌  | doremi: gt=mi pred=sol ❌  | hz: gt=329.6276 pred=450.0 ❌
    [ 131/140]   E4 triangle  | midi: gt=64 pred=65 ❌  | spn: gt=E4 pred=C6 ❌  | doremi: gt=mi pred=fa# ❌  | hz: gt=329.6276 pred=480.0 ❌
    [ 132/140]   E4 triangle  | midi: gt=64 pred=63 ❌  | spn: gt=E4 pred=C6 ❌  | doremi: gt=mi pred=sol ❌  | hz: gt=329.6276 pred=450.0 ❌
    [ 133/140]   A4 triangle  | midi: gt=69 pred=69 ✅  | spn: gt=A4 pred=A6 ❌  | doremi: gt=la pred=sol ❌  | hz: gt=440.0 pred=1058.43 ❌
    [ 134/140]   A4 triangle  | midi: gt=69 pred=69 ✅  | spn: gt=A4 pred=A6 ❌  | doremi: gt=la pred=sol ❌  | hz: gt=440.0 pred=450.0 ❌
    [ 135/140]  C#5 triangle  | midi: gt=73 pred=68 ❌  | spn: gt=C#5 pred=C6 ❌  | doremi: gt=do# pred=sol ❌  | hz: gt=554.3653 pred=480.0 ❌
    [ 136/140]  C#5 triangle  | midi: gt=73 pred=68 ❌  | spn: gt=C#5 pred=C6 ❌  | doremi: gt=do# pred=sol ❌  | hz: gt=554.3653 pred=480.0 ❌
    [ 137/140]   G5 triangle  | midi: gt=79 pred=68 ❌  | spn: gt=G5 pred=C6 ❌  | doremi: gt=sol pred=sol# ❌  | hz: gt=783.9909 pred=1034.52 ❌
    [ 138/140]   G5 triangle  | midi: gt=79 pred=68 ❌  | spn: gt=G5 pred=C6 ❌  | doremi: gt=sol pred=sol ✅  | hz: gt=783.9909 pred=480.0 ❌
    [ 139/140]   G5 triangle  | midi: gt=79 pred=69 ❌  | spn: gt=G5 pred=C6 ❌  | doremi: gt=sol pred=sol# ❌  | hz: gt=783.9909 pred=1046.52 ❌
    [ 140/140]   G5 triangle  | midi: gt=79 pred=68 ❌  | spn: gt=G5 pred=C6 ❌  | doremi: gt=sol pred=sol ✅  | hz: gt=783.9909 pred=480.0 ❌

============================================================
SUMMARY — audio_flamingo_next_instruct
  Sampling     : 70 of 1792 (stratified by 'midi', seed=42)
  Stimuli (total)     : 140
  Stimuli (condition) : 70
  Stimuli (baseline)  : 70

  Format  Condition   Baseline
  ──────────────────────────────
    MIDI      20.0%      32.9%
     SPN       8.6%       8.6%
  DOREMI      15.7%      25.7%
      HZ       1.4%       0.0%
     ANY      38.6%      55.7%

  Headline 'accuracy' is computed on the condition subset only (see CatASpec.primary_filter).

  *** WARNING: working tree has uncommitted changes — results will NOT be exactly reproducible from git_commit alone ***


Results saved → results/run_20260505_071452/pitchbench_a4_pitch_with_vibrato/run_001_20260505_072526/results_audio_flamingo_next_instruct.*

############################################################
# pitchbench_a5_pitch_slightly_off
############################################################

Experiment : pitchbench_a5_pitch_slightly_off
Models     : audio_flamingo_next_instruct
Stimuli    : 560
  Sampling     : 280 of 4256 (stratified by '(midi, detune_hz)', seed=42)

  Model : Audio Flamingo Next – instruct
    [dispatch] 560 items, max_workers=1
    [   1/560]  F#1 sine  | midi: gt=30 pred=48 ❌  | spn: gt=F#1 pred=C2 ❌  | doremi: gt=fa# pred=fa# ✅  | hz: gt=46.2493 pred=450.0 ❌
    [   2/560]  F#1 sine  | midi: gt=30 pred=48 ❌  | spn: gt=F#1 pred=C2 ❌  | doremi: gt=fa# pred=fa# ✅  | hz: gt=46.2493 pred=415.3 ❌
    [   3/560]  F#1 sine  | midi: gt=30 pred=48 ❌  | spn: gt=F#1 pred=C2 ❌  | doremi: gt=fa# pred=fa# ✅  | hz: gt=46.2493 pred=415.3 ❌
    [   4/560]  F#1 sine  | midi: gt=30 pred=48 ❌  | spn: gt=F#1 pred=C2 ❌  | doremi: gt=fa# pred=fa# ✅  | hz: gt=46.2493 pred=415.3 ❌
    [   5/560]  F#1 sine  | midi: gt=30 pred=48 ❌  | spn: gt=F#1 pred=C2 ❌  | doremi: gt=fa# pred=fa# ✅  | hz: gt=46.2493 pred=42.0 ❌
    [   6/560]  F#1 sine  | midi: gt=30 pred=48 ❌  | spn: gt=F#1 pred=C2 ❌  | doremi: gt=fa# pred=fa# ✅  | hz: gt=46.2493 pred=415.3 ❌
    [   7/560]   C2 sine  | midi: gt=36 pred=48 ❌  | spn: gt=C2 pred=C4 ❌  | doremi: gt=do pred=fa# ❌  | hz: gt=65.4064 pred=430.56 ❌
    [   8/560]   C2 sine  | midi: gt=36 pred=48 ❌  | spn: gt=C2 pred=C4 ❌  | doremi: gt=do pred=fa# ❌  | hz: gt=65.4064 pred=430.51 ❌
    [   9/560]  A#3 sine  | midi: gt=58 pred=58 ✅  | spn: gt=A#3 pred=A4 ❌  | doremi: gt=la# pred=fa# ❌  | hz: gt=233.0819 pred=450.0 ❌
    [  10/560]  A#3 sine  | midi: gt=58 pred=58 ✅  | spn: gt=A#3 pred=A4 ❌  | doremi: gt=la# pred=fa# ❌  | hz: gt=233.0819 pred=450.32 ❌
    [  11/560]   C4 sine  | midi: gt=60 pred=64 ❌  | spn: gt=C4 pred=C4 ✅  | doremi: gt=do pred=fa# ❌  | hz: gt=261.6256 pred=480.0 ❌
    [  12/560]   C4 sine  | midi: gt=60 pred=64 ❌  | spn: gt=C4 pred=C4 ✅  | doremi: gt=do pred=fa# ❌  | hz: gt=261.6256 pred=480.0 ❌
    [  13/560]   C4 sine  | midi: gt=60 pred=64 ❌  | spn: gt=C4 pred=C4 ✅  | doremi: gt=do pred=fa# ❌  | hz: gt=261.6256 pred=480.0 ❌
    [  14/560]   C4 sine  | midi: gt=60 pred=64 ❌  | spn: gt=C4 pred=C4 ✅  | doremi: gt=do pred=fa# ❌  | hz: gt=261.6256 pred=480.0 ❌
    [  15/560]   E4 sine  | midi: gt=64 pred=64 ✅  | spn: gt=E4 pred=C4 ❌  | doremi: gt=mi pred=fa# ❌  | hz: gt=329.6276 pred=450.0 ❌
    [  16/560]   E4 sine  | midi: gt=64 pred=64 ✅  | spn: gt=E4 pred=C4 ❌  | doremi: gt=mi pred=fa# ❌  | hz: gt=329.6276 pred=450.0 ❌
    [  17/560]   G4 sine  | midi: gt=67 pred=68 ❌  | spn: gt=G4 pred=C4 ❌  | doremi: gt=sol pred=fa# ❌  | hz: gt=391.9954 pred=450.0 ❌
    [  18/560]   G4 sine  | midi: gt=67 pred=63 ❌  | spn: gt=G4 pred=C4 ❌  | doremi: gt=sol pred=fa# ❌  | hz: gt=391.9954 pred=415.3 ❌
    [  19/560]   A4 sine  | midi: gt=69 pred=69 ✅  | spn: gt=A4 pred=C4 ❌  | doremi: gt=la pred=fa# ❌  | hz: gt=440.0 pred=450.0 ❌
    [  20/560]   A4 sine  | midi: gt=69 pred=69 ✅  | spn: gt=A4 pred=C4 ❌  | doremi: gt=la pred=fa# ❌  | hz: gt=440.0 pred=415.306 ❌
    [  21/560]   E5 sine  | midi: gt=76 pred=64 ❌  | spn: gt=E5 pred=C6 ❌  | doremi: gt=mi pred=fa# ❌  | hz: gt=659.2551 pred=450.0 ❌
    [  22/560]   E5 sine  | midi: gt=76 pred=65 ❌  | spn: gt=E5 pred=C6 ❌  | doremi: gt=mi pred=fa# ❌  | hz: gt=659.2551 pred=450.0 ❌
    [  23/560]   E5 sine  | midi: gt=76 pred=64 ❌  | spn: gt=E5 pred=C6 ❌  | doremi: gt=mi pred=fa# ❌  | hz: gt=659.2551 pred=450.0 ❌
    [  24/560]   E5 sine  | midi: gt=76 pred=65 ❌  | spn: gt=E5 pred=C6 ❌  | doremi: gt=mi pred=fa# ❌  | hz: gt=659.2551 pred=450.0 ❌
    [  25/560]  F#1 sawtooth  | midi: gt=30 pred=64 ❌  | spn: gt=F#1 pred=C4 ❌  | doremi: gt=fa# pred=fa# ✅  | hz: gt=46.2493 pred=450.0 ❌
    [  26/560]  F#1 sawtooth  | midi: gt=30 pred=64 ❌  | spn: gt=F#1 pred=C4 ❌  | doremi: gt=fa# pred=fa# ✅  | hz: gt=46.2493 pred=450.32 ❌
    [  27/560]   G2 sawtooth  | midi: gt=43 pred=48 ❌  | spn: gt=G2 pred=F#2 ❌  | doremi: gt=sol pred=fa# ❌  | hz: gt=97.9989 pred=450.0 ❌
    [  28/560]   G2 sawtooth  | midi: gt=43 pred=45 ❌  | spn: gt=G2 pred=C4 ❌  | doremi: gt=sol pred=fa# ❌  | hz: gt=97.9989 pred=450.0 ❌
    [  29/560]   G2 sawtooth  | midi: gt=43 pred=45 ❌  | spn: gt=G2 pred=C4 ❌  | doremi: gt=sol pred=fa# ❌  | hz: gt=97.9989 pred=450.32 ❌
    [  30/560]   G2 sawtooth  | midi: gt=43 pred=45 ❌  | spn: gt=G2 pred=C4 ❌  | doremi: gt=sol pred=fa# ❌  | hz: gt=97.9989 pred=450.0 ❌
    [  31/560]   C3 sawtooth  | midi: gt=48 pred=64 ❌  | spn: gt=C3 pred=C4 ❌  | doremi: gt=do pred=fa# ❌  | hz: gt=130.8128 pred=450.32 ❌
    [  32/560]   C3 sawtooth  | midi: gt=48 pred=64 ❌  | spn: gt=C3 pred=C4 ❌  | doremi: gt=do pred=fa# ❌  | hz: gt=130.8128 pred=450.0 ❌
    [  33/560]   C3 sawtooth  | midi: gt=48 pred=48 ✅  | spn: gt=C3 pred=C4 ❌  | doremi: gt=do pred=fa# ❌  | hz: gt=130.8128 pred=450.0 ❌
    [  34/560]   C3 sawtooth  | midi: gt=48 pred=48 ✅  | spn: gt=C3 pred=C4 ❌  | doremi: gt=do pred=fa# ❌  | hz: gt=130.8128 pred=450.0 ❌
    [  35/560]  A#3 sawtooth  | midi: gt=58 pred=45 ❌  | spn: gt=A#3 pred=A4 ❌  | doremi: gt=la# pred=fa# ❌  | hz: gt=233.0819 pred=450.0 ❌
    [  36/560]  A#3 sawtooth  | midi: gt=58 pred=45 ❌  | spn: gt=A#3 pred=A4 ❌  | doremi: gt=la# pred=fa# ❌  | hz: gt=233.0819 pred=450.0 ❌
    [  37/560]   E4 sawtooth  | midi: gt=64 pred=45 ❌  | spn: gt=E4 pred=A4 ❌  | doremi: gt=mi pred=fa# ❌  | hz: gt=329.6276 pred=450.0 ❌
    [  38/560]   E4 sawtooth  | midi: gt=64 pred=64 ✅  | spn: gt=E4 pred=F#4 ❌  | doremi: gt=mi pred=fa# ❌  | hz: gt=329.6276 pred=450.0 ❌
    [  39/560]   A4 sawtooth  | midi: gt=69 pred=64 ❌  | spn: gt=A4 pred=C4 ❌  | doremi: gt=la pred=fa# ❌  | hz: gt=440.0 pred=450.0 ❌
    [  40/560]   A4 sawtooth  | midi: gt=69 pred=64 ❌  | spn: gt=A4 pred=C4 ❌  | doremi: gt=la pred=fa# ❌  | hz: gt=440.0 pred=450.32 ❌
    [  41/560]   A4 sawtooth  | midi: gt=69 pred=69 ✅  | spn: gt=A4 pred=A4 ✅  | doremi: gt=la pred=fa# ❌  | hz: gt=440.0 pred=450.0 ❌
    [  42/560]   A4 sawtooth  | midi: gt=69 pred=69 ✅  | spn: gt=A4 pred=A4 ✅  | doremi: gt=la pred=fa# ❌  | hz: gt=440.0 pred=450.0 ❌
    [  43/560]  C#5 sawtooth  | midi: gt=73 pred=68 ❌  | spn: gt=C#5 pred=C6 ❌  | doremi: gt=do# pred=fa# ❌  | hz: gt=554.3653 pred=450.0 ❌
    [  44/560]  C#5 sawtooth  | midi: gt=73 pred=68 ❌  | spn: gt=C#5 pred=C6 ❌  | doremi: gt=do# pred=fa# ❌  | hz: gt=554.3653 pred=450.0 ❌
    [  45/560]   E5 sawtooth  | midi: gt=76 pred=69 ❌  | spn: gt=E5 pred=C6 ❌  | doremi: gt=mi pred=fa# ❌  | hz: gt=659.2551 pred=450.0 ❌
    [  46/560]   E5 sawtooth  | midi: gt=76 pred=69 ❌  | spn: gt=E5 pred=F#6 ❌  | doremi: gt=mi pred=fa# ❌  | hz: gt=659.2551 pred=450.0 ❌
    [  47/560]   E5 sawtooth  | midi: gt=76 pred=63 ❌  | spn: gt=E5 pred=C6 ❌  | doremi: gt=mi pred=fa# ❌  | hz: gt=659.2551 pred=450.0 ❌
    [  48/560]   E5 sawtooth  | midi: gt=76 pred=69 ❌  | spn: gt=E5 pred=F#6 ❌  | doremi: gt=mi pred=fa# ❌  | hz: gt=659.2551 pred=450.0 ❌
    [  49/560]   G5 sawtooth  | midi: gt=79 pred=65 ❌  | spn: gt=G5 pred=F#6 ❌  | doremi: gt=sol pred=fa# ❌  | hz: gt=783.9909 pred=450.0 ❌
    [  50/560]   G5 sawtooth  | midi: gt=79 pred=65 ❌  | spn: gt=G5 pred=F#6 ❌  | doremi: gt=sol pred=fa# ❌  | hz: gt=783.9909 pred=450.0 ❌
    [  51/560]   G5 sawtooth  | midi: gt=79 pred=69 ❌  | spn: gt=G5 pred=A4 ❌  | doremi: gt=sol pred=fa# ❌  | hz: gt=783.9909 pred=450.0 ❌
    [  52/560]   G5 sawtooth  | midi: gt=79 pred=65 ❌  | spn: gt=G5 pred=F#6 ❌  | doremi: gt=sol pred=fa# ❌  | hz: gt=783.9909 pred=450.0 ❌
    [  53/560]   E6 sawtooth  | midi: gt=88 pred=65 ❌  | spn: gt=E6 pred=C6 ❌  | doremi: gt=mi pred=fa# ❌  | hz: gt=1318.5102 pred=450.0 ❌
    [  54/560]   E6 sawtooth  | midi: gt=88 pred=64 ❌  | spn: gt=E6 pred=C6 ❌  | doremi: gt=mi pred=fa# ❌  | hz: gt=1318.5102 pred=450.0 ❌
    [  55/560]   E6 sawtooth  | midi: gt=88 pred=65 ❌  | spn: gt=E6 pred=F#6 ❌  | doremi: gt=mi pred=fa# ❌  | hz: gt=1318.5102 pred=450.0 ❌
    [  56/560]   E6 sawtooth  | midi: gt=88 pred=63 ❌  | spn: gt=E6 pred=F#6 ❌  | doremi: gt=mi pred=fa# ❌  | hz: gt=1318.5102 pred=450.0 ❌
    [  57/560]  F#1 square  | midi: gt=30 pred=45 ❌  | spn: gt=F#1 pred=A#2 ❌  | doremi: gt=fa# pred=fa# ✅  | hz: gt=46.2493 pred=450.0 ❌
    [  58/560]  F#1 square  | midi: gt=30 pred=45 ❌  | spn: gt=F#1 pred=A#2 ❌  | doremi: gt=fa# pred=fa# ✅  | hz: gt=46.2493 pred=450.0 ❌
    [  59/560]  F#1 square  | midi: gt=30 pred=45 ❌  | spn: gt=F#1 pred=A#2 ❌  | doremi: gt=fa# pred=fa# ✅  | hz: gt=46.2493 pred=435.0 ❌
    [  60/560]  F#1 square  | midi: gt=30 pred=45 ❌  | spn: gt=F#1 pred=A#2 ❌  | doremi: gt=fa# pred=fa# ✅  | hz: gt=46.2493 pred=450.0 ❌
    [  61/560]   C2 square  | midi: gt=36 pred=43 ❌  | spn: gt=C2 pred=C4 ❌  | doremi: gt=do pred=fa# ❌  | hz: gt=65.4064 pred=450.0 ❌
    [  62/560]   C2 square  | midi: gt=36 pred=43 ❌  | spn: gt=C2 pred=C4 ❌  | doremi: gt=do pred=fa# ❌  | hz: gt=65.4064 pred=450.0 ❌
    [  63/560]   G2 square  | midi: gt=43 pred=64 ❌  | spn: gt=G2 pred=C4 ❌  | doremi: gt=sol pred=fa# ❌  | hz: gt=97.9989 pred=450.32 ❌
    [  64/560]   G2 square  | midi: gt=43 pred=45 ❌  | spn: gt=G2 pred=C4 ❌  | doremi: gt=sol pred=fa# ❌  | hz: gt=97.9989 pred=450.32 ❌
    [  65/560]   G2 square  | midi: gt=43 pred=43 ✅  | spn: gt=G2 pred=F#2 ❌  | doremi: gt=sol pred=fa# ❌  | hz: gt=97.9989 pred=450.0 ❌
    [  66/560]   G2 square  | midi: gt=43 pred=43 ✅  | spn: gt=G2 pred=F#2 ❌  | doremi: gt=sol pred=fa# ❌  | hz: gt=97.9989 pred=450.0 ❌
    [  67/560]   G2 square  | midi: gt=43 pred=43 ✅  | spn: gt=G2 pred=F#2 ❌  | doremi: gt=sol pred=fa# ❌  | hz: gt=97.9989 pred=450.0 ❌
    [  68/560]   G2 square  | midi: gt=43 pred=43 ✅  | spn: gt=G2 pred=F#2 ❌  | doremi: gt=sol pred=fa# ❌  | hz: gt=97.9989 pred=450.0 ❌
    [  69/560]   C3 square  | midi: gt=48 pred=64 ❌  | spn: gt=C3 pred=C4 ❌  | doremi: gt=do pred=fa# ❌  | hz: gt=130.8128 pred=450.32 ❌
    [  70/560]   C3 square  | midi: gt=48 pred=64 ❌  | spn: gt=C3 pred=C4 ❌  | doremi: gt=do pred=fa# ❌  | hz: gt=130.8128 pred=450.0 ❌
    [  71/560]  F#3 square  | midi: gt=54 pred=64 ❌  | spn: gt=F#3 pred=C4 ❌  | doremi: gt=fa# pred=fa# ✅  | hz: gt=184.9972 pred=450.32 ❌
    [  72/560]  F#3 square  | midi: gt=54 pred=64 ❌  | spn: gt=F#3 pred=C4 ❌  | doremi: gt=fa# pred=fa# ✅  | hz: gt=184.9972 pred=450.32 ❌
    [  73/560]  A#3 square  | midi: gt=58 pred=65 ❌  | spn: gt=A#3 pred=C4 ❌  | doremi: gt=la# pred=fa# ❌  | hz: gt=233.0819 pred=450.0 ❌
    [  74/560]  A#3 square  | midi: gt=58 pred=64 ❌  | spn: gt=A#3 pred=C4 ❌  | doremi: gt=la# pred=fa# ❌  | hz: gt=233.0819 pred=450.0 ❌
    [  75/560]  A#3 square  | midi: gt=58 pred=45 ❌  | spn: gt=A#3 pred=A4 ❌  | doremi: gt=la# pred=fa# ❌  | hz: gt=233.0819 pred=450.0 ❌
    [  76/560]  A#3 square  | midi: gt=58 pred=58 ✅  | spn: gt=A#3 pred=A4 ❌  | doremi: gt=la# pred=fa# ❌  | hz: gt=233.0819 pred=450.0 ❌
    [  77/560]   E4 square  | midi: gt=64 pred=64 ✅  | spn: gt=E4 pred=C4 ❌  | doremi: gt=mi pred=fa# ❌  | hz: gt=329.6276 pred=415.306 ❌
    [  78/560]   E4 square  | midi: gt=64 pred=64 ✅  | spn: gt=E4 pred=C4 ❌  | doremi: gt=mi pred=fa# ❌  | hz: gt=329.6276 pred=450.0 ❌
    [  79/560]   E4 square  | midi: gt=64 pred=63 ❌  | spn: gt=E4 pred=F#3 ❌  | doremi: gt=mi pred=fa# ❌  | hz: gt=329.6276 pred=450.0 ❌
    [  80/560]   E4 square  | midi: gt=64 pred=64 ✅  | spn: gt=E4 pred=C6 ❌  | doremi: gt=mi pred=fa# ❌  | hz: gt=329.6276 pred=450.0 ❌
    [  81/560]   E4 square  | midi: gt=64 pred=63 ❌  | spn: gt=E4 pred=C6 ❌  | doremi: gt=mi pred=fa# ❌  | hz: gt=329.6276 pred=450.0 ❌
    [  82/560]   E4 square  | midi: gt=64 pred=64 ✅  | spn: gt=E4 pred=C6 ❌  | doremi: gt=mi pred=fa# ❌  | hz: gt=329.6276 pred=450.0 ❌
    [  83/560]   G4 square  | midi: gt=67 pred=64 ❌  | spn: gt=G4 pred=C4 ❌  | doremi: gt=sol pred=fa# ❌  | hz: gt=391.9954 pred=450.32 ❌
    [  84/560]   G4 square  | midi: gt=67 pred=64 ❌  | spn: gt=G4 pred=C4 ❌  | doremi: gt=sol pred=fa# ❌  | hz: gt=391.9954 pred=450.32 ❌
    [  85/560]   A4 square  | midi: gt=69 pred=64 ❌  | spn: gt=A4 pred=C4 ❌  | doremi: gt=la pred=fa# ❌  | hz: gt=440.0 pred=450.32 ❌
    [  86/560]   A4 square  | midi: gt=69 pred=64 ❌  | spn: gt=A4 pred=C4 ❌  | doremi: gt=la pred=fa# ❌  | hz: gt=440.0 pred=450.32 ❌
    [  87/560]   A4 square  | midi: gt=69 pred=64 ❌  | spn: gt=A4 pred=C4 ❌  | doremi: gt=la pred=fa# ❌  | hz: gt=440.0 pred=450.0 ❌
    [  88/560]   A4 square  | midi: gt=69 pred=64 ❌  | spn: gt=A4 pred=C4 ❌  | doremi: gt=la pred=fa# ❌  | hz: gt=440.0 pred=450.32 ❌
    [  89/560]   E5 square  | midi: gt=76 pred=64 ❌  | spn: gt=E5 pred=C4 ❌  | doremi: gt=mi pred=fa# ❌  | hz: gt=659.2551 pred=450.32 ❌
    [  90/560]   E5 square  | midi: gt=76 pred=58 ❌  | spn: gt=E5 pred=C4 ❌  | doremi: gt=mi pred=fa# ❌  | hz: gt=659.2551 pred=450.32 ❌
    [  91/560]   E5 square  | midi: gt=76 pred=65 ❌  | spn: gt=E5 pred=F#6 ❌  | doremi: gt=mi pred=fa# ❌  | hz: gt=659.2551 pred=450.0 ❌
    [  92/560]   E5 square  | midi: gt=76 pred=63 ❌  | spn: gt=E5 pred=C6 ❌  | doremi: gt=mi pred=fa# ❌  | hz: gt=659.2551 pred=450.0 ❌
    [  93/560]   E6 square  | midi: gt=88 pred=64 ❌  | spn: gt=E6 pred=C4 ❌  | doremi: gt=mi pred=fa# ❌  | hz: gt=1318.5102 pred=450.32 ❌
    [  94/560]   E6 square  | midi: gt=88 pred=64 ❌  | spn: gt=E6 pred=C6 ❌  | doremi: gt=mi pred=fa# ❌  | hz: gt=1318.5102 pred=450.0 ❌
    [  95/560]   E6 square  | midi: gt=88 pred=64 ❌  | spn: gt=E6 pred=C6 ❌  | doremi: gt=mi pred=fa# ❌  | hz: gt=1318.5102 pred=450.0 ❌
    [  96/560]   E6 square  | midi: gt=88 pred=63 ❌  | spn: gt=E6 pred=F#6 ❌  | doremi: gt=mi pred=fa# ❌  | hz: gt=1318.5102 pred=450.0 ❌
    [  97/560]   E6 square  | midi: gt=88 pred=63 ❌  | spn: gt=E6 pred=C6 ❌  | doremi: gt=mi pred=fa# ❌  | hz: gt=1318.5102 pred=480.0 ❌
    [  98/560]   E6 square  | midi: gt=88 pred=63 ❌  | spn: gt=E6 pred=F#6 ❌  | doremi: gt=mi pred=fa# ❌  | hz: gt=1318.5102 pred=450.0 ❌
    [  99/560]  F#1 triangle  | midi: gt=30 pred=45 ❌  | spn: gt=F#1 pred=C4 ❌  | doremi: gt=fa# pred=fa# ✅  | hz: gt=46.2493 pred=435.0 ❌
    [ 100/560]  F#1 triangle  | midi: gt=30 pred=45 ❌  | spn: gt=F#1 pred=C4 ❌  | doremi: gt=fa# pred=fa# ✅  | hz: gt=46.2493 pred=450.0 ❌
    [ 101/560]  F#1 triangle  | midi: gt=30 pred=43 ❌  | spn: gt=F#1 pred=C4 ❌  | doremi: gt=fa# pred=fa# ✅  | hz: gt=46.2493 pred=430.56 ❌
    [ 102/560]  F#1 triangle  | midi: gt=30 pred=45 ❌  | spn: gt=F#1 pred=C4 ❌  | doremi: gt=fa# pred=fa# ✅  | hz: gt=46.2493 pred=430.56 ❌
    [ 103/560]   C2 triangle  | midi: gt=36 pred=45 ❌  | spn: gt=C2 pred=C2 ✅  | doremi: gt=do pred=fa# ❌  | hz: gt=65.4064 pred=430.56 ❌
    [ 104/560]   C2 triangle  | midi: gt=36 pred=45 ❌  | spn: gt=C2 pred=C4 ❌  | doremi: gt=do pred=fa# ❌  | hz: gt=65.4064 pred=430.56 ❌
    [ 105/560]   C2 triangle  | midi: gt=36 pred=45 ❌  | spn: gt=C2 pred=C4 ❌  | doremi: gt=do pred=fa# ❌  | hz: gt=65.4064 pred=415.3 ❌
    [ 106/560]   C2 triangle  | midi: gt=36 pred=45 ❌  | spn: gt=C2 pred=C4 ❌  | doremi: gt=do pred=fa# ❌  | hz: gt=65.4064 pred=430.56 ❌
    [ 107/560]   G2 triangle  | midi: gt=43 pred=48 ❌  | spn: gt=G2 pred=C4 ❌  | doremi: gt=sol pred=fa# ❌  | hz: gt=97.9989 pred=435.0 ❌
    [ 108/560]   G2 triangle  | midi: gt=43 pred=48 ❌  | spn: gt=G2 pred=C4 ❌  | doremi: gt=sol pred=fa# ❌  | hz: gt=97.9989 pred=430.56 ❌
    [ 109/560]   G2 triangle  | midi: gt=43 pred=43 ✅  | spn: gt=G2 pred=C4 ❌  | doremi: gt=sol pred=fa# ❌  | hz: gt=97.9989 pred=435.0 ❌
    [ 110/560]   G2 triangle  | midi: gt=43 pred=43 ✅  | spn: gt=G2 pred=C4 ❌  | doremi: gt=sol pred=fa# ❌  | hz: gt=97.9989 pred=435.0 ❌
    [ 111/560]  A#3 triangle  | midi: gt=58 pred=58 ✅  | spn: gt=A#3 pred=A4 ❌  | doremi: gt=la# pred=fa# ❌  | hz: gt=233.0819 pred=450.0 ❌
    [ 112/560]  A#3 triangle  | midi: gt=58 pred=58 ✅  | spn: gt=A#3 pred=A4 ❌  | doremi: gt=la# pred=fa# ❌  | hz: gt=233.0819 pred=450.0 ❌
    [ 113/560]  A#3 triangle  | midi: gt=58 pred=69 ❌  | spn: gt=A#3 pred=A4 ❌  | doremi: gt=la# pred=fa# ❌  | hz: gt=233.0819 pred=450.0 ❌
    [ 114/560]  A#3 triangle  | midi: gt=58 pred=58 ✅  | spn: gt=A#3 pred=A4 ❌  | doremi: gt=la# pred=fa# ❌  | hz: gt=233.0819 pred=450.0 ❌
    [ 115/560]   C4 triangle  | midi: gt=60 pred=65 ❌  | spn: gt=C4 pred=C6 ❌  | doremi: gt=do pred=fa# ❌  | hz: gt=261.6256 pred=480.0 ❌
    [ 116/560]   C4 triangle  | midi: gt=60 pred=65 ❌  | spn: gt=C4 pred=C6 ❌  | doremi: gt=do pred=fa# ❌  | hz: gt=261.6256 pred=480.0 ❌
    [ 117/560]   C4 triangle  | midi: gt=60 pred=63 ❌  | spn: gt=C4 pred=C6 ❌  | doremi: gt=do pred=fa# ❌  | hz: gt=261.6256 pred=480.0 ❌
    [ 118/560]   C4 triangle  | midi: gt=60 pred=63 ❌  | spn: gt=C4 pred=C6 ❌  | doremi: gt=do pred=fa# ❌  | hz: gt=261.6256 pred=480.0 ❌
    [ 119/560]   E4 triangle  | midi: gt=64 pred=63 ❌  | spn: gt=E4 pred=C6 ❌  | doremi: gt=mi pred=fa# ❌  | hz: gt=329.6276 pred=450.0 ❌
    [ 120/560]   E4 triangle  | midi: gt=64 pred=63 ❌  | spn: gt=E4 pred=C6 ❌  | doremi: gt=mi pred=fa# ❌  | hz: gt=329.6276 pred=450.0 ❌
    [ 121/560]   G4 triangle  | midi: gt=67 pred=68 ❌  | spn: gt=G4 pred=C6 ❌  | doremi: gt=sol pred=fa# ❌  | hz: gt=391.9954 pred=450.0 ❌
    [ 122/560]   G4 triangle  | midi: gt=67 pred=68 ❌  | spn: gt=G4 pred=C6 ❌  | doremi: gt=sol pred=fa# ❌  | hz: gt=391.9954 pred=450.0 ❌
    [ 123/560]  C#5 triangle  | midi: gt=73 pred=68 ❌  | spn: gt=C#5 pred=C6 ❌  | doremi: gt=do# pred=fa# ❌  | hz: gt=554.3653 pred=450.0 ❌
    [ 124/560]  C#5 triangle  | midi: gt=73 pred=68 ❌  | spn: gt=C#5 pred=C6 ❌  | doremi: gt=do# pred=fa# ❌  | hz: gt=554.3653 pred=480.0 ❌
    [ 125/560]  C#5 triangle  | midi: gt=73 pred=68 ❌  | spn: gt=C#5 pred=C6 ❌  | doremi: gt=do# pred=fa# ❌  | hz: gt=554.3653 pred=450.0 ❌
    [ 126/560]  C#5 triangle  | midi: gt=73 pred=68 ❌  | spn: gt=C#5 pred=C6 ❌  | doremi: gt=do# pred=fa# ❌  | hz: gt=554.3653 pred=480.0 ❌
    [ 127/560]  C#5 triangle  | midi: gt=73 pred=68 ❌  | spn: gt=C#5 pred=C6 ❌  | doremi: gt=do# pred=fa# ❌  | hz: gt=554.3653 pred=480.0 ❌
    [ 128/560]  C#5 triangle  | midi: gt=73 pred=68 ❌  | spn: gt=C#5 pred=C6 ❌  | doremi: gt=do# pred=fa# ❌  | hz: gt=554.3653 pred=480.0 ❌
    [ 129/560]   E5 triangle  | midi: gt=76 pred=68 ❌  | spn: gt=E5 pred=C6 ❌  | doremi: gt=mi pred=fa# ❌  | hz: gt=659.2551 pred=450.0 ❌
    [ 130/560]   E5 triangle  | midi: gt=76 pred=68 ❌  | spn: gt=E5 pred=C6 ❌  | doremi: gt=mi pred=fa# ❌  | hz: gt=659.2551 pred=450.0 ❌
    [ 131/560]   E6 triangle  | midi: gt=88 pred=68 ❌  | spn: gt=E6 pred=C6 ❌  | doremi: gt=mi pred=fa# ❌  | hz: gt=1318.5102 pred=405.31 ❌
    [ 132/560]   E6 triangle  | midi: gt=88 pred=68 ❌  | spn: gt=E6 pred=C6 ❌  | doremi: gt=mi pred=sol# ❌  | hz: gt=1318.5102 pred=480.0 ❌
    [ 133/560]  F#1 piano  | midi: gt=30 pred=45 ❌  | spn: gt=F#1 pred=C4 ❌  | doremi: gt=fa# pred=fa# ✅  | hz: gt=46.2493 pred=450.0 ❌
    [ 134/560]  F#1 piano  | midi: gt=30 pred=45 ❌  | spn: gt=F#1 pred=C4 ❌  | doremi: gt=fa# pred=fa# ✅  | hz: gt=46.2493 pred=450.0 ❌
    [ 135/560]   C2 piano  | midi: gt=36 pred=43 ❌  | spn: gt=C2 pred=C4 ❌  | doremi: gt=do pred=fa# ❌  | hz: gt=65.4064 pred=450.0 ❌
    [ 136/560]   C2 piano  | midi: gt=36 pred=43 ❌  | spn: gt=C2 pred=C4 ❌  | doremi: gt=do pred=fa# ❌  | hz: gt=65.4064 pred=450.0 ❌
    [ 137/560]  F#3 piano  | midi: gt=54 pred=56 ❌  | spn: gt=F#3 pred=C4 ❌  | doremi: gt=fa# pred=fa# ✅  | hz: gt=184.9972 pred=450.0 ❌
    [ 138/560]  F#3 piano  | midi: gt=54 pred=56 ❌  | spn: gt=F#3 pred=C4 ❌  | doremi: gt=fa# pred=fa# ✅  | hz: gt=184.9972 pred=450.0 ❌
    [ 139/560]  F#3 piano  | midi: gt=54 pred=56 ❌  | spn: gt=F#3 pred=C4 ❌  | doremi: gt=fa# pred=fa# ✅  | hz: gt=184.9972 pred=436.5 ❌
    [ 140/560]  F#3 piano  | midi: gt=54 pred=56 ❌  | spn: gt=F#3 pred=C4 ❌  | doremi: gt=fa# pred=fa# ✅  | hz: gt=184.9972 pred=450.0 ❌
    [ 141/560]  A#3 piano  | midi: gt=58 pred=58 ✅  | spn: gt=A#3 pred=C4 ❌  | doremi: gt=la# pred=fa# ❌  | hz: gt=233.0819 pred=450.0 ❌
    [ 142/560]  A#3 piano  | midi: gt=58 pred=53 ❌  | spn: gt=A#3 pred=C4 ❌  | doremi: gt=la# pred=fa# ❌  | hz: gt=233.0819 pred=450.0 ❌
    [ 143/560]  A#3 piano  | midi: gt=58 pred=59 ❌  | spn: gt=A#3 pred=C4 ❌  | doremi: gt=la# pred=fa# ❌  | hz: gt=233.0819 pred=435.0 ❌
    [ 144/560]  A#3 piano  | midi: gt=58 pred=63 ❌  | spn: gt=A#3 pred=C4 ❌  | doremi: gt=la# pred=fa# ❌  | hz: gt=233.0819 pred=480.0 ❌
    [ 145/560]   C4 piano  | midi: gt=60 pred=54 ❌  | spn: gt=C4 pred=C4 ✅  | doremi: gt=do pred=fa# ❌  | hz: gt=261.6256 pred=493.88 ❌
    [ 146/560]   C4 piano  | midi: gt=60 pred=54 ❌  | spn: gt=C4 pred=C4 ✅  | doremi: gt=do pred=fa# ❌  | hz: gt=261.6256 pred=493.88 ❌
    [ 147/560]   E4 piano  | midi: gt=64 pred=65 ❌  | spn: gt=E4 pred=C4 ❌  | doremi: gt=mi pred=fa# ❌  | hz: gt=329.6276 pred=450.0 ❌
    [ 148/560]   E4 piano  | midi: gt=64 pred=65 ❌  | spn: gt=E4 pred=C4 ❌  | doremi: gt=mi pred=fa# ❌  | hz: gt=329.6276 pred=450.0 ❌
    [ 149/560]   E4 piano  | midi: gt=64 pred=65 ❌  | spn: gt=E4 pred=C4 ❌  | doremi: gt=mi pred=fa# ❌  | hz: gt=329.6276 pred=450.0 ❌
    [ 150/560]   E4 piano  | midi: gt=64 pred=65 ❌  | spn: gt=E4 pred=C4 ❌  | doremi: gt=mi pred=fa# ❌  | hz: gt=329.6276 pred=450.0 ❌
    [ 151/560]   A4 piano  | midi: gt=69 pred=64 ❌  | spn: gt=A4 pred=C4 ❌  | doremi: gt=la pred=fa# ❌  | hz: gt=440.0 pred=450.0 ❌
    [ 152/560]   A4 piano  | midi: gt=69 pred=64 ❌  | spn: gt=A4 pred=C4 ❌  | doremi: gt=la pred=fa# ❌  | hz: gt=440.0 pred=450.0 ❌
    [ 153/560]  C#5 piano  | midi: gt=73 pred=64 ❌  | spn: gt=C#5 pred=C4 ❌  | doremi: gt=do# pred=fa# ❌  | hz: gt=554.3653 pred=450.0 ❌
    [ 154/560]  C#5 piano  | midi: gt=73 pred=64 ❌  | spn: gt=C#5 pred=C4 ❌  | doremi: gt=do# pred=fa# ❌  | hz: gt=554.3653 pred=450.0 ❌
    [ 155/560]   G5 piano  | midi: gt=79 pred=83 ❌  | spn: gt=G5 pred=F#4 ❌  | doremi: gt=sol pred=sol# ❌  | hz: gt=783.9909 pred=450.0 ❌
    [ 156/560]   G5 piano  | midi: gt=79 pred=68 ❌  | spn: gt=G5 pred=A7 ❌  | doremi: gt=sol pred=sol# ❌  | hz: gt=783.9909 pred=450.0 ❌
    [ 157/560]   C2 electric_keyboard  | midi: gt=36 pred=45 ❌  | spn: gt=C2 pred=C4 ❌  | doremi: gt=do pred=fa# ❌  | hz: gt=65.4064 pred=261.63 ❌
    [ 158/560]   C2 electric_keyboard  | midi: gt=36 pred=45 ❌  | spn: gt=C2 pred=C4 ❌  | doremi: gt=do pred=fa# ❌  | hz: gt=65.4064 pred=261.63 ❌
    [ 159/560]   C3 electric_keyboard  | midi: gt=48 pred=50 ❌  | spn: gt=C3 pred=D4 ❌  | doremi: gt=do pred=mi ❌  | hz: gt=130.8128 pred=504.0 ❌
    [ 160/560]   C3 electric_keyboard  | midi: gt=48 pred=53 ❌  | spn: gt=C3 pred=D4 ❌  | doremi: gt=do pred=mi ❌  | hz: gt=130.8128 pred=504.0 ❌
    [ 161/560]   C3 electric_keyboard  | midi: gt=48 pred=50 ❌  | spn: gt=C3 pred=C4 ❌  | doremi: gt=do pred=mi ❌  | hz: gt=130.8128 pred=504.0 ❌
    [ 162/560]   C3 electric_keyboard  | midi: gt=48 pred=53 ❌  | spn: gt=C3 pred=D4 ❌  | doremi: gt=do pred=mi ❌  | hz: gt=130.8128 pred=504.0 ❌
    [ 163/560]   C3 electric_keyboard  | midi: gt=48 pred=53 ❌  | spn: gt=C3 pred=D4 ❌  | doremi: gt=do pred=mi ❌  | hz: gt=130.8128 pred=504.0 ❌
    [ 164/560]   C3 electric_keyboard  | midi: gt=48 pred=53 ❌  | spn: gt=C3 pred=D4 ❌  | doremi: gt=do pred=mi ❌  | hz: gt=130.8128 pred=504.0 ❌
    [ 165/560]  A#3 electric_keyboard  | midi: gt=58 pred=60 ❌  | spn: gt=A#3 pred=C6 ❌  | doremi: gt=la# pred=fa# ❌  | hz: gt=233.0819 pred=60.0 ❌
    [ 166/560]  A#3 electric_keyboard  | midi: gt=58 pred=60 ❌  | spn: gt=A#3 pred=C4 ❌  | doremi: gt=la# pred=fa# ❌  | hz: gt=233.0819 pred=60.0 ❌
    [ 167/560]   C4 electric_keyboard  | midi: gt=60 pred=63 ❌  | spn: gt=C4 pred=C6 ❌  | doremi: gt=do pred=mi ❌  | hz: gt=261.6256 pred=625.0 ❌
    [ 168/560]   C4 electric_keyboard  | midi: gt=60 pred=63 ❌  | spn: gt=C4 pred=C6 ❌  | doremi: gt=do pred=mi ❌  | hz: gt=261.6256 pred=625.0 ❌
    [ 169/560]   C4 electric_keyboard  | midi: gt=60 pred=63 ❌  | spn: gt=C4 pred=C6 ❌  | doremi: gt=do pred=mi ❌  | hz: gt=261.6256 pred=625.0 ❌
    [ 170/560]   C4 electric_keyboard  | midi: gt=60 pred=63 ❌  | spn: gt=C4 pred=C6 ❌  | doremi: gt=do pred=mi ❌  | hz: gt=261.6256 pred=625.0 ❌
    [ 171/560]   C4 electric_keyboard  | midi: gt=60 pred=63 ❌  | spn: gt=C4 pred=C6 ❌  | doremi: gt=do pred=mi ❌  | hz: gt=261.6256 pred=62.5 ❌
    [ 172/560]   C4 electric_keyboard  | midi: gt=60 pred=63 ❌  | spn: gt=C4 pred=C6 ❌  | doremi: gt=do pred=mi ❌  | hz: gt=261.6256 pred=6250.0 ❌
    [ 173/560]   E4 electric_keyboard  | midi: gt=64 pred=65 ❌  | spn: gt=E4 pred=C6 ❌  | doremi: gt=mi pred=fa# ❌  | hz: gt=329.6276 pred=659.32 ❌
    [ 174/560]   E4 electric_keyboard  | midi: gt=64 pred=65 ❌  | spn: gt=E4 pred=C6 ❌  | doremi: gt=mi pred=fa# ❌  | hz: gt=329.6276 pred=659.32 ❌
    [ 175/560]  C#5 electric_keyboard  | midi: gt=73 pred=75 ❌  | spn: gt=C#5 pred=C6 ❌  | doremi: gt=do# pred=fa# ❌  | hz: gt=554.3653 pred=750.0 ❌
    [ 176/560]  C#5 electric_keyboard  | midi: gt=73 pred=75 ❌  | spn: gt=C#5 pred=C6 ❌  | doremi: gt=do# pred=fa# ❌  | hz: gt=554.3653 pred=750.0 ❌
    [ 177/560]   E5 electric_keyboard  | midi: gt=76 pred=65 ❌  | spn: gt=E5 pred=C6 ❌  | doremi: gt=mi pred=fa# ❌  | hz: gt=659.2551 pred=701.25 ❌
    [ 178/560]   E5 electric_keyboard  | midi: gt=76 pred=65 ❌  | spn: gt=E5 pred=C6 ❌  | doremi: gt=mi pred=fa# ❌  | hz: gt=659.2551 pred=701.25 ❌
    [ 179/560]   E5 electric_keyboard  | midi: gt=76 pred=65 ❌  | spn: gt=E5 pred=C6 ❌  | doremi: gt=mi pred=fa# ❌  | hz: gt=659.2551 pred=701.25 ❌
    [ 180/560]   E5 electric_keyboard  | midi: gt=76 pred=65 ❌  | spn: gt=E5 pred=C6 ❌  | doremi: gt=mi pred=fa# ❌  | hz: gt=659.2551 pred=701.25 ❌
    [ 181/560]   E6 electric_keyboard  | midi: gt=88 pred=89 ❌  | spn: gt=E6 pred=C6 ❌  | doremi: gt=mi pred=sol# ❌  | hz: gt=1318.5102 pred=830.61 ❌
    [ 182/560]   E6 electric_keyboard  | midi: gt=88 pred=83 ❌  | spn: gt=E6 pred=F#6 ❌  | doremi: gt=mi pred=fa# ❌  | hz: gt=1318.5102 pred=830.61 ❌
    [ 183/560]   E6 electric_keyboard  | midi: gt=88 pred=89 ❌  | spn: gt=E6 pred=C6 ❌  | doremi: gt=mi pred=sol# ❌  | hz: gt=1318.5102 pred=890.63 ❌
    [ 184/560]   E6 electric_keyboard  | midi: gt=88 pred=90 ❌  | spn: gt=E6 pred=B6 ❌  | doremi: gt=mi pred=sol# ❌  | hz: gt=1318.5102 pred=905.0 ❌
    [ 185/560]  F#1 guitar  | midi: gt=30 pred=48 ❌  | spn: gt=F#1 pred=C4 ❌  | doremi: gt=fa# pred=fa# ✅  | hz: gt=46.2493 pred=430.56 ❌
    [ 186/560]  F#1 guitar  | midi: gt=30 pred=48 ❌  | spn: gt=F#1 pred=C4 ❌  | doremi: gt=fa# pred=fa# ✅  | hz: gt=46.2493 pred=430.56 ❌
    [ 187/560]  F#1 guitar  | midi: gt=30 pred=45 ❌  | spn: gt=F#1 pred=F#2 ❌  | doremi: gt=fa# pred=fa# ✅  | hz: gt=46.2493 pred=450.0 ❌
    [ 188/560]  F#1 guitar  | midi: gt=30 pred=45 ❌  | spn: gt=F#1 pred=F#2 ❌  | doremi: gt=fa# pred=fa# ✅  | hz: gt=46.2493 pred=450.0 ❌
    [ 189/560]   C2 guitar  | midi: gt=36 pred=56 ❌  | spn: gt=C2 pred=C4 ❌  | doremi: gt=do pred=fa# ❌  | hz: gt=65.4064 pred=450.0 ❌
    [ 190/560]   C2 guitar  | midi: gt=36 pred=56 ❌  | spn: gt=C2 pred=C4 ❌  | doremi: gt=do pred=fa# ❌  | hz: gt=65.4064 pred=450.0 ❌
    [ 191/560]   G2 guitar  | midi: gt=43 pred=45 ❌  | spn: gt=G2 pred=C4 ❌  | doremi: gt=sol pred=fa# ❌  | hz: gt=97.9989 pred=435.0 ❌
    [ 192/560]   G2 guitar  | midi: gt=43 pred=45 ❌  | spn: gt=G2 pred=C4 ❌  | doremi: gt=sol pred=fa# ❌  | hz: gt=97.9989 pred=435.0 ❌
    [ 193/560]   C3 guitar  | midi: gt=48 pred=58 ❌  | spn: gt=C3 pred=C4 ❌  | doremi: gt=do pred=fa# ❌  | hz: gt=130.8128 pred=493.88 ❌
    [ 194/560]   C3 guitar  | midi: gt=48 pred=58 ❌  | spn: gt=C3 pred=C4 ❌  | doremi: gt=do pred=fa# ❌  | hz: gt=130.8128 pred=493.88 ❌
    [ 195/560]  F#3 guitar  | midi: gt=54 pred=56 ❌  | spn: gt=F#3 pred=G4 ❌  | doremi: gt=fa# pred=sol ❌  | hz: gt=184.9972 pred=450.0 ❌
    [ 196/560]  F#3 guitar  | midi: gt=54 pred=56 ❌  | spn: gt=F#3 pred=G4 ❌  | doremi: gt=fa# pred=sol ❌  | hz: gt=184.9972 pred=450.0 ❌
    [ 197/560]  F#3 guitar  | midi: gt=54 pred=56 ❌  | spn: gt=F#3 pred=G4 ❌  | doremi: gt=fa# pred=sol ❌  | hz: gt=184.9972 pred=450.0 ❌
    [ 198/560]  F#3 guitar  | midi: gt=54 pred=56 ❌  | spn: gt=F#3 pred=G4 ❌  | doremi: gt=fa# pred=sol ❌  | hz: gt=184.9972 pred=450.0 ❌
    [ 199/560]   C4 guitar  | midi: gt=60 pred=58 ❌  | spn: gt=C4 pred=C4 ✅  | doremi: gt=do pred=fa# ❌  | hz: gt=261.6256 pred=435.0 ❌
    [ 200/560]   C4 guitar  | midi: gt=60 pred=58 ❌  | spn: gt=C4 pred=C4 ✅  | doremi: gt=do pred=fa# ❌  | hz: gt=261.6256 pred=435.0 ❌
    [ 201/560]   G4 guitar  | midi: gt=67 pred=64 ❌  | spn: gt=G4 pred=C4 ❌  | doremi: gt=sol pred=fa# ❌  | hz: gt=391.9954 pred=460.0 ❌
    [ 202/560]   G4 guitar  | midi: gt=67 pred=64 ❌  | spn: gt=G4 pred=C4 ❌  | doremi: gt=sol pred=fa# ❌  | hz: gt=391.9954 pred=460.0 ❌
    [ 203/560]   G4 guitar  | midi: gt=67 pred=69 ❌  | spn: gt=G4 pred=A4 ❌  | doremi: gt=sol pred=fa# ❌  | hz: gt=391.9954 pred=450.0 ❌
    [ 204/560]   G4 guitar  | midi: gt=67 pred=69 ❌  | spn: gt=G4 pred=A4 ❌  | doremi: gt=sol pred=fa# ❌  | hz: gt=391.9954 pred=450.0 ❌
    [ 205/560]   A4 guitar  | midi: gt=69 pred=69 ✅  | spn: gt=A4 pred=A#6 ❌  | doremi: gt=la pred=re ❌  | hz: gt=440.0 pred=450.0 ❌
    [ 206/560]   A4 guitar  | midi: gt=69 pred=69 ✅  | spn: gt=A4 pred=A#6 ❌  | doremi: gt=la pred=re ❌  | hz: gt=440.0 pred=450.0 ❌
    [ 207/560]  C#5 guitar  | midi: gt=73 pred=63 ❌  | spn: gt=C#5 pred=C4 ❌  | doremi: gt=do# pred=fa# ❌  | hz: gt=554.3653 pred=493.88 ❌
    [ 208/560]  C#5 guitar  | midi: gt=73 pred=63 ❌  | spn: gt=C#5 pred=C4 ❌  | doremi: gt=do# pred=fa# ❌  | hz: gt=554.3653 pred=493.88 ❌
    [ 209/560]  C#5 guitar  | midi: gt=73 pred=63 ❌  | spn: gt=C#5 pred=C4 ❌  | doremi: gt=do# pred=fa# ❌  | hz: gt=554.3653 pred=493.88 ❌
    [ 210/560]  C#5 guitar  | midi: gt=73 pred=63 ❌  | spn: gt=C#5 pred=C4 ❌  | doremi: gt=do# pred=fa# ❌  | hz: gt=554.3653 pred=493.88 ❌
    [ 211/560]   E5 guitar  | midi: gt=76 pred=68 ❌  | spn: gt=E5 pred=F#6 ❌  | doremi: gt=mi pred=fa# ❌  | hz: gt=659.2551 pred=701.45 ❌
    [ 212/560]   E5 guitar  | midi: gt=76 pred=68 ❌  | spn: gt=E5 pred=F#6 ❌  | doremi: gt=mi pred=fa# ❌  | hz: gt=659.2551 pred=701.45 ❌
    [ 213/560]   G5 guitar  | midi: gt=79 pred=69 ❌  | spn: gt=G5 pred=C6 ❌  | doremi: gt=sol pred=fa# ❌  | hz: gt=783.9909 pred=460.0 ❌
    [ 214/560]   G5 guitar  | midi: gt=79 pred=69 ❌  | spn: gt=G5 pred=C4 ❌  | doremi: gt=sol pred=fa# ❌  | hz: gt=783.9909 pred=463.89 ❌
    [ 215/560]   G5 guitar  | midi: gt=79 pred=83 ❌  | spn: gt=G5 pred=A7 ❌  | doremi: gt=sol pred=fa# ❌  | hz: gt=783.9909 pred=None ❌
    [ 216/560]   G5 guitar  | midi: gt=79 pred=83 ❌  | spn: gt=G5 pred=A7 ❌  | doremi: gt=sol pred=fa# ❌  | hz: gt=783.9909 pred=None ❌
    [ 217/560]  F#1 flute  | midi: gt=30 pred=45 ❌  | spn: gt=F#1 pred=C4 ❌  | doremi: gt=fa# pred=fa# ✅  | hz: gt=46.2493 pred=450.0 ❌
    [ 218/560]  F#1 flute  | midi: gt=30 pred=48 ❌  | spn: gt=F#1 pred=C4 ❌  | doremi: gt=fa# pred=fa# ✅  | hz: gt=46.2493 pred=450.0 ❌
    [ 219/560]  F#1 flute  | midi: gt=30 pred=48 ❌  | spn: gt=F#1 pred=C4 ❌  | doremi: gt=fa# pred=fa# ✅  | hz: gt=46.2493 pred=450.0 ❌
    [ 220/560]  F#1 flute  | midi: gt=30 pred=48 ❌  | spn: gt=F#1 pred=C4 ❌  | doremi: gt=fa# pred=fa# ✅  | hz: gt=46.2493 pred=450.0 ❌
    [ 221/560]  F#1 flute  | midi: gt=30 pred=35 ❌  | spn: gt=F#1 pred=A#2 ❌  | doremi: gt=fa# pred=fa# ✅  | hz: gt=46.2493 pred=214.306 ❌
    [ 222/560]  F#1 flute  | midi: gt=30 pred=35 ❌  | spn: gt=F#1 pred=C2 ❌  | doremi: gt=fa# pred=fa# ✅  | hz: gt=46.2493 pred=435.0 ❌
    [ 223/560]   C2 flute  | midi: gt=36 pred=45 ❌  | spn: gt=C2 pred=C2 ✅  | doremi: gt=do pred=fa# ❌  | hz: gt=65.4064 pred=465.0 ❌
    [ 224/560]   C2 flute  | midi: gt=36 pred=45 ❌  | spn: gt=C2 pred=C2 ✅  | doremi: gt=do pred=fa# ❌  | hz: gt=65.4064 pred=415.306 ❌
    [ 225/560]   G2 flute  | midi: gt=43 pred=45 ❌  | spn: gt=G2 pred=C4 ❌  | doremi: gt=sol pred=fa# ❌  | hz: gt=97.9989 pred=430.51 ❌
    [ 226/560]   G2 flute  | midi: gt=43 pred=45 ❌  | spn: gt=G2 pred=C4 ❌  | doremi: gt=sol pred=fa# ❌  | hz: gt=97.9989 pred=430.51 ❌
    [ 227/560]   G2 flute  | midi: gt=43 pred=45 ❌  | spn: gt=G2 pred=C4 ❌  | doremi: gt=sol pred=fa# ❌  | hz: gt=97.9989 pred=430.51 ❌
    [ 228/560]   G2 flute  | midi: gt=43 pred=45 ❌  | spn: gt=G2 pred=C4 ❌  | doremi: gt=sol pred=fa# ❌  | hz: gt=97.9989 pred=430.51 ❌
    [ 229/560]   C3 flute  | midi: gt=48 pred=48 ✅  | spn: gt=C3 pred=C4 ❌  | doremi: gt=do pred=fa# ❌  | hz: gt=130.8128 pred=430.51 ❌
    [ 230/560]   C3 flute  | midi: gt=48 pred=48 ✅  | spn: gt=C3 pred=C4 ❌  | doremi: gt=do pred=fa# ❌  | hz: gt=130.8128 pred=430.51 ❌
    [ 231/560]   C3 flute  | midi: gt=48 pred=45 ❌  | spn: gt=C3 pred=C2 ❌  | doremi: gt=do pred=fa# ❌  | hz: gt=130.8128 pred=435.0 ❌
    [ 232/560]   C3 flute  | midi: gt=48 pred=43 ❌  | spn: gt=C3 pred=C4 ❌  | doremi: gt=do pred=fa# ❌  | hz: gt=130.8128 pred=435.0 ❌
    [ 233/560]  F#3 flute  | midi: gt=54 pred=43 ❌  | spn: gt=F#3 pred=C4 ❌  | doremi: gt=fa# pred=fa# ✅  | hz: gt=184.9972 pred=436.36 ❌
    [ 234/560]  F#3 flute  | midi: gt=54 pred=43 ❌  | spn: gt=F#3 pred=C4 ❌  | doremi: gt=fa# pred=fa# ✅  | hz: gt=184.9972 pred=436.36 ❌
    [ 235/560]  A#3 flute  | midi: gt=58 pred=64 ❌  | spn: gt=A#3 pred=C4 ❌  | doremi: gt=la# pred=fa# ❌  | hz: gt=233.0819 pred=435.0 ❌
    [ 236/560]  A#3 flute  | midi: gt=58 pred=64 ❌  | spn: gt=A#3 pred=C4 ❌  | doremi: gt=la# pred=fa# ❌  | hz: gt=233.0819 pred=480.0 ❌
    [ 237/560]   E4 flute  | midi: gt=64 pred=65 ❌  | spn: gt=E4 pred=C6 ❌  | doremi: gt=mi pred=fa# ❌  | hz: gt=329.6276 pred=423.68 ❌
    [ 238/560]   E4 flute  | midi: gt=64 pred=65 ❌  | spn: gt=E4 pred=C6 ❌  | doremi: gt=mi pred=fa# ❌  | hz: gt=329.6276 pred=659.32 ❌
    [ 239/560]   G4 flute  | midi: gt=67 pred=64 ❌  | spn: gt=G4 pred=C4 ❌  | doremi: gt=sol pred=fa# ❌  | hz: gt=391.9954 pred=463.0 ❌
    [ 240/560]   G4 flute  | midi: gt=67 pred=64 ❌  | spn: gt=G4 pred=C4 ❌  | doremi: gt=sol pred=fa# ❌  | hz: gt=391.9954 pred=463.0 ❌
    [ 241/560]   G4 flute  | midi: gt=67 pred=64 ❌  | spn: gt=G4 pred=C4 ❌  | doremi: gt=sol pred=fa# ❌  | hz: gt=391.9954 pred=463.0 ❌
    [ 242/560]   G4 flute  | midi: gt=67 pred=64 ❌  | spn: gt=G4 pred=C4 ❌  | doremi: gt=sol pred=fa# ❌  | hz: gt=391.9954 pred=463.0 ❌
    [ 243/560]   G4 flute  | midi: gt=67 pred=69 ❌  | spn: gt=G4 pred=A4 ❌  | doremi: gt=sol pred=fa# ❌  | hz: gt=391.9954 pred=450.0 ❌
    [ 244/560]   G4 flute  | midi: gt=67 pred=69 ❌  | spn: gt=G4 pred=A4 ❌  | doremi: gt=sol pred=fa# ❌  | hz: gt=391.9954 pred=450.0 ❌
    [ 245/560]   A4 flute  | midi: gt=69 pred=69 ✅  | spn: gt=A4 pred=C6 ❌  | doremi: gt=la pred=fa# ❌  | hz: gt=440.0 pred=465.0 ❌
    [ 246/560]   A4 flute  | midi: gt=69 pred=68 ❌  | spn: gt=A4 pred=C6 ❌  | doremi: gt=la pred=fa# ❌  | hz: gt=440.0 pred=430.56 ❌
    [ 247/560]   A4 flute  | midi: gt=69 pred=68 ❌  | spn: gt=A4 pred=C6 ❌  | doremi: gt=la pred=fa# ❌  | hz: gt=440.0 pred=465.0 ❌
    [ 248/560]   A4 flute  | midi: gt=69 pred=68 ❌  | spn: gt=A4 pred=C6 ❌  | doremi: gt=la pred=fa# ❌  | hz: gt=440.0 pred=430.56 ❌
    [ 249/560]   A4 flute  | midi: gt=69 pred=68 ❌  | spn: gt=A4 pred=C6 ❌  | doremi: gt=la pred=fa# ❌  | hz: gt=440.0 pred=480.0 ❌
    [ 250/560]   A4 flute  | midi: gt=69 pred=68 ❌  | spn: gt=A4 pred=C6 ❌  | doremi: gt=la pred=fa# ❌  | hz: gt=440.0 pred=480.0 ❌
    [ 251/560]   A4 flute  | midi: gt=69 pred=68 ❌  | spn: gt=A4 pred=C6 ❌  | doremi: gt=la pred=fa# ❌  | hz: gt=440.0 pred=480.0 ❌
    [ 252/560]   A4 flute  | midi: gt=69 pred=68 ❌  | spn: gt=A4 pred=C6 ❌  | doremi: gt=la pred=fa# ❌  | hz: gt=440.0 pred=480.0 ❌
    [ 253/560]  C#5 flute  | midi: gt=73 pred=63 ❌  | spn: gt=C#5 pred=C6 ❌  | doremi: gt=do# pred=fa# ❌  | hz: gt=554.3653 pred=625.0 ❌
    [ 254/560]  C#5 flute  | midi: gt=73 pred=63 ❌  | spn: gt=C#5 pred=C6 ❌  | doremi: gt=do# pred=fa# ❌  | hz: gt=554.3653 pred=625.0 ❌
    [ 255/560]   E5 flute  | midi: gt=76 pred=65 ❌  | spn: gt=E5 pred=F#6 ❌  | doremi: gt=mi pred=fa# ❌  | hz: gt=659.2551 pred=659.34 ✅
    [ 256/560]   E5 flute  | midi: gt=76 pred=65 ❌  | spn: gt=E5 pred=F#6 ❌  | doremi: gt=mi pred=fa# ❌  | hz: gt=659.2551 pred=659.34 ✅
    [ 257/560]   E5 flute  | midi: gt=76 pred=65 ❌  | spn: gt=E5 pred=F#6 ❌  | doremi: gt=mi pred=fa# ❌  | hz: gt=659.2551 pred=659.34 ✅
    [ 258/560]   E5 flute  | midi: gt=76 pred=65 ❌  | spn: gt=E5 pred=F#6 ❌  | doremi: gt=mi pred=fa# ❌  | hz: gt=659.2551 pred=659.34 ✅
    [ 259/560]   E6 flute  | midi: gt=88 pred=89 ❌  | spn: gt=E6 pred=F#6 ❌  | doremi: gt=mi pred=sol# ❌  | hz: gt=1318.5102 pred=890.63 ❌
    [ 260/560]   E6 flute  | midi: gt=88 pred=89 ❌  | spn: gt=E6 pred=F#6 ❌  | doremi: gt=mi pred=sol# ❌  | hz: gt=1318.5102 pred=890.63 ❌
    [ 261/560]   E6 flute  | midi: gt=88 pred=89 ❌  | spn: gt=E6 pred=F#6 ❌  | doremi: gt=mi pred=sol# ❌  | hz: gt=1318.5102 pred=890.63 ❌
    [ 262/560]   E6 flute  | midi: gt=88 pred=89 ❌  | spn: gt=E6 pred=F#6 ❌  | doremi: gt=mi pred=sol# ❌  | hz: gt=1318.5102 pred=890.63 ❌
    [ 263/560]  F#1 trumpet  | midi: gt=30 pred=34 ❌  | spn: gt=F#1 pred=F2 ❌  | doremi: gt=fa# pred=fa# ✅  | hz: gt=46.2493 pred=32.7 ❌
    [ 264/560]  F#1 trumpet  | midi: gt=30 pred=34 ❌  | spn: gt=F#1 pred=F2 ❌  | doremi: gt=fa# pred=fa# ✅  | hz: gt=46.2493 pred=329.63 ❌
    [ 265/560]   C2 trumpet  | midi: gt=36 pred=36 ✅  | spn: gt=C2 pred=A#2 ❌  | doremi: gt=do pred=fa# ❌  | hz: gt=65.4064 pred=340.0 ❌
    [ 266/560]   C2 trumpet  | midi: gt=36 pred=36 ✅  | spn: gt=C2 pred=A#2 ❌  | doremi: gt=do pred=fa# ❌  | hz: gt=65.4064 pred=340.0 ❌
    [ 267/560]   C2 trumpet  | midi: gt=36 pred=36 ✅  | spn: gt=C2 pred=C2 ✅  | doremi: gt=do pred=re ❌  | hz: gt=65.4064 pred=35.98 ❌
    [ 268/560]   C2 trumpet  | midi: gt=36 pred=36 ✅  | spn: gt=C2 pred=C2 ✅  | doremi: gt=do pred=fa# ❌  | hz: gt=65.4064 pred=35.98 ❌
    [ 269/560]   C2 trumpet  | midi: gt=36 pred=36 ✅  | spn: gt=C2 pred=C2 ✅  | doremi: gt=do pred=fa# ❌  | hz: gt=65.4064 pred=35.98 ❌
    [ 270/560]   C2 trumpet  | midi: gt=36 pred=36 ✅  | spn: gt=C2 pred=C2 ✅  | doremi: gt=do pred=fa# ❌  | hz: gt=65.4064 pred=35.98 ❌
    [ 271/560]   G2 trumpet  | midi: gt=43 pred=45 ❌  | spn: gt=G2 pred=A3 ❌  | doremi: gt=sol pred=fa# ❌  | hz: gt=97.9989 pred=450.0 ❌
    [ 272/560]   G2 trumpet  | midi: gt=43 pred=45 ❌  | spn: gt=G2 pred=A3 ❌  | doremi: gt=sol pred=fa# ❌  | hz: gt=97.9989 pred=450.0 ❌
    [ 273/560]   C3 trumpet  | midi: gt=48 pred=48 ✅  | spn: gt=C3 pred=C4 ❌  | doremi: gt=do pred=fa# ❌  | hz: gt=130.8128 pred=435.0 ❌
    [ 274/560]   C3 trumpet  | midi: gt=48 pred=53 ❌  | spn: gt=C3 pred=C4 ❌  | doremi: gt=do pred=fa# ❌  | hz: gt=130.8128 pred=480.0 ❌
    [ 275/560]   C3 trumpet  | midi: gt=48 pred=53 ❌  | spn: gt=C3 pred=C4 ❌  | doremi: gt=do pred=fa# ❌  | hz: gt=130.8128 pred=480.0 ❌
    [ 276/560]   C3 trumpet  | midi: gt=48 pred=53 ❌  | spn: gt=C3 pred=C4 ❌  | doremi: gt=do pred=fa# ❌  | hz: gt=130.8128 pred=480.0 ❌
    [ 277/560]  F#3 trumpet  | midi: gt=54 pred=56 ❌  | spn: gt=F#3 pred=C4 ❌  | doremi: gt=fa# pred=fa# ✅  | hz: gt=184.9972 pred=450.0 ❌
    [ 278/560]  F#3 trumpet  | midi: gt=54 pred=56 ❌  | spn: gt=F#3 pred=C4 ❌  | doremi: gt=fa# pred=fa# ✅  | hz: gt=184.9972 pred=450.0 ❌
    [ 279/560]  F#3 trumpet  | midi: gt=54 pred=56 ❌  | spn: gt=F#3 pred=C4 ❌  | doremi: gt=fa# pred=fa# ✅  | hz: gt=184.9972 pred=450.0 ❌
    [ 280/560]  F#3 trumpet  | midi: gt=54 pred=56 ❌  | spn: gt=F#3 pred=C4 ❌  | doremi: gt=fa# pred=fa# ✅  | hz: gt=184.9972 pred=450.0 ❌
    [ 281/560]  F#3 trumpet  | midi: gt=54 pred=56 ❌  | spn: gt=F#3 pred=C4 ❌  | doremi: gt=fa# pred=sol ❌  | hz: gt=184.9972 pred=450.0 ❌
    [ 282/560]  F#3 trumpet  | midi: gt=54 pred=56 ❌  | spn: gt=F#3 pred=C4 ❌  | doremi: gt=fa# pred=sol# ❌  | hz: gt=184.9972 pred=450.0 ❌
    [ 283/560]  A#3 trumpet  | midi: gt=58 pred=64 ❌  | spn: gt=A#3 pred=C4 ❌  | doremi: gt=la# pred=fa# ❌  | hz: gt=233.0819 pred=480.0 ❌
    [ 284/560]  A#3 trumpet  | midi: gt=58 pred=64 ❌  | spn: gt=A#3 pred=C4 ❌  | doremi: gt=la# pred=fa# ❌  | hz: gt=233.0819 pred=480.0 ❌
    [ 285/560]  A#3 trumpet  | midi: gt=58 pred=64 ❌  | spn: gt=A#3 pred=C4 ❌  | doremi: gt=la# pred=sol ❌  | hz: gt=233.0819 pred=493.88 ❌
    [ 286/560]  A#3 trumpet  | midi: gt=58 pred=64 ❌  | spn: gt=A#3 pred=C4 ❌  | doremi: gt=la# pred=sol ❌  | hz: gt=233.0819 pred=493.88 ❌
    [ 287/560]   C4 trumpet  | midi: gt=60 pred=63 ❌  | spn: gt=C4 pred=C4 ✅  | doremi: gt=do pred=sol ❌  | hz: gt=261.6256 pred=625.0 ❌
    [ 288/560]   C4 trumpet  | midi: gt=60 pred=63 ❌  | spn: gt=C4 pred=D4 ❌  | doremi: gt=do pred=sol ❌  | hz: gt=261.6256 pred=625.0 ❌
    [ 289/560]   E4 trumpet  | midi: gt=64 pred=65 ❌  | spn: gt=E4 pred=F#4 ❌  | doremi: gt=mi pred=sol# ❌  | hz: gt=329.6276 pred=659.32 ❌
    [ 290/560]   E4 trumpet  | midi: gt=64 pred=65 ❌  | spn: gt=E4 pred=F#4 ❌  | doremi: gt=mi pred=sol# ❌  | hz: gt=329.6276 pred=659.32 ❌
    [ 291/560]   A4 trumpet  | midi: gt=69 pred=69 ✅  | spn: gt=A4 pred=A#6 ❌  | doremi: gt=la pred=fa# ❌  | hz: gt=440.0 pred=697.0 ❌
    [ 292/560]   A4 trumpet  | midi: gt=69 pred=69 ✅  | spn: gt=A4 pred=A#6 ❌  | doremi: gt=la pred=fa# ❌  | hz: gt=440.0 pred=697.0 ❌
    [ 293/560]  C#5 trumpet  | midi: gt=73 pred=63 ❌  | spn: gt=C#5 pred=C6 ❌  | doremi: gt=do# pred=sol# ❌  | hz: gt=554.3653 pred=701.25 ❌
    [ 294/560]  C#5 trumpet  | midi: gt=73 pred=63 ❌  | spn: gt=C#5 pred=C6 ❌  | doremi: gt=do# pred=sol# ❌  | hz: gt=554.3653 pred=701.25 ❌
    [ 295/560]   G5 trumpet  | midi: gt=79 pred=69 ❌  | spn: gt=G5 pred=C6 ❌  | doremi: gt=sol pred=fa# ❌  | hz: gt=783.9909 pred=450.0 ❌
    [ 296/560]   G5 trumpet  | midi: gt=79 pred=69 ❌  | spn: gt=G5 pred=C6 ❌  | doremi: gt=sol pred=fa# ❌  | hz: gt=783.9909 pred=450.0 ❌
    [ 297/560]   E6 trumpet  | midi: gt=88 pred=65 ❌  | spn: gt=E6 pred=F#6 ❌  | doremi: gt=mi pred=fa# ❌  | hz: gt=1318.5102 pred=450.0 ❌
    [ 298/560]   E6 trumpet  | midi: gt=88 pred=65 ❌  | spn: gt=E6 pred=F#6 ❌  | doremi: gt=mi pred=fa# ❌  | hz: gt=1318.5102 pred=450.0 ❌
    [ 299/560]   G2 trombone  | midi: gt=43 pred=45 ❌  | spn: gt=G2 pred=A#2 ❌  | doremi: gt=sol pred=fa# ❌  | hz: gt=97.9989 pred=450.0 ❌
    [ 300/560]   G2 trombone  | midi: gt=43 pred=45 ❌  | spn: gt=G2 pred=A3 ❌  | doremi: gt=sol pred=fa# ❌  | hz: gt=97.9989 pred=450.0 ❌
    [ 301/560]   G2 trombone  | midi: gt=43 pred=45 ❌  | spn: gt=G2 pred=A3 ❌  | doremi: gt=sol pred=fa# ❌  | hz: gt=97.9989 pred=450.0 ❌
    [ 302/560]   G2 trombone  | midi: gt=43 pred=45 ❌  | spn: gt=G2 pred=A3 ❌  | doremi: gt=sol pred=fa# ❌  | hz: gt=97.9989 pred=450.0 ❌
    [ 303/560]   C4 trombone  | midi: gt=60 pred=62 ❌  | spn: gt=C4 pred=C4 ✅  | doremi: gt=do pred=fa# ❌  | hz: gt=261.6256 pred=625.0 ❌
    [ 304/560]   C4 trombone  | midi: gt=60 pred=62 ❌  | spn: gt=C4 pred=C4 ✅  | doremi: gt=do pred=fa# ❌  | hz: gt=261.6256 pred=625.0 ❌
    [ 305/560]   C4 trombone  | midi: gt=60 pred=62 ❌  | spn: gt=C4 pred=D4 ❌  | doremi: gt=do pred=sol ❌  | hz: gt=261.6256 pred=625.0 ❌
    [ 306/560]   C4 trombone  | midi: gt=60 pred=62 ❌  | spn: gt=C4 pred=D4 ❌  | doremi: gt=do pred=sol ❌  | hz: gt=261.6256 pred=625.0 ❌
    [ 307/560]   E4 trombone  | midi: gt=64 pred=65 ❌  | spn: gt=E4 pred=F#4 ❌  | doremi: gt=mi pred=fa# ❌  | hz: gt=329.6276 pred=659.34 ❌
    [ 308/560]   E4 trombone  | midi: gt=64 pred=68 ❌  | spn: gt=E4 pred=F#4 ❌  | doremi: gt=mi pred=sol# ❌  | hz: gt=329.6276 pred=659.34 ❌
    [ 309/560]   G4 trombone  | midi: gt=67 pred=69 ❌  | spn: gt=G4 pred=A4 ❌  | doremi: gt=sol pred=sol ✅  | hz: gt=391.9954 pred=450.0 ❌
    [ 310/560]   G4 trombone  | midi: gt=67 pred=69 ❌  | spn: gt=G4 pred=A4 ❌  | doremi: gt=sol pred=sol ✅  | hz: gt=391.9954 pred=450.0 ❌
    [ 311/560]   G5 trombone  | midi: gt=79 pred=69 ❌  | spn: gt=G5 pred=A4 ❌  | doremi: gt=sol pred=fa# ❌  | hz: gt=783.9909 pred=450.0 ❌
    [ 312/560]   G5 trombone  | midi: gt=79 pred=69 ❌  | spn: gt=G5 pred=A4 ❌  | doremi: gt=sol pred=fa# ❌  | hz: gt=783.9909 pred=450.0 ❌
    [ 313/560]   G5 trombone  | midi: gt=79 pred=69 ❌  | spn: gt=G5 pred=A4 ❌  | doremi: gt=sol pred=fa# ❌  | hz: gt=783.9909 pred=450.0 ❌
    [ 314/560]   G5 trombone  | midi: gt=79 pred=69 ❌  | spn: gt=G5 pred=A4 ❌  | doremi: gt=sol pred=fa# ❌  | hz: gt=783.9909 pred=450.0 ❌
    [ 315/560]   C2 clarinet  | midi: gt=36 pred=45 ❌  | spn: gt=C2 pred=C4 ❌  | doremi: gt=do pred=fa# ❌  | hz: gt=65.4064 pred=450.0 ❌
    [ 316/560]   C2 clarinet  | midi: gt=36 pred=45 ❌  | spn: gt=C2 pred=C4 ❌  | doremi: gt=do pred=fa# ❌  | hz: gt=65.4064 pred=105.26 ❌
    [ 317/560]   C2 clarinet  | midi: gt=36 pred=45 ❌  | spn: gt=C2 pred=C4 ❌  | doremi: gt=do pred=fa# ❌  | hz: gt=65.4064 pred=105.26 ❌
    [ 318/560]   C2 clarinet  | midi: gt=36 pred=45 ❌  | spn: gt=C2 pred=C4 ❌  | doremi: gt=do pred=fa# ❌  | hz: gt=65.4064 pred=105.26 ❌
    [ 319/560]   C3 clarinet  | midi: gt=48 pred=65 ❌  | spn: gt=C3 pred=C4 ❌  | doremi: gt=do pred=fa# ❌  | hz: gt=130.8128 pred=450.0 ❌
    [ 320/560]   C3 clarinet  | midi: gt=48 pred=65 ❌  | spn: gt=C3 pred=C4 ❌  | doremi: gt=do pred=fa# ❌  | hz: gt=130.8128 pred=450.0 ❌
    [ 321/560]  F#3 clarinet  | midi: gt=54 pred=58 ❌  | spn: gt=F#3 pred=C4 ❌  | doremi: gt=fa# pred=fa# ✅  | hz: gt=184.9972 pred=450.0 ❌
    [ 322/560]  F#3 clarinet  | midi: gt=54 pred=58 ❌  | spn: gt=F#3 pred=C4 ❌  | doremi: gt=fa# pred=fa# ✅  | hz: gt=184.9972 pred=450.0 ❌
    [ 323/560]   C4 clarinet  | midi: gt=60 pred=63 ❌  | spn: gt=C4 pred=C6 ❌  | doremi: gt=do pred=fa# ❌  | hz: gt=261.6256 pred=460.0 ❌
    [ 324/560]   C4 clarinet  | midi: gt=60 pred=69 ❌  | spn: gt=C4 pred=C6 ❌  | doremi: gt=do pred=fa# ❌  | hz: gt=261.6256 pred=460.0 ❌
    [ 325/560]   E4 clarinet  | midi: gt=64 pred=65 ❌  | spn: gt=E4 pred=C4 ❌  | doremi: gt=mi pred=fa# ❌  | hz: gt=329.6276 pred=450.0 ❌
    [ 326/560]   E4 clarinet  | midi: gt=64 pred=65 ❌  | spn: gt=E4 pred=C4 ❌  | doremi: gt=mi pred=fa# ❌  | hz: gt=329.6276 pred=450.0 ❌
    [ 327/560]   G4 clarinet  | midi: gt=67 pred=69 ❌  | spn: gt=G4 pred=C6 ❌  | doremi: gt=sol pred=fa# ❌  | hz: gt=391.9954 pred=450.0 ❌
    [ 328/560]   G4 clarinet  | midi: gt=67 pred=69 ❌  | spn: gt=G4 pred=C6 ❌  | doremi: gt=sol pred=fa# ❌  | hz: gt=391.9954 pred=450.0 ❌
    [ 329/560]   A4 clarinet  | midi: gt=69 pred=69 ✅  | spn: gt=A4 pred=C6 ❌  | doremi: gt=la pred=fa# ❌  | hz: gt=440.0 pred=450.0 ❌
    [ 330/560]   A4 clarinet  | midi: gt=69 pred=69 ✅  | spn: gt=A4 pred=C4 ❌  | doremi: gt=la pred=fa# ❌  | hz: gt=440.0 pred=450.0 ❌
    [ 331/560]  C#5 clarinet  | midi: gt=73 pred=63 ❌  | spn: gt=C#5 pred=C6 ❌  | doremi: gt=do# pred=sol# ❌  | hz: gt=554.3653 pred=625.0 ❌
    [ 332/560]  C#5 clarinet  | midi: gt=73 pred=69 ❌  | spn: gt=C#5 pred=C6 ❌  | doremi: gt=do# pred=sol# ❌  | hz: gt=554.3653 pred=680.0 ❌
    [ 333/560]   G5 clarinet  | midi: gt=79 pred=69 ❌  | spn: gt=G5 pred=C6 ❌  | doremi: gt=sol pred=fa# ❌  | hz: gt=783.9909 pred=450.0 ❌
    [ 334/560]   G5 clarinet  | midi: gt=79 pred=69 ❌  | spn: gt=G5 pred=C6 ❌  | doremi: gt=sol pred=fa# ❌  | hz: gt=783.9909 pred=450.0 ❌
    [ 335/560]   E6 clarinet  | midi: gt=88 pred=68 ❌  | spn: gt=E6 pred=C6 ❌  | doremi: gt=mi pred=fa# ❌  | hz: gt=1318.5102 pred=450.0 ❌
    [ 336/560]   E6 clarinet  | midi: gt=88 pred=68 ❌  | spn: gt=E6 pred=C6 ❌  | doremi: gt=mi pred=fa# ❌  | hz: gt=1318.5102 pred=450.0 ❌
    [ 337/560]   C2 oboe  | midi: gt=36 pred=36 ✅  | spn: gt=C2 pred=C2 ✅  | doremi: gt=do pred=fa# ❌  | hz: gt=65.4064 pred=214.306 ❌
    [ 338/560]   C2 oboe  | midi: gt=36 pred=36 ✅  | spn: gt=C2 pred=C2 ✅  | doremi: gt=do pred=fa# ❌  | hz: gt=65.4064 pred=214.306 ❌
    [ 339/560]   G2 oboe  | midi: gt=43 pred=45 ❌  | spn: gt=G2 pred=A3 ❌  | doremi: gt=sol pred=fa# ❌  | hz: gt=97.9989 pred=450.0 ❌
    [ 340/560]   G2 oboe  | midi: gt=43 pred=45 ❌  | spn: gt=G2 pred=A3 ❌  | doremi: gt=sol pred=fa# ❌  | hz: gt=97.9989 pred=450.0 ❌
    [ 341/560]   C3 oboe  | midi: gt=48 pred=48 ✅  | spn: gt=C3 pred=C4 ❌  | doremi: gt=do pred=fa# ❌  | hz: gt=130.8128 pred=450.0 ❌
    [ 342/560]   C3 oboe  | midi: gt=48 pred=48 ✅  | spn: gt=C3 pred=C4 ❌  | doremi: gt=do pred=fa# ❌  | hz: gt=130.8128 pred=450.0 ❌
    [ 343/560]   C3 oboe  | midi: gt=48 pred=48 ✅  | spn: gt=C3 pred=D2 ❌  | doremi: gt=do pred=fa# ❌  | hz: gt=130.8128 pred=435.0 ❌
    [ 344/560]   C3 oboe  | midi: gt=48 pred=48 ✅  | spn: gt=C3 pred=D2 ❌  | doremi: gt=do pred=fa# ❌  | hz: gt=130.8128 pred=480.0 ❌
    [ 345/560]  F#3 oboe  | midi: gt=54 pred=45 ❌  | spn: gt=F#3 pred=C4 ❌  | doremi: gt=fa# pred=fa# ✅  | hz: gt=184.9972 pred=435.0 ❌
    [ 346/560]  F#3 oboe  | midi: gt=54 pred=45 ❌  | spn: gt=F#3 pred=C4 ❌  | doremi: gt=fa# pred=fa# ✅  | hz: gt=184.9972 pred=435.0 ❌
    [ 347/560]   C4 oboe  | midi: gt=60 pred=62 ❌  | spn: gt=C4 pred=C6 ❌  | doremi: gt=do pred=fa# ❌  | hz: gt=261.6256 pred=None ❌
    [ 348/560]   C4 oboe  | midi: gt=60 pred=62 ❌  | spn: gt=C4 pred=C6 ❌  | doremi: gt=do pred=fa# ❌  | hz: gt=261.6256 pred=None ❌
    [ 349/560]   E4 oboe  | midi: gt=64 pred=65 ❌  | spn: gt=E4 pred=C6 ❌  | doremi: gt=mi pred=sol ❌  | hz: gt=329.6276 pred=659.34 ❌
    [ 350/560]   E4 oboe  | midi: gt=64 pred=65 ❌  | spn: gt=E4 pred=C6 ❌  | doremi: gt=mi pred=sol ❌  | hz: gt=329.6276 pred=659.34 ❌
    [ 351/560]   G4 oboe  | midi: gt=67 pred=69 ❌  | spn: gt=G4 pred=A4 ❌  | doremi: gt=sol pred=sol ✅  | hz: gt=391.9954 pred=693.08 ❌
    [ 352/560]   G4 oboe  | midi: gt=67 pred=69 ❌  | spn: gt=G4 pred=A4 ❌  | doremi: gt=sol pred=sol ✅  | hz: gt=391.9954 pred=693.08 ❌
    [ 353/560]  C#5 oboe  | midi: gt=73 pred=69 ❌  | spn: gt=C#5 pred=C6 ❌  | doremi: gt=do# pred=fa# ❌  | hz: gt=554.3653 pred=681.54 ❌
    [ 354/560]  C#5 oboe  | midi: gt=73 pred=69 ❌  | spn: gt=C#5 pred=C6 ❌  | doremi: gt=do# pred=fa# ❌  | hz: gt=554.3653 pred=681.504 ❌
    [ 355/560]   C2 violin  | midi: gt=36 pred=46 ❌  | spn: gt=C2 pred=C2 ✅  | doremi: gt=do pred=fa# ❌  | hz: gt=65.4064 pred=210.0 ❌
    [ 356/560]   C2 violin  | midi: gt=36 pred=46 ❌  | spn: gt=C2 pred=C2 ✅  | doremi: gt=do pred=fa# ❌  | hz: gt=65.4064 pred=210.0 ❌
    [ 357/560]   G2 violin  | midi: gt=43 pred=45 ❌  | spn: gt=G2 pred=C4 ❌  | doremi: gt=sol pred=fa# ❌  | hz: gt=97.9989 pred=463.0 ❌
    [ 358/560]   G2 violin  | midi: gt=43 pred=45 ❌  | spn: gt=G2 pred=C4 ❌  | doremi: gt=sol pred=fa# ❌  | hz: gt=97.9989 pred=463.19 ❌
    [ 359/560]   G2 violin  | midi: gt=43 pred=45 ❌  | spn: gt=G2 pred=C4 ❌  | doremi: gt=sol pred=fa# ❌  | hz: gt=97.9989 pred=463.19 ❌
    [ 360/560]   G2 violin  | midi: gt=43 pred=45 ❌  | spn: gt=G2 pred=C4 ❌  | doremi: gt=sol pred=fa# ❌  | hz: gt=97.9989 pred=463.19 ❌
    [ 361/560]   C3 violin  | midi: gt=48 pred=53 ❌  | spn: gt=C3 pred=C4 ❌  | doremi: gt=do pred=fa# ❌  | hz: gt=130.8128 pred=463.87 ❌
    [ 362/560]   C3 violin  | midi: gt=48 pred=53 ❌  | spn: gt=C3 pred=C4 ❌  | doremi: gt=do pred=fa# ❌  | hz: gt=130.8128 pred=463.87 ❌
    [ 363/560]   C3 violin  | midi: gt=48 pred=48 ✅  | spn: gt=C3 pred=C4 ❌  | doremi: gt=do pred=fa# ❌  | hz: gt=130.8128 pred=430.51 ❌
    [ 364/560]   C3 violin  | midi: gt=48 pred=48 ✅  | spn: gt=C3 pred=C4 ❌  | doremi: gt=do pred=fa# ❌  | hz: gt=130.8128 pred=430.51 ❌
    [ 365/560]  F#3 violin  | midi: gt=54 pred=56 ❌  | spn: gt=F#3 pred=C4 ❌  | doremi: gt=fa# pred=sol# ❌  | hz: gt=184.9972 pred=436.51 ❌
    [ 366/560]  F#3 violin  | midi: gt=54 pred=56 ❌  | spn: gt=F#3 pred=C4 ❌  | doremi: gt=fa# pred=sol# ❌  | hz: gt=184.9972 pred=436.51 ❌
    [ 367/560]  F#3 violin  | midi: gt=54 pred=56 ❌  | spn: gt=F#3 pred=C4 ❌  | doremi: gt=fa# pred=sol# ❌  | hz: gt=184.9972 pred=436.51 ❌
    [ 368/560]  F#3 violin  | midi: gt=54 pred=56 ❌  | spn: gt=F#3 pred=C4 ❌  | doremi: gt=fa# pred=sol# ❌  | hz: gt=184.9972 pred=436.51 ❌
    [ 369/560]  A#3 violin  | midi: gt=58 pred=69 ❌  | spn: gt=A#3 pred=C4 ❌  | doremi: gt=la# pred=fa# ❌  | hz: gt=233.0819 pred=465.0 ❌
    [ 370/560]  A#3 violin  | midi: gt=58 pred=69 ❌  | spn: gt=A#3 pred=C4 ❌  | doremi: gt=la# pred=fa# ❌  | hz: gt=233.0819 pred=465.0 ❌
    [ 371/560]   G4 violin  | midi: gt=67 pred=69 ❌  | spn: gt=G4 pred=A4 ❌  | doremi: gt=sol pred=fa# ❌  | hz: gt=391.9954 pred=430.51 ❌
    [ 372/560]   G4 violin  | midi: gt=67 pred=69 ❌  | spn: gt=G4 pred=C6 ❌  | doremi: gt=sol pred=fa# ❌  | hz: gt=391.9954 pred=493.88 ❌
    [ 373/560]  C#5 violin  | midi: gt=73 pred=63 ❌  | spn: gt=C#5 pred=C6 ❌  | doremi: gt=do# pred=sol# ❌  | hz: gt=554.3653 pred=630.95 ❌
    [ 374/560]  C#5 violin  | midi: gt=73 pred=63 ❌  | spn: gt=C#5 pred=C6 ❌  | doremi: gt=do# pred=sol# ❌  | hz: gt=554.3653 pred=6750.0 ❌
    [ 375/560]   E5 violin  | midi: gt=76 pred=68 ❌  | spn: gt=E5 pred=C6 ❌  | doremi: gt=mi pred=fa# ❌  | hz: gt=659.2551 pred=465.0 ❌
    [ 376/560]   E5 violin  | midi: gt=76 pred=68 ❌  | spn: gt=E5 pred=C6 ❌  | doremi: gt=mi pred=fa# ❌  | hz: gt=659.2551 pred=465.0 ❌
    [ 377/560]   E5 violin  | midi: gt=76 pred=68 ❌  | spn: gt=E5 pred=C6 ❌  | doremi: gt=mi pred=fa# ❌  | hz: gt=659.2551 pred=6750.0 ❌
    [ 378/560]   E5 violin  | midi: gt=76 pred=68 ❌  | spn: gt=E5 pred=C6 ❌  | doremi: gt=mi pred=fa# ❌  | hz: gt=659.2551 pred=6750.0 ❌
    [ 379/560]   G5 violin  | midi: gt=79 pred=69 ❌  | spn: gt=G5 pred=C6 ❌  | doremi: gt=sol pred=fa# ❌  | hz: gt=783.9909 pred=450.0 ❌
    [ 380/560]   G5 violin  | midi: gt=79 pred=69 ❌  | spn: gt=G5 pred=A4 ❌  | doremi: gt=sol pred=fa# ❌  | hz: gt=783.9909 pred=450.0 ❌
    [ 381/560]   E6 violin  | midi: gt=88 pred=89 ❌  | spn: gt=E6 pred=C6 ❌  | doremi: gt=mi pred=sol# ❌  | hz: gt=1318.5102 pred=890.63 ❌
    [ 382/560]   E6 violin  | midi: gt=88 pred=83 ❌  | spn: gt=E6 pred=C6 ❌  | doremi: gt=mi pred=sol# ❌  | hz: gt=1318.5102 pred=890.63 ❌
    [ 383/560]  F#1 cello  | midi: gt=30 pred=34 ❌  | spn: gt=F#1 pred=A#2 ❌  | doremi: gt=fa# pred=fa# ✅  | hz: gt=46.2493 pred=280.0 ❌
    [ 384/560]  F#1 cello  | midi: gt=30 pred=34 ❌  | spn: gt=F#1 pred=A#2 ❌  | doremi: gt=fa# pred=fa# ✅  | hz: gt=46.2493 pred=280.0 ❌
    [ 385/560]   C2 cello  | midi: gt=36 pred=46 ❌  | spn: gt=C2 pred=C4 ❌  | doremi: gt=do pred=fa# ❌  | hz: gt=65.4064 pred=463.87 ❌
    [ 386/560]   C2 cello  | midi: gt=36 pred=46 ❌  | spn: gt=C2 pred=C4 ❌  | doremi: gt=do pred=fa# ❌  | hz: gt=65.4064 pred=463.87 ❌
    [ 387/560]   C2 cello  | midi: gt=36 pred=45 ❌  | spn: gt=C2 pred=C2 ✅  | doremi: gt=do pred=fa# ❌  | hz: gt=65.4064 pred=45.0 ❌
    [ 388/560]   C2 cello  | midi: gt=36 pred=46 ❌  | spn: gt=C2 pred=C2 ✅  | doremi: gt=do pred=fa# ❌  | hz: gt=65.4064 pred=45.0 ❌
    [ 389/560]  F#3 cello  | midi: gt=54 pred=56 ❌  | spn: gt=F#3 pred=C4 ❌  | doremi: gt=fa# pred=fa# ✅  | hz: gt=184.9972 pred=436.51 ❌
    [ 390/560]  F#3 cello  | midi: gt=54 pred=56 ❌  | spn: gt=F#3 pred=C4 ❌  | doremi: gt=fa# pred=fa# ✅  | hz: gt=184.9972 pred=436.51 ❌
    [ 391/560]  A#3 cello  | midi: gt=58 pred=63 ❌  | spn: gt=A#3 pred=C6 ❌  | doremi: gt=la# pred=fa# ❌  | hz: gt=233.0819 pred=480.0 ❌
    [ 392/560]  A#3 cello  | midi: gt=58 pred=60 ❌  | spn: gt=A#3 pred=C4 ❌  | doremi: gt=la# pred=fa# ❌  | hz: gt=233.0819 pred=480.0 ❌
    [ 393/560]   C4 cello  | midi: gt=60 pred=63 ❌  | spn: gt=C4 pred=C4 ✅  | doremi: gt=do pred=sol# ❌  | hz: gt=261.6256 pred=605.0 ❌
    [ 394/560]   C4 cello  | midi: gt=60 pred=63 ❌  | spn: gt=C4 pred=C4 ✅  | doremi: gt=do pred=sol# ❌  | hz: gt=261.6256 pred=605.48 ❌
    [ 395/560]   G4 cello  | midi: gt=67 pred=69 ❌  | spn: gt=G4 pred=C6 ❌  | doremi: gt=sol pred=fa# ❌  | hz: gt=391.9954 pred=430.51 ❌
    [ 396/560]   G4 cello  | midi: gt=67 pred=69 ❌  | spn: gt=G4 pred=C6 ❌  | doremi: gt=sol pred=sol# ❌  | hz: gt=391.9954 pred=430.51 ❌
    [ 397/560]   A4 cello  | midi: gt=69 pred=68 ❌  | spn: gt=A4 pred=C6 ❌  | doremi: gt=la pred=fa# ❌  | hz: gt=440.0 pred=463.875 ❌
    [ 398/560]   A4 cello  | midi: gt=69 pred=68 ❌  | spn: gt=A4 pred=C6 ❌  | doremi: gt=la pred=fa# ❌  | hz: gt=440.0 pred=463.875 ❌
    [ 399/560]  C#5 cello  | midi: gt=73 pred=69 ❌  | spn: gt=C#5 pred=C6 ❌  | doremi: gt=do# pred=fa# ❌  | hz: gt=554.3653 pred=685.41 ❌
    [ 400/560]  C#5 cello  | midi: gt=73 pred=69 ❌  | spn: gt=C#5 pred=C6 ❌  | doremi: gt=do# pred=sol# ❌  | hz: gt=554.3653 pred=685.41 ❌
    [ 401/560]  C#5 cello  | midi: gt=73 pred=63 ❌  | spn: gt=C#5 pred=C6 ❌  | doremi: gt=do# pred=sol# ❌  | hz: gt=554.3653 pred=6305.47 ❌
    [ 402/560]  C#5 cello  | midi: gt=73 pred=63 ❌  | spn: gt=C#5 pred=C6 ❌  | doremi: gt=do# pred=sol# ❌  | hz: gt=554.3653 pred=6305.47 ❌
    [ 403/560]  C#5 cello  | midi: gt=73 pred=63 ❌  | spn: gt=C#5 pred=C6 ❌  | doremi: gt=do# pred=sol# ❌  | hz: gt=554.3653 pred=6305.47 ❌
    [ 404/560]  C#5 cello  | midi: gt=73 pred=63 ❌  | spn: gt=C#5 pred=C6 ❌  | doremi: gt=do# pred=sol# ❌  | hz: gt=554.3653 pred=6305.47 ❌
    [ 405/560]   E5 cello  | midi: gt=76 pred=68 ❌  | spn: gt=E5 pred=C6 ❌  | doremi: gt=mi pred=fa# ❌  | hz: gt=659.2551 pred=460.0 ❌
    [ 406/560]   E5 cello  | midi: gt=76 pred=68 ❌  | spn: gt=E5 pred=C6 ❌  | doremi: gt=mi pred=fa# ❌  | hz: gt=659.2551 pred=460.0 ❌
    [ 407/560]   G5 cello  | midi: gt=79 pred=69 ❌  | spn: gt=G5 pred=A#6 ❌  | doremi: gt=sol pred=fa# ❌  | hz: gt=783.9909 pred=681.35 ❌
    [ 408/560]   G5 cello  | midi: gt=79 pred=69 ❌  | spn: gt=G5 pred=C6 ❌  | doremi: gt=sol pred=fa# ❌  | hz: gt=783.9909 pred=681.35 ❌
    [ 409/560]   E6 cello  | midi: gt=88 pred=68 ❌  | spn: gt=E6 pred=C6 ❌  | doremi: gt=mi pred=fa# ❌  | hz: gt=1318.5102 pred=415.306 ❌
    [ 410/560]   E6 cello  | midi: gt=88 pred=68 ❌  | spn: gt=E6 pred=C6 ❌  | doremi: gt=mi pred=fa# ❌  | hz: gt=1318.5102 pred=415.306 ❌
    [ 411/560]   C2 organ  | midi: gt=36 pred=58 ❌  | spn: gt=C2 pred=C4 ❌  | doremi: gt=do pred=fa# ❌  | hz: gt=65.4064 pred=465.31 ❌
    [ 412/560]   C2 organ  | midi: gt=36 pred=58 ❌  | spn: gt=C2 pred=C4 ❌  | doremi: gt=do pred=fa# ❌  | hz: gt=65.4064 pred=450.0 ❌
    [ 413/560]   G2 organ  | midi: gt=43 pred=45 ❌  | spn: gt=G2 pred=A4 ❌  | doremi: gt=sol pred=fa# ❌  | hz: gt=97.9989 pred=450.0 ❌
    [ 414/560]   G2 organ  | midi: gt=43 pred=45 ❌  | spn: gt=G2 pred=A4 ❌  | doremi: gt=sol pred=fa# ❌  | hz: gt=97.9989 pred=450.0 ❌
    [ 415/560]   C3 organ  | midi: gt=48 pred=58 ❌  | spn: gt=C3 pred=D4 ❌  | doremi: gt=do pred=fa# ❌  | hz: gt=130.8128 pred=480.0 ❌
    [ 416/560]   C3 organ  | midi: gt=48 pred=58 ❌  | spn: gt=C3 pred=D4 ❌  | doremi: gt=do pred=fa# ❌  | hz: gt=130.8128 pred=480.0 ❌
    [ 417/560]   C3 organ  | midi: gt=48 pred=58 ❌  | spn: gt=C3 pred=D4 ❌  | doremi: gt=do pred=fa# ❌  | hz: gt=130.8128 pred=480.0 ❌
    [ 418/560]   C3 organ  | midi: gt=48 pred=58 ❌  | spn: gt=C3 pred=D4 ❌  | doremi: gt=do pred=fa# ❌  | hz: gt=130.8128 pred=480.0 ❌
    [ 419/560]  F#3 organ  | midi: gt=54 pred=68 ❌  | spn: gt=F#3 pred=C4 ❌  | doremi: gt=fa# pred=fa# ✅  | hz: gt=184.9972 pred=435.0 ❌
    [ 420/560]  F#3 organ  | midi: gt=54 pred=68 ❌  | spn: gt=F#3 pred=C4 ❌  | doremi: gt=fa# pred=fa# ✅  | hz: gt=184.9972 pred=435.0 ❌
    [ 421/560]  A#3 organ  | midi: gt=58 pred=63 ❌  | spn: gt=A#3 pred=C6 ❌  | doremi: gt=la# pred=fa# ❌  | hz: gt=233.0819 pred=480.0 ❌
    [ 422/560]  A#3 organ  | midi: gt=58 pred=63 ❌  | spn: gt=A#3 pred=C6 ❌  | doremi: gt=la# pred=fa# ❌  | hz: gt=233.0819 pred=480.0 ❌
    [ 423/560]   C4 organ  | midi: gt=60 pred=63 ❌  | spn: gt=C4 pred=C6 ❌  | doremi: gt=do pred=fa# ❌  | hz: gt=261.6256 pred=None ❌
    [ 424/560]   C4 organ  | midi: gt=60 pred=63 ❌  | spn: gt=C4 pred=C6 ❌  | doremi: gt=do pred=fa# ❌  | hz: gt=261.6256 pred=None ❌
    [ 425/560]   G4 organ  | midi: gt=67 pred=69 ❌  | spn: gt=G4 pred=A4 ❌  | doremi: gt=sol pred=fa# ❌  | hz: gt=391.9954 pred=450.0 ❌
    [ 426/560]   G4 organ  | midi: gt=67 pred=69 ❌  | spn: gt=G4 pred=A4 ❌  | doremi: gt=sol pred=fa# ❌  | hz: gt=391.9954 pred=450.0 ❌
    [ 427/560]   G4 organ  | midi: gt=67 pred=69 ❌  | spn: gt=G4 pred=A4 ❌  | doremi: gt=sol pred=fa# ❌  | hz: gt=391.9954 pred=450.0 ❌
    [ 428/560]   G4 organ  | midi: gt=67 pred=69 ❌  | spn: gt=G4 pred=A4 ❌  | doremi: gt=sol pred=fa# ❌  | hz: gt=391.9954 pred=450.0 ❌
    [ 429/560]  C#5 organ  | midi: gt=73 pred=69 ❌  | spn: gt=C#5 pred=C6 ❌  | doremi: gt=do# pred=fa# ❌  | hz: gt=554.3653 pred=625.0 ❌
    [ 430/560]  C#5 organ  | midi: gt=73 pred=69 ❌  | spn: gt=C#5 pred=C6 ❌  | doremi: gt=do# pred=fa# ❌  | hz: gt=554.3653 pred=625.0 ❌
    [ 431/560]  C#5 organ  | midi: gt=73 pred=63 ❌  | spn: gt=C#5 pred=C6 ❌  | doremi: gt=do# pred=sol# ❌  | hz: gt=554.3653 pred=630.957 ❌
    [ 432/560]  C#5 organ  | midi: gt=73 pred=63 ❌  | spn: gt=C#5 pred=C6 ❌  | doremi: gt=do# pred=sol# ❌  | hz: gt=554.3653 pred=630.957 ❌
    [ 433/560]  C#5 organ  | midi: gt=73 pred=63 ❌  | spn: gt=C#5 pred=C6 ❌  | doremi: gt=do# pred=sol# ❌  | hz: gt=554.3653 pred=630.957 ❌
    [ 434/560]  C#5 organ  | midi: gt=73 pred=63 ❌  | spn: gt=C#5 pred=C6 ❌  | doremi: gt=do# pred=sol# ❌  | hz: gt=554.3653 pred=630.957 ❌
    [ 435/560]   E5 organ  | midi: gt=76 pred=68 ❌  | spn: gt=E5 pred=C6 ❌  | doremi: gt=mi pred=fa# ❌  | hz: gt=659.2551 pred=415.306 ❌
    [ 436/560]   E5 organ  | midi: gt=76 pred=68 ❌  | spn: gt=E5 pred=C6 ❌  | doremi: gt=mi pred=fa# ❌  | hz: gt=659.2551 pred=465.0 ❌
    [ 437/560]   G5 organ  | midi: gt=79 pred=69 ❌  | spn: gt=G5 pred=A4 ❌  | doremi: gt=sol pred=fa# ❌  | hz: gt=783.9909 pred=450.0 ❌
    [ 438/560]   G5 organ  | midi: gt=79 pred=69 ❌  | spn: gt=G5 pred=A4 ❌  | doremi: gt=sol pred=fa# ❌  | hz: gt=783.9909 pred=450.0 ❌
    [ 439/560]  F#3 bass  | midi: gt=54 pred=56 ❌  | spn: gt=F#3 pred=C4 ❌  | doremi: gt=fa# pred=fa# ✅  | hz: gt=184.9972 pred=450.0 ❌
    [ 440/560]  F#3 bass  | midi: gt=54 pred=56 ❌  | spn: gt=F#3 pred=C4 ❌  | doremi: gt=fa# pred=fa# ✅  | hz: gt=184.9972 pred=450.0 ❌
    [ 441/560]  A#3 bass  | midi: gt=58 pred=64 ❌  | spn: gt=A#3 pred=C4 ❌  | doremi: gt=la# pred=fa# ❌  | hz: gt=233.0819 pred=480.0 ❌
    [ 442/560]  A#3 bass  | midi: gt=58 pred=64 ❌  | spn: gt=A#3 pred=C4 ❌  | doremi: gt=la# pred=fa# ❌  | hz: gt=233.0819 pred=480.0 ❌
    [ 443/560]   E4 bass  | midi: gt=64 pred=65 ❌  | spn: gt=E4 pred=C4 ❌  | doremi: gt=mi pred=fa# ❌  | hz: gt=329.6276 pred=435.0 ❌
    [ 444/560]   E4 bass  | midi: gt=64 pred=65 ❌  | spn: gt=E4 pred=C4 ❌  | doremi: gt=mi pred=fa# ❌  | hz: gt=329.6276 pred=435.0 ❌
    [ 445/560]   E4 bass  | midi: gt=64 pred=65 ❌  | spn: gt=E4 pred=C6 ❌  | doremi: gt=mi pred=sol# ❌  | hz: gt=329.6276 pred=6750.0 ❌
    [ 446/560]   E4 bass  | midi: gt=64 pred=65 ❌  | spn: gt=E4 pred=C6 ❌  | doremi: gt=mi pred=sol# ❌  | hz: gt=329.6276 pred=6750.0 ❌
    [ 447/560]   E4 bass  | midi: gt=64 pred=65 ❌  | spn: gt=E4 pred=C6 ❌  | doremi: gt=mi pred=sol# ❌  | hz: gt=329.6276 pred=6750.0 ❌
    [ 448/560]   E4 bass  | midi: gt=64 pred=65 ❌  | spn: gt=E4 pred=C6 ❌  | doremi: gt=mi pred=sol# ❌  | hz: gt=329.6276 pred=6750.0 ❌
    [ 449/560]   A4 bass  | midi: gt=69 pred=68 ❌  | spn: gt=A4 pred=A#4 ❌  | doremi: gt=la pred=mi ❌  | hz: gt=440.0 pred=493.88 ❌
    [ 450/560]   A4 bass  | midi: gt=69 pred=68 ❌  | spn: gt=A4 pred=A#4 ❌  | doremi: gt=la pred=mi ❌  | hz: gt=440.0 pred=493.88 ❌
    [ 451/560]   A4 bass  | midi: gt=69 pred=69 ✅  | spn: gt=A4 pred=A#6 ❌  | doremi: gt=la pred=fa# ❌  | hz: gt=440.0 pred=695.0 ❌
    [ 452/560]   A4 bass  | midi: gt=69 pred=69 ✅  | spn: gt=A4 pred=A#6 ❌  | doremi: gt=la pred=fa# ❌  | hz: gt=440.0 pred=695.0 ❌
    [ 453/560]   E5 bass  | midi: gt=76 pred=68 ❌  | spn: gt=E5 pred=F#4 ❌  | doremi: gt=mi pred=sol# ❌  | hz: gt=659.2551 pred=701.43 ❌
    [ 454/560]   E5 bass  | midi: gt=76 pred=68 ❌  | spn: gt=E5 pred=F#4 ❌  | doremi: gt=mi pred=sol# ❌  | hz: gt=659.2551 pred=701.43 ❌
    [ 455/560]   E5 bass  | midi: gt=76 pred=68 ❌  | spn: gt=E5 pred=F#6 ❌  | doremi: gt=mi pred=sol# ❌  | hz: gt=659.2551 pred=701.25 ❌
    [ 456/560]   E5 bass  | midi: gt=76 pred=68 ❌  | spn: gt=E5 pred=F#6 ❌  | doremi: gt=mi pred=sol# ❌  | hz: gt=659.2551 pred=701.25 ❌
    [ 457/560]   G5 bass  | midi: gt=79 pred=69 ❌  | spn: gt=G5 pred=A7 ❌  | doremi: gt=sol pred=sol# ❌  | hz: gt=783.9909 pred=450.0 ❌
    [ 458/560]   G5 bass  | midi: gt=79 pred=69 ❌  | spn: gt=G5 pred=A7 ❌  | doremi: gt=sol pred=sol# ❌  | hz: gt=783.9909 pred=450.0 ❌
    [ 459/560]   G5 bass  | midi: gt=79 pred=83 ❌  | spn: gt=G5 pred=A7 ❌  | doremi: gt=sol pred=fa# ❌  | hz: gt=783.9909 pred=825.0 ❌
    [ 460/560]   G5 bass  | midi: gt=79 pred=83 ❌  | spn: gt=G5 pred=A7 ❌  | doremi: gt=sol pred=fa# ❌  | hz: gt=783.9909 pred=812.5 ❌
    [ 461/560]  F#1 synth_lead  | midi: gt=30 pred=64 ❌  | spn: gt=F#1 pred=C4 ❌  | doremi: gt=fa# pred=fa# ✅  | hz: gt=46.2493 pred=450.0 ❌
    [ 462/560]  F#1 synth_lead  | midi: gt=30 pred=64 ❌  | spn: gt=F#1 pred=C4 ❌  | doremi: gt=fa# pred=fa# ✅  | hz: gt=46.2493 pred=450.0 ❌
    [ 463/560]  A#3 synth_lead  | midi: gt=58 pred=64 ❌  | spn: gt=A#3 pred=C4 ❌  | doremi: gt=la# pred=fa# ❌  | hz: gt=233.0819 pred=460.0 ❌
    [ 464/560]  A#3 synth_lead  | midi: gt=58 pred=64 ❌  | spn: gt=A#3 pred=C4 ❌  | doremi: gt=la# pred=fa# ❌  | hz: gt=233.0819 pred=460.0 ❌
    [ 465/560]  A#3 synth_lead  | midi: gt=58 pred=63 ❌  | spn: gt=A#3 pred=C6 ❌  | doremi: gt=la# pred=fa# ❌  | hz: gt=233.0819 pred=480.0 ❌
    [ 466/560]  A#3 synth_lead  | midi: gt=58 pred=63 ❌  | spn: gt=A#3 pred=C6 ❌  | doremi: gt=la# pred=fa# ❌  | hz: gt=233.0819 pred=480.0 ❌
    [ 467/560]   C4 synth_lead  | midi: gt=60 pred=65 ❌  | spn: gt=C4 pred=C6 ❌  | doremi: gt=do pred=fa# ❌  | hz: gt=261.6256 pred=450.0 ❌
    [ 468/560]   C4 synth_lead  | midi: gt=60 pred=65 ❌  | spn: gt=C4 pred=C4 ✅  | doremi: gt=do pred=fa# ❌  | hz: gt=261.6256 pred=450.0 ❌
    [ 469/560]   C4 synth_lead  | midi: gt=60 pred=65 ❌  | spn: gt=C4 pred=C4 ✅  | doremi: gt=do pred=fa# ❌  | hz: gt=261.6256 pred=450.0 ❌
    [ 470/560]   C4 synth_lead  | midi: gt=60 pred=65 ❌  | spn: gt=C4 pred=C4 ✅  | doremi: gt=do pred=fa# ❌  | hz: gt=261.6256 pred=450.0 ❌
    [ 471/560]   C4 synth_lead  | midi: gt=60 pred=63 ❌  | spn: gt=C4 pred=C4 ✅  | doremi: gt=do pred=fa# ❌  | hz: gt=261.6256 pred=480.0 ❌
    [ 472/560]   C4 synth_lead  | midi: gt=60 pred=63 ❌  | spn: gt=C4 pred=C4 ✅  | doremi: gt=do pred=fa# ❌  | hz: gt=261.6256 pred=480.0 ❌
    [ 473/560]   G4 synth_lead  | midi: gt=67 pred=69 ❌  | spn: gt=G4 pred=C4 ❌  | doremi: gt=sol pred=fa# ❌  | hz: gt=391.9954 pred=450.0 ❌
    [ 474/560]   G4 synth_lead  | midi: gt=67 pred=69 ❌  | spn: gt=G4 pred=C6 ❌  | doremi: gt=sol pred=fa# ❌  | hz: gt=391.9954 pred=450.0 ❌
    [ 475/560]   G4 synth_lead  | midi: gt=67 pred=69 ❌  | spn: gt=G4 pred=C4 ❌  | doremi: gt=sol pred=fa# ❌  | hz: gt=391.9954 pred=450.0 ❌
    [ 476/560]   G4 synth_lead  | midi: gt=67 pred=69 ❌  | spn: gt=G4 pred=C6 ❌  | doremi: gt=sol pred=fa# ❌  | hz: gt=391.9954 pred=450.0 ❌
    [ 477/560]   A4 synth_lead  | midi: gt=69 pred=64 ❌  | spn: gt=A4 pred=C4 ❌  | doremi: gt=la pred=fa# ❌  | hz: gt=440.0 pred=460.0 ❌
    [ 478/560]   A4 synth_lead  | midi: gt=69 pred=64 ❌  | spn: gt=A4 pred=C4 ❌  | doremi: gt=la pred=fa# ❌  | hz: gt=440.0 pred=450.0 ❌
    [ 479/560]   G5 synth_lead  | midi: gt=79 pred=65 ❌  | spn: gt=G5 pred=C6 ❌  | doremi: gt=sol pred=fa# ❌  | hz: gt=783.9909 pred=460.0 ❌
    [ 480/560]   G5 synth_lead  | midi: gt=79 pred=65 ❌  | spn: gt=G5 pred=C6 ❌  | doremi: gt=sol pred=fa# ❌  | hz: gt=783.9909 pred=460.0 ❌
    [ 481/560]   G5 synth_lead  | midi: gt=79 pred=68 ❌  | spn: gt=G5 pred=C6 ❌  | doremi: gt=sol pred=fa# ❌  | hz: gt=783.9909 pred=480.0 ❌
    [ 482/560]   G5 synth_lead  | midi: gt=79 pred=68 ❌  | spn: gt=G5 pred=C6 ❌  | doremi: gt=sol pred=fa# ❌  | hz: gt=783.9909 pred=480.0 ❌
    [ 483/560]   E6 synth_lead  | midi: gt=88 pred=65 ❌  | spn: gt=E6 pred=C4 ❌  | doremi: gt=mi pred=fa# ❌  | hz: gt=1318.5102 pred=450.0 ❌
    [ 484/560]   E6 synth_lead  | midi: gt=88 pred=65 ❌  | spn: gt=E6 pred=C4 ❌  | doremi: gt=mi pred=fa# ❌  | hz: gt=1318.5102 pred=450.0 ❌
    [ 485/560]   E6 synth_lead  | midi: gt=88 pred=65 ❌  | spn: gt=E6 pred=C6 ❌  | doremi: gt=mi pred=fa# ❌  | hz: gt=1318.5102 pred=60.0 ❌
    [ 486/560]   E6 synth_lead  | midi: gt=88 pred=65 ❌  | spn: gt=E6 pred=C6 ❌  | doremi: gt=mi pred=fa# ❌  | hz: gt=1318.5102 pred=60.0 ❌
    [ 487/560]  F#1 synth_pad  | midi: gt=30 pred=64 ❌  | spn: gt=F#1 pred=C4 ❌  | doremi: gt=fa# pred=fa# ✅  | hz: gt=46.2493 pred=450.0 ❌
    [ 488/560]  F#1 synth_pad  | midi: gt=30 pred=64 ❌  | spn: gt=F#1 pred=C4 ❌  | doremi: gt=fa# pred=fa# ✅  | hz: gt=46.2493 pred=450.0 ❌
    [ 489/560]  F#1 synth_pad  | midi: gt=30 pred=48 ❌  | spn: gt=F#1 pred=C4 ❌  | doremi: gt=fa# pred=fa# ✅  | hz: gt=46.2493 pred=450.0 ❌
    [ 490/560]  F#1 synth_pad  | midi: gt=30 pred=48 ❌  | spn: gt=F#1 pred=C4 ❌  | doremi: gt=fa# pred=fa# ✅  | hz: gt=46.2493 pred=450.0 ❌
    [ 491/560]   C2 synth_pad  | midi: gt=36 pred=64 ❌  | spn: gt=C2 pred=C4 ❌  | doremi: gt=do pred=fa# ❌  | hz: gt=65.4064 pred=463.0 ❌
    [ 492/560]   C2 synth_pad  | midi: gt=36 pred=64 ❌  | spn: gt=C2 pred=C4 ❌  | doremi: gt=do pred=fa# ❌  | hz: gt=65.4064 pred=463.0 ❌
    [ 493/560]   G2 synth_pad  | midi: gt=43 pred=64 ❌  | spn: gt=G2 pred=C4 ❌  | doremi: gt=sol pred=fa# ❌  | hz: gt=97.9989 pred=463.0 ❌
    [ 494/560]   G2 synth_pad  | midi: gt=43 pred=64 ❌  | spn: gt=G2 pred=C4 ❌  | doremi: gt=sol pred=fa# ❌  | hz: gt=97.9989 pred=463.0 ❌
    [ 495/560]   G2 synth_pad  | midi: gt=43 pred=45 ❌  | spn: gt=G2 pred=None ❌  | doremi: gt=sol pred=fa# ❌  | hz: gt=97.9989 pred=450.0 ❌
    [ 496/560]   G2 synth_pad  | midi: gt=43 pred=45 ❌  | spn: gt=G2 pred=None ❌  | doremi: gt=sol pred=fa# ❌  | hz: gt=97.9989 pred=450.0 ❌
    [ 497/560]   C3 synth_pad  | midi: gt=48 pred=64 ❌  | spn: gt=C3 pred=C4 ❌  | doremi: gt=do pred=fa# ❌  | hz: gt=130.8128 pred=460.0 ❌
    [ 498/560]   C3 synth_pad  | midi: gt=48 pred=64 ❌  | spn: gt=C3 pred=C4 ❌  | doremi: gt=do pred=fa# ❌  | hz: gt=130.8128 pred=460.0 ❌
    [ 499/560]   C3 synth_pad  | midi: gt=48 pred=64 ❌  | spn: gt=C3 pred=C4 ❌  | doremi: gt=do pred=fa# ❌  | hz: gt=130.8128 pred=450.0 ❌
    [ 500/560]   C3 synth_pad  | midi: gt=48 pred=64 ❌  | spn: gt=C3 pred=C4 ❌  | doremi: gt=do pred=fa# ❌  | hz: gt=130.8128 pred=450.0 ❌
    [ 501/560]  F#3 synth_pad  | midi: gt=54 pred=64 ❌  | spn: gt=F#3 pred=C4 ❌  | doremi: gt=fa# pred=fa# ✅  | hz: gt=184.9972 pred=460.0 ❌
    [ 502/560]  F#3 synth_pad  | midi: gt=54 pred=64 ❌  | spn: gt=F#3 pred=C4 ❌  | doremi: gt=fa# pred=fa# ✅  | hz: gt=184.9972 pred=460.0 ❌
    [ 503/560]  F#3 synth_pad  | midi: gt=54 pred=56 ❌  | spn: gt=F#3 pred=C4 ❌  | doremi: gt=fa# pred=fa# ✅  | hz: gt=184.9972 pred=450.0 ❌
    [ 504/560]  F#3 synth_pad  | midi: gt=54 pred=56 ❌  | spn: gt=F#3 pred=C4 ❌  | doremi: gt=fa# pred=fa# ✅  | hz: gt=184.9972 pred=450.0 ❌
    [ 505/560]  A#3 synth_pad  | midi: gt=58 pred=64 ❌  | spn: gt=A#3 pred=C4 ❌  | doremi: gt=la# pred=fa# ❌  | hz: gt=233.0819 pred=465.0 ❌
    [ 506/560]  A#3 synth_pad  | midi: gt=58 pred=64 ❌  | spn: gt=A#3 pred=C4 ❌  | doremi: gt=la# pred=fa# ❌  | hz: gt=233.0819 pred=465.0 ❌
    [ 507/560]  A#3 synth_pad  | midi: gt=58 pred=64 ❌  | spn: gt=A#3 pred=C4 ❌  | doremi: gt=la# pred=fa# ❌  | hz: gt=233.0819 pred=450.0 ❌
    [ 508/560]  A#3 synth_pad  | midi: gt=58 pred=64 ❌  | spn: gt=A#3 pred=C4 ❌  | doremi: gt=la# pred=fa# ❌  | hz: gt=233.0819 pred=450.0 ❌
    [ 509/560]   C4 synth_pad  | midi: gt=60 pred=65 ❌  | spn: gt=C4 pred=C4 ✅  | doremi: gt=do pred=fa# ❌  | hz: gt=261.6256 pred=450.0 ❌
    [ 510/560]   C4 synth_pad  | midi: gt=60 pred=65 ❌  | spn: gt=C4 pred=C4 ✅  | doremi: gt=do pred=fa# ❌  | hz: gt=261.6256 pred=450.0 ❌
    [ 511/560]   E4 synth_pad  | midi: gt=64 pred=65 ❌  | spn: gt=E4 pred=C4 ❌  | doremi: gt=mi pred=fa# ❌  | hz: gt=329.6276 pred=480.0 ❌
    [ 512/560]   E4 synth_pad  | midi: gt=64 pred=65 ❌  | spn: gt=E4 pred=C4 ❌  | doremi: gt=mi pred=fa# ❌  | hz: gt=329.6276 pred=480.0 ❌
    [ 513/560]   E4 synth_pad  | midi: gt=64 pred=65 ❌  | spn: gt=E4 pred=C6 ❌  | doremi: gt=mi pred=fa# ❌  | hz: gt=329.6276 pred=480.0 ❌
    [ 514/560]   E4 synth_pad  | midi: gt=64 pred=65 ❌  | spn: gt=E4 pred=C6 ❌  | doremi: gt=mi pred=fa# ❌  | hz: gt=329.6276 pred=480.0 ❌
    [ 515/560]   G4 synth_pad  | midi: gt=67 pred=65 ❌  | spn: gt=G4 pred=C4 ❌  | doremi: gt=sol pred=fa# ❌  | hz: gt=391.9954 pred=450.32 ❌
    [ 516/560]   G4 synth_pad  | midi: gt=67 pred=64 ❌  | spn: gt=G4 pred=C4 ❌  | doremi: gt=sol pred=fa# ❌  | hz: gt=391.9954 pred=460.0 ❌
    [ 517/560]   G4 synth_pad  | midi: gt=67 pred=69 ❌  | spn: gt=G4 pred=C4 ❌  | doremi: gt=sol pred=fa# ❌  | hz: gt=391.9954 pred=450.0 ❌
    [ 518/560]   G4 synth_pad  | midi: gt=67 pred=69 ❌  | spn: gt=G4 pred=C4 ❌  | doremi: gt=sol pred=fa# ❌  | hz: gt=391.9954 pred=450.0 ❌
    [ 519/560]   A4 synth_pad  | midi: gt=69 pred=69 ✅  | spn: gt=A4 pred=C6 ❌  | doremi: gt=la pred=fa# ❌  | hz: gt=440.0 pred=460.0 ❌
    [ 520/560]   A4 synth_pad  | midi: gt=69 pred=69 ✅  | spn: gt=A4 pred=C6 ❌  | doremi: gt=la pred=fa# ❌  | hz: gt=440.0 pred=460.0 ❌
    [ 521/560]  C#5 synth_pad  | midi: gt=73 pred=63 ❌  | spn: gt=C#5 pred=C6 ❌  | doremi: gt=do# pred=fa# ❌  | hz: gt=554.3653 pred=625.0 ❌
    [ 522/560]  C#5 synth_pad  | midi: gt=73 pred=63 ❌  | spn: gt=C#5 pred=C6 ❌  | doremi: gt=do# pred=fa# ❌  | hz: gt=554.3653 pred=625.0 ❌
    [ 523/560]   E5 synth_pad  | midi: gt=76 pred=68 ❌  | spn: gt=E5 pred=C6 ❌  | doremi: gt=mi pred=fa# ❌  | hz: gt=659.2551 pred=450.0 ❌
    [ 524/560]   E5 synth_pad  | midi: gt=76 pred=68 ❌  | spn: gt=E5 pred=C6 ❌  | doremi: gt=mi pred=fa# ❌  | hz: gt=659.2551 pred=450.0 ❌
    [ 525/560]   E5 synth_pad  | midi: gt=76 pred=69 ❌  | spn: gt=E5 pred=C6 ❌  | doremi: gt=mi pred=fa# ❌  | hz: gt=659.2551 pred=450.0 ❌
    [ 526/560]   E5 synth_pad  | midi: gt=76 pred=69 ❌  | spn: gt=E5 pred=C6 ❌  | doremi: gt=mi pred=fa# ❌  | hz: gt=659.2551 pred=450.0 ❌
    [ 527/560]   G5 synth_pad  | midi: gt=79 pred=69 ❌  | spn: gt=G5 pred=C6 ❌  | doremi: gt=sol pred=fa# ❌  | hz: gt=783.9909 pred=450.0 ❌
    [ 528/560]   G5 synth_pad  | midi: gt=79 pred=69 ❌  | spn: gt=G5 pred=C6 ❌  | doremi: gt=sol pred=fa# ❌  | hz: gt=783.9909 pred=450.0 ❌
    [ 529/560]   G5 synth_pad  | midi: gt=79 pred=69 ❌  | spn: gt=G5 pred=C6 ❌  | doremi: gt=sol pred=fa# ❌  | hz: gt=783.9909 pred=450.0 ❌
    [ 530/560]   G5 synth_pad  | midi: gt=79 pred=69 ❌  | spn: gt=G5 pred=C6 ❌  | doremi: gt=sol pred=fa# ❌  | hz: gt=783.9909 pred=450.0 ❌
    [ 531/560]  F#1 voice  | midi: gt=30 pred=48 ❌  | spn: gt=F#1 pred=C4 ❌  | doremi: gt=fa# pred=fa# ✅  | hz: gt=46.2493 pred=435.0 ❌
    [ 532/560]  F#1 voice  | midi: gt=30 pred=48 ❌  | spn: gt=F#1 pred=C4 ❌  | doremi: gt=fa# pred=fa# ✅  | hz: gt=46.2493 pred=430.51 ❌
    [ 533/560]   C2 voice  | midi: gt=36 pred=48 ❌  | spn: gt=C2 pred=C4 ❌  | doremi: gt=do pred=fa# ❌  | hz: gt=65.4064 pred=430.51 ❌
    [ 534/560]   C2 voice  | midi: gt=36 pred=48 ❌  | spn: gt=C2 pred=C4 ❌  | doremi: gt=do pred=fa# ❌  | hz: gt=65.4064 pred=430.51 ❌
    [ 535/560]   G2 voice  | midi: gt=43 pred=64 ❌  | spn: gt=G2 pred=C4 ❌  | doremi: gt=sol pred=fa# ❌  | hz: gt=97.9989 pred=450.0 ❌
    [ 536/560]   G2 voice  | midi: gt=43 pred=64 ❌  | spn: gt=G2 pred=C4 ❌  | doremi: gt=sol pred=fa# ❌  | hz: gt=97.9989 pred=430.51 ❌
    [ 537/560]  F#3 voice  | midi: gt=54 pred=69 ❌  | spn: gt=F#3 pred=C4 ❌  | doremi: gt=fa# pred=fa# ✅  | hz: gt=184.9972 pred=450.0 ❌
    [ 538/560]  F#3 voice  | midi: gt=54 pred=69 ❌  | spn: gt=F#3 pred=C4 ❌  | doremi: gt=fa# pred=fa# ✅  | hz: gt=184.9972 pred=450.32 ❌
    [ 539/560]  F#3 voice  | midi: gt=54 pred=68 ❌  | spn: gt=F#3 pred=C4 ❌  | doremi: gt=fa# pred=fa# ✅  | hz: gt=184.9972 pred=450.0 ❌
    [ 540/560]  F#3 voice  | midi: gt=54 pred=68 ❌  | spn: gt=F#3 pred=C4 ❌  | doremi: gt=fa# pred=fa# ✅  | hz: gt=184.9972 pred=450.0 ❌
    [ 541/560]   E4 voice  | midi: gt=64 pred=65 ❌  | spn: gt=E4 pred=C4 ❌  | doremi: gt=mi pred=fa# ❌  | hz: gt=329.6276 pred=450.0 ❌
    [ 542/560]   E4 voice  | midi: gt=64 pred=65 ❌  | spn: gt=E4 pred=C4 ❌  | doremi: gt=mi pred=fa# ❌  | hz: gt=329.6276 pred=450.0 ❌
    [ 543/560]   G4 voice  | midi: gt=67 pred=69 ❌  | spn: gt=G4 pred=C6 ❌  | doremi: gt=sol pred=fa# ❌  | hz: gt=391.9954 pred=450.0 ❌
    [ 544/560]   G4 voice  | midi: gt=67 pred=69 ❌  | spn: gt=G4 pred=C6 ❌  | doremi: gt=sol pred=fa# ❌  | hz: gt=391.9954 pred=450.0 ❌
    [ 545/560]   A4 voice  | midi: gt=69 pred=69 ✅  | spn: gt=A4 pred=C6 ❌  | doremi: gt=la pred=fa# ❌  | hz: gt=440.0 pred=450.0 ❌
    [ 546/560]   A4 voice  | midi: gt=69 pred=69 ✅  | spn: gt=A4 pred=C6 ❌  | doremi: gt=la pred=fa# ❌  | hz: gt=440.0 pred=450.0 ❌
    [ 547/560]   A4 voice  | midi: gt=69 pred=68 ❌  | spn: gt=A4 pred=C6 ❌  | doremi: gt=la pred=fa# ❌  | hz: gt=440.0 pred=460.0 ❌
    [ 548/560]   A4 voice  | midi: gt=69 pred=68 ❌  | spn: gt=A4 pred=C6 ❌  | doremi: gt=la pred=fa# ❌  | hz: gt=440.0 pred=450.0 ❌
    [ 549/560]   G5 voice  | midi: gt=79 pred=69 ❌  | spn: gt=G5 pred=A4 ❌  | doremi: gt=sol pred=fa# ❌  | hz: gt=783.9909 pred=693.14 ❌
    [ 550/560]   G5 voice  | midi: gt=79 pred=69 ❌  | spn: gt=G5 pred=A4 ❌  | doremi: gt=sol pred=fa# ❌  | hz: gt=783.9909 pred=693.14 ❌
    [ 551/560]   G5 voice  | midi: gt=79 pred=69 ❌  | spn: gt=G5 pred=A4 ❌  | doremi: gt=sol pred=fa# ❌  | hz: gt=783.9909 pred=693.14 ❌
    [ 552/560]   G5 voice  | midi: gt=79 pred=69 ❌  | spn: gt=G5 pred=A4 ❌  | doremi: gt=sol pred=fa# ❌  | hz: gt=783.9909 pred=693.14 ❌
    [ 553/560]   E6 voice  | midi: gt=88 pred=65 ❌  | spn: gt=E6 pred=C6 ❌  | doremi: gt=mi pred=fa# ❌  | hz: gt=1318.5102 pred=415.306879 ❌
    [ 554/560]   E6 voice  | midi: gt=88 pred=65 ❌  | spn: gt=E6 pred=F6 ❌  | doremi: gt=mi pred=fa# ❌  | hz: gt=1318.5102 pred=415.306 ❌
    [ 555/560]   E6 voice  | midi: gt=88 pred=65 ❌  | spn: gt=E6 pred=F6 ❌  | doremi: gt=mi pred=fa# ❌  | hz: gt=1318.5102 pred=415.306 ❌
    [ 556/560]   E6 voice  | midi: gt=88 pred=65 ❌  | spn: gt=E6 pred=F6 ❌  | doremi: gt=mi pred=fa# ❌  | hz: gt=1318.5102 pred=415.306 ❌
    [ 557/560]   E6 voice  | midi: gt=88 pred=85 ❌  | spn: gt=E6 pred=F6 ❌  | doremi: gt=mi pred=sol# ❌  | hz: gt=1318.5102 pred=890.63 ❌
    [ 558/560]   E6 voice  | midi: gt=88 pred=85 ❌  | spn: gt=E6 pred=F6 ❌  | doremi: gt=mi pred=sol# ❌  | hz: gt=1318.5102 pred=890.63 ❌
    [ 559/560]   E6 voice  | midi: gt=88 pred=85 ❌  | spn: gt=E6 pred=F6 ❌  | doremi: gt=mi pred=sol# ❌  | hz: gt=1318.5102 pred=890.63 ❌
    [ 560/560]   E6 voice  | midi: gt=88 pred=85 ❌  | spn: gt=E6 pred=F6 ❌  | doremi: gt=mi pred=sol# ❌  | hz: gt=1318.5102 pred=890.63 ❌

============================================================
SUMMARY — audio_flamingo_next_instruct
  Sampling     : 280 of 4256 (stratified by '(midi, detune_hz)', seed=42)
  Stimuli (total)     : 560
  Stimuli (condition) : 280
  Stimuli (baseline)  : 280

  Format  Condition   Baseline
  ──────────────────────────────
    MIDI       9.6%      10.4%
     SPN       6.4%       6.1%
  DOREMI      13.2%      13.2%
      HZ       0.7%       0.7%
     ANY      28.6%      28.9%

  Headline 'accuracy' is computed on the condition subset only (see CatASpec.primary_filter).

  *** WARNING: working tree has uncommitted changes — results will NOT be exactly reproducible from git_commit alone ***


Results saved → results/run_20260505_071452/pitchbench_a5_pitch_slightly_off/run_001_20260505_072704/results_audio_flamingo_next_instruct.*

############################################################
# pitchbench_b1_pitch_in_silence
############################################################

Experiment : pitchbench_b1_pitch_in_silence
Models     : audio_flamingo_next_instruct
Stimuli    : 1120
  Sampling     : 560 of 4256 (stratified by '(midi, pos_ms)', seed=42)

  Model : Audio Flamingo Next – instruct
    [dispatch] 1120 items, max_workers=1
    [   1/1120]  F#1 sine  | midi: gt=30 pred=58 ❌  | spn: gt=F#1 pred=C5 ❌  | doremi: gt=fa# pred=sol# ❌
    [   2/1120]  F#1 sine  | midi: gt=30 pred=35 ❌  | spn: gt=F#1 pred=C2 ❌  | doremi: gt=fa# pred=sol ❌
    [   3/1120]  F#1 sine  | midi: gt=30 pred=58 ❌  | spn: gt=F#1 pred=C5 ❌  | doremi: gt=fa# pred=do# ❌
    [   4/1120]  F#1 sine  | midi: gt=30 pred=35 ❌  | spn: gt=F#1 pred=C2 ❌  | doremi: gt=fa# pred=sol ❌
    [   5/1120]  F#1 sine  | midi: gt=30 pred=58 ❌  | spn: gt=F#1 pred=C5 ❌  | doremi: gt=fa# pred=sol# ❌
    [   6/1120]  F#1 sine  | midi: gt=30 pred=35 ❌  | spn: gt=F#1 pred=C2 ❌  | doremi: gt=fa# pred=sol ❌
    [   7/1120]  F#1 sine  | midi: gt=30 pred=58 ❌  | spn: gt=F#1 pred=C2 ❌  | doremi: gt=fa# pred=do# ❌
    [   8/1120]  F#1 sine  | midi: gt=30 pred=35 ❌  | spn: gt=F#1 pred=C2 ❌  | doremi: gt=fa# pred=sol ❌
    [   9/1120]  F#1 sine  | midi: gt=30 pred=58 ❌  | spn: gt=F#1 pred=C5 ❌  | doremi: gt=fa# pred=sol ❌
    [  10/1120]  F#1 sine  | midi: gt=30 pred=35 ❌  | spn: gt=F#1 pred=C2 ❌  | doremi: gt=fa# pred=sol ❌
    [  11/1120]   C3 sine  | midi: gt=48 pred=58 ❌  | spn: gt=C3 pred=C5 ❌  | doremi: gt=do pred=do# ❌
    [  12/1120]   C3 sine  | midi: gt=48 pred=48 ✅  | spn: gt=C3 pred=C2 ❌  | doremi: gt=do pred=do# ❌
    [  13/1120]   C3 sine  | midi: gt=48 pred=58 ❌  | spn: gt=C3 pred=C5 ❌  | doremi: gt=do pred=do# ❌
    [  14/1120]   C3 sine  | midi: gt=48 pred=48 ✅  | spn: gt=C3 pred=C2 ❌  | doremi: gt=do pred=do# ❌
    [  15/1120]   C3 sine  | midi: gt=48 pred=58 ❌  | spn: gt=C3 pred=C5 ❌  | doremi: gt=do pred=do# ❌
    [  16/1120]   C3 sine  | midi: gt=48 pred=48 ✅  | spn: gt=C3 pred=C2 ❌  | doremi: gt=do pred=do# ❌
    [  17/1120]   C3 sine  | midi: gt=48 pred=58 ❌  | spn: gt=C3 pred=C5 ❌  | doremi: gt=do pred=do# ❌
    [  18/1120]   C3 sine  | midi: gt=48 pred=48 ✅  | spn: gt=C3 pred=C2 ❌  | doremi: gt=do pred=do# ❌
    [  19/1120]  F#3 sine  | midi: gt=54 pred=58 ❌  | spn: gt=F#3 pred=C5 ❌  | doremi: gt=fa# pred=sol# ❌
    [  20/1120]  F#3 sine  | midi: gt=54 pred=48 ❌  | spn: gt=F#3 pred=C5 ❌  | doremi: gt=fa# pred=sol# ❌
    [  21/1120]  F#3 sine  | midi: gt=54 pred=58 ❌  | spn: gt=F#3 pred=C5 ❌  | doremi: gt=fa# pred=sol# ❌
    [  22/1120]  F#3 sine  | midi: gt=54 pred=48 ❌  | spn: gt=F#3 pred=C5 ❌  | doremi: gt=fa# pred=sol# ❌
    [  23/1120]   C4 sine  | midi: gt=60 pred=58 ❌  | spn: gt=C4 pred=C5 ❌  | doremi: gt=do pred=do# ❌
    [  24/1120]   C4 sine  | midi: gt=60 pred=60 ✅  | spn: gt=C4 pred=C5 ❌  | doremi: gt=do pred=do# ❌
    [  25/1120]   C4 sine  | midi: gt=60 pred=53 ❌  | spn: gt=C4 pred=C5 ❌  | doremi: gt=do pred=do# ❌
    [  26/1120]   C4 sine  | midi: gt=60 pred=60 ✅  | spn: gt=C4 pred=C5 ❌  | doremi: gt=do pred=do# ❌
    [  27/1120]   E4 sine  | midi: gt=64 pred=58 ❌  | spn: gt=E4 pred=C5 ❌  | doremi: gt=mi pred=sol# ❌
    [  28/1120]   E4 sine  | midi: gt=64 pred=63 ❌  | spn: gt=E4 pred=C5 ❌  | doremi: gt=mi pred=sol ❌
    [  29/1120]   G4 sine  | midi: gt=67 pred=58 ❌  | spn: gt=G4 pred=C5 ❌  | doremi: gt=sol pred=do# ❌
    [  30/1120]   G4 sine  | midi: gt=67 pred=63 ❌  | spn: gt=G4 pred=C5 ❌  | doremi: gt=sol pred=sol ✅
    [  31/1120]   G4 sine  | midi: gt=67 pred=58 ❌  | spn: gt=G4 pred=C5 ❌  | doremi: gt=sol pred=sol# ❌
    [  32/1120]   G4 sine  | midi: gt=67 pred=63 ❌  | spn: gt=G4 pred=C5 ❌  | doremi: gt=sol pred=sol ✅
    [  33/1120]   G4 sine  | midi: gt=67 pred=58 ❌  | spn: gt=G4 pred=C5 ❌  | doremi: gt=sol pred=do# ❌
    [  34/1120]   G4 sine  | midi: gt=67 pred=63 ❌  | spn: gt=G4 pred=C5 ❌  | doremi: gt=sol pred=sol ✅
    [  35/1120]   A4 sine  | midi: gt=69 pred=58 ❌  | spn: gt=A4 pred=C5 ❌  | doremi: gt=la pred=sol# ❌
    [  36/1120]   A4 sine  | midi: gt=69 pred=69 ✅  | spn: gt=A4 pred=A5 ❌  | doremi: gt=la pred=sol ❌
    [  37/1120]   A4 sine  | midi: gt=69 pred=58 ❌  | spn: gt=A4 pred=C5 ❌  | doremi: gt=la pred=do# ❌
    [  38/1120]   A4 sine  | midi: gt=69 pred=69 ✅  | spn: gt=A4 pred=A5 ❌  | doremi: gt=la pred=sol ❌
    [  39/1120]  C#5 sine  | midi: gt=73 pred=58 ❌  | spn: gt=C#5 pred=C5 ❌  | doremi: gt=do# pred=sol# ❌
    [  40/1120]  C#5 sine  | midi: gt=73 pred=68 ❌  | spn: gt=C#5 pred=C5 ❌  | doremi: gt=do# pred=sol ❌
    [  41/1120]  C#5 sine  | midi: gt=73 pred=58 ❌  | spn: gt=C#5 pred=C5 ❌  | doremi: gt=do# pred=do# ✅
    [  42/1120]  C#5 sine  | midi: gt=73 pred=68 ❌  | spn: gt=C#5 pred=C5 ❌  | doremi: gt=do# pred=sol ❌
    [  43/1120]  C#5 sine  | midi: gt=73 pred=58 ❌  | spn: gt=C#5 pred=C5 ❌  | doremi: gt=do# pred=do# ✅
    [  44/1120]  C#5 sine  | midi: gt=73 pred=68 ❌  | spn: gt=C#5 pred=C5 ❌  | doremi: gt=do# pred=sol ❌
    [  45/1120]   E5 sine  | midi: gt=76 pred=58 ❌  | spn: gt=E5 pred=C5 ❌  | doremi: gt=mi pred=sol# ❌
    [  46/1120]   E5 sine  | midi: gt=76 pred=63 ❌  | spn: gt=E5 pred=C5 ❌  | doremi: gt=mi pred=sol ❌
    [  47/1120]   G5 sine  | midi: gt=79 pred=58 ❌  | spn: gt=G5 pred=C5 ❌  | doremi: gt=sol pred=sol# ❌
    [  48/1120]   G5 sine  | midi: gt=79 pred=68 ❌  | spn: gt=G5 pred=C5 ❌  | doremi: gt=sol pred=sol ✅
    [  49/1120]   G5 sine  | midi: gt=79 pred=58 ❌  | spn: gt=G5 pred=C5 ❌  | doremi: gt=sol pred=sol# ❌
    [  50/1120]   G5 sine  | midi: gt=79 pred=68 ❌  | spn: gt=G5 pred=C5 ❌  | doremi: gt=sol pred=sol ✅
    [  51/1120]  F#1 sawtooth  | midi: gt=30 pred=58 ❌  | spn: gt=F#1 pred=C5 ❌  | doremi: gt=fa# pred=sol# ❌
    [  52/1120]  F#1 sawtooth  | midi: gt=30 pred=36 ❌  | spn: gt=F#1 pred=A2 ❌  | doremi: gt=fa# pred=sol# ❌
    [  53/1120]  F#1 sawtooth  | midi: gt=30 pred=58 ❌  | spn: gt=F#1 pred=C5 ❌  | doremi: gt=fa# pred=sol# ❌
    [  54/1120]  F#1 sawtooth  | midi: gt=30 pred=36 ❌  | spn: gt=F#1 pred=A2 ❌  | doremi: gt=fa# pred=sol# ❌
    [  55/1120]   C2 sawtooth  | midi: gt=36 pred=58 ❌  | spn: gt=C2 pred=C5 ❌  | doremi: gt=do pred=sol# ❌
    [  56/1120]   C2 sawtooth  | midi: gt=36 pred=35 ❌  | spn: gt=C2 pred=B2 ❌  | doremi: gt=do pred=sol# ❌
    [  57/1120]   C2 sawtooth  | midi: gt=36 pred=58 ❌  | spn: gt=C2 pred=C5 ❌  | doremi: gt=do pred=sol# ❌
    [  58/1120]   C2 sawtooth  | midi: gt=36 pred=35 ❌  | spn: gt=C2 pred=B2 ❌  | doremi: gt=do pred=sol# ❌
    [  59/1120]   C2 sawtooth  | midi: gt=36 pred=58 ❌  | spn: gt=C2 pred=C5 ❌  | doremi: gt=do pred=sol# ❌
    [  60/1120]   C2 sawtooth  | midi: gt=36 pred=35 ❌  | spn: gt=C2 pred=B2 ❌  | doremi: gt=do pred=sol# ❌
    [  61/1120]   G2 sawtooth  | midi: gt=43 pred=58 ❌  | spn: gt=G2 pred=G2 ✅  | doremi: gt=sol pred=sol ✅
    [  62/1120]   G2 sawtooth  | midi: gt=43 pred=43 ✅  | spn: gt=G2 pred=F#2 ❌  | doremi: gt=sol pred=sol# ❌
    [  63/1120]   C3 sawtooth  | midi: gt=48 pred=58 ❌  | spn: gt=C3 pred=C5 ❌  | doremi: gt=do pred=do# ❌
    [  64/1120]   C3 sawtooth  | midi: gt=48 pred=48 ✅  | spn: gt=C3 pred=C5 ❌  | doremi: gt=do pred=sol# ❌
    [  65/1120]  F#3 sawtooth  | midi: gt=54 pred=58 ❌  | spn: gt=F#3 pred=F#5 ❌  | doremi: gt=fa# pred=la# ❌
    [  66/1120]  F#3 sawtooth  | midi: gt=54 pred=54 ✅  | spn: gt=F#3 pred=F#5 ❌  | doremi: gt=fa# pred=sol# ❌
    [  67/1120]  F#3 sawtooth  | midi: gt=54 pred=58 ❌  | spn: gt=F#3 pred=F#5 ❌  | doremi: gt=fa# pred=la# ❌
    [  68/1120]  F#3 sawtooth  | midi: gt=54 pred=54 ✅  | spn: gt=F#3 pred=F#5 ❌  | doremi: gt=fa# pred=sol# ❌
    [  69/1120]  A#3 sawtooth  | midi: gt=58 pred=58 ✅  | spn: gt=A#3 pred=C5 ❌  | doremi: gt=la# pred=sol# ❌
    [  70/1120]  A#3 sawtooth  | midi: gt=58 pred=45 ❌  | spn: gt=A#3 pred=A5 ❌  | doremi: gt=la# pred=sol# ❌
    [  71/1120]  A#3 sawtooth  | midi: gt=58 pred=58 ✅  | spn: gt=A#3 pred=C5 ❌  | doremi: gt=la# pred=sol# ❌
    [  72/1120]  A#3 sawtooth  | midi: gt=58 pred=45 ❌  | spn: gt=A#3 pred=A5 ❌  | doremi: gt=la# pred=sol# ❌
    [  73/1120]  A#3 sawtooth  | midi: gt=58 pred=58 ✅  | spn: gt=A#3 pred=A5 ❌  | doremi: gt=la# pred=sol# ❌
    [  74/1120]  A#3 sawtooth  | midi: gt=58 pred=45 ❌  | spn: gt=A#3 pred=A5 ❌  | doremi: gt=la# pred=sol# ❌
    [  75/1120]   C4 sawtooth  | midi: gt=60 pred=58 ❌  | spn: gt=C4 pred=C5 ❌  | doremi: gt=do pred=do# ❌
    [  76/1120]   C4 sawtooth  | midi: gt=60 pred=43 ❌  | spn: gt=C4 pred=F5 ❌  | doremi: gt=do pred=sol# ❌
    [  77/1120]   C4 sawtooth  | midi: gt=60 pred=58 ❌  | spn: gt=C4 pred=C5 ❌  | doremi: gt=do pred=do# ❌
    [  78/1120]   C4 sawtooth  | midi: gt=60 pred=43 ❌  | spn: gt=C4 pred=F5 ❌  | doremi: gt=do pred=sol# ❌
    [  79/1120]   C4 sawtooth  | midi: gt=60 pred=58 ❌  | spn: gt=C4 pred=C5 ❌  | doremi: gt=do pred=do# ❌
    [  80/1120]   C4 sawtooth  | midi: gt=60 pred=43 ❌  | spn: gt=C4 pred=F5 ❌  | doremi: gt=do pred=sol# ❌
    [  81/1120]   C4 sawtooth  | midi: gt=60 pred=58 ❌  | spn: gt=C4 pred=C5 ❌  | doremi: gt=do pred=do# ❌
    [  82/1120]   C4 sawtooth  | midi: gt=60 pred=43 ❌  | spn: gt=C4 pred=F5 ❌  | doremi: gt=do pred=sol# ❌
    [  83/1120]   C4 sawtooth  | midi: gt=60 pred=58 ❌  | spn: gt=C4 pred=C5 ❌  | doremi: gt=do pred=do# ❌
    [  84/1120]   C4 sawtooth  | midi: gt=60 pred=43 ❌  | spn: gt=C4 pred=F5 ❌  | doremi: gt=do pred=sol# ❌
    [  85/1120]   E4 sawtooth  | midi: gt=64 pred=58 ❌  | spn: gt=E4 pred=C5 ❌  | doremi: gt=mi pred=sol# ❌
    [  86/1120]   E4 sawtooth  | midi: gt=64 pred=69 ❌  | spn: gt=E4 pred=A5 ❌  | doremi: gt=mi pred=sol# ❌
    [  87/1120]   G4 sawtooth  | midi: gt=67 pred=58 ❌  | spn: gt=G4 pred=C5 ❌  | doremi: gt=sol pred=sol ✅
    [  88/1120]   G4 sawtooth  | midi: gt=67 pred=63 ❌  | spn: gt=G4 pred=F5 ❌  | doremi: gt=sol pred=sol# ❌
    [  89/1120]   G4 sawtooth  | midi: gt=67 pred=58 ❌  | spn: gt=G4 pred=C5 ❌  | doremi: gt=sol pred=sol ✅
    [  90/1120]   G4 sawtooth  | midi: gt=67 pred=63 ❌  | spn: gt=G4 pred=F5 ❌  | doremi: gt=sol pred=sol# ❌
    [  91/1120]   G4 sawtooth  | midi: gt=67 pred=58 ❌  | spn: gt=G4 pred=C5 ❌  | doremi: gt=sol pred=sol ✅
    [  92/1120]   G4 sawtooth  | midi: gt=67 pred=63 ❌  | spn: gt=G4 pred=F5 ❌  | doremi: gt=sol pred=sol# ❌
    [  93/1120]   A4 sawtooth  | midi: gt=69 pred=58 ❌  | spn: gt=A4 pred=C5 ❌  | doremi: gt=la pred=sol# ❌
    [  94/1120]   A4 sawtooth  | midi: gt=69 pred=69 ✅  | spn: gt=A4 pred=A5 ❌  | doremi: gt=la pred=sol# ❌
    [  95/1120]   A4 sawtooth  | midi: gt=69 pred=58 ❌  | spn: gt=A4 pred=C5 ❌  | doremi: gt=la pred=sol ❌
    [  96/1120]   A4 sawtooth  | midi: gt=69 pred=69 ✅  | spn: gt=A4 pred=A5 ❌  | doremi: gt=la pred=sol# ❌
    [  97/1120]   A4 sawtooth  | midi: gt=69 pred=58 ❌  | spn: gt=A4 pred=C5 ❌  | doremi: gt=la pred=sol ❌
    [  98/1120]   A4 sawtooth  | midi: gt=69 pred=69 ✅  | spn: gt=A4 pred=A5 ❌  | doremi: gt=la pred=sol# ❌
    [  99/1120]  C#5 sawtooth  | midi: gt=73 pred=58 ❌  | spn: gt=C#5 pred=C5 ❌  | doremi: gt=do# pred=sol# ❌
    [ 100/1120]  C#5 sawtooth  | midi: gt=73 pred=68 ❌  | spn: gt=C#5 pred=C5 ❌  | doremi: gt=do# pred=sol# ❌
    [ 101/1120]  C#5 sawtooth  | midi: gt=73 pred=58 ❌  | spn: gt=C#5 pred=C5 ❌  | doremi: gt=do# pred=sol# ❌
    [ 102/1120]  C#5 sawtooth  | midi: gt=73 pred=68 ❌  | spn: gt=C#5 pred=C5 ❌  | doremi: gt=do# pred=sol# ❌
    [ 103/1120]  C#5 sawtooth  | midi: gt=73 pred=58 ❌  | spn: gt=C#5 pred=C5 ❌  | doremi: gt=do# pred=do# ✅
    [ 104/1120]  C#5 sawtooth  | midi: gt=73 pred=68 ❌  | spn: gt=C#5 pred=C5 ❌  | doremi: gt=do# pred=sol# ❌
    [ 105/1120]   E5 sawtooth  | midi: gt=76 pred=58 ❌  | spn: gt=E5 pred=C5 ❌  | doremi: gt=mi pred=sol# ❌
    [ 106/1120]   E5 sawtooth  | midi: gt=76 pred=69 ❌  | spn: gt=E5 pred=A6 ❌  | doremi: gt=mi pred=sol# ❌
    [ 107/1120]   G5 sawtooth  | midi: gt=79 pred=58 ❌  | spn: gt=G5 pred=C5 ❌  | doremi: gt=sol pred=sol# ❌
    [ 108/1120]   G5 sawtooth  | midi: gt=79 pred=69 ❌  | spn: gt=G5 pred=A6 ❌  | doremi: gt=sol pred=sol# ❌
    [ 109/1120]   G5 sawtooth  | midi: gt=79 pred=58 ❌  | spn: gt=G5 pred=C5 ❌  | doremi: gt=sol pred=sol# ❌
    [ 110/1120]   G5 sawtooth  | midi: gt=79 pred=69 ❌  | spn: gt=G5 pred=A6 ❌  | doremi: gt=sol pred=sol# ❌
    [ 111/1120]   E6 sawtooth  | midi: gt=88 pred=58 ❌  | spn: gt=E6 pred=C5 ❌  | doremi: gt=mi pred=la# ❌
    [ 112/1120]   E6 sawtooth  | midi: gt=88 pred=65 ❌  | spn: gt=E6 pred=F5 ❌  | doremi: gt=mi pred=sol# ❌
    [ 113/1120]   E6 sawtooth  | midi: gt=88 pred=58 ❌  | spn: gt=E6 pred=C5 ❌  | doremi: gt=mi pred=la# ❌
    [ 114/1120]   E6 sawtooth  | midi: gt=88 pred=65 ❌  | spn: gt=E6 pred=F5 ❌  | doremi: gt=mi pred=sol# ❌
    [ 115/1120]  F#1 square  | midi: gt=30 pred=58 ❌  | spn: gt=F#1 pred=C5 ❌  | doremi: gt=fa# pred=sol# ❌
    [ 116/1120]  F#1 square  | midi: gt=30 pred=34 ❌  | spn: gt=F#1 pred=B2 ❌  | doremi: gt=fa# pred=sol# ❌
    [ 117/1120]  F#1 square  | midi: gt=30 pred=58 ❌  | spn: gt=F#1 pred=C5 ❌  | doremi: gt=fa# pred=sol# ❌
    [ 118/1120]  F#1 square  | midi: gt=30 pred=34 ❌  | spn: gt=F#1 pred=B2 ❌  | doremi: gt=fa# pred=sol# ❌
    [ 119/1120]  F#1 square  | midi: gt=30 pred=58 ❌  | spn: gt=F#1 pred=C5 ❌  | doremi: gt=fa# pred=sol# ❌
    [ 120/1120]  F#1 square  | midi: gt=30 pred=34 ❌  | spn: gt=F#1 pred=B2 ❌  | doremi: gt=fa# pred=sol# ❌
    [ 121/1120]   C2 square  | midi: gt=36 pred=58 ❌  | spn: gt=C2 pred=C5 ❌  | doremi: gt=do pred=sol# ❌
    [ 122/1120]   C2 square  | midi: gt=36 pred=35 ❌  | spn: gt=C2 pred=B2 ❌  | doremi: gt=do pred=sol# ❌
    [ 123/1120]   C2 square  | midi: gt=36 pred=58 ❌  | spn: gt=C2 pred=C5 ❌  | doremi: gt=do pred=sol# ❌
    [ 124/1120]   C2 square  | midi: gt=36 pred=35 ❌  | spn: gt=C2 pred=B2 ❌  | doremi: gt=do pred=sol# ❌
    [ 125/1120]   G2 square  | midi: gt=43 pred=58 ❌  | spn: gt=G2 pred=C5 ❌  | doremi: gt=sol pred=sol# ❌
    [ 126/1120]   G2 square  | midi: gt=43 pred=43 ✅  | spn: gt=G2 pred=F#2 ❌  | doremi: gt=sol pred=sol# ❌
    [ 127/1120]   G2 square  | midi: gt=43 pred=58 ❌  | spn: gt=G2 pred=C5 ❌  | doremi: gt=sol pred=sol# ❌
    [ 128/1120]   G2 square  | midi: gt=43 pred=43 ✅  | spn: gt=G2 pred=F#2 ❌  | doremi: gt=sol pred=sol# ❌
    [ 129/1120]   G2 square  | midi: gt=43 pred=58 ❌  | spn: gt=G2 pred=C5 ❌  | doremi: gt=sol pred=sol# ❌
    [ 130/1120]   G2 square  | midi: gt=43 pred=43 ✅  | spn: gt=G2 pred=F#2 ❌  | doremi: gt=sol pred=sol# ❌
    [ 131/1120]   G2 square  | midi: gt=43 pred=58 ❌  | spn: gt=G2 pred=C5 ❌  | doremi: gt=sol pred=sol# ❌
    [ 132/1120]   G2 square  | midi: gt=43 pred=43 ✅  | spn: gt=G2 pred=F#2 ❌  | doremi: gt=sol pred=sol# ❌
    [ 133/1120]  F#3 square  | midi: gt=54 pred=58 ❌  | spn: gt=F#3 pred=F5 ❌  | doremi: gt=fa# pred=la# ❌
    [ 134/1120]  F#3 square  | midi: gt=54 pred=54 ✅  | spn: gt=F#3 pred=F#5 ❌  | doremi: gt=fa# pred=sol# ❌
    [ 135/1120]  F#3 square  | midi: gt=54 pred=58 ❌  | spn: gt=F#3 pred=F5 ❌  | doremi: gt=fa# pred=fa# ✅
    [ 136/1120]  F#3 square  | midi: gt=54 pred=54 ✅  | spn: gt=F#3 pred=F#5 ❌  | doremi: gt=fa# pred=sol# ❌
    [ 137/1120]  F#3 square  | midi: gt=54 pred=58 ❌  | spn: gt=F#3 pred=F5 ❌  | doremi: gt=fa# pred=la# ❌
    [ 138/1120]  F#3 square  | midi: gt=54 pred=54 ✅  | spn: gt=F#3 pred=F#5 ❌  | doremi: gt=fa# pred=sol# ❌
    [ 139/1120]  F#3 square  | midi: gt=54 pred=58 ❌  | spn: gt=F#3 pred=F5 ❌  | doremi: gt=fa# pred=la# ❌
    [ 140/1120]  F#3 square  | midi: gt=54 pred=54 ✅  | spn: gt=F#3 pred=F#5 ❌  | doremi: gt=fa# pred=sol# ❌
    [ 141/1120]  A#3 square  | midi: gt=58 pred=58 ✅  | spn: gt=A#3 pred=C5 ❌  | doremi: gt=la# pred=sol# ❌
    [ 142/1120]  A#3 square  | midi: gt=58 pred=58 ✅  | spn: gt=A#3 pred=A5 ❌  | doremi: gt=la# pred=sol# ❌
    [ 143/1120]  A#3 square  | midi: gt=58 pred=58 ✅  | spn: gt=A#3 pred=C5 ❌  | doremi: gt=la# pred=sol# ❌
    [ 144/1120]  A#3 square  | midi: gt=58 pred=58 ✅  | spn: gt=A#3 pred=A5 ❌  | doremi: gt=la# pred=sol# ❌
    [ 145/1120]  A#3 square  | midi: gt=58 pred=58 ✅  | spn: gt=A#3 pred=C5 ❌  | doremi: gt=la# pred=sol# ❌
    [ 146/1120]  A#3 square  | midi: gt=58 pred=58 ✅  | spn: gt=A#3 pred=A5 ❌  | doremi: gt=la# pred=sol# ❌
    [ 147/1120]   C4 square  | midi: gt=60 pred=53 ❌  | spn: gt=C4 pred=C5 ❌  | doremi: gt=do pred=do# ❌
    [ 148/1120]   C4 square  | midi: gt=60 pred=63 ❌  | spn: gt=C4 pred=C5 ❌  | doremi: gt=do pred=sol# ❌
    [ 149/1120]   E4 square  | midi: gt=64 pred=58 ❌  | spn: gt=E4 pred=C5 ❌  | doremi: gt=mi pred=sol# ❌
    [ 150/1120]   E4 square  | midi: gt=64 pred=63 ❌  | spn: gt=E4 pred=A5 ❌  | doremi: gt=mi pred=sol# ❌
    [ 151/1120]   E4 square  | midi: gt=64 pred=58 ❌  | spn: gt=E4 pred=C5 ❌  | doremi: gt=mi pred=sol# ❌
    [ 152/1120]   E4 square  | midi: gt=64 pred=63 ❌  | spn: gt=E4 pred=A5 ❌  | doremi: gt=mi pred=sol# ❌
    [ 153/1120]   E4 square  | midi: gt=64 pred=59 ❌  | spn: gt=E4 pred=C5 ❌  | doremi: gt=mi pred=sol ❌
    [ 154/1120]   E4 square  | midi: gt=64 pred=63 ❌  | spn: gt=E4 pred=A5 ❌  | doremi: gt=mi pred=sol# ❌
    [ 155/1120]   E4 square  | midi: gt=64 pred=58 ❌  | spn: gt=E4 pred=C5 ❌  | doremi: gt=mi pred=sol# ❌
    [ 156/1120]   E4 square  | midi: gt=64 pred=63 ❌  | spn: gt=E4 pred=A5 ❌  | doremi: gt=mi pred=sol# ❌
    [ 157/1120]   E4 square  | midi: gt=64 pred=58 ❌  | spn: gt=E4 pred=C5 ❌  | doremi: gt=mi pred=sol# ❌
    [ 158/1120]   E4 square  | midi: gt=64 pred=63 ❌  | spn: gt=E4 pred=A5 ❌  | doremi: gt=mi pred=sol# ❌
    [ 159/1120]   E4 square  | midi: gt=64 pred=58 ❌  | spn: gt=E4 pred=C5 ❌  | doremi: gt=mi pred=sol# ❌
    [ 160/1120]   E4 square  | midi: gt=64 pred=63 ❌  | spn: gt=E4 pred=A5 ❌  | doremi: gt=mi pred=sol# ❌
    [ 161/1120]   G4 square  | midi: gt=67 pred=58 ❌  | spn: gt=G4 pred=C5 ❌  | doremi: gt=sol pred=sol# ❌
    [ 162/1120]   G4 square  | midi: gt=67 pred=63 ❌  | spn: gt=G4 pred=F5 ❌  | doremi: gt=sol pred=sol# ❌
    [ 163/1120]  C#5 square  | midi: gt=73 pred=58 ❌  | spn: gt=C#5 pred=C5 ❌  | doremi: gt=do# pred=sol# ❌
    [ 164/1120]  C#5 square  | midi: gt=73 pred=63 ❌  | spn: gt=C#5 pred=C5 ❌  | doremi: gt=do# pred=sol# ❌
    [ 165/1120]   E5 square  | midi: gt=76 pred=58 ❌  | spn: gt=E5 pred=C5 ❌  | doremi: gt=mi pred=sol# ❌
    [ 166/1120]   E5 square  | midi: gt=76 pred=63 ❌  | spn: gt=E5 pred=F5 ❌  | doremi: gt=mi pred=sol# ❌
    [ 167/1120]   E5 square  | midi: gt=76 pred=58 ❌  | spn: gt=E5 pred=C5 ❌  | doremi: gt=mi pred=sol# ❌
    [ 168/1120]   E5 square  | midi: gt=76 pred=63 ❌  | spn: gt=E5 pred=F5 ❌  | doremi: gt=mi pred=sol# ❌
    [ 169/1120]   G5 square  | midi: gt=79 pred=58 ❌  | spn: gt=G5 pred=C5 ❌  | doremi: gt=sol pred=sol# ❌
    [ 170/1120]   G5 square  | midi: gt=79 pred=68 ❌  | spn: gt=G5 pred=F5 ❌  | doremi: gt=sol pred=sol# ❌
    [ 171/1120]   G5 square  | midi: gt=79 pred=58 ❌  | spn: gt=G5 pred=C5 ❌  | doremi: gt=sol pred=sol# ❌
    [ 172/1120]   G5 square  | midi: gt=79 pred=68 ❌  | spn: gt=G5 pred=F5 ❌  | doremi: gt=sol pred=sol# ❌
    [ 173/1120]   G5 square  | midi: gt=79 pred=58 ❌  | spn: gt=G5 pred=C5 ❌  | doremi: gt=sol pred=sol# ❌
    [ 174/1120]   G5 square  | midi: gt=79 pred=68 ❌  | spn: gt=G5 pred=F5 ❌  | doremi: gt=sol pred=sol# ❌
    [ 175/1120]   G5 square  | midi: gt=79 pred=58 ❌  | spn: gt=G5 pred=C5 ❌  | doremi: gt=sol pred=sol# ❌
    [ 176/1120]   G5 square  | midi: gt=79 pred=68 ❌  | spn: gt=G5 pred=F5 ❌  | doremi: gt=sol pred=sol# ❌
    [ 177/1120]   E6 square  | midi: gt=88 pred=84 ❌  | spn: gt=E6 pred=C5 ❌  | doremi: gt=mi pred=sol# ❌
    [ 178/1120]   E6 square  | midi: gt=88 pred=63 ❌  | spn: gt=E6 pred=F5 ❌  | doremi: gt=mi pred=sol# ❌
    [ 179/1120]   E6 square  | midi: gt=88 pred=58 ❌  | spn: gt=E6 pred=C5 ❌  | doremi: gt=mi pred=sol# ❌
    [ 180/1120]   E6 square  | midi: gt=88 pred=63 ❌  | spn: gt=E6 pred=F5 ❌  | doremi: gt=mi pred=sol# ❌
    [ 181/1120]  F#1 triangle  | midi: gt=30 pred=58 ❌  | spn: gt=F#1 pred=C5 ❌  | doremi: gt=fa# pred=sol# ❌
    [ 182/1120]  F#1 triangle  | midi: gt=30 pred=34 ❌  | spn: gt=F#1 pred=C2 ❌  | doremi: gt=fa# pred=sol# ❌
    [ 183/1120]  F#1 triangle  | midi: gt=30 pred=58 ❌  | spn: gt=F#1 pred=C5 ❌  | doremi: gt=fa# pred=sol# ❌
    [ 184/1120]  F#1 triangle  | midi: gt=30 pred=34 ❌  | spn: gt=F#1 pred=C2 ❌  | doremi: gt=fa# pred=sol# ❌
    [ 185/1120]  F#1 triangle  | midi: gt=30 pred=58 ❌  | spn: gt=F#1 pred=C2 ❌  | doremi: gt=fa# pred=sol# ❌
    [ 186/1120]  F#1 triangle  | midi: gt=30 pred=34 ❌  | spn: gt=F#1 pred=C2 ❌  | doremi: gt=fa# pred=sol# ❌
    [ 187/1120]  F#1 triangle  | midi: gt=30 pred=58 ❌  | spn: gt=F#1 pred=C5 ❌  | doremi: gt=fa# pred=sol# ❌
    [ 188/1120]  F#1 triangle  | midi: gt=30 pred=34 ❌  | spn: gt=F#1 pred=C2 ❌  | doremi: gt=fa# pred=sol# ❌
    [ 189/1120]  F#1 triangle  | midi: gt=30 pred=58 ❌  | spn: gt=F#1 pred=C5 ❌  | doremi: gt=fa# pred=sol# ❌
    [ 190/1120]  F#1 triangle  | midi: gt=30 pred=34 ❌  | spn: gt=F#1 pred=C2 ❌  | doremi: gt=fa# pred=sol# ❌
    [ 191/1120]   C2 triangle  | midi: gt=36 pred=58 ❌  | spn: gt=C2 pred=C5 ❌  | doremi: gt=do pred=sol# ❌
    [ 192/1120]   C2 triangle  | midi: gt=36 pred=35 ❌  | spn: gt=C2 pred=C2 ✅  | doremi: gt=do pred=sol# ❌
    [ 193/1120]   C2 triangle  | midi: gt=36 pred=58 ❌  | spn: gt=C2 pred=C5 ❌  | doremi: gt=do pred=do# ❌
    [ 194/1120]   C2 triangle  | midi: gt=36 pred=35 ❌  | spn: gt=C2 pred=C2 ✅  | doremi: gt=do pred=sol# ❌
    [ 195/1120]   C2 triangle  | midi: gt=36 pred=58 ❌  | spn: gt=C2 pred=C5 ❌  | doremi: gt=do pred=sol# ❌
    [ 196/1120]   C2 triangle  | midi: gt=36 pred=35 ❌  | spn: gt=C2 pred=C2 ✅  | doremi: gt=do pred=sol# ❌
    [ 197/1120]   G2 triangle  | midi: gt=43 pred=58 ❌  | spn: gt=G2 pred=C5 ❌  | doremi: gt=sol pred=sol# ❌
    [ 198/1120]   G2 triangle  | midi: gt=43 pred=43 ✅  | spn: gt=G2 pred=F#2 ❌  | doremi: gt=sol pred=sol# ❌
    [ 199/1120]   G2 triangle  | midi: gt=43 pred=58 ❌  | spn: gt=G2 pred=C5 ❌  | doremi: gt=sol pred=sol# ❌
    [ 200/1120]   G2 triangle  | midi: gt=43 pred=43 ✅  | spn: gt=G2 pred=F#2 ❌  | doremi: gt=sol pred=sol# ❌
    [ 201/1120]   G2 triangle  | midi: gt=43 pred=58 ❌  | spn: gt=G2 pred=C5 ❌  | doremi: gt=sol pred=sol# ❌
    [ 202/1120]   G2 triangle  | midi: gt=43 pred=43 ✅  | spn: gt=G2 pred=F#2 ❌  | doremi: gt=sol pred=sol# ❌
    [ 203/1120]   C3 triangle  | midi: gt=48 pred=58 ❌  | spn: gt=C3 pred=C5 ❌  | doremi: gt=do pred=sol# ❌
    [ 204/1120]   C3 triangle  | midi: gt=48 pred=48 ✅  | spn: gt=C3 pred=A2 ❌  | doremi: gt=do pred=sol# ❌
    [ 205/1120]   C3 triangle  | midi: gt=48 pred=58 ❌  | spn: gt=C3 pred=C5 ❌  | doremi: gt=do pred=sol# ❌
    [ 206/1120]   C3 triangle  | midi: gt=48 pred=48 ✅  | spn: gt=C3 pred=A2 ❌  | doremi: gt=do pred=sol# ❌
    [ 207/1120]   C3 triangle  | midi: gt=48 pred=58 ❌  | spn: gt=C3 pred=C5 ❌  | doremi: gt=do pred=sol# ❌
    [ 208/1120]   C3 triangle  | midi: gt=48 pred=48 ✅  | spn: gt=C3 pred=A2 ❌  | doremi: gt=do pred=sol# ❌
    [ 209/1120]   C3 triangle  | midi: gt=48 pred=58 ❌  | spn: gt=C3 pred=C5 ❌  | doremi: gt=do pred=do# ❌
    [ 210/1120]   C3 triangle  | midi: gt=48 pred=48 ✅  | spn: gt=C3 pred=A2 ❌  | doremi: gt=do pred=sol# ❌
    [ 211/1120]   C3 triangle  | midi: gt=48 pred=58 ❌  | spn: gt=C3 pred=C5 ❌  | doremi: gt=do pred=sol# ❌
    [ 212/1120]   C3 triangle  | midi: gt=48 pred=48 ✅  | spn: gt=C3 pred=A2 ❌  | doremi: gt=do pred=sol# ❌
    [ 213/1120]  A#3 triangle  | midi: gt=58 pred=58 ✅  | spn: gt=A#3 pred=C5 ❌  | doremi: gt=la# pred=sol# ❌
    [ 214/1120]  A#3 triangle  | midi: gt=58 pred=69 ❌  | spn: gt=A#3 pred=A5 ❌  | doremi: gt=la# pred=sol# ❌
    [ 215/1120]  A#3 triangle  | midi: gt=58 pred=58 ✅  | spn: gt=A#3 pred=C5 ❌  | doremi: gt=la# pred=sol# ❌
    [ 216/1120]  A#3 triangle  | midi: gt=58 pred=69 ❌  | spn: gt=A#3 pred=A5 ❌  | doremi: gt=la# pred=sol# ❌
    [ 217/1120]  A#3 triangle  | midi: gt=58 pred=58 ✅  | spn: gt=A#3 pred=C5 ❌  | doremi: gt=la# pred=sol# ❌
    [ 218/1120]  A#3 triangle  | midi: gt=58 pred=69 ❌  | spn: gt=A#3 pred=A5 ❌  | doremi: gt=la# pred=sol# ❌
    [ 219/1120]  A#3 triangle  | midi: gt=58 pred=58 ✅  | spn: gt=A#3 pred=C5 ❌  | doremi: gt=la# pred=sol# ❌
    [ 220/1120]  A#3 triangle  | midi: gt=58 pred=69 ❌  | spn: gt=A#3 pred=A5 ❌  | doremi: gt=la# pred=sol# ❌
    [ 221/1120]   C4 triangle  | midi: gt=60 pred=58 ❌  | spn: gt=C4 pred=C5 ❌  | doremi: gt=do pred=do# ❌
    [ 222/1120]   C4 triangle  | midi: gt=60 pred=63 ❌  | spn: gt=C4 pred=C5 ❌  | doremi: gt=do pred=sol# ❌
    [ 223/1120]   C4 triangle  | midi: gt=60 pred=53 ❌  | spn: gt=C4 pred=C5 ❌  | doremi: gt=do pred=do# ❌
    [ 224/1120]   C4 triangle  | midi: gt=60 pred=63 ❌  | spn: gt=C4 pred=C5 ❌  | doremi: gt=do pred=sol# ❌
    [ 225/1120]   E4 triangle  | midi: gt=64 pred=58 ❌  | spn: gt=E4 pred=C5 ❌  | doremi: gt=mi pred=sol# ❌
    [ 226/1120]   E4 triangle  | midi: gt=64 pred=63 ❌  | spn: gt=E4 pred=F#5 ❌  | doremi: gt=mi pred=sol# ❌
    [ 227/1120]   E4 triangle  | midi: gt=64 pred=58 ❌  | spn: gt=E4 pred=C5 ❌  | doremi: gt=mi pred=sol# ❌
    [ 228/1120]   E4 triangle  | midi: gt=64 pred=63 ❌  | spn: gt=E4 pred=F#5 ❌  | doremi: gt=mi pred=sol# ❌
    [ 229/1120]   E4 triangle  | midi: gt=64 pred=58 ❌  | spn: gt=E4 pred=C5 ❌  | doremi: gt=mi pred=sol# ❌
    [ 230/1120]   E4 triangle  | midi: gt=64 pred=63 ❌  | spn: gt=E4 pred=F#5 ❌  | doremi: gt=mi pred=sol# ❌
    [ 231/1120]   G4 triangle  | midi: gt=67 pred=58 ❌  | spn: gt=G4 pred=C5 ❌  | doremi: gt=sol pred=sol# ❌
    [ 232/1120]   G4 triangle  | midi: gt=67 pred=68 ❌  | spn: gt=G4 pred=F5 ❌  | doremi: gt=sol pred=sol# ❌
    [ 233/1120]   G4 triangle  | midi: gt=67 pred=58 ❌  | spn: gt=G4 pred=C5 ❌  | doremi: gt=sol pred=sol# ❌
    [ 234/1120]   G4 triangle  | midi: gt=67 pred=68 ❌  | spn: gt=G4 pred=F5 ❌  | doremi: gt=sol pred=sol# ❌
    [ 235/1120]   G4 triangle  | midi: gt=67 pred=58 ❌  | spn: gt=G4 pred=C5 ❌  | doremi: gt=sol pred=sol# ❌
    [ 236/1120]   G4 triangle  | midi: gt=67 pred=68 ❌  | spn: gt=G4 pred=F5 ❌  | doremi: gt=sol pred=sol# ❌
    [ 237/1120]   A4 triangle  | midi: gt=69 pred=58 ❌  | spn: gt=A4 pred=C5 ❌  | doremi: gt=la pred=sol# ❌
    [ 238/1120]   A4 triangle  | midi: gt=69 pred=69 ✅  | spn: gt=A4 pred=A6 ❌  | doremi: gt=la pred=sol# ❌
    [ 239/1120]   A4 triangle  | midi: gt=69 pred=58 ❌  | spn: gt=A4 pred=C5 ❌  | doremi: gt=la pred=sol# ❌
    [ 240/1120]   A4 triangle  | midi: gt=69 pred=69 ✅  | spn: gt=A4 pred=A6 ❌  | doremi: gt=la pred=sol# ❌
    [ 241/1120]   A4 triangle  | midi: gt=69 pred=58 ❌  | spn: gt=A4 pred=C5 ❌  | doremi: gt=la pred=sol ❌
    [ 242/1120]   A4 triangle  | midi: gt=69 pred=69 ✅  | spn: gt=A4 pred=A6 ❌  | doremi: gt=la pred=sol# ❌
    [ 243/1120]  C#5 triangle  | midi: gt=73 pred=58 ❌  | spn: gt=C#5 pred=C5 ❌  | doremi: gt=do# pred=sol# ❌
    [ 244/1120]  C#5 triangle  | midi: gt=73 pred=68 ❌  | spn: gt=C#5 pred=C6 ❌  | doremi: gt=do# pred=sol# ❌
    [ 245/1120]   E5 triangle  | midi: gt=76 pred=58 ❌  | spn: gt=E5 pred=C5 ❌  | doremi: gt=mi pred=sol# ❌
    [ 246/1120]   E5 triangle  | midi: gt=76 pred=63 ❌  | spn: gt=E5 pred=C6 ❌  | doremi: gt=mi pred=sol# ❌
    [ 247/1120]   G5 triangle  | midi: gt=79 pred=58 ❌  | spn: gt=G5 pred=C5 ❌  | doremi: gt=sol pred=sol# ❌
    [ 248/1120]   G5 triangle  | midi: gt=79 pred=68 ❌  | spn: gt=G5 pred=C5 ❌  | doremi: gt=sol pred=sol# ❌
    [ 249/1120]   G5 triangle  | midi: gt=79 pred=58 ❌  | spn: gt=G5 pred=C5 ❌  | doremi: gt=sol pred=sol# ❌
    [ 250/1120]   G5 triangle  | midi: gt=79 pred=68 ❌  | spn: gt=G5 pred=C5 ❌  | doremi: gt=sol pred=sol# ❌
    [ 251/1120]  F#1 piano  | midi: gt=30 pred=58 ❌  | spn: gt=F#1 pred=C5 ❌  | doremi: gt=fa# pred=sol# ❌
    [ 252/1120]  F#1 piano  | midi: gt=30 pred=35 ❌  | spn: gt=F#1 pred=F#2 ❌  | doremi: gt=fa# pred=sol# ❌
    [ 253/1120]  F#1 piano  | midi: gt=30 pred=58 ❌  | spn: gt=F#1 pred=C5 ❌  | doremi: gt=fa# pred=sol# ❌
    [ 254/1120]  F#1 piano  | midi: gt=30 pred=35 ❌  | spn: gt=F#1 pred=F#2 ❌  | doremi: gt=fa# pred=sol# ❌
    [ 255/1120]   G2 piano  | midi: gt=43 pred=58 ❌  | spn: gt=G2 pred=C5 ❌  | doremi: gt=sol pred=sol ✅
    [ 256/1120]   G2 piano  | midi: gt=43 pred=43 ✅  | spn: gt=G2 pred=C5 ❌  | doremi: gt=sol pred=sol# ❌
    [ 257/1120]   G2 piano  | midi: gt=43 pred=58 ❌  | spn: gt=G2 pred=C5 ❌  | doremi: gt=sol pred=sol ✅
    [ 258/1120]   G2 piano  | midi: gt=43 pred=43 ✅  | spn: gt=G2 pred=C5 ❌  | doremi: gt=sol pred=sol# ❌
    [ 259/1120]   C3 piano  | midi: gt=48 pred=48 ✅  | spn: gt=C3 pred=C5 ❌  | doremi: gt=do pred=do# ❌
    [ 260/1120]   C3 piano  | midi: gt=48 pred=48 ✅  | spn: gt=C3 pred=C4 ❌  | doremi: gt=do pred=do# ❌
    [ 261/1120]   C3 piano  | midi: gt=48 pred=58 ❌  | spn: gt=C3 pred=C5 ❌  | doremi: gt=do pred=do# ❌
    [ 262/1120]   C3 piano  | midi: gt=48 pred=48 ✅  | spn: gt=C3 pred=C4 ❌  | doremi: gt=do pred=do# ❌
    [ 263/1120]  F#3 piano  | midi: gt=54 pred=53 ❌  | spn: gt=F#3 pred=F#5 ❌  | doremi: gt=fa# pred=la# ❌
    [ 264/1120]  F#3 piano  | midi: gt=54 pred=54 ✅  | spn: gt=F#3 pred=F#3 ✅  | doremi: gt=fa# pred=la ❌
    [ 265/1120]  A#3 piano  | midi: gt=58 pred=58 ✅  | spn: gt=A#3 pred=C5 ❌  | doremi: gt=la# pred=sol# ❌
    [ 266/1120]  A#3 piano  | midi: gt=58 pred=58 ✅  | spn: gt=A#3 pred=A4 ❌  | doremi: gt=la# pred=sol# ❌
    [ 267/1120]  A#3 piano  | midi: gt=58 pred=58 ✅  | spn: gt=A#3 pred=C5 ❌  | doremi: gt=la# pred=sol# ❌
    [ 268/1120]  A#3 piano  | midi: gt=58 pred=58 ✅  | spn: gt=A#3 pred=A4 ❌  | doremi: gt=la# pred=sol# ❌
    [ 269/1120]  A#3 piano  | midi: gt=58 pred=58 ✅  | spn: gt=A#3 pred=C5 ❌  | doremi: gt=la# pred=la# ✅
    [ 270/1120]  A#3 piano  | midi: gt=58 pred=58 ✅  | spn: gt=A#3 pred=A4 ❌  | doremi: gt=la# pred=sol# ❌
    [ 271/1120]   C4 piano  | midi: gt=60 pred=58 ❌  | spn: gt=C4 pred=C5 ❌  | doremi: gt=do pred=do# ❌
    [ 272/1120]   C4 piano  | midi: gt=60 pred=48 ❌  | spn: gt=C4 pred=C5 ❌  | doremi: gt=do pred=sol# ❌
    [ 273/1120]   C4 piano  | midi: gt=60 pred=58 ❌  | spn: gt=C4 pred=C5 ❌  | doremi: gt=do pred=do# ❌
    [ 274/1120]   C4 piano  | midi: gt=60 pred=48 ❌  | spn: gt=C4 pred=C5 ❌  | doremi: gt=do pred=sol# ❌
    [ 275/1120]   E4 piano  | midi: gt=64 pred=58 ❌  | spn: gt=E4 pred=C5 ❌  | doremi: gt=mi pred=la# ❌
    [ 276/1120]   E4 piano  | midi: gt=64 pred=53 ❌  | spn: gt=E4 pred=F#5 ❌  | doremi: gt=mi pred=sol# ❌
    [ 277/1120]   G4 piano  | midi: gt=67 pred=58 ❌  | spn: gt=G4 pred=G2 ❌  | doremi: gt=sol pred=sol# ❌
    [ 278/1120]   G4 piano  | midi: gt=67 pred=48 ❌  | spn: gt=G4 pred=F#2 ❌  | doremi: gt=sol pred=sol# ❌
    [ 279/1120]   G4 piano  | midi: gt=67 pred=58 ❌  | spn: gt=G4 pred=G2 ❌  | doremi: gt=sol pred=sol# ❌
    [ 280/1120]   G4 piano  | midi: gt=67 pred=48 ❌  | spn: gt=G4 pred=F#2 ❌  | doremi: gt=sol pred=sol# ❌
    [ 281/1120]   G4 piano  | midi: gt=67 pred=48 ❌  | spn: gt=G4 pred=C5 ❌  | doremi: gt=sol pred=sol ✅
    [ 282/1120]   G4 piano  | midi: gt=67 pred=48 ❌  | spn: gt=G4 pred=F#2 ❌  | doremi: gt=sol pred=sol# ❌
    [ 283/1120]   A4 piano  | midi: gt=69 pred=48 ❌  | spn: gt=A4 pred=C5 ❌  | doremi: gt=la pred=sol# ❌
    [ 284/1120]   A4 piano  | midi: gt=69 pred=69 ✅  | spn: gt=A4 pred=A6 ❌  | doremi: gt=la pred=sol# ❌
    [ 285/1120]   A4 piano  | midi: gt=69 pred=58 ❌  | spn: gt=A4 pred=A2 ❌  | doremi: gt=la pred=sol# ❌
    [ 286/1120]   A4 piano  | midi: gt=69 pred=69 ✅  | spn: gt=A4 pred=A6 ❌  | doremi: gt=la pred=sol# ❌
    [ 287/1120]   A4 piano  | midi: gt=69 pred=48 ❌  | spn: gt=A4 pred=A2 ❌  | doremi: gt=la pred=sol# ❌
    [ 288/1120]   A4 piano  | midi: gt=69 pred=69 ✅  | spn: gt=A4 pred=A6 ❌  | doremi: gt=la pred=sol# ❌
    [ 289/1120]  C#5 piano  | midi: gt=73 pred=58 ❌  | spn: gt=C#5 pred=C5 ❌  | doremi: gt=do# pred=sol# ❌
    [ 290/1120]  C#5 piano  | midi: gt=73 pred=68 ❌  | spn: gt=C#5 pred=C5 ❌  | doremi: gt=do# pred=sol# ❌
    [ 291/1120]   E5 piano  | midi: gt=76 pred=59 ❌  | spn: gt=E5 pred=C5 ❌  | doremi: gt=mi pred=sol# ❌
    [ 292/1120]   E5 piano  | midi: gt=76 pred=68 ❌  | spn: gt=E5 pred=C5 ❌  | doremi: gt=mi pred=sol# ❌
    [ 293/1120]   E5 piano  | midi: gt=76 pred=48 ❌  | spn: gt=E5 pred=C5 ❌  | doremi: gt=mi pred=sol# ❌
    [ 294/1120]   E5 piano  | midi: gt=76 pred=68 ❌  | spn: gt=E5 pred=C5 ❌  | doremi: gt=mi pred=sol# ❌
    [ 295/1120]   G5 piano  | midi: gt=79 pred=48 ❌  | spn: gt=G5 pred=C5 ❌  | doremi: gt=sol pred=sol# ❌
    [ 296/1120]   G5 piano  | midi: gt=79 pred=79 ✅  | spn: gt=G5 pred=G7 ❌  | doremi: gt=sol pred=sol# ❌
    [ 297/1120]   E6 piano  | midi: gt=88 pred=58 ❌  | spn: gt=E6 pred=C5 ❌  | doremi: gt=mi pred=sol# ❌
    [ 298/1120]   E6 piano  | midi: gt=88 pred=83 ❌  | spn: gt=E6 pred=F5 ❌  | doremi: gt=mi pred=sol# ❌
    [ 299/1120]   E6 piano  | midi: gt=88 pred=58 ❌  | spn: gt=E6 pred=C5 ❌  | doremi: gt=mi pred=sol# ❌
    [ 300/1120]   E6 piano  | midi: gt=88 pred=83 ❌  | spn: gt=E6 pred=F5 ❌  | doremi: gt=mi pred=sol# ❌
    [ 301/1120]   E6 piano  | midi: gt=88 pred=48 ❌  | spn: gt=E6 pred=C5 ❌  | doremi: gt=mi pred=sol# ❌
    [ 302/1120]   E6 piano  | midi: gt=88 pred=83 ❌  | spn: gt=E6 pred=F5 ❌  | doremi: gt=mi pred=sol# ❌
    [ 303/1120]   E6 piano  | midi: gt=88 pred=48 ❌  | spn: gt=E6 pred=C5 ❌  | doremi: gt=mi pred=sol# ❌
    [ 304/1120]   E6 piano  | midi: gt=88 pred=83 ❌  | spn: gt=E6 pred=F5 ❌  | doremi: gt=mi pred=sol# ❌
    [ 305/1120]  F#1 electric_keyboard  | midi: gt=30 pred=58 ❌  | spn: gt=F#1 pred=C5 ❌  | doremi: gt=fa# pred=sol# ❌
    [ 306/1120]  F#1 electric_keyboard  | midi: gt=30 pred=34 ❌  | spn: gt=F#1 pred=F2 ❌  | doremi: gt=fa# pred=fa# ✅
    [ 307/1120]   C2 electric_keyboard  | midi: gt=36 pred=58 ❌  | spn: gt=C2 pred=C5 ❌  | doremi: gt=do pred=sol# ❌
    [ 308/1120]   C2 electric_keyboard  | midi: gt=36 pred=36 ✅  | spn: gt=C2 pred=C2 ✅  | doremi: gt=do pred=do# ❌
    [ 309/1120]   C2 electric_keyboard  | midi: gt=36 pred=58 ❌  | spn: gt=C2 pred=C5 ❌  | doremi: gt=do pred=sol# ❌
    [ 310/1120]   C2 electric_keyboard  | midi: gt=36 pred=36 ✅  | spn: gt=C2 pred=C2 ✅  | doremi: gt=do pred=do# ❌
    [ 311/1120]   G2 electric_keyboard  | midi: gt=43 pred=58 ❌  | spn: gt=G2 pred=C5 ❌  | doremi: gt=sol pred=sol ✅
    [ 312/1120]   G2 electric_keyboard  | midi: gt=43 pred=43 ✅  | spn: gt=G2 pred=G2 ✅  | doremi: gt=sol pred=sol# ❌
    [ 313/1120]   C3 electric_keyboard  | midi: gt=48 pred=58 ❌  | spn: gt=C3 pred=C5 ❌  | doremi: gt=do pred=do# ❌
    [ 314/1120]   C3 electric_keyboard  | midi: gt=48 pred=48 ✅  | spn: gt=C3 pred=C5 ❌  | doremi: gt=do pred=do# ❌
    [ 315/1120]   C3 electric_keyboard  | midi: gt=48 pred=58 ❌  | spn: gt=C3 pred=C2 ❌  | doremi: gt=do pred=do# ❌
    [ 316/1120]   C3 electric_keyboard  | midi: gt=48 pred=48 ✅  | spn: gt=C3 pred=C5 ❌  | doremi: gt=do pred=do# ❌
    [ 317/1120]   C3 electric_keyboard  | midi: gt=48 pred=58 ❌  | spn: gt=C3 pred=C5 ❌  | doremi: gt=do pred=do# ❌
    [ 318/1120]   C3 electric_keyboard  | midi: gt=48 pred=48 ✅  | spn: gt=C3 pred=C5 ❌  | doremi: gt=do pred=do# ❌
    [ 319/1120]   C3 electric_keyboard  | midi: gt=48 pred=58 ❌  | spn: gt=C3 pred=C5 ❌  | doremi: gt=do pred=do# ❌
    [ 320/1120]   C3 electric_keyboard  | midi: gt=48 pred=48 ✅  | spn: gt=C3 pred=C5 ❌  | doremi: gt=do pred=do# ❌
    [ 321/1120]  F#3 electric_keyboard  | midi: gt=54 pred=53 ❌  | spn: gt=F#3 pred=F#5 ❌  | doremi: gt=fa# pred=la# ❌
    [ 322/1120]  F#3 electric_keyboard  | midi: gt=54 pred=54 ✅  | spn: gt=F#3 pred=C5 ❌  | doremi: gt=fa# pred=mi ❌
    [ 323/1120]   C4 electric_keyboard  | midi: gt=60 pred=58 ❌  | spn: gt=C4 pred=C5 ❌  | doremi: gt=do pred=do# ❌
    [ 324/1120]   C4 electric_keyboard  | midi: gt=60 pred=60 ✅  | spn: gt=C4 pred=C5 ❌  | doremi: gt=do pred=sol ❌
    [ 325/1120]   C4 electric_keyboard  | midi: gt=60 pred=53 ❌  | spn: gt=C4 pred=C5 ❌  | doremi: gt=do pred=do# ❌
    [ 326/1120]   C4 electric_keyboard  | midi: gt=60 pred=60 ✅  | spn: gt=C4 pred=C5 ❌  | doremi: gt=do pred=sol ❌
    [ 327/1120]   C4 electric_keyboard  | midi: gt=60 pred=58 ❌  | spn: gt=C4 pred=C5 ❌  | doremi: gt=do pred=do# ❌
    [ 328/1120]   C4 electric_keyboard  | midi: gt=60 pred=60 ✅  | spn: gt=C4 pred=C5 ❌  | doremi: gt=do pred=sol ❌
    [ 329/1120]   E4 electric_keyboard  | midi: gt=64 pred=58 ❌  | spn: gt=E4 pred=C5 ❌  | doremi: gt=mi pred=la# ❌
    [ 330/1120]   E4 electric_keyboard  | midi: gt=64 pred=64 ✅  | spn: gt=E4 pred=C5 ❌  | doremi: gt=mi pred=sol# ❌
    [ 331/1120]   E4 electric_keyboard  | midi: gt=64 pred=58 ❌  | spn: gt=E4 pred=C5 ❌  | doremi: gt=mi pred=la# ❌
    [ 332/1120]   E4 electric_keyboard  | midi: gt=64 pred=64 ✅  | spn: gt=E4 pred=C5 ❌  | doremi: gt=mi pred=sol# ❌
    [ 333/1120]   G4 electric_keyboard  | midi: gt=67 pred=58 ❌  | spn: gt=G4 pred=C5 ❌  | doremi: gt=sol pred=sol ✅
    [ 334/1120]   G4 electric_keyboard  | midi: gt=67 pred=67 ✅  | spn: gt=G4 pred=G5 ❌  | doremi: gt=sol pred=sol# ❌
    [ 335/1120]   G4 electric_keyboard  | midi: gt=67 pred=58 ❌  | spn: gt=G4 pred=C5 ❌  | doremi: gt=sol pred=sol ✅
    [ 336/1120]   G4 electric_keyboard  | midi: gt=67 pred=67 ✅  | spn: gt=G4 pred=G5 ❌  | doremi: gt=sol pred=sol# ❌
    [ 337/1120]   A4 electric_keyboard  | midi: gt=69 pred=58 ❌  | spn: gt=A4 pred=C5 ❌  | doremi: gt=la pred=sol# ❌
    [ 338/1120]   A4 electric_keyboard  | midi: gt=69 pred=69 ✅  | spn: gt=A4 pred=A5 ❌  | doremi: gt=la pred=sol# ❌
    [ 339/1120]   A4 electric_keyboard  | midi: gt=69 pred=58 ❌  | spn: gt=A4 pred=C5 ❌  | doremi: gt=la pred=sol# ❌
    [ 340/1120]   A4 electric_keyboard  | midi: gt=69 pred=69 ✅  | spn: gt=A4 pred=A5 ❌  | doremi: gt=la pred=sol# ❌
    [ 341/1120]   A4 electric_keyboard  | midi: gt=69 pred=58 ❌  | spn: gt=A4 pred=C5 ❌  | doremi: gt=la pred=sol# ❌
    [ 342/1120]   A4 electric_keyboard  | midi: gt=69 pred=69 ✅  | spn: gt=A4 pred=A5 ❌  | doremi: gt=la pred=sol# ❌
    [ 343/1120]  C#5 electric_keyboard  | midi: gt=73 pred=58 ❌  | spn: gt=C#5 pred=C5 ❌  | doremi: gt=do# pred=la# ❌
    [ 344/1120]  C#5 electric_keyboard  | midi: gt=73 pred=73 ✅  | spn: gt=C#5 pred=C6 ❌  | doremi: gt=do# pred=sol# ❌
    [ 345/1120]  C#5 electric_keyboard  | midi: gt=73 pred=58 ❌  | spn: gt=C#5 pred=C5 ❌  | doremi: gt=do# pred=sol# ❌
    [ 346/1120]  C#5 electric_keyboard  | midi: gt=73 pred=73 ✅  | spn: gt=C#5 pred=C6 ❌  | doremi: gt=do# pred=sol# ❌
    [ 347/1120]  C#5 electric_keyboard  | midi: gt=73 pred=58 ❌  | spn: gt=C#5 pred=C5 ❌  | doremi: gt=do# pred=sol# ❌
    [ 348/1120]  C#5 electric_keyboard  | midi: gt=73 pred=73 ✅  | spn: gt=C#5 pred=C6 ❌  | doremi: gt=do# pred=sol# ❌
    [ 349/1120]   E5 electric_keyboard  | midi: gt=76 pred=53 ❌  | spn: gt=E5 pred=C5 ❌  | doremi: gt=mi pred=sol# ❌
    [ 350/1120]   E5 electric_keyboard  | midi: gt=76 pred=76 ✅  | spn: gt=E5 pred=C7 ❌  | doremi: gt=mi pred=sol# ❌
    [ 351/1120]   E5 electric_keyboard  | midi: gt=76 pred=58 ❌  | spn: gt=E5 pred=C5 ❌  | doremi: gt=mi pred=sol# ❌
    [ 352/1120]   E5 electric_keyboard  | midi: gt=76 pred=76 ✅  | spn: gt=E5 pred=C7 ❌  | doremi: gt=mi pred=sol# ❌
    [ 353/1120]   E6 electric_keyboard  | midi: gt=88 pred=58 ❌  | spn: gt=E6 pred=C5 ❌  | doremi: gt=mi pred=sol# ❌
    [ 354/1120]   E6 electric_keyboard  | midi: gt=88 pred=88 ✅  | spn: gt=E6 pred=C8 ❌  | doremi: gt=mi pred=sol# ❌
    [ 355/1120]  F#1 guitar  | midi: gt=30 pred=58 ❌  | spn: gt=F#1 pred=C5 ❌  | doremi: gt=fa# pred=do# ❌
    [ 356/1120]  F#1 guitar  | midi: gt=30 pred=43 ❌  | spn: gt=F#1 pred=G2 ❌  | doremi: gt=fa# pred=sol# ❌
    [ 357/1120]  F#1 guitar  | midi: gt=30 pred=58 ❌  | spn: gt=F#1 pred=C5 ❌  | doremi: gt=fa# pred=do# ❌
    [ 358/1120]  F#1 guitar  | midi: gt=30 pred=43 ❌  | spn: gt=F#1 pred=G2 ❌  | doremi: gt=fa# pred=sol# ❌
    [ 359/1120]   C2 guitar  | midi: gt=36 pred=58 ❌  | spn: gt=C2 pred=C5 ❌  | doremi: gt=do pred=do# ❌
    [ 360/1120]   C2 guitar  | midi: gt=36 pred=48 ❌  | spn: gt=C2 pred=C4 ❌  | doremi: gt=do pred=do# ❌
    [ 361/1120]   G2 guitar  | midi: gt=43 pred=58 ❌  | spn: gt=G2 pred=C5 ❌  | doremi: gt=sol pred=sol ✅
    [ 362/1120]   G2 guitar  | midi: gt=43 pred=48 ❌  | spn: gt=G2 pred=G4 ❌  | doremi: gt=sol pred=sol# ❌
    [ 363/1120]   C3 guitar  | midi: gt=48 pred=58 ❌  | spn: gt=C3 pred=C5 ❌  | doremi: gt=do pred=do# ❌
    [ 364/1120]   C3 guitar  | midi: gt=48 pred=48 ✅  | spn: gt=C3 pred=C5 ❌  | doremi: gt=do pred=do# ❌
    [ 365/1120]  F#3 guitar  | midi: gt=54 pred=59 ❌  | spn: gt=F#3 pred=F#5 ❌  | doremi: gt=fa# pred=la# ❌
    [ 366/1120]  F#3 guitar  | midi: gt=54 pred=54 ✅  | spn: gt=F#3 pred=F#5 ❌  | doremi: gt=fa# pred=mi ❌
    [ 367/1120]  A#3 guitar  | midi: gt=58 pred=58 ✅  | spn: gt=A#3 pred=C5 ❌  | doremi: gt=la# pred=sol# ❌
    [ 368/1120]  A#3 guitar  | midi: gt=58 pred=58 ✅  | spn: gt=A#3 pred=A5 ❌  | doremi: gt=la# pred=sol# ❌
    [ 369/1120]  A#3 guitar  | midi: gt=58 pred=58 ✅  | spn: gt=A#3 pred=C5 ❌  | doremi: gt=la# pred=la# ✅
    [ 370/1120]  A#3 guitar  | midi: gt=58 pred=58 ✅  | spn: gt=A#3 pred=A5 ❌  | doremi: gt=la# pred=sol# ❌
    [ 371/1120]  A#3 guitar  | midi: gt=58 pred=58 ✅  | spn: gt=A#3 pred=C5 ❌  | doremi: gt=la# pred=sol# ❌
    [ 372/1120]  A#3 guitar  | midi: gt=58 pred=58 ✅  | spn: gt=A#3 pred=A5 ❌  | doremi: gt=la# pred=sol# ❌
    [ 373/1120]   C4 guitar  | midi: gt=60 pred=58 ❌  | spn: gt=C4 pred=C5 ❌  | doremi: gt=do pred=do# ❌
    [ 374/1120]   C4 guitar  | midi: gt=60 pred=60 ✅  | spn: gt=C4 pred=C5 ❌  | doremi: gt=do pred=sol# ❌
    [ 375/1120]   C4 guitar  | midi: gt=60 pred=48 ❌  | spn: gt=C4 pred=C5 ❌  | doremi: gt=do pred=do# ❌
    [ 376/1120]   C4 guitar  | midi: gt=60 pred=60 ✅  | spn: gt=C4 pred=C5 ❌  | doremi: gt=do pred=sol# ❌
    [ 377/1120]   E4 guitar  | midi: gt=64 pred=58 ❌  | spn: gt=E4 pred=C5 ❌  | doremi: gt=mi pred=sol ❌
    [ 378/1120]   E4 guitar  | midi: gt=64 pred=64 ✅  | spn: gt=E4 pred=F#2 ❌  | doremi: gt=mi pred=la ❌
    [ 379/1120]   E4 guitar  | midi: gt=64 pred=58 ❌  | spn: gt=E4 pred=C5 ❌  | doremi: gt=mi pred=do# ❌
    [ 380/1120]   E4 guitar  | midi: gt=64 pred=64 ✅  | spn: gt=E4 pred=F#2 ❌  | doremi: gt=mi pred=la ❌
    [ 381/1120]   E4 guitar  | midi: gt=64 pred=48 ❌  | spn: gt=E4 pred=C5 ❌  | doremi: gt=mi pred=sol# ❌
    [ 382/1120]   E4 guitar  | midi: gt=64 pred=64 ✅  | spn: gt=E4 pred=F#2 ❌  | doremi: gt=mi pred=la ❌
    [ 383/1120]   G4 guitar  | midi: gt=67 pred=58 ❌  | spn: gt=G4 pred=C5 ❌  | doremi: gt=sol pred=sol ✅
    [ 384/1120]   G4 guitar  | midi: gt=67 pred=63 ❌  | spn: gt=G4 pred=G4 ✅  | doremi: gt=sol pred=sol# ❌
    [ 385/1120]  C#5 guitar  | midi: gt=73 pred=58 ❌  | spn: gt=C#5 pred=C5 ❌  | doremi: gt=do# pred=do# ✅
    [ 386/1120]  C#5 guitar  | midi: gt=73 pred=68 ❌  | spn: gt=C#5 pred=C5 ❌  | doremi: gt=do# pred=sol# ❌
    [ 387/1120]  C#5 guitar  | midi: gt=73 pred=58 ❌  | spn: gt=C#5 pred=C5 ❌  | doremi: gt=do# pred=do# ✅
    [ 388/1120]  C#5 guitar  | midi: gt=73 pred=68 ❌  | spn: gt=C#5 pred=C5 ❌  | doremi: gt=do# pred=sol# ❌
    [ 389/1120]  C#5 guitar  | midi: gt=73 pred=58 ❌  | spn: gt=C#5 pred=C5 ❌  | doremi: gt=do# pred=sol# ❌
    [ 390/1120]  C#5 guitar  | midi: gt=73 pred=68 ❌  | spn: gt=C#5 pred=C5 ❌  | doremi: gt=do# pred=sol# ❌
    [ 391/1120]  C#5 guitar  | midi: gt=73 pred=58 ❌  | spn: gt=C#5 pred=C5 ❌  | doremi: gt=do# pred=do# ✅
    [ 392/1120]  C#5 guitar  | midi: gt=73 pred=68 ❌  | spn: gt=C#5 pred=C5 ❌  | doremi: gt=do# pred=sol# ❌
    [ 393/1120]   E5 guitar  | midi: gt=76 pred=59 ❌  | spn: gt=E5 pred=C5 ❌  | doremi: gt=mi pred=sol# ❌
    [ 394/1120]   E5 guitar  | midi: gt=76 pred=68 ❌  | spn: gt=E5 pred=C5 ❌  | doremi: gt=mi pred=la ❌
    [ 395/1120]   E5 guitar  | midi: gt=76 pred=58 ❌  | spn: gt=E5 pred=C5 ❌  | doremi: gt=mi pred=sol# ❌
    [ 396/1120]   E5 guitar  | midi: gt=76 pred=68 ❌  | spn: gt=E5 pred=C5 ❌  | doremi: gt=mi pred=la ❌
    [ 397/1120]   E5 guitar  | midi: gt=76 pred=48 ❌  | spn: gt=E5 pred=C5 ❌  | doremi: gt=mi pred=sol# ❌
    [ 398/1120]   E5 guitar  | midi: gt=76 pred=68 ❌  | spn: gt=E5 pred=C5 ❌  | doremi: gt=mi pred=la ❌
    [ 399/1120]   G5 guitar  | midi: gt=79 pred=58 ❌  | spn: gt=G5 pred=C5 ❌  | doremi: gt=sol pred=sol ✅
    [ 400/1120]   G5 guitar  | midi: gt=79 pred=67 ❌  | spn: gt=G5 pred=C7 ❌  | doremi: gt=sol pred=sol# ❌
    [ 401/1120]   G5 guitar  | midi: gt=79 pred=58 ❌  | spn: gt=G5 pred=C5 ❌  | doremi: gt=sol pred=sol ✅
    [ 402/1120]   G5 guitar  | midi: gt=79 pred=67 ❌  | spn: gt=G5 pred=C7 ❌  | doremi: gt=sol pred=sol# ❌
    [ 403/1120]   E6 guitar  | midi: gt=88 pred=58 ❌  | spn: gt=E6 pred=C5 ❌  | doremi: gt=mi pred=sol# ❌
    [ 404/1120]   E6 guitar  | midi: gt=88 pred=84 ❌  | spn: gt=E6 pred=G5 ❌  | doremi: gt=mi pred=sol# ❌
    [ 405/1120]   E6 guitar  | midi: gt=88 pred=58 ❌  | spn: gt=E6 pred=C5 ❌  | doremi: gt=mi pred=sol ❌
    [ 406/1120]   E6 guitar  | midi: gt=88 pred=84 ❌  | spn: gt=E6 pred=G5 ❌  | doremi: gt=mi pred=sol# ❌
    [ 407/1120]   E6 guitar  | midi: gt=88 pred=58 ❌  | spn: gt=E6 pred=C5 ❌  | doremi: gt=mi pred=sol# ❌
    [ 408/1120]   E6 guitar  | midi: gt=88 pred=84 ❌  | spn: gt=E6 pred=G5 ❌  | doremi: gt=mi pred=sol# ❌
    [ 409/1120]  F#1 flute  | midi: gt=30 pred=58 ❌  | spn: gt=F#1 pred=C5 ❌  | doremi: gt=fa# pred=sol# ❌
    [ 410/1120]  F#1 flute  | midi: gt=30 pred=35 ❌  | spn: gt=F#1 pred=A#2 ❌  | doremi: gt=fa# pred=sol# ❌
    [ 411/1120]  F#1 flute  | midi: gt=30 pred=58 ❌  | spn: gt=F#1 pred=C5 ❌  | doremi: gt=fa# pred=sol# ❌
    [ 412/1120]  F#1 flute  | midi: gt=30 pred=35 ❌  | spn: gt=F#1 pred=A#2 ❌  | doremi: gt=fa# pred=sol# ❌
    [ 413/1120]   C2 flute  | midi: gt=36 pred=58 ❌  | spn: gt=C2 pred=C5 ❌  | doremi: gt=do pred=sol# ❌
    [ 414/1120]   C2 flute  | midi: gt=36 pred=36 ✅  | spn: gt=C2 pred=C2 ✅  | doremi: gt=do pred=sol ❌
    [ 415/1120]   C2 flute  | midi: gt=36 pred=58 ❌  | spn: gt=C2 pred=C5 ❌  | doremi: gt=do pred=sol# ❌
    [ 416/1120]   C2 flute  | midi: gt=36 pred=36 ✅  | spn: gt=C2 pred=C2 ✅  | doremi: gt=do pred=sol ❌
    [ 417/1120]   C2 flute  | midi: gt=36 pred=58 ❌  | spn: gt=C2 pred=C5 ❌  | doremi: gt=do pred=do# ❌
    [ 418/1120]   C2 flute  | midi: gt=36 pred=36 ✅  | spn: gt=C2 pred=C2 ✅  | doremi: gt=do pred=sol ❌
    [ 419/1120]   C2 flute  | midi: gt=36 pred=58 ❌  | spn: gt=C2 pred=C5 ❌  | doremi: gt=do pred=sol# ❌
    [ 420/1120]   C2 flute  | midi: gt=36 pred=36 ✅  | spn: gt=C2 pred=C2 ✅  | doremi: gt=do pred=sol ❌
    [ 421/1120]   C2 flute  | midi: gt=36 pred=58 ❌  | spn: gt=C2 pred=C5 ❌  | doremi: gt=do pred=do# ❌
    [ 422/1120]   C2 flute  | midi: gt=36 pred=36 ✅  | spn: gt=C2 pred=C2 ✅  | doremi: gt=do pred=sol ❌
    [ 423/1120]   G2 flute  | midi: gt=43 pred=58 ❌  | spn: gt=G2 pred=C5 ❌  | doremi: gt=sol pred=sol ✅
    [ 424/1120]   G2 flute  | midi: gt=43 pred=36 ❌  | spn: gt=G2 pred=C2 ❌  | doremi: gt=sol pred=sol ✅
    [ 425/1120]   C3 flute  | midi: gt=48 pred=58 ❌  | spn: gt=C3 pred=C5 ❌  | doremi: gt=do pred=do# ❌
    [ 426/1120]   C3 flute  | midi: gt=48 pred=48 ✅  | spn: gt=C3 pred=C2 ❌  | doremi: gt=do pred=sol# ❌
    [ 427/1120]  F#3 flute  | midi: gt=54 pred=54 ✅  | spn: gt=F#3 pred=F#5 ❌  | doremi: gt=fa# pred=la# ❌
    [ 428/1120]  F#3 flute  | midi: gt=54 pred=43 ❌  | spn: gt=F#3 pred=C2 ❌  | doremi: gt=fa# pred=sol# ❌
    [ 429/1120]  F#3 flute  | midi: gt=54 pred=54 ✅  | spn: gt=F#3 pred=F#5 ❌  | doremi: gt=fa# pred=la# ❌
    [ 430/1120]  F#3 flute  | midi: gt=54 pred=43 ❌  | spn: gt=F#3 pred=C2 ❌  | doremi: gt=fa# pred=sol# ❌
    [ 431/1120]  F#3 flute  | midi: gt=54 pred=54 ✅  | spn: gt=F#3 pred=F#5 ❌  | doremi: gt=fa# pred=la# ❌
    [ 432/1120]  F#3 flute  | midi: gt=54 pred=43 ❌  | spn: gt=F#3 pred=C2 ❌  | doremi: gt=fa# pred=sol# ❌
    [ 433/1120]  A#3 flute  | midi: gt=58 pred=58 ✅  | spn: gt=A#3 pred=C5 ❌  | doremi: gt=la# pred=sol# ❌
    [ 434/1120]  A#3 flute  | midi: gt=58 pred=58 ✅  | spn: gt=A#3 pred=A5 ❌  | doremi: gt=la# pred=mi ❌
    [ 435/1120]  A#3 flute  | midi: gt=58 pred=58 ✅  | spn: gt=A#3 pred=A2 ❌  | doremi: gt=la# pred=sol# ❌
    [ 436/1120]  A#3 flute  | midi: gt=58 pred=58 ✅  | spn: gt=A#3 pred=A5 ❌  | doremi: gt=la# pred=mi ❌
    [ 437/1120]  A#3 flute  | midi: gt=58 pred=58 ✅  | spn: gt=A#3 pred=A#2 ❌  | doremi: gt=la# pred=la# ✅
    [ 438/1120]  A#3 flute  | midi: gt=58 pred=58 ✅  | spn: gt=A#3 pred=A5 ❌  | doremi: gt=la# pred=mi ❌
    [ 439/1120]  A#3 flute  | midi: gt=58 pred=58 ✅  | spn: gt=A#3 pred=C5 ❌  | doremi: gt=la# pred=la# ✅
    [ 440/1120]  A#3 flute  | midi: gt=58 pred=58 ✅  | spn: gt=A#3 pred=A5 ❌  | doremi: gt=la# pred=mi ❌
    [ 441/1120]   C4 flute  | midi: gt=60 pred=58 ❌  | spn: gt=C4 pred=C5 ❌  | doremi: gt=do pred=do# ❌
    [ 442/1120]   C4 flute  | midi: gt=60 pred=60 ✅  | spn: gt=C4 pred=C5 ❌  | doremi: gt=do pred=do# ❌
    [ 443/1120]   E4 flute  | midi: gt=64 pred=58 ❌  | spn: gt=E4 pred=C5 ❌  | doremi: gt=mi pred=sol ❌
    [ 444/1120]   E4 flute  | midi: gt=64 pred=64 ✅  | spn: gt=E4 pred=C5 ❌  | doremi: gt=mi pred=re# ❌
    [ 445/1120]   E4 flute  | midi: gt=64 pred=58 ❌  | spn: gt=E4 pred=C5 ❌  | doremi: gt=mi pred=sol# ❌
    [ 446/1120]   E4 flute  | midi: gt=64 pred=64 ✅  | spn: gt=E4 pred=C5 ❌  | doremi: gt=mi pred=re# ❌
    [ 447/1120]   E4 flute  | midi: gt=64 pred=58 ❌  | spn: gt=E4 pred=C5 ❌  | doremi: gt=mi pred=la# ❌
    [ 448/1120]   E4 flute  | midi: gt=64 pred=64 ✅  | spn: gt=E4 pred=C5 ❌  | doremi: gt=mi pred=re# ❌
    [ 449/1120]   E4 flute  | midi: gt=64 pred=58 ❌  | spn: gt=E4 pred=C5 ❌  | doremi: gt=mi pred=la# ❌
    [ 450/1120]   E4 flute  | midi: gt=64 pred=64 ✅  | spn: gt=E4 pred=C5 ❌  | doremi: gt=mi pred=re# ❌
    [ 451/1120]   A4 flute  | midi: gt=69 pred=58 ❌  | spn: gt=A4 pred=C5 ❌  | doremi: gt=la pred=sol ❌
    [ 452/1120]   A4 flute  | midi: gt=69 pred=69 ✅  | spn: gt=A4 pred=A4 ✅  | doremi: gt=la pred=la ✅
    [ 453/1120]   A4 flute  | midi: gt=69 pred=58 ❌  | spn: gt=A4 pred=C5 ❌  | doremi: gt=la pred=sol ❌
    [ 454/1120]   A4 flute  | midi: gt=69 pred=69 ✅  | spn: gt=A4 pred=A4 ✅  | doremi: gt=la pred=la ✅
    [ 455/1120]   A4 flute  | midi: gt=69 pred=58 ❌  | spn: gt=A4 pred=C5 ❌  | doremi: gt=la pred=sol# ❌
    [ 456/1120]   A4 flute  | midi: gt=69 pred=69 ✅  | spn: gt=A4 pred=A4 ✅  | doremi: gt=la pred=la ✅
    [ 457/1120]  C#5 flute  | midi: gt=73 pred=58 ❌  | spn: gt=C#5 pred=C5 ❌  | doremi: gt=do# pred=sol# ❌
    [ 458/1120]  C#5 flute  | midi: gt=73 pred=61 ❌  | spn: gt=C#5 pred=C5 ❌  | doremi: gt=do# pred=si ❌
    [ 459/1120]   E5 flute  | midi: gt=76 pred=58 ❌  | spn: gt=E5 pred=C5 ❌  | doremi: gt=mi pred=sol# ❌
    [ 460/1120]   E5 flute  | midi: gt=76 pred=64 ❌  | spn: gt=E5 pred=C5 ❌  | doremi: gt=mi pred=la ❌
    [ 461/1120]   G5 flute  | midi: gt=79 pred=58 ❌  | spn: gt=G5 pred=C5 ❌  | doremi: gt=sol pred=sol ✅
    [ 462/1120]   G5 flute  | midi: gt=79 pred=67 ❌  | spn: gt=G5 pred=C5 ❌  | doremi: gt=sol pred=sol# ❌
    [ 463/1120]   G5 flute  | midi: gt=79 pred=58 ❌  | spn: gt=G5 pred=C5 ❌  | doremi: gt=sol pred=sol ✅
    [ 464/1120]   G5 flute  | midi: gt=79 pred=67 ❌  | spn: gt=G5 pred=C5 ❌  | doremi: gt=sol pred=sol# ❌
    [ 465/1120]   G5 flute  | midi: gt=79 pred=58 ❌  | spn: gt=G5 pred=C5 ❌  | doremi: gt=sol pred=sol ✅
    [ 466/1120]   G5 flute  | midi: gt=79 pred=67 ❌  | spn: gt=G5 pred=C5 ❌  | doremi: gt=sol pred=sol# ❌
    [ 467/1120]   G5 flute  | midi: gt=79 pred=58 ❌  | spn: gt=G5 pred=C5 ❌  | doremi: gt=sol pred=sol ✅
    [ 468/1120]   G5 flute  | midi: gt=79 pred=67 ❌  | spn: gt=G5 pred=C5 ❌  | doremi: gt=sol pred=sol# ❌
    [ 469/1120]   G5 flute  | midi: gt=79 pred=58 ❌  | spn: gt=G5 pred=C5 ❌  | doremi: gt=sol pred=sol ✅
    [ 470/1120]   G5 flute  | midi: gt=79 pred=67 ❌  | spn: gt=G5 pred=C5 ❌  | doremi: gt=sol pred=sol# ❌
    [ 471/1120]   E6 flute  | midi: gt=88 pred=58 ❌  | spn: gt=E6 pred=C5 ❌  | doremi: gt=mi pred=sol# ❌
    [ 472/1120]   E6 flute  | midi: gt=88 pred=88 ✅  | spn: gt=E6 pred=F5 ❌  | doremi: gt=mi pred=sol# ❌
    [ 473/1120]   E6 flute  | midi: gt=88 pred=58 ❌  | spn: gt=E6 pred=C5 ❌  | doremi: gt=mi pred=sol# ❌
    [ 474/1120]   E6 flute  | midi: gt=88 pred=88 ✅  | spn: gt=E6 pred=F5 ❌  | doremi: gt=mi pred=sol# ❌
    [ 475/1120]   E6 flute  | midi: gt=88 pred=58 ❌  | spn: gt=E6 pred=C5 ❌  | doremi: gt=mi pred=sol# ❌
    [ 476/1120]   E6 flute  | midi: gt=88 pred=88 ✅  | spn: gt=E6 pred=F5 ❌  | doremi: gt=mi pred=sol# ❌
    [ 477/1120]   E6 flute  | midi: gt=88 pred=58 ❌  | spn: gt=E6 pred=C5 ❌  | doremi: gt=mi pred=sol# ❌
    [ 478/1120]   E6 flute  | midi: gt=88 pred=88 ✅  | spn: gt=E6 pred=F5 ❌  | doremi: gt=mi pred=sol# ❌
    [ 479/1120]  F#1 trumpet  | midi: gt=30 pred=58 ❌  | spn: gt=F#1 pred=C5 ❌  | doremi: gt=fa# pred=sol# ❌
    [ 480/1120]  F#1 trumpet  | midi: gt=30 pred=34 ❌  | spn: gt=F#1 pred=F2 ❌  | doremi: gt=fa# pred=do ❌
    [ 481/1120]  F#1 trumpet  | midi: gt=30 pred=58 ❌  | spn: gt=F#1 pred=C5 ❌  | doremi: gt=fa# pred=sol# ❌
    [ 482/1120]  F#1 trumpet  | midi: gt=30 pred=34 ❌  | spn: gt=F#1 pred=F2 ❌  | doremi: gt=fa# pred=do ❌
    [ 483/1120]  F#1 trumpet  | midi: gt=30 pred=58 ❌  | spn: gt=F#1 pred=C5 ❌  | doremi: gt=fa# pred=sol ❌
    [ 484/1120]  F#1 trumpet  | midi: gt=30 pred=34 ❌  | spn: gt=F#1 pred=F2 ❌  | doremi: gt=fa# pred=do ❌
    [ 485/1120]  F#1 trumpet  | midi: gt=30 pred=58 ❌  | spn: gt=F#1 pred=C5 ❌  | doremi: gt=fa# pred=sol# ❌
    [ 486/1120]  F#1 trumpet  | midi: gt=30 pred=34 ❌  | spn: gt=F#1 pred=F2 ❌  | doremi: gt=fa# pred=do ❌
    [ 487/1120]  F#1 trumpet  | midi: gt=30 pred=58 ❌  | spn: gt=F#1 pred=C5 ❌  | doremi: gt=fa# pred=sol# ❌
    [ 488/1120]  F#1 trumpet  | midi: gt=30 pred=34 ❌  | spn: gt=F#1 pred=F2 ❌  | doremi: gt=fa# pred=do ❌
    [ 489/1120]   C2 trumpet  | midi: gt=36 pred=58 ❌  | spn: gt=C2 pred=C5 ❌  | doremi: gt=do pred=sol ❌
    [ 490/1120]   C2 trumpet  | midi: gt=36 pred=36 ✅  | spn: gt=C2 pred=C2 ✅  | doremi: gt=do pred=do ✅
    [ 491/1120]   C2 trumpet  | midi: gt=36 pred=58 ❌  | spn: gt=C2 pred=C5 ❌  | doremi: gt=do pred=sol ❌
    [ 492/1120]   C2 trumpet  | midi: gt=36 pred=36 ✅  | spn: gt=C2 pred=C2 ✅  | doremi: gt=do pred=do ✅
    [ 493/1120]   C2 trumpet  | midi: gt=36 pred=58 ❌  | spn: gt=C2 pred=C5 ❌  | doremi: gt=do pred=sol# ❌
    [ 494/1120]   C2 trumpet  | midi: gt=36 pred=36 ✅  | spn: gt=C2 pred=C2 ✅  | doremi: gt=do pred=do ✅
    [ 495/1120]   G2 trumpet  | midi: gt=43 pred=58 ❌  | spn: gt=G2 pred=G2 ✅  | doremi: gt=sol pred=sol ✅
    [ 496/1120]   G2 trumpet  | midi: gt=43 pred=43 ✅  | spn: gt=G2 pred=F2 ❌  | doremi: gt=sol pred=sol ✅
    [ 497/1120]   G2 trumpet  | midi: gt=43 pred=58 ❌  | spn: gt=G2 pred=G2 ✅  | doremi: gt=sol pred=sol ✅
    [ 498/1120]   G2 trumpet  | midi: gt=43 pred=43 ✅  | spn: gt=G2 pred=F2 ❌  | doremi: gt=sol pred=sol ✅
    [ 499/1120]   G2 trumpet  | midi: gt=43 pred=58 ❌  | spn: gt=G2 pred=G2 ✅  | doremi: gt=sol pred=sol ✅
    [ 500/1120]   G2 trumpet  | midi: gt=43 pred=43 ✅  | spn: gt=G2 pred=F2 ❌  | doremi: gt=sol pred=sol ✅
    [ 501/1120]   G2 trumpet  | midi: gt=43 pred=58 ❌  | spn: gt=G2 pred=G2 ✅  | doremi: gt=sol pred=sol ✅
    [ 502/1120]   G2 trumpet  | midi: gt=43 pred=43 ✅  | spn: gt=G2 pred=F2 ❌  | doremi: gt=sol pred=sol ✅
    [ 503/1120]   C3 trumpet  | midi: gt=48 pred=58 ❌  | spn: gt=C3 pred=C5 ❌  | doremi: gt=do pred=do# ❌
    [ 504/1120]   C3 trumpet  | midi: gt=48 pred=48 ✅  | spn: gt=C3 pred=C4 ❌  | doremi: gt=do pred=sol ❌
    [ 505/1120]   C3 trumpet  | midi: gt=48 pred=58 ❌  | spn: gt=C3 pred=C5 ❌  | doremi: gt=do pred=do# ❌
    [ 506/1120]   C3 trumpet  | midi: gt=48 pred=48 ✅  | spn: gt=C3 pred=C4 ❌  | doremi: gt=do pred=sol ❌
    [ 507/1120]   C3 trumpet  | midi: gt=48 pred=58 ❌  | spn: gt=C3 pred=C5 ❌  | doremi: gt=do pred=do# ❌
    [ 508/1120]   C3 trumpet  | midi: gt=48 pred=48 ✅  | spn: gt=C3 pred=C4 ❌  | doremi: gt=do pred=sol ❌
    [ 509/1120]  F#3 trumpet  | midi: gt=54 pred=58 ❌  | spn: gt=F#3 pred=F5 ❌  | doremi: gt=fa# pred=la# ❌
    [ 510/1120]  F#3 trumpet  | midi: gt=54 pred=54 ✅  | spn: gt=F#3 pred=F#5 ❌  | doremi: gt=fa# pred=sol ❌
    [ 511/1120]  A#3 trumpet  | midi: gt=58 pred=58 ✅  | spn: gt=A#3 pred=C5 ❌  | doremi: gt=la# pred=sol# ❌
    [ 512/1120]  A#3 trumpet  | midi: gt=58 pred=58 ✅  | spn: gt=A#3 pred=C5 ❌  | doremi: gt=la# pred=sol ❌
    [ 513/1120]   C4 trumpet  | midi: gt=60 pred=53 ❌  | spn: gt=C4 pred=C5 ❌  | doremi: gt=do pred=do# ❌
    [ 514/1120]   C4 trumpet  | midi: gt=60 pred=60 ✅  | spn: gt=C4 pred=C5 ❌  | doremi: gt=do pred=sol ❌
    [ 515/1120]   C4 trumpet  | midi: gt=60 pred=58 ❌  | spn: gt=C4 pred=C5 ❌  | doremi: gt=do pred=do# ❌
    [ 516/1120]   C4 trumpet  | midi: gt=60 pred=60 ✅  | spn: gt=C4 pred=C5 ❌  | doremi: gt=do pred=sol ❌
    [ 517/1120]   E4 trumpet  | midi: gt=64 pred=58 ❌  | spn: gt=E4 pred=C5 ❌  | doremi: gt=mi pred=sol# ❌
    [ 518/1120]   E4 trumpet  | midi: gt=64 pred=64 ✅  | spn: gt=E4 pred=E4 ✅  | doremi: gt=mi pred=la ❌
    [ 519/1120]   E4 trumpet  | midi: gt=64 pred=58 ❌  | spn: gt=E4 pred=C5 ❌  | doremi: gt=mi pred=sol ❌
    [ 520/1120]   E4 trumpet  | midi: gt=64 pred=64 ✅  | spn: gt=E4 pred=E4 ✅  | doremi: gt=mi pred=la ❌
    [ 521/1120]   E4 trumpet  | midi: gt=64 pred=58 ❌  | spn: gt=E4 pred=C5 ❌  | doremi: gt=mi pred=sol# ❌
    [ 522/1120]   E4 trumpet  | midi: gt=64 pred=64 ✅  | spn: gt=E4 pred=E4 ✅  | doremi: gt=mi pred=la ❌
    [ 523/1120]   E4 trumpet  | midi: gt=64 pred=58 ❌  | spn: gt=E4 pred=C5 ❌  | doremi: gt=mi pred=sol# ❌
    [ 524/1120]   E4 trumpet  | midi: gt=64 pred=64 ✅  | spn: gt=E4 pred=E4 ✅  | doremi: gt=mi pred=la ❌
    [ 525/1120]   G4 trumpet  | midi: gt=67 pred=58 ❌  | spn: gt=G4 pred=C5 ❌  | doremi: gt=sol pred=sol# ❌
    [ 526/1120]   G4 trumpet  | midi: gt=67 pred=67 ✅  | spn: gt=G4 pred=C5 ❌  | doremi: gt=sol pred=sol# ❌
    [ 527/1120]   G4 trumpet  | midi: gt=67 pred=58 ❌  | spn: gt=G4 pred=C5 ❌  | doremi: gt=sol pred=sol ✅
    [ 528/1120]   G4 trumpet  | midi: gt=67 pred=67 ✅  | spn: gt=G4 pred=C5 ❌  | doremi: gt=sol pred=sol# ❌
    [ 529/1120]   G4 trumpet  | midi: gt=67 pred=58 ❌  | spn: gt=G4 pred=C5 ❌  | doremi: gt=sol pred=sol ✅
    [ 530/1120]   G4 trumpet  | midi: gt=67 pred=67 ✅  | spn: gt=G4 pred=C5 ❌  | doremi: gt=sol pred=sol# ❌
    [ 531/1120]   G4 trumpet  | midi: gt=67 pred=58 ❌  | spn: gt=G4 pred=C5 ❌  | doremi: gt=sol pred=sol ✅
    [ 532/1120]   G4 trumpet  | midi: gt=67 pred=67 ✅  | spn: gt=G4 pred=C5 ❌  | doremi: gt=sol pred=sol# ❌
    [ 533/1120]   G4 trumpet  | midi: gt=67 pred=58 ❌  | spn: gt=G4 pred=C5 ❌  | doremi: gt=sol pred=sol ✅
    [ 534/1120]   G4 trumpet  | midi: gt=67 pred=67 ✅  | spn: gt=G4 pred=C5 ❌  | doremi: gt=sol pred=sol# ❌
    [ 535/1120]   A4 trumpet  | midi: gt=69 pred=58 ❌  | spn: gt=A4 pred=C5 ❌  | doremi: gt=la pred=sol# ❌
    [ 536/1120]   A4 trumpet  | midi: gt=69 pred=69 ✅  | spn: gt=A4 pred=A4 ✅  | doremi: gt=la pred=la# ❌
    [ 537/1120]  C#5 trumpet  | midi: gt=73 pred=58 ❌  | spn: gt=C#5 pred=C5 ❌  | doremi: gt=do# pred=sol# ❌
    [ 538/1120]  C#5 trumpet  | midi: gt=73 pred=73 ✅  | spn: gt=C#5 pred=C5 ❌  | doremi: gt=do# pred=sol ❌
    [ 539/1120]  C#5 trumpet  | midi: gt=73 pred=58 ❌  | spn: gt=C#5 pred=C5 ❌  | doremi: gt=do# pred=sol# ❌
    [ 540/1120]  C#5 trumpet  | midi: gt=73 pred=73 ✅  | spn: gt=C#5 pred=C5 ❌  | doremi: gt=do# pred=sol ❌
    [ 541/1120]   E5 trumpet  | midi: gt=76 pred=58 ❌  | spn: gt=E5 pred=C5 ❌  | doremi: gt=mi pred=sol# ❌
    [ 542/1120]   E5 trumpet  | midi: gt=76 pred=69 ❌  | spn: gt=E5 pred=C5 ❌  | doremi: gt=mi pred=la# ❌
    [ 543/1120]   E6 trumpet  | midi: gt=88 pred=58 ❌  | spn: gt=E6 pred=C5 ❌  | doremi: gt=mi pred=sol# ❌
    [ 544/1120]   E6 trumpet  | midi: gt=88 pred=83 ❌  | spn: gt=E6 pred=F5 ❌  | doremi: gt=mi pred=sol# ❌
    [ 545/1120]   E6 trumpet  | midi: gt=88 pred=58 ❌  | spn: gt=E6 pred=C5 ❌  | doremi: gt=mi pred=sol# ❌
    [ 546/1120]   E6 trumpet  | midi: gt=88 pred=83 ❌  | spn: gt=E6 pred=F5 ❌  | doremi: gt=mi pred=sol# ❌
    [ 547/1120]   C2 trombone  | midi: gt=36 pred=58 ❌  | spn: gt=C2 pred=C5 ❌  | doremi: gt=do pred=sol# ❌
    [ 548/1120]   C2 trombone  | midi: gt=36 pred=35 ❌  | spn: gt=C2 pred=A#2 ❌  | doremi: gt=do pred=la# ❌
    [ 549/1120]   C2 trombone  | midi: gt=36 pred=58 ❌  | spn: gt=C2 pred=C5 ❌  | doremi: gt=do pred=sol# ❌
    [ 550/1120]   C2 trombone  | midi: gt=36 pred=35 ❌  | spn: gt=C2 pred=A#2 ❌  | doremi: gt=do pred=la# ❌
    [ 551/1120]   G2 trombone  | midi: gt=43 pred=58 ❌  | spn: gt=G2 pred=C5 ❌  | doremi: gt=sol pred=sol ✅
    [ 552/1120]   G2 trombone  | midi: gt=43 pred=43 ✅  | spn: gt=G2 pred=F#2 ❌  | doremi: gt=sol pred=sol ✅
    [ 553/1120]   C3 trombone  | midi: gt=48 pred=58 ❌  | spn: gt=C3 pred=C5 ❌  | doremi: gt=do pred=do# ❌
    [ 554/1120]   C3 trombone  | midi: gt=48 pred=48 ✅  | spn: gt=C3 pred=C4 ❌  | doremi: gt=do pred=sol ❌
    [ 555/1120]   C3 trombone  | midi: gt=48 pred=58 ❌  | spn: gt=C3 pred=C5 ❌  | doremi: gt=do pred=do# ❌
    [ 556/1120]   C3 trombone  | midi: gt=48 pred=48 ✅  | spn: gt=C3 pred=C4 ❌  | doremi: gt=do pred=sol ❌
    [ 557/1120]   C3 trombone  | midi: gt=48 pred=58 ❌  | spn: gt=C3 pred=C5 ❌  | doremi: gt=do pred=do# ❌
    [ 558/1120]   C3 trombone  | midi: gt=48 pred=48 ✅  | spn: gt=C3 pred=C4 ❌  | doremi: gt=do pred=sol ❌
    [ 559/1120]  F#3 trombone  | midi: gt=54 pred=59 ❌  | spn: gt=F#3 pred=F#5 ❌  | doremi: gt=fa# pred=la# ❌
    [ 560/1120]  F#3 trombone  | midi: gt=54 pred=54 ✅  | spn: gt=F#3 pred=F#3 ✅  | doremi: gt=fa# pred=re# ❌
    [ 561/1120]   C4 trombone  | midi: gt=60 pred=58 ❌  | spn: gt=C4 pred=C5 ❌  | doremi: gt=do pred=do# ❌
    [ 562/1120]   C4 trombone  | midi: gt=60 pred=60 ✅  | spn: gt=C4 pred=C5 ❌  | doremi: gt=do pred=do# ❌
    [ 563/1120]   E4 trombone  | midi: gt=64 pred=58 ❌  | spn: gt=E4 pred=C5 ❌  | doremi: gt=mi pred=sol# ❌
    [ 564/1120]   E4 trombone  | midi: gt=64 pred=64 ✅  | spn: gt=E4 pred=F5 ❌  | doremi: gt=mi pred=re ❌
    [ 565/1120]   E4 trombone  | midi: gt=64 pred=58 ❌  | spn: gt=E4 pred=C5 ❌  | doremi: gt=mi pred=sol# ❌
    [ 566/1120]   E4 trombone  | midi: gt=64 pred=64 ✅  | spn: gt=E4 pred=F5 ❌  | doremi: gt=mi pred=re ❌
    [ 567/1120]   G4 trombone  | midi: gt=67 pred=58 ❌  | spn: gt=G4 pred=C5 ❌  | doremi: gt=sol pred=sol ✅
    [ 568/1120]   G4 trombone  | midi: gt=67 pred=67 ✅  | spn: gt=G4 pred=C5 ❌  | doremi: gt=sol pred=sol ✅
    [ 569/1120]   G4 trombone  | midi: gt=67 pred=58 ❌  | spn: gt=G4 pred=C5 ❌  | doremi: gt=sol pred=sol ✅
    [ 570/1120]   G4 trombone  | midi: gt=67 pred=67 ✅  | spn: gt=G4 pred=C5 ❌  | doremi: gt=sol pred=sol ✅
    [ 571/1120]   A4 trombone  | midi: gt=69 pred=58 ❌  | spn: gt=A4 pred=C5 ❌  | doremi: gt=la pred=sol# ❌
    [ 572/1120]   A4 trombone  | midi: gt=69 pred=69 ✅  | spn: gt=A4 pred=A4 ✅  | doremi: gt=la pred=sol ❌
    [ 573/1120]   A4 trombone  | midi: gt=69 pred=58 ❌  | spn: gt=A4 pred=C5 ❌  | doremi: gt=la pred=sol# ❌
    [ 574/1120]   A4 trombone  | midi: gt=69 pred=69 ✅  | spn: gt=A4 pred=A4 ✅  | doremi: gt=la pred=sol ❌
    [ 575/1120]   A4 trombone  | midi: gt=69 pred=58 ❌  | spn: gt=A4 pred=C5 ❌  | doremi: gt=la pred=sol ❌
    [ 576/1120]   A4 trombone  | midi: gt=69 pred=69 ✅  | spn: gt=A4 pred=A4 ✅  | doremi: gt=la pred=sol ❌
    [ 577/1120]  C#5 trombone  | midi: gt=73 pred=58 ❌  | spn: gt=C#5 pred=C5 ❌  | doremi: gt=do# pred=sol# ❌
    [ 578/1120]  C#5 trombone  | midi: gt=73 pred=68 ❌  | spn: gt=C#5 pred=C5 ❌  | doremi: gt=do# pred=sol ❌
    [ 579/1120]  C#5 trombone  | midi: gt=73 pred=58 ❌  | spn: gt=C#5 pred=C5 ❌  | doremi: gt=do# pred=sol# ❌
    [ 580/1120]  C#5 trombone  | midi: gt=73 pred=68 ❌  | spn: gt=C#5 pred=C5 ❌  | doremi: gt=do# pred=sol ❌
    [ 581/1120]   E5 trombone  | midi: gt=76 pred=58 ❌  | spn: gt=E5 pred=C5 ❌  | doremi: gt=mi pred=sol# ❌
    [ 582/1120]   E5 trombone  | midi: gt=76 pred=69 ❌  | spn: gt=E5 pred=C5 ❌  | doremi: gt=mi pred=sol ❌
    [ 583/1120]   E5 trombone  | midi: gt=76 pred=58 ❌  | spn: gt=E5 pred=C5 ❌  | doremi: gt=mi pred=sol# ❌
    [ 584/1120]   E5 trombone  | midi: gt=76 pred=69 ❌  | spn: gt=E5 pred=C5 ❌  | doremi: gt=mi pred=sol ❌
    [ 585/1120]   E5 trombone  | midi: gt=76 pred=58 ❌  | spn: gt=E5 pred=C5 ❌  | doremi: gt=mi pred=sol# ❌
    [ 586/1120]   E5 trombone  | midi: gt=76 pred=69 ❌  | spn: gt=E5 pred=C5 ❌  | doremi: gt=mi pred=sol ❌
    [ 587/1120]   E5 trombone  | midi: gt=76 pred=58 ❌  | spn: gt=E5 pred=C5 ❌  | doremi: gt=mi pred=sol# ❌
    [ 588/1120]   E5 trombone  | midi: gt=76 pred=69 ❌  | spn: gt=E5 pred=C5 ❌  | doremi: gt=mi pred=sol ❌
    [ 589/1120]   E5 trombone  | midi: gt=76 pred=58 ❌  | spn: gt=E5 pred=C5 ❌  | doremi: gt=mi pred=sol# ❌
    [ 590/1120]   E5 trombone  | midi: gt=76 pred=69 ❌  | spn: gt=E5 pred=C5 ❌  | doremi: gt=mi pred=sol ❌
    [ 591/1120]   G5 trombone  | midi: gt=79 pred=58 ❌  | spn: gt=G5 pred=C5 ❌  | doremi: gt=sol pred=sol# ❌
    [ 592/1120]   G5 trombone  | midi: gt=79 pred=69 ❌  | spn: gt=G5 pred=C5 ❌  | doremi: gt=sol pred=sol# ❌
    [ 593/1120]   G5 trombone  | midi: gt=79 pred=58 ❌  | spn: gt=G5 pred=C5 ❌  | doremi: gt=sol pred=sol# ❌
    [ 594/1120]   G5 trombone  | midi: gt=79 pred=69 ❌  | spn: gt=G5 pred=C5 ❌  | doremi: gt=sol pred=sol# ❌
    [ 595/1120]   G5 trombone  | midi: gt=79 pred=58 ❌  | spn: gt=G5 pred=C5 ❌  | doremi: gt=sol pred=sol# ❌
    [ 596/1120]   G5 trombone  | midi: gt=79 pred=69 ❌  | spn: gt=G5 pred=C5 ❌  | doremi: gt=sol pred=sol# ❌
    [ 597/1120]   E6 trombone  | midi: gt=88 pred=84 ❌  | spn: gt=E6 pred=C5 ❌  | doremi: gt=mi pred=sol# ❌
    [ 598/1120]   E6 trombone  | midi: gt=88 pred=88 ✅  | spn: gt=E6 pred=C5 ❌  | doremi: gt=mi pred=sol# ❌
    [ 599/1120]  F#1 clarinet  | midi: gt=30 pred=58 ❌  | spn: gt=F#1 pred=C5 ❌  | doremi: gt=fa# pred=sol# ❌
    [ 600/1120]  F#1 clarinet  | midi: gt=30 pred=35 ❌  | spn: gt=F#1 pred=C5 ❌  | doremi: gt=fa# pred=sol# ❌
    [ 601/1120]  F#1 clarinet  | midi: gt=30 pred=58 ❌  | spn: gt=F#1 pred=C5 ❌  | doremi: gt=fa# pred=sol# ❌
    [ 602/1120]  F#1 clarinet  | midi: gt=30 pred=35 ❌  | spn: gt=F#1 pred=C5 ❌  | doremi: gt=fa# pred=sol# ❌
    [ 603/1120]   C2 clarinet  | midi: gt=36 pred=58 ❌  | spn: gt=C2 pred=C5 ❌  | doremi: gt=do pred=sol# ❌
    [ 604/1120]   C2 clarinet  | midi: gt=36 pred=35 ❌  | spn: gt=C2 pred=C5 ❌  | doremi: gt=do pred=sol# ❌
    [ 605/1120]   C2 clarinet  | midi: gt=36 pred=58 ❌  | spn: gt=C2 pred=C5 ❌  | doremi: gt=do pred=sol# ❌
    [ 606/1120]   C2 clarinet  | midi: gt=36 pred=35 ❌  | spn: gt=C2 pred=C5 ❌  | doremi: gt=do pred=sol# ❌
    [ 607/1120]   G2 clarinet  | midi: gt=43 pred=58 ❌  | spn: gt=G2 pred=C5 ❌  | doremi: gt=sol pred=sol# ❌
    [ 608/1120]   G2 clarinet  | midi: gt=43 pred=43 ✅  | spn: gt=G2 pred=C5 ❌  | doremi: gt=sol pred=sol# ❌
    [ 609/1120]   G2 clarinet  | midi: gt=43 pred=58 ❌  | spn: gt=G2 pred=C5 ❌  | doremi: gt=sol pred=sol# ❌
    [ 610/1120]   G2 clarinet  | midi: gt=43 pred=43 ✅  | spn: gt=G2 pred=C5 ❌  | doremi: gt=sol pred=sol# ❌
    [ 611/1120]   C3 clarinet  | midi: gt=48 pred=58 ❌  | spn: gt=C3 pred=C5 ❌  | doremi: gt=do pred=sol ❌
    [ 612/1120]   C3 clarinet  | midi: gt=48 pred=48 ✅  | spn: gt=C3 pred=C5 ❌  | doremi: gt=do pred=sol ❌
    [ 613/1120]   C3 clarinet  | midi: gt=48 pred=58 ❌  | spn: gt=C3 pred=C5 ❌  | doremi: gt=do pred=sol# ❌
    [ 614/1120]   C3 clarinet  | midi: gt=48 pred=48 ✅  | spn: gt=C3 pred=C5 ❌  | doremi: gt=do pred=sol ❌
    [ 615/1120]   C3 clarinet  | midi: gt=48 pred=58 ❌  | spn: gt=C3 pred=C5 ❌  | doremi: gt=do pred=sol# ❌
    [ 616/1120]   C3 clarinet  | midi: gt=48 pred=48 ✅  | spn: gt=C3 pred=C5 ❌  | doremi: gt=do pred=sol ❌
    [ 617/1120]  F#3 clarinet  | midi: gt=54 pred=58 ❌  | spn: gt=F#3 pred=F5 ❌  | doremi: gt=fa# pred=la# ❌
    [ 618/1120]  F#3 clarinet  | midi: gt=54 pred=54 ✅  | spn: gt=F#3 pred=C5 ❌  | doremi: gt=fa# pred=sol# ❌
    [ 619/1120]  F#3 clarinet  | midi: gt=54 pred=58 ❌  | spn: gt=F#3 pred=F5 ❌  | doremi: gt=fa# pred=la# ❌
    [ 620/1120]  F#3 clarinet  | midi: gt=54 pred=54 ✅  | spn: gt=F#3 pred=C5 ❌  | doremi: gt=fa# pred=sol# ❌
    [ 621/1120]  A#3 clarinet  | midi: gt=58 pred=58 ✅  | spn: gt=A#3 pred=C5 ❌  | doremi: gt=la# pred=sol# ❌
    [ 622/1120]  A#3 clarinet  | midi: gt=58 pred=69 ❌  | spn: gt=A#3 pred=A5 ❌  | doremi: gt=la# pred=la ❌
    [ 623/1120]  A#3 clarinet  | midi: gt=58 pred=58 ✅  | spn: gt=A#3 pred=C5 ❌  | doremi: gt=la# pred=sol# ❌
    [ 624/1120]  A#3 clarinet  | midi: gt=58 pred=69 ❌  | spn: gt=A#3 pred=A5 ❌  | doremi: gt=la# pred=la ❌
    [ 625/1120]   C4 clarinet  | midi: gt=60 pred=58 ❌  | spn: gt=C4 pred=C5 ❌  | doremi: gt=do pred=do# ❌
    [ 626/1120]   C4 clarinet  | midi: gt=60 pred=65 ❌  | spn: gt=C4 pred=C5 ❌  | doremi: gt=do pred=do# ❌
    [ 627/1120]   E4 clarinet  | midi: gt=64 pred=58 ❌  | spn: gt=E4 pred=C5 ❌  | doremi: gt=mi pred=sol# ❌
    [ 628/1120]   E4 clarinet  | midi: gt=64 pred=69 ❌  | spn: gt=E4 pred=C5 ❌  | doremi: gt=mi pred=la ❌
    [ 629/1120]   E4 clarinet  | midi: gt=64 pred=59 ❌  | spn: gt=E4 pred=C5 ❌  | doremi: gt=mi pred=sol# ❌
    [ 630/1120]   E4 clarinet  | midi: gt=64 pred=69 ❌  | spn: gt=E4 pred=C5 ❌  | doremi: gt=mi pred=la ❌
    [ 631/1120]   E4 clarinet  | midi: gt=64 pred=58 ❌  | spn: gt=E4 pred=C5 ❌  | doremi: gt=mi pred=sol# ❌
    [ 632/1120]   E4 clarinet  | midi: gt=64 pred=69 ❌  | spn: gt=E4 pred=C5 ❌  | doremi: gt=mi pred=la ❌
    [ 633/1120]   G4 clarinet  | midi: gt=67 pred=58 ❌  | spn: gt=G4 pred=C5 ❌  | doremi: gt=sol pred=sol# ❌
    [ 634/1120]   G4 clarinet  | midi: gt=67 pred=68 ❌  | spn: gt=G4 pred=C5 ❌  | doremi: gt=sol pred=sol# ❌
    [ 635/1120]   G4 clarinet  | midi: gt=67 pred=58 ❌  | spn: gt=G4 pred=C5 ❌  | doremi: gt=sol pred=sol ✅
    [ 636/1120]   G4 clarinet  | midi: gt=67 pred=68 ❌  | spn: gt=G4 pred=C5 ❌  | doremi: gt=sol pred=sol# ❌
    [ 637/1120]   G4 clarinet  | midi: gt=67 pred=58 ❌  | spn: gt=G4 pred=C5 ❌  | doremi: gt=sol pred=sol ✅
    [ 638/1120]   G4 clarinet  | midi: gt=67 pred=68 ❌  | spn: gt=G4 pred=C5 ❌  | doremi: gt=sol pred=sol# ❌
    [ 639/1120]   A4 clarinet  | midi: gt=69 pred=58 ❌  | spn: gt=A4 pred=C5 ❌  | doremi: gt=la pred=sol# ❌
    [ 640/1120]   A4 clarinet  | midi: gt=69 pred=69 ✅  | spn: gt=A4 pred=A5 ❌  | doremi: gt=la pred=sol# ❌
    [ 641/1120]  C#5 clarinet  | midi: gt=73 pred=58 ❌  | spn: gt=C#5 pred=C5 ❌  | doremi: gt=do# pred=sol# ❌
    [ 642/1120]  C#5 clarinet  | midi: gt=73 pred=68 ❌  | spn: gt=C#5 pred=C5 ❌  | doremi: gt=do# pred=sol ❌
    [ 643/1120]  C#5 clarinet  | midi: gt=73 pred=58 ❌  | spn: gt=C#5 pred=C5 ❌  | doremi: gt=do# pred=sol# ❌
    [ 644/1120]  C#5 clarinet  | midi: gt=73 pred=68 ❌  | spn: gt=C#5 pred=C5 ❌  | doremi: gt=do# pred=sol ❌
    [ 645/1120]  C#5 clarinet  | midi: gt=73 pred=58 ❌  | spn: gt=C#5 pred=C5 ❌  | doremi: gt=do# pred=sol# ❌
    [ 646/1120]  C#5 clarinet  | midi: gt=73 pred=68 ❌  | spn: gt=C#5 pred=C5 ❌  | doremi: gt=do# pred=sol ❌
    [ 647/1120]   E5 clarinet  | midi: gt=76 pred=58 ❌  | spn: gt=E5 pred=C5 ❌  | doremi: gt=mi pred=sol# ❌
    [ 648/1120]   E5 clarinet  | midi: gt=76 pred=64 ❌  | spn: gt=E5 pred=C5 ❌  | doremi: gt=mi pred=sol# ❌
    [ 649/1120]   E5 clarinet  | midi: gt=76 pred=58 ❌  | spn: gt=E5 pred=C5 ❌  | doremi: gt=mi pred=sol# ❌
    [ 650/1120]   E5 clarinet  | midi: gt=76 pred=64 ❌  | spn: gt=E5 pred=C5 ❌  | doremi: gt=mi pred=sol# ❌
    [ 651/1120]   E5 clarinet  | midi: gt=76 pred=58 ❌  | spn: gt=E5 pred=C5 ❌  | doremi: gt=mi pred=sol# ❌
    [ 652/1120]   E5 clarinet  | midi: gt=76 pred=64 ❌  | spn: gt=E5 pred=C5 ❌  | doremi: gt=mi pred=sol# ❌
    [ 653/1120]   E5 clarinet  | midi: gt=76 pred=58 ❌  | spn: gt=E5 pred=C5 ❌  | doremi: gt=mi pred=sol# ❌
    [ 654/1120]   E5 clarinet  | midi: gt=76 pred=64 ❌  | spn: gt=E5 pred=C5 ❌  | doremi: gt=mi pred=sol# ❌
    [ 655/1120]   E5 clarinet  | midi: gt=76 pred=58 ❌  | spn: gt=E5 pred=C5 ❌  | doremi: gt=mi pred=sol# ❌
    [ 656/1120]   E5 clarinet  | midi: gt=76 pred=64 ❌  | spn: gt=E5 pred=C5 ❌  | doremi: gt=mi pred=sol# ❌
    [ 657/1120]   E5 clarinet  | midi: gt=76 pred=58 ❌  | spn: gt=E5 pred=C5 ❌  | doremi: gt=mi pred=sol# ❌
    [ 658/1120]   E5 clarinet  | midi: gt=76 pred=64 ❌  | spn: gt=E5 pred=C5 ❌  | doremi: gt=mi pred=sol# ❌
    [ 659/1120]   G5 clarinet  | midi: gt=79 pred=58 ❌  | spn: gt=G5 pred=C5 ❌  | doremi: gt=sol pred=sol# ❌
    [ 660/1120]   G5 clarinet  | midi: gt=79 pred=68 ❌  | spn: gt=G5 pred=C5 ❌  | doremi: gt=sol pred=sol# ❌
    [ 661/1120]   G5 clarinet  | midi: gt=79 pred=58 ❌  | spn: gt=G5 pred=C5 ❌  | doremi: gt=sol pred=sol# ❌
    [ 662/1120]   G5 clarinet  | midi: gt=79 pred=68 ❌  | spn: gt=G5 pred=C5 ❌  | doremi: gt=sol pred=sol# ❌
    [ 663/1120]   E6 clarinet  | midi: gt=88 pred=58 ❌  | spn: gt=E6 pred=C5 ❌  | doremi: gt=mi pred=sol ❌
    [ 664/1120]   E6 clarinet  | midi: gt=88 pred=88 ✅  | spn: gt=E6 pred=E5 ❌  | doremi: gt=mi pred=sol# ❌
    [ 665/1120]   E6 clarinet  | midi: gt=88 pred=58 ❌  | spn: gt=E6 pred=C5 ❌  | doremi: gt=mi pred=sol# ❌
    [ 666/1120]   E6 clarinet  | midi: gt=88 pred=88 ✅  | spn: gt=E6 pred=E5 ❌  | doremi: gt=mi pred=sol# ❌
    [ 667/1120]  F#1 oboe  | midi: gt=30 pred=58 ❌  | spn: gt=F#1 pred=C5 ❌  | doremi: gt=fa# pred=sol# ❌
    [ 668/1120]  F#1 oboe  | midi: gt=30 pred=34 ❌  | spn: gt=F#1 pred=A#2 ❌  | doremi: gt=fa# pred=la ❌
    [ 669/1120]  F#1 oboe  | midi: gt=30 pred=58 ❌  | spn: gt=F#1 pred=C5 ❌  | doremi: gt=fa# pred=sol# ❌
    [ 670/1120]  F#1 oboe  | midi: gt=30 pred=34 ❌  | spn: gt=F#1 pred=A#2 ❌  | doremi: gt=fa# pred=la ❌
    [ 671/1120]   C2 oboe  | midi: gt=36 pred=58 ❌  | spn: gt=C2 pred=C5 ❌  | doremi: gt=do pred=sol ❌
    [ 672/1120]   C2 oboe  | midi: gt=36 pred=36 ✅  | spn: gt=C2 pred=C2 ✅  | doremi: gt=do pred=do ✅
    [ 673/1120]   C2 oboe  | midi: gt=36 pred=58 ❌  | spn: gt=C2 pred=C5 ❌  | doremi: gt=do pred=sol ❌
    [ 674/1120]   C2 oboe  | midi: gt=36 pred=36 ✅  | spn: gt=C2 pred=C2 ✅  | doremi: gt=do pred=do ✅
    [ 675/1120]   G2 oboe  | midi: gt=43 pred=58 ❌  | spn: gt=G2 pred=C5 ❌  | doremi: gt=sol pred=sol ✅
    [ 676/1120]   G2 oboe  | midi: gt=43 pred=43 ✅  | spn: gt=G2 pred=C2 ❌  | doremi: gt=sol pred=sol ✅
    [ 677/1120]   C3 oboe  | midi: gt=48 pred=58 ❌  | spn: gt=C3 pred=C5 ❌  | doremi: gt=do pred=do# ❌
    [ 678/1120]   C3 oboe  | midi: gt=48 pred=48 ✅  | spn: gt=C3 pred=C2 ❌  | doremi: gt=do pred=do# ❌
    [ 679/1120]   C3 oboe  | midi: gt=48 pred=58 ❌  | spn: gt=C3 pred=C5 ❌  | doremi: gt=do pred=do# ❌
    [ 680/1120]   C3 oboe  | midi: gt=48 pred=48 ✅  | spn: gt=C3 pred=C2 ❌  | doremi: gt=do pred=do# ❌
    [ 681/1120]  F#3 oboe  | midi: gt=54 pred=54 ✅  | spn: gt=F#3 pred=F#5 ❌  | doremi: gt=fa# pred=la# ❌
    [ 682/1120]  F#3 oboe  | midi: gt=54 pred=43 ❌  | spn: gt=F#3 pred=F#3 ✅  | doremi: gt=fa# pred=la ❌
    [ 683/1120]  A#3 oboe  | midi: gt=58 pred=58 ✅  | spn: gt=A#3 pred=C5 ❌  | doremi: gt=la# pred=la# ✅
    [ 684/1120]  A#3 oboe  | midi: gt=58 pred=58 ✅  | spn: gt=A#3 pred=A4 ❌  | doremi: gt=la# pred=la ❌
    [ 685/1120]  A#3 oboe  | midi: gt=58 pred=58 ✅  | spn: gt=A#3 pred=C5 ❌  | doremi: gt=la# pred=sol# ❌
    [ 686/1120]  A#3 oboe  | midi: gt=58 pred=58 ✅  | spn: gt=A#3 pred=A4 ❌  | doremi: gt=la# pred=la ❌
    [ 687/1120]   C4 oboe  | midi: gt=60 pred=58 ❌  | spn: gt=C4 pred=C5 ❌  | doremi: gt=do pred=do# ❌
    [ 688/1120]   C4 oboe  | midi: gt=60 pred=60 ✅  | spn: gt=C4 pred=C5 ❌  | doremi: gt=do pred=do# ❌
    [ 689/1120]   E4 oboe  | midi: gt=64 pred=58 ❌  | spn: gt=E4 pred=C5 ❌  | doremi: gt=mi pred=sol# ❌
    [ 690/1120]   E4 oboe  | midi: gt=64 pred=64 ✅  | spn: gt=E4 pred=E5 ❌  | doremi: gt=mi pred=la ❌
    [ 691/1120]   E4 oboe  | midi: gt=64 pred=58 ❌  | spn: gt=E4 pred=C5 ❌  | doremi: gt=mi pred=sol# ❌
    [ 692/1120]   E4 oboe  | midi: gt=64 pred=64 ✅  | spn: gt=E4 pred=E5 ❌  | doremi: gt=mi pred=la ❌
    [ 693/1120]   A4 oboe  | midi: gt=69 pred=58 ❌  | spn: gt=A4 pred=C5 ❌  | doremi: gt=la pred=sol# ❌
    [ 694/1120]   A4 oboe  | midi: gt=69 pred=69 ✅  | spn: gt=A4 pred=A4 ✅  | doremi: gt=la pred=la ✅
    [ 695/1120]   A4 oboe  | midi: gt=69 pred=58 ❌  | spn: gt=A4 pred=C5 ❌  | doremi: gt=la pred=sol# ❌
    [ 696/1120]   A4 oboe  | midi: gt=69 pred=69 ✅  | spn: gt=A4 pred=A4 ✅  | doremi: gt=la pred=la ✅
    [ 697/1120]   A4 oboe  | midi: gt=69 pred=58 ❌  | spn: gt=A4 pred=C5 ❌  | doremi: gt=la pred=sol# ❌
    [ 698/1120]   A4 oboe  | midi: gt=69 pred=69 ✅  | spn: gt=A4 pred=A4 ✅  | doremi: gt=la pred=la ✅
    [ 699/1120]  C#5 oboe  | midi: gt=73 pred=58 ❌  | spn: gt=C#5 pred=C5 ❌  | doremi: gt=do# pred=sol# ❌
    [ 700/1120]  C#5 oboe  | midi: gt=73 pred=73 ✅  | spn: gt=C#5 pred=C5 ❌  | doremi: gt=do# pred=sol ❌
    [ 701/1120]  C#5 oboe  | midi: gt=73 pred=58 ❌  | spn: gt=C#5 pred=C5 ❌  | doremi: gt=do# pred=do# ✅
    [ 702/1120]  C#5 oboe  | midi: gt=73 pred=73 ✅  | spn: gt=C#5 pred=C5 ❌  | doremi: gt=do# pred=sol ❌
    [ 703/1120]   G5 oboe  | midi: gt=79 pred=58 ❌  | spn: gt=G5 pred=C5 ❌  | doremi: gt=sol pred=sol# ❌
    [ 704/1120]   G5 oboe  | midi: gt=79 pred=79 ✅  | spn: gt=G5 pred=G5 ✅  | doremi: gt=sol pred=sol# ❌
    [ 705/1120]   E6 oboe  | midi: gt=88 pred=58 ❌  | spn: gt=E6 pred=C5 ❌  | doremi: gt=mi pred=sol# ❌
    [ 706/1120]   E6 oboe  | midi: gt=88 pred=88 ✅  | spn: gt=E6 pred=E5 ❌  | doremi: gt=mi pred=sol ❌
    [ 707/1120]  F#1 violin  | midi: gt=30 pred=58 ❌  | spn: gt=F#1 pred=C5 ❌  | doremi: gt=fa# pred=sol# ❌
    [ 708/1120]  F#1 violin  | midi: gt=30 pred=34 ❌  | spn: gt=F#1 pred=A2 ❌  | doremi: gt=fa# pred=re# ❌
    [ 709/1120]   C2 violin  | midi: gt=36 pred=58 ❌  | spn: gt=C2 pred=C5 ❌  | doremi: gt=do pred=sol ❌
    [ 710/1120]   C2 violin  | midi: gt=36 pred=36 ✅  | spn: gt=C2 pred=C2 ✅  | doremi: gt=do pred=sol ❌
    [ 711/1120]   C2 violin  | midi: gt=36 pred=58 ❌  | spn: gt=C2 pred=C5 ❌  | doremi: gt=do pred=sol# ❌
    [ 712/1120]   C2 violin  | midi: gt=36 pred=36 ✅  | spn: gt=C2 pred=C2 ✅  | doremi: gt=do pred=sol ❌
    [ 713/1120]   C2 violin  | midi: gt=36 pred=58 ❌  | spn: gt=C2 pred=C5 ❌  | doremi: gt=do pred=do# ❌
    [ 714/1120]   C2 violin  | midi: gt=36 pred=36 ✅  | spn: gt=C2 pred=C2 ✅  | doremi: gt=do pred=sol ❌
    [ 715/1120]   C2 violin  | midi: gt=36 pred=58 ❌  | spn: gt=C2 pred=C5 ❌  | doremi: gt=do pred=sol# ❌
    [ 716/1120]   C2 violin  | midi: gt=36 pred=36 ✅  | spn: gt=C2 pred=C2 ✅  | doremi: gt=do pred=sol ❌
    [ 717/1120]   G2 violin  | midi: gt=43 pred=58 ❌  | spn: gt=G2 pred=C5 ❌  | doremi: gt=sol pred=sol ✅
    [ 718/1120]   G2 violin  | midi: gt=43 pred=43 ✅  | spn: gt=G2 pred=C2 ❌  | doremi: gt=sol pred=sol ✅
    [ 719/1120]   G2 violin  | midi: gt=43 pred=58 ❌  | spn: gt=G2 pred=C5 ❌  | doremi: gt=sol pred=sol ✅
    [ 720/1120]   G2 violin  | midi: gt=43 pred=43 ✅  | spn: gt=G2 pred=C2 ❌  | doremi: gt=sol pred=sol ✅
    [ 721/1120]   G2 violin  | midi: gt=43 pred=58 ❌  | spn: gt=G2 pred=C5 ❌  | doremi: gt=sol pred=sol ✅
    [ 722/1120]   G2 violin  | midi: gt=43 pred=43 ✅  | spn: gt=G2 pred=C2 ❌  | doremi: gt=sol pred=sol ✅
    [ 723/1120]  A#3 violin  | midi: gt=58 pred=58 ✅  | spn: gt=A#3 pred=A5 ❌  | doremi: gt=la# pred=la# ✅
    [ 724/1120]  A#3 violin  | midi: gt=58 pred=58 ✅  | spn: gt=A#3 pred=A5 ❌  | doremi: gt=la# pred=sol# ❌
    [ 725/1120]   C4 violin  | midi: gt=60 pred=58 ❌  | spn: gt=C4 pred=C5 ❌  | doremi: gt=do pred=do# ❌
    [ 726/1120]   C4 violin  | midi: gt=60 pred=60 ✅  | spn: gt=C4 pred=C5 ❌  | doremi: gt=do pred=sol# ❌
    [ 727/1120]   C4 violin  | midi: gt=60 pred=53 ❌  | spn: gt=C4 pred=C5 ❌  | doremi: gt=do pred=do# ❌
    [ 728/1120]   C4 violin  | midi: gt=60 pred=60 ✅  | spn: gt=C4 pred=C5 ❌  | doremi: gt=do pred=sol# ❌
    [ 729/1120]   E4 violin  | midi: gt=64 pred=58 ❌  | spn: gt=E4 pred=C5 ❌  | doremi: gt=mi pred=sol# ❌
    [ 730/1120]   E4 violin  | midi: gt=64 pred=64 ✅  | spn: gt=E4 pred=E5 ❌  | doremi: gt=mi pred=la ❌
    [ 731/1120]   A4 violin  | midi: gt=69 pred=58 ❌  | spn: gt=A4 pred=C5 ❌  | doremi: gt=la pred=sol ❌
    [ 732/1120]   A4 violin  | midi: gt=69 pred=69 ✅  | spn: gt=A4 pred=A5 ❌  | doremi: gt=la pred=sol# ❌
    [ 733/1120]   A4 violin  | midi: gt=69 pred=58 ❌  | spn: gt=A4 pred=C5 ❌  | doremi: gt=la pred=sol ❌
    [ 734/1120]   A4 violin  | midi: gt=69 pred=69 ✅  | spn: gt=A4 pred=A5 ❌  | doremi: gt=la pred=sol# ❌
    [ 735/1120]   A4 violin  | midi: gt=69 pred=58 ❌  | spn: gt=A4 pred=C5 ❌  | doremi: gt=la pred=sol ❌
    [ 736/1120]   A4 violin  | midi: gt=69 pred=69 ✅  | spn: gt=A4 pred=A5 ❌  | doremi: gt=la pred=sol# ❌
    [ 737/1120]  C#5 violin  | midi: gt=73 pred=58 ❌  | spn: gt=C#5 pred=C5 ❌  | doremi: gt=do# pred=sol# ❌
    [ 738/1120]  C#5 violin  | midi: gt=73 pred=68 ❌  | spn: gt=C#5 pred=C5 ❌  | doremi: gt=do# pred=sol# ❌
    [ 739/1120]  C#5 violin  | midi: gt=73 pred=58 ❌  | spn: gt=C#5 pred=C5 ❌  | doremi: gt=do# pred=sol# ❌
    [ 740/1120]  C#5 violin  | midi: gt=73 pred=68 ❌  | spn: gt=C#5 pred=C5 ❌  | doremi: gt=do# pred=sol# ❌
    [ 741/1120]   E5 violin  | midi: gt=76 pred=58 ❌  | spn: gt=E5 pred=C5 ❌  | doremi: gt=mi pred=sol# ❌
    [ 742/1120]   E5 violin  | midi: gt=76 pred=64 ❌  | spn: gt=E5 pred=C5 ❌  | doremi: gt=mi pred=la ❌
    [ 743/1120]   E5 violin  | midi: gt=76 pred=58 ❌  | spn: gt=E5 pred=C5 ❌  | doremi: gt=mi pred=sol# ❌
    [ 744/1120]   E5 violin  | midi: gt=76 pred=64 ❌  | spn: gt=E5 pred=C5 ❌  | doremi: gt=mi pred=la ❌
    [ 745/1120]   E5 violin  | midi: gt=76 pred=58 ❌  | spn: gt=E5 pred=C5 ❌  | doremi: gt=mi pred=sol# ❌
    [ 746/1120]   E5 violin  | midi: gt=76 pred=64 ❌  | spn: gt=E5 pred=C5 ❌  | doremi: gt=mi pred=la ❌
    [ 747/1120]   E5 violin  | midi: gt=76 pred=58 ❌  | spn: gt=E5 pred=C5 ❌  | doremi: gt=mi pred=sol# ❌
    [ 748/1120]   E5 violin  | midi: gt=76 pred=64 ❌  | spn: gt=E5 pred=C5 ❌  | doremi: gt=mi pred=la ❌
    [ 749/1120]   G5 violin  | midi: gt=79 pred=58 ❌  | spn: gt=G5 pred=C5 ❌  | doremi: gt=sol pred=sol ✅
    [ 750/1120]   G5 violin  | midi: gt=79 pred=67 ❌  | spn: gt=G5 pred=G5 ✅  | doremi: gt=sol pred=sol# ❌
    [ 751/1120]   E6 violin  | midi: gt=88 pred=58 ❌  | spn: gt=E6 pred=C5 ❌  | doremi: gt=mi pred=sol# ❌
    [ 752/1120]   E6 violin  | midi: gt=88 pred=86 ❌  | spn: gt=E6 pred=E5 ❌  | doremi: gt=mi pred=sol ❌
    [ 753/1120]   E6 violin  | midi: gt=88 pred=58 ❌  | spn: gt=E6 pred=C5 ❌  | doremi: gt=mi pred=sol# ❌
    [ 754/1120]   E6 violin  | midi: gt=88 pred=86 ❌  | spn: gt=E6 pred=E5 ❌  | doremi: gt=mi pred=sol ❌
    [ 755/1120]  F#1 cello  | midi: gt=30 pred=58 ❌  | spn: gt=F#1 pred=C5 ❌  | doremi: gt=fa# pred=sol# ❌
    [ 756/1120]  F#1 cello  | midi: gt=30 pred=34 ❌  | spn: gt=F#1 pred=C2 ❌  | doremi: gt=fa# pred=re# ❌
    [ 757/1120]  F#1 cello  | midi: gt=30 pred=58 ❌  | spn: gt=F#1 pred=C5 ❌  | doremi: gt=fa# pred=do# ❌
    [ 758/1120]  F#1 cello  | midi: gt=30 pred=34 ❌  | spn: gt=F#1 pred=C2 ❌  | doremi: gt=fa# pred=re# ❌
    [ 759/1120]  F#1 cello  | midi: gt=30 pred=58 ❌  | spn: gt=F#1 pred=C5 ❌  | doremi: gt=fa# pred=sol# ❌
    [ 760/1120]  F#1 cello  | midi: gt=30 pred=34 ❌  | spn: gt=F#1 pred=C2 ❌  | doremi: gt=fa# pred=re# ❌
    [ 761/1120]   G2 cello  | midi: gt=43 pred=58 ❌  | spn: gt=G2 pred=G2 ✅  | doremi: gt=sol pred=sol ✅
    [ 762/1120]   G2 cello  | midi: gt=43 pred=43 ✅  | spn: gt=G2 pred=G2 ✅  | doremi: gt=sol pred=sol ✅
    [ 763/1120]   G2 cello  | midi: gt=43 pred=58 ❌  | spn: gt=G2 pred=G2 ✅  | doremi: gt=sol pred=sol ✅
    [ 764/1120]   G2 cello  | midi: gt=43 pred=43 ✅  | spn: gt=G2 pred=G2 ✅  | doremi: gt=sol pred=sol ✅
    [ 765/1120]   G2 cello  | midi: gt=43 pred=58 ❌  | spn: gt=G2 pred=G5 ❌  | doremi: gt=sol pred=sol ✅
    [ 766/1120]   G2 cello  | midi: gt=43 pred=43 ✅  | spn: gt=G2 pred=G2 ✅  | doremi: gt=sol pred=sol ✅
    [ 767/1120]   C3 cello  | midi: gt=48 pred=58 ❌  | spn: gt=C3 pred=C5 ❌  | doremi: gt=do pred=do# ❌
    [ 768/1120]   C3 cello  | midi: gt=48 pred=48 ✅  | spn: gt=C3 pred=C2 ❌  | doremi: gt=do pred=do# ❌
    [ 769/1120]   C3 cello  | midi: gt=48 pred=58 ❌  | spn: gt=C3 pred=C5 ❌  | doremi: gt=do pred=do# ❌
    [ 770/1120]   C3 cello  | midi: gt=48 pred=48 ✅  | spn: gt=C3 pred=C2 ❌  | doremi: gt=do pred=do# ❌
    [ 771/1120]  F#3 cello  | midi: gt=54 pred=58 ❌  | spn: gt=F#3 pred=F#5 ❌  | doremi: gt=fa# pred=la# ❌
    [ 772/1120]  F#3 cello  | midi: gt=54 pred=54 ✅  | spn: gt=F#3 pred=F#3 ✅  | doremi: gt=fa# pred=sol# ❌
    [ 773/1120]  F#3 cello  | midi: gt=54 pred=54 ✅  | spn: gt=F#3 pred=F#5 ❌  | doremi: gt=fa# pred=la# ❌
    [ 774/1120]  F#3 cello  | midi: gt=54 pred=54 ✅  | spn: gt=F#3 pred=F#3 ✅  | doremi: gt=fa# pred=sol# ❌
    [ 775/1120]  A#3 cello  | midi: gt=58 pred=58 ✅  | spn: gt=A#3 pred=A2 ❌  | doremi: gt=la# pred=la# ✅
    [ 776/1120]  A#3 cello  | midi: gt=58 pred=58 ✅  | spn: gt=A#3 pred=None ❌  | doremi: gt=la# pred=sol# ❌
    [ 777/1120]  A#3 cello  | midi: gt=58 pred=53 ❌  | spn: gt=A#3 pred=A#2 ❌  | doremi: gt=la# pred=la# ✅
    [ 778/1120]  A#3 cello  | midi: gt=58 pred=58 ✅  | spn: gt=A#3 pred=None ❌  | doremi: gt=la# pred=sol# ❌
    [ 779/1120]  A#3 cello  | midi: gt=58 pred=58 ✅  | spn: gt=A#3 pred=C5 ❌  | doremi: gt=la# pred=sol# ❌
    [ 780/1120]  A#3 cello  | midi: gt=58 pred=58 ✅  | spn: gt=A#3 pred=None ❌  | doremi: gt=la# pred=sol# ❌
    [ 781/1120]   C4 cello  | midi: gt=60 pred=58 ❌  | spn: gt=C4 pred=C5 ❌  | doremi: gt=do pred=do# ❌
    [ 782/1120]   C4 cello  | midi: gt=60 pred=60 ✅  | spn: gt=C4 pred=C5 ❌  | doremi: gt=do pred=sol ❌
    [ 783/1120]   C4 cello  | midi: gt=60 pred=58 ❌  | spn: gt=C4 pred=C5 ❌  | doremi: gt=do pred=do# ❌
    [ 784/1120]   C4 cello  | midi: gt=60 pred=60 ✅  | spn: gt=C4 pred=C5 ❌  | doremi: gt=do pred=sol ❌
    [ 785/1120]   C4 cello  | midi: gt=60 pred=58 ❌  | spn: gt=C4 pred=C5 ❌  | doremi: gt=do pred=do# ❌
    [ 786/1120]   C4 cello  | midi: gt=60 pred=60 ✅  | spn: gt=C4 pred=C5 ❌  | doremi: gt=do pred=sol ❌
    [ 787/1120]   G4 cello  | midi: gt=67 pred=58 ❌  | spn: gt=G4 pred=C5 ❌  | doremi: gt=sol pred=sol ✅
    [ 788/1120]   G4 cello  | midi: gt=67 pred=63 ❌  | spn: gt=G4 pred=G4 ✅  | doremi: gt=sol pred=sol# ❌
    [ 789/1120]   G4 cello  | midi: gt=67 pred=58 ❌  | spn: gt=G4 pred=C5 ❌  | doremi: gt=sol pred=sol ✅
    [ 790/1120]   G4 cello  | midi: gt=67 pred=63 ❌  | spn: gt=G4 pred=G4 ✅  | doremi: gt=sol pred=sol# ❌
    [ 791/1120]   A4 cello  | midi: gt=69 pred=58 ❌  | spn: gt=A4 pred=C5 ❌  | doremi: gt=la pred=sol# ❌
    [ 792/1120]   A4 cello  | midi: gt=69 pred=69 ✅  | spn: gt=A4 pred=A5 ❌  | doremi: gt=la pred=sol# ❌
    [ 793/1120]   A4 cello  | midi: gt=69 pred=58 ❌  | spn: gt=A4 pred=C5 ❌  | doremi: gt=la pred=sol ❌
    [ 794/1120]   A4 cello  | midi: gt=69 pred=69 ✅  | spn: gt=A4 pred=A5 ❌  | doremi: gt=la pred=sol# ❌
    [ 795/1120]   A4 cello  | midi: gt=69 pred=58 ❌  | spn: gt=A4 pred=C5 ❌  | doremi: gt=la pred=sol# ❌
    [ 796/1120]   A4 cello  | midi: gt=69 pred=69 ✅  | spn: gt=A4 pred=A5 ❌  | doremi: gt=la pred=sol# ❌
    [ 797/1120]   A4 cello  | midi: gt=69 pred=58 ❌  | spn: gt=A4 pred=C5 ❌  | doremi: gt=la pred=sol# ❌
    [ 798/1120]   A4 cello  | midi: gt=69 pred=69 ✅  | spn: gt=A4 pred=A5 ❌  | doremi: gt=la pred=sol# ❌
    [ 799/1120]  C#5 cello  | midi: gt=73 pred=58 ❌  | spn: gt=C#5 pred=C5 ❌  | doremi: gt=do# pred=sol# ❌
    [ 800/1120]  C#5 cello  | midi: gt=73 pred=61 ❌  | spn: gt=C#5 pred=C5 ❌  | doremi: gt=do# pred=sol# ❌
    [ 801/1120]  C#5 cello  | midi: gt=73 pred=58 ❌  | spn: gt=C#5 pred=C5 ❌  | doremi: gt=do# pred=sol# ❌
    [ 802/1120]  C#5 cello  | midi: gt=73 pred=61 ❌  | spn: gt=C#5 pred=C5 ❌  | doremi: gt=do# pred=sol# ❌
    [ 803/1120]  C#5 cello  | midi: gt=73 pred=58 ❌  | spn: gt=C#5 pred=C5 ❌  | doremi: gt=do# pred=sol# ❌
    [ 804/1120]  C#5 cello  | midi: gt=73 pred=61 ❌  | spn: gt=C#5 pred=C5 ❌  | doremi: gt=do# pred=sol# ❌
    [ 805/1120]   E5 cello  | midi: gt=76 pred=58 ❌  | spn: gt=E5 pred=C5 ❌  | doremi: gt=mi pred=sol# ❌
    [ 806/1120]   E5 cello  | midi: gt=76 pred=64 ❌  | spn: gt=E5 pred=E5 ✅  | doremi: gt=mi pred=re# ❌
    [ 807/1120]   E5 cello  | midi: gt=76 pred=58 ❌  | spn: gt=E5 pred=C5 ❌  | doremi: gt=mi pred=sol# ❌
    [ 808/1120]   E5 cello  | midi: gt=76 pred=64 ❌  | spn: gt=E5 pred=E5 ✅  | doremi: gt=mi pred=re# ❌
    [ 809/1120]   E5 cello  | midi: gt=76 pred=58 ❌  | spn: gt=E5 pred=C5 ❌  | doremi: gt=mi pred=sol# ❌
    [ 810/1120]   E5 cello  | midi: gt=76 pred=64 ❌  | spn: gt=E5 pred=E5 ✅  | doremi: gt=mi pred=re# ❌
    [ 811/1120]   E5 cello  | midi: gt=76 pred=58 ❌  | spn: gt=E5 pred=C5 ❌  | doremi: gt=mi pred=sol# ❌
    [ 812/1120]   E5 cello  | midi: gt=76 pred=64 ❌  | spn: gt=E5 pred=E5 ✅  | doremi: gt=mi pred=re# ❌
    [ 813/1120]   G5 cello  | midi: gt=79 pred=58 ❌  | spn: gt=G5 pred=C5 ❌  | doremi: gt=sol pred=sol# ❌
    [ 814/1120]   G5 cello  | midi: gt=79 pred=67 ❌  | spn: gt=G5 pred=G5 ✅  | doremi: gt=sol pred=sol# ❌
    [ 815/1120]   G5 cello  | midi: gt=79 pred=58 ❌  | spn: gt=G5 pred=C5 ❌  | doremi: gt=sol pred=sol ✅
    [ 816/1120]   G5 cello  | midi: gt=79 pred=67 ❌  | spn: gt=G5 pred=G5 ✅  | doremi: gt=sol pred=sol# ❌
    [ 817/1120]   E6 cello  | midi: gt=88 pred=58 ❌  | spn: gt=E6 pred=C5 ❌  | doremi: gt=mi pred=sol# ❌
    [ 818/1120]   E6 cello  | midi: gt=88 pred=86 ❌  | spn: gt=E6 pred=E5 ❌  | doremi: gt=mi pred=sol# ❌
    [ 819/1120]   E6 cello  | midi: gt=88 pred=58 ❌  | spn: gt=E6 pred=C5 ❌  | doremi: gt=mi pred=sol# ❌
    [ 820/1120]   E6 cello  | midi: gt=88 pred=86 ❌  | spn: gt=E6 pred=E5 ❌  | doremi: gt=mi pred=sol# ❌
    [ 821/1120]   E6 cello  | midi: gt=88 pred=58 ❌  | spn: gt=E6 pred=C5 ❌  | doremi: gt=mi pred=sol# ❌
    [ 822/1120]   E6 cello  | midi: gt=88 pred=86 ❌  | spn: gt=E6 pred=E5 ❌  | doremi: gt=mi pred=sol# ❌
    [ 823/1120]   E6 cello  | midi: gt=88 pred=58 ❌  | spn: gt=E6 pred=C5 ❌  | doremi: gt=mi pred=sol# ❌
    [ 824/1120]   E6 cello  | midi: gt=88 pred=86 ❌  | spn: gt=E6 pred=E5 ❌  | doremi: gt=mi pred=sol# ❌
    [ 825/1120]  F#1 organ  | midi: gt=30 pred=58 ❌  | spn: gt=F#1 pred=F#5 ❌  | doremi: gt=fa# pred=la# ❌
    [ 826/1120]  F#1 organ  | midi: gt=30 pred=48 ❌  | spn: gt=F#1 pred=F#2 ❌  | doremi: gt=fa# pred=sol# ❌
    [ 827/1120]   C2 organ  | midi: gt=36 pred=58 ❌  | spn: gt=C2 pred=C5 ❌  | doremi: gt=do pred=do# ❌
    [ 828/1120]   C2 organ  | midi: gt=36 pred=48 ❌  | spn: gt=C2 pred=C2 ✅  | doremi: gt=do pred=sol ❌
    [ 829/1120]   C2 organ  | midi: gt=36 pred=58 ❌  | spn: gt=C2 pred=C5 ❌  | doremi: gt=do pred=do# ❌
    [ 830/1120]   C2 organ  | midi: gt=36 pred=48 ❌  | spn: gt=C2 pred=C2 ✅  | doremi: gt=do pred=sol ❌
    [ 831/1120]   G2 organ  | midi: gt=43 pred=58 ❌  | spn: gt=G2 pred=C5 ❌  | doremi: gt=sol pred=sol ✅
    [ 832/1120]   G2 organ  | midi: gt=43 pred=48 ❌  | spn: gt=G2 pred=G2 ✅  | doremi: gt=sol pred=sol ✅
    [ 833/1120]   G2 organ  | midi: gt=43 pred=58 ❌  | spn: gt=G2 pred=C5 ❌  | doremi: gt=sol pred=sol ✅
    [ 834/1120]   G2 organ  | midi: gt=43 pred=48 ❌  | spn: gt=G2 pred=G2 ✅  | doremi: gt=sol pred=sol ✅
    [ 835/1120]   G2 organ  | midi: gt=43 pred=58 ❌  | spn: gt=G2 pred=G2 ✅  | doremi: gt=sol pred=sol ✅
    [ 836/1120]   G2 organ  | midi: gt=43 pred=48 ❌  | spn: gt=G2 pred=G2 ✅  | doremi: gt=sol pred=sol ✅
    [ 837/1120]   C3 organ  | midi: gt=48 pred=58 ❌  | spn: gt=C3 pred=C5 ❌  | doremi: gt=do pred=do# ❌
    [ 838/1120]   C3 organ  | midi: gt=48 pred=48 ✅  | spn: gt=C3 pred=C5 ❌  | doremi: gt=do pred=sol ❌
    [ 839/1120]   C3 organ  | midi: gt=48 pred=58 ❌  | spn: gt=C3 pred=C5 ❌  | doremi: gt=do pred=do# ❌
    [ 840/1120]   C3 organ  | midi: gt=48 pred=48 ✅  | spn: gt=C3 pred=C5 ❌  | doremi: gt=do pred=sol ❌
    [ 841/1120]  F#3 organ  | midi: gt=54 pred=58 ❌  | spn: gt=F#3 pred=F5 ❌  | doremi: gt=fa# pred=la# ❌
    [ 842/1120]  F#3 organ  | midi: gt=54 pred=66 ❌  | spn: gt=F#3 pred=F5 ❌  | doremi: gt=fa# pred=re# ❌
    [ 843/1120]  F#3 organ  | midi: gt=54 pred=54 ✅  | spn: gt=F#3 pred=F#5 ❌  | doremi: gt=fa# pred=la# ❌
    [ 844/1120]  F#3 organ  | midi: gt=54 pred=66 ❌  | spn: gt=F#3 pred=F5 ❌  | doremi: gt=fa# pred=re# ❌
    [ 845/1120]  A#3 organ  | midi: gt=58 pred=58 ✅  | spn: gt=A#3 pred=A#5 ❌  | doremi: gt=la# pred=sol# ❌
    [ 846/1120]  A#3 organ  | midi: gt=58 pred=58 ✅  | spn: gt=A#3 pred=A5 ❌  | doremi: gt=la# pred=sol# ❌
    [ 847/1120]  A#3 organ  | midi: gt=58 pred=58 ✅  | spn: gt=A#3 pred=A5 ❌  | doremi: gt=la# pred=sol# ❌
    [ 848/1120]  A#3 organ  | midi: gt=58 pred=58 ✅  | spn: gt=A#3 pred=A5 ❌  | doremi: gt=la# pred=sol# ❌
    [ 849/1120]   C4 organ  | midi: gt=60 pred=53 ❌  | spn: gt=C4 pred=C5 ❌  | doremi: gt=do pred=do# ❌
    [ 850/1120]   C4 organ  | midi: gt=60 pred=60 ✅  | spn: gt=C4 pred=C5 ❌  | doremi: gt=do pred=sol# ❌
    [ 851/1120]   E4 organ  | midi: gt=64 pred=58 ❌  | spn: gt=E4 pred=C5 ❌  | doremi: gt=mi pred=sol# ❌
    [ 852/1120]   E4 organ  | midi: gt=64 pred=64 ✅  | spn: gt=E4 pred=E5 ❌  | doremi: gt=mi pred=re# ❌
    [ 853/1120]   E4 organ  | midi: gt=64 pred=58 ❌  | spn: gt=E4 pred=C5 ❌  | doremi: gt=mi pred=sol# ❌
    [ 854/1120]   E4 organ  | midi: gt=64 pred=64 ✅  | spn: gt=E4 pred=E5 ❌  | doremi: gt=mi pred=re# ❌
    [ 855/1120]   E4 organ  | midi: gt=64 pred=58 ❌  | spn: gt=E4 pred=C5 ❌  | doremi: gt=mi pred=sol# ❌
    [ 856/1120]   E4 organ  | midi: gt=64 pred=64 ✅  | spn: gt=E4 pred=E5 ❌  | doremi: gt=mi pred=re# ❌
    [ 857/1120]   G4 organ  | midi: gt=67 pred=58 ❌  | spn: gt=G4 pred=C5 ❌  | doremi: gt=sol pred=sol ✅
    [ 858/1120]   G4 organ  | midi: gt=67 pred=67 ✅  | spn: gt=G4 pred=G5 ❌  | doremi: gt=sol pred=sol# ❌
    [ 859/1120]   A4 organ  | midi: gt=69 pred=58 ❌  | spn: gt=A4 pred=C5 ❌  | doremi: gt=la pred=sol# ❌
    [ 860/1120]   A4 organ  | midi: gt=69 pred=69 ✅  | spn: gt=A4 pred=A5 ❌  | doremi: gt=la pred=la ✅
    [ 861/1120]  C#5 organ  | midi: gt=73 pred=58 ❌  | spn: gt=C#5 pred=C5 ❌  | doremi: gt=do# pred=sol# ❌
    [ 862/1120]  C#5 organ  | midi: gt=73 pred=68 ❌  | spn: gt=C#5 pred=C5 ❌  | doremi: gt=do# pred=sol ❌
    [ 863/1120]   E5 organ  | midi: gt=76 pred=58 ❌  | spn: gt=E5 pred=C5 ❌  | doremi: gt=mi pred=sol# ❌
    [ 864/1120]   E5 organ  | midi: gt=76 pred=64 ❌  | spn: gt=E5 pred=E5 ✅  | doremi: gt=mi pred=la ❌
    [ 865/1120]   G5 organ  | midi: gt=79 pred=58 ❌  | spn: gt=G5 pred=C5 ❌  | doremi: gt=sol pred=sol# ❌
    [ 866/1120]   G5 organ  | midi: gt=79 pred=69 ❌  | spn: gt=G5 pred=C5 ❌  | doremi: gt=sol pred=sol# ❌
    [ 867/1120]   G5 organ  | midi: gt=79 pred=58 ❌  | spn: gt=G5 pred=C5 ❌  | doremi: gt=sol pred=sol# ❌
    [ 868/1120]   G5 organ  | midi: gt=79 pred=69 ❌  | spn: gt=G5 pred=C5 ❌  | doremi: gt=sol pred=sol# ❌
    [ 869/1120]   G5 organ  | midi: gt=79 pred=58 ❌  | spn: gt=G5 pred=C5 ❌  | doremi: gt=sol pred=sol ✅
    [ 870/1120]   G5 organ  | midi: gt=79 pred=69 ❌  | spn: gt=G5 pred=C5 ❌  | doremi: gt=sol pred=sol# ❌
    [ 871/1120]   G5 organ  | midi: gt=79 pred=58 ❌  | spn: gt=G5 pred=C5 ❌  | doremi: gt=sol pred=sol# ❌
    [ 872/1120]   G5 organ  | midi: gt=79 pred=69 ❌  | spn: gt=G5 pred=C5 ❌  | doremi: gt=sol pred=sol# ❌
    [ 873/1120]   E6 organ  | midi: gt=88 pred=58 ❌  | spn: gt=E6 pred=C5 ❌  | doremi: gt=mi pred=sol# ❌
    [ 874/1120]   E6 organ  | midi: gt=88 pred=86 ❌  | spn: gt=E6 pred=E5 ❌  | doremi: gt=mi pred=la ❌
    [ 875/1120]   E6 organ  | midi: gt=88 pred=58 ❌  | spn: gt=E6 pred=C5 ❌  | doremi: gt=mi pred=sol# ❌
    [ 876/1120]   E6 organ  | midi: gt=88 pred=86 ❌  | spn: gt=E6 pred=E5 ❌  | doremi: gt=mi pred=la ❌
    [ 877/1120]   E6 organ  | midi: gt=88 pred=58 ❌  | spn: gt=E6 pred=C5 ❌  | doremi: gt=mi pred=sol# ❌
    [ 878/1120]   E6 organ  | midi: gt=88 pred=86 ❌  | spn: gt=E6 pred=E5 ❌  | doremi: gt=mi pred=la ❌
    [ 879/1120]   E6 organ  | midi: gt=88 pred=59 ❌  | spn: gt=E6 pred=C5 ❌  | doremi: gt=mi pred=sol# ❌
    [ 880/1120]   E6 organ  | midi: gt=88 pred=86 ❌  | spn: gt=E6 pred=E5 ❌  | doremi: gt=mi pred=la ❌
    [ 881/1120]   E6 organ  | midi: gt=88 pred=58 ❌  | spn: gt=E6 pred=C5 ❌  | doremi: gt=mi pred=sol# ❌
    [ 882/1120]   E6 organ  | midi: gt=88 pred=86 ❌  | spn: gt=E6 pred=E5 ❌  | doremi: gt=mi pred=la ❌
    [ 883/1120]   G2 bass  | midi: gt=43 pred=58 ❌  | spn: gt=G2 pred=C5 ❌  | doremi: gt=sol pred=sol ✅
    [ 884/1120]   G2 bass  | midi: gt=43 pred=43 ✅  | spn: gt=G2 pred=F#2 ❌  | doremi: gt=sol pred=sol# ❌
    [ 885/1120]   G2 bass  | midi: gt=43 pred=58 ❌  | spn: gt=G2 pred=C5 ❌  | doremi: gt=sol pred=sol ✅
    [ 886/1120]   G2 bass  | midi: gt=43 pred=43 ✅  | spn: gt=G2 pred=F#2 ❌  | doremi: gt=sol pred=sol# ❌
    [ 887/1120]   C3 bass  | midi: gt=48 pred=58 ❌  | spn: gt=C3 pred=C5 ❌  | doremi: gt=do pred=do# ❌
    [ 888/1120]   C3 bass  | midi: gt=48 pred=48 ✅  | spn: gt=C3 pred=C4 ❌  | doremi: gt=do pred=sol# ❌
    [ 889/1120]  F#3 bass  | midi: gt=54 pred=58 ❌  | spn: gt=F#3 pred=F#5 ❌  | doremi: gt=fa# pred=la# ❌
    [ 890/1120]  F#3 bass  | midi: gt=54 pred=54 ✅  | spn: gt=F#3 pred=C5 ❌  | doremi: gt=fa# pred=sol# ❌
    [ 891/1120]  F#3 bass  | midi: gt=54 pred=58 ❌  | spn: gt=F#3 pred=F5 ❌  | doremi: gt=fa# pred=la# ❌
    [ 892/1120]  F#3 bass  | midi: gt=54 pred=54 ✅  | spn: gt=F#3 pred=C5 ❌  | doremi: gt=fa# pred=sol# ❌
    [ 893/1120]  A#3 bass  | midi: gt=58 pred=58 ✅  | spn: gt=A#3 pred=A#2 ❌  | doremi: gt=la# pred=sol# ❌
    [ 894/1120]  A#3 bass  | midi: gt=58 pred=58 ✅  | spn: gt=A#3 pred=A4 ❌  | doremi: gt=la# pred=la# ✅
    [ 895/1120]  A#3 bass  | midi: gt=58 pred=58 ✅  | spn: gt=A#3 pred=A2 ❌  | doremi: gt=la# pred=la# ✅
    [ 896/1120]  A#3 bass  | midi: gt=58 pred=58 ✅  | spn: gt=A#3 pred=A4 ❌  | doremi: gt=la# pred=la# ✅
    [ 897/1120]   C4 bass  | midi: gt=60 pred=53 ❌  | spn: gt=C4 pred=C5 ❌  | doremi: gt=do pred=do# ❌
    [ 898/1120]   C4 bass  | midi: gt=60 pred=60 ✅  | spn: gt=C4 pred=C4 ✅  | doremi: gt=do pred=sol# ❌
    [ 899/1120]   C4 bass  | midi: gt=60 pred=53 ❌  | spn: gt=C4 pred=C5 ❌  | doremi: gt=do pred=do# ❌
    [ 900/1120]   C4 bass  | midi: gt=60 pred=60 ✅  | spn: gt=C4 pred=C4 ✅  | doremi: gt=do pred=sol# ❌
    [ 901/1120]   C4 bass  | midi: gt=60 pred=58 ❌  | spn: gt=C4 pred=C5 ❌  | doremi: gt=do pred=do# ❌
    [ 902/1120]   C4 bass  | midi: gt=60 pred=60 ✅  | spn: gt=C4 pred=C4 ✅  | doremi: gt=do pred=sol# ❌
    [ 903/1120]   G4 bass  | midi: gt=67 pred=58 ❌  | spn: gt=G4 pred=G2 ❌  | doremi: gt=sol pred=sol ✅
    [ 904/1120]   G4 bass  | midi: gt=67 pred=67 ✅  | spn: gt=G4 pred=C5 ❌  | doremi: gt=sol pred=sol# ❌
    [ 905/1120]   G4 bass  | midi: gt=67 pred=58 ❌  | spn: gt=G4 pred=C5 ❌  | doremi: gt=sol pred=sol ✅
    [ 906/1120]   G4 bass  | midi: gt=67 pred=67 ✅  | spn: gt=G4 pred=C5 ❌  | doremi: gt=sol pred=sol# ❌
    [ 907/1120]   G4 bass  | midi: gt=67 pred=58 ❌  | spn: gt=G4 pred=C5 ❌  | doremi: gt=sol pred=sol ✅
    [ 908/1120]   G4 bass  | midi: gt=67 pred=67 ✅  | spn: gt=G4 pred=C5 ❌  | doremi: gt=sol pred=sol# ❌
    [ 909/1120]   A4 bass  | midi: gt=69 pred=58 ❌  | spn: gt=A4 pred=C5 ❌  | doremi: gt=la pred=sol ❌
    [ 910/1120]   A4 bass  | midi: gt=69 pred=69 ✅  | spn: gt=A4 pred=C5 ❌  | doremi: gt=la pred=sol# ❌
    [ 911/1120]  C#5 bass  | midi: gt=73 pred=58 ❌  | spn: gt=C#5 pred=C5 ❌  | doremi: gt=do# pred=do# ✅
    [ 912/1120]  C#5 bass  | midi: gt=73 pred=68 ❌  | spn: gt=C#5 pred=C5 ❌  | doremi: gt=do# pred=sol# ❌
    [ 913/1120]  C#5 bass  | midi: gt=73 pred=58 ❌  | spn: gt=C#5 pred=C5 ❌  | doremi: gt=do# pred=do# ✅
    [ 914/1120]  C#5 bass  | midi: gt=73 pred=68 ❌  | spn: gt=C#5 pred=C5 ❌  | doremi: gt=do# pred=sol# ❌
    [ 915/1120]   E5 bass  | midi: gt=76 pred=58 ❌  | spn: gt=E5 pred=C5 ❌  | doremi: gt=mi pred=sol# ❌
    [ 916/1120]   E5 bass  | midi: gt=76 pred=76 ✅  | spn: gt=E5 pred=C7 ❌  | doremi: gt=mi pred=sol# ❌
    [ 917/1120]   E5 bass  | midi: gt=76 pred=58 ❌  | spn: gt=E5 pred=C5 ❌  | doremi: gt=mi pred=sol# ❌
    [ 918/1120]   E5 bass  | midi: gt=76 pred=76 ✅  | spn: gt=E5 pred=C7 ❌  | doremi: gt=mi pred=sol# ❌
    [ 919/1120]   G5 bass  | midi: gt=79 pred=58 ❌  | spn: gt=G5 pred=C5 ❌  | doremi: gt=sol pred=sol ✅
    [ 920/1120]   G5 bass  | midi: gt=79 pred=67 ❌  | spn: gt=G5 pred=C7 ❌  | doremi: gt=sol pred=sol# ❌
    [ 921/1120]   G5 bass  | midi: gt=79 pred=58 ❌  | spn: gt=G5 pred=C5 ❌  | doremi: gt=sol pred=sol ✅
    [ 922/1120]   G5 bass  | midi: gt=79 pred=67 ❌  | spn: gt=G5 pred=C7 ❌  | doremi: gt=sol pred=sol# ❌
    [ 923/1120]   E6 bass  | midi: gt=88 pred=58 ❌  | spn: gt=E6 pred=C5 ❌  | doremi: gt=mi pred=sol# ❌
    [ 924/1120]   E6 bass  | midi: gt=88 pred=88 ✅  | spn: gt=E6 pred=F7 ❌  | doremi: gt=mi pred=sol# ❌
    [ 925/1120]   E6 bass  | midi: gt=88 pred=58 ❌  | spn: gt=E6 pred=C5 ❌  | doremi: gt=mi pred=sol# ❌
    [ 926/1120]   E6 bass  | midi: gt=88 pred=88 ✅  | spn: gt=E6 pred=F7 ❌  | doremi: gt=mi pred=sol# ❌
    [ 927/1120]   C2 synth_lead  | midi: gt=36 pred=58 ❌  | spn: gt=C2 pred=C5 ❌  | doremi: gt=do pred=sol# ❌
    [ 928/1120]   C2 synth_lead  | midi: gt=36 pred=45 ❌  | spn: gt=C2 pred=C5 ❌  | doremi: gt=do pred=sol# ❌
    [ 929/1120]   C2 synth_lead  | midi: gt=36 pred=58 ❌  | spn: gt=C2 pred=C5 ❌  | doremi: gt=do pred=sol# ❌
    [ 930/1120]   C2 synth_lead  | midi: gt=36 pred=45 ❌  | spn: gt=C2 pred=C5 ❌  | doremi: gt=do pred=sol# ❌
    [ 931/1120]   G2 synth_lead  | midi: gt=43 pred=58 ❌  | spn: gt=G2 pred=C5 ❌  | doremi: gt=sol pred=sol# ❌
    [ 932/1120]   G2 synth_lead  | midi: gt=43 pred=43 ✅  | spn: gt=G2 pred=C5 ❌  | doremi: gt=sol pred=sol# ❌
    [ 933/1120]   G2 synth_lead  | midi: gt=43 pred=58 ❌  | spn: gt=G2 pred=C5 ❌  | doremi: gt=sol pred=sol# ❌
    [ 934/1120]   G2 synth_lead  | midi: gt=43 pred=43 ✅  | spn: gt=G2 pred=C5 ❌  | doremi: gt=sol pred=sol# ❌
    [ 935/1120]   C3 synth_lead  | midi: gt=48 pred=58 ❌  | spn: gt=C3 pred=C5 ❌  | doremi: gt=do pred=sol ❌
    [ 936/1120]   C3 synth_lead  | midi: gt=48 pred=48 ✅  | spn: gt=C3 pred=C5 ❌  | doremi: gt=do pred=sol# ❌
    [ 937/1120]   C3 synth_lead  | midi: gt=48 pred=58 ❌  | spn: gt=C3 pred=C5 ❌  | doremi: gt=do pred=sol# ❌
    [ 938/1120]   C3 synth_lead  | midi: gt=48 pred=48 ✅  | spn: gt=C3 pred=C5 ❌  | doremi: gt=do pred=sol# ❌
    [ 939/1120]   C3 synth_lead  | midi: gt=48 pred=58 ❌  | spn: gt=C3 pred=C5 ❌  | doremi: gt=do pred=sol# ❌
    [ 940/1120]   C3 synth_lead  | midi: gt=48 pred=48 ✅  | spn: gt=C3 pred=C5 ❌  | doremi: gt=do pred=sol# ❌
    [ 941/1120]  F#3 synth_lead  | midi: gt=54 pred=58 ❌  | spn: gt=F#3 pred=C5 ❌  | doremi: gt=fa# pred=sol# ❌
    [ 942/1120]  F#3 synth_lead  | midi: gt=54 pred=54 ✅  | spn: gt=F#3 pred=C5 ❌  | doremi: gt=fa# pred=sol# ❌
    [ 943/1120]  F#3 synth_lead  | midi: gt=54 pred=58 ❌  | spn: gt=F#3 pred=F5 ❌  | doremi: gt=fa# pred=la# ❌
    [ 944/1120]  F#3 synth_lead  | midi: gt=54 pred=54 ✅  | spn: gt=F#3 pred=C5 ❌  | doremi: gt=fa# pred=sol# ❌
    [ 945/1120]  F#3 synth_lead  | midi: gt=54 pred=58 ❌  | spn: gt=F#3 pred=F5 ❌  | doremi: gt=fa# pred=la# ❌
    [ 946/1120]  F#3 synth_lead  | midi: gt=54 pred=54 ✅  | spn: gt=F#3 pred=C5 ❌  | doremi: gt=fa# pred=sol# ❌
    [ 947/1120]  F#3 synth_lead  | midi: gt=54 pred=58 ❌  | spn: gt=F#3 pred=C5 ❌  | doremi: gt=fa# pred=la# ❌
    [ 948/1120]  F#3 synth_lead  | midi: gt=54 pred=54 ✅  | spn: gt=F#3 pred=C5 ❌  | doremi: gt=fa# pred=sol# ❌
    [ 949/1120]  A#3 synth_lead  | midi: gt=58 pred=58 ✅  | spn: gt=A#3 pred=C5 ❌  | doremi: gt=la# pred=sol# ❌
    [ 950/1120]  A#3 synth_lead  | midi: gt=58 pred=58 ✅  | spn: gt=A#3 pred=A#2 ❌  | doremi: gt=la# pred=sol# ❌
    [ 951/1120]  A#3 synth_lead  | midi: gt=58 pred=58 ✅  | spn: gt=A#3 pred=C5 ❌  | doremi: gt=la# pred=sol# ❌
    [ 952/1120]  A#3 synth_lead  | midi: gt=58 pred=58 ✅  | spn: gt=A#3 pred=A#2 ❌  | doremi: gt=la# pred=sol# ❌
    [ 953/1120]   C4 synth_lead  | midi: gt=60 pred=58 ❌  | spn: gt=C4 pred=C5 ❌  | doremi: gt=do pred=do# ❌
    [ 954/1120]   C4 synth_lead  | midi: gt=60 pred=60 ✅  | spn: gt=C4 pred=C5 ❌  | doremi: gt=do pred=sol# ❌
    [ 955/1120]   C4 synth_lead  | midi: gt=60 pred=58 ❌  | spn: gt=C4 pred=C5 ❌  | doremi: gt=do pred=do# ❌
    [ 956/1120]   C4 synth_lead  | midi: gt=60 pred=60 ✅  | spn: gt=C4 pred=C5 ❌  | doremi: gt=do pred=sol# ❌
    [ 957/1120]   C4 synth_lead  | midi: gt=60 pred=58 ❌  | spn: gt=C4 pred=C5 ❌  | doremi: gt=do pred=do# ❌
    [ 958/1120]   C4 synth_lead  | midi: gt=60 pred=60 ✅  | spn: gt=C4 pred=C5 ❌  | doremi: gt=do pred=sol# ❌
    [ 959/1120]   E4 synth_lead  | midi: gt=64 pred=58 ❌  | spn: gt=E4 pred=C5 ❌  | doremi: gt=mi pred=sol# ❌
    [ 960/1120]   E4 synth_lead  | midi: gt=64 pred=64 ✅  | spn: gt=E4 pred=E5 ❌  | doremi: gt=mi pred=sol# ❌
    [ 961/1120]   G4 synth_lead  | midi: gt=67 pred=58 ❌  | spn: gt=G4 pred=C5 ❌  | doremi: gt=sol pred=sol ✅
    [ 962/1120]   G4 synth_lead  | midi: gt=67 pred=63 ❌  | spn: gt=G4 pred=C5 ❌  | doremi: gt=sol pred=sol# ❌
    [ 963/1120]   G4 synth_lead  | midi: gt=67 pred=58 ❌  | spn: gt=G4 pred=C5 ❌  | doremi: gt=sol pred=sol ✅
    [ 964/1120]   G4 synth_lead  | midi: gt=67 pred=63 ❌  | spn: gt=G4 pred=C5 ❌  | doremi: gt=sol pred=sol# ❌
    [ 965/1120]   A4 synth_lead  | midi: gt=69 pred=58 ❌  | spn: gt=A4 pred=C5 ❌  | doremi: gt=la pred=sol# ❌
    [ 966/1120]   A4 synth_lead  | midi: gt=69 pred=69 ✅  | spn: gt=A4 pred=C5 ❌  | doremi: gt=la pred=sol# ❌
    [ 967/1120]  C#5 synth_lead  | midi: gt=73 pred=58 ❌  | spn: gt=C#5 pred=C5 ❌  | doremi: gt=do# pred=sol# ❌
    [ 968/1120]  C#5 synth_lead  | midi: gt=73 pred=68 ❌  | spn: gt=C#5 pred=C5 ❌  | doremi: gt=do# pred=sol# ❌
    [ 969/1120]  C#5 synth_lead  | midi: gt=73 pred=58 ❌  | spn: gt=C#5 pred=C5 ❌  | doremi: gt=do# pred=sol# ❌
    [ 970/1120]  C#5 synth_lead  | midi: gt=73 pred=68 ❌  | spn: gt=C#5 pred=C5 ❌  | doremi: gt=do# pred=sol# ❌
    [ 971/1120]   E5 synth_lead  | midi: gt=76 pred=58 ❌  | spn: gt=E5 pred=C5 ❌  | doremi: gt=mi pred=sol# ❌
    [ 972/1120]   E5 synth_lead  | midi: gt=76 pred=68 ❌  | spn: gt=E5 pred=C5 ❌  | doremi: gt=mi pred=sol# ❌
    [ 973/1120]   E5 synth_lead  | midi: gt=76 pred=58 ❌  | spn: gt=E5 pred=C5 ❌  | doremi: gt=mi pred=sol# ❌
    [ 974/1120]   E5 synth_lead  | midi: gt=76 pred=68 ❌  | spn: gt=E5 pred=C5 ❌  | doremi: gt=mi pred=sol# ❌
    [ 975/1120]   G5 synth_lead  | midi: gt=79 pred=58 ❌  | spn: gt=G5 pred=C5 ❌  | doremi: gt=sol pred=sol# ❌
    [ 976/1120]   G5 synth_lead  | midi: gt=79 pred=68 ❌  | spn: gt=G5 pred=C5 ❌  | doremi: gt=sol pred=sol# ❌
    [ 977/1120]   G5 synth_lead  | midi: gt=79 pred=58 ❌  | spn: gt=G5 pred=C5 ❌  | doremi: gt=sol pred=sol# ❌
    [ 978/1120]   G5 synth_lead  | midi: gt=79 pred=68 ❌  | spn: gt=G5 pred=C5 ❌  | doremi: gt=sol pred=sol# ❌
    [ 979/1120]   E6 synth_lead  | midi: gt=88 pred=58 ❌  | spn: gt=E6 pred=C5 ❌  | doremi: gt=mi pred=sol# ❌
    [ 980/1120]   E6 synth_lead  | midi: gt=88 pred=69 ❌  | spn: gt=E6 pred=C5 ❌  | doremi: gt=mi pred=sol# ❌
    [ 981/1120]   E6 synth_lead  | midi: gt=88 pred=58 ❌  | spn: gt=E6 pred=C5 ❌  | doremi: gt=mi pred=sol# ❌
    [ 982/1120]   E6 synth_lead  | midi: gt=88 pred=69 ❌  | spn: gt=E6 pred=C5 ❌  | doremi: gt=mi pred=sol# ❌
    [ 983/1120]   E6 synth_lead  | midi: gt=88 pred=58 ❌  | spn: gt=E6 pred=C5 ❌  | doremi: gt=mi pred=sol# ❌
    [ 984/1120]   E6 synth_lead  | midi: gt=88 pred=69 ❌  | spn: gt=E6 pred=C5 ❌  | doremi: gt=mi pred=sol# ❌
    [ 985/1120]  F#1 synth_pad  | midi: gt=30 pred=58 ❌  | spn: gt=F#1 pred=C5 ❌  | doremi: gt=fa# pred=sol# ❌
    [ 986/1120]  F#1 synth_pad  | midi: gt=30 pred=36 ❌  | spn: gt=F#1 pred=C5 ❌  | doremi: gt=fa# pred=sol# ❌
    [ 987/1120]  F#1 synth_pad  | midi: gt=30 pred=58 ❌  | spn: gt=F#1 pred=C5 ❌  | doremi: gt=fa# pred=sol# ❌
    [ 988/1120]  F#1 synth_pad  | midi: gt=30 pred=36 ❌  | spn: gt=F#1 pred=C5 ❌  | doremi: gt=fa# pred=sol# ❌
    [ 989/1120]   C2 synth_pad  | midi: gt=36 pred=58 ❌  | spn: gt=C2 pred=C5 ❌  | doremi: gt=do pred=do# ❌
    [ 990/1120]   C2 synth_pad  | midi: gt=36 pred=63 ❌  | spn: gt=C2 pred=C5 ❌  | doremi: gt=do pred=sol# ❌
    [ 991/1120]   C2 synth_pad  | midi: gt=36 pred=58 ❌  | spn: gt=C2 pred=C5 ❌  | doremi: gt=do pred=do# ❌
    [ 992/1120]   C2 synth_pad  | midi: gt=36 pred=63 ❌  | spn: gt=C2 pred=C5 ❌  | doremi: gt=do pred=sol# ❌
    [ 993/1120]   C2 synth_pad  | midi: gt=36 pred=58 ❌  | spn: gt=C2 pred=C5 ❌  | doremi: gt=do pred=do# ❌
    [ 994/1120]   C2 synth_pad  | midi: gt=36 pred=63 ❌  | spn: gt=C2 pred=C5 ❌  | doremi: gt=do pred=sol# ❌
    [ 995/1120]   C2 synth_pad  | midi: gt=36 pred=58 ❌  | spn: gt=C2 pred=C5 ❌  | doremi: gt=do pred=do# ❌
    [ 996/1120]   C2 synth_pad  | midi: gt=36 pred=63 ❌  | spn: gt=C2 pred=C5 ❌  | doremi: gt=do pred=sol# ❌
    [ 997/1120]   C2 synth_pad  | midi: gt=36 pred=58 ❌  | spn: gt=C2 pred=C5 ❌  | doremi: gt=do pred=do# ❌
    [ 998/1120]   C2 synth_pad  | midi: gt=36 pred=63 ❌  | spn: gt=C2 pred=C5 ❌  | doremi: gt=do pred=sol# ❌
    [ 999/1120]   G2 synth_pad  | midi: gt=43 pred=58 ❌  | spn: gt=G2 pred=C5 ❌  | doremi: gt=sol pred=sol ✅
    [1000/1120]   G2 synth_pad  | midi: gt=43 pred=63 ❌  | spn: gt=G2 pred=G2 ✅  | doremi: gt=sol pred=sol# ❌
    [1001/1120]   G2 synth_pad  | midi: gt=43 pred=58 ❌  | spn: gt=G2 pred=C5 ❌  | doremi: gt=sol pred=sol ✅
    [1002/1120]   G2 synth_pad  | midi: gt=43 pred=63 ❌  | spn: gt=G2 pred=G2 ✅  | doremi: gt=sol pred=sol# ❌
    [1003/1120]   G2 synth_pad  | midi: gt=43 pred=58 ❌  | spn: gt=G2 pred=G2 ✅  | doremi: gt=sol pred=sol ✅
    [1004/1120]   G2 synth_pad  | midi: gt=43 pred=63 ❌  | spn: gt=G2 pred=G2 ✅  | doremi: gt=sol pred=sol# ❌
    [1005/1120]   C3 synth_pad  | midi: gt=48 pred=58 ❌  | spn: gt=C3 pred=C5 ❌  | doremi: gt=do pred=do# ❌
    [1006/1120]   C3 synth_pad  | midi: gt=48 pred=48 ✅  | spn: gt=C3 pred=C5 ❌  | doremi: gt=do pred=sol# ❌
    [1007/1120]   C3 synth_pad  | midi: gt=48 pred=58 ❌  | spn: gt=C3 pred=C5 ❌  | doremi: gt=do pred=do# ❌
    [1008/1120]   C3 synth_pad  | midi: gt=48 pred=48 ✅  | spn: gt=C3 pred=C5 ❌  | doremi: gt=do pred=sol# ❌
    [1009/1120]   C3 synth_pad  | midi: gt=48 pred=58 ❌  | spn: gt=C3 pred=C5 ❌  | doremi: gt=do pred=do# ❌
    [1010/1120]   C3 synth_pad  | midi: gt=48 pred=48 ✅  | spn: gt=C3 pred=C5 ❌  | doremi: gt=do pred=sol# ❌
    [1011/1120]  F#3 synth_pad  | midi: gt=54 pred=58 ❌  | spn: gt=F#3 pred=F#5 ❌  | doremi: gt=fa# pred=la# ❌
    [1012/1120]  F#3 synth_pad  | midi: gt=54 pred=65 ❌  | spn: gt=F#3 pred=C5 ❌  | doremi: gt=fa# pred=sol# ❌
    [1013/1120]  F#3 synth_pad  | midi: gt=54 pred=54 ✅  | spn: gt=F#3 pred=F#5 ❌  | doremi: gt=fa# pred=la# ❌
    [1014/1120]  F#3 synth_pad  | midi: gt=54 pred=65 ❌  | spn: gt=F#3 pred=C5 ❌  | doremi: gt=fa# pred=sol# ❌
    [1015/1120]  F#3 synth_pad  | midi: gt=54 pred=58 ❌  | spn: gt=F#3 pred=F5 ❌  | doremi: gt=fa# pred=la# ❌
    [1016/1120]  F#3 synth_pad  | midi: gt=54 pred=65 ❌  | spn: gt=F#3 pred=C5 ❌  | doremi: gt=fa# pred=sol# ❌
    [1017/1120]  F#3 synth_pad  | midi: gt=54 pred=54 ✅  | spn: gt=F#3 pred=F#5 ❌  | doremi: gt=fa# pred=la# ❌
    [1018/1120]  F#3 synth_pad  | midi: gt=54 pred=65 ❌  | spn: gt=F#3 pred=C5 ❌  | doremi: gt=fa# pred=sol# ❌
    [1019/1120]  F#3 synth_pad  | midi: gt=54 pred=58 ❌  | spn: gt=F#3 pred=F#5 ❌  | doremi: gt=fa# pred=la# ❌
    [1020/1120]  F#3 synth_pad  | midi: gt=54 pred=65 ❌  | spn: gt=F#3 pred=C5 ❌  | doremi: gt=fa# pred=sol# ❌
    [1021/1120]  F#3 synth_pad  | midi: gt=54 pred=54 ✅  | spn: gt=F#3 pred=F#5 ❌  | doremi: gt=fa# pred=la# ❌
    [1022/1120]  F#3 synth_pad  | midi: gt=54 pred=65 ❌  | spn: gt=F#3 pred=C5 ❌  | doremi: gt=fa# pred=sol# ❌
    [1023/1120]  A#3 synth_pad  | midi: gt=58 pred=58 ✅  | spn: gt=A#3 pred=A#2 ❌  | doremi: gt=la# pred=la# ✅
    [1024/1120]  A#3 synth_pad  | midi: gt=58 pred=69 ❌  | spn: gt=A#3 pred=C5 ❌  | doremi: gt=la# pred=sol# ❌
    [1025/1120]  A#3 synth_pad  | midi: gt=58 pred=58 ✅  | spn: gt=A#3 pred=C5 ❌  | doremi: gt=la# pred=la# ✅
    [1026/1120]  A#3 synth_pad  | midi: gt=58 pred=69 ❌  | spn: gt=A#3 pred=C5 ❌  | doremi: gt=la# pred=sol# ❌
    [1027/1120]   C4 synth_pad  | midi: gt=60 pred=58 ❌  | spn: gt=C4 pred=C5 ❌  | doremi: gt=do pred=do# ❌
    [1028/1120]   C4 synth_pad  | midi: gt=60 pred=64 ❌  | spn: gt=C4 pred=C5 ❌  | doremi: gt=do pred=sol# ❌
    [1029/1120]   C4 synth_pad  | midi: gt=60 pred=58 ❌  | spn: gt=C4 pred=C5 ❌  | doremi: gt=do pred=do# ❌
    [1030/1120]   C4 synth_pad  | midi: gt=60 pred=64 ❌  | spn: gt=C4 pred=C5 ❌  | doremi: gt=do pred=sol# ❌
    [1031/1120]   C4 synth_pad  | midi: gt=60 pred=58 ❌  | spn: gt=C4 pred=C5 ❌  | doremi: gt=do pred=do# ❌
    [1032/1120]   C4 synth_pad  | midi: gt=60 pred=64 ❌  | spn: gt=C4 pred=C5 ❌  | doremi: gt=do pred=sol# ❌
    [1033/1120]   E4 synth_pad  | midi: gt=64 pred=58 ❌  | spn: gt=E4 pred=C5 ❌  | doremi: gt=mi pred=sol# ❌
    [1034/1120]   E4 synth_pad  | midi: gt=64 pred=65 ❌  | spn: gt=E4 pred=A5 ❌  | doremi: gt=mi pred=sol# ❌
    [1035/1120]   G4 synth_pad  | midi: gt=67 pred=58 ❌  | spn: gt=G4 pred=C5 ❌  | doremi: gt=sol pred=sol ✅
    [1036/1120]   G4 synth_pad  | midi: gt=67 pred=69 ❌  | spn: gt=G4 pred=C5 ❌  | doremi: gt=sol pred=sol# ❌
    [1037/1120]   G4 synth_pad  | midi: gt=67 pred=58 ❌  | spn: gt=G4 pred=C5 ❌  | doremi: gt=sol pred=sol ✅
    [1038/1120]   G4 synth_pad  | midi: gt=67 pred=69 ❌  | spn: gt=G4 pred=C5 ❌  | doremi: gt=sol pred=sol# ❌
    [1039/1120]   G4 synth_pad  | midi: gt=67 pred=58 ❌  | spn: gt=G4 pred=C5 ❌  | doremi: gt=sol pred=sol ✅
    [1040/1120]   G4 synth_pad  | midi: gt=67 pred=69 ❌  | spn: gt=G4 pred=C5 ❌  | doremi: gt=sol pred=sol# ❌
    [1041/1120]   G4 synth_pad  | midi: gt=67 pred=58 ❌  | spn: gt=G4 pred=C5 ❌  | doremi: gt=sol pred=sol ✅
    [1042/1120]   G4 synth_pad  | midi: gt=67 pred=69 ❌  | spn: gt=G4 pred=C5 ❌  | doremi: gt=sol pred=sol# ❌
    [1043/1120]   A4 synth_pad  | midi: gt=69 pred=58 ❌  | spn: gt=A4 pred=C5 ❌  | doremi: gt=la pred=sol ❌
    [1044/1120]   A4 synth_pad  | midi: gt=69 pred=69 ✅  | spn: gt=A4 pred=A5 ❌  | doremi: gt=la pred=sol# ❌
    [1045/1120]   A4 synth_pad  | midi: gt=69 pred=58 ❌  | spn: gt=A4 pred=C5 ❌  | doremi: gt=la pred=sol# ❌
    [1046/1120]   A4 synth_pad  | midi: gt=69 pred=69 ✅  | spn: gt=A4 pred=A5 ❌  | doremi: gt=la pred=sol# ❌
    [1047/1120]   A4 synth_pad  | midi: gt=69 pred=58 ❌  | spn: gt=A4 pred=C5 ❌  | doremi: gt=la pred=sol# ❌
    [1048/1120]   A4 synth_pad  | midi: gt=69 pred=69 ✅  | spn: gt=A4 pred=A5 ❌  | doremi: gt=la pred=sol# ❌
    [1049/1120]  C#5 synth_pad  | midi: gt=73 pred=58 ❌  | spn: gt=C#5 pred=C5 ❌  | doremi: gt=do# pred=sol# ❌
    [1050/1120]  C#5 synth_pad  | midi: gt=73 pred=69 ❌  | spn: gt=C#5 pred=C6 ❌  | doremi: gt=do# pred=sol# ❌
    [1051/1120]   E5 synth_pad  | midi: gt=76 pred=58 ❌  | spn: gt=E5 pred=C5 ❌  | doremi: gt=mi pred=sol# ❌
    [1052/1120]   E5 synth_pad  | midi: gt=76 pred=69 ❌  | spn: gt=E5 pred=A5 ❌  | doremi: gt=mi pred=sol# ❌
    [1053/1120]   G5 synth_pad  | midi: gt=79 pred=58 ❌  | spn: gt=G5 pred=C5 ❌  | doremi: gt=sol pred=sol ✅
    [1054/1120]   G5 synth_pad  | midi: gt=79 pred=69 ❌  | spn: gt=G5 pred=G5 ✅  | doremi: gt=sol pred=sol# ❌
    [1055/1120]   G5 synth_pad  | midi: gt=79 pred=58 ❌  | spn: gt=G5 pred=C5 ❌  | doremi: gt=sol pred=sol ✅
    [1056/1120]   G5 synth_pad  | midi: gt=79 pred=69 ❌  | spn: gt=G5 pred=G5 ✅  | doremi: gt=sol pred=sol# ❌
    [1057/1120]   G5 synth_pad  | midi: gt=79 pred=58 ❌  | spn: gt=G5 pred=C5 ❌  | doremi: gt=sol pred=sol ✅
    [1058/1120]   G5 synth_pad  | midi: gt=79 pred=69 ❌  | spn: gt=G5 pred=G5 ✅  | doremi: gt=sol pred=sol# ❌
    [1059/1120]  F#1 voice  | midi: gt=30 pred=58 ❌  | spn: gt=F#1 pred=C5 ❌  | doremi: gt=fa# pred=sol# ❌
    [1060/1120]  F#1 voice  | midi: gt=30 pred=36 ❌  | spn: gt=F#1 pred=C2 ❌  | doremi: gt=fa# pred=sol# ❌
    [1061/1120]  F#1 voice  | midi: gt=30 pred=58 ❌  | spn: gt=F#1 pred=C5 ❌  | doremi: gt=fa# pred=sol# ❌
    [1062/1120]  F#1 voice  | midi: gt=30 pred=36 ❌  | spn: gt=F#1 pred=C2 ❌  | doremi: gt=fa# pred=sol# ❌
    [1063/1120]   C2 voice  | midi: gt=36 pred=58 ❌  | spn: gt=C2 pred=C5 ❌  | doremi: gt=do pred=sol# ❌
    [1064/1120]   C2 voice  | midi: gt=36 pred=48 ❌  | spn: gt=C2 pred=C2 ✅  | doremi: gt=do pred=sol# ❌
    [1065/1120]   C2 voice  | midi: gt=36 pred=58 ❌  | spn: gt=C2 pred=C5 ❌  | doremi: gt=do pred=sol# ❌
    [1066/1120]   C2 voice  | midi: gt=36 pred=48 ❌  | spn: gt=C2 pred=C2 ✅  | doremi: gt=do pred=sol# ❌
    [1067/1120]   G2 voice  | midi: gt=43 pred=58 ❌  | spn: gt=G2 pred=C5 ❌  | doremi: gt=sol pred=sol ✅
    [1068/1120]   G2 voice  | midi: gt=43 pred=63 ❌  | spn: gt=G2 pred=G2 ✅  | doremi: gt=sol pred=sol# ❌
    [1069/1120]   G2 voice  | midi: gt=43 pred=58 ❌  | spn: gt=G2 pred=C5 ❌  | doremi: gt=sol pred=sol ✅
    [1070/1120]   G2 voice  | midi: gt=43 pred=63 ❌  | spn: gt=G2 pred=G2 ✅  | doremi: gt=sol pred=sol# ❌
    [1071/1120]   G2 voice  | midi: gt=43 pred=58 ❌  | spn: gt=G2 pred=C5 ❌  | doremi: gt=sol pred=sol ✅
    [1072/1120]   G2 voice  | midi: gt=43 pred=63 ❌  | spn: gt=G2 pred=G2 ✅  | doremi: gt=sol pred=sol# ❌
    [1073/1120]  F#3 voice  | midi: gt=54 pred=58 ❌  | spn: gt=F#3 pred=C5 ❌  | doremi: gt=fa# pred=sol# ❌
    [1074/1120]  F#3 voice  | midi: gt=54 pred=65 ❌  | spn: gt=F#3 pred=C5 ❌  | doremi: gt=fa# pred=sol ❌
    [1075/1120]  F#3 voice  | midi: gt=54 pred=58 ❌  | spn: gt=F#3 pred=C5 ❌  | doremi: gt=fa# pred=la# ❌
    [1076/1120]  F#3 voice  | midi: gt=54 pred=65 ❌  | spn: gt=F#3 pred=C5 ❌  | doremi: gt=fa# pred=sol ❌
    [1077/1120]  F#3 voice  | midi: gt=54 pred=58 ❌  | spn: gt=F#3 pred=F5 ❌  | doremi: gt=fa# pred=sol# ❌
    [1078/1120]  F#3 voice  | midi: gt=54 pred=65 ❌  | spn: gt=F#3 pred=C5 ❌  | doremi: gt=fa# pred=sol ❌
    [1079/1120]  F#3 voice  | midi: gt=54 pred=58 ❌  | spn: gt=F#3 pred=F5 ❌  | doremi: gt=fa# pred=la# ❌
    [1080/1120]  F#3 voice  | midi: gt=54 pred=65 ❌  | spn: gt=F#3 pred=C5 ❌  | doremi: gt=fa# pred=sol ❌
    [1081/1120]  F#3 voice  | midi: gt=54 pred=58 ❌  | spn: gt=F#3 pred=C5 ❌  | doremi: gt=fa# pred=sol# ❌
    [1082/1120]  F#3 voice  | midi: gt=54 pred=65 ❌  | spn: gt=F#3 pred=C5 ❌  | doremi: gt=fa# pred=sol ❌
    [1083/1120]  A#3 voice  | midi: gt=58 pred=58 ✅  | spn: gt=A#3 pred=C5 ❌  | doremi: gt=la# pred=sol# ❌
    [1084/1120]  A#3 voice  | midi: gt=58 pred=58 ✅  | spn: gt=A#3 pred=None ❌  | doremi: gt=la# pred=re# ❌
    [1085/1120]  A#3 voice  | midi: gt=58 pred=53 ❌  | spn: gt=A#3 pred=C5 ❌  | doremi: gt=la# pred=sol# ❌
    [1086/1120]  A#3 voice  | midi: gt=58 pred=58 ✅  | spn: gt=A#3 pred=None ❌  | doremi: gt=la# pred=re# ❌
    [1087/1120]  A#3 voice  | midi: gt=58 pred=58 ✅  | spn: gt=A#3 pred=C5 ❌  | doremi: gt=la# pred=sol# ❌
    [1088/1120]  A#3 voice  | midi: gt=58 pred=58 ✅  | spn: gt=A#3 pred=None ❌  | doremi: gt=la# pred=re# ❌
    [1089/1120]   C4 voice  | midi: gt=60 pred=58 ❌  | spn: gt=C4 pred=C5 ❌  | doremi: gt=do pred=sol ❌
    [1090/1120]   C4 voice  | midi: gt=60 pred=63 ❌  | spn: gt=C4 pred=C5 ❌  | doremi: gt=do pred=sol ❌
    [1091/1120]   C4 voice  | midi: gt=60 pred=58 ❌  | spn: gt=C4 pred=C5 ❌  | doremi: gt=do pred=do# ❌
    [1092/1120]   C4 voice  | midi: gt=60 pred=63 ❌  | spn: gt=C4 pred=C5 ❌  | doremi: gt=do pred=sol ❌
    [1093/1120]   E4 voice  | midi: gt=64 pred=58 ❌  | spn: gt=E4 pred=C5 ❌  | doremi: gt=mi pred=sol# ❌
    [1094/1120]   E4 voice  | midi: gt=64 pred=64 ✅  | spn: gt=E4 pred=E5 ❌  | doremi: gt=mi pred=re# ❌
    [1095/1120]   E4 voice  | midi: gt=64 pred=58 ❌  | spn: gt=E4 pred=C5 ❌  | doremi: gt=mi pred=sol# ❌
    [1096/1120]   E4 voice  | midi: gt=64 pred=64 ✅  | spn: gt=E4 pred=E5 ❌  | doremi: gt=mi pred=re# ❌
    [1097/1120]   G4 voice  | midi: gt=67 pred=58 ❌  | spn: gt=G4 pred=C5 ❌  | doremi: gt=sol pred=sol ✅
    [1098/1120]   G4 voice  | midi: gt=67 pred=69 ❌  | spn: gt=G4 pred=C5 ❌  | doremi: gt=sol pred=sol# ❌
    [1099/1120]   G4 voice  | midi: gt=67 pred=58 ❌  | spn: gt=G4 pred=C5 ❌  | doremi: gt=sol pred=sol ✅
    [1100/1120]   G4 voice  | midi: gt=67 pred=69 ❌  | spn: gt=G4 pred=C5 ❌  | doremi: gt=sol pred=sol# ❌
    [1101/1120]   A4 voice  | midi: gt=69 pred=58 ❌  | spn: gt=A4 pred=C5 ❌  | doremi: gt=la pred=sol ❌
    [1102/1120]   A4 voice  | midi: gt=69 pred=69 ✅  | spn: gt=A4 pred=C5 ❌  | doremi: gt=la pred=sol# ❌
    [1103/1120]   A4 voice  | midi: gt=69 pred=58 ❌  | spn: gt=A4 pred=C5 ❌  | doremi: gt=la pred=sol ❌
    [1104/1120]   A4 voice  | midi: gt=69 pred=69 ✅  | spn: gt=A4 pred=C5 ❌  | doremi: gt=la pred=sol# ❌
    [1105/1120]  C#5 voice  | midi: gt=73 pred=58 ❌  | spn: gt=C#5 pred=C5 ❌  | doremi: gt=do# pred=sol# ❌
    [1106/1120]  C#5 voice  | midi: gt=73 pred=68 ❌  | spn: gt=C#5 pred=C5 ❌  | doremi: gt=do# pred=sol ❌
    [1107/1120]  C#5 voice  | midi: gt=73 pred=58 ❌  | spn: gt=C#5 pred=C5 ❌  | doremi: gt=do# pred=sol# ❌
    [1108/1120]  C#5 voice  | midi: gt=73 pred=68 ❌  | spn: gt=C#5 pred=C5 ❌  | doremi: gt=do# pred=sol ❌
    [1109/1120]  C#5 voice  | midi: gt=73 pred=58 ❌  | spn: gt=C#5 pred=C5 ❌  | doremi: gt=do# pred=sol# ❌
    [1110/1120]  C#5 voice  | midi: gt=73 pred=68 ❌  | spn: gt=C#5 pred=C5 ❌  | doremi: gt=do# pred=sol ❌
    [1111/1120]   E5 voice  | midi: gt=76 pred=58 ❌  | spn: gt=E5 pred=C5 ❌  | doremi: gt=mi pred=sol# ❌
    [1112/1120]   E5 voice  | midi: gt=76 pred=64 ❌  | spn: gt=E5 pred=E5 ✅  | doremi: gt=mi pred=re# ❌
    [1113/1120]   G5 voice  | midi: gt=79 pred=58 ❌  | spn: gt=G5 pred=C5 ❌  | doremi: gt=sol pred=sol# ❌
    [1114/1120]   G5 voice  | midi: gt=79 pred=67 ❌  | spn: gt=G5 pred=C5 ❌  | doremi: gt=sol pred=re# ❌
    [1115/1120]   G5 voice  | midi: gt=79 pred=58 ❌  | spn: gt=G5 pred=C5 ❌  | doremi: gt=sol pred=sol# ❌
    [1116/1120]   G5 voice  | midi: gt=79 pred=67 ❌  | spn: gt=G5 pred=C5 ❌  | doremi: gt=sol pred=re# ❌
    [1117/1120]   E6 voice  | midi: gt=88 pred=58 ❌  | spn: gt=E6 pred=C5 ❌  | doremi: gt=mi pred=sol# ❌
    [1118/1120]   E6 voice  | midi: gt=88 pred=86 ❌  | spn: gt=E6 pred=E5 ❌  | doremi: gt=mi pred=la ❌
    [1119/1120]   E6 voice  | midi: gt=88 pred=58 ❌  | spn: gt=E6 pred=C5 ❌  | doremi: gt=mi pred=sol# ❌
    [1120/1120]   E6 voice  | midi: gt=88 pred=86 ❌  | spn: gt=E6 pred=E5 ❌  | doremi: gt=mi pred=la ❌

============================================================
SUMMARY — audio_flamingo_next_instruct
  Sampling     : 560 of 4256 (stratified by '(midi, pos_ms)', seed=42)
  Stimuli (total)     : 1120
  Stimuli (condition) : 560
  Stimuli (baseline)  : 560

    Metric  Condition   Baseline
  ────────────────────────────────
      MIDI       8.6%      46.4%
       SPN       1.6%      13.2%
    DOREMI      16.8%       6.8%
        HZ       0.2%       0.0%
       ANY      23.8%      53.4%

  Headline 'accuracy' is computed on the condition subset only (see CatBSpec.primary_filter).

  *** WARNING: working tree has uncommitted changes — results will NOT be exactly reproducible from git_commit alone ***


Results saved → results/run_20260505_071452/pitchbench_b1_pitch_in_silence/run_001_20260505_073238/results_audio_flamingo_next_instruct.*

############################################################
# pitchbench_b2_onset_offset_single
############################################################

Experiment : pitchbench_b2_onset_offset_single
Models     : audio_flamingo_next_instruct
Stimuli    : 560
  Sampling     : 560 of 4256 (stratified by '(midi, pos_ms)', seed=42)

  Model : Audio Flamingo Next – instruct
    [dispatch] 560 items, max_workers=1
    [   1/560]  F#1 triangle  gt=n_gt=2  pred=n_pred=2  ❌
    [   2/560]  F#1 sine  gt=n_gt=2  pred=n_pred=2  ❌
    [   3/560]  F#1 trumpet  gt=n_gt=2  pred=n_pred=2  ❌
    [   4/560]  F#1 flute  gt=n_gt=2  pred=n_pred=2  ❌
    [   5/560]  F#1 flute  gt=n_gt=2  pred=n_pred=2  ❌
    [   6/560]  F#1 piano  gt=n_gt=2  pred=n_pred=2  ❌
    [   7/560]  F#1 triangle  gt=n_gt=2  pred=n_pred=2  ❌
    [   8/560]  F#1 synth_pad  gt=n_gt=2  pred=n_pred=2  ❌
    [   9/560]  F#1 square  gt=n_gt=2  pred=n_pred=2  ❌
    [  10/560]  F#1 voice  gt=n_gt=2  pred=n_pred=2  ❌
    [  11/560]  F#1 cello  gt=n_gt=2  pred=n_pred=2  ❌
    [  12/560]  F#1 sawtooth  gt=n_gt=2  pred=n_pred=2  ❌
    [  13/560]  F#1 sine  gt=n_gt=2  pred=n_pred=2  ❌
    [  14/560]  F#1 square  gt=n_gt=2  pred=n_pred=2  ❌
    [  15/560]  F#1 guitar  gt=n_gt=2  pred=n_pred=2  ❌
    [  16/560]  F#1 flute  gt=n_gt=2  pred=n_pred=2  ❌
    [  17/560]  F#1 synth_lead  gt=n_gt=2  pred=n_pred=2  ❌
    [  18/560]  F#1 sine  gt=n_gt=2  pred=n_pred=2  ❌
    [  19/560]  F#1 synth_pad  gt=n_gt=2  pred=n_pred=2  ❌
    [  20/560]  F#1 guitar  gt=n_gt=2  pred=n_pred=2  ❌
    [  21/560]  F#1 synth_pad  gt=n_gt=2  pred=n_pred=2  ❌
    [  22/560]  F#1 cello  gt=n_gt=2  pred=n_pred=2  ❌
    [  23/560]  F#1 flute  gt=n_gt=2  pred=n_pred=2  ❌
    [  24/560]  F#1 organ  gt=n_gt=2  pred=n_pred=2  ❌
    [  25/560]  F#1 voice  gt=n_gt=2  pred=n_pred=2  ❌
    [  26/560]  F#1 trumpet  gt=n_gt=2  pred=n_pred=2  ❌
    [  27/560]  F#1 sine  gt=n_gt=2  pred=n_pred=2  ❌
    [  28/560]  F#1 electric_keyboard  gt=n_gt=2  pred=n_pred=2  ❌
    [  29/560]  F#1 cello  gt=n_gt=2  pred=n_pred=2  ❌
    [  30/560]  F#1 clarinet  gt=n_gt=2  pred=n_pred=2  ❌
    [  31/560]  F#1 trumpet  gt=n_gt=2  pred=n_pred=2  ❌
    [  32/560]  F#1 piano  gt=n_gt=2  pred=n_pred=2  ❌
    [  33/560]  F#1 guitar  gt=n_gt=2  pred=n_pred=2  ❌
    [  34/560]  F#1 clarinet  gt=n_gt=2  pred=n_pred=2  ❌
    [  35/560]  F#1 triangle  gt=n_gt=2  pred=n_pred=2  ❌
    [  36/560]  F#1 square  gt=n_gt=2  pred=n_pred=2  ❌
    [  37/560]  F#1 violin  gt=n_gt=2  pred=n_pred=2  ❌
    [  38/560]  F#1 triangle  gt=n_gt=2  pred=n_pred=2  ❌
    [  39/560]  F#1 oboe  gt=n_gt=2  pred=n_pred=2  ❌
    [  40/560]  F#1 trumpet  gt=n_gt=2  pred=n_pred=2  ❌
    [  41/560]   C2 sawtooth  gt=n_gt=2  pred=n_pred=2  ❌
    [  42/560]   C2 organ  gt=n_gt=2  pred=n_pred=2  ❌
    [  43/560]   C2 synth_pad  gt=n_gt=2  pred=n_pred=2  ❌
    [  44/560]   C2 triangle  gt=n_gt=2  pred=n_pred=2  ❌
    [  45/560]   C2 violin  gt=n_gt=2  pred=n_pred=2  ❌
    [  46/560]   C2 square  gt=n_gt=2  pred=n_pred=2  ❌
    [  47/560]   C2 synth_pad  gt=n_gt=2  pred=n_pred=2  ❌
    [  48/560]   C2 trombone  gt=n_gt=2  pred=n_pred=2  ❌
    [  49/560]   C2 oboe  gt=n_gt=2  pred=n_pred=2  ❌
    [  50/560]   C2 voice  gt=n_gt=2  pred=n_pred=2  ❌
    [  51/560]   C2 guitar  gt=n_gt=2  pred=n_pred=2  ❌
    [  52/560]   C2 square  gt=n_gt=2  pred=n_pred=2  ❌
    [  53/560]   C2 sawtooth  gt=n_gt=2  pred=n_pred=2  ❌
    [  54/560]   C2 flute  gt=n_gt=2  pred=n_pred=2  ❌
    [  55/560]   C2 trombone  gt=n_gt=2  pred=n_pred=2  ❌
    [  56/560]   C2 square  gt=n_gt=2  pred=n_pred=2  ❌
    [  57/560]   C2 flute  gt=n_gt=2  pred=n_pred=2  ❌
    [  58/560]   C2 triangle  gt=n_gt=2  pred=n_pred=2  ❌
    [  59/560]   C2 violin  gt=n_gt=2  pred=n_pred=2  ❌
    [  60/560]   C2 trumpet  gt=n_gt=2  pred=n_pred=2  ❌
    [  61/560]   C2 organ  gt=n_gt=2  pred=n_pred=2  ❌
    [  62/560]   C2 oboe  gt=n_gt=2  pred=n_pred=2  ❌
    [  63/560]   C2 electric_keyboard  gt=n_gt=2  pred=n_pred=2  ❌
    [  64/560]   C2 oboe  gt=n_gt=2  pred=n_pred=2  ❌
    [  65/560]   C2 guitar  gt=n_gt=2  pred=n_pred=2  ❌
    [  66/560]   C2 trumpet  gt=n_gt=2  pred=n_pred=2  ❌
    [  67/560]   C2 square  gt=n_gt=2  pred=n_pred=2  ❌
    [  68/560]   C2 electric_keyboard  gt=n_gt=2  pred=n_pred=2  ❌
    [  69/560]   C2 synth_pad  gt=n_gt=2  pred=n_pred=2  ❌
    [  70/560]   C2 flute  gt=n_gt=2  pred=n_pred=2  ❌
    [  71/560]   C2 electric_keyboard  gt=n_gt=2  pred=n_pred=2  ❌
    [  72/560]   C2 organ  gt=n_gt=2  pred=n_pred=2  ❌
    [  73/560]   C2 violin  gt=n_gt=2  pred=n_pred=2  ❌
    [  74/560]   C2 trumpet  gt=n_gt=2  pred=n_pred=2  ❌
    [  75/560]   C2 synth_pad  gt=n_gt=2  pred=n_pred=2  ❌
    [  76/560]   C2 flute  gt=n_gt=2  pred=n_pred=2  ❌
    [  77/560]   C2 clarinet  gt=n_gt=2  pred=n_pred=2  ❌
    [  78/560]   C2 sawtooth  gt=n_gt=2  pred=n_pred=2  ❌
    [  79/560]   C2 sawtooth  gt=n_gt=2  pred=n_pred=2  ❌
    [  80/560]   C2 violin  gt=n_gt=2  pred=n_pred=2  ❌
    [  81/560]   G2 trumpet  gt=n_gt=2  pred=n_pred=2  ❌
    [  82/560]   G2 square  gt=n_gt=2  pred=n_pred=2  ❌
    [  83/560]   G2 guitar  gt=n_gt=2  pred=n_pred=2  ❌
    [  84/560]   G2 voice  gt=n_gt=2  pred=n_pred=2  ❌
    [  85/560]   G2 clarinet  gt=n_gt=2  pred=n_pred=2  ❌
    [  86/560]   G2 guitar  gt=n_gt=2  pred=n_pred=2  ❌
    [  87/560]   G2 bass  gt=n_gt=2  pred=n_pred=2  ❌
    [  88/560]   G2 violin  gt=n_gt=2  pred=n_pred=2  ❌
    [  89/560]   G2 organ  gt=n_gt=2  pred=n_pred=2  ❌
    [  90/560]   G2 piano  gt=n_gt=2  pred=n_pred=2  ❌
    [  91/560]   G2 trumpet  gt=n_gt=2  pred=n_pred=2  ❌
    [  92/560]   G2 piano  gt=n_gt=2  pred=n_pred=2  ❌
    [  93/560]   G2 flute  gt=n_gt=2  pred=n_pred=2  ❌
    [  94/560]   G2 synth_pad  gt=n_gt=2  pred=n_pred=2  ❌
    [  95/560]   G2 synth_pad  gt=n_gt=2  pred=n_pred=2  ❌
    [  96/560]   G2 trumpet  gt=n_gt=2  pred=n_pred=2  ❌
    [  97/560]   G2 voice  gt=n_gt=2  pred=n_pred=2  ❌
    [  98/560]   G2 cello  gt=n_gt=2  pred=n_pred=2  ❌
    [  99/560]   G2 violin  gt=n_gt=2  pred=n_pred=2  ❌
    [ 100/560]   G2 oboe  gt=n_gt=2  pred=n_pred=2  ❌
    [ 101/560]   G2 flute  gt=n_gt=2  pred=n_pred=2  ❌
    [ 102/560]   G2 piano  gt=n_gt=2  pred=n_pred=2  ❌
    [ 103/560]   G2 synth_lead  gt=n_gt=2  pred=n_pred=2  ❌
    [ 104/560]   G2 bass  gt=n_gt=2  pred=n_pred=2  ❌
    [ 105/560]   G2 square  gt=n_gt=2  pred=n_pred=2  ❌
    [ 106/560]   G2 sawtooth  gt=n_gt=2  pred=n_pred=2  ❌
    [ 107/560]   G2 triangle  gt=n_gt=2  pred=n_pred=2  ❌
    [ 108/560]   G2 piano  gt=n_gt=2  pred=n_pred=2  ❌
    [ 109/560]   G2 electric_keyboard  gt=n_gt=2  pred=n_pred=2  ❌
    [ 110/560]   G2 cello  gt=n_gt=2  pred=n_pred=2  ❌
    [ 111/560]   G2 square  gt=n_gt=2  pred=n_pred=2  ❌
    [ 112/560]   G2 violin  gt=n_gt=2  pred=n_pred=2  ❌
    [ 113/560]   G2 organ  gt=n_gt=2  pred=n_pred=2  ❌
    [ 114/560]   G2 synth_lead  gt=n_gt=2  pred=n_pred=2  ❌
    [ 115/560]   G2 trumpet  gt=n_gt=2  pred=n_pred=2  ❌
    [ 116/560]   G2 synth_pad  gt=n_gt=2  pred=n_pred=2  ❌
    [ 117/560]   G2 sine  gt=n_gt=2  pred=n_pred=2  ❌
    [ 118/560]   G2 triangle  gt=n_gt=2  pred=n_pred=2  ❌
    [ 119/560]   G2 synth_pad  gt=n_gt=2  pred=n_pred=2  ❌
    [ 120/560]   G2 trumpet  gt=n_gt=2  pred=n_pred=2  ❌
    [ 121/560]   C3 clarinet  gt=n_gt=2  pred=n_pred=2  ❌
    [ 122/560]   C3 triangle  gt=n_gt=2  pred=n_pred=2  ❌
    [ 123/560]   C3 trombone  gt=n_gt=2  pred=n_pred=2  ❌
    [ 124/560]   C3 cello  gt=n_gt=2  pred=n_pred=2  ❌
    [ 125/560]   C3 electric_keyboard  gt=n_gt=2  pred=n_pred=2  ❌
    [ 126/560]   C3 organ  gt=n_gt=2  pred=n_pred=2  ❌
    [ 127/560]   C3 sine  gt=n_gt=2  pred=n_pred=2  ❌
    [ 128/560]   C3 trumpet  gt=n_gt=2  pred=n_pred=2  ❌
    [ 129/560]   C3 synth_lead  gt=n_gt=2  pred=n_pred=2  ❌
    [ 130/560]   C3 electric_keyboard  gt=n_gt=2  pred=n_pred=2  ❌
    [ 131/560]   C3 synth_lead  gt=n_gt=2  pred=n_pred=2  ❌
    [ 132/560]   C3 triangle  gt=n_gt=2  pred=n_pred=2  ❌
    [ 133/560]   C3 trombone  gt=n_gt=2  pred=n_pred=2  ❌
    [ 134/560]   C3 guitar  gt=n_gt=2  pred=n_pred=2  ❌
    [ 135/560]   C3 piano  gt=n_gt=2  pred=n_pred=2  ❌
    [ 136/560]   C3 oboe  gt=n_gt=2  pred=n_pred=2  ❌
    [ 137/560]   C3 electric_keyboard  gt=n_gt=2  pred=n_pred=2  ❌
    [ 138/560]   C3 synth_pad  gt=n_gt=2  pred=n_pred=2  ❌
    [ 139/560]   C3 synth_lead  gt=n_gt=2  pred=n_pred=2  ❌
    [ 140/560]   C3 sine  gt=n_gt=2  pred=n_pred=2  ❌
    [ 141/560]   C3 clarinet  gt=n_gt=2  pred=n_pred=2  ❌
    [ 142/560]   C3 bass  gt=n_gt=2  pred=n_pred=2  ❌
    [ 143/560]   C3 sine  gt=n_gt=2  pred=n_pred=2  ❌
    [ 144/560]   C3 triangle  gt=n_gt=2  pred=n_pred=2  ❌
    [ 145/560]   C3 oboe  gt=n_gt=2  pred=n_pred=2  ❌
    [ 146/560]   C3 trombone  gt=n_gt=2  pred=n_pred=2  ❌
    [ 147/560]   C3 flute  gt=n_gt=2  pred=n_pred=2  ❌
    [ 148/560]   C3 sawtooth  gt=n_gt=2  pred=n_pred=2  ❌
    [ 149/560]   C3 voice  gt=n_gt=2  pred=n_pred=2  ❌
    [ 150/560]   C3 square  gt=n_gt=2  pred=n_pred=2  ❌
    [ 151/560]   C3 square  gt=n_gt=2  pred=n_pred=2  ❌
    [ 152/560]   C3 bass  gt=n_gt=2  pred=n_pred=2  ❌
    [ 153/560]   C3 square  gt=n_gt=2  pred=n_pred=2  ❌
    [ 154/560]   C3 synth_pad  gt=n_gt=2  pred=n_pred=2  ❌
    [ 155/560]   C3 piano  gt=n_gt=2  pred=n_pred=2  ❌
    [ 156/560]   C3 piano  gt=n_gt=2  pred=n_pred=2  ❌
    [ 157/560]   C3 bass  gt=n_gt=2  pred=n_pred=2  ❌
    [ 158/560]   C3 synth_pad  gt=n_gt=2  pred=n_pred=2  ❌
    [ 159/560]   C3 electric_keyboard  gt=n_gt=2  pred=n_pred=2  ❌
    [ 160/560]   C3 trumpet  gt=n_gt=2  pred=n_pred=2  ❌
    [ 161/560]  F#3 synth_lead  gt=n_gt=2  pred=n_pred=2  ❌
    [ 162/560]  F#3 cello  gt=n_gt=2  pred=n_pred=2  ❌
    [ 163/560]  F#3 guitar  gt=n_gt=2  pred=n_pred=2  ❌
    [ 164/560]  F#3 synth_pad  gt=n_gt=2  pred=n_pred=2  ❌
    [ 165/560]  F#3 guitar  gt=n_gt=2  pred=n_pred=2  ❌
    [ 166/560]  F#3 trombone  gt=n_gt=2  pred=n_pred=2  ❌
    [ 167/560]  F#3 violin  gt=n_gt=2  pred=n_pred=2  ❌
    [ 168/560]  F#3 oboe  gt=n_gt=2  pred=n_pred=2  ❌
    [ 169/560]  F#3 organ  gt=n_gt=2  pred=n_pred=2  ❌
    [ 170/560]  F#3 synth_lead  gt=n_gt=2  pred=n_pred=2  ❌
    [ 171/560]  F#3 organ  gt=n_gt=2  pred=n_pred=2  ❌
    [ 172/560]  F#3 triangle  gt=n_gt=2  pred=n_pred=2  ❌
    [ 173/560]  F#3 flute  gt=n_gt=2  pred=n_pred=2  ❌
    [ 174/560]  F#3 flute  gt=n_gt=2  pred=n_pred=2  ❌
    [ 175/560]  F#3 square  gt=n_gt=2  pred=n_pred=2  ❌
    [ 176/560]  F#3 clarinet  gt=n_gt=2  pred=n_pred=2  ❌
    [ 177/560]  F#3 sine  gt=n_gt=2  pred=n_pred=2  ❌
    [ 178/560]  F#3 voice  gt=n_gt=2  pred=n_pred=2  ❌
    [ 179/560]  F#3 synth_pad  gt=n_gt=2  pred=n_pred=2  ❌
    [ 180/560]  F#3 flute  gt=n_gt=2  pred=n_pred=2  ❌
    [ 181/560]  F#3 voice  gt=n_gt=2  pred=n_pred=2  ❌
    [ 182/560]  F#3 flute  gt=n_gt=2  pred=n_pred=2  ❌
    [ 183/560]  F#3 sine  gt=n_gt=2  pred=n_pred=2  ❌
    [ 184/560]  F#3 square  gt=n_gt=2  pred=n_pred=2  ❌
    [ 185/560]  F#3 sawtooth  gt=n_gt=2  pred=n_pred=2  ❌
    [ 186/560]  F#3 flute  gt=n_gt=2  pred=n_pred=2  ❌
    [ 187/560]  F#3 square  gt=n_gt=2  pred=n_pred=2  ❌
    [ 188/560]  F#3 sawtooth  gt=n_gt=2  pred=n_pred=2  ❌
    [ 189/560]  F#3 clarinet  gt=n_gt=2  pred=n_pred=2  ❌
    [ 190/560]  F#3 synth_lead  gt=n_gt=2  pred=n_pred=2  ❌
    [ 191/560]  F#3 flute  gt=n_gt=2  pred=n_pred=2  ❌
    [ 192/560]  F#3 trumpet  gt=n_gt=2  pred=n_pred=2  ❌
    [ 193/560]  F#3 bass  gt=n_gt=2  pred=n_pred=2  ❌
    [ 194/560]  F#3 guitar  gt=n_gt=2  pred=n_pred=2  ❌
    [ 195/560]  F#3 synth_pad  gt=n_gt=2  pred=n_pred=2  ❌
    [ 196/560]  F#3 piano  gt=n_gt=2  pred=n_pred=2  ❌
    [ 197/560]  F#3 voice  gt=n_gt=2  pred=n_pred=2  ❌
    [ 198/560]  F#3 bass  gt=n_gt=2  pred=n_pred=2  ❌
    [ 199/560]  F#3 flute  gt=n_gt=2  pred=n_pred=2  ❌
    [ 200/560]  F#3 cello  gt=n_gt=2  pred=n_pred=2  ❌
    [ 201/560]  A#3 guitar  gt=n_gt=2  pred=n_pred=2  ❌
    [ 202/560]  A#3 triangle  gt=n_gt=2  pred=n_pred=2  ❌
    [ 203/560]  A#3 cello  gt=n_gt=2  pred=n_pred=2  ❌
    [ 204/560]  A#3 oboe  gt=n_gt=2  pred=n_pred=2  ❌
    [ 205/560]  A#3 cello  gt=n_gt=2  pred=n_pred=2  ❌
    [ 206/560]  A#3 organ  gt=n_gt=2  pred=n_pred=2  ❌
    [ 207/560]  A#3 sawtooth  gt=n_gt=2  pred=n_pred=2  ❌
    [ 208/560]  A#3 triangle  gt=n_gt=2  pred=n_pred=2  ❌
    [ 209/560]  A#3 violin  gt=n_gt=2  pred=n_pred=2  ❌
    [ 210/560]  A#3 clarinet  gt=n_gt=2  pred=n_pred=2  ❌
    [ 211/560]  A#3 triangle  gt=n_gt=2  pred=n_pred=2  ❌
    [ 212/560]  A#3 flute  gt=n_gt=2  pred=n_pred=2  ❌
    [ 213/560]  A#3 guitar  gt=n_gt=2  pred=n_pred=2  ❌
    [ 214/560]  A#3 synth_pad  gt=n_gt=2  pred=n_pred=2  ❌
    [ 215/560]  A#3 organ  gt=n_gt=2  pred=n_pred=2  ❌
    [ 216/560]  A#3 piano  gt=n_gt=2  pred=n_pred=2  ❌
    [ 217/560]  A#3 cello  gt=n_gt=2  pred=n_pred=2  ❌
    [ 218/560]  A#3 electric_keyboard  gt=n_gt=2  pred=n_pred=2  ❌
    [ 219/560]  A#3 trumpet  gt=n_gt=2  pred=n_pred=2  ❌
    [ 220/560]  A#3 organ  gt=n_gt=2  pred=n_pred=2  ❌
    [ 221/560]  A#3 flute  gt=n_gt=2  pred=n_pred=2  ❌
    [ 222/560]  A#3 square  gt=n_gt=2  pred=n_pred=2  ❌
    [ 223/560]  A#3 organ  gt=n_gt=2  pred=n_pred=2  ❌
    [ 224/560]  A#3 synth_pad  gt=n_gt=2  pred=n_pred=2  ❌
    [ 225/560]  A#3 triangle  gt=n_gt=2  pred=n_pred=2  ❌
    [ 226/560]  A#3 sawtooth  gt=n_gt=2  pred=n_pred=2  ❌
    [ 227/560]  A#3 synth_pad  gt=n_gt=2  pred=n_pred=2  ❌
    [ 228/560]  A#3 sine  gt=n_gt=2  pred=n_pred=2  ❌
    [ 229/560]  A#3 square  gt=n_gt=2  pred=n_pred=2  ❌
    [ 230/560]  A#3 flute  gt=n_gt=2  pred=n_pred=2  ❌
    [ 231/560]  A#3 electric_keyboard  gt=n_gt=2  pred=n_pred=2  ❌
    [ 232/560]  A#3 cello  gt=n_gt=2  pred=n_pred=2  ❌
    [ 233/560]  A#3 bass  gt=n_gt=2  pred=n_pred=2  ❌
    [ 234/560]  A#3 bass  gt=n_gt=2  pred=n_pred=2  ❌
    [ 235/560]  A#3 guitar  gt=n_gt=2  pred=n_pred=2  ❌
    [ 236/560]  A#3 violin  gt=n_gt=2  pred=n_pred=2  ❌
    [ 237/560]  A#3 sawtooth  gt=n_gt=2  pred=n_pred=2  ❌
    [ 238/560]  A#3 electric_keyboard  gt=n_gt=2  pred=n_pred=2  ❌
    [ 239/560]  A#3 violin  gt=n_gt=2  pred=n_pred=2  ❌
    [ 240/560]  A#3 sine  gt=n_gt=2  pred=n_pred=2  ❌
    [ 241/560]   C4 violin  gt=n_gt=2  pred=n_pred=2  ❌
    [ 242/560]   C4 trumpet  gt=n_gt=2  pred=n_pred=2  ❌
    [ 243/560]   C4 organ  gt=n_gt=2  pred=n_pred=2  ❌
    [ 244/560]   C4 trombone  gt=n_gt=2  pred=n_pred=2  ❌
    [ 245/560]   C4 cello  gt=n_gt=2  pred=n_pred=2  ❌
    [ 246/560]   C4 synth_pad  gt=n_gt=2  pred=n_pred=2  ❌
    [ 247/560]   C4 bass  gt=n_gt=2  pred=n_pred=2  ❌
    [ 248/560]   C4 piano  gt=n_gt=2  pred=n_pred=2  ❌
    [ 249/560]   C4 guitar  gt=n_gt=2  pred=n_pred=2  ❌
    [ 250/560]   C4 trombone  gt=n_gt=2  pred=n_pred=2  ❌
    [ 251/560]   C4 guitar  gt=n_gt=2  pred=n_pred=2  ❌
    [ 252/560]   C4 sawtooth  gt=n_gt=2  pred=n_pred=2  ❌
    [ 253/560]   C4 voice  gt=n_gt=2  pred=n_pred=2  ❌
    [ 254/560]   C4 synth_pad  gt=n_gt=2  pred=n_pred=2  ❌
    [ 255/560]   C4 clarinet  gt=n_gt=2  pred=n_pred=2  ❌
    [ 256/560]   C4 sawtooth  gt=n_gt=2  pred=n_pred=2  ❌
    [ 257/560]   C4 voice  gt=n_gt=2  pred=n_pred=2  ❌
    [ 258/560]   C4 bass  gt=n_gt=2  pred=n_pred=2  ❌
    [ 259/560]   C4 synth_lead  gt=n_gt=2  pred=n_pred=2  ❌
    [ 260/560]   C4 synth_lead  gt=n_gt=2  pred=n_pred=2  ❌
    [ 261/560]   C4 electric_keyboard  gt=n_gt=2  pred=n_pred=2  ❌
    [ 262/560]   C4 sawtooth  gt=n_gt=2  pred=n_pred=2  ❌
    [ 263/560]   C4 synth_lead  gt=n_gt=2  pred=n_pred=2  ❌
    [ 264/560]   C4 square  gt=n_gt=2  pred=n_pred=2  ❌
    [ 265/560]   C4 electric_keyboard  gt=n_gt=2  pred=n_pred=2  ❌
    [ 266/560]   C4 square  gt=n_gt=2  pred=n_pred=2  ❌
    [ 267/560]   C4 flute  gt=n_gt=2  pred=n_pred=2  ❌
    [ 268/560]   C4 violin  gt=n_gt=2  pred=n_pred=2  ❌
    [ 269/560]   C4 triangle  gt=n_gt=2  pred=n_pred=2  ❌
    [ 270/560]   C4 voice  gt=n_gt=2  pred=n_pred=2  ❌
    [ 271/560]   C4 flute  gt=n_gt=2  pred=n_pred=2  ❌
    [ 272/560]   C4 voice  gt=n_gt=2  pred=n_pred=2  ❌
    [ 273/560]   C4 sawtooth  gt=n_gt=2  pred=n_pred=2  ❌
    [ 274/560]   C4 square  gt=n_gt=2  pred=n_pred=2  ❌
    [ 275/560]   C4 cello  gt=n_gt=2  pred=n_pred=2  ❌
    [ 276/560]   C4 voice  gt=n_gt=2  pred=n_pred=2  ❌
    [ 277/560]   C4 voice  gt=n_gt=2  pred=n_pred=2  ❌
    [ 278/560]   C4 synth_lead  gt=n_gt=2  pred=n_pred=2  ❌
    [ 279/560]   C4 clarinet  gt=n_gt=2  pred=n_pred=2  ❌
    [ 280/560]   C4 trumpet  gt=n_gt=2  pred=n_pred=2  ❌
    [ 281/560]   E4 guitar  gt=n_gt=2  pred=n_pred=2  ❌
    [ 282/560]   E4 clarinet  gt=n_gt=2  pred=n_pred=2  ❌
    [ 283/560]   E4 flute  gt=n_gt=2  pred=n_pred=2  ❌
    [ 284/560]   E4 trumpet  gt=n_gt=2  pred=n_pred=2  ❌
    [ 285/560]   E4 violin  gt=n_gt=2  pred=n_pred=2  ❌
    [ 286/560]   E4 piano  gt=n_gt=2  pred=n_pred=2  ❌
    [ 287/560]   E4 trombone  gt=n_gt=2  pred=n_pred=2  ❌
    [ 288/560]   E4 organ  gt=n_gt=2  pred=n_pred=2  ❌
    [ 289/560]   E4 clarinet  gt=n_gt=2  pred=n_pred=2  ❌
    [ 290/560]   E4 square  gt=n_gt=2  pred=n_pred=2  ❌
    [ 291/560]   E4 sine  gt=n_gt=2  pred=n_pred=2  ❌
    [ 292/560]   E4 organ  gt=n_gt=2  pred=n_pred=2  ❌
    [ 293/560]   E4 voice  gt=n_gt=2  pred=n_pred=2  ❌
    [ 294/560]   E4 triangle  gt=n_gt=2  pred=n_pred=2  ❌
    [ 295/560]   E4 square  gt=n_gt=2  pred=n_pred=2  ❌
    [ 296/560]   E4 synth_pad  gt=n_gt=2  pred=n_pred=2  ❌
    [ 297/560]   E4 guitar  gt=n_gt=2  pred=n_pred=2  ❌
    [ 298/560]   E4 synth_lead  gt=n_gt=2  pred=n_pred=2  ❌
    [ 299/560]   E4 trumpet  gt=n_gt=2  pred=n_pred=2  ❌
    [ 300/560]   E4 piano  gt=n_gt=2  pred=n_pred=2  ❌
    [ 301/560]   E4 oboe  gt=n_gt=2  pred=n_pred=2  ❌
    [ 302/560]   E4 square  gt=n_gt=2  pred=n_pred=2  ❌
    [ 303/560]   E4 flute  gt=n_gt=2  pred=n_pred=2  ❌
    [ 304/560]   E4 oboe  gt=n_gt=2  pred=n_pred=2  ❌
    [ 305/560]   E4 trombone  gt=n_gt=2  pred=n_pred=2  ❌
    [ 306/560]   E4 electric_keyboard  gt=n_gt=2  pred=n_pred=2  ❌
    [ 307/560]   E4 organ  gt=n_gt=2  pred=n_pred=2  ❌
    [ 308/560]   E4 synth_pad  gt=n_gt=2  pred=n_pred=2  ❌
    [ 309/560]   E4 trombone  gt=n_gt=2  pred=n_pred=2  ❌
    [ 310/560]   E4 synth_lead  gt=n_gt=2  pred=n_pred=2  ❌
    [ 311/560]   E4 sine  gt=n_gt=2  pred=n_pred=2  ❌
    [ 312/560]   E4 synth_pad  gt=n_gt=2  pred=n_pred=2  ❌
    [ 313/560]   E4 trombone  gt=n_gt=2  pred=n_pred=2  ❌
    [ 314/560]   E4 triangle  gt=n_gt=2  pred=n_pred=2  ❌
    [ 315/560]   E4 piano  gt=n_gt=2  pred=n_pred=2  ❌
    [ 316/560]   E4 trumpet  gt=n_gt=2  pred=n_pred=2  ❌
    [ 317/560]   E4 triangle  gt=n_gt=2  pred=n_pred=2  ❌
    [ 318/560]   E4 triangle  gt=n_gt=2  pred=n_pred=2  ❌
    [ 319/560]   E4 synth_pad  gt=n_gt=2  pred=n_pred=2  ❌
    [ 320/560]   E4 piano  gt=n_gt=2  pred=n_pred=2  ❌
    [ 321/560]   G4 trumpet  gt=n_gt=2  pred=n_pred=2  ❌
    [ 322/560]   G4 trombone  gt=n_gt=2  pred=n_pred=2  ❌
    [ 323/560]   G4 guitar  gt=n_gt=2  pred=n_pred=2  ❌
    [ 324/560]   G4 clarinet  gt=n_gt=2  pred=n_pred=2  ❌
    [ 325/560]   G4 trumpet  gt=n_gt=2  pred=n_pred=2  ❌
    [ 326/560]   G4 synth_lead  gt=n_gt=2  pred=n_pred=2  ❌
    [ 327/560]   G4 bass  gt=n_gt=2  pred=n_pred=2  ❌
    [ 328/560]   G4 trumpet  gt=n_gt=2  pred=n_pred=2  ❌
    [ 329/560]   G4 sawtooth  gt=n_gt=2  pred=n_pred=2  ❌
    [ 330/560]   G4 square  gt=n_gt=2  pred=n_pred=2  ❌
    [ 331/560]   G4 cello  gt=n_gt=2  pred=n_pred=2  ❌
    [ 332/560]   G4 trumpet  gt=n_gt=2  pred=n_pred=2  ❌
    [ 333/560]   G4 sawtooth  gt=n_gt=2  pred=n_pred=2  ❌
    [ 334/560]   G4 sine  gt=n_gt=2  pred=n_pred=2  ❌
    [ 335/560]   G4 clarinet  gt=n_gt=2  pred=n_pred=2  ❌
    [ 336/560]   G4 piano  gt=n_gt=2  pred=n_pred=2  ❌
    [ 337/560]   G4 trumpet  gt=n_gt=2  pred=n_pred=2  ❌
    [ 338/560]   G4 electric_keyboard  gt=n_gt=2  pred=n_pred=2  ❌
    [ 339/560]   G4 organ  gt=n_gt=2  pred=n_pred=2  ❌
    [ 340/560]   G4 synth_pad  gt=n_gt=2  pred=n_pred=2  ❌
    [ 341/560]   G4 cello  gt=n_gt=2  pred=n_pred=2  ❌
    [ 342/560]   G4 synth_pad  gt=n_gt=2  pred=n_pred=2  ❌
    [ 343/560]   G4 sine  gt=n_gt=2  pred=n_pred=2  ❌
    [ 344/560]   G4 triangle  gt=n_gt=2  pred=n_pred=2  ❌
    [ 345/560]   G4 square  gt=n_gt=2  pred=n_pred=2  ❌
    [ 346/560]   G4 piano  gt=n_gt=2  pred=n_pred=2  ❌
    [ 347/560]   G4 synth_pad  gt=n_gt=2  pred=n_pred=2  ❌
    [ 348/560]   G4 sawtooth  gt=n_gt=2  pred=n_pred=2  ❌
    [ 349/560]   G4 oboe  gt=n_gt=2  pred=n_pred=2  ❌
    [ 350/560]   G4 voice  gt=n_gt=2  pred=n_pred=2  ❌
    [ 351/560]   G4 synth_pad  gt=n_gt=2  pred=n_pred=2  ❌
    [ 352/560]   G4 piano  gt=n_gt=2  pred=n_pred=2  ❌
    [ 353/560]   G4 cello  gt=n_gt=2  pred=n_pred=2  ❌
    [ 354/560]   G4 piano  gt=n_gt=2  pred=n_pred=2  ❌
    [ 355/560]   G4 sawtooth  gt=n_gt=2  pred=n_pred=2  ❌
    [ 356/560]   G4 trombone  gt=n_gt=2  pred=n_pred=2  ❌
    [ 357/560]   G4 oboe  gt=n_gt=2  pred=n_pred=2  ❌
    [ 358/560]   G4 sawtooth  gt=n_gt=2  pred=n_pred=2  ❌
    [ 359/560]   G4 oboe  gt=n_gt=2  pred=n_pred=2  ❌
    [ 360/560]   G4 guitar  gt=n_gt=2  pred=n_pred=2  ❌
    [ 361/560]   A4 flute  gt=n_gt=2  pred=n_pred=2  ❌
    [ 362/560]   A4 triangle  gt=n_gt=2  pred=n_pred=2  ❌
    [ 363/560]   A4 oboe  gt=n_gt=2  pred=n_pred=2  ❌
    [ 364/560]   A4 synth_pad  gt=n_gt=2  pred=n_pred=2  ❌
    [ 365/560]   A4 cello  gt=n_gt=2  pred=n_pred=2  ❌
    [ 366/560]   A4 piano  gt=n_gt=2  pred=n_pred=2  ❌
    [ 367/560]   A4 flute  gt=n_gt=2  pred=n_pred=2  ❌
    [ 368/560]   A4 electric_keyboard  gt=n_gt=2  pred=n_pred=2  ❌
    [ 369/560]   A4 electric_keyboard  gt=n_gt=2  pred=n_pred=2  ❌
    [ 370/560]   A4 cello  gt=n_gt=2  pred=n_pred=2  ❌
    [ 371/560]   A4 sine  gt=n_gt=2  pred=n_pred=2  ❌
    [ 372/560]   A4 electric_keyboard  gt=n_gt=2  pred=n_pred=2  ❌
    [ 373/560]   A4 clarinet  gt=n_gt=2  pred=n_pred=2  ❌
    [ 374/560]   A4 cello  gt=n_gt=2  pred=n_pred=2  ❌
    [ 375/560]   A4 flute  gt=n_gt=2  pred=n_pred=2  ❌
    [ 376/560]   A4 trumpet  gt=n_gt=2  pred=n_pred=2  ❌
    [ 377/560]   A4 electric_keyboard  gt=n_gt=2  pred=n_pred=2  ❌
    [ 378/560]   A4 triangle  gt=n_gt=2  pred=n_pred=2  ❌
    [ 379/560]   A4 violin  gt=n_gt=2  pred=n_pred=2  ❌
    [ 380/560]   A4 sawtooth  gt=n_gt=2  pred=n_pred=2  ❌
    [ 381/560]   A4 bass  gt=n_gt=2  pred=n_pred=2  ❌
    [ 382/560]   A4 flute  gt=n_gt=2  pred=n_pred=2  ❌
    [ 383/560]   A4 guitar  gt=n_gt=2  pred=n_pred=2  ❌
    [ 384/560]   A4 organ  gt=n_gt=2  pred=n_pred=2  ❌
    [ 385/560]   A4 oboe  gt=n_gt=2  pred=n_pred=2  ❌
    [ 386/560]   A4 trombone  gt=n_gt=2  pred=n_pred=2  ❌
    [ 387/560]   A4 flute  gt=n_gt=2  pred=n_pred=2  ❌
    [ 388/560]   A4 sine  gt=n_gt=2  pred=n_pred=2  ❌
    [ 389/560]   A4 guitar  gt=n_gt=2  pred=n_pred=2  ❌
    [ 390/560]   A4 violin  gt=n_gt=2  pred=n_pred=2  ❌
    [ 391/560]   A4 clarinet  gt=n_gt=2  pred=n_pred=2  ❌
    [ 392/560]   A4 trumpet  gt=n_gt=2  pred=n_pred=2  ❌
    [ 393/560]   A4 square  gt=n_gt=2  pred=n_pred=2  ❌
    [ 394/560]   A4 oboe  gt=n_gt=2  pred=n_pred=2  ❌
    [ 395/560]   A4 synth_lead  gt=n_gt=2  pred=n_pred=2  ❌
    [ 396/560]   A4 violin  gt=n_gt=2  pred=n_pred=2  ❌
    [ 397/560]   A4 synth_pad  gt=n_gt=2  pred=n_pred=2  ❌
    [ 398/560]   A4 clarinet  gt=n_gt=2  pred=n_pred=2  ❌
    [ 399/560]   A4 sine  gt=n_gt=2  pred=n_pred=2  ❌
    [ 400/560]   A4 triangle  gt=n_gt=2  pred=n_pred=2  ❌
    [ 401/560]  C#5 trumpet  gt=n_gt=2  pred=n_pred=2  ❌
    [ 402/560]  C#5 electric_keyboard  gt=n_gt=2  pred=n_pred=2  ❌
    [ 403/560]  C#5 voice  gt=n_gt=2  pred=n_pred=2  ❌
    [ 404/560]  C#5 sawtooth  gt=n_gt=2  pred=n_pred=2  ❌
    [ 405/560]  C#5 triangle  gt=n_gt=2  pred=n_pred=2  ❌
    [ 406/560]  C#5 cello  gt=n_gt=2  pred=n_pred=2  ❌
    [ 407/560]  C#5 oboe  gt=n_gt=2  pred=n_pred=2  ❌
    [ 408/560]  C#5 clarinet  gt=n_gt=2  pred=n_pred=2  ❌
    [ 409/560]  C#5 synth_lead  gt=n_gt=2  pred=n_pred=2  ❌
    [ 410/560]  C#5 triangle  gt=n_gt=2  pred=n_pred=2  ❌
    [ 411/560]  C#5 violin  gt=n_gt=2  pred=n_pred=2  ❌
    [ 412/560]  C#5 voice  gt=n_gt=2  pred=n_pred=2  ❌
    [ 413/560]  C#5 guitar  gt=n_gt=2  pred=n_pred=2  ❌
    [ 414/560]  C#5 trumpet  gt=n_gt=2  pred=n_pred=2  ❌
    [ 415/560]  C#5 sawtooth  gt=n_gt=2  pred=n_pred=2  ❌
    [ 416/560]  C#5 cello  gt=n_gt=2  pred=n_pred=2  ❌
    [ 417/560]  C#5 sine  gt=n_gt=2  pred=n_pred=2  ❌
    [ 418/560]  C#5 synth_lead  gt=n_gt=2  pred=n_pred=2  ❌
    [ 419/560]  C#5 synth_pad  gt=n_gt=2  pred=n_pred=2  ❌
    [ 420/560]  C#5 guitar  gt=n_gt=2  pred=n_pred=2  ❌
    [ 421/560]  C#5 oboe  gt=n_gt=2  pred=n_pred=2  ❌
    [ 422/560]  C#5 cello  gt=n_gt=2  pred=n_pred=2  ❌
    [ 423/560]  C#5 square  gt=n_gt=2  pred=n_pred=2  ❌
    [ 424/560]  C#5 clarinet  gt=n_gt=2  pred=n_pred=2  ❌
    [ 425/560]  C#5 clarinet  gt=n_gt=2  pred=n_pred=2  ❌
    [ 426/560]  C#5 triangle  gt=n_gt=2  pred=n_pred=2  ❌
    [ 427/560]  C#5 trombone  gt=n_gt=2  pred=n_pred=2  ❌
    [ 428/560]  C#5 synth_lead  gt=n_gt=2  pred=n_pred=2  ❌
    [ 429/560]  C#5 cello  gt=n_gt=2  pred=n_pred=2  ❌
    [ 430/560]  C#5 clarinet  gt=n_gt=2  pred=n_pred=2  ❌
    [ 431/560]  C#5 violin  gt=n_gt=2  pred=n_pred=2  ❌
    [ 432/560]  C#5 trombone  gt=n_gt=2  pred=n_pred=2  ❌
    [ 433/560]  C#5 synth_pad  gt=n_gt=2  pred=n_pred=2  ❌
    [ 434/560]  C#5 piano  gt=n_gt=2  pred=n_pred=2  ❌
    [ 435/560]  C#5 guitar  gt=n_gt=2  pred=n_pred=2  ❌
    [ 436/560]  C#5 cello  gt=n_gt=2  pred=n_pred=2  ❌
    [ 437/560]  C#5 violin  gt=n_gt=2  pred=n_pred=2  ❌
    [ 438/560]  C#5 electric_keyboard  gt=n_gt=2  pred=n_pred=2  ❌
    [ 439/560]  C#5 voice  gt=n_gt=2  pred=n_pred=2  ❌
    [ 440/560]  C#5 trombone  gt=n_gt=2  pred=n_pred=2  ❌
    [ 441/560]   E5 violin  gt=n_gt=2  pred=n_pred=2  ❌
    [ 442/560]   E5 synth_pad  gt=n_gt=2  pred=n_pred=2  ❌
    [ 443/560]   E5 sine  gt=n_gt=2  pred=n_pred=2  ❌
    [ 444/560]   E5 trombone  gt=n_gt=2  pred=n_pred=2  ❌
    [ 445/560]   E5 trombone  gt=n_gt=2  pred=n_pred=2  ❌
    [ 446/560]   E5 guitar  gt=n_gt=2  pred=n_pred=2  ❌
    [ 447/560]   E5 cello  gt=n_gt=2  pred=n_pred=2  ❌
    [ 448/560]   E5 voice  gt=n_gt=2  pred=n_pred=2  ❌
    [ 449/560]   E5 clarinet  gt=n_gt=2  pred=n_pred=2  ❌
    [ 450/560]   E5 organ  gt=n_gt=2  pred=n_pred=2  ❌
    [ 451/560]   E5 organ  gt=n_gt=2  pred=n_pred=2  ❌
    [ 452/560]   E5 guitar  gt=n_gt=2  pred=n_pred=2  ❌
    [ 453/560]   E5 synth_lead  gt=n_gt=2  pred=n_pred=2  ❌
    [ 454/560]   E5 bass  gt=n_gt=2  pred=n_pred=2  ❌
    [ 455/560]   E5 electric_keyboard  gt=n_gt=2  pred=n_pred=2  ❌
    [ 456/560]   E5 square  gt=n_gt=2  pred=n_pred=2  ❌
    [ 457/560]   E5 trombone  gt=n_gt=2  pred=n_pred=2  ❌
    [ 458/560]   E5 synth_lead  gt=n_gt=2  pred=n_pred=2  ❌
    [ 459/560]   E5 clarinet  gt=n_gt=2  pred=n_pred=2  ❌
    [ 460/560]   E5 flute  gt=n_gt=2  pred=n_pred=2  ❌
    [ 461/560]   E5 trombone  gt=n_gt=2  pred=n_pred=2  ❌
    [ 462/560]   E5 flute  gt=n_gt=2  pred=n_pred=2  ❌
    [ 463/560]   E5 guitar  gt=n_gt=2  pred=n_pred=2  ❌
    [ 464/560]   E5 piano  gt=n_gt=2  pred=n_pred=2  ❌
    [ 465/560]   E5 sine  gt=n_gt=2  pred=n_pred=2  ❌
    [ 466/560]   E5 sawtooth  gt=n_gt=2  pred=n_pred=2  ❌
    [ 467/560]   E5 flute  gt=n_gt=2  pred=n_pred=2  ❌
    [ 468/560]   E5 bass  gt=n_gt=2  pred=n_pred=2  ❌
    [ 469/560]   E5 square  gt=n_gt=2  pred=n_pred=2  ❌
    [ 470/560]   E5 organ  gt=n_gt=2  pred=n_pred=2  ❌
    [ 471/560]   E5 cello  gt=n_gt=2  pred=n_pred=2  ❌
    [ 472/560]   E5 voice  gt=n_gt=2  pred=n_pred=2  ❌
    [ 473/560]   E5 guitar  gt=n_gt=2  pred=n_pred=2  ❌
    [ 474/560]   E5 violin  gt=n_gt=2  pred=n_pred=2  ❌
    [ 475/560]   E5 bass  gt=n_gt=2  pred=n_pred=2  ❌
    [ 476/560]   E5 violin  gt=n_gt=2  pred=n_pred=2  ❌
    [ 477/560]   E5 flute  gt=n_gt=2  pred=n_pred=2  ❌
    [ 478/560]   E5 piano  gt=n_gt=2  pred=n_pred=2  ❌
    [ 479/560]   E5 sine  gt=n_gt=2  pred=n_pred=2  ❌
    [ 480/560]   E5 triangle  gt=n_gt=2  pred=n_pred=2  ❌
    [ 481/560]   G5 cello  gt=n_gt=2  pred=n_pred=2  ❌
    [ 482/560]   G5 flute  gt=n_gt=2  pred=n_pred=2  ❌
    [ 483/560]   G5 electric_keyboard  gt=n_gt=2  pred=n_pred=2  ❌
    [ 484/560]   G5 synth_lead  gt=n_gt=2  pred=n_pred=2  ❌
    [ 485/560]   G5 organ  gt=n_gt=2  pred=n_pred=2  ❌
    [ 486/560]   G5 sawtooth  gt=n_gt=2  pred=n_pred=2  ❌
    [ 487/560]   G5 synth_pad  gt=n_gt=2  pred=n_pred=2  ❌
    [ 488/560]   G5 flute  gt=n_gt=2  pred=n_pred=2  ❌
    [ 489/560]   G5 triangle  gt=n_gt=2  pred=n_pred=2  ❌
    [ 490/560]   G5 organ  gt=n_gt=2  pred=n_pred=2  ❌
    [ 491/560]   G5 piano  gt=n_gt=2  pred=n_pred=2  ❌
    [ 492/560]   G5 organ  gt=n_gt=2  pred=n_pred=2  ❌
    [ 493/560]   G5 synth_lead  gt=n_gt=2  pred=n_pred=2  ❌
    [ 494/560]   G5 synth_pad  gt=n_gt=2  pred=n_pred=2  ❌
    [ 495/560]   G5 clarinet  gt=n_gt=2  pred=n_pred=2  ❌
    [ 496/560]   G5 organ  gt=n_gt=2  pred=n_pred=2  ❌
    [ 497/560]   G5 synth_lead  gt=n_gt=2  pred=n_pred=2  ❌
    [ 498/560]   G5 cello  gt=n_gt=2  pred=n_pred=2  ❌
    [ 499/560]   G5 synth_pad  gt=n_gt=2  pred=n_pred=2  ❌
    [ 500/560]   G5 electric_keyboard  gt=n_gt=2  pred=n_pred=2  ❌
    [ 501/560]   G5 bass  gt=n_gt=2  pred=n_pred=2  ❌
    [ 502/560]   G5 organ  gt=n_gt=2  pred=n_pred=2  ❌
    [ 503/560]   G5 trumpet  gt=n_gt=2  pred=n_pred=2  ❌
    [ 504/560]   G5 flute  gt=n_gt=2  pred=n_pred=2  ❌
    [ 505/560]   G5 trumpet  gt=n_gt=2  pred=n_pred=2  ❌
    [ 506/560]   G5 synth_lead  gt=n_gt=2  pred=n_pred=2  ❌
    [ 507/560]   G5 bass  gt=n_gt=2  pred=n_pred=2  ❌
    [ 508/560]   G5 flute  gt=n_gt=2  pred=n_pred=2  ❌
    [ 509/560]   G5 trumpet  gt=n_gt=2  pred=n_pred=2  ❌
    [ 510/560]   G5 organ  gt=n_gt=2  pred=n_pred=2  ❌
    [ 511/560]   G5 square  gt=n_gt=2  pred=n_pred=2  ❌
    [ 512/560]   G5 trombone  gt=n_gt=2  pred=n_pred=2  ❌
    [ 513/560]   G5 flute  gt=n_gt=2  pred=n_pred=2  ❌
    [ 514/560]   G5 trumpet  gt=n_gt=2  pred=n_pred=2  ❌
    [ 515/560]   G5 clarinet  gt=n_gt=2  pred=n_pred=2  ❌
    [ 516/560]   G5 clarinet  gt=n_gt=2  pred=n_pred=2  ❌
    [ 517/560]   G5 synth_pad  gt=n_gt=2  pred=n_pred=2  ❌
    [ 518/560]   G5 square  gt=n_gt=2  pred=n_pred=2  ❌
    [ 519/560]   G5 piano  gt=n_gt=2  pred=n_pred=2  ❌
    [ 520/560]   G5 piano  gt=n_gt=2  pred=n_pred=2  ❌
    [ 521/560]   E6 flute  gt=n_gt=2  pred=n_pred=2  ❌
    [ 522/560]   E6 violin  gt=n_gt=2  pred=n_pred=2  ❌
    [ 523/560]   E6 piano  gt=n_gt=2  pred=n_pred=2  ❌
    [ 524/560]   E6 guitar  gt=n_gt=2  pred=n_pred=2  ❌
    [ 525/560]   E6 square  gt=n_gt=2  pred=n_pred=2  ❌
    [ 526/560]   E6 cello  gt=n_gt=2  pred=n_pred=2  ❌
    [ 527/560]   E6 clarinet  gt=n_gt=2  pred=n_pred=2  ❌
    [ 528/560]   E6 synth_pad  gt=n_gt=2  pred=n_pred=2  ❌
    [ 529/560]   E6 organ  gt=n_gt=2  pred=n_pred=2  ❌
    [ 530/560]   E6 sawtooth  gt=n_gt=2  pred=n_pred=2  ❌
    [ 531/560]   E6 guitar  gt=n_gt=2  pred=n_pred=2  ❌
    [ 532/560]   E6 cello  gt=n_gt=2  pred=n_pred=2  ❌
    [ 533/560]   E6 violin  gt=n_gt=2  pred=n_pred=2  ❌
    [ 534/560]   E6 voice  gt=n_gt=2  pred=n_pred=2  ❌
    [ 535/560]   E6 sine  gt=n_gt=2  pred=n_pred=2  ❌
    [ 536/560]   E6 voice  gt=n_gt=2  pred=n_pred=2  ❌
    [ 537/560]   E6 violin  gt=n_gt=2  pred=n_pred=2  ❌
    [ 538/560]   E6 bass  gt=n_gt=2  pred=n_pred=2  ❌
    [ 539/560]   E6 sine  gt=n_gt=2  pred=n_pred=2  ❌
    [ 540/560]   E6 oboe  gt=n_gt=2  pred=n_pred=2  ❌
    [ 541/560]   E6 trombone  gt=n_gt=2  pred=n_pred=2  ❌
    [ 542/560]   E6 violin  gt=n_gt=2  pred=n_pred=2  ❌
    [ 543/560]   E6 cello  gt=n_gt=2  pred=n_pred=2  ❌
    [ 544/560]   E6 synth_pad  gt=n_gt=2  pred=n_pred=2  ❌
    [ 545/560]   E6 flute  gt=n_gt=2  pred=n_pred=2  ❌
    [ 546/560]   E6 bass  gt=n_gt=2  pred=n_pred=2  ❌
    [ 547/560]   E6 flute  gt=n_gt=2  pred=n_pred=2  ❌
    [ 548/560]   E6 trumpet  gt=n_gt=2  pred=n_pred=2  ❌
    [ 549/560]   E6 cello  gt=n_gt=2  pred=n_pred=2  ❌
    [ 550/560]   E6 sine  gt=n_gt=2  pred=n_pred=2  ❌
    [ 551/560]   E6 violin  gt=n_gt=2  pred=n_pred=2  ❌
    [ 552/560]   E6 clarinet  gt=n_gt=2  pred=n_pred=2  ❌
    [ 553/560]   E6 violin  gt=n_gt=2  pred=n_pred=2  ❌
    [ 554/560]   E6 electric_keyboard  gt=n_gt=2  pred=n_pred=2  ❌
    [ 555/560]   E6 organ  gt=n_gt=2  pred=n_pred=2  ❌
    [ 556/560]   E6 piano  gt=n_gt=2  pred=n_pred=2  ❌
    [ 557/560]   E6 synth_pad  gt=n_gt=2  pred=n_pred=2  ❌
    [ 558/560]   E6 sine  gt=n_gt=2  pred=n_pred=2  ❌
    [ 559/560]   E6 violin  gt=n_gt=2  pred=n_pred=2  ❌
    [ 560/560]   E6 voice  gt=n_gt=2  pred=n_pred=2  ❌

============================================================
SUMMARY — audio_flamingo_next_instruct
  Sampling     : 560 of 4256 (stratified by '(midi, pos_ms)', seed=42)
  Stimuli (total)     : 560
  Stimuli (condition) : 560  (all records)

    Metric   Accuracy
  ──────────────────────
   CORRECT       0.0%
  (correctness tolerance = ±250 ms)

  *** WARNING: working tree has uncommitted changes — results will NOT be exactly reproducible from git_commit alone ***


Results saved → results/run_20260505_071452/pitchbench_b2_onset_offset_single/run_001_20260505_074857/results_audio_flamingo_next_instruct.*

############################################################
# pitchbench_b3_onset_offset_specific
############################################################

Experiment : pitchbench_b3_onset_offset_specific
Models     : audio_flamingo_next_instruct
Stimuli    : 30
  Sampling     : 30 of 3192 (stratified by '(target_pos, n_distractors)', seed=42)

  Model : Audio Flamingo Next – instruct
    [dispatch] 30 items, max_workers=1
    [   1/30]   C2 piano  gt=n_gt=2  pred=n_pred=2  ❌
    [   2/30]   G5 sine  gt=n_gt=2  pred=n_pred=2  ❌
    [   3/30]  F#1 clarinet  gt=n_gt=2  pred=n_pred=2  ❌
    [   4/30]   E6 trumpet  gt=n_gt=2  pred=n_pred=2  ❌
    [   5/30]   G2 trumpet  gt=n_gt=2  pred=n_pred=2  ❌
    [   6/30]   C2 electric_keyboard  gt=n_gt=2  pred=n_pred=2  ❌
    [   7/30]  C#5 triangle  gt=n_gt=2  pred=n_pred=2  ❌
    [   8/30]   G2 triangle  gt=n_gt=2  pred=n_pred=2  ❌
    [   9/30]   C4 bass  gt=n_gt=2  pred=n_pred=2  ❌
    [  10/30]   G2 sawtooth  gt=n_gt=2  pred=n_pred=2  ❌
    [  11/30]   C2 sawtooth  gt=n_gt=2  pred=n_pred=2  ❌
    [  12/30]  A#3 triangle  gt=n_gt=2  pred=n_pred=2  ❌
    [  13/30]   E6 flute  gt=n_gt=2  pred=n_pred=2  ❌
    [  14/30]   E4 trumpet  gt=n_gt=2  pred=n_pred=2  ❌
    [  15/30]   C4 voice  gt=n_gt=2  pred=n_pred=2  ❌
    [  16/30]   E6 sine  gt=n_gt=2  pred=n_pred=2  ❌
    [  17/30]   C3 flute  gt=n_gt=2  pred=n_pred=2  ❌
    [  18/30]  F#3 bass  gt=n_gt=2  pred=n_pred=2  ❌
    [  19/30]  F#1 trumpet  gt=n_gt=2  pred=n_pred=2  ❌
    [  20/30]  A#3 synth_lead  gt=n_gt=2  pred=n_pred=2  ❌
    [  21/30]   G2 clarinet  gt=n_gt=2  pred=n_pred=2  ❌
    [  22/30]   C3 sine  gt=n_gt=2  pred=n_pred=2  ❌
    [  23/30]   E5 electric_keyboard  gt=n_gt=2  pred=n_pred=2  ❌
    [  24/30]   C4 bass  gt=n_gt=2  pred=n_pred=2  ❌
    [  25/30]   C4 violin  gt=n_gt=2  pred=n_pred=2  ❌
    [  26/30]   G2 clarinet  gt=n_gt=2  pred=n_pred=2  ❌
    [  27/30]   A4 electric_keyboard  gt=n_gt=2  pred=n_pred=2  ❌
    [  28/30]   G5 flute  gt=n_gt=2  pred=n_pred=2  ❌
    [  29/30]  F#3 violin  gt=n_gt=2  pred=n_pred=2  ❌
    [  30/30]  C#5 triangle  gt=n_gt=2  pred=n_pred=2  ❌

============================================================
SUMMARY — audio_flamingo_next_instruct
  Sampling     : 30 of 3192 (stratified by '(target_pos, n_distractors)', seed=42)
  Stimuli (total)     : 30
  Stimuli (condition) : 30  (all records)

    Metric   Accuracy
  ──────────────────────
   CORRECT       0.0%
  (correctness tolerance = ±250 ms)

  *** WARNING: working tree has uncommitted changes — results will NOT be exactly reproducible from git_commit alone ***


Results saved → results/run_20260505_071452/pitchbench_b3_onset_offset_specific/run_001_20260505_075433/results_audio_flamingo_next_instruct.*

############################################################
# pitchbench_b4_pitch_at_time
############################################################

Experiment : pitchbench_b4_pitch_at_time
Models     : audio_flamingo_next_instruct
Stimuli    : 75
  Sampling     : 75 of 1024 (stratified by '(n_notes, target_idx)', seed=42)

  Model : Audio Flamingo Next – instruct
    [dispatch] 75 items, max_workers=1
    [   1/75]   C3 synth_pad  | midi: gt=48 pred=58 ❌  | spn: gt=C3 pred=C4 ❌  | doremi: gt=do pred=sol ❌
    [   2/75]   C2 square  | midi: gt=36 pred=48 ❌  | spn: gt=C2 pred=C4 ❌  | doremi: gt=do pred=sol ❌
    [   3/75]  F#3 sine  | midi: gt=54 pred=48 ❌  | spn: gt=F#3 pred=C4 ❌  | doremi: gt=fa# pred=fa# ✅
    [   4/75]   C3 trumpet  | midi: gt=48 pred=64 ❌  | spn: gt=C3 pred=C6 ❌  | doremi: gt=do pred=sol ❌
    [   5/75]   C3 guitar  | midi: gt=48 pred=48 ✅  | spn: gt=C3 pred=C4 ❌  | doremi: gt=do pred=sol ❌
    [   6/75]  F#1 flute  | midi: gt=30 pred=63 ❌  | spn: gt=F#1 pred=C6 ❌  | doremi: gt=fa# pred=sol ❌
    [   7/75]   G2 piano  | midi: gt=43 pred=65 ❌  | spn: gt=G2 pred=C4 ❌  | doremi: gt=sol pred=sol# ❌
    [   8/75]   A4 triangle  | midi: gt=69 pred=64 ❌  | spn: gt=A4 pred=C6 ❌  | doremi: gt=la pred=sol# ❌
    [   9/75]  F#3 voice  | midi: gt=54 pred=64 ❌  | spn: gt=F#3 pred=C6 ❌  | doremi: gt=fa# pred=sol ❌
    [  10/75]   G2 bass  | midi: gt=43 pred=64 ❌  | spn: gt=G2 pred=C4 ❌  | doremi: gt=sol pred=sol ✅
    [  11/75]   C4 sawtooth  | midi: gt=60 pred=69 ❌  | spn: gt=C4 pred=C6 ❌  | doremi: gt=do pred=sol# ❌
    [  12/75]  A#3 synth_pad  | midi: gt=58 pred=58 ✅  | spn: gt=A#3 pred=C4 ❌  | doremi: gt=la# pred=sol# ❌
    [  13/75]  A#3 violin  | midi: gt=58 pred=58 ✅  | spn: gt=A#3 pred=C4 ❌  | doremi: gt=la# pred=sol# ❌
    [  14/75]   E5 sine  | midi: gt=76 pred=69 ❌  | spn: gt=E5 pred=C6 ❌  | doremi: gt=mi pred=sol# ❌
    [  15/75]   G4 sine  | midi: gt=67 pred=64 ❌  | spn: gt=G4 pred=C6 ❌  | doremi: gt=sol pred=sol# ❌
    [  16/75]  A#3 triangle  | midi: gt=58 pred=65 ❌  | spn: gt=A#3 pred=C6 ❌  | doremi: gt=la# pred=fa# ❌
    [  17/75]  A#3 flute  | midi: gt=58 pred=58 ✅  | spn: gt=A#3 pred=C4 ❌  | doremi: gt=la# pred=sol ❌
    [  18/75]   E4 flute  | midi: gt=64 pred=64 ✅  | spn: gt=E4 pred=C6 ❌  | doremi: gt=mi pred=sol# ❌
    [  19/75]  C#5 cello  | midi: gt=73 pred=65 ❌  | spn: gt=C#5 pred=C6 ❌  | doremi: gt=do# pred=sol# ❌
    [  20/75]  F#1 synth_lead  | midi: gt=30 pred=48 ❌  | spn: gt=F#1 pred=C4 ❌  | doremi: gt=fa# pred=sol# ❌
    [  21/75]   G5 sine  | midi: gt=79 pred=65 ❌  | spn: gt=G5 pred=C6 ❌  | doremi: gt=sol pred=sol# ❌
    [  22/75]   G2 violin  | midi: gt=43 pred=63 ❌  | spn: gt=G2 pred=C6 ❌  | doremi: gt=sol pred=sol# ❌
    [  23/75]   C4 electric_keyboard  | midi: gt=60 pred=64 ❌  | spn: gt=C4 pred=C4 ✅  | doremi: gt=do pred=fa# ❌
    [  24/75]   C4 synth_lead  | midi: gt=60 pred=65 ❌  | spn: gt=C4 pred=C6 ❌  | doremi: gt=do pred=fa# ❌
    [  25/75]   G2 cello  | midi: gt=43 pred=58 ❌  | spn: gt=G2 pred=C4 ❌  | doremi: gt=sol pred=sol# ❌
    [  26/75]  F#3 synth_lead  | midi: gt=54 pred=65 ❌  | spn: gt=F#3 pred=C6 ❌  | doremi: gt=fa# pred=fa# ✅
    [  27/75]   G4 oboe  | midi: gt=67 pred=64 ❌  | spn: gt=G4 pred=C6 ❌  | doremi: gt=sol pred=sol# ❌
    [  28/75]   E6 flute  | midi: gt=88 pred=64 ❌  | spn: gt=E6 pred=C6 ❌  | doremi: gt=mi pred=sol# ❌
    [  29/75]  F#1 piano  | midi: gt=30 pred=58 ❌  | spn: gt=F#1 pred=C#4 ❌  | doremi: gt=fa# pred=sol# ❌
    [  30/75]   E6 trombone  | midi: gt=88 pred=48 ❌  | spn: gt=E6 pred=C4 ❌  | doremi: gt=mi pred=sol ❌
    [  31/75]  F#1 organ  | midi: gt=30 pred=58 ❌  | spn: gt=F#1 pred=C4 ❌  | doremi: gt=fa# pred=sol ❌
    [  32/75]  F#1 guitar  | midi: gt=30 pred=64 ❌  | spn: gt=F#1 pred=C6 ❌  | doremi: gt=fa# pred=fa# ✅
    [  33/75]   C4 voice  | midi: gt=60 pred=64 ❌  | spn: gt=C4 pred=C6 ❌  | doremi: gt=do pred=sol ❌
    [  34/75]  A#3 sine  | midi: gt=58 pred=64 ❌  | spn: gt=A#3 pred=C6 ❌  | doremi: gt=la# pred=sol# ❌
    [  35/75]   A4 synth_lead  | midi: gt=69 pred=64 ❌  | spn: gt=A4 pred=C6 ❌  | doremi: gt=la pred=fa# ❌
    [  36/75]  F#1 synth_pad  | midi: gt=30 pred=64 ❌  | spn: gt=F#1 pred=C6 ❌  | doremi: gt=fa# pred=sol# ❌
    [  37/75]   C4 triangle  | midi: gt=60 pred=58 ❌  | spn: gt=C4 pred=C4 ✅  | doremi: gt=do pred=sol# ❌
    [  38/75]  F#3 organ  | midi: gt=54 pred=63 ❌  | spn: gt=F#3 pred=G4 ❌  | doremi: gt=fa# pred=sol ❌
    [  39/75]   E4 trumpet  | midi: gt=64 pred=64 ✅  | spn: gt=E4 pred=C6 ❌  | doremi: gt=mi pred=fa# ❌
    [  40/75]   C4 guitar  | midi: gt=60 pred=58 ❌  | spn: gt=C4 pred=C4 ✅  | doremi: gt=do pred=sol ❌
    [  41/75]   A4 guitar  | midi: gt=69 pred=58 ❌  | spn: gt=A4 pred=C4 ❌  | doremi: gt=la pred=fa# ❌
    [  42/75]  C#5 square  | midi: gt=73 pred=65 ❌  | spn: gt=C#5 pred=C6 ❌  | doremi: gt=do# pred=fa# ❌
    [  43/75]   C4 electric_keyboard  | midi: gt=60 pred=63 ❌  | spn: gt=C4 pred=C6 ❌  | doremi: gt=do pred=sol# ❌
    [  44/75]  C#5 flute  | midi: gt=73 pred=63 ❌  | spn: gt=C#5 pred=C6 ❌  | doremi: gt=do# pred=sol# ❌
    [  45/75]   C2 sawtooth  | midi: gt=36 pred=63 ❌  | spn: gt=C2 pred=C6 ❌  | doremi: gt=do pred=sol# ❌
    [  46/75]   G4 square  | midi: gt=67 pred=69 ❌  | spn: gt=G4 pred=C6 ❌  | doremi: gt=sol pred=sol# ❌
    [  47/75]   G5 trombone  | midi: gt=79 pred=69 ❌  | spn: gt=G5 pred=C6 ❌  | doremi: gt=sol pred=sol ✅
    [  48/75]  C#5 square  | midi: gt=73 pred=58 ❌  | spn: gt=C#5 pred=C4 ❌  | doremi: gt=do# pred=sol# ❌
    [  49/75]   E6 trumpet  | midi: gt=88 pred=43 ❌  | spn: gt=E6 pred=C4 ❌  | doremi: gt=mi pred=sol# ❌
    [  50/75]   E4 synth_lead  | midi: gt=64 pred=63 ❌  | spn: gt=E4 pred=C6 ❌  | doremi: gt=mi pred=sol# ❌
    [  51/75]   E5 guitar  | midi: gt=76 pred=64 ❌  | spn: gt=E5 pred=C6 ❌  | doremi: gt=mi pred=sol# ❌
    [  52/75]   C3 voice  | midi: gt=48 pred=65 ❌  | spn: gt=C3 pred=C6 ❌  | doremi: gt=do pred=sol# ❌
    [  53/75]  A#3 sawtooth  | midi: gt=58 pred=65 ❌  | spn: gt=A#3 pred=C6 ❌  | doremi: gt=la# pred=sol# ❌
    [  54/75]   G5 synth_lead  | midi: gt=79 pred=65 ❌  | spn: gt=G5 pred=C6 ❌  | doremi: gt=sol pred=sol# ❌
    [  55/75]   C2 oboe  | midi: gt=36 pred=58 ❌  | spn: gt=C2 pred=C4 ❌  | doremi: gt=do pred=fa# ❌
    [  56/75]   G5 cello  | midi: gt=79 pred=65 ❌  | spn: gt=G5 pred=C6 ❌  | doremi: gt=sol pred=fa# ❌
    [  57/75]   E6 sawtooth  | midi: gt=88 pred=65 ❌  | spn: gt=E6 pred=F#2 ❌  | doremi: gt=mi pred=sol# ❌
    [  58/75]   A4 trumpet  | midi: gt=69 pred=63 ❌  | spn: gt=A4 pred=C6 ❌  | doremi: gt=la pred=sol# ❌
    [  59/75]   A4 sawtooth  | midi: gt=69 pred=64 ❌  | spn: gt=A4 pred=C6 ❌  | doremi: gt=la pred=fa# ❌
    [  60/75]   A4 organ  | midi: gt=69 pred=64 ❌  | spn: gt=A4 pred=C4 ❌  | doremi: gt=la pred=sol ❌
    [  61/75]   E4 flute  | midi: gt=64 pred=65 ❌  | spn: gt=E4 pred=C6 ❌  | doremi: gt=mi pred=sol# ❌
    [  62/75]   C2 organ  | midi: gt=36 pred=65 ❌  | spn: gt=C2 pred=C4 ❌  | doremi: gt=do pred=sol# ❌
    [  63/75]  F#1 organ  | midi: gt=30 pred=48 ❌  | spn: gt=F#1 pred=F#3 ❌  | doremi: gt=fa# pred=sol# ❌
    [  64/75]   E4 trumpet  | midi: gt=64 pred=63 ❌  | spn: gt=E4 pred=C4 ❌  | doremi: gt=mi pred=sol# ❌
    [  65/75]   E5 violin  | midi: gt=76 pred=48 ❌  | spn: gt=E5 pred=C4 ❌  | doremi: gt=mi pred=sol# ❌
    [  66/75]   G2 piano  | midi: gt=43 pred=64 ❌  | spn: gt=G2 pred=C4 ❌  | doremi: gt=sol pred=sol# ❌
    [  67/75]  A#3 bass  | midi: gt=58 pred=65 ❌  | spn: gt=A#3 pred=C4 ❌  | doremi: gt=la# pred=sol ❌
    [  68/75]   G4 sawtooth  | midi: gt=67 pred=53 ❌  | spn: gt=G4 pred=C4 ❌  | doremi: gt=sol pred=sol# ❌
    [  69/75]  F#1 sawtooth  | midi: gt=30 pred=65 ❌  | spn: gt=F#1 pred=C6 ❌  | doremi: gt=fa# pred=sol# ❌
    [  70/75]   G4 organ  | midi: gt=67 pred=65 ❌  | spn: gt=G4 pred=C6 ❌  | doremi: gt=sol pred=sol# ❌
    [  71/75]   G2 electric_keyboard  | midi: gt=43 pred=58 ❌  | spn: gt=G2 pred=C4 ❌  | doremi: gt=sol pred=sol# ❌
    [  72/75]  C#5 bass  | midi: gt=73 pred=58 ❌  | spn: gt=C#5 pred=C4 ❌  | doremi: gt=do# pred=sol# ❌
    [  73/75]   G2 guitar  | midi: gt=43 pred=54 ❌  | spn: gt=G2 pred=C4 ❌  | doremi: gt=sol pred=sol ✅
    [  74/75]   E4 sawtooth  | midi: gt=64 pred=64 ✅  | spn: gt=E4 pred=C6 ❌  | doremi: gt=mi pred=sol ❌
    [  75/75]  F#3 synth_pad  | midi: gt=54 pred=43 ❌  | spn: gt=F#3 pred=C4 ❌  | doremi: gt=fa# pred=sol# ❌

============================================================
SUMMARY — audio_flamingo_next_instruct
  Sampling     : 75 of 1024 (stratified by '(n_notes, target_idx)', seed=42)
  Stimuli (total)     : 75
  Stimuli (condition) : 75  (all records)

    Metric   Accuracy
  ──────────────────────
      MIDI       9.3%
       SPN       4.0%
    DOREMI       8.0%
        HZ       1.3%
       ANY      22.7%

  *** WARNING: working tree has uncommitted changes — results will NOT be exactly reproducible from git_commit alone ***


Results saved → results/run_20260505_071452/pitchbench_b4_pitch_at_time/run_001_20260505_075520/results_audio_flamingo_next_instruct.*

############################################################
# pitchbench_b5_onset_offset_each
############################################################

Experiment : pitchbench_b5_onset_offset_each
Models     : audio_flamingo_next_instruct
Stimuli    : 30
  Sampling     : 30 of 456 (stratified by '(rhythm, n_notes)', seed=42)

  Model : Audio Flamingo Next – instruct
    [dispatch] 30 items, max_workers=1
    [   1/30]  C-1 triangle  gt=n_gt=6  pred=n_pred=14  ❌
    [   2/30]  C-1 sine  gt=n_gt=6  pred=n_pred=14  ❌
    [   3/30]  C-1 trumpet  gt=n_gt=6  pred=n_pred=14  ❌
    [   4/30]  C-1 flute  gt=n_gt=6  pred=n_pred=14  ❌
    [   5/30]  C-1 flute  gt=n_gt=6  pred=n_pred=14  ❌
    [   6/30]  C-1 piano  gt=n_gt=10  pred=n_pred=2  ❌
    [   7/30]  C-1 triangle  gt=n_gt=10  pred=n_pred=0  ❌
    [   8/30]  C-1 synth_pad  gt=n_gt=10  pred=n_pred=14  ❌
    [   9/30]  C-1 square  gt=n_gt=10  pred=n_pred=0  ❌
    [  10/30]  C-1 voice  gt=n_gt=10  pred=n_pred=14  ❌
    [  11/30]  C-1 cello  gt=n_gt=16  pred=n_pred=14  ❌
    [  12/30]  C-1 sawtooth  gt=n_gt=16  pred=n_pred=14  ❌
    [  13/30]  C-1 sine  gt=n_gt=16  pred=n_pred=0  ❌
    [  14/30]  C-1 square  gt=n_gt=16  pred=n_pred=0  ❌
    [  15/30]  C-1 guitar  gt=n_gt=16  pred=n_pred=0  ❌
    [  16/30]  C-1 flute  gt=n_gt=6  pred=n_pred=14  ❌
    [  17/30]  C-1 synth_lead  gt=n_gt=6  pred=n_pred=0  ❌
    [  18/30]  C-1 sine  gt=n_gt=6  pred=n_pred=0  ❌
    [  19/30]  C-1 synth_pad  gt=n_gt=6  pred=n_pred=14  ❌
    [  20/30]  C-1 guitar  gt=n_gt=6  pred=n_pred=2  ❌
    [  21/30]  C-1 synth_pad  gt=n_gt=10  pred=n_pred=14  ❌
    [  22/30]  C-1 cello  gt=n_gt=10  pred=n_pred=0  ❌
    [  23/30]  C-1 flute  gt=n_gt=10  pred=n_pred=14  ❌
    [  24/30]  C-1 organ  gt=n_gt=10  pred=n_pred=0  ❌
    [  25/30]  C-1 voice  gt=n_gt=10  pred=n_pred=14  ❌
    [  26/30]  C-1 trumpet  gt=n_gt=16  pred=n_pred=0  ❌
    [  27/30]  C-1 sine  gt=n_gt=16  pred=n_pred=0  ❌
    [  28/30]  C-1 electric_keyboard  gt=n_gt=16  pred=n_pred=14  ❌
    [  29/30]  C-1 cello  gt=n_gt=16  pred=n_pred=0  ❌
    [  30/30]  C-1 clarinet  gt=n_gt=16  pred=n_pred=0  ❌

============================================================
SUMMARY — audio_flamingo_next_instruct
  Sampling     : 30 of 456 (stratified by '(rhythm, n_notes)', seed=42)
  Stimuli (total)     : 30
  Stimuli (condition) : 30  (all records)

    Metric   Accuracy
  ──────────────────────
   CORRECT       0.0%
  (correctness tolerance = ±250 ms)

  *** WARNING: working tree has uncommitted changes — results will NOT be exactly reproducible from git_commit alone ***


Results saved → results/run_20260505_071452/pitchbench_b5_onset_offset_each/run_001_20260505_075657/results_audio_flamingo_next_instruct.*

############################################################
# pitchbench_c1_dyad_interval
############################################################

Experiment : pitchbench_c1_dyad_interval
Models     : audio_flamingo_next_instruct
Stimuli    : 60
  Sampling     : 60 of 12464 (stratified by 'interval_st', seed=42)

  Model : Audio Flamingo Next – instruct
    [dispatch] 60 items, max_workers=1
    [   1/60] iv= 1st root=C2   same_instrumentation=True  dur= 1000ms  interval=12 ❌
    [   2/60] iv= 1st root=G5   same_instrumentation=False dur= 5000ms  interval=12 ❌
    [   3/60] iv= 1st root=F#1  same_instrumentation=False dur= 5000ms  interval=12 ❌
    [   4/60] iv= 1st root=E6   same_instrumentation=False dur= 1000ms  interval=12 ❌
    [   5/60] iv= 1st root=G2   same_instrumentation=False dur= 1000ms  interval=12 ❌
    [   6/60] iv=10th root=A4   same_instrumentation=True  dur= 5000ms  interval=12 ❌
    [   7/60] iv=10th root=C4   same_instrumentation=True  dur= 5000ms  interval=12 ❌
    [   8/60] iv=10th root=F#1  same_instrumentation=True  dur= 1000ms  interval=12 ❌
    [   9/60] iv=10th root=F#3  same_instrumentation=True  dur= 1000ms  interval=12 ❌
    [  10/60] iv=10th root=E4   same_instrumentation=True  dur= 5000ms  interval=4 ❌
    [  11/60] iv=11th root=E4   same_instrumentation=False dur= 1000ms  interval=12 ❌
    [  12/60] iv=11th root=A4   same_instrumentation=True  dur= 5000ms  interval=12 ❌
    [  13/60] iv=11th root=A4   same_instrumentation=False dur= 1000ms  interval=12 ❌
    [  14/60] iv=11th root=G4   same_instrumentation=True  dur= 1000ms  interval=12 ❌
    [  15/60] iv=11th root=F#3  same_instrumentation=True  dur= 1000ms  interval=12 ❌
    [  16/60] iv=12th root=G4   same_instrumentation=True  dur= 1000ms  interval=12 ✅
    [  17/60] iv=12th root=E4   same_instrumentation=True  dur= 5000ms  interval=12 ✅
    [  18/60] iv=12th root=C#5  same_instrumentation=False dur= 5000ms  interval=12 ✅
    [  19/60] iv=12th root=C3   same_instrumentation=False dur= 5000ms  interval=12 ✅
    [  20/60] iv=12th root=E4   same_instrumentation=True  dur= 5000ms  interval=12 ✅
    [  21/60] iv= 2nd root=C4   same_instrumentation=True  dur= 5000ms  interval=12 ❌
    [  22/60] iv= 2nd root=E6   same_instrumentation=True  dur= 5000ms  interval=12 ❌
    [  23/60] iv= 2nd root=C3   same_instrumentation=False dur= 5000ms  interval=12 ❌
    [  24/60] iv= 2nd root=F#3  same_instrumentation=False dur= 5000ms  interval=12 ❌
    [  25/60] iv= 2nd root=F#1  same_instrumentation=False dur= 5000ms  interval=12 ❌
    [  26/60] iv= 3rd root=A#3  same_instrumentation=False dur= 5000ms  interval=12 ❌
    [  27/60] iv= 3rd root=G2   same_instrumentation=False dur= 1000ms  interval=12 ❌
    [  28/60] iv= 3rd root=C3   same_instrumentation=False dur= 1000ms  interval=12 ❌
    [  29/60] iv= 3rd root=E5   same_instrumentation=True  dur= 5000ms  interval=2 ❌
    [  30/60] iv= 3rd root=C4   same_instrumentation=False dur= 1000ms  interval=12 ❌
    [  31/60] iv= 4th root=C4   same_instrumentation=True  dur= 1000ms  interval=12 ❌
    [  32/60] iv= 4th root=G2   same_instrumentation=False dur= 1000ms  interval=12 ❌
    [  33/60] iv= 4th root=A4   same_instrumentation=True  dur= 5000ms  interval=10 ❌
    [  34/60] iv= 4th root=G5   same_instrumentation=True  dur= 1000ms  interval=12 ❌
    [  35/60] iv= 4th root=F#3  same_instrumentation=False dur= 1000ms  interval=10 ❌
    [  36/60] iv= 5th root=C#5  same_instrumentation=False dur= 1000ms  interval=12 ❌
    [  37/60] iv= 5th root=A#3  same_instrumentation=False dur= 1000ms  interval=12 ❌
    [  38/60] iv= 5th root=G5   same_instrumentation=True  dur= 5000ms  interval=12 ❌
    [  39/60] iv= 5th root=E4   same_instrumentation=True  dur= 5000ms  interval=12 ❌
    [  40/60] iv= 5th root=C2   same_instrumentation=False dur= 5000ms  interval=12 ❌
    [  41/60] iv= 6th root=G4   same_instrumentation=True  dur= 1000ms  interval=12 ❌
    [  42/60] iv= 6th root=A4   same_instrumentation=False dur= 1000ms  interval=12 ❌
    [  43/60] iv= 6th root=G4   same_instrumentation=True  dur= 1000ms  interval=10 ❌
    [  44/60] iv= 6th root=E5   same_instrumentation=True  dur= 1000ms  interval=12 ❌
    [  45/60] iv= 6th root=E4   same_instrumentation=False dur= 5000ms  interval=12 ❌
    [  46/60] iv= 7th root=E5   same_instrumentation=False dur= 5000ms  interval=12 ❌
    [  47/60] iv= 7th root=G5   same_instrumentation=False dur= 1000ms  interval=12 ❌
    [  48/60] iv= 7th root=C#5  same_instrumentation=True  dur= 1000ms  interval=12 ❌
    [  49/60] iv= 7th root=C3   same_instrumentation=True  dur= 1000ms  interval=12 ❌
    [  50/60] iv= 7th root=F#1  same_instrumentation=False dur= 1000ms  interval=12 ❌
    [  51/60] iv= 8th root=E4   same_instrumentation=True  dur= 5000ms  interval=12 ❌
    [  52/60] iv= 8th root=A4   same_instrumentation=False dur= 1000ms  interval=12 ❌
    [  53/60] iv= 8th root=F#3  same_instrumentation=True  dur= 5000ms  interval=12 ❌
    [  54/60] iv= 8th root=G4   same_instrumentation=True  dur= 1000ms  interval=12 ❌
    [  55/60] iv= 8th root=G5   same_instrumentation=False dur= 5000ms  interval=12 ❌
    [  56/60] iv= 9th root=C#5  same_instrumentation=False dur= 5000ms  interval=12 ❌
    [  57/60] iv= 9th root=E4   same_instrumentation=True  dur= 5000ms  interval=12 ❌
    [  58/60] iv= 9th root=F#1  same_instrumentation=False dur= 5000ms  interval=12 ❌
    [  59/60] iv= 9th root=G5   same_instrumentation=False dur= 5000ms  interval=7 ❌
    [  60/60] iv= 9th root=C4   same_instrumentation=False dur= 1000ms  interval=12 ❌

============================================================
SUMMARY — audio_flamingo_next_instruct
  Sampling     : 60 of 12464 (stratified by 'interval_st', seed=42)
  Stimuli (total)     : 60
  Stimuli (condition) : 60  (all records)

      Metric   Accuracy
  ───────────────────────
    INTERVAL       8.3%

  *** WARNING: working tree has uncommitted changes — results will NOT be exactly reproducible from git_commit alone ***


Results saved → results/run_20260505_071452/pitchbench_c1_dyad_interval/run_001_20260505_075816/results_audio_flamingo_next_instruct.*

############################################################
# pitchbench_c2_chord_pitch_count
############################################################

Experiment : pitchbench_c2_chord_pitch_count
Models     : audio_flamingo_next_instruct
Stimuli    : 80
  Sampling     : 80 of 11704 (stratified by '(n, chord_quality)', seed=42)

  Model : Audio Flamingo Next – instruct
    [dispatch] 80 items, max_workers=1
    [   1/80] n=1 random_set  root=G#4  same_instrumentation=False dur= 5000ms  count=1 ✅
    [   2/80] n=1 random_set  root=G1   same_instrumentation=True  dur= 1000ms  count=1 ✅
    [   3/80] n=1 random_set  root=G#4  same_instrumentation=True  dur= 5000ms  count=1 ✅
    [   4/80] n=1 random_set  root=G3   same_instrumentation=False dur= 5000ms  count=1 ✅
    [   5/80] n=1 random_set  root=G1   same_instrumentation=True  dur= 5000ms  count=1 ✅
    [   6/80] n=2 random_set  root=D3   same_instrumentation=True  dur= 1000ms  count=2 ✅
    [   7/80] n=2 random_set  root=D3   same_instrumentation=False dur= 5000ms  count=2 ✅
    [   8/80] n=2 random_set  root=E5   same_instrumentation=False dur= 5000ms  count=1 ❌
    [   9/80] n=2 random_set  root=D3   same_instrumentation=True  dur= 5000ms  count=2 ✅
    [  10/80] n=2 random_set  root=D3   same_instrumentation=True  dur= 1000ms  count=1 ❌
    [  11/80] n=3 augmented   root=A#3  same_instrumentation=True  dur= 1000ms  count=2 ❌
    [  12/80] n=3 augmented   root=G5   same_instrumentation=True  dur= 1000ms  count=1 ❌
    [  13/80] n=3 augmented   root=F#3  same_instrumentation=False dur= 1000ms  count=1 ❌
    [  14/80] n=3 augmented   root=G2   same_instrumentation=False dur= 1000ms  count=1 ❌
    [  15/80] n=3 augmented   root=E5   same_instrumentation=False dur= 1000ms  count=2 ❌
    [  16/80] n=3 diminished  root=E6   same_instrumentation=False dur= 5000ms  count=1 ❌
    [  17/80] n=3 diminished  root=F#1  same_instrumentation=True  dur= 5000ms  count=1 ❌
    [  18/80] n=3 diminished  root=E6   same_instrumentation=True  dur= 1000ms  count=2 ❌
    [  19/80] n=3 diminished  root=E6   same_instrumentation=True  dur= 5000ms  count=1 ❌
    [  20/80] n=3 diminished  root=E4   same_instrumentation=False dur= 1000ms  count=3 ✅
    [  21/80] n=3 major       root=A4   same_instrumentation=False dur= 1000ms  count=3 ✅
    [  22/80] n=3 major       root=C2   same_instrumentation=False dur= 1000ms  count=1 ❌
    [  23/80] n=3 major       root=E5   same_instrumentation=False dur= 1000ms  count=1 ❌
    [  24/80] n=3 major       root=F#3  same_instrumentation=False dur= 1000ms  count=1 ❌
    [  25/80] n=3 major       root=C4   same_instrumentation=False dur= 1000ms  count=3 ✅
    [  26/80] n=3 minor       root=A4   same_instrumentation=True  dur= 5000ms  count=2 ❌
    [  27/80] n=3 minor       root=G5   same_instrumentation=False dur= 1000ms  count=1 ❌
    [  28/80] n=3 minor       root=G5   same_instrumentation=True  dur= 1000ms  count=10 ❌
    [  29/80] n=3 minor       root=F#3  same_instrumentation=False dur= 1000ms  count=1 ❌
    [  30/80] n=3 minor       root=A#3  same_instrumentation=True  dur= 5000ms  count=1 ❌
    [  31/80] n=3 random_set  root=G1   same_instrumentation=False dur= 5000ms  count=2 ❌
    [  32/80] n=3 random_set  root=F#3  same_instrumentation=False dur= 1000ms  count=1 ❌
    [  33/80] n=3 random_set  root=F#3  same_instrumentation=True  dur= 1000ms  count=1 ❌
    [  34/80] n=3 random_set  root=F#3  same_instrumentation=True  dur= 1000ms  count=1 ❌
    [  35/80] n=3 random_set  root=B1   same_instrumentation=False dur= 5000ms  count=2 ❌
    [  36/80] n=3 sus2        root=E5   same_instrumentation=True  dur= 5000ms  count=10 ❌
    [  37/80] n=3 sus2        root=C2   same_instrumentation=True  dur= 5000ms  count=1 ❌
    [  38/80] n=3 sus2        root=C3   same_instrumentation=False dur= 1000ms  count=1 ❌
    [  39/80] n=3 sus2        root=G2   same_instrumentation=True  dur= 5000ms  count=3 ✅
    [  40/80] n=3 sus2        root=F#3  same_instrumentation=False dur= 5000ms  count=1 ❌
    [  41/80] n=3 sus4        root=G2   same_instrumentation=True  dur= 5000ms  count=1 ❌
    [  42/80] n=3 sus4        root=G4   same_instrumentation=True  dur= 5000ms  count=1 ❌
    [  43/80] n=3 sus4        root=C2   same_instrumentation=False dur= 5000ms  count=1 ❌
    [  44/80] n=3 sus4        root=A4   same_instrumentation=False dur= 5000ms  count=2 ❌
    [  45/80] n=3 sus4        root=C#5  same_instrumentation=False dur= 5000ms  count=1 ❌
    [  46/80] n=4 dom7        root=A4   same_instrumentation=False dur= 5000ms  count=1 ❌
    [  47/80] n=4 dom7        root=E4   same_instrumentation=True  dur= 5000ms  count=2 ❌
    [  48/80] n=4 dom7        root=G4   same_instrumentation=False dur= 1000ms  count=3 ❌
    [  49/80] n=4 dom7        root=A4   same_instrumentation=False dur= 1000ms  count=1 ❌
    [  50/80] n=4 dom7        root=F#3  same_instrumentation=False dur= 1000ms  count=3 ❌
    [  51/80] n=4 m7b5        root=E5   same_instrumentation=True  dur= 1000ms  count=1 ❌
    [  52/80] n=4 m7b5        root=G5   same_instrumentation=True  dur= 5000ms  count=1 ❌
    [  53/80] n=4 m7b5        root=C3   same_instrumentation=True  dur= 1000ms  count=3 ❌
    [  54/80] n=4 m7b5        root=A4   same_instrumentation=False dur= 1000ms  count=1 ❌
    [  55/80] n=4 m7b5        root=E4   same_instrumentation=True  dur= 5000ms  count=1 ❌
    [  56/80] n=4 maj7        root=A4   same_instrumentation=False dur= 5000ms  count=1 ❌
    [  57/80] n=4 maj7        root=A4   same_instrumentation=False dur= 1000ms  count=1 ❌
    [  58/80] n=4 maj7        root=C#5  same_instrumentation=True  dur= 5000ms  count=1 ❌
    [  59/80] n=4 maj7        root=F#1  same_instrumentation=False dur= 1000ms  count=1 ❌
    [  60/80] n=4 maj7        root=G5   same_instrumentation=False dur= 1000ms  count=1 ❌
    [  61/80] n=4 min7        root=A#3  same_instrumentation=False dur= 1000ms  count=1 ❌
    [  62/80] n=4 min7        root=A#3  same_instrumentation=True  dur= 5000ms  count=2 ❌
    [  63/80] n=4 min7        root=C2   same_instrumentation=False dur= 5000ms  count=1 ❌
    [  64/80] n=4 min7        root=G4   same_instrumentation=False dur= 5000ms  count=2 ❌
    [  65/80] n=4 min7        root=G2   same_instrumentation=True  dur= 5000ms  count=10 ❌
    [  66/80] n=4 random_set  root=E2   same_instrumentation=False dur= 1000ms  count=1 ❌
    [  67/80] n=4 random_set  root=F1   same_instrumentation=False dur= 1000ms  count=3 ❌
    [  68/80] n=4 random_set  root=F1   same_instrumentation=False dur= 1000ms  count=3 ❌
    [  69/80] n=4 random_set  root=E2   same_instrumentation=False dur= 5000ms  count=2 ❌
    [  70/80] n=4 random_set  root=A#1  same_instrumentation=True  dur= 5000ms  count=1 ❌
    [  71/80] n=5 random_set  root=A#1  same_instrumentation=True  dur= 5000ms  count=3 ❌
    [  72/80] n=5 random_set  root=C#2  same_instrumentation=False dur= 5000ms  count=1 ❌
    [  73/80] n=5 random_set  root=C#2  same_instrumentation=False dur= 5000ms  count=1 ❌
    [  74/80] n=5 random_set  root=A#2  same_instrumentation=False dur= 1000ms  count=1 ❌
    [  75/80] n=5 random_set  root=A#2  same_instrumentation=True  dur= 5000ms  count=1 ❌
    [  76/80] n=6 random_set  root=D#3  same_instrumentation=True  dur= 5000ms  count=2 ❌
    [  77/80] n=6 random_set  root=C#2  same_instrumentation=False dur= 1000ms  count=10 ❌
    [  78/80] n=6 random_set  root=F2   same_instrumentation=False dur= 1000ms  count=3 ❌
    [  79/80] n=6 random_set  root=F2   same_instrumentation=True  dur= 5000ms  count=1 ❌
    [  80/80] n=6 random_set  root=C#2  same_instrumentation=False dur= 5000ms  count=1 ❌

============================================================
SUMMARY — audio_flamingo_next_instruct
  Sampling     : 80 of 11704 (stratified by '(n, chord_quality)', seed=42)
  Stimuli (total)     : 80
  Stimuli (condition) : 80  (all records)

      Metric   Accuracy
  ───────────────────────
       COUNT      15.0%

  *** WARNING: working tree has uncommitted changes — results will NOT be exactly reproducible from git_commit alone ***


Results saved → results/run_20260505_071452/pitchbench_c2_chord_pitch_count/run_001_20260505_075823/results_audio_flamingo_next_instruct.*

############################################################
# pitchbench_c3_chord_pitch_id
############################################################

Experiment : pitchbench_c3_chord_pitch_id
Models     : audio_flamingo_next_instruct
Stimuli    : 100
  Sampling     : 100 of 5320 (stratified by 'chord_type', seed=42)

  Model : Audio Flamingo Next – instruct
    [dispatch] 100 items, max_workers=1
    [   1/100] dyad_M2      r=C3  sine          midi=[48, 52, 60, 71] ❌  | spn=['C3', 'D3', 'F3', 'A2', 'B2'] ❌  | doremi=['do', 'mi', 'sol'] ❌
    [   2/100] dyad_M2      r=F#1 violin        midi=[26, 31, 40, 58, 79] ❌  | spn=['C3', 'D3', 'F3', 'A2', 'B2'] ❌  | doremi=['do', 'do', 'do', 'do'] ❌
    [   3/100] dyad_M2      r=E4  flute         midi=[64, 72, 80] ❌  | spn=['C3', 'D3', 'F#3', 'A2', 'B2'] ❌  | doremi=['do', 'mi', 'sol'] ❌
    [   4/100] dyad_M2      r=C4  oboe          midi=[60, 59, 57, 53, 48, 52, 55, 51, 56] ❌  | spn=['C3', 'D3', 'F3', 'A2', 'B2'] ❌  | doremi=['do', 'mi', 'sol'] ❌
    [   5/100] dyad_M2      r=C4  sine          midi=[48, 56, 71] ❌  | spn=['C3', 'D3', 'F3', 'A2', 'B2'] ❌  | doremi=['do', 'mi', 'sol'] ❌
    [   6/100] dyad_M3      r=C3  organ         midi=[48, 56, 71, 72] ❌  | spn=['C3', 'D3', 'F#3', 'A2', 'B2'] ❌  | doremi=['do', 'mi', 'sol'] ❌
    [   7/100] dyad_M3      r=G2  organ         midi=[48, 56, 71, 72] ❌  | spn=['C3', 'D3', 'F#3', 'A2', 'B2'] ❌  | doremi=['do', 'mi', 'sol'] ❌
    [   8/100] dyad_M3      r=G2  guitar        midi=[48, 56, 63, 71] ❌  | spn=['C3', 'D3', 'F#3', 'A2', 'B2'] ❌  | doremi=['do', 'mi', 'sol'] ❌
    [   9/100] dyad_M3      r=E5  flute         midi=[69, 71, 73] ❌  | spn=['C5', 'D5', 'F5', 'A3'] ❌  | doremi=['do', 'mi', 'sol'] ❌
    [  10/100] dyad_M3      r=F#1 synth_lead    midi=[48, 56, 71] ❌  | spn=['C3', 'D3', 'F#3', 'A2', 'B2'] ❌  | doremi=['do', 'mi', 'sol'] ❌
    [  11/100] dyad_M6      r=F#1 bass          midi=[23, 41, 58, 69] ❌  | spn=['C3', 'D3', 'F3', 'A2', 'B2'] ❌  | doremi=['do', 'mi', 'sol'] ❌
    [  12/100] dyad_M6      r=G2  trombone      midi=[36, 40, 52] ❌  | spn=['C3', 'D3', 'F3', 'A2', 'B2'] ❌  | doremi=['do', 'do', 'do'] ❌
    [  13/100] dyad_M6      r=A#3 synth_lead    midi=[48, 56, 71] ❌  | spn=['C3', 'D3', 'F#3', 'A2', 'B2'] ❌  | doremi=['do', 'mi', 'sol'] ❌
    [  14/100] dyad_M6      r=C4  electric_keyboard  midi=[60, 72, 84] ❌  | spn=['C5', 'D5', 'F5', 'A3', 'B4'] ❌  | doremi=['do', 'mi', 'sol'] ❌
    [  15/100] dyad_M6      r=E6  oboe          midi=[60, 72, 84] ❌  | spn=['C3', 'D3', 'F3', 'A2', 'B2'] ❌  | doremi=['do', 'mi', 'sol'] ❌
    [  16/100] dyad_M7      r=F#1 cello         midi=[24, 31, 36, 50, 57, 68] ❌  | spn=['C3', 'D3', 'F3', 'A2', 'B2'] ❌  | doremi=['do', 'mi', 'sol'] ❌
    [  17/100] dyad_M7      r=A#3 guitar        midi=[45, 61, 73] ❌  | spn=['C5', 'D5', 'F5', 'A4', 'B4'] ❌  | doremi=['do', 'mi', 'sol'] ❌
    [  18/100] dyad_M7      r=E5  electric_keyboard  midi=[76, 80, 82] ❌  | spn=['C5', 'D5', 'F5', 'A#6'] ❌  | doremi=[] ❌
    [  19/100] dyad_M7      r=A#3 synth_pad     midi=[48, 56, 71] ❌  | spn=['C3', 'D3', 'F#3', 'A2', 'B2'] ❌  | doremi=['do', 'mi', 'sol'] ❌
    [  20/100] dyad_M7      r=G5  sawtooth      midi=[67, 80, 93] ❌  | spn=['C5', 'D5', 'F5', 'A4', 'B4'] ❌  | doremi=['do', 'mi', 'sol'] ❌
    [  21/100] dyad_m2      r=E4  trombone      midi=[64, 71, 80] ❌  | spn=['C3', 'D3', 'F#3', 'A2', 'B2'] ❌  | doremi=['do', 'mi', 'sol'] ❌
    [  22/100] dyad_m2      r=F#1 triangle      midi=[48, 53, 60, 72] ❌  | spn=['C3', 'D3', 'F3', 'A2', 'B2'] ❌  | doremi=['do', 'do', 'do'] ❌
    [  23/100] dyad_m2      r=F#3 electric_keyboard  midi=[46, 58, 70] ❌  | spn=['C3', 'D3', 'F#3', 'A2', 'B2'] ❌  | doremi=['do', 're', 'mi'] ❌
    [  24/100] dyad_m2      r=E5  flute         midi=[64, 72, 80] ❌  | spn=['C5', 'D5', 'F5', 'A3', 'B4'] ❌  | doremi=['do', 'mi', 'sol'] ❌
    [  25/100] dyad_m2      r=A4  triangle      midi=[69, 71, 80] ❌  | spn=['C5', 'D5', 'F5', 'A4', 'B4'] ❌  | doremi=['do', 'mi', 'sol'] ❌
    [  26/100] dyad_m3      r=E4  trombone      midi=[62, 70, 74] ❌  | spn=['C3', 'D3', 'F3', 'A2', 'B2'] ❌  | doremi=['do', 'mi', 'sol'] ❌
    [  27/100] dyad_m3      r=F#3 triangle      midi=[48, 52, 60, 71] ❌  | spn=['C3', 'D3', 'F3', 'A2', 'B2'] ❌  | doremi=['do', 'mi', 'sol'] ❌
    [  28/100] dyad_m3      r=A#3 bass          midi=[48, 50, 62] ❌  | spn=['C4', 'D4', 'F#3', 'A#4', 'B4'] ❌  | doremi=['do', 'mi'] ❌
    [  29/100] dyad_m3      r=A4  sawtooth      midi=[48, 52, 60, 71] ❌  | spn=['C5', 'D5', 'F5', 'A4', 'B4'] ❌  | doremi=['do', 'mi', 'sol'] ❌
    [  30/100] dyad_m3      r=G2  organ         midi=[48, 56, 71, 73, 79] ❌  | spn=['C3', 'D3', 'F3', 'A2', 'B2'] ❌  | doremi=['do', 'mi', 'sol'] ❌
    [  31/100] dyad_m6      r=G2  trombone      midi=[38, 40, 51] ❌  | spn=['C3', 'D3', 'F3', 'A2', 'B2'] ❌  | doremi=['do', 're', 'sol'] ❌
    [  32/100] dyad_m6      r=C#5 piano         midi=[43, 50, 62, 71] ❌  | spn=['C3', 'D3', 'F#3', 'A2', 'B2'] ❌  | doremi=[] ❌
    [  33/100] dyad_m6      r=G2  oboe          midi=[36, 41, 50, 57, 62] ❌  | spn=['C3', 'D3', 'F3', 'A2', 'B2'] ❌  | doremi=['do', 'mi', 'sol'] ❌
    [  34/100] dyad_m6      r=A4  violin        midi=[64, 71, 80] ❌  | spn=['C5', 'D5', 'F5', 'A3'] ❌  | doremi=['do', 'mi', 'sol'] ❌
    [  35/100] dyad_m6      r=A4  electric_keyboard  midi=[57, 62, 69] ❌  | spn=['C5', 'D5', 'F5', 'A3', 'B4'] ❌  | doremi=['do', 'mi', 'sol'] ❌
    [  36/100] dyad_m7      r=E4  square        midi=[48, 56, 71] ❌  | spn=['C5', 'D5', 'F5', 'A3', 'B4'] ❌  | doremi=['do', 'mi', 'sol'] ❌
    [  37/100] dyad_m7      r=C2  triangle      midi=[48, 52, 60, 71] ❌  | spn=['C3', 'D3', 'F3', 'A2', 'B2'] ❌  | doremi=['do', 'mi', 'sol'] ❌
    [  38/100] dyad_m7      r=G5  flute         midi=[67, 72, 80] ❌  | spn=['C5', 'D5', 'F6'] ❌  | doremi=['do'] ❌
    [  39/100] dyad_m7      r=C3  guitar        midi=[48, 53, 61] ❌  | spn=['C5', 'D5', 'F5', 'A4', 'B3'] ❌  | doremi=['do', 'mi', 'sol'] ❌
    [  40/100] dyad_m7      r=C#5 triangle      midi=[60, 72, 84] ❌  | spn=['C5', 'D5', 'F5', 'A3', 'B4'] ❌  | doremi=['do'] ❌
    [  41/100] dyad_oct     r=G2  square        midi=[43, 56, 71] ❌  | spn=['C3', 'D3', 'F#3', 'A2', 'B2'] ❌  | doremi=['do', 'mi', 'sol'] ❌
    [  42/100] dyad_oct     r=E4  synth_pad     midi=[64, 71, 80] ❌  | spn=['C5', 'D5', 'F5', 'A4', 'B3'] ❌  | doremi=['do', 'mi', 'sol'] ❌
    [  43/100] dyad_oct     r=A4  organ         midi=[69, 72, 81] ❌  | spn=['C5', 'D5', 'F5', 'A3', 'B4'] ❌  | doremi=['do', 'mi', 'sol'] ❌
    [  44/100] dyad_oct     r=A#3 triangle      midi=[46, 58, 70, 82] ❌  | spn=['C3', 'D3', 'F3', 'A2', 'B2'] ❌  | doremi=['do', 'mi', 'sol'] ❌
    [  45/100] dyad_oct     r=C2  synth_lead    midi=[48, 56, 71] ❌  | spn=['C3', 'D3', 'F3', 'A2', 'B2'] ❌  | doremi=['do', 'mi', 'sol'] ❌
    [  46/100] dyad_p4      r=C2  piano         midi=[47, 59, 62, 63, 68, 71, 74, 76, 78, 80, 82, 84, 86, 88, 90, 92, 94, 96, 98, 100] ❌  | spn=['C3', 'D3', 'F#3', 'A2', 'B2'] ❌  | doremi=['do', 'mi', 'sol'] ❌
    [  47/100] dyad_p4      r=C4  square        midi=[48, 56, 71] ❌  | spn=['C3', 'D3', 'F#3', 'A2', 'B2'] ❌  | doremi=['do', 'mi', 'sol'] ❌
    [  48/100] dyad_p4      r=E4  bass          midi=[43, 50, 62] ❌  | spn=['C3', 'D3', 'F#3', 'A2', 'B2'] ❌  | doremi=['do', 'mi', 'sol'] ❌
    [  49/100] dyad_p4      r=G2  square        midi=[48, 52, 60, 71] ❌  | spn=['C3', 'D3', 'F3', 'A2', 'B2'] ❌  | doremi=['do', 'mi', 'sol'] ❌
    [  50/100] dyad_p4      r=C4  electric_keyboard  midi=[60, 72, 84] ❌  | spn=['C5', 'D5', 'F5', 'A4', 'B4'] ❌  | doremi=['do', 'mi', 'sol'] ❌
    [  51/100] dyad_p5      r=G2  cello         midi=[43, 50, 62] ❌  | spn=['C3', 'D3', 'F3', 'A2', 'B2'] ❌  | doremi=['do', 'mi', 'sol'] ❌
    [  52/100] dyad_p5      r=C#5 piano         midi=[43, 50, 62, 71] ❌  | spn=['C5', 'D5', 'F5', 'A3', 'B4'] ❌  | doremi=['do', 're', 'mi'] ❌
    [  53/100] dyad_p5      r=E4  trombone      midi=[63, 70, 75] ❌  | spn=['C3', 'D3', 'F3', 'A2', 'B2'] ❌  | doremi=['do', 'mi', 'sol'] ❌
    [  54/100] dyad_p5      r=G5  piano         midi=[72, 80, 84] ❌  | spn=['C5', 'D5', 'F5', 'A4', 'B4'] ❌  | doremi=[] ❌
    [  55/100] dyad_p5      r=A4  bass          midi=[45, 61, 73] ❌  | spn=['C#5', 'D5', 'F#6', 'A#3', 'B4'] ❌  | doremi=['do', 'mi', 'sol'] ❌
    [  56/100] dyad_tt      r=F#3 flute         midi=[48, 56, 63] ❌  | spn=['C3', 'D3', 'F3', 'A2', 'B2'] ❌  | doremi=['do', 'mi', 'sol'] ❌
    [  57/100] dyad_tt      r=A4  voice         midi=[69, 72, 81] ❌  | spn=['C5', 'D5', 'F5', 'A3', 'B4'] ❌  | doremi=['do', 'mi', 'sol'] ❌
    [  58/100] dyad_tt      r=A4  clarinet      midi=[69, 71, 82] ❌  | spn=['C5', 'D5', 'F5', 'A4', 'B3'] ❌  | doremi=['do', 'mi', 'sol'] ❌
    [  59/100] dyad_tt      r=A#3 violin        midi=[46, 58, 70] ❌  | spn=['C3', 'D3', 'F3', 'A2', 'B2'] ❌  | doremi=['do', 'mi', 'sol'] ❌
    [  60/100] dyad_tt      r=E4  triangle      midi=[63, 70, 82] ❌  | spn=['C3', 'D3', 'F3', 'A2', 'B2'] ❌  | doremi=['do', 'mi', 'sol'] ❌
    [  61/100] dyad_uni     r=C2  synth_pad     midi=[48, 52, 60, 71] ❌  | spn=['C3', 'D3', 'F3', 'A2', 'B2'] ❌  | doremi=['do', 'mi', 'sol'] ❌
    [  62/100] dyad_uni     r=F#3 oboe          midi=[42, 56] ❌  | spn=['C3', 'D3', 'F3', 'A2', 'B2'] ❌  | doremi=['do', 'mi', 'sol'] ❌
    [  63/100] dyad_uni     r=C4  oboe          midi=[60, 72, 84] ❌  | spn=['C3', 'D3', 'F3', 'A2', 'B2'] ❌  | doremi=['do', 'mi', 'sol'] ❌
    [  64/100] dyad_uni     r=F#3 flute         midi=[42, 58, 61, 70] ❌  | spn=['C3', 'D3', 'F3', 'A2', 'B2'] ❌  | doremi=['do', 'mi', 'sol'] ❌
    [  65/100] dyad_uni     r=G5  trumpet       midi=[79, 81, 83] ❌  | spn=['C5', 'D5', 'F5', 'A4', 'B3'] ❌  | doremi=['do', 'mi', 'sol'] ❌
    [  66/100] seventh_dom  r=C#5 piano         midi=[46, 58, 70] ❌  | spn=['C5', 'D5', 'F5', 'A3', 'B4'] ❌  | doremi=['do', 'do', 'do'] ❌
    [  67/100] seventh_dom  r=E4  electric_keyboard  midi=[48, 53, 61] ❌  | spn=['C5', 'D5', 'F#6', 'A#3'] ❌  | doremi=['do', 'mi', 'sol'] ❌
    [  68/100] seventh_dom  r=A#3 synth_pad     midi=[61, 73, 80] ❌  | spn=['C3', 'D3', 'F#3', 'A2', 'B2'] ❌  | doremi=['do', 'mi', 'sol'] ❌
    [  69/100] seventh_dom  r=G4  organ         midi=[60, 58, 57, 49, 53, 52, 51, 56] ❌  | spn=['C3', 'D3', 'F#3', 'A2', 'B2'] ❌  | doremi=['do', 'mi', 'sol'] ❌
    [  70/100] seventh_dom  r=C2  trombone      midi=[34, 50, 61] ❌  | spn=[] ❌  | doremi=['do', 're', 'mi'] ❌
    [  71/100] seventh_maj  r=C4  triangle      midi=[48, 56, 71] ❌  | spn=['C3', 'D3', 'F3', 'A2', 'B2'] ❌  | doremi=['do', 'mi', 'sol'] ❌
    [  72/100] seventh_maj  r=F#1 synth_lead    midi=[48, 52, 60, 71, 73, 79] ❌  | spn=['C3', 'D3', 'F#3', 'A2', 'B2'] ❌  | doremi=['do', 'mi', 'sol'] ❌
    [  73/100] seventh_maj  r=G4  trombone      midi=[67, 72, 80] ❌  | spn=['C3', 'D3', 'F3', 'A2', 'B2'] ❌  | doremi=['do', 'mi', 'sol'] ❌
    [  74/100] seventh_maj  r=C#5 bass          midi=[68, 70, 72] ❌  | spn=['C5', 'D5', 'F5', 'A3', 'B4'] ❌  | doremi=['do', 'mi', 'sol'] ❌
    [  75/100] seventh_maj  r=E4  piano         midi=[46, 58, 70] ❌  | spn=['C5', 'D5', 'F#6', 'A#3'] ❌  | doremi=[] ❌
    [  76/100] seventh_min  r=C2  organ         midi=[41, 53, 69, 72, 80] ❌  | spn=['C3', 'D3', 'F#3', 'A2', 'B2'] ❌  | doremi=['do', 'mi', 'sol'] ❌
    [  77/100] seventh_min  r=A#3 cello         midi=[48, 51, 63] ❌  | spn=['C5', 'D5', 'F5', 'A3', 'B4'] ❌  | doremi=['do', 'mi', 'sol'] ❌
    [  78/100] seventh_min  r=G4  trombone      midi=[61, 73, 80] ❌  | spn=['C3', 'D3', 'F3', 'A2', 'B2'] ❌  | doremi=['do', 'mi', 'sol'] ❌
    [  79/100] seventh_min  r=E6  trumpet       midi=[69, 71, 80] ❌  | spn=['C5', 'D5', 'F5', 'A4', 'B3'] ❌  | doremi=['do', 'mi', 'sol'] ❌
    [  80/100] seventh_min  r=C#5 violin        midi=[60, 72, 84] ❌  | spn=['C5', 'D5', 'F5', 'A3'] ❌  | doremi=['do', 'mi', 'sol'] ❌
    [  81/100] triad_aug    r=G5  guitar        midi=[67, 72, 80] ❌  | spn=['C5', 'D5', 'F5', 'A3', 'B4'] ❌  | doremi=['do', 're', 'mi'] ❌
    [  82/100] triad_aug    r=C3  synth_lead    midi=[48, 56, 71] ❌  | spn=['C3', 'D3', 'F#3', 'A2', 'B2'] ❌  | doremi=['do', 'mi', 'sol'] ❌
    [  83/100] triad_aug    r=E4  square        midi=[48, 52, 60, 71] ❌  | spn=['C3', 'D3', 'F#3', 'A2', 'B2'] ❌  | doremi=['do', 'mi', 'sol'] ❌
    [  84/100] triad_aug    r=C3  organ         midi=[61, 73, 80, 92] ❌  | spn=['C3', 'D3', 'F#3', 'A2', 'B2'] ❌  | doremi=['do', 'mi', 'sol'] ❌
    [  85/100] triad_aug    r=C4  violin        midi=[48, 56, 71] ❌  | spn=['C3', 'D3', 'F#3', 'A2', 'B2'] ❌  | doremi=['do', 'mi', 'sol'] ❌
    [  86/100] triad_dim    r=E4  sawtooth      midi=[48, 52, 60, 71] ❌  | spn=['C3', 'D3', 'F#3', 'A2', 'B2'] ❌  | doremi=['do', 'mi', 'sol'] ❌
    [  87/100] triad_dim    r=E5  clarinet      midi=[69, 71, 80] ❌  | spn=['C5', 'D5', 'F5', 'A4', 'B3'] ❌  | doremi=['do', 'mi', 'sol'] ❌
    [  88/100] triad_dim    r=C#5 organ         midi=[60, 72, 84] ❌  | spn=['C3', 'D3', 'F#3', 'A2', 'B2'] ❌  | doremi=['do', 'mi', 'sol'] ❌
    [  89/100] triad_dim    r=A4  organ         midi=[61, 73, 85] ❌  | spn=['C3', 'D3', 'F#3', 'A2', 'B2'] ❌  | doremi=['do', 'mi', 'sol'] ❌
    [  90/100] triad_dim    r=A#3 synth_pad     midi=[48, 53, 61, 70] ❌  | spn=['C3', 'D3', 'F#3', 'A2', 'B2'] ❌  | doremi=['do', 'mi', 'sol'] ❌
    [  91/100] triad_maj    r=C3  cello         midi=[48, 51, 63, 70] ❌  | spn=['C3', 'D3', 'F3', 'A2', 'B2'] ❌  | doremi=['do', 'mi', 'sol'] ✅
    [  92/100] triad_maj    r=E6  cello         midi=[68, 71, 73, 75, 79] ❌  | spn=['C5', 'D5', 'F5', 'A3', 'B4'] ❌  | doremi=['do', 'mi', 'sol'] ❌
    [  93/100] triad_maj    r=E6  electric_keyboard  midi=[46, 58, 70] ❌  | spn=['C3', 'D3', 'F#3', 'A2', 'B2'] ❌  | doremi=['do', 'mi', 'sol'] ❌
    [  94/100] triad_maj    r=G2  trumpet       midi=[36, 41, 50] ❌  | spn=['C3', 'D3', 'F3', 'A2', 'B2'] ❌  | doremi=['do', 'mi', 'sol'] ❌
    [  95/100] triad_maj    r=C2  electric_keyboard  midi=[45, 61, 73, 80] ❌  | spn=['C3', 'D3', 'F3', 'A2', 'B2'] ❌  | doremi=['do', 'mi', 'sol'] ✅
    [  96/100] triad_min    r=G2  voice         midi=[48, 51, 63, 70, 72, 79] ❌  | spn=['C3', 'D3', 'F#3', 'A2', 'B2'] ❌  | doremi=['do', 'mi', 'sol'] ❌
    [  97/100] triad_min    r=F#3 square        midi=[48, 56, 71] ❌  | spn=['C3', 'D3', 'F3', 'A2', 'B2'] ❌  | doremi=['do', 'mi', 'sol'] ❌
    [  98/100] triad_min    r=F#3 electric_keyboard  midi=[48, 50, 63] ❌  | spn=['C3', 'D3', 'F#3', 'A2', 'B2'] ❌  | doremi=['do'] ❌
    [  99/100] triad_min    r=E5  flute         midi=[64, 72, 80] ❌  | spn=['C5', 'D5', 'F5', 'A3'] ❌  | doremi=['do', 'mi', 'sol'] ❌
    [ 100/100] triad_min    r=C2  cello         midi=[36, 41, 50, 57, 62, 68] ❌  | spn=['C3', 'D3', 'F3', 'A2', 'B2'] ❌  | doremi=['do', 'mi', 'sol'] ❌

============================================================
SUMMARY — audio_flamingo_next_instruct
  Sampling     : 100 of 5320 (stratified by 'chord_type', seed=42)
  Stimuli (total)     : 100
  Stimuli (condition) : 100  (all records)

      Metric   Accuracy
  ───────────────────────
        MIDI       0.0%
         SPN       0.0%
      DOREMI       2.0%

  *** WARNING: working tree has uncommitted changes — results will NOT be exactly reproducible from git_commit alone ***


Results saved → results/run_20260505_071452/pitchbench_c3_chord_pitch_id/run_001_20260505_075831/results_audio_flamingo_next_instruct.*

############################################################
# pitchbench_c4_chord_quality
############################################################

Experiment : pitchbench_c4_chord_quality
Models     : audio_flamingo_next_instruct
Stimuli    : 50
  Sampling     : 50 of 10336 (stratified by '(chord_quality_gt, task)', seed=42)

  Model : Audio Flamingo Next – instruct
    [dispatch] 50 items, max_workers=1
    [   1/50] augmented   root=G2   same_instrumentation=True  quality_only  quality=m7b5 ❌  | root=None ❌  | joint=None ❌
    [   2/50] augmented   root=E5   same_instrumentation=False quality_only  quality=major ❌  | root=None ❌  | joint=None ❌
    [   3/50] augmented   root=C2   same_instrumentation=False quality_only  quality=augmented ✅  | root=None ❌  | joint=None ❌
    [   4/50] augmented   root=G5   same_instrumentation=False quality_only  quality=major ❌  | root=None ❌  | joint=None ❌
    [   5/50] augmented   root=F#3  same_instrumentation=False quality_only  quality=major ❌  | root=None ❌  | joint=None ❌
    [   6/50] diminished  root=G2   same_instrumentation=False quality_only  quality=major ❌  | root=None ❌  | joint=None ❌
    [   7/50] diminished  root=C4   same_instrumentation=False quality_only  quality=maj7 ❌  | root=None ❌  | joint=None ❌
    [   8/50] diminished  root=A#3  same_instrumentation=True  quality_only  quality=major ❌  | root=None ❌  | joint=None ❌
    [   9/50] diminished  root=G5   same_instrumentation=True  quality_only  quality=major ❌  | root=None ❌  | joint=None ❌
    [  10/50] diminished  root=F#3  same_instrumentation=False quality_only  quality=major ❌  | root=None ❌  | joint=None ❌
    [  11/50] dom7        root=G2   same_instrumentation=True  quality_only  quality=m7b5 ❌  | root=None ❌  | joint=None ❌
    [  12/50] dom7        root=G4   same_instrumentation=False quality_only  quality=augmented ❌  | root=None ❌  | joint=None ❌
    [  13/50] dom7        root=E4   same_instrumentation=False quality_only  quality=major ❌  | root=None ❌  | joint=None ❌
    [  14/50] dom7        root=G2   same_instrumentation=True  quality_only  quality=augmented ❌  | root=None ❌  | joint=None ❌
    [  15/50] dom7        root=E5   same_instrumentation=False quality_only  quality=major ❌  | root=None ❌  | joint=None ❌
    [  16/50] m7b5        root=A4   same_instrumentation=True  quality_only  quality=sus4 ❌  | root=None ❌  | joint=None ❌
    [  17/50] m7b5        root=F#1  same_instrumentation=False quality_only  quality=m7b5 ✅  | root=None ❌  | joint=None ❌
    [  18/50] m7b5        root=C2   same_instrumentation=True  quality_only  quality=m7b5 ✅  | root=None ❌  | joint=None ❌
    [  19/50] m7b5        root=C#5  same_instrumentation=False quality_only  quality=maj7 ❌  | root=None ❌  | joint=None ❌
    [  20/50] m7b5        root=G2   same_instrumentation=False quality_only  quality=major ❌  | root=None ❌  | joint=None ❌
    [  21/50] maj7        root=E4   same_instrumentation=False quality_only  quality=sus4 ❌  | root=None ❌  | joint=None ❌
    [  22/50] maj7        root=G4   same_instrumentation=True  quality_only  quality=maj7 ✅  | root=None ❌  | joint=None ❌
    [  23/50] maj7        root=C4   same_instrumentation=True  quality_only  quality=major ❌  | root=None ❌  | joint=None ❌
    [  24/50] maj7        root=C4   same_instrumentation=False quality_only  quality=major ❌  | root=None ❌  | joint=None ❌
    [  25/50] maj7        root=G4   same_instrumentation=False quality_only  quality=major ❌  | root=None ❌  | joint=None ❌
    [  26/50] major       root=E5   same_instrumentation=False quality_only  quality=maj7 ❌  | root=None ❌  | joint=None ❌
    [  27/50] major       root=F#3  same_instrumentation=False quality_only  quality=major ✅  | root=None ❌  | joint=None ❌
    [  28/50] major       root=C4   same_instrumentation=False quality_only  quality=major ✅  | root=None ❌  | joint=None ❌
    [  29/50] major       root=A4   same_instrumentation=True  quality_only  quality=major ✅  | root=None ❌  | joint=None ❌
    [  30/50] major       root=G5   same_instrumentation=False quality_only  quality=major ✅  | root=None ❌  | joint=None ❌
    [  31/50] min7        root=A#3  same_instrumentation=True  quality_only  quality=maj7 ❌  | root=None ❌  | joint=None ❌
    [  32/50] min7        root=G5   same_instrumentation=True  quality_only  quality=major ❌  | root=None ❌  | joint=None ❌
    [  33/50] min7        root=C2   same_instrumentation=False quality_only  quality=major ❌  | root=None ❌  | joint=None ❌
    [  34/50] min7        root=C4   same_instrumentation=True  quality_only  quality=major ❌  | root=None ❌  | joint=None ❌
    [  35/50] min7        root=A4   same_instrumentation=True  quality_only  quality=maj7 ❌  | root=None ❌  | joint=None ❌
    [  36/50] minor       root=G4   same_instrumentation=False quality_only  quality=major ❌  | root=None ❌  | joint=None ❌
    [  37/50] minor       root=C4   same_instrumentation=False quality_only  quality=major ❌  | root=None ❌  | joint=None ❌
    [  38/50] minor       root=C#5  same_instrumentation=False quality_only  quality=major ❌  | root=None ❌  | joint=None ❌
    [  39/50] minor       root=E5   same_instrumentation=True  quality_only  quality=major ❌  | root=None ❌  | joint=None ❌
    [  40/50] minor       root=C2   same_instrumentation=True  quality_only  quality=m7b5 ❌  | root=None ❌  | joint=None ❌
    [  41/50] sus2        root=C3   same_instrumentation=False quality_only  quality=major ❌  | root=None ❌  | joint=None ❌
    [  42/50] sus2        root=G2   same_instrumentation=True  quality_only  quality=m7b5 ❌  | root=None ❌  | joint=None ❌
    [  43/50] sus2        root=F#3  same_instrumentation=False quality_only  quality=augmented ❌  | root=None ❌  | joint=None ❌
    [  44/50] sus2        root=G2   same_instrumentation=True  quality_only  quality=augmented ❌  | root=None ❌  | joint=None ❌
    [  45/50] sus2        root=G4   same_instrumentation=True  quality_only  quality=maj7 ❌  | root=None ❌  | joint=None ❌
    [  46/50] sus4        root=C2   same_instrumentation=False quality_only  quality=major ❌  | root=None ❌  | joint=None ❌
    [  47/50] sus4        root=A4   same_instrumentation=False quality_only  quality=major ❌  | root=None ❌  | joint=None ❌
    [  48/50] sus4        root=C#5  same_instrumentation=False quality_only  quality=major ❌  | root=None ❌  | joint=None ❌
    [  49/50] sus4        root=C4   same_instrumentation=True  quality_only  quality=major ❌  | root=None ❌  | joint=None ❌
    [  50/50] sus4        root=C4   same_instrumentation=True  quality_only  quality=maj7 ❌  | root=None ❌  | joint=None ❌

============================================================
SUMMARY — audio_flamingo_next_instruct
  Sampling     : 50 of 10336 (stratified by '(chord_quality_gt, task)', seed=42)
  Stimuli (total)     : 50
  Stimuli (condition) : 50  (all records)

      Metric   Accuracy
  ───────────────────────
     QUALITY      16.0%
        ROOT       0.0%
       JOINT       0.0%

  *** WARNING: working tree has uncommitted changes — results will NOT be exactly reproducible from git_commit alone ***


Results saved → results/run_20260505_071452/pitchbench_c4_chord_quality/run_001_20260505_075951/results_audio_flamingo_next_instruct.*

############################################################
# pitchbench_d1_seq_pitch_count
############################################################

Experiment : pitchbench_d1_seq_pitch_count
Models     : audio_flamingo_next_instruct
Stimuli    : 70
  Sampling     : 70 of 1596 (stratified by '(n, rhythm)', seed=42)

  Model : Audio Flamingo Next – instruct
    [dispatch] 70 items, max_workers=1
    [   1/70] n= 1 irregular      cello dur= 5000ms t=0  count=1 ✅
    [   2/70] n= 1 irregular     square dur= 1000ms t=2  count=4 ❌
    [   3/70] n= 1 irregular       sine dur= 5000ms t=0  count=1 ✅
    [   4/70] n= 1 irregular       bass dur= 5000ms t=1  count=1 ✅
    [   5/70] n= 1 irregular electric_keyboard dur= 5000ms t=2  count=2 ❌
    [   6/70] n= 1   regular electric_keyboard dur= 1000ms t=1  count=4 ❌
    [   7/70] n= 1   regular      piano dur= 5000ms t=1  count=12 ❌
    [   8/70] n= 1   regular     square dur= 5000ms t=2  count=1 ✅
    [   9/70] n= 1   regular       bass dur= 5000ms t=1  count=1 ✅
    [  10/70] n= 1   regular     square dur= 1000ms t=1  count=3 ❌
    [  11/70] n=10 irregular      organ dur= 1000ms t=2  count=12 ❌
    [  12/70] n=10 irregular       bass dur= 5000ms t=1  count=4 ❌
    [  13/70] n=10 irregular       oboe dur= 5000ms t=0  count=4 ❌
    [  14/70] n=10 irregular   sawtooth dur= 5000ms t=2  count=4 ❌
    [  15/70] n=10 irregular     violin dur= 5000ms t=0  count=4 ❌
    [  16/70] n=10   regular   trombone dur= 1000ms t=0  count=4 ❌
    [  17/70] n=10   regular       sine dur= 5000ms t=1  count=3 ❌
    [  18/70] n=10   regular       sine dur= 5000ms t=0  count=3 ❌
    [  19/70] n=10   regular   sawtooth dur= 5000ms t=2  count=3 ❌
    [  20/70] n=10   regular      piano dur= 5000ms t=0  count=12 ❌
    [  21/70] n= 2 irregular      piano dur= 5000ms t=2  count=3 ❌
    [  22/70] n= 2 irregular   clarinet dur= 5000ms t=1  count=3 ❌
    [  23/70] n= 2 irregular     violin dur= 5000ms t=2  count=2 ✅
    [  24/70] n= 2 irregular       sine dur= 5000ms t=0  count=2 ✅
    [  25/70] n= 2 irregular       oboe dur= 5000ms t=2  count=2 ✅
    [  26/70] n= 2   regular      piano dur= 1000ms t=1  count=3 ❌
    [  27/70] n= 2   regular       bass dur= 1000ms t=1  count=3 ❌
    [  28/70] n= 2   regular      cello dur= 5000ms t=2  count=3 ❌
    [  29/70] n= 2   regular      organ dur= 5000ms t=2  count=4 ❌
    [  30/70] n= 2   regular       oboe dur= 5000ms t=0  count=2 ✅
    [  31/70] n= 3 irregular    trumpet dur= 5000ms t=2  count=3 ✅
    [  32/70] n= 3 irregular      piano dur= 5000ms t=1  count=3 ✅
    [  33/70] n= 3 irregular   trombone dur= 5000ms t=0  count=3 ✅
    [  34/70] n= 3 irregular     violin dur= 5000ms t=0  count=3 ✅
    [  35/70] n= 3 irregular electric_keyboard dur= 5000ms t=2  count=2 ❌
    [  36/70] n= 3   regular  synth_pad dur= 1000ms t=1  count=3 ✅
    [  37/70] n= 3   regular      voice dur= 5000ms t=0  count=4 ❌
    [  38/70] n= 3   regular       sine dur= 1000ms t=0  count=2 ❌
    [  39/70] n= 3   regular synth_lead dur= 1000ms t=1  count=3 ✅
    [  40/70] n= 3   regular   triangle dur= 1000ms t=2  count=10 ❌
    [  41/70] n= 4 irregular      organ dur= 5000ms t=2  count=4 ✅
    [  42/70] n= 4 irregular   trombone dur= 1000ms t=0  count=3 ❌
    [  43/70] n= 4 irregular      flute dur= 1000ms t=1  count=3 ❌
    [  44/70] n= 4 irregular electric_keyboard dur= 5000ms t=2  count=3 ❌
    [  45/70] n= 4 irregular   triangle dur= 1000ms t=1  count=3 ❌
    [  46/70] n= 4   regular      piano dur= 5000ms t=0  count=3 ❌
    [  47/70] n= 4   regular synth_lead dur= 1000ms t=1  count=3 ❌
    [  48/70] n= 4   regular      flute dur= 1000ms t=1  count=3 ❌
    [  49/70] n= 4   regular     square dur= 1000ms t=1  count=3 ❌
    [  50/70] n= 4   regular   sawtooth dur= 5000ms t=2  count=3 ❌
    [  51/70] n= 5 irregular    trumpet dur= 1000ms t=0  count=3 ❌
    [  52/70] n= 5 irregular     square dur= 1000ms t=0  count=3 ❌
    [  53/70] n= 5 irregular      flute dur= 5000ms t=0  count=3 ❌
    [  54/70] n= 5 irregular      voice dur= 1000ms t=0  count=3 ❌
    [  55/70] n= 5 irregular      flute dur= 1000ms t=2  count=3 ❌
    [  56/70] n= 5   regular     violin dur= 5000ms t=2  count=4 ❌
    [  57/70] n= 5   regular electric_keyboard dur= 5000ms t=0  count=4 ❌
    [  58/70] n= 5   regular  synth_pad dur= 1000ms t=1  count=3 ❌
    [  59/70] n= 5   regular       sine dur= 5000ms t=2  count=3 ❌
    [  60/70] n= 5   regular       bass dur= 5000ms t=0  count=3 ❌
    [  61/70] n= 7 irregular   trombone dur= 5000ms t=1  count=2 ❌
    [  62/70] n= 7 irregular       oboe dur= 1000ms t=2  count=3 ❌
    [  63/70] n= 7 irregular     square dur= 5000ms t=0  count=12 ❌
    [  64/70] n= 7 irregular    trumpet dur= 1000ms t=0  count=3 ❌
    [  65/70] n= 7 irregular   sawtooth dur= 5000ms t=1  count=2 ❌
    [  66/70] n= 7   regular       oboe dur= 5000ms t=1  count=12 ❌
    [  67/70] n= 7   regular     guitar dur= 1000ms t=1  count=4 ❌
    [  68/70] n= 7   regular  synth_pad dur= 5000ms t=1  count=4 ❌
    [  69/70] n= 7   regular      cello dur= 1000ms t=2  count=4 ❌
    [  70/70] n= 7   regular      cello dur= 1000ms t=1  count=4 ❌

============================================================
SUMMARY — audio_flamingo_next_instruct
  Sampling     : 70 of 1596 (stratified by '(n, rhythm)', seed=42)
  Stimuli (total)     : 70
  Stimuli (condition) : 70  (all records)

          Metric   Accuracy
  ───────────────────────────
           COUNT      22.9%

  *** WARNING: working tree has uncommitted changes — results will NOT be exactly reproducible from git_commit alone ***


Results saved → results/run_20260505_071452/pitchbench_d1_seq_pitch_count/run_001_20260505_075957/results_audio_flamingo_next_instruct.*

############################################################
# pitchbench_d2_pitch_difference
############################################################

Experiment : pitchbench_d2_pitch_difference
Models     : audio_flamingo_next_instruct
Stimuli    : 110
  Sampling     : 110 of 15048 (stratified by '(delta_cents, order)', seed=42)

  Model : Audio Flamingo Next – instruct
    [dispatch] 110 items, max_workers=1
    [   1/110] A4 Δ=    1c sep=1000ms dur=5000ms  answer=first ❌
    [   2/110] A3 Δ=    1c sep=1000ms dur=5000ms  answer=first ❌
    [   3/110] A5 Δ=    1c sep= 200ms dur=1000ms  answer=first ❌
    [   4/110] A5 Δ=    1c sep=2000ms dur=5000ms  answer=first ❌
    [   5/110] A3 Δ=    1c sep= 200ms dur=5000ms  answer=first ❌
    [   6/110] A3 Δ=    1c sep=2000ms dur=1000ms  answer=first ✅
    [   7/110] A5 Δ=    1c sep= 500ms dur=1000ms  answer=first ✅
    [   8/110] A5 Δ=    1c sep=2000ms dur=1000ms  answer=first ✅
    [   9/110] A5 Δ=    1c sep=2000ms dur=1000ms  answer=first ✅
    [  10/110] A5 Δ=    1c sep=1000ms dur=5000ms  answer=first ✅
    [  11/110] A3 Δ=   10c sep= 500ms dur=5000ms  answer=first ❌
    [  12/110] A4 Δ=   10c sep=1000ms dur=1000ms  answer=first ❌
    [  13/110] A3 Δ=   10c sep=2000ms dur=1000ms  answer=first ❌
    [  14/110] A5 Δ=   10c sep=1000ms dur=1000ms  answer=first ❌
    [  15/110] A5 Δ=   10c sep=1000ms dur=1000ms  answer=first ❌
    [  16/110] A5 Δ=   10c sep=2000ms dur=1000ms  answer=second ❌
    [  17/110] A5 Δ=   10c sep=1000ms dur=1000ms  answer=first ✅
    [  18/110] A3 Δ=   10c sep= 200ms dur=5000ms  answer=first ✅
    [  19/110] A5 Δ=   10c sep= 200ms dur=5000ms  answer=first ✅
    [  20/110] A4 Δ=   10c sep=1000ms dur=5000ms  answer=first ✅
    [  21/110] A5 Δ=  100c sep=1000ms dur=1000ms  answer=first ❌
    [  22/110] A5 Δ=  100c sep=2000ms dur=5000ms  answer=first ❌
    [  23/110] A5 Δ=  100c sep=2000ms dur=5000ms  answer=first ❌
    [  24/110] A3 Δ=  100c sep=2000ms dur=5000ms  answer=first ❌
    [  25/110] A4 Δ=  100c sep=1000ms dur=5000ms  answer=second ✅
    [  26/110] A5 Δ=  100c sep= 500ms dur=1000ms  answer=first ✅
    [  27/110] A5 Δ=  100c sep=1000ms dur=5000ms  answer=first ✅
    [  28/110] A5 Δ=  100c sep= 200ms dur=1000ms  answer=second ❌
    [  29/110] A5 Δ=  100c sep=2000ms dur=1000ms  answer=first ✅
    [  30/110] A4 Δ=  100c sep= 500ms dur=1000ms  answer=first ✅
    [  31/110] A3 Δ= 1200c sep=2000ms dur=1000ms  answer=first ❌
    [  32/110] A4 Δ= 1200c sep= 200ms dur=5000ms  answer=first ❌
    [  33/110] A3 Δ= 1200c sep=2000ms dur=1000ms  answer=first ❌
    [  34/110] A3 Δ= 1200c sep= 500ms dur=5000ms  answer=first ❌
    [  35/110] A4 Δ= 1200c sep= 500ms dur=5000ms  answer=first ❌
    [  36/110] A4 Δ= 1200c sep=1000ms dur=1000ms  answer=second ❌
    [  37/110] A4 Δ= 1200c sep=1000ms dur=5000ms  answer=first ✅
    [  38/110] A3 Δ= 1200c sep=1000ms dur=5000ms  answer=first ✅
    [  39/110] A3 Δ= 1200c sep= 500ms dur=1000ms  answer=first ✅
    [  40/110] A5 Δ= 1200c sep=1000ms dur=1000ms  answer=second ❌
    [  41/110] A5 Δ=    2c sep=1000ms dur=1000ms  answer=first ❌
    [  42/110] A4 Δ=    2c sep=1000ms dur=1000ms  answer=first ❌
    [  43/110] A3 Δ=    2c sep= 500ms dur=1000ms  answer=first ❌
    [  44/110] A4 Δ=    2c sep= 500ms dur=5000ms  answer=first ❌
    [  45/110] A3 Δ=    2c sep= 200ms dur=5000ms  answer=first ❌
    [  46/110] A4 Δ=    2c sep=2000ms dur=5000ms  answer=first ✅
    [  47/110] A4 Δ=    2c sep=2000ms dur=1000ms  answer=first ✅
    [  48/110] A3 Δ=    2c sep= 200ms dur=5000ms  answer=first ✅
    [  49/110] A3 Δ=    2c sep=2000ms dur=5000ms  answer=first ✅
    [  50/110] A4 Δ=    2c sep=2000ms dur=5000ms  answer=first ✅
    [  51/110] A3 Δ=  200c sep=2000ms dur=5000ms  answer=first ❌
    [  52/110] A3 Δ=  200c sep= 200ms dur=5000ms  answer=first ❌
    [  53/110] A3 Δ=  200c sep= 200ms dur=1000ms  answer=first ❌
    [  54/110] A3 Δ=  200c sep=1000ms dur=1000ms  answer=first ❌
    [  55/110] A3 Δ=  200c sep=2000ms dur=5000ms  answer=first ❌
    [  56/110] A3 Δ=  200c sep= 200ms dur=1000ms  answer=first ✅
    [  57/110] A5 Δ=  200c sep= 200ms dur=1000ms  answer=second ❌
    [  58/110] A5 Δ=  200c sep=1000ms dur=5000ms  answer=first ✅
    [  59/110] A4 Δ=  200c sep= 500ms dur=5000ms  answer=first ✅
    [  60/110] A3 Δ=  200c sep= 500ms dur=1000ms  answer=first ✅
    [  61/110] A4 Δ=   25c sep= 200ms dur=5000ms  answer=first ❌
    [  62/110] A5 Δ=   25c sep= 200ms dur=1000ms  answer=first ❌
    [  63/110] A4 Δ=   25c sep=1000ms dur=1000ms  answer=first ❌
    [  64/110] A4 Δ=   25c sep= 500ms dur=1000ms  answer=first ❌
    [  65/110] A5 Δ=   25c sep= 500ms dur=5000ms  answer=first ❌
    [  66/110] A5 Δ=   25c sep=1000ms dur=1000ms  answer=first ✅
    [  67/110] A4 Δ=   25c sep= 500ms dur=1000ms  answer=first ✅
    [  68/110] A4 Δ=   25c sep= 500ms dur=5000ms  answer=first ✅
    [  69/110] A3 Δ=   25c sep= 500ms dur=5000ms  answer=first ✅
    [  70/110] A3 Δ=   25c sep=1000ms dur=1000ms  answer=first ✅
    [  71/110] A4 Δ=  400c sep=2000ms dur=5000ms  answer=first ❌
    [  72/110] A5 Δ=  400c sep=1000ms dur=5000ms  answer=first ❌
    [  73/110] A5 Δ=  400c sep= 200ms dur=5000ms  answer=first ❌
    [  74/110] A3 Δ=  400c sep=2000ms dur=5000ms  answer=first ❌
    [  75/110] A3 Δ=  400c sep= 500ms dur=5000ms  answer=first ❌
    [  76/110] A3 Δ=  400c sep=2000ms dur=5000ms  answer=first ✅
    [  77/110] A5 Δ=  400c sep= 500ms dur=1000ms  answer=second ❌
    [  78/110] A3 Δ=  400c sep= 200ms dur=1000ms  answer=first ✅
    [  79/110] A4 Δ=  400c sep=2000ms dur=5000ms  answer=first ✅
    [  80/110] A4 Δ=  400c sep= 200ms dur=1000ms  answer=second ❌
    [  81/110] A3 Δ=    5c sep= 500ms dur=5000ms  answer=first ❌
    [  82/110] A5 Δ=    5c sep= 200ms dur=5000ms  answer=first ❌
    [  83/110] A4 Δ=    5c sep=1000ms dur=1000ms  answer=first ❌
    [  84/110] A3 Δ=    5c sep= 500ms dur=1000ms  answer=first ❌
    [  85/110] A5 Δ=    5c sep=1000ms dur=5000ms  answer=first ❌
    [  86/110] A3 Δ=    5c sep= 200ms dur=1000ms  answer=first ✅
    [  87/110] A3 Δ=    5c sep= 500ms dur=5000ms  answer=first ✅
    [  88/110] A4 Δ=    5c sep= 200ms dur=1000ms  answer=first ✅
    [  89/110] A5 Δ=    5c sep= 200ms dur=1000ms  answer=first ✅
    [  90/110] A3 Δ=    5c sep= 500ms dur=1000ms  answer=first ✅
    [  91/110] A3 Δ=   50c sep=2000ms dur=5000ms  answer=first ❌
    [  92/110] A3 Δ=   50c sep= 200ms dur=5000ms  answer=first ❌
    [  93/110] A4 Δ=   50c sep=1000ms dur=1000ms  answer=first ❌
    [  94/110] A4 Δ=   50c sep= 500ms dur=5000ms  answer=first ❌
    [  95/110] A5 Δ=   50c sep= 200ms dur=5000ms  answer=first ❌
    [  96/110] A3 Δ=   50c sep= 200ms dur=1000ms  answer=first ✅
    [  97/110] A5 Δ=   50c sep= 200ms dur=1000ms  answer=first ✅
    [  98/110] A4 Δ=   50c sep=1000ms dur=5000ms  answer=first ✅
    [  99/110] A5 Δ=   50c sep= 500ms dur=5000ms  answer=first ✅
    [ 100/110] A5 Δ=   50c sep=2000ms dur=5000ms  answer=first ✅
    [ 101/110] A3 Δ=  700c sep=2000ms dur=1000ms  answer=first ❌
    [ 102/110] A5 Δ=  700c sep=1000ms dur=5000ms  answer=first ❌
    [ 103/110] A3 Δ=  700c sep= 200ms dur=5000ms  answer=first ❌
    [ 104/110] A5 Δ=  700c sep= 200ms dur=1000ms  answer=second ✅
    [ 105/110] A3 Δ=  700c sep=1000ms dur=5000ms  answer=first ❌
    [ 106/110] A3 Δ=  700c sep=2000ms dur=1000ms  answer=first ✅
    [ 107/110] A3 Δ=  700c sep=2000ms dur=5000ms  answer=first ✅
    [ 108/110] A3 Δ=  700c sep=1000ms dur=1000ms  answer=first ✅
    [ 109/110] A5 Δ=  700c sep=2000ms dur=5000ms  answer=first ✅
    [ 110/110] A4 Δ=  700c sep=2000ms dur=1000ms  answer=first ✅

============================================================
SUMMARY — audio_flamingo_next_instruct
  Sampling     : 110 of 15048 (stratified by '(delta_cents, order)', seed=42)
  Stimuli (total)     : 110
  Stimuli (condition) : 110  (all records)

          Metric   Accuracy
  ───────────────────────────
          ANSWER      45.5%

  *** WARNING: working tree has uncommitted changes — results will NOT be exactly reproducible from git_commit alone ***


Results saved → results/run_20260505_071452/pitchbench_d2_pitch_difference/run_001_20260505_080007/results_audio_flamingo_next_instruct.*

############################################################
# pitchbench_d3_interval_id_seq
############################################################

Experiment : pitchbench_d3_interval_id_seq
Models     : audio_flamingo_next_instruct
Stimuli    : 120
  Sampling     : 120 of 50464 (stratified by 'signed_st', seed=42)

  Model : Audio Flamingo Next – instruct
    [dispatch] 120 items, max_workers=1
    [   1/120] iv= -1st base=C2   sep= 200ms piano  interval=12 ❌
    [   2/120] iv= -1st base=G5   sep=1000ms sine  interval=0 ❌
    [   3/120] iv= -1st base=F#1  sep=1000ms clarinet  interval=12 ❌
    [   4/120] iv= -1st base=E6   sep=2000ms trumpet  interval=10 ❌
    [   5/120] iv= -1st base=G2   sep=1000ms trumpet  interval=2 ❌
    [   6/120] iv=-10st base=C2   sep=2000ms electric_keyboard  interval=2 ❌
    [   7/120] iv=-10st base=C#5  sep=2000ms triangle  interval=12 ❌
    [   8/120] iv=-10st base=G2   sep= 200ms triangle  interval=12 ❌
    [   9/120] iv=-10st base=C4   sep= 200ms bass  interval=2 ❌
    [  10/120] iv=-10st base=G2   sep=1000ms sawtooth  interval=12 ❌
    [  11/120] iv=-11st base=C2   sep=1000ms sawtooth  interval=12 ❌
    [  12/120] iv=-11st base=A#3  sep=2000ms triangle  interval=12 ❌
    [  13/120] iv=-11st base=E6   sep=2000ms flute  interval=12 ❌
    [  14/120] iv=-11st base=E4   sep= 200ms trumpet  interval=2 ❌
    [  15/120] iv=-11st base=C4   sep= 500ms voice  interval=0 ❌
    [  16/120] iv=-12st base=E6   sep= 200ms sine  interval=0 ❌
    [  17/120] iv=-12st base=C3   sep=1000ms flute  interval=12 ❌
    [  18/120] iv=-12st base=F#3  sep=1000ms bass  interval=12 ❌
    [  19/120] iv=-12st base=F#1  sep=1000ms trumpet  interval=12 ❌
    [  20/120] iv=-12st base=A#3  sep=2000ms synth_lead  interval=12 ❌
    [  21/120] iv= -2st base=G2   sep=2000ms clarinet  interval=10 ❌
    [  22/120] iv= -2st base=C3   sep=1000ms sine  interval=12 ❌
    [  23/120] iv= -2st base=E5   sep= 500ms electric_keyboard  interval=4 ❌
    [  24/120] iv= -2st base=C4   sep=2000ms bass  interval=2 ❌
    [  25/120] iv= -2st base=C4   sep= 500ms violin  interval=10 ❌
    [  26/120] iv= -3st base=G2   sep=1000ms clarinet  interval=10 ❌
    [  27/120] iv= -3st base=A4   sep= 200ms electric_keyboard  interval=4 ❌
    [  28/120] iv= -3st base=G5   sep= 500ms flute  interval=2 ❌
    [  29/120] iv= -3st base=F#3  sep=1000ms violin  interval=4 ❌
    [  30/120] iv= -3st base=C#5  sep=1000ms triangle  interval=12 ❌
    [  31/120] iv= -4st base=A#3  sep=2000ms triangle  interval=4 ❌
    [  32/120] iv= -4st base=G5   sep= 200ms cello  interval=12 ❌
    [  33/120] iv= -4st base=E4   sep= 200ms triangle  interval=0 ❌
    [  34/120] iv= -4st base=C2   sep=1000ms cello  interval=12 ❌
    [  35/120] iv= -4st base=G4   sep= 200ms violin  interval=4 ❌
    [  36/120] iv= -5st base=A4   sep=2000ms trombone  interval=4 ❌
    [  37/120] iv= -5st base=G4   sep= 500ms sawtooth  interval=12 ❌
    [  38/120] iv= -5st base=E5   sep= 500ms synth_lead  interval=10 ❌
    [  39/120] iv= -5st base=E4   sep=2000ms piano  interval=4 ❌
    [  40/120] iv= -5st base=E5   sep=1000ms cello  interval=12 ❌
    [  41/120] iv= -6st base=G5   sep=1000ms square  interval=12 ❌
    [  42/120] iv= -6st base=C#5  sep= 200ms clarinet  interval=2 ❌
    [  43/120] iv= -6st base=C3   sep= 500ms cello  interval=4 ❌
    [  44/120] iv= -6st base=F#1  sep=2000ms flute  interval=12 ❌
    [  45/120] iv= -6st base=E4   sep= 200ms square  interval=12 ❌
    [  46/120] iv= -7st base=A4   sep=2000ms sawtooth  interval=12 ❌
    [  47/120] iv= -7st base=F#3  sep= 500ms trumpet  interval=4 ❌
    [  48/120] iv= -7st base=G4   sep= 500ms clarinet  interval=10 ❌
    [  49/120] iv= -7st base=G5   sep=1000ms square  interval=12 ❌
    [  50/120] iv= -7st base=E4   sep= 500ms trumpet  interval=2 ❌
    [  51/120] iv= -8st base=A4   sep= 500ms triangle  interval=12 ❌
    [  52/120] iv= -8st base=G5   sep= 200ms cello  interval=4 ❌
    [  53/120] iv= -8st base=G2   sep=1000ms clarinet  interval=10 ❌
    [  54/120] iv= -8st base=G4   sep= 500ms synth_lead  interval=12 ❌
    [  55/120] iv= -8st base=F#3  sep=1000ms cello  interval=4 ❌
    [  56/120] iv= -9st base=E6   sep=1000ms electric_keyboard  interval=4 ❌
    [  57/120] iv= -9st base=E4   sep= 200ms cello  interval=4 ❌
    [  58/120] iv= -9st base=E6   sep=2000ms violin  interval=12 ❌
    [  59/120] iv= -9st base=A4   sep=1000ms flute  interval=2 ❌
    [  60/120] iv= -9st base=C#5  sep= 500ms trombone  interval=4 ❌
    [  61/120] iv= +1st base=G4   sep= 200ms square  interval=12 ❌
    [  62/120] iv= +1st base=C3   sep= 200ms guitar  interval=0 ❌
    [  63/120] iv= +1st base=E6   sep=1000ms trumpet  interval=4 ❌
    [  64/120] iv= +1st base=E6   sep= 500ms electric_keyboard  interval=4 ❌
    [  65/120] iv= +1st base=G5   sep= 500ms synth_lead  interval=12 ❌
    [  66/120] iv=+10st base=C4   sep= 500ms flute  interval=12 ❌
    [  67/120] iv=+10st base=F#3  sep= 200ms electric_keyboard  interval=2 ❌
    [  68/120] iv=+10st base=G2   sep=2000ms voice  interval=4 ❌
    [  69/120] iv=+10st base=E4   sep=1000ms violin  interval=4 ❌
    [  70/120] iv=+10st base=E4   sep= 500ms cello  interval=4 ❌
    [  71/120] iv=+11st base=G5   sep= 200ms clarinet  interval=12 ❌
    [  72/120] iv=+11st base=F#3  sep= 500ms piano  interval=2 ❌
    [  73/120] iv=+11st base=C4   sep=1000ms cello  interval=4 ❌
    [  74/120] iv=+11st base=A#3  sep= 200ms guitar  interval=2 ❌
    [  75/120] iv=+11st base=E4   sep=1000ms synth_lead  interval=12 ❌
    [  76/120] iv=+12st base=C2   sep= 500ms bass  interval=0 ❌
    [  77/120] iv=+12st base=C3   sep= 500ms bass  interval=12 ✅
    [  78/120] iv=+12st base=C2   sep=1000ms sawtooth  interval=12 ✅
    [  79/120] iv=+12st base=C4   sep= 500ms piano  interval=12 ✅
    [  80/120] iv=+12st base=G2   sep=2000ms synth_lead  interval=12 ✅
    [  81/120] iv= +2st base=G2   sep=2000ms sawtooth  interval=12 ❌
    [  82/120] iv= +2st base=E4   sep= 200ms oboe  interval=4 ❌
    [  83/120] iv= +2st base=A4   sep=2000ms organ  interval=4 ❌
    [  84/120] iv= +2st base=E5   sep= 200ms trombone  interval=2 ✅
    [  85/120] iv= +2st base=A#3  sep=2000ms square  interval=12 ❌
    [  86/120] iv= +3st base=C#5  sep= 200ms flute  interval=12 ❌
    [  87/120] iv= +3st base=E4   sep= 200ms oboe  interval=4 ❌
    [  88/120] iv= +3st base=C#5  sep=1000ms flute  interval=12 ❌
    [  89/120] iv= +3st base=C3   sep= 200ms voice  interval=0 ❌
    [  90/120] iv= +3st base=C4   sep= 200ms organ  interval=4 ❌
    [  91/120] iv= +4st base=C#5  sep=2000ms synth_lead  interval=12 ❌
    [  92/120] iv= +4st base=C3   sep= 500ms electric_keyboard  interval=12 ❌
    [  93/120] iv= +4st base=A4   sep= 200ms trombone  interval=4 ✅
    [  94/120] iv= +4st base=C2   sep=2000ms electric_keyboard  interval=1 ❌
    [  95/120] iv= +4st base=F#1  sep=1000ms trombone  interval=10 ❌
    [  96/120] iv= +5st base=G4   sep= 200ms trombone  interval=0 ❌
    [  97/120] iv= +5st base=A4   sep=1000ms bass  interval=2 ❌
    [  98/120] iv= +5st base=G4   sep=2000ms organ  interval=4 ❌
    [  99/120] iv= +5st base=C3   sep=1000ms cello  interval=4 ❌
    [ 100/120] iv= +5st base=F#1  sep=1000ms trumpet  interval=10 ❌
    [ 101/120] iv= +6st base=F#1  sep=1000ms electric_keyboard  interval=12 ❌
    [ 102/120] iv= +6st base=G4   sep=2000ms voice  interval=0 ❌
    [ 103/120] iv= +6st base=F#1  sep= 500ms voice  interval=12 ❌
    [ 104/120] iv= +6st base=F#3  sep= 200ms triangle  interval=12 ❌
    [ 105/120] iv= +6st base=C#5  sep= 200ms sawtooth  interval=12 ❌
    [ 106/120] iv= +7st base=F#1  sep= 500ms piano  interval=12 ❌
    [ 107/120] iv= +7st base=G4   sep=1000ms electric_keyboard  interval=10 ❌
    [ 108/120] iv= +7st base=E5   sep=2000ms electric_keyboard  interval=4 ❌
    [ 109/120] iv= +7st base=C4   sep= 500ms bass  interval=2 ❌
    [ 110/120] iv= +7st base=F#3  sep= 200ms square  interval=12 ❌
    [ 111/120] iv= +8st base=C2   sep= 200ms organ  interval=4 ❌
    [ 112/120] iv= +8st base=E6   sep=2000ms cello  interval=10 ❌
    [ 113/120] iv= +8st base=C2   sep= 500ms synth_pad  interval=4 ❌
    [ 114/120] iv= +8st base=G2   sep= 500ms trombone  interval=2 ❌
    [ 115/120] iv= +8st base=A#3  sep=2000ms sine  interval=12 ❌
    [ 116/120] iv= +9st base=A#3  sep= 500ms cello  interval=4 ❌
    [ 117/120] iv= +9st base=G2   sep= 200ms organ  interval=4 ❌
    [ 118/120] iv= +9st base=C3   sep=1000ms square  interval=12 ❌
    [ 119/120] iv= +9st base=A#3  sep= 200ms cello  interval=12 ❌
    [ 120/120] iv= +9st base=A#3  sep= 200ms synth_pad  interval=4 ❌

============================================================
SUMMARY — audio_flamingo_next_instruct
  Sampling     : 120 of 50464 (stratified by 'signed_st', seed=42)
  Stimuli (total)     : 120
  Stimuli (condition) : 120  (all records)

          Metric   Accuracy
  ───────────────────────────
        INTERVAL       5.0%

  *** WARNING: working tree has uncommitted changes — results will NOT be exactly reproducible from git_commit alone ***


Results saved → results/run_20260505_071452/pitchbench_d3_interval_id_seq/run_001_20260505_080019/results_audio_flamingo_next_instruct.*

############################################################
# pitchbench_d4_contour_discrete
############################################################

Experiment : pitchbench_d4_contour_discrete
Models     : audio_flamingo_next_instruct
Stimuli    : 100
  Sampling     : 100 of 30404 (stratified by '(n_transitions, step_size_st)', seed=42)

  Model : Audio Flamingo Next – instruct
    [dispatch] 100 items, max_workers=1
    [   1/100] nT=2 step=1st dur= 250ms bass  sequence=None ❌
    [   2/100] nT=2 step=1st dur= 250ms square  sequence=None ❌
    [   3/100] nT=2 step=1st dur= 500ms sine  sequence=None ❌
    [   4/100] nT=2 step=1st dur= 250ms voice  sequence=None ❌
    [   5/100] nT=2 step=1st dur=1000ms guitar  sequence=None ❌
    [   6/100] nT=2 step=11st dur= 500ms guitar  sequence=None ❌
    [   7/100] nT=2 step=11st dur= 500ms electric_keyboard  sequence=None ❌
    [   8/100] nT=2 step=11st dur= 250ms triangle  sequence=None ❌
    [   9/100] nT=2 step=11st dur= 250ms voice  sequence=None ❌
    [  10/100] nT=2 step=11st dur=1000ms square  sequence=None ❌
    [  11/100] nT=2 step=2st dur=1000ms synth_lead  sequence=None ❌
    [  12/100] nT=2 step=2st dur=1000ms voice  sequence=None ❌
    [  13/100] nT=2 step=2st dur= 250ms cello  sequence=None ❌
    [  14/100] nT=2 step=2st dur=1000ms square  sequence=None ❌
    [  15/100] nT=2 step=2st dur= 500ms organ  sequence=None ❌
    [  16/100] nT=2 step=4st dur= 250ms clarinet  sequence=None ❌
    [  17/100] nT=2 step=4st dur=1000ms sine  sequence=None ❌
    [  18/100] nT=2 step=4st dur= 250ms sine  sequence=None ❌
    [  19/100] nT=2 step=4st dur=1000ms square  sequence=None ❌
    [  20/100] nT=2 step=4st dur= 500ms electric_keyboard  sequence=None ❌
    [  21/100] nT=2 step=7st dur= 500ms electric_keyboard  sequence=None ❌
    [  22/100] nT=2 step=7st dur= 500ms violin  sequence=None ❌
    [  23/100] nT=2 step=7st dur= 500ms organ  sequence=None ❌
    [  24/100] nT=2 step=7st dur= 250ms sine  sequence=None ❌
    [  25/100] nT=2 step=7st dur= 500ms cello  sequence=None ❌
    [  26/100] nT=3 step=1st dur=1000ms piano  sequence=None ❌
    [  27/100] nT=3 step=1st dur= 500ms synth_pad  sequence=None ❌
    [  28/100] nT=3 step=1st dur=1000ms bass  sequence=None ❌
    [  29/100] nT=3 step=1st dur= 500ms synth_pad  sequence=None ❌
    [  30/100] nT=3 step=1st dur= 250ms cello  sequence=None ❌
    [  31/100] nT=3 step=11st dur= 250ms oboe  sequence=None ❌
    [  32/100] nT=3 step=11st dur= 250ms electric_keyboard  sequence=None ❌
    [  33/100] nT=3 step=11st dur= 250ms violin  sequence=None ❌
    [  34/100] nT=3 step=11st dur=1000ms bass  sequence=None ❌
    [  35/100] nT=3 step=11st dur= 250ms flute  sequence=None ❌
    [  36/100] nT=3 step=2st dur= 250ms sine  sequence=None ❌
    [  37/100] nT=3 step=2st dur= 250ms voice  sequence=None ❌
    [  38/100] nT=3 step=2st dur= 500ms triangle  sequence=None ❌
    [  39/100] nT=3 step=2st dur= 250ms synth_pad  sequence=None ❌
    [  40/100] nT=3 step=2st dur= 250ms clarinet  sequence=None ❌
    [  41/100] nT=3 step=4st dur= 250ms trumpet  sequence=None ❌
    [  42/100] nT=3 step=4st dur=1000ms guitar  sequence=None ❌
    [  43/100] nT=3 step=4st dur= 250ms triangle  sequence=None ❌
    [  44/100] nT=3 step=4st dur= 500ms electric_keyboard  sequence=None ❌
    [  45/100] nT=3 step=4st dur= 500ms voice  sequence=None ❌
    [  46/100] nT=3 step=7st dur= 250ms trumpet  sequence=None ❌
    [  47/100] nT=3 step=7st dur=1000ms square  sequence=None ❌
    [  48/100] nT=3 step=7st dur= 500ms square  sequence=None ❌
    [  49/100] nT=3 step=7st dur=1000ms trombone  sequence=None ❌
    [  50/100] nT=3 step=7st dur= 250ms square  sequence=None ❌
    [  51/100] nT=5 step=1st dur= 500ms trumpet  sequence=None ❌
    [  52/100] nT=5 step=1st dur= 500ms trumpet  sequence=None ❌
    [  53/100] nT=5 step=1st dur= 250ms organ  sequence=None ❌
    [  54/100] nT=5 step=1st dur= 250ms guitar  sequence=None ❌
    [  55/100] nT=5 step=1st dur=1000ms sawtooth  sequence=None ❌
    [  56/100] nT=5 step=11st dur=1000ms organ  sequence=None ❌
    [  57/100] nT=5 step=11st dur= 250ms synth_pad  sequence=None ❌
    [  58/100] nT=5 step=11st dur=1000ms triangle  sequence=None ❌
    [  59/100] nT=5 step=11st dur=1000ms violin  sequence=None ❌
    [  60/100] nT=5 step=11st dur= 250ms square  sequence=None ❌
    [  61/100] nT=5 step=2st dur= 500ms cello  sequence=None ❌
    [  62/100] nT=5 step=2st dur= 250ms flute  sequence=None ❌
    [  63/100] nT=5 step=2st dur= 500ms bass  sequence=None ❌
    [  64/100] nT=5 step=2st dur= 250ms bass  sequence=None ❌
    [  65/100] nT=5 step=2st dur= 500ms trumpet  sequence=None ❌
    [  66/100] nT=5 step=4st dur= 250ms organ  sequence=None ❌
    [  67/100] nT=5 step=4st dur= 500ms piano  sequence=None ❌
    [  68/100] nT=5 step=4st dur= 250ms synth_pad  sequence=None ❌
    [  69/100] nT=5 step=4st dur= 250ms sawtooth  sequence=None ❌
    [  70/100] nT=5 step=4st dur= 250ms sawtooth  sequence=None ❌
    [  71/100] nT=5 step=7st dur= 500ms synth_pad  sequence=None ❌
    [  72/100] nT=5 step=7st dur= 500ms guitar  sequence=None ❌
    [  73/100] nT=5 step=7st dur= 500ms flute  sequence=None ❌
    [  74/100] nT=5 step=7st dur= 250ms square  sequence=None ❌
    [  75/100] nT=5 step=7st dur= 250ms guitar  sequence=None ❌
    [  76/100] nT=7 step=1st dur= 500ms square  sequence=None ❌
    [  77/100] nT=7 step=1st dur=1000ms trombone  sequence=None ❌
    [  78/100] nT=7 step=1st dur=1000ms guitar  sequence=None ❌
    [  79/100] nT=7 step=1st dur=1000ms oboe  sequence=None ❌
    [  80/100] nT=7 step=1st dur=1000ms bass  sequence=None ❌
    [  81/100] nT=7 step=11st dur=1000ms cello  sequence=None ❌
    [  82/100] nT=7 step=11st dur=1000ms electric_keyboard  sequence=None ❌
    [  83/100] nT=7 step=11st dur=1000ms cello  sequence=None ❌
    [  84/100] nT=7 step=11st dur=1000ms violin  sequence=None ❌
    [  85/100] nT=7 step=11st dur= 500ms flute  sequence=None ❌
    [  86/100] nT=7 step=2st dur= 250ms synth_lead  sequence=None ❌
    [  87/100] nT=7 step=2st dur= 250ms guitar  sequence=None ❌
    [  88/100] nT=7 step=2st dur= 250ms synth_pad  sequence=None ❌
    [  89/100] nT=7 step=2st dur=1000ms synth_lead  sequence=None ❌
    [  90/100] nT=7 step=2st dur=1000ms bass  sequence=None ❌
    [  91/100] nT=7 step=4st dur= 250ms sawtooth  sequence=None ❌
    [  92/100] nT=7 step=4st dur= 500ms bass  sequence=None ❌
    [  93/100] nT=7 step=4st dur= 500ms bass  sequence=None ❌
    [  94/100] nT=7 step=4st dur= 250ms piano  sequence=None ❌
    [  95/100] nT=7 step=4st dur= 250ms cello  sequence=None ❌
    [  96/100] nT=7 step=7st dur=1000ms guitar  sequence=None ❌
    [  97/100] nT=7 step=7st dur= 500ms piano  sequence=None ❌
    [  98/100] nT=7 step=7st dur=1000ms cello  sequence=None ❌
    [  99/100] nT=7 step=7st dur=1000ms clarinet  sequence=None ❌
    [ 100/100] nT=7 step=7st dur= 500ms flute  sequence=None ❌

============================================================
SUMMARY — audio_flamingo_next_instruct
  Sampling     : 100 of 30404 (stratified by '(n_transitions, step_size_st)', seed=42)
  Stimuli (total)     : 100
  Stimuli (condition) : 100  (all records)

          Metric   Accuracy
  ───────────────────────────
        SEQUENCE       0.0%

  *** WARNING: working tree has uncommitted changes — results will NOT be exactly reproducible from git_commit alone ***


Results saved → results/run_20260505_071452/pitchbench_d4_contour_discrete/run_001_20260505_080058/results_audio_flamingo_next_instruct.*

############################################################
# pitchbench_d5_contour_continuous
############################################################

Experiment : pitchbench_d5_contour_continuous
Models     : audio_flamingo_next_instruct
Stimuli    : 20
  Sampling     : 20 of 896 (stratified by 'traj_name', seed=42)

  Model : Audio Flamingo Next – instruct
    [dispatch] 20 items, max_workers=1
    [   1/20] down           start=G5   Δ=+12st square      trajectory=up, down, up, down, up, down, up, down, up, down, up, down, up, down, up, down, up, down, up, down, up, down, up, down, up, down, up, down, up, down, up, down, up, down, up, down, up, down, up, down, up, down, up, down, up, down, up, down, up, down, up, down, up, down, up, down, up, down, up, down, up, down, up, down ❌
    [   2/20] down           start=E4   Δ=+1st sine        trajectory=None ❌
    [   3/20] down           start=C2   Δ=+7st sine        trajectory=None ❌
    [   4/20] down           start=A#3  Δ=+4st triangle    trajectory=up, down, up, down, up, down, up, down, up, down, up, down, up, down, up, down, up, down, up, down, up, down, up, down, up, down, up, down, up, down, up, down, up, down, up, down, up, down, up, down, up, down, up, down, up, down, up, down, up, down, up, down, up, down, up, down, up, down, up, down, up, down, up, down ❌
    [   5/20] down           start=C3   Δ=+7st sawtooth    trajectory=None ❌
    [   6/20] down_then_up   start=C2   Δ=+7st sawtooth    trajectory=up, down, up, down, up, down, up, down, up, down, up, down, up, down, up, down, up, down, up, down, up, down, up, down, up, down, up, down, up, down, up, down, up, down, up, down, up, down, up, down, up, down, up, down, up, down, up, down, up, down, up, down, up, down, up, down, up, down, up, down, up, down, up, down ❌
    [   7/20] down_then_up   start=F#1  Δ=+4st sawtooth    trajectory=up, down, up, down, up, down, up, down, up, down, up, down, up, down, up, down, up, down, up, down, up, down, up, down, up, down, up, down, up, down, up, down, up, down, up, down, up, down, up, down, up, down, up, down, up, down, up, down, up, down, up, down, up, down, up, down, up, down, up, down, up, down, up, down ❌
    [   8/20] down_then_up   start=G4   Δ=+12st sine        trajectory=None ❌
    [   9/20] down_then_up   start=A#3  Δ=+1st triangle    trajectory=None ❌
    [  10/20] down_then_up   start=C4   Δ=+7st sine        trajectory=None ❌
    [  11/20] up             start=C2   Δ=+4st triangle    trajectory=up, down, up, down, up, down, up, down, up, down, up, down, up, down, up, down, up, down, up, down, up, down, up, down, up, down, up, down, up, down, up, down, up, down, up, down, up, down, up, down, up, down, up, down, up, down, up, down, up, down, up, down, up, down, up, down, up, down, up, down, up, down, up, down ❌
    [  12/20] up             start=A#3  Δ=+4st triangle    trajectory=up, down, up, down, up, down, up, down, up, down, up, down, up, down, up, down, up, down, up, down, up, down, up, down, up, down, up, down, up, down, up, down, up, down, up, down, up, down, up, down, up, down, up, down, up, down, up, down, up, down, up, down, up, down, up, down, up, down, up, down, up, down, up, down ❌
    [  13/20] up             start=C4   Δ=+12st square      trajectory=up, down, up, down, up, down, up, down, up, down, up, down, up, down, up, down, up, down, up, down, up, down, up, down, up, down, up, down, up, down, up, down, up, down, up, down, up, down, up, down, up, down, up, down, up, down, up, down, up, down, up, down, up, down, up, down, up, down, up, down, up, down, up, down ❌
    [  14/20] up             start=A#3  Δ=+7st sine        trajectory=up, down, up, down, up, down, up, down, up, down, up, down, up, down, up, down, up, down, up, down, up, down, up, down, up, down, up, down, up, down, up, down, up, down, up, down, up, down, up, down, up, down, up, down, up, down, up, down, up, down, up, down, up, down, up, down, up, down, up, down, up, down, up, down ❌
    [  15/20] up             start=A4   Δ=+12st square      trajectory=up, down, up, down, up, down, up, down, up, down, up, down, up, down, up, down, up, down, up, down, up, down, up, down, up, down, up, down, up, down, up, down, up, down, up, down, up, down, up, down, up, down, up, down, up, down, up, down, up, down, up, down, up, down, up, down, up, down, up, down, up, down, up, down ❌
    [  16/20] up_then_down   start=E6   Δ=+1st sawtooth    trajectory=up, down, up, down, up, down, up, down, up, down, up, down, up, down, up, down, up, down, up, down, up, down, up, down, up, down, up, down, up, down, up, down, up, down, up, down, up, down, up, down, up, down, up, down, up, down, up, down, up, down, up, down, up, down, up, down, up, down, up, down, up, down, up, down ❌
    [  17/20] up_then_down   start=G2   Δ=+1st sine        trajectory=None ❌
    [  18/20] up_then_down   start=C2   Δ=+12st sine        trajectory=up, down, up, down, up, down, up, down, up, down, up, down, up, down, up, down, up, down, up, down, up, down, up, down, up, down, up, down, up, down, up, down, up, down, up, down, up, down, up, down, up, down, up, down, up, down, up, down, up, down, up, down, up, down, up, down, up, down, up, down, up, down, up, down ❌
    [  19/20] up_then_down   start=A#3  Δ=+12st sine        trajectory=up, down, up, down, up, down, up, down, up, down, up, down, up, down, up, down, up, down, up, down, up, down, up, down, up, down, up, down, up, down, up, down, up, down, up, down, up, down, up, down, up, down, up, down, up, down, up, down, up, down, up, down, up, down, up, down, up, down, up, down, up, down, up, down ❌
    [  20/20] up_then_down   start=E6   Δ=+12st sine        trajectory=up, down, up, down, up, down, up, down, up, down, up, down, up, down, up, down, up, down, up, down, up, down, up, down, up, down, up, down, up, down, up, down, up, down, up, down, up, down, up, down, up, down, up, down, up, down, up, down, up, down, up, down, up, down, up, down, up, down, up, down, up, down, up, down ❌

============================================================
SUMMARY — audio_flamingo_next_instruct
  Sampling     : 20 of 896 (stratified by 'traj_name', seed=42)
  Stimuli (total)     : 20
  Stimuli (condition) : 20  (all records)

          Metric   Accuracy
  ───────────────────────────
      TRAJECTORY       0.0%

  *** WARNING: working tree has uncommitted changes — results will NOT be exactly reproducible from git_commit alone ***


Results saved → results/run_20260505_071452/pitchbench_d5_contour_continuous/run_001_20260505_080128/results_audio_flamingo_next_instruct.*

############################################################
# pitchbench_d6_pitch_ranking
############################################################

Experiment : pitchbench_d6_pitch_ranking
Models     : audio_flamingo_next_instruct
Stimuli    : 40
  Sampling     : 40 of 2880 (stratified by '(rhythm, n_notes)', seed=42)

  Model : Audio Flamingo Next – instruct
    [dispatch] 40 items, max_workers=1
    [   1/40] n=3 A4 Δ=400c irregular  answer=3 2 1 ✅
    [   2/40] n=3 A4 Δ=400c irregular  answer=3 2 1 ✅
    [   3/40] n=3 A3 Δ=100c irregular  answer=3 2 1 ❌
    [   4/40] n=3 A4 Δ=200c irregular  answer=3 2 1 ❌
    [   5/40] n=3 A4 Δ=25c irregular  answer=3 2 1 ❌
    [   6/40] n=4 A3 Δ=400c irregular  answer=4 3 2 1 ✅
    [   7/40] n=4 A5 Δ=50c irregular  answer=4 3 2 1 ❌
    [   8/40] n=4 A4 Δ=200c irregular  answer=4 3 2 1 ❌
    [   9/40] n=4 A5 Δ=100c irregular  answer=4 3 2 1 ❌
    [  10/40] n=4 A3 Δ=50c irregular  answer=4 3 2 1 ❌
    [  11/40] n=5 A4 Δ=100c irregular  answer=3 4 1 2 5 ❌
    [  12/40] n=5 A4 Δ=25c irregular  answer=3 4 1 2 5 ❌
    [  13/40] n=5 A4 Δ=50c irregular  answer=3 4 1 2 5 ❌
    [  14/40] n=5 A3 Δ=100c irregular  answer=3 4 1 2 5 ❌
    [  15/40] n=5 A3 Δ=100c irregular  answer=3 4 1 2 5 ❌
    [  16/40] n=7 A4 Δ=100c irregular  answer=1 2 3 4 5 6 7 ❌
    [  17/40] n=7 A3 Δ=200c irregular  answer=1 2 3 4 5 6 7 ❌
    [  18/40] n=7 A3 Δ=400c irregular  answer=1 2 3 4 5 6 7 ❌
    [  19/40] n=7 A5 Δ=200c irregular  answer=1 2 3 4 5 6 7 ❌
    [  20/40] n=7 A4 Δ=50c irregular  answer=1 2 3 4 5 6 7 ❌
    [  21/40] n=3 A3 Δ=100c   regular  answer=3 2 1 ❌
    [  22/40] n=3 A3 Δ=100c   regular  answer=3 2 1 ❌
    [  23/40] n=3 A3 Δ=50c   regular  answer=3 2 1 ❌
    [  24/40] n=3 A5 Δ=25c   regular  answer=3 2 1 ❌
    [  25/40] n=3 A5 Δ=400c   regular  answer=3 2 1 ✅
    [  26/40] n=4 A3 Δ=50c   regular  answer=4 3 2 1 ❌
    [  27/40] n=4 A4 Δ=25c   regular  answer=4 3 2 1 ❌
    [  28/40] n=4 A3 Δ=200c   regular  answer=4 3 2 1 ❌
    [  29/40] n=4 A4 Δ=200c   regular  answer=4 3 2 1 ❌
    [  30/40] n=4 A4 Δ=25c   regular  answer=4 3 2 1 ❌
    [  31/40] n=5 A4 Δ=200c   regular  answer=3 4 1 2 5 ❌
    [  32/40] n=5 A3 Δ=25c   regular  answer=3 4 1 2 5 ❌
    [  33/40] n=5 A5 Δ=200c   regular  answer=3 4 1 2 5 ❌
    [  34/40] n=5 A5 Δ=400c   regular  answer=3 4 1 2 5 ❌
    [  35/40] n=5 A4 Δ=50c   regular  answer=3 4 1 2 5 ❌
    [  36/40] n=7 A5 Δ=400c   regular  answer=1 2 3 4 5 6 7 ❌
    [  37/40] n=7 A4 Δ=200c   regular  answer=1 2 3 4 5 6 7 ❌
    [  38/40] n=7 A5 Δ=200c   regular  answer=7 6 5 4 3 2 1 ❌
    [  39/40] n=7 A3 Δ=200c   regular  answer=1 2 3 4 5 6 7 ❌
    [  40/40] n=7 A5 Δ=200c   regular  answer=1 2 3 4 5 6 7 ❌

============================================================
SUMMARY — audio_flamingo_next_instruct
  Sampling     : 40 of 2880 (stratified by '(rhythm, n_notes)', seed=42)
  Stimuli (total)     : 40
  Stimuli (condition) : 40  (all records)

          Metric   Accuracy
  ───────────────────────────
          ANSWER      10.0%

  *** WARNING: working tree has uncommitted changes — results will NOT be exactly reproducible from git_commit alone ***


Results saved → results/run_20260505_071452/pitchbench_d6_pitch_ranking/run_001_20260505_080220/results_audio_flamingo_next_instruct.*

############################################################
# pitchbench_d7_seq_pitch_id
############################################################

Experiment : pitchbench_d7_seq_pitch_id
Models     : audio_flamingo_next_instruct
Stimuli    : 15
  Sampling     : 15 of 285 (stratified by 'n_notes', seed=42)

  Model : Audio Flamingo Next – instruct
    [dispatch] 15 items, max_workers=1
    [   1/15] n=10 t=4 electric_keyboard  midi_sequence=None ❌  | spn_sequence=None ❌  | doremi_sequence=None ❌  | hz_sequence=None ❌
    [   2/15] n=10 t=0 organ  midi_sequence=None ❌  | spn_sequence=None ❌  | doremi_sequence=None ❌  | hz_sequence=None ❌
    [   3/15] n=10 t=0 triangle  midi_sequence=None ❌  | spn_sequence=None ❌  | doremi_sequence=None ❌  | hz_sequence=None ❌
    [   4/15] n=10 t=4 voice  midi_sequence=None ❌  | spn_sequence=None ❌  | doremi_sequence=None ❌  | hz_sequence=None ❌
    [   5/15] n=10 t=1 synth_lead  midi_sequence=None ❌  | spn_sequence=None ❌  | doremi_sequence=None ❌  | hz_sequence=None ❌
    [   6/15] n=3 t=1 violin  midi_sequence=None ❌  | spn_sequence=None ❌  | doremi_sequence=None ❌  | hz_sequence=None ❌
    [   7/15] n=3 t=1 trombone  midi_sequence=None ❌  | spn_sequence=None ❌  | doremi_sequence=None ❌  | hz_sequence=None ❌
    [   8/15] n=3 t=0 synth_pad  midi_sequence=None ❌  | spn_sequence=None ❌  | doremi_sequence=None ❌  | hz_sequence=None ❌
    [   9/15] n=3 t=4 voice  midi_sequence=None ❌  | spn_sequence=None ❌  | doremi_sequence=None ❌  | hz_sequence=None ❌
    [  10/15] n=3 t=0 cello  midi_sequence=None ❌  | spn_sequence=None ❌  | doremi_sequence=None ❌  | hz_sequence=None ❌
    [  11/15] n=5 t=4 clarinet  midi_sequence=None ❌  | spn_sequence=None ❌  | doremi_sequence=None ❌  | hz_sequence=None ❌
    [  12/15] n=5 t=4 voice  midi_sequence=None ❌  | spn_sequence=None ❌  | doremi_sequence=None ❌  | hz_sequence=None ❌
    [  13/15] n=5 t=3 violin  midi_sequence=None ❌  | spn_sequence=None ❌  | doremi_sequence=None ❌  | hz_sequence=None ❌
    [  14/15] n=5 t=0 oboe  midi_sequence=None ❌  | spn_sequence=None ❌  | doremi_sequence=None ❌  | hz_sequence=None ❌
    [  15/15] n=5 t=3 voice  midi_sequence=None ❌  | spn_sequence=None ❌  | doremi_sequence=None ❌  | hz_sequence=None ❌

============================================================
SUMMARY — audio_flamingo_next_instruct
  Sampling     : 15 of 285 (stratified by 'n_notes', seed=42)
  Stimuli (total)     : 15
  Stimuli (condition) : 15  (all records)

          Metric   Accuracy
  ───────────────────────────
   MIDI_SEQUENCE       0.0%
    SPN_SEQUENCE       0.0%
  DOREMI_SEQUENCE       0.0%
     HZ_SEQUENCE       0.0%

  *** WARNING: working tree has uncommitted changes — results will NOT be exactly reproducible from git_commit alone ***


Results saved → results/run_20260505_071452/pitchbench_d7_seq_pitch_id/run_001_20260505_080233/results_audio_flamingo_next_instruct.*

############################################################
# pitchbench_e1_loudness
############################################################

Experiment : pitchbench_e1_loudness
Models     : audio_flamingo_next_instruct
Stimuli    : 420
  Sampling     : 420 of 1596 (stratified by '(midi, loudness_db)', seed=42)

  Model : Audio Flamingo Next – instruct
    [dispatch] 420 items, max_workers=1
    [   1/420] F#1    -12 dBFS  triangle  | midi: gt=30 pred=43 ❌  | spn: gt=F#1 pred=C2 ❌  | doremi: gt=fa# pred=fa# ✅  | hz: gt=46.2493 pred=420.0 ❌
    [   2/420] F#1    -12 dBFS  sine  | midi: gt=30 pred=35 ❌  | spn: gt=F#1 pred=C2 ❌  | doremi: gt=fa# pred=fa# ✅  | hz: gt=46.2493 pred=261.63 ❌
    [   3/420] F#1    -12 dBFS  trumpet  | midi: gt=30 pred=34 ❌  | spn: gt=F#1 pred=A#2 ❌  | doremi: gt=fa# pred=fa# ✅  | hz: gt=46.2493 pred=320.0 ❌
    [   4/420] F#1    -12 dBFS  flute  | midi: gt=30 pred=43 ❌  | spn: gt=F#1 pred=A#2 ❌  | doremi: gt=fa# pred=fa# ✅  | hz: gt=46.2493 pred=105.26 ❌
    [   5/420] F#1    -12 dBFS  voice  | midi: gt=30 pred=43 ❌  | spn: gt=F#1 pred=C2 ❌  | doremi: gt=fa# pred=fa# ✅  | hz: gt=46.2493 pred=105.26 ❌
    [   6/420] F#1    -20 dBFS  piano  | midi: gt=30 pred=43 ❌  | spn: gt=F#1 pred=C4 ❌  | doremi: gt=fa# pred=fa# ✅  | hz: gt=46.2493 pred=435.0 ❌
    [   7/420] F#1    -20 dBFS  triangle  | midi: gt=30 pred=43 ❌  | spn: gt=F#1 pred=C2 ❌  | doremi: gt=fa# pred=fa# ✅  | hz: gt=46.2493 pred=105.26 ❌
    [   8/420] F#1    -20 dBFS  square  | midi: gt=30 pred=45 ❌  | spn: gt=F#1 pred=F#2 ❌  | doremi: gt=fa# pred=fa# ✅  | hz: gt=46.2493 pred=480.0 ❌
    [   9/420] F#1    -20 dBFS  cello  | midi: gt=30 pred=34 ❌  | spn: gt=F#1 pred=B2 ❌  | doremi: gt=fa# pred=fa# ✅  | hz: gt=46.2493 pred=210.0 ❌
    [  10/420] F#1    -20 dBFS  sine  | midi: gt=30 pred=36 ❌  | spn: gt=F#1 pred=C2 ❌  | doremi: gt=fa# pred=fa# ✅  | hz: gt=46.2493 pred=261.63 ❌
    [  11/420] F#1     -3 dBFS  sine  | midi: gt=30 pred=35 ❌  | spn: gt=F#1 pred=C2 ❌  | doremi: gt=fa# pred=fa# ✅  | hz: gt=46.2493 pred=25.0 ❌
    [  12/420] F#1     -3 dBFS  square  | midi: gt=30 pred=45 ❌  | spn: gt=F#1 pred=A2 ❌  | doremi: gt=fa# pred=fa# ✅  | hz: gt=46.2493 pred=450.0 ❌
    [  13/420] F#1     -3 dBFS  guitar  | midi: gt=30 pred=43 ❌  | spn: gt=F#1 pred=A#2 ❌  | doremi: gt=fa# pred=sol ❌  | hz: gt=46.2493 pred=435.0 ❌
    [  14/420] F#1     -3 dBFS  flute  | midi: gt=30 pred=35 ❌  | spn: gt=F#1 pred=A#2 ❌  | doremi: gt=fa# pred=fa# ✅  | hz: gt=46.2493 pred=105.26 ❌
    [  15/420] F#1     -3 dBFS  trumpet  | midi: gt=30 pred=34 ❌  | spn: gt=F#1 pred=F2 ❌  | doremi: gt=fa# pred=fa# ✅  | hz: gt=46.2493 pred=320.0 ❌
    [  16/420] F#1    -30 dBFS  sine  | midi: gt=30 pred=48 ❌  | spn: gt=F#1 pred=C2 ❌  | doremi: gt=fa# pred=fa# ✅  | hz: gt=46.2493 pred=107.65 ❌
    [  17/420] F#1    -30 dBFS  synth_pad  | midi: gt=30 pred=64 ❌  | spn: gt=F#1 pred=C6 ❌  | doremi: gt=fa# pred=fa# ✅  | hz: gt=46.2493 pred=480.0 ❌
    [  18/420] F#1    -30 dBFS  guitar  | midi: gt=30 pred=43 ❌  | spn: gt=F#1 pred=A#1 ❌  | doremi: gt=fa# pred=fa# ✅  | hz: gt=46.2493 pred=46.0 ✅
    [  19/420] F#1    -30 dBFS  cello  | midi: gt=30 pred=35 ❌  | spn: gt=F#1 pred=B2 ❌  | doremi: gt=fa# pred=fa# ✅  | hz: gt=46.2493 pred=210.0 ❌
    [  20/420] F#1    -30 dBFS  triangle  | midi: gt=30 pred=45 ❌  | spn: gt=F#1 pred=C2 ❌  | doremi: gt=fa# pred=sol ❌  | hz: gt=46.2493 pred=105.26 ❌
    [  21/420] F#1     -6 dBFS  organ  | midi: gt=30 pred=63 ❌  | spn: gt=F#1 pred=C6 ❌  | doremi: gt=fa# pred=sol ❌  | hz: gt=46.2493 pred=107.65 ❌
    [  22/420] F#1     -6 dBFS  trumpet  | midi: gt=30 pred=34 ❌  | spn: gt=F#1 pred=F2 ❌  | doremi: gt=fa# pred=fa# ✅  | hz: gt=46.2493 pred=329.6875 ❌
    [  23/420] F#1     -6 dBFS  sine  | midi: gt=30 pred=35 ❌  | spn: gt=F#1 pred=C2 ❌  | doremi: gt=fa# pred=fa# ✅  | hz: gt=46.2493 pred=25.0 ❌
    [  24/420] F#1     -6 dBFS  electric_keyboard  | midi: gt=30 pred=34 ❌  | spn: gt=F#1 pred=F2 ❌  | doremi: gt=fa# pred=fa# ✅  | hz: gt=46.2493 pred=305.0 ❌
    [  25/420] F#1     -6 dBFS  oboe  | midi: gt=30 pred=34 ❌  | spn: gt=F#1 pred=A#2 ❌  | doremi: gt=fa# pred=fa# ✅  | hz: gt=46.2493 pred=105.26 ❌
    [  26/420] F#1      0 dBFS  cello  | midi: gt=30 pred=34 ❌  | spn: gt=F#1 pred=A#2 ❌  | doremi: gt=fa# pred=la ❌  | hz: gt=46.2493 pred=210.0 ❌
    [  27/420] F#1      0 dBFS  clarinet  | midi: gt=30 pred=43 ❌  | spn: gt=F#1 pred=C6 ❌  | doremi: gt=fa# pred=fa# ✅  | hz: gt=46.2493 pred=1054.72 ❌
    [  28/420] F#1      0 dBFS  trumpet  | midi: gt=30 pred=34 ❌  | spn: gt=F#1 pred=A#2 ❌  | doremi: gt=fa# pred=fa# ✅  | hz: gt=46.2493 pred=320.0 ❌
    [  29/420] F#1      0 dBFS  piano  | midi: gt=30 pred=36 ❌  | spn: gt=F#1 pred=C6 ❌  | doremi: gt=fa# pred=sol ❌  | hz: gt=46.2493 pred=435.0 ❌
    [  30/420] F#1      0 dBFS  triangle  | midi: gt=30 pred=35 ❌  | spn: gt=F#1 pred=C2 ❌  | doremi: gt=fa# pred=sol ❌  | hz: gt=46.2493 pred=435.0 ❌
    [  31/420] C2     -12 dBFS  clarinet  | midi: gt=36 pred=63 ❌  | spn: gt=C2 pred=C6 ❌  | doremi: gt=do pred=fa# ❌  | hz: gt=65.4064 pred=107.86 ❌
    [  32/420] C2     -12 dBFS  triangle  | midi: gt=36 pred=45 ❌  | spn: gt=C2 pred=C2 ✅  | doremi: gt=do pred=sol ❌  | hz: gt=65.4064 pred=105.26 ❌
    [  33/420] C2     -12 dBFS  square  | midi: gt=36 pred=43 ❌  | spn: gt=C2 pred=F#2 ❌  | doremi: gt=do pred=fa# ❌  | hz: gt=65.4064 pred=480.0 ❌
    [  34/420] C2     -12 dBFS  violin  | midi: gt=36 pred=36 ✅  | spn: gt=C2 pred=B2 ❌  | doremi: gt=do pred=fa# ❌  | hz: gt=65.4064 pred=210.0 ❌
    [  35/420] C2     -12 dBFS  sawtooth  | midi: gt=36 pred=35 ❌  | spn: gt=C2 pred=C2 ✅  | doremi: gt=do pred=fa# ❌  | hz: gt=65.4064 pred=480.0 ❌
    [  36/420] C2     -20 dBFS  oboe  | midi: gt=36 pred=43 ❌  | spn: gt=C2 pred=A#2 ❌  | doremi: gt=do pred=fa# ❌  | hz: gt=65.4064 pred=250.0 ❌
    [  37/420] C2     -20 dBFS  voice  | midi: gt=36 pred=63 ❌  | spn: gt=C2 pred=C6 ❌  | doremi: gt=do pred=fa# ❌  | hz: gt=65.4064 pred=130.81 ❌
    [  38/420] C2     -20 dBFS  trumpet  | midi: gt=36 pred=35 ❌  | spn: gt=C2 pred=A#2 ❌  | doremi: gt=do pred=fa# ❌  | hz: gt=65.4064 pred=34.0 ❌
    [  39/420] C2     -20 dBFS  sawtooth  | midi: gt=36 pred=48 ❌  | spn: gt=C2 pred=C2 ✅  | doremi: gt=do pred=fa# ❌  | hz: gt=65.4064 pred=480.0 ❌
    [  40/420] C2     -20 dBFS  synth_pad  | midi: gt=36 pred=65 ❌  | spn: gt=C2 pred=C6 ❌  | doremi: gt=do pred=sol ❌  | hz: gt=65.4064 pred=480.0 ❌
    [  41/420] C2      -3 dBFS  organ  | midi: gt=36 pred=63 ❌  | spn: gt=C2 pred=C2 ✅  | doremi: gt=do pred=sol ❌  | hz: gt=65.4064 pred=107.65 ❌
    [  42/420] C2      -3 dBFS  synth_pad  | midi: gt=36 pred=64 ❌  | spn: gt=C2 pred=C6 ❌  | doremi: gt=do pred=sol ❌  | hz: gt=65.4064 pred=480.0 ❌
    [  43/420] C2      -3 dBFS  triangle  | midi: gt=36 pred=43 ❌  | spn: gt=C2 pred=C2 ✅  | doremi: gt=do pred=sol ❌  | hz: gt=65.4064 pred=105.26 ❌
    [  44/420] C2      -3 dBFS  violin  | midi: gt=36 pred=36 ✅  | spn: gt=C2 pred=C2 ✅  | doremi: gt=do pred=fa# ❌  | hz: gt=65.4064 pred=250.0 ❌
    [  45/420] C2      -3 dBFS  sawtooth  | midi: gt=36 pred=35 ❌  | spn: gt=C2 pred=A#2 ❌  | doremi: gt=do pred=fa# ❌  | hz: gt=65.4064 pred=480.0 ❌
    [  46/420] C2     -30 dBFS  synth_pad  | midi: gt=36 pred=64 ❌  | spn: gt=C2 pred=C4 ❌  | doremi: gt=do pred=fa# ❌  | hz: gt=65.4064 pred=480.0 ❌
    [  47/420] C2     -30 dBFS  trombone  | midi: gt=36 pred=48 ❌  | spn: gt=C2 pred=A#2 ❌  | doremi: gt=do pred=fa# ❌  | hz: gt=65.4064 pred=105.26 ❌
    [  48/420] C2     -30 dBFS  oboe  | midi: gt=36 pred=43 ❌  | spn: gt=C2 pred=A#2 ❌  | doremi: gt=do pred=fa# ❌  | hz: gt=65.4064 pred=450.0 ❌
    [  49/420] C2     -30 dBFS  guitar  | midi: gt=36 pred=48 ❌  | spn: gt=C2 pred=C4 ❌  | doremi: gt=do pred=sol ❌  | hz: gt=65.4064 pred=450.0 ❌
    [  50/420] C2     -30 dBFS  synth_lead  | midi: gt=36 pred=64 ❌  | spn: gt=C2 pred=C6 ❌  | doremi: gt=do pred=fa# ❌  | hz: gt=65.4064 pred=480.0 ❌
    [  51/420] C2      -6 dBFS  square  | midi: gt=36 pred=43 ❌  | spn: gt=C2 pred=A#2 ❌  | doremi: gt=do pred=fa# ❌  | hz: gt=65.4064 pred=450.0 ❌
    [  52/420] C2      -6 dBFS  sawtooth  | midi: gt=36 pred=35 ❌  | spn: gt=C2 pred=C2 ✅  | doremi: gt=do pred=fa# ❌  | hz: gt=65.4064 pred=480.0 ❌
    [  53/420] C2      -6 dBFS  flute  | midi: gt=36 pred=48 ❌  | spn: gt=C2 pred=C2 ✅  | doremi: gt=do pred=fa# ❌  | hz: gt=65.4064 pred=130.81 ❌
    [  54/420] C2      -6 dBFS  trombone  | midi: gt=36 pred=35 ❌  | spn: gt=C2 pred=A#2 ❌  | doremi: gt=do pred=fa# ❌  | hz: gt=65.4064 pred=450.0 ❌
    [  55/420] C2      -6 dBFS  synth_pad  | midi: gt=36 pred=65 ❌  | spn: gt=C2 pred=C6 ❌  | doremi: gt=do pred=sol ❌  | hz: gt=65.4064 pred=480.0 ❌
    [  56/420] C2       0 dBFS  flute  | midi: gt=36 pred=48 ❌  | spn: gt=C2 pred=C2 ✅  | doremi: gt=do pred=fa# ❌  | hz: gt=65.4064 pred=130.81 ❌
    [  57/420] C2       0 dBFS  triangle  | midi: gt=36 pred=43 ❌  | spn: gt=C2 pred=C2 ✅  | doremi: gt=do pred=sol ❌  | hz: gt=65.4064 pred=150.0 ❌
    [  58/420] C2       0 dBFS  violin  | midi: gt=36 pred=36 ✅  | spn: gt=C2 pred=C2 ✅  | doremi: gt=do pred=fa# ❌  | hz: gt=65.4064 pred=250.0 ❌
    [  59/420] C2       0 dBFS  trumpet  | midi: gt=36 pred=36 ✅  | spn: gt=C2 pred=C2 ✅  | doremi: gt=do pred=re ❌  | hz: gt=65.4064 pred=340.0 ❌
    [  60/420] C2       0 dBFS  voice  | midi: gt=36 pred=63 ❌  | spn: gt=C2 pred=C2 ✅  | doremi: gt=do pred=sol ❌  | hz: gt=65.4064 pred=120.0 ❌
    [  61/420] G2     -12 dBFS  oboe  | midi: gt=43 pred=43 ✅  | spn: gt=G2 pred=C4 ❌  | doremi: gt=sol pred=sol ✅  | hz: gt=97.9989 pred=435.0 ❌
    [  62/420] G2     -12 dBFS  electric_keyboard  | midi: gt=43 pred=43 ✅  | spn: gt=G2 pred=G2 ✅  | doremi: gt=sol pred=sol ✅  | hz: gt=97.9989 pred=435.0 ❌
    [  63/420] G2     -12 dBFS  voice  | midi: gt=43 pred=63 ❌  | spn: gt=G2 pred=C4 ❌  | doremi: gt=sol pred=sol ✅  | hz: gt=97.9989 pred=436.5078125 ❌
    [  64/420] G2     -12 dBFS  synth_lead  | midi: gt=43 pred=65 ❌  | spn: gt=G2 pred=C6 ❌  | doremi: gt=sol pred=sol# ❌  | hz: gt=97.9989 pred=460.0 ❌
    [  65/420] G2     -12 dBFS  triangle  | midi: gt=43 pred=43 ✅  | spn: gt=G2 pred=C6 ❌  | doremi: gt=sol pred=sol ✅  | hz: gt=97.9989 pred=435.0 ❌
    [  66/420] G2     -20 dBFS  trumpet  | midi: gt=43 pred=43 ✅  | spn: gt=G2 pred=F#2 ❌  | doremi: gt=sol pred=sol ✅  | hz: gt=97.9989 pred=435.0 ❌
    [  67/420] G2     -20 dBFS  square  | midi: gt=43 pred=43 ✅  | spn: gt=G2 pred=F#2 ❌  | doremi: gt=sol pred=sol ✅  | hz: gt=97.9989 pred=480.0 ❌
    [  68/420] G2     -20 dBFS  electric_keyboard  | midi: gt=43 pred=48 ❌  | spn: gt=G2 pred=G2 ✅  | doremi: gt=sol pred=sol ✅  | hz: gt=97.9989 pred=450.0 ❌
    [  69/420] G2     -20 dBFS  flute  | midi: gt=43 pred=43 ✅  | spn: gt=G2 pred=C2 ❌  | doremi: gt=sol pred=fa# ❌  | hz: gt=97.9989 pred=105.26 ❌
    [  70/420] G2     -20 dBFS  synth_pad  | midi: gt=43 pred=63 ❌  | spn: gt=G2 pred=C6 ❌  | doremi: gt=sol pred=sol ✅  | hz: gt=97.9989 pred=480.0 ❌
    [  71/420] G2      -3 dBFS  organ  | midi: gt=43 pred=63 ❌  | spn: gt=G2 pred=G2 ✅  | doremi: gt=sol pred=sol ✅  | hz: gt=97.9989 pred=105.26 ❌
    [  72/420] G2      -3 dBFS  violin  | midi: gt=43 pred=43 ✅  | spn: gt=G2 pred=C2 ❌  | doremi: gt=sol pred=sol ✅  | hz: gt=97.9989 pred=435.0 ❌
    [  73/420] G2      -3 dBFS  trumpet  | midi: gt=43 pred=43 ✅  | spn: gt=G2 pred=F#2 ❌  | doremi: gt=sol pred=sol ✅  | hz: gt=97.9989 pred=435.0 ❌
    [  74/420] G2      -3 dBFS  flute  | midi: gt=43 pred=43 ✅  | spn: gt=G2 pred=C2 ❌  | doremi: gt=sol pred=fa# ❌  | hz: gt=97.9989 pred=105.26 ❌
    [  75/420] G2      -3 dBFS  clarinet  | midi: gt=43 pred=43 ✅  | spn: gt=G2 pred=C4 ❌  | doremi: gt=sol pred=fa# ❌  | hz: gt=97.9989 pred=450.0 ❌
    [  76/420] G2     -30 dBFS  clarinet  | midi: gt=43 pred=43 ✅  | spn: gt=G2 pred=C6 ❌  | doremi: gt=sol pred=sol ✅  | hz: gt=97.9989 pred=480.0 ❌
    [  77/420] G2     -30 dBFS  sawtooth  | midi: gt=43 pred=48 ❌  | spn: gt=G2 pred=G2 ✅  | doremi: gt=sol pred=sol ✅  | hz: gt=97.9989 pred=480.0 ❌
    [  78/420] G2     -30 dBFS  flute  | midi: gt=43 pred=63 ❌  | spn: gt=G2 pred=C2 ❌  | doremi: gt=sol pred=fa# ❌  | hz: gt=97.9989 pred=415.306879 ❌
    [  79/420] G2     -30 dBFS  synth_pad  | midi: gt=43 pred=63 ❌  | spn: gt=G2 pred=C6 ❌  | doremi: gt=sol pred=sol ✅  | hz: gt=97.9989 pred=450.0 ❌
    [  80/420] G2     -30 dBFS  violin  | midi: gt=43 pred=43 ✅  | spn: gt=G2 pred=C2 ❌  | doremi: gt=sol pred=fa# ❌  | hz: gt=97.9989 pred=105.36 ❌
    [  81/420] G2      -6 dBFS  clarinet  | midi: gt=43 pred=43 ✅  | spn: gt=G2 pred=C4 ❌  | doremi: gt=sol pred=fa# ❌  | hz: gt=97.9989 pred=450.0 ❌
    [  82/420] G2      -6 dBFS  violin  | midi: gt=43 pred=43 ✅  | spn: gt=G2 pred=C2 ❌  | doremi: gt=sol pred=sol ✅  | hz: gt=97.9989 pred=435.0 ❌
    [  83/420] G2      -6 dBFS  trumpet  | midi: gt=43 pred=43 ✅  | spn: gt=G2 pred=F#2 ❌  | doremi: gt=sol pred=sol ✅  | hz: gt=97.9989 pred=435.0 ❌
    [  84/420] G2      -6 dBFS  square  | midi: gt=43 pred=43 ✅  | spn: gt=G2 pred=F#2 ❌  | doremi: gt=sol pred=fa# ❌  | hz: gt=97.9989 pred=450.0 ❌
    [  85/420] G2      -6 dBFS  triangle  | midi: gt=43 pred=43 ✅  | spn: gt=G2 pred=C6 ❌  | doremi: gt=sol pred=sol ✅  | hz: gt=97.9989 pred=435.0 ❌
    [  86/420] G2       0 dBFS  voice  | midi: gt=43 pred=63 ❌  | spn: gt=G2 pred=C4 ❌  | doremi: gt=sol pred=sol ✅  | hz: gt=97.9989 pred=480.0 ❌
    [  87/420] G2       0 dBFS  clarinet  | midi: gt=43 pred=43 ✅  | spn: gt=G2 pred=C4 ❌  | doremi: gt=sol pred=fa# ❌  | hz: gt=97.9989 pred=450.0 ❌
    [  88/420] G2       0 dBFS  guitar  | midi: gt=43 pred=48 ❌  | spn: gt=G2 pred=G4 ❌  | doremi: gt=sol pred=sol ✅  | hz: gt=97.9989 pred=450.0 ❌
    [  89/420] G2       0 dBFS  bass  | midi: gt=43 pred=43 ✅  | spn: gt=G2 pred=C4 ❌  | doremi: gt=sol pred=sol ✅  | hz: gt=97.9989 pred=435.0 ❌
    [  90/420] G2       0 dBFS  synth_lead  | midi: gt=43 pred=48 ❌  | spn: gt=G2 pred=C6 ❌  | doremi: gt=sol pred=fa# ❌  | hz: gt=97.9989 pred=480.0 ❌
    [  91/420] C3     -12 dBFS  organ  | midi: gt=48 pred=60 ❌  | spn: gt=C3 pred=C2 ❌  | doremi: gt=do pred=sol ❌  | hz: gt=130.8128 pred=107.65 ❌
    [  92/420] C3     -12 dBFS  piano  | midi: gt=48 pred=48 ✅  | spn: gt=C3 pred=C4 ❌  | doremi: gt=do pred=sol ❌  | hz: gt=130.8128 pred=480.0 ❌
    [  93/420] C3     -12 dBFS  trumpet  | midi: gt=48 pred=48 ✅  | spn: gt=C3 pred=C4 ❌  | doremi: gt=do pred=sol ❌  | hz: gt=130.8128 pred=480.0 ❌
    [  94/420] C3     -12 dBFS  synth_pad  | midi: gt=48 pred=64 ❌  | spn: gt=C3 pred=C6 ❌  | doremi: gt=do pred=sol ❌  | hz: gt=130.8128 pred=480.0 ❌
    [  95/420] C3     -12 dBFS  triangle  | midi: gt=48 pred=48 ✅  | spn: gt=C3 pred=C6 ❌  | doremi: gt=do pred=sol ❌  | hz: gt=130.8128 pred=480.0 ❌
    [  96/420] C3     -20 dBFS  synth_pad  | midi: gt=48 pred=64 ❌  | spn: gt=C3 pred=C6 ❌  | doremi: gt=do pred=sol ❌  | hz: gt=130.8128 pred=480.0 ❌
    [  97/420] C3     -20 dBFS  voice  | midi: gt=48 pred=63 ❌  | spn: gt=C3 pred=C6 ❌  | doremi: gt=do pred=sol ❌  | hz: gt=130.8128 pred=480.0 ❌
    [  98/420] C3     -20 dBFS  trumpet  | midi: gt=48 pred=48 ✅  | spn: gt=C3 pred=C4 ❌  | doremi: gt=do pred=sol ❌  | hz: gt=130.8128 pred=435.0 ❌
    [  99/420] C3     -20 dBFS  cello  | midi: gt=48 pred=48 ✅  | spn: gt=C3 pred=C2 ❌  | doremi: gt=do pred=fa# ❌  | hz: gt=130.8128 pred=480.0 ❌
    [ 100/420] C3     -20 dBFS  organ  | midi: gt=48 pred=63 ❌  | spn: gt=C3 pred=C2 ❌  | doremi: gt=do pred=sol ❌  | hz: gt=130.8128 pred=107.65 ❌
    [ 101/420] C3      -3 dBFS  voice  | midi: gt=48 pred=63 ❌  | spn: gt=C3 pred=C6 ❌  | doremi: gt=do pred=sol ❌  | hz: gt=130.8128 pred=480.0 ❌
    [ 102/420] C3      -3 dBFS  violin  | midi: gt=48 pred=48 ✅  | spn: gt=C3 pred=C4 ❌  | doremi: gt=do pred=sol ❌  | hz: gt=130.8128 pred=480.0 ❌
    [ 103/420] C3      -3 dBFS  oboe  | midi: gt=48 pred=48 ✅  | spn: gt=C3 pred=C2 ❌  | doremi: gt=do pred=sol ❌  | hz: gt=130.8128 pred=480.0 ❌
    [ 104/420] C3      -3 dBFS  flute  | midi: gt=48 pred=48 ✅  | spn: gt=C3 pred=C2 ❌  | doremi: gt=do pred=sol ❌  | hz: gt=130.8128 pred=480.0 ❌
    [ 105/420] C3      -3 dBFS  square  | midi: gt=48 pred=45 ❌  | spn: gt=C3 pred=F#2 ❌  | doremi: gt=do pred=sol ❌  | hz: gt=130.8128 pred=450.0 ❌
    [ 106/420] C3     -30 dBFS  synth_lead  | midi: gt=48 pred=63 ❌  | spn: gt=C3 pred=C6 ❌  | doremi: gt=do pred=sol ❌  | hz: gt=130.8128 pred=1058.43 ❌
    [ 107/420] C3     -30 dBFS  bass  | midi: gt=48 pred=56 ❌  | spn: gt=C3 pred=C4 ❌  | doremi: gt=do pred=sol ❌  | hz: gt=130.8128 pred=480.0 ❌
    [ 108/420] C3     -30 dBFS  square  | midi: gt=48 pred=45 ❌  | spn: gt=C3 pred=C6 ❌  | doremi: gt=do pred=sol ❌  | hz: gt=130.8128 pred=480.0 ❌
    [ 109/420] C3     -30 dBFS  sawtooth  | midi: gt=48 pred=48 ✅  | spn: gt=C3 pred=C6 ❌  | doremi: gt=do pred=sol ❌  | hz: gt=130.8128 pred=480.0 ❌
    [ 110/420] C3     -30 dBFS  cello  | midi: gt=48 pred=48 ✅  | spn: gt=C3 pred=C2 ❌  | doremi: gt=do pred=fa# ❌  | hz: gt=130.8128 pred=105.26 ❌
    [ 111/420] C3      -6 dBFS  triangle  | midi: gt=48 pred=48 ✅  | spn: gt=C3 pred=C6 ❌  | doremi: gt=do pred=sol ❌  | hz: gt=130.8128 pred=480.0 ❌
    [ 112/420] C3      -6 dBFS  piano  | midi: gt=48 pred=48 ✅  | spn: gt=C3 pred=C4 ❌  | doremi: gt=do pred=sol ❌  | hz: gt=130.8128 pred=480.0 ❌
    [ 113/420] C3      -6 dBFS  electric_keyboard  | midi: gt=48 pred=48 ✅  | spn: gt=C3 pred=C4 ❌  | doremi: gt=do pred=sol ❌  | hz: gt=130.8128 pred=480.0 ❌
    [ 114/420] C3      -6 dBFS  cello  | midi: gt=48 pred=48 ✅  | spn: gt=C3 pred=C2 ❌  | doremi: gt=do pred=sol ❌  | hz: gt=130.8128 pred=48.0 ❌
    [ 115/420] C3      -6 dBFS  trombone  | midi: gt=48 pred=48 ✅  | spn: gt=C3 pred=C4 ❌  | doremi: gt=do pred=sol ❌  | hz: gt=130.8128 pred=450.0 ❌
    [ 116/420] C3       0 dBFS  square  | midi: gt=48 pred=45 ❌  | spn: gt=C3 pred=F#2 ❌  | doremi: gt=do pred=sol ❌  | hz: gt=130.8128 pred=450.0 ❌
    [ 117/420] C3       0 dBFS  violin  | midi: gt=48 pred=48 ✅  | spn: gt=C3 pred=C2 ❌  | doremi: gt=do pred=sol ❌  | hz: gt=130.8128 pred=480.0 ❌
    [ 118/420] C3       0 dBFS  synth_pad  | midi: gt=48 pred=63 ❌  | spn: gt=C3 pred=C6 ❌  | doremi: gt=do pred=sol ❌  | hz: gt=130.8128 pred=480.0 ❌
    [ 119/420] C3       0 dBFS  organ  | midi: gt=48 pred=60 ❌  | spn: gt=C3 pred=C2 ❌  | doremi: gt=do pred=sol ❌  | hz: gt=130.8128 pred=480.0 ❌
    [ 120/420] C3       0 dBFS  trumpet  | midi: gt=48 pred=48 ✅  | spn: gt=C3 pred=C4 ❌  | doremi: gt=do pred=sol ❌  | hz: gt=130.8128 pred=480.0 ❌
    [ 121/420] F#3    -12 dBFS  trumpet  | midi: gt=54 pred=54 ✅  | spn: gt=F#3 pred=F4 ❌  | doremi: gt=fa# pred=sol ❌  | hz: gt=184.9972 pred=435.0 ❌
    [ 122/420] F#3    -12 dBFS  synth_pad  | midi: gt=54 pred=63 ❌  | spn: gt=F#3 pred=C6 ❌  | doremi: gt=fa# pred=fa# ✅  | hz: gt=184.9972 pred=480.0 ❌
    [ 123/420] F#3    -12 dBFS  sine  | midi: gt=54 pred=48 ❌  | spn: gt=F#3 pred=C4 ❌  | doremi: gt=fa# pred=sol ❌  | hz: gt=184.9972 pred=107.86 ❌
    [ 124/420] F#3    -12 dBFS  triangle  | midi: gt=54 pred=63 ❌  | spn: gt=F#3 pred=C6 ❌  | doremi: gt=fa# pred=sol ❌  | hz: gt=184.9972 pred=480.0 ❌
    [ 125/420] F#3    -12 dBFS  clarinet  | midi: gt=54 pred=54 ✅  | spn: gt=F#3 pred=C4 ❌  | doremi: gt=fa# pred=sol ❌  | hz: gt=184.9972 pred=450.0 ❌
    [ 126/420] F#3    -20 dBFS  synth_pad  | midi: gt=54 pred=65 ❌  | spn: gt=F#3 pred=C6 ❌  | doremi: gt=fa# pred=fa# ✅  | hz: gt=184.9972 pred=480.0 ❌
    [ 127/420] F#3    -20 dBFS  trumpet  | midi: gt=54 pred=54 ✅  | spn: gt=F#3 pred=F4 ❌  | doremi: gt=fa# pred=sol ❌  | hz: gt=184.9972 pred=435.0 ❌
    [ 128/420] F#3    -20 dBFS  clarinet  | midi: gt=54 pred=54 ✅  | spn: gt=F#3 pred=C4 ❌  | doremi: gt=fa# pred=sol ❌  | hz: gt=184.9972 pred=450.0 ❌
    [ 129/420] F#3    -20 dBFS  triangle  | midi: gt=54 pred=56 ❌  | spn: gt=F#3 pred=C6 ❌  | doremi: gt=fa# pred=sol ❌  | hz: gt=184.9972 pred=480.0 ❌
    [ 130/420] F#3    -20 dBFS  piano  | midi: gt=54 pred=53 ❌  | spn: gt=F#3 pred=C4 ❌  | doremi: gt=fa# pred=sol ❌  | hz: gt=184.9972 pred=450.0 ❌
    [ 131/420] F#3     -3 dBFS  cello  | midi: gt=54 pred=54 ✅  | spn: gt=F#3 pred=F#4 ❌  | doremi: gt=fa# pred=sol ❌  | hz: gt=184.9972 pred=420.0 ❌
    [ 132/420] F#3     -3 dBFS  electric_keyboard  | midi: gt=54 pred=54 ✅  | spn: gt=F#3 pred=C4 ❌  | doremi: gt=fa# pred=mi ❌  | hz: gt=184.9972 pred=54.0 ❌
    [ 133/420] F#3     -3 dBFS  organ  | midi: gt=54 pred=66 ❌  | spn: gt=F#3 pred=F#6 ❌  | doremi: gt=fa# pred=sol# ❌  | hz: gt=184.9972 pred=659.34 ❌
    [ 134/420] F#3     -3 dBFS  sine  | midi: gt=54 pred=54 ✅  | spn: gt=F#3 pred=C4 ❌  | doremi: gt=fa# pred=sol ❌  | hz: gt=184.9972 pred=107.89 ❌
    [ 135/420] F#3     -3 dBFS  oboe  | midi: gt=54 pred=54 ✅  | spn: gt=F#3 pred=C4 ❌  | doremi: gt=fa# pred=sol ❌  | hz: gt=184.9972 pred=435.0 ❌
    [ 136/420] F#3    -30 dBFS  trumpet  | midi: gt=54 pred=54 ✅  | spn: gt=F#3 pred=F#4 ❌  | doremi: gt=fa# pred=sol ❌  | hz: gt=184.9972 pred=435.0 ❌
    [ 137/420] F#3    -30 dBFS  synth_lead  | midi: gt=54 pred=63 ❌  | spn: gt=F#3 pred=C6 ❌  | doremi: gt=fa# pred=fa# ✅  | hz: gt=184.9972 pred=1054.87 ❌
    [ 138/420] F#3    -30 dBFS  electric_keyboard  | midi: gt=54 pred=48 ❌  | spn: gt=F#3 pred=C4 ❌  | doremi: gt=fa# pred=fa# ✅  | hz: gt=184.9972 pred=480.0 ❌
    [ 139/420] F#3    -30 dBFS  triangle  | midi: gt=54 pred=43 ❌  | spn: gt=F#3 pred=C4 ❌  | doremi: gt=fa# pred=sol ❌  | hz: gt=184.9972 pred=480.0 ❌
    [ 140/420] F#3    -30 dBFS  cello  | midi: gt=54 pred=54 ✅  | spn: gt=F#3 pred=F#3 ✅  | doremi: gt=fa# pred=sol ❌  | hz: gt=184.9972 pred=105.36 ❌
    [ 141/420] F#3     -6 dBFS  trombone  | midi: gt=54 pred=54 ✅  | spn: gt=F#3 pred=F4 ❌  | doremi: gt=fa# pred=mi ❌  | hz: gt=184.9972 pred=435.0 ❌
    [ 142/420] F#3     -6 dBFS  synth_lead  | midi: gt=54 pred=54 ✅  | spn: gt=F#3 pred=C6 ❌  | doremi: gt=fa# pred=fa# ✅  | hz: gt=184.9972 pred=1200.0 ❌
    [ 143/420] F#3     -6 dBFS  guitar  | midi: gt=54 pred=54 ✅  | spn: gt=F#3 pred=C4 ❌  | doremi: gt=fa# pred=sol ❌  | hz: gt=184.9972 pred=420.0 ❌
    [ 144/420] F#3     -6 dBFS  piano  | midi: gt=54 pred=54 ✅  | spn: gt=F#3 pred=C6 ❌  | doremi: gt=fa# pred=fa# ✅  | hz: gt=184.9972 pred=435.0 ❌
    [ 145/420] F#3     -6 dBFS  electric_keyboard  | midi: gt=54 pred=54 ✅  | spn: gt=F#3 pred=C4 ❌  | doremi: gt=fa# pred=mi ❌  | hz: gt=184.9972 pred=540.0 ❌
    [ 146/420] F#3      0 dBFS  electric_keyboard  | midi: gt=54 pred=54 ✅  | spn: gt=F#3 pred=C4 ❌  | doremi: gt=fa# pred=mi ❌  | hz: gt=184.9972 pred=53.68 ❌
    [ 147/420] F#3      0 dBFS  synth_pad  | midi: gt=54 pred=65 ❌  | spn: gt=F#3 pred=C6 ❌  | doremi: gt=fa# pred=fa# ✅  | hz: gt=184.9972 pred=480.0 ❌
    [ 148/420] F#3      0 dBFS  synth_lead  | midi: gt=54 pred=59 ❌  | spn: gt=F#3 pred=C6 ❌  | doremi: gt=fa# pred=fa# ✅  | hz: gt=184.9972 pred=480.0 ❌
    [ 149/420] F#3      0 dBFS  sine  | midi: gt=54 pred=54 ✅  | spn: gt=F#3 pred=C4 ❌  | doremi: gt=fa# pred=sol ❌  | hz: gt=184.9972 pred=107.89 ❌
    [ 150/420] F#3      0 dBFS  trombone  | midi: gt=54 pred=54 ✅  | spn: gt=F#3 pred=F4 ❌  | doremi: gt=fa# pred=sol ❌  | hz: gt=184.9972 pred=420.0 ❌
    [ 151/420] A#3    -12 dBFS  clarinet  | midi: gt=58 pred=69 ❌  | spn: gt=A#3 pred=C6 ❌  | doremi: gt=la# pred=fa# ❌  | hz: gt=233.0819 pred=450.0 ❌
    [ 152/420] A#3    -12 dBFS  bass  | midi: gt=58 pred=58 ✅  | spn: gt=A#3 pred=A#2 ❌  | doremi: gt=la# pred=sol ❌  | hz: gt=233.0819 pred=450.0 ❌
    [ 153/420] A#3    -12 dBFS  sine  | midi: gt=58 pred=58 ✅  | spn: gt=A#3 pred=None ❌  | doremi: gt=la# pred=sol ❌  | hz: gt=233.0819 pred=210.0 ❌
    [ 154/420] A#3    -12 dBFS  triangle  | midi: gt=58 pred=69 ❌  | spn: gt=A#3 pred=A6 ❌  | doremi: gt=la# pred=sol ❌  | hz: gt=233.0819 pred=450.0 ❌
    [ 155/420] A#3    -12 dBFS  organ  | midi: gt=58 pred=58 ✅  | spn: gt=A#3 pred=None ❌  | doremi: gt=la# pred=sol ❌  | hz: gt=233.0819 pred=460.0 ❌
    [ 156/420] A#3    -20 dBFS  oboe  | midi: gt=58 pred=58 ✅  | spn: gt=A#3 pred=None ❌  | doremi: gt=la# pred=mi ❌  | hz: gt=233.0819 pred=450.0 ❌
    [ 157/420] A#3    -20 dBFS  trombone  | midi: gt=58 pred=58 ✅  | spn: gt=A#3 pred=None ❌  | doremi: gt=la# pred=sol ❌  | hz: gt=233.0819 pred=450.0 ❌
    [ 158/420] A#3    -20 dBFS  flute  | midi: gt=58 pred=58 ✅  | spn: gt=A#3 pred=C4 ❌  | doremi: gt=la# pred=mi ❌  | hz: gt=233.0819 pred=450.0 ❌
    [ 159/420] A#3    -20 dBFS  sawtooth  | midi: gt=58 pred=58 ✅  | spn: gt=A#3 pred=A#2 ❌  | doremi: gt=la# pred=sol ❌  | hz: gt=233.0819 pred=450.0 ❌
    [ 160/420] A#3    -20 dBFS  triangle  | midi: gt=58 pred=68 ❌  | spn: gt=A#3 pred=A6 ❌  | doremi: gt=la# pred=sol ❌  | hz: gt=233.0819 pred=450.0 ❌
    [ 161/420] A#3     -3 dBFS  voice  | midi: gt=58 pred=58 ✅  | spn: gt=A#3 pred=None ❌  | doremi: gt=la# pred=sol ❌  | hz: gt=233.0819 pred=450.0 ❌
    [ 162/420] A#3     -3 dBFS  square  | midi: gt=58 pred=58 ✅  | spn: gt=A#3 pred=A6 ❌  | doremi: gt=la# pred=sol ❌  | hz: gt=233.0819 pred=450.0 ❌
    [ 163/420] A#3     -3 dBFS  synth_pad  | midi: gt=58 pred=65 ❌  | spn: gt=A#3 pred=C6 ❌  | doremi: gt=la# pred=fa# ❌  | hz: gt=233.0819 pred=480.0 ❌
    [ 164/420] A#3     -3 dBFS  bass  | midi: gt=58 pred=58 ✅  | spn: gt=A#3 pred=A#2 ❌  | doremi: gt=la# pred=sol ❌  | hz: gt=233.0819 pred=450.0 ❌
    [ 165/420] A#3     -3 dBFS  cello  | midi: gt=58 pred=58 ✅  | spn: gt=A#3 pred=None ❌  | doremi: gt=la# pred=sol ❌  | hz: gt=233.0819 pred=450.0 ❌
    [ 166/420] A#3    -30 dBFS  square  | midi: gt=58 pred=58 ✅  | spn: gt=A#3 pred=A6 ❌  | doremi: gt=la# pred=sol ❌  | hz: gt=233.0819 pred=450.0 ❌
    [ 167/420] A#3    -30 dBFS  synth_pad  | midi: gt=58 pred=65 ❌  | spn: gt=A#3 pred=C6 ❌  | doremi: gt=la# pred=fa# ❌  | hz: gt=233.0819 pred=480.0 ❌
    [ 168/420] A#3    -30 dBFS  piano  | midi: gt=58 pred=58 ✅  | spn: gt=A#3 pred=A#6 ❌  | doremi: gt=la# pred=fa# ❌  | hz: gt=233.0819 pred=450.0 ❌
    [ 169/420] A#3    -30 dBFS  synth_lead  | midi: gt=58 pred=63 ❌  | spn: gt=A#3 pred=C6 ❌  | doremi: gt=la# pred=fa# ❌  | hz: gt=233.0819 pred=480.0 ❌
    [ 170/420] A#3    -30 dBFS  clarinet  | midi: gt=58 pred=58 ✅  | spn: gt=A#3 pred=C6 ❌  | doremi: gt=la# pred=fa# ❌  | hz: gt=233.0819 pred=450.0 ❌
    [ 171/420] A#3     -6 dBFS  bass  | midi: gt=58 pred=58 ✅  | spn: gt=A#3 pred=A#2 ❌  | doremi: gt=la# pred=sol ❌  | hz: gt=233.0819 pred=450.0 ❌
    [ 172/420] A#3     -6 dBFS  synth_pad  | midi: gt=58 pred=65 ❌  | spn: gt=A#3 pred=C6 ❌  | doremi: gt=la# pred=fa# ❌  | hz: gt=233.0819 pred=480.0 ❌
    [ 173/420] A#3     -6 dBFS  electric_keyboard  | midi: gt=58 pred=58 ✅  | spn: gt=A#3 pred=A#5 ❌  | doremi: gt=la# pred=fa# ❌  | hz: gt=233.0819 pred=580.0 ❌
    [ 174/420] A#3     -6 dBFS  trumpet  | midi: gt=58 pred=58 ✅  | spn: gt=A#3 pred=A#5 ❌  | doremi: gt=la# pred=sol ❌  | hz: gt=233.0819 pred=450.0 ❌
    [ 175/420] A#3     -6 dBFS  voice  | midi: gt=58 pred=58 ✅  | spn: gt=A#3 pred=None ❌  | doremi: gt=la# pred=sol ❌  | hz: gt=233.0819 pred=450.0 ❌
    [ 176/420] A#3      0 dBFS  cello  | midi: gt=58 pred=58 ✅  | spn: gt=A#3 pred=None ❌  | doremi: gt=la# pred=sol ❌  | hz: gt=233.0819 pred=450.0 ❌
    [ 177/420] A#3      0 dBFS  guitar  | midi: gt=58 pred=58 ✅  | spn: gt=A#3 pred=A#6 ❌  | doremi: gt=la# pred=sol ❌  | hz: gt=233.0819 pred=450.0 ❌
    [ 178/420] A#3      0 dBFS  synth_pad  | midi: gt=58 pred=65 ❌  | spn: gt=A#3 pred=C6 ❌  | doremi: gt=la# pred=fa# ❌  | hz: gt=233.0819 pred=480.0 ❌
    [ 179/420] A#3      0 dBFS  trombone  | midi: gt=58 pred=58 ✅  | spn: gt=A#3 pred=A4 ❌  | doremi: gt=la# pred=sol ❌  | hz: gt=233.0819 pred=450.0 ❌
    [ 180/420] A#3      0 dBFS  synth_lead  | midi: gt=58 pred=58 ✅  | spn: gt=A#3 pred=A#2 ❌  | doremi: gt=la# pred=fa# ❌  | hz: gt=233.0819 pred=450.0 ❌
    [ 181/420] C4     -12 dBFS  oboe  | midi: gt=60 pred=63 ❌  | spn: gt=C4 pred=C6 ❌  | doremi: gt=do pred=sol ❌  | hz: gt=261.6256 pred=480.0 ❌
    [ 182/420] C4     -12 dBFS  organ  | midi: gt=60 pred=60 ✅  | spn: gt=C4 pred=C6 ❌  | doremi: gt=do pred=sol ❌  | hz: gt=261.6256 pred=1050.0 ❌
    [ 183/420] C4     -12 dBFS  synth_lead  | midi: gt=60 pred=63 ❌  | spn: gt=C4 pred=C6 ❌  | doremi: gt=do pred=sol ❌  | hz: gt=261.6256 pred=480.0 ❌
    [ 184/420] C4     -12 dBFS  synth_pad  | midi: gt=60 pred=64 ❌  | spn: gt=C4 pred=C6 ❌  | doremi: gt=do pred=sol ❌  | hz: gt=261.6256 pred=480.0 ❌
    [ 185/420] C4     -12 dBFS  sawtooth  | midi: gt=60 pred=43 ❌  | spn: gt=C4 pred=F#2 ❌  | doremi: gt=do pred=sol ❌  | hz: gt=261.6256 pred=450.0 ❌
    [ 186/420] C4     -20 dBFS  flute  | midi: gt=60 pred=60 ✅  | spn: gt=C4 pred=C6 ❌  | doremi: gt=do pred=sol ❌  | hz: gt=261.6256 pred=480.0 ❌
    [ 187/420] C4     -20 dBFS  voice  | midi: gt=60 pred=63 ❌  | spn: gt=C4 pred=C6 ❌  | doremi: gt=do pred=sol ❌  | hz: gt=261.6256 pred=480.0 ❌
    [ 188/420] C4     -20 dBFS  square  | midi: gt=60 pred=63 ❌  | spn: gt=C4 pred=C6 ❌  | doremi: gt=do pred=sol ❌  | hz: gt=261.6256 pred=480.0 ❌
    [ 189/420] C4     -20 dBFS  clarinet  | midi: gt=60 pred=65 ❌  | spn: gt=C4 pred=C6 ❌  | doremi: gt=do pred=sol ❌  | hz: gt=261.6256 pred=450.0 ❌
    [ 190/420] C4     -20 dBFS  sine  | midi: gt=60 pred=63 ❌  | spn: gt=C4 pred=C6 ❌  | doremi: gt=do pred=sol ❌  | hz: gt=261.6256 pred=480.0 ❌
    [ 191/420] C4      -3 dBFS  voice  | midi: gt=60 pred=63 ❌  | spn: gt=C4 pred=C6 ❌  | doremi: gt=do pred=sol ❌  | hz: gt=261.6256 pred=480.0 ❌
    [ 192/420] C4      -3 dBFS  synth_pad  | midi: gt=60 pred=64 ❌  | spn: gt=C4 pred=C6 ❌  | doremi: gt=do pred=sol ❌  | hz: gt=261.6256 pred=480.0 ❌
    [ 193/420] C4      -3 dBFS  flute  | midi: gt=60 pred=60 ✅  | spn: gt=C4 pred=C6 ❌  | doremi: gt=do pred=sol ❌  | hz: gt=261.6256 pred=480.0 ❌
    [ 194/420] C4      -3 dBFS  synth_lead  | midi: gt=60 pred=60 ✅  | spn: gt=C4 pred=C6 ❌  | doremi: gt=do pred=sol ❌  | hz: gt=261.6256 pred=480.0 ❌
    [ 195/420] C4      -3 dBFS  sine  | midi: gt=60 pred=63 ❌  | spn: gt=C4 pred=C6 ❌  | doremi: gt=do pred=sol ❌  | hz: gt=261.6256 pred=107.89 ❌
    [ 196/420] C4     -30 dBFS  square  | midi: gt=60 pred=65 ❌  | spn: gt=C4 pred=C6 ❌  | doremi: gt=do pred=sol ❌  | hz: gt=261.6256 pred=480.0 ❌
    [ 197/420] C4     -30 dBFS  sawtooth  | midi: gt=60 pred=48 ❌  | spn: gt=C4 pred=C6 ❌  | doremi: gt=do pred=sol ❌  | hz: gt=261.6256 pred=480.0 ❌
    [ 198/420] C4     -30 dBFS  flute  | midi: gt=60 pred=60 ✅  | spn: gt=C4 pred=C6 ❌  | doremi: gt=do pred=sol ❌  | hz: gt=261.6256 pred=250.0 ❌
    [ 199/420] C4     -30 dBFS  voice  | midi: gt=60 pred=63 ❌  | spn: gt=C4 pred=C6 ❌  | doremi: gt=do pred=sol ❌  | hz: gt=261.6256 pred=480.0 ❌
    [ 200/420] C4     -30 dBFS  organ  | midi: gt=60 pred=63 ❌  | spn: gt=C4 pred=C6 ❌  | doremi: gt=do pred=sol ❌  | hz: gt=261.6256 pred=1050.0 ❌
    [ 201/420] C4      -6 dBFS  sawtooth  | midi: gt=60 pred=63 ❌  | spn: gt=C4 pred=F#2 ❌  | doremi: gt=do pred=sol ❌  | hz: gt=261.6256 pred=450.0 ❌
    [ 202/420] C4      -6 dBFS  clarinet  | midi: gt=60 pred=65 ❌  | spn: gt=C4 pred=C6 ❌  | doremi: gt=do pred=sol ❌  | hz: gt=261.6256 pred=450.0 ❌
    [ 203/420] C4      -6 dBFS  square  | midi: gt=60 pred=63 ❌  | spn: gt=C4 pred=C6 ❌  | doremi: gt=do pred=sol ❌  | hz: gt=261.6256 pred=480.0 ❌
    [ 204/420] C4      -6 dBFS  flute  | midi: gt=60 pred=60 ✅  | spn: gt=C4 pred=C6 ❌  | doremi: gt=do pred=sol ❌  | hz: gt=261.6256 pred=480.0 ❌
    [ 205/420] C4      -6 dBFS  piano  | midi: gt=60 pred=48 ❌  | spn: gt=C4 pred=C6 ❌  | doremi: gt=do pred=sol ❌  | hz: gt=261.6256 pred=480.0 ❌
    [ 206/420] C4       0 dBFS  bass  | midi: gt=60 pred=60 ✅  | spn: gt=C4 pred=C4 ✅  | doremi: gt=do pred=sol ❌  | hz: gt=261.6256 pred=480.0 ❌
    [ 207/420] C4       0 dBFS  guitar  | midi: gt=60 pred=64 ❌  | spn: gt=C4 pred=C6 ❌  | doremi: gt=do pred=sol ❌  | hz: gt=261.6256 pred=480.0 ❌
    [ 208/420] C4       0 dBFS  piano  | midi: gt=60 pred=48 ❌  | spn: gt=C4 pred=C6 ❌  | doremi: gt=do pred=sol ❌  | hz: gt=261.6256 pred=480.0 ❌
    [ 209/420] C4       0 dBFS  voice  | midi: gt=60 pred=63 ❌  | spn: gt=C4 pred=C6 ❌  | doremi: gt=do pred=sol ❌  | hz: gt=261.6256 pred=480.0 ❌
    [ 210/420] C4       0 dBFS  triangle  | midi: gt=60 pred=63 ❌  | spn: gt=C4 pred=C6 ❌  | doremi: gt=do pred=sol ❌  | hz: gt=261.6256 pred=480.0 ❌
    [ 211/420] E4     -12 dBFS  bass  | midi: gt=64 pred=65 ❌  | spn: gt=E4 pred=C6 ❌  | doremi: gt=mi pred=sol ❌  | hz: gt=329.6276 pred=450.0 ❌
    [ 212/420] E4     -12 dBFS  cello  | midi: gt=64 pred=64 ✅  | spn: gt=E4 pred=C4 ❌  | doremi: gt=mi pred=sol ❌  | hz: gt=329.6276 pred=64.0 ❌
    [ 213/420] E4     -12 dBFS  guitar  | midi: gt=64 pred=64 ✅  | spn: gt=E4 pred=C6 ❌  | doremi: gt=mi pred=sol ❌  | hz: gt=329.6276 pred=460.0 ❌
    [ 214/420] E4     -12 dBFS  triangle  | midi: gt=64 pred=63 ❌  | spn: gt=E4 pred=C6 ❌  | doremi: gt=mi pred=sol ❌  | hz: gt=329.6276 pred=450.0 ❌
    [ 215/420] E4     -12 dBFS  sawtooth  | midi: gt=64 pred=64 ✅  | spn: gt=E4 pred=A6 ❌  | doremi: gt=mi pred=sol ❌  | hz: gt=329.6276 pred=450.0 ❌
    [ 216/420] E4     -20 dBFS  cello  | midi: gt=64 pred=64 ✅  | spn: gt=E4 pred=C4 ❌  | doremi: gt=mi pred=sol ❌  | hz: gt=329.6276 pred=60.0 ❌
    [ 217/420] E4     -20 dBFS  oboe  | midi: gt=64 pred=64 ✅  | spn: gt=E4 pred=C6 ❌  | doremi: gt=mi pred=sol ❌  | hz: gt=329.6276 pred=640.0 ❌
    [ 218/420] E4     -20 dBFS  voice  | midi: gt=64 pred=64 ✅  | spn: gt=E4 pred=E4 ✅  | doremi: gt=mi pred=sol ❌  | hz: gt=329.6276 pred=64.0 ❌
    [ 219/420] E4     -20 dBFS  synth_lead  | midi: gt=64 pred=63 ❌  | spn: gt=E4 pred=C6 ❌  | doremi: gt=mi pred=sol ❌  | hz: gt=329.6276 pred=480.0 ❌
    [ 220/420] E4     -20 dBFS  flute  | midi: gt=64 pred=64 ✅  | spn: gt=E4 pred=C6 ❌  | doremi: gt=mi pred=sol ❌  | hz: gt=329.6276 pred=250.0 ❌
    [ 221/420] E4      -3 dBFS  sawtooth  | midi: gt=64 pred=64 ✅  | spn: gt=E4 pred=A6 ❌  | doremi: gt=mi pred=sol ❌  | hz: gt=329.6276 pred=450.0 ❌
    [ 222/420] E4      -3 dBFS  triangle  | midi: gt=64 pred=63 ❌  | spn: gt=E4 pred=C6 ❌  | doremi: gt=mi pred=sol ❌  | hz: gt=329.6276 pred=450.0 ❌
    [ 223/420] E4      -3 dBFS  voice  | midi: gt=64 pred=64 ✅  | spn: gt=E4 pred=E4 ✅  | doremi: gt=mi pred=sol ❌  | hz: gt=329.6276 pred=640.0 ❌
    [ 224/420] E4      -3 dBFS  violin  | midi: gt=64 pred=64 ✅  | spn: gt=E4 pred=E4 ✅  | doremi: gt=mi pred=sol ❌  | hz: gt=329.6276 pred=400.0 ❌
    [ 225/420] E4      -3 dBFS  oboe  | midi: gt=64 pred=64 ✅  | spn: gt=E4 pred=C4 ❌  | doremi: gt=mi pred=sol ❌  | hz: gt=329.6276 pred=640.0 ❌
    [ 226/420] E4     -30 dBFS  clarinet  | midi: gt=64 pred=65 ❌  | spn: gt=E4 pred=C6 ❌  | doremi: gt=mi pred=sol ❌  | hz: gt=329.6276 pred=450.0 ❌
    [ 227/420] E4     -30 dBFS  triangle  | midi: gt=64 pred=64 ✅  | spn: gt=E4 pred=C6 ❌  | doremi: gt=mi pred=sol ❌  | hz: gt=329.6276 pred=450.0 ❌
    [ 228/420] E4     -30 dBFS  flute  | midi: gt=64 pred=64 ✅  | spn: gt=E4 pred=C6 ❌  | doremi: gt=mi pred=sol ❌  | hz: gt=329.6276 pred=250.0 ❌
    [ 229/420] E4     -30 dBFS  guitar  | midi: gt=64 pred=63 ❌  | spn: gt=E4 pred=C6 ❌  | doremi: gt=mi pred=sol ❌  | hz: gt=329.6276 pred=493.88 ❌
    [ 230/420] E4     -30 dBFS  synth_pad  | midi: gt=64 pred=69 ❌  | spn: gt=E4 pred=C6 ❌  | doremi: gt=mi pred=sol ❌  | hz: gt=329.6276 pred=480.0 ❌
    [ 231/420] E4      -6 dBFS  synth_pad  | midi: gt=64 pred=65 ❌  | spn: gt=E4 pred=C6 ❌  | doremi: gt=mi pred=sol ❌  | hz: gt=329.6276 pred=480.0 ❌
    [ 232/420] E4      -6 dBFS  organ  | midi: gt=64 pred=64 ✅  | spn: gt=E4 pred=E4 ✅  | doremi: gt=mi pred=sol ❌  | hz: gt=329.6276 pred=64.0 ❌
    [ 233/420] E4      -6 dBFS  piano  | midi: gt=64 pred=63 ❌  | spn: gt=E4 pred=C6 ❌  | doremi: gt=mi pred=sol ❌  | hz: gt=329.6276 pred=493.88 ❌
    [ 234/420] E4      -6 dBFS  cello  | midi: gt=64 pred=64 ✅  | spn: gt=E4 pred=C4 ❌  | doremi: gt=mi pred=sol ❌  | hz: gt=329.6276 pred=64.0 ❌
    [ 235/420] E4      -6 dBFS  square  | midi: gt=64 pred=63 ❌  | spn: gt=E4 pred=A6 ❌  | doremi: gt=mi pred=sol ❌  | hz: gt=329.6276 pred=450.0 ❌
    [ 236/420] E4       0 dBFS  trumpet  | midi: gt=64 pred=64 ✅  | spn: gt=E4 pred=E4 ✅  | doremi: gt=mi pred=sol ❌  | hz: gt=329.6276 pred=640.0 ❌
    [ 237/420] E4       0 dBFS  organ  | midi: gt=64 pred=64 ✅  | spn: gt=E4 pred=E4 ✅  | doremi: gt=mi pred=sol ❌  | hz: gt=329.6276 pred=640.0 ❌
    [ 238/420] E4       0 dBFS  flute  | midi: gt=64 pred=64 ✅  | spn: gt=E4 pred=C6 ❌  | doremi: gt=mi pred=sol ❌  | hz: gt=329.6276 pred=64.0 ❌
    [ 239/420] E4       0 dBFS  square  | midi: gt=64 pred=63 ❌  | spn: gt=E4 pred=A6 ❌  | doremi: gt=mi pred=sol ❌  | hz: gt=329.6276 pred=450.0 ❌
    [ 240/420] E4       0 dBFS  synth_lead  | midi: gt=64 pred=64 ✅  | spn: gt=E4 pred=C6 ❌  | doremi: gt=mi pred=sol# ❌  | hz: gt=329.6276 pred=1058.43 ❌
    [ 241/420] G4     -12 dBFS  synth_pad  | midi: gt=67 pred=68 ❌  | spn: gt=G4 pred=C6 ❌  | doremi: gt=sol pred=sol ✅  | hz: gt=391.9954 pred=480.0 ❌
    [ 242/420] G4     -12 dBFS  triangle  | midi: gt=67 pred=68 ❌  | spn: gt=G4 pred=C6 ❌  | doremi: gt=sol pred=sol ✅  | hz: gt=391.9954 pred=480.0 ❌
    [ 243/420] G4     -12 dBFS  sawtooth  | midi: gt=67 pred=63 ❌  | spn: gt=G4 pred=F#6 ❌  | doremi: gt=sol pred=sol ✅  | hz: gt=391.9954 pred=450.0 ❌
    [ 244/420] G4     -12 dBFS  sine  | midi: gt=67 pred=68 ❌  | spn: gt=G4 pred=C6 ❌  | doremi: gt=sol pred=sol ✅  | hz: gt=391.9954 pred=480.0 ❌
    [ 245/420] G4     -12 dBFS  synth_lead  | midi: gt=67 pred=63 ❌  | spn: gt=G4 pred=C6 ❌  | doremi: gt=sol pred=sol ✅  | hz: gt=391.9954 pred=480.0 ❌
    [ 246/420] G4     -20 dBFS  flute  | midi: gt=67 pred=63 ❌  | spn: gt=G4 pred=C6 ❌  | doremi: gt=sol pred=sol ✅  | hz: gt=391.9954 pred=261.63 ❌
    [ 247/420] G4     -20 dBFS  electric_keyboard  | midi: gt=67 pred=68 ❌  | spn: gt=G4 pred=C6 ❌  | doremi: gt=sol pred=fa# ❌  | hz: gt=391.9954 pred=5760.0 ❌
    [ 248/420] G4     -20 dBFS  cello  | midi: gt=67 pred=68 ❌  | spn: gt=G4 pred=G4 ✅  | doremi: gt=sol pred=sol ✅  | hz: gt=391.9954 pred=435.0 ❌
    [ 249/420] G4     -20 dBFS  bass  | midi: gt=67 pred=69 ❌  | spn: gt=G4 pred=C6 ❌  | doremi: gt=sol pred=sol ✅  | hz: gt=391.9954 pred=493.88 ❌
    [ 250/420] G4     -20 dBFS  voice  | midi: gt=67 pred=69 ❌  | spn: gt=G4 pred=C6 ❌  | doremi: gt=sol pred=sol ✅  | hz: gt=391.9954 pred=436.0 ❌
    [ 251/420] G4      -3 dBFS  guitar  | midi: gt=67 pred=63 ❌  | spn: gt=G4 pred=C6 ❌  | doremi: gt=sol pred=sol ✅  | hz: gt=391.9954 pred=493.88 ❌
    [ 252/420] G4      -3 dBFS  violin  | midi: gt=67 pred=67 ✅  | spn: gt=G4 pred=C6 ❌  | doremi: gt=sol pred=sol ✅  | hz: gt=391.9954 pred=6750.0 ❌
    [ 253/420] G4      -3 dBFS  sawtooth  | midi: gt=67 pred=63 ❌  | spn: gt=G4 pred=F#6 ❌  | doremi: gt=sol pred=sol ✅  | hz: gt=391.9954 pred=450.0 ❌
    [ 254/420] G4      -3 dBFS  electric_keyboard  | midi: gt=67 pred=67 ✅  | spn: gt=G4 pred=C6 ❌  | doremi: gt=sol pred=fa# ❌  | hz: gt=391.9954 pred=6750.0 ❌
    [ 255/420] G4      -3 dBFS  voice  | midi: gt=67 pred=69 ❌  | spn: gt=G4 pred=C6 ❌  | doremi: gt=sol pred=sol ✅  | hz: gt=391.9954 pred=435.0 ❌
    [ 256/420] G4     -30 dBFS  sine  | midi: gt=67 pred=63 ❌  | spn: gt=G4 pred=C6 ❌  | doremi: gt=sol pred=sol ✅  | hz: gt=391.9954 pred=480.0 ❌
    [ 257/420] G4     -30 dBFS  violin  | midi: gt=67 pred=63 ❌  | spn: gt=G4 pred=C4 ❌  | doremi: gt=sol pred=sol ✅  | hz: gt=391.9954 pred=435.0 ❌
    [ 258/420] G4     -30 dBFS  trumpet  | midi: gt=67 pred=68 ❌  | spn: gt=G4 pred=C6 ❌  | doremi: gt=sol pred=sol ✅  | hz: gt=391.9954 pred=435.0 ❌
    [ 259/420] G4     -30 dBFS  organ  | midi: gt=67 pred=63 ❌  | spn: gt=G4 pred=C6 ❌  | doremi: gt=sol pred=sol ✅  | hz: gt=391.9954 pred=480.0 ❌
    [ 260/420] G4     -30 dBFS  piano  | midi: gt=67 pred=68 ❌  | spn: gt=G4 pred=C6 ❌  | doremi: gt=sol pred=sol ✅  | hz: gt=391.9954 pred=450.0 ❌
    [ 261/420] G4      -6 dBFS  cello  | midi: gt=67 pred=63 ❌  | spn: gt=G4 pred=G4 ✅  | doremi: gt=sol pred=sol ✅  | hz: gt=391.9954 pred=6750.0 ❌
    [ 262/420] G4      -6 dBFS  synth_pad  | midi: gt=67 pred=68 ❌  | spn: gt=G4 pred=C6 ❌  | doremi: gt=sol pred=sol ✅  | hz: gt=391.9954 pred=493.88 ❌
    [ 263/420] G4      -6 dBFS  bass  | midi: gt=67 pred=67 ✅  | spn: gt=G4 pred=C6 ❌  | doremi: gt=sol pred=sol ✅  | hz: gt=391.9954 pred=493.88 ❌
    [ 264/420] G4      -6 dBFS  piano  | midi: gt=67 pred=63 ❌  | spn: gt=G4 pred=C6 ❌  | doremi: gt=sol pred=sol ✅  | hz: gt=391.9954 pred=450.0 ❌
    [ 265/420] G4      -6 dBFS  triangle  | midi: gt=67 pred=68 ❌  | spn: gt=G4 pred=C6 ❌  | doremi: gt=sol pred=sol ✅  | hz: gt=391.9954 pred=480.0 ❌
    [ 266/420] G4       0 dBFS  trombone  | midi: gt=67 pred=67 ✅  | spn: gt=G4 pred=C6 ❌  | doremi: gt=sol pred=sol ✅  | hz: gt=391.9954 pred=435.0 ❌
    [ 267/420] G4       0 dBFS  guitar  | midi: gt=67 pred=63 ❌  | spn: gt=G4 pred=C6 ❌  | doremi: gt=sol pred=fa# ❌  | hz: gt=391.9954 pred=493.88 ❌
    [ 268/420] G4       0 dBFS  sawtooth  | midi: gt=67 pred=63 ❌  | spn: gt=G4 pred=F#6 ❌  | doremi: gt=sol pred=sol ✅  | hz: gt=391.9954 pred=450.0 ❌
    [ 269/420] G4       0 dBFS  synth_lead  | midi: gt=67 pred=63 ❌  | spn: gt=G4 pred=C6 ❌  | doremi: gt=sol pred=sol ✅  | hz: gt=391.9954 pred=480.0 ❌
    [ 270/420] G4       0 dBFS  oboe  | midi: gt=67 pred=67 ✅  | spn: gt=G4 pred=C6 ❌  | doremi: gt=sol pred=sol ✅  | hz: gt=391.9954 pred=6750.0 ❌
    [ 271/420] A4     -12 dBFS  clarinet  | midi: gt=69 pred=69 ✅  | spn: gt=A4 pred=C6 ❌  | doremi: gt=la pred=sol ❌  | hz: gt=440.0 pred=450.0 ❌
    [ 272/420] A4     -12 dBFS  sawtooth  | midi: gt=69 pred=69 ✅  | spn: gt=A4 pred=A6 ❌  | doremi: gt=la pred=sol ❌  | hz: gt=440.0 pred=450.0 ❌
    [ 273/420] A4     -12 dBFS  synth_pad  | midi: gt=69 pred=69 ✅  | spn: gt=A4 pred=C6 ❌  | doremi: gt=la pred=sol ❌  | hz: gt=440.0 pred=450.0 ❌
    [ 274/420] A4     -12 dBFS  bass  | midi: gt=69 pred=69 ✅  | spn: gt=A4 pred=C6 ❌  | doremi: gt=la pred=fa# ❌  | hz: gt=440.0 pred=450.0 ❌
    [ 275/420] A4     -12 dBFS  trumpet  | midi: gt=69 pred=69 ✅  | spn: gt=A4 pred=A4 ✅  | doremi: gt=la pred=sol ❌  | hz: gt=440.0 pred=450.0 ❌
    [ 276/420] A4     -20 dBFS  synth_lead  | midi: gt=69 pred=68 ❌  | spn: gt=A4 pred=C6 ❌  | doremi: gt=la pred=sol ❌  | hz: gt=440.0 pred=480.0 ❌
    [ 277/420] A4     -20 dBFS  electric_keyboard  | midi: gt=69 pred=69 ✅  | spn: gt=A4 pred=None ❌  | doremi: gt=la pred=fa# ❌  | hz: gt=440.0 pred=450.0 ❌
    [ 278/420] A4     -20 dBFS  sawtooth  | midi: gt=69 pred=58 ❌  | spn: gt=A4 pred=A6 ❌  | doremi: gt=la pred=sol ❌  | hz: gt=440.0 pred=450.0 ❌
    [ 279/420] A4     -20 dBFS  square  | midi: gt=69 pred=69 ✅  | spn: gt=A4 pred=A6 ❌  | doremi: gt=la pred=sol ❌  | hz: gt=440.0 pred=450.0 ❌
    [ 280/420] A4     -20 dBFS  cello  | midi: gt=69 pred=69 ✅  | spn: gt=A4 pred=A4 ✅  | doremi: gt=la pred=sol ❌  | hz: gt=440.0 pred=435.0 ❌
    [ 281/420] A4      -3 dBFS  electric_keyboard  | midi: gt=69 pred=69 ✅  | spn: gt=A4 pred=None ❌  | doremi: gt=la pred=mi ❌  | hz: gt=440.0 pred=693.08 ❌
    [ 282/420] A4      -3 dBFS  square  | midi: gt=69 pred=69 ✅  | spn: gt=A4 pred=A6 ❌  | doremi: gt=la pred=sol ❌  | hz: gt=440.0 pred=1046.53 ❌
    [ 283/420] A4      -3 dBFS  synth_pad  | midi: gt=69 pred=69 ✅  | spn: gt=A4 pred=C6 ❌  | doremi: gt=la pred=sol ❌  | hz: gt=440.0 pred=450.0 ❌
    [ 284/420] A4      -3 dBFS  flute  | midi: gt=69 pred=69 ✅  | spn: gt=A4 pred=C6 ❌  | doremi: gt=la pred=fa# ❌  | hz: gt=440.0 pred=450.0 ❌
    [ 285/420] A4      -3 dBFS  guitar  | midi: gt=69 pred=69 ✅  | spn: gt=A4 pred=A7 ❌  | doremi: gt=la pred=sol ❌  | hz: gt=440.0 pred=450.0 ❌
    [ 286/420] A4     -30 dBFS  triangle  | midi: gt=69 pred=69 ✅  | spn: gt=A4 pred=A6 ❌  | doremi: gt=la pred=sol ❌  | hz: gt=440.0 pred=450.0 ❌
    [ 287/420] A4     -30 dBFS  flute  | midi: gt=69 pred=69 ✅  | spn: gt=A4 pred=C6 ❌  | doremi: gt=la pred=sol ❌  | hz: gt=440.0 pred=435.0 ❌
    [ 288/420] A4     -30 dBFS  sawtooth  | midi: gt=69 pred=58 ❌  | spn: gt=A4 pred=A6 ❌  | doremi: gt=la pred=sol ❌  | hz: gt=440.0 pred=450.0 ❌
    [ 289/420] A4     -30 dBFS  square  | midi: gt=69 pred=69 ✅  | spn: gt=A4 pred=A6 ❌  | doremi: gt=la pred=sol ❌  | hz: gt=440.0 pred=450.0 ❌
    [ 290/420] A4     -30 dBFS  guitar  | midi: gt=69 pred=69 ✅  | spn: gt=A4 pred=A7 ❌  | doremi: gt=la pred=re ❌  | hz: gt=440.0 pred=450.0 ❌
    [ 291/420] A4      -6 dBFS  voice  | midi: gt=69 pred=69 ✅  | spn: gt=A4 pred=C6 ❌  | doremi: gt=la pred=sol ❌  | hz: gt=440.0 pred=436.5 ✅
    [ 292/420] A4      -6 dBFS  synth_lead  | midi: gt=69 pred=69 ✅  | spn: gt=A4 pred=C6 ❌  | doremi: gt=la pred=sol ❌  | hz: gt=440.0 pred=1058.43 ❌
    [ 293/420] A4      -6 dBFS  clarinet  | midi: gt=69 pred=69 ✅  | spn: gt=A4 pred=C6 ❌  | doremi: gt=la pred=sol ❌  | hz: gt=440.0 pred=450.0 ❌
    [ 294/420] A4      -6 dBFS  trumpet  | midi: gt=69 pred=69 ✅  | spn: gt=A4 pred=A4 ✅  | doremi: gt=la pred=sol ❌  | hz: gt=440.0 pred=450.0 ❌
    [ 295/420] A4      -6 dBFS  triangle  | midi: gt=69 pred=69 ✅  | spn: gt=A4 pred=A6 ❌  | doremi: gt=la pred=sol ❌  | hz: gt=440.0 pred=450.0 ❌
    [ 296/420] A4       0 dBFS  clarinet  | midi: gt=69 pred=69 ✅  | spn: gt=A4 pred=C6 ❌  | doremi: gt=la pred=sol ❌  | hz: gt=440.0 pred=450.0 ❌
    [ 297/420] A4       0 dBFS  flute  | midi: gt=69 pred=69 ✅  | spn: gt=A4 pred=C6 ❌  | doremi: gt=la pred=sol ❌  | hz: gt=440.0 pred=450.0 ❌
    [ 298/420] A4       0 dBFS  trumpet  | midi: gt=69 pred=69 ✅  | spn: gt=A4 pred=A4 ✅  | doremi: gt=la pred=sol ❌  | hz: gt=440.0 pred=450.0 ❌
    [ 299/420] A4       0 dBFS  violin  | midi: gt=69 pred=69 ✅  | spn: gt=A4 pred=None ❌  | doremi: gt=la pred=sol ❌  | hz: gt=440.0 pred=450.0 ❌
    [ 300/420] A4       0 dBFS  square  | midi: gt=69 pred=69 ✅  | spn: gt=A4 pred=A6 ❌  | doremi: gt=la pred=sol ❌  | hz: gt=440.0 pred=1046.53 ❌
    [ 301/420] C#5    -12 dBFS  trombone  | midi: gt=73 pred=68 ❌  | spn: gt=C#5 pred=C6 ❌  | doremi: gt=do# pred=sol ❌  | hz: gt=554.3653 pred=6750.0 ❌
    [ 302/420] C#5    -12 dBFS  organ  | midi: gt=73 pred=68 ❌  | spn: gt=C#5 pred=C6 ❌  | doremi: gt=do# pred=sol ❌  | hz: gt=554.3653 pred=1085.73 ❌
    [ 303/420] C#5    -12 dBFS  clarinet  | midi: gt=73 pred=68 ❌  | spn: gt=C#5 pred=C6 ❌  | doremi: gt=do# pred=sol ❌  | hz: gt=554.3653 pred=605.0 ❌
    [ 304/420] C#5    -12 dBFS  square  | midi: gt=73 pred=63 ❌  | spn: gt=C#5 pred=C6 ❌  | doremi: gt=do# pred=sol ❌  | hz: gt=554.3653 pred=480.0 ❌
    [ 305/420] C#5    -12 dBFS  sine  | midi: gt=73 pred=68 ❌  | spn: gt=C#5 pred=C6 ❌  | doremi: gt=do# pred=sol ❌  | hz: gt=554.3653 pred=480.0 ❌
    [ 306/420] C#5    -20 dBFS  organ  | midi: gt=73 pred=68 ❌  | spn: gt=C#5 pred=C6 ❌  | doremi: gt=do# pred=sol ❌  | hz: gt=554.3653 pred=1085.73 ❌
    [ 307/420] C#5    -20 dBFS  triangle  | midi: gt=73 pred=68 ❌  | spn: gt=C#5 pred=C6 ❌  | doremi: gt=do# pred=sol ❌  | hz: gt=554.3653 pred=480.0 ❌
    [ 308/420] C#5    -20 dBFS  square  | midi: gt=73 pred=65 ❌  | spn: gt=C#5 pred=C6 ❌  | doremi: gt=do# pred=sol ❌  | hz: gt=554.3653 pred=480.0 ❌
    [ 309/420] C#5    -20 dBFS  guitar  | midi: gt=73 pred=68 ❌  | spn: gt=C#5 pred=C6 ❌  | doremi: gt=do# pred=sol ❌  | hz: gt=554.3653 pred=460.0 ❌
    [ 310/420] C#5    -20 dBFS  trumpet  | midi: gt=73 pred=73 ✅  | spn: gt=C#5 pred=C6 ❌  | doremi: gt=do# pred=sol ❌  | hz: gt=554.3653 pred=600.0 ❌
    [ 311/420] C#5     -3 dBFS  trumpet  | midi: gt=73 pred=73 ✅  | spn: gt=C#5 pred=C6 ❌  | doremi: gt=do# pred=sol ❌  | hz: gt=554.3653 pred=600.0 ❌
    [ 312/420] C#5     -3 dBFS  piano  | midi: gt=73 pred=68 ❌  | spn: gt=C#5 pred=C6 ❌  | doremi: gt=do# pred=fa# ❌  | hz: gt=554.3653 pred=480.0 ❌
    [ 313/420] C#5     -3 dBFS  oboe  | midi: gt=73 pred=73 ✅  | spn: gt=C#5 pred=C6 ❌  | doremi: gt=do# pred=sol ❌  | hz: gt=554.3653 pred=6750.0 ❌
    [ 314/420] C#5     -3 dBFS  square  | midi: gt=73 pred=65 ❌  | spn: gt=C#5 pred=C6 ❌  | doremi: gt=do# pred=sol ❌  | hz: gt=554.3653 pred=450.0 ❌
    [ 315/420] C#5     -3 dBFS  organ  | midi: gt=73 pred=68 ❌  | spn: gt=C#5 pred=C6 ❌  | doremi: gt=do# pred=sol# ❌  | hz: gt=554.3653 pred=6120.0 ❌
    [ 316/420] C#5    -30 dBFS  flute  | midi: gt=73 pred=68 ❌  | spn: gt=C#5 pred=C6 ❌  | doremi: gt=do# pred=sol ❌  | hz: gt=554.3653 pred=480.0 ❌
    [ 317/420] C#5    -30 dBFS  oboe  | midi: gt=73 pred=68 ❌  | spn: gt=C#5 pred=C6 ❌  | doremi: gt=do# pred=sol ❌  | hz: gt=554.3653 pred=605.0 ❌
    [ 318/420] C#5    -30 dBFS  trombone  | midi: gt=73 pred=68 ❌  | spn: gt=C#5 pred=C6 ❌  | doremi: gt=do# pred=sol ❌  | hz: gt=554.3653 pred=480.0 ❌
    [ 319/420] C#5    -30 dBFS  electric_keyboard  | midi: gt=73 pred=69 ❌  | spn: gt=C#5 pred=C6 ❌  | doremi: gt=do# pred=fa# ❌  | hz: gt=554.3653 pred=605.31 ❌
    [ 320/420] C#5    -30 dBFS  voice  | midi: gt=73 pred=68 ❌  | spn: gt=C#5 pred=C6 ❌  | doremi: gt=do# pred=sol ❌  | hz: gt=554.3653 pred=480.0 ❌
    [ 321/420] C#5     -6 dBFS  synth_pad  | midi: gt=73 pred=69 ❌  | spn: gt=C#5 pred=C6 ❌  | doremi: gt=do# pred=sol# ❌  | hz: gt=554.3653 pred=480.0 ❌
    [ 322/420] C#5     -6 dBFS  trombone  | midi: gt=73 pred=68 ❌  | spn: gt=C#5 pred=C6 ❌  | doremi: gt=do# pred=sol ❌  | hz: gt=554.3653 pred=6750.0 ❌
    [ 323/420] C#5     -6 dBFS  synth_lead  | midi: gt=73 pred=68 ❌  | spn: gt=C#5 pred=C6 ❌  | doremi: gt=do# pred=sol ❌  | hz: gt=554.3653 pred=480.0 ❌
    [ 324/420] C#5     -6 dBFS  sine  | midi: gt=73 pred=68 ❌  | spn: gt=C#5 pred=C6 ❌  | doremi: gt=do# pred=sol ❌  | hz: gt=554.3653 pred=480.0 ❌
    [ 325/420] C#5     -6 dBFS  clarinet  | midi: gt=73 pred=68 ❌  | spn: gt=C#5 pred=C6 ❌  | doremi: gt=do# pred=sol ❌  | hz: gt=554.3653 pred=605.0 ❌
    [ 326/420] C#5      0 dBFS  synth_pad  | midi: gt=73 pred=69 ❌  | spn: gt=C#5 pred=C6 ❌  | doremi: gt=do# pred=sol# ❌  | hz: gt=554.3653 pred=605.0 ❌
    [ 327/420] C#5      0 dBFS  trombone  | midi: gt=73 pred=68 ❌  | spn: gt=C#5 pred=C6 ❌  | doremi: gt=do# pred=sol ❌  | hz: gt=554.3653 pred=6750.0 ❌
    [ 328/420] C#5      0 dBFS  triangle  | midi: gt=73 pred=68 ❌  | spn: gt=C#5 pred=C6 ❌  | doremi: gt=do# pred=sol ❌  | hz: gt=554.3653 pred=480.0 ❌
    [ 329/420] C#5      0 dBFS  piano  | midi: gt=73 pred=68 ❌  | spn: gt=C#5 pred=C6 ❌  | doremi: gt=do# pred=sol ❌  | hz: gt=554.3653 pred=480.0 ❌
    [ 330/420] C#5      0 dBFS  bass  | midi: gt=73 pred=68 ❌  | spn: gt=C#5 pred=C6 ❌  | doremi: gt=do# pred=sol ❌  | hz: gt=554.3653 pred=6750.0 ❌
    [ 331/420] E5     -12 dBFS  triangle  | midi: gt=76 pred=63 ❌  | spn: gt=E5 pred=C6 ❌  | doremi: gt=mi pred=sol ❌  | hz: gt=659.2551 pred=460.0 ❌
    [ 332/420] E5     -12 dBFS  voice  | midi: gt=76 pred=64 ❌  | spn: gt=E5 pred=C6 ❌  | doremi: gt=mi pred=sol# ❌  | hz: gt=659.2551 pred=640.0 ❌
    [ 333/420] E5     -12 dBFS  piano  | midi: gt=76 pred=68 ❌  | spn: gt=E5 pred=C6 ❌  | doremi: gt=mi pred=sol ❌  | hz: gt=659.2551 pred=450.0 ❌
    [ 334/420] E5     -12 dBFS  trumpet  | midi: gt=76 pred=83 ❌  | spn: gt=E5 pred=A#6 ❌  | doremi: gt=mi pred=sol ❌  | hz: gt=659.2551 pred=6400.0 ❌
    [ 335/420] E5     -12 dBFS  synth_lead  | midi: gt=76 pred=68 ❌  | spn: gt=E5 pred=C6 ❌  | doremi: gt=mi pred=sol# ❌  | hz: gt=659.2551 pred=1034.52 ❌
    [ 336/420] E5     -20 dBFS  guitar  | midi: gt=76 pred=68 ❌  | spn: gt=E5 pred=C6 ❌  | doremi: gt=mi pred=re ❌  | hz: gt=659.2551 pred=493.88 ❌
    [ 337/420] E5     -20 dBFS  clarinet  | midi: gt=76 pred=68 ❌  | spn: gt=E5 pred=C6 ❌  | doremi: gt=mi pred=sol ❌  | hz: gt=659.2551 pred=480.0 ❌
    [ 338/420] E5     -20 dBFS  voice  | midi: gt=76 pred=64 ❌  | spn: gt=E5 pred=C6 ❌  | doremi: gt=mi pred=sol ❌  | hz: gt=659.2551 pred=640.0 ❌
    [ 339/420] E5     -20 dBFS  trumpet  | midi: gt=76 pred=83 ❌  | spn: gt=E5 pred=A#6 ❌  | doremi: gt=mi pred=sol ❌  | hz: gt=659.2551 pred=8105.0 ❌
    [ 340/420] E5     -20 dBFS  bass  | midi: gt=76 pred=64 ❌  | spn: gt=E5 pred=C6 ❌  | doremi: gt=mi pred=re ❌  | hz: gt=659.2551 pred=700.0 ❌
    [ 341/420] E5      -3 dBFS  bass  | midi: gt=76 pred=64 ❌  | spn: gt=E5 pred=C7 ❌  | doremi: gt=mi pred=sol# ❌  | hz: gt=659.2551 pred=700.0 ❌
    [ 342/420] E5      -3 dBFS  trumpet  | midi: gt=76 pred=83 ❌  | spn: gt=E5 pred=A#6 ❌  | doremi: gt=mi pred=sol ❌  | hz: gt=659.2551 pred=6950.0 ❌
    [ 343/420] E5      -3 dBFS  sawtooth  | midi: gt=76 pred=69 ❌  | spn: gt=E5 pred=A6 ❌  | doremi: gt=mi pred=sol ❌  | hz: gt=659.2551 pred=450.0 ❌
    [ 344/420] E5      -3 dBFS  square  | midi: gt=76 pred=63 ❌  | spn: gt=E5 pred=A6 ❌  | doremi: gt=mi pred=sol ❌  | hz: gt=659.2551 pred=1073.64 ❌
    [ 345/420] E5      -3 dBFS  clarinet  | midi: gt=76 pred=68 ❌  | spn: gt=E5 pred=C6 ❌  | doremi: gt=mi pred=sol ❌  | hz: gt=659.2551 pred=659.32 ✅
    [ 346/420] E5     -30 dBFS  cello  | midi: gt=76 pred=68 ❌  | spn: gt=E5 pred=C6 ❌  | doremi: gt=mi pred=sol ❌  | hz: gt=659.2551 pred=640.0 ❌
    [ 347/420] E5     -30 dBFS  trumpet  | midi: gt=76 pred=83 ❌  | spn: gt=E5 pred=C6 ❌  | doremi: gt=mi pred=sol ❌  | hz: gt=659.2551 pred=8105.32 ❌
    [ 348/420] E5     -30 dBFS  sawtooth  | midi: gt=76 pred=69 ❌  | spn: gt=E5 pred=A6 ❌  | doremi: gt=mi pred=sol ❌  | hz: gt=659.2551 pred=415.3 ❌
    [ 349/420] E5     -30 dBFS  sine  | midi: gt=76 pred=68 ❌  | spn: gt=E5 pred=C6 ❌  | doremi: gt=mi pred=sol ❌  | hz: gt=659.2551 pred=415.38 ❌
    [ 350/420] E5     -30 dBFS  electric_keyboard  | midi: gt=76 pred=64 ❌  | spn: gt=E5 pred=C6 ❌  | doremi: gt=mi pred=sol ❌  | hz: gt=659.2551 pred=701.43 ❌
    [ 351/420] E5      -6 dBFS  piano  | midi: gt=76 pred=68 ❌  | spn: gt=E5 pred=C6 ❌  | doremi: gt=mi pred=sol# ❌  | hz: gt=659.2551 pred=450.0 ❌
    [ 352/420] E5      -6 dBFS  trumpet  | midi: gt=76 pred=83 ❌  | spn: gt=E5 pred=A#6 ❌  | doremi: gt=mi pred=sol ❌  | hz: gt=659.2551 pred=6950.0 ❌
    [ 353/420] E5      -6 dBFS  electric_keyboard  | midi: gt=76 pred=76 ✅  | spn: gt=E5 pred=B7 ❌  | doremi: gt=mi pred=sol ❌  | hz: gt=659.2551 pred=7680.0 ❌
    [ 354/420] E5      -6 dBFS  organ  | midi: gt=76 pred=64 ❌  | spn: gt=E5 pred=A#6 ❌  | doremi: gt=mi pred=sol ❌  | hz: gt=659.2551 pred=640.0 ❌
    [ 355/420] E5      -6 dBFS  synth_pad  | midi: gt=76 pred=69 ❌  | spn: gt=E5 pred=C6 ❌  | doremi: gt=mi pred=sol ❌  | hz: gt=659.2551 pred=1034.52 ❌
    [ 356/420] E5       0 dBFS  cello  | midi: gt=76 pred=64 ❌  | spn: gt=E5 pred=C6 ❌  | doremi: gt=mi pred=sol ❌  | hz: gt=659.2551 pred=64.0 ❌
    [ 357/420] E5       0 dBFS  synth_pad  | midi: gt=76 pred=69 ❌  | spn: gt=E5 pred=C6 ❌  | doremi: gt=mi pred=sol# ❌  | hz: gt=659.2551 pred=1034.52 ❌
    [ 358/420] E5       0 dBFS  sine  | midi: gt=76 pred=68 ❌  | spn: gt=E5 pred=C6 ❌  | doremi: gt=mi pred=sol ❌  | hz: gt=659.2551 pred=1050.0 ❌
    [ 359/420] E5       0 dBFS  triangle  | midi: gt=76 pred=63 ❌  | spn: gt=E5 pred=C6 ❌  | doremi: gt=mi pred=sol ❌  | hz: gt=659.2551 pred=450.0 ❌
    [ 360/420] E5       0 dBFS  sawtooth  | midi: gt=76 pred=69 ❌  | spn: gt=E5 pred=A6 ❌  | doremi: gt=mi pred=sol ❌  | hz: gt=659.2551 pred=1073.64 ❌
    [ 361/420] G5     -12 dBFS  piano  | midi: gt=79 pred=68 ❌  | spn: gt=G5 pred=C7 ❌  | doremi: gt=sol pred=sol ✅  | hz: gt=783.9909 pred=795.0 ❌
    [ 362/420] G5     -12 dBFS  synth_pad  | midi: gt=79 pred=69 ❌  | spn: gt=G5 pred=C6 ❌  | doremi: gt=sol pred=sol ✅  | hz: gt=783.9909 pred=1058.43 ❌
    [ 363/420] G5     -12 dBFS  sawtooth  | midi: gt=79 pred=69 ❌  | spn: gt=G5 pred=A6 ❌  | doremi: gt=sol pred=sol ✅  | hz: gt=783.9909 pred=450.0 ❌
    [ 364/420] G5     -12 dBFS  oboe  | midi: gt=79 pred=84 ❌  | spn: gt=G5 pred=G6 ❌  | doremi: gt=sol pred=sol ✅  | hz: gt=783.9909 pred=6750.0 ❌
    [ 365/420] G5     -12 dBFS  trombone  | midi: gt=79 pred=69 ❌  | spn: gt=G5 pred=C6 ❌  | doremi: gt=sol pred=sol ✅  | hz: gt=783.9909 pred=493.88 ❌
    [ 366/420] G5     -20 dBFS  synth_pad  | midi: gt=79 pred=64 ❌  | spn: gt=G5 pred=C6 ❌  | doremi: gt=sol pred=sol ✅  | hz: gt=783.9909 pred=480.0 ❌
    [ 367/420] G5     -20 dBFS  piano  | midi: gt=79 pred=68 ❌  | spn: gt=G5 pred=C6 ❌  | doremi: gt=sol pred=sol ✅  | hz: gt=783.9909 pred=780.0 ✅
    [ 368/420] G5     -20 dBFS  cello  | midi: gt=79 pred=68 ❌  | spn: gt=G5 pred=G6 ❌  | doremi: gt=sol pred=sol ✅  | hz: gt=783.9909 pred=6750.0 ❌
    [ 369/420] G5     -20 dBFS  voice  | midi: gt=79 pred=69 ❌  | spn: gt=G5 pred=C6 ❌  | doremi: gt=sol pred=sol# ❌  | hz: gt=783.9909 pred=6750.0 ❌
    [ 370/420] G5     -20 dBFS  sine  | midi: gt=79 pred=68 ❌  | spn: gt=G5 pred=C6 ❌  | doremi: gt=sol pred=sol ✅  | hz: gt=783.9909 pred=450.0 ❌
    [ 371/420] G5      -3 dBFS  trombone  | midi: gt=79 pred=69 ❌  | spn: gt=G5 pred=C6 ❌  | doremi: gt=sol pred=sol ✅  | hz: gt=783.9909 pred=659.3 ❌
    [ 372/420] G5      -3 dBFS  oboe  | midi: gt=79 pred=69 ❌  | spn: gt=G5 pred=C6 ❌  | doremi: gt=sol pred=sol ✅  | hz: gt=783.9909 pred=6750.0 ❌
    [ 373/420] G5      -3 dBFS  sawtooth  | midi: gt=79 pred=65 ❌  | spn: gt=G5 pred=A6 ❌  | doremi: gt=sol pred=sol ✅  | hz: gt=783.9909 pred=450.0 ❌
    [ 374/420] G5      -3 dBFS  synth_pad  | midi: gt=79 pred=69 ❌  | spn: gt=G5 pred=C6 ❌  | doremi: gt=sol pred=sol ✅  | hz: gt=783.9909 pred=1075.83 ❌
    [ 375/420] G5      -3 dBFS  triangle  | midi: gt=79 pred=68 ❌  | spn: gt=G5 pred=C6 ❌  | doremi: gt=sol pred=sol ✅  | hz: gt=783.9909 pred=480.0 ❌
    [ 376/420] G5     -30 dBFS  flute  | midi: gt=79 pred=69 ❌  | spn: gt=G5 pred=C6 ❌  | doremi: gt=sol pred=sol ✅  | hz: gt=783.9909 pred=480.0 ❌
    [ 377/420] G5     -30 dBFS  triangle  | midi: gt=79 pred=69 ❌  | spn: gt=G5 pred=C6 ❌  | doremi: gt=sol pred=sol ✅  | hz: gt=783.9909 pred=480.0 ❌
    [ 378/420] G5     -30 dBFS  oboe  | midi: gt=79 pred=69 ❌  | spn: gt=G5 pred=G6 ❌  | doremi: gt=sol pred=sol ✅  | hz: gt=783.9909 pred=659.3 ❌
    [ 379/420] G5     -30 dBFS  cello  | midi: gt=79 pred=68 ❌  | spn: gt=G5 pred=C6 ❌  | doremi: gt=sol pred=sol ✅  | hz: gt=783.9909 pred=493.88 ❌
    [ 380/420] G5     -30 dBFS  trombone  | midi: gt=79 pred=68 ❌  | spn: gt=G5 pred=C6 ❌  | doremi: gt=sol pred=sol ✅  | hz: gt=783.9909 pred=450.0 ❌
    [ 381/420] G5      -6 dBFS  piano  | midi: gt=79 pred=68 ❌  | spn: gt=G5 pred=C7 ❌  | doremi: gt=sol pred=sol ✅  | hz: gt=783.9909 pred=795.0 ❌
    [ 382/420] G5      -6 dBFS  flute  | midi: gt=79 pred=67 ❌  | spn: gt=G5 pred=C6 ❌  | doremi: gt=sol pred=sol ✅  | hz: gt=783.9909 pred=675.0 ❌
    [ 383/420] G5      -6 dBFS  electric_keyboard  | midi: gt=79 pred=67 ❌  | spn: gt=G5 pred=C6 ❌  | doremi: gt=sol pred=sol ✅  | hz: gt=783.9909 pred=793.68 ❌
    [ 384/420] G5      -6 dBFS  synth_lead  | midi: gt=79 pred=63 ❌  | spn: gt=G5 pred=C6 ❌  | doremi: gt=sol pred=sol# ❌  | hz: gt=783.9909 pred=1054.87 ❌
    [ 385/420] G5      -6 dBFS  organ  | midi: gt=79 pred=68 ❌  | spn: gt=G5 pred=C6 ❌  | doremi: gt=sol pred=sol ✅  | hz: gt=783.9909 pred=6750.0 ❌
    [ 386/420] G5       0 dBFS  cello  | midi: gt=79 pred=67 ❌  | spn: gt=G5 pred=G6 ❌  | doremi: gt=sol pred=sol ✅  | hz: gt=783.9909 pred=6750.0 ❌
    [ 387/420] G5       0 dBFS  sine  | midi: gt=79 pred=68 ❌  | spn: gt=G5 pred=C6 ❌  | doremi: gt=sol pred=sol ✅  | hz: gt=783.9909 pred=1074.32 ❌
    [ 388/420] G5       0 dBFS  electric_keyboard  | midi: gt=79 pred=67 ❌  | spn: gt=G5 pred=C6 ❌  | doremi: gt=sol pred=sol ✅  | hz: gt=783.9909 pred=793.68 ❌
    [ 389/420] G5       0 dBFS  clarinet  | midi: gt=79 pred=68 ❌  | spn: gt=G5 pred=C6 ❌  | doremi: gt=sol pred=sol ✅  | hz: gt=783.9909 pred=6750.0 ❌
    [ 390/420] G5       0 dBFS  violin  | midi: gt=79 pred=67 ❌  | spn: gt=G5 pred=G6 ❌  | doremi: gt=sol pred=sol ✅  | hz: gt=783.9909 pred=6750.0 ❌
    [ 391/420] E6     -12 dBFS  cello  | midi: gt=88 pred=86 ❌  | spn: gt=E6 pred=C6 ❌  | doremi: gt=mi pred=sol ❌  | hz: gt=1318.5102 pred=1046.53 ❌
    [ 392/420] E6     -12 dBFS  flute  | midi: gt=88 pred=83 ❌  | spn: gt=E6 pred=C6 ❌  | doremi: gt=mi pred=sol ❌  | hz: gt=1318.5102 pred=833.33 ❌
    [ 393/420] E6     -12 dBFS  trumpet  | midi: gt=88 pred=83 ❌  | spn: gt=E6 pred=C6 ❌  | doremi: gt=mi pred=sol ❌  | hz: gt=1318.5102 pred=4085.71 ❌
    [ 394/420] E6     -12 dBFS  electric_keyboard  | midi: gt=88 pred=88 ✅  | spn: gt=E6 pred=C6 ❌  | doremi: gt=mi pred=sol ❌  | hz: gt=1318.5102 pred=None ❌
    [ 395/420] E6     -12 dBFS  violin  | midi: gt=88 pred=83 ❌  | spn: gt=E6 pred=B6 ❌  | doremi: gt=mi pred=sol# ❌  | hz: gt=1318.5102 pred=830.61 ❌
    [ 396/420] E6     -20 dBFS  triangle  | midi: gt=88 pred=84 ❌  | spn: gt=E6 pred=C6 ❌  | doremi: gt=mi pred=sol ❌  | hz: gt=1318.5102 pred=1046.57 ❌
    [ 397/420] E6     -20 dBFS  violin  | midi: gt=88 pred=83 ❌  | spn: gt=E6 pred=C6 ❌  | doremi: gt=mi pred=sol# ❌  | hz: gt=1318.5102 pred=None ❌
    [ 398/420] E6     -20 dBFS  sawtooth  | midi: gt=88 pred=63 ❌  | spn: gt=E6 pred=A6 ❌  | doremi: gt=mi pred=sol# ❌  | hz: gt=1318.5102 pred=450.0 ❌
    [ 399/420] E6     -20 dBFS  bass  | midi: gt=88 pred=83 ❌  | spn: gt=E6 pred=C6 ❌  | doremi: gt=mi pred=sol ❌  | hz: gt=1318.5102 pred=8250.0 ❌
    [ 400/420] E6     -20 dBFS  voice  | midi: gt=88 pred=84 ❌  | spn: gt=E6 pred=C6 ❌  | doremi: gt=mi pred=sol ❌  | hz: gt=1318.5102 pred=810.0 ❌
    [ 401/420] E6      -3 dBFS  guitar  | midi: gt=88 pred=84 ❌  | spn: gt=E6 pred=G6 ❌  | doremi: gt=mi pred=sol# ❌  | hz: gt=1318.5102 pred=1050.0 ❌
    [ 402/420] E6      -3 dBFS  organ  | midi: gt=88 pred=83 ❌  | spn: gt=E6 pred=B6 ❌  | doremi: gt=mi pred=sol ❌  | hz: gt=1318.5102 pred=4096.0 ❌
    [ 403/420] E6      -3 dBFS  oboe  | midi: gt=88 pred=88 ✅  | spn: gt=E6 pred=C6 ❌  | doremi: gt=mi pred=sol ❌  | hz: gt=1318.5102 pred=800.0 ❌
    [ 404/420] E6      -3 dBFS  trombone  | midi: gt=88 pred=69 ❌  | spn: gt=E6 pred=C6 ❌  | doremi: gt=mi pred=sol ❌  | hz: gt=1318.5102 pred=640.0 ❌
    [ 405/420] E6      -3 dBFS  cello  | midi: gt=88 pred=86 ❌  | spn: gt=E6 pred=E6 ✅  | doremi: gt=mi pred=sol# ❌  | hz: gt=1318.5102 pred=890.63 ❌
    [ 406/420] E6     -30 dBFS  flute  | midi: gt=88 pred=89 ❌  | spn: gt=E6 pred=C6 ❌  | doremi: gt=mi pred=sol ❌  | hz: gt=1318.5102 pred=8250.0 ❌
    [ 407/420] E6     -30 dBFS  voice  | midi: gt=88 pred=84 ❌  | spn: gt=E6 pred=C6 ❌  | doremi: gt=mi pred=sol ❌  | hz: gt=1318.5102 pred=1034.5789 ❌
    [ 408/420] E6     -30 dBFS  sine  | midi: gt=88 pred=83 ❌  | spn: gt=E6 pred=C6 ❌  | doremi: gt=mi pred=sol ❌  | hz: gt=1318.5102 pred=450.0 ❌
    [ 409/420] E6     -30 dBFS  guitar  | midi: gt=88 pred=68 ❌  | spn: gt=E6 pred=C6 ❌  | doremi: gt=mi pred=sol ❌  | hz: gt=1318.5102 pred=1034.57 ❌
    [ 410/420] E6     -30 dBFS  bass  | midi: gt=88 pred=83 ❌  | spn: gt=E6 pred=C6 ❌  | doremi: gt=mi pred=sol ❌  | hz: gt=1318.5102 pred=8250.0 ❌
    [ 411/420] E6      -6 dBFS  clarinet  | midi: gt=88 pred=88 ✅  | spn: gt=E6 pred=C6 ❌  | doremi: gt=mi pred=sol ❌  | hz: gt=1318.5102 pred=640.0 ❌
    [ 412/420] E6      -6 dBFS  trumpet  | midi: gt=88 pred=83 ❌  | spn: gt=E6 pred=C6 ❌  | doremi: gt=mi pred=sol ❌  | hz: gt=1318.5102 pred=4085.0 ❌
    [ 413/420] E6      -6 dBFS  square  | midi: gt=88 pred=63 ❌  | spn: gt=E6 pred=F#6 ❌  | doremi: gt=mi pred=sol ❌  | hz: gt=1318.5102 pred=1073.64 ❌
    [ 414/420] E6      -6 dBFS  synth_pad  | midi: gt=88 pred=69 ❌  | spn: gt=E6 pred=C6 ❌  | doremi: gt=mi pred=sol# ❌  | hz: gt=1318.5102 pred=1034.52 ❌
    [ 415/420] E6      -6 dBFS  electric_keyboard  | midi: gt=88 pred=88 ✅  | spn: gt=E6 pred=C8 ❌  | doremi: gt=mi pred=sol ❌  | hz: gt=1318.5102 pred=830.41 ❌
    [ 416/420] E6       0 dBFS  synth_lead  | midi: gt=88 pred=69 ❌  | spn: gt=E6 pred=C6 ❌  | doremi: gt=mi pred=sol ❌  | hz: gt=1318.5102 pred=1309.85 ✅
    [ 417/420] E6       0 dBFS  violin  | midi: gt=88 pred=86 ❌  | spn: gt=E6 pred=E6 ✅  | doremi: gt=mi pred=sol# ❌  | hz: gt=1318.5102 pred=890.63 ❌
    [ 418/420] E6       0 dBFS  clarinet  | midi: gt=88 pred=84 ❌  | spn: gt=E6 pred=C6 ❌  | doremi: gt=mi pred=sol ❌  | hz: gt=1318.5102 pred=640.0 ❌
    [ 419/420] E6       0 dBFS  sine  | midi: gt=88 pred=86 ❌  | spn: gt=E6 pred=C6 ❌  | doremi: gt=mi pred=sol ❌  | hz: gt=1318.5102 pred=1046.53 ❌
    [ 420/420] E6       0 dBFS  sawtooth  | midi: gt=88 pred=65 ❌  | spn: gt=E6 pred=F#6 ❌  | doremi: gt=mi pred=sol# ❌  | hz: gt=1318.5102 pred=1058.43 ❌

============================================================
SUMMARY — audio_flamingo_next_instruct
  Sampling     : 420 of 1596 (stratified by '(midi, loudness_db)', seed=42)
  Stimuli (total)     : 420
  Stimuli (condition) : 420  (all records)

  Format   Accuracy
  ──────────────────
    MIDI      34.8%
     SPN       7.9%
  DOREMI      25.5%
      HZ       1.2%
     ANY      59.3%

  *** WARNING: working tree has uncommitted changes — results will NOT be exactly reproducible from git_commit alone ***


Results saved → results/run_20260505_071452/pitchbench_e1_loudness/run_001_20260505_080306/results_audio_flamingo_next_instruct.*

############################################################
# pitchbench_e2_audio_effects
############################################################

Experiment : pitchbench_e2_audio_effects
Models     : audio_flamingo_next_instruct
Stimuli    : 490
  Sampling     : 490 of 1862 (stratified by '(effect_type, midi)', seed=42)

  Model : Audio Flamingo Next – instruct
    [dispatch] 490 items, max_workers=1
    [   1/490] triangle    bitcrush_4bit  F#1  | midi: gt=30 pred=63 ❌  | spn: gt=F#1 pred=C6 ❌  | doremi: gt=fa# pred=fa# ✅  | hz: gt=46.2493 pred=1058.47 ❌
    [   2/490] sine        bitcrush_4bit  F#1  | midi: gt=30 pred=45 ❌  | spn: gt=F#1 pred=C6 ❌  | doremi: gt=fa# pred=fa# ✅  | hz: gt=46.2493 pred=1046.57 ❌
    [   3/490] trumpet     bitcrush_4bit  F#1  | midi: gt=30 pred=35 ❌  | spn: gt=F#1 pred=C2 ❌  | doremi: gt=fa# pred=sol ❌  | hz: gt=46.2493 pred=150.0 ❌
    [   4/490] flute       bitcrush_4bit  F#1  | midi: gt=30 pred=64 ❌  | spn: gt=F#1 pred=C6 ❌  | doremi: gt=fa# pred=fa# ✅  | hz: gt=46.2493 pred=1050.0 ❌
    [   5/490] voice       bitcrush_4bit  F#1  | midi: gt=30 pred=64 ❌  | spn: gt=F#1 pred=C6 ❌  | doremi: gt=fa# pred=fa# ✅  | hz: gt=46.2493 pred=1050.0 ❌
    [   6/490] piano       bitcrush_4bit  C2  | midi: gt=36 pred=63 ❌  | spn: gt=C2 pred=C6 ❌  | doremi: gt=do pred=fa# ❌  | hz: gt=65.4064 pred=415.38 ❌
    [   7/490] triangle    bitcrush_4bit  C2  | midi: gt=36 pred=45 ❌  | spn: gt=C2 pred=C6 ❌  | doremi: gt=do pred=sol ❌  | hz: gt=65.4064 pred=480.0 ❌
    [   8/490] square      bitcrush_4bit  C2  | midi: gt=36 pred=43 ❌  | spn: gt=C2 pred=A#2 ❌  | doremi: gt=do pred=fa# ❌  | hz: gt=65.4064 pred=480.0 ❌
    [   9/490] cello       bitcrush_4bit  C2  | midi: gt=36 pred=64 ❌  | spn: gt=C2 pred=C6 ❌  | doremi: gt=do pred=fa# ❌  | hz: gt=65.4064 pred=1054.87 ❌
    [  10/490] sine        bitcrush_4bit  C2  | midi: gt=36 pred=43 ❌  | spn: gt=C2 pred=C2 ✅  | doremi: gt=do pred=fa# ❌  | hz: gt=65.4064 pred=480.0 ❌
    [  11/490] sine        bitcrush_4bit  G2  | midi: gt=43 pred=48 ❌  | spn: gt=G2 pred=C6 ❌  | doremi: gt=sol pred=fa# ❌  | hz: gt=97.9989 pred=480.0 ❌
    [  12/490] square      bitcrush_4bit  G2  | midi: gt=43 pred=43 ✅  | spn: gt=G2 pred=F#2 ❌  | doremi: gt=sol pred=sol ✅  | hz: gt=97.9989 pred=450.0 ❌
    [  13/490] guitar      bitcrush_4bit  G2  | midi: gt=43 pred=64 ❌  | spn: gt=G2 pred=G2 ✅  | doremi: gt=sol pred=fa# ❌  | hz: gt=97.9989 pred=480.0 ❌
    [  14/490] flute       bitcrush_4bit  G2  | midi: gt=43 pred=63 ❌  | spn: gt=G2 pred=C6 ❌  | doremi: gt=sol pred=fa# ❌  | hz: gt=97.9989 pred=1050.0 ❌
    [  15/490] trumpet     bitcrush_4bit  G2  | midi: gt=43 pred=48 ❌  | spn: gt=G2 pred=C2 ❌  | doremi: gt=sol pred=sol ✅  | hz: gt=97.9989 pred=1250.0 ❌
    [  16/490] sine        bitcrush_4bit  C3  | midi: gt=48 pred=48 ✅  | spn: gt=C3 pred=C6 ❌  | doremi: gt=do pred=sol ❌  | hz: gt=130.8128 pred=480.0 ❌
    [  17/490] synth_pad   bitcrush_4bit  C3  | midi: gt=48 pred=63 ❌  | spn: gt=C3 pred=C6 ❌  | doremi: gt=do pred=fa# ❌  | hz: gt=130.8128 pred=480.0 ❌
    [  18/490] guitar      bitcrush_4bit  C3  | midi: gt=48 pred=64 ❌  | spn: gt=C3 pred=C6 ❌  | doremi: gt=do pred=fa# ❌  | hz: gt=130.8128 pred=480.0 ❌
    [  19/490] cello       bitcrush_4bit  C3  | midi: gt=48 pred=65 ❌  | spn: gt=C3 pred=C6 ❌  | doremi: gt=do pred=fa# ❌  | hz: gt=130.8128 pred=166.67 ❌
    [  20/490] triangle    bitcrush_4bit  C3  | midi: gt=48 pred=48 ✅  | spn: gt=C3 pred=C6 ❌  | doremi: gt=do pred=sol ❌  | hz: gt=130.8128 pred=480.0 ❌
    [  21/490] organ       bitcrush_4bit  F#3  | midi: gt=54 pred=65 ❌  | spn: gt=F#3 pred=C6 ❌  | doremi: gt=fa# pred=sol# ❌  | hz: gt=184.9972 pred=480.0 ❌
    [  22/490] trumpet     bitcrush_4bit  F#3  | midi: gt=54 pred=48 ❌  | spn: gt=F#3 pred=C6 ❌  | doremi: gt=fa# pred=sol ❌  | hz: gt=184.9972 pred=150.0 ❌
    [  23/490] sine        bitcrush_4bit  F#3  | midi: gt=54 pred=48 ❌  | spn: gt=F#3 pred=C6 ❌  | doremi: gt=fa# pred=sol ❌  | hz: gt=184.9972 pred=1050.0 ❌
    [  24/490] electric_keyboard  bitcrush_4bit  F#3  | midi: gt=54 pred=48 ❌  | spn: gt=F#3 pred=F#2 ❌  | doremi: gt=fa# pred=fa# ✅  | hz: gt=184.9972 pred=480.0 ❌
    [  25/490] oboe        bitcrush_4bit  F#3  | midi: gt=54 pred=48 ❌  | spn: gt=F#3 pred=A#2 ❌  | doremi: gt=fa# pred=fa# ✅  | hz: gt=184.9972 pred=415.306 ❌
    [  26/490] cello       bitcrush_4bit  A#3  | midi: gt=58 pred=58 ✅  | spn: gt=A#3 pred=A#6 ❌  | doremi: gt=la# pred=fa# ❌  | hz: gt=233.0819 pred=186.27 ❌
    [  27/490] clarinet    bitcrush_4bit  A#3  | midi: gt=58 pred=69 ❌  | spn: gt=A#3 pred=A4 ❌  | doremi: gt=la# pred=sol ❌  | hz: gt=233.0819 pred=415.3 ❌
    [  28/490] trumpet     bitcrush_4bit  A#3  | midi: gt=58 pred=58 ✅  | spn: gt=A#3 pred=A2 ❌  | doremi: gt=la# pred=sol ❌  | hz: gt=233.0819 pred=460.71 ❌
    [  29/490] piano       bitcrush_4bit  A#3  | midi: gt=58 pred=63 ❌  | spn: gt=A#3 pred=C6 ❌  | doremi: gt=la# pred=fa# ❌  | hz: gt=233.0819 pred=460.71 ❌
    [  30/490] triangle    bitcrush_4bit  A#3  | midi: gt=58 pred=69 ❌  | spn: gt=A#3 pred=A6 ❌  | doremi: gt=la# pred=sol ❌  | hz: gt=233.0819 pred=1052.63 ❌
    [  31/490] clarinet    bitcrush_4bit  C4  | midi: gt=60 pred=65 ❌  | spn: gt=C4 pred=C6 ❌  | doremi: gt=do pred=sol ❌  | hz: gt=261.6256 pred=415.3 ❌
    [  32/490] triangle    bitcrush_4bit  C4  | midi: gt=60 pred=63 ❌  | spn: gt=C4 pred=C6 ❌  | doremi: gt=do pred=sol ❌  | hz: gt=261.6256 pred=480.0 ❌
    [  33/490] square      bitcrush_4bit  C4  | midi: gt=60 pred=63 ❌  | spn: gt=C4 pred=C6 ❌  | doremi: gt=do pred=sol ❌  | hz: gt=261.6256 pred=480.0 ❌
    [  34/490] violin      bitcrush_4bit  C4  | midi: gt=60 pred=64 ❌  | spn: gt=C4 pred=C6 ❌  | doremi: gt=do pred=sol ❌  | hz: gt=261.6256 pred=480.0 ❌
    [  35/490] sawtooth    bitcrush_4bit  C4  | midi: gt=60 pred=63 ❌  | spn: gt=C4 pred=F#2 ❌  | doremi: gt=do pred=sol ❌  | hz: gt=261.6256 pred=450.0 ❌
    [  36/490] oboe        bitcrush_4bit  E4  | midi: gt=64 pred=64 ✅  | spn: gt=E4 pred=C6 ❌  | doremi: gt=mi pred=sol ❌  | hz: gt=329.6276 pred=415.3 ❌
    [  37/490] voice       bitcrush_4bit  E4  | midi: gt=64 pred=69 ❌  | spn: gt=E4 pred=C6 ❌  | doremi: gt=mi pred=sol# ❌  | hz: gt=329.6276 pred=415.38 ❌
    [  38/490] trumpet     bitcrush_4bit  E4  | midi: gt=64 pred=64 ✅  | spn: gt=E4 pred=C6 ❌  | doremi: gt=mi pred=sol ❌  | hz: gt=329.6276 pred=405.0 ❌
    [  39/490] sawtooth    bitcrush_4bit  E4  | midi: gt=64 pred=69 ❌  | spn: gt=E4 pred=A6 ❌  | doremi: gt=mi pred=sol ❌  | hz: gt=329.6276 pred=450.0 ❌
    [  40/490] synth_pad   bitcrush_4bit  E4  | midi: gt=64 pred=69 ❌  | spn: gt=E4 pred=C6 ❌  | doremi: gt=mi pred=sol ❌  | hz: gt=329.6276 pred=480.0 ❌
    [  41/490] organ       bitcrush_4bit  G4  | midi: gt=67 pred=68 ❌  | spn: gt=G4 pred=C6 ❌  | doremi: gt=sol pred=sol ✅  | hz: gt=391.9954 pred=480.0 ❌
    [  42/490] synth_pad   bitcrush_4bit  G4  | midi: gt=67 pred=65 ❌  | spn: gt=G4 pred=C6 ❌  | doremi: gt=sol pred=sol ✅  | hz: gt=391.9954 pred=480.0 ❌
    [  43/490] triangle    bitcrush_4bit  G4  | midi: gt=67 pred=68 ❌  | spn: gt=G4 pred=C6 ❌  | doremi: gt=sol pred=sol ✅  | hz: gt=391.9954 pred=480.0 ❌
    [  44/490] violin      bitcrush_4bit  G4  | midi: gt=67 pred=63 ❌  | spn: gt=G4 pred=C6 ❌  | doremi: gt=sol pred=sol ✅  | hz: gt=391.9954 pred=460.71 ❌
    [  45/490] sawtooth    bitcrush_4bit  G4  | midi: gt=67 pred=63 ❌  | spn: gt=G4 pred=F#6 ❌  | doremi: gt=sol pred=sol ✅  | hz: gt=391.9954 pred=450.0 ❌
    [  46/490] synth_pad   bitcrush_4bit  A4  | midi: gt=69 pred=69 ✅  | spn: gt=A4 pred=C6 ❌  | doremi: gt=la pred=sol ❌  | hz: gt=440.0 pred=460.0 ❌
    [  47/490] trombone    bitcrush_4bit  A4  | midi: gt=69 pred=69 ✅  | spn: gt=A4 pred=A4 ✅  | doremi: gt=la pred=sol ❌  | hz: gt=440.0 pred=415.306 ❌
    [  48/490] oboe        bitcrush_4bit  A4  | midi: gt=69 pred=69 ✅  | spn: gt=A4 pred=C6 ❌  | doremi: gt=la pred=sol ❌  | hz: gt=440.0 pred=415.32 ❌
    [  49/490] guitar      bitcrush_4bit  A4  | midi: gt=69 pred=69 ✅  | spn: gt=A4 pred=A4 ✅  | doremi: gt=la pred=sol ❌  | hz: gt=440.0 pred=460.0 ❌
    [  50/490] synth_lead  bitcrush_4bit  A4  | midi: gt=69 pred=69 ✅  | spn: gt=A4 pred=C6 ❌  | doremi: gt=la pred=sol ❌  | hz: gt=440.0 pred=460.0 ❌
    [  51/490] square      bitcrush_4bit  C#5  | midi: gt=73 pred=65 ❌  | spn: gt=C#5 pred=C6 ❌  | doremi: gt=do# pred=sol ❌  | hz: gt=554.3653 pred=450.0 ❌
    [  52/490] sawtooth    bitcrush_4bit  C#5  | midi: gt=73 pred=68 ❌  | spn: gt=C#5 pred=C6 ❌  | doremi: gt=do# pred=sol ❌  | hz: gt=554.3653 pred=480.0 ❌
    [  53/490] flute       bitcrush_4bit  C#5  | midi: gt=73 pred=68 ❌  | spn: gt=C#5 pred=C6 ❌  | doremi: gt=do# pred=sol ❌  | hz: gt=554.3653 pred=480.0 ❌
    [  54/490] trombone    bitcrush_4bit  C#5  | midi: gt=73 pred=65 ❌  | spn: gt=C#5 pred=C6 ❌  | doremi: gt=do# pred=sol ❌  | hz: gt=554.3653 pred=415.306 ❌
    [  55/490] synth_pad   bitcrush_4bit  C#5  | midi: gt=73 pred=65 ❌  | spn: gt=C#5 pred=C6 ❌  | doremi: gt=do# pred=sol# ❌  | hz: gt=554.3653 pred=1058.43 ❌
    [  56/490] flute       bitcrush_4bit  E5  | midi: gt=76 pred=69 ❌  | spn: gt=E5 pred=C6 ❌  | doremi: gt=mi pred=sol ❌  | hz: gt=659.2551 pred=415.306 ❌
    [  57/490] triangle    bitcrush_4bit  E5  | midi: gt=76 pred=68 ❌  | spn: gt=E5 pred=C6 ❌  | doremi: gt=mi pred=sol ❌  | hz: gt=659.2551 pred=415.306872493 ❌
    [  58/490] violin      bitcrush_4bit  E5  | midi: gt=76 pred=64 ❌  | spn: gt=E5 pred=C6 ❌  | doremi: gt=mi pred=sol ❌  | hz: gt=659.2551 pred=480.0 ❌
    [  59/490] trumpet     bitcrush_4bit  E5  | midi: gt=76 pred=69 ❌  | spn: gt=E5 pred=C6 ❌  | doremi: gt=mi pred=sol ❌  | hz: gt=659.2551 pred=415.306 ❌
    [  60/490] voice       bitcrush_4bit  E5  | midi: gt=76 pred=69 ❌  | spn: gt=E5 pred=C6 ❌  | doremi: gt=mi pred=sol ❌  | hz: gt=659.2551 pred=415.3 ❌
    [  61/490] oboe        bitcrush_4bit  G5  | midi: gt=79 pred=69 ❌  | spn: gt=G5 pred=C6 ❌  | doremi: gt=sol pred=sol ✅  | hz: gt=783.9909 pred=415.306 ❌
    [  62/490] electric_keyboard  bitcrush_4bit  G5  | midi: gt=79 pred=68 ❌  | spn: gt=G5 pred=C6 ❌  | doremi: gt=sol pred=fa# ❌  | hz: gt=783.9909 pred=480.0 ❌
    [  63/490] voice       bitcrush_4bit  G5  | midi: gt=79 pred=69 ❌  | spn: gt=G5 pred=C6 ❌  | doremi: gt=sol pred=sol ✅  | hz: gt=783.9909 pred=450.0 ❌
    [  64/490] synth_lead  bitcrush_4bit  G5  | midi: gt=79 pred=68 ❌  | spn: gt=G5 pred=C6 ❌  | doremi: gt=sol pred=sol ✅  | hz: gt=783.9909 pred=480.0 ❌
    [  65/490] triangle    bitcrush_4bit  G5  | midi: gt=79 pred=68 ❌  | spn: gt=G5 pred=C6 ❌  | doremi: gt=sol pred=sol ✅  | hz: gt=783.9909 pred=480.0 ❌
    [  66/490] trumpet     bitcrush_4bit  E6  | midi: gt=88 pred=69 ❌  | spn: gt=E6 pred=C6 ❌  | doremi: gt=mi pred=sol ❌  | hz: gt=1318.5102 pred=415.306 ❌
    [  67/490] square      bitcrush_4bit  E6  | midi: gt=88 pred=65 ❌  | spn: gt=E6 pred=F#6 ❌  | doremi: gt=mi pred=sol ❌  | hz: gt=1318.5102 pred=1073.64 ❌
    [  68/490] electric_keyboard  bitcrush_4bit  E6  | midi: gt=88 pred=64 ❌  | spn: gt=E6 pred=C6 ❌  | doremi: gt=mi pred=fa# ❌  | hz: gt=1318.5102 pred=480.0 ❌
    [  69/490] flute       bitcrush_4bit  E6  | midi: gt=88 pred=69 ❌  | spn: gt=E6 pred=C6 ❌  | doremi: gt=mi pred=sol ❌  | hz: gt=1318.5102 pred=415.306 ❌
    [  70/490] synth_pad   bitcrush_4bit  E6  | midi: gt=88 pred=69 ❌  | spn: gt=E6 pred=C6 ❌  | doremi: gt=mi pred=sol ❌  | hz: gt=1318.5102 pred=1046.53 ❌
    [  71/490] organ       chorus_heavy  F#1  | midi: gt=30 pred=65 ❌  | spn: gt=F#1 pred=C6 ❌  | doremi: gt=fa# pred=fa# ✅  | hz: gt=46.2493 pred=1052.63 ❌
    [  72/490] violin      chorus_heavy  F#1  | midi: gt=30 pred=45 ❌  | spn: gt=F#1 pred=C2 ❌  | doremi: gt=fa# pred=fa# ✅  | hz: gt=46.2493 pred=105.26 ❌
    [  73/490] trumpet     chorus_heavy  F#1  | midi: gt=30 pred=34 ❌  | spn: gt=F#1 pred=A#2 ❌  | doremi: gt=fa# pred=fa# ✅  | hz: gt=46.2493 pred=280.0 ❌
    [  74/490] flute       chorus_heavy  F#1  | midi: gt=30 pred=63 ❌  | spn: gt=F#1 pred=C2 ❌  | doremi: gt=fa# pred=fa# ✅  | hz: gt=46.2493 pred=105.26 ❌
    [  75/490] clarinet    chorus_heavy  F#1  | midi: gt=30 pred=63 ❌  | spn: gt=F#1 pred=C6 ❌  | doremi: gt=fa# pred=fa# ✅  | hz: gt=46.2493 pred=415.38 ❌
    [  76/490] clarinet    chorus_heavy  C2  | midi: gt=36 pred=43 ❌  | spn: gt=C2 pred=C6 ❌  | doremi: gt=do pred=fa# ❌  | hz: gt=65.4064 pred=107.65 ❌
    [  77/490] sawtooth    chorus_heavy  C2  | midi: gt=36 pred=36 ✅  | spn: gt=C2 pred=C2 ✅  | doremi: gt=do pred=fa# ❌  | hz: gt=65.4064 pred=105.26 ❌
    [  78/490] flute       chorus_heavy  C2  | midi: gt=36 pred=65 ❌  | spn: gt=C2 pred=C6 ❌  | doremi: gt=do pred=fa# ❌  | hz: gt=65.4064 pred=105.26 ❌
    [  79/490] synth_pad   chorus_heavy  C2  | midi: gt=36 pred=65 ❌  | spn: gt=C2 pred=C6 ❌  | doremi: gt=do pred=fa# ❌  | hz: gt=65.4064 pred=480.0 ❌
    [  80/490] violin      chorus_heavy  C2  | midi: gt=36 pred=45 ❌  | spn: gt=C2 pred=C2 ✅  | doremi: gt=do pred=fa# ❌  | hz: gt=65.4064 pred=105.26 ❌
    [  81/490] clarinet    chorus_heavy  G2  | midi: gt=43 pred=64 ❌  | spn: gt=G2 pred=C6 ❌  | doremi: gt=sol pred=fa# ❌  | hz: gt=97.9989 pred=415.38 ❌
    [  82/490] violin      chorus_heavy  G2  | midi: gt=43 pred=63 ❌  | spn: gt=G2 pred=C6 ❌  | doremi: gt=sol pred=fa# ❌  | hz: gt=97.9989 pred=415.306879 ❌
    [  83/490] trumpet     chorus_heavy  G2  | midi: gt=43 pred=56 ❌  | spn: gt=G2 pred=C6 ❌  | doremi: gt=sol pred=sol ✅  | hz: gt=97.9989 pred=415.38 ❌
    [  84/490] square      chorus_heavy  G2  | midi: gt=43 pred=64 ❌  | spn: gt=G2 pred=C6 ❌  | doremi: gt=sol pred=sol ✅  | hz: gt=97.9989 pred=480.0 ❌
    [  85/490] triangle    chorus_heavy  G2  | midi: gt=43 pred=63 ❌  | spn: gt=G2 pred=C6 ❌  | doremi: gt=sol pred=sol ✅  | hz: gt=97.9989 pred=480.0 ❌
    [  86/490] voice       chorus_heavy  C3  | midi: gt=48 pred=64 ❌  | spn: gt=C3 pred=C6 ❌  | doremi: gt=do pred=sol ❌  | hz: gt=130.8128 pred=415.3 ❌
    [  87/490] clarinet    chorus_heavy  C3  | midi: gt=48 pred=69 ❌  | spn: gt=C3 pred=C6 ❌  | doremi: gt=do pred=sol ❌  | hz: gt=130.8128 pred=415.38 ❌
    [  88/490] guitar      chorus_heavy  C3  | midi: gt=48 pred=65 ❌  | spn: gt=C3 pred=C6 ❌  | doremi: gt=do pred=sol ❌  | hz: gt=130.8128 pred=480.0 ❌
    [  89/490] bass        chorus_heavy  C3  | midi: gt=48 pred=64 ❌  | spn: gt=C3 pred=C6 ❌  | doremi: gt=do pred=fa# ❌  | hz: gt=130.8128 pred=480.0 ❌
    [  90/490] synth_lead  chorus_heavy  C3  | midi: gt=48 pred=63 ❌  | spn: gt=C3 pred=C6 ❌  | doremi: gt=do pred=sol# ❌  | hz: gt=130.8128 pred=480.0 ❌
    [  91/490] organ       chorus_heavy  F#3  | midi: gt=54 pred=69 ❌  | spn: gt=F#3 pred=C6 ❌  | doremi: gt=fa# pred=sol# ❌  | hz: gt=184.9972 pred=480.0 ❌
    [  92/490] piano       chorus_heavy  F#3  | midi: gt=54 pred=65 ❌  | spn: gt=F#3 pred=C6 ❌  | doremi: gt=fa# pred=fa# ✅  | hz: gt=184.9972 pred=460.0 ❌
    [  93/490] trumpet     chorus_heavy  F#3  | midi: gt=54 pred=63 ❌  | spn: gt=F#3 pred=C6 ❌  | doremi: gt=fa# pred=sol# ❌  | hz: gt=184.9972 pred=415.38 ❌
    [  94/490] synth_pad   chorus_heavy  F#3  | midi: gt=54 pred=65 ❌  | spn: gt=F#3 pred=C6 ❌  | doremi: gt=fa# pred=fa# ✅  | hz: gt=184.9972 pred=480.0 ❌
    [  95/490] triangle    chorus_heavy  F#3  | midi: gt=54 pred=63 ❌  | spn: gt=F#3 pred=C6 ❌  | doremi: gt=fa# pred=fa# ✅  | hz: gt=184.9972 pred=1058.47 ❌
    [  96/490] synth_pad   chorus_heavy  A#3  | midi: gt=58 pred=65 ❌  | spn: gt=A#3 pred=C6 ❌  | doremi: gt=la# pred=fa# ❌  | hz: gt=233.0819 pred=1052.63 ❌
    [  97/490] voice       chorus_heavy  A#3  | midi: gt=58 pred=69 ❌  | spn: gt=A#3 pred=C6 ❌  | doremi: gt=la# pred=sol ❌  | hz: gt=233.0819 pred=436.5 ❌
    [  98/490] trumpet     chorus_heavy  A#3  | midi: gt=58 pred=69 ❌  | spn: gt=A#3 pred=C6 ❌  | doremi: gt=la# pred=fa# ❌  | hz: gt=233.0819 pred=415.3 ❌
    [  99/490] cello       chorus_heavy  A#3  | midi: gt=58 pred=65 ❌  | spn: gt=A#3 pred=C6 ❌  | doremi: gt=la# pred=fa# ❌  | hz: gt=233.0819 pred=415.3 ❌
    [ 100/490] organ       chorus_heavy  A#3  | midi: gt=58 pred=65 ❌  | spn: gt=A#3 pred=C6 ❌  | doremi: gt=la# pred=sol# ❌  | hz: gt=233.0819 pred=415.38 ❌
    [ 101/490] voice       chorus_heavy  C4  | midi: gt=60 pred=65 ❌  | spn: gt=C4 pred=C6 ❌  | doremi: gt=do pred=sol ❌  | hz: gt=261.6256 pred=480.0 ❌
    [ 102/490] violin      chorus_heavy  C4  | midi: gt=60 pred=65 ❌  | spn: gt=C4 pred=C6 ❌  | doremi: gt=do pred=sol# ❌  | hz: gt=261.6256 pred=480.0 ❌
    [ 103/490] oboe        chorus_heavy  C4  | midi: gt=60 pred=65 ❌  | spn: gt=C4 pred=C6 ❌  | doremi: gt=do pred=sol# ❌  | hz: gt=261.6256 pred=415.3 ❌
    [ 104/490] flute       chorus_heavy  C4  | midi: gt=60 pred=63 ❌  | spn: gt=C4 pred=C6 ❌  | doremi: gt=do pred=fa# ❌  | hz: gt=261.6256 pred=415.3 ❌
    [ 105/490] square      chorus_heavy  C4  | midi: gt=60 pred=63 ❌  | spn: gt=C4 pred=C6 ❌  | doremi: gt=do pred=sol ❌  | hz: gt=261.6256 pred=480.0 ❌
    [ 106/490] synth_lead  chorus_heavy  E4  | midi: gt=64 pred=69 ❌  | spn: gt=E4 pred=C6 ❌  | doremi: gt=mi pred=sol ❌  | hz: gt=329.6276 pred=415.38 ❌
    [ 107/490] bass        chorus_heavy  E4  | midi: gt=64 pred=68 ❌  | spn: gt=E4 pred=C6 ❌  | doremi: gt=mi pred=sol ❌  | hz: gt=329.6276 pred=460.0 ❌
    [ 108/490] square      chorus_heavy  E4  | midi: gt=64 pred=64 ✅  | spn: gt=E4 pred=C6 ❌  | doremi: gt=mi pred=fa# ❌  | hz: gt=329.6276 pred=1058.47 ❌
    [ 109/490] sawtooth    chorus_heavy  E4  | midi: gt=64 pred=64 ✅  | spn: gt=E4 pred=C6 ❌  | doremi: gt=mi pred=fa# ❌  | hz: gt=329.6276 pred=1058.47 ❌
    [ 110/490] cello       chorus_heavy  E4  | midi: gt=64 pred=69 ❌  | spn: gt=E4 pred=C6 ❌  | doremi: gt=mi pred=fa# ❌  | hz: gt=329.6276 pred=415.3 ❌
    [ 111/490] triangle    chorus_heavy  G4  | midi: gt=67 pred=68 ❌  | spn: gt=G4 pred=C6 ❌  | doremi: gt=sol pred=sol ✅  | hz: gt=391.9954 pred=480.0 ❌
    [ 112/490] piano       chorus_heavy  G4  | midi: gt=67 pred=65 ❌  | spn: gt=G4 pred=C6 ❌  | doremi: gt=sol pred=sol ✅  | hz: gt=391.9954 pred=460.0 ❌
    [ 113/490] electric_keyboard  chorus_heavy  G4  | midi: gt=67 pred=68 ❌  | spn: gt=G4 pred=C6 ❌  | doremi: gt=sol pred=fa# ❌  | hz: gt=391.9954 pred=480.0 ❌
    [ 114/490] cello       chorus_heavy  G4  | midi: gt=67 pred=68 ❌  | spn: gt=G4 pred=C6 ❌  | doremi: gt=sol pred=sol# ❌  | hz: gt=391.9954 pred=415.3 ❌
    [ 115/490] trombone    chorus_heavy  G4  | midi: gt=67 pred=68 ❌  | spn: gt=G4 pred=C6 ❌  | doremi: gt=sol pred=sol ✅  | hz: gt=391.9954 pred=480.0 ❌
    [ 116/490] square      chorus_heavy  A4  | midi: gt=69 pred=69 ✅  | spn: gt=A4 pred=C6 ❌  | doremi: gt=la pred=sol# ❌  | hz: gt=440.0 pred=1058.47 ❌
    [ 117/490] violin      chorus_heavy  A4  | midi: gt=69 pred=69 ✅  | spn: gt=A4 pred=C6 ❌  | doremi: gt=la pred=sol# ❌  | hz: gt=440.0 pred=480.0 ❌
    [ 118/490] synth_pad   chorus_heavy  A4  | midi: gt=69 pred=69 ✅  | spn: gt=A4 pred=C6 ❌  | doremi: gt=la pred=sol# ❌  | hz: gt=440.0 pred=460.0 ❌
    [ 119/490] organ       chorus_heavy  A4  | midi: gt=69 pred=69 ✅  | spn: gt=A4 pred=C6 ❌  | doremi: gt=la pred=sol# ❌  | hz: gt=440.0 pred=480.0 ❌
    [ 120/490] trumpet     chorus_heavy  A4  | midi: gt=69 pred=69 ✅  | spn: gt=A4 pred=C6 ❌  | doremi: gt=la pred=sol ❌  | hz: gt=440.0 pred=1046.53 ❌
    [ 121/490] trumpet     chorus_heavy  C#5  | midi: gt=73 pred=68 ❌  | spn: gt=C#5 pred=C6 ❌  | doremi: gt=do# pred=sol# ❌  | hz: gt=554.3653 pred=1046.57 ❌
    [ 122/490] synth_pad   chorus_heavy  C#5  | midi: gt=73 pred=69 ❌  | spn: gt=C#5 pred=C6 ❌  | doremi: gt=do# pred=sol# ❌  | hz: gt=554.3653 pred=1058.43 ❌
    [ 123/490] sine        chorus_heavy  C#5  | midi: gt=73 pred=63 ❌  | spn: gt=C#5 pred=C6 ❌  | doremi: gt=do# pred=sol ❌  | hz: gt=554.3653 pred=480.0 ❌
    [ 124/490] triangle    chorus_heavy  C#5  | midi: gt=73 pred=63 ❌  | spn: gt=C#5 pred=C6 ❌  | doremi: gt=do# pred=fa# ❌  | hz: gt=554.3653 pred=480.0 ❌
    [ 125/490] clarinet    chorus_heavy  C#5  | midi: gt=73 pred=69 ❌  | spn: gt=C#5 pred=C6 ❌  | doremi: gt=do# pred=sol# ❌  | hz: gt=554.3653 pred=4350.0 ❌
    [ 126/490] synth_pad   chorus_heavy  E5  | midi: gt=76 pred=69 ❌  | spn: gt=E5 pred=C6 ❌  | doremi: gt=mi pred=sol# ❌  | hz: gt=659.2551 pred=1058.43 ❌
    [ 127/490] trumpet     chorus_heavy  E5  | midi: gt=76 pred=69 ❌  | spn: gt=E5 pred=C6 ❌  | doremi: gt=mi pred=sol# ❌  | hz: gt=659.2551 pred=1046.57 ❌
    [ 128/490] clarinet    chorus_heavy  E5  | midi: gt=76 pred=69 ❌  | spn: gt=E5 pred=C6 ❌  | doremi: gt=mi pred=sol# ❌  | hz: gt=659.2551 pred=415.3 ❌
    [ 129/490] triangle    chorus_heavy  E5  | midi: gt=76 pred=69 ❌  | spn: gt=E5 pred=C6 ❌  | doremi: gt=mi pred=sol# ❌  | hz: gt=659.2551 pred=1058.43 ❌
    [ 130/490] piano       chorus_heavy  E5  | midi: gt=76 pred=68 ❌  | spn: gt=E5 pred=C6 ❌  | doremi: gt=mi pred=sol# ❌  | hz: gt=659.2551 pred=460.0 ❌
    [ 131/490] cello       chorus_heavy  G5  | midi: gt=79 pred=68 ❌  | spn: gt=G5 pred=C6 ❌  | doremi: gt=sol pred=sol# ❌  | hz: gt=783.9909 pred=415.3 ❌
    [ 132/490] electric_keyboard  chorus_heavy  G5  | midi: gt=79 pred=68 ❌  | spn: gt=G5 pred=C6 ❌  | doremi: gt=sol pred=sol ✅  | hz: gt=783.9909 pred=1034.52 ❌
    [ 133/490] organ       chorus_heavy  G5  | midi: gt=79 pred=68 ❌  | spn: gt=G5 pred=C6 ❌  | doremi: gt=sol pred=sol# ❌  | hz: gt=783.9909 pred=1046.57 ❌
    [ 134/490] sine        chorus_heavy  G5  | midi: gt=79 pred=68 ❌  | spn: gt=G5 pred=C6 ❌  | doremi: gt=sol pred=sol ✅  | hz: gt=783.9909 pred=480.0 ❌
    [ 135/490] oboe        chorus_heavy  G5  | midi: gt=79 pred=68 ❌  | spn: gt=G5 pred=C6 ❌  | doremi: gt=sol pred=sol# ❌  | hz: gt=783.9909 pred=450.0 ❌
    [ 136/490] trumpet     chorus_heavy  E6  | midi: gt=88 pred=84 ❌  | spn: gt=E6 pred=C6 ❌  | doremi: gt=mi pred=sol# ❌  | hz: gt=1318.5102 pred=1046.57 ❌
    [ 137/490] synth_lead  chorus_heavy  E6  | midi: gt=88 pred=69 ❌  | spn: gt=E6 pred=C6 ❌  | doremi: gt=mi pred=sol# ❌  | hz: gt=1318.5102 pred=1046.53 ❌
    [ 138/490] electric_keyboard  chorus_heavy  E6  | midi: gt=88 pred=83 ❌  | spn: gt=E6 pred=C6 ❌  | doremi: gt=mi pred=sol# ❌  | hz: gt=1318.5102 pred=1034.52 ❌
    [ 139/490] triangle    chorus_heavy  E6  | midi: gt=88 pred=68 ❌  | spn: gt=E6 pred=C6 ❌  | doremi: gt=mi pred=sol# ❌  | hz: gt=1318.5102 pred=1058.43 ❌
    [ 140/490] cello       chorus_heavy  E6  | midi: gt=88 pred=69 ❌  | spn: gt=E6 pred=C6 ❌  | doremi: gt=mi pred=sol# ❌  | hz: gt=1318.5102 pred=1250.0 ❌
    [ 141/490] trombone    clean         F#1  | midi: gt=30 pred=34 ❌  | spn: gt=F#1 pred=A#2 ❌  | doremi: gt=fa# pred=fa# ✅  | hz: gt=46.2493 pred=329.6875 ❌
    [ 142/490] synth_lead  clean         F#1  | midi: gt=30 pred=63 ❌  | spn: gt=F#1 pred=C6 ❌  | doremi: gt=fa# pred=fa# ✅  | hz: gt=46.2493 pred=1050.0 ❌
    [ 143/490] guitar      clean         F#1  | midi: gt=30 pred=43 ❌  | spn: gt=F#1 pred=A#2 ❌  | doremi: gt=fa# pred=sol ❌  | hz: gt=46.2493 pred=435.0 ❌
    [ 144/490] piano       clean         F#1  | midi: gt=30 pred=36 ❌  | spn: gt=F#1 pred=C6 ❌  | doremi: gt=fa# pred=sol ❌  | hz: gt=46.2493 pred=435.0 ❌
    [ 145/490] electric_keyboard  clean         F#1  | midi: gt=30 pred=34 ❌  | spn: gt=F#1 pred=F2 ❌  | doremi: gt=fa# pred=fa# ✅  | hz: gt=46.2493 pred=305.0 ❌
    [ 146/490] electric_keyboard  clean         C2  | midi: gt=36 pred=36 ✅  | spn: gt=C2 pred=C6 ❌  | doremi: gt=do pred=sol ❌  | hz: gt=65.4064 pred=48.0 ❌
    [ 147/490] synth_pad   clean         C2  | midi: gt=36 pred=64 ❌  | spn: gt=C2 pred=C4 ❌  | doremi: gt=do pred=sol ❌  | hz: gt=65.4064 pred=480.0 ❌
    [ 148/490] synth_lead  clean         C2  | midi: gt=36 pred=65 ❌  | spn: gt=C2 pred=C6 ❌  | doremi: gt=do pred=fa# ❌  | hz: gt=65.4064 pred=150.0 ❌
    [ 149/490] sine        clean         C2  | midi: gt=36 pred=48 ❌  | spn: gt=C2 pred=C2 ✅  | doremi: gt=do pred=sol ❌  | hz: gt=65.4064 pred=261.63 ❌
    [ 150/490] trombone    clean         C2  | midi: gt=36 pred=35 ❌  | spn: gt=C2 pred=A#2 ❌  | doremi: gt=do pred=sol ❌  | hz: gt=65.4064 pred=450.0 ❌
    [ 151/490] clarinet    clean         G2  | midi: gt=43 pred=43 ✅  | spn: gt=G2 pred=C4 ❌  | doremi: gt=sol pred=fa# ❌  | hz: gt=97.9989 pred=450.0 ❌
    [ 152/490] bass        clean         G2  | midi: gt=43 pred=43 ✅  | spn: gt=G2 pred=C4 ❌  | doremi: gt=sol pred=sol ✅  | hz: gt=97.9989 pred=435.0 ❌
    [ 153/490] sine        clean         G2  | midi: gt=43 pred=43 ✅  | spn: gt=G2 pred=C2 ❌  | doremi: gt=sol pred=sol ✅  | hz: gt=97.9989 pred=107.65 ❌
    [ 154/490] triangle    clean         G2  | midi: gt=43 pred=43 ✅  | spn: gt=G2 pred=C6 ❌  | doremi: gt=sol pred=sol ✅  | hz: gt=97.9989 pred=435.0 ❌
    [ 155/490] organ       clean         G2  | midi: gt=43 pred=48 ❌  | spn: gt=G2 pred=G2 ✅  | doremi: gt=sol pred=sol ✅  | hz: gt=97.9989 pred=1047.32 ❌
    [ 156/490] oboe        clean         C3  | midi: gt=48 pred=48 ✅  | spn: gt=C3 pred=C2 ❌  | doremi: gt=do pred=sol ❌  | hz: gt=130.8128 pred=480.0 ❌
    [ 157/490] trombone    clean         C3  | midi: gt=48 pred=48 ✅  | spn: gt=C3 pred=C4 ❌  | doremi: gt=do pred=sol ❌  | hz: gt=130.8128 pred=480.0 ❌
    [ 158/490] flute       clean         C3  | midi: gt=48 pred=48 ✅  | spn: gt=C3 pred=C2 ❌  | doremi: gt=do pred=fa# ❌  | hz: gt=130.8128 pred=480.0 ❌
    [ 159/490] sawtooth    clean         C3  | midi: gt=48 pred=48 ✅  | spn: gt=C3 pred=C6 ❌  | doremi: gt=do pred=fa# ❌  | hz: gt=130.8128 pred=450.0 ❌
    [ 160/490] triangle    clean         C3  | midi: gt=48 pred=48 ✅  | spn: gt=C3 pred=C6 ❌  | doremi: gt=do pred=sol ❌  | hz: gt=130.8128 pred=480.0 ❌
    [ 161/490] voice       clean         F#3  | midi: gt=54 pred=65 ❌  | spn: gt=F#3 pred=C4 ❌  | doremi: gt=fa# pred=sol ❌  | hz: gt=184.9972 pred=480.0 ❌
    [ 162/490] square      clean         F#3  | midi: gt=54 pred=54 ✅  | spn: gt=F#3 pred=F#2 ❌  | doremi: gt=fa# pred=sol ❌  | hz: gt=184.9972 pred=450.0 ❌
    [ 163/490] synth_pad   clean         F#3  | midi: gt=54 pred=65 ❌  | spn: gt=F#3 pred=C6 ❌  | doremi: gt=fa# pred=fa# ✅  | hz: gt=184.9972 pred=480.0 ❌
    [ 164/490] bass        clean         F#3  | midi: gt=54 pred=54 ✅  | spn: gt=F#3 pred=C4 ❌  | doremi: gt=fa# pred=sol ❌  | hz: gt=184.9972 pred=435.0 ❌
    [ 165/490] cello       clean         F#3  | midi: gt=54 pred=54 ✅  | spn: gt=F#3 pred=F#4 ❌  | doremi: gt=fa# pred=sol ❌  | hz: gt=184.9972 pred=420.0 ❌
    [ 166/490] square      clean         A#3  | midi: gt=58 pred=58 ✅  | spn: gt=A#3 pred=A6 ❌  | doremi: gt=la# pred=sol ❌  | hz: gt=233.0819 pred=450.0 ❌
    [ 167/490] synth_pad   clean         A#3  | midi: gt=58 pred=65 ❌  | spn: gt=A#3 pred=C6 ❌  | doremi: gt=la# pred=fa# ❌  | hz: gt=233.0819 pred=480.0 ❌
    [ 168/490] piano       clean         A#3  | midi: gt=58 pred=58 ✅  | spn: gt=A#3 pred=A#3 ✅  | doremi: gt=la# pred=fa# ❌  | hz: gt=233.0819 pred=450.0 ❌
    [ 169/490] synth_lead  clean         A#3  | midi: gt=58 pred=58 ✅  | spn: gt=A#3 pred=A#2 ❌  | doremi: gt=la# pred=fa# ❌  | hz: gt=233.0819 pred=450.0 ❌
    [ 170/490] clarinet    clean         A#3  | midi: gt=58 pred=69 ❌  | spn: gt=A#3 pred=C6 ❌  | doremi: gt=la# pred=fa# ❌  | hz: gt=233.0819 pred=450.0 ❌
    [ 171/490] bass        clean         C4  | midi: gt=60 pred=60 ✅  | spn: gt=C4 pred=C4 ✅  | doremi: gt=do pred=sol ❌  | hz: gt=261.6256 pred=480.0 ❌
    [ 172/490] synth_pad   clean         C4  | midi: gt=60 pred=64 ❌  | spn: gt=C4 pred=C6 ❌  | doremi: gt=do pred=sol ❌  | hz: gt=261.6256 pred=480.0 ❌
    [ 173/490] electric_keyboard  clean         C4  | midi: gt=60 pred=60 ✅  | spn: gt=C4 pred=C4 ✅  | doremi: gt=do pred=sol ❌  | hz: gt=261.6256 pred=50.0 ❌
    [ 174/490] trumpet     clean         C4  | midi: gt=60 pred=60 ✅  | spn: gt=C4 pred=C6 ❌  | doremi: gt=do pred=sol ❌  | hz: gt=261.6256 pred=440.0 ❌
    [ 175/490] voice       clean         C4  | midi: gt=60 pred=63 ❌  | spn: gt=C4 pred=C6 ❌  | doremi: gt=do pred=sol ❌  | hz: gt=261.6256 pred=480.0 ❌
    [ 176/490] cello       clean         E4  | midi: gt=64 pred=64 ✅  | spn: gt=E4 pred=C6 ❌  | doremi: gt=mi pred=sol ❌  | hz: gt=329.6276 pred=64.0 ❌
    [ 177/490] guitar      clean         E4  | midi: gt=64 pred=64 ✅  | spn: gt=E4 pred=F#2 ❌  | doremi: gt=mi pred=fa# ❌  | hz: gt=329.6276 pred=460.0 ❌
    [ 178/490] synth_pad   clean         E4  | midi: gt=64 pred=65 ❌  | spn: gt=E4 pred=C6 ❌  | doremi: gt=mi pred=sol ❌  | hz: gt=329.6276 pred=480.0 ❌
    [ 179/490] trombone    clean         E4  | midi: gt=64 pred=64 ✅  | spn: gt=E4 pred=C4 ❌  | doremi: gt=mi pred=sol ❌  | hz: gt=329.6276 pred=640.0 ❌
    [ 180/490] synth_lead  clean         E4  | midi: gt=64 pred=64 ✅  | spn: gt=E4 pred=C6 ❌  | doremi: gt=mi pred=sol# ❌  | hz: gt=329.6276 pred=1058.43 ❌
    [ 181/490] oboe        clean         G4  | midi: gt=67 pred=67 ✅  | spn: gt=G4 pred=C6 ❌  | doremi: gt=sol pred=sol ✅  | hz: gt=391.9954 pred=6750.0 ❌
    [ 182/490] organ       clean         G4  | midi: gt=67 pred=67 ✅  | spn: gt=G4 pred=G6 ❌  | doremi: gt=sol pred=sol ✅  | hz: gt=391.9954 pred=6750.0 ❌
    [ 183/490] synth_lead  clean         G4  | midi: gt=67 pred=63 ❌  | spn: gt=G4 pred=C6 ❌  | doremi: gt=sol pred=sol ✅  | hz: gt=391.9954 pred=480.0 ❌
    [ 184/490] synth_pad   clean         G4  | midi: gt=67 pred=69 ❌  | spn: gt=G4 pred=C6 ❌  | doremi: gt=sol pred=sol ✅  | hz: gt=391.9954 pred=480.0 ❌
    [ 185/490] sawtooth    clean         G4  | midi: gt=67 pred=63 ❌  | spn: gt=G4 pred=F#6 ❌  | doremi: gt=sol pred=sol ✅  | hz: gt=391.9954 pred=450.0 ❌
    [ 186/490] flute       clean         A4  | midi: gt=69 pred=69 ✅  | spn: gt=A4 pred=C6 ❌  | doremi: gt=la pred=sol ❌  | hz: gt=440.0 pred=450.0 ❌
    [ 187/490] voice       clean         A4  | midi: gt=69 pred=69 ✅  | spn: gt=A4 pred=C6 ❌  | doremi: gt=la pred=sol ❌  | hz: gt=440.0 pred=450.0 ❌
    [ 188/490] square      clean         A4  | midi: gt=69 pred=69 ✅  | spn: gt=A4 pred=A6 ❌  | doremi: gt=la pred=sol ❌  | hz: gt=440.0 pred=1046.53 ❌
    [ 189/490] clarinet    clean         A4  | midi: gt=69 pred=69 ✅  | spn: gt=A4 pred=C6 ❌  | doremi: gt=la pred=sol ❌  | hz: gt=440.0 pred=450.0 ❌
    [ 190/490] sine        clean         A4  | midi: gt=69 pred=69 ✅  | spn: gt=A4 pred=None ❌  | doremi: gt=la pred=sol ❌  | hz: gt=440.0 pred=1050.0 ❌
    [ 191/490] voice       clean         C#5  | midi: gt=73 pred=68 ❌  | spn: gt=C#5 pred=C6 ❌  | doremi: gt=do# pred=sol ❌  | hz: gt=554.3653 pred=600.0 ❌
    [ 192/490] synth_pad   clean         C#5  | midi: gt=73 pred=69 ❌  | spn: gt=C#5 pred=C6 ❌  | doremi: gt=do# pred=sol# ❌  | hz: gt=554.3653 pred=605.0 ❌
    [ 193/490] flute       clean         C#5  | midi: gt=73 pred=61 ❌  | spn: gt=C#5 pred=C6 ❌  | doremi: gt=do# pred=sol ❌  | hz: gt=554.3653 pred=60.0 ❌
    [ 194/490] synth_lead  clean         C#5  | midi: gt=73 pred=68 ❌  | spn: gt=C#5 pred=C6 ❌  | doremi: gt=do# pred=sol ❌  | hz: gt=554.3653 pred=480.0 ❌
    [ 195/490] sine        clean         C#5  | midi: gt=73 pred=68 ❌  | spn: gt=C#5 pred=C6 ❌  | doremi: gt=do# pred=sol ❌  | hz: gt=554.3653 pred=1074.32 ❌
    [ 196/490] square      clean         E5  | midi: gt=76 pred=63 ❌  | spn: gt=E5 pred=F6 ❌  | doremi: gt=mi pred=sol ❌  | hz: gt=659.2551 pred=1073.64 ❌
    [ 197/490] sawtooth    clean         E5  | midi: gt=76 pred=69 ❌  | spn: gt=E5 pred=A6 ❌  | doremi: gt=mi pred=sol ❌  | hz: gt=659.2551 pred=1073.64 ❌
    [ 198/490] flute       clean         E5  | midi: gt=76 pred=64 ❌  | spn: gt=E5 pred=C6 ❌  | doremi: gt=mi pred=sol ❌  | hz: gt=659.2551 pred=640.0 ❌
    [ 199/490] voice       clean         E5  | midi: gt=76 pred=64 ❌  | spn: gt=E5 pred=C6 ❌  | doremi: gt=mi pred=sol# ❌  | hz: gt=659.2551 pred=640.0 ❌
    [ 200/490] organ       clean         E5  | midi: gt=76 pred=64 ❌  | spn: gt=E5 pred=A#6 ❌  | doremi: gt=mi pred=sol ❌  | hz: gt=659.2551 pred=640.0 ❌
    [ 201/490] sawtooth    clean         G5  | midi: gt=79 pred=65 ❌  | spn: gt=G5 pred=A6 ❌  | doremi: gt=sol pred=sol ✅  | hz: gt=783.9909 pred=1075.83 ❌
    [ 202/490] clarinet    clean         G5  | midi: gt=79 pred=68 ❌  | spn: gt=G5 pred=C6 ❌  | doremi: gt=sol pred=sol ✅  | hz: gt=783.9909 pred=6750.0 ❌
    [ 203/490] square      clean         G5  | midi: gt=79 pred=68 ❌  | spn: gt=G5 pred=F#6 ❌  | doremi: gt=sol pred=sol# ❌  | hz: gt=783.9909 pred=1074.625 ❌
    [ 204/490] flute       clean         G5  | midi: gt=79 pred=67 ❌  | spn: gt=G5 pred=C6 ❌  | doremi: gt=sol pred=sol ✅  | hz: gt=783.9909 pred=675.0 ❌
    [ 205/490] piano       clean         G5  | midi: gt=79 pred=68 ❌  | spn: gt=G5 pred=F7 ❌  | doremi: gt=sol pred=sol ✅  | hz: gt=783.9909 pred=795.0 ❌
    [ 206/490] bass        clean         E6  | midi: gt=88 pred=88 ✅  | spn: gt=E6 pred=C7 ❌  | doremi: gt=mi pred=sol# ❌  | hz: gt=1318.5102 pred=800.0 ❌
    [ 207/490] guitar      clean         E6  | midi: gt=88 pred=84 ❌  | spn: gt=E6 pred=G6 ❌  | doremi: gt=mi pred=sol# ❌  | hz: gt=1318.5102 pred=1050.0 ❌
    [ 208/490] piano       clean         E6  | midi: gt=88 pred=68 ❌  | spn: gt=E6 pred=C6 ❌  | doremi: gt=mi pred=sol ❌  | hz: gt=1318.5102 pred=1050.0 ❌
    [ 209/490] voice       clean         E6  | midi: gt=88 pred=86 ❌  | spn: gt=E6 pred=C6 ❌  | doremi: gt=mi pred=sol# ❌  | hz: gt=1318.5102 pred=4035.96 ❌
    [ 210/490] triangle    clean         E6  | midi: gt=88 pred=68 ❌  | spn: gt=E6 pred=C6 ❌  | doremi: gt=mi pred=sol ❌  | hz: gt=1318.5102 pred=1046.57 ❌
    [ 211/490] bass        highpass_above_f0  F#1  | midi: gt=30 pred=43 ❌  | spn: gt=F#1 pred=A#2 ❌  | doremi: gt=fa# pred=sol ❌  | hz: gt=46.2493 pred=105.26 ❌
    [ 212/490] cello       highpass_above_f0  F#1  | midi: gt=30 pred=34 ❌  | spn: gt=F#1 pred=A#2 ❌  | doremi: gt=fa# pred=fa# ✅  | hz: gt=46.2493 pred=105.26 ❌
    [ 213/490] guitar      highpass_above_f0  F#1  | midi: gt=30 pred=43 ❌  | spn: gt=F#1 pred=A#2 ❌  | doremi: gt=fa# pred=sol ❌  | hz: gt=46.2493 pred=450.0 ❌
    [ 214/490] triangle    highpass_above_f0  F#1  | midi: gt=30 pred=43 ❌  | spn: gt=F#1 pred=A#2 ❌  | doremi: gt=fa# pred=sol ❌  | hz: gt=46.2493 pred=450.0 ❌
    [ 215/490] sawtooth    highpass_above_f0  F#1  | midi: gt=30 pred=43 ❌  | spn: gt=F#1 pred=F#2 ❌  | doremi: gt=fa# pred=fa# ✅  | hz: gt=46.2493 pred=1046.53 ❌
    [ 216/490] cello       highpass_above_f0  C2  | midi: gt=36 pred=36 ✅  | spn: gt=C2 pred=C2 ✅  | doremi: gt=do pred=re ❌  | hz: gt=65.4064 pred=250.0 ❌
    [ 217/490] oboe        highpass_above_f0  C2  | midi: gt=36 pred=36 ✅  | spn: gt=C2 pred=C2 ✅  | doremi: gt=do pred=fa# ❌  | hz: gt=65.4064 pred=250.0 ❌
    [ 218/490] voice       highpass_above_f0  C2  | midi: gt=36 pred=48 ❌  | spn: gt=C2 pred=C2 ✅  | doremi: gt=do pred=sol ❌  | hz: gt=65.4064 pred=120.0 ❌
    [ 219/490] synth_lead  highpass_above_f0  C2  | midi: gt=36 pred=65 ❌  | spn: gt=C2 pred=C6 ❌  | doremi: gt=do pred=fa# ❌  | hz: gt=65.4064 pred=480.52 ❌
    [ 220/490] flute       highpass_above_f0  C2  | midi: gt=36 pred=65 ❌  | spn: gt=C2 pred=C2 ✅  | doremi: gt=do pred=fa# ❌  | hz: gt=65.4064 pred=415.3 ❌
    [ 221/490] sawtooth    highpass_above_f0  G2  | midi: gt=43 pred=43 ✅  | spn: gt=G2 pred=F#2 ❌  | doremi: gt=sol pred=sol ✅  | hz: gt=97.9989 pred=450.0 ❌
    [ 222/490] triangle    highpass_above_f0  G2  | midi: gt=43 pred=56 ❌  | spn: gt=G2 pred=F#2 ❌  | doremi: gt=sol pred=sol ✅  | hz: gt=97.9989 pred=435.0 ❌
    [ 223/490] voice       highpass_above_f0  G2  | midi: gt=43 pred=43 ✅  | spn: gt=G2 pred=C4 ❌  | doremi: gt=sol pred=sol ✅  | hz: gt=97.9989 pred=435.0 ❌
    [ 224/490] violin      highpass_above_f0  G2  | midi: gt=43 pred=43 ✅  | spn: gt=G2 pred=C2 ❌  | doremi: gt=sol pred=sol ✅  | hz: gt=97.9989 pred=105.26 ❌
    [ 225/490] oboe        highpass_above_f0  G2  | midi: gt=43 pred=43 ✅  | spn: gt=G2 pred=C2 ❌  | doremi: gt=sol pred=sol ✅  | hz: gt=97.9989 pred=435.0 ❌
    [ 226/490] clarinet    highpass_above_f0  C3  | midi: gt=48 pred=64 ❌  | spn: gt=C3 pred=C6 ❌  | doremi: gt=do pred=sol ❌  | hz: gt=130.8128 pred=480.0 ❌
    [ 227/490] triangle    highpass_above_f0  C3  | midi: gt=48 pred=63 ❌  | spn: gt=C3 pred=C6 ❌  | doremi: gt=do pred=sol ❌  | hz: gt=130.8128 pred=480.0 ❌
    [ 228/490] flute       highpass_above_f0  C3  | midi: gt=48 pred=48 ✅  | spn: gt=C3 pred=C2 ❌  | doremi: gt=do pred=sol ❌  | hz: gt=130.8128 pred=480.0 ❌
    [ 229/490] guitar      highpass_above_f0  C3  | midi: gt=48 pred=53 ❌  | spn: gt=C3 pred=C6 ❌  | doremi: gt=do pred=sol ❌  | hz: gt=130.8128 pred=493.88 ❌
    [ 230/490] synth_pad   highpass_above_f0  C3  | midi: gt=48 pred=68 ❌  | spn: gt=C3 pred=C6 ❌  | doremi: gt=do pred=sol ❌  | hz: gt=130.8128 pred=480.0 ❌
    [ 231/490] synth_pad   highpass_above_f0  F#3  | midi: gt=54 pred=68 ❌  | spn: gt=F#3 pred=C6 ❌  | doremi: gt=fa# pred=sol ❌  | hz: gt=184.9972 pred=480.0 ❌
    [ 232/490] organ       highpass_above_f0  F#3  | midi: gt=54 pred=66 ❌  | spn: gt=F#3 pred=C6 ❌  | doremi: gt=fa# pred=sol# ❌  | hz: gt=184.9972 pred=6750.0 ❌
    [ 233/490] piano       highpass_above_f0  F#3  | midi: gt=54 pred=65 ❌  | spn: gt=F#3 pred=C6 ❌  | doremi: gt=fa# pred=sol ❌  | hz: gt=184.9972 pred=435.0 ❌
    [ 234/490] cello       highpass_above_f0  F#3  | midi: gt=54 pred=65 ❌  | spn: gt=F#3 pred=F#3 ✅  | doremi: gt=fa# pred=sol ❌  | hz: gt=184.9972 pred=435.0 ❌
    [ 235/490] square      highpass_above_f0  F#3  | midi: gt=54 pred=65 ❌  | spn: gt=F#3 pred=C6 ❌  | doremi: gt=fa# pred=sol ❌  | hz: gt=184.9972 pred=450.0 ❌
    [ 236/490] trumpet     highpass_above_f0  A#3  | midi: gt=58 pred=69 ❌  | spn: gt=A#3 pred=A#6 ❌  | doremi: gt=la# pred=sol ❌  | hz: gt=233.0819 pred=450.0 ❌
    [ 237/490] organ       highpass_above_f0  A#3  | midi: gt=58 pred=69 ❌  | spn: gt=A#3 pred=None ❌  | doremi: gt=la# pred=sol ❌  | hz: gt=233.0819 pred=450.0 ❌
    [ 238/490] flute       highpass_above_f0  A#3  | midi: gt=58 pred=58 ✅  | spn: gt=A#3 pred=C6 ❌  | doremi: gt=la# pred=fa# ❌  | hz: gt=233.0819 pred=450.0 ❌
    [ 239/490] square      highpass_above_f0  A#3  | midi: gt=58 pred=65 ❌  | spn: gt=A#3 pred=F#6 ❌  | doremi: gt=la# pred=sol ❌  | hz: gt=233.0819 pred=450.0 ❌
    [ 240/490] synth_lead  highpass_above_f0  A#3  | midi: gt=58 pred=68 ❌  | spn: gt=A#3 pred=C6 ❌  | doremi: gt=la# pred=sol# ❌  | hz: gt=233.0819 pred=1058.42 ❌
    [ 241/490] synth_pad   highpass_above_f0  C4  | midi: gt=60 pred=64 ❌  | spn: gt=C4 pred=C6 ❌  | doremi: gt=do pred=sol ❌  | hz: gt=261.6256 pred=480.0 ❌
    [ 242/490] triangle    highpass_above_f0  C4  | midi: gt=60 pred=68 ❌  | spn: gt=C4 pred=C6 ❌  | doremi: gt=do pred=sol ❌  | hz: gt=261.6256 pred=480.0 ❌
    [ 243/490] sawtooth    highpass_above_f0  C4  | midi: gt=60 pred=65 ❌  | spn: gt=C4 pred=F#6 ❌  | doremi: gt=do pred=sol ❌  | hz: gt=261.6256 pred=450.0 ❌
    [ 244/490] sine        highpass_above_f0  C4  | midi: gt=60 pred=63 ❌  | spn: gt=C4 pred=C6 ❌  | doremi: gt=do pred=sol ❌  | hz: gt=261.6256 pred=107.89 ❌
    [ 245/490] synth_lead  highpass_above_f0  C4  | midi: gt=60 pred=69 ❌  | spn: gt=C4 pred=C6 ❌  | doremi: gt=do pred=sol# ❌  | hz: gt=261.6256 pred=1058.43 ❌
    [ 246/490] flute       highpass_above_f0  E4  | midi: gt=64 pred=64 ✅  | spn: gt=E4 pred=C6 ❌  | doremi: gt=mi pred=sol ❌  | hz: gt=329.6276 pred=640.0 ❌
    [ 247/490] electric_keyboard  highpass_above_f0  E4  | midi: gt=64 pred=64 ✅  | spn: gt=E4 pred=E6 ❌  | doremi: gt=mi pred=sol ❌  | hz: gt=329.6276 pred=640.0 ❌
    [ 248/490] cello       highpass_above_f0  E4  | midi: gt=64 pred=64 ✅  | spn: gt=E4 pred=C4 ❌  | doremi: gt=mi pred=sol ❌  | hz: gt=329.6276 pred=640.0 ❌
    [ 249/490] bass        highpass_above_f0  E4  | midi: gt=64 pred=64 ✅  | spn: gt=E4 pred=C6 ❌  | doremi: gt=mi pred=sol ❌  | hz: gt=329.6276 pred=460.0 ❌
    [ 250/490] voice       highpass_above_f0  E4  | midi: gt=64 pred=64 ✅  | spn: gt=E4 pred=E4 ✅  | doremi: gt=mi pred=sol ❌  | hz: gt=329.6276 pred=640.0 ❌
    [ 251/490] guitar      highpass_above_f0  G4  | midi: gt=67 pred=63 ❌  | spn: gt=G4 pred=C6 ❌  | doremi: gt=sol pred=sol ✅  | hz: gt=391.9954 pred=493.88 ❌
    [ 252/490] violin      highpass_above_f0  G4  | midi: gt=67 pred=67 ✅  | spn: gt=G4 pred=C6 ❌  | doremi: gt=sol pred=sol ✅  | hz: gt=391.9954 pred=675.0 ❌
    [ 253/490] sawtooth    highpass_above_f0  G4  | midi: gt=67 pred=65 ❌  | spn: gt=G4 pred=F#6 ❌  | doremi: gt=sol pred=sol ✅  | hz: gt=391.9954 pred=450.0 ❌
    [ 254/490] electric_keyboard  highpass_above_f0  G4  | midi: gt=67 pred=67 ✅  | spn: gt=G4 pred=G6 ❌  | doremi: gt=sol pred=sol ✅  | hz: gt=391.9954 pred=6750.0 ❌
    [ 255/490] voice       highpass_above_f0  G4  | midi: gt=67 pred=69 ❌  | spn: gt=G4 pred=C6 ❌  | doremi: gt=sol pred=sol ✅  | hz: gt=391.9954 pred=6750.0 ❌
    [ 256/490] sine        highpass_above_f0  A4  | midi: gt=69 pred=68 ❌  | spn: gt=A4 pred=C6 ❌  | doremi: gt=la pred=sol ❌  | hz: gt=440.0 pred=1050.0 ❌
    [ 257/490] violin      highpass_above_f0  A4  | midi: gt=69 pred=69 ✅  | spn: gt=A4 pred=A4 ✅  | doremi: gt=la pred=sol ❌  | hz: gt=440.0 pred=450.0 ❌
    [ 258/490] trumpet     highpass_above_f0  A4  | midi: gt=69 pred=69 ✅  | spn: gt=A4 pred=A4 ✅  | doremi: gt=la pred=sol ❌  | hz: gt=440.0 pred=450.0 ❌
    [ 259/490] organ       highpass_above_f0  A4  | midi: gt=69 pred=69 ✅  | spn: gt=A4 pred=A4 ✅  | doremi: gt=la pred=sol ❌  | hz: gt=440.0 pred=450.0 ❌
    [ 260/490] piano       highpass_above_f0  A4  | midi: gt=69 pred=69 ✅  | spn: gt=A4 pred=A4 ✅  | doremi: gt=la pred=fa# ❌  | hz: gt=440.0 pred=460.0 ❌
    [ 261/490] cello       highpass_above_f0  C#5  | midi: gt=73 pred=68 ❌  | spn: gt=C#5 pred=C6 ❌  | doremi: gt=do# pred=sol ❌  | hz: gt=554.3653 pred=605.0 ❌
    [ 262/490] synth_pad   highpass_above_f0  C#5  | midi: gt=73 pred=65 ❌  | spn: gt=C#5 pred=C6 ❌  | doremi: gt=do# pred=sol# ❌  | hz: gt=554.3653 pred=1058.43 ❌
    [ 263/490] bass        highpass_above_f0  C#5  | midi: gt=73 pred=68 ❌  | spn: gt=C#5 pred=G6 ❌  | doremi: gt=do# pred=fa# ❌  | hz: gt=554.3653 pred=1200.0 ❌
    [ 264/490] piano       highpass_above_f0  C#5  | midi: gt=73 pred=68 ❌  | spn: gt=C#5 pred=C6 ❌  | doremi: gt=do# pred=sol ❌  | hz: gt=554.3653 pred=1200.0 ❌
    [ 265/490] triangle    highpass_above_f0  C#5  | midi: gt=73 pred=68 ❌  | spn: gt=C#5 pred=C6 ❌  | doremi: gt=do# pred=sol ❌  | hz: gt=554.3653 pred=600.0 ❌
    [ 266/490] trombone    highpass_above_f0  E5  | midi: gt=76 pred=69 ❌  | spn: gt=E5 pred=C6 ❌  | doremi: gt=mi pred=sol ❌  | hz: gt=659.2551 pred=695.0 ❌
    [ 267/490] guitar      highpass_above_f0  E5  | midi: gt=76 pred=68 ❌  | spn: gt=E5 pred=F#6 ❌  | doremi: gt=mi pred=fa# ❌  | hz: gt=659.2551 pred=460.0 ❌
    [ 268/490] sawtooth    highpass_above_f0  E5  | midi: gt=76 pred=69 ❌  | spn: gt=E5 pred=F#6 ❌  | doremi: gt=mi pred=sol# ❌  | hz: gt=659.2551 pred=1058.43 ❌
    [ 269/490] synth_lead  highpass_above_f0  E5  | midi: gt=76 pred=68 ❌  | spn: gt=E5 pred=C6 ❌  | doremi: gt=mi pred=sol ❌  | hz: gt=659.2551 pred=1046.57 ❌
    [ 270/490] oboe        highpass_above_f0  E5  | midi: gt=76 pred=88 ❌  | spn: gt=E5 pred=C6 ❌  | doremi: gt=mi pred=sol ❌  | hz: gt=659.2551 pred=833.33 ❌
    [ 271/490] clarinet    highpass_above_f0  G5  | midi: gt=79 pred=69 ❌  | spn: gt=G5 pred=C6 ❌  | doremi: gt=sol pred=sol ✅  | hz: gt=783.9909 pred=493.88 ❌
    [ 272/490] sawtooth    highpass_above_f0  G5  | midi: gt=79 pred=65 ❌  | spn: gt=G5 pred=C6 ❌  | doremi: gt=sol pred=sol# ❌  | hz: gt=783.9909 pred=1667.0 ❌
    [ 273/490] synth_pad   highpass_above_f0  G5  | midi: gt=79 pred=65 ❌  | spn: gt=G5 pred=C6 ❌  | doremi: gt=sol pred=sol ✅  | hz: gt=783.9909 pred=1046.53 ❌
    [ 274/490] bass        highpass_above_f0  G5  | midi: gt=79 pred=69 ❌  | spn: gt=G5 pred=G6 ❌  | doremi: gt=sol pred=sol# ❌  | hz: gt=783.9909 pred=493.88 ❌
    [ 275/490] trumpet     highpass_above_f0  G5  | midi: gt=79 pred=69 ❌  | spn: gt=G5 pred=C6 ❌  | doremi: gt=sol pred=sol ✅  | hz: gt=783.9909 pred=493.88 ❌
    [ 276/490] synth_lead  highpass_above_f0  E6  | midi: gt=88 pred=84 ❌  | spn: gt=E6 pred=C6 ❌  | doremi: gt=mi pred=sol ❌  | hz: gt=1318.5102 pred=1764.0 ❌
    [ 277/490] electric_keyboard  highpass_above_f0  E6  | midi: gt=88 pred=83 ❌  | spn: gt=E6 pred=G6 ❌  | doremi: gt=mi pred=sol ❌  | hz: gt=1318.5102 pred=1053.67 ❌
    [ 278/490] sawtooth    highpass_above_f0  E6  | midi: gt=88 pred=65 ❌  | spn: gt=E6 pred=F#6 ❌  | doremi: gt=mi pred=sol# ❌  | hz: gt=1318.5102 pred=1500.0 ❌
    [ 279/490] square      highpass_above_f0  E6  | midi: gt=88 pred=63 ❌  | spn: gt=E6 pred=C6 ❌  | doremi: gt=mi pred=sol# ❌  | hz: gt=1318.5102 pred=1309.85 ✅
    [ 280/490] cello       highpass_above_f0  E6  | midi: gt=88 pred=84 ❌  | spn: gt=E6 pred=C6 ❌  | doremi: gt=mi pred=sol# ❌  | hz: gt=1318.5102 pred=1046.57 ❌
    [ 281/490] electric_keyboard  lowpass_at_f0  F#1  | midi: gt=30 pred=35 ❌  | spn: gt=F#1 pred=C2 ❌  | doremi: gt=fa# pred=fa# ✅  | hz: gt=46.2493 pred=250.0 ❌
    [ 282/490] square      lowpass_at_f0  F#1  | midi: gt=30 pred=36 ❌  | spn: gt=F#1 pred=C2 ❌  | doremi: gt=fa# pred=fa# ✅  | hz: gt=46.2493 pred=105.26 ❌
    [ 283/490] synth_pad   lowpass_at_f0  F#1  | midi: gt=30 pred=34 ❌  | spn: gt=F#1 pred=C2 ❌  | doremi: gt=fa# pred=fa# ✅  | hz: gt=46.2493 pred=25.0 ❌
    [ 284/490] flute       lowpass_at_f0  F#1  | midi: gt=30 pred=35 ❌  | spn: gt=F#1 pred=C2 ❌  | doremi: gt=fa# pred=fa# ✅  | hz: gt=46.2493 pred=250.0 ❌
    [ 285/490] guitar      lowpass_at_f0  F#1  | midi: gt=30 pred=35 ❌  | spn: gt=F#1 pred=C2 ❌  | doremi: gt=fa# pred=fa# ✅  | hz: gt=46.2493 pred=250.0 ❌
    [ 286/490] triangle    lowpass_at_f0  C2  | midi: gt=36 pred=36 ✅  | spn: gt=C2 pred=C2 ✅  | doremi: gt=do pred=fa# ❌  | hz: gt=65.4064 pred=105.26 ❌
    [ 287/490] flute       lowpass_at_f0  C2  | midi: gt=36 pred=43 ❌  | spn: gt=C2 pred=C2 ✅  | doremi: gt=do pred=fa# ❌  | hz: gt=65.4064 pred=107.65 ❌
    [ 288/490] sawtooth    lowpass_at_f0  C2  | midi: gt=36 pred=36 ✅  | spn: gt=C2 pred=C2 ✅  | doremi: gt=do pred=sol ❌  | hz: gt=65.4064 pred=105.26 ❌
    [ 289/490] square      lowpass_at_f0  C2  | midi: gt=36 pred=36 ✅  | spn: gt=C2 pred=C2 ✅  | doremi: gt=do pred=sol ❌  | hz: gt=65.4064 pred=105.26 ❌
    [ 290/490] guitar      lowpass_at_f0  C2  | midi: gt=36 pred=36 ✅  | spn: gt=C2 pred=C2 ✅  | doremi: gt=do pred=fa# ❌  | hz: gt=65.4064 pred=250.0 ❌
    [ 291/490] voice       lowpass_at_f0  G2  | midi: gt=43 pred=43 ✅  | spn: gt=G2 pred=C2 ❌  | doremi: gt=sol pred=fa# ❌  | hz: gt=97.9989 pred=105.26 ❌
    [ 292/490] synth_lead  lowpass_at_f0  G2  | midi: gt=43 pred=48 ❌  | spn: gt=G2 pred=C6 ❌  | doremi: gt=sol pred=fa# ❌  | hz: gt=97.9989 pred=105.26 ❌
    [ 293/490] clarinet    lowpass_at_f0  G2  | midi: gt=43 pred=43 ✅  | spn: gt=G2 pred=C6 ❌  | doremi: gt=sol pred=sol ✅  | hz: gt=97.9989 pred=435.0 ❌
    [ 294/490] trumpet     lowpass_at_f0  G2  | midi: gt=43 pred=43 ✅  | spn: gt=G2 pred=C6 ❌  | doremi: gt=sol pred=sol ✅  | hz: gt=97.9989 pred=435.0 ❌
    [ 295/490] triangle    lowpass_at_f0  G2  | midi: gt=43 pred=48 ❌  | spn: gt=G2 pred=C2 ❌  | doremi: gt=sol pred=sol ✅  | hz: gt=97.9989 pred=105.26 ❌
    [ 296/490] clarinet    lowpass_at_f0  C3  | midi: gt=48 pred=48 ✅  | spn: gt=C3 pred=C2 ❌  | doremi: gt=do pred=fa# ❌  | hz: gt=130.8128 pred=107.86 ❌
    [ 297/490] flute       lowpass_at_f0  C3  | midi: gt=48 pred=48 ✅  | spn: gt=C3 pred=C2 ❌  | doremi: gt=do pred=fa# ❌  | hz: gt=130.8128 pred=105.26 ❌
    [ 298/490] trumpet     lowpass_at_f0  C3  | midi: gt=48 pred=48 ✅  | spn: gt=C3 pred=C6 ❌  | doremi: gt=do pred=sol ❌  | hz: gt=130.8128 pred=480.0 ❌
    [ 299/490] violin      lowpass_at_f0  C3  | midi: gt=48 pred=36 ❌  | spn: gt=C3 pred=C2 ❌  | doremi: gt=do pred=fa# ❌  | hz: gt=130.8128 pred=261.63 ❌
    [ 300/490] square      lowpass_at_f0  C3  | midi: gt=48 pred=64 ❌  | spn: gt=C3 pred=C2 ❌  | doremi: gt=do pred=sol ❌  | hz: gt=130.8128 pred=105.26 ❌
    [ 301/490] trombone    lowpass_at_f0  F#3  | midi: gt=54 pred=54 ✅  | spn: gt=F#3 pred=C4 ❌  | doremi: gt=fa# pred=sol ❌  | hz: gt=184.9972 pred=107.65 ❌
    [ 302/490] organ       lowpass_at_f0  F#3  | midi: gt=54 pred=43 ❌  | spn: gt=F#3 pred=C4 ❌  | doremi: gt=fa# pred=sol ❌  | hz: gt=184.9972 pred=107.65 ❌
    [ 303/490] clarinet    lowpass_at_f0  F#3  | midi: gt=54 pred=56 ❌  | spn: gt=F#3 pred=C6 ❌  | doremi: gt=fa# pred=sol ❌  | hz: gt=184.9972 pred=480.0 ❌
    [ 304/490] square      lowpass_at_f0  F#3  | midi: gt=54 pred=48 ❌  | spn: gt=F#3 pred=C2 ❌  | doremi: gt=fa# pred=sol ❌  | hz: gt=184.9972 pred=105.26 ❌
    [ 305/490] sine        lowpass_at_f0  F#3  | midi: gt=54 pred=48 ❌  | spn: gt=F#3 pred=C4 ❌  | doremi: gt=fa# pred=sol ❌  | hz: gt=184.9972 pred=105.26 ❌
    [ 306/490] organ       lowpass_at_f0  A#3  | midi: gt=58 pred=65 ❌  | spn: gt=A#3 pred=C6 ❌  | doremi: gt=la# pred=fa# ❌  | hz: gt=233.0819 pred=1054.72 ❌
    [ 307/490] triangle    lowpass_at_f0  A#3  | midi: gt=58 pred=48 ❌  | spn: gt=A#3 pred=C6 ❌  | doremi: gt=la# pred=sol ❌  | hz: gt=233.0819 pred=105.26 ❌
    [ 308/490] square      lowpass_at_f0  A#3  | midi: gt=58 pred=48 ❌  | spn: gt=A#3 pred=C6 ❌  | doremi: gt=la# pred=sol ❌  | hz: gt=233.0819 pred=105.26 ❌
    [ 309/490] guitar      lowpass_at_f0  A#3  | midi: gt=58 pred=58 ✅  | spn: gt=A#3 pred=A#6 ❌  | doremi: gt=la# pred=fa# ❌  | hz: gt=233.0819 pred=480.0 ❌
    [ 310/490] trumpet     lowpass_at_f0  A#3  | midi: gt=58 pred=69 ❌  | spn: gt=A#3 pred=C6 ❌  | doremi: gt=la# pred=sol ❌  | hz: gt=233.0819 pred=107.86 ❌
    [ 311/490] trumpet     lowpass_at_f0  C4  | midi: gt=60 pred=60 ✅  | spn: gt=C4 pred=C6 ❌  | doremi: gt=do pred=sol ❌  | hz: gt=261.6256 pred=60.0 ❌
    [ 312/490] piano       lowpass_at_f0  C4  | midi: gt=60 pred=65 ❌  | spn: gt=C4 pred=C6 ❌  | doremi: gt=do pred=fa# ❌  | hz: gt=261.6256 pred=480.0 ❌
    [ 313/490] oboe        lowpass_at_f0  C4  | midi: gt=60 pred=60 ✅  | spn: gt=C4 pred=C2 ❌  | doremi: gt=do pred=fa# ❌  | hz: gt=261.6256 pred=107.86 ❌
    [ 314/490] square      lowpass_at_f0  C4  | midi: gt=60 pred=63 ❌  | spn: gt=C4 pred=C2 ❌  | doremi: gt=do pred=sol ❌  | hz: gt=261.6256 pred=107.89 ❌
    [ 315/490] organ       lowpass_at_f0  C4  | midi: gt=60 pred=63 ❌  | spn: gt=C4 pred=C6 ❌  | doremi: gt=do pred=sol ❌  | hz: gt=261.6256 pred=107.65 ❌
    [ 316/490] flute       lowpass_at_f0  E4  | midi: gt=64 pred=64 ✅  | spn: gt=E4 pred=C4 ❌  | doremi: gt=mi pred=sol ❌  | hz: gt=329.6276 pred=1047.0 ❌
    [ 317/490] oboe        lowpass_at_f0  E4  | midi: gt=64 pred=64 ✅  | spn: gt=E4 pred=C6 ❌  | doremi: gt=mi pred=fa# ❌  | hz: gt=329.6276 pred=107.65 ❌
    [ 318/490] trombone    lowpass_at_f0  E4  | midi: gt=64 pred=64 ✅  | spn: gt=E4 pred=C6 ❌  | doremi: gt=mi pred=sol ❌  | hz: gt=329.6276 pred=659.34 ❌
    [ 319/490] electric_keyboard  lowpass_at_f0  E4  | midi: gt=64 pred=63 ❌  | spn: gt=E4 pred=C6 ❌  | doremi: gt=mi pred=sol ❌  | hz: gt=329.6276 pred=504.0 ❌
    [ 320/490] voice       lowpass_at_f0  E4  | midi: gt=64 pred=63 ❌  | spn: gt=E4 pred=C6 ❌  | doremi: gt=mi pred=sol ❌  | hz: gt=329.6276 pred=1046.53 ❌
    [ 321/490] synth_pad   lowpass_at_f0  G4  | midi: gt=67 pred=65 ❌  | spn: gt=G4 pred=C6 ❌  | doremi: gt=sol pred=fa# ❌  | hz: gt=391.9954 pred=107.65 ❌
    [ 322/490] trombone    lowpass_at_f0  G4  | midi: gt=67 pred=68 ❌  | spn: gt=G4 pred=C6 ❌  | doremi: gt=sol pred=sol ✅  | hz: gt=391.9954 pred=450.0 ❌
    [ 323/490] synth_lead  lowpass_at_f0  G4  | midi: gt=67 pred=48 ❌  | spn: gt=G4 pred=C6 ❌  | doremi: gt=sol pred=fa# ❌  | hz: gt=391.9954 pred=150.0 ❌
    [ 324/490] sine        lowpass_at_f0  G4  | midi: gt=67 pred=64 ❌  | spn: gt=G4 pred=C6 ❌  | doremi: gt=sol pred=sol ✅  | hz: gt=391.9954 pred=1050.0 ❌
    [ 325/490] clarinet    lowpass_at_f0  G4  | midi: gt=67 pred=68 ❌  | spn: gt=G4 pred=C6 ❌  | doremi: gt=sol pred=sol ✅  | hz: gt=391.9954 pred=480.0 ❌
    [ 326/490] synth_pad   lowpass_at_f0  A4  | midi: gt=69 pred=69 ✅  | spn: gt=A4 pred=C6 ❌  | doremi: gt=la pred=fa# ❌  | hz: gt=440.0 pred=460.0 ❌
    [ 327/490] trombone    lowpass_at_f0  A4  | midi: gt=69 pred=69 ✅  | spn: gt=A4 pred=C6 ❌  | doremi: gt=la pred=sol ❌  | hz: gt=440.0 pred=415.306 ❌
    [ 328/490] triangle    lowpass_at_f0  A4  | midi: gt=69 pred=69 ✅  | spn: gt=A4 pred=None ❌  | doremi: gt=la pred=sol ❌  | hz: gt=440.0 pred=1050.0 ❌
    [ 329/490] piano       lowpass_at_f0  A4  | midi: gt=69 pred=69 ✅  | spn: gt=A4 pred=C6 ❌  | doremi: gt=la pred=sol ❌  | hz: gt=440.0 pred=480.0 ❌
    [ 330/490] bass        lowpass_at_f0  A4  | midi: gt=69 pred=69 ✅  | spn: gt=A4 pred=C6 ❌  | doremi: gt=la pred=fa# ❌  | hz: gt=440.0 pred=450.0 ❌
    [ 331/490] triangle    lowpass_at_f0  C#5  | midi: gt=73 pred=68 ❌  | spn: gt=C#5 pred=C6 ❌  | doremi: gt=do# pred=sol ❌  | hz: gt=554.3653 pred=1050.0 ❌
    [ 332/490] voice       lowpass_at_f0  C#5  | midi: gt=73 pred=69 ❌  | spn: gt=C#5 pred=C6 ❌  | doremi: gt=do# pred=sol ❌  | hz: gt=554.3653 pred=1050.0 ❌
    [ 333/490] piano       lowpass_at_f0  C#5  | midi: gt=73 pred=68 ❌  | spn: gt=C#5 pred=C6 ❌  | doremi: gt=do# pred=sol ❌  | hz: gt=554.3653 pred=1054.87 ❌
    [ 334/490] trumpet     lowpass_at_f0  C#5  | midi: gt=73 pred=68 ❌  | spn: gt=C#5 pred=C6 ❌  | doremi: gt=do# pred=sol ❌  | hz: gt=554.3653 pred=6750.0 ❌
    [ 335/490] synth_lead  lowpass_at_f0  C#5  | midi: gt=73 pred=69 ❌  | spn: gt=C#5 pred=C6 ❌  | doremi: gt=do# pred=fa# ❌  | hz: gt=554.3653 pred=1200.0 ❌
    [ 336/490] guitar      lowpass_at_f0  E5  | midi: gt=76 pred=69 ❌  | spn: gt=E5 pred=C6 ❌  | doremi: gt=mi pred=sol ❌  | hz: gt=659.2551 pred=450.0 ❌
    [ 337/490] clarinet    lowpass_at_f0  E5  | midi: gt=76 pred=68 ❌  | spn: gt=E5 pred=C6 ❌  | doremi: gt=mi pred=sol ❌  | hz: gt=659.2551 pred=1075.83 ❌
    [ 338/490] voice       lowpass_at_f0  E5  | midi: gt=76 pred=63 ❌  | spn: gt=E5 pred=C6 ❌  | doremi: gt=mi pred=sol ❌  | hz: gt=659.2551 pred=1034.52 ❌
    [ 339/490] trumpet     lowpass_at_f0  E5  | midi: gt=76 pred=68 ❌  | spn: gt=E5 pred=C6 ❌  | doremi: gt=mi pred=sol ❌  | hz: gt=659.2551 pred=450.0 ❌
    [ 340/490] bass        lowpass_at_f0  E5  | midi: gt=76 pred=69 ❌  | spn: gt=E5 pred=C6 ❌  | doremi: gt=mi pred=sol ❌  | hz: gt=659.2551 pred=680.0 ❌
    [ 341/490] bass        lowpass_at_f0  G5  | midi: gt=79 pred=68 ❌  | spn: gt=G5 pred=C6 ❌  | doremi: gt=sol pred=sol ✅  | hz: gt=783.9909 pred=6750.0 ❌
    [ 342/490] trumpet     lowpass_at_f0  G5  | midi: gt=79 pred=68 ❌  | spn: gt=G5 pred=C6 ❌  | doremi: gt=sol pred=sol ✅  | hz: gt=783.9909 pred=1046.53 ❌
    [ 343/490] sawtooth    lowpass_at_f0  G5  | midi: gt=79 pred=68 ❌  | spn: gt=G5 pred=C6 ❌  | doremi: gt=sol pred=sol ✅  | hz: gt=783.9909 pred=1058.47 ❌
    [ 344/490] square      lowpass_at_f0  G5  | midi: gt=79 pred=68 ❌  | spn: gt=G5 pred=C6 ❌  | doremi: gt=sol pred=sol ✅  | hz: gt=783.9909 pred=1074.65 ❌
    [ 345/490] clarinet    lowpass_at_f0  G5  | midi: gt=79 pred=68 ❌  | spn: gt=G5 pred=C6 ❌  | doremi: gt=sol pred=sol ✅  | hz: gt=783.9909 pred=450.0 ❌
    [ 346/490] cello       lowpass_at_f0  E6  | midi: gt=88 pred=86 ❌  | spn: gt=E6 pred=C6 ❌  | doremi: gt=mi pred=fa# ❌  | hz: gt=1318.5102 pred=1058.47 ❌
    [ 347/490] trumpet     lowpass_at_f0  E6  | midi: gt=88 pred=83 ❌  | spn: gt=E6 pred=B6 ❌  | doremi: gt=mi pred=fa# ❌  | hz: gt=1318.5102 pred=None ❌
    [ 348/490] sawtooth    lowpass_at_f0  E6  | midi: gt=88 pred=63 ❌  | spn: gt=E6 pred=C6 ❌  | doremi: gt=mi pred=sol ❌  | hz: gt=1318.5102 pred=480.0 ❌
    [ 349/490] sine        lowpass_at_f0  E6  | midi: gt=88 pred=68 ❌  | spn: gt=E6 pred=C6 ❌  | doremi: gt=mi pred=sol ❌  | hz: gt=1318.5102 pred=1046.53 ❌
    [ 350/490] electric_keyboard  lowpass_at_f0  E6  | midi: gt=88 pred=88 ✅  | spn: gt=E6 pred=C6 ❌  | doremi: gt=mi pred=sol ❌  | hz: gt=1318.5102 pred=8100.0 ❌
    [ 351/490] piano       reverb_long   F#1  | midi: gt=30 pred=45 ❌  | spn: gt=F#1 pred=C6 ❌  | doremi: gt=fa# pred=sol ❌  | hz: gt=46.2493 pred=450.0 ❌
    [ 352/490] trumpet     reverb_long   F#1  | midi: gt=30 pred=34 ❌  | spn: gt=F#1 pred=A#2 ❌  | doremi: gt=fa# pred=sol ❌  | hz: gt=46.2493 pred=130.81 ❌
    [ 353/490] electric_keyboard  reverb_long   F#1  | midi: gt=30 pred=35 ❌  | spn: gt=F#1 pred=C2 ❌  | doremi: gt=fa# pred=sol ❌  | hz: gt=46.2493 pred=435.0 ❌
    [ 354/490] organ       reverb_long   F#1  | midi: gt=30 pred=48 ❌  | spn: gt=F#1 pred=C4 ❌  | doremi: gt=fa# pred=fa# ✅  | hz: gt=46.2493 pred=105.26 ❌
    [ 355/490] synth_pad   reverb_long   F#1  | midi: gt=30 pred=48 ❌  | spn: gt=F#1 pred=C6 ❌  | doremi: gt=fa# pred=fa# ✅  | hz: gt=46.2493 pred=430.51 ❌
    [ 356/490] cello       reverb_long   C2  | midi: gt=36 pred=36 ✅  | spn: gt=C2 pred=C2 ✅  | doremi: gt=do pred=fa# ❌  | hz: gt=65.4064 pred=105.26 ❌
    [ 357/490] synth_pad   reverb_long   C2  | midi: gt=36 pred=65 ❌  | spn: gt=C2 pred=C6 ❌  | doremi: gt=do pred=fa# ❌  | hz: gt=65.4064 pred=480.0 ❌
    [ 358/490] sine        reverb_long   C2  | midi: gt=36 pred=36 ✅  | spn: gt=C2 pred=C2 ✅  | doremi: gt=do pred=fa# ❌  | hz: gt=65.4064 pred=105.26 ❌
    [ 359/490] triangle    reverb_long   C2  | midi: gt=36 pred=43 ❌  | spn: gt=C2 pred=C2 ✅  | doremi: gt=do pred=fa# ❌  | hz: gt=65.4064 pred=480.0 ❌
    [ 360/490] sawtooth    reverb_long   C2  | midi: gt=36 pred=36 ✅  | spn: gt=C2 pred=C2 ✅  | doremi: gt=do pred=fa# ❌  | hz: gt=65.4064 pred=480.0 ❌
    [ 361/490] piano       reverb_long   G2  | midi: gt=43 pred=48 ❌  | spn: gt=G2 pred=C6 ❌  | doremi: gt=sol pred=sol ✅  | hz: gt=97.9989 pred=450.0 ❌
    [ 362/490] synth_pad   reverb_long   G2  | midi: gt=43 pred=65 ❌  | spn: gt=G2 pred=C6 ❌  | doremi: gt=sol pred=fa# ❌  | hz: gt=97.9989 pred=480.0 ❌
    [ 363/490] sawtooth    reverb_long   G2  | midi: gt=43 pred=43 ✅  | spn: gt=G2 pred=F#2 ❌  | doremi: gt=sol pred=sol# ❌  | hz: gt=97.9989 pred=435.0 ❌
    [ 364/490] oboe        reverb_long   G2  | midi: gt=43 pred=48 ❌  | spn: gt=G2 pred=C2 ❌  | doremi: gt=sol pred=fa# ❌  | hz: gt=97.9989 pred=130.81 ❌
    [ 365/490] trombone    reverb_long   G2  | midi: gt=43 pred=48 ❌  | spn: gt=G2 pred=C4 ❌  | doremi: gt=sol pred=sol ✅  | hz: gt=97.9989 pred=1054.72 ❌
    [ 366/490] synth_pad   reverb_long   C3  | midi: gt=48 pred=64 ❌  | spn: gt=C3 pred=C6 ❌  | doremi: gt=do pred=sol ❌  | hz: gt=130.8128 pred=480.0 ❌
    [ 367/490] piano       reverb_long   C3  | midi: gt=48 pred=64 ❌  | spn: gt=C3 pred=C6 ❌  | doremi: gt=do pred=fa# ❌  | hz: gt=130.8128 pred=493.88 ❌
    [ 368/490] cello       reverb_long   C3  | midi: gt=48 pred=48 ✅  | spn: gt=C3 pred=C2 ❌  | doremi: gt=do pred=sol ❌  | hz: gt=130.8128 pred=48.0 ❌
    [ 369/490] voice       reverb_long   C3  | midi: gt=48 pred=60 ❌  | spn: gt=C3 pred=C6 ❌  | doremi: gt=do pred=sol ❌  | hz: gt=130.8128 pred=480.0 ❌
    [ 370/490] sine        reverb_long   C3  | midi: gt=48 pred=48 ✅  | spn: gt=C3 pred=C2 ❌  | doremi: gt=do pred=sol ❌  | hz: gt=130.8128 pred=107.89 ❌
    [ 371/490] trombone    reverb_long   F#3  | midi: gt=54 pred=54 ✅  | spn: gt=F#3 pred=C4 ❌  | doremi: gt=fa# pred=sol ❌  | hz: gt=184.9972 pred=435.0 ❌
    [ 372/490] oboe        reverb_long   F#3  | midi: gt=54 pred=49 ❌  | spn: gt=F#3 pred=F#3 ✅  | doremi: gt=fa# pred=fa# ✅  | hz: gt=184.9972 pred=480.0 ❌
    [ 373/490] sawtooth    reverb_long   F#3  | midi: gt=54 pred=54 ✅  | spn: gt=F#3 pred=F#6 ❌  | doremi: gt=fa# pred=sol# ❌  | hz: gt=184.9972 pred=480.0 ❌
    [ 374/490] synth_pad   reverb_long   F#3  | midi: gt=54 pred=65 ❌  | spn: gt=F#3 pred=C6 ❌  | doremi: gt=fa# pred=sol ❌  | hz: gt=184.9972 pred=480.0 ❌
    [ 375/490] triangle    reverb_long   F#3  | midi: gt=54 pred=63 ❌  | spn: gt=F#3 pred=C6 ❌  | doremi: gt=fa# pred=fa# ✅  | hz: gt=184.9972 pred=480.0 ❌
    [ 376/490] flute       reverb_long   A#3  | midi: gt=58 pred=58 ✅  | spn: gt=A#3 pred=None ❌  | doremi: gt=la# pred=mi ❌  | hz: gt=233.0819 pred=450.0 ❌
    [ 377/490] triangle    reverb_long   A#3  | midi: gt=58 pred=69 ❌  | spn: gt=A#3 pred=None ❌  | doremi: gt=la# pred=sol ❌  | hz: gt=233.0819 pred=450.0 ❌
    [ 378/490] oboe        reverb_long   A#3  | midi: gt=58 pred=58 ✅  | spn: gt=A#3 pred=None ❌  | doremi: gt=la# pred=sol ❌  | hz: gt=233.0819 pred=450.0 ❌
    [ 379/490] cello       reverb_long   A#3  | midi: gt=58 pred=68 ❌  | spn: gt=A#3 pred=C6 ❌  | doremi: gt=la# pred=fa# ❌  | hz: gt=233.0819 pred=460.0 ❌
    [ 380/490] trombone    reverb_long   A#3  | midi: gt=58 pred=58 ✅  | spn: gt=A#3 pred=C6 ❌  | doremi: gt=la# pred=fa# ❌  | hz: gt=233.0819 pred=450.0 ❌
    [ 381/490] piano       reverb_long   C4  | midi: gt=60 pred=68 ❌  | spn: gt=C4 pred=C6 ❌  | doremi: gt=do pred=sol# ❌  | hz: gt=261.6256 pred=493.88 ❌
    [ 382/490] flute       reverb_long   C4  | midi: gt=60 pred=60 ✅  | spn: gt=C4 pred=C6 ❌  | doremi: gt=do pred=sol ❌  | hz: gt=261.6256 pred=480.0 ❌
    [ 383/490] electric_keyboard  reverb_long   C4  | midi: gt=60 pred=64 ❌  | spn: gt=C4 pred=C6 ❌  | doremi: gt=do pred=fa# ❌  | hz: gt=261.6256 pred=480.0 ❌
    [ 384/490] synth_lead  reverb_long   C4  | midi: gt=60 pred=60 ✅  | spn: gt=C4 pred=C6 ❌  | doremi: gt=do pred=fa# ❌  | hz: gt=261.6256 pred=480.0 ❌
    [ 385/490] organ       reverb_long   C4  | midi: gt=60 pred=60 ✅  | spn: gt=C4 pred=C6 ❌  | doremi: gt=do pred=sol ❌  | hz: gt=261.6256 pred=480.0 ❌
    [ 386/490] cello       reverb_long   E4  | midi: gt=64 pred=64 ✅  | spn: gt=E4 pred=C6 ❌  | doremi: gt=mi pred=sol ❌  | hz: gt=329.6276 pred=435.0 ❌
    [ 387/490] sine        reverb_long   E4  | midi: gt=64 pred=64 ✅  | spn: gt=E4 pred=C6 ❌  | doremi: gt=mi pred=sol ❌  | hz: gt=329.6276 pred=415.38 ❌
    [ 388/490] electric_keyboard  reverb_long   E4  | midi: gt=64 pred=63 ❌  | spn: gt=E4 pred=C6 ❌  | doremi: gt=mi pred=sol# ❌  | hz: gt=329.6276 pred=408.0 ❌
    [ 389/490] clarinet    reverb_long   E4  | midi: gt=64 pred=68 ❌  | spn: gt=E4 pred=C6 ❌  | doremi: gt=mi pred=sol ❌  | hz: gt=329.6276 pred=405.0 ❌
    [ 390/490] violin      reverb_long   E4  | midi: gt=64 pred=64 ✅  | spn: gt=E4 pred=E4 ✅  | doremi: gt=mi pred=sol# ❌  | hz: gt=329.6276 pred=408.0 ❌
    [ 391/490] cello       reverb_long   G4  | midi: gt=67 pred=63 ❌  | spn: gt=G4 pred=C6 ❌  | doremi: gt=sol pred=sol ✅  | hz: gt=391.9954 pred=480.0 ❌
    [ 392/490] flute       reverb_long   G4  | midi: gt=67 pred=67 ✅  | spn: gt=G4 pred=C6 ❌  | doremi: gt=sol pred=sol ✅  | hz: gt=391.9954 pred=480.0 ❌
    [ 393/490] trumpet     reverb_long   G4  | midi: gt=67 pred=67 ✅  | spn: gt=G4 pred=C6 ❌  | doremi: gt=sol pred=sol ✅  | hz: gt=391.9954 pred=6750.0 ❌
    [ 394/490] electric_keyboard  reverb_long   G4  | midi: gt=67 pred=68 ❌  | spn: gt=G4 pred=C6 ❌  | doremi: gt=sol pred=sol ✅  | hz: gt=391.9954 pred=450.0 ❌
    [ 395/490] violin      reverb_long   G4  | midi: gt=67 pred=63 ❌  | spn: gt=G4 pred=C6 ❌  | doremi: gt=sol pred=sol ✅  | hz: gt=391.9954 pred=480.0 ❌
    [ 396/490] triangle    reverb_long   A4  | midi: gt=69 pred=69 ✅  | spn: gt=A4 pred=A6 ❌  | doremi: gt=la pred=sol ❌  | hz: gt=440.0 pred=450.0 ❌
    [ 397/490] violin      reverb_long   A4  | midi: gt=69 pred=69 ✅  | spn: gt=A4 pred=None ❌  | doremi: gt=la pred=sol ❌  | hz: gt=440.0 pred=450.0 ❌
    [ 398/490] sawtooth    reverb_long   A4  | midi: gt=69 pred=69 ✅  | spn: gt=A4 pred=A6 ❌  | doremi: gt=la pred=sol ❌  | hz: gt=440.0 pred=450.0 ❌
    [ 399/490] bass        reverb_long   A4  | midi: gt=69 pred=69 ✅  | spn: gt=A4 pred=C6 ❌  | doremi: gt=la pred=sol ❌  | hz: gt=440.0 pred=460.0 ❌
    [ 400/490] voice       reverb_long   A4  | midi: gt=69 pred=69 ✅  | spn: gt=A4 pred=C6 ❌  | doremi: gt=la pred=sol ❌  | hz: gt=440.0 pred=450.0 ❌
    [ 401/490] guitar      reverb_long   C#5  | midi: gt=73 pred=65 ❌  | spn: gt=C#5 pred=C6 ❌  | doremi: gt=do# pred=fa# ❌  | hz: gt=554.3653 pred=460.0 ❌
    [ 402/490] organ       reverb_long   C#5  | midi: gt=73 pred=68 ❌  | spn: gt=C#5 pred=C6 ❌  | doremi: gt=do# pred=sol# ❌  | hz: gt=554.3653 pred=6120.0 ❌
    [ 403/490] oboe        reverb_long   C#5  | midi: gt=73 pred=68 ❌  | spn: gt=C#5 pred=C6 ❌  | doremi: gt=do# pred=sol ❌  | hz: gt=554.3653 pred=600.0 ❌
    [ 404/490] trombone    reverb_long   C#5  | midi: gt=73 pred=68 ❌  | spn: gt=C#5 pred=C6 ❌  | doremi: gt=do# pred=sol ❌  | hz: gt=554.3653 pred=450.0 ❌
    [ 405/490] cello       reverb_long   C#5  | midi: gt=73 pred=65 ❌  | spn: gt=C#5 pred=C6 ❌  | doremi: gt=do# pred=sol# ❌  | hz: gt=554.3653 pred=480.0 ❌
    [ 406/490] flute       reverb_long   E5  | midi: gt=76 pred=64 ❌  | spn: gt=E5 pred=C6 ❌  | doremi: gt=mi pred=sol ❌  | hz: gt=659.2551 pred=640.0 ❌
    [ 407/490] voice       reverb_long   E5  | midi: gt=76 pred=64 ❌  | spn: gt=E5 pred=C6 ❌  | doremi: gt=mi pred=sol# ❌  | hz: gt=659.2551 pred=640.0 ❌
    [ 408/490] sine        reverb_long   E5  | midi: gt=76 pred=68 ❌  | spn: gt=E5 pred=C6 ❌  | doremi: gt=mi pred=sol ❌  | hz: gt=659.2551 pred=1050.0 ❌
    [ 409/490] guitar      reverb_long   E5  | midi: gt=76 pred=63 ❌  | spn: gt=E5 pred=C6 ❌  | doremi: gt=mi pred=sol ❌  | hz: gt=659.2551 pred=460.0 ❌
    [ 410/490] bass        reverb_long   E5  | midi: gt=76 pred=68 ❌  | spn: gt=E5 pred=C6 ❌  | doremi: gt=mi pred=sol ❌  | hz: gt=659.2551 pred=1046.57 ❌
    [ 411/490] clarinet    reverb_long   G5  | midi: gt=79 pred=68 ❌  | spn: gt=G5 pred=C6 ❌  | doremi: gt=sol pred=sol ✅  | hz: gt=783.9909 pred=659.3 ❌
    [ 412/490] trumpet     reverb_long   G5  | midi: gt=79 pred=69 ❌  | spn: gt=G5 pred=C6 ❌  | doremi: gt=sol pred=sol ✅  | hz: gt=783.9909 pred=6750.0 ❌
    [ 413/490] square      reverb_long   G5  | midi: gt=79 pred=69 ❌  | spn: gt=G5 pred=A6 ❌  | doremi: gt=sol pred=sol# ❌  | hz: gt=783.9909 pred=450.0 ❌
    [ 414/490] synth_pad   reverb_long   G5  | midi: gt=79 pred=69 ❌  | spn: gt=G5 pred=C6 ❌  | doremi: gt=sol pred=sol ✅  | hz: gt=783.9909 pred=1034.52 ❌
    [ 415/490] electric_keyboard  reverb_long   G5  | midi: gt=79 pred=67 ❌  | spn: gt=G5 pred=C6 ❌  | doremi: gt=sol pred=sol ✅  | hz: gt=783.9909 pred=793.68 ❌
    [ 416/490] synth_lead  reverb_long   E6  | midi: gt=88 pred=83 ❌  | spn: gt=E6 pred=C6 ❌  | doremi: gt=mi pred=sol# ❌  | hz: gt=1318.5102 pred=1200.0 ❌
    [ 417/490] violin      reverb_long   E6  | midi: gt=88 pred=86 ❌  | spn: gt=E6 pred=B6 ❌  | doremi: gt=mi pred=sol ❌  | hz: gt=1318.5102 pred=890.63 ❌
    [ 418/490] clarinet    reverb_long   E6  | midi: gt=88 pred=83 ❌  | spn: gt=E6 pred=C6 ❌  | doremi: gt=mi pred=sol# ❌  | hz: gt=1318.5102 pred=1034.52 ❌
    [ 419/490] sine        reverb_long   E6  | midi: gt=88 pred=86 ❌  | spn: gt=E6 pred=C6 ❌  | doremi: gt=mi pred=sol ❌  | hz: gt=1318.5102 pred=4035.96 ❌
    [ 420/490] sawtooth    reverb_long   E6  | midi: gt=88 pred=65 ❌  | spn: gt=E6 pred=F#6 ❌  | doremi: gt=mi pred=sol# ❌  | hz: gt=1318.5102 pred=480.0 ❌
    [ 421/490] trumpet     distortion_heavy  F#1  | midi: gt=30 pred=43 ❌  | spn: gt=F#1 pred=A#2 ❌  | doremi: gt=fa# pred=fa# ✅  | hz: gt=46.2493 pred=105.26 ❌
    [ 422/490] electric_keyboard  distortion_heavy  F#1  | midi: gt=30 pred=43 ❌  | spn: gt=F#1 pred=C6 ❌  | doremi: gt=fa# pred=fa# ✅  | hz: gt=46.2493 pred=480.0 ❌
    [ 423/490] voice       distortion_heavy  F#1  | midi: gt=30 pred=63 ❌  | spn: gt=F#1 pred=C6 ❌  | doremi: gt=fa# pred=fa# ✅  | hz: gt=46.2493 pred=1050.0 ❌
    [ 424/490] sawtooth    distortion_heavy  F#1  | midi: gt=30 pred=35 ❌  | spn: gt=F#1 pred=A2 ❌  | doremi: gt=fa# pred=fa# ✅  | hz: gt=46.2493 pred=105.26 ❌
    [ 425/490] bass        distortion_heavy  F#1  | midi: gt=30 pred=34 ❌  | spn: gt=F#1 pred=A2 ❌  | doremi: gt=fa# pred=fa# ✅  | hz: gt=46.2493 pred=435.0 ❌
    [ 426/490] cello       distortion_heavy  C2  | midi: gt=36 pred=48 ❌  | spn: gt=C2 pred=C6 ❌  | doremi: gt=do pred=fa# ❌  | hz: gt=65.4064 pred=166.67 ❌
    [ 427/490] oboe        distortion_heavy  C2  | midi: gt=36 pred=43 ❌  | spn: gt=C2 pred=C4 ❌  | doremi: gt=do pred=sol ❌  | hz: gt=65.4064 pred=480.0 ❌
    [ 428/490] clarinet    distortion_heavy  C2  | midi: gt=36 pred=45 ❌  | spn: gt=C2 pred=C6 ❌  | doremi: gt=do pred=sol ❌  | hz: gt=65.4064 pred=1054.72 ❌
    [ 429/490] voice       distortion_heavy  C2  | midi: gt=36 pred=64 ❌  | spn: gt=C2 pred=C6 ❌  | doremi: gt=do pred=fa# ❌  | hz: gt=65.4064 pred=415.38 ❌
    [ 430/490] trombone    distortion_heavy  C2  | midi: gt=36 pred=48 ❌  | spn: gt=C2 pred=C6 ❌  | doremi: gt=do pred=sol ❌  | hz: gt=65.4064 pred=415.38 ❌
    [ 431/490] synth_lead  distortion_heavy  G2  | midi: gt=43 pred=65 ❌  | spn: gt=G2 pred=C6 ❌  | doremi: gt=sol pred=fa# ❌  | hz: gt=97.9989 pred=480.0 ❌
    [ 432/490] triangle    distortion_heavy  G2  | midi: gt=43 pred=43 ✅  | spn: gt=G2 pred=C6 ❌  | doremi: gt=sol pred=sol ✅  | hz: gt=97.9989 pred=435.0 ❌
    [ 433/490] violin      distortion_heavy  G2  | midi: gt=43 pred=43 ✅  | spn: gt=G2 pred=C6 ❌  | doremi: gt=sol pred=fa# ❌  | hz: gt=97.9989 pred=166.67 ❌
    [ 434/490] guitar      distortion_heavy  G2  | midi: gt=43 pred=43 ✅  | spn: gt=G2 pred=G6 ❌  | doremi: gt=sol pred=sol ✅  | hz: gt=97.9989 pred=480.0 ❌
    [ 435/490] piano       distortion_heavy  G2  | midi: gt=43 pred=65 ❌  | spn: gt=G2 pred=C6 ❌  | doremi: gt=sol pred=fa# ❌  | hz: gt=97.9989 pred=1052.63 ❌
    [ 436/490] sawtooth    distortion_heavy  C3  | midi: gt=48 pred=48 ✅  | spn: gt=C3 pred=C6 ❌  | doremi: gt=do pred=sol ❌  | hz: gt=130.8128 pred=480.0 ❌
    [ 437/490] cello       distortion_heavy  C3  | midi: gt=48 pred=64 ❌  | spn: gt=C3 pred=C6 ❌  | doremi: gt=do pred=sol ❌  | hz: gt=130.8128 pred=435.0 ❌
    [ 438/490] sine        distortion_heavy  C3  | midi: gt=48 pred=48 ✅  | spn: gt=C3 pred=C6 ❌  | doremi: gt=do pred=sol ❌  | hz: gt=130.8128 pred=450.0 ❌
    [ 439/490] guitar      distortion_heavy  C3  | midi: gt=48 pred=63 ❌  | spn: gt=C3 pred=C6 ❌  | doremi: gt=do pred=sol ❌  | hz: gt=130.8128 pred=480.0 ❌
    [ 440/490] electric_keyboard  distortion_heavy  C3  | midi: gt=48 pred=64 ❌  | spn: gt=C3 pred=C6 ❌  | doremi: gt=do pred=fa# ❌  | hz: gt=130.8128 pred=480.0 ❌
    [ 441/490] cello       distortion_heavy  F#3  | midi: gt=54 pred=54 ✅  | spn: gt=F#3 pred=F#4 ❌  | doremi: gt=fa# pred=sol# ❌  | hz: gt=184.9972 pred=435.0 ❌
    [ 442/490] square      distortion_heavy  F#3  | midi: gt=54 pred=65 ❌  | spn: gt=F#3 pred=F#2 ❌  | doremi: gt=fa# pred=sol ❌  | hz: gt=184.9972 pred=450.0 ❌
    [ 443/490] clarinet    distortion_heavy  F#3  | midi: gt=54 pred=65 ❌  | spn: gt=F#3 pred=C6 ❌  | doremi: gt=fa# pred=sol# ❌  | hz: gt=184.9972 pred=415.38 ❌
    [ 444/490] synth_lead  distortion_heavy  F#3  | midi: gt=54 pred=65 ❌  | spn: gt=F#3 pred=C6 ❌  | doremi: gt=fa# pred=fa# ✅  | hz: gt=184.9972 pred=1058.43 ❌
    [ 445/490] bass        distortion_heavy  F#3  | midi: gt=54 pred=53 ❌  | spn: gt=F#3 pred=F#2 ❌  | doremi: gt=fa# pred=sol ❌  | hz: gt=184.9972 pred=450.0 ❌
    [ 446/490] triangle    distortion_heavy  A#3  | midi: gt=58 pred=69 ❌  | spn: gt=A#3 pred=A6 ❌  | doremi: gt=la# pred=sol ❌  | hz: gt=233.0819 pred=450.0 ❌
    [ 447/490] trombone    distortion_heavy  A#3  | midi: gt=58 pred=58 ✅  | spn: gt=A#3 pred=A4 ❌  | doremi: gt=la# pred=sol# ❌  | hz: gt=233.0819 pred=450.0 ❌
    [ 448/490] synth_lead  distortion_heavy  A#3  | midi: gt=58 pred=64 ❌  | spn: gt=A#3 pred=C6 ❌  | doremi: gt=la# pred=fa# ❌  | hz: gt=233.0819 pred=1058.47 ❌
    [ 449/490] synth_pad   distortion_heavy  A#3  | midi: gt=58 pred=65 ❌  | spn: gt=A#3 pred=C6 ❌  | doremi: gt=la# pred=fa# ❌  | hz: gt=233.0819 pred=1052.63 ❌
    [ 450/490] clarinet    distortion_heavy  A#3  | midi: gt=58 pred=69 ❌  | spn: gt=A#3 pred=A#6 ❌  | doremi: gt=la# pred=sol# ❌  | hz: gt=233.0819 pred=460.0 ❌
    [ 451/490] cello       distortion_heavy  C4  | midi: gt=60 pred=69 ❌  | spn: gt=C4 pred=C6 ❌  | doremi: gt=do pred=sol ❌  | hz: gt=261.6256 pred=480.0 ❌
    [ 452/490] clarinet    distortion_heavy  C4  | midi: gt=60 pred=64 ❌  | spn: gt=C4 pred=C6 ❌  | doremi: gt=do pred=sol# ❌  | hz: gt=261.6256 pred=480.0 ❌
    [ 453/490] violin      distortion_heavy  C4  | midi: gt=60 pred=64 ❌  | spn: gt=C4 pred=C6 ❌  | doremi: gt=do pred=sol# ❌  | hz: gt=261.6256 pred=1046.53 ❌
    [ 454/490] trombone    distortion_heavy  C4  | midi: gt=60 pred=69 ❌  | spn: gt=C4 pred=A#6 ❌  | doremi: gt=do pred=sol ❌  | hz: gt=261.6256 pred=408.0 ❌
    [ 455/490] trumpet     distortion_heavy  C4  | midi: gt=60 pred=64 ❌  | spn: gt=C4 pred=C6 ❌  | doremi: gt=do pred=sol ❌  | hz: gt=261.6256 pred=480.0 ❌
    [ 456/490] piano       distortion_heavy  E4  | midi: gt=64 pred=64 ✅  | spn: gt=E4 pred=C6 ❌  | doremi: gt=mi pred=fa# ❌  | hz: gt=329.6276 pred=480.0 ❌
    [ 457/490] guitar      distortion_heavy  E4  | midi: gt=64 pred=63 ❌  | spn: gt=E4 pred=C6 ❌  | doremi: gt=mi pred=fa# ❌  | hz: gt=329.6276 pred=493.88 ❌
    [ 458/490] cello       distortion_heavy  E4  | midi: gt=64 pred=69 ❌  | spn: gt=E4 pred=E4 ✅  | doremi: gt=mi pred=sol ❌  | hz: gt=329.6276 pred=408.0 ❌
    [ 459/490] violin      distortion_heavy  E4  | midi: gt=64 pred=69 ❌  | spn: gt=E4 pred=C6 ❌  | doremi: gt=mi pred=sol# ❌  | hz: gt=329.6276 pred=408.0 ❌
    [ 460/490] clarinet    distortion_heavy  E4  | midi: gt=64 pred=64 ✅  | spn: gt=E4 pred=D6 ❌  | doremi: gt=mi pred=sol# ❌  | hz: gt=329.6276 pred=405.0 ❌
    [ 461/490] electric_keyboard  distortion_heavy  G4  | midi: gt=67 pred=68 ❌  | spn: gt=G4 pred=G6 ❌  | doremi: gt=sol pred=sol ✅  | hz: gt=391.9954 pred=493.88 ❌
    [ 462/490] trombone    distortion_heavy  G4  | midi: gt=67 pred=69 ❌  | spn: gt=G4 pred=A4 ❌  | doremi: gt=sol pred=sol ✅  | hz: gt=391.9954 pred=408.0 ❌
    [ 463/490] violin      distortion_heavy  G4  | midi: gt=67 pred=69 ❌  | spn: gt=G4 pred=C6 ❌  | doremi: gt=sol pred=sol ✅  | hz: gt=391.9954 pred=480.0 ❌
    [ 464/490] sine        distortion_heavy  G4  | midi: gt=67 pred=68 ❌  | spn: gt=G4 pred=C6 ❌  | doremi: gt=sol pred=sol ✅  | hz: gt=391.9954 pred=480.0 ❌
    [ 465/490] piano       distortion_heavy  G4  | midi: gt=67 pred=68 ❌  | spn: gt=G4 pred=C6 ❌  | doremi: gt=sol pred=sol ✅  | hz: gt=391.9954 pred=480.0 ❌
    [ 466/490] trombone    distortion_heavy  A4  | midi: gt=69 pred=69 ✅  | spn: gt=A4 pred=A4 ✅  | doremi: gt=la pred=sol ❌  | hz: gt=440.0 pred=450.0 ❌
    [ 467/490] guitar      distortion_heavy  A4  | midi: gt=69 pred=69 ✅  | spn: gt=A4 pred=A#4 ❌  | doremi: gt=la pred=sol ❌  | hz: gt=440.0 pred=493.88 ❌
    [ 468/490] cello       distortion_heavy  A4  | midi: gt=69 pred=69 ✅  | spn: gt=A4 pred=A7 ❌  | doremi: gt=la pred=sol ❌  | hz: gt=440.0 pred=1046.53 ❌
    [ 469/490] clarinet    distortion_heavy  A4  | midi: gt=69 pred=69 ✅  | spn: gt=A4 pred=A7 ❌  | doremi: gt=la pred=sol ❌  | hz: gt=440.0 pred=450.0 ❌
    [ 470/490] flute       distortion_heavy  A4  | midi: gt=69 pred=69 ✅  | spn: gt=A4 pred=A4 ✅  | doremi: gt=la pred=sol ❌  | hz: gt=440.0 pred=450.0 ❌
    [ 471/490] organ       distortion_heavy  C#5  | midi: gt=73 pred=65 ❌  | spn: gt=C#5 pred=C6 ❌  | doremi: gt=do# pred=sol# ❌  | hz: gt=554.3653 pred=480.0 ❌
    [ 472/490] voice       distortion_heavy  C#5  | midi: gt=73 pred=69 ❌  | spn: gt=C#5 pred=C6 ❌  | doremi: gt=do# pred=sol# ❌  | hz: gt=554.3653 pred=1046.57 ❌
    [ 473/490] guitar      distortion_heavy  C#5  | midi: gt=73 pred=68 ❌  | spn: gt=C#5 pred=C6 ❌  | doremi: gt=do# pred=sol ❌  | hz: gt=554.3653 pred=480.0 ❌
    [ 474/490] bass        distortion_heavy  C#5  | midi: gt=73 pred=68 ❌  | spn: gt=C#5 pred=C6 ❌  | doremi: gt=do# pred=sol# ❌  | hz: gt=554.3653 pred=493.88 ❌
    [ 475/490] violin      distortion_heavy  C#5  | midi: gt=73 pred=69 ❌  | spn: gt=C#5 pred=C6 ❌  | doremi: gt=do# pred=sol# ❌  | hz: gt=554.3653 pred=480.0 ❌
    [ 476/490] electric_keyboard  distortion_heavy  E5  | midi: gt=76 pred=69 ❌  | spn: gt=E5 pred=C6 ❌  | doremi: gt=mi pred=sol# ❌  | hz: gt=659.2551 pred=701.45 ❌
    [ 477/490] square      distortion_heavy  E5  | midi: gt=76 pred=69 ❌  | spn: gt=E5 pred=A6 ❌  | doremi: gt=mi pred=sol ❌  | hz: gt=659.2551 pred=1046.53 ❌
    [ 478/490] trombone    distortion_heavy  E5  | midi: gt=76 pred=69 ❌  | spn: gt=E5 pred=A7 ❌  | doremi: gt=mi pred=sol ❌  | hz: gt=659.2551 pred=408.0 ❌
    [ 479/490] clarinet    distortion_heavy  E5  | midi: gt=76 pred=69 ❌  | spn: gt=E5 pred=A#6 ❌  | doremi: gt=mi pred=sol# ❌  | hz: gt=659.2551 pred=408.0 ❌
    [ 480/490] sawtooth    distortion_heavy  E5  | midi: gt=76 pred=65 ❌  | spn: gt=E5 pred=F#6 ❌  | doremi: gt=mi pred=sol ❌  | hz: gt=659.2551 pred=1046.53 ❌
    [ 481/490] flute       distortion_heavy  G5  | midi: gt=79 pred=69 ❌  | spn: gt=G5 pred=C6 ❌  | doremi: gt=sol pred=sol ✅  | hz: gt=783.9909 pred=480.0 ❌
    [ 482/490] trombone    distortion_heavy  G5  | midi: gt=79 pred=69 ❌  | spn: gt=G5 pred=A7 ❌  | doremi: gt=sol pred=sol ✅  | hz: gt=783.9909 pred=493.88 ❌
    [ 483/490] voice       distortion_heavy  G5  | midi: gt=79 pred=69 ❌  | spn: gt=G5 pred=C6 ❌  | doremi: gt=sol pred=sol# ❌  | hz: gt=783.9909 pred=1046.57 ❌
    [ 484/490] guitar      distortion_heavy  G5  | midi: gt=79 pred=68 ❌  | spn: gt=G5 pred=F#6 ❌  | doremi: gt=sol pred=sol# ❌  | hz: gt=783.9909 pred=493.88 ❌
    [ 485/490] square      distortion_heavy  G5  | midi: gt=79 pred=69 ❌  | spn: gt=G5 pred=A7 ❌  | doremi: gt=sol pred=sol# ❌  | hz: gt=783.9909 pred=1860.0 ❌
    [ 486/490] sine        distortion_heavy  E6  | midi: gt=88 pred=68 ❌  | spn: gt=E6 pred=C6 ❌  | doremi: gt=mi pred=sol ❌  | hz: gt=1318.5102 pred=1050.0 ❌
    [ 487/490] sawtooth    distortion_heavy  E6  | midi: gt=88 pred=65 ❌  | spn: gt=E6 pred=F#6 ❌  | doremi: gt=mi pred=sol# ❌  | hz: gt=1318.5102 pred=1046.53 ❌
    [ 488/490] flute       distortion_heavy  E6  | midi: gt=88 pred=83 ❌  | spn: gt=E6 pred=C6 ❌  | doremi: gt=mi pred=sol# ❌  | hz: gt=1318.5102 pred=None ❌
    [ 489/490] bass        distortion_heavy  E6  | midi: gt=88 pred=83 ❌  | spn: gt=E6 pred=C6 ❌  | doremi: gt=mi pred=sol ❌  | hz: gt=1318.5102 pred=450.0 ❌
    [ 490/490] trombone    distortion_heavy  E6  | midi: gt=88 pred=86 ❌  | spn: gt=E6 pred=A#6 ❌  | doremi: gt=mi pred=sol# ❌  | hz: gt=1318.5102 pred=8105.0 ❌

============================================================
SUMMARY — audio_flamingo_next_instruct
  Sampling     : 490 of 1862 (stratified by '(effect_type, midi)', seed=42)
  Stimuli (total)     : 490
  Stimuli (condition) : 490  (all records)

  Format   Accuracy
  ──────────────────
    MIDI      26.7%
     SPN       7.1%
  DOREMI      22.7%
      HZ       0.2%
     ANY      48.0%

  *** WARNING: working tree has uncommitted changes — results will NOT be exactly reproducible from git_commit alone ***


Results saved → results/run_20260505_071452/pitchbench_e2_audio_effects/run_001_20260505_080714/results_audio_flamingo_next_instruct.*

############################################################
# pitchbench_e3_background_effects
############################################################

Experiment : pitchbench_e3_background_effects
Models     : audio_flamingo_next_instruct
Stimuli    : 100
  Sampling     : 100 of 5320 (stratified by '(background, snr_db)', seed=42)

  Model : Audio Flamingo Next – instruct
    [dispatch] 100 items, max_workers=1
    [   1/100] C2   piano    bg= church-bells snr=   -6dB  | midi: gt=36 pred=65 ❌  | spn: gt=C2 pred=C6 ❌  | doremi: gt=do pred=sol ❌  | hz: gt=65.4064 pred=415.38 ❌
    [   2/100] G5   sine     bg= church-bells snr=   -6dB  | midi: gt=79 pred=65 ❌  | spn: gt=G5 pred=C6 ❌  | doremi: gt=sol pred=sol ✅  | hz: gt=783.9909 pred=1050.0 ❌
    [   3/100] F#1  clarinet bg= church-bells snr=   -6dB  | midi: gt=30 pred=64 ❌  | spn: gt=F#1 pred=C6 ❌  | doremi: gt=fa# pred=sol ❌  | hz: gt=46.2493 pred=405.0 ❌
    [   4/100] E6   trumpet  bg= church-bells snr=   -6dB  | midi: gt=88 pred=64 ❌  | spn: gt=E6 pred=C6 ❌  | doremi: gt=mi pred=sol ❌  | hz: gt=1318.5102 pred=415.3 ❌
    [   5/100] G2   trumpet  bg= church-bells snr=   -6dB  | midi: gt=43 pred=65 ❌  | spn: gt=G2 pred=C6 ❌  | doremi: gt=sol pred=fa# ❌  | hz: gt=97.9989 pred=1050.0 ❌
    [   6/100] C2   electric_keyboard bg= church-bells snr=   +0dB  | midi: gt=36 pred=65 ❌  | spn: gt=C2 pred=C6 ❌  | doremi: gt=do pred=fa# ❌  | hz: gt=65.4064 pred=1050.0 ❌
    [   7/100] C#5  triangle bg= church-bells snr=   +0dB  | midi: gt=73 pred=65 ❌  | spn: gt=C#5 pred=C6 ❌  | doremi: gt=do# pred=fa# ❌  | hz: gt=554.3653 pred=415.0 ❌
    [   8/100] G2   triangle bg= church-bells snr=   +0dB  | midi: gt=43 pred=64 ❌  | spn: gt=G2 pred=C6 ❌  | doremi: gt=sol pred=sol ✅  | hz: gt=97.9989 pred=415.0 ❌
    [   9/100] C4   bass     bg= church-bells snr=   +0dB  | midi: gt=60 pred=65 ❌  | spn: gt=C4 pred=C6 ❌  | doremi: gt=do pred=sol ❌  | hz: gt=261.6256 pred=450.0 ❌
    [  10/100] G2   sawtooth bg= church-bells snr=   +0dB  | midi: gt=43 pred=64 ❌  | spn: gt=G2 pred=C6 ❌  | doremi: gt=sol pred=fa# ❌  | hz: gt=97.9989 pred=480.0 ❌
    [  11/100] C2   sawtooth bg= church-bells snr=  +20dB  | midi: gt=36 pred=35 ❌  | spn: gt=C2 pred=A#2 ❌  | doremi: gt=do pred=fa# ❌  | hz: gt=65.4064 pred=1058.43 ❌
    [  12/100] A#3  triangle bg= church-bells snr=  +20dB  | midi: gt=58 pred=65 ❌  | spn: gt=A#3 pred=A#6 ❌  | doremi: gt=la# pred=fa# ❌  | hz: gt=233.0819 pred=105.26 ❌
    [  13/100] E6   flute    bg= church-bells snr=  +20dB  | midi: gt=88 pred=69 ❌  | spn: gt=E6 pred=C6 ❌  | doremi: gt=mi pred=fa# ❌  | hz: gt=1318.5102 pred=450.0 ❌
    [  14/100] E4   trumpet  bg= church-bells snr=  +20dB  | midi: gt=64 pred=69 ❌  | spn: gt=E4 pred=C6 ❌  | doremi: gt=mi pred=sol ❌  | hz: gt=329.6276 pred=450.0 ❌
    [  15/100] C4   voice    bg= church-bells snr=  +20dB  | midi: gt=60 pred=69 ❌  | spn: gt=C4 pred=C6 ❌  | doremi: gt=do pred=sol ❌  | hz: gt=261.6256 pred=480.0 ❌
    [  16/100] E6   sine     bg= church-bells snr=  +30dB  | midi: gt=88 pred=64 ❌  | spn: gt=E6 pred=C6 ❌  | doremi: gt=mi pred=fa# ❌  | hz: gt=1318.5102 pred=415.3 ❌
    [  17/100] C3   flute    bg= church-bells snr=  +30dB  | midi: gt=48 pred=48 ✅  | spn: gt=C3 pred=C2 ❌  | doremi: gt=do pred=sol ❌  | hz: gt=130.8128 pred=480.0 ❌
    [  18/100] F#3  bass     bg= church-bells snr=  +30dB  | midi: gt=54 pred=53 ❌  | spn: gt=F#3 pred=C6 ❌  | doremi: gt=fa# pred=sol ❌  | hz: gt=184.9972 pred=450.0 ❌
    [  19/100] F#1  trumpet  bg= church-bells snr=  +30dB  | midi: gt=30 pred=34 ❌  | spn: gt=F#1 pred=A#2 ❌  | doremi: gt=fa# pred=mi ❌  | hz: gt=46.2493 pred=32.0 ❌
    [  20/100] A#3  synth_lead bg= church-bells snr=  +30dB  | midi: gt=58 pred=45 ❌  | spn: gt=A#3 pred=A#6 ❌  | doremi: gt=la# pred=fa# ❌  | hz: gt=233.0819 pred=450.0 ❌
    [  21/100] G2   clarinet bg=  crowd-noise snr=   -6dB  | midi: gt=43 pred=64 ❌  | spn: gt=G2 pred=C6 ❌  | doremi: gt=sol pred=sol ✅  | hz: gt=97.9989 pred=405.0 ❌
    [  22/100] C3   sine     bg=  crowd-noise snr=   -6dB  | midi: gt=48 pred=64 ❌  | spn: gt=C3 pred=C6 ❌  | doremi: gt=do pred=sol ❌  | hz: gt=130.8128 pred=415.0 ❌
    [  23/100] E5   electric_keyboard bg=  crowd-noise snr=   -6dB  | midi: gt=76 pred=64 ❌  | spn: gt=E5 pred=C6 ❌  | doremi: gt=mi pred=sol ❌  | hz: gt=659.2551 pred=415.0 ❌
    [  24/100] C4   bass     bg=  crowd-noise snr=   -6dB  | midi: gt=60 pred=64 ❌  | spn: gt=C4 pred=C6 ❌  | doremi: gt=do pred=sol ❌  | hz: gt=261.6256 pred=415.306 ❌
    [  25/100] C4   violin   bg=  crowd-noise snr=   -6dB  | midi: gt=60 pred=65 ❌  | spn: gt=C4 pred=C6 ❌  | doremi: gt=do pred=sol ❌  | hz: gt=261.6256 pred=405.0 ❌
    [  26/100] G2   clarinet bg=  crowd-noise snr=   +0dB  | midi: gt=43 pred=64 ❌  | spn: gt=G2 pred=C6 ❌  | doremi: gt=sol pred=sol ✅  | hz: gt=97.9989 pred=1765.0 ❌
    [  27/100] A4   electric_keyboard bg=  crowd-noise snr=   +0dB  | midi: gt=69 pred=64 ❌  | spn: gt=A4 pred=C6 ❌  | doremi: gt=la pred=sol ❌  | hz: gt=440.0 pred=415.306 ❌
    [  28/100] G5   flute    bg=  crowd-noise snr=   +0dB  | midi: gt=79 pred=64 ❌  | spn: gt=G5 pred=C6 ❌  | doremi: gt=sol pred=sol ✅  | hz: gt=783.9909 pred=415.3 ❌
    [  29/100] F#3  violin   bg=  crowd-noise snr=   +0dB  | midi: gt=54 pred=64 ❌  | spn: gt=F#3 pred=C6 ❌  | doremi: gt=fa# pred=sol ❌  | hz: gt=184.9972 pred=415.306 ❌
    [  30/100] C#5  triangle bg=  crowd-noise snr=   +0dB  | midi: gt=73 pred=64 ❌  | spn: gt=C#5 pred=C6 ❌  | doremi: gt=do# pred=sol ❌  | hz: gt=554.3653 pred=1050.0 ❌
    [  31/100] A#3  triangle bg=  crowd-noise snr=  +20dB  | midi: gt=58 pred=64 ❌  | spn: gt=A#3 pred=C6 ❌  | doremi: gt=la# pred=fa# ❌  | hz: gt=233.0819 pred=1050.0 ❌
    [  32/100] G5   cello    bg=  crowd-noise snr=  +20dB  | midi: gt=79 pred=68 ❌  | spn: gt=G5 pred=G6 ❌  | doremi: gt=sol pred=sol ✅  | hz: gt=783.9909 pred=435.0 ❌
    [  33/100] E4   triangle bg=  crowd-noise snr=  +20dB  | midi: gt=64 pred=64 ✅  | spn: gt=E4 pred=C6 ❌  | doremi: gt=mi pred=fa# ❌  | hz: gt=329.6276 pred=1075.0 ❌
    [  34/100] C2   cello    bg=  crowd-noise snr=  +20dB  | midi: gt=36 pred=45 ❌  | spn: gt=C2 pred=C2 ✅  | doremi: gt=do pred=fa# ❌  | hz: gt=65.4064 pred=105.26 ❌
    [  35/100] G4   violin   bg=  crowd-noise snr=  +20dB  | midi: gt=67 pred=63 ❌  | spn: gt=G4 pred=C6 ❌  | doremi: gt=sol pred=sol ✅  | hz: gt=391.9954 pred=435.0 ❌
    [  36/100] A4   trombone bg=  crowd-noise snr=  +30dB  | midi: gt=69 pred=69 ✅  | spn: gt=A4 pred=A4 ✅  | doremi: gt=la pred=sol ❌  | hz: gt=440.0 pred=450.0 ❌
    [  37/100] G4   sawtooth bg=  crowd-noise snr=  +30dB  | midi: gt=67 pred=63 ❌  | spn: gt=G4 pred=F#6 ❌  | doremi: gt=sol pred=sol ✅  | hz: gt=391.9954 pred=450.0 ❌
    [  38/100] E5   synth_lead bg=  crowd-noise snr=  +30dB  | midi: gt=76 pred=68 ❌  | spn: gt=E5 pred=C6 ❌  | doremi: gt=mi pred=sol ❌  | hz: gt=659.2551 pred=415.3 ❌
    [  39/100] E4   piano    bg=  crowd-noise snr=  +30dB  | midi: gt=64 pred=63 ❌  | spn: gt=E4 pred=A#6 ❌  | doremi: gt=mi pred=sol ❌  | hz: gt=329.6276 pred=450.0 ❌
    [  40/100] E5   cello    bg=  crowd-noise snr=  +30dB  | midi: gt=76 pred=68 ❌  | spn: gt=E5 pred=E6 ❌  | doremi: gt=mi pred=sol ❌  | hz: gt=659.2551 pred=64.0 ❌
    [  41/100] G5   square   bg=         rain snr=   -6dB  | midi: gt=79 pred=64 ❌  | spn: gt=G5 pred=C6 ❌  | doremi: gt=sol pred=sol ✅  | hz: gt=783.9909 pred=480.0 ❌
    [  42/100] C#5  clarinet bg=         rain snr=   -6dB  | midi: gt=73 pred=64 ❌  | spn: gt=C#5 pred=C6 ❌  | doremi: gt=do# pred=sol ❌  | hz: gt=554.3653 pred=480.0 ❌
    [  43/100] C3   cello    bg=         rain snr=   -6dB  | midi: gt=48 pred=64 ❌  | spn: gt=C3 pred=C6 ❌  | doremi: gt=do pred=sol ❌  | hz: gt=130.8128 pred=480.0 ❌
    [  44/100] F#1  flute    bg=         rain snr=   -6dB  | midi: gt=30 pred=64 ❌  | spn: gt=F#1 pred=C6 ❌  | doremi: gt=fa# pred=sol ❌  | hz: gt=46.2493 pred=450.0 ❌
    [  45/100] E4   square   bg=         rain snr=   -6dB  | midi: gt=64 pred=64 ✅  | spn: gt=E4 pred=C6 ❌  | doremi: gt=mi pred=sol ❌  | hz: gt=329.6276 pred=480.0 ❌
    [  46/100] A4   sawtooth bg=         rain snr=   +0dB  | midi: gt=69 pred=64 ❌  | spn: gt=A4 pred=C6 ❌  | doremi: gt=la pred=sol ❌  | hz: gt=440.0 pred=415.306 ❌
    [  47/100] F#3  trumpet  bg=         rain snr=   +0dB  | midi: gt=54 pred=64 ❌  | spn: gt=F#3 pred=C6 ❌  | doremi: gt=fa# pred=sol ❌  | hz: gt=184.9972 pred=1050.0 ❌
    [  48/100] G4   clarinet bg=         rain snr=   +0dB  | midi: gt=67 pred=64 ❌  | spn: gt=G4 pred=C6 ❌  | doremi: gt=sol pred=sol ✅  | hz: gt=391.9954 pred=415.306 ❌
    [  49/100] G5   square   bg=         rain snr=   +0dB  | midi: gt=79 pred=64 ❌  | spn: gt=G5 pred=C6 ❌  | doremi: gt=sol pred=sol ✅  | hz: gt=783.9909 pred=480.0 ❌
    [  50/100] E4   trumpet  bg=         rain snr=   +0dB  | midi: gt=64 pred=64 ✅  | spn: gt=E4 pred=C6 ❌  | doremi: gt=mi pred=sol ❌  | hz: gt=329.6276 pred=415.306 ❌
    [  51/100] A4   triangle bg=         rain snr=  +20dB  | midi: gt=69 pred=64 ❌  | spn: gt=A4 pred=C6 ❌  | doremi: gt=la pred=sol ❌  | hz: gt=440.0 pred=1050.0 ❌
    [  52/100] G5   cello    bg=         rain snr=  +20dB  | midi: gt=79 pred=64 ❌  | spn: gt=G5 pred=C6 ❌  | doremi: gt=sol pred=fa# ❌  | hz: gt=783.9909 pred=415.3 ❌
    [  53/100] G2   clarinet bg=         rain snr=  +20dB  | midi: gt=43 pred=64 ❌  | spn: gt=G2 pred=C6 ❌  | doremi: gt=sol pred=fa# ❌  | hz: gt=97.9989 pred=1050.0 ❌
    [  54/100] G4   synth_lead bg=         rain snr=  +20dB  | midi: gt=67 pred=64 ❌  | spn: gt=G4 pred=C6 ❌  | doremi: gt=sol pred=sol ✅  | hz: gt=391.9954 pred=1050.0 ❌
    [  55/100] F#3  cello    bg=         rain snr=  +20dB  | midi: gt=54 pred=64 ❌  | spn: gt=F#3 pred=C6 ❌  | doremi: gt=fa# pred=fa# ✅  | hz: gt=184.9972 pred=1050.0 ❌
    [  56/100] E6   electric_keyboard bg=         rain snr=  +30dB  | midi: gt=88 pred=69 ❌  | spn: gt=E6 pred=C6 ❌  | doremi: gt=mi pred=sol ❌  | hz: gt=1318.5102 pred=415.306 ❌
    [  57/100] E4   cello    bg=         rain snr=  +30dB  | midi: gt=64 pred=64 ✅  | spn: gt=E4 pred=C6 ❌  | doremi: gt=mi pred=fa# ❌  | hz: gt=329.6276 pred=450.0 ❌
    [  58/100] E6   violin   bg=         rain snr=  +30dB  | midi: gt=88 pred=69 ❌  | spn: gt=E6 pred=C6 ❌  | doremi: gt=mi pred=sol# ❌  | hz: gt=1318.5102 pred=1046.53 ❌
    [  59/100] A4   flute    bg=         rain snr=  +30dB  | midi: gt=69 pred=64 ❌  | spn: gt=A4 pred=C6 ❌  | doremi: gt=la pred=fa# ❌  | hz: gt=440.0 pred=450.0 ❌
    [  60/100] C#5  trombone bg=         rain snr=  +30dB  | midi: gt=73 pred=64 ❌  | spn: gt=C#5 pred=C6 ❌  | doremi: gt=do# pred=sol ❌  | hz: gt=554.3653 pred=415.3 ❌
    [  61/100] G4   square   bg= street-noise snr=   -6dB  | midi: gt=67 pred=64 ❌  | spn: gt=G4 pred=C6 ❌  | doremi: gt=sol pred=sol ✅  | hz: gt=391.9954 pred=405.0 ❌
    [  62/100] C3   guitar   bg= street-noise snr=   -6dB  | midi: gt=48 pred=64 ❌  | spn: gt=C3 pred=C4 ❌  | doremi: gt=do pred=sol ❌  | hz: gt=130.8128 pred=415.0 ❌
    [  63/100] E6   trumpet  bg= street-noise snr=   -6dB  | midi: gt=88 pred=64 ❌  | spn: gt=E6 pred=C6 ❌  | doremi: gt=mi pred=sol ❌  | hz: gt=1318.5102 pred=415.306 ❌
    [  64/100] E6   electric_keyboard bg= street-noise snr=   -6dB  | midi: gt=88 pred=64 ❌  | spn: gt=E6 pred=C6 ❌  | doremi: gt=mi pred=sol ❌  | hz: gt=1318.5102 pred=415.306 ❌
    [  65/100] G5   synth_lead bg= street-noise snr=   -6dB  | midi: gt=79 pred=64 ❌  | spn: gt=G5 pred=C6 ❌  | doremi: gt=sol pred=sol ✅  | hz: gt=783.9909 pred=415.306 ❌
    [  66/100] G5   cello    bg= street-noise snr=   +0dB  | midi: gt=79 pred=64 ❌  | spn: gt=G5 pred=C6 ❌  | doremi: gt=sol pred=sol ✅  | hz: gt=783.9909 pred=415.32 ❌
    [  67/100] G5   trombone bg= street-noise snr=   +0dB  | midi: gt=79 pred=64 ❌  | spn: gt=G5 pred=C6 ❌  | doremi: gt=sol pred=sol ✅  | hz: gt=783.9909 pred=415.32 ❌
    [  68/100] F#1  trumpet  bg= street-noise snr=   +0dB  | midi: gt=30 pred=64 ❌  | spn: gt=F#1 pred=C6 ❌  | doremi: gt=fa# pred=sol ❌  | hz: gt=46.2493 pred=17650.0 ❌
    [  69/100] G5   oboe     bg= street-noise snr=   +0dB  | midi: gt=79 pred=64 ❌  | spn: gt=G5 pred=C6 ❌  | doremi: gt=sol pred=sol ✅  | hz: gt=783.9909 pred=415.0 ❌
    [  70/100] F#1  square   bg= street-noise snr=   +0dB  | midi: gt=30 pred=64 ❌  | spn: gt=F#1 pred=C6 ❌  | doremi: gt=fa# pred=sol ❌  | hz: gt=46.2493 pred=415.0 ❌
    [  71/100] A#3  trumpet  bg= street-noise snr=  +20dB  | midi: gt=58 pred=64 ❌  | spn: gt=A#3 pred=C6 ❌  | doremi: gt=la# pred=sol ❌  | hz: gt=233.0819 pred=415.3 ❌
    [  72/100] G2   sawtooth bg= street-noise snr=  +20dB  | midi: gt=43 pred=43 ✅  | spn: gt=G2 pred=F#2 ❌  | doremi: gt=sol pred=sol ✅  | hz: gt=97.9989 pred=450.0 ❌
    [  73/100] E4   oboe     bg= street-noise snr=  +20dB  | midi: gt=64 pred=64 ✅  | spn: gt=E4 pred=C6 ❌  | doremi: gt=mi pred=sol ❌  | hz: gt=329.6276 pred=415.32 ❌
    [  74/100] A4   organ    bg= street-noise snr=  +20dB  | midi: gt=69 pred=69 ✅  | spn: gt=A4 pred=C6 ❌  | doremi: gt=la pred=sol ❌  | hz: gt=440.0 pred=415.3 ❌
    [  75/100] E5   trombone bg= street-noise snr=  +20dB  | midi: gt=76 pred=69 ❌  | spn: gt=E5 pred=C6 ❌  | doremi: gt=mi pred=sol ❌  | hz: gt=659.2551 pred=415.306 ❌
    [  76/100] A#3  square   bg= street-noise snr=  +30dB  | midi: gt=58 pred=58 ✅  | spn: gt=A#3 pred=A6 ❌  | doremi: gt=la# pred=sol ❌  | hz: gt=233.0819 pred=1058.43 ❌
    [  77/100] C#5  flute    bg= street-noise snr=  +30dB  | midi: gt=73 pred=68 ❌  | spn: gt=C#5 pred=C6 ❌  | doremi: gt=do# pred=fa# ❌  | hz: gt=554.3653 pred=460.0 ❌
    [  78/100] E4   oboe     bg= street-noise snr=  +30dB  | midi: gt=64 pred=64 ✅  | spn: gt=E4 pred=C6 ❌  | doremi: gt=mi pred=sol ❌  | hz: gt=329.6276 pred=450.0 ❌
    [  79/100] C3   voice    bg= street-noise snr=  +30dB  | midi: gt=48 pred=65 ❌  | spn: gt=C3 pred=C4 ❌  | doremi: gt=do pred=sol ❌  | hz: gt=130.8128 pred=480.0 ❌
    [  80/100] C4   organ    bg= street-noise snr=  +30dB  | midi: gt=60 pred=68 ❌  | spn: gt=C4 pred=C6 ❌  | doremi: gt=do pred=sol ❌  | hz: gt=261.6256 pred=480.0 ❌
    [  81/100] C#5  synth_lead bg=  white_noise snr=   -6dB  | midi: gt=73 pred=64 ❌  | spn: gt=C#5 pred=C6 ❌  | doremi: gt=do# pred=fa# ❌  | hz: gt=554.3653 pred=1050.0 ❌
    [  82/100] C3   electric_keyboard bg=  white_noise snr=   -6dB  | midi: gt=48 pred=64 ❌  | spn: gt=C3 pred=C6 ❌  | doremi: gt=do pred=fa# ❌  | hz: gt=130.8128 pred=1050.0 ❌
    [  83/100] A4   trombone bg=  white_noise snr=   -6dB  | midi: gt=69 pred=64 ❌  | spn: gt=A4 pred=C6 ❌  | doremi: gt=la pred=fa# ❌  | hz: gt=440.0 pred=1050.0 ❌
    [  84/100] C2   electric_keyboard bg=  white_noise snr=   -6dB  | midi: gt=36 pred=64 ❌  | spn: gt=C2 pred=C6 ❌  | doremi: gt=do pred=fa# ❌  | hz: gt=65.4064 pred=1050.0 ❌
    [  85/100] F#1  trombone bg=  white_noise snr=   -6dB  | midi: gt=30 pred=64 ❌  | spn: gt=F#1 pred=C6 ❌  | doremi: gt=fa# pred=fa# ✅  | hz: gt=46.2493 pred=1050.0 ❌
    [  86/100] G4   trombone bg=  white_noise snr=   +0dB  | midi: gt=67 pred=64 ❌  | spn: gt=G4 pred=C6 ❌  | doremi: gt=sol pred=sol ✅  | hz: gt=391.9954 pred=1050.0 ❌
    [  87/100] A4   bass     bg=  white_noise snr=   +0dB  | midi: gt=69 pred=64 ❌  | spn: gt=A4 pred=A4 ✅  | doremi: gt=la pred=sol ❌  | hz: gt=440.0 pred=450.0 ❌
    [  88/100] G4   organ    bg=  white_noise snr=   +0dB  | midi: gt=67 pred=69 ❌  | spn: gt=G4 pred=C6 ❌  | doremi: gt=sol pred=fa# ❌  | hz: gt=391.9954 pred=1052.63 ❌
    [  89/100] C3   cello    bg=  white_noise snr=   +0dB  | midi: gt=48 pred=64 ❌  | spn: gt=C3 pred=C6 ❌  | doremi: gt=do pred=fa# ❌  | hz: gt=130.8128 pred=1050.0 ❌
    [  90/100] F#1  trumpet  bg=  white_noise snr=   +0dB  | midi: gt=30 pred=64 ❌  | spn: gt=F#1 pred=C6 ❌  | doremi: gt=fa# pred=fa# ✅  | hz: gt=46.2493 pred=1052.63 ❌
    [  91/100] F#1  electric_keyboard bg=  white_noise snr=  +20dB  | midi: gt=30 pred=43 ❌  | spn: gt=F#1 pred=C2 ❌  | doremi: gt=fa# pred=fa# ✅  | hz: gt=46.2493 pred=415.38 ❌
    [  92/100] G4   voice    bg=  white_noise snr=  +20dB  | midi: gt=67 pred=63 ❌  | spn: gt=G4 pred=C6 ❌  | doremi: gt=sol pred=fa# ❌  | hz: gt=391.9954 pred=480.0 ❌
    [  93/100] F#1  voice    bg=  white_noise snr=  +20dB  | midi: gt=30 pred=64 ❌  | spn: gt=F#1 pred=C6 ❌  | doremi: gt=fa# pred=fa# ✅  | hz: gt=46.2493 pred=1050.0 ❌
    [  94/100] F#3  triangle bg=  white_noise snr=  +20dB  | midi: gt=54 pred=64 ❌  | spn: gt=F#3 pred=C6 ❌  | doremi: gt=fa# pred=fa# ✅  | hz: gt=184.9972 pred=480.0 ❌
    [  95/100] C#5  sawtooth bg=  white_noise snr=  +20dB  | midi: gt=73 pred=68 ❌  | spn: gt=C#5 pred=C6 ❌  | doremi: gt=do# pred=sol ❌  | hz: gt=554.3653 pred=480.0 ❌
    [  96/100] F#1  piano    bg=  white_noise snr=  +30dB  | midi: gt=30 pred=45 ❌  | spn: gt=F#1 pred=F#2 ❌  | doremi: gt=fa# pred=sol ❌  | hz: gt=46.2493 pred=450.0 ❌
    [  97/100] G4   electric_keyboard bg=  white_noise snr=  +30dB  | midi: gt=67 pred=68 ❌  | spn: gt=G4 pred=G4 ✅  | doremi: gt=sol pred=sol ✅  | hz: gt=391.9954 pred=493.88 ❌
    [  98/100] E5   electric_keyboard bg=  white_noise snr=  +30dB  | midi: gt=76 pred=64 ❌  | spn: gt=E5 pred=C6 ❌  | doremi: gt=mi pred=sol ❌  | hz: gt=659.2551 pred=480.0 ❌
    [  99/100] C4   bass     bg=  white_noise snr=  +30dB  | midi: gt=60 pred=56 ❌  | spn: gt=C4 pred=F#2 ❌  | doremi: gt=do pred=sol ❌  | hz: gt=261.6256 pred=450.0 ❌
    [ 100/100] F#3  square   bg=  white_noise snr=  +30dB  | midi: gt=54 pred=54 ✅  | spn: gt=F#3 pred=F#2 ❌  | doremi: gt=fa# pred=sol ❌  | hz: gt=184.9972 pred=450.0 ❌

============================================================
SUMMARY — audio_flamingo_next_instruct
  Sampling     : 100 of 5320 (stratified by '(background, snr_db)', seed=42)
  Stimuli (total)     : 100
  Stimuli (condition) : 100  (all records)

  Format   Accuracy
  ──────────────────
    MIDI      12.0%
     SPN       4.0%
  DOREMI      26.0%
      HZ       0.0%
     ANY      39.0%

  *** WARNING: working tree has uncommitted changes — results will NOT be exactly reproducible from git_commit alone ***


Results saved → results/run_20260505_071452/pitchbench_e3_background_effects/run_001_20260505_081139/results_audio_flamingo_next_instruct.*

############################################################
# pitchbench_e4_harmonic_saturation
############################################################

Experiment : pitchbench_e4_harmonic_saturation
Models     : audio_flamingo_next_instruct
Stimuli    : 280
  Sampling     : 280 of 1064 (stratified by '(saturation_level, midi)', seed=42)

  Model : Audio Flamingo Next – instruct
    [dispatch] 280 items, max_workers=1
    [   1/280] triangle    clean         F#1  | midi: gt=30 pred=35 ❌  | spn: gt=F#1 pred=C2 ❌  | doremi: gt=fa# pred=sol ❌  | hz: gt=46.2493 pred=435.0 ❌
    [   2/280] sine        clean         F#1  | midi: gt=30 pred=35 ❌  | spn: gt=F#1 pred=C2 ❌  | doremi: gt=fa# pred=fa# ✅  | hz: gt=46.2493 pred=25.0 ❌
    [   3/280] trumpet     clean         F#1  | midi: gt=30 pred=34 ❌  | spn: gt=F#1 pred=A#2 ❌  | doremi: gt=fa# pred=fa# ✅  | hz: gt=46.2493 pred=320.0 ❌
    [   4/280] flute       clean         F#1  | midi: gt=30 pred=35 ❌  | spn: gt=F#1 pred=A#2 ❌  | doremi: gt=fa# pred=fa# ✅  | hz: gt=46.2493 pred=105.26 ❌
    [   5/280] voice       clean         F#1  | midi: gt=30 pred=63 ❌  | spn: gt=F#1 pred=C4 ❌  | doremi: gt=fa# pred=fa# ✅  | hz: gt=46.2493 pred=435.0 ❌
    [   6/280] piano       clean         C2  | midi: gt=36 pred=45 ❌  | spn: gt=C2 pred=C4 ❌  | doremi: gt=do pred=sol ❌  | hz: gt=65.4064 pred=450.0 ❌
    [   7/280] triangle    clean         C2  | midi: gt=36 pred=43 ❌  | spn: gt=C2 pred=C2 ✅  | doremi: gt=do pred=sol ❌  | hz: gt=65.4064 pred=150.0 ❌
    [   8/280] square      clean         C2  | midi: gt=36 pred=43 ❌  | spn: gt=C2 pred=A#2 ❌  | doremi: gt=do pred=fa# ❌  | hz: gt=65.4064 pred=480.0 ❌
    [   9/280] cello       clean         C2  | midi: gt=36 pred=36 ✅  | spn: gt=C2 pred=C2 ✅  | doremi: gt=do pred=re ❌  | hz: gt=65.4064 pred=240.0 ❌
    [  10/280] sine        clean         C2  | midi: gt=36 pred=48 ❌  | spn: gt=C2 pred=C2 ✅  | doremi: gt=do pred=sol ❌  | hz: gt=65.4064 pred=261.63 ❌
    [  11/280] sine        clean         G2  | midi: gt=43 pred=43 ✅  | spn: gt=G2 pred=C2 ❌  | doremi: gt=sol pred=sol ✅  | hz: gt=97.9989 pred=107.65 ❌
    [  12/280] square      clean         G2  | midi: gt=43 pred=43 ✅  | spn: gt=G2 pred=F#2 ❌  | doremi: gt=sol pred=sol ✅  | hz: gt=97.9989 pred=450.0 ❌
    [  13/280] guitar      clean         G2  | midi: gt=43 pred=48 ❌  | spn: gt=G2 pred=G4 ❌  | doremi: gt=sol pred=sol ✅  | hz: gt=97.9989 pred=450.0 ❌
    [  14/280] flute       clean         G2  | midi: gt=43 pred=43 ✅  | spn: gt=G2 pred=C2 ❌  | doremi: gt=sol pred=fa# ❌  | hz: gt=97.9989 pred=105.26 ❌
    [  15/280] trumpet     clean         G2  | midi: gt=43 pred=43 ✅  | spn: gt=G2 pred=F#2 ❌  | doremi: gt=sol pred=sol ✅  | hz: gt=97.9989 pred=435.0 ❌
    [  16/280] sine        clean         C3  | midi: gt=48 pred=48 ✅  | spn: gt=C3 pred=C2 ❌  | doremi: gt=do pred=sol ❌  | hz: gt=130.8128 pred=107.89 ❌
    [  17/280] synth_pad   clean         C3  | midi: gt=48 pred=63 ❌  | spn: gt=C3 pred=C6 ❌  | doremi: gt=do pred=sol ❌  | hz: gt=130.8128 pred=480.0 ❌
    [  18/280] guitar      clean         C3  | midi: gt=48 pred=48 ✅  | spn: gt=C3 pred=C4 ❌  | doremi: gt=do pred=sol ❌  | hz: gt=130.8128 pred=480.0 ❌
    [  19/280] cello       clean         C3  | midi: gt=48 pred=48 ✅  | spn: gt=C3 pred=C2 ❌  | doremi: gt=do pred=sol ❌  | hz: gt=130.8128 pred=48.0 ❌
    [  20/280] triangle    clean         C3  | midi: gt=48 pred=48 ✅  | spn: gt=C3 pred=C6 ❌  | doremi: gt=do pred=sol ❌  | hz: gt=130.8128 pred=480.0 ❌
    [  21/280] organ       clean         F#3  | midi: gt=54 pred=66 ❌  | spn: gt=F#3 pred=F#6 ❌  | doremi: gt=fa# pred=sol# ❌  | hz: gt=184.9972 pred=659.34 ❌
    [  22/280] trumpet     clean         F#3  | midi: gt=54 pred=54 ✅  | spn: gt=F#3 pred=F4 ❌  | doremi: gt=fa# pred=sol ❌  | hz: gt=184.9972 pred=435.0 ❌
    [  23/280] sine        clean         F#3  | midi: gt=54 pred=54 ✅  | spn: gt=F#3 pred=C4 ❌  | doremi: gt=fa# pred=sol ❌  | hz: gt=184.9972 pred=107.89 ❌
    [  24/280] electric_keyboard  clean         F#3  | midi: gt=54 pred=54 ✅  | spn: gt=F#3 pred=C4 ❌  | doremi: gt=fa# pred=mi ❌  | hz: gt=184.9972 pred=53.68 ❌
    [  25/280] oboe        clean         F#3  | midi: gt=54 pred=54 ✅  | spn: gt=F#3 pred=F#3 ✅  | doremi: gt=fa# pred=sol ❌  | hz: gt=184.9972 pred=435.0 ❌
    [  26/280] cello       clean         A#3  | midi: gt=58 pred=58 ✅  | spn: gt=A#3 pred=None ❌  | doremi: gt=la# pred=sol ❌  | hz: gt=233.0819 pred=450.0 ❌
    [  27/280] clarinet    clean         A#3  | midi: gt=58 pred=69 ❌  | spn: gt=A#3 pred=C6 ❌  | doremi: gt=la# pred=fa# ❌  | hz: gt=233.0819 pred=450.0 ❌
    [  28/280] trumpet     clean         A#3  | midi: gt=58 pred=58 ✅  | spn: gt=A#3 pred=A#5 ❌  | doremi: gt=la# pred=sol ❌  | hz: gt=233.0819 pred=450.0 ❌
    [  29/280] piano       clean         A#3  | midi: gt=58 pred=58 ✅  | spn: gt=A#3 pred=A#3 ✅  | doremi: gt=la# pred=fa# ❌  | hz: gt=233.0819 pred=450.0 ❌
    [  30/280] triangle    clean         A#3  | midi: gt=58 pred=69 ❌  | spn: gt=A#3 pred=A6 ❌  | doremi: gt=la# pred=sol ❌  | hz: gt=233.0819 pred=450.0 ❌
    [  31/280] clarinet    clean         C4  | midi: gt=60 pred=65 ❌  | spn: gt=C4 pred=C6 ❌  | doremi: gt=do pred=sol ❌  | hz: gt=261.6256 pred=450.0 ❌
    [  32/280] triangle    clean         C4  | midi: gt=60 pred=63 ❌  | spn: gt=C4 pred=C6 ❌  | doremi: gt=do pred=sol ❌  | hz: gt=261.6256 pred=480.0 ❌
    [  33/280] square      clean         C4  | midi: gt=60 pred=63 ❌  | spn: gt=C4 pred=C6 ❌  | doremi: gt=do pred=sol ❌  | hz: gt=261.6256 pred=480.0 ❌
    [  34/280] violin      clean         C4  | midi: gt=60 pred=60 ✅  | spn: gt=C4 pred=C6 ❌  | doremi: gt=do pred=sol ❌  | hz: gt=261.6256 pred=480.0 ❌
    [  35/280] sawtooth    clean         C4  | midi: gt=60 pred=63 ❌  | spn: gt=C4 pred=F#2 ❌  | doremi: gt=do pred=sol ❌  | hz: gt=261.6256 pred=450.0 ❌
    [  36/280] oboe        clean         E4  | midi: gt=64 pred=64 ✅  | spn: gt=E4 pred=C4 ❌  | doremi: gt=mi pred=sol ❌  | hz: gt=329.6276 pred=640.0 ❌
    [  37/280] voice       clean         E4  | midi: gt=64 pred=64 ✅  | spn: gt=E4 pred=E4 ✅  | doremi: gt=mi pred=sol ❌  | hz: gt=329.6276 pred=640.0 ❌
    [  38/280] trumpet     clean         E4  | midi: gt=64 pred=64 ✅  | spn: gt=E4 pred=E4 ✅  | doremi: gt=mi pred=sol ❌  | hz: gt=329.6276 pred=640.0 ❌
    [  39/280] sawtooth    clean         E4  | midi: gt=64 pred=64 ✅  | spn: gt=E4 pred=A6 ❌  | doremi: gt=mi pred=sol ❌  | hz: gt=329.6276 pred=450.0 ❌
    [  40/280] synth_pad   clean         E4  | midi: gt=64 pred=65 ❌  | spn: gt=E4 pred=C6 ❌  | doremi: gt=mi pred=sol ❌  | hz: gt=329.6276 pred=480.0 ❌
    [  41/280] organ       clean         G4  | midi: gt=67 pred=67 ✅  | spn: gt=G4 pred=G6 ❌  | doremi: gt=sol pred=sol ✅  | hz: gt=391.9954 pred=6750.0 ❌
    [  42/280] synth_pad   clean         G4  | midi: gt=67 pred=69 ❌  | spn: gt=G4 pred=C6 ❌  | doremi: gt=sol pred=sol ✅  | hz: gt=391.9954 pred=480.0 ❌
    [  43/280] triangle    clean         G4  | midi: gt=67 pred=68 ❌  | spn: gt=G4 pred=C6 ❌  | doremi: gt=sol pred=sol ✅  | hz: gt=391.9954 pred=480.0 ❌
    [  44/280] violin      clean         G4  | midi: gt=67 pred=67 ✅  | spn: gt=G4 pred=C6 ❌  | doremi: gt=sol pred=sol ✅  | hz: gt=391.9954 pred=6750.0 ❌
    [  45/280] sawtooth    clean         G4  | midi: gt=67 pred=63 ❌  | spn: gt=G4 pred=F#6 ❌  | doremi: gt=sol pred=sol ✅  | hz: gt=391.9954 pred=450.0 ❌
    [  46/280] synth_pad   clean         A4  | midi: gt=69 pred=69 ✅  | spn: gt=A4 pred=None ❌  | doremi: gt=la pred=sol ❌  | hz: gt=440.0 pred=450.0 ❌
    [  47/280] trombone    clean         A4  | midi: gt=69 pred=69 ✅  | spn: gt=A4 pred=C6 ❌  | doremi: gt=la pred=sol ❌  | hz: gt=440.0 pred=450.0 ❌
    [  48/280] oboe        clean         A4  | midi: gt=69 pred=69 ✅  | spn: gt=A4 pred=C6 ❌  | doremi: gt=la pred=sol ❌  | hz: gt=440.0 pred=693.0 ❌
    [  49/280] guitar      clean         A4  | midi: gt=69 pred=69 ✅  | spn: gt=A4 pred=A7 ❌  | doremi: gt=la pred=sol ❌  | hz: gt=440.0 pred=450.0 ❌
    [  50/280] synth_lead  clean         A4  | midi: gt=69 pred=69 ✅  | spn: gt=A4 pred=C6 ❌  | doremi: gt=la pred=sol ❌  | hz: gt=440.0 pred=1058.43 ❌
    [  51/280] square      clean         C#5  | midi: gt=73 pred=65 ❌  | spn: gt=C#5 pred=C6 ❌  | doremi: gt=do# pred=sol ❌  | hz: gt=554.3653 pred=450.0 ❌
    [  52/280] sawtooth    clean         C#5  | midi: gt=73 pred=68 ❌  | spn: gt=C#5 pred=C6 ❌  | doremi: gt=do# pred=sol ❌  | hz: gt=554.3653 pred=480.0 ❌
    [  53/280] flute       clean         C#5  | midi: gt=73 pred=61 ❌  | spn: gt=C#5 pred=C6 ❌  | doremi: gt=do# pred=sol ❌  | hz: gt=554.3653 pred=60.0 ❌
    [  54/280] trombone    clean         C#5  | midi: gt=73 pred=68 ❌  | spn: gt=C#5 pred=C6 ❌  | doremi: gt=do# pred=sol ❌  | hz: gt=554.3653 pred=6750.0 ❌
    [  55/280] synth_pad   clean         C#5  | midi: gt=73 pred=69 ❌  | spn: gt=C#5 pred=C6 ❌  | doremi: gt=do# pred=sol# ❌  | hz: gt=554.3653 pred=605.0 ❌
    [  56/280] flute       clean         E5  | midi: gt=76 pred=64 ❌  | spn: gt=E5 pred=C6 ❌  | doremi: gt=mi pred=sol ❌  | hz: gt=659.2551 pred=640.0 ❌
    [  57/280] triangle    clean         E5  | midi: gt=76 pred=63 ❌  | spn: gt=E5 pred=C6 ❌  | doremi: gt=mi pred=sol ❌  | hz: gt=659.2551 pred=450.0 ❌
    [  58/280] violin      clean         E5  | midi: gt=76 pred=64 ❌  | spn: gt=E5 pred=C6 ❌  | doremi: gt=mi pred=sol ❌  | hz: gt=659.2551 pred=64.0 ❌
    [  59/280] trumpet     clean         E5  | midi: gt=76 pred=69 ❌  | spn: gt=E5 pred=A#6 ❌  | doremi: gt=mi pred=sol ❌  | hz: gt=659.2551 pred=6950.0 ❌
    [  60/280] voice       clean         E5  | midi: gt=76 pred=64 ❌  | spn: gt=E5 pred=C6 ❌  | doremi: gt=mi pred=sol# ❌  | hz: gt=659.2551 pred=640.0 ❌
    [  61/280] oboe        clean         G5  | midi: gt=79 pred=69 ❌  | spn: gt=G5 pred=C6 ❌  | doremi: gt=sol pred=sol ✅  | hz: gt=783.9909 pred=6750.0 ❌
    [  62/280] electric_keyboard  clean         G5  | midi: gt=79 pred=67 ❌  | spn: gt=G5 pred=C6 ❌  | doremi: gt=sol pred=sol ✅  | hz: gt=783.9909 pred=793.68 ❌
    [  63/280] voice       clean         G5  | midi: gt=79 pred=67 ❌  | spn: gt=G5 pred=C6 ❌  | doremi: gt=sol pred=sol# ❌  | hz: gt=783.9909 pred=6750.0 ❌
    [  64/280] synth_lead  clean         G5  | midi: gt=79 pred=68 ❌  | spn: gt=G5 pred=C6 ❌  | doremi: gt=sol pred=sol# ❌  | hz: gt=783.9909 pred=1058.43 ❌
    [  65/280] triangle    clean         G5  | midi: gt=79 pred=68 ❌  | spn: gt=G5 pred=C6 ❌  | doremi: gt=sol pred=sol ✅  | hz: gt=783.9909 pred=480.0 ❌
    [  66/280] trumpet     clean         E6  | midi: gt=88 pred=83 ❌  | spn: gt=E6 pred=C6 ❌  | doremi: gt=mi pred=sol ❌  | hz: gt=1318.5102 pred=None ❌
    [  67/280] square      clean         E6  | midi: gt=88 pred=65 ❌  | spn: gt=E6 pred=F#6 ❌  | doremi: gt=mi pred=sol ❌  | hz: gt=1318.5102 pred=1073.64 ❌
    [  68/280] electric_keyboard  clean         E6  | midi: gt=88 pred=88 ✅  | spn: gt=E6 pred=B8 ❌  | doremi: gt=mi pred=sol# ❌  | hz: gt=1318.5102 pred=830.41 ❌
    [  69/280] flute       clean         E6  | midi: gt=88 pred=88 ✅  | spn: gt=E6 pred=C6 ❌  | doremi: gt=mi pred=sol ❌  | hz: gt=1318.5102 pred=833.33 ❌
    [  70/280] synth_pad   clean         E6  | midi: gt=88 pred=69 ❌  | spn: gt=E6 pred=C6 ❌  | doremi: gt=mi pred=sol# ❌  | hz: gt=1318.5102 pred=1034.52 ❌
    [  71/280] organ       sat_heavy     F#1  | midi: gt=30 pred=63 ❌  | spn: gt=F#1 pred=C6 ❌  | doremi: gt=fa# pred=fa# ✅  | hz: gt=46.2493 pred=166.67 ❌
    [  72/280] violin      sat_heavy     F#1  | midi: gt=30 pred=34 ❌  | spn: gt=F#1 pred=A#2 ❌  | doremi: gt=fa# pred=sol ❌  | hz: gt=46.2493 pred=107.89 ❌
    [  73/280] trumpet     sat_heavy     F#1  | midi: gt=30 pred=43 ❌  | spn: gt=F#1 pred=A#2 ❌  | doremi: gt=fa# pred=fa# ✅  | hz: gt=46.2493 pred=105.26 ❌
    [  74/280] flute       sat_heavy     F#1  | midi: gt=30 pred=64 ❌  | spn: gt=F#1 pred=C4 ❌  | doremi: gt=fa# pred=fa# ✅  | hz: gt=46.2493 pred=107.65 ❌
    [  75/280] clarinet    sat_heavy     F#1  | midi: gt=30 pred=63 ❌  | spn: gt=F#1 pred=C6 ❌  | doremi: gt=fa# pred=sol ❌  | hz: gt=46.2493 pred=1058.43 ❌
    [  76/280] clarinet    sat_heavy     C2  | midi: gt=36 pred=45 ❌  | spn: gt=C2 pred=C6 ❌  | doremi: gt=do pred=sol ❌  | hz: gt=65.4064 pred=1054.72 ❌
    [  77/280] sawtooth    sat_heavy     C2  | midi: gt=36 pred=36 ✅  | spn: gt=C2 pred=C2 ✅  | doremi: gt=do pred=fa# ❌  | hz: gt=65.4064 pred=105.26 ❌
    [  78/280] flute       sat_heavy     C2  | midi: gt=36 pred=64 ❌  | spn: gt=C2 pred=C6 ❌  | doremi: gt=do pred=fa# ❌  | hz: gt=65.4064 pred=1052.63 ❌
    [  79/280] synth_pad   sat_heavy     C2  | midi: gt=36 pred=64 ❌  | spn: gt=C2 pred=C6 ❌  | doremi: gt=do pred=fa# ❌  | hz: gt=65.4064 pred=107.65 ❌
    [  80/280] violin      sat_heavy     C2  | midi: gt=36 pred=45 ❌  | spn: gt=C2 pred=C4 ❌  | doremi: gt=do pred=fa# ❌  | hz: gt=65.4064 pred=1650.0 ❌
    [  81/280] clarinet    sat_heavy     G2  | midi: gt=43 pred=64 ❌  | spn: gt=G2 pred=C6 ❌  | doremi: gt=sol pred=fa# ❌  | hz: gt=97.9989 pred=415.38 ❌
    [  82/280] violin      sat_heavy     G2  | midi: gt=43 pred=43 ✅  | spn: gt=G2 pred=C6 ❌  | doremi: gt=sol pred=fa# ❌  | hz: gt=97.9989 pred=166.67 ❌
    [  83/280] trumpet     sat_heavy     G2  | midi: gt=43 pred=48 ❌  | spn: gt=G2 pred=C6 ❌  | doremi: gt=sol pred=sol ✅  | hz: gt=97.9989 pred=450.0 ❌
    [  84/280] square      sat_heavy     G2  | midi: gt=43 pred=43 ✅  | spn: gt=G2 pred=G2 ✅  | doremi: gt=sol pred=sol ✅  | hz: gt=97.9989 pred=480.0 ❌
    [  85/280] triangle    sat_heavy     G2  | midi: gt=43 pred=43 ✅  | spn: gt=G2 pred=C6 ❌  | doremi: gt=sol pred=sol ✅  | hz: gt=97.9989 pred=435.0 ❌
    [  86/280] voice       sat_heavy     C3  | midi: gt=48 pred=64 ❌  | spn: gt=C3 pred=C6 ❌  | doremi: gt=do pred=fa# ❌  | hz: gt=130.8128 pred=415.38 ❌
    [  87/280] clarinet    sat_heavy     C3  | midi: gt=48 pred=64 ❌  | spn: gt=C3 pred=C6 ❌  | doremi: gt=do pred=fa# ❌  | hz: gt=130.8128 pred=480.0 ❌
    [  88/280] guitar      sat_heavy     C3  | midi: gt=48 pred=63 ❌  | spn: gt=C3 pred=C6 ❌  | doremi: gt=do pred=sol ❌  | hz: gt=130.8128 pred=480.0 ❌
    [  89/280] bass        sat_heavy     C3  | midi: gt=48 pred=48 ✅  | spn: gt=C3 pred=C4 ❌  | doremi: gt=do pred=sol ❌  | hz: gt=130.8128 pred=480.0 ❌
    [  90/280] synth_lead  sat_heavy     C3  | midi: gt=48 pred=64 ❌  | spn: gt=C3 pred=C6 ❌  | doremi: gt=do pred=fa# ❌  | hz: gt=130.8128 pred=1052.63 ❌
    [  91/280] organ       sat_heavy     F#3  | midi: gt=54 pred=69 ❌  | spn: gt=F#3 pred=F#6 ❌  | doremi: gt=fa# pred=sol# ❌  | hz: gt=184.9972 pred=480.0 ❌
    [  92/280] piano       sat_heavy     F#3  | midi: gt=54 pred=63 ❌  | spn: gt=F#3 pred=C6 ❌  | doremi: gt=fa# pred=fa# ✅  | hz: gt=184.9972 pred=480.0 ❌
    [  93/280] trumpet     sat_heavy     F#3  | midi: gt=54 pred=65 ❌  | spn: gt=F#3 pred=F#4 ❌  | doremi: gt=fa# pred=sol ❌  | hz: gt=184.9972 pred=415.3 ❌
    [  94/280] synth_pad   sat_heavy     F#3  | midi: gt=54 pred=65 ❌  | spn: gt=F#3 pred=C6 ❌  | doremi: gt=fa# pred=fa# ✅  | hz: gt=184.9972 pred=1052.63 ❌
    [  95/280] triangle    sat_heavy     F#3  | midi: gt=54 pred=63 ❌  | spn: gt=F#3 pred=F#3 ✅  | doremi: gt=fa# pred=sol ❌  | hz: gt=184.9972 pred=450.0 ❌
    [  96/280] synth_pad   sat_heavy     A#3  | midi: gt=58 pred=65 ❌  | spn: gt=A#3 pred=C6 ❌  | doremi: gt=la# pred=fa# ❌  | hz: gt=233.0819 pred=1052.63 ❌
    [  97/280] voice       sat_heavy     A#3  | midi: gt=58 pred=58 ✅  | spn: gt=A#3 pred=A7 ❌  | doremi: gt=la# pred=sol# ❌  | hz: gt=233.0819 pred=460.0 ❌
    [  98/280] trumpet     sat_heavy     A#3  | midi: gt=58 pred=58 ✅  | spn: gt=A#3 pred=A#4 ❌  | doremi: gt=la# pred=sol# ❌  | hz: gt=233.0819 pred=460.0 ❌
    [  99/280] cello       sat_heavy     A#3  | midi: gt=58 pred=45 ❌  | spn: gt=A#3 pred=A4 ❌  | doremi: gt=la# pred=sol# ❌  | hz: gt=233.0819 pred=460.0 ❌
    [ 100/280] organ       sat_heavy     A#3  | midi: gt=58 pred=69 ❌  | spn: gt=A#3 pred=None ❌  | doremi: gt=la# pred=sol# ❌  | hz: gt=233.0819 pred=460.0 ❌
    [ 101/280] voice       sat_heavy     C4  | midi: gt=60 pred=64 ❌  | spn: gt=C4 pred=C6 ❌  | doremi: gt=do pred=sol# ❌  | hz: gt=261.6256 pred=480.0 ❌
    [ 102/280] violin      sat_heavy     C4  | midi: gt=60 pred=64 ❌  | spn: gt=C4 pred=C6 ❌  | doremi: gt=do pred=sol# ❌  | hz: gt=261.6256 pred=1046.53 ❌
    [ 103/280] oboe        sat_heavy     C4  | midi: gt=60 pred=64 ❌  | spn: gt=C4 pred=C6 ❌  | doremi: gt=do pred=sol ❌  | hz: gt=261.6256 pred=480.0 ❌
    [ 104/280] flute       sat_heavy     C4  | midi: gt=60 pred=64 ❌  | spn: gt=C4 pred=C6 ❌  | doremi: gt=do pred=sol ❌  | hz: gt=261.6256 pred=480.0 ❌
    [ 105/280] square      sat_heavy     C4  | midi: gt=60 pred=68 ❌  | spn: gt=C4 pred=C6 ❌  | doremi: gt=do pred=sol ❌  | hz: gt=261.6256 pred=480.0 ❌
    [ 106/280] synth_lead  sat_heavy     E4  | midi: gt=64 pred=69 ❌  | spn: gt=E4 pred=C6 ❌  | doremi: gt=mi pred=sol ❌  | hz: gt=329.6276 pred=480.0 ❌
    [ 107/280] bass        sat_heavy     E4  | midi: gt=64 pred=68 ❌  | spn: gt=E4 pred=C6 ❌  | doremi: gt=mi pred=sol ❌  | hz: gt=329.6276 pred=493.88 ❌
    [ 108/280] square      sat_heavy     E4  | midi: gt=64 pred=65 ❌  | spn: gt=E4 pred=A6 ❌  | doremi: gt=mi pred=sol ❌  | hz: gt=329.6276 pred=1046.53 ❌
    [ 109/280] sawtooth    sat_heavy     E4  | midi: gt=64 pred=64 ✅  | spn: gt=E4 pred=E6 ❌  | doremi: gt=mi pred=sol ❌  | hz: gt=329.6276 pred=1046.53 ❌
    [ 110/280] cello       sat_heavy     E4  | midi: gt=64 pred=69 ❌  | spn: gt=E4 pred=E4 ✅  | doremi: gt=mi pred=sol ❌  | hz: gt=329.6276 pred=408.0 ❌
    [ 111/280] triangle    sat_heavy     G4  | midi: gt=67 pred=68 ❌  | spn: gt=G4 pred=C6 ❌  | doremi: gt=sol pred=sol ✅  | hz: gt=391.9954 pred=480.0 ❌
    [ 112/280] piano       sat_heavy     G4  | midi: gt=67 pred=68 ❌  | spn: gt=G4 pred=C6 ❌  | doremi: gt=sol pred=sol ✅  | hz: gt=391.9954 pred=480.0 ❌
    [ 113/280] electric_keyboard  sat_heavy     G4  | midi: gt=67 pred=68 ❌  | spn: gt=G4 pred=G6 ❌  | doremi: gt=sol pred=sol ✅  | hz: gt=391.9954 pred=493.88 ❌
    [ 114/280] cello       sat_heavy     G4  | midi: gt=67 pred=69 ❌  | spn: gt=G4 pred=F#6 ❌  | doremi: gt=sol pred=sol ✅  | hz: gt=391.9954 pred=480.0 ❌
    [ 115/280] trombone    sat_heavy     G4  | midi: gt=67 pred=69 ❌  | spn: gt=G4 pred=A4 ❌  | doremi: gt=sol pred=sol ✅  | hz: gt=391.9954 pred=408.0 ❌
    [ 116/280] square      sat_heavy     A4  | midi: gt=69 pred=69 ✅  | spn: gt=A4 pred=A6 ❌  | doremi: gt=la pred=sol ❌  | hz: gt=440.0 pred=1046.53 ❌
    [ 117/280] violin      sat_heavy     A4  | midi: gt=69 pred=69 ✅  | spn: gt=A4 pred=A7 ❌  | doremi: gt=la pred=la# ❌  | hz: gt=440.0 pred=450.0 ❌
    [ 118/280] synth_pad   sat_heavy     A4  | midi: gt=69 pred=69 ✅  | spn: gt=A4 pred=C6 ❌  | doremi: gt=la pred=fa# ❌  | hz: gt=440.0 pred=460.0 ❌
    [ 119/280] organ       sat_heavy     A4  | midi: gt=69 pred=69 ✅  | spn: gt=A4 pred=A7 ❌  | doremi: gt=la pred=sol# ❌  | hz: gt=440.0 pred=1046.57 ❌
    [ 120/280] trumpet     sat_heavy     A4  | midi: gt=69 pred=69 ✅  | spn: gt=A4 pred=A7 ❌  | doremi: gt=la pred=sol ❌  | hz: gt=440.0 pred=1046.53 ❌
    [ 121/280] trumpet     sat_heavy     C#5  | midi: gt=73 pred=69 ❌  | spn: gt=C#5 pred=A#6 ❌  | doremi: gt=do# pred=sol# ❌  | hz: gt=554.3653 pred=1047.0 ❌
    [ 122/280] synth_pad   sat_heavy     C#5  | midi: gt=73 pred=69 ❌  | spn: gt=C#5 pred=C6 ❌  | doremi: gt=do# pred=sol# ❌  | hz: gt=554.3653 pred=1046.52 ❌
    [ 123/280] sine        sat_heavy     C#5  | midi: gt=73 pred=68 ❌  | spn: gt=C#5 pred=C6 ❌  | doremi: gt=do# pred=sol ❌  | hz: gt=554.3653 pred=480.0 ❌
    [ 124/280] triangle    sat_heavy     C#5  | midi: gt=73 pred=68 ❌  | spn: gt=C#5 pred=C6 ❌  | doremi: gt=do# pred=sol ❌  | hz: gt=554.3653 pred=1086.53 ❌
    [ 125/280] clarinet    sat_heavy     C#5  | midi: gt=73 pred=68 ❌  | spn: gt=C#5 pred=B6 ❌  | doremi: gt=do# pred=sol# ❌  | hz: gt=554.3653 pred=1058.43 ❌
    [ 126/280] synth_pad   sat_heavy     E5  | midi: gt=76 pred=69 ❌  | spn: gt=E5 pred=C6 ❌  | doremi: gt=mi pred=sol# ❌  | hz: gt=659.2551 pred=493.88 ❌
    [ 127/280] trumpet     sat_heavy     E5  | midi: gt=76 pred=69 ❌  | spn: gt=E5 pred=A#6 ❌  | doremi: gt=mi pred=sol ❌  | hz: gt=659.2551 pred=8105.34 ❌
    [ 128/280] clarinet    sat_heavy     E5  | midi: gt=76 pred=69 ❌  | spn: gt=E5 pred=A#6 ❌  | doremi: gt=mi pred=sol# ❌  | hz: gt=659.2551 pred=408.0 ❌
    [ 129/280] triangle    sat_heavy     E5  | midi: gt=76 pred=69 ❌  | spn: gt=E5 pred=C6 ❌  | doremi: gt=mi pred=sol ❌  | hz: gt=659.2551 pred=1050.0 ❌
    [ 130/280] piano       sat_heavy     E5  | midi: gt=76 pred=68 ❌  | spn: gt=E5 pred=C6 ❌  | doremi: gt=mi pred=sol# ❌  | hz: gt=659.2551 pred=480.0 ❌
    [ 131/280] cello       sat_heavy     G5  | midi: gt=79 pred=69 ❌  | spn: gt=G5 pred=C6 ❌  | doremi: gt=sol pred=sol ✅  | hz: gt=783.9909 pred=659.34 ❌
    [ 132/280] electric_keyboard  sat_heavy     G5  | midi: gt=79 pred=69 ❌  | spn: gt=G5 pred=G6 ❌  | doremi: gt=sol pred=sol ✅  | hz: gt=783.9909 pred=6750.0 ❌
    [ 133/280] organ       sat_heavy     G5  | midi: gt=79 pred=69 ❌  | spn: gt=G5 pred=C6 ❌  | doremi: gt=sol pred=sol# ❌  | hz: gt=783.9909 pred=480.0 ❌
    [ 134/280] sine        sat_heavy     G5  | midi: gt=79 pred=69 ❌  | spn: gt=G5 pred=C6 ❌  | doremi: gt=sol pred=sol ✅  | hz: gt=783.9909 pred=450.0 ❌
    [ 135/280] oboe        sat_heavy     G5  | midi: gt=79 pred=84 ❌  | spn: gt=G5 pred=B6 ❌  | doremi: gt=sol pred=sol# ❌  | hz: gt=783.9909 pred=6750.0 ❌
    [ 136/280] trumpet     sat_heavy     E6  | midi: gt=88 pred=83 ❌  | spn: gt=E6 pred=A#6 ❌  | doremi: gt=mi pred=sol# ❌  | hz: gt=1318.5102 pred=1046.57 ❌
    [ 137/280] synth_lead  sat_heavy     E6  | midi: gt=88 pred=68 ❌  | spn: gt=E6 pred=C6 ❌  | doremi: gt=mi pred=sol ❌  | hz: gt=1318.5102 pred=415.3 ❌
    [ 138/280] electric_keyboard  sat_heavy     E6  | midi: gt=88 pred=88 ✅  | spn: gt=E6 pred=C6 ❌  | doremi: gt=mi pred=sol ❌  | hz: gt=1318.5102 pred=830.41 ❌
    [ 139/280] triangle    sat_heavy     E6  | midi: gt=88 pred=68 ❌  | spn: gt=E6 pred=C6 ❌  | doremi: gt=mi pred=sol ❌  | hz: gt=1318.5102 pred=450.0 ❌
    [ 140/280] cello       sat_heavy     E6  | midi: gt=88 pred=83 ❌  | spn: gt=E6 pred=F#6 ❌  | doremi: gt=mi pred=fa# ❌  | hz: gt=1318.5102 pred=1046.57 ❌
    [ 141/280] trombone    sat_light     F#1  | midi: gt=30 pred=34 ❌  | spn: gt=F#1 pred=A#2 ❌  | doremi: gt=fa# pred=fa# ✅  | hz: gt=46.2493 pred=329.6875 ❌
    [ 142/280] synth_lead  sat_light     F#1  | midi: gt=30 pred=63 ❌  | spn: gt=F#1 pred=A#2 ❌  | doremi: gt=fa# pred=fa# ✅  | hz: gt=46.2493 pred=1050.0 ❌
    [ 143/280] guitar      sat_light     F#1  | midi: gt=30 pred=43 ❌  | spn: gt=F#1 pred=A#2 ❌  | doremi: gt=fa# pred=sol ❌  | hz: gt=46.2493 pred=435.0 ❌
    [ 144/280] piano       sat_light     F#1  | midi: gt=30 pred=43 ❌  | spn: gt=F#1 pred=C6 ❌  | doremi: gt=fa# pred=sol ❌  | hz: gt=46.2493 pred=435.0 ❌
    [ 145/280] electric_keyboard  sat_light     F#1  | midi: gt=30 pred=34 ❌  | spn: gt=F#1 pred=F2 ❌  | doremi: gt=fa# pred=fa# ✅  | hz: gt=46.2493 pred=329.6875 ❌
    [ 146/280] electric_keyboard  sat_light     C2  | midi: gt=36 pred=36 ✅  | spn: gt=C2 pred=C6 ❌  | doremi: gt=do pred=fa# ❌  | hz: gt=65.4064 pred=48.0 ❌
    [ 147/280] synth_pad   sat_light     C2  | midi: gt=36 pred=64 ❌  | spn: gt=C2 pred=C4 ❌  | doremi: gt=do pred=fa# ❌  | hz: gt=65.4064 pred=480.0 ❌
    [ 148/280] synth_lead  sat_light     C2  | midi: gt=36 pred=48 ❌  | spn: gt=C2 pred=C6 ❌  | doremi: gt=do pred=fa# ❌  | hz: gt=65.4064 pred=105.26 ❌
    [ 149/280] sine        sat_light     C2  | midi: gt=36 pred=48 ❌  | spn: gt=C2 pred=C2 ✅  | doremi: gt=do pred=sol ❌  | hz: gt=65.4064 pred=150.0 ❌
    [ 150/280] trombone    sat_light     C2  | midi: gt=36 pred=35 ❌  | spn: gt=C2 pred=A#2 ❌  | doremi: gt=do pred=sol ❌  | hz: gt=65.4064 pred=450.0 ❌
    [ 151/280] clarinet    sat_light     G2  | midi: gt=43 pred=43 ✅  | spn: gt=G2 pred=C4 ❌  | doremi: gt=sol pred=sol ✅  | hz: gt=97.9989 pred=450.0 ❌
    [ 152/280] bass        sat_light     G2  | midi: gt=43 pred=43 ✅  | spn: gt=G2 pred=C4 ❌  | doremi: gt=sol pred=sol ✅  | hz: gt=97.9989 pred=435.0 ❌
    [ 153/280] sine        sat_light     G2  | midi: gt=43 pred=43 ✅  | spn: gt=G2 pred=C4 ❌  | doremi: gt=sol pred=sol ✅  | hz: gt=97.9989 pred=150.0 ❌
    [ 154/280] triangle    sat_light     G2  | midi: gt=43 pred=43 ✅  | spn: gt=G2 pred=C6 ❌  | doremi: gt=sol pred=sol ✅  | hz: gt=97.9989 pred=150.0 ❌
    [ 155/280] organ       sat_light     G2  | midi: gt=43 pred=43 ✅  | spn: gt=G2 pred=G2 ✅  | doremi: gt=sol pred=sol ✅  | hz: gt=97.9989 pred=480.0 ❌
    [ 156/280] oboe        sat_light     C3  | midi: gt=48 pred=48 ✅  | spn: gt=C3 pred=C4 ❌  | doremi: gt=do pred=sol ❌  | hz: gt=130.8128 pred=480.0 ❌
    [ 157/280] trombone    sat_light     C3  | midi: gt=48 pred=63 ❌  | spn: gt=C3 pred=C4 ❌  | doremi: gt=do pred=sol ❌  | hz: gt=130.8128 pred=480.0 ❌
    [ 158/280] flute       sat_light     C3  | midi: gt=48 pred=48 ✅  | spn: gt=C3 pred=C2 ❌  | doremi: gt=do pred=fa# ❌  | hz: gt=130.8128 pred=480.0 ❌
    [ 159/280] sawtooth    sat_light     C3  | midi: gt=48 pred=48 ✅  | spn: gt=C3 pred=C6 ❌  | doremi: gt=do pred=fa# ❌  | hz: gt=130.8128 pred=480.0 ❌
    [ 160/280] triangle    sat_light     C3  | midi: gt=48 pred=48 ✅  | spn: gt=C3 pred=C6 ❌  | doremi: gt=do pred=sol ❌  | hz: gt=130.8128 pred=480.0 ❌
    [ 161/280] voice       sat_light     F#3  | midi: gt=54 pred=65 ❌  | spn: gt=F#3 pred=C4 ❌  | doremi: gt=fa# pred=sol ❌  | hz: gt=184.9972 pred=480.0 ❌
    [ 162/280] square      sat_light     F#3  | midi: gt=54 pred=54 ✅  | spn: gt=F#3 pred=F#2 ❌  | doremi: gt=fa# pred=sol ❌  | hz: gt=184.9972 pred=450.0 ❌
    [ 163/280] synth_pad   sat_light     F#3  | midi: gt=54 pred=54 ✅  | spn: gt=F#3 pred=C6 ❌  | doremi: gt=fa# pred=sol# ❌  | hz: gt=184.9972 pred=480.0 ❌
    [ 164/280] bass        sat_light     F#3  | midi: gt=54 pred=54 ✅  | spn: gt=F#3 pred=C4 ❌  | doremi: gt=fa# pred=sol ❌  | hz: gt=184.9972 pred=435.0 ❌
    [ 165/280] cello       sat_light     F#3  | midi: gt=54 pred=54 ✅  | spn: gt=F#3 pred=F#4 ❌  | doremi: gt=fa# pred=sol ❌  | hz: gt=184.9972 pred=426.5 ❌
    [ 166/280] square      sat_light     A#3  | midi: gt=58 pred=58 ✅  | spn: gt=A#3 pred=A6 ❌  | doremi: gt=la# pred=sol ❌  | hz: gt=233.0819 pred=450.0 ❌
    [ 167/280] synth_pad   sat_light     A#3  | midi: gt=58 pred=65 ❌  | spn: gt=A#3 pred=C6 ❌  | doremi: gt=la# pred=fa# ❌  | hz: gt=233.0819 pred=480.0 ❌
    [ 168/280] piano       sat_light     A#3  | midi: gt=58 pred=58 ✅  | spn: gt=A#3 pred=None ❌  | doremi: gt=la# pred=sol ❌  | hz: gt=233.0819 pred=450.0 ❌
    [ 169/280] synth_lead  sat_light     A#3  | midi: gt=58 pred=58 ✅  | spn: gt=A#3 pred=A#6 ❌  | doremi: gt=la# pred=sol# ❌  | hz: gt=233.0819 pred=1680.0 ❌
    [ 170/280] clarinet    sat_light     A#3  | midi: gt=58 pred=69 ❌  | spn: gt=A#3 pred=C6 ❌  | doremi: gt=la# pred=sol# ❌  | hz: gt=233.0819 pred=450.0 ❌
    [ 171/280] bass        sat_light     C4  | midi: gt=60 pred=63 ❌  | spn: gt=C4 pred=C4 ✅  | doremi: gt=do pred=sol ❌  | hz: gt=261.6256 pred=480.0 ❌
    [ 172/280] synth_pad   sat_light     C4  | midi: gt=60 pred=64 ❌  | spn: gt=C4 pred=C6 ❌  | doremi: gt=do pred=sol ❌  | hz: gt=261.6256 pred=480.0 ❌
    [ 173/280] electric_keyboard  sat_light     C4  | midi: gt=60 pred=60 ✅  | spn: gt=C4 pred=C4 ✅  | doremi: gt=do pred=mi ❌  | hz: gt=261.6256 pred=60.0 ❌
    [ 174/280] trumpet     sat_light     C4  | midi: gt=60 pred=60 ✅  | spn: gt=C4 pred=C6 ❌  | doremi: gt=do pred=sol ❌  | hz: gt=261.6256 pred=480.0 ❌
    [ 175/280] voice       sat_light     C4  | midi: gt=60 pred=63 ❌  | spn: gt=C4 pred=C6 ❌  | doremi: gt=do pred=sol ❌  | hz: gt=261.6256 pred=480.0 ❌
    [ 176/280] cello       sat_light     E4  | midi: gt=64 pred=64 ✅  | spn: gt=E4 pred=E4 ✅  | doremi: gt=mi pred=sol ❌  | hz: gt=329.6276 pred=64.0 ❌
    [ 177/280] guitar      sat_light     E4  | midi: gt=64 pred=64 ✅  | spn: gt=E4 pred=F#2 ❌  | doremi: gt=mi pred=sol ❌  | hz: gt=329.6276 pred=460.0 ❌
    [ 178/280] synth_pad   sat_light     E4  | midi: gt=64 pred=69 ❌  | spn: gt=E4 pred=C6 ❌  | doremi: gt=mi pred=sol# ❌  | hz: gt=329.6276 pred=493.88 ❌
    [ 179/280] trombone    sat_light     E4  | midi: gt=64 pred=64 ✅  | spn: gt=E4 pred=A#6 ❌  | doremi: gt=mi pred=sol ❌  | hz: gt=329.6276 pred=408.0 ❌
    [ 180/280] synth_lead  sat_light     E4  | midi: gt=64 pred=64 ✅  | spn: gt=E4 pred=C6 ❌  | doremi: gt=mi pred=sol# ❌  | hz: gt=329.6276 pred=480.0 ❌
    [ 181/280] oboe        sat_light     G4  | midi: gt=67 pred=69 ❌  | spn: gt=G4 pred=C6 ❌  | doremi: gt=sol pred=sol ✅  | hz: gt=391.9954 pred=480.0 ❌
    [ 182/280] organ       sat_light     G4  | midi: gt=67 pred=63 ❌  | spn: gt=G4 pred=C6 ❌  | doremi: gt=sol pred=sol ✅  | hz: gt=391.9954 pred=480.0 ❌
    [ 183/280] synth_lead  sat_light     G4  | midi: gt=67 pred=63 ❌  | spn: gt=G4 pred=C6 ❌  | doremi: gt=sol pred=sol ✅  | hz: gt=391.9954 pred=493.88 ❌
    [ 184/280] synth_pad   sat_light     G4  | midi: gt=67 pred=68 ❌  | spn: gt=G4 pred=C6 ❌  | doremi: gt=sol pred=sol ✅  | hz: gt=391.9954 pred=480.0 ❌
    [ 185/280] sawtooth    sat_light     G4  | midi: gt=67 pred=63 ❌  | spn: gt=G4 pred=F#6 ❌  | doremi: gt=sol pred=sol ✅  | hz: gt=391.9954 pred=450.0 ❌
    [ 186/280] flute       sat_light     A4  | midi: gt=69 pred=69 ✅  | spn: gt=A4 pred=C6 ❌  | doremi: gt=la pred=sol ❌  | hz: gt=440.0 pred=450.0 ❌
    [ 187/280] voice       sat_light     A4  | midi: gt=69 pred=69 ✅  | spn: gt=A4 pred=C6 ❌  | doremi: gt=la pred=sol ❌  | hz: gt=440.0 pred=436.5 ✅
    [ 188/280] square      sat_light     A4  | midi: gt=69 pred=69 ✅  | spn: gt=A4 pred=A6 ❌  | doremi: gt=la pred=sol ❌  | hz: gt=440.0 pred=1046.53 ❌
    [ 189/280] clarinet    sat_light     A4  | midi: gt=69 pred=69 ✅  | spn: gt=A4 pred=A4 ✅  | doremi: gt=la pred=sol ❌  | hz: gt=440.0 pred=450.0 ❌
    [ 190/280] sine        sat_light     A4  | midi: gt=69 pred=69 ✅  | spn: gt=A4 pred=A6 ❌  | doremi: gt=la pred=sol ❌  | hz: gt=440.0 pred=450.0 ❌
    [ 191/280] voice       sat_light     C#5  | midi: gt=73 pred=68 ❌  | spn: gt=C#5 pred=C6 ❌  | doremi: gt=do# pred=sol# ❌  | hz: gt=554.3653 pred=480.0 ❌
    [ 192/280] synth_pad   sat_light     C#5  | midi: gt=73 pred=69 ❌  | spn: gt=C#5 pred=C6 ❌  | doremi: gt=do# pred=sol# ❌  | hz: gt=554.3653 pred=1058.43 ❌
    [ 193/280] flute       sat_light     C#5  | midi: gt=73 pred=68 ❌  | spn: gt=C#5 pred=C6 ❌  | doremi: gt=do# pred=sol ❌  | hz: gt=554.3653 pred=600.0 ❌
    [ 194/280] synth_lead  sat_light     C#5  | midi: gt=73 pred=68 ❌  | spn: gt=C#5 pred=C6 ❌  | doremi: gt=do# pred=sol# ❌  | hz: gt=554.3653 pred=480.0 ❌
    [ 195/280] sine        sat_light     C#5  | midi: gt=73 pred=68 ❌  | spn: gt=C#5 pred=C6 ❌  | doremi: gt=do# pred=sol ❌  | hz: gt=554.3653 pred=480.0 ❌
    [ 196/280] square      sat_light     E5  | midi: gt=76 pred=65 ❌  | spn: gt=E5 pred=C6 ❌  | doremi: gt=mi pred=sol ❌  | hz: gt=659.2551 pred=1073.64 ❌
    [ 197/280] sawtooth    sat_light     E5  | midi: gt=76 pred=69 ❌  | spn: gt=E5 pred=A6 ❌  | doremi: gt=mi pred=sol ❌  | hz: gt=659.2551 pred=450.0 ❌
    [ 198/280] flute       sat_light     E5  | midi: gt=76 pred=64 ❌  | spn: gt=E5 pred=C6 ❌  | doremi: gt=mi pred=sol ❌  | hz: gt=659.2551 pred=400.0 ❌
    [ 199/280] voice       sat_light     E5  | midi: gt=76 pred=64 ❌  | spn: gt=E5 pred=C6 ❌  | doremi: gt=mi pred=sol# ❌  | hz: gt=659.2551 pred=408.0 ❌
    [ 200/280] organ       sat_light     E5  | midi: gt=76 pred=64 ❌  | spn: gt=E5 pred=C6 ❌  | doremi: gt=mi pred=sol# ❌  | hz: gt=659.2551 pred=800.0 ❌
    [ 201/280] sawtooth    sat_light     G5  | midi: gt=79 pred=65 ❌  | spn: gt=G5 pred=A6 ❌  | doremi: gt=sol pred=sol ✅  | hz: gt=783.9909 pred=450.0 ❌
    [ 202/280] clarinet    sat_light     G5  | midi: gt=79 pred=69 ❌  | spn: gt=G5 pred=C6 ❌  | doremi: gt=sol pred=sol ✅  | hz: gt=783.9909 pred=6750.0 ❌
    [ 203/280] square      sat_light     G5  | midi: gt=79 pred=69 ❌  | spn: gt=G5 pred=A7 ❌  | doremi: gt=sol pred=sol# ❌  | hz: gt=783.9909 pred=1046.57 ❌
    [ 204/280] flute       sat_light     G5  | midi: gt=79 pred=69 ❌  | spn: gt=G5 pred=C6 ❌  | doremi: gt=sol pred=sol ✅  | hz: gt=783.9909 pred=6750.0 ❌
    [ 205/280] piano       sat_light     G5  | midi: gt=79 pred=63 ❌  | spn: gt=G5 pred=F#6 ❌  | doremi: gt=sol pred=sol ✅  | hz: gt=783.9909 pred=750.0 ❌
    [ 206/280] bass        sat_light     E6  | midi: gt=88 pred=83 ❌  | spn: gt=E6 pred=F#6 ❌  | doremi: gt=mi pred=sol# ❌  | hz: gt=1318.5102 pred=8250.0 ❌
    [ 207/280] guitar      sat_light     E6  | midi: gt=88 pred=68 ❌  | spn: gt=E6 pred=C6 ❌  | doremi: gt=mi pred=sol# ❌  | hz: gt=1318.5102 pred=1058.37 ❌
    [ 208/280] piano       sat_light     E6  | midi: gt=88 pred=68 ❌  | spn: gt=E6 pred=F#6 ❌  | doremi: gt=mi pred=sol ❌  | hz: gt=1318.5102 pred=4800.0 ❌
    [ 209/280] voice       sat_light     E6  | midi: gt=88 pred=86 ❌  | spn: gt=E6 pred=B6 ❌  | doremi: gt=mi pred=sol# ❌  | hz: gt=1318.5102 pred=1034.52 ❌
    [ 210/280] triangle    sat_light     E6  | midi: gt=88 pred=86 ❌  | spn: gt=E6 pred=C6 ❌  | doremi: gt=mi pred=sol ❌  | hz: gt=1318.5102 pred=1308.57 ✅
    [ 211/280] bass        sat_medium    F#1  | midi: gt=30 pred=34 ❌  | spn: gt=F#1 pred=A#2 ❌  | doremi: gt=fa# pred=fa# ✅  | hz: gt=46.2493 pred=105.26 ❌
    [ 212/280] cello       sat_medium    F#1  | midi: gt=30 pred=36 ❌  | spn: gt=F#1 pred=A#2 ❌  | doremi: gt=fa# pred=fa# ✅  | hz: gt=46.2493 pred=105.26 ❌
    [ 213/280] guitar      sat_medium    F#1  | midi: gt=30 pred=34 ❌  | spn: gt=F#1 pred=C2 ❌  | doremi: gt=fa# pred=fa# ✅  | hz: gt=46.2493 pred=435.0 ❌
    [ 214/280] triangle    sat_medium    F#1  | midi: gt=30 pred=35 ❌  | spn: gt=F#1 pred=C2 ❌  | doremi: gt=fa# pred=fa# ✅  | hz: gt=46.2493 pred=250.0 ❌
    [ 215/280] sawtooth    sat_medium    F#1  | midi: gt=30 pred=43 ❌  | spn: gt=F#1 pred=C2 ❌  | doremi: gt=fa# pred=fa# ✅  | hz: gt=46.2493 pred=1046.53 ❌
    [ 216/280] cello       sat_medium    C2  | midi: gt=36 pred=48 ❌  | spn: gt=C2 pred=C2 ✅  | doremi: gt=do pred=fa# ❌  | hz: gt=65.4064 pred=105.26 ❌
    [ 217/280] oboe        sat_medium    C2  | midi: gt=36 pred=36 ✅  | spn: gt=C2 pred=C2 ✅  | doremi: gt=do pred=fa# ❌  | hz: gt=65.4064 pred=435.0 ❌
    [ 218/280] voice       sat_medium    C2  | midi: gt=36 pred=64 ❌  | spn: gt=C2 pred=C6 ❌  | doremi: gt=do pred=fa# ❌  | hz: gt=65.4064 pred=415.38 ❌
    [ 219/280] synth_lead  sat_medium    C2  | midi: gt=36 pred=65 ❌  | spn: gt=C2 pred=C6 ❌  | doremi: gt=do pred=fa# ❌  | hz: gt=65.4064 pred=1050.0 ❌
    [ 220/280] flute       sat_medium    C2  | midi: gt=36 pred=43 ❌  | spn: gt=C2 pred=C2 ✅  | doremi: gt=do pred=fa# ❌  | hz: gt=65.4064 pred=415.3068792 ❌
    [ 221/280] sawtooth    sat_medium    G2  | midi: gt=43 pred=43 ✅  | spn: gt=G2 pred=F#2 ❌  | doremi: gt=sol pred=sol ✅  | hz: gt=97.9989 pred=435.89 ❌
    [ 222/280] triangle    sat_medium    G2  | midi: gt=43 pred=43 ✅  | spn: gt=G2 pred=C6 ❌  | doremi: gt=sol pred=sol ✅  | hz: gt=97.9989 pred=150.0 ❌
    [ 223/280] voice       sat_medium    G2  | midi: gt=43 pred=63 ❌  | spn: gt=G2 pred=C6 ❌  | doremi: gt=sol pred=fa# ❌  | hz: gt=97.9989 pred=480.0 ❌
    [ 224/280] violin      sat_medium    G2  | midi: gt=43 pred=43 ✅  | spn: gt=G2 pred=C2 ❌  | doremi: gt=sol pred=sol ✅  | hz: gt=97.9989 pred=105.26 ❌
    [ 225/280] oboe        sat_medium    G2  | midi: gt=43 pred=43 ✅  | spn: gt=G2 pred=C4 ❌  | doremi: gt=sol pred=sol ✅  | hz: gt=97.9989 pred=435.0 ❌
    [ 226/280] clarinet    sat_medium    C3  | midi: gt=48 pred=64 ❌  | spn: gt=C3 pred=C6 ❌  | doremi: gt=do pred=fa# ❌  | hz: gt=130.8128 pred=435.0 ❌
    [ 227/280] triangle    sat_medium    C3  | midi: gt=48 pred=48 ✅  | spn: gt=C3 pred=C6 ❌  | doremi: gt=do pred=sol ❌  | hz: gt=130.8128 pred=480.0 ❌
    [ 228/280] flute       sat_medium    C3  | midi: gt=48 pred=48 ✅  | spn: gt=C3 pred=C6 ❌  | doremi: gt=do pred=sol ❌  | hz: gt=130.8128 pred=480.0 ❌
    [ 229/280] guitar      sat_medium    C3  | midi: gt=48 pred=48 ✅  | spn: gt=C3 pred=C4 ❌  | doremi: gt=do pred=sol ❌  | hz: gt=130.8128 pred=480.0 ❌
    [ 230/280] synth_pad   sat_medium    C3  | midi: gt=48 pred=64 ❌  | spn: gt=C3 pred=C6 ❌  | doremi: gt=do pred=fa# ❌  | hz: gt=130.8128 pred=480.0 ❌
    [ 231/280] synth_pad   sat_medium    F#3  | midi: gt=54 pred=65 ❌  | spn: gt=F#3 pred=C6 ❌  | doremi: gt=fa# pred=fa# ✅  | hz: gt=184.9972 pred=480.0 ❌
    [ 232/280] organ       sat_medium    F#3  | midi: gt=54 pred=65 ❌  | spn: gt=F#3 pred=C6 ❌  | doremi: gt=fa# pred=sol# ❌  | hz: gt=184.9972 pred=450.0 ❌
    [ 233/280] piano       sat_medium    F#3  | midi: gt=54 pred=63 ❌  | spn: gt=F#3 pred=C6 ❌  | doremi: gt=fa# pred=sol ❌  | hz: gt=184.9972 pred=480.0 ❌
    [ 234/280] cello       sat_medium    F#3  | midi: gt=54 pred=54 ✅  | spn: gt=F#3 pred=F#3 ✅  | doremi: gt=fa# pred=sol ❌  | hz: gt=184.9972 pred=420.0 ❌
    [ 235/280] square      sat_medium    F#3  | midi: gt=54 pred=65 ❌  | spn: gt=F#3 pred=F#2 ❌  | doremi: gt=fa# pred=sol ❌  | hz: gt=184.9972 pred=1046.53 ❌
    [ 236/280] trumpet     sat_medium    A#3  | midi: gt=58 pred=58 ✅  | spn: gt=A#3 pred=A4 ❌  | doremi: gt=la# pred=sol ❌  | hz: gt=233.0819 pred=450.0 ❌
    [ 237/280] organ       sat_medium    A#3  | midi: gt=58 pred=69 ❌  | spn: gt=A#3 pred=None ❌  | doremi: gt=la# pred=sol# ❌  | hz: gt=233.0819 pred=450.0 ❌
    [ 238/280] flute       sat_medium    A#3  | midi: gt=58 pred=58 ✅  | spn: gt=A#3 pred=C6 ❌  | doremi: gt=la# pred=sol ❌  | hz: gt=233.0819 pred=450.0 ❌
    [ 239/280] square      sat_medium    A#3  | midi: gt=58 pred=65 ❌  | spn: gt=A#3 pred=A6 ❌  | doremi: gt=la# pred=sol ❌  | hz: gt=233.0819 pred=450.0 ❌
    [ 240/280] synth_lead  sat_medium    A#3  | midi: gt=58 pred=64 ❌  | spn: gt=A#3 pred=C6 ❌  | doremi: gt=la# pred=sol# ❌  | hz: gt=233.0819 pred=1667.0 ❌
    [ 241/280] synth_pad   sat_medium    C4  | midi: gt=60 pred=64 ❌  | spn: gt=C4 pred=C6 ❌  | doremi: gt=do pred=sol ❌  | hz: gt=261.6256 pred=480.0 ❌
    [ 242/280] triangle    sat_medium    C4  | midi: gt=60 pred=68 ❌  | spn: gt=C4 pred=C6 ❌  | doremi: gt=do pred=sol ❌  | hz: gt=261.6256 pred=480.0 ❌
    [ 243/280] sawtooth    sat_medium    C4  | midi: gt=60 pred=64 ❌  | spn: gt=C4 pred=C6 ❌  | doremi: gt=do pred=sol ❌  | hz: gt=261.6256 pred=480.0 ❌
    [ 244/280] sine        sat_medium    C4  | midi: gt=60 pred=63 ❌  | spn: gt=C4 pred=C6 ❌  | doremi: gt=do pred=sol ❌  | hz: gt=261.6256 pred=480.0 ❌
    [ 245/280] synth_lead  sat_medium    C4  | midi: gt=60 pred=64 ❌  | spn: gt=C4 pred=C6 ❌  | doremi: gt=do pred=sol ❌  | hz: gt=261.6256 pred=480.0 ❌
    [ 246/280] flute       sat_medium    E4  | midi: gt=64 pred=64 ✅  | spn: gt=E4 pred=C6 ❌  | doremi: gt=mi pred=sol ❌  | hz: gt=329.6276 pred=480.0 ❌
    [ 247/280] electric_keyboard  sat_medium    E4  | midi: gt=64 pred=64 ✅  | spn: gt=E4 pred=C6 ❌  | doremi: gt=mi pred=mi ✅  | hz: gt=329.6276 pred=64.0 ❌
    [ 248/280] cello       sat_medium    E4  | midi: gt=64 pred=64 ✅  | spn: gt=E4 pred=C6 ❌  | doremi: gt=mi pred=sol ❌  | hz: gt=329.6276 pred=408.0 ❌
    [ 249/280] bass        sat_medium    E4  | midi: gt=64 pred=65 ❌  | spn: gt=E4 pred=A#6 ❌  | doremi: gt=mi pred=mi ✅  | hz: gt=329.6276 pred=500.0 ❌
    [ 250/280] voice       sat_medium    E4  | midi: gt=64 pred=68 ❌  | spn: gt=E4 pred=C6 ❌  | doremi: gt=mi pred=sol# ❌  | hz: gt=329.6276 pred=1058.43 ❌
    [ 251/280] guitar      sat_medium    G4  | midi: gt=67 pred=68 ❌  | spn: gt=G4 pred=C6 ❌  | doremi: gt=sol pred=sol ✅  | hz: gt=391.9954 pred=493.88 ❌
    [ 252/280] violin      sat_medium    G4  | midi: gt=67 pred=63 ❌  | spn: gt=G4 pred=C6 ❌  | doremi: gt=sol pred=sol ✅  | hz: gt=391.9954 pred=480.0 ❌
    [ 253/280] sawtooth    sat_medium    G4  | midi: gt=67 pred=63 ❌  | spn: gt=G4 pred=C6 ❌  | doremi: gt=sol pred=sol ✅  | hz: gt=391.9954 pred=480.0 ❌
    [ 254/280] electric_keyboard  sat_medium    G4  | midi: gt=67 pred=68 ❌  | spn: gt=G4 pred=C6 ❌  | doremi: gt=sol pred=mi ❌  | hz: gt=391.9954 pred=67.5 ❌
    [ 255/280] voice       sat_medium    G4  | midi: gt=67 pred=69 ❌  | spn: gt=G4 pred=C6 ❌  | doremi: gt=sol pred=sol# ❌  | hz: gt=391.9954 pred=480.0 ❌
    [ 256/280] sine        sat_medium    A4  | midi: gt=69 pred=69 ✅  | spn: gt=A4 pred=A6 ❌  | doremi: gt=la pred=sol ❌  | hz: gt=440.0 pred=450.0 ❌
    [ 257/280] violin      sat_medium    A4  | midi: gt=69 pred=69 ✅  | spn: gt=A4 pred=A4 ✅  | doremi: gt=la pred=sol ❌  | hz: gt=440.0 pred=693.04 ❌
    [ 258/280] trumpet     sat_medium    A4  | midi: gt=69 pred=69 ✅  | spn: gt=A4 pred=A7 ❌  | doremi: gt=la pred=sol ❌  | hz: gt=440.0 pred=1046.57 ❌
    [ 259/280] organ       sat_medium    A4  | midi: gt=69 pred=69 ✅  | spn: gt=A4 pred=A7 ❌  | doremi: gt=la pred=sol ❌  | hz: gt=440.0 pred=450.0 ❌
    [ 260/280] piano       sat_medium    A4  | midi: gt=69 pred=69 ✅  | spn: gt=A4 pred=C6 ❌  | doremi: gt=la pred=fa# ❌  | hz: gt=440.0 pred=493.88 ❌
    [ 261/280] cello       sat_medium    C#5  | midi: gt=73 pred=68 ❌  | spn: gt=C#5 pred=C6 ❌  | doremi: gt=do# pred=sol ❌  | hz: gt=554.3653 pred=600.0 ❌
    [ 262/280] synth_pad   sat_medium    C#5  | midi: gt=73 pred=69 ❌  | spn: gt=C#5 pred=C6 ❌  | doremi: gt=do# pred=sol# ❌  | hz: gt=554.3653 pred=1058.47 ❌
    [ 263/280] bass        sat_medium    C#5  | midi: gt=73 pred=68 ❌  | spn: gt=C#5 pred=C6 ❌  | doremi: gt=do# pred=sol ❌  | hz: gt=554.3653 pred=480.0 ❌
    [ 264/280] piano       sat_medium    C#5  | midi: gt=73 pred=68 ❌  | spn: gt=C#5 pred=C6 ❌  | doremi: gt=do# pred=fa# ❌  | hz: gt=554.3653 pred=493.88 ❌
    [ 265/280] triangle    sat_medium    C#5  | midi: gt=73 pred=68 ❌  | spn: gt=C#5 pred=C6 ❌  | doremi: gt=do# pred=sol ❌  | hz: gt=554.3653 pred=480.0 ❌
    [ 266/280] trombone    sat_medium    E5  | midi: gt=76 pred=69 ❌  | spn: gt=E5 pred=A#6 ❌  | doremi: gt=mi pred=sol ❌  | hz: gt=659.2551 pred=400.0 ❌
    [ 267/280] guitar      sat_medium    E5  | midi: gt=76 pred=63 ❌  | spn: gt=E5 pred=C6 ❌  | doremi: gt=mi pred=sol# ❌  | hz: gt=659.2551 pred=493.88 ❌
    [ 268/280] sawtooth    sat_medium    E5  | midi: gt=76 pred=69 ❌  | spn: gt=E5 pred=A6 ❌  | doremi: gt=mi pred=sol ❌  | hz: gt=659.2551 pred=450.0 ❌
    [ 269/280] synth_lead  sat_medium    E5  | midi: gt=76 pred=68 ❌  | spn: gt=E5 pred=C6 ❌  | doremi: gt=mi pred=sol ❌  | hz: gt=659.2551 pred=1046.53 ❌
    [ 270/280] oboe        sat_medium    E5  | midi: gt=76 pred=83 ❌  | spn: gt=E5 pred=B6 ❌  | doremi: gt=mi pred=sol ❌  | hz: gt=659.2551 pred=833.33 ❌
    [ 271/280] clarinet    sat_medium    G5  | midi: gt=79 pred=69 ❌  | spn: gt=G5 pred=C6 ❌  | doremi: gt=sol pred=sol ✅  | hz: gt=783.9909 pred=659.3 ❌
    [ 272/280] sawtooth    sat_medium    G5  | midi: gt=79 pred=69 ❌  | spn: gt=G5 pred=A6 ❌  | doremi: gt=sol pred=sol ✅  | hz: gt=783.9909 pred=450.0 ❌
    [ 273/280] synth_pad   sat_medium    G5  | midi: gt=79 pred=69 ❌  | spn: gt=G5 pred=C6 ❌  | doremi: gt=sol pred=sol# ❌  | hz: gt=783.9909 pred=1075.83 ❌
    [ 274/280] bass        sat_medium    G5  | midi: gt=79 pred=69 ❌  | spn: gt=G5 pred=C6 ❌  | doremi: gt=sol pred=sol# ❌  | hz: gt=783.9909 pred=1034.57 ❌
    [ 275/280] trumpet     sat_medium    G5  | midi: gt=79 pred=83 ❌  | spn: gt=G5 pred=A#6 ❌  | doremi: gt=sol pred=sol ✅  | hz: gt=783.9909 pred=6950.0 ❌
    [ 276/280] synth_lead  sat_medium    E6  | midi: gt=88 pred=68 ❌  | spn: gt=E6 pred=C6 ❌  | doremi: gt=mi pred=sol ❌  | hz: gt=1318.5102 pred=1046.57 ❌
    [ 277/280] electric_keyboard  sat_medium    E6  | midi: gt=88 pred=88 ✅  | spn: gt=E6 pred=E8 ❌  | doremi: gt=mi pred=sol ❌  | hz: gt=1318.5102 pred=830.41 ❌
    [ 278/280] sawtooth    sat_medium    E6  | midi: gt=88 pred=65 ❌  | spn: gt=E6 pred=F#6 ❌  | doremi: gt=mi pred=sol# ❌  | hz: gt=1318.5102 pred=1046.53 ❌
    [ 279/280] square      sat_medium    E6  | midi: gt=88 pred=65 ❌  | spn: gt=E6 pred=C6 ❌  | doremi: gt=mi pred=sol# ❌  | hz: gt=1318.5102 pred=450.0 ❌
    [ 280/280] cello       sat_medium    E6  | midi: gt=88 pred=86 ❌  | spn: gt=E6 pred=C6 ❌  | doremi: gt=mi pred=sol# ❌  | hz: gt=1318.5102 pred=1046.57 ❌

============================================================
SUMMARY — audio_flamingo_next_instruct
  Sampling     : 280 of 1064 (stratified by '(saturation_level, midi)', seed=42)
  Stimuli (total)     : 280
  Stimuli (condition) : 280  (all records)

  Format   Accuracy
  ──────────────────
    MIDI      32.9%
     SPN       7.9%
  DOREMI      23.9%
      HZ       0.7%
     ANY      53.9%

  *** WARNING: working tree has uncommitted changes — results will NOT be exactly reproducible from git_commit alone ***


Results saved → results/run_20260505_071452/pitchbench_e4_harmonic_saturation/run_001_20260505_081233/results_audio_flamingo_next_instruct.*

############################################################
# pitchbench_e5_time_stretch
############################################################

Experiment : pitchbench_e5_time_stretch
Models     : audio_flamingo_next_instruct
Stimuli    : 300
  Sampling     : 300 of 1140 (stratified by '(condition, midi)', seed=42)

  Model : Audio Flamingo Next – instruct
    [dispatch] 300 items, max_workers=1
    [   1/300] triangle    clean           orig=C2   → gt=C2  | midi: gt=36 pred=45 ❌  | spn: gt=C2 pred=C4 ❌  | doremi: gt=do pred=sol ❌  | hz: gt=65.4064 pred=480.0 ❌
    [   2/300] sine        clean           orig=C2   → gt=C2  | midi: gt=36 pred=48 ❌  | spn: gt=C2 pred=C2 ✅  | doremi: gt=do pred=sol ❌  | hz: gt=65.4064 pred=480.0 ❌
    [   3/300] trumpet     clean           orig=C2   → gt=C2  | midi: gt=36 pred=36 ✅  | spn: gt=C2 pred=C2 ✅  | doremi: gt=do pred=re ❌  | hz: gt=65.4064 pred=340.0 ❌
    [   4/300] flute       clean           orig=C2   → gt=C2  | midi: gt=36 pred=48 ❌  | spn: gt=C2 pred=C2 ✅  | doremi: gt=do pred=fa# ❌  | hz: gt=65.4064 pred=480.0 ❌
    [   5/300] voice       clean           orig=C2   → gt=C2  | midi: gt=36 pred=65 ❌  | spn: gt=C2 pred=C4 ❌  | doremi: gt=do pred=sol ❌  | hz: gt=65.4064 pred=480.0 ❌
    [   6/300] piano       clean           orig=G2   → gt=G2  | midi: gt=43 pred=43 ✅  | spn: gt=G2 pred=C4 ❌  | doremi: gt=sol pred=sol ✅  | hz: gt=97.9989 pred=435.0 ❌
    [   7/300] triangle    clean           orig=G2   → gt=G2  | midi: gt=43 pred=43 ✅  | spn: gt=G2 pred=C6 ❌  | doremi: gt=sol pred=sol ✅  | hz: gt=97.9989 pred=480.0 ❌
    [   8/300] square      clean           orig=G2   → gt=G2  | midi: gt=43 pred=43 ✅  | spn: gt=G2 pred=F#2 ❌  | doremi: gt=sol pred=sol ✅  | hz: gt=97.9989 pred=450.0 ❌
    [   9/300] cello       clean           orig=G2   → gt=G2  | midi: gt=43 pred=43 ✅  | spn: gt=G2 pred=G2 ✅  | doremi: gt=sol pred=mi ❌  | hz: gt=97.9989 pred=430.51 ❌
    [  10/300] sine        clean           orig=G2   → gt=G2  | midi: gt=43 pred=48 ❌  | spn: gt=G2 pred=C4 ❌  | doremi: gt=sol pred=sol ✅  | hz: gt=97.9989 pred=480.0 ❌
    [  11/300] sine        clean           orig=C3   → gt=C3  | midi: gt=48 pred=48 ✅  | spn: gt=C3 pred=C2 ❌  | doremi: gt=do pred=sol ❌  | hz: gt=130.8128 pred=480.0 ❌
    [  12/300] square      clean           orig=C3   → gt=C3  | midi: gt=48 pred=45 ❌  | spn: gt=C3 pred=C6 ❌  | doremi: gt=do pred=sol ❌  | hz: gt=130.8128 pred=450.0 ❌
    [  13/300] guitar      clean           orig=C3   → gt=C3  | midi: gt=48 pred=48 ✅  | spn: gt=C3 pred=C4 ❌  | doremi: gt=do pred=sol ❌  | hz: gt=130.8128 pred=480.0 ❌
    [  14/300] flute       clean           orig=C3   → gt=C3  | midi: gt=48 pred=48 ✅  | spn: gt=C3 pred=C6 ❌  | doremi: gt=do pred=sol ❌  | hz: gt=130.8128 pred=480.0 ❌
    [  15/300] trumpet     clean           orig=C3   → gt=C3  | midi: gt=48 pred=48 ✅  | spn: gt=C3 pred=C4 ❌  | doremi: gt=do pred=sol ❌  | hz: gt=130.8128 pred=480.0 ❌
    [  16/300] sine        clean           orig=F#3  → gt=F#3  | midi: gt=54 pred=48 ❌  | spn: gt=F#3 pred=C4 ❌  | doremi: gt=fa# pred=sol ❌  | hz: gt=184.9972 pred=480.0 ❌
    [  17/300] synth_pad   clean           orig=F#3  → gt=F#3  | midi: gt=54 pred=65 ❌  | spn: gt=F#3 pred=C6 ❌  | doremi: gt=fa# pred=sol ❌  | hz: gt=184.9972 pred=480.0 ❌
    [  18/300] guitar      clean           orig=F#3  → gt=F#3  | midi: gt=54 pred=54 ✅  | spn: gt=F#3 pred=C4 ❌  | doremi: gt=fa# pred=mi ❌  | hz: gt=184.9972 pred=435.0 ❌
    [  19/300] cello       clean           orig=F#3  → gt=F#3  | midi: gt=54 pred=54 ✅  | spn: gt=F#3 pred=F#4 ❌  | doremi: gt=fa# pred=mi ❌  | hz: gt=184.9972 pred=420.0 ❌
    [  20/300] triangle    clean           orig=F#3  → gt=F#3  | midi: gt=54 pred=54 ✅  | spn: gt=F#3 pred=F#2 ❌  | doremi: gt=fa# pred=sol ❌  | hz: gt=184.9972 pred=480.0 ❌
    [  21/300] organ       clean           orig=A#3  → gt=A#3  | midi: gt=58 pred=58 ✅  | spn: gt=A#3 pred=None ❌  | doremi: gt=la# pred=sol ❌  | hz: gt=233.0819 pred=450.0 ❌
    [  22/300] trumpet     clean           orig=A#3  → gt=A#3  | midi: gt=58 pred=58 ✅  | spn: gt=A#3 pred=A#6 ❌  | doremi: gt=la# pred=sol ❌  | hz: gt=233.0819 pred=450.0 ❌
    [  23/300] sine        clean           orig=A#3  → gt=A#3  | midi: gt=58 pred=58 ✅  | spn: gt=A#3 pred=C4 ❌  | doremi: gt=la# pred=sol ❌  | hz: gt=233.0819 pred=450.0 ❌
    [  24/300] electric_keyboard  clean           orig=A#3  → gt=A#3  | midi: gt=58 pred=58 ✅  | spn: gt=A#3 pred=A#5 ❌  | doremi: gt=la# pred=mi ❌  | hz: gt=233.0819 pred=58.0 ❌
    [  25/300] oboe        clean           orig=A#3  → gt=A#3  | midi: gt=58 pred=58 ✅  | spn: gt=A#3 pred=None ❌  | doremi: gt=la# pred=mi ❌  | hz: gt=233.0819 pred=453.06 ❌
    [  26/300] cello       clean           orig=C4   → gt=C4  | midi: gt=60 pred=63 ❌  | spn: gt=C4 pred=C6 ❌  | doremi: gt=do pred=sol ❌  | hz: gt=261.6256 pred=480.0 ❌
    [  27/300] clarinet    clean           orig=C4   → gt=C4  | midi: gt=60 pred=65 ❌  | spn: gt=C4 pred=C6 ❌  | doremi: gt=do pred=sol ❌  | hz: gt=261.6256 pred=450.0 ❌
    [  28/300] trumpet     clean           orig=C4   → gt=C4  | midi: gt=60 pred=64 ❌  | spn: gt=C4 pred=C6 ❌  | doremi: gt=do pred=sol ❌  | hz: gt=261.6256 pred=480.0 ❌
    [  29/300] piano       clean           orig=C4   → gt=C4  | midi: gt=60 pred=63 ❌  | spn: gt=C4 pred=C6 ❌  | doremi: gt=do pred=sol ❌  | hz: gt=261.6256 pred=480.0 ❌
    [  30/300] triangle    clean           orig=C4   → gt=C4  | midi: gt=60 pred=63 ❌  | spn: gt=C4 pred=C6 ❌  | doremi: gt=do pred=sol ❌  | hz: gt=261.6256 pred=480.0 ❌
    [  31/300] clarinet    clean           orig=E4   → gt=E4  | midi: gt=64 pred=64 ✅  | spn: gt=E4 pred=C6 ❌  | doremi: gt=mi pred=mi ✅  | hz: gt=329.6276 pred=450.0 ❌
    [  32/300] triangle    clean           orig=E4   → gt=E4  | midi: gt=64 pred=63 ❌  | spn: gt=E4 pred=C6 ❌  | doremi: gt=mi pred=sol ❌  | hz: gt=329.6276 pred=450.0 ❌
    [  33/300] square      clean           orig=E4   → gt=E4  | midi: gt=64 pred=64 ✅  | spn: gt=E4 pred=A6 ❌  | doremi: gt=mi pred=sol ❌  | hz: gt=329.6276 pred=450.0 ❌
    [  34/300] violin      clean           orig=E4   → gt=E4  | midi: gt=64 pred=64 ✅  | spn: gt=E4 pred=C6 ❌  | doremi: gt=mi pred=sol ❌  | hz: gt=329.6276 pred=400.0 ❌
    [  35/300] sawtooth    clean           orig=E4   → gt=E4  | midi: gt=64 pred=64 ✅  | spn: gt=E4 pred=A6 ❌  | doremi: gt=mi pred=sol ❌  | hz: gt=329.6276 pred=450.0 ❌
    [  36/300] oboe        clean           orig=G4   → gt=G4  | midi: gt=67 pred=67 ✅  | spn: gt=G4 pred=C6 ❌  | doremi: gt=sol pred=sol ✅  | hz: gt=391.9954 pred=6750.0 ❌
    [  37/300] voice       clean           orig=G4   → gt=G4  | midi: gt=67 pred=69 ❌  | spn: gt=G4 pred=C6 ❌  | doremi: gt=sol pred=sol ✅  | hz: gt=391.9954 pred=435.0 ❌
    [  38/300] trumpet     clean           orig=G4   → gt=G4  | midi: gt=67 pred=67 ✅  | spn: gt=G4 pred=C6 ❌  | doremi: gt=sol pred=sol ✅  | hz: gt=391.9954 pred=6750.0 ❌
    [  39/300] sawtooth    clean           orig=G4   → gt=G4  | midi: gt=67 pred=63 ❌  | spn: gt=G4 pred=F#6 ❌  | doremi: gt=sol pred=sol ✅  | hz: gt=391.9954 pred=450.0 ❌
    [  40/300] synth_pad   clean           orig=G4   → gt=G4  | midi: gt=67 pred=69 ❌  | spn: gt=G4 pred=C6 ❌  | doremi: gt=sol pred=sol ✅  | hz: gt=391.9954 pred=480.0 ❌
    [  41/300] organ       clean           orig=A4   → gt=A4  | midi: gt=69 pred=69 ✅  | spn: gt=A4 pred=None ❌  | doremi: gt=la pred=sol ❌  | hz: gt=440.0 pred=693.0 ❌
    [  42/300] synth_pad   clean           orig=A4   → gt=A4  | midi: gt=69 pred=69 ✅  | spn: gt=A4 pred=C6 ❌  | doremi: gt=la pred=sol ❌  | hz: gt=440.0 pred=450.0 ❌
    [  43/300] triangle    clean           orig=A4   → gt=A4  | midi: gt=69 pred=69 ✅  | spn: gt=A4 pred=A6 ❌  | doremi: gt=la pred=sol ❌  | hz: gt=440.0 pred=450.0 ❌
    [  44/300] violin      clean           orig=A4   → gt=A4  | midi: gt=69 pred=69 ✅  | spn: gt=A4 pred=None ❌  | doremi: gt=la pred=sol ❌  | hz: gt=440.0 pred=450.0 ❌
    [  45/300] sawtooth    clean           orig=A4   → gt=A4  | midi: gt=69 pred=69 ✅  | spn: gt=A4 pred=A4 ✅  | doremi: gt=la pred=sol ❌  | hz: gt=440.0 pred=450.0 ❌
    [  46/300] synth_pad   clean           orig=C5   → gt=C5  | midi: gt=72 pred=69 ❌  | spn: gt=C5 pred=C6 ❌  | doremi: gt=do pred=sol ❌  | hz: gt=523.2511 pred=480.0 ❌
    [  47/300] trombone    clean           orig=C5   → gt=C5  | midi: gt=72 pred=68 ❌  | spn: gt=C5 pred=C6 ❌  | doremi: gt=do pred=sol ❌  | hz: gt=523.2511 pred=600.0 ❌
    [  48/300] oboe        clean           orig=C5   → gt=C5  | midi: gt=72 pred=68 ❌  | spn: gt=C5 pred=C6 ❌  | doremi: gt=do pred=sol ❌  | hz: gt=523.2511 pred=600.0 ❌
    [  49/300] guitar      clean           orig=C5   → gt=C5  | midi: gt=72 pred=68 ❌  | spn: gt=C5 pred=C6 ❌  | doremi: gt=do pred=sol ❌  | hz: gt=523.2511 pred=480.0 ❌
    [  50/300] synth_lead  clean           orig=C5   → gt=C5  | midi: gt=72 pred=63 ❌  | spn: gt=C5 pred=C6 ❌  | doremi: gt=do pred=sol ❌  | hz: gt=523.2511 pred=480.0 ❌
    [  51/300] square      clean           orig=F5   → gt=F5  | midi: gt=77 pred=65 ❌  | spn: gt=F5 pred=F#6 ❌  | doremi: gt=fa pred=sol ❌  | hz: gt=698.4565 pred=450.0 ❌
    [  52/300] sawtooth    clean           orig=F5   → gt=F5  | midi: gt=77 pred=69 ❌  | spn: gt=F5 pred=F#6 ❌  | doremi: gt=fa pred=sol ❌  | hz: gt=698.4565 pred=450.0 ❌
    [  53/300] flute       clean           orig=F5   → gt=F5  | midi: gt=77 pred=65 ❌  | spn: gt=F5 pred=F#6 ❌  | doremi: gt=fa pred=sol ❌  | hz: gt=698.4565 pred=700.0 ✅
    [  54/300] trombone    clean           orig=F5   → gt=F5  | midi: gt=77 pred=69 ❌  | spn: gt=F5 pred=C6 ❌  | doremi: gt=fa pred=sol ❌  | hz: gt=698.4565 pred=659.3 ❌
    [  55/300] synth_pad   clean           orig=F5   → gt=F5  | midi: gt=77 pred=69 ❌  | spn: gt=F5 pred=C6 ❌  | doremi: gt=fa pred=sol ❌  | hz: gt=698.4565 pred=460.0 ❌
    [  56/300] flute       clean           orig=C6   → gt=C6  | midi: gt=84 pred=84 ✅  | spn: gt=C6 pred=C6 ✅  | doremi: gt=do pred=sol ❌  | hz: gt=1046.5023 pred=840.0 ❌
    [  57/300] triangle    clean           orig=C6   → gt=C6  | midi: gt=84 pred=68 ❌  | spn: gt=C6 pred=C6 ✅  | doremi: gt=do pred=sol ❌  | hz: gt=1046.5023 pred=480.0 ❌
    [  58/300] violin      clean           orig=C6   → gt=C6  | midi: gt=84 pred=84 ✅  | spn: gt=C6 pred=C6 ✅  | doremi: gt=do pred=sol ❌  | hz: gt=1046.5023 pred=480.0 ❌
    [  59/300] trumpet     clean           orig=C6   → gt=C6  | midi: gt=84 pred=84 ✅  | spn: gt=C6 pred=C6 ✅  | doremi: gt=do pred=sol ❌  | hz: gt=1046.5023 pred=800.0 ❌
    [  60/300] voice       clean           orig=C6   → gt=C6  | midi: gt=84 pred=84 ✅  | spn: gt=C6 pred=C6 ✅  | doremi: gt=do pred=sol ❌  | hz: gt=1046.5023 pred=840.0 ❌
    [  61/300] oboe        resample_0.5x   orig=C2   → gt=C3  | midi: gt=48 pred=48 ✅  | spn: gt=C3 pred=C4 ❌  | doremi: gt=do pred=fa# ❌  | hz: gt=130.8128 pred=480.0 ❌
    [  62/300] electric_keyboard  resample_0.5x   orig=C2   → gt=C3  | midi: gt=48 pred=48 ✅  | spn: gt=C3 pred=C6 ❌  | doremi: gt=do pred=sol ❌  | hz: gt=130.8128 pred=480.0 ❌
    [  63/300] voice       resample_0.5x   orig=C2   → gt=C3  | midi: gt=48 pred=65 ❌  | spn: gt=C3 pred=C6 ❌  | doremi: gt=do pred=sol ❌  | hz: gt=130.8128 pred=415.3 ❌
    [  64/300] synth_lead  resample_0.5x   orig=C2   → gt=C3  | midi: gt=48 pred=64 ❌  | spn: gt=C3 pred=C6 ❌  | doremi: gt=do pred=sol ❌  | hz: gt=130.8128 pred=415.3 ❌
    [  65/300] triangle    resample_0.5x   orig=C2   → gt=C3  | midi: gt=48 pred=48 ✅  | spn: gt=C3 pred=C6 ❌  | doremi: gt=do pred=sol ❌  | hz: gt=130.8128 pred=480.0 ❌
    [  66/300] trumpet     resample_0.5x   orig=G2   → gt=G3  | midi: gt=55 pred=68 ❌  | spn: gt=G3 pred=A#6 ❌  | doremi: gt=sol pred=sol ✅  | hz: gt=195.9977 pred=450.0 ❌
    [  67/300] square      resample_0.5x   orig=G2   → gt=G3  | midi: gt=55 pred=63 ❌  | spn: gt=G3 pred=C6 ❌  | doremi: gt=sol pred=sol ✅  | hz: gt=195.9977 pred=480.0 ❌
    [  68/300] electric_keyboard  resample_0.5x   orig=G2   → gt=G3  | midi: gt=55 pred=56 ❌  | spn: gt=G3 pred=C6 ❌  | doremi: gt=sol pred=sol ✅  | hz: gt=195.9977 pred=435.0 ❌
    [  69/300] flute       resample_0.5x   orig=G2   → gt=G3  | midi: gt=55 pred=65 ❌  | spn: gt=G3 pred=C6 ❌  | doremi: gt=sol pred=sol ✅  | hz: gt=195.9977 pred=415.306872493 ❌
    [  70/300] synth_pad   resample_0.5x   orig=G2   → gt=G3  | midi: gt=55 pred=65 ❌  | spn: gt=G3 pred=C6 ❌  | doremi: gt=sol pred=sol ✅  | hz: gt=195.9977 pred=480.0 ❌
    [  71/300] organ       resample_0.5x   orig=C3   → gt=C4  | midi: gt=60 pred=63 ❌  | spn: gt=C4 pred=C6 ❌  | doremi: gt=do pred=sol ❌  | hz: gt=261.6256 pred=480.0 ❌
    [  72/300] violin      resample_0.5x   orig=C3   → gt=C4  | midi: gt=60 pred=68 ❌  | spn: gt=C4 pred=C6 ❌  | doremi: gt=do pred=sol ❌  | hz: gt=261.6256 pred=460.0 ❌
    [  73/300] trumpet     resample_0.5x   orig=C3   → gt=C4  | midi: gt=60 pred=64 ❌  | spn: gt=C4 pred=C6 ❌  | doremi: gt=do pred=sol ❌  | hz: gt=261.6256 pred=480.0 ❌
    [  74/300] flute       resample_0.5x   orig=C3   → gt=C4  | midi: gt=60 pred=63 ❌  | spn: gt=C4 pred=C6 ❌  | doremi: gt=do pred=sol ❌  | hz: gt=261.6256 pred=480.0 ❌
    [  75/300] clarinet    resample_0.5x   orig=C3   → gt=C4  | midi: gt=60 pred=65 ❌  | spn: gt=C4 pred=C6 ❌  | doremi: gt=do pred=sol ❌  | hz: gt=261.6256 pred=480.0 ❌
    [  76/300] clarinet    resample_0.5x   orig=F#3  → gt=F#4  | midi: gt=66 pred=68 ❌  | spn: gt=F#4 pred=C6 ❌  | doremi: gt=fa# pred=sol ❌  | hz: gt=369.9944 pred=435.0 ❌
    [  77/300] sawtooth    resample_0.5x   orig=F#3  → gt=F#4  | midi: gt=66 pred=65 ❌  | spn: gt=F#4 pred=F#6 ❌  | doremi: gt=fa# pred=sol ❌  | hz: gt=369.9944 pred=480.0 ❌
    [  78/300] flute       resample_0.5x   orig=F#3  → gt=F#4  | midi: gt=66 pred=69 ❌  | spn: gt=F#4 pred=C6 ❌  | doremi: gt=fa# pred=sol ❌  | hz: gt=369.9944 pred=460.0 ❌
    [  79/300] synth_pad   resample_0.5x   orig=F#3  → gt=F#4  | midi: gt=66 pred=65 ❌  | spn: gt=F#4 pred=C6 ❌  | doremi: gt=fa# pred=sol ❌  | hz: gt=369.9944 pred=480.0 ❌
    [  80/300] violin      resample_0.5x   orig=F#3  → gt=F#4  | midi: gt=66 pred=68 ❌  | spn: gt=F#4 pred=C6 ❌  | doremi: gt=fa# pred=sol ❌  | hz: gt=369.9944 pred=480.0 ❌
    [  81/300] clarinet    resample_0.5x   orig=A#3  → gt=A#4  | midi: gt=70 pred=69 ❌  | spn: gt=A#4 pred=C6 ❌  | doremi: gt=la# pred=sol ❌  | hz: gt=466.1638 pred=415.306 ❌
    [  82/300] violin      resample_0.5x   orig=A#3  → gt=A#4  | midi: gt=70 pred=69 ❌  | spn: gt=A#4 pred=C6 ❌  | doremi: gt=la# pred=sol ❌  | hz: gt=466.1638 pred=460.0 ❌
    [  83/300] trumpet     resample_0.5x   orig=A#3  → gt=A#4  | midi: gt=70 pred=69 ❌  | spn: gt=A#4 pred=A4 ❌  | doremi: gt=la# pred=sol ❌  | hz: gt=466.1638 pred=450.0 ❌
    [  84/300] square      resample_0.5x   orig=A#3  → gt=A#4  | midi: gt=70 pred=68 ❌  | spn: gt=A#4 pred=C6 ❌  | doremi: gt=la# pred=sol ❌  | hz: gt=466.1638 pred=480.0 ❌
    [  85/300] triangle    resample_0.5x   orig=A#3  → gt=A#4  | midi: gt=70 pred=69 ❌  | spn: gt=A#4 pred=C6 ❌  | doremi: gt=la# pred=sol ❌  | hz: gt=466.1638 pred=450.0 ❌
    [  86/300] voice       resample_0.5x   orig=C4   → gt=C5  | midi: gt=72 pred=68 ❌  | spn: gt=C5 pred=C6 ❌  | doremi: gt=do pred=sol ❌  | hz: gt=523.2511 pred=460.0 ❌
    [  87/300] clarinet    resample_0.5x   orig=C4   → gt=C5  | midi: gt=72 pred=68 ❌  | spn: gt=C5 pred=C6 ❌  | doremi: gt=do pred=sol ❌  | hz: gt=523.2511 pred=450.0 ❌
    [  88/300] guitar      resample_0.5x   orig=C4   → gt=C5  | midi: gt=72 pred=64 ❌  | spn: gt=C5 pred=C6 ❌  | doremi: gt=do pred=sol ❌  | hz: gt=523.2511 pred=480.0 ❌
    [  89/300] bass        resample_0.5x   orig=C4   → gt=C5  | midi: gt=72 pred=64 ❌  | spn: gt=C5 pred=C6 ❌  | doremi: gt=do pred=sol ❌  | hz: gt=523.2511 pred=480.0 ❌
    [  90/300] synth_lead  resample_0.5x   orig=C4   → gt=C5  | midi: gt=72 pred=65 ❌  | spn: gt=C5 pred=C6 ❌  | doremi: gt=do pred=sol ❌  | hz: gt=523.2511 pred=480.0 ❌
    [  91/300] organ       resample_0.5x   orig=E4   → gt=E5  | midi: gt=76 pred=83 ❌  | spn: gt=E5 pred=C6 ❌  | doremi: gt=mi pred=sol# ❌  | hz: gt=659.2551 pred=408.0 ❌
    [  92/300] piano       resample_0.5x   orig=E4   → gt=E5  | midi: gt=76 pred=65 ❌  | spn: gt=E5 pred=C6 ❌  | doremi: gt=mi pred=sol ❌  | hz: gt=659.2551 pred=460.0 ❌
    [  93/300] trumpet     resample_0.5x   orig=E4   → gt=E5  | midi: gt=76 pred=69 ❌  | spn: gt=E5 pred=C6 ❌  | doremi: gt=mi pred=sol ❌  | hz: gt=659.2551 pred=403.0 ❌
    [  94/300] synth_pad   resample_0.5x   orig=E4   → gt=E5  | midi: gt=76 pred=69 ❌  | spn: gt=E5 pred=C6 ❌  | doremi: gt=mi pred=sol ❌  | hz: gt=659.2551 pred=493.88 ❌
    [  95/300] triangle    resample_0.5x   orig=E4   → gt=E5  | midi: gt=76 pred=69 ❌  | spn: gt=E5 pred=C6 ❌  | doremi: gt=mi pred=sol ❌  | hz: gt=659.2551 pred=659.28 ✅
    [  96/300] synth_pad   resample_0.5x   orig=G4   → gt=G5  | midi: gt=79 pred=68 ❌  | spn: gt=G5 pred=C6 ❌  | doremi: gt=sol pred=sol ✅  | hz: gt=783.9909 pred=460.0 ❌
    [  97/300] voice       resample_0.5x   orig=G4   → gt=G5  | midi: gt=79 pred=69 ❌  | spn: gt=G5 pred=C6 ❌  | doremi: gt=sol pred=sol ✅  | hz: gt=783.9909 pred=450.0 ❌
    [  98/300] trumpet     resample_0.5x   orig=G4   → gt=G5  | midi: gt=79 pred=69 ❌  | spn: gt=G5 pred=C6 ❌  | doremi: gt=sol pred=sol ✅  | hz: gt=783.9909 pred=450.0 ❌
    [  99/300] cello       resample_0.5x   orig=G4   → gt=G5  | midi: gt=79 pred=68 ❌  | spn: gt=G5 pred=C6 ❌  | doremi: gt=sol pred=sol ✅  | hz: gt=783.9909 pred=1046.53 ❌
    [ 100/300] organ       resample_0.5x   orig=G4   → gt=G5  | midi: gt=79 pred=68 ❌  | spn: gt=G5 pred=C6 ❌  | doremi: gt=sol pred=sol ✅  | hz: gt=783.9909 pred=480.0 ❌
    [ 101/300] voice       resample_0.5x   orig=A4   → gt=A5  | midi: gt=81 pred=69 ❌  | spn: gt=A5 pred=C6 ❌  | doremi: gt=la pred=sol ❌  | hz: gt=880.0 pred=450.0 ❌
    [ 102/300] violin      resample_0.5x   orig=A4   → gt=A5  | midi: gt=81 pred=69 ❌  | spn: gt=A5 pred=C6 ❌  | doremi: gt=la pred=sol ❌  | hz: gt=880.0 pred=450.0 ❌
    [ 103/300] oboe        resample_0.5x   orig=A4   → gt=A5  | midi: gt=81 pred=83 ❌  | spn: gt=A5 pred=C6 ❌  | doremi: gt=la pred=sol ❌  | hz: gt=880.0 pred=6450.0 ❌
    [ 104/300] flute       resample_0.5x   orig=A4   → gt=A5  | midi: gt=81 pred=83 ❌  | spn: gt=A5 pred=C6 ❌  | doremi: gt=la pred=sol ❌  | hz: gt=880.0 pred=None ❌
    [ 105/300] square      resample_0.5x   orig=A4   → gt=A5  | midi: gt=81 pred=65 ❌  | spn: gt=A5 pred=C6 ❌  | doremi: gt=la pred=sol ❌  | hz: gt=880.0 pred=480.0 ❌
    [ 106/300] synth_lead  resample_0.5x   orig=C5   → gt=C6  | midi: gt=84 pred=68 ❌  | spn: gt=C6 pred=C6 ✅  | doremi: gt=do pred=sol ❌  | hz: gt=1046.5023 pred=480.0 ❌
    [ 107/300] bass        resample_0.5x   orig=C5   → gt=C6  | midi: gt=84 pred=68 ❌  | spn: gt=C6 pred=C6 ✅  | doremi: gt=do pred=sol ❌  | hz: gt=1046.5023 pred=480.0 ❌
    [ 108/300] square      resample_0.5x   orig=C5   → gt=C6  | midi: gt=84 pred=65 ❌  | spn: gt=C6 pred=C6 ✅  | doremi: gt=do pred=sol ❌  | hz: gt=1046.5023 pred=480.0 ❌
    [ 109/300] sawtooth    resample_0.5x   orig=C5   → gt=C6  | midi: gt=84 pred=65 ❌  | spn: gt=C6 pred=A6 ❌  | doremi: gt=do pred=sol ❌  | hz: gt=1046.5023 pred=480.0 ❌
    [ 110/300] cello       resample_0.5x   orig=C5   → gt=C6  | midi: gt=84 pred=68 ❌  | spn: gt=C6 pred=C6 ✅  | doremi: gt=do pred=sol# ❌  | hz: gt=1046.5023 pred=480.0 ❌
    [ 111/300] triangle    resample_0.5x   orig=F5   → gt=F6  | midi: gt=89 pred=83 ❌  | spn: gt=F6 pred=C6 ❌  | doremi: gt=fa pred=sol ❌  | hz: gt=1396.9129 pred=659.25 ❌
    [ 112/300] piano       resample_0.5x   orig=F5   → gt=F6  | midi: gt=89 pred=65 ❌  | spn: gt=F6 pred=C6 ❌  | doremi: gt=fa pred=sol ❌  | hz: gt=1396.9129 pred=415.3 ❌
    [ 113/300] electric_keyboard  resample_0.5x   orig=F5   → gt=F6  | midi: gt=89 pred=89 ✅  | spn: gt=F6 pred=C8 ❌  | doremi: gt=fa pred=sol ❌  | hz: gt=1396.9129 pred=8250.0 ❌
    [ 114/300] cello       resample_0.5x   orig=F5   → gt=F6  | midi: gt=89 pred=68 ❌  | spn: gt=F6 pred=C6 ❌  | doremi: gt=fa pred=sol ❌  | hz: gt=1396.9129 pred=1046.53 ❌
    [ 115/300] trombone    resample_0.5x   orig=F5   → gt=F6  | midi: gt=89 pred=69 ❌  | spn: gt=F6 pred=C6 ❌  | doremi: gt=fa pred=sol ❌  | hz: gt=1396.9129 pred=415.306 ❌
    [ 116/300] square      resample_0.5x   orig=C6   → gt=C7  | midi: gt=96 pred=65 ❌  | spn: gt=C7 pred=C6 ❌  | doremi: gt=do pred=sol ❌  | hz: gt=2093.0045 pred=480.0 ❌
    [ 117/300] violin      resample_0.5x   orig=C6   → gt=C7  | midi: gt=96 pred=68 ❌  | spn: gt=C7 pred=C6 ❌  | doremi: gt=do pred=sol# ❌  | hz: gt=2093.0045 pred=480.0 ❌
    [ 118/300] synth_pad   resample_0.5x   orig=C6   → gt=C7  | midi: gt=96 pred=69 ❌  | spn: gt=C7 pred=C6 ❌  | doremi: gt=do pred=sol ❌  | hz: gt=2093.0045 pred=480.0 ❌
    [ 119/300] organ       resample_0.5x   orig=C6   → gt=C7  | midi: gt=96 pred=84 ❌  | spn: gt=C7 pred=C6 ❌  | doremi: gt=do pred=sol ❌  | hz: gt=2093.0045 pred=480.0 ❌
    [ 120/300] trumpet     resample_0.5x   orig=C6   → gt=C7  | midi: gt=96 pred=68 ❌  | spn: gt=C7 pred=C6 ❌  | doremi: gt=do pred=sol ❌  | hz: gt=2093.0045 pred=480.0 ❌
    [ 121/300] trumpet     resample_2x     orig=C2   → gt=C1  | midi: gt=24 pred=35 ❌  | spn: gt=C1 pred=A#2 ❌  | doremi: gt=do pred=re ❌  | hz: gt=32.7032 pred=250.0 ❌
    [ 122/300] synth_pad   resample_2x     orig=C2   → gt=C1  | midi: gt=24 pred=65 ❌  | spn: gt=C1 pred=C2 ❌  | doremi: gt=do pred=fa# ❌  | hz: gt=32.7032 pred=480.0 ❌
    [ 123/300] sine        resample_2x     orig=C2   → gt=C1  | midi: gt=24 pred=35 ❌  | spn: gt=C1 pred=C2 ❌  | doremi: gt=do pred=sol ❌  | hz: gt=32.7032 pred=250.0 ❌
    [ 124/300] triangle    resample_2x     orig=C2   → gt=C1  | midi: gt=24 pred=48 ❌  | spn: gt=C1 pred=C2 ❌  | doremi: gt=do pred=sol ❌  | hz: gt=32.7032 pred=480.0 ❌
    [ 125/300] clarinet    resample_2x     orig=C2   → gt=C1  | midi: gt=24 pred=35 ❌  | spn: gt=C1 pred=C2 ❌  | doremi: gt=do pred=re ❌  | hz: gt=32.7032 pred=261.63 ❌
    [ 126/300] synth_pad   resample_2x     orig=G2   → gt=G1  | midi: gt=31 pred=43 ❌  | spn: gt=G1 pred=C6 ❌  | doremi: gt=sol pred=fa# ❌  | hz: gt=48.9994 pred=480.0 ❌
    [ 127/300] trumpet     resample_2x     orig=G2   → gt=G1  | midi: gt=31 pred=34 ❌  | spn: gt=G1 pred=A#2 ❌  | doremi: gt=sol pred=sol ✅  | hz: gt=48.9994 pred=329.6875 ❌
    [ 128/300] clarinet    resample_2x     orig=G2   → gt=G1  | midi: gt=31 pred=45 ❌  | spn: gt=G1 pred=C6 ❌  | doremi: gt=sol pred=fa# ❌  | hz: gt=48.9994 pred=480.0 ❌
    [ 129/300] triangle    resample_2x     orig=G2   → gt=G1  | midi: gt=31 pred=43 ❌  | spn: gt=G1 pred=C2 ❌  | doremi: gt=sol pred=sol ✅  | hz: gt=48.9994 pred=480.0 ❌
    [ 130/300] piano       resample_2x     orig=G2   → gt=G1  | midi: gt=31 pred=34 ❌  | spn: gt=G1 pred=C2 ❌  | doremi: gt=sol pred=fa# ❌  | hz: gt=48.9994 pred=450.0 ❌
    [ 131/300] cello       resample_2x     orig=C3   → gt=C2  | midi: gt=36 pred=48 ❌  | spn: gt=C2 pred=C2 ✅  | doremi: gt=do pred=fa# ❌  | hz: gt=65.4064 pred=130.81 ❌
    [ 132/300] electric_keyboard  resample_2x     orig=C3   → gt=C2  | midi: gt=36 pred=36 ✅  | spn: gt=C2 pred=C4 ❌  | doremi: gt=do pred=sol ❌  | hz: gt=65.4064 pred=480.0 ❌
    [ 133/300] organ       resample_2x     orig=C3   → gt=C2  | midi: gt=36 pred=63 ❌  | spn: gt=C2 pred=C2 ✅  | doremi: gt=do pred=sol ❌  | hz: gt=65.4064 pred=480.0 ❌
    [ 134/300] sine        resample_2x     orig=C3   → gt=C2  | midi: gt=36 pred=48 ❌  | spn: gt=C2 pred=C2 ✅  | doremi: gt=do pred=sol ❌  | hz: gt=65.4064 pred=480.0 ❌
    [ 135/300] oboe        resample_2x     orig=C3   → gt=C2  | midi: gt=36 pred=36 ✅  | spn: gt=C2 pred=C2 ✅  | doremi: gt=do pred=fa# ❌  | hz: gt=65.4064 pred=210.0 ❌
    [ 136/300] trumpet     resample_2x     orig=F#3  → gt=F#2  | midi: gt=42 pred=43 ❌  | spn: gt=F#2 pred=F2 ❌  | doremi: gt=fa# pred=sol ❌  | hz: gt=92.4986 pred=435.0 ❌
    [ 137/300] synth_lead  resample_2x     orig=F#3  → gt=F#2  | midi: gt=42 pred=48 ❌  | spn: gt=F#2 pred=C6 ❌  | doremi: gt=fa# pred=sol ❌  | hz: gt=92.4986 pred=480.0 ❌
    [ 138/300] electric_keyboard  resample_2x     orig=F#3  → gt=F#2  | midi: gt=42 pred=43 ❌  | spn: gt=F#2 pred=C4 ❌  | doremi: gt=fa# pred=sol ❌  | hz: gt=92.4986 pred=450.0 ❌
    [ 139/300] triangle    resample_2x     orig=F#3  → gt=F#2  | midi: gt=42 pred=43 ❌  | spn: gt=F#2 pred=C4 ❌  | doremi: gt=fa# pred=sol ❌  | hz: gt=92.4986 pred=430.56 ❌
    [ 140/300] cello       resample_2x     orig=F#3  → gt=F#2  | midi: gt=42 pred=43 ❌  | spn: gt=F#2 pred=F#2 ✅  | doremi: gt=fa# pred=sol ❌  | hz: gt=92.4986 pred=430.51 ❌
    [ 141/300] trombone    resample_2x     orig=A#3  → gt=A#2  | midi: gt=46 pred=45 ❌  | spn: gt=A#2 pred=A4 ❌  | doremi: gt=la# pred=sol ❌  | hz: gt=116.5409 pred=450.0 ❌
    [ 142/300] synth_lead  resample_2x     orig=A#3  → gt=A#2  | midi: gt=46 pred=45 ❌  | spn: gt=A#2 pred=A#2 ✅  | doremi: gt=la# pred=sol ❌  | hz: gt=116.5409 pred=450.0 ❌
    [ 143/300] guitar      resample_2x     orig=A#3  → gt=A#2  | midi: gt=46 pred=46 ✅  | spn: gt=A#2 pred=None ❌  | doremi: gt=la# pred=sol ❌  | hz: gt=116.5409 pred=450.0 ❌
    [ 144/300] piano       resample_2x     orig=A#3  → gt=A#2  | midi: gt=46 pred=45 ❌  | spn: gt=A#2 pred=A#2 ✅  | doremi: gt=la# pred=sol ❌  | hz: gt=116.5409 pred=460.0 ❌
    [ 145/300] electric_keyboard  resample_2x     orig=A#3  → gt=A#2  | midi: gt=46 pred=46 ✅  | spn: gt=A#2 pred=A#6 ❌  | doremi: gt=la# pred=fa# ❌  | hz: gt=116.5409 pred=450.0 ❌
    [ 146/300] electric_keyboard  resample_2x     orig=C4   → gt=C3  | midi: gt=48 pred=48 ✅  | spn: gt=C3 pred=C4 ❌  | doremi: gt=do pred=sol ❌  | hz: gt=130.8128 pred=480.0 ❌
    [ 147/300] synth_pad   resample_2x     orig=C4   → gt=C3  | midi: gt=48 pred=63 ❌  | spn: gt=C3 pred=C6 ❌  | doremi: gt=do pred=sol ❌  | hz: gt=130.8128 pred=480.0 ❌
    [ 148/300] synth_lead  resample_2x     orig=C4   → gt=C3  | midi: gt=48 pred=48 ✅  | spn: gt=C3 pred=C6 ❌  | doremi: gt=do pred=fa# ❌  | hz: gt=130.8128 pred=480.0 ❌
    [ 149/300] sine        resample_2x     orig=C4   → gt=C3  | midi: gt=48 pred=48 ✅  | spn: gt=C3 pred=C2 ❌  | doremi: gt=do pred=sol ❌  | hz: gt=130.8128 pred=480.0 ❌
    [ 150/300] trombone    resample_2x     orig=C4   → gt=C3  | midi: gt=48 pred=48 ✅  | spn: gt=C3 pred=C4 ❌  | doremi: gt=do pred=sol ❌  | hz: gt=130.8128 pred=480.0 ❌
    [ 151/300] clarinet    resample_2x     orig=E4   → gt=E3  | midi: gt=52 pred=53 ❌  | spn: gt=E3 pred=C4 ❌  | doremi: gt=mi pred=sol ❌  | hz: gt=164.8138 pred=480.0 ❌
    [ 152/300] bass        resample_2x     orig=E4   → gt=E3  | midi: gt=52 pred=53 ❌  | spn: gt=E3 pred=C4 ❌  | doremi: gt=mi pred=mi ✅  | hz: gt=164.8138 pred=480.0 ❌
    [ 153/300] sine        resample_2x     orig=E4   → gt=E3  | midi: gt=52 pred=53 ❌  | spn: gt=E3 pred=C4 ❌  | doremi: gt=mi pred=sol ❌  | hz: gt=164.8138 pred=250.0 ❌
    [ 154/300] triangle    resample_2x     orig=E4   → gt=E3  | midi: gt=52 pred=63 ❌  | spn: gt=E3 pred=C6 ❌  | doremi: gt=mi pred=sol ❌  | hz: gt=164.8138 pred=480.0 ❌
    [ 155/300] organ       resample_2x     orig=E4   → gt=E3  | midi: gt=52 pred=64 ❌  | spn: gt=E3 pred=C6 ❌  | doremi: gt=mi pred=sol ❌  | hz: gt=164.8138 pred=480.0 ❌
    [ 156/300] oboe        resample_2x     orig=G4   → gt=G3  | midi: gt=55 pred=56 ❌  | spn: gt=G3 pred=C4 ❌  | doremi: gt=sol pred=sol ✅  | hz: gt=195.9977 pred=480.0 ❌
    [ 157/300] trombone    resample_2x     orig=G4   → gt=G3  | midi: gt=55 pred=43 ❌  | spn: gt=G3 pred=C4 ❌  | doremi: gt=sol pred=sol ✅  | hz: gt=195.9977 pred=435.0 ❌
    [ 158/300] flute       resample_2x     orig=G4   → gt=G3  | midi: gt=55 pred=43 ❌  | spn: gt=G3 pred=C4 ❌  | doremi: gt=sol pred=sol ✅  | hz: gt=195.9977 pred=480.0 ❌
    [ 159/300] sawtooth    resample_2x     orig=G4   → gt=G3  | midi: gt=55 pred=43 ❌  | spn: gt=G3 pred=F#2 ❌  | doremi: gt=sol pred=sol ✅  | hz: gt=195.9977 pred=480.0 ❌
    [ 160/300] triangle    resample_2x     orig=G4   → gt=G3  | midi: gt=55 pred=63 ❌  | spn: gt=G3 pred=C6 ❌  | doremi: gt=sol pred=sol ✅  | hz: gt=195.9977 pred=480.0 ❌
    [ 161/300] voice       resample_2x     orig=A4   → gt=A3  | midi: gt=57 pred=69 ❌  | spn: gt=A3 pred=C6 ❌  | doremi: gt=la pred=sol ❌  | hz: gt=220.0 pred=450.0 ❌
    [ 162/300] square      resample_2x     orig=A4   → gt=A3  | midi: gt=57 pred=64 ❌  | spn: gt=A3 pred=A6 ❌  | doremi: gt=la pred=sol ❌  | hz: gt=220.0 pred=450.0 ❌
    [ 163/300] synth_pad   resample_2x     orig=A4   → gt=A3  | midi: gt=57 pred=69 ❌  | spn: gt=A3 pred=C6 ❌  | doremi: gt=la pred=sol ❌  | hz: gt=220.0 pred=460.0 ❌
    [ 164/300] bass        resample_2x     orig=A4   → gt=A3  | midi: gt=57 pred=58 ❌  | spn: gt=A3 pred=A4 ❌  | doremi: gt=la pred=fa# ❌  | hz: gt=220.0 pred=450.0 ❌
    [ 165/300] cello       resample_2x     orig=A4   → gt=A3  | midi: gt=57 pred=45 ❌  | spn: gt=A3 pred=None ❌  | doremi: gt=la pred=sol ❌  | hz: gt=220.0 pred=450.0 ❌
    [ 166/300] square      resample_2x     orig=C5   → gt=C4  | midi: gt=60 pred=48 ❌  | spn: gt=C4 pred=C6 ❌  | doremi: gt=do pred=sol ❌  | hz: gt=261.6256 pred=480.0 ❌
    [ 167/300] synth_pad   resample_2x     orig=C5   → gt=C4  | midi: gt=60 pred=65 ❌  | spn: gt=C4 pred=C6 ❌  | doremi: gt=do pred=sol ❌  | hz: gt=261.6256 pred=480.0 ❌
    [ 168/300] piano       resample_2x     orig=C5   → gt=C4  | midi: gt=60 pred=48 ❌  | spn: gt=C4 pred=C6 ❌  | doremi: gt=do pred=sol ❌  | hz: gt=261.6256 pred=480.0 ❌
    [ 169/300] synth_lead  resample_2x     orig=C5   → gt=C4  | midi: gt=60 pred=63 ❌  | spn: gt=C4 pred=C6 ❌  | doremi: gt=do pred=sol ❌  | hz: gt=261.6256 pred=480.0 ❌
    [ 170/300] clarinet    resample_2x     orig=C5   → gt=C4  | midi: gt=60 pred=63 ❌  | spn: gt=C4 pred=C6 ❌  | doremi: gt=do pred=sol ❌  | hz: gt=261.6256 pred=480.0 ❌
    [ 171/300] bass        resample_2x     orig=F5   → gt=F4  | midi: gt=65 pred=65 ✅  | spn: gt=F4 pred=C6 ❌  | doremi: gt=fa pred=sol ❌  | hz: gt=349.2282 pred=480.0 ❌
    [ 172/300] synth_pad   resample_2x     orig=F5   → gt=F4  | midi: gt=65 pred=69 ❌  | spn: gt=F4 pred=C6 ❌  | doremi: gt=fa pred=sol ❌  | hz: gt=349.2282 pred=480.0 ❌
    [ 173/300] electric_keyboard  resample_2x     orig=F5   → gt=F4  | midi: gt=65 pred=65 ✅  | spn: gt=F4 pred=C6 ❌  | doremi: gt=fa pred=mi ❌  | hz: gt=349.2282 pred=659.31 ❌
    [ 174/300] trumpet     resample_2x     orig=F5   → gt=F4  | midi: gt=65 pred=65 ✅  | spn: gt=F4 pred=F#6 ❌  | doremi: gt=fa pred=sol ❌  | hz: gt=349.2282 pred=659.3 ❌
    [ 175/300] voice       resample_2x     orig=F5   → gt=F4  | midi: gt=65 pred=69 ❌  | spn: gt=F4 pred=C6 ❌  | doremi: gt=fa pred=sol ❌  | hz: gt=349.2282 pred=480.0 ❌
    [ 176/300] cello       resample_2x     orig=C6   → gt=C5  | midi: gt=72 pred=63 ❌  | spn: gt=C5 pred=C6 ❌  | doremi: gt=do pred=sol ❌  | hz: gt=523.2511 pred=480.0 ❌
    [ 177/300] guitar      resample_2x     orig=C6   → gt=C5  | midi: gt=72 pred=68 ❌  | spn: gt=C5 pred=C6 ❌  | doremi: gt=do pred=sol ❌  | hz: gt=523.2511 pred=480.0 ❌
    [ 178/300] synth_pad   resample_2x     orig=C6   → gt=C5  | midi: gt=72 pred=68 ❌  | spn: gt=C5 pred=C6 ❌  | doremi: gt=do pred=sol ❌  | hz: gt=523.2511 pred=480.0 ❌
    [ 179/300] trombone    resample_2x     orig=C6   → gt=C5  | midi: gt=72 pred=68 ❌  | spn: gt=C5 pred=C6 ❌  | doremi: gt=do pred=sol ❌  | hz: gt=523.2511 pred=480.0 ❌
    [ 180/300] synth_lead  resample_2x     orig=C6   → gt=C5  | midi: gt=72 pred=63 ❌  | spn: gt=C5 pred=C6 ❌  | doremi: gt=do pred=sol ❌  | hz: gt=523.2511 pred=480.0 ❌
    [ 181/300] oboe        stretch_0.5x    orig=C2   → gt=C2  | midi: gt=36 pred=35 ❌  | spn: gt=C2 pred=A#2 ❌  | doremi: gt=do pred=fa# ❌  | hz: gt=65.4064 pred=250.0 ❌
    [ 182/300] organ       stretch_0.5x    orig=C2   → gt=C2  | midi: gt=36 pred=63 ❌  | spn: gt=C2 pred=C6 ❌  | doremi: gt=do pred=sol ❌  | hz: gt=65.4064 pred=480.0 ❌
    [ 183/300] synth_lead  stretch_0.5x    orig=C2   → gt=C2  | midi: gt=36 pred=63 ❌  | spn: gt=C2 pred=C6 ❌  | doremi: gt=do pred=sol ❌  | hz: gt=65.4064 pred=480.0 ❌
    [ 184/300] synth_pad   stretch_0.5x    orig=C2   → gt=C2  | midi: gt=36 pred=65 ❌  | spn: gt=C2 pred=C6 ❌  | doremi: gt=do pred=sol ❌  | hz: gt=65.4064 pred=480.0 ❌
    [ 185/300] sawtooth    stretch_0.5x    orig=C2   → gt=C2  | midi: gt=36 pred=43 ❌  | spn: gt=C2 pred=C4 ❌  | doremi: gt=do pred=fa# ❌  | hz: gt=65.4064 pred=480.0 ❌
    [ 186/300] flute       stretch_0.5x    orig=G2   → gt=G2  | midi: gt=43 pred=43 ✅  | spn: gt=G2 pred=C4 ❌  | doremi: gt=sol pred=sol ✅  | hz: gt=97.9989 pred=435.0 ❌
    [ 187/300] voice       stretch_0.5x    orig=G2   → gt=G2  | midi: gt=43 pred=69 ❌  | spn: gt=G2 pred=C6 ❌  | doremi: gt=sol pred=sol ✅  | hz: gt=97.9989 pred=450.0 ❌
    [ 188/300] square      stretch_0.5x    orig=G2   → gt=G2  | midi: gt=43 pred=43 ✅  | spn: gt=G2 pred=C6 ❌  | doremi: gt=sol pred=sol ✅  | hz: gt=97.9989 pred=450.0 ❌
    [ 189/300] clarinet    stretch_0.5x    orig=G2   → gt=G2  | midi: gt=43 pred=43 ✅  | spn: gt=G2 pred=C4 ❌  | doremi: gt=sol pred=fa# ❌  | hz: gt=97.9989 pred=450.0 ❌
    [ 190/300] sine        stretch_0.5x    orig=G2   → gt=G2  | midi: gt=43 pred=45 ❌  | spn: gt=G2 pred=C4 ❌  | doremi: gt=sol pred=sol ✅  | hz: gt=97.9989 pred=480.0 ❌
    [ 191/300] voice       stretch_0.5x    orig=C3   → gt=C3  | midi: gt=48 pred=69 ❌  | spn: gt=C3 pred=C6 ❌  | doremi: gt=do pred=sol ❌  | hz: gt=130.8128 pred=480.0 ❌
    [ 192/300] synth_pad   stretch_0.5x    orig=C3   → gt=C3  | midi: gt=48 pred=63 ❌  | spn: gt=C3 pred=C6 ❌  | doremi: gt=do pred=sol ❌  | hz: gt=130.8128 pred=480.0 ❌
    [ 193/300] flute       stretch_0.5x    orig=C3   → gt=C3  | midi: gt=48 pred=48 ✅  | spn: gt=C3 pred=C6 ❌  | doremi: gt=do pred=sol ❌  | hz: gt=130.8128 pred=480.0 ❌
    [ 194/300] synth_lead  stretch_0.5x    orig=C3   → gt=C3  | midi: gt=48 pred=48 ✅  | spn: gt=C3 pred=C6 ❌  | doremi: gt=do pred=sol ❌  | hz: gt=130.8128 pred=480.0 ❌
    [ 195/300] sine        stretch_0.5x    orig=C3   → gt=C3  | midi: gt=48 pred=48 ✅  | spn: gt=C3 pred=C6 ❌  | doremi: gt=do pred=sol ❌  | hz: gt=130.8128 pred=480.0 ❌
    [ 196/300] square      stretch_0.5x    orig=F#3  → gt=F#3  | midi: gt=54 pred=63 ❌  | spn: gt=F#3 pred=C6 ❌  | doremi: gt=fa# pred=sol ❌  | hz: gt=184.9972 pred=480.0 ❌
    [ 197/300] sawtooth    stretch_0.5x    orig=F#3  → gt=F#3  | midi: gt=54 pred=53 ❌  | spn: gt=F#3 pred=F#2 ❌  | doremi: gt=fa# pred=sol ❌  | hz: gt=184.9972 pred=480.0 ❌
    [ 198/300] flute       stretch_0.5x    orig=F#3  → gt=F#3  | midi: gt=54 pred=54 ✅  | spn: gt=F#3 pred=C4 ❌  | doremi: gt=fa# pred=sol ❌  | hz: gt=184.9972 pred=480.0 ❌
    [ 199/300] voice       stretch_0.5x    orig=F#3  → gt=F#3  | midi: gt=54 pred=65 ❌  | spn: gt=F#3 pred=C6 ❌  | doremi: gt=fa# pred=sol ❌  | hz: gt=184.9972 pred=436.36 ❌
    [ 200/300] organ       stretch_0.5x    orig=F#3  → gt=F#3  | midi: gt=54 pred=65 ❌  | spn: gt=F#3 pred=C6 ❌  | doremi: gt=fa# pred=sol ❌  | hz: gt=184.9972 pred=659.3 ❌
    [ 201/300] sawtooth    stretch_0.5x    orig=A#3  → gt=A#3  | midi: gt=58 pred=58 ✅  | spn: gt=A#3 pred=A4 ❌  | doremi: gt=la# pred=sol ❌  | hz: gt=233.0819 pred=450.0 ❌
    [ 202/300] clarinet    stretch_0.5x    orig=A#3  → gt=A#3  | midi: gt=58 pred=58 ✅  | spn: gt=A#3 pred=C6 ❌  | doremi: gt=la# pred=sol ❌  | hz: gt=233.0819 pred=450.0 ❌
    [ 203/300] square      stretch_0.5x    orig=A#3  → gt=A#3  | midi: gt=58 pred=58 ✅  | spn: gt=A#3 pred=A6 ❌  | doremi: gt=la# pred=sol ❌  | hz: gt=233.0819 pred=450.0 ❌
    [ 204/300] flute       stretch_0.5x    orig=A#3  → gt=A#3  | midi: gt=58 pred=58 ✅  | spn: gt=A#3 pred=None ❌  | doremi: gt=la# pred=mi ❌  | hz: gt=233.0819 pred=450.0 ❌
    [ 205/300] piano       stretch_0.5x    orig=A#3  → gt=A#3  | midi: gt=58 pred=58 ✅  | spn: gt=A#3 pred=C6 ❌  | doremi: gt=la# pred=sol ❌  | hz: gt=233.0819 pred=450.0 ❌
    [ 206/300] bass        stretch_0.5x    orig=C4   → gt=C4  | midi: gt=60 pred=65 ❌  | spn: gt=C4 pred=C4 ✅  | doremi: gt=do pred=sol ❌  | hz: gt=261.6256 pred=480.0 ❌
    [ 207/300] guitar      stretch_0.5x    orig=C4   → gt=C4  | midi: gt=60 pred=64 ❌  | spn: gt=C4 pred=C6 ❌  | doremi: gt=do pred=sol ❌  | hz: gt=261.6256 pred=480.0 ❌
    [ 208/300] piano       stretch_0.5x    orig=C4   → gt=C4  | midi: gt=60 pred=64 ❌  | spn: gt=C4 pred=C6 ❌  | doremi: gt=do pred=sol ❌  | hz: gt=261.6256 pred=480.0 ❌
    [ 209/300] voice       stretch_0.5x    orig=C4   → gt=C4  | midi: gt=60 pred=69 ❌  | spn: gt=C4 pred=C6 ❌  | doremi: gt=do pred=sol ❌  | hz: gt=261.6256 pred=480.0 ❌
    [ 210/300] triangle    stretch_0.5x    orig=C4   → gt=C4  | midi: gt=60 pred=63 ❌  | spn: gt=C4 pred=C6 ❌  | doremi: gt=do pred=sol ❌  | hz: gt=261.6256 pred=480.0 ❌
    [ 211/300] bass        stretch_0.5x    orig=E4   → gt=E4  | midi: gt=64 pred=64 ✅  | spn: gt=E4 pred=C4 ❌  | doremi: gt=mi pred=mi ✅  | hz: gt=329.6276 pred=430.51 ❌
    [ 212/300] cello       stretch_0.5x    orig=E4   → gt=E4  | midi: gt=64 pred=64 ✅  | spn: gt=E4 pred=C6 ❌  | doremi: gt=mi pred=sol ❌  | hz: gt=329.6276 pred=480.0 ❌
    [ 213/300] guitar      stretch_0.5x    orig=E4   → gt=E4  | midi: gt=64 pred=64 ✅  | spn: gt=E4 pred=C6 ❌  | doremi: gt=mi pred=sol ❌  | hz: gt=329.6276 pred=430.51 ❌
    [ 214/300] triangle    stretch_0.5x    orig=E4   → gt=E4  | midi: gt=64 pred=65 ❌  | spn: gt=E4 pred=C6 ❌  | doremi: gt=mi pred=sol ❌  | hz: gt=329.6276 pred=480.0 ❌
    [ 215/300] sawtooth    stretch_0.5x    orig=E4   → gt=E4  | midi: gt=64 pred=65 ❌  | spn: gt=E4 pred=C6 ❌  | doremi: gt=mi pred=sol ❌  | hz: gt=329.6276 pred=480.0 ❌
    [ 216/300] cello       stretch_0.5x    orig=G4   → gt=G4  | midi: gt=67 pred=69 ❌  | spn: gt=G4 pred=C6 ❌  | doremi: gt=sol pred=sol ✅  | hz: gt=391.9954 pred=671.0 ❌
    [ 217/300] oboe        stretch_0.5x    orig=G4   → gt=G4  | midi: gt=67 pred=67 ✅  | spn: gt=G4 pred=C6 ❌  | doremi: gt=sol pred=sol ✅  | hz: gt=391.9954 pred=6750.0 ❌
    [ 218/300] voice       stretch_0.5x    orig=G4   → gt=G4  | midi: gt=67 pred=69 ❌  | spn: gt=G4 pred=C6 ❌  | doremi: gt=sol pred=sol ✅  | hz: gt=391.9954 pred=435.0 ❌
    [ 219/300] synth_lead  stretch_0.5x    orig=G4   → gt=G4  | midi: gt=67 pred=63 ❌  | spn: gt=G4 pred=C6 ❌  | doremi: gt=sol pred=sol ✅  | hz: gt=391.9954 pred=480.0 ❌
    [ 220/300] flute       stretch_0.5x    orig=G4   → gt=G4  | midi: gt=67 pred=63 ❌  | spn: gt=G4 pred=C6 ❌  | doremi: gt=sol pred=sol ✅  | hz: gt=391.9954 pred=480.0 ❌
    [ 221/300] sawtooth    stretch_0.5x    orig=A4   → gt=A4  | midi: gt=69 pred=65 ❌  | spn: gt=A4 pred=A4 ✅  | doremi: gt=la pred=sol ❌  | hz: gt=440.0 pred=450.0 ❌
    [ 222/300] triangle    stretch_0.5x    orig=A4   → gt=A4  | midi: gt=69 pred=69 ✅  | spn: gt=A4 pred=None ❌  | doremi: gt=la pred=sol ❌  | hz: gt=440.0 pred=450.0 ❌
    [ 223/300] voice       stretch_0.5x    orig=A4   → gt=A4  | midi: gt=69 pred=69 ✅  | spn: gt=A4 pred=C6 ❌  | doremi: gt=la pred=sol ❌  | hz: gt=440.0 pred=450.0 ❌
    [ 224/300] violin      stretch_0.5x    orig=A4   → gt=A4  | midi: gt=69 pred=69 ✅  | spn: gt=A4 pred=C6 ❌  | doremi: gt=la pred=sol ❌  | hz: gt=440.0 pred=460.0 ❌
    [ 225/300] oboe        stretch_0.5x    orig=A4   → gt=A4  | midi: gt=69 pred=69 ✅  | spn: gt=A4 pred=B4 ❌  | doremi: gt=la pred=mi ❌  | hz: gt=440.0 pred=659.3 ❌
    [ 226/300] clarinet    stretch_0.5x    orig=C5   → gt=C5  | midi: gt=72 pred=68 ❌  | spn: gt=C5 pred=C6 ❌  | doremi: gt=do pred=sol ❌  | hz: gt=523.2511 pred=450.0 ❌
    [ 227/300] triangle    stretch_0.5x    orig=C5   → gt=C5  | midi: gt=72 pred=68 ❌  | spn: gt=C5 pred=C6 ❌  | doremi: gt=do pred=sol ❌  | hz: gt=523.2511 pred=480.0 ❌
    [ 228/300] flute       stretch_0.5x    orig=C5   → gt=C5  | midi: gt=72 pred=68 ❌  | spn: gt=C5 pred=C6 ❌  | doremi: gt=do pred=sol ❌  | hz: gt=523.2511 pred=480.0 ❌
    [ 229/300] guitar      stretch_0.5x    orig=C5   → gt=C5  | midi: gt=72 pred=68 ❌  | spn: gt=C5 pred=C6 ❌  | doremi: gt=do pred=sol ❌  | hz: gt=523.2511 pred=480.0 ❌
    [ 230/300] synth_pad   stretch_0.5x    orig=C5   → gt=C5  | midi: gt=72 pred=68 ❌  | spn: gt=C5 pred=C6 ❌  | doremi: gt=do pred=sol ❌  | hz: gt=523.2511 pred=480.0 ❌
    [ 231/300] synth_pad   stretch_0.5x    orig=F5   → gt=F5  | midi: gt=77 pred=69 ❌  | spn: gt=F5 pred=C6 ❌  | doremi: gt=fa pred=sol ❌  | hz: gt=698.4565 pred=493.88 ❌
    [ 232/300] organ       stretch_0.5x    orig=F5   → gt=F5  | midi: gt=77 pred=65 ❌  | spn: gt=F5 pred=F6 ❌  | doremi: gt=fa pred=sol ❌  | hz: gt=698.4565 pred=701.0 ✅
    [ 233/300] piano       stretch_0.5x    orig=F5   → gt=F5  | midi: gt=77 pred=68 ❌  | spn: gt=F5 pred=C6 ❌  | doremi: gt=fa pred=sol ❌  | hz: gt=698.4565 pred=450.0 ❌
    [ 234/300] cello       stretch_0.5x    orig=F5   → gt=F5  | midi: gt=77 pred=69 ❌  | spn: gt=F5 pred=C6 ❌  | doremi: gt=fa pred=sol ❌  | hz: gt=698.4565 pred=1046.57 ❌
    [ 235/300] square      stretch_0.5x    orig=F5   → gt=F5  | midi: gt=77 pred=65 ❌  | spn: gt=F5 pred=C6 ❌  | doremi: gt=fa pred=sol ❌  | hz: gt=698.4565 pred=480.0 ❌
    [ 236/300] trumpet     stretch_0.5x    orig=C6   → gt=C6  | midi: gt=84 pred=84 ✅  | spn: gt=C6 pred=C6 ✅  | doremi: gt=do pred=sol ❌  | hz: gt=1046.5023 pred=840.0 ❌
    [ 237/300] organ       stretch_0.5x    orig=C6   → gt=C6  | midi: gt=84 pred=84 ✅  | spn: gt=C6 pred=C6 ✅  | doremi: gt=do pred=sol ❌  | hz: gt=1046.5023 pred=840.0 ❌
    [ 238/300] flute       stretch_0.5x    orig=C6   → gt=C6  | midi: gt=84 pred=84 ✅  | spn: gt=C6 pred=C6 ✅  | doremi: gt=do pred=sol ❌  | hz: gt=1046.5023 pred=840.0 ❌
    [ 239/300] square      stretch_0.5x    orig=C6   → gt=C6  | midi: gt=84 pred=63 ❌  | spn: gt=C6 pred=C6 ✅  | doremi: gt=do pred=sol ❌  | hz: gt=1046.5023 pred=480.0 ❌
    [ 240/300] synth_lead  stretch_0.5x    orig=C6   → gt=C6  | midi: gt=84 pred=69 ❌  | spn: gt=C6 pred=C6 ✅  | doremi: gt=do pred=sol ❌  | hz: gt=1046.5023 pred=1058.37 ❌
    [ 241/300] synth_pad   stretch_2x      orig=C2   → gt=C2  | midi: gt=36 pred=64 ❌  | spn: gt=C2 pred=C4 ❌  | doremi: gt=do pred=sol ❌  | hz: gt=65.4064 pred=480.0 ❌
    [ 242/300] triangle    stretch_2x      orig=C2   → gt=C2  | midi: gt=36 pred=45 ❌  | spn: gt=C2 pred=C6 ❌  | doremi: gt=do pred=sol ❌  | hz: gt=65.4064 pred=480.0 ❌
    [ 243/300] sawtooth    stretch_2x      orig=C2   → gt=C2  | midi: gt=36 pred=35 ❌  | spn: gt=C2 pred=C2 ✅  | doremi: gt=do pred=sol ❌  | hz: gt=65.4064 pred=480.0 ❌
    [ 244/300] sine        stretch_2x      orig=C2   → gt=C2  | midi: gt=36 pred=48 ❌  | spn: gt=C2 pred=C2 ✅  | doremi: gt=do pred=sol ❌  | hz: gt=65.4064 pred=105.26 ❌
    [ 245/300] synth_lead  stretch_2x      orig=C2   → gt=C2  | midi: gt=36 pred=48 ❌  | spn: gt=C2 pred=C6 ❌  | doremi: gt=do pred=fa# ❌  | hz: gt=65.4064 pred=480.0 ❌
    [ 246/300] flute       stretch_2x      orig=G2   → gt=G2  | midi: gt=43 pred=48 ❌  | spn: gt=G2 pred=C2 ❌  | doremi: gt=sol pred=fa# ❌  | hz: gt=97.9989 pred=450.0 ❌
    [ 247/300] electric_keyboard  stretch_2x      orig=G2   → gt=G2  | midi: gt=43 pred=48 ❌  | spn: gt=G2 pred=G2 ✅  | doremi: gt=sol pred=sol ✅  | hz: gt=97.9989 pred=480.0 ❌
    [ 248/300] cello       stretch_2x      orig=G2   → gt=G2  | midi: gt=43 pred=48 ❌  | spn: gt=G2 pred=G2 ✅  | doremi: gt=sol pred=sol ✅  | hz: gt=97.9989 pred=105.26 ❌
    [ 249/300] bass        stretch_2x      orig=G2   → gt=G2  | midi: gt=43 pred=43 ✅  | spn: gt=G2 pred=C4 ❌  | doremi: gt=sol pred=sol ✅  | hz: gt=97.9989 pred=480.0 ❌
    [ 250/300] voice       stretch_2x      orig=G2   → gt=G2  | midi: gt=43 pred=63 ❌  | spn: gt=G2 pred=C6 ❌  | doremi: gt=sol pred=sol ✅  | hz: gt=97.9989 pred=480.0 ❌
    [ 251/300] guitar      stretch_2x      orig=C3   → gt=C3  | midi: gt=48 pred=48 ✅  | spn: gt=C3 pred=C6 ❌  | doremi: gt=do pred=sol ❌  | hz: gt=130.8128 pred=465.0 ❌
    [ 252/300] violin      stretch_2x      orig=C3   → gt=C3  | midi: gt=48 pred=48 ✅  | spn: gt=C3 pred=C2 ❌  | doremi: gt=do pred=fa# ❌  | hz: gt=130.8128 pred=480.0 ❌
    [ 253/300] sawtooth    stretch_2x      orig=C3   → gt=C3  | midi: gt=48 pred=48 ✅  | spn: gt=C3 pred=C6 ❌  | doremi: gt=do pred=sol ❌  | hz: gt=130.8128 pred=450.0 ❌
    [ 254/300] electric_keyboard  stretch_2x      orig=C3   → gt=C3  | midi: gt=48 pred=48 ✅  | spn: gt=C3 pred=C6 ❌  | doremi: gt=do pred=sol ❌  | hz: gt=130.8128 pred=480.0 ❌
    [ 255/300] voice       stretch_2x      orig=C3   → gt=C3  | midi: gt=48 pred=64 ❌  | spn: gt=C3 pred=C6 ❌  | doremi: gt=do pred=sol ❌  | hz: gt=130.8128 pred=480.0 ❌
    [ 256/300] sine        stretch_2x      orig=F#3  → gt=F#3  | midi: gt=54 pred=48 ❌  | spn: gt=F#3 pred=C4 ❌  | doremi: gt=fa# pred=sol ❌  | hz: gt=184.9972 pred=480.0 ❌
    [ 257/300] violin      stretch_2x      orig=F#3  → gt=F#3  | midi: gt=54 pred=63 ❌  | spn: gt=F#3 pred=C6 ❌  | doremi: gt=fa# pred=sol ❌  | hz: gt=184.9972 pred=480.0 ❌
    [ 258/300] trumpet     stretch_2x      orig=F#3  → gt=F#3  | midi: gt=54 pred=54 ✅  | spn: gt=F#3 pred=A#5 ❌  | doremi: gt=fa# pred=sol ❌  | hz: gt=184.9972 pred=430.51 ❌
    [ 259/300] organ       stretch_2x      orig=F#3  → gt=F#3  | midi: gt=54 pred=69 ❌  | spn: gt=F#3 pred=C6 ❌  | doremi: gt=fa# pred=sol ❌  | hz: gt=184.9972 pred=480.0 ❌
    [ 260/300] piano       stretch_2x      orig=F#3  → gt=F#3  | midi: gt=54 pred=58 ❌  | spn: gt=F#3 pred=F#2 ❌  | doremi: gt=fa# pred=fa# ✅  | hz: gt=184.9972 pred=450.0 ❌
    [ 261/300] cello       stretch_2x      orig=A#3  → gt=A#3  | midi: gt=58 pred=65 ❌  | spn: gt=A#3 pred=C6 ❌  | doremi: gt=la# pred=fa# ❌  | hz: gt=233.0819 pred=460.0 ❌
    [ 262/300] synth_pad   stretch_2x      orig=A#3  → gt=A#3  | midi: gt=58 pred=65 ❌  | spn: gt=A#3 pred=C6 ❌  | doremi: gt=la# pred=sol ❌  | hz: gt=233.0819 pred=480.0 ❌
    [ 263/300] bass        stretch_2x      orig=A#3  → gt=A#3  | midi: gt=58 pred=58 ✅  | spn: gt=A#3 pred=A#4 ❌  | doremi: gt=la# pred=mi ❌  | hz: gt=233.0819 pred=450.0 ❌
    [ 264/300] piano       stretch_2x      orig=A#3  → gt=A#3  | midi: gt=58 pred=58 ✅  | spn: gt=A#3 pred=A#6 ❌  | doremi: gt=la# pred=fa# ❌  | hz: gt=233.0819 pred=450.0 ❌
    [ 265/300] triangle    stretch_2x      orig=A#3  → gt=A#3  | midi: gt=58 pred=69 ❌  | spn: gt=A#3 pred=None ❌  | doremi: gt=la# pred=sol ❌  | hz: gt=233.0819 pred=450.0 ❌
    [ 266/300] trombone    stretch_2x      orig=C4   → gt=C4  | midi: gt=60 pred=60 ✅  | spn: gt=C4 pred=C4 ✅  | doremi: gt=do pred=sol ❌  | hz: gt=261.6256 pred=480.0 ❌
    [ 267/300] guitar      stretch_2x      orig=C4   → gt=C4  | midi: gt=60 pred=63 ❌  | spn: gt=C4 pred=C6 ❌  | doremi: gt=do pred=sol ❌  | hz: gt=261.6256 pred=480.0 ❌
    [ 268/300] sawtooth    stretch_2x      orig=C4   → gt=C4  | midi: gt=60 pred=65 ❌  | spn: gt=C4 pred=C6 ❌  | doremi: gt=do pred=sol ❌  | hz: gt=261.6256 pred=480.0 ❌
    [ 269/300] synth_lead  stretch_2x      orig=C4   → gt=C4  | midi: gt=60 pred=60 ✅  | spn: gt=C4 pred=C6 ❌  | doremi: gt=do pred=sol ❌  | hz: gt=261.6256 pred=480.0 ❌
    [ 270/300] oboe        stretch_2x      orig=C4   → gt=C4  | midi: gt=60 pred=60 ✅  | spn: gt=C4 pred=C6 ❌  | doremi: gt=do pred=sol ❌  | hz: gt=261.6256 pred=261.63 ✅
    [ 271/300] clarinet    stretch_2x      orig=E4   → gt=E4  | midi: gt=64 pred=64 ✅  | spn: gt=E4 pred=C6 ❌  | doremi: gt=mi pred=mi ✅  | hz: gt=329.6276 pred=640.0 ❌
    [ 272/300] sawtooth    stretch_2x      orig=E4   → gt=E4  | midi: gt=64 pred=63 ❌  | spn: gt=E4 pred=C6 ❌  | doremi: gt=mi pred=sol ❌  | hz: gt=329.6276 pred=450.0 ❌
    [ 273/300] synth_pad   stretch_2x      orig=E4   → gt=E4  | midi: gt=64 pred=65 ❌  | spn: gt=E4 pred=C6 ❌  | doremi: gt=mi pred=sol ❌  | hz: gt=329.6276 pred=1058.47 ❌
    [ 274/300] bass        stretch_2x      orig=E4   → gt=E4  | midi: gt=64 pred=63 ❌  | spn: gt=E4 pred=F6 ❌  | doremi: gt=mi pred=mi ✅  | hz: gt=329.6276 pred=5760.0 ❌
    [ 275/300] trumpet     stretch_2x      orig=E4   → gt=E4  | midi: gt=64 pred=64 ✅  | spn: gt=E4 pred=E4 ✅  | doremi: gt=mi pred=sol ❌  | hz: gt=329.6276 pred=640.0 ❌
    [ 276/300] synth_lead  stretch_2x      orig=G4   → gt=G4  | midi: gt=67 pred=69 ❌  | spn: gt=G4 pred=C6 ❌  | doremi: gt=sol pred=sol ✅  | hz: gt=391.9954 pred=480.0 ❌
    [ 277/300] electric_keyboard  stretch_2x      orig=G4   → gt=G4  | midi: gt=67 pred=67 ✅  | spn: gt=G4 pred=G6 ❌  | doremi: gt=sol pred=mi ❌  | hz: gt=391.9954 pred=67.0 ❌
    [ 278/300] sawtooth    stretch_2x      orig=G4   → gt=G4  | midi: gt=67 pred=65 ❌  | spn: gt=G4 pred=C6 ❌  | doremi: gt=sol pred=sol ✅  | hz: gt=391.9954 pred=450.0 ❌
    [ 279/300] square      stretch_2x      orig=G4   → gt=G4  | midi: gt=67 pred=65 ❌  | spn: gt=G4 pred=C6 ❌  | doremi: gt=sol pred=sol ✅  | hz: gt=391.9954 pred=450.0 ❌
    [ 280/300] cello       stretch_2x      orig=G4   → gt=G4  | midi: gt=67 pred=68 ❌  | spn: gt=G4 pred=C6 ❌  | doremi: gt=sol pred=sol ✅  | hz: gt=391.9954 pred=480.0 ❌
    [ 281/300] electric_keyboard  stretch_2x      orig=A4   → gt=A4  | midi: gt=69 pred=69 ✅  | spn: gt=A4 pred=None ❌  | doremi: gt=la pred=la ✅  | hz: gt=440.0 pred=693.0 ❌
    [ 282/300] square      stretch_2x      orig=A4   → gt=A4  | midi: gt=69 pred=69 ✅  | spn: gt=A4 pred=A6 ❌  | doremi: gt=la pred=sol ❌  | hz: gt=440.0 pred=450.0 ❌
    [ 283/300] synth_pad   stretch_2x      orig=A4   → gt=A4  | midi: gt=69 pred=69 ✅  | spn: gt=A4 pred=C6 ❌  | doremi: gt=la pred=sol ❌  | hz: gt=440.0 pred=493.88 ❌
    [ 284/300] flute       stretch_2x      orig=A4   → gt=A4  | midi: gt=69 pred=69 ✅  | spn: gt=A4 pred=C6 ❌  | doremi: gt=la pred=sol ❌  | hz: gt=440.0 pred=450.0 ❌
    [ 285/300] guitar      stretch_2x      orig=A4   → gt=A4  | midi: gt=69 pred=69 ✅  | spn: gt=A4 pred=A7 ❌  | doremi: gt=la pred=sol ❌  | hz: gt=440.0 pred=450.0 ❌
    [ 286/300] triangle    stretch_2x      orig=C5   → gt=C5  | midi: gt=72 pred=68 ❌  | spn: gt=C5 pred=C6 ❌  | doremi: gt=do pred=sol ❌  | hz: gt=523.2511 pred=480.0 ❌
    [ 287/300] flute       stretch_2x      orig=C5   → gt=C5  | midi: gt=72 pred=68 ❌  | spn: gt=C5 pred=C6 ❌  | doremi: gt=do pred=sol ❌  | hz: gt=523.2511 pred=480.0 ❌
    [ 288/300] sawtooth    stretch_2x      orig=C5   → gt=C5  | midi: gt=72 pred=65 ❌  | spn: gt=C5 pred=C6 ❌  | doremi: gt=do pred=sol ❌  | hz: gt=523.2511 pred=480.0 ❌
    [ 289/300] square      stretch_2x      orig=C5   → gt=C5  | midi: gt=72 pred=63 ❌  | spn: gt=C5 pred=C6 ❌  | doremi: gt=do pred=sol ❌  | hz: gt=523.2511 pred=450.0 ❌
    [ 290/300] guitar      stretch_2x      orig=C5   → gt=C5  | midi: gt=72 pred=68 ❌  | spn: gt=C5 pred=C6 ❌  | doremi: gt=do pred=sol ❌  | hz: gt=523.2511 pred=480.0 ❌
    [ 291/300] voice       stretch_2x      orig=F5   → gt=F5  | midi: gt=77 pred=65 ❌  | spn: gt=F5 pred=C6 ❌  | doremi: gt=fa pred=sol ❌  | hz: gt=698.4565 pred=659.34 ❌
    [ 292/300] synth_lead  stretch_2x      orig=F5   → gt=F5  | midi: gt=77 pred=68 ❌  | spn: gt=F5 pred=C6 ❌  | doremi: gt=fa pred=sol ❌  | hz: gt=698.4565 pred=480.0 ❌
    [ 293/300] clarinet    stretch_2x      orig=F5   → gt=F5  | midi: gt=77 pred=65 ❌  | spn: gt=F5 pred=C6 ❌  | doremi: gt=fa pred=sol ❌  | hz: gt=698.4565 pred=659.32 ❌
    [ 294/300] trumpet     stretch_2x      orig=F5   → gt=F5  | midi: gt=77 pred=69 ❌  | spn: gt=F5 pred=A#6 ❌  | doremi: gt=fa pred=sol ❌  | hz: gt=698.4565 pred=704.0 ✅
    [ 295/300] triangle    stretch_2x      orig=F5   → gt=F5  | midi: gt=77 pred=69 ❌  | spn: gt=F5 pred=C6 ❌  | doremi: gt=fa pred=sol ❌  | hz: gt=698.4565 pred=450.0 ❌
    [ 296/300] clarinet    stretch_2x      orig=C6   → gt=C6  | midi: gt=84 pred=68 ❌  | spn: gt=C6 pred=C6 ✅  | doremi: gt=do pred=sol ❌  | hz: gt=1046.5023 pred=480.0 ❌
    [ 297/300] flute       stretch_2x      orig=C6   → gt=C6  | midi: gt=84 pred=84 ✅  | spn: gt=C6 pred=C6 ✅  | doremi: gt=do pred=sol ❌  | hz: gt=1046.5023 pred=840.0 ❌
    [ 298/300] trumpet     stretch_2x      orig=C6   → gt=C6  | midi: gt=84 pred=84 ✅  | spn: gt=C6 pred=C6 ✅  | doremi: gt=do pred=sol ❌  | hz: gt=1046.5023 pred=8400.0 ❌
    [ 299/300] violin      stretch_2x      orig=C6   → gt=C6  | midi: gt=84 pred=84 ✅  | spn: gt=C6 pred=C6 ✅  | doremi: gt=do pred=sol ❌  | hz: gt=1046.5023 pred=1047.0 ✅
    [ 300/300] square      stretch_2x      orig=C6   → gt=C6  | midi: gt=84 pred=65 ❌  | spn: gt=C6 pred=C6 ✅  | doremi: gt=do pred=sol ❌  | hz: gt=1046.5023 pred=450.0 ❌

============================================================
SUMMARY — audio_flamingo_next_instruct
  Sampling     : 300 of 1140 (stratified by '(condition, midi)', seed=42)
  Stimuli (total)     : 300
  Stimuli (condition) : 300  (all records)

  Format   Accuracy
  ──────────────────
    MIDI      30.7%
     SPN      13.0%
  DOREMI      16.7%
      HZ       2.0%
     ANY      51.3%

  *** WARNING: working tree has uncommitted changes — results will NOT be exactly reproducible from git_commit alone ***


Results saved → results/run_20260505_071452/pitchbench_e5_time_stretch/run_001_20260505_081505/results_audio_flamingo_next_instruct.*

############################################################
# pitchbench_f1_melodic_line_id
############################################################

Experiment : pitchbench_f1_melodic_line_id
Models     : audio_flamingo_next_instruct
Stimuli    : 130  × 4 formats = 520 queries/model
  Sampling     : 130 of 260 (stratified by '(n, source_label)', seed=42)

  Model : Audio Flamingo Next – instruct
    [dispatch] 130 items, max_workers=1
    [   1/130] n=2 x=1 slow   mixed   t=1  | midi: gt=[76, 78, 74, 73, 81, 72, 83, 75, 80, 79] pred=[68, 73, 75, 79, 84, 87, 91, 94, 98, 100] ❌  | spn: gt=['E5', 'F#5', 'D5', 'C#5', 'A5', 'C5', 'B5', 'D#5', 'G#5', 'G5'] pred=['C6', 'A#6', 'G7', 'F#6', 'D4', None, None, None, None, None] ❌  | doremi: gt=['mi', 'fa#', 're', 'do#', 'la', 'do', 'si', 're#', 'sol#', 'sol'] pred=[0, 2, 4, 5, 7, 9, None, None, None, None] ❌
    [   2/130] n=2 x=1 slow   mixed   t=0  | midi: gt=[74, 79, 82, 83, 78, 77, 80, 75, 72, 81] pred=[68, 73, 75, 79, 84, 87, 91, 94, 98, 100] ❌  | spn: gt=['D5', 'G5', 'A#5', 'B5', 'F#5', 'F5', 'G#5', 'D#5', 'C5', 'A5'] pred=['C4', 'F4', 'G4', 'A3', 'B4', 'C5', 'D5', 'E5', None, None] ❌  | doremi: gt=['re', 'sol', 'la#', 'si', 'fa#', 'fa', 'sol#', 're#', 'do', 'la'] pred=[0, 2, 4, 5, 7, 9, None, None, None, None] ❌
    [   3/130] n=2 x=2 slow   mixed   t=1  | midi: gt=[70, 64, 62, 61, 63, 60, 67, 65, 71, 69] pred=[64, 59, 63, 71, 68, 66, 70, 75, 71, 73] ❌  | spn: gt=['A#4', 'E4', 'D4', 'C#4', 'D#4', 'C4', 'G4', 'F4', 'B4', 'A4'] pred=['B3', 'G4', 'F4', None, None, None, None, None, None, None] ❌  | doremi: gt=['la#', 'mi', 're', 'do#', 're#', 'do', 'sol', 'fa', 'si', 'la'] pred=[0, 2, 4, 5, 7, 9, None, None, None, None] ❌
    [   4/130] n=2 x=1 medium mixed   t=0  | midi: gt=[78, 72, 73, 76, 83, 74, 81, 75, 80, 79] pred=[68, 73, 75, 79, 84, 86, 89, 92, 95, 98] ❌  | spn: gt=['F#5', 'C5', 'C#5', 'E5', 'B5', 'D5', 'A5', 'D#5', 'G#5', 'G5'] pred=['C6', 'F6', 'G6', 'A6', 'C7', None, None, None, None, None] ❌  | doremi: gt=['fa#', 'do', 'do#', 'mi', 'si', 're', 'la', 're#', 'sol#', 'sol'] pred=[0, 0, 0, 0, 0, 0, 0, 0, 0, None] ❌
    [   5/130] n=2 x=2 medium mixed   t=1  | midi: gt=[64, 67, 69, 63, 65, 60, 61, 62, 70, 66] pred=[63, 58, 64, 70, 69, 71, 76, 73, 78, 75] ❌  | spn: gt=['E4', 'G4', 'A4', 'D#4', 'F4', 'C4', 'C#4', 'D4', 'A#4', 'F#4'] pred=['B3', None, None, None, None, None, None, None, None, None] ❌  | doremi: gt=['mi', 'sol', 'la', 're#', 'fa', 'do', 'do#', 're', 'la#', 'fa#'] pred=[0, 2, 4, 5, 7, 9, None, None, None, None] ❌
    [   6/130] n=2 x=1 medium similar t=1  | midi: gt=[74, 81, 79, 80, 72, 77, 75, 73, 82, 76] pred=[73, 69, 74, 81, 75, 77, 79, 82, 80, 78] ❌  | spn: gt=['D5', 'A5', 'G5', 'G#5', 'C5', 'F5', 'D#5', 'C#5', 'A#5', 'E5'] pred=['C6', 'A#6', 'G#6', 'F7', 'D4', None, None, None, None, None] ❌  | doremi: gt=['re', 'la', 'sol', 'sol#', 'do', 'fa', 're#', 'do#', 'la#', 'mi'] pred=[0, 2, 4, 5, 7, 9, 11, None, None, None] ❌
    [   7/130] n=2 x=1 slow   similar t=1  | midi: gt=[76, 78, 74, 73, 81, 72, 83, 75, 80, 79] pred=[73, 68, 75, 79, 74, 71, 76, 78, 73, 71] ❌  | spn: gt=['E5', 'F#5', 'D5', 'C#5', 'A5', 'C5', 'B5', 'D#5', 'G#5', 'G5'] pred=['C6', 'F6', 'G6', 'A6', None, None, None, None, None, None] ❌  | doremi: gt=['mi', 'fa#', 're', 'do#', 'la', 'do', 'si', 're#', 'sol#', 'sol'] pred=[0, 2, 4, 5, 7, None, None, None, None, None] ❌
    [   8/130] n=2 x=2 slow   similar t=1  | midi: gt=[70, 64, 62, 61, 63, 60, 67, 65, 71, 69] pred=[63, 58, 54, 59, 67, 62, 60, 55, 57, 53] ❌  | spn: gt=['A#4', 'E4', 'D4', 'C#4', 'D#4', 'C4', 'G4', 'F4', 'B4', 'A4'] pred=['C6', 'B4', 'A3', 'G4', 'F5', None, None, None, None, None] ❌  | doremi: gt=['la#', 'mi', 're', 'do#', 're#', 'do', 'sol', 'fa', 'si', 'la'] pred=[10, None, None, None, None, None, None, None, None, None] ❌
    [   9/130] n=2 x=1 slow   similar t=0  | midi: gt=[74, 79, 82, 83, 78, 77, 80, 75, 72, 81] pred=[73, 68, 75, 79, 74, 71, 76, 78, 73, 71] ❌  | spn: gt=['D5', 'G5', 'A#5', 'B5', 'F#5', 'F5', 'G#5', 'D#5', 'C5', 'A5'] pred=['C6', 'F6', 'G6', 'A7', None, None, None, None, None, None] ❌  | doremi: gt=['re', 'sol', 'la#', 'si', 'fa#', 'fa', 'sol#', 're#', 'do', 'la'] pred=[0, 2, 4, 5, 7, None, None, None, None, None] ❌
    [  10/130] n=2 x=2 slow   similar t=0  | midi: gt=[60, 71, 68, 64, 63, 67, 70, 65, 61, 66] pred=[63, 58, 49, 70, 65, 53, 68, 72, 77, 79] ❌  | spn: gt=['C4', 'B4', 'G#4', 'E4', 'D#4', 'G4', 'A#4', 'F4', 'C#4', 'F#4'] pred=['C6', 'A3', 'G4', 'F5', None, None, None, None, None, None] ❌  | doremi: gt=['do', 'si', 'sol#', 'mi', 're#', 'sol', 'la#', 'fa', 'do#', 'fa#'] pred=[0, 2, 4, 5, 7, 9, None, None, None, None] ❌
    [  11/130] n=2 x=2 medium similar t=0  | midi: gt=[70, 67, 65, 61, 71, 66, 62, 68, 69, 60] pred=[63, 58, 49, 57, 62, 55, 50, 53, 58, 65] ❌  | spn: gt=['A#4', 'G4', 'F4', 'C#4', 'B4', 'F#4', 'D4', 'G#4', 'A4', 'C4'] pred=['C4', 'F3', 'G4', 'A4', 'B4', 'C5', 'D5', 'E5', None, None] ❌  | doremi: gt=['la#', 'sol', 'fa', 'do#', 'si', 'fa#', 're', 'sol#', 'la', 'do'] pred=[0, 0, 0, 0, 0, 0, 0, 0, 0, None] ❌
    [  12/130] n=2 x=1 slow   similar t=0  | midi: gt=[74, 79, 82, 83, 78, 77, 80, 75, 72, 81] pred=[73, 68, 75, 79, 74, 77, 72, 70, 75, 73] ❌  | spn: gt=['D5', 'G5', 'A#5', 'B5', 'F#5', 'F5', 'G#5', 'D#5', 'C5', 'A5'] pred=['C6', 'F6', 'G6', 'A6', 'B6', None, None, None, None, None] ❌  | doremi: gt=['re', 'sol', 'la#', 'si', 'fa#', 'fa', 'sol#', 're#', 'do', 'la'] pred=[0, 2, 4, 5, 7, None, None, None, None, None] ❌
    [  13/130] n=2 x=2 medium similar t=1  | midi: gt=[64, 67, 69, 63, 65, 60, 61, 62, 70, 66] pred=[63, 58, 49, 70, 65, 53, 68, 72, 77, 79] ❌  | spn: gt=['E4', 'G4', 'A4', 'D#4', 'F4', 'C4', 'C#4', 'D4', 'A#4', 'F#4'] pred=['C4', 'F3', 'G4', 'A4', 'B4', 'C5', 'D5', 'E5', None, None] ❌  | doremi: gt=['mi', 'sol', 'la', 're#', 'fa', 'do', 'do#', 're', 'la#', 'fa#'] pred=[0, 0, 0, 0, 0, 0, 0, 0, 0, None] ❌
    [  14/130] n=2 x=2 slow   similar t=1  | midi: gt=[70, 64, 62, 61, 63, 60, 67, 65, 71, 69] pred=[63, 58, 54, 59, 67, 62, 60, 55, 57, 53] ❌  | spn: gt=['A#4', 'E4', 'D4', 'C#4', 'D#4', 'C4', 'G4', 'F4', 'B4', 'A4'] pred=['C6', 'B4', 'A3', 'G4', 'F5', None, None, None, None, None] ❌  | doremi: gt=['la#', 'mi', 're', 'do#', 're#', 'do', 'sol', 'fa', 'si', 'la'] pred=[0, 2, 4, 5, 7, 9, None, None, None, None] ❌
    [  15/130] n=2 x=1 slow   similar t=1  | midi: gt=[76, 78, 74, 73, 81, 72, 83, 75, 80, 79] pred=[68, 73, 75, 79, 84, 87, 91, 94, 98, 100] ❌  | spn: gt=['E5', 'F#5', 'D5', 'C#5', 'A5', 'C5', 'B5', 'D#5', 'G#5', 'G5'] pred=['C6', 'A#6', 'G7', 'F#6', 'D4', None, None, None, None, None] ❌  | doremi: gt=['mi', 'fa#', 're', 'do#', 'la', 'do', 'si', 're#', 'sol#', 'sol'] pred=[0, 2, 4, 5, 7, None, None, None, None, None] ❌
    [  16/130] n=2 x=1 medium similar t=1  | midi: gt=[74, 81, 79, 80, 72, 77, 75, 73, 82, 76] pred=[73, 69, 74, 81, 75, 77, 79, 82, 80, 78] ❌  | spn: gt=['D5', 'A5', 'G5', 'G#5', 'C5', 'F5', 'D#5', 'C#5', 'A#5', 'E5'] pred=['C6', 'F6', 'G6', 'A6', 'B6', 'C7', 'D7', 'E7', None, None] ❌  | doremi: gt=['re', 'la', 'sol', 'sol#', 'do', 'fa', 're#', 'do#', 'la#', 'mi'] pred=[0, 0, 0, 0, 0, 0, 0, 0, 0, None] ❌
    [  17/130] n=2 x=2 slow   similar t=0  | midi: gt=[60, 71, 68, 64, 63, 67, 70, 65, 61, 66] pred=[63, 59, 58, 57, 54, 52, 50, 48, 46, 44] ❌  | spn: gt=['C4', 'B4', 'G#4', 'E4', 'D#4', 'G4', 'A#4', 'F4', 'C#4', 'F#4'] pred=['C6', 'B4', 'A3', 'G4', 'F5', None, None, None, None, None] ❌  | doremi: gt=['do', 'si', 'sol#', 'mi', 're#', 'sol', 'la#', 'fa', 'do#', 'fa#'] pred=[0, 2, 4, 5, 7, None, None, None, None, None] ❌
    [  18/130] n=2 x=2 medium similar t=0  | midi: gt=[70, 67, 65, 61, 71, 66, 62, 68, 69, 60] pred=[63, 58, 70, 69, 74, 71, 68, 73, 75, 77] ❌  | spn: gt=['A#4', 'G4', 'F4', 'C#4', 'B4', 'F#4', 'D4', 'G#4', 'A4', 'C4'] pred=['C4', 'B3', 'A#3', 'G4', 'F4', None, None, None, None, None] ❌  | doremi: gt=['la#', 'sol', 'fa', 'do#', 'si', 'fa#', 're', 'sol#', 'la', 'do'] pred=[0, 0, 0, 0, 0, 0, 0, 0, 0, None] ❌
    [  19/130] n=2 x=1 slow   similar t=0  | midi: gt=[74, 79, 82, 83, 78, 77, 80, 75, 72, 81] pred=[73, 68, 75, 79, 74, 71, 76, 78, 73, 71] ❌  | spn: gt=['D5', 'G5', 'A#5', 'B5', 'F#5', 'F5', 'G#5', 'D#5', 'C5', 'A5'] pred=['C6', 'F6', 'G6', 'A6', None, None, None, None, None, None] ❌  | doremi: gt=['re', 'sol', 'la#', 'si', 'fa#', 'fa', 'sol#', 're#', 'do', 'la'] pred=[0, 2, 4, 5, 7, None, None, None, None, None] ❌
    [  20/130] n=2 x=1 slow   similar t=1  | midi: gt=[76, 78, 74, 73, 81, 72, 83, 75, 80, 79] pred=[73, 68, 75, 74, 79, 72, 77, 70, 75, 72] ❌  | spn: gt=['E5', 'F#5', 'D5', 'C#5', 'A5', 'C5', 'B5', 'D#5', 'G#5', 'G5'] pred=['C6', 'F6', 'G6', 'A#6', None, None, None, None, None, None] ❌  | doremi: gt=['mi', 'fa#', 're', 'do#', 'la', 'do', 'si', 're#', 'sol#', 'sol'] pred=[0, 2, 4, 5, 7, None, None, None, None, None] ❌
    [  21/130] n=2 x=2 medium similar t=0  | midi: gt=[70, 67, 65, 61, 71, 66, 62, 68, 69, 60] pred=[63, 58, 49, 70, 65, 72, 68, 53, 56, 61] ❌  | spn: gt=['A#4', 'G4', 'F4', 'C#4', 'B4', 'F#4', 'D4', 'G#4', 'A4', 'C4'] pred=['C4', 'F3', 'G4', 'A4', 'B4', 'C5', 'D5', 'E5', None, None] ❌  | doremi: gt=['la#', 'sol', 'fa', 'do#', 'si', 'fa#', 're', 'sol#', 'la', 'do'] pred=[0, 1, 3, 4, None, None, None, None, None, None] ❌
    [  22/130] n=2 x=1 slow   similar t=1  | midi: gt=[76, 78, 74, 73, 81, 72, 83, 75, 80, 79] pred=[73, 68, 75, 79, 74, 77, 72, 70, 75, 73] ❌  | spn: gt=['E5', 'F#5', 'D5', 'C#5', 'A5', 'C5', 'B5', 'D#5', 'G#5', 'G5'] pred=['C6', 'A#6', 'G7', 'F#6', 'D4', None, None, None, None, None] ❌  | doremi: gt=['mi', 'fa#', 're', 'do#', 'la', 'do', 'si', 're#', 'sol#', 'sol'] pred=[0, 2, 4, 5, 7, None, None, None, None, None] ❌
    [  23/130] n=2 x=1 medium similar t=1  | midi: gt=[74, 81, 79, 80, 72, 77, 75, 73, 82, 76] pred=[73, 68, 75, 79, 74, 71, 76, 78, 73, 71] ❌  | spn: gt=['D5', 'A5', 'G5', 'G#5', 'C5', 'F5', 'D#5', 'C#5', 'A#5', 'E5'] pred=['C6', 'B4', 'A3', 'G4', 'F5', None, None, None, None, None] ❌  | doremi: gt=['re', 'la', 'sol', 'sol#', 'do', 'fa', 're#', 'do#', 'la#', 'mi'] pred=[0, 1, 2, 3, 4, 5, 7, None, None, None] ❌
    [  24/130] n=2 x=2 slow   similar t=0  | midi: gt=[60, 71, 68, 64, 63, 67, 70, 65, 61, 66] pred=[63, 58, 49, 70, 65, 72, 67, 55, 51, 49] ❌  | spn: gt=['C4', 'B4', 'G#4', 'E4', 'D#4', 'G4', 'A#4', 'F4', 'C#4', 'F#4'] pred=['C4', 'F3', 'G4', 'A4', 'B4', 'C5', 'D5', 'E5', None, None] ❌  | doremi: gt=['do', 'si', 'sol#', 'mi', 're#', 'sol', 'la#', 'fa', 'do#', 'fa#'] pred=[0, 2, 4, 5, 7, 9, None, None, None, None] ❌
    [  25/130] n=2 x=1 medium similar t=0  | midi: gt=[78, 72, 73, 76, 83, 74, 81, 75, 80, 79] pred=[73, 69, 74, 81, 75, 77, 76, 78, 74, 73] ❌  | spn: gt=['F#5', 'C5', 'C#5', 'E5', 'B5', 'D5', 'A5', 'D#5', 'G#5', 'G5'] pred=['C6', 'F6', 'G6', 'A6', 'B6', 'C7', 'D7', 'E7', None, None] ❌  | doremi: gt=['fa#', 'do', 'do#', 'mi', 'si', 're', 'la', 're#', 'sol#', 'sol'] pred=[0, 0, 0, 0, 0, 0, 0, 0, 0, None] ❌
    [  26/130] n=2 x=1 slow   similar t=0  | midi: gt=[74, 79, 82, 83, 78, 77, 80, 75, 72, 81] pred=[73, 68, 75, 79, 74, 77, 72, 70, 75, 73] ❌  | spn: gt=['D5', 'G5', 'A#5', 'B5', 'F#5', 'F5', 'G#5', 'D#5', 'C5', 'A5'] pred=['C6', 'F6', 'G6', 'A6', None, None, None, None, None, None] ❌  | doremi: gt=['re', 'sol', 'la#', 'si', 'fa#', 'fa', 'sol#', 're#', 'do', 'la'] pred=[0, 2, 4, 5, 7, 9, None, None, None, None] ❌
    [  27/130] n=2 x=2 medium similar t=0  | midi: gt=[70, 67, 65, 61, 71, 66, 62, 68, 69, 60] pred=[63, 58, 54, 59, 67, 62, 60, 55, 57, 53] ❌  | spn: gt=['A#4', 'G4', 'F4', 'C#4', 'B4', 'F#4', 'D4', 'G#4', 'A4', 'C4'] pred=['C6', 'B4', 'A3', 'G4', 'F5', None, None, None, None, None] ❌  | doremi: gt=['la#', 'sol', 'fa', 'do#', 'si', 'fa#', 're', 'sol#', 'la', 'do'] pred=[0, 2, 4, 5, 7, 9, None, None, None, None] ❌
    [  28/130] n=2 x=1 slow   similar t=1  | midi: gt=[76, 78, 74, 73, 81, 72, 83, 75, 80, 79] pred=[73, 68, 75, 79, 74, 77, 72, 70, 75, 73] ❌  | spn: gt=['E5', 'F#5', 'D5', 'C#5', 'A5', 'C5', 'B5', 'D#5', 'G#5', 'G5'] pred=['C6', 'F6', 'G6', 'A6', None, None, None, None, None, None] ❌  | doremi: gt=['mi', 'fa#', 're', 'do#', 'la', 'do', 'si', 're#', 'sol#', 'sol'] pred=[0, 1, 3, 4, 5, 7, 9, None, None, None] ❌
    [  29/130] n=2 x=1 medium similar t=1  | midi: gt=[74, 81, 79, 80, 72, 77, 75, 73, 82, 76] pred=[73, 68, 75, 79, 74, 71, 76, 78, 73, 71] ❌  | spn: gt=['D5', 'A5', 'G5', 'G#5', 'C5', 'F5', 'D#5', 'C#5', 'A#5', 'E5'] pred=['C6', 'F6', 'G6', 'A6', 'G7', None, None, None, None, None] ❌  | doremi: gt=['re', 'la', 'sol', 'sol#', 'do', 'fa', 're#', 'do#', 'la#', 'mi'] pred=[0, 1, 3, 4, 5, 7, 9, None, None, None] ❌
    [  30/130] n=2 x=1 medium similar t=0  | midi: gt=[78, 72, 73, 76, 83, 74, 81, 75, 80, 79] pred=[73, 68, 75, 79, 74, 71, 76, 78, 73, 71] ❌  | spn: gt=['F#5', 'C5', 'C#5', 'E5', 'B5', 'D5', 'A5', 'D#5', 'G#5', 'G5'] pred=['C6', 'F6', 'G6', 'A6', 'B6', 'C7', 'D7', 'E7', None, None] ❌  | doremi: gt=['fa#', 'do', 'do#', 'mi', 'si', 're', 'la', 're#', 'sol#', 'sol'] pred=[0, 1, 3, 4, 5, 7, 9, None, None, None] ❌
    [  31/130] n=2 x=2 slow   similar t=0  | midi: gt=[60, 71, 68, 64, 63, 67, 70, 65, 61, 66] pred=[63, 58, 49, 70, 65, 53, 68, 72, 77, 79] ❌  | spn: gt=['C4', 'B4', 'G#4', 'E4', 'D#4', 'G4', 'A#4', 'F4', 'C#4', 'F#4'] pred=['C4', 'F3', 'G4', 'A4', 'B4', 'C5', 'D5', 'E5', None, None] ❌  | doremi: gt=['do', 'si', 'sol#', 'mi', 're#', 'sol', 'la#', 'fa', 'do#', 'fa#'] pred=[0, 2, 4, 5, 7, 9, None, None, None, None] ❌
    [  32/130] n=2 x=1 slow   similar t=1  | midi: gt=[76, 78, 74, 73, 81, 72, 83, 75, 80, 79] pred=[73, 68, 75, 79, 84, 81, 76, 78, 77, 75] ❌  | spn: gt=['E5', 'F#5', 'D5', 'C#5', 'A5', 'C5', 'B5', 'D#5', 'G#5', 'G5'] pred=['C6', 'F6', 'G6', 'G#6', 'A#6', 'C7', 'D7', 'E7', None, None] ❌  | doremi: gt=['mi', 'fa#', 're', 'do#', 'la', 'do', 'si', 're#', 'sol#', 'sol'] pred=[0, 2, 4, 5, 7, None, None, None, None, None] ❌
    [  33/130] n=2 x=2 medium similar t=0  | midi: gt=[70, 67, 65, 61, 71, 66, 62, 68, 69, 60] pred=[63, 58, 49, 57, 62, 55, 50, 53, 58, 63] ❌  | spn: gt=['A#4', 'G4', 'F4', 'C#4', 'B4', 'F#4', 'D4', 'G#4', 'A4', 'C4'] pred=['C6', 'B4', 'A3', 'G4', 'F5', None, None, None, None, None] ❌  | doremi: gt=['la#', 'sol', 'fa', 'do#', 'si', 'fa#', 're', 'sol#', 'la', 'do'] pred=[0, 2, 4, 5, 7, 9, None, None, None, None] ❌
    [  34/130] n=2 x=1 medium similar t=0  | midi: gt=[78, 72, 73, 76, 83, 74, 81, 75, 80, 79] pred=[73, 69, 74, 81, 75, 77, 79, 82, 80, 78] ❌  | spn: gt=['F#5', 'C5', 'C#5', 'E5', 'B5', 'D5', 'A5', 'D#5', 'G#5', 'G5'] pred=['C6', 'A#6', 'G7', 'F#6', 'D4', None, None, None, None, None] ❌  | doremi: gt=['fa#', 'do', 'do#', 'mi', 'si', 're', 'la', 're#', 'sol#', 'sol'] pred=[0, 0, 0, 0, 0, 0, 0, 0, 0, None] ❌
    [  35/130] n=2 x=1 slow   similar t=0  | midi: gt=[74, 79, 82, 83, 78, 77, 80, 75, 72, 81] pred=[73, 68, 75, 79, 74, 77, 72, 70, 75, 73] ❌  | spn: gt=['D5', 'G5', 'A#5', 'B5', 'F#5', 'F5', 'G#5', 'D#5', 'C5', 'A5'] pred=['C6', 'F6', 'G6', 'A6', None, None, None, None, None, None] ❌  | doremi: gt=['re', 'sol', 'la#', 'si', 'fa#', 'fa', 'sol#', 're#', 'do', 'la'] pred=[0, 2, 4, 5, 7, None, None, None, None, None] ❌
    [  36/130] n=2 x=1 slow   similar t=1  | midi: gt=[76, 78, 74, 73, 81, 72, 83, 75, 80, 79] pred=[73, 68, 75, 79, 74, 77, 72, 70, 75, 73] ❌  | spn: gt=['E5', 'F#5', 'D5', 'C#5', 'A5', 'C5', 'B5', 'D#5', 'G#5', 'G5'] pred=['C6', 'F6', 'G6', 'A6', None, None, None, None, None, None] ❌  | doremi: gt=['mi', 'fa#', 're', 'do#', 'la', 'do', 'si', 're#', 'sol#', 'sol'] pred=[0, 2, 4, 5, 7, None, None, None, None, None] ❌
    [  37/130] n=2 x=1 medium similar t=1  | midi: gt=[74, 81, 79, 80, 72, 77, 75, 73, 82, 76] pred=[73, 68, 75, 79, 74, 77, 72, 70, 75, 73] ❌  | spn: gt=['D5', 'A5', 'G5', 'G#5', 'C5', 'F5', 'D#5', 'C#5', 'A#5', 'E5'] pred=['C6', 'A#6', 'A#6', 'G6', 'F6', 'E6', 'D6', 'C6', None, None] ❌  | doremi: gt=['re', 'la', 'sol', 'sol#', 'do', 'fa', 're#', 'do#', 'la#', 'mi'] pred=[0, 1, 3, 4, 5, 7, 9, None, None, None] ❌
    [  38/130] n=2 x=1 slow   similar t=0  | midi: gt=[74, 79, 82, 83, 78, 77, 80, 75, 72, 81] pred=[73, 68, 75, 79, 74, 77, 72, 70, 75, 73] ❌  | spn: gt=['D5', 'G5', 'A#5', 'B5', 'F#5', 'F5', 'G#5', 'D#5', 'C5', 'A5'] pred=['C6', 'F6', 'G6', 'A#6', None, None, None, None, None, None] ❌  | doremi: gt=['re', 'sol', 'la#', 'si', 'fa#', 'fa', 'sol#', 're#', 'do', 'la'] pred=[0, 2, 4, 5, 7, 9, None, None, None, None] ❌
    [  39/130] n=2 x=1 medium similar t=0  | midi: gt=[78, 72, 73, 76, 83, 74, 81, 75, 80, 79] pred=[73, 69, 74, 81, 75, 77, 76, 78, 75, 73] ❌  | spn: gt=['F#5', 'C5', 'C#5', 'E5', 'B5', 'D5', 'A5', 'D#5', 'G#5', 'G5'] pred=['C6', 'F6', 'G6', 'A6', 'B6', None, None, None, None, None] ❌  | doremi: gt=['fa#', 'do', 'do#', 'mi', 'si', 're', 'la', 're#', 'sol#', 'sol'] pred=[0, 1, 3, 4, 5, 7, 9, None, None, None] ❌
    [  40/130] n=2 x=2 slow   similar t=0  | midi: gt=[60, 71, 68, 64, 63, 67, 70, 65, 61, 66] pred=[63, 59, 58, 57, 54, 52, 50, 48, 46, 44] ❌  | spn: gt=['C4', 'B4', 'G#4', 'E4', 'D#4', 'G4', 'A#4', 'F4', 'C#4', 'F#4'] pred=['C6', 'B4', 'A3', 'G4', 'F5', None, None, None, None, None] ❌  | doremi: gt=['do', 'si', 'sol#', 'mi', 're#', 'sol', 'la#', 'fa', 'do#', 'fa#'] pred=[0, 2, 4, 5, 7, 9, None, None, None, None] ❌
    [  41/130] n=2 x=2 slow   similar t=0  | midi: gt=[60, 71, 68, 64, 63, 67, 70, 65, 61, 66] pred=[63, 58, 49, 70, 65, 53, 68, 72, 77, 79] ❌  | spn: gt=['C4', 'B4', 'G#4', 'E4', 'D#4', 'G4', 'A#4', 'F4', 'C#4', 'F#4'] pred=['C4', 'F4', 'G4', 'A3', 'B4', 'C5', 'D5', 'E5', None, None] ❌  | doremi: gt=['do', 'si', 'sol#', 'mi', 're#', 'sol', 'la#', 'fa', 'do#', 'fa#'] pred=[0, 2, 4, 5, 7, 9, None, None, None, None] ❌
    [  42/130] n=2 x=2 medium similar t=0  | midi: gt=[70, 67, 65, 61, 71, 66, 62, 68, 69, 60] pred=[63, 58, 54, 59, 67, 62, 60, 55, 57, 53] ❌  | spn: gt=['A#4', 'G4', 'F4', 'C#4', 'B4', 'F#4', 'D4', 'G#4', 'A4', 'C4'] pred=['C4', 'B3', 'A#3', 'G4', 'F4', None, None, None, None, None] ❌  | doremi: gt=['la#', 'sol', 'fa', 'do#', 'si', 'fa#', 're', 'sol#', 'la', 'do'] pred=[0, 0, 0, 0, 0, 0, 0, 0, 0, None] ❌
    [  43/130] n=2 x=1 slow   similar t=0  | midi: gt=[74, 79, 82, 83, 78, 77, 80, 75, 72, 81] pred=[73, 68, 75, 79, 74, 77, 72, 70, 75, 73] ❌  | spn: gt=['D5', 'G5', 'A#5', 'B5', 'F#5', 'F5', 'G#5', 'D#5', 'C5', 'A5'] pred=['C6', 'F6', 'G6', 'A6', None, None, None, None, None, None] ❌  | doremi: gt=['re', 'sol', 'la#', 'si', 'fa#', 'fa', 'sol#', 're#', 'do', 'la'] pred=[0, 2, 4, 5, 7, None, None, None, None, None] ❌
    [  44/130] n=2 x=1 medium similar t=1  | midi: gt=[74, 81, 79, 80, 72, 77, 75, 73, 82, 76] pred=[73, 68, 75, 79, 74, 77, 72, 70, 75, 73] ❌  | spn: gt=['D5', 'A5', 'G5', 'G#5', 'C5', 'F5', 'D#5', 'C#5', 'A#5', 'E5'] pred=['C6', 'F6', 'G6', 'A6', None, None, None, None, None, None] ❌  | doremi: gt=['re', 'la', 'sol', 'sol#', 'do', 'fa', 're#', 'do#', 'la#', 'mi'] pred=[0, 1, 2, 3, 4, 5, 7, None, None, None] ❌
    [  45/130] n=2 x=2 slow   similar t=1  | midi: gt=[70, 64, 62, 61, 63, 60, 67, 65, 71, 69] pred=[63, 58, 49, 70, 65, 72, 67, 55, 51, 46] ❌  | spn: gt=['A#4', 'E4', 'D4', 'C#4', 'D#4', 'C4', 'G4', 'F4', 'B4', 'A4'] pred=['C4', 'F3', 'G4', 'A4', 'B4', 'C5', 'D5', 'E5', None, None] ❌  | doremi: gt=['la#', 'mi', 're', 'do#', 're#', 'do', 'sol', 'fa', 'si', 'la'] pred=[0, 2, 4, 5, 7, 9, None, None, None, None] ❌
    [  46/130] n=2 x=2 medium similar t=0  | midi: gt=[70, 67, 65, 61, 71, 66, 62, 68, 69, 60] pred=[63, 58, 54, 59, 67, 62, 60, 55, 57, 53] ❌  | spn: gt=['A#4', 'G4', 'F4', 'C#4', 'B4', 'F#4', 'D4', 'G#4', 'A4', 'C4'] pred=['C4', 'F3', 'G4', 'A4', 'B4', 'C5', 'D5', 'E5', None, None] ❌  | doremi: gt=['la#', 'sol', 'fa', 'do#', 'si', 'fa#', 're', 'sol#', 'la', 'do'] pred=[0, 2, 4, 5, 7, 9, None, None, None, None] ❌
    [  47/130] n=2 x=1 slow   similar t=0  | midi: gt=[74, 79, 82, 83, 78, 77, 80, 75, 72, 81] pred=[73, 68, 75, 79, 74, 77, 72, 70, 75, 73] ❌  | spn: gt=['D5', 'G5', 'A#5', 'B5', 'F#5', 'F5', 'G#5', 'D#5', 'C5', 'A5'] pred=['C6', 'F6', 'G6', 'A6', None, None, None, None, None, None] ❌  | doremi: gt=['re', 'sol', 'la#', 'si', 'fa#', 'fa', 'sol#', 're#', 'do', 'la'] pred=[0, 2, 4, 5, 7, 9, None, None, None, None] ❌
    [  48/130] n=2 x=2 slow   similar t=0  | midi: gt=[60, 71, 68, 64, 63, 67, 70, 65, 61, 66] pred=[67, 59, 48, 36, 52, 64, 71, 76, 83, 91] ❌  | spn: gt=['C4', 'B4', 'G#4', 'E4', 'D#4', 'G4', 'A#4', 'F4', 'C#4', 'F#4'] pred=['C4', 'F3', 'G4', 'A4', 'B4', 'C5', 'D5', 'E5', None, None] ❌  | doremi: gt=['do', 'si', 'sol#', 'mi', 're#', 'sol', 'la#', 'fa', 'do#', 'fa#'] pred=[0, 2, 4, 5, 7, 9, None, None, None, None] ❌
    [  49/130] n=2 x=1 medium similar t=0  | midi: gt=[78, 72, 73, 76, 83, 74, 81, 75, 80, 79] pred=[73, 69, 74, 81, 75, 77, 76, 78, 75, 73] ❌  | spn: gt=['F#5', 'C5', 'C#5', 'E5', 'B5', 'D5', 'A5', 'D#5', 'G#5', 'G5'] pred=['C6', 'F6', 'G6', 'A6', 'B6', None, None, None, None, None] ❌  | doremi: gt=['fa#', 'do', 'do#', 'mi', 'si', 're', 'la', 're#', 'sol#', 'sol'] pred=[0, 0, 0, 0, 0, 0, 0, 0, 0, None] ❌
    [  50/130] n=2 x=2 slow   similar t=1  | midi: gt=[70, 64, 62, 61, 63, 60, 67, 65, 71, 69] pred=[63, 58, 49, 70, 65, 72, 67, 55, 51, 46] ❌  | spn: gt=['A#4', 'E4', 'D4', 'C#4', 'D#4', 'C4', 'G4', 'F4', 'B4', 'A4'] pred=['C6', 'A#6', 'G7', 'F#6', 'D4', None, None, None, None, None] ❌  | doremi: gt=['la#', 'mi', 're', 'do#', 're#', 'do', 'sol', 'fa', 'si', 'la'] pred=[0, 2, 4, 5, 7, 9, None, None, None, None] ❌
    [  51/130] n=2 x=1 medium similar t=1  | midi: gt=[74, 81, 79, 80, 72, 77, 75, 73, 82, 76] pred=[73, 68, 75, 79, 74, 71, 76, 78, 73, 71] ❌  | spn: gt=['D5', 'A5', 'G5', 'G#5', 'C5', 'F5', 'D#5', 'C#5', 'A#5', 'E5'] pred=['C6', 'A#6', 'G#6', 'F7', 'D4', None, None, None, None, None] ❌  | doremi: gt=['re', 'la', 'sol', 'sol#', 'do', 'fa', 're#', 'do#', 'la#', 'mi'] pred=[0, 2, 4, 5, 7, 9, None, None, None, None] ❌
    [  52/130] n=2 x=2 slow   similar t=1  | midi: gt=[70, 64, 62, 61, 63, 60, 67, 65, 71, 69] pred=[63, 58, 54, 59, 67, 62, 67, 72, 77, 82] ❌  | spn: gt=['A#4', 'E4', 'D4', 'C#4', 'D#4', 'C4', 'G4', 'F4', 'B4', 'A4'] pred=['C6', 'B4', 'A3', 'G4', 'F5', None, None, None, None, None] ❌  | doremi: gt=['la#', 'mi', 're', 'do#', 're#', 'do', 'sol', 'fa', 'si', 'la'] pred=[0, 2, 4, 5, 7, 9, None, None, None, None] ❌
    [  53/130] n=2 x=1 slow   similar t=0  | midi: gt=[74, 79, 82, 83, 78, 77, 80, 75, 72, 81] pred=[73, 68, 75, 79, 74, 71, 76, 78, 73, 71] ❌  | spn: gt=['D5', 'G5', 'A#5', 'B5', 'F#5', 'F5', 'G#5', 'D#5', 'C5', 'A5'] pred=['C6', 'F6', 'G6', 'A6', None, None, None, None, None, None] ❌  | doremi: gt=['re', 'sol', 'la#', 'si', 'fa#', 'fa', 'sol#', 're#', 'do', 'la'] pred=[0, 2, 4, 5, 7, None, None, None, None, None] ❌
    [  54/130] n=2 x=2 medium similar t=0  | midi: gt=[70, 67, 65, 61, 71, 66, 62, 68, 69, 60] pred=[63, 58, 54, 59, 67, 62, 67, 72, 74, 79] ❌  | spn: gt=['A#4', 'G4', 'F4', 'C#4', 'B4', 'F#4', 'D4', 'G#4', 'A4', 'C4'] pred=['C6', 'B4', 'A3', 'G4', 'F5', None, None, None, None, None] ❌  | doremi: gt=['la#', 'sol', 'fa', 'do#', 'si', 'fa#', 're', 'sol#', 'la', 'do'] pred=[0, 2, 4, 5, 7, 9, None, None, None, None] ❌
    [  55/130] n=2 x=1 slow   similar t=1  | midi: gt=[76, 78, 74, 73, 81, 72, 83, 75, 80, 79] pred=[73, 68, 75, 79, 74, 77, 72, 70, 75, 73] ❌  | spn: gt=['E5', 'F#5', 'D5', 'C#5', 'A5', 'C5', 'B5', 'D#5', 'G#5', 'G5'] pred=['C6', 'F6', 'G6', 'A6', None, None, None, None, None, None] ❌  | doremi: gt=['mi', 'fa#', 're', 'do#', 'la', 'do', 'si', 're#', 'sol#', 'sol'] pred=[0, 2, 4, 5, 7, None, None, None, None, None] ❌
    [  56/130] n=2 x=2 slow   similar t=0  | midi: gt=[60, 71, 68, 64, 63, 67, 70, 65, 61, 66] pred=[63, 59, 58, 57, 54, 52, 50, 48, 46, 44] ❌  | spn: gt=['C4', 'B4', 'G#4', 'E4', 'D#4', 'G4', 'A#4', 'F4', 'C#4', 'F#4'] pred=['C6', 'G4', 'A3', 'C5', 'F4', 'G4', 'A3', None, None, None] ❌  | doremi: gt=['do', 'si', 'sol#', 'mi', 're#', 'sol', 'la#', 'fa', 'do#', 'fa#'] pred=[0, 2, 4, 5, 7, 9, None, None, None, None] ❌
    [  57/130] n=2 x=1 slow   similar t=0  | midi: gt=[74, 79, 82, 83, 78, 77, 80, 75, 72, 81] pred=[73, 68, 75, 79, 74, 77, 72, 70, 75, 73] ❌  | spn: gt=['D5', 'G5', 'A#5', 'B5', 'F#5', 'F5', 'G#5', 'D#5', 'C5', 'A5'] pred=['C6', 'F6', 'G6', 'A6', None, None, None, None, None, None] ❌  | doremi: gt=['re', 'sol', 'la#', 'si', 'fa#', 'fa', 'sol#', 're#', 'do', 'la'] pred=[0, 2, 4, 5, 7, 9, None, None, None, None] ❌
    [  58/130] n=2 x=1 slow   similar t=1  | midi: gt=[76, 78, 74, 73, 81, 72, 83, 75, 80, 79] pred=[73, 68, 75, 79, 74, 77, 72, 70, 75, 73] ❌  | spn: gt=['E5', 'F#5', 'D5', 'C#5', 'A5', 'C5', 'B5', 'D#5', 'G#5', 'G5'] pred=['C6', 'F6', 'G6', 'A6', None, None, None, None, None, None] ❌  | doremi: gt=['mi', 'fa#', 're', 'do#', 'la', 'do', 'si', 're#', 'sol#', 'sol'] pred=[0, 2, 4, 5, 7, 9, None, None, None, None] ❌
    [  59/130] n=2 x=2 medium similar t=0  | midi: gt=[70, 67, 65, 61, 71, 66, 62, 68, 69, 60] pred=[63, 58, 54, 59, 67, 62, 67, 72, 79, 84] ❌  | spn: gt=['A#4', 'G4', 'F4', 'C#4', 'B4', 'F#4', 'D4', 'G#4', 'A4', 'C4'] pred=['C4', 'B3', 'A#3', 'G4', 'F4', None, None, None, None, None] ❌  | doremi: gt=['la#', 'sol', 'fa', 'do#', 'si', 'fa#', 're', 'sol#', 'la', 'do'] pred=[0, 2, 4, 5, 7, 9, None, None, None, None] ❌
    [  60/130] n=2 x=1 medium similar t=1  | midi: gt=[74, 81, 79, 80, 72, 77, 75, 73, 82, 76] pred=[73, 68, 75, 79, 74, 77, 72, 70, 75, 73] ❌  | spn: gt=['D5', 'A5', 'G5', 'G#5', 'C5', 'F5', 'D#5', 'C#5', 'A#5', 'E5'] pred=['C6', 'F6', 'G6', 'A6', None, None, None, None, None, None] ❌  | doremi: gt=['re', 'la', 'sol', 'sol#', 'do', 'fa', 're#', 'do#', 'la#', 'mi'] pred=[0, 2, 4, 5, 7, 9, None, None, None, None] ❌
    [  61/130] n=2 x=2 slow   mixed   t=0  | midi: gt=[60, 71, 68, 64, 63, 67, 70, 65, 61, 66] pred=[64, 59, 73, 68, 71, 76, 78, 76, 71, 68] ❌  | spn: gt=['C4', 'B4', 'G#4', 'E4', 'D#4', 'G4', 'A#4', 'F4', 'C#4', 'F#4'] pred=['G4', 'A3', 'B4', 'G4', 'F4', None, None, None, None, None] ❌  | doremi: gt=['do', 'si', 'sol#', 'mi', 're#', 'sol', 'la#', 'fa', 'do#', 'fa#'] pred=[0, 2, 4, 5, 7, 9, None, None, None, None] ❌
    [  62/130] n=2 x=1 medium mixed   t=1  | midi: gt=[74, 81, 79, 80, 72, 77, 75, 73, 82, 76] pred=[68, 73, 75, 79, 84, 86, 89, 92, 95, 98] ❌  | spn: gt=['D5', 'A5', 'G5', 'G#5', 'C5', 'F5', 'D#5', 'C#5', 'A#5', 'E5'] pred=['C6', 'F6', 'G6', 'A6', 'G6', None, None, None, None, None] ❌  | doremi: gt=['re', 'la', 'sol', 'sol#', 'do', 'fa', 're#', 'do#', 'la#', 'mi'] pred=[0, 0, 0, 0, 0, 0, 0, 0, 0, None] ❌
    [  63/130] n=2 x=2 slow   mixed   t=1  | midi: gt=[70, 64, 62, 61, 63, 60, 67, 65, 71, 69] pred=[64, 73, 75, 80, 89, 91, 93, 96, 98, 100] ❌  | spn: gt=['A#4', 'E4', 'D4', 'C#4', 'D#4', 'C4', 'G4', 'F4', 'B4', 'A4'] pred=['G4', 'A3', 'B4', 'G4', 'F4', None, None, None, None, None] ❌  | doremi: gt=['la#', 'mi', 're', 'do#', 're#', 'do', 'sol', 'fa', 'si', 'la'] pred=[0, 2, 4, 5, 7, 9, None, None, None, None] ❌
    [  64/130] n=2 x=1 medium mixed   t=0  | midi: gt=[78, 72, 73, 76, 83, 74, 81, 75, 80, 79] pred=[68, 73, 75, 79, 84, 86, 89, 92, 95, 98] ❌  | spn: gt=['F#5', 'C5', 'C#5', 'E5', 'B5', 'D5', 'A5', 'D#5', 'G#5', 'G5'] pred=['C6', 'B4', 'A3', 'G4', 'F5', None, None, None, None, None] ❌  | doremi: gt=['fa#', 'do', 'do#', 'mi', 'si', 're', 'la', 're#', 'sol#', 'sol'] pred=[0, 0, 0, 0, 0, 0, 0, 0, 0, None] ❌
    [  65/130] n=2 x=1 slow   mixed   t=1  | midi: gt=[76, 78, 74, 73, 81, 72, 83, 75, 80, 79] pred=[67, 69, 74, 73, 75, 78, 76, 74, 73, 71] ❌  | spn: gt=['E5', 'F#5', 'D5', 'C#5', 'A5', 'C5', 'B5', 'D#5', 'G#5', 'G5'] pred=['C6', 'F6', 'G6', 'A6', 'G6', None, None, None, None, None] ❌  | doremi: gt=['mi', 'fa#', 're', 'do#', 'la', 'do', 'si', 're#', 'sol#', 'sol'] pred=[0, 0, 0, 0, 0, 0, 0, 0, 0, None] ❌
    [  66/130] n=3 x=2 slow   mixed   t=1  | midi: gt=[65, 60, 67, 62, 70, 71, 63, 69, 68, 61] pred=[62, 58, 64, 70, 69, 67, 65, 72, 74, 76] ❌  | spn: gt=['F4', 'C4', 'G4', 'D4', 'A#4', 'B4', 'D#4', 'A4', 'G#4', 'C#4'] pred=['F4', 'G4', 'A4', 'F4', 'G4', None, None, None, None, None] ❌  | doremi: gt=['fa', 'do', 'sol', 're', 'la#', 'si', 're#', 'la', 'sol#', 'do#'] pred=[0, 2, 4, 5, 7, None, None, None, None, None] ❌
    [  67/130] n=3 x=3 medium mixed   t=1  | midi: gt=[52, 50, 49, 57, 53, 54, 51, 55, 58, 59] pred=[64, 59, 72, 68, 71, 66, 73, 70, 75, 71] ❌  | spn: gt=['E3', 'D3', 'C#3', 'A3', 'F3', 'F#3', 'D#3', 'G3', 'A#3', 'B3'] pred=['C4', 'F4', 'G4', 'A4', 'B4', 'C5', 'D5', 'E5', None, None] ❌  | doremi: gt=['mi', 're', 'do#', 'la', 'fa', 'fa#', 're#', 'sol', 'la#', 'si'] pred=[0, 2, 4, 5, 7, 9, None, None, None, None] ❌
    [  68/130] n=3 x=1 medium mixed   t=1  | midi: gt=[72, 73, 78, 82, 81, 80, 77, 79, 74, 83] pred=[68, 72, 75, 79, 84, 87, 91, 95, 98, 100] ❌  | spn: gt=['C5', 'C#5', 'F#5', 'A#5', 'A5', 'G#5', 'F5', 'G5', 'D5', 'B5'] pred=['C6', 'F6', 'G6', 'A6', 'C#7', None, None, None, None, None] ❌  | doremi: gt=['do', 'do#', 'fa#', 'la#', 'la', 'sol#', 'fa', 'sol', 're', 'si'] pred=[0, 1, 3, 4, None, None, None, None, None, None] ❌
    [  69/130] n=3 x=2 slow   mixed   t=0  | midi: gt=[65, 66, 61, 62, 68, 71, 60, 70, 63, 64] pred=[64, 59, 62, 71, 68, 65, 70, 72, 74, 76] ❌  | spn: gt=['F4', 'F#4', 'C#4', 'D4', 'G#4', 'B4', 'C4', 'A#4', 'D#4', 'E4'] pred=['A4', 'G4', 'F4', None, None, None, None, None, None, None] ❌  | doremi: gt=['fa', 'fa#', 'do#', 're', 'sol#', 'si', 'do', 'la#', 're#', 'mi'] pred=[0, 2, 4, 5, 7, 9, None, None, None, None] ❌
    [  70/130] n=3 x=1 slow   mixed   t=1  | midi: gt=[72, 76, 73, 80, 81, 78, 74, 75, 82, 77] pred=[68, 72, 75, 79, 84, 87, 91, 95, 98, 100] ❌  | spn: gt=['C5', 'E5', 'C#5', 'G#5', 'A5', 'F#5', 'D5', 'D#5', 'A#5', 'F5'] pred=['C6', 'F6', 'G6', 'A6', None, None, None, None, None, None] ❌  | doremi: gt=['do', 'mi', 'do#', 'sol#', 'la', 'fa#', 're', 're#', 'la#', 'fa'] pred=[0, 2, 4, 5, 7, 9, None, None, None, None] ❌
    [  71/130] n=3 x=3 slow   similar t=1  | midi: gt=[55, 59, 50, 48, 52, 58, 54, 56, 49, 57] pred=[62, 59, 57, 54, 52, 50, 48, 46, 44, 42] ❌  | spn: gt=['G3', 'B3', 'D3', 'C3', 'E3', 'A#3', 'F#3', 'G#3', 'C#3', 'A3'] pred=['C6', 'B4', 'A#4', 'G4', 'F4', None, None, None, None, None] ❌  | doremi: gt=['sol', 'si', 're', 'do', 'mi', 'la#', 'fa#', 'sol#', 'do#', 'la'] pred=[10, None, None, None, None, None, None, None, None, None] ❌
    [  72/130] n=3 x=3 medium similar t=0  | midi: gt=[56, 54, 55, 59, 57, 48, 58, 49, 53, 52] pred=[57, 62, 69, 74, 81, 88, 95, 102, 109, 116] ❌  | spn: gt=['G#3', 'F#3', 'G3', 'B3', 'A3', 'C3', 'A#3', 'C#3', 'F3', 'E3'] pred=['C6', 'B4', 'A#4', 'G#4', 'F#4', 'E4', 'D4', 'C#4', None, None] ❌  | doremi: gt=['sol#', 'fa#', 'sol', 'si', 'la', 'do', 'la#', 'do#', 'fa', 'mi'] pred=[10, None, None, None, None, None, None, None, None, None] ❌
    [  73/130] n=3 x=1 medium similar t=0  | midi: gt=[74, 79, 83, 75, 76, 80, 72, 77, 78, 82] pred=[72, 69, 74, 81, 77, 75, 70, 77, 79, 81] ❌  | spn: gt=['D5', 'G5', 'B5', 'D#5', 'E5', 'G#5', 'C5', 'F5', 'F#5', 'A#5'] pred=['C6', 'F6', 'G6', 'A6', None, None, None, None, None, None] ❌  | doremi: gt=['re', 'sol', 'si', 're#', 'mi', 'sol#', 'do', 'fa', 'fa#', 'la#'] pred=[0, 1, 2, 3, 4, 5, 6, 7, 9, None] ❌
    [  74/130] n=3 x=3 slow   similar t=0  | midi: gt=[52, 57, 59, 55, 54, 53, 50, 49, 48, 51] pred=[62, 59, 57, 54, 52, 50, 48, 46, 44, 42] ❌  | spn: gt=['E3', 'A3', 'B3', 'G3', 'F#3', 'F3', 'D3', 'C#3', 'C3', 'D#3'] pred=['C6', 'A#4', 'A#4', 'G4', 'F4', 'E4', 'D4', 'C4', None, None] ❌  | doremi: gt=['mi', 'la', 'si', 'sol', 'fa#', 'fa', 're', 'do#', 'do', 're#'] pred=[0, 2, 4, 5, 7, 9, None, None, None, None] ❌
    [  75/130] n=3 x=1 medium similar t=1  | midi: gt=[72, 73, 78, 82, 81, 80, 77, 79, 74, 83] pred=[72, 69, 74, 81, 76, 75, 77, 79, 82, 84] ❌  | spn: gt=['C5', 'C#5', 'F#5', 'A#5', 'A5', 'G#5', 'F5', 'G5', 'D5', 'B5'] pred=['C6', 'F6', 'G6', 'A6', None, None, None, None, None, None] ❌  | doremi: gt=['do', 'do#', 'fa#', 'la#', 'la', 'sol#', 'fa', 'sol', 're', 'si'] pred=[0, 0, 0, 0, 0, 0, 0, 0, 0, None] ❌
    [  76/130] n=3 x=1 medium similar t=0  | midi: gt=[74, 79, 83, 75, 76, 80, 72, 77, 78, 82] pred=[72, 68, 75, 79, 74, 77, 70, 75, 72, 70] ❌  | spn: gt=['D5', 'G5', 'B5', 'D#5', 'E5', 'G#5', 'C5', 'F5', 'F#5', 'A#5'] pred=['C6', 'F6', 'G6', 'A6', 'B6', 'C7', 'D7', 'E7', None, None] ❌  | doremi: gt=['re', 'sol', 'si', 're#', 'mi', 'sol#', 'do', 'fa', 'fa#', 'la#'] pred=[0, 0, 0, 0, 0, 0, 0, 0, 0, None] ❌
    [  77/130] n=3 x=2 medium similar t=1  | midi: gt=[69, 66, 67, 68, 60, 62, 70, 64, 65, 71] pred=[68, 72, 75, 79, 84, 87, 91, 95, 99, 103] ❌  | spn: gt=['A4', 'F#4', 'G4', 'G#4', 'C4', 'D4', 'A#4', 'E4', 'F4', 'B4'] pred=['C6', 'F6', 'G6', 'A6', 'B6', 'C7', 'D7', 'E7', None, None] ❌  | doremi: gt=['la', 'fa#', 'sol', 'sol#', 'do', 're', 'la#', 'mi', 'fa', 'si'] pred=[0, 1, 2, 3, 4, 5, 7, None, None, None] ❌
    [  78/130] n=3 x=2 medium similar t=0  | midi: gt=[69, 70, 65, 63, 71, 67, 62, 64, 61, 60] pred=[68, 72, 75, 79, 84, 87, 91, 95, 99, 103] ❌  | spn: gt=['A4', 'A#4', 'F4', 'D#4', 'B4', 'G4', 'D4', 'E4', 'C#4', 'C4'] pred=['C6', 'F6', 'G6', 'A6', 'B6', 'C7', 'D7', 'E7', None, None] ❌  | doremi: gt=['la', 'la#', 'fa', 're#', 'si', 'sol', 're', 'mi', 'do#', 'do'] pred=[0, 1, 2, 3, 4, 5, 7, None, None, None] ❌
    [  79/130] n=3 x=2 slow   similar t=0  | midi: gt=[65, 66, 61, 62, 68, 71, 60, 70, 63, 64] pred=[68, 72, 75, 79, 84, 87, 91, 95, 99, 103] ❌  | spn: gt=['F4', 'F#4', 'C#4', 'D4', 'G#4', 'B4', 'C4', 'A#4', 'D#4', 'E4'] pred=['C6', 'F6', 'G6', 'A7', None, None, None, None, None, None] ❌  | doremi: gt=['fa', 'fa#', 'do#', 're', 'sol#', 'si', 'do', 'la#', 're#', 'mi'] pred=[0, 2, 4, 5, 7, None, None, None, None, None] ❌
    [  80/130] n=3 x=1 medium similar t=1  | midi: gt=[72, 73, 78, 82, 81, 80, 77, 79, 74, 83] pred=[72, 68, 75, 79, 84, 81, 76, 78, 80, 77] ❌  | spn: gt=['C5', 'C#5', 'F#5', 'A#5', 'A5', 'G#5', 'F5', 'G5', 'D5', 'B5'] pred=['C6', 'F6', 'G6', 'A6', 'B6', 'C7', 'D7', 'E7', None, None] ❌  | doremi: gt=['do', 'do#', 'fa#', 'la#', 'la', 'sol#', 'fa', 'sol', 're', 'si'] pred=[0, 0, 0, 0, 0, 0, 0, 0, 0, None] ❌
    [  81/130] n=3 x=3 medium similar t=0  | midi: gt=[56, 54, 55, 59, 57, 48, 58, 49, 53, 52] pred=[56, 49, 68, 72, 64, 71, 69, 67, 65, 63] ❌  | spn: gt=['G#3', 'F#3', 'G3', 'B3', 'A3', 'C3', 'A#3', 'C#3', 'F3', 'E3'] pred=['C6', 'B4', 'A#4', 'G#4', 'F#4', 'E4', 'D4', 'C#4', None, None] ❌  | doremi: gt=['sol#', 'fa#', 'sol', 'si', 'la', 'do', 'la#', 'do#', 'fa', 'mi'] pred=[0, 2, 4, 5, 7, 9, None, None, None, None] ❌
    [  82/130] n=3 x=2 slow   similar t=1  | midi: gt=[65, 60, 67, 62, 70, 71, 63, 69, 68, 61] pred=[68, 72, 75, 79, 84, 87, 91, 95, 99, 103] ❌  | spn: gt=['F4', 'C4', 'G4', 'D4', 'A#4', 'B4', 'D#4', 'A4', 'G#4', 'C#4'] pred=['C6', 'F6', 'G6', 'A6', None, None, None, None, None, None] ❌  | doremi: gt=['fa', 'do', 'sol', 're', 'la#', 'si', 're#', 'la', 'sol#', 'do#'] pred=[0, 2, 4, 5, 7, 9, 11, None, None, None] ❌
    [  83/130] n=3 x=1 slow   similar t=0  | midi: gt=[76, 77, 72, 83, 75, 78, 80, 73, 81, 74] pred=[72, 68, 75, 79, 74, 77, 70, 75, 72, 70] ❌  | spn: gt=['E5', 'F5', 'C5', 'B5', 'D#5', 'F#5', 'G#5', 'C#5', 'A5', 'D5'] pred=['C6', 'F6', 'G6', 'A#6', None, None, None, None, None, None] ❌  | doremi: gt=['mi', 'fa', 'do', 'si', 're#', 'fa#', 'sol#', 'do#', 'la', 're'] pred=[0, 2, 4, 5, 7, 9, 11, None, None, None] ❌
    [  84/130] n=3 x=1 medium similar t=1  | midi: gt=[72, 73, 78, 82, 81, 80, 77, 79, 74, 83] pred=[72, 68, 75, 79, 74, 77, 70, 75, 72, 70] ❌  | spn: gt=['C5', 'C#5', 'F#5', 'A#5', 'A5', 'G#5', 'F5', 'G5', 'D5', 'B5'] pred=['C6', 'F6', 'G6', 'A6', None, None, None, None, None, None] ❌  | doremi: gt=['do', 'do#', 'fa#', 'la#', 'la', 'sol#', 'fa', 'sol', 're', 'si'] pred=[0, 0, 0, 0, 0, 0, 0, 0, 0, None] ❌
    [  85/130] n=3 x=3 slow   similar t=1  | midi: gt=[55, 59, 50, 48, 52, 58, 54, 56, 49, 57] pred=[56, 49, 58, 62, 70, 65, 67, 72, 74, 77] ❌  | spn: gt=['G3', 'B3', 'D3', 'C3', 'E3', 'A#3', 'F#3', 'G#3', 'C#3', 'A3'] pred=['C4', 'F4', 'G4', 'A4', 'C5', 'F5', None, None, None, None] ❌  | doremi: gt=['sol', 'si', 're', 'do', 'mi', 'la#', 'fa#', 'sol#', 'do#', 'la'] pred=[0, 2, 4, 5, 7, 9, None, None, None, None] ❌
    [  86/130] n=3 x=2 slow   similar t=1  | midi: gt=[65, 60, 67, 62, 70, 71, 63, 69, 68, 61] pred=[68, 72, 75, 79, 84, 87, 91, 95, 99, 103] ❌  | spn: gt=['F4', 'C4', 'G4', 'D4', 'A#4', 'B4', 'D#4', 'A4', 'G#4', 'C#4'] pred=['C6', 'F6', 'G6', 'A6', None, None, None, None, None, None] ❌  | doremi: gt=['fa', 'do', 'sol', 're', 'la#', 'si', 're#', 'la', 'sol#', 'do#'] pred=[0, 2, 4, 5, 7, None, None, None, None, None] ❌
    [  87/130] n=3 x=2 medium similar t=0  | midi: gt=[69, 70, 65, 63, 71, 67, 62, 64, 61, 60] pred=[68, 72, 75, 79, 84, 87, 91, 95, 99, 103] ❌  | spn: gt=['A4', 'A#4', 'F4', 'D#4', 'B4', 'G4', 'D4', 'E4', 'C#4', 'C4'] pred=['G4', 'A4', 'B4', 'G4', 'F4', None, None, None, None, None] ❌  | doremi: gt=['la', 'la#', 'fa', 're#', 'si', 'sol', 're', 'mi', 'do#', 'do'] pred=[0, 1, 2, 3, 4, 5, 7, None, None, None] ❌
    [  88/130] n=3 x=2 slow   similar t=0  | midi: gt=[65, 66, 61, 62, 68, 71, 60, 70, 63, 64] pred=[68, 72, 75, 79, 84, 87, 91, 94, 98, 100] ❌  | spn: gt=['F4', 'F#4', 'C#4', 'D4', 'G#4', 'B4', 'C4', 'A#4', 'D#4', 'E4'] pred=['C6', 'F6', 'G6', 'A6', None, None, None, None, None, None] ❌  | doremi: gt=['fa', 'fa#', 'do#', 're', 'sol#', 'si', 'do', 'la#', 're#', 'mi'] pred=[0, 2, 4, 5, 7, None, None, None, None, None] ❌
    [  89/130] n=3 x=1 slow   similar t=1  | midi: gt=[72, 76, 73, 80, 81, 78, 74, 75, 82, 77] pred=[72, 68, 75, 79, 74, 77, 70, 75, 72, 70] ❌  | spn: gt=['C5', 'E5', 'C#5', 'G#5', 'A5', 'F#5', 'D5', 'D#5', 'A#5', 'F5'] pred=['C6', 'F6', 'G6', 'A6', None, None, None, None, None, None] ❌  | doremi: gt=['do', 'mi', 'do#', 'sol#', 'la', 'fa#', 're', 're#', 'la#', 'fa'] pred=[0, 2, 4, 5, 7, None, None, None, None, None] ❌
    [  90/130] n=3 x=1 medium similar t=1  | midi: gt=[72, 73, 78, 82, 81, 80, 77, 79, 74, 83] pred=[72, 68, 75, 79, 74, 77, 70, 75, 72, 70] ❌  | spn: gt=['C5', 'C#5', 'F#5', 'A#5', 'A5', 'G#5', 'F5', 'G5', 'D5', 'B5'] pred=['C6', 'F6', 'G6', 'A6', 'B6', 'C7', 'D7', 'E7', None, None] ❌  | doremi: gt=['do', 'do#', 'fa#', 'la#', 'la', 'sol#', 'fa', 'sol', 're', 'si'] pred=[0, 1, 2, 3, 4, 5, 6, 7, 9, None] ❌
    [  91/130] n=3 x=3 slow   similar t=1  | midi: gt=[55, 59, 50, 48, 52, 58, 54, 56, 49, 57] pred=[62, 59, 57, 54, 58, 60, 61, 63, 65, 67] ❌  | spn: gt=['G3', 'B3', 'D3', 'C3', 'E3', 'A#3', 'F#3', 'G#3', 'C#3', 'A3'] pred=['F4', 'G4', 'A4', 'F4', 'G4', 'A4', None, None, None, None] ❌  | doremi: gt=['sol', 'si', 're', 'do', 'mi', 'la#', 'fa#', 'sol#', 'do#', 'la'] pred=[0, 2, 4, 5, 7, 9, None, None, None, None] ❌
    [  92/130] n=3 x=2 slow   similar t=1  | midi: gt=[65, 60, 67, 62, 70, 71, 63, 69, 68, 61] pred=[62, 59, 64, 71, 68, 76, 71, 73, 78, 76] ❌  | spn: gt=['F4', 'C4', 'G4', 'D4', 'A#4', 'B4', 'D#4', 'A4', 'G#4', 'C#4'] pred=['C6', 'F6', 'G6', 'A6', None, None, None, None, None, None] ❌  | doremi: gt=['fa', 'do', 'sol', 're', 'la#', 'si', 're#', 'la', 'sol#', 'do#'] pred=[0, 2, 4, 5, 7, None, None, None, None, None] ❌
    [  93/130] n=3 x=1 medium similar t=1  | midi: gt=[72, 73, 78, 82, 81, 80, 77, 79, 74, 83] pred=[72, 69, 74, 81, 76, 78, 85, 82, 77, 79] ❌  | spn: gt=['C5', 'C#5', 'F#5', 'A#5', 'A5', 'G#5', 'F5', 'G5', 'D5', 'B5'] pred=['C6', 'F6', 'G6', 'A6', 'B6', 'C7', 'D7', 'E7', None, None] ❌  | doremi: gt=['do', 'do#', 'fa#', 'la#', 'la', 'sol#', 'fa', 'sol', 're', 'si'] pred=[0, 1, 3, 4, 5, 7, 9, None, None, None] ❌
    [  94/130] n=3 x=2 medium similar t=1  | midi: gt=[69, 66, 67, 68, 60, 62, 70, 64, 65, 71] pred=[68, 72, 75, 79, 84, 87, 91, 95, 98, 100] ❌  | spn: gt=['A4', 'F#4', 'G4', 'G#4', 'C4', 'D4', 'A#4', 'E4', 'F4', 'B4'] pred=['C6', 'F6', 'G6', 'A6', 'B6', 'C7', 'D7', 'E7', None, None] ❌  | doremi: gt=['la', 'fa#', 'sol', 'sol#', 'do', 're', 'la#', 'mi', 'fa', 'si'] pred=[0, 1, 2, 3, 4, 5, 7, None, None, None] ❌
    [  95/130] n=3 x=2 medium similar t=0  | midi: gt=[69, 70, 65, 63, 71, 67, 62, 64, 61, 60] pred=[68, 72, 75, 79, 84, 87, 91, 95, 98, 100] ❌  | spn: gt=['A4', 'A#4', 'F4', 'D#4', 'B4', 'G4', 'D4', 'E4', 'C#4', 'C4'] pred=['G4', 'A4', 'B4', 'G4', 'F4', None, None, None, None, None] ❌  | doremi: gt=['la', 'la#', 'fa', 're#', 'si', 'sol', 're', 'mi', 'do#', 'do'] pred=[0, 1, 2, 3, 4, 5, 7, None, None, None] ❌
    [  96/130] n=3 x=3 medium similar t=0  | midi: gt=[56, 54, 55, 59, 57, 48, 58, 49, 53, 52] pred=[57, 62, 69, 74, 81, 86, 91, 96, 103, 108] ❌  | spn: gt=['G#3', 'F#3', 'G3', 'B3', 'A3', 'C3', 'A#3', 'C#3', 'F3', 'E3'] pred=['C4', 'F4', 'G4', 'A4', 'B4', 'C5', 'D5', 'E5', None, None] ❌  | doremi: gt=['sol#', 'fa#', 'sol', 'si', 'la', 'do', 'la#', 'do#', 'fa', 'mi'] pred=[0, 2, 4, 5, 7, 9, None, None, None, None] ❌
    [  97/130] n=3 x=2 medium similar t=1  | midi: gt=[69, 66, 67, 68, 60, 62, 70, 64, 65, 71] pred=[68, 72, 75, 79, 84, 87, 91, 95, 99, 103] ❌  | spn: gt=['A4', 'F#4', 'G4', 'G#4', 'C4', 'D4', 'A#4', 'E4', 'F4', 'B4'] pred=['C6', 'F6', 'G6', 'A6', None, None, None, None, None, None] ❌  | doremi: gt=['la', 'fa#', 'sol', 'sol#', 'do', 're', 'la#', 'mi', 'fa', 'si'] pred=[0, 0, 0, 0, 0, 0, 0, 0, 0, None] ❌
    [  98/130] n=3 x=1 medium similar t=0  | midi: gt=[74, 79, 83, 75, 76, 80, 72, 77, 78, 82] pred=[72, 69, 74, 81, 76, 78, 85, 82, 77, 79] ❌  | spn: gt=['D5', 'G5', 'B5', 'D#5', 'E5', 'G#5', 'C5', 'F5', 'F#5', 'A#5'] pred=['C6', 'F6', 'G6', 'A6', 'B6', 'C7', 'D7', 'E7', None, None] ❌  | doremi: gt=['re', 'sol', 'si', 're#', 'mi', 'sol#', 'do', 'fa', 'fa#', 'la#'] pred=[0, 0, 0, 0, 0, 0, 0, 0, 0, None] ❌
    [  99/130] n=3 x=2 slow   similar t=0  | midi: gt=[65, 66, 61, 62, 68, 71, 60, 70, 63, 64] pred=[67, 59, 48, 52, 64, 60, 55, 57, 62, 65] ❌  | spn: gt=['F4', 'F#4', 'C#4', 'D4', 'G#4', 'B4', 'C4', 'A#4', 'D#4', 'E4'] pred=['C6', 'F6', 'G6', 'A6', None, None, None, None, None, None] ❌  | doremi: gt=['fa', 'fa#', 'do#', 're', 'sol#', 'si', 'do', 'la#', 're#', 'mi'] pred=[0, 2, 4, 5, 7, 9, None, None, None, None] ❌
    [ 100/130] n=3 x=3 slow   similar t=1  | midi: gt=[55, 59, 50, 48, 52, 58, 54, 56, 49, 57] pred=[62, 59, 57, 54, 52, 50, 48, 46, 44, 42] ❌  | spn: gt=['G3', 'B3', 'D3', 'C3', 'E3', 'A#3', 'F#3', 'G#3', 'C#3', 'A3'] pred=['C4', 'F4', 'G4', 'A4', 'C5', None, None, None, None, None] ❌  | doremi: gt=['sol', 'si', 're', 'do', 'mi', 'la#', 'fa#', 'sol#', 'do#', 'la'] pred=[10, None, None, None, None, None, None, None, None, None] ❌
    [ 101/130] n=3 x=1 medium similar t=1  | midi: gt=[72, 73, 78, 82, 81, 80, 77, 79, 74, 83] pred=[72, 69, 74, 81, 76, 78, 85, 82, 77, 74] ❌  | spn: gt=['C5', 'C#5', 'F#5', 'A#5', 'A5', 'G#5', 'F5', 'G5', 'D5', 'B5'] pred=['C6', 'F6', 'G6', 'A6', 'B6', 'C7', 'D7', 'E7', None, None] ❌  | doremi: gt=['do', 'do#', 'fa#', 'la#', 'la', 'sol#', 'fa', 'sol', 're', 'si'] pred=[0, 1, 3, 4, 5, 7, 9, None, None, None] ❌
    [ 102/130] n=3 x=3 slow   similar t=0  | midi: gt=[52, 57, 59, 55, 54, 53, 50, 49, 48, 51] pred=[62, 59, 57, 54, 52, 50, 48, 46, 44, 42] ❌  | spn: gt=['E3', 'A3', 'B3', 'G3', 'F#3', 'F3', 'D3', 'C#3', 'C3', 'D#3'] pred=['F4', 'G4', 'A4', 'F4', 'G4', 'A4', None, None, None, None] ❌  | doremi: gt=['mi', 'la', 'si', 'sol', 'fa#', 'fa', 're', 'do#', 'do', 're#'] pred=[0, 2, 4, 5, 7, 9, None, None, None, None] ❌
    [ 103/130] n=3 x=3 medium similar t=0  | midi: gt=[56, 54, 55, 59, 57, 48, 58, 49, 53, 52] pred=[57, 62, 69, 74, 81, 88, 95, 102, 109, 116] ❌  | spn: gt=['G#3', 'F#3', 'G3', 'B3', 'A3', 'C3', 'A#3', 'C#3', 'F3', 'E3'] pred=['C6', 'B4', 'A#4', 'G4', 'F#4', None, None, None, None, None] ❌  | doremi: gt=['sol#', 'fa#', 'sol', 'si', 'la', 'do', 'la#', 'do#', 'fa', 'mi'] pred=[0, 2, 4, 5, 7, 9, None, None, None, None] ❌
    [ 104/130] n=3 x=2 slow   similar t=0  | midi: gt=[65, 66, 61, 62, 68, 71, 60, 70, 63, 64] pred=[68, 72, 75, 79, 84, 87, 91, 95, 99, 103] ❌  | spn: gt=['F4', 'F#4', 'C#4', 'D4', 'G#4', 'B4', 'C4', 'A#4', 'D#4', 'E4'] pred=['C6', 'F6', 'G6', 'A6', None, None, None, None, None, None] ❌  | doremi: gt=['fa', 'fa#', 'do#', 're', 'sol#', 'si', 'do', 'la#', 're#', 'mi'] pred=[0, 2, 4, 5, 7, None, None, None, None, None] ❌
    [ 105/130] n=3 x=2 medium similar t=0  | midi: gt=[69, 70, 65, 63, 71, 67, 62, 64, 61, 60] pred=[68, 72, 75, 79, 84, 87, 91, 95, 99, 103] ❌  | spn: gt=['A4', 'A#4', 'F4', 'D#4', 'B4', 'G4', 'D4', 'E4', 'C#4', 'C4'] pred=['G4', 'A4', 'B4', 'G4', 'F4', None, None, None, None, None] ❌  | doremi: gt=['la', 'la#', 'fa', 're#', 'si', 'sol', 're', 'mi', 'do#', 'do'] pred=[0, 2, 4, 5, 7, 9, 11, None, None, None] ❌
    [ 106/130] n=3 x=3 slow   similar t=1  | midi: gt=[55, 59, 50, 48, 52, 58, 54, 56, 49, 57] pred=[57, 62, 69, 74, 81, 86, 91, 96, 103, 108] ❌  | spn: gt=['G3', 'B3', 'D3', 'C3', 'E3', 'A#3', 'F#3', 'G#3', 'C#3', 'A3'] pred=['C4', 'F4', 'G4', 'A4', 'B4', 'C5', 'D5', 'E5', None, None] ❌  | doremi: gt=['sol', 'si', 're', 'do', 'mi', 'la#', 'fa#', 'sol#', 'do#', 'la'] pred=[0, 2, 4, 5, 7, 9, None, None, None, None] ❌
    [ 107/130] n=3 x=2 medium similar t=0  | midi: gt=[69, 70, 65, 63, 71, 67, 62, 64, 61, 60] pred=[68, 72, 75, 79, 84, 87, 91, 95, 99, 103] ❌  | spn: gt=['A4', 'A#4', 'F4', 'D#4', 'B4', 'G4', 'D4', 'E4', 'C#4', 'C4'] pred=['C6', 'F6', 'G6', 'A6', None, None, None, None, None, None] ❌  | doremi: gt=['la', 'la#', 'fa', 're#', 'si', 'sol', 're', 'mi', 'do#', 'do'] pred=[0, 0, 0, 0, 0, 0, 0, 0, 0, None] ❌
    [ 108/130] n=3 x=2 slow   similar t=1  | midi: gt=[65, 60, 67, 62, 70, 71, 63, 69, 68, 61] pred=[68, 72, 75, 79, 84, 87, 91, 95, 99, 103] ❌  | spn: gt=['F4', 'C4', 'G4', 'D4', 'A#4', 'B4', 'D#4', 'A4', 'G#4', 'C#4'] pred=['C6', 'F6', 'G6', 'A6', None, None, None, None, None, None] ❌  | doremi: gt=['fa', 'do', 'sol', 're', 'la#', 'si', 're#', 'la', 'sol#', 'do#'] pred=[0, 2, 4, 5, 7, None, None, None, None, None] ❌
    [ 109/130] n=3 x=1 medium similar t=1  | midi: gt=[72, 73, 78, 82, 81, 80, 77, 79, 74, 83] pred=[72, 68, 75, 79, 74, 77, 70, 75, 72, 70] ❌  | spn: gt=['C5', 'C#5', 'F#5', 'A#5', 'A5', 'G#5', 'F5', 'G5', 'D5', 'B5'] pred=['C6', 'F6', 'G6', 'A6', 'B6', 'C7', 'D7', 'E7', None, None] ❌  | doremi: gt=['do', 'do#', 'fa#', 'la#', 'la', 'sol#', 'fa', 'sol', 're', 'si'] pred=[0, 1, 2, 3, 4, 5, 6, 7, 9, None] ❌
    [ 110/130] n=3 x=1 medium similar t=0  | midi: gt=[74, 79, 83, 75, 76, 80, 72, 77, 78, 82] pred=[72, 68, 75, 79, 74, 77, 70, 75, 72, 70] ❌  | spn: gt=['D5', 'G5', 'B5', 'D#5', 'E5', 'G#5', 'C5', 'F5', 'F#5', 'A#5'] pred=['C6', 'F6', 'G6', 'A6', None, None, None, None, None, None] ❌  | doremi: gt=['re', 'sol', 'si', 're#', 'mi', 'sol#', 'do', 'fa', 'fa#', 'la#'] pred=[0, 0, 0, 0, 0, 0, 0, 0, 0, None] ❌
    [ 111/130] n=3 x=3 slow   similar t=0  | midi: gt=[52, 57, 59, 55, 54, 53, 50, 49, 48, 51] pred=[62, 59, 57, 54, 52, 50, 48, 46, 44, 42] ❌  | spn: gt=['E3', 'A3', 'B3', 'G3', 'F#3', 'F3', 'D3', 'C#3', 'C3', 'D#3'] pred=['C4', 'F4', 'G4', 'A4', None, None, None, None, None, None] ❌  | doremi: gt=['mi', 'la', 'si', 'sol', 'fa#', 'fa', 're', 'do#', 'do', 're#'] pred=[0, 2, 4, 5, 7, None, None, None, None, None] ❌
    [ 112/130] n=3 x=2 medium similar t=1  | midi: gt=[69, 66, 67, 68, 60, 62, 70, 64, 65, 71] pred=[68, 72, 75, 79, 84, 87, 91, 95, 99, 103] ❌  | spn: gt=['A4', 'F#4', 'G4', 'G#4', 'C4', 'D4', 'A#4', 'E4', 'F4', 'B4'] pred=['C6', 'F6', 'G6', 'A6', 'B6', None, None, None, None, None] ❌  | doremi: gt=['la', 'fa#', 'sol', 'sol#', 'do', 're', 'la#', 'mi', 'fa', 'si'] pred=[0, 1, 2, 3, 4, 5, 7, None, None, None] ❌
    [ 113/130] n=3 x=1 slow   similar t=1  | midi: gt=[72, 76, 73, 80, 81, 78, 74, 75, 82, 77] pred=[72, 68, 75, 79, 84, 81, 76, 73, 78, 80] ❌  | spn: gt=['C5', 'E5', 'C#5', 'G#5', 'A5', 'F#5', 'D5', 'D#5', 'A#5', 'F5'] pred=['C6', 'F6', 'G6', 'A6', None, None, None, None, None, None] ❌  | doremi: gt=['do', 'mi', 'do#', 'sol#', 'la', 'fa#', 're', 're#', 'la#', 'fa'] pred=[0, 2, 4, 5, 7, None, None, None, None, None] ❌
    [ 114/130] n=3 x=1 slow   similar t=0  | midi: gt=[76, 77, 72, 83, 75, 78, 80, 73, 81, 74] pred=[72, 68, 75, 79, 74, 77, 70, 73, 75, 72] ❌  | spn: gt=['E5', 'F5', 'C5', 'B5', 'D#5', 'F#5', 'G#5', 'C#5', 'A5', 'D5'] pred=['C6', 'F6', 'G6', 'A6', None, None, None, None, None, None] ❌  | doremi: gt=['mi', 'fa', 'do', 'si', 're#', 'fa#', 'sol#', 'do#', 'la', 're'] pred=[0, 2, 4, 5, 7, None, None, None, None, None] ❌
    [ 115/130] n=3 x=3 slow   similar t=1  | midi: gt=[55, 59, 50, 48, 52, 58, 54, 56, 49, 57] pred=[62, 59, 57, 54, 52, 50, 48, 46, 44, 42] ❌  | spn: gt=['G3', 'B3', 'D3', 'C3', 'E3', 'A#3', 'F#3', 'G#3', 'C#3', 'A3'] pred=['C4', 'F4', 'G4', 'A4', 'B4', 'C5', 'D5', 'E5', None, None] ❌  | doremi: gt=['sol', 'si', 're', 'do', 'mi', 'la#', 'fa#', 'sol#', 'do#', 'la'] pred=[0, 2, 4, 5, 7, 9, None, None, None, None] ❌
    [ 116/130] n=3 x=1 medium similar t=0  | midi: gt=[74, 79, 83, 75, 76, 80, 72, 77, 78, 82] pred=[72, 69, 74, 81, 77, 75, 70, 77, 79, 81] ❌  | spn: gt=['D5', 'G5', 'B5', 'D#5', 'E5', 'G#5', 'C5', 'F5', 'F#5', 'A#5'] pred=['C6', 'F6', 'G6', 'A6', None, None, None, None, None, None] ❌  | doremi: gt=['re', 'sol', 'si', 're#', 'mi', 'sol#', 'do', 'fa', 'fa#', 'la#'] pred=[0, 2, 4, 5, 7, None, None, None, None, None] ❌
    [ 117/130] n=3 x=3 medium similar t=0  | midi: gt=[56, 54, 55, 59, 57, 48, 58, 49, 53, 52] pred=[57, 62, 69, 74, 81, 88, 95, 102, 109, 116] ❌  | spn: gt=['G#3', 'F#3', 'G3', 'B3', 'A3', 'C3', 'A#3', 'C#3', 'F3', 'E3'] pred=['C4', 'A#4', 'G#4', 'F#4', 'D#4', 'C#4', 'B4', None, None, None] ❌  | doremi: gt=['sol#', 'fa#', 'sol', 'si', 'la', 'do', 'la#', 'do#', 'fa', 'mi'] pred=[0, 2, 4, 5, 7, 9, None, None, None, None] ❌
    [ 118/130] n=3 x=3 medium similar t=1  | midi: gt=[52, 50, 49, 57, 53, 54, 51, 55, 58, 59] pred=[57, 62, 69, 74, 81, 88, 95, 102, 109, 116] ❌  | spn: gt=['E3', 'D3', 'C#3', 'A3', 'F3', 'F#3', 'D#3', 'G3', 'A#3', 'B3'] pred=['C6', 'B4', 'A#4', 'G4', 'F#4', None, None, None, None, None] ❌  | doremi: gt=['mi', 're', 'do#', 'la', 'fa', 'fa#', 're#', 'sol', 'la#', 'si'] pred=[0, 2, 4, 5, 7, 9, None, None, None, None] ❌
    [ 119/130] n=3 x=2 medium similar t=0  | midi: gt=[69, 70, 65, 63, 71, 67, 62, 64, 61, 60] pred=[68, 72, 75, 79, 84, 87, 91, 95, 99, 103] ❌  | spn: gt=['A4', 'A#4', 'F4', 'D#4', 'B4', 'G4', 'D4', 'E4', 'C#4', 'C4'] pred=['G4', 'A4', 'B4', 'G4', 'F4', None, None, None, None, None] ❌  | doremi: gt=['la', 'la#', 'fa', 're#', 'si', 'sol', 're', 'mi', 'do#', 'do'] pred=[0, 2, 4, 5, 7, 9, 11, None, None, None] ❌
    [ 120/130] n=3 x=1 slow   similar t=1  | midi: gt=[72, 76, 73, 80, 81, 78, 74, 75, 82, 77] pred=[72, 68, 75, 79, 74, 77, 70, 75, 72, 70] ❌  | spn: gt=['C5', 'E5', 'C#5', 'G#5', 'A5', 'F#5', 'D5', 'D#5', 'A#5', 'F5'] pred=['C6', 'F6', 'G6', 'A6', None, None, None, None, None, None] ❌  | doremi: gt=['do', 'mi', 'do#', 'sol#', 'la', 'fa#', 're', 're#', 'la#', 'fa'] pred=[0, 2, 4, 5, 7, None, None, None, None, None] ❌.venv/lib/python3.12/site-packages/music21/stream/base.py:3675: Music21DeprecationWarning: .flat is deprecated.  Call .flatten() instead
  return self.iter().getElementsByClass(classFilterList)

    [ 121/130] n=3 x=2 medium similar t=0  | midi: gt=[69, 70, 65, 63, 71, 67, 62, 64, 61, 60] pred=[68, 72, 75, 79, 84, 87, 91, 95, 99, 103] ❌  | spn: gt=['A4', 'A#4', 'F4', 'D#4', 'B4', 'G4', 'D4', 'E4', 'C#4', 'C4'] pred=['G4', 'A4', 'B4', 'G4', 'F4', None, None, None, None, None] ❌  | doremi: gt=['la', 'la#', 'fa', 're#', 'si', 'sol', 're', 'mi', 'do#', 'do'] pred=[0, 0, 0, 0, 0, 0, 0, 0, 0, None] ❌
    [ 122/130] n=3 x=3 medium similar t=1  | midi: gt=[52, 50, 49, 57, 53, 54, 51, 55, 58, 59] pred=[62, 59, 57, 54, 52, 50, 48, 46, 44, 42] ❌  | spn: gt=['E3', 'D3', 'C#3', 'A3', 'F3', 'F#3', 'D#3', 'G3', 'A#3', 'B3'] pred=['C4', 'F4', 'G4', 'A4', 'B4', 'C5', 'D5', 'E5', None, None] ❌  | doremi: gt=['mi', 're', 'do#', 'la', 'fa', 'fa#', 're#', 'sol', 'la#', 'si'] pred=[10, None, None, None, None, None, None, None, None, None] ❌
    [ 123/130] n=3 x=3 slow   similar t=1  | midi: gt=[55, 59, 50, 48, 52, 58, 54, 56, 49, 57] pred=[62, 58, 54, 59, 67, 69, 74, 71, 76, 78] ❌  | spn: gt=['G3', 'B3', 'D3', 'C3', 'E3', 'A#3', 'F#3', 'G#3', 'C#3', 'A3'] pred=['C6', None, None, None, None, None, None, None, None, None] ❌  | doremi: gt=['sol', 'si', 're', 'do', 'mi', 'la#', 'fa#', 'sol#', 'do#', 'la'] pred=[10, None, None, None, None, None, None, None, None, None] ❌
    [ 124/130] n=3 x=2 medium similar t=1  | midi: gt=[69, 66, 67, 68, 60, 62, 70, 64, 65, 71] pred=[68, 72, 75, 79, 84, 87, 91, 95, 99, 103] ❌  | spn: gt=['A4', 'F#4', 'G4', 'G#4', 'C4', 'D4', 'A#4', 'E4', 'F4', 'B4'] pred=['C6', 'F6', 'G6', 'A6', None, None, None, None, None, None] ❌  | doremi: gt=['la', 'fa#', 'sol', 'sol#', 'do', 're', 'la#', 'mi', 'fa', 'si'] pred=[0, 2, 4, 5, 7, 9, 11, None, None, None] ❌
    [ 125/130] n=3 x=2 slow   similar t=0  | midi: gt=[65, 66, 61, 62, 68, 71, 60, 70, 63, 64] pred=[62, 58, 74, 79, 76, 71, 76, 74, 71, 69] ❌  | spn: gt=['F4', 'F#4', 'C#4', 'D4', 'G#4', 'B4', 'C4', 'A#4', 'D#4', 'E4'] pred=['C6', 'F5', 'A#4', None, None, None, None, None, None, None] ❌  | doremi: gt=['fa', 'fa#', 'do#', 're', 'sol#', 'si', 'do', 'la#', 're#', 'mi'] pred=[0, 2, 4, 5, 7, None, None, None, None, None] ❌
    [ 126/130] n=3 x=3 slow   mixed   t=0  | midi: gt=[52, 57, 59, 55, 54, 53, 50, 49, 48, 51] pred=[56, 49, 58, 57, 52, 57, 58, 57, 56, 53] ❌  | spn: gt=['E3', 'A3', 'B3', 'G3', 'F#3', 'F3', 'D3', 'C#3', 'C3', 'D#3'] pred=['C4', 'G4', 'A4', 'C5', 'F5', 'G5', 'A5', 'B5', None, None] ❌  | doremi: gt=['mi', 'la', 'si', 'sol', 'fa#', 'fa', 're', 'do#', 'do', 're#'] pred=[8, None, None, None, None, None, None, None, None, None] ❌
    [ 127/130] n=3 x=1 slow   mixed   t=0  | midi: gt=[76, 77, 72, 83, 75, 78, 80, 73, 81, 74] pred=[68, 72, 75, 79, 84, 87, 91, 95, 98, 100] ❌  | spn: gt=['E5', 'F5', 'C5', 'B5', 'D#5', 'F#5', 'G#5', 'C#5', 'A5', 'D5'] pred=['C6', 'F6', 'G6', 'A6', None, None, None, None, None, None] ❌  | doremi: gt=['mi', 'fa', 'do', 'si', 're#', 'fa#', 'sol#', 'do#', 'la', 're'] pred=[0, 2, 4, 5, 7, 9, None, None, None, None] ❌
    [ 128/130] n=3 x=1 slow   mixed   t=1  | midi: gt=[72, 76, 73, 80, 81, 78, 74, 75, 82, 77] pred=[68, 72, 75, 79, 84, 87, 91, 95, 98, 103] ❌  | spn: gt=['C5', 'E5', 'C#5', 'G#5', 'A5', 'F#5', 'D5', 'D#5', 'A#5', 'F5'] pred=['C6', 'F6', 'G#6', 'A#6', 'G#6', None, None, None, None, None] ❌  | doremi: gt=['do', 'mi', 'do#', 'sol#', 'la', 'fa#', 're', 're#', 'la#', 'fa'] pred=[0, 1, 2, 3, 4, 5, 7, None, None, None] ❌
    [ 129/130] n=3 x=3 medium mixed   t=1  | midi: gt=[52, 50, 49, 57, 53, 54, 51, 55, 58, 59] pred=[56, 49, 58, 62, 70, 65, 68, 73, 77, 72] ❌  | spn: gt=['E3', 'D3', 'C#3', 'A3', 'F3', 'F#3', 'D#3', 'G3', 'A#3', 'B3'] pred=['C4', 'G4', 'A4', 'C5', 'F5', 'G5', None, None, None, None] ❌  | doremi: gt=['mi', 're', 'do#', 'la', 'fa', 'fa#', 're#', 'sol', 'la#', 'si'] pred=[8, 0, None, None, None, None, None, None, None, None] ❌
    [ 130/130] n=3 x=2 slow   mixed   t=0  | midi: gt=[65, 66, 61, 62, 68, 71, 60, 70, 63, 64] pred=[64, 72, 79, 85, 88, 93, 98, 100, 103, 107] ❌  | spn: gt=['F4', 'F#4', 'C#4', 'D4', 'G#4', 'B4', 'C4', 'A#4', 'D#4', 'E4'] pred=['G4', 'A4', 'G4', 'F#4', None, None, None, None, None, None] ❌  | doremi: gt=['fa', 'fa#', 'do#', 're', 'sol#', 'si', 'do', 'la#', 're#', 'mi'] pred=[0, 2, 4, 5, 7, 9, 11, None, None, None] ❌

============================================================
SUMMARY — audio_flamingo_next_instruct
  Sampling     : 130 of 260 (stratified by '(n, source_label)', seed=42)
  Stimuli (total)     : 130
  Stimuli (condition) : 130  (all records)

          Metric   Accuracy
  ───────────────────────────
        MIDI_SEQ       0.0%
         SPN_SEQ       0.0%
      DOREMI_SEQ       0.0%
          HZ_SEQ       0.0%
         ANY_SEQ       0.0%

  (Headline = full-sequence exact match for each format. Per-position diagnostics live in <format>_per_pos in the records CSV.)

  *** WARNING: working tree has uncommitted changes — results will NOT be exactly reproducible from git_commit alone ***


Results saved → results/run_20260505_071452/pitchbench_f1_melodic_line_id/run_001_20260505_081931/results_audio_flamingo_next_instruct.*

############################################################
# pitchbench_f2_chorale_voice_id
############################################################

Experiment : pitchbench_f2_chorale_voice_id
Models     : audio_flamingo_next_instruct
Stimuli    : 25  × 4 formats = 100 queries/model
  Sampling     : 25 of 340 (stratified by 'chorale_slug', seed=42)

  Model : Audio Flamingo Next – instruct
    [dispatch] 25 items, max_workers=1
    [   1/25] bach_bwv26_6         x=1 soprano  similar  | midi: gt=[69, 71, 72, 72, 72, 74, 76, 76, 76, 76, 74, 72, 71, 69, 69, 76, 76, 77, 77, 76, 76, 74, 74, 74, 74, 76, 76, 74, 74] pred=[67, 68, 69, 70, 71, 73, 74, 75, 76, 78, 79, 80, 81, 82, 84, 85, 86, 87, 89, 90, 91, 92, 93, 95, 96, 97, 98, 99, 100] ❌  | spn: gt=['A4', 'B4', 'C5', 'C5', 'C5', 'D5', 'E5', 'E5', 'E5', 'E5', 'D5', 'C5', 'B4', 'A4', 'A4', 'E5', 'E5', 'F5', 'F5', 'E5', 'E5', 'D5', 'D5', 'D5', 'D5', 'E5', 'E5', 'D5', 'D5'] pred=['C4', 'G4', 'A3', 'B3', 'C4', 'F4', 'G4', 'A3', 'B3', 'C4', 'D4', 'E4', 'F4', 'G4', 'A3', 'B3', 'C4', 'D4', 'E4', 'F4', 'G4', 'A3', 'B3', 'C4', 'D4', 'E4', 'F4', 'G4', 'A3'] ❌  | doremi: gt=['la', 'si', 'do', 'do', 'do', 're', 'mi', 'mi', 'mi', 'mi', 're', 'do', 'si', 'la', 'la', 'mi', 'mi', 'fa', 'fa', 'mi', 'mi', 're', 're', 're', 're', 'mi', 'mi', 're', 're'] pred=[0, 0, 0, 0, 0, 0, 0, 0, 0, 0, 0, 0, 0, 0, 0, 0, 0, 0, 0, 0, 0, 0, 0, 0, 0, 0, 0, 0, 0] ❌
    [   2/25] bach_bwv26_6         x=1 soprano  similar  | midi: gt=[69, 71, 72, 72, 72, 74, 76, 76, 76, 76, 74, 72, 71, 69, 69, 76, 76, 77, 77, 76, 76, 74, 74, 74, 74, 76, 76, 74, 74] pred=[63, 70, 75, 81, 84, 87, 90, 93, 95, 97, 100, 102, 104, 106, 108, 110, 112, 114, 116, 118, 120, 122, 124, 126, 14, None, None, None, None] ❌  | spn: gt=['A4', 'B4', 'C5', 'C5', 'C5', 'D5', 'E5', 'E5', 'E5', 'E5', 'D5', 'C5', 'B4', 'A4', 'A4', 'E5', 'E5', 'F5', 'F5', 'E5', 'E5', 'D5', 'D5', 'D5', 'D5', 'E5', 'E5', 'D5', 'D5'] pred=['C4', 'B3', 'A#3', 'G4', 'F4', 'E4', 'D4', 'C4', 'B3', 'A#3', 'G4', 'F4', 'E4', 'D4', 'C4', 'B3', 'A#3', 'G4', 'F4', 'E4', 'D4', 'C4', 'B3', 'A#3', 'G4', 'F4', 'E4', 'D4', 'C4'] ❌  | doremi: gt=['la', 'si', 'do', 'do', 'do', 're', 'mi', 'mi', 'mi', 'mi', 're', 'do', 'si', 'la', 'la', 'mi', 'mi', 'fa', 'fa', 'mi', 'mi', 're', 're', 're', 're', 'mi', 'mi', 're', 're'] pred=[0, 0, 0, 0, 0, 0, 0, 0, 0, 0, 0, 0, 0, 0, 0, 0, 0, 0, 0, 0, 0, 0, 0, 0, 0, 0, 0, 0, 0] ❌
    [   3/25] bach_bwv26_6         x=3 tenor    similar  | midi: gt=[62, 60, 59, 57, 59, 60, 64, 65, 64, 62, 61, 61, 62, 64, 61, 62, 62, 62, 61, 62, 57, 59, 60, 62, 59, 60, 60, 60, 59, 60, 55, 57, 57, 59] pred=[62, 59, 61, 60, 57, 58, 60, 62, 64, 65, 64, 62, 60, 58, 57, 59, 60, 62, 64, 65, 64, 62, 60, 58, 57, 59, 60, 62, 64, 65, 64, 62, 60, 58] ❌  | spn: gt=['D4', 'C4', 'B3', 'A3', 'B3', 'C4', 'E4', 'F4', 'E4', 'D4', 'C#4', 'C#4', 'D4', 'E4', 'C#4', 'D4', 'D4', 'D4', 'C#4', 'D4', 'A3', 'B3', 'C4', 'D4', 'B3', 'C4', 'C4', 'C4', 'B3', 'C4', 'G3', 'A3', 'A3', 'B3'] pred=['C6', 'A6', 'G6', 'F6', 'E6', 'D6', 'C6', 'C5', 'A5', 'G5', 'F5', 'E5', 'D5', 'C5', 'C4', 'A4', 'G4', 'F4', 'E4', 'D4', 'C4', 'C3', 'A3', 'G3', 'F3', 'E3', 'D3', 'C3', 'C2', 'A2', 'G2', 'F2', 'E2', 'D2'] ❌  | doremi: gt=['re', 'do', 'si', 'la', 'si', 'do', 'mi', 'fa', 'mi', 're', 'do#', 'do#', 're', 'mi', 'do#', 're', 're', 're', 'do#', 're', 'la', 'si', 'do', 're', 'si', 'do', 'do', 'do', 'si', 'do', 'sol', 'la', 'la', 'si'] pred=[0, 0, 0, 0, 0, 0, 0, 0, 0, 0, 0, 0, 0, 0, 0, 0, 0, 0, 0, 0, 0, 0, 0, 0, 0, 0, 0, 0, 0, 0, 0, 0, 0, 0] ❌
    [   4/25] bach_bwv26_6         x=2 alto     similar  | midi: gt=[64, 64, 64, 64, 64, 67, 67, 67, 67, 72, 71, 69, 69, 68, 64, 69, 69, 69, 70, 70, 69, 67, 67, 64, 66, 67, 67, 67, 69, 69, 67, 65] pred=[60, 59, 57, 54, 51, 58, 60, 62, 64, 65, 64, 62, 60, 59, 57, 54, 51, 58, 60, 62, 64, 65, 64, 62, 60, 59, 57, 54, 51, 58, 60, 62] ❌  | spn: gt=['E4', 'E4', 'E4', 'E4', 'E4', 'G4', 'G4', 'G4', 'G4', 'C5', 'B4', 'A4', 'A4', 'G#4', 'E4', 'A4', 'A4', 'A4', 'A#4', 'A#4', 'A4', 'G4', 'G4', 'E4', 'F#4', 'G4', 'G4', 'G4', 'A4', 'A4', 'G4', 'F4'] pred=['C4', 'G4', 'A4', 'C4', 'F4', 'G4', 'A4', 'D4', 'D4', 'E4', 'F4', 'G4', 'A4', 'D4', 'D4', 'E4', 'F4', 'G4', 'A4', 'D4', 'D4', 'E4', 'F4', 'G4', 'A4', 'D4', 'D4', 'E4', 'F4', 'G4', 'A4', 'D4'] ❌  | doremi: gt=['mi', 'mi', 'mi', 'mi', 'mi', 'sol', 'sol', 'sol', 'sol', 'do', 'si', 'la', 'la', 'sol#', 'mi', 'la', 'la', 'la', 'la#', 'la#', 'la', 'sol', 'sol', 'mi', 'fa#', 'sol', 'sol', 'sol', 'la', 'la', 'sol', 'fa'] pred=[2, None, None, None, None, None, None, None, None, None, None, None, None, None, None, None, None, None, None, None, None, None, None, None, None, None, None, None, None, None, None, None] ❌
    [   5/25] bach_bwv26_6         x=2 alto     similar  | midi: gt=[64, 64, 64, 64, 64, 67, 67, 67, 67, 72, 71, 69, 69, 68, 64, 69, 69, 69, 70, 70, 69, 67, 67, 64, 66, 67, 67, 67, 69, 69, 67, 65] pred=[64, 59, 61, 60, 67, 68, 69, 71, 72, 74, 76, 77, 79, 81, 82, 84, 86, 87, 89, 91, 92, 94, 96, 98, 100, 101, 103, 105, 107, 109, 111, 112] ❌  | spn: gt=['E4', 'E4', 'E4', 'E4', 'E4', 'G4', 'G4', 'G4', 'G4', 'C5', 'B4', 'A4', 'A4', 'G#4', 'E4', 'A4', 'A4', 'A4', 'A#4', 'A#4', 'A4', 'G4', 'G4', 'E4', 'F#4', 'G4', 'G4', 'G4', 'A4', 'A4', 'G4', 'F4'] pred=['C4', 'A4', 'G4', 'F4', 'E4', 'D4', 'C4', 'C#4', 'D4', 'E4', 'F4', 'G4', 'A4', 'B4', 'C#4', 'D4', 'E4', 'F4', 'G4', 'A4', 'B4', 'C#4', 'D4', 'E4', 'F4', 'G4', 'A4', 'B4', 'C#4', 'D4', 'E4', 'F4'] ❌  | doremi: gt=['mi', 'mi', 'mi', 'mi', 'mi', 'sol', 'sol', 'sol', 'sol', 'do', 'si', 'la', 'la', 'sol#', 'mi', 'la', 'la', 'la', 'la#', 'la#', 'la', 'sol', 'sol', 'mi', 'fa#', 'sol', 'sol', 'sol', 'la', 'la', 'sol', 'fa'] pred=[2, None, None, None, None, None, None, None, None, None, None, None, None, None, None, None, None, None, None, None, None, None, None, None, None, None, None, None, None, None, None, None] ❌
    [   6/25] bach_bwv4_8          x=2 alto     similar  | midi: gt=[61, 62, 60, 60, 65, 67, 69, 67, 69, 64, 64, 64, 62, 60, 62, 64, 60, 65, 64, 64, 62, 61] pred=[64, 59, 61, 63, 67, 60, 68, 70, 72, 74, 76, 77, 79, 81, 82, 84, 86, 87, 89, 91, 92, 94] ❌  | spn: gt=['C#4', 'D4', 'C4', 'C4', 'F4', 'G4', 'A4', 'G4', 'A4', 'E4', 'E4', 'E4', 'D4', 'C4', 'D4', 'E4', 'C4', 'F4', 'E4', 'E4', 'D4', 'C#4'] pred=['C4', 'G4', 'A3', 'F4', 'B3', 'C4', 'D4', 'E4', 'F4', 'G4', 'A3', 'A#4', 'B3', 'C4', 'D4', 'E4', 'F4', 'G4', 'A3', 'A#4', 'B3', 'C4'] ❌  | doremi: gt=['do#', 're', 'do', 'do', 'fa', 'sol', 'la', 'sol', 'la', 'mi', 'mi', 'mi', 're', 'do', 're', 'mi', 'do', 'fa', 'mi', 'mi', 're', 'do#'] pred=[2, None, None, None, None, None, None, None, None, None, None, None, None, None, None, None, None, None, None, None, None, None] ❌
    [   7/25] bach_bwv4_8          x=1 soprano  similar  | midi: gt=[64, 65, 67, 69, 69, 74, 73, 74, 76, 74, 72, 71, 69, 71, 72, 69, 70, 72, 67, 65, 64] pred=[64, 70, 73, 75, 79, 81, 84, 87, 90, 93, 96, 98, 101, 104, 107, 110, 113, 116, 119, 122, 125] ❌  | spn: gt=['E4', 'F4', 'G4', 'A4', 'A4', 'D5', 'C#5', 'D5', 'E5', 'D5', 'C5', 'B4', 'A4', 'B4', 'C5', 'A4', 'A#4', 'C5', 'G4', 'F4', 'E4'] pred=['C4', 'G4', 'A3', 'C4', 'F4', 'G4', 'A3', 'D4', 'C4', 'B4', 'A4', None, None, None, None, None, None, None, None, None, None] ❌  | doremi: gt=['mi', 'fa', 'sol', 'la', 'la', 're', 'do#', 're', 'mi', 're', 'do', 'si', 'la', 'si', 'do', 'la', 'la#', 'do', 'sol', 'fa', 'mi'] pred=[0, 2, 4, 5, 7, 9, 10, None, None, None, None, None, None, None, None, None, None, None, None, None, None] ❌
    [   8/25] bach_bwv4_8          x=1 soprano  similar  | midi: gt=[64, 65, 67, 69, 69, 74, 73, 74, 76, 74, 72, 71, 69, 71, 72, 69, 70, 72, 67, 65, 64] pred=[63, 70, 75, 80, 84, 89, 93, 97, 100, 103, 106, 108, 110, 112, 114, 115, 117, 119, 120, 122, 124] ❌  | spn: gt=['E4', 'F4', 'G4', 'A4', 'A4', 'D5', 'C#5', 'D5', 'E5', 'D5', 'C5', 'B4', 'A4', 'B4', 'C5', 'A4', 'A#4', 'C5', 'G4', 'F4', 'E4'] pred=['C4', 'G4', 'A3', 'B3', 'C4', 'F4', 'G4', 'A3', 'B3', 'C4', 'F4', 'G4', 'A3', 'B3', 'C4', 'F4', 'G4', 'A3', 'B3', 'C4', None] ❌  | doremi: gt=['mi', 'fa', 'sol', 'la', 'la', 're', 'do#', 're', 'mi', 're', 'do', 'si', 'la', 'si', 'do', 'la', 'la#', 'do', 'sol', 'fa', 'mi'] pred=[0, 0, 0, 0, 0, 0, 0, 0, 0, 0, 0, 0, 0, 0, 0, 0, 0, 0, 0, 0, 0] ❌
    [   9/25] bach_bwv4_8          x=4 bass     similar  | midi: gt=[50, 52, 50, 48, 47, 45, 44, 45, 40, 45, 49, 50, 52] pred=[57, 62, 69, 74, 80, 85, 89, 93, 97, 100, 103, 106, 108] ❌  | spn: gt=['D3', 'E3', 'D3', 'C3', 'B2', 'A2', 'G#2', 'A2', 'E2', 'A2', 'C#3', 'D3', 'E3'] pred=['A4', 'A4', 'G4', 'F4', None, None, None, None, None, None, None, None, None] ❌  | doremi: gt=['re', 'mi', 're', 'do', 'si', 'la', 'sol#', 'la', 'mi', 'la', 'do#', 're', 'mi'] pred=[0, 2, 4, 5, 7, 9, 10, None, None, None, None, None, None] ❌
    [  10/25] bach_bwv4_8          x=1 soprano  similar  | midi: gt=[64, 65, 67, 69, 69, 74, 73, 74, 76, 74, 72, 71, 69, 71, 72, 69, 70, 72, 67, 65, 64] pred=[68, 70, 73, 75, 79, 84, 86, 88, 91, 93, 96, 98, 100, 103, 105, 108, 110, 113, 115, 118, 120] ❌  | spn: gt=['E4', 'F4', 'G4', 'A4', 'A4', 'D5', 'C#5', 'D5', 'E5', 'D5', 'C5', 'B4', 'A4', 'B4', 'C5', 'A4', 'A#4', 'C5', 'G4', 'F4', 'E4'] pred=['C4', 'G4', 'A3', 'B3', 'C4', 'F4', 'G4', 'A3', 'B3', 'C4', 'F4', 'G4', 'A3', 'B3', 'C4', 'F4', 'G4', 'A3', 'B3', 'C4', None] ❌  | doremi: gt=['mi', 'fa', 'sol', 'la', 'la', 're', 'do#', 're', 'mi', 're', 'do', 'si', 'la', 'si', 'do', 'la', 'la#', 'do', 'sol', 'fa', 'mi'] pred=[0, 0, 0, 0, 0, 0, 0, 0, 0, 0, 0, 0, 0, 0, 0, 0, 0, 0, 0, 0, 0] ❌
    [  11/25] bach_bwv57_8         x=1 soprano  similar  | midi: gt=[70, 70, 77, 74, 72, 70, 69, 70, 69, 67, 65, 70, 72, 74, 75, 72, 70, 77, 75, 74, 72, 70, 79] pred=[65, 70, 74, 71, 78, 79, 77, 74, 72, 70, 68, 67, 65, 63, 62, 60, 58, 57, 55, 53, 51, 49, 47] ❌  | spn: gt=['A#4', 'A#4', 'F5', 'D5', 'C5', 'A#4', 'A4', 'A#4', 'A4', 'G4', 'F4', 'A#4', 'C5', 'D5', 'D#5', 'C5', 'A#4', 'F5', 'D#5', 'D5', 'C5', 'A#4', 'G5'] pred=['C4', 'A#4', 'G4', 'F4', 'D4', 'C5', 'D5', 'E5', 'F5', 'G5', 'A5', 'C6', None, None, None, None, None, None, None, None, None, None, None] ❌  | doremi: gt=['la#', 'la#', 'fa', 're', 'do', 'la#', 'la', 'la#', 'la', 'sol', 'fa', 'la#', 'do', 're', 're#', 'do', 'la#', 'fa', 're#', 're', 'do', 'la#', 'sol'] pred=[0, 0, 0, 0, 0, 0, 0, 0, 0, 0, 0, 0, 0, 0, 0, 0, 0, 0, 0, 0, 0, 0, 0] ❌
    [  12/25] bach_bwv57_8         x=1 soprano  similar  | midi: gt=[70, 70, 77, 74, 72, 70, 69, 70, 69, 67, 65, 70, 72, 74, 75, 72, 70, 77, 75, 74, 72, 70, 79] pred=[65, 70, 71, 74, 78, 79, 81, 82, 84, 85, 87, 89, 90, 92, 94, 95, 97, 98, 100, 101, 103, 105, 107] ❌  | spn: gt=['A#4', 'A#4', 'F5', 'D5', 'C5', 'A#4', 'A4', 'A#4', 'A4', 'G4', 'F4', 'A#4', 'C5', 'D5', 'D#5', 'C5', 'A#4', 'F5', 'D#5', 'D5', 'C5', 'A#4', 'G5'] pred=['C4', 'A#4', 'G4', 'F4', 'D4', 'C5', 'D5', 'E5', 'F5', 'G5', 'A5', 'B5', 'C6', None, None, None, None, None, None, None, None, None, None] ❌  | doremi: gt=['la#', 'la#', 'fa', 're', 'do', 'la#', 'la', 'la#', 'la', 'sol', 'fa', 'la#', 'do', 're', 're#', 'do', 'la#', 'fa', 're#', 're', 'do', 'la#', 'sol'] pred=[0, 0, 0, 0, 0, 0, 0, 0, 0, 0, 0, 0, 0, 0, 0, 0, 0, 0, 0, 0, 0, 0, 0] ❌
    [  13/25] bach_bwv57_8         x=2 alto     similar  | midi: gt=[60, 65, 67, 69, 70, 72, 69, 65, 70, 69] pred=[65, 72, 74, 73, 78, 79, 77, 74, 72, 67] ❌  | spn: gt=['C4', 'F4', 'G4', 'A4', 'A#4', 'C5', 'A4', 'F4', 'A#4', 'A4'] pred=['C4', 'F4', 'G4', 'A3', 'A4', 'G4', None, None, None, None] ❌  | doremi: gt=['do', 'fa', 'sol', 'la', 'la#', 'do', 'la', 'fa', 'la#', 'la'] pred=[2, None, None, None, None, None, None, None, None, None] ❌
    [  14/25] bach_bwv57_8         x=2 alto     similar  | midi: gt=[60, 65, 67, 69, 70, 72, 69, 65, 70, 69] pred=[62, 59, 64, 73, 68, 71, 76, 78, 73, 71] ❌  | spn: gt=['C4', 'F4', 'G4', 'A4', 'A#4', 'C5', 'A4', 'F4', 'A#4', 'A4'] pred=['C4', 'F4', 'G4', 'A3', 'C5', 'D5', None, None, None, None] ❌  | doremi: gt=['do', 'fa', 'sol', 'la', 'la#', 'do', 'la', 'fa', 'la#', 'la'] pred=[4, None, None, None, None, None, None, None, None, None] ❌
    [  15/25] bach_bwv57_8         x=4 bass     similar  | midi: gt=[57, 55, 53, 48, 51, 50, 48, 46, 53, 46, 46, 48, 50, 51] pred=[57, 62, 69, 70, 73, 78, 81, 82, 81, 78, 73, 70, 69, 62] ❌  | spn: gt=['A3', 'G3', 'F3', 'C3', 'D#3', 'D3', 'C3', 'A#2', 'F3', 'A#2', 'A#2', 'C3', 'D3', 'D#3'] pred=['F3', 'F2', 'G2', 'A2', 'C3', 'C2', 'D2', 'F3', 'F2', 'G2', 'A2', 'C3', 'C2', 'D2'] ❌  | doremi: gt=['la', 'sol', 'fa', 'do', 're#', 're', 'do', 'la#', 'fa', 'la#', 'la#', 'do', 're', 're#'] pred=[0, 0, 0, 0, 0, 0, 11, 0, 0, 0, 0, None, None, None] ❌
    [  16/25] bach_bwv66_6         x=1 soprano  similar  | midi: gt=[73, 71, 69, 71, 73, 76, 73, 71, 69, 73, 69, 71, 68, 66, 69, 71, 71, 66, 64, 69, 71, 73, 73, 69, 71, 73, 69, 68] pred=[69, 71, 73, 74, 75, 70, 72, 74, 76, 78, 76, 75, 73, 71, 69, 71, 73, 74, 73, 71, 69, 71, 73, 74, 73, 71, 69, 71] ❌  | spn: gt=['C#5', 'B4', 'A4', 'B4', 'C#5', 'E5', 'C#5', 'B4', 'A4', 'C#5', 'A4', 'B4', 'G#4', 'F#4', 'A4', 'B4', 'B4', 'F#4', 'E4', 'A4', 'B4', 'C#5', 'C#5', 'A4', 'B4', 'C#5', 'A4', 'G#4'] pred=['C4', 'B3', 'A4', 'G4', 'F#4', 'E4', 'F#4', 'G4', 'A4', 'B3', 'C4', 'D4', 'E4', 'F#4', 'G4', 'A4', 'B3', 'C4', 'D4', 'E4', 'F#4', 'G4', 'A4', 'B3', 'C4', 'D4', 'E4', 'F#4'] ❌  | doremi: gt=['do#', 'si', 'la', 'si', 'do#', 'mi', 'do#', 'si', 'la', 'do#', 'la', 'si', 'sol#', 'fa#', 'la', 'si', 'si', 'fa#', 'mi', 'la', 'si', 'do#', 'do#', 'la', 'si', 'do#', 'la', 'sol#'] pred=[0, 2, 4, 5, 7, 9, 10, None, None, None, None, None, None, None, None, None, None, None, None, None, None, None, None, None, None, None, None, None] ❌
    [  17/25] bach_bwv66_6         x=2 alto     similar  | midi: gt=[64, 66, 64, 64, 64, 64, 69, 68, 64, 68, 66, 68, 65, 61, 66, 66, 64, 63, 61, 61, 66, 64, 64, 69, 66, 66, 68, 66, 66, 65] pred=[62, 59, 58, 54, 57, 51, 54, 59, 61, 62, 61, 59, 58, 54, 57, 51, 54, 59, 61, 62, 61, 59, 58, 54, 57, 51, 54, 59, 61, 62] ❌  | spn: gt=['E4', 'F#4', 'E4', 'E4', 'E4', 'E4', 'A4', 'G#4', 'E4', 'G#4', 'F#4', 'G#4', 'F4', 'C#4', 'F#4', 'F#4', 'E4', 'D#4', 'C#4', 'C#4', 'F#4', 'E4', 'E4', 'A4', 'F#4', 'F#4', 'G#4', 'F#4', 'F#4', 'F4'] pred=['C4', 'A4', 'G4', 'F#4', 'E4', 'D4', 'C#4', 'B4', 'A#4', 'G#4', 'F4', 'E4', 'D#4', 'C#4', 'B3', 'A4', None, None, None, None, None, None, None, None, None, None, None, None, None, None] ❌  | doremi: gt=['mi', 'fa#', 'mi', 'mi', 'mi', 'mi', 'la', 'sol#', 'mi', 'sol#', 'fa#', 'sol#', 'fa', 'do#', 'fa#', 'fa#', 'mi', 're#', 'do#', 'do#', 'fa#', 'mi', 'mi', 'la', 'fa#', 'fa#', 'sol#', 'fa#', 'fa#', 'fa'] pred=[2, None, None, None, None, None, None, None, None, None, None, None, None, None, None, None, None, None, None, None, None, None, None, None, None, None, None, None, None, None] ❌
    [  18/25] bach_bwv66_6         x=4 bass     similar  | midi: gt=[59, 53, 54, 47, 49, 50, 49, 46, 47, 49, 50, 47, 54] pred=[57, 62, 69, 74, 80, 85, 89, 93, 97, 100, 103, 106, 108] ❌  | spn: gt=['B3', 'F3', 'F#3', 'B2', 'C#3', 'D3', 'C#3', 'A#2', 'B2', 'C#3', 'D3', 'B2', 'F#3'] pred=['F4', 'F#4', 'G4', 'A4', 'B4', 'C#4', 'C5', None, None, None, None, None, None] ❌  | doremi: gt=['si', 'fa', 'fa#', 'si', 'do#', 're', 'do#', 'la#', 'si', 'do#', 're', 'si', 'fa#'] pred=[0, 2, 4, 5, 7, 9, 11, 0, 2, 4, 5, 7, None] ❌
    [  19/25] bach_bwv66_6         x=2 alto     similar  | midi: gt=[64, 66, 64, 64, 64, 64, 69, 68, 64, 68, 66, 68, 65, 61, 66, 66, 64, 63, 61, 61, 66, 64, 64, 69, 66, 66, 68, 66, 66, 65] pred=[62, 59, 58, 54, 57, 51, 54, 56, 58, 60, 62, 64, 66, 68, 70, 72, 74, 76, 78, 80, 82, 84, 86, 88, 90, 92, 94, 96, 98, 100] ❌  | spn: gt=['E4', 'F#4', 'E4', 'E4', 'E4', 'E4', 'A4', 'G#4', 'E4', 'G#4', 'F#4', 'G#4', 'F4', 'C#4', 'F#4', 'F#4', 'E4', 'D#4', 'C#4', 'C#4', 'F#4', 'E4', 'E4', 'A4', 'F#4', 'F#4', 'G#4', 'F#4', 'F#4', 'F4'] pred=['C4', 'A4', 'G4', 'F#4', 'E4', 'D4', 'C#4', 'B4', 'A#4', 'G#4', 'F4', 'E4', 'D#4', 'C#4', None, None, None, None, None, None, None, None, None, None, None, None, None, None, None, None] ❌  | doremi: gt=['mi', 'fa#', 'mi', 'mi', 'mi', 'mi', 'la', 'sol#', 'mi', 'sol#', 'fa#', 'sol#', 'fa', 'do#', 'fa#', 'fa#', 'mi', 're#', 'do#', 'do#', 'fa#', 'mi', 'mi', 'la', 'fa#', 'fa#', 'sol#', 'fa#', 'fa#', 'fa'] pred=[None, None, None, None, None, None, None, None, None, None, None, None, None, None, None, None, None, None, None, None, None, None, None, None, None, None, None, None, None, None] ❌
    [  20/25] bach_bwv66_6         x=4 bass     similar  | midi: gt=[59, 53, 54, 47, 49, 50, 49, 46, 47, 49, 50, 47, 54] pred=[56, 49, 58, 60, 57, 52, 53, 55, 57, 58, 60, 53, 58] ❌  | spn: gt=['B3', 'F3', 'F#3', 'B2', 'C#3', 'D3', 'C#3', 'A#2', 'B2', 'C#3', 'D3', 'B2', 'F#3'] pred=['F4', 'F#4', 'G4', 'A4', 'B4', 'C#4', 'C#5', None, None, None, None, None, None] ❌  | doremi: gt=['si', 'fa', 'fa#', 'si', 'do#', 're', 'do#', 'la#', 'si', 'do#', 're', 'si', 'fa#'] pred=[0, 2, 4, 5, 7, 9, 10, None, None, None, None, None, None] ❌
    [  21/25] bach_bwv7_7          x=3 tenor    similar  | midi: gt=[59, 57, 55, 55, 57, 59, 62, 62, 62, 64, 66, 62, 67, 66, 62, 61] pred=[57, 62, 69, 74, 80, 83, 86, 89, 92, 94, 96, 97, 98, 100, 102, 103] ❌  | spn: gt=['B3', 'A3', 'G3', 'G3', 'A3', 'B3', 'D4', 'D4', 'D4', 'E4', 'F#4', 'D4', 'G4', 'F#4', 'D4', 'C#4'] pred=['G4', 'A3', 'B2', 'G4', 'F#3', 'G4', 'A3', 'B2', 'G4', 'F#3', 'G4', 'A3', 'B2', 'G4', 'F#3', 'G4'] ❌  | doremi: gt=['si', 'la', 'sol', 'sol', 'la', 'si', 're', 're', 're', 'mi', 'fa#', 're', 'sol', 'fa#', 're', 'do#'] pred=[0, 0, 0, 0, 0, 0, 0, 0, 0, 0, 0, 0, 0, 0, 0, 0] ❌
    [  22/25] bach_bwv7_7          x=1 soprano  similar  | midi: gt=[64, 66, 67, 69, 71, 69, 74, 73, 71, 69, 74, 73, 71, 69, 67, 66, 64, 64, 66, 67, 69, 71, 69, 74, 73, 71, 69, 74, 73, 71, 69, 67] pred=[68, 70, 71, 74, 75, 79, 81, 82, 84, 86, 88, 90, 92, 94, 96, 98, 100, 101, 103, 105, 107, 109, 111, 113, 115, 117, 119, 121, 123, 125, 127, None] ❌  | spn: gt=['E4', 'F#4', 'G4', 'A4', 'B4', 'A4', 'D5', 'C#5', 'B4', 'A4', 'D5', 'C#5', 'B4', 'A4', 'G4', 'F#4', 'E4', 'E4', 'F#4', 'G4', 'A4', 'B4', 'A4', 'D5', 'C#5', 'B4', 'A4', 'D5', 'C#5', 'B4', 'A4', 'G4'] pred=['C4', 'B3', 'A4', 'G4', 'F#4', 'E4', 'D4', 'C4', 'B3', 'A4', 'G4', 'F#4', 'E4', 'D4', 'C4', 'B3', 'A4', 'G4', 'F#4', 'E4', 'D4', 'C4', 'B3', 'A4', 'G4', 'F#4', 'E4', 'D4', 'C4', 'B3', 'A4', 'G4'] ❌  | doremi: gt=['mi', 'fa#', 'sol', 'la', 'si', 'la', 're', 'do#', 'si', 'la', 're', 'do#', 'si', 'la', 'sol', 'fa#', 'mi', 'mi', 'fa#', 'sol', 'la', 'si', 'la', 're', 'do#', 'si', 'la', 're', 'do#', 'si', 'la', 'sol'] pred=[0, 0, 0, 0, 0, 0, 0, 0, 0, 0, 0, 0, 0, 0, 0, 0, 0, 0, 0, 0, 0, 0, 0, 0, 0, 0, 0, 0, 0, 0, 0, 0] ❌
    [  23/25] bach_bwv7_7          x=2 alto     similar  | midi: gt=[64, 63, 59, 59, 64, 62, 64, 61, 62, 62, 61, 61, 63, 64, 64, 66, 67, 66, 71, 69, 67, 66, 64, 62, 66, 66, 64, 62, 64, 66, 66, 64, 63, 59, 64, 64, 66] pred=[62, 59, 61, 64, 60, 62, 64, 68, 64, 69, 68, 64, 62, 61, 62, 64, 69, 68, 64, 62, 61, 62, 64, 69, 68, 64, 62, 61, 62, 64, 69, 68, 64, 62, 61, 62, 64] ❌  | spn: gt=['E4', 'D#4', 'B3', 'B3', 'E4', 'D4', 'E4', 'C#4', 'D4', 'D4', 'C#4', 'C#4', 'D#4', 'E4', 'E4', 'F#4', 'G4', 'F#4', 'B4', 'A4', 'G4', 'F#4', 'E4', 'D4', 'F#4', 'F#4', 'E4', 'D4', 'E4', 'F#4', 'F#4', 'E4', 'D#4', 'B3', 'E4', 'E4', 'F#4'] pred=['G4', 'A4', 'B4', 'G4', 'F#4', 'E4', 'D4', 'C4', 'F#4', 'E4', 'D4', 'C4', 'F#4', 'E4', 'D4', 'C4', 'F#4', 'E4', 'D4', 'C4', 'F#4', 'E4', 'D4', 'C4', 'F#4', 'E4', 'D4', 'C4', 'F#4', 'E4', 'D4', 'C4', None, None, None, None, None] ❌  | doremi: gt=['mi', 're#', 'si', 'si', 'mi', 're', 'mi', 'do#', 're', 're', 'do#', 'do#', 're#', 'mi', 'mi', 'fa#', 'sol', 'fa#', 'si', 'la', 'sol', 'fa#', 'mi', 're', 'fa#', 'fa#', 'mi', 're', 'mi', 'fa#', 'fa#', 'mi', 're#', 'si', 'mi', 'mi', 'fa#'] pred=[2, None, None, None, None, None, None, None, None, None, None, None, None, None, None, None, None, None, None, None, None, None, None, None, None, None, None, None, None, None, None, None, None, None, None, None, None] ❌
    [  24/25] bach_bwv7_7          x=4 bass     similar  | midi: gt=[52, 54, 55, 54, 52, 51, 52, 47, 52, 50, 48, 47, 45, 43, 45, 47, 48, 45, 47, 52, 52, 57, 55, 54, 52, 50, 52, 54, 55, 52, 54, 47] pred=[56, 49, 58, 61, 57, 50, 53, 58, 61, 57, 50, 53, 58, 61, 57, 50, 53, 58, 61, 57, 50, 53, 58, 61, 57, 50, 53, 58, 61, 57, 50, 53] ❌  | spn: gt=['E3', 'F#3', 'G3', 'F#3', 'E3', 'D#3', 'E3', 'B2', 'E3', 'D3', 'C3', 'B2', 'A2', 'G2', 'A2', 'B2', 'C3', 'A2', 'B2', 'E3', 'E3', 'A3', 'G3', 'F#3', 'E3', 'D3', 'E3', 'F#3', 'G3', 'E3', 'F#3', 'B2'] pred=['B4', 'B3', 'A4', 'G4', 'F#4', 'F#3', 'E4', 'E3', 'D4', 'D3', 'C#4', 'C#3', 'B4', 'B3', 'A4', 'G4', 'F#4', 'F#3', 'E4', 'E3', 'D4', 'D3', 'C#4', 'C#3', 'B4', 'B3', 'A4', 'G4', 'F#4', 'F#3', 'E4', 'E3'] ❌  | doremi: gt=['mi', 'fa#', 'sol', 'fa#', 'mi', 're#', 'mi', 'si', 'mi', 're', 'do', 'si', 'la', 'sol', 'la', 'si', 'do', 'la', 'si', 'mi', 'mi', 'la', 'sol', 'fa#', 'mi', 're', 'mi', 'fa#', 'sol', 'mi', 'fa#', 'si'] pred=[None, None, None, None, None, None, None, None, None, None, None, None, None, None, None, None, None, None, None, None, None, None, None, None, None, None, None, None, None, None, None, None] ❌
    [  25/25] bach_bwv7_7          x=3 tenor    similar  | midi: gt=[59, 57, 55, 55, 57, 59, 62, 62, 62, 64, 66, 62, 67, 66, 62, 61] pred=[57, 59, 60, 62, 64, 66, 68, 70, 73, 75, 77, 79, 81, 83, 85, 87] ❌  | spn: gt=['B3', 'A3', 'G3', 'G3', 'A3', 'B3', 'D4', 'D4', 'D4', 'E4', 'F#4', 'D4', 'G4', 'F#4', 'D4', 'C#4'] pred=['G4', 'A3', 'B2', 'G4', 'F#3', 'G4', 'A3', 'B2', 'G4', 'F#3', 'G4', 'A3', 'B2', 'G4', 'F#3', 'G4'] ❌  | doremi: gt=['si', 'la', 'sol', 'sol', 'la', 'si', 're', 're', 're', 'mi', 'fa#', 're', 'sol', 'fa#', 're', 'do#'] pred=[0, 2, 4, 5, 0, 2, 4, 5, 0, 2, 4, 5, 0, 2, 4, 5] ❌

============================================================
SUMMARY — audio_flamingo_next_instruct
  Sampling     : 25 of 340 (stratified by 'chorale_slug', seed=42)
  Stimuli (total)     : 25
  Stimuli (condition) : 25  (all records)

          Metric   Accuracy
  ───────────────────────────
        MIDI_SEQ       0.0%
         SPN_SEQ       0.0%
      DOREMI_SEQ       0.0%
          HZ_SEQ       0.0%
         ANY_SEQ       0.0%

  (Headline = full-sequence exact match for each format. Per-position diagnostics live in <format>_per_pos in the records CSV.)

  *** WARNING: working tree has uncommitted changes — results will NOT be exactly reproducible from git_commit alone ***


Results saved → results/run_20260505_071452/pitchbench_f2_chorale_voice_id/run_001_20260505_082528/results_audio_flamingo_next_instruct.*
All scalar metrics → results/run_20260505_071452/all_metrics_aggregate_20260505_082846.csv
