
############################################################
# pitchbench_a1_pitch_id
############################################################

Experiment : pitchbench_a1_pitch_id
Models     : audio_flamingo_next_instruct
Stimuli    : 1159
  Sampling     : none (full set of 1159)

  Model : Audio Flamingo Next – instruct
    [dispatch] 1159 items, max_workers=1
    [   1/1159]   F1 sine  | midi: gt=29 pred=35 ❌  | spn: gt=F1 pred=C2 ❌  | doremi: gt=fa pred=fa# ❌  | hz: gt=43.6535 pred=25.0 ❌
    [   2/1159]  F#1 sine  | midi: gt=30 pred=35 ❌  | spn: gt=F#1 pred=C2 ❌  | doremi: gt=fa# pred=fa# ✅  | hz: gt=46.2493 pred=25.0 ❌
    [   3/1159]   G1 sine  | midi: gt=31 pred=35 ❌  | spn: gt=G1 pred=C2 ❌  | doremi: gt=sol pred=fa# ❌  | hz: gt=48.9994 pred=250.0 ❌
    [   4/1159]  G#1 sine  | midi: gt=32 pred=35 ❌  | spn: gt=G#1 pred=C2 ❌  | doremi: gt=sol# pred=fa# ❌  | hz: gt=51.9131 pred=250.0 ❌
    [   5/1159]   A1 sine  | midi: gt=33 pred=35 ❌  | spn: gt=A1 pred=C2 ❌  | doremi: gt=la pred=fa# ❌  | hz: gt=55.0 pred=250.0 ❌
    [   6/1159]  A#1 sine  | midi: gt=34 pred=36 ❌  | spn: gt=A#1 pred=C2 ❌  | doremi: gt=la# pred=fa# ❌  | hz: gt=58.2705 pred=25.0 ❌
    [   7/1159]   B1 sine  | midi: gt=35 pred=36 ❌  | spn: gt=B1 pred=C2 ❌  | doremi: gt=si pred=fa# ❌  | hz: gt=61.7354 pred=261.63 ❌
    [   8/1159]   C2 sine  | midi: gt=36 pred=36 ✅  | spn: gt=C2 pred=C2 ✅  | doremi: gt=do pred=fa# ❌  | hz: gt=65.4064 pred=261.63 ❌
    [   9/1159]  C#2 sine  | midi: gt=37 pred=36 ❌  | spn: gt=C#2 pred=C2 ❌  | doremi: gt=do# pred=fa# ❌  | hz: gt=69.2957 pred=261.63 ❌
    [  10/1159]   D2 sine  | midi: gt=38 pred=36 ❌  | spn: gt=D2 pred=C2 ❌  | doremi: gt=re pred=fa# ❌  | hz: gt=73.4162 pred=105.26 ❌
    [  11/1159]  D#2 sine  | midi: gt=39 pred=43 ❌  | spn: gt=D#2 pred=C2 ❌  | doremi: gt=re# pred=fa# ❌  | hz: gt=77.7817 pred=105.26 ❌
    [  12/1159]   E2 sine  | midi: gt=40 pred=43 ❌  | spn: gt=E2 pred=C2 ❌  | doremi: gt=mi pred=fa# ❌  | hz: gt=82.4069 pred=105.26 ❌
    [  13/1159]   F2 sine  | midi: gt=41 pred=43 ❌  | spn: gt=F2 pred=C2 ❌  | doremi: gt=fa pred=fa# ❌  | hz: gt=87.3071 pred=107.89 ❌
    [  14/1159]  F#2 sine  | midi: gt=42 pred=43 ❌  | spn: gt=F#2 pred=C2 ❌  | doremi: gt=fa# pred=fa# ✅  | hz: gt=92.4986 pred=107.89 ❌
    [  15/1159]   G2 sine  | midi: gt=43 pred=43 ✅  | spn: gt=G2 pred=C2 ❌  | doremi: gt=sol pred=sol ✅  | hz: gt=97.9989 pred=107.65 ❌
    [  16/1159]  G#2 sine  | midi: gt=44 pred=45 ❌  | spn: gt=G#2 pred=C2 ❌  | doremi: gt=sol# pred=sol ❌  | hz: gt=103.8262 pred=107.65 ❌
    [  17/1159]   A2 sine  | midi: gt=45 pred=45 ✅  | spn: gt=A2 pred=C2 ❌  | doremi: gt=la pred=sol ❌  | hz: gt=110.0 pred=105.26 ❌
    [  18/1159]  A#2 sine  | midi: gt=46 pred=45 ❌  | spn: gt=A#2 pred=C2 ❌  | doremi: gt=la# pred=sol ❌  | hz: gt=116.5409 pred=261.63 ❌
    [  19/1159]   B2 sine  | midi: gt=47 pred=45 ❌  | spn: gt=B2 pred=C2 ❌  | doremi: gt=si pred=sol ❌  | hz: gt=123.4708 pred=250.0 ❌
    [  20/1159]   C3 sine  | midi: gt=48 pred=48 ✅  | spn: gt=C3 pred=C2 ❌  | doremi: gt=do pred=sol ❌  | hz: gt=130.8128 pred=107.86 ❌
    [  21/1159]  C#3 sine  | midi: gt=49 pred=48 ❌  | spn: gt=C#3 pred=C6 ❌  | doremi: gt=do# pred=sol ❌  | hz: gt=138.5913 pred=107.86 ❌
    [  22/1159]   D3 sine  | midi: gt=50 pred=49 ❌  | spn: gt=D3 pred=C2 ❌  | doremi: gt=re pred=sol ❌  | hz: gt=146.8324 pred=107.89 ❌
    [  23/1159]  D#3 sine  | midi: gt=51 pred=58 ❌  | spn: gt=D#3 pred=C4 ❌  | doremi: gt=re# pred=sol ❌  | hz: gt=155.5635 pred=250.0 ❌
    [  24/1159]   E3 sine  | midi: gt=52 pred=53 ❌  | spn: gt=E3 pred=C4 ❌  | doremi: gt=mi pred=sol ❌  | hz: gt=164.8138 pred=250.0 ❌
    [  25/1159]   F3 sine  | midi: gt=53 pred=48 ❌  | spn: gt=F3 pred=C4 ❌  | doremi: gt=fa pred=sol ❌  | hz: gt=174.6141 pred=105.26 ❌
    [  26/1159]  F#3 sine  | midi: gt=54 pred=48 ❌  | spn: gt=F#3 pred=C4 ❌  | doremi: gt=fa# pred=sol ❌  | hz: gt=184.9972 pred=107.89 ❌
    [  27/1159]   G3 sine  | midi: gt=55 pred=56 ❌  | spn: gt=G3 pred=C4 ❌  | doremi: gt=sol pred=sol ✅  | hz: gt=195.9977 pred=105.26 ❌
    [  28/1159]  G#3 sine  | midi: gt=56 pred=56 ✅  | spn: gt=G#3 pred=C4 ❌  | doremi: gt=sol# pred=sol ❌  | hz: gt=207.6523 pred=105.26 ❌
    [  29/1159]   A3 sine  | midi: gt=57 pred=58 ❌  | spn: gt=A3 pred=A2 ❌  | doremi: gt=la pred=sol ❌  | hz: gt=220.0 pred=105.26 ❌
    [  30/1159]  A#3 sine  | midi: gt=58 pred=58 ✅  | spn: gt=A#3 pred=A2 ❌  | doremi: gt=la# pred=sol ❌  | hz: gt=233.0819 pred=261.63 ❌
    [  31/1159]   B3 sine  | midi: gt=59 pred=63 ❌  | spn: gt=B3 pred=C6 ❌  | doremi: gt=si pred=sol ❌  | hz: gt=246.9417 pred=105.26 ❌
    [  32/1159]   C4 sine  | midi: gt=60 pred=60 ✅  | spn: gt=C4 pred=C6 ❌  | doremi: gt=do pred=sol ❌  | hz: gt=261.6256 pred=107.89 ❌
    [  33/1159]  C#4 sine  | midi: gt=61 pred=63 ❌  | spn: gt=C#4 pred=C6 ❌  | doremi: gt=do# pred=sol ❌  | hz: gt=277.1826 pred=107.86 ❌
    [  34/1159]   D4 sine  | midi: gt=62 pred=63 ❌  | spn: gt=D4 pred=C6 ❌  | doremi: gt=re pred=sol ❌  | hz: gt=293.6648 pred=105.26 ❌
    [  35/1159]  D#4 sine  | midi: gt=63 pred=63 ✅  | spn: gt=D#4 pred=C6 ❌  | doremi: gt=re# pred=sol ❌  | hz: gt=311.127 pred=120.0 ❌
    [  36/1159]   E4 sine  | midi: gt=64 pred=63 ❌  | spn: gt=E4 pred=C6 ❌  | doremi: gt=mi pred=sol ❌  | hz: gt=329.6276 pred=120.0 ❌
    [  37/1159]   F4 sine  | midi: gt=65 pred=65 ✅  | spn: gt=F4 pred=C6 ❌  | doremi: gt=fa pred=sol ❌  | hz: gt=349.2282 pred=350.0 ✅
    [  38/1159]  F#4 sine  | midi: gt=66 pred=65 ❌  | spn: gt=F#4 pred=C6 ❌  | doremi: gt=fa# pred=sol ❌  | hz: gt=369.9944 pred=350.0 ❌
    [  39/1159]   G4 sine  | midi: gt=67 pred=63 ❌  | spn: gt=G4 pred=C6 ❌  | doremi: gt=sol pred=sol ✅  | hz: gt=391.9954 pred=1074.32 ❌
    [  40/1159]  G#4 sine  | midi: gt=68 pred=68 ✅  | spn: gt=G#4 pred=C6 ❌  | doremi: gt=sol# pred=sol ❌  | hz: gt=415.3047 pred=1050.0 ❌
    [  41/1159]   A4 sine  | midi: gt=69 pred=69 ✅  | spn: gt=A4 pred=A6 ❌  | doremi: gt=la pred=sol ❌  | hz: gt=440.0 pred=1050.0 ❌
    [  42/1159]  A#4 sine  | midi: gt=70 pred=68 ❌  | spn: gt=A#4 pred=C6 ❌  | doremi: gt=la# pred=sol ❌  | hz: gt=466.1638 pred=1056.27 ❌
    [  43/1159]   B4 sine  | midi: gt=71 pred=63 ❌  | spn: gt=B4 pred=C6 ❌  | doremi: gt=si pred=sol ❌  | hz: gt=493.8833 pred=1074.32 ❌
    [  44/1159]   C5 sine  | midi: gt=72 pred=63 ❌  | spn: gt=C5 pred=C6 ❌  | doremi: gt=do pred=sol ❌  | hz: gt=523.2511 pred=1073.64 ❌
    [  45/1159]  C#5 sine  | midi: gt=73 pred=68 ❌  | spn: gt=C#5 pred=C6 ❌  | doremi: gt=do# pred=sol ❌  | hz: gt=554.3653 pred=1074.32 ❌
    [  46/1159]   D5 sine  | midi: gt=74 pred=68 ❌  | spn: gt=D5 pred=C6 ❌  | doremi: gt=re pred=sol ❌  | hz: gt=587.3295 pred=1075.0 ❌
    [  47/1159]  D#5 sine  | midi: gt=75 pred=69 ❌  | spn: gt=D#5 pred=C6 ❌  | doremi: gt=re# pred=sol ❌  | hz: gt=622.254 pred=1050.0 ❌
    [  48/1159]   E5 sine  | midi: gt=76 pred=68 ❌  | spn: gt=E5 pred=C6 ❌  | doremi: gt=mi pred=sol ❌  | hz: gt=659.2551 pred=1050.0 ❌
    [  49/1159]   F5 sine  | midi: gt=77 pred=68 ❌  | spn: gt=F5 pred=C6 ❌  | doremi: gt=fa pred=sol ❌  | hz: gt=698.4565 pred=1050.0 ❌
    [  50/1159]  F#5 sine  | midi: gt=78 pred=68 ❌  | spn: gt=F#5 pred=C6 ❌  | doremi: gt=fa# pred=sol ❌  | hz: gt=739.9888 pred=1050.0 ❌
    [  51/1159]   G5 sine  | midi: gt=79 pred=68 ❌  | spn: gt=G5 pred=C6 ❌  | doremi: gt=sol pred=sol ✅  | hz: gt=783.9909 pred=1075.0 ❌
    [  52/1159]  G#5 sine  | midi: gt=80 pred=68 ❌  | spn: gt=G#5 pred=C6 ❌  | doremi: gt=sol# pred=sol ❌  | hz: gt=830.6094 pred=1052.63 ❌
    [  53/1159]   A5 sine  | midi: gt=81 pred=68 ❌  | spn: gt=A5 pred=C6 ❌  | doremi: gt=la pred=sol ❌  | hz: gt=880.0 pred=1050.0 ❌
    [  54/1159]  A#5 sine  | midi: gt=82 pred=68 ❌  | spn: gt=A#5 pred=C6 ❌  | doremi: gt=la# pred=sol ❌  | hz: gt=932.3275 pred=1075.0 ❌
    [  55/1159]   B5 sine  | midi: gt=83 pred=68 ❌  | spn: gt=B5 pred=C6 ❌  | doremi: gt=si pred=sol ❌  | hz: gt=987.7666 pred=1073.64 ❌
    [  56/1159]   C6 sine  | midi: gt=84 pred=68 ❌  | spn: gt=C6 pred=C6 ✅  | doremi: gt=do pred=sol ❌  | hz: gt=1046.5023 pred=1073.64 ❌
    [  57/1159]  C#6 sine  | midi: gt=85 pred=84 ❌  | spn: gt=C#6 pred=C6 ❌  | doremi: gt=do# pred=sol ❌  | hz: gt=1108.7305 pred=1073.64 ❌
    [  58/1159]   D6 sine  | midi: gt=86 pred=86 ✅  | spn: gt=D6 pred=C6 ❌  | doremi: gt=re pred=sol ❌  | hz: gt=1174.6591 pred=1075.0 ❌
    [  59/1159]  D#6 sine  | midi: gt=87 pred=85 ❌  | spn: gt=D#6 pred=C6 ❌  | doremi: gt=re# pred=sol ❌  | hz: gt=1244.5079 pred=1046.53 ❌
    [  60/1159]   E6 sine  | midi: gt=88 pred=86 ❌  | spn: gt=E6 pred=C6 ❌  | doremi: gt=mi pred=sol ❌  | hz: gt=1318.5102 pred=1046.53 ❌
    [  61/1159]   F6 sine  | midi: gt=89 pred=86 ❌  | spn: gt=F6 pred=C6 ❌  | doremi: gt=fa pred=sol ❌  | hz: gt=1396.9129 pred=1046.53 ❌
    [  62/1159]   F1 sawtooth  | midi: gt=29 pred=43 ❌  | spn: gt=F1 pred=C2 ❌  | doremi: gt=fa pred=fa# ❌  | hz: gt=43.6535 pred=107.86 ❌
    [  63/1159]  F#1 sawtooth  | midi: gt=30 pred=36 ❌  | spn: gt=F#1 pred=C2 ❌  | doremi: gt=fa# pred=fa# ✅  | hz: gt=46.2493 pred=1058.47 ❌
    [  64/1159]   G1 sawtooth  | midi: gt=31 pred=35 ❌  | spn: gt=G1 pred=C2 ❌  | doremi: gt=sol pred=fa# ❌  | hz: gt=48.9994 pred=1058.43 ❌
    [  65/1159]  G#1 sawtooth  | midi: gt=32 pred=35 ❌  | spn: gt=G#1 pred=F#2 ❌  | doremi: gt=sol# pred=fa# ❌  | hz: gt=51.9131 pred=150.0 ❌
    [  66/1159]   A1 sawtooth  | midi: gt=33 pred=34 ❌  | spn: gt=A1 pred=F#2 ❌  | doremi: gt=la pred=fa# ❌  | hz: gt=55.0 pred=150.0 ❌
    [  67/1159]  A#1 sawtooth  | midi: gt=34 pred=34 ✅  | spn: gt=A#1 pred=A2 ❌  | doremi: gt=la# pred=fa# ❌  | hz: gt=58.2705 pred=1058.43 ❌
    [  68/1159]   B1 sawtooth  | midi: gt=35 pred=35 ✅  | spn: gt=B1 pred=A#2 ❌  | doremi: gt=si pred=fa# ❌  | hz: gt=61.7354 pred=150.0 ❌
    [  69/1159]   C2 sawtooth  | midi: gt=36 pred=35 ❌  | spn: gt=C2 pred=A#2 ❌  | doremi: gt=do pred=fa# ❌  | hz: gt=65.4064 pred=1058.47 ❌
    [  70/1159]  C#2 sawtooth  | midi: gt=37 pred=35 ❌  | spn: gt=C#2 pred=C2 ❌  | doremi: gt=do# pred=fa# ❌  | hz: gt=69.2957 pred=480.0 ❌
    [  71/1159]   D2 sawtooth  | midi: gt=38 pred=35 ❌  | spn: gt=D2 pred=A#2 ❌  | doremi: gt=re pred=fa# ❌  | hz: gt=73.4162 pred=480.0 ❌
    [  72/1159]  D#2 sawtooth  | midi: gt=39 pred=38 ❌  | spn: gt=D#2 pred=A#2 ❌  | doremi: gt=re# pred=fa# ❌  | hz: gt=77.7817 pred=480.0 ❌
    [  73/1159]   E2 sawtooth  | midi: gt=40 pred=43 ❌  | spn: gt=E2 pred=A#2 ❌  | doremi: gt=mi pred=fa# ❌  | hz: gt=82.4069 pred=408.0 ❌
    [  74/1159]   F2 sawtooth  | midi: gt=41 pred=43 ❌  | spn: gt=F2 pred=F#2 ❌  | doremi: gt=fa pred=sol ❌  | hz: gt=87.3071 pred=4350.0 ❌
    [  75/1159]  F#2 sawtooth  | midi: gt=42 pred=43 ❌  | spn: gt=F#2 pred=F#2 ✅  | doremi: gt=fa# pred=fa# ✅  | hz: gt=92.4986 pred=4350.0 ❌
    [  76/1159]   G2 sawtooth  | midi: gt=43 pred=43 ✅  | spn: gt=G2 pred=F#2 ❌  | doremi: gt=sol pred=sol ✅  | hz: gt=97.9989 pred=450.0 ❌
    [  77/1159]  G#2 sawtooth  | midi: gt=44 pred=43 ❌  | spn: gt=G#2 pred=G#2 ✅  | doremi: gt=sol# pred=sol ❌  | hz: gt=103.8262 pred=450.0 ❌
    [  78/1159]   A2 sawtooth  | midi: gt=45 pred=45 ✅  | spn: gt=A2 pred=A4 ❌  | doremi: gt=la pred=la# ❌  | hz: gt=110.0 pred=450.0 ❌
    [  79/1159]  A#2 sawtooth  | midi: gt=46 pred=45 ❌  | spn: gt=A#2 pred=A4 ❌  | doremi: gt=la# pred=sol ❌  | hz: gt=116.5409 pred=450.0 ❌
    [  80/1159]   B2 sawtooth  | midi: gt=47 pred=45 ❌  | spn: gt=B2 pred=A#2 ❌  | doremi: gt=si pred=fa# ❌  | hz: gt=123.4708 pred=450.0 ❌
    [  81/1159]   C3 sawtooth  | midi: gt=48 pred=48 ✅  | spn: gt=C3 pred=C6 ❌  | doremi: gt=do pred=fa# ❌  | hz: gt=130.8128 pred=450.0 ❌
    [  82/1159]  C#3 sawtooth  | midi: gt=49 pred=43 ❌  | spn: gt=C#3 pred=C6 ❌  | doremi: gt=do# pred=fa# ❌  | hz: gt=138.5913 pred=450.0 ❌
    [  83/1159]   D3 sawtooth  | midi: gt=50 pred=43 ❌  | spn: gt=D3 pred=F#2 ❌  | doremi: gt=re pred=sol ❌  | hz: gt=146.8324 pred=450.0 ❌
    [  84/1159]  D#3 sawtooth  | midi: gt=51 pred=45 ❌  | spn: gt=D#3 pred=A4 ❌  | doremi: gt=re# pred=sol ❌  | hz: gt=155.5635 pred=450.0 ❌
    [  85/1159]   E3 sawtooth  | midi: gt=52 pred=43 ❌  | spn: gt=E3 pred=A4 ❌  | doremi: gt=mi pred=sol ❌  | hz: gt=164.8138 pred=1073.64 ❌
    [  86/1159]   F3 sawtooth  | midi: gt=53 pred=53 ✅  | spn: gt=F3 pred=F4 ❌  | doremi: gt=fa pred=sol ❌  | hz: gt=174.6141 pred=450.0 ❌
    [  87/1159]  F#3 sawtooth  | midi: gt=54 pred=54 ✅  | spn: gt=F#3 pred=F#2 ❌  | doremi: gt=fa# pred=sol ❌  | hz: gt=184.9972 pred=450.0 ❌
    [  88/1159]   G3 sawtooth  | midi: gt=55 pred=43 ❌  | spn: gt=G3 pred=F#2 ❌  | doremi: gt=sol pred=sol ✅  | hz: gt=195.9977 pred=450.0 ❌
    [  89/1159]  G#3 sawtooth  | midi: gt=56 pred=56 ✅  | spn: gt=G#3 pred=G6 ❌  | doremi: gt=sol# pred=sol ❌  | hz: gt=207.6523 pred=1073.64 ❌
    [  90/1159]   A3 sawtooth  | midi: gt=57 pred=45 ❌  | spn: gt=A3 pred=A4 ❌  | doremi: gt=la pred=sol ❌  | hz: gt=220.0 pred=1046.53 ❌
    [  91/1159]  A#3 sawtooth  | midi: gt=58 pred=45 ❌  | spn: gt=A#3 pred=A4 ❌  | doremi: gt=la# pred=sol ❌  | hz: gt=233.0819 pred=450.0 ❌
    [  92/1159]   B3 sawtooth  | midi: gt=59 pred=45 ❌  | spn: gt=B3 pred=F#2 ❌  | doremi: gt=si pred=sol ❌  | hz: gt=246.9417 pred=450.0 ❌
    [  93/1159]   C4 sawtooth  | midi: gt=60 pred=43 ❌  | spn: gt=C4 pred=F#2 ❌  | doremi: gt=do pred=sol ❌  | hz: gt=261.6256 pred=450.0 ❌
    [  94/1159]  C#4 sawtooth  | midi: gt=61 pred=63 ❌  | spn: gt=C#4 pred=C6 ❌  | doremi: gt=do# pred=sol ❌  | hz: gt=277.1826 pred=480.0 ❌
    [  95/1159]   D4 sawtooth  | midi: gt=62 pred=69 ❌  | spn: gt=D4 pred=D6 ❌  | doremi: gt=re pred=sol ❌  | hz: gt=293.6648 pred=450.0 ❌
    [  96/1159]  D#4 sawtooth  | midi: gt=63 pred=63 ✅  | spn: gt=D#4 pred=A6 ❌  | doremi: gt=re# pred=sol ❌  | hz: gt=311.127 pred=450.0 ❌
    [  97/1159]   E4 sawtooth  | midi: gt=64 pred=64 ✅  | spn: gt=E4 pred=A6 ❌  | doremi: gt=mi pred=sol ❌  | hz: gt=329.6276 pred=450.0 ❌
    [  98/1159]   F4 sawtooth  | midi: gt=65 pred=65 ✅  | spn: gt=F4 pred=F#6 ❌  | doremi: gt=fa pred=sol ❌  | hz: gt=349.2282 pred=450.0 ❌
    [  99/1159]  F#4 sawtooth  | midi: gt=66 pred=65 ❌  | spn: gt=F#4 pred=F#6 ❌  | doremi: gt=fa# pred=sol ❌  | hz: gt=369.9944 pred=1650.0 ❌
    [ 100/1159]   G4 sawtooth  | midi: gt=67 pred=63 ❌  | spn: gt=G4 pred=F#6 ❌  | doremi: gt=sol pred=sol ✅  | hz: gt=391.9954 pred=450.0 ❌
    [ 101/1159]  G#4 sawtooth  | midi: gt=68 pred=68 ✅  | spn: gt=G#4 pred=G6 ❌  | doremi: gt=sol# pred=sol ❌  | hz: gt=415.3047 pred=1666.67 ❌
    [ 102/1159]   A4 sawtooth  | midi: gt=69 pred=69 ✅  | spn: gt=A4 pred=A6 ❌  | doremi: gt=la pred=sol ❌  | hz: gt=440.0 pred=450.0 ❌
    [ 103/1159]  A#4 sawtooth  | midi: gt=70 pred=69 ❌  | spn: gt=A#4 pred=A6 ❌  | doremi: gt=la# pred=sol ❌  | hz: gt=466.1638 pred=450.0 ❌
    [ 104/1159]   B4 sawtooth  | midi: gt=71 pred=69 ❌  | spn: gt=B4 pred=A6 ❌  | doremi: gt=si pred=sol ❌  | hz: gt=493.8833 pred=450.0 ❌
    [ 105/1159]   C5 sawtooth  | midi: gt=72 pred=63 ❌  | spn: gt=C5 pred=C6 ❌  | doremi: gt=do pred=sol ❌  | hz: gt=523.2511 pred=450.0 ❌
    [ 106/1159]  C#5 sawtooth  | midi: gt=73 pred=68 ❌  | spn: gt=C#5 pred=C6 ❌  | doremi: gt=do# pred=sol ❌  | hz: gt=554.3653 pred=480.0 ❌
    [ 107/1159]   D5 sawtooth  | midi: gt=74 pred=69 ❌  | spn: gt=D5 pred=D6 ❌  | doremi: gt=re pred=sol ❌  | hz: gt=587.3295 pred=450.0 ❌
    [ 108/1159]  D#5 sawtooth  | midi: gt=75 pred=69 ❌  | spn: gt=D#5 pred=A6 ❌  | doremi: gt=re# pred=sol ❌  | hz: gt=622.254 pred=450.0 ❌
    [ 109/1159]   E5 sawtooth  | midi: gt=76 pred=69 ❌  | spn: gt=E5 pred=A6 ❌  | doremi: gt=mi pred=sol ❌  | hz: gt=659.2551 pred=1073.645829 ❌
    [ 110/1159]   F5 sawtooth  | midi: gt=77 pred=65 ❌  | spn: gt=F5 pred=F#6 ❌  | doremi: gt=fa pred=sol ❌  | hz: gt=698.4565 pred=450.0 ❌
    [ 111/1159]  F#5 sawtooth  | midi: gt=78 pred=65 ❌  | spn: gt=F#5 pred=F#6 ❌  | doremi: gt=fa# pred=sol ❌  | hz: gt=739.9888 pred=450.0 ❌
    [ 112/1159]   G5 sawtooth  | midi: gt=79 pred=69 ❌  | spn: gt=G5 pred=A6 ❌  | doremi: gt=sol pred=sol ✅  | hz: gt=783.9909 pred=1073.64 ❌
    [ 113/1159]  G#5 sawtooth  | midi: gt=80 pred=68 ❌  | spn: gt=G#5 pred=G6 ❌  | doremi: gt=sol# pred=sol# ✅  | hz: gt=830.6094 pred=1800.0 ❌
    [ 114/1159]   A5 sawtooth  | midi: gt=81 pred=69 ❌  | spn: gt=A5 pred=A6 ❌  | doremi: gt=la pred=sol ❌  | hz: gt=880.0 pred=1046.53 ❌
    [ 115/1159]  A#5 sawtooth  | midi: gt=82 pred=69 ❌  | spn: gt=A#5 pred=A6 ❌  | doremi: gt=la# pred=sol# ❌  | hz: gt=932.3275 pred=1046.53 ❌
    [ 116/1159]   B5 sawtooth  | midi: gt=83 pred=63 ❌  | spn: gt=B5 pred=F#6 ❌  | doremi: gt=si pred=sol# ❌  | hz: gt=987.7666 pred=1304.57 ❌
    [ 117/1159]   C6 sawtooth  | midi: gt=84 pred=65 ❌  | spn: gt=C6 pred=D6 ❌  | doremi: gt=do pred=sol ❌  | hz: gt=1046.5023 pred=1046.53 ✅
    [ 118/1159]  C#6 sawtooth  | midi: gt=85 pred=63 ❌  | spn: gt=C#6 pred=D6 ❌  | doremi: gt=do# pred=sol ❌  | hz: gt=1108.7305 pred=1058.43 ❌
    [ 119/1159]   D6 sawtooth  | midi: gt=86 pred=69 ❌  | spn: gt=D6 pred=A6 ❌  | doremi: gt=re pred=sol ❌  | hz: gt=1174.6591 pred=1046.53 ❌
    [ 120/1159]  D#6 sawtooth  | midi: gt=87 pred=53 ❌  | spn: gt=D#6 pred=F#6 ❌  | doremi: gt=re# pred=sol# ❌  | hz: gt=1244.5079 pred=1500.0 ❌
    [ 121/1159]   E6 sawtooth  | midi: gt=88 pred=65 ❌  | spn: gt=E6 pred=F#6 ❌  | doremi: gt=mi pred=sol# ❌  | hz: gt=1318.5102 pred=1058.43 ❌
    [ 122/1159]   F6 sawtooth  | midi: gt=89 pred=65 ❌  | spn: gt=F6 pred=F#6 ❌  | doremi: gt=fa pred=sol# ❌  | hz: gt=1396.9129 pred=1058.47 ❌
    [ 123/1159]   F1 square  | midi: gt=29 pred=35 ❌  | spn: gt=F1 pred=B2 ❌  | doremi: gt=fa pred=sol ❌  | hz: gt=43.6535 pred=250.0 ❌
    [ 124/1159]  F#1 square  | midi: gt=30 pred=34 ❌  | spn: gt=F#1 pred=B2 ❌  | doremi: gt=fa# pred=sol ❌  | hz: gt=46.2493 pred=1052.63 ❌
    [ 125/1159]   G1 square  | midi: gt=31 pred=43 ❌  | spn: gt=G1 pred=A#2 ❌  | doremi: gt=sol pred=fa# ❌  | hz: gt=48.9994 pred=1058.43 ❌
    [ 126/1159]  G#1 square  | midi: gt=32 pred=35 ❌  | spn: gt=G#1 pred=A#2 ❌  | doremi: gt=sol# pred=fa# ❌  | hz: gt=51.9131 pred=480.0 ❌
    [ 127/1159]   A1 square  | midi: gt=33 pred=43 ❌  | spn: gt=A1 pred=A#2 ❌  | doremi: gt=la pred=fa# ❌  | hz: gt=55.0 pred=150.0 ❌
    [ 128/1159]  A#1 square  | midi: gt=34 pred=35 ❌  | spn: gt=A#1 pred=A#2 ❌  | doremi: gt=la# pred=sol ❌  | hz: gt=58.2705 pred=1058.47 ❌
    [ 129/1159]   B1 square  | midi: gt=35 pred=35 ✅  | spn: gt=B1 pred=A#2 ❌  | doremi: gt=si pred=fa# ❌  | hz: gt=61.7354 pred=150.0 ❌
    [ 130/1159]   C2 square  | midi: gt=36 pred=35 ❌  | spn: gt=C2 pred=A#2 ❌  | doremi: gt=do pred=fa# ❌  | hz: gt=65.4064 pred=150.0 ❌
    [ 131/1159]  C#2 square  | midi: gt=37 pred=43 ❌  | spn: gt=C#2 pred=A#2 ❌  | doremi: gt=do# pred=fa# ❌  | hz: gt=69.2957 pred=450.0 ❌
    [ 132/1159]   D2 square  | midi: gt=38 pred=43 ❌  | spn: gt=D2 pred=A#2 ❌  | doremi: gt=re pred=fa# ❌  | hz: gt=73.4162 pred=450.0 ❌
    [ 133/1159]  D#2 square  | midi: gt=39 pred=43 ❌  | spn: gt=D#2 pred=A#2 ❌  | doremi: gt=re# pred=fa# ❌  | hz: gt=77.7817 pred=450.0 ❌
    [ 134/1159]   E2 square  | midi: gt=40 pred=43 ❌  | spn: gt=E2 pred=F#2 ❌  | doremi: gt=mi pred=fa# ❌  | hz: gt=82.4069 pred=450.0 ❌
    [ 135/1159]   F2 square  | midi: gt=41 pred=43 ❌  | spn: gt=F2 pred=F#2 ❌  | doremi: gt=fa pred=fa# ❌  | hz: gt=87.3071 pred=450.0 ❌
    [ 136/1159]  F#2 square  | midi: gt=42 pred=43 ❌  | spn: gt=F#2 pred=F#2 ✅  | doremi: gt=fa# pred=fa# ✅  | hz: gt=92.4986 pred=450.0 ❌
    [ 137/1159]   G2 square  | midi: gt=43 pred=43 ✅  | spn: gt=G2 pred=F#2 ❌  | doremi: gt=sol pred=sol ✅  | hz: gt=97.9989 pred=450.0 ❌
    [ 138/1159]  G#2 square  | midi: gt=44 pred=43 ❌  | spn: gt=G#2 pred=F#2 ❌  | doremi: gt=sol# pred=sol ❌  | hz: gt=103.8262 pred=1075.83 ❌
    [ 139/1159]   A2 square  | midi: gt=45 pred=45 ✅  | spn: gt=A2 pred=A4 ❌  | doremi: gt=la pred=sol ❌  | hz: gt=110.0 pred=450.0 ❌
    [ 140/1159]  A#2 square  | midi: gt=46 pred=45 ❌  | spn: gt=A#2 pred=A4 ❌  | doremi: gt=la# pred=sol ❌  | hz: gt=116.5409 pred=450.0 ❌
    [ 141/1159]   B2 square  | midi: gt=47 pred=45 ❌  | spn: gt=B2 pred=A4 ❌  | doremi: gt=si pred=sol ❌  | hz: gt=123.4708 pred=1046.53 ❌
    [ 142/1159]   C3 square  | midi: gt=48 pred=45 ❌  | spn: gt=C3 pred=F#2 ❌  | doremi: gt=do pred=sol ❌  | hz: gt=130.8128 pred=1046.53 ❌
    [ 143/1159]  C#3 square  | midi: gt=49 pred=43 ❌  | spn: gt=C#3 pred=A#6 ❌  | doremi: gt=do# pred=sol ❌  | hz: gt=138.5913 pred=450.0 ❌
    [ 144/1159]   D3 square  | midi: gt=50 pred=43 ❌  | spn: gt=D3 pred=C6 ❌  | doremi: gt=re pred=sol ❌  | hz: gt=146.8324 pred=450.0 ❌
    [ 145/1159]  D#3 square  | midi: gt=51 pred=45 ❌  | spn: gt=D#3 pred=B4 ❌  | doremi: gt=re# pred=sol ❌  | hz: gt=155.5635 pred=450.0 ❌
    [ 146/1159]   E3 square  | midi: gt=52 pred=53 ❌  | spn: gt=E3 pred=F#2 ❌  | doremi: gt=mi pred=sol ❌  | hz: gt=164.8138 pred=1073.64 ❌
    [ 147/1159]   F3 square  | midi: gt=53 pred=43 ❌  | spn: gt=F3 pred=F#2 ❌  | doremi: gt=fa pred=sol ❌  | hz: gt=174.6141 pred=1058.43 ❌
    [ 148/1159]  F#3 square  | midi: gt=54 pred=54 ✅  | spn: gt=F#3 pred=F#2 ❌  | doremi: gt=fa# pred=sol ❌  | hz: gt=184.9972 pred=450.0 ❌
    [ 149/1159]   G3 square  | midi: gt=55 pred=43 ❌  | spn: gt=G3 pred=F#2 ❌  | doremi: gt=sol pred=sol ✅  | hz: gt=195.9977 pred=450.0 ❌
    [ 150/1159]  G#3 square  | midi: gt=56 pred=56 ✅  | spn: gt=G#3 pred=G6 ❌  | doremi: gt=sol# pred=sol ❌  | hz: gt=207.6523 pred=1075.83 ❌
    [ 151/1159]   A3 square  | midi: gt=57 pred=58 ❌  | spn: gt=A3 pred=A6 ❌  | doremi: gt=la pred=sol ❌  | hz: gt=220.0 pred=450.0 ❌
    [ 152/1159]  A#3 square  | midi: gt=58 pred=58 ✅  | spn: gt=A#3 pred=A6 ❌  | doremi: gt=la# pred=sol ❌  | hz: gt=233.0819 pred=450.0 ❌
    [ 153/1159]   B3 square  | midi: gt=59 pred=59 ✅  | spn: gt=B3 pred=A#2 ❌  | doremi: gt=si pred=sol ❌  | hz: gt=246.9417 pred=450.0 ❌
    [ 154/1159]   C4 square  | midi: gt=60 pred=63 ❌  | spn: gt=C4 pred=C6 ❌  | doremi: gt=do pred=sol ❌  | hz: gt=261.6256 pred=480.0 ❌
    [ 155/1159]  C#4 square  | midi: gt=61 pred=63 ❌  | spn: gt=C#4 pred=C6 ❌  | doremi: gt=do# pred=sol ❌  | hz: gt=277.1826 pred=480.0 ❌
    [ 156/1159]   D4 square  | midi: gt=62 pred=63 ❌  | spn: gt=D4 pred=D6 ❌  | doremi: gt=re pred=sol ❌  | hz: gt=293.6648 pred=450.0 ❌
    [ 157/1159]  D#4 square  | midi: gt=63 pred=63 ✅  | spn: gt=D#4 pred=D6 ❌  | doremi: gt=re# pred=sol ❌  | hz: gt=311.127 pred=450.0 ❌
    [ 158/1159]   E4 square  | midi: gt=64 pred=63 ❌  | spn: gt=E4 pred=A6 ❌  | doremi: gt=mi pred=sol ❌  | hz: gt=329.6276 pred=1073.64 ❌
    [ 159/1159]   F4 square  | midi: gt=65 pred=63 ❌  | spn: gt=F4 pred=F#6 ❌  | doremi: gt=fa pred=sol ❌  | hz: gt=349.2282 pred=150.0 ❌
    [ 160/1159]  F#4 square  | midi: gt=66 pred=65 ❌  | spn: gt=F#4 pred=F#6 ❌  | doremi: gt=fa# pred=sol ❌  | hz: gt=369.9944 pred=450.0 ❌
    [ 161/1159]   G4 square  | midi: gt=67 pred=65 ❌  | spn: gt=G4 pred=F#6 ❌  | doremi: gt=sol pred=sol ✅  | hz: gt=391.9954 pred=450.0 ❌
    [ 162/1159]  G#4 square  | midi: gt=68 pred=68 ✅  | spn: gt=G#4 pred=F#6 ❌  | doremi: gt=sol# pred=sol ❌  | hz: gt=415.3047 pred=1073.645829 ❌
    [ 163/1159]   A4 square  | midi: gt=69 pred=69 ✅  | spn: gt=A4 pred=A6 ❌  | doremi: gt=la pred=sol ❌  | hz: gt=440.0 pred=1058.37 ❌
    [ 164/1159]  A#4 square  | midi: gt=70 pred=69 ❌  | spn: gt=A#4 pred=A6 ❌  | doremi: gt=la# pred=sol ❌  | hz: gt=466.1638 pred=1058.37 ❌
    [ 165/1159]   B4 square  | midi: gt=71 pred=69 ❌  | spn: gt=B4 pred=A6 ❌  | doremi: gt=si pred=sol ❌  | hz: gt=493.8833 pred=1073.64582 ❌
    [ 166/1159]   C5 square  | midi: gt=72 pred=63 ❌  | spn: gt=C5 pred=C6 ❌  | doremi: gt=do pred=sol ❌  | hz: gt=523.2511 pred=1058.43 ❌
    [ 167/1159]  C#5 square  | midi: gt=73 pred=63 ❌  | spn: gt=C#5 pred=C6 ❌  | doremi: gt=do# pred=sol ❌  | hz: gt=554.3653 pred=450.0 ❌
    [ 168/1159]   D5 square  | midi: gt=74 pred=69 ❌  | spn: gt=D5 pred=A6 ❌  | doremi: gt=re pred=sol ❌  | hz: gt=587.3295 pred=1046.53 ❌
    [ 169/1159]  D#5 square  | midi: gt=75 pred=69 ❌  | spn: gt=D#5 pred=F6 ❌  | doremi: gt=re# pred=sol ❌  | hz: gt=622.254 pred=1073.645829 ❌
    [ 170/1159]   E5 square  | midi: gt=76 pred=63 ❌  | spn: gt=E5 pred=F6 ❌  | doremi: gt=mi pred=sol ❌  | hz: gt=659.2551 pred=1073.64582 ❌
    [ 171/1159]   F5 square  | midi: gt=77 pred=65 ❌  | spn: gt=F5 pred=F#6 ❌  | doremi: gt=fa pred=sol ❌  | hz: gt=698.4565 pred=1046.53 ❌
    [ 172/1159]  F#5 square  | midi: gt=78 pred=68 ❌  | spn: gt=F#5 pred=F6 ❌  | doremi: gt=fa# pred=sol ❌  | hz: gt=739.9888 pred=1073.645829 ❌
    [ 173/1159]   G5 square  | midi: gt=79 pred=68 ❌  | spn: gt=G5 pred=F#6 ❌  | doremi: gt=sol pred=sol# ❌  | hz: gt=783.9909 pred=1074.625 ❌
    [ 174/1159]  G#5 square  | midi: gt=80 pred=68 ❌  | spn: gt=G#5 pred=G6 ❌  | doremi: gt=sol# pred=sol# ✅  | hz: gt=830.6094 pred=1600.0 ❌
    [ 175/1159]   A5 square  | midi: gt=81 pred=69 ❌  | spn: gt=A5 pred=C6 ❌  | doremi: gt=la pred=sol# ❌  | hz: gt=880.0 pred=1075.83 ❌
    [ 176/1159]  A#5 square  | midi: gt=82 pred=69 ❌  | spn: gt=A#5 pred=A6 ❌  | doremi: gt=la# pred=sol ❌  | hz: gt=932.3275 pred=1058.43 ❌
    [ 177/1159]   B5 square  | midi: gt=83 pred=63 ❌  | spn: gt=B5 pred=F#6 ❌  | doremi: gt=si pred=sol ❌  | hz: gt=987.7666 pred=1250.0 ❌
    [ 178/1159]   C6 square  | midi: gt=84 pred=69 ❌  | spn: gt=C6 pred=A6 ❌  | doremi: gt=do pred=sol ❌  | hz: gt=1046.5023 pred=1058.43 ❌
    [ 179/1159]  C#6 square  | midi: gt=85 pred=68 ❌  | spn: gt=C#6 pred=A6 ❌  | doremi: gt=do# pred=sol# ❌  | hz: gt=1108.7305 pred=1058.43 ❌
    [ 180/1159]   D6 square  | midi: gt=86 pred=65 ❌  | spn: gt=D6 pred=F#6 ❌  | doremi: gt=re pred=sol ❌  | hz: gt=1174.6591 pred=1046.53 ❌
    [ 181/1159]  D#6 square  | midi: gt=87 pred=63 ❌  | spn: gt=D#6 pred=F#6 ❌  | doremi: gt=re# pred=sol# ❌  | hz: gt=1244.5079 pred=1058.47 ❌
    [ 182/1159]   E6 square  | midi: gt=88 pred=65 ❌  | spn: gt=E6 pred=F#6 ❌  | doremi: gt=mi pred=sol ❌  | hz: gt=1318.5102 pred=1073.64 ❌
    [ 183/1159]   F6 square  | midi: gt=89 pred=69 ❌  | spn: gt=F6 pred=C6 ❌  | doremi: gt=fa pred=sol ❌  | hz: gt=1396.9129 pred=1073.64 ❌
    [ 184/1159]   F1 triangle  | midi: gt=29 pred=35 ❌  | spn: gt=F1 pred=C2 ❌  | doremi: gt=fa pred=fa# ❌  | hz: gt=43.6535 pred=261.63 ❌
    [ 185/1159]  F#1 triangle  | midi: gt=30 pred=34 ❌  | spn: gt=F#1 pred=C2 ❌  | doremi: gt=fa# pred=fa# ✅  | hz: gt=46.2493 pred=150.0 ❌
    [ 186/1159]   G1 triangle  | midi: gt=31 pred=35 ❌  | spn: gt=G1 pred=C2 ❌  | doremi: gt=sol pred=fa# ❌  | hz: gt=48.9994 pred=150.0 ❌
    [ 187/1159]  G#1 triangle  | midi: gt=32 pred=35 ❌  | spn: gt=G#1 pred=C2 ❌  | doremi: gt=sol# pred=fa# ❌  | hz: gt=51.9131 pred=150.0 ❌
    [ 188/1159]   A1 triangle  | midi: gt=33 pred=35 ❌  | spn: gt=A1 pred=C2 ❌  | doremi: gt=la pred=fa# ❌  | hz: gt=55.0 pred=150.0 ❌
    [ 189/1159]  A#1 triangle  | midi: gt=34 pred=35 ❌  | spn: gt=A#1 pred=C2 ❌  | doremi: gt=la# pred=fa# ❌  | hz: gt=58.2705 pred=105.26 ❌
    [ 190/1159]   B1 triangle  | midi: gt=35 pred=35 ✅  | spn: gt=B1 pred=C2 ❌  | doremi: gt=si pred=fa# ❌  | hz: gt=61.7354 pred=150.0 ❌
    [ 191/1159]   C2 triangle  | midi: gt=36 pred=35 ❌  | spn: gt=C2 pred=C2 ✅  | doremi: gt=do pred=fa# ❌  | hz: gt=65.4064 pred=150.0 ❌
    [ 192/1159]  C#2 triangle  | midi: gt=37 pred=35 ❌  | spn: gt=C#2 pred=C2 ❌  | doremi: gt=do# pred=fa# ❌  | hz: gt=69.2957 pred=105.26 ❌
    [ 193/1159]   D2 triangle  | midi: gt=38 pred=35 ❌  | spn: gt=D2 pred=F#2 ❌  | doremi: gt=re pred=fa# ❌  | hz: gt=73.4162 pred=4350.0 ❌
    [ 194/1159]  D#2 triangle  | midi: gt=39 pred=43 ❌  | spn: gt=D#2 pred=C4 ❌  | doremi: gt=re# pred=sol ❌  | hz: gt=77.7817 pred=480.0 ❌
    [ 195/1159]   E2 triangle  | midi: gt=40 pred=43 ❌  | spn: gt=E2 pred=C4 ❌  | doremi: gt=mi pred=sol ❌  | hz: gt=82.4069 pred=480.0 ❌
    [ 196/1159]   F2 triangle  | midi: gt=41 pred=43 ❌  | spn: gt=F2 pred=C4 ❌  | doremi: gt=fa pred=sol ❌  | hz: gt=87.3071 pred=150.0 ❌
    [ 197/1159]  F#2 triangle  | midi: gt=42 pred=43 ❌  | spn: gt=F#2 pred=F#2 ✅  | doremi: gt=fa# pred=fa# ✅  | hz: gt=92.4986 pred=None ❌
    [ 198/1159]   G2 triangle  | midi: gt=43 pred=43 ✅  | spn: gt=G2 pred=C4 ❌  | doremi: gt=sol pred=sol ✅  | hz: gt=97.9989 pred=435.0 ❌
    [ 199/1159]  G#2 triangle  | midi: gt=44 pred=43 ❌  | spn: gt=G#2 pred=G6 ❌  | doremi: gt=sol# pred=fa# ❌  | hz: gt=103.8262 pred=450.0 ❌
    [ 200/1159]   A2 triangle  | midi: gt=45 pred=45 ✅  | spn: gt=A2 pred=A2 ✅  | doremi: gt=la pred=fa# ❌  | hz: gt=110.0 pred=435.0 ❌
    [ 201/1159]  A#2 triangle  | midi: gt=46 pred=45 ❌  | spn: gt=A#2 pred=A4 ❌  | doremi: gt=la# pred=sol ❌  | hz: gt=116.5409 pred=450.0 ❌
    [ 202/1159]   B2 triangle  | midi: gt=47 pred=45 ❌  | spn: gt=B2 pred=A2 ❌  | doremi: gt=si pred=fa# ❌  | hz: gt=123.4708 pred=450.0 ❌
    [ 203/1159]   C3 triangle  | midi: gt=48 pred=48 ✅  | spn: gt=C3 pred=C6 ❌  | doremi: gt=do pred=sol ❌  | hz: gt=130.8128 pred=435.0 ❌
    [ 204/1159]  C#3 triangle  | midi: gt=49 pred=48 ❌  | spn: gt=C#3 pred=C6 ❌  | doremi: gt=do# pred=sol ❌  | hz: gt=138.5913 pred=480.0 ❌
    [ 205/1159]   D3 triangle  | midi: gt=50 pred=63 ❌  | spn: gt=D3 pred=C6 ❌  | doremi: gt=re pred=sol ❌  | hz: gt=146.8324 pred=480.0 ❌
    [ 206/1159]  D#3 triangle  | midi: gt=51 pred=58 ❌  | spn: gt=D#3 pred=C6 ❌  | doremi: gt=re# pred=sol ❌  | hz: gt=155.5635 pred=480.0 ❌
    [ 207/1159]   E3 triangle  | midi: gt=52 pred=63 ❌  | spn: gt=E3 pred=C6 ❌  | doremi: gt=mi pred=sol ❌  | hz: gt=164.8138 pred=480.0 ❌
    [ 208/1159]   F3 triangle  | midi: gt=53 pred=54 ❌  | spn: gt=F3 pred=C6 ❌  | doremi: gt=fa pred=sol ❌  | hz: gt=174.6141 pred=150.0 ❌
    [ 209/1159]  F#3 triangle  | midi: gt=54 pred=63 ❌  | spn: gt=F#3 pred=F#3 ✅  | doremi: gt=fa# pred=sol ❌  | hz: gt=184.9972 pred=450.0 ❌
    [ 210/1159]   G3 triangle  | midi: gt=55 pred=63 ❌  | spn: gt=G3 pred=C6 ❌  | doremi: gt=sol pred=sol ✅  | hz: gt=195.9977 pred=450.0 ❌
    [ 211/1159]  G#3 triangle  | midi: gt=56 pred=68 ❌  | spn: gt=G#3 pred=C6 ❌  | doremi: gt=sol# pred=sol ❌  | hz: gt=207.6523 pred=450.0 ❌
    [ 212/1159]   A3 triangle  | midi: gt=57 pred=68 ❌  | spn: gt=A3 pred=A6 ❌  | doremi: gt=la pred=sol ❌  | hz: gt=220.0 pred=450.0 ❌
    [ 213/1159]  A#3 triangle  | midi: gt=58 pred=69 ❌  | spn: gt=A#3 pred=A6 ❌  | doremi: gt=la# pred=sol ❌  | hz: gt=233.0819 pred=450.0 ❌
    [ 214/1159]   B3 triangle  | midi: gt=59 pred=63 ❌  | spn: gt=B3 pred=A#6 ❌  | doremi: gt=si pred=sol ❌  | hz: gt=246.9417 pred=480.0 ❌
    [ 215/1159]   C4 triangle  | midi: gt=60 pred=63 ❌  | spn: gt=C4 pred=C6 ❌  | doremi: gt=do pred=sol ❌  | hz: gt=261.6256 pred=480.0 ❌
    [ 216/1159]  C#4 triangle  | midi: gt=61 pred=63 ❌  | spn: gt=C#4 pred=C6 ❌  | doremi: gt=do# pred=sol ❌  | hz: gt=277.1826 pred=480.0 ❌
    [ 217/1159]   D4 triangle  | midi: gt=62 pred=63 ❌  | spn: gt=D4 pred=D6 ❌  | doremi: gt=re pred=sol ❌  | hz: gt=293.6648 pred=6250.0 ❌
    [ 218/1159]  D#4 triangle  | midi: gt=63 pred=63 ✅  | spn: gt=D#4 pred=D6 ❌  | doremi: gt=re# pred=sol ❌  | hz: gt=311.127 pred=6250.0 ❌
    [ 219/1159]   E4 triangle  | midi: gt=64 pred=63 ❌  | spn: gt=E4 pred=C6 ❌  | doremi: gt=mi pred=sol ❌  | hz: gt=329.6276 pred=150.0 ❌
    [ 220/1159]   F4 triangle  | midi: gt=65 pred=65 ✅  | spn: gt=F4 pred=E6 ❌  | doremi: gt=fa pred=sol ❌  | hz: gt=349.2282 pred=450.0 ❌
    [ 221/1159]  F#4 triangle  | midi: gt=66 pred=65 ❌  | spn: gt=F#4 pred=F#6 ❌  | doremi: gt=fa# pred=sol ❌  | hz: gt=369.9944 pred=480.0 ❌
    [ 222/1159]   G4 triangle  | midi: gt=67 pred=68 ❌  | spn: gt=G4 pred=C6 ❌  | doremi: gt=sol pred=sol ✅  | hz: gt=391.9954 pred=480.0 ❌
    [ 223/1159]  G#4 triangle  | midi: gt=68 pred=68 ✅  | spn: gt=G#4 pred=C6 ❌  | doremi: gt=sol# pred=sol ❌  | hz: gt=415.3047 pred=1054.87 ❌
    [ 224/1159]   A4 triangle  | midi: gt=69 pred=69 ✅  | spn: gt=A4 pred=A6 ❌  | doremi: gt=la pred=sol ❌  | hz: gt=440.0 pred=450.0 ❌
    [ 225/1159]  A#4 triangle  | midi: gt=70 pred=69 ❌  | spn: gt=A#4 pred=C6 ❌  | doremi: gt=la# pred=fa# ❌  | hz: gt=466.1638 pred=1054.87 ❌
    [ 226/1159]   B4 triangle  | midi: gt=71 pred=68 ❌  | spn: gt=B4 pred=C6 ❌  | doremi: gt=si pred=sol ❌  | hz: gt=493.8833 pred=1075.83 ❌
    [ 227/1159]   C5 triangle  | midi: gt=72 pred=63 ❌  | spn: gt=C5 pred=C6 ❌  | doremi: gt=do pred=sol ❌  | hz: gt=523.2511 pred=480.0 ❌
    [ 228/1159]  C#5 triangle  | midi: gt=73 pred=68 ❌  | spn: gt=C#5 pred=C6 ❌  | doremi: gt=do# pred=sol ❌  | hz: gt=554.3653 pred=480.0 ❌
    [ 229/1159]   D5 triangle  | midi: gt=74 pred=68 ❌  | spn: gt=D5 pred=C6 ❌  | doremi: gt=re pred=sol ❌  | hz: gt=587.3295 pred=480.0 ❌
    [ 230/1159]  D#5 triangle  | midi: gt=75 pred=69 ❌  | spn: gt=D#5 pred=D6 ❌  | doremi: gt=re# pred=sol ❌  | hz: gt=622.254 pred=650.0 ❌
    [ 231/1159]   E5 triangle  | midi: gt=76 pred=63 ❌  | spn: gt=E5 pred=C6 ❌  | doremi: gt=mi pred=sol ❌  | hz: gt=659.2551 pred=450.0 ❌
    [ 232/1159]   F5 triangle  | midi: gt=77 pred=68 ❌  | spn: gt=F5 pred=F#6 ❌  | doremi: gt=fa pred=sol ❌  | hz: gt=698.4565 pred=450.0 ❌
    [ 233/1159]  F#5 triangle  | midi: gt=78 pred=68 ❌  | spn: gt=F#5 pred=C6 ❌  | doremi: gt=fa# pred=sol ❌  | hz: gt=739.9888 pred=1058.37 ❌
    [ 234/1159]   G5 triangle  | midi: gt=79 pred=68 ❌  | spn: gt=G5 pred=C6 ❌  | doremi: gt=sol pred=sol ✅  | hz: gt=783.9909 pred=1058.43 ❌
    [ 235/1159]  G#5 triangle  | midi: gt=80 pred=68 ❌  | spn: gt=G#5 pred=G6 ❌  | doremi: gt=sol# pred=sol ❌  | hz: gt=830.6094 pred=450.0 ❌
    [ 236/1159]   A5 triangle  | midi: gt=81 pred=69 ❌  | spn: gt=A5 pred=A6 ❌  | doremi: gt=la pred=sol ❌  | hz: gt=880.0 pred=450.0 ❌
    [ 237/1159]  A#5 triangle  | midi: gt=82 pred=69 ❌  | spn: gt=A#5 pred=A7 ❌  | doremi: gt=la# pred=sol ❌  | hz: gt=932.3275 pred=450.0 ❌
    [ 238/1159]   B5 triangle  | midi: gt=83 pred=68 ❌  | spn: gt=B5 pred=C6 ❌  | doremi: gt=si pred=sol ❌  | hz: gt=987.7666 pred=1046.53 ❌
    [ 239/1159]   C6 triangle  | midi: gt=84 pred=68 ❌  | spn: gt=C6 pred=C6 ✅  | doremi: gt=do pred=sol ❌  | hz: gt=1046.5023 pred=480.0 ❌
    [ 240/1159]  C#6 triangle  | midi: gt=85 pred=68 ❌  | spn: gt=C#6 pred=C6 ❌  | doremi: gt=do# pred=sol ❌  | hz: gt=1108.7305 pred=480.0 ❌
    [ 241/1159]   D6 triangle  | midi: gt=86 pred=68 ❌  | spn: gt=D6 pred=C6 ❌  | doremi: gt=re pred=sol ❌  | hz: gt=1174.6591 pred=450.0 ❌
    [ 242/1159]  D#6 triangle  | midi: gt=87 pred=63 ❌  | spn: gt=D#6 pred=D6 ❌  | doremi: gt=re# pred=sol# ❌  | hz: gt=1244.5079 pred=408.0 ❌
    [ 243/1159]   E6 triangle  | midi: gt=88 pred=86 ❌  | spn: gt=E6 pred=C6 ❌  | doremi: gt=mi pred=sol ❌  | hz: gt=1318.5102 pred=1200.0 ❌
    [ 244/1159]   F6 triangle  | midi: gt=89 pred=68 ❌  | spn: gt=F6 pred=C6 ❌  | doremi: gt=fa pred=sol ❌  | hz: gt=1396.9129 pred=480.0 ❌
    [ 245/1159]   F1 piano  | midi: gt=29 pred=36 ❌  | spn: gt=F1 pred=C4 ❌  | doremi: gt=fa pred=sol ❌  | hz: gt=43.6535 pred=329.68 ❌
    [ 246/1159]  F#1 piano  | midi: gt=30 pred=36 ❌  | spn: gt=F#1 pred=F#2 ❌  | doremi: gt=fa# pred=sol# ❌  | hz: gt=46.2493 pred=4350.0 ❌
    [ 247/1159]   G1 piano  | midi: gt=31 pred=36 ❌  | spn: gt=G1 pred=C4 ❌  | doremi: gt=sol pred=sol ✅  | hz: gt=48.9994 pred=3150.0 ❌
    [ 248/1159]  G#1 piano  | midi: gt=32 pred=36 ❌  | spn: gt=G#1 pred=C4 ❌  | doremi: gt=sol# pred=sol ❌  | hz: gt=51.9131 pred=3150.0 ❌
    [ 249/1159]   A1 piano  | midi: gt=33 pred=35 ❌  | spn: gt=A1 pred=A#2 ❌  | doremi: gt=la pred=fa# ❌  | hz: gt=55.0 pred=3150.0 ❌
    [ 250/1159]  A#1 piano  | midi: gt=34 pred=35 ❌  | spn: gt=A#1 pred=C4 ❌  | doremi: gt=la# pred=fa# ❌  | hz: gt=58.2705 pred=340.0 ❌
    [ 251/1159]   B1 piano  | midi: gt=35 pred=35 ✅  | spn: gt=B1 pred=C4 ❌  | doremi: gt=si pred=sol ❌  | hz: gt=61.7354 pred=340.0 ❌
    [ 252/1159]   C2 piano  | midi: gt=36 pred=35 ❌  | spn: gt=C2 pred=C4 ❌  | doremi: gt=do pred=sol ❌  | hz: gt=65.4064 pred=1054.87 ❌
    [ 253/1159]  C#2 piano  | midi: gt=37 pred=43 ❌  | spn: gt=C#2 pred=C6 ❌  | doremi: gt=do# pred=sol ❌  | hz: gt=69.2957 pred=1058.47 ❌
    [ 254/1159]   D2 piano  | midi: gt=38 pred=43 ❌  | spn: gt=D2 pred=C4 ❌  | doremi: gt=re pred=fa# ❌  | hz: gt=73.4162 pred=1058.47 ❌
    [ 255/1159]  D#2 piano  | midi: gt=39 pred=38 ❌  | spn: gt=D#2 pred=C4 ❌  | doremi: gt=re# pred=sol# ❌  | hz: gt=77.7817 pred=3840.0 ❌
    [ 256/1159]   E2 piano  | midi: gt=40 pred=39 ❌  | spn: gt=E2 pred=C4 ❌  | doremi: gt=mi pred=sol# ❌  | hz: gt=82.4069 pred=405.0 ❌
    [ 257/1159]   F2 piano  | midi: gt=41 pred=43 ❌  | spn: gt=F2 pred=F#2 ❌  | doremi: gt=fa pred=sol# ❌  | hz: gt=87.3071 pred=4150.0 ❌
    [ 258/1159]  F#2 piano  | midi: gt=42 pred=43 ❌  | spn: gt=F#2 pred=F#2 ✅  | doremi: gt=fa# pred=sol ❌  | hz: gt=92.4986 pred=420.0 ❌
    [ 259/1159]   G2 piano  | midi: gt=43 pred=43 ✅  | spn: gt=G2 pred=C4 ❌  | doremi: gt=sol pred=sol ✅  | hz: gt=97.9989 pred=435.0 ❌
    [ 260/1159]  G#2 piano  | midi: gt=44 pred=43 ❌  | spn: gt=G#2 pred=C4 ❌  | doremi: gt=sol# pred=sol ❌  | hz: gt=103.8262 pred=435.0 ❌
    [ 261/1159]   A2 piano  | midi: gt=45 pred=45 ✅  | spn: gt=A2 pred=None ❌  | doremi: gt=la pred=sol ❌  | hz: gt=110.0 pred=450.0 ❌
    [ 262/1159]  A#2 piano  | midi: gt=46 pred=45 ❌  | spn: gt=A#2 pred=None ❌  | doremi: gt=la# pred=fa# ❌  | hz: gt=116.5409 pred=450.0 ❌
    [ 263/1159]   B2 piano  | midi: gt=47 pred=46 ❌  | spn: gt=B2 pred=A#4 ❌  | doremi: gt=si pred=sol ❌  | hz: gt=123.4708 pred=460.0 ❌
    [ 264/1159]   C3 piano  | midi: gt=48 pred=48 ✅  | spn: gt=C3 pred=C4 ❌  | doremi: gt=do pred=sol ❌  | hz: gt=130.8128 pred=480.0 ❌
    [ 265/1159]  C#3 piano  | midi: gt=49 pred=49 ✅  | spn: gt=C#3 pred=C4 ❌  | doremi: gt=do# pred=re ❌  | hz: gt=138.5913 pred=480.0 ❌
    [ 266/1159]   D3 piano  | midi: gt=50 pred=50 ✅  | spn: gt=D3 pred=D4 ❌  | doremi: gt=re pred=sol ❌  | hz: gt=146.8324 pred=493.88 ❌
    [ 267/1159]  D#3 piano  | midi: gt=51 pred=51 ✅  | spn: gt=D#3 pred=D4 ❌  | doremi: gt=re# pred=sol# ❌  | hz: gt=155.5635 pred=493.88 ❌
    [ 268/1159]   E3 piano  | midi: gt=52 pred=52 ✅  | spn: gt=E3 pred=E4 ❌  | doremi: gt=mi pred=mi ✅  | hz: gt=164.8138 pred=403.0 ❌
    [ 269/1159]   F3 piano  | midi: gt=53 pred=53 ✅  | spn: gt=F3 pred=F#3 ❌  | doremi: gt=fa pred=mi ❌  | hz: gt=174.6141 pred=420.0 ❌
    [ 270/1159]  F#3 piano  | midi: gt=54 pred=54 ✅  | spn: gt=F#3 pred=C4 ❌  | doremi: gt=fa# pred=fa# ✅  | hz: gt=184.9972 pred=435.0 ❌
    [ 271/1159]   G3 piano  | midi: gt=55 pred=56 ❌  | spn: gt=G3 pred=C4 ❌  | doremi: gt=sol pred=sol ✅  | hz: gt=195.9977 pred=435.0 ❌
    [ 272/1159]  G#3 piano  | midi: gt=56 pred=56 ✅  | spn: gt=G#3 pred=C6 ❌  | doremi: gt=sol# pred=sol# ✅  | hz: gt=207.6523 pred=450.0 ❌
    [ 273/1159]   A3 piano  | midi: gt=57 pred=58 ❌  | spn: gt=A3 pred=A4 ❌  | doremi: gt=la pred=sol ❌  | hz: gt=220.0 pred=450.0 ❌
    [ 274/1159]  A#3 piano  | midi: gt=58 pred=58 ✅  | spn: gt=A#3 pred=None ❌  | doremi: gt=la# pred=fa# ❌  | hz: gt=233.0819 pred=450.0 ❌
    [ 275/1159]   B3 piano  | midi: gt=59 pred=59 ✅  | spn: gt=B3 pred=A#6 ❌  | doremi: gt=si pred=fa# ❌  | hz: gt=246.9417 pred=480.0 ❌
    [ 276/1159]   C4 piano  | midi: gt=60 pred=48 ❌  | spn: gt=C4 pred=C6 ❌  | doremi: gt=do pred=sol ❌  | hz: gt=261.6256 pred=480.0 ❌
    [ 277/1159]  C#4 piano  | midi: gt=61 pred=48 ❌  | spn: gt=C#4 pred=C6 ❌  | doremi: gt=do# pred=sol# ❌  | hz: gt=277.1826 pred=480.0 ❌
    [ 278/1159]   D4 piano  | midi: gt=62 pred=63 ❌  | spn: gt=D4 pred=C6 ❌  | doremi: gt=re pred=sol ❌  | hz: gt=293.6648 pred=493.88 ❌
    [ 279/1159]  D#4 piano  | midi: gt=63 pred=63 ✅  | spn: gt=D#4 pred=C6 ❌  | doremi: gt=re# pred=sol# ❌  | hz: gt=311.127 pred=50.0 ❌
    [ 280/1159]   E4 piano  | midi: gt=64 pred=53 ❌  | spn: gt=E4 pred=A#6 ❌  | doremi: gt=mi pred=sol ❌  | hz: gt=329.6276 pred=3605.0 ❌
    [ 281/1159]   F4 piano  | midi: gt=65 pred=63 ❌  | spn: gt=F4 pred=F#2 ❌  | doremi: gt=fa pred=sol ❌  | hz: gt=349.2282 pred=480.0 ❌
    [ 282/1159]  F#4 piano  | midi: gt=66 pred=63 ❌  | spn: gt=F#4 pred=A#6 ❌  | doremi: gt=fa# pred=sol# ❌  | hz: gt=369.9944 pred=4350.0 ❌
    [ 283/1159]   G4 piano  | midi: gt=67 pred=43 ❌  | spn: gt=G4 pred=F#2 ❌  | doremi: gt=sol pred=sol ✅  | hz: gt=391.9954 pred=450.0 ❌
    [ 284/1159]  G#4 piano  | midi: gt=68 pred=68 ✅  | spn: gt=G#4 pred=A#6 ❌  | doremi: gt=sol# pred=fa# ❌  | hz: gt=415.3047 pred=450.0 ❌
    [ 285/1159]   A4 piano  | midi: gt=69 pred=69 ✅  | spn: gt=A4 pred=None ❌  | doremi: gt=la pred=fa# ❌  | hz: gt=440.0 pred=450.0 ❌
    [ 286/1159]  A#4 piano  | midi: gt=70 pred=69 ❌  | spn: gt=A#4 pred=None ❌  | doremi: gt=la# pred=fa# ❌  | hz: gt=466.1638 pred=450.0 ❌
    [ 287/1159]   B4 piano  | midi: gt=71 pred=68 ❌  | spn: gt=B4 pred=A#6 ❌  | doremi: gt=si pred=sol# ❌  | hz: gt=493.8833 pred=480.0 ❌
    [ 288/1159]   C5 piano  | midi: gt=72 pred=68 ❌  | spn: gt=C5 pred=C6 ❌  | doremi: gt=do pred=sol ❌  | hz: gt=523.2511 pred=4800.0 ❌
    [ 289/1159]  C#5 piano  | midi: gt=73 pred=68 ❌  | spn: gt=C#5 pred=A#6 ❌  | doremi: gt=do# pred=fa# ❌  | hz: gt=554.3653 pred=480.0 ❌
    [ 290/1159]   D5 piano  | midi: gt=74 pred=68 ❌  | spn: gt=D5 pred=A#6 ❌  | doremi: gt=re pred=sol# ❌  | hz: gt=587.3295 pred=6705.83 ❌
    [ 291/1159]  D#5 piano  | midi: gt=75 pred=63 ❌  | spn: gt=D#5 pred=C6 ❌  | doremi: gt=re# pred=sol# ❌  | hz: gt=622.254 pred=70.0 ❌
    [ 292/1159]   E5 piano  | midi: gt=76 pred=68 ❌  | spn: gt=E5 pred=C6 ❌  | doremi: gt=mi pred=sol# ❌  | hz: gt=659.2551 pred=70.0 ❌
    [ 293/1159]   F5 piano  | midi: gt=77 pred=68 ❌  | spn: gt=F5 pred=F7 ❌  | doremi: gt=fa pred=sol# ❌  | hz: gt=698.4565 pred=701.0 ✅
    [ 294/1159]  F#5 piano  | midi: gt=78 pred=68 ❌  | spn: gt=F#5 pred=B6 ❌  | doremi: gt=fa# pred=sol# ❌  | hz: gt=739.9888 pred=780.0 ❌
    [ 295/1159]   G5 piano  | midi: gt=79 pred=79 ✅  | spn: gt=G5 pred=G7 ❌  | doremi: gt=sol pred=sol# ❌  | hz: gt=783.9909 pred=795.0 ❌
    [ 296/1159]  G#5 piano  | midi: gt=80 pred=83 ❌  | spn: gt=G#5 pred=C6 ❌  | doremi: gt=sol# pred=sol# ✅  | hz: gt=830.6094 pred=840.0 ❌
    [ 297/1159]   A5 piano  | midi: gt=81 pred=83 ❌  | spn: gt=A5 pred=A7 ❌  | doremi: gt=la pred=sol# ❌  | hz: gt=880.0 pred=8100.0 ❌
    [ 298/1159]  A#5 piano  | midi: gt=82 pred=83 ❌  | spn: gt=A#5 pred=B6 ❌  | doremi: gt=la# pred=sol# ❌  | hz: gt=932.3275 pred=8250.0 ❌
    [ 299/1159]   B5 piano  | midi: gt=83 pred=83 ✅  | spn: gt=B5 pred=C6 ❌  | doremi: gt=si pred=sol# ❌  | hz: gt=987.7666 pred=8250.0 ❌
    [ 300/1159]   C6 piano  | midi: gt=84 pred=84 ✅  | spn: gt=C6 pred=C6 ✅  | doremi: gt=do pred=sol ❌  | hz: gt=1046.5023 pred=1034.52 ❌
    [ 301/1159]  C#6 piano  | midi: gt=85 pred=84 ❌  | spn: gt=C#6 pred=C6 ❌  | doremi: gt=do# pred=sol# ❌  | hz: gt=1108.7305 pred=840.0 ❌
    [ 302/1159]   D6 piano  | midi: gt=86 pred=86 ✅  | spn: gt=D6 pred=C6 ❌  | doremi: gt=re pred=sol ❌  | hz: gt=1174.6591 pred=840.0 ❌
    [ 303/1159]  D#6 piano  | midi: gt=87 pred=86 ❌  | spn: gt=D#6 pred=C6 ❌  | doremi: gt=re# pred=sol# ❌  | hz: gt=1244.5079 pred=8250.0 ❌
    [ 304/1159]   E6 piano  | midi: gt=88 pred=83 ❌  | spn: gt=E6 pred=C6 ❌  | doremi: gt=mi pred=sol ❌  | hz: gt=1318.5102 pred=1050.0 ❌
    [ 305/1159]   F6 piano  | midi: gt=89 pred=83 ❌  | spn: gt=F6 pred=C6 ❌  | doremi: gt=fa pred=sol ❌  | hz: gt=1396.9129 pred=1034.52 ❌
    [ 306/1159]   F1 electric_keyboard  | midi: gt=29 pred=34 ❌  | spn: gt=F1 pred=A2 ❌  | doremi: gt=fa pred=fa# ❌  | hz: gt=43.6535 pred=30.0 ❌
    [ 307/1159]  F#1 electric_keyboard  | midi: gt=30 pred=34 ❌  | spn: gt=F#1 pred=F2 ❌  | doremi: gt=fa# pred=fa# ✅  | hz: gt=46.2493 pred=32.0 ❌
    [ 308/1159]   G1 electric_keyboard  | midi: gt=31 pred=34 ❌  | spn: gt=G1 pred=F2 ❌  | doremi: gt=sol pred=fa# ❌  | hz: gt=48.9994 pred=32.0 ❌
    [ 309/1159]  G#1 electric_keyboard  | midi: gt=32 pred=34 ❌  | spn: gt=G#1 pred=F2 ❌  | doremi: gt=sol# pred=fa# ❌  | hz: gt=51.9131 pred=32.0 ❌
    [ 310/1159]   A1 electric_keyboard  | midi: gt=33 pred=35 ❌  | spn: gt=A1 pred=A#2 ❌  | doremi: gt=la pred=fa# ❌  | hz: gt=55.0 pred=32.0 ❌
    [ 311/1159]  A#1 electric_keyboard  | midi: gt=34 pred=35 ❌  | spn: gt=A#1 pred=C2 ❌  | doremi: gt=la# pred=fa# ❌  | hz: gt=58.2705 pred=35.98 ❌
    [ 312/1159]   B1 electric_keyboard  | midi: gt=35 pred=36 ❌  | spn: gt=B1 pred=C2 ❌  | doremi: gt=si pred=fa# ❌  | hz: gt=61.7354 pred=35.98 ❌
    [ 313/1159]   C2 electric_keyboard  | midi: gt=36 pred=36 ✅  | spn: gt=C2 pred=C2 ✅  | doremi: gt=do pred=fa# ❌  | hz: gt=65.4064 pred=36.0 ❌
    [ 314/1159]  C#2 electric_keyboard  | midi: gt=37 pred=36 ❌  | spn: gt=C#2 pred=C2 ❌  | doremi: gt=do# pred=fa# ❌  | hz: gt=69.2957 pred=25.0 ❌
    [ 315/1159]   D2 electric_keyboard  | midi: gt=38 pred=36 ❌  | spn: gt=D2 pred=C2 ❌  | doremi: gt=re pred=re ✅  | hz: gt=73.4162 pred=35.0 ❌
    [ 316/1159]  D#2 electric_keyboard  | midi: gt=39 pred=38 ❌  | spn: gt=D#2 pred=C4 ❌  | doremi: gt=re# pred=re ❌  | hz: gt=77.7817 pred=36.58 ❌
    [ 317/1159]   E2 electric_keyboard  | midi: gt=40 pred=39 ❌  | spn: gt=E2 pred=D4 ❌  | doremi: gt=mi pred=re ❌  | hz: gt=82.4069 pred=40.0 ❌
    [ 318/1159]   F2 electric_keyboard  | midi: gt=41 pred=41 ✅  | spn: gt=F2 pred=C4 ❌  | doremi: gt=fa pred=mi ❌  | hz: gt=87.3071 pred=4200.0 ❌
    [ 319/1159]  F#2 electric_keyboard  | midi: gt=42 pred=43 ❌  | spn: gt=F#2 pred=F#2 ✅  | doremi: gt=fa# pred=fa# ✅  | hz: gt=92.4986 pred=4350.0 ❌
    [ 320/1159]   G2 electric_keyboard  | midi: gt=43 pred=43 ✅  | spn: gt=G2 pred=G2 ✅  | doremi: gt=sol pred=sol ✅  | hz: gt=97.9989 pred=435.0 ❌
    [ 321/1159]  G#2 electric_keyboard  | midi: gt=44 pred=43 ❌  | spn: gt=G#2 pred=G4 ❌  | doremi: gt=sol# pred=fa# ❌  | hz: gt=103.8262 pred=450.0 ❌
    [ 322/1159]   A2 electric_keyboard  | midi: gt=45 pred=45 ✅  | spn: gt=A2 pred=A4 ❌  | doremi: gt=la pred=re ❌  | hz: gt=110.0 pred=453.08 ❌
    [ 323/1159]  A#2 electric_keyboard  | midi: gt=46 pred=46 ✅  | spn: gt=A#2 pred=A#4 ❌  | doremi: gt=la# pred=re ❌  | hz: gt=116.5409 pred=463.05 ❌
    [ 324/1159]   B2 electric_keyboard  | midi: gt=47 pred=48 ❌  | spn: gt=B2 pred=A#2 ❌  | doremi: gt=si pred=re ❌  | hz: gt=123.4708 pred=475.0 ❌
    [ 325/1159]   C3 electric_keyboard  | midi: gt=48 pred=48 ✅  | spn: gt=C3 pred=C4 ❌  | doremi: gt=do pred=sol ❌  | hz: gt=130.8128 pred=483.0 ❌
    [ 326/1159]  C#3 electric_keyboard  | midi: gt=49 pred=49 ✅  | spn: gt=C#3 pred=C4 ❌  | doremi: gt=do# pred=fa# ❌  | hz: gt=138.5913 pred=49.0 ❌
    [ 327/1159]   D3 electric_keyboard  | midi: gt=50 pred=50 ✅  | spn: gt=D3 pred=D4 ❌  | doremi: gt=re pred=la ❌  | hz: gt=146.8324 pred=50.0 ❌
    [ 328/1159]  D#3 electric_keyboard  | midi: gt=51 pred=51 ✅  | spn: gt=D#3 pred=C4 ❌  | doremi: gt=re# pred=mi ❌  | hz: gt=155.5635 pred=510.0 ❌
    [ 329/1159]   E3 electric_keyboard  | midi: gt=52 pred=52 ✅  | spn: gt=E3 pred=C4 ❌  | doremi: gt=mi pred=mi ✅  | hz: gt=164.8138 pred=521.0 ❌
    [ 330/1159]   F3 electric_keyboard  | midi: gt=53 pred=53 ✅  | spn: gt=F3 pred=C4 ❌  | doremi: gt=fa pred=mi ❌  | hz: gt=174.6141 pred=53.0 ❌
    [ 331/1159]  F#3 electric_keyboard  | midi: gt=54 pred=54 ✅  | spn: gt=F#3 pred=C4 ❌  | doremi: gt=fa# pred=mi ❌  | hz: gt=184.9972 pred=54.0 ❌
    [ 332/1159]   G3 electric_keyboard  | midi: gt=55 pred=55 ✅  | spn: gt=G3 pred=C4 ❌  | doremi: gt=sol pred=sol ✅  | hz: gt=195.9977 pred=56.0 ❌
    [ 333/1159]  G#3 electric_keyboard  | midi: gt=56 pred=56 ✅  | spn: gt=G#3 pred=C4 ❌  | doremi: gt=sol# pred=sol ❌  | hz: gt=207.6523 pred=56.0 ❌
    [ 334/1159]   A3 electric_keyboard  | midi: gt=57 pred=57 ✅  | spn: gt=A3 pred=A4 ❌  | doremi: gt=la pred=mi ❌  | hz: gt=220.0 pred=5760.0 ❌
    [ 335/1159]  A#3 electric_keyboard  | midi: gt=58 pred=58 ✅  | spn: gt=A#3 pred=A#5 ❌  | doremi: gt=la# pred=fa# ❌  | hz: gt=233.0819 pred=580.0 ❌
    [ 336/1159]   B3 electric_keyboard  | midi: gt=59 pred=59 ✅  | spn: gt=B3 pred=B4 ❌  | doremi: gt=si pred=mi ❌  | hz: gt=246.9417 pred=5940.0 ❌
    [ 337/1159]   C4 electric_keyboard  | midi: gt=60 pred=60 ✅  | spn: gt=C4 pred=C4 ✅  | doremi: gt=do pred=sol ❌  | hz: gt=261.6256 pred=50.0 ❌
    [ 338/1159]  C#4 electric_keyboard  | midi: gt=61 pred=61 ✅  | spn: gt=C#4 pred=C6 ❌  | doremi: gt=do# pred=sol ❌  | hz: gt=277.1826 pred=61.0 ❌
    [ 339/1159]   D4 electric_keyboard  | midi: gt=62 pred=62 ✅  | spn: gt=D4 pred=D6 ❌  | doremi: gt=re pred=sol ❌  | hz: gt=293.6648 pred=6250.0 ❌
    [ 340/1159]  D#4 electric_keyboard  | midi: gt=63 pred=63 ✅  | spn: gt=D#4 pred=C6 ❌  | doremi: gt=re# pred=sol ❌  | hz: gt=311.127 pred=63.0 ❌
    [ 341/1159]   E4 electric_keyboard  | midi: gt=64 pred=64 ✅  | spn: gt=E4 pred=C6 ❌  | doremi: gt=mi pred=fa# ❌  | hz: gt=329.6276 pred=64.0 ❌
    [ 342/1159]   F4 electric_keyboard  | midi: gt=65 pred=65 ✅  | spn: gt=F4 pred=C6 ❌  | doremi: gt=fa pred=fa# ❌  | hz: gt=349.2282 pred=65.0 ❌
    [ 343/1159]  F#4 electric_keyboard  | midi: gt=66 pred=65 ❌  | spn: gt=F#4 pred=C6 ❌  | doremi: gt=fa# pred=mi ❌  | hz: gt=369.9944 pred=659.31 ❌
    [ 344/1159]   G4 electric_keyboard  | midi: gt=67 pred=67 ✅  | spn: gt=G4 pred=G6 ❌  | doremi: gt=sol pred=fa# ❌  | hz: gt=391.9954 pred=6750.0 ❌
    [ 345/1159]  G#4 electric_keyboard  | midi: gt=68 pred=68 ✅  | spn: gt=G#4 pred=C6 ❌  | doremi: gt=sol# pred=fa# ❌  | hz: gt=415.3047 pred=68.0 ❌
    [ 346/1159]   A4 electric_keyboard  | midi: gt=69 pred=69 ✅  | spn: gt=A4 pred=None ❌  | doremi: gt=la pred=mi ❌  | hz: gt=440.0 pred=695.0 ❌
    [ 347/1159]  A#4 electric_keyboard  | midi: gt=70 pred=69 ❌  | spn: gt=A#4 pred=A#6 ❌  | doremi: gt=la# pred=fa# ❌  | hz: gt=466.1638 pred=701.52 ❌
    [ 348/1159]   B4 electric_keyboard  | midi: gt=71 pred=71 ✅  | spn: gt=B4 pred=A#6 ❌  | doremi: gt=si pred=fa# ❌  | hz: gt=493.8833 pred=7105.36 ❌
    [ 349/1159]   C5 electric_keyboard  | midi: gt=72 pred=72 ✅  | spn: gt=C5 pred=C6 ❌  | doremi: gt=do pred=fa# ❌  | hz: gt=523.2511 pred=720.0 ❌
    [ 350/1159]  C#5 electric_keyboard  | midi: gt=73 pred=73 ✅  | spn: gt=C#5 pred=C6 ❌  | doremi: gt=do# pred=fa# ❌  | hz: gt=554.3653 pred=730.0 ❌
    [ 351/1159]   D5 electric_keyboard  | midi: gt=74 pred=69 ❌  | spn: gt=D5 pred=B6 ❌  | doremi: gt=re pred=mi ❌  | hz: gt=587.3295 pred=701.45 ❌
    [ 352/1159]  D#5 electric_keyboard  | midi: gt=75 pred=75 ✅  | spn: gt=D#5 pred=C7 ❌  | doremi: gt=re# pred=sol# ❌  | hz: gt=622.254 pred=750.0 ❌
    [ 353/1159]   E5 electric_keyboard  | midi: gt=76 pred=76 ✅  | spn: gt=E5 pred=B7 ❌  | doremi: gt=mi pred=fa# ❌  | hz: gt=659.2551 pred=7680.0 ❌
    [ 354/1159]   F5 electric_keyboard  | midi: gt=77 pred=76 ❌  | spn: gt=F5 pred=C7 ❌  | doremi: gt=fa pred=sol ❌  | hz: gt=698.4565 pred=701.25 ✅
    [ 355/1159]  F#5 electric_keyboard  | midi: gt=78 pred=78 ✅  | spn: gt=F#5 pred=C6 ❌  | doremi: gt=fa# pred=sol# ❌  | hz: gt=739.9888 pred=784.0 ❌
    [ 356/1159]   G5 electric_keyboard  | midi: gt=79 pred=67 ❌  | spn: gt=G5 pred=C6 ❌  | doremi: gt=sol pred=sol ✅  | hz: gt=783.9909 pred=793.68 ❌
    [ 357/1159]  G#5 electric_keyboard  | midi: gt=80 pred=80 ✅  | spn: gt=G#5 pred=G6 ❌  | doremi: gt=sol# pred=sol# ✅  | hz: gt=830.6094 pred=1024.0 ❌
    [ 358/1159]   A5 electric_keyboard  | midi: gt=81 pred=81 ✅  | spn: gt=A5 pred=A7 ❌  | doremi: gt=la pred=sol ❌  | hz: gt=880.0 pred=8125.0 ❌
    [ 359/1159]  A#5 electric_keyboard  | midi: gt=82 pred=82 ✅  | spn: gt=A#5 pred=A7 ❌  | doremi: gt=la# pred=fa# ❌  | hz: gt=932.3275 pred=8250.0 ❌
    [ 360/1159]   B5 electric_keyboard  | midi: gt=83 pred=83 ✅  | spn: gt=B5 pred=B7 ❌  | doremi: gt=si pred=fa# ❌  | hz: gt=987.7666 pred=830.61 ❌
    [ 361/1159]   C6 electric_keyboard  | midi: gt=84 pred=84 ✅  | spn: gt=C6 pred=C6 ✅  | doremi: gt=do pred=sol ❌  | hz: gt=1046.5023 pred=840.0 ❌
    [ 362/1159]  C#6 electric_keyboard  | midi: gt=85 pred=85 ✅  | spn: gt=C#6 pred=C6 ❌  | doremi: gt=do# pred=sol# ❌  | hz: gt=1108.7305 pred=8450.0 ❌
    [ 363/1159]   D6 electric_keyboard  | midi: gt=86 pred=86 ✅  | spn: gt=D6 pred=C8 ❌  | doremi: gt=re pred=sol# ❌  | hz: gt=1174.6591 pred=8640.0 ❌
    [ 364/1159]  D#6 electric_keyboard  | midi: gt=87 pred=87 ✅  | spn: gt=D#6 pred=C8 ❌  | doremi: gt=re# pred=sol# ❌  | hz: gt=1244.5079 pred=8640.0 ❌
    [ 365/1159]   E6 electric_keyboard  | midi: gt=88 pred=88 ✅  | spn: gt=E6 pred=B8 ❌  | doremi: gt=mi pred=sol ❌  | hz: gt=1318.5102 pred=830.41 ❌
    [ 366/1159]   F6 electric_keyboard  | midi: gt=89 pred=89 ✅  | spn: gt=F6 pred=C8 ❌  | doremi: gt=fa pred=sol# ❌  | hz: gt=1396.9129 pred=8250.0 ❌
    [ 367/1159]   F1 guitar  | midi: gt=29 pred=43 ❌  | spn: gt=F1 pred=A#2 ❌  | doremi: gt=fa pred=fa# ❌  | hz: gt=43.6535 pred=450.0 ❌
    [ 368/1159]  F#1 guitar  | midi: gt=30 pred=43 ❌  | spn: gt=F#1 pred=A#2 ❌  | doremi: gt=fa# pred=sol ❌  | hz: gt=46.2493 pred=450.0 ❌
    [ 369/1159]   G1 guitar  | midi: gt=31 pred=43 ❌  | spn: gt=G1 pred=F4 ❌  | doremi: gt=sol pred=sol ✅  | hz: gt=48.9994 pred=450.0 ❌
    [ 370/1159]  G#1 guitar  | midi: gt=32 pred=43 ❌  | spn: gt=G#1 pred=A2 ❌  | doremi: gt=sol# pred=fa# ❌  | hz: gt=51.9131 pred=450.0 ❌
    [ 371/1159]   A1 guitar  | midi: gt=33 pred=45 ❌  | spn: gt=A1 pred=A2 ❌  | doremi: gt=la pred=fa# ❌  | hz: gt=55.0 pred=450.0 ❌
    [ 372/1159]  A#1 guitar  | midi: gt=34 pred=48 ❌  | spn: gt=A#1 pred=A#2 ❌  | doremi: gt=la# pred=sol ❌  | hz: gt=58.2705 pred=45.0 ❌
    [ 373/1159]   B1 guitar  | midi: gt=35 pred=48 ❌  | spn: gt=B1 pred=A#2 ❌  | doremi: gt=si pred=sol ❌  | hz: gt=61.7354 pred=45.0 ❌
    [ 374/1159]   C2 guitar  | midi: gt=36 pred=48 ❌  | spn: gt=C2 pred=C4 ❌  | doremi: gt=do pred=sol ❌  | hz: gt=65.4064 pred=48.0 ❌
    [ 375/1159]  C#2 guitar  | midi: gt=37 pred=49 ❌  | spn: gt=C#2 pred=C4 ❌  | doremi: gt=do# pred=sol ❌  | hz: gt=69.2957 pred=48.0 ❌
    [ 376/1159]   D2 guitar  | midi: gt=38 pred=49 ❌  | spn: gt=D2 pred=D4 ❌  | doremi: gt=re pred=sol ❌  | hz: gt=73.4162 pred=450.0 ❌
    [ 377/1159]  D#2 guitar  | midi: gt=39 pred=49 ❌  | spn: gt=D#2 pred=D4 ❌  | doremi: gt=re# pred=sol ❌  | hz: gt=77.7817 pred=49.0 ❌
    [ 378/1159]   E2 guitar  | midi: gt=40 pred=53 ❌  | spn: gt=E2 pred=C4 ❌  | doremi: gt=mi pred=sol ❌  | hz: gt=82.4069 pred=480.0 ❌
    [ 379/1159]   F2 guitar  | midi: gt=41 pred=48 ❌  | spn: gt=F2 pred=F#2 ❌  | doremi: gt=fa pred=sol ❌  | hz: gt=87.3071 pred=450.0 ❌
    [ 380/1159]  F#2 guitar  | midi: gt=42 pred=48 ❌  | spn: gt=F#2 pred=F#2 ✅  | doremi: gt=fa# pred=sol ❌  | hz: gt=92.4986 pred=450.0 ❌
    [ 381/1159]   G2 guitar  | midi: gt=43 pred=48 ❌  | spn: gt=G2 pred=G4 ❌  | doremi: gt=sol pred=sol ✅  | hz: gt=97.9989 pred=450.0 ❌
    [ 382/1159]  G#2 guitar  | midi: gt=44 pred=48 ❌  | spn: gt=G#2 pred=G4 ❌  | doremi: gt=sol# pred=re ❌  | hz: gt=103.8262 pred=450.0 ❌
    [ 383/1159]   A2 guitar  | midi: gt=45 pred=58 ❌  | spn: gt=A2 pred=A2 ✅  | doremi: gt=la pred=sol ❌  | hz: gt=110.0 pred=450.0 ❌
    [ 384/1159]  A#2 guitar  | midi: gt=46 pred=58 ❌  | spn: gt=A#2 pred=None ❌  | doremi: gt=la# pred=re ❌  | hz: gt=116.5409 pred=450.0 ❌
    [ 385/1159]   B2 guitar  | midi: gt=47 pred=46 ❌  | spn: gt=B2 pred=B4 ❌  | doremi: gt=si pred=re ❌  | hz: gt=123.4708 pred=450.0 ❌
    [ 386/1159]   C3 guitar  | midi: gt=48 pred=48 ✅  | spn: gt=C3 pred=C4 ❌  | doremi: gt=do pred=sol ❌  | hz: gt=130.8128 pred=480.0 ❌
    [ 387/1159]  C#3 guitar  | midi: gt=49 pred=49 ✅  | spn: gt=C#3 pred=C4 ❌  | doremi: gt=do# pred=re ❌  | hz: gt=138.5913 pred=493.88 ❌
    [ 388/1159]   D3 guitar  | midi: gt=50 pred=50 ✅  | spn: gt=D3 pred=D4 ❌  | doremi: gt=re pred=mi ❌  | hz: gt=146.8324 pred=504.0 ❌
    [ 389/1159]  D#3 guitar  | midi: gt=51 pred=51 ✅  | spn: gt=D#3 pred=D4 ❌  | doremi: gt=re# pred=mi ❌  | hz: gt=155.5635 pred=512.0 ❌
    [ 390/1159]   E3 guitar  | midi: gt=52 pred=52 ✅  | spn: gt=E3 pred=C4 ❌  | doremi: gt=mi pred=mi ✅  | hz: gt=164.8138 pred=521.0 ❌
    [ 391/1159]   F3 guitar  | midi: gt=53 pred=53 ✅  | spn: gt=F3 pred=C4 ❌  | doremi: gt=fa pred=mi ❌  | hz: gt=174.6141 pred=532.0 ❌
    [ 392/1159]  F#3 guitar  | midi: gt=54 pred=54 ✅  | spn: gt=F#3 pred=F#4 ❌  | doremi: gt=fa# pred=mi ❌  | hz: gt=184.9972 pred=420.0 ❌
    [ 393/1159]   G3 guitar  | midi: gt=55 pred=56 ❌  | spn: gt=G3 pred=G4 ❌  | doremi: gt=sol pred=sol ✅  | hz: gt=195.9977 pred=435.0 ❌
    [ 394/1159]  G#3 guitar  | midi: gt=56 pred=56 ✅  | spn: gt=G#3 pred=G4 ❌  | doremi: gt=sol# pred=sol ❌  | hz: gt=207.6523 pred=450.0 ❌
    [ 395/1159]   A3 guitar  | midi: gt=57 pred=58 ❌  | spn: gt=A3 pred=A4 ❌  | doremi: gt=la pred=sol ❌  | hz: gt=220.0 pred=450.0 ❌
    [ 396/1159]  A#3 guitar  | midi: gt=58 pred=58 ✅  | spn: gt=A#3 pred=A#6 ❌  | doremi: gt=la# pred=sol ❌  | hz: gt=233.0819 pred=450.0 ❌
    [ 397/1159]   B3 guitar  | midi: gt=59 pred=59 ✅  | spn: gt=B3 pred=A#6 ❌  | doremi: gt=si pred=sol ❌  | hz: gt=246.9417 pred=450.0 ❌
    [ 398/1159]   C4 guitar  | midi: gt=60 pred=64 ❌  | spn: gt=C4 pred=C6 ❌  | doremi: gt=do pred=sol ❌  | hz: gt=261.6256 pred=480.0 ❌
    [ 399/1159]  C#4 guitar  | midi: gt=61 pred=63 ❌  | spn: gt=C#4 pred=C6 ❌  | doremi: gt=do# pred=sol ❌  | hz: gt=277.1826 pred=480.0 ❌
    [ 400/1159]   D4 guitar  | midi: gt=62 pred=62 ✅  | spn: gt=D4 pred=D6 ❌  | doremi: gt=re pred=la ❌  | hz: gt=293.6648 pred=504.0 ❌
    [ 401/1159]  D#4 guitar  | midi: gt=63 pred=63 ✅  | spn: gt=D#4 pred=C6 ❌  | doremi: gt=re# pred=fa# ❌  | hz: gt=311.127 pred=460.0 ❌
    [ 402/1159]   E4 guitar  | midi: gt=64 pred=64 ✅  | spn: gt=E4 pred=F#2 ❌  | doremi: gt=mi pred=fa# ❌  | hz: gt=329.6276 pred=460.0 ❌
    [ 403/1159]   F4 guitar  | midi: gt=65 pred=65 ✅  | spn: gt=F4 pred=F#2 ❌  | doremi: gt=fa pred=fa# ❌  | hz: gt=349.2282 pred=460.0 ❌
    [ 404/1159]  F#4 guitar  | midi: gt=66 pred=68 ❌  | spn: gt=F#4 pred=F#2 ❌  | doremi: gt=fa# pred=fa# ✅  | hz: gt=369.9944 pred=435.0 ❌
    [ 405/1159]   G4 guitar  | midi: gt=67 pred=63 ❌  | spn: gt=G4 pred=G4 ✅  | doremi: gt=sol pred=fa# ❌  | hz: gt=391.9954 pred=493.88 ❌
    [ 406/1159]  G#4 guitar  | midi: gt=68 pred=68 ✅  | spn: gt=G#4 pred=G4 ❌  | doremi: gt=sol# pred=fa# ❌  | hz: gt=415.3047 pred=450.0 ❌
    [ 407/1159]   A4 guitar  | midi: gt=69 pred=69 ✅  | spn: gt=A4 pred=A7 ❌  | doremi: gt=la pred=sol ❌  | hz: gt=440.0 pred=450.0 ❌
    [ 408/1159]  A#4 guitar  | midi: gt=70 pred=69 ❌  | spn: gt=A#4 pred=A7 ❌  | doremi: gt=la# pred=fa# ❌  | hz: gt=466.1638 pred=450.0 ❌
    [ 409/1159]   B4 guitar  | midi: gt=71 pred=68 ❌  | spn: gt=B4 pred=A#6 ❌  | doremi: gt=si pred=re ❌  | hz: gt=493.8833 pred=450.0 ❌
    [ 410/1159]   C5 guitar  | midi: gt=72 pred=68 ❌  | spn: gt=C5 pred=C6 ❌  | doremi: gt=do pred=sol ❌  | hz: gt=523.2511 pred=480.0 ❌
    [ 411/1159]  C#5 guitar  | midi: gt=73 pred=68 ❌  | spn: gt=C#5 pred=C6 ❌  | doremi: gt=do# pred=sol ❌  | hz: gt=554.3653 pred=480.0 ❌
    [ 412/1159]   D5 guitar  | midi: gt=74 pred=62 ❌  | spn: gt=D5 pred=D6 ❌  | doremi: gt=re pred=sol ❌  | hz: gt=587.3295 pred=504.0 ❌
    [ 413/1159]  D#5 guitar  | midi: gt=75 pred=63 ❌  | spn: gt=D#5 pred=D7 ❌  | doremi: gt=re# pred=sol# ❌  | hz: gt=622.254 pred=745.0 ❌
    [ 414/1159]   E5 guitar  | midi: gt=76 pred=68 ❌  | spn: gt=E5 pred=C6 ❌  | doremi: gt=mi pred=sol# ❌  | hz: gt=659.2551 pred=493.88 ❌
    [ 415/1159]   F5 guitar  | midi: gt=77 pred=68 ❌  | spn: gt=F5 pred=C6 ❌  | doremi: gt=fa pred=fa# ❌  | hz: gt=698.4565 pred=493.88 ❌
    [ 416/1159]  F#5 guitar  | midi: gt=78 pred=68 ❌  | spn: gt=F#5 pred=F#7 ❌  | doremi: gt=fa# pred=fa# ✅  | hz: gt=739.9888 pred=1024.0 ❌
    [ 417/1159]   G5 guitar  | midi: gt=79 pred=68 ❌  | spn: gt=G5 pred=C7 ❌  | doremi: gt=sol pred=fa# ❌  | hz: gt=783.9909 pred=2105.38 ❌
    [ 418/1159]  G#5 guitar  | midi: gt=80 pred=68 ❌  | spn: gt=G#5 pred=C6 ❌  | doremi: gt=sol# pred=fa# ❌  | hz: gt=830.6094 pred=450.0 ❌
    [ 419/1159]   A5 guitar  | midi: gt=81 pred=83 ❌  | spn: gt=A5 pred=C6 ❌  | doremi: gt=la pred=fa# ❌  | hz: gt=880.0 pred=460.0 ❌
    [ 420/1159]  A#5 guitar  | midi: gt=82 pred=83 ❌  | spn: gt=A#5 pred=A7 ❌  | doremi: gt=la# pred=sol# ❌  | hz: gt=932.3275 pred=1056.0 ❌
    [ 421/1159]   B5 guitar  | midi: gt=83 pred=83 ✅  | spn: gt=B5 pred=C6 ❌  | doremi: gt=si pred=sol# ❌  | hz: gt=987.7666 pred=701.0 ❌
    [ 422/1159]   C6 guitar  | midi: gt=84 pred=68 ❌  | spn: gt=C6 pred=C6 ✅  | doremi: gt=do pred=sol# ❌  | hz: gt=1046.5023 pred=1200.0 ❌
    [ 423/1159]  C#6 guitar  | midi: gt=85 pred=84 ❌  | spn: gt=C#6 pred=C6 ❌  | doremi: gt=do# pred=sol# ❌  | hz: gt=1108.7305 pred=1200.0 ❌
    [ 424/1159]   D6 guitar  | midi: gt=86 pred=68 ❌  | spn: gt=D6 pred=C6 ❌  | doremi: gt=re pred=sol# ❌  | hz: gt=1174.6591 pred=1034.52 ❌
    [ 425/1159]  D#6 guitar  | midi: gt=87 pred=63 ❌  | spn: gt=D#6 pred=G6 ❌  | doremi: gt=re# pred=sol# ❌  | hz: gt=1244.5079 pred=1058.43 ❌
    [ 426/1159]   E6 guitar  | midi: gt=88 pred=84 ❌  | spn: gt=E6 pred=G6 ❌  | doremi: gt=mi pred=fa# ❌  | hz: gt=1318.5102 pred=1058.37 ❌
    [ 427/1159]   F6 guitar  | midi: gt=89 pred=65 ❌  | spn: gt=F6 pred=G6 ❌  | doremi: gt=fa pred=sol ❌  | hz: gt=1396.9129 pred=1034.52 ❌
    [ 428/1159]   F1 flute  | midi: gt=29 pred=35 ❌  | spn: gt=F1 pred=A#2 ❌  | doremi: gt=fa pred=fa# ❌  | hz: gt=43.6535 pred=105.26 ❌
    [ 429/1159]  F#1 flute  | midi: gt=30 pred=34 ❌  | spn: gt=F#1 pred=A#2 ❌  | doremi: gt=fa# pred=fa# ✅  | hz: gt=46.2493 pred=105.26 ❌
    [ 430/1159]   G1 flute  | midi: gt=31 pred=34 ❌  | spn: gt=G1 pred=A#2 ❌  | doremi: gt=sol pred=la ❌  | hz: gt=48.9994 pred=105.26 ❌
    [ 431/1159]  G#1 flute  | midi: gt=32 pred=35 ❌  | spn: gt=G#1 pred=A#2 ❌  | doremi: gt=sol# pred=fa# ❌  | hz: gt=51.9131 pred=107.65 ❌
    [ 432/1159]   A1 flute  | midi: gt=33 pred=43 ❌  | spn: gt=A1 pred=A#2 ❌  | doremi: gt=la pred=fa# ❌  | hz: gt=55.0 pred=120.0 ❌
    [ 433/1159]  A#1 flute  | midi: gt=34 pred=35 ❌  | spn: gt=A#1 pred=A#2 ❌  | doremi: gt=la# pred=la ❌  | hz: gt=58.2705 pred=120.0 ❌
    [ 434/1159]   B1 flute  | midi: gt=35 pred=36 ❌  | spn: gt=B1 pred=A#2 ❌  | doremi: gt=si pred=la ❌  | hz: gt=61.7354 pred=120.0 ❌
    [ 435/1159]   C2 flute  | midi: gt=36 pred=36 ✅  | spn: gt=C2 pred=C2 ✅  | doremi: gt=do pred=fa# ❌  | hz: gt=65.4064 pred=1250.0 ❌
    [ 436/1159]  C#2 flute  | midi: gt=37 pred=45 ❌  | spn: gt=C#2 pred=C2 ❌  | doremi: gt=do# pred=fa# ❌  | hz: gt=69.2957 pred=120.0 ❌
    [ 437/1159]   D2 flute  | midi: gt=38 pred=43 ❌  | spn: gt=D2 pred=A#2 ❌  | doremi: gt=re pred=fa# ❌  | hz: gt=73.4162 pred=107.95 ❌
    [ 438/1159]  D#2 flute  | midi: gt=39 pred=36 ❌  | spn: gt=D#2 pred=C2 ❌  | doremi: gt=re# pred=fa# ❌  | hz: gt=77.7817 pred=120.0 ❌
    [ 439/1159]   E2 flute  | midi: gt=40 pred=43 ❌  | spn: gt=E2 pred=A#2 ❌  | doremi: gt=mi pred=fa# ❌  | hz: gt=82.4069 pred=120.0 ❌
    [ 440/1159]   F2 flute  | midi: gt=41 pred=48 ❌  | spn: gt=F2 pred=C2 ❌  | doremi: gt=fa pred=fa# ❌  | hz: gt=87.3071 pred=105.26 ❌
    [ 441/1159]  F#2 flute  | midi: gt=42 pred=43 ❌  | spn: gt=F#2 pred=A#2 ❌  | doremi: gt=fa# pred=fa# ✅  | hz: gt=92.4986 pred=107.65 ❌
    [ 442/1159]   G2 flute  | midi: gt=43 pred=36 ❌  | spn: gt=G2 pred=C2 ❌  | doremi: gt=sol pred=fa# ❌  | hz: gt=97.9989 pred=120.0 ❌
    [ 443/1159]  G#2 flute  | midi: gt=44 pred=43 ❌  | spn: gt=G#2 pred=C2 ❌  | doremi: gt=sol# pred=fa# ❌  | hz: gt=103.8262 pred=105.26 ❌
    [ 444/1159]   A2 flute  | midi: gt=45 pred=43 ❌  | spn: gt=A2 pred=A#2 ❌  | doremi: gt=la pred=fa# ❌  | hz: gt=110.0 pred=130.81 ❌
    [ 445/1159]  A#2 flute  | midi: gt=46 pred=45 ❌  | spn: gt=A#2 pred=C6 ❌  | doremi: gt=la# pred=fa# ❌  | hz: gt=116.5409 pred=105.26 ❌
    [ 446/1159]   B2 flute  | midi: gt=47 pred=45 ❌  | spn: gt=B2 pred=C6 ❌  | doremi: gt=si pred=fa# ❌  | hz: gt=123.4708 pred=130.81 ❌
    [ 447/1159]   C3 flute  | midi: gt=48 pred=48 ✅  | spn: gt=C3 pred=C2 ❌  | doremi: gt=do pred=fa# ❌  | hz: gt=130.8128 pred=105.26 ❌
    [ 448/1159]  C#3 flute  | midi: gt=49 pred=49 ✅  | spn: gt=C#3 pred=C2 ❌  | doremi: gt=do# pred=fa# ❌  | hz: gt=138.5913 pred=480.0 ❌
    [ 449/1159]   D3 flute  | midi: gt=50 pred=43 ❌  | spn: gt=D3 pred=C2 ❌  | doremi: gt=re pred=fa# ❌  | hz: gt=146.8324 pred=210.9375 ❌
    [ 450/1159]  D#3 flute  | midi: gt=51 pred=49 ❌  | spn: gt=D#3 pred=C2 ❌  | doremi: gt=re# pred=fa# ❌  | hz: gt=155.5635 pred=480.0 ❌
    [ 451/1159]   E3 flute  | midi: gt=52 pred=48 ❌  | spn: gt=E3 pred=C2 ❌  | doremi: gt=mi pred=fa# ❌  | hz: gt=164.8138 pred=213.04 ❌
    [ 452/1159]   F3 flute  | midi: gt=53 pred=48 ❌  | spn: gt=F3 pred=C2 ❌  | doremi: gt=fa pred=fa# ❌  | hz: gt=174.6141 pred=130.81 ❌
    [ 453/1159]  F#3 flute  | midi: gt=54 pred=43 ❌  | spn: gt=F#3 pred=C2 ❌  | doremi: gt=fa# pred=fa# ✅  | hz: gt=184.9972 pred=130.81 ❌
    [ 454/1159]   G3 flute  | midi: gt=55 pred=43 ❌  | spn: gt=G3 pred=C4 ❌  | doremi: gt=sol pred=fa# ❌  | hz: gt=195.9977 pred=130.81 ❌
    [ 455/1159]  G#3 flute  | midi: gt=56 pred=45 ❌  | spn: gt=G#3 pred=C4 ❌  | doremi: gt=sol# pred=fa# ❌  | hz: gt=207.6523 pred=213.045 ❌
    [ 456/1159]   A3 flute  | midi: gt=57 pred=45 ❌  | spn: gt=A3 pred=A2 ❌  | doremi: gt=la pred=fa# ❌  | hz: gt=220.0 pred=450.0 ❌
    [ 457/1159]  A#3 flute  | midi: gt=58 pred=58 ✅  | spn: gt=A#3 pred=None ❌  | doremi: gt=la# pred=mi ❌  | hz: gt=233.0819 pred=453.06 ❌
    [ 458/1159]   B3 flute  | midi: gt=59 pred=59 ✅  | spn: gt=B3 pred=C4 ❌  | doremi: gt=si pred=fa# ❌  | hz: gt=246.9417 pred=480.0 ❌
    [ 459/1159]   C4 flute  | midi: gt=60 pred=60 ✅  | spn: gt=C4 pred=C6 ❌  | doremi: gt=do pred=fa# ❌  | hz: gt=261.6256 pred=480.0 ❌
    [ 460/1159]  C#4 flute  | midi: gt=61 pred=61 ✅  | spn: gt=C#4 pred=C6 ❌  | doremi: gt=do# pred=la ❌  | hz: gt=277.1826 pred=480.0 ❌
    [ 461/1159]   D4 flute  | midi: gt=62 pred=62 ✅  | spn: gt=D4 pred=D6 ❌  | doremi: gt=re pred=mi ❌  | hz: gt=293.6648 pred=261.63 ❌
    [ 462/1159]  D#4 flute  | midi: gt=63 pred=63 ✅  | spn: gt=D#4 pred=C6 ❌  | doremi: gt=re# pred=sol ❌  | hz: gt=311.127 pred=493.88 ❌
    [ 463/1159]   E4 flute  | midi: gt=64 pred=64 ✅  | spn: gt=E4 pred=C6 ❌  | doremi: gt=mi pred=sol ❌  | hz: gt=329.6276 pred=1250.0 ❌
    [ 464/1159]   F4 flute  | midi: gt=65 pred=65 ✅  | spn: gt=F4 pred=C6 ❌  | doremi: gt=fa pred=sol ❌  | hz: gt=349.2282 pred=250.0 ❌
    [ 465/1159]  F#4 flute  | midi: gt=66 pred=65 ❌  | spn: gt=F#4 pred=F#3 ❌  | doremi: gt=fa# pred=mi ❌  | hz: gt=369.9944 pred=659.34 ❌
    [ 466/1159]   G4 flute  | midi: gt=67 pred=67 ✅  | spn: gt=G4 pred=C6 ❌  | doremi: gt=sol pred=mi ❌  | hz: gt=391.9954 pred=261.63 ❌
    [ 467/1159]  G#4 flute  | midi: gt=68 pred=68 ✅  | spn: gt=G#4 pred=C6 ❌  | doremi: gt=sol# pred=fa# ❌  | hz: gt=415.3047 pred=435.0 ❌
    [ 468/1159]   A4 flute  | midi: gt=69 pred=69 ✅  | spn: gt=A4 pred=A4 ✅  | doremi: gt=la pred=fa# ❌  | hz: gt=440.0 pred=693.0 ❌
    [ 469/1159]  A#4 flute  | midi: gt=70 pred=69 ❌  | spn: gt=A#4 pred=None ❌  | doremi: gt=la# pred=fa# ❌  | hz: gt=466.1638 pred=693.0 ❌
    [ 470/1159]   B4 flute  | midi: gt=71 pred=68 ❌  | spn: gt=B4 pred=C6 ❌  | doremi: gt=si pred=fa# ❌  | hz: gt=493.8833 pred=600.0 ❌
    [ 471/1159]   C5 flute  | midi: gt=72 pred=68 ❌  | spn: gt=C5 pred=C6 ❌  | doremi: gt=do pred=sol ❌  | hz: gt=523.2511 pred=600.0 ❌
    [ 472/1159]  C#5 flute  | midi: gt=73 pred=61 ❌  | spn: gt=C#5 pred=C6 ❌  | doremi: gt=do# pred=sol ❌  | hz: gt=554.3653 pred=600.0 ❌
    [ 473/1159]   D5 flute  | midi: gt=74 pred=62 ❌  | spn: gt=D5 pred=D6 ❌  | doremi: gt=re pred=sol ❌  | hz: gt=587.3295 pred=None ❌
    [ 474/1159]  D#5 flute  | midi: gt=75 pred=63 ❌  | spn: gt=D#5 pred=D6 ❌  | doremi: gt=re# pred=sol ❌  | hz: gt=622.254 pred=625.0 ✅
    [ 475/1159]   E5 flute  | midi: gt=76 pred=64 ❌  | spn: gt=E5 pred=E4 ❌  | doremi: gt=mi pred=sol ❌  | hz: gt=659.2551 pred=640.0 ❌
    [ 476/1159]   F5 flute  | midi: gt=77 pred=65 ❌  | spn: gt=F5 pred=F6 ❌  | doremi: gt=fa pred=sol ❌  | hz: gt=698.4565 pred=659.34 ❌
    [ 477/1159]  F#5 flute  | midi: gt=78 pred=65 ❌  | spn: gt=F#5 pred=F6 ❌  | doremi: gt=fa# pred=sol ❌  | hz: gt=739.9888 pred=659.34 ❌
    [ 478/1159]   G5 flute  | midi: gt=79 pred=67 ❌  | spn: gt=G5 pred=C6 ❌  | doremi: gt=sol pred=sol ✅  | hz: gt=783.9909 pred=675.0 ❌
    [ 479/1159]  G#5 flute  | midi: gt=80 pred=68 ❌  | spn: gt=G#5 pred=G6 ❌  | doremi: gt=sol# pred=sol ❌  | hz: gt=830.6094 pred=680.0 ❌
    [ 480/1159]   A5 flute  | midi: gt=81 pred=69 ❌  | spn: gt=A5 pred=A6 ❌  | doremi: gt=la pred=sol ❌  | hz: gt=880.0 pred=693.0 ❌
    [ 481/1159]  A#5 flute  | midi: gt=82 pred=83 ❌  | spn: gt=A#5 pred=A6 ❌  | doremi: gt=la# pred=sol ❌  | hz: gt=932.3275 pred=8250.0 ❌
    [ 482/1159]   B5 flute  | midi: gt=83 pred=83 ✅  | spn: gt=B5 pred=C6 ❌  | doremi: gt=si pred=sol ❌  | hz: gt=987.7666 pred=830.41 ❌
    [ 483/1159]   C6 flute  | midi: gt=84 pred=84 ✅  | spn: gt=C6 pred=C6 ✅  | doremi: gt=do pred=sol ❌  | hz: gt=1046.5023 pred=2400.0 ❌
    [ 484/1159]  C#6 flute  | midi: gt=85 pred=85 ✅  | spn: gt=C#6 pred=C6 ❌  | doremi: gt=do# pred=sol ❌  | hz: gt=1108.7305 pred=845.0 ❌
    [ 485/1159]   D6 flute  | midi: gt=86 pred=86 ✅  | spn: gt=D6 pred=C6 ❌  | doremi: gt=re pred=sol ❌  | hz: gt=1174.6591 pred=None ❌
    [ 486/1159]  D#6 flute  | midi: gt=87 pred=86 ❌  | spn: gt=D#6 pred=C6 ❌  | doremi: gt=re# pred=sol# ❌  | hz: gt=1244.5079 pred=8250.0 ❌
    [ 487/1159]   E6 flute  | midi: gt=88 pred=88 ✅  | spn: gt=E6 pred=C6 ❌  | doremi: gt=mi pred=sol ❌  | hz: gt=1318.5102 pred=833.33 ❌
    [ 488/1159]   F6 flute  | midi: gt=89 pred=89 ✅  | spn: gt=F6 pred=F7 ❌  | doremi: gt=fa pred=sol ❌  | hz: gt=1396.9129 pred=890.63 ❌
    [ 489/1159]   F1 trumpet  | midi: gt=29 pred=34 ❌  | spn: gt=F1 pred=F2 ❌  | doremi: gt=fa pred=fa# ❌  | hz: gt=43.6535 pred=32.7 ❌
    [ 490/1159]  F#1 trumpet  | midi: gt=30 pred=34 ❌  | spn: gt=F#1 pred=F2 ❌  | doremi: gt=fa# pred=fa# ✅  | hz: gt=46.2493 pred=32.0 ❌
    [ 491/1159]   G1 trumpet  | midi: gt=31 pred=34 ❌  | spn: gt=G1 pred=F2 ❌  | doremi: gt=sol pred=fa# ❌  | hz: gt=48.9994 pred=320.0 ❌
    [ 492/1159]  G#1 trumpet  | midi: gt=32 pred=34 ❌  | spn: gt=G#1 pred=F2 ❌  | doremi: gt=sol# pred=fa# ❌  | hz: gt=51.9131 pred=32.0 ❌
    [ 493/1159]   A1 trumpet  | midi: gt=33 pred=34 ❌  | spn: gt=A1 pred=F2 ❌  | doremi: gt=la pred=fa# ❌  | hz: gt=55.0 pred=329.63 ❌
    [ 494/1159]  A#1 trumpet  | midi: gt=34 pred=34 ✅  | spn: gt=A#1 pred=F2 ❌  | doremi: gt=la# pred=fa# ❌  | hz: gt=58.2705 pred=32.5 ❌
    [ 495/1159]   B1 trumpet  | midi: gt=35 pred=35 ✅  | spn: gt=B1 pred=A#2 ❌  | doremi: gt=si pred=fa# ❌  | hz: gt=61.7354 pred=34.0 ❌
    [ 496/1159]   C2 trumpet  | midi: gt=36 pred=36 ✅  | spn: gt=C2 pred=C2 ✅  | doremi: gt=do pred=re ❌  | hz: gt=65.4064 pred=34.0 ❌
    [ 497/1159]  C#2 trumpet  | midi: gt=37 pred=36 ❌  | spn: gt=C#2 pred=C2 ❌  | doremi: gt=do# pred=re ❌  | hz: gt=69.2957 pred=35.98 ❌
    [ 498/1159]   D2 trumpet  | midi: gt=38 pred=36 ❌  | spn: gt=D2 pred=C2 ❌  | doremi: gt=re pred=re ✅  | hz: gt=73.4162 pred=35.98 ❌
    [ 499/1159]  D#2 trumpet  | midi: gt=39 pred=38 ❌  | spn: gt=D#2 pred=C2 ❌  | doremi: gt=re# pred=re ❌  | hz: gt=77.7817 pred=350.0 ❌
    [ 500/1159]   E2 trumpet  | midi: gt=40 pred=38 ❌  | spn: gt=E2 pred=F2 ❌  | doremi: gt=mi pred=re ❌  | hz: gt=82.4069 pred=350.0 ❌
    [ 501/1159]   F2 trumpet  | midi: gt=41 pred=43 ❌  | spn: gt=F2 pred=F2 ✅  | doremi: gt=fa pred=fa# ❌  | hz: gt=87.3071 pred=340.0 ❌
    [ 502/1159]  F#2 trumpet  | midi: gt=42 pred=43 ❌  | spn: gt=F#2 pred=F3 ❌  | doremi: gt=fa# pred=fa# ✅  | hz: gt=92.4986 pred=329.63 ❌
    [ 503/1159]   G2 trumpet  | midi: gt=43 pred=43 ✅  | spn: gt=G2 pred=F2 ❌  | doremi: gt=sol pred=sol ✅  | hz: gt=97.9989 pred=435.0 ❌
    [ 504/1159]  G#2 trumpet  | midi: gt=44 pred=43 ❌  | spn: gt=G#2 pred=F#2 ❌  | doremi: gt=sol# pred=sol ❌  | hz: gt=103.8262 pred=450.0 ❌
    [ 505/1159]   A2 trumpet  | midi: gt=45 pred=34 ❌  | spn: gt=A2 pred=A3 ❌  | doremi: gt=la pred=sol ❌  | hz: gt=110.0 pred=329.63 ❌
    [ 506/1159]  A#2 trumpet  | midi: gt=46 pred=46 ✅  | spn: gt=A#2 pred=A3 ❌  | doremi: gt=la# pred=sol ❌  | hz: gt=116.5409 pred=340.0 ❌
    [ 507/1159]   B2 trumpet  | midi: gt=47 pred=45 ❌  | spn: gt=B2 pred=A#2 ❌  | doremi: gt=si pred=sol ❌  | hz: gt=123.4708 pred=340.0 ❌
    [ 508/1159]   C3 trumpet  | midi: gt=48 pred=48 ✅  | spn: gt=C3 pred=C4 ❌  | doremi: gt=do pred=sol ❌  | hz: gt=130.8128 pred=340.0 ❌
    [ 509/1159]  C#3 trumpet  | midi: gt=49 pred=49 ✅  | spn: gt=C#3 pred=C4 ❌  | doremi: gt=do# pred=sol ❌  | hz: gt=138.5913 pred=480.0 ❌
    [ 510/1159]   D3 trumpet  | midi: gt=50 pred=50 ✅  | spn: gt=D3 pred=D4 ❌  | doremi: gt=re pred=sol ❌  | hz: gt=146.8324 pred=480.0 ❌
    [ 511/1159]  D#3 trumpet  | midi: gt=51 pred=58 ❌  | spn: gt=D#3 pred=D4 ❌  | doremi: gt=re# pred=sol ❌  | hz: gt=155.5635 pred=493.88 ❌
    [ 512/1159]   E3 trumpet  | midi: gt=52 pred=52 ✅  | spn: gt=E3 pred=F4 ❌  | doremi: gt=mi pred=sol ❌  | hz: gt=164.8138 pred=405.0 ❌
    [ 513/1159]   F3 trumpet  | midi: gt=53 pred=53 ✅  | spn: gt=F3 pred=F4 ❌  | doremi: gt=fa pred=sol ❌  | hz: gt=174.6141 pred=435.0 ❌
    [ 514/1159]  F#3 trumpet  | midi: gt=54 pred=54 ✅  | spn: gt=F#3 pred=F4 ❌  | doremi: gt=fa# pred=sol ❌  | hz: gt=184.9972 pred=435.0 ❌
    [ 515/1159]   G3 trumpet  | midi: gt=55 pred=56 ❌  | spn: gt=G3 pred=F#4 ❌  | doremi: gt=sol pred=sol ✅  | hz: gt=195.9977 pred=435.0 ❌
    [ 516/1159]  G#3 trumpet  | midi: gt=56 pred=56 ✅  | spn: gt=G#3 pred=C4 ❌  | doremi: gt=sol# pred=sol ❌  | hz: gt=207.6523 pred=450.0 ❌
    [ 517/1159]   A3 trumpet  | midi: gt=57 pred=57 ✅  | spn: gt=A3 pred=A4 ❌  | doremi: gt=la pred=sol ❌  | hz: gt=220.0 pred=450.0 ❌
    [ 518/1159]  A#3 trumpet  | midi: gt=58 pred=58 ✅  | spn: gt=A#3 pred=A#5 ❌  | doremi: gt=la# pred=sol ❌  | hz: gt=233.0819 pred=4583.0 ❌
    [ 519/1159]   B3 trumpet  | midi: gt=59 pred=59 ✅  | spn: gt=B3 pred=A#4 ❌  | doremi: gt=si pred=sol ❌  | hz: gt=246.9417 pred=450.0 ❌
    [ 520/1159]   C4 trumpet  | midi: gt=60 pred=60 ✅  | spn: gt=C4 pred=C4 ✅  | doremi: gt=do pred=sol ❌  | hz: gt=261.6256 pred=435.0 ❌
    [ 521/1159]  C#4 trumpet  | midi: gt=61 pred=61 ✅  | spn: gt=C#4 pred=C4 ❌  | doremi: gt=do# pred=sol ❌  | hz: gt=277.1826 pred=480.0 ❌
    [ 522/1159]   D4 trumpet  | midi: gt=62 pred=62 ✅  | spn: gt=D4 pred=D4 ✅  | doremi: gt=re pred=sol ❌  | hz: gt=293.6648 pred=493.88 ❌
    [ 523/1159]  D#4 trumpet  | midi: gt=63 pred=63 ✅  | spn: gt=D#4 pred=D4 ❌  | doremi: gt=re# pred=sol ❌  | hz: gt=311.127 pred=630.0 ❌
    [ 524/1159]   E4 trumpet  | midi: gt=64 pred=64 ✅  | spn: gt=E4 pred=E4 ✅  | doremi: gt=mi pred=sol ❌  | hz: gt=329.6276 pred=640.0 ❌
    [ 525/1159]   F4 trumpet  | midi: gt=65 pred=65 ✅  | spn: gt=F4 pred=E4 ❌  | doremi: gt=fa pred=sol ❌  | hz: gt=349.2282 pred=659.3 ❌
    [ 526/1159]  F#4 trumpet  | midi: gt=66 pred=65 ❌  | spn: gt=F#4 pred=F#6 ❌  | doremi: gt=fa# pred=sol ❌  | hz: gt=369.9944 pred=659.32 ❌
    [ 527/1159]   G4 trumpet  | midi: gt=67 pred=67 ✅  | spn: gt=G4 pred=C6 ❌  | doremi: gt=sol pred=sol ✅  | hz: gt=391.9954 pred=435.0 ❌
    [ 528/1159]  G#4 trumpet  | midi: gt=68 pred=68 ✅  | spn: gt=G#4 pred=C6 ❌  | doremi: gt=sol# pred=sol ❌  | hz: gt=415.3047 pred=450.0 ❌
    [ 529/1159]   A4 trumpet  | midi: gt=69 pred=69 ✅  | spn: gt=A4 pred=A4 ✅  | doremi: gt=la pred=sol ❌  | hz: gt=440.0 pred=450.0 ❌
    [ 530/1159]  A#4 trumpet  | midi: gt=70 pred=69 ❌  | spn: gt=A#4 pred=A4 ❌  | doremi: gt=la# pred=sol ❌  | hz: gt=466.1638 pred=695.0 ❌
    [ 531/1159]   B4 trumpet  | midi: gt=71 pred=69 ❌  | spn: gt=B4 pred=A#6 ❌  | doremi: gt=si pred=sol ❌  | hz: gt=493.8833 pred=6950.0 ❌
    [ 532/1159]   C5 trumpet  | midi: gt=72 pred=60 ❌  | spn: gt=C5 pred=C6 ❌  | doremi: gt=do pred=sol ❌  | hz: gt=523.2511 pred=600.0 ❌
    [ 533/1159]  C#5 trumpet  | midi: gt=73 pred=73 ✅  | spn: gt=C#5 pred=C6 ❌  | doremi: gt=do# pred=sol ❌  | hz: gt=554.3653 pred=600.0 ❌
    [ 534/1159]   D5 trumpet  | midi: gt=74 pred=62 ❌  | spn: gt=D5 pred=C6 ❌  | doremi: gt=re pred=sol ❌  | hz: gt=587.3295 pred=6250.0 ❌
    [ 535/1159]  D#5 trumpet  | midi: gt=75 pred=63 ❌  | spn: gt=D#5 pred=C6 ❌  | doremi: gt=re# pred=sol ❌  | hz: gt=622.254 pred=630.0 ❌
    [ 536/1159]   E5 trumpet  | midi: gt=76 pred=69 ❌  | spn: gt=E5 pred=A#6 ❌  | doremi: gt=mi pred=sol ❌  | hz: gt=659.2551 pred=6950.0 ❌
    [ 537/1159]   F5 trumpet  | midi: gt=77 pred=69 ❌  | spn: gt=F5 pred=A#6 ❌  | doremi: gt=fa pred=sol ❌  | hz: gt=698.4565 pred=659.3 ❌
    [ 538/1159]  F#5 trumpet  | midi: gt=78 pred=78 ✅  | spn: gt=F#5 pred=B7 ❌  | doremi: gt=fa# pred=sol ❌  | hz: gt=739.9888 pred=701.0 ❌
    [ 539/1159]   G5 trumpet  | midi: gt=79 pred=69 ❌  | spn: gt=G5 pred=G6 ❌  | doremi: gt=sol pred=sol ✅  | hz: gt=783.9909 pred=6750.0 ❌
    [ 540/1159]  G#5 trumpet  | midi: gt=80 pred=80 ✅  | spn: gt=G#5 pred=G6 ❌  | doremi: gt=sol# pred=sol ❌  | hz: gt=830.6094 pred=805.0 ❌
    [ 541/1159]   A5 trumpet  | midi: gt=81 pred=81 ✅  | spn: gt=A5 pred=A7 ❌  | doremi: gt=la pred=sol ❌  | hz: gt=880.0 pred=450.0 ❌
    [ 542/1159]  A#5 trumpet  | midi: gt=82 pred=83 ❌  | spn: gt=A#5 pred=A7 ❌  | doremi: gt=la# pred=sol# ❌  | hz: gt=932.3275 pred=8250.0 ❌
    [ 543/1159]   B5 trumpet  | midi: gt=83 pred=83 ✅  | spn: gt=B5 pred=B7 ❌  | doremi: gt=si pred=sol ❌  | hz: gt=987.7666 pred=830.41 ❌
    [ 544/1159]   C6 trumpet  | midi: gt=84 pred=84 ✅  | spn: gt=C6 pred=C6 ✅  | doremi: gt=do pred=sol ❌  | hz: gt=1046.5023 pred=8400.0 ❌
    [ 545/1159]  C#6 trumpet  | midi: gt=85 pred=85 ✅  | spn: gt=C#6 pred=C6 ❌  | doremi: gt=do# pred=sol ❌  | hz: gt=1108.7305 pred=840.0 ❌
    [ 546/1159]   D6 trumpet  | midi: gt=86 pred=86 ✅  | spn: gt=D6 pred=D6 ✅  | doremi: gt=re pred=sol ❌  | hz: gt=1174.6591 pred=6250.0 ❌
    [ 547/1159]  D#6 trumpet  | midi: gt=87 pred=87 ✅  | spn: gt=D#6 pred=C6 ❌  | doremi: gt=re# pred=sol ❌  | hz: gt=1244.5079 pred=630.0 ❌
    [ 548/1159]   E6 trumpet  | midi: gt=88 pred=83 ❌  | spn: gt=E6 pred=C6 ❌  | doremi: gt=mi pred=sol ❌  | hz: gt=1318.5102 pred=8125.0 ❌
    [ 549/1159]   F6 trumpet  | midi: gt=89 pred=89 ✅  | spn: gt=F6 pred=F7 ❌  | doremi: gt=fa pred=sol ❌  | hz: gt=1396.9129 pred=8907.15 ❌
    [ 550/1159]   F1 trombone  | midi: gt=29 pred=34 ❌  | spn: gt=F1 pred=A#2 ❌  | doremi: gt=fa pred=fa# ❌  | hz: gt=43.6535 pred=320.0 ❌
    [ 551/1159]  F#1 trombone  | midi: gt=30 pred=34 ❌  | spn: gt=F#1 pred=F2 ❌  | doremi: gt=fa# pred=fa# ✅  | hz: gt=46.2493 pred=329.63 ❌
    [ 552/1159]   G1 trombone  | midi: gt=31 pred=34 ❌  | spn: gt=G1 pred=F2 ❌  | doremi: gt=sol pred=fa# ❌  | hz: gt=48.9994 pred=329.63 ❌
    [ 553/1159]  G#1 trombone  | midi: gt=32 pred=34 ❌  | spn: gt=G#1 pred=F2 ❌  | doremi: gt=sol# pred=fa# ❌  | hz: gt=51.9131 pred=329.63 ❌
    [ 554/1159]   A1 trombone  | midi: gt=33 pred=34 ❌  | spn: gt=A1 pred=F2 ❌  | doremi: gt=la pred=fa# ❌  | hz: gt=55.0 pred=329.63 ❌
    [ 555/1159]  A#1 trombone  | midi: gt=34 pred=34 ✅  | spn: gt=A#1 pred=A#2 ❌  | doremi: gt=la# pred=fa# ❌  | hz: gt=58.2705 pred=320.0 ❌
    [ 556/1159]   B1 trombone  | midi: gt=35 pred=35 ✅  | spn: gt=B1 pred=A#2 ❌  | doremi: gt=si pred=fa# ❌  | hz: gt=61.7354 pred=329.63 ❌
    [ 557/1159]   C2 trombone  | midi: gt=36 pred=35 ❌  | spn: gt=C2 pred=A#2 ❌  | doremi: gt=do pred=fa# ❌  | hz: gt=65.4064 pred=340.0 ❌
    [ 558/1159]  C#2 trombone  | midi: gt=37 pred=36 ❌  | spn: gt=C#2 pred=A#2 ❌  | doremi: gt=do# pred=fa# ❌  | hz: gt=69.2957 pred=340.0 ❌
    [ 559/1159]   D2 trombone  | midi: gt=38 pred=36 ❌  | spn: gt=D2 pred=A#2 ❌  | doremi: gt=re pred=re ✅  | hz: gt=73.4162 pred=350.0 ❌
    [ 560/1159]  D#2 trombone  | midi: gt=39 pred=36 ❌  | spn: gt=D#2 pred=A#2 ❌  | doremi: gt=re# pred=fa# ❌  | hz: gt=77.7817 pred=340.0 ❌
    [ 561/1159]   E2 trombone  | midi: gt=40 pred=38 ❌  | spn: gt=E2 pred=A#2 ❌  | doremi: gt=mi pred=fa# ❌  | hz: gt=82.4069 pred=340.0 ❌
    [ 562/1159]   F2 trombone  | midi: gt=41 pred=43 ❌  | spn: gt=F2 pred=C4 ❌  | doremi: gt=fa pred=fa# ❌  | hz: gt=87.3071 pred=340.0 ❌
    [ 563/1159]  F#2 trombone  | midi: gt=42 pred=43 ❌  | spn: gt=F#2 pred=F#2 ✅  | doremi: gt=fa# pred=fa# ✅  | hz: gt=92.4986 pred=435.0 ❌
    [ 564/1159]   G2 trombone  | midi: gt=43 pred=43 ✅  | spn: gt=G2 pred=F#2 ❌  | doremi: gt=sol pred=fa# ❌  | hz: gt=97.9989 pred=435.0 ❌
    [ 565/1159]  G#2 trombone  | midi: gt=44 pred=43 ❌  | spn: gt=G#2 pred=C4 ❌  | doremi: gt=sol# pred=sol ❌  | hz: gt=103.8262 pred=320.0 ❌
    [ 566/1159]   A2 trombone  | midi: gt=45 pred=45 ✅  | spn: gt=A2 pred=A3 ❌  | doremi: gt=la pred=sol ❌  | hz: gt=110.0 pred=340.0 ❌
    [ 567/1159]  A#2 trombone  | midi: gt=46 pred=45 ❌  | spn: gt=A#2 pred=A2 ❌  | doremi: gt=la# pred=sol ❌  | hz: gt=116.5409 pred=340.0 ❌
    [ 568/1159]   B2 trombone  | midi: gt=47 pred=45 ❌  | spn: gt=B2 pred=A#2 ❌  | doremi: gt=si pred=sol ❌  | hz: gt=123.4708 pred=340.0 ❌
    [ 569/1159]   C3 trombone  | midi: gt=48 pred=48 ✅  | spn: gt=C3 pred=C4 ❌  | doremi: gt=do pred=sol ❌  | hz: gt=130.8128 pred=480.0 ❌
    [ 570/1159]  C#3 trombone  | midi: gt=49 pred=49 ✅  | spn: gt=C#3 pred=C4 ❌  | doremi: gt=do# pred=sol ❌  | hz: gt=138.5913 pred=480.0 ❌
    [ 571/1159]   D3 trombone  | midi: gt=50 pred=50 ✅  | spn: gt=D3 pred=D2 ❌  | doremi: gt=re pred=sol ❌  | hz: gt=146.8324 pred=450.0 ❌
    [ 572/1159]  D#3 trombone  | midi: gt=51 pred=58 ❌  | spn: gt=D#3 pred=D4 ❌  | doremi: gt=re# pred=sol ❌  | hz: gt=155.5635 pred=493.88 ❌
    [ 573/1159]   E3 trombone  | midi: gt=52 pred=52 ✅  | spn: gt=E3 pred=D4 ❌  | doremi: gt=mi pred=sol ❌  | hz: gt=164.8138 pred=405.0 ❌
    [ 574/1159]   F3 trombone  | midi: gt=53 pred=53 ✅  | spn: gt=F3 pred=F4 ❌  | doremi: gt=fa pred=mi ❌  | hz: gt=174.6141 pred=530.94 ❌
    [ 575/1159]  F#3 trombone  | midi: gt=54 pred=54 ✅  | spn: gt=F#3 pred=F4 ❌  | doremi: gt=fa# pred=sol ❌  | hz: gt=184.9972 pred=420.0 ❌
    [ 576/1159]   G3 trombone  | midi: gt=55 pred=56 ❌  | spn: gt=G3 pred=G2 ❌  | doremi: gt=sol pred=sol ✅  | hz: gt=195.9977 pred=435.0 ❌
    [ 577/1159]  G#3 trombone  | midi: gt=56 pred=56 ✅  | spn: gt=G#3 pred=C4 ❌  | doremi: gt=sol# pred=sol ❌  | hz: gt=207.6523 pred=450.0 ❌
    [ 578/1159]   A3 trombone  | midi: gt=57 pred=57 ✅  | spn: gt=A3 pred=A3 ✅  | doremi: gt=la pred=sol ❌  | hz: gt=220.0 pred=450.0 ❌
    [ 579/1159]  A#3 trombone  | midi: gt=58 pred=58 ✅  | spn: gt=A#3 pred=A4 ❌  | doremi: gt=la# pred=sol ❌  | hz: gt=233.0819 pred=460.0 ❌
    [ 580/1159]   B3 trombone  | midi: gt=59 pred=59 ✅  | spn: gt=B3 pred=A#4 ❌  | doremi: gt=si pred=sol ❌  | hz: gt=246.9417 pred=475.0 ❌
    [ 581/1159]   C4 trombone  | midi: gt=60 pred=60 ✅  | spn: gt=C4 pred=C4 ✅  | doremi: gt=do pred=sol ❌  | hz: gt=261.6256 pred=60.0 ❌
    [ 582/1159]  C#4 trombone  | midi: gt=61 pred=63 ❌  | spn: gt=C#4 pred=C4 ❌  | doremi: gt=do# pred=sol ❌  | hz: gt=277.1826 pred=605.0 ❌
    [ 583/1159]   D4 trombone  | midi: gt=62 pred=62 ✅  | spn: gt=D4 pred=C4 ❌  | doremi: gt=re pred=sol ❌  | hz: gt=293.6648 pred=493.88 ❌
    [ 584/1159]  D#4 trombone  | midi: gt=63 pred=63 ✅  | spn: gt=D#4 pred=C4 ❌  | doremi: gt=re# pred=sol ❌  | hz: gt=311.127 pred=635.0 ❌
    [ 585/1159]   E4 trombone  | midi: gt=64 pred=64 ✅  | spn: gt=E4 pred=C4 ❌  | doremi: gt=mi pred=sol ❌  | hz: gt=329.6276 pred=640.0 ❌
    [ 586/1159]   F4 trombone  | midi: gt=65 pred=65 ✅  | spn: gt=F4 pred=F4 ✅  | doremi: gt=fa pred=sol ❌  | hz: gt=349.2282 pred=659.3 ❌
    [ 587/1159]  F#4 trombone  | midi: gt=66 pred=66 ✅  | spn: gt=F#4 pred=C6 ❌  | doremi: gt=fa# pred=sol ❌  | hz: gt=369.9944 pred=659.32 ❌
    [ 588/1159]   G4 trombone  | midi: gt=67 pred=67 ✅  | spn: gt=G4 pred=C4 ❌  | doremi: gt=sol pred=sol ✅  | hz: gt=391.9954 pred=435.0 ❌
    [ 589/1159]  G#4 trombone  | midi: gt=68 pred=68 ✅  | spn: gt=G#4 pred=C6 ❌  | doremi: gt=sol# pred=sol ❌  | hz: gt=415.3047 pred=680.0 ❌
    [ 590/1159]   A4 trombone  | midi: gt=69 pred=69 ✅  | spn: gt=A4 pred=A4 ✅  | doremi: gt=la pred=sol ❌  | hz: gt=440.0 pred=450.0 ❌
    [ 591/1159]  A#4 trombone  | midi: gt=70 pred=69 ❌  | spn: gt=A#4 pred=A#6 ❌  | doremi: gt=la# pred=sol ❌  | hz: gt=466.1638 pred=695.0 ❌
    [ 592/1159]   B4 trombone  | midi: gt=71 pred=69 ❌  | spn: gt=B4 pred=A#6 ❌  | doremi: gt=si pred=sol ❌  | hz: gt=493.8833 pred=680.0 ❌
    [ 593/1159]   C5 trombone  | midi: gt=72 pred=68 ❌  | spn: gt=C5 pred=C6 ❌  | doremi: gt=do pred=sol ❌  | hz: gt=523.2511 pred=600.0 ❌
    [ 594/1159]  C#5 trombone  | midi: gt=73 pred=68 ❌  | spn: gt=C#5 pred=C6 ❌  | doremi: gt=do# pred=sol ❌  | hz: gt=554.3653 pred=6750.0 ❌
    [ 595/1159]   D5 trombone  | midi: gt=74 pred=69 ❌  | spn: gt=D5 pred=C6 ❌  | doremi: gt=re pred=sol ❌  | hz: gt=587.3295 pred=493.88 ❌
    [ 596/1159]  D#5 trombone  | midi: gt=75 pred=69 ❌  | spn: gt=D#5 pred=A#6 ❌  | doremi: gt=re# pred=sol ❌  | hz: gt=622.254 pred=695.0 ❌
    [ 597/1159]   E5 trombone  | midi: gt=76 pred=69 ❌  | spn: gt=E5 pred=A#6 ❌  | doremi: gt=mi pred=sol ❌  | hz: gt=659.2551 pred=695.0 ❌
    [ 598/1159]   F5 trombone  | midi: gt=77 pred=69 ❌  | spn: gt=F5 pred=C6 ❌  | doremi: gt=fa pred=sol ❌  | hz: gt=698.4565 pred=659.3 ❌
    [ 599/1159]  F#5 trombone  | midi: gt=78 pred=68 ❌  | spn: gt=F#5 pred=A#6 ❌  | doremi: gt=fa# pred=sol ❌  | hz: gt=739.9888 pred=659.3 ❌
    [ 600/1159]   G5 trombone  | midi: gt=79 pred=69 ❌  | spn: gt=G5 pred=C6 ❌  | doremi: gt=sol pred=sol ✅  | hz: gt=783.9909 pred=659.3 ❌
    [ 601/1159]  G#5 trombone  | midi: gt=80 pred=80 ✅  | spn: gt=G#5 pred=C6 ❌  | doremi: gt=sol# pred=sol ❌  | hz: gt=830.6094 pred=805.0 ❌
    [ 602/1159]   A5 trombone  | midi: gt=81 pred=69 ❌  | spn: gt=A5 pred=C6 ❌  | doremi: gt=la pred=sol ❌  | hz: gt=880.0 pred=453.06 ❌
    [ 603/1159]  A#5 trombone  | midi: gt=82 pred=83 ❌  | spn: gt=A#5 pred=C6 ❌  | doremi: gt=la# pred=sol ❌  | hz: gt=932.3275 pred=8250.0 ❌
    [ 604/1159]   B5 trombone  | midi: gt=83 pred=83 ✅  | spn: gt=B5 pred=A#6 ❌  | doremi: gt=si pred=sol ❌  | hz: gt=987.7666 pred=830.61 ❌
    [ 605/1159]   C6 trombone  | midi: gt=84 pred=84 ✅  | spn: gt=C6 pred=C6 ✅  | doremi: gt=do pred=sol ❌  | hz: gt=1046.5023 pred=840.0 ❌
    [ 606/1159]  C#6 trombone  | midi: gt=85 pred=84 ❌  | spn: gt=C#6 pred=C6 ❌  | doremi: gt=do# pred=sol ❌  | hz: gt=1108.7305 pred=840.0 ❌
    [ 607/1159]   D6 trombone  | midi: gt=86 pred=69 ❌  | spn: gt=D6 pred=C6 ❌  | doremi: gt=re pred=sol ❌  | hz: gt=1174.6591 pred=6250.0 ❌
    [ 608/1159]  D#6 trombone  | midi: gt=87 pred=85 ❌  | spn: gt=D#6 pred=C6 ❌  | doremi: gt=re# pred=sol# ❌  | hz: gt=1244.5079 pred=750.0 ❌
    [ 609/1159]   E6 trombone  | midi: gt=88 pred=69 ❌  | spn: gt=E6 pred=A#6 ❌  | doremi: gt=mi pred=sol ❌  | hz: gt=1318.5102 pred=6950.0 ❌
    [ 610/1159]   F6 trombone  | midi: gt=89 pred=89 ✅  | spn: gt=F6 pred=C6 ❌  | doremi: gt=fa pred=sol ❌  | hz: gt=1396.9129 pred=659.3 ❌
    [ 611/1159]   F1 clarinet  | midi: gt=29 pred=35 ❌  | spn: gt=F1 pred=C2 ❌  | doremi: gt=fa pred=fa# ❌  | hz: gt=43.6535 pred=1250.0 ❌
    [ 612/1159]  F#1 clarinet  | midi: gt=30 pred=35 ❌  | spn: gt=F#1 pred=C2 ❌  | doremi: gt=fa# pred=fa# ✅  | hz: gt=46.2493 pred=130.81 ❌
    [ 613/1159]   G1 clarinet  | midi: gt=31 pred=35 ❌  | spn: gt=G1 pred=C2 ❌  | doremi: gt=sol pred=fa# ❌  | hz: gt=48.9994 pred=107.65 ❌
    [ 614/1159]  G#1 clarinet  | midi: gt=32 pred=36 ❌  | spn: gt=G#1 pred=A#2 ❌  | doremi: gt=sol# pred=fa# ❌  | hz: gt=51.9131 pred=107.85 ❌
    [ 615/1159]   A1 clarinet  | midi: gt=33 pred=35 ❌  | spn: gt=A1 pred=C2 ❌  | doremi: gt=la pred=fa# ❌  | hz: gt=55.0 pred=107.65 ❌
    [ 616/1159]  A#1 clarinet  | midi: gt=34 pred=36 ❌  | spn: gt=A#1 pred=C2 ❌  | doremi: gt=la# pred=fa# ❌  | hz: gt=58.2705 pred=130.81 ❌
    [ 617/1159]   B1 clarinet  | midi: gt=35 pred=35 ✅  | spn: gt=B1 pred=C2 ❌  | doremi: gt=si pred=fa# ❌  | hz: gt=61.7354 pred=130.81 ❌
    [ 618/1159]   C2 clarinet  | midi: gt=36 pred=63 ❌  | spn: gt=C2 pred=C6 ❌  | doremi: gt=do pred=fa# ❌  | hz: gt=65.4064 pred=107.85 ❌
    [ 619/1159]  C#2 clarinet  | midi: gt=37 pred=36 ❌  | spn: gt=C#2 pred=C6 ❌  | doremi: gt=do# pred=fa# ❌  | hz: gt=69.2957 pred=130.81 ❌
    [ 620/1159]   D2 clarinet  | midi: gt=38 pred=36 ❌  | spn: gt=D2 pred=C2 ❌  | doremi: gt=re pred=fa# ❌  | hz: gt=73.4162 pred=120.0 ❌
    [ 621/1159]  D#2 clarinet  | midi: gt=39 pred=43 ❌  | spn: gt=D#2 pred=C6 ❌  | doremi: gt=re# pred=fa# ❌  | hz: gt=77.7817 pred=105.26 ❌
    [ 622/1159]   E2 clarinet  | midi: gt=40 pred=43 ❌  | spn: gt=E2 pred=C6 ❌  | doremi: gt=mi pred=fa# ❌  | hz: gt=82.4069 pred=107.85 ❌
    [ 623/1159]   F2 clarinet  | midi: gt=41 pred=43 ❌  | spn: gt=F2 pred=C6 ❌  | doremi: gt=fa pred=fa# ❌  | hz: gt=87.3071 pred=107.65 ❌
    [ 624/1159]  F#2 clarinet  | midi: gt=42 pred=43 ❌  | spn: gt=F#2 pred=C4 ❌  | doremi: gt=fa# pred=fa# ✅  | hz: gt=92.4986 pred=120.0 ❌
    [ 625/1159]   G2 clarinet  | midi: gt=43 pred=43 ✅  | spn: gt=G2 pred=C4 ❌  | doremi: gt=sol pred=fa# ❌  | hz: gt=97.9989 pred=340.0 ❌
    [ 626/1159]  G#2 clarinet  | midi: gt=44 pred=43 ❌  | spn: gt=G#2 pred=C4 ❌  | doremi: gt=sol# pred=fa# ❌  | hz: gt=103.8262 pred=450.0 ❌
    [ 627/1159]   A2 clarinet  | midi: gt=45 pred=45 ✅  | spn: gt=A2 pred=C4 ❌  | doremi: gt=la pred=fa# ❌  | hz: gt=110.0 pred=261.63 ❌
    [ 628/1159]  A#2 clarinet  | midi: gt=46 pred=45 ❌  | spn: gt=A#2 pred=A#2 ✅  | doremi: gt=la# pred=fa# ❌  | hz: gt=116.5409 pred=1650.0 ❌
    [ 629/1159]   B2 clarinet  | midi: gt=47 pred=45 ❌  | spn: gt=B2 pred=C6 ❌  | doremi: gt=si pred=fa# ❌  | hz: gt=123.4708 pred=160.0 ❌
    [ 630/1159]   C3 clarinet  | midi: gt=48 pred=48 ✅  | spn: gt=C3 pred=C4 ❌  | doremi: gt=do pred=fa# ❌  | hz: gt=130.8128 pred=261.63 ❌
    [ 631/1159]  C#3 clarinet  | midi: gt=49 pred=48 ❌  | spn: gt=C#3 pred=C4 ❌  | doremi: gt=do# pred=fa# ❌  | hz: gt=138.5913 pred=261.63 ❌
    [ 632/1159]   D3 clarinet  | midi: gt=50 pred=54 ❌  | spn: gt=D3 pred=C4 ❌  | doremi: gt=re pred=fa# ❌  | hz: gt=146.8324 pred=450.0 ❌
    [ 633/1159]  D#3 clarinet  | midi: gt=51 pred=58 ❌  | spn: gt=D#3 pred=C4 ❌  | doremi: gt=re# pred=fa# ❌  | hz: gt=155.5635 pred=450.0 ❌
    [ 634/1159]   E3 clarinet  | midi: gt=52 pred=53 ❌  | spn: gt=E3 pred=C4 ❌  | doremi: gt=mi pred=fa# ❌  | hz: gt=164.8138 pred=450.0 ❌
    [ 635/1159]   F3 clarinet  | midi: gt=53 pred=53 ✅  | spn: gt=F3 pred=C4 ❌  | doremi: gt=fa pred=sol ❌  | hz: gt=174.6141 pred=450.0 ❌
    [ 636/1159]  F#3 clarinet  | midi: gt=54 pred=54 ✅  | spn: gt=F#3 pred=C4 ❌  | doremi: gt=fa# pred=fa# ✅  | hz: gt=184.9972 pred=450.0 ❌
    [ 637/1159]   G3 clarinet  | midi: gt=55 pred=56 ❌  | spn: gt=G3 pred=C4 ❌  | doremi: gt=sol pred=sol ✅  | hz: gt=195.9977 pred=450.0 ❌
    [ 638/1159]  G#3 clarinet  | midi: gt=56 pred=56 ✅  | spn: gt=G#3 pred=C4 ❌  | doremi: gt=sol# pred=fa# ❌  | hz: gt=207.6523 pred=450.0 ❌
    [ 639/1159]   A3 clarinet  | midi: gt=57 pred=58 ❌  | spn: gt=A3 pred=C6 ❌  | doremi: gt=la pred=fa# ❌  | hz: gt=220.0 pred=450.0 ❌
    [ 640/1159]  A#3 clarinet  | midi: gt=58 pred=69 ❌  | spn: gt=A#3 pred=None ❌  | doremi: gt=la# pred=fa# ❌  | hz: gt=233.0819 pred=450.0 ❌
    [ 641/1159]   B3 clarinet  | midi: gt=59 pred=64 ❌  | spn: gt=B3 pred=A#6 ❌  | doremi: gt=si pred=fa# ❌  | hz: gt=246.9417 pred=450.0 ❌
    [ 642/1159]   C4 clarinet  | midi: gt=60 pred=65 ❌  | spn: gt=C4 pred=C6 ❌  | doremi: gt=do pred=sol ❌  | hz: gt=261.6256 pred=450.0 ❌
    [ 643/1159]  C#4 clarinet  | midi: gt=61 pred=68 ❌  | spn: gt=C#4 pred=C6 ❌  | doremi: gt=do# pred=sol ❌  | hz: gt=277.1826 pred=480.0 ❌
    [ 644/1159]   D4 clarinet  | midi: gt=62 pred=69 ❌  | spn: gt=D4 pred=D6 ❌  | doremi: gt=re pred=sol ❌  | hz: gt=293.6648 pred=450.0 ❌
    [ 645/1159]  D#4 clarinet  | midi: gt=63 pred=69 ❌  | spn: gt=D#4 pred=C6 ❌  | doremi: gt=re# pred=sol ❌  | hz: gt=311.127 pred=680.53 ❌
    [ 646/1159]   E4 clarinet  | midi: gt=64 pred=69 ❌  | spn: gt=E4 pred=C6 ❌  | doremi: gt=mi pred=sol ❌  | hz: gt=329.6276 pred=640.0 ❌
    [ 647/1159]   F4 clarinet  | midi: gt=65 pred=65 ✅  | spn: gt=F4 pred=C6 ❌  | doremi: gt=fa pred=sol ❌  | hz: gt=349.2282 pred=435.0 ❌
    [ 648/1159]  F#4 clarinet  | midi: gt=66 pred=65 ❌  | spn: gt=F#4 pred=C6 ❌  | doremi: gt=fa# pred=sol ❌  | hz: gt=369.9944 pred=450.0 ❌
    [ 649/1159]   G4 clarinet  | midi: gt=67 pred=68 ❌  | spn: gt=G4 pred=C6 ❌  | doremi: gt=sol pred=sol ✅  | hz: gt=391.9954 pred=435.0 ❌
    [ 650/1159]  G#4 clarinet  | midi: gt=68 pred=68 ✅  | spn: gt=G#4 pred=C6 ❌  | doremi: gt=sol# pred=sol ❌  | hz: gt=415.3047 pred=450.0 ❌
    [ 651/1159]   A4 clarinet  | midi: gt=69 pred=69 ✅  | spn: gt=A4 pred=A4 ✅  | doremi: gt=la pred=sol ❌  | hz: gt=440.0 pred=450.0 ❌
    [ 652/1159]  A#4 clarinet  | midi: gt=70 pred=69 ❌  | spn: gt=A#4 pred=A#4 ✅  | doremi: gt=la# pred=mi ❌  | hz: gt=466.1638 pred=695.0 ❌
    [ 653/1159]   B4 clarinet  | midi: gt=71 pred=69 ❌  | spn: gt=B4 pred=C6 ❌  | doremi: gt=si pred=sol ❌  | hz: gt=493.8833 pred=659.34 ❌
    [ 654/1159]   C5 clarinet  | midi: gt=72 pred=68 ❌  | spn: gt=C5 pred=C6 ❌  | doremi: gt=do pred=sol ❌  | hz: gt=523.2511 pred=480.0 ❌
    [ 655/1159]  C#5 clarinet  | midi: gt=73 pred=68 ❌  | spn: gt=C#5 pred=C6 ❌  | doremi: gt=do# pred=sol ❌  | hz: gt=554.3653 pred=605.0 ❌
    [ 656/1159]   D5 clarinet  | midi: gt=74 pred=69 ❌  | spn: gt=D5 pred=C6 ❌  | doremi: gt=re pred=sol ❌  | hz: gt=587.3295 pred=625.0 ❌
    [ 657/1159]  D#5 clarinet  | midi: gt=75 pred=69 ❌  | spn: gt=D#5 pred=C6 ❌  | doremi: gt=re# pred=sol ❌  | hz: gt=622.254 pred=625.0 ✅
    [ 658/1159]   E5 clarinet  | midi: gt=76 pred=68 ❌  | spn: gt=E5 pred=C6 ❌  | doremi: gt=mi pred=sol ❌  | hz: gt=659.2551 pred=640.0 ❌
    [ 659/1159]   F5 clarinet  | midi: gt=77 pred=69 ❌  | spn: gt=F5 pred=C6 ❌  | doremi: gt=fa pred=sol ❌  | hz: gt=698.4565 pred=659.32 ❌
    [ 660/1159]  F#5 clarinet  | midi: gt=78 pred=68 ❌  | spn: gt=F#5 pred=F6 ❌  | doremi: gt=fa# pred=sol# ❌  | hz: gt=739.9888 pred=659.32 ❌
    [ 661/1159]   G5 clarinet  | midi: gt=79 pred=68 ❌  | spn: gt=G5 pred=C6 ❌  | doremi: gt=sol pred=sol ✅  | hz: gt=783.9909 pred=6750.0 ❌
    [ 662/1159]  G#5 clarinet  | midi: gt=80 pred=68 ❌  | spn: gt=G#5 pred=C6 ❌  | doremi: gt=sol# pred=sol# ✅  | hz: gt=830.6094 pred=805.0 ❌
    [ 663/1159]   A5 clarinet  | midi: gt=81 pred=69 ❌  | spn: gt=A5 pred=C6 ❌  | doremi: gt=la pred=sol ❌  | hz: gt=880.0 pred=659.28 ❌
    [ 664/1159]  A#5 clarinet  | midi: gt=82 pred=83 ❌  | spn: gt=A#5 pred=C6 ❌  | doremi: gt=la# pred=sol# ❌  | hz: gt=932.3275 pred=825.0 ❌
    [ 665/1159]   B5 clarinet  | midi: gt=83 pred=68 ❌  | spn: gt=B5 pred=C6 ❌  | doremi: gt=si pred=sol# ❌  | hz: gt=987.7666 pred=8250.0 ❌
    [ 666/1159]   C6 clarinet  | midi: gt=84 pred=68 ❌  | spn: gt=C6 pred=C6 ✅  | doremi: gt=do pred=sol ❌  | hz: gt=1046.5023 pred=605.0 ❌
    [ 667/1159]  C#6 clarinet  | midi: gt=85 pred=84 ❌  | spn: gt=C#6 pred=C6 ❌  | doremi: gt=do# pred=sol# ❌  | hz: gt=1108.7305 pred=605.0 ❌
    [ 668/1159]   D6 clarinet  | midi: gt=86 pred=68 ❌  | spn: gt=D6 pred=C6 ❌  | doremi: gt=re pred=sol ❌  | hz: gt=1174.6591 pred=480.0 ❌
    [ 669/1159]  D#6 clarinet  | midi: gt=87 pred=83 ❌  | spn: gt=D#6 pred=D6 ❌  | doremi: gt=re# pred=sol# ❌  | hz: gt=1244.5079 pred=1605.32 ❌
    [ 670/1159]   E6 clarinet  | midi: gt=88 pred=88 ✅  | spn: gt=E6 pred=C6 ❌  | doremi: gt=mi pred=sol ❌  | hz: gt=1318.5102 pred=640.0 ❌
    [ 671/1159]   F6 clarinet  | midi: gt=89 pred=68 ❌  | spn: gt=F6 pred=C6 ❌  | doremi: gt=fa pred=sol ❌  | hz: gt=1396.9129 pred=659.3 ❌
    [ 672/1159]   F1 oboe  | midi: gt=29 pred=35 ❌  | spn: gt=F1 pred=A#2 ❌  | doremi: gt=fa pred=fa# ❌  | hz: gt=43.6535 pred=213.04 ❌
    [ 673/1159]  F#1 oboe  | midi: gt=30 pred=34 ❌  | spn: gt=F#1 pred=A#2 ❌  | doremi: gt=fa# pred=fa# ✅  | hz: gt=46.2493 pred=210.0 ❌
    [ 674/1159]   G1 oboe  | midi: gt=31 pred=34 ❌  | spn: gt=G1 pred=A#2 ❌  | doremi: gt=sol pred=fa# ❌  | hz: gt=48.9994 pred=130.81 ❌
    [ 675/1159]  G#1 oboe  | midi: gt=32 pred=34 ❌  | spn: gt=G#1 pred=A#2 ❌  | doremi: gt=sol# pred=fa# ❌  | hz: gt=51.9131 pred=105.26 ❌
    [ 676/1159]   A1 oboe  | midi: gt=33 pred=34 ❌  | spn: gt=A1 pred=A#2 ❌  | doremi: gt=la pred=fa# ❌  | hz: gt=55.0 pred=32.0 ❌
    [ 677/1159]  A#1 oboe  | midi: gt=34 pred=35 ❌  | spn: gt=A#1 pred=C2 ❌  | doremi: gt=la# pred=fa# ❌  | hz: gt=58.2705 pred=213.04 ❌
    [ 678/1159]   B1 oboe  | midi: gt=35 pred=36 ❌  | spn: gt=B1 pred=C2 ❌  | doremi: gt=si pred=fa# ❌  | hz: gt=61.7354 pred=21.43 ❌
    [ 679/1159]   C2 oboe  | midi: gt=36 pred=36 ✅  | spn: gt=C2 pred=C2 ✅  | doremi: gt=do pred=fa# ❌  | hz: gt=65.4064 pred=25.0 ❌
    [ 680/1159]  C#2 oboe  | midi: gt=37 pred=36 ❌  | spn: gt=C#2 pred=C2 ❌  | doremi: gt=do# pred=re ❌  | hz: gt=69.2957 pred=340.0 ❌
    [ 681/1159]   D2 oboe  | midi: gt=38 pred=36 ❌  | spn: gt=D2 pred=C2 ❌  | doremi: gt=re pred=fa# ❌  | hz: gt=73.4162 pred=340.0 ❌
    [ 682/1159]  D#2 oboe  | midi: gt=39 pred=38 ❌  | spn: gt=D#2 pred=C2 ❌  | doremi: gt=re# pred=fa# ❌  | hz: gt=77.7817 pred=250.0 ❌
    [ 683/1159]   E2 oboe  | midi: gt=40 pred=38 ❌  | spn: gt=E2 pred=C2 ❌  | doremi: gt=mi pred=fa# ❌  | hz: gt=82.4069 pred=34.0 ❌
    [ 684/1159]   F2 oboe  | midi: gt=41 pred=38 ❌  | spn: gt=F2 pred=E2 ❌  | doremi: gt=fa pred=fa# ❌  | hz: gt=87.3071 pred=340.0 ❌
    [ 685/1159]  F#2 oboe  | midi: gt=42 pred=38 ❌  | spn: gt=F#2 pred=E2 ❌  | doremi: gt=fa# pred=fa# ✅  | hz: gt=92.4986 pred=105.26 ❌
    [ 686/1159]   G2 oboe  | midi: gt=43 pred=43 ✅  | spn: gt=G2 pred=C2 ❌  | doremi: gt=sol pred=sol ✅  | hz: gt=97.9989 pred=130.81 ❌
    [ 687/1159]  G#2 oboe  | midi: gt=44 pred=43 ❌  | spn: gt=G#2 pred=C2 ❌  | doremi: gt=sol# pred=fa# ❌  | hz: gt=103.8262 pred=435.0 ❌
    [ 688/1159]   A2 oboe  | midi: gt=45 pred=45 ✅  | spn: gt=A2 pred=A2 ✅  | doremi: gt=la pred=fa# ❌  | hz: gt=110.0 pred=450.0 ❌
    [ 689/1159]  A#2 oboe  | midi: gt=46 pred=45 ❌  | spn: gt=A#2 pred=A3 ❌  | doremi: gt=la# pred=fa# ❌  | hz: gt=116.5409 pred=450.0 ❌
    [ 690/1159]   B2 oboe  | midi: gt=47 pred=45 ❌  | spn: gt=B2 pred=C2 ❌  | doremi: gt=si pred=fa# ❌  | hz: gt=123.4708 pred=130.81 ❌
    [ 691/1159]   C3 oboe  | midi: gt=48 pred=48 ✅  | spn: gt=C3 pred=C2 ❌  | doremi: gt=do pred=sol ❌  | hz: gt=130.8128 pred=480.0 ❌
    [ 692/1159]  C#3 oboe  | midi: gt=49 pred=49 ✅  | spn: gt=C#3 pred=C2 ❌  | doremi: gt=do# pred=fa# ❌  | hz: gt=138.5913 pred=48.0 ❌
    [ 693/1159]   D3 oboe  | midi: gt=50 pred=48 ❌  | spn: gt=D3 pred=D2 ❌  | doremi: gt=re pred=sol ❌  | hz: gt=146.8324 pred=480.0 ❌
    [ 694/1159]  D#3 oboe  | midi: gt=51 pred=49 ❌  | spn: gt=D#3 pred=C2 ❌  | doremi: gt=re# pred=sol ❌  | hz: gt=155.5635 pred=49.0 ❌
    [ 695/1159]   E3 oboe  | midi: gt=52 pred=40 ❌  | spn: gt=E3 pred=E2 ❌  | doremi: gt=mi pred=fa# ❌  | hz: gt=164.8138 pred=40.0 ❌
    [ 696/1159]   F3 oboe  | midi: gt=53 pred=45 ❌  | spn: gt=F3 pred=E3 ❌  | doremi: gt=fa pred=sol ❌  | hz: gt=174.6141 pred=435.0 ❌
    [ 697/1159]  F#3 oboe  | midi: gt=54 pred=43 ❌  | spn: gt=F#3 pred=F#3 ✅  | doremi: gt=fa# pred=sol ❌  | hz: gt=184.9972 pred=420.0 ❌
    [ 698/1159]   G3 oboe  | midi: gt=55 pred=43 ❌  | spn: gt=G3 pred=C4 ❌  | doremi: gt=sol pred=sol ✅  | hz: gt=195.9977 pred=435.0 ❌
    [ 699/1159]  G#3 oboe  | midi: gt=56 pred=56 ✅  | spn: gt=G#3 pred=C4 ❌  | doremi: gt=sol# pred=sol ❌  | hz: gt=207.6523 pred=435.0 ❌
    [ 700/1159]   A3 oboe  | midi: gt=57 pred=45 ❌  | spn: gt=A3 pred=A3 ✅  | doremi: gt=la pred=sol ❌  | hz: gt=220.0 pred=450.0 ❌
    [ 701/1159]  A#3 oboe  | midi: gt=58 pred=58 ✅  | spn: gt=A#3 pred=A4 ❌  | doremi: gt=la# pred=sol ❌  | hz: gt=233.0819 pred=456.0 ❌
    [ 702/1159]   B3 oboe  | midi: gt=59 pred=59 ✅  | spn: gt=B3 pred=A#4 ❌  | doremi: gt=si pred=sol ❌  | hz: gt=246.9417 pred=475.0 ❌
    [ 703/1159]   C4 oboe  | midi: gt=60 pred=60 ✅  | spn: gt=C4 pred=C6 ❌  | doremi: gt=do pred=sol ❌  | hz: gt=261.6256 pred=480.0 ❌
    [ 704/1159]  C#4 oboe  | midi: gt=61 pred=68 ❌  | spn: gt=C#4 pred=C6 ❌  | doremi: gt=do# pred=sol ❌  | hz: gt=277.1826 pred=6750.0 ❌
    [ 705/1159]   D4 oboe  | midi: gt=62 pred=62 ✅  | spn: gt=D4 pred=D6 ❌  | doremi: gt=re pred=sol ❌  | hz: gt=293.6648 pred=250.0 ❌
    [ 706/1159]  D#4 oboe  | midi: gt=63 pred=63 ✅  | spn: gt=D#4 pred=D6 ❌  | doremi: gt=re# pred=sol ❌  | hz: gt=311.127 pred=625.0 ❌
    [ 707/1159]   E4 oboe  | midi: gt=64 pred=64 ✅  | spn: gt=E4 pred=E4 ✅  | doremi: gt=mi pred=sol ❌  | hz: gt=329.6276 pred=640.0 ❌
    [ 708/1159]   F4 oboe  | midi: gt=65 pred=65 ✅  | spn: gt=F4 pred=C6 ❌  | doremi: gt=fa pred=sol ❌  | hz: gt=349.2282 pred=659.32 ❌
    [ 709/1159]  F#4 oboe  | midi: gt=66 pred=65 ❌  | spn: gt=F#4 pred=C6 ❌  | doremi: gt=fa# pred=sol ❌  | hz: gt=369.9944 pred=659.32 ❌
    [ 710/1159]   G4 oboe  | midi: gt=67 pred=67 ✅  | spn: gt=G4 pred=C6 ❌  | doremi: gt=sol pred=sol ✅  | hz: gt=391.9954 pred=6750.0 ❌
    [ 711/1159]  G#4 oboe  | midi: gt=68 pred=68 ✅  | spn: gt=G#4 pred=C6 ❌  | doremi: gt=sol# pred=sol ❌  | hz: gt=415.3047 pred=680.0 ❌
    [ 712/1159]   A4 oboe  | midi: gt=69 pred=69 ✅  | spn: gt=A4 pred=A4 ✅  | doremi: gt=la pred=sol ❌  | hz: gt=440.0 pred=693.0 ❌
    [ 713/1159]  A#4 oboe  | midi: gt=70 pred=69 ❌  | spn: gt=A#4 pred=C6 ❌  | doremi: gt=la# pred=sol ❌  | hz: gt=466.1638 pred=695.0 ❌
    [ 714/1159]   B4 oboe  | midi: gt=71 pred=68 ❌  | spn: gt=B4 pred=C6 ❌  | doremi: gt=si pred=sol ❌  | hz: gt=493.8833 pred=681.05 ❌
    [ 715/1159]   C5 oboe  | midi: gt=72 pred=68 ❌  | spn: gt=C5 pred=C6 ❌  | doremi: gt=do pred=sol ❌  | hz: gt=523.2511 pred=600.0 ❌
    [ 716/1159]  C#5 oboe  | midi: gt=73 pred=73 ✅  | spn: gt=C#5 pred=C6 ❌  | doremi: gt=do# pred=sol ❌  | hz: gt=554.3653 pred=6750.0 ❌
    [ 717/1159]   D5 oboe  | midi: gt=74 pred=62 ❌  | spn: gt=D5 pred=C6 ❌  | doremi: gt=re pred=sol ❌  | hz: gt=587.3295 pred=6250.0 ❌
    [ 718/1159]  D#5 oboe  | midi: gt=75 pred=74 ❌  | spn: gt=D#5 pred=C6 ❌  | doremi: gt=re# pred=sol ❌  | hz: gt=622.254 pred=6250.0 ❌
    [ 719/1159]   E5 oboe  | midi: gt=76 pred=83 ❌  | spn: gt=E5 pred=C6 ❌  | doremi: gt=mi pred=sol ❌  | hz: gt=659.2551 pred=700.0 ❌
    [ 720/1159]   F5 oboe  | midi: gt=77 pred=89 ❌  | spn: gt=F5 pred=C6 ❌  | doremi: gt=fa pred=sol ❌  | hz: gt=698.4565 pred=8125.0 ❌
    [ 721/1159]  F#5 oboe  | midi: gt=78 pred=78 ✅  | spn: gt=F#5 pred=C6 ❌  | doremi: gt=fa# pred=sol ❌  | hz: gt=739.9888 pred=701.0 ❌
    [ 722/1159]   G5 oboe  | midi: gt=79 pred=69 ❌  | spn: gt=G5 pred=G6 ❌  | doremi: gt=sol pred=sol ✅  | hz: gt=783.9909 pred=6750.0 ❌
    [ 723/1159]  G#5 oboe  | midi: gt=80 pred=80 ✅  | spn: gt=G#5 pred=G6 ❌  | doremi: gt=sol# pred=sol ❌  | hz: gt=830.6094 pred=805.0 ❌
    [ 724/1159]   A5 oboe  | midi: gt=81 pred=81 ✅  | spn: gt=A5 pred=A6 ❌  | doremi: gt=la pred=sol ❌  | hz: gt=880.0 pred=8105.0 ❌
    [ 725/1159]  A#5 oboe  | midi: gt=82 pred=83 ❌  | spn: gt=A#5 pred=C6 ❌  | doremi: gt=la# pred=sol# ❌  | hz: gt=932.3275 pred=8250.0 ❌
    [ 726/1159]   B5 oboe  | midi: gt=83 pred=83 ✅  | spn: gt=B5 pred=C6 ❌  | doremi: gt=si pred=sol ❌  | hz: gt=987.7666 pred=833.33 ❌
    [ 727/1159]   C6 oboe  | midi: gt=84 pred=84 ✅  | spn: gt=C6 pred=C6 ✅  | doremi: gt=do pred=sol ❌  | hz: gt=1046.5023 pred=800.0 ❌
    [ 728/1159]  C#6 oboe  | midi: gt=85 pred=85 ✅  | spn: gt=C#6 pred=C6 ❌  | doremi: gt=do# pred=sol ❌  | hz: gt=1108.7305 pred=8450.0 ❌
    [ 729/1159]   D6 oboe  | midi: gt=86 pred=86 ✅  | spn: gt=D6 pred=C6 ❌  | doremi: gt=re pred=sol ❌  | hz: gt=1174.6591 pred=None ❌
    [ 730/1159]  D#6 oboe  | midi: gt=87 pred=87 ✅  | spn: gt=D#6 pred=C6 ❌  | doremi: gt=re# pred=sol# ❌  | hz: gt=1244.5079 pred=857.14 ❌
    [ 731/1159]   E6 oboe  | midi: gt=88 pred=88 ✅  | spn: gt=E6 pred=E6 ✅  | doremi: gt=mi pred=sol ❌  | hz: gt=1318.5102 pred=800.0 ❌
    [ 732/1159]   F6 oboe  | midi: gt=89 pred=89 ✅  | spn: gt=F6 pred=E6 ❌  | doremi: gt=fa pred=sol ❌  | hz: gt=1396.9129 pred=8905.32 ❌
    [ 733/1159]   F1 violin  | midi: gt=29 pred=36 ❌  | spn: gt=F1 pred=A#2 ❌  | doremi: gt=fa pred=la ❌  | hz: gt=43.6535 pred=25.0 ❌
    [ 734/1159]  F#1 violin  | midi: gt=30 pred=34 ❌  | spn: gt=F#1 pred=A2 ❌  | doremi: gt=fa# pred=re ❌  | hz: gt=46.2493 pred=28.13 ❌
    [ 735/1159]   G1 violin  | midi: gt=31 pred=34 ❌  | spn: gt=G1 pred=A#2 ❌  | doremi: gt=sol pred=la ❌  | hz: gt=48.9994 pred=28.13 ❌
    [ 736/1159]  G#1 violin  | midi: gt=32 pred=34 ❌  | spn: gt=G#1 pred=A#2 ❌  | doremi: gt=sol# pred=fa# ❌  | hz: gt=51.9131 pred=28.0 ❌
    [ 737/1159]   A1 violin  | midi: gt=33 pred=34 ❌  | spn: gt=A1 pred=A2 ❌  | doremi: gt=la pred=fa# ❌  | hz: gt=55.0 pred=28.0 ❌
    [ 738/1159]  A#1 violin  | midi: gt=34 pred=34 ✅  | spn: gt=A#1 pred=A2 ❌  | doremi: gt=la# pred=fa# ❌  | hz: gt=58.2705 pred=105.26 ❌
    [ 739/1159]   B1 violin  | midi: gt=35 pred=36 ❌  | spn: gt=B1 pred=B2 ❌  | doremi: gt=si pred=re ❌  | hz: gt=61.7354 pred=210.0 ❌
    [ 740/1159]   C2 violin  | midi: gt=36 pred=36 ✅  | spn: gt=C2 pred=C2 ✅  | doremi: gt=do pred=si ❌  | hz: gt=65.4064 pred=25.0 ❌
    [ 741/1159]  C#2 violin  | midi: gt=37 pred=36 ❌  | spn: gt=C#2 pred=C2 ❌  | doremi: gt=do# pred=re ❌  | hz: gt=69.2957 pred=250.0 ❌
    [ 742/1159]   D2 violin  | midi: gt=38 pred=36 ❌  | spn: gt=D2 pred=C2 ❌  | doremi: gt=re pred=fa# ❌  | hz: gt=73.4162 pred=120.0 ❌
    [ 743/1159]  D#2 violin  | midi: gt=39 pred=36 ❌  | spn: gt=D#2 pred=C2 ❌  | doremi: gt=re# pred=re ❌  | hz: gt=77.7817 pred=160.0 ❌
    [ 744/1159]   E2 violin  | midi: gt=40 pred=36 ❌  | spn: gt=E2 pred=C2 ❌  | doremi: gt=mi pred=fa# ❌  | hz: gt=82.4069 pred=160.0 ❌
    [ 745/1159]   F2 violin  | midi: gt=41 pred=36 ❌  | spn: gt=F2 pred=C2 ❌  | doremi: gt=fa pred=fa# ❌  | hz: gt=87.3071 pred=165.0 ❌
    [ 746/1159]  F#2 violin  | midi: gt=42 pred=36 ❌  | spn: gt=F#2 pred=C2 ❌  | doremi: gt=fa# pred=fa# ✅  | hz: gt=92.4986 pred=165.0 ❌
    [ 747/1159]   G2 violin  | midi: gt=43 pred=43 ✅  | spn: gt=G2 pred=C2 ❌  | doremi: gt=sol pred=sol ✅  | hz: gt=97.9989 pred=435.0 ❌
    [ 748/1159]  G#2 violin  | midi: gt=44 pred=43 ❌  | spn: gt=G#2 pred=G2 ❌  | doremi: gt=sol# pred=sol ❌  | hz: gt=103.8262 pred=45.0 ❌
    [ 749/1159]   A2 violin  | midi: gt=45 pred=43 ❌  | spn: gt=A2 pred=A2 ✅  | doremi: gt=la pred=fa# ❌  | hz: gt=110.0 pred=45.0 ❌
    [ 750/1159]  A#2 violin  | midi: gt=46 pred=45 ❌  | spn: gt=A#2 pred=None ❌  | doremi: gt=la# pred=sol ❌  | hz: gt=116.5409 pred=105.26 ❌
    [ 751/1159]   B2 violin  | midi: gt=47 pred=43 ❌  | spn: gt=B2 pred=B2 ✅  | doremi: gt=si pred=fa# ❌  | hz: gt=123.4708 pred=165.0 ❌
    [ 752/1159]   C3 violin  | midi: gt=48 pred=48 ✅  | spn: gt=C3 pred=C4 ❌  | doremi: gt=do pred=sol ❌  | hz: gt=130.8128 pred=480.0 ❌
    [ 753/1159]  C#3 violin  | midi: gt=49 pred=49 ✅  | spn: gt=C#3 pred=C2 ❌  | doremi: gt=do# pred=sol ❌  | hz: gt=138.5913 pred=105.26 ❌
    [ 754/1159]   D3 violin  | midi: gt=50 pred=48 ❌  | spn: gt=D3 pred=C4 ❌  | doremi: gt=re pred=sol ❌  | hz: gt=146.8324 pred=105.26 ❌
    [ 755/1159]  D#3 violin  | midi: gt=51 pred=51 ✅  | spn: gt=D#3 pred=C4 ❌  | doremi: gt=re# pred=re ❌  | hz: gt=155.5635 pred=49.0 ❌
    [ 756/1159]   E3 violin  | midi: gt=52 pred=53 ❌  | spn: gt=E3 pred=E4 ❌  | doremi: gt=mi pred=re ❌  | hz: gt=164.8138 pred=405.0 ❌
    [ 757/1159]   F3 violin  | midi: gt=53 pred=53 ✅  | spn: gt=F3 pred=F#4 ❌  | doremi: gt=fa pred=mi ❌  | hz: gt=174.6141 pred=435.0 ❌
    [ 758/1159]  F#3 violin  | midi: gt=54 pred=54 ✅  | spn: gt=F#3 pred=F#4 ❌  | doremi: gt=fa# pred=sol ❌  | hz: gt=184.9972 pred=420.0 ❌
    [ 759/1159]   G3 violin  | midi: gt=55 pred=56 ❌  | spn: gt=G3 pred=F4 ❌  | doremi: gt=sol pred=sol ✅  | hz: gt=195.9977 pred=435.0 ❌
    [ 760/1159]  G#3 violin  | midi: gt=56 pred=56 ✅  | spn: gt=G#3 pred=G4 ❌  | doremi: gt=sol# pred=sol ❌  | hz: gt=207.6523 pred=436.0 ❌
    [ 761/1159]   A3 violin  | midi: gt=57 pred=58 ❌  | spn: gt=A3 pred=None ❌  | doremi: gt=la pred=sol ❌  | hz: gt=220.0 pred=450.0 ❌
    [ 762/1159]  A#3 violin  | midi: gt=58 pred=58 ✅  | spn: gt=A#3 pred=None ❌  | doremi: gt=la# pred=sol ❌  | hz: gt=233.0819 pred=450.0 ❌
    [ 763/1159]   B3 violin  | midi: gt=59 pred=63 ❌  | spn: gt=B3 pred=A4 ❌  | doremi: gt=si pred=sol ❌  | hz: gt=246.9417 pred=480.0 ❌
    [ 764/1159]   C4 violin  | midi: gt=60 pred=60 ✅  | spn: gt=C4 pred=C6 ❌  | doremi: gt=do pred=sol ❌  | hz: gt=261.6256 pred=480.0 ❌
    [ 765/1159]  C#4 violin  | midi: gt=61 pred=61 ✅  | spn: gt=C#4 pred=C6 ❌  | doremi: gt=do# pred=sol ❌  | hz: gt=277.1826 pred=60.0 ❌
    [ 766/1159]   D4 violin  | midi: gt=62 pred=62 ✅  | spn: gt=D4 pred=C4 ❌  | doremi: gt=re pred=sol ❌  | hz: gt=293.6648 pred=6250.0 ❌
    [ 767/1159]  D#4 violin  | midi: gt=63 pred=63 ✅  | spn: gt=D#4 pred=D4 ❌  | doremi: gt=re# pred=sol ❌  | hz: gt=311.127 pred=63.0 ❌
    [ 768/1159]   E4 violin  | midi: gt=64 pred=64 ✅  | spn: gt=E4 pred=E4 ✅  | doremi: gt=mi pred=sol ❌  | hz: gt=329.6276 pred=400.0 ❌
    [ 769/1159]   F4 violin  | midi: gt=65 pred=65 ✅  | spn: gt=F4 pred=A#6 ❌  | doremi: gt=fa pred=sol ❌  | hz: gt=349.2282 pred=659.31 ❌
    [ 770/1159]  F#4 violin  | midi: gt=66 pred=68 ❌  | spn: gt=F#4 pred=C6 ❌  | doremi: gt=fa# pred=sol ❌  | hz: gt=369.9944 pred=6750.0 ❌
    [ 771/1159]   G4 violin  | midi: gt=67 pred=67 ✅  | spn: gt=G4 pred=C6 ❌  | doremi: gt=sol pred=sol ✅  | hz: gt=391.9954 pred=6750.0 ❌
    [ 772/1159]  G#4 violin  | midi: gt=68 pred=68 ✅  | spn: gt=G#4 pred=G4 ❌  | doremi: gt=sol# pred=sol ❌  | hz: gt=415.3047 pred=680.0 ❌
    [ 773/1159]   A4 violin  | midi: gt=69 pred=69 ✅  | spn: gt=A4 pred=None ❌  | doremi: gt=la pred=sol ❌  | hz: gt=440.0 pred=450.0 ❌
    [ 774/1159]  A#4 violin  | midi: gt=70 pred=69 ❌  | spn: gt=A#4 pred=None ❌  | doremi: gt=la# pred=sol ❌  | hz: gt=466.1638 pred=695.0 ❌
    [ 775/1159]   B4 violin  | midi: gt=71 pred=68 ❌  | spn: gt=B4 pred=C6 ❌  | doremi: gt=si pred=sol ❌  | hz: gt=493.8833 pred=600.0 ❌
    [ 776/1159]   C5 violin  | midi: gt=72 pred=68 ❌  | spn: gt=C5 pred=C6 ❌  | doremi: gt=do pred=sol ❌  | hz: gt=523.2511 pred=600.0 ❌
    [ 777/1159]  C#5 violin  | midi: gt=73 pred=68 ❌  | spn: gt=C#5 pred=C6 ❌  | doremi: gt=do# pred=sol ❌  | hz: gt=554.3653 pred=601.0 ❌
    [ 778/1159]   D5 violin  | midi: gt=74 pred=64 ❌  | spn: gt=D5 pred=C6 ❌  | doremi: gt=re pred=sol ❌  | hz: gt=587.3295 pred=6750.0 ❌
    [ 779/1159]  D#5 violin  | midi: gt=75 pred=63 ❌  | spn: gt=D#5 pred=C6 ❌  | doremi: gt=re# pred=sol ❌  | hz: gt=622.254 pred=630.0 ❌
    [ 780/1159]   E5 violin  | midi: gt=76 pred=64 ❌  | spn: gt=E5 pred=C6 ❌  | doremi: gt=mi pred=sol ❌  | hz: gt=659.2551 pred=64.0 ❌
    [ 781/1159]   F5 violin  | midi: gt=77 pred=65 ❌  | spn: gt=F5 pred=A#6 ❌  | doremi: gt=fa pred=sol ❌  | hz: gt=698.4565 pred=701.0 ✅
    [ 782/1159]  F#5 violin  | midi: gt=78 pred=68 ❌  | spn: gt=F#5 pred=F6 ❌  | doremi: gt=fa# pred=sol# ❌  | hz: gt=739.9888 pred=6750.0 ❌
    [ 783/1159]   G5 violin  | midi: gt=79 pred=67 ❌  | spn: gt=G5 pred=G6 ❌  | doremi: gt=sol pred=sol ✅  | hz: gt=783.9909 pred=6750.0 ❌
    [ 784/1159]  G#5 violin  | midi: gt=80 pred=68 ❌  | spn: gt=G#5 pred=C6 ❌  | doremi: gt=sol# pred=sol# ✅  | hz: gt=830.6094 pred=680.0 ❌
    [ 785/1159]   A5 violin  | midi: gt=81 pred=83 ❌  | spn: gt=A5 pred=A6 ❌  | doremi: gt=la pred=sol# ❌  | hz: gt=880.0 pred=18650.0 ❌
    [ 786/1159]  A#5 violin  | midi: gt=82 pred=83 ❌  | spn: gt=A#5 pred=A7 ❌  | doremi: gt=la# pred=sol# ❌  | hz: gt=932.3275 pred=1860.0 ❌
    [ 787/1159]   B5 violin  | midi: gt=83 pred=83 ✅  | spn: gt=B5 pred=C6 ❌  | doremi: gt=si pred=sol# ❌  | hz: gt=987.7666 pred=830.41 ❌
    [ 788/1159]   C6 violin  | midi: gt=84 pred=84 ✅  | spn: gt=C6 pred=C6 ✅  | doremi: gt=do pred=sol ❌  | hz: gt=1046.5023 pred=600.0 ❌
    [ 789/1159]  C#6 violin  | midi: gt=85 pred=85 ✅  | spn: gt=C#6 pred=C6 ❌  | doremi: gt=do# pred=sol ❌  | hz: gt=1108.7305 pred=850.0 ❌
    [ 790/1159]   D6 violin  | midi: gt=86 pred=86 ✅  | spn: gt=D6 pred=D6 ✅  | doremi: gt=re pred=sol ❌  | hz: gt=1174.6591 pred=840.0 ❌
    [ 791/1159]  D#6 violin  | midi: gt=87 pred=86 ❌  | spn: gt=D#6 pred=B6 ❌  | doremi: gt=re# pred=fa# ❌  | hz: gt=1244.5079 pred=865.0 ❌
    [ 792/1159]   E6 violin  | midi: gt=88 pred=86 ❌  | spn: gt=E6 pred=E6 ✅  | doremi: gt=mi pred=fa# ❌  | hz: gt=1318.5102 pred=890.63 ❌
    [ 793/1159]   F6 violin  | midi: gt=89 pred=84 ❌  | spn: gt=F6 pred=E6 ❌  | doremi: gt=fa pred=sol# ❌  | hz: gt=1396.9129 pred=890.63 ❌
    [ 794/1159]   F1 cello  | midi: gt=29 pred=34 ❌  | spn: gt=F1 pred=A#2 ❌  | doremi: gt=fa pred=re ❌  | hz: gt=43.6535 pred=210.0 ❌
    [ 795/1159]  F#1 cello  | midi: gt=30 pred=34 ❌  | spn: gt=F#1 pred=A#2 ❌  | doremi: gt=fa# pred=re ❌  | hz: gt=46.2493 pred=105.26 ❌
    [ 796/1159]   G1 cello  | midi: gt=31 pred=34 ❌  | spn: gt=G1 pred=A#2 ❌  | doremi: gt=sol pred=fa# ❌  | hz: gt=48.9994 pred=105.26 ❌
    [ 797/1159]  G#1 cello  | midi: gt=32 pred=34 ❌  | spn: gt=G#1 pred=B2 ❌  | doremi: gt=sol# pred=re ❌  | hz: gt=51.9131 pred=105.26 ❌
    [ 798/1159]   A1 cello  | midi: gt=33 pred=34 ❌  | spn: gt=A1 pred=A#2 ❌  | doremi: gt=la pred=re ❌  | hz: gt=55.0 pred=105.26 ❌
    [ 799/1159]  A#1 cello  | midi: gt=34 pred=34 ✅  | spn: gt=A#1 pred=A#2 ❌  | doremi: gt=la# pred=fa# ❌  | hz: gt=58.2705 pred=105.26 ❌
    [ 800/1159]   B1 cello  | midi: gt=35 pred=36 ❌  | spn: gt=B1 pred=A#2 ❌  | doremi: gt=si pred=re ❌  | hz: gt=61.7354 pred=120.0 ❌
    [ 801/1159]   C2 cello  | midi: gt=36 pred=36 ✅  | spn: gt=C2 pred=C2 ✅  | doremi: gt=do pred=re ❌  | hz: gt=65.4064 pred=120.0 ❌
    [ 802/1159]  C#2 cello  | midi: gt=37 pred=36 ❌  | spn: gt=C#2 pred=C2 ❌  | doremi: gt=do# pred=re ❌  | hz: gt=69.2957 pred=250.0 ❌
    [ 803/1159]   D2 cello  | midi: gt=38 pred=38 ✅  | spn: gt=D2 pred=C2 ❌  | doremi: gt=re pred=re ✅  | hz: gt=73.4162 pred=45.0 ❌
    [ 804/1159]  D#2 cello  | midi: gt=39 pred=36 ❌  | spn: gt=D#2 pred=C2 ❌  | doremi: gt=re# pred=re ❌  | hz: gt=77.7817 pred=250.0 ❌
    [ 805/1159]   E2 cello  | midi: gt=40 pred=40 ✅  | spn: gt=E2 pred=C2 ❌  | doremi: gt=mi pred=re ❌  | hz: gt=82.4069 pred=40.0 ❌
    [ 806/1159]   F2 cello  | midi: gt=41 pred=42 ❌  | spn: gt=F2 pred=F2 ✅  | doremi: gt=fa pred=mi ❌  | hz: gt=87.3071 pred=42.0 ❌
    [ 807/1159]  F#2 cello  | midi: gt=42 pred=43 ❌  | spn: gt=F#2 pred=F#3 ❌  | doremi: gt=fa# pred=sol ❌  | hz: gt=92.4986 pred=420.0 ❌
    [ 808/1159]   G2 cello  | midi: gt=43 pred=43 ✅  | spn: gt=G2 pred=G2 ✅  | doremi: gt=sol pred=mi ❌  | hz: gt=97.9989 pred=120.0 ❌
    [ 809/1159]  G#2 cello  | midi: gt=44 pred=43 ❌  | spn: gt=G#2 pred=C4 ❌  | doremi: gt=sol# pred=re ❌  | hz: gt=103.8262 pred=43.0 ❌
    [ 810/1159]   A2 cello  | midi: gt=45 pred=45 ✅  | spn: gt=A2 pred=A3 ❌  | doremi: gt=la pred=sol ❌  | hz: gt=110.0 pred=450.0 ❌
    [ 811/1159]  A#2 cello  | midi: gt=46 pred=45 ❌  | spn: gt=A#2 pred=A3 ❌  | doremi: gt=la# pred=fa# ❌  | hz: gt=116.5409 pred=450.0 ❌
    [ 812/1159]   B2 cello  | midi: gt=47 pred=46 ❌  | spn: gt=B2 pred=A#4 ❌  | doremi: gt=si pred=fa# ❌  | hz: gt=123.4708 pred=450.0 ❌
    [ 813/1159]   C3 cello  | midi: gt=48 pred=48 ✅  | spn: gt=C3 pred=C2 ❌  | doremi: gt=do pred=sol ❌  | hz: gt=130.8128 pred=48.0 ❌
    [ 814/1159]  C#3 cello  | midi: gt=49 pred=49 ✅  | spn: gt=C#3 pred=C4 ❌  | doremi: gt=do# pred=re ❌  | hz: gt=138.5913 pred=48.0 ❌
    [ 815/1159]   D3 cello  | midi: gt=50 pred=48 ❌  | spn: gt=D3 pred=D4 ❌  | doremi: gt=re pred=mi ❌  | hz: gt=146.8324 pred=480.0 ❌
    [ 816/1159]  D#3 cello  | midi: gt=51 pred=50 ❌  | spn: gt=D#3 pred=C4 ❌  | doremi: gt=re# pred=re ❌  | hz: gt=155.5635 pred=49.0 ❌
    [ 817/1159]   E3 cello  | midi: gt=52 pred=53 ❌  | spn: gt=E3 pred=C4 ❌  | doremi: gt=mi pred=sol ❌  | hz: gt=164.8138 pred=405.0 ❌
    [ 818/1159]   F3 cello  | midi: gt=53 pred=53 ✅  | spn: gt=F3 pred=F4 ❌  | doremi: gt=fa pred=sol ❌  | hz: gt=174.6141 pred=420.0 ❌
    [ 819/1159]  F#3 cello  | midi: gt=54 pred=54 ✅  | spn: gt=F#3 pred=F#4 ❌  | doremi: gt=fa# pred=sol ❌  | hz: gt=184.9972 pred=420.0 ❌
    [ 820/1159]   G3 cello  | midi: gt=55 pred=56 ❌  | spn: gt=G3 pred=C4 ❌  | doremi: gt=sol pred=sol ✅  | hz: gt=195.9977 pred=435.0 ❌
    [ 821/1159]  G#3 cello  | midi: gt=56 pred=56 ✅  | spn: gt=G#3 pred=C4 ❌  | doremi: gt=sol# pred=sol ❌  | hz: gt=207.6523 pred=105.26 ❌
    [ 822/1159]   A3 cello  | midi: gt=57 pred=45 ❌  | spn: gt=A3 pred=None ❌  | doremi: gt=la pred=sol ❌  | hz: gt=220.0 pred=450.0 ❌
    [ 823/1159]  A#3 cello  | midi: gt=58 pred=58 ✅  | spn: gt=A#3 pred=None ❌  | doremi: gt=la# pred=sol ❌  | hz: gt=233.0819 pred=450.0 ❌
    [ 824/1159]   B3 cello  | midi: gt=59 pred=63 ❌  | spn: gt=B3 pred=A#6 ❌  | doremi: gt=si pred=sol ❌  | hz: gt=246.9417 pred=480.0 ❌
    [ 825/1159]   C4 cello  | midi: gt=60 pred=60 ✅  | spn: gt=C4 pred=C4 ✅  | doremi: gt=do pred=sol ❌  | hz: gt=261.6256 pred=480.0 ❌
    [ 826/1159]  C#4 cello  | midi: gt=61 pred=61 ✅  | spn: gt=C#4 pred=C6 ❌  | doremi: gt=do# pred=sol ❌  | hz: gt=277.1826 pred=60.0 ❌
    [ 827/1159]   D4 cello  | midi: gt=62 pred=62 ✅  | spn: gt=D4 pred=D4 ✅  | doremi: gt=re pred=sol ❌  | hz: gt=293.6648 pred=60.0 ❌
    [ 828/1159]  D#4 cello  | midi: gt=63 pred=63 ✅  | spn: gt=D#4 pred=D6 ❌  | doremi: gt=re# pred=sol ❌  | hz: gt=311.127 pred=63.0 ❌
    [ 829/1159]   E4 cello  | midi: gt=64 pred=64 ✅  | spn: gt=E4 pred=E4 ✅  | doremi: gt=mi pred=sol ❌  | hz: gt=329.6276 pred=64.0 ❌
    [ 830/1159]   F4 cello  | midi: gt=65 pred=65 ✅  | spn: gt=F4 pred=C6 ❌  | doremi: gt=fa pred=mi ❌  | hz: gt=349.2282 pred=659.3 ❌
    [ 831/1159]  F#4 cello  | midi: gt=66 pred=65 ❌  | spn: gt=F#4 pred=C6 ❌  | doremi: gt=fa# pred=sol ❌  | hz: gt=369.9944 pred=6750.0 ❌
    [ 832/1159]   G4 cello  | midi: gt=67 pred=63 ❌  | spn: gt=G4 pred=G4 ✅  | doremi: gt=sol pred=sol ✅  | hz: gt=391.9954 pred=6750.0 ❌
    [ 833/1159]  G#4 cello  | midi: gt=68 pred=68 ✅  | spn: gt=G#4 pred=G4 ❌  | doremi: gt=sol# pred=sol ❌  | hz: gt=415.3047 pred=6750.0 ❌
    [ 834/1159]   A4 cello  | midi: gt=69 pred=69 ✅  | spn: gt=A4 pred=A4 ✅  | doremi: gt=la pred=sol ❌  | hz: gt=440.0 pred=435.0 ❌
    [ 835/1159]  A#4 cello  | midi: gt=70 pred=69 ❌  | spn: gt=A#4 pred=None ❌  | doremi: gt=la# pred=sol ❌  | hz: gt=466.1638 pred=693.04 ❌
    [ 836/1159]   B4 cello  | midi: gt=71 pred=68 ❌  | spn: gt=B4 pred=B4 ✅  | doremi: gt=si pred=sol ❌  | hz: gt=493.8833 pred=6750.0 ❌
    [ 837/1159]   C5 cello  | midi: gt=72 pred=68 ❌  | spn: gt=C5 pred=C6 ❌  | doremi: gt=do pred=sol ❌  | hz: gt=523.2511 pred=600.0 ❌
    [ 838/1159]  C#5 cello  | midi: gt=73 pred=68 ❌  | spn: gt=C#5 pred=C6 ❌  | doremi: gt=do# pred=si ❌  | hz: gt=554.3653 pred=600.0 ❌
    [ 839/1159]   D5 cello  | midi: gt=74 pred=62 ❌  | spn: gt=D5 pred=D6 ❌  | doremi: gt=re pred=sol ❌  | hz: gt=587.3295 pred=6250.0 ❌
    [ 840/1159]  D#5 cello  | midi: gt=75 pred=63 ❌  | spn: gt=D#5 pred=C6 ❌  | doremi: gt=re# pred=si ❌  | hz: gt=622.254 pred=6305.0 ❌
    [ 841/1159]   E5 cello  | midi: gt=76 pred=64 ❌  | spn: gt=E5 pred=E6 ❌  | doremi: gt=mi pred=sol ❌  | hz: gt=659.2551 pred=64.0 ❌
    [ 842/1159]   F5 cello  | midi: gt=77 pred=69 ❌  | spn: gt=F5 pred=C6 ❌  | doremi: gt=fa pred=sol ❌  | hz: gt=698.4565 pred=701.0 ✅
    [ 843/1159]  F#5 cello  | midi: gt=78 pred=78 ✅  | spn: gt=F#5 pred=G6 ❌  | doremi: gt=fa# pred=sol# ❌  | hz: gt=739.9888 pred=701.0 ❌
    [ 844/1159]   G5 cello  | midi: gt=79 pred=67 ❌  | spn: gt=G5 pred=G6 ❌  | doremi: gt=sol pred=sol ✅  | hz: gt=783.9909 pred=6750.0 ❌
    [ 845/1159]  G#5 cello  | midi: gt=80 pred=68 ❌  | spn: gt=G#5 pred=G6 ❌  | doremi: gt=sol# pred=sol# ✅  | hz: gt=830.6094 pred=681.0 ❌
    [ 846/1159]   A5 cello  | midi: gt=81 pred=69 ❌  | spn: gt=A5 pred=A#6 ❌  | doremi: gt=la pred=sol ❌  | hz: gt=880.0 pred=None ❌
    [ 847/1159]  A#5 cello  | midi: gt=82 pred=83 ❌  | spn: gt=A#5 pred=B4 ❌  | doremi: gt=la# pred=sol# ❌  | hz: gt=932.3275 pred=1053.67 ❌
    [ 848/1159]   B5 cello  | midi: gt=83 pred=83 ✅  | spn: gt=B5 pred=B6 ❌  | doremi: gt=si pred=sol# ❌  | hz: gt=987.7666 pred=1034.57 ❌
    [ 849/1159]   C6 cello  | midi: gt=84 pred=84 ✅  | spn: gt=C6 pred=C6 ✅  | doremi: gt=do pred=sol# ❌  | hz: gt=1046.5023 pred=1046.53 ✅
    [ 850/1159]  C#6 cello  | midi: gt=85 pred=85 ✅  | spn: gt=C#6 pred=C6 ❌  | doremi: gt=do# pred=sol# ❌  | hz: gt=1108.7305 pred=840.0 ❌
    [ 851/1159]   D6 cello  | midi: gt=86 pred=86 ✅  | spn: gt=D6 pred=D6 ✅  | doremi: gt=re pred=sol ❌  | hz: gt=1174.6591 pred=840.0 ❌
    [ 852/1159]  D#6 cello  | midi: gt=87 pred=86 ❌  | spn: gt=D#6 pred=C6 ❌  | doremi: gt=re# pred=sol# ❌  | hz: gt=1244.5079 pred=870.0 ❌
    [ 853/1159]   E6 cello  | midi: gt=88 pred=86 ❌  | spn: gt=E6 pred=E6 ✅  | doremi: gt=mi pred=sol# ❌  | hz: gt=1318.5102 pred=890.71 ❌
    [ 854/1159]   F6 cello  | midi: gt=89 pred=89 ✅  | spn: gt=F6 pred=E6 ❌  | doremi: gt=fa pred=sol ❌  | hz: gt=1396.9129 pred=1034.52 ❌
    [ 855/1159]   F1 organ  | midi: gt=29 pred=48 ❌  | spn: gt=F1 pred=C4 ❌  | doremi: gt=fa pred=fa# ❌  | hz: gt=43.6535 pred=107.65 ❌
    [ 856/1159]  F#1 organ  | midi: gt=30 pred=65 ❌  | spn: gt=F#1 pred=C6 ❌  | doremi: gt=fa# pred=fa# ✅  | hz: gt=46.2493 pred=107.65 ❌
    [ 857/1159]   G1 organ  | midi: gt=31 pred=43 ❌  | spn: gt=G1 pred=G2 ❌  | doremi: gt=sol pred=sol ✅  | hz: gt=48.9994 pred=107.65 ❌
    [ 858/1159]  G#1 organ  | midi: gt=32 pred=43 ❌  | spn: gt=G#1 pred=C6 ❌  | doremi: gt=sol# pred=sol ❌  | hz: gt=51.9131 pred=107.65 ❌
    [ 859/1159]   A1 organ  | midi: gt=33 pred=63 ❌  | spn: gt=A1 pred=C6 ❌  | doremi: gt=la pred=fa# ❌  | hz: gt=55.0 pred=1054.87 ❌
    [ 860/1159]  A#1 organ  | midi: gt=34 pred=43 ❌  | spn: gt=A#1 pred=A#6 ❌  | doremi: gt=la# pred=fa# ❌  | hz: gt=58.2705 pred=480.0 ❌
    [ 861/1159]   B1 organ  | midi: gt=35 pred=63 ❌  | spn: gt=B1 pred=A#6 ❌  | doremi: gt=si pred=fa# ❌  | hz: gt=61.7354 pred=107.65 ❌
    [ 862/1159]   C2 organ  | midi: gt=36 pred=48 ❌  | spn: gt=C2 pred=C2 ✅  | doremi: gt=do pred=sol ❌  | hz: gt=65.4064 pred=107.65 ❌
    [ 863/1159]  C#2 organ  | midi: gt=37 pred=65 ❌  | spn: gt=C#2 pred=C6 ❌  | doremi: gt=do# pred=fa# ❌  | hz: gt=69.2957 pred=107.65 ❌
    [ 864/1159]   D2 organ  | midi: gt=38 pred=38 ✅  | spn: gt=D2 pred=D2 ✅  | doremi: gt=re pred=fa# ❌  | hz: gt=73.4162 pred=107.65 ❌
    [ 865/1159]  D#2 organ  | midi: gt=39 pred=38 ❌  | spn: gt=D#2 pred=C4 ❌  | doremi: gt=re# pred=fa# ❌  | hz: gt=77.7817 pred=105.26 ❌
    [ 866/1159]   E2 organ  | midi: gt=40 pred=63 ❌  | spn: gt=E2 pred=C6 ❌  | doremi: gt=mi pred=fa# ❌  | hz: gt=82.4069 pred=107.65 ❌
    [ 867/1159]   F2 organ  | midi: gt=41 pred=65 ❌  | spn: gt=F2 pred=C4 ❌  | doremi: gt=fa pred=fa# ❌  | hz: gt=87.3071 pred=480.0 ❌
    [ 868/1159]  F#2 organ  | midi: gt=42 pred=43 ❌  | spn: gt=F#2 pred=F#3 ❌  | doremi: gt=fa# pred=sol ❌  | hz: gt=92.4986 pred=420.0 ❌
    [ 869/1159]   G2 organ  | midi: gt=43 pred=48 ❌  | spn: gt=G2 pred=G2 ✅  | doremi: gt=sol pred=sol ✅  | hz: gt=97.9989 pred=105.26 ❌
    [ 870/1159]  G#2 organ  | midi: gt=44 pred=43 ❌  | spn: gt=G#2 pred=C6 ❌  | doremi: gt=sol# pred=fa# ❌  | hz: gt=103.8262 pred=1052.63 ❌
    [ 871/1159]   A2 organ  | midi: gt=45 pred=45 ✅  | spn: gt=A2 pred=None ❌  | doremi: gt=la pred=sol ❌  | hz: gt=110.0 pred=1054.72 ❌
    [ 872/1159]  A#2 organ  | midi: gt=46 pred=46 ✅  | spn: gt=A#2 pred=None ❌  | doremi: gt=la# pred=fa# ❌  | hz: gt=116.5409 pred=460.0 ❌
    [ 873/1159]   B2 organ  | midi: gt=47 pred=48 ❌  | spn: gt=B2 pred=A#6 ❌  | doremi: gt=si pred=fa# ❌  | hz: gt=123.4708 pred=105.26 ❌
    [ 874/1159]   C3 organ  | midi: gt=48 pred=48 ✅  | spn: gt=C3 pred=C2 ❌  | doremi: gt=do pred=sol ❌  | hz: gt=130.8128 pred=480.0 ❌
    [ 875/1159]  C#3 organ  | midi: gt=49 pred=61 ❌  | spn: gt=C#3 pred=C6 ❌  | doremi: gt=do# pred=sol ❌  | hz: gt=138.5913 pred=107.65 ❌
    [ 876/1159]   D3 organ  | midi: gt=50 pred=62 ❌  | spn: gt=D3 pred=D4 ❌  | doremi: gt=re pred=sol ❌  | hz: gt=146.8324 pred=107.65 ❌
    [ 877/1159]  D#3 organ  | midi: gt=51 pred=63 ❌  | spn: gt=D#3 pred=C4 ❌  | doremi: gt=re# pred=sol# ❌  | hz: gt=155.5635 pred=1052.63 ❌
    [ 878/1159]   E3 organ  | midi: gt=52 pred=64 ❌  | spn: gt=E3 pred=E4 ❌  | doremi: gt=mi pred=fa# ❌  | hz: gt=164.8138 pred=64.0 ❌
    [ 879/1159]   F3 organ  | midi: gt=53 pred=65 ❌  | spn: gt=F3 pred=F#4 ❌  | doremi: gt=fa pred=sol ❌  | hz: gt=174.6141 pred=65.0 ❌
    [ 880/1159]  F#3 organ  | midi: gt=54 pred=66 ❌  | spn: gt=F#3 pred=F#4 ❌  | doremi: gt=fa# pred=sol ❌  | hz: gt=184.9972 pred=659.3 ❌
    [ 881/1159]   G3 organ  | midi: gt=55 pred=63 ❌  | spn: gt=G3 pred=G2 ❌  | doremi: gt=sol pred=sol ✅  | hz: gt=195.9977 pred=480.0 ❌
    [ 882/1159]  G#3 organ  | midi: gt=56 pred=68 ❌  | spn: gt=G#3 pred=C6 ❌  | doremi: gt=sol# pred=sol ❌  | hz: gt=207.6523 pred=1052.63 ❌
    [ 883/1159]   A3 organ  | midi: gt=57 pred=69 ❌  | spn: gt=A3 pred=None ❌  | doremi: gt=la pred=sol ❌  | hz: gt=220.0 pred=450.0 ❌
    [ 884/1159]  A#3 organ  | midi: gt=58 pred=58 ✅  | spn: gt=A#3 pred=None ❌  | doremi: gt=la# pred=sol ❌  | hz: gt=233.0819 pred=450.0 ❌
    [ 885/1159]   B3 organ  | midi: gt=59 pred=63 ❌  | spn: gt=B3 pred=A#6 ❌  | doremi: gt=si pred=sol ❌  | hz: gt=246.9417 pred=480.0 ❌
    [ 886/1159]   C4 organ  | midi: gt=60 pred=60 ✅  | spn: gt=C4 pred=C6 ❌  | doremi: gt=do pred=sol ❌  | hz: gt=261.6256 pred=480.0 ❌
    [ 887/1159]  C#4 organ  | midi: gt=61 pred=61 ✅  | spn: gt=C#4 pred=C6 ❌  | doremi: gt=do# pred=sol ❌  | hz: gt=277.1826 pred=61.0 ❌
    [ 888/1159]   D4 organ  | midi: gt=62 pred=62 ✅  | spn: gt=D4 pred=D6 ❌  | doremi: gt=re pred=sol ❌  | hz: gt=293.6648 pred=6250.0 ❌
    [ 889/1159]  D#4 organ  | midi: gt=63 pred=63 ✅  | spn: gt=D#4 pred=D6 ❌  | doremi: gt=re# pred=sol ❌  | hz: gt=311.127 pred=504.0 ❌
    [ 890/1159]   E4 organ  | midi: gt=64 pred=64 ✅  | spn: gt=E4 pred=E4 ✅  | doremi: gt=mi pred=sol ❌  | hz: gt=329.6276 pred=640.0 ❌
    [ 891/1159]   F4 organ  | midi: gt=65 pred=65 ✅  | spn: gt=F4 pred=E4 ❌  | doremi: gt=fa pred=sol ❌  | hz: gt=349.2282 pred=659.3 ❌
    [ 892/1159]  F#4 organ  | midi: gt=66 pred=66 ✅  | spn: gt=F#4 pred=F#6 ❌  | doremi: gt=fa# pred=sol# ❌  | hz: gt=369.9944 pred=659.3 ❌
    [ 893/1159]   G4 organ  | midi: gt=67 pred=67 ✅  | spn: gt=G4 pred=G6 ❌  | doremi: gt=sol pred=sol ✅  | hz: gt=391.9954 pred=6750.0 ❌
    [ 894/1159]  G#4 organ  | midi: gt=68 pred=68 ✅  | spn: gt=G#4 pred=G6 ❌  | doremi: gt=sol# pred=sol# ✅  | hz: gt=415.3047 pred=680.0 ❌
    [ 895/1159]   A4 organ  | midi: gt=69 pred=69 ✅  | spn: gt=A4 pred=None ❌  | doremi: gt=la pred=sol ❌  | hz: gt=440.0 pred=693.0 ❌
    [ 896/1159]  A#4 organ  | midi: gt=70 pred=69 ❌  | spn: gt=A#4 pred=None ❌  | doremi: gt=la# pred=sol ❌  | hz: gt=466.1638 pred=695.0 ❌
    [ 897/1159]   B4 organ  | midi: gt=71 pred=63 ❌  | spn: gt=B4 pred=B6 ❌  | doremi: gt=si pred=sol ❌  | hz: gt=493.8833 pred=1034.52 ❌
    [ 898/1159]   C5 organ  | midi: gt=72 pred=60 ❌  | spn: gt=C5 pred=C6 ❌  | doremi: gt=do pred=sol ❌  | hz: gt=523.2511 pred=480.0 ❌
    [ 899/1159]  C#5 organ  | midi: gt=73 pred=68 ❌  | spn: gt=C#5 pred=C6 ❌  | doremi: gt=do# pred=sol# ❌  | hz: gt=554.3653 pred=6120.0 ❌
    [ 900/1159]   D5 organ  | midi: gt=74 pred=62 ❌  | spn: gt=D5 pred=D6 ❌  | doremi: gt=re pred=sol ❌  | hz: gt=587.3295 pred=625.0 ❌
    [ 901/1159]  D#5 organ  | midi: gt=75 pred=63 ❌  | spn: gt=D#5 pred=C6 ❌  | doremi: gt=re# pred=sol# ❌  | hz: gt=622.254 pred=630.95 ❌
    [ 902/1159]   E5 organ  | midi: gt=76 pred=64 ❌  | spn: gt=E5 pred=E6 ❌  | doremi: gt=mi pred=sol ❌  | hz: gt=659.2551 pred=640.0 ❌
    [ 903/1159]   F5 organ  | midi: gt=77 pred=65 ❌  | spn: gt=F5 pred=F6 ❌  | doremi: gt=fa pred=sol ❌  | hz: gt=698.4565 pred=701.0 ✅
    [ 904/1159]  F#5 organ  | midi: gt=78 pred=78 ✅  | spn: gt=F#5 pred=F6 ❌  | doremi: gt=fa# pred=sol# ❌  | hz: gt=739.9888 pred=701.0 ❌
    [ 905/1159]   G5 organ  | midi: gt=79 pred=69 ❌  | spn: gt=G5 pred=C6 ❌  | doremi: gt=sol pred=sol ✅  | hz: gt=783.9909 pred=6750.0 ❌
    [ 906/1159]  G#5 organ  | midi: gt=80 pred=80 ✅  | spn: gt=G#5 pred=G6 ❌  | doremi: gt=sol# pred=sol ❌  | hz: gt=830.6094 pred=450.0 ❌
    [ 907/1159]   A5 organ  | midi: gt=81 pred=86 ❌  | spn: gt=A5 pred=A6 ❌  | doremi: gt=la pred=sol ❌  | hz: gt=880.0 pred=1052.63 ❌
    [ 908/1159]  A#5 organ  | midi: gt=82 pred=83 ❌  | spn: gt=A#5 pred=B6 ❌  | doremi: gt=la# pred=sol ❌  | hz: gt=932.3275 pred=8250.0 ❌
    [ 909/1159]   B5 organ  | midi: gt=83 pred=83 ✅  | spn: gt=B5 pred=C6 ❌  | doremi: gt=si pred=sol ❌  | hz: gt=987.7666 pred=1034.52 ❌
    [ 910/1159]   C6 organ  | midi: gt=84 pred=84 ✅  | spn: gt=C6 pred=C6 ✅  | doremi: gt=do pred=sol ❌  | hz: gt=1046.5023 pred=840.0 ❌
    [ 911/1159]  C#6 organ  | midi: gt=85 pred=85 ✅  | spn: gt=C#6 pred=C6 ❌  | doremi: gt=do# pred=sol# ❌  | hz: gt=1108.7305 pred=1800.0 ❌
    [ 912/1159]   D6 organ  | midi: gt=86 pred=86 ✅  | spn: gt=D6 pred=D6 ✅  | doremi: gt=re pred=sol# ❌  | hz: gt=1174.6591 pred=1034.52 ❌
    [ 913/1159]  D#6 organ  | midi: gt=87 pred=87 ✅  | spn: gt=D#6 pred=B6 ❌  | doremi: gt=re# pred=sol# ❌  | hz: gt=1244.5079 pred=1860.0 ❌
    [ 914/1159]   E6 organ  | midi: gt=88 pred=83 ❌  | spn: gt=E6 pred=E6 ✅  | doremi: gt=mi pred=sol# ❌  | hz: gt=1318.5102 pred=8105.26 ❌
    [ 915/1159]   F6 organ  | midi: gt=89 pred=89 ✅  | spn: gt=F6 pred=F6 ✅  | doremi: gt=fa pred=sol# ❌  | hz: gt=1396.9129 pred=890.71 ❌
    [ 916/1159]   F1 bass  | midi: gt=29 pred=34 ❌  | spn: gt=F1 pred=A#2 ❌  | doremi: gt=fa pred=fa# ❌  | hz: gt=43.6535 pred=105.26 ❌
    [ 917/1159]  F#1 bass  | midi: gt=30 pred=34 ❌  | spn: gt=F#1 pred=A#2 ❌  | doremi: gt=fa# pred=fa# ✅  | hz: gt=46.2493 pred=105.26 ❌
    [ 918/1159]   G1 bass  | midi: gt=31 pred=34 ❌  | spn: gt=G1 pred=A#2 ❌  | doremi: gt=sol pred=fa# ❌  | hz: gt=48.9994 pred=105.26 ❌
    [ 919/1159]  G#1 bass  | midi: gt=32 pred=34 ❌  | spn: gt=G#1 pred=A#2 ❌  | doremi: gt=sol# pred=fa# ❌  | hz: gt=51.9131 pred=105.26 ❌
    [ 920/1159]   A1 bass  | midi: gt=33 pred=34 ❌  | spn: gt=A1 pred=A#2 ❌  | doremi: gt=la pred=fa# ❌  | hz: gt=55.0 pred=105.26 ❌
    [ 921/1159]  A#1 bass  | midi: gt=34 pred=35 ❌  | spn: gt=A#1 pred=A#2 ❌  | doremi: gt=la# pred=fa# ❌  | hz: gt=58.2705 pred=450.0 ❌
    [ 922/1159]   B1 bass  | midi: gt=35 pred=35 ✅  | spn: gt=B1 pred=C4 ❌  | doremi: gt=si pred=fa# ❌  | hz: gt=61.7354 pred=480.0 ❌
    [ 923/1159]   C2 bass  | midi: gt=36 pred=36 ✅  | spn: gt=C2 pred=C4 ❌  | doremi: gt=do pred=fa# ❌  | hz: gt=65.4064 pred=480.0 ❌
    [ 924/1159]  C#2 bass  | midi: gt=37 pred=36 ❌  | spn: gt=C#2 pred=C2 ❌  | doremi: gt=do# pred=sol ❌  | hz: gt=69.2957 pred=48.0 ❌
    [ 925/1159]   D2 bass  | midi: gt=38 pred=36 ❌  | spn: gt=D2 pred=C4 ❌  | doremi: gt=re pred=sol ❌  | hz: gt=73.4162 pred=48.0 ❌
    [ 926/1159]  D#2 bass  | midi: gt=39 pred=36 ❌  | spn: gt=D#2 pred=C4 ❌  | doremi: gt=re# pred=sol ❌  | hz: gt=77.7817 pred=48.0 ❌
    [ 927/1159]   E2 bass  | midi: gt=40 pred=43 ❌  | spn: gt=E2 pred=C4 ❌  | doremi: gt=mi pred=sol ❌  | hz: gt=82.4069 pred=480.0 ❌
    [ 928/1159]   F2 bass  | midi: gt=41 pred=43 ❌  | spn: gt=F2 pred=C4 ❌  | doremi: gt=fa pred=fa# ❌  | hz: gt=87.3071 pred=480.0 ❌
    [ 929/1159]  F#2 bass  | midi: gt=42 pred=43 ❌  | spn: gt=F#2 pred=A#2 ❌  | doremi: gt=fa# pred=fa# ✅  | hz: gt=92.4986 pred=420.0 ❌
    [ 930/1159]   G2 bass  | midi: gt=43 pred=43 ✅  | spn: gt=G2 pred=F#2 ❌  | doremi: gt=sol pred=sol ✅  | hz: gt=97.9989 pred=435.0 ❌
    [ 931/1159]  G#2 bass  | midi: gt=44 pred=45 ❌  | spn: gt=G#2 pred=A#2 ❌  | doremi: gt=sol# pred=sol ❌  | hz: gt=103.8262 pred=450.0 ❌
    [ 932/1159]   A2 bass  | midi: gt=45 pred=45 ✅  | spn: gt=A2 pred=A4 ❌  | doremi: gt=la pred=sol ❌  | hz: gt=110.0 pred=450.0 ❌
    [ 933/1159]  A#2 bass  | midi: gt=46 pred=46 ✅  | spn: gt=A#2 pred=A#2 ✅  | doremi: gt=la# pred=sol ❌  | hz: gt=116.5409 pred=460.0 ❌
    [ 934/1159]   B2 bass  | midi: gt=47 pred=48 ❌  | spn: gt=B2 pred=B4 ❌  | doremi: gt=si pred=sol ❌  | hz: gt=123.4708 pred=480.0 ❌
    [ 935/1159]   C3 bass  | midi: gt=48 pred=48 ✅  | spn: gt=C3 pred=C4 ❌  | doremi: gt=do pred=sol ❌  | hz: gt=130.8128 pred=480.0 ❌
    [ 936/1159]  C#3 bass  | midi: gt=49 pred=48 ❌  | spn: gt=C#3 pred=C4 ❌  | doremi: gt=do# pred=sol ❌  | hz: gt=138.5913 pred=480.0 ❌
    [ 937/1159]   D3 bass  | midi: gt=50 pred=50 ✅  | spn: gt=D3 pred=C4 ❌  | doremi: gt=re pred=sol ❌  | hz: gt=146.8324 pred=480.0 ❌
    [ 938/1159]  D#3 bass  | midi: gt=51 pred=53 ❌  | spn: gt=D#3 pred=C4 ❌  | doremi: gt=re# pred=sol ❌  | hz: gt=155.5635 pred=50.0 ❌
    [ 939/1159]   E3 bass  | midi: gt=52 pred=53 ❌  | spn: gt=E3 pred=C4 ❌  | doremi: gt=mi pred=mi ✅  | hz: gt=164.8138 pred=521.0 ❌
    [ 940/1159]   F3 bass  | midi: gt=53 pred=53 ✅  | spn: gt=F3 pred=F#2 ❌  | doremi: gt=fa pred=mi ❌  | hz: gt=174.6141 pred=480.0 ❌
    [ 941/1159]  F#3 bass  | midi: gt=54 pred=54 ✅  | spn: gt=F#3 pred=F#2 ❌  | doremi: gt=fa# pred=sol ❌  | hz: gt=184.9972 pred=435.0 ❌
    [ 942/1159]   G3 bass  | midi: gt=55 pred=56 ❌  | spn: gt=G3 pred=G4 ❌  | doremi: gt=sol pred=sol ✅  | hz: gt=195.9977 pred=435.0 ❌
    [ 943/1159]  G#3 bass  | midi: gt=56 pred=56 ✅  | spn: gt=G#3 pred=C4 ❌  | doremi: gt=sol# pred=sol ❌  | hz: gt=207.6523 pred=450.0 ❌
    [ 944/1159]   A3 bass  | midi: gt=57 pred=58 ❌  | spn: gt=A3 pred=A4 ❌  | doremi: gt=la pred=sol ❌  | hz: gt=220.0 pred=450.0 ❌
    [ 945/1159]  A#3 bass  | midi: gt=58 pred=58 ✅  | spn: gt=A#3 pred=A#2 ❌  | doremi: gt=la# pred=sol ❌  | hz: gt=233.0819 pred=450.0 ❌
    [ 946/1159]   B3 bass  | midi: gt=59 pred=59 ✅  | spn: gt=B3 pred=B4 ❌  | doremi: gt=si pred=sol ❌  | hz: gt=246.9417 pred=450.0 ❌
    [ 947/1159]   C4 bass  | midi: gt=60 pred=60 ✅  | spn: gt=C4 pred=C4 ✅  | doremi: gt=do pred=sol ❌  | hz: gt=261.6256 pred=480.0 ❌
    [ 948/1159]  C#4 bass  | midi: gt=61 pred=63 ❌  | spn: gt=C#4 pred=C6 ❌  | doremi: gt=do# pred=sol ❌  | hz: gt=277.1826 pred=60.0 ❌
    [ 949/1159]   D4 bass  | midi: gt=62 pred=62 ✅  | spn: gt=D4 pred=D4 ✅  | doremi: gt=re pred=sol ❌  | hz: gt=293.6648 pred=625.0 ❌
    [ 950/1159]  D#4 bass  | midi: gt=63 pred=63 ✅  | spn: gt=D#4 pred=D6 ❌  | doremi: gt=re# pred=sol ❌  | hz: gt=311.127 pred=630.51 ❌
    [ 951/1159]   E4 bass  | midi: gt=64 pred=64 ✅  | spn: gt=E4 pred=C6 ❌  | doremi: gt=mi pred=sol ❌  | hz: gt=329.6276 pred=659.3 ❌
    [ 952/1159]   F4 bass  | midi: gt=65 pred=65 ✅  | spn: gt=F4 pred=C6 ❌  | doremi: gt=fa pred=sol ❌  | hz: gt=349.2282 pred=659.3 ❌
    [ 953/1159]  F#4 bass  | midi: gt=66 pred=65 ❌  | spn: gt=F#4 pred=C6 ❌  | doremi: gt=fa# pred=sol ❌  | hz: gt=369.9944 pred=670.0 ❌
    [ 954/1159]   G4 bass  | midi: gt=67 pred=67 ✅  | spn: gt=G4 pred=C6 ❌  | doremi: gt=sol pred=sol ✅  | hz: gt=391.9954 pred=570.0 ❌
    [ 955/1159]  G#4 bass  | midi: gt=68 pred=68 ✅  | spn: gt=G#4 pred=C6 ❌  | doremi: gt=sol# pred=sol# ✅  | hz: gt=415.3047 pred=583.0 ❌
    [ 956/1159]   A4 bass  | midi: gt=69 pred=69 ✅  | spn: gt=A4 pred=C6 ❌  | doremi: gt=la pred=fa# ❌  | hz: gt=440.0 pred=695.0 ❌
    [ 957/1159]  A#4 bass  | midi: gt=70 pred=69 ❌  | spn: gt=A#4 pred=A7 ❌  | doremi: gt=la# pred=fa# ❌  | hz: gt=466.1638 pred=460.0 ❌
    [ 958/1159]   B4 bass  | midi: gt=71 pred=69 ❌  | spn: gt=B4 pred=B7 ❌  | doremi: gt=si pred=fa# ❌  | hz: gt=493.8833 pred=705.0 ❌
    [ 959/1159]   C5 bass  | midi: gt=72 pred=60 ❌  | spn: gt=C5 pred=C6 ❌  | doremi: gt=do pred=sol ❌  | hz: gt=523.2511 pred=60.0 ❌
    [ 960/1159]  C#5 bass  | midi: gt=73 pred=68 ❌  | spn: gt=C#5 pred=C6 ❌  | doremi: gt=do# pred=sol# ❌  | hz: gt=554.3653 pred=6750.0 ❌
    [ 961/1159]   D5 bass  | midi: gt=74 pred=62 ❌  | spn: gt=D5 pred=D7 ❌  | doremi: gt=re pred=re ✅  | hz: gt=587.3295 pred=745.0 ❌
    [ 962/1159]  D#5 bass  | midi: gt=75 pred=69 ❌  | spn: gt=D#5 pred=C7 ❌  | doremi: gt=re# pred=re ❌  | hz: gt=622.254 pred=745.0 ❌
    [ 963/1159]   E5 bass  | midi: gt=76 pred=64 ❌  | spn: gt=E5 pred=C7 ❌  | doremi: gt=mi pred=sol# ❌  | hz: gt=659.2551 pred=702.0 ❌
    [ 964/1159]   F5 bass  | midi: gt=77 pred=73 ❌  | spn: gt=F5 pred=C7 ❌  | doremi: gt=fa pred=sol# ❌  | hz: gt=698.4565 pred=702.0 ✅
    [ 965/1159]  F#5 bass  | midi: gt=78 pred=78 ✅  | spn: gt=F#5 pred=F7 ❌  | doremi: gt=fa# pred=sol# ❌  | hz: gt=739.9888 pred=701.0 ❌
    [ 966/1159]   G5 bass  | midi: gt=79 pred=67 ❌  | spn: gt=G5 pred=C7 ❌  | doremi: gt=sol pred=sol# ❌  | hz: gt=783.9909 pred=795.0 ❌
    [ 967/1159]  G#5 bass  | midi: gt=80 pred=80 ✅  | spn: gt=G#5 pred=C6 ❌  | doremi: gt=sol# pred=sol# ✅  | hz: gt=830.6094 pred=805.0 ❌
    [ 968/1159]   A5 bass  | midi: gt=81 pred=81 ✅  | spn: gt=A5 pred=A7 ❌  | doremi: gt=la pred=la# ❌  | hz: gt=880.0 pred=8150.0 ❌
    [ 969/1159]  A#5 bass  | midi: gt=82 pred=83 ❌  | spn: gt=A#5 pred=A7 ❌  | doremi: gt=la# pred=sol# ❌  | hz: gt=932.3275 pred=8250.0 ❌
    [ 970/1159]   B5 bass  | midi: gt=83 pred=83 ✅  | spn: gt=B5 pred=B7 ❌  | doremi: gt=si pred=si ✅  | hz: gt=987.7666 pred=830.41 ❌
    [ 971/1159]   C6 bass  | midi: gt=84 pred=84 ✅  | spn: gt=C6 pred=C6 ✅  | doremi: gt=do pred=si ❌  | hz: gt=1046.5023 pred=840.0 ❌
    [ 972/1159]  C#6 bass  | midi: gt=85 pred=85 ✅  | spn: gt=C#6 pred=C6 ❌  | doremi: gt=do# pred=sol# ❌  | hz: gt=1108.7305 pred=850.0 ❌
    [ 973/1159]   D6 bass  | midi: gt=86 pred=86 ✅  | spn: gt=D6 pred=D7 ❌  | doremi: gt=re pred=sol# ❌  | hz: gt=1174.6591 pred=865.0 ❌
    [ 974/1159]  D#6 bass  | midi: gt=87 pred=86 ❌  | spn: gt=D#6 pred=C6 ❌  | doremi: gt=re# pred=sol# ❌  | hz: gt=1244.5079 pred=865.0 ❌
    [ 975/1159]   E6 bass  | midi: gt=88 pred=88 ✅  | spn: gt=E6 pred=F#7 ❌  | doremi: gt=mi pred=fa# ❌  | hz: gt=1318.5102 pred=805.0 ❌
    [ 976/1159]   F6 bass  | midi: gt=89 pred=89 ✅  | spn: gt=F6 pred=C7 ❌  | doremi: gt=fa pred=sol# ❌  | hz: gt=1396.9129 pred=8250.0 ❌
    [ 977/1159]   F1 synth_lead  | midi: gt=29 pred=36 ❌  | spn: gt=F1 pred=C2 ❌  | doremi: gt=fa pred=fa# ❌  | hz: gt=43.6535 pred=105.26 ❌
    [ 978/1159]  F#1 synth_lead  | midi: gt=30 pred=63 ❌  | spn: gt=F#1 pred=C6 ❌  | doremi: gt=fa# pred=fa# ✅  | hz: gt=46.2493 pred=150.0 ❌
    [ 979/1159]   G1 synth_lead  | midi: gt=31 pred=35 ❌  | spn: gt=G1 pred=C2 ❌  | doremi: gt=sol pred=fa# ❌  | hz: gt=48.9994 pred=150.0 ❌
    [ 980/1159]  G#1 synth_lead  | midi: gt=32 pred=48 ❌  | spn: gt=G#1 pred=C2 ❌  | doremi: gt=sol# pred=fa# ❌  | hz: gt=51.9131 pred=120.0 ❌
    [ 981/1159]   A1 synth_lead  | midi: gt=33 pred=48 ❌  | spn: gt=A1 pred=C6 ❌  | doremi: gt=la pred=fa# ❌  | hz: gt=55.0 pred=120.0 ❌
    [ 982/1159]  A#1 synth_lead  | midi: gt=34 pred=48 ❌  | spn: gt=A#1 pred=C6 ❌  | doremi: gt=la# pred=fa# ❌  | hz: gt=58.2705 pred=120.0 ❌
    [ 983/1159]   B1 synth_lead  | midi: gt=35 pred=65 ❌  | spn: gt=B1 pred=C6 ❌  | doremi: gt=si pred=fa# ❌  | hz: gt=61.7354 pred=120.0 ❌
    [ 984/1159]   C2 synth_lead  | midi: gt=36 pred=45 ❌  | spn: gt=C2 pred=C6 ❌  | doremi: gt=do pred=fa# ❌  | hz: gt=65.4064 pred=150.0 ❌
    [ 985/1159]  C#2 synth_lead  | midi: gt=37 pred=63 ❌  | spn: gt=C#2 pred=C6 ❌  | doremi: gt=do# pred=fa# ❌  | hz: gt=69.2957 pred=120.0 ❌
    [ 986/1159]   D2 synth_lead  | midi: gt=38 pred=48 ❌  | spn: gt=D2 pred=C6 ❌  | doremi: gt=re pred=fa# ❌  | hz: gt=73.4162 pred=120.0 ❌
    [ 987/1159]  D#2 synth_lead  | midi: gt=39 pred=48 ❌  | spn: gt=D#2 pred=C4 ❌  | doremi: gt=re# pred=fa# ❌  | hz: gt=77.7817 pred=120.0 ❌
    [ 988/1159]   E2 synth_lead  | midi: gt=40 pred=48 ❌  | spn: gt=E2 pred=C6 ❌  | doremi: gt=mi pred=fa# ❌  | hz: gt=82.4069 pred=120.0 ❌
    [ 989/1159]   F2 synth_lead  | midi: gt=41 pred=63 ❌  | spn: gt=F2 pred=C6 ❌  | doremi: gt=fa pred=fa# ❌  | hz: gt=87.3071 pred=1200.0 ❌
    [ 990/1159]  F#2 synth_lead  | midi: gt=42 pred=48 ❌  | spn: gt=F#2 pred=C6 ❌  | doremi: gt=fa# pred=fa# ✅  | hz: gt=92.4986 pred=1200.0 ❌
    [ 991/1159]   G2 synth_lead  | midi: gt=43 pred=43 ✅  | spn: gt=G2 pred=C6 ❌  | doremi: gt=sol pred=fa# ❌  | hz: gt=97.9989 pred=480.0 ❌
    [ 992/1159]  G#2 synth_lead  | midi: gt=44 pred=43 ❌  | spn: gt=G#2 pred=A#6 ❌  | doremi: gt=sol# pred=sol# ✅  | hz: gt=103.8262 pred=1200.0 ❌
    [ 993/1159]   A2 synth_lead  | midi: gt=45 pred=48 ❌  | spn: gt=A2 pred=C6 ❌  | doremi: gt=la pred=fa# ❌  | hz: gt=110.0 pred=1500.0 ❌
    [ 994/1159]  A#2 synth_lead  | midi: gt=46 pred=45 ❌  | spn: gt=A#2 pred=None ❌  | doremi: gt=la# pred=fa# ❌  | hz: gt=116.5409 pred=150.0 ❌
    [ 995/1159]   B2 synth_lead  | midi: gt=47 pred=48 ❌  | spn: gt=B2 pred=A#2 ❌  | doremi: gt=si pred=fa# ❌  | hz: gt=123.4708 pred=176.47 ❌
    [ 996/1159]   C3 synth_lead  | midi: gt=48 pred=48 ✅  | spn: gt=C3 pred=C6 ❌  | doremi: gt=do pred=fa# ❌  | hz: gt=130.8128 pred=480.0 ❌
    [ 997/1159]  C#3 synth_lead  | midi: gt=49 pred=48 ❌  | spn: gt=C#3 pred=C6 ❌  | doremi: gt=do# pred=fa# ❌  | hz: gt=138.5913 pred=1200.0 ❌
    [ 998/1159]   D3 synth_lead  | midi: gt=50 pred=64 ❌  | spn: gt=D3 pred=C6 ❌  | doremi: gt=re pred=fa# ❌  | hz: gt=146.8324 pred=1200.0 ❌
    [ 999/1159]  D#3 synth_lead  | midi: gt=51 pred=63 ❌  | spn: gt=D#3 pred=C6 ❌  | doremi: gt=re# pred=fa# ❌  | hz: gt=155.5635 pred=1200.0 ❌
    [1000/1159]   E3 synth_lead  | midi: gt=52 pred=63 ❌  | spn: gt=E3 pred=C6 ❌  | doremi: gt=mi pred=fa# ❌  | hz: gt=164.8138 pred=1200.0 ❌
    [1001/1159]   F3 synth_lead  | midi: gt=53 pred=63 ❌  | spn: gt=F3 pred=C6 ❌  | doremi: gt=fa pred=fa# ❌  | hz: gt=174.6141 pred=1200.0 ❌
    [1002/1159]  F#3 synth_lead  | midi: gt=54 pred=54 ✅  | spn: gt=F#3 pred=C6 ❌  | doremi: gt=fa# pred=fa# ✅  | hz: gt=184.9972 pred=480.0 ❌
    [1003/1159]   G3 synth_lead  | midi: gt=55 pred=63 ❌  | spn: gt=G3 pred=C6 ❌  | doremi: gt=sol pred=sol# ❌  | hz: gt=195.9977 pred=1200.0 ❌
    [1004/1159]  G#3 synth_lead  | midi: gt=56 pred=56 ✅  | spn: gt=G#3 pred=C6 ❌  | doremi: gt=sol# pred=sol# ✅  | hz: gt=207.6523 pred=1680.0 ❌
    [1005/1159]   A3 synth_lead  | midi: gt=57 pred=45 ❌  | spn: gt=A3 pred=None ❌  | doremi: gt=la pred=sol# ❌  | hz: gt=220.0 pred=1680.0 ❌
    [1006/1159]  A#3 synth_lead  | midi: gt=58 pred=58 ✅  | spn: gt=A#3 pred=A#2 ❌  | doremi: gt=la# pred=fa# ❌  | hz: gt=233.0819 pred=460.0 ❌
    [1007/1159]   B3 synth_lead  | midi: gt=59 pred=46 ❌  | spn: gt=B3 pred=A#2 ❌  | doremi: gt=si pred=fa# ❌  | hz: gt=246.9417 pred=480.0 ❌
    [1008/1159]   C4 synth_lead  | midi: gt=60 pred=60 ✅  | spn: gt=C4 pred=C6 ❌  | doremi: gt=do pred=sol ❌  | hz: gt=261.6256 pred=480.0 ❌
    [1009/1159]  C#4 synth_lead  | midi: gt=61 pred=61 ✅  | spn: gt=C#4 pred=C6 ❌  | doremi: gt=do# pred=fa# ❌  | hz: gt=277.1826 pred=480.0 ❌
    [1010/1159]   D4 synth_lead  | midi: gt=62 pred=63 ❌  | spn: gt=D4 pred=D6 ❌  | doremi: gt=re pred=sol ❌  | hz: gt=293.6648 pred=480.0 ❌
    [1011/1159]  D#4 synth_lead  | midi: gt=63 pred=63 ✅  | spn: gt=D#4 pred=D6 ❌  | doremi: gt=re# pred=sol# ❌  | hz: gt=311.127 pred=1200.0 ❌
    [1012/1159]   E4 synth_lead  | midi: gt=64 pred=64 ✅  | spn: gt=E4 pred=C6 ❌  | doremi: gt=mi pred=sol# ❌  | hz: gt=329.6276 pred=1250.0 ❌
    [1013/1159]   F4 synth_lead  | midi: gt=65 pred=65 ✅  | spn: gt=F4 pred=C6 ❌  | doremi: gt=fa pred=sol# ❌  | hz: gt=349.2282 pred=1052.63 ❌
    [1014/1159]  F#4 synth_lead  | midi: gt=66 pred=65 ❌  | spn: gt=F#4 pred=C6 ❌  | doremi: gt=fa# pred=sol# ❌  | hz: gt=369.9944 pred=480.0 ❌
    [1015/1159]   G4 synth_lead  | midi: gt=67 pred=63 ❌  | spn: gt=G4 pred=C6 ❌  | doremi: gt=sol pred=sol ✅  | hz: gt=391.9954 pred=480.0 ❌
    [1016/1159]  G#4 synth_lead  | midi: gt=68 pred=68 ✅  | spn: gt=G#4 pred=C6 ❌  | doremi: gt=sol# pred=sol# ✅  | hz: gt=415.3047 pred=1058.43 ❌
    [1017/1159]   A4 synth_lead  | midi: gt=69 pred=69 ✅  | spn: gt=A4 pred=C6 ❌  | doremi: gt=la pred=sol# ❌  | hz: gt=440.0 pred=1052.63 ❌
    [1018/1159]  A#4 synth_lead  | midi: gt=70 pred=69 ❌  | spn: gt=A#4 pred=C6 ❌  | doremi: gt=la# pred=sol# ❌  | hz: gt=466.1638 pred=1058.43 ❌
    [1019/1159]   B4 synth_lead  | midi: gt=71 pred=68 ❌  | spn: gt=B4 pred=C6 ❌  | doremi: gt=si pred=sol# ❌  | hz: gt=493.8833 pred=1058.43 ❌
    [1020/1159]   C5 synth_lead  | midi: gt=72 pred=68 ❌  | spn: gt=C5 pred=C6 ❌  | doremi: gt=do pred=sol# ❌  | hz: gt=523.2511 pred=1058.43 ❌
    [1021/1159]  C#5 synth_lead  | midi: gt=73 pred=68 ❌  | spn: gt=C#5 pred=C6 ❌  | doremi: gt=do# pred=sol ❌  | hz: gt=554.3653 pred=480.0 ❌
    [1022/1159]   D5 synth_lead  | midi: gt=74 pred=68 ❌  | spn: gt=D5 pred=D6 ❌  | doremi: gt=re pred=sol ❌  | hz: gt=587.3295 pred=1052.63 ❌
    [1023/1159]  D#5 synth_lead  | midi: gt=75 pred=68 ❌  | spn: gt=D#5 pred=C6 ❌  | doremi: gt=re# pred=sol# ❌  | hz: gt=622.254 pred=1058.47 ❌
    [1024/1159]   E5 synth_lead  | midi: gt=76 pred=68 ❌  | spn: gt=E5 pred=C6 ❌  | doremi: gt=mi pred=sol# ❌  | hz: gt=659.2551 pred=1500.0 ❌
    [1025/1159]   F5 synth_lead  | midi: gt=77 pred=68 ❌  | spn: gt=F5 pred=C6 ❌  | doremi: gt=fa pred=sol# ❌  | hz: gt=698.4565 pred=1500.0 ❌
    [1026/1159]  F#5 synth_lead  | midi: gt=78 pred=68 ❌  | spn: gt=F#5 pred=F#6 ❌  | doremi: gt=fa# pred=sol# ❌  | hz: gt=739.9888 pred=1052.63 ❌
    [1027/1159]   G5 synth_lead  | midi: gt=79 pred=68 ❌  | spn: gt=G5 pred=C6 ❌  | doremi: gt=sol pred=sol# ❌  | hz: gt=783.9909 pred=1680.57 ❌
    [1028/1159]  G#5 synth_lead  | midi: gt=80 pred=68 ❌  | spn: gt=G#5 pred=C6 ❌  | doremi: gt=sol# pred=sol# ✅  | hz: gt=830.6094 pred=1200.0 ❌
    [1029/1159]   A5 synth_lead  | midi: gt=81 pred=69 ❌  | spn: gt=A5 pred=C6 ❌  | doremi: gt=la pred=sol ❌  | hz: gt=880.0 pred=1800.0 ❌
    [1030/1159]  A#5 synth_lead  | midi: gt=82 pred=68 ❌  | spn: gt=A#5 pred=C6 ❌  | doremi: gt=la# pred=sol# ❌  | hz: gt=932.3275 pred=1600.0 ❌
    [1031/1159]   B5 synth_lead  | midi: gt=83 pred=63 ❌  | spn: gt=B5 pred=C6 ❌  | doremi: gt=si pred=sol# ❌  | hz: gt=987.7666 pred=1800.0 ❌
    [1032/1159]   C6 synth_lead  | midi: gt=84 pred=68 ❌  | spn: gt=C6 pred=C6 ✅  | doremi: gt=do pred=sol ❌  | hz: gt=1046.5023 pred=600.0 ❌
    [1033/1159]  C#6 synth_lead  | midi: gt=85 pred=68 ❌  | spn: gt=C#6 pred=C6 ❌  | doremi: gt=do# pred=sol# ❌  | hz: gt=1108.7305 pred=605.0 ❌
    [1034/1159]   D6 synth_lead  | midi: gt=86 pred=69 ❌  | spn: gt=D6 pred=C6 ❌  | doremi: gt=re pred=sol ❌  | hz: gt=1174.6591 pred=605.0 ❌
    [1035/1159]  D#6 synth_lead  | midi: gt=87 pred=63 ❌  | spn: gt=D#6 pred=C6 ❌  | doremi: gt=re# pred=sol# ❌  | hz: gt=1244.5079 pred=1058.43 ❌
    [1036/1159]   E6 synth_lead  | midi: gt=88 pred=69 ❌  | spn: gt=E6 pred=C6 ❌  | doremi: gt=mi pred=sol ❌  | hz: gt=1318.5102 pred=1765.0 ❌
    [1037/1159]   F6 synth_lead  | midi: gt=89 pred=65 ❌  | spn: gt=F6 pred=C6 ❌  | doremi: gt=fa pred=sol ❌  | hz: gt=1396.9129 pred=480.0 ❌
    [1038/1159]   F1 synth_pad  | midi: gt=29 pred=36 ❌  | spn: gt=F1 pred=C2 ❌  | doremi: gt=fa pred=fa# ❌  | hz: gt=43.6535 pred=105.26 ❌
    [1039/1159]  F#1 synth_pad  | midi: gt=30 pred=36 ❌  | spn: gt=F#1 pred=C4 ❌  | doremi: gt=fa# pred=fa# ✅  | hz: gt=46.2493 pred=1052.63 ❌
    [1040/1159]   G1 synth_pad  | midi: gt=31 pred=36 ❌  | spn: gt=G1 pred=C4 ❌  | doremi: gt=sol pred=fa# ❌  | hz: gt=48.9994 pred=1052.63 ❌
    [1041/1159]  G#1 synth_pad  | midi: gt=32 pred=45 ❌  | spn: gt=G#1 pred=C6 ❌  | doremi: gt=sol# pred=fa# ❌  | hz: gt=51.9131 pred=1052.63 ❌
    [1042/1159]   A1 synth_pad  | midi: gt=33 pred=48 ❌  | spn: gt=A1 pred=C4 ❌  | doremi: gt=la pred=fa# ❌  | hz: gt=55.0 pred=450.0 ❌
    [1043/1159]  A#1 synth_pad  | midi: gt=34 pred=48 ❌  | spn: gt=A#1 pred=C6 ❌  | doremi: gt=la# pred=fa# ❌  | hz: gt=58.2705 pred=1052.63 ❌
    [1044/1159]   B1 synth_pad  | midi: gt=35 pred=48 ❌  | spn: gt=B1 pred=C6 ❌  | doremi: gt=si pred=fa# ❌  | hz: gt=61.7354 pred=480.0 ❌
    [1045/1159]   C2 synth_pad  | midi: gt=36 pred=64 ❌  | spn: gt=C2 pred=C4 ❌  | doremi: gt=do pred=fa# ❌  | hz: gt=65.4064 pred=480.0 ❌
    [1046/1159]  C#2 synth_pad  | midi: gt=37 pred=63 ❌  | spn: gt=C#2 pred=C6 ❌  | doremi: gt=do# pred=fa# ❌  | hz: gt=69.2957 pred=1052.63 ❌
    [1047/1159]   D2 synth_pad  | midi: gt=38 pred=64 ❌  | spn: gt=D2 pred=C6 ❌  | doremi: gt=re pred=fa# ❌  | hz: gt=73.4162 pred=450.0 ❌
    [1048/1159]  D#2 synth_pad  | midi: gt=39 pred=54 ❌  | spn: gt=D#2 pred=C6 ❌  | doremi: gt=re# pred=fa# ❌  | hz: gt=77.7817 pred=450.0 ❌
    [1049/1159]   E2 synth_pad  | midi: gt=40 pred=64 ❌  | spn: gt=E2 pred=C6 ❌  | doremi: gt=mi pred=fa# ❌  | hz: gt=82.4069 pred=450.0 ❌
    [1050/1159]   F2 synth_pad  | midi: gt=41 pred=65 ❌  | spn: gt=F2 pred=C6 ❌  | doremi: gt=fa pred=fa# ❌  | hz: gt=87.3071 pred=480.0 ❌
    [1051/1159]  F#2 synth_pad  | midi: gt=42 pred=65 ❌  | spn: gt=F#2 pred=C6 ❌  | doremi: gt=fa# pred=fa# ✅  | hz: gt=92.4986 pred=1052.63 ❌
    [1052/1159]   G2 synth_pad  | midi: gt=43 pred=63 ❌  | spn: gt=G2 pred=G2 ✅  | doremi: gt=sol pred=sol ✅  | hz: gt=97.9989 pred=450.0 ❌
    [1053/1159]  G#2 synth_pad  | midi: gt=44 pred=45 ❌  | spn: gt=G#2 pred=C#6 ❌  | doremi: gt=sol# pred=fa# ❌  | hz: gt=103.8262 pred=480.0 ❌
    [1054/1159]   A2 synth_pad  | midi: gt=45 pred=64 ❌  | spn: gt=A2 pred=None ❌  | doremi: gt=la pred=fa# ❌  | hz: gt=110.0 pred=450.0 ❌
    [1055/1159]  A#2 synth_pad  | midi: gt=46 pred=58 ❌  | spn: gt=A#2 pred=C6 ❌  | doremi: gt=la# pred=fa# ❌  | hz: gt=116.5409 pred=480.0 ❌
    [1056/1159]   B2 synth_pad  | midi: gt=47 pred=48 ❌  | spn: gt=B2 pred=A#6 ❌  | doremi: gt=si pred=fa# ❌  | hz: gt=123.4708 pred=480.0 ❌
    [1057/1159]   C3 synth_pad  | midi: gt=48 pred=48 ✅  | spn: gt=C3 pred=C6 ❌  | doremi: gt=do pred=sol ❌  | hz: gt=130.8128 pred=480.0 ❌
    [1058/1159]  C#3 synth_pad  | midi: gt=49 pred=63 ❌  | spn: gt=C#3 pred=C6 ❌  | doremi: gt=do# pred=fa# ❌  | hz: gt=138.5913 pred=480.0 ❌
    [1059/1159]   D3 synth_pad  | midi: gt=50 pred=65 ❌  | spn: gt=D3 pred=C6 ❌  | doremi: gt=re pred=fa# ❌  | hz: gt=146.8324 pred=493.88 ❌
    [1060/1159]  D#3 synth_pad  | midi: gt=51 pred=63 ❌  | spn: gt=D#3 pred=C6 ❌  | doremi: gt=re# pred=fa# ❌  | hz: gt=155.5635 pred=493.88 ❌
    [1061/1159]   E3 synth_pad  | midi: gt=52 pred=63 ❌  | spn: gt=E3 pred=C4 ❌  | doremi: gt=mi pred=fa# ❌  | hz: gt=164.8138 pred=480.0 ❌
    [1062/1159]   F3 synth_pad  | midi: gt=53 pred=65 ❌  | spn: gt=F3 pred=C6 ❌  | doremi: gt=fa pred=fa# ❌  | hz: gt=174.6141 pred=480.0 ❌
    [1063/1159]  F#3 synth_pad  | midi: gt=54 pred=65 ❌  | spn: gt=F#3 pred=C6 ❌  | doremi: gt=fa# pred=fa# ✅  | hz: gt=184.9972 pred=480.0 ❌
    [1064/1159]   G3 synth_pad  | midi: gt=55 pred=64 ❌  | spn: gt=G3 pred=C6 ❌  | doremi: gt=sol pred=sol ✅  | hz: gt=195.9977 pred=480.0 ❌
    [1065/1159]  G#3 synth_pad  | midi: gt=56 pred=68 ❌  | spn: gt=G#3 pred=C6 ❌  | doremi: gt=sol# pred=fa# ❌  | hz: gt=207.6523 pred=480.0 ❌
    [1066/1159]   A3 synth_pad  | midi: gt=57 pred=69 ❌  | spn: gt=A3 pred=C6 ❌  | doremi: gt=la pred=fa# ❌  | hz: gt=220.0 pred=493.88 ❌
    [1067/1159]  A#3 synth_pad  | midi: gt=58 pred=65 ❌  | spn: gt=A#3 pred=C6 ❌  | doremi: gt=la# pred=fa# ❌  | hz: gt=233.0819 pred=1058.43 ❌
    [1068/1159]   B3 synth_pad  | midi: gt=59 pred=65 ❌  | spn: gt=B3 pred=C6 ❌  | doremi: gt=si pred=fa# ❌  | hz: gt=246.9417 pred=480.0 ❌
    [1069/1159]   C4 synth_pad  | midi: gt=60 pred=64 ❌  | spn: gt=C4 pred=C6 ❌  | doremi: gt=do pred=sol ❌  | hz: gt=261.6256 pred=480.0 ❌
    [1070/1159]  C#4 synth_pad  | midi: gt=61 pred=65 ❌  | spn: gt=C#4 pred=C6 ❌  | doremi: gt=do# pred=fa# ❌  | hz: gt=277.1826 pred=605.0 ❌
    [1071/1159]   D4 synth_pad  | midi: gt=62 pred=69 ❌  | spn: gt=D4 pred=D6 ❌  | doremi: gt=re pred=sol ❌  | hz: gt=293.6648 pred=493.88 ❌
    [1072/1159]  D#4 synth_pad  | midi: gt=63 pred=63 ✅  | spn: gt=D#4 pred=D6 ❌  | doremi: gt=re# pred=sol# ❌  | hz: gt=311.127 pred=6750.0 ❌
    [1073/1159]   E4 synth_pad  | midi: gt=64 pred=65 ❌  | spn: gt=E4 pred=C6 ❌  | doremi: gt=mi pred=fa# ❌  | hz: gt=329.6276 pred=659.34 ❌
    [1074/1159]   F4 synth_pad  | midi: gt=65 pred=65 ✅  | spn: gt=F4 pred=C6 ❌  | doremi: gt=fa pred=fa# ❌  | hz: gt=349.2282 pred=659.34 ❌
    [1075/1159]  F#4 synth_pad  | midi: gt=66 pred=65 ❌  | spn: gt=F#4 pred=C6 ❌  | doremi: gt=fa# pred=sol# ❌  | hz: gt=369.9944 pred=659.34 ❌
    [1076/1159]   G4 synth_pad  | midi: gt=67 pred=69 ❌  | spn: gt=G4 pred=C6 ❌  | doremi: gt=sol pred=sol ✅  | hz: gt=391.9954 pred=659.34 ❌
    [1077/1159]  G#4 synth_pad  | midi: gt=68 pred=68 ✅  | spn: gt=G#4 pred=C6 ❌  | doremi: gt=sol# pred=sol# ✅  | hz: gt=415.3047 pred=480.0 ❌
    [1078/1159]   A4 synth_pad  | midi: gt=69 pred=69 ✅  | spn: gt=A4 pred=None ❌  | doremi: gt=la pred=fa# ❌  | hz: gt=440.0 pred=1034.52 ❌
    [1079/1159]  A#4 synth_pad  | midi: gt=70 pred=69 ❌  | spn: gt=A#4 pred=None ❌  | doremi: gt=la# pred=fa# ❌  | hz: gt=466.1638 pred=1058.43 ❌
    [1080/1159]   B4 synth_pad  | midi: gt=71 pred=68 ❌  | spn: gt=B4 pred=B4 ✅  | doremi: gt=si pred=fa# ❌  | hz: gt=493.8833 pred=1034.52 ❌
    [1081/1159]   C5 synth_pad  | midi: gt=72 pred=68 ❌  | spn: gt=C5 pred=C6 ❌  | doremi: gt=do pred=sol ❌  | hz: gt=523.2511 pred=480.0 ❌
    [1082/1159]  C#5 synth_pad  | midi: gt=73 pred=69 ❌  | spn: gt=C#5 pred=C6 ❌  | doremi: gt=do# pred=sol# ❌  | hz: gt=554.3653 pred=605.0 ❌
    [1083/1159]   D5 synth_pad  | midi: gt=74 pred=69 ❌  | spn: gt=D5 pred=D6 ❌  | doremi: gt=re pred=sol# ❌  | hz: gt=587.3295 pred=6250.0 ❌
    [1084/1159]  D#5 synth_pad  | midi: gt=75 pred=63 ❌  | spn: gt=D#5 pred=C6 ❌  | doremi: gt=re# pred=sol# ❌  | hz: gt=622.254 pred=1200.0 ❌
    [1085/1159]   E5 synth_pad  | midi: gt=76 pred=69 ❌  | spn: gt=E5 pred=C6 ❌  | doremi: gt=mi pred=sol# ❌  | hz: gt=659.2551 pred=1034.52 ❌
    [1086/1159]   F5 synth_pad  | midi: gt=77 pred=69 ❌  | spn: gt=F5 pred=C6 ❌  | doremi: gt=fa pred=sol# ❌  | hz: gt=698.4565 pred=1046.52 ❌
    [1087/1159]  F#5 synth_pad  | midi: gt=78 pred=69 ❌  | spn: gt=F#5 pred=C6 ❌  | doremi: gt=fa# pred=sol# ❌  | hz: gt=739.9888 pred=1052.63 ❌
    [1088/1159]   G5 synth_pad  | midi: gt=79 pred=69 ❌  | spn: gt=G5 pred=C6 ❌  | doremi: gt=sol pred=sol# ❌  | hz: gt=783.9909 pred=1034.52 ❌
    [1089/1159]  G#5 synth_pad  | midi: gt=80 pred=83 ❌  | spn: gt=G#5 pred=C6 ❌  | doremi: gt=sol# pred=sol# ✅  | hz: gt=830.6094 pred=1052.63 ❌
    [1090/1159]   A5 synth_pad  | midi: gt=81 pred=69 ❌  | spn: gt=A5 pred=A6 ❌  | doremi: gt=la pred=sol# ❌  | hz: gt=880.0 pred=8250.0 ❌
    [1091/1159]  A#5 synth_pad  | midi: gt=82 pred=83 ❌  | spn: gt=A#5 pred=A7 ❌  | doremi: gt=la# pred=sol# ❌  | hz: gt=932.3275 pred=8250.0 ❌
    [1092/1159]   B5 synth_pad  | midi: gt=83 pred=84 ❌  | spn: gt=B5 pred=A#6 ❌  | doremi: gt=si pred=sol# ❌  | hz: gt=987.7666 pred=1034.52 ❌
    [1093/1159]   C6 synth_pad  | midi: gt=84 pred=68 ❌  | spn: gt=C6 pred=C6 ✅  | doremi: gt=do pred=sol# ❌  | hz: gt=1046.5023 pred=1075.83 ❌
    [1094/1159]  C#6 synth_pad  | midi: gt=85 pred=85 ✅  | spn: gt=C#6 pred=C6 ❌  | doremi: gt=do# pred=sol# ❌  | hz: gt=1108.7305 pred=1200.0 ❌
    [1095/1159]   D6 synth_pad  | midi: gt=86 pred=69 ❌  | spn: gt=D6 pred=C6 ❌  | doremi: gt=re pred=sol# ❌  | hz: gt=1174.6591 pred=1058.47 ❌
    [1096/1159]  D#6 synth_pad  | midi: gt=87 pred=83 ❌  | spn: gt=D#6 pred=C6 ❌  | doremi: gt=re# pred=sol# ❌  | hz: gt=1244.5079 pred=1052.63 ❌
    [1097/1159]   E6 synth_pad  | midi: gt=88 pred=69 ❌  | spn: gt=E6 pred=C6 ❌  | doremi: gt=mi pred=sol# ❌  | hz: gt=1318.5102 pred=1034.52 ❌
    [1098/1159]   F6 synth_pad  | midi: gt=89 pred=69 ❌  | spn: gt=F6 pred=C6 ❌  | doremi: gt=fa pred=sol# ❌  | hz: gt=1396.9129 pred=1034.52 ❌
    [1099/1159]   F1 voice  | midi: gt=29 pred=36 ❌  | spn: gt=F1 pred=C2 ❌  | doremi: gt=fa pred=fa# ❌  | hz: gt=43.6535 pred=1250.0 ❌
    [1100/1159]  F#1 voice  | midi: gt=30 pred=43 ❌  | spn: gt=F#1 pred=C2 ❌  | doremi: gt=fa# pred=fa# ✅  | hz: gt=46.2493 pred=105.26 ❌
    [1101/1159]   G1 voice  | midi: gt=31 pred=36 ❌  | spn: gt=G1 pred=C2 ❌  | doremi: gt=sol pred=fa# ❌  | hz: gt=48.9994 pred=1250.0 ❌
    [1102/1159]  G#1 voice  | midi: gt=32 pred=36 ❌  | spn: gt=G#1 pred=C2 ❌  | doremi: gt=sol# pred=fa# ❌  | hz: gt=51.9131 pred=1250.0 ❌
    [1103/1159]   A1 voice  | midi: gt=33 pred=43 ❌  | spn: gt=A1 pred=C2 ❌  | doremi: gt=la pred=fa# ❌  | hz: gt=55.0 pred=1250.0 ❌
    [1104/1159]  A#1 voice  | midi: gt=34 pred=36 ❌  | spn: gt=A#1 pred=C2 ❌  | doremi: gt=la# pred=sol ❌  | hz: gt=58.2705 pred=120.0 ❌
    [1105/1159]   B1 voice  | midi: gt=35 pred=63 ❌  | spn: gt=B1 pred=C4 ❌  | doremi: gt=si pred=fa# ❌  | hz: gt=61.7354 pred=1250.0 ❌
    [1106/1159]   C2 voice  | midi: gt=36 pred=48 ❌  | spn: gt=C2 pred=C2 ✅  | doremi: gt=do pred=fa# ❌  | hz: gt=65.4064 pred=1250.0 ❌
    [1107/1159]  C#2 voice  | midi: gt=37 pred=48 ❌  | spn: gt=C#2 pred=C2 ❌  | doremi: gt=do# pred=fa# ❌  | hz: gt=69.2957 pred=1250.0 ❌
    [1108/1159]   D2 voice  | midi: gt=38 pred=48 ❌  | spn: gt=D2 pred=C4 ❌  | doremi: gt=re pred=fa# ❌  | hz: gt=73.4162 pred=1250.0 ❌
    [1109/1159]  D#2 voice  | midi: gt=39 pred=63 ❌  | spn: gt=D#2 pred=C4 ❌  | doremi: gt=re# pred=fa# ❌  | hz: gt=77.7817 pred=1250.0 ❌
    [1110/1159]   E2 voice  | midi: gt=40 pred=63 ❌  | spn: gt=E2 pred=C4 ❌  | doremi: gt=mi pred=fa# ❌  | hz: gt=82.4069 pred=120.0 ❌
    [1111/1159]   F2 voice  | midi: gt=41 pred=63 ❌  | spn: gt=F2 pred=C4 ❌  | doremi: gt=fa pred=fa# ❌  | hz: gt=87.3071 pred=480.0 ❌
    [1112/1159]  F#2 voice  | midi: gt=42 pred=48 ❌  | spn: gt=F#2 pred=C4 ❌  | doremi: gt=fa# pred=fa# ✅  | hz: gt=92.4986 pred=120.0 ❌
    [1113/1159]   G2 voice  | midi: gt=43 pred=63 ❌  | spn: gt=G2 pred=None ❌  | doremi: gt=sol pred=sol ✅  | hz: gt=97.9989 pred=435.0 ❌
    [1114/1159]  G#2 voice  | midi: gt=44 pred=63 ❌  | spn: gt=G#2 pred=C4 ❌  | doremi: gt=sol# pred=sol ❌  | hz: gt=103.8262 pred=120.0 ❌
    [1115/1159]   A2 voice  | midi: gt=45 pred=58 ❌  | spn: gt=A2 pred=None ❌  | doremi: gt=la pred=sol ❌  | hz: gt=110.0 pred=450.0 ❌
    [1116/1159]  A#2 voice  | midi: gt=46 pred=45 ❌  | spn: gt=A#2 pred=None ❌  | doremi: gt=la# pred=fa# ❌  | hz: gt=116.5409 pred=450.0 ❌
    [1117/1159]   B2 voice  | midi: gt=47 pred=63 ❌  | spn: gt=B2 pred=C4 ❌  | doremi: gt=si pred=fa# ❌  | hz: gt=123.4708 pred=480.0 ❌
    [1118/1159]   C3 voice  | midi: gt=48 pred=60 ❌  | spn: gt=C3 pred=C4 ❌  | doremi: gt=do pred=sol ❌  | hz: gt=130.8128 pred=480.0 ❌
    [1119/1159]  C#3 voice  | midi: gt=49 pred=60 ❌  | spn: gt=C#3 pred=C2 ❌  | doremi: gt=do# pred=sol ❌  | hz: gt=138.5913 pred=480.0 ❌
    [1120/1159]   D3 voice  | midi: gt=50 pred=63 ❌  | spn: gt=D3 pred=C2 ❌  | doremi: gt=re pred=sol ❌  | hz: gt=146.8324 pred=480.0 ❌
    [1121/1159]  D#3 voice  | midi: gt=51 pred=63 ❌  | spn: gt=D#3 pred=C4 ❌  | doremi: gt=re# pred=sol ❌  | hz: gt=155.5635 pred=480.0 ❌
    [1122/1159]   E3 voice  | midi: gt=52 pred=53 ❌  | spn: gt=E3 pred=C4 ❌  | doremi: gt=mi pred=sol ❌  | hz: gt=164.8138 pred=120.0 ❌
    [1123/1159]   F3 voice  | midi: gt=53 pred=65 ❌  | spn: gt=F3 pred=C4 ❌  | doremi: gt=fa pred=sol ❌  | hz: gt=174.6141 pred=480.0 ❌
    [1124/1159]  F#3 voice  | midi: gt=54 pred=65 ❌  | spn: gt=F#3 pred=C4 ❌  | doremi: gt=fa# pred=sol ❌  | hz: gt=184.9972 pred=480.0 ❌
    [1125/1159]   G3 voice  | midi: gt=55 pred=63 ❌  | spn: gt=G3 pred=C4 ❌  | doremi: gt=sol pred=sol ✅  | hz: gt=195.9977 pred=105.26 ❌
    [1126/1159]  G#3 voice  | midi: gt=56 pred=68 ❌  | spn: gt=G#3 pred=None ❌  | doremi: gt=sol# pred=sol ❌  | hz: gt=207.6523 pred=435.0 ❌
    [1127/1159]   A3 voice  | midi: gt=57 pred=69 ❌  | spn: gt=A3 pred=None ❌  | doremi: gt=la pred=sol ❌  | hz: gt=220.0 pred=450.0 ❌
    [1128/1159]  A#3 voice  | midi: gt=58 pred=58 ✅  | spn: gt=A#3 pred=None ❌  | doremi: gt=la# pred=sol ❌  | hz: gt=233.0819 pred=450.0 ❌
    [1129/1159]   B3 voice  | midi: gt=59 pred=63 ❌  | spn: gt=B3 pred=C4 ❌  | doremi: gt=si pred=sol ❌  | hz: gt=246.9417 pred=450.0 ❌
    [1130/1159]   C4 voice  | midi: gt=60 pred=63 ❌  | spn: gt=C4 pred=C6 ❌  | doremi: gt=do pred=sol ❌  | hz: gt=261.6256 pred=480.0 ❌
    [1131/1159]  C#4 voice  | midi: gt=61 pred=63 ❌  | spn: gt=C#4 pred=C6 ❌  | doremi: gt=do# pred=sol ❌  | hz: gt=277.1826 pred=480.0 ❌
    [1132/1159]   D4 voice  | midi: gt=62 pred=69 ❌  | spn: gt=D4 pred=C6 ❌  | doremi: gt=re pred=sol ❌  | hz: gt=293.6648 pred=480.0 ❌
    [1133/1159]  D#4 voice  | midi: gt=63 pred=63 ✅  | spn: gt=D#4 pred=C6 ❌  | doremi: gt=re# pred=sol ❌  | hz: gt=311.127 pred=420.0 ❌
    [1134/1159]   E4 voice  | midi: gt=64 pred=64 ✅  | spn: gt=E4 pred=E4 ✅  | doremi: gt=mi pred=sol ❌  | hz: gt=329.6276 pred=640.0 ❌
    [1135/1159]   F4 voice  | midi: gt=65 pred=65 ✅  | spn: gt=F4 pred=E4 ❌  | doremi: gt=fa pred=sol ❌  | hz: gt=349.2282 pred=659.3 ❌
    [1136/1159]  F#4 voice  | midi: gt=66 pred=65 ❌  | spn: gt=F#4 pred=F#6 ❌  | doremi: gt=fa# pred=sol ❌  | hz: gt=369.9944 pred=659.32 ❌
    [1137/1159]   G4 voice  | midi: gt=67 pred=69 ❌  | spn: gt=G4 pred=C4 ❌  | doremi: gt=sol pred=sol ✅  | hz: gt=391.9954 pred=435.0 ❌
    [1138/1159]  G#4 voice  | midi: gt=68 pred=68 ✅  | spn: gt=G#4 pred=C6 ❌  | doremi: gt=sol# pred=sol ❌  | hz: gt=415.3047 pred=435.0 ❌
    [1139/1159]   A4 voice  | midi: gt=69 pred=69 ✅  | spn: gt=A4 pred=C6 ❌  | doremi: gt=la pred=sol ❌  | hz: gt=440.0 pred=450.0 ❌
    [1140/1159]  A#4 voice  | midi: gt=70 pred=69 ❌  | spn: gt=A#4 pred=C6 ❌  | doremi: gt=la# pred=sol# ❌  | hz: gt=466.1638 pred=695.0 ❌
    [1141/1159]   B4 voice  | midi: gt=71 pred=68 ❌  | spn: gt=B4 pred=C6 ❌  | doremi: gt=si pred=sol# ❌  | hz: gt=493.8833 pred=600.0 ❌
    [1142/1159]   C5 voice  | midi: gt=72 pred=60 ❌  | spn: gt=C5 pred=C6 ❌  | doremi: gt=do pred=sol ❌  | hz: gt=523.2511 pred=600.0 ❌
    [1143/1159]  C#5 voice  | midi: gt=73 pred=68 ❌  | spn: gt=C#5 pred=C6 ❌  | doremi: gt=do# pred=sol# ❌  | hz: gt=554.3653 pred=605.0 ❌
    [1144/1159]   D5 voice  | midi: gt=74 pred=62 ❌  | spn: gt=D5 pred=C6 ❌  | doremi: gt=re pred=sol ❌  | hz: gt=587.3295 pred=625.0 ❌
    [1145/1159]  D#5 voice  | midi: gt=75 pred=63 ❌  | spn: gt=D#5 pred=C6 ❌  | doremi: gt=re# pred=sol# ❌  | hz: gt=622.254 pred=625.0 ✅
    [1146/1159]   E5 voice  | midi: gt=76 pred=64 ❌  | spn: gt=E5 pred=C6 ❌  | doremi: gt=mi pred=sol# ❌  | hz: gt=659.2551 pred=640.0 ❌
    [1147/1159]   F5 voice  | midi: gt=77 pred=65 ❌  | spn: gt=F5 pred=C6 ❌  | doremi: gt=fa pred=sol# ❌  | hz: gt=698.4565 pred=650.0 ❌
    [1148/1159]  F#5 voice  | midi: gt=78 pred=68 ❌  | spn: gt=F#5 pred=C6 ❌  | doremi: gt=fa# pred=sol# ❌  | hz: gt=739.9888 pred=6750.0 ❌
    [1149/1159]   G5 voice  | midi: gt=79 pred=67 ❌  | spn: gt=G5 pred=C6 ❌  | doremi: gt=sol pred=sol# ❌  | hz: gt=783.9909 pred=675.0 ❌
    [1150/1159]  G#5 voice  | midi: gt=80 pred=68 ❌  | spn: gt=G#5 pred=C6 ❌  | doremi: gt=sol# pred=sol# ✅  | hz: gt=830.6094 pred=840.0 ❌
    [1151/1159]   A5 voice  | midi: gt=81 pred=69 ❌  | spn: gt=A5 pred=None ❌  | doremi: gt=la pred=sol ❌  | hz: gt=880.0 pred=8150.0 ❌
    [1152/1159]  A#5 voice  | midi: gt=82 pred=83 ❌  | spn: gt=A#5 pred=C6 ❌  | doremi: gt=la# pred=sol# ❌  | hz: gt=932.3275 pred=825.0 ❌
    [1153/1159]   B5 voice  | midi: gt=83 pred=83 ✅  | spn: gt=B5 pred=C6 ❌  | doremi: gt=si pred=sol# ❌  | hz: gt=987.7666 pred=8250.0 ❌
    [1154/1159]   C6 voice  | midi: gt=84 pred=84 ✅  | spn: gt=C6 pred=C6 ✅  | doremi: gt=do pred=sol# ❌  | hz: gt=1046.5023 pred=840.0 ❌
    [1155/1159]  C#6 voice  | midi: gt=85 pred=85 ✅  | spn: gt=C#6 pred=C6 ❌  | doremi: gt=do# pred=sol# ❌  | hz: gt=1108.7305 pred=845.0 ❌
    [1156/1159]   D6 voice  | midi: gt=86 pred=86 ✅  | spn: gt=D6 pred=C6 ❌  | doremi: gt=re pred=sol# ❌  | hz: gt=1174.6591 pred=840.0 ❌
    [1157/1159]  D#6 voice  | midi: gt=87 pred=85 ❌  | spn: gt=D#6 pred=C6 ❌  | doremi: gt=re# pred=sol# ❌  | hz: gt=1244.5079 pred=1034.52 ❌
    [1158/1159]   E6 voice  | midi: gt=88 pred=86 ❌  | spn: gt=E6 pred=C6 ❌  | doremi: gt=mi pred=sol# ❌  | hz: gt=1318.5102 pred=8125.0 ❌
    [1159/1159]   F6 voice  | midi: gt=89 pred=84 ❌  | spn: gt=F6 pred=C6 ❌  | doremi: gt=fa pred=sol# ❌  | hz: gt=1396.9129 pred=890.63 ❌

============================================================
SUMMARY — audio_flamingo_next_instruct
  Sampling     : none (full set of 1159)
  Stimuli (total)     : 1159
  Stimuli (condition) : 1159  (all records)

  Format   Accuracy
  ──────────────────
    MIDI      31.9%
     SPN       7.6%
  DOREMI      10.9%
      HZ       1.0%
     ANY      43.2%

  *** WARNING: working tree has uncommitted changes — results will NOT be exactly reproducible from git_commit alone ***


Results saved → results/run_20260505_112814/pitchbench_a1_pitch_id/run_001_20260505_112814/results_audio_flamingo_next_instruct.*

############################################################
# pitchbench_a2_pitch_with_reference
############################################################

Experiment : pitchbench_a2_pitch_with_reference
Models     : audio_flamingo_next_instruct
Stimuli    : 130
  Sampling     : 65 of 2470 (stratified by '(ref_midi, interval)', seed=42)

  Model : Audio Flamingo Next – instruct
    [dispatch] 130 items, max_workers=1
    [   1/130] anchored r=F#2 i=-12 sine  | midi: gt=30 pred=50 ❌  | spn: gt=F#1 pred=F#1 ✅  | doremi: gt=fa# pred=si ❌  | hz: gt=46.2493 pred=187.5 ❌
    [   2/130] baseline r=F#2 i=-12 sine  | midi: gt=30 pred=35 ❌  | spn: gt=F#1 pred=C2 ❌  | doremi: gt=fa# pred=sol ❌  | hz: gt=46.2493 pred=25.0 ❌
    [   3/130] anchored r=F#2 i= -7 piano  | midi: gt=35 pred=39 ❌  | spn: gt=B1 pred=F#3 ❌  | doremi: gt=si pred=si ✅  | hz: gt=61.7354 pred=184.73 ❌
    [   4/130] baseline r=F#2 i= -7 piano  | midi: gt=35 pred=35 ✅  | spn: gt=B1 pred=C5 ❌  | doremi: gt=si pred=fa# ❌  | hz: gt=61.7354 pred=349.28 ❌
    [   5/130] anchored r=F#2 i= -5 flute  | midi: gt=37 pred=50 ❌  | spn: gt=C#2 pred=F#1 ❌  | doremi: gt=do# pred=si ❌  | hz: gt=69.2957 pred=184.73 ❌
    [   6/130] baseline r=F#2 i= -5 flute  | midi: gt=37 pred=45 ❌  | spn: gt=C#2 pred=C2 ❌  | doremi: gt=do# pred=sol ❌  | hz: gt=69.2957 pred=120.0 ❌
    [   7/130] anchored r=F#2 i= -4 flute  | midi: gt=38 pred=50 ❌  | spn: gt=D2 pred=F#1 ❌  | doremi: gt=re pred=si ❌  | hz: gt=73.4162 pred=184.73 ❌
    [   8/130] baseline r=F#2 i= -4 flute  | midi: gt=38 pred=43 ❌  | spn: gt=D2 pred=C2 ❌  | doremi: gt=re pred=sol ❌  | hz: gt=73.4162 pred=125.0 ❌
    [   9/130] anchored r=F#2 i= -3 trumpet  | midi: gt=39 pred=39 ✅  | spn: gt=D#2 pred=F#3 ❌  | doremi: gt=re# pred=si ❌  | hz: gt=77.7817 pred=184.73 ❌
    [  10/130] baseline r=F#2 i= -3 trumpet  | midi: gt=39 pred=38 ❌  | spn: gt=D#2 pred=C2 ❌  | doremi: gt=re# pred=do ❌  | hz: gt=77.7817 pred=35.0 ❌
    [  11/130] anchored r=F#2 i= -1 triangle  | midi: gt=41 pred=50 ❌  | spn: gt=F2 pred=F#5 ❌  | doremi: gt=fa pred=sol ❌  | hz: gt=87.3071 pred=184.73 ❌
    [  12/130] baseline r=F#2 i= -1 triangle  | midi: gt=41 pred=43 ❌  | spn: gt=F2 pred=F#2 ❌  | doremi: gt=fa pred=fa# ❌  | hz: gt=87.3071 pred=150.0 ❌
    [  13/130] anchored r=F#2 i= +0 triangle  | midi: gt=42 pred=50 ❌  | spn: gt=F#2 pred=F#5 ❌  | doremi: gt=fa# pred=si ❌  | hz: gt=92.4986 pred=184.73 ❌
    [  14/130] baseline r=F#2 i= +0 triangle  | midi: gt=42 pred=43 ❌  | spn: gt=F#2 pred=F#2 ✅  | doremi: gt=fa# pred=fa# ✅  | hz: gt=92.4986 pred=435.0 ❌
    [  15/130] anchored r=F#2 i= +1 synth_pad  | midi: gt=43 pred=50 ❌  | spn: gt=G2 pred=F#5 ❌  | doremi: gt=sol pred=fa# ❌  | hz: gt=97.9989 pred=185.0 ❌
    [  16/130] baseline r=F#2 i= +1 synth_pad  | midi: gt=43 pred=63 ❌  | spn: gt=G2 pred=G2 ✅  | doremi: gt=sol pred=fa# ❌  | hz: gt=97.9989 pred=450.0 ❌
    [  17/130] anchored r=F#2 i= +3 voice  | midi: gt=45 pred=50 ❌  | spn: gt=A2 pred=F#5 ❌  | doremi: gt=la pred=si ❌  | hz: gt=110.0 pred=184.73 ❌
    [  18/130] baseline r=F#2 i= +3 voice  | midi: gt=45 pred=58 ❌  | spn: gt=A2 pred=A5 ❌  | doremi: gt=la pred=fa# ❌  | hz: gt=110.0 pred=1052.63 ❌
    [  19/130] anchored r=F#2 i= +4 cello  | midi: gt=46 pred=50 ❌  | spn: gt=A#2 pred=F#3 ❌  | doremi: gt=la# pred=si ❌  | hz: gt=116.5409 pred=184.73 ❌
    [  20/130] baseline r=F#2 i= +4 cello  | midi: gt=46 pred=45 ❌  | spn: gt=A#2 pred=None ❌  | doremi: gt=la# pred=sol ❌  | hz: gt=116.5409 pred=450.0 ❌
    [  21/130] anchored r=F#2 i= +5 sawtooth  | midi: gt=47 pred=59 ❌  | spn: gt=B2 pred=F#5 ❌  | doremi: gt=si pred=la# ❌  | hz: gt=123.4708 pred=184.73 ❌
    [  22/130] baseline r=F#2 i= +5 sawtooth  | midi: gt=47 pred=45 ❌  | spn: gt=B2 pred=B2 ✅  | doremi: gt=si pred=fa# ❌  | hz: gt=123.4708 pred=450.0 ❌
    [  23/130] anchored r=F#2 i= +7 sine  | midi: gt=49 pred=50 ❌  | spn: gt=C#3 pred=F#5 ❌  | doremi: gt=do# pred=si ❌  | hz: gt=138.5913 pred=185.0 ❌
    [  24/130] baseline r=F#2 i= +7 sine  | midi: gt=49 pred=48 ❌  | spn: gt=C#3 pred=C5 ❌  | doremi: gt=do# pred=do# ✅  | hz: gt=138.5913 pred=107.65 ❌
    [  25/130] anchored r=F#2 i=+12 square  | midi: gt=54 pred=50 ❌  | spn: gt=F#3 pred=F#5 ❌  | doremi: gt=fa# pred=si ❌  | hz: gt=184.9972 pred=184.73 ✅
    [  26/130] baseline r=F#2 i=+12 square  | midi: gt=54 pred=54 ✅  | spn: gt=F#3 pred=F#5 ❌  | doremi: gt=fa# pred=fa# ✅  | hz: gt=184.9972 pred=166.67 ❌
    [  27/130] anchored r= F3 i=-12 guitar  | midi: gt=41 pred=49 ❌  | spn: gt=F2 pred=F#3 ❌  | doremi: gt=fa pred=fa# ❌  | hz: gt=87.3071 pred=250.38 ❌
    [  28/130] baseline r= F3 i=-12 guitar  | midi: gt=41 pred=48 ❌  | spn: gt=F2 pred=F#2 ❌  | doremi: gt=fa pred=fa# ❌  | hz: gt=87.3071 pred=450.0 ❌
    [  29/130] anchored r= F3 i= -7 synth_pad  | midi: gt=46 pred=61 ❌  | spn: gt=A#2 pred=F2 ❌  | doremi: gt=la# pred=fa# ❌  | hz: gt=116.5409 pred=250.0 ❌
    [  30/130] baseline r= F3 i= -7 synth_pad  | midi: gt=46 pred=58 ❌  | spn: gt=A#2 pred=C5 ❌  | doremi: gt=la# pred=fa# ❌  | hz: gt=116.5409 pred=460.0 ❌
    [  31/130] anchored r= F3 i= -5 sine  | midi: gt=48 pred=61 ❌  | spn: gt=C3 pred=F2 ❌  | doremi: gt=do pred=fa# ❌  | hz: gt=130.8128 pred=208.35 ❌
    [  32/130] baseline r= F3 i= -5 sine  | midi: gt=48 pred=48 ✅  | spn: gt=C3 pred=C2 ❌  | doremi: gt=do pred=do# ❌  | hz: gt=130.8128 pred=107.65 ❌
    [  33/130] anchored r= F3 i= -4 synth_lead  | midi: gt=49 pred=60 ❌  | spn: gt=C#3 pred=F2 ❌  | doremi: gt=do# pred=fa# ❌  | hz: gt=138.5913 pred=250.38 ❌
    [  34/130] baseline r= F3 i= -4 synth_lead  | midi: gt=49 pred=48 ❌  | spn: gt=C#3 pred=C5 ❌  | doremi: gt=do# pred=fa# ❌  | hz: gt=138.5913 pred=120.0 ❌
    [  35/130] anchored r= F3 i= -3 flute  | midi: gt=50 pred=49 ❌  | spn: gt=D3 pred=F2 ❌  | doremi: gt=re pred=fa# ❌  | hz: gt=146.8324 pred=2093.07 ❌
    [  36/130] baseline r= F3 i= -3 flute  | midi: gt=50 pred=43 ❌  | spn: gt=D3 pred=C2 ❌  | doremi: gt=re pred=fa# ❌  | hz: gt=146.8324 pred=210.0 ❌
    [  37/130] anchored r= F3 i= -1 square  | midi: gt=52 pred=61 ❌  | spn: gt=E3 pred=F5 ❌  | doremi: gt=mi pred=fa# ❌  | hz: gt=164.8138 pred=250.38 ❌
    [  38/130] baseline r= F3 i= -1 square  | midi: gt=52 pred=53 ❌  | spn: gt=E3 pred=F5 ❌  | doremi: gt=mi pred=fa# ❌  | hz: gt=164.8138 pred=1073.64 ❌
    [  39/130] anchored r= F3 i= +0 guitar  | midi: gt=53 pred=61 ❌  | spn: gt=F3 pred=F#3 ❌  | doremi: gt=fa pred=fa# ❌  | hz: gt=174.6141 pred=209.3 ❌
    [  40/130] baseline r= F3 i= +0 guitar  | midi: gt=53 pred=53 ✅  | spn: gt=F3 pred=C5 ❌  | doremi: gt=fa pred=mi ❌  | hz: gt=174.6141 pred=532.0 ❌
    [  41/130] anchored r= F3 i= +1 synth_pad  | midi: gt=54 pred=60 ❌  | spn: gt=F#3 pred=F2 ❌  | doremi: gt=fa# pred=fa# ✅  | hz: gt=184.9972 pred=250.38 ❌
    [  42/130] baseline r= F3 i= +1 synth_pad  | midi: gt=54 pred=65 ❌  | spn: gt=F#3 pred=C5 ❌  | doremi: gt=fa# pred=fa# ✅  | hz: gt=184.9972 pred=480.0 ❌
    [  43/130] anchored r= F3 i= +3 flute  | midi: gt=56 pred=49 ❌  | spn: gt=G#3 pred=F2 ❌  | doremi: gt=sol# pred=fa# ❌  | hz: gt=207.6523 pred=2093.08 ❌
    [  44/130] baseline r= F3 i= +3 flute  | midi: gt=56 pred=45 ❌  | spn: gt=G#3 pred=C5 ❌  | doremi: gt=sol# pred=fa# ❌  | hz: gt=207.6523 pred=213.04 ❌
    [  45/130] anchored r= F3 i= +4 organ  | midi: gt=57 pred=60 ❌  | spn: gt=A3 pred=F2 ❌  | doremi: gt=la pred=fa# ❌  | hz: gt=220.0 pred=250.38 ❌
    [  46/130] baseline r= F3 i= +4 organ  | midi: gt=57 pred=69 ❌  | spn: gt=A3 pred=A5 ❌  | doremi: gt=la pred=fa# ❌  | hz: gt=220.0 pred=450.0 ❌
    [  47/130] anchored r= F3 i= +5 voice  | midi: gt=58 pred=60 ❌  | spn: gt=A#3 pred=F2 ❌  | doremi: gt=la# pred=fa# ❌  | hz: gt=233.0819 pred=250.38 ❌
    [  48/130] baseline r= F3 i= +5 voice  | midi: gt=58 pred=58 ✅  | spn: gt=A#3 pred=None ❌  | doremi: gt=la# pred=re# ❌  | hz: gt=233.0819 pred=1052.63 ❌
    [  49/130] anchored r= F3 i= +7 trumpet  | midi: gt=60 pred=49 ❌  | spn: gt=C4 pred=F2 ❌  | doremi: gt=do pred=la ❌  | hz: gt=261.6256 pred=250.38 ❌
    [  50/130] baseline r= F3 i= +7 trumpet  | midi: gt=60 pred=60 ✅  | spn: gt=C4 pred=C5 ❌  | doremi: gt=do pred=sol ❌  | hz: gt=261.6256 pred=435.0 ❌
    [  51/130] anchored r= F3 i=+12 cello  | midi: gt=65 pred=60 ❌  | spn: gt=F4 pred=F2 ❌  | doremi: gt=fa pred=fa# ❌  | hz: gt=349.2282 pred=250.38 ❌
    [  52/130] baseline r= F3 i=+12 cello  | midi: gt=65 pred=65 ✅  | spn: gt=F4 pred=C5 ❌  | doremi: gt=fa pred=la ❌  | hz: gt=349.2282 pred=659.3 ❌
    [  53/130] anchored r= C4 i=-12 electric_keyboard  | midi: gt=48 pred=58 ❌  | spn: gt=C3 pred=C5 ❌  | doremi: gt=do pred=fa# ❌  | hz: gt=130.8128 pred=523.28 ❌
    [  54/130] baseline r= C4 i=-12 electric_keyboard  | midi: gt=48 pred=48 ✅  | spn: gt=C3 pred=C5 ❌  | doremi: gt=do pred=do# ❌  | hz: gt=130.8128 pred=483.0 ❌
    [  55/130] anchored r= C4 i= -7 piano  | midi: gt=53 pred=57 ❌  | spn: gt=F3 pred=C5 ❌  | doremi: gt=fa pred=fa# ❌  | hz: gt=174.6141 pred=523.28 ❌
    [  56/130] baseline r= C4 i= -7 piano  | midi: gt=53 pred=53 ✅  | spn: gt=F3 pred=F#3 ❌  | doremi: gt=fa pred=la ❌  | hz: gt=174.6141 pred=420.0 ❌
    [  57/130] anchored r= C4 i= -5 trumpet  | midi: gt=55 pred=59 ❌  | spn: gt=G3 pred=C5 ❌  | doremi: gt=sol pred=fa# ❌  | hz: gt=195.9977 pred=523.28 ❌
    [  58/130] baseline r= C4 i= -5 trumpet  | midi: gt=55 pred=56 ❌  | spn: gt=G3 pred=F#3 ❌  | doremi: gt=sol pred=sol ✅  | hz: gt=195.9977 pred=435.0 ❌
    [  59/130] anchored r= C4 i= -4 clarinet  | midi: gt=56 pred=59 ❌  | spn: gt=G#3 pred=C5 ❌  | doremi: gt=sol# pred=sol ❌  | hz: gt=207.6523 pred=523.28 ❌
    [  60/130] baseline r= C4 i= -4 clarinet  | midi: gt=56 pred=56 ✅  | spn: gt=G#3 pred=C5 ❌  | doremi: gt=sol# pred=fa# ❌  | hz: gt=207.6523 pred=450.0 ❌
    [  61/130] anchored r= C4 i= -3 cello  | midi: gt=57 pred=58 ❌  | spn: gt=A3 pred=C5 ❌  | doremi: gt=la pred=fa# ❌  | hz: gt=220.0 pred=523.28 ❌
    [  62/130] baseline r= C4 i= -3 cello  | midi: gt=57 pred=45 ❌  | spn: gt=A3 pred=A5 ❌  | doremi: gt=la pred=la ✅  | hz: gt=220.0 pred=450.0 ❌
    [  63/130] anchored r= C4 i= -1 sine  | midi: gt=59 pred=59 ✅  | spn: gt=B3 pred=C5 ❌  | doremi: gt=si pred=fa# ❌  | hz: gt=246.9417 pred=523.28 ❌
    [  64/130] baseline r= C4 i= -1 sine  | midi: gt=59 pred=63 ❌  | spn: gt=B3 pred=C5 ❌  | doremi: gt=si pred=sol ❌  | hz: gt=246.9417 pred=105.26 ❌
    [  65/130] anchored r= C4 i= +0 guitar  | midi: gt=60 pred=59 ❌  | spn: gt=C4 pred=C5 ❌  | doremi: gt=do pred=fa# ❌  | hz: gt=261.6256 pred=523.28 ❌
    [  66/130] baseline r= C4 i= +0 guitar  | midi: gt=60 pred=60 ✅  | spn: gt=C4 pred=C5 ❌  | doremi: gt=do pred=fa# ❌  | hz: gt=261.6256 pred=480.0 ❌
    [  67/130] anchored r= C4 i= +1 clarinet  | midi: gt=61 pred=59 ❌  | spn: gt=C#4 pred=C5 ❌  | doremi: gt=do# pred=fa# ❌  | hz: gt=277.1826 pred=523.28 ❌
    [  68/130] baseline r= C4 i= +1 clarinet  | midi: gt=61 pred=68 ❌  | spn: gt=C#4 pred=C5 ❌  | doremi: gt=do# pred=fa# ❌  | hz: gt=277.1826 pred=450.0 ❌
    [  69/130] anchored r= C4 i= +3 square  | midi: gt=63 pred=72 ❌  | spn: gt=D#4 pred=C5 ❌  | doremi: gt=re# pred=fa# ❌  | hz: gt=311.127 pred=523.28 ❌
    [  70/130] baseline r= C4 i= +3 square  | midi: gt=63 pred=63 ✅  | spn: gt=D#4 pred=D5 ❌  | doremi: gt=re# pred=fa# ❌  | hz: gt=311.127 pred=1073.64 ❌
    [  71/130] anchored r= C4 i= +4 violin  | midi: gt=64 pred=62 ❌  | spn: gt=E4 pred=C5 ❌  | doremi: gt=mi pred=fa# ❌  | hz: gt=329.6276 pred=523.28 ❌
    [  72/130] baseline r= C4 i= +4 violin  | midi: gt=64 pred=64 ✅  | spn: gt=E4 pred=E5 ❌  | doremi: gt=mi pred=la ❌  | hz: gt=329.6276 pred=400.0 ❌
    [  73/130] anchored r= C4 i= +5 triangle  | midi: gt=65 pred=59 ❌  | spn: gt=F4 pred=C5 ❌  | doremi: gt=fa pred=sol ❌  | hz: gt=349.2282 pred=523.28 ❌
    [  74/130] baseline r= C4 i= +5 triangle  | midi: gt=65 pred=65 ✅  | spn: gt=F4 pred=F5 ❌  | doremi: gt=fa pred=fa# ❌  | hz: gt=349.2282 pred=450.0 ❌
    [  75/130] anchored r= C4 i= +7 oboe  | midi: gt=67 pred=59 ❌  | spn: gt=G4 pred=C5 ❌  | doremi: gt=sol pred=sol ✅  | hz: gt=391.9954 pred=523.28 ❌
    [  76/130] baseline r= C4 i= +7 oboe  | midi: gt=67 pred=67 ✅  | spn: gt=G4 pred=C5 ❌  | doremi: gt=sol pred=fa# ❌  | hz: gt=391.9954 pred=675.0 ❌
    [  77/130] anchored r= C4 i=+12 triangle  | midi: gt=72 pred=72 ✅  | spn: gt=C5 pred=C5 ✅  | doremi: gt=do pred=sol ❌  | hz: gt=523.2511 pred=523.28 ✅
    [  78/130] baseline r= C4 i=+12 triangle  | midi: gt=72 pred=63 ❌  | spn: gt=C5 pred=C6 ❌  | doremi: gt=do pred=fa# ❌  | hz: gt=523.2511 pred=480.0 ❌
    [  79/130] anchored r= G4 i=-12 trumpet  | midi: gt=55 pred=69 ❌  | spn: gt=G3 pred=G5 ❌  | doremi: gt=sol pred=fa# ❌  | hz: gt=195.9977 pred=784.0 ❌
    [  80/130] baseline r= G4 i=-12 trumpet  | midi: gt=55 pred=56 ❌  | spn: gt=G3 pred=F#3 ❌  | doremi: gt=sol pred=sol ✅  | hz: gt=195.9977 pred=435.0 ❌
    [  81/130] anchored r= G4 i= -7 triangle  | midi: gt=60 pred=69 ❌  | spn: gt=C4 pred=G5 ❌  | doremi: gt=do pred=si ❌  | hz: gt=261.6256 pred=486.0 ❌
    [  82/130] baseline r= G4 i= -7 triangle  | midi: gt=60 pred=63 ❌  | spn: gt=C4 pred=C5 ❌  | doremi: gt=do pred=fa# ❌  | hz: gt=261.6256 pred=480.0 ❌
    [  83/130] anchored r= G4 i= -5 synth_pad  | midi: gt=62 pred=69 ❌  | spn: gt=D4 pred=G5 ❌  | doremi: gt=re pred=fa# ❌  | hz: gt=293.6648 pred=784.0 ❌
    [  84/130] baseline r= G4 i= -5 synth_pad  | midi: gt=62 pred=69 ❌  | spn: gt=D4 pred=D5 ❌  | doremi: gt=re pred=fa# ❌  | hz: gt=293.6648 pred=504.27 ❌
    [  85/130] anchored r= G4 i= -4 organ  | midi: gt=63 pred=69 ❌  | spn: gt=D#4 pred=G5 ❌  | doremi: gt=re# pred=fa# ❌  | hz: gt=311.127 pred=784.0 ❌
    [  86/130] baseline r= G4 i= -4 organ  | midi: gt=63 pred=63 ✅  | spn: gt=D#4 pred=D5 ❌  | doremi: gt=re# pred=la ❌  | hz: gt=311.127 pred=510.0 ❌
    [  87/130] anchored r= G4 i= -3 sawtooth  | midi: gt=64 pred=69 ❌  | spn: gt=E4 pred=G5 ❌  | doremi: gt=mi pred=fa# ❌  | hz: gt=329.6276 pred=784.0 ❌
    [  88/130] baseline r= G4 i= -3 sawtooth  | midi: gt=64 pred=69 ❌  | spn: gt=E4 pred=A5 ❌  | doremi: gt=mi pred=fa# ❌  | hz: gt=329.6276 pred=450.0 ❌
    [  89/130] anchored r= G4 i= -1 oboe  | midi: gt=66 pred=69 ❌  | spn: gt=F#4 pred=G5 ❌  | doremi: gt=fa# pred=si ❌  | hz: gt=369.9944 pred=784.0 ❌
    [  90/130] baseline r= G4 i= -1 oboe  | midi: gt=66 pred=65 ❌  | spn: gt=F#4 pred=C5 ❌  | doremi: gt=fa# pred=sol ❌  | hz: gt=369.9944 pred=659.34 ❌
    [  91/130] anchored r= G4 i= +0 violin  | midi: gt=67 pred=69 ❌  | spn: gt=G4 pred=G4 ✅  | doremi: gt=sol pred=fa# ❌  | hz: gt=391.9954 pred=784.0 ❌
    [  92/130] baseline r= G4 i= +0 violin  | midi: gt=67 pred=67 ✅  | spn: gt=G4 pred=C5 ❌  | doremi: gt=sol pred=fa# ❌  | hz: gt=391.9954 pred=6750.0 ❌
    [  93/130] anchored r= G4 i= +1 square  | midi: gt=68 pred=69 ❌  | spn: gt=G#4 pred=G5 ❌  | doremi: gt=sol# pred=fa# ❌  | hz: gt=415.3047 pred=486.57 ❌
    [  94/130] baseline r= G4 i= +1 square  | midi: gt=68 pred=68 ✅  | spn: gt=G#4 pred=F5 ❌  | doremi: gt=sol# pred=fa# ❌  | hz: gt=415.3047 pred=1073.645829 ❌
    [  95/130] anchored r= G4 i= +3 trombone  | midi: gt=70 pred=69 ❌  | spn: gt=A#4 pred=G5 ❌  | doremi: gt=la# pred=si ❌  | hz: gt=466.1638 pred=523.28 ❌
    [  96/130] baseline r= G4 i= +3 trombone  | midi: gt=70 pred=69 ❌  | spn: gt=A#4 pred=C5 ❌  | doremi: gt=la# pred=sol ❌  | hz: gt=466.1638 pred=695.0 ❌
    [  97/130] anchored r= G4 i= +4 oboe  | midi: gt=71 pred=69 ❌  | spn: gt=B4 pred=G5 ❌  | doremi: gt=si pred=sol ❌  | hz: gt=493.8833 pred=784.0 ❌
    [  98/130] baseline r= G4 i= +4 oboe  | midi: gt=71 pred=68 ❌  | spn: gt=B4 pred=C5 ❌  | doremi: gt=si pred=la ❌  | hz: gt=493.8833 pred=680.0 ❌
    [  99/130] anchored r= G4 i= +5 voice  | midi: gt=72 pred=65 ❌  | spn: gt=C5 pred=G5 ❌  | doremi: gt=do pred=fa# ❌  | hz: gt=523.2511 pred=465.17 ❌
    [ 100/130] baseline r= G4 i= +5 voice  | midi: gt=72 pred=60 ❌  | spn: gt=C5 pred=C5 ✅  | doremi: gt=do pred=sol ❌  | hz: gt=523.2511 pred=600.0 ❌
    [ 101/130] anchored r= G4 i= +7 guitar  | midi: gt=74 pred=69 ❌  | spn: gt=D5 pred=G4 ❌  | doremi: gt=re pred=fa# ❌  | hz: gt=587.3295 pred=784.0 ❌
    [ 102/130] baseline r= G4 i= +7 guitar  | midi: gt=74 pred=62 ❌  | spn: gt=D5 pred=D5 ✅  | doremi: gt=re pred=la ❌  | hz: gt=587.3295 pred=504.0 ❌
    [ 103/130] anchored r= G4 i=+12 synth_pad  | midi: gt=79 pred=69 ❌  | spn: gt=G5 pred=G5 ✅  | doremi: gt=sol pred=fa# ❌  | hz: gt=783.9909 pred=784.0 ✅
    [ 104/130] baseline r= G4 i=+12 synth_pad  | midi: gt=79 pred=69 ❌  | spn: gt=G5 pred=G5 ✅  | doremi: gt=sol pred=fa# ❌  | hz: gt=783.9909 pred=1034.52 ❌
    [ 105/130] anchored r= F5 i=-12 sawtooth  | midi: gt=65 pred=80 ❌  | spn: gt=F4 pred=F6 ❌  | doremi: gt=fa pred=fa# ❌  | hz: gt=349.2282 pred=1073.52 ❌
    [ 106/130] baseline r= F5 i=-12 sawtooth  | midi: gt=65 pred=65 ✅  | spn: gt=F4 pred=F5 ❌  | doremi: gt=fa pred=fa# ❌  | hz: gt=349.2282 pred=450.0 ❌
    [ 107/130] anchored r= F5 i= -7 flute  | midi: gt=70 pred=69 ❌  | spn: gt=A#4 pred=F6 ❌  | doremi: gt=la# pred=la ❌  | hz: gt=466.1638 pred=713.05 ❌
    [ 108/130] baseline r= F5 i= -7 flute  | midi: gt=70 pred=69 ❌  | spn: gt=A#4 pred=A5 ❌  | doremi: gt=la# pred=sol ❌  | hz: gt=466.1638 pred=693.08 ❌
    [ 109/130] anchored r= F5 i= -5 square  | midi: gt=72 pred=80 ❌  | spn: gt=C5 pred=F6 ❌  | doremi: gt=do pred=fa# ❌  | hz: gt=523.2511 pred=1035.27 ❌
    [ 110/130] baseline r= F5 i= -5 square  | midi: gt=72 pred=63 ❌  | spn: gt=C5 pred=C5 ✅  | doremi: gt=do pred=fa# ❌  | hz: gt=523.2511 pred=1058.36 ❌
    [ 111/130] anchored r= F5 i= -4 trombone  | midi: gt=73 pred=80 ❌  | spn: gt=C#5 pred=F6 ❌  | doremi: gt=do# pred=la ❌  | hz: gt=554.3653 pred=1035.27 ❌
    [ 112/130] baseline r= F5 i= -4 trombone  | midi: gt=73 pred=68 ❌  | spn: gt=C#5 pred=C5 ❌  | doremi: gt=do# pred=sol ❌  | hz: gt=554.3653 pred=6750.0 ❌
    [ 113/130] anchored r= F5 i= -3 flute  | midi: gt=74 pred=65 ❌  | spn: gt=D5 pred=F6 ❌  | doremi: gt=re pred=si ❌  | hz: gt=587.3295 pred=701.52 ❌
    [ 114/130] baseline r= F5 i= -3 flute  | midi: gt=74 pred=62 ❌  | spn: gt=D5 pred=C5 ❌  | doremi: gt=re pred=re ✅  | hz: gt=587.3295 pred=625.0 ❌
    [ 115/130] anchored r= F5 i= -1 square  | midi: gt=76 pred=80 ❌  | spn: gt=E5 pred=F6 ❌  | doremi: gt=mi pred=fa# ❌  | hz: gt=659.2551 pred=1302.57 ❌
    [ 116/130] baseline r= F5 i= -1 square  | midi: gt=76 pred=63 ❌  | spn: gt=E5 pred=F5 ❌  | doremi: gt=mi pred=fa# ❌  | hz: gt=659.2551 pred=1073.645829 ❌
    [ 117/130] anchored r= F5 i= +0 triangle  | midi: gt=77 pred=80 ❌  | spn: gt=F5 pred=F6 ❌  | doremi: gt=fa pred=fa# ❌  | hz: gt=698.4565 pred=1035.27 ❌
    [ 118/130] baseline r= F5 i= +0 triangle  | midi: gt=77 pred=68 ❌  | spn: gt=F5 pred=F5 ✅  | doremi: gt=fa pred=fa# ❌  | hz: gt=698.4565 pred=450.0 ❌
    [ 119/130] anchored r= F5 i= +1 violin  | midi: gt=78 pred=80 ❌  | spn: gt=F#5 pred=F6 ❌  | doremi: gt=fa# pred=si ❌  | hz: gt=739.9888 pred=1305.27 ❌
    [ 120/130] baseline r= F5 i= +1 violin  | midi: gt=78 pred=68 ❌  | spn: gt=F#5 pred=F5 ❌  | doremi: gt=fa# pred=la ❌  | hz: gt=739.9888 pred=6750.0 ❌
    [ 121/130] anchored r= F5 i= +3 organ  | midi: gt=80 pred=80 ✅  | spn: gt=G#5 pred=F6 ❌  | doremi: gt=sol# pred=fa# ❌  | hz: gt=830.6094 pred=1302.57 ❌
    [ 122/130] baseline r= F5 i= +3 organ  | midi: gt=80 pred=80 ✅  | spn: gt=G#5 pred=G5 ❌  | doremi: gt=sol# pred=fa# ❌  | hz: gt=830.6094 pred=401.0 ❌
    [ 123/130] anchored r= F5 i= +4 oboe  | midi: gt=81 pred=80 ❌  | spn: gt=A5 pred=F6 ❌  | doremi: gt=la pred=la ✅  | hz: gt=880.0 pred=713.05 ❌
    [ 124/130] baseline r= F5 i= +4 oboe  | midi: gt=81 pred=81 ✅  | spn: gt=A5 pred=A5 ✅  | doremi: gt=la pred=la ✅  | hz: gt=880.0 pred=8105.73 ❌
    [ 125/130] anchored r= F5 i= +5 electric_keyboard  | midi: gt=82 pred=80 ❌  | spn: gt=A#5 pred=F6 ❌  | doremi: gt=la# pred=fa# ❌  | hz: gt=932.3275 pred=715.02 ❌
    [ 126/130] baseline r= F5 i= +5 electric_keyboard  | midi: gt=82 pred=82 ✅  | spn: gt=A#5 pred=A7 ❌  | doremi: gt=la# pred=sol ❌  | hz: gt=932.3275 pred=8250.0 ❌
    [ 127/130] anchored r= F5 i= +7 oboe  | midi: gt=84 pred=80 ❌  | spn: gt=C6 pred=F6 ❌  | doremi: gt=do pred=si ❌  | hz: gt=1046.5023 pred=1035.27 ❌
    [ 128/130] baseline r= F5 i= +7 oboe  | midi: gt=84 pred=84 ✅  | spn: gt=C6 pred=C5 ❌  | doremi: gt=do pred=fa# ❌  | hz: gt=1046.5023 pred=800.0 ❌
    [ 129/130] anchored r= F5 i=+12 trumpet  | midi: gt=89 pred=80 ❌  | spn: gt=F6 pred=F6 ✅  | doremi: gt=fa pred=la ❌  | hz: gt=1396.9129 pred=1035.27 ❌
    [ 130/130] baseline r= F5 i=+12 trumpet  | midi: gt=89 pred=89 ✅  | spn: gt=F6 pred=F7 ❌  | doremi: gt=fa pred=fa# ❌  | hz: gt=1396.9129 pred=8907.15 ❌

============================================================
SUMMARY — audio_flamingo_next_instruct
  Sampling     : 65 of 2470 (stratified by '(ref_midi, interval)', seed=42)
  Stimuli (total)     : 130
  Stimuli (condition) : 65
  Stimuli (baseline)  : 65

  Format  Condition   Baseline
  ──────────────────────────────
    MIDI       6.2%      36.9%
     SPN       7.7%      13.9%
  DOREMI       6.2%      13.9%
      HZ       4.6%       0.0%
     ANY      20.0%      58.5%

  Headline 'accuracy' is computed on the condition subset only (see CatASpec.primary_filter).

  *** WARNING: working tree has uncommitted changes — results will NOT be exactly reproducible from git_commit alone ***


Results saved → results/run_20260505_112814/pitchbench_a2_pitch_with_reference/run_001_20260505_113849/results_audio_flamingo_next_instruct.*

############################################################
# pitchbench_a3_pitch_by_duration
############################################################

Experiment : pitchbench_a3_pitch_by_duration
Models     : audio_flamingo_next_instruct
Stimuli    : 50
  Sampling     : 50 of 1900 (stratified by 'duration_ms', seed=42)

  Model : Audio Flamingo Next – instruct
    [dispatch] 50 items, max_workers=1
    [   1/50]   C3 synth_lead  | midi: gt=48 pred=64 ❌  | spn: gt=C3 pred=C6 ❌  | doremi: gt=do pred=fa# ❌  | hz: gt=130.8128 pred=480.0 ❌
    [   2/50]   G5 square  | midi: gt=79 pred=64 ❌  | spn: gt=G5 pred=C6 ❌  | doremi: gt=sol pred=fa# ❌  | hz: gt=783.9909 pred=415.306 ❌
    [   3/50]   E4 sine  | midi: gt=64 pred=64 ✅  | spn: gt=E4 pred=C6 ❌  | doremi: gt=mi pred=fa# ❌  | hz: gt=329.6276 pred=415.306 ❌
    [   4/50]   E6 voice  | midi: gt=88 pred=64 ❌  | spn: gt=E6 pred=C6 ❌  | doremi: gt=mi pred=fa# ❌  | hz: gt=1318.5102 pred=415.306 ❌
    [   5/50]  F#1 flute  | midi: gt=30 pred=64 ❌  | spn: gt=F#1 pred=C6 ❌  | doremi: gt=fa# pred=fa# ✅  | hz: gt=46.2493 pred=435.0 ❌
    [   6/50]   G2 guitar  | midi: gt=43 pred=54 ❌  | spn: gt=G2 pred=C4 ❌  | doremi: gt=sol pred=sol ✅  | hz: gt=97.9989 pred=435.0 ❌
    [   7/50]   A4 electric_keyboard  | midi: gt=69 pred=69 ✅  | spn: gt=A4 pred=None ❌  | doremi: gt=la pred=fa# ❌  | hz: gt=440.0 pred=450.0 ❌
    [   8/50]   C4 triangle  | midi: gt=60 pred=65 ❌  | spn: gt=C4 pred=C6 ❌  | doremi: gt=do pred=fa# ❌  | hz: gt=261.6256 pred=480.0 ❌
    [   9/50]   G5 voice  | midi: gt=79 pred=69 ❌  | spn: gt=G5 pred=C6 ❌  | doremi: gt=sol pred=sol ✅  | hz: gt=783.9909 pred=675.0 ❌
    [  10/50]   E4 square  | midi: gt=64 pred=64 ✅  | spn: gt=E4 pred=C6 ❌  | doremi: gt=mi pred=fa# ❌  | hz: gt=329.6276 pred=480.0 ❌
    [  11/50]   C3 synth_pad  | midi: gt=48 pred=68 ❌  | spn: gt=C3 pred=C6 ❌  | doremi: gt=do pred=sol ❌  | hz: gt=130.8128 pred=1250.0 ❌
    [  12/50]   E6 voice  | midi: gt=88 pred=68 ❌  | spn: gt=E6 pred=C6 ❌  | doremi: gt=mi pred=sol# ❌  | hz: gt=1318.5102 pred=1764.0 ❌
    [  13/50]   E6 cello  | midi: gt=88 pred=69 ❌  | spn: gt=E6 pred=C6 ❌  | doremi: gt=mi pred=sol# ❌  | hz: gt=1318.5102 pred=1034.52 ❌
    [  14/50]   G2 square  | midi: gt=43 pred=43 ✅  | spn: gt=G2 pred=F#2 ❌  | doremi: gt=sol pred=sol ✅  | hz: gt=97.9989 pred=1058.37 ❌
    [  15/50]   C2 bass  | midi: gt=36 pred=48 ❌  | spn: gt=C2 pred=C4 ❌  | doremi: gt=do pred=sol ❌  | hz: gt=65.4064 pred=107.85 ❌
    [  16/50]   G5 clarinet  | midi: gt=79 pred=68 ❌  | spn: gt=G5 pred=C6 ❌  | doremi: gt=sol pred=sol ✅  | hz: gt=783.9909 pred=675.0 ❌
    [  17/50]   G5 sine  | midi: gt=79 pred=68 ❌  | spn: gt=G5 pred=C6 ❌  | doremi: gt=sol pred=sol ✅  | hz: gt=783.9909 pred=1052.63 ❌
    [  18/50]   A4 sine  | midi: gt=69 pred=69 ✅  | spn: gt=A4 pred=A6 ❌  | doremi: gt=la pred=sol ❌  | hz: gt=440.0 pred=698.0 ❌
    [  19/50]   C3 square  | midi: gt=48 pred=43 ❌  | spn: gt=C3 pred=A2 ❌  | doremi: gt=do pred=fa# ❌  | hz: gt=130.8128 pred=1058.47 ❌
    [  20/50]   C4 electric_keyboard  | midi: gt=60 pred=60 ✅  | spn: gt=C4 pred=C6 ❌  | doremi: gt=do pred=sol ❌  | hz: gt=261.6256 pred=60.0 ❌
    [  21/50]   E6 electric_keyboard  | midi: gt=88 pred=64 ❌  | spn: gt=E6 pred=C6 ❌  | doremi: gt=mi pred=fa# ❌  | hz: gt=1318.5102 pred=415.306 ❌
    [  22/50]   E6 violin  | midi: gt=88 pred=64 ❌  | spn: gt=E6 pred=C6 ❌  | doremi: gt=mi pred=fa# ❌  | hz: gt=1318.5102 pred=415.306 ❌
    [  23/50]  F#3 bass  | midi: gt=54 pred=64 ❌  | spn: gt=F#3 pred=C6 ❌  | doremi: gt=fa# pred=fa# ✅  | hz: gt=184.9972 pred=435.0 ❌
    [  24/50]   E4 sine  | midi: gt=64 pred=64 ✅  | spn: gt=E4 pred=C6 ❌  | doremi: gt=mi pred=fa# ❌  | hz: gt=329.6276 pred=415.306 ❌
    [  25/50]   C3 organ  | midi: gt=48 pred=64 ❌  | spn: gt=C3 pred=C6 ❌  | doremi: gt=do pred=fa# ❌  | hz: gt=130.8128 pred=480.0 ❌
    [  26/50]  F#1 electric_keyboard  | midi: gt=30 pred=30 ✅  | spn: gt=F#1 pred=F2 ❌  | doremi: gt=fa# pred=fa# ✅  | hz: gt=46.2493 pred=30.0 ❌
    [  27/50]   C3 voice  | midi: gt=48 pred=48 ✅  | spn: gt=C3 pred=C4 ❌  | doremi: gt=do pred=sol ❌  | hz: gt=130.8128 pred=480.0 ❌
    [  28/50]   E4 synth_lead  | midi: gt=64 pred=64 ✅  | spn: gt=E4 pred=C4 ❌  | doremi: gt=mi pred=si ❌  | hz: gt=329.6276 pred=523.251 ❌
    [  29/50]   E6 synth_pad  | midi: gt=88 pred=88 ✅  | spn: gt=E6 pred=B7 ❌  | doremi: gt=mi pred=re ❌  | hz: gt=1318.5102 pred=8820.0 ❌
    [  30/50]   E6 cello  | midi: gt=88 pred=88 ✅  | spn: gt=E6 pred=C8 ❌  | doremi: gt=mi pred=sol ❌  | hz: gt=1318.5102 pred=8820.0 ❌
    [  31/50]   A4 clarinet  | midi: gt=69 pred=64 ❌  | spn: gt=A4 pred=C6 ❌  | doremi: gt=la pred=fa# ❌  | hz: gt=440.0 pred=415.306 ❌
    [  32/50]   E4 electric_keyboard  | midi: gt=64 pred=64 ✅  | spn: gt=E4 pred=C6 ❌  | doremi: gt=mi pred=fa# ❌  | hz: gt=329.6276 pred=415.306 ❌
    [  33/50]  F#3 oboe  | midi: gt=54 pred=64 ❌  | spn: gt=F#3 pred=C6 ❌  | doremi: gt=fa# pred=fa# ✅  | hz: gt=184.9972 pred=435.0 ❌
    [  34/50]  F#1 bass  | midi: gt=30 pred=64 ❌  | spn: gt=F#1 pred=C6 ❌  | doremi: gt=fa# pred=fa# ✅  | hz: gt=46.2493 pred=435.0 ❌
    [  35/50]   C2 flute  | midi: gt=36 pred=64 ❌  | spn: gt=C2 pred=C6 ❌  | doremi: gt=do pred=fa# ❌  | hz: gt=65.4064 pred=435.0 ❌
    [  36/50]   C2 sine  | midi: gt=36 pred=64 ❌  | spn: gt=C2 pred=C2 ✅  | doremi: gt=do pred=fa# ❌  | hz: gt=65.4064 pred=480.0 ❌
    [  37/50]  F#1 piano  | midi: gt=30 pred=64 ❌  | spn: gt=F#1 pred=C6 ❌  | doremi: gt=fa# pred=fa# ✅  | hz: gt=46.2493 pred=450.0 ❌
    [  38/50]   G5 synth_pad  | midi: gt=79 pred=64 ❌  | spn: gt=G5 pred=C6 ❌  | doremi: gt=sol pred=fa# ❌  | hz: gt=783.9909 pred=415.306872493 ❌
    [  39/50]   G5 clarinet  | midi: gt=79 pred=64 ❌  | spn: gt=G5 pred=C6 ❌  | doremi: gt=sol pred=fa# ❌  | hz: gt=783.9909 pred=415.306 ❌
    [  40/50]   A4 trumpet  | midi: gt=69 pred=65 ❌  | spn: gt=A4 pred=C6 ❌  | doremi: gt=la pred=fa# ❌  | hz: gt=440.0 pred=415.3068724930709 ❌
    [  41/50]   C2 flute  | midi: gt=36 pred=36 ✅  | spn: gt=C2 pred=C2 ✅  | doremi: gt=do pred=fa# ❌  | hz: gt=65.4064 pred=1250.0 ❌
    [  42/50]   E6 triangle  | midi: gt=88 pred=86 ❌  | spn: gt=E6 pred=C6 ❌  | doremi: gt=mi pred=sol ❌  | hz: gt=1318.5102 pred=1200.0 ❌
    [  43/50]   C4 electric_keyboard  | midi: gt=60 pred=60 ✅  | spn: gt=C4 pred=C4 ✅  | doremi: gt=do pred=sol ❌  | hz: gt=261.6256 pred=50.0 ❌
    [  44/50]   E4 trumpet  | midi: gt=64 pred=64 ✅  | spn: gt=E4 pred=E4 ✅  | doremi: gt=mi pred=sol ❌  | hz: gt=329.6276 pred=640.0 ❌
    [  45/50]   E4 square  | midi: gt=64 pred=63 ❌  | spn: gt=E4 pred=A6 ❌  | doremi: gt=mi pred=sol ❌  | hz: gt=329.6276 pred=1073.64 ❌
    [  46/50]   C3 square  | midi: gt=48 pred=64 ❌  | spn: gt=C3 pred=C6 ❌  | doremi: gt=do pred=sol ❌  | hz: gt=130.8128 pred=1050.0 ❌
    [  47/50]   A4 trombone  | midi: gt=69 pred=69 ✅  | spn: gt=A4 pred=A4 ✅  | doremi: gt=la pred=sol ❌  | hz: gt=440.0 pred=450.0 ❌
    [  48/50]  F#3 square  | midi: gt=54 pred=65 ❌  | spn: gt=F#3 pred=C6 ❌  | doremi: gt=fa# pred=sol# ❌  | hz: gt=184.9972 pred=1000.0 ❌
    [  49/50]   C2 trombone  | midi: gt=36 pred=64 ❌  | spn: gt=C2 pred=C6 ❌  | doremi: gt=do pred=sol ❌  | hz: gt=65.4064 pred=107.65 ❌
    [  50/50]   G5 trumpet  | midi: gt=79 pred=68 ❌  | spn: gt=G5 pred=C6 ❌  | doremi: gt=sol pred=sol ✅  | hz: gt=783.9909 pred=1073.645829 ❌

============================================================
SUMMARY — audio_flamingo_next_instruct
  Sampling     : 50 of 1900 (stratified by 'duration_ms', seed=42)
  Stimuli (total)     : 50
  Stimuli (condition) : 50  (all records)

  Format   Accuracy
  ──────────────────
    MIDI      34.0%
     SPN      10.0%
  DOREMI      24.0%
      HZ       0.0%
     ANY      56.0%

  *** WARNING: working tree has uncommitted changes — results will NOT be exactly reproducible from git_commit alone ***


Results saved → results/run_20260505_112814/pitchbench_a3_pitch_by_duration/run_001_20260505_114010/results_audio_flamingo_next_instruct.*

############################################################
# pitchbench_a4_pitch_with_vibrato
############################################################

Experiment : pitchbench_a4_pitch_with_vibrato
Models     : audio_flamingo_next_instruct
Stimuli    : 160
  Sampling     : 80 of 640 (stratified by '(vibrato_rate_hz, vibrato_depth_cents)', seed=42)

  Model : Audio Flamingo Next – instruct
    [dispatch] 160 items, max_workers=1
    [   1/160]  F#1 sine  | midi: gt=30 pred=35 ❌  | spn: gt=F#1 pred=A#2 ❌  | doremi: gt=fa# pred=fa# ✅  | hz: gt=46.2493 pred=250.0 ❌
    [   2/160]  F#1 sine  | midi: gt=30 pred=35 ❌  | spn: gt=F#1 pred=C2 ❌  | doremi: gt=fa# pred=fa# ✅  | hz: gt=46.2493 pred=25.0 ❌
    [   3/160]  F#1 sine  | midi: gt=30 pred=35 ❌  | spn: gt=F#1 pred=C2 ❌  | doremi: gt=fa# pred=fa# ✅  | hz: gt=46.2493 pred=25.0 ❌
    [   4/160]  F#1 sine  | midi: gt=30 pred=35 ❌  | spn: gt=F#1 pred=C2 ❌  | doremi: gt=fa# pred=fa# ✅  | hz: gt=46.2493 pred=25.0 ❌
    [   5/160]  F#1 sine  | midi: gt=30 pred=35 ❌  | spn: gt=F#1 pred=C2 ❌  | doremi: gt=fa# pred=fa# ✅  | hz: gt=46.2493 pred=25.0 ❌
    [   6/160]  F#1 sine  | midi: gt=30 pred=35 ❌  | spn: gt=F#1 pred=C2 ❌  | doremi: gt=fa# pred=fa# ✅  | hz: gt=46.2493 pred=25.0 ❌
    [   7/160]  F#1 sine  | midi: gt=30 pred=35 ❌  | spn: gt=F#1 pred=C2 ❌  | doremi: gt=fa# pred=sol ❌  | hz: gt=46.2493 pred=250.0 ❌
    [   8/160]  F#1 sine  | midi: gt=30 pred=35 ❌  | spn: gt=F#1 pred=C2 ❌  | doremi: gt=fa# pred=fa# ✅  | hz: gt=46.2493 pred=25.0 ❌
    [   9/160]   G2 sine  | midi: gt=43 pred=48 ❌  | spn: gt=G2 pred=C2 ❌  | doremi: gt=sol pred=sol ✅  | hz: gt=97.9989 pred=107.65 ❌
    [  10/160]   G2 sine  | midi: gt=43 pred=45 ❌  | spn: gt=G2 pred=C4 ❌  | doremi: gt=sol pred=sol ✅  | hz: gt=97.9989 pred=107.8652 ❌
    [  11/160]   G2 sine  | midi: gt=43 pred=48 ❌  | spn: gt=G2 pred=C6 ❌  | doremi: gt=sol pred=sol ✅  | hz: gt=97.9989 pred=105.26 ❌
    [  12/160]   G2 sine  | midi: gt=43 pred=45 ❌  | spn: gt=G2 pred=C4 ❌  | doremi: gt=sol pred=sol ✅  | hz: gt=97.9989 pred=107.8652 ❌
    [  13/160]   G2 sine  | midi: gt=43 pred=48 ❌  | spn: gt=G2 pred=C2 ❌  | doremi: gt=sol pred=sol ✅  | hz: gt=97.9989 pred=107.86 ❌
    [  14/160]   G2 sine  | midi: gt=43 pred=45 ❌  | spn: gt=G2 pred=C4 ❌  | doremi: gt=sol pred=sol ✅  | hz: gt=97.9989 pred=107.8652 ❌
    [  15/160]   G2 sine  | midi: gt=43 pred=48 ❌  | spn: gt=G2 pred=C2 ❌  | doremi: gt=sol pred=sol ✅  | hz: gt=97.9989 pred=107.86 ❌
    [  16/160]   G2 sine  | midi: gt=43 pred=45 ❌  | spn: gt=G2 pred=C4 ❌  | doremi: gt=sol pred=sol ✅  | hz: gt=97.9989 pred=107.8652 ❌
    [  17/160]  F#3 sine  | midi: gt=54 pred=48 ❌  | spn: gt=F#3 pred=C4 ❌  | doremi: gt=fa# pred=sol ❌  | hz: gt=184.9972 pred=107.89 ❌
    [  18/160]  F#3 sine  | midi: gt=54 pred=54 ✅  | spn: gt=F#3 pred=C4 ❌  | doremi: gt=fa# pred=sol ❌  | hz: gt=184.9972 pred=107.86 ❌
    [  19/160]  F#3 sine  | midi: gt=54 pred=54 ✅  | spn: gt=F#3 pred=C4 ❌  | doremi: gt=fa# pred=sol ❌  | hz: gt=184.9972 pred=107.89 ❌
    [  20/160]  F#3 sine  | midi: gt=54 pred=54 ✅  | spn: gt=F#3 pred=C4 ❌  | doremi: gt=fa# pred=sol ❌  | hz: gt=184.9972 pred=107.86 ❌
    [  21/160]  F#3 sine  | midi: gt=54 pred=54 ✅  | spn: gt=F#3 pred=C4 ❌  | doremi: gt=fa# pred=sol ❌  | hz: gt=184.9972 pred=105.26 ❌
    [  22/160]  F#3 sine  | midi: gt=54 pred=54 ✅  | spn: gt=F#3 pred=C4 ❌  | doremi: gt=fa# pred=sol ❌  | hz: gt=184.9972 pred=107.86 ❌
    [  23/160]  F#3 sine  | midi: gt=54 pred=58 ❌  | spn: gt=F#3 pred=C4 ❌  | doremi: gt=fa# pred=sol ❌  | hz: gt=184.9972 pred=105.26 ❌
    [  24/160]  F#3 sine  | midi: gt=54 pred=54 ✅  | spn: gt=F#3 pred=C4 ❌  | doremi: gt=fa# pred=sol ❌  | hz: gt=184.9972 pred=107.86 ❌
    [  25/160]  F#3 sine  | midi: gt=54 pred=54 ✅  | spn: gt=F#3 pred=C4 ❌  | doremi: gt=fa# pred=sol ❌  | hz: gt=184.9972 pred=107.65 ❌
    [  26/160]  F#3 sine  | midi: gt=54 pred=54 ✅  | spn: gt=F#3 pred=C4 ❌  | doremi: gt=fa# pred=sol ❌  | hz: gt=184.9972 pred=107.86 ❌
    [  27/160]  F#3 sine  | midi: gt=54 pred=54 ✅  | spn: gt=F#3 pred=C4 ❌  | doremi: gt=fa# pred=sol ❌  | hz: gt=184.9972 pred=107.86 ❌
    [  28/160]  F#3 sine  | midi: gt=54 pred=54 ✅  | spn: gt=F#3 pred=C4 ❌  | doremi: gt=fa# pred=sol ❌  | hz: gt=184.9972 pred=107.86 ❌
    [  29/160]  F#3 sine  | midi: gt=54 pred=64 ❌  | spn: gt=F#3 pred=C4 ❌  | doremi: gt=fa# pred=sol ❌  | hz: gt=184.9972 pred=105.26 ❌
    [  30/160]  F#3 sine  | midi: gt=54 pred=54 ✅  | spn: gt=F#3 pred=C4 ❌  | doremi: gt=fa# pred=sol ❌  | hz: gt=184.9972 pred=107.86 ❌
    [  31/160]   E4 sine  | midi: gt=64 pred=64 ✅  | spn: gt=E4 pred=C6 ❌  | doremi: gt=mi pred=sol ❌  | hz: gt=329.6276 pred=120.0 ❌
    [  32/160]   E4 sine  | midi: gt=64 pred=63 ❌  | spn: gt=E4 pred=C4 ❌  | doremi: gt=mi pred=sol ❌  | hz: gt=329.6276 pred=120.0 ❌
    [  33/160]   E4 sine  | midi: gt=64 pred=64 ✅  | spn: gt=E4 pred=C6 ❌  | doremi: gt=mi pred=sol ❌  | hz: gt=329.6276 pred=120.0 ❌
    [  34/160]   E4 sine  | midi: gt=64 pred=63 ❌  | spn: gt=E4 pred=C4 ❌  | doremi: gt=mi pred=sol ❌  | hz: gt=329.6276 pred=120.0 ❌
    [  35/160]   E4 sine  | midi: gt=64 pred=64 ✅  | spn: gt=E4 pred=C6 ❌  | doremi: gt=mi pred=sol ❌  | hz: gt=329.6276 pred=64.0 ❌
    [  36/160]   E4 sine  | midi: gt=64 pred=63 ❌  | spn: gt=E4 pred=C4 ❌  | doremi: gt=mi pred=sol ❌  | hz: gt=329.6276 pred=120.0 ❌
    [  37/160]   E4 sine  | midi: gt=64 pred=63 ❌  | spn: gt=E4 pred=C4 ❌  | doremi: gt=mi pred=sol ❌  | hz: gt=329.6276 pred=605.0 ❌
    [  38/160]   E4 sine  | midi: gt=64 pred=63 ❌  | spn: gt=E4 pred=C4 ❌  | doremi: gt=mi pred=sol ❌  | hz: gt=329.6276 pred=120.0 ❌
    [  39/160]   E4 sine  | midi: gt=64 pred=63 ❌  | spn: gt=E4 pred=C6 ❌  | doremi: gt=mi pred=sol ❌  | hz: gt=329.6276 pred=250.0 ❌
    [  40/160]   E4 sine  | midi: gt=64 pred=63 ❌  | spn: gt=E4 pred=C4 ❌  | doremi: gt=mi pred=sol ❌  | hz: gt=329.6276 pred=120.0 ❌
    [  41/160]   G5 sine  | midi: gt=79 pred=68 ❌  | spn: gt=G5 pred=C6 ❌  | doremi: gt=sol pred=sol ✅  | hz: gt=783.9909 pred=1050.0 ❌
    [  42/160]   G5 sine  | midi: gt=79 pred=68 ❌  | spn: gt=G5 pred=C6 ❌  | doremi: gt=sol pred=sol ✅  | hz: gt=783.9909 pred=415.3 ❌
    [  43/160]   G5 sine  | midi: gt=79 pred=68 ❌  | spn: gt=G5 pred=C6 ❌  | doremi: gt=sol pred=sol ✅  | hz: gt=783.9909 pred=1050.0 ❌
    [  44/160]   G5 sine  | midi: gt=79 pred=68 ❌  | spn: gt=G5 pred=C6 ❌  | doremi: gt=sol pred=sol ✅  | hz: gt=783.9909 pred=415.3 ❌
    [  45/160]  F#1 sawtooth  | midi: gt=30 pred=43 ❌  | spn: gt=F#1 pred=F#2 ❌  | doremi: gt=fa# pred=fa# ✅  | hz: gt=46.2493 pred=1046.53 ❌
    [  46/160]  F#1 sawtooth  | midi: gt=30 pred=43 ❌  | spn: gt=F#1 pred=C2 ❌  | doremi: gt=fa# pred=fa# ✅  | hz: gt=46.2493 pred=1046.52 ❌
    [  47/160]  F#1 sawtooth  | midi: gt=30 pred=43 ❌  | spn: gt=F#1 pred=C4 ❌  | doremi: gt=fa# pred=fa# ✅  | hz: gt=46.2493 pred=1046.53 ❌
    [  48/160]  F#1 sawtooth  | midi: gt=30 pred=43 ❌  | spn: gt=F#1 pred=C2 ❌  | doremi: gt=fa# pred=fa# ✅  | hz: gt=46.2493 pred=1046.52 ❌
    [  49/160]  F#1 sawtooth  | midi: gt=30 pred=43 ❌  | spn: gt=F#1 pred=C2 ❌  | doremi: gt=fa# pred=sol ❌  | hz: gt=46.2493 pred=107.8652439 ❌
    [  50/160]  F#1 sawtooth  | midi: gt=30 pred=43 ❌  | spn: gt=F#1 pred=C2 ❌  | doremi: gt=fa# pred=fa# ✅  | hz: gt=46.2493 pred=1046.52 ❌
    [  51/160]   G2 sawtooth  | midi: gt=43 pred=43 ✅  | spn: gt=G2 pred=F#2 ❌  | doremi: gt=sol pred=sol ✅  | hz: gt=97.9989 pred=450.0 ❌
    [  52/160]   G2 sawtooth  | midi: gt=43 pred=43 ✅  | spn: gt=G2 pred=F#2 ❌  | doremi: gt=sol pred=sol ✅  | hz: gt=97.9989 pred=450.0 ❌
    [  53/160]   G2 sawtooth  | midi: gt=43 pred=45 ❌  | spn: gt=G2 pred=A2 ❌  | doremi: gt=sol pred=fa# ❌  | hz: gt=97.9989 pred=450.0 ❌
    [  54/160]   G2 sawtooth  | midi: gt=43 pred=43 ✅  | spn: gt=G2 pred=F#2 ❌  | doremi: gt=sol pred=sol ✅  | hz: gt=97.9989 pred=450.0 ❌
    [  55/160]   G2 sawtooth  | midi: gt=43 pred=43 ✅  | spn: gt=G2 pred=G#2 ❌  | doremi: gt=sol pred=sol# ❌  | hz: gt=97.9989 pred=435.89 ❌
    [  56/160]   G2 sawtooth  | midi: gt=43 pred=43 ✅  | spn: gt=G2 pred=F#2 ❌  | doremi: gt=sol pred=sol ✅  | hz: gt=97.9989 pred=450.0 ❌
    [  57/160]   G2 sawtooth  | midi: gt=43 pred=43 ✅  | spn: gt=G2 pred=G2 ✅  | doremi: gt=sol pred=sol ✅  | hz: gt=97.9989 pred=450.0 ❌
    [  58/160]   G2 sawtooth  | midi: gt=43 pred=43 ✅  | spn: gt=G2 pred=F#2 ❌  | doremi: gt=sol pred=sol ✅  | hz: gt=97.9989 pred=450.0 ❌
    [  59/160]   G2 sawtooth  | midi: gt=43 pred=43 ✅  | spn: gt=G2 pred=G2 ✅  | doremi: gt=sol pred=sol ✅  | hz: gt=97.9989 pred=450.0 ❌
    [  60/160]   G2 sawtooth  | midi: gt=43 pred=43 ✅  | spn: gt=G2 pred=F#2 ❌  | doremi: gt=sol pred=sol ✅  | hz: gt=97.9989 pred=450.0 ❌
    [  61/160]  F#3 sawtooth  | midi: gt=54 pred=63 ❌  | spn: gt=F#3 pred=F#6 ❌  | doremi: gt=fa# pred=sol# ❌  | hz: gt=184.9972 pred=450.0 ❌
    [  62/160]  F#3 sawtooth  | midi: gt=54 pred=54 ✅  | spn: gt=F#3 pred=F#4 ❌  | doremi: gt=fa# pred=sol ❌  | hz: gt=184.9972 pred=450.0 ❌
    [  63/160]  F#3 sawtooth  | midi: gt=54 pred=54 ✅  | spn: gt=F#3 pred=F#6 ❌  | doremi: gt=fa# pred=sol# ❌  | hz: gt=184.9972 pred=450.0 ❌
    [  64/160]  F#3 sawtooth  | midi: gt=54 pred=54 ✅  | spn: gt=F#3 pred=F#4 ❌  | doremi: gt=fa# pred=sol ❌  | hz: gt=184.9972 pred=450.0 ❌
    [  65/160]  F#3 sawtooth  | midi: gt=54 pred=54 ✅  | spn: gt=F#3 pred=F#2 ❌  | doremi: gt=fa# pred=sol# ❌  | hz: gt=184.9972 pred=450.0 ❌
    [  66/160]  F#3 sawtooth  | midi: gt=54 pred=54 ✅  | spn: gt=F#3 pred=F#4 ❌  | doremi: gt=fa# pred=sol ❌  | hz: gt=184.9972 pred=450.0 ❌
    [  67/160]  F#3 sawtooth  | midi: gt=54 pred=54 ✅  | spn: gt=F#3 pred=F#2 ❌  | doremi: gt=fa# pred=sol# ❌  | hz: gt=184.9972 pred=450.0 ❌
    [  68/160]  F#3 sawtooth  | midi: gt=54 pred=54 ✅  | spn: gt=F#3 pred=F#4 ❌  | doremi: gt=fa# pred=sol ❌  | hz: gt=184.9972 pred=450.0 ❌
    [  69/160]  F#3 sawtooth  | midi: gt=54 pred=54 ✅  | spn: gt=F#3 pred=F#2 ❌  | doremi: gt=fa# pred=sol# ❌  | hz: gt=184.9972 pred=1058.47 ❌
    [  70/160]  F#3 sawtooth  | midi: gt=54 pred=54 ✅  | spn: gt=F#3 pred=F#4 ❌  | doremi: gt=fa# pred=sol ❌  | hz: gt=184.9972 pred=450.0 ❌
    [  71/160]  F#3 sawtooth  | midi: gt=54 pred=54 ✅  | spn: gt=F#3 pred=F#4 ❌  | doremi: gt=fa# pred=sol# ❌  | hz: gt=184.9972 pred=435.89 ❌
    [  72/160]  F#3 sawtooth  | midi: gt=54 pred=54 ✅  | spn: gt=F#3 pred=F#4 ❌  | doremi: gt=fa# pred=sol ❌  | hz: gt=184.9972 pred=450.0 ❌
    [  73/160]  F#3 sawtooth  | midi: gt=54 pred=43 ❌  | spn: gt=F#3 pred=F#2 ❌  | doremi: gt=fa# pred=sol ❌  | hz: gt=184.9972 pred=1046.53 ❌
    [  74/160]  F#3 sawtooth  | midi: gt=54 pred=54 ✅  | spn: gt=F#3 pred=F#4 ❌  | doremi: gt=fa# pred=sol ❌  | hz: gt=184.9972 pred=450.0 ❌
    [  75/160]   E4 sawtooth  | midi: gt=64 pred=63 ❌  | spn: gt=E4 pred=A7 ❌  | doremi: gt=mi pred=sol ❌  | hz: gt=329.6276 pred=480.0 ❌
    [  76/160]   E4 sawtooth  | midi: gt=64 pred=69 ❌  | spn: gt=E4 pred=A6 ❌  | doremi: gt=mi pred=sol ❌  | hz: gt=329.6276 pred=450.0 ❌
    [  77/160]   E4 sawtooth  | midi: gt=64 pred=63 ❌  | spn: gt=E4 pred=C6 ❌  | doremi: gt=mi pred=sol# ❌  | hz: gt=329.6276 pred=1075.86 ❌
    [  78/160]   E4 sawtooth  | midi: gt=64 pred=69 ❌  | spn: gt=E4 pred=A6 ❌  | doremi: gt=mi pred=sol ❌  | hz: gt=329.6276 pred=450.0 ❌
    [  79/160]   E4 sawtooth  | midi: gt=64 pred=63 ❌  | spn: gt=E4 pred=C6 ❌  | doremi: gt=mi pred=sol# ❌  | hz: gt=329.6276 pred=1250.0 ❌
    [  80/160]   E4 sawtooth  | midi: gt=64 pred=69 ❌  | spn: gt=E4 pred=A6 ❌  | doremi: gt=mi pred=sol ❌  | hz: gt=329.6276 pred=450.0 ❌
    [  81/160]   E4 sawtooth  | midi: gt=64 pred=63 ❌  | spn: gt=E4 pred=E6 ❌  | doremi: gt=mi pred=sol# ❌  | hz: gt=329.6276 pred=659.3 ❌
    [  82/160]   E4 sawtooth  | midi: gt=64 pred=69 ❌  | spn: gt=E4 pred=A6 ❌  | doremi: gt=mi pred=sol ❌  | hz: gt=329.6276 pred=450.0 ❌
    [  83/160]   E4 sawtooth  | midi: gt=64 pred=63 ❌  | spn: gt=E4 pred=E4 ✅  | doremi: gt=mi pred=sol ❌  | hz: gt=329.6276 pred=450.0 ❌
    [  84/160]   E4 sawtooth  | midi: gt=64 pred=69 ❌  | spn: gt=E4 pred=A6 ❌  | doremi: gt=mi pred=sol ❌  | hz: gt=329.6276 pred=450.0 ❌
    [  85/160]   E4 sawtooth  | midi: gt=64 pred=69 ❌  | spn: gt=E4 pred=F#6 ❌  | doremi: gt=mi pred=sol# ❌  | hz: gt=329.6276 pred=450.0 ❌
    [  86/160]   E4 sawtooth  | midi: gt=64 pred=69 ❌  | spn: gt=E4 pred=A6 ❌  | doremi: gt=mi pred=sol ❌  | hz: gt=329.6276 pred=450.0 ❌
    [  87/160]   E4 sawtooth  | midi: gt=64 pred=69 ❌  | spn: gt=E4 pred=F#6 ❌  | doremi: gt=mi pred=sol# ❌  | hz: gt=329.6276 pred=1075.83 ❌
    [  88/160]   E4 sawtooth  | midi: gt=64 pred=69 ❌  | spn: gt=E4 pred=A6 ❌  | doremi: gt=mi pred=sol ❌  | hz: gt=329.6276 pred=450.0 ❌
    [  89/160]   G5 sawtooth  | midi: gt=79 pred=69 ❌  | spn: gt=G5 pred=F6 ❌  | doremi: gt=sol pred=sol# ❌  | hz: gt=783.9909 pred=1046.53 ❌
    [  90/160]   G5 sawtooth  | midi: gt=79 pred=69 ❌  | spn: gt=G5 pred=A6 ❌  | doremi: gt=sol pred=sol ✅  | hz: gt=783.9909 pred=450.0 ❌
    [  91/160]   G5 sawtooth  | midi: gt=79 pred=68 ❌  | spn: gt=G5 pred=C6 ❌  | doremi: gt=sol pred=sol# ❌  | hz: gt=783.9909 pred=450.0 ❌
    [  92/160]   G5 sawtooth  | midi: gt=79 pred=69 ❌  | spn: gt=G5 pred=A6 ❌  | doremi: gt=sol pred=sol ✅  | hz: gt=783.9909 pred=450.0 ❌
    [  93/160]  F#1 square  | midi: gt=30 pred=35 ❌  | spn: gt=F#1 pred=A#2 ❌  | doremi: gt=fa# pred=fa# ✅  | hz: gt=46.2493 pred=450.0 ❌
    [  94/160]  F#1 square  | midi: gt=30 pred=35 ❌  | spn: gt=F#1 pred=A#2 ❌  | doremi: gt=fa# pred=fa# ✅  | hz: gt=46.2493 pred=450.0 ❌
    [  95/160]  F#1 square  | midi: gt=30 pred=43 ❌  | spn: gt=F#1 pred=A#2 ❌  | doremi: gt=fa# pred=sol ❌  | hz: gt=46.2493 pred=450.0 ❌
    [  96/160]  F#1 square  | midi: gt=30 pred=35 ❌  | spn: gt=F#1 pred=A#2 ❌  | doremi: gt=fa# pred=fa# ✅  | hz: gt=46.2493 pred=450.0 ❌
    [  97/160]  F#1 square  | midi: gt=30 pred=35 ❌  | spn: gt=F#1 pred=A#2 ❌  | doremi: gt=fa# pred=fa# ✅  | hz: gt=46.2493 pred=450.0 ❌
    [  98/160]  F#1 square  | midi: gt=30 pred=35 ❌  | spn: gt=F#1 pred=A#2 ❌  | doremi: gt=fa# pred=fa# ✅  | hz: gt=46.2493 pred=450.0 ❌
    [  99/160]  F#1 square  | midi: gt=30 pred=35 ❌  | spn: gt=F#1 pred=A2 ❌  | doremi: gt=fa# pred=fa# ✅  | hz: gt=46.2493 pred=450.0 ❌
    [ 100/160]  F#1 square  | midi: gt=30 pred=35 ❌  | spn: gt=F#1 pred=A#2 ❌  | doremi: gt=fa# pred=fa# ✅  | hz: gt=46.2493 pred=450.0 ❌
    [ 101/160]   G2 square  | midi: gt=43 pred=43 ✅  | spn: gt=G2 pred=F#2 ❌  | doremi: gt=sol pred=sol ✅  | hz: gt=97.9989 pred=450.0 ❌
    [ 102/160]   G2 square  | midi: gt=43 pred=43 ✅  | spn: gt=G2 pred=F#2 ❌  | doremi: gt=sol pred=sol ✅  | hz: gt=97.9989 pred=450.0 ❌
    [ 103/160]   G2 square  | midi: gt=43 pred=43 ✅  | spn: gt=G2 pred=F#2 ❌  | doremi: gt=sol pred=sol ✅  | hz: gt=97.9989 pred=450.0 ❌
    [ 104/160]   G2 square  | midi: gt=43 pred=43 ✅  | spn: gt=G2 pred=F#2 ❌  | doremi: gt=sol pred=sol ✅  | hz: gt=97.9989 pred=450.0 ❌
    [ 105/160]   G2 square  | midi: gt=43 pred=48 ❌  | spn: gt=G2 pred=A#2 ❌  | doremi: gt=sol pred=fa# ❌  | hz: gt=97.9989 pred=1046.53 ❌
    [ 106/160]   G2 square  | midi: gt=43 pred=43 ✅  | spn: gt=G2 pred=F#2 ❌  | doremi: gt=sol pred=sol ✅  | hz: gt=97.9989 pred=450.0 ❌
    [ 107/160]   G2 square  | midi: gt=43 pred=43 ✅  | spn: gt=G2 pred=F#2 ❌  | doremi: gt=sol pred=fa# ❌  | hz: gt=97.9989 pred=450.0 ❌
    [ 108/160]   G2 square  | midi: gt=43 pred=43 ✅  | spn: gt=G2 pred=F#2 ❌  | doremi: gt=sol pred=sol ✅  | hz: gt=97.9989 pred=450.0 ❌
    [ 109/160]  F#3 square  | midi: gt=54 pred=65 ❌  | spn: gt=F#3 pred=F#6 ❌  | doremi: gt=fa# pred=sol ❌  | hz: gt=184.9972 pred=450.0 ❌
    [ 110/160]  F#3 square  | midi: gt=54 pred=54 ✅  | spn: gt=F#3 pred=F#3 ✅  | doremi: gt=fa# pred=sol ❌  | hz: gt=184.9972 pred=450.0 ❌
    [ 111/160]  F#3 square  | midi: gt=54 pred=63 ❌  | spn: gt=F#3 pred=F#2 ❌  | doremi: gt=fa# pred=sol ❌  | hz: gt=184.9972 pred=480.0 ❌
    [ 112/160]  F#3 square  | midi: gt=54 pred=54 ✅  | spn: gt=F#3 pred=F#3 ✅  | doremi: gt=fa# pred=sol ❌  | hz: gt=184.9972 pred=450.0 ❌
    [ 113/160]  F#3 square  | midi: gt=54 pred=63 ❌  | spn: gt=F#3 pred=F#2 ❌  | doremi: gt=fa# pred=sol# ❌  | hz: gt=184.9972 pred=480.0 ❌
    [ 114/160]  F#3 square  | midi: gt=54 pred=54 ✅  | spn: gt=F#3 pred=F#3 ✅  | doremi: gt=fa# pred=sol ❌  | hz: gt=184.9972 pred=450.0 ❌
    [ 115/160]  F#3 square  | midi: gt=54 pred=63 ❌  | spn: gt=F#3 pred=F#2 ❌  | doremi: gt=fa# pred=sol# ❌  | hz: gt=184.9972 pred=450.0 ❌
    [ 116/160]  F#3 square  | midi: gt=54 pred=54 ✅  | spn: gt=F#3 pred=F#3 ✅  | doremi: gt=fa# pred=sol ❌  | hz: gt=184.9972 pred=450.0 ❌
    [ 117/160]  F#3 square  | midi: gt=54 pred=63 ❌  | spn: gt=F#3 pred=F#2 ❌  | doremi: gt=fa# pred=fa# ✅  | hz: gt=184.9972 pred=1046.53 ❌
    [ 118/160]  F#3 square  | midi: gt=54 pred=54 ✅  | spn: gt=F#3 pred=F#3 ✅  | doremi: gt=fa# pred=sol ❌  | hz: gt=184.9972 pred=450.0 ❌
    [ 119/160]   E4 square  | midi: gt=64 pred=63 ❌  | spn: gt=E4 pred=C6 ❌  | doremi: gt=mi pred=sol# ❌  | hz: gt=329.6276 pred=450.0 ❌
    [ 120/160]   E4 square  | midi: gt=64 pred=69 ❌  | spn: gt=E4 pred=A6 ❌  | doremi: gt=mi pred=sol ❌  | hz: gt=329.6276 pred=450.0 ❌
    [ 121/160]   E4 square  | midi: gt=64 pred=65 ❌  | spn: gt=E4 pred=F#6 ❌  | doremi: gt=mi pred=sol# ❌  | hz: gt=329.6276 pred=659.3 ❌
    [ 122/160]   E4 square  | midi: gt=64 pred=69 ❌  | spn: gt=E4 pred=A6 ❌  | doremi: gt=mi pred=sol ❌  | hz: gt=329.6276 pred=450.0 ❌
    [ 123/160]   E4 square  | midi: gt=64 pred=63 ❌  | spn: gt=E4 pred=C6 ❌  | doremi: gt=mi pred=fa# ❌  | hz: gt=329.6276 pred=1046.53 ❌
    [ 124/160]   E4 square  | midi: gt=64 pred=69 ❌  | spn: gt=E4 pred=A6 ❌  | doremi: gt=mi pred=sol ❌  | hz: gt=329.6276 pred=450.0 ❌
    [ 125/160]   G5 square  | midi: gt=79 pred=69 ❌  | spn: gt=G5 pred=C6 ❌  | doremi: gt=sol pred=sol ✅  | hz: gt=783.9909 pred=1046.53 ❌
    [ 126/160]   G5 square  | midi: gt=79 pred=68 ❌  | spn: gt=G5 pred=F6 ❌  | doremi: gt=sol pred=sol# ❌  | hz: gt=783.9909 pred=1058.47 ❌
    [ 127/160]   G5 square  | midi: gt=79 pred=68 ❌  | spn: gt=G5 pred=C6 ❌  | doremi: gt=sol pred=sol# ❌  | hz: gt=783.9909 pred=1058.47 ❌
    [ 128/160]   G5 square  | midi: gt=79 pred=68 ❌  | spn: gt=G5 pred=F6 ❌  | doremi: gt=sol pred=sol# ❌  | hz: gt=783.9909 pred=1058.47 ❌
    [ 129/160]   G5 square  | midi: gt=79 pred=68 ❌  | spn: gt=G5 pred=C6 ❌  | doremi: gt=sol pred=sol# ❌  | hz: gt=783.9909 pred=1200.0 ❌
    [ 130/160]   G5 square  | midi: gt=79 pred=68 ❌  | spn: gt=G5 pred=F6 ❌  | doremi: gt=sol pred=sol# ❌  | hz: gt=783.9909 pred=1058.47 ❌
    [ 131/160]   G5 square  | midi: gt=79 pred=69 ❌  | spn: gt=G5 pred=F#6 ❌  | doremi: gt=sol pred=sol ✅  | hz: gt=783.9909 pred=1034.52 ❌
    [ 132/160]   G5 square  | midi: gt=79 pred=68 ❌  | spn: gt=G5 pred=F6 ❌  | doremi: gt=sol pred=sol# ❌  | hz: gt=783.9909 pred=1058.47 ❌
    [ 133/160]   G2 triangle  | midi: gt=43 pred=43 ✅  | spn: gt=G2 pred=C4 ❌  | doremi: gt=sol pred=sol ✅  | hz: gt=97.9989 pred=435.0 ❌
    [ 134/160]   G2 triangle  | midi: gt=43 pred=43 ✅  | spn: gt=G2 pred=C6 ❌  | doremi: gt=sol pred=sol ✅  | hz: gt=97.9989 pred=435.0 ❌
    [ 135/160]   G2 triangle  | midi: gt=43 pred=43 ✅  | spn: gt=G2 pred=C4 ❌  | doremi: gt=sol pred=sol ✅  | hz: gt=97.9989 pred=435.0 ❌
    [ 136/160]   G2 triangle  | midi: gt=43 pred=43 ✅  | spn: gt=G2 pred=C6 ❌  | doremi: gt=sol pred=sol ✅  | hz: gt=97.9989 pred=435.0 ❌
    [ 137/160]  F#3 triangle  | midi: gt=54 pred=63 ❌  | spn: gt=F#3 pred=C6 ❌  | doremi: gt=fa# pred=fa# ✅  | hz: gt=184.9972 pred=480.0 ❌
    [ 138/160]  F#3 triangle  | midi: gt=54 pred=63 ❌  | spn: gt=F#3 pred=F#4 ❌  | doremi: gt=fa# pred=sol ❌  | hz: gt=184.9972 pred=480.0 ❌
    [ 139/160]  F#3 triangle  | midi: gt=54 pred=63 ❌  | spn: gt=F#3 pred=C6 ❌  | doremi: gt=fa# pred=fa# ✅  | hz: gt=184.9972 pred=1058.47 ❌
    [ 140/160]  F#3 triangle  | midi: gt=54 pred=63 ❌  | spn: gt=F#3 pred=F#4 ❌  | doremi: gt=fa# pred=sol ❌  | hz: gt=184.9972 pred=480.0 ❌
    [ 141/160]  F#3 triangle  | midi: gt=54 pred=63 ❌  | spn: gt=F#3 pred=C6 ❌  | doremi: gt=fa# pred=fa# ✅  | hz: gt=184.9972 pred=480.0 ❌
    [ 142/160]  F#3 triangle  | midi: gt=54 pred=63 ❌  | spn: gt=F#3 pred=F#4 ❌  | doremi: gt=fa# pred=sol ❌  | hz: gt=184.9972 pred=480.0 ❌
    [ 143/160]  F#3 triangle  | midi: gt=54 pred=63 ❌  | spn: gt=F#3 pred=C6 ❌  | doremi: gt=fa# pred=fa# ✅  | hz: gt=184.9972 pred=1075.83 ❌
    [ 144/160]  F#3 triangle  | midi: gt=54 pred=63 ❌  | spn: gt=F#3 pred=F#4 ❌  | doremi: gt=fa# pred=sol ❌  | hz: gt=184.9972 pred=480.0 ❌
    [ 145/160]   E4 triangle  | midi: gt=64 pred=63 ❌  | spn: gt=E4 pred=E6 ❌  | doremi: gt=mi pred=sol ❌  | hz: gt=329.6276 pred=64.0 ❌
    [ 146/160]   E4 triangle  | midi: gt=64 pred=63 ❌  | spn: gt=E4 pred=C6 ❌  | doremi: gt=mi pred=sol ❌  | hz: gt=329.6276 pred=450.0 ❌
    [ 147/160]   E4 triangle  | midi: gt=64 pred=63 ❌  | spn: gt=E4 pred=C6 ❌  | doremi: gt=mi pred=sol ❌  | hz: gt=329.6276 pred=480.0 ❌
    [ 148/160]   E4 triangle  | midi: gt=64 pred=63 ❌  | spn: gt=E4 pred=C6 ❌  | doremi: gt=mi pred=sol ❌  | hz: gt=329.6276 pred=450.0 ❌
    [ 149/160]   G5 triangle  | midi: gt=79 pred=68 ❌  | spn: gt=G5 pred=C6 ❌  | doremi: gt=sol pred=sol# ❌  | hz: gt=783.9909 pred=480.0 ❌
    [ 150/160]   G5 triangle  | midi: gt=79 pred=68 ❌  | spn: gt=G5 pred=C6 ❌  | doremi: gt=sol pred=sol ✅  | hz: gt=783.9909 pred=480.0 ❌
    [ 151/160]   G5 triangle  | midi: gt=79 pred=68 ❌  | spn: gt=G5 pred=C6 ❌  | doremi: gt=sol pred=sol# ❌  | hz: gt=783.9909 pred=1034.52 ❌
    [ 152/160]   G5 triangle  | midi: gt=79 pred=68 ❌  | spn: gt=G5 pred=C6 ❌  | doremi: gt=sol pred=sol ✅  | hz: gt=783.9909 pred=480.0 ❌
    [ 153/160]   G5 triangle  | midi: gt=79 pred=68 ❌  | spn: gt=G5 pred=C6 ❌  | doremi: gt=sol pred=sol# ❌  | hz: gt=783.9909 pred=1050.0 ❌
    [ 154/160]   G5 triangle  | midi: gt=79 pred=68 ❌  | spn: gt=G5 pred=C6 ❌  | doremi: gt=sol pred=sol ✅  | hz: gt=783.9909 pred=480.0 ❌
    [ 155/160]   G5 triangle  | midi: gt=79 pred=68 ❌  | spn: gt=G5 pred=C6 ❌  | doremi: gt=sol pred=sol# ❌  | hz: gt=783.9909 pred=6750.0 ❌
    [ 156/160]   G5 triangle  | midi: gt=79 pred=68 ❌  | spn: gt=G5 pred=C6 ❌  | doremi: gt=sol pred=sol ✅  | hz: gt=783.9909 pred=480.0 ❌
    [ 157/160]   G5 triangle  | midi: gt=79 pred=68 ❌  | spn: gt=G5 pred=C6 ❌  | doremi: gt=sol pred=sol# ❌  | hz: gt=783.9909 pred=1058.43 ❌
    [ 158/160]   G5 triangle  | midi: gt=79 pred=68 ❌  | spn: gt=G5 pred=C6 ❌  | doremi: gt=sol pred=sol ✅  | hz: gt=783.9909 pred=480.0 ❌
    [ 159/160]   G5 triangle  | midi: gt=79 pred=69 ❌  | spn: gt=G5 pred=C6 ❌  | doremi: gt=sol pred=sol# ❌  | hz: gt=783.9909 pred=1046.52 ❌
    [ 160/160]   G5 triangle  | midi: gt=79 pred=68 ❌  | spn: gt=G5 pred=C6 ❌  | doremi: gt=sol pred=sol ✅  | hz: gt=783.9909 pred=480.0 ❌

============================================================
SUMMARY — audio_flamingo_next_instruct
  Sampling     : 80 of 640 (stratified by '(vibrato_rate_hz, vibrato_depth_cents)', seed=42)
  Stimuli (total)     : 160
  Stimuli (condition) : 80
  Stimuli (baseline)  : 80

  Format  Condition   Baseline
  ──────────────────────────────
    MIDI      26.2%      37.5%
     SPN       3.8%       6.2%
  DOREMI      35.0%      45.0%
      HZ       0.0%       0.0%
     ANY      53.8%      68.8%

  Headline 'accuracy' is computed on the condition subset only (see CatASpec.primary_filter).

  *** WARNING: working tree has uncommitted changes — results will NOT be exactly reproducible from git_commit alone ***


Results saved → results/run_20260505_112814/pitchbench_a4_pitch_with_vibrato/run_001_20260505_114040/results_audio_flamingo_next_instruct.*

############################################################
# pitchbench_a5_pitch_slightly_off
############################################################

Experiment : pitchbench_a5_pitch_slightly_off
Models     : audio_flamingo_next_instruct
Stimuli    : 400
  Sampling     : 200 of 3040 (stratified by '(midi, detune_hz)', seed=42)

  Model : Audio Flamingo Next – instruct
    [dispatch] 400 items, max_workers=1
    [   1/400]  F#1 sine  | midi: gt=30 pred=48 ❌  | spn: gt=F#1 pred=C2 ❌  | doremi: gt=fa# pred=fa# ✅  | hz: gt=46.2493 pred=450.0 ❌
    [   2/400]  F#1 sine  | midi: gt=30 pred=48 ❌  | spn: gt=F#1 pred=C2 ❌  | doremi: gt=fa# pred=fa# ✅  | hz: gt=46.2493 pred=415.3 ❌
    [   3/400]  F#1 sine  | midi: gt=30 pred=48 ❌  | spn: gt=F#1 pred=C2 ❌  | doremi: gt=fa# pred=fa# ✅  | hz: gt=46.2493 pred=415.3 ❌
    [   4/400]  F#1 sine  | midi: gt=30 pred=48 ❌  | spn: gt=F#1 pred=C2 ❌  | doremi: gt=fa# pred=fa# ✅  | hz: gt=46.2493 pred=415.3 ❌
    [   5/400]  F#1 sine  | midi: gt=30 pred=48 ❌  | spn: gt=F#1 pred=C2 ❌  | doremi: gt=fa# pred=fa# ✅  | hz: gt=46.2493 pred=42.0 ❌
    [   6/400]  F#1 sine  | midi: gt=30 pred=48 ❌  | spn: gt=F#1 pred=C2 ❌  | doremi: gt=fa# pred=fa# ✅  | hz: gt=46.2493 pred=415.3 ❌
    [   7/400]   C2 sine  | midi: gt=36 pred=48 ❌  | spn: gt=C2 pred=C4 ❌  | doremi: gt=do pred=fa# ❌  | hz: gt=65.4064 pred=430.56 ❌
    [   8/400]   C2 sine  | midi: gt=36 pred=48 ❌  | spn: gt=C2 pred=C4 ❌  | doremi: gt=do pred=fa# ❌  | hz: gt=65.4064 pred=430.51 ❌
    [   9/400]   C4 sine  | midi: gt=60 pred=64 ❌  | spn: gt=C4 pred=C4 ✅  | doremi: gt=do pred=fa# ❌  | hz: gt=261.6256 pred=480.0 ❌
    [  10/400]   C4 sine  | midi: gt=60 pred=64 ❌  | spn: gt=C4 pred=C4 ✅  | doremi: gt=do pred=fa# ❌  | hz: gt=261.6256 pred=480.0 ❌
    [  11/400]   E4 sine  | midi: gt=64 pred=64 ✅  | spn: gt=E4 pred=C4 ❌  | doremi: gt=mi pred=fa# ❌  | hz: gt=329.6276 pred=450.0 ❌
    [  12/400]   E4 sine  | midi: gt=64 pred=64 ✅  | spn: gt=E4 pred=C4 ❌  | doremi: gt=mi pred=fa# ❌  | hz: gt=329.6276 pred=415.3 ❌
    [  13/400]   E4 sine  | midi: gt=64 pred=65 ❌  | spn: gt=E4 pred=C4 ❌  | doremi: gt=mi pred=fa# ❌  | hz: gt=329.6276 pred=415.306879 ❌
    [  14/400]   E4 sine  | midi: gt=64 pred=64 ✅  | spn: gt=E4 pred=C4 ❌  | doremi: gt=mi pred=fa# ❌  | hz: gt=329.6276 pred=415.3 ❌
    [  15/400]   A4 sine  | midi: gt=69 pred=69 ✅  | spn: gt=A4 pred=A4 ✅  | doremi: gt=la pred=fa# ❌  | hz: gt=440.0 pred=450.0 ❌
    [  16/400]   A4 sine  | midi: gt=69 pred=69 ✅  | spn: gt=A4 pred=A4 ✅  | doremi: gt=la pred=fa# ❌  | hz: gt=440.0 pred=450.0 ❌
    [  17/400]   G5 sine  | midi: gt=79 pred=68 ❌  | spn: gt=G5 pred=C6 ❌  | doremi: gt=sol pred=fa# ❌  | hz: gt=783.9909 pred=415.306 ❌
    [  18/400]   G5 sine  | midi: gt=79 pred=68 ❌  | spn: gt=G5 pred=C6 ❌  | doremi: gt=sol pred=fa# ❌  | hz: gt=783.9909 pred=415.306 ❌
    [  19/400]   E6 sine  | midi: gt=88 pred=68 ❌  | spn: gt=E6 pred=C6 ❌  | doremi: gt=mi pred=fa# ❌  | hz: gt=1318.5102 pred=450.0 ❌
    [  20/400]   E6 sine  | midi: gt=88 pred=68 ❌  | spn: gt=E6 pred=C6 ❌  | doremi: gt=mi pred=fa# ❌  | hz: gt=1318.5102 pred=480.0 ❌
    [  21/400]  F#1 sawtooth  | midi: gt=30 pred=64 ❌  | spn: gt=F#1 pred=C4 ❌  | doremi: gt=fa# pred=fa# ✅  | hz: gt=46.2493 pred=450.0 ❌
    [  22/400]  F#1 sawtooth  | midi: gt=30 pred=64 ❌  | spn: gt=F#1 pred=C4 ❌  | doremi: gt=fa# pred=fa# ✅  | hz: gt=46.2493 pred=450.32 ❌
    [  23/400]   G2 sawtooth  | midi: gt=43 pred=48 ❌  | spn: gt=G2 pred=F#2 ❌  | doremi: gt=sol pred=fa# ❌  | hz: gt=97.9989 pred=450.0 ❌
    [  24/400]   G2 sawtooth  | midi: gt=43 pred=45 ❌  | spn: gt=G2 pred=C4 ❌  | doremi: gt=sol pred=fa# ❌  | hz: gt=97.9989 pred=450.0 ❌
    [  25/400]   G2 sawtooth  | midi: gt=43 pred=45 ❌  | spn: gt=G2 pred=C4 ❌  | doremi: gt=sol pred=fa# ❌  | hz: gt=97.9989 pred=450.32 ❌
    [  26/400]   G2 sawtooth  | midi: gt=43 pred=45 ❌  | spn: gt=G2 pred=C4 ❌  | doremi: gt=sol pred=fa# ❌  | hz: gt=97.9989 pred=450.0 ❌
    [  27/400]   C3 sawtooth  | midi: gt=48 pred=64 ❌  | spn: gt=C3 pred=C4 ❌  | doremi: gt=do pred=fa# ❌  | hz: gt=130.8128 pred=450.32 ❌
    [  28/400]   C3 sawtooth  | midi: gt=48 pred=64 ❌  | spn: gt=C3 pred=C4 ❌  | doremi: gt=do pred=fa# ❌  | hz: gt=130.8128 pred=450.0 ❌
    [  29/400]   C3 sawtooth  | midi: gt=48 pred=48 ✅  | spn: gt=C3 pred=C4 ❌  | doremi: gt=do pred=fa# ❌  | hz: gt=130.8128 pred=450.0 ❌
    [  30/400]   C3 sawtooth  | midi: gt=48 pred=48 ✅  | spn: gt=C3 pred=C4 ❌  | doremi: gt=do pred=fa# ❌  | hz: gt=130.8128 pred=450.0 ❌
    [  31/400]   C4 sawtooth  | midi: gt=60 pred=63 ❌  | spn: gt=C4 pred=C6 ❌  | doremi: gt=do pred=fa# ❌  | hz: gt=261.6256 pred=450.0 ❌
    [  32/400]   C4 sawtooth  | midi: gt=60 pred=43 ❌  | spn: gt=C4 pred=F#3 ❌  | doremi: gt=do pred=fa# ❌  | hz: gt=261.6256 pred=450.0 ❌
    [  33/400]   A4 sawtooth  | midi: gt=69 pred=58 ❌  | spn: gt=A4 pred=A4 ✅  | doremi: gt=la pred=fa# ❌  | hz: gt=440.0 pred=450.0 ❌
    [  34/400]   A4 sawtooth  | midi: gt=69 pred=69 ✅  | spn: gt=A4 pred=A4 ✅  | doremi: gt=la pred=fa# ❌  | hz: gt=440.0 pred=450.0 ❌
    [  35/400]   E6 sawtooth  | midi: gt=88 pred=64 ❌  | spn: gt=E6 pred=C4 ❌  | doremi: gt=mi pred=fa# ❌  | hz: gt=1318.5102 pred=450.0 ❌
    [  36/400]   E6 sawtooth  | midi: gt=88 pred=64 ❌  | spn: gt=E6 pred=C6 ❌  | doremi: gt=mi pred=fa# ❌  | hz: gt=1318.5102 pred=450.0 ❌
    [  37/400]   E6 sawtooth  | midi: gt=88 pred=65 ❌  | spn: gt=E6 pred=F#6 ❌  | doremi: gt=mi pred=fa# ❌  | hz: gt=1318.5102 pred=450.0 ❌
    [  38/400]   E6 sawtooth  | midi: gt=88 pred=63 ❌  | spn: gt=E6 pred=F#6 ❌  | doremi: gt=mi pred=fa# ❌  | hz: gt=1318.5102 pred=450.0 ❌
    [  39/400]  F#1 square  | midi: gt=30 pred=45 ❌  | spn: gt=F#1 pred=A#2 ❌  | doremi: gt=fa# pred=fa# ✅  | hz: gt=46.2493 pred=450.0 ❌
    [  40/400]  F#1 square  | midi: gt=30 pred=45 ❌  | spn: gt=F#1 pred=A#2 ❌  | doremi: gt=fa# pred=fa# ✅  | hz: gt=46.2493 pred=450.0 ❌
    [  41/400]  F#1 square  | midi: gt=30 pred=45 ❌  | spn: gt=F#1 pred=A#2 ❌  | doremi: gt=fa# pred=fa# ✅  | hz: gt=46.2493 pred=435.0 ❌
    [  42/400]  F#1 square  | midi: gt=30 pred=45 ❌  | spn: gt=F#1 pred=A#2 ❌  | doremi: gt=fa# pred=fa# ✅  | hz: gt=46.2493 pred=450.0 ❌
    [  43/400]   C2 square  | midi: gt=36 pred=43 ❌  | spn: gt=C2 pred=C4 ❌  | doremi: gt=do pred=fa# ❌  | hz: gt=65.4064 pred=450.0 ❌
    [  44/400]   C2 square  | midi: gt=36 pred=43 ❌  | spn: gt=C2 pred=C4 ❌  | doremi: gt=do pred=fa# ❌  | hz: gt=65.4064 pred=450.0 ❌
    [  45/400]   G2 square  | midi: gt=43 pred=64 ❌  | spn: gt=G2 pred=C4 ❌  | doremi: gt=sol pred=fa# ❌  | hz: gt=97.9989 pred=450.32 ❌
    [  46/400]   G2 square  | midi: gt=43 pred=45 ❌  | spn: gt=G2 pred=C4 ❌  | doremi: gt=sol pred=fa# ❌  | hz: gt=97.9989 pred=450.32 ❌
    [  47/400]   G2 square  | midi: gt=43 pred=43 ✅  | spn: gt=G2 pred=F#2 ❌  | doremi: gt=sol pred=fa# ❌  | hz: gt=97.9989 pred=450.0 ❌
    [  48/400]   G2 square  | midi: gt=43 pred=43 ✅  | spn: gt=G2 pred=F#2 ❌  | doremi: gt=sol pred=fa# ❌  | hz: gt=97.9989 pred=450.0 ❌
    [  49/400]   G2 square  | midi: gt=43 pred=43 ✅  | spn: gt=G2 pred=F#2 ❌  | doremi: gt=sol pred=fa# ❌  | hz: gt=97.9989 pred=450.0 ❌
    [  50/400]   G2 square  | midi: gt=43 pred=43 ✅  | spn: gt=G2 pred=F#2 ❌  | doremi: gt=sol pred=fa# ❌  | hz: gt=97.9989 pred=450.0 ❌
    [  51/400]   C3 square  | midi: gt=48 pred=64 ❌  | spn: gt=C3 pred=C4 ❌  | doremi: gt=do pred=fa# ❌  | hz: gt=130.8128 pred=450.32 ❌
    [  52/400]   C3 square  | midi: gt=48 pred=64 ❌  | spn: gt=C3 pred=C4 ❌  | doremi: gt=do pred=fa# ❌  | hz: gt=130.8128 pred=450.0 ❌
    [  53/400]  F#3 square  | midi: gt=54 pred=64 ❌  | spn: gt=F#3 pred=C4 ❌  | doremi: gt=fa# pred=fa# ✅  | hz: gt=184.9972 pred=450.32 ❌
    [  54/400]  F#3 square  | midi: gt=54 pred=64 ❌  | spn: gt=F#3 pred=C4 ❌  | doremi: gt=fa# pred=fa# ✅  | hz: gt=184.9972 pred=450.32 ❌
    [  55/400]   C4 square  | midi: gt=60 pred=64 ❌  | spn: gt=C4 pred=C4 ✅  | doremi: gt=do pred=fa# ❌  | hz: gt=261.6256 pred=450.32 ❌
    [  56/400]   C4 square  | midi: gt=60 pred=64 ❌  | spn: gt=C4 pred=C4 ✅  | doremi: gt=do pred=fa# ❌  | hz: gt=261.6256 pred=450.0 ❌
    [  57/400]   C4 square  | midi: gt=60 pred=63 ❌  | spn: gt=C4 pred=C6 ❌  | doremi: gt=do pred=fa# ❌  | hz: gt=261.6256 pred=450.0 ❌
    [  58/400]   C4 square  | midi: gt=60 pred=63 ❌  | spn: gt=C4 pred=C6 ❌  | doremi: gt=do pred=fa# ❌  | hz: gt=261.6256 pred=450.0 ❌
    [  59/400]   A4 square  | midi: gt=69 pred=65 ❌  | spn: gt=A4 pred=C4 ❌  | doremi: gt=la pred=fa# ❌  | hz: gt=440.0 pred=430.56 ❌
    [  60/400]   A4 square  | midi: gt=69 pred=64 ❌  | spn: gt=A4 pred=C4 ❌  | doremi: gt=la pred=fa# ❌  | hz: gt=440.0 pred=450.32 ❌
    [  61/400]   A4 square  | midi: gt=69 pred=64 ❌  | spn: gt=A4 pred=C6 ❌  | doremi: gt=la pred=fa# ❌  | hz: gt=440.0 pred=450.0 ❌
    [  62/400]   A4 square  | midi: gt=69 pred=69 ✅  | spn: gt=A4 pred=A4 ✅  | doremi: gt=la pred=fa# ❌  | hz: gt=440.0 pred=450.0 ❌
    [  63/400]   A4 square  | midi: gt=69 pred=68 ❌  | spn: gt=A4 pred=C6 ❌  | doremi: gt=la pred=fa# ❌  | hz: gt=440.0 pred=415.306 ❌
    [  64/400]   A4 square  | midi: gt=69 pred=69 ✅  | spn: gt=A4 pred=A4 ✅  | doremi: gt=la pred=fa# ❌  | hz: gt=440.0 pred=450.0 ❌
    [  65/400]   G5 square  | midi: gt=79 pred=64 ❌  | spn: gt=G5 pred=C6 ❌  | doremi: gt=sol pred=fa# ❌  | hz: gt=783.9909 pred=465.0 ❌
    [  66/400]   G5 square  | midi: gt=79 pred=65 ❌  | spn: gt=G5 pred=C6 ❌  | doremi: gt=sol pred=fa# ❌  | hz: gt=783.9909 pred=450.0 ❌
    [  67/400]   E6 square  | midi: gt=88 pred=64 ❌  | spn: gt=E6 pred=C4 ❌  | doremi: gt=mi pred=fa# ❌  | hz: gt=1318.5102 pred=415.306872493 ❌
    [  68/400]   E6 square  | midi: gt=88 pred=64 ❌  | spn: gt=E6 pred=C6 ❌  | doremi: gt=mi pred=fa# ❌  | hz: gt=1318.5102 pred=450.0 ❌
    [  69/400]   E6 square  | midi: gt=88 pred=64 ❌  | spn: gt=E6 pred=C4 ❌  | doremi: gt=mi pred=fa# ❌  | hz: gt=1318.5102 pred=450.32 ❌
    [  70/400]   E6 square  | midi: gt=88 pred=64 ❌  | spn: gt=E6 pred=C6 ❌  | doremi: gt=mi pred=fa# ❌  | hz: gt=1318.5102 pred=450.0 ❌
    [  71/400]  F#1 triangle  | midi: gt=30 pred=45 ❌  | spn: gt=F#1 pred=C4 ❌  | doremi: gt=fa# pred=fa# ✅  | hz: gt=46.2493 pred=435.0 ❌
    [  72/400]  F#1 triangle  | midi: gt=30 pred=45 ❌  | spn: gt=F#1 pred=C4 ❌  | doremi: gt=fa# pred=fa# ✅  | hz: gt=46.2493 pred=450.0 ❌
    [  73/400]  F#1 triangle  | midi: gt=30 pred=43 ❌  | spn: gt=F#1 pred=C4 ❌  | doremi: gt=fa# pred=fa# ✅  | hz: gt=46.2493 pred=430.56 ❌
    [  74/400]  F#1 triangle  | midi: gt=30 pred=45 ❌  | spn: gt=F#1 pred=C4 ❌  | doremi: gt=fa# pred=fa# ✅  | hz: gt=46.2493 pred=430.56 ❌
    [  75/400]   C2 triangle  | midi: gt=36 pred=45 ❌  | spn: gt=C2 pred=C2 ✅  | doremi: gt=do pred=fa# ❌  | hz: gt=65.4064 pred=430.56 ❌
    [  76/400]   C2 triangle  | midi: gt=36 pred=45 ❌  | spn: gt=C2 pred=C4 ❌  | doremi: gt=do pred=fa# ❌  | hz: gt=65.4064 pred=430.56 ❌
    [  77/400]   C2 triangle  | midi: gt=36 pred=45 ❌  | spn: gt=C2 pred=C4 ❌  | doremi: gt=do pred=fa# ❌  | hz: gt=65.4064 pred=415.3 ❌
    [  78/400]   C2 triangle  | midi: gt=36 pred=45 ❌  | spn: gt=C2 pred=C4 ❌  | doremi: gt=do pred=fa# ❌  | hz: gt=65.4064 pred=430.56 ❌
    [  79/400]   G2 triangle  | midi: gt=43 pred=48 ❌  | spn: gt=G2 pred=C4 ❌  | doremi: gt=sol pred=fa# ❌  | hz: gt=97.9989 pred=435.0 ❌
    [  80/400]   G2 triangle  | midi: gt=43 pred=48 ❌  | spn: gt=G2 pred=C4 ❌  | doremi: gt=sol pred=fa# ❌  | hz: gt=97.9989 pred=430.56 ❌
    [  81/400]   G2 triangle  | midi: gt=43 pred=43 ✅  | spn: gt=G2 pred=C4 ❌  | doremi: gt=sol pred=fa# ❌  | hz: gt=97.9989 pred=435.0 ❌
    [  82/400]   G2 triangle  | midi: gt=43 pred=43 ✅  | spn: gt=G2 pred=C4 ❌  | doremi: gt=sol pred=fa# ❌  | hz: gt=97.9989 pred=435.0 ❌
    [  83/400]   C4 triangle  | midi: gt=60 pred=63 ❌  | spn: gt=C4 pred=C6 ❌  | doremi: gt=do pred=fa# ❌  | hz: gt=261.6256 pred=480.0 ❌
    [  84/400]   C4 triangle  | midi: gt=60 pred=63 ❌  | spn: gt=C4 pred=C6 ❌  | doremi: gt=do pred=fa# ❌  | hz: gt=261.6256 pred=480.0 ❌
    [  85/400]   C4 triangle  | midi: gt=60 pred=63 ❌  | spn: gt=C4 pred=C6 ❌  | doremi: gt=do pred=fa# ❌  | hz: gt=261.6256 pred=480.0 ❌
    [  86/400]   C4 triangle  | midi: gt=60 pred=63 ❌  | spn: gt=C4 pred=C6 ❌  | doremi: gt=do pred=fa# ❌  | hz: gt=261.6256 pred=480.0 ❌
    [  87/400]   E4 triangle  | midi: gt=64 pred=64 ✅  | spn: gt=E4 pred=C4 ❌  | doremi: gt=mi pred=fa# ❌  | hz: gt=329.6276 pred=435.0 ❌
    [  88/400]   E4 triangle  | midi: gt=64 pred=64 ✅  | spn: gt=E4 pred=C4 ❌  | doremi: gt=mi pred=fa# ❌  | hz: gt=329.6276 pred=415.3 ❌
    [  89/400]   E4 triangle  | midi: gt=64 pred=63 ❌  | spn: gt=E4 pred=C6 ❌  | doremi: gt=mi pred=fa# ❌  | hz: gt=329.6276 pred=450.0 ❌
    [  90/400]   E4 triangle  | midi: gt=64 pred=63 ❌  | spn: gt=E4 pred=C6 ❌  | doremi: gt=mi pred=fa# ❌  | hz: gt=329.6276 pred=450.0 ❌
    [  91/400]   A4 triangle  | midi: gt=69 pred=69 ✅  | spn: gt=A4 pred=A4 ✅  | doremi: gt=la pred=fa# ❌  | hz: gt=440.0 pred=450.0 ❌
    [  92/400]   A4 triangle  | midi: gt=69 pred=69 ✅  | spn: gt=A4 pred=A4 ✅  | doremi: gt=la pred=fa# ❌  | hz: gt=440.0 pred=450.0 ❌
    [  93/400]   G5 triangle  | midi: gt=79 pred=68 ❌  | spn: gt=G5 pred=C6 ❌  | doremi: gt=sol pred=fa# ❌  | hz: gt=783.9909 pred=450.0 ❌
    [  94/400]   G5 triangle  | midi: gt=79 pred=68 ❌  | spn: gt=G5 pred=C6 ❌  | doremi: gt=sol pred=fa# ❌  | hz: gt=783.9909 pred=450.0 ❌
    [  95/400]  F#1 piano  | midi: gt=30 pred=45 ❌  | spn: gt=F#1 pred=C4 ❌  | doremi: gt=fa# pred=fa# ✅  | hz: gt=46.2493 pred=450.0 ❌
    [  96/400]  F#1 piano  | midi: gt=30 pred=45 ❌  | spn: gt=F#1 pred=C4 ❌  | doremi: gt=fa# pred=fa# ✅  | hz: gt=46.2493 pred=450.0 ❌
    [  97/400]   C2 piano  | midi: gt=36 pred=43 ❌  | spn: gt=C2 pred=C4 ❌  | doremi: gt=do pred=fa# ❌  | hz: gt=65.4064 pred=450.0 ❌
    [  98/400]   C2 piano  | midi: gt=36 pred=43 ❌  | spn: gt=C2 pred=C4 ❌  | doremi: gt=do pred=fa# ❌  | hz: gt=65.4064 pred=450.0 ❌
    [  99/400]  F#3 piano  | midi: gt=54 pred=56 ❌  | spn: gt=F#3 pred=C4 ❌  | doremi: gt=fa# pred=fa# ✅  | hz: gt=184.9972 pred=450.0 ❌
    [ 100/400]  F#3 piano  | midi: gt=54 pred=56 ❌  | spn: gt=F#3 pred=C4 ❌  | doremi: gt=fa# pred=fa# ✅  | hz: gt=184.9972 pred=450.0 ❌
    [ 101/400]  F#3 piano  | midi: gt=54 pred=56 ❌  | spn: gt=F#3 pred=C4 ❌  | doremi: gt=fa# pred=fa# ✅  | hz: gt=184.9972 pred=436.5 ❌
    [ 102/400]  F#3 piano  | midi: gt=54 pred=56 ❌  | spn: gt=F#3 pred=C4 ❌  | doremi: gt=fa# pred=fa# ✅  | hz: gt=184.9972 pred=450.0 ❌
    [ 103/400]   C4 piano  | midi: gt=60 pred=63 ❌  | spn: gt=C4 pred=C4 ✅  | doremi: gt=do pred=fa# ❌  | hz: gt=261.6256 pred=493.88 ❌
    [ 104/400]   C4 piano  | midi: gt=60 pred=63 ❌  | spn: gt=C4 pred=C4 ✅  | doremi: gt=do pred=fa# ❌  | hz: gt=261.6256 pred=450.0 ❌
    [ 105/400]   C4 piano  | midi: gt=60 pred=54 ❌  | spn: gt=C4 pred=C4 ✅  | doremi: gt=do pred=fa# ❌  | hz: gt=261.6256 pred=493.88 ❌
    [ 106/400]   C4 piano  | midi: gt=60 pred=54 ❌  | spn: gt=C4 pred=C4 ✅  | doremi: gt=do pred=fa# ❌  | hz: gt=261.6256 pred=493.88 ❌
    [ 107/400]   E4 piano  | midi: gt=64 pred=58 ❌  | spn: gt=E4 pred=C4 ❌  | doremi: gt=mi pred=fa# ❌  | hz: gt=329.6276 pred=450.0 ❌
    [ 108/400]   E4 piano  | midi: gt=64 pred=58 ❌  | spn: gt=E4 pred=C4 ❌  | doremi: gt=mi pred=fa# ❌  | hz: gt=329.6276 pred=450.0 ❌
    [ 109/400]   A4 piano  | midi: gt=69 pred=64 ❌  | spn: gt=A4 pred=C4 ❌  | doremi: gt=la pred=fa# ❌  | hz: gt=440.0 pred=450.0 ❌
    [ 110/400]   A4 piano  | midi: gt=69 pred=64 ❌  | spn: gt=A4 pred=C4 ❌  | doremi: gt=la pred=fa# ❌  | hz: gt=440.0 pred=450.0 ❌
    [ 111/400]   A4 piano  | midi: gt=69 pred=64 ❌  | spn: gt=A4 pred=C4 ❌  | doremi: gt=la pred=fa# ❌  | hz: gt=440.0 pred=450.0 ❌
    [ 112/400]   A4 piano  | midi: gt=69 pred=64 ❌  | spn: gt=A4 pred=C4 ❌  | doremi: gt=la pred=fa# ❌  | hz: gt=440.0 pred=450.0 ❌
    [ 113/400]   E6 piano  | midi: gt=88 pred=68 ❌  | spn: gt=E6 pred=C6 ❌  | doremi: gt=mi pred=fa# ❌  | hz: gt=1318.5102 pred=465.0 ❌
    [ 114/400]   E6 piano  | midi: gt=88 pred=68 ❌  | spn: gt=E6 pred=C6 ❌  | doremi: gt=mi pred=fa# ❌  | hz: gt=1318.5102 pred=465.0 ❌
    [ 115/400]   C2 electric_keyboard  | midi: gt=36 pred=45 ❌  | spn: gt=C2 pred=C4 ❌  | doremi: gt=do pred=fa# ❌  | hz: gt=65.4064 pred=261.63 ❌
    [ 116/400]   C2 electric_keyboard  | midi: gt=36 pred=45 ❌  | spn: gt=C2 pred=C4 ❌  | doremi: gt=do pred=fa# ❌  | hz: gt=65.4064 pred=261.63 ❌
    [ 117/400]   C3 electric_keyboard  | midi: gt=48 pred=50 ❌  | spn: gt=C3 pred=D4 ❌  | doremi: gt=do pred=mi ❌  | hz: gt=130.8128 pred=504.0 ❌
    [ 118/400]   C3 electric_keyboard  | midi: gt=48 pred=53 ❌  | spn: gt=C3 pred=D4 ❌  | doremi: gt=do pred=mi ❌  | hz: gt=130.8128 pred=504.0 ❌
    [ 119/400]   C3 electric_keyboard  | midi: gt=48 pred=50 ❌  | spn: gt=C3 pred=C4 ❌  | doremi: gt=do pred=mi ❌  | hz: gt=130.8128 pred=504.0 ❌
    [ 120/400]   C3 electric_keyboard  | midi: gt=48 pred=53 ❌  | spn: gt=C3 pred=D4 ❌  | doremi: gt=do pred=mi ❌  | hz: gt=130.8128 pred=504.0 ❌
    [ 121/400]   C3 electric_keyboard  | midi: gt=48 pred=53 ❌  | spn: gt=C3 pred=D4 ❌  | doremi: gt=do pred=mi ❌  | hz: gt=130.8128 pred=504.0 ❌
    [ 122/400]   C3 electric_keyboard  | midi: gt=48 pred=53 ❌  | spn: gt=C3 pred=D4 ❌  | doremi: gt=do pred=mi ❌  | hz: gt=130.8128 pred=504.0 ❌
    [ 123/400]   C4 electric_keyboard  | midi: gt=60 pred=63 ❌  | spn: gt=C4 pred=C4 ✅  | doremi: gt=do pred=mi ❌  | hz: gt=261.6256 pred=625.0 ❌
    [ 124/400]   C4 electric_keyboard  | midi: gt=60 pred=63 ❌  | spn: gt=C4 pred=C6 ❌  | doremi: gt=do pred=mi ❌  | hz: gt=261.6256 pred=625.0 ❌
    [ 125/400]   E4 electric_keyboard  | midi: gt=64 pred=65 ❌  | spn: gt=E4 pred=C6 ❌  | doremi: gt=mi pred=fa# ❌  | hz: gt=329.6276 pred=659.32 ❌
    [ 126/400]   E4 electric_keyboard  | midi: gt=64 pred=65 ❌  | spn: gt=E4 pred=C6 ❌  | doremi: gt=mi pred=fa# ❌  | hz: gt=329.6276 pred=659.32 ❌
    [ 127/400]   E4 electric_keyboard  | midi: gt=64 pred=65 ❌  | spn: gt=E4 pred=C6 ❌  | doremi: gt=mi pred=fa# ❌  | hz: gt=329.6276 pred=659.32 ❌
    [ 128/400]   E4 electric_keyboard  | midi: gt=64 pred=65 ❌  | spn: gt=E4 pred=C6 ❌  | doremi: gt=mi pred=fa# ❌  | hz: gt=329.6276 pred=659.32 ❌
    [ 129/400]   E4 electric_keyboard  | midi: gt=64 pred=65 ❌  | spn: gt=E4 pred=F#4 ❌  | doremi: gt=mi pred=fa# ❌  | hz: gt=329.6276 pred=659.34 ❌
    [ 130/400]   E4 electric_keyboard  | midi: gt=64 pred=65 ❌  | spn: gt=E4 pred=C6 ❌  | doremi: gt=mi pred=fa# ❌  | hz: gt=329.6276 pred=659.34 ❌
    [ 131/400]   A4 electric_keyboard  | midi: gt=69 pred=69 ✅  | spn: gt=A4 pred=A#6 ❌  | doremi: gt=la pred=fa# ❌  | hz: gt=440.0 pred=701.58 ❌
    [ 132/400]   A4 electric_keyboard  | midi: gt=69 pred=69 ✅  | spn: gt=A4 pred=A#6 ❌  | doremi: gt=la pred=fa# ❌  | hz: gt=440.0 pred=701.58 ❌
    [ 133/400]  F#1 guitar  | midi: gt=30 pred=48 ❌  | spn: gt=F#1 pred=C4 ❌  | doremi: gt=fa# pred=fa# ✅  | hz: gt=46.2493 pred=430.56 ❌
    [ 134/400]  F#1 guitar  | midi: gt=30 pred=48 ❌  | spn: gt=F#1 pred=C4 ❌  | doremi: gt=fa# pred=fa# ✅  | hz: gt=46.2493 pred=430.56 ❌
    [ 135/400]  F#1 guitar  | midi: gt=30 pred=45 ❌  | spn: gt=F#1 pred=F#2 ❌  | doremi: gt=fa# pred=fa# ✅  | hz: gt=46.2493 pred=450.0 ❌
    [ 136/400]  F#1 guitar  | midi: gt=30 pred=45 ❌  | spn: gt=F#1 pred=F#2 ❌  | doremi: gt=fa# pred=fa# ✅  | hz: gt=46.2493 pred=450.0 ❌
    [ 137/400]   C2 guitar  | midi: gt=36 pred=56 ❌  | spn: gt=C2 pred=C4 ❌  | doremi: gt=do pred=fa# ❌  | hz: gt=65.4064 pred=450.0 ❌
    [ 138/400]   C2 guitar  | midi: gt=36 pred=56 ❌  | spn: gt=C2 pred=C4 ❌  | doremi: gt=do pred=fa# ❌  | hz: gt=65.4064 pred=450.0 ❌
    [ 139/400]   G2 guitar  | midi: gt=43 pred=45 ❌  | spn: gt=G2 pred=C4 ❌  | doremi: gt=sol pred=fa# ❌  | hz: gt=97.9989 pred=435.0 ❌
    [ 140/400]   G2 guitar  | midi: gt=43 pred=45 ❌  | spn: gt=G2 pred=C4 ❌  | doremi: gt=sol pred=fa# ❌  | hz: gt=97.9989 pred=435.0 ❌
    [ 141/400]   C3 guitar  | midi: gt=48 pred=58 ❌  | spn: gt=C3 pred=C4 ❌  | doremi: gt=do pred=fa# ❌  | hz: gt=130.8128 pred=493.88 ❌
    [ 142/400]   C3 guitar  | midi: gt=48 pred=58 ❌  | spn: gt=C3 pred=C4 ❌  | doremi: gt=do pred=fa# ❌  | hz: gt=130.8128 pred=493.88 ❌
    [ 143/400]  F#3 guitar  | midi: gt=54 pred=56 ❌  | spn: gt=F#3 pred=G4 ❌  | doremi: gt=fa# pred=sol ❌  | hz: gt=184.9972 pred=450.0 ❌
    [ 144/400]  F#3 guitar  | midi: gt=54 pred=56 ❌  | spn: gt=F#3 pred=G4 ❌  | doremi: gt=fa# pred=sol ❌  | hz: gt=184.9972 pred=450.0 ❌
    [ 145/400]  F#3 guitar  | midi: gt=54 pred=56 ❌  | spn: gt=F#3 pred=G4 ❌  | doremi: gt=fa# pred=sol ❌  | hz: gt=184.9972 pred=450.0 ❌
    [ 146/400]  F#3 guitar  | midi: gt=54 pred=56 ❌  | spn: gt=F#3 pred=G4 ❌  | doremi: gt=fa# pred=sol ❌  | hz: gt=184.9972 pred=450.0 ❌
    [ 147/400]   E4 guitar  | midi: gt=64 pred=64 ✅  | spn: gt=E4 pred=C4 ❌  | doremi: gt=mi pred=fa# ❌  | hz: gt=329.6276 pred=430.56 ❌
    [ 148/400]   E4 guitar  | midi: gt=64 pred=64 ✅  | spn: gt=E4 pred=C4 ❌  | doremi: gt=mi pred=fa# ❌  | hz: gt=329.6276 pred=430.56 ❌
    [ 149/400]   G5 guitar  | midi: gt=79 pred=69 ❌  | spn: gt=G5 pred=C4 ❌  | doremi: gt=sol pred=fa# ❌  | hz: gt=783.9909 pred=463.897102597 ❌
    [ 150/400]   G5 guitar  | midi: gt=79 pred=69 ❌  | spn: gt=G5 pred=C4 ❌  | doremi: gt=sol pred=fa# ❌  | hz: gt=783.9909 pred=463.89 ❌
    [ 151/400]   G5 guitar  | midi: gt=79 pred=83 ❌  | spn: gt=G5 pred=A7 ❌  | doremi: gt=sol pred=fa# ❌  | hz: gt=783.9909 pred=460.0 ❌
    [ 152/400]   G5 guitar  | midi: gt=79 pred=83 ❌  | spn: gt=G5 pred=A7 ❌  | doremi: gt=sol pred=fa# ❌  | hz: gt=783.9909 pred=None ❌
    [ 153/400]   E6 guitar  | midi: gt=88 pred=68 ❌  | spn: gt=E6 pred=C6 ❌  | doremi: gt=mi pred=sol# ❌  | hz: gt=1318.5102 pred=450.0 ❌
    [ 154/400]   E6 guitar  | midi: gt=88 pred=68 ❌  | spn: gt=E6 pred=C6 ❌  | doremi: gt=mi pred=sol# ❌  | hz: gt=1318.5102 pred=450.0 ❌
    [ 155/400]  F#1 flute  | midi: gt=30 pred=45 ❌  | spn: gt=F#1 pred=C4 ❌  | doremi: gt=fa# pred=fa# ✅  | hz: gt=46.2493 pred=450.0 ❌
    [ 156/400]  F#1 flute  | midi: gt=30 pred=48 ❌  | spn: gt=F#1 pred=C4 ❌  | doremi: gt=fa# pred=fa# ✅  | hz: gt=46.2493 pred=450.0 ❌
    [ 157/400]  F#1 flute  | midi: gt=30 pred=48 ❌  | spn: gt=F#1 pred=C4 ❌  | doremi: gt=fa# pred=fa# ✅  | hz: gt=46.2493 pred=450.0 ❌
    [ 158/400]  F#1 flute  | midi: gt=30 pred=48 ❌  | spn: gt=F#1 pred=C4 ❌  | doremi: gt=fa# pred=fa# ✅  | hz: gt=46.2493 pred=450.0 ❌
    [ 159/400]  F#1 flute  | midi: gt=30 pred=35 ❌  | spn: gt=F#1 pred=A#2 ❌  | doremi: gt=fa# pred=fa# ✅  | hz: gt=46.2493 pred=214.306 ❌
    [ 160/400]  F#1 flute  | midi: gt=30 pred=35 ❌  | spn: gt=F#1 pred=C2 ❌  | doremi: gt=fa# pred=fa# ✅  | hz: gt=46.2493 pred=435.0 ❌
    [ 161/400]   C2 flute  | midi: gt=36 pred=45 ❌  | spn: gt=C2 pred=C2 ✅  | doremi: gt=do pred=fa# ❌  | hz: gt=65.4064 pred=465.0 ❌
    [ 162/400]   C2 flute  | midi: gt=36 pred=45 ❌  | spn: gt=C2 pred=C2 ✅  | doremi: gt=do pred=fa# ❌  | hz: gt=65.4064 pred=415.306 ❌
    [ 163/400]   G2 flute  | midi: gt=43 pred=45 ❌  | spn: gt=G2 pred=C4 ❌  | doremi: gt=sol pred=fa# ❌  | hz: gt=97.9989 pred=430.51 ❌
    [ 164/400]   G2 flute  | midi: gt=43 pred=45 ❌  | spn: gt=G2 pred=C4 ❌  | doremi: gt=sol pred=fa# ❌  | hz: gt=97.9989 pred=430.51 ❌
    [ 165/400]   G2 flute  | midi: gt=43 pred=45 ❌  | spn: gt=G2 pred=C4 ❌  | doremi: gt=sol pred=fa# ❌  | hz: gt=97.9989 pred=430.51 ❌
    [ 166/400]   G2 flute  | midi: gt=43 pred=45 ❌  | spn: gt=G2 pred=C4 ❌  | doremi: gt=sol pred=fa# ❌  | hz: gt=97.9989 pred=430.51 ❌
    [ 167/400]   C3 flute  | midi: gt=48 pred=48 ✅  | spn: gt=C3 pred=C4 ❌  | doremi: gt=do pred=fa# ❌  | hz: gt=130.8128 pred=430.51 ❌
    [ 168/400]   C3 flute  | midi: gt=48 pred=48 ✅  | spn: gt=C3 pred=C4 ❌  | doremi: gt=do pred=fa# ❌  | hz: gt=130.8128 pred=430.51 ❌
    [ 169/400]   C3 flute  | midi: gt=48 pred=45 ❌  | spn: gt=C3 pred=C2 ❌  | doremi: gt=do pred=fa# ❌  | hz: gt=130.8128 pred=435.0 ❌
    [ 170/400]   C3 flute  | midi: gt=48 pred=43 ❌  | spn: gt=C3 pred=C4 ❌  | doremi: gt=do pred=fa# ❌  | hz: gt=130.8128 pred=435.0 ❌
    [ 171/400]  F#3 flute  | midi: gt=54 pred=43 ❌  | spn: gt=F#3 pred=C4 ❌  | doremi: gt=fa# pred=fa# ✅  | hz: gt=184.9972 pred=436.36 ❌
    [ 172/400]  F#3 flute  | midi: gt=54 pred=43 ❌  | spn: gt=F#3 pred=C4 ❌  | doremi: gt=fa# pred=fa# ✅  | hz: gt=184.9972 pred=436.36 ❌
    [ 173/400]   C4 flute  | midi: gt=60 pred=63 ❌  | spn: gt=C4 pred=C4 ✅  | doremi: gt=do pred=fa# ❌  | hz: gt=261.6256 pred=460.0 ❌
    [ 174/400]   C4 flute  | midi: gt=60 pred=63 ❌  | spn: gt=C4 pred=C4 ✅  | doremi: gt=do pred=fa# ❌  | hz: gt=261.6256 pred=430.51 ❌
    [ 175/400]   A4 flute  | midi: gt=69 pred=68 ❌  | spn: gt=A4 pred=C6 ❌  | doremi: gt=la pred=fa# ❌  | hz: gt=440.0 pred=480.0 ❌
    [ 176/400]   A4 flute  | midi: gt=69 pred=68 ❌  | spn: gt=A4 pred=C6 ❌  | doremi: gt=la pred=fa# ❌  | hz: gt=440.0 pred=480.0 ❌
    [ 177/400]   G5 flute  | midi: gt=79 pred=69 ❌  | spn: gt=G5 pred=A6 ❌  | doremi: gt=sol pred=fa# ❌  | hz: gt=783.9909 pred=659.28 ❌
    [ 178/400]   G5 flute  | midi: gt=79 pred=69 ❌  | spn: gt=G5 pred=A6 ❌  | doremi: gt=sol pred=fa# ❌  | hz: gt=783.9909 pred=659.28 ❌
    [ 179/400]   G5 flute  | midi: gt=79 pred=69 ❌  | spn: gt=G5 pred=A6 ❌  | doremi: gt=sol pred=fa# ❌  | hz: gt=783.9909 pred=659.28 ❌
    [ 180/400]   G5 flute  | midi: gt=79 pred=69 ❌  | spn: gt=G5 pred=A6 ❌  | doremi: gt=sol pred=fa# ❌  | hz: gt=783.9909 pred=659.28 ❌
    [ 181/400]   G5 flute  | midi: gt=79 pred=69 ❌  | spn: gt=G5 pred=A6 ❌  | doremi: gt=sol pred=fa# ❌  | hz: gt=783.9909 pred=693.0 ❌
    [ 182/400]   G5 flute  | midi: gt=79 pred=69 ❌  | spn: gt=G5 pred=A6 ❌  | doremi: gt=sol pred=fa# ❌  | hz: gt=783.9909 pred=693.0 ❌
    [ 183/400]   E6 flute  | midi: gt=88 pred=89 ❌  | spn: gt=E6 pred=F6 ❌  | doremi: gt=mi pred=sol# ❌  | hz: gt=1318.5102 pred=8250.0 ❌
    [ 184/400]   E6 flute  | midi: gt=88 pred=83 ❌  | spn: gt=E6 pred=F6 ❌  | doremi: gt=mi pred=sol# ❌  | hz: gt=1318.5102 pred=784.0 ❌
    [ 185/400]   E6 flute  | midi: gt=88 pred=83 ❌  | spn: gt=E6 pred=F6 ❌  | doremi: gt=mi pred=fa# ❌  | hz: gt=1318.5102 pred=701.25 ❌
    [ 186/400]   E6 flute  | midi: gt=88 pred=83 ❌  | spn: gt=E6 pred=F6 ❌  | doremi: gt=mi pred=sol# ❌  | hz: gt=1318.5102 pred=784.0 ❌
    [ 187/400]   E6 flute  | midi: gt=88 pred=89 ❌  | spn: gt=E6 pred=F#6 ❌  | doremi: gt=mi pred=sol# ❌  | hz: gt=1318.5102 pred=890.63 ❌
    [ 188/400]   E6 flute  | midi: gt=88 pred=89 ❌  | spn: gt=E6 pred=F#6 ❌  | doremi: gt=mi pred=sol# ❌  | hz: gt=1318.5102 pred=890.63 ❌
    [ 189/400]   E6 flute  | midi: gt=88 pred=89 ❌  | spn: gt=E6 pred=F#6 ❌  | doremi: gt=mi pred=sol# ❌  | hz: gt=1318.5102 pred=890.63 ❌
    [ 190/400]   E6 flute  | midi: gt=88 pred=89 ❌  | spn: gt=E6 pred=F#6 ❌  | doremi: gt=mi pred=sol# ❌  | hz: gt=1318.5102 pred=890.63 ❌
    [ 191/400]  F#1 trumpet  | midi: gt=30 pred=34 ❌  | spn: gt=F#1 pred=F2 ❌  | doremi: gt=fa# pred=fa# ✅  | hz: gt=46.2493 pred=32.7 ❌
    [ 192/400]  F#1 trumpet  | midi: gt=30 pred=34 ❌  | spn: gt=F#1 pred=F2 ❌  | doremi: gt=fa# pred=fa# ✅  | hz: gt=46.2493 pred=329.63 ❌
    [ 193/400]   C2 trumpet  | midi: gt=36 pred=36 ✅  | spn: gt=C2 pred=A#2 ❌  | doremi: gt=do pred=fa# ❌  | hz: gt=65.4064 pred=340.0 ❌
    [ 194/400]   C2 trumpet  | midi: gt=36 pred=36 ✅  | spn: gt=C2 pred=A#2 ❌  | doremi: gt=do pred=fa# ❌  | hz: gt=65.4064 pred=340.0 ❌
    [ 195/400]   C2 trumpet  | midi: gt=36 pred=36 ✅  | spn: gt=C2 pred=C2 ✅  | doremi: gt=do pred=re ❌  | hz: gt=65.4064 pred=35.98 ❌
    [ 196/400]   C2 trumpet  | midi: gt=36 pred=36 ✅  | spn: gt=C2 pred=C2 ✅  | doremi: gt=do pred=fa# ❌  | hz: gt=65.4064 pred=35.98 ❌
    [ 197/400]   C2 trumpet  | midi: gt=36 pred=36 ✅  | spn: gt=C2 pred=C2 ✅  | doremi: gt=do pred=fa# ❌  | hz: gt=65.4064 pred=35.98 ❌
    [ 198/400]   C2 trumpet  | midi: gt=36 pred=36 ✅  | spn: gt=C2 pred=C2 ✅  | doremi: gt=do pred=fa# ❌  | hz: gt=65.4064 pred=35.98 ❌
    [ 199/400]   G2 trumpet  | midi: gt=43 pred=45 ❌  | spn: gt=G2 pred=A3 ❌  | doremi: gt=sol pred=fa# ❌  | hz: gt=97.9989 pred=450.0 ❌
    [ 200/400]   G2 trumpet  | midi: gt=43 pred=45 ❌  | spn: gt=G2 pred=A3 ❌  | doremi: gt=sol pred=fa# ❌  | hz: gt=97.9989 pred=450.0 ❌
    [ 201/400]   C3 trumpet  | midi: gt=48 pred=48 ✅  | spn: gt=C3 pred=C4 ❌  | doremi: gt=do pred=fa# ❌  | hz: gt=130.8128 pred=435.0 ❌
    [ 202/400]   C3 trumpet  | midi: gt=48 pred=53 ❌  | spn: gt=C3 pred=C4 ❌  | doremi: gt=do pred=fa# ❌  | hz: gt=130.8128 pred=480.0 ❌
    [ 203/400]   C3 trumpet  | midi: gt=48 pred=53 ❌  | spn: gt=C3 pred=C4 ❌  | doremi: gt=do pred=fa# ❌  | hz: gt=130.8128 pred=480.0 ❌
    [ 204/400]   C3 trumpet  | midi: gt=48 pred=53 ❌  | spn: gt=C3 pred=C4 ❌  | doremi: gt=do pred=fa# ❌  | hz: gt=130.8128 pred=480.0 ❌
    [ 205/400]  F#3 trumpet  | midi: gt=54 pred=56 ❌  | spn: gt=F#3 pred=C4 ❌  | doremi: gt=fa# pred=fa# ✅  | hz: gt=184.9972 pred=450.0 ❌
    [ 206/400]  F#3 trumpet  | midi: gt=54 pred=56 ❌  | spn: gt=F#3 pred=C4 ❌  | doremi: gt=fa# pred=fa# ✅  | hz: gt=184.9972 pred=450.0 ❌
    [ 207/400]  F#3 trumpet  | midi: gt=54 pred=56 ❌  | spn: gt=F#3 pred=C4 ❌  | doremi: gt=fa# pred=fa# ✅  | hz: gt=184.9972 pred=450.0 ❌
    [ 208/400]  F#3 trumpet  | midi: gt=54 pred=56 ❌  | spn: gt=F#3 pred=C4 ❌  | doremi: gt=fa# pred=fa# ✅  | hz: gt=184.9972 pred=450.0 ❌
    [ 209/400]  F#3 trumpet  | midi: gt=54 pred=56 ❌  | spn: gt=F#3 pred=C4 ❌  | doremi: gt=fa# pred=sol ❌  | hz: gt=184.9972 pred=450.0 ❌
    [ 210/400]  F#3 trumpet  | midi: gt=54 pred=56 ❌  | spn: gt=F#3 pred=C4 ❌  | doremi: gt=fa# pred=sol# ❌  | hz: gt=184.9972 pred=450.0 ❌
    [ 211/400]   C4 trumpet  | midi: gt=60 pred=63 ❌  | spn: gt=C4 pred=D4 ❌  | doremi: gt=do pred=sol ❌  | hz: gt=261.6256 pred=625.0 ❌
    [ 212/400]   C4 trumpet  | midi: gt=60 pred=63 ❌  | spn: gt=C4 pred=D4 ❌  | doremi: gt=do pred=sol ❌  | hz: gt=261.6256 pred=625.0 ❌
    [ 213/400]   C4 trumpet  | midi: gt=60 pred=62 ❌  | spn: gt=C4 pred=D4 ❌  | doremi: gt=do pred=sol ❌  | hz: gt=261.6256 pred=625.0 ❌
    [ 214/400]   C4 trumpet  | midi: gt=60 pred=62 ❌  | spn: gt=C4 pred=D4 ❌  | doremi: gt=do pred=sol ❌  | hz: gt=261.6256 pred=625.0 ❌
    [ 215/400]   E4 trumpet  | midi: gt=64 pred=65 ❌  | spn: gt=E4 pred=F#4 ❌  | doremi: gt=mi pred=fa# ❌  | hz: gt=329.6276 pred=659.32 ❌
    [ 216/400]   E4 trumpet  | midi: gt=64 pred=65 ❌  | spn: gt=E4 pred=F#4 ❌  | doremi: gt=mi pred=sol# ❌  | hz: gt=329.6276 pred=659.32 ❌
    [ 217/400]   A4 trumpet  | midi: gt=69 pred=69 ✅  | spn: gt=A4 pred=A#6 ❌  | doremi: gt=la pred=fa# ❌  | hz: gt=440.0 pred=465.0 ❌
    [ 218/400]   A4 trumpet  | midi: gt=69 pred=69 ✅  | spn: gt=A4 pred=A#6 ❌  | doremi: gt=la pred=fa# ❌  | hz: gt=440.0 pred=465.0 ❌
    [ 219/400]   E6 trumpet  | midi: gt=88 pred=89 ❌  | spn: gt=E6 pred=F6 ❌  | doremi: gt=mi pred=sol# ❌  | hz: gt=1318.5102 pred=890.63 ❌
    [ 220/400]   E6 trumpet  | midi: gt=88 pred=89 ❌  | spn: gt=E6 pred=F6 ❌  | doremi: gt=mi pred=sol# ❌  | hz: gt=1318.5102 pred=890.63 ❌
    [ 221/400]   G2 trombone  | midi: gt=43 pred=45 ❌  | spn: gt=G2 pred=A#2 ❌  | doremi: gt=sol pred=fa# ❌  | hz: gt=97.9989 pred=450.0 ❌
    [ 222/400]   G2 trombone  | midi: gt=43 pred=45 ❌  | spn: gt=G2 pred=A3 ❌  | doremi: gt=sol pred=fa# ❌  | hz: gt=97.9989 pred=450.0 ❌
    [ 223/400]   G2 trombone  | midi: gt=43 pred=45 ❌  | spn: gt=G2 pred=A3 ❌  | doremi: gt=sol pred=fa# ❌  | hz: gt=97.9989 pred=450.0 ❌
    [ 224/400]   G2 trombone  | midi: gt=43 pred=45 ❌  | spn: gt=G2 pred=A3 ❌  | doremi: gt=sol pred=fa# ❌  | hz: gt=97.9989 pred=450.0 ❌
    [ 225/400]   E4 trombone  | midi: gt=64 pred=65 ❌  | spn: gt=E4 pred=C4 ❌  | doremi: gt=mi pred=fa# ❌  | hz: gt=329.6276 pred=659.28 ❌
    [ 226/400]   E4 trombone  | midi: gt=64 pred=65 ❌  | spn: gt=E4 pred=C6 ❌  | doremi: gt=mi pred=fa# ❌  | hz: gt=329.6276 pred=659.28 ❌
    [ 227/400]   E4 trombone  | midi: gt=64 pred=68 ❌  | spn: gt=E4 pred=F#4 ❌  | doremi: gt=mi pred=sol# ❌  | hz: gt=329.6276 pred=659.34 ❌
    [ 228/400]   E4 trombone  | midi: gt=64 pred=68 ❌  | spn: gt=E4 pred=F#4 ❌  | doremi: gt=mi pred=sol# ❌  | hz: gt=329.6276 pred=659.34 ❌
    [ 229/400]   A4 trombone  | midi: gt=69 pred=69 ✅  | spn: gt=A4 pred=A#6 ❌  | doremi: gt=la pred=sol ❌  | hz: gt=440.0 pred=685.41 ❌
    [ 230/400]   A4 trombone  | midi: gt=69 pred=69 ✅  | spn: gt=A4 pred=A#6 ❌  | doremi: gt=la pred=fa# ❌  | hz: gt=440.0 pred=695.0 ❌
    [ 231/400]   G5 trombone  | midi: gt=79 pred=69 ❌  | spn: gt=G5 pred=C6 ❌  | doremi: gt=sol pred=fa# ❌  | hz: gt=783.9909 pred=None ❌
    [ 232/400]   G5 trombone  | midi: gt=79 pred=69 ❌  | spn: gt=G5 pred=A4 ❌  | doremi: gt=sol pred=fa# ❌  | hz: gt=783.9909 pred=695.0 ❌
    [ 233/400]   C2 clarinet  | midi: gt=36 pred=45 ❌  | spn: gt=C2 pred=C4 ❌  | doremi: gt=do pred=fa# ❌  | hz: gt=65.4064 pred=450.0 ❌
    [ 234/400]   C2 clarinet  | midi: gt=36 pred=45 ❌  | spn: gt=C2 pred=C4 ❌  | doremi: gt=do pred=fa# ❌  | hz: gt=65.4064 pred=105.26 ❌
    [ 235/400]   C2 clarinet  | midi: gt=36 pred=45 ❌  | spn: gt=C2 pred=C4 ❌  | doremi: gt=do pred=fa# ❌  | hz: gt=65.4064 pred=105.26 ❌
    [ 236/400]   C2 clarinet  | midi: gt=36 pred=45 ❌  | spn: gt=C2 pred=C4 ❌  | doremi: gt=do pred=fa# ❌  | hz: gt=65.4064 pred=105.26 ❌
    [ 237/400]   C3 clarinet  | midi: gt=48 pred=65 ❌  | spn: gt=C3 pred=C4 ❌  | doremi: gt=do pred=fa# ❌  | hz: gt=130.8128 pred=450.0 ❌
    [ 238/400]   C3 clarinet  | midi: gt=48 pred=65 ❌  | spn: gt=C3 pred=C4 ❌  | doremi: gt=do pred=fa# ❌  | hz: gt=130.8128 pred=450.0 ❌
    [ 239/400]  F#3 clarinet  | midi: gt=54 pred=58 ❌  | spn: gt=F#3 pred=C4 ❌  | doremi: gt=fa# pred=fa# ✅  | hz: gt=184.9972 pred=450.0 ❌
    [ 240/400]  F#3 clarinet  | midi: gt=54 pred=58 ❌  | spn: gt=F#3 pred=C4 ❌  | doremi: gt=fa# pred=fa# ✅  | hz: gt=184.9972 pred=450.0 ❌
    [ 241/400]   E4 clarinet  | midi: gt=64 pred=68 ❌  | spn: gt=E4 pred=C6 ❌  | doremi: gt=mi pred=fa# ❌  | hz: gt=329.6276 pred=435.0 ❌
    [ 242/400]   E4 clarinet  | midi: gt=64 pred=65 ❌  | spn: gt=E4 pred=C6 ❌  | doremi: gt=mi pred=fa# ❌  | hz: gt=329.6276 pred=435.0 ❌
    [ 243/400]   A4 clarinet  | midi: gt=69 pred=69 ✅  | spn: gt=A4 pred=C4 ❌  | doremi: gt=la pred=fa# ❌  | hz: gt=440.0 pred=450.0 ❌
    [ 244/400]   A4 clarinet  | midi: gt=69 pred=64 ❌  | spn: gt=A4 pred=C4 ❌  | doremi: gt=la pred=fa# ❌  | hz: gt=440.0 pred=450.0 ❌
    [ 245/400]   G5 clarinet  | midi: gt=79 pred=69 ❌  | spn: gt=G5 pred=A4 ❌  | doremi: gt=sol pred=sol# ❌  | hz: gt=783.9909 pred=460.0 ❌
    [ 246/400]   G5 clarinet  | midi: gt=79 pred=69 ❌  | spn: gt=G5 pred=A4 ❌  | doremi: gt=sol pred=sol# ❌  | hz: gt=783.9909 pred=460.0 ❌
    [ 247/400]   E6 clarinet  | midi: gt=88 pred=68 ❌  | spn: gt=E6 pred=C6 ❌  | doremi: gt=mi pred=sol# ❌  | hz: gt=1318.5102 pred=480.0 ❌
    [ 248/400]   E6 clarinet  | midi: gt=88 pred=68 ❌  | spn: gt=E6 pred=F6 ❌  | doremi: gt=mi pred=sol# ❌  | hz: gt=1318.5102 pred=659.34 ❌
    [ 249/400]   C2 oboe  | midi: gt=36 pred=36 ✅  | spn: gt=C2 pred=C2 ✅  | doremi: gt=do pred=fa# ❌  | hz: gt=65.4064 pred=214.306 ❌
    [ 250/400]   C2 oboe  | midi: gt=36 pred=36 ✅  | spn: gt=C2 pred=C2 ✅  | doremi: gt=do pred=fa# ❌  | hz: gt=65.4064 pred=214.306 ❌
    [ 251/400]   G2 oboe  | midi: gt=43 pred=45 ❌  | spn: gt=G2 pred=A3 ❌  | doremi: gt=sol pred=fa# ❌  | hz: gt=97.9989 pred=450.0 ❌
    [ 252/400]   G2 oboe  | midi: gt=43 pred=45 ❌  | spn: gt=G2 pred=A3 ❌  | doremi: gt=sol pred=fa# ❌  | hz: gt=97.9989 pred=450.0 ❌
    [ 253/400]   C3 oboe  | midi: gt=48 pred=48 ✅  | spn: gt=C3 pred=C4 ❌  | doremi: gt=do pred=fa# ❌  | hz: gt=130.8128 pred=450.0 ❌
    [ 254/400]   C3 oboe  | midi: gt=48 pred=48 ✅  | spn: gt=C3 pred=C4 ❌  | doremi: gt=do pred=fa# ❌  | hz: gt=130.8128 pred=450.0 ❌
    [ 255/400]   C3 oboe  | midi: gt=48 pred=48 ✅  | spn: gt=C3 pred=D2 ❌  | doremi: gt=do pred=fa# ❌  | hz: gt=130.8128 pred=435.0 ❌
    [ 256/400]   C3 oboe  | midi: gt=48 pred=48 ✅  | spn: gt=C3 pred=D2 ❌  | doremi: gt=do pred=fa# ❌  | hz: gt=130.8128 pred=480.0 ❌
    [ 257/400]  F#3 oboe  | midi: gt=54 pred=45 ❌  | spn: gt=F#3 pred=C4 ❌  | doremi: gt=fa# pred=fa# ✅  | hz: gt=184.9972 pred=435.0 ❌
    [ 258/400]  F#3 oboe  | midi: gt=54 pred=45 ❌  | spn: gt=F#3 pred=C4 ❌  | doremi: gt=fa# pred=fa# ✅  | hz: gt=184.9972 pred=435.0 ❌
    [ 259/400]   E4 oboe  | midi: gt=64 pred=65 ❌  | spn: gt=E4 pred=C6 ❌  | doremi: gt=mi pred=sol ❌  | hz: gt=329.6276 pred=659.34 ❌
    [ 260/400]   E4 oboe  | midi: gt=64 pred=65 ❌  | spn: gt=E4 pred=C6 ❌  | doremi: gt=mi pred=sol ❌  | hz: gt=329.6276 pred=659.34 ❌
    [ 261/400]   A4 oboe  | midi: gt=69 pred=68 ❌  | spn: gt=A4 pred=C6 ❌  | doremi: gt=la pred=fa# ❌  | hz: gt=440.0 pred=680.0 ❌
    [ 262/400]   A4 oboe  | midi: gt=69 pred=68 ❌  | spn: gt=A4 pred=C6 ❌  | doremi: gt=la pred=fa# ❌  | hz: gt=440.0 pred=680.0 ❌
    [ 263/400]   G5 oboe  | midi: gt=79 pred=83 ❌  | spn: gt=G5 pred=A6 ❌  | doremi: gt=sol pred=sol# ❌  | hz: gt=783.9909 pred=8105.73 ❌
    [ 264/400]   G5 oboe  | midi: gt=79 pred=85 ❌  | spn: gt=G5 pred=A6 ❌  | doremi: gt=sol pred=sol# ❌  | hz: gt=783.9909 pred=8105.73 ❌
    [ 265/400]   C2 violin  | midi: gt=36 pred=46 ❌  | spn: gt=C2 pred=C2 ✅  | doremi: gt=do pred=fa# ❌  | hz: gt=65.4064 pred=210.0 ❌
    [ 266/400]   C2 violin  | midi: gt=36 pred=46 ❌  | spn: gt=C2 pred=C2 ✅  | doremi: gt=do pred=fa# ❌  | hz: gt=65.4064 pred=210.0 ❌
    [ 267/400]   G2 violin  | midi: gt=43 pred=45 ❌  | spn: gt=G2 pred=C4 ❌  | doremi: gt=sol pred=fa# ❌  | hz: gt=97.9989 pred=463.0 ❌
    [ 268/400]   G2 violin  | midi: gt=43 pred=45 ❌  | spn: gt=G2 pred=C4 ❌  | doremi: gt=sol pred=fa# ❌  | hz: gt=97.9989 pred=463.19 ❌
    [ 269/400]   G2 violin  | midi: gt=43 pred=45 ❌  | spn: gt=G2 pred=C4 ❌  | doremi: gt=sol pred=fa# ❌  | hz: gt=97.9989 pred=463.19 ❌
    [ 270/400]   G2 violin  | midi: gt=43 pred=45 ❌  | spn: gt=G2 pred=C4 ❌  | doremi: gt=sol pred=fa# ❌  | hz: gt=97.9989 pred=463.19 ❌
    [ 271/400]   C3 violin  | midi: gt=48 pred=53 ❌  | spn: gt=C3 pred=C4 ❌  | doremi: gt=do pred=fa# ❌  | hz: gt=130.8128 pred=463.87 ❌
    [ 272/400]   C3 violin  | midi: gt=48 pred=53 ❌  | spn: gt=C3 pred=C4 ❌  | doremi: gt=do pred=fa# ❌  | hz: gt=130.8128 pred=463.87 ❌
    [ 273/400]   C3 violin  | midi: gt=48 pred=48 ✅  | spn: gt=C3 pred=C4 ❌  | doremi: gt=do pred=fa# ❌  | hz: gt=130.8128 pred=430.51 ❌
    [ 274/400]   C3 violin  | midi: gt=48 pred=48 ✅  | spn: gt=C3 pred=C4 ❌  | doremi: gt=do pred=fa# ❌  | hz: gt=130.8128 pred=430.51 ❌
    [ 275/400]  F#3 violin  | midi: gt=54 pred=56 ❌  | spn: gt=F#3 pred=C4 ❌  | doremi: gt=fa# pred=sol# ❌  | hz: gt=184.9972 pred=436.51 ❌
    [ 276/400]  F#3 violin  | midi: gt=54 pred=56 ❌  | spn: gt=F#3 pred=C4 ❌  | doremi: gt=fa# pred=sol# ❌  | hz: gt=184.9972 pred=436.51 ❌
    [ 277/400]  F#3 violin  | midi: gt=54 pred=56 ❌  | spn: gt=F#3 pred=C4 ❌  | doremi: gt=fa# pred=sol# ❌  | hz: gt=184.9972 pred=436.51 ❌
    [ 278/400]  F#3 violin  | midi: gt=54 pred=56 ❌  | spn: gt=F#3 pred=C4 ❌  | doremi: gt=fa# pred=sol# ❌  | hz: gt=184.9972 pred=436.51 ❌
    [ 279/400]   C4 violin  | midi: gt=60 pred=69 ❌  | spn: gt=C4 pred=C4 ✅  | doremi: gt=do pred=fa# ❌  | hz: gt=261.6256 pred=465.0 ❌
    [ 280/400]   C4 violin  | midi: gt=60 pred=69 ❌  | spn: gt=C4 pred=C4 ✅  | doremi: gt=do pred=fa# ❌  | hz: gt=261.6256 pred=465.0 ❌
    [ 281/400]   G5 violin  | midi: gt=79 pred=69 ❌  | spn: gt=G5 pred=C6 ❌  | doremi: gt=sol pred=sol# ❌  | hz: gt=783.9909 pred=810.0 ❌
    [ 282/400]   G5 violin  | midi: gt=79 pred=69 ❌  | spn: gt=G5 pred=A4 ❌  | doremi: gt=sol pred=sol# ❌  | hz: gt=783.9909 pred=None ❌
    [ 283/400]  F#1 cello  | midi: gt=30 pred=34 ❌  | spn: gt=F#1 pred=A#2 ❌  | doremi: gt=fa# pred=fa# ✅  | hz: gt=46.2493 pred=280.0 ❌
    [ 284/400]  F#1 cello  | midi: gt=30 pred=34 ❌  | spn: gt=F#1 pred=A#2 ❌  | doremi: gt=fa# pred=fa# ✅  | hz: gt=46.2493 pred=280.0 ❌
    [ 285/400]   C2 cello  | midi: gt=36 pred=46 ❌  | spn: gt=C2 pred=C4 ❌  | doremi: gt=do pred=fa# ❌  | hz: gt=65.4064 pred=463.87 ❌
    [ 286/400]   C2 cello  | midi: gt=36 pred=46 ❌  | spn: gt=C2 pred=C4 ❌  | doremi: gt=do pred=fa# ❌  | hz: gt=65.4064 pred=463.87 ❌
    [ 287/400]   C2 cello  | midi: gt=36 pred=45 ❌  | spn: gt=C2 pred=C2 ✅  | doremi: gt=do pred=fa# ❌  | hz: gt=65.4064 pred=45.0 ❌
    [ 288/400]   C2 cello  | midi: gt=36 pred=46 ❌  | spn: gt=C2 pred=C2 ✅  | doremi: gt=do pred=fa# ❌  | hz: gt=65.4064 pred=45.0 ❌
    [ 289/400]  F#3 cello  | midi: gt=54 pred=56 ❌  | spn: gt=F#3 pred=C4 ❌  | doremi: gt=fa# pred=fa# ✅  | hz: gt=184.9972 pred=436.51 ❌
    [ 290/400]  F#3 cello  | midi: gt=54 pred=56 ❌  | spn: gt=F#3 pred=C4 ❌  | doremi: gt=fa# pred=fa# ✅  | hz: gt=184.9972 pred=436.51 ❌
    [ 291/400]   C4 cello  | midi: gt=60 pred=63 ❌  | spn: gt=C4 pred=C4 ✅  | doremi: gt=do pred=sol# ❌  | hz: gt=261.6256 pred=493.88 ❌
    [ 292/400]   C4 cello  | midi: gt=60 pred=63 ❌  | spn: gt=C4 pred=C4 ✅  | doremi: gt=do pred=sol# ❌  | hz: gt=261.6256 pred=605.48 ❌
    [ 293/400]   E4 cello  | midi: gt=64 pred=65 ❌  | spn: gt=E4 pred=C6 ❌  | doremi: gt=mi pred=sol# ❌  | hz: gt=329.6276 pred=6710.0 ❌
    [ 294/400]   E4 cello  | midi: gt=64 pred=65 ❌  | spn: gt=E4 pred=C6 ❌  | doremi: gt=mi pred=sol# ❌  | hz: gt=329.6276 pred=671.93 ❌
    [ 295/400]   G5 cello  | midi: gt=79 pred=69 ❌  | spn: gt=G5 pred=A#6 ❌  | doremi: gt=sol pred=fa# ❌  | hz: gt=783.9909 pred=681.35 ❌
    [ 296/400]   G5 cello  | midi: gt=79 pred=69 ❌  | spn: gt=G5 pred=C6 ❌  | doremi: gt=sol pred=fa# ❌  | hz: gt=783.9909 pred=681.35 ❌
    [ 297/400]   E6 cello  | midi: gt=88 pred=68 ❌  | spn: gt=E6 pred=C6 ❌  | doremi: gt=mi pred=fa# ❌  | hz: gt=1318.5102 pred=415.306 ❌
    [ 298/400]   E6 cello  | midi: gt=88 pred=68 ❌  | spn: gt=E6 pred=C6 ❌  | doremi: gt=mi pred=fa# ❌  | hz: gt=1318.5102 pred=415.306 ❌
    [ 299/400]   C2 organ  | midi: gt=36 pred=58 ❌  | spn: gt=C2 pred=C4 ❌  | doremi: gt=do pred=fa# ❌  | hz: gt=65.4064 pred=465.31 ❌
    [ 300/400]   C2 organ  | midi: gt=36 pred=58 ❌  | spn: gt=C2 pred=C4 ❌  | doremi: gt=do pred=fa# ❌  | hz: gt=65.4064 pred=450.0 ❌
    [ 301/400]   G2 organ  | midi: gt=43 pred=45 ❌  | spn: gt=G2 pred=A4 ❌  | doremi: gt=sol pred=fa# ❌  | hz: gt=97.9989 pred=450.0 ❌
    [ 302/400]   G2 organ  | midi: gt=43 pred=45 ❌  | spn: gt=G2 pred=A4 ❌  | doremi: gt=sol pred=fa# ❌  | hz: gt=97.9989 pred=450.0 ❌
    [ 303/400]   C3 organ  | midi: gt=48 pred=58 ❌  | spn: gt=C3 pred=D4 ❌  | doremi: gt=do pred=fa# ❌  | hz: gt=130.8128 pred=480.0 ❌
    [ 304/400]   C3 organ  | midi: gt=48 pred=58 ❌  | spn: gt=C3 pred=D4 ❌  | doremi: gt=do pred=fa# ❌  | hz: gt=130.8128 pred=480.0 ❌
    [ 305/400]   C3 organ  | midi: gt=48 pred=58 ❌  | spn: gt=C3 pred=D4 ❌  | doremi: gt=do pred=fa# ❌  | hz: gt=130.8128 pred=480.0 ❌
    [ 306/400]   C3 organ  | midi: gt=48 pred=58 ❌  | spn: gt=C3 pred=D4 ❌  | doremi: gt=do pred=fa# ❌  | hz: gt=130.8128 pred=480.0 ❌
    [ 307/400]  F#3 organ  | midi: gt=54 pred=68 ❌  | spn: gt=F#3 pred=C4 ❌  | doremi: gt=fa# pred=fa# ✅  | hz: gt=184.9972 pred=435.0 ❌
    [ 308/400]  F#3 organ  | midi: gt=54 pred=68 ❌  | spn: gt=F#3 pred=C4 ❌  | doremi: gt=fa# pred=fa# ✅  | hz: gt=184.9972 pred=435.0 ❌
    [ 309/400]   C4 organ  | midi: gt=60 pred=63 ❌  | spn: gt=C4 pred=C6 ❌  | doremi: gt=do pred=fa# ❌  | hz: gt=261.6256 pred=None ❌
    [ 310/400]   C4 organ  | midi: gt=60 pred=63 ❌  | spn: gt=C4 pred=C6 ❌  | doremi: gt=do pred=fa# ❌  | hz: gt=261.6256 pred=None ❌
    [ 311/400]   E4 organ  | midi: gt=64 pred=65 ❌  | spn: gt=E4 pred=F#4 ❌  | doremi: gt=mi pred=sol# ❌  | hz: gt=329.6276 pred=659.34 ❌
    [ 312/400]   E4 organ  | midi: gt=64 pred=66 ❌  | spn: gt=E4 pred=F#6 ❌  | doremi: gt=mi pred=fa# ❌  | hz: gt=329.6276 pred=659.34 ❌
    [ 313/400]   G5 organ  | midi: gt=79 pred=69 ❌  | spn: gt=G5 pred=C6 ❌  | doremi: gt=sol pred=fa# ❌  | hz: gt=783.9909 pred=450.0 ❌
    [ 314/400]   G5 organ  | midi: gt=79 pred=69 ❌  | spn: gt=G5 pred=C6 ❌  | doremi: gt=sol pred=fa# ❌  | hz: gt=783.9909 pred=450.0 ❌
    [ 315/400]   G5 organ  | midi: gt=79 pred=69 ❌  | spn: gt=G5 pred=C6 ❌  | doremi: gt=sol pred=fa# ❌  | hz: gt=783.9909 pred=450.0 ❌
    [ 316/400]   G5 organ  | midi: gt=79 pred=69 ❌  | spn: gt=G5 pred=C6 ❌  | doremi: gt=sol pred=fa# ❌  | hz: gt=783.9909 pred=450.0 ❌
    [ 317/400]  F#3 bass  | midi: gt=54 pred=56 ❌  | spn: gt=F#3 pred=C4 ❌  | doremi: gt=fa# pred=fa# ✅  | hz: gt=184.9972 pred=450.0 ❌
    [ 318/400]  F#3 bass  | midi: gt=54 pred=56 ❌  | spn: gt=F#3 pred=C4 ❌  | doremi: gt=fa# pred=fa# ✅  | hz: gt=184.9972 pred=450.0 ❌
    [ 319/400]   C4 bass  | midi: gt=60 pred=63 ❌  | spn: gt=C4 pred=D4 ❌  | doremi: gt=do pred=mi ❌  | hz: gt=261.6256 pred=493.88 ❌
    [ 320/400]   C4 bass  | midi: gt=60 pred=63 ❌  | spn: gt=C4 pred=D4 ❌  | doremi: gt=do pred=mi ❌  | hz: gt=261.6256 pred=493.88 ❌
    [ 321/400]   A4 bass  | midi: gt=69 pred=68 ❌  | spn: gt=A4 pred=A#4 ❌  | doremi: gt=la pred=mi ❌  | hz: gt=440.0 pred=493.88 ❌
    [ 322/400]   A4 bass  | midi: gt=69 pred=68 ❌  | spn: gt=A4 pred=A#4 ❌  | doremi: gt=la pred=mi ❌  | hz: gt=440.0 pred=493.88 ❌
    [ 323/400]   A4 bass  | midi: gt=69 pred=69 ✅  | spn: gt=A4 pred=A#6 ❌  | doremi: gt=la pred=re ❌  | hz: gt=440.0 pred=695.0 ❌
    [ 324/400]   A4 bass  | midi: gt=69 pred=69 ✅  | spn: gt=A4 pred=A#6 ❌  | doremi: gt=la pred=fa# ❌  | hz: gt=440.0 pred=695.0 ❌
    [ 325/400]   A4 bass  | midi: gt=69 pred=69 ✅  | spn: gt=A4 pred=A#6 ❌  | doremi: gt=la pred=fa# ❌  | hz: gt=440.0 pred=695.0 ❌
    [ 326/400]   A4 bass  | midi: gt=69 pred=69 ✅  | spn: gt=A4 pred=A#6 ❌  | doremi: gt=la pred=fa# ❌  | hz: gt=440.0 pred=695.0 ❌
    [ 327/400]   E6 bass  | midi: gt=88 pred=68 ❌  | spn: gt=E6 pred=F#6 ❌  | doremi: gt=mi pred=sol# ❌  | hz: gt=1318.5102 pred=450.0 ❌
    [ 328/400]   E6 bass  | midi: gt=88 pred=68 ❌  | spn: gt=E6 pred=F#6 ❌  | doremi: gt=mi pred=sol# ❌  | hz: gt=1318.5102 pred=450.0 ❌
    [ 329/400]   E6 bass  | midi: gt=88 pred=89 ❌  | spn: gt=E6 pred=F#6 ❌  | doremi: gt=mi pred=sol# ❌  | hz: gt=1318.5102 pred=890.63 ❌
    [ 330/400]   E6 bass  | midi: gt=88 pred=89 ❌  | spn: gt=E6 pred=F#6 ❌  | doremi: gt=mi pred=sol# ❌  | hz: gt=1318.5102 pred=890.63 ❌
    [ 331/400]  F#1 synth_lead  | midi: gt=30 pred=64 ❌  | spn: gt=F#1 pred=C4 ❌  | doremi: gt=fa# pred=fa# ✅  | hz: gt=46.2493 pred=450.0 ❌
    [ 332/400]  F#1 synth_lead  | midi: gt=30 pred=64 ❌  | spn: gt=F#1 pred=C4 ❌  | doremi: gt=fa# pred=fa# ✅  | hz: gt=46.2493 pred=450.0 ❌
    [ 333/400]   C4 synth_lead  | midi: gt=60 pred=65 ❌  | spn: gt=C4 pred=C6 ❌  | doremi: gt=do pred=fa# ❌  | hz: gt=261.6256 pred=460.0 ❌
    [ 334/400]   C4 synth_lead  | midi: gt=60 pred=65 ❌  | spn: gt=C4 pred=C4 ✅  | doremi: gt=do pred=fa# ❌  | hz: gt=261.6256 pred=450.0 ❌
    [ 335/400]   C4 synth_lead  | midi: gt=60 pred=63 ❌  | spn: gt=C4 pred=C4 ✅  | doremi: gt=do pred=fa# ❌  | hz: gt=261.6256 pred=480.0 ❌
    [ 336/400]   C4 synth_lead  | midi: gt=60 pred=63 ❌  | spn: gt=C4 pred=C4 ✅  | doremi: gt=do pred=fa# ❌  | hz: gt=261.6256 pred=480.0 ❌
    [ 337/400]   E4 synth_lead  | midi: gt=64 pred=64 ✅  | spn: gt=E4 pred=C6 ❌  | doremi: gt=mi pred=fa# ❌  | hz: gt=329.6276 pred=460.0 ❌
    [ 338/400]   E4 synth_lead  | midi: gt=64 pred=68 ❌  | spn: gt=E4 pred=C4 ❌  | doremi: gt=mi pred=fa# ❌  | hz: gt=329.6276 pred=450.0 ❌
    [ 339/400]   E4 synth_lead  | midi: gt=64 pred=68 ❌  | spn: gt=E4 pred=C4 ❌  | doremi: gt=mi pred=fa# ❌  | hz: gt=329.6276 pred=450.0 ❌
    [ 340/400]   E4 synth_lead  | midi: gt=64 pred=68 ❌  | spn: gt=E4 pred=C4 ❌  | doremi: gt=mi pred=fa# ❌  | hz: gt=329.6276 pred=450.0 ❌
    [ 341/400]   E4 synth_lead  | midi: gt=64 pred=65 ❌  | spn: gt=E4 pred=C6 ❌  | doremi: gt=mi pred=fa# ❌  | hz: gt=329.6276 pred=480.0 ❌
    [ 342/400]   E4 synth_lead  | midi: gt=64 pred=65 ❌  | spn: gt=E4 pred=C6 ❌  | doremi: gt=mi pred=fa# ❌  | hz: gt=329.6276 pred=480.0 ❌
    [ 343/400]   G5 synth_lead  | midi: gt=79 pred=68 ❌  | spn: gt=G5 pred=C6 ❌  | doremi: gt=sol pred=fa# ❌  | hz: gt=783.9909 pred=480.0 ❌
    [ 344/400]   G5 synth_lead  | midi: gt=79 pred=68 ❌  | spn: gt=G5 pred=C6 ❌  | doremi: gt=sol pred=fa# ❌  | hz: gt=783.9909 pred=480.0 ❌
    [ 345/400]   G5 synth_lead  | midi: gt=79 pred=63 ❌  | spn: gt=G5 pred=C6 ❌  | doremi: gt=sol pred=fa# ❌  | hz: gt=783.9909 pred=480.0 ❌
    [ 346/400]   G5 synth_lead  | midi: gt=79 pred=68 ❌  | spn: gt=G5 pred=C6 ❌  | doremi: gt=sol pred=fa# ❌  | hz: gt=783.9909 pred=480.0 ❌
    [ 347/400]   E6 synth_lead  | midi: gt=88 pred=65 ❌  | spn: gt=E6 pred=C4 ❌  | doremi: gt=mi pred=fa# ❌  | hz: gt=1318.5102 pred=450.0 ❌
    [ 348/400]   E6 synth_lead  | midi: gt=88 pred=65 ❌  | spn: gt=E6 pred=C4 ❌  | doremi: gt=mi pred=fa# ❌  | hz: gt=1318.5102 pred=450.0 ❌
    [ 349/400]  F#1 synth_pad  | midi: gt=30 pred=64 ❌  | spn: gt=F#1 pred=C4 ❌  | doremi: gt=fa# pred=fa# ✅  | hz: gt=46.2493 pred=450.0 ❌
    [ 350/400]  F#1 synth_pad  | midi: gt=30 pred=64 ❌  | spn: gt=F#1 pred=C4 ❌  | doremi: gt=fa# pred=fa# ✅  | hz: gt=46.2493 pred=450.0 ❌
    [ 351/400]  F#1 synth_pad  | midi: gt=30 pred=48 ❌  | spn: gt=F#1 pred=C4 ❌  | doremi: gt=fa# pred=fa# ✅  | hz: gt=46.2493 pred=450.0 ❌
    [ 352/400]  F#1 synth_pad  | midi: gt=30 pred=48 ❌  | spn: gt=F#1 pred=C4 ❌  | doremi: gt=fa# pred=fa# ✅  | hz: gt=46.2493 pred=450.0 ❌
    [ 353/400]   C2 synth_pad  | midi: gt=36 pred=64 ❌  | spn: gt=C2 pred=C4 ❌  | doremi: gt=do pred=fa# ❌  | hz: gt=65.4064 pred=463.0 ❌
    [ 354/400]   C2 synth_pad  | midi: gt=36 pred=64 ❌  | spn: gt=C2 pred=C4 ❌  | doremi: gt=do pred=fa# ❌  | hz: gt=65.4064 pred=463.0 ❌
    [ 355/400]   G2 synth_pad  | midi: gt=43 pred=64 ❌  | spn: gt=G2 pred=C4 ❌  | doremi: gt=sol pred=fa# ❌  | hz: gt=97.9989 pred=463.0 ❌
    [ 356/400]   G2 synth_pad  | midi: gt=43 pred=64 ❌  | spn: gt=G2 pred=C4 ❌  | doremi: gt=sol pred=fa# ❌  | hz: gt=97.9989 pred=463.0 ❌
    [ 357/400]   G2 synth_pad  | midi: gt=43 pred=45 ❌  | spn: gt=G2 pred=None ❌  | doremi: gt=sol pred=fa# ❌  | hz: gt=97.9989 pred=450.0 ❌
    [ 358/400]   G2 synth_pad  | midi: gt=43 pred=45 ❌  | spn: gt=G2 pred=None ❌  | doremi: gt=sol pred=fa# ❌  | hz: gt=97.9989 pred=450.0 ❌
    [ 359/400]   C3 synth_pad  | midi: gt=48 pred=64 ❌  | spn: gt=C3 pred=C4 ❌  | doremi: gt=do pred=fa# ❌  | hz: gt=130.8128 pred=460.0 ❌
    [ 360/400]   C3 synth_pad  | midi: gt=48 pred=64 ❌  | spn: gt=C3 pred=C4 ❌  | doremi: gt=do pred=fa# ❌  | hz: gt=130.8128 pred=460.0 ❌
    [ 361/400]   C3 synth_pad  | midi: gt=48 pred=64 ❌  | spn: gt=C3 pred=C4 ❌  | doremi: gt=do pred=fa# ❌  | hz: gt=130.8128 pred=450.0 ❌
    [ 362/400]   C3 synth_pad  | midi: gt=48 pred=64 ❌  | spn: gt=C3 pred=C4 ❌  | doremi: gt=do pred=fa# ❌  | hz: gt=130.8128 pred=450.0 ❌
    [ 363/400]  F#3 synth_pad  | midi: gt=54 pred=64 ❌  | spn: gt=F#3 pred=C4 ❌  | doremi: gt=fa# pred=fa# ✅  | hz: gt=184.9972 pred=460.0 ❌
    [ 364/400]  F#3 synth_pad  | midi: gt=54 pred=64 ❌  | spn: gt=F#3 pred=C4 ❌  | doremi: gt=fa# pred=fa# ✅  | hz: gt=184.9972 pred=460.0 ❌
    [ 365/400]  F#3 synth_pad  | midi: gt=54 pred=56 ❌  | spn: gt=F#3 pred=C4 ❌  | doremi: gt=fa# pred=fa# ✅  | hz: gt=184.9972 pred=450.0 ❌
    [ 366/400]  F#3 synth_pad  | midi: gt=54 pred=56 ❌  | spn: gt=F#3 pred=C4 ❌  | doremi: gt=fa# pred=fa# ✅  | hz: gt=184.9972 pred=450.0 ❌
    [ 367/400]   C4 synth_pad  | midi: gt=60 pred=65 ❌  | spn: gt=C4 pred=C4 ✅  | doremi: gt=do pred=fa# ❌  | hz: gt=261.6256 pred=450.0 ❌
    [ 368/400]   C4 synth_pad  | midi: gt=60 pred=65 ❌  | spn: gt=C4 pred=C4 ✅  | doremi: gt=do pred=fa# ❌  | hz: gt=261.6256 pred=450.0 ❌
    [ 369/400]   C4 synth_pad  | midi: gt=60 pred=69 ❌  | spn: gt=C4 pred=C4 ✅  | doremi: gt=do pred=fa# ❌  | hz: gt=261.6256 pred=493.88 ❌
    [ 370/400]   C4 synth_pad  | midi: gt=60 pred=69 ❌  | spn: gt=C4 pred=C4 ✅  | doremi: gt=do pred=fa# ❌  | hz: gt=261.6256 pred=493.88 ❌
    [ 371/400]   E4 synth_pad  | midi: gt=64 pred=65 ❌  | spn: gt=E4 pred=C4 ❌  | doremi: gt=mi pred=fa# ❌  | hz: gt=329.6276 pred=480.0 ❌
    [ 372/400]   E4 synth_pad  | midi: gt=64 pred=65 ❌  | spn: gt=E4 pred=C4 ❌  | doremi: gt=mi pred=fa# ❌  | hz: gt=329.6276 pred=480.0 ❌
    [ 373/400]   A4 synth_pad  | midi: gt=69 pred=69 ✅  | spn: gt=A4 pred=C6 ❌  | doremi: gt=la pred=fa# ❌  | hz: gt=440.0 pred=460.0 ❌
    [ 374/400]   A4 synth_pad  | midi: gt=69 pred=69 ✅  | spn: gt=A4 pred=C6 ❌  | doremi: gt=la pred=fa# ❌  | hz: gt=440.0 pred=460.0 ❌
    [ 375/400]   A4 synth_pad  | midi: gt=69 pred=69 ✅  | spn: gt=A4 pred=C6 ❌  | doremi: gt=la pred=fa# ❌  | hz: gt=440.0 pred=450.0 ❌
    [ 376/400]   A4 synth_pad  | midi: gt=69 pred=69 ✅  | spn: gt=A4 pred=C6 ❌  | doremi: gt=la pred=fa# ❌  | hz: gt=440.0 pred=450.0 ❌
    [ 377/400]   G5 synth_pad  | midi: gt=79 pred=69 ❌  | spn: gt=G5 pred=C6 ❌  | doremi: gt=sol pred=fa# ❌  | hz: gt=783.9909 pred=460.0 ❌
    [ 378/400]   G5 synth_pad  | midi: gt=79 pred=69 ❌  | spn: gt=G5 pred=C6 ❌  | doremi: gt=sol pred=fa# ❌  | hz: gt=783.9909 pred=450.0 ❌
    [ 379/400]   G5 synth_pad  | midi: gt=79 pred=69 ❌  | spn: gt=G5 pred=C6 ❌  | doremi: gt=sol pred=fa# ❌  | hz: gt=783.9909 pred=450.0 ❌
    [ 380/400]   G5 synth_pad  | midi: gt=79 pred=69 ❌  | spn: gt=G5 pred=C6 ❌  | doremi: gt=sol pred=fa# ❌  | hz: gt=783.9909 pred=450.0 ❌
    [ 381/400]   E6 synth_pad  | midi: gt=88 pred=83 ❌  | spn: gt=E6 pred=F#6 ❌  | doremi: gt=mi pred=fa# ❌  | hz: gt=1318.5102 pred=825.0 ❌
    [ 382/400]   E6 synth_pad  | midi: gt=88 pred=83 ❌  | spn: gt=E6 pred=F#6 ❌  | doremi: gt=mi pred=fa# ❌  | hz: gt=1318.5102 pred=825.0 ❌
    [ 383/400]  F#1 voice  | midi: gt=30 pred=48 ❌  | spn: gt=F#1 pred=C4 ❌  | doremi: gt=fa# pred=fa# ✅  | hz: gt=46.2493 pred=435.0 ❌
    [ 384/400]  F#1 voice  | midi: gt=30 pred=48 ❌  | spn: gt=F#1 pred=C4 ❌  | doremi: gt=fa# pred=fa# ✅  | hz: gt=46.2493 pred=430.51 ❌
    [ 385/400]   C2 voice  | midi: gt=36 pred=48 ❌  | spn: gt=C2 pred=C4 ❌  | doremi: gt=do pred=fa# ❌  | hz: gt=65.4064 pred=430.51 ❌
    [ 386/400]   C2 voice  | midi: gt=36 pred=48 ❌  | spn: gt=C2 pred=C4 ❌  | doremi: gt=do pred=fa# ❌  | hz: gt=65.4064 pred=430.51 ❌
    [ 387/400]   G2 voice  | midi: gt=43 pred=64 ❌  | spn: gt=G2 pred=C4 ❌  | doremi: gt=sol pred=fa# ❌  | hz: gt=97.9989 pred=450.0 ❌
    [ 388/400]   G2 voice  | midi: gt=43 pred=64 ❌  | spn: gt=G2 pred=C4 ❌  | doremi: gt=sol pred=fa# ❌  | hz: gt=97.9989 pred=430.51 ❌
    [ 389/400]  F#3 voice  | midi: gt=54 pred=69 ❌  | spn: gt=F#3 pred=C4 ❌  | doremi: gt=fa# pred=fa# ✅  | hz: gt=184.9972 pred=450.0 ❌
    [ 390/400]  F#3 voice  | midi: gt=54 pred=69 ❌  | spn: gt=F#3 pred=C4 ❌  | doremi: gt=fa# pred=fa# ✅  | hz: gt=184.9972 pred=450.32 ❌
    [ 391/400]  F#3 voice  | midi: gt=54 pred=68 ❌  | spn: gt=F#3 pred=C4 ❌  | doremi: gt=fa# pred=fa# ✅  | hz: gt=184.9972 pred=450.0 ❌
    [ 392/400]  F#3 voice  | midi: gt=54 pred=68 ❌  | spn: gt=F#3 pred=C4 ❌  | doremi: gt=fa# pred=fa# ✅  | hz: gt=184.9972 pred=450.0 ❌
    [ 393/400]   A4 voice  | midi: gt=69 pred=69 ✅  | spn: gt=A4 pred=C6 ❌  | doremi: gt=la pred=fa# ❌  | hz: gt=440.0 pred=460.0 ❌
    [ 394/400]   A4 voice  | midi: gt=69 pred=69 ✅  | spn: gt=A4 pred=C6 ❌  | doremi: gt=la pred=fa# ❌  | hz: gt=440.0 pred=450.0 ❌
    [ 395/400]   G5 voice  | midi: gt=79 pred=69 ❌  | spn: gt=G5 pred=A4 ❌  | doremi: gt=sol pred=fa# ❌  | hz: gt=783.9909 pred=693.14 ❌
    [ 396/400]   G5 voice  | midi: gt=79 pred=69 ❌  | spn: gt=G5 pred=A4 ❌  | doremi: gt=sol pred=fa# ❌  | hz: gt=783.9909 pred=693.14 ❌
    [ 397/400]   E6 voice  | midi: gt=88 pred=65 ❌  | spn: gt=E6 pred=F6 ❌  | doremi: gt=mi pred=fa# ❌  | hz: gt=1318.5102 pred=415.306 ❌
    [ 398/400]   E6 voice  | midi: gt=88 pred=65 ❌  | spn: gt=E6 pred=F6 ❌  | doremi: gt=mi pred=fa# ❌  | hz: gt=1318.5102 pred=415.306 ❌
    [ 399/400]   E6 voice  | midi: gt=88 pred=89 ❌  | spn: gt=E6 pred=F6 ❌  | doremi: gt=mi pred=sol# ❌  | hz: gt=1318.5102 pred=890.63 ❌
    [ 400/400]   E6 voice  | midi: gt=88 pred=85 ❌  | spn: gt=E6 pred=F6 ❌  | doremi: gt=mi pred=sol# ❌  | hz: gt=1318.5102 pred=890.63 ❌

============================================================
SUMMARY — audio_flamingo_next_instruct
  Sampling     : 200 of 3040 (stratified by '(midi, detune_hz)', seed=42)
  Stimuli (total)     : 400
  Stimuli (condition) : 200
  Stimuli (baseline)  : 200

  Format  Condition   Baseline
  ──────────────────────────────
    MIDI      14.0%      14.5%
     SPN      10.5%      11.0%
  DOREMI      17.5%      17.5%
      HZ       0.0%       0.0%
     ANY      39.5%      39.0%

  Headline 'accuracy' is computed on the condition subset only (see CatASpec.primary_filter).

  *** WARNING: working tree has uncommitted changes — results will NOT be exactly reproducible from git_commit alone ***


Results saved → results/run_20260505_112814/pitchbench_a5_pitch_slightly_off/run_001_20260505_114212/results_audio_flamingo_next_instruct.*

############################################################
# pitchbench_b1_pitch_in_silence
############################################################

Experiment : pitchbench_b1_pitch_in_silence
Models     : audio_flamingo_next_instruct
Stimuli    : 800
  Sampling     : 400 of 3040 (stratified by '(midi, pos_ms)', seed=42)

  Model : Audio Flamingo Next – instruct
    [dispatch] 800 items, max_workers=1
    [   1/800]  F#1 sine  | midi: gt=30 pred=58 ❌  | spn: gt=F#1 pred=C5 ❌  | doremi: gt=fa# pred=fa# ✅
    [   2/800]  F#1 sine  | midi: gt=30 pred=35 ❌  | spn: gt=F#1 pred=C2 ❌  | doremi: gt=fa# pred=sol ❌
    [   3/800]  F#1 sine  | midi: gt=30 pred=58 ❌  | spn: gt=F#1 pred=C5 ❌  | doremi: gt=fa# pred=do# ❌
    [   4/800]  F#1 sine  | midi: gt=30 pred=35 ❌  | spn: gt=F#1 pred=C2 ❌  | doremi: gt=fa# pred=sol ❌
    [   5/800]  F#1 sine  | midi: gt=30 pred=58 ❌  | spn: gt=F#1 pred=C5 ❌  | doremi: gt=fa# pred=fa# ✅
    [   6/800]  F#1 sine  | midi: gt=30 pred=35 ❌  | spn: gt=F#1 pred=C2 ❌  | doremi: gt=fa# pred=sol ❌
    [   7/800]  F#1 sine  | midi: gt=30 pred=58 ❌  | spn: gt=F#1 pred=C2 ❌  | doremi: gt=fa# pred=do# ❌
    [   8/800]  F#1 sine  | midi: gt=30 pred=35 ❌  | spn: gt=F#1 pred=C2 ❌  | doremi: gt=fa# pred=sol ❌
    [   9/800]  F#1 sine  | midi: gt=30 pred=58 ❌  | spn: gt=F#1 pred=C5 ❌  | doremi: gt=fa# pred=sol ❌
    [  10/800]  F#1 sine  | midi: gt=30 pred=35 ❌  | spn: gt=F#1 pred=C2 ❌  | doremi: gt=fa# pred=sol ❌
    [  11/800]   C3 sine  | midi: gt=48 pred=58 ❌  | spn: gt=C3 pred=C5 ❌  | doremi: gt=do pred=do# ❌
    [  12/800]   C3 sine  | midi: gt=48 pred=48 ✅  | spn: gt=C3 pred=C2 ❌  | doremi: gt=do pred=do# ❌
    [  13/800]   C3 sine  | midi: gt=48 pred=58 ❌  | spn: gt=C3 pred=C5 ❌  | doremi: gt=do pred=do# ❌
    [  14/800]   C3 sine  | midi: gt=48 pred=48 ✅  | spn: gt=C3 pred=C2 ❌  | doremi: gt=do pred=do# ❌
    [  15/800]   C3 sine  | midi: gt=48 pred=58 ❌  | spn: gt=C3 pred=C5 ❌  | doremi: gt=do pred=do# ❌
    [  16/800]   C3 sine  | midi: gt=48 pred=48 ✅  | spn: gt=C3 pred=C2 ❌  | doremi: gt=do pred=do# ❌
    [  17/800]   C3 sine  | midi: gt=48 pred=58 ❌  | spn: gt=C3 pred=C5 ❌  | doremi: gt=do pred=do# ❌
    [  18/800]   C3 sine  | midi: gt=48 pred=48 ✅  | spn: gt=C3 pred=C2 ❌  | doremi: gt=do pred=do# ❌
    [  19/800]  F#3 sine  | midi: gt=54 pred=58 ❌  | spn: gt=F#3 pred=C5 ❌  | doremi: gt=fa# pred=fa# ✅
    [  20/800]  F#3 sine  | midi: gt=54 pred=48 ❌  | spn: gt=F#3 pred=C5 ❌  | doremi: gt=fa# pred=fa# ✅
    [  21/800]  F#3 sine  | midi: gt=54 pred=58 ❌  | spn: gt=F#3 pred=C5 ❌  | doremi: gt=fa# pred=fa# ✅
    [  22/800]  F#3 sine  | midi: gt=54 pred=48 ❌  | spn: gt=F#3 pred=C5 ❌  | doremi: gt=fa# pred=fa# ✅
    [  23/800]   E4 sine  | midi: gt=64 pred=58 ❌  | spn: gt=E4 pred=C5 ❌  | doremi: gt=mi pred=fa# ❌
    [  24/800]   E4 sine  | midi: gt=64 pred=63 ❌  | spn: gt=E4 pred=C5 ❌  | doremi: gt=mi pred=sol ❌
    [  25/800]   E4 sine  | midi: gt=64 pred=58 ❌  | spn: gt=E4 pred=C5 ❌  | doremi: gt=mi pred=do# ❌
    [  26/800]   E4 sine  | midi: gt=64 pred=63 ❌  | spn: gt=E4 pred=C5 ❌  | doremi: gt=mi pred=sol ❌
    [  27/800]   A4 sine  | midi: gt=69 pred=58 ❌  | spn: gt=A4 pred=C5 ❌  | doremi: gt=la pred=fa# ❌
    [  28/800]   A4 sine  | midi: gt=69 pred=69 ✅  | spn: gt=A4 pred=A5 ❌  | doremi: gt=la pred=sol ❌
    [  29/800]   G5 sine  | midi: gt=79 pred=58 ❌  | spn: gt=G5 pred=C5 ❌  | doremi: gt=sol pred=fa# ❌
    [  30/800]   G5 sine  | midi: gt=79 pred=68 ❌  | spn: gt=G5 pred=C5 ❌  | doremi: gt=sol pred=sol ✅
    [  31/800]   G5 sine  | midi: gt=79 pred=58 ❌  | spn: gt=G5 pred=C5 ❌  | doremi: gt=sol pred=fa# ❌
    [  32/800]   G5 sine  | midi: gt=79 pred=68 ❌  | spn: gt=G5 pred=C5 ❌  | doremi: gt=sol pred=sol ✅
    [  33/800]   G5 sine  | midi: gt=79 pred=58 ❌  | spn: gt=G5 pred=C5 ❌  | doremi: gt=sol pred=do# ❌
    [  34/800]   G5 sine  | midi: gt=79 pred=68 ❌  | spn: gt=G5 pred=C5 ❌  | doremi: gt=sol pred=sol ✅
    [  35/800]   E6 sine  | midi: gt=88 pred=58 ❌  | spn: gt=E6 pred=C5 ❌  | doremi: gt=mi pred=fa# ❌
    [  36/800]   E6 sine  | midi: gt=88 pred=86 ❌  | spn: gt=E6 pred=C6 ❌  | doremi: gt=mi pred=fa# ❌
    [  37/800]   E6 sine  | midi: gt=88 pred=58 ❌  | spn: gt=E6 pred=C5 ❌  | doremi: gt=mi pred=fa# ❌
    [  38/800]   E6 sine  | midi: gt=88 pred=86 ❌  | spn: gt=E6 pred=C6 ❌  | doremi: gt=mi pred=fa# ❌
    [  39/800]  F#1 sawtooth  | midi: gt=30 pred=58 ❌  | spn: gt=F#1 pred=C5 ❌  | doremi: gt=fa# pred=fa# ✅
    [  40/800]  F#1 sawtooth  | midi: gt=30 pred=36 ❌  | spn: gt=F#1 pred=A2 ❌  | doremi: gt=fa# pred=fa# ✅
    [  41/800]  F#1 sawtooth  | midi: gt=30 pred=58 ❌  | spn: gt=F#1 pred=C5 ❌  | doremi: gt=fa# pred=fa# ✅
    [  42/800]  F#1 sawtooth  | midi: gt=30 pred=36 ❌  | spn: gt=F#1 pred=A2 ❌  | doremi: gt=fa# pred=fa# ✅
    [  43/800]   C2 sawtooth  | midi: gt=36 pred=58 ❌  | spn: gt=C2 pred=C5 ❌  | doremi: gt=do pred=fa# ❌
    [  44/800]   C2 sawtooth  | midi: gt=36 pred=35 ❌  | spn: gt=C2 pred=B2 ❌  | doremi: gt=do pred=fa# ❌
    [  45/800]   C2 sawtooth  | midi: gt=36 pred=58 ❌  | spn: gt=C2 pred=C5 ❌  | doremi: gt=do pred=fa# ❌
    [  46/800]   C2 sawtooth  | midi: gt=36 pred=35 ❌  | spn: gt=C2 pred=B2 ❌  | doremi: gt=do pred=fa# ❌
    [  47/800]   C2 sawtooth  | midi: gt=36 pred=58 ❌  | spn: gt=C2 pred=C5 ❌  | doremi: gt=do pred=fa# ❌
    [  48/800]   C2 sawtooth  | midi: gt=36 pred=35 ❌  | spn: gt=C2 pred=B2 ❌  | doremi: gt=do pred=fa# ❌
    [  49/800]   G2 sawtooth  | midi: gt=43 pred=58 ❌  | spn: gt=G2 pred=G2 ✅  | doremi: gt=sol pred=sol ✅
    [  50/800]   G2 sawtooth  | midi: gt=43 pred=43 ✅  | spn: gt=G2 pred=F#2 ❌  | doremi: gt=sol pred=fa# ❌
    [  51/800]   C3 sawtooth  | midi: gt=48 pred=58 ❌  | spn: gt=C3 pred=C5 ❌  | doremi: gt=do pred=do# ❌
    [  52/800]   C3 sawtooth  | midi: gt=48 pred=48 ✅  | spn: gt=C3 pred=C5 ❌  | doremi: gt=do pred=fa# ❌
    [  53/800]  F#3 sawtooth  | midi: gt=54 pred=58 ❌  | spn: gt=F#3 pred=F#5 ❌  | doremi: gt=fa# pred=la# ❌
    [  54/800]  F#3 sawtooth  | midi: gt=54 pred=54 ✅  | spn: gt=F#3 pred=F#5 ❌  | doremi: gt=fa# pred=fa# ✅
    [  55/800]  F#3 sawtooth  | midi: gt=54 pred=58 ❌  | spn: gt=F#3 pred=F#5 ❌  | doremi: gt=fa# pred=la# ❌
    [  56/800]  F#3 sawtooth  | midi: gt=54 pred=54 ✅  | spn: gt=F#3 pred=F#5 ❌  | doremi: gt=fa# pred=fa# ✅
    [  57/800]   C4 sawtooth  | midi: gt=60 pred=58 ❌  | spn: gt=C4 pred=C5 ❌  | doremi: gt=do pred=do# ❌
    [  58/800]   C4 sawtooth  | midi: gt=60 pred=43 ❌  | spn: gt=C4 pred=F5 ❌  | doremi: gt=do pred=fa# ❌
    [  59/800]   C4 sawtooth  | midi: gt=60 pred=58 ❌  | spn: gt=C4 pred=C5 ❌  | doremi: gt=do pred=do# ❌
    [  60/800]   C4 sawtooth  | midi: gt=60 pred=43 ❌  | spn: gt=C4 pred=F5 ❌  | doremi: gt=do pred=fa# ❌
    [  61/800]   C4 sawtooth  | midi: gt=60 pred=58 ❌  | spn: gt=C4 pred=C5 ❌  | doremi: gt=do pred=do# ❌
    [  62/800]   C4 sawtooth  | midi: gt=60 pred=43 ❌  | spn: gt=C4 pred=F5 ❌  | doremi: gt=do pred=fa# ❌
    [  63/800]   E4 sawtooth  | midi: gt=64 pred=58 ❌  | spn: gt=E4 pred=C5 ❌  | doremi: gt=mi pred=fa# ❌
    [  64/800]   E4 sawtooth  | midi: gt=64 pred=69 ❌  | spn: gt=E4 pred=A5 ❌  | doremi: gt=mi pred=fa# ❌
    [  65/800]   E4 sawtooth  | midi: gt=64 pred=58 ❌  | spn: gt=E4 pred=C5 ❌  | doremi: gt=mi pred=sol ❌
    [  66/800]   E4 sawtooth  | midi: gt=64 pred=69 ❌  | spn: gt=E4 pred=A5 ❌  | doremi: gt=mi pred=fa# ❌
    [  67/800]   E4 sawtooth  | midi: gt=64 pred=58 ❌  | spn: gt=E4 pred=C5 ❌  | doremi: gt=mi pred=fa# ❌
    [  68/800]   E4 sawtooth  | midi: gt=64 pred=69 ❌  | spn: gt=E4 pred=A5 ❌  | doremi: gt=mi pred=fa# ❌
    [  69/800]   E4 sawtooth  | midi: gt=64 pred=58 ❌  | spn: gt=E4 pred=C5 ❌  | doremi: gt=mi pred=fa# ❌
    [  70/800]   E4 sawtooth  | midi: gt=64 pred=69 ❌  | spn: gt=E4 pred=A5 ❌  | doremi: gt=mi pred=fa# ❌
    [  71/800]   E4 sawtooth  | midi: gt=64 pred=58 ❌  | spn: gt=E4 pred=C5 ❌  | doremi: gt=mi pred=sol ❌
    [  72/800]   E4 sawtooth  | midi: gt=64 pred=69 ❌  | spn: gt=E4 pred=A5 ❌  | doremi: gt=mi pred=fa# ❌
    [  73/800]   A4 sawtooth  | midi: gt=69 pred=58 ❌  | spn: gt=A4 pred=C5 ❌  | doremi: gt=la pred=fa# ❌
    [  74/800]   A4 sawtooth  | midi: gt=69 pred=69 ✅  | spn: gt=A4 pred=A5 ❌  | doremi: gt=la pred=fa# ❌
    [  75/800]   G5 sawtooth  | midi: gt=79 pred=58 ❌  | spn: gt=G5 pred=C5 ❌  | doremi: gt=sol pred=fa# ❌
    [  76/800]   G5 sawtooth  | midi: gt=79 pred=69 ❌  | spn: gt=G5 pred=A6 ❌  | doremi: gt=sol pred=fa# ❌
    [  77/800]   G5 sawtooth  | midi: gt=79 pred=58 ❌  | spn: gt=G5 pred=C5 ❌  | doremi: gt=sol pred=fa# ❌
    [  78/800]   G5 sawtooth  | midi: gt=79 pred=69 ❌  | spn: gt=G5 pred=A6 ❌  | doremi: gt=sol pred=fa# ❌
    [  79/800]   G5 sawtooth  | midi: gt=79 pred=58 ❌  | spn: gt=G5 pred=C5 ❌  | doremi: gt=sol pred=fa# ❌
    [  80/800]   G5 sawtooth  | midi: gt=79 pred=69 ❌  | spn: gt=G5 pred=A6 ❌  | doremi: gt=sol pred=fa# ❌
    [  81/800]   E6 sawtooth  | midi: gt=88 pred=58 ❌  | spn: gt=E6 pred=C5 ❌  | doremi: gt=mi pred=la# ❌
    [  82/800]   E6 sawtooth  | midi: gt=88 pred=65 ❌  | spn: gt=E6 pred=F5 ❌  | doremi: gt=mi pred=fa# ❌
    [  83/800]   E6 sawtooth  | midi: gt=88 pred=58 ❌  | spn: gt=E6 pred=C5 ❌  | doremi: gt=mi pred=la# ❌
    [  84/800]   E6 sawtooth  | midi: gt=88 pred=65 ❌  | spn: gt=E6 pred=F5 ❌  | doremi: gt=mi pred=fa# ❌
    [  85/800]   E6 sawtooth  | midi: gt=88 pred=58 ❌  | spn: gt=E6 pred=C5 ❌  | doremi: gt=mi pred=fa# ❌
    [  86/800]   E6 sawtooth  | midi: gt=88 pred=65 ❌  | spn: gt=E6 pred=F5 ❌  | doremi: gt=mi pred=fa# ❌
    [  87/800]  F#1 square  | midi: gt=30 pred=58 ❌  | spn: gt=F#1 pred=C5 ❌  | doremi: gt=fa# pred=fa# ✅
    [  88/800]  F#1 square  | midi: gt=30 pred=34 ❌  | spn: gt=F#1 pred=B2 ❌  | doremi: gt=fa# pred=fa# ✅
    [  89/800]  F#1 square  | midi: gt=30 pred=58 ❌  | spn: gt=F#1 pred=C5 ❌  | doremi: gt=fa# pred=fa# ✅
    [  90/800]  F#1 square  | midi: gt=30 pred=34 ❌  | spn: gt=F#1 pred=B2 ❌  | doremi: gt=fa# pred=fa# ✅
    [  91/800]  F#1 square  | midi: gt=30 pred=58 ❌  | spn: gt=F#1 pred=C5 ❌  | doremi: gt=fa# pred=fa# ✅
    [  92/800]  F#1 square  | midi: gt=30 pred=34 ❌  | spn: gt=F#1 pred=B2 ❌  | doremi: gt=fa# pred=fa# ✅
    [  93/800]   C2 square  | midi: gt=36 pred=58 ❌  | spn: gt=C2 pred=C5 ❌  | doremi: gt=do pred=fa# ❌
    [  94/800]   C2 square  | midi: gt=36 pred=35 ❌  | spn: gt=C2 pred=B2 ❌  | doremi: gt=do pred=fa# ❌
    [  95/800]   C2 square  | midi: gt=36 pred=58 ❌  | spn: gt=C2 pred=C5 ❌  | doremi: gt=do pred=fa# ❌
    [  96/800]   C2 square  | midi: gt=36 pred=35 ❌  | spn: gt=C2 pred=B2 ❌  | doremi: gt=do pred=fa# ❌
    [  97/800]   G2 square  | midi: gt=43 pred=58 ❌  | spn: gt=G2 pred=C5 ❌  | doremi: gt=sol pred=fa# ❌
    [  98/800]   G2 square  | midi: gt=43 pred=43 ✅  | spn: gt=G2 pred=F#2 ❌  | doremi: gt=sol pred=fa# ❌
    [  99/800]   G2 square  | midi: gt=43 pred=58 ❌  | spn: gt=G2 pred=C5 ❌  | doremi: gt=sol pred=fa# ❌
    [ 100/800]   G2 square  | midi: gt=43 pred=43 ✅  | spn: gt=G2 pred=F#2 ❌  | doremi: gt=sol pred=fa# ❌
    [ 101/800]   G2 square  | midi: gt=43 pred=58 ❌  | spn: gt=G2 pred=C5 ❌  | doremi: gt=sol pred=fa# ❌
    [ 102/800]   G2 square  | midi: gt=43 pred=43 ✅  | spn: gt=G2 pred=F#2 ❌  | doremi: gt=sol pred=fa# ❌
    [ 103/800]   G2 square  | midi: gt=43 pred=58 ❌  | spn: gt=G2 pred=C5 ❌  | doremi: gt=sol pred=fa# ❌
    [ 104/800]   G2 square  | midi: gt=43 pred=43 ✅  | spn: gt=G2 pred=F#2 ❌  | doremi: gt=sol pred=fa# ❌
    [ 105/800]  F#3 square  | midi: gt=54 pred=58 ❌  | spn: gt=F#3 pred=F5 ❌  | doremi: gt=fa# pred=la# ❌
    [ 106/800]  F#3 square  | midi: gt=54 pred=54 ✅  | spn: gt=F#3 pred=F#5 ❌  | doremi: gt=fa# pred=fa# ✅
    [ 107/800]  F#3 square  | midi: gt=54 pred=58 ❌  | spn: gt=F#3 pred=F5 ❌  | doremi: gt=fa# pred=fa# ✅
    [ 108/800]  F#3 square  | midi: gt=54 pred=54 ✅  | spn: gt=F#3 pred=F#5 ❌  | doremi: gt=fa# pred=fa# ✅
    [ 109/800]  F#3 square  | midi: gt=54 pred=58 ❌  | spn: gt=F#3 pred=F5 ❌  | doremi: gt=fa# pred=la# ❌
    [ 110/800]  F#3 square  | midi: gt=54 pred=54 ✅  | spn: gt=F#3 pred=F#5 ❌  | doremi: gt=fa# pred=fa# ✅
    [ 111/800]  F#3 square  | midi: gt=54 pred=58 ❌  | spn: gt=F#3 pred=F5 ❌  | doremi: gt=fa# pred=la# ❌
    [ 112/800]  F#3 square  | midi: gt=54 pred=54 ✅  | spn: gt=F#3 pred=F#5 ❌  | doremi: gt=fa# pred=fa# ✅
    [ 113/800]   C4 square  | midi: gt=60 pred=53 ❌  | spn: gt=C4 pred=C5 ❌  | doremi: gt=do pred=do# ❌
    [ 114/800]   C4 square  | midi: gt=60 pred=63 ❌  | spn: gt=C4 pred=C5 ❌  | doremi: gt=do pred=fa# ❌
    [ 115/800]   C4 square  | midi: gt=60 pred=58 ❌  | spn: gt=C4 pred=C5 ❌  | doremi: gt=do pred=do# ❌
    [ 116/800]   C4 square  | midi: gt=60 pred=63 ❌  | spn: gt=C4 pred=C5 ❌  | doremi: gt=do pred=fa# ❌
    [ 117/800]   C4 square  | midi: gt=60 pred=58 ❌  | spn: gt=C4 pred=C5 ❌  | doremi: gt=do pred=do# ❌
    [ 118/800]   C4 square  | midi: gt=60 pred=63 ❌  | spn: gt=C4 pred=C5 ❌  | doremi: gt=do pred=fa# ❌
    [ 119/800]   E4 square  | midi: gt=64 pred=58 ❌  | spn: gt=E4 pred=C5 ❌  | doremi: gt=mi pred=fa# ❌
    [ 120/800]   E4 square  | midi: gt=64 pred=63 ❌  | spn: gt=E4 pred=A5 ❌  | doremi: gt=mi pred=fa# ❌
    [ 121/800]   A4 square  | midi: gt=69 pred=58 ❌  | spn: gt=A4 pred=C5 ❌  | doremi: gt=la pred=fa# ❌
    [ 122/800]   A4 square  | midi: gt=69 pred=69 ✅  | spn: gt=A4 pred=A5 ❌  | doremi: gt=la pred=fa# ❌
    [ 123/800]   A4 square  | midi: gt=69 pred=58 ❌  | spn: gt=A4 pred=C5 ❌  | doremi: gt=la pred=sol ❌
    [ 124/800]   A4 square  | midi: gt=69 pred=69 ✅  | spn: gt=A4 pred=A5 ❌  | doremi: gt=la pred=fa# ❌
    [ 125/800]   A4 square  | midi: gt=69 pred=58 ❌  | spn: gt=A4 pred=C5 ❌  | doremi: gt=la pred=sol ❌
    [ 126/800]   A4 square  | midi: gt=69 pred=69 ✅  | spn: gt=A4 pred=A5 ❌  | doremi: gt=la pred=fa# ❌
    [ 127/800]   A4 square  | midi: gt=69 pred=58 ❌  | spn: gt=A4 pred=C5 ❌  | doremi: gt=la pred=fa# ❌
    [ 128/800]   A4 square  | midi: gt=69 pred=69 ✅  | spn: gt=A4 pred=A5 ❌  | doremi: gt=la pred=fa# ❌
    [ 129/800]   A4 square  | midi: gt=69 pred=58 ❌  | spn: gt=A4 pred=C5 ❌  | doremi: gt=la pred=fa# ❌
    [ 130/800]   A4 square  | midi: gt=69 pred=69 ✅  | spn: gt=A4 pred=A5 ❌  | doremi: gt=la pred=fa# ❌
    [ 131/800]   A4 square  | midi: gt=69 pred=58 ❌  | spn: gt=A4 pred=C5 ❌  | doremi: gt=la pred=fa# ❌
    [ 132/800]   A4 square  | midi: gt=69 pred=69 ✅  | spn: gt=A4 pred=A5 ❌  | doremi: gt=la pred=fa# ❌
    [ 133/800]   G5 square  | midi: gt=79 pred=58 ❌  | spn: gt=G5 pred=C5 ❌  | doremi: gt=sol pred=fa# ❌
    [ 134/800]   G5 square  | midi: gt=79 pred=68 ❌  | spn: gt=G5 pred=F5 ❌  | doremi: gt=sol pred=fa# ❌
    [ 135/800]  F#1 triangle  | midi: gt=30 pred=58 ❌  | spn: gt=F#1 pred=C5 ❌  | doremi: gt=fa# pred=fa# ✅
    [ 136/800]  F#1 triangle  | midi: gt=30 pred=34 ❌  | spn: gt=F#1 pred=C2 ❌  | doremi: gt=fa# pred=fa# ✅
    [ 137/800]  F#1 triangle  | midi: gt=30 pred=58 ❌  | spn: gt=F#1 pred=C5 ❌  | doremi: gt=fa# pred=fa# ✅
    [ 138/800]  F#1 triangle  | midi: gt=30 pred=34 ❌  | spn: gt=F#1 pred=C2 ❌  | doremi: gt=fa# pred=fa# ✅
    [ 139/800]  F#1 triangle  | midi: gt=30 pred=58 ❌  | spn: gt=F#1 pred=C2 ❌  | doremi: gt=fa# pred=fa# ✅
    [ 140/800]  F#1 triangle  | midi: gt=30 pred=34 ❌  | spn: gt=F#1 pred=C2 ❌  | doremi: gt=fa# pred=fa# ✅
    [ 141/800]  F#1 triangle  | midi: gt=30 pred=58 ❌  | spn: gt=F#1 pred=C5 ❌  | doremi: gt=fa# pred=fa# ✅
    [ 142/800]  F#1 triangle  | midi: gt=30 pred=34 ❌  | spn: gt=F#1 pred=C2 ❌  | doremi: gt=fa# pred=fa# ✅
    [ 143/800]  F#1 triangle  | midi: gt=30 pred=58 ❌  | spn: gt=F#1 pred=C5 ❌  | doremi: gt=fa# pred=fa# ✅
    [ 144/800]  F#1 triangle  | midi: gt=30 pred=34 ❌  | spn: gt=F#1 pred=C2 ❌  | doremi: gt=fa# pred=fa# ✅
    [ 145/800]   C2 triangle  | midi: gt=36 pred=58 ❌  | spn: gt=C2 pred=C5 ❌  | doremi: gt=do pred=fa# ❌
    [ 146/800]   C2 triangle  | midi: gt=36 pred=35 ❌  | spn: gt=C2 pred=C2 ✅  | doremi: gt=do pred=fa# ❌
    [ 147/800]   C2 triangle  | midi: gt=36 pred=58 ❌  | spn: gt=C2 pred=C5 ❌  | doremi: gt=do pred=do# ❌
    [ 148/800]   C2 triangle  | midi: gt=36 pred=35 ❌  | spn: gt=C2 pred=C2 ✅  | doremi: gt=do pred=fa# ❌
    [ 149/800]   C2 triangle  | midi: gt=36 pred=58 ❌  | spn: gt=C2 pred=C5 ❌  | doremi: gt=do pred=fa# ❌
    [ 150/800]   C2 triangle  | midi: gt=36 pred=35 ❌  | spn: gt=C2 pred=C2 ✅  | doremi: gt=do pred=fa# ❌
    [ 151/800]   G2 triangle  | midi: gt=43 pred=58 ❌  | spn: gt=G2 pred=C5 ❌  | doremi: gt=sol pred=fa# ❌
    [ 152/800]   G2 triangle  | midi: gt=43 pred=43 ✅  | spn: gt=G2 pred=F#2 ❌  | doremi: gt=sol pred=fa# ❌
    [ 153/800]   G2 triangle  | midi: gt=43 pred=58 ❌  | spn: gt=G2 pred=C5 ❌  | doremi: gt=sol pred=fa# ❌
    [ 154/800]   G2 triangle  | midi: gt=43 pred=43 ✅  | spn: gt=G2 pred=F#2 ❌  | doremi: gt=sol pred=fa# ❌
    [ 155/800]   G2 triangle  | midi: gt=43 pred=58 ❌  | spn: gt=G2 pred=C5 ❌  | doremi: gt=sol pred=fa# ❌
    [ 156/800]   G2 triangle  | midi: gt=43 pred=43 ✅  | spn: gt=G2 pred=F#2 ❌  | doremi: gt=sol pred=fa# ❌
    [ 157/800]   C3 triangle  | midi: gt=48 pred=58 ❌  | spn: gt=C3 pred=C5 ❌  | doremi: gt=do pred=fa# ❌
    [ 158/800]   C3 triangle  | midi: gt=48 pred=48 ✅  | spn: gt=C3 pred=A2 ❌  | doremi: gt=do pred=fa# ❌
    [ 159/800]   C3 triangle  | midi: gt=48 pred=58 ❌  | spn: gt=C3 pred=C5 ❌  | doremi: gt=do pred=fa# ❌
    [ 160/800]   C3 triangle  | midi: gt=48 pred=48 ✅  | spn: gt=C3 pred=A2 ❌  | doremi: gt=do pred=fa# ❌
    [ 161/800]   C3 triangle  | midi: gt=48 pred=58 ❌  | spn: gt=C3 pred=C5 ❌  | doremi: gt=do pred=fa# ❌
    [ 162/800]   C3 triangle  | midi: gt=48 pred=48 ✅  | spn: gt=C3 pred=A2 ❌  | doremi: gt=do pred=fa# ❌
    [ 163/800]   C3 triangle  | midi: gt=48 pred=58 ❌  | spn: gt=C3 pred=C5 ❌  | doremi: gt=do pred=do# ❌
    [ 164/800]   C3 triangle  | midi: gt=48 pred=48 ✅  | spn: gt=C3 pred=A2 ❌  | doremi: gt=do pred=fa# ❌
    [ 165/800]   C3 triangle  | midi: gt=48 pred=58 ❌  | spn: gt=C3 pred=C5 ❌  | doremi: gt=do pred=fa# ❌
    [ 166/800]   C3 triangle  | midi: gt=48 pred=48 ✅  | spn: gt=C3 pred=A2 ❌  | doremi: gt=do pred=fa# ❌
    [ 167/800]   C4 triangle  | midi: gt=60 pred=53 ❌  | spn: gt=C4 pred=C5 ❌  | doremi: gt=do pred=do# ❌
    [ 168/800]   C4 triangle  | midi: gt=60 pred=63 ❌  | spn: gt=C4 pred=C5 ❌  | doremi: gt=do pred=fa# ❌
    [ 169/800]   C4 triangle  | midi: gt=60 pred=58 ❌  | spn: gt=C4 pred=C5 ❌  | doremi: gt=do pred=do# ❌
    [ 170/800]   C4 triangle  | midi: gt=60 pred=63 ❌  | spn: gt=C4 pred=C5 ❌  | doremi: gt=do pred=fa# ❌
    [ 171/800]   C4 triangle  | midi: gt=60 pred=53 ❌  | spn: gt=C4 pred=C5 ❌  | doremi: gt=do pred=do# ❌
    [ 172/800]   C4 triangle  | midi: gt=60 pred=63 ❌  | spn: gt=C4 pred=C5 ❌  | doremi: gt=do pred=fa# ❌
    [ 173/800]   C4 triangle  | midi: gt=60 pred=58 ❌  | spn: gt=C4 pred=C5 ❌  | doremi: gt=do pred=do# ❌
    [ 174/800]   C4 triangle  | midi: gt=60 pred=63 ❌  | spn: gt=C4 pred=C5 ❌  | doremi: gt=do pred=fa# ❌
    [ 175/800]   E4 triangle  | midi: gt=64 pred=58 ❌  | spn: gt=E4 pred=C5 ❌  | doremi: gt=mi pred=fa# ❌
    [ 176/800]   E4 triangle  | midi: gt=64 pred=63 ❌  | spn: gt=E4 pred=F#5 ❌  | doremi: gt=mi pred=fa# ❌
    [ 177/800]   E4 triangle  | midi: gt=64 pred=58 ❌  | spn: gt=E4 pred=C5 ❌  | doremi: gt=mi pred=fa# ❌
    [ 178/800]   E4 triangle  | midi: gt=64 pred=63 ❌  | spn: gt=E4 pred=F#5 ❌  | doremi: gt=mi pred=fa# ❌
    [ 179/800]   A4 triangle  | midi: gt=69 pred=58 ❌  | spn: gt=A4 pred=C5 ❌  | doremi: gt=la pred=fa# ❌
    [ 180/800]   A4 triangle  | midi: gt=69 pred=69 ✅  | spn: gt=A4 pred=A6 ❌  | doremi: gt=la pred=fa# ❌
    [ 181/800]   A4 triangle  | midi: gt=69 pred=58 ❌  | spn: gt=A4 pred=C5 ❌  | doremi: gt=la pred=fa# ❌
    [ 182/800]   A4 triangle  | midi: gt=69 pred=69 ✅  | spn: gt=A4 pred=A6 ❌  | doremi: gt=la pred=fa# ❌
    [ 183/800]   A4 triangle  | midi: gt=69 pred=58 ❌  | spn: gt=A4 pred=C5 ❌  | doremi: gt=la pred=fa# ❌
    [ 184/800]   A4 triangle  | midi: gt=69 pred=69 ✅  | spn: gt=A4 pred=A6 ❌  | doremi: gt=la pred=fa# ❌
    [ 185/800]   G5 triangle  | midi: gt=79 pred=58 ❌  | spn: gt=G5 pred=C5 ❌  | doremi: gt=sol pred=fa# ❌
    [ 186/800]   G5 triangle  | midi: gt=79 pred=68 ❌  | spn: gt=G5 pred=C5 ❌  | doremi: gt=sol pred=fa# ❌
    [ 187/800]   G5 triangle  | midi: gt=79 pred=58 ❌  | spn: gt=G5 pred=C5 ❌  | doremi: gt=sol pred=fa# ❌
    [ 188/800]   G5 triangle  | midi: gt=79 pred=68 ❌  | spn: gt=G5 pred=C5 ❌  | doremi: gt=sol pred=fa# ❌
    [ 189/800]   G5 triangle  | midi: gt=79 pred=58 ❌  | spn: gt=G5 pred=C5 ❌  | doremi: gt=sol pred=fa# ❌
    [ 190/800]   G5 triangle  | midi: gt=79 pred=68 ❌  | spn: gt=G5 pred=C5 ❌  | doremi: gt=sol pred=fa# ❌
    [ 191/800]   E6 triangle  | midi: gt=88 pred=58 ❌  | spn: gt=E6 pred=C5 ❌  | doremi: gt=mi pred=fa# ❌
    [ 192/800]   E6 triangle  | midi: gt=88 pred=84 ❌  | spn: gt=E6 pred=C6 ❌  | doremi: gt=mi pred=fa# ❌
    [ 193/800]   E6 triangle  | midi: gt=88 pred=58 ❌  | spn: gt=E6 pred=C5 ❌  | doremi: gt=mi pred=fa# ❌
    [ 194/800]   E6 triangle  | midi: gt=88 pred=84 ❌  | spn: gt=E6 pred=C6 ❌  | doremi: gt=mi pred=fa# ❌
    [ 195/800]   E6 triangle  | midi: gt=88 pred=84 ❌  | spn: gt=E6 pred=C5 ❌  | doremi: gt=mi pred=fa# ❌
    [ 196/800]   E6 triangle  | midi: gt=88 pred=84 ❌  | spn: gt=E6 pred=C6 ❌  | doremi: gt=mi pred=fa# ❌
    [ 197/800]  F#1 piano  | midi: gt=30 pred=58 ❌  | spn: gt=F#1 pred=C5 ❌  | doremi: gt=fa# pred=fa# ✅
    [ 198/800]  F#1 piano  | midi: gt=30 pred=35 ❌  | spn: gt=F#1 pred=F#2 ❌  | doremi: gt=fa# pred=fa# ✅
    [ 199/800]  F#1 piano  | midi: gt=30 pred=58 ❌  | spn: gt=F#1 pred=C5 ❌  | doremi: gt=fa# pred=fa# ✅
    [ 200/800]  F#1 piano  | midi: gt=30 pred=35 ❌  | spn: gt=F#1 pred=F#2 ❌  | doremi: gt=fa# pred=fa# ✅
    [ 201/800]   G2 piano  | midi: gt=43 pred=58 ❌  | spn: gt=G2 pred=C5 ❌  | doremi: gt=sol pred=sol ✅
    [ 202/800]   G2 piano  | midi: gt=43 pred=43 ✅  | spn: gt=G2 pred=C5 ❌  | doremi: gt=sol pred=fa# ❌
    [ 203/800]   G2 piano  | midi: gt=43 pred=58 ❌  | spn: gt=G2 pred=C5 ❌  | doremi: gt=sol pred=sol ✅
    [ 204/800]   G2 piano  | midi: gt=43 pred=43 ✅  | spn: gt=G2 pred=C5 ❌  | doremi: gt=sol pred=fa# ❌
    [ 205/800]   C3 piano  | midi: gt=48 pred=48 ✅  | spn: gt=C3 pred=C5 ❌  | doremi: gt=do pred=do# ❌
    [ 206/800]   C3 piano  | midi: gt=48 pred=48 ✅  | spn: gt=C3 pred=C4 ❌  | doremi: gt=do pred=do# ❌
    [ 207/800]   C3 piano  | midi: gt=48 pred=58 ❌  | spn: gt=C3 pred=C5 ❌  | doremi: gt=do pred=do# ❌
    [ 208/800]   C3 piano  | midi: gt=48 pred=48 ✅  | spn: gt=C3 pred=C4 ❌  | doremi: gt=do pred=do# ❌
    [ 209/800]  F#3 piano  | midi: gt=54 pred=53 ❌  | spn: gt=F#3 pred=F#5 ❌  | doremi: gt=fa# pred=la# ❌
    [ 210/800]  F#3 piano  | midi: gt=54 pred=54 ✅  | spn: gt=F#3 pred=F#3 ✅  | doremi: gt=fa# pred=la ❌
    [ 211/800]   C4 piano  | midi: gt=60 pred=48 ❌  | spn: gt=C4 pred=C5 ❌  | doremi: gt=do pred=do# ❌
    [ 212/800]   C4 piano  | midi: gt=60 pred=48 ❌  | spn: gt=C4 pred=C5 ❌  | doremi: gt=do pred=fa# ❌
    [ 213/800]   C4 piano  | midi: gt=60 pred=58 ❌  | spn: gt=C4 pred=C5 ❌  | doremi: gt=do pred=do# ❌
    [ 214/800]   C4 piano  | midi: gt=60 pred=48 ❌  | spn: gt=C4 pred=C5 ❌  | doremi: gt=do pred=fa# ❌
    [ 215/800]   C4 piano  | midi: gt=60 pred=58 ❌  | spn: gt=C4 pred=C5 ❌  | doremi: gt=do pred=do# ❌
    [ 216/800]   C4 piano  | midi: gt=60 pred=48 ❌  | spn: gt=C4 pred=C5 ❌  | doremi: gt=do pred=fa# ❌
    [ 217/800]   E4 piano  | midi: gt=64 pred=48 ❌  | spn: gt=E4 pred=E2 ❌  | doremi: gt=mi pred=la# ❌
    [ 218/800]   E4 piano  | midi: gt=64 pred=53 ❌  | spn: gt=E4 pred=F#5 ❌  | doremi: gt=mi pred=fa# ❌
    [ 219/800]   E4 piano  | midi: gt=64 pred=58 ❌  | spn: gt=E4 pred=C5 ❌  | doremi: gt=mi pred=la# ❌
    [ 220/800]   E4 piano  | midi: gt=64 pred=53 ❌  | spn: gt=E4 pred=F#5 ❌  | doremi: gt=mi pred=fa# ❌
    [ 221/800]   A4 piano  | midi: gt=69 pred=48 ❌  | spn: gt=A4 pred=C5 ❌  | doremi: gt=la pred=fa# ❌
    [ 222/800]   A4 piano  | midi: gt=69 pred=69 ✅  | spn: gt=A4 pred=A6 ❌  | doremi: gt=la pred=fa# ❌
    [ 223/800]   G5 piano  | midi: gt=79 pred=58 ❌  | spn: gt=G5 pred=G5 ✅  | doremi: gt=sol pred=fa# ❌
    [ 224/800]   G5 piano  | midi: gt=79 pred=79 ✅  | spn: gt=G5 pred=G7 ❌  | doremi: gt=sol pred=fa# ❌
    [ 225/800]   G5 piano  | midi: gt=79 pred=58 ❌  | spn: gt=G5 pred=C5 ❌  | doremi: gt=sol pred=fa# ❌
    [ 226/800]   G5 piano  | midi: gt=79 pred=79 ✅  | spn: gt=G5 pred=G7 ❌  | doremi: gt=sol pred=fa# ❌
    [ 227/800]   G5 piano  | midi: gt=79 pred=48 ❌  | spn: gt=G5 pred=C5 ❌  | doremi: gt=sol pred=fa# ❌
    [ 228/800]   G5 piano  | midi: gt=79 pred=79 ✅  | spn: gt=G5 pred=G7 ❌  | doremi: gt=sol pred=fa# ❌
    [ 229/800]   E6 piano  | midi: gt=88 pred=58 ❌  | spn: gt=E6 pred=C5 ❌  | doremi: gt=mi pred=fa# ❌
    [ 230/800]   E6 piano  | midi: gt=88 pred=83 ❌  | spn: gt=E6 pred=F5 ❌  | doremi: gt=mi pred=fa# ❌
    [ 231/800]   E6 piano  | midi: gt=88 pred=58 ❌  | spn: gt=E6 pred=C5 ❌  | doremi: gt=mi pred=fa# ❌
    [ 232/800]   E6 piano  | midi: gt=88 pred=83 ❌  | spn: gt=E6 pred=F5 ❌  | doremi: gt=mi pred=fa# ❌
    [ 233/800]   E6 piano  | midi: gt=88 pred=48 ❌  | spn: gt=E6 pred=C5 ❌  | doremi: gt=mi pred=fa# ❌
    [ 234/800]   E6 piano  | midi: gt=88 pred=83 ❌  | spn: gt=E6 pred=F5 ❌  | doremi: gt=mi pred=fa# ❌
    [ 235/800]  F#1 electric_keyboard  | midi: gt=30 pred=58 ❌  | spn: gt=F#1 pred=C5 ❌  | doremi: gt=fa# pred=fa# ✅
    [ 236/800]  F#1 electric_keyboard  | midi: gt=30 pred=34 ❌  | spn: gt=F#1 pred=F2 ❌  | doremi: gt=fa# pred=fa# ✅
    [ 237/800]   C2 electric_keyboard  | midi: gt=36 pred=58 ❌  | spn: gt=C2 pred=C5 ❌  | doremi: gt=do pred=fa# ❌
    [ 238/800]   C2 electric_keyboard  | midi: gt=36 pred=36 ✅  | spn: gt=C2 pred=C2 ✅  | doremi: gt=do pred=do# ❌
    [ 239/800]   C2 electric_keyboard  | midi: gt=36 pred=58 ❌  | spn: gt=C2 pred=C5 ❌  | doremi: gt=do pred=fa# ❌
    [ 240/800]   C2 electric_keyboard  | midi: gt=36 pred=36 ✅  | spn: gt=C2 pred=C2 ✅  | doremi: gt=do pred=do# ❌
    [ 241/800]   G2 electric_keyboard  | midi: gt=43 pred=58 ❌  | spn: gt=G2 pred=C5 ❌  | doremi: gt=sol pred=sol ✅
    [ 242/800]   G2 electric_keyboard  | midi: gt=43 pred=43 ✅  | spn: gt=G2 pred=G2 ✅  | doremi: gt=sol pred=fa# ❌
    [ 243/800]   C3 electric_keyboard  | midi: gt=48 pred=58 ❌  | spn: gt=C3 pred=C5 ❌  | doremi: gt=do pred=do# ❌
    [ 244/800]   C3 electric_keyboard  | midi: gt=48 pred=48 ✅  | spn: gt=C3 pred=C5 ❌  | doremi: gt=do pred=do# ❌
    [ 245/800]   C3 electric_keyboard  | midi: gt=48 pred=58 ❌  | spn: gt=C3 pred=C2 ❌  | doremi: gt=do pred=do# ❌
    [ 246/800]   C3 electric_keyboard  | midi: gt=48 pred=48 ✅  | spn: gt=C3 pred=C5 ❌  | doremi: gt=do pred=do# ❌
    [ 247/800]   C3 electric_keyboard  | midi: gt=48 pred=58 ❌  | spn: gt=C3 pred=C5 ❌  | doremi: gt=do pred=do# ❌
    [ 248/800]   C3 electric_keyboard  | midi: gt=48 pred=48 ✅  | spn: gt=C3 pred=C5 ❌  | doremi: gt=do pred=do# ❌
    [ 249/800]   C3 electric_keyboard  | midi: gt=48 pred=58 ❌  | spn: gt=C3 pred=C5 ❌  | doremi: gt=do pred=do# ❌
    [ 250/800]   C3 electric_keyboard  | midi: gt=48 pred=48 ✅  | spn: gt=C3 pred=C5 ❌  | doremi: gt=do pred=do# ❌
    [ 251/800]  F#3 electric_keyboard  | midi: gt=54 pred=53 ❌  | spn: gt=F#3 pred=F#5 ❌  | doremi: gt=fa# pred=la# ❌
    [ 252/800]  F#3 electric_keyboard  | midi: gt=54 pred=54 ✅  | spn: gt=F#3 pred=C5 ❌  | doremi: gt=fa# pred=mi ❌
    [ 253/800]   E4 electric_keyboard  | midi: gt=64 pred=53 ❌  | spn: gt=E4 pred=C5 ❌  | doremi: gt=mi pred=fa# ❌
    [ 254/800]   E4 electric_keyboard  | midi: gt=64 pred=64 ✅  | spn: gt=E4 pred=C5 ❌  | doremi: gt=mi pred=fa# ❌
    [ 255/800]   E4 electric_keyboard  | midi: gt=64 pred=58 ❌  | spn: gt=E4 pred=C5 ❌  | doremi: gt=mi pred=la# ❌
    [ 256/800]   E4 electric_keyboard  | midi: gt=64 pred=64 ✅  | spn: gt=E4 pred=C5 ❌  | doremi: gt=mi pred=fa# ❌
    [ 257/800]   E4 electric_keyboard  | midi: gt=64 pred=58 ❌  | spn: gt=E4 pred=C5 ❌  | doremi: gt=mi pred=fa# ❌
    [ 258/800]   E4 electric_keyboard  | midi: gt=64 pred=64 ✅  | spn: gt=E4 pred=C5 ❌  | doremi: gt=mi pred=fa# ❌
    [ 259/800]   A4 electric_keyboard  | midi: gt=69 pred=58 ❌  | spn: gt=A4 pred=A5 ❌  | doremi: gt=la pred=fa# ❌
    [ 260/800]   A4 electric_keyboard  | midi: gt=69 pred=69 ✅  | spn: gt=A4 pred=A5 ❌  | doremi: gt=la pred=fa# ❌
    [ 261/800]   A4 electric_keyboard  | midi: gt=69 pred=58 ❌  | spn: gt=A4 pred=C5 ❌  | doremi: gt=la pred=fa# ❌
    [ 262/800]   A4 electric_keyboard  | midi: gt=69 pred=69 ✅  | spn: gt=A4 pred=A5 ❌  | doremi: gt=la pred=fa# ❌
    [ 263/800]   G5 electric_keyboard  | midi: gt=79 pred=58 ❌  | spn: gt=G5 pred=C5 ❌  | doremi: gt=sol pred=fa# ❌
    [ 264/800]   G5 electric_keyboard  | midi: gt=79 pred=67 ❌  | spn: gt=G5 pred=C5 ❌  | doremi: gt=sol pred=sol ✅
    [ 265/800]   G5 electric_keyboard  | midi: gt=79 pred=58 ❌  | spn: gt=G5 pred=C5 ❌  | doremi: gt=sol pred=fa# ❌
    [ 266/800]   G5 electric_keyboard  | midi: gt=79 pred=67 ❌  | spn: gt=G5 pred=C5 ❌  | doremi: gt=sol pred=sol ✅
    [ 267/800]   E6 electric_keyboard  | midi: gt=88 pred=58 ❌  | spn: gt=E6 pred=C5 ❌  | doremi: gt=mi pred=fa# ❌
    [ 268/800]   E6 electric_keyboard  | midi: gt=88 pred=88 ✅  | spn: gt=E6 pred=C8 ❌  | doremi: gt=mi pred=fa# ❌
    [ 269/800]   E6 electric_keyboard  | midi: gt=88 pred=58 ❌  | spn: gt=E6 pred=C5 ❌  | doremi: gt=mi pred=fa# ❌
    [ 270/800]   E6 electric_keyboard  | midi: gt=88 pred=88 ✅  | spn: gt=E6 pred=C8 ❌  | doremi: gt=mi pred=fa# ❌
    [ 271/800]   E6 electric_keyboard  | midi: gt=88 pred=58 ❌  | spn: gt=E6 pred=C5 ❌  | doremi: gt=mi pred=fa# ❌
    [ 272/800]   E6 electric_keyboard  | midi: gt=88 pred=88 ✅  | spn: gt=E6 pred=C8 ❌  | doremi: gt=mi pred=fa# ❌
    [ 273/800]  F#1 guitar  | midi: gt=30 pred=58 ❌  | spn: gt=F#1 pred=C5 ❌  | doremi: gt=fa# pred=do# ❌
    [ 274/800]  F#1 guitar  | midi: gt=30 pred=43 ❌  | spn: gt=F#1 pred=G2 ❌  | doremi: gt=fa# pred=fa# ✅
    [ 275/800]  F#1 guitar  | midi: gt=30 pred=58 ❌  | spn: gt=F#1 pred=C5 ❌  | doremi: gt=fa# pred=do# ❌
    [ 276/800]  F#1 guitar  | midi: gt=30 pred=43 ❌  | spn: gt=F#1 pred=G2 ❌  | doremi: gt=fa# pred=fa# ✅
    [ 277/800]   C2 guitar  | midi: gt=36 pred=58 ❌  | spn: gt=C2 pred=C5 ❌  | doremi: gt=do pred=do# ❌
    [ 278/800]   C2 guitar  | midi: gt=36 pred=48 ❌  | spn: gt=C2 pred=C4 ❌  | doremi: gt=do pred=do# ❌
    [ 279/800]   G2 guitar  | midi: gt=43 pred=58 ❌  | spn: gt=G2 pred=C5 ❌  | doremi: gt=sol pred=sol ✅
    [ 280/800]   G2 guitar  | midi: gt=43 pred=48 ❌  | spn: gt=G2 pred=G4 ❌  | doremi: gt=sol pred=fa# ❌
    [ 281/800]   C3 guitar  | midi: gt=48 pred=58 ❌  | spn: gt=C3 pred=C5 ❌  | doremi: gt=do pred=do# ❌
    [ 282/800]   C3 guitar  | midi: gt=48 pred=48 ✅  | spn: gt=C3 pred=C5 ❌  | doremi: gt=do pred=do# ❌
    [ 283/800]  F#3 guitar  | midi: gt=54 pred=59 ❌  | spn: gt=F#3 pred=F#5 ❌  | doremi: gt=fa# pred=la# ❌
    [ 284/800]  F#3 guitar  | midi: gt=54 pred=54 ✅  | spn: gt=F#3 pred=F#5 ❌  | doremi: gt=fa# pred=mi ❌
    [ 285/800]   C4 guitar  | midi: gt=60 pred=58 ❌  | spn: gt=C4 pred=C5 ❌  | doremi: gt=do pred=do# ❌
    [ 286/800]   C4 guitar  | midi: gt=60 pred=60 ✅  | spn: gt=C4 pred=C5 ❌  | doremi: gt=do pred=fa# ❌
    [ 287/800]   C4 guitar  | midi: gt=60 pred=58 ❌  | spn: gt=C4 pred=C5 ❌  | doremi: gt=do pred=do# ❌
    [ 288/800]   C4 guitar  | midi: gt=60 pred=60 ✅  | spn: gt=C4 pred=C5 ❌  | doremi: gt=do pred=fa# ❌
    [ 289/800]   C4 guitar  | midi: gt=60 pred=48 ❌  | spn: gt=C4 pred=C5 ❌  | doremi: gt=do pred=do# ❌
    [ 290/800]   C4 guitar  | midi: gt=60 pred=60 ✅  | spn: gt=C4 pred=C5 ❌  | doremi: gt=do pred=fa# ❌
    [ 291/800]   E4 guitar  | midi: gt=64 pred=58 ❌  | spn: gt=E4 pred=C5 ❌  | doremi: gt=mi pred=do# ❌
    [ 292/800]   E4 guitar  | midi: gt=64 pred=64 ✅  | spn: gt=E4 pred=F#2 ❌  | doremi: gt=mi pred=la ❌
    [ 293/800]   E4 guitar  | midi: gt=64 pred=48 ❌  | spn: gt=E4 pred=C5 ❌  | doremi: gt=mi pred=fa# ❌
    [ 294/800]   E4 guitar  | midi: gt=64 pred=64 ✅  | spn: gt=E4 pred=F#2 ❌  | doremi: gt=mi pred=la ❌
    [ 295/800]   A4 guitar  | midi: gt=69 pred=58 ❌  | spn: gt=A4 pred=A2 ❌  | doremi: gt=la pred=fa# ❌
    [ 296/800]   A4 guitar  | midi: gt=69 pred=69 ✅  | spn: gt=A4 pred=A7 ❌  | doremi: gt=la pred=la# ❌
    [ 297/800]   A4 guitar  | midi: gt=69 pred=58 ❌  | spn: gt=A4 pred=C5 ❌  | doremi: gt=la pred=fa# ❌
    [ 298/800]   A4 guitar  | midi: gt=69 pred=69 ✅  | spn: gt=A4 pred=A7 ❌  | doremi: gt=la pred=la# ❌
    [ 299/800]   A4 guitar  | midi: gt=69 pred=58 ❌  | spn: gt=A4 pred=C5 ❌  | doremi: gt=la pred=fa# ❌
    [ 300/800]   A4 guitar  | midi: gt=69 pred=69 ✅  | spn: gt=A4 pred=A7 ❌  | doremi: gt=la pred=la# ❌
    [ 301/800]   G5 guitar  | midi: gt=79 pred=58 ❌  | spn: gt=G5 pred=C5 ❌  | doremi: gt=sol pred=sol ✅
    [ 302/800]   G5 guitar  | midi: gt=79 pred=67 ❌  | spn: gt=G5 pred=C7 ❌  | doremi: gt=sol pred=fa# ❌
    [ 303/800]  F#1 flute  | midi: gt=30 pred=58 ❌  | spn: gt=F#1 pred=C5 ❌  | doremi: gt=fa# pred=fa# ✅
    [ 304/800]  F#1 flute  | midi: gt=30 pred=35 ❌  | spn: gt=F#1 pred=A#2 ❌  | doremi: gt=fa# pred=fa# ✅
    [ 305/800]  F#1 flute  | midi: gt=30 pred=58 ❌  | spn: gt=F#1 pred=C5 ❌  | doremi: gt=fa# pred=fa# ✅
    [ 306/800]  F#1 flute  | midi: gt=30 pred=35 ❌  | spn: gt=F#1 pred=A#2 ❌  | doremi: gt=fa# pred=fa# ✅
    [ 307/800]   C2 flute  | midi: gt=36 pred=58 ❌  | spn: gt=C2 pred=C5 ❌  | doremi: gt=do pred=fa# ❌
    [ 308/800]   C2 flute  | midi: gt=36 pred=36 ✅  | spn: gt=C2 pred=C2 ✅  | doremi: gt=do pred=sol ❌
    [ 309/800]   C2 flute  | midi: gt=36 pred=58 ❌  | spn: gt=C2 pred=C5 ❌  | doremi: gt=do pred=fa# ❌
    [ 310/800]   C2 flute  | midi: gt=36 pred=36 ✅  | spn: gt=C2 pred=C2 ✅  | doremi: gt=do pred=sol ❌
    [ 311/800]   C2 flute  | midi: gt=36 pred=58 ❌  | spn: gt=C2 pred=C5 ❌  | doremi: gt=do pred=do# ❌
    [ 312/800]   C2 flute  | midi: gt=36 pred=36 ✅  | spn: gt=C2 pred=C2 ✅  | doremi: gt=do pred=sol ❌
    [ 313/800]   C2 flute  | midi: gt=36 pred=58 ❌  | spn: gt=C2 pred=C5 ❌  | doremi: gt=do pred=fa# ❌
    [ 314/800]   C2 flute  | midi: gt=36 pred=36 ✅  | spn: gt=C2 pred=C2 ✅  | doremi: gt=do pred=sol ❌
    [ 315/800]   C2 flute  | midi: gt=36 pred=58 ❌  | spn: gt=C2 pred=C5 ❌  | doremi: gt=do pred=do# ❌
    [ 316/800]   C2 flute  | midi: gt=36 pred=36 ✅  | spn: gt=C2 pred=C2 ✅  | doremi: gt=do pred=sol ❌
    [ 317/800]   G2 flute  | midi: gt=43 pred=58 ❌  | spn: gt=G2 pred=C5 ❌  | doremi: gt=sol pred=sol ✅
    [ 318/800]   G2 flute  | midi: gt=43 pred=36 ❌  | spn: gt=G2 pred=C2 ❌  | doremi: gt=sol pred=sol ✅
    [ 319/800]   C3 flute  | midi: gt=48 pred=58 ❌  | spn: gt=C3 pred=C5 ❌  | doremi: gt=do pred=do# ❌
    [ 320/800]   C3 flute  | midi: gt=48 pred=48 ✅  | spn: gt=C3 pred=C2 ❌  | doremi: gt=do pred=fa# ❌
    [ 321/800]  F#3 flute  | midi: gt=54 pred=54 ✅  | spn: gt=F#3 pred=F#5 ❌  | doremi: gt=fa# pred=la# ❌
    [ 322/800]  F#3 flute  | midi: gt=54 pred=43 ❌  | spn: gt=F#3 pred=C2 ❌  | doremi: gt=fa# pred=fa# ✅
    [ 323/800]  F#3 flute  | midi: gt=54 pred=54 ✅  | spn: gt=F#3 pred=F#5 ❌  | doremi: gt=fa# pred=la# ❌
    [ 324/800]  F#3 flute  | midi: gt=54 pred=43 ❌  | spn: gt=F#3 pred=C2 ❌  | doremi: gt=fa# pred=fa# ✅
    [ 325/800]  F#3 flute  | midi: gt=54 pred=54 ✅  | spn: gt=F#3 pred=F#5 ❌  | doremi: gt=fa# pred=la# ❌
    [ 326/800]  F#3 flute  | midi: gt=54 pred=43 ❌  | spn: gt=F#3 pred=C2 ❌  | doremi: gt=fa# pred=fa# ✅
    [ 327/800]   C4 flute  | midi: gt=60 pred=58 ❌  | spn: gt=C4 pred=C5 ❌  | doremi: gt=do pred=do# ❌
    [ 328/800]   C4 flute  | midi: gt=60 pred=60 ✅  | spn: gt=C4 pred=C5 ❌  | doremi: gt=do pred=do# ❌
    [ 329/800]   C4 flute  | midi: gt=60 pred=58 ❌  | spn: gt=C4 pred=C5 ❌  | doremi: gt=do pred=do# ❌
    [ 330/800]   C4 flute  | midi: gt=60 pred=60 ✅  | spn: gt=C4 pred=C5 ❌  | doremi: gt=do pred=do# ❌
    [ 331/800]   C4 flute  | midi: gt=60 pred=58 ❌  | spn: gt=C4 pred=C5 ❌  | doremi: gt=do pred=do# ❌
    [ 332/800]   C4 flute  | midi: gt=60 pred=60 ✅  | spn: gt=C4 pred=C5 ❌  | doremi: gt=do pred=do# ❌
    [ 333/800]   C4 flute  | midi: gt=60 pred=58 ❌  | spn: gt=C4 pred=C5 ❌  | doremi: gt=do pred=do# ❌
    [ 334/800]   C4 flute  | midi: gt=60 pred=60 ✅  | spn: gt=C4 pred=C5 ❌  | doremi: gt=do pred=do# ❌
    [ 335/800]   E4 flute  | midi: gt=64 pred=58 ❌  | spn: gt=E4 pred=C5 ❌  | doremi: gt=mi pred=sol ❌
    [ 336/800]   E4 flute  | midi: gt=64 pred=64 ✅  | spn: gt=E4 pred=C5 ❌  | doremi: gt=mi pred=re# ❌
    [ 337/800]   A4 flute  | midi: gt=69 pred=58 ❌  | spn: gt=A4 pred=C5 ❌  | doremi: gt=la pred=sol ❌
    [ 338/800]   A4 flute  | midi: gt=69 pred=69 ✅  | spn: gt=A4 pred=A4 ✅  | doremi: gt=la pred=la ✅
    [ 339/800]   A4 flute  | midi: gt=69 pred=58 ❌  | spn: gt=A4 pred=C5 ❌  | doremi: gt=la pred=sol ❌
    [ 340/800]   A4 flute  | midi: gt=69 pred=69 ✅  | spn: gt=A4 pred=A4 ✅  | doremi: gt=la pred=la ✅
    [ 341/800]   A4 flute  | midi: gt=69 pred=58 ❌  | spn: gt=A4 pred=C5 ❌  | doremi: gt=la pred=sol ❌
    [ 342/800]   A4 flute  | midi: gt=69 pred=69 ✅  | spn: gt=A4 pred=A4 ✅  | doremi: gt=la pred=la ✅
    [ 343/800]   A4 flute  | midi: gt=69 pred=58 ❌  | spn: gt=A4 pred=C5 ❌  | doremi: gt=la pred=sol ❌
    [ 344/800]   A4 flute  | midi: gt=69 pred=69 ✅  | spn: gt=A4 pred=A4 ✅  | doremi: gt=la pred=la ✅
    [ 345/800]   E6 flute  | midi: gt=88 pred=58 ❌  | spn: gt=E6 pred=C5 ❌  | doremi: gt=mi pred=fa# ❌
    [ 346/800]   E6 flute  | midi: gt=88 pred=88 ✅  | spn: gt=E6 pred=F5 ❌  | doremi: gt=mi pred=fa# ❌
    [ 347/800]   E6 flute  | midi: gt=88 pred=58 ❌  | spn: gt=E6 pred=C5 ❌  | doremi: gt=mi pred=fa# ❌
    [ 348/800]   E6 flute  | midi: gt=88 pred=88 ✅  | spn: gt=E6 pred=F5 ❌  | doremi: gt=mi pred=fa# ❌
    [ 349/800]   E6 flute  | midi: gt=88 pred=58 ❌  | spn: gt=E6 pred=C5 ❌  | doremi: gt=mi pred=fa# ❌
    [ 350/800]   E6 flute  | midi: gt=88 pred=88 ✅  | spn: gt=E6 pred=F5 ❌  | doremi: gt=mi pred=fa# ❌
    [ 351/800]  F#1 trumpet  | midi: gt=30 pred=58 ❌  | spn: gt=F#1 pred=C5 ❌  | doremi: gt=fa# pred=fa# ✅
    [ 352/800]  F#1 trumpet  | midi: gt=30 pred=34 ❌  | spn: gt=F#1 pred=F2 ❌  | doremi: gt=fa# pred=do ❌
    [ 353/800]  F#1 trumpet  | midi: gt=30 pred=58 ❌  | spn: gt=F#1 pred=C5 ❌  | doremi: gt=fa# pred=fa# ✅
    [ 354/800]  F#1 trumpet  | midi: gt=30 pred=34 ❌  | spn: gt=F#1 pred=F2 ❌  | doremi: gt=fa# pred=do ❌
    [ 355/800]  F#1 trumpet  | midi: gt=30 pred=58 ❌  | spn: gt=F#1 pred=C5 ❌  | doremi: gt=fa# pred=sol ❌
    [ 356/800]  F#1 trumpet  | midi: gt=30 pred=34 ❌  | spn: gt=F#1 pred=F2 ❌  | doremi: gt=fa# pred=do ❌
    [ 357/800]  F#1 trumpet  | midi: gt=30 pred=58 ❌  | spn: gt=F#1 pred=C5 ❌  | doremi: gt=fa# pred=fa# ✅
    [ 358/800]  F#1 trumpet  | midi: gt=30 pred=34 ❌  | spn: gt=F#1 pred=F2 ❌  | doremi: gt=fa# pred=do ❌
    [ 359/800]  F#1 trumpet  | midi: gt=30 pred=58 ❌  | spn: gt=F#1 pred=C5 ❌  | doremi: gt=fa# pred=fa# ✅
    [ 360/800]  F#1 trumpet  | midi: gt=30 pred=34 ❌  | spn: gt=F#1 pred=F2 ❌  | doremi: gt=fa# pred=do ❌
    [ 361/800]   C2 trumpet  | midi: gt=36 pred=58 ❌  | spn: gt=C2 pred=C5 ❌  | doremi: gt=do pred=sol ❌
    [ 362/800]   C2 trumpet  | midi: gt=36 pred=36 ✅  | spn: gt=C2 pred=C2 ✅  | doremi: gt=do pred=do ✅
    [ 363/800]   C2 trumpet  | midi: gt=36 pred=58 ❌  | spn: gt=C2 pred=C5 ❌  | doremi: gt=do pred=sol ❌
    [ 364/800]   C2 trumpet  | midi: gt=36 pred=36 ✅  | spn: gt=C2 pred=C2 ✅  | doremi: gt=do pred=do ✅
    [ 365/800]   C2 trumpet  | midi: gt=36 pred=58 ❌  | spn: gt=C2 pred=C5 ❌  | doremi: gt=do pred=fa# ❌
    [ 366/800]   C2 trumpet  | midi: gt=36 pred=36 ✅  | spn: gt=C2 pred=C2 ✅  | doremi: gt=do pred=do ✅
    [ 367/800]   G2 trumpet  | midi: gt=43 pred=58 ❌  | spn: gt=G2 pred=G2 ✅  | doremi: gt=sol pred=sol ✅
    [ 368/800]   G2 trumpet  | midi: gt=43 pred=43 ✅  | spn: gt=G2 pred=F2 ❌  | doremi: gt=sol pred=sol ✅
    [ 369/800]   G2 trumpet  | midi: gt=43 pred=58 ❌  | spn: gt=G2 pred=G2 ✅  | doremi: gt=sol pred=sol ✅
    [ 370/800]   G2 trumpet  | midi: gt=43 pred=43 ✅  | spn: gt=G2 pred=F2 ❌  | doremi: gt=sol pred=sol ✅
    [ 371/800]   G2 trumpet  | midi: gt=43 pred=58 ❌  | spn: gt=G2 pred=G2 ✅  | doremi: gt=sol pred=sol ✅
    [ 372/800]   G2 trumpet  | midi: gt=43 pred=43 ✅  | spn: gt=G2 pred=F2 ❌  | doremi: gt=sol pred=sol ✅
    [ 373/800]   G2 trumpet  | midi: gt=43 pred=58 ❌  | spn: gt=G2 pred=G2 ✅  | doremi: gt=sol pred=sol ✅
    [ 374/800]   G2 trumpet  | midi: gt=43 pred=43 ✅  | spn: gt=G2 pred=F2 ❌  | doremi: gt=sol pred=sol ✅
    [ 375/800]   C3 trumpet  | midi: gt=48 pred=58 ❌  | spn: gt=C3 pred=C5 ❌  | doremi: gt=do pred=do# ❌
    [ 376/800]   C3 trumpet  | midi: gt=48 pred=48 ✅  | spn: gt=C3 pred=C4 ❌  | doremi: gt=do pred=sol ❌
    [ 377/800]   C3 trumpet  | midi: gt=48 pred=58 ❌  | spn: gt=C3 pred=C5 ❌  | doremi: gt=do pred=do# ❌
    [ 378/800]   C3 trumpet  | midi: gt=48 pred=48 ✅  | spn: gt=C3 pred=C4 ❌  | doremi: gt=do pred=sol ❌
    [ 379/800]   C3 trumpet  | midi: gt=48 pred=58 ❌  | spn: gt=C3 pred=C5 ❌  | doremi: gt=do pred=do# ❌
    [ 380/800]   C3 trumpet  | midi: gt=48 pred=48 ✅  | spn: gt=C3 pred=C4 ❌  | doremi: gt=do pred=sol ❌
    [ 381/800]  F#3 trumpet  | midi: gt=54 pred=58 ❌  | spn: gt=F#3 pred=F5 ❌  | doremi: gt=fa# pred=la# ❌
    [ 382/800]  F#3 trumpet  | midi: gt=54 pred=54 ✅  | spn: gt=F#3 pred=F#5 ❌  | doremi: gt=fa# pred=sol ❌
    [ 383/800]   C4 trumpet  | midi: gt=60 pred=53 ❌  | spn: gt=C4 pred=C5 ❌  | doremi: gt=do pred=do# ❌
    [ 384/800]   C4 trumpet  | midi: gt=60 pred=60 ✅  | spn: gt=C4 pred=C5 ❌  | doremi: gt=do pred=sol ❌
    [ 385/800]   E4 trumpet  | midi: gt=64 pred=58 ❌  | spn: gt=E4 pred=C5 ❌  | doremi: gt=mi pred=sol ❌
    [ 386/800]   E4 trumpet  | midi: gt=64 pred=64 ✅  | spn: gt=E4 pred=E4 ✅  | doremi: gt=mi pred=la ❌
    [ 387/800]   E4 trumpet  | midi: gt=64 pred=58 ❌  | spn: gt=E4 pred=C5 ❌  | doremi: gt=mi pred=fa# ❌
    [ 388/800]   E4 trumpet  | midi: gt=64 pred=64 ✅  | spn: gt=E4 pred=E4 ✅  | doremi: gt=mi pred=la ❌
    [ 389/800]   A4 trumpet  | midi: gt=69 pred=58 ❌  | spn: gt=A4 pred=C5 ❌  | doremi: gt=la pred=fa# ❌
    [ 390/800]   A4 trumpet  | midi: gt=69 pred=69 ✅  | spn: gt=A4 pred=A4 ✅  | doremi: gt=la pred=la# ❌
    [ 391/800]   A4 trumpet  | midi: gt=69 pred=58 ❌  | spn: gt=A4 pred=C5 ❌  | doremi: gt=la pred=fa# ❌
    [ 392/800]   A4 trumpet  | midi: gt=69 pred=69 ✅  | spn: gt=A4 pred=A4 ✅  | doremi: gt=la pred=la# ❌
    [ 393/800]   A4 trumpet  | midi: gt=69 pred=58 ❌  | spn: gt=A4 pred=C5 ❌  | doremi: gt=la pred=fa# ❌
    [ 394/800]   A4 trumpet  | midi: gt=69 pred=69 ✅  | spn: gt=A4 pred=A4 ✅  | doremi: gt=la pred=la# ❌
    [ 395/800]   A4 trumpet  | midi: gt=69 pred=58 ❌  | spn: gt=A4 pred=C5 ❌  | doremi: gt=la pred=fa# ❌
    [ 396/800]   A4 trumpet  | midi: gt=69 pred=69 ✅  | spn: gt=A4 pred=A4 ✅  | doremi: gt=la pred=la# ❌
    [ 397/800]   G5 trumpet  | midi: gt=79 pred=58 ❌  | spn: gt=G5 pred=C5 ❌  | doremi: gt=sol pred=sol ✅
    [ 398/800]   G5 trumpet  | midi: gt=79 pred=67 ❌  | spn: gt=G5 pred=G5 ✅  | doremi: gt=sol pred=fa# ❌
    [ 399/800]   G5 trumpet  | midi: gt=79 pred=58 ❌  | spn: gt=G5 pred=C5 ❌  | doremi: gt=sol pred=fa# ❌
    [ 400/800]   G5 trumpet  | midi: gt=79 pred=67 ❌  | spn: gt=G5 pred=G5 ✅  | doremi: gt=sol pred=fa# ❌
    [ 401/800]   G5 trumpet  | midi: gt=79 pred=58 ❌  | spn: gt=G5 pred=C5 ❌  | doremi: gt=sol pred=sol ✅
    [ 402/800]   G5 trumpet  | midi: gt=79 pred=67 ❌  | spn: gt=G5 pred=G5 ✅  | doremi: gt=sol pred=fa# ❌
    [ 403/800]   G5 trumpet  | midi: gt=79 pred=58 ❌  | spn: gt=G5 pred=C5 ❌  | doremi: gt=sol pred=sol ✅
    [ 404/800]   G5 trumpet  | midi: gt=79 pred=67 ❌  | spn: gt=G5 pred=G5 ✅  | doremi: gt=sol pred=fa# ❌
    [ 405/800]   G5 trumpet  | midi: gt=79 pred=58 ❌  | spn: gt=G5 pred=C5 ❌  | doremi: gt=sol pred=sol ✅
    [ 406/800]   G5 trumpet  | midi: gt=79 pred=67 ❌  | spn: gt=G5 pred=G5 ✅  | doremi: gt=sol pred=fa# ❌
    [ 407/800]   E6 trumpet  | midi: gt=88 pred=58 ❌  | spn: gt=E6 pred=C5 ❌  | doremi: gt=mi pred=fa# ❌
    [ 408/800]   E6 trumpet  | midi: gt=88 pred=83 ❌  | spn: gt=E6 pred=F5 ❌  | doremi: gt=mi pred=fa# ❌
    [ 409/800]   C2 trombone  | midi: gt=36 pred=58 ❌  | spn: gt=C2 pred=C5 ❌  | doremi: gt=do pred=fa# ❌
    [ 410/800]   C2 trombone  | midi: gt=36 pred=35 ❌  | spn: gt=C2 pred=A#2 ❌  | doremi: gt=do pred=la# ❌
    [ 411/800]   C2 trombone  | midi: gt=36 pred=58 ❌  | spn: gt=C2 pred=C5 ❌  | doremi: gt=do pred=fa# ❌
    [ 412/800]   C2 trombone  | midi: gt=36 pred=35 ❌  | spn: gt=C2 pred=A#2 ❌  | doremi: gt=do pred=la# ❌
    [ 413/800]   G2 trombone  | midi: gt=43 pred=58 ❌  | spn: gt=G2 pred=C5 ❌  | doremi: gt=sol pred=sol ✅
    [ 414/800]   G2 trombone  | midi: gt=43 pred=43 ✅  | spn: gt=G2 pred=F#2 ❌  | doremi: gt=sol pred=sol ✅
    [ 415/800]   C3 trombone  | midi: gt=48 pred=58 ❌  | spn: gt=C3 pred=C5 ❌  | doremi: gt=do pred=do# ❌
    [ 416/800]   C3 trombone  | midi: gt=48 pred=48 ✅  | spn: gt=C3 pred=C4 ❌  | doremi: gt=do pred=sol ❌
    [ 417/800]   C3 trombone  | midi: gt=48 pred=58 ❌  | spn: gt=C3 pred=C5 ❌  | doremi: gt=do pred=do# ❌
    [ 418/800]   C3 trombone  | midi: gt=48 pred=48 ✅  | spn: gt=C3 pred=C4 ❌  | doremi: gt=do pred=sol ❌
    [ 419/800]   C3 trombone  | midi: gt=48 pred=58 ❌  | spn: gt=C3 pred=C5 ❌  | doremi: gt=do pred=do# ❌
    [ 420/800]   C3 trombone  | midi: gt=48 pred=48 ✅  | spn: gt=C3 pred=C4 ❌  | doremi: gt=do pred=sol ❌
    [ 421/800]  F#3 trombone  | midi: gt=54 pred=59 ❌  | spn: gt=F#3 pred=F#5 ❌  | doremi: gt=fa# pred=la# ❌
    [ 422/800]  F#3 trombone  | midi: gt=54 pred=54 ✅  | spn: gt=F#3 pred=F#3 ✅  | doremi: gt=fa# pred=re# ❌
    [ 423/800]   E4 trombone  | midi: gt=64 pred=58 ❌  | spn: gt=E4 pred=C5 ❌  | doremi: gt=mi pred=fa# ❌
    [ 424/800]   E4 trombone  | midi: gt=64 pred=64 ✅  | spn: gt=E4 pred=F5 ❌  | doremi: gt=mi pred=re ❌
    [ 425/800]   A4 trombone  | midi: gt=69 pred=58 ❌  | spn: gt=A4 pred=C5 ❌  | doremi: gt=la pred=sol ❌
    [ 426/800]   A4 trombone  | midi: gt=69 pred=69 ✅  | spn: gt=A4 pred=A4 ✅  | doremi: gt=la pred=sol ❌
    [ 427/800]   A4 trombone  | midi: gt=69 pred=58 ❌  | spn: gt=A4 pred=C5 ❌  | doremi: gt=la pred=fa# ❌
    [ 428/800]   A4 trombone  | midi: gt=69 pred=69 ✅  | spn: gt=A4 pred=A4 ✅  | doremi: gt=la pred=sol ❌
    [ 429/800]   G5 trombone  | midi: gt=79 pred=58 ❌  | spn: gt=G5 pred=C5 ❌  | doremi: gt=sol pred=fa# ❌
    [ 430/800]   G5 trombone  | midi: gt=79 pred=69 ❌  | spn: gt=G5 pred=C5 ❌  | doremi: gt=sol pred=fa# ❌
    [ 431/800]   G5 trombone  | midi: gt=79 pred=58 ❌  | spn: gt=G5 pred=C5 ❌  | doremi: gt=sol pred=fa# ❌
    [ 432/800]   G5 trombone  | midi: gt=79 pred=69 ❌  | spn: gt=G5 pred=C5 ❌  | doremi: gt=sol pred=fa# ❌
    [ 433/800]   E6 trombone  | midi: gt=88 pred=58 ❌  | spn: gt=E6 pred=C5 ❌  | doremi: gt=mi pred=fa# ❌
    [ 434/800]   E6 trombone  | midi: gt=88 pred=88 ✅  | spn: gt=E6 pred=C5 ❌  | doremi: gt=mi pred=fa# ❌
    [ 435/800]   E6 trombone  | midi: gt=88 pred=58 ❌  | spn: gt=E6 pred=C5 ❌  | doremi: gt=mi pred=fa# ❌
    [ 436/800]   E6 trombone  | midi: gt=88 pred=88 ✅  | spn: gt=E6 pred=C5 ❌  | doremi: gt=mi pred=fa# ❌
    [ 437/800]   E6 trombone  | midi: gt=88 pred=84 ❌  | spn: gt=E6 pred=C5 ❌  | doremi: gt=mi pred=fa# ❌
    [ 438/800]   E6 trombone  | midi: gt=88 pred=88 ✅  | spn: gt=E6 pred=C5 ❌  | doremi: gt=mi pred=fa# ❌
    [ 439/800]  F#1 clarinet  | midi: gt=30 pred=58 ❌  | spn: gt=F#1 pred=C5 ❌  | doremi: gt=fa# pred=fa# ✅
    [ 440/800]  F#1 clarinet  | midi: gt=30 pred=35 ❌  | spn: gt=F#1 pred=C5 ❌  | doremi: gt=fa# pred=fa# ✅
    [ 441/800]  F#1 clarinet  | midi: gt=30 pred=58 ❌  | spn: gt=F#1 pred=C5 ❌  | doremi: gt=fa# pred=fa# ✅
    [ 442/800]  F#1 clarinet  | midi: gt=30 pred=35 ❌  | spn: gt=F#1 pred=C5 ❌  | doremi: gt=fa# pred=fa# ✅
    [ 443/800]   C2 clarinet  | midi: gt=36 pred=58 ❌  | spn: gt=C2 pred=C5 ❌  | doremi: gt=do pred=fa# ❌
    [ 444/800]   C2 clarinet  | midi: gt=36 pred=35 ❌  | spn: gt=C2 pred=C5 ❌  | doremi: gt=do pred=fa# ❌
    [ 445/800]   C2 clarinet  | midi: gt=36 pred=58 ❌  | spn: gt=C2 pred=C5 ❌  | doremi: gt=do pred=fa# ❌
    [ 446/800]   C2 clarinet  | midi: gt=36 pred=35 ❌  | spn: gt=C2 pred=C5 ❌  | doremi: gt=do pred=fa# ❌
    [ 447/800]   G2 clarinet  | midi: gt=43 pred=58 ❌  | spn: gt=G2 pred=C5 ❌  | doremi: gt=sol pred=fa# ❌
    [ 448/800]   G2 clarinet  | midi: gt=43 pred=43 ✅  | spn: gt=G2 pred=C5 ❌  | doremi: gt=sol pred=fa# ❌
    [ 449/800]   G2 clarinet  | midi: gt=43 pred=58 ❌  | spn: gt=G2 pred=C5 ❌  | doremi: gt=sol pred=fa# ❌
    [ 450/800]   G2 clarinet  | midi: gt=43 pred=43 ✅  | spn: gt=G2 pred=C5 ❌  | doremi: gt=sol pred=fa# ❌
    [ 451/800]   C3 clarinet  | midi: gt=48 pred=58 ❌  | spn: gt=C3 pred=C5 ❌  | doremi: gt=do pred=sol ❌
    [ 452/800]   C3 clarinet  | midi: gt=48 pred=48 ✅  | spn: gt=C3 pred=C5 ❌  | doremi: gt=do pred=sol ❌
    [ 453/800]   C3 clarinet  | midi: gt=48 pred=58 ❌  | spn: gt=C3 pred=C5 ❌  | doremi: gt=do pred=fa# ❌
    [ 454/800]   C3 clarinet  | midi: gt=48 pred=48 ✅  | spn: gt=C3 pred=C5 ❌  | doremi: gt=do pred=sol ❌
    [ 455/800]   C3 clarinet  | midi: gt=48 pred=58 ❌  | spn: gt=C3 pred=C5 ❌  | doremi: gt=do pred=fa# ❌
    [ 456/800]   C3 clarinet  | midi: gt=48 pred=48 ✅  | spn: gt=C3 pred=C5 ❌  | doremi: gt=do pred=sol ❌
    [ 457/800]  F#3 clarinet  | midi: gt=54 pred=58 ❌  | spn: gt=F#3 pred=F5 ❌  | doremi: gt=fa# pred=la# ❌
    [ 458/800]  F#3 clarinet  | midi: gt=54 pred=54 ✅  | spn: gt=F#3 pred=C5 ❌  | doremi: gt=fa# pred=fa# ✅
    [ 459/800]  F#3 clarinet  | midi: gt=54 pred=58 ❌  | spn: gt=F#3 pred=F5 ❌  | doremi: gt=fa# pred=la# ❌
    [ 460/800]  F#3 clarinet  | midi: gt=54 pred=54 ✅  | spn: gt=F#3 pred=C5 ❌  | doremi: gt=fa# pred=fa# ✅
    [ 461/800]   C4 clarinet  | midi: gt=60 pred=53 ❌  | spn: gt=C4 pred=C5 ❌  | doremi: gt=do pred=do# ❌
    [ 462/800]   C4 clarinet  | midi: gt=60 pred=65 ❌  | spn: gt=C4 pred=C5 ❌  | doremi: gt=do pred=do# ❌
    [ 463/800]   C4 clarinet  | midi: gt=60 pred=58 ❌  | spn: gt=C4 pred=C5 ❌  | doremi: gt=do pred=do# ❌
    [ 464/800]   C4 clarinet  | midi: gt=60 pred=65 ❌  | spn: gt=C4 pred=C5 ❌  | doremi: gt=do pred=do# ❌
    [ 465/800]   E4 clarinet  | midi: gt=64 pred=58 ❌  | spn: gt=E4 pred=C5 ❌  | doremi: gt=mi pred=fa# ❌
    [ 466/800]   E4 clarinet  | midi: gt=64 pred=69 ❌  | spn: gt=E4 pred=C5 ❌  | doremi: gt=mi pred=la ❌
    [ 467/800]   A4 clarinet  | midi: gt=69 pred=58 ❌  | spn: gt=A4 pred=C5 ❌  | doremi: gt=la pred=fa# ❌
    [ 468/800]   A4 clarinet  | midi: gt=69 pred=69 ✅  | spn: gt=A4 pred=A5 ❌  | doremi: gt=la pred=fa# ❌
    [ 469/800]   A4 clarinet  | midi: gt=69 pred=58 ❌  | spn: gt=A4 pred=C5 ❌  | doremi: gt=la pred=fa# ❌
    [ 470/800]   A4 clarinet  | midi: gt=69 pred=69 ✅  | spn: gt=A4 pred=A5 ❌  | doremi: gt=la pred=fa# ❌
    [ 471/800]   A4 clarinet  | midi: gt=69 pred=58 ❌  | spn: gt=A4 pred=C5 ❌  | doremi: gt=la pred=fa# ❌
    [ 472/800]   A4 clarinet  | midi: gt=69 pred=69 ✅  | spn: gt=A4 pred=A5 ❌  | doremi: gt=la pred=fa# ❌
    [ 473/800]   G5 clarinet  | midi: gt=79 pred=58 ❌  | spn: gt=G5 pred=C5 ❌  | doremi: gt=sol pred=fa# ❌
    [ 474/800]   G5 clarinet  | midi: gt=79 pred=68 ❌  | spn: gt=G5 pred=C5 ❌  | doremi: gt=sol pred=fa# ❌
    [ 475/800]   G5 clarinet  | midi: gt=79 pred=84 ❌  | spn: gt=G5 pred=C5 ❌  | doremi: gt=sol pred=fa# ❌
    [ 476/800]   G5 clarinet  | midi: gt=79 pred=68 ❌  | spn: gt=G5 pred=C5 ❌  | doremi: gt=sol pred=fa# ❌
    [ 477/800]   G5 clarinet  | midi: gt=79 pred=58 ❌  | spn: gt=G5 pred=C5 ❌  | doremi: gt=sol pred=fa# ❌
    [ 478/800]   G5 clarinet  | midi: gt=79 pred=68 ❌  | spn: gt=G5 pred=C5 ❌  | doremi: gt=sol pred=fa# ❌
    [ 479/800]   E6 clarinet  | midi: gt=88 pred=58 ❌  | spn: gt=E6 pred=C5 ❌  | doremi: gt=mi pred=fa# ❌
    [ 480/800]   E6 clarinet  | midi: gt=88 pred=88 ✅  | spn: gt=E6 pred=E5 ❌  | doremi: gt=mi pred=fa# ❌
    [ 481/800]  F#1 oboe  | midi: gt=30 pred=58 ❌  | spn: gt=F#1 pred=C5 ❌  | doremi: gt=fa# pred=fa# ✅
    [ 482/800]  F#1 oboe  | midi: gt=30 pred=34 ❌  | spn: gt=F#1 pred=A#2 ❌  | doremi: gt=fa# pred=la ❌
    [ 483/800]  F#1 oboe  | midi: gt=30 pred=58 ❌  | spn: gt=F#1 pred=C5 ❌  | doremi: gt=fa# pred=fa# ✅
    [ 484/800]  F#1 oboe  | midi: gt=30 pred=34 ❌  | spn: gt=F#1 pred=A#2 ❌  | doremi: gt=fa# pred=la ❌
    [ 485/800]   C2 oboe  | midi: gt=36 pred=58 ❌  | spn: gt=C2 pred=C5 ❌  | doremi: gt=do pred=sol ❌
    [ 486/800]   C2 oboe  | midi: gt=36 pred=36 ✅  | spn: gt=C2 pred=C2 ✅  | doremi: gt=do pred=do ✅
    [ 487/800]   C2 oboe  | midi: gt=36 pred=58 ❌  | spn: gt=C2 pred=C5 ❌  | doremi: gt=do pred=sol ❌
    [ 488/800]   C2 oboe  | midi: gt=36 pred=36 ✅  | spn: gt=C2 pred=C2 ✅  | doremi: gt=do pred=do ✅
    [ 489/800]   G2 oboe  | midi: gt=43 pred=58 ❌  | spn: gt=G2 pred=C5 ❌  | doremi: gt=sol pred=sol ✅
    [ 490/800]   G2 oboe  | midi: gt=43 pred=43 ✅  | spn: gt=G2 pred=C2 ❌  | doremi: gt=sol pred=sol ✅
    [ 491/800]   C3 oboe  | midi: gt=48 pred=58 ❌  | spn: gt=C3 pred=C5 ❌  | doremi: gt=do pred=do# ❌
    [ 492/800]   C3 oboe  | midi: gt=48 pred=48 ✅  | spn: gt=C3 pred=C2 ❌  | doremi: gt=do pred=do# ❌
    [ 493/800]   C3 oboe  | midi: gt=48 pred=58 ❌  | spn: gt=C3 pred=C5 ❌  | doremi: gt=do pred=do# ❌
    [ 494/800]   C3 oboe  | midi: gt=48 pred=48 ✅  | spn: gt=C3 pred=C2 ❌  | doremi: gt=do pred=do# ❌
    [ 495/800]  F#3 oboe  | midi: gt=54 pred=54 ✅  | spn: gt=F#3 pred=F#5 ❌  | doremi: gt=fa# pred=la# ❌
    [ 496/800]  F#3 oboe  | midi: gt=54 pred=43 ❌  | spn: gt=F#3 pred=F#3 ✅  | doremi: gt=fa# pred=la ❌
    [ 497/800]   C4 oboe  | midi: gt=60 pred=58 ❌  | spn: gt=C4 pred=C5 ❌  | doremi: gt=do pred=do# ❌
    [ 498/800]   C4 oboe  | midi: gt=60 pred=60 ✅  | spn: gt=C4 pred=C5 ❌  | doremi: gt=do pred=do# ❌
    [ 499/800]   C4 oboe  | midi: gt=60 pred=58 ❌  | spn: gt=C4 pred=C5 ❌  | doremi: gt=do pred=do# ❌
    [ 500/800]   C4 oboe  | midi: gt=60 pred=60 ✅  | spn: gt=C4 pred=C5 ❌  | doremi: gt=do pred=do# ❌
    [ 501/800]   E4 oboe  | midi: gt=64 pred=58 ❌  | spn: gt=E4 pred=C5 ❌  | doremi: gt=mi pred=sol ❌
    [ 502/800]   E4 oboe  | midi: gt=64 pred=64 ✅  | spn: gt=E4 pred=E5 ❌  | doremi: gt=mi pred=la ❌
    [ 503/800]   A4 oboe  | midi: gt=69 pred=58 ❌  | spn: gt=A4 pred=C5 ❌  | doremi: gt=la pred=fa# ❌
    [ 504/800]   A4 oboe  | midi: gt=69 pred=69 ✅  | spn: gt=A4 pred=A4 ✅  | doremi: gt=la pred=la ✅
    [ 505/800]   A4 oboe  | midi: gt=69 pred=58 ❌  | spn: gt=A4 pred=C5 ❌  | doremi: gt=la pred=fa# ❌
    [ 506/800]   A4 oboe  | midi: gt=69 pred=69 ✅  | spn: gt=A4 pred=A4 ✅  | doremi: gt=la pred=la ✅
    [ 507/800]   E6 oboe  | midi: gt=88 pred=58 ❌  | spn: gt=E6 pred=C5 ❌  | doremi: gt=mi pred=fa# ❌
    [ 508/800]   E6 oboe  | midi: gt=88 pred=88 ✅  | spn: gt=E6 pred=E5 ❌  | doremi: gt=mi pred=sol ❌
    [ 509/800]   E6 oboe  | midi: gt=88 pred=58 ❌  | spn: gt=E6 pred=C5 ❌  | doremi: gt=mi pred=fa# ❌
    [ 510/800]   E6 oboe  | midi: gt=88 pred=88 ✅  | spn: gt=E6 pred=E5 ❌  | doremi: gt=mi pred=sol ❌
    [ 511/800]   E6 oboe  | midi: gt=88 pred=84 ❌  | spn: gt=E6 pred=C5 ❌  | doremi: gt=mi pred=fa# ❌
    [ 512/800]   E6 oboe  | midi: gt=88 pred=88 ✅  | spn: gt=E6 pred=E5 ❌  | doremi: gt=mi pred=sol ❌
    [ 513/800]  F#1 violin  | midi: gt=30 pred=58 ❌  | spn: gt=F#1 pred=C5 ❌  | doremi: gt=fa# pred=fa# ✅
    [ 514/800]  F#1 violin  | midi: gt=30 pred=34 ❌  | spn: gt=F#1 pred=A2 ❌  | doremi: gt=fa# pred=re# ❌
    [ 515/800]   C2 violin  | midi: gt=36 pred=58 ❌  | spn: gt=C2 pred=C5 ❌  | doremi: gt=do pred=sol ❌
    [ 516/800]   C2 violin  | midi: gt=36 pred=36 ✅  | spn: gt=C2 pred=C2 ✅  | doremi: gt=do pred=sol ❌
    [ 517/800]   C2 violin  | midi: gt=36 pred=58 ❌  | spn: gt=C2 pred=C5 ❌  | doremi: gt=do pred=fa# ❌
    [ 518/800]   C2 violin  | midi: gt=36 pred=36 ✅  | spn: gt=C2 pred=C2 ✅  | doremi: gt=do pred=sol ❌
    [ 519/800]   C2 violin  | midi: gt=36 pred=58 ❌  | spn: gt=C2 pred=C5 ❌  | doremi: gt=do pred=do# ❌
    [ 520/800]   C2 violin  | midi: gt=36 pred=36 ✅  | spn: gt=C2 pred=C2 ✅  | doremi: gt=do pred=sol ❌
    [ 521/800]   C2 violin  | midi: gt=36 pred=58 ❌  | spn: gt=C2 pred=C5 ❌  | doremi: gt=do pred=fa# ❌
    [ 522/800]   C2 violin  | midi: gt=36 pred=36 ✅  | spn: gt=C2 pred=C2 ✅  | doremi: gt=do pred=sol ❌
    [ 523/800]   G2 violin  | midi: gt=43 pred=58 ❌  | spn: gt=G2 pred=C5 ❌  | doremi: gt=sol pred=sol ✅
    [ 524/800]   G2 violin  | midi: gt=43 pred=43 ✅  | spn: gt=G2 pred=C2 ❌  | doremi: gt=sol pred=sol ✅
    [ 525/800]   G2 violin  | midi: gt=43 pred=58 ❌  | spn: gt=G2 pred=C5 ❌  | doremi: gt=sol pred=sol ✅
    [ 526/800]   G2 violin  | midi: gt=43 pred=43 ✅  | spn: gt=G2 pred=C2 ❌  | doremi: gt=sol pred=sol ✅
    [ 527/800]   G2 violin  | midi: gt=43 pred=58 ❌  | spn: gt=G2 pred=C5 ❌  | doremi: gt=sol pred=sol ✅
    [ 528/800]   G2 violin  | midi: gt=43 pred=43 ✅  | spn: gt=G2 pred=C2 ❌  | doremi: gt=sol pred=sol ✅
    [ 529/800]   C4 violin  | midi: gt=60 pred=58 ❌  | spn: gt=C4 pred=C5 ❌  | doremi: gt=do pred=do# ❌
    [ 530/800]   C4 violin  | midi: gt=60 pred=60 ✅  | spn: gt=C4 pred=C5 ❌  | doremi: gt=do pred=fa# ❌
    [ 531/800]   E4 violin  | midi: gt=64 pred=58 ❌  | spn: gt=E4 pred=C5 ❌  | doremi: gt=mi pred=fa# ❌
    [ 532/800]   E4 violin  | midi: gt=64 pred=64 ✅  | spn: gt=E4 pred=E5 ❌  | doremi: gt=mi pred=la ❌
    [ 533/800]   E4 violin  | midi: gt=64 pred=58 ❌  | spn: gt=E4 pred=C5 ❌  | doremi: gt=mi pred=fa# ❌
    [ 534/800]   E4 violin  | midi: gt=64 pred=64 ✅  | spn: gt=E4 pred=E5 ❌  | doremi: gt=mi pred=la ❌
    [ 535/800]   A4 violin  | midi: gt=69 pred=58 ❌  | spn: gt=A4 pred=C5 ❌  | doremi: gt=la pred=sol ❌
    [ 536/800]   A4 violin  | midi: gt=69 pred=69 ✅  | spn: gt=A4 pred=A5 ❌  | doremi: gt=la pred=fa# ❌
    [ 537/800]   E6 violin  | midi: gt=88 pred=58 ❌  | spn: gt=E6 pred=C5 ❌  | doremi: gt=mi pred=fa# ❌
    [ 538/800]   E6 violin  | midi: gt=88 pred=86 ❌  | spn: gt=E6 pred=E5 ❌  | doremi: gt=mi pred=sol ❌
    [ 539/800]   E6 violin  | midi: gt=88 pred=58 ❌  | spn: gt=E6 pred=C5 ❌  | doremi: gt=mi pred=fa# ❌
    [ 540/800]   E6 violin  | midi: gt=88 pred=86 ❌  | spn: gt=E6 pred=E5 ❌  | doremi: gt=mi pred=sol ❌
    [ 541/800]   E6 violin  | midi: gt=88 pred=58 ❌  | spn: gt=E6 pred=C5 ❌  | doremi: gt=mi pred=fa# ❌
    [ 542/800]   E6 violin  | midi: gt=88 pred=86 ❌  | spn: gt=E6 pred=E5 ❌  | doremi: gt=mi pred=sol ❌
    [ 543/800]  F#1 cello  | midi: gt=30 pred=58 ❌  | spn: gt=F#1 pred=C5 ❌  | doremi: gt=fa# pred=fa# ✅
    [ 544/800]  F#1 cello  | midi: gt=30 pred=34 ❌  | spn: gt=F#1 pred=C2 ❌  | doremi: gt=fa# pred=re# ❌
    [ 545/800]  F#1 cello  | midi: gt=30 pred=58 ❌  | spn: gt=F#1 pred=C5 ❌  | doremi: gt=fa# pred=do# ❌
    [ 546/800]  F#1 cello  | midi: gt=30 pred=34 ❌  | spn: gt=F#1 pred=C2 ❌  | doremi: gt=fa# pred=re# ❌
    [ 547/800]  F#1 cello  | midi: gt=30 pred=58 ❌  | spn: gt=F#1 pred=C5 ❌  | doremi: gt=fa# pred=fa# ✅
    [ 548/800]  F#1 cello  | midi: gt=30 pred=34 ❌  | spn: gt=F#1 pred=C2 ❌  | doremi: gt=fa# pred=re# ❌
    [ 549/800]   G2 cello  | midi: gt=43 pred=58 ❌  | spn: gt=G2 pred=G2 ✅  | doremi: gt=sol pred=sol ✅
    [ 550/800]   G2 cello  | midi: gt=43 pred=43 ✅  | spn: gt=G2 pred=G2 ✅  | doremi: gt=sol pred=sol ✅
    [ 551/800]   G2 cello  | midi: gt=43 pred=58 ❌  | spn: gt=G2 pred=G2 ✅  | doremi: gt=sol pred=sol ✅
    [ 552/800]   G2 cello  | midi: gt=43 pred=43 ✅  | spn: gt=G2 pred=G2 ✅  | doremi: gt=sol pred=sol ✅
    [ 553/800]   G2 cello  | midi: gt=43 pred=58 ❌  | spn: gt=G2 pred=G5 ❌  | doremi: gt=sol pred=sol ✅
    [ 554/800]   G2 cello  | midi: gt=43 pred=43 ✅  | spn: gt=G2 pred=G2 ✅  | doremi: gt=sol pred=sol ✅
    [ 555/800]   C3 cello  | midi: gt=48 pred=58 ❌  | spn: gt=C3 pred=C5 ❌  | doremi: gt=do pred=do# ❌
    [ 556/800]   C3 cello  | midi: gt=48 pred=48 ✅  | spn: gt=C3 pred=C2 ❌  | doremi: gt=do pred=do# ❌
    [ 557/800]   C3 cello  | midi: gt=48 pred=58 ❌  | spn: gt=C3 pred=C5 ❌  | doremi: gt=do pred=do# ❌
    [ 558/800]   C3 cello  | midi: gt=48 pred=48 ✅  | spn: gt=C3 pred=C2 ❌  | doremi: gt=do pred=do# ❌
    [ 559/800]  F#3 cello  | midi: gt=54 pred=58 ❌  | spn: gt=F#3 pred=F#5 ❌  | doremi: gt=fa# pred=la# ❌
    [ 560/800]  F#3 cello  | midi: gt=54 pred=54 ✅  | spn: gt=F#3 pred=F#3 ✅  | doremi: gt=fa# pred=fa# ✅
    [ 561/800]  F#3 cello  | midi: gt=54 pred=54 ✅  | spn: gt=F#3 pred=F#5 ❌  | doremi: gt=fa# pred=la# ❌
    [ 562/800]  F#3 cello  | midi: gt=54 pred=54 ✅  | spn: gt=F#3 pred=F#3 ✅  | doremi: gt=fa# pred=fa# ✅
    [ 563/800]   C4 cello  | midi: gt=60 pred=58 ❌  | spn: gt=C4 pred=C5 ❌  | doremi: gt=do pred=do# ❌
    [ 564/800]   C4 cello  | midi: gt=60 pred=60 ✅  | spn: gt=C4 pred=C5 ❌  | doremi: gt=do pred=sol ❌
    [ 565/800]   C4 cello  | midi: gt=60 pred=53 ❌  | spn: gt=C4 pred=C5 ❌  | doremi: gt=do pred=do# ❌
    [ 566/800]   C4 cello  | midi: gt=60 pred=60 ✅  | spn: gt=C4 pred=C5 ❌  | doremi: gt=do pred=sol ❌
    [ 567/800]   C4 cello  | midi: gt=60 pred=58 ❌  | spn: gt=C4 pred=C5 ❌  | doremi: gt=do pred=do# ❌
    [ 568/800]   C4 cello  | midi: gt=60 pred=60 ✅  | spn: gt=C4 pred=C5 ❌  | doremi: gt=do pred=sol ❌
    [ 569/800]   E4 cello  | midi: gt=64 pred=58 ❌  | spn: gt=E4 pred=C5 ❌  | doremi: gt=mi pred=fa# ❌
    [ 570/800]   E4 cello  | midi: gt=64 pred=64 ✅  | spn: gt=E4 pred=E5 ❌  | doremi: gt=mi pred=re ❌
    [ 571/800]   E4 cello  | midi: gt=64 pred=58 ❌  | spn: gt=E4 pred=C5 ❌  | doremi: gt=mi pred=fa# ❌
    [ 572/800]   E4 cello  | midi: gt=64 pred=64 ✅  | spn: gt=E4 pred=E5 ❌  | doremi: gt=mi pred=re ❌
    [ 573/800]   E4 cello  | midi: gt=64 pred=58 ❌  | spn: gt=E4 pred=C5 ❌  | doremi: gt=mi pred=fa# ❌
    [ 574/800]   E4 cello  | midi: gt=64 pred=64 ✅  | spn: gt=E4 pred=E5 ❌  | doremi: gt=mi pred=re ❌
    [ 575/800]   G5 cello  | midi: gt=79 pred=58 ❌  | spn: gt=G5 pred=C5 ❌  | doremi: gt=sol pred=fa# ❌
    [ 576/800]   G5 cello  | midi: gt=79 pred=67 ❌  | spn: gt=G5 pred=G5 ✅  | doremi: gt=sol pred=fa# ❌
    [ 577/800]   G5 cello  | midi: gt=79 pred=58 ❌  | spn: gt=G5 pred=C5 ❌  | doremi: gt=sol pred=sol ✅
    [ 578/800]   G5 cello  | midi: gt=79 pred=67 ❌  | spn: gt=G5 pred=G5 ✅  | doremi: gt=sol pred=fa# ❌
    [ 579/800]   E6 cello  | midi: gt=88 pred=58 ❌  | spn: gt=E6 pred=C5 ❌  | doremi: gt=mi pred=fa# ❌
    [ 580/800]   E6 cello  | midi: gt=88 pred=86 ❌  | spn: gt=E6 pred=E5 ❌  | doremi: gt=mi pred=fa# ❌
    [ 581/800]   E6 cello  | midi: gt=88 pred=58 ❌  | spn: gt=E6 pred=C5 ❌  | doremi: gt=mi pred=fa# ❌
    [ 582/800]   E6 cello  | midi: gt=88 pred=86 ❌  | spn: gt=E6 pred=E5 ❌  | doremi: gt=mi pred=fa# ❌
    [ 583/800]   E6 cello  | midi: gt=88 pred=58 ❌  | spn: gt=E6 pred=C5 ❌  | doremi: gt=mi pred=fa# ❌
    [ 584/800]   E6 cello  | midi: gt=88 pred=86 ❌  | spn: gt=E6 pred=E5 ❌  | doremi: gt=mi pred=fa# ❌
    [ 585/800]   E6 cello  | midi: gt=88 pred=58 ❌  | spn: gt=E6 pred=C5 ❌  | doremi: gt=mi pred=fa# ❌
    [ 586/800]   E6 cello  | midi: gt=88 pred=86 ❌  | spn: gt=E6 pred=E5 ❌  | doremi: gt=mi pred=fa# ❌
    [ 587/800]  F#1 organ  | midi: gt=30 pred=58 ❌  | spn: gt=F#1 pred=F#5 ❌  | doremi: gt=fa# pred=la# ❌
    [ 588/800]  F#1 organ  | midi: gt=30 pred=48 ❌  | spn: gt=F#1 pred=F#2 ❌  | doremi: gt=fa# pred=fa# ✅
    [ 589/800]   C2 organ  | midi: gt=36 pred=58 ❌  | spn: gt=C2 pred=C5 ❌  | doremi: gt=do pred=do# ❌
    [ 590/800]   C2 organ  | midi: gt=36 pred=48 ❌  | spn: gt=C2 pred=C2 ✅  | doremi: gt=do pred=sol ❌
    [ 591/800]   C2 organ  | midi: gt=36 pred=58 ❌  | spn: gt=C2 pred=C5 ❌  | doremi: gt=do pred=do# ❌
    [ 592/800]   C2 organ  | midi: gt=36 pred=48 ❌  | spn: gt=C2 pred=C2 ✅  | doremi: gt=do pred=sol ❌
    [ 593/800]   G2 organ  | midi: gt=43 pred=58 ❌  | spn: gt=G2 pred=C5 ❌  | doremi: gt=sol pred=sol ✅
    [ 594/800]   G2 organ  | midi: gt=43 pred=48 ❌  | spn: gt=G2 pred=G2 ✅  | doremi: gt=sol pred=sol ✅
    [ 595/800]   G2 organ  | midi: gt=43 pred=58 ❌  | spn: gt=G2 pred=C5 ❌  | doremi: gt=sol pred=sol ✅
    [ 596/800]   G2 organ  | midi: gt=43 pred=48 ❌  | spn: gt=G2 pred=G2 ✅  | doremi: gt=sol pred=sol ✅
    [ 597/800]   G2 organ  | midi: gt=43 pred=58 ❌  | spn: gt=G2 pred=G2 ✅  | doremi: gt=sol pred=sol ✅
    [ 598/800]   G2 organ  | midi: gt=43 pred=48 ❌  | spn: gt=G2 pred=G2 ✅  | doremi: gt=sol pred=sol ✅
    [ 599/800]   C3 organ  | midi: gt=48 pred=58 ❌  | spn: gt=C3 pred=C5 ❌  | doremi: gt=do pred=do# ❌
    [ 600/800]   C3 organ  | midi: gt=48 pred=48 ✅  | spn: gt=C3 pred=C5 ❌  | doremi: gt=do pred=sol ❌
    [ 601/800]   C3 organ  | midi: gt=48 pred=58 ❌  | spn: gt=C3 pred=C5 ❌  | doremi: gt=do pred=do# ❌
    [ 602/800]   C3 organ  | midi: gt=48 pred=48 ✅  | spn: gt=C3 pred=C5 ❌  | doremi: gt=do pred=sol ❌
    [ 603/800]  F#3 organ  | midi: gt=54 pred=58 ❌  | spn: gt=F#3 pred=F5 ❌  | doremi: gt=fa# pred=la# ❌
    [ 604/800]  F#3 organ  | midi: gt=54 pred=66 ❌  | spn: gt=F#3 pred=F5 ❌  | doremi: gt=fa# pred=re# ❌
    [ 605/800]  F#3 organ  | midi: gt=54 pred=54 ✅  | spn: gt=F#3 pred=F#5 ❌  | doremi: gt=fa# pred=la# ❌
    [ 606/800]  F#3 organ  | midi: gt=54 pred=66 ❌  | spn: gt=F#3 pred=F5 ❌  | doremi: gt=fa# pred=re# ❌
    [ 607/800]   C4 organ  | midi: gt=60 pred=58 ❌  | spn: gt=C4 pred=C5 ❌  | doremi: gt=do pred=do# ❌
    [ 608/800]   C4 organ  | midi: gt=60 pred=60 ✅  | spn: gt=C4 pred=C5 ❌  | doremi: gt=do pred=fa# ❌
    [ 609/800]   C4 organ  | midi: gt=60 pred=58 ❌  | spn: gt=C4 pred=C5 ❌  | doremi: gt=do pred=do# ❌
    [ 610/800]   C4 organ  | midi: gt=60 pred=60 ✅  | spn: gt=C4 pred=C5 ❌  | doremi: gt=do pred=fa# ❌
    [ 611/800]   E4 organ  | midi: gt=64 pred=59 ❌  | spn: gt=E4 pred=C5 ❌  | doremi: gt=mi pred=fa# ❌
    [ 612/800]   E4 organ  | midi: gt=64 pred=64 ✅  | spn: gt=E4 pred=E5 ❌  | doremi: gt=mi pred=re# ❌
    [ 613/800]   A4 organ  | midi: gt=69 pred=58 ❌  | spn: gt=A4 pred=C5 ❌  | doremi: gt=la pred=fa# ❌
    [ 614/800]   A4 organ  | midi: gt=69 pred=69 ✅  | spn: gt=A4 pred=A5 ❌  | doremi: gt=la pred=la ✅
    [ 615/800]   A4 organ  | midi: gt=69 pred=58 ❌  | spn: gt=A4 pred=C5 ❌  | doremi: gt=la pred=fa# ❌
    [ 616/800]   A4 organ  | midi: gt=69 pred=69 ✅  | spn: gt=A4 pred=A5 ❌  | doremi: gt=la pred=la ✅
    [ 617/800]   A4 organ  | midi: gt=69 pred=58 ❌  | spn: gt=A4 pred=C5 ❌  | doremi: gt=la pred=fa# ❌
    [ 618/800]   A4 organ  | midi: gt=69 pred=69 ✅  | spn: gt=A4 pred=A5 ❌  | doremi: gt=la pred=la ✅
    [ 619/800]   G5 organ  | midi: gt=79 pred=58 ❌  | spn: gt=G5 pred=C5 ❌  | doremi: gt=sol pred=fa# ❌
    [ 620/800]   G5 organ  | midi: gt=79 pred=69 ❌  | spn: gt=G5 pred=C5 ❌  | doremi: gt=sol pred=fa# ❌
    [ 621/800]   E6 organ  | midi: gt=88 pred=58 ❌  | spn: gt=E6 pred=C5 ❌  | doremi: gt=mi pred=fa# ❌
    [ 622/800]   E6 organ  | midi: gt=88 pred=86 ❌  | spn: gt=E6 pred=E5 ❌  | doremi: gt=mi pred=la ❌
    [ 623/800]   G2 bass  | midi: gt=43 pred=58 ❌  | spn: gt=G2 pred=C5 ❌  | doremi: gt=sol pred=sol ✅
    [ 624/800]   G2 bass  | midi: gt=43 pred=43 ✅  | spn: gt=G2 pred=F#2 ❌  | doremi: gt=sol pred=fa# ❌
    [ 625/800]   G2 bass  | midi: gt=43 pred=58 ❌  | spn: gt=G2 pred=C5 ❌  | doremi: gt=sol pred=sol ✅
    [ 626/800]   G2 bass  | midi: gt=43 pred=43 ✅  | spn: gt=G2 pred=F#2 ❌  | doremi: gt=sol pred=fa# ❌
    [ 627/800]   C3 bass  | midi: gt=48 pred=58 ❌  | spn: gt=C3 pred=C5 ❌  | doremi: gt=do pred=do# ❌
    [ 628/800]   C3 bass  | midi: gt=48 pred=48 ✅  | spn: gt=C3 pred=C4 ❌  | doremi: gt=do pred=fa# ❌
    [ 629/800]  F#3 bass  | midi: gt=54 pred=58 ❌  | spn: gt=F#3 pred=F#5 ❌  | doremi: gt=fa# pred=la# ❌
    [ 630/800]  F#3 bass  | midi: gt=54 pred=54 ✅  | spn: gt=F#3 pred=C5 ❌  | doremi: gt=fa# pred=fa# ✅
    [ 631/800]  F#3 bass  | midi: gt=54 pred=58 ❌  | spn: gt=F#3 pred=F5 ❌  | doremi: gt=fa# pred=la# ❌
    [ 632/800]  F#3 bass  | midi: gt=54 pred=54 ✅  | spn: gt=F#3 pred=C5 ❌  | doremi: gt=fa# pred=fa# ✅
    [ 633/800]   C4 bass  | midi: gt=60 pred=53 ❌  | spn: gt=C4 pred=C5 ❌  | doremi: gt=do pred=do# ❌
    [ 634/800]   C4 bass  | midi: gt=60 pred=60 ✅  | spn: gt=C4 pred=C4 ✅  | doremi: gt=do pred=fa# ❌
    [ 635/800]   C4 bass  | midi: gt=60 pred=58 ❌  | spn: gt=C4 pred=C5 ❌  | doremi: gt=do pred=do# ❌
    [ 636/800]   C4 bass  | midi: gt=60 pred=60 ✅  | spn: gt=C4 pred=C4 ✅  | doremi: gt=do pred=fa# ❌
    [ 637/800]   E4 bass  | midi: gt=64 pred=58 ❌  | spn: gt=E4 pred=C5 ❌  | doremi: gt=mi pred=fa# ❌
    [ 638/800]   E4 bass  | midi: gt=64 pred=64 ✅  | spn: gt=E4 pred=C5 ❌  | doremi: gt=mi pred=la ❌
    [ 639/800]   E4 bass  | midi: gt=64 pred=58 ❌  | spn: gt=E4 pred=C5 ❌  | doremi: gt=mi pred=fa# ❌
    [ 640/800]   E4 bass  | midi: gt=64 pred=64 ✅  | spn: gt=E4 pred=C5 ❌  | doremi: gt=mi pred=la ❌
    [ 641/800]   E4 bass  | midi: gt=64 pred=58 ❌  | spn: gt=E4 pred=C5 ❌  | doremi: gt=mi pred=fa# ❌
    [ 642/800]   E4 bass  | midi: gt=64 pred=64 ✅  | spn: gt=E4 pred=C5 ❌  | doremi: gt=mi pred=la ❌
    [ 643/800]   G5 bass  | midi: gt=79 pred=58 ❌  | spn: gt=G5 pred=C5 ❌  | doremi: gt=sol pred=sol ✅
    [ 644/800]   G5 bass  | midi: gt=79 pred=67 ❌  | spn: gt=G5 pred=C7 ❌  | doremi: gt=sol pred=fa# ❌
    [ 645/800]   G5 bass  | midi: gt=79 pred=58 ❌  | spn: gt=G5 pred=C5 ❌  | doremi: gt=sol pred=sol ✅
    [ 646/800]   G5 bass  | midi: gt=79 pred=67 ❌  | spn: gt=G5 pred=C7 ❌  | doremi: gt=sol pred=fa# ❌
    [ 647/800]   G5 bass  | midi: gt=79 pred=58 ❌  | spn: gt=G5 pred=C5 ❌  | doremi: gt=sol pred=sol ✅
    [ 648/800]   G5 bass  | midi: gt=79 pred=67 ❌  | spn: gt=G5 pred=C7 ❌  | doremi: gt=sol pred=fa# ❌
    [ 649/800]   E6 bass  | midi: gt=88 pred=58 ❌  | spn: gt=E6 pred=C5 ❌  | doremi: gt=mi pred=fa# ❌
    [ 650/800]   E6 bass  | midi: gt=88 pred=88 ✅  | spn: gt=E6 pred=F7 ❌  | doremi: gt=mi pred=fa# ❌
    [ 651/800]   C2 synth_lead  | midi: gt=36 pred=58 ❌  | spn: gt=C2 pred=C5 ❌  | doremi: gt=do pred=fa# ❌
    [ 652/800]   C2 synth_lead  | midi: gt=36 pred=45 ❌  | spn: gt=C2 pred=C5 ❌  | doremi: gt=do pred=fa# ❌
    [ 653/800]   C2 synth_lead  | midi: gt=36 pred=58 ❌  | spn: gt=C2 pred=C5 ❌  | doremi: gt=do pred=fa# ❌
    [ 654/800]   C2 synth_lead  | midi: gt=36 pred=45 ❌  | spn: gt=C2 pred=C5 ❌  | doremi: gt=do pred=fa# ❌
    [ 655/800]   G2 synth_lead  | midi: gt=43 pred=58 ❌  | spn: gt=G2 pred=C5 ❌  | doremi: gt=sol pred=fa# ❌
    [ 656/800]   G2 synth_lead  | midi: gt=43 pred=43 ✅  | spn: gt=G2 pred=C5 ❌  | doremi: gt=sol pred=fa# ❌
    [ 657/800]   G2 synth_lead  | midi: gt=43 pred=58 ❌  | spn: gt=G2 pred=C5 ❌  | doremi: gt=sol pred=fa# ❌
    [ 658/800]   G2 synth_lead  | midi: gt=43 pred=43 ✅  | spn: gt=G2 pred=C5 ❌  | doremi: gt=sol pred=fa# ❌
    [ 659/800]   C3 synth_lead  | midi: gt=48 pred=58 ❌  | spn: gt=C3 pred=C5 ❌  | doremi: gt=do pred=sol ❌
    [ 660/800]   C3 synth_lead  | midi: gt=48 pred=48 ✅  | spn: gt=C3 pred=C5 ❌  | doremi: gt=do pred=fa# ❌
    [ 661/800]   C3 synth_lead  | midi: gt=48 pred=58 ❌  | spn: gt=C3 pred=C5 ❌  | doremi: gt=do pred=fa# ❌
    [ 662/800]   C3 synth_lead  | midi: gt=48 pred=48 ✅  | spn: gt=C3 pred=C5 ❌  | doremi: gt=do pred=fa# ❌
    [ 663/800]   C3 synth_lead  | midi: gt=48 pred=58 ❌  | spn: gt=C3 pred=C5 ❌  | doremi: gt=do pred=fa# ❌
    [ 664/800]   C3 synth_lead  | midi: gt=48 pred=48 ✅  | spn: gt=C3 pred=C5 ❌  | doremi: gt=do pred=fa# ❌
    [ 665/800]  F#3 synth_lead  | midi: gt=54 pred=58 ❌  | spn: gt=F#3 pred=C5 ❌  | doremi: gt=fa# pred=fa# ✅
    [ 666/800]  F#3 synth_lead  | midi: gt=54 pred=54 ✅  | spn: gt=F#3 pred=C5 ❌  | doremi: gt=fa# pred=fa# ✅
    [ 667/800]  F#3 synth_lead  | midi: gt=54 pred=58 ❌  | spn: gt=F#3 pred=F5 ❌  | doremi: gt=fa# pred=la# ❌
    [ 668/800]  F#3 synth_lead  | midi: gt=54 pred=54 ✅  | spn: gt=F#3 pred=C5 ❌  | doremi: gt=fa# pred=fa# ✅
    [ 669/800]  F#3 synth_lead  | midi: gt=54 pred=58 ❌  | spn: gt=F#3 pred=F5 ❌  | doremi: gt=fa# pred=la# ❌
    [ 670/800]  F#3 synth_lead  | midi: gt=54 pred=54 ✅  | spn: gt=F#3 pred=C5 ❌  | doremi: gt=fa# pred=fa# ✅
    [ 671/800]  F#3 synth_lead  | midi: gt=54 pred=58 ❌  | spn: gt=F#3 pred=C5 ❌  | doremi: gt=fa# pred=la# ❌
    [ 672/800]  F#3 synth_lead  | midi: gt=54 pred=54 ✅  | spn: gt=F#3 pred=C5 ❌  | doremi: gt=fa# pred=fa# ✅
    [ 673/800]   C4 synth_lead  | midi: gt=60 pred=58 ❌  | spn: gt=C4 pred=C5 ❌  | doremi: gt=do pred=do# ❌
    [ 674/800]   C4 synth_lead  | midi: gt=60 pred=60 ✅  | spn: gt=C4 pred=C5 ❌  | doremi: gt=do pred=fa# ❌
    [ 675/800]   C4 synth_lead  | midi: gt=60 pred=53 ❌  | spn: gt=C4 pred=C5 ❌  | doremi: gt=do pred=do# ❌
    [ 676/800]   C4 synth_lead  | midi: gt=60 pred=60 ✅  | spn: gt=C4 pred=C5 ❌  | doremi: gt=do pred=fa# ❌
    [ 677/800]   E4 synth_lead  | midi: gt=64 pred=58 ❌  | spn: gt=E4 pred=C5 ❌  | doremi: gt=mi pred=fa# ❌
    [ 678/800]   E4 synth_lead  | midi: gt=64 pred=64 ✅  | spn: gt=E4 pred=E5 ❌  | doremi: gt=mi pred=fa# ❌
    [ 679/800]   E4 synth_lead  | midi: gt=64 pred=58 ❌  | spn: gt=E4 pred=C5 ❌  | doremi: gt=mi pred=fa# ❌
    [ 680/800]   E4 synth_lead  | midi: gt=64 pred=64 ✅  | spn: gt=E4 pred=E5 ❌  | doremi: gt=mi pred=fa# ❌
    [ 681/800]   E4 synth_lead  | midi: gt=64 pred=58 ❌  | spn: gt=E4 pred=C5 ❌  | doremi: gt=mi pred=fa# ❌
    [ 682/800]   E4 synth_lead  | midi: gt=64 pred=64 ✅  | spn: gt=E4 pred=E5 ❌  | doremi: gt=mi pred=fa# ❌
    [ 683/800]   A4 synth_lead  | midi: gt=69 pred=58 ❌  | spn: gt=A4 pred=C5 ❌  | doremi: gt=la pred=fa# ❌
    [ 684/800]   A4 synth_lead  | midi: gt=69 pred=69 ✅  | spn: gt=A4 pred=C5 ❌  | doremi: gt=la pred=fa# ❌
    [ 685/800]   G5 synth_lead  | midi: gt=79 pred=58 ❌  | spn: gt=G5 pred=C5 ❌  | doremi: gt=sol pred=fa# ❌
    [ 686/800]   G5 synth_lead  | midi: gt=79 pred=68 ❌  | spn: gt=G5 pred=C5 ❌  | doremi: gt=sol pred=fa# ❌
    [ 687/800]   G5 synth_lead  | midi: gt=79 pred=58 ❌  | spn: gt=G5 pred=C5 ❌  | doremi: gt=sol pred=fa# ❌
    [ 688/800]   G5 synth_lead  | midi: gt=79 pred=68 ❌  | spn: gt=G5 pred=C5 ❌  | doremi: gt=sol pred=fa# ❌
    [ 689/800]   E6 synth_lead  | midi: gt=88 pred=58 ❌  | spn: gt=E6 pred=C5 ❌  | doremi: gt=mi pred=fa# ❌
    [ 690/800]   E6 synth_lead  | midi: gt=88 pred=69 ❌  | spn: gt=E6 pred=C5 ❌  | doremi: gt=mi pred=fa# ❌
    [ 691/800]  F#1 synth_pad  | midi: gt=30 pred=58 ❌  | spn: gt=F#1 pred=C5 ❌  | doremi: gt=fa# pred=fa# ✅
    [ 692/800]  F#1 synth_pad  | midi: gt=30 pred=36 ❌  | spn: gt=F#1 pred=C5 ❌  | doremi: gt=fa# pred=fa# ✅
    [ 693/800]  F#1 synth_pad  | midi: gt=30 pred=58 ❌  | spn: gt=F#1 pred=C5 ❌  | doremi: gt=fa# pred=fa# ✅
    [ 694/800]  F#1 synth_pad  | midi: gt=30 pred=36 ❌  | spn: gt=F#1 pred=C5 ❌  | doremi: gt=fa# pred=fa# ✅
    [ 695/800]   C2 synth_pad  | midi: gt=36 pred=58 ❌  | spn: gt=C2 pred=C5 ❌  | doremi: gt=do pred=do# ❌
    [ 696/800]   C2 synth_pad  | midi: gt=36 pred=63 ❌  | spn: gt=C2 pred=C5 ❌  | doremi: gt=do pred=fa# ❌
    [ 697/800]   C2 synth_pad  | midi: gt=36 pred=58 ❌  | spn: gt=C2 pred=C5 ❌  | doremi: gt=do pred=do# ❌
    [ 698/800]   C2 synth_pad  | midi: gt=36 pred=63 ❌  | spn: gt=C2 pred=C5 ❌  | doremi: gt=do pred=fa# ❌
    [ 699/800]   C2 synth_pad  | midi: gt=36 pred=58 ❌  | spn: gt=C2 pred=C5 ❌  | doremi: gt=do pred=do# ❌
    [ 700/800]   C2 synth_pad  | midi: gt=36 pred=63 ❌  | spn: gt=C2 pred=C5 ❌  | doremi: gt=do pred=fa# ❌
    [ 701/800]   C2 synth_pad  | midi: gt=36 pred=58 ❌  | spn: gt=C2 pred=C5 ❌  | doremi: gt=do pred=do# ❌
    [ 702/800]   C2 synth_pad  | midi: gt=36 pred=63 ❌  | spn: gt=C2 pred=C5 ❌  | doremi: gt=do pred=fa# ❌
    [ 703/800]   C2 synth_pad  | midi: gt=36 pred=58 ❌  | spn: gt=C2 pred=C5 ❌  | doremi: gt=do pred=do# ❌
    [ 704/800]   C2 synth_pad  | midi: gt=36 pred=63 ❌  | spn: gt=C2 pred=C5 ❌  | doremi: gt=do pred=fa# ❌
    [ 705/800]   G2 synth_pad  | midi: gt=43 pred=58 ❌  | spn: gt=G2 pred=C5 ❌  | doremi: gt=sol pred=sol ✅
    [ 706/800]   G2 synth_pad  | midi: gt=43 pred=63 ❌  | spn: gt=G2 pred=G2 ✅  | doremi: gt=sol pred=fa# ❌
    [ 707/800]   G2 synth_pad  | midi: gt=43 pred=58 ❌  | spn: gt=G2 pred=C5 ❌  | doremi: gt=sol pred=sol ✅
    [ 708/800]   G2 synth_pad  | midi: gt=43 pred=63 ❌  | spn: gt=G2 pred=G2 ✅  | doremi: gt=sol pred=fa# ❌
    [ 709/800]   G2 synth_pad  | midi: gt=43 pred=58 ❌  | spn: gt=G2 pred=G2 ✅  | doremi: gt=sol pred=sol ✅
    [ 710/800]   G2 synth_pad  | midi: gt=43 pred=63 ❌  | spn: gt=G2 pred=G2 ✅  | doremi: gt=sol pred=fa# ❌
    [ 711/800]   C3 synth_pad  | midi: gt=48 pred=58 ❌  | spn: gt=C3 pred=C5 ❌  | doremi: gt=do pred=do# ❌
    [ 712/800]   C3 synth_pad  | midi: gt=48 pred=48 ✅  | spn: gt=C3 pred=C5 ❌  | doremi: gt=do pred=fa# ❌
    [ 713/800]   C3 synth_pad  | midi: gt=48 pred=58 ❌  | spn: gt=C3 pred=C5 ❌  | doremi: gt=do pred=do# ❌
    [ 714/800]   C3 synth_pad  | midi: gt=48 pred=48 ✅  | spn: gt=C3 pred=C5 ❌  | doremi: gt=do pred=fa# ❌
    [ 715/800]   C3 synth_pad  | midi: gt=48 pred=58 ❌  | spn: gt=C3 pred=C5 ❌  | doremi: gt=do pred=do# ❌
    [ 716/800]   C3 synth_pad  | midi: gt=48 pred=48 ✅  | spn: gt=C3 pred=C5 ❌  | doremi: gt=do pred=fa# ❌
    [ 717/800]  F#3 synth_pad  | midi: gt=54 pred=58 ❌  | spn: gt=F#3 pred=F#5 ❌  | doremi: gt=fa# pred=la# ❌
    [ 718/800]  F#3 synth_pad  | midi: gt=54 pred=65 ❌  | spn: gt=F#3 pred=C5 ❌  | doremi: gt=fa# pred=fa# ✅
    [ 719/800]  F#3 synth_pad  | midi: gt=54 pred=54 ✅  | spn: gt=F#3 pred=F#5 ❌  | doremi: gt=fa# pred=la# ❌
    [ 720/800]  F#3 synth_pad  | midi: gt=54 pred=65 ❌  | spn: gt=F#3 pred=C5 ❌  | doremi: gt=fa# pred=fa# ✅
    [ 721/800]  F#3 synth_pad  | midi: gt=54 pred=58 ❌  | spn: gt=F#3 pred=F5 ❌  | doremi: gt=fa# pred=la# ❌
    [ 722/800]  F#3 synth_pad  | midi: gt=54 pred=65 ❌  | spn: gt=F#3 pred=C5 ❌  | doremi: gt=fa# pred=fa# ✅
    [ 723/800]  F#3 synth_pad  | midi: gt=54 pred=54 ✅  | spn: gt=F#3 pred=F#5 ❌  | doremi: gt=fa# pred=la# ❌
    [ 724/800]  F#3 synth_pad  | midi: gt=54 pred=65 ❌  | spn: gt=F#3 pred=C5 ❌  | doremi: gt=fa# pred=fa# ✅
    [ 725/800]  F#3 synth_pad  | midi: gt=54 pred=58 ❌  | spn: gt=F#3 pred=F#5 ❌  | doremi: gt=fa# pred=la# ❌
    [ 726/800]  F#3 synth_pad  | midi: gt=54 pred=65 ❌  | spn: gt=F#3 pred=C5 ❌  | doremi: gt=fa# pred=fa# ✅
    [ 727/800]  F#3 synth_pad  | midi: gt=54 pred=54 ✅  | spn: gt=F#3 pred=F#5 ❌  | doremi: gt=fa# pred=la# ❌
    [ 728/800]  F#3 synth_pad  | midi: gt=54 pred=65 ❌  | spn: gt=F#3 pred=C5 ❌  | doremi: gt=fa# pred=fa# ✅
    [ 729/800]   C4 synth_pad  | midi: gt=60 pred=58 ❌  | spn: gt=C4 pred=C5 ❌  | doremi: gt=do pred=do# ❌
    [ 730/800]   C4 synth_pad  | midi: gt=60 pred=64 ❌  | spn: gt=C4 pred=C5 ❌  | doremi: gt=do pred=fa# ❌
    [ 731/800]   C4 synth_pad  | midi: gt=60 pred=58 ❌  | spn: gt=C4 pred=C5 ❌  | doremi: gt=do pred=do# ❌
    [ 732/800]   C4 synth_pad  | midi: gt=60 pred=64 ❌  | spn: gt=C4 pred=C5 ❌  | doremi: gt=do pred=fa# ❌
    [ 733/800]   E4 synth_pad  | midi: gt=64 pred=58 ❌  | spn: gt=E4 pred=C5 ❌  | doremi: gt=mi pred=fa# ❌
    [ 734/800]   E4 synth_pad  | midi: gt=64 pred=65 ❌  | spn: gt=E4 pred=A5 ❌  | doremi: gt=mi pred=fa# ❌
    [ 735/800]   E4 synth_pad  | midi: gt=64 pred=58 ❌  | spn: gt=E4 pred=C5 ❌  | doremi: gt=mi pred=fa# ❌
    [ 736/800]   E4 synth_pad  | midi: gt=64 pred=65 ❌  | spn: gt=E4 pred=A5 ❌  | doremi: gt=mi pred=fa# ❌
    [ 737/800]   E4 synth_pad  | midi: gt=64 pred=58 ❌  | spn: gt=E4 pred=C5 ❌  | doremi: gt=mi pred=fa# ❌
    [ 738/800]   E4 synth_pad  | midi: gt=64 pred=65 ❌  | spn: gt=E4 pred=A5 ❌  | doremi: gt=mi pred=fa# ❌
    [ 739/800]   A4 synth_pad  | midi: gt=69 pred=58 ❌  | spn: gt=A4 pred=C5 ❌  | doremi: gt=la pred=fa# ❌
    [ 740/800]   A4 synth_pad  | midi: gt=69 pred=69 ✅  | spn: gt=A4 pred=A5 ❌  | doremi: gt=la pred=fa# ❌
    [ 741/800]   G5 synth_pad  | midi: gt=79 pred=58 ❌  | spn: gt=G5 pred=C5 ❌  | doremi: gt=sol pred=sol ✅
    [ 742/800]   G5 synth_pad  | midi: gt=79 pred=69 ❌  | spn: gt=G5 pred=G5 ✅  | doremi: gt=sol pred=fa# ❌
    [ 743/800]   G5 synth_pad  | midi: gt=79 pred=58 ❌  | spn: gt=G5 pred=C5 ❌  | doremi: gt=sol pred=sol ✅
    [ 744/800]   G5 synth_pad  | midi: gt=79 pred=69 ❌  | spn: gt=G5 pred=G5 ✅  | doremi: gt=sol pred=fa# ❌
    [ 745/800]   G5 synth_pad  | midi: gt=79 pred=58 ❌  | spn: gt=G5 pred=C5 ❌  | doremi: gt=sol pred=sol ✅
    [ 746/800]   G5 synth_pad  | midi: gt=79 pred=69 ❌  | spn: gt=G5 pred=G5 ✅  | doremi: gt=sol pred=fa# ❌
    [ 747/800]   G5 synth_pad  | midi: gt=79 pred=58 ❌  | spn: gt=G5 pred=C5 ❌  | doremi: gt=sol pred=sol ✅
    [ 748/800]   G5 synth_pad  | midi: gt=79 pred=69 ❌  | spn: gt=G5 pred=G5 ✅  | doremi: gt=sol pred=fa# ❌
    [ 749/800]   E6 synth_pad  | midi: gt=88 pred=58 ❌  | spn: gt=E6 pred=C5 ❌  | doremi: gt=mi pred=fa# ❌
    [ 750/800]   E6 synth_pad  | midi: gt=88 pred=69 ❌  | spn: gt=E6 pred=C5 ❌  | doremi: gt=mi pred=fa# ❌
    [ 751/800]   E6 synth_pad  | midi: gt=88 pred=58 ❌  | spn: gt=E6 pred=C5 ❌  | doremi: gt=mi pred=fa# ❌
    [ 752/800]   E6 synth_pad  | midi: gt=88 pred=69 ❌  | spn: gt=E6 pred=C5 ❌  | doremi: gt=mi pred=fa# ❌
    [ 753/800]   E6 synth_pad  | midi: gt=88 pred=58 ❌  | spn: gt=E6 pred=C5 ❌  | doremi: gt=mi pred=fa# ❌
    [ 754/800]   E6 synth_pad  | midi: gt=88 pred=69 ❌  | spn: gt=E6 pred=C5 ❌  | doremi: gt=mi pred=fa# ❌
    [ 755/800]  F#1 voice  | midi: gt=30 pred=58 ❌  | spn: gt=F#1 pred=C5 ❌  | doremi: gt=fa# pred=fa# ✅
    [ 756/800]  F#1 voice  | midi: gt=30 pred=36 ❌  | spn: gt=F#1 pred=C2 ❌  | doremi: gt=fa# pred=fa# ✅
    [ 757/800]  F#1 voice  | midi: gt=30 pred=58 ❌  | spn: gt=F#1 pred=C5 ❌  | doremi: gt=fa# pred=fa# ✅
    [ 758/800]  F#1 voice  | midi: gt=30 pred=36 ❌  | spn: gt=F#1 pred=C2 ❌  | doremi: gt=fa# pred=fa# ✅
    [ 759/800]   C2 voice  | midi: gt=36 pred=58 ❌  | spn: gt=C2 pred=C5 ❌  | doremi: gt=do pred=fa# ❌
    [ 760/800]   C2 voice  | midi: gt=36 pred=48 ❌  | spn: gt=C2 pred=C2 ✅  | doremi: gt=do pred=fa# ❌
    [ 761/800]   C2 voice  | midi: gt=36 pred=58 ❌  | spn: gt=C2 pred=C5 ❌  | doremi: gt=do pred=fa# ❌
    [ 762/800]   C2 voice  | midi: gt=36 pred=48 ❌  | spn: gt=C2 pred=C2 ✅  | doremi: gt=do pred=fa# ❌
    [ 763/800]   G2 voice  | midi: gt=43 pred=58 ❌  | spn: gt=G2 pred=C5 ❌  | doremi: gt=sol pred=sol ✅
    [ 764/800]   G2 voice  | midi: gt=43 pred=63 ❌  | spn: gt=G2 pred=G2 ✅  | doremi: gt=sol pred=fa# ❌
    [ 765/800]   G2 voice  | midi: gt=43 pred=58 ❌  | spn: gt=G2 pred=C5 ❌  | doremi: gt=sol pred=sol ✅
    [ 766/800]   G2 voice  | midi: gt=43 pred=63 ❌  | spn: gt=G2 pred=G2 ✅  | doremi: gt=sol pred=fa# ❌
    [ 767/800]   G2 voice  | midi: gt=43 pred=58 ❌  | spn: gt=G2 pred=C5 ❌  | doremi: gt=sol pred=sol ✅
    [ 768/800]   G2 voice  | midi: gt=43 pred=63 ❌  | spn: gt=G2 pred=G2 ✅  | doremi: gt=sol pred=fa# ❌
    [ 769/800]  F#3 voice  | midi: gt=54 pred=58 ❌  | spn: gt=F#3 pred=C5 ❌  | doremi: gt=fa# pred=fa# ✅
    [ 770/800]  F#3 voice  | midi: gt=54 pred=65 ❌  | spn: gt=F#3 pred=C5 ❌  | doremi: gt=fa# pred=sol ❌
    [ 771/800]  F#3 voice  | midi: gt=54 pred=58 ❌  | spn: gt=F#3 pred=C5 ❌  | doremi: gt=fa# pred=la# ❌
    [ 772/800]  F#3 voice  | midi: gt=54 pred=65 ❌  | spn: gt=F#3 pred=C5 ❌  | doremi: gt=fa# pred=sol ❌
    [ 773/800]  F#3 voice  | midi: gt=54 pred=58 ❌  | spn: gt=F#3 pred=F5 ❌  | doremi: gt=fa# pred=fa# ✅
    [ 774/800]  F#3 voice  | midi: gt=54 pred=65 ❌  | spn: gt=F#3 pred=C5 ❌  | doremi: gt=fa# pred=sol ❌
    [ 775/800]  F#3 voice  | midi: gt=54 pred=58 ❌  | spn: gt=F#3 pred=F5 ❌  | doremi: gt=fa# pred=la# ❌
    [ 776/800]  F#3 voice  | midi: gt=54 pred=65 ❌  | spn: gt=F#3 pred=C5 ❌  | doremi: gt=fa# pred=sol ❌
    [ 777/800]  F#3 voice  | midi: gt=54 pred=58 ❌  | spn: gt=F#3 pred=C5 ❌  | doremi: gt=fa# pred=fa# ✅
    [ 778/800]  F#3 voice  | midi: gt=54 pred=65 ❌  | spn: gt=F#3 pred=C5 ❌  | doremi: gt=fa# pred=sol ❌
    [ 779/800]   C4 voice  | midi: gt=60 pred=58 ❌  | spn: gt=C4 pred=C5 ❌  | doremi: gt=do pred=sol ❌
    [ 780/800]   C4 voice  | midi: gt=60 pred=63 ❌  | spn: gt=C4 pred=C5 ❌  | doremi: gt=do pred=sol ❌
    [ 781/800]   C4 voice  | midi: gt=60 pred=58 ❌  | spn: gt=C4 pred=C5 ❌  | doremi: gt=do pred=do# ❌
    [ 782/800]   C4 voice  | midi: gt=60 pred=63 ❌  | spn: gt=C4 pred=C5 ❌  | doremi: gt=do pred=sol ❌
    [ 783/800]   C4 voice  | midi: gt=60 pred=58 ❌  | spn: gt=C4 pred=C5 ❌  | doremi: gt=do pred=do# ❌
    [ 784/800]   C4 voice  | midi: gt=60 pred=63 ❌  | spn: gt=C4 pred=C5 ❌  | doremi: gt=do pred=sol ❌
    [ 785/800]   E4 voice  | midi: gt=64 pred=58 ❌  | spn: gt=E4 pred=C5 ❌  | doremi: gt=mi pred=fa# ❌
    [ 786/800]   E4 voice  | midi: gt=64 pred=64 ✅  | spn: gt=E4 pred=E5 ❌  | doremi: gt=mi pred=re# ❌
    [ 787/800]   E4 voice  | midi: gt=64 pred=58 ❌  | spn: gt=E4 pred=C5 ❌  | doremi: gt=mi pred=fa# ❌
    [ 788/800]   E4 voice  | midi: gt=64 pred=64 ✅  | spn: gt=E4 pred=E5 ❌  | doremi: gt=mi pred=re# ❌
    [ 789/800]   A4 voice  | midi: gt=69 pred=58 ❌  | spn: gt=A4 pred=C5 ❌  | doremi: gt=la pred=sol ❌
    [ 790/800]   A4 voice  | midi: gt=69 pred=69 ✅  | spn: gt=A4 pred=C5 ❌  | doremi: gt=la pred=fa# ❌
    [ 791/800]   A4 voice  | midi: gt=69 pred=58 ❌  | spn: gt=A4 pred=C5 ❌  | doremi: gt=la pred=sol ❌
    [ 792/800]   A4 voice  | midi: gt=69 pred=69 ✅  | spn: gt=A4 pred=C5 ❌  | doremi: gt=la pred=fa# ❌
    [ 793/800]   G5 voice  | midi: gt=79 pred=58 ❌  | spn: gt=G5 pred=C5 ❌  | doremi: gt=sol pred=fa# ❌
    [ 794/800]   G5 voice  | midi: gt=79 pred=67 ❌  | spn: gt=G5 pred=C5 ❌  | doremi: gt=sol pred=re# ❌
    [ 795/800]   G5 voice  | midi: gt=79 pred=58 ❌  | spn: gt=G5 pred=C5 ❌  | doremi: gt=sol pred=fa# ❌
    [ 796/800]   G5 voice  | midi: gt=79 pred=67 ❌  | spn: gt=G5 pred=C5 ❌  | doremi: gt=sol pred=re# ❌
    [ 797/800]   E6 voice  | midi: gt=88 pred=58 ❌  | spn: gt=E6 pred=C5 ❌  | doremi: gt=mi pred=fa# ❌
    [ 798/800]   E6 voice  | midi: gt=88 pred=86 ❌  | spn: gt=E6 pred=E5 ❌  | doremi: gt=mi pred=la ❌
    [ 799/800]   E6 voice  | midi: gt=88 pred=58 ❌  | spn: gt=E6 pred=C5 ❌  | doremi: gt=mi pred=fa# ❌
    [ 800/800]   E6 voice  | midi: gt=88 pred=86 ❌  | spn: gt=E6 pred=E5 ❌  | doremi: gt=mi pred=la ❌

============================================================
SUMMARY — audio_flamingo_next_instruct
  Sampling     : 400 of 3040 (stratified by '(midi, pos_ms)', seed=42)
  Stimuli (total)     : 800
  Stimuli (condition) : 400
  Stimuli (baseline)  : 400

    Metric  Condition   Baseline
  ────────────────────────────────
      MIDI       2.5%      51.7%
       SPN       2.5%      17.0%
    DOREMI      20.2%      21.5%
        HZ       0.2%       0.0%
       ANY      23.2%      69.0%

  Headline 'accuracy' is computed on the condition subset only (see CatBSpec.primary_filter).

  *** WARNING: working tree has uncommitted changes — results will NOT be exactly reproducible from git_commit alone ***


Results saved → results/run_20260505_112814/pitchbench_b1_pitch_in_silence/run_001_20260505_114551/results_audio_flamingo_next_instruct.*

############################################################
# pitchbench_b2_onset_offset_single
############################################################

Experiment : pitchbench_b2_onset_offset_single
Models     : audio_flamingo_next_instruct
Stimuli    : 80
  Sampling     : 80 of 3040 (stratified by '(pos_ms, duration_ms)', seed=42)

  Model : Audio Flamingo Next – instruct
    [dispatch] 80 items, max_workers=1
    [   1/80]   C3 synth_lead  gt=n_gt=2  pred=n_pred=2  ❌
    [   2/80]   G5 square  gt=n_gt=2  pred=n_pred=2  ❌
    [   3/80]   E4 sine  gt=n_gt=2  pred=n_pred=2  ❌
    [   4/80]   E6 voice  gt=n_gt=2  pred=n_pred=2  ❌
    [   5/80]  F#1 flute  gt=n_gt=2  pred=n_pred=2  ❌
    [   6/80]   G2 guitar  gt=n_gt=2  pred=n_pred=2  ❌
    [   7/80]   A4 electric_keyboard  gt=n_gt=2  pred=n_pred=2  ❌
    [   8/80]   C4 triangle  gt=n_gt=2  pred=n_pred=2  ❌
    [   9/80]   G5 voice  gt=n_gt=2  pred=n_pred=2  ❌
    [  10/80]   E4 square  gt=n_gt=2  pred=n_pred=2  ❌
    [  11/80]   C3 synth_pad  gt=n_gt=2  pred=n_pred=2  ❌
    [  12/80]   E6 voice  gt=n_gt=2  pred=n_pred=2  ❌
    [  13/80]   E6 cello  gt=n_gt=2  pred=n_pred=2  ❌
    [  14/80]   G2 square  gt=n_gt=2  pred=n_pred=2  ❌
    [  15/80]   C2 bass  gt=n_gt=2  pred=n_pred=2  ❌
    [  16/80]   G5 clarinet  gt=n_gt=2  pred=n_pred=2  ❌
    [  17/80]   G5 sine  gt=n_gt=2  pred=n_pred=2  ❌
    [  18/80]   A4 sine  gt=n_gt=2  pred=n_pred=2  ❌
    [  19/80]   C3 square  gt=n_gt=2  pred=n_pred=2  ❌
    [  20/80]   C4 electric_keyboard  gt=n_gt=2  pred=n_pred=2  ❌
    [  21/80]   E6 electric_keyboard  gt=n_gt=2  pred=n_pred=2  ❌
    [  22/80]   E6 violin  gt=n_gt=2  pred=n_pred=2  ❌
    [  23/80]  F#3 bass  gt=n_gt=2  pred=n_pred=2  ❌
    [  24/80]   E4 sine  gt=n_gt=2  pred=n_pred=2  ❌
    [  25/80]   C3 organ  gt=n_gt=2  pred=n_pred=2  ❌
    [  26/80]  F#1 electric_keyboard  gt=n_gt=2  pred=n_pred=2  ❌
    [  27/80]   C3 voice  gt=n_gt=2  pred=n_pred=2  ❌
    [  28/80]   E4 synth_lead  gt=n_gt=2  pred=n_pred=2  ❌
    [  29/80]   E6 synth_pad  gt=n_gt=2  pred=n_pred=2  ❌
    [  30/80]   E6 cello  gt=n_gt=2  pred=n_pred=2  ❌
    [  31/80]   A4 clarinet  gt=n_gt=2  pred=n_pred=2  ❌
    [  32/80]   E4 electric_keyboard  gt=n_gt=2  pred=n_pred=2  ❌
    [  33/80]  F#3 oboe  gt=n_gt=2  pred=n_pred=2  ❌
    [  34/80]  F#1 bass  gt=n_gt=2  pred=n_pred=2  ❌
    [  35/80]   C2 flute  gt=n_gt=2  pred=n_pred=2  ❌
    [  36/80]   C2 sine  gt=n_gt=2  pred=n_pred=2  ❌
    [  37/80]  F#1 piano  gt=n_gt=2  pred=n_pred=2  ❌
    [  38/80]   G5 synth_pad  gt=n_gt=2  pred=n_pred=2  ❌
    [  39/80]   G5 clarinet  gt=n_gt=2  pred=n_pred=2  ❌
    [  40/80]   A4 trumpet  gt=n_gt=2  pred=n_pred=2  ❌
    [  41/80]   C2 flute  gt=n_gt=2  pred=n_pred=2  ❌
    [  42/80]   E6 triangle  gt=n_gt=2  pred=n_pred=2  ❌
    [  43/80]   C4 electric_keyboard  gt=n_gt=2  pred=n_pred=2  ❌
    [  44/80]   E4 trumpet  gt=n_gt=2  pred=n_pred=2  ❌
    [  45/80]   E4 square  gt=n_gt=2  pred=n_pred=2  ❌
    [  46/80]   C3 square  gt=n_gt=2  pred=n_pred=2  ❌
    [  47/80]   A4 trombone  gt=n_gt=2  pred=n_pred=2  ❌
    [  48/80]  F#3 square  gt=n_gt=2  pred=n_pred=2  ❌
    [  49/80]   C2 trombone  gt=n_gt=2  pred=n_pred=2  ❌
    [  50/80]   G5 trumpet  gt=n_gt=2  pred=n_pred=2  ❌
    [  51/80]  F#3 bass  gt=n_gt=2  pred=n_pred=2  ❌
    [  52/80]   A4 guitar  gt=n_gt=2  pred=n_pred=2  ❌
    [  53/80]   C2 sawtooth  gt=n_gt=2  pred=n_pred=2  ❌
    [  54/80]   E4 voice  gt=n_gt=2  pred=n_pred=2  ❌
    [  55/80]   A4 oboe  gt=n_gt=2  pred=n_pred=2  ❌
    [  56/80]   A4 cello  gt=n_gt=2  pred=n_pred=2  ❌
    [  57/80]   C2 triangle  gt=n_gt=2  pred=n_pred=2  ❌
    [  58/80]   E4 trombone  gt=n_gt=2  pred=n_pred=2  ❌
    [  59/80]  F#1 square  gt=n_gt=2  pred=n_pred=2  ❌
    [  60/80]   C2 organ  gt=n_gt=2  pred=n_pred=2  ❌
    [  61/80]   C4 flute  gt=n_gt=2  pred=n_pred=2  ❌
    [  62/80]  F#1 synth_lead  gt=n_gt=2  pred=n_pred=2  ❌
    [  63/80]   G5 bass  gt=n_gt=2  pred=n_pred=2  ❌
    [  64/80]   G2 trombone  gt=n_gt=2  pred=n_pred=2  ❌
    [  65/80]   A4 organ  gt=n_gt=2  pred=n_pred=2  ❌
    [  66/80]   E6 piano  gt=n_gt=2  pred=n_pred=2  ❌
    [  67/80]  F#1 voice  gt=n_gt=2  pred=n_pred=2  ❌
    [  68/80]   A4 sawtooth  gt=n_gt=2  pred=n_pred=2  ❌
    [  69/80]   C2 sawtooth  gt=n_gt=2  pred=n_pred=2  ❌
    [  70/80]   E6 synth_lead  gt=n_gt=2  pred=n_pred=2  ❌
    [  71/80]   G5 electric_keyboard  gt=n_gt=2  pred=n_pred=2  ❌
    [  72/80]  F#3 flute  gt=n_gt=2  pred=n_pred=2  ❌
    [  73/80]  F#1 square  gt=n_gt=2  pred=n_pred=2  ❌
    [  74/80]   E6 electric_keyboard  gt=n_gt=2  pred=n_pred=2  ❌
    [  75/80]   C4 square  gt=n_gt=2  pred=n_pred=2  ❌
    [  76/80]   A4 trombone  gt=n_gt=2  pred=n_pred=2  ❌
    [  77/80]   C2 flute  gt=n_gt=2  pred=n_pred=2  ❌
    [  78/80]   E4 oboe  gt=n_gt=2  pred=n_pred=2  ❌
    [  79/80]   G2 synth_lead  gt=n_gt=2  pred=n_pred=2  ❌
    [  80/80]   C3 trombone  gt=n_gt=2  pred=n_pred=2  ❌

============================================================
SUMMARY — audio_flamingo_next_instruct
  Sampling     : 80 of 3040 (stratified by '(pos_ms, duration_ms)', seed=42)
  Stimuli (total)     : 80
  Stimuli (condition) : 80  (all records)

    Metric   Accuracy
  ──────────────────────
   CORRECT       0.0%
  (correctness tolerance = ±250 ms)

  *** WARNING: working tree has uncommitted changes — results will NOT be exactly reproducible from git_commit alone ***


Results saved → results/run_20260505_112814/pitchbench_b2_onset_offset_single/run_001_20260505_115722/results_audio_flamingo_next_instruct.*

############################################################
# pitchbench_b3_onset_offset_specific
############################################################

Experiment : pitchbench_b3_onset_offset_specific
Models     : audio_flamingo_next_instruct
Stimuli    : 30
  Sampling     : 30 of 2280 (stratified by '(target_pos, n_distractors)', seed=42)

  Model : Audio Flamingo Next – instruct
    [dispatch] 30 items, max_workers=1
    [   1/30]   C3 synth_lead  gt=n_gt=2  pred=n_pred=2  ❌
    [   2/30]   G5 square  gt=n_gt=2  pred=n_pred=2  ❌
    [   3/30]   E4 sine  gt=n_gt=2  pred=n_pred=2  ❌
    [   4/30]   E6 voice  gt=n_gt=2  pred=n_pred=2  ❌
    [   5/30]  F#1 flute  gt=n_gt=2  pred=n_pred=2  ❌
    [   6/30]   G2 guitar  gt=n_gt=2  pred=n_pred=2  ❌
    [   7/30]   A4 electric_keyboard  gt=n_gt=2  pred=n_pred=2  ❌
    [   8/30]   C4 triangle  gt=n_gt=2  pred=n_pred=2  ❌
    [   9/30]   G5 voice  gt=n_gt=2  pred=n_pred=2  ❌
    [  10/30]   E4 square  gt=n_gt=2  pred=n_pred=2  ❌
    [  11/30]   C3 synth_pad  gt=n_gt=2  pred=n_pred=2  ❌
    [  12/30]   E6 voice  gt=n_gt=2  pred=n_pred=2  ❌
    [  13/30]   E6 cello  gt=n_gt=2  pred=n_pred=2  ❌
    [  14/30]   G2 square  gt=n_gt=2  pred=n_pred=2  ❌
    [  15/30]   C2 bass  gt=n_gt=2  pred=n_pred=2  ❌
    [  16/30]   G5 clarinet  gt=n_gt=2  pred=n_pred=2  ❌
    [  17/30]   G5 sine  gt=n_gt=2  pred=n_pred=2  ❌
    [  18/30]   A4 sine  gt=n_gt=2  pred=n_pred=2  ❌
    [  19/30]   C3 square  gt=n_gt=2  pred=n_pred=2  ❌
    [  20/30]   C4 electric_keyboard  gt=n_gt=2  pred=n_pred=2  ❌
    [  21/30]   E6 electric_keyboard  gt=n_gt=2  pred=n_pred=2  ❌
    [  22/30]   E6 violin  gt=n_gt=2  pred=n_pred=2  ❌
    [  23/30]  F#3 bass  gt=n_gt=2  pred=n_pred=2  ❌
    [  24/30]   E4 sine  gt=n_gt=2  pred=n_pred=2  ❌
    [  25/30]   C3 organ  gt=n_gt=2  pred=n_pred=2  ❌
    [  26/30]  F#1 electric_keyboard  gt=n_gt=2  pred=n_pred=2  ❌
    [  27/30]   C3 voice  gt=n_gt=2  pred=n_pred=2  ❌
    [  28/30]   E4 synth_lead  gt=n_gt=2  pred=n_pred=2  ❌
    [  29/30]   E6 synth_pad  gt=n_gt=2  pred=n_pred=2  ❌
    [  30/30]   E6 cello  gt=n_gt=2  pred=n_pred=2  ❌

============================================================
SUMMARY — audio_flamingo_next_instruct
  Sampling     : 30 of 2280 (stratified by '(target_pos, n_distractors)', seed=42)
  Stimuli (total)     : 30
  Stimuli (condition) : 30  (all records)

    Metric   Accuracy
  ──────────────────────
   CORRECT       0.0%
  (correctness tolerance = ±250 ms)

  *** WARNING: working tree has uncommitted changes — results will NOT be exactly reproducible from git_commit alone ***


Results saved → results/run_20260505_112814/pitchbench_b3_onset_offset_specific/run_001_20260505_115819/results_audio_flamingo_next_instruct.*

############################################################
# pitchbench_b4_pitch_at_time
############################################################

Experiment : pitchbench_b4_pitch_at_time
Models     : audio_flamingo_next_instruct
Stimuli    : 75
  Sampling     : 75 of 741 (stratified by '(n_notes, target_idx)', seed=42)

  Model : Audio Flamingo Next – instruct
    [dispatch] 75 items, max_workers=1
    [   1/75]   C4 synth_lead  | midi: gt=60 pred=48 ❌  | spn: gt=C4 pred=C4 ✅  | doremi: gt=do pred=fa# ❌
    [   2/75]   E4 piano  | midi: gt=64 pred=53 ❌  | spn: gt=E4 pred=C4 ❌  | doremi: gt=mi pred=sol# ❌
    [   3/75]  F#1 sine  | midi: gt=30 pred=58 ❌  | spn: gt=F#1 pred=C2 ❌  | doremi: gt=fa# pred=sol ❌
    [   4/75]   C2 voice  | midi: gt=36 pred=65 ❌  | spn: gt=C2 pred=C6 ❌  | doremi: gt=do pred=sol# ❌
    [   5/75]   C4 flute  | midi: gt=60 pred=64 ❌  | spn: gt=C4 pred=C4 ✅  | doremi: gt=do pred=sol ❌
    [   6/75]   G5 trombone  | midi: gt=79 pred=58 ❌  | spn: gt=G5 pred=C4 ❌  | doremi: gt=sol pred=sol ✅
    [   7/75]   G5 trumpet  | midi: gt=79 pred=64 ❌  | spn: gt=G5 pred=C4 ❌  | doremi: gt=sol pred=sol ✅
    [   8/75]  F#3 electric_keyboard  | midi: gt=54 pred=65 ❌  | spn: gt=F#3 pred=C4 ❌  | doremi: gt=fa# pred=sol# ❌
    [   9/75]   E6 piano  | midi: gt=88 pred=64 ❌  | spn: gt=E6 pred=C4 ❌  | doremi: gt=mi pred=sol# ❌
    [  10/75]   G2 voice  | midi: gt=43 pred=65 ❌  | spn: gt=G2 pred=C6 ❌  | doremi: gt=sol pred=sol# ❌
    [  11/75]   C3 piano  | midi: gt=48 pred=64 ❌  | spn: gt=C3 pred=C4 ❌  | doremi: gt=do pred=sol# ❌
    [  12/75]   C3 organ  | midi: gt=48 pred=64 ❌  | spn: gt=C3 pred=C4 ❌  | doremi: gt=do pred=sol ❌
    [  13/75]   E4 sawtooth  | midi: gt=64 pred=58 ❌  | spn: gt=E4 pred=C4 ❌  | doremi: gt=mi pred=sol ❌
    [  14/75]   C4 sawtooth  | midi: gt=60 pred=65 ❌  | spn: gt=C4 pred=C6 ❌  | doremi: gt=do pred=sol ❌
    [  15/75]   C3 electric_keyboard  | midi: gt=48 pred=64 ❌  | spn: gt=C3 pred=C6 ❌  | doremi: gt=do pred=sol ❌
    [  16/75]   E6 trumpet  | midi: gt=88 pred=64 ❌  | spn: gt=E6 pred=C6 ❌  | doremi: gt=mi pred=sol ❌
    [  17/75]   E4 synth_pad  | midi: gt=64 pred=53 ❌  | spn: gt=E4 pred=C4 ❌  | doremi: gt=mi pred=sol# ❌
    [  18/75]  F#3 sawtooth  | midi: gt=54 pred=58 ❌  | spn: gt=F#3 pred=C4 ❌  | doremi: gt=fa# pred=sol# ❌
    [  19/75]   G5 voice  | midi: gt=79 pred=64 ❌  | spn: gt=G5 pred=C6 ❌  | doremi: gt=sol pred=sol# ❌
    [  20/75]   C4 flute  | midi: gt=60 pred=65 ❌  | spn: gt=C4 pred=C6 ❌  | doremi: gt=do pred=sol# ❌
    [  21/75]   E4 voice  | midi: gt=64 pred=69 ❌  | spn: gt=E4 pred=C6 ❌  | doremi: gt=mi pred=sol# ❌
    [  22/75]   G2 synth_pad  | midi: gt=43 pred=58 ❌  | spn: gt=G2 pred=C4 ❌  | doremi: gt=sol pred=sol ✅
    [  23/75]  F#1 voice  | midi: gt=30 pred=58 ❌  | spn: gt=F#1 pred=C4 ❌  | doremi: gt=fa# pred=sol ❌
    [  24/75]   G5 organ  | midi: gt=79 pred=54 ❌  | spn: gt=G5 pred=C4 ❌  | doremi: gt=sol pred=sol ✅
    [  25/75]   E6 trombone  | midi: gt=88 pred=64 ❌  | spn: gt=E6 pred=C4 ❌  | doremi: gt=mi pred=sol ❌
    [  26/75]   C4 trumpet  | midi: gt=60 pred=64 ❌  | spn: gt=C4 pred=C6 ❌  | doremi: gt=do pred=sol ❌
    [  27/75]   G2 cello  | midi: gt=43 pred=63 ❌  | spn: gt=G2 pred=C6 ❌  | doremi: gt=sol pred=sol# ❌
    [  28/75]   C2 trombone  | midi: gt=36 pred=58 ❌  | spn: gt=C2 pred=C4 ❌  | doremi: gt=do pred=sol# ❌
    [  29/75]   C2 sine  | midi: gt=36 pred=64 ❌  | spn: gt=C2 pred=C6 ❌  | doremi: gt=do pred=sol# ❌
    [  30/75]   A4 electric_keyboard  | midi: gt=69 pred=64 ❌  | spn: gt=A4 pred=C6 ❌  | doremi: gt=la pred=sol# ❌
    [  31/75]   G5 voice  | midi: gt=79 pred=64 ❌  | spn: gt=G5 pred=C6 ❌  | doremi: gt=sol pred=sol ✅
    [  32/75]  F#1 oboe  | midi: gt=30 pred=64 ❌  | spn: gt=F#1 pred=C6 ❌  | doremi: gt=fa# pred=sol# ❌
    [  33/75]   G5 flute  | midi: gt=79 pred=64 ❌  | spn: gt=G5 pred=C6 ❌  | doremi: gt=sol pred=fa# ❌
    [  34/75]   A4 guitar  | midi: gt=69 pred=48 ❌  | spn: gt=A4 pred=C4 ❌  | doremi: gt=la pred=fa# ❌
    [  35/75]   C2 triangle  | midi: gt=36 pred=64 ❌  | spn: gt=C2 pred=C6 ❌  | doremi: gt=do pred=sol# ❌
    [  36/75]   G5 piano  | midi: gt=79 pred=64 ❌  | spn: gt=G5 pred=C4 ❌  | doremi: gt=sol pred=sol# ❌
    [  37/75]   E4 oboe  | midi: gt=64 pred=59 ❌  | spn: gt=E4 pred=C4 ❌  | doremi: gt=mi pred=sol ❌
    [  38/75]  F#1 square  | midi: gt=30 pred=65 ❌  | spn: gt=F#1 pred=C6 ❌  | doremi: gt=fa# pred=sol# ❌
    [  39/75]   C2 sawtooth  | midi: gt=36 pred=65 ❌  | spn: gt=C2 pred=C6 ❌  | doremi: gt=do pred=fa# ❌
    [  40/75]   A4 organ  | midi: gt=69 pred=64 ❌  | spn: gt=A4 pred=C6 ❌  | doremi: gt=la pred=sol ❌
    [  41/75]   C2 guitar  | midi: gt=36 pred=68 ❌  | spn: gt=C2 pred=G4 ❌  | doremi: gt=do pred=sol# ❌
    [  42/75]   E6 organ  | midi: gt=88 pred=63 ❌  | spn: gt=E6 pred=C4 ❌  | doremi: gt=mi pred=sol ❌
    [  43/75]   C3 violin  | midi: gt=48 pred=63 ❌  | spn: gt=C3 pred=C6 ❌  | doremi: gt=do pred=sol ❌
    [  44/75]   C4 triangle  | midi: gt=60 pred=58 ❌  | spn: gt=C4 pred=C4 ✅  | doremi: gt=do pred=sol# ❌
    [  45/75]   C2 voice  | midi: gt=36 pred=65 ❌  | spn: gt=C2 pred=C6 ❌  | doremi: gt=do pred=sol ❌
    [  46/75]   G5 trumpet  | midi: gt=79 pred=64 ❌  | spn: gt=G5 pred=C4 ❌  | doremi: gt=sol pred=sol# ❌
    [  47/75]   C4 sawtooth  | midi: gt=60 pred=48 ❌  | spn: gt=C4 pred=C4 ✅  | doremi: gt=do pred=sol# ❌
    [  48/75]   G2 synth_pad  | midi: gt=43 pred=65 ❌  | spn: gt=G2 pred=C6 ❌  | doremi: gt=sol pred=sol# ❌
    [  49/75]   C2 flute  | midi: gt=36 pred=64 ❌  | spn: gt=C2 pred=C6 ❌  | doremi: gt=do pred=sol# ❌
    [  50/75]   E6 sine  | midi: gt=88 pred=63 ❌  | spn: gt=E6 pred=C6 ❌  | doremi: gt=mi pred=fa# ❌
    [  51/75]   G5 voice  | midi: gt=79 pred=58 ❌  | spn: gt=G5 pred=C4 ❌  | doremi: gt=sol pred=sol# ❌
    [  52/75]   A4 trombone  | midi: gt=69 pred=65 ❌  | spn: gt=A4 pred=C4 ❌  | doremi: gt=la pred=sol ❌
    [  53/75]   G2 cello  | midi: gt=43 pred=64 ❌  | spn: gt=G2 pred=C4 ❌  | doremi: gt=sol pred=sol# ❌
    [  54/75]   E4 guitar  | midi: gt=64 pred=64 ✅  | spn: gt=E4 pred=C6 ❌  | doremi: gt=mi pred=sol ❌
    [  55/75]   A4 sawtooth  | midi: gt=69 pred=64 ❌  | spn: gt=A4 pred=C6 ❌  | doremi: gt=la pred=sol ❌
    [  56/75]   C3 sawtooth  | midi: gt=48 pred=64 ❌  | spn: gt=C3 pred=C6 ❌  | doremi: gt=do pred=sol# ❌
    [  57/75]   C2 trumpet  | midi: gt=36 pred=65 ❌  | spn: gt=C2 pred=C4 ❌  | doremi: gt=do pred=fa# ❌
    [  58/75]   C2 clarinet  | midi: gt=36 pred=65 ❌  | spn: gt=C2 pred=C6 ❌  | doremi: gt=do pred=fa# ❌
    [  59/75]  F#1 triangle  | midi: gt=30 pred=65 ❌  | spn: gt=F#1 pred=C6 ❌  | doremi: gt=fa# pred=sol# ❌
    [  60/75]  F#3 triangle  | midi: gt=54 pred=65 ❌  | spn: gt=F#3 pred=C6 ❌  | doremi: gt=fa# pred=sol ❌
    [  61/75]   G5 violin  | midi: gt=79 pred=65 ❌  | spn: gt=G5 pred=C6 ❌  | doremi: gt=sol pred=sol# ❌
    [  62/75]   G2 clarinet  | midi: gt=43 pred=65 ❌  | spn: gt=G2 pred=C6 ❌  | doremi: gt=sol pred=sol# ❌
    [  63/75]   C3 organ  | midi: gt=48 pred=64 ❌  | spn: gt=C3 pred=C6 ❌  | doremi: gt=do pred=sol# ❌
    [  64/75]  F#1 violin  | midi: gt=30 pred=64 ❌  | spn: gt=F#1 pred=C6 ❌  | doremi: gt=fa# pred=sol# ❌
    [  65/75]   C2 flute  | midi: gt=36 pred=48 ❌  | spn: gt=C2 pred=C4 ❌  | doremi: gt=do pred=fa# ❌
    [  66/75]   A4 clarinet  | midi: gt=69 pred=64 ❌  | spn: gt=A4 pred=C6 ❌  | doremi: gt=la pred=sol# ❌
    [  67/75]   C3 clarinet  | midi: gt=48 pred=58 ❌  | spn: gt=C3 pred=C4 ❌  | doremi: gt=do pred=sol# ❌
    [  68/75]   E6 electric_keyboard  | midi: gt=88 pred=65 ❌  | spn: gt=E6 pred=C6 ❌  | doremi: gt=mi pred=sol# ❌
    [  69/75]   G5 flute  | midi: gt=79 pred=65 ❌  | spn: gt=G5 pred=C4 ❌  | doremi: gt=sol pred=sol ✅
    [  70/75]   C2 sawtooth  | midi: gt=36 pred=58 ❌  | spn: gt=C2 pred=C4 ❌  | doremi: gt=do pred=sol ❌
    [  71/75]   G5 synth_lead  | midi: gt=79 pred=64 ❌  | spn: gt=G5 pred=C6 ❌  | doremi: gt=sol pred=sol# ❌
    [  72/75]  F#1 voice  | midi: gt=30 pred=64 ❌  | spn: gt=F#1 pred=C6 ❌  | doremi: gt=fa# pred=sol# ❌
    [  73/75]   G5 triangle  | midi: gt=79 pred=48 ❌  | spn: gt=G5 pred=C4 ❌  | doremi: gt=sol pred=sol# ❌
    [  74/75]   E6 organ  | midi: gt=88 pred=65 ❌  | spn: gt=E6 pred=C6 ❌  | doremi: gt=mi pred=sol ❌
    [  75/75]   E4 electric_keyboard  | midi: gt=64 pred=64 ✅  | spn: gt=E4 pred=C6 ❌  | doremi: gt=mi pred=sol# ❌

============================================================
SUMMARY — audio_flamingo_next_instruct
  Sampling     : 75 of 741 (stratified by '(n_notes, target_idx)', seed=42)
  Stimuli (total)     : 75
  Stimuli (condition) : 75  (all records)

    Metric   Accuracy
  ──────────────────────
      MIDI       2.7%
       SPN       5.3%
    DOREMI       8.0%
        HZ       2.7%
       ANY      18.7%

  *** WARNING: working tree has uncommitted changes — results will NOT be exactly reproducible from git_commit alone ***


Results saved → results/run_20260505_112814/pitchbench_b4_pitch_at_time/run_001_20260505_115907/results_audio_flamingo_next_instruct.*

############################################################
# pitchbench_b5_onset_offset_each
############################################################

Experiment : pitchbench_b5_onset_offset_each
Models     : audio_flamingo_next_instruct
Stimuli    : 30
  Sampling     : 30 of 456 (stratified by '(rhythm, n_notes)', seed=42)

  Model : Audio Flamingo Next – instruct
    [dispatch] 30 items, max_workers=1
    [   1/30]  C-1 triangle  gt=n_gt=6  pred=n_pred=14  ❌
    [   2/30]  C-1 sine  gt=n_gt=6  pred=n_pred=0  ❌
    [   3/30]  C-1 trumpet  gt=n_gt=6  pred=n_pred=14  ❌
    [   4/30]  C-1 flute  gt=n_gt=6  pred=n_pred=14  ❌
    [   5/30]  C-1 flute  gt=n_gt=6  pred=n_pred=14  ❌
    [   6/30]  C-1 piano  gt=n_gt=10  pred=n_pred=2  ❌
    [   7/30]  C-1 triangle  gt=n_gt=10  pred=n_pred=0  ❌
    [   8/30]  C-1 synth_pad  gt=n_gt=10  pred=n_pred=14  ❌
    [   9/30]  C-1 square  gt=n_gt=10  pred=n_pred=0  ❌
    [  10/30]  C-1 voice  gt=n_gt=10  pred=n_pred=14  ❌
    [  11/30]  C-1 cello  gt=n_gt=16  pred=n_pred=14  ❌
    [  12/30]  C-1 sawtooth  gt=n_gt=16  pred=n_pred=14  ❌
    [  13/30]  C-1 sine  gt=n_gt=16  pred=n_pred=0  ❌
    [  14/30]  C-1 square  gt=n_gt=16  pred=n_pred=14  ❌
    [  15/30]  C-1 guitar  gt=n_gt=16  pred=n_pred=0  ❌
    [  16/30]  C-1 flute  gt=n_gt=6  pred=n_pred=0  ❌
    [  17/30]  C-1 synth_lead  gt=n_gt=6  pred=n_pred=0  ❌
    [  18/30]  C-1 sine  gt=n_gt=6  pred=n_pred=0  ❌
    [  19/30]  C-1 synth_pad  gt=n_gt=6  pred=n_pred=14  ❌
    [  20/30]  C-1 guitar  gt=n_gt=6  pred=n_pred=2  ❌
    [  21/30]  C-1 synth_pad  gt=n_gt=10  pred=n_pred=0  ❌
    [  22/30]  C-1 cello  gt=n_gt=10  pred=n_pred=0  ❌
    [  23/30]  C-1 flute  gt=n_gt=10  pred=n_pred=0  ❌
    [  24/30]  C-1 organ  gt=n_gt=10  pred=n_pred=0  ❌
    [  25/30]  C-1 voice  gt=n_gt=10  pred=n_pred=0  ❌
    [  26/30]  C-1 trumpet  gt=n_gt=16  pred=n_pred=0  ❌
    [  27/30]  C-1 sine  gt=n_gt=16  pred=n_pred=14  ❌
    [  28/30]  C-1 electric_keyboard  gt=n_gt=16  pred=n_pred=0  ❌
    [  29/30]  C-1 cello  gt=n_gt=16  pred=n_pred=0  ❌
    [  30/30]  C-1 clarinet  gt=n_gt=16  pred=n_pred=14  ❌

============================================================
SUMMARY — audio_flamingo_next_instruct
  Sampling     : 30 of 456 (stratified by '(rhythm, n_notes)', seed=42)
  Stimuli (total)     : 30
  Stimuli (condition) : 30  (all records)

    Metric   Accuracy
  ──────────────────────
   CORRECT       0.0%
  (correctness tolerance = ±250 ms)

  *** WARNING: working tree has uncommitted changes — results will NOT be exactly reproducible from git_commit alone ***


Results saved → results/run_20260505_112814/pitchbench_b5_onset_offset_each/run_001_20260505_120043/results_audio_flamingo_next_instruct.*

############################################################
# pitchbench_c1_dyad_interval
############################################################

Experiment : pitchbench_c1_dyad_interval
Models     : audio_flamingo_next_instruct
Stimuli    : 120
  Sampling     : 120 of 8816 (stratified by '(interval_st, same_instrument)', seed=42)

  Model : Audio Flamingo Next – instruct
    [dispatch] 120 items, max_workers=1
    [   1/120] iv= 1st root=C3   same_instrumentation=False dur= 5000ms  interval=12 ❌
    [   2/120] iv= 1st root=G5   same_instrumentation=False dur= 5000ms  interval=12 ❌
    [   3/120] iv= 1st root=E4   same_instrumentation=False dur= 1000ms  interval=12 ❌
    [   4/120] iv= 1st root=E6   same_instrumentation=False dur= 5000ms  interval=8 ❌
    [   5/120] iv= 1st root=F#1  same_instrumentation=False dur= 1000ms  interval=12 ❌
    [   6/120] iv= 1st root=G2   same_instrumentation=True  dur= 5000ms  interval=10 ❌
    [   7/120] iv= 1st root=A4   same_instrumentation=True  dur= 1000ms  interval=10 ❌
    [   8/120] iv= 1st root=C4   same_instrumentation=True  dur= 5000ms  interval=12 ❌
    [   9/120] iv= 1st root=G5   same_instrumentation=True  dur= 5000ms  interval=12 ❌
    [  10/120] iv= 1st root=E4   same_instrumentation=True  dur= 1000ms  interval=12 ❌
    [  11/120] iv=10th root=F#3  same_instrumentation=False dur= 5000ms  interval=12 ❌
    [  12/120] iv=10th root=F#3  same_instrumentation=False dur= 1000ms  interval=12 ❌
    [  13/120] iv=10th root=A4   same_instrumentation=False dur= 1000ms  interval=12 ❌
    [  14/120] iv=10th root=F#1  same_instrumentation=False dur= 1000ms  interval=12 ❌
    [  15/120] iv=10th root=G5   same_instrumentation=False dur= 1000ms  interval=12 ❌
    [  16/120] iv=10th root=A4   same_instrumentation=True  dur= 5000ms  interval=12 ❌
    [  17/120] iv=10th root=C4   same_instrumentation=True  dur= 5000ms  interval=12 ❌
    [  18/120] iv=10th root=C2   same_instrumentation=True  dur= 5000ms  interval=12 ❌
    [  19/120] iv=10th root=C4   same_instrumentation=True  dur= 5000ms  interval=12 ❌
    [  20/120] iv=10th root=C3   same_instrumentation=True  dur= 1000ms  interval=12 ❌
    [  21/120] iv=11th root=C2   same_instrumentation=False dur= 1000ms  interval=12 ❌
    [  22/120] iv=11th root=E4   same_instrumentation=False dur= 5000ms  interval=12 ❌
    [  23/120] iv=11th root=G5   same_instrumentation=False dur= 5000ms  interval=12 ❌
    [  24/120] iv=11th root=C4   same_instrumentation=False dur= 5000ms  interval=12 ❌
    [  25/120] iv=11th root=F#3  same_instrumentation=False dur= 1000ms  interval=12 ❌
    [  26/120] iv=11th root=F#3  same_instrumentation=True  dur= 5000ms  interval=10 ❌
    [  27/120] iv=11th root=G5   same_instrumentation=True  dur= 1000ms  interval=12 ❌
    [  28/120] iv=11th root=G2   same_instrumentation=True  dur= 1000ms  interval=10 ❌
    [  29/120] iv=11th root=E4   same_instrumentation=True  dur= 5000ms  interval=3 ❌
    [  30/120] iv=11th root=E4   same_instrumentation=True  dur= 5000ms  interval=12 ❌
    [  31/120] iv=12th root=G5   same_instrumentation=False dur= 1000ms  interval=12 ✅
    [  32/120] iv=12th root=C2   same_instrumentation=False dur= 5000ms  interval=12 ✅
    [  33/120] iv=12th root=F#3  same_instrumentation=False dur= 5000ms  interval=12 ✅
    [  34/120] iv=12th root=F#1  same_instrumentation=False dur= 1000ms  interval=12 ✅
    [  35/120] iv=12th root=E4   same_instrumentation=False dur= 1000ms  interval=12 ✅
    [  36/120] iv=12th root=G5   same_instrumentation=True  dur= 1000ms  interval=12 ✅
    [  37/120] iv=12th root=C3   same_instrumentation=True  dur= 5000ms  interval=12 ✅
    [  38/120] iv=12th root=C2   same_instrumentation=True  dur= 1000ms  interval=12 ✅
    [  39/120] iv=12th root=C4   same_instrumentation=True  dur= 1000ms  interval=12 ✅
    [  40/120] iv=12th root=G5   same_instrumentation=True  dur= 1000ms  interval=12 ✅
    [  41/120] iv= 2nd root=C3   same_instrumentation=False dur= 5000ms  interval=12 ❌
    [  42/120] iv= 2nd root=A4   same_instrumentation=False dur= 1000ms  interval=12 ❌
    [  43/120] iv= 2nd root=F#3  same_instrumentation=False dur= 5000ms  interval=12 ❌
    [  44/120] iv= 2nd root=C2   same_instrumentation=False dur= 5000ms  interval=12 ❌
    [  45/120] iv= 2nd root=G5   same_instrumentation=False dur= 1000ms  interval=12 ❌
    [  46/120] iv= 2nd root=F#3  same_instrumentation=True  dur= 5000ms  interval=10 ❌
    [  47/120] iv= 2nd root=A4   same_instrumentation=True  dur= 5000ms  interval=1 ❌
    [  48/120] iv= 2nd root=C2   same_instrumentation=True  dur= 1000ms  interval=12 ❌
    [  49/120] iv= 2nd root=E4   same_instrumentation=True  dur= 5000ms  interval=12 ❌
    [  50/120] iv= 2nd root=A4   same_instrumentation=True  dur= 5000ms  interval=12 ❌
    [  51/120] iv= 3rd root=A4   same_instrumentation=False dur= 1000ms  interval=12 ❌
    [  52/120] iv= 3rd root=C2   same_instrumentation=False dur= 5000ms  interval=12 ❌
    [  53/120] iv= 3rd root=E4   same_instrumentation=False dur= 5000ms  interval=12 ❌
    [  54/120] iv= 3rd root=F#1  same_instrumentation=False dur= 1000ms  interval=12 ❌
    [  55/120] iv= 3rd root=C2   same_instrumentation=False dur= 1000ms  interval=12 ❌
    [  56/120] iv= 3rd root=C4   same_instrumentation=True  dur= 1000ms  interval=12 ❌
    [  57/120] iv= 3rd root=F#1  same_instrumentation=True  dur= 5000ms  interval=12 ❌
    [  58/120] iv= 3rd root=G5   same_instrumentation=True  dur= 1000ms  interval=12 ❌
    [  59/120] iv= 3rd root=G2   same_instrumentation=True  dur= 5000ms  interval=12 ❌
    [  60/120] iv= 3rd root=A4   same_instrumentation=True  dur= 5000ms  interval=12 ❌
    [  61/120] iv= 4th root=E6   same_instrumentation=False dur= 1000ms  interval=12 ❌
    [  62/120] iv= 4th root=F#1  same_instrumentation=False dur= 1000ms  interval=12 ❌
    [  63/120] iv= 4th root=A4   same_instrumentation=False dur= 5000ms  interval=12 ❌
    [  64/120] iv= 4th root=C2   same_instrumentation=False dur= 5000ms  interval=12 ❌
    [  65/120] iv= 4th root=E6   same_instrumentation=False dur= 1000ms  interval=12 ❌
    [  66/120] iv= 4th root=G5   same_instrumentation=True  dur= 1000ms  interval=12 ❌
    [  67/120] iv= 4th root=F#3  same_instrumentation=True  dur= 1000ms  interval=12 ❌
    [  68/120] iv= 4th root=F#1  same_instrumentation=True  dur= 1000ms  interval=12 ❌
    [  69/120] iv= 4th root=E6   same_instrumentation=True  dur= 5000ms  interval=10 ❌
    [  70/120] iv= 4th root=C4   same_instrumentation=True  dur= 5000ms  interval=12 ❌
    [  71/120] iv= 5th root=A4   same_instrumentation=False dur= 1000ms  interval=12 ❌
    [  72/120] iv= 5th root=C2   same_instrumentation=False dur= 1000ms  interval=12 ❌
    [  73/120] iv= 5th root=E4   same_instrumentation=False dur= 1000ms  interval=12 ❌
    [  74/120] iv= 5th root=G2   same_instrumentation=False dur= 5000ms  interval=12 ❌
    [  75/120] iv= 5th root=C3   same_instrumentation=False dur= 1000ms  interval=12 ❌
    [  76/120] iv= 5th root=C2   same_instrumentation=True  dur= 5000ms  interval=12 ❌
    [  77/120] iv= 5th root=F#3  same_instrumentation=True  dur= 5000ms  interval=12 ❌
    [  78/120] iv= 5th root=F#1  same_instrumentation=True  dur= 5000ms  interval=12 ❌
    [  79/120] iv= 5th root=C3   same_instrumentation=True  dur= 5000ms  interval=12 ❌
    [  80/120] iv= 5th root=C2   same_instrumentation=True  dur= 5000ms  interval=12 ❌
    [  81/120] iv= 6th root=G5   same_instrumentation=False dur= 1000ms  interval=12 ❌
    [  82/120] iv= 6th root=E6   same_instrumentation=False dur= 5000ms  interval=12 ❌
    [  83/120] iv= 6th root=F#3  same_instrumentation=False dur= 5000ms  interval=12 ❌
    [  84/120] iv= 6th root=C4   same_instrumentation=False dur= 5000ms  interval=12 ❌
    [  85/120] iv= 6th root=G5   same_instrumentation=False dur= 1000ms  interval=12 ❌
    [  86/120] iv= 6th root=C4   same_instrumentation=True  dur= 5000ms  interval=12 ❌
    [  87/120] iv= 6th root=G2   same_instrumentation=True  dur= 5000ms  interval=12 ❌
    [  88/120] iv= 6th root=C3   same_instrumentation=True  dur= 5000ms  interval=12 ❌
    [  89/120] iv= 6th root=E4   same_instrumentation=True  dur= 5000ms  interval=10 ❌
    [  90/120] iv= 6th root=E4   same_instrumentation=True  dur= 5000ms  interval=3 ❌
    [  91/120] iv= 7th root=G2   same_instrumentation=False dur= 5000ms  interval=12 ❌
    [  92/120] iv= 7th root=C2   same_instrumentation=False dur= 5000ms  interval=12 ❌
    [  93/120] iv= 7th root=G5   same_instrumentation=False dur= 1000ms  interval=12 ❌
    [  94/120] iv= 7th root=A4   same_instrumentation=False dur= 1000ms  interval=12 ❌
    [  95/120] iv= 7th root=E6   same_instrumentation=False dur= 1000ms  interval=12 ❌
    [  96/120] iv= 7th root=C3   same_instrumentation=True  dur= 5000ms  interval=12 ❌
    [  97/120] iv= 7th root=E4   same_instrumentation=True  dur= 1000ms  interval=12 ❌
    [  98/120] iv= 7th root=G2   same_instrumentation=True  dur= 5000ms  interval=12 ❌
    [  99/120] iv= 7th root=E4   same_instrumentation=True  dur= 1000ms  interval=10 ❌
    [ 100/120] iv= 7th root=C4   same_instrumentation=True  dur= 1000ms  interval=12 ❌
    [ 101/120] iv= 8th root=C3   same_instrumentation=False dur= 1000ms  interval=12 ❌
    [ 102/120] iv= 8th root=F#3  same_instrumentation=False dur= 1000ms  interval=12 ❌
    [ 103/120] iv= 8th root=G5   same_instrumentation=False dur= 5000ms  interval=12 ❌
    [ 104/120] iv= 8th root=G5   same_instrumentation=False dur= 1000ms  interval=12 ❌
    [ 105/120] iv= 8th root=F#1  same_instrumentation=False dur= 5000ms  interval=12 ❌
    [ 106/120] iv= 8th root=G2   same_instrumentation=True  dur= 5000ms  interval=12 ❌
    [ 107/120] iv= 8th root=G5   same_instrumentation=True  dur= 5000ms  interval=12 ❌
    [ 108/120] iv= 8th root=E4   same_instrumentation=True  dur= 5000ms  interval=12 ❌
    [ 109/120] iv= 8th root=F#3  same_instrumentation=True  dur= 1000ms  interval=2 ❌
    [ 110/120] iv= 8th root=C4   same_instrumentation=True  dur= 1000ms  interval=12 ❌
    [ 111/120] iv= 9th root=G5   same_instrumentation=False dur= 5000ms  interval=12 ❌
    [ 112/120] iv= 9th root=F#1  same_instrumentation=False dur= 1000ms  interval=12 ❌
    [ 113/120] iv= 9th root=C4   same_instrumentation=False dur= 5000ms  interval=12 ❌
    [ 114/120] iv= 9th root=C2   same_instrumentation=False dur= 5000ms  interval=12 ❌
    [ 115/120] iv= 9th root=G2   same_instrumentation=False dur= 1000ms  interval=10 ❌
    [ 116/120] iv= 9th root=G2   same_instrumentation=True  dur= 5000ms  interval=12 ❌
    [ 117/120] iv= 9th root=F#1  same_instrumentation=True  dur= 1000ms  interval=12 ❌
    [ 118/120] iv= 9th root=F#1  same_instrumentation=True  dur= 5000ms  interval=12 ❌
    [ 119/120] iv= 9th root=F#3  same_instrumentation=True  dur= 5000ms  interval=12 ❌
    [ 120/120] iv= 9th root=G5   same_instrumentation=True  dur= 5000ms  interval=12 ❌

============================================================
SUMMARY — audio_flamingo_next_instruct
  Sampling     : 120 of 8816 (stratified by '(interval_st, same_instrument)', seed=42)
  Stimuli (total)     : 120
  Stimuli (condition) : 120  (all records)

      Metric   Accuracy
  ───────────────────────
    INTERVAL       8.3%

  *** WARNING: working tree has uncommitted changes — results will NOT be exactly reproducible from git_commit alone ***


Results saved → results/run_20260505_112814/pitchbench_c1_dyad_interval/run_001_20260505_120208/results_audio_flamingo_next_instruct.*

############################################################
# pitchbench_c2_chord_pitch_count
############################################################

Experiment : pitchbench_c2_chord_pitch_count
Models     : audio_flamingo_next_instruct
Stimuli    : 80
  Sampling     : 80 of 8664 (stratified by '(n, chord_quality)', seed=42)

  Model : Audio Flamingo Next – instruct
    [dispatch] 80 items, max_workers=1
    [   1/80] n=1 random_set  root=G#4  same_instrumentation=False dur= 5000ms  count=1 ✅
    [   2/80] n=1 random_set  root=G1   same_instrumentation=True  dur= 1000ms  count=1 ✅
    [   3/80] n=1 random_set  root=G#4  same_instrumentation=True  dur= 5000ms  count=1 ✅
    [   4/80] n=1 random_set  root=G3   same_instrumentation=False dur= 5000ms  count=1 ✅
    [   5/80] n=1 random_set  root=G1   same_instrumentation=True  dur= 5000ms  count=1 ✅
    [   6/80] n=2 random_set  root=D3   same_instrumentation=True  dur= 1000ms  count=2 ✅
    [   7/80] n=2 random_set  root=D3   same_instrumentation=False dur= 5000ms  count=2 ✅
    [   8/80] n=2 random_set  root=E5   same_instrumentation=False dur= 5000ms  count=1 ❌
    [   9/80] n=2 random_set  root=D3   same_instrumentation=True  dur= 5000ms  count=2 ✅
    [  10/80] n=2 random_set  root=D3   same_instrumentation=True  dur= 1000ms  count=1 ❌
    [  11/80] n=3 augmented   root=E4   same_instrumentation=True  dur= 1000ms  count=2 ❌
    [  12/80] n=3 augmented   root=E6   same_instrumentation=True  dur= 5000ms  count=2 ❌
    [  13/80] n=3 augmented   root=E6   same_instrumentation=True  dur= 5000ms  count=1 ❌
    [  14/80] n=3 augmented   root=F#3  same_instrumentation=False dur= 1000ms  count=1 ❌
    [  15/80] n=3 augmented   root=G2   same_instrumentation=True  dur= 1000ms  count=1 ❌
    [  16/80] n=3 diminished  root=E4   same_instrumentation=True  dur= 5000ms  count=1 ❌
    [  17/80] n=3 diminished  root=E4   same_instrumentation=True  dur= 5000ms  count=1 ❌
    [  18/80] n=3 diminished  root=C4   same_instrumentation=True  dur= 5000ms  count=1 ❌
    [  19/80] n=3 diminished  root=A4   same_instrumentation=False dur= 1000ms  count=3 ✅
    [  20/80] n=3 diminished  root=C2   same_instrumentation=False dur= 5000ms  count=1 ❌
    [  21/80] n=3 major       root=E6   same_instrumentation=True  dur= 5000ms  count=2 ❌
    [  22/80] n=3 major       root=G5   same_instrumentation=False dur= 5000ms  count=1 ❌
    [  23/80] n=3 major       root=G5   same_instrumentation=True  dur= 1000ms  count=1 ❌
    [  24/80] n=3 major       root=C3   same_instrumentation=False dur= 5000ms  count=1 ❌
    [  25/80] n=3 major       root=A4   same_instrumentation=True  dur= 1000ms  count=3 ✅
    [  26/80] n=3 minor       root=C2   same_instrumentation=False dur= 1000ms  count=1 ❌
    [  27/80] n=3 minor       root=E4   same_instrumentation=False dur= 1000ms  count=3 ✅
    [  28/80] n=3 minor       root=G2   same_instrumentation=False dur= 5000ms  count=1 ❌
    [  29/80] n=3 minor       root=E6   same_instrumentation=True  dur= 5000ms  count=1 ❌
    [  30/80] n=3 minor       root=E6   same_instrumentation=True  dur= 5000ms  count=1 ❌
    [  31/80] n=3 random_set  root=B1   same_instrumentation=False dur= 5000ms  count=2 ❌
    [  32/80] n=3 random_set  root=F#3  same_instrumentation=True  dur= 5000ms  count=1 ❌
    [  33/80] n=3 random_set  root=G1   same_instrumentation=True  dur= 5000ms  count=1 ❌
    [  34/80] n=3 random_set  root=G1   same_instrumentation=True  dur= 5000ms  count=3 ✅
    [  35/80] n=3 random_set  root=B1   same_instrumentation=False dur= 5000ms  count=2 ❌
    [  36/80] n=3 sus2        root=C3   same_instrumentation=True  dur= 1000ms  count=1 ❌
    [  37/80] n=3 sus2        root=C2   same_instrumentation=False dur= 1000ms  count=1 ❌
    [  38/80] n=3 sus2        root=A4   same_instrumentation=True  dur= 5000ms  count=1 ❌
    [  39/80] n=3 sus2        root=E4   same_instrumentation=True  dur= 5000ms  count=1 ❌
    [  40/80] n=3 sus2        root=F#3  same_instrumentation=True  dur= 5000ms  count=1 ❌
    [  41/80] n=3 sus4        root=G2   same_instrumentation=True  dur= 1000ms  count=1 ❌
    [  42/80] n=3 sus4        root=E6   same_instrumentation=False dur= 5000ms  count=1 ❌
    [  43/80] n=3 sus4        root=F#1  same_instrumentation=True  dur= 5000ms  count=1 ❌
    [  44/80] n=3 sus4        root=G2   same_instrumentation=True  dur= 5000ms  count=1 ❌
    [  45/80] n=3 sus4        root=G2   same_instrumentation=True  dur= 5000ms  count=1 ❌
    [  46/80] n=4 dom7        root=G2   same_instrumentation=True  dur= 5000ms  count=1 ❌
    [  47/80] n=4 dom7        root=C4   same_instrumentation=False dur= 5000ms  count=1 ❌
    [  48/80] n=4 dom7        root=F#3  same_instrumentation=False dur= 5000ms  count=2 ❌
    [  49/80] n=4 dom7        root=C3   same_instrumentation=False dur= 1000ms  count=1 ❌
    [  50/80] n=4 dom7        root=C4   same_instrumentation=True  dur= 5000ms  count=2 ❌
    [  51/80] n=4 m7b5        root=C3   same_instrumentation=True  dur= 1000ms  count=10 ❌
    [  52/80] n=4 m7b5        root=F#1  same_instrumentation=True  dur= 5000ms  count=1 ❌
    [  53/80] n=4 m7b5        root=F#3  same_instrumentation=True  dur= 1000ms  count=1 ❌
    [  54/80] n=4 m7b5        root=C2   same_instrumentation=True  dur= 1000ms  count=1 ❌
    [  55/80] n=4 m7b5        root=F#3  same_instrumentation=False dur= 1000ms  count=3 ❌
    [  56/80] n=4 maj7        root=F#1  same_instrumentation=False dur= 5000ms  count=1 ❌
    [  57/80] n=4 maj7        root=F#3  same_instrumentation=False dur= 5000ms  count=2 ❌
    [  58/80] n=4 maj7        root=F#3  same_instrumentation=True  dur= 1000ms  count=1 ❌
    [  59/80] n=4 maj7        root=C3   same_instrumentation=False dur= 5000ms  count=1 ❌
    [  60/80] n=4 maj7        root=E4   same_instrumentation=True  dur= 1000ms  count=2 ❌
    [  61/80] n=4 min7        root=E4   same_instrumentation=False dur= 5000ms  count=2 ❌
    [  62/80] n=4 min7        root=C2   same_instrumentation=False dur= 5000ms  count=1 ❌
    [  63/80] n=4 min7        root=C4   same_instrumentation=True  dur= 1000ms  count=2 ❌
    [  64/80] n=4 min7        root=A4   same_instrumentation=False dur= 1000ms  count=1 ❌
    [  65/80] n=4 min7        root=G5   same_instrumentation=True  dur= 1000ms  count=2 ❌
    [  66/80] n=4 random_set  root=F1   same_instrumentation=True  dur= 1000ms  count=1 ❌
    [  67/80] n=4 random_set  root=E2   same_instrumentation=False dur= 1000ms  count=1 ❌
    [  68/80] n=4 random_set  root=E2   same_instrumentation=False dur= 5000ms  count=2 ❌
    [  69/80] n=4 random_set  root=F1   same_instrumentation=False dur= 1000ms  count=3 ❌
    [  70/80] n=4 random_set  root=E2   same_instrumentation=True  dur= 5000ms  count=1 ❌
    [  71/80] n=5 random_set  root=A#2  same_instrumentation=False dur= 1000ms  count=1 ❌
    [  72/80] n=5 random_set  root=C#2  same_instrumentation=True  dur= 1000ms  count=2 ❌
    [  73/80] n=5 random_set  root=C#2  same_instrumentation=True  dur= 5000ms  count=1 ❌
    [  74/80] n=5 random_set  root=C#2  same_instrumentation=True  dur= 1000ms  count=10 ❌
    [  75/80] n=5 random_set  root=A#2  same_instrumentation=False dur= 5000ms  count=1 ❌
    [  76/80] n=6 random_set  root=C#2  same_instrumentation=False dur= 1000ms  count=10 ❌
    [  77/80] n=6 random_set  root=D#3  same_instrumentation=False dur= 1000ms  count=2 ❌
    [  78/80] n=6 random_set  root=D#3  same_instrumentation=False dur= 1000ms  count=2 ❌
    [  79/80] n=6 random_set  root=C#2  same_instrumentation=False dur= 5000ms  count=1 ❌
    [  80/80] n=6 random_set  root=F2   same_instrumentation=True  dur= 5000ms  count=1 ❌

============================================================
SUMMARY — audio_flamingo_next_instruct
  Sampling     : 80 of 8664 (stratified by '(n, chord_quality)', seed=42)
  Stimuli (total)     : 80
  Stimuli (condition) : 80  (all records)

      Metric   Accuracy
  ───────────────────────
       COUNT      15.0%

  *** WARNING: working tree has uncommitted changes — results will NOT be exactly reproducible from git_commit alone ***


Results saved → results/run_20260505_112814/pitchbench_c2_chord_pitch_count/run_001_20260505_120233/results_audio_flamingo_next_instruct.*

############################################################
# pitchbench_c3_chord_pitch_id
############################################################

Experiment : pitchbench_c3_chord_pitch_id
Models     : audio_flamingo_next_instruct
Stimuli    : 100
  Sampling     : 100 of 3800 (stratified by 'chord_type', seed=42)

  Model : Audio Flamingo Next – instruct
    [dispatch] 100 items, max_workers=1
    [   1/100] dyad_M2      r=G5  oboe          midi=[67, 72, 80] ❌  | spn=['C5', 'D5', 'F5', 'A3', 'B4'] ❌  | doremi=['do', 'mi', 'sol'] ❌
    [   2/100] dyad_M2      r=C2  trombone      midi=[35, 42, 60] ❌  | spn=['C3', 'D3', 'F3', 'A2', 'B2'] ❌  | doremi=['do', 're', 'mi'] ❌
    [   3/100] dyad_M2      r=F#1 guitar        midi=[46, 58, 70, 73, 79] ❌  | spn=['C3', 'D3', 'F#3', 'A2', 'B2'] ❌  | doremi=['do', 'mi', 'sol'] ❌
    [   4/100] dyad_M2      r=E6  voice         midi=[65, 70, 82] ❌  | spn=['C5', 'D5', 'F5', 'A3', 'B4'] ❌  | doremi=['do', 'mi', 'sol'] ❌
    [   5/100] dyad_M2      r=C3  cello         midi=[48, 51, 63] ❌  | spn=['C3', 'D3', 'F3', 'A2', 'B2'] ❌  | doremi=['do', 'mi', 'sol'] ❌
    [   6/100] dyad_M3      r=C3  electric_keyboard  midi=[48, 52, 60, 71] ❌  | spn=['C3', 'D3', 'F#3', 'A2', 'B2'] ❌  | doremi=['do', 'mi', 'sol'] ❌
    [   7/100] dyad_M3      r=C3  sine          midi=[48, 51, 63] ❌  | spn=['C3', 'D3', 'F3', 'A2', 'B2'] ❌  | doremi=['do', 'mi', 'sol'] ❌
    [   8/100] dyad_M3      r=C2  synth_lead    midi=[48, 56, 71] ❌  | spn=['C3', 'D3', 'F#3', 'A2', 'B2'] ❌  | doremi=['do', 'mi', 'sol'] ❌
    [   9/100] dyad_M3      r=E6  synth_pad     midi=[62, 71, 80] ❌  | spn=['C5', 'D5', 'F5', 'A3', 'B4'] ❌  | doremi=['do', 'mi', 'sol'] ❌
    [  10/100] dyad_M3      r=C2  flute         midi=[48, 53, 60, 72] ❌  | spn=['C3', 'D3', 'F3', 'A2', 'B2'] ❌  | doremi=['do', 'mi', 'sol'] ❌
    [  11/100] dyad_M6      r=E6  square        midi=[63, 70, 82] ❌  | spn=['C5', 'D5', 'F5', 'A3', 'B4'] ❌  | doremi=['do', 'mi', 'sol'] ❌
    [  12/100] dyad_M6      r=E6  voice         midi=[48, 53, 61, 70, 79] ❌  | spn=['C5', 'D5', 'F5', 'A3', 'B4'] ❌  | doremi=['do', 'do', 'do', 'do', 'do', 'do', 'do', 'do', 'do', 'do', 'do', 'do', 'do', 'do', 'do', 'do', 'do', 'do', 'do', 'do', 'do', 'do', 'do', 'do', 'do', 'do', 'do', 'do', 'do', 'do', 'do', 'do', 'do', 'do', 'do', 'do', 'do', 'do', 'do', 'do', 'do', 'do', 'do', 'do', 'do', 'do', 'do', 'do', 'do', 'do', 'do', 'do', 'do', 'do', 'do', 'do', 'do', 'do', 'do', 'do', 'do', 'do', 'do', 'do', 'do', 'do', 'do', 'do', 'do', 'do', 'do', 'do', 'do', 'do', 'do', 'do', 'do', 'do', 'do', 'do', 'do', 'do', 'do', 'do', 'do', 'do', 'do', 'do', 'do', 'do', 'do', 'do', 'do', 'do', 'do', 'do', 'do', 'do', 'do', 'do', 'do', 'do', 'do', 'do', 'do', 'do', 'do', 'do', 'do', 'do', 'do', 'do', 'do', 'do', 'do', 'do', 'do', 'do', 'do', 'do', 'do', 'do', 'do', 'do', 'do', 'do', 'do', 'do'] ❌
    [  13/100] dyad_M6      r=A4  guitar        midi=[57, 60, 64] ❌  | spn=['A3', 'B3', 'D4', 'F#4', 'A4'] ❌  | doremi=[] ❌
    [  14/100] dyad_M6      r=C2  triangle      midi=[43, 50, 62] ❌  | spn=['C3', 'D3', 'F3', 'A2', 'B2'] ❌  | doremi=['do', 'mi', 'sol'] ❌
    [  15/100] dyad_M6      r=A4  voice         midi=[69, 72, 81] ❌  | spn=['C5', 'D5', 'F5', 'A3', 'B4'] ❌  | doremi=['do', 'mi', 'sol'] ❌
    [  16/100] dyad_M7      r=C4  cello         midi=[56, 71, 80] ❌  | spn=['C5', 'D5', 'F5', 'A3', 'B4'] ❌  | doremi=['do', 'mi', 'sol'] ❌
    [  17/100] dyad_M7      r=F#1 trumpet       midi=[28, 31, 34] ❌  | spn=['C3', 'D3', 'F3', 'A2', 'B2'] ❌  | doremi=['do', 'mi', 'sol'] ❌
    [  18/100] dyad_M7      r=F#1 flute         midi=[48, 53, 60, 72] ❌  | spn=['C3', 'D3', 'F3', 'A2', 'B2'] ❌  | doremi=['do', 'mi', 'sol'] ❌
    [  19/100] dyad_M7      r=C2  piano         midi=[46, 58, 70] ❌  | spn=['C3', 'D3', 'F#3', 'A2', 'B2'] ❌  | doremi=['do', 'mi', 'sol'] ❌
    [  20/100] dyad_M7      r=G2  synth_pad     midi=[48, 53, 61, 70] ❌  | spn=['C3', 'D3', 'F#3', 'A2', 'B2'] ❌  | doremi=['do', 'mi', 'sol'] ❌
    [  21/100] dyad_m2      r=C3  square        midi=[48, 53, 60, 72] ❌  | spn=['C3', 'D3', 'F3', 'A2', 'B2'] ❌  | doremi=['do', 'mi', 'sol'] ❌
    [  22/100] dyad_m2      r=E4  bass          midi=[50, 62, 74] ❌  | spn=['C3', 'D3', 'F#3', 'A2', 'B2'] ❌  | doremi=['do', 'mi', 'sol'] ❌
    [  23/100] dyad_m2      r=G5  square        midi=[68, 71, 74, 79, 82, 85] ❌  | spn=['C5', 'D5', 'F5', 'A4', 'B4'] ❌  | doremi=['do', 'mi', 'sol'] ❌
    [  24/100] dyad_m2      r=F#1 guitar        midi=[46, 58, 70, 73, 79] ❌  | spn=['C3', 'D3', 'F#3', 'A2', 'B2'] ❌  | doremi=['do', 'mi', 'sol'] ❌
    [  25/100] dyad_m2      r=A4  clarinet      midi=[69, 71, 73, 75, 78, 80, 82, 84] ❌  | spn=['C5', 'D5', 'F5', 'A3', 'B4'] ❌  | doremi=['do', 'mi', 'sol'] ❌
    [  26/100] dyad_m3      r=G2  violin        midi=[41, 53, 69, 72, 80] ❌  | spn=['C3', 'D3', 'F3', 'A2', 'B2'] ❌  | doremi=['do', 'mi', 'sol'] ❌
    [  27/100] dyad_m3      r=E6  violin        midi=[68, 71, 73, 75, 79] ❌  | spn=['C5', 'D5', 'F5', 'A3', 'B4'] ❌  | doremi=[] ❌
    [  28/100] dyad_m3      r=G5  organ         midi=[69, 74, 81] ❌  | spn=['C5', 'D5', 'F5', 'A3'] ❌  | doremi=['do', 'mi', 'sol'] ❌
    [  29/100] dyad_m3      r=E6  trumpet       midi=[64, 72, 80] ❌  | spn=['C5', 'D5', 'F5', 'A3', 'B4'] ❌  | doremi=['do', 'mi', 'sol'] ❌
    [  30/100] dyad_m3      r=A4  guitar        midi=[45, 61, 73] ❌  | spn=['C5', 'D5', 'F5', 'A4', 'B4'] ❌  | doremi=['do', 're'] ❌
    [  31/100] dyad_m6      r=C4  violin        midi=[48, 56, 63] ❌  | spn=['C5', 'D5', 'F5', 'A3'] ❌  | doremi=['do', 'mi', 'sol'] ❌
    [  32/100] dyad_m6      r=G2  voice         midi=[48, 51, 63, 72] ❌  | spn=['C3', 'D3', 'F3', 'A2', 'B2'] ❌  | doremi=['do', 'mi', 'sol'] ❌
    [  33/100] dyad_m6      r=E4  sine          midi=[48, 56, 71] ❌  | spn=['C3', 'D3', 'F3', 'A2', 'B2'] ❌  | doremi=['do', 'mi', 'sol'] ❌
    [  34/100] dyad_m6      r=A4  synth_pad     midi=[61, 73, 80] ❌  | spn=['C3', 'D3', 'F#3', 'A2', 'B2'] ❌  | doremi=['do', 'mi', 'sol'] ❌
    [  35/100] dyad_m6      r=C3  organ         midi=[61, 70, 82] ❌  | spn=['C3', 'D3', 'F#3', 'A2', 'B2'] ❌  | doremi=['do', 'mi', 'sol'] ❌
    [  36/100] dyad_m7      r=F#1 sawtooth      midi=[48, 52, 60, 71] ❌  | spn=['C3', 'D3', 'F3', 'A2', 'B2'] ❌  | doremi=['do', 'do', 'do'] ❌
    [  37/100] dyad_m7      r=G2  square        midi=[48, 52, 60, 71] ❌  | spn=['C3', 'D3', 'F3', 'A2', 'B2'] ❌  | doremi=['do', 'mi', 'sol'] ❌
    [  38/100] dyad_m7      r=E6  flute         midi=[86, 91, 93] ❌  | spn=['D7', 'F6', 'A5', 'D8'] ❌  | doremi=['do'] ❌
    [  39/100] dyad_m7      r=C4  cello         midi=[48, 51, 63] ❌  | spn=['C5', 'D5', 'F5', 'A3', 'B4'] ❌  | doremi=['do', 'mi', 'sol'] ❌
    [  40/100] dyad_m7      r=F#3 oboe          midi=[48, 56, 71] ❌  | spn=['C3', 'D3', 'F3', 'A2', 'B2'] ❌  | doremi=['do', 'mi', 'sol'] ❌
    [  41/100] dyad_oct     r=C3  organ         midi=[60, 57, 48, 53] ❌  | spn=['C3', 'D3', 'F#3', 'A2', 'B2'] ❌  | doremi=['do', 'mi', 'sol'] ❌
    [  42/100] dyad_oct     r=G2  sawtooth      midi=[43, 56, 71] ❌  | spn=['C3', 'D3', 'F3', 'A2', 'B2'] ❌  | doremi=['do', 'mi', 'sol'] ❌
    [  43/100] dyad_oct     r=G2  synth_pad     midi=[48, 56, 71] ❌  | spn=['C3', 'D3', 'F3', 'A2', 'B2'] ❌  | doremi=['do', 'mi', 'sol'] ❌
    [  44/100] dyad_oct     r=F#3 clarinet      midi=[42, 56, 71] ❌  | spn=['C3', 'D3', 'F#3', 'A2', 'B2'] ❌  | doremi=['do', 'mi', 'sol'] ❌
    [  45/100] dyad_oct     r=C2  flute         midi=[48, 51, 63] ❌  | spn=['C3', 'D3', 'F3', 'A2', 'B2'] ❌  | doremi=['do', 'mi', 'sol'] ❌
    [  46/100] dyad_p4      r=C2  piano         midi=[47, 59, 62, 63, 68, 71, 74, 76, 78, 80, 82, 84, 86, 88, 90, 92, 94, 96, 98, 100] ❌  | spn=['C3', 'D3', 'F#3', 'A2', 'B2'] ❌  | doremi=['do', 'mi', 'sol'] ❌
    [  47/100] dyad_p4      r=C4  square        midi=[48, 56, 71] ❌  | spn=['C3', 'D3', 'F#3', 'A2', 'B2'] ❌  | doremi=['do', 'mi', 'sol'] ❌
    [  48/100] dyad_p4      r=C2  electric_keyboard  midi=[23, 41, 58, 69] ❌  | spn=['C3', 'D3', 'F3', 'A2', 'B2'] ❌  | doremi=['do', 're', 'mi'] ❌
    [  49/100] dyad_p4      r=F#3 bass          midi=[48, 53, 60, 69] ❌  | spn=['B3', 'D4', 'F#3', 'A2', 'B3'] ❌  | doremi=['do', 'mi', 'sol'] ❌
    [  50/100] dyad_p4      r=F#3 violin        midi=[48, 51, 63] ❌  | spn=['C3', 'D3', 'F#3', 'A2', 'B2'] ❌  | doremi=['do', 'mi', 'sol'] ❌
    [  51/100] dyad_p5      r=G5  square        midi=[67, 80, 93] ❌  | spn=['C5', 'D5', 'F5', 'A3', 'B4'] ❌  | doremi=['do', 'mi', 'sol'] ❌
    [  52/100] dyad_p5      r=C3  clarinet      midi=[48, 56, 71] ❌  | spn=['C3', 'D3', 'F3', 'A2', 'B2'] ❌  | doremi=['do', 'mi', 'sol'] ❌
    [  53/100] dyad_p5      r=F#1 oboe          midi=[26, 38, 41, 50, 57, 69] ❌  | spn=['C3', 'D3', 'F3', 'A2', 'B2'] ❌  | doremi=['do', 're', 'mi'] ❌
    [  54/100] dyad_p5      r=E6  bass          midi=[76, 80, 83] ❌  | spn=['C5', 'D5', 'F5', 'A3', 'B4'] ❌  | doremi=[] ❌
    [  55/100] dyad_p5      r=E4  triangle      midi=[67, 80, 93] ❌  | spn=['C3', 'D3', 'F3', 'A2', 'B2'] ❌  | doremi=['do', 'mi', 'sol'] ❌
    [  56/100] dyad_tt      r=A4  piano         midi=[69, 71, 73] ❌  | spn=['C5', 'D5', 'F5', 'A4', 'B4'] ❌  | doremi=[] ❌
    [  57/100] dyad_tt      r=C2  violin        midi=[41, 53, 60, 72] ❌  | spn=['C3', 'D3', 'F3', 'A2', 'B2'] ❌  | doremi=['do', 'mi', 'sol'] ❌
    [  58/100] dyad_tt      r=C4  sawtooth      midi=[48, 56, 71] ❌  | spn=['C3', 'D3', 'F#3', 'A2', 'B2'] ❌  | doremi=['do', 'mi', 'sol'] ❌
    [  59/100] dyad_tt      r=C2  sawtooth      midi=[48, 52, 60, 71] ❌  | spn=['C3', 'D3', 'F3', 'A2', 'B2'] ❌  | doremi=['do', 'do', 'do'] ❌
    [  60/100] dyad_tt      r=A4  trumpet       midi=[69, 74, 81] ❌  | spn=['C5', 'D5', 'F5', 'A4', 'B3'] ❌  | doremi=['do', 'mi', 'sol'] ❌
    [  61/100] dyad_uni     r=C3  voice         midi=[48, 51, 63, 72] ❌  | spn=['C3', 'D3', 'F#3', 'A2', 'B2'] ❌  | doremi=['do', 'mi', 'sol'] ❌
    [  62/100] dyad_uni     r=G5  trumpet       midi=[79, 81, 83] ❌  | spn=['C5', 'D5', 'F5', 'A4', 'B3'] ❌  | doremi=['do', 'mi', 'sol'] ❌
    [  63/100] dyad_uni     r=G5  guitar        midi=[79, 82, 84] ❌  | spn=['C5', 'F5', 'A#6'] ❌  | doremi=[] ❌
    [  64/100] dyad_uni     r=F#3 synth_lead    midi=[48, 56, 63, 71, 79] ❌  | spn=['C3', 'D3', 'F#3', 'A2', 'B2'] ❌  | doremi=['do', 'mi', 'sol'] ❌
    [  65/100] dyad_uni     r=A4  organ         midi=[69, 72, 81] ❌  | spn=['C5', 'D5', 'F5', 'A3'] ❌  | doremi=['do', 'mi', 'sol'] ❌
    [  66/100] seventh_dom  r=G2  oboe          midi=[36, 41, 50, 57, 62, 69, 81] ❌  | spn=['C3', 'D3', 'F3', 'A2', 'B2'] ❌  | doremi=['do', 'mi', 'sol'] ❌
    [  67/100] seventh_dom  r=E6  trombone      midi=[48, 56, 71] ❌  | spn=['C3', 'D3', 'F3', 'A2', 'B2'] ❌  | doremi=['do', 'mi', 'sol'] ❌
    [  68/100] seventh_dom  r=F#1 synth_pad     midi=[48, 52, 60, 71, 73, 79] ❌  | spn=['C3', 'D3', 'F#3', 'A2', 'B2'] ❌  | doremi=['do', 'mi', 'sol'] ❌
    [  69/100] seventh_dom  r=F#1 oboe          midi=[24, 36, 51, 70, 89] ❌  | spn=['C3', 'D3', 'F3', 'A2', 'B2'] ❌  | doremi=['do', 'mi', 'sol'] ❌
    [  70/100] seventh_dom  r=G5  synth_pad     midi=[60, 72, 84] ❌  | spn=['C3', 'D3', 'F#3', 'A2', 'B2'] ❌  | doremi=['do', 'mi', 'sol'] ❌
    [  71/100] seventh_maj  r=C3  sawtooth      midi=[48, 52, 60, 71, 73, 79] ❌  | spn=['C3', 'D3', 'F3', 'A2', 'B2'] ❌  | doremi=['do', 'mi', 'sol'] ❌
    [  72/100] seventh_maj  r=C3  synth_pad     midi=[48, 52, 60, 71] ❌  | spn=['C3', 'D3', 'F#3', 'A2', 'B2'] ❌  | doremi=['do', 'mi', 'sol'] ❌
    [  73/100] seventh_maj  r=C2  sawtooth      midi=[48, 52, 60, 71, 73, 79] ❌  | spn=['C3', 'D3', 'F3', 'A2', 'B2'] ❌  | doremi=['do', 'do', 'do'] ❌
    [  74/100] seventh_maj  r=C3  square        midi=[48, 52, 60, 71] ❌  | spn=['C3', 'D3', 'F3', 'A2', 'B2'] ❌  | doremi=['do', 'mi', 'sol'] ❌
    [  75/100] seventh_maj  r=C2  guitar        midi=[46, 58, 70] ❌  | spn=['C3', 'D3', 'F#3', 'A2', 'B2'] ❌  | doremi=['do', 'mi', 'sol'] ❌
    [  76/100] seventh_min  r=C4  square        midi=[48, 52, 60, 71] ❌  | spn=['C3', 'D3', 'F#3', 'A2', 'B2'] ❌  | doremi=['do', 'mi', 'sol'] ❌
    [  77/100] seventh_min  r=C3  organ         midi=[61, 73, 80, 92] ❌  | spn=['C3', 'D3', 'F#3', 'A2', 'B2'] ❌  | doremi=['do', 'mi', 'sol'] ❌
    [  78/100] seventh_min  r=E4  square        midi=[48, 52, 60, 71] ❌  | spn=['C3', 'D3', 'F#3', 'A2', 'B2'] ❌  | doremi=['do', 'mi', 'sol'] ❌
    [  79/100] seventh_min  r=G5  clarinet      midi=[69, 71, 73] ❌  | spn=['C5', 'D5', 'F5', 'A4', 'B3'] ❌  | doremi=['do', 'mi', 'sol'] ❌
    [  80/100] seventh_min  r=F#3 synth_pad     midi=[61, 73, 80] ❌  | spn=['C3', 'D3', 'F#3', 'A2', 'B2'] ❌  | doremi=['do', 'mi', 'sol'] ❌
    [  81/100] triad_aug    r=G2  triangle      midi=[48, 52, 60, 71] ❌  | spn=['C3', 'D3', 'F3', 'A2', 'B2'] ❌  | doremi=['do', 'mi', 'sol'] ❌
    [  82/100] triad_aug    r=F#3 voice         midi=[60, 64, 67, 72, 75, 81] ❌  | spn=['C3', 'D3', 'F#3', 'A2', 'B2'] ❌  | doremi=['do', 'mi', 'sol'] ❌
    [  83/100] triad_aug    r=F#3 organ         midi=[49, 52, 61] ❌  | spn=['C3', 'D3', 'F#3', 'A2', 'B2'] ❌  | doremi=['do', 'mi', 'sol'] ❌
    [  84/100] triad_aug    r=G2  bass          midi=[48, 52, 60, 71] ❌  | spn=['C3', 'D3', 'F#3', 'A2', 'B2'] ❌  | doremi=['do', 'mi', 'sol'] ❌
    [  85/100] triad_aug    r=E6  sine          midi=[67, 80, 93] ❌  | spn=['C3', 'D3', 'F3', 'A2', 'B2'] ❌  | doremi=['sol'] ❌
    [  86/100] triad_dim    r=C3  oboe          midi=[36, 41, 58, 70] ❌  | spn=['C3', 'D3', 'F3', 'A2', 'B2'] ❌  | doremi=['do', 'mi', 'sol'] ❌
    [  87/100] triad_dim    r=E6  trumpet       midi=[69, 71, 80] ❌  | spn=['C5', 'D5', 'F5', 'A3', 'B4'] ❌  | doremi=['do', 'mi', 'sol'] ❌
    [  88/100] triad_dim    r=E6  triangle      midi=[61, 73, 85] ❌  | spn=['C5', 'D5', 'F5', 'A3', 'B4'] ❌  | doremi=['do', 'mi', 'sol'] ❌
    [  89/100] triad_dim    r=G5  cello         midi=[68, 70, 72, 74, 75, 79] ❌  | spn=['C5', 'D5', 'F5', 'A4', 'B4'] ❌  | doremi=['do', 'mi', 'sol'] ❌
    [  90/100] triad_dim    r=F#1 voice         midi=[48, 52, 60, 71, 73, 79] ❌  | spn=['C3', 'D3', 'F3', 'A2', 'B2'] ❌  | doremi=['do', 'do', 'do', 'do'] ❌
    [  91/100] triad_maj    r=G5  triangle      midi=[67, 71, 80] ❌  | spn=['C5', 'D5', 'F5', 'A3', 'B4'] ❌  | doremi=['do', 'mi', 'sol'] ❌
    [  92/100] triad_maj    r=G5  clarinet      midi=[67, 72, 80] ❌  | spn=['C5', 'D5', 'F5', 'A3', 'B4'] ❌  | doremi=['do', 'mi', 'sol'] ❌
    [  93/100] triad_maj    r=G2  electric_keyboard  midi=[23, 41, 58, 69] ❌  | spn=['C3', 'D3', 'F#3', 'A2', 'B2'] ❌  | doremi=['do', 're', 'mi'] ❌
    [  94/100] triad_maj    r=A4  triangle      midi=[63, 70, 82] ❌  | spn=['C3', 'D3', 'F3', 'A2', 'B2'] ❌  | doremi=['do'] ❌
    [  95/100] triad_maj    r=E6  bass          midi=[70, 81, 93] ❌  | spn=['C5', 'D5', 'F#6', 'A#3'] ❌  | doremi=[] ❌
    [  96/100] triad_min    r=C3  electric_keyboard  midi=[36, 40, 52] ❌  | spn=['C3', 'D3', 'F#3', 'A2', 'B2'] ❌  | doremi=['do'] ❌
    [  97/100] triad_min    r=G2  triangle      midi=[48, 52, 60, 71] ❌  | spn=['C3', 'D3', 'F3', 'A2', 'B2'] ❌  | doremi=['do', 'mi', 'sol'] ❌
    [  98/100] triad_min    r=E4  piano         midi=[48, 51, 63] ❌  | spn=['C5', 'D5', 'F#6', 'A#3'] ❌  | doremi=[] ❌
    [  99/100] triad_min    r=C4  square        midi=[48, 52, 60, 71] ❌  | spn=['C3', 'D3', 'F#3', 'A2', 'B2'] ❌  | doremi=['do', 'mi', 'sol'] ❌
    [ 100/100] triad_min    r=C3  violin        midi=[48, 51, 63, 70] ❌  | spn=['C3', 'D3', 'F#3', 'A2', 'B2'] ❌  | doremi=['do', 'mi', 'sol'] ❌

============================================================
SUMMARY — audio_flamingo_next_instruct
  Sampling     : 100 of 3800 (stratified by 'chord_type', seed=42)
  Stimuli (total)     : 100
  Stimuli (condition) : 100  (all records)

      Metric   Accuracy
  ───────────────────────
        MIDI       0.0%
         SPN       0.0%
      DOREMI       0.0%

  *** WARNING: working tree has uncommitted changes — results will NOT be exactly reproducible from git_commit alone ***


Results saved → results/run_20260505_112814/pitchbench_c3_chord_pitch_id/run_001_20260505_120253/results_audio_flamingo_next_instruct.*

############################################################
# pitchbench_c4_chord_quality
############################################################

Experiment : pitchbench_c4_chord_quality
Models     : audio_flamingo_next_instruct
Stimuli    : 100
  Sampling     : 100 of 7296 (stratified by '(chord_quality_gt, same_instrument)', seed=42)

  Model : Audio Flamingo Next – instruct
    [dispatch] 100 items, max_workers=1
    [   1/100] augmented   root=A4   same_instrumentation=False quality_only  quality=maj7 ❌
    [   2/100] augmented   root=A4   same_instrumentation=False quality_only  quality=major ❌
    [   3/100] augmented   root=G2   same_instrumentation=False quality_only  quality=major ❌
    [   4/100] augmented   root=E6   same_instrumentation=False quality_only  quality=maj7 ❌
    [   5/100] augmented   root=F#1  same_instrumentation=False quality_only  quality=augmented ✅
    [   6/100] augmented   root=C4   same_instrumentation=True  quality_only  quality=major ❌
    [   7/100] augmented   root=F#3  same_instrumentation=True  quality_only  quality=sus4 ❌
    [   8/100] augmented   root=C2   same_instrumentation=True  quality_only  quality=major ❌
    [   9/100] augmented   root=A4   same_instrumentation=True  quality_only  quality=maj7 ❌
    [  10/100] augmented   root=G2   same_instrumentation=True  quality_only  quality=augmented ✅
    [  11/100] diminished  root=E4   same_instrumentation=False quality_only  quality=major ❌
    [  12/100] diminished  root=E6   same_instrumentation=False quality_only  quality=augmented ❌
    [  13/100] diminished  root=E6   same_instrumentation=False quality_only  quality=augmented ❌
    [  14/100] diminished  root=F#3  same_instrumentation=False quality_only  quality=major ❌
    [  15/100] diminished  root=G2   same_instrumentation=False quality_only  quality=major ❌
    [  16/100] diminished  root=E4   same_instrumentation=True  quality_only  quality=major ❌
    [  17/100] diminished  root=E4   same_instrumentation=True  quality_only  quality=m7b5 ❌
    [  18/100] diminished  root=C4   same_instrumentation=True  quality_only  quality=m7b5 ❌
    [  19/100] diminished  root=A4   same_instrumentation=True  quality_only  quality=major ❌
    [  20/100] diminished  root=C2   same_instrumentation=True  quality_only  quality=maj7 ❌
    [  21/100] dom7        root=G2   same_instrumentation=False quality_only  quality=augmented ❌
    [  22/100] dom7        root=E4   same_instrumentation=False quality_only  quality=maj7 ❌
    [  23/100] dom7        root=G2   same_instrumentation=False quality_only  quality=augmented ❌
    [  24/100] dom7        root=F#3  same_instrumentation=False quality_only  quality=major ❌
    [  25/100] dom7        root=G5   same_instrumentation=False quality_only  quality=major ❌
    [  26/100] dom7        root=G2   same_instrumentation=True  quality_only  quality=sus4 ❌
    [  27/100] dom7        root=G5   same_instrumentation=True  quality_only  quality=maj7 ❌
    [  28/100] dom7        root=F#1  same_instrumentation=True  quality_only  quality=augmented ❌
    [  29/100] dom7        root=A4   same_instrumentation=True  quality_only  quality=major ❌
    [  30/100] dom7        root=F#3  same_instrumentation=True  quality_only  quality=major ❌
    [  31/100] m7b5        root=F#3  same_instrumentation=False quality_only  quality=major ❌
    [  32/100] m7b5        root=F#3  same_instrumentation=False quality_only  quality=major ❌
    [  33/100] m7b5        root=A4   same_instrumentation=False quality_only  quality=maj7 ❌
    [  34/100] m7b5        root=C3   same_instrumentation=False quality_only  quality=major ❌
    [  35/100] m7b5        root=F#1  same_instrumentation=False quality_only  quality=m7b5 ✅
    [  36/100] m7b5        root=F#1  same_instrumentation=True  quality_only  quality=major ❌
    [  37/100] m7b5        root=C3   same_instrumentation=True  quality_only  quality=major ❌
    [  38/100] m7b5        root=A4   same_instrumentation=True  quality_only  quality=sus4 ❌
    [  39/100] m7b5        root=A4   same_instrumentation=True  quality_only  quality=major ❌
    [  40/100] m7b5        root=G2   same_instrumentation=True  quality_only  quality=major ❌
    [  41/100] maj7        root=C2   same_instrumentation=False quality_only  quality=augmented ❌
    [  42/100] maj7        root=A4   same_instrumentation=False quality_only  quality=maj7 ✅
    [  43/100] maj7        root=G2   same_instrumentation=False quality_only  quality=major ❌
    [  44/100] maj7        root=C4   same_instrumentation=False quality_only  quality=maj7 ✅
    [  45/100] maj7        root=F#3  same_instrumentation=False quality_only  quality=major ❌
    [  46/100] maj7        root=C3   same_instrumentation=True  quality_only  quality=maj7 ✅
    [  47/100] maj7        root=C4   same_instrumentation=True  quality_only  quality=major ❌
    [  48/100] maj7        root=C3   same_instrumentation=True  quality_only  quality=major ❌
    [  49/100] maj7        root=F#1  same_instrumentation=True  quality_only  quality=m7b5 ❌
    [  50/100] maj7        root=F#3  same_instrumentation=True  quality_only  quality=major ❌
    [  51/100] major       root=C3   same_instrumentation=False quality_only  quality=m7b5 ❌
    [  52/100] major       root=C4   same_instrumentation=False quality_only  quality=maj7 ❌
    [  53/100] major       root=F#3  same_instrumentation=False quality_only  quality=major ✅
    [  54/100] major       root=C3   same_instrumentation=False quality_only  quality=major ✅
    [  55/100] major       root=C3   same_instrumentation=False quality_only  quality=major ✅
    [  56/100] major       root=F#1  same_instrumentation=True  quality_only  quality=augmented ❌
    [  57/100] major       root=G2   same_instrumentation=True  quality_only  quality=major ✅
    [  58/100] major       root=F#1  same_instrumentation=True  quality_only  quality=m7b5 ❌
    [  59/100] major       root=C2   same_instrumentation=True  quality_only  quality=augmented ❌
    [  60/100] major       root=E4   same_instrumentation=True  quality_only  quality=augmented ❌
    [  61/100] min7        root=C4   same_instrumentation=False quality_only  quality=major ❌
    [  62/100] min7        root=A4   same_instrumentation=False quality_only  quality=major ❌
    [  63/100] min7        root=G5   same_instrumentation=False quality_only  quality=major ❌
    [  64/100] min7        root=G5   same_instrumentation=False quality_only  quality=major ❌
    [  65/100] min7        root=C4   same_instrumentation=False quality_only  quality=major ❌
    [  66/100] min7        root=C4   same_instrumentation=True  quality_only  quality=maj7 ❌
    [  67/100] min7        root=G5   same_instrumentation=True  quality_only  quality=major ❌
    [  68/100] min7        root=F#3  same_instrumentation=True  quality_only  quality=major ❌
    [  69/100] min7        root=F#3  same_instrumentation=True  quality_only  quality=major ❌
    [  70/100] min7        root=G2   same_instrumentation=True  quality_only  quality=sus4 ❌
    [  71/100] minor       root=C2   same_instrumentation=False quality_only  quality=m7b5 ❌
    [  72/100] minor       root=F#3  same_instrumentation=False quality_only  quality=major ❌
    [  73/100] minor       root=G2   same_instrumentation=False quality_only  quality=m7b5 ❌
    [  74/100] minor       root=G2   same_instrumentation=False quality_only  quality=major ❌
    [  75/100] minor       root=C4   same_instrumentation=False quality_only  quality=major ❌
    [  76/100] minor       root=E4   same_instrumentation=True  quality_only  quality=major ❌
    [  77/100] minor       root=C3   same_instrumentation=True  quality_only  quality=major ❌
    [  78/100] minor       root=E6   same_instrumentation=True  quality_only  quality=major ❌
    [  79/100] minor       root=C2   same_instrumentation=True  quality_only  quality=dom7 ❌
    [  80/100] minor       root=A4   same_instrumentation=True  quality_only  quality=major ❌
    [  81/100] sus2        root=C3   same_instrumentation=False quality_only  quality=major ❌
    [  82/100] sus2        root=E4   same_instrumentation=False quality_only  quality=major ❌
    [  83/100] sus2        root=E6   same_instrumentation=False quality_only  quality=major ❌
    [  84/100] sus2        root=E6   same_instrumentation=False quality_only  quality=major ❌
    [  85/100] sus2        root=C2   same_instrumentation=False quality_only  quality=major ❌
    [  86/100] sus2        root=E4   same_instrumentation=True  quality_only  quality=major ❌
    [  87/100] sus2        root=C2   same_instrumentation=True  quality_only  quality=maj7 ❌
    [  88/100] sus2        root=C4   same_instrumentation=True  quality_only  quality=major ❌
    [  89/100] sus2        root=A4   same_instrumentation=True  quality_only  quality=major ❌
    [  90/100] sus2        root=C3   same_instrumentation=True  quality_only  quality=sus4 ❌
    [  91/100] sus4        root=C3   same_instrumentation=False quality_only  quality=sus4 ✅
    [  92/100] sus4        root=C4   same_instrumentation=False quality_only  quality=major ❌
    [  93/100] sus4        root=C3   same_instrumentation=False quality_only  quality=major ❌
    [  94/100] sus4        root=E4   same_instrumentation=False quality_only  quality=major ❌
    [  95/100] sus4        root=F#3  same_instrumentation=False quality_only  quality=major ❌
    [  96/100] sus4        root=G5   same_instrumentation=True  quality_only  quality=major ❌
    [  97/100] sus4        root=A4   same_instrumentation=True  quality_only  quality=major ❌
    [  98/100] sus4        root=G2   same_instrumentation=True  quality_only  quality=augmented ❌
    [  99/100] sus4        root=C4   same_instrumentation=True  quality_only  quality=major ❌
    [ 100/100] sus4        root=G2   same_instrumentation=True  quality_only  quality=major ❌

============================================================
SUMMARY — audio_flamingo_next_instruct
  Sampling     : 100 of 7296 (stratified by '(chord_quality_gt, same_instrument)', seed=42)
  Stimuli (total)     : 100
  Stimuli (condition) : 100  (all records)

      Metric   Accuracy
  ───────────────────────
     QUALITY      11.0%

  *** WARNING: working tree has uncommitted changes — results will NOT be exactly reproducible from git_commit alone ***


Results saved → results/run_20260505_112814/pitchbench_c4_chord_quality/run_001_20260505_120428/results_audio_flamingo_next_instruct.*

############################################################
# pitchbench_d1_seq_pitch_count
############################################################

Experiment : pitchbench_d1_seq_pitch_count
Models     : audio_flamingo_next_instruct
Stimuli    : 70
  Sampling     : 70 of 1596 (stratified by '(n, rhythm)', seed=42)

  Model : Audio Flamingo Next – instruct
    [dispatch] 70 items, max_workers=1
    [   1/70] n= 1 irregular      cello dur= 5000ms t=0  count=1 ✅
    [   2/70] n= 1 irregular     square dur= 1000ms t=2  count=4 ❌
    [   3/70] n= 1 irregular       sine dur= 5000ms t=0  count=1 ✅
    [   4/70] n= 1 irregular       bass dur= 5000ms t=1  count=1 ✅
    [   5/70] n= 1 irregular electric_keyboard dur= 5000ms t=2  count=2 ❌
    [   6/70] n= 1   regular electric_keyboard dur= 1000ms t=1  count=4 ❌
    [   7/70] n= 1   regular      piano dur= 5000ms t=1  count=12 ❌
    [   8/70] n= 1   regular     square dur= 5000ms t=2  count=1 ✅
    [   9/70] n= 1   regular       bass dur= 5000ms t=1  count=1 ✅
    [  10/70] n= 1   regular     square dur= 1000ms t=1  count=3 ❌
    [  11/70] n=10 irregular      organ dur= 1000ms t=2  count=12 ❌
    [  12/70] n=10 irregular       bass dur= 5000ms t=1  count=4 ❌
    [  13/70] n=10 irregular       oboe dur= 5000ms t=0  count=4 ❌
    [  14/70] n=10 irregular   sawtooth dur= 5000ms t=2  count=4 ❌
    [  15/70] n=10 irregular     violin dur= 5000ms t=0  count=4 ❌
    [  16/70] n=10   regular   trombone dur= 1000ms t=0  count=4 ❌
    [  17/70] n=10   regular       sine dur= 5000ms t=1  count=3 ❌
    [  18/70] n=10   regular       sine dur= 5000ms t=0  count=3 ❌
    [  19/70] n=10   regular   sawtooth dur= 5000ms t=2  count=3 ❌
    [  20/70] n=10   regular      piano dur= 5000ms t=0  count=12 ❌
    [  21/70] n= 2 irregular      piano dur= 5000ms t=2  count=3 ❌
    [  22/70] n= 2 irregular   clarinet dur= 5000ms t=1  count=3 ❌
    [  23/70] n= 2 irregular     violin dur= 5000ms t=2  count=2 ✅
    [  24/70] n= 2 irregular       sine dur= 5000ms t=0  count=2 ✅
    [  25/70] n= 2 irregular       oboe dur= 5000ms t=2  count=2 ✅
    [  26/70] n= 2   regular      piano dur= 1000ms t=1  count=3 ❌
    [  27/70] n= 2   regular       bass dur= 1000ms t=1  count=3 ❌
    [  28/70] n= 2   regular      cello dur= 5000ms t=2  count=3 ❌
    [  29/70] n= 2   regular      organ dur= 5000ms t=2  count=4 ❌
    [  30/70] n= 2   regular       oboe dur= 5000ms t=0  count=2 ✅
    [  31/70] n= 3 irregular    trumpet dur= 5000ms t=2  count=3 ✅
    [  32/70] n= 3 irregular      piano dur= 5000ms t=1  count=3 ✅
    [  33/70] n= 3 irregular   trombone dur= 5000ms t=0  count=3 ✅
    [  34/70] n= 3 irregular     violin dur= 5000ms t=0  count=3 ✅
    [  35/70] n= 3 irregular electric_keyboard dur= 5000ms t=2  count=2 ❌
    [  36/70] n= 3   regular  synth_pad dur= 1000ms t=1  count=3 ✅
    [  37/70] n= 3   regular      voice dur= 5000ms t=0  count=4 ❌
    [  38/70] n= 3   regular       sine dur= 1000ms t=0  count=2 ❌
    [  39/70] n= 3   regular synth_lead dur= 1000ms t=1  count=3 ✅
    [  40/70] n= 3   regular   triangle dur= 1000ms t=2  count=10 ❌
    [  41/70] n= 4 irregular      organ dur= 5000ms t=2  count=4 ✅
    [  42/70] n= 4 irregular   trombone dur= 1000ms t=0  count=3 ❌
    [  43/70] n= 4 irregular      flute dur= 1000ms t=1  count=3 ❌
    [  44/70] n= 4 irregular electric_keyboard dur= 5000ms t=2  count=3 ❌
    [  45/70] n= 4 irregular   triangle dur= 1000ms t=1  count=3 ❌
    [  46/70] n= 4   regular      piano dur= 5000ms t=0  count=3 ❌
    [  47/70] n= 4   regular synth_lead dur= 1000ms t=1  count=3 ❌
    [  48/70] n= 4   regular      flute dur= 1000ms t=1  count=3 ❌
    [  49/70] n= 4   regular     square dur= 1000ms t=1  count=3 ❌
    [  50/70] n= 4   regular   sawtooth dur= 5000ms t=2  count=3 ❌
    [  51/70] n= 5 irregular    trumpet dur= 1000ms t=0  count=3 ❌
    [  52/70] n= 5 irregular     square dur= 1000ms t=0  count=3 ❌
    [  53/70] n= 5 irregular      flute dur= 5000ms t=0  count=3 ❌
    [  54/70] n= 5 irregular      voice dur= 1000ms t=0  count=3 ❌
    [  55/70] n= 5 irregular      flute dur= 1000ms t=2  count=3 ❌
    [  56/70] n= 5   regular     violin dur= 5000ms t=2  count=4 ❌
    [  57/70] n= 5   regular electric_keyboard dur= 5000ms t=0  count=4 ❌
    [  58/70] n= 5   regular  synth_pad dur= 1000ms t=1  count=3 ❌
    [  59/70] n= 5   regular       sine dur= 5000ms t=2  count=3 ❌
    [  60/70] n= 5   regular       bass dur= 5000ms t=0  count=3 ❌
    [  61/70] n= 7 irregular   trombone dur= 5000ms t=1  count=2 ❌
    [  62/70] n= 7 irregular       oboe dur= 1000ms t=2  count=3 ❌
    [  63/70] n= 7 irregular     square dur= 5000ms t=0  count=12 ❌
    [  64/70] n= 7 irregular    trumpet dur= 1000ms t=0  count=3 ❌
    [  65/70] n= 7 irregular   sawtooth dur= 5000ms t=1  count=2 ❌
    [  66/70] n= 7   regular       oboe dur= 5000ms t=1  count=12 ❌
    [  67/70] n= 7   regular     guitar dur= 1000ms t=1  count=4 ❌
    [  68/70] n= 7   regular  synth_pad dur= 5000ms t=1  count=4 ❌
    [  69/70] n= 7   regular      cello dur= 1000ms t=2  count=4 ❌
    [  70/70] n= 7   regular      cello dur= 1000ms t=1  count=4 ❌

============================================================
SUMMARY — audio_flamingo_next_instruct
  Sampling     : 70 of 1596 (stratified by '(n, rhythm)', seed=42)
  Stimuli (total)     : 70
  Stimuli (condition) : 70  (all records)

          Metric   Accuracy
  ───────────────────────────
           COUNT      22.9%

  *** WARNING: working tree has uncommitted changes — results will NOT be exactly reproducible from git_commit alone ***


Results saved → results/run_20260505_112814/pitchbench_d1_seq_pitch_count/run_001_20260505_120439/results_audio_flamingo_next_instruct.*

############################################################
# pitchbench_d2_pitch_difference
############################################################

Experiment : pitchbench_d2_pitch_difference
Models     : audio_flamingo_next_instruct
Stimuli    : 110
  Sampling     : 110 of 15048 (stratified by '(delta_cents, order)', seed=42)

  Model : Audio Flamingo Next – instruct
    [dispatch] 110 items, max_workers=1
    [   1/110] A4 Δ=    1c sep=1000ms dur=5000ms  answer=first ❌
    [   2/110] A3 Δ=    1c sep=1000ms dur=5000ms  answer=first ❌
    [   3/110] A5 Δ=    1c sep= 200ms dur=1000ms  answer=first ❌
    [   4/110] A5 Δ=    1c sep=2000ms dur=5000ms  answer=first ❌
    [   5/110] A3 Δ=    1c sep= 200ms dur=5000ms  answer=first ❌
    [   6/110] A3 Δ=    1c sep=2000ms dur=1000ms  answer=first ✅
    [   7/110] A5 Δ=    1c sep= 500ms dur=1000ms  answer=first ✅
    [   8/110] A5 Δ=    1c sep=2000ms dur=1000ms  answer=first ✅
    [   9/110] A5 Δ=    1c sep=2000ms dur=1000ms  answer=first ✅
    [  10/110] A5 Δ=    1c sep=1000ms dur=5000ms  answer=first ✅
    [  11/110] A3 Δ=   10c sep= 500ms dur=5000ms  answer=first ❌
    [  12/110] A4 Δ=   10c sep=1000ms dur=1000ms  answer=first ❌
    [  13/110] A3 Δ=   10c sep=2000ms dur=1000ms  answer=first ❌
    [  14/110] A5 Δ=   10c sep=1000ms dur=1000ms  answer=first ❌
    [  15/110] A5 Δ=   10c sep=1000ms dur=1000ms  answer=first ❌
    [  16/110] A5 Δ=   10c sep=2000ms dur=1000ms  answer=second ❌
    [  17/110] A5 Δ=   10c sep=1000ms dur=1000ms  answer=first ✅
    [  18/110] A3 Δ=   10c sep= 200ms dur=5000ms  answer=first ✅
    [  19/110] A5 Δ=   10c sep= 200ms dur=5000ms  answer=first ✅
    [  20/110] A4 Δ=   10c sep=1000ms dur=5000ms  answer=first ✅
    [  21/110] A5 Δ=  100c sep=1000ms dur=1000ms  answer=first ❌
    [  22/110] A5 Δ=  100c sep=2000ms dur=5000ms  answer=first ❌
    [  23/110] A5 Δ=  100c sep=2000ms dur=5000ms  answer=first ❌
    [  24/110] A3 Δ=  100c sep=2000ms dur=5000ms  answer=first ❌
    [  25/110] A4 Δ=  100c sep=1000ms dur=5000ms  answer=second ✅
    [  26/110] A5 Δ=  100c sep= 500ms dur=1000ms  answer=first ✅
    [  27/110] A5 Δ=  100c sep=1000ms dur=5000ms  answer=first ✅
    [  28/110] A5 Δ=  100c sep= 200ms dur=1000ms  answer=second ❌
    [  29/110] A5 Δ=  100c sep=2000ms dur=1000ms  answer=first ✅
    [  30/110] A4 Δ=  100c sep= 500ms dur=1000ms  answer=first ✅
    [  31/110] A3 Δ= 1200c sep=2000ms dur=1000ms  answer=first ❌
    [  32/110] A4 Δ= 1200c sep= 200ms dur=5000ms  answer=first ❌
    [  33/110] A3 Δ= 1200c sep=2000ms dur=1000ms  answer=first ❌
    [  34/110] A3 Δ= 1200c sep= 500ms dur=5000ms  answer=first ❌
    [  35/110] A4 Δ= 1200c sep= 500ms dur=5000ms  answer=first ❌
    [  36/110] A4 Δ= 1200c sep=1000ms dur=1000ms  answer=second ❌
    [  37/110] A4 Δ= 1200c sep=1000ms dur=5000ms  answer=first ✅
    [  38/110] A3 Δ= 1200c sep=1000ms dur=5000ms  answer=first ✅
    [  39/110] A3 Δ= 1200c sep= 500ms dur=1000ms  answer=first ✅
    [  40/110] A5 Δ= 1200c sep=1000ms dur=1000ms  answer=second ❌
    [  41/110] A5 Δ=    2c sep=1000ms dur=1000ms  answer=first ❌
    [  42/110] A4 Δ=    2c sep=1000ms dur=1000ms  answer=first ❌
    [  43/110] A3 Δ=    2c sep= 500ms dur=1000ms  answer=first ❌
    [  44/110] A4 Δ=    2c sep= 500ms dur=5000ms  answer=first ❌
    [  45/110] A3 Δ=    2c sep= 200ms dur=5000ms  answer=first ❌
    [  46/110] A4 Δ=    2c sep=2000ms dur=5000ms  answer=first ✅
    [  47/110] A4 Δ=    2c sep=2000ms dur=1000ms  answer=first ✅
    [  48/110] A3 Δ=    2c sep= 200ms dur=5000ms  answer=first ✅
    [  49/110] A3 Δ=    2c sep=2000ms dur=5000ms  answer=first ✅
    [  50/110] A4 Δ=    2c sep=2000ms dur=5000ms  answer=first ✅
    [  51/110] A3 Δ=  200c sep=2000ms dur=5000ms  answer=first ❌
    [  52/110] A3 Δ=  200c sep= 200ms dur=5000ms  answer=first ❌
    [  53/110] A3 Δ=  200c sep= 200ms dur=1000ms  answer=first ❌
    [  54/110] A3 Δ=  200c sep=1000ms dur=1000ms  answer=first ❌
    [  55/110] A3 Δ=  200c sep=2000ms dur=5000ms  answer=first ❌
    [  56/110] A3 Δ=  200c sep= 200ms dur=1000ms  answer=first ✅
    [  57/110] A5 Δ=  200c sep= 200ms dur=1000ms  answer=second ❌
    [  58/110] A5 Δ=  200c sep=1000ms dur=5000ms  answer=first ✅
    [  59/110] A4 Δ=  200c sep= 500ms dur=5000ms  answer=first ✅
    [  60/110] A3 Δ=  200c sep= 500ms dur=1000ms  answer=first ✅
    [  61/110] A4 Δ=   25c sep= 200ms dur=5000ms  answer=first ❌
    [  62/110] A5 Δ=   25c sep= 200ms dur=1000ms  answer=first ❌
    [  63/110] A4 Δ=   25c sep=1000ms dur=1000ms  answer=first ❌
    [  64/110] A4 Δ=   25c sep= 500ms dur=1000ms  answer=first ❌
    [  65/110] A5 Δ=   25c sep= 500ms dur=5000ms  answer=first ❌
    [  66/110] A5 Δ=   25c sep=1000ms dur=1000ms  answer=first ✅
    [  67/110] A4 Δ=   25c sep= 500ms dur=1000ms  answer=first ✅
    [  68/110] A4 Δ=   25c sep= 500ms dur=5000ms  answer=first ✅
    [  69/110] A3 Δ=   25c sep= 500ms dur=5000ms  answer=first ✅
    [  70/110] A3 Δ=   25c sep=1000ms dur=1000ms  answer=first ✅
    [  71/110] A4 Δ=  400c sep=2000ms dur=5000ms  answer=first ❌
    [  72/110] A5 Δ=  400c sep=1000ms dur=5000ms  answer=first ❌
    [  73/110] A5 Δ=  400c sep= 200ms dur=5000ms  answer=first ❌
    [  74/110] A3 Δ=  400c sep=2000ms dur=5000ms  answer=first ❌
    [  75/110] A3 Δ=  400c sep= 500ms dur=5000ms  answer=first ❌
    [  76/110] A3 Δ=  400c sep=2000ms dur=5000ms  answer=first ✅
    [  77/110] A5 Δ=  400c sep= 500ms dur=1000ms  answer=second ❌
    [  78/110] A3 Δ=  400c sep= 200ms dur=1000ms  answer=first ✅
    [  79/110] A4 Δ=  400c sep=2000ms dur=5000ms  answer=first ✅
    [  80/110] A4 Δ=  400c sep= 200ms dur=1000ms  answer=second ❌
    [  81/110] A3 Δ=    5c sep= 500ms dur=5000ms  answer=first ❌
    [  82/110] A5 Δ=    5c sep= 200ms dur=5000ms  answer=first ❌
    [  83/110] A4 Δ=    5c sep=1000ms dur=1000ms  answer=first ❌
    [  84/110] A3 Δ=    5c sep= 500ms dur=1000ms  answer=first ❌
    [  85/110] A5 Δ=    5c sep=1000ms dur=5000ms  answer=first ❌
    [  86/110] A3 Δ=    5c sep= 200ms dur=1000ms  answer=first ✅
    [  87/110] A3 Δ=    5c sep= 500ms dur=5000ms  answer=first ✅
    [  88/110] A4 Δ=    5c sep= 200ms dur=1000ms  answer=first ✅
    [  89/110] A5 Δ=    5c sep= 200ms dur=1000ms  answer=first ✅
    [  90/110] A3 Δ=    5c sep= 500ms dur=1000ms  answer=first ✅
    [  91/110] A3 Δ=   50c sep=2000ms dur=5000ms  answer=first ❌
    [  92/110] A3 Δ=   50c sep= 200ms dur=5000ms  answer=first ❌
    [  93/110] A4 Δ=   50c sep=1000ms dur=1000ms  answer=first ❌
    [  94/110] A4 Δ=   50c sep= 500ms dur=5000ms  answer=first ❌
    [  95/110] A5 Δ=   50c sep= 200ms dur=5000ms  answer=first ❌
    [  96/110] A3 Δ=   50c sep= 200ms dur=1000ms  answer=first ✅
    [  97/110] A5 Δ=   50c sep= 200ms dur=1000ms  answer=first ✅
    [  98/110] A4 Δ=   50c sep=1000ms dur=5000ms  answer=first ✅
    [  99/110] A5 Δ=   50c sep= 500ms dur=5000ms  answer=first ✅
    [ 100/110] A5 Δ=   50c sep=2000ms dur=5000ms  answer=first ✅
    [ 101/110] A3 Δ=  700c sep=2000ms dur=1000ms  answer=first ❌
    [ 102/110] A5 Δ=  700c sep=1000ms dur=5000ms  answer=first ❌
    [ 103/110] A3 Δ=  700c sep= 200ms dur=5000ms  answer=first ❌
    [ 104/110] A5 Δ=  700c sep= 200ms dur=1000ms  answer=second ✅
    [ 105/110] A3 Δ=  700c sep=1000ms dur=5000ms  answer=first ❌
    [ 106/110] A3 Δ=  700c sep=2000ms dur=1000ms  answer=first ✅
    [ 107/110] A3 Δ=  700c sep=2000ms dur=5000ms  answer=first ✅
    [ 108/110] A3 Δ=  700c sep=1000ms dur=1000ms  answer=first ✅
    [ 109/110] A5 Δ=  700c sep=2000ms dur=5000ms  answer=first ✅
    [ 110/110] A4 Δ=  700c sep=2000ms dur=1000ms  answer=first ✅

============================================================
SUMMARY — audio_flamingo_next_instruct
  Sampling     : 110 of 15048 (stratified by '(delta_cents, order)', seed=42)
  Stimuli (total)     : 110
  Stimuli (condition) : 110  (all records)

          Metric   Accuracy
  ───────────────────────────
          ANSWER      45.5%

  *** WARNING: working tree has uncommitted changes — results will NOT be exactly reproducible from git_commit alone ***


Results saved → results/run_20260505_112814/pitchbench_d2_pitch_difference/run_001_20260505_120449/results_audio_flamingo_next_instruct.*

############################################################
# pitchbench_d3_interval_id_seq
############################################################

Experiment : pitchbench_d3_interval_id_seq
Models     : audio_flamingo_next_instruct
Stimuli    : 120
  Sampling     : 120 of 35872 (stratified by 'signed_st', seed=42)

  Model : Audio Flamingo Next – instruct
    [dispatch] 120 items, max_workers=1
    [   1/120] iv= -1st base=C3   sep= 500ms synth_lead  interval=12 ❌
    [   2/120] iv= -1st base=G5   sep= 200ms square  interval=12 ❌
    [   3/120] iv= -1st base=E4   sep=2000ms sine  interval=4 ❌
    [   4/120] iv= -1st base=E6   sep=1000ms voice  interval=12 ❌
    [   5/120] iv= -1st base=F#1  sep=2000ms flute  interval=12 ❌
    [   6/120] iv=-10st base=G2   sep= 500ms guitar  interval=0 ❌
    [   7/120] iv=-10st base=A4   sep= 500ms electric_keyboard  interval=10 ❌
    [   8/120] iv=-10st base=C4   sep= 500ms triangle  interval=4 ❌
    [   9/120] iv=-10st base=G5   sep= 200ms voice  interval=12 ❌
    [  10/120] iv=-10st base=E4   sep= 500ms square  interval=12 ❌
    [  11/120] iv=-11st base=C3   sep= 500ms synth_pad  interval=4 ❌
    [  12/120] iv=-11st base=E6   sep= 200ms voice  interval=12 ❌
    [  13/120] iv=-11st base=E6   sep= 200ms cello  interval=12 ❌
    [  14/120] iv=-11st base=G2   sep=1000ms square  interval=12 ❌
    [  15/120] iv=-11st base=C2   sep= 500ms bass  interval=10 ❌
    [  16/120] iv=-12st base=G5   sep= 200ms clarinet  interval=2 ❌
    [  17/120] iv=-12st base=G5   sep= 500ms sine  interval=12 ❌
    [  18/120] iv=-12st base=A4   sep= 500ms sine  interval=0 ❌
    [  19/120] iv=-12st base=C3   sep=2000ms square  interval=12 ❌
    [  20/120] iv=-12st base=C4   sep=2000ms electric_keyboard  interval=0 ❌
    [  21/120] iv= -2st base=E6   sep= 200ms electric_keyboard  interval=4 ❌
    [  22/120] iv= -2st base=E6   sep=1000ms violin  interval=10 ❌
    [  23/120] iv= -2st base=F#3  sep= 200ms bass  interval=2 ❌
    [  24/120] iv= -2st base=E4   sep=1000ms sine  interval=12 ❌
    [  25/120] iv= -2st base=C3   sep= 500ms organ  interval=4 ❌
    [  26/120] iv= -3st base=F#1  sep=2000ms electric_keyboard  interval=12 ❌
    [  27/120] iv= -3st base=C3   sep=1000ms voice  interval=0 ❌
    [  28/120] iv= -3st base=E4   sep=1000ms synth_lead  interval=4 ❌
    [  29/120] iv= -3st base=E6   sep= 200ms synth_pad  interval=12 ❌
    [  30/120] iv= -3st base=E6   sep= 200ms cello  interval=12 ❌
    [  31/120] iv= -4st base=A4   sep=2000ms clarinet  interval=4 ❌
    [  32/120] iv= -4st base=E4   sep=2000ms electric_keyboard  interval=4 ❌
    [  33/120] iv= -4st base=F#3  sep=2000ms oboe  interval=4 ❌
    [  34/120] iv= -4st base=F#1  sep=1000ms bass  interval=12 ❌
    [  35/120] iv= -4st base=C2   sep= 500ms flute  interval=12 ❌
    [  36/120] iv= -5st base=C2   sep= 500ms sine  interval=0 ❌
    [  37/120] iv= -5st base=F#1  sep=1000ms piano  interval=12 ❌
    [  38/120] iv= -5st base=G5   sep= 500ms synth_pad  interval=12 ❌
    [  39/120] iv= -5st base=G5   sep= 500ms clarinet  interval=2 ❌
    [  40/120] iv= -5st base=A4   sep= 200ms trumpet  interval=2 ❌
    [  41/120] iv= -6st base=C2   sep= 500ms flute  interval=12 ❌
    [  42/120] iv= -6st base=E6   sep=1000ms triangle  interval=12 ❌
    [  43/120] iv= -6st base=C4   sep= 200ms electric_keyboard  interval=2 ❌
    [  44/120] iv= -6st base=E4   sep= 500ms trumpet  interval=2 ❌
    [  45/120] iv= -6st base=E4   sep= 500ms square  interval=12 ❌
    [  46/120] iv= -7st base=C3   sep= 500ms square  interval=12 ❌
    [  47/120] iv= -7st base=A4   sep=1000ms trombone  interval=4 ❌
    [  48/120] iv= -7st base=F#3  sep=1000ms square  interval=12 ❌
    [  49/120] iv= -7st base=C2   sep=2000ms trombone  interval=12 ❌
    [  50/120] iv= -7st base=G5   sep= 200ms trumpet  interval=2 ❌
    [  51/120] iv= -8st base=F#3  sep= 200ms bass  interval=1 ❌
    [  52/120] iv= -8st base=A4   sep= 500ms guitar  interval=2 ❌
    [  53/120] iv= -8st base=C2   sep= 200ms sawtooth  interval=12 ❌
    [  54/120] iv= -8st base=E4   sep=1000ms voice  interval=4 ❌
    [  55/120] iv= -8st base=A4   sep= 200ms oboe  interval=4 ❌
    [  56/120] iv= -9st base=A4   sep=1000ms cello  interval=4 ❌
    [  57/120] iv= -9st base=C2   sep=2000ms triangle  interval=0 ❌
    [  58/120] iv= -9st base=E4   sep=2000ms trombone  interval=4 ❌
    [  59/120] iv= -9st base=F#1  sep= 500ms square  interval=12 ❌
    [  60/120] iv= -9st base=C2   sep=1000ms organ  interval=4 ❌
    [  61/120] iv= +1st base=C4   sep= 200ms flute  interval=12 ❌
    [  62/120] iv= +1st base=F#1  sep=2000ms synth_lead  interval=12 ❌
    [  63/120] iv= +1st base=G5   sep=1000ms bass  interval=2 ❌
    [  64/120] iv= +1st base=G2   sep= 200ms trombone  interval=2 ❌
    [  65/120] iv= +1st base=A4   sep=1000ms organ  interval=4 ❌
    [  66/120] iv=+10st base=F#3  sep= 500ms electric_keyboard  interval=2 ❌
    [  67/120] iv=+10st base=G5   sep=1000ms sawtooth  interval=12 ❌
    [  68/120] iv=+10st base=G2   sep= 500ms sawtooth  interval=12 ❌
    [  69/120] iv=+10st base=A4   sep=1000ms voice  interval=12 ❌
    [  70/120] iv=+10st base=F#3  sep=1000ms guitar  interval=2 ❌
    [  71/120] iv=+11st base=G2   sep= 200ms trumpet  interval=2 ❌
    [  72/120] iv=+11st base=G2   sep=2000ms square  interval=12 ❌
    [  73/120] iv=+11st base=C4   sep= 200ms guitar  interval=0 ❌
    [  74/120] iv=+11st base=A4   sep=1000ms square  interval=12 ❌
    [  75/120] iv=+11st base=A4   sep=1000ms clarinet  interval=2 ❌
    [  76/120] iv=+12st base=G5   sep= 500ms flute  interval=12 ✅
    [  77/120] iv=+12st base=G5   sep= 200ms violin  interval=10 ❌
    [  78/120] iv=+12st base=F#1  sep= 500ms voice  interval=12 ✅
    [  79/120] iv=+12st base=C3   sep=2000ms clarinet  interval=12 ✅
    [  80/120] iv=+12st base=C4   sep= 500ms piano  interval=12 ✅
    [  81/120] iv= +2st base=F#3  sep=1000ms trombone  interval=4 ❌
    [  82/120] iv= +2st base=F#1  sep=2000ms trombone  interval=12 ❌
    [  83/120] iv= +2st base=C3   sep= 500ms electric_keyboard  interval=0 ❌
    [  84/120] iv= +2st base=C2   sep= 200ms synth_pad  interval=4 ❌
    [  85/120] iv= +2st base=G5   sep=1000ms guitar  interval=2 ✅
    [  86/120] iv= +3st base=E6   sep= 500ms synth_pad  interval=12 ❌
    [  87/120] iv= +3st base=F#3  sep=2000ms synth_pad  interval=4 ❌
    [  88/120] iv= +3st base=C4   sep=2000ms synth_lead  interval=4 ❌
    [  89/120] iv= +3st base=G5   sep=1000ms sawtooth  interval=12 ❌
    [  90/120] iv= +3st base=C4   sep=2000ms bass  interval=2 ❌
    [  91/120] iv= +4st base=G2   sep= 200ms synth_lead  interval=12 ❌
    [  92/120] iv= +4st base=C3   sep=1000ms piano  interval=4 ✅
    [  93/120] iv= +4st base=E4   sep= 500ms cello  interval=4 ✅
    [  94/120] iv= +4st base=E4   sep= 500ms voice  interval=12 ❌
    [  95/120] iv= +4st base=G2   sep= 500ms guitar  interval=1 ❌
    [  96/120] iv= +5st base=C2   sep=1000ms piano  interval=4 ❌
    [  97/120] iv= +5st base=G5   sep=1000ms oboe  interval=4 ❌
    [  98/120] iv= +5st base=A4   sep= 500ms trombone  interval=4 ❌
    [  99/120] iv= +5st base=E6   sep= 200ms guitar  interval=12 ❌
    [ 100/120] iv= +5st base=C3   sep=1000ms synth_lead  interval=12 ❌
    [ 101/120] iv= +6st base=E4   sep= 500ms synth_pad  interval=4 ❌
    [ 102/120] iv= +6st base=G2   sep= 200ms organ  interval=12 ❌
    [ 103/120] iv= +6st base=E4   sep= 500ms electric_keyboard  interval=2 ❌
    [ 104/120] iv= +6st base=C4   sep=1000ms synth_pad  interval=4 ❌
    [ 105/120] iv= +6st base=C3   sep= 200ms trumpet  interval=2 ❌
    [ 106/120] iv= +7st base=F#3  sep=1000ms sawtooth  interval=12 ❌
    [ 107/120] iv= +7st base=G5   sep= 500ms electric_keyboard  interval=4 ❌
    [ 108/120] iv= +7st base=G5   sep= 500ms sine  interval=0 ❌
    [ 109/120] iv= +7st base=F#1  sep=1000ms trumpet  interval=12 ❌
    [ 110/120] iv= +7st base=G2   sep= 500ms clarinet  interval=12 ❌
    [ 111/120] iv= +8st base=G5   sep= 200ms guitar  interval=12 ❌
    [ 112/120] iv= +8st base=E4   sep=2000ms sawtooth  interval=0 ❌
    [ 113/120] iv= +8st base=F#3  sep= 200ms electric_keyboard  interval=2 ❌
    [ 114/120] iv= +8st base=C4   sep= 500ms organ  interval=4 ❌
    [ 115/120] iv= +8st base=C3   sep=1000ms voice  interval=0 ❌
    [ 116/120] iv= +9st base=G5   sep= 200ms trumpet  interval=12 ❌
    [ 117/120] iv= +9st base=F#1  sep=2000ms guitar  interval=2 ❌
    [ 118/120] iv= +9st base=C4   sep=1000ms voice  interval=0 ❌
    [ 119/120] iv= +9st base=C2   sep=1000ms organ  interval=4 ❌
    [ 120/120] iv= +9st base=G2   sep=1000ms oboe  interval=4 ❌

============================================================
SUMMARY — audio_flamingo_next_instruct
  Sampling     : 120 of 35872 (stratified by 'signed_st', seed=42)
  Stimuli (total)     : 120
  Stimuli (condition) : 120  (all records)

          Metric   Accuracy
  ───────────────────────────
        INTERVAL       5.8%

  *** WARNING: working tree has uncommitted changes — results will NOT be exactly reproducible from git_commit alone ***


Results saved → results/run_20260505_112814/pitchbench_d3_interval_id_seq/run_001_20260505_120514/results_audio_flamingo_next_instruct.*

############################################################
# pitchbench_d4_contour_discrete
############################################################

Experiment : pitchbench_d4_contour_discrete
Models     : audio_flamingo_next_instruct
Stimuli    : 100
  Sampling     : 100 of 21624 (stratified by '(n_transitions, step_size_st)', seed=42)

  Model : Audio Flamingo Next – instruct
    [dispatch] 100 items, max_workers=1
    [   1/100] nT=2 step=1st dur= 250ms triangle  sequence=None ❌
    [   2/100] nT=2 step=1st dur= 500ms sine  sequence=None ❌
    [   3/100] nT=2 step=1st dur=1000ms trombone  sequence=None ❌
    [   4/100] nT=2 step=1st dur= 500ms trumpet  sequence=None ❌
    [   5/100] nT=2 step=1st dur= 250ms flute  sequence=None ❌
    [   6/100] nT=2 step=11st dur= 500ms electric_keyboard  sequence=None ❌
    [   7/100] nT=2 step=11st dur= 500ms triangle  sequence=None ❌
    [   8/100] nT=2 step=11st dur= 500ms triangle  sequence=None ❌
    [   9/100] nT=2 step=11st dur= 250ms bass  sequence=None ❌
    [  10/100] nT=2 step=11st dur=1000ms sawtooth  sequence=None ❌
    [  11/100] nT=2 step=2st dur= 250ms sawtooth  sequence=None ❌
    [  12/100] nT=2 step=2st dur=1000ms triangle  sequence=None ❌
    [  13/100] nT=2 step=2st dur= 500ms flute  sequence=None ❌
    [  14/100] nT=2 step=2st dur= 500ms flute  sequence=None ❌
    [  15/100] nT=2 step=2st dur= 500ms synth_pad  sequence=None ❌
    [  16/100] nT=2 step=4st dur= 250ms sine  sequence=None ❌
    [  17/100] nT=2 step=4st dur=1000ms guitar  sequence=None ❌
    [  18/100] nT=2 step=4st dur= 250ms voice  sequence=None ❌
    [  19/100] nT=2 step=4st dur= 250ms organ  sequence=None ❌
    [  20/100] nT=2 step=4st dur= 250ms flute  sequence=None ❌
    [  21/100] nT=2 step=7st dur= 250ms bass  sequence=None ❌
    [  22/100] nT=2 step=7st dur=1000ms trombone  sequence=None ❌
    [  23/100] nT=2 step=7st dur= 250ms sine  sequence=None ❌
    [  24/100] nT=2 step=7st dur= 500ms electric_keyboard  sequence=None ❌
    [  25/100] nT=2 step=7st dur= 250ms organ  sequence=None ❌
    [  26/100] nT=3 step=1st dur= 250ms oboe  sequence=None ❌
    [  27/100] nT=3 step=1st dur=1000ms trombone  sequence=None ❌
    [  28/100] nT=3 step=1st dur= 250ms electric_keyboard  sequence=None ❌
    [  29/100] nT=3 step=1st dur= 500ms flute  sequence=None ❌
    [  30/100] nT=3 step=1st dur=1000ms oboe  sequence=None ❌
    [  31/100] nT=3 step=11st dur= 500ms triangle  sequence=None ❌
    [  32/100] nT=3 step=11st dur= 250ms triangle  sequence=None ❌
    [  33/100] nT=3 step=11st dur= 250ms organ  sequence=None ❌
    [  34/100] nT=3 step=11st dur=1000ms triangle  sequence=None ❌
    [  35/100] nT=3 step=11st dur= 250ms cello  sequence=None ❌
    [  36/100] nT=3 step=2st dur= 500ms oboe  sequence=None ❌
    [  37/100] nT=3 step=2st dur= 250ms trombone  sequence=None ❌
    [  38/100] nT=3 step=2st dur=1000ms sawtooth  sequence=None ❌
    [  39/100] nT=3 step=2st dur=1000ms bass  sequence=None ❌
    [  40/100] nT=3 step=2st dur= 250ms voice  sequence=None ❌
    [  41/100] nT=3 step=4st dur= 500ms piano  sequence=None ❌
    [  42/100] nT=3 step=4st dur= 250ms violin  sequence=None ❌
    [  43/100] nT=3 step=4st dur=1000ms square  sequence=None ❌
    [  44/100] nT=3 step=4st dur= 500ms voice  sequence=None ❌
    [  45/100] nT=3 step=4st dur= 250ms clarinet  sequence=None ❌
    [  46/100] nT=3 step=7st dur= 250ms violin  sequence=None ❌
    [  47/100] nT=3 step=7st dur= 500ms guitar  sequence=None ❌
    [  48/100] nT=3 step=7st dur= 250ms square  sequence=None ❌
    [  49/100] nT=3 step=7st dur=1000ms sawtooth  sequence=None ❌
    [  50/100] nT=3 step=7st dur=1000ms flute  sequence=None ❌
    [  51/100] nT=5 step=1st dur=1000ms trombone  sequence=None ❌
    [  52/100] nT=5 step=1st dur= 250ms square  sequence=None ❌
    [  53/100] nT=5 step=1st dur= 500ms flute  sequence=None ❌
    [  54/100] nT=5 step=1st dur= 500ms triangle  sequence=None ❌
    [  55/100] nT=5 step=1st dur=1000ms violin  sequence=None ❌
    [  56/100] nT=5 step=11st dur= 250ms guitar  sequence=None ❌
    [  57/100] nT=5 step=11st dur= 250ms clarinet  sequence=None ❌
    [  58/100] nT=5 step=11st dur= 250ms organ  sequence=None ❌
    [  59/100] nT=5 step=11st dur= 500ms voice  sequence=None ❌
    [  60/100] nT=5 step=11st dur= 250ms flute  sequence=None ❌
    [  61/100] nT=5 step=2st dur= 500ms electric_keyboard  sequence=None ❌
    [  62/100] nT=5 step=2st dur= 500ms violin  sequence=None ❌
    [  63/100] nT=5 step=2st dur= 250ms violin  sequence=None ❌
    [  64/100] nT=5 step=2st dur= 500ms flute  sequence=None ❌
    [  65/100] nT=5 step=2st dur= 250ms trombone  sequence=None ❌
    [  66/100] nT=5 step=4st dur= 500ms square  sequence=None ❌
    [  67/100] nT=5 step=4st dur= 250ms electric_keyboard  sequence=None ❌
    [  68/100] nT=5 step=4st dur= 250ms voice  sequence=None ❌
    [  69/100] nT=5 step=4st dur= 250ms trumpet  sequence=None ❌
    [  70/100] nT=5 step=4st dur= 500ms electric_keyboard  sequence=None ❌
    [  71/100] nT=5 step=7st dur= 250ms synth_pad  sequence=None ❌
    [  72/100] nT=5 step=7st dur= 250ms organ  sequence=None ❌
    [  73/100] nT=5 step=7st dur= 500ms clarinet  sequence=None ❌
    [  74/100] nT=5 step=7st dur=1000ms trumpet  sequence=None ❌
    [  75/100] nT=5 step=7st dur=1000ms violin  sequence=None ❌
    [  76/100] nT=7 step=1st dur= 250ms sawtooth  sequence=None ❌
    [  77/100] nT=7 step=1st dur= 250ms flute  sequence=None ❌
    [  78/100] nT=7 step=1st dur=1000ms sawtooth  sequence=None ❌
    [  79/100] nT=7 step=1st dur=1000ms clarinet  sequence=None ❌
    [  80/100] nT=7 step=1st dur=1000ms cello  sequence=None ❌
    [  81/100] nT=7 step=11st dur= 500ms flute  sequence=None ❌
    [  82/100] nT=7 step=11st dur=1000ms sawtooth  sequence=None ❌
    [  83/100] nT=7 step=11st dur= 250ms electric_keyboard  sequence=None ❌
    [  84/100] nT=7 step=11st dur= 250ms bass  sequence=None ❌
    [  85/100] nT=7 step=11st dur= 250ms trumpet  sequence=None ❌
    [  86/100] nT=7 step=2st dur= 250ms flute  sequence=None ❌
    [  87/100] nT=7 step=2st dur= 250ms synth_pad  sequence=None ❌
    [  88/100] nT=7 step=2st dur=1000ms cello  sequence=None ❌
    [  89/100] nT=7 step=2st dur= 250ms bass  sequence=None ❌
    [  90/100] nT=7 step=2st dur= 250ms piano  sequence=None ❌
    [  91/100] nT=7 step=4st dur= 250ms trombone  sequence=None ❌
    [  92/100] nT=7 step=4st dur= 250ms electric_keyboard  sequence=None ❌
    [  93/100] nT=7 step=4st dur= 250ms trumpet  sequence=None ❌
    [  94/100] nT=7 step=4st dur= 500ms trombone  sequence=None ❌
    [  95/100] nT=7 step=4st dur= 250ms bass  sequence=None ❌
    [  96/100] nT=7 step=7st dur=1000ms synth_pad  sequence=None ❌
    [  97/100] nT=7 step=7st dur= 250ms oboe  sequence=None ❌
    [  98/100] nT=7 step=7st dur=1000ms flute  sequence=None ❌
    [  99/100] nT=7 step=7st dur= 250ms flute  sequence=None ❌
    [ 100/100] nT=7 step=7st dur= 250ms piano  sequence=None ❌

============================================================
SUMMARY — audio_flamingo_next_instruct
  Sampling     : 100 of 21624 (stratified by '(n_transitions, step_size_st)', seed=42)
  Stimuli (total)     : 100
  Stimuli (condition) : 100  (all records)

          Metric   Accuracy
  ───────────────────────────
        SEQUENCE       0.0%

  *** WARNING: working tree has uncommitted changes — results will NOT be exactly reproducible from git_commit alone ***


Results saved → results/run_20260505_112814/pitchbench_d4_contour_discrete/run_001_20260505_120556/results_audio_flamingo_next_instruct.*

############################################################
# pitchbench_d5_contour_continuous
############################################################

Experiment : pitchbench_d5_contour_continuous
Models     : audio_flamingo_next_instruct
Stimuli    : 20
  Sampling     : 20 of 640 (stratified by 'traj_name', seed=42)

  Model : Audio Flamingo Next – instruct
    [dispatch] 20 items, max_workers=1
    [   1/20] down           start=A4   Δ=+1st sine        trajectory=None ❌
    [   2/20] down           start=C2   Δ=+7st sine        trajectory=None ❌
    [   3/20] down           start=A4   Δ=+7st sawtooth    trajectory=up, down, up, down, up, down, up, down, up, down, up, down, up, down, up, down, up, down, up, down, up, down, up, down, up, down, up, down, up, down, up, down, up, down, up, down, up, down, up, down, up, down, up, down, up, down, up, down, up, down, up, down, up, down, up, down, up, down, up, down, up, down, up, down ❌
    [   4/20] down           start=C4   Δ=+7st sawtooth    trajectory=None ❌
    [   5/20] down           start=F#3  Δ=+4st sawtooth    trajectory=up, down, up, down, up, down, up, down, up, down, up, down, up, down, up, down, up, down, up, down, up, down, up, down, up, down, up, down, up, down, up, down, up, down, up, down, up, down, up, down, up, down, up, down, up, down, up, down, up, down, up, down, up, down, up, down, up, down, up, down, up, down, up, down ❌
    [   6/20] down_then_up   start=G5   Δ=+12st sine        trajectory=None ❌
    [   7/20] down_then_up   start=E4   Δ=+7st sine        trajectory=None ❌
    [   8/20] down_then_up   start=F#3  Δ=+12st triangle    trajectory=up, down, up, down, up, down, up, down, up, down, up, down, up, down, up, down, up, down, up, down, up, down, up, down, up, down, up, down, up, down, up, down, up, down, up, down, up, down, up, down, up, down, up, down, up, down, up, down, up, down, up, down, up, down, up, down, up, down, up, down, up, down, up, down ❌
    [   9/20] down_then_up   start=C4   Δ=+7st sine        trajectory=None ❌
    [  10/20] down_then_up   start=A4   Δ=+12st triangle    trajectory=up, down, up, down, up, down, up, down, up, down, up, down, up, down, up, down, up, down, up, down, up, down, up, down, up, down, up, down, up, down, up, down, up, down, up, down, up, down, up, down, up, down, up, down, up, down, up, down, up, down, up, down, up, down, up, down, up, down, up, down, up, down, up, down ❌
    [  11/20] up             start=A4   Δ=+1st square      trajectory=up, down, up, down, up, down, up, down, up, down, up, down, up, down, up, down, up, down, up, down, up, down, up, down, up, down, up, down, up, down, up, down, up, down, up, down, up, down, up, down, up, down, up, down, up, down, up, down, up, down, up, down, up, down, up, down, up, down, up, down, up, down, up, down ❌
    [  12/20] up             start=G2   Δ=+1st sine        trajectory=up, down, up, down, up, down, up, down, up, down, up, down, up, down, up, down, up, down, up, down, up, down, up, down, up, down, up, down, up, down, up, down, up, down, up, down, up, down, up, down, up, down, up, down, up, down, up, down, up, down, up, down, up, down, up, down, up, down, up, down, up, down, up, down ❌
    [  13/20] up             start=C2   Δ=+12st sine        trajectory=up, down, up, down, up, down, up, down, up, down, up, down, up, down, up, down, up, down, up, down, up, down, up, down, up, down, up, down, up, down, up, down, up, down, up, down, up, down, up, down, up, down, up, down, up, down, up, down, up, down, up, down, up, down, up, down, up, down, up, down, up, down, up, down ❌
    [  14/20] up             start=C4   Δ=+12st sine        trajectory=up, down, up, down, up, down, up, down, up, down, up, down, up, down, up, down, up, down, up, down, up, down, up, down, up, down, up, down, up, down, up, down, up, down, up, down, up, down, up, down, up, down, up, down, up, down, up, down, up, down, up, down, up, down, up, down, up, down, up, down, up, down, up, down ❌
    [  15/20] up             start=C3   Δ=+12st sawtooth    trajectory=up, down, up, down, up, down, up, down, up, down, up, down, up, down, up, down, up, down, up, down, up, down, up, down, up, down, up, down, up, down, up, down, up, down, up, down, up, down, up, down, up, down, up, down, up, down, up, down, up, down, up, down, up, down, up, down, up, down, up, down, up, down, up, down ❌
    [  16/20] up_then_down   start=F#3  Δ=+12st sawtooth    trajectory=up, down, up, down, up, down, up, down, up, down, up, down, up, down, up, down, up, down, up, down, up, down, up, down, up, down, up, down, up, down, up, down, up, down, up, down, up, down, up, down, up, down, up, down, up, down, up, down, up, down, up, down, up, down, up, down, up, down, up, down, up, down, up, down ❌
    [  17/20] up_then_down   start=G2   Δ=+4st triangle    trajectory=up, down, up, down, up, down, up, down, up, down, up, down, up, down, up, down, up, down, up, down, up, down, up, down, up, down, up, down, up, down, up, down, up, down, up, down, up, down, up, down, up, down, up, down, up, down, up, down, up, down, up, down, up, down, up, down, up, down, up, down, up, down, up, down ❌
    [  18/20] up_then_down   start=G5   Δ=+7st triangle    trajectory=up, down, up, down, up, down, up, down, up, down, up, down, up, down, up, down, up, down, up, down, up, down, up, down, up, down, up, down, up, down, up, down, up, down, up, down, up, down, up, down, up, down, up, down, up, down, up, down, up, down, up, down, up, down, up, down, up, down, up, down, up, down, up, down ❌
    [  19/20] up_then_down   start=C2   Δ=+7st sine        trajectory=None ❌
    [  20/20] up_then_down   start=C4   Δ=+12st triangle    trajectory=up, down, up, down, up, down, up, down, up, down, up, down, up, down, up, down, up, down, up, down, up, down, up, down, up, down, up, down, up, down, up, down, up, down, up, down, up, down, up, down, up, down, up, down, up, down, up, down, up, down, up, down, up, down, up, down, up, down, up, down, up, down, up, down ❌

============================================================
SUMMARY — audio_flamingo_next_instruct
  Sampling     : 20 of 640 (stratified by 'traj_name', seed=42)
  Stimuli (total)     : 20
  Stimuli (condition) : 20  (all records)

          Metric   Accuracy
  ───────────────────────────
      TRAJECTORY       0.0%

  *** WARNING: working tree has uncommitted changes — results will NOT be exactly reproducible from git_commit alone ***


Results saved → results/run_20260505_112814/pitchbench_d5_contour_continuous/run_001_20260505_120634/results_audio_flamingo_next_instruct.*

############################################################
# pitchbench_d6_pitch_ranking
############################################################

Experiment : pitchbench_d6_pitch_ranking
Models     : audio_flamingo_next_instruct
Stimuli    : 100
  Sampling     : 100 of 2880 (stratified by '(n_notes, delta_cents)', seed=42)

  Model : Audio Flamingo Next – instruct
    [dispatch] 100 items, max_workers=1
    [   1/100] n=3 A5 Δ=100c irregular  answer=3 2 1 ❌
    [   2/100] n=3 A3 Δ=100c   regular  answer=3 2 1 ✅
    [   3/100] n=3 A5 Δ=100c irregular  answer=3 2 1 ❌
    [   4/100] n=3 A5 Δ=100c   regular  answer=3 2 1 ❌
    [   5/100] n=3 A4 Δ=100c irregular  answer=3 2 1 ❌
    [   6/100] n=3 A5 Δ=200c irregular  answer=3 2 1 ❌
    [   7/100] n=3 A5 Δ=200c   regular  answer=3 2 1 ❌
    [   8/100] n=3 A5 Δ=200c   regular  answer=3 2 1 ❌
    [   9/100] n=3 A4 Δ=200c irregular  answer=3 2 1 ❌
    [  10/100] n=3 A3 Δ=200c   regular  answer=3 2 1 ❌
    [  11/100] n=3 A3 Δ=25c   regular  answer=3 2 1 ❌
    [  12/100] n=3 A3 Δ=25c   regular  answer=3 2 1 ✅
    [  13/100] n=3 A4 Δ=25c irregular  answer=3 2 1 ❌
    [  14/100] n=3 A4 Δ=25c   regular  answer=3 2 1 ❌
    [  15/100] n=3 A4 Δ=25c irregular  answer=3 2 1 ❌
    [  16/100] n=3 A4 Δ=400c irregular  answer=3 2 1 ✅
    [  17/100] n=3 A3 Δ=400c   regular  answer=3 2 1 ❌
    [  18/100] n=3 A5 Δ=400c irregular  answer=3 2 1 ❌
    [  19/100] n=3 A4 Δ=400c   regular  answer=3 2 1 ❌
    [  20/100] n=3 A5 Δ=400c   regular  answer=3 2 1 ❌
    [  21/100] n=3 A5 Δ=50c irregular  answer=3 2 1 ✅
    [  22/100] n=3 A4 Δ=50c   regular  answer=3 2 1 ❌
    [  23/100] n=3 A3 Δ=50c   regular  answer=3 2 1 ❌
    [  24/100] n=3 A5 Δ=50c irregular  answer=3 2 1 ❌
    [  25/100] n=3 A3 Δ=50c   regular  answer=3 2 1 ❌
    [  26/100] n=4 A3 Δ=100c irregular  answer=4 3 2 1 ❌
    [  27/100] n=4 A3 Δ=100c   regular  answer=4 3 2 1 ❌
    [  28/100] n=4 A4 Δ=100c irregular  answer=4 3 2 1 ❌
    [  29/100] n=4 A5 Δ=100c irregular  answer=4 3 2 1 ❌
    [  30/100] n=4 A3 Δ=100c irregular  answer=4 3 2 1 ❌
    [  31/100] n=4 A4 Δ=200c   regular  answer=4 3 2 1 ❌
    [  32/100] n=4 A4 Δ=200c   regular  answer=4 3 2 1 ❌
    [  33/100] n=4 A5 Δ=200c   regular  answer=4 3 2 1 ❌
    [  34/100] n=4 A4 Δ=200c irregular  answer=4 3 2 1 ❌
    [  35/100] n=4 A5 Δ=200c   regular  answer=4 3 2 1 ❌
    [  36/100] n=4 A5 Δ=25c   regular  answer=4 3 2 1 ❌
    [  37/100] n=4 A4 Δ=25c   regular  answer=4 3 2 1 ❌
    [  38/100] n=4 A4 Δ=25c irregular  answer=4 3 2 1 ❌
    [  39/100] n=4 A5 Δ=25c   regular  answer=4 3 2 1 ❌
    [  40/100] n=4 A3 Δ=25c irregular  answer=4 3 2 1 ❌
    [  41/100] n=4 A3 Δ=400c irregular  answer=4 3 2 1 ❌
    [  42/100] n=4 A5 Δ=400c irregular  answer=4 3 2 1 ❌
    [  43/100] n=4 A5 Δ=400c   regular  answer=4 3 2 1 ❌
    [  44/100] n=4 A5 Δ=400c   regular  answer=4 3 2 1 ❌
    [  45/100] n=4 A4 Δ=400c   regular  answer=4 3 2 1 ❌
    [  46/100] n=4 A5 Δ=50c irregular  answer=4 3 2 1 ❌
    [  47/100] n=4 A3 Δ=50c irregular  answer=4 3 2 1 ❌
    [  48/100] n=4 A4 Δ=50c   regular  answer=4 3 2 1 ❌
    [  49/100] n=4 A4 Δ=50c   regular  answer=4 3 2 1 ❌
    [  50/100] n=4 A4 Δ=50c irregular  answer=4 3 2 1 ❌
    [  51/100] n=5 A3 Δ=100c irregular  answer=3 4 1 2 5 ❌
    [  52/100] n=5 A4 Δ=100c irregular  answer=3 4 1 2 5 ❌
    [  53/100] n=5 A3 Δ=100c   regular  answer=3 4 1 2 5 ❌
    [  54/100] n=5 A4 Δ=100c   regular  answer=3 4 1 2 5 ❌
    [  55/100] n=5 A4 Δ=100c irregular  answer=3 4 1 2 5 ❌
    [  56/100] n=5 A5 Δ=200c   regular  answer=3 4 1 2 5 ❌
    [  57/100] n=5 A5 Δ=200c   regular  answer=3 4 1 2 5 ❌
    [  58/100] n=5 A5 Δ=200c irregular  answer=3 4 1 2 5 ❌
    [  59/100] n=5 A3 Δ=200c   regular  answer=3 4 1 2 5 ❌
    [  60/100] n=5 A4 Δ=200c irregular  answer=3 4 1 2 5 ❌
    [  61/100] n=5 A3 Δ=25c irregular  answer=3 4 1 2 5 ✅
    [  62/100] n=5 A4 Δ=25c irregular  answer=3 4 1 2 5 ❌
    [  63/100] n=5 A4 Δ=25c   regular  answer=3 4 1 2 5 ❌
    [  64/100] n=5 A4 Δ=25c irregular  answer=3 4 1 2 5 ❌
    [  65/100] n=5 A5 Δ=25c   regular  answer=3 4 1 2 5 ❌
    [  66/100] n=5 A4 Δ=400c   regular  answer=3 4 1 2 5 ❌
    [  67/100] n=5 A3 Δ=400c   regular  answer=3 4 1 2 5 ❌
    [  68/100] n=5 A5 Δ=400c irregular  answer=3 4 1 2 5 ❌
    [  69/100] n=5 A5 Δ=400c   regular  answer=3 4 1 2 5 ❌
    [  70/100] n=5 A3 Δ=400c irregular  answer=3 4 1 2 5 ❌
    [  71/100] n=5 A3 Δ=50c irregular  answer=3 4 1 2 5 ❌
    [  72/100] n=5 A5 Δ=50c   regular  answer=3 4 1 2 5 ❌
    [  73/100] n=5 A5 Δ=50c irregular  answer=3 4 1 2 5 ❌
    [  74/100] n=5 A5 Δ=50c irregular  answer=3 4 1 2 5 ❌
    [  75/100] n=5 A4 Δ=50c   regular  answer=3 4 1 2 5 ❌
    [  76/100] n=7 A3 Δ=100c irregular  answer=1 2 3 4 5 6 7 ❌
    [  77/100] n=7 A4 Δ=100c   regular  answer=7 6 5 4 3 2 1 ❌
    [  78/100] n=7 A4 Δ=100c irregular  answer=1 2 3 4 5 6 7 ❌
    [  79/100] n=7 A3 Δ=100c   regular  answer=1 2 3 4 5 6 7 ❌
    [  80/100] n=7 A3 Δ=100c   regular  answer=1 2 3 4 5 6 7 ❌
    [  81/100] n=7 A5 Δ=200c   regular  answer=1 2 3 4 5 6 7 ❌
    [  82/100] n=7 A5 Δ=200c   regular  answer=1 2 3 4 5 6 7 ❌
    [  83/100] n=7 A4 Δ=200c irregular  answer=1 2 3 4 5 6 7 ❌
    [  84/100] n=7 A4 Δ=200c   regular  answer=1 2 3 4 5 6 7 ❌
    [  85/100] n=7 A3 Δ=200c   regular  answer=1 2 3 4 5 6 7 ❌
    [  86/100] n=7 A4 Δ=25c   regular  answer=1 2 3 4 5 6 7 ❌
    [  87/100] n=7 A4 Δ=25c   regular  answer=1 2 3 4 5 6 7 ❌
    [  88/100] n=7 A5 Δ=25c irregular  answer=1 2 3 4 5 6 7 ❌
    [  89/100] n=7 A3 Δ=25c irregular  answer=1 2 3 4 5 6 7 ❌
    [  90/100] n=7 A3 Δ=25c   regular  answer=3 4 1 2 5 6 7 ❌
    [  91/100] n=7 A5 Δ=400c   regular  answer=1 2 3 4 5 6 7 ❌
    [  92/100] n=7 A5 Δ=400c irregular  answer=1 2 3 4 5 6 7 ❌
    [  93/100] n=7 A5 Δ=400c irregular  answer=1 2 3 4 5 6 7 ❌
    [  94/100] n=7 A5 Δ=400c irregular  answer=1 2 3 4 5 6 7 ❌
    [  95/100] n=7 A5 Δ=400c irregular  answer=1 2 3 4 5 6 7 ❌
    [  96/100] n=7 A5 Δ=50c   regular  answer=1 2 3 4 5 6 7 ❌
    [  97/100] n=7 A3 Δ=50c   regular  answer=1 2 3 4 5 6 7 ❌
    [  98/100] n=7 A5 Δ=50c   regular  answer=1 2 3 4 5 6 7 ❌
    [  99/100] n=7 A4 Δ=50c   regular  answer=1 2 3 4 5 6 7 ❌
    [ 100/100] n=7 A4 Δ=50c   regular  answer=1 2 3 4 5 6 7 ❌

============================================================
SUMMARY — audio_flamingo_next_instruct
  Sampling     : 100 of 2880 (stratified by '(n_notes, delta_cents)', seed=42)
  Stimuli (total)     : 100
  Stimuli (condition) : 100  (all records)

          Metric   Accuracy
  ───────────────────────────
          ANSWER       5.0%

  *** WARNING: working tree has uncommitted changes — results will NOT be exactly reproducible from git_commit alone ***


Results saved → results/run_20260505_112814/pitchbench_d6_pitch_ranking/run_001_20260505_120728/results_audio_flamingo_next_instruct.*

############################################################
# pitchbench_d7_seq_pitch_id
############################################################

Experiment : pitchbench_d7_seq_pitch_id
Models     : audio_flamingo_next_instruct
Stimuli    : 15
  Sampling     : 15 of 285 (stratified by 'n_notes', seed=42)

  Model : Audio Flamingo Next – instruct
    [dispatch] 15 items, max_workers=1
    [   1/15] n=10 t=4 electric_keyboard  midi_sequence=None ❌  | spn_sequence=None ❌  | doremi_sequence=None ❌  | hz_sequence=None ❌  | any_sequence=None ❌
    [   2/15] n=10 t=0 organ  midi_sequence=None ❌  | spn_sequence=None ❌  | doremi_sequence=None ❌  | hz_sequence=None ❌  | any_sequence=None ❌
    [   3/15] n=10 t=0 triangle  midi_sequence=None ❌  | spn_sequence=None ❌  | doremi_sequence=None ❌  | hz_sequence=None ❌  | any_sequence=None ❌
    [   4/15] n=10 t=4 voice  midi_sequence=None ❌  | spn_sequence=None ❌  | doremi_sequence=None ❌  | hz_sequence=None ❌  | any_sequence=None ❌
    [   5/15] n=10 t=1 synth_lead  midi_sequence=None ❌  | spn_sequence=None ❌  | doremi_sequence=None ❌  | hz_sequence=None ❌  | any_sequence=None ❌
    [   6/15] n=3 t=1 violin  midi_sequence=None ❌  | spn_sequence=None ❌  | doremi_sequence=None ❌  | hz_sequence=None ❌  | any_sequence=None ❌
    [   7/15] n=3 t=1 trombone  midi_sequence=None ❌  | spn_sequence=None ❌  | doremi_sequence=None ❌  | hz_sequence=None ❌  | any_sequence=None ❌
    [   8/15] n=3 t=0 synth_pad  midi_sequence=None ❌  | spn_sequence=None ❌  | doremi_sequence=None ❌  | hz_sequence=None ❌  | any_sequence=None ❌
    [   9/15] n=3 t=4 voice  midi_sequence=None ❌  | spn_sequence=None ❌  | doremi_sequence=None ❌  | hz_sequence=None ❌  | any_sequence=None ❌
    [  10/15] n=3 t=0 cello  midi_sequence=None ❌  | spn_sequence=None ❌  | doremi_sequence=None ❌  | hz_sequence=None ❌  | any_sequence=None ❌
    [  11/15] n=5 t=4 clarinet  midi_sequence=None ❌  | spn_sequence=None ❌  | doremi_sequence=None ❌  | hz_sequence=None ❌  | any_sequence=None ❌
    [  12/15] n=5 t=4 voice  midi_sequence=None ❌  | spn_sequence=None ❌  | doremi_sequence=None ❌  | hz_sequence=None ❌  | any_sequence=None ❌
    [  13/15] n=5 t=3 violin  midi_sequence=None ❌  | spn_sequence=None ❌  | doremi_sequence=None ❌  | hz_sequence=None ❌  | any_sequence=None ❌
    [  14/15] n=5 t=0 oboe  midi_sequence=None ❌  | spn_sequence=None ❌  | doremi_sequence=None ❌  | hz_sequence=None ❌  | any_sequence=None ❌
    [  15/15] n=5 t=3 voice  midi_sequence=None ❌  | spn_sequence=None ❌  | doremi_sequence=None ❌  | hz_sequence=None ❌  | any_sequence=None ❌

============================================================
SUMMARY — audio_flamingo_next_instruct
  Sampling     : 15 of 285 (stratified by 'n_notes', seed=42)
  Stimuli (total)     : 15
  Stimuli (condition) : 15  (all records)

          Metric   Accuracy
  ───────────────────────────
   MIDI_SEQUENCE       0.0%
    SPN_SEQUENCE       0.0%
  DOREMI_SEQUENCE       0.0%
     HZ_SEQUENCE       0.0%
    ANY_SEQUENCE       0.0%

  *** WARNING: working tree has uncommitted changes — results will NOT be exactly reproducible from git_commit alone ***


Results saved → results/run_20260505_112814/pitchbench_d7_seq_pitch_id/run_001_20260505_120757/results_audio_flamingo_next_instruct.*

############################################################
# pitchbench_e1_loudness
############################################################

Experiment : pitchbench_e1_loudness
Models     : audio_flamingo_next_instruct
Stimuli    : 300
  Sampling     : 300 of 1140 (stratified by '(midi, loudness_db)', seed=42)

  Model : Audio Flamingo Next – instruct
    [dispatch] 300 items, max_workers=1
    [   1/300] F#1    -12 dBFS  triangle  | midi: gt=30 pred=43 ❌  | spn: gt=F#1 pred=C2 ❌  | doremi: gt=fa# pred=fa# ✅  | hz: gt=46.2493 pred=420.0 ❌
    [   2/300] F#1    -12 dBFS  sine  | midi: gt=30 pred=35 ❌  | spn: gt=F#1 pred=C2 ❌  | doremi: gt=fa# pred=fa# ✅  | hz: gt=46.2493 pred=261.63 ❌
    [   3/300] F#1    -12 dBFS  trumpet  | midi: gt=30 pred=34 ❌  | spn: gt=F#1 pred=A#2 ❌  | doremi: gt=fa# pred=fa# ✅  | hz: gt=46.2493 pred=320.0 ❌
    [   4/300] F#1    -12 dBFS  flute  | midi: gt=30 pred=43 ❌  | spn: gt=F#1 pred=A#2 ❌  | doremi: gt=fa# pred=fa# ✅  | hz: gt=46.2493 pred=105.26 ❌
    [   5/300] F#1    -12 dBFS  voice  | midi: gt=30 pred=43 ❌  | spn: gt=F#1 pred=C2 ❌  | doremi: gt=fa# pred=fa# ✅  | hz: gt=46.2493 pred=105.26 ❌
    [   6/300] F#1    -20 dBFS  piano  | midi: gt=30 pred=43 ❌  | spn: gt=F#1 pred=C4 ❌  | doremi: gt=fa# pred=fa# ✅  | hz: gt=46.2493 pred=435.0 ❌
    [   7/300] F#1    -20 dBFS  triangle  | midi: gt=30 pred=43 ❌  | spn: gt=F#1 pred=C2 ❌  | doremi: gt=fa# pred=fa# ✅  | hz: gt=46.2493 pred=105.26 ❌
    [   8/300] F#1    -20 dBFS  square  | midi: gt=30 pred=45 ❌  | spn: gt=F#1 pred=F#2 ❌  | doremi: gt=fa# pred=fa# ✅  | hz: gt=46.2493 pred=480.0 ❌
    [   9/300] F#1    -20 dBFS  cello  | midi: gt=30 pred=34 ❌  | spn: gt=F#1 pred=B2 ❌  | doremi: gt=fa# pred=fa# ✅  | hz: gt=46.2493 pred=210.0 ❌
    [  10/300] F#1    -20 dBFS  sine  | midi: gt=30 pred=36 ❌  | spn: gt=F#1 pred=C2 ❌  | doremi: gt=fa# pred=fa# ✅  | hz: gt=46.2493 pred=261.63 ❌
    [  11/300] F#1     -3 dBFS  sine  | midi: gt=30 pred=35 ❌  | spn: gt=F#1 pred=C2 ❌  | doremi: gt=fa# pred=fa# ✅  | hz: gt=46.2493 pred=25.0 ❌
    [  12/300] F#1     -3 dBFS  square  | midi: gt=30 pred=45 ❌  | spn: gt=F#1 pred=A2 ❌  | doremi: gt=fa# pred=fa# ✅  | hz: gt=46.2493 pred=450.0 ❌
    [  13/300] F#1     -3 dBFS  guitar  | midi: gt=30 pred=43 ❌  | spn: gt=F#1 pred=A#2 ❌  | doremi: gt=fa# pred=sol ❌  | hz: gt=46.2493 pred=435.0 ❌
    [  14/300] F#1     -3 dBFS  flute  | midi: gt=30 pred=35 ❌  | spn: gt=F#1 pred=A#2 ❌  | doremi: gt=fa# pred=fa# ✅  | hz: gt=46.2493 pred=105.26 ❌
    [  15/300] F#1     -3 dBFS  trumpet  | midi: gt=30 pred=34 ❌  | spn: gt=F#1 pred=F2 ❌  | doremi: gt=fa# pred=fa# ✅  | hz: gt=46.2493 pred=320.0 ❌
    [  16/300] F#1    -30 dBFS  sine  | midi: gt=30 pred=48 ❌  | spn: gt=F#1 pred=C2 ❌  | doremi: gt=fa# pred=fa# ✅  | hz: gt=46.2493 pred=107.65 ❌
    [  17/300] F#1    -30 dBFS  synth_pad  | midi: gt=30 pred=64 ❌  | spn: gt=F#1 pred=C6 ❌  | doremi: gt=fa# pred=fa# ✅  | hz: gt=46.2493 pred=480.0 ❌
    [  18/300] F#1    -30 dBFS  guitar  | midi: gt=30 pred=43 ❌  | spn: gt=F#1 pred=A#1 ❌  | doremi: gt=fa# pred=fa# ✅  | hz: gt=46.2493 pred=46.0 ✅
    [  19/300] F#1    -30 dBFS  cello  | midi: gt=30 pred=35 ❌  | spn: gt=F#1 pred=B2 ❌  | doremi: gt=fa# pred=fa# ✅  | hz: gt=46.2493 pred=210.0 ❌
    [  20/300] F#1    -30 dBFS  triangle  | midi: gt=30 pred=45 ❌  | spn: gt=F#1 pred=C2 ❌  | doremi: gt=fa# pred=sol ❌  | hz: gt=46.2493 pred=105.26 ❌
    [  21/300] F#1     -6 dBFS  organ  | midi: gt=30 pred=63 ❌  | spn: gt=F#1 pred=C6 ❌  | doremi: gt=fa# pred=sol ❌  | hz: gt=46.2493 pred=107.65 ❌
    [  22/300] F#1     -6 dBFS  trumpet  | midi: gt=30 pred=34 ❌  | spn: gt=F#1 pred=F2 ❌  | doremi: gt=fa# pred=fa# ✅  | hz: gt=46.2493 pred=329.6875 ❌
    [  23/300] F#1     -6 dBFS  sine  | midi: gt=30 pred=35 ❌  | spn: gt=F#1 pred=C2 ❌  | doremi: gt=fa# pred=fa# ✅  | hz: gt=46.2493 pred=25.0 ❌
    [  24/300] F#1     -6 dBFS  electric_keyboard  | midi: gt=30 pred=34 ❌  | spn: gt=F#1 pred=F2 ❌  | doremi: gt=fa# pred=fa# ✅  | hz: gt=46.2493 pred=305.0 ❌
    [  25/300] F#1     -6 dBFS  oboe  | midi: gt=30 pred=34 ❌  | spn: gt=F#1 pred=A#2 ❌  | doremi: gt=fa# pred=fa# ✅  | hz: gt=46.2493 pred=105.26 ❌
    [  26/300] F#1      0 dBFS  cello  | midi: gt=30 pred=34 ❌  | spn: gt=F#1 pred=A#2 ❌  | doremi: gt=fa# pred=la ❌  | hz: gt=46.2493 pred=210.0 ❌
    [  27/300] F#1      0 dBFS  clarinet  | midi: gt=30 pred=43 ❌  | spn: gt=F#1 pred=C6 ❌  | doremi: gt=fa# pred=fa# ✅  | hz: gt=46.2493 pred=1054.72 ❌
    [  28/300] F#1      0 dBFS  trumpet  | midi: gt=30 pred=34 ❌  | spn: gt=F#1 pred=A#2 ❌  | doremi: gt=fa# pred=fa# ✅  | hz: gt=46.2493 pred=320.0 ❌
    [  29/300] F#1      0 dBFS  piano  | midi: gt=30 pred=36 ❌  | spn: gt=F#1 pred=C6 ❌  | doremi: gt=fa# pred=sol ❌  | hz: gt=46.2493 pred=435.0 ❌
    [  30/300] F#1      0 dBFS  triangle  | midi: gt=30 pred=35 ❌  | spn: gt=F#1 pred=C2 ❌  | doremi: gt=fa# pred=sol ❌  | hz: gt=46.2493 pred=435.0 ❌
    [  31/300] C2     -12 dBFS  clarinet  | midi: gt=36 pred=63 ❌  | spn: gt=C2 pred=C6 ❌  | doremi: gt=do pred=fa# ❌  | hz: gt=65.4064 pred=107.86 ❌
    [  32/300] C2     -12 dBFS  triangle  | midi: gt=36 pred=45 ❌  | spn: gt=C2 pred=C2 ✅  | doremi: gt=do pred=sol ❌  | hz: gt=65.4064 pred=105.26 ❌
    [  33/300] C2     -12 dBFS  square  | midi: gt=36 pred=43 ❌  | spn: gt=C2 pred=F#2 ❌  | doremi: gt=do pred=fa# ❌  | hz: gt=65.4064 pred=480.0 ❌
    [  34/300] C2     -12 dBFS  violin  | midi: gt=36 pred=36 ✅  | spn: gt=C2 pred=B2 ❌  | doremi: gt=do pred=fa# ❌  | hz: gt=65.4064 pred=210.0 ❌
    [  35/300] C2     -12 dBFS  sawtooth  | midi: gt=36 pred=35 ❌  | spn: gt=C2 pred=C2 ✅  | doremi: gt=do pred=fa# ❌  | hz: gt=65.4064 pred=480.0 ❌
    [  36/300] C2     -20 dBFS  oboe  | midi: gt=36 pred=43 ❌  | spn: gt=C2 pred=A#2 ❌  | doremi: gt=do pred=fa# ❌  | hz: gt=65.4064 pred=250.0 ❌
    [  37/300] C2     -20 dBFS  voice  | midi: gt=36 pred=63 ❌  | spn: gt=C2 pred=C6 ❌  | doremi: gt=do pred=fa# ❌  | hz: gt=65.4064 pred=130.81 ❌
    [  38/300] C2     -20 dBFS  trumpet  | midi: gt=36 pred=35 ❌  | spn: gt=C2 pred=A#2 ❌  | doremi: gt=do pred=fa# ❌  | hz: gt=65.4064 pred=34.0 ❌
    [  39/300] C2     -20 dBFS  sawtooth  | midi: gt=36 pred=48 ❌  | spn: gt=C2 pred=C2 ✅  | doremi: gt=do pred=fa# ❌  | hz: gt=65.4064 pred=480.0 ❌
    [  40/300] C2     -20 dBFS  synth_pad  | midi: gt=36 pred=65 ❌  | spn: gt=C2 pred=C6 ❌  | doremi: gt=do pred=sol ❌  | hz: gt=65.4064 pred=480.0 ❌
    [  41/300] C2      -3 dBFS  organ  | midi: gt=36 pred=63 ❌  | spn: gt=C2 pred=C2 ✅  | doremi: gt=do pred=sol ❌  | hz: gt=65.4064 pred=107.65 ❌
    [  42/300] C2      -3 dBFS  synth_pad  | midi: gt=36 pred=64 ❌  | spn: gt=C2 pred=C6 ❌  | doremi: gt=do pred=sol ❌  | hz: gt=65.4064 pred=480.0 ❌
    [  43/300] C2      -3 dBFS  triangle  | midi: gt=36 pred=43 ❌  | spn: gt=C2 pred=C2 ✅  | doremi: gt=do pred=sol ❌  | hz: gt=65.4064 pred=105.26 ❌
    [  44/300] C2      -3 dBFS  violin  | midi: gt=36 pred=36 ✅  | spn: gt=C2 pred=C2 ✅  | doremi: gt=do pred=fa# ❌  | hz: gt=65.4064 pred=250.0 ❌
    [  45/300] C2      -3 dBFS  sawtooth  | midi: gt=36 pred=35 ❌  | spn: gt=C2 pred=A#2 ❌  | doremi: gt=do pred=fa# ❌  | hz: gt=65.4064 pred=480.0 ❌
    [  46/300] C2     -30 dBFS  synth_pad  | midi: gt=36 pred=64 ❌  | spn: gt=C2 pred=C4 ❌  | doremi: gt=do pred=fa# ❌  | hz: gt=65.4064 pred=480.0 ❌
    [  47/300] C2     -30 dBFS  trombone  | midi: gt=36 pred=48 ❌  | spn: gt=C2 pred=A#2 ❌  | doremi: gt=do pred=fa# ❌  | hz: gt=65.4064 pred=105.26 ❌
    [  48/300] C2     -30 dBFS  oboe  | midi: gt=36 pred=43 ❌  | spn: gt=C2 pred=A#2 ❌  | doremi: gt=do pred=fa# ❌  | hz: gt=65.4064 pred=450.0 ❌
    [  49/300] C2     -30 dBFS  guitar  | midi: gt=36 pred=48 ❌  | spn: gt=C2 pred=C4 ❌  | doremi: gt=do pred=sol ❌  | hz: gt=65.4064 pred=450.0 ❌
    [  50/300] C2     -30 dBFS  synth_lead  | midi: gt=36 pred=64 ❌  | spn: gt=C2 pred=C6 ❌  | doremi: gt=do pred=fa# ❌  | hz: gt=65.4064 pred=480.0 ❌
    [  51/300] C2      -6 dBFS  square  | midi: gt=36 pred=43 ❌  | spn: gt=C2 pred=A#2 ❌  | doremi: gt=do pred=fa# ❌  | hz: gt=65.4064 pred=450.0 ❌
    [  52/300] C2      -6 dBFS  sawtooth  | midi: gt=36 pred=35 ❌  | spn: gt=C2 pred=C2 ✅  | doremi: gt=do pred=fa# ❌  | hz: gt=65.4064 pred=480.0 ❌
    [  53/300] C2      -6 dBFS  flute  | midi: gt=36 pred=48 ❌  | spn: gt=C2 pred=C2 ✅  | doremi: gt=do pred=fa# ❌  | hz: gt=65.4064 pred=130.81 ❌
    [  54/300] C2      -6 dBFS  trombone  | midi: gt=36 pred=35 ❌  | spn: gt=C2 pred=A#2 ❌  | doremi: gt=do pred=fa# ❌  | hz: gt=65.4064 pred=450.0 ❌
    [  55/300] C2      -6 dBFS  synth_pad  | midi: gt=36 pred=65 ❌  | spn: gt=C2 pred=C6 ❌  | doremi: gt=do pred=sol ❌  | hz: gt=65.4064 pred=480.0 ❌
    [  56/300] C2       0 dBFS  flute  | midi: gt=36 pred=48 ❌  | spn: gt=C2 pred=C2 ✅  | doremi: gt=do pred=fa# ❌  | hz: gt=65.4064 pred=130.81 ❌
    [  57/300] C2       0 dBFS  triangle  | midi: gt=36 pred=43 ❌  | spn: gt=C2 pred=C2 ✅  | doremi: gt=do pred=sol ❌  | hz: gt=65.4064 pred=150.0 ❌
    [  58/300] C2       0 dBFS  violin  | midi: gt=36 pred=36 ✅  | spn: gt=C2 pred=C2 ✅  | doremi: gt=do pred=fa# ❌  | hz: gt=65.4064 pred=250.0 ❌
    [  59/300] C2       0 dBFS  trumpet  | midi: gt=36 pred=36 ✅  | spn: gt=C2 pred=C2 ✅  | doremi: gt=do pred=re ❌  | hz: gt=65.4064 pred=340.0 ❌
    [  60/300] C2       0 dBFS  voice  | midi: gt=36 pred=63 ❌  | spn: gt=C2 pred=C2 ✅  | doremi: gt=do pred=sol ❌  | hz: gt=65.4064 pred=120.0 ❌
    [  61/300] G2     -12 dBFS  oboe  | midi: gt=43 pred=43 ✅  | spn: gt=G2 pred=C4 ❌  | doremi: gt=sol pred=sol ✅  | hz: gt=97.9989 pred=435.0 ❌
    [  62/300] G2     -12 dBFS  electric_keyboard  | midi: gt=43 pred=43 ✅  | spn: gt=G2 pred=G2 ✅  | doremi: gt=sol pred=sol ✅  | hz: gt=97.9989 pred=435.0 ❌
    [  63/300] G2     -12 dBFS  voice  | midi: gt=43 pred=63 ❌  | spn: gt=G2 pred=C4 ❌  | doremi: gt=sol pred=sol ✅  | hz: gt=97.9989 pred=436.5078125 ❌
    [  64/300] G2     -12 dBFS  synth_lead  | midi: gt=43 pred=65 ❌  | spn: gt=G2 pred=C6 ❌  | doremi: gt=sol pred=sol# ❌  | hz: gt=97.9989 pred=460.0 ❌
    [  65/300] G2     -12 dBFS  triangle  | midi: gt=43 pred=43 ✅  | spn: gt=G2 pred=C6 ❌  | doremi: gt=sol pred=sol ✅  | hz: gt=97.9989 pred=435.0 ❌
    [  66/300] G2     -20 dBFS  trumpet  | midi: gt=43 pred=43 ✅  | spn: gt=G2 pred=F#2 ❌  | doremi: gt=sol pred=sol ✅  | hz: gt=97.9989 pred=435.0 ❌
    [  67/300] G2     -20 dBFS  square  | midi: gt=43 pred=43 ✅  | spn: gt=G2 pred=F#2 ❌  | doremi: gt=sol pred=sol ✅  | hz: gt=97.9989 pred=480.0 ❌
    [  68/300] G2     -20 dBFS  electric_keyboard  | midi: gt=43 pred=48 ❌  | spn: gt=G2 pred=G2 ✅  | doremi: gt=sol pred=sol ✅  | hz: gt=97.9989 pred=450.0 ❌
    [  69/300] G2     -20 dBFS  flute  | midi: gt=43 pred=43 ✅  | spn: gt=G2 pred=C2 ❌  | doremi: gt=sol pred=fa# ❌  | hz: gt=97.9989 pred=105.26 ❌
    [  70/300] G2     -20 dBFS  synth_pad  | midi: gt=43 pred=63 ❌  | spn: gt=G2 pred=C6 ❌  | doremi: gt=sol pred=sol ✅  | hz: gt=97.9989 pred=480.0 ❌
    [  71/300] G2      -3 dBFS  organ  | midi: gt=43 pred=63 ❌  | spn: gt=G2 pred=G2 ✅  | doremi: gt=sol pred=sol ✅  | hz: gt=97.9989 pred=105.26 ❌
    [  72/300] G2      -3 dBFS  violin  | midi: gt=43 pred=43 ✅  | spn: gt=G2 pred=C2 ❌  | doremi: gt=sol pred=sol ✅  | hz: gt=97.9989 pred=435.0 ❌
    [  73/300] G2      -3 dBFS  trumpet  | midi: gt=43 pred=43 ✅  | spn: gt=G2 pred=F#2 ❌  | doremi: gt=sol pred=sol ✅  | hz: gt=97.9989 pred=435.0 ❌
    [  74/300] G2      -3 dBFS  flute  | midi: gt=43 pred=43 ✅  | spn: gt=G2 pred=C2 ❌  | doremi: gt=sol pred=fa# ❌  | hz: gt=97.9989 pred=105.26 ❌
    [  75/300] G2      -3 dBFS  clarinet  | midi: gt=43 pred=43 ✅  | spn: gt=G2 pred=C4 ❌  | doremi: gt=sol pred=fa# ❌  | hz: gt=97.9989 pred=450.0 ❌
    [  76/300] G2     -30 dBFS  clarinet  | midi: gt=43 pred=43 ✅  | spn: gt=G2 pred=C6 ❌  | doremi: gt=sol pred=sol ✅  | hz: gt=97.9989 pred=480.0 ❌
    [  77/300] G2     -30 dBFS  sawtooth  | midi: gt=43 pred=48 ❌  | spn: gt=G2 pred=G2 ✅  | doremi: gt=sol pred=sol ✅  | hz: gt=97.9989 pred=480.0 ❌
    [  78/300] G2     -30 dBFS  flute  | midi: gt=43 pred=63 ❌  | spn: gt=G2 pred=C2 ❌  | doremi: gt=sol pred=fa# ❌  | hz: gt=97.9989 pred=415.306879 ❌
    [  79/300] G2     -30 dBFS  synth_pad  | midi: gt=43 pred=63 ❌  | spn: gt=G2 pred=C6 ❌  | doremi: gt=sol pred=sol ✅  | hz: gt=97.9989 pred=450.0 ❌
    [  80/300] G2     -30 dBFS  violin  | midi: gt=43 pred=43 ✅  | spn: gt=G2 pred=C2 ❌  | doremi: gt=sol pred=fa# ❌  | hz: gt=97.9989 pred=105.36 ❌
    [  81/300] G2      -6 dBFS  clarinet  | midi: gt=43 pred=43 ✅  | spn: gt=G2 pred=C4 ❌  | doremi: gt=sol pred=fa# ❌  | hz: gt=97.9989 pred=450.0 ❌
    [  82/300] G2      -6 dBFS  violin  | midi: gt=43 pred=43 ✅  | spn: gt=G2 pred=C2 ❌  | doremi: gt=sol pred=sol ✅  | hz: gt=97.9989 pred=435.0 ❌
    [  83/300] G2      -6 dBFS  trumpet  | midi: gt=43 pred=43 ✅  | spn: gt=G2 pred=F#2 ❌  | doremi: gt=sol pred=sol ✅  | hz: gt=97.9989 pred=435.0 ❌
    [  84/300] G2      -6 dBFS  square  | midi: gt=43 pred=43 ✅  | spn: gt=G2 pred=F#2 ❌  | doremi: gt=sol pred=fa# ❌  | hz: gt=97.9989 pred=450.0 ❌
    [  85/300] G2      -6 dBFS  triangle  | midi: gt=43 pred=43 ✅  | spn: gt=G2 pred=C6 ❌  | doremi: gt=sol pred=sol ✅  | hz: gt=97.9989 pred=435.0 ❌
    [  86/300] G2       0 dBFS  voice  | midi: gt=43 pred=63 ❌  | spn: gt=G2 pred=C4 ❌  | doremi: gt=sol pred=sol ✅  | hz: gt=97.9989 pred=480.0 ❌
    [  87/300] G2       0 dBFS  clarinet  | midi: gt=43 pred=43 ✅  | spn: gt=G2 pred=C4 ❌  | doremi: gt=sol pred=fa# ❌  | hz: gt=97.9989 pred=450.0 ❌
    [  88/300] G2       0 dBFS  guitar  | midi: gt=43 pred=48 ❌  | spn: gt=G2 pred=G4 ❌  | doremi: gt=sol pred=sol ✅  | hz: gt=97.9989 pred=450.0 ❌
    [  89/300] G2       0 dBFS  bass  | midi: gt=43 pred=43 ✅  | spn: gt=G2 pred=C4 ❌  | doremi: gt=sol pred=sol ✅  | hz: gt=97.9989 pred=435.0 ❌
    [  90/300] G2       0 dBFS  synth_lead  | midi: gt=43 pred=48 ❌  | spn: gt=G2 pred=C6 ❌  | doremi: gt=sol pred=fa# ❌  | hz: gt=97.9989 pred=480.0 ❌
    [  91/300] C3     -12 dBFS  organ  | midi: gt=48 pred=60 ❌  | spn: gt=C3 pred=C2 ❌  | doremi: gt=do pred=sol ❌  | hz: gt=130.8128 pred=107.65 ❌
    [  92/300] C3     -12 dBFS  piano  | midi: gt=48 pred=48 ✅  | spn: gt=C3 pred=C4 ❌  | doremi: gt=do pred=sol ❌  | hz: gt=130.8128 pred=480.0 ❌
    [  93/300] C3     -12 dBFS  trumpet  | midi: gt=48 pred=48 ✅  | spn: gt=C3 pred=C4 ❌  | doremi: gt=do pred=sol ❌  | hz: gt=130.8128 pred=480.0 ❌
    [  94/300] C3     -12 dBFS  synth_pad  | midi: gt=48 pred=64 ❌  | spn: gt=C3 pred=C6 ❌  | doremi: gt=do pred=sol ❌  | hz: gt=130.8128 pred=480.0 ❌
    [  95/300] C3     -12 dBFS  triangle  | midi: gt=48 pred=48 ✅  | spn: gt=C3 pred=C6 ❌  | doremi: gt=do pred=sol ❌  | hz: gt=130.8128 pred=480.0 ❌
    [  96/300] C3     -20 dBFS  synth_pad  | midi: gt=48 pred=64 ❌  | spn: gt=C3 pred=C6 ❌  | doremi: gt=do pred=sol ❌  | hz: gt=130.8128 pred=480.0 ❌
    [  97/300] C3     -20 dBFS  voice  | midi: gt=48 pred=63 ❌  | spn: gt=C3 pred=C6 ❌  | doremi: gt=do pred=sol ❌  | hz: gt=130.8128 pred=480.0 ❌
    [  98/300] C3     -20 dBFS  trumpet  | midi: gt=48 pred=48 ✅  | spn: gt=C3 pred=C4 ❌  | doremi: gt=do pred=sol ❌  | hz: gt=130.8128 pred=435.0 ❌
    [  99/300] C3     -20 dBFS  cello  | midi: gt=48 pred=48 ✅  | spn: gt=C3 pred=C2 ❌  | doremi: gt=do pred=fa# ❌  | hz: gt=130.8128 pred=480.0 ❌
    [ 100/300] C3     -20 dBFS  organ  | midi: gt=48 pred=63 ❌  | spn: gt=C3 pred=C2 ❌  | doremi: gt=do pred=sol ❌  | hz: gt=130.8128 pred=107.65 ❌
    [ 101/300] C3      -3 dBFS  voice  | midi: gt=48 pred=63 ❌  | spn: gt=C3 pred=C6 ❌  | doremi: gt=do pred=sol ❌  | hz: gt=130.8128 pred=480.0 ❌
    [ 102/300] C3      -3 dBFS  violin  | midi: gt=48 pred=48 ✅  | spn: gt=C3 pred=C4 ❌  | doremi: gt=do pred=sol ❌  | hz: gt=130.8128 pred=480.0 ❌
    [ 103/300] C3      -3 dBFS  oboe  | midi: gt=48 pred=48 ✅  | spn: gt=C3 pred=C2 ❌  | doremi: gt=do pred=sol ❌  | hz: gt=130.8128 pred=480.0 ❌
    [ 104/300] C3      -3 dBFS  flute  | midi: gt=48 pred=48 ✅  | spn: gt=C3 pred=C2 ❌  | doremi: gt=do pred=sol ❌  | hz: gt=130.8128 pred=480.0 ❌
    [ 105/300] C3      -3 dBFS  square  | midi: gt=48 pred=45 ❌  | spn: gt=C3 pred=F#2 ❌  | doremi: gt=do pred=sol ❌  | hz: gt=130.8128 pred=450.0 ❌
    [ 106/300] C3     -30 dBFS  synth_lead  | midi: gt=48 pred=63 ❌  | spn: gt=C3 pred=C6 ❌  | doremi: gt=do pred=sol ❌  | hz: gt=130.8128 pred=1058.43 ❌
    [ 107/300] C3     -30 dBFS  bass  | midi: gt=48 pred=56 ❌  | spn: gt=C3 pred=C4 ❌  | doremi: gt=do pred=sol ❌  | hz: gt=130.8128 pred=480.0 ❌
    [ 108/300] C3     -30 dBFS  square  | midi: gt=48 pred=45 ❌  | spn: gt=C3 pred=C6 ❌  | doremi: gt=do pred=sol ❌  | hz: gt=130.8128 pred=480.0 ❌
    [ 109/300] C3     -30 dBFS  sawtooth  | midi: gt=48 pred=48 ✅  | spn: gt=C3 pred=C6 ❌  | doremi: gt=do pred=sol ❌  | hz: gt=130.8128 pred=480.0 ❌
    [ 110/300] C3     -30 dBFS  cello  | midi: gt=48 pred=48 ✅  | spn: gt=C3 pred=C2 ❌  | doremi: gt=do pred=fa# ❌  | hz: gt=130.8128 pred=105.26 ❌
    [ 111/300] C3      -6 dBFS  triangle  | midi: gt=48 pred=48 ✅  | spn: gt=C3 pred=C6 ❌  | doremi: gt=do pred=sol ❌  | hz: gt=130.8128 pred=480.0 ❌
    [ 112/300] C3      -6 dBFS  piano  | midi: gt=48 pred=48 ✅  | spn: gt=C3 pred=C4 ❌  | doremi: gt=do pred=sol ❌  | hz: gt=130.8128 pred=480.0 ❌
    [ 113/300] C3      -6 dBFS  electric_keyboard  | midi: gt=48 pred=48 ✅  | spn: gt=C3 pred=C4 ❌  | doremi: gt=do pred=sol ❌  | hz: gt=130.8128 pred=480.0 ❌
    [ 114/300] C3      -6 dBFS  cello  | midi: gt=48 pred=48 ✅  | spn: gt=C3 pred=C2 ❌  | doremi: gt=do pred=sol ❌  | hz: gt=130.8128 pred=48.0 ❌
    [ 115/300] C3      -6 dBFS  trombone  | midi: gt=48 pred=48 ✅  | spn: gt=C3 pred=C4 ❌  | doremi: gt=do pred=sol ❌  | hz: gt=130.8128 pred=450.0 ❌
    [ 116/300] C3       0 dBFS  square  | midi: gt=48 pred=45 ❌  | spn: gt=C3 pred=F#2 ❌  | doremi: gt=do pred=sol ❌  | hz: gt=130.8128 pred=450.0 ❌
    [ 117/300] C3       0 dBFS  violin  | midi: gt=48 pred=48 ✅  | spn: gt=C3 pred=C2 ❌  | doremi: gt=do pred=sol ❌  | hz: gt=130.8128 pred=480.0 ❌
    [ 118/300] C3       0 dBFS  synth_pad  | midi: gt=48 pred=63 ❌  | spn: gt=C3 pred=C6 ❌  | doremi: gt=do pred=sol ❌  | hz: gt=130.8128 pred=480.0 ❌
    [ 119/300] C3       0 dBFS  organ  | midi: gt=48 pred=60 ❌  | spn: gt=C3 pred=C2 ❌  | doremi: gt=do pred=sol ❌  | hz: gt=130.8128 pred=480.0 ❌
    [ 120/300] C3       0 dBFS  trumpet  | midi: gt=48 pred=48 ✅  | spn: gt=C3 pred=C4 ❌  | doremi: gt=do pred=sol ❌  | hz: gt=130.8128 pred=480.0 ❌
    [ 121/300] F#3    -12 dBFS  trumpet  | midi: gt=54 pred=54 ✅  | spn: gt=F#3 pred=F4 ❌  | doremi: gt=fa# pred=sol ❌  | hz: gt=184.9972 pred=435.0 ❌
    [ 122/300] F#3    -12 dBFS  synth_pad  | midi: gt=54 pred=63 ❌  | spn: gt=F#3 pred=C6 ❌  | doremi: gt=fa# pred=fa# ✅  | hz: gt=184.9972 pred=480.0 ❌
    [ 123/300] F#3    -12 dBFS  sine  | midi: gt=54 pred=48 ❌  | spn: gt=F#3 pred=C4 ❌  | doremi: gt=fa# pred=sol ❌  | hz: gt=184.9972 pred=107.86 ❌
    [ 124/300] F#3    -12 dBFS  triangle  | midi: gt=54 pred=63 ❌  | spn: gt=F#3 pred=C6 ❌  | doremi: gt=fa# pred=sol ❌  | hz: gt=184.9972 pred=480.0 ❌
    [ 125/300] F#3    -12 dBFS  clarinet  | midi: gt=54 pred=54 ✅  | spn: gt=F#3 pred=C4 ❌  | doremi: gt=fa# pred=sol ❌  | hz: gt=184.9972 pred=450.0 ❌
    [ 126/300] F#3    -20 dBFS  synth_pad  | midi: gt=54 pred=65 ❌  | spn: gt=F#3 pred=C6 ❌  | doremi: gt=fa# pred=fa# ✅  | hz: gt=184.9972 pred=480.0 ❌
    [ 127/300] F#3    -20 dBFS  trumpet  | midi: gt=54 pred=54 ✅  | spn: gt=F#3 pred=F4 ❌  | doremi: gt=fa# pred=sol ❌  | hz: gt=184.9972 pred=435.0 ❌
    [ 128/300] F#3    -20 dBFS  clarinet  | midi: gt=54 pred=54 ✅  | spn: gt=F#3 pred=C4 ❌  | doremi: gt=fa# pred=sol ❌  | hz: gt=184.9972 pred=450.0 ❌
    [ 129/300] F#3    -20 dBFS  triangle  | midi: gt=54 pred=56 ❌  | spn: gt=F#3 pred=C6 ❌  | doremi: gt=fa# pred=sol ❌  | hz: gt=184.9972 pred=480.0 ❌
    [ 130/300] F#3    -20 dBFS  piano  | midi: gt=54 pred=53 ❌  | spn: gt=F#3 pred=C4 ❌  | doremi: gt=fa# pred=sol ❌  | hz: gt=184.9972 pred=450.0 ❌
    [ 131/300] F#3     -3 dBFS  cello  | midi: gt=54 pred=54 ✅  | spn: gt=F#3 pred=F#4 ❌  | doremi: gt=fa# pred=sol ❌  | hz: gt=184.9972 pred=420.0 ❌
    [ 132/300] F#3     -3 dBFS  electric_keyboard  | midi: gt=54 pred=54 ✅  | spn: gt=F#3 pred=C4 ❌  | doremi: gt=fa# pred=mi ❌  | hz: gt=184.9972 pred=54.0 ❌
    [ 133/300] F#3     -3 dBFS  organ  | midi: gt=54 pred=66 ❌  | spn: gt=F#3 pred=F#6 ❌  | doremi: gt=fa# pred=sol# ❌  | hz: gt=184.9972 pred=659.34 ❌
    [ 134/300] F#3     -3 dBFS  sine  | midi: gt=54 pred=54 ✅  | spn: gt=F#3 pred=C4 ❌  | doremi: gt=fa# pred=sol ❌  | hz: gt=184.9972 pred=107.89 ❌
    [ 135/300] F#3     -3 dBFS  oboe  | midi: gt=54 pred=54 ✅  | spn: gt=F#3 pred=C4 ❌  | doremi: gt=fa# pred=sol ❌  | hz: gt=184.9972 pred=435.0 ❌
    [ 136/300] F#3    -30 dBFS  trumpet  | midi: gt=54 pred=54 ✅  | spn: gt=F#3 pred=F#4 ❌  | doremi: gt=fa# pred=sol ❌  | hz: gt=184.9972 pred=435.0 ❌
    [ 137/300] F#3    -30 dBFS  synth_lead  | midi: gt=54 pred=63 ❌  | spn: gt=F#3 pred=C6 ❌  | doremi: gt=fa# pred=fa# ✅  | hz: gt=184.9972 pred=1054.87 ❌
    [ 138/300] F#3    -30 dBFS  electric_keyboard  | midi: gt=54 pred=48 ❌  | spn: gt=F#3 pred=C4 ❌  | doremi: gt=fa# pred=fa# ✅  | hz: gt=184.9972 pred=480.0 ❌
    [ 139/300] F#3    -30 dBFS  triangle  | midi: gt=54 pred=43 ❌  | spn: gt=F#3 pred=C4 ❌  | doremi: gt=fa# pred=sol ❌  | hz: gt=184.9972 pred=480.0 ❌
    [ 140/300] F#3    -30 dBFS  cello  | midi: gt=54 pred=54 ✅  | spn: gt=F#3 pred=F#3 ✅  | doremi: gt=fa# pred=sol ❌  | hz: gt=184.9972 pred=105.36 ❌
    [ 141/300] F#3     -6 dBFS  trombone  | midi: gt=54 pred=54 ✅  | spn: gt=F#3 pred=F4 ❌  | doremi: gt=fa# pred=mi ❌  | hz: gt=184.9972 pred=435.0 ❌
    [ 142/300] F#3     -6 dBFS  synth_lead  | midi: gt=54 pred=54 ✅  | spn: gt=F#3 pred=C6 ❌  | doremi: gt=fa# pred=fa# ✅  | hz: gt=184.9972 pred=1200.0 ❌
    [ 143/300] F#3     -6 dBFS  guitar  | midi: gt=54 pred=54 ✅  | spn: gt=F#3 pred=C4 ❌  | doremi: gt=fa# pred=sol ❌  | hz: gt=184.9972 pred=420.0 ❌
    [ 144/300] F#3     -6 dBFS  piano  | midi: gt=54 pred=54 ✅  | spn: gt=F#3 pred=C6 ❌  | doremi: gt=fa# pred=fa# ✅  | hz: gt=184.9972 pred=435.0 ❌
    [ 145/300] F#3     -6 dBFS  electric_keyboard  | midi: gt=54 pred=54 ✅  | spn: gt=F#3 pred=C4 ❌  | doremi: gt=fa# pred=mi ❌  | hz: gt=184.9972 pred=540.0 ❌
    [ 146/300] F#3      0 dBFS  electric_keyboard  | midi: gt=54 pred=54 ✅  | spn: gt=F#3 pred=C4 ❌  | doremi: gt=fa# pred=mi ❌  | hz: gt=184.9972 pred=53.68 ❌
    [ 147/300] F#3      0 dBFS  synth_pad  | midi: gt=54 pred=65 ❌  | spn: gt=F#3 pred=C6 ❌  | doremi: gt=fa# pred=fa# ✅  | hz: gt=184.9972 pred=480.0 ❌
    [ 148/300] F#3      0 dBFS  synth_lead  | midi: gt=54 pred=59 ❌  | spn: gt=F#3 pred=C6 ❌  | doremi: gt=fa# pred=fa# ✅  | hz: gt=184.9972 pred=480.0 ❌
    [ 149/300] F#3      0 dBFS  sine  | midi: gt=54 pred=54 ✅  | spn: gt=F#3 pred=C4 ❌  | doremi: gt=fa# pred=sol ❌  | hz: gt=184.9972 pred=107.89 ❌
    [ 150/300] F#3      0 dBFS  trombone  | midi: gt=54 pred=54 ✅  | spn: gt=F#3 pred=F4 ❌  | doremi: gt=fa# pred=sol ❌  | hz: gt=184.9972 pred=420.0 ❌
    [ 151/300] C4     -12 dBFS  clarinet  | midi: gt=60 pred=65 ❌  | spn: gt=C4 pred=C6 ❌  | doremi: gt=do pred=sol ❌  | hz: gt=261.6256 pred=450.0 ❌
    [ 152/300] C4     -12 dBFS  bass  | midi: gt=60 pred=63 ❌  | spn: gt=C4 pred=C4 ✅  | doremi: gt=do pred=sol ❌  | hz: gt=261.6256 pred=480.0 ❌
    [ 153/300] C4     -12 dBFS  sine  | midi: gt=60 pred=63 ❌  | spn: gt=C4 pred=C6 ❌  | doremi: gt=do pred=sol ❌  | hz: gt=261.6256 pred=480.0 ❌
    [ 154/300] C4     -12 dBFS  triangle  | midi: gt=60 pred=68 ❌  | spn: gt=C4 pred=C6 ❌  | doremi: gt=do pred=sol ❌  | hz: gt=261.6256 pred=480.0 ❌
    [ 155/300] C4     -12 dBFS  organ  | midi: gt=60 pred=60 ✅  | spn: gt=C4 pred=C6 ❌  | doremi: gt=do pred=sol ❌  | hz: gt=261.6256 pred=1050.0 ❌
    [ 156/300] C4     -20 dBFS  oboe  | midi: gt=60 pred=63 ❌  | spn: gt=C4 pred=C4 ✅  | doremi: gt=do pred=sol ❌  | hz: gt=261.6256 pred=480.0 ❌
    [ 157/300] C4     -20 dBFS  trombone  | midi: gt=60 pred=60 ✅  | spn: gt=C4 pred=C4 ✅  | doremi: gt=do pred=sol ❌  | hz: gt=261.6256 pred=480.0 ❌
    [ 158/300] C4     -20 dBFS  flute  | midi: gt=60 pred=60 ✅  | spn: gt=C4 pred=C6 ❌  | doremi: gt=do pred=sol ❌  | hz: gt=261.6256 pred=480.0 ❌
    [ 159/300] C4     -20 dBFS  sawtooth  | midi: gt=60 pred=48 ❌  | spn: gt=C4 pred=F#2 ❌  | doremi: gt=do pred=sol ❌  | hz: gt=261.6256 pred=480.0 ❌
    [ 160/300] C4     -20 dBFS  triangle  | midi: gt=60 pred=68 ❌  | spn: gt=C4 pred=C6 ❌  | doremi: gt=do pred=sol ❌  | hz: gt=261.6256 pred=480.0 ❌
    [ 161/300] C4      -3 dBFS  voice  | midi: gt=60 pred=63 ❌  | spn: gt=C4 pred=C6 ❌  | doremi: gt=do pred=sol ❌  | hz: gt=261.6256 pred=480.0 ❌
    [ 162/300] C4      -3 dBFS  square  | midi: gt=60 pred=63 ❌  | spn: gt=C4 pred=C6 ❌  | doremi: gt=do pred=sol ❌  | hz: gt=261.6256 pred=480.0 ❌
    [ 163/300] C4      -3 dBFS  synth_pad  | midi: gt=60 pred=64 ❌  | spn: gt=C4 pred=C6 ❌  | doremi: gt=do pred=sol ❌  | hz: gt=261.6256 pred=480.0 ❌
    [ 164/300] C4      -3 dBFS  bass  | midi: gt=60 pred=60 ✅  | spn: gt=C4 pred=C4 ✅  | doremi: gt=do pred=sol ❌  | hz: gt=261.6256 pred=480.0 ❌
    [ 165/300] C4      -3 dBFS  cello  | midi: gt=60 pred=60 ✅  | spn: gt=C4 pred=C6 ❌  | doremi: gt=do pred=sol ❌  | hz: gt=261.6256 pred=480.0 ❌
    [ 166/300] C4     -30 dBFS  square  | midi: gt=60 pred=65 ❌  | spn: gt=C4 pred=C6 ❌  | doremi: gt=do pred=sol ❌  | hz: gt=261.6256 pred=480.0 ❌
    [ 167/300] C4     -30 dBFS  synth_pad  | midi: gt=60 pred=64 ❌  | spn: gt=C4 pred=C6 ❌  | doremi: gt=do pred=sol ❌  | hz: gt=261.6256 pred=480.0 ❌
    [ 168/300] C4     -30 dBFS  piano  | midi: gt=60 pred=48 ❌  | spn: gt=C4 pred=C4 ✅  | doremi: gt=do pred=sol ❌  | hz: gt=261.6256 pred=480.0 ❌
    [ 169/300] C4     -30 dBFS  synth_lead  | midi: gt=60 pred=64 ❌  | spn: gt=C4 pred=C6 ❌  | doremi: gt=do pred=fa# ❌  | hz: gt=261.6256 pred=480.0 ❌
    [ 170/300] C4     -30 dBFS  clarinet  | midi: gt=60 pred=65 ❌  | spn: gt=C4 pred=C6 ❌  | doremi: gt=do pred=sol ❌  | hz: gt=261.6256 pred=450.0 ❌
    [ 171/300] C4      -6 dBFS  bass  | midi: gt=60 pred=60 ✅  | spn: gt=C4 pred=C4 ✅  | doremi: gt=do pred=sol ❌  | hz: gt=261.6256 pred=480.0 ❌
    [ 172/300] C4      -6 dBFS  synth_pad  | midi: gt=60 pred=64 ❌  | spn: gt=C4 pred=C6 ❌  | doremi: gt=do pred=sol ❌  | hz: gt=261.6256 pred=480.0 ❌
    [ 173/300] C4      -6 dBFS  electric_keyboard  | midi: gt=60 pred=60 ✅  | spn: gt=C4 pred=C4 ✅  | doremi: gt=do pred=sol ❌  | hz: gt=261.6256 pred=50.0 ❌
    [ 174/300] C4      -6 dBFS  trumpet  | midi: gt=60 pred=68 ❌  | spn: gt=C4 pred=C4 ✅  | doremi: gt=do pred=sol ❌  | hz: gt=261.6256 pred=435.0 ❌
    [ 175/300] C4      -6 dBFS  voice  | midi: gt=60 pred=63 ❌  | spn: gt=C4 pred=C6 ❌  | doremi: gt=do pred=sol ❌  | hz: gt=261.6256 pred=480.0 ❌
    [ 176/300] C4       0 dBFS  cello  | midi: gt=60 pred=60 ✅  | spn: gt=C4 pred=C6 ❌  | doremi: gt=do pred=sol ❌  | hz: gt=261.6256 pred=480.0 ❌
    [ 177/300] C4       0 dBFS  guitar  | midi: gt=60 pred=64 ❌  | spn: gt=C4 pred=C6 ❌  | doremi: gt=do pred=sol ❌  | hz: gt=261.6256 pred=480.0 ❌
    [ 178/300] C4       0 dBFS  synth_pad  | midi: gt=60 pred=64 ❌  | spn: gt=C4 pred=C6 ❌  | doremi: gt=do pred=sol ❌  | hz: gt=261.6256 pred=480.0 ❌
    [ 179/300] C4       0 dBFS  trombone  | midi: gt=60 pred=60 ✅  | spn: gt=C4 pred=C4 ✅  | doremi: gt=do pred=sol ❌  | hz: gt=261.6256 pred=60.0 ❌
    [ 180/300] C4       0 dBFS  synth_lead  | midi: gt=60 pred=60 ✅  | spn: gt=C4 pred=C6 ❌  | doremi: gt=do pred=sol ❌  | hz: gt=261.6256 pred=480.0 ❌
    [ 181/300] E4     -12 dBFS  oboe  | midi: gt=64 pred=64 ✅  | spn: gt=E4 pred=C6 ❌  | doremi: gt=mi pred=sol ❌  | hz: gt=329.6276 pred=640.0 ❌
    [ 182/300] E4     -12 dBFS  organ  | midi: gt=64 pred=64 ✅  | spn: gt=E4 pred=E4 ✅  | doremi: gt=mi pred=sol ❌  | hz: gt=329.6276 pred=64.0 ❌
    [ 183/300] E4     -12 dBFS  synth_lead  | midi: gt=64 pred=63 ❌  | spn: gt=E4 pred=C6 ❌  | doremi: gt=mi pred=sol# ❌  | hz: gt=329.6276 pred=480.0 ❌
    [ 184/300] E4     -12 dBFS  synth_pad  | midi: gt=64 pred=65 ❌  | spn: gt=E4 pred=C6 ❌  | doremi: gt=mi pred=sol ❌  | hz: gt=329.6276 pred=480.0 ❌
    [ 185/300] E4     -12 dBFS  sawtooth  | midi: gt=64 pred=64 ✅  | spn: gt=E4 pred=A6 ❌  | doremi: gt=mi pred=sol ❌  | hz: gt=329.6276 pred=450.0 ❌
    [ 186/300] E4     -20 dBFS  flute  | midi: gt=64 pred=64 ✅  | spn: gt=E4 pred=C6 ❌  | doremi: gt=mi pred=sol ❌  | hz: gt=329.6276 pred=250.0 ❌
    [ 187/300] E4     -20 dBFS  voice  | midi: gt=64 pred=64 ✅  | spn: gt=E4 pred=E4 ✅  | doremi: gt=mi pred=sol ❌  | hz: gt=329.6276 pred=64.0 ❌
    [ 188/300] E4     -20 dBFS  square  | midi: gt=64 pred=63 ❌  | spn: gt=E4 pred=F#6 ❌  | doremi: gt=mi pred=sol ❌  | hz: gt=329.6276 pred=450.0 ❌
    [ 189/300] E4     -20 dBFS  clarinet  | midi: gt=64 pred=64 ✅  | spn: gt=E4 pred=C6 ❌  | doremi: gt=mi pred=sol ❌  | hz: gt=329.6276 pred=450.0 ❌
    [ 190/300] E4     -20 dBFS  sine  | midi: gt=64 pred=63 ❌  | spn: gt=E4 pred=C6 ❌  | doremi: gt=mi pred=sol ❌  | hz: gt=329.6276 pred=450.0 ❌
    [ 191/300] E4      -3 dBFS  voice  | midi: gt=64 pred=64 ✅  | spn: gt=E4 pred=E4 ✅  | doremi: gt=mi pred=sol ❌  | hz: gt=329.6276 pred=640.0 ❌
    [ 192/300] E4      -3 dBFS  synth_pad  | midi: gt=64 pred=65 ❌  | spn: gt=E4 pred=C6 ❌  | doremi: gt=mi pred=sol ❌  | hz: gt=329.6276 pred=480.0 ❌
    [ 193/300] E4      -3 dBFS  flute  | midi: gt=64 pred=64 ✅  | spn: gt=E4 pred=C6 ❌  | doremi: gt=mi pred=sol ❌  | hz: gt=329.6276 pred=64.0 ❌
    [ 194/300] E4      -3 dBFS  synth_lead  | midi: gt=64 pred=64 ✅  | spn: gt=E4 pred=C6 ❌  | doremi: gt=mi pred=sol# ❌  | hz: gt=329.6276 pred=1058.43 ❌
    [ 195/300] E4      -3 dBFS  sine  | midi: gt=64 pred=63 ❌  | spn: gt=E4 pred=C6 ❌  | doremi: gt=mi pred=sol ❌  | hz: gt=329.6276 pred=450.0 ❌
    [ 196/300] E4     -30 dBFS  square  | midi: gt=64 pred=65 ❌  | spn: gt=E4 pred=F#2 ❌  | doremi: gt=mi pred=sol ❌  | hz: gt=329.6276 pred=450.0 ❌
    [ 197/300] E4     -30 dBFS  sawtooth  | midi: gt=64 pred=65 ❌  | spn: gt=E4 pred=A6 ❌  | doremi: gt=mi pred=sol ❌  | hz: gt=329.6276 pred=480.0 ❌
    [ 198/300] E4     -30 dBFS  flute  | midi: gt=64 pred=64 ✅  | spn: gt=E4 pred=C6 ❌  | doremi: gt=mi pred=sol ❌  | hz: gt=329.6276 pred=250.0 ❌
    [ 199/300] E4     -30 dBFS  voice  | midi: gt=64 pred=64 ✅  | spn: gt=E4 pred=C6 ❌  | doremi: gt=mi pred=sol ❌  | hz: gt=329.6276 pred=408.0 ❌
    [ 200/300] E4     -30 dBFS  organ  | midi: gt=64 pred=63 ❌  | spn: gt=E4 pred=A#6 ❌  | doremi: gt=mi pred=sol ❌  | hz: gt=329.6276 pred=1047.0 ❌
    [ 201/300] E4      -6 dBFS  sawtooth  | midi: gt=64 pred=64 ✅  | spn: gt=E4 pred=A6 ❌  | doremi: gt=mi pred=sol ❌  | hz: gt=329.6276 pred=450.0 ❌
    [ 202/300] E4      -6 dBFS  clarinet  | midi: gt=64 pred=69 ❌  | spn: gt=E4 pred=C6 ❌  | doremi: gt=mi pred=sol ❌  | hz: gt=329.6276 pred=659.32 ❌
    [ 203/300] E4      -6 dBFS  square  | midi: gt=64 pred=63 ❌  | spn: gt=E4 pred=A6 ❌  | doremi: gt=mi pred=sol ❌  | hz: gt=329.6276 pred=450.0 ❌
    [ 204/300] E4      -6 dBFS  flute  | midi: gt=64 pred=64 ✅  | spn: gt=E4 pred=C6 ❌  | doremi: gt=mi pred=sol ❌  | hz: gt=329.6276 pred=64.0 ❌
    [ 205/300] E4      -6 dBFS  piano  | midi: gt=64 pred=63 ❌  | spn: gt=E4 pred=C6 ❌  | doremi: gt=mi pred=sol ❌  | hz: gt=329.6276 pred=493.88 ❌
    [ 206/300] E4       0 dBFS  bass  | midi: gt=64 pred=64 ✅  | spn: gt=E4 pred=C6 ❌  | doremi: gt=mi pred=sol ❌  | hz: gt=329.6276 pred=659.34 ❌
    [ 207/300] E4       0 dBFS  guitar  | midi: gt=64 pred=64 ✅  | spn: gt=E4 pred=F#2 ❌  | doremi: gt=mi pred=fa# ❌  | hz: gt=329.6276 pred=460.0 ❌
    [ 208/300] E4       0 dBFS  piano  | midi: gt=64 pred=63 ❌  | spn: gt=E4 pred=C6 ❌  | doremi: gt=mi pred=sol ❌  | hz: gt=329.6276 pred=493.88 ❌
    [ 209/300] E4       0 dBFS  voice  | midi: gt=64 pred=64 ✅  | spn: gt=E4 pred=E4 ✅  | doremi: gt=mi pred=sol ❌  | hz: gt=329.6276 pred=640.0 ❌
    [ 210/300] E4       0 dBFS  triangle  | midi: gt=64 pred=63 ❌  | spn: gt=E4 pred=C6 ❌  | doremi: gt=mi pred=sol ❌  | hz: gt=329.6276 pred=450.0 ❌
    [ 211/300] A4     -12 dBFS  bass  | midi: gt=69 pred=69 ✅  | spn: gt=A4 pred=C6 ❌  | doremi: gt=la pred=fa# ❌  | hz: gt=440.0 pred=450.0 ❌
    [ 212/300] A4     -12 dBFS  cello  | midi: gt=69 pred=69 ✅  | spn: gt=A4 pred=A4 ✅  | doremi: gt=la pred=sol ❌  | hz: gt=440.0 pred=435.0 ❌
    [ 213/300] A4     -12 dBFS  guitar  | midi: gt=69 pred=69 ✅  | spn: gt=A4 pred=A7 ❌  | doremi: gt=la pred=fa# ❌  | hz: gt=440.0 pred=450.0 ❌
    [ 214/300] A4     -12 dBFS  triangle  | midi: gt=69 pred=69 ✅  | spn: gt=A4 pred=A6 ❌  | doremi: gt=la pred=sol ❌  | hz: gt=440.0 pred=450.0 ❌
    [ 215/300] A4     -12 dBFS  sawtooth  | midi: gt=69 pred=69 ✅  | spn: gt=A4 pred=A6 ❌  | doremi: gt=la pred=sol ❌  | hz: gt=440.0 pred=450.0 ❌
    [ 216/300] A4     -20 dBFS  cello  | midi: gt=69 pred=69 ✅  | spn: gt=A4 pred=A4 ✅  | doremi: gt=la pred=sol ❌  | hz: gt=440.0 pred=435.0 ❌
    [ 217/300] A4     -20 dBFS  oboe  | midi: gt=69 pred=69 ✅  | spn: gt=A4 pred=C6 ❌  | doremi: gt=la pred=sol ❌  | hz: gt=440.0 pred=450.0 ❌
    [ 218/300] A4     -20 dBFS  voice  | midi: gt=69 pred=69 ✅  | spn: gt=A4 pred=C6 ❌  | doremi: gt=la pred=sol ❌  | hz: gt=440.0 pred=436.5 ✅
    [ 219/300] A4     -20 dBFS  synth_lead  | midi: gt=69 pred=68 ❌  | spn: gt=A4 pred=C6 ❌  | doremi: gt=la pred=sol ❌  | hz: gt=440.0 pred=480.0 ❌
    [ 220/300] A4     -20 dBFS  flute  | midi: gt=69 pred=69 ✅  | spn: gt=A4 pred=C6 ❌  | doremi: gt=la pred=sol ❌  | hz: gt=440.0 pred=435.0 ❌
    [ 221/300] A4      -3 dBFS  sawtooth  | midi: gt=69 pred=69 ✅  | spn: gt=A4 pred=A6 ❌  | doremi: gt=la pred=sol ❌  | hz: gt=440.0 pred=450.0 ❌
    [ 222/300] A4      -3 dBFS  triangle  | midi: gt=69 pred=69 ✅  | spn: gt=A4 pred=A6 ❌  | doremi: gt=la pred=sol ❌  | hz: gt=440.0 pred=450.0 ❌
    [ 223/300] A4      -3 dBFS  voice  | midi: gt=69 pred=69 ✅  | spn: gt=A4 pred=C6 ❌  | doremi: gt=la pred=sol ❌  | hz: gt=440.0 pred=436.5 ✅
    [ 224/300] A4      -3 dBFS  violin  | midi: gt=69 pred=69 ✅  | spn: gt=A4 pred=None ❌  | doremi: gt=la pred=sol ❌  | hz: gt=440.0 pred=450.0 ❌
    [ 225/300] A4      -3 dBFS  oboe  | midi: gt=69 pred=69 ✅  | spn: gt=A4 pred=C6 ❌  | doremi: gt=la pred=sol ❌  | hz: gt=440.0 pred=693.0 ❌
    [ 226/300] A4     -30 dBFS  clarinet  | midi: gt=69 pred=69 ✅  | spn: gt=A4 pred=C6 ❌  | doremi: gt=la pred=sol ❌  | hz: gt=440.0 pred=450.0 ❌
    [ 227/300] A4     -30 dBFS  triangle  | midi: gt=69 pred=69 ✅  | spn: gt=A4 pred=A6 ❌  | doremi: gt=la pred=sol ❌  | hz: gt=440.0 pred=450.0 ❌
    [ 228/300] A4     -30 dBFS  flute  | midi: gt=69 pred=69 ✅  | spn: gt=A4 pred=C6 ❌  | doremi: gt=la pred=sol ❌  | hz: gt=440.0 pred=435.0 ❌
    [ 229/300] A4     -30 dBFS  guitar  | midi: gt=69 pred=69 ✅  | spn: gt=A4 pred=A7 ❌  | doremi: gt=la pred=re ❌  | hz: gt=440.0 pred=450.0 ❌
    [ 230/300] A4     -30 dBFS  synth_pad  | midi: gt=69 pred=69 ✅  | spn: gt=A4 pred=C6 ❌  | doremi: gt=la pred=sol ❌  | hz: gt=440.0 pred=480.0 ❌
    [ 231/300] A4      -6 dBFS  synth_pad  | midi: gt=69 pred=69 ✅  | spn: gt=A4 pred=C6 ❌  | doremi: gt=la pred=sol ❌  | hz: gt=440.0 pred=450.0 ❌
    [ 232/300] A4      -6 dBFS  organ  | midi: gt=69 pred=69 ✅  | spn: gt=A4 pred=None ❌  | doremi: gt=la pred=sol ❌  | hz: gt=440.0 pred=693.0 ❌
    [ 233/300] A4      -6 dBFS  piano  | midi: gt=69 pred=69 ✅  | spn: gt=A4 pred=C6 ❌  | doremi: gt=la pred=sol ❌  | hz: gt=440.0 pred=450.0 ❌
    [ 234/300] A4      -6 dBFS  cello  | midi: gt=69 pred=69 ✅  | spn: gt=A4 pred=A4 ✅  | doremi: gt=la pred=sol ❌  | hz: gt=440.0 pred=493.88 ❌
    [ 235/300] A4      -6 dBFS  square  | midi: gt=69 pred=69 ✅  | spn: gt=A4 pred=A6 ❌  | doremi: gt=la pred=sol ❌  | hz: gt=440.0 pred=450.0 ❌
    [ 236/300] A4       0 dBFS  trumpet  | midi: gt=69 pred=69 ✅  | spn: gt=A4 pred=A4 ✅  | doremi: gt=la pred=sol ❌  | hz: gt=440.0 pred=450.0 ❌
    [ 237/300] A4       0 dBFS  organ  | midi: gt=69 pred=69 ✅  | spn: gt=A4 pred=None ❌  | doremi: gt=la pred=sol ❌  | hz: gt=440.0 pred=693.0 ❌
    [ 238/300] A4       0 dBFS  flute  | midi: gt=69 pred=69 ✅  | spn: gt=A4 pred=C6 ❌  | doremi: gt=la pred=sol ❌  | hz: gt=440.0 pred=450.0 ❌
    [ 239/300] A4       0 dBFS  square  | midi: gt=69 pred=69 ✅  | spn: gt=A4 pred=A6 ❌  | doremi: gt=la pred=sol ❌  | hz: gt=440.0 pred=1046.53 ❌
    [ 240/300] A4       0 dBFS  synth_lead  | midi: gt=69 pred=69 ✅  | spn: gt=A4 pred=C6 ❌  | doremi: gt=la pred=sol ❌  | hz: gt=440.0 pred=1058.43 ❌
    [ 241/300] G5     -12 dBFS  synth_pad  | midi: gt=79 pred=69 ❌  | spn: gt=G5 pred=C6 ❌  | doremi: gt=sol pred=sol ✅  | hz: gt=783.9909 pred=1058.43 ❌
    [ 242/300] G5     -12 dBFS  triangle  | midi: gt=79 pred=68 ❌  | spn: gt=G5 pred=C6 ❌  | doremi: gt=sol pred=sol ✅  | hz: gt=783.9909 pred=480.0 ❌
    [ 243/300] G5     -12 dBFS  sawtooth  | midi: gt=79 pred=69 ❌  | spn: gt=G5 pred=A6 ❌  | doremi: gt=sol pred=sol ✅  | hz: gt=783.9909 pred=450.0 ❌
    [ 244/300] G5     -12 dBFS  sine  | midi: gt=79 pred=68 ❌  | spn: gt=G5 pred=C6 ❌  | doremi: gt=sol pred=sol ✅  | hz: gt=783.9909 pred=450.0 ❌
    [ 245/300] G5     -12 dBFS  synth_lead  | midi: gt=79 pred=68 ❌  | spn: gt=G5 pred=C6 ❌  | doremi: gt=sol pred=sol ✅  | hz: gt=783.9909 pred=1200.0 ❌
    [ 246/300] G5     -20 dBFS  flute  | midi: gt=79 pred=69 ❌  | spn: gt=G5 pred=C6 ❌  | doremi: gt=sol pred=sol ✅  | hz: gt=783.9909 pred=659.32 ❌
    [ 247/300] G5     -20 dBFS  electric_keyboard  | midi: gt=79 pred=67 ❌  | spn: gt=G5 pred=C6 ❌  | doremi: gt=sol pred=sol ✅  | hz: gt=783.9909 pred=6750.0 ❌
    [ 248/300] G5     -20 dBFS  cello  | midi: gt=79 pred=68 ❌  | spn: gt=G5 pred=G6 ❌  | doremi: gt=sol pred=sol ✅  | hz: gt=783.9909 pred=6750.0 ❌
    [ 249/300] G5     -20 dBFS  bass  | midi: gt=79 pred=67 ❌  | spn: gt=G5 pred=C6 ❌  | doremi: gt=sol pred=sol ✅  | hz: gt=783.9909 pred=475.0 ❌
    [ 250/300] G5     -20 dBFS  voice  | midi: gt=79 pred=69 ❌  | spn: gt=G5 pred=C6 ❌  | doremi: gt=sol pred=sol# ❌  | hz: gt=783.9909 pred=6750.0 ❌
    [ 251/300] G5      -3 dBFS  guitar  | midi: gt=79 pred=68 ❌  | spn: gt=G5 pred=C7 ❌  | doremi: gt=sol pred=fa# ❌  | hz: gt=783.9909 pred=2500.0 ❌
    [ 252/300] G5      -3 dBFS  violin  | midi: gt=79 pred=67 ❌  | spn: gt=G5 pred=G6 ❌  | doremi: gt=sol pred=sol ✅  | hz: gt=783.9909 pred=6750.0 ❌
    [ 253/300] G5      -3 dBFS  sawtooth  | midi: gt=79 pred=65 ❌  | spn: gt=G5 pred=A6 ❌  | doremi: gt=sol pred=sol ✅  | hz: gt=783.9909 pred=450.0 ❌
    [ 254/300] G5      -3 dBFS  electric_keyboard  | midi: gt=79 pred=67 ❌  | spn: gt=G5 pred=C6 ❌  | doremi: gt=sol pred=sol ✅  | hz: gt=783.9909 pred=793.68 ❌
    [ 255/300] G5      -3 dBFS  voice  | midi: gt=79 pred=67 ❌  | spn: gt=G5 pred=C6 ❌  | doremi: gt=sol pred=sol# ❌  | hz: gt=783.9909 pred=6750.0 ❌
    [ 256/300] G5     -30 dBFS  sine  | midi: gt=79 pred=68 ❌  | spn: gt=G5 pred=C6 ❌  | doremi: gt=sol pred=sol ✅  | hz: gt=783.9909 pred=450.0 ❌
    [ 257/300] G5     -30 dBFS  violin  | midi: gt=79 pred=68 ❌  | spn: gt=G5 pred=G6 ❌  | doremi: gt=sol pred=sol ✅  | hz: gt=783.9909 pred=435.0 ❌
    [ 258/300] G5     -30 dBFS  trumpet  | midi: gt=79 pred=69 ❌  | spn: gt=G5 pred=C6 ❌  | doremi: gt=sol pred=sol ✅  | hz: gt=783.9909 pred=493.88 ❌
    [ 259/300] G5     -30 dBFS  organ  | midi: gt=79 pred=69 ❌  | spn: gt=G5 pred=C6 ❌  | doremi: gt=sol pred=sol ✅  | hz: gt=783.9909 pred=480.0 ❌
    [ 260/300] G5     -30 dBFS  piano  | midi: gt=79 pred=68 ❌  | spn: gt=G5 pred=C6 ❌  | doremi: gt=sol pred=sol ✅  | hz: gt=783.9909 pred=480.0 ❌
    [ 261/300] G5      -6 dBFS  cello  | midi: gt=79 pred=67 ❌  | spn: gt=G5 pred=G6 ❌  | doremi: gt=sol pred=sol ✅  | hz: gt=783.9909 pred=6750.0 ❌
    [ 262/300] G5      -6 dBFS  synth_pad  | midi: gt=79 pred=69 ❌  | spn: gt=G5 pred=C6 ❌  | doremi: gt=sol pred=sol ✅  | hz: gt=783.9909 pred=1075.83 ❌
    [ 263/300] G5      -6 dBFS  bass  | midi: gt=79 pred=67 ❌  | spn: gt=G5 pred=C7 ❌  | doremi: gt=sol pred=sol ✅  | hz: gt=783.9909 pred=790.13 ✅
    [ 264/300] G5      -6 dBFS  piano  | midi: gt=79 pred=68 ❌  | spn: gt=G5 pred=C7 ❌  | doremi: gt=sol pred=sol ✅  | hz: gt=783.9909 pred=795.0 ❌
    [ 265/300] G5      -6 dBFS  triangle  | midi: gt=79 pred=68 ❌  | spn: gt=G5 pred=C6 ❌  | doremi: gt=sol pred=sol ✅  | hz: gt=783.9909 pred=480.0 ❌
    [ 266/300] G5       0 dBFS  trombone  | midi: gt=79 pred=69 ❌  | spn: gt=G5 pred=C6 ❌  | doremi: gt=sol pred=sol ✅  | hz: gt=783.9909 pred=659.3 ❌
    [ 267/300] G5       0 dBFS  guitar  | midi: gt=79 pred=68 ❌  | spn: gt=G5 pred=C7 ❌  | doremi: gt=sol pred=fa# ❌  | hz: gt=783.9909 pred=2500.0 ❌
    [ 268/300] G5       0 dBFS  sawtooth  | midi: gt=79 pred=65 ❌  | spn: gt=G5 pred=A6 ❌  | doremi: gt=sol pred=sol ✅  | hz: gt=783.9909 pred=1075.83 ❌
    [ 269/300] G5       0 dBFS  synth_lead  | midi: gt=79 pred=68 ❌  | spn: gt=G5 pred=C6 ❌  | doremi: gt=sol pred=sol# ❌  | hz: gt=783.9909 pred=1058.43 ❌
    [ 270/300] G5       0 dBFS  oboe  | midi: gt=79 pred=69 ❌  | spn: gt=G5 pred=C6 ❌  | doremi: gt=sol pred=sol ✅  | hz: gt=783.9909 pred=6750.0 ❌
    [ 271/300] E6     -12 dBFS  clarinet  | midi: gt=88 pred=88 ✅  | spn: gt=E6 pred=C6 ❌  | doremi: gt=mi pred=sol ❌  | hz: gt=1318.5102 pred=640.0 ❌
    [ 272/300] E6     -12 dBFS  sawtooth  | midi: gt=88 pred=65 ❌  | spn: gt=E6 pred=F#6 ❌  | doremi: gt=mi pred=sol# ❌  | hz: gt=1318.5102 pred=450.0 ❌
    [ 273/300] E6     -12 dBFS  synth_pad  | midi: gt=88 pred=69 ❌  | spn: gt=E6 pred=C6 ❌  | doremi: gt=mi pred=sol ❌  | hz: gt=1318.5102 pred=1058.37 ❌
    [ 274/300] E6     -12 dBFS  bass  | midi: gt=88 pred=83 ❌  | spn: gt=E6 pred=C7 ❌  | doremi: gt=mi pred=sol ❌  | hz: gt=1318.5102 pred=8250.0 ❌
    [ 275/300] E6     -12 dBFS  trumpet  | midi: gt=88 pred=83 ❌  | spn: gt=E6 pred=C6 ❌  | doremi: gt=mi pred=sol ❌  | hz: gt=1318.5102 pred=4085.71 ❌
    [ 276/300] E6     -20 dBFS  synth_lead  | midi: gt=88 pred=69 ❌  | spn: gt=E6 pred=C6 ❌  | doremi: gt=mi pred=sol ❌  | hz: gt=1318.5102 pred=1034.52 ❌
    [ 277/300] E6     -20 dBFS  electric_keyboard  | midi: gt=88 pred=88 ✅  | spn: gt=E6 pred=C6 ❌  | doremi: gt=mi pred=sol ❌  | hz: gt=1318.5102 pred=None ❌
    [ 278/300] E6     -20 dBFS  sawtooth  | midi: gt=88 pred=63 ❌  | spn: gt=E6 pred=A6 ❌  | doremi: gt=mi pred=sol# ❌  | hz: gt=1318.5102 pred=450.0 ❌
    [ 279/300] E6     -20 dBFS  square  | midi: gt=88 pred=63 ❌  | spn: gt=E6 pred=A#6 ❌  | doremi: gt=mi pred=sol ❌  | hz: gt=1318.5102 pred=1075.0 ❌
    [ 280/300] E6     -20 dBFS  cello  | midi: gt=88 pred=86 ❌  | spn: gt=E6 pred=C6 ❌  | doremi: gt=mi pred=sol ❌  | hz: gt=1318.5102 pred=1046.53 ❌
    [ 281/300] E6      -3 dBFS  electric_keyboard  | midi: gt=88 pred=88 ✅  | spn: gt=E6 pred=B8 ❌  | doremi: gt=mi pred=sol ❌  | hz: gt=1318.5102 pred=830.41 ❌
    [ 282/300] E6      -3 dBFS  square  | midi: gt=88 pred=63 ❌  | spn: gt=E6 pred=F#6 ❌  | doremi: gt=mi pred=sol ❌  | hz: gt=1318.5102 pred=1073.64 ❌
    [ 283/300] E6      -3 dBFS  synth_pad  | midi: gt=88 pred=69 ❌  | spn: gt=E6 pred=C6 ❌  | doremi: gt=mi pred=sol# ❌  | hz: gt=1318.5102 pred=1046.53 ❌
    [ 284/300] E6      -3 dBFS  flute  | midi: gt=88 pred=88 ✅  | spn: gt=E6 pred=C6 ❌  | doremi: gt=mi pred=sol ❌  | hz: gt=1318.5102 pred=833.33 ❌
    [ 285/300] E6      -3 dBFS  guitar  | midi: gt=88 pred=84 ❌  | spn: gt=E6 pred=G6 ❌  | doremi: gt=mi pred=sol# ❌  | hz: gt=1318.5102 pred=1050.0 ❌
    [ 286/300] E6     -30 dBFS  triangle  | midi: gt=88 pred=84 ❌  | spn: gt=E6 pred=C6 ❌  | doremi: gt=mi pred=sol ❌  | hz: gt=1318.5102 pred=480.0 ❌
    [ 287/300] E6     -30 dBFS  flute  | midi: gt=88 pred=89 ❌  | spn: gt=E6 pred=C6 ❌  | doremi: gt=mi pred=sol ❌  | hz: gt=1318.5102 pred=8250.0 ❌
    [ 288/300] E6     -30 dBFS  sawtooth  | midi: gt=88 pred=65 ❌  | spn: gt=E6 pred=A6 ❌  | doremi: gt=mi pred=sol# ❌  | hz: gt=1318.5102 pred=1058.43 ❌
    [ 289/300] E6     -30 dBFS  square  | midi: gt=88 pred=65 ❌  | spn: gt=E6 pred=C6 ❌  | doremi: gt=mi pred=sol ❌  | hz: gt=1318.5102 pred=1058.43 ❌
    [ 290/300] E6     -30 dBFS  guitar  | midi: gt=88 pred=68 ❌  | spn: gt=E6 pred=C6 ❌  | doremi: gt=mi pred=sol ❌  | hz: gt=1318.5102 pred=1034.57 ❌
    [ 291/300] E6      -6 dBFS  voice  | midi: gt=88 pred=86 ❌  | spn: gt=E6 pred=C6 ❌  | doremi: gt=mi pred=sol# ❌  | hz: gt=1318.5102 pred=8125.0 ❌
    [ 292/300] E6      -6 dBFS  synth_lead  | midi: gt=88 pred=69 ❌  | spn: gt=E6 pred=C6 ❌  | doremi: gt=mi pred=sol ❌  | hz: gt=1318.5102 pred=1309.85 ✅
    [ 293/300] E6      -6 dBFS  clarinet  | midi: gt=88 pred=88 ✅  | spn: gt=E6 pred=C6 ❌  | doremi: gt=mi pred=sol ❌  | hz: gt=1318.5102 pred=640.0 ❌
    [ 294/300] E6      -6 dBFS  trumpet  | midi: gt=88 pred=83 ❌  | spn: gt=E6 pred=C6 ❌  | doremi: gt=mi pred=sol ❌  | hz: gt=1318.5102 pred=4085.0 ❌
    [ 295/300] E6      -6 dBFS  triangle  | midi: gt=88 pred=68 ❌  | spn: gt=E6 pred=C6 ❌  | doremi: gt=mi pred=sol ❌  | hz: gt=1318.5102 pred=1200.0 ❌
    [ 296/300] E6       0 dBFS  clarinet  | midi: gt=88 pred=84 ❌  | spn: gt=E6 pred=C6 ❌  | doremi: gt=mi pred=sol ❌  | hz: gt=1318.5102 pred=640.0 ❌
    [ 297/300] E6       0 dBFS  flute  | midi: gt=88 pred=88 ✅  | spn: gt=E6 pred=C6 ❌  | doremi: gt=mi pred=sol ❌  | hz: gt=1318.5102 pred=833.33 ❌
    [ 298/300] E6       0 dBFS  trumpet  | midi: gt=88 pred=83 ❌  | spn: gt=E6 pred=C6 ❌  | doremi: gt=mi pred=sol ❌  | hz: gt=1318.5102 pred=None ❌
    [ 299/300] E6       0 dBFS  violin  | midi: gt=88 pred=86 ❌  | spn: gt=E6 pred=E6 ✅  | doremi: gt=mi pred=fa# ❌  | hz: gt=1318.5102 pred=890.63 ❌
    [ 300/300] E6       0 dBFS  square  | midi: gt=88 pred=65 ❌  | spn: gt=E6 pred=F#6 ❌  | doremi: gt=mi pred=sol ❌  | hz: gt=1318.5102 pred=1073.64 ❌

============================================================
SUMMARY — audio_flamingo_next_instruct
  Sampling     : 300 of 1140 (stratified by '(midi, loudness_db)', seed=42)
  Stimuli (total)     : 300
  Stimuli (condition) : 300  (all records)

  Format   Accuracy
  ──────────────────
    MIDI      39.7%
     SPN      12.0%
  DOREMI      25.7%
      HZ       1.7%
     ANY      66.0%

  *** WARNING: working tree has uncommitted changes — results will NOT be exactly reproducible from git_commit alone ***


Results saved → results/run_20260505_112814/pitchbench_e1_loudness/run_001_20260505_120833/results_audio_flamingo_next_instruct.*

############################################################
# pitchbench_e2_audio_effects
############################################################

Experiment : pitchbench_e2_audio_effects
Models     : audio_flamingo_next_instruct
Stimuli    : 350
  Sampling     : 350 of 1330 (stratified by '(effect_type, midi)', seed=42)

  Model : Audio Flamingo Next – instruct
    [dispatch] 350 items, max_workers=1
    [   1/350] triangle    bitcrush_4bit  F#1  | midi: gt=30 pred=63 ❌  | spn: gt=F#1 pred=C6 ❌  | doremi: gt=fa# pred=fa# ✅  | hz: gt=46.2493 pred=1058.47 ❌
    [   2/350] sine        bitcrush_4bit  F#1  | midi: gt=30 pred=45 ❌  | spn: gt=F#1 pred=C6 ❌  | doremi: gt=fa# pred=fa# ✅  | hz: gt=46.2493 pred=1046.57 ❌
    [   3/350] trumpet     bitcrush_4bit  F#1  | midi: gt=30 pred=35 ❌  | spn: gt=F#1 pred=C2 ❌  | doremi: gt=fa# pred=sol ❌  | hz: gt=46.2493 pred=150.0 ❌
    [   4/350] flute       bitcrush_4bit  F#1  | midi: gt=30 pred=64 ❌  | spn: gt=F#1 pred=C6 ❌  | doremi: gt=fa# pred=fa# ✅  | hz: gt=46.2493 pred=1050.0 ❌
    [   5/350] voice       bitcrush_4bit  F#1  | midi: gt=30 pred=64 ❌  | spn: gt=F#1 pred=C6 ❌  | doremi: gt=fa# pred=fa# ✅  | hz: gt=46.2493 pred=1050.0 ❌
    [   6/350] piano       bitcrush_4bit  C2  | midi: gt=36 pred=63 ❌  | spn: gt=C2 pred=C6 ❌  | doremi: gt=do pred=fa# ❌  | hz: gt=65.4064 pred=415.38 ❌
    [   7/350] triangle    bitcrush_4bit  C2  | midi: gt=36 pred=45 ❌  | spn: gt=C2 pred=C6 ❌  | doremi: gt=do pred=sol ❌  | hz: gt=65.4064 pred=480.0 ❌
    [   8/350] square      bitcrush_4bit  C2  | midi: gt=36 pred=43 ❌  | spn: gt=C2 pred=A#2 ❌  | doremi: gt=do pred=fa# ❌  | hz: gt=65.4064 pred=480.0 ❌
    [   9/350] cello       bitcrush_4bit  C2  | midi: gt=36 pred=64 ❌  | spn: gt=C2 pred=C6 ❌  | doremi: gt=do pred=fa# ❌  | hz: gt=65.4064 pred=1054.87 ❌
    [  10/350] sine        bitcrush_4bit  C2  | midi: gt=36 pred=43 ❌  | spn: gt=C2 pred=C2 ✅  | doremi: gt=do pred=fa# ❌  | hz: gt=65.4064 pred=480.0 ❌
    [  11/350] sine        bitcrush_4bit  G2  | midi: gt=43 pred=48 ❌  | spn: gt=G2 pred=C6 ❌  | doremi: gt=sol pred=fa# ❌  | hz: gt=97.9989 pred=480.0 ❌
    [  12/350] square      bitcrush_4bit  G2  | midi: gt=43 pred=43 ✅  | spn: gt=G2 pred=F#2 ❌  | doremi: gt=sol pred=sol ✅  | hz: gt=97.9989 pred=450.0 ❌
    [  13/350] guitar      bitcrush_4bit  G2  | midi: gt=43 pred=64 ❌  | spn: gt=G2 pred=G2 ✅  | doremi: gt=sol pred=fa# ❌  | hz: gt=97.9989 pred=480.0 ❌
    [  14/350] flute       bitcrush_4bit  G2  | midi: gt=43 pred=63 ❌  | spn: gt=G2 pred=C6 ❌  | doremi: gt=sol pred=fa# ❌  | hz: gt=97.9989 pred=1050.0 ❌
    [  15/350] trumpet     bitcrush_4bit  G2  | midi: gt=43 pred=48 ❌  | spn: gt=G2 pred=C2 ❌  | doremi: gt=sol pred=sol ✅  | hz: gt=97.9989 pred=1250.0 ❌
    [  16/350] sine        bitcrush_4bit  C3  | midi: gt=48 pred=48 ✅  | spn: gt=C3 pred=C6 ❌  | doremi: gt=do pred=sol ❌  | hz: gt=130.8128 pred=480.0 ❌
    [  17/350] synth_pad   bitcrush_4bit  C3  | midi: gt=48 pred=63 ❌  | spn: gt=C3 pred=C6 ❌  | doremi: gt=do pred=fa# ❌  | hz: gt=130.8128 pred=480.0 ❌
    [  18/350] guitar      bitcrush_4bit  C3  | midi: gt=48 pred=64 ❌  | spn: gt=C3 pred=C6 ❌  | doremi: gt=do pred=fa# ❌  | hz: gt=130.8128 pred=480.0 ❌
    [  19/350] cello       bitcrush_4bit  C3  | midi: gt=48 pred=65 ❌  | spn: gt=C3 pred=C6 ❌  | doremi: gt=do pred=fa# ❌  | hz: gt=130.8128 pred=166.67 ❌
    [  20/350] triangle    bitcrush_4bit  C3  | midi: gt=48 pred=48 ✅  | spn: gt=C3 pred=C6 ❌  | doremi: gt=do pred=sol ❌  | hz: gt=130.8128 pred=480.0 ❌
    [  21/350] organ       bitcrush_4bit  F#3  | midi: gt=54 pred=65 ❌  | spn: gt=F#3 pred=C6 ❌  | doremi: gt=fa# pred=sol# ❌  | hz: gt=184.9972 pred=480.0 ❌
    [  22/350] trumpet     bitcrush_4bit  F#3  | midi: gt=54 pred=48 ❌  | spn: gt=F#3 pred=C6 ❌  | doremi: gt=fa# pred=sol ❌  | hz: gt=184.9972 pred=150.0 ❌
    [  23/350] sine        bitcrush_4bit  F#3  | midi: gt=54 pred=48 ❌  | spn: gt=F#3 pred=C6 ❌  | doremi: gt=fa# pred=sol ❌  | hz: gt=184.9972 pred=1050.0 ❌
    [  24/350] electric_keyboard  bitcrush_4bit  F#3  | midi: gt=54 pred=48 ❌  | spn: gt=F#3 pred=F#2 ❌  | doremi: gt=fa# pred=fa# ✅  | hz: gt=184.9972 pred=480.0 ❌
    [  25/350] oboe        bitcrush_4bit  F#3  | midi: gt=54 pred=48 ❌  | spn: gt=F#3 pred=A#2 ❌  | doremi: gt=fa# pred=fa# ✅  | hz: gt=184.9972 pred=415.306 ❌
    [  26/350] cello       bitcrush_4bit  C4  | midi: gt=60 pred=65 ❌  | spn: gt=C4 pred=C6 ❌  | doremi: gt=do pred=fa# ❌  | hz: gt=261.6256 pred=480.0 ❌
    [  27/350] clarinet    bitcrush_4bit  C4  | midi: gt=60 pred=65 ❌  | spn: gt=C4 pred=C6 ❌  | doremi: gt=do pred=sol ❌  | hz: gt=261.6256 pred=415.3 ❌
    [  28/350] trumpet     bitcrush_4bit  C4  | midi: gt=60 pred=64 ❌  | spn: gt=C4 pred=C6 ❌  | doremi: gt=do pred=sol ❌  | hz: gt=261.6256 pred=415.3 ❌
    [  29/350] piano       bitcrush_4bit  C4  | midi: gt=60 pred=65 ❌  | spn: gt=C4 pred=C6 ❌  | doremi: gt=do pred=sol ❌  | hz: gt=261.6256 pred=493.88 ❌
    [  30/350] triangle    bitcrush_4bit  C4  | midi: gt=60 pred=63 ❌  | spn: gt=C4 pred=C6 ❌  | doremi: gt=do pred=sol ❌  | hz: gt=261.6256 pred=480.0 ❌
    [  31/350] clarinet    bitcrush_4bit  E4  | midi: gt=64 pred=69 ❌  | spn: gt=E4 pred=C6 ❌  | doremi: gt=mi pred=sol ❌  | hz: gt=329.6276 pred=415.3 ❌
    [  32/350] triangle    bitcrush_4bit  E4  | midi: gt=64 pred=64 ✅  | spn: gt=E4 pred=C6 ❌  | doremi: gt=mi pred=sol ❌  | hz: gt=329.6276 pred=1058.37 ❌
    [  33/350] square      bitcrush_4bit  E4  | midi: gt=64 pred=63 ❌  | spn: gt=E4 pred=A6 ❌  | doremi: gt=mi pred=sol ❌  | hz: gt=329.6276 pred=450.0 ❌
    [  34/350] violin      bitcrush_4bit  E4  | midi: gt=64 pred=64 ✅  | spn: gt=E4 pred=C6 ❌  | doremi: gt=mi pred=sol ❌  | hz: gt=329.6276 pred=480.0 ❌
    [  35/350] sawtooth    bitcrush_4bit  E4  | midi: gt=64 pred=69 ❌  | spn: gt=E4 pred=A6 ❌  | doremi: gt=mi pred=sol ❌  | hz: gt=329.6276 pred=450.0 ❌
    [  36/350] oboe        bitcrush_4bit  A4  | midi: gt=69 pred=69 ✅  | spn: gt=A4 pred=C6 ❌  | doremi: gt=la pred=sol ❌  | hz: gt=440.0 pred=415.32 ❌
    [  37/350] voice       bitcrush_4bit  A4  | midi: gt=69 pred=69 ✅  | spn: gt=A4 pred=C6 ❌  | doremi: gt=la pred=sol ❌  | hz: gt=440.0 pred=450.0 ❌
    [  38/350] trumpet     bitcrush_4bit  A4  | midi: gt=69 pred=69 ✅  | spn: gt=A4 pred=A4 ✅  | doremi: gt=la pred=sol ❌  | hz: gt=440.0 pred=450.0 ❌
    [  39/350] sawtooth    bitcrush_4bit  A4  | midi: gt=69 pred=69 ✅  | spn: gt=A4 pred=A6 ❌  | doremi: gt=la pred=sol ❌  | hz: gt=440.0 pred=450.0 ❌
    [  40/350] synth_pad   bitcrush_4bit  A4  | midi: gt=69 pred=69 ✅  | spn: gt=A4 pred=C6 ❌  | doremi: gt=la pred=sol ❌  | hz: gt=440.0 pred=460.0 ❌
    [  41/350] organ       bitcrush_4bit  G5  | midi: gt=79 pred=68 ❌  | spn: gt=G5 pred=C6 ❌  | doremi: gt=sol pred=sol ✅  | hz: gt=783.9909 pred=415.3 ❌
    [  42/350] synth_pad   bitcrush_4bit  G5  | midi: gt=79 pred=69 ❌  | spn: gt=G5 pred=C6 ❌  | doremi: gt=sol pred=sol ✅  | hz: gt=783.9909 pred=493.88 ❌
    [  43/350] triangle    bitcrush_4bit  G5  | midi: gt=79 pred=68 ❌  | spn: gt=G5 pred=C6 ❌  | doremi: gt=sol pred=sol ✅  | hz: gt=783.9909 pred=480.0 ❌
    [  44/350] violin      bitcrush_4bit  G5  | midi: gt=79 pred=68 ❌  | spn: gt=G5 pred=C6 ❌  | doremi: gt=sol pred=sol ✅  | hz: gt=783.9909 pred=1046.53 ❌
    [  45/350] sawtooth    bitcrush_4bit  G5  | midi: gt=79 pred=65 ❌  | spn: gt=G5 pred=A6 ❌  | doremi: gt=sol pred=sol ✅  | hz: gt=783.9909 pred=1075.62 ❌
    [  46/350] synth_pad   bitcrush_4bit  E6  | midi: gt=88 pred=69 ❌  | spn: gt=E6 pred=C6 ❌  | doremi: gt=mi pred=sol ❌  | hz: gt=1318.5102 pred=1046.53 ❌
    [  47/350] trombone    bitcrush_4bit  E6  | midi: gt=88 pred=69 ❌  | spn: gt=E6 pred=C6 ❌  | doremi: gt=mi pred=sol ❌  | hz: gt=1318.5102 pred=415.306 ❌
    [  48/350] oboe        bitcrush_4bit  E6  | midi: gt=88 pred=69 ❌  | spn: gt=E6 pred=C6 ❌  | doremi: gt=mi pred=sol ❌  | hz: gt=1318.5102 pred=415.3 ❌
    [  49/350] guitar      bitcrush_4bit  E6  | midi: gt=88 pred=64 ❌  | spn: gt=E6 pred=C6 ❌  | doremi: gt=mi pred=sol ❌  | hz: gt=1318.5102 pred=1052.63 ❌
    [  50/350] synth_lead  bitcrush_4bit  E6  | midi: gt=88 pred=69 ❌  | spn: gt=E6 pred=C6 ❌  | doremi: gt=mi pred=sol ❌  | hz: gt=1318.5102 pred=1046.53 ❌
    [  51/350] square      chorus_heavy  F#1  | midi: gt=30 pred=64 ❌  | spn: gt=F#1 pred=C6 ❌  | doremi: gt=fa# pred=fa# ✅  | hz: gt=46.2493 pred=1050.0 ❌
    [  52/350] sawtooth    chorus_heavy  F#1  | midi: gt=30 pred=48 ❌  | spn: gt=F#1 pred=C6 ❌  | doremi: gt=fa# pred=sol ❌  | hz: gt=46.2493 pred=1058.49 ❌
    [  53/350] flute       chorus_heavy  F#1  | midi: gt=30 pred=63 ❌  | spn: gt=F#1 pred=C2 ❌  | doremi: gt=fa# pred=fa# ✅  | hz: gt=46.2493 pred=105.26 ❌
    [  54/350] trombone    chorus_heavy  F#1  | midi: gt=30 pred=34 ❌  | spn: gt=F#1 pred=C2 ❌  | doremi: gt=fa# pred=fa# ✅  | hz: gt=46.2493 pred=105.26 ❌
    [  55/350] synth_pad   chorus_heavy  F#1  | midi: gt=30 pred=45 ❌  | spn: gt=F#1 pred=C6 ❌  | doremi: gt=fa# pred=fa# ✅  | hz: gt=46.2493 pred=1054.72 ❌
    [  56/350] flute       chorus_heavy  C2  | midi: gt=36 pred=65 ❌  | spn: gt=C2 pred=C6 ❌  | doremi: gt=do pred=fa# ❌  | hz: gt=65.4064 pred=105.26 ❌
    [  57/350] triangle    chorus_heavy  C2  | midi: gt=36 pred=45 ❌  | spn: gt=C2 pred=C4 ❌  | doremi: gt=do pred=fa# ❌  | hz: gt=65.4064 pred=105.26 ❌
    [  58/350] violin      chorus_heavy  C2  | midi: gt=36 pred=45 ❌  | spn: gt=C2 pred=C2 ✅  | doremi: gt=do pred=fa# ❌  | hz: gt=65.4064 pred=105.26 ❌
    [  59/350] trumpet     chorus_heavy  C2  | midi: gt=36 pred=36 ✅  | spn: gt=C2 pred=A#2 ❌  | doremi: gt=do pred=fa# ❌  | hz: gt=65.4064 pred=250.0 ❌
    [  60/350] voice       chorus_heavy  C2  | midi: gt=36 pred=65 ❌  | spn: gt=C2 pred=C6 ❌  | doremi: gt=do pred=fa# ❌  | hz: gt=65.4064 pred=480.0 ❌
    [  61/350] oboe        chorus_heavy  G2  | midi: gt=43 pred=63 ❌  | spn: gt=G2 pred=C6 ❌  | doremi: gt=sol pred=fa# ❌  | hz: gt=97.9989 pred=415.3 ❌
    [  62/350] electric_keyboard  chorus_heavy  G2  | midi: gt=43 pred=48 ❌  | spn: gt=G2 pred=C6 ❌  | doremi: gt=sol pred=fa# ❌  | hz: gt=97.9989 pred=460.0 ❌
    [  63/350] voice       chorus_heavy  G2  | midi: gt=43 pred=69 ❌  | spn: gt=G2 pred=C6 ❌  | doremi: gt=sol pred=sol ✅  | hz: gt=97.9989 pred=436.5 ❌
    [  64/350] synth_lead  chorus_heavy  G2  | midi: gt=43 pred=65 ❌  | spn: gt=G2 pred=C6 ❌  | doremi: gt=sol pred=sol# ❌  | hz: gt=97.9989 pred=480.0 ❌
    [  65/350] triangle    chorus_heavy  G2  | midi: gt=43 pred=63 ❌  | spn: gt=G2 pred=C6 ❌  | doremi: gt=sol pred=sol ✅  | hz: gt=97.9989 pred=480.0 ❌
    [  66/350] trumpet     chorus_heavy  C3  | midi: gt=48 pred=64 ❌  | spn: gt=C3 pred=C6 ❌  | doremi: gt=do pred=sol ❌  | hz: gt=130.8128 pred=415.38 ❌
    [  67/350] square      chorus_heavy  C3  | midi: gt=48 pred=63 ❌  | spn: gt=C3 pred=C6 ❌  | doremi: gt=do pred=sol ❌  | hz: gt=130.8128 pred=480.0 ❌
    [  68/350] electric_keyboard  chorus_heavy  C3  | midi: gt=48 pred=64 ❌  | spn: gt=C3 pred=C6 ❌  | doremi: gt=do pred=fa# ❌  | hz: gt=130.8128 pred=480.0 ❌
    [  69/350] flute       chorus_heavy  C3  | midi: gt=48 pred=63 ❌  | spn: gt=C3 pred=C6 ❌  | doremi: gt=do pred=fa# ❌  | hz: gt=130.8128 pred=415.3 ❌
    [  70/350] synth_pad   chorus_heavy  C3  | midi: gt=48 pred=64 ❌  | spn: gt=C3 pred=C6 ❌  | doremi: gt=do pred=fa# ❌  | hz: gt=130.8128 pred=480.0 ❌
    [  71/350] organ       chorus_heavy  F#3  | midi: gt=54 pred=69 ❌  | spn: gt=F#3 pred=C6 ❌  | doremi: gt=fa# pred=sol# ❌  | hz: gt=184.9972 pred=480.0 ❌
    [  72/350] violin      chorus_heavy  F#3  | midi: gt=54 pred=65 ❌  | spn: gt=F#3 pred=C6 ❌  | doremi: gt=fa# pred=fa# ✅  | hz: gt=184.9972 pred=415.38 ❌
    [  73/350] trumpet     chorus_heavy  F#3  | midi: gt=54 pred=63 ❌  | spn: gt=F#3 pred=C6 ❌  | doremi: gt=fa# pred=sol# ❌  | hz: gt=184.9972 pred=415.38 ❌
    [  74/350] flute       chorus_heavy  F#3  | midi: gt=54 pred=63 ❌  | spn: gt=F#3 pred=C6 ❌  | doremi: gt=fa# pred=fa# ✅  | hz: gt=184.9972 pred=415.38 ❌
    [  75/350] clarinet    chorus_heavy  F#3  | midi: gt=54 pred=65 ❌  | spn: gt=F#3 pred=C6 ❌  | doremi: gt=fa# pred=fa# ✅  | hz: gt=184.9972 pred=415.38 ❌
    [  76/350] clarinet    chorus_heavy  C4  | midi: gt=60 pred=65 ❌  | spn: gt=C4 pred=C6 ❌  | doremi: gt=do pred=fa# ❌  | hz: gt=261.6256 pred=480.0 ❌
    [  77/350] sawtooth    chorus_heavy  C4  | midi: gt=60 pred=63 ❌  | spn: gt=C4 pred=C6 ❌  | doremi: gt=do pred=sol ❌  | hz: gt=261.6256 pred=480.0 ❌
    [  78/350] flute       chorus_heavy  C4  | midi: gt=60 pred=63 ❌  | spn: gt=C4 pred=C6 ❌  | doremi: gt=do pred=fa# ❌  | hz: gt=261.6256 pred=415.3 ❌
    [  79/350] synth_pad   chorus_heavy  C4  | midi: gt=60 pred=64 ❌  | spn: gt=C4 pred=C6 ❌  | doremi: gt=do pred=sol# ❌  | hz: gt=261.6256 pred=480.0 ❌
    [  80/350] violin      chorus_heavy  C4  | midi: gt=60 pred=65 ❌  | spn: gt=C4 pred=C6 ❌  | doremi: gt=do pred=sol# ❌  | hz: gt=261.6256 pred=480.0 ❌
    [  81/350] clarinet    chorus_heavy  E4  | midi: gt=64 pred=69 ❌  | spn: gt=E4 pred=C6 ❌  | doremi: gt=mi pred=sol# ❌  | hz: gt=329.6276 pred=415.3 ❌
    [  82/350] violin      chorus_heavy  E4  | midi: gt=64 pred=69 ❌  | spn: gt=E4 pred=C6 ❌  | doremi: gt=mi pred=sol# ❌  | hz: gt=329.6276 pred=415.38 ❌
    [  83/350] trumpet     chorus_heavy  E4  | midi: gt=64 pred=69 ❌  | spn: gt=E4 pred=C6 ❌  | doremi: gt=mi pred=sol# ❌  | hz: gt=329.6276 pred=415.3 ❌
    [  84/350] square      chorus_heavy  E4  | midi: gt=64 pred=64 ✅  | spn: gt=E4 pred=C6 ❌  | doremi: gt=mi pred=fa# ❌  | hz: gt=329.6276 pred=1058.47 ❌
    [  85/350] triangle    chorus_heavy  E4  | midi: gt=64 pred=69 ❌  | spn: gt=E4 pred=C6 ❌  | doremi: gt=mi pred=sol ❌  | hz: gt=329.6276 pred=480.0 ❌
    [  86/350] voice       chorus_heavy  A4  | midi: gt=69 pred=69 ✅  | spn: gt=A4 pred=C6 ❌  | doremi: gt=la pred=sol ❌  | hz: gt=440.0 pred=415.3 ❌
    [  87/350] clarinet    chorus_heavy  A4  | midi: gt=69 pred=69 ✅  | spn: gt=A4 pred=C6 ❌  | doremi: gt=la pred=sol# ❌  | hz: gt=440.0 pred=450.0 ❌
    [  88/350] guitar      chorus_heavy  A4  | midi: gt=69 pred=69 ✅  | spn: gt=A4 pred=A7 ❌  | doremi: gt=la pred=sol ❌  | hz: gt=440.0 pred=460.0 ❌
    [  89/350] bass        chorus_heavy  A4  | midi: gt=69 pred=69 ✅  | spn: gt=A4 pred=C6 ❌  | doremi: gt=la pred=sol# ❌  | hz: gt=440.0 pred=460.0 ❌
    [  90/350] synth_lead  chorus_heavy  A4  | midi: gt=69 pred=69 ✅  | spn: gt=A4 pred=C6 ❌  | doremi: gt=la pred=sol# ❌  | hz: gt=440.0 pred=480.0 ❌
    [  91/350] organ       chorus_heavy  G5  | midi: gt=79 pred=68 ❌  | spn: gt=G5 pred=C6 ❌  | doremi: gt=sol pred=sol# ❌  | hz: gt=783.9909 pred=1046.57 ❌
    [  92/350] piano       chorus_heavy  G5  | midi: gt=79 pred=68 ❌  | spn: gt=G5 pred=C6 ❌  | doremi: gt=sol pred=sol ✅  | hz: gt=783.9909 pred=450.0 ❌
    [  93/350] trumpet     chorus_heavy  G5  | midi: gt=79 pred=68 ❌  | spn: gt=G5 pred=C6 ❌  | doremi: gt=sol pred=sol# ❌  | hz: gt=783.9909 pred=1046.57 ❌
    [  94/350] synth_pad   chorus_heavy  G5  | midi: gt=79 pred=69 ❌  | spn: gt=G5 pred=C6 ❌  | doremi: gt=sol pred=sol# ❌  | hz: gt=783.9909 pred=1058.43 ❌
    [  95/350] triangle    chorus_heavy  G5  | midi: gt=79 pred=69 ❌  | spn: gt=G5 pred=C6 ❌  | doremi: gt=sol pred=sol# ❌  | hz: gt=783.9909 pred=480.0 ❌
    [  96/350] synth_pad   chorus_heavy  E6  | midi: gt=88 pred=69 ❌  | spn: gt=E6 pred=C6 ❌  | doremi: gt=mi pred=sol ❌  | hz: gt=1318.5102 pred=1046.57 ❌
    [  97/350] voice       chorus_heavy  E6  | midi: gt=88 pred=69 ❌  | spn: gt=E6 pred=C6 ❌  | doremi: gt=mi pred=sol# ❌  | hz: gt=1318.5102 pred=1046.57 ❌
    [  98/350] trumpet     chorus_heavy  E6  | midi: gt=88 pred=84 ❌  | spn: gt=E6 pred=C6 ❌  | doremi: gt=mi pred=sol# ❌  | hz: gt=1318.5102 pred=1046.57 ❌
    [  99/350] cello       chorus_heavy  E6  | midi: gt=88 pred=69 ❌  | spn: gt=E6 pred=C6 ❌  | doremi: gt=mi pred=sol# ❌  | hz: gt=1318.5102 pred=1250.0 ❌
    [ 100/350] organ       chorus_heavy  E6  | midi: gt=88 pred=69 ❌  | spn: gt=E6 pred=C6 ❌  | doremi: gt=mi pred=sol# ❌  | hz: gt=1318.5102 pred=1046.57 ❌
    [ 101/350] voice       clean         F#1  | midi: gt=30 pred=63 ❌  | spn: gt=F#1 pred=C4 ❌  | doremi: gt=fa# pred=fa# ✅  | hz: gt=46.2493 pred=435.0 ❌
    [ 102/350] violin      clean         F#1  | midi: gt=30 pred=34 ❌  | spn: gt=F#1 pred=A2 ❌  | doremi: gt=fa# pred=re ❌  | hz: gt=46.2493 pred=28.0 ❌
    [ 103/350] oboe        clean         F#1  | midi: gt=30 pred=34 ❌  | spn: gt=F#1 pred=A#2 ❌  | doremi: gt=fa# pred=fa# ✅  | hz: gt=46.2493 pred=105.26 ❌
    [ 104/350] flute       clean         F#1  | midi: gt=30 pred=35 ❌  | spn: gt=F#1 pred=A#2 ❌  | doremi: gt=fa# pred=fa# ✅  | hz: gt=46.2493 pred=105.26 ❌
    [ 105/350] square      clean         F#1  | midi: gt=30 pred=45 ❌  | spn: gt=F#1 pred=B2 ❌  | doremi: gt=fa# pred=sol ❌  | hz: gt=46.2493 pred=None ❌
    [ 106/350] synth_lead  clean         C2  | midi: gt=36 pred=65 ❌  | spn: gt=C2 pred=C6 ❌  | doremi: gt=do pred=fa# ❌  | hz: gt=65.4064 pred=150.0 ❌
    [ 107/350] bass        clean         C2  | midi: gt=36 pred=48 ❌  | spn: gt=C2 pred=C4 ❌  | doremi: gt=do pred=sol ❌  | hz: gt=65.4064 pred=120.0 ❌
    [ 108/350] square      clean         C2  | midi: gt=36 pred=43 ❌  | spn: gt=C2 pred=A#2 ❌  | doremi: gt=do pred=fa# ❌  | hz: gt=65.4064 pred=480.0 ❌
    [ 109/350] sawtooth    clean         C2  | midi: gt=36 pred=35 ❌  | spn: gt=C2 pred=A#2 ❌  | doremi: gt=do pred=fa# ❌  | hz: gt=65.4064 pred=480.0 ❌
    [ 110/350] cello       clean         C2  | midi: gt=36 pred=36 ✅  | spn: gt=C2 pred=C2 ✅  | doremi: gt=do pred=re ❌  | hz: gt=65.4064 pred=240.0 ❌
    [ 111/350] triangle    clean         G2  | midi: gt=43 pred=43 ✅  | spn: gt=G2 pred=C6 ❌  | doremi: gt=sol pred=sol ✅  | hz: gt=97.9989 pred=435.0 ❌
    [ 112/350] piano       clean         G2  | midi: gt=43 pred=43 ✅  | spn: gt=G2 pred=C4 ❌  | doremi: gt=sol pred=sol ✅  | hz: gt=97.9989 pred=435.0 ❌
    [ 113/350] electric_keyboard  clean         G2  | midi: gt=43 pred=43 ✅  | spn: gt=G2 pred=G2 ✅  | doremi: gt=sol pred=sol ✅  | hz: gt=97.9989 pred=435.0 ❌
    [ 114/350] cello       clean         G2  | midi: gt=43 pred=43 ✅  | spn: gt=G2 pred=C4 ❌  | doremi: gt=sol pred=sol ✅  | hz: gt=97.9989 pred=105.36 ❌
    [ 115/350] trombone    clean         G2  | midi: gt=43 pred=43 ✅  | spn: gt=G2 pred=F#2 ❌  | doremi: gt=sol pred=sol ✅  | hz: gt=97.9989 pred=435.0 ❌
    [ 116/350] square      clean         C3  | midi: gt=48 pred=45 ❌  | spn: gt=C3 pred=F#2 ❌  | doremi: gt=do pred=sol ❌  | hz: gt=130.8128 pred=450.0 ❌
    [ 117/350] violin      clean         C3  | midi: gt=48 pred=48 ✅  | spn: gt=C3 pred=C2 ❌  | doremi: gt=do pred=sol ❌  | hz: gt=130.8128 pred=480.0 ❌
    [ 118/350] synth_pad   clean         C3  | midi: gt=48 pred=63 ❌  | spn: gt=C3 pred=C6 ❌  | doremi: gt=do pred=sol ❌  | hz: gt=130.8128 pred=480.0 ❌
    [ 119/350] organ       clean         C3  | midi: gt=48 pred=60 ❌  | spn: gt=C3 pred=C2 ❌  | doremi: gt=do pred=sol ❌  | hz: gt=130.8128 pred=480.0 ❌
    [ 120/350] trumpet     clean         C3  | midi: gt=48 pred=48 ✅  | spn: gt=C3 pred=C4 ❌  | doremi: gt=do pred=sol ❌  | hz: gt=130.8128 pred=480.0 ❌
    [ 121/350] trumpet     clean         F#3  | midi: gt=54 pred=54 ✅  | spn: gt=F#3 pred=F4 ❌  | doremi: gt=fa# pred=sol ❌  | hz: gt=184.9972 pred=435.0 ❌
    [ 122/350] synth_pad   clean         F#3  | midi: gt=54 pred=65 ❌  | spn: gt=F#3 pred=C6 ❌  | doremi: gt=fa# pred=fa# ✅  | hz: gt=184.9972 pred=480.0 ❌
    [ 123/350] sine        clean         F#3  | midi: gt=54 pred=54 ✅  | spn: gt=F#3 pred=C4 ❌  | doremi: gt=fa# pred=sol ❌  | hz: gt=184.9972 pred=107.89 ❌
    [ 124/350] triangle    clean         F#3  | midi: gt=54 pred=63 ❌  | spn: gt=F#3 pred=F#6 ❌  | doremi: gt=fa# pred=sol ❌  | hz: gt=184.9972 pred=480.0 ❌
    [ 125/350] clarinet    clean         F#3  | midi: gt=54 pred=54 ✅  | spn: gt=F#3 pred=C4 ❌  | doremi: gt=fa# pred=sol ❌  | hz: gt=184.9972 pred=450.0 ❌
    [ 126/350] synth_pad   clean         C4  | midi: gt=60 pred=64 ❌  | spn: gt=C4 pred=C6 ❌  | doremi: gt=do pred=sol ❌  | hz: gt=261.6256 pred=480.0 ❌
    [ 127/350] trumpet     clean         C4  | midi: gt=60 pred=60 ✅  | spn: gt=C4 pred=C6 ❌  | doremi: gt=do pred=sol ❌  | hz: gt=261.6256 pred=440.0 ❌
    [ 128/350] clarinet    clean         C4  | midi: gt=60 pred=65 ❌  | spn: gt=C4 pred=C6 ❌  | doremi: gt=do pred=sol ❌  | hz: gt=261.6256 pred=450.0 ❌
    [ 129/350] triangle    clean         C4  | midi: gt=60 pred=63 ❌  | spn: gt=C4 pred=C6 ❌  | doremi: gt=do pred=sol ❌  | hz: gt=261.6256 pred=480.0 ❌
    [ 130/350] piano       clean         C4  | midi: gt=60 pred=48 ❌  | spn: gt=C4 pred=C6 ❌  | doremi: gt=do pred=sol ❌  | hz: gt=261.6256 pred=480.0 ❌
    [ 131/350] cello       clean         E4  | midi: gt=64 pred=64 ✅  | spn: gt=E4 pred=C6 ❌  | doremi: gt=mi pred=sol ❌  | hz: gt=329.6276 pred=64.0 ❌
    [ 132/350] electric_keyboard  clean         E4  | midi: gt=64 pred=64 ✅  | spn: gt=E4 pred=C6 ❌  | doremi: gt=mi pred=fa# ❌  | hz: gt=329.6276 pred=64.0 ❌
    [ 133/350] organ       clean         E4  | midi: gt=64 pred=64 ✅  | spn: gt=E4 pred=E4 ✅  | doremi: gt=mi pred=sol ❌  | hz: gt=329.6276 pred=640.0 ❌
    [ 134/350] sine        clean         E4  | midi: gt=64 pred=63 ❌  | spn: gt=E4 pred=C6 ❌  | doremi: gt=mi pred=sol ❌  | hz: gt=329.6276 pred=1075.0 ❌
    [ 135/350] oboe        clean         E4  | midi: gt=64 pred=64 ✅  | spn: gt=E4 pred=C4 ❌  | doremi: gt=mi pred=sol ❌  | hz: gt=329.6276 pred=640.0 ❌
    [ 136/350] trumpet     clean         A4  | midi: gt=69 pred=69 ✅  | spn: gt=A4 pred=A4 ✅  | doremi: gt=la pred=sol ❌  | hz: gt=440.0 pred=450.0 ❌
    [ 137/350] synth_lead  clean         A4  | midi: gt=69 pred=69 ✅  | spn: gt=A4 pred=C6 ❌  | doremi: gt=la pred=sol ❌  | hz: gt=440.0 pred=1058.43 ❌
    [ 138/350] electric_keyboard  clean         A4  | midi: gt=69 pred=69 ✅  | spn: gt=A4 pred=None ❌  | doremi: gt=la pred=mi ❌  | hz: gt=440.0 pred=693.08 ❌
    [ 139/350] triangle    clean         A4  | midi: gt=69 pred=69 ✅  | spn: gt=A4 pred=A6 ❌  | doremi: gt=la pred=sol ❌  | hz: gt=440.0 pred=450.0 ❌
    [ 140/350] cello       clean         A4  | midi: gt=69 pred=69 ✅  | spn: gt=A4 pred=A4 ✅  | doremi: gt=la pred=sol ❌  | hz: gt=440.0 pred=493.88 ❌
    [ 141/350] trombone    clean         G5  | midi: gt=79 pred=69 ❌  | spn: gt=G5 pred=C6 ❌  | doremi: gt=sol pred=sol ✅  | hz: gt=783.9909 pred=659.3 ❌
    [ 142/350] synth_lead  clean         G5  | midi: gt=79 pred=68 ❌  | spn: gt=G5 pred=C6 ❌  | doremi: gt=sol pred=sol# ❌  | hz: gt=783.9909 pred=1058.43 ❌
    [ 143/350] guitar      clean         G5  | midi: gt=79 pred=68 ❌  | spn: gt=G5 pred=C7 ❌  | doremi: gt=sol pred=fa# ❌  | hz: gt=783.9909 pred=2500.0 ❌
    [ 144/350] piano       clean         G5  | midi: gt=79 pred=68 ❌  | spn: gt=G5 pred=F7 ❌  | doremi: gt=sol pred=sol ✅  | hz: gt=783.9909 pred=795.0 ❌
    [ 145/350] electric_keyboard  clean         G5  | midi: gt=79 pred=67 ❌  | spn: gt=G5 pred=C6 ❌  | doremi: gt=sol pred=sol ✅  | hz: gt=783.9909 pred=793.68 ❌
    [ 146/350] electric_keyboard  clean         E6  | midi: gt=88 pred=88 ✅  | spn: gt=E6 pred=B8 ❌  | doremi: gt=mi pred=fa# ❌  | hz: gt=1318.5102 pred=830.41 ❌
    [ 147/350] synth_pad   clean         E6  | midi: gt=88 pred=69 ❌  | spn: gt=E6 pred=C6 ❌  | doremi: gt=mi pred=sol# ❌  | hz: gt=1318.5102 pred=1034.52 ❌
    [ 148/350] synth_lead  clean         E6  | midi: gt=88 pred=69 ❌  | spn: gt=E6 pred=C6 ❌  | doremi: gt=mi pred=sol ❌  | hz: gt=1318.5102 pred=1309.85 ✅
    [ 149/350] sine        clean         E6  | midi: gt=88 pred=86 ❌  | spn: gt=E6 pred=C6 ❌  | doremi: gt=mi pred=sol ❌  | hz: gt=1318.5102 pred=1046.53 ❌
    [ 150/350] trombone    clean         E6  | midi: gt=88 pred=86 ❌  | spn: gt=E6 pred=A#6 ❌  | doremi: gt=mi pred=sol ❌  | hz: gt=1318.5102 pred=640.0 ❌
    [ 151/350] clarinet    highpass_above_f0  F#1  | midi: gt=30 pred=63 ❌  | spn: gt=F#1 pred=C6 ❌  | doremi: gt=fa# pred=fa# ✅  | hz: gt=46.2493 pred=415.306879 ❌
    [ 152/350] bass        highpass_above_f0  F#1  | midi: gt=30 pred=43 ❌  | spn: gt=F#1 pred=A#2 ❌  | doremi: gt=fa# pred=sol ❌  | hz: gt=46.2493 pred=105.26 ❌
    [ 153/350] sine        highpass_above_f0  F#1  | midi: gt=30 pred=34 ❌  | spn: gt=F#1 pred=C2 ❌  | doremi: gt=fa# pred=fa# ✅  | hz: gt=46.2493 pred=250.0 ❌
    [ 154/350] triangle    highpass_above_f0  F#1  | midi: gt=30 pred=43 ❌  | spn: gt=F#1 pred=A#2 ❌  | doremi: gt=fa# pred=sol ❌  | hz: gt=46.2493 pred=450.0 ❌
    [ 155/350] organ       highpass_above_f0  F#1  | midi: gt=30 pred=43 ❌  | spn: gt=F#1 pred=F#3 ❌  | doremi: gt=fa# pred=fa# ✅  | hz: gt=46.2493 pred=107.65 ❌
    [ 156/350] oboe        highpass_above_f0  C2  | midi: gt=36 pred=36 ✅  | spn: gt=C2 pred=C2 ✅  | doremi: gt=do pred=fa# ❌  | hz: gt=65.4064 pred=250.0 ❌
    [ 157/350] trombone    highpass_above_f0  C2  | midi: gt=36 pred=35 ❌  | spn: gt=C2 pred=A#2 ❌  | doremi: gt=do pred=sol ❌  | hz: gt=65.4064 pred=450.0 ❌
    [ 158/350] flute       highpass_above_f0  C2  | midi: gt=36 pred=65 ❌  | spn: gt=C2 pred=C2 ✅  | doremi: gt=do pred=fa# ❌  | hz: gt=65.4064 pred=415.3 ❌
    [ 159/350] sawtooth    highpass_above_f0  C2  | midi: gt=36 pred=43 ❌  | spn: gt=C2 pred=A#2 ❌  | doremi: gt=do pred=sol ❌  | hz: gt=65.4064 pred=450.0 ❌
    [ 160/350] triangle    highpass_above_f0  C2  | midi: gt=36 pred=43 ❌  | spn: gt=C2 pred=A2 ❌  | doremi: gt=do pred=sol ❌  | hz: gt=65.4064 pred=435.0 ❌
    [ 161/350] voice       highpass_above_f0  G2  | midi: gt=43 pred=43 ✅  | spn: gt=G2 pred=C4 ❌  | doremi: gt=sol pred=sol ✅  | hz: gt=97.9989 pred=435.0 ❌
    [ 162/350] square      highpass_above_f0  G2  | midi: gt=43 pred=58 ❌  | spn: gt=G2 pred=A4 ❌  | doremi: gt=sol pred=sol ✅  | hz: gt=97.9989 pred=450.0 ❌
    [ 163/350] synth_pad   highpass_above_f0  G2  | midi: gt=43 pred=64 ❌  | spn: gt=G2 pred=C6 ❌  | doremi: gt=sol pred=sol ✅  | hz: gt=97.9989 pred=460.0 ❌
    [ 164/350] bass        highpass_above_f0  G2  | midi: gt=43 pred=48 ❌  | spn: gt=G2 pred=C4 ❌  | doremi: gt=sol pred=sol ✅  | hz: gt=97.9989 pred=435.0 ❌
    [ 165/350] cello       highpass_above_f0  G2  | midi: gt=43 pred=43 ✅  | spn: gt=G2 pred=C2 ❌  | doremi: gt=sol pred=sol ✅  | hz: gt=97.9989 pred=435.0 ❌
    [ 166/350] square      highpass_above_f0  C3  | midi: gt=48 pred=65 ❌  | spn: gt=C3 pred=F#2 ❌  | doremi: gt=do pred=sol ❌  | hz: gt=130.8128 pred=1058.43 ❌
    [ 167/350] synth_pad   highpass_above_f0  C3  | midi: gt=48 pred=68 ❌  | spn: gt=C3 pred=C6 ❌  | doremi: gt=do pred=sol ❌  | hz: gt=130.8128 pred=480.0 ❌
    [ 168/350] piano       highpass_above_f0  C3  | midi: gt=48 pred=63 ❌  | spn: gt=C3 pred=C6 ❌  | doremi: gt=do pred=sol ❌  | hz: gt=130.8128 pred=480.0 ❌
    [ 169/350] synth_lead  highpass_above_f0  C3  | midi: gt=48 pred=68 ❌  | spn: gt=C3 pred=C6 ❌  | doremi: gt=do pred=sol# ❌  | hz: gt=130.8128 pred=1200.0 ❌
    [ 170/350] clarinet    highpass_above_f0  C3  | midi: gt=48 pred=64 ❌  | spn: gt=C3 pred=C6 ❌  | doremi: gt=do pred=sol ❌  | hz: gt=130.8128 pred=480.0 ❌
    [ 171/350] bass        highpass_above_f0  F#3  | midi: gt=54 pred=54 ✅  | spn: gt=F#3 pred=C6 ❌  | doremi: gt=fa# pred=fa# ✅  | hz: gt=184.9972 pred=435.0 ❌
    [ 172/350] synth_pad   highpass_above_f0  F#3  | midi: gt=54 pred=68 ❌  | spn: gt=F#3 pred=C6 ❌  | doremi: gt=fa# pred=sol ❌  | hz: gt=184.9972 pred=480.0 ❌
    [ 173/350] electric_keyboard  highpass_above_f0  F#3  | midi: gt=54 pred=54 ✅  | spn: gt=F#3 pred=C6 ❌  | doremi: gt=fa# pred=sol ❌  | hz: gt=184.9972 pred=480.0 ❌
    [ 174/350] trumpet     highpass_above_f0  F#3  | midi: gt=54 pred=65 ❌  | spn: gt=F#3 pred=F#4 ❌  | doremi: gt=fa# pred=sol ❌  | hz: gt=184.9972 pred=435.0 ❌
    [ 175/350] voice       highpass_above_f0  F#3  | midi: gt=54 pred=65 ❌  | spn: gt=F#3 pred=C4 ❌  | doremi: gt=fa# pred=sol ❌  | hz: gt=184.9972 pred=480.0 ❌
    [ 176/350] cello       highpass_above_f0  C4  | midi: gt=60 pred=60 ✅  | spn: gt=C4 pred=C4 ✅  | doremi: gt=do pred=sol ❌  | hz: gt=261.6256 pred=480.0 ❌
    [ 177/350] guitar      highpass_above_f0  C4  | midi: gt=60 pred=63 ❌  | spn: gt=C4 pred=C6 ❌  | doremi: gt=do pred=sol ❌  | hz: gt=261.6256 pred=480.0 ❌
    [ 178/350] synth_pad   highpass_above_f0  C4  | midi: gt=60 pred=64 ❌  | spn: gt=C4 pred=C6 ❌  | doremi: gt=do pred=sol ❌  | hz: gt=261.6256 pred=480.0 ❌
    [ 179/350] trombone    highpass_above_f0  C4  | midi: gt=60 pred=68 ❌  | spn: gt=C4 pred=C6 ❌  | doremi: gt=do pred=sol ❌  | hz: gt=261.6256 pred=480.0 ❌
    [ 180/350] synth_lead  highpass_above_f0  C4  | midi: gt=60 pred=69 ❌  | spn: gt=C4 pred=C6 ❌  | doremi: gt=do pred=sol# ❌  | hz: gt=261.6256 pred=1058.43 ❌
    [ 181/350] oboe        highpass_above_f0  E4  | midi: gt=64 pred=64 ✅  | spn: gt=E4 pred=C6 ❌  | doremi: gt=mi pred=sol ❌  | hz: gt=329.6276 pred=640.0 ❌
    [ 182/350] organ       highpass_above_f0  E4  | midi: gt=64 pred=64 ✅  | spn: gt=E4 pred=E4 ✅  | doremi: gt=mi pred=sol ❌  | hz: gt=329.6276 pred=640.0 ❌
    [ 183/350] synth_lead  highpass_above_f0  E4  | midi: gt=64 pred=68 ❌  | spn: gt=E4 pred=C6 ❌  | doremi: gt=mi pred=sol# ❌  | hz: gt=329.6276 pred=1034.52 ❌
    [ 184/350] synth_pad   highpass_above_f0  E4  | midi: gt=64 pred=68 ❌  | spn: gt=E4 pred=C6 ❌  | doremi: gt=mi pred=sol ❌  | hz: gt=329.6276 pred=480.0 ❌
    [ 185/350] sawtooth    highpass_above_f0  E4  | midi: gt=64 pred=69 ❌  | spn: gt=E4 pred=A6 ❌  | doremi: gt=mi pred=sol ❌  | hz: gt=329.6276 pred=450.0 ❌
    [ 186/350] flute       highpass_above_f0  A4  | midi: gt=69 pred=69 ✅  | spn: gt=A4 pred=C6 ❌  | doremi: gt=la pred=fa# ❌  | hz: gt=440.0 pred=450.0 ❌
    [ 187/350] voice       highpass_above_f0  A4  | midi: gt=69 pred=69 ✅  | spn: gt=A4 pred=C6 ❌  | doremi: gt=la pred=sol ❌  | hz: gt=440.0 pred=450.0 ❌
    [ 188/350] square      highpass_above_f0  A4  | midi: gt=69 pred=69 ✅  | spn: gt=A4 pred=A6 ❌  | doremi: gt=la pred=sol ❌  | hz: gt=440.0 pred=1024.56 ❌
    [ 189/350] clarinet    highpass_above_f0  A4  | midi: gt=69 pred=69 ✅  | spn: gt=A4 pred=C6 ❌  | doremi: gt=la pred=sol ❌  | hz: gt=440.0 pred=450.0 ❌
    [ 190/350] sine        highpass_above_f0  A4  | midi: gt=69 pred=68 ❌  | spn: gt=A4 pred=C6 ❌  | doremi: gt=la pred=sol ❌  | hz: gt=440.0 pred=1050.0 ❌
    [ 191/350] voice       highpass_above_f0  G5  | midi: gt=79 pred=68 ❌  | spn: gt=G5 pred=C6 ❌  | doremi: gt=sol pred=sol# ❌  | hz: gt=783.9909 pred=6750.0 ❌
    [ 192/350] synth_pad   highpass_above_f0  G5  | midi: gt=79 pred=65 ❌  | spn: gt=G5 pred=C6 ❌  | doremi: gt=sol pred=sol ✅  | hz: gt=783.9909 pred=1046.53 ❌
    [ 193/350] flute       highpass_above_f0  G5  | midi: gt=79 pred=68 ❌  | spn: gt=G5 pred=C6 ❌  | doremi: gt=sol pred=sol ✅  | hz: gt=783.9909 pred=480.0 ❌
    [ 194/350] synth_lead  highpass_above_f0  G5  | midi: gt=79 pred=64 ❌  | spn: gt=G5 pred=C6 ❌  | doremi: gt=sol pred=sol# ❌  | hz: gt=783.9909 pred=1046.53 ❌
    [ 195/350] sine        highpass_above_f0  G5  | midi: gt=79 pred=68 ❌  | spn: gt=G5 pred=C6 ❌  | doremi: gt=sol pred=sol ✅  | hz: gt=783.9909 pred=1074.32 ❌
    [ 196/350] square      highpass_above_f0  E6  | midi: gt=88 pred=63 ❌  | spn: gt=E6 pred=C6 ❌  | doremi: gt=mi pred=sol# ❌  | hz: gt=1318.5102 pred=1309.85 ✅
    [ 197/350] sawtooth    highpass_above_f0  E6  | midi: gt=88 pred=65 ❌  | spn: gt=E6 pred=F#6 ❌  | doremi: gt=mi pred=sol# ❌  | hz: gt=1318.5102 pred=1500.0 ❌
    [ 198/350] flute       highpass_above_f0  E6  | midi: gt=88 pred=69 ❌  | spn: gt=E6 pred=C6 ❌  | doremi: gt=mi pred=sol ❌  | hz: gt=1318.5102 pred=415.3 ❌
    [ 199/350] voice       highpass_above_f0  E6  | midi: gt=88 pred=84 ❌  | spn: gt=E6 pred=C6 ❌  | doremi: gt=mi pred=sol# ❌  | hz: gt=1318.5102 pred=1034.5789 ❌
    [ 200/350] organ       highpass_above_f0  E6  | midi: gt=88 pred=83 ❌  | spn: gt=E6 pred=B6 ❌  | doremi: gt=mi pred=sol# ❌  | hz: gt=1318.5102 pred=4096.0 ❌
    [ 201/350] sawtooth    lowpass_at_f0  F#1  | midi: gt=30 pred=36 ❌  | spn: gt=F#1 pred=C2 ❌  | doremi: gt=fa# pred=fa# ✅  | hz: gt=46.2493 pred=105.26 ❌
    [ 202/350] clarinet    lowpass_at_f0  F#1  | midi: gt=30 pred=36 ❌  | spn: gt=F#1 pred=C2 ❌  | doremi: gt=fa# pred=fa# ✅  | hz: gt=46.2493 pred=250.0 ❌
    [ 203/350] square      lowpass_at_f0  F#1  | midi: gt=30 pred=36 ❌  | spn: gt=F#1 pred=C2 ❌  | doremi: gt=fa# pred=fa# ✅  | hz: gt=46.2493 pred=105.26 ❌
    [ 204/350] flute       lowpass_at_f0  F#1  | midi: gt=30 pred=35 ❌  | spn: gt=F#1 pred=C2 ❌  | doremi: gt=fa# pred=fa# ✅  | hz: gt=46.2493 pred=250.0 ❌
    [ 205/350] piano       lowpass_at_f0  F#1  | midi: gt=30 pred=34 ❌  | spn: gt=F#1 pred=C2 ❌  | doremi: gt=fa# pred=fa# ✅  | hz: gt=46.2493 pred=250.0 ❌
    [ 206/350] bass        lowpass_at_f0  C2  | midi: gt=36 pred=36 ✅  | spn: gt=C2 pred=C2 ✅  | doremi: gt=do pred=fa# ❌  | hz: gt=65.4064 pred=340.0 ❌
    [ 207/350] guitar      lowpass_at_f0  C2  | midi: gt=36 pred=36 ✅  | spn: gt=C2 pred=C2 ✅  | doremi: gt=do pred=fa# ❌  | hz: gt=65.4064 pred=250.0 ❌
    [ 208/350] piano       lowpass_at_f0  C2  | midi: gt=36 pred=36 ✅  | spn: gt=C2 pred=C2 ✅  | doremi: gt=do pred=fa# ❌  | hz: gt=65.4064 pred=2500.0 ❌
    [ 209/350] voice       lowpass_at_f0  C2  | midi: gt=36 pred=35 ❌  | spn: gt=C2 pred=C2 ✅  | doremi: gt=do pred=fa# ❌  | hz: gt=65.4064 pred=105.26 ❌
    [ 210/350] triangle    lowpass_at_f0  C2  | midi: gt=36 pred=36 ✅  | spn: gt=C2 pred=C2 ✅  | doremi: gt=do pred=fa# ❌  | hz: gt=65.4064 pred=105.26 ❌
    [ 211/350] bass        lowpass_at_f0  G2  | midi: gt=43 pred=43 ✅  | spn: gt=G2 pred=C4 ❌  | doremi: gt=sol pred=fa# ❌  | hz: gt=97.9989 pred=480.0 ❌
    [ 212/350] cello       lowpass_at_f0  G2  | midi: gt=43 pred=43 ✅  | spn: gt=G2 pred=C6 ❌  | doremi: gt=sol pred=fa# ❌  | hz: gt=97.9989 pred=435.0 ❌
    [ 213/350] guitar      lowpass_at_f0  G2  | midi: gt=43 pred=43 ✅  | spn: gt=G2 pred=C2 ❌  | doremi: gt=sol pred=fa# ❌  | hz: gt=97.9989 pred=4350.0 ❌
    [ 214/350] triangle    lowpass_at_f0  G2  | midi: gt=43 pred=48 ❌  | spn: gt=G2 pred=C2 ❌  | doremi: gt=sol pred=sol ✅  | hz: gt=97.9989 pred=105.26 ❌
    [ 215/350] sawtooth    lowpass_at_f0  G2  | midi: gt=43 pred=48 ❌  | spn: gt=G2 pred=C2 ❌  | doremi: gt=sol pred=sol ✅  | hz: gt=97.9989 pred=105.26 ❌
    [ 216/350] cello       lowpass_at_f0  C3  | midi: gt=48 pred=48 ✅  | spn: gt=C3 pred=C2 ❌  | doremi: gt=do pred=fa# ❌  | hz: gt=130.8128 pred=261.63 ❌
    [ 217/350] oboe        lowpass_at_f0  C3  | midi: gt=48 pred=48 ✅  | spn: gt=C3 pred=C2 ❌  | doremi: gt=do pred=fa# ❌  | hz: gt=130.8128 pred=480.0 ❌
    [ 218/350] voice       lowpass_at_f0  C3  | midi: gt=48 pred=48 ✅  | spn: gt=C3 pred=A#2 ❌  | doremi: gt=do pred=fa# ❌  | hz: gt=130.8128 pred=105.26 ❌
    [ 219/350] synth_lead  lowpass_at_f0  C3  | midi: gt=48 pred=48 ✅  | spn: gt=C3 pred=C2 ❌  | doremi: gt=do pred=sol ❌  | hz: gt=130.8128 pred=105.26 ❌
    [ 220/350] flute       lowpass_at_f0  C3  | midi: gt=48 pred=48 ✅  | spn: gt=C3 pred=C2 ❌  | doremi: gt=do pred=fa# ❌  | hz: gt=130.8128 pred=105.26 ❌
    [ 221/350] sawtooth    lowpass_at_f0  F#3  | midi: gt=54 pred=48 ❌  | spn: gt=F#3 pred=C2 ❌  | doremi: gt=fa# pred=sol ❌  | hz: gt=184.9972 pred=105.26 ❌
    [ 222/350] triangle    lowpass_at_f0  F#3  | midi: gt=54 pred=48 ❌  | spn: gt=F#3 pred=C4 ❌  | doremi: gt=fa# pred=sol ❌  | hz: gt=184.9972 pred=105.26 ❌
    [ 223/350] voice       lowpass_at_f0  F#3  | midi: gt=54 pred=48 ❌  | spn: gt=F#3 pred=C4 ❌  | doremi: gt=fa# pred=fa# ✅  | hz: gt=184.9972 pred=105.26 ❌
    [ 224/350] violin      lowpass_at_f0  F#3  | midi: gt=54 pred=36 ❌  | spn: gt=F#3 pred=C2 ❌  | doremi: gt=fa# pred=fa# ✅  | hz: gt=184.9972 pred=105.26 ❌
    [ 225/350] oboe        lowpass_at_f0  F#3  | midi: gt=54 pred=43 ❌  | spn: gt=F#3 pred=C2 ❌  | doremi: gt=fa# pred=sol ❌  | hz: gt=184.9972 pred=261.63 ❌
    [ 226/350] clarinet    lowpass_at_f0  C4  | midi: gt=60 pred=63 ❌  | spn: gt=C4 pred=C6 ❌  | doremi: gt=do pred=sol ❌  | hz: gt=261.6256 pred=120.0 ❌
    [ 227/350] triangle    lowpass_at_f0  C4  | midi: gt=60 pred=63 ❌  | spn: gt=C4 pred=C6 ❌  | doremi: gt=do pred=sol ❌  | hz: gt=261.6256 pred=105.26 ❌
    [ 228/350] flute       lowpass_at_f0  C4  | midi: gt=60 pred=60 ✅  | spn: gt=C4 pred=C6 ❌  | doremi: gt=do pred=sol ❌  | hz: gt=261.6256 pred=60.0 ❌
    [ 229/350] guitar      lowpass_at_f0  C4  | midi: gt=60 pred=63 ❌  | spn: gt=C4 pred=C6 ❌  | doremi: gt=do pred=sol ❌  | hz: gt=261.6256 pred=480.0 ❌
    [ 230/350] synth_pad   lowpass_at_f0  C4  | midi: gt=60 pred=63 ❌  | spn: gt=C4 pred=C6 ❌  | doremi: gt=do pred=fa# ❌  | hz: gt=261.6256 pred=105.26 ❌
    [ 231/350] synth_pad   lowpass_at_f0  E4  | midi: gt=64 pred=65 ❌  | spn: gt=E4 pred=C6 ❌  | doremi: gt=mi pred=fa# ❌  | hz: gt=329.6276 pred=1054.72 ❌
    [ 232/350] organ       lowpass_at_f0  E4  | midi: gt=64 pred=63 ❌  | spn: gt=E4 pred=C4 ❌  | doremi: gt=mi pred=sol ❌  | hz: gt=329.6276 pred=105.26 ❌
    [ 233/350] piano       lowpass_at_f0  E4  | midi: gt=64 pred=65 ❌  | spn: gt=E4 pred=C6 ❌  | doremi: gt=mi pred=fa# ❌  | hz: gt=329.6276 pred=450.0 ❌
    [ 234/350] cello       lowpass_at_f0  E4  | midi: gt=64 pred=65 ❌  | spn: gt=E4 pred=C6 ❌  | doremi: gt=mi pred=fa# ❌  | hz: gt=329.6276 pred=176.47 ❌
    [ 235/350] square      lowpass_at_f0  E4  | midi: gt=64 pred=64 ✅  | spn: gt=E4 pred=C6 ❌  | doremi: gt=mi pred=sol ❌  | hz: gt=329.6276 pred=105.26 ❌
    [ 236/350] trumpet     lowpass_at_f0  A4  | midi: gt=69 pred=69 ✅  | spn: gt=A4 pred=A4 ✅  | doremi: gt=la pred=sol ❌  | hz: gt=440.0 pred=450.0 ❌
    [ 237/350] organ       lowpass_at_f0  A4  | midi: gt=69 pred=69 ✅  | spn: gt=A4 pred=None ❌  | doremi: gt=la pred=sol ❌  | hz: gt=440.0 pred=415.38 ❌
    [ 238/350] flute       lowpass_at_f0  A4  | midi: gt=69 pred=69 ✅  | spn: gt=A4 pred=C6 ❌  | doremi: gt=la pred=sol ❌  | hz: gt=440.0 pred=450.0 ❌
    [ 239/350] square      lowpass_at_f0  A4  | midi: gt=69 pred=69 ✅  | spn: gt=A4 pred=C6 ❌  | doremi: gt=la pred=sol ❌  | hz: gt=440.0 pred=1050.0 ❌
    [ 240/350] synth_lead  lowpass_at_f0  A4  | midi: gt=69 pred=69 ✅  | spn: gt=A4 pred=C6 ❌  | doremi: gt=la pred=fa# ❌  | hz: gt=440.0 pred=1054.87 ❌
    [ 241/350] synth_pad   lowpass_at_f0  G5  | midi: gt=79 pred=68 ❌  | spn: gt=G5 pred=C6 ❌  | doremi: gt=sol pred=sol ✅  | hz: gt=783.9909 pred=1034.56 ❌
    [ 242/350] triangle    lowpass_at_f0  G5  | midi: gt=79 pred=68 ❌  | spn: gt=G5 pred=C6 ❌  | doremi: gt=sol pred=sol ✅  | hz: gt=783.9909 pred=1074.36 ❌
    [ 243/350] sawtooth    lowpass_at_f0  G5  | midi: gt=79 pred=68 ❌  | spn: gt=G5 pred=C6 ❌  | doremi: gt=sol pred=sol ✅  | hz: gt=783.9909 pred=1058.47 ❌
    [ 244/350] sine        lowpass_at_f0  G5  | midi: gt=79 pred=68 ❌  | spn: gt=G5 pred=C6 ❌  | doremi: gt=sol pred=sol ✅  | hz: gt=783.9909 pred=1074.36 ❌
    [ 245/350] synth_lead  lowpass_at_f0  G5  | midi: gt=79 pred=68 ❌  | spn: gt=G5 pred=C6 ❌  | doremi: gt=sol pred=sol ✅  | hz: gt=783.9909 pred=1034.52 ❌
    [ 246/350] flute       lowpass_at_f0  E6  | midi: gt=88 pred=83 ❌  | spn: gt=E6 pred=C6 ❌  | doremi: gt=mi pred=sol ❌  | hz: gt=1318.5102 pred=1034.52 ❌
    [ 247/350] electric_keyboard  lowpass_at_f0  E6  | midi: gt=88 pred=88 ✅  | spn: gt=E6 pred=C6 ❌  | doremi: gt=mi pred=sol ❌  | hz: gt=1318.5102 pred=8100.0 ❌
    [ 248/350] cello       lowpass_at_f0  E6  | midi: gt=88 pred=86 ❌  | spn: gt=E6 pred=C6 ❌  | doremi: gt=mi pred=fa# ❌  | hz: gt=1318.5102 pred=1058.47 ❌
    [ 249/350] bass        lowpass_at_f0  E6  | midi: gt=88 pred=83 ❌  | spn: gt=E6 pred=C6 ❌  | doremi: gt=mi pred=sol ❌  | hz: gt=1318.5102 pred=810.0 ❌
    [ 250/350] voice       lowpass_at_f0  E6  | midi: gt=88 pred=84 ❌  | spn: gt=E6 pred=C6 ❌  | doremi: gt=mi pred=sol# ❌  | hz: gt=1318.5102 pred=1034.52 ❌
    [ 251/350] guitar      reverb_long   F#1  | midi: gt=30 pred=48 ❌  | spn: gt=F#1 pred=C6 ❌  | doremi: gt=fa# pred=sol ❌  | hz: gt=46.2493 pred=105.26 ❌
    [ 252/350] violin      reverb_long   F#1  | midi: gt=30 pred=43 ❌  | spn: gt=F#1 pred=A#2 ❌  | doremi: gt=fa# pred=fa# ✅  | hz: gt=46.2493 pred=105.26 ❌
    [ 253/350] sawtooth    reverb_long   F#1  | midi: gt=30 pred=36 ❌  | spn: gt=F#1 pred=C6 ❌  | doremi: gt=fa# pred=fa# ✅  | hz: gt=46.2493 pred=150.0 ❌
    [ 254/350] electric_keyboard  reverb_long   F#1  | midi: gt=30 pred=35 ❌  | spn: gt=F#1 pred=C2 ❌  | doremi: gt=fa# pred=sol ❌  | hz: gt=46.2493 pred=435.0 ❌
    [ 255/350] voice       reverb_long   F#1  | midi: gt=30 pred=63 ❌  | spn: gt=F#1 pred=C6 ❌  | doremi: gt=fa# pred=fa# ✅  | hz: gt=46.2493 pred=430.51 ❌
    [ 256/350] sine        reverb_long   C2  | midi: gt=36 pred=36 ✅  | spn: gt=C2 pred=C2 ✅  | doremi: gt=do pred=fa# ❌  | hz: gt=65.4064 pred=105.26 ❌
    [ 257/350] violin      reverb_long   C2  | midi: gt=36 pred=48 ❌  | spn: gt=C2 pred=C6 ❌  | doremi: gt=do pred=fa# ❌  | hz: gt=65.4064 pred=1650.0 ❌
    [ 258/350] trumpet     reverb_long   C2  | midi: gt=36 pred=36 ✅  | spn: gt=C2 pred=A#2 ❌  | doremi: gt=do pred=fa# ❌  | hz: gt=65.4064 pred=340.0 ❌
    [ 259/350] organ       reverb_long   C2  | midi: gt=36 pred=63 ❌  | spn: gt=C2 pred=C2 ✅  | doremi: gt=do pred=sol ❌  | hz: gt=65.4064 pred=107.65 ❌
    [ 260/350] piano       reverb_long   C2  | midi: gt=36 pred=63 ❌  | spn: gt=C2 pred=C6 ❌  | doremi: gt=do pred=fa# ❌  | hz: gt=65.4064 pred=460.0 ❌
    [ 261/350] cello       reverb_long   G2  | midi: gt=43 pred=43 ✅  | spn: gt=G2 pred=G2 ✅  | doremi: gt=sol pred=sol ✅  | hz: gt=97.9989 pred=105.26 ❌
    [ 262/350] synth_pad   reverb_long   G2  | midi: gt=43 pred=65 ❌  | spn: gt=G2 pred=C6 ❌  | doremi: gt=sol pred=fa# ❌  | hz: gt=97.9989 pred=480.0 ❌
    [ 263/350] bass        reverb_long   G2  | midi: gt=43 pred=65 ❌  | spn: gt=G2 pred=C6 ❌  | doremi: gt=sol pred=sol ✅  | hz: gt=97.9989 pred=480.0 ❌
    [ 264/350] piano       reverb_long   G2  | midi: gt=43 pred=48 ❌  | spn: gt=G2 pred=C6 ❌  | doremi: gt=sol pred=sol ✅  | hz: gt=97.9989 pred=450.0 ❌
    [ 265/350] triangle    reverb_long   G2  | midi: gt=43 pred=43 ✅  | spn: gt=G2 pred=C6 ❌  | doremi: gt=sol pred=fa# ❌  | hz: gt=97.9989 pred=435.0 ❌
    [ 266/350] trombone    reverb_long   C3  | midi: gt=48 pred=48 ✅  | spn: gt=C3 pred=C4 ❌  | doremi: gt=do pred=sol ❌  | hz: gt=130.8128 pred=435.0 ❌
    [ 267/350] guitar      reverb_long   C3  | midi: gt=48 pred=65 ❌  | spn: gt=C3 pred=C6 ❌  | doremi: gt=do pred=sol ❌  | hz: gt=130.8128 pred=450.0 ❌
    [ 268/350] sawtooth    reverb_long   C3  | midi: gt=48 pred=48 ✅  | spn: gt=C3 pred=C6 ❌  | doremi: gt=do pred=fa# ❌  | hz: gt=130.8128 pred=480.0 ❌
    [ 269/350] synth_lead  reverb_long   C3  | midi: gt=48 pred=48 ✅  | spn: gt=C3 pred=C6 ❌  | doremi: gt=do pred=sol ❌  | hz: gt=130.8128 pred=480.0 ❌
    [ 270/350] oboe        reverb_long   C3  | midi: gt=48 pred=48 ✅  | spn: gt=C3 pred=C4 ❌  | doremi: gt=do pred=fa# ❌  | hz: gt=130.8128 pred=480.0 ❌
    [ 271/350] clarinet    reverb_long   F#3  | midi: gt=54 pred=43 ❌  | spn: gt=F#3 pred=C4 ❌  | doremi: gt=fa# pred=fa# ✅  | hz: gt=184.9972 pred=450.0 ❌
    [ 272/350] sawtooth    reverb_long   F#3  | midi: gt=54 pred=54 ✅  | spn: gt=F#3 pred=F#6 ❌  | doremi: gt=fa# pred=sol# ❌  | hz: gt=184.9972 pred=480.0 ❌
    [ 273/350] synth_pad   reverb_long   F#3  | midi: gt=54 pred=65 ❌  | spn: gt=F#3 pred=C6 ❌  | doremi: gt=fa# pred=sol ❌  | hz: gt=184.9972 pred=480.0 ❌
    [ 274/350] bass        reverb_long   F#3  | midi: gt=54 pred=65 ❌  | spn: gt=F#3 pred=C6 ❌  | doremi: gt=fa# pred=sol ❌  | hz: gt=184.9972 pred=480.0 ❌
    [ 275/350] trumpet     reverb_long   F#3  | midi: gt=54 pred=54 ✅  | spn: gt=F#3 pred=F#4 ❌  | doremi: gt=fa# pred=mi ❌  | hz: gt=184.9972 pred=107.85 ❌
    [ 276/350] synth_lead  reverb_long   C4  | midi: gt=60 pred=60 ✅  | spn: gt=C4 pred=C6 ❌  | doremi: gt=do pred=fa# ❌  | hz: gt=261.6256 pred=480.0 ❌
    [ 277/350] electric_keyboard  reverb_long   C4  | midi: gt=60 pred=64 ❌  | spn: gt=C4 pred=C6 ❌  | doremi: gt=do pred=fa# ❌  | hz: gt=261.6256 pred=480.0 ❌
    [ 278/350] sawtooth    reverb_long   C4  | midi: gt=60 pred=64 ❌  | spn: gt=C4 pred=C6 ❌  | doremi: gt=do pred=sol ❌  | hz: gt=261.6256 pred=480.0 ❌
    [ 279/350] square      reverb_long   C4  | midi: gt=60 pred=63 ❌  | spn: gt=C4 pred=C6 ❌  | doremi: gt=do pred=fa# ❌  | hz: gt=261.6256 pred=480.0 ❌
    [ 280/350] cello       reverb_long   C4  | midi: gt=60 pred=63 ❌  | spn: gt=C4 pred=C6 ❌  | doremi: gt=do pred=sol ❌  | hz: gt=261.6256 pred=480.0 ❌
    [ 281/350] electric_keyboard  reverb_long   E4  | midi: gt=64 pred=63 ❌  | spn: gt=E4 pred=C6 ❌  | doremi: gt=mi pred=sol# ❌  | hz: gt=329.6276 pred=408.0 ❌
    [ 282/350] square      reverb_long   E4  | midi: gt=64 pred=64 ✅  | spn: gt=E4 pred=A6 ❌  | doremi: gt=mi pred=fa# ❌  | hz: gt=329.6276 pred=480.0 ❌
    [ 283/350] synth_pad   reverb_long   E4  | midi: gt=64 pred=69 ❌  | spn: gt=E4 pred=C6 ❌  | doremi: gt=mi pred=sol ❌  | hz: gt=329.6276 pred=450.0 ❌
    [ 284/350] flute       reverb_long   E4  | midi: gt=64 pred=64 ✅  | spn: gt=E4 pred=E4 ✅  | doremi: gt=mi pred=sol ❌  | hz: gt=329.6276 pred=400.0 ❌
    [ 285/350] guitar      reverb_long   E4  | midi: gt=64 pred=64 ✅  | spn: gt=E4 pred=C6 ❌  | doremi: gt=mi pred=sol ❌  | hz: gt=329.6276 pred=415.3 ❌
    [ 286/350] triangle    reverb_long   A4  | midi: gt=69 pred=69 ✅  | spn: gt=A4 pred=A6 ❌  | doremi: gt=la pred=sol ❌  | hz: gt=440.0 pred=450.0 ❌
    [ 287/350] flute       reverb_long   A4  | midi: gt=69 pred=69 ✅  | spn: gt=A4 pred=C6 ❌  | doremi: gt=la pred=sol ❌  | hz: gt=440.0 pred=450.0 ❌
    [ 288/350] sawtooth    reverb_long   A4  | midi: gt=69 pred=69 ✅  | spn: gt=A4 pred=A6 ❌  | doremi: gt=la pred=sol ❌  | hz: gt=440.0 pred=450.0 ❌
    [ 289/350] square      reverb_long   A4  | midi: gt=69 pred=69 ✅  | spn: gt=A4 pred=A6 ❌  | doremi: gt=la pred=sol ❌  | hz: gt=440.0 pred=450.0 ❌
    [ 290/350] guitar      reverb_long   A4  | midi: gt=69 pred=63 ❌  | spn: gt=A4 pred=C6 ❌  | doremi: gt=la pred=fa# ❌  | hz: gt=440.0 pred=460.0 ❌
    [ 291/350] voice       reverb_long   G5  | midi: gt=79 pred=67 ❌  | spn: gt=G5 pred=C6 ❌  | doremi: gt=sol pred=sol ✅  | hz: gt=783.9909 pred=6750.0 ❌
    [ 292/350] synth_lead  reverb_long   G5  | midi: gt=79 pred=63 ❌  | spn: gt=G5 pred=C6 ❌  | doremi: gt=sol pred=sol ✅  | hz: gt=783.9909 pred=1058.43 ❌
    [ 293/350] clarinet    reverb_long   G5  | midi: gt=79 pred=68 ❌  | spn: gt=G5 pred=C6 ❌  | doremi: gt=sol pred=sol ✅  | hz: gt=783.9909 pred=659.3 ❌
    [ 294/350] trumpet     reverb_long   G5  | midi: gt=79 pred=69 ❌  | spn: gt=G5 pred=C6 ❌  | doremi: gt=sol pred=sol ✅  | hz: gt=783.9909 pred=6750.0 ❌
    [ 295/350] triangle    reverb_long   G5  | midi: gt=79 pred=69 ❌  | spn: gt=G5 pred=C6 ❌  | doremi: gt=sol pred=sol ✅  | hz: gt=783.9909 pred=480.0 ❌
    [ 296/350] clarinet    reverb_long   E6  | midi: gt=88 pred=83 ❌  | spn: gt=E6 pred=C6 ❌  | doremi: gt=mi pred=sol# ❌  | hz: gt=1318.5102 pred=1034.52 ❌
    [ 297/350] flute       reverb_long   E6  | midi: gt=88 pred=88 ✅  | spn: gt=E6 pred=C8 ❌  | doremi: gt=mi pred=sol ❌  | hz: gt=1318.5102 pred=8105.0 ❌
    [ 298/350] trumpet     reverb_long   E6  | midi: gt=88 pred=88 ✅  | spn: gt=E6 pred=B6 ❌  | doremi: gt=mi pred=sol# ❌  | hz: gt=1318.5102 pred=890.63 ❌
    [ 299/350] violin      reverb_long   E6  | midi: gt=88 pred=86 ❌  | spn: gt=E6 pred=B6 ❌  | doremi: gt=mi pred=sol ❌  | hz: gt=1318.5102 pred=890.63 ❌
    [ 300/350] square      reverb_long   E6  | midi: gt=88 pred=65 ❌  | spn: gt=E6 pred=F#6 ❌  | doremi: gt=mi pred=sol# ❌  | hz: gt=1318.5102 pred=480.0 ❌
    [ 301/350] trombone    distortion_heavy  F#1  | midi: gt=30 pred=36 ❌  | spn: gt=F#1 pred=A#2 ❌  | doremi: gt=fa# pred=sol ❌  | hz: gt=46.2493 pred=1054.87 ❌
    [ 302/350] organ       distortion_heavy  F#1  | midi: gt=30 pred=63 ❌  | spn: gt=F#1 pred=C6 ❌  | doremi: gt=fa# pred=fa# ✅  | hz: gt=46.2493 pred=166.67 ❌
    [ 303/350] clarinet    distortion_heavy  F#1  | midi: gt=30 pred=63 ❌  | spn: gt=F#1 pred=C6 ❌  | doremi: gt=fa# pred=sol ❌  | hz: gt=46.2493 pred=1058.43 ❌
    [ 304/350] square      distortion_heavy  F#1  | midi: gt=30 pred=43 ❌  | spn: gt=F#1 pred=A2 ❌  | doremi: gt=fa# pred=sol ❌  | hz: gt=46.2493 pred=450.0 ❌
    [ 305/350] sine        distortion_heavy  F#1  | midi: gt=30 pred=35 ❌  | spn: gt=F#1 pred=A2 ❌  | doremi: gt=fa# pred=sol ❌  | hz: gt=46.2493 pred=430.56 ❌
    [ 306/350] organ       distortion_heavy  C2  | midi: gt=36 pred=64 ❌  | spn: gt=C2 pred=C6 ❌  | doremi: gt=do pred=sol ❌  | hz: gt=65.4064 pred=480.0 ❌
    [ 307/350] triangle    distortion_heavy  C2  | midi: gt=36 pred=43 ❌  | spn: gt=C2 pred=C2 ✅  | doremi: gt=do pred=fa# ❌  | hz: gt=65.4064 pred=480.0 ❌
    [ 308/350] square      distortion_heavy  C2  | midi: gt=36 pred=43 ❌  | spn: gt=C2 pred=C2 ✅  | doremi: gt=do pred=fa# ❌  | hz: gt=65.4064 pred=480.0 ❌
    [ 309/350] guitar      distortion_heavy  C2  | midi: gt=36 pred=48 ❌  | spn: gt=C2 pred=C6 ❌  | doremi: gt=do pred=sol ❌  | hz: gt=65.4064 pred=480.0 ❌
    [ 310/350] trumpet     distortion_heavy  C2  | midi: gt=36 pred=63 ❌  | spn: gt=C2 pred=C6 ❌  | doremi: gt=do pred=fa# ❌  | hz: gt=65.4064 pred=1054.72 ❌
    [ 311/350] trumpet     distortion_heavy  G2  | midi: gt=43 pred=48 ❌  | spn: gt=G2 pred=C6 ❌  | doremi: gt=sol pred=sol ✅  | hz: gt=97.9989 pred=450.0 ❌
    [ 312/350] piano       distortion_heavy  G2  | midi: gt=43 pred=65 ❌  | spn: gt=G2 pred=C6 ❌  | doremi: gt=sol pred=fa# ❌  | hz: gt=97.9989 pred=1052.63 ❌
    [ 313/350] oboe        distortion_heavy  G2  | midi: gt=43 pred=43 ✅  | spn: gt=G2 pred=C6 ❌  | doremi: gt=sol pred=sol ✅  | hz: gt=97.9989 pred=450.0 ❌
    [ 314/350] square      distortion_heavy  G2  | midi: gt=43 pred=43 ✅  | spn: gt=G2 pred=G2 ✅  | doremi: gt=sol pred=sol ✅  | hz: gt=97.9989 pred=480.0 ❌
    [ 315/350] organ       distortion_heavy  G2  | midi: gt=43 pred=43 ✅  | spn: gt=G2 pred=C6 ❌  | doremi: gt=sol pred=sol ✅  | hz: gt=97.9989 pred=450.0 ❌
    [ 316/350] flute       distortion_heavy  C3  | midi: gt=48 pred=48 ✅  | spn: gt=C3 pred=C6 ❌  | doremi: gt=do pred=fa# ❌  | hz: gt=130.8128 pred=480.0 ❌
    [ 317/350] oboe        distortion_heavy  C3  | midi: gt=48 pred=63 ❌  | spn: gt=C3 pred=C6 ❌  | doremi: gt=do pred=sol ❌  | hz: gt=130.8128 pred=450.0 ❌
    [ 318/350] trombone    distortion_heavy  C3  | midi: gt=48 pred=64 ❌  | spn: gt=C3 pred=C6 ❌  | doremi: gt=do pred=sol ❌  | hz: gt=130.8128 pred=480.0 ❌
    [ 319/350] electric_keyboard  distortion_heavy  C3  | midi: gt=48 pred=64 ❌  | spn: gt=C3 pred=C6 ❌  | doremi: gt=do pred=fa# ❌  | hz: gt=130.8128 pred=480.0 ❌
    [ 320/350] voice       distortion_heavy  C3  | midi: gt=48 pred=64 ❌  | spn: gt=C3 pred=C6 ❌  | doremi: gt=do pred=fa# ❌  | hz: gt=130.8128 pred=415.38 ❌
    [ 321/350] synth_pad   distortion_heavy  F#3  | midi: gt=54 pred=65 ❌  | spn: gt=F#3 pred=C6 ❌  | doremi: gt=fa# pred=fa# ✅  | hz: gt=184.9972 pred=1052.63 ❌
    [ 322/350] trombone    distortion_heavy  F#3  | midi: gt=54 pred=65 ❌  | spn: gt=F#3 pred=F#4 ❌  | doremi: gt=fa# pred=sol# ❌  | hz: gt=184.9972 pred=450.0 ❌
    [ 323/350] synth_lead  distortion_heavy  F#3  | midi: gt=54 pred=65 ❌  | spn: gt=F#3 pred=C6 ❌  | doremi: gt=fa# pred=fa# ✅  | hz: gt=184.9972 pred=1058.43 ❌
    [ 324/350] sine        distortion_heavy  F#3  | midi: gt=54 pred=65 ❌  | spn: gt=F#3 pred=F#2 ❌  | doremi: gt=fa# pred=sol ❌  | hz: gt=184.9972 pred=450.0 ❌
    [ 325/350] clarinet    distortion_heavy  F#3  | midi: gt=54 pred=65 ❌  | spn: gt=F#3 pred=C6 ❌  | doremi: gt=fa# pred=sol# ❌  | hz: gt=184.9972 pred=415.38 ❌
    [ 326/350] synth_pad   distortion_heavy  C4  | midi: gt=60 pred=65 ❌  | spn: gt=C4 pred=C6 ❌  | doremi: gt=do pred=fa# ❌  | hz: gt=261.6256 pred=480.0 ❌
    [ 327/350] trombone    distortion_heavy  C4  | midi: gt=60 pred=69 ❌  | spn: gt=C4 pred=A#6 ❌  | doremi: gt=do pred=sol ❌  | hz: gt=261.6256 pred=408.0 ❌
    [ 328/350] triangle    distortion_heavy  C4  | midi: gt=60 pred=68 ❌  | spn: gt=C4 pred=C6 ❌  | doremi: gt=do pred=sol ❌  | hz: gt=261.6256 pred=480.0 ❌
    [ 329/350] piano       distortion_heavy  C4  | midi: gt=60 pred=65 ❌  | spn: gt=C4 pred=C6 ❌  | doremi: gt=do pred=fa# ❌  | hz: gt=261.6256 pred=480.0 ❌
    [ 330/350] bass        distortion_heavy  C4  | midi: gt=60 pred=63 ❌  | spn: gt=C4 pred=C6 ❌  | doremi: gt=do pred=sol ❌  | hz: gt=261.6256 pred=493.88 ❌
    [ 331/350] triangle    distortion_heavy  E4  | midi: gt=64 pred=65 ❌  | spn: gt=E4 pred=A6 ❌  | doremi: gt=mi pred=sol ❌  | hz: gt=329.6276 pred=480.0 ❌
    [ 332/350] voice       distortion_heavy  E4  | midi: gt=64 pred=64 ✅  | spn: gt=E4 pred=C6 ❌  | doremi: gt=mi pred=sol# ❌  | hz: gt=329.6276 pred=460.0 ❌
    [ 333/350] piano       distortion_heavy  E4  | midi: gt=64 pred=64 ✅  | spn: gt=E4 pred=C6 ❌  | doremi: gt=mi pred=fa# ❌  | hz: gt=329.6276 pred=480.0 ❌
    [ 334/350] trumpet     distortion_heavy  E4  | midi: gt=64 pred=69 ❌  | spn: gt=E4 pred=A#6 ❌  | doremi: gt=mi pred=sol ❌  | hz: gt=329.6276 pred=408.0 ❌
    [ 335/350] synth_lead  distortion_heavy  E4  | midi: gt=64 pred=69 ❌  | spn: gt=E4 pred=C6 ❌  | doremi: gt=mi pred=sol ❌  | hz: gt=329.6276 pred=480.0 ❌
    [ 336/350] guitar      distortion_heavy  A4  | midi: gt=69 pred=69 ✅  | spn: gt=A4 pred=A#4 ❌  | doremi: gt=la pred=sol ❌  | hz: gt=440.0 pred=493.88 ❌
    [ 337/350] clarinet    distortion_heavy  A4  | midi: gt=69 pred=69 ✅  | spn: gt=A4 pred=A7 ❌  | doremi: gt=la pred=sol ❌  | hz: gt=440.0 pred=450.0 ❌
    [ 338/350] voice       distortion_heavy  A4  | midi: gt=69 pred=69 ✅  | spn: gt=A4 pred=A7 ❌  | doremi: gt=la pred=sol# ❌  | hz: gt=440.0 pred=1046.53 ❌
    [ 339/350] trumpet     distortion_heavy  A4  | midi: gt=69 pred=69 ✅  | spn: gt=A4 pred=A7 ❌  | doremi: gt=la pred=sol ❌  | hz: gt=440.0 pred=1046.53 ❌
    [ 340/350] bass        distortion_heavy  A4  | midi: gt=69 pred=69 ✅  | spn: gt=A4 pred=A4 ✅  | doremi: gt=la pred=fa# ❌  | hz: gt=440.0 pred=450.0 ❌
    [ 341/350] bass        distortion_heavy  G5  | midi: gt=79 pred=68 ❌  | spn: gt=G5 pred=C6 ❌  | doremi: gt=sol pred=sol ✅  | hz: gt=783.9909 pred=493.88 ❌
    [ 342/350] trumpet     distortion_heavy  G5  | midi: gt=79 pred=69 ❌  | spn: gt=G5 pred=A7 ❌  | doremi: gt=sol pred=sol ✅  | hz: gt=783.9909 pred=1034.56 ❌
    [ 343/350] sawtooth    distortion_heavy  G5  | midi: gt=79 pred=69 ❌  | spn: gt=G5 pred=A6 ❌  | doremi: gt=sol pred=sol ✅  | hz: gt=783.9909 pred=1058.37 ❌
    [ 344/350] square      distortion_heavy  G5  | midi: gt=79 pred=69 ❌  | spn: gt=G5 pred=A7 ❌  | doremi: gt=sol pred=sol# ❌  | hz: gt=783.9909 pred=1860.0 ❌
    [ 345/350] clarinet    distortion_heavy  G5  | midi: gt=79 pred=69 ❌  | spn: gt=G5 pred=A7 ❌  | doremi: gt=sol pred=sol# ❌  | hz: gt=783.9909 pred=810.0 ❌
    [ 346/350] cello       distortion_heavy  E6  | midi: gt=88 pred=83 ❌  | spn: gt=E6 pred=F#6 ❌  | doremi: gt=mi pred=fa# ❌  | hz: gt=1318.5102 pred=1046.57 ❌
    [ 347/350] trumpet     distortion_heavy  E6  | midi: gt=88 pred=83 ❌  | spn: gt=E6 pred=A#6 ❌  | doremi: gt=mi pred=sol# ❌  | hz: gt=1318.5102 pred=1046.57 ❌
    [ 348/350] sawtooth    distortion_heavy  E6  | midi: gt=88 pred=65 ❌  | spn: gt=E6 pred=F#6 ❌  | doremi: gt=mi pred=sol# ❌  | hz: gt=1318.5102 pred=1046.53 ❌
    [ 349/350] sine        distortion_heavy  E6  | midi: gt=88 pred=68 ❌  | spn: gt=E6 pred=C6 ❌  | doremi: gt=mi pred=sol ❌  | hz: gt=1318.5102 pred=1050.0 ❌
    [ 350/350] electric_keyboard  distortion_heavy  E6  | midi: gt=88 pred=88 ✅  | spn: gt=E6 pred=C6 ❌  | doremi: gt=mi pred=sol ❌  | hz: gt=1318.5102 pred=830.41 ❌

============================================================
SUMMARY — audio_flamingo_next_instruct
  Sampling     : 350 of 1330 (stratified by '(effect_type, midi)', seed=42)
  Stimuli (total)     : 350
  Stimuli (condition) : 350  (all records)

  Format   Accuracy
  ──────────────────
    MIDI      29.4%
     SPN       7.7%
  DOREMI      23.7%
      HZ       0.6%
     ANY      52.3%

  *** WARNING: working tree has uncommitted changes — results will NOT be exactly reproducible from git_commit alone ***


Results saved → results/run_20260505_112814/pitchbench_e2_audio_effects/run_001_20260505_121126/results_audio_flamingo_next_instruct.*

############################################################
# pitchbench_e3_background_effects
############################################################

Experiment : pitchbench_e3_background_effects
Models     : audio_flamingo_next_instruct
Stimuli    : 100
  Sampling     : 100 of 3800 (stratified by '(background, snr_db)', seed=42)

  Model : Audio Flamingo Next – instruct
    [dispatch] 100 items, max_workers=1
    [   1/100] C3   synth_lead bg= church-bells snr=   -6dB  | midi: gt=48 pred=64 ❌  | spn: gt=C3 pred=C6 ❌  | doremi: gt=do pred=fa# ❌  | hz: gt=130.8128 pred=415.0 ❌
    [   2/100] G5   square   bg= church-bells snr=   -6dB  | midi: gt=79 pred=64 ❌  | spn: gt=G5 pred=C6 ❌  | doremi: gt=sol pred=fa# ❌  | hz: gt=783.9909 pred=480.0 ❌
    [   3/100] E4   sine     bg= church-bells snr=   -6dB  | midi: gt=64 pred=65 ❌  | spn: gt=E4 pred=C6 ❌  | doremi: gt=mi pred=sol ❌  | hz: gt=329.6276 pred=405.0 ❌
    [   4/100] E6   voice    bg= church-bells snr=   -6dB  | midi: gt=88 pred=64 ❌  | spn: gt=E6 pred=C6 ❌  | doremi: gt=mi pred=sol ❌  | hz: gt=1318.5102 pred=415.0 ❌
    [   5/100] F#1  flute    bg= church-bells snr=   -6dB  | midi: gt=30 pred=65 ❌  | spn: gt=F#1 pred=C6 ❌  | doremi: gt=fa# pred=sol ❌  | hz: gt=46.2493 pred=405.0 ❌
    [   6/100] G2   guitar   bg= church-bells snr=   +0dB  | midi: gt=43 pred=65 ❌  | spn: gt=G2 pred=C6 ❌  | doremi: gt=sol pred=sol ✅  | hz: gt=97.9989 pred=415.38 ❌
    [   7/100] A4   electric_keyboard bg= church-bells snr=   +0dB  | midi: gt=69 pred=64 ❌  | spn: gt=A4 pred=C6 ❌  | doremi: gt=la pred=sol ❌  | hz: gt=440.0 pred=405.0 ❌
    [   8/100] C4   triangle bg= church-bells snr=   +0dB  | midi: gt=60 pred=64 ❌  | spn: gt=C4 pred=C6 ❌  | doremi: gt=do pred=sol ❌  | hz: gt=261.6256 pred=415.306 ❌
    [   9/100] G5   voice    bg= church-bells snr=   +0dB  | midi: gt=79 pred=65 ❌  | spn: gt=G5 pred=C6 ❌  | doremi: gt=sol pred=sol ✅  | hz: gt=783.9909 pred=450.0 ❌
    [  10/100] E4   square   bg= church-bells snr=   +0dB  | midi: gt=64 pred=64 ✅  | spn: gt=E4 pred=C6 ❌  | doremi: gt=mi pred=fa# ❌  | hz: gt=329.6276 pred=415.0 ❌
    [  11/100] C3   synth_pad bg= church-bells snr=  +20dB  | midi: gt=48 pred=65 ❌  | spn: gt=C3 pred=C6 ❌  | doremi: gt=do pred=fa# ❌  | hz: gt=130.8128 pred=480.0 ❌
    [  12/100] E6   voice    bg= church-bells snr=  +20dB  | midi: gt=88 pred=68 ❌  | spn: gt=E6 pred=C6 ❌  | doremi: gt=mi pred=sol# ❌  | hz: gt=1318.5102 pred=415.38 ❌
    [  13/100] E6   cello    bg= church-bells snr=  +20dB  | midi: gt=88 pred=84 ❌  | spn: gt=E6 pred=C6 ❌  | doremi: gt=mi pred=sol# ❌  | hz: gt=1318.5102 pred=1680.0 ❌
    [  14/100] G2   square   bg= church-bells snr=  +20dB  | midi: gt=43 pred=43 ✅  | spn: gt=G2 pred=F#2 ❌  | doremi: gt=sol pred=fa# ❌  | hz: gt=97.9989 pred=450.0 ❌
    [  15/100] C2   bass     bg= church-bells snr=  +20dB  | midi: gt=36 pred=48 ❌  | spn: gt=C2 pred=C2 ✅  | doremi: gt=do pred=fa# ❌  | hz: gt=65.4064 pred=105.26 ❌
    [  16/100] G5   clarinet bg= church-bells snr=  +30dB  | midi: gt=79 pred=69 ❌  | spn: gt=G5 pred=C6 ❌  | doremi: gt=sol pred=sol ✅  | hz: gt=783.9909 pred=415.3 ❌
    [  17/100] G5   sine     bg= church-bells snr=  +30dB  | midi: gt=79 pred=65 ❌  | spn: gt=G5 pred=C6 ❌  | doremi: gt=sol pred=fa# ❌  | hz: gt=783.9909 pred=415.38 ❌
    [  18/100] A4   sine     bg= church-bells snr=  +30dB  | midi: gt=69 pred=65 ❌  | spn: gt=A4 pred=A6 ❌  | doremi: gt=la pred=fa# ❌  | hz: gt=440.0 pred=415.38 ❌
    [  19/100] C3   square   bg= church-bells snr=  +30dB  | midi: gt=48 pred=43 ❌  | spn: gt=C3 pred=F#2 ❌  | doremi: gt=do pred=sol ❌  | hz: gt=130.8128 pred=450.0 ❌
    [  20/100] C4   electric_keyboard bg= church-bells snr=  +30dB  | midi: gt=60 pred=60 ✅  | spn: gt=C4 pred=C6 ❌  | doremi: gt=do pred=mi ❌  | hz: gt=261.6256 pred=480.0 ❌
    [  21/100] E6   electric_keyboard bg=  crowd-noise snr=   -6dB  | midi: gt=88 pred=64 ❌  | spn: gt=E6 pred=C6 ❌  | doremi: gt=mi pred=sol ❌  | hz: gt=1318.5102 pred=415.306 ❌
    [  22/100] E6   violin   bg=  crowd-noise snr=   -6dB  | midi: gt=88 pred=69 ❌  | spn: gt=E6 pred=C6 ❌  | doremi: gt=mi pred=fa# ❌  | hz: gt=1318.5102 pred=1050.0 ❌
    [  23/100] F#3  bass     bg=  crowd-noise snr=   -6dB  | midi: gt=54 pred=64 ❌  | spn: gt=F#3 pred=C6 ❌  | doremi: gt=fa# pred=sol ❌  | hz: gt=184.9972 pred=415.306 ❌
    [  24/100] E4   sine     bg=  crowd-noise snr=   -6dB  | midi: gt=64 pred=64 ✅  | spn: gt=E4 pred=C6 ❌  | doremi: gt=mi pred=sol ❌  | hz: gt=329.6276 pred=415.0 ❌
    [  25/100] C3   organ    bg=  crowd-noise snr=   -6dB  | midi: gt=48 pred=65 ❌  | spn: gt=C3 pred=C6 ❌  | doremi: gt=do pred=sol ❌  | hz: gt=130.8128 pred=415.306 ❌
    [  26/100] F#1  electric_keyboard bg=  crowd-noise snr=   +0dB  | midi: gt=30 pred=64 ❌  | spn: gt=F#1 pred=C6 ❌  | doremi: gt=fa# pred=sol ❌  | hz: gt=46.2493 pred=415.306 ❌
    [  27/100] C3   voice    bg=  crowd-noise snr=   +0dB  | midi: gt=48 pred=64 ❌  | spn: gt=C3 pred=C6 ❌  | doremi: gt=do pred=sol ❌  | hz: gt=130.8128 pred=450.0 ❌
    [  28/100] E4   synth_lead bg=  crowd-noise snr=   +0dB  | midi: gt=64 pred=64 ✅  | spn: gt=E4 pred=C6 ❌  | doremi: gt=mi pred=fa# ❌  | hz: gt=329.6276 pred=1050.0 ❌
    [  29/100] E6   synth_pad bg=  crowd-noise snr=   +0dB  | midi: gt=88 pred=64 ❌  | spn: gt=E6 pred=C6 ❌  | doremi: gt=mi pred=sol ❌  | hz: gt=1318.5102 pred=1052.63 ❌
    [  30/100] E6   cello    bg=  crowd-noise snr=   +0dB  | midi: gt=88 pred=64 ❌  | spn: gt=E6 pred=C6 ❌  | doremi: gt=mi pred=fa# ❌  | hz: gt=1318.5102 pred=1050.0 ❌
    [  31/100] A4   clarinet bg=  crowd-noise snr=  +20dB  | midi: gt=69 pred=64 ❌  | spn: gt=A4 pred=C6 ❌  | doremi: gt=la pred=sol ❌  | hz: gt=440.0 pred=415.3 ❌
    [  32/100] E4   electric_keyboard bg=  crowd-noise snr=  +20dB  | midi: gt=64 pred=45 ❌  | spn: gt=E4 pred=C6 ❌  | doremi: gt=mi pred=sol ❌  | hz: gt=329.6276 pred=460.0 ❌
    [  33/100] F#3  oboe     bg=  crowd-noise snr=  +20dB  | midi: gt=54 pred=64 ❌  | spn: gt=F#3 pred=C6 ❌  | doremi: gt=fa# pred=sol ❌  | hz: gt=184.9972 pred=415.3 ❌
    [  34/100] F#1  bass     bg=  crowd-noise snr=  +20dB  | midi: gt=30 pred=45 ❌  | spn: gt=F#1 pred=C2 ❌  | doremi: gt=fa# pred=fa# ✅  | hz: gt=46.2493 pred=105.26 ❌
    [  35/100] C2   flute    bg=  crowd-noise snr=  +20dB  | midi: gt=36 pred=48 ❌  | spn: gt=C2 pred=A#1 ❌  | doremi: gt=do pred=fa# ❌  | hz: gt=65.4064 pred=105.26 ❌
    [  36/100] C2   sine     bg=  crowd-noise snr=  +30dB  | midi: gt=36 pred=64 ❌  | spn: gt=C2 pred=C6 ❌  | doremi: gt=do pred=sol ❌  | hz: gt=65.4064 pred=105.26 ❌
    [  37/100] F#1  piano    bg=  crowd-noise snr=  +30dB  | midi: gt=30 pred=34 ❌  | spn: gt=F#1 pred=F2 ❌  | doremi: gt=fa# pred=fa# ✅  | hz: gt=46.2493 pred=32.0 ❌
    [  38/100] G5   synth_pad bg=  crowd-noise snr=  +30dB  | midi: gt=79 pred=69 ❌  | spn: gt=G5 pred=C6 ❌  | doremi: gt=sol pred=sol ✅  | hz: gt=783.9909 pred=493.88 ❌
    [  39/100] G5   clarinet bg=  crowd-noise snr=  +30dB  | midi: gt=79 pred=68 ❌  | spn: gt=G5 pred=C6 ❌  | doremi: gt=sol pred=sol ✅  | hz: gt=783.9909 pred=415.3 ❌
    [  40/100] A4   trumpet  bg=  crowd-noise snr=  +30dB  | midi: gt=69 pred=69 ✅  | spn: gt=A4 pred=A4 ✅  | doremi: gt=la pred=sol ❌  | hz: gt=440.0 pred=460.0 ❌
    [  41/100] C2   flute    bg=         rain snr=   -6dB  | midi: gt=36 pred=64 ❌  | spn: gt=C2 pred=C6 ❌  | doremi: gt=do pred=sol ❌  | hz: gt=65.4064 pred=480.0 ❌
    [  42/100] E6   triangle bg=         rain snr=   -6dB  | midi: gt=88 pred=64 ❌  | spn: gt=E6 pred=C6 ❌  | doremi: gt=mi pred=sol ❌  | hz: gt=1318.5102 pred=480.0 ❌
    [  43/100] C4   electric_keyboard bg=         rain snr=   -6dB  | midi: gt=60 pred=64 ❌  | spn: gt=C4 pred=C6 ❌  | doremi: gt=do pred=sol ❌  | hz: gt=261.6256 pred=415.0 ❌
    [  44/100] E4   trumpet  bg=         rain snr=   -6dB  | midi: gt=64 pred=64 ✅  | spn: gt=E4 pred=C6 ❌  | doremi: gt=mi pred=sol ❌  | hz: gt=329.6276 pred=480.0 ❌
    [  45/100] E4   square   bg=         rain snr=   -6dB  | midi: gt=64 pred=64 ✅  | spn: gt=E4 pred=C6 ❌  | doremi: gt=mi pred=sol ❌  | hz: gt=329.6276 pred=480.0 ❌
    [  46/100] C3   square   bg=         rain snr=   +0dB  | midi: gt=48 pred=64 ❌  | spn: gt=C3 pred=C6 ❌  | doremi: gt=do pred=sol ❌  | hz: gt=130.8128 pred=480.0 ❌
    [  47/100] A4   trombone bg=         rain snr=   +0dB  | midi: gt=69 pred=64 ❌  | spn: gt=A4 pred=C6 ❌  | doremi: gt=la pred=sol ❌  | hz: gt=440.0 pred=415.306 ❌
    [  48/100] F#3  square   bg=         rain snr=   +0dB  | midi: gt=54 pred=64 ❌  | spn: gt=F#3 pred=C6 ❌  | doremi: gt=fa# pred=sol ❌  | hz: gt=184.9972 pred=480.0 ❌
    [  49/100] C2   trombone bg=         rain snr=   +0dB  | midi: gt=36 pred=64 ❌  | spn: gt=C2 pred=C6 ❌  | doremi: gt=do pred=sol ❌  | hz: gt=65.4064 pred=1050.0 ❌
    [  50/100] G5   trumpet  bg=         rain snr=   +0dB  | midi: gt=79 pred=64 ❌  | spn: gt=G5 pred=C6 ❌  | doremi: gt=sol pred=sol ✅  | hz: gt=783.9909 pred=415.306 ❌
    [  51/100] F#3  bass     bg=         rain snr=  +20dB  | midi: gt=54 pred=45 ❌  | spn: gt=F#3 pred=C6 ❌  | doremi: gt=fa# pred=fa# ✅  | hz: gt=184.9972 pred=450.0 ❌
    [  52/100] A4   guitar   bg=         rain snr=  +20dB  | midi: gt=69 pred=63 ❌  | spn: gt=A4 pred=A4 ✅  | doremi: gt=la pred=sol ❌  | hz: gt=440.0 pred=450.0 ❌
    [  53/100] C2   sawtooth bg=         rain snr=  +20dB  | midi: gt=36 pred=45 ❌  | spn: gt=C2 pred=C6 ❌  | doremi: gt=do pred=fa# ❌  | hz: gt=65.4064 pred=105.26 ❌
    [  54/100] E4   voice    bg=         rain snr=  +20dB  | midi: gt=64 pred=64 ✅  | spn: gt=E4 pred=C6 ❌  | doremi: gt=mi pred=fa# ❌  | hz: gt=329.6276 pred=415.0 ❌
    [  55/100] A4   oboe     bg=         rain snr=  +20dB  | midi: gt=69 pred=64 ❌  | spn: gt=A4 pred=C6 ❌  | doremi: gt=la pred=sol ❌  | hz: gt=440.0 pred=415.306 ❌
    [  56/100] A4   cello    bg=         rain snr=  +30dB  | midi: gt=69 pred=64 ❌  | spn: gt=A4 pred=C6 ❌  | doremi: gt=la pred=sol ❌  | hz: gt=440.0 pred=415.3 ❌
    [  57/100] C2   triangle bg=         rain snr=  +30dB  | midi: gt=36 pred=64 ❌  | spn: gt=C2 pred=C6 ❌  | doremi: gt=do pred=sol ❌  | hz: gt=65.4064 pred=1050.0 ❌
    [  58/100] E4   trombone bg=         rain snr=  +30dB  | midi: gt=64 pred=64 ✅  | spn: gt=E4 pred=C4 ❌  | doremi: gt=mi pred=sol ❌  | hz: gt=329.6276 pred=415.38 ❌
    [  59/100] F#1  square   bg=         rain snr=  +30dB  | midi: gt=30 pred=43 ❌  | spn: gt=F#1 pred=A#2 ❌  | doremi: gt=fa# pred=fa# ✅  | hz: gt=46.2493 pred=1058.43 ❌
    [  60/100] C2   organ    bg=         rain snr=  +30dB  | midi: gt=36 pred=65 ❌  | spn: gt=C2 pred=C6 ❌  | doremi: gt=do pred=sol ❌  | hz: gt=65.4064 pred=480.0 ❌
    [  61/100] C4   flute    bg= street-noise snr=   -6dB  | midi: gt=60 pred=64 ❌  | spn: gt=C4 pred=C6 ❌  | doremi: gt=do pred=sol ❌  | hz: gt=261.6256 pred=415.0 ❌
    [  62/100] F#1  synth_lead bg= street-noise snr=   -6dB  | midi: gt=30 pred=64 ❌  | spn: gt=F#1 pred=C6 ❌  | doremi: gt=fa# pred=sol ❌  | hz: gt=46.2493 pred=415.32 ❌
    [  63/100] G5   bass     bg= street-noise snr=   -6dB  | midi: gt=79 pred=64 ❌  | spn: gt=G5 pred=C6 ❌  | doremi: gt=sol pred=sol ✅  | hz: gt=783.9909 pred=415.306 ❌
    [  64/100] G2   trombone bg= street-noise snr=   -6dB  | midi: gt=43 pred=64 ❌  | spn: gt=G2 pred=C6 ❌  | doremi: gt=sol pred=sol ✅  | hz: gt=97.9989 pred=405.0 ❌
    [  65/100] A4   organ    bg= street-noise snr=   -6dB  | midi: gt=69 pred=64 ❌  | spn: gt=A4 pred=C6 ❌  | doremi: gt=la pred=sol ❌  | hz: gt=440.0 pred=415.0 ❌
    [  66/100] E6   piano    bg= street-noise snr=   +0dB  | midi: gt=88 pred=64 ❌  | spn: gt=E6 pred=C6 ❌  | doremi: gt=mi pred=sol ❌  | hz: gt=1318.5102 pred=415.306 ❌
    [  67/100] F#1  voice    bg= street-noise snr=   +0dB  | midi: gt=30 pred=64 ❌  | spn: gt=F#1 pred=C6 ❌  | doremi: gt=fa# pred=fa# ✅  | hz: gt=46.2493 pred=415.3 ❌
    [  68/100] A4   sawtooth bg= street-noise snr=   +0dB  | midi: gt=69 pred=64 ❌  | spn: gt=A4 pred=C6 ❌  | doremi: gt=la pred=fa# ❌  | hz: gt=440.0 pred=415.0 ❌
    [  69/100] C2   sawtooth bg= street-noise snr=   +0dB  | midi: gt=36 pred=64 ❌  | spn: gt=C2 pred=C6 ❌  | doremi: gt=do pred=sol ❌  | hz: gt=65.4064 pred=415.0 ❌
    [  70/100] E6   synth_lead bg= street-noise snr=   +0dB  | midi: gt=88 pred=64 ❌  | spn: gt=E6 pred=C6 ❌  | doremi: gt=mi pred=sol ❌  | hz: gt=1318.5102 pred=415.0 ❌
    [  71/100] G5   electric_keyboard bg= street-noise snr=  +20dB  | midi: gt=79 pred=64 ❌  | spn: gt=G5 pred=C6 ❌  | doremi: gt=sol pred=sol ✅  | hz: gt=783.9909 pred=415.306 ❌
    [  72/100] F#3  flute    bg= street-noise snr=  +20dB  | midi: gt=54 pred=64 ❌  | spn: gt=F#3 pred=C6 ❌  | doremi: gt=fa# pred=fa# ✅  | hz: gt=184.9972 pred=160.0 ❌
    [  73/100] F#1  square   bg= street-noise snr=  +20dB  | midi: gt=30 pred=35 ❌  | spn: gt=F#1 pred=A#2 ❌  | doremi: gt=fa# pred=la ❌  | hz: gt=46.2493 pred=480.0 ❌
    [  74/100] E6   electric_keyboard bg= street-noise snr=  +20dB  | midi: gt=88 pred=64 ❌  | spn: gt=E6 pred=C6 ❌  | doremi: gt=mi pred=sol ❌  | hz: gt=1318.5102 pred=415.306 ❌
    [  75/100] C4   square   bg= street-noise snr=  +20dB  | midi: gt=60 pred=64 ❌  | spn: gt=C4 pred=C6 ❌  | doremi: gt=do pred=fa# ❌  | hz: gt=261.6256 pred=107.89 ❌
    [  76/100] A4   trombone bg= street-noise snr=  +30dB  | midi: gt=69 pred=69 ✅  | spn: gt=A4 pred=C6 ❌  | doremi: gt=la pred=sol ❌  | hz: gt=440.0 pred=415.3 ❌
    [  77/100] C2   flute    bg= street-noise snr=  +30dB  | midi: gt=36 pred=64 ❌  | spn: gt=C2 pred=A#1 ❌  | doremi: gt=do pred=fa# ❌  | hz: gt=65.4064 pred=105.26 ❌
    [  78/100] E4   oboe     bg= street-noise snr=  +30dB  | midi: gt=64 pred=64 ✅  | spn: gt=E4 pred=C6 ❌  | doremi: gt=mi pred=sol ❌  | hz: gt=329.6276 pred=450.0 ❌
    [  79/100] G2   synth_lead bg= street-noise snr=  +30dB  | midi: gt=43 pred=64 ❌  | spn: gt=G2 pred=C6 ❌  | doremi: gt=sol pred=fa# ❌  | hz: gt=97.9989 pred=415.38 ❌
    [  80/100] C3   trombone bg= street-noise snr=  +30dB  | midi: gt=48 pred=64 ❌  | spn: gt=C3 pred=C6 ❌  | doremi: gt=do pred=sol ❌  | hz: gt=130.8128 pred=450.0 ❌
    [  81/100] C2   piano    bg=  white_noise snr=   -6dB  | midi: gt=36 pred=64 ❌  | spn: gt=C2 pred=C6 ❌  | doremi: gt=do pred=fa# ❌  | hz: gt=65.4064 pred=1050.0 ❌
    [  82/100] F#3  trombone bg=  white_noise snr=   -6dB  | midi: gt=54 pred=64 ❌  | spn: gt=F#3 pred=C6 ❌  | doremi: gt=fa# pred=fa# ✅  | hz: gt=184.9972 pred=1050.0 ❌
    [  83/100] F#1  trombone bg=  white_noise snr=   -6dB  | midi: gt=30 pred=64 ❌  | spn: gt=F#1 pred=C6 ❌  | doremi: gt=fa# pred=fa# ✅  | hz: gt=46.2493 pred=1050.0 ❌
    [  84/100] C3   electric_keyboard bg=  white_noise snr=   -6dB  | midi: gt=48 pred=64 ❌  | spn: gt=C3 pred=C6 ❌  | doremi: gt=do pred=fa# ❌  | hz: gt=130.8128 pred=1050.0 ❌
    [  85/100] C2   synth_pad bg=  white_noise snr=   -6dB  | midi: gt=36 pred=64 ❌  | spn: gt=C2 pred=C6 ❌  | doremi: gt=do pred=fa# ❌  | hz: gt=65.4064 pred=1050.0 ❌
    [  86/100] G5   guitar   bg=  white_noise snr=   +0dB  | midi: gt=79 pred=63 ❌  | spn: gt=G5 pred=G4 ❌  | doremi: gt=sol pred=re ❌  | hz: gt=783.9909 pred=450.0 ❌
    [  87/100] E6   synth_pad bg=  white_noise snr=   +0dB  | midi: gt=88 pred=64 ❌  | spn: gt=E6 pred=C6 ❌  | doremi: gt=mi pred=fa# ❌  | hz: gt=1318.5102 pred=415.0 ❌
    [  88/100] F#3  synth_pad bg=  white_noise snr=   +0dB  | midi: gt=54 pred=64 ❌  | spn: gt=F#3 pred=C6 ❌  | doremi: gt=fa# pred=fa# ✅  | hz: gt=184.9972 pred=1050.0 ❌
    [  89/100] C4   synth_lead bg=  white_noise snr=   +0dB  | midi: gt=60 pred=64 ❌  | spn: gt=C4 pred=C6 ❌  | doremi: gt=do pred=fa# ❌  | hz: gt=261.6256 pred=1050.0 ❌
    [  90/100] G5   sawtooth bg=  white_noise snr=   +0dB  | midi: gt=79 pred=64 ❌  | spn: gt=G5 pred=C6 ❌  | doremi: gt=sol pred=fa# ❌  | hz: gt=783.9909 pred=1058.37 ❌
    [  91/100] C4   bass     bg=  white_noise snr=  +20dB  | midi: gt=60 pred=56 ❌  | spn: gt=C4 pred=C6 ❌  | doremi: gt=do pred=sol ❌  | hz: gt=261.6256 pred=493.88 ❌
    [  92/100] G2   synth_lead bg=  white_noise snr=  +20dB  | midi: gt=43 pred=64 ❌  | spn: gt=G2 pred=C6 ❌  | doremi: gt=sol pred=fa# ❌  | hz: gt=97.9989 pred=415.0 ❌
    [  93/100] C3   piano    bg=  white_noise snr=  +20dB  | midi: gt=48 pred=48 ✅  | spn: gt=C3 pred=C6 ❌  | doremi: gt=do pred=sol ❌  | hz: gt=130.8128 pred=493.88 ❌
    [  94/100] E4   cello    bg=  white_noise snr=  +20dB  | midi: gt=64 pred=69 ❌  | spn: gt=E4 pred=C6 ❌  | doremi: gt=mi pred=sol ❌  | hz: gt=329.6276 pred=415.3 ❌
    [  95/100] E4   voice    bg=  white_noise snr=  +20dB  | midi: gt=64 pred=65 ❌  | spn: gt=E4 pred=C6 ❌  | doremi: gt=mi pred=fa# ❌  | hz: gt=329.6276 pred=1058.43 ❌
    [  96/100] G2   guitar   bg=  white_noise snr=  +30dB  | midi: gt=43 pred=48 ❌  | spn: gt=G2 pred=C6 ❌  | doremi: gt=sol pred=sol ✅  | hz: gt=97.9989 pred=450.0 ❌
    [  97/100] C2   piano    bg=  white_noise snr=  +30dB  | midi: gt=36 pred=43 ❌  | spn: gt=C2 pred=C6 ❌  | doremi: gt=do pred=sol ❌  | hz: gt=65.4064 pred=460.0 ❌
    [  98/100] G5   oboe     bg=  white_noise snr=  +30dB  | midi: gt=79 pred=69 ❌  | spn: gt=G5 pred=C6 ❌  | doremi: gt=sol pred=sol ✅  | hz: gt=783.9909 pred=493.88 ❌
    [  99/100] A4   trombone bg=  white_noise snr=  +30dB  | midi: gt=69 pred=69 ✅  | spn: gt=A4 pred=A4 ✅  | doremi: gt=la pred=sol ❌  | hz: gt=440.0 pred=450.0 ❌
    [ 100/100] E6   guitar   bg=  white_noise snr=  +30dB  | midi: gt=88 pred=64 ❌  | spn: gt=E6 pred=G6 ❌  | doremi: gt=mi pred=sol ❌  | hz: gt=1318.5102 pred=493.88 ❌

============================================================
SUMMARY — audio_flamingo_next_instruct
  Sampling     : 100 of 3800 (stratified by '(background, snr_db)', seed=42)
  Stimuli (total)     : 100
  Stimuli (condition) : 100  (all records)

  Format   Accuracy
  ──────────────────
    MIDI      14.0%
     SPN       4.0%
  DOREMI      20.0%
      HZ       0.0%
     ANY      36.0%

  *** WARNING: working tree has uncommitted changes — results will NOT be exactly reproducible from git_commit alone ***


Results saved → results/run_20260505_112814/pitchbench_e3_background_effects/run_001_20260505_121439/results_audio_flamingo_next_instruct.*

############################################################
# pitchbench_e4_harmonic_saturation
############################################################

Experiment : pitchbench_e4_harmonic_saturation
Models     : audio_flamingo_next_instruct
Stimuli    : 200
  Sampling     : 200 of 760 (stratified by '(saturation_level, midi)', seed=42)

  Model : Audio Flamingo Next – instruct
    [dispatch] 200 items, max_workers=1
    [   1/200] triangle    clean         F#1  | midi: gt=30 pred=35 ❌  | spn: gt=F#1 pred=C2 ❌  | doremi: gt=fa# pred=sol ❌  | hz: gt=46.2493 pred=435.0 ❌
    [   2/200] sine        clean         F#1  | midi: gt=30 pred=35 ❌  | spn: gt=F#1 pred=C2 ❌  | doremi: gt=fa# pred=fa# ✅  | hz: gt=46.2493 pred=25.0 ❌
    [   3/200] trumpet     clean         F#1  | midi: gt=30 pred=34 ❌  | spn: gt=F#1 pred=A#2 ❌  | doremi: gt=fa# pred=fa# ✅  | hz: gt=46.2493 pred=320.0 ❌
    [   4/200] flute       clean         F#1  | midi: gt=30 pred=35 ❌  | spn: gt=F#1 pred=A#2 ❌  | doremi: gt=fa# pred=fa# ✅  | hz: gt=46.2493 pred=105.26 ❌
    [   5/200] voice       clean         F#1  | midi: gt=30 pred=63 ❌  | spn: gt=F#1 pred=C4 ❌  | doremi: gt=fa# pred=fa# ✅  | hz: gt=46.2493 pred=435.0 ❌
    [   6/200] piano       clean         C2  | midi: gt=36 pred=45 ❌  | spn: gt=C2 pred=C4 ❌  | doremi: gt=do pred=sol ❌  | hz: gt=65.4064 pred=450.0 ❌
    [   7/200] triangle    clean         C2  | midi: gt=36 pred=43 ❌  | spn: gt=C2 pred=C2 ✅  | doremi: gt=do pred=sol ❌  | hz: gt=65.4064 pred=150.0 ❌
    [   8/200] square      clean         C2  | midi: gt=36 pred=43 ❌  | spn: gt=C2 pred=A#2 ❌  | doremi: gt=do pred=fa# ❌  | hz: gt=65.4064 pred=480.0 ❌
    [   9/200] cello       clean         C2  | midi: gt=36 pred=36 ✅  | spn: gt=C2 pred=C2 ✅  | doremi: gt=do pred=re ❌  | hz: gt=65.4064 pred=240.0 ❌
    [  10/200] sine        clean         C2  | midi: gt=36 pred=48 ❌  | spn: gt=C2 pred=C2 ✅  | doremi: gt=do pred=sol ❌  | hz: gt=65.4064 pred=261.63 ❌
    [  11/200] sine        clean         G2  | midi: gt=43 pred=43 ✅  | spn: gt=G2 pred=C2 ❌  | doremi: gt=sol pred=sol ✅  | hz: gt=97.9989 pred=107.65 ❌
    [  12/200] square      clean         G2  | midi: gt=43 pred=43 ✅  | spn: gt=G2 pred=F#2 ❌  | doremi: gt=sol pred=sol ✅  | hz: gt=97.9989 pred=450.0 ❌
    [  13/200] guitar      clean         G2  | midi: gt=43 pred=48 ❌  | spn: gt=G2 pred=G4 ❌  | doremi: gt=sol pred=sol ✅  | hz: gt=97.9989 pred=450.0 ❌
    [  14/200] flute       clean         G2  | midi: gt=43 pred=43 ✅  | spn: gt=G2 pred=C2 ❌  | doremi: gt=sol pred=fa# ❌  | hz: gt=97.9989 pred=105.26 ❌
    [  15/200] trumpet     clean         G2  | midi: gt=43 pred=43 ✅  | spn: gt=G2 pred=F#2 ❌  | doremi: gt=sol pred=sol ✅  | hz: gt=97.9989 pred=435.0 ❌
    [  16/200] sine        clean         C3  | midi: gt=48 pred=48 ✅  | spn: gt=C3 pred=C2 ❌  | doremi: gt=do pred=sol ❌  | hz: gt=130.8128 pred=107.89 ❌
    [  17/200] synth_pad   clean         C3  | midi: gt=48 pred=63 ❌  | spn: gt=C3 pred=C6 ❌  | doremi: gt=do pred=sol ❌  | hz: gt=130.8128 pred=480.0 ❌
    [  18/200] guitar      clean         C3  | midi: gt=48 pred=48 ✅  | spn: gt=C3 pred=C4 ❌  | doremi: gt=do pred=sol ❌  | hz: gt=130.8128 pred=480.0 ❌
    [  19/200] cello       clean         C3  | midi: gt=48 pred=48 ✅  | spn: gt=C3 pred=C2 ❌  | doremi: gt=do pred=sol ❌  | hz: gt=130.8128 pred=48.0 ❌
    [  20/200] triangle    clean         C3  | midi: gt=48 pred=48 ✅  | spn: gt=C3 pred=C6 ❌  | doremi: gt=do pred=sol ❌  | hz: gt=130.8128 pred=480.0 ❌
    [  21/200] organ       clean         F#3  | midi: gt=54 pred=66 ❌  | spn: gt=F#3 pred=F#6 ❌  | doremi: gt=fa# pred=sol# ❌  | hz: gt=184.9972 pred=659.34 ❌
    [  22/200] trumpet     clean         F#3  | midi: gt=54 pred=54 ✅  | spn: gt=F#3 pred=F4 ❌  | doremi: gt=fa# pred=sol ❌  | hz: gt=184.9972 pred=435.0 ❌
    [  23/200] sine        clean         F#3  | midi: gt=54 pred=54 ✅  | spn: gt=F#3 pred=C4 ❌  | doremi: gt=fa# pred=sol ❌  | hz: gt=184.9972 pred=107.89 ❌
    [  24/200] electric_keyboard  clean         F#3  | midi: gt=54 pred=54 ✅  | spn: gt=F#3 pred=C4 ❌  | doremi: gt=fa# pred=mi ❌  | hz: gt=184.9972 pred=53.68 ❌
    [  25/200] oboe        clean         F#3  | midi: gt=54 pred=54 ✅  | spn: gt=F#3 pred=F#3 ✅  | doremi: gt=fa# pred=sol ❌  | hz: gt=184.9972 pred=435.0 ❌
    [  26/200] cello       clean         C4  | midi: gt=60 pred=60 ✅  | spn: gt=C4 pred=C6 ❌  | doremi: gt=do pred=sol ❌  | hz: gt=261.6256 pred=480.0 ❌
    [  27/200] clarinet    clean         C4  | midi: gt=60 pred=65 ❌  | spn: gt=C4 pred=C6 ❌  | doremi: gt=do pred=sol ❌  | hz: gt=261.6256 pred=450.0 ❌
    [  28/200] trumpet     clean         C4  | midi: gt=60 pred=60 ✅  | spn: gt=C4 pred=C6 ❌  | doremi: gt=do pred=sol ❌  | hz: gt=261.6256 pred=440.0 ❌
    [  29/200] piano       clean         C4  | midi: gt=60 pred=48 ❌  | spn: gt=C4 pred=C6 ❌  | doremi: gt=do pred=sol ❌  | hz: gt=261.6256 pred=480.0 ❌
    [  30/200] triangle    clean         C4  | midi: gt=60 pred=63 ❌  | spn: gt=C4 pred=C6 ❌  | doremi: gt=do pred=sol ❌  | hz: gt=261.6256 pred=480.0 ❌
    [  31/200] clarinet    clean         E4  | midi: gt=64 pred=69 ❌  | spn: gt=E4 pred=C6 ❌  | doremi: gt=mi pred=sol ❌  | hz: gt=329.6276 pred=659.32 ❌
    [  32/200] triangle    clean         E4  | midi: gt=64 pred=63 ❌  | spn: gt=E4 pred=C6 ❌  | doremi: gt=mi pred=sol ❌  | hz: gt=329.6276 pred=450.0 ❌
    [  33/200] square      clean         E4  | midi: gt=64 pred=63 ❌  | spn: gt=E4 pred=A6 ❌  | doremi: gt=mi pred=sol ❌  | hz: gt=329.6276 pred=450.0 ❌
    [  34/200] violin      clean         E4  | midi: gt=64 pred=64 ✅  | spn: gt=E4 pred=E4 ✅  | doremi: gt=mi pred=sol ❌  | hz: gt=329.6276 pred=400.0 ❌
    [  35/200] sawtooth    clean         E4  | midi: gt=64 pred=64 ✅  | spn: gt=E4 pred=A6 ❌  | doremi: gt=mi pred=sol ❌  | hz: gt=329.6276 pred=450.0 ❌
    [  36/200] oboe        clean         A4  | midi: gt=69 pred=69 ✅  | spn: gt=A4 pred=C6 ❌  | doremi: gt=la pred=sol ❌  | hz: gt=440.0 pred=693.0 ❌
    [  37/200] voice       clean         A4  | midi: gt=69 pred=69 ✅  | spn: gt=A4 pred=C6 ❌  | doremi: gt=la pred=sol ❌  | hz: gt=440.0 pred=450.0 ❌
    [  38/200] trumpet     clean         A4  | midi: gt=69 pred=69 ✅  | spn: gt=A4 pred=A4 ✅  | doremi: gt=la pred=sol ❌  | hz: gt=440.0 pred=450.0 ❌
    [  39/200] sawtooth    clean         A4  | midi: gt=69 pred=69 ✅  | spn: gt=A4 pred=A6 ❌  | doremi: gt=la pred=sol ❌  | hz: gt=440.0 pred=450.0 ❌
    [  40/200] synth_pad   clean         A4  | midi: gt=69 pred=69 ✅  | spn: gt=A4 pred=None ❌  | doremi: gt=la pred=sol ❌  | hz: gt=440.0 pred=450.0 ❌
    [  41/200] organ       clean         G5  | midi: gt=79 pred=69 ❌  | spn: gt=G5 pred=C6 ❌  | doremi: gt=sol pred=sol ✅  | hz: gt=783.9909 pred=6750.0 ❌
    [  42/200] synth_pad   clean         G5  | midi: gt=79 pred=69 ❌  | spn: gt=G5 pred=C6 ❌  | doremi: gt=sol pred=sol ✅  | hz: gt=783.9909 pred=1034.52 ❌
    [  43/200] triangle    clean         G5  | midi: gt=79 pred=68 ❌  | spn: gt=G5 pred=C6 ❌  | doremi: gt=sol pred=sol ✅  | hz: gt=783.9909 pred=480.0 ❌
    [  44/200] violin      clean         G5  | midi: gt=79 pred=67 ❌  | spn: gt=G5 pred=G6 ❌  | doremi: gt=sol pred=sol ✅  | hz: gt=783.9909 pred=6750.0 ❌
    [  45/200] sawtooth    clean         G5  | midi: gt=79 pred=65 ❌  | spn: gt=G5 pred=A6 ❌  | doremi: gt=sol pred=sol ✅  | hz: gt=783.9909 pred=1075.83 ❌
    [  46/200] synth_pad   clean         E6  | midi: gt=88 pred=69 ❌  | spn: gt=E6 pred=C6 ❌  | doremi: gt=mi pred=sol# ❌  | hz: gt=1318.5102 pred=1034.52 ❌
    [  47/200] trombone    clean         E6  | midi: gt=88 pred=86 ❌  | spn: gt=E6 pred=A#6 ❌  | doremi: gt=mi pred=sol ❌  | hz: gt=1318.5102 pred=640.0 ❌
    [  48/200] oboe        clean         E6  | midi: gt=88 pred=88 ✅  | spn: gt=E6 pred=C6 ❌  | doremi: gt=mi pred=sol ❌  | hz: gt=1318.5102 pred=800.0 ❌
    [  49/200] guitar      clean         E6  | midi: gt=88 pred=84 ❌  | spn: gt=E6 pred=G6 ❌  | doremi: gt=mi pred=fa# ❌  | hz: gt=1318.5102 pred=1050.0 ❌
    [  50/200] synth_lead  clean         E6  | midi: gt=88 pred=69 ❌  | spn: gt=E6 pred=C6 ❌  | doremi: gt=mi pred=sol ❌  | hz: gt=1318.5102 pred=1309.85 ✅
    [  51/200] square      sat_heavy     F#1  | midi: gt=30 pred=43 ❌  | spn: gt=F#1 pred=A2 ❌  | doremi: gt=fa# pred=sol ❌  | hz: gt=46.2493 pred=450.0 ❌
    [  52/200] sawtooth    sat_heavy     F#1  | midi: gt=30 pred=35 ❌  | spn: gt=F#1 pred=A2 ❌  | doremi: gt=fa# pred=fa# ✅  | hz: gt=46.2493 pred=105.26 ❌
    [  53/200] flute       sat_heavy     F#1  | midi: gt=30 pred=64 ❌  | spn: gt=F#1 pred=C4 ❌  | doremi: gt=fa# pred=fa# ✅  | hz: gt=46.2493 pred=107.65 ❌
    [  54/200] trombone    sat_heavy     F#1  | midi: gt=30 pred=36 ❌  | spn: gt=F#1 pred=A#2 ❌  | doremi: gt=fa# pred=sol ❌  | hz: gt=46.2493 pred=1054.87 ❌
    [  55/200] synth_pad   sat_heavy     F#1  | midi: gt=30 pred=45 ❌  | spn: gt=F#1 pred=C6 ❌  | doremi: gt=fa# pred=fa# ✅  | hz: gt=46.2493 pred=105.26 ❌
    [  56/200] flute       sat_heavy     C2  | midi: gt=36 pred=64 ❌  | spn: gt=C2 pred=C6 ❌  | doremi: gt=do pred=fa# ❌  | hz: gt=65.4064 pred=1052.63 ❌
    [  57/200] triangle    sat_heavy     C2  | midi: gt=36 pred=43 ❌  | spn: gt=C2 pred=C2 ✅  | doremi: gt=do pred=fa# ❌  | hz: gt=65.4064 pred=480.0 ❌
    [  58/200] violin      sat_heavy     C2  | midi: gt=36 pred=45 ❌  | spn: gt=C2 pred=C4 ❌  | doremi: gt=do pred=fa# ❌  | hz: gt=65.4064 pred=1650.0 ❌
    [  59/200] trumpet     sat_heavy     C2  | midi: gt=36 pred=63 ❌  | spn: gt=C2 pred=C6 ❌  | doremi: gt=do pred=fa# ❌  | hz: gt=65.4064 pred=1054.72 ❌
    [  60/200] voice       sat_heavy     C2  | midi: gt=36 pred=64 ❌  | spn: gt=C2 pred=C6 ❌  | doremi: gt=do pred=fa# ❌  | hz: gt=65.4064 pred=415.38 ❌
    [  61/200] oboe        sat_heavy     G2  | midi: gt=43 pred=43 ✅  | spn: gt=G2 pred=C6 ❌  | doremi: gt=sol pred=sol ✅  | hz: gt=97.9989 pred=450.0 ❌
    [  62/200] electric_keyboard  sat_heavy     G2  | midi: gt=43 pred=43 ✅  | spn: gt=G2 pred=G2 ✅  | doremi: gt=sol pred=fa# ❌  | hz: gt=97.9989 pred=450.0 ❌
    [  63/200] voice       sat_heavy     G2  | midi: gt=43 pred=64 ❌  | spn: gt=G2 pred=C6 ❌  | doremi: gt=sol pred=fa# ❌  | hz: gt=97.9989 pred=415.38 ❌
    [  64/200] synth_lead  sat_heavy     G2  | midi: gt=43 pred=65 ❌  | spn: gt=G2 pred=C6 ❌  | doremi: gt=sol pred=fa# ❌  | hz: gt=97.9989 pred=480.0 ❌
    [  65/200] triangle    sat_heavy     G2  | midi: gt=43 pred=43 ✅  | spn: gt=G2 pred=C6 ❌  | doremi: gt=sol pred=sol ✅  | hz: gt=97.9989 pred=435.0 ❌
    [  66/200] trumpet     sat_heavy     C3  | midi: gt=48 pred=64 ❌  | spn: gt=C3 pred=C6 ❌  | doremi: gt=do pred=sol ❌  | hz: gt=130.8128 pred=405.0 ❌
    [  67/200] square      sat_heavy     C3  | midi: gt=48 pred=45 ❌  | spn: gt=C3 pred=C6 ❌  | doremi: gt=do pred=sol ❌  | hz: gt=130.8128 pred=1046.53 ❌
    [  68/200] electric_keyboard  sat_heavy     C3  | midi: gt=48 pred=64 ❌  | spn: gt=C3 pred=C6 ❌  | doremi: gt=do pred=fa# ❌  | hz: gt=130.8128 pred=480.0 ❌
    [  69/200] flute       sat_heavy     C3  | midi: gt=48 pred=48 ✅  | spn: gt=C3 pred=C6 ❌  | doremi: gt=do pred=fa# ❌  | hz: gt=130.8128 pred=480.0 ❌
    [  70/200] synth_pad   sat_heavy     C3  | midi: gt=48 pred=63 ❌  | spn: gt=C3 pred=C6 ❌  | doremi: gt=do pred=sol ❌  | hz: gt=130.8128 pred=480.0 ❌
    [  71/200] organ       sat_heavy     F#3  | midi: gt=54 pred=69 ❌  | spn: gt=F#3 pred=F#6 ❌  | doremi: gt=fa# pred=sol# ❌  | hz: gt=184.9972 pred=480.0 ❌
    [  72/200] violin      sat_heavy     F#3  | midi: gt=54 pred=65 ❌  | spn: gt=F#3 pred=F#6 ❌  | doremi: gt=fa# pred=sol# ❌  | hz: gt=184.9972 pred=1680.0 ❌
    [  73/200] trumpet     sat_heavy     F#3  | midi: gt=54 pred=65 ❌  | spn: gt=F#3 pred=F#4 ❌  | doremi: gt=fa# pred=sol ❌  | hz: gt=184.9972 pred=415.3 ❌
    [  74/200] flute       sat_heavy     F#3  | midi: gt=54 pred=54 ✅  | spn: gt=F#3 pred=C6 ❌  | doremi: gt=fa# pred=sol# ❌  | hz: gt=184.9972 pred=450.0 ❌
    [  75/200] clarinet    sat_heavy     F#3  | midi: gt=54 pred=65 ❌  | spn: gt=F#3 pred=C6 ❌  | doremi: gt=fa# pred=sol# ❌  | hz: gt=184.9972 pred=415.38 ❌
    [  76/200] clarinet    sat_heavy     C4  | midi: gt=60 pred=64 ❌  | spn: gt=C4 pred=C6 ❌  | doremi: gt=do pred=sol# ❌  | hz: gt=261.6256 pred=480.0 ❌
    [  77/200] sawtooth    sat_heavy     C4  | midi: gt=60 pred=64 ❌  | spn: gt=C4 pred=C6 ❌  | doremi: gt=do pred=sol ❌  | hz: gt=261.6256 pred=480.0 ❌
    [  78/200] flute       sat_heavy     C4  | midi: gt=60 pred=64 ❌  | spn: gt=C4 pred=C6 ❌  | doremi: gt=do pred=sol ❌  | hz: gt=261.6256 pred=480.0 ❌
    [  79/200] synth_pad   sat_heavy     C4  | midi: gt=60 pred=65 ❌  | spn: gt=C4 pred=C6 ❌  | doremi: gt=do pred=fa# ❌  | hz: gt=261.6256 pred=480.0 ❌
    [  80/200] violin      sat_heavy     C4  | midi: gt=60 pred=64 ❌  | spn: gt=C4 pred=C6 ❌  | doremi: gt=do pred=sol# ❌  | hz: gt=261.6256 pred=1046.53 ❌
    [  81/200] clarinet    sat_heavy     E4  | midi: gt=64 pred=64 ✅  | spn: gt=E4 pred=D6 ❌  | doremi: gt=mi pred=sol# ❌  | hz: gt=329.6276 pred=405.0 ❌
    [  82/200] violin      sat_heavy     E4  | midi: gt=64 pred=69 ❌  | spn: gt=E4 pred=C6 ❌  | doremi: gt=mi pred=sol# ❌  | hz: gt=329.6276 pred=408.0 ❌
    [  83/200] trumpet     sat_heavy     E4  | midi: gt=64 pred=69 ❌  | spn: gt=E4 pred=A#6 ❌  | doremi: gt=mi pred=sol ❌  | hz: gt=329.6276 pred=408.0 ❌
    [  84/200] square      sat_heavy     E4  | midi: gt=64 pred=65 ❌  | spn: gt=E4 pred=A6 ❌  | doremi: gt=mi pred=sol ❌  | hz: gt=329.6276 pred=1046.53 ❌
    [  85/200] triangle    sat_heavy     E4  | midi: gt=64 pred=65 ❌  | spn: gt=E4 pred=A6 ❌  | doremi: gt=mi pred=sol ❌  | hz: gt=329.6276 pred=480.0 ❌
    [  86/200] voice       sat_heavy     A4  | midi: gt=69 pred=69 ✅  | spn: gt=A4 pred=A7 ❌  | doremi: gt=la pred=sol# ❌  | hz: gt=440.0 pred=1046.53 ❌
    [  87/200] clarinet    sat_heavy     A4  | midi: gt=69 pred=69 ✅  | spn: gt=A4 pred=A7 ❌  | doremi: gt=la pred=sol ❌  | hz: gt=440.0 pred=450.0 ❌
    [  88/200] guitar      sat_heavy     A4  | midi: gt=69 pred=69 ✅  | spn: gt=A4 pred=A#4 ❌  | doremi: gt=la pred=sol ❌  | hz: gt=440.0 pred=493.88 ❌
    [  89/200] bass        sat_heavy     A4  | midi: gt=69 pred=69 ✅  | spn: gt=A4 pred=A4 ✅  | doremi: gt=la pred=fa# ❌  | hz: gt=440.0 pred=450.0 ❌
    [  90/200] synth_lead  sat_heavy     A4  | midi: gt=69 pred=69 ✅  | spn: gt=A4 pred=C6 ❌  | doremi: gt=la pred=sol ❌  | hz: gt=440.0 pred=1046.53 ❌
    [  91/200] organ       sat_heavy     G5  | midi: gt=79 pred=69 ❌  | spn: gt=G5 pred=C6 ❌  | doremi: gt=sol pred=sol# ❌  | hz: gt=783.9909 pred=480.0 ❌
    [  92/200] piano       sat_heavy     G5  | midi: gt=79 pred=69 ❌  | spn: gt=G5 pred=C6 ❌  | doremi: gt=sol pred=fa# ❌  | hz: gt=783.9909 pred=1034.52 ❌
    [  93/200] trumpet     sat_heavy     G5  | midi: gt=79 pred=69 ❌  | spn: gt=G5 pred=A7 ❌  | doremi: gt=sol pred=sol ✅  | hz: gt=783.9909 pred=1034.56 ❌
    [  94/200] synth_pad   sat_heavy     G5  | midi: gt=79 pred=69 ❌  | spn: gt=G5 pred=C6 ❌  | doremi: gt=sol pred=sol# ❌  | hz: gt=783.9909 pred=1046.53 ❌
    [  95/200] triangle    sat_heavy     G5  | midi: gt=79 pred=69 ❌  | spn: gt=G5 pred=A6 ❌  | doremi: gt=sol pred=sol ✅  | hz: gt=783.9909 pred=450.0 ❌
    [  96/200] synth_pad   sat_heavy     E6  | midi: gt=88 pred=84 ❌  | spn: gt=E6 pred=C6 ❌  | doremi: gt=mi pred=sol# ❌  | hz: gt=1318.5102 pred=1046.57 ❌
    [  97/200] voice       sat_heavy     E6  | midi: gt=88 pred=83 ❌  | spn: gt=E6 pred=C6 ❌  | doremi: gt=mi pred=sol# ❌  | hz: gt=1318.5102 pred=1250.0 ❌
    [  98/200] trumpet     sat_heavy     E6  | midi: gt=88 pred=83 ❌  | spn: gt=E6 pred=A#6 ❌  | doremi: gt=mi pred=sol# ❌  | hz: gt=1318.5102 pred=1046.57 ❌
    [  99/200] cello       sat_heavy     E6  | midi: gt=88 pred=83 ❌  | spn: gt=E6 pred=F#6 ❌  | doremi: gt=mi pred=fa# ❌  | hz: gt=1318.5102 pred=1046.57 ❌
    [ 100/200] organ       sat_heavy     E6  | midi: gt=88 pred=83 ❌  | spn: gt=E6 pred=A#6 ❌  | doremi: gt=mi pred=sol# ❌  | hz: gt=1318.5102 pred=1046.57 ❌
    [ 101/200] voice       sat_light     F#1  | midi: gt=30 pred=63 ❌  | spn: gt=F#1 pred=C4 ❌  | doremi: gt=fa# pred=fa# ✅  | hz: gt=46.2493 pred=415.38 ❌
    [ 102/200] violin      sat_light     F#1  | midi: gt=30 pred=34 ❌  | spn: gt=F#1 pred=A#2 ❌  | doremi: gt=fa# pred=la ❌  | hz: gt=46.2493 pred=28.13 ❌
    [ 103/200] oboe        sat_light     F#1  | midi: gt=30 pred=34 ❌  | spn: gt=F#1 pred=A#2 ❌  | doremi: gt=fa# pred=fa# ✅  | hz: gt=46.2493 pred=210.0 ❌
    [ 104/200] flute       sat_light     F#1  | midi: gt=30 pred=35 ❌  | spn: gt=F#1 pred=A#2 ❌  | doremi: gt=fa# pred=fa# ✅  | hz: gt=46.2493 pred=105.26 ❌
    [ 105/200] square      sat_light     F#1  | midi: gt=30 pred=34 ❌  | spn: gt=F#1 pred=B2 ❌  | doremi: gt=fa# pred=sol ❌  | hz: gt=46.2493 pred=450.0 ❌
    [ 106/200] synth_lead  sat_light     C2  | midi: gt=36 pred=48 ❌  | spn: gt=C2 pred=C6 ❌  | doremi: gt=do pred=fa# ❌  | hz: gt=65.4064 pred=105.26 ❌
    [ 107/200] bass        sat_light     C2  | midi: gt=36 pred=48 ❌  | spn: gt=C2 pred=C4 ❌  | doremi: gt=do pred=sol ❌  | hz: gt=65.4064 pred=120.0 ❌
    [ 108/200] square      sat_light     C2  | midi: gt=36 pred=43 ❌  | spn: gt=C2 pred=A#2 ❌  | doremi: gt=do pred=fa# ❌  | hz: gt=65.4064 pred=480.0 ❌
    [ 109/200] sawtooth    sat_light     C2  | midi: gt=36 pred=35 ❌  | spn: gt=C2 pred=C2 ✅  | doremi: gt=do pred=fa# ❌  | hz: gt=65.4064 pred=480.0 ❌
    [ 110/200] cello       sat_light     C2  | midi: gt=36 pred=36 ✅  | spn: gt=C2 pred=C2 ✅  | doremi: gt=do pred=re ❌  | hz: gt=65.4064 pred=240.0 ❌
    [ 111/200] triangle    sat_light     G2  | midi: gt=43 pred=43 ✅  | spn: gt=G2 pred=C6 ❌  | doremi: gt=sol pred=sol ✅  | hz: gt=97.9989 pred=150.0 ❌
    [ 112/200] piano       sat_light     G2  | midi: gt=43 pred=43 ✅  | spn: gt=G2 pred=C6 ❌  | doremi: gt=sol pred=sol ✅  | hz: gt=97.9989 pred=450.0 ❌
    [ 113/200] electric_keyboard  sat_light     G2  | midi: gt=43 pred=43 ✅  | spn: gt=G2 pred=C4 ❌  | doremi: gt=sol pred=sol ✅  | hz: gt=97.9989 pred=435.0 ❌
    [ 114/200] cello       sat_light     G2  | midi: gt=43 pred=43 ✅  | spn: gt=G2 pred=G2 ✅  | doremi: gt=sol pred=sol ✅  | hz: gt=97.9989 pred=105.36 ❌
    [ 115/200] trombone    sat_light     G2  | midi: gt=43 pred=43 ✅  | spn: gt=G2 pred=F#2 ❌  | doremi: gt=sol pred=sol ✅  | hz: gt=97.9989 pred=435.0 ❌
    [ 116/200] square      sat_light     C3  | midi: gt=48 pred=45 ❌  | spn: gt=C3 pred=C6 ❌  | doremi: gt=do pred=sol ❌  | hz: gt=130.8128 pred=480.0 ❌
    [ 117/200] violin      sat_light     C3  | midi: gt=48 pred=48 ✅  | spn: gt=C3 pred=C2 ❌  | doremi: gt=do pred=sol ❌  | hz: gt=130.8128 pred=105.26 ❌
    [ 118/200] synth_pad   sat_light     C3  | midi: gt=48 pred=64 ❌  | spn: gt=C3 pred=C6 ❌  | doremi: gt=do pred=sol ❌  | hz: gt=130.8128 pred=480.0 ❌
    [ 119/200] organ       sat_light     C3  | midi: gt=48 pred=48 ✅  | spn: gt=C3 pred=C4 ❌  | doremi: gt=do pred=sol ❌  | hz: gt=130.8128 pred=261.63 ❌
    [ 120/200] trumpet     sat_light     C3  | midi: gt=48 pred=48 ✅  | spn: gt=C3 pred=C4 ❌  | doremi: gt=do pred=sol ❌  | hz: gt=130.8128 pred=480.0 ❌
    [ 121/200] trumpet     sat_light     F#3  | midi: gt=54 pred=54 ✅  | spn: gt=F#3 pred=F#4 ❌  | doremi: gt=fa# pred=sol ❌  | hz: gt=184.9972 pred=435.0 ❌
    [ 122/200] synth_pad   sat_light     F#3  | midi: gt=54 pred=54 ✅  | spn: gt=F#3 pred=C6 ❌  | doremi: gt=fa# pred=sol# ❌  | hz: gt=184.9972 pred=480.0 ❌
    [ 123/200] sine        sat_light     F#3  | midi: gt=54 pred=54 ✅  | spn: gt=F#3 pred=C6 ❌  | doremi: gt=fa# pred=sol ❌  | hz: gt=184.9972 pred=107.89 ❌
    [ 124/200] triangle    sat_light     F#3  | midi: gt=54 pred=54 ✅  | spn: gt=F#3 pred=C6 ❌  | doremi: gt=fa# pred=sol ❌  | hz: gt=184.9972 pred=107.89 ❌
    [ 125/200] clarinet    sat_light     F#3  | midi: gt=54 pred=54 ✅  | spn: gt=F#3 pred=C4 ❌  | doremi: gt=fa# pred=sol ❌  | hz: gt=184.9972 pred=436.51 ❌
    [ 126/200] synth_pad   sat_light     C4  | midi: gt=60 pred=64 ❌  | spn: gt=C4 pred=C6 ❌  | doremi: gt=do pred=sol ❌  | hz: gt=261.6256 pred=480.0 ❌
    [ 127/200] trumpet     sat_light     C4  | midi: gt=60 pred=60 ✅  | spn: gt=C4 pred=C6 ❌  | doremi: gt=do pred=sol ❌  | hz: gt=261.6256 pred=480.0 ❌
    [ 128/200] clarinet    sat_light     C4  | midi: gt=60 pred=65 ❌  | spn: gt=C4 pred=C6 ❌  | doremi: gt=do pred=sol ❌  | hz: gt=261.6256 pred=480.0 ❌
    [ 129/200] triangle    sat_light     C4  | midi: gt=60 pred=68 ❌  | spn: gt=C4 pred=C6 ❌  | doremi: gt=do pred=sol ❌  | hz: gt=261.6256 pred=480.0 ❌
    [ 130/200] piano       sat_light     C4  | midi: gt=60 pred=48 ❌  | spn: gt=C4 pred=C6 ❌  | doremi: gt=do pred=sol ❌  | hz: gt=261.6256 pred=493.88 ❌
    [ 131/200] cello       sat_light     E4  | midi: gt=64 pred=64 ✅  | spn: gt=E4 pred=E4 ✅  | doremi: gt=mi pred=sol ❌  | hz: gt=329.6276 pred=64.0 ❌
    [ 132/200] electric_keyboard  sat_light     E4  | midi: gt=64 pred=64 ✅  | spn: gt=E4 pred=C6 ❌  | doremi: gt=mi pred=mi ✅  | hz: gt=329.6276 pred=64.0 ❌
    [ 133/200] organ       sat_light     E4  | midi: gt=64 pred=64 ✅  | spn: gt=E4 pred=E4 ✅  | doremi: gt=mi pred=sol ❌  | hz: gt=329.6276 pred=1046.53 ❌
    [ 134/200] sine        sat_light     E4  | midi: gt=64 pred=63 ❌  | spn: gt=E4 pred=C6 ❌  | doremi: gt=mi pred=sol ❌  | hz: gt=329.6276 pred=450.0 ❌
    [ 135/200] oboe        sat_light     E4  | midi: gt=64 pred=64 ✅  | spn: gt=E4 pred=E4 ✅  | doremi: gt=mi pred=sol ❌  | hz: gt=329.6276 pred=640.0 ❌
    [ 136/200] trumpet     sat_light     A4  | midi: gt=69 pred=69 ✅  | spn: gt=A4 pred=A4 ✅  | doremi: gt=la pred=sol ❌  | hz: gt=440.0 pred=450.0 ❌
    [ 137/200] synth_lead  sat_light     A4  | midi: gt=69 pred=69 ✅  | spn: gt=A4 pred=C6 ❌  | doremi: gt=la pred=sol ❌  | hz: gt=440.0 pred=450.0 ❌
    [ 138/200] electric_keyboard  sat_light     A4  | midi: gt=69 pred=69 ✅  | spn: gt=A4 pred=None ❌  | doremi: gt=la pred=mi ❌  | hz: gt=440.0 pred=695.0 ❌
    [ 139/200] triangle    sat_light     A4  | midi: gt=69 pred=69 ✅  | spn: gt=A4 pred=A6 ❌  | doremi: gt=la pred=sol ❌  | hz: gt=440.0 pred=450.0 ❌
    [ 140/200] cello       sat_light     A4  | midi: gt=69 pred=69 ✅  | spn: gt=A4 pred=A4 ✅  | doremi: gt=la pred=sol ❌  | hz: gt=440.0 pred=435.0 ❌
    [ 141/200] trombone    sat_light     G5  | midi: gt=79 pred=69 ❌  | spn: gt=G5 pred=C6 ❌  | doremi: gt=sol pred=sol ✅  | hz: gt=783.9909 pred=493.88 ❌
    [ 142/200] synth_lead  sat_light     G5  | midi: gt=79 pred=68 ❌  | spn: gt=G5 pred=C6 ❌  | doremi: gt=sol pred=sol# ❌  | hz: gt=783.9909 pred=1058.43 ❌
    [ 143/200] guitar      sat_light     G5  | midi: gt=79 pred=68 ❌  | spn: gt=G5 pred=C7 ❌  | doremi: gt=sol pred=fa# ❌  | hz: gt=783.9909 pred=1034.57 ❌
    [ 144/200] piano       sat_light     G5  | midi: gt=79 pred=63 ❌  | spn: gt=G5 pred=F#6 ❌  | doremi: gt=sol pred=sol ✅  | hz: gt=783.9909 pred=750.0 ❌
    [ 145/200] electric_keyboard  sat_light     G5  | midi: gt=79 pred=79 ✅  | spn: gt=G5 pred=G7 ❌  | doremi: gt=sol pred=sol ✅  | hz: gt=783.9909 pred=793.68 ❌
    [ 146/200] electric_keyboard  sat_light     E6  | midi: gt=88 pred=88 ✅  | spn: gt=E6 pred=B8 ❌  | doremi: gt=mi pred=fa# ❌  | hz: gt=1318.5102 pred=882.0 ❌
    [ 147/200] synth_pad   sat_light     E6  | midi: gt=88 pred=69 ❌  | spn: gt=E6 pred=C6 ❌  | doremi: gt=mi pred=sol# ❌  | hz: gt=1318.5102 pred=1034.52 ❌
    [ 148/200] synth_lead  sat_light     E6  | midi: gt=88 pred=69 ❌  | spn: gt=E6 pred=C6 ❌  | doremi: gt=mi pred=sol ❌  | hz: gt=1318.5102 pred=1309.85 ✅
    [ 149/200] sine        sat_light     E6  | midi: gt=88 pred=83 ❌  | spn: gt=E6 pred=C6 ❌  | doremi: gt=mi pred=sol ❌  | hz: gt=1318.5102 pred=4800.0 ❌
    [ 150/200] trombone    sat_light     E6  | midi: gt=88 pred=86 ❌  | spn: gt=E6 pred=C6 ❌  | doremi: gt=mi pred=sol ❌  | hz: gt=1318.5102 pred=4032.0 ❌
    [ 151/200] clarinet    sat_medium    F#1  | midi: gt=30 pred=43 ❌  | spn: gt=F#1 pred=C6 ❌  | doremi: gt=fa# pred=fa# ✅  | hz: gt=46.2493 pred=435.0 ❌
    [ 152/200] bass        sat_medium    F#1  | midi: gt=30 pred=34 ❌  | spn: gt=F#1 pred=A#2 ❌  | doremi: gt=fa# pred=fa# ✅  | hz: gt=46.2493 pred=105.26 ❌
    [ 153/200] sine        sat_medium    F#1  | midi: gt=30 pred=43 ❌  | spn: gt=F#1 pred=A#2 ❌  | doremi: gt=fa# pred=sol ❌  | hz: gt=46.2493 pred=450.0 ❌
    [ 154/200] triangle    sat_medium    F#1  | midi: gt=30 pred=35 ❌  | spn: gt=F#1 pred=C2 ❌  | doremi: gt=fa# pred=fa# ✅  | hz: gt=46.2493 pred=250.0 ❌
    [ 155/200] organ       sat_medium    F#1  | midi: gt=30 pred=43 ❌  | spn: gt=F#1 pred=A#2 ❌  | doremi: gt=fa# pred=fa# ✅  | hz: gt=46.2493 pred=107.65 ❌
    [ 156/200] oboe        sat_medium    C2  | midi: gt=36 pred=36 ✅  | spn: gt=C2 pred=C2 ✅  | doremi: gt=do pred=fa# ❌  | hz: gt=65.4064 pred=435.0 ❌
    [ 157/200] trombone    sat_medium    C2  | midi: gt=36 pred=35 ❌  | spn: gt=C2 pred=A#2 ❌  | doremi: gt=do pred=sol ❌  | hz: gt=65.4064 pred=450.0 ❌
    [ 158/200] flute       sat_medium    C2  | midi: gt=36 pred=43 ❌  | spn: gt=C2 pred=C2 ✅  | doremi: gt=do pred=fa# ❌  | hz: gt=65.4064 pred=415.3068792 ❌
    [ 159/200] sawtooth    sat_medium    C2  | midi: gt=36 pred=35 ❌  | spn: gt=C2 pred=C2 ✅  | doremi: gt=do pred=fa# ❌  | hz: gt=65.4064 pred=480.0 ❌
    [ 160/200] triangle    sat_medium    C2  | midi: gt=36 pred=48 ❌  | spn: gt=C2 pred=C2 ✅  | doremi: gt=do pred=sol ❌  | hz: gt=65.4064 pred=150.0 ❌
    [ 161/200] voice       sat_medium    G2  | midi: gt=43 pred=63 ❌  | spn: gt=G2 pred=C6 ❌  | doremi: gt=sol pred=fa# ❌  | hz: gt=97.9989 pred=480.0 ❌
    [ 162/200] square      sat_medium    G2  | midi: gt=43 pred=43 ✅  | spn: gt=G2 pred=G2 ✅  | doremi: gt=sol pred=sol ✅  | hz: gt=97.9989 pred=480.0 ❌
    [ 163/200] synth_pad   sat_medium    G2  | midi: gt=43 pred=65 ❌  | spn: gt=G2 pred=C6 ❌  | doremi: gt=sol pred=sol ✅  | hz: gt=97.9989 pred=480.0 ❌
    [ 164/200] bass        sat_medium    G2  | midi: gt=43 pred=43 ✅  | spn: gt=G2 pred=C4 ❌  | doremi: gt=sol pred=sol ✅  | hz: gt=97.9989 pred=435.0 ❌
    [ 165/200] cello       sat_medium    G2  | midi: gt=43 pred=43 ✅  | spn: gt=G2 pred=C2 ❌  | doremi: gt=sol pred=sol ✅  | hz: gt=97.9989 pred=105.26 ❌
    [ 166/200] square      sat_medium    C3  | midi: gt=48 pred=48 ✅  | spn: gt=C3 pred=C6 ❌  | doremi: gt=do pred=sol ❌  | hz: gt=130.8128 pred=1046.53 ❌
    [ 167/200] synth_pad   sat_medium    C3  | midi: gt=48 pred=64 ❌  | spn: gt=C3 pred=C6 ❌  | doremi: gt=do pred=fa# ❌  | hz: gt=130.8128 pred=480.0 ❌
    [ 168/200] piano       sat_medium    C3  | midi: gt=48 pred=63 ❌  | spn: gt=C3 pred=C6 ❌  | doremi: gt=do pred=sol ❌  | hz: gt=130.8128 pred=493.88 ❌
    [ 169/200] synth_lead  sat_medium    C3  | midi: gt=48 pred=64 ❌  | spn: gt=C3 pred=C6 ❌  | doremi: gt=do pred=fa# ❌  | hz: gt=130.8128 pred=1058.47 ❌
    [ 170/200] clarinet    sat_medium    C3  | midi: gt=48 pred=64 ❌  | spn: gt=C3 pred=C6 ❌  | doremi: gt=do pred=fa# ❌  | hz: gt=130.8128 pred=435.0 ❌
    [ 171/200] bass        sat_medium    F#3  | midi: gt=54 pred=54 ✅  | spn: gt=F#3 pred=F#2 ❌  | doremi: gt=fa# pred=mi ❌  | hz: gt=184.9972 pred=435.0 ❌
    [ 172/200] synth_pad   sat_medium    F#3  | midi: gt=54 pred=65 ❌  | spn: gt=F#3 pred=C6 ❌  | doremi: gt=fa# pred=fa# ✅  | hz: gt=184.9972 pred=480.0 ❌
    [ 173/200] electric_keyboard  sat_medium    F#3  | midi: gt=54 pred=54 ✅  | spn: gt=F#3 pred=C6 ❌  | doremi: gt=fa# pred=sol ❌  | hz: gt=184.9972 pred=480.0 ❌
    [ 174/200] trumpet     sat_medium    F#3  | midi: gt=54 pred=54 ✅  | spn: gt=F#3 pred=F#4 ❌  | doremi: gt=fa# pred=sol ❌  | hz: gt=184.9972 pred=435.0 ❌
    [ 175/200] voice       sat_medium    F#3  | midi: gt=54 pred=65 ❌  | spn: gt=F#3 pred=C6 ❌  | doremi: gt=fa# pred=fa# ✅  | hz: gt=184.9972 pred=450.0 ❌
    [ 176/200] cello       sat_medium    C4  | midi: gt=60 pred=63 ❌  | spn: gt=C4 pred=C6 ❌  | doremi: gt=do pred=sol ❌  | hz: gt=261.6256 pred=480.0 ❌
    [ 177/200] guitar      sat_medium    C4  | midi: gt=60 pred=60 ✅  | spn: gt=C4 pred=C6 ❌  | doremi: gt=do pred=sol ❌  | hz: gt=261.6256 pred=480.0 ❌
    [ 178/200] synth_pad   sat_medium    C4  | midi: gt=60 pred=64 ❌  | spn: gt=C4 pred=C6 ❌  | doremi: gt=do pred=sol ❌  | hz: gt=261.6256 pred=480.0 ❌
    [ 179/200] trombone    sat_medium    C4  | midi: gt=60 pred=60 ✅  | spn: gt=C4 pred=C6 ❌  | doremi: gt=do pred=sol ❌  | hz: gt=261.6256 pred=480.0 ❌
    [ 180/200] synth_lead  sat_medium    C4  | midi: gt=60 pred=64 ❌  | spn: gt=C4 pred=C6 ❌  | doremi: gt=do pred=sol ❌  | hz: gt=261.6256 pred=480.0 ❌
    [ 181/200] oboe        sat_medium    E4  | midi: gt=64 pred=64 ✅  | spn: gt=E4 pred=A#6 ❌  | doremi: gt=mi pred=sol ❌  | hz: gt=329.6276 pred=403.57 ❌
    [ 182/200] organ       sat_medium    E4  | midi: gt=64 pred=64 ✅  | spn: gt=E4 pred=C6 ❌  | doremi: gt=mi pred=sol ❌  | hz: gt=329.6276 pred=1046.53 ❌
    [ 183/200] synth_lead  sat_medium    E4  | midi: gt=64 pred=69 ❌  | spn: gt=E4 pred=C6 ❌  | doremi: gt=mi pred=sol ❌  | hz: gt=329.6276 pred=480.0 ❌
    [ 184/200] synth_pad   sat_medium    E4  | midi: gt=64 pred=69 ❌  | spn: gt=E4 pred=C6 ❌  | doremi: gt=mi pred=sol ❌  | hz: gt=329.6276 pred=480.0 ❌
    [ 185/200] sawtooth    sat_medium    E4  | midi: gt=64 pred=64 ✅  | spn: gt=E4 pred=A6 ❌  | doremi: gt=mi pred=sol ❌  | hz: gt=329.6276 pred=450.0 ❌
    [ 186/200] flute       sat_medium    A4  | midi: gt=69 pred=69 ✅  | spn: gt=A4 pred=C6 ❌  | doremi: gt=la pred=sol ❌  | hz: gt=440.0 pred=450.0 ❌
    [ 187/200] voice       sat_medium    A4  | midi: gt=69 pred=69 ✅  | spn: gt=A4 pred=C6 ❌  | doremi: gt=la pred=sol# ❌  | hz: gt=440.0 pred=460.0 ❌
    [ 188/200] square      sat_medium    A4  | midi: gt=69 pred=69 ✅  | spn: gt=A4 pred=A6 ❌  | doremi: gt=la pred=sol ❌  | hz: gt=440.0 pred=1046.53 ❌
    [ 189/200] clarinet    sat_medium    A4  | midi: gt=69 pred=69 ✅  | spn: gt=A4 pred=A4 ✅  | doremi: gt=la pred=sol ❌  | hz: gt=440.0 pred=450.0 ❌
    [ 190/200] sine        sat_medium    A4  | midi: gt=69 pred=69 ✅  | spn: gt=A4 pred=A6 ❌  | doremi: gt=la pred=sol ❌  | hz: gt=440.0 pred=450.0 ❌
    [ 191/200] voice       sat_medium    G5  | midi: gt=79 pred=68 ❌  | spn: gt=G5 pred=C6 ❌  | doremi: gt=sol pred=sol# ❌  | hz: gt=783.9909 pred=1046.57 ❌
    [ 192/200] synth_pad   sat_medium    G5  | midi: gt=79 pred=69 ❌  | spn: gt=G5 pred=C6 ❌  | doremi: gt=sol pred=sol# ❌  | hz: gt=783.9909 pred=1075.83 ❌
    [ 193/200] flute       sat_medium    G5  | midi: gt=79 pred=69 ❌  | spn: gt=G5 pred=C6 ❌  | doremi: gt=sol pred=sol ✅  | hz: gt=783.9909 pred=480.0 ❌
    [ 194/200] synth_lead  sat_medium    G5  | midi: gt=79 pred=69 ❌  | spn: gt=G5 pred=C6 ❌  | doremi: gt=sol pred=sol# ❌  | hz: gt=783.9909 pred=1046.53 ❌
    [ 195/200] sine        sat_medium    G5  | midi: gt=79 pred=68 ❌  | spn: gt=G5 pred=C6 ❌  | doremi: gt=sol pred=sol ✅  | hz: gt=783.9909 pred=450.0 ❌
    [ 196/200] square      sat_medium    E6  | midi: gt=88 pred=65 ❌  | spn: gt=E6 pred=C6 ❌  | doremi: gt=mi pred=sol# ❌  | hz: gt=1318.5102 pred=450.0 ❌
    [ 197/200] sawtooth    sat_medium    E6  | midi: gt=88 pred=65 ❌  | spn: gt=E6 pred=F#6 ❌  | doremi: gt=mi pred=sol# ❌  | hz: gt=1318.5102 pred=1046.53 ❌
    [ 198/200] flute       sat_medium    E6  | midi: gt=88 pred=83 ❌  | spn: gt=E6 pred=C6 ❌  | doremi: gt=mi pred=sol ❌  | hz: gt=1318.5102 pred=830.41 ❌
    [ 199/200] voice       sat_medium    E6  | midi: gt=88 pred=84 ❌  | spn: gt=E6 pred=B6 ❌  | doremi: gt=mi pred=sol# ❌  | hz: gt=1318.5102 pred=1046.57 ❌
    [ 200/200] organ       sat_medium    E6  | midi: gt=88 pred=83 ❌  | spn: gt=E6 pred=B6 ❌  | doremi: gt=mi pred=sol# ❌  | hz: gt=1318.5102 pred=1046.57 ❌

============================================================
SUMMARY — audio_flamingo_next_instruct
  Sampling     : 200 of 760 (stratified by '(saturation_level, midi)', seed=42)
  Stimuli (total)     : 200
  Stimuli (condition) : 200  (all records)

  Format   Accuracy
  ──────────────────
    MIDI      39.0%
     SPN      11.5%
  DOREMI      22.0%
      HZ       1.0%
     ANY      58.0%

  *** WARNING: working tree has uncommitted changes — results will NOT be exactly reproducible from git_commit alone ***


Results saved → results/run_20260505_112814/pitchbench_e4_harmonic_saturation/run_001_20260505_121541/results_audio_flamingo_next_instruct.*

############################################################
# pitchbench_e5_time_stretch
############################################################

Experiment : pitchbench_e5_time_stretch
Models     : audio_flamingo_next_instruct
Stimuli    : 300
  Sampling     : 300 of 1140 (stratified by '(condition, midi)', seed=42)

  Model : Audio Flamingo Next – instruct
    [dispatch] 300 items, max_workers=1
    [   1/300] triangle    clean           orig=C2   → gt=C2  | midi: gt=36 pred=45 ❌  | spn: gt=C2 pred=C4 ❌  | doremi: gt=do pred=sol ❌  | hz: gt=65.4064 pred=480.0 ❌
    [   2/300] sine        clean           orig=C2   → gt=C2  | midi: gt=36 pred=48 ❌  | spn: gt=C2 pred=C2 ✅  | doremi: gt=do pred=sol ❌  | hz: gt=65.4064 pred=480.0 ❌
    [   3/300] trumpet     clean           orig=C2   → gt=C2  | midi: gt=36 pred=36 ✅  | spn: gt=C2 pred=C2 ✅  | doremi: gt=do pred=re ❌  | hz: gt=65.4064 pred=340.0 ❌
    [   4/300] flute       clean           orig=C2   → gt=C2  | midi: gt=36 pred=48 ❌  | spn: gt=C2 pred=C2 ✅  | doremi: gt=do pred=fa# ❌  | hz: gt=65.4064 pred=480.0 ❌
    [   5/300] voice       clean           orig=C2   → gt=C2  | midi: gt=36 pred=65 ❌  | spn: gt=C2 pred=C4 ❌  | doremi: gt=do pred=sol ❌  | hz: gt=65.4064 pred=480.0 ❌
    [   6/300] piano       clean           orig=G2   → gt=G2  | midi: gt=43 pred=43 ✅  | spn: gt=G2 pred=C4 ❌  | doremi: gt=sol pred=sol ✅  | hz: gt=97.9989 pred=435.0 ❌
    [   7/300] triangle    clean           orig=G2   → gt=G2  | midi: gt=43 pred=43 ✅  | spn: gt=G2 pred=C6 ❌  | doremi: gt=sol pred=sol ✅  | hz: gt=97.9989 pred=480.0 ❌
    [   8/300] square      clean           orig=G2   → gt=G2  | midi: gt=43 pred=43 ✅  | spn: gt=G2 pred=F#2 ❌  | doremi: gt=sol pred=sol ✅  | hz: gt=97.9989 pred=450.0 ❌
    [   9/300] cello       clean           orig=G2   → gt=G2  | midi: gt=43 pred=43 ✅  | spn: gt=G2 pred=G2 ✅  | doremi: gt=sol pred=mi ❌  | hz: gt=97.9989 pred=430.51 ❌
    [  10/300] sine        clean           orig=G2   → gt=G2  | midi: gt=43 pred=48 ❌  | spn: gt=G2 pred=C4 ❌  | doremi: gt=sol pred=sol ✅  | hz: gt=97.9989 pred=480.0 ❌
    [  11/300] sine        clean           orig=C3   → gt=C3  | midi: gt=48 pred=48 ✅  | spn: gt=C3 pred=C2 ❌  | doremi: gt=do pred=sol ❌  | hz: gt=130.8128 pred=480.0 ❌
    [  12/300] square      clean           orig=C3   → gt=C3  | midi: gt=48 pred=45 ❌  | spn: gt=C3 pred=C6 ❌  | doremi: gt=do pred=sol ❌  | hz: gt=130.8128 pred=450.0 ❌
    [  13/300] guitar      clean           orig=C3   → gt=C3  | midi: gt=48 pred=48 ✅  | spn: gt=C3 pred=C4 ❌  | doremi: gt=do pred=sol ❌  | hz: gt=130.8128 pred=480.0 ❌
    [  14/300] flute       clean           orig=C3   → gt=C3  | midi: gt=48 pred=48 ✅  | spn: gt=C3 pred=C6 ❌  | doremi: gt=do pred=sol ❌  | hz: gt=130.8128 pred=480.0 ❌
    [  15/300] trumpet     clean           orig=C3   → gt=C3  | midi: gt=48 pred=48 ✅  | spn: gt=C3 pred=C4 ❌  | doremi: gt=do pred=sol ❌  | hz: gt=130.8128 pred=480.0 ❌
    [  16/300] sine        clean           orig=F#3  → gt=F#3  | midi: gt=54 pred=48 ❌  | spn: gt=F#3 pred=C4 ❌  | doremi: gt=fa# pred=sol ❌  | hz: gt=184.9972 pred=480.0 ❌
    [  17/300] synth_pad   clean           orig=F#3  → gt=F#3  | midi: gt=54 pred=65 ❌  | spn: gt=F#3 pred=C6 ❌  | doremi: gt=fa# pred=sol ❌  | hz: gt=184.9972 pred=480.0 ❌
    [  18/300] guitar      clean           orig=F#3  → gt=F#3  | midi: gt=54 pred=54 ✅  | spn: gt=F#3 pred=C4 ❌  | doremi: gt=fa# pred=mi ❌  | hz: gt=184.9972 pred=435.0 ❌
    [  19/300] cello       clean           orig=F#3  → gt=F#3  | midi: gt=54 pred=54 ✅  | spn: gt=F#3 pred=F#4 ❌  | doremi: gt=fa# pred=mi ❌  | hz: gt=184.9972 pred=420.0 ❌
    [  20/300] triangle    clean           orig=F#3  → gt=F#3  | midi: gt=54 pred=54 ✅  | spn: gt=F#3 pred=F#2 ❌  | doremi: gt=fa# pred=sol ❌  | hz: gt=184.9972 pred=480.0 ❌
    [  21/300] organ       clean           orig=A#3  → gt=A#3  | midi: gt=58 pred=58 ✅  | spn: gt=A#3 pred=None ❌  | doremi: gt=la# pred=sol ❌  | hz: gt=233.0819 pred=450.0 ❌
    [  22/300] trumpet     clean           orig=A#3  → gt=A#3  | midi: gt=58 pred=58 ✅  | spn: gt=A#3 pred=A#6 ❌  | doremi: gt=la# pred=sol ❌  | hz: gt=233.0819 pred=450.0 ❌
    [  23/300] sine        clean           orig=A#3  → gt=A#3  | midi: gt=58 pred=58 ✅  | spn: gt=A#3 pred=C4 ❌  | doremi: gt=la# pred=sol ❌  | hz: gt=233.0819 pred=450.0 ❌
    [  24/300] electric_keyboard  clean           orig=A#3  → gt=A#3  | midi: gt=58 pred=58 ✅  | spn: gt=A#3 pred=A#5 ❌  | doremi: gt=la# pred=mi ❌  | hz: gt=233.0819 pred=58.0 ❌
    [  25/300] oboe        clean           orig=A#3  → gt=A#3  | midi: gt=58 pred=58 ✅  | spn: gt=A#3 pred=None ❌  | doremi: gt=la# pred=mi ❌  | hz: gt=233.0819 pred=453.06 ❌
    [  26/300] cello       clean           orig=C4   → gt=C4  | midi: gt=60 pred=63 ❌  | spn: gt=C4 pred=C6 ❌  | doremi: gt=do pred=sol ❌  | hz: gt=261.6256 pred=480.0 ❌
    [  27/300] clarinet    clean           orig=C4   → gt=C4  | midi: gt=60 pred=65 ❌  | spn: gt=C4 pred=C6 ❌  | doremi: gt=do pred=sol ❌  | hz: gt=261.6256 pred=450.0 ❌
    [  28/300] trumpet     clean           orig=C4   → gt=C4  | midi: gt=60 pred=64 ❌  | spn: gt=C4 pred=C6 ❌  | doremi: gt=do pred=sol ❌  | hz: gt=261.6256 pred=480.0 ❌
    [  29/300] piano       clean           orig=C4   → gt=C4  | midi: gt=60 pred=63 ❌  | spn: gt=C4 pred=C6 ❌  | doremi: gt=do pred=sol ❌  | hz: gt=261.6256 pred=480.0 ❌
    [  30/300] triangle    clean           orig=C4   → gt=C4  | midi: gt=60 pred=63 ❌  | spn: gt=C4 pred=C6 ❌  | doremi: gt=do pred=sol ❌  | hz: gt=261.6256 pred=480.0 ❌
    [  31/300] clarinet    clean           orig=E4   → gt=E4  | midi: gt=64 pred=64 ✅  | spn: gt=E4 pred=C6 ❌  | doremi: gt=mi pred=mi ✅  | hz: gt=329.6276 pred=450.0 ❌
    [  32/300] triangle    clean           orig=E4   → gt=E4  | midi: gt=64 pred=63 ❌  | spn: gt=E4 pred=C6 ❌  | doremi: gt=mi pred=sol ❌  | hz: gt=329.6276 pred=450.0 ❌
    [  33/300] square      clean           orig=E4   → gt=E4  | midi: gt=64 pred=64 ✅  | spn: gt=E4 pred=A6 ❌  | doremi: gt=mi pred=sol ❌  | hz: gt=329.6276 pred=450.0 ❌
    [  34/300] violin      clean           orig=E4   → gt=E4  | midi: gt=64 pred=64 ✅  | spn: gt=E4 pred=C6 ❌  | doremi: gt=mi pred=sol ❌  | hz: gt=329.6276 pred=400.0 ❌
    [  35/300] sawtooth    clean           orig=E4   → gt=E4  | midi: gt=64 pred=64 ✅  | spn: gt=E4 pred=A6 ❌  | doremi: gt=mi pred=sol ❌  | hz: gt=329.6276 pred=450.0 ❌
    [  36/300] oboe        clean           orig=G4   → gt=G4  | midi: gt=67 pred=67 ✅  | spn: gt=G4 pred=C6 ❌  | doremi: gt=sol pred=sol ✅  | hz: gt=391.9954 pred=6750.0 ❌
    [  37/300] voice       clean           orig=G4   → gt=G4  | midi: gt=67 pred=69 ❌  | spn: gt=G4 pred=C6 ❌  | doremi: gt=sol pred=sol ✅  | hz: gt=391.9954 pred=435.0 ❌
    [  38/300] trumpet     clean           orig=G4   → gt=G4  | midi: gt=67 pred=67 ✅  | spn: gt=G4 pred=C6 ❌  | doremi: gt=sol pred=sol ✅  | hz: gt=391.9954 pred=6750.0 ❌
    [  39/300] sawtooth    clean           orig=G4   → gt=G4  | midi: gt=67 pred=63 ❌  | spn: gt=G4 pred=F#6 ❌  | doremi: gt=sol pred=sol ✅  | hz: gt=391.9954 pred=450.0 ❌
    [  40/300] synth_pad   clean           orig=G4   → gt=G4  | midi: gt=67 pred=69 ❌  | spn: gt=G4 pred=C6 ❌  | doremi: gt=sol pred=sol ✅  | hz: gt=391.9954 pred=480.0 ❌
    [  41/300] organ       clean           orig=A4   → gt=A4  | midi: gt=69 pred=69 ✅  | spn: gt=A4 pred=None ❌  | doremi: gt=la pred=sol ❌  | hz: gt=440.0 pred=693.0 ❌
    [  42/300] synth_pad   clean           orig=A4   → gt=A4  | midi: gt=69 pred=69 ✅  | spn: gt=A4 pred=C6 ❌  | doremi: gt=la pred=sol ❌  | hz: gt=440.0 pred=450.0 ❌
    [  43/300] triangle    clean           orig=A4   → gt=A4  | midi: gt=69 pred=69 ✅  | spn: gt=A4 pred=A6 ❌  | doremi: gt=la pred=sol ❌  | hz: gt=440.0 pred=450.0 ❌
    [  44/300] violin      clean           orig=A4   → gt=A4  | midi: gt=69 pred=69 ✅  | spn: gt=A4 pred=None ❌  | doremi: gt=la pred=sol ❌  | hz: gt=440.0 pred=450.0 ❌
    [  45/300] sawtooth    clean           orig=A4   → gt=A4  | midi: gt=69 pred=69 ✅  | spn: gt=A4 pred=A4 ✅  | doremi: gt=la pred=sol ❌  | hz: gt=440.0 pred=450.0 ❌
    [  46/300] synth_pad   clean           orig=C5   → gt=C5  | midi: gt=72 pred=69 ❌  | spn: gt=C5 pred=C6 ❌  | doremi: gt=do pred=sol ❌  | hz: gt=523.2511 pred=480.0 ❌
    [  47/300] trombone    clean           orig=C5   → gt=C5  | midi: gt=72 pred=68 ❌  | spn: gt=C5 pred=C6 ❌  | doremi: gt=do pred=sol ❌  | hz: gt=523.2511 pred=600.0 ❌
    [  48/300] oboe        clean           orig=C5   → gt=C5  | midi: gt=72 pred=68 ❌  | spn: gt=C5 pred=C6 ❌  | doremi: gt=do pred=sol ❌  | hz: gt=523.2511 pred=600.0 ❌
    [  49/300] guitar      clean           orig=C5   → gt=C5  | midi: gt=72 pred=68 ❌  | spn: gt=C5 pred=C6 ❌  | doremi: gt=do pred=sol ❌  | hz: gt=523.2511 pred=480.0 ❌
    [  50/300] synth_lead  clean           orig=C5   → gt=C5  | midi: gt=72 pred=63 ❌  | spn: gt=C5 pred=C6 ❌  | doremi: gt=do pred=sol ❌  | hz: gt=523.2511 pred=480.0 ❌
    [  51/300] square      clean           orig=F5   → gt=F5  | midi: gt=77 pred=65 ❌  | spn: gt=F5 pred=F#6 ❌  | doremi: gt=fa pred=sol ❌  | hz: gt=698.4565 pred=450.0 ❌
    [  52/300] sawtooth    clean           orig=F5   → gt=F5  | midi: gt=77 pred=69 ❌  | spn: gt=F5 pred=F#6 ❌  | doremi: gt=fa pred=sol ❌  | hz: gt=698.4565 pred=450.0 ❌
    [  53/300] flute       clean           orig=F5   → gt=F5  | midi: gt=77 pred=65 ❌  | spn: gt=F5 pred=F#6 ❌  | doremi: gt=fa pred=sol ❌  | hz: gt=698.4565 pred=700.0 ✅
    [  54/300] trombone    clean           orig=F5   → gt=F5  | midi: gt=77 pred=69 ❌  | spn: gt=F5 pred=C6 ❌  | doremi: gt=fa pred=sol ❌  | hz: gt=698.4565 pred=659.3 ❌
    [  55/300] synth_pad   clean           orig=F5   → gt=F5  | midi: gt=77 pred=69 ❌  | spn: gt=F5 pred=C6 ❌  | doremi: gt=fa pred=sol ❌  | hz: gt=698.4565 pred=460.0 ❌
    [  56/300] flute       clean           orig=C6   → gt=C6  | midi: gt=84 pred=84 ✅  | spn: gt=C6 pred=C6 ✅  | doremi: gt=do pred=sol ❌  | hz: gt=1046.5023 pred=840.0 ❌
    [  57/300] triangle    clean           orig=C6   → gt=C6  | midi: gt=84 pred=68 ❌  | spn: gt=C6 pred=C6 ✅  | doremi: gt=do pred=sol ❌  | hz: gt=1046.5023 pred=480.0 ❌
    [  58/300] violin      clean           orig=C6   → gt=C6  | midi: gt=84 pred=84 ✅  | spn: gt=C6 pred=C6 ✅  | doremi: gt=do pred=sol ❌  | hz: gt=1046.5023 pred=480.0 ❌
    [  59/300] trumpet     clean           orig=C6   → gt=C6  | midi: gt=84 pred=84 ✅  | spn: gt=C6 pred=C6 ✅  | doremi: gt=do pred=sol ❌  | hz: gt=1046.5023 pred=800.0 ❌
    [  60/300] voice       clean           orig=C6   → gt=C6  | midi: gt=84 pred=84 ✅  | spn: gt=C6 pred=C6 ✅  | doremi: gt=do pred=sol ❌  | hz: gt=1046.5023 pred=840.0 ❌
    [  61/300] oboe        resample_0.5x   orig=C2   → gt=C3  | midi: gt=48 pred=48 ✅  | spn: gt=C3 pred=C4 ❌  | doremi: gt=do pred=fa# ❌  | hz: gt=130.8128 pred=480.0 ❌
    [  62/300] electric_keyboard  resample_0.5x   orig=C2   → gt=C3  | midi: gt=48 pred=48 ✅  | spn: gt=C3 pred=C6 ❌  | doremi: gt=do pred=sol ❌  | hz: gt=130.8128 pred=480.0 ❌
    [  63/300] voice       resample_0.5x   orig=C2   → gt=C3  | midi: gt=48 pred=65 ❌  | spn: gt=C3 pred=C6 ❌  | doremi: gt=do pred=sol ❌  | hz: gt=130.8128 pred=415.3 ❌
    [  64/300] synth_lead  resample_0.5x   orig=C2   → gt=C3  | midi: gt=48 pred=64 ❌  | spn: gt=C3 pred=C6 ❌  | doremi: gt=do pred=sol ❌  | hz: gt=130.8128 pred=415.3 ❌
    [  65/300] triangle    resample_0.5x   orig=C2   → gt=C3  | midi: gt=48 pred=48 ✅  | spn: gt=C3 pred=C6 ❌  | doremi: gt=do pred=sol ❌  | hz: gt=130.8128 pred=480.0 ❌
    [  66/300] trumpet     resample_0.5x   orig=G2   → gt=G3  | midi: gt=55 pred=68 ❌  | spn: gt=G3 pred=A#6 ❌  | doremi: gt=sol pred=sol ✅  | hz: gt=195.9977 pred=450.0 ❌
    [  67/300] square      resample_0.5x   orig=G2   → gt=G3  | midi: gt=55 pred=63 ❌  | spn: gt=G3 pred=C6 ❌  | doremi: gt=sol pred=sol ✅  | hz: gt=195.9977 pred=480.0 ❌
    [  68/300] electric_keyboard  resample_0.5x   orig=G2   → gt=G3  | midi: gt=55 pred=56 ❌  | spn: gt=G3 pred=C6 ❌  | doremi: gt=sol pred=sol ✅  | hz: gt=195.9977 pred=435.0 ❌
    [  69/300] flute       resample_0.5x   orig=G2   → gt=G3  | midi: gt=55 pred=65 ❌  | spn: gt=G3 pred=C6 ❌  | doremi: gt=sol pred=sol ✅  | hz: gt=195.9977 pred=415.306872493 ❌
    [  70/300] synth_pad   resample_0.5x   orig=G2   → gt=G3  | midi: gt=55 pred=65 ❌  | spn: gt=G3 pred=C6 ❌  | doremi: gt=sol pred=sol ✅  | hz: gt=195.9977 pred=480.0 ❌
    [  71/300] organ       resample_0.5x   orig=C3   → gt=C4  | midi: gt=60 pred=63 ❌  | spn: gt=C4 pred=C6 ❌  | doremi: gt=do pred=sol ❌  | hz: gt=261.6256 pred=480.0 ❌
    [  72/300] violin      resample_0.5x   orig=C3   → gt=C4  | midi: gt=60 pred=68 ❌  | spn: gt=C4 pred=C6 ❌  | doremi: gt=do pred=sol ❌  | hz: gt=261.6256 pred=460.0 ❌
    [  73/300] trumpet     resample_0.5x   orig=C3   → gt=C4  | midi: gt=60 pred=64 ❌  | spn: gt=C4 pred=C6 ❌  | doremi: gt=do pred=sol ❌  | hz: gt=261.6256 pred=480.0 ❌
    [  74/300] flute       resample_0.5x   orig=C3   → gt=C4  | midi: gt=60 pred=63 ❌  | spn: gt=C4 pred=C6 ❌  | doremi: gt=do pred=sol ❌  | hz: gt=261.6256 pred=480.0 ❌
    [  75/300] clarinet    resample_0.5x   orig=C3   → gt=C4  | midi: gt=60 pred=65 ❌  | spn: gt=C4 pred=C6 ❌  | doremi: gt=do pred=sol ❌  | hz: gt=261.6256 pred=480.0 ❌
    [  76/300] clarinet    resample_0.5x   orig=F#3  → gt=F#4  | midi: gt=66 pred=68 ❌  | spn: gt=F#4 pred=C6 ❌  | doremi: gt=fa# pred=sol ❌  | hz: gt=369.9944 pred=435.0 ❌
    [  77/300] sawtooth    resample_0.5x   orig=F#3  → gt=F#4  | midi: gt=66 pred=65 ❌  | spn: gt=F#4 pred=F#6 ❌  | doremi: gt=fa# pred=sol ❌  | hz: gt=369.9944 pred=480.0 ❌
    [  78/300] flute       resample_0.5x   orig=F#3  → gt=F#4  | midi: gt=66 pred=69 ❌  | spn: gt=F#4 pred=C6 ❌  | doremi: gt=fa# pred=sol ❌  | hz: gt=369.9944 pred=460.0 ❌
    [  79/300] synth_pad   resample_0.5x   orig=F#3  → gt=F#4  | midi: gt=66 pred=65 ❌  | spn: gt=F#4 pred=C6 ❌  | doremi: gt=fa# pred=sol ❌  | hz: gt=369.9944 pred=480.0 ❌
    [  80/300] violin      resample_0.5x   orig=F#3  → gt=F#4  | midi: gt=66 pred=68 ❌  | spn: gt=F#4 pred=C6 ❌  | doremi: gt=fa# pred=sol ❌  | hz: gt=369.9944 pred=480.0 ❌
    [  81/300] clarinet    resample_0.5x   orig=A#3  → gt=A#4  | midi: gt=70 pred=69 ❌  | spn: gt=A#4 pred=C6 ❌  | doremi: gt=la# pred=sol ❌  | hz: gt=466.1638 pred=415.306 ❌
    [  82/300] violin      resample_0.5x   orig=A#3  → gt=A#4  | midi: gt=70 pred=69 ❌  | spn: gt=A#4 pred=C6 ❌  | doremi: gt=la# pred=sol ❌  | hz: gt=466.1638 pred=460.0 ❌
    [  83/300] trumpet     resample_0.5x   orig=A#3  → gt=A#4  | midi: gt=70 pred=69 ❌  | spn: gt=A#4 pred=A4 ❌  | doremi: gt=la# pred=sol ❌  | hz: gt=466.1638 pred=450.0 ❌
    [  84/300] square      resample_0.5x   orig=A#3  → gt=A#4  | midi: gt=70 pred=68 ❌  | spn: gt=A#4 pred=C6 ❌  | doremi: gt=la# pred=sol ❌  | hz: gt=466.1638 pred=480.0 ❌
    [  85/300] triangle    resample_0.5x   orig=A#3  → gt=A#4  | midi: gt=70 pred=69 ❌  | spn: gt=A#4 pred=C6 ❌  | doremi: gt=la# pred=sol ❌  | hz: gt=466.1638 pred=450.0 ❌
    [  86/300] voice       resample_0.5x   orig=C4   → gt=C5  | midi: gt=72 pred=68 ❌  | spn: gt=C5 pred=C6 ❌  | doremi: gt=do pred=sol ❌  | hz: gt=523.2511 pred=460.0 ❌
    [  87/300] clarinet    resample_0.5x   orig=C4   → gt=C5  | midi: gt=72 pred=68 ❌  | spn: gt=C5 pred=C6 ❌  | doremi: gt=do pred=sol ❌  | hz: gt=523.2511 pred=450.0 ❌
    [  88/300] guitar      resample_0.5x   orig=C4   → gt=C5  | midi: gt=72 pred=64 ❌  | spn: gt=C5 pred=C6 ❌  | doremi: gt=do pred=sol ❌  | hz: gt=523.2511 pred=480.0 ❌
    [  89/300] bass        resample_0.5x   orig=C4   → gt=C5  | midi: gt=72 pred=64 ❌  | spn: gt=C5 pred=C6 ❌  | doremi: gt=do pred=sol ❌  | hz: gt=523.2511 pred=480.0 ❌
    [  90/300] synth_lead  resample_0.5x   orig=C4   → gt=C5  | midi: gt=72 pred=65 ❌  | spn: gt=C5 pred=C6 ❌  | doremi: gt=do pred=sol ❌  | hz: gt=523.2511 pred=480.0 ❌
    [  91/300] organ       resample_0.5x   orig=E4   → gt=E5  | midi: gt=76 pred=83 ❌  | spn: gt=E5 pred=C6 ❌  | doremi: gt=mi pred=sol# ❌  | hz: gt=659.2551 pred=408.0 ❌
    [  92/300] piano       resample_0.5x   orig=E4   → gt=E5  | midi: gt=76 pred=65 ❌  | spn: gt=E5 pred=C6 ❌  | doremi: gt=mi pred=sol ❌  | hz: gt=659.2551 pred=460.0 ❌
    [  93/300] trumpet     resample_0.5x   orig=E4   → gt=E5  | midi: gt=76 pred=69 ❌  | spn: gt=E5 pred=C6 ❌  | doremi: gt=mi pred=sol ❌  | hz: gt=659.2551 pred=403.0 ❌
    [  94/300] synth_pad   resample_0.5x   orig=E4   → gt=E5  | midi: gt=76 pred=69 ❌  | spn: gt=E5 pred=C6 ❌  | doremi: gt=mi pred=sol ❌  | hz: gt=659.2551 pred=493.88 ❌
    [  95/300] triangle    resample_0.5x   orig=E4   → gt=E5  | midi: gt=76 pred=69 ❌  | spn: gt=E5 pred=C6 ❌  | doremi: gt=mi pred=sol ❌  | hz: gt=659.2551 pred=659.28 ✅
    [  96/300] synth_pad   resample_0.5x   orig=G4   → gt=G5  | midi: gt=79 pred=68 ❌  | spn: gt=G5 pred=C6 ❌  | doremi: gt=sol pred=sol ✅  | hz: gt=783.9909 pred=460.0 ❌
    [  97/300] voice       resample_0.5x   orig=G4   → gt=G5  | midi: gt=79 pred=69 ❌  | spn: gt=G5 pred=C6 ❌  | doremi: gt=sol pred=sol ✅  | hz: gt=783.9909 pred=450.0 ❌
    [  98/300] trumpet     resample_0.5x   orig=G4   → gt=G5  | midi: gt=79 pred=69 ❌  | spn: gt=G5 pred=C6 ❌  | doremi: gt=sol pred=sol ✅  | hz: gt=783.9909 pred=450.0 ❌
    [  99/300] cello       resample_0.5x   orig=G4   → gt=G5  | midi: gt=79 pred=68 ❌  | spn: gt=G5 pred=C6 ❌  | doremi: gt=sol pred=sol ✅  | hz: gt=783.9909 pred=1046.53 ❌
    [ 100/300] organ       resample_0.5x   orig=G4   → gt=G5  | midi: gt=79 pred=68 ❌  | spn: gt=G5 pred=C6 ❌  | doremi: gt=sol pred=sol ✅  | hz: gt=783.9909 pred=480.0 ❌
    [ 101/300] voice       resample_0.5x   orig=A4   → gt=A5  | midi: gt=81 pred=69 ❌  | spn: gt=A5 pred=C6 ❌  | doremi: gt=la pred=sol ❌  | hz: gt=880.0 pred=450.0 ❌
    [ 102/300] violin      resample_0.5x   orig=A4   → gt=A5  | midi: gt=81 pred=69 ❌  | spn: gt=A5 pred=C6 ❌  | doremi: gt=la pred=sol ❌  | hz: gt=880.0 pred=450.0 ❌
    [ 103/300] oboe        resample_0.5x   orig=A4   → gt=A5  | midi: gt=81 pred=83 ❌  | spn: gt=A5 pred=C6 ❌  | doremi: gt=la pred=sol ❌  | hz: gt=880.0 pred=6450.0 ❌
    [ 104/300] flute       resample_0.5x   orig=A4   → gt=A5  | midi: gt=81 pred=83 ❌  | spn: gt=A5 pred=C6 ❌  | doremi: gt=la pred=sol ❌  | hz: gt=880.0 pred=None ❌
    [ 105/300] square      resample_0.5x   orig=A4   → gt=A5  | midi: gt=81 pred=65 ❌  | spn: gt=A5 pred=C6 ❌  | doremi: gt=la pred=sol ❌  | hz: gt=880.0 pred=480.0 ❌
    [ 106/300] synth_lead  resample_0.5x   orig=C5   → gt=C6  | midi: gt=84 pred=68 ❌  | spn: gt=C6 pred=C6 ✅  | doremi: gt=do pred=sol ❌  | hz: gt=1046.5023 pred=480.0 ❌
    [ 107/300] bass        resample_0.5x   orig=C5   → gt=C6  | midi: gt=84 pred=68 ❌  | spn: gt=C6 pred=C6 ✅  | doremi: gt=do pred=sol ❌  | hz: gt=1046.5023 pred=480.0 ❌
    [ 108/300] square      resample_0.5x   orig=C5   → gt=C6  | midi: gt=84 pred=65 ❌  | spn: gt=C6 pred=C6 ✅  | doremi: gt=do pred=sol ❌  | hz: gt=1046.5023 pred=480.0 ❌
    [ 109/300] sawtooth    resample_0.5x   orig=C5   → gt=C6  | midi: gt=84 pred=65 ❌  | spn: gt=C6 pred=A6 ❌  | doremi: gt=do pred=sol ❌  | hz: gt=1046.5023 pred=480.0 ❌
    [ 110/300] cello       resample_0.5x   orig=C5   → gt=C6  | midi: gt=84 pred=68 ❌  | spn: gt=C6 pred=C6 ✅  | doremi: gt=do pred=sol# ❌  | hz: gt=1046.5023 pred=480.0 ❌
    [ 111/300] triangle    resample_0.5x   orig=F5   → gt=F6  | midi: gt=89 pred=83 ❌  | spn: gt=F6 pred=C6 ❌  | doremi: gt=fa pred=sol ❌  | hz: gt=1396.9129 pred=659.25 ❌
    [ 112/300] piano       resample_0.5x   orig=F5   → gt=F6  | midi: gt=89 pred=65 ❌  | spn: gt=F6 pred=C6 ❌  | doremi: gt=fa pred=sol ❌  | hz: gt=1396.9129 pred=415.3 ❌
    [ 113/300] electric_keyboard  resample_0.5x   orig=F5   → gt=F6  | midi: gt=89 pred=89 ✅  | spn: gt=F6 pred=C8 ❌  | doremi: gt=fa pred=sol ❌  | hz: gt=1396.9129 pred=8250.0 ❌
    [ 114/300] cello       resample_0.5x   orig=F5   → gt=F6  | midi: gt=89 pred=68 ❌  | spn: gt=F6 pred=C6 ❌  | doremi: gt=fa pred=sol ❌  | hz: gt=1396.9129 pred=1046.53 ❌
    [ 115/300] trombone    resample_0.5x   orig=F5   → gt=F6  | midi: gt=89 pred=69 ❌  | spn: gt=F6 pred=C6 ❌  | doremi: gt=fa pred=sol ❌  | hz: gt=1396.9129 pred=415.306 ❌
    [ 116/300] square      resample_0.5x   orig=C6   → gt=C7  | midi: gt=96 pred=65 ❌  | spn: gt=C7 pred=C6 ❌  | doremi: gt=do pred=sol ❌  | hz: gt=2093.0045 pred=480.0 ❌
    [ 117/300] violin      resample_0.5x   orig=C6   → gt=C7  | midi: gt=96 pred=68 ❌  | spn: gt=C7 pred=C6 ❌  | doremi: gt=do pred=sol# ❌  | hz: gt=2093.0045 pred=480.0 ❌
    [ 118/300] synth_pad   resample_0.5x   orig=C6   → gt=C7  | midi: gt=96 pred=69 ❌  | spn: gt=C7 pred=C6 ❌  | doremi: gt=do pred=sol ❌  | hz: gt=2093.0045 pred=480.0 ❌
    [ 119/300] organ       resample_0.5x   orig=C6   → gt=C7  | midi: gt=96 pred=84 ❌  | spn: gt=C7 pred=C6 ❌  | doremi: gt=do pred=sol ❌  | hz: gt=2093.0045 pred=480.0 ❌
    [ 120/300] trumpet     resample_0.5x   orig=C6   → gt=C7  | midi: gt=96 pred=68 ❌  | spn: gt=C7 pred=C6 ❌  | doremi: gt=do pred=sol ❌  | hz: gt=2093.0045 pred=480.0 ❌
    [ 121/300] trumpet     resample_2x     orig=C2   → gt=C1  | midi: gt=24 pred=35 ❌  | spn: gt=C1 pred=A#2 ❌  | doremi: gt=do pred=re ❌  | hz: gt=32.7032 pred=250.0 ❌
    [ 122/300] synth_pad   resample_2x     orig=C2   → gt=C1  | midi: gt=24 pred=65 ❌  | spn: gt=C1 pred=C2 ❌  | doremi: gt=do pred=fa# ❌  | hz: gt=32.7032 pred=480.0 ❌
    [ 123/300] sine        resample_2x     orig=C2   → gt=C1  | midi: gt=24 pred=35 ❌  | spn: gt=C1 pred=C2 ❌  | doremi: gt=do pred=sol ❌  | hz: gt=32.7032 pred=250.0 ❌
    [ 124/300] triangle    resample_2x     orig=C2   → gt=C1  | midi: gt=24 pred=48 ❌  | spn: gt=C1 pred=C2 ❌  | doremi: gt=do pred=sol ❌  | hz: gt=32.7032 pred=480.0 ❌
    [ 125/300] clarinet    resample_2x     orig=C2   → gt=C1  | midi: gt=24 pred=35 ❌  | spn: gt=C1 pred=C2 ❌  | doremi: gt=do pred=re ❌  | hz: gt=32.7032 pred=261.63 ❌
    [ 126/300] synth_pad   resample_2x     orig=G2   → gt=G1  | midi: gt=31 pred=43 ❌  | spn: gt=G1 pred=C6 ❌  | doremi: gt=sol pred=fa# ❌  | hz: gt=48.9994 pred=480.0 ❌
    [ 127/300] trumpet     resample_2x     orig=G2   → gt=G1  | midi: gt=31 pred=34 ❌  | spn: gt=G1 pred=A#2 ❌  | doremi: gt=sol pred=sol ✅  | hz: gt=48.9994 pred=329.6875 ❌
    [ 128/300] clarinet    resample_2x     orig=G2   → gt=G1  | midi: gt=31 pred=45 ❌  | spn: gt=G1 pred=C6 ❌  | doremi: gt=sol pred=fa# ❌  | hz: gt=48.9994 pred=480.0 ❌
    [ 129/300] triangle    resample_2x     orig=G2   → gt=G1  | midi: gt=31 pred=43 ❌  | spn: gt=G1 pred=C2 ❌  | doremi: gt=sol pred=sol ✅  | hz: gt=48.9994 pred=480.0 ❌
    [ 130/300] piano       resample_2x     orig=G2   → gt=G1  | midi: gt=31 pred=34 ❌  | spn: gt=G1 pred=C2 ❌  | doremi: gt=sol pred=fa# ❌  | hz: gt=48.9994 pred=450.0 ❌
    [ 131/300] cello       resample_2x     orig=C3   → gt=C2  | midi: gt=36 pred=48 ❌  | spn: gt=C2 pred=C2 ✅  | doremi: gt=do pred=fa# ❌  | hz: gt=65.4064 pred=130.81 ❌
    [ 132/300] electric_keyboard  resample_2x     orig=C3   → gt=C2  | midi: gt=36 pred=36 ✅  | spn: gt=C2 pred=C4 ❌  | doremi: gt=do pred=sol ❌  | hz: gt=65.4064 pred=480.0 ❌
    [ 133/300] organ       resample_2x     orig=C3   → gt=C2  | midi: gt=36 pred=63 ❌  | spn: gt=C2 pred=C2 ✅  | doremi: gt=do pred=sol ❌  | hz: gt=65.4064 pred=480.0 ❌
    [ 134/300] sine        resample_2x     orig=C3   → gt=C2  | midi: gt=36 pred=48 ❌  | spn: gt=C2 pred=C2 ✅  | doremi: gt=do pred=sol ❌  | hz: gt=65.4064 pred=480.0 ❌
    [ 135/300] oboe        resample_2x     orig=C3   → gt=C2  | midi: gt=36 pred=36 ✅  | spn: gt=C2 pred=C2 ✅  | doremi: gt=do pred=fa# ❌  | hz: gt=65.4064 pred=210.0 ❌
    [ 136/300] trumpet     resample_2x     orig=F#3  → gt=F#2  | midi: gt=42 pred=43 ❌  | spn: gt=F#2 pred=F2 ❌  | doremi: gt=fa# pred=sol ❌  | hz: gt=92.4986 pred=435.0 ❌
    [ 137/300] synth_lead  resample_2x     orig=F#3  → gt=F#2  | midi: gt=42 pred=48 ❌  | spn: gt=F#2 pred=C6 ❌  | doremi: gt=fa# pred=sol ❌  | hz: gt=92.4986 pred=480.0 ❌
    [ 138/300] electric_keyboard  resample_2x     orig=F#3  → gt=F#2  | midi: gt=42 pred=43 ❌  | spn: gt=F#2 pred=C4 ❌  | doremi: gt=fa# pred=sol ❌  | hz: gt=92.4986 pred=450.0 ❌
    [ 139/300] triangle    resample_2x     orig=F#3  → gt=F#2  | midi: gt=42 pred=43 ❌  | spn: gt=F#2 pred=C4 ❌  | doremi: gt=fa# pred=sol ❌  | hz: gt=92.4986 pred=430.56 ❌
    [ 140/300] cello       resample_2x     orig=F#3  → gt=F#2  | midi: gt=42 pred=43 ❌  | spn: gt=F#2 pred=F#2 ✅  | doremi: gt=fa# pred=sol ❌  | hz: gt=92.4986 pred=430.51 ❌
    [ 141/300] trombone    resample_2x     orig=A#3  → gt=A#2  | midi: gt=46 pred=45 ❌  | spn: gt=A#2 pred=A4 ❌  | doremi: gt=la# pred=sol ❌  | hz: gt=116.5409 pred=450.0 ❌
    [ 142/300] synth_lead  resample_2x     orig=A#3  → gt=A#2  | midi: gt=46 pred=45 ❌  | spn: gt=A#2 pred=A#2 ✅  | doremi: gt=la# pred=sol ❌  | hz: gt=116.5409 pred=450.0 ❌
    [ 143/300] guitar      resample_2x     orig=A#3  → gt=A#2  | midi: gt=46 pred=46 ✅  | spn: gt=A#2 pred=None ❌  | doremi: gt=la# pred=sol ❌  | hz: gt=116.5409 pred=450.0 ❌
    [ 144/300] piano       resample_2x     orig=A#3  → gt=A#2  | midi: gt=46 pred=45 ❌  | spn: gt=A#2 pred=A#2 ✅  | doremi: gt=la# pred=sol ❌  | hz: gt=116.5409 pred=460.0 ❌
    [ 145/300] electric_keyboard  resample_2x     orig=A#3  → gt=A#2  | midi: gt=46 pred=46 ✅  | spn: gt=A#2 pred=A#6 ❌  | doremi: gt=la# pred=fa# ❌  | hz: gt=116.5409 pred=450.0 ❌
    [ 146/300] electric_keyboard  resample_2x     orig=C4   → gt=C3  | midi: gt=48 pred=48 ✅  | spn: gt=C3 pred=C4 ❌  | doremi: gt=do pred=sol ❌  | hz: gt=130.8128 pred=480.0 ❌
    [ 147/300] synth_pad   resample_2x     orig=C4   → gt=C3  | midi: gt=48 pred=63 ❌  | spn: gt=C3 pred=C6 ❌  | doremi: gt=do pred=sol ❌  | hz: gt=130.8128 pred=480.0 ❌
    [ 148/300] synth_lead  resample_2x     orig=C4   → gt=C3  | midi: gt=48 pred=48 ✅  | spn: gt=C3 pred=C6 ❌  | doremi: gt=do pred=fa# ❌  | hz: gt=130.8128 pred=480.0 ❌
    [ 149/300] sine        resample_2x     orig=C4   → gt=C3  | midi: gt=48 pred=48 ✅  | spn: gt=C3 pred=C2 ❌  | doremi: gt=do pred=sol ❌  | hz: gt=130.8128 pred=480.0 ❌
    [ 150/300] trombone    resample_2x     orig=C4   → gt=C3  | midi: gt=48 pred=48 ✅  | spn: gt=C3 pred=C4 ❌  | doremi: gt=do pred=sol ❌  | hz: gt=130.8128 pred=480.0 ❌
    [ 151/300] clarinet    resample_2x     orig=E4   → gt=E3  | midi: gt=52 pred=53 ❌  | spn: gt=E3 pred=C4 ❌  | doremi: gt=mi pred=sol ❌  | hz: gt=164.8138 pred=480.0 ❌
    [ 152/300] bass        resample_2x     orig=E4   → gt=E3  | midi: gt=52 pred=53 ❌  | spn: gt=E3 pred=C4 ❌  | doremi: gt=mi pred=mi ✅  | hz: gt=164.8138 pred=480.0 ❌
    [ 153/300] sine        resample_2x     orig=E4   → gt=E3  | midi: gt=52 pred=53 ❌  | spn: gt=E3 pred=C4 ❌  | doremi: gt=mi pred=sol ❌  | hz: gt=164.8138 pred=250.0 ❌
    [ 154/300] triangle    resample_2x     orig=E4   → gt=E3  | midi: gt=52 pred=63 ❌  | spn: gt=E3 pred=C6 ❌  | doremi: gt=mi pred=sol ❌  | hz: gt=164.8138 pred=480.0 ❌
    [ 155/300] organ       resample_2x     orig=E4   → gt=E3  | midi: gt=52 pred=64 ❌  | spn: gt=E3 pred=C6 ❌  | doremi: gt=mi pred=sol ❌  | hz: gt=164.8138 pred=480.0 ❌
    [ 156/300] oboe        resample_2x     orig=G4   → gt=G3  | midi: gt=55 pred=56 ❌  | spn: gt=G3 pred=C4 ❌  | doremi: gt=sol pred=sol ✅  | hz: gt=195.9977 pred=480.0 ❌
    [ 157/300] trombone    resample_2x     orig=G4   → gt=G3  | midi: gt=55 pred=43 ❌  | spn: gt=G3 pred=C4 ❌  | doremi: gt=sol pred=sol ✅  | hz: gt=195.9977 pred=435.0 ❌
    [ 158/300] flute       resample_2x     orig=G4   → gt=G3  | midi: gt=55 pred=43 ❌  | spn: gt=G3 pred=C4 ❌  | doremi: gt=sol pred=sol ✅  | hz: gt=195.9977 pred=480.0 ❌
    [ 159/300] sawtooth    resample_2x     orig=G4   → gt=G3  | midi: gt=55 pred=43 ❌  | spn: gt=G3 pred=F#2 ❌  | doremi: gt=sol pred=sol ✅  | hz: gt=195.9977 pred=480.0 ❌
    [ 160/300] triangle    resample_2x     orig=G4   → gt=G3  | midi: gt=55 pred=63 ❌  | spn: gt=G3 pred=C6 ❌  | doremi: gt=sol pred=sol ✅  | hz: gt=195.9977 pred=480.0 ❌
    [ 161/300] voice       resample_2x     orig=A4   → gt=A3  | midi: gt=57 pred=69 ❌  | spn: gt=A3 pred=C6 ❌  | doremi: gt=la pred=sol ❌  | hz: gt=220.0 pred=450.0 ❌
    [ 162/300] square      resample_2x     orig=A4   → gt=A3  | midi: gt=57 pred=64 ❌  | spn: gt=A3 pred=A6 ❌  | doremi: gt=la pred=sol ❌  | hz: gt=220.0 pred=450.0 ❌
    [ 163/300] synth_pad   resample_2x     orig=A4   → gt=A3  | midi: gt=57 pred=69 ❌  | spn: gt=A3 pred=C6 ❌  | doremi: gt=la pred=sol ❌  | hz: gt=220.0 pred=460.0 ❌
    [ 164/300] bass        resample_2x     orig=A4   → gt=A3  | midi: gt=57 pred=58 ❌  | spn: gt=A3 pred=A4 ❌  | doremi: gt=la pred=fa# ❌  | hz: gt=220.0 pred=450.0 ❌
    [ 165/300] cello       resample_2x     orig=A4   → gt=A3  | midi: gt=57 pred=45 ❌  | spn: gt=A3 pred=None ❌  | doremi: gt=la pred=sol ❌  | hz: gt=220.0 pred=450.0 ❌
    [ 166/300] square      resample_2x     orig=C5   → gt=C4  | midi: gt=60 pred=48 ❌  | spn: gt=C4 pred=C6 ❌  | doremi: gt=do pred=sol ❌  | hz: gt=261.6256 pred=480.0 ❌
    [ 167/300] synth_pad   resample_2x     orig=C5   → gt=C4  | midi: gt=60 pred=65 ❌  | spn: gt=C4 pred=C6 ❌  | doremi: gt=do pred=sol ❌  | hz: gt=261.6256 pred=480.0 ❌
    [ 168/300] piano       resample_2x     orig=C5   → gt=C4  | midi: gt=60 pred=48 ❌  | spn: gt=C4 pred=C6 ❌  | doremi: gt=do pred=sol ❌  | hz: gt=261.6256 pred=480.0 ❌
    [ 169/300] synth_lead  resample_2x     orig=C5   → gt=C4  | midi: gt=60 pred=63 ❌  | spn: gt=C4 pred=C6 ❌  | doremi: gt=do pred=sol ❌  | hz: gt=261.6256 pred=480.0 ❌
    [ 170/300] clarinet    resample_2x     orig=C5   → gt=C4  | midi: gt=60 pred=63 ❌  | spn: gt=C4 pred=C6 ❌  | doremi: gt=do pred=sol ❌  | hz: gt=261.6256 pred=480.0 ❌
    [ 171/300] bass        resample_2x     orig=F5   → gt=F4  | midi: gt=65 pred=65 ✅  | spn: gt=F4 pred=C6 ❌  | doremi: gt=fa pred=sol ❌  | hz: gt=349.2282 pred=480.0 ❌
    [ 172/300] synth_pad   resample_2x     orig=F5   → gt=F4  | midi: gt=65 pred=69 ❌  | spn: gt=F4 pred=C6 ❌  | doremi: gt=fa pred=sol ❌  | hz: gt=349.2282 pred=480.0 ❌
    [ 173/300] electric_keyboard  resample_2x     orig=F5   → gt=F4  | midi: gt=65 pred=65 ✅  | spn: gt=F4 pred=C6 ❌  | doremi: gt=fa pred=mi ❌  | hz: gt=349.2282 pred=659.31 ❌
    [ 174/300] trumpet     resample_2x     orig=F5   → gt=F4  | midi: gt=65 pred=65 ✅  | spn: gt=F4 pred=F#6 ❌  | doremi: gt=fa pred=sol ❌  | hz: gt=349.2282 pred=659.3 ❌
    [ 175/300] voice       resample_2x     orig=F5   → gt=F4  | midi: gt=65 pred=69 ❌  | spn: gt=F4 pred=C6 ❌  | doremi: gt=fa pred=sol ❌  | hz: gt=349.2282 pred=480.0 ❌
    [ 176/300] cello       resample_2x     orig=C6   → gt=C5  | midi: gt=72 pred=63 ❌  | spn: gt=C5 pred=C6 ❌  | doremi: gt=do pred=sol ❌  | hz: gt=523.2511 pred=480.0 ❌
    [ 177/300] guitar      resample_2x     orig=C6   → gt=C5  | midi: gt=72 pred=68 ❌  | spn: gt=C5 pred=C6 ❌  | doremi: gt=do pred=sol ❌  | hz: gt=523.2511 pred=480.0 ❌
    [ 178/300] synth_pad   resample_2x     orig=C6   → gt=C5  | midi: gt=72 pred=68 ❌  | spn: gt=C5 pred=C6 ❌  | doremi: gt=do pred=sol ❌  | hz: gt=523.2511 pred=480.0 ❌
    [ 179/300] trombone    resample_2x     orig=C6   → gt=C5  | midi: gt=72 pred=68 ❌  | spn: gt=C5 pred=C6 ❌  | doremi: gt=do pred=sol ❌  | hz: gt=523.2511 pred=480.0 ❌
    [ 180/300] synth_lead  resample_2x     orig=C6   → gt=C5  | midi: gt=72 pred=63 ❌  | spn: gt=C5 pred=C6 ❌  | doremi: gt=do pred=sol ❌  | hz: gt=523.2511 pred=480.0 ❌
    [ 181/300] oboe        stretch_0.5x    orig=C2   → gt=C2  | midi: gt=36 pred=35 ❌  | spn: gt=C2 pred=A#2 ❌  | doremi: gt=do pred=fa# ❌  | hz: gt=65.4064 pred=250.0 ❌
    [ 182/300] organ       stretch_0.5x    orig=C2   → gt=C2  | midi: gt=36 pred=63 ❌  | spn: gt=C2 pred=C6 ❌  | doremi: gt=do pred=sol ❌  | hz: gt=65.4064 pred=480.0 ❌
    [ 183/300] synth_lead  stretch_0.5x    orig=C2   → gt=C2  | midi: gt=36 pred=63 ❌  | spn: gt=C2 pred=C6 ❌  | doremi: gt=do pred=sol ❌  | hz: gt=65.4064 pred=480.0 ❌
    [ 184/300] synth_pad   stretch_0.5x    orig=C2   → gt=C2  | midi: gt=36 pred=65 ❌  | spn: gt=C2 pred=C6 ❌  | doremi: gt=do pred=sol ❌  | hz: gt=65.4064 pred=480.0 ❌
    [ 185/300] sawtooth    stretch_0.5x    orig=C2   → gt=C2  | midi: gt=36 pred=43 ❌  | spn: gt=C2 pred=C4 ❌  | doremi: gt=do pred=fa# ❌  | hz: gt=65.4064 pred=480.0 ❌
    [ 186/300] flute       stretch_0.5x    orig=G2   → gt=G2  | midi: gt=43 pred=43 ✅  | spn: gt=G2 pred=C4 ❌  | doremi: gt=sol pred=sol ✅  | hz: gt=97.9989 pred=435.0 ❌
    [ 187/300] voice       stretch_0.5x    orig=G2   → gt=G2  | midi: gt=43 pred=69 ❌  | spn: gt=G2 pred=C6 ❌  | doremi: gt=sol pred=sol ✅  | hz: gt=97.9989 pred=450.0 ❌
    [ 188/300] square      stretch_0.5x    orig=G2   → gt=G2  | midi: gt=43 pred=43 ✅  | spn: gt=G2 pred=C6 ❌  | doremi: gt=sol pred=sol ✅  | hz: gt=97.9989 pred=450.0 ❌
    [ 189/300] clarinet    stretch_0.5x    orig=G2   → gt=G2  | midi: gt=43 pred=43 ✅  | spn: gt=G2 pred=C4 ❌  | doremi: gt=sol pred=fa# ❌  | hz: gt=97.9989 pred=450.0 ❌
    [ 190/300] sine        stretch_0.5x    orig=G2   → gt=G2  | midi: gt=43 pred=45 ❌  | spn: gt=G2 pred=C4 ❌  | doremi: gt=sol pred=sol ✅  | hz: gt=97.9989 pred=480.0 ❌
    [ 191/300] voice       stretch_0.5x    orig=C3   → gt=C3  | midi: gt=48 pred=69 ❌  | spn: gt=C3 pred=C6 ❌  | doremi: gt=do pred=sol ❌  | hz: gt=130.8128 pred=480.0 ❌
    [ 192/300] synth_pad   stretch_0.5x    orig=C3   → gt=C3  | midi: gt=48 pred=63 ❌  | spn: gt=C3 pred=C6 ❌  | doremi: gt=do pred=sol ❌  | hz: gt=130.8128 pred=480.0 ❌
    [ 193/300] flute       stretch_0.5x    orig=C3   → gt=C3  | midi: gt=48 pred=48 ✅  | spn: gt=C3 pred=C6 ❌  | doremi: gt=do pred=sol ❌  | hz: gt=130.8128 pred=480.0 ❌
    [ 194/300] synth_lead  stretch_0.5x    orig=C3   → gt=C3  | midi: gt=48 pred=48 ✅  | spn: gt=C3 pred=C6 ❌  | doremi: gt=do pred=sol ❌  | hz: gt=130.8128 pred=480.0 ❌
    [ 195/300] sine        stretch_0.5x    orig=C3   → gt=C3  | midi: gt=48 pred=48 ✅  | spn: gt=C3 pred=C6 ❌  | doremi: gt=do pred=sol ❌  | hz: gt=130.8128 pred=480.0 ❌
    [ 196/300] square      stretch_0.5x    orig=F#3  → gt=F#3  | midi: gt=54 pred=63 ❌  | spn: gt=F#3 pred=C6 ❌  | doremi: gt=fa# pred=sol ❌  | hz: gt=184.9972 pred=480.0 ❌
    [ 197/300] sawtooth    stretch_0.5x    orig=F#3  → gt=F#3  | midi: gt=54 pred=53 ❌  | spn: gt=F#3 pred=F#2 ❌  | doremi: gt=fa# pred=sol ❌  | hz: gt=184.9972 pred=480.0 ❌
    [ 198/300] flute       stretch_0.5x    orig=F#3  → gt=F#3  | midi: gt=54 pred=54 ✅  | spn: gt=F#3 pred=C4 ❌  | doremi: gt=fa# pred=sol ❌  | hz: gt=184.9972 pred=480.0 ❌
    [ 199/300] voice       stretch_0.5x    orig=F#3  → gt=F#3  | midi: gt=54 pred=65 ❌  | spn: gt=F#3 pred=C6 ❌  | doremi: gt=fa# pred=sol ❌  | hz: gt=184.9972 pred=436.36 ❌
    [ 200/300] organ       stretch_0.5x    orig=F#3  → gt=F#3  | midi: gt=54 pred=65 ❌  | spn: gt=F#3 pred=C6 ❌  | doremi: gt=fa# pred=sol ❌  | hz: gt=184.9972 pred=659.3 ❌
    [ 201/300] sawtooth    stretch_0.5x    orig=A#3  → gt=A#3  | midi: gt=58 pred=58 ✅  | spn: gt=A#3 pred=A4 ❌  | doremi: gt=la# pred=sol ❌  | hz: gt=233.0819 pred=450.0 ❌
    [ 202/300] clarinet    stretch_0.5x    orig=A#3  → gt=A#3  | midi: gt=58 pred=58 ✅  | spn: gt=A#3 pred=C6 ❌  | doremi: gt=la# pred=sol ❌  | hz: gt=233.0819 pred=450.0 ❌
    [ 203/300] square      stretch_0.5x    orig=A#3  → gt=A#3  | midi: gt=58 pred=58 ✅  | spn: gt=A#3 pred=A6 ❌  | doremi: gt=la# pred=sol ❌  | hz: gt=233.0819 pred=450.0 ❌
    [ 204/300] flute       stretch_0.5x    orig=A#3  → gt=A#3  | midi: gt=58 pred=58 ✅  | spn: gt=A#3 pred=None ❌  | doremi: gt=la# pred=mi ❌  | hz: gt=233.0819 pred=450.0 ❌
    [ 205/300] piano       stretch_0.5x    orig=A#3  → gt=A#3  | midi: gt=58 pred=58 ✅  | spn: gt=A#3 pred=C6 ❌  | doremi: gt=la# pred=sol ❌  | hz: gt=233.0819 pred=450.0 ❌
    [ 206/300] bass        stretch_0.5x    orig=C4   → gt=C4  | midi: gt=60 pred=65 ❌  | spn: gt=C4 pred=C4 ✅  | doremi: gt=do pred=sol ❌  | hz: gt=261.6256 pred=480.0 ❌
    [ 207/300] guitar      stretch_0.5x    orig=C4   → gt=C4  | midi: gt=60 pred=64 ❌  | spn: gt=C4 pred=C6 ❌  | doremi: gt=do pred=sol ❌  | hz: gt=261.6256 pred=480.0 ❌
    [ 208/300] piano       stretch_0.5x    orig=C4   → gt=C4  | midi: gt=60 pred=64 ❌  | spn: gt=C4 pred=C6 ❌  | doremi: gt=do pred=sol ❌  | hz: gt=261.6256 pred=480.0 ❌
    [ 209/300] voice       stretch_0.5x    orig=C4   → gt=C4  | midi: gt=60 pred=69 ❌  | spn: gt=C4 pred=C6 ❌  | doremi: gt=do pred=sol ❌  | hz: gt=261.6256 pred=480.0 ❌
    [ 210/300] triangle    stretch_0.5x    orig=C4   → gt=C4  | midi: gt=60 pred=63 ❌  | spn: gt=C4 pred=C6 ❌  | doremi: gt=do pred=sol ❌  | hz: gt=261.6256 pred=480.0 ❌
    [ 211/300] bass        stretch_0.5x    orig=E4   → gt=E4  | midi: gt=64 pred=64 ✅  | spn: gt=E4 pred=C4 ❌  | doremi: gt=mi pred=mi ✅  | hz: gt=329.6276 pred=430.51 ❌
    [ 212/300] cello       stretch_0.5x    orig=E4   → gt=E4  | midi: gt=64 pred=64 ✅  | spn: gt=E4 pred=C6 ❌  | doremi: gt=mi pred=sol ❌  | hz: gt=329.6276 pred=480.0 ❌
    [ 213/300] guitar      stretch_0.5x    orig=E4   → gt=E4  | midi: gt=64 pred=64 ✅  | spn: gt=E4 pred=C6 ❌  | doremi: gt=mi pred=sol ❌  | hz: gt=329.6276 pred=430.51 ❌
    [ 214/300] triangle    stretch_0.5x    orig=E4   → gt=E4  | midi: gt=64 pred=65 ❌  | spn: gt=E4 pred=C6 ❌  | doremi: gt=mi pred=sol ❌  | hz: gt=329.6276 pred=480.0 ❌
    [ 215/300] sawtooth    stretch_0.5x    orig=E4   → gt=E4  | midi: gt=64 pred=65 ❌  | spn: gt=E4 pred=C6 ❌  | doremi: gt=mi pred=sol ❌  | hz: gt=329.6276 pred=480.0 ❌
    [ 216/300] cello       stretch_0.5x    orig=G4   → gt=G4  | midi: gt=67 pred=69 ❌  | spn: gt=G4 pred=C6 ❌  | doremi: gt=sol pred=sol ✅  | hz: gt=391.9954 pred=671.0 ❌
    [ 217/300] oboe        stretch_0.5x    orig=G4   → gt=G4  | midi: gt=67 pred=67 ✅  | spn: gt=G4 pred=C6 ❌  | doremi: gt=sol pred=sol ✅  | hz: gt=391.9954 pred=6750.0 ❌
    [ 218/300] voice       stretch_0.5x    orig=G4   → gt=G4  | midi: gt=67 pred=69 ❌  | spn: gt=G4 pred=C6 ❌  | doremi: gt=sol pred=sol ✅  | hz: gt=391.9954 pred=435.0 ❌
    [ 219/300] synth_lead  stretch_0.5x    orig=G4   → gt=G4  | midi: gt=67 pred=63 ❌  | spn: gt=G4 pred=C6 ❌  | doremi: gt=sol pred=sol ✅  | hz: gt=391.9954 pred=480.0 ❌
    [ 220/300] flute       stretch_0.5x    orig=G4   → gt=G4  | midi: gt=67 pred=63 ❌  | spn: gt=G4 pred=C6 ❌  | doremi: gt=sol pred=sol ✅  | hz: gt=391.9954 pred=480.0 ❌
    [ 221/300] sawtooth    stretch_0.5x    orig=A4   → gt=A4  | midi: gt=69 pred=65 ❌  | spn: gt=A4 pred=A4 ✅  | doremi: gt=la pred=sol ❌  | hz: gt=440.0 pred=450.0 ❌
    [ 222/300] triangle    stretch_0.5x    orig=A4   → gt=A4  | midi: gt=69 pred=69 ✅  | spn: gt=A4 pred=None ❌  | doremi: gt=la pred=sol ❌  | hz: gt=440.0 pred=450.0 ❌
    [ 223/300] voice       stretch_0.5x    orig=A4   → gt=A4  | midi: gt=69 pred=69 ✅  | spn: gt=A4 pred=C6 ❌  | doremi: gt=la pred=sol ❌  | hz: gt=440.0 pred=450.0 ❌
    [ 224/300] violin      stretch_0.5x    orig=A4   → gt=A4  | midi: gt=69 pred=69 ✅  | spn: gt=A4 pred=C6 ❌  | doremi: gt=la pred=sol ❌  | hz: gt=440.0 pred=460.0 ❌
    [ 225/300] oboe        stretch_0.5x    orig=A4   → gt=A4  | midi: gt=69 pred=69 ✅  | spn: gt=A4 pred=B4 ❌  | doremi: gt=la pred=mi ❌  | hz: gt=440.0 pred=659.3 ❌
    [ 226/300] clarinet    stretch_0.5x    orig=C5   → gt=C5  | midi: gt=72 pred=68 ❌  | spn: gt=C5 pred=C6 ❌  | doremi: gt=do pred=sol ❌  | hz: gt=523.2511 pred=450.0 ❌
    [ 227/300] triangle    stretch_0.5x    orig=C5   → gt=C5  | midi: gt=72 pred=68 ❌  | spn: gt=C5 pred=C6 ❌  | doremi: gt=do pred=sol ❌  | hz: gt=523.2511 pred=480.0 ❌
    [ 228/300] flute       stretch_0.5x    orig=C5   → gt=C5  | midi: gt=72 pred=68 ❌  | spn: gt=C5 pred=C6 ❌  | doremi: gt=do pred=sol ❌  | hz: gt=523.2511 pred=480.0 ❌
    [ 229/300] guitar      stretch_0.5x    orig=C5   → gt=C5  | midi: gt=72 pred=68 ❌  | spn: gt=C5 pred=C6 ❌  | doremi: gt=do pred=sol ❌  | hz: gt=523.2511 pred=480.0 ❌
    [ 230/300] synth_pad   stretch_0.5x    orig=C5   → gt=C5  | midi: gt=72 pred=68 ❌  | spn: gt=C5 pred=C6 ❌  | doremi: gt=do pred=sol ❌  | hz: gt=523.2511 pred=480.0 ❌
    [ 231/300] synth_pad   stretch_0.5x    orig=F5   → gt=F5  | midi: gt=77 pred=69 ❌  | spn: gt=F5 pred=C6 ❌  | doremi: gt=fa pred=sol ❌  | hz: gt=698.4565 pred=493.88 ❌
    [ 232/300] organ       stretch_0.5x    orig=F5   → gt=F5  | midi: gt=77 pred=65 ❌  | spn: gt=F5 pred=F6 ❌  | doremi: gt=fa pred=sol ❌  | hz: gt=698.4565 pred=701.0 ✅
    [ 233/300] piano       stretch_0.5x    orig=F5   → gt=F5  | midi: gt=77 pred=68 ❌  | spn: gt=F5 pred=C6 ❌  | doremi: gt=fa pred=sol ❌  | hz: gt=698.4565 pred=450.0 ❌
    [ 234/300] cello       stretch_0.5x    orig=F5   → gt=F5  | midi: gt=77 pred=69 ❌  | spn: gt=F5 pred=C6 ❌  | doremi: gt=fa pred=sol ❌  | hz: gt=698.4565 pred=1046.57 ❌
    [ 235/300] square      stretch_0.5x    orig=F5   → gt=F5  | midi: gt=77 pred=65 ❌  | spn: gt=F5 pred=C6 ❌  | doremi: gt=fa pred=sol ❌  | hz: gt=698.4565 pred=480.0 ❌
    [ 236/300] trumpet     stretch_0.5x    orig=C6   → gt=C6  | midi: gt=84 pred=84 ✅  | spn: gt=C6 pred=C6 ✅  | doremi: gt=do pred=sol ❌  | hz: gt=1046.5023 pred=840.0 ❌
    [ 237/300] organ       stretch_0.5x    orig=C6   → gt=C6  | midi: gt=84 pred=84 ✅  | spn: gt=C6 pred=C6 ✅  | doremi: gt=do pred=sol ❌  | hz: gt=1046.5023 pred=840.0 ❌
    [ 238/300] flute       stretch_0.5x    orig=C6   → gt=C6  | midi: gt=84 pred=84 ✅  | spn: gt=C6 pred=C6 ✅  | doremi: gt=do pred=sol ❌  | hz: gt=1046.5023 pred=840.0 ❌
    [ 239/300] square      stretch_0.5x    orig=C6   → gt=C6  | midi: gt=84 pred=63 ❌  | spn: gt=C6 pred=C6 ✅  | doremi: gt=do pred=sol ❌  | hz: gt=1046.5023 pred=480.0 ❌
    [ 240/300] synth_lead  stretch_0.5x    orig=C6   → gt=C6  | midi: gt=84 pred=69 ❌  | spn: gt=C6 pred=C6 ✅  | doremi: gt=do pred=sol ❌  | hz: gt=1046.5023 pred=1058.37 ❌
    [ 241/300] synth_pad   stretch_2x      orig=C2   → gt=C2  | midi: gt=36 pred=64 ❌  | spn: gt=C2 pred=C4 ❌  | doremi: gt=do pred=sol ❌  | hz: gt=65.4064 pred=480.0 ❌
    [ 242/300] triangle    stretch_2x      orig=C2   → gt=C2  | midi: gt=36 pred=45 ❌  | spn: gt=C2 pred=C6 ❌  | doremi: gt=do pred=sol ❌  | hz: gt=65.4064 pred=480.0 ❌
    [ 243/300] sawtooth    stretch_2x      orig=C2   → gt=C2  | midi: gt=36 pred=35 ❌  | spn: gt=C2 pred=C2 ✅  | doremi: gt=do pred=sol ❌  | hz: gt=65.4064 pred=480.0 ❌
    [ 244/300] sine        stretch_2x      orig=C2   → gt=C2  | midi: gt=36 pred=48 ❌  | spn: gt=C2 pred=C2 ✅  | doremi: gt=do pred=sol ❌  | hz: gt=65.4064 pred=105.26 ❌
    [ 245/300] synth_lead  stretch_2x      orig=C2   → gt=C2  | midi: gt=36 pred=48 ❌  | spn: gt=C2 pred=C6 ❌  | doremi: gt=do pred=fa# ❌  | hz: gt=65.4064 pred=480.0 ❌
    [ 246/300] flute       stretch_2x      orig=G2   → gt=G2  | midi: gt=43 pred=48 ❌  | spn: gt=G2 pred=C2 ❌  | doremi: gt=sol pred=fa# ❌  | hz: gt=97.9989 pred=450.0 ❌
    [ 247/300] electric_keyboard  stretch_2x      orig=G2   → gt=G2  | midi: gt=43 pred=48 ❌  | spn: gt=G2 pred=G2 ✅  | doremi: gt=sol pred=sol ✅  | hz: gt=97.9989 pred=480.0 ❌
    [ 248/300] cello       stretch_2x      orig=G2   → gt=G2  | midi: gt=43 pred=48 ❌  | spn: gt=G2 pred=G2 ✅  | doremi: gt=sol pred=sol ✅  | hz: gt=97.9989 pred=105.26 ❌
    [ 249/300] bass        stretch_2x      orig=G2   → gt=G2  | midi: gt=43 pred=43 ✅  | spn: gt=G2 pred=C4 ❌  | doremi: gt=sol pred=sol ✅  | hz: gt=97.9989 pred=480.0 ❌
    [ 250/300] voice       stretch_2x      orig=G2   → gt=G2  | midi: gt=43 pred=63 ❌  | spn: gt=G2 pred=C6 ❌  | doremi: gt=sol pred=sol ✅  | hz: gt=97.9989 pred=480.0 ❌
    [ 251/300] guitar      stretch_2x      orig=C3   → gt=C3  | midi: gt=48 pred=48 ✅  | spn: gt=C3 pred=C6 ❌  | doremi: gt=do pred=sol ❌  | hz: gt=130.8128 pred=465.0 ❌
    [ 252/300] violin      stretch_2x      orig=C3   → gt=C3  | midi: gt=48 pred=48 ✅  | spn: gt=C3 pred=C2 ❌  | doremi: gt=do pred=fa# ❌  | hz: gt=130.8128 pred=480.0 ❌
    [ 253/300] sawtooth    stretch_2x      orig=C3   → gt=C3  | midi: gt=48 pred=48 ✅  | spn: gt=C3 pred=C6 ❌  | doremi: gt=do pred=sol ❌  | hz: gt=130.8128 pred=450.0 ❌
    [ 254/300] electric_keyboard  stretch_2x      orig=C3   → gt=C3  | midi: gt=48 pred=48 ✅  | spn: gt=C3 pred=C6 ❌  | doremi: gt=do pred=sol ❌  | hz: gt=130.8128 pred=480.0 ❌
    [ 255/300] voice       stretch_2x      orig=C3   → gt=C3  | midi: gt=48 pred=64 ❌  | spn: gt=C3 pred=C6 ❌  | doremi: gt=do pred=sol ❌  | hz: gt=130.8128 pred=480.0 ❌
    [ 256/300] sine        stretch_2x      orig=F#3  → gt=F#3  | midi: gt=54 pred=48 ❌  | spn: gt=F#3 pred=C4 ❌  | doremi: gt=fa# pred=sol ❌  | hz: gt=184.9972 pred=480.0 ❌
    [ 257/300] violin      stretch_2x      orig=F#3  → gt=F#3  | midi: gt=54 pred=63 ❌  | spn: gt=F#3 pred=C6 ❌  | doremi: gt=fa# pred=sol ❌  | hz: gt=184.9972 pred=480.0 ❌
    [ 258/300] trumpet     stretch_2x      orig=F#3  → gt=F#3  | midi: gt=54 pred=54 ✅  | spn: gt=F#3 pred=A#5 ❌  | doremi: gt=fa# pred=sol ❌  | hz: gt=184.9972 pred=430.51 ❌
    [ 259/300] organ       stretch_2x      orig=F#3  → gt=F#3  | midi: gt=54 pred=69 ❌  | spn: gt=F#3 pred=C6 ❌  | doremi: gt=fa# pred=sol ❌  | hz: gt=184.9972 pred=480.0 ❌
    [ 260/300] piano       stretch_2x      orig=F#3  → gt=F#3  | midi: gt=54 pred=58 ❌  | spn: gt=F#3 pred=F#2 ❌  | doremi: gt=fa# pred=fa# ✅  | hz: gt=184.9972 pred=450.0 ❌
    [ 261/300] cello       stretch_2x      orig=A#3  → gt=A#3  | midi: gt=58 pred=65 ❌  | spn: gt=A#3 pred=C6 ❌  | doremi: gt=la# pred=fa# ❌  | hz: gt=233.0819 pred=460.0 ❌
    [ 262/300] synth_pad   stretch_2x      orig=A#3  → gt=A#3  | midi: gt=58 pred=65 ❌  | spn: gt=A#3 pred=C6 ❌  | doremi: gt=la# pred=sol ❌  | hz: gt=233.0819 pred=480.0 ❌
    [ 263/300] bass        stretch_2x      orig=A#3  → gt=A#3  | midi: gt=58 pred=58 ✅  | spn: gt=A#3 pred=A#4 ❌  | doremi: gt=la# pred=mi ❌  | hz: gt=233.0819 pred=450.0 ❌
    [ 264/300] piano       stretch_2x      orig=A#3  → gt=A#3  | midi: gt=58 pred=58 ✅  | spn: gt=A#3 pred=A#6 ❌  | doremi: gt=la# pred=fa# ❌  | hz: gt=233.0819 pred=450.0 ❌
    [ 265/300] triangle    stretch_2x      orig=A#3  → gt=A#3  | midi: gt=58 pred=69 ❌  | spn: gt=A#3 pred=None ❌  | doremi: gt=la# pred=sol ❌  | hz: gt=233.0819 pred=450.0 ❌
    [ 266/300] trombone    stretch_2x      orig=C4   → gt=C4  | midi: gt=60 pred=60 ✅  | spn: gt=C4 pred=C4 ✅  | doremi: gt=do pred=sol ❌  | hz: gt=261.6256 pred=480.0 ❌
    [ 267/300] guitar      stretch_2x      orig=C4   → gt=C4  | midi: gt=60 pred=63 ❌  | spn: gt=C4 pred=C6 ❌  | doremi: gt=do pred=sol ❌  | hz: gt=261.6256 pred=480.0 ❌
    [ 268/300] sawtooth    stretch_2x      orig=C4   → gt=C4  | midi: gt=60 pred=65 ❌  | spn: gt=C4 pred=C6 ❌  | doremi: gt=do pred=sol ❌  | hz: gt=261.6256 pred=480.0 ❌
    [ 269/300] synth_lead  stretch_2x      orig=C4   → gt=C4  | midi: gt=60 pred=60 ✅  | spn: gt=C4 pred=C6 ❌  | doremi: gt=do pred=sol ❌  | hz: gt=261.6256 pred=480.0 ❌
    [ 270/300] oboe        stretch_2x      orig=C4   → gt=C4  | midi: gt=60 pred=60 ✅  | spn: gt=C4 pred=C6 ❌  | doremi: gt=do pred=sol ❌  | hz: gt=261.6256 pred=261.63 ✅
    [ 271/300] clarinet    stretch_2x      orig=E4   → gt=E4  | midi: gt=64 pred=64 ✅  | spn: gt=E4 pred=C6 ❌  | doremi: gt=mi pred=mi ✅  | hz: gt=329.6276 pred=640.0 ❌
    [ 272/300] sawtooth    stretch_2x      orig=E4   → gt=E4  | midi: gt=64 pred=63 ❌  | spn: gt=E4 pred=C6 ❌  | doremi: gt=mi pred=sol ❌  | hz: gt=329.6276 pred=450.0 ❌
    [ 273/300] synth_pad   stretch_2x      orig=E4   → gt=E4  | midi: gt=64 pred=65 ❌  | spn: gt=E4 pred=C6 ❌  | doremi: gt=mi pred=sol ❌  | hz: gt=329.6276 pred=1058.47 ❌
    [ 274/300] bass        stretch_2x      orig=E4   → gt=E4  | midi: gt=64 pred=63 ❌  | spn: gt=E4 pred=F6 ❌  | doremi: gt=mi pred=mi ✅  | hz: gt=329.6276 pred=5760.0 ❌
    [ 275/300] trumpet     stretch_2x      orig=E4   → gt=E4  | midi: gt=64 pred=64 ✅  | spn: gt=E4 pred=E4 ✅  | doremi: gt=mi pred=sol ❌  | hz: gt=329.6276 pred=640.0 ❌
    [ 276/300] synth_lead  stretch_2x      orig=G4   → gt=G4  | midi: gt=67 pred=69 ❌  | spn: gt=G4 pred=C6 ❌  | doremi: gt=sol pred=sol ✅  | hz: gt=391.9954 pred=480.0 ❌
    [ 277/300] electric_keyboard  stretch_2x      orig=G4   → gt=G4  | midi: gt=67 pred=67 ✅  | spn: gt=G4 pred=G6 ❌  | doremi: gt=sol pred=mi ❌  | hz: gt=391.9954 pred=67.0 ❌
    [ 278/300] sawtooth    stretch_2x      orig=G4   → gt=G4  | midi: gt=67 pred=65 ❌  | spn: gt=G4 pred=C6 ❌  | doremi: gt=sol pred=sol ✅  | hz: gt=391.9954 pred=450.0 ❌
    [ 279/300] square      stretch_2x      orig=G4   → gt=G4  | midi: gt=67 pred=65 ❌  | spn: gt=G4 pred=C6 ❌  | doremi: gt=sol pred=sol ✅  | hz: gt=391.9954 pred=450.0 ❌
    [ 280/300] cello       stretch_2x      orig=G4   → gt=G4  | midi: gt=67 pred=68 ❌  | spn: gt=G4 pred=C6 ❌  | doremi: gt=sol pred=sol ✅  | hz: gt=391.9954 pred=480.0 ❌
    [ 281/300] electric_keyboard  stretch_2x      orig=A4   → gt=A4  | midi: gt=69 pred=69 ✅  | spn: gt=A4 pred=None ❌  | doremi: gt=la pred=la ✅  | hz: gt=440.0 pred=693.0 ❌
    [ 282/300] square      stretch_2x      orig=A4   → gt=A4  | midi: gt=69 pred=69 ✅  | spn: gt=A4 pred=A6 ❌  | doremi: gt=la pred=sol ❌  | hz: gt=440.0 pred=450.0 ❌
    [ 283/300] synth_pad   stretch_2x      orig=A4   → gt=A4  | midi: gt=69 pred=69 ✅  | spn: gt=A4 pred=C6 ❌  | doremi: gt=la pred=sol ❌  | hz: gt=440.0 pred=493.88 ❌
    [ 284/300] flute       stretch_2x      orig=A4   → gt=A4  | midi: gt=69 pred=69 ✅  | spn: gt=A4 pred=C6 ❌  | doremi: gt=la pred=sol ❌  | hz: gt=440.0 pred=450.0 ❌
    [ 285/300] guitar      stretch_2x      orig=A4   → gt=A4  | midi: gt=69 pred=69 ✅  | spn: gt=A4 pred=A7 ❌  | doremi: gt=la pred=sol ❌  | hz: gt=440.0 pred=450.0 ❌
    [ 286/300] triangle    stretch_2x      orig=C5   → gt=C5  | midi: gt=72 pred=68 ❌  | spn: gt=C5 pred=C6 ❌  | doremi: gt=do pred=sol ❌  | hz: gt=523.2511 pred=480.0 ❌
    [ 287/300] flute       stretch_2x      orig=C5   → gt=C5  | midi: gt=72 pred=68 ❌  | spn: gt=C5 pred=C6 ❌  | doremi: gt=do pred=sol ❌  | hz: gt=523.2511 pred=480.0 ❌
    [ 288/300] sawtooth    stretch_2x      orig=C5   → gt=C5  | midi: gt=72 pred=65 ❌  | spn: gt=C5 pred=C6 ❌  | doremi: gt=do pred=sol ❌  | hz: gt=523.2511 pred=480.0 ❌
    [ 289/300] square      stretch_2x      orig=C5   → gt=C5  | midi: gt=72 pred=63 ❌  | spn: gt=C5 pred=C6 ❌  | doremi: gt=do pred=sol ❌  | hz: gt=523.2511 pred=450.0 ❌
    [ 290/300] guitar      stretch_2x      orig=C5   → gt=C5  | midi: gt=72 pred=68 ❌  | spn: gt=C5 pred=C6 ❌  | doremi: gt=do pred=sol ❌  | hz: gt=523.2511 pred=480.0 ❌
    [ 291/300] voice       stretch_2x      orig=F5   → gt=F5  | midi: gt=77 pred=65 ❌  | spn: gt=F5 pred=C6 ❌  | doremi: gt=fa pred=sol ❌  | hz: gt=698.4565 pred=659.34 ❌
    [ 292/300] synth_lead  stretch_2x      orig=F5   → gt=F5  | midi: gt=77 pred=68 ❌  | spn: gt=F5 pred=C6 ❌  | doremi: gt=fa pred=sol ❌  | hz: gt=698.4565 pred=480.0 ❌
    [ 293/300] clarinet    stretch_2x      orig=F5   → gt=F5  | midi: gt=77 pred=65 ❌  | spn: gt=F5 pred=C6 ❌  | doremi: gt=fa pred=sol ❌  | hz: gt=698.4565 pred=659.32 ❌
    [ 294/300] trumpet     stretch_2x      orig=F5   → gt=F5  | midi: gt=77 pred=69 ❌  | spn: gt=F5 pred=A#6 ❌  | doremi: gt=fa pred=sol ❌  | hz: gt=698.4565 pred=704.0 ✅
    [ 295/300] triangle    stretch_2x      orig=F5   → gt=F5  | midi: gt=77 pred=69 ❌  | spn: gt=F5 pred=C6 ❌  | doremi: gt=fa pred=sol ❌  | hz: gt=698.4565 pred=450.0 ❌
    [ 296/300] clarinet    stretch_2x      orig=C6   → gt=C6  | midi: gt=84 pred=68 ❌  | spn: gt=C6 pred=C6 ✅  | doremi: gt=do pred=sol ❌  | hz: gt=1046.5023 pred=480.0 ❌
    [ 297/300] flute       stretch_2x      orig=C6   → gt=C6  | midi: gt=84 pred=84 ✅  | spn: gt=C6 pred=C6 ✅  | doremi: gt=do pred=sol ❌  | hz: gt=1046.5023 pred=840.0 ❌
    [ 298/300] trumpet     stretch_2x      orig=C6   → gt=C6  | midi: gt=84 pred=84 ✅  | spn: gt=C6 pred=C6 ✅  | doremi: gt=do pred=sol ❌  | hz: gt=1046.5023 pred=8400.0 ❌
    [ 299/300] violin      stretch_2x      orig=C6   → gt=C6  | midi: gt=84 pred=84 ✅  | spn: gt=C6 pred=C6 ✅  | doremi: gt=do pred=sol ❌  | hz: gt=1046.5023 pred=1047.0 ✅
    [ 300/300] square      stretch_2x      orig=C6   → gt=C6  | midi: gt=84 pred=65 ❌  | spn: gt=C6 pred=C6 ✅  | doremi: gt=do pred=sol ❌  | hz: gt=1046.5023 pred=450.0 ❌

============================================================
SUMMARY — audio_flamingo_next_instruct
  Sampling     : 300 of 1140 (stratified by '(condition, midi)', seed=42)
  Stimuli (total)     : 300
  Stimuli (condition) : 300  (all records)

  Format   Accuracy
  ──────────────────
    MIDI      30.7%
     SPN      13.0%
  DOREMI      16.7%
      HZ       2.0%
     ANY      51.3%

  *** WARNING: working tree has uncommitted changes — results will NOT be exactly reproducible from git_commit alone ***


Results saved → results/run_20260505_112814/pitchbench_e5_time_stretch/run_001_20260505_121727/results_audio_flamingo_next_instruct.*

############################################################
# pitchbench_f1_melodic_line_id
############################################################

Experiment : pitchbench_f1_melodic_line_id
Models     : audio_flamingo_next_instruct
Stimuli    : 130  × 4 formats = 520 queries/model
  Sampling     : 130 of 260 (stratified by '(n, source_label)', seed=42)

  Model : Audio Flamingo Next – instruct
    [dispatch] 130 items, max_workers=1
    [   1/130] n=2 x=1 slow   mixed   t=1  | midi: gt=[76, 78, 74, 73, 81, 72, 83, 75, 80, 79] pred=[68, 73, 75, 79, 84, 87, 91, 94, 98, 100] ❌  | spn: gt=['E5', 'F#5', 'D5', 'C#5', 'A5', 'C5', 'B5', 'D#5', 'G#5', 'G5'] pred=['C6', 'A#6', 'G7', 'F#6', 'D4', None, None, None, None, None] ❌  | doremi: gt=['mi', 'fa#', 're', 'do#', 'la', 'do', 'si', 're#', 'sol#', 'sol'] pred=[0, 2, 4, 5, 7, 9, None, None, None, None] ❌
    [   2/130] n=2 x=1 slow   mixed   t=0  | midi: gt=[74, 79, 82, 83, 78, 77, 80, 75, 72, 81] pred=[68, 73, 75, 79, 84, 87, 91, 94, 98, 100] ❌  | spn: gt=['D5', 'G5', 'A#5', 'B5', 'F#5', 'F5', 'G#5', 'D#5', 'C5', 'A5'] pred=['C4', 'F4', 'G4', 'A3', 'B4', 'C5', 'D5', 'E5', None, None] ❌  | doremi: gt=['re', 'sol', 'la#', 'si', 'fa#', 'fa', 'sol#', 're#', 'do', 'la'] pred=[0, 2, 4, 5, 7, 9, None, None, None, None] ❌
    [   3/130] n=2 x=2 slow   mixed   t=1  | midi: gt=[70, 64, 62, 61, 63, 60, 67, 65, 71, 69] pred=[64, 59, 63, 71, 68, 66, 70, 75, 71, 73] ❌  | spn: gt=['A#4', 'E4', 'D4', 'C#4', 'D#4', 'C4', 'G4', 'F4', 'B4', 'A4'] pred=['B3', 'G4', 'F4', None, None, None, None, None, None, None] ❌  | doremi: gt=['la#', 'mi', 're', 'do#', 're#', 'do', 'sol', 'fa', 'si', 'la'] pred=[0, 2, 4, 5, 7, 9, None, None, None, None] ❌
    [   4/130] n=2 x=1 medium mixed   t=0  | midi: gt=[78, 72, 73, 76, 83, 74, 81, 75, 80, 79] pred=[68, 73, 75, 79, 84, 86, 89, 92, 95, 98] ❌  | spn: gt=['F#5', 'C5', 'C#5', 'E5', 'B5', 'D5', 'A5', 'D#5', 'G#5', 'G5'] pred=['C6', 'F6', 'G6', 'A6', 'C7', None, None, None, None, None] ❌  | doremi: gt=['fa#', 'do', 'do#', 'mi', 'si', 're', 'la', 're#', 'sol#', 'sol'] pred=[0, 0, 0, 0, 0, 0, 0, 0, 0, None] ❌
    [   5/130] n=2 x=2 medium mixed   t=1  | midi: gt=[64, 67, 69, 63, 65, 60, 61, 62, 70, 66] pred=[63, 58, 64, 70, 69, 71, 76, 73, 78, 75] ❌  | spn: gt=['E4', 'G4', 'A4', 'D#4', 'F4', 'C4', 'C#4', 'D4', 'A#4', 'F#4'] pred=['B3', None, None, None, None, None, None, None, None, None] ❌  | doremi: gt=['mi', 'sol', 'la', 're#', 'fa', 'do', 'do#', 're', 'la#', 'fa#'] pred=[0, 2, 4, 5, 7, 9, None, None, None, None] ❌
    [   6/130] n=2 x=1 medium similar t=1  | midi: gt=[74, 81, 79, 80, 72, 77, 75, 73, 82, 76] pred=[73, 69, 74, 81, 75, 77, 79, 82, 80, 78] ❌  | spn: gt=['D5', 'A5', 'G5', 'G#5', 'C5', 'F5', 'D#5', 'C#5', 'A#5', 'E5'] pred=['C6', 'A#6', 'G#6', 'F7', 'D4', None, None, None, None, None] ❌  | doremi: gt=['re', 'la', 'sol', 'sol#', 'do', 'fa', 're#', 'do#', 'la#', 'mi'] pred=[0, 2, 4, 5, 7, 9, 11, None, None, None] ❌
    [   7/130] n=2 x=1 slow   similar t=1  | midi: gt=[76, 78, 74, 73, 81, 72, 83, 75, 80, 79] pred=[73, 68, 75, 79, 74, 71, 76, 78, 73, 71] ❌  | spn: gt=['E5', 'F#5', 'D5', 'C#5', 'A5', 'C5', 'B5', 'D#5', 'G#5', 'G5'] pred=['C6', 'F6', 'G6', 'A6', None, None, None, None, None, None] ❌  | doremi: gt=['mi', 'fa#', 're', 'do#', 'la', 'do', 'si', 're#', 'sol#', 'sol'] pred=[0, 2, 4, 5, 7, None, None, None, None, None] ❌
    [   8/130] n=2 x=2 slow   similar t=1  | midi: gt=[70, 64, 62, 61, 63, 60, 67, 65, 71, 69] pred=[63, 58, 54, 59, 67, 62, 60, 55, 57, 53] ❌  | spn: gt=['A#4', 'E4', 'D4', 'C#4', 'D#4', 'C4', 'G4', 'F4', 'B4', 'A4'] pred=['C6', 'B4', 'A3', 'G4', 'F5', None, None, None, None, None] ❌  | doremi: gt=['la#', 'mi', 're', 'do#', 're#', 'do', 'sol', 'fa', 'si', 'la'] pred=[10, None, None, None, None, None, None, None, None, None] ❌
    [   9/130] n=2 x=1 slow   similar t=0  | midi: gt=[74, 79, 82, 83, 78, 77, 80, 75, 72, 81] pred=[73, 68, 75, 79, 74, 71, 76, 78, 73, 71] ❌  | spn: gt=['D5', 'G5', 'A#5', 'B5', 'F#5', 'F5', 'G#5', 'D#5', 'C5', 'A5'] pred=['C6', 'F6', 'G6', 'A7', None, None, None, None, None, None] ❌  | doremi: gt=['re', 'sol', 'la#', 'si', 'fa#', 'fa', 'sol#', 're#', 'do', 'la'] pred=[0, 2, 4, 5, 7, None, None, None, None, None] ❌
    [  10/130] n=2 x=2 slow   similar t=0  | midi: gt=[60, 71, 68, 64, 63, 67, 70, 65, 61, 66] pred=[63, 58, 49, 70, 65, 53, 68, 72, 77, 79] ❌  | spn: gt=['C4', 'B4', 'G#4', 'E4', 'D#4', 'G4', 'A#4', 'F4', 'C#4', 'F#4'] pred=['C6', 'A3', 'G4', 'F5', None, None, None, None, None, None] ❌  | doremi: gt=['do', 'si', 'sol#', 'mi', 're#', 'sol', 'la#', 'fa', 'do#', 'fa#'] pred=[0, 2, 4, 5, 7, 9, None, None, None, None] ❌
    [  11/130] n=2 x=2 medium similar t=0  | midi: gt=[70, 67, 65, 61, 71, 66, 62, 68, 69, 60] pred=[63, 58, 49, 57, 62, 55, 50, 53, 58, 65] ❌  | spn: gt=['A#4', 'G4', 'F4', 'C#4', 'B4', 'F#4', 'D4', 'G#4', 'A4', 'C4'] pred=['C4', 'F3', 'G4', 'A4', 'B4', 'C5', 'D5', 'E5', None, None] ❌  | doremi: gt=['la#', 'sol', 'fa', 'do#', 'si', 'fa#', 're', 'sol#', 'la', 'do'] pred=[0, 0, 0, 0, 0, 0, 0, 0, 0, None] ❌
    [  12/130] n=2 x=1 slow   similar t=0  | midi: gt=[74, 79, 82, 83, 78, 77, 80, 75, 72, 81] pred=[73, 68, 75, 79, 74, 77, 72, 70, 75, 73] ❌  | spn: gt=['D5', 'G5', 'A#5', 'B5', 'F#5', 'F5', 'G#5', 'D#5', 'C5', 'A5'] pred=['C6', 'F6', 'G6', 'A6', 'B6', None, None, None, None, None] ❌  | doremi: gt=['re', 'sol', 'la#', 'si', 'fa#', 'fa', 'sol#', 're#', 'do', 'la'] pred=[0, 2, 4, 5, 7, None, None, None, None, None] ❌
    [  13/130] n=2 x=2 medium similar t=1  | midi: gt=[64, 67, 69, 63, 65, 60, 61, 62, 70, 66] pred=[63, 58, 49, 70, 65, 53, 68, 72, 77, 79] ❌  | spn: gt=['E4', 'G4', 'A4', 'D#4', 'F4', 'C4', 'C#4', 'D4', 'A#4', 'F#4'] pred=['C4', 'F3', 'G4', 'A4', 'B4', 'C5', 'D5', 'E5', None, None] ❌  | doremi: gt=['mi', 'sol', 'la', 're#', 'fa', 'do', 'do#', 're', 'la#', 'fa#'] pred=[0, 0, 0, 0, 0, 0, 0, 0, 0, None] ❌
    [  14/130] n=2 x=2 slow   similar t=1  | midi: gt=[70, 64, 62, 61, 63, 60, 67, 65, 71, 69] pred=[63, 58, 54, 59, 67, 62, 60, 55, 57, 53] ❌  | spn: gt=['A#4', 'E4', 'D4', 'C#4', 'D#4', 'C4', 'G4', 'F4', 'B4', 'A4'] pred=['C6', 'B4', 'A3', 'G4', 'F5', None, None, None, None, None] ❌  | doremi: gt=['la#', 'mi', 're', 'do#', 're#', 'do', 'sol', 'fa', 'si', 'la'] pred=[0, 2, 4, 5, 7, 9, None, None, None, None] ❌
    [  15/130] n=2 x=1 slow   similar t=1  | midi: gt=[76, 78, 74, 73, 81, 72, 83, 75, 80, 79] pred=[68, 73, 75, 79, 84, 87, 91, 94, 98, 100] ❌  | spn: gt=['E5', 'F#5', 'D5', 'C#5', 'A5', 'C5', 'B5', 'D#5', 'G#5', 'G5'] pred=['C6', 'A#6', 'G7', 'F#6', 'D4', None, None, None, None, None] ❌  | doremi: gt=['mi', 'fa#', 're', 'do#', 'la', 'do', 'si', 're#', 'sol#', 'sol'] pred=[0, 2, 4, 5, 7, None, None, None, None, None] ❌
    [  16/130] n=2 x=1 medium similar t=1  | midi: gt=[74, 81, 79, 80, 72, 77, 75, 73, 82, 76] pred=[73, 69, 74, 81, 75, 77, 79, 82, 80, 78] ❌  | spn: gt=['D5', 'A5', 'G5', 'G#5', 'C5', 'F5', 'D#5', 'C#5', 'A#5', 'E5'] pred=['C6', 'F6', 'G6', 'A6', 'B6', 'C7', 'D7', 'E7', None, None] ❌  | doremi: gt=['re', 'la', 'sol', 'sol#', 'do', 'fa', 're#', 'do#', 'la#', 'mi'] pred=[0, 0, 0, 0, 0, 0, 0, 0, 0, None] ❌
    [  17/130] n=2 x=2 slow   similar t=0  | midi: gt=[60, 71, 68, 64, 63, 67, 70, 65, 61, 66] pred=[63, 59, 58, 57, 54, 52, 50, 48, 46, 44] ❌  | spn: gt=['C4', 'B4', 'G#4', 'E4', 'D#4', 'G4', 'A#4', 'F4', 'C#4', 'F#4'] pred=['C6', 'B4', 'A3', 'G4', 'F5', None, None, None, None, None] ❌  | doremi: gt=['do', 'si', 'sol#', 'mi', 're#', 'sol', 'la#', 'fa', 'do#', 'fa#'] pred=[0, 2, 4, 5, 7, None, None, None, None, None] ❌
    [  18/130] n=2 x=2 medium similar t=0  | midi: gt=[70, 67, 65, 61, 71, 66, 62, 68, 69, 60] pred=[63, 58, 70, 69, 74, 71, 68, 73, 75, 77] ❌  | spn: gt=['A#4', 'G4', 'F4', 'C#4', 'B4', 'F#4', 'D4', 'G#4', 'A4', 'C4'] pred=['C4', 'B3', 'A#3', 'G4', 'F4', None, None, None, None, None] ❌  | doremi: gt=['la#', 'sol', 'fa', 'do#', 'si', 'fa#', 're', 'sol#', 'la', 'do'] pred=[0, 0, 0, 0, 0, 0, 0, 0, 0, None] ❌
    [  19/130] n=2 x=1 slow   similar t=0  | midi: gt=[74, 79, 82, 83, 78, 77, 80, 75, 72, 81] pred=[73, 68, 75, 79, 74, 71, 76, 78, 73, 71] ❌  | spn: gt=['D5', 'G5', 'A#5', 'B5', 'F#5', 'F5', 'G#5', 'D#5', 'C5', 'A5'] pred=['C6', 'F6', 'G6', 'A6', None, None, None, None, None, None] ❌  | doremi: gt=['re', 'sol', 'la#', 'si', 'fa#', 'fa', 'sol#', 're#', 'do', 'la'] pred=[0, 2, 4, 5, 7, None, None, None, None, None] ❌
    [  20/130] n=2 x=1 slow   similar t=1  | midi: gt=[76, 78, 74, 73, 81, 72, 83, 75, 80, 79] pred=[73, 68, 75, 74, 79, 72, 77, 70, 75, 72] ❌  | spn: gt=['E5', 'F#5', 'D5', 'C#5', 'A5', 'C5', 'B5', 'D#5', 'G#5', 'G5'] pred=['C6', 'F6', 'G6', 'A#6', None, None, None, None, None, None] ❌  | doremi: gt=['mi', 'fa#', 're', 'do#', 'la', 'do', 'si', 're#', 'sol#', 'sol'] pred=[0, 2, 4, 5, 7, None, None, None, None, None] ❌
    [  21/130] n=2 x=2 medium similar t=0  | midi: gt=[70, 67, 65, 61, 71, 66, 62, 68, 69, 60] pred=[63, 58, 49, 70, 65, 72, 68, 53, 56, 61] ❌  | spn: gt=['A#4', 'G4', 'F4', 'C#4', 'B4', 'F#4', 'D4', 'G#4', 'A4', 'C4'] pred=['C4', 'F3', 'G4', 'A4', 'B4', 'C5', 'D5', 'E5', None, None] ❌  | doremi: gt=['la#', 'sol', 'fa', 'do#', 'si', 'fa#', 're', 'sol#', 'la', 'do'] pred=[0, 1, 3, 4, None, None, None, None, None, None] ❌
    [  22/130] n=2 x=1 slow   similar t=1  | midi: gt=[76, 78, 74, 73, 81, 72, 83, 75, 80, 79] pred=[73, 68, 75, 79, 74, 77, 72, 70, 75, 73] ❌  | spn: gt=['E5', 'F#5', 'D5', 'C#5', 'A5', 'C5', 'B5', 'D#5', 'G#5', 'G5'] pred=['C6', 'A#6', 'G7', 'F#6', 'D4', None, None, None, None, None] ❌  | doremi: gt=['mi', 'fa#', 're', 'do#', 'la', 'do', 'si', 're#', 'sol#', 'sol'] pred=[0, 2, 4, 5, 7, None, None, None, None, None] ❌
    [  23/130] n=2 x=1 medium similar t=1  | midi: gt=[74, 81, 79, 80, 72, 77, 75, 73, 82, 76] pred=[73, 68, 75, 79, 74, 71, 76, 78, 73, 71] ❌  | spn: gt=['D5', 'A5', 'G5', 'G#5', 'C5', 'F5', 'D#5', 'C#5', 'A#5', 'E5'] pred=['C6', 'B4', 'A3', 'G4', 'F5', None, None, None, None, None] ❌  | doremi: gt=['re', 'la', 'sol', 'sol#', 'do', 'fa', 're#', 'do#', 'la#', 'mi'] pred=[0, 1, 2, 3, 4, 5, 7, None, None, None] ❌
    [  24/130] n=2 x=2 slow   similar t=0  | midi: gt=[60, 71, 68, 64, 63, 67, 70, 65, 61, 66] pred=[63, 58, 49, 70, 65, 72, 67, 55, 51, 49] ❌  | spn: gt=['C4', 'B4', 'G#4', 'E4', 'D#4', 'G4', 'A#4', 'F4', 'C#4', 'F#4'] pred=['C4', 'F3', 'G4', 'A4', 'B4', 'C5', 'D5', 'E5', None, None] ❌  | doremi: gt=['do', 'si', 'sol#', 'mi', 're#', 'sol', 'la#', 'fa', 'do#', 'fa#'] pred=[0, 2, 4, 5, 7, 9, None, None, None, None] ❌
    [  25/130] n=2 x=1 medium similar t=0  | midi: gt=[78, 72, 73, 76, 83, 74, 81, 75, 80, 79] pred=[73, 69, 74, 81, 75, 77, 76, 78, 74, 73] ❌  | spn: gt=['F#5', 'C5', 'C#5', 'E5', 'B5', 'D5', 'A5', 'D#5', 'G#5', 'G5'] pred=['C6', 'F6', 'G6', 'A6', 'B6', 'C7', 'D7', 'E7', None, None] ❌  | doremi: gt=['fa#', 'do', 'do#', 'mi', 'si', 're', 'la', 're#', 'sol#', 'sol'] pred=[0, 0, 0, 0, 0, 0, 0, 0, 0, None] ❌
    [  26/130] n=2 x=1 slow   similar t=0  | midi: gt=[74, 79, 82, 83, 78, 77, 80, 75, 72, 81] pred=[73, 68, 75, 79, 74, 77, 72, 70, 75, 73] ❌  | spn: gt=['D5', 'G5', 'A#5', 'B5', 'F#5', 'F5', 'G#5', 'D#5', 'C5', 'A5'] pred=['C6', 'F6', 'G6', 'A6', None, None, None, None, None, None] ❌  | doremi: gt=['re', 'sol', 'la#', 'si', 'fa#', 'fa', 'sol#', 're#', 'do', 'la'] pred=[0, 2, 4, 5, 7, 9, None, None, None, None] ❌
    [  27/130] n=2 x=2 medium similar t=0  | midi: gt=[70, 67, 65, 61, 71, 66, 62, 68, 69, 60] pred=[63, 58, 54, 59, 67, 62, 60, 55, 57, 53] ❌  | spn: gt=['A#4', 'G4', 'F4', 'C#4', 'B4', 'F#4', 'D4', 'G#4', 'A4', 'C4'] pred=['C6', 'B4', 'A3', 'G4', 'F5', None, None, None, None, None] ❌  | doremi: gt=['la#', 'sol', 'fa', 'do#', 'si', 'fa#', 're', 'sol#', 'la', 'do'] pred=[0, 2, 4, 5, 7, 9, None, None, None, None] ❌
    [  28/130] n=2 x=1 slow   similar t=1  | midi: gt=[76, 78, 74, 73, 81, 72, 83, 75, 80, 79] pred=[73, 68, 75, 79, 74, 77, 72, 70, 75, 73] ❌  | spn: gt=['E5', 'F#5', 'D5', 'C#5', 'A5', 'C5', 'B5', 'D#5', 'G#5', 'G5'] pred=['C6', 'F6', 'G6', 'A6', None, None, None, None, None, None] ❌  | doremi: gt=['mi', 'fa#', 're', 'do#', 'la', 'do', 'si', 're#', 'sol#', 'sol'] pred=[0, 1, 3, 4, 5, 7, 9, None, None, None] ❌
    [  29/130] n=2 x=1 medium similar t=1  | midi: gt=[74, 81, 79, 80, 72, 77, 75, 73, 82, 76] pred=[73, 68, 75, 79, 74, 71, 76, 78, 73, 71] ❌  | spn: gt=['D5', 'A5', 'G5', 'G#5', 'C5', 'F5', 'D#5', 'C#5', 'A#5', 'E5'] pred=['C6', 'F6', 'G6', 'A6', 'G7', None, None, None, None, None] ❌  | doremi: gt=['re', 'la', 'sol', 'sol#', 'do', 'fa', 're#', 'do#', 'la#', 'mi'] pred=[0, 1, 3, 4, 5, 7, 9, None, None, None] ❌
    [  30/130] n=2 x=1 medium similar t=0  | midi: gt=[78, 72, 73, 76, 83, 74, 81, 75, 80, 79] pred=[73, 68, 75, 79, 74, 71, 76, 78, 73, 71] ❌  | spn: gt=['F#5', 'C5', 'C#5', 'E5', 'B5', 'D5', 'A5', 'D#5', 'G#5', 'G5'] pred=['C6', 'F6', 'G6', 'A6', 'B6', 'C7', 'D7', 'E7', None, None] ❌  | doremi: gt=['fa#', 'do', 'do#', 'mi', 'si', 're', 'la', 're#', 'sol#', 'sol'] pred=[0, 1, 3, 4, 5, 7, 9, None, None, None] ❌
    [  31/130] n=2 x=2 slow   similar t=0  | midi: gt=[60, 71, 68, 64, 63, 67, 70, 65, 61, 66] pred=[63, 58, 49, 70, 65, 53, 68, 72, 77, 79] ❌  | spn: gt=['C4', 'B4', 'G#4', 'E4', 'D#4', 'G4', 'A#4', 'F4', 'C#4', 'F#4'] pred=['C4', 'F3', 'G4', 'A4', 'B4', 'C5', 'D5', 'E5', None, None] ❌  | doremi: gt=['do', 'si', 'sol#', 'mi', 're#', 'sol', 'la#', 'fa', 'do#', 'fa#'] pred=[0, 2, 4, 5, 7, 9, None, None, None, None] ❌
    [  32/130] n=2 x=1 slow   similar t=1  | midi: gt=[76, 78, 74, 73, 81, 72, 83, 75, 80, 79] pred=[73, 68, 75, 79, 84, 81, 76, 78, 77, 75] ❌  | spn: gt=['E5', 'F#5', 'D5', 'C#5', 'A5', 'C5', 'B5', 'D#5', 'G#5', 'G5'] pred=['C6', 'F6', 'G6', 'G#6', 'A#6', 'C7', 'D7', 'E7', None, None] ❌  | doremi: gt=['mi', 'fa#', 're', 'do#', 'la', 'do', 'si', 're#', 'sol#', 'sol'] pred=[0, 2, 4, 5, 7, None, None, None, None, None] ❌
    [  33/130] n=2 x=2 medium similar t=0  | midi: gt=[70, 67, 65, 61, 71, 66, 62, 68, 69, 60] pred=[63, 58, 49, 57, 62, 55, 50, 53, 58, 63] ❌  | spn: gt=['A#4', 'G4', 'F4', 'C#4', 'B4', 'F#4', 'D4', 'G#4', 'A4', 'C4'] pred=['C6', 'B4', 'A3', 'G4', 'F5', None, None, None, None, None] ❌  | doremi: gt=['la#', 'sol', 'fa', 'do#', 'si', 'fa#', 're', 'sol#', 'la', 'do'] pred=[0, 2, 4, 5, 7, 9, None, None, None, None] ❌
    [  34/130] n=2 x=1 medium similar t=0  | midi: gt=[78, 72, 73, 76, 83, 74, 81, 75, 80, 79] pred=[73, 69, 74, 81, 75, 77, 79, 82, 80, 78] ❌  | spn: gt=['F#5', 'C5', 'C#5', 'E5', 'B5', 'D5', 'A5', 'D#5', 'G#5', 'G5'] pred=['C6', 'A#6', 'G7', 'F#6', 'D4', None, None, None, None, None] ❌  | doremi: gt=['fa#', 'do', 'do#', 'mi', 'si', 're', 'la', 're#', 'sol#', 'sol'] pred=[0, 0, 0, 0, 0, 0, 0, 0, 0, None] ❌
    [  35/130] n=2 x=1 slow   similar t=0  | midi: gt=[74, 79, 82, 83, 78, 77, 80, 75, 72, 81] pred=[73, 68, 75, 79, 74, 77, 72, 70, 75, 73] ❌  | spn: gt=['D5', 'G5', 'A#5', 'B5', 'F#5', 'F5', 'G#5', 'D#5', 'C5', 'A5'] pred=['C6', 'F6', 'G6', 'A6', None, None, None, None, None, None] ❌  | doremi: gt=['re', 'sol', 'la#', 'si', 'fa#', 'fa', 'sol#', 're#', 'do', 'la'] pred=[0, 2, 4, 5, 7, None, None, None, None, None] ❌
    [  36/130] n=2 x=1 slow   similar t=1  | midi: gt=[76, 78, 74, 73, 81, 72, 83, 75, 80, 79] pred=[73, 68, 75, 79, 74, 77, 72, 70, 75, 73] ❌  | spn: gt=['E5', 'F#5', 'D5', 'C#5', 'A5', 'C5', 'B5', 'D#5', 'G#5', 'G5'] pred=['C6', 'F6', 'G6', 'A6', None, None, None, None, None, None] ❌  | doremi: gt=['mi', 'fa#', 're', 'do#', 'la', 'do', 'si', 're#', 'sol#', 'sol'] pred=[0, 2, 4, 5, 7, None, None, None, None, None] ❌
    [  37/130] n=2 x=1 medium similar t=1  | midi: gt=[74, 81, 79, 80, 72, 77, 75, 73, 82, 76] pred=[73, 68, 75, 79, 74, 77, 72, 70, 75, 73] ❌  | spn: gt=['D5', 'A5', 'G5', 'G#5', 'C5', 'F5', 'D#5', 'C#5', 'A#5', 'E5'] pred=['C6', 'A#6', 'A#6', 'G6', 'F6', 'E6', 'D6', 'C6', None, None] ❌  | doremi: gt=['re', 'la', 'sol', 'sol#', 'do', 'fa', 're#', 'do#', 'la#', 'mi'] pred=[0, 1, 3, 4, 5, 7, 9, None, None, None] ❌
    [  38/130] n=2 x=1 slow   similar t=0  | midi: gt=[74, 79, 82, 83, 78, 77, 80, 75, 72, 81] pred=[73, 68, 75, 79, 74, 77, 72, 70, 75, 73] ❌  | spn: gt=['D5', 'G5', 'A#5', 'B5', 'F#5', 'F5', 'G#5', 'D#5', 'C5', 'A5'] pred=['C6', 'F6', 'G6', 'A#6', None, None, None, None, None, None] ❌  | doremi: gt=['re', 'sol', 'la#', 'si', 'fa#', 'fa', 'sol#', 're#', 'do', 'la'] pred=[0, 2, 4, 5, 7, 9, None, None, None, None] ❌
    [  39/130] n=2 x=1 medium similar t=0  | midi: gt=[78, 72, 73, 76, 83, 74, 81, 75, 80, 79] pred=[73, 69, 74, 81, 75, 77, 76, 78, 75, 73] ❌  | spn: gt=['F#5', 'C5', 'C#5', 'E5', 'B5', 'D5', 'A5', 'D#5', 'G#5', 'G5'] pred=['C6', 'F6', 'G6', 'A6', 'B6', None, None, None, None, None] ❌  | doremi: gt=['fa#', 'do', 'do#', 'mi', 'si', 're', 'la', 're#', 'sol#', 'sol'] pred=[0, 1, 3, 4, 5, 7, 9, None, None, None] ❌
    [  40/130] n=2 x=2 slow   similar t=0  | midi: gt=[60, 71, 68, 64, 63, 67, 70, 65, 61, 66] pred=[63, 59, 58, 57, 54, 52, 50, 48, 46, 44] ❌  | spn: gt=['C4', 'B4', 'G#4', 'E4', 'D#4', 'G4', 'A#4', 'F4', 'C#4', 'F#4'] pred=['C6', 'B4', 'A3', 'G4', 'F5', None, None, None, None, None] ❌  | doremi: gt=['do', 'si', 'sol#', 'mi', 're#', 'sol', 'la#', 'fa', 'do#', 'fa#'] pred=[0, 2, 4, 5, 7, 9, None, None, None, None] ❌
    [  41/130] n=2 x=2 slow   similar t=0  | midi: gt=[60, 71, 68, 64, 63, 67, 70, 65, 61, 66] pred=[63, 58, 49, 70, 65, 53, 68, 72, 77, 79] ❌  | spn: gt=['C4', 'B4', 'G#4', 'E4', 'D#4', 'G4', 'A#4', 'F4', 'C#4', 'F#4'] pred=['C4', 'F4', 'G4', 'A3', 'B4', 'C5', 'D5', 'E5', None, None] ❌  | doremi: gt=['do', 'si', 'sol#', 'mi', 're#', 'sol', 'la#', 'fa', 'do#', 'fa#'] pred=[0, 2, 4, 5, 7, 9, None, None, None, None] ❌
    [  42/130] n=2 x=2 medium similar t=0  | midi: gt=[70, 67, 65, 61, 71, 66, 62, 68, 69, 60] pred=[63, 58, 54, 59, 67, 62, 60, 55, 57, 53] ❌  | spn: gt=['A#4', 'G4', 'F4', 'C#4', 'B4', 'F#4', 'D4', 'G#4', 'A4', 'C4'] pred=['C4', 'B3', 'A#3', 'G4', 'F4', None, None, None, None, None] ❌  | doremi: gt=['la#', 'sol', 'fa', 'do#', 'si', 'fa#', 're', 'sol#', 'la', 'do'] pred=[0, 0, 0, 0, 0, 0, 0, 0, 0, None] ❌
    [  43/130] n=2 x=1 slow   similar t=0  | midi: gt=[74, 79, 82, 83, 78, 77, 80, 75, 72, 81] pred=[73, 68, 75, 79, 74, 77, 72, 70, 75, 73] ❌  | spn: gt=['D5', 'G5', 'A#5', 'B5', 'F#5', 'F5', 'G#5', 'D#5', 'C5', 'A5'] pred=['C6', 'F6', 'G6', 'A6', None, None, None, None, None, None] ❌  | doremi: gt=['re', 'sol', 'la#', 'si', 'fa#', 'fa', 'sol#', 're#', 'do', 'la'] pred=[0, 2, 4, 5, 7, None, None, None, None, None] ❌
    [  44/130] n=2 x=1 medium similar t=1  | midi: gt=[74, 81, 79, 80, 72, 77, 75, 73, 82, 76] pred=[73, 68, 75, 79, 74, 77, 72, 70, 75, 73] ❌  | spn: gt=['D5', 'A5', 'G5', 'G#5', 'C5', 'F5', 'D#5', 'C#5', 'A#5', 'E5'] pred=['C6', 'F6', 'G6', 'A6', None, None, None, None, None, None] ❌  | doremi: gt=['re', 'la', 'sol', 'sol#', 'do', 'fa', 're#', 'do#', 'la#', 'mi'] pred=[0, 1, 2, 3, 4, 5, 7, None, None, None] ❌
    [  45/130] n=2 x=2 slow   similar t=1  | midi: gt=[70, 64, 62, 61, 63, 60, 67, 65, 71, 69] pred=[63, 58, 49, 70, 65, 72, 67, 55, 51, 46] ❌  | spn: gt=['A#4', 'E4', 'D4', 'C#4', 'D#4', 'C4', 'G4', 'F4', 'B4', 'A4'] pred=['C4', 'F3', 'G4', 'A4', 'B4', 'C5', 'D5', 'E5', None, None] ❌  | doremi: gt=['la#', 'mi', 're', 'do#', 're#', 'do', 'sol', 'fa', 'si', 'la'] pred=[0, 2, 4, 5, 7, 9, None, None, None, None] ❌
    [  46/130] n=2 x=2 medium similar t=0  | midi: gt=[70, 67, 65, 61, 71, 66, 62, 68, 69, 60] pred=[63, 58, 54, 59, 67, 62, 60, 55, 57, 53] ❌  | spn: gt=['A#4', 'G4', 'F4', 'C#4', 'B4', 'F#4', 'D4', 'G#4', 'A4', 'C4'] pred=['C4', 'F3', 'G4', 'A4', 'B4', 'C5', 'D5', 'E5', None, None] ❌  | doremi: gt=['la#', 'sol', 'fa', 'do#', 'si', 'fa#', 're', 'sol#', 'la', 'do'] pred=[0, 2, 4, 5, 7, 9, None, None, None, None] ❌
    [  47/130] n=2 x=1 slow   similar t=0  | midi: gt=[74, 79, 82, 83, 78, 77, 80, 75, 72, 81] pred=[73, 68, 75, 79, 74, 77, 72, 70, 75, 73] ❌  | spn: gt=['D5', 'G5', 'A#5', 'B5', 'F#5', 'F5', 'G#5', 'D#5', 'C5', 'A5'] pred=['C6', 'F6', 'G6', 'A6', None, None, None, None, None, None] ❌  | doremi: gt=['re', 'sol', 'la#', 'si', 'fa#', 'fa', 'sol#', 're#', 'do', 'la'] pred=[0, 2, 4, 5, 7, 9, None, None, None, None] ❌
    [  48/130] n=2 x=2 slow   similar t=0  | midi: gt=[60, 71, 68, 64, 63, 67, 70, 65, 61, 66] pred=[67, 59, 48, 36, 52, 64, 71, 76, 83, 91] ❌  | spn: gt=['C4', 'B4', 'G#4', 'E4', 'D#4', 'G4', 'A#4', 'F4', 'C#4', 'F#4'] pred=['C4', 'F3', 'G4', 'A4', 'B4', 'C5', 'D5', 'E5', None, None] ❌  | doremi: gt=['do', 'si', 'sol#', 'mi', 're#', 'sol', 'la#', 'fa', 'do#', 'fa#'] pred=[0, 2, 4, 5, 7, 9, None, None, None, None] ❌
    [  49/130] n=2 x=1 medium similar t=0  | midi: gt=[78, 72, 73, 76, 83, 74, 81, 75, 80, 79] pred=[73, 69, 74, 81, 75, 77, 76, 78, 75, 73] ❌  | spn: gt=['F#5', 'C5', 'C#5', 'E5', 'B5', 'D5', 'A5', 'D#5', 'G#5', 'G5'] pred=['C6', 'F6', 'G6', 'A6', 'B6', None, None, None, None, None] ❌  | doremi: gt=['fa#', 'do', 'do#', 'mi', 'si', 're', 'la', 're#', 'sol#', 'sol'] pred=[0, 0, 0, 0, 0, 0, 0, 0, 0, None] ❌
    [  50/130] n=2 x=2 slow   similar t=1  | midi: gt=[70, 64, 62, 61, 63, 60, 67, 65, 71, 69] pred=[63, 58, 49, 70, 65, 72, 67, 55, 51, 46] ❌  | spn: gt=['A#4', 'E4', 'D4', 'C#4', 'D#4', 'C4', 'G4', 'F4', 'B4', 'A4'] pred=['C6', 'A#6', 'G7', 'F#6', 'D4', None, None, None, None, None] ❌  | doremi: gt=['la#', 'mi', 're', 'do#', 're#', 'do', 'sol', 'fa', 'si', 'la'] pred=[0, 2, 4, 5, 7, 9, None, None, None, None] ❌
    [  51/130] n=2 x=1 medium similar t=1  | midi: gt=[74, 81, 79, 80, 72, 77, 75, 73, 82, 76] pred=[73, 68, 75, 79, 74, 71, 76, 78, 73, 71] ❌  | spn: gt=['D5', 'A5', 'G5', 'G#5', 'C5', 'F5', 'D#5', 'C#5', 'A#5', 'E5'] pred=['C6', 'A#6', 'G#6', 'F7', 'D4', None, None, None, None, None] ❌  | doremi: gt=['re', 'la', 'sol', 'sol#', 'do', 'fa', 're#', 'do#', 'la#', 'mi'] pred=[0, 2, 4, 5, 7, 9, None, None, None, None] ❌
    [  52/130] n=2 x=2 slow   similar t=1  | midi: gt=[70, 64, 62, 61, 63, 60, 67, 65, 71, 69] pred=[63, 58, 54, 59, 67, 62, 67, 72, 77, 82] ❌  | spn: gt=['A#4', 'E4', 'D4', 'C#4', 'D#4', 'C4', 'G4', 'F4', 'B4', 'A4'] pred=['C6', 'B4', 'A3', 'G4', 'F5', None, None, None, None, None] ❌  | doremi: gt=['la#', 'mi', 're', 'do#', 're#', 'do', 'sol', 'fa', 'si', 'la'] pred=[0, 2, 4, 5, 7, 9, None, None, None, None] ❌
    [  53/130] n=2 x=1 slow   similar t=0  | midi: gt=[74, 79, 82, 83, 78, 77, 80, 75, 72, 81] pred=[73, 68, 75, 79, 74, 71, 76, 78, 73, 71] ❌  | spn: gt=['D5', 'G5', 'A#5', 'B5', 'F#5', 'F5', 'G#5', 'D#5', 'C5', 'A5'] pred=['C6', 'F6', 'G6', 'A6', None, None, None, None, None, None] ❌  | doremi: gt=['re', 'sol', 'la#', 'si', 'fa#', 'fa', 'sol#', 're#', 'do', 'la'] pred=[0, 2, 4, 5, 7, None, None, None, None, None] ❌
    [  54/130] n=2 x=2 medium similar t=0  | midi: gt=[70, 67, 65, 61, 71, 66, 62, 68, 69, 60] pred=[63, 58, 54, 59, 67, 62, 67, 72, 74, 79] ❌  | spn: gt=['A#4', 'G4', 'F4', 'C#4', 'B4', 'F#4', 'D4', 'G#4', 'A4', 'C4'] pred=['C6', 'B4', 'A3', 'G4', 'F5', None, None, None, None, None] ❌  | doremi: gt=['la#', 'sol', 'fa', 'do#', 'si', 'fa#', 're', 'sol#', 'la', 'do'] pred=[0, 2, 4, 5, 7, 9, None, None, None, None] ❌
    [  55/130] n=2 x=1 slow   similar t=1  | midi: gt=[76, 78, 74, 73, 81, 72, 83, 75, 80, 79] pred=[73, 68, 75, 79, 74, 77, 72, 70, 75, 73] ❌  | spn: gt=['E5', 'F#5', 'D5', 'C#5', 'A5', 'C5', 'B5', 'D#5', 'G#5', 'G5'] pred=['C6', 'F6', 'G6', 'A6', None, None, None, None, None, None] ❌  | doremi: gt=['mi', 'fa#', 're', 'do#', 'la', 'do', 'si', 're#', 'sol#', 'sol'] pred=[0, 2, 4, 5, 7, None, None, None, None, None] ❌
    [  56/130] n=2 x=2 slow   similar t=0  | midi: gt=[60, 71, 68, 64, 63, 67, 70, 65, 61, 66] pred=[63, 59, 58, 57, 54, 52, 50, 48, 46, 44] ❌  | spn: gt=['C4', 'B4', 'G#4', 'E4', 'D#4', 'G4', 'A#4', 'F4', 'C#4', 'F#4'] pred=['C6', 'G4', 'A3', 'C5', 'F4', 'G4', 'A3', None, None, None] ❌  | doremi: gt=['do', 'si', 'sol#', 'mi', 're#', 'sol', 'la#', 'fa', 'do#', 'fa#'] pred=[0, 2, 4, 5, 7, 9, None, None, None, None] ❌
    [  57/130] n=2 x=1 slow   similar t=0  | midi: gt=[74, 79, 82, 83, 78, 77, 80, 75, 72, 81] pred=[73, 68, 75, 79, 74, 77, 72, 70, 75, 73] ❌  | spn: gt=['D5', 'G5', 'A#5', 'B5', 'F#5', 'F5', 'G#5', 'D#5', 'C5', 'A5'] pred=['C6', 'F6', 'G6', 'A6', None, None, None, None, None, None] ❌  | doremi: gt=['re', 'sol', 'la#', 'si', 'fa#', 'fa', 'sol#', 're#', 'do', 'la'] pred=[0, 2, 4, 5, 7, 9, None, None, None, None] ❌
    [  58/130] n=2 x=1 slow   similar t=1  | midi: gt=[76, 78, 74, 73, 81, 72, 83, 75, 80, 79] pred=[73, 68, 75, 79, 74, 77, 72, 70, 75, 73] ❌  | spn: gt=['E5', 'F#5', 'D5', 'C#5', 'A5', 'C5', 'B5', 'D#5', 'G#5', 'G5'] pred=['C6', 'F6', 'G6', 'A6', None, None, None, None, None, None] ❌  | doremi: gt=['mi', 'fa#', 're', 'do#', 'la', 'do', 'si', 're#', 'sol#', 'sol'] pred=[0, 2, 4, 5, 7, 9, None, None, None, None] ❌
    [  59/130] n=2 x=2 medium similar t=0  | midi: gt=[70, 67, 65, 61, 71, 66, 62, 68, 69, 60] pred=[63, 58, 54, 59, 67, 62, 67, 72, 79, 84] ❌  | spn: gt=['A#4', 'G4', 'F4', 'C#4', 'B4', 'F#4', 'D4', 'G#4', 'A4', 'C4'] pred=['C4', 'B3', 'A#3', 'G4', 'F4', None, None, None, None, None] ❌  | doremi: gt=['la#', 'sol', 'fa', 'do#', 'si', 'fa#', 're', 'sol#', 'la', 'do'] pred=[0, 2, 4, 5, 7, 9, None, None, None, None] ❌
    [  60/130] n=2 x=1 medium similar t=1  | midi: gt=[74, 81, 79, 80, 72, 77, 75, 73, 82, 76] pred=[73, 68, 75, 79, 74, 77, 72, 70, 75, 73] ❌  | spn: gt=['D5', 'A5', 'G5', 'G#5', 'C5', 'F5', 'D#5', 'C#5', 'A#5', 'E5'] pred=['C6', 'F6', 'G6', 'A6', None, None, None, None, None, None] ❌  | doremi: gt=['re', 'la', 'sol', 'sol#', 'do', 'fa', 're#', 'do#', 'la#', 'mi'] pred=[0, 2, 4, 5, 7, 9, None, None, None, None] ❌
    [  61/130] n=2 x=2 slow   mixed   t=0  | midi: gt=[60, 71, 68, 64, 63, 67, 70, 65, 61, 66] pred=[64, 59, 73, 68, 71, 76, 78, 76, 71, 68] ❌  | spn: gt=['C4', 'B4', 'G#4', 'E4', 'D#4', 'G4', 'A#4', 'F4', 'C#4', 'F#4'] pred=['G4', 'A3', 'B4', 'G4', 'F4', None, None, None, None, None] ❌  | doremi: gt=['do', 'si', 'sol#', 'mi', 're#', 'sol', 'la#', 'fa', 'do#', 'fa#'] pred=[0, 2, 4, 5, 7, 9, None, None, None, None] ❌
    [  62/130] n=2 x=1 medium mixed   t=1  | midi: gt=[74, 81, 79, 80, 72, 77, 75, 73, 82, 76] pred=[68, 73, 75, 79, 84, 86, 89, 92, 95, 98] ❌  | spn: gt=['D5', 'A5', 'G5', 'G#5', 'C5', 'F5', 'D#5', 'C#5', 'A#5', 'E5'] pred=['C6', 'F6', 'G6', 'A6', 'G6', None, None, None, None, None] ❌  | doremi: gt=['re', 'la', 'sol', 'sol#', 'do', 'fa', 're#', 'do#', 'la#', 'mi'] pred=[0, 0, 0, 0, 0, 0, 0, 0, 0, None] ❌
    [  63/130] n=2 x=2 slow   mixed   t=1  | midi: gt=[70, 64, 62, 61, 63, 60, 67, 65, 71, 69] pred=[64, 73, 75, 80, 89, 91, 93, 96, 98, 100] ❌  | spn: gt=['A#4', 'E4', 'D4', 'C#4', 'D#4', 'C4', 'G4', 'F4', 'B4', 'A4'] pred=['G4', 'A3', 'B4', 'G4', 'F4', None, None, None, None, None] ❌  | doremi: gt=['la#', 'mi', 're', 'do#', 're#', 'do', 'sol', 'fa', 'si', 'la'] pred=[0, 2, 4, 5, 7, 9, None, None, None, None] ❌
    [  64/130] n=2 x=1 medium mixed   t=0  | midi: gt=[78, 72, 73, 76, 83, 74, 81, 75, 80, 79] pred=[68, 73, 75, 79, 84, 86, 89, 92, 95, 98] ❌  | spn: gt=['F#5', 'C5', 'C#5', 'E5', 'B5', 'D5', 'A5', 'D#5', 'G#5', 'G5'] pred=['C6', 'B4', 'A3', 'G4', 'F5', None, None, None, None, None] ❌  | doremi: gt=['fa#', 'do', 'do#', 'mi', 'si', 're', 'la', 're#', 'sol#', 'sol'] pred=[0, 0, 0, 0, 0, 0, 0, 0, 0, None] ❌
    [  65/130] n=2 x=1 slow   mixed   t=1  | midi: gt=[76, 78, 74, 73, 81, 72, 83, 75, 80, 79] pred=[67, 69, 74, 73, 75, 78, 76, 74, 73, 71] ❌  | spn: gt=['E5', 'F#5', 'D5', 'C#5', 'A5', 'C5', 'B5', 'D#5', 'G#5', 'G5'] pred=['C6', 'F6', 'G6', 'A6', 'G6', None, None, None, None, None] ❌  | doremi: gt=['mi', 'fa#', 're', 'do#', 'la', 'do', 'si', 're#', 'sol#', 'sol'] pred=[0, 0, 0, 0, 0, 0, 0, 0, 0, None] ❌
    [  66/130] n=3 x=2 slow   mixed   t=1  | midi: gt=[65, 60, 67, 62, 70, 71, 63, 69, 68, 61] pred=[62, 58, 64, 70, 69, 67, 65, 72, 74, 76] ❌  | spn: gt=['F4', 'C4', 'G4', 'D4', 'A#4', 'B4', 'D#4', 'A4', 'G#4', 'C#4'] pred=['F4', 'G4', 'A4', 'F4', 'G4', None, None, None, None, None] ❌  | doremi: gt=['fa', 'do', 'sol', 're', 'la#', 'si', 're#', 'la', 'sol#', 'do#'] pred=[0, 2, 4, 5, 7, None, None, None, None, None] ❌
    [  67/130] n=3 x=3 medium mixed   t=1  | midi: gt=[52, 50, 49, 57, 53, 54, 51, 55, 58, 59] pred=[64, 59, 72, 68, 71, 66, 73, 70, 75, 71] ❌  | spn: gt=['E3', 'D3', 'C#3', 'A3', 'F3', 'F#3', 'D#3', 'G3', 'A#3', 'B3'] pred=['C4', 'F4', 'G4', 'A4', 'B4', 'C5', 'D5', 'E5', None, None] ❌  | doremi: gt=['mi', 're', 'do#', 'la', 'fa', 'fa#', 're#', 'sol', 'la#', 'si'] pred=[0, 2, 4, 5, 7, 9, None, None, None, None] ❌
    [  68/130] n=3 x=1 medium mixed   t=1  | midi: gt=[72, 73, 78, 82, 81, 80, 77, 79, 74, 83] pred=[68, 72, 75, 79, 84, 87, 91, 95, 98, 100] ❌  | spn: gt=['C5', 'C#5', 'F#5', 'A#5', 'A5', 'G#5', 'F5', 'G5', 'D5', 'B5'] pred=['C6', 'F6', 'G6', 'A6', 'C#7', None, None, None, None, None] ❌  | doremi: gt=['do', 'do#', 'fa#', 'la#', 'la', 'sol#', 'fa', 'sol', 're', 'si'] pred=[0, 1, 3, 4, None, None, None, None, None, None] ❌
    [  69/130] n=3 x=2 slow   mixed   t=0  | midi: gt=[65, 66, 61, 62, 68, 71, 60, 70, 63, 64] pred=[64, 59, 62, 71, 68, 65, 70, 72, 74, 76] ❌  | spn: gt=['F4', 'F#4', 'C#4', 'D4', 'G#4', 'B4', 'C4', 'A#4', 'D#4', 'E4'] pred=['A4', 'G4', 'F4', None, None, None, None, None, None, None] ❌  | doremi: gt=['fa', 'fa#', 'do#', 're', 'sol#', 'si', 'do', 'la#', 're#', 'mi'] pred=[0, 2, 4, 5, 7, 9, None, None, None, None] ❌
    [  70/130] n=3 x=1 slow   mixed   t=1  | midi: gt=[72, 76, 73, 80, 81, 78, 74, 75, 82, 77] pred=[68, 72, 75, 79, 84, 87, 91, 95, 98, 100] ❌  | spn: gt=['C5', 'E5', 'C#5', 'G#5', 'A5', 'F#5', 'D5', 'D#5', 'A#5', 'F5'] pred=['C6', 'F6', 'G6', 'A6', None, None, None, None, None, None] ❌  | doremi: gt=['do', 'mi', 'do#', 'sol#', 'la', 'fa#', 're', 're#', 'la#', 'fa'] pred=[0, 2, 4, 5, 7, 9, None, None, None, None] ❌
    [  71/130] n=3 x=3 slow   similar t=1  | midi: gt=[55, 59, 50, 48, 52, 58, 54, 56, 49, 57] pred=[62, 59, 57, 54, 52, 50, 48, 46, 44, 42] ❌  | spn: gt=['G3', 'B3', 'D3', 'C3', 'E3', 'A#3', 'F#3', 'G#3', 'C#3', 'A3'] pred=['C6', 'B4', 'A#4', 'G4', 'F4', None, None, None, None, None] ❌  | doremi: gt=['sol', 'si', 're', 'do', 'mi', 'la#', 'fa#', 'sol#', 'do#', 'la'] pred=[10, None, None, None, None, None, None, None, None, None] ❌
    [  72/130] n=3 x=3 medium similar t=0  | midi: gt=[56, 54, 55, 59, 57, 48, 58, 49, 53, 52] pred=[57, 62, 69, 74, 81, 88, 95, 102, 109, 116] ❌  | spn: gt=['G#3', 'F#3', 'G3', 'B3', 'A3', 'C3', 'A#3', 'C#3', 'F3', 'E3'] pred=['C6', 'B4', 'A#4', 'G#4', 'F#4', 'E4', 'D4', 'C#4', None, None] ❌  | doremi: gt=['sol#', 'fa#', 'sol', 'si', 'la', 'do', 'la#', 'do#', 'fa', 'mi'] pred=[10, None, None, None, None, None, None, None, None, None] ❌
    [  73/130] n=3 x=1 medium similar t=0  | midi: gt=[74, 79, 83, 75, 76, 80, 72, 77, 78, 82] pred=[72, 69, 74, 81, 77, 75, 70, 77, 79, 81] ❌  | spn: gt=['D5', 'G5', 'B5', 'D#5', 'E5', 'G#5', 'C5', 'F5', 'F#5', 'A#5'] pred=['C6', 'F6', 'G6', 'A6', None, None, None, None, None, None] ❌  | doremi: gt=['re', 'sol', 'si', 're#', 'mi', 'sol#', 'do', 'fa', 'fa#', 'la#'] pred=[0, 1, 2, 3, 4, 5, 6, 7, 9, None] ❌
    [  74/130] n=3 x=3 slow   similar t=0  | midi: gt=[52, 57, 59, 55, 54, 53, 50, 49, 48, 51] pred=[62, 59, 57, 54, 52, 50, 48, 46, 44, 42] ❌  | spn: gt=['E3', 'A3', 'B3', 'G3', 'F#3', 'F3', 'D3', 'C#3', 'C3', 'D#3'] pred=['C6', 'A#4', 'A#4', 'G4', 'F4', 'E4', 'D4', 'C4', None, None] ❌  | doremi: gt=['mi', 'la', 'si', 'sol', 'fa#', 'fa', 're', 'do#', 'do', 're#'] pred=[0, 2, 4, 5, 7, 9, None, None, None, None] ❌
    [  75/130] n=3 x=1 medium similar t=1  | midi: gt=[72, 73, 78, 82, 81, 80, 77, 79, 74, 83] pred=[72, 69, 74, 81, 76, 75, 77, 79, 82, 84] ❌  | spn: gt=['C5', 'C#5', 'F#5', 'A#5', 'A5', 'G#5', 'F5', 'G5', 'D5', 'B5'] pred=['C6', 'F6', 'G6', 'A6', None, None, None, None, None, None] ❌  | doremi: gt=['do', 'do#', 'fa#', 'la#', 'la', 'sol#', 'fa', 'sol', 're', 'si'] pred=[0, 0, 0, 0, 0, 0, 0, 0, 0, None] ❌
    [  76/130] n=3 x=1 medium similar t=0  | midi: gt=[74, 79, 83, 75, 76, 80, 72, 77, 78, 82] pred=[72, 68, 75, 79, 74, 77, 70, 75, 72, 70] ❌  | spn: gt=['D5', 'G5', 'B5', 'D#5', 'E5', 'G#5', 'C5', 'F5', 'F#5', 'A#5'] pred=['C6', 'F6', 'G6', 'A6', 'B6', 'C7', 'D7', 'E7', None, None] ❌  | doremi: gt=['re', 'sol', 'si', 're#', 'mi', 'sol#', 'do', 'fa', 'fa#', 'la#'] pred=[0, 0, 0, 0, 0, 0, 0, 0, 0, None] ❌
    [  77/130] n=3 x=2 medium similar t=1  | midi: gt=[69, 66, 67, 68, 60, 62, 70, 64, 65, 71] pred=[68, 72, 75, 79, 84, 87, 91, 95, 99, 103] ❌  | spn: gt=['A4', 'F#4', 'G4', 'G#4', 'C4', 'D4', 'A#4', 'E4', 'F4', 'B4'] pred=['C6', 'F6', 'G6', 'A6', 'B6', 'C7', 'D7', 'E7', None, None] ❌  | doremi: gt=['la', 'fa#', 'sol', 'sol#', 'do', 're', 'la#', 'mi', 'fa', 'si'] pred=[0, 1, 2, 3, 4, 5, 7, None, None, None] ❌
    [  78/130] n=3 x=2 medium similar t=0  | midi: gt=[69, 70, 65, 63, 71, 67, 62, 64, 61, 60] pred=[68, 72, 75, 79, 84, 87, 91, 95, 99, 103] ❌  | spn: gt=['A4', 'A#4', 'F4', 'D#4', 'B4', 'G4', 'D4', 'E4', 'C#4', 'C4'] pred=['C6', 'F6', 'G6', 'A6', 'B6', 'C7', 'D7', 'E7', None, None] ❌  | doremi: gt=['la', 'la#', 'fa', 're#', 'si', 'sol', 're', 'mi', 'do#', 'do'] pred=[0, 1, 2, 3, 4, 5, 7, None, None, None] ❌
    [  79/130] n=3 x=2 slow   similar t=0  | midi: gt=[65, 66, 61, 62, 68, 71, 60, 70, 63, 64] pred=[68, 72, 75, 79, 84, 87, 91, 95, 99, 103] ❌  | spn: gt=['F4', 'F#4', 'C#4', 'D4', 'G#4', 'B4', 'C4', 'A#4', 'D#4', 'E4'] pred=['C6', 'F6', 'G6', 'A7', None, None, None, None, None, None] ❌  | doremi: gt=['fa', 'fa#', 'do#', 're', 'sol#', 'si', 'do', 'la#', 're#', 'mi'] pred=[0, 2, 4, 5, 7, None, None, None, None, None] ❌
    [  80/130] n=3 x=1 medium similar t=1  | midi: gt=[72, 73, 78, 82, 81, 80, 77, 79, 74, 83] pred=[72, 68, 75, 79, 84, 81, 76, 78, 80, 77] ❌  | spn: gt=['C5', 'C#5', 'F#5', 'A#5', 'A5', 'G#5', 'F5', 'G5', 'D5', 'B5'] pred=['C6', 'F6', 'G6', 'A6', 'B6', 'C7', 'D7', 'E7', None, None] ❌  | doremi: gt=['do', 'do#', 'fa#', 'la#', 'la', 'sol#', 'fa', 'sol', 're', 'si'] pred=[0, 0, 0, 0, 0, 0, 0, 0, 0, None] ❌
    [  81/130] n=3 x=3 medium similar t=0  | midi: gt=[56, 54, 55, 59, 57, 48, 58, 49, 53, 52] pred=[56, 49, 68, 72, 64, 71, 69, 67, 65, 63] ❌  | spn: gt=['G#3', 'F#3', 'G3', 'B3', 'A3', 'C3', 'A#3', 'C#3', 'F3', 'E3'] pred=['C6', 'B4', 'A#4', 'G#4', 'F#4', 'E4', 'D4', 'C#4', None, None] ❌  | doremi: gt=['sol#', 'fa#', 'sol', 'si', 'la', 'do', 'la#', 'do#', 'fa', 'mi'] pred=[0, 2, 4, 5, 7, 9, None, None, None, None] ❌
    [  82/130] n=3 x=2 slow   similar t=1  | midi: gt=[65, 60, 67, 62, 70, 71, 63, 69, 68, 61] pred=[68, 72, 75, 79, 84, 87, 91, 95, 99, 103] ❌  | spn: gt=['F4', 'C4', 'G4', 'D4', 'A#4', 'B4', 'D#4', 'A4', 'G#4', 'C#4'] pred=['C6', 'F6', 'G6', 'A6', None, None, None, None, None, None] ❌  | doremi: gt=['fa', 'do', 'sol', 're', 'la#', 'si', 're#', 'la', 'sol#', 'do#'] pred=[0, 2, 4, 5, 7, 9, 11, None, None, None] ❌
    [  83/130] n=3 x=1 slow   similar t=0  | midi: gt=[76, 77, 72, 83, 75, 78, 80, 73, 81, 74] pred=[72, 68, 75, 79, 74, 77, 70, 75, 72, 70] ❌  | spn: gt=['E5', 'F5', 'C5', 'B5', 'D#5', 'F#5', 'G#5', 'C#5', 'A5', 'D5'] pred=['C6', 'F6', 'G6', 'A#6', None, None, None, None, None, None] ❌  | doremi: gt=['mi', 'fa', 'do', 'si', 're#', 'fa#', 'sol#', 'do#', 'la', 're'] pred=[0, 2, 4, 5, 7, 9, 11, None, None, None] ❌
    [  84/130] n=3 x=1 medium similar t=1  | midi: gt=[72, 73, 78, 82, 81, 80, 77, 79, 74, 83] pred=[72, 68, 75, 79, 74, 77, 70, 75, 72, 70] ❌  | spn: gt=['C5', 'C#5', 'F#5', 'A#5', 'A5', 'G#5', 'F5', 'G5', 'D5', 'B5'] pred=['C6', 'F6', 'G6', 'A6', None, None, None, None, None, None] ❌  | doremi: gt=['do', 'do#', 'fa#', 'la#', 'la', 'sol#', 'fa', 'sol', 're', 'si'] pred=[0, 0, 0, 0, 0, 0, 0, 0, 0, None] ❌
    [  85/130] n=3 x=3 slow   similar t=1  | midi: gt=[55, 59, 50, 48, 52, 58, 54, 56, 49, 57] pred=[56, 49, 58, 62, 70, 65, 67, 72, 74, 77] ❌  | spn: gt=['G3', 'B3', 'D3', 'C3', 'E3', 'A#3', 'F#3', 'G#3', 'C#3', 'A3'] pred=['C4', 'F4', 'G4', 'A4', 'C5', 'F5', None, None, None, None] ❌  | doremi: gt=['sol', 'si', 're', 'do', 'mi', 'la#', 'fa#', 'sol#', 'do#', 'la'] pred=[0, 2, 4, 5, 7, 9, None, None, None, None] ❌
    [  86/130] n=3 x=2 slow   similar t=1  | midi: gt=[65, 60, 67, 62, 70, 71, 63, 69, 68, 61] pred=[68, 72, 75, 79, 84, 87, 91, 95, 99, 103] ❌  | spn: gt=['F4', 'C4', 'G4', 'D4', 'A#4', 'B4', 'D#4', 'A4', 'G#4', 'C#4'] pred=['C6', 'F6', 'G6', 'A6', None, None, None, None, None, None] ❌  | doremi: gt=['fa', 'do', 'sol', 're', 'la#', 'si', 're#', 'la', 'sol#', 'do#'] pred=[0, 2, 4, 5, 7, None, None, None, None, None] ❌
    [  87/130] n=3 x=2 medium similar t=0  | midi: gt=[69, 70, 65, 63, 71, 67, 62, 64, 61, 60] pred=[68, 72, 75, 79, 84, 87, 91, 95, 99, 103] ❌  | spn: gt=['A4', 'A#4', 'F4', 'D#4', 'B4', 'G4', 'D4', 'E4', 'C#4', 'C4'] pred=['G4', 'A4', 'B4', 'G4', 'F4', None, None, None, None, None] ❌  | doremi: gt=['la', 'la#', 'fa', 're#', 'si', 'sol', 're', 'mi', 'do#', 'do'] pred=[0, 1, 2, 3, 4, 5, 7, None, None, None] ❌
    [  88/130] n=3 x=2 slow   similar t=0  | midi: gt=[65, 66, 61, 62, 68, 71, 60, 70, 63, 64] pred=[68, 72, 75, 79, 84, 87, 91, 94, 98, 100] ❌  | spn: gt=['F4', 'F#4', 'C#4', 'D4', 'G#4', 'B4', 'C4', 'A#4', 'D#4', 'E4'] pred=['C6', 'F6', 'G6', 'A6', None, None, None, None, None, None] ❌  | doremi: gt=['fa', 'fa#', 'do#', 're', 'sol#', 'si', 'do', 'la#', 're#', 'mi'] pred=[0, 2, 4, 5, 7, None, None, None, None, None] ❌
    [  89/130] n=3 x=1 slow   similar t=1  | midi: gt=[72, 76, 73, 80, 81, 78, 74, 75, 82, 77] pred=[72, 68, 75, 79, 74, 77, 70, 75, 72, 70] ❌  | spn: gt=['C5', 'E5', 'C#5', 'G#5', 'A5', 'F#5', 'D5', 'D#5', 'A#5', 'F5'] pred=['C6', 'F6', 'G6', 'A6', None, None, None, None, None, None] ❌  | doremi: gt=['do', 'mi', 'do#', 'sol#', 'la', 'fa#', 're', 're#', 'la#', 'fa'] pred=[0, 2, 4, 5, 7, None, None, None, None, None] ❌
    [  90/130] n=3 x=1 medium similar t=1  | midi: gt=[72, 73, 78, 82, 81, 80, 77, 79, 74, 83] pred=[72, 68, 75, 79, 74, 77, 70, 75, 72, 70] ❌  | spn: gt=['C5', 'C#5', 'F#5', 'A#5', 'A5', 'G#5', 'F5', 'G5', 'D5', 'B5'] pred=['C6', 'F6', 'G6', 'A6', 'B6', 'C7', 'D7', 'E7', None, None] ❌  | doremi: gt=['do', 'do#', 'fa#', 'la#', 'la', 'sol#', 'fa', 'sol', 're', 'si'] pred=[0, 1, 2, 3, 4, 5, 6, 7, 9, None] ❌
    [  91/130] n=3 x=3 slow   similar t=1  | midi: gt=[55, 59, 50, 48, 52, 58, 54, 56, 49, 57] pred=[62, 59, 57, 54, 58, 60, 61, 63, 65, 67] ❌  | spn: gt=['G3', 'B3', 'D3', 'C3', 'E3', 'A#3', 'F#3', 'G#3', 'C#3', 'A3'] pred=['F4', 'G4', 'A4', 'F4', 'G4', 'A4', None, None, None, None] ❌  | doremi: gt=['sol', 'si', 're', 'do', 'mi', 'la#', 'fa#', 'sol#', 'do#', 'la'] pred=[0, 2, 4, 5, 7, 9, None, None, None, None] ❌
    [  92/130] n=3 x=2 slow   similar t=1  | midi: gt=[65, 60, 67, 62, 70, 71, 63, 69, 68, 61] pred=[62, 59, 64, 71, 68, 76, 71, 73, 78, 76] ❌  | spn: gt=['F4', 'C4', 'G4', 'D4', 'A#4', 'B4', 'D#4', 'A4', 'G#4', 'C#4'] pred=['C6', 'F6', 'G6', 'A6', None, None, None, None, None, None] ❌  | doremi: gt=['fa', 'do', 'sol', 're', 'la#', 'si', 're#', 'la', 'sol#', 'do#'] pred=[0, 2, 4, 5, 7, None, None, None, None, None] ❌
    [  93/130] n=3 x=1 medium similar t=1  | midi: gt=[72, 73, 78, 82, 81, 80, 77, 79, 74, 83] pred=[72, 69, 74, 81, 76, 78, 85, 82, 77, 79] ❌  | spn: gt=['C5', 'C#5', 'F#5', 'A#5', 'A5', 'G#5', 'F5', 'G5', 'D5', 'B5'] pred=['C6', 'F6', 'G6', 'A6', 'B6', 'C7', 'D7', 'E7', None, None] ❌  | doremi: gt=['do', 'do#', 'fa#', 'la#', 'la', 'sol#', 'fa', 'sol', 're', 'si'] pred=[0, 1, 3, 4, 5, 7, 9, None, None, None] ❌
    [  94/130] n=3 x=2 medium similar t=1  | midi: gt=[69, 66, 67, 68, 60, 62, 70, 64, 65, 71] pred=[68, 72, 75, 79, 84, 87, 91, 95, 98, 100] ❌  | spn: gt=['A4', 'F#4', 'G4', 'G#4', 'C4', 'D4', 'A#4', 'E4', 'F4', 'B4'] pred=['C6', 'F6', 'G6', 'A6', 'B6', 'C7', 'D7', 'E7', None, None] ❌  | doremi: gt=['la', 'fa#', 'sol', 'sol#', 'do', 're', 'la#', 'mi', 'fa', 'si'] pred=[0, 1, 2, 3, 4, 5, 7, None, None, None] ❌
    [  95/130] n=3 x=2 medium similar t=0  | midi: gt=[69, 70, 65, 63, 71, 67, 62, 64, 61, 60] pred=[68, 72, 75, 79, 84, 87, 91, 95, 98, 100] ❌  | spn: gt=['A4', 'A#4', 'F4', 'D#4', 'B4', 'G4', 'D4', 'E4', 'C#4', 'C4'] pred=['G4', 'A4', 'B4', 'G4', 'F4', None, None, None, None, None] ❌  | doremi: gt=['la', 'la#', 'fa', 're#', 'si', 'sol', 're', 'mi', 'do#', 'do'] pred=[0, 1, 2, 3, 4, 5, 7, None, None, None] ❌
    [  96/130] n=3 x=3 medium similar t=0  | midi: gt=[56, 54, 55, 59, 57, 48, 58, 49, 53, 52] pred=[57, 62, 69, 74, 81, 86, 91, 96, 103, 108] ❌  | spn: gt=['G#3', 'F#3', 'G3', 'B3', 'A3', 'C3', 'A#3', 'C#3', 'F3', 'E3'] pred=['C4', 'F4', 'G4', 'A4', 'B4', 'C5', 'D5', 'E5', None, None] ❌  | doremi: gt=['sol#', 'fa#', 'sol', 'si', 'la', 'do', 'la#', 'do#', 'fa', 'mi'] pred=[0, 2, 4, 5, 7, 9, None, None, None, None] ❌
    [  97/130] n=3 x=2 medium similar t=1  | midi: gt=[69, 66, 67, 68, 60, 62, 70, 64, 65, 71] pred=[68, 72, 75, 79, 84, 87, 91, 95, 99, 103] ❌  | spn: gt=['A4', 'F#4', 'G4', 'G#4', 'C4', 'D4', 'A#4', 'E4', 'F4', 'B4'] pred=['C6', 'F6', 'G6', 'A6', None, None, None, None, None, None] ❌  | doremi: gt=['la', 'fa#', 'sol', 'sol#', 'do', 're', 'la#', 'mi', 'fa', 'si'] pred=[0, 0, 0, 0, 0, 0, 0, 0, 0, None] ❌
    [  98/130] n=3 x=1 medium similar t=0  | midi: gt=[74, 79, 83, 75, 76, 80, 72, 77, 78, 82] pred=[72, 69, 74, 81, 76, 78, 85, 82, 77, 79] ❌  | spn: gt=['D5', 'G5', 'B5', 'D#5', 'E5', 'G#5', 'C5', 'F5', 'F#5', 'A#5'] pred=['C6', 'F6', 'G6', 'A6', 'B6', 'C7', 'D7', 'E7', None, None] ❌  | doremi: gt=['re', 'sol', 'si', 're#', 'mi', 'sol#', 'do', 'fa', 'fa#', 'la#'] pred=[0, 0, 0, 0, 0, 0, 0, 0, 0, None] ❌
    [  99/130] n=3 x=2 slow   similar t=0  | midi: gt=[65, 66, 61, 62, 68, 71, 60, 70, 63, 64] pred=[67, 59, 48, 52, 64, 60, 55, 57, 62, 65] ❌  | spn: gt=['F4', 'F#4', 'C#4', 'D4', 'G#4', 'B4', 'C4', 'A#4', 'D#4', 'E4'] pred=['C6', 'F6', 'G6', 'A6', None, None, None, None, None, None] ❌  | doremi: gt=['fa', 'fa#', 'do#', 're', 'sol#', 'si', 'do', 'la#', 're#', 'mi'] pred=[0, 2, 4, 5, 7, 9, None, None, None, None] ❌
    [ 100/130] n=3 x=3 slow   similar t=1  | midi: gt=[55, 59, 50, 48, 52, 58, 54, 56, 49, 57] pred=[62, 59, 57, 54, 52, 50, 48, 46, 44, 42] ❌  | spn: gt=['G3', 'B3', 'D3', 'C3', 'E3', 'A#3', 'F#3', 'G#3', 'C#3', 'A3'] pred=['C4', 'F4', 'G4', 'A4', 'C5', None, None, None, None, None] ❌  | doremi: gt=['sol', 'si', 're', 'do', 'mi', 'la#', 'fa#', 'sol#', 'do#', 'la'] pred=[10, None, None, None, None, None, None, None, None, None] ❌
    [ 101/130] n=3 x=1 medium similar t=1  | midi: gt=[72, 73, 78, 82, 81, 80, 77, 79, 74, 83] pred=[72, 69, 74, 81, 76, 78, 85, 82, 77, 74] ❌  | spn: gt=['C5', 'C#5', 'F#5', 'A#5', 'A5', 'G#5', 'F5', 'G5', 'D5', 'B5'] pred=['C6', 'F6', 'G6', 'A6', 'B6', 'C7', 'D7', 'E7', None, None] ❌  | doremi: gt=['do', 'do#', 'fa#', 'la#', 'la', 'sol#', 'fa', 'sol', 're', 'si'] pred=[0, 1, 3, 4, 5, 7, 9, None, None, None] ❌
    [ 102/130] n=3 x=3 slow   similar t=0  | midi: gt=[52, 57, 59, 55, 54, 53, 50, 49, 48, 51] pred=[62, 59, 57, 54, 52, 50, 48, 46, 44, 42] ❌  | spn: gt=['E3', 'A3', 'B3', 'G3', 'F#3', 'F3', 'D3', 'C#3', 'C3', 'D#3'] pred=['F4', 'G4', 'A4', 'F4', 'G4', 'A4', None, None, None, None] ❌  | doremi: gt=['mi', 'la', 'si', 'sol', 'fa#', 'fa', 're', 'do#', 'do', 're#'] pred=[0, 2, 4, 5, 7, 9, None, None, None, None] ❌
    [ 103/130] n=3 x=3 medium similar t=0  | midi: gt=[56, 54, 55, 59, 57, 48, 58, 49, 53, 52] pred=[57, 62, 69, 74, 81, 88, 95, 102, 109, 116] ❌  | spn: gt=['G#3', 'F#3', 'G3', 'B3', 'A3', 'C3', 'A#3', 'C#3', 'F3', 'E3'] pred=['C6', 'B4', 'A#4', 'G4', 'F#4', None, None, None, None, None] ❌  | doremi: gt=['sol#', 'fa#', 'sol', 'si', 'la', 'do', 'la#', 'do#', 'fa', 'mi'] pred=[0, 2, 4, 5, 7, 9, None, None, None, None] ❌
    [ 104/130] n=3 x=2 slow   similar t=0  | midi: gt=[65, 66, 61, 62, 68, 71, 60, 70, 63, 64] pred=[68, 72, 75, 79, 84, 87, 91, 95, 99, 103] ❌  | spn: gt=['F4', 'F#4', 'C#4', 'D4', 'G#4', 'B4', 'C4', 'A#4', 'D#4', 'E4'] pred=['C6', 'F6', 'G6', 'A6', None, None, None, None, None, None] ❌  | doremi: gt=['fa', 'fa#', 'do#', 're', 'sol#', 'si', 'do', 'la#', 're#', 'mi'] pred=[0, 2, 4, 5, 7, None, None, None, None, None] ❌
    [ 105/130] n=3 x=2 medium similar t=0  | midi: gt=[69, 70, 65, 63, 71, 67, 62, 64, 61, 60] pred=[68, 72, 75, 79, 84, 87, 91, 95, 99, 103] ❌  | spn: gt=['A4', 'A#4', 'F4', 'D#4', 'B4', 'G4', 'D4', 'E4', 'C#4', 'C4'] pred=['G4', 'A4', 'B4', 'G4', 'F4', None, None, None, None, None] ❌  | doremi: gt=['la', 'la#', 'fa', 're#', 'si', 'sol', 're', 'mi', 'do#', 'do'] pred=[0, 2, 4, 5, 7, 9, 11, None, None, None] ❌
    [ 106/130] n=3 x=3 slow   similar t=1  | midi: gt=[55, 59, 50, 48, 52, 58, 54, 56, 49, 57] pred=[57, 62, 69, 74, 81, 86, 91, 96, 103, 108] ❌  | spn: gt=['G3', 'B3', 'D3', 'C3', 'E3', 'A#3', 'F#3', 'G#3', 'C#3', 'A3'] pred=['C4', 'F4', 'G4', 'A4', 'B4', 'C5', 'D5', 'E5', None, None] ❌  | doremi: gt=['sol', 'si', 're', 'do', 'mi', 'la#', 'fa#', 'sol#', 'do#', 'la'] pred=[0, 2, 4, 5, 7, 9, None, None, None, None] ❌
    [ 107/130] n=3 x=2 medium similar t=0  | midi: gt=[69, 70, 65, 63, 71, 67, 62, 64, 61, 60] pred=[68, 72, 75, 79, 84, 87, 91, 95, 99, 103] ❌  | spn: gt=['A4', 'A#4', 'F4', 'D#4', 'B4', 'G4', 'D4', 'E4', 'C#4', 'C4'] pred=['C6', 'F6', 'G6', 'A6', None, None, None, None, None, None] ❌  | doremi: gt=['la', 'la#', 'fa', 're#', 'si', 'sol', 're', 'mi', 'do#', 'do'] pred=[0, 0, 0, 0, 0, 0, 0, 0, 0, None] ❌
    [ 108/130] n=3 x=2 slow   similar t=1  | midi: gt=[65, 60, 67, 62, 70, 71, 63, 69, 68, 61] pred=[68, 72, 75, 79, 84, 87, 91, 95, 99, 103] ❌  | spn: gt=['F4', 'C4', 'G4', 'D4', 'A#4', 'B4', 'D#4', 'A4', 'G#4', 'C#4'] pred=['C6', 'F6', 'G6', 'A6', None, None, None, None, None, None] ❌  | doremi: gt=['fa', 'do', 'sol', 're', 'la#', 'si', 're#', 'la', 'sol#', 'do#'] pred=[0, 2, 4, 5, 7, None, None, None, None, None] ❌
    [ 109/130] n=3 x=1 medium similar t=1  | midi: gt=[72, 73, 78, 82, 81, 80, 77, 79, 74, 83] pred=[72, 68, 75, 79, 74, 77, 70, 75, 72, 70] ❌  | spn: gt=['C5', 'C#5', 'F#5', 'A#5', 'A5', 'G#5', 'F5', 'G5', 'D5', 'B5'] pred=['C6', 'F6', 'G6', 'A6', 'B6', 'C7', 'D7', 'E7', None, None] ❌  | doremi: gt=['do', 'do#', 'fa#', 'la#', 'la', 'sol#', 'fa', 'sol', 're', 'si'] pred=[0, 1, 2, 3, 4, 5, 6, 7, 9, None] ❌
    [ 110/130] n=3 x=1 medium similar t=0  | midi: gt=[74, 79, 83, 75, 76, 80, 72, 77, 78, 82] pred=[72, 68, 75, 79, 74, 77, 70, 75, 72, 70] ❌  | spn: gt=['D5', 'G5', 'B5', 'D#5', 'E5', 'G#5', 'C5', 'F5', 'F#5', 'A#5'] pred=['C6', 'F6', 'G6', 'A6', None, None, None, None, None, None] ❌  | doremi: gt=['re', 'sol', 'si', 're#', 'mi', 'sol#', 'do', 'fa', 'fa#', 'la#'] pred=[0, 0, 0, 0, 0, 0, 0, 0, 0, None] ❌
    [ 111/130] n=3 x=3 slow   similar t=0  | midi: gt=[52, 57, 59, 55, 54, 53, 50, 49, 48, 51] pred=[62, 59, 57, 54, 52, 50, 48, 46, 44, 42] ❌  | spn: gt=['E3', 'A3', 'B3', 'G3', 'F#3', 'F3', 'D3', 'C#3', 'C3', 'D#3'] pred=['C4', 'F4', 'G4', 'A4', None, None, None, None, None, None] ❌  | doremi: gt=['mi', 'la', 'si', 'sol', 'fa#', 'fa', 're', 'do#', 'do', 're#'] pred=[0, 2, 4, 5, 7, None, None, None, None, None] ❌
    [ 112/130] n=3 x=2 medium similar t=1  | midi: gt=[69, 66, 67, 68, 60, 62, 70, 64, 65, 71] pred=[68, 72, 75, 79, 84, 87, 91, 95, 99, 103] ❌  | spn: gt=['A4', 'F#4', 'G4', 'G#4', 'C4', 'D4', 'A#4', 'E4', 'F4', 'B4'] pred=['C6', 'F6', 'G6', 'A6', 'B6', None, None, None, None, None] ❌  | doremi: gt=['la', 'fa#', 'sol', 'sol#', 'do', 're', 'la#', 'mi', 'fa', 'si'] pred=[0, 1, 2, 3, 4, 5, 7, None, None, None] ❌
    [ 113/130] n=3 x=1 slow   similar t=1  | midi: gt=[72, 76, 73, 80, 81, 78, 74, 75, 82, 77] pred=[72, 68, 75, 79, 84, 81, 76, 73, 78, 80] ❌  | spn: gt=['C5', 'E5', 'C#5', 'G#5', 'A5', 'F#5', 'D5', 'D#5', 'A#5', 'F5'] pred=['C6', 'F6', 'G6', 'A6', None, None, None, None, None, None] ❌  | doremi: gt=['do', 'mi', 'do#', 'sol#', 'la', 'fa#', 're', 're#', 'la#', 'fa'] pred=[0, 2, 4, 5, 7, None, None, None, None, None] ❌
    [ 114/130] n=3 x=1 slow   similar t=0  | midi: gt=[76, 77, 72, 83, 75, 78, 80, 73, 81, 74] pred=[72, 68, 75, 79, 74, 77, 70, 73, 75, 72] ❌  | spn: gt=['E5', 'F5', 'C5', 'B5', 'D#5', 'F#5', 'G#5', 'C#5', 'A5', 'D5'] pred=['C6', 'F6', 'G6', 'A6', None, None, None, None, None, None] ❌  | doremi: gt=['mi', 'fa', 'do', 'si', 're#', 'fa#', 'sol#', 'do#', 'la', 're'] pred=[0, 2, 4, 5, 7, None, None, None, None, None] ❌
    [ 115/130] n=3 x=3 slow   similar t=1  | midi: gt=[55, 59, 50, 48, 52, 58, 54, 56, 49, 57] pred=[62, 59, 57, 54, 52, 50, 48, 46, 44, 42] ❌  | spn: gt=['G3', 'B3', 'D3', 'C3', 'E3', 'A#3', 'F#3', 'G#3', 'C#3', 'A3'] pred=['C4', 'F4', 'G4', 'A4', 'B4', 'C5', 'D5', 'E5', None, None] ❌  | doremi: gt=['sol', 'si', 're', 'do', 'mi', 'la#', 'fa#', 'sol#', 'do#', 'la'] pred=[0, 2, 4, 5, 7, 9, None, None, None, None] ❌
    [ 116/130] n=3 x=1 medium similar t=0  | midi: gt=[74, 79, 83, 75, 76, 80, 72, 77, 78, 82] pred=[72, 69, 74, 81, 77, 75, 70, 77, 79, 81] ❌  | spn: gt=['D5', 'G5', 'B5', 'D#5', 'E5', 'G#5', 'C5', 'F5', 'F#5', 'A#5'] pred=['C6', 'F6', 'G6', 'A6', None, None, None, None, None, None] ❌  | doremi: gt=['re', 'sol', 'si', 're#', 'mi', 'sol#', 'do', 'fa', 'fa#', 'la#'] pred=[0, 2, 4, 5, 7, None, None, None, None, None] ❌
    [ 117/130] n=3 x=3 medium similar t=0  | midi: gt=[56, 54, 55, 59, 57, 48, 58, 49, 53, 52] pred=[57, 62, 69, 74, 81, 88, 95, 102, 109, 116] ❌  | spn: gt=['G#3', 'F#3', 'G3', 'B3', 'A3', 'C3', 'A#3', 'C#3', 'F3', 'E3'] pred=['C4', 'A#4', 'G#4', 'F#4', 'D#4', 'C#4', 'B4', None, None, None] ❌  | doremi: gt=['sol#', 'fa#', 'sol', 'si', 'la', 'do', 'la#', 'do#', 'fa', 'mi'] pred=[0, 2, 4, 5, 7, 9, None, None, None, None] ❌
    [ 118/130] n=3 x=3 medium similar t=1  | midi: gt=[52, 50, 49, 57, 53, 54, 51, 55, 58, 59] pred=[57, 62, 69, 74, 81, 88, 95, 102, 109, 116] ❌  | spn: gt=['E3', 'D3', 'C#3', 'A3', 'F3', 'F#3', 'D#3', 'G3', 'A#3', 'B3'] pred=['C6', 'B4', 'A#4', 'G4', 'F#4', None, None, None, None, None] ❌  | doremi: gt=['mi', 're', 'do#', 'la', 'fa', 'fa#', 're#', 'sol', 'la#', 'si'] pred=[0, 2, 4, 5, 7, 9, None, None, None, None] ❌
    [ 119/130] n=3 x=2 medium similar t=0  | midi: gt=[69, 70, 65, 63, 71, 67, 62, 64, 61, 60] pred=[68, 72, 75, 79, 84, 87, 91, 95, 99, 103] ❌  | spn: gt=['A4', 'A#4', 'F4', 'D#4', 'B4', 'G4', 'D4', 'E4', 'C#4', 'C4'] pred=['G4', 'A4', 'B4', 'G4', 'F4', None, None, None, None, None] ❌  | doremi: gt=['la', 'la#', 'fa', 're#', 'si', 'sol', 're', 'mi', 'do#', 'do'] pred=[0, 2, 4, 5, 7, 9, 11, None, None, None] ❌
    [ 120/130] n=3 x=1 slow   similar t=1  | midi: gt=[72, 76, 73, 80, 81, 78, 74, 75, 82, 77] pred=[72, 68, 75, 79, 74, 77, 70, 75, 72, 70] ❌  | spn: gt=['C5', 'E5', 'C#5', 'G#5', 'A5', 'F#5', 'D5', 'D#5', 'A#5', 'F5'] pred=['C6', 'F6', 'G6', 'A6', None, None, None, None, None, None] ❌  | doremi: gt=['do', 'mi', 'do#', 'sol#', 'la', 'fa#', 're', 're#', 'la#', 'fa'] pred=[0, 2, 4, 5, 7, None, None, None, None, None] ❌.venv/lib/python3.12/site-packages/music21/stream/base.py:3675: Music21DeprecationWarning: .flat is deprecated.  Call .flatten() instead
  return self.iter().getElementsByClass(classFilterList)

    [ 121/130] n=3 x=2 medium similar t=0  | midi: gt=[69, 70, 65, 63, 71, 67, 62, 64, 61, 60] pred=[68, 72, 75, 79, 84, 87, 91, 95, 99, 103] ❌  | spn: gt=['A4', 'A#4', 'F4', 'D#4', 'B4', 'G4', 'D4', 'E4', 'C#4', 'C4'] pred=['G4', 'A4', 'B4', 'G4', 'F4', None, None, None, None, None] ❌  | doremi: gt=['la', 'la#', 'fa', 're#', 'si', 'sol', 're', 'mi', 'do#', 'do'] pred=[0, 0, 0, 0, 0, 0, 0, 0, 0, None] ❌
    [ 122/130] n=3 x=3 medium similar t=1  | midi: gt=[52, 50, 49, 57, 53, 54, 51, 55, 58, 59] pred=[62, 59, 57, 54, 52, 50, 48, 46, 44, 42] ❌  | spn: gt=['E3', 'D3', 'C#3', 'A3', 'F3', 'F#3', 'D#3', 'G3', 'A#3', 'B3'] pred=['C4', 'F4', 'G4', 'A4', 'B4', 'C5', 'D5', 'E5', None, None] ❌  | doremi: gt=['mi', 're', 'do#', 'la', 'fa', 'fa#', 're#', 'sol', 'la#', 'si'] pred=[10, None, None, None, None, None, None, None, None, None] ❌
    [ 123/130] n=3 x=3 slow   similar t=1  | midi: gt=[55, 59, 50, 48, 52, 58, 54, 56, 49, 57] pred=[62, 58, 54, 59, 67, 69, 74, 71, 76, 78] ❌  | spn: gt=['G3', 'B3', 'D3', 'C3', 'E3', 'A#3', 'F#3', 'G#3', 'C#3', 'A3'] pred=['C6', None, None, None, None, None, None, None, None, None] ❌  | doremi: gt=['sol', 'si', 're', 'do', 'mi', 'la#', 'fa#', 'sol#', 'do#', 'la'] pred=[10, None, None, None, None, None, None, None, None, None] ❌
    [ 124/130] n=3 x=2 medium similar t=1  | midi: gt=[69, 66, 67, 68, 60, 62, 70, 64, 65, 71] pred=[68, 72, 75, 79, 84, 87, 91, 95, 99, 103] ❌  | spn: gt=['A4', 'F#4', 'G4', 'G#4', 'C4', 'D4', 'A#4', 'E4', 'F4', 'B4'] pred=['C6', 'F6', 'G6', 'A6', None, None, None, None, None, None] ❌  | doremi: gt=['la', 'fa#', 'sol', 'sol#', 'do', 're', 'la#', 'mi', 'fa', 'si'] pred=[0, 2, 4, 5, 7, 9, 11, None, None, None] ❌
    [ 125/130] n=3 x=2 slow   similar t=0  | midi: gt=[65, 66, 61, 62, 68, 71, 60, 70, 63, 64] pred=[62, 58, 74, 79, 76, 71, 76, 74, 71, 69] ❌  | spn: gt=['F4', 'F#4', 'C#4', 'D4', 'G#4', 'B4', 'C4', 'A#4', 'D#4', 'E4'] pred=['C6', 'F5', 'A#4', None, None, None, None, None, None, None] ❌  | doremi: gt=['fa', 'fa#', 'do#', 're', 'sol#', 'si', 'do', 'la#', 're#', 'mi'] pred=[0, 2, 4, 5, 7, None, None, None, None, None] ❌
    [ 126/130] n=3 x=3 slow   mixed   t=0  | midi: gt=[52, 57, 59, 55, 54, 53, 50, 49, 48, 51] pred=[56, 49, 58, 57, 52, 57, 58, 57, 56, 53] ❌  | spn: gt=['E3', 'A3', 'B3', 'G3', 'F#3', 'F3', 'D3', 'C#3', 'C3', 'D#3'] pred=['C4', 'G4', 'A4', 'C5', 'F5', 'G5', 'A5', 'B5', None, None] ❌  | doremi: gt=['mi', 'la', 'si', 'sol', 'fa#', 'fa', 're', 'do#', 'do', 're#'] pred=[8, None, None, None, None, None, None, None, None, None] ❌
    [ 127/130] n=3 x=1 slow   mixed   t=0  | midi: gt=[76, 77, 72, 83, 75, 78, 80, 73, 81, 74] pred=[68, 72, 75, 79, 84, 87, 91, 95, 98, 100] ❌  | spn: gt=['E5', 'F5', 'C5', 'B5', 'D#5', 'F#5', 'G#5', 'C#5', 'A5', 'D5'] pred=['C6', 'F6', 'G6', 'A6', None, None, None, None, None, None] ❌  | doremi: gt=['mi', 'fa', 'do', 'si', 're#', 'fa#', 'sol#', 'do#', 'la', 're'] pred=[0, 2, 4, 5, 7, 9, None, None, None, None] ❌
    [ 128/130] n=3 x=1 slow   mixed   t=1  | midi: gt=[72, 76, 73, 80, 81, 78, 74, 75, 82, 77] pred=[68, 72, 75, 79, 84, 87, 91, 95, 98, 103] ❌  | spn: gt=['C5', 'E5', 'C#5', 'G#5', 'A5', 'F#5', 'D5', 'D#5', 'A#5', 'F5'] pred=['C6', 'F6', 'G#6', 'A#6', 'G#6', None, None, None, None, None] ❌  | doremi: gt=['do', 'mi', 'do#', 'sol#', 'la', 'fa#', 're', 're#', 'la#', 'fa'] pred=[0, 1, 2, 3, 4, 5, 7, None, None, None] ❌
    [ 129/130] n=3 x=3 medium mixed   t=1  | midi: gt=[52, 50, 49, 57, 53, 54, 51, 55, 58, 59] pred=[56, 49, 58, 62, 70, 65, 68, 73, 77, 72] ❌  | spn: gt=['E3', 'D3', 'C#3', 'A3', 'F3', 'F#3', 'D#3', 'G3', 'A#3', 'B3'] pred=['C4', 'G4', 'A4', 'C5', 'F5', 'G5', None, None, None, None] ❌  | doremi: gt=['mi', 're', 'do#', 'la', 'fa', 'fa#', 're#', 'sol', 'la#', 'si'] pred=[8, 0, None, None, None, None, None, None, None, None] ❌
    [ 130/130] n=3 x=2 slow   mixed   t=0  | midi: gt=[65, 66, 61, 62, 68, 71, 60, 70, 63, 64] pred=[64, 72, 79, 85, 88, 93, 98, 100, 103, 107] ❌  | spn: gt=['F4', 'F#4', 'C#4', 'D4', 'G#4', 'B4', 'C4', 'A#4', 'D#4', 'E4'] pred=['G4', 'A4', 'G4', 'F#4', None, None, None, None, None, None] ❌  | doremi: gt=['fa', 'fa#', 'do#', 're', 'sol#', 'si', 'do', 'la#', 're#', 'mi'] pred=[0, 2, 4, 5, 7, 9, 11, None, None, None] ❌

============================================================
SUMMARY — audio_flamingo_next_instruct
  Sampling     : 130 of 260 (stratified by '(n, source_label)', seed=42)
  Stimuli (total)     : 130
  Stimuli (condition) : 130  (all records)

          Metric   Accuracy
  ───────────────────────────
        MIDI_SEQ       0.0%
         SPN_SEQ       0.0%
      DOREMI_SEQ       0.0%
          HZ_SEQ       0.0%
         ANY_SEQ       0.0%

  (Headline = full-sequence exact match for each format. Per-position diagnostics live in <format>_per_pos in the records CSV.)

  *** WARNING: working tree has uncommitted changes — results will NOT be exactly reproducible from git_commit alone ***


Results saved → results/run_20260505_112814/pitchbench_f1_melodic_line_id/run_001_20260505_121958/results_audio_flamingo_next_instruct.*

############################################################
# pitchbench_f2_chorale_voice_id
############################################################

Experiment : pitchbench_f2_chorale_voice_id
Models     : audio_flamingo_next_instruct
Stimuli    : 100  × 4 formats = 400 queries/model
  Sampling     : 100 of 340 (stratified by '(chorale_slug, x)', seed=42)

  Model : Audio Flamingo Next – instruct
    [dispatch] 100 items, max_workers=1
    [   1/100] bach_bwv26_6         x=1 soprano  similar  | midi: gt=[69, 71, 72, 72, 72, 74, 76, 76, 76, 76, 74, 72, 71, 69, 69, 76, 76, 77, 77, 76, 76, 74, 74, 74, 74, 76, 76, 74, 74] pred=[63, 70, 75, 81, 84, 87, 90, 93, 95, 97, 100, 102, 104, 106, 108, 110, 112, 114, 116, 118, 120, 122, 124, 126, 14, None, None, None, None] ❌  | spn: gt=['A4', 'B4', 'C5', 'C5', 'C5', 'D5', 'E5', 'E5', 'E5', 'E5', 'D5', 'C5', 'B4', 'A4', 'A4', 'E5', 'E5', 'F5', 'F5', 'E5', 'E5', 'D5', 'D5', 'D5', 'D5', 'E5', 'E5', 'D5', 'D5'] pred=['C4', 'B3', 'A#3', 'G4', 'F4', 'E4', 'D4', 'C4', 'B3', 'A#3', 'G4', 'F4', 'E4', 'D4', 'C4', 'B3', 'A#3', 'G4', 'F4', 'E4', 'D4', 'C4', 'B3', 'A#3', 'G4', 'F4', 'E4', 'D4', 'C4'] ❌  | doremi: gt=['la', 'si', 'do', 'do', 'do', 're', 'mi', 'mi', 'mi', 'mi', 're', 'do', 'si', 'la', 'la', 'mi', 'mi', 'fa', 'fa', 'mi', 'mi', 're', 're', 're', 're', 'mi', 'mi', 're', 're'] pred=[0, 0, 0, 0, 0, 0, 0, 0, 0, 0, 0, 0, 0, 0, 0, 0, 0, 0, 0, 0, 0, 0, 0, 0, 0, 0, 0, 0, 0] ❌
    [   2/100] bach_bwv26_6         x=1 soprano  similar  | midi: gt=[69, 71, 72, 72, 72, 74, 76, 76, 76, 76, 74, 72, 71, 69, 69, 76, 76, 77, 77, 76, 76, 74, 74, 74, 74, 76, 76, 74, 74] pred=[63, 70, 71, 74, 75, 78, 79, 81, 82, 84, 85, 87, 89, 91, 92, 94, 96, 98, 100, 101, 103, 105, 107, 109, 111, 113, 115, 117, 119] ❌  | spn: gt=['A4', 'B4', 'C5', 'C5', 'C5', 'D5', 'E5', 'E5', 'E5', 'E5', 'D5', 'C5', 'B4', 'A4', 'A4', 'E5', 'E5', 'F5', 'F5', 'E5', 'E5', 'D5', 'D5', 'D5', 'D5', 'E5', 'E5', 'D5', 'D5'] pred=['C4', 'B3', 'A#3', 'G4', 'F4', 'E4', 'D4', 'C4', 'B3', 'A#3', 'G4', 'F4', 'E4', 'D4', 'C4', 'B3', 'A#3', 'G4', 'F4', 'E4', 'D4', 'C4', 'B3', 'A#3', 'G4', 'F4', 'E4', 'D4', 'C4'] ❌  | doremi: gt=['la', 'si', 'do', 'do', 'do', 're', 'mi', 'mi', 'mi', 'mi', 're', 'do', 'si', 'la', 'la', 'mi', 'mi', 'fa', 'fa', 'mi', 'mi', 're', 're', 're', 're', 'mi', 'mi', 're', 're'] pred=[0, 0, 0, 0, 0, 0, 0, 0, 0, 0, 0, 0, 0, 0, 0, 0, 0, 0, 0, 0, 0, 0, 0, 0, 0, 0, 0, 0, 0] ❌
    [   3/100] bach_bwv26_6         x=1 soprano  similar  | midi: gt=[69, 71, 72, 72, 72, 74, 76, 76, 76, 76, 74, 72, 71, 69, 69, 76, 76, 77, 77, 76, 76, 74, 74, 74, 74, 76, 76, 74, 74] pred=[67, 68, 69, 70, 71, 73, 74, 75, 76, 78, 79, 80, 81, 82, 84, 85, 86, 87, 89, 90, 91, 92, 93, 95, 96, 97, 98, 99, 100] ❌  | spn: gt=['A4', 'B4', 'C5', 'C5', 'C5', 'D5', 'E5', 'E5', 'E5', 'E5', 'D5', 'C5', 'B4', 'A4', 'A4', 'E5', 'E5', 'F5', 'F5', 'E5', 'E5', 'D5', 'D5', 'D5', 'D5', 'E5', 'E5', 'D5', 'D5'] pred=['C4', 'G4', 'A3', 'B3', 'C4', 'F4', 'G4', 'A3', 'B3', 'C4', 'D4', 'E4', 'F4', 'G4', 'A3', 'B3', 'C4', 'D4', 'E4', 'F4', 'G4', 'A3', 'B3', 'C4', 'D4', 'E4', 'F4', 'G4', 'A3'] ❌  | doremi: gt=['la', 'si', 'do', 'do', 'do', 're', 'mi', 'mi', 'mi', 'mi', 're', 'do', 'si', 'la', 'la', 'mi', 'mi', 'fa', 'fa', 'mi', 'mi', 're', 're', 're', 're', 'mi', 'mi', 're', 're'] pred=[0, 0, 0, 0, 0, 0, 0, 0, 0, 0, 0, 0, 0, 0, 0, 0, 0, 0, 0, 0, 0, 0, 0, 0, 0, 0, 0, 0, 0] ❌
    [   4/100] bach_bwv26_6         x=1 soprano  similar  | midi: gt=[69, 71, 72, 72, 72, 74, 76, 76, 76, 76, 74, 72, 71, 69, 69, 76, 76, 77, 77, 76, 76, 74, 74, 74, 74, 76, 76, 74, 74] pred=[68, 70, 73, 75, 71, 74, 76, 78, 76, 74, 73, 71, 69, 71, 73, 75, 76, 78, 76, 74, 73, 71, 69, 71, 73, 75, 76, 78, 76] ❌  | spn: gt=['A4', 'B4', 'C5', 'C5', 'C5', 'D5', 'E5', 'E5', 'E5', 'E5', 'D5', 'C5', 'B4', 'A4', 'A4', 'E5', 'E5', 'F5', 'F5', 'E5', 'E5', 'D5', 'D5', 'D5', 'D5', 'E5', 'E5', 'D5', 'D5'] pred=['C4', 'G4', 'A3', 'B3', 'C4', 'F4', 'G4', 'A3', 'B3', 'C4', 'D4', 'E4', 'F4', 'G4', 'A3', 'B3', 'C4', 'D4', 'E4', 'F4', 'G4', 'A3', 'B3', 'C4', 'D4', 'E4', 'F4', 'G4', 'A3'] ❌  | doremi: gt=['la', 'si', 'do', 'do', 'do', 're', 'mi', 'mi', 'mi', 'mi', 're', 'do', 'si', 'la', 'la', 'mi', 'mi', 'fa', 'fa', 'mi', 'mi', 're', 're', 're', 're', 'mi', 'mi', 're', 're'] pred=[0, 0, 0, 0, 0, 0, 0, 0, 0, 0, 0, 0, 0, 0, 0, 0, 0, 0, 0, 0, 0, 0, 0, 0, 0, 0, 0, 0, 0] ❌
    [   5/100] bach_bwv26_6         x=1 soprano  mixed  | midi: gt=[69, 71, 72, 72, 72, 74, 76, 76, 76, 76, 74, 72, 71, 69, 69, 76, 76, 77, 77, 76, 76, 74, 74, 74, 74, 76, 76, 74, 74] pred=[68, 70, 73, 75, 74, 71, 69, 71, 73, 75, 74, 73, 71, 69, 71, 73, 75, 74, 73, 71, 69, 71, 73, 75, 74, 73, 71, 69, 71] ❌  | spn: gt=['A4', 'B4', 'C5', 'C5', 'C5', 'D5', 'E5', 'E5', 'E5', 'E5', 'D5', 'C5', 'B4', 'A4', 'A4', 'E5', 'E5', 'F5', 'F5', 'E5', 'E5', 'D5', 'D5', 'D5', 'D5', 'E5', 'E5', 'D5', 'D5'] pred=['C4', 'G4', 'A3', 'B3', 'C4', 'F4', 'G4', 'A3', 'B3', 'C4', 'D4', 'E4', 'F4', 'G4', 'A3', 'B3', 'C4', 'D4', 'E4', 'F4', 'G4', 'A3', 'B3', 'C4', 'D4', 'E4', 'F4', 'G4', 'A3'] ❌  | doremi: gt=['la', 'si', 'do', 'do', 'do', 're', 'mi', 'mi', 'mi', 'mi', 're', 'do', 'si', 'la', 'la', 'mi', 'mi', 'fa', 'fa', 'mi', 'mi', 're', 're', 're', 're', 'mi', 'mi', 're', 're'] pred=[0, 0, 0, 0, 0, 0, 0, 0, 0, 0, 0, 0, 0, 0, 0, 0, 0, 0, 0, 0, 0, 0, 0, 0, 0, 0, 0, 0, 0] ❌
    [   6/100] bach_bwv26_6         x=2 alto     similar  | midi: gt=[64, 64, 64, 64, 64, 67, 67, 67, 67, 72, 71, 69, 69, 68, 64, 69, 69, 69, 70, 70, 69, 67, 67, 64, 66, 67, 67, 67, 69, 69, 67, 65] pred=[64, 59, 61, 68, 70, 73, 71, 69, 68, 66, 64, 63, 61, 63, 64, 66, 68, 70, 71, 69, 68, 66, 64, 63, 61, 63, 64, 66, 68, 70, 71, 69] ❌  | spn: gt=['E4', 'E4', 'E4', 'E4', 'E4', 'G4', 'G4', 'G4', 'G4', 'C5', 'B4', 'A4', 'A4', 'G#4', 'E4', 'A4', 'A4', 'A4', 'A#4', 'A#4', 'A4', 'G4', 'G4', 'E4', 'F#4', 'G4', 'G4', 'G4', 'A4', 'A4', 'G4', 'F4'] pred=['C4', 'A4', 'G4', 'F4', 'E4', 'D4', 'C4', 'A4', 'G4', 'F4', 'E4', 'D4', 'C4', 'A4', 'G4', 'F4', 'E4', 'D4', 'C4', None, None, None, None, None, None, None, None, None, None, None, None, None] ❌  | doremi: gt=['mi', 'mi', 'mi', 'mi', 'mi', 'sol', 'sol', 'sol', 'sol', 'do', 'si', 'la', 'la', 'sol#', 'mi', 'la', 'la', 'la', 'la#', 'la#', 'la', 'sol', 'sol', 'mi', 'fa#', 'sol', 'sol', 'sol', 'la', 'la', 'sol', 'fa'] pred=[2, None, None, None, None, None, None, None, None, None, None, None, None, None, None, None, None, None, None, None, None, None, None, None, None, None, None, None, None, None, None, None] ❌
    [   7/100] bach_bwv26_6         x=2 alto     similar  | midi: gt=[64, 64, 64, 64, 64, 67, 67, 67, 67, 72, 71, 69, 69, 68, 64, 69, 69, 69, 70, 70, 69, 67, 67, 64, 66, 67, 67, 67, 69, 69, 67, 65] pred=[64, 59, 61, 60, 67, 68, 69, 71, 72, 74, 76, 77, 79, 81, 82, 84, 86, 87, 89, 91, 92, 94, 96, 98, 100, 101, 103, 105, 107, 109, 111, 112] ❌  | spn: gt=['E4', 'E4', 'E4', 'E4', 'E4', 'G4', 'G4', 'G4', 'G4', 'C5', 'B4', 'A4', 'A4', 'G#4', 'E4', 'A4', 'A4', 'A4', 'A#4', 'A#4', 'A4', 'G4', 'G4', 'E4', 'F#4', 'G4', 'G4', 'G4', 'A4', 'A4', 'G4', 'F4'] pred=['C4', 'A4', 'G4', 'F4', 'E4', 'D4', 'C4', 'A4', 'G4', 'F4', 'E4', 'D4', 'C4', 'A4', 'G4', 'F4', 'E4', 'D4', 'C4', None, None, None, None, None, None, None, None, None, None, None, None, None] ❌  | doremi: gt=['mi', 'mi', 'mi', 'mi', 'mi', 'sol', 'sol', 'sol', 'sol', 'do', 'si', 'la', 'la', 'sol#', 'mi', 'la', 'la', 'la', 'la#', 'la#', 'la', 'sol', 'sol', 'mi', 'fa#', 'sol', 'sol', 'sol', 'la', 'la', 'sol', 'fa'] pred=[2, None, None, None, None, None, None, None, None, None, None, None, None, None, None, None, None, None, None, None, None, None, None, None, None, None, None, None, None, None, None, None] ❌
    [   8/100] bach_bwv26_6         x=2 alto     similar  | midi: gt=[64, 64, 64, 64, 64, 67, 67, 67, 67, 72, 71, 69, 69, 68, 64, 69, 69, 69, 70, 70, 69, 67, 67, 64, 66, 67, 67, 67, 69, 69, 67, 65] pred=[64, 59, 61, 60, 67, 68, 69, 71, 72, 74, 76, 77, 79, 81, 82, 84, 86, 87, 89, 91, 92, 94, 96, 98, 100, 101, 103, 105, 107, 109, 111, 112] ❌  | spn: gt=['E4', 'E4', 'E4', 'E4', 'E4', 'G4', 'G4', 'G4', 'G4', 'C5', 'B4', 'A4', 'A4', 'G#4', 'E4', 'A4', 'A4', 'A4', 'A#4', 'A#4', 'A4', 'G4', 'G4', 'E4', 'F#4', 'G4', 'G4', 'G4', 'A4', 'A4', 'G4', 'F4'] pred=['C4', 'A4', 'G4', 'F4', 'E4', 'D4', 'C4', 'C#4', 'D4', 'E4', 'F4', 'G4', 'A4', 'B4', 'C#4', 'D4', 'E4', 'F4', 'G4', 'A4', 'B4', 'C#4', 'D4', 'E4', 'F4', 'G4', 'A4', 'B4', 'C#4', 'D4', 'E4', 'F4'] ❌  | doremi: gt=['mi', 'mi', 'mi', 'mi', 'mi', 'sol', 'sol', 'sol', 'sol', 'do', 'si', 'la', 'la', 'sol#', 'mi', 'la', 'la', 'la', 'la#', 'la#', 'la', 'sol', 'sol', 'mi', 'fa#', 'sol', 'sol', 'sol', 'la', 'la', 'sol', 'fa'] pred=[2, None, None, None, None, None, None, None, None, None, None, None, None, None, None, None, None, None, None, None, None, None, None, None, None, None, None, None, None, None, None, None] ❌
    [   9/100] bach_bwv26_6         x=2 alto     similar  | midi: gt=[64, 64, 64, 64, 64, 67, 67, 67, 67, 72, 71, 69, 69, 68, 64, 69, 69, 69, 70, 70, 69, 67, 67, 64, 66, 67, 67, 67, 69, 69, 67, 65] pred=[60, 59, 57, 54, 51, 58, 60, 62, 64, 65, 64, 62, 60, 59, 57, 54, 51, 58, 60, 62, 64, 65, 64, 62, 60, 59, 57, 54, 51, 58, 60, 62] ❌  | spn: gt=['E4', 'E4', 'E4', 'E4', 'E4', 'G4', 'G4', 'G4', 'G4', 'C5', 'B4', 'A4', 'A4', 'G#4', 'E4', 'A4', 'A4', 'A4', 'A#4', 'A#4', 'A4', 'G4', 'G4', 'E4', 'F#4', 'G4', 'G4', 'G4', 'A4', 'A4', 'G4', 'F4'] pred=['C4', 'A4', 'G4', 'F4', 'E4', 'D4', 'C4', 'C#4', 'D4', 'E4', 'F4', 'G4', 'A4', 'B4', 'C#4', 'D4', 'E4', 'F4', 'G4', 'A4', 'B4', 'C#4', 'D4', 'E4', 'F4', 'G4', 'A4', 'B4', 'C#4', 'D4', 'E4', 'F4'] ❌  | doremi: gt=['mi', 'mi', 'mi', 'mi', 'mi', 'sol', 'sol', 'sol', 'sol', 'do', 'si', 'la', 'la', 'sol#', 'mi', 'la', 'la', 'la', 'la#', 'la#', 'la', 'sol', 'sol', 'mi', 'fa#', 'sol', 'sol', 'sol', 'la', 'la', 'sol', 'fa'] pred=[2, None, None, None, None, None, None, None, None, None, None, None, None, None, None, None, None, None, None, None, None, None, None, None, None, None, None, None, None, None, None, None] ❌
    [  10/100] bach_bwv26_6         x=2 alto     similar  | midi: gt=[64, 64, 64, 64, 64, 67, 67, 67, 67, 72, 71, 69, 69, 68, 64, 69, 69, 69, 70, 70, 69, 67, 67, 64, 66, 67, 67, 67, 69, 69, 67, 65] pred=[64, 57, 61, 69, 68, 60, 61, 64, 69, 68, 64, 61, 60, 61, 64, 69, 68, 64, 61, 60, 61, 64, 69, 68, 64, 61, 60, 61, 64, 69, 68, 64] ❌  | spn: gt=['E4', 'E4', 'E4', 'E4', 'E4', 'G4', 'G4', 'G4', 'G4', 'C5', 'B4', 'A4', 'A4', 'G#4', 'E4', 'A4', 'A4', 'A4', 'A#4', 'A#4', 'A4', 'G4', 'G4', 'E4', 'F#4', 'G4', 'G4', 'G4', 'A4', 'A4', 'G4', 'F4'] pred=['C4', 'A4', 'G4', 'F4', 'E4', 'D4', 'C4', 'A4', 'G4', 'F4', 'E4', 'D4', 'C4', 'A4', 'G4', 'F4', 'E4', 'D4', 'C4', None, None, None, None, None, None, None, None, None, None, None, None, None] ❌  | doremi: gt=['mi', 'mi', 'mi', 'mi', 'mi', 'sol', 'sol', 'sol', 'sol', 'do', 'si', 'la', 'la', 'sol#', 'mi', 'la', 'la', 'la', 'la#', 'la#', 'la', 'sol', 'sol', 'mi', 'fa#', 'sol', 'sol', 'sol', 'la', 'la', 'sol', 'fa'] pred=[2, None, None, None, None, None, None, None, None, None, None, None, None, None, None, None, None, None, None, None, None, None, None, None, None, None, None, None, None, None, None, None] ❌
    [  11/100] bach_bwv26_6         x=3 tenor    similar  | midi: gt=[62, 60, 59, 57, 59, 60, 64, 65, 64, 62, 61, 61, 62, 64, 61, 62, 62, 62, 61, 62, 57, 59, 60, 62, 59, 60, 60, 60, 59, 60, 55, 57, 57, 59] pred=[62, 59, 57, 58, 60, 61, 62, 64, 65, 64, 62, 60, 58, 57, 59, 60, 62, 64, 65, 64, 62, 60, 58, 57, 59, 60, 62, 64, 65, 64, 62, 60, 58, 57] ❌  | spn: gt=['D4', 'C4', 'B3', 'A3', 'B3', 'C4', 'E4', 'F4', 'E4', 'D4', 'C#4', 'C#4', 'D4', 'E4', 'C#4', 'D4', 'D4', 'D4', 'C#4', 'D4', 'A3', 'B3', 'C4', 'D4', 'B3', 'C4', 'C4', 'C4', 'B3', 'C4', 'G3', 'A3', 'A3', 'B3'] pred=['C6', 'B5', 'A5', 'G5', 'F5', 'E5', 'D5', 'C5', 'D6', 'E6', 'F6', 'G6', 'A6', 'B6', 'C7', 'D7', 'E7', 'F7', 'G7', 'A7', 'B7', 'C8', None, None, None, None, None, None, None, None, None, None, None, None] ❌  | doremi: gt=['re', 'do', 'si', 'la', 'si', 'do', 'mi', 'fa', 'mi', 're', 'do#', 'do#', 're', 'mi', 'do#', 're', 're', 're', 'do#', 're', 'la', 'si', 'do', 're', 'si', 'do', 'do', 'do', 'si', 'do', 'sol', 'la', 'la', 'si'] pred=[0, 0, 0, 0, 0, 0, 0, 0, 0, 0, 0, 0, 0, 0, 0, 0, 0, 0, 0, 0, 0, 0, 0, 0, 0, 0, 0, 0, 0, 0, 0, 0, 0, 0] ❌
    [  12/100] bach_bwv26_6         x=3 tenor    similar  | midi: gt=[62, 60, 59, 57, 59, 60, 64, 65, 64, 62, 61, 61, 62, 64, 61, 62, 62, 62, 61, 62, 57, 59, 60, 62, 59, 60, 60, 60, 59, 60, 55, 57, 57, 59] pred=[62, 59, 61, 60, 57, 58, 60, 61, 62, 64, 65, 64, 62, 60, 58, 57, 59, 60, 62, 64, 65, 64, 62, 60, 58, 57, 59, 60, 62, 64, 65, 64, 62, 60] ❌  | spn: gt=['D4', 'C4', 'B3', 'A3', 'B3', 'C4', 'E4', 'F4', 'E4', 'D4', 'C#4', 'C#4', 'D4', 'E4', 'C#4', 'D4', 'D4', 'D4', 'C#4', 'D4', 'A3', 'B3', 'C4', 'D4', 'B3', 'C4', 'C4', 'C4', 'B3', 'C4', 'G3', 'A3', 'A3', 'B3'] pred=['C5', 'A5', 'G5', 'F5', 'D5', 'C6', 'D6', 'E6', 'F6', 'G7', 'A7', 'B7', 'C8', 'D8', 'E8', 'F8', 'G9', 'A9', 'B9', None, None, None, None, None, None, None, None, None, None, None, None, None, None, None] ❌  | doremi: gt=['re', 'do', 'si', 'la', 'si', 'do', 'mi', 'fa', 'mi', 're', 'do#', 'do#', 're', 'mi', 'do#', 're', 're', 're', 'do#', 're', 'la', 'si', 'do', 're', 'si', 'do', 'do', 'do', 'si', 'do', 'sol', 'la', 'la', 'si'] pred=[0, 0, 0, 0, 0, 0, 0, 0, 0, 0, 0, 0, 0, 0, 0, 0, 0, 0, 0, 0, 0, 0, 0, 0, 0, 0, 0, 0, 0, 0, 0, 0, 0, 0] ❌
    [  13/100] bach_bwv26_6         x=3 tenor    similar  | midi: gt=[62, 60, 59, 57, 59, 60, 64, 65, 64, 62, 61, 61, 62, 64, 61, 62, 62, 62, 61, 62, 57, 59, 60, 62, 59, 60, 60, 60, 59, 60, 55, 57, 57, 59] pred=[62, 59, 61, 60, 57, 58, 60, 62, 64, 65, 64, 62, 60, 58, 57, 59, 60, 62, 64, 65, 64, 62, 60, 58, 57, 59, 60, 62, 64, 65, 64, 62, 60, 58] ❌  | spn: gt=['D4', 'C4', 'B3', 'A3', 'B3', 'C4', 'E4', 'F4', 'E4', 'D4', 'C#4', 'C#4', 'D4', 'E4', 'C#4', 'D4', 'D4', 'D4', 'C#4', 'D4', 'A3', 'B3', 'C4', 'D4', 'B3', 'C4', 'C4', 'C4', 'B3', 'C4', 'G3', 'A3', 'A3', 'B3'] pred=['G4', 'A4', 'B4', 'G4', 'F#4', 'G4', 'A4', 'B4', 'C4', 'D4', 'E4', 'F4', 'G4', 'F4', 'E4', 'D4', 'C4', 'B4', 'A4', 'G4', None, None, None, None, None, None, None, None, None, None, None, None, None, None] ❌  | doremi: gt=['re', 'do', 'si', 'la', 'si', 'do', 'mi', 'fa', 'mi', 're', 'do#', 'do#', 're', 'mi', 'do#', 're', 're', 're', 'do#', 're', 'la', 'si', 'do', 're', 'si', 'do', 'do', 'do', 'si', 'do', 'sol', 'la', 'la', 'si'] pred=[0, 0, 0, 0, 0, 0, 0, 0, 0, 0, 0, 0, 0, 0, 0, 0, 0, 0, 0, 0, 0, 0, 0, 0, 0, 0, 0, 0, 0, 0, 0, 0, 0, 0] ❌
    [  14/100] bach_bwv26_6         x=3 tenor    similar  | midi: gt=[62, 60, 59, 57, 59, 60, 64, 65, 64, 62, 61, 61, 62, 64, 61, 62, 62, 62, 61, 62, 57, 59, 60, 62, 59, 60, 60, 60, 59, 60, 55, 57, 57, 59] pred=[67, 69, 71, 72, 74, 75, 77, 78, 80, 82, 84, 85, 87, 89, 90, 92, 94, 96, 98, 100, 102, 104, 106, 108, 110, 112, 114, 116, 118, 120, 122, 124, 126, None] ❌  | spn: gt=['D4', 'C4', 'B3', 'A3', 'B3', 'C4', 'E4', 'F4', 'E4', 'D4', 'C#4', 'C#4', 'D4', 'E4', 'C#4', 'D4', 'D4', 'D4', 'C#4', 'D4', 'A3', 'B3', 'C4', 'D4', 'B3', 'C4', 'C4', 'C4', 'B3', 'C4', 'G3', 'A3', 'A3', 'B3'] pred=['C6', 'A#6', 'A#6', 'G7', 'F7', 'E7', 'D8', 'C8', 'D8', 'C8', 'A#6', 'A#6', 'G7', 'F7', 'E7', 'D8', 'C8', 'D8', 'C8', 'A#6', 'A#6', 'G7', 'F7', 'E7', 'D8', 'C8', 'D8', 'C8', 'A#6', 'A#6', 'G7', 'F7', 'E7', 'D8'] ❌  | doremi: gt=['re', 'do', 'si', 'la', 'si', 'do', 'mi', 'fa', 'mi', 're', 'do#', 'do#', 're', 'mi', 'do#', 're', 're', 're', 'do#', 're', 'la', 'si', 'do', 're', 'si', 'do', 'do', 'do', 'si', 'do', 'sol', 'la', 'la', 'si'] pred=[0, 0, 0, 0, 0, 0, 0, 0, 0, 0, 0, 0, 0, 0, 0, 0, 0, 0, 0, 0, 0, 0, 0, 0, 0, 0, 0, 0, 0, 0, 0, 0, 0, 0] ❌
    [  15/100] bach_bwv26_6         x=3 tenor    similar  | midi: gt=[62, 60, 59, 57, 59, 60, 64, 65, 64, 62, 61, 61, 62, 64, 61, 62, 62, 62, 61, 62, 57, 59, 60, 62, 59, 60, 60, 60, 59, 60, 55, 57, 57, 59] pred=[62, 59, 61, 60, 57, 58, 60, 62, 64, 65, 64, 62, 60, 58, 57, 59, 60, 62, 64, 65, 64, 62, 60, 58, 57, 59, 60, 62, 64, 65, 64, 62, 60, 58] ❌  | spn: gt=['D4', 'C4', 'B3', 'A3', 'B3', 'C4', 'E4', 'F4', 'E4', 'D4', 'C#4', 'C#4', 'D4', 'E4', 'C#4', 'D4', 'D4', 'D4', 'C#4', 'D4', 'A3', 'B3', 'C4', 'D4', 'B3', 'C4', 'C4', 'C4', 'B3', 'C4', 'G3', 'A3', 'A3', 'B3'] pred=['C6', 'A6', 'G6', 'F6', 'E6', 'D6', 'C6', 'C5', 'A5', 'G5', 'F5', 'E5', 'D5', 'C5', 'C4', 'A4', 'G4', 'F4', 'E4', 'D4', 'C4', 'C3', 'A3', 'G3', 'F3', 'E3', 'D3', 'C3', 'C2', 'A2', 'G2', 'F2', 'E2', 'D2'] ❌  | doremi: gt=['re', 'do', 'si', 'la', 'si', 'do', 'mi', 'fa', 'mi', 're', 'do#', 'do#', 're', 'mi', 'do#', 're', 're', 're', 'do#', 're', 'la', 'si', 'do', 're', 'si', 'do', 'do', 'do', 'si', 'do', 'sol', 'la', 'la', 'si'] pred=[0, 0, 0, 0, 0, 0, 0, 0, 0, 0, 0, 0, 0, 0, 0, 0, 0, 0, 0, 0, 0, 0, 0, 0, 0, 0, 0, 0, 0, 0, 0, 0, 0, 0] ❌
    [  16/100] bach_bwv26_6         x=4 bass     similar  | midi: gt=[59, 57, 55, 54, 56, 57, 50, 52, 45, 45, 47, 49, 45, 50, 48, 46, 45, 43, 40, 45, 50, 38, 43, 45, 47, 43, 48, 47, 45, 43, 41, 38, 43, 48, 36, 53, 52, 50, 44, 56] pred=[57, 62, 69, 73, 78, 81, 84, 87, 90, 93, 96, 98, 100, 102, 104, 106, 108, 110, 112, 114, 116, 118, 120, 122, 124, 126, None, None, None, None, None, None, None, None, None, None, None, None, None, None] ❌  | spn: gt=['B3', 'A3', 'G3', 'F#3', 'G#3', 'A3', 'D3', 'E3', 'A2', 'A2', 'B2', 'C#3', 'A2', 'D3', 'C3', 'A#2', 'A2', 'G2', 'E2', 'A2', 'D3', 'D2', 'G2', 'A2', 'B2', 'G2', 'C3', 'B2', 'A2', 'G2', 'F2', 'D2', 'G2', 'C3', 'C2', 'F3', 'E3', 'D3', 'G#2', 'G#3'] pred=['C3', 'B2', 'A2', 'G2', 'F2', 'E2', 'D2', 'C2', None, None, None, None, None, None, None, None, None, None, None, None, None, None, None, None, None, None, None, None, None, None, None, None, None, None, None, None, None, None, None, None] ❌  | doremi: gt=['si', 'la', 'sol', 'fa#', 'sol#', 'la', 're', 'mi', 'la', 'la', 'si', 'do#', 'la', 're', 'do', 'la#', 'la', 'sol', 'mi', 'la', 're', 're', 'sol', 'la', 'si', 'sol', 'do', 'si', 'la', 'sol', 'fa', 're', 'sol', 'do', 'do', 'fa', 'mi', 're', 'sol#', 'sol#'] pred=[0, 0, 0, 0, 0, 0, 0, 0, 0, 0, 0, 0, 0, 0, 0, 0, 0, 0, 0, 0, 0, 0, 0, 0, 0, 0, 0, 0, 0, 0, 0, 0, 0, 0, 0, 0, 0, 0, 0, 0] ❌
    [  17/100] bach_bwv26_6         x=4 bass     similar  | midi: gt=[59, 57, 55, 54, 56, 57, 50, 52, 45, 45, 47, 49, 45, 50, 48, 46, 45, 43, 40, 45, 50, 38, 43, 45, 47, 43, 48, 47, 45, 43, 41, 38, 43, 48, 36, 53, 52, 50, 44, 56] pred=[57, 62, 69, 73, 78, 81, 84, 87, 90, 93, 96, 98, 100, 102, 104, 106, 108, 110, 112, 114, 116, 118, 120, 122, 124, 126, None, None, None, None, None, None, None, None, None, None, None, None, None, None] ❌  | spn: gt=['B3', 'A3', 'G3', 'F#3', 'G#3', 'A3', 'D3', 'E3', 'A2', 'A2', 'B2', 'C#3', 'A2', 'D3', 'C3', 'A#2', 'A2', 'G2', 'E2', 'A2', 'D3', 'D2', 'G2', 'A2', 'B2', 'G2', 'C3', 'B2', 'A2', 'G2', 'F2', 'D2', 'G2', 'C3', 'C2', 'F3', 'E3', 'D3', 'G#2', 'G#3'] pred=['D3', 'A3', 'G3', 'F#3', 'A3', 'G3', 'F#3', 'A3', 'G3', 'F#3', 'A3', 'G3', 'F#3', 'A3', 'G3', 'F#3', 'A3', 'G3', 'F#3', 'A3', 'G3', 'F#3', 'A3', 'G3', 'F#3', 'A3', 'G3', 'F#3', 'A3', 'G3', 'F#3', 'A3', 'G3', 'F#3', 'A3', 'G3', 'F#3', 'A3', 'G3', None] ❌  | doremi: gt=['si', 'la', 'sol', 'fa#', 'sol#', 'la', 're', 'mi', 'la', 'la', 'si', 'do#', 'la', 're', 'do', 'la#', 'la', 'sol', 'mi', 'la', 're', 're', 'sol', 'la', 'si', 'sol', 'do', 'si', 'la', 'sol', 'fa', 're', 'sol', 'do', 'do', 'fa', 'mi', 're', 'sol#', 'sol#'] pred=[0, 0, 0, 0, 0, 0, 0, 0, 0, 0, 0, 0, 0, 0, 0, 0, 0, 0, 0, 0, 0, 0, 0, 0, 0, 0, 0, 0, 0, 0, 0, 0, 0, 0, 0, 0, 0, 0, 0, 0] ❌
    [  18/100] bach_bwv26_6         x=4 bass     similar  | midi: gt=[59, 57, 55, 54, 56, 57, 50, 52, 45, 45, 47, 49, 45, 50, 48, 46, 45, 43, 40, 45, 50, 38, 43, 45, 47, 43, 48, 47, 45, 43, 41, 38, 43, 48, 36, 53, 52, 50, 44, 56] pred=[57, 62, 69, 73, 78, 81, 84, 87, 90, 93, 96, 98, 100, 102, 104, 106, 108, 110, 112, 114, 116, 118, 120, 122, 124, 126, None, None, None, None, None, None, None, None, None, None, None, None, None, None] ❌  | spn: gt=['B3', 'A3', 'G3', 'F#3', 'G#3', 'A3', 'D3', 'E3', 'A2', 'A2', 'B2', 'C#3', 'A2', 'D3', 'C3', 'A#2', 'A2', 'G2', 'E2', 'A2', 'D3', 'D2', 'G2', 'A2', 'B2', 'G2', 'C3', 'B2', 'A2', 'G2', 'F2', 'D2', 'G2', 'C3', 'C2', 'F3', 'E3', 'D3', 'G#2', 'G#3'] pred=['D3', 'A3', 'G3', 'F3', 'A3', 'G3', 'F3', 'D3', 'C3', 'D3', 'E3', 'F3', 'G3', 'A3', 'C3', 'D3', 'E3', 'F3', 'G3', 'A3', 'B3', None, None, None, None, None, None, None, None, None, None, None, None, None, None, None, None, None, None, None] ❌  | doremi: gt=['si', 'la', 'sol', 'fa#', 'sol#', 'la', 're', 'mi', 'la', 'la', 'si', 'do#', 'la', 're', 'do', 'la#', 'la', 'sol', 'mi', 'la', 're', 're', 'sol', 'la', 'si', 'sol', 'do', 'si', 'la', 'sol', 'fa', 're', 'sol', 'do', 'do', 'fa', 'mi', 're', 'sol#', 'sol#'] pred=[0, 2, 4, 5, 7, 9, 10, None, None, None, None, None, None, None, None, None, None, None, None, None, None, None, None, None, None, None, None, None, None, None, None, None, None, None, None, None, None, None, None, None] ❌
    [  19/100] bach_bwv26_6         x=4 bass     similar  | midi: gt=[59, 57, 55, 54, 56, 57, 50, 52, 45, 45, 47, 49, 45, 50, 48, 46, 45, 43, 40, 45, 50, 38, 43, 45, 47, 43, 48, 47, 45, 43, 41, 38, 43, 48, 36, 53, 52, 50, 44, 56] pred=[57, 62, 69, 73, 78, 81, 84, 87, 90, 93, 96, 98, 100, 102, 104, 106, 108, 110, 112, 114, 116, 118, 120, 122, 124, 126, None, None, None, None, None, None, None, None, None, None, None, None, None, None] ❌  | spn: gt=['B3', 'A3', 'G3', 'F#3', 'G#3', 'A3', 'D3', 'E3', 'A2', 'A2', 'B2', 'C#3', 'A2', 'D3', 'C3', 'A#2', 'A2', 'G2', 'E2', 'A2', 'D3', 'D2', 'G2', 'A2', 'B2', 'G2', 'C3', 'B2', 'A2', 'G2', 'F2', 'D2', 'G2', 'C3', 'C2', 'F3', 'E3', 'D3', 'G#2', 'G#3'] pred=['D3', 'A2', 'G3', 'F3', 'E3', 'D3', 'C3', None, None, None, None, None, None, None, None, None, None, None, None, None, None, None, None, None, None, None, None, None, None, None, None, None, None, None, None, None, None, None, None, None] ❌  | doremi: gt=['si', 'la', 'sol', 'fa#', 'sol#', 'la', 're', 'mi', 'la', 'la', 'si', 'do#', 'la', 're', 'do', 'la#', 'la', 'sol', 'mi', 'la', 're', 're', 'sol', 'la', 'si', 'sol', 'do', 'si', 'la', 'sol', 'fa', 're', 'sol', 'do', 'do', 'fa', 'mi', 're', 'sol#', 'sol#'] pred=[0, 2, 4, 5, 7, 9, 10, None, None, None, None, None, None, None, None, None, None, None, None, None, None, None, None, None, None, None, None, None, None, None, None, None, None, None, None, None, None, None, None, None] ❌
    [  20/100] bach_bwv26_6         x=4 bass     similar  | midi: gt=[59, 57, 55, 54, 56, 57, 50, 52, 45, 45, 47, 49, 45, 50, 48, 46, 45, 43, 40, 45, 50, 38, 43, 45, 47, 43, 48, 47, 45, 43, 41, 38, 43, 48, 36, 53, 52, 50, 44, 56] pred=[57, 62, 69, 73, 78, 81, 84, 87, 90, 93, 96, 98, 100, 102, 104, 106, 108, 110, 112, 114, 116, 118, 120, 122, 124, 126, None, None, None, None, None, None, None, None, None, None, None, None, None, None] ❌  | spn: gt=['B3', 'A3', 'G3', 'F#3', 'G#3', 'A3', 'D3', 'E3', 'A2', 'A2', 'B2', 'C#3', 'A2', 'D3', 'C3', 'A#2', 'A2', 'G2', 'E2', 'A2', 'D3', 'D2', 'G2', 'A2', 'B2', 'G2', 'C3', 'B2', 'A2', 'G2', 'F2', 'D2', 'G2', 'C3', 'C2', 'F3', 'E3', 'D3', 'G#2', 'G#3'] pred=['D3', 'A2', 'G3', 'F#3', 'B3', 'A3', 'G3', 'F#3', 'E3', 'D3', 'C3', None, None, None, None, None, None, None, None, None, None, None, None, None, None, None, None, None, None, None, None, None, None, None, None, None, None, None, None, None] ❌  | doremi: gt=['si', 'la', 'sol', 'fa#', 'sol#', 'la', 're', 'mi', 'la', 'la', 'si', 'do#', 'la', 're', 'do', 'la#', 'la', 'sol', 'mi', 'la', 're', 're', 'sol', 'la', 'si', 'sol', 'do', 'si', 'la', 'sol', 'fa', 're', 'sol', 'do', 'do', 'fa', 'mi', 're', 'sol#', 'sol#'] pred=[0, 0, 0, 0, 0, 0, 0, 0, 0, 0, 0, 0, 0, 0, 0, 0, 0, 0, 0, 0, 0, 0, 0, 0, 0, 0, 0, 0, 0, 0, 0, 0, 0, 0, 0, 0, 0, 0, 0, 0] ❌
    [  21/100] bach_bwv4_8          x=1 soprano  similar  | midi: gt=[64, 65, 67, 69, 69, 74, 73, 74, 76, 74, 72, 71, 69, 71, 72, 69, 70, 72, 67, 65, 64] pred=[68, 70, 73, 75, 79, 84, 86, 88, 91, 93, 96, 98, 100, 103, 105, 108, 110, 113, 115, 118, 120] ❌  | spn: gt=['E4', 'F4', 'G4', 'A4', 'A4', 'D5', 'C#5', 'D5', 'E5', 'D5', 'C5', 'B4', 'A4', 'B4', 'C5', 'A4', 'A#4', 'C5', 'G4', 'F4', 'E4'] pred=['C4', 'G4', 'A3', 'B3', 'C4', 'F4', 'G4', 'A3', 'B3', 'C4', 'F4', 'G4', 'A3', 'B3', 'C4', 'F4', 'G4', 'A3', 'B3', 'C4', None] ❌  | doremi: gt=['mi', 'fa', 'sol', 'la', 'la', 're', 'do#', 're', 'mi', 're', 'do', 'si', 'la', 'si', 'do', 'la', 'la#', 'do', 'sol', 'fa', 'mi'] pred=[0, 0, 0, 0, 0, 0, 0, 0, 0, 0, 0, 0, 0, 0, 0, 0, 0, 0, 0, 0, 0] ❌
    [  22/100] bach_bwv4_8          x=1 soprano  similar  | midi: gt=[64, 65, 67, 69, 69, 74, 73, 74, 76, 74, 72, 71, 69, 71, 72, 69, 70, 72, 67, 65, 64] pred=[64, 70, 73, 75, 79, 81, 84, 87, 90, 93, 96, 98, 101, 104, 107, 110, 113, 116, 119, 122, 125] ❌  | spn: gt=['E4', 'F4', 'G4', 'A4', 'A4', 'D5', 'C#5', 'D5', 'E5', 'D5', 'C5', 'B4', 'A4', 'B4', 'C5', 'A4', 'A#4', 'C5', 'G4', 'F4', 'E4'] pred=['C4', 'G4', 'A3', 'C4', 'F4', 'G4', 'A3', 'D4', 'C4', 'B4', 'A4', None, None, None, None, None, None, None, None, None, None] ❌  | doremi: gt=['mi', 'fa', 'sol', 'la', 'la', 're', 'do#', 're', 'mi', 're', 'do', 'si', 'la', 'si', 'do', 'la', 'la#', 'do', 'sol', 'fa', 'mi'] pred=[0, 2, 4, 5, 7, 9, 10, None, None, None, None, None, None, None, None, None, None, None, None, None, None] ❌
    [  23/100] bach_bwv4_8          x=1 soprano  similar  | midi: gt=[64, 65, 67, 69, 69, 74, 73, 74, 76, 74, 72, 71, 69, 71, 72, 69, 70, 72, 67, 65, 64] pred=[64, 70, 73, 75, 79, 81, 83, 85, 87, 89, 90, 92, 94, 95, 97, 99, 100, 102, 104, 106, 108] ❌  | spn: gt=['E4', 'F4', 'G4', 'A4', 'A4', 'D5', 'C#5', 'D5', 'E5', 'D5', 'C5', 'B4', 'A4', 'B4', 'C5', 'A4', 'A#4', 'C5', 'G4', 'F4', 'E4'] pred=['C4', 'B3', 'A#3', 'G4', 'F4', 'E4', 'D4', 'C4', 'B3', 'A#3', 'G4', 'F4', 'E4', 'D4', 'C4', 'B3', 'A#3', 'G4', 'F4', 'E4', 'D4'] ❌  | doremi: gt=['mi', 'fa', 'sol', 'la', 'la', 're', 'do#', 're', 'mi', 're', 'do', 'si', 'la', 'si', 'do', 'la', 'la#', 'do', 'sol', 'fa', 'mi'] pred=[0, 2, 4, 5, 7, 9, 10, None, None, None, None, None, None, None, None, None, None, None, None, None, None] ❌
    [  24/100] bach_bwv4_8          x=1 soprano  similar  | midi: gt=[64, 65, 67, 69, 69, 74, 73, 74, 76, 74, 72, 71, 69, 71, 72, 69, 70, 72, 67, 65, 64] pred=[64, 70, 73, 75, 79, 81, 83, 84, 85, 86, 87, 88, 89, 90, 91, 92, 93, 94, 95, 96, 97] ❌  | spn: gt=['E4', 'F4', 'G4', 'A4', 'A4', 'D5', 'C#5', 'D5', 'E5', 'D5', 'C5', 'B4', 'A4', 'B4', 'C5', 'A4', 'A#4', 'C5', 'G4', 'F4', 'E4'] pred=['C4', 'G4', 'A3', 'B3', 'C4', 'F4', 'G4', 'A3', 'B3', 'C4', 'F4', 'G4', 'A3', 'B3', 'C4', 'F4', 'G4', 'A3', 'B3', 'C4', None] ❌  | doremi: gt=['mi', 'fa', 'sol', 'la', 'la', 're', 'do#', 're', 'mi', 're', 'do', 'si', 'la', 'si', 'do', 'la', 'la#', 'do', 'sol', 'fa', 'mi'] pred=[0, 0, 0, 0, 0, 0, 0, 0, 0, 0, 0, 0, 0, 0, 0, 0, 0, 0, 0, 0, 0] ❌
    [  25/100] bach_bwv4_8          x=1 soprano  similar  | midi: gt=[64, 65, 67, 69, 69, 74, 73, 74, 76, 74, 72, 71, 69, 71, 72, 69, 70, 72, 67, 65, 64] pred=[64, 70, 73, 75, 79, 81, 83, 84, 85, 87, 89, 90, 92, 93, 94, 95, 97, 98, 100, 101, 103] ❌  | spn: gt=['E4', 'F4', 'G4', 'A4', 'A4', 'D5', 'C#5', 'D5', 'E5', 'D5', 'C5', 'B4', 'A4', 'B4', 'C5', 'A4', 'A#4', 'C5', 'G4', 'F4', 'E4'] pred=['C4', 'B3', 'A#3', 'G4', 'F4', 'E4', 'D4', 'C4', 'B3', 'A#3', 'G4', 'F4', 'E4', 'D4', 'C4', 'B3', 'A#3', 'G4', 'F4', 'E4', 'D4'] ❌  | doremi: gt=['mi', 'fa', 'sol', 'la', 'la', 're', 'do#', 're', 'mi', 're', 'do', 'si', 'la', 'si', 'do', 'la', 'la#', 'do', 'sol', 'fa', 'mi'] pred=[0, 0, 0, 0, 0, 0, 0, 0, 0, 0, 0, 0, 0, 0, 0, 0, 0, 0, 0, 0, 0] ❌
    [  26/100] bach_bwv4_8          x=2 alto     similar  | midi: gt=[61, 62, 60, 60, 65, 67, 69, 67, 69, 64, 64, 64, 62, 60, 62, 64, 60, 65, 64, 64, 62, 61] pred=[64, 59, 61, 63, 67, 60, 68, 70, 72, 74, 76, 77, 79, 81, 83, 84, 86, 88, 90, 92, 94, 96] ❌  | spn: gt=['C#4', 'D4', 'C4', 'C4', 'F4', 'G4', 'A4', 'G4', 'A4', 'E4', 'E4', 'E4', 'D4', 'C4', 'D4', 'E4', 'C4', 'F4', 'E4', 'E4', 'D4', 'C#4'] pred=['C4', 'B3', 'A#3', 'G4', 'F4', 'E4', 'D4', 'C4', 'B3', 'A#3', 'G4', 'F4', 'E4', 'D4', 'C4', 'B3', 'A#3', 'G4', 'F4', 'E4', 'D4', 'C4'] ❌  | doremi: gt=['do#', 're', 'do', 'do', 'fa', 'sol', 'la', 'sol', 'la', 'mi', 'mi', 'mi', 're', 'do', 're', 'mi', 'do', 'fa', 'mi', 'mi', 're', 'do#'] pred=[2, None, None, None, None, None, None, None, None, None, None, None, None, None, None, None, None, None, None, None, None, None] ❌
    [  27/100] bach_bwv4_8          x=2 alto     similar  | midi: gt=[61, 62, 60, 60, 65, 67, 69, 67, 69, 64, 64, 64, 62, 60, 62, 64, 60, 65, 64, 64, 62, 61] pred=[64, 59, 61, 63, 67, 60, 68, 70, 72, 74, 76, 77, 79, 81, 82, 84, 86, 87, 89, 91, 92, 94] ❌  | spn: gt=['C#4', 'D4', 'C4', 'C4', 'F4', 'G4', 'A4', 'G4', 'A4', 'E4', 'E4', 'E4', 'D4', 'C4', 'D4', 'E4', 'C4', 'F4', 'E4', 'E4', 'D4', 'C#4'] pred=['C4', 'G4', 'A3', 'F4', 'B3', 'C4', 'D4', 'E4', 'F4', 'G4', 'A3', 'A#4', 'B3', 'C4', 'D4', 'E4', 'F4', 'G4', 'A3', 'A#4', 'B3', 'C4'] ❌  | doremi: gt=['do#', 're', 'do', 'do', 'fa', 'sol', 'la', 'sol', 'la', 'mi', 'mi', 'mi', 're', 'do', 're', 'mi', 'do', 'fa', 'mi', 'mi', 're', 'do#'] pred=[2, None, None, None, None, None, None, None, None, None, None, None, None, None, None, None, None, None, None, None, None, None] ❌
    [  28/100] bach_bwv4_8          x=2 alto     similar  | midi: gt=[61, 62, 60, 60, 65, 67, 69, 67, 69, 64, 64, 64, 62, 60, 62, 64, 60, 65, 64, 64, 62, 61] pred=[64, 59, 61, 63, 67, 60, 68, 70, 72, 74, 76, 78, 80, 82, 84, 86, 88, 90, 92, 94, 96, 98] ❌  | spn: gt=['C#4', 'D4', 'C4', 'C4', 'F4', 'G4', 'A4', 'G4', 'A4', 'E4', 'E4', 'E4', 'D4', 'C4', 'D4', 'E4', 'C4', 'F4', 'E4', 'E4', 'D4', 'C#4'] pred=['C4', 'B3', 'A#3', 'G4', 'F4', 'E4', 'D4', 'C4', 'B3', 'A#3', 'G4', 'F4', 'E4', 'D4', 'C4', 'B3', 'A#3', 'G4', 'F4', 'E4', 'D4', 'C4'] ❌  | doremi: gt=['do#', 're', 'do', 'do', 'fa', 'sol', 'la', 'sol', 'la', 'mi', 'mi', 'mi', 're', 'do', 're', 'mi', 'do', 'fa', 'mi', 'mi', 're', 'do#'] pred=[2, None, None, None, None, None, None, None, None, None, None, None, None, None, None, None, None, None, None, None, None, None] ❌
    [  29/100] bach_bwv4_8          x=2 alto     similar  | midi: gt=[61, 62, 60, 60, 65, 67, 69, 67, 69, 64, 64, 64, 62, 60, 62, 64, 60, 65, 64, 64, 62, 61] pred=[64, 59, 61, 63, 67, 60, 68, 70, 72, 74, 76, 77, 79, 81, 82, 84, 86, 87, 89, 91, 92, 94] ❌  | spn: gt=['C#4', 'D4', 'C4', 'C4', 'F4', 'G4', 'A4', 'G4', 'A4', 'E4', 'E4', 'E4', 'D4', 'C4', 'D4', 'E4', 'C4', 'F4', 'E4', 'E4', 'D4', 'C#4'] pred=['C4', 'G4', 'A3', 'C4', 'F4', 'G4', 'A3', 'D4', 'C4', 'B4', 'A4', None, None, None, None, None, None, None, None, None, None, None] ❌  | doremi: gt=['do#', 're', 'do', 'do', 'fa', 'sol', 'la', 'sol', 'la', 'mi', 'mi', 'mi', 're', 'do', 're', 'mi', 'do', 'fa', 'mi', 'mi', 're', 'do#'] pred=[2, None, None, None, None, None, None, None, None, None, None, None, None, None, None, None, None, None, None, None, None, None] ❌
    [  30/100] bach_bwv4_8          x=2 alto     similar  | midi: gt=[61, 62, 60, 60, 65, 67, 69, 67, 69, 64, 64, 64, 62, 60, 62, 64, 60, 65, 64, 64, 62, 61] pred=[64, 59, 61, 63, 67, 60, 68, 70, 72, 74, 76, 77, 79, 81, 82, 84, 86, 87, 89, 91, 92, 94] ❌  | spn: gt=['C#4', 'D4', 'C4', 'C4', 'F4', 'G4', 'A4', 'G4', 'A4', 'E4', 'E4', 'E4', 'D4', 'C4', 'D4', 'E4', 'C4', 'F4', 'E4', 'E4', 'D4', 'C#4'] pred=['C4', 'G4', 'A3', 'F4', 'A3', 'G4', 'F4', 'E4', None, None, None, None, None, None, None, None, None, None, None, None, None, None] ❌  | doremi: gt=['do#', 're', 'do', 'do', 'fa', 'sol', 'la', 'sol', 'la', 'mi', 'mi', 'mi', 're', 'do', 're', 'mi', 'do', 'fa', 'mi', 'mi', 're', 'do#'] pred=[2, None, None, None, None, None, None, None, None, None, None, None, None, None, None, None, None, None, None, None, None, None] ❌
    [  31/100] bach_bwv4_8          x=3 tenor    similar  | midi: gt=[62, 60, 59, 60, 56, 57, 59, 57, 56, 52, 57, 57, 58, 57, 55] pred=[64, 70, 72, 73, 78, 79, 81, 83, 84, 86, 88, 90, 91, 93, 95] ❌  | spn: gt=['D4', 'C4', 'B3', 'C4', 'G#3', 'A3', 'B3', 'A3', 'G#3', 'E3', 'A3', 'A3', 'A#3', 'A3', 'G3'] pred=['C4', 'G3', 'A3', 'B3', 'C4', 'F4', 'G4', 'A4', 'B3', 'C4', 'D4', 'E4', None, None, None] ❌  | doremi: gt=['re', 'do', 'si', 'do', 'sol#', 'la', 'si', 'la', 'sol#', 'mi', 'la', 'la', 'la#', 'la', 'sol'] pred=[0, 2, 4, 5, 7, 9, 10, None, None, None, None, None, None, None, None] ❌
    [  32/100] bach_bwv4_8          x=3 tenor    similar  | midi: gt=[62, 60, 59, 60, 56, 57, 59, 57, 56, 52, 57, 57, 58, 57, 55] pred=[64, 70, 72, 73, 78, 79, 81, 83, 85, 87, 89, 91, 93, 95, 97] ❌  | spn: gt=['D4', 'C4', 'B3', 'C4', 'G#3', 'A3', 'B3', 'A3', 'G#3', 'E3', 'A3', 'A3', 'A#3', 'A3', 'G3'] pred=['C4', 'B3', 'A4', 'G4', 'F4', 'E4', 'D4', 'C4', 'B3', 'A4', 'G4', 'F4', 'E4', 'D4', 'C4'] ❌  | doremi: gt=['re', 'do', 'si', 'do', 'sol#', 'la', 'si', 'la', 'sol#', 'mi', 'la', 'la', 'la#', 'la', 'sol'] pred=[0, 0, 0, 0, 0, 0, 0, 0, 0, 0, 0, 0, 0, 0, 0] ❌
    [  33/100] bach_bwv4_8          x=3 tenor    similar  | midi: gt=[62, 60, 59, 60, 56, 57, 59, 57, 56, 52, 57, 57, 58, 57, 55] pred=[64, 70, 72, 73, 78, 79, 81, 83, 84, 86, 88, 90, 91, 93, 95] ❌  | spn: gt=['D4', 'C4', 'B3', 'C4', 'G#3', 'A3', 'B3', 'A3', 'G#3', 'E3', 'A3', 'A3', 'A#3', 'A3', 'G3'] pred=['C4', 'B3', 'A#3', 'G4', 'F4', 'E4', 'D4', 'C4', 'B3', 'A#3', 'G4', 'F4', 'E4', 'D4', 'C4'] ❌  | doremi: gt=['re', 'do', 'si', 'do', 'sol#', 'la', 'si', 'la', 'sol#', 'mi', 'la', 'la', 'la#', 'la', 'sol'] pred=[0, 0, 0, 0, 0, 0, 0, 0, 0, 0, 0, 0, 0, 0, 0] ❌
    [  34/100] bach_bwv4_8          x=3 tenor    similar  | midi: gt=[62, 60, 59, 60, 56, 57, 59, 57, 56, 52, 57, 57, 58, 57, 55] pred=[62, 64, 67, 69, 70, 73, 74, 76, 78, 79, 81, 82, 84, 86, 88] ❌  | spn: gt=['D4', 'C4', 'B3', 'C4', 'G#3', 'A3', 'B3', 'A3', 'G#3', 'E3', 'A3', 'A3', 'A#3', 'A3', 'G3'] pred=['A4', 'B3', 'A4', 'G4', 'F4', None, None, None, None, None, None, None, None, None, None] ❌  | doremi: gt=['re', 'do', 'si', 'do', 'sol#', 'la', 'si', 'la', 'sol#', 'mi', 'la', 'la', 'la#', 'la', 'sol'] pred=[0, 2, 4, 5, 7, 9, 10, None, None, None, None, None, None, None, None] ❌
    [  35/100] bach_bwv4_8          x=3 tenor    similar  | midi: gt=[62, 60, 59, 60, 56, 57, 59, 57, 56, 52, 57, 57, 58, 57, 55] pred=[64, 70, 72, 73, 78, 79, 81, 83, 84, 86, 88, 89, 91, 93, 94] ❌  | spn: gt=['D4', 'C4', 'B3', 'C4', 'G#3', 'A3', 'B3', 'A3', 'G#3', 'E3', 'A3', 'A3', 'A#3', 'A3', 'G3'] pred=['C4', 'B3', 'A4', 'G4', 'F4', 'E4', 'D4', 'C4', 'B3', 'A4', 'G4', 'F4', 'E4', 'D4', 'C4'] ❌  | doremi: gt=['re', 'do', 'si', 'do', 'sol#', 'la', 'si', 'la', 'sol#', 'mi', 'la', 'la', 'la#', 'la', 'sol'] pred=[0, 0, 0, 0, 0, 0, 0, 0, 0, 0, 0, 0, 0, 0, 0] ❌
    [  36/100] bach_bwv4_8          x=4 bass     similar  | midi: gt=[50, 52, 50, 48, 47, 45, 44, 45, 40, 45, 49, 50, 52] pred=[57, 62, 69, 74, 80, 85, 89, 93, 97, 100, 103, 106, 108] ❌  | spn: gt=['D3', 'E3', 'D3', 'C3', 'B2', 'A2', 'G#2', 'A2', 'E2', 'A2', 'C#3', 'D3', 'E3'] pred=['A4', 'A4', 'G4', 'F4', None, None, None, None, None, None, None, None, None] ❌  | doremi: gt=['re', 'mi', 're', 'do', 'si', 'la', 'sol#', 'la', 'mi', 'la', 'do#', 're', 'mi'] pred=[0, 2, 4, 5, 7, 9, 10, None, None, None, None, None, None] ❌
    [  37/100] bach_bwv4_8          x=4 bass     similar  | midi: gt=[50, 52, 50, 48, 47, 45, 44, 45, 40, 45, 49, 50, 52] pred=[57, 62, 69, 74, 80, 85, 89, 93, 97, 100, 103, 106, 108] ❌  | spn: gt=['D3', 'E3', 'D3', 'C3', 'B2', 'A2', 'G#2', 'A2', 'E2', 'A2', 'C#3', 'D3', 'E3'] pred=['A4', 'A4', 'G4', 'F4', None, None, None, None, None, None, None, None, None] ❌  | doremi: gt=['re', 'mi', 're', 'do', 'si', 'la', 'sol#', 'la', 'mi', 'la', 'do#', 're', 'mi'] pred=[0, 2, 4, 5, 7, 9, 10, None, None, None, None, None, None] ❌
    [  38/100] bach_bwv4_8          x=4 bass     similar  | midi: gt=[50, 52, 50, 48, 47, 45, 44, 45, 40, 45, 49, 50, 52] pred=[57, 62, 69, 74, 80, 85, 89, 93, 97, 100, 103, 106, 108] ❌  | spn: gt=['D3', 'E3', 'D3', 'C3', 'B2', 'A2', 'G#2', 'A2', 'E2', 'A2', 'C#3', 'D3', 'E3'] pred=['G4', 'F4', 'G4', 'A4', 'B4', 'C4', 'D4', 'E4', 'F4', 'G4', None, None, None] ❌  | doremi: gt=['re', 'mi', 're', 'do', 'si', 'la', 'sol#', 'la', 'mi', 'la', 'do#', 're', 'mi'] pred=[0, 2, 4, 5, 7, 9, 10, None, None, None, None, None, None] ❌
    [  39/100] bach_bwv4_8          x=4 bass     similar  | midi: gt=[50, 52, 50, 48, 47, 45, 44, 45, 40, 45, 49, 50, 52] pred=[56, 49, 58, 60, 57, 52, 53, 55, 57, 58, 60, 53, 58] ❌  | spn: gt=['D3', 'E3', 'D3', 'C3', 'B2', 'A2', 'G#2', 'A2', 'E2', 'A2', 'C#3', 'D3', 'E3'] pred=['G4', 'F4', 'G4', 'A4', 'B4', 'C4', 'D4', 'E4', 'F4', 'G4', None, None, None] ❌  | doremi: gt=['re', 'mi', 're', 'do', 'si', 'la', 'sol#', 'la', 'mi', 'la', 'do#', 're', 'mi'] pred=[0, 2, 4, 5, 7, 9, 10, None, None, None, None, None, None] ❌
    [  40/100] bach_bwv4_8          x=4 bass     similar  | midi: gt=[50, 52, 50, 48, 47, 45, 44, 45, 40, 45, 49, 50, 52] pred=[57, 62, 69, 74, 80, 85, 89, 93, 97, 100, 103, 106, 108] ❌  | spn: gt=['D3', 'E3', 'D3', 'C3', 'B2', 'A2', 'G#2', 'A2', 'E2', 'A2', 'C#3', 'D3', 'E3'] pred=['A4', 'A4', 'G4', 'F4', None, None, None, None, None, None, None, None, None] ❌  | doremi: gt=['re', 'mi', 're', 'do', 'si', 'la', 'sol#', 'la', 'mi', 'la', 'do#', 're', 'mi'] pred=[0, 2, 4, 5, 7, 9, 10, None, None, None, None, None, None] ❌
    [  41/100] bach_bwv57_8         x=1 soprano  similar  | midi: gt=[70, 70, 77, 74, 72, 70, 69, 70, 69, 67, 65, 70, 72, 74, 75, 72, 70, 77, 75, 74, 72, 70, 79] pred=[65, 70, 71, 74, 78, 79, 81, 82, 84, 85, 87, 89, 90, 92, 94, 95, 97, 98, 100, 101, 103, 105, 107] ❌  | spn: gt=['A#4', 'A#4', 'F5', 'D5', 'C5', 'A#4', 'A4', 'A#4', 'A4', 'G4', 'F4', 'A#4', 'C5', 'D5', 'D#5', 'C5', 'A#4', 'F5', 'D#5', 'D5', 'C5', 'A#4', 'G5'] pred=['C4', 'A#4', 'G4', 'F4', 'D4', 'C5', 'D5', 'E5', 'F5', 'G5', 'A5', 'B5', 'C6', None, None, None, None, None, None, None, None, None, None] ❌  | doremi: gt=['la#', 'la#', 'fa', 're', 'do', 'la#', 'la', 'la#', 'la', 'sol', 'fa', 'la#', 'do', 're', 're#', 'do', 'la#', 'fa', 're#', 're', 'do', 'la#', 'sol'] pred=[0, 0, 0, 0, 0, 0, 0, 0, 0, 0, 0, 0, 0, 0, 0, 0, 0, 0, 0, 0, 0, 0, 0] ❌
    [  42/100] bach_bwv57_8         x=1 soprano  mixed  | midi: gt=[70, 70, 77, 74, 72, 70, 69, 70, 69, 67, 65, 70, 72, 74, 75, 72, 70, 77, 75, 74, 72, 70, 79] pred=[65, 70, 74, 71, 78, 79, 77, 74, 72, 70, 68, 67, 65, 63, 62, 60, 58, 57, 55, 53, 51, 49, 47] ❌  | spn: gt=['A#4', 'A#4', 'F5', 'D5', 'C5', 'A#4', 'A4', 'A#4', 'A4', 'G4', 'F4', 'A#4', 'C5', 'D5', 'D#5', 'C5', 'A#4', 'F5', 'D#5', 'D5', 'C5', 'A#4', 'G5'] pred=['C4', 'A#4', 'G4', 'F4', 'D4', 'C5', 'D5', 'E5', 'F5', 'G5', 'A5', 'B5', 'C6', None, None, None, None, None, None, None, None, None, None] ❌  | doremi: gt=['la#', 'la#', 'fa', 're', 'do', 'la#', 'la', 'la#', 'la', 'sol', 'fa', 'la#', 'do', 're', 're#', 'do', 'la#', 'fa', 're#', 're', 'do', 'la#', 'sol'] pred=[0, 0, 0, 0, 0, 0, 0, 0, 0, 0, 0, 0, 0, 0, 0, 0, 0, 0, 0, 0, 0, 0, 0] ❌
    [  43/100] bach_bwv57_8         x=1 soprano  similar  | midi: gt=[70, 70, 77, 74, 72, 70, 69, 70, 69, 67, 65, 70, 72, 74, 75, 72, 70, 77, 75, 74, 72, 70, 79] pred=[65, 70, 74, 71, 78, 79, 77, 74, 72, 70, 68, 67, 65, 63, 62, 60, 58, 57, 55, 53, 51, 49, 47] ❌  | spn: gt=['A#4', 'A#4', 'F5', 'D5', 'C5', 'A#4', 'A4', 'A#4', 'A4', 'G4', 'F4', 'A#4', 'C5', 'D5', 'D#5', 'C5', 'A#4', 'F5', 'D#5', 'D5', 'C5', 'A#4', 'G5'] pred=['C4', 'A#4', 'G4', 'F4', 'D4', 'C5', 'D5', 'E5', 'F5', 'G5', 'A5', 'C6', None, None, None, None, None, None, None, None, None, None, None] ❌  | doremi: gt=['la#', 'la#', 'fa', 're', 'do', 'la#', 'la', 'la#', 'la', 'sol', 'fa', 'la#', 'do', 're', 're#', 'do', 'la#', 'fa', 're#', 're', 'do', 'la#', 'sol'] pred=[0, 0, 0, 0, 0, 0, 0, 0, 0, 0, 0, 0, 0, 0, 0, 0, 0, 0, 0, 0, 0, 0, 0] ❌
    [  44/100] bach_bwv57_8         x=1 soprano  similar  | midi: gt=[70, 70, 77, 74, 72, 70, 69, 70, 69, 67, 65, 70, 72, 74, 75, 72, 70, 77, 75, 74, 72, 70, 79] pred=[65, 70, 71, 74, 78, 79, 81, 82, 84, 85, 87, 89, 90, 92, 94, 95, 97, 99, 100, 102, 104, 105, 107] ❌  | spn: gt=['A#4', 'A#4', 'F5', 'D5', 'C5', 'A#4', 'A4', 'A#4', 'A4', 'G4', 'F4', 'A#4', 'C5', 'D5', 'D#5', 'C5', 'A#4', 'F5', 'D#5', 'D5', 'C5', 'A#4', 'G5'] pred=['C4', 'A#4', 'G4', 'F4', 'D4', 'C5', 'D5', 'E5', 'F5', 'G5', 'A5', 'B5', 'C6', None, None, None, None, None, None, None, None, None, None] ❌  | doremi: gt=['la#', 'la#', 'fa', 're', 'do', 'la#', 'la', 'la#', 'la', 'sol', 'fa', 'la#', 'do', 're', 're#', 'do', 'la#', 'fa', 're#', 're', 'do', 'la#', 'sol'] pred=[0, 0, 0, 0, 0, 0, 0, 0, 0, 0, 0, 0, 0, 0, 0, 0, 0, 0, 0, 0, 0, 0, 0] ❌
    [  45/100] bach_bwv57_8         x=1 soprano  similar  | midi: gt=[70, 70, 77, 74, 72, 70, 69, 70, 69, 67, 65, 70, 72, 74, 75, 72, 70, 77, 75, 74, 72, 70, 79] pred=[65, 70, 74, 71, 78, 79, 82, 81, 79, 77, 74, 72, 70, 68, 67, 65, 63, 62, 60, 58, 57, 55, 53] ❌  | spn: gt=['A#4', 'A#4', 'F5', 'D5', 'C5', 'A#4', 'A4', 'A#4', 'A4', 'G4', 'F4', 'A#4', 'C5', 'D5', 'D#5', 'C5', 'A#4', 'F5', 'D#5', 'D5', 'C5', 'A#4', 'G5'] pred=['C4', 'A#4', 'G4', 'F4', 'D4', 'C5', 'D5', 'E5', 'F5', 'G5', 'A5', 'B5', 'C6', None, None, None, None, None, None, None, None, None, None] ❌  | doremi: gt=['la#', 'la#', 'fa', 're', 'do', 'la#', 'la', 'la#', 'la', 'sol', 'fa', 'la#', 'do', 're', 're#', 'do', 'la#', 'fa', 're#', 're', 'do', 'la#', 'sol'] pred=[0, 0, 0, 0, 0, 0, 0, 0, 0, 0, 0, 0, 0, 0, 0, 0, 0, 0, 0, 0, 0, 0, 0] ❌
    [  46/100] bach_bwv57_8         x=2 alto     similar  | midi: gt=[60, 65, 67, 69, 70, 72, 69, 65, 70, 69] pred=[65, 72, 74, 73, 70, 69, 70, 72, 74, 78] ❌  | spn: gt=['C4', 'F4', 'G4', 'A4', 'A#4', 'C5', 'A4', 'F4', 'A#4', 'A4'] pred=['C4', 'F4', 'G4', 'A3', 'A4', 'G4', None, None, None, None] ❌  | doremi: gt=['do', 'fa', 'sol', 'la', 'la#', 'do', 'la', 'fa', 'la#', 'la'] pred=[2, None, None, None, None, None, None, None, None, None] ❌
    [  47/100] bach_bwv57_8         x=2 alto     similar  | midi: gt=[60, 65, 67, 69, 70, 72, 69, 65, 70, 69] pred=[65, 72, 74, 73, 70, 69, 70, 72, 74, 78] ❌  | spn: gt=['C4', 'F4', 'G4', 'A4', 'A#4', 'C5', 'A4', 'F4', 'A#4', 'A4'] pred=['C4', 'F4', 'G4', 'A3', 'A4', 'G4', None, None, None, None] ❌  | doremi: gt=['do', 'fa', 'sol', 'la', 'la#', 'do', 'la', 'fa', 'la#', 'la'] pred=[4, None, None, None, None, None, None, None, None, None] ❌
    [  48/100] bach_bwv57_8         x=2 alto     similar  | midi: gt=[60, 65, 67, 69, 70, 72, 69, 65, 70, 69] pred=[62, 59, 64, 73, 68, 70, 75, 71, 76, 78] ❌  | spn: gt=['C4', 'F4', 'G4', 'A4', 'A#4', 'C5', 'A4', 'F4', 'A#4', 'A4'] pred=['C4', 'F4', 'G4', 'A3', 'A4', 'G4', None, None, None, None] ❌  | doremi: gt=['do', 'fa', 'sol', 'la', 'la#', 'do', 'la', 'fa', 'la#', 'la'] pred=[4, None, None, None, None, None, None, None, None, None] ❌
    [  49/100] bach_bwv57_8         x=2 alto     mixed  | midi: gt=[60, 65, 67, 69, 70, 72, 69, 65, 70, 69] pred=[62, 59, 64, 73, 68, 71, 76, 78, 73, 71] ❌  | spn: gt=['C4', 'F4', 'G4', 'A4', 'A#4', 'C5', 'A4', 'F4', 'A#4', 'A4'] pred=['C4', 'F4', 'G4', 'A3', 'A4', 'G4', None, None, None, None] ❌  | doremi: gt=['do', 'fa', 'sol', 'la', 'la#', 'do', 'la', 'fa', 'la#', 'la'] pred=[2, None, None, None, None, None, None, None, None, None] ❌
    [  50/100] bach_bwv57_8         x=2 alto     similar  | midi: gt=[60, 65, 67, 69, 70, 72, 69, 65, 70, 69] pred=[62, 59, 64, 73, 68, 71, 76, 78, 73, 71] ❌  | spn: gt=['C4', 'F4', 'G4', 'A4', 'A#4', 'C5', 'A4', 'F4', 'A#4', 'A4'] pred=['C4', 'F4', 'G4', 'A3', 'A4', 'G4', None, None, None, None] ❌  | doremi: gt=['do', 'fa', 'sol', 'la', 'la#', 'do', 'la', 'fa', 'la#', 'la'] pred=[2, None, None, None, None, None, None, None, None, None] ❌
    [  51/100] bach_bwv57_8         x=3 tenor    similar  | midi: gt=[57, 58, 51, 53, 65, 63, 62, 62, 63] pred=[65, 70, 72, 74, 71, 68, 63, 65, 67] ❌  | spn: gt=['A3', 'A#3', 'D#3', 'F3', 'F4', 'D#4', 'D4', 'D4', 'D#4'] pred=['G4', 'A3', 'G4', 'F4', None, None, None, None, None] ❌  | doremi: gt=['la', 'la#', 're#', 'fa', 'fa', 're#', 're', 're', 're#'] pred=[0, 2, 4, 5, 7, None, None, None, None] ❌
    [  52/100] bach_bwv57_8         x=3 tenor    similar  | midi: gt=[57, 58, 51, 53, 65, 63, 62, 62, 63] pred=[65, 70, 72, 74, 71, 68, 63, 65, 67] ❌  | spn: gt=['A3', 'A#3', 'D#3', 'F3', 'F4', 'D#4', 'D4', 'D4', 'D#4'] pred=['F4', 'G4', 'A3', 'F4', None, None, None, None, None] ❌  | doremi: gt=['la', 'la#', 're#', 'fa', 'fa', 're#', 're', 're', 're#'] pred=[0, 2, 4, 5, 7, None, None, None, None] ❌
    [  53/100] bach_bwv57_8         x=3 tenor    similar  | midi: gt=[57, 58, 51, 53, 65, 63, 62, 62, 63] pred=[65, 70, 72, 74, 71, 68, 63, 65, 67] ❌  | spn: gt=['A3', 'A#3', 'D#3', 'F3', 'F4', 'D#4', 'D4', 'D4', 'D#4'] pred=['F4', 'G4', 'A3', 'F4', 'G4', 'A3', None, None, None] ❌  | doremi: gt=['la', 'la#', 're#', 'fa', 'fa', 're#', 're', 're', 're#'] pred=[0, 2, 4, 5, 7, None, None, None, None] ❌
    [  54/100] bach_bwv57_8         x=3 tenor    similar  | midi: gt=[57, 58, 51, 53, 65, 63, 62, 62, 63] pred=[65, 70, 72, 74, 71, 68, 63, 65, 67] ❌  | spn: gt=['A3', 'A#3', 'D#3', 'F3', 'F4', 'D#4', 'D4', 'D4', 'D#4'] pred=['F4', 'G4', 'A3', 'F4', 'G4', 'A3', None, None, None] ❌  | doremi: gt=['la', 'la#', 're#', 'fa', 'fa', 're#', 're', 're', 're#'] pred=[0, 2, 4, 5, 7, None, None, None, None] ❌
    [  55/100] bach_bwv57_8         x=3 tenor    mixed  | midi: gt=[57, 58, 51, 53, 65, 63, 62, 62, 63] pred=[65, 70, 72, 74, 71, 68, 63, 65, 67] ❌  | spn: gt=['A3', 'A#3', 'D#3', 'F3', 'F4', 'D#4', 'D4', 'D4', 'D#4'] pred=['F4', 'G4', 'A3', 'F4', 'G4', 'A3', None, None, None] ❌  | doremi: gt=['la', 'la#', 're#', 'fa', 'fa', 're#', 're', 're', 're#'] pred=[0, 2, 4, 5, 7, None, None, None, None] ❌
    [  56/100] bach_bwv57_8         x=4 bass     similar  | midi: gt=[57, 55, 53, 48, 51, 50, 48, 46, 53, 46, 46, 48, 50, 51] pred=[56, 58, 60, 62, 63, 65, 67, 69, 70, 72, 74, 76, 77, 79] ❌  | spn: gt=['A3', 'G3', 'F3', 'C3', 'D#3', 'D3', 'C3', 'A#2', 'F3', 'A#2', 'A#2', 'C3', 'D3', 'D#3'] pred=['F3', 'G2', 'A2', 'F3', 'G2', 'A2', None, None, None, None, None, None, None, None] ❌  | doremi: gt=['la', 'sol', 'fa', 'do', 're#', 're', 'do', 'la#', 'fa', 'la#', 'la#', 'do', 're', 're#'] pred=[0, 2, 4, 5, 7, 9, 10, None, None, None, None, None, None, None] ❌
    [  57/100] bach_bwv57_8         x=4 bass     similar  | midi: gt=[57, 55, 53, 48, 51, 50, 48, 46, 53, 46, 46, 48, 50, 51] pred=[56, 58, 60, 62, 63, 65, 67, 69, 70, 72, 74, 76, 77, 79] ❌  | spn: gt=['A3', 'G3', 'F3', 'C3', 'D#3', 'D3', 'C3', 'A#2', 'F3', 'A#2', 'A#2', 'C3', 'D3', 'D#3'] pred=['F3', 'G2', 'A2', 'B2', 'F3', 'G2', 'A2', 'B2', None, None, None, None, None, None] ❌  | doremi: gt=['la', 'sol', 'fa', 'do', 're#', 're', 'do', 'la#', 'fa', 'la#', 'la#', 'do', 're', 're#'] pred=[0, 2, 4, 5, 7, 9, 10, None, None, None, None, None, None, None] ❌
    [  58/100] bach_bwv57_8         x=4 bass     mixed  | midi: gt=[57, 55, 53, 48, 51, 50, 48, 46, 53, 46, 46, 48, 50, 51] pred=[56, 58, 60, 62, 63, 65, 67, 69, 70, 72, 74, 76, 77, 79] ❌  | spn: gt=['A3', 'G3', 'F3', 'C3', 'D#3', 'D3', 'C3', 'A#2', 'F3', 'A#2', 'A#2', 'C3', 'D3', 'D#3'] pred=['F3', 'G2', 'A2', 'B2', 'F3', 'G2', 'A2', 'B2', None, None, None, None, None, None] ❌  | doremi: gt=['la', 'sol', 'fa', 'do', 're#', 're', 'do', 'la#', 'fa', 'la#', 'la#', 'do', 're', 're#'] pred=[0, 2, 4, 5, 7, 9, 10, None, None, None, None, None, None, None] ❌
    [  59/100] bach_bwv57_8         x=4 bass     similar  | midi: gt=[57, 55, 53, 48, 51, 50, 48, 46, 53, 46, 46, 48, 50, 51] pred=[56, 58, 60, 62, 63, 65, 67, 69, 70, 72, 74, 76, 77, 79] ❌  | spn: gt=['A3', 'G3', 'F3', 'C3', 'D#3', 'D3', 'C3', 'A#2', 'F3', 'A#2', 'A#2', 'C3', 'D3', 'D#3'] pred=['F3', 'G2', 'G#2', 'A#2', 'F3', 'G2', 'G#2', 'A#2', 'F3', 'G2', 'G#2', 'A#2', 'F3', 'G2'] ❌  | doremi: gt=['la', 'sol', 'fa', 'do', 're#', 're', 'do', 'la#', 'fa', 'la#', 'la#', 'do', 're', 're#'] pred=[0, 2, 4, 5, 7, 9, 10, None, None, None, None, None, None, None] ❌
    [  60/100] bach_bwv57_8         x=4 bass     similar  | midi: gt=[57, 55, 53, 48, 51, 50, 48, 46, 53, 46, 46, 48, 50, 51] pred=[56, 58, 60, 62, 63, 67, 69, 71, 73, 75, 77, 79, 81, 82] ❌  | spn: gt=['A3', 'G3', 'F3', 'C3', 'D#3', 'D3', 'C3', 'A#2', 'F3', 'A#2', 'A#2', 'C3', 'D3', 'D#3'] pred=['F3', 'G2', 'A2', 'B2', 'F3', 'G2', 'A2', 'B2', None, None, None, None, None, None] ❌  | doremi: gt=['la', 'sol', 'fa', 'do', 're#', 're', 'do', 'la#', 'fa', 'la#', 'la#', 'do', 're', 're#'] pred=[0, 2, 4, 5, 7, 9, 10, None, None, None, None, None, None, None] ❌
    [  61/100] bach_bwv66_6         x=1 soprano  similar  | midi: gt=[73, 71, 69, 71, 73, 76, 73, 71, 69, 73, 69, 71, 68, 66, 69, 71, 71, 66, 64, 69, 71, 73, 73, 69, 71, 73, 69, 68] pred=[63, 70, 75, 79, 81, 84, 86, 88, 90, 92, 94, 96, 98, 100, 102, 104, 106, 108, 110, 112, 114, 116, 118, 120, 122, 124, 126, None] ❌  | spn: gt=['C#5', 'B4', 'A4', 'B4', 'C#5', 'E5', 'C#5', 'B4', 'A4', 'C#5', 'A4', 'B4', 'G#4', 'F#4', 'A4', 'B4', 'B4', 'F#4', 'E4', 'A4', 'B4', 'C#5', 'C#5', 'A4', 'B4', 'C#5', 'A4', 'G#4'] pred=['C4', 'B3', 'A4', 'G4', 'F#4', 'E4', 'F#4', 'G4', 'A4', 'B3', 'C4', 'D4', 'E4', 'F#4', 'G4', 'A4', 'B3', 'C4', 'D4', 'E4', 'F#4', 'G4', 'A4', 'B3', 'C4', 'D4', 'E4', 'F#4'] ❌  | doremi: gt=['do#', 'si', 'la', 'si', 'do#', 'mi', 'do#', 'si', 'la', 'do#', 'la', 'si', 'sol#', 'fa#', 'la', 'si', 'si', 'fa#', 'mi', 'la', 'si', 'do#', 'do#', 'la', 'si', 'do#', 'la', 'sol#'] pred=[0, 2, 4, 5, 7, 9, 10, None, None, None, None, None, None, None, None, None, None, None, None, None, None, None, None, None, None, None, None, None] ❌
    [  62/100] bach_bwv66_6         x=1 soprano  similar  | midi: gt=[73, 71, 69, 71, 73, 76, 73, 71, 69, 73, 69, 71, 68, 66, 69, 71, 71, 66, 64, 69, 71, 73, 73, 69, 71, 73, 69, 68] pred=[63, 70, 75, 79, 81, 84, 86, 88, 90, 92, 94, 96, 98, 100, 102, 104, 106, 108, 110, 112, 114, 116, 118, 120, 122, 124, 126, None] ❌  | spn: gt=['C#5', 'B4', 'A4', 'B4', 'C#5', 'E5', 'C#5', 'B4', 'A4', 'C#5', 'A4', 'B4', 'G#4', 'F#4', 'A4', 'B4', 'B4', 'F#4', 'E4', 'A4', 'B4', 'C#5', 'C#5', 'A4', 'B4', 'C#5', 'A4', 'G#4'] pred=['C6', 'B4', 'A3', 'G4', 'F#4', 'E5', 'F#5', 'G5', 'A4', 'B4', 'C6', 'B4', 'A3', 'G4', 'F#4', 'E5', 'F#5', 'G5', 'A4', 'B4', 'C6', 'B4', 'A3', 'G4', 'F#4', 'E5', 'F#5', 'G5'] ❌  | doremi: gt=['do#', 'si', 'la', 'si', 'do#', 'mi', 'do#', 'si', 'la', 'do#', 'la', 'si', 'sol#', 'fa#', 'la', 'si', 'si', 'fa#', 'mi', 'la', 'si', 'do#', 'do#', 'la', 'si', 'do#', 'la', 'sol#'] pred=[0, 0, 0, 0, 0, 0, 0, 0, 0, 0, 0, 0, 0, 0, 0, 0, 0, 0, 0, 0, 0, 0, 0, 0, 0, 0, 0, 0] ❌
    [  63/100] bach_bwv66_6         x=1 soprano  similar  | midi: gt=[73, 71, 69, 71, 73, 76, 73, 71, 69, 73, 69, 71, 68, 66, 69, 71, 71, 66, 64, 69, 71, 73, 73, 69, 71, 73, 69, 68] pred=[63, 70, 75, 79, 81, 84, 86, 88, 90, 92, 94, 96, 98, 100, 102, 104, 106, 108, 110, 112, 114, 116, 118, 120, 122, 124, 126, None] ❌  | spn: gt=['C#5', 'B4', 'A4', 'B4', 'C#5', 'E5', 'C#5', 'B4', 'A4', 'C#5', 'A4', 'B4', 'G#4', 'F#4', 'A4', 'B4', 'B4', 'F#4', 'E4', 'A4', 'B4', 'C#5', 'C#5', 'A4', 'B4', 'C#5', 'A4', 'G#4'] pred=['C4', 'B3', 'A#3', 'G#3', 'F#3', 'E4', 'F#4', 'G#4', 'A#4', 'B4', 'F#5', 'G#5', 'A#5', 'B5', 'C6', None, None, None, None, None, None, None, None, None, None, None, None, None] ❌  | doremi: gt=['do#', 'si', 'la', 'si', 'do#', 'mi', 'do#', 'si', 'la', 'do#', 'la', 'si', 'sol#', 'fa#', 'la', 'si', 'si', 'fa#', 'mi', 'la', 'si', 'do#', 'do#', 'la', 'si', 'do#', 'la', 'sol#'] pred=[0, 0, 0, 0, 0, 0, 0, 0, 0, 0, 0, 0, 0, 0, 0, 0, 0, 0, 0, 0, 0, 0, 0, 0, 0, 0, 0, 0] ❌
    [  64/100] bach_bwv66_6         x=1 soprano  similar  | midi: gt=[73, 71, 69, 71, 73, 76, 73, 71, 69, 73, 69, 71, 68, 66, 69, 71, 71, 66, 64, 69, 71, 73, 73, 69, 71, 73, 69, 68] pred=[63, 70, 75, 79, 81, 84, 86, 88, 90, 92, 94, 96, 98, 100, 102, 104, 106, 108, 110, 112, 114, 116, 118, 120, 122, 124, 126, None] ❌  | spn: gt=['C#5', 'B4', 'A4', 'B4', 'C#5', 'E5', 'C#5', 'B4', 'A4', 'C#5', 'A4', 'B4', 'G#4', 'F#4', 'A4', 'B4', 'B4', 'F#4', 'E4', 'A4', 'B4', 'C#5', 'C#5', 'A4', 'B4', 'C#5', 'A4', 'G#4'] pred=['C4', 'B3', 'A#3', 'G#3', 'F#3', 'E4', 'F#4', 'G#4', 'A#4', 'B4', 'F#5', 'G#5', 'A#5', 'B5', 'C6', None, None, None, None, None, None, None, None, None, None, None, None, None] ❌  | doremi: gt=['do#', 'si', 'la', 'si', 'do#', 'mi', 'do#', 'si', 'la', 'do#', 'la', 'si', 'sol#', 'fa#', 'la', 'si', 'si', 'fa#', 'mi', 'la', 'si', 'do#', 'do#', 'la', 'si', 'do#', 'la', 'sol#'] pred=[0, 2, 4, 5, 7, 9, 10, None, None, None, None, None, None, None, None, None, None, None, None, None, None, None, None, None, None, None, None, None] ❌
    [  65/100] bach_bwv66_6         x=1 soprano  similar  | midi: gt=[73, 71, 69, 71, 73, 76, 73, 71, 69, 73, 69, 71, 68, 66, 69, 71, 71, 66, 64, 69, 71, 73, 73, 69, 71, 73, 69, 68] pred=[69, 71, 73, 74, 75, 70, 72, 74, 76, 78, 76, 75, 73, 71, 69, 71, 73, 74, 73, 71, 69, 71, 73, 74, 73, 71, 69, 71] ❌  | spn: gt=['C#5', 'B4', 'A4', 'B4', 'C#5', 'E5', 'C#5', 'B4', 'A4', 'C#5', 'A4', 'B4', 'G#4', 'F#4', 'A4', 'B4', 'B4', 'F#4', 'E4', 'A4', 'B4', 'C#5', 'C#5', 'A4', 'B4', 'C#5', 'A4', 'G#4'] pred=['C4', 'B3', 'A4', 'G4', 'F#4', 'E4', 'F#4', 'G4', 'A4', 'B3', 'C4', 'D4', 'E4', 'F#4', 'G4', 'A4', 'B3', 'C4', 'D4', 'E4', 'F#4', 'G4', 'A4', 'B3', 'C4', 'D4', 'E4', 'F#4'] ❌  | doremi: gt=['do#', 'si', 'la', 'si', 'do#', 'mi', 'do#', 'si', 'la', 'do#', 'la', 'si', 'sol#', 'fa#', 'la', 'si', 'si', 'fa#', 'mi', 'la', 'si', 'do#', 'do#', 'la', 'si', 'do#', 'la', 'sol#'] pred=[0, 2, 4, 5, 7, 9, 10, None, None, None, None, None, None, None, None, None, None, None, None, None, None, None, None, None, None, None, None, None] ❌
    [  66/100] bach_bwv66_6         x=2 alto     similar  | midi: gt=[64, 66, 64, 64, 64, 64, 69, 68, 64, 68, 66, 68, 65, 61, 66, 66, 64, 63, 61, 61, 66, 64, 64, 69, 66, 66, 68, 66, 66, 65] pred=[62, 59, 64, 71, 68, 73, 76, 78, 76, 73, 71, 68, 64, 62, 59, 64, 71, 68, 73, 76, 78, 76, 73, 71, 68, 64, 62, 59, 64, 71] ❌  | spn: gt=['E4', 'F#4', 'E4', 'E4', 'E4', 'E4', 'A4', 'G#4', 'E4', 'G#4', 'F#4', 'G#4', 'F4', 'C#4', 'F#4', 'F#4', 'E4', 'D#4', 'C#4', 'C#4', 'F#4', 'E4', 'E4', 'A4', 'F#4', 'F#4', 'G#4', 'F#4', 'F#4', 'F4'] pred=['C4', 'A4', 'G4', 'F#4', 'E4', 'D4', 'C#4', 'B4', 'A4', 'G4', 'F#4', 'E4', 'D4', 'C#4', 'B4', 'A4', 'G4', 'F#4', 'E4', 'D4', 'C#4', 'B4', 'A4', 'G4', 'F#4', 'E4', 'D4', 'C#4', 'B4', 'A4'] ❌  | doremi: gt=['mi', 'fa#', 'mi', 'mi', 'mi', 'mi', 'la', 'sol#', 'mi', 'sol#', 'fa#', 'sol#', 'fa', 'do#', 'fa#', 'fa#', 'mi', 're#', 'do#', 'do#', 'fa#', 'mi', 'mi', 'la', 'fa#', 'fa#', 'sol#', 'fa#', 'fa#', 'fa'] pred=[None, None, None, None, None, None, None, None, None, None, None, None, None, None, None, None, None, None, None, None, None, None, None, None, None, None, None, None, None, None] ❌
    [  67/100] bach_bwv66_6         x=2 alto     similar  | midi: gt=[64, 66, 64, 64, 64, 64, 69, 68, 64, 68, 66, 68, 65, 61, 66, 66, 64, 63, 61, 61, 66, 64, 64, 69, 66, 66, 68, 66, 66, 65] pred=[57, 62, 69, 74, 81, 86, 93, 100, 107, 114, 121, None, None, None, None, None, None, None, None, None, None, None, None, None, None, None, None, None, None, None] ❌  | spn: gt=['E4', 'F#4', 'E4', 'E4', 'E4', 'E4', 'A4', 'G#4', 'E4', 'G#4', 'F#4', 'G#4', 'F4', 'C#4', 'F#4', 'F#4', 'E4', 'D#4', 'C#4', 'C#4', 'F#4', 'E4', 'E4', 'A4', 'F#4', 'F#4', 'G#4', 'F#4', 'F#4', 'F4'] pred=['C4', 'A4', 'G4', 'F#4', 'D4', 'C#4', 'B4', 'A#4', 'G#4', 'F4', 'E4', 'D#4', 'C#4', None, None, None, None, None, None, None, None, None, None, None, None, None, None, None, None, None] ❌  | doremi: gt=['mi', 'fa#', 'mi', 'mi', 'mi', 'mi', 'la', 'sol#', 'mi', 'sol#', 'fa#', 'sol#', 'fa', 'do#', 'fa#', 'fa#', 'mi', 're#', 'do#', 'do#', 'fa#', 'mi', 'mi', 'la', 'fa#', 'fa#', 'sol#', 'fa#', 'fa#', 'fa'] pred=[2, None, None, None, None, None, None, None, None, None, None, None, None, None, None, None, None, None, None, None, None, None, None, None, None, None, None, None, None, None] ❌
    [  68/100] bach_bwv66_6         x=2 alto     similar  | midi: gt=[64, 66, 64, 64, 64, 64, 69, 68, 64, 68, 66, 68, 65, 61, 66, 66, 64, 63, 61, 61, 66, 64, 64, 69, 66, 66, 68, 66, 66, 65] pred=[61, 58, 54, 59, 62, 67, 66, 64, 62, 61, 59, 57, 56, 54, 52, 54, 56, 57, 59, 61, 62, 64, 66, 67, 69, 71, 73, 74, 73, 71] ❌  | spn: gt=['E4', 'F#4', 'E4', 'E4', 'E4', 'E4', 'A4', 'G#4', 'E4', 'G#4', 'F#4', 'G#4', 'F4', 'C#4', 'F#4', 'F#4', 'E4', 'D#4', 'C#4', 'C#4', 'F#4', 'E4', 'E4', 'A4', 'F#4', 'F#4', 'G#4', 'F#4', 'F#4', 'F4'] pred=['C4', 'A4', 'G4', 'F#4', 'E4', 'D4', 'C#4', 'B4', 'A#4', 'G#4', 'F4', 'D#4', 'C#4', None, None, None, None, None, None, None, None, None, None, None, None, None, None, None, None, None] ❌  | doremi: gt=['mi', 'fa#', 'mi', 'mi', 'mi', 'mi', 'la', 'sol#', 'mi', 'sol#', 'fa#', 'sol#', 'fa', 'do#', 'fa#', 'fa#', 'mi', 're#', 'do#', 'do#', 'fa#', 'mi', 'mi', 'la', 'fa#', 'fa#', 'sol#', 'fa#', 'fa#', 'fa'] pred=[2, None, None, None, None, None, None, None, None, None, None, None, None, None, None, None, None, None, None, None, None, None, None, None, None, None, None, None, None, None] ❌
    [  69/100] bach_bwv66_6         x=2 alto     similar  | midi: gt=[64, 66, 64, 64, 64, 64, 69, 68, 64, 68, 66, 68, 65, 61, 66, 66, 64, 63, 61, 61, 66, 64, 64, 69, 66, 66, 68, 66, 66, 65] pred=[62, 59, 58, 57, 54, 51, 52, 54, 56, 58, 60, 61, 63, 65, 67, 69, 71, 73, 75, 77, 79, 81, 83, 85, 87, 89, 91, 93, 95, 97] ❌  | spn: gt=['E4', 'F#4', 'E4', 'E4', 'E4', 'E4', 'A4', 'G#4', 'E4', 'G#4', 'F#4', 'G#4', 'F4', 'C#4', 'F#4', 'F#4', 'E4', 'D#4', 'C#4', 'C#4', 'F#4', 'E4', 'E4', 'A4', 'F#4', 'F#4', 'G#4', 'F#4', 'F#4', 'F4'] pred=['C4', 'A4', 'G4', 'F#4', 'E4', 'D4', 'C#4', 'B4', 'A#4', 'G#4', 'F4', 'E4', 'D#4', 'C#4', 'B3', 'A4', None, None, None, None, None, None, None, None, None, None, None, None, None, None] ❌  | doremi: gt=['mi', 'fa#', 'mi', 'mi', 'mi', 'mi', 'la', 'sol#', 'mi', 'sol#', 'fa#', 'sol#', 'fa', 'do#', 'fa#', 'fa#', 'mi', 're#', 'do#', 'do#', 'fa#', 'mi', 'mi', 'la', 'fa#', 'fa#', 'sol#', 'fa#', 'fa#', 'fa'] pred=[2, None, None, None, None, None, None, None, None, None, None, None, None, None, None, None, None, None, None, None, None, None, None, None, None, None, None, None, None, None] ❌
    [  70/100] bach_bwv66_6         x=2 alto     similar  | midi: gt=[64, 66, 64, 64, 64, 64, 69, 68, 64, 68, 66, 68, 65, 61, 66, 66, 64, 63, 61, 61, 66, 64, 64, 69, 66, 66, 68, 66, 66, 65] pred=[61, 58, 54, 59, 62, 67, 64, 69, 71, 76, 78, 74, 79, 81, 83, 84, 86, 88, 91, 93, 95, 98, 100, 102, 104, 106, 108, 110, 112, 114] ❌  | spn: gt=['E4', 'F#4', 'E4', 'E4', 'E4', 'E4', 'A4', 'G#4', 'E4', 'G#4', 'F#4', 'G#4', 'F4', 'C#4', 'F#4', 'F#4', 'E4', 'D#4', 'C#4', 'C#4', 'F#4', 'E4', 'E4', 'A4', 'F#4', 'F#4', 'G#4', 'F#4', 'F#4', 'F4'] pred=['C4', 'A4', 'G4', 'F#4', 'E4', 'D4', 'C#4', 'B4', 'A#4', 'G#4', 'F4', 'D#4', 'C#4', None, None, None, None, None, None, None, None, None, None, None, None, None, None, None, None, None] ❌  | doremi: gt=['mi', 'fa#', 'mi', 'mi', 'mi', 'mi', 'la', 'sol#', 'mi', 'sol#', 'fa#', 'sol#', 'fa', 'do#', 'fa#', 'fa#', 'mi', 're#', 'do#', 'do#', 'fa#', 'mi', 'mi', 'la', 'fa#', 'fa#', 'sol#', 'fa#', 'fa#', 'fa'] pred=[2, None, None, None, None, None, None, None, None, None, None, None, None, None, None, None, None, None, None, None, None, None, None, None, None, None, None, None, None, None] ❌
    [  71/100] bach_bwv66_6         x=3 tenor    similar  | midi: gt=[64, 64, 62, 61, 61, 61, 62, 61, 59, 57, 61, 59, 59] pred=[56, 49, 58, 60, 62, 67, 69, 71, 73, 74, 76, 78, 80] ❌  | spn: gt=['E4', 'E4', 'D4', 'C#4', 'C#4', 'C#4', 'D4', 'C#4', 'B3', 'A3', 'C#4', 'B3', 'B3'] pred=['F#4', 'G4', 'A4', 'B4', 'F#4', 'G4', 'A4', 'B4', None, None, None, None, None] ❌  | doremi: gt=['mi', 'mi', 're', 'do#', 'do#', 'do#', 're', 'do#', 'si', 'la', 'do#', 'si', 'si'] pred=[0, 2, 4, 5, 7, 9, 10, None, None, None, None, None, None] ❌
    [  72/100] bach_bwv66_6         x=3 tenor    similar  | midi: gt=[64, 64, 62, 61, 61, 61, 62, 61, 59, 57, 61, 59, 59] pred=[62, 59, 58, 57, 54, 50, 57, 59, 61, 62, 64, 66, 68] ❌  | spn: gt=['E4', 'E4', 'D4', 'C#4', 'C#4', 'C#4', 'D4', 'C#4', 'B3', 'A3', 'C#4', 'B3', 'B3'] pred=['F4', 'G4', 'A4', 'F4', 'G4', 'A4', None, None, None, None, None, None, None] ❌  | doremi: gt=['mi', 'mi', 're', 'do#', 'do#', 'do#', 're', 'do#', 'si', 'la', 'do#', 'si', 'si'] pred=[0, 2, 4, 5, 7, 9, 10, None, None, None, None, None, None] ❌
    [  73/100] bach_bwv66_6         x=3 tenor    mixed  | midi: gt=[64, 64, 62, 61, 61, 61, 62, 61, 59, 57, 61, 59, 59] pred=[62, 59, 58, 57, 54, 50, 57, 59, 61, 62, 64, 66, 68] ❌  | spn: gt=['E4', 'E4', 'D4', 'C#4', 'C#4', 'C#4', 'D4', 'C#4', 'B3', 'A3', 'C#4', 'B3', 'B3'] pred=['C4', 'F4', 'G4', 'A4', 'B4', 'C5', 'D5', 'E5', None, None, None, None, None] ❌  | doremi: gt=['mi', 'mi', 're', 'do#', 'do#', 'do#', 're', 'do#', 'si', 'la', 'do#', 'si', 'si'] pred=[0, 2, 4, 5, 7, 9, 10, None, None, None, None, None, None] ❌
    [  74/100] bach_bwv66_6         x=3 tenor    similar  | midi: gt=[64, 64, 62, 61, 61, 61, 62, 61, 59, 57, 61, 59, 59] pred=[62, 59, 58, 57, 54, 50, 57, 59, 61, 62, 64, 66, 67] ❌  | spn: gt=['E4', 'E4', 'D4', 'C#4', 'C#4', 'C#4', 'D4', 'C#4', 'B3', 'A3', 'C#4', 'B3', 'B3'] pred=['C4', 'A4', 'G4', 'F#4', 'D4', 'C#4', 'B4', 'A#4', None, None, None, None, None] ❌  | doremi: gt=['mi', 'mi', 're', 'do#', 'do#', 'do#', 're', 'do#', 'si', 'la', 'do#', 'si', 'si'] pred=[0, 2, 4, 5, 7, 9, 10, None, None, None, None, None, None] ❌
    [  75/100] bach_bwv66_6         x=3 tenor    similar  | midi: gt=[64, 64, 62, 61, 61, 61, 62, 61, 59, 57, 61, 59, 59] pred=[62, 59, 58, 57, 54, 50, 57, 59, 61, 62, 64, 66, 68] ❌  | spn: gt=['E4', 'E4', 'D4', 'C#4', 'C#4', 'C#4', 'D4', 'C#4', 'B3', 'A3', 'C#4', 'B3', 'B3'] pred=['F#4', 'G4', 'A4', 'B4', 'F#4', 'G4', 'A4', 'B4', None, None, None, None, None] ❌  | doremi: gt=['mi', 'mi', 're', 'do#', 'do#', 'do#', 're', 'do#', 'si', 'la', 'do#', 'si', 'si'] pred=[4, 5, 7, 9, 11, 0, 2, 4, 5, 7, 9, 11, 0] ❌
    [  76/100] bach_bwv66_6         x=4 bass     similar  | midi: gt=[59, 53, 54, 47, 49, 50, 49, 46, 47, 49, 50, 47, 54] pred=[57, 62, 64, 69, 70, 73, 78, 80, 82, 84, 86, 88, 90] ❌  | spn: gt=['B3', 'F3', 'F#3', 'B2', 'C#3', 'D3', 'C#3', 'A#2', 'B2', 'C#3', 'D3', 'B2', 'F#3'] pred=['F4', 'F#4', 'G4', 'A4', 'B4', 'C#4', 'C#5', None, None, None, None, None, None] ❌  | doremi: gt=['si', 'fa', 'fa#', 'si', 'do#', 're', 'do#', 'la#', 'si', 'do#', 're', 'si', 'fa#'] pred=[0, 2, 4, 5, 7, 9, 11, 0, 2, 4, 5, 7, None] ❌
    [  77/100] bach_bwv66_6         x=4 bass     similar  | midi: gt=[59, 53, 54, 47, 49, 50, 49, 46, 47, 49, 50, 47, 54] pred=[57, 62, 69, 74, 80, 85, 89, 93, 97, 100, 103, 106, 108] ❌  | spn: gt=['B3', 'F3', 'F#3', 'B2', 'C#3', 'D3', 'C#3', 'A#2', 'B2', 'C#3', 'D3', 'B2', 'F#3'] pred=['F4', 'F#4', 'G4', 'A4', 'B4', 'C#4', 'C5', None, None, None, None, None, None] ❌  | doremi: gt=['si', 'fa', 'fa#', 'si', 'do#', 're', 'do#', 'la#', 'si', 'do#', 're', 'si', 'fa#'] pred=[0, 2, 4, 5, 7, 9, 11, 0, 2, 4, 5, 7, None] ❌
    [  78/100] bach_bwv66_6         x=4 bass     similar  | midi: gt=[59, 53, 54, 47, 49, 50, 49, 46, 47, 49, 50, 47, 54] pred=[57, 62, 64, 69, 70, 73, 78, 80, 82, 84, 86, 88, 90] ❌  | spn: gt=['B3', 'F3', 'F#3', 'B2', 'C#3', 'D3', 'C#3', 'A#2', 'B2', 'C#3', 'D3', 'B2', 'F#3'] pred=['F4', 'F#4', 'G4', 'A4', 'B4', 'C#5', 'D#5', 'E5', 'F#6', None, None, None, None] ❌  | doremi: gt=['si', 'fa', 'fa#', 'si', 'do#', 're', 'do#', 'la#', 'si', 'do#', 're', 'si', 'fa#'] pred=[9, 7, 5, 4, 2, 0, 11, 9, 7, 5, 4, 2, 0] ❌
    [  79/100] bach_bwv66_6         x=4 bass     similar  | midi: gt=[59, 53, 54, 47, 49, 50, 49, 46, 47, 49, 50, 47, 54] pred=[57, 62, 64, 69, 70, 73, 78, 80, 82, 84, 86, 88, 90] ❌  | spn: gt=['B3', 'F3', 'F#3', 'B2', 'C#3', 'D3', 'C#3', 'A#2', 'B2', 'C#3', 'D3', 'B2', 'F#3'] pred=['F4', 'F#4', 'G4', 'A4', 'B4', 'C#4', 'C#5', 'D#5', None, None, None, None, None] ❌  | doremi: gt=['si', 'fa', 'fa#', 'si', 'do#', 're', 'do#', 'la#', 'si', 'do#', 're', 'si', 'fa#'] pred=[7, 2, 9, 11, 0, 2, 4, 7, 6, 9, 11, 1, 3] ❌
    [  80/100] bach_bwv66_6         x=4 bass     mixed  | midi: gt=[59, 53, 54, 47, 49, 50, 49, 46, 47, 49, 50, 47, 54] pred=[57, 62, 64, 69, 70, 73, 78, 80, 82, 84, 86, 88, 90] ❌  | spn: gt=['B3', 'F3', 'F#3', 'B2', 'C#3', 'D3', 'C#3', 'A#2', 'B2', 'C#3', 'D3', 'B2', 'F#3'] pred=['F4', 'F#4', 'G4', 'A4', 'B4', 'C#5', 'D#5', 'E5', 'F#6', None, None, None, None] ❌  | doremi: gt=['si', 'fa', 'fa#', 'si', 'do#', 're', 'do#', 'la#', 'si', 'do#', 're', 'si', 'fa#'] pred=[7, 2, 9, 11, 0, 2, 4, 7, 6, 9, 11, 1, 3] ❌
    [  81/100] bach_bwv7_7          x=1 soprano  similar  | midi: gt=[64, 66, 67, 69, 71, 69, 74, 73, 71, 69, 74, 73, 71, 69, 67, 66, 64, 64, 66, 67, 69, 71, 69, 74, 73, 71, 69, 74, 73, 71, 69, 67] pred=[64, 71, 70, 69, 71, 78, 75, 74, 73, 71, 69, 68, 69, 71, 76, 75, 73, 71, 69, 68, 69, 71, 76, 75, 73, 71, 69, 68, 69, 71, 76, 75] ❌  | spn: gt=['E4', 'F#4', 'G4', 'A4', 'B4', 'A4', 'D5', 'C#5', 'B4', 'A4', 'D5', 'C#5', 'B4', 'A4', 'G4', 'F#4', 'E4', 'E4', 'F#4', 'G4', 'A4', 'B4', 'A4', 'D5', 'C#5', 'B4', 'A4', 'D5', 'C#5', 'B4', 'A4', 'G4'] pred=['C4', 'A4', 'G4', 'F#4', 'E4', 'D4', 'C4', 'B4', 'A4', 'G4', 'F#4', 'E4', 'D4', 'C4', 'A4', 'G4', 'F#4', 'E4', 'D4', 'C4', None, None, None, None, None, None, None, None, None, None, None, None] ❌  | doremi: gt=['mi', 'fa#', 'sol', 'la', 'si', 'la', 're', 'do#', 'si', 'la', 're', 'do#', 'si', 'la', 'sol', 'fa#', 'mi', 'mi', 'fa#', 'sol', 'la', 'si', 'la', 're', 'do#', 'si', 'la', 're', 'do#', 'si', 'la', 'sol'] pred=[0, 0, 0, 0, 0, 0, 0, 0, 0, 0, 0, 0, 0, 0, 0, 0, 0, 0, 0, 0, 0, 0, 0, 0, 0, 0, 0, 0, 0, 0, 0, 0] ❌
    [  82/100] bach_bwv7_7          x=1 soprano  similar  | midi: gt=[64, 66, 67, 69, 71, 69, 74, 73, 71, 69, 74, 73, 71, 69, 67, 66, 64, 64, 66, 67, 69, 71, 69, 74, 73, 71, 69, 74, 73, 71, 69, 67] pred=[68, 70, 71, 74, 75, 79, 81, 82, 84, 86, 88, 90, 92, 94, 96, 98, 100, 102, 104, 106, 108, 110, 112, 114, 116, 118, 120, 122, 124, 126, None, None] ❌  | spn: gt=['E4', 'F#4', 'G4', 'A4', 'B4', 'A4', 'D5', 'C#5', 'B4', 'A4', 'D5', 'C#5', 'B4', 'A4', 'G4', 'F#4', 'E4', 'E4', 'F#4', 'G4', 'A4', 'B4', 'A4', 'D5', 'C#5', 'B4', 'A4', 'D5', 'C#5', 'B4', 'A4', 'G4'] pred=['C4', 'A4', 'G4', 'F#4', 'E4', 'D4', 'C4', 'A4', 'G4', 'F#4', 'E4', 'D4', 'C4', 'A4', 'G4', 'F#4', 'E4', 'D4', 'C4', None, None, None, None, None, None, None, None, None, None, None, None, None] ❌  | doremi: gt=['mi', 'fa#', 'sol', 'la', 'si', 'la', 're', 'do#', 'si', 'la', 're', 'do#', 'si', 'la', 'sol', 'fa#', 'mi', 'mi', 'fa#', 'sol', 'la', 'si', 'la', 're', 'do#', 'si', 'la', 're', 'do#', 'si', 'la', 'sol'] pred=[0, 0, 0, 0, 0, 0, 0, 0, 0, 0, 0, 0, 0, 0, 0, 0, 0, 0, 0, 0, 0, 0, 0, 0, 0, 0, 0, 0, 0, 0, 0, 0] ❌
    [  83/100] bach_bwv7_7          x=1 soprano  mixed  | midi: gt=[64, 66, 67, 69, 71, 69, 74, 73, 71, 69, 74, 73, 71, 69, 67, 66, 64, 64, 66, 67, 69, 71, 69, 74, 73, 71, 69, 74, 73, 71, 69, 67] pred=[68, 70, 71, 74, 75, 79, 81, 82, 84, 86, 88, 90, 92, 94, 96, 98, 100, 101, 103, 105, 107, 109, 111, 113, 115, 117, 119, 121, 123, 125, 127, None] ❌  | spn: gt=['E4', 'F#4', 'G4', 'A4', 'B4', 'A4', 'D5', 'C#5', 'B4', 'A4', 'D5', 'C#5', 'B4', 'A4', 'G4', 'F#4', 'E4', 'E4', 'F#4', 'G4', 'A4', 'B4', 'A4', 'D5', 'C#5', 'B4', 'A4', 'D5', 'C#5', 'B4', 'A4', 'G4'] pred=['C4', 'A4', 'G4', 'F#4', 'E4', 'D4', 'C4', 'B4', 'A4', 'G4', 'F#4', 'E4', 'D4', 'C4', 'A4', 'G4', 'F#4', 'E4', 'D4', 'C4', None, None, None, None, None, None, None, None, None, None, None, None] ❌  | doremi: gt=['mi', 'fa#', 'sol', 'la', 'si', 'la', 're', 'do#', 'si', 'la', 're', 'do#', 'si', 'la', 'sol', 'fa#', 'mi', 'mi', 'fa#', 'sol', 'la', 'si', 'la', 're', 'do#', 'si', 'la', 're', 'do#', 'si', 'la', 'sol'] pred=[0, 0, 0, 0, 0, 0, 0, 0, 0, 0, 0, 0, 0, 0, 0, 0, 0, 0, 0, 0, 0, 0, 0, 0, 0, 0, 0, 0, 0, 0, 0, 0] ❌
    [  84/100] bach_bwv7_7          x=1 soprano  similar  | midi: gt=[64, 66, 67, 69, 71, 69, 74, 73, 71, 69, 74, 73, 71, 69, 67, 66, 64, 64, 66, 67, 69, 71, 69, 74, 73, 71, 69, 74, 73, 71, 69, 67] pred=[68, 70, 71, 74, 75, 79, 81, 82, 84, 86, 88, 90, 92, 94, 96, 98, 100, 102, 104, 106, 108, 110, 112, 114, 116, 118, 120, 122, 124, 126, None, None] ❌  | spn: gt=['E4', 'F#4', 'G4', 'A4', 'B4', 'A4', 'D5', 'C#5', 'B4', 'A4', 'D5', 'C#5', 'B4', 'A4', 'G4', 'F#4', 'E4', 'E4', 'F#4', 'G4', 'A4', 'B4', 'A4', 'D5', 'C#5', 'B4', 'A4', 'D5', 'C#5', 'B4', 'A4', 'G4'] pred=['C4', 'A4', 'G4', 'F#4', 'E4', 'D4', 'C4', 'B4', 'A4', 'G4', 'F#4', 'E4', 'D4', 'C4', 'A4', 'G4', 'F#4', 'E4', 'D4', 'C4', None, None, None, None, None, None, None, None, None, None, None, None] ❌  | doremi: gt=['mi', 'fa#', 'sol', 'la', 'si', 'la', 're', 'do#', 'si', 'la', 're', 'do#', 'si', 'la', 'sol', 'fa#', 'mi', 'mi', 'fa#', 'sol', 'la', 'si', 'la', 're', 'do#', 'si', 'la', 're', 'do#', 'si', 'la', 'sol'] pred=[0, 0, 0, 0, 0, 0, 0, 0, 0, 0, 0, 0, 0, 0, 0, 0, 0, 0, 0, 0, 0, 0, 0, 0, 0, 0, 0, 0, 0, 0, 0, 0] ❌
    [  85/100] bach_bwv7_7          x=1 soprano  similar  | midi: gt=[64, 66, 67, 69, 71, 69, 74, 73, 71, 69, 74, 73, 71, 69, 67, 66, 64, 64, 66, 67, 69, 71, 69, 74, 73, 71, 69, 74, 73, 71, 69, 67] pred=[68, 70, 71, 74, 75, 79, 81, 82, 84, 86, 88, 90, 92, 94, 96, 98, 100, 101, 103, 105, 107, 109, 111, 113, 115, 117, 119, 121, 123, 125, 127, None] ❌  | spn: gt=['E4', 'F#4', 'G4', 'A4', 'B4', 'A4', 'D5', 'C#5', 'B4', 'A4', 'D5', 'C#5', 'B4', 'A4', 'G4', 'F#4', 'E4', 'E4', 'F#4', 'G4', 'A4', 'B4', 'A4', 'D5', 'C#5', 'B4', 'A4', 'D5', 'C#5', 'B4', 'A4', 'G4'] pred=['C4', 'A4', 'G4', 'F#4', 'E4', 'D4', 'C4', 'A4', 'G4', 'F#4', 'E4', 'D4', 'C4', 'A4', 'G4', 'F#4', 'E4', 'D4', 'C4', None, None, None, None, None, None, None, None, None, None, None, None, None] ❌  | doremi: gt=['mi', 'fa#', 'sol', 'la', 'si', 'la', 're', 'do#', 'si', 'la', 're', 'do#', 'si', 'la', 'sol', 'fa#', 'mi', 'mi', 'fa#', 'sol', 'la', 'si', 'la', 're', 'do#', 'si', 'la', 're', 'do#', 'si', 'la', 'sol'] pred=[0, 0, 0, 0, 0, 0, 0, 0, 0, 0, 0, 0, 0, 0, 0, 0, 0, 0, 0, 0, 0, 0, 0, 0, 0, 0, 0, 0, 0, 0, 0, 0] ❌
    [  86/100] bach_bwv7_7          x=2 alto     similar  | midi: gt=[64, 63, 59, 59, 64, 62, 64, 61, 62, 62, 61, 61, 63, 64, 64, 66, 67, 66, 71, 69, 67, 66, 64, 62, 66, 66, 64, 62, 64, 66, 66, 64, 63, 59, 64, 64, 66] pred=[62, 59, 58, 54, 50, 51, 52, 54, 56, 58, 60, 62, 64, 66, 67, 69, 71, 73, 74, 76, 78, 80, 82, 81, 79, 78, 76, 74, 73, 71, 69, 67, 66, 64, 62, 60, 58] ❌  | spn: gt=['E4', 'D#4', 'B3', 'B3', 'E4', 'D4', 'E4', 'C#4', 'D4', 'D4', 'C#4', 'C#4', 'D#4', 'E4', 'E4', 'F#4', 'G4', 'F#4', 'B4', 'A4', 'G4', 'F#4', 'E4', 'D4', 'F#4', 'F#4', 'E4', 'D4', 'E4', 'F#4', 'F#4', 'E4', 'D#4', 'B3', 'E4', 'E4', 'F#4'] pred=['G4', 'A4', 'B4', 'G4', 'F#4', 'E4', 'D4', 'C4', 'F#4', 'E4', 'D4', 'C4', 'F#4', 'E4', 'D4', 'C4', 'F#4', 'E4', 'D4', 'C4', 'F#4', 'E4', 'D4', 'C4', 'F#4', 'E4', 'D4', 'C4', 'F#4', 'E4', 'D4', 'C4', None, None, None, None, None] ❌  | doremi: gt=['mi', 're#', 'si', 'si', 'mi', 're', 'mi', 'do#', 're', 're', 'do#', 'do#', 're#', 'mi', 'mi', 'fa#', 'sol', 'fa#', 'si', 'la', 'sol', 'fa#', 'mi', 're', 'fa#', 'fa#', 'mi', 're', 'mi', 'fa#', 'fa#', 'mi', 're#', 'si', 'mi', 'mi', 'fa#'] pred=[2, None, None, None, None, None, None, None, None, None, None, None, None, None, None, None, None, None, None, None, None, None, None, None, None, None, None, None, None, None, None, None, None, None, None, None, None] ❌
    [  87/100] bach_bwv7_7          x=2 alto     similar  | midi: gt=[64, 63, 59, 59, 64, 62, 64, 61, 62, 62, 61, 61, 63, 64, 64, 66, 67, 66, 71, 69, 67, 66, 64, 62, 66, 66, 64, 62, 64, 66, 66, 64, 63, 59, 64, 64, 66] pred=[62, 59, 61, 64, 60, 62, 64, 68, 64, 69, 68, 64, 62, 61, 62, 64, 69, 68, 64, 62, 61, 62, 64, 69, 68, 64, 62, 61, 62, 64, 69, 68, 64, 62, 61, 62, 64] ❌  | spn: gt=['E4', 'D#4', 'B3', 'B3', 'E4', 'D4', 'E4', 'C#4', 'D4', 'D4', 'C#4', 'C#4', 'D#4', 'E4', 'E4', 'F#4', 'G4', 'F#4', 'B4', 'A4', 'G4', 'F#4', 'E4', 'D4', 'F#4', 'F#4', 'E4', 'D4', 'E4', 'F#4', 'F#4', 'E4', 'D#4', 'B3', 'E4', 'E4', 'F#4'] pred=['C4', 'A4', 'G4', 'F#4', 'E4', 'D4', 'C4', 'A4', 'G4', 'F#4', 'E4', 'D4', 'C4', 'A4', 'G4', 'F#4', 'E4', 'D4', 'C4', 'A4', 'G4', 'F#4', 'E4', 'D4', 'C4', 'A4', 'G4', 'F#4', 'E4', 'D4', 'C4', 'A4', 'G4', 'F#4', 'E4', 'D4', 'C4'] ❌  | doremi: gt=['mi', 're#', 'si', 'si', 'mi', 're', 'mi', 'do#', 're', 're', 'do#', 'do#', 're#', 'mi', 'mi', 'fa#', 'sol', 'fa#', 'si', 'la', 'sol', 'fa#', 'mi', 're', 'fa#', 'fa#', 'mi', 're', 'mi', 'fa#', 'fa#', 'mi', 're#', 'si', 'mi', 'mi', 'fa#'] pred=[2, None, None, None, None, None, None, None, None, None, None, None, None, None, None, None, None, None, None, None, None, None, None, None, None, None, None, None, None, None, None, None, None, None, None, None, None] ❌
    [  88/100] bach_bwv7_7          x=2 alto     similar  | midi: gt=[64, 63, 59, 59, 64, 62, 64, 61, 62, 62, 61, 61, 63, 64, 64, 66, 67, 66, 71, 69, 67, 66, 64, 62, 66, 66, 64, 62, 64, 66, 66, 64, 63, 59, 64, 64, 66] pred=[62, 59, 58, 54, 50, 51, 52, 54, 56, 57, 59, 61, 62, 61, 59, 57, 56, 54, 52, 51, 52, 54, 56, 57, 59, 61, 62, 61, 59, 57, 56, 54, 52, 51, 52, 54, 56] ❌  | spn: gt=['E4', 'D#4', 'B3', 'B3', 'E4', 'D4', 'E4', 'C#4', 'D4', 'D4', 'C#4', 'C#4', 'D#4', 'E4', 'E4', 'F#4', 'G4', 'F#4', 'B4', 'A4', 'G4', 'F#4', 'E4', 'D4', 'F#4', 'F#4', 'E4', 'D4', 'E4', 'F#4', 'F#4', 'E4', 'D#4', 'B3', 'E4', 'E4', 'F#4'] pred=['G4', 'A4', 'B4', 'G4', 'F#4', 'E4', 'D4', 'C4', 'D4', 'E4', 'F#4', 'G4', 'A4', 'B4', 'G4', 'F#4', 'E4', 'D4', 'C4', 'D4', 'E4', 'F#4', 'G4', 'A4', 'B4', 'G4', 'F#4', 'E4', 'D4', 'C4', 'D4', 'E4', 'F#4', None, None, None, None] ❌  | doremi: gt=['mi', 're#', 'si', 'si', 'mi', 're', 'mi', 'do#', 're', 're', 'do#', 'do#', 're#', 'mi', 'mi', 'fa#', 'sol', 'fa#', 'si', 'la', 'sol', 'fa#', 'mi', 're', 'fa#', 'fa#', 'mi', 're', 'mi', 'fa#', 'fa#', 'mi', 're#', 'si', 'mi', 'mi', 'fa#'] pred=[2, None, None, None, None, None, None, None, None, None, None, None, None, None, None, None, None, None, None, None, None, None, None, None, None, None, None, None, None, None, None, None, None, None, None, None, None] ❌
    [  89/100] bach_bwv7_7          x=2 alto     similar  | midi: gt=[64, 63, 59, 59, 64, 62, 64, 61, 62, 62, 61, 61, 63, 64, 64, 66, 67, 66, 71, 69, 67, 66, 64, 62, 66, 66, 64, 62, 64, 66, 66, 64, 63, 59, 64, 64, 66] pred=[62, 59, 61, 64, 60, 62, 64, 68, 64, 69, 68, 64, 62, 61, 60, 61, 62, 64, 66, 64, 62, 61, 60, 61, 62, 64, 66, 64, 62, 61, 60, 61, 62, 64, 66, 64, 62] ❌  | spn: gt=['E4', 'D#4', 'B3', 'B3', 'E4', 'D4', 'E4', 'C#4', 'D4', 'D4', 'C#4', 'C#4', 'D#4', 'E4', 'E4', 'F#4', 'G4', 'F#4', 'B4', 'A4', 'G4', 'F#4', 'E4', 'D4', 'F#4', 'F#4', 'E4', 'D4', 'E4', 'F#4', 'F#4', 'E4', 'D#4', 'B3', 'E4', 'E4', 'F#4'] pred=['C4', 'A4', 'G4', 'F#4', 'E4', 'D4', 'C#4', 'B4', 'A#4', 'G#4', 'F#4', 'E4', 'D4', 'C#4', 'B4', 'A#4', 'G#4', 'F#4', 'E4', 'D4', 'C#4', 'B4', 'A#4', 'G#4', 'F#4', 'E4', 'D4', 'C#4', 'B4', 'A#4', 'G#4', 'F#4', 'E4', 'D4', 'C#4', 'B4', 'A#4'] ❌  | doremi: gt=['mi', 're#', 'si', 'si', 'mi', 're', 'mi', 'do#', 're', 're', 'do#', 'do#', 're#', 'mi', 'mi', 'fa#', 'sol', 'fa#', 'si', 'la', 'sol', 'fa#', 'mi', 're', 'fa#', 'fa#', 'mi', 're', 'mi', 'fa#', 'fa#', 'mi', 're#', 'si', 'mi', 'mi', 'fa#'] pred=[2, None, None, None, None, None, None, None, None, None, None, None, None, None, None, None, None, None, None, None, None, None, None, None, None, None, None, None, None, None, None, None, None, None, None, None, None] ❌
    [  90/100] bach_bwv7_7          x=2 alto     similar  | midi: gt=[64, 63, 59, 59, 64, 62, 64, 61, 62, 62, 61, 61, 63, 64, 64, 66, 67, 66, 71, 69, 67, 66, 64, 62, 66, 66, 64, 62, 64, 66, 66, 64, 63, 59, 64, 64, 66] pred=[62, 59, 58, 54, 50, 51, 52, 54, 56, 58, 60, 62, 64, 66, 67, 69, 71, 73, 74, 76, 78, 80, 82, 81, 79, 77, 76, 74, 73, 71, 69, 67, 66, 64, 62, 60, 58] ❌  | spn: gt=['E4', 'D#4', 'B3', 'B3', 'E4', 'D4', 'E4', 'C#4', 'D4', 'D4', 'C#4', 'C#4', 'D#4', 'E4', 'E4', 'F#4', 'G4', 'F#4', 'B4', 'A4', 'G4', 'F#4', 'E4', 'D4', 'F#4', 'F#4', 'E4', 'D4', 'E4', 'F#4', 'F#4', 'E4', 'D#4', 'B3', 'E4', 'E4', 'F#4'] pred=['G4', 'A4', 'B4', 'G4', 'F#4', 'E4', 'D4', 'C4', 'D4', 'E4', 'F#4', 'G4', 'A4', 'B4', 'G4', 'F#4', 'E4', 'D4', 'C4', 'D4', 'E4', 'F#4', 'G4', 'A4', 'B4', 'G4', 'F#4', 'E4', 'D4', 'C4', 'D4', 'E4', 'F#4', None, None, None, None] ❌  | doremi: gt=['mi', 're#', 'si', 'si', 'mi', 're', 'mi', 'do#', 're', 're', 'do#', 'do#', 're#', 'mi', 'mi', 'fa#', 'sol', 'fa#', 'si', 'la', 'sol', 'fa#', 'mi', 're', 'fa#', 'fa#', 'mi', 're', 'mi', 'fa#', 'fa#', 'mi', 're#', 'si', 'mi', 'mi', 'fa#'] pred=[2, None, None, None, None, None, None, None, None, None, None, None, None, None, None, None, None, None, None, None, None, None, None, None, None, None, None, None, None, None, None, None, None, None, None, None, None] ❌
    [  91/100] bach_bwv7_7          x=3 tenor    similar  | midi: gt=[59, 57, 55, 55, 57, 59, 62, 62, 62, 64, 66, 62, 67, 66, 62, 61] pred=[57, 62, 69, 74, 80, 83, 86, 89, 92, 94, 96, 97, 98, 100, 102, 103] ❌  | spn: gt=['B3', 'A3', 'G3', 'G3', 'A3', 'B3', 'D4', 'D4', 'D4', 'E4', 'F#4', 'D4', 'G4', 'F#4', 'D4', 'C#4'] pred=['G4', 'A3', 'B2', 'G4', 'F#3', 'G4', 'A3', 'B2', 'G4', 'F#3', 'G4', 'A3', 'B2', 'G4', 'F#3', 'G4'] ❌  | doremi: gt=['si', 'la', 'sol', 'sol', 'la', 'si', 're', 're', 're', 'mi', 'fa#', 're', 'sol', 'fa#', 're', 'do#'] pred=[0, 0, 0, 0, 0, 0, 0, 0, 0, 0, 0, 0, 0, 0, 0, 0] ❌
    [  92/100] bach_bwv7_7          x=3 tenor    similar  | midi: gt=[59, 57, 55, 55, 57, 59, 62, 62, 62, 64, 66, 62, 67, 66, 62, 61] pred=[57, 62, 69, 74, 80, 83, 86, 89, 92, 94, 96, 97, 98, 100, 102, 103] ❌  | spn: gt=['B3', 'A3', 'G3', 'G3', 'A3', 'B3', 'D4', 'D4', 'D4', 'E4', 'F#4', 'D4', 'G4', 'F#4', 'D4', 'C#4'] pred=['G4', 'A4', 'B4', 'G4', 'F#3', 'E4', None, None, None, None, None, None, None, None, None, None] ❌  | doremi: gt=['si', 'la', 'sol', 'sol', 'la', 'si', 're', 're', 're', 'mi', 'fa#', 're', 'sol', 'fa#', 're', 'do#'] pred=[0, 0, 0, 0, 0, 0, 0, 0, 0, 0, 0, 0, 0, 0, 0, 0] ❌
    [  93/100] bach_bwv7_7          x=3 tenor    similar  | midi: gt=[59, 57, 55, 55, 57, 59, 62, 62, 62, 64, 66, 62, 67, 66, 62, 61] pred=[57, 59, 60, 62, 64, 65, 67, 68, 73, 74, 76, 78, 80, 81, 83, 85] ❌  | spn: gt=['B3', 'A3', 'G3', 'G3', 'A3', 'B3', 'D4', 'D4', 'D4', 'E4', 'F#4', 'D4', 'G4', 'F#4', 'D4', 'C#4'] pred=['G4', 'A4', 'B3', 'G4', 'F#4', 'G4', 'A4', 'B3', 'G4', 'F#4', 'G4', 'A4', 'B3', 'G4', 'F#4', 'G4'] ❌  | doremi: gt=['si', 'la', 'sol', 'sol', 'la', 'si', 're', 're', 're', 'mi', 'fa#', 're', 'sol', 'fa#', 're', 'do#'] pred=[0, 0, 0, 0, 0, 0, 0, 0, 0, 0, 0, 0, 0, 0, 0, 0] ❌
    [  94/100] bach_bwv7_7          x=3 tenor    similar  | midi: gt=[59, 57, 55, 55, 57, 59, 62, 62, 62, 64, 66, 62, 67, 66, 62, 61] pred=[57, 59, 60, 62, 64, 66, 68, 70, 73, 75, 77, 79, 81, 83, 85, 87] ❌  | spn: gt=['B3', 'A3', 'G3', 'G3', 'A3', 'B3', 'D4', 'D4', 'D4', 'E4', 'F#4', 'D4', 'G4', 'F#4', 'D4', 'C#4'] pred=['G4', 'A3', 'B2', 'G4', 'F#3', 'G4', 'A3', 'B2', 'G4', 'F#3', 'G4', 'A3', 'B2', 'G4', 'F#3', 'G4'] ❌  | doremi: gt=['si', 'la', 'sol', 'sol', 'la', 'si', 're', 're', 're', 'mi', 'fa#', 're', 'sol', 'fa#', 're', 'do#'] pred=[0, 0, 0, 0, 0, 0, 0, 0, 0, 0, 0, 0, 0, 0, 0, 0] ❌
    [  95/100] bach_bwv7_7          x=3 tenor    similar  | midi: gt=[59, 57, 55, 55, 57, 59, 62, 62, 62, 64, 66, 62, 67, 66, 62, 61] pred=[57, 59, 60, 62, 64, 65, 67, 68, 73, 74, 76, 78, 80, 81, 83, 85] ❌  | spn: gt=['B3', 'A3', 'G3', 'G3', 'A3', 'B3', 'D4', 'D4', 'D4', 'E4', 'F#4', 'D4', 'G4', 'F#4', 'D4', 'C#4'] pred=['B4', 'B3', 'A2', 'G2', 'F#2', 'F#3', 'G3', 'A3', 'B3', 'C3', 'D3', 'E3', 'F3', 'G3', 'F3', 'E3'] ❌  | doremi: gt=['si', 'la', 'sol', 'sol', 'la', 'si', 're', 're', 're', 'mi', 'fa#', 're', 'sol', 'fa#', 're', 'do#'] pred=[0, 2, 4, 5, 0, 2, 4, 5, 0, 2, 4, 5, 0, 2, 4, 5] ❌
    [  96/100] bach_bwv7_7          x=4 bass     similar  | midi: gt=[52, 54, 55, 54, 52, 51, 52, 47, 52, 50, 48, 47, 45, 43, 45, 47, 48, 45, 47, 52, 52, 57, 55, 54, 52, 50, 52, 54, 55, 52, 54, 47] pred=[56, 49, 58, 61, 57, 50, 53, 58, 61, 57, 50, 53, 58, 61, 57, 50, 53, 58, 61, 57, 50, 53, 58, 61, 57, 50, 53, 58, 61, 57, 50, 53] ❌  | spn: gt=['E3', 'F#3', 'G3', 'F#3', 'E3', 'D#3', 'E3', 'B2', 'E3', 'D3', 'C3', 'B2', 'A2', 'G2', 'A2', 'B2', 'C3', 'A2', 'B2', 'E3', 'E3', 'A3', 'G3', 'F#3', 'E3', 'D3', 'E3', 'F#3', 'G3', 'E3', 'F#3', 'B2'] pred=['E4', 'F4', 'G4', 'A4', 'B4', 'C5', 'D5', 'E5', 'F5', 'G5', 'A5', 'B5', 'C6', 'D6', 'E6', 'F6', 'G6', 'A6', 'B6', 'C7', 'D7', 'E7', 'F7', 'G7', 'A7', 'B7', 'C8', None, None, None, None, None] ❌  | doremi: gt=['mi', 'fa#', 'sol', 'fa#', 'mi', 're#', 'mi', 'si', 'mi', 're', 'do', 'si', 'la', 'sol', 'la', 'si', 'do', 'la', 'si', 'mi', 'mi', 'la', 'sol', 'fa#', 'mi', 're', 'mi', 'fa#', 'sol', 'mi', 'fa#', 'si'] pred=[None, None, None, None, None, None, None, None, None, None, None, None, None, None, None, None, None, None, None, None, None, None, None, None, None, None, None, None, None, None, None, None] ❌
    [  97/100] bach_bwv7_7          x=4 bass     similar  | midi: gt=[52, 54, 55, 54, 52, 51, 52, 47, 52, 50, 48, 47, 45, 43, 45, 47, 48, 45, 47, 52, 52, 57, 55, 54, 52, 50, 52, 54, 55, 52, 54, 47] pred=[56, 49, 58, 61, 57, 50, 53, 58, 61, 57, 50, 53, 58, 61, 57, 50, 53, 58, 61, 57, 50, 53, 58, 61, 57, 50, 53, 58, 61, 57, 50, 53] ❌  | spn: gt=['E3', 'F#3', 'G3', 'F#3', 'E3', 'D#3', 'E3', 'B2', 'E3', 'D3', 'C3', 'B2', 'A2', 'G2', 'A2', 'B2', 'C3', 'A2', 'B2', 'E3', 'E3', 'A3', 'G3', 'F#3', 'E3', 'D3', 'E3', 'F#3', 'G3', 'E3', 'F#3', 'B2'] pred=['B4', 'B3', 'A#3', 'G#3', 'F#3', 'F#2', 'D#1', 'D#0', 'C#0', 'C#1', 'C#2', 'C#3', 'C#4', 'C#5', 'C#6', 'C#7', 'C#8', 'C#9', None, None, None, None, None, None, None, None, None, None, None, None, None, None] ❌  | doremi: gt=['mi', 'fa#', 'sol', 'fa#', 'mi', 're#', 'mi', 'si', 'mi', 're', 'do', 'si', 'la', 'sol', 'la', 'si', 'do', 'la', 'si', 'mi', 'mi', 'la', 'sol', 'fa#', 'mi', 're', 'mi', 'fa#', 'sol', 'mi', 'fa#', 'si'] pred=[None, None, None, None, None, None, None, None, None, None, None, None, None, None, None, None, None, None, None, None, None, None, None, None, None, None, None, None, None, None, None, None] ❌
    [  98/100] bach_bwv7_7          x=4 bass     similar  | midi: gt=[52, 54, 55, 54, 52, 51, 52, 47, 52, 50, 48, 47, 45, 43, 45, 47, 48, 45, 47, 52, 52, 57, 55, 54, 52, 50, 52, 54, 55, 52, 54, 47] pred=[56, 49, 58, 61, 57, 50, 53, 58, 61, 57, 50, 53, 58, 61, 57, 50, 53, 58, 61, 57, 50, 53, 58, 61, 57, 50, 53, 58, 61, 57, 50, 53] ❌  | spn: gt=['E3', 'F#3', 'G3', 'F#3', 'E3', 'D#3', 'E3', 'B2', 'E3', 'D3', 'C3', 'B2', 'A2', 'G2', 'A2', 'B2', 'C3', 'A2', 'B2', 'E3', 'E3', 'A3', 'G3', 'F#3', 'E3', 'D3', 'E3', 'F#3', 'G3', 'E3', 'F#3', 'B2'] pred=['B4', 'A4', 'G4', 'F#4', 'B4', 'A4', 'G4', 'F#4', 'B4', 'A4', 'G4', 'F#4', 'B4', 'A4', 'G4', 'F#4', 'B4', 'A4', 'G4', 'F#4', None, None, None, None, None, None, None, None, None, None, None, None] ❌  | doremi: gt=['mi', 'fa#', 'sol', 'fa#', 'mi', 're#', 'mi', 'si', 'mi', 're', 'do', 'si', 'la', 'sol', 'la', 'si', 'do', 'la', 'si', 'mi', 'mi', 'la', 'sol', 'fa#', 'mi', 're', 'mi', 'fa#', 'sol', 'mi', 'fa#', 'si'] pred=[None, None, None, None, None, None, None, None, None, None, None, None, None, None, None, None, None, None, None, None, None, None, None, None, None, None, None, None, None, None, None, None] ❌
    [  99/100] bach_bwv7_7          x=4 bass     similar  | midi: gt=[52, 54, 55, 54, 52, 51, 52, 47, 52, 50, 48, 47, 45, 43, 45, 47, 48, 45, 47, 52, 52, 57, 55, 54, 52, 50, 52, 54, 55, 52, 54, 47] pred=[56, 49, 58, 61, 57, 50, 53, 58, 61, 57, 50, 53, 58, 61, 57, 50, 53, 58, 61, 57, 50, 53, 58, 61, 57, 50, 53, 58, 61, 57, 50, 53] ❌  | spn: gt=['E3', 'F#3', 'G3', 'F#3', 'E3', 'D#3', 'E3', 'B2', 'E3', 'D3', 'C3', 'B2', 'A2', 'G2', 'A2', 'B2', 'C3', 'A2', 'B2', 'E3', 'E3', 'A3', 'G3', 'F#3', 'E3', 'D3', 'E3', 'F#3', 'G3', 'E3', 'F#3', 'B2'] pred=['B4', 'B3', 'A4', 'G4', 'F#4', 'F#3', 'E4', 'E3', 'D4', 'D3', 'C4', 'C3', 'B4', 'B3', 'A4', 'G4', 'F#4', 'F#3', 'E4', 'E3', 'D4', 'D3', 'C4', 'C3', 'B4', 'B3', 'A4', 'G4', 'F#4', 'F#3', 'E4', 'E3'] ❌  | doremi: gt=['mi', 'fa#', 'sol', 'fa#', 'mi', 're#', 'mi', 'si', 'mi', 're', 'do', 'si', 'la', 'sol', 'la', 'si', 'do', 'la', 'si', 'mi', 'mi', 'la', 'sol', 'fa#', 'mi', 're', 'mi', 'fa#', 'sol', 'mi', 'fa#', 'si'] pred=[None, None, None, None, None, None, None, None, None, None, None, None, None, None, None, None, None, None, None, None, None, None, None, None, None, None, None, None, None, None, None, None] ❌
    [ 100/100] bach_bwv7_7          x=4 bass     similar  | midi: gt=[52, 54, 55, 54, 52, 51, 52, 47, 52, 50, 48, 47, 45, 43, 45, 47, 48, 45, 47, 52, 52, 57, 55, 54, 52, 50, 52, 54, 55, 52, 54, 47] pred=[56, 49, 58, 61, 57, 50, 53, 58, 61, 57, 50, 53, 58, 61, 57, 50, 53, 58, 61, 57, 50, 53, 58, 61, 57, 50, 53, 58, 61, 57, 50, 53] ❌  | spn: gt=['E3', 'F#3', 'G3', 'F#3', 'E3', 'D#3', 'E3', 'B2', 'E3', 'D3', 'C3', 'B2', 'A2', 'G2', 'A2', 'B2', 'C3', 'A2', 'B2', 'E3', 'E3', 'A3', 'G3', 'F#3', 'E3', 'D3', 'E3', 'F#3', 'G3', 'E3', 'F#3', 'B2'] pred=['B4', 'B3', 'A4', 'G4', 'F#4', 'F#3', 'E4', 'E3', 'D4', 'D3', 'C#4', 'C#3', 'B4', 'B3', 'A4', 'G4', 'F#4', 'F#3', 'E4', 'E3', 'D4', 'D3', 'C#4', 'C#3', 'B4', 'B3', 'A4', 'G4', 'F#4', 'F#3', 'E4', 'E3'] ❌  | doremi: gt=['mi', 'fa#', 'sol', 'fa#', 'mi', 're#', 'mi', 'si', 'mi', 're', 'do', 'si', 'la', 'sol', 'la', 'si', 'do', 'la', 'si', 'mi', 'mi', 'la', 'sol', 'fa#', 'mi', 're', 'mi', 'fa#', 'sol', 'mi', 'fa#', 'si'] pred=[None, None, None, None, None, None, None, None, None, None, None, None, None, None, None, None, None, None, None, None, None, None, None, None, None, None, None, None, None, None, None, None] ❌

============================================================
SUMMARY — audio_flamingo_next_instruct
  Sampling     : 100 of 340 (stratified by '(chorale_slug, x)', seed=42)
  Stimuli (total)     : 100
  Stimuli (condition) : 100  (all records)

          Metric   Accuracy
  ───────────────────────────
        MIDI_SEQ       0.0%
         SPN_SEQ       0.0%
      DOREMI_SEQ       0.0%
          HZ_SEQ       0.0%
         ANY_SEQ       0.0%

  (Headline = full-sequence exact match for each format. Per-position diagnostics live in <format>_per_pos in the records CSV.)

  *** WARNING: working tree has uncommitted changes — results will NOT be exactly reproducible from git_commit alone ***


[ERROR] Experiment pitchbench_f2_chorale_voice_id failed with error:
[Errno 2] No such file or directory: 'results/run_20260505_112814/pitchbench_f2_chorale_voice_id/run_001_20260505_123541/results_audio_flamingo_next_instruct.json'

