duration_ms,background,snr_db,source,source_type,midi_gt,midi_pred,midi_correct,midi_within_1,midi_pc_correct,midi_octave_correct,spn_gt,spn_pred,spn_correct,spn_pc_correct,spn_octave_correct,doremi_gt,doremi_pred,doremi_correct,hz_correct,any_correct,raw_midi,raw_spn,raw_doremi,raw_hz,audio_url,audio_file,prompt_midi,prompt_spn,prompt_doremi,prompt_hz
5000,white_noise,-6.0,sine,waveform,29,67,0,0,0,0,F1,C4,0,0,0,fa,la#,0,0,0,67,C4,la#,440,/home/hsnu2/PitchBench/data/analysis_audio/pitchbench_e2_background/F1_sine_5000ms_bg_white_noise_snr-6db.wav,F1_sine_5000ms_bg_white_noise_snr-6db.wav,"This audio contains a single sustained musical note mixed with a background sound. Identify the PITCH of the note, ignoring the background. What is the MIDI note number (an integer from 0 to 127)? Reply with ONLY the integer. Nothing else. Output only the answer.","This audio contains a single sustained musical note mixed with a background sound. Identify the PITCH of the note, ignoring the background. What is the note name and octave? Reply with ONLY the note name in Scientific Pitch Notation (e.g. C4, F#3, Bb5). Nothing else. Output only the answer.","This audio contains a single sustained musical note mixed with a background sound. Identify the PITCH of the note, ignoring the background. What is the solfege syllable and accidental (if needed) of this pitch? Use fixed-do (do=C, re=D, mi=E, fa=F, sol=G, la=A, si=B). Include sharps or flats when needed (e.g. do#, reb, fa#, sib). Do NOT include the octave. Reply with ONLY the syllable and accidental (if needed). Nothing else. Output only the answer.","This audio contains a single sustained musical note mixed with a background sound. Identify the PITCH of the note, ignoring the background. What is the main pitch frequency, expressed in Hertz? Reply with ONLY a number (the frequency in Hz). Nothing else. Output only the answer."
5000,church-bells,-6.0,sine,waveform,29,60,0,0,0,0,F1,F4,0,1,0,fa,la#,0,0,0,60,F4,la#,440,/home/hsnu2/PitchBench/data/analysis_audio/pitchbench_e2_background/F1_sine_5000ms_bg_church-bells_snr-6db.wav,F1_sine_5000ms_bg_church-bells_snr-6db.wav,"This audio contains a single sustained musical note mixed with a background sound. Identify the PITCH of the note, ignoring the background. What is the MIDI note number (an integer from 0 to 127)? Reply with ONLY the integer. Nothing else. Output only the answer.","This audio contains a single sustained musical note mixed with a background sound. Identify the PITCH of the note, ignoring the background. What is the note name and octave? Reply with ONLY the note name in Scientific Pitch Notation (e.g. C4, F#3, Bb5). Nothing else. Output only the answer.","This audio contains a single sustained musical note mixed with a background sound. Identify the PITCH of the note, ignoring the background. What is the solfege syllable and accidental (if needed) of this pitch? Use fixed-do (do=C, re=D, mi=E, fa=F, sol=G, la=A, si=B). Include sharps or flats when needed (e.g. do#, reb, fa#, sib). Do NOT include the octave. Reply with ONLY the syllable and accidental (if needed). Nothing else. Output only the answer.","This audio contains a single sustained musical note mixed with a background sound. Identify the PITCH of the note, ignoring the background. What is the main pitch frequency, expressed in Hertz? Reply with ONLY a number (the frequency in Hz). Nothing else. Output only the answer."
5000,crowd-noise,-6.0,sine,waveform,29,60,0,0,0,0,F1,G4,0,0,0,fa,la#,0,0,0,60,G4,la#,440,/home/hsnu2/PitchBench/data/analysis_audio/pitchbench_e2_background/F1_sine_5000ms_bg_crowd-noise_snr-6db.wav,F1_sine_5000ms_bg_crowd-noise_snr-6db.wav,"This audio contains a single sustained musical note mixed with a background sound. Identify the PITCH of the note, ignoring the background. What is the MIDI note number (an integer from 0 to 127)? Reply with ONLY the integer. Nothing else. Output only the answer.","This audio contains a single sustained musical note mixed with a background sound. Identify the PITCH of the note, ignoring the background. What is the note name and octave? Reply with ONLY the note name in Scientific Pitch Notation (e.g. C4, F#3, Bb5). Nothing else. Output only the answer.","This audio contains a single sustained musical note mixed with a background sound. Identify the PITCH of the note, ignoring the background. What is the solfege syllable and accidental (if needed) of this pitch? Use fixed-do (do=C, re=D, mi=E, fa=F, sol=G, la=A, si=B). Include sharps or flats when needed (e.g. do#, reb, fa#, sib). Do NOT include the octave. Reply with ONLY the syllable and accidental (if needed). Nothing else. Output only the answer.","This audio contains a single sustained musical note mixed with a background sound. Identify the PITCH of the note, ignoring the background. What is the main pitch frequency, expressed in Hertz? Reply with ONLY a number (the frequency in Hz). Nothing else. Output only the answer."
5000,rain,-6.0,sine,waveform,29,60,0,0,0,0,F1,C4,0,0,0,fa,la#,0,0,0,60,C4,sib,440,/home/hsnu2/PitchBench/data/analysis_audio/pitchbench_e2_background/F1_sine_5000ms_bg_rain_snr-6db.wav,F1_sine_5000ms_bg_rain_snr-6db.wav,"This audio contains a single sustained musical note mixed with a background sound. Identify the PITCH of the note, ignoring the background. What is the MIDI note number (an integer from 0 to 127)? Reply with ONLY the integer. Nothing else. Output only the answer.","This audio contains a single sustained musical note mixed with a background sound. Identify the PITCH of the note, ignoring the background. What is the note name and octave? Reply with ONLY the note name in Scientific Pitch Notation (e.g. C4, F#3, Bb5). Nothing else. Output only the answer.","This audio contains a single sustained musical note mixed with a background sound. Identify the PITCH of the note, ignoring the background. What is the solfege syllable and accidental (if needed) of this pitch? Use fixed-do (do=C, re=D, mi=E, fa=F, sol=G, la=A, si=B). Include sharps or flats when needed (e.g. do#, reb, fa#, sib). Do NOT include the octave. Reply with ONLY the syllable and accidental (if needed). Nothing else. Output only the answer.","This audio contains a single sustained musical note mixed with a background sound. Identify the PITCH of the note, ignoring the background. What is the main pitch frequency, expressed in Hertz? Reply with ONLY a number (the frequency in Hz). Nothing else. Output only the answer."
5000,street-noise,-6.0,sine,waveform,29,60,0,0,0,0,F1,D4,0,0,0,fa,la#,0,0,0,60,D4,sib,110,/home/hsnu2/PitchBench/data/analysis_audio/pitchbench_e2_background/F1_sine_5000ms_bg_street-noise_snr-6db.wav,F1_sine_5000ms_bg_street-noise_snr-6db.wav,"This audio contains a single sustained musical note mixed with a background sound. Identify the PITCH of the note, ignoring the background. What is the MIDI note number (an integer from 0 to 127)? Reply with ONLY the integer. Nothing else. Output only the answer.","This audio contains a single sustained musical note mixed with a background sound. Identify the PITCH of the note, ignoring the background. What is the note name and octave? Reply with ONLY the note name in Scientific Pitch Notation (e.g. C4, F#3, Bb5). Nothing else. Output only the answer.","This audio contains a single sustained musical note mixed with a background sound. Identify the PITCH of the note, ignoring the background. What is the solfege syllable and accidental (if needed) of this pitch? Use fixed-do (do=C, re=D, mi=E, fa=F, sol=G, la=A, si=B). Include sharps or flats when needed (e.g. do#, reb, fa#, sib). Do NOT include the octave. Reply with ONLY the syllable and accidental (if needed). Nothing else. Output only the answer.","This audio contains a single sustained musical note mixed with a background sound. Identify the PITCH of the note, ignoring the background. What is the main pitch frequency, expressed in Hertz? Reply with ONLY a number (the frequency in Hz). Nothing else. Output only the answer."
5000,oscillating-high-and-low-pitches,-6.0,sine,waveform,29,72,0,0,0,0,F1,C4,0,0,0,fa,la#,0,0,0,72,C4,la#,440,/home/hsnu2/PitchBench/data/analysis_audio/pitchbench_e2_background/F1_sine_5000ms_bg_oscillating-high-and-low-pitches_snr-6db.wav,F1_sine_5000ms_bg_oscillating-high-and-low-pitches_snr-6db.wav,"This audio contains a single sustained musical note mixed with a background sound. Identify the PITCH of the note, ignoring the background. What is the MIDI note number (an integer from 0 to 127)? Reply with ONLY the integer. Nothing else. Output only the answer.","This audio contains a single sustained musical note mixed with a background sound. Identify the PITCH of the note, ignoring the background. What is the note name and octave? Reply with ONLY the note name in Scientific Pitch Notation (e.g. C4, F#3, Bb5). Nothing else. Output only the answer.","This audio contains a single sustained musical note mixed with a background sound. Identify the PITCH of the note, ignoring the background. What is the solfege syllable and accidental (if needed) of this pitch? Use fixed-do (do=C, re=D, mi=E, fa=F, sol=G, la=A, si=B). Include sharps or flats when needed (e.g. do#, reb, fa#, sib). Do NOT include the octave. Reply with ONLY the syllable and accidental (if needed). Nothing else. Output only the answer.","This audio contains a single sustained musical note mixed with a background sound. Identify the PITCH of the note, ignoring the background. What is the main pitch frequency, expressed in Hertz? Reply with ONLY a number (the frequency in Hz). Nothing else. Output only the answer."
5000,white_noise,-6.0,sine,waveform,38,60,0,0,0,0,D2,G4,0,0,0,re,la#,0,0,0,60,G4,la#,440,/home/hsnu2/PitchBench/data/analysis_audio/pitchbench_e2_background/D2_sine_5000ms_bg_white_noise_snr-6db.wav,D2_sine_5000ms_bg_white_noise_snr-6db.wav,"This audio contains a single sustained musical note mixed with a background sound. Identify the PITCH of the note, ignoring the background. What is the MIDI note number (an integer from 0 to 127)? Reply with ONLY the integer. Nothing else. Output only the answer.","This audio contains a single sustained musical note mixed with a background sound. Identify the PITCH of the note, ignoring the background. What is the note name and octave? Reply with ONLY the note name in Scientific Pitch Notation (e.g. C4, F#3, Bb5). Nothing else. Output only the answer.","This audio contains a single sustained musical note mixed with a background sound. Identify the PITCH of the note, ignoring the background. What is the solfege syllable and accidental (if needed) of this pitch? Use fixed-do (do=C, re=D, mi=E, fa=F, sol=G, la=A, si=B). Include sharps or flats when needed (e.g. do#, reb, fa#, sib). Do NOT include the octave. Reply with ONLY the syllable and accidental (if needed). Nothing else. Output only the answer.","This audio contains a single sustained musical note mixed with a background sound. Identify the PITCH of the note, ignoring the background. What is the main pitch frequency, expressed in Hertz? Reply with ONLY a number (the frequency in Hz). Nothing else. Output only the answer."
5000,church-bells,-6.0,sine,waveform,38,67,0,0,0,0,D2,A4,0,0,0,re,la#,0,0,0,67,A4,la#,440,/home/hsnu2/PitchBench/data/analysis_audio/pitchbench_e2_background/D2_sine_5000ms_bg_church-bells_snr-6db.wav,D2_sine_5000ms_bg_church-bells_snr-6db.wav,"This audio contains a single sustained musical note mixed with a background sound. Identify the PITCH of the note, ignoring the background. What is the MIDI note number (an integer from 0 to 127)? Reply with ONLY the integer. Nothing else. Output only the answer.","This audio contains a single sustained musical note mixed with a background sound. Identify the PITCH of the note, ignoring the background. What is the note name and octave? Reply with ONLY the note name in Scientific Pitch Notation (e.g. C4, F#3, Bb5). Nothing else. Output only the answer.","This audio contains a single sustained musical note mixed with a background sound. Identify the PITCH of the note, ignoring the background. What is the solfege syllable and accidental (if needed) of this pitch? Use fixed-do (do=C, re=D, mi=E, fa=F, sol=G, la=A, si=B). Include sharps or flats when needed (e.g. do#, reb, fa#, sib). Do NOT include the octave. Reply with ONLY the syllable and accidental (if needed). Nothing else. Output only the answer.","This audio contains a single sustained musical note mixed with a background sound. Identify the PITCH of the note, ignoring the background. What is the main pitch frequency, expressed in Hertz? Reply with ONLY a number (the frequency in Hz). Nothing else. Output only the answer."
5000,crowd-noise,-6.0,sine,waveform,38,60,0,0,0,0,D2,D4,0,1,0,re,la#,0,0,0,60,D4,la#,1000,/home/hsnu2/PitchBench/data/analysis_audio/pitchbench_e2_background/D2_sine_5000ms_bg_crowd-noise_snr-6db.wav,D2_sine_5000ms_bg_crowd-noise_snr-6db.wav,"This audio contains a single sustained musical note mixed with a background sound. Identify the PITCH of the note, ignoring the background. What is the MIDI note number (an integer from 0 to 127)? Reply with ONLY the integer. Nothing else. Output only the answer.","This audio contains a single sustained musical note mixed with a background sound. Identify the PITCH of the note, ignoring the background. What is the note name and octave? Reply with ONLY the note name in Scientific Pitch Notation (e.g. C4, F#3, Bb5). Nothing else. Output only the answer.","This audio contains a single sustained musical note mixed with a background sound. Identify the PITCH of the note, ignoring the background. What is the solfege syllable and accidental (if needed) of this pitch? Use fixed-do (do=C, re=D, mi=E, fa=F, sol=G, la=A, si=B). Include sharps or flats when needed (e.g. do#, reb, fa#, sib). Do NOT include the octave. Reply with ONLY the syllable and accidental (if needed). Nothing else. Output only the answer.","This audio contains a single sustained musical note mixed with a background sound. Identify the PITCH of the note, ignoring the background. What is the main pitch frequency, expressed in Hertz? Reply with ONLY a number (the frequency in Hz). Nothing else. Output only the answer."
5000,rain,-6.0,sine,waveform,38,60,0,0,0,0,D2,C4,0,0,0,re,la#,0,0,0,60,C4,la#,440,/home/hsnu2/PitchBench/data/analysis_audio/pitchbench_e2_background/D2_sine_5000ms_bg_rain_snr-6db.wav,D2_sine_5000ms_bg_rain_snr-6db.wav,"This audio contains a single sustained musical note mixed with a background sound. Identify the PITCH of the note, ignoring the background. What is the MIDI note number (an integer from 0 to 127)? Reply with ONLY the integer. Nothing else. Output only the answer.","This audio contains a single sustained musical note mixed with a background sound. Identify the PITCH of the note, ignoring the background. What is the note name and octave? Reply with ONLY the note name in Scientific Pitch Notation (e.g. C4, F#3, Bb5). Nothing else. Output only the answer.","This audio contains a single sustained musical note mixed with a background sound. Identify the PITCH of the note, ignoring the background. What is the solfege syllable and accidental (if needed) of this pitch? Use fixed-do (do=C, re=D, mi=E, fa=F, sol=G, la=A, si=B). Include sharps or flats when needed (e.g. do#, reb, fa#, sib). Do NOT include the octave. Reply with ONLY the syllable and accidental (if needed). Nothing else. Output only the answer.","This audio contains a single sustained musical note mixed with a background sound. Identify the PITCH of the note, ignoring the background. What is the main pitch frequency, expressed in Hertz? Reply with ONLY a number (the frequency in Hz). Nothing else. Output only the answer."
5000,street-noise,-6.0,sine,waveform,38,60,0,0,0,0,D2,D4,0,1,0,re,la#,0,0,0,60,D4,sib,110,/home/hsnu2/PitchBench/data/analysis_audio/pitchbench_e2_background/D2_sine_5000ms_bg_street-noise_snr-6db.wav,D2_sine_5000ms_bg_street-noise_snr-6db.wav,"This audio contains a single sustained musical note mixed with a background sound. Identify the PITCH of the note, ignoring the background. What is the MIDI note number (an integer from 0 to 127)? Reply with ONLY the integer. Nothing else. Output only the answer.","This audio contains a single sustained musical note mixed with a background sound. Identify the PITCH of the note, ignoring the background. What is the note name and octave? Reply with ONLY the note name in Scientific Pitch Notation (e.g. C4, F#3, Bb5). Nothing else. Output only the answer.","This audio contains a single sustained musical note mixed with a background sound. Identify the PITCH of the note, ignoring the background. What is the solfege syllable and accidental (if needed) of this pitch? Use fixed-do (do=C, re=D, mi=E, fa=F, sol=G, la=A, si=B). Include sharps or flats when needed (e.g. do#, reb, fa#, sib). Do NOT include the octave. Reply with ONLY the syllable and accidental (if needed). Nothing else. Output only the answer.","This audio contains a single sustained musical note mixed with a background sound. Identify the PITCH of the note, ignoring the background. What is the main pitch frequency, expressed in Hertz? Reply with ONLY a number (the frequency in Hz). Nothing else. Output only the answer."
5000,oscillating-high-and-low-pitches,-6.0,sine,waveform,38,69,0,0,0,0,D2,C5,0,0,0,re,la#,0,0,0,69,C5,sib,1000,/home/hsnu2/PitchBench/data/analysis_audio/pitchbench_e2_background/D2_sine_5000ms_bg_oscillating-high-and-low-pitches_snr-6db.wav,D2_sine_5000ms_bg_oscillating-high-and-low-pitches_snr-6db.wav,"This audio contains a single sustained musical note mixed with a background sound. Identify the PITCH of the note, ignoring the background. What is the MIDI note number (an integer from 0 to 127)? Reply with ONLY the integer. Nothing else. Output only the answer.","This audio contains a single sustained musical note mixed with a background sound. Identify the PITCH of the note, ignoring the background. What is the note name and octave? Reply with ONLY the note name in Scientific Pitch Notation (e.g. C4, F#3, Bb5). Nothing else. Output only the answer.","This audio contains a single sustained musical note mixed with a background sound. Identify the PITCH of the note, ignoring the background. What is the solfege syllable and accidental (if needed) of this pitch? Use fixed-do (do=C, re=D, mi=E, fa=F, sol=G, la=A, si=B). Include sharps or flats when needed (e.g. do#, reb, fa#, sib). Do NOT include the octave. Reply with ONLY the syllable and accidental (if needed). Nothing else. Output only the answer.","This audio contains a single sustained musical note mixed with a background sound. Identify the PITCH of the note, ignoring the background. What is the main pitch frequency, expressed in Hertz? Reply with ONLY a number (the frequency in Hz). Nothing else. Output only the answer."
5000,white_noise,-6.0,sine,waveform,47,69,0,0,0,0,B2,G4,0,0,0,si,la#,0,0,0,69,G4,la#,1000,/home/hsnu2/PitchBench/data/analysis_audio/pitchbench_e2_background/B2_sine_5000ms_bg_white_noise_snr-6db.wav,B2_sine_5000ms_bg_white_noise_snr-6db.wav,"This audio contains a single sustained musical note mixed with a background sound. Identify the PITCH of the note, ignoring the background. What is the MIDI note number (an integer from 0 to 127)? Reply with ONLY the integer. Nothing else. Output only the answer.","This audio contains a single sustained musical note mixed with a background sound. Identify the PITCH of the note, ignoring the background. What is the note name and octave? Reply with ONLY the note name in Scientific Pitch Notation (e.g. C4, F#3, Bb5). Nothing else. Output only the answer.","This audio contains a single sustained musical note mixed with a background sound. Identify the PITCH of the note, ignoring the background. What is the solfege syllable and accidental (if needed) of this pitch? Use fixed-do (do=C, re=D, mi=E, fa=F, sol=G, la=A, si=B). Include sharps or flats when needed (e.g. do#, reb, fa#, sib). Do NOT include the octave. Reply with ONLY the syllable and accidental (if needed). Nothing else. Output only the answer.","This audio contains a single sustained musical note mixed with a background sound. Identify the PITCH of the note, ignoring the background. What is the main pitch frequency, expressed in Hertz? Reply with ONLY a number (the frequency in Hz). Nothing else. Output only the answer."
5000,church-bells,-6.0,sine,waveform,47,65,0,0,0,0,B2,A4,0,0,0,si,la#,0,0,0,65,A4,la#,440,/home/hsnu2/PitchBench/data/analysis_audio/pitchbench_e2_background/B2_sine_5000ms_bg_church-bells_snr-6db.wav,B2_sine_5000ms_bg_church-bells_snr-6db.wav,"This audio contains a single sustained musical note mixed with a background sound. Identify the PITCH of the note, ignoring the background. What is the MIDI note number (an integer from 0 to 127)? Reply with ONLY the integer. Nothing else. Output only the answer.","This audio contains a single sustained musical note mixed with a background sound. Identify the PITCH of the note, ignoring the background. What is the note name and octave? Reply with ONLY the note name in Scientific Pitch Notation (e.g. C4, F#3, Bb5). Nothing else. Output only the answer.","This audio contains a single sustained musical note mixed with a background sound. Identify the PITCH of the note, ignoring the background. What is the solfege syllable and accidental (if needed) of this pitch? Use fixed-do (do=C, re=D, mi=E, fa=F, sol=G, la=A, si=B). Include sharps or flats when needed (e.g. do#, reb, fa#, sib). Do NOT include the octave. Reply with ONLY the syllable and accidental (if needed). Nothing else. Output only the answer.","This audio contains a single sustained musical note mixed with a background sound. Identify the PITCH of the note, ignoring the background. What is the main pitch frequency, expressed in Hertz? Reply with ONLY a number (the frequency in Hz). Nothing else. Output only the answer."
5000,crowd-noise,-6.0,sine,waveform,47,60,0,0,0,0,B2,G#4,0,0,0,si,la#,0,0,0,60,G#4,la#,1000,/home/hsnu2/PitchBench/data/analysis_audio/pitchbench_e2_background/B2_sine_5000ms_bg_crowd-noise_snr-6db.wav,B2_sine_5000ms_bg_crowd-noise_snr-6db.wav,"This audio contains a single sustained musical note mixed with a background sound. Identify the PITCH of the note, ignoring the background. What is the MIDI note number (an integer from 0 to 127)? Reply with ONLY the integer. Nothing else. Output only the answer.","This audio contains a single sustained musical note mixed with a background sound. Identify the PITCH of the note, ignoring the background. What is the note name and octave? Reply with ONLY the note name in Scientific Pitch Notation (e.g. C4, F#3, Bb5). Nothing else. Output only the answer.","This audio contains a single sustained musical note mixed with a background sound. Identify the PITCH of the note, ignoring the background. What is the solfege syllable and accidental (if needed) of this pitch? Use fixed-do (do=C, re=D, mi=E, fa=F, sol=G, la=A, si=B). Include sharps or flats when needed (e.g. do#, reb, fa#, sib). Do NOT include the octave. Reply with ONLY the syllable and accidental (if needed). Nothing else. Output only the answer.","This audio contains a single sustained musical note mixed with a background sound. Identify the PITCH of the note, ignoring the background. What is the main pitch frequency, expressed in Hertz? Reply with ONLY a number (the frequency in Hz). Nothing else. Output only the answer."
5000,rain,-6.0,sine,waveform,47,60,0,0,0,0,B2,C4,0,0,0,si,la#,0,0,0,60,C4,la#,440,/home/hsnu2/PitchBench/data/analysis_audio/pitchbench_e2_background/B2_sine_5000ms_bg_rain_snr-6db.wav,B2_sine_5000ms_bg_rain_snr-6db.wav,"This audio contains a single sustained musical note mixed with a background sound. Identify the PITCH of the note, ignoring the background. What is the MIDI note number (an integer from 0 to 127)? Reply with ONLY the integer. Nothing else. Output only the answer.","This audio contains a single sustained musical note mixed with a background sound. Identify the PITCH of the note, ignoring the background. What is the note name and octave? Reply with ONLY the note name in Scientific Pitch Notation (e.g. C4, F#3, Bb5). Nothing else. Output only the answer.","This audio contains a single sustained musical note mixed with a background sound. Identify the PITCH of the note, ignoring the background. What is the solfege syllable and accidental (if needed) of this pitch? Use fixed-do (do=C, re=D, mi=E, fa=F, sol=G, la=A, si=B). Include sharps or flats when needed (e.g. do#, reb, fa#, sib). Do NOT include the octave. Reply with ONLY the syllable and accidental (if needed). Nothing else. Output only the answer.","This audio contains a single sustained musical note mixed with a background sound. Identify the PITCH of the note, ignoring the background. What is the main pitch frequency, expressed in Hertz? Reply with ONLY a number (the frequency in Hz). Nothing else. Output only the answer."
5000,street-noise,-6.0,sine,waveform,47,60,0,0,0,0,B2,G3,0,0,0,si,la#,0,0,0,60,G3,sib,110,/home/hsnu2/PitchBench/data/analysis_audio/pitchbench_e2_background/B2_sine_5000ms_bg_street-noise_snr-6db.wav,B2_sine_5000ms_bg_street-noise_snr-6db.wav,"This audio contains a single sustained musical note mixed with a background sound. Identify the PITCH of the note, ignoring the background. What is the MIDI note number (an integer from 0 to 127)? Reply with ONLY the integer. Nothing else. Output only the answer.","This audio contains a single sustained musical note mixed with a background sound. Identify the PITCH of the note, ignoring the background. What is the note name and octave? Reply with ONLY the note name in Scientific Pitch Notation (e.g. C4, F#3, Bb5). Nothing else. Output only the answer.","This audio contains a single sustained musical note mixed with a background sound. Identify the PITCH of the note, ignoring the background. What is the solfege syllable and accidental (if needed) of this pitch? Use fixed-do (do=C, re=D, mi=E, fa=F, sol=G, la=A, si=B). Include sharps or flats when needed (e.g. do#, reb, fa#, sib). Do NOT include the octave. Reply with ONLY the syllable and accidental (if needed). Nothing else. Output only the answer.","This audio contains a single sustained musical note mixed with a background sound. Identify the PITCH of the note, ignoring the background. What is the main pitch frequency, expressed in Hertz? Reply with ONLY a number (the frequency in Hz). Nothing else. Output only the answer."
5000,oscillating-high-and-low-pitches,-6.0,sine,waveform,47,72,0,0,0,0,B2,C4,0,0,0,si,la#,0,0,0,72,C4,la#,440,/home/hsnu2/PitchBench/data/analysis_audio/pitchbench_e2_background/B2_sine_5000ms_bg_oscillating-high-and-low-pitches_snr-6db.wav,B2_sine_5000ms_bg_oscillating-high-and-low-pitches_snr-6db.wav,"This audio contains a single sustained musical note mixed with a background sound. Identify the PITCH of the note, ignoring the background. What is the MIDI note number (an integer from 0 to 127)? Reply with ONLY the integer. Nothing else. Output only the answer.","This audio contains a single sustained musical note mixed with a background sound. Identify the PITCH of the note, ignoring the background. What is the note name and octave? Reply with ONLY the note name in Scientific Pitch Notation (e.g. C4, F#3, Bb5). Nothing else. Output only the answer.","This audio contains a single sustained musical note mixed with a background sound. Identify the PITCH of the note, ignoring the background. What is the solfege syllable and accidental (if needed) of this pitch? Use fixed-do (do=C, re=D, mi=E, fa=F, sol=G, la=A, si=B). Include sharps or flats when needed (e.g. do#, reb, fa#, sib). Do NOT include the octave. Reply with ONLY the syllable and accidental (if needed). Nothing else. Output only the answer.","This audio contains a single sustained musical note mixed with a background sound. Identify the PITCH of the note, ignoring the background. What is the main pitch frequency, expressed in Hertz? Reply with ONLY a number (the frequency in Hz). Nothing else. Output only the answer."
5000,white_noise,-6.0,sine,waveform,56,60,0,0,0,0,G#3,G#4,0,1,0,sol#,la#,0,0,0,60,G#4,la#,440,/home/hsnu2/PitchBench/data/analysis_audio/pitchbench_e2_background/Gs3_sine_5000ms_bg_white_noise_snr-6db.wav,Gs3_sine_5000ms_bg_white_noise_snr-6db.wav,"This audio contains a single sustained musical note mixed with a background sound. Identify the PITCH of the note, ignoring the background. What is the MIDI note number (an integer from 0 to 127)? Reply with ONLY the integer. Nothing else. Output only the answer.","This audio contains a single sustained musical note mixed with a background sound. Identify the PITCH of the note, ignoring the background. What is the note name and octave? Reply with ONLY the note name in Scientific Pitch Notation (e.g. C4, F#3, Bb5). Nothing else. Output only the answer.","This audio contains a single sustained musical note mixed with a background sound. Identify the PITCH of the note, ignoring the background. What is the solfege syllable and accidental (if needed) of this pitch? Use fixed-do (do=C, re=D, mi=E, fa=F, sol=G, la=A, si=B). Include sharps or flats when needed (e.g. do#, reb, fa#, sib). Do NOT include the octave. Reply with ONLY the syllable and accidental (if needed). Nothing else. Output only the answer.","This audio contains a single sustained musical note mixed with a background sound. Identify the PITCH of the note, ignoring the background. What is the main pitch frequency, expressed in Hertz? Reply with ONLY a number (the frequency in Hz). Nothing else. Output only the answer."
5000,church-bells,-6.0,sine,waveform,56,60,0,0,0,0,G#3,A4,0,0,0,sol#,la#,0,0,0,60,A4,sib,440,/home/hsnu2/PitchBench/data/analysis_audio/pitchbench_e2_background/Gs3_sine_5000ms_bg_church-bells_snr-6db.wav,Gs3_sine_5000ms_bg_church-bells_snr-6db.wav,"This audio contains a single sustained musical note mixed with a background sound. Identify the PITCH of the note, ignoring the background. What is the MIDI note number (an integer from 0 to 127)? Reply with ONLY the integer. Nothing else. Output only the answer.","This audio contains a single sustained musical note mixed with a background sound. Identify the PITCH of the note, ignoring the background. What is the note name and octave? Reply with ONLY the note name in Scientific Pitch Notation (e.g. C4, F#3, Bb5). Nothing else. Output only the answer.","This audio contains a single sustained musical note mixed with a background sound. Identify the PITCH of the note, ignoring the background. What is the solfege syllable and accidental (if needed) of this pitch? Use fixed-do (do=C, re=D, mi=E, fa=F, sol=G, la=A, si=B). Include sharps or flats when needed (e.g. do#, reb, fa#, sib). Do NOT include the octave. Reply with ONLY the syllable and accidental (if needed). Nothing else. Output only the answer.","This audio contains a single sustained musical note mixed with a background sound. Identify the PITCH of the note, ignoring the background. What is the main pitch frequency, expressed in Hertz? Reply with ONLY a number (the frequency in Hz). Nothing else. Output only the answer."
5000,crowd-noise,-6.0,sine,waveform,56,60,0,0,0,0,G#3,D#4,0,0,0,sol#,la#,0,0,0,60,D#4,la#,110,/home/hsnu2/PitchBench/data/analysis_audio/pitchbench_e2_background/Gs3_sine_5000ms_bg_crowd-noise_snr-6db.wav,Gs3_sine_5000ms_bg_crowd-noise_snr-6db.wav,"This audio contains a single sustained musical note mixed with a background sound. Identify the PITCH of the note, ignoring the background. What is the MIDI note number (an integer from 0 to 127)? Reply with ONLY the integer. Nothing else. Output only the answer.","This audio contains a single sustained musical note mixed with a background sound. Identify the PITCH of the note, ignoring the background. What is the note name and octave? Reply with ONLY the note name in Scientific Pitch Notation (e.g. C4, F#3, Bb5). Nothing else. Output only the answer.","This audio contains a single sustained musical note mixed with a background sound. Identify the PITCH of the note, ignoring the background. What is the solfege syllable and accidental (if needed) of this pitch? Use fixed-do (do=C, re=D, mi=E, fa=F, sol=G, la=A, si=B). Include sharps or flats when needed (e.g. do#, reb, fa#, sib). Do NOT include the octave. Reply with ONLY the syllable and accidental (if needed). Nothing else. Output only the answer.","This audio contains a single sustained musical note mixed with a background sound. Identify the PITCH of the note, ignoring the background. What is the main pitch frequency, expressed in Hertz? Reply with ONLY a number (the frequency in Hz). Nothing else. Output only the answer."
5000,rain,-6.0,sine,waveform,56,60,0,0,0,0,G#3,C4,0,0,0,sol#,la#,0,0,0,60,C4,sib,110.00,/home/hsnu2/PitchBench/data/analysis_audio/pitchbench_e2_background/Gs3_sine_5000ms_bg_rain_snr-6db.wav,Gs3_sine_5000ms_bg_rain_snr-6db.wav,"This audio contains a single sustained musical note mixed with a background sound. Identify the PITCH of the note, ignoring the background. What is the MIDI note number (an integer from 0 to 127)? Reply with ONLY the integer. Nothing else. Output only the answer.","This audio contains a single sustained musical note mixed with a background sound. Identify the PITCH of the note, ignoring the background. What is the note name and octave? Reply with ONLY the note name in Scientific Pitch Notation (e.g. C4, F#3, Bb5). Nothing else. Output only the answer.","This audio contains a single sustained musical note mixed with a background sound. Identify the PITCH of the note, ignoring the background. What is the solfege syllable and accidental (if needed) of this pitch? Use fixed-do (do=C, re=D, mi=E, fa=F, sol=G, la=A, si=B). Include sharps or flats when needed (e.g. do#, reb, fa#, sib). Do NOT include the octave. Reply with ONLY the syllable and accidental (if needed). Nothing else. Output only the answer.","This audio contains a single sustained musical note mixed with a background sound. Identify the PITCH of the note, ignoring the background. What is the main pitch frequency, expressed in Hertz? Reply with ONLY a number (the frequency in Hz). Nothing else. Output only the answer."
5000,street-noise,-6.0,sine,waveform,56,62,0,0,0,0,G#3,G2,0,0,0,sol#,la#,0,0,0,62,G2,la#,146.83,/home/hsnu2/PitchBench/data/analysis_audio/pitchbench_e2_background/Gs3_sine_5000ms_bg_street-noise_snr-6db.wav,Gs3_sine_5000ms_bg_street-noise_snr-6db.wav,"This audio contains a single sustained musical note mixed with a background sound. Identify the PITCH of the note, ignoring the background. What is the MIDI note number (an integer from 0 to 127)? Reply with ONLY the integer. Nothing else. Output only the answer.","This audio contains a single sustained musical note mixed with a background sound. Identify the PITCH of the note, ignoring the background. What is the note name and octave? Reply with ONLY the note name in Scientific Pitch Notation (e.g. C4, F#3, Bb5). Nothing else. Output only the answer.","This audio contains a single sustained musical note mixed with a background sound. Identify the PITCH of the note, ignoring the background. What is the solfege syllable and accidental (if needed) of this pitch? Use fixed-do (do=C, re=D, mi=E, fa=F, sol=G, la=A, si=B). Include sharps or flats when needed (e.g. do#, reb, fa#, sib). Do NOT include the octave. Reply with ONLY the syllable and accidental (if needed). Nothing else. Output only the answer.","This audio contains a single sustained musical note mixed with a background sound. Identify the PITCH of the note, ignoring the background. What is the main pitch frequency, expressed in Hertz? Reply with ONLY a number (the frequency in Hz). Nothing else. Output only the answer."
5000,oscillating-high-and-low-pitches,-6.0,sine,waveform,56,62,0,0,0,0,G#3,G#4,0,1,0,sol#,la#,0,0,0,62,G#4,sib,1000,/home/hsnu2/PitchBench/data/analysis_audio/pitchbench_e2_background/Gs3_sine_5000ms_bg_oscillating-high-and-low-pitches_snr-6db.wav,Gs3_sine_5000ms_bg_oscillating-high-and-low-pitches_snr-6db.wav,"This audio contains a single sustained musical note mixed with a background sound. Identify the PITCH of the note, ignoring the background. What is the MIDI note number (an integer from 0 to 127)? Reply with ONLY the integer. Nothing else. Output only the answer.","This audio contains a single sustained musical note mixed with a background sound. Identify the PITCH of the note, ignoring the background. What is the note name and octave? Reply with ONLY the note name in Scientific Pitch Notation (e.g. C4, F#3, Bb5). Nothing else. Output only the answer.","This audio contains a single sustained musical note mixed with a background sound. Identify the PITCH of the note, ignoring the background. What is the solfege syllable and accidental (if needed) of this pitch? Use fixed-do (do=C, re=D, mi=E, fa=F, sol=G, la=A, si=B). Include sharps or flats when needed (e.g. do#, reb, fa#, sib). Do NOT include the octave. Reply with ONLY the syllable and accidental (if needed). Nothing else. Output only the answer.","This audio contains a single sustained musical note mixed with a background sound. Identify the PITCH of the note, ignoring the background. What is the main pitch frequency, expressed in Hertz? Reply with ONLY a number (the frequency in Hz). Nothing else. Output only the answer."
5000,white_noise,-6.0,sine,waveform,65,60,0,0,0,1,F4,C4,0,0,1,fa,la#,0,0,0,60,C4,la#,1000,/home/hsnu2/PitchBench/data/analysis_audio/pitchbench_e2_background/F4_sine_5000ms_bg_white_noise_snr-6db.wav,F4_sine_5000ms_bg_white_noise_snr-6db.wav,"This audio contains a single sustained musical note mixed with a background sound. Identify the PITCH of the note, ignoring the background. What is the MIDI note number (an integer from 0 to 127)? Reply with ONLY the integer. Nothing else. Output only the answer.","This audio contains a single sustained musical note mixed with a background sound. Identify the PITCH of the note, ignoring the background. What is the note name and octave? Reply with ONLY the note name in Scientific Pitch Notation (e.g. C4, F#3, Bb5). Nothing else. Output only the answer.","This audio contains a single sustained musical note mixed with a background sound. Identify the PITCH of the note, ignoring the background. What is the solfege syllable and accidental (if needed) of this pitch? Use fixed-do (do=C, re=D, mi=E, fa=F, sol=G, la=A, si=B). Include sharps or flats when needed (e.g. do#, reb, fa#, sib). Do NOT include the octave. Reply with ONLY the syllable and accidental (if needed). Nothing else. Output only the answer.","This audio contains a single sustained musical note mixed with a background sound. Identify the PITCH of the note, ignoring the background. What is the main pitch frequency, expressed in Hertz? Reply with ONLY a number (the frequency in Hz). Nothing else. Output only the answer."
5000,church-bells,-6.0,sine,waveform,65,69,0,0,0,1,F4,G4,0,0,1,fa,do,0,0,0,69,G4,si#,440,/home/hsnu2/PitchBench/data/analysis_audio/pitchbench_e2_background/F4_sine_5000ms_bg_church-bells_snr-6db.wav,F4_sine_5000ms_bg_church-bells_snr-6db.wav,"This audio contains a single sustained musical note mixed with a background sound. Identify the PITCH of the note, ignoring the background. What is the MIDI note number (an integer from 0 to 127)? Reply with ONLY the integer. Nothing else. Output only the answer.","This audio contains a single sustained musical note mixed with a background sound. Identify the PITCH of the note, ignoring the background. What is the note name and octave? Reply with ONLY the note name in Scientific Pitch Notation (e.g. C4, F#3, Bb5). Nothing else. Output only the answer.","This audio contains a single sustained musical note mixed with a background sound. Identify the PITCH of the note, ignoring the background. What is the solfege syllable and accidental (if needed) of this pitch? Use fixed-do (do=C, re=D, mi=E, fa=F, sol=G, la=A, si=B). Include sharps or flats when needed (e.g. do#, reb, fa#, sib). Do NOT include the octave. Reply with ONLY the syllable and accidental (if needed). Nothing else. Output only the answer.","This audio contains a single sustained musical note mixed with a background sound. Identify the PITCH of the note, ignoring the background. What is the main pitch frequency, expressed in Hertz? Reply with ONLY a number (the frequency in Hz). Nothing else. Output only the answer."
5000,crowd-noise,-6.0,sine,waveform,65,60,0,0,0,1,F4,G3,0,0,0,fa,la#,0,0,0,60,G3,sib,1100,/home/hsnu2/PitchBench/data/analysis_audio/pitchbench_e2_background/F4_sine_5000ms_bg_crowd-noise_snr-6db.wav,F4_sine_5000ms_bg_crowd-noise_snr-6db.wav,"This audio contains a single sustained musical note mixed with a background sound. Identify the PITCH of the note, ignoring the background. What is the MIDI note number (an integer from 0 to 127)? Reply with ONLY the integer. Nothing else. Output only the answer.","This audio contains a single sustained musical note mixed with a background sound. Identify the PITCH of the note, ignoring the background. What is the note name and octave? Reply with ONLY the note name in Scientific Pitch Notation (e.g. C4, F#3, Bb5). Nothing else. Output only the answer.","This audio contains a single sustained musical note mixed with a background sound. Identify the PITCH of the note, ignoring the background. What is the solfege syllable and accidental (if needed) of this pitch? Use fixed-do (do=C, re=D, mi=E, fa=F, sol=G, la=A, si=B). Include sharps or flats when needed (e.g. do#, reb, fa#, sib). Do NOT include the octave. Reply with ONLY the syllable and accidental (if needed). Nothing else. Output only the answer.","This audio contains a single sustained musical note mixed with a background sound. Identify the PITCH of the note, ignoring the background. What is the main pitch frequency, expressed in Hertz? Reply with ONLY a number (the frequency in Hz). Nothing else. Output only the answer."
5000,rain,-6.0,sine,waveform,65,62,0,0,0,1,F4,C4,0,0,1,fa,la#,0,0,0,62,C4,sib,440,/home/hsnu2/PitchBench/data/analysis_audio/pitchbench_e2_background/F4_sine_5000ms_bg_rain_snr-6db.wav,F4_sine_5000ms_bg_rain_snr-6db.wav,"This audio contains a single sustained musical note mixed with a background sound. Identify the PITCH of the note, ignoring the background. What is the MIDI note number (an integer from 0 to 127)? Reply with ONLY the integer. Nothing else. Output only the answer.","This audio contains a single sustained musical note mixed with a background sound. Identify the PITCH of the note, ignoring the background. What is the note name and octave? Reply with ONLY the note name in Scientific Pitch Notation (e.g. C4, F#3, Bb5). Nothing else. Output only the answer.","This audio contains a single sustained musical note mixed with a background sound. Identify the PITCH of the note, ignoring the background. What is the solfege syllable and accidental (if needed) of this pitch? Use fixed-do (do=C, re=D, mi=E, fa=F, sol=G, la=A, si=B). Include sharps or flats when needed (e.g. do#, reb, fa#, sib). Do NOT include the octave. Reply with ONLY the syllable and accidental (if needed). Nothing else. Output only the answer.","This audio contains a single sustained musical note mixed with a background sound. Identify the PITCH of the note, ignoring the background. What is the main pitch frequency, expressed in Hertz? Reply with ONLY a number (the frequency in Hz). Nothing else. Output only the answer."
5000,street-noise,-6.0,sine,waveform,65,62,0,0,0,1,F4,D#4,0,0,1,fa,la#,0,0,0,62,D#4,sib,110,/home/hsnu2/PitchBench/data/analysis_audio/pitchbench_e2_background/F4_sine_5000ms_bg_street-noise_snr-6db.wav,F4_sine_5000ms_bg_street-noise_snr-6db.wav,"This audio contains a single sustained musical note mixed with a background sound. Identify the PITCH of the note, ignoring the background. What is the MIDI note number (an integer from 0 to 127)? Reply with ONLY the integer. Nothing else. Output only the answer.","This audio contains a single sustained musical note mixed with a background sound. Identify the PITCH of the note, ignoring the background. What is the note name and octave? Reply with ONLY the note name in Scientific Pitch Notation (e.g. C4, F#3, Bb5). Nothing else. Output only the answer.","This audio contains a single sustained musical note mixed with a background sound. Identify the PITCH of the note, ignoring the background. What is the solfege syllable and accidental (if needed) of this pitch? Use fixed-do (do=C, re=D, mi=E, fa=F, sol=G, la=A, si=B). Include sharps or flats when needed (e.g. do#, reb, fa#, sib). Do NOT include the octave. Reply with ONLY the syllable and accidental (if needed). Nothing else. Output only the answer.","This audio contains a single sustained musical note mixed with a background sound. Identify the PITCH of the note, ignoring the background. What is the main pitch frequency, expressed in Hertz? Reply with ONLY a number (the frequency in Hz). Nothing else. Output only the answer."
5000,oscillating-high-and-low-pitches,-6.0,sine,waveform,65,60,0,0,0,1,F4,G#4,0,0,1,fa,la#,0,0,0,60,G#4,la#,1000,/home/hsnu2/PitchBench/data/analysis_audio/pitchbench_e2_background/F4_sine_5000ms_bg_oscillating-high-and-low-pitches_snr-6db.wav,F4_sine_5000ms_bg_oscillating-high-and-low-pitches_snr-6db.wav,"This audio contains a single sustained musical note mixed with a background sound. Identify the PITCH of the note, ignoring the background. What is the MIDI note number (an integer from 0 to 127)? Reply with ONLY the integer. Nothing else. Output only the answer.","This audio contains a single sustained musical note mixed with a background sound. Identify the PITCH of the note, ignoring the background. What is the note name and octave? Reply with ONLY the note name in Scientific Pitch Notation (e.g. C4, F#3, Bb5). Nothing else. Output only the answer.","This audio contains a single sustained musical note mixed with a background sound. Identify the PITCH of the note, ignoring the background. What is the solfege syllable and accidental (if needed) of this pitch? Use fixed-do (do=C, re=D, mi=E, fa=F, sol=G, la=A, si=B). Include sharps or flats when needed (e.g. do#, reb, fa#, sib). Do NOT include the octave. Reply with ONLY the syllable and accidental (if needed). Nothing else. Output only the answer.","This audio contains a single sustained musical note mixed with a background sound. Identify the PITCH of the note, ignoring the background. What is the main pitch frequency, expressed in Hertz? Reply with ONLY a number (the frequency in Hz). Nothing else. Output only the answer."
5000,white_noise,-6.0,sine,waveform,74,69,0,0,0,0,D5,C4,0,0,0,re,la#,0,0,0,69,C4,sib,1000,/home/hsnu2/PitchBench/data/analysis_audio/pitchbench_e2_background/D5_sine_5000ms_bg_white_noise_snr-6db.wav,D5_sine_5000ms_bg_white_noise_snr-6db.wav,"This audio contains a single sustained musical note mixed with a background sound. Identify the PITCH of the note, ignoring the background. What is the MIDI note number (an integer from 0 to 127)? Reply with ONLY the integer. Nothing else. Output only the answer.","This audio contains a single sustained musical note mixed with a background sound. Identify the PITCH of the note, ignoring the background. What is the note name and octave? Reply with ONLY the note name in Scientific Pitch Notation (e.g. C4, F#3, Bb5). Nothing else. Output only the answer.","This audio contains a single sustained musical note mixed with a background sound. Identify the PITCH of the note, ignoring the background. What is the solfege syllable and accidental (if needed) of this pitch? Use fixed-do (do=C, re=D, mi=E, fa=F, sol=G, la=A, si=B). Include sharps or flats when needed (e.g. do#, reb, fa#, sib). Do NOT include the octave. Reply with ONLY the syllable and accidental (if needed). Nothing else. Output only the answer.","This audio contains a single sustained musical note mixed with a background sound. Identify the PITCH of the note, ignoring the background. What is the main pitch frequency, expressed in Hertz? Reply with ONLY a number (the frequency in Hz). Nothing else. Output only the answer."
5000,church-bells,-6.0,sine,waveform,74,60,0,0,0,0,D5,A4,0,0,0,re,la#,0,0,0,60,A4,la#,440,/home/hsnu2/PitchBench/data/analysis_audio/pitchbench_e2_background/D5_sine_5000ms_bg_church-bells_snr-6db.wav,D5_sine_5000ms_bg_church-bells_snr-6db.wav,"This audio contains a single sustained musical note mixed with a background sound. Identify the PITCH of the note, ignoring the background. What is the MIDI note number (an integer from 0 to 127)? Reply with ONLY the integer. Nothing else. Output only the answer.","This audio contains a single sustained musical note mixed with a background sound. Identify the PITCH of the note, ignoring the background. What is the note name and octave? Reply with ONLY the note name in Scientific Pitch Notation (e.g. C4, F#3, Bb5). Nothing else. Output only the answer.","This audio contains a single sustained musical note mixed with a background sound. Identify the PITCH of the note, ignoring the background. What is the solfege syllable and accidental (if needed) of this pitch? Use fixed-do (do=C, re=D, mi=E, fa=F, sol=G, la=A, si=B). Include sharps or flats when needed (e.g. do#, reb, fa#, sib). Do NOT include the octave. Reply with ONLY the syllable and accidental (if needed). Nothing else. Output only the answer.","This audio contains a single sustained musical note mixed with a background sound. Identify the PITCH of the note, ignoring the background. What is the main pitch frequency, expressed in Hertz? Reply with ONLY a number (the frequency in Hz). Nothing else. Output only the answer."
5000,crowd-noise,-6.0,sine,waveform,74,60,0,0,0,0,D5,C4,0,0,0,re,la#,0,0,0,60,C4,sib,440,/home/hsnu2/PitchBench/data/analysis_audio/pitchbench_e2_background/D5_sine_5000ms_bg_crowd-noise_snr-6db.wav,D5_sine_5000ms_bg_crowd-noise_snr-6db.wav,"This audio contains a single sustained musical note mixed with a background sound. Identify the PITCH of the note, ignoring the background. What is the MIDI note number (an integer from 0 to 127)? Reply with ONLY the integer. Nothing else. Output only the answer.","This audio contains a single sustained musical note mixed with a background sound. Identify the PITCH of the note, ignoring the background. What is the note name and octave? Reply with ONLY the note name in Scientific Pitch Notation (e.g. C4, F#3, Bb5). Nothing else. Output only the answer.","This audio contains a single sustained musical note mixed with a background sound. Identify the PITCH of the note, ignoring the background. What is the solfege syllable and accidental (if needed) of this pitch? Use fixed-do (do=C, re=D, mi=E, fa=F, sol=G, la=A, si=B). Include sharps or flats when needed (e.g. do#, reb, fa#, sib). Do NOT include the octave. Reply with ONLY the syllable and accidental (if needed). Nothing else. Output only the answer.","This audio contains a single sustained musical note mixed with a background sound. Identify the PITCH of the note, ignoring the background. What is the main pitch frequency, expressed in Hertz? Reply with ONLY a number (the frequency in Hz). Nothing else. Output only the answer."
5000,rain,-6.0,sine,waveform,74,60,0,0,0,0,D5,C4,0,0,0,re,la#,0,0,0,60,C4,la#,440,/home/hsnu2/PitchBench/data/analysis_audio/pitchbench_e2_background/D5_sine_5000ms_bg_rain_snr-6db.wav,D5_sine_5000ms_bg_rain_snr-6db.wav,"This audio contains a single sustained musical note mixed with a background sound. Identify the PITCH of the note, ignoring the background. What is the MIDI note number (an integer from 0 to 127)? Reply with ONLY the integer. Nothing else. Output only the answer.","This audio contains a single sustained musical note mixed with a background sound. Identify the PITCH of the note, ignoring the background. What is the note name and octave? Reply with ONLY the note name in Scientific Pitch Notation (e.g. C4, F#3, Bb5). Nothing else. Output only the answer.","This audio contains a single sustained musical note mixed with a background sound. Identify the PITCH of the note, ignoring the background. What is the solfege syllable and accidental (if needed) of this pitch? Use fixed-do (do=C, re=D, mi=E, fa=F, sol=G, la=A, si=B). Include sharps or flats when needed (e.g. do#, reb, fa#, sib). Do NOT include the octave. Reply with ONLY the syllable and accidental (if needed). Nothing else. Output only the answer.","This audio contains a single sustained musical note mixed with a background sound. Identify the PITCH of the note, ignoring the background. What is the main pitch frequency, expressed in Hertz? Reply with ONLY a number (the frequency in Hz). Nothing else. Output only the answer."
5000,street-noise,-6.0,sine,waveform,74,60,0,0,0,0,D5,G3,0,0,0,re,la#,0,0,0,60,G3,sib,147,/home/hsnu2/PitchBench/data/analysis_audio/pitchbench_e2_background/D5_sine_5000ms_bg_street-noise_snr-6db.wav,D5_sine_5000ms_bg_street-noise_snr-6db.wav,"This audio contains a single sustained musical note mixed with a background sound. Identify the PITCH of the note, ignoring the background. What is the MIDI note number (an integer from 0 to 127)? Reply with ONLY the integer. Nothing else. Output only the answer.","This audio contains a single sustained musical note mixed with a background sound. Identify the PITCH of the note, ignoring the background. What is the note name and octave? Reply with ONLY the note name in Scientific Pitch Notation (e.g. C4, F#3, Bb5). Nothing else. Output only the answer.","This audio contains a single sustained musical note mixed with a background sound. Identify the PITCH of the note, ignoring the background. What is the solfege syllable and accidental (if needed) of this pitch? Use fixed-do (do=C, re=D, mi=E, fa=F, sol=G, la=A, si=B). Include sharps or flats when needed (e.g. do#, reb, fa#, sib). Do NOT include the octave. Reply with ONLY the syllable and accidental (if needed). Nothing else. Output only the answer.","This audio contains a single sustained musical note mixed with a background sound. Identify the PITCH of the note, ignoring the background. What is the main pitch frequency, expressed in Hertz? Reply with ONLY a number (the frequency in Hz). Nothing else. Output only the answer."
5000,oscillating-high-and-low-pitches,-6.0,sine,waveform,74,60,0,0,0,0,D5,C4,0,0,0,re,la#,0,0,0,60,C4,sib,440,/home/hsnu2/PitchBench/data/analysis_audio/pitchbench_e2_background/D5_sine_5000ms_bg_oscillating-high-and-low-pitches_snr-6db.wav,D5_sine_5000ms_bg_oscillating-high-and-low-pitches_snr-6db.wav,"This audio contains a single sustained musical note mixed with a background sound. Identify the PITCH of the note, ignoring the background. What is the MIDI note number (an integer from 0 to 127)? Reply with ONLY the integer. Nothing else. Output only the answer.","This audio contains a single sustained musical note mixed with a background sound. Identify the PITCH of the note, ignoring the background. What is the note name and octave? Reply with ONLY the note name in Scientific Pitch Notation (e.g. C4, F#3, Bb5). Nothing else. Output only the answer.","This audio contains a single sustained musical note mixed with a background sound. Identify the PITCH of the note, ignoring the background. What is the solfege syllable and accidental (if needed) of this pitch? Use fixed-do (do=C, re=D, mi=E, fa=F, sol=G, la=A, si=B). Include sharps or flats when needed (e.g. do#, reb, fa#, sib). Do NOT include the octave. Reply with ONLY the syllable and accidental (if needed). Nothing else. Output only the answer.","This audio contains a single sustained musical note mixed with a background sound. Identify the PITCH of the note, ignoring the background. What is the main pitch frequency, expressed in Hertz? Reply with ONLY a number (the frequency in Hz). Nothing else. Output only the answer."
5000,white_noise,-6.0,sine,waveform,83,60,0,0,0,0,B5,G#4,0,0,0,si,la#,0,0,0,60,G#4,la#,1000,/home/hsnu2/PitchBench/data/analysis_audio/pitchbench_e2_background/B5_sine_5000ms_bg_white_noise_snr-6db.wav,B5_sine_5000ms_bg_white_noise_snr-6db.wav,"This audio contains a single sustained musical note mixed with a background sound. Identify the PITCH of the note, ignoring the background. What is the MIDI note number (an integer from 0 to 127)? Reply with ONLY the integer. Nothing else. Output only the answer.","This audio contains a single sustained musical note mixed with a background sound. Identify the PITCH of the note, ignoring the background. What is the note name and octave? Reply with ONLY the note name in Scientific Pitch Notation (e.g. C4, F#3, Bb5). Nothing else. Output only the answer.","This audio contains a single sustained musical note mixed with a background sound. Identify the PITCH of the note, ignoring the background. What is the solfege syllable and accidental (if needed) of this pitch? Use fixed-do (do=C, re=D, mi=E, fa=F, sol=G, la=A, si=B). Include sharps or flats when needed (e.g. do#, reb, fa#, sib). Do NOT include the octave. Reply with ONLY the syllable and accidental (if needed). Nothing else. Output only the answer.","This audio contains a single sustained musical note mixed with a background sound. Identify the PITCH of the note, ignoring the background. What is the main pitch frequency, expressed in Hertz? Reply with ONLY a number (the frequency in Hz). Nothing else. Output only the answer."
5000,church-bells,-6.0,sine,waveform,83,69,0,0,0,0,B5,A4,0,0,0,si,la#,0,0,0,69,A4,la#,440,/home/hsnu2/PitchBench/data/analysis_audio/pitchbench_e2_background/B5_sine_5000ms_bg_church-bells_snr-6db.wav,B5_sine_5000ms_bg_church-bells_snr-6db.wav,"This audio contains a single sustained musical note mixed with a background sound. Identify the PITCH of the note, ignoring the background. What is the MIDI note number (an integer from 0 to 127)? Reply with ONLY the integer. Nothing else. Output only the answer.","This audio contains a single sustained musical note mixed with a background sound. Identify the PITCH of the note, ignoring the background. What is the note name and octave? Reply with ONLY the note name in Scientific Pitch Notation (e.g. C4, F#3, Bb5). Nothing else. Output only the answer.","This audio contains a single sustained musical note mixed with a background sound. Identify the PITCH of the note, ignoring the background. What is the solfege syllable and accidental (if needed) of this pitch? Use fixed-do (do=C, re=D, mi=E, fa=F, sol=G, la=A, si=B). Include sharps or flats when needed (e.g. do#, reb, fa#, sib). Do NOT include the octave. Reply with ONLY the syllable and accidental (if needed). Nothing else. Output only the answer.","This audio contains a single sustained musical note mixed with a background sound. Identify the PITCH of the note, ignoring the background. What is the main pitch frequency, expressed in Hertz? Reply with ONLY a number (the frequency in Hz). Nothing else. Output only the answer."
5000,crowd-noise,-6.0,sine,waveform,83,60,0,0,0,0,B5,G4,0,0,0,si,la#,0,0,0,60,G4,sib,440,/home/hsnu2/PitchBench/data/analysis_audio/pitchbench_e2_background/B5_sine_5000ms_bg_crowd-noise_snr-6db.wav,B5_sine_5000ms_bg_crowd-noise_snr-6db.wav,"This audio contains a single sustained musical note mixed with a background sound. Identify the PITCH of the note, ignoring the background. What is the MIDI note number (an integer from 0 to 127)? Reply with ONLY the integer. Nothing else. Output only the answer.","This audio contains a single sustained musical note mixed with a background sound. Identify the PITCH of the note, ignoring the background. What is the note name and octave? Reply with ONLY the note name in Scientific Pitch Notation (e.g. C4, F#3, Bb5). Nothing else. Output only the answer.","This audio contains a single sustained musical note mixed with a background sound. Identify the PITCH of the note, ignoring the background. What is the solfege syllable and accidental (if needed) of this pitch? Use fixed-do (do=C, re=D, mi=E, fa=F, sol=G, la=A, si=B). Include sharps or flats when needed (e.g. do#, reb, fa#, sib). Do NOT include the octave. Reply with ONLY the syllable and accidental (if needed). Nothing else. Output only the answer.","This audio contains a single sustained musical note mixed with a background sound. Identify the PITCH of the note, ignoring the background. What is the main pitch frequency, expressed in Hertz? Reply with ONLY a number (the frequency in Hz). Nothing else. Output only the answer."
5000,rain,-6.0,sine,waveform,83,60,0,0,0,0,B5,C4,0,0,0,si,la#,0,0,0,60,C4,la#,440,/home/hsnu2/PitchBench/data/analysis_audio/pitchbench_e2_background/B5_sine_5000ms_bg_rain_snr-6db.wav,B5_sine_5000ms_bg_rain_snr-6db.wav,"This audio contains a single sustained musical note mixed with a background sound. Identify the PITCH of the note, ignoring the background. What is the MIDI note number (an integer from 0 to 127)? Reply with ONLY the integer. Nothing else. Output only the answer.","This audio contains a single sustained musical note mixed with a background sound. Identify the PITCH of the note, ignoring the background. What is the note name and octave? Reply with ONLY the note name in Scientific Pitch Notation (e.g. C4, F#3, Bb5). Nothing else. Output only the answer.","This audio contains a single sustained musical note mixed with a background sound. Identify the PITCH of the note, ignoring the background. What is the solfege syllable and accidental (if needed) of this pitch? Use fixed-do (do=C, re=D, mi=E, fa=F, sol=G, la=A, si=B). Include sharps or flats when needed (e.g. do#, reb, fa#, sib). Do NOT include the octave. Reply with ONLY the syllable and accidental (if needed). Nothing else. Output only the answer.","This audio contains a single sustained musical note mixed with a background sound. Identify the PITCH of the note, ignoring the background. What is the main pitch frequency, expressed in Hertz? Reply with ONLY a number (the frequency in Hz). Nothing else. Output only the answer."
5000,street-noise,-6.0,sine,waveform,83,62,0,0,0,0,B5,G2,0,0,0,si,la#,0,0,0,62,G2,la#,110.00,/home/hsnu2/PitchBench/data/analysis_audio/pitchbench_e2_background/B5_sine_5000ms_bg_street-noise_snr-6db.wav,B5_sine_5000ms_bg_street-noise_snr-6db.wav,"This audio contains a single sustained musical note mixed with a background sound. Identify the PITCH of the note, ignoring the background. What is the MIDI note number (an integer from 0 to 127)? Reply with ONLY the integer. Nothing else. Output only the answer.","This audio contains a single sustained musical note mixed with a background sound. Identify the PITCH of the note, ignoring the background. What is the note name and octave? Reply with ONLY the note name in Scientific Pitch Notation (e.g. C4, F#3, Bb5). Nothing else. Output only the answer.","This audio contains a single sustained musical note mixed with a background sound. Identify the PITCH of the note, ignoring the background. What is the solfege syllable and accidental (if needed) of this pitch? Use fixed-do (do=C, re=D, mi=E, fa=F, sol=G, la=A, si=B). Include sharps or flats when needed (e.g. do#, reb, fa#, sib). Do NOT include the octave. Reply with ONLY the syllable and accidental (if needed). Nothing else. Output only the answer.","This audio contains a single sustained musical note mixed with a background sound. Identify the PITCH of the note, ignoring the background. What is the main pitch frequency, expressed in Hertz? Reply with ONLY a number (the frequency in Hz). Nothing else. Output only the answer."
5000,oscillating-high-and-low-pitches,-6.0,sine,waveform,83,72,0,0,0,1,B5,C6,0,0,0,si,la#,0,0,0,72,C6,la#,1000,/home/hsnu2/PitchBench/data/analysis_audio/pitchbench_e2_background/B5_sine_5000ms_bg_oscillating-high-and-low-pitches_snr-6db.wav,B5_sine_5000ms_bg_oscillating-high-and-low-pitches_snr-6db.wav,"This audio contains a single sustained musical note mixed with a background sound. Identify the PITCH of the note, ignoring the background. What is the MIDI note number (an integer from 0 to 127)? Reply with ONLY the integer. Nothing else. Output only the answer.","This audio contains a single sustained musical note mixed with a background sound. Identify the PITCH of the note, ignoring the background. What is the note name and octave? Reply with ONLY the note name in Scientific Pitch Notation (e.g. C4, F#3, Bb5). Nothing else. Output only the answer.","This audio contains a single sustained musical note mixed with a background sound. Identify the PITCH of the note, ignoring the background. What is the solfege syllable and accidental (if needed) of this pitch? Use fixed-do (do=C, re=D, mi=E, fa=F, sol=G, la=A, si=B). Include sharps or flats when needed (e.g. do#, reb, fa#, sib). Do NOT include the octave. Reply with ONLY the syllable and accidental (if needed). Nothing else. Output only the answer.","This audio contains a single sustained musical note mixed with a background sound. Identify the PITCH of the note, ignoring the background. What is the main pitch frequency, expressed in Hertz? Reply with ONLY a number (the frequency in Hz). Nothing else. Output only the answer."
5000,white_noise,-6.0,synth_lead,instrument,29,69,0,0,0,0,F1,C4,0,0,0,fa,la#,0,0,0,69,C4,la#,440,/home/hsnu2/PitchBench/data/analysis_audio/pitchbench_e2_background/F1_synth_lead_5000ms_bg_white_noise_snr-6db.wav,F1_synth_lead_5000ms_bg_white_noise_snr-6db.wav,"This audio contains a single sustained musical note mixed with a background sound. Identify the PITCH of the note, ignoring the background. What is the MIDI note number (an integer from 0 to 127)? Reply with ONLY the integer. Nothing else. Output only the answer.","This audio contains a single sustained musical note mixed with a background sound. Identify the PITCH of the note, ignoring the background. What is the note name and octave? Reply with ONLY the note name in Scientific Pitch Notation (e.g. C4, F#3, Bb5). Nothing else. Output only the answer.","This audio contains a single sustained musical note mixed with a background sound. Identify the PITCH of the note, ignoring the background. What is the solfege syllable and accidental (if needed) of this pitch? Use fixed-do (do=C, re=D, mi=E, fa=F, sol=G, la=A, si=B). Include sharps or flats when needed (e.g. do#, reb, fa#, sib). Do NOT include the octave. Reply with ONLY the syllable and accidental (if needed). Nothing else. Output only the answer.","This audio contains a single sustained musical note mixed with a background sound. Identify the PITCH of the note, ignoring the background. What is the main pitch frequency, expressed in Hertz? Reply with ONLY a number (the frequency in Hz). Nothing else. Output only the answer."
5000,church-bells,-6.0,synth_lead,instrument,29,60,0,0,0,0,F1,C5,0,0,0,fa,la#,0,0,0,60,C5,la#,440,/home/hsnu2/PitchBench/data/analysis_audio/pitchbench_e2_background/F1_synth_lead_5000ms_bg_church-bells_snr-6db.wav,F1_synth_lead_5000ms_bg_church-bells_snr-6db.wav,"This audio contains a single sustained musical note mixed with a background sound. Identify the PITCH of the note, ignoring the background. What is the MIDI note number (an integer from 0 to 127)? Reply with ONLY the integer. Nothing else. Output only the answer.","This audio contains a single sustained musical note mixed with a background sound. Identify the PITCH of the note, ignoring the background. What is the note name and octave? Reply with ONLY the note name in Scientific Pitch Notation (e.g. C4, F#3, Bb5). Nothing else. Output only the answer.","This audio contains a single sustained musical note mixed with a background sound. Identify the PITCH of the note, ignoring the background. What is the solfege syllable and accidental (if needed) of this pitch? Use fixed-do (do=C, re=D, mi=E, fa=F, sol=G, la=A, si=B). Include sharps or flats when needed (e.g. do#, reb, fa#, sib). Do NOT include the octave. Reply with ONLY the syllable and accidental (if needed). Nothing else. Output only the answer.","This audio contains a single sustained musical note mixed with a background sound. Identify the PITCH of the note, ignoring the background. What is the main pitch frequency, expressed in Hertz? Reply with ONLY a number (the frequency in Hz). Nothing else. Output only the answer."
5000,crowd-noise,-6.0,synth_lead,instrument,29,62,0,0,0,0,F1,G#4,0,0,0,fa,la#,0,0,0,62,G#4,la#,440,/home/hsnu2/PitchBench/data/analysis_audio/pitchbench_e2_background/F1_synth_lead_5000ms_bg_crowd-noise_snr-6db.wav,F1_synth_lead_5000ms_bg_crowd-noise_snr-6db.wav,"This audio contains a single sustained musical note mixed with a background sound. Identify the PITCH of the note, ignoring the background. What is the MIDI note number (an integer from 0 to 127)? Reply with ONLY the integer. Nothing else. Output only the answer.","This audio contains a single sustained musical note mixed with a background sound. Identify the PITCH of the note, ignoring the background. What is the note name and octave? Reply with ONLY the note name in Scientific Pitch Notation (e.g. C4, F#3, Bb5). Nothing else. Output only the answer.","This audio contains a single sustained musical note mixed with a background sound. Identify the PITCH of the note, ignoring the background. What is the solfege syllable and accidental (if needed) of this pitch? Use fixed-do (do=C, re=D, mi=E, fa=F, sol=G, la=A, si=B). Include sharps or flats when needed (e.g. do#, reb, fa#, sib). Do NOT include the octave. Reply with ONLY the syllable and accidental (if needed). Nothing else. Output only the answer.","This audio contains a single sustained musical note mixed with a background sound. Identify the PITCH of the note, ignoring the background. What is the main pitch frequency, expressed in Hertz? Reply with ONLY a number (the frequency in Hz). Nothing else. Output only the answer."
5000,rain,-6.0,synth_lead,instrument,29,60,0,0,0,0,F1,C4,0,0,0,fa,la#,0,0,0,60,C4,sib,440,/home/hsnu2/PitchBench/data/analysis_audio/pitchbench_e2_background/F1_synth_lead_5000ms_bg_rain_snr-6db.wav,F1_synth_lead_5000ms_bg_rain_snr-6db.wav,"This audio contains a single sustained musical note mixed with a background sound. Identify the PITCH of the note, ignoring the background. What is the MIDI note number (an integer from 0 to 127)? Reply with ONLY the integer. Nothing else. Output only the answer.","This audio contains a single sustained musical note mixed with a background sound. Identify the PITCH of the note, ignoring the background. What is the note name and octave? Reply with ONLY the note name in Scientific Pitch Notation (e.g. C4, F#3, Bb5). Nothing else. Output only the answer.","This audio contains a single sustained musical note mixed with a background sound. Identify the PITCH of the note, ignoring the background. What is the solfege syllable and accidental (if needed) of this pitch? Use fixed-do (do=C, re=D, mi=E, fa=F, sol=G, la=A, si=B). Include sharps or flats when needed (e.g. do#, reb, fa#, sib). Do NOT include the octave. Reply with ONLY the syllable and accidental (if needed). Nothing else. Output only the answer.","This audio contains a single sustained musical note mixed with a background sound. Identify the PITCH of the note, ignoring the background. What is the main pitch frequency, expressed in Hertz? Reply with ONLY a number (the frequency in Hz). Nothing else. Output only the answer."
5000,street-noise,-6.0,synth_lead,instrument,29,62,0,0,0,0,F1,D4,0,0,0,fa,la#,0,0,0,62,D4,sib,110.00,/home/hsnu2/PitchBench/data/analysis_audio/pitchbench_e2_background/F1_synth_lead_5000ms_bg_street-noise_snr-6db.wav,F1_synth_lead_5000ms_bg_street-noise_snr-6db.wav,"This audio contains a single sustained musical note mixed with a background sound. Identify the PITCH of the note, ignoring the background. What is the MIDI note number (an integer from 0 to 127)? Reply with ONLY the integer. Nothing else. Output only the answer.","This audio contains a single sustained musical note mixed with a background sound. Identify the PITCH of the note, ignoring the background. What is the note name and octave? Reply with ONLY the note name in Scientific Pitch Notation (e.g. C4, F#3, Bb5). Nothing else. Output only the answer.","This audio contains a single sustained musical note mixed with a background sound. Identify the PITCH of the note, ignoring the background. What is the solfege syllable and accidental (if needed) of this pitch? Use fixed-do (do=C, re=D, mi=E, fa=F, sol=G, la=A, si=B). Include sharps or flats when needed (e.g. do#, reb, fa#, sib). Do NOT include the octave. Reply with ONLY the syllable and accidental (if needed). Nothing else. Output only the answer.","This audio contains a single sustained musical note mixed with a background sound. Identify the PITCH of the note, ignoring the background. What is the main pitch frequency, expressed in Hertz? Reply with ONLY a number (the frequency in Hz). Nothing else. Output only the answer."
5000,oscillating-high-and-low-pitches,-6.0,synth_lead,instrument,29,60,0,0,0,0,F1,C4,0,0,0,fa,la#,0,0,0,60,C4,la#,440,/home/hsnu2/PitchBench/data/analysis_audio/pitchbench_e2_background/F1_synth_lead_5000ms_bg_oscillating-high-and-low-pitches_snr-6db.wav,F1_synth_lead_5000ms_bg_oscillating-high-and-low-pitches_snr-6db.wav,"This audio contains a single sustained musical note mixed with a background sound. Identify the PITCH of the note, ignoring the background. What is the MIDI note number (an integer from 0 to 127)? Reply with ONLY the integer. Nothing else. Output only the answer.","This audio contains a single sustained musical note mixed with a background sound. Identify the PITCH of the note, ignoring the background. What is the note name and octave? Reply with ONLY the note name in Scientific Pitch Notation (e.g. C4, F#3, Bb5). Nothing else. Output only the answer.","This audio contains a single sustained musical note mixed with a background sound. Identify the PITCH of the note, ignoring the background. What is the solfege syllable and accidental (if needed) of this pitch? Use fixed-do (do=C, re=D, mi=E, fa=F, sol=G, la=A, si=B). Include sharps or flats when needed (e.g. do#, reb, fa#, sib). Do NOT include the octave. Reply with ONLY the syllable and accidental (if needed). Nothing else. Output only the answer.","This audio contains a single sustained musical note mixed with a background sound. Identify the PITCH of the note, ignoring the background. What is the main pitch frequency, expressed in Hertz? Reply with ONLY a number (the frequency in Hz). Nothing else. Output only the answer."
5000,white_noise,-6.0,synth_lead,instrument,38,60,0,0,0,0,D2,G4,0,0,0,re,la#,0,0,0,60,G4,sib,1000,/home/hsnu2/PitchBench/data/analysis_audio/pitchbench_e2_background/D2_synth_lead_5000ms_bg_white_noise_snr-6db.wav,D2_synth_lead_5000ms_bg_white_noise_snr-6db.wav,"This audio contains a single sustained musical note mixed with a background sound. Identify the PITCH of the note, ignoring the background. What is the MIDI note number (an integer from 0 to 127)? Reply with ONLY the integer. Nothing else. Output only the answer.","This audio contains a single sustained musical note mixed with a background sound. Identify the PITCH of the note, ignoring the background. What is the note name and octave? Reply with ONLY the note name in Scientific Pitch Notation (e.g. C4, F#3, Bb5). Nothing else. Output only the answer.","This audio contains a single sustained musical note mixed with a background sound. Identify the PITCH of the note, ignoring the background. What is the solfege syllable and accidental (if needed) of this pitch? Use fixed-do (do=C, re=D, mi=E, fa=F, sol=G, la=A, si=B). Include sharps or flats when needed (e.g. do#, reb, fa#, sib). Do NOT include the octave. Reply with ONLY the syllable and accidental (if needed). Nothing else. Output only the answer.","This audio contains a single sustained musical note mixed with a background sound. Identify the PITCH of the note, ignoring the background. What is the main pitch frequency, expressed in Hertz? Reply with ONLY a number (the frequency in Hz). Nothing else. Output only the answer."
5000,church-bells,-6.0,synth_lead,instrument,38,60,0,0,0,0,D2,A4,0,0,0,re,la#,0,0,0,60,A4,la#,440,/home/hsnu2/PitchBench/data/analysis_audio/pitchbench_e2_background/D2_synth_lead_5000ms_bg_church-bells_snr-6db.wav,D2_synth_lead_5000ms_bg_church-bells_snr-6db.wav,"This audio contains a single sustained musical note mixed with a background sound. Identify the PITCH of the note, ignoring the background. What is the MIDI note number (an integer from 0 to 127)? Reply with ONLY the integer. Nothing else. Output only the answer.","This audio contains a single sustained musical note mixed with a background sound. Identify the PITCH of the note, ignoring the background. What is the note name and octave? Reply with ONLY the note name in Scientific Pitch Notation (e.g. C4, F#3, Bb5). Nothing else. Output only the answer.","This audio contains a single sustained musical note mixed with a background sound. Identify the PITCH of the note, ignoring the background. What is the solfege syllable and accidental (if needed) of this pitch? Use fixed-do (do=C, re=D, mi=E, fa=F, sol=G, la=A, si=B). Include sharps or flats when needed (e.g. do#, reb, fa#, sib). Do NOT include the octave. Reply with ONLY the syllable and accidental (if needed). Nothing else. Output only the answer.","This audio contains a single sustained musical note mixed with a background sound. Identify the PITCH of the note, ignoring the background. What is the main pitch frequency, expressed in Hertz? Reply with ONLY a number (the frequency in Hz). Nothing else. Output only the answer."
5000,crowd-noise,-6.0,synth_lead,instrument,38,62,0,0,1,0,D2,G4,0,0,0,re,la#,0,0,0,62,G4,la#,440,/home/hsnu2/PitchBench/data/analysis_audio/pitchbench_e2_background/D2_synth_lead_5000ms_bg_crowd-noise_snr-6db.wav,D2_synth_lead_5000ms_bg_crowd-noise_snr-6db.wav,"This audio contains a single sustained musical note mixed with a background sound. Identify the PITCH of the note, ignoring the background. What is the MIDI note number (an integer from 0 to 127)? Reply with ONLY the integer. Nothing else. Output only the answer.","This audio contains a single sustained musical note mixed with a background sound. Identify the PITCH of the note, ignoring the background. What is the note name and octave? Reply with ONLY the note name in Scientific Pitch Notation (e.g. C4, F#3, Bb5). Nothing else. Output only the answer.","This audio contains a single sustained musical note mixed with a background sound. Identify the PITCH of the note, ignoring the background. What is the solfege syllable and accidental (if needed) of this pitch? Use fixed-do (do=C, re=D, mi=E, fa=F, sol=G, la=A, si=B). Include sharps or flats when needed (e.g. do#, reb, fa#, sib). Do NOT include the octave. Reply with ONLY the syllable and accidental (if needed). Nothing else. Output only the answer.","This audio contains a single sustained musical note mixed with a background sound. Identify the PITCH of the note, ignoring the background. What is the main pitch frequency, expressed in Hertz? Reply with ONLY a number (the frequency in Hz). Nothing else. Output only the answer."
5000,rain,-6.0,synth_lead,instrument,38,60,0,0,0,0,D2,C4,0,0,0,re,la#,0,0,0,60,C4,la#,440,/home/hsnu2/PitchBench/data/analysis_audio/pitchbench_e2_background/D2_synth_lead_5000ms_bg_rain_snr-6db.wav,D2_synth_lead_5000ms_bg_rain_snr-6db.wav,"This audio contains a single sustained musical note mixed with a background sound. Identify the PITCH of the note, ignoring the background. What is the MIDI note number (an integer from 0 to 127)? Reply with ONLY the integer. Nothing else. Output only the answer.","This audio contains a single sustained musical note mixed with a background sound. Identify the PITCH of the note, ignoring the background. What is the note name and octave? Reply with ONLY the note name in Scientific Pitch Notation (e.g. C4, F#3, Bb5). Nothing else. Output only the answer.","This audio contains a single sustained musical note mixed with a background sound. Identify the PITCH of the note, ignoring the background. What is the solfege syllable and accidental (if needed) of this pitch? Use fixed-do (do=C, re=D, mi=E, fa=F, sol=G, la=A, si=B). Include sharps or flats when needed (e.g. do#, reb, fa#, sib). Do NOT include the octave. Reply with ONLY the syllable and accidental (if needed). Nothing else. Output only the answer.","This audio contains a single sustained musical note mixed with a background sound. Identify the PITCH of the note, ignoring the background. What is the main pitch frequency, expressed in Hertz? Reply with ONLY a number (the frequency in Hz). Nothing else. Output only the answer."
5000,street-noise,-6.0,synth_lead,instrument,38,60,0,0,0,0,D2,G2,0,0,1,re,la#,0,0,0,60,G2,la#,110,/home/hsnu2/PitchBench/data/analysis_audio/pitchbench_e2_background/D2_synth_lead_5000ms_bg_street-noise_snr-6db.wav,D2_synth_lead_5000ms_bg_street-noise_snr-6db.wav,"This audio contains a single sustained musical note mixed with a background sound. Identify the PITCH of the note, ignoring the background. What is the MIDI note number (an integer from 0 to 127)? Reply with ONLY the integer. Nothing else. Output only the answer.","This audio contains a single sustained musical note mixed with a background sound. Identify the PITCH of the note, ignoring the background. What is the note name and octave? Reply with ONLY the note name in Scientific Pitch Notation (e.g. C4, F#3, Bb5). Nothing else. Output only the answer.","This audio contains a single sustained musical note mixed with a background sound. Identify the PITCH of the note, ignoring the background. What is the solfege syllable and accidental (if needed) of this pitch? Use fixed-do (do=C, re=D, mi=E, fa=F, sol=G, la=A, si=B). Include sharps or flats when needed (e.g. do#, reb, fa#, sib). Do NOT include the octave. Reply with ONLY the syllable and accidental (if needed). Nothing else. Output only the answer.","This audio contains a single sustained musical note mixed with a background sound. Identify the PITCH of the note, ignoring the background. What is the main pitch frequency, expressed in Hertz? Reply with ONLY a number (the frequency in Hz). Nothing else. Output only the answer."
5000,oscillating-high-and-low-pitches,-6.0,synth_lead,instrument,38,62,0,0,1,0,D2,A4,0,0,0,re,la#,0,0,0,62,A4,la#,440,/home/hsnu2/PitchBench/data/analysis_audio/pitchbench_e2_background/D2_synth_lead_5000ms_bg_oscillating-high-and-low-pitches_snr-6db.wav,D2_synth_lead_5000ms_bg_oscillating-high-and-low-pitches_snr-6db.wav,"This audio contains a single sustained musical note mixed with a background sound. Identify the PITCH of the note, ignoring the background. What is the MIDI note number (an integer from 0 to 127)? Reply with ONLY the integer. Nothing else. Output only the answer.","This audio contains a single sustained musical note mixed with a background sound. Identify the PITCH of the note, ignoring the background. What is the note name and octave? Reply with ONLY the note name in Scientific Pitch Notation (e.g. C4, F#3, Bb5). Nothing else. Output only the answer.","This audio contains a single sustained musical note mixed with a background sound. Identify the PITCH of the note, ignoring the background. What is the solfege syllable and accidental (if needed) of this pitch? Use fixed-do (do=C, re=D, mi=E, fa=F, sol=G, la=A, si=B). Include sharps or flats when needed (e.g. do#, reb, fa#, sib). Do NOT include the octave. Reply with ONLY the syllable and accidental (if needed). Nothing else. Output only the answer.","This audio contains a single sustained musical note mixed with a background sound. Identify the PITCH of the note, ignoring the background. What is the main pitch frequency, expressed in Hertz? Reply with ONLY a number (the frequency in Hz). Nothing else. Output only the answer."
5000,white_noise,-6.0,synth_lead,instrument,47,60,0,0,0,0,B2,G4,0,0,0,si,la#,0,0,0,60,G4,la#,1000,/home/hsnu2/PitchBench/data/analysis_audio/pitchbench_e2_background/B2_synth_lead_5000ms_bg_white_noise_snr-6db.wav,B2_synth_lead_5000ms_bg_white_noise_snr-6db.wav,"This audio contains a single sustained musical note mixed with a background sound. Identify the PITCH of the note, ignoring the background. What is the MIDI note number (an integer from 0 to 127)? Reply with ONLY the integer. Nothing else. Output only the answer.","This audio contains a single sustained musical note mixed with a background sound. Identify the PITCH of the note, ignoring the background. What is the note name and octave? Reply with ONLY the note name in Scientific Pitch Notation (e.g. C4, F#3, Bb5). Nothing else. Output only the answer.","This audio contains a single sustained musical note mixed with a background sound. Identify the PITCH of the note, ignoring the background. What is the solfege syllable and accidental (if needed) of this pitch? Use fixed-do (do=C, re=D, mi=E, fa=F, sol=G, la=A, si=B). Include sharps or flats when needed (e.g. do#, reb, fa#, sib). Do NOT include the octave. Reply with ONLY the syllable and accidental (if needed). Nothing else. Output only the answer.","This audio contains a single sustained musical note mixed with a background sound. Identify the PITCH of the note, ignoring the background. What is the main pitch frequency, expressed in Hertz? Reply with ONLY a number (the frequency in Hz). Nothing else. Output only the answer."
5000,church-bells,-6.0,synth_lead,instrument,47,60,0,0,0,0,B2,A4,0,0,0,si,la#,0,0,0,60,A4,la#,440,/home/hsnu2/PitchBench/data/analysis_audio/pitchbench_e2_background/B2_synth_lead_5000ms_bg_church-bells_snr-6db.wav,B2_synth_lead_5000ms_bg_church-bells_snr-6db.wav,"This audio contains a single sustained musical note mixed with a background sound. Identify the PITCH of the note, ignoring the background. What is the MIDI note number (an integer from 0 to 127)? Reply with ONLY the integer. Nothing else. Output only the answer.","This audio contains a single sustained musical note mixed with a background sound. Identify the PITCH of the note, ignoring the background. What is the note name and octave? Reply with ONLY the note name in Scientific Pitch Notation (e.g. C4, F#3, Bb5). Nothing else. Output only the answer.","This audio contains a single sustained musical note mixed with a background sound. Identify the PITCH of the note, ignoring the background. What is the solfege syllable and accidental (if needed) of this pitch? Use fixed-do (do=C, re=D, mi=E, fa=F, sol=G, la=A, si=B). Include sharps or flats when needed (e.g. do#, reb, fa#, sib). Do NOT include the octave. Reply with ONLY the syllable and accidental (if needed). Nothing else. Output only the answer.","This audio contains a single sustained musical note mixed with a background sound. Identify the PITCH of the note, ignoring the background. What is the main pitch frequency, expressed in Hertz? Reply with ONLY a number (the frequency in Hz). Nothing else. Output only the answer."
5000,crowd-noise,-6.0,synth_lead,instrument,47,60,0,0,0,0,B2,C4,0,0,0,si,la#,0,0,0,60,C4,sib,1000,/home/hsnu2/PitchBench/data/analysis_audio/pitchbench_e2_background/B2_synth_lead_5000ms_bg_crowd-noise_snr-6db.wav,B2_synth_lead_5000ms_bg_crowd-noise_snr-6db.wav,"This audio contains a single sustained musical note mixed with a background sound. Identify the PITCH of the note, ignoring the background. What is the MIDI note number (an integer from 0 to 127)? Reply with ONLY the integer. Nothing else. Output only the answer.","This audio contains a single sustained musical note mixed with a background sound. Identify the PITCH of the note, ignoring the background. What is the note name and octave? Reply with ONLY the note name in Scientific Pitch Notation (e.g. C4, F#3, Bb5). Nothing else. Output only the answer.","This audio contains a single sustained musical note mixed with a background sound. Identify the PITCH of the note, ignoring the background. What is the solfege syllable and accidental (if needed) of this pitch? Use fixed-do (do=C, re=D, mi=E, fa=F, sol=G, la=A, si=B). Include sharps or flats when needed (e.g. do#, reb, fa#, sib). Do NOT include the octave. Reply with ONLY the syllable and accidental (if needed). Nothing else. Output only the answer.","This audio contains a single sustained musical note mixed with a background sound. Identify the PITCH of the note, ignoring the background. What is the main pitch frequency, expressed in Hertz? Reply with ONLY a number (the frequency in Hz). Nothing else. Output only the answer."
5000,rain,-6.0,synth_lead,instrument,47,60,0,0,0,0,B2,C4,0,0,0,si,la#,0,0,0,60,C4,la#,440,/home/hsnu2/PitchBench/data/analysis_audio/pitchbench_e2_background/B2_synth_lead_5000ms_bg_rain_snr-6db.wav,B2_synth_lead_5000ms_bg_rain_snr-6db.wav,"This audio contains a single sustained musical note mixed with a background sound. Identify the PITCH of the note, ignoring the background. What is the MIDI note number (an integer from 0 to 127)? Reply with ONLY the integer. Nothing else. Output only the answer.","This audio contains a single sustained musical note mixed with a background sound. Identify the PITCH of the note, ignoring the background. What is the note name and octave? Reply with ONLY the note name in Scientific Pitch Notation (e.g. C4, F#3, Bb5). Nothing else. Output only the answer.","This audio contains a single sustained musical note mixed with a background sound. Identify the PITCH of the note, ignoring the background. What is the solfege syllable and accidental (if needed) of this pitch? Use fixed-do (do=C, re=D, mi=E, fa=F, sol=G, la=A, si=B). Include sharps or flats when needed (e.g. do#, reb, fa#, sib). Do NOT include the octave. Reply with ONLY the syllable and accidental (if needed). Nothing else. Output only the answer.","This audio contains a single sustained musical note mixed with a background sound. Identify the PITCH of the note, ignoring the background. What is the main pitch frequency, expressed in Hertz? Reply with ONLY a number (the frequency in Hz). Nothing else. Output only the answer."
5000,street-noise,-6.0,synth_lead,instrument,47,62,0,0,0,0,B2,D#4,0,0,0,si,la#,0,0,0,62,D#4,la#,147,/home/hsnu2/PitchBench/data/analysis_audio/pitchbench_e2_background/B2_synth_lead_5000ms_bg_street-noise_snr-6db.wav,B2_synth_lead_5000ms_bg_street-noise_snr-6db.wav,"This audio contains a single sustained musical note mixed with a background sound. Identify the PITCH of the note, ignoring the background. What is the MIDI note number (an integer from 0 to 127)? Reply with ONLY the integer. Nothing else. Output only the answer.","This audio contains a single sustained musical note mixed with a background sound. Identify the PITCH of the note, ignoring the background. What is the note name and octave? Reply with ONLY the note name in Scientific Pitch Notation (e.g. C4, F#3, Bb5). Nothing else. Output only the answer.","This audio contains a single sustained musical note mixed with a background sound. Identify the PITCH of the note, ignoring the background. What is the solfege syllable and accidental (if needed) of this pitch? Use fixed-do (do=C, re=D, mi=E, fa=F, sol=G, la=A, si=B). Include sharps or flats when needed (e.g. do#, reb, fa#, sib). Do NOT include the octave. Reply with ONLY the syllable and accidental (if needed). Nothing else. Output only the answer.","This audio contains a single sustained musical note mixed with a background sound. Identify the PITCH of the note, ignoring the background. What is the main pitch frequency, expressed in Hertz? Reply with ONLY a number (the frequency in Hz). Nothing else. Output only the answer."
5000,oscillating-high-and-low-pitches,-6.0,synth_lead,instrument,47,60,0,0,0,0,B2,A4,0,0,0,si,la#,0,0,0,60,A4,la#,440,/home/hsnu2/PitchBench/data/analysis_audio/pitchbench_e2_background/B2_synth_lead_5000ms_bg_oscillating-high-and-low-pitches_snr-6db.wav,B2_synth_lead_5000ms_bg_oscillating-high-and-low-pitches_snr-6db.wav,"This audio contains a single sustained musical note mixed with a background sound. Identify the PITCH of the note, ignoring the background. What is the MIDI note number (an integer from 0 to 127)? Reply with ONLY the integer. Nothing else. Output only the answer.","This audio contains a single sustained musical note mixed with a background sound. Identify the PITCH of the note, ignoring the background. What is the note name and octave? Reply with ONLY the note name in Scientific Pitch Notation (e.g. C4, F#3, Bb5). Nothing else. Output only the answer.","This audio contains a single sustained musical note mixed with a background sound. Identify the PITCH of the note, ignoring the background. What is the solfege syllable and accidental (if needed) of this pitch? Use fixed-do (do=C, re=D, mi=E, fa=F, sol=G, la=A, si=B). Include sharps or flats when needed (e.g. do#, reb, fa#, sib). Do NOT include the octave. Reply with ONLY the syllable and accidental (if needed). Nothing else. Output only the answer.","This audio contains a single sustained musical note mixed with a background sound. Identify the PITCH of the note, ignoring the background. What is the main pitch frequency, expressed in Hertz? Reply with ONLY a number (the frequency in Hz). Nothing else. Output only the answer."
5000,white_noise,-6.0,synth_lead,instrument,56,60,0,0,0,0,G#3,C4,0,0,0,sol#,la#,0,0,0,60,C4,la#,1000,/home/hsnu2/PitchBench/data/analysis_audio/pitchbench_e2_background/Gs3_synth_lead_5000ms_bg_white_noise_snr-6db.wav,Gs3_synth_lead_5000ms_bg_white_noise_snr-6db.wav,"This audio contains a single sustained musical note mixed with a background sound. Identify the PITCH of the note, ignoring the background. What is the MIDI note number (an integer from 0 to 127)? Reply with ONLY the integer. Nothing else. Output only the answer.","This audio contains a single sustained musical note mixed with a background sound. Identify the PITCH of the note, ignoring the background. What is the note name and octave? Reply with ONLY the note name in Scientific Pitch Notation (e.g. C4, F#3, Bb5). Nothing else. Output only the answer.","This audio contains a single sustained musical note mixed with a background sound. Identify the PITCH of the note, ignoring the background. What is the solfege syllable and accidental (if needed) of this pitch? Use fixed-do (do=C, re=D, mi=E, fa=F, sol=G, la=A, si=B). Include sharps or flats when needed (e.g. do#, reb, fa#, sib). Do NOT include the octave. Reply with ONLY the syllable and accidental (if needed). Nothing else. Output only the answer.","This audio contains a single sustained musical note mixed with a background sound. Identify the PITCH of the note, ignoring the background. What is the main pitch frequency, expressed in Hertz? Reply with ONLY a number (the frequency in Hz). Nothing else. Output only the answer."
5000,church-bells,-6.0,synth_lead,instrument,56,65,0,0,0,0,G#3,G4,0,0,0,sol#,la#,0,0,0,65,G4,la#,440,/home/hsnu2/PitchBench/data/analysis_audio/pitchbench_e2_background/Gs3_synth_lead_5000ms_bg_church-bells_snr-6db.wav,Gs3_synth_lead_5000ms_bg_church-bells_snr-6db.wav,"This audio contains a single sustained musical note mixed with a background sound. Identify the PITCH of the note, ignoring the background. What is the MIDI note number (an integer from 0 to 127)? Reply with ONLY the integer. Nothing else. Output only the answer.","This audio contains a single sustained musical note mixed with a background sound. Identify the PITCH of the note, ignoring the background. What is the note name and octave? Reply with ONLY the note name in Scientific Pitch Notation (e.g. C4, F#3, Bb5). Nothing else. Output only the answer.","This audio contains a single sustained musical note mixed with a background sound. Identify the PITCH of the note, ignoring the background. What is the solfege syllable and accidental (if needed) of this pitch? Use fixed-do (do=C, re=D, mi=E, fa=F, sol=G, la=A, si=B). Include sharps or flats when needed (e.g. do#, reb, fa#, sib). Do NOT include the octave. Reply with ONLY the syllable and accidental (if needed). Nothing else. Output only the answer.","This audio contains a single sustained musical note mixed with a background sound. Identify the PITCH of the note, ignoring the background. What is the main pitch frequency, expressed in Hertz? Reply with ONLY a number (the frequency in Hz). Nothing else. Output only the answer."
5000,crowd-noise,-6.0,synth_lead,instrument,56,60,0,0,0,0,G#3,G4,0,0,0,sol#,la#,0,0,0,60,G4,sib,440,/home/hsnu2/PitchBench/data/analysis_audio/pitchbench_e2_background/Gs3_synth_lead_5000ms_bg_crowd-noise_snr-6db.wav,Gs3_synth_lead_5000ms_bg_crowd-noise_snr-6db.wav,"This audio contains a single sustained musical note mixed with a background sound. Identify the PITCH of the note, ignoring the background. What is the MIDI note number (an integer from 0 to 127)? Reply with ONLY the integer. Nothing else. Output only the answer.","This audio contains a single sustained musical note mixed with a background sound. Identify the PITCH of the note, ignoring the background. What is the note name and octave? Reply with ONLY the note name in Scientific Pitch Notation (e.g. C4, F#3, Bb5). Nothing else. Output only the answer.","This audio contains a single sustained musical note mixed with a background sound. Identify the PITCH of the note, ignoring the background. What is the solfege syllable and accidental (if needed) of this pitch? Use fixed-do (do=C, re=D, mi=E, fa=F, sol=G, la=A, si=B). Include sharps or flats when needed (e.g. do#, reb, fa#, sib). Do NOT include the octave. Reply with ONLY the syllable and accidental (if needed). Nothing else. Output only the answer.","This audio contains a single sustained musical note mixed with a background sound. Identify the PITCH of the note, ignoring the background. What is the main pitch frequency, expressed in Hertz? Reply with ONLY a number (the frequency in Hz). Nothing else. Output only the answer."
5000,rain,-6.0,synth_lead,instrument,56,60,0,0,0,0,G#3,C4,0,0,0,sol#,la#,0,0,0,60,C4,sib,1000,/home/hsnu2/PitchBench/data/analysis_audio/pitchbench_e2_background/Gs3_synth_lead_5000ms_bg_rain_snr-6db.wav,Gs3_synth_lead_5000ms_bg_rain_snr-6db.wav,"This audio contains a single sustained musical note mixed with a background sound. Identify the PITCH of the note, ignoring the background. What is the MIDI note number (an integer from 0 to 127)? Reply with ONLY the integer. Nothing else. Output only the answer.","This audio contains a single sustained musical note mixed with a background sound. Identify the PITCH of the note, ignoring the background. What is the note name and octave? Reply with ONLY the note name in Scientific Pitch Notation (e.g. C4, F#3, Bb5). Nothing else. Output only the answer.","This audio contains a single sustained musical note mixed with a background sound. Identify the PITCH of the note, ignoring the background. What is the solfege syllable and accidental (if needed) of this pitch? Use fixed-do (do=C, re=D, mi=E, fa=F, sol=G, la=A, si=B). Include sharps or flats when needed (e.g. do#, reb, fa#, sib). Do NOT include the octave. Reply with ONLY the syllable and accidental (if needed). Nothing else. Output only the answer.","This audio contains a single sustained musical note mixed with a background sound. Identify the PITCH of the note, ignoring the background. What is the main pitch frequency, expressed in Hertz? Reply with ONLY a number (the frequency in Hz). Nothing else. Output only the answer."
5000,street-noise,-6.0,synth_lead,instrument,56,60,0,0,0,0,G#3,G4,0,0,0,sol#,la#,0,0,0,60,G4,sib,110.00000000000001,/home/hsnu2/PitchBench/data/analysis_audio/pitchbench_e2_background/Gs3_synth_lead_5000ms_bg_street-noise_snr-6db.wav,Gs3_synth_lead_5000ms_bg_street-noise_snr-6db.wav,"This audio contains a single sustained musical note mixed with a background sound. Identify the PITCH of the note, ignoring the background. What is the MIDI note number (an integer from 0 to 127)? Reply with ONLY the integer. Nothing else. Output only the answer.","This audio contains a single sustained musical note mixed with a background sound. Identify the PITCH of the note, ignoring the background. What is the note name and octave? Reply with ONLY the note name in Scientific Pitch Notation (e.g. C4, F#3, Bb5). Nothing else. Output only the answer.","This audio contains a single sustained musical note mixed with a background sound. Identify the PITCH of the note, ignoring the background. What is the solfege syllable and accidental (if needed) of this pitch? Use fixed-do (do=C, re=D, mi=E, fa=F, sol=G, la=A, si=B). Include sharps or flats when needed (e.g. do#, reb, fa#, sib). Do NOT include the octave. Reply with ONLY the syllable and accidental (if needed). Nothing else. Output only the answer.","This audio contains a single sustained musical note mixed with a background sound. Identify the PITCH of the note, ignoring the background. What is the main pitch frequency, expressed in Hertz? Reply with ONLY a number (the frequency in Hz). Nothing else. Output only the answer."
5000,oscillating-high-and-low-pitches,-6.0,synth_lead,instrument,56,60,0,0,0,0,G#3,C4,0,0,0,sol#,la#,0,0,0,60,C4,sib,440,/home/hsnu2/PitchBench/data/analysis_audio/pitchbench_e2_background/Gs3_synth_lead_5000ms_bg_oscillating-high-and-low-pitches_snr-6db.wav,Gs3_synth_lead_5000ms_bg_oscillating-high-and-low-pitches_snr-6db.wav,"This audio contains a single sustained musical note mixed with a background sound. Identify the PITCH of the note, ignoring the background. What is the MIDI note number (an integer from 0 to 127)? Reply with ONLY the integer. Nothing else. Output only the answer.","This audio contains a single sustained musical note mixed with a background sound. Identify the PITCH of the note, ignoring the background. What is the note name and octave? Reply with ONLY the note name in Scientific Pitch Notation (e.g. C4, F#3, Bb5). Nothing else. Output only the answer.","This audio contains a single sustained musical note mixed with a background sound. Identify the PITCH of the note, ignoring the background. What is the solfege syllable and accidental (if needed) of this pitch? Use fixed-do (do=C, re=D, mi=E, fa=F, sol=G, la=A, si=B). Include sharps or flats when needed (e.g. do#, reb, fa#, sib). Do NOT include the octave. Reply with ONLY the syllable and accidental (if needed). Nothing else. Output only the answer.","This audio contains a single sustained musical note mixed with a background sound. Identify the PITCH of the note, ignoring the background. What is the main pitch frequency, expressed in Hertz? Reply with ONLY a number (the frequency in Hz). Nothing else. Output only the answer."
5000,white_noise,-6.0,synth_lead,instrument,65,72,0,0,0,0,F4,C4,0,0,1,fa,la#,0,0,0,72,C4,la#,1000,/home/hsnu2/PitchBench/data/analysis_audio/pitchbench_e2_background/F4_synth_lead_5000ms_bg_white_noise_snr-6db.wav,F4_synth_lead_5000ms_bg_white_noise_snr-6db.wav,"This audio contains a single sustained musical note mixed with a background sound. Identify the PITCH of the note, ignoring the background. What is the MIDI note number (an integer from 0 to 127)? Reply with ONLY the integer. Nothing else. Output only the answer.","This audio contains a single sustained musical note mixed with a background sound. Identify the PITCH of the note, ignoring the background. What is the note name and octave? Reply with ONLY the note name in Scientific Pitch Notation (e.g. C4, F#3, Bb5). Nothing else. Output only the answer.","This audio contains a single sustained musical note mixed with a background sound. Identify the PITCH of the note, ignoring the background. What is the solfege syllable and accidental (if needed) of this pitch? Use fixed-do (do=C, re=D, mi=E, fa=F, sol=G, la=A, si=B). Include sharps or flats when needed (e.g. do#, reb, fa#, sib). Do NOT include the octave. Reply with ONLY the syllable and accidental (if needed). Nothing else. Output only the answer.","This audio contains a single sustained musical note mixed with a background sound. Identify the PITCH of the note, ignoring the background. What is the main pitch frequency, expressed in Hertz? Reply with ONLY a number (the frequency in Hz). Nothing else. Output only the answer."
5000,church-bells,-6.0,synth_lead,instrument,65,60,0,0,0,1,F4,C4,0,0,1,fa,la#,0,0,0,60,C4,sib,440,/home/hsnu2/PitchBench/data/analysis_audio/pitchbench_e2_background/F4_synth_lead_5000ms_bg_church-bells_snr-6db.wav,F4_synth_lead_5000ms_bg_church-bells_snr-6db.wav,"This audio contains a single sustained musical note mixed with a background sound. Identify the PITCH of the note, ignoring the background. What is the MIDI note number (an integer from 0 to 127)? Reply with ONLY the integer. Nothing else. Output only the answer.","This audio contains a single sustained musical note mixed with a background sound. Identify the PITCH of the note, ignoring the background. What is the note name and octave? Reply with ONLY the note name in Scientific Pitch Notation (e.g. C4, F#3, Bb5). Nothing else. Output only the answer.","This audio contains a single sustained musical note mixed with a background sound. Identify the PITCH of the note, ignoring the background. What is the solfege syllable and accidental (if needed) of this pitch? Use fixed-do (do=C, re=D, mi=E, fa=F, sol=G, la=A, si=B). Include sharps or flats when needed (e.g. do#, reb, fa#, sib). Do NOT include the octave. Reply with ONLY the syllable and accidental (if needed). Nothing else. Output only the answer.","This audio contains a single sustained musical note mixed with a background sound. Identify the PITCH of the note, ignoring the background. What is the main pitch frequency, expressed in Hertz? Reply with ONLY a number (the frequency in Hz). Nothing else. Output only the answer."
5000,crowd-noise,-6.0,synth_lead,instrument,65,60,0,0,0,1,F4,G4,0,0,1,fa,la#,0,0,0,60,G4,sib,400,/home/hsnu2/PitchBench/data/analysis_audio/pitchbench_e2_background/F4_synth_lead_5000ms_bg_crowd-noise_snr-6db.wav,F4_synth_lead_5000ms_bg_crowd-noise_snr-6db.wav,"This audio contains a single sustained musical note mixed with a background sound. Identify the PITCH of the note, ignoring the background. What is the MIDI note number (an integer from 0 to 127)? Reply with ONLY the integer. Nothing else. Output only the answer.","This audio contains a single sustained musical note mixed with a background sound. Identify the PITCH of the note, ignoring the background. What is the note name and octave? Reply with ONLY the note name in Scientific Pitch Notation (e.g. C4, F#3, Bb5). Nothing else. Output only the answer.","This audio contains a single sustained musical note mixed with a background sound. Identify the PITCH of the note, ignoring the background. What is the solfege syllable and accidental (if needed) of this pitch? Use fixed-do (do=C, re=D, mi=E, fa=F, sol=G, la=A, si=B). Include sharps or flats when needed (e.g. do#, reb, fa#, sib). Do NOT include the octave. Reply with ONLY the syllable and accidental (if needed). Nothing else. Output only the answer.","This audio contains a single sustained musical note mixed with a background sound. Identify the PITCH of the note, ignoring the background. What is the main pitch frequency, expressed in Hertz? Reply with ONLY a number (the frequency in Hz). Nothing else. Output only the answer."
5000,rain,-6.0,synth_lead,instrument,65,62,0,0,0,1,F4,C4,0,0,1,fa,la#,0,0,0,62,C4,la#,440,/home/hsnu2/PitchBench/data/analysis_audio/pitchbench_e2_background/F4_synth_lead_5000ms_bg_rain_snr-6db.wav,F4_synth_lead_5000ms_bg_rain_snr-6db.wav,"This audio contains a single sustained musical note mixed with a background sound. Identify the PITCH of the note, ignoring the background. What is the MIDI note number (an integer from 0 to 127)? Reply with ONLY the integer. Nothing else. Output only the answer.","This audio contains a single sustained musical note mixed with a background sound. Identify the PITCH of the note, ignoring the background. What is the note name and octave? Reply with ONLY the note name in Scientific Pitch Notation (e.g. C4, F#3, Bb5). Nothing else. Output only the answer.","This audio contains a single sustained musical note mixed with a background sound. Identify the PITCH of the note, ignoring the background. What is the solfege syllable and accidental (if needed) of this pitch? Use fixed-do (do=C, re=D, mi=E, fa=F, sol=G, la=A, si=B). Include sharps or flats when needed (e.g. do#, reb, fa#, sib). Do NOT include the octave. Reply with ONLY the syllable and accidental (if needed). Nothing else. Output only the answer.","This audio contains a single sustained musical note mixed with a background sound. Identify the PITCH of the note, ignoring the background. What is the main pitch frequency, expressed in Hertz? Reply with ONLY a number (the frequency in Hz). Nothing else. Output only the answer."
5000,street-noise,-6.0,synth_lead,instrument,65,62,0,0,0,1,F4,D4,0,0,1,fa,la#,0,0,0,62,D4,la#,110,/home/hsnu2/PitchBench/data/analysis_audio/pitchbench_e2_background/F4_synth_lead_5000ms_bg_street-noise_snr-6db.wav,F4_synth_lead_5000ms_bg_street-noise_snr-6db.wav,"This audio contains a single sustained musical note mixed with a background sound. Identify the PITCH of the note, ignoring the background. What is the MIDI note number (an integer from 0 to 127)? Reply with ONLY the integer. Nothing else. Output only the answer.","This audio contains a single sustained musical note mixed with a background sound. Identify the PITCH of the note, ignoring the background. What is the note name and octave? Reply with ONLY the note name in Scientific Pitch Notation (e.g. C4, F#3, Bb5). Nothing else. Output only the answer.","This audio contains a single sustained musical note mixed with a background sound. Identify the PITCH of the note, ignoring the background. What is the solfege syllable and accidental (if needed) of this pitch? Use fixed-do (do=C, re=D, mi=E, fa=F, sol=G, la=A, si=B). Include sharps or flats when needed (e.g. do#, reb, fa#, sib). Do NOT include the octave. Reply with ONLY the syllable and accidental (if needed). Nothing else. Output only the answer.","This audio contains a single sustained musical note mixed with a background sound. Identify the PITCH of the note, ignoring the background. What is the main pitch frequency, expressed in Hertz? Reply with ONLY a number (the frequency in Hz). Nothing else. Output only the answer."
5000,oscillating-high-and-low-pitches,-6.0,synth_lead,instrument,65,60,0,0,0,1,F4,C4,0,0,1,fa,la#,0,0,0,60,C4,sib,1000,/home/hsnu2/PitchBench/data/analysis_audio/pitchbench_e2_background/F4_synth_lead_5000ms_bg_oscillating-high-and-low-pitches_snr-6db.wav,F4_synth_lead_5000ms_bg_oscillating-high-and-low-pitches_snr-6db.wav,"This audio contains a single sustained musical note mixed with a background sound. Identify the PITCH of the note, ignoring the background. What is the MIDI note number (an integer from 0 to 127)? Reply with ONLY the integer. Nothing else. Output only the answer.","This audio contains a single sustained musical note mixed with a background sound. Identify the PITCH of the note, ignoring the background. What is the note name and octave? Reply with ONLY the note name in Scientific Pitch Notation (e.g. C4, F#3, Bb5). Nothing else. Output only the answer.","This audio contains a single sustained musical note mixed with a background sound. Identify the PITCH of the note, ignoring the background. What is the solfege syllable and accidental (if needed) of this pitch? Use fixed-do (do=C, re=D, mi=E, fa=F, sol=G, la=A, si=B). Include sharps or flats when needed (e.g. do#, reb, fa#, sib). Do NOT include the octave. Reply with ONLY the syllable and accidental (if needed). Nothing else. Output only the answer.","This audio contains a single sustained musical note mixed with a background sound. Identify the PITCH of the note, ignoring the background. What is the main pitch frequency, expressed in Hertz? Reply with ONLY a number (the frequency in Hz). Nothing else. Output only the answer."
5000,white_noise,-6.0,synth_lead,instrument,74,60,0,0,0,0,D5,G#4,0,0,0,re,la#,0,0,0,60,G#4,la#,1000,/home/hsnu2/PitchBench/data/analysis_audio/pitchbench_e2_background/D5_synth_lead_5000ms_bg_white_noise_snr-6db.wav,D5_synth_lead_5000ms_bg_white_noise_snr-6db.wav,"This audio contains a single sustained musical note mixed with a background sound. Identify the PITCH of the note, ignoring the background. What is the MIDI note number (an integer from 0 to 127)? Reply with ONLY the integer. Nothing else. Output only the answer.","This audio contains a single sustained musical note mixed with a background sound. Identify the PITCH of the note, ignoring the background. What is the note name and octave? Reply with ONLY the note name in Scientific Pitch Notation (e.g. C4, F#3, Bb5). Nothing else. Output only the answer.","This audio contains a single sustained musical note mixed with a background sound. Identify the PITCH of the note, ignoring the background. What is the solfege syllable and accidental (if needed) of this pitch? Use fixed-do (do=C, re=D, mi=E, fa=F, sol=G, la=A, si=B). Include sharps or flats when needed (e.g. do#, reb, fa#, sib). Do NOT include the octave. Reply with ONLY the syllable and accidental (if needed). Nothing else. Output only the answer.","This audio contains a single sustained musical note mixed with a background sound. Identify the PITCH of the note, ignoring the background. What is the main pitch frequency, expressed in Hertz? Reply with ONLY a number (the frequency in Hz). Nothing else. Output only the answer."
5000,church-bells,-6.0,synth_lead,instrument,74,69,0,0,0,0,D5,A4,0,0,0,re,la#,0,0,0,69,A4,la#,440,/home/hsnu2/PitchBench/data/analysis_audio/pitchbench_e2_background/D5_synth_lead_5000ms_bg_church-bells_snr-6db.wav,D5_synth_lead_5000ms_bg_church-bells_snr-6db.wav,"This audio contains a single sustained musical note mixed with a background sound. Identify the PITCH of the note, ignoring the background. What is the MIDI note number (an integer from 0 to 127)? Reply with ONLY the integer. Nothing else. Output only the answer.","This audio contains a single sustained musical note mixed with a background sound. Identify the PITCH of the note, ignoring the background. What is the note name and octave? Reply with ONLY the note name in Scientific Pitch Notation (e.g. C4, F#3, Bb5). Nothing else. Output only the answer.","This audio contains a single sustained musical note mixed with a background sound. Identify the PITCH of the note, ignoring the background. What is the solfege syllable and accidental (if needed) of this pitch? Use fixed-do (do=C, re=D, mi=E, fa=F, sol=G, la=A, si=B). Include sharps or flats when needed (e.g. do#, reb, fa#, sib). Do NOT include the octave. Reply with ONLY the syllable and accidental (if needed). Nothing else. Output only the answer.","This audio contains a single sustained musical note mixed with a background sound. Identify the PITCH of the note, ignoring the background. What is the main pitch frequency, expressed in Hertz? Reply with ONLY a number (the frequency in Hz). Nothing else. Output only the answer."
5000,crowd-noise,-6.0,synth_lead,instrument,74,60,0,0,0,0,D5,G4,0,0,0,re,la#,0,0,0,60,G4,sib,440,/home/hsnu2/PitchBench/data/analysis_audio/pitchbench_e2_background/D5_synth_lead_5000ms_bg_crowd-noise_snr-6db.wav,D5_synth_lead_5000ms_bg_crowd-noise_snr-6db.wav,"This audio contains a single sustained musical note mixed with a background sound. Identify the PITCH of the note, ignoring the background. What is the MIDI note number (an integer from 0 to 127)? Reply with ONLY the integer. Nothing else. Output only the answer.","This audio contains a single sustained musical note mixed with a background sound. Identify the PITCH of the note, ignoring the background. What is the note name and octave? Reply with ONLY the note name in Scientific Pitch Notation (e.g. C4, F#3, Bb5). Nothing else. Output only the answer.","This audio contains a single sustained musical note mixed with a background sound. Identify the PITCH of the note, ignoring the background. What is the solfege syllable and accidental (if needed) of this pitch? Use fixed-do (do=C, re=D, mi=E, fa=F, sol=G, la=A, si=B). Include sharps or flats when needed (e.g. do#, reb, fa#, sib). Do NOT include the octave. Reply with ONLY the syllable and accidental (if needed). Nothing else. Output only the answer.","This audio contains a single sustained musical note mixed with a background sound. Identify the PITCH of the note, ignoring the background. What is the main pitch frequency, expressed in Hertz? Reply with ONLY a number (the frequency in Hz). Nothing else. Output only the answer."
5000,rain,-6.0,synth_lead,instrument,74,62,0,0,1,0,D5,C4,0,0,0,re,la#,0,0,0,62,C4,sib,440,/home/hsnu2/PitchBench/data/analysis_audio/pitchbench_e2_background/D5_synth_lead_5000ms_bg_rain_snr-6db.wav,D5_synth_lead_5000ms_bg_rain_snr-6db.wav,"This audio contains a single sustained musical note mixed with a background sound. Identify the PITCH of the note, ignoring the background. What is the MIDI note number (an integer from 0 to 127)? Reply with ONLY the integer. Nothing else. Output only the answer.","This audio contains a single sustained musical note mixed with a background sound. Identify the PITCH of the note, ignoring the background. What is the note name and octave? Reply with ONLY the note name in Scientific Pitch Notation (e.g. C4, F#3, Bb5). Nothing else. Output only the answer.","This audio contains a single sustained musical note mixed with a background sound. Identify the PITCH of the note, ignoring the background. What is the solfege syllable and accidental (if needed) of this pitch? Use fixed-do (do=C, re=D, mi=E, fa=F, sol=G, la=A, si=B). Include sharps or flats when needed (e.g. do#, reb, fa#, sib). Do NOT include the octave. Reply with ONLY the syllable and accidental (if needed). Nothing else. Output only the answer.","This audio contains a single sustained musical note mixed with a background sound. Identify the PITCH of the note, ignoring the background. What is the main pitch frequency, expressed in Hertz? Reply with ONLY a number (the frequency in Hz). Nothing else. Output only the answer."
5000,street-noise,-6.0,synth_lead,instrument,74,48,0,0,0,0,D5,D4,0,1,0,re,la#,0,0,0,48,D4,sib,110.0,/home/hsnu2/PitchBench/data/analysis_audio/pitchbench_e2_background/D5_synth_lead_5000ms_bg_street-noise_snr-6db.wav,D5_synth_lead_5000ms_bg_street-noise_snr-6db.wav,"This audio contains a single sustained musical note mixed with a background sound. Identify the PITCH of the note, ignoring the background. What is the MIDI note number (an integer from 0 to 127)? Reply with ONLY the integer. Nothing else. Output only the answer.","This audio contains a single sustained musical note mixed with a background sound. Identify the PITCH of the note, ignoring the background. What is the note name and octave? Reply with ONLY the note name in Scientific Pitch Notation (e.g. C4, F#3, Bb5). Nothing else. Output only the answer.","This audio contains a single sustained musical note mixed with a background sound. Identify the PITCH of the note, ignoring the background. What is the solfege syllable and accidental (if needed) of this pitch? Use fixed-do (do=C, re=D, mi=E, fa=F, sol=G, la=A, si=B). Include sharps or flats when needed (e.g. do#, reb, fa#, sib). Do NOT include the octave. Reply with ONLY the syllable and accidental (if needed). Nothing else. Output only the answer.","This audio contains a single sustained musical note mixed with a background sound. Identify the PITCH of the note, ignoring the background. What is the main pitch frequency, expressed in Hertz? Reply with ONLY a number (the frequency in Hz). Nothing else. Output only the answer."
5000,oscillating-high-and-low-pitches,-6.0,synth_lead,instrument,74,69,0,0,0,0,D5,A4,0,0,0,re,la#,0,0,0,69,A4,la#,440,/home/hsnu2/PitchBench/data/analysis_audio/pitchbench_e2_background/D5_synth_lead_5000ms_bg_oscillating-high-and-low-pitches_snr-6db.wav,D5_synth_lead_5000ms_bg_oscillating-high-and-low-pitches_snr-6db.wav,"This audio contains a single sustained musical note mixed with a background sound. Identify the PITCH of the note, ignoring the background. What is the MIDI note number (an integer from 0 to 127)? Reply with ONLY the integer. Nothing else. Output only the answer.","This audio contains a single sustained musical note mixed with a background sound. Identify the PITCH of the note, ignoring the background. What is the note name and octave? Reply with ONLY the note name in Scientific Pitch Notation (e.g. C4, F#3, Bb5). Nothing else. Output only the answer.","This audio contains a single sustained musical note mixed with a background sound. Identify the PITCH of the note, ignoring the background. What is the solfege syllable and accidental (if needed) of this pitch? Use fixed-do (do=C, re=D, mi=E, fa=F, sol=G, la=A, si=B). Include sharps or flats when needed (e.g. do#, reb, fa#, sib). Do NOT include the octave. Reply with ONLY the syllable and accidental (if needed). Nothing else. Output only the answer.","This audio contains a single sustained musical note mixed with a background sound. Identify the PITCH of the note, ignoring the background. What is the main pitch frequency, expressed in Hertz? Reply with ONLY a number (the frequency in Hz). Nothing else. Output only the answer."
5000,white_noise,-6.0,synth_lead,instrument,83,60,0,0,0,0,B5,G#4,0,0,0,si,la#,0,0,0,60,G#4,la#,1000,/home/hsnu2/PitchBench/data/analysis_audio/pitchbench_e2_background/B5_synth_lead_5000ms_bg_white_noise_snr-6db.wav,B5_synth_lead_5000ms_bg_white_noise_snr-6db.wav,"This audio contains a single sustained musical note mixed with a background sound. Identify the PITCH of the note, ignoring the background. What is the MIDI note number (an integer from 0 to 127)? Reply with ONLY the integer. Nothing else. Output only the answer.","This audio contains a single sustained musical note mixed with a background sound. Identify the PITCH of the note, ignoring the background. What is the note name and octave? Reply with ONLY the note name in Scientific Pitch Notation (e.g. C4, F#3, Bb5). Nothing else. Output only the answer.","This audio contains a single sustained musical note mixed with a background sound. Identify the PITCH of the note, ignoring the background. What is the solfege syllable and accidental (if needed) of this pitch? Use fixed-do (do=C, re=D, mi=E, fa=F, sol=G, la=A, si=B). Include sharps or flats when needed (e.g. do#, reb, fa#, sib). Do NOT include the octave. Reply with ONLY the syllable and accidental (if needed). Nothing else. Output only the answer.","This audio contains a single sustained musical note mixed with a background sound. Identify the PITCH of the note, ignoring the background. What is the main pitch frequency, expressed in Hertz? Reply with ONLY a number (the frequency in Hz). Nothing else. Output only the answer."
5000,church-bells,-6.0,synth_lead,instrument,83,60,0,0,0,0,B5,A4,0,0,0,si,la#,0,0,0,60,A4,sib,440,/home/hsnu2/PitchBench/data/analysis_audio/pitchbench_e2_background/B5_synth_lead_5000ms_bg_church-bells_snr-6db.wav,B5_synth_lead_5000ms_bg_church-bells_snr-6db.wav,"This audio contains a single sustained musical note mixed with a background sound. Identify the PITCH of the note, ignoring the background. What is the MIDI note number (an integer from 0 to 127)? Reply with ONLY the integer. Nothing else. Output only the answer.","This audio contains a single sustained musical note mixed with a background sound. Identify the PITCH of the note, ignoring the background. What is the note name and octave? Reply with ONLY the note name in Scientific Pitch Notation (e.g. C4, F#3, Bb5). Nothing else. Output only the answer.","This audio contains a single sustained musical note mixed with a background sound. Identify the PITCH of the note, ignoring the background. What is the solfege syllable and accidental (if needed) of this pitch? Use fixed-do (do=C, re=D, mi=E, fa=F, sol=G, la=A, si=B). Include sharps or flats when needed (e.g. do#, reb, fa#, sib). Do NOT include the octave. Reply with ONLY the syllable and accidental (if needed). Nothing else. Output only the answer.","This audio contains a single sustained musical note mixed with a background sound. Identify the PITCH of the note, ignoring the background. What is the main pitch frequency, expressed in Hertz? Reply with ONLY a number (the frequency in Hz). Nothing else. Output only the answer."
5000,crowd-noise,-6.0,synth_lead,instrument,83,60,0,0,0,0,B5,G#4,0,0,0,si,la#,0,0,0,60,G#4,sib,400,/home/hsnu2/PitchBench/data/analysis_audio/pitchbench_e2_background/B5_synth_lead_5000ms_bg_crowd-noise_snr-6db.wav,B5_synth_lead_5000ms_bg_crowd-noise_snr-6db.wav,"This audio contains a single sustained musical note mixed with a background sound. Identify the PITCH of the note, ignoring the background. What is the MIDI note number (an integer from 0 to 127)? Reply with ONLY the integer. Nothing else. Output only the answer.","This audio contains a single sustained musical note mixed with a background sound. Identify the PITCH of the note, ignoring the background. What is the note name and octave? Reply with ONLY the note name in Scientific Pitch Notation (e.g. C4, F#3, Bb5). Nothing else. Output only the answer.","This audio contains a single sustained musical note mixed with a background sound. Identify the PITCH of the note, ignoring the background. What is the solfege syllable and accidental (if needed) of this pitch? Use fixed-do (do=C, re=D, mi=E, fa=F, sol=G, la=A, si=B). Include sharps or flats when needed (e.g. do#, reb, fa#, sib). Do NOT include the octave. Reply with ONLY the syllable and accidental (if needed). Nothing else. Output only the answer.","This audio contains a single sustained musical note mixed with a background sound. Identify the PITCH of the note, ignoring the background. What is the main pitch frequency, expressed in Hertz? Reply with ONLY a number (the frequency in Hz). Nothing else. Output only the answer."
5000,rain,-6.0,synth_lead,instrument,83,60,0,0,0,0,B5,C4,0,0,0,si,sol#,0,0,0,60,C4,sol#,440,/home/hsnu2/PitchBench/data/analysis_audio/pitchbench_e2_background/B5_synth_lead_5000ms_bg_rain_snr-6db.wav,B5_synth_lead_5000ms_bg_rain_snr-6db.wav,"This audio contains a single sustained musical note mixed with a background sound. Identify the PITCH of the note, ignoring the background. What is the MIDI note number (an integer from 0 to 127)? Reply with ONLY the integer. Nothing else. Output only the answer.","This audio contains a single sustained musical note mixed with a background sound. Identify the PITCH of the note, ignoring the background. What is the note name and octave? Reply with ONLY the note name in Scientific Pitch Notation (e.g. C4, F#3, Bb5). Nothing else. Output only the answer.","This audio contains a single sustained musical note mixed with a background sound. Identify the PITCH of the note, ignoring the background. What is the solfege syllable and accidental (if needed) of this pitch? Use fixed-do (do=C, re=D, mi=E, fa=F, sol=G, la=A, si=B). Include sharps or flats when needed (e.g. do#, reb, fa#, sib). Do NOT include the octave. Reply with ONLY the syllable and accidental (if needed). Nothing else. Output only the answer.","This audio contains a single sustained musical note mixed with a background sound. Identify the PITCH of the note, ignoring the background. What is the main pitch frequency, expressed in Hertz? Reply with ONLY a number (the frequency in Hz). Nothing else. Output only the answer."
5000,street-noise,-6.0,synth_lead,instrument,83,60,0,0,0,0,B5,G4,0,0,0,si,la#,0,0,0,60,G4,sib,440,/home/hsnu2/PitchBench/data/analysis_audio/pitchbench_e2_background/B5_synth_lead_5000ms_bg_street-noise_snr-6db.wav,B5_synth_lead_5000ms_bg_street-noise_snr-6db.wav,"This audio contains a single sustained musical note mixed with a background sound. Identify the PITCH of the note, ignoring the background. What is the MIDI note number (an integer from 0 to 127)? Reply with ONLY the integer. Nothing else. Output only the answer.","This audio contains a single sustained musical note mixed with a background sound. Identify the PITCH of the note, ignoring the background. What is the note name and octave? Reply with ONLY the note name in Scientific Pitch Notation (e.g. C4, F#3, Bb5). Nothing else. Output only the answer.","This audio contains a single sustained musical note mixed with a background sound. Identify the PITCH of the note, ignoring the background. What is the solfege syllable and accidental (if needed) of this pitch? Use fixed-do (do=C, re=D, mi=E, fa=F, sol=G, la=A, si=B). Include sharps or flats when needed (e.g. do#, reb, fa#, sib). Do NOT include the octave. Reply with ONLY the syllable and accidental (if needed). Nothing else. Output only the answer.","This audio contains a single sustained musical note mixed with a background sound. Identify the PITCH of the note, ignoring the background. What is the main pitch frequency, expressed in Hertz? Reply with ONLY a number (the frequency in Hz). Nothing else. Output only the answer."
5000,oscillating-high-and-low-pitches,-6.0,synth_lead,instrument,83,72,0,0,0,1,B5,G#5,0,0,1,si,la#,0,0,0,72,G#5,la#,1000,/home/hsnu2/PitchBench/data/analysis_audio/pitchbench_e2_background/B5_synth_lead_5000ms_bg_oscillating-high-and-low-pitches_snr-6db.wav,B5_synth_lead_5000ms_bg_oscillating-high-and-low-pitches_snr-6db.wav,"This audio contains a single sustained musical note mixed with a background sound. Identify the PITCH of the note, ignoring the background. What is the MIDI note number (an integer from 0 to 127)? Reply with ONLY the integer. Nothing else. Output only the answer.","This audio contains a single sustained musical note mixed with a background sound. Identify the PITCH of the note, ignoring the background. What is the note name and octave? Reply with ONLY the note name in Scientific Pitch Notation (e.g. C4, F#3, Bb5). Nothing else. Output only the answer.","This audio contains a single sustained musical note mixed with a background sound. Identify the PITCH of the note, ignoring the background. What is the solfege syllable and accidental (if needed) of this pitch? Use fixed-do (do=C, re=D, mi=E, fa=F, sol=G, la=A, si=B). Include sharps or flats when needed (e.g. do#, reb, fa#, sib). Do NOT include the octave. Reply with ONLY the syllable and accidental (if needed). Nothing else. Output only the answer.","This audio contains a single sustained musical note mixed with a background sound. Identify the PITCH of the note, ignoring the background. What is the main pitch frequency, expressed in Hertz? Reply with ONLY a number (the frequency in Hz). Nothing else. Output only the answer."
5000,white_noise,-6.0,cello,instrument,29,60,0,0,0,0,F1,A4,0,0,0,fa,la#,0,0,0,60,A4,la#,1000,/home/hsnu2/PitchBench/data/analysis_audio/pitchbench_e2_background/F1_cello_5000ms_bg_white_noise_snr-6db.wav,F1_cello_5000ms_bg_white_noise_snr-6db.wav,"This audio contains a single sustained musical note mixed with a background sound. Identify the PITCH of the note, ignoring the background. What is the MIDI note number (an integer from 0 to 127)? Reply with ONLY the integer. Nothing else. Output only the answer.","This audio contains a single sustained musical note mixed with a background sound. Identify the PITCH of the note, ignoring the background. What is the note name and octave? Reply with ONLY the note name in Scientific Pitch Notation (e.g. C4, F#3, Bb5). Nothing else. Output only the answer.","This audio contains a single sustained musical note mixed with a background sound. Identify the PITCH of the note, ignoring the background. What is the solfege syllable and accidental (if needed) of this pitch? Use fixed-do (do=C, re=D, mi=E, fa=F, sol=G, la=A, si=B). Include sharps or flats when needed (e.g. do#, reb, fa#, sib). Do NOT include the octave. Reply with ONLY the syllable and accidental (if needed). Nothing else. Output only the answer.","This audio contains a single sustained musical note mixed with a background sound. Identify the PITCH of the note, ignoring the background. What is the main pitch frequency, expressed in Hertz? Reply with ONLY a number (the frequency in Hz). Nothing else. Output only the answer."
5000,church-bells,-6.0,cello,instrument,29,64,0,0,0,0,F1,C5,0,0,0,fa,la#,0,0,0,64,C5,sib,440,/home/hsnu2/PitchBench/data/analysis_audio/pitchbench_e2_background/F1_cello_5000ms_bg_church-bells_snr-6db.wav,F1_cello_5000ms_bg_church-bells_snr-6db.wav,"This audio contains a single sustained musical note mixed with a background sound. Identify the PITCH of the note, ignoring the background. What is the MIDI note number (an integer from 0 to 127)? Reply with ONLY the integer. Nothing else. Output only the answer.","This audio contains a single sustained musical note mixed with a background sound. Identify the PITCH of the note, ignoring the background. What is the note name and octave? Reply with ONLY the note name in Scientific Pitch Notation (e.g. C4, F#3, Bb5). Nothing else. Output only the answer.","This audio contains a single sustained musical note mixed with a background sound. Identify the PITCH of the note, ignoring the background. What is the solfege syllable and accidental (if needed) of this pitch? Use fixed-do (do=C, re=D, mi=E, fa=F, sol=G, la=A, si=B). Include sharps or flats when needed (e.g. do#, reb, fa#, sib). Do NOT include the octave. Reply with ONLY the syllable and accidental (if needed). Nothing else. Output only the answer.","This audio contains a single sustained musical note mixed with a background sound. Identify the PITCH of the note, ignoring the background. What is the main pitch frequency, expressed in Hertz? Reply with ONLY a number (the frequency in Hz). Nothing else. Output only the answer."
5000,crowd-noise,-6.0,cello,instrument,29,60,0,0,0,0,F1,D4,0,0,0,fa,la#,0,0,0,60,D4,sib,440,/home/hsnu2/PitchBench/data/analysis_audio/pitchbench_e2_background/F1_cello_5000ms_bg_crowd-noise_snr-6db.wav,F1_cello_5000ms_bg_crowd-noise_snr-6db.wav,"This audio contains a single sustained musical note mixed with a background sound. Identify the PITCH of the note, ignoring the background. What is the MIDI note number (an integer from 0 to 127)? Reply with ONLY the integer. Nothing else. Output only the answer.","This audio contains a single sustained musical note mixed with a background sound. Identify the PITCH of the note, ignoring the background. What is the note name and octave? Reply with ONLY the note name in Scientific Pitch Notation (e.g. C4, F#3, Bb5). Nothing else. Output only the answer.","This audio contains a single sustained musical note mixed with a background sound. Identify the PITCH of the note, ignoring the background. What is the solfege syllable and accidental (if needed) of this pitch? Use fixed-do (do=C, re=D, mi=E, fa=F, sol=G, la=A, si=B). Include sharps or flats when needed (e.g. do#, reb, fa#, sib). Do NOT include the octave. Reply with ONLY the syllable and accidental (if needed). Nothing else. Output only the answer.","This audio contains a single sustained musical note mixed with a background sound. Identify the PITCH of the note, ignoring the background. What is the main pitch frequency, expressed in Hertz? Reply with ONLY a number (the frequency in Hz). Nothing else. Output only the answer."
5000,rain,-6.0,cello,instrument,29,60,0,0,0,0,F1,G4,0,0,0,fa,sol#,0,0,0,60,G4,sol#,440,/home/hsnu2/PitchBench/data/analysis_audio/pitchbench_e2_background/F1_cello_5000ms_bg_rain_snr-6db.wav,F1_cello_5000ms_bg_rain_snr-6db.wav,"This audio contains a single sustained musical note mixed with a background sound. Identify the PITCH of the note, ignoring the background. What is the MIDI note number (an integer from 0 to 127)? Reply with ONLY the integer. Nothing else. Output only the answer.","This audio contains a single sustained musical note mixed with a background sound. Identify the PITCH of the note, ignoring the background. What is the note name and octave? Reply with ONLY the note name in Scientific Pitch Notation (e.g. C4, F#3, Bb5). Nothing else. Output only the answer.","This audio contains a single sustained musical note mixed with a background sound. Identify the PITCH of the note, ignoring the background. What is the solfege syllable and accidental (if needed) of this pitch? Use fixed-do (do=C, re=D, mi=E, fa=F, sol=G, la=A, si=B). Include sharps or flats when needed (e.g. do#, reb, fa#, sib). Do NOT include the octave. Reply with ONLY the syllable and accidental (if needed). Nothing else. Output only the answer.","This audio contains a single sustained musical note mixed with a background sound. Identify the PITCH of the note, ignoring the background. What is the main pitch frequency, expressed in Hertz? Reply with ONLY a number (the frequency in Hz). Nothing else. Output only the answer."
5000,street-noise,-6.0,cello,instrument,29,60,0,0,0,0,F1,D2,0,0,0,fa,la#,0,0,0,60,D2,sib,110,/home/hsnu2/PitchBench/data/analysis_audio/pitchbench_e2_background/F1_cello_5000ms_bg_street-noise_snr-6db.wav,F1_cello_5000ms_bg_street-noise_snr-6db.wav,"This audio contains a single sustained musical note mixed with a background sound. Identify the PITCH of the note, ignoring the background. What is the MIDI note number (an integer from 0 to 127)? Reply with ONLY the integer. Nothing else. Output only the answer.","This audio contains a single sustained musical note mixed with a background sound. Identify the PITCH of the note, ignoring the background. What is the note name and octave? Reply with ONLY the note name in Scientific Pitch Notation (e.g. C4, F#3, Bb5). Nothing else. Output only the answer.","This audio contains a single sustained musical note mixed with a background sound. Identify the PITCH of the note, ignoring the background. What is the solfege syllable and accidental (if needed) of this pitch? Use fixed-do (do=C, re=D, mi=E, fa=F, sol=G, la=A, si=B). Include sharps or flats when needed (e.g. do#, reb, fa#, sib). Do NOT include the octave. Reply with ONLY the syllable and accidental (if needed). Nothing else. Output only the answer.","This audio contains a single sustained musical note mixed with a background sound. Identify the PITCH of the note, ignoring the background. What is the main pitch frequency, expressed in Hertz? Reply with ONLY a number (the frequency in Hz). Nothing else. Output only the answer."
5000,oscillating-high-and-low-pitches,-6.0,cello,instrument,29,69,0,0,0,0,F1,C4,0,0,0,fa,la#,0,0,0,69,C4,la#,1000,/home/hsnu2/PitchBench/data/analysis_audio/pitchbench_e2_background/F1_cello_5000ms_bg_oscillating-high-and-low-pitches_snr-6db.wav,F1_cello_5000ms_bg_oscillating-high-and-low-pitches_snr-6db.wav,"This audio contains a single sustained musical note mixed with a background sound. Identify the PITCH of the note, ignoring the background. What is the MIDI note number (an integer from 0 to 127)? Reply with ONLY the integer. Nothing else. Output only the answer.","This audio contains a single sustained musical note mixed with a background sound. Identify the PITCH of the note, ignoring the background. What is the note name and octave? Reply with ONLY the note name in Scientific Pitch Notation (e.g. C4, F#3, Bb5). Nothing else. Output only the answer.","This audio contains a single sustained musical note mixed with a background sound. Identify the PITCH of the note, ignoring the background. What is the solfege syllable and accidental (if needed) of this pitch? Use fixed-do (do=C, re=D, mi=E, fa=F, sol=G, la=A, si=B). Include sharps or flats when needed (e.g. do#, reb, fa#, sib). Do NOT include the octave. Reply with ONLY the syllable and accidental (if needed). Nothing else. Output only the answer.","This audio contains a single sustained musical note mixed with a background sound. Identify the PITCH of the note, ignoring the background. What is the main pitch frequency, expressed in Hertz? Reply with ONLY a number (the frequency in Hz). Nothing else. Output only the answer."
5000,white_noise,-6.0,cello,instrument,38,60,0,0,0,0,D2,C4,0,0,0,re,sol#,0,0,0,60,C4,sol#,440,/home/hsnu2/PitchBench/data/analysis_audio/pitchbench_e2_background/D2_cello_5000ms_bg_white_noise_snr-6db.wav,D2_cello_5000ms_bg_white_noise_snr-6db.wav,"This audio contains a single sustained musical note mixed with a background sound. Identify the PITCH of the note, ignoring the background. What is the MIDI note number (an integer from 0 to 127)? Reply with ONLY the integer. Nothing else. Output only the answer.","This audio contains a single sustained musical note mixed with a background sound. Identify the PITCH of the note, ignoring the background. What is the note name and octave? Reply with ONLY the note name in Scientific Pitch Notation (e.g. C4, F#3, Bb5). Nothing else. Output only the answer.","This audio contains a single sustained musical note mixed with a background sound. Identify the PITCH of the note, ignoring the background. What is the solfege syllable and accidental (if needed) of this pitch? Use fixed-do (do=C, re=D, mi=E, fa=F, sol=G, la=A, si=B). Include sharps or flats when needed (e.g. do#, reb, fa#, sib). Do NOT include the octave. Reply with ONLY the syllable and accidental (if needed). Nothing else. Output only the answer.","This audio contains a single sustained musical note mixed with a background sound. Identify the PITCH of the note, ignoring the background. What is the main pitch frequency, expressed in Hertz? Reply with ONLY a number (the frequency in Hz). Nothing else. Output only the answer."
5000,church-bells,-6.0,cello,instrument,38,64,0,0,0,0,D2,A4,0,0,0,re,la#,0,0,0,64,A4,sib,440,/home/hsnu2/PitchBench/data/analysis_audio/pitchbench_e2_background/D2_cello_5000ms_bg_church-bells_snr-6db.wav,D2_cello_5000ms_bg_church-bells_snr-6db.wav,"This audio contains a single sustained musical note mixed with a background sound. Identify the PITCH of the note, ignoring the background. What is the MIDI note number (an integer from 0 to 127)? Reply with ONLY the integer. Nothing else. Output only the answer.","This audio contains a single sustained musical note mixed with a background sound. Identify the PITCH of the note, ignoring the background. What is the note name and octave? Reply with ONLY the note name in Scientific Pitch Notation (e.g. C4, F#3, Bb5). Nothing else. Output only the answer.","This audio contains a single sustained musical note mixed with a background sound. Identify the PITCH of the note, ignoring the background. What is the solfege syllable and accidental (if needed) of this pitch? Use fixed-do (do=C, re=D, mi=E, fa=F, sol=G, la=A, si=B). Include sharps or flats when needed (e.g. do#, reb, fa#, sib). Do NOT include the octave. Reply with ONLY the syllable and accidental (if needed). Nothing else. Output only the answer.","This audio contains a single sustained musical note mixed with a background sound. Identify the PITCH of the note, ignoring the background. What is the main pitch frequency, expressed in Hertz? Reply with ONLY a number (the frequency in Hz). Nothing else. Output only the answer."
5000,crowd-noise,-6.0,cello,instrument,38,60,0,0,0,0,D2,D4,0,1,0,re,la#,0,0,0,60,D4,la#,110,/home/hsnu2/PitchBench/data/analysis_audio/pitchbench_e2_background/D2_cello_5000ms_bg_crowd-noise_snr-6db.wav,D2_cello_5000ms_bg_crowd-noise_snr-6db.wav,"This audio contains a single sustained musical note mixed with a background sound. Identify the PITCH of the note, ignoring the background. What is the MIDI note number (an integer from 0 to 127)? Reply with ONLY the integer. Nothing else. Output only the answer.","This audio contains a single sustained musical note mixed with a background sound. Identify the PITCH of the note, ignoring the background. What is the note name and octave? Reply with ONLY the note name in Scientific Pitch Notation (e.g. C4, F#3, Bb5). Nothing else. Output only the answer.","This audio contains a single sustained musical note mixed with a background sound. Identify the PITCH of the note, ignoring the background. What is the solfege syllable and accidental (if needed) of this pitch? Use fixed-do (do=C, re=D, mi=E, fa=F, sol=G, la=A, si=B). Include sharps or flats when needed (e.g. do#, reb, fa#, sib). Do NOT include the octave. Reply with ONLY the syllable and accidental (if needed). Nothing else. Output only the answer.","This audio contains a single sustained musical note mixed with a background sound. Identify the PITCH of the note, ignoring the background. What is the main pitch frequency, expressed in Hertz? Reply with ONLY a number (the frequency in Hz). Nothing else. Output only the answer."
5000,rain,-6.0,cello,instrument,38,60,0,0,0,0,D2,C4,0,0,0,re,la#,0,0,0,60,C4,sib,440,/home/hsnu2/PitchBench/data/analysis_audio/pitchbench_e2_background/D2_cello_5000ms_bg_rain_snr-6db.wav,D2_cello_5000ms_bg_rain_snr-6db.wav,"This audio contains a single sustained musical note mixed with a background sound. Identify the PITCH of the note, ignoring the background. What is the MIDI note number (an integer from 0 to 127)? Reply with ONLY the integer. Nothing else. Output only the answer.","This audio contains a single sustained musical note mixed with a background sound. Identify the PITCH of the note, ignoring the background. What is the note name and octave? Reply with ONLY the note name in Scientific Pitch Notation (e.g. C4, F#3, Bb5). Nothing else. Output only the answer.","This audio contains a single sustained musical note mixed with a background sound. Identify the PITCH of the note, ignoring the background. What is the solfege syllable and accidental (if needed) of this pitch? Use fixed-do (do=C, re=D, mi=E, fa=F, sol=G, la=A, si=B). Include sharps or flats when needed (e.g. do#, reb, fa#, sib). Do NOT include the octave. Reply with ONLY the syllable and accidental (if needed). Nothing else. Output only the answer.","This audio contains a single sustained musical note mixed with a background sound. Identify the PITCH of the note, ignoring the background. What is the main pitch frequency, expressed in Hertz? Reply with ONLY a number (the frequency in Hz). Nothing else. Output only the answer."
5000,street-noise,-6.0,cello,instrument,38,60,0,0,0,0,D2,G4,0,0,0,re,la#,0,0,0,60,G4,sib,110,/home/hsnu2/PitchBench/data/analysis_audio/pitchbench_e2_background/D2_cello_5000ms_bg_street-noise_snr-6db.wav,D2_cello_5000ms_bg_street-noise_snr-6db.wav,"This audio contains a single sustained musical note mixed with a background sound. Identify the PITCH of the note, ignoring the background. What is the MIDI note number (an integer from 0 to 127)? Reply with ONLY the integer. Nothing else. Output only the answer.","This audio contains a single sustained musical note mixed with a background sound. Identify the PITCH of the note, ignoring the background. What is the note name and octave? Reply with ONLY the note name in Scientific Pitch Notation (e.g. C4, F#3, Bb5). Nothing else. Output only the answer.","This audio contains a single sustained musical note mixed with a background sound. Identify the PITCH of the note, ignoring the background. What is the solfege syllable and accidental (if needed) of this pitch? Use fixed-do (do=C, re=D, mi=E, fa=F, sol=G, la=A, si=B). Include sharps or flats when needed (e.g. do#, reb, fa#, sib). Do NOT include the octave. Reply with ONLY the syllable and accidental (if needed). Nothing else. Output only the answer.","This audio contains a single sustained musical note mixed with a background sound. Identify the PITCH of the note, ignoring the background. What is the main pitch frequency, expressed in Hertz? Reply with ONLY a number (the frequency in Hz). Nothing else. Output only the answer."
5000,oscillating-high-and-low-pitches,-6.0,cello,instrument,38,60,0,0,0,0,D2,C4,0,0,0,re,la#,0,0,0,60,C4,la#,440,/home/hsnu2/PitchBench/data/analysis_audio/pitchbench_e2_background/D2_cello_5000ms_bg_oscillating-high-and-low-pitches_snr-6db.wav,D2_cello_5000ms_bg_oscillating-high-and-low-pitches_snr-6db.wav,"This audio contains a single sustained musical note mixed with a background sound. Identify the PITCH of the note, ignoring the background. What is the MIDI note number (an integer from 0 to 127)? Reply with ONLY the integer. Nothing else. Output only the answer.","This audio contains a single sustained musical note mixed with a background sound. Identify the PITCH of the note, ignoring the background. What is the note name and octave? Reply with ONLY the note name in Scientific Pitch Notation (e.g. C4, F#3, Bb5). Nothing else. Output only the answer.","This audio contains a single sustained musical note mixed with a background sound. Identify the PITCH of the note, ignoring the background. What is the solfege syllable and accidental (if needed) of this pitch? Use fixed-do (do=C, re=D, mi=E, fa=F, sol=G, la=A, si=B). Include sharps or flats when needed (e.g. do#, reb, fa#, sib). Do NOT include the octave. Reply with ONLY the syllable and accidental (if needed). Nothing else. Output only the answer.","This audio contains a single sustained musical note mixed with a background sound. Identify the PITCH of the note, ignoring the background. What is the main pitch frequency, expressed in Hertz? Reply with ONLY a number (the frequency in Hz). Nothing else. Output only the answer."
5000,white_noise,-6.0,cello,instrument,47,60,0,0,0,0,B2,D4,0,0,0,si,sol#,0,0,0,60,D4,sol#,1000,/home/hsnu2/PitchBench/data/analysis_audio/pitchbench_e2_background/B2_cello_5000ms_bg_white_noise_snr-6db.wav,B2_cello_5000ms_bg_white_noise_snr-6db.wav,"This audio contains a single sustained musical note mixed with a background sound. Identify the PITCH of the note, ignoring the background. What is the MIDI note number (an integer from 0 to 127)? Reply with ONLY the integer. Nothing else. Output only the answer.","This audio contains a single sustained musical note mixed with a background sound. Identify the PITCH of the note, ignoring the background. What is the note name and octave? Reply with ONLY the note name in Scientific Pitch Notation (e.g. C4, F#3, Bb5). Nothing else. Output only the answer.","This audio contains a single sustained musical note mixed with a background sound. Identify the PITCH of the note, ignoring the background. What is the solfege syllable and accidental (if needed) of this pitch? Use fixed-do (do=C, re=D, mi=E, fa=F, sol=G, la=A, si=B). Include sharps or flats when needed (e.g. do#, reb, fa#, sib). Do NOT include the octave. Reply with ONLY the syllable and accidental (if needed). Nothing else. Output only the answer.","This audio contains a single sustained musical note mixed with a background sound. Identify the PITCH of the note, ignoring the background. What is the main pitch frequency, expressed in Hertz? Reply with ONLY a number (the frequency in Hz). Nothing else. Output only the answer."
5000,church-bells,-6.0,cello,instrument,47,60,0,0,0,0,B2,C5,0,0,0,si,la#,0,0,0,60,C5,sib,440,/home/hsnu2/PitchBench/data/analysis_audio/pitchbench_e2_background/B2_cello_5000ms_bg_church-bells_snr-6db.wav,B2_cello_5000ms_bg_church-bells_snr-6db.wav,"This audio contains a single sustained musical note mixed with a background sound. Identify the PITCH of the note, ignoring the background. What is the MIDI note number (an integer from 0 to 127)? Reply with ONLY the integer. Nothing else. Output only the answer.","This audio contains a single sustained musical note mixed with a background sound. Identify the PITCH of the note, ignoring the background. What is the note name and octave? Reply with ONLY the note name in Scientific Pitch Notation (e.g. C4, F#3, Bb5). Nothing else. Output only the answer.","This audio contains a single sustained musical note mixed with a background sound. Identify the PITCH of the note, ignoring the background. What is the solfege syllable and accidental (if needed) of this pitch? Use fixed-do (do=C, re=D, mi=E, fa=F, sol=G, la=A, si=B). Include sharps or flats when needed (e.g. do#, reb, fa#, sib). Do NOT include the octave. Reply with ONLY the syllable and accidental (if needed). Nothing else. Output only the answer.","This audio contains a single sustained musical note mixed with a background sound. Identify the PITCH of the note, ignoring the background. What is the main pitch frequency, expressed in Hertz? Reply with ONLY a number (the frequency in Hz). Nothing else. Output only the answer."
5000,crowd-noise,-6.0,cello,instrument,47,60,0,0,0,0,B2,G2,0,0,1,si,la#,0,0,0,60,G2,sib,110,/home/hsnu2/PitchBench/data/analysis_audio/pitchbench_e2_background/B2_cello_5000ms_bg_crowd-noise_snr-6db.wav,B2_cello_5000ms_bg_crowd-noise_snr-6db.wav,"This audio contains a single sustained musical note mixed with a background sound. Identify the PITCH of the note, ignoring the background. What is the MIDI note number (an integer from 0 to 127)? Reply with ONLY the integer. Nothing else. Output only the answer.","This audio contains a single sustained musical note mixed with a background sound. Identify the PITCH of the note, ignoring the background. What is the note name and octave? Reply with ONLY the note name in Scientific Pitch Notation (e.g. C4, F#3, Bb5). Nothing else. Output only the answer.","This audio contains a single sustained musical note mixed with a background sound. Identify the PITCH of the note, ignoring the background. What is the solfege syllable and accidental (if needed) of this pitch? Use fixed-do (do=C, re=D, mi=E, fa=F, sol=G, la=A, si=B). Include sharps or flats when needed (e.g. do#, reb, fa#, sib). Do NOT include the octave. Reply with ONLY the syllable and accidental (if needed). Nothing else. Output only the answer.","This audio contains a single sustained musical note mixed with a background sound. Identify the PITCH of the note, ignoring the background. What is the main pitch frequency, expressed in Hertz? Reply with ONLY a number (the frequency in Hz). Nothing else. Output only the answer."
5000,rain,-6.0,cello,instrument,47,60,0,0,0,0,B2,C4,0,0,0,si,sol#,0,0,0,60,C4,sol#,1000,/home/hsnu2/PitchBench/data/analysis_audio/pitchbench_e2_background/B2_cello_5000ms_bg_rain_snr-6db.wav,B2_cello_5000ms_bg_rain_snr-6db.wav,"This audio contains a single sustained musical note mixed with a background sound. Identify the PITCH of the note, ignoring the background. What is the MIDI note number (an integer from 0 to 127)? Reply with ONLY the integer. Nothing else. Output only the answer.","This audio contains a single sustained musical note mixed with a background sound. Identify the PITCH of the note, ignoring the background. What is the note name and octave? Reply with ONLY the note name in Scientific Pitch Notation (e.g. C4, F#3, Bb5). Nothing else. Output only the answer.","This audio contains a single sustained musical note mixed with a background sound. Identify the PITCH of the note, ignoring the background. What is the solfege syllable and accidental (if needed) of this pitch? Use fixed-do (do=C, re=D, mi=E, fa=F, sol=G, la=A, si=B). Include sharps or flats when needed (e.g. do#, reb, fa#, sib). Do NOT include the octave. Reply with ONLY the syllable and accidental (if needed). Nothing else. Output only the answer.","This audio contains a single sustained musical note mixed with a background sound. Identify the PITCH of the note, ignoring the background. What is the main pitch frequency, expressed in Hertz? Reply with ONLY a number (the frequency in Hz). Nothing else. Output only the answer."
5000,street-noise,-6.0,cello,instrument,47,60,0,0,0,0,B2,D4,0,0,0,si,la#,0,0,0,60,D4,la#,110,/home/hsnu2/PitchBench/data/analysis_audio/pitchbench_e2_background/B2_cello_5000ms_bg_street-noise_snr-6db.wav,B2_cello_5000ms_bg_street-noise_snr-6db.wav,"This audio contains a single sustained musical note mixed with a background sound. Identify the PITCH of the note, ignoring the background. What is the MIDI note number (an integer from 0 to 127)? Reply with ONLY the integer. Nothing else. Output only the answer.","This audio contains a single sustained musical note mixed with a background sound. Identify the PITCH of the note, ignoring the background. What is the note name and octave? Reply with ONLY the note name in Scientific Pitch Notation (e.g. C4, F#3, Bb5). Nothing else. Output only the answer.","This audio contains a single sustained musical note mixed with a background sound. Identify the PITCH of the note, ignoring the background. What is the solfege syllable and accidental (if needed) of this pitch? Use fixed-do (do=C, re=D, mi=E, fa=F, sol=G, la=A, si=B). Include sharps or flats when needed (e.g. do#, reb, fa#, sib). Do NOT include the octave. Reply with ONLY the syllable and accidental (if needed). Nothing else. Output only the answer.","This audio contains a single sustained musical note mixed with a background sound. Identify the PITCH of the note, ignoring the background. What is the main pitch frequency, expressed in Hertz? Reply with ONLY a number (the frequency in Hz). Nothing else. Output only the answer."
5000,oscillating-high-and-low-pitches,-6.0,cello,instrument,47,69,0,0,0,0,B2,A4,0,0,0,si,la#,0,0,0,69,A4,sib,440,/home/hsnu2/PitchBench/data/analysis_audio/pitchbench_e2_background/B2_cello_5000ms_bg_oscillating-high-and-low-pitches_snr-6db.wav,B2_cello_5000ms_bg_oscillating-high-and-low-pitches_snr-6db.wav,"This audio contains a single sustained musical note mixed with a background sound. Identify the PITCH of the note, ignoring the background. What is the MIDI note number (an integer from 0 to 127)? Reply with ONLY the integer. Nothing else. Output only the answer.","This audio contains a single sustained musical note mixed with a background sound. Identify the PITCH of the note, ignoring the background. What is the note name and octave? Reply with ONLY the note name in Scientific Pitch Notation (e.g. C4, F#3, Bb5). Nothing else. Output only the answer.","This audio contains a single sustained musical note mixed with a background sound. Identify the PITCH of the note, ignoring the background. What is the solfege syllable and accidental (if needed) of this pitch? Use fixed-do (do=C, re=D, mi=E, fa=F, sol=G, la=A, si=B). Include sharps or flats when needed (e.g. do#, reb, fa#, sib). Do NOT include the octave. Reply with ONLY the syllable and accidental (if needed). Nothing else. Output only the answer.","This audio contains a single sustained musical note mixed with a background sound. Identify the PITCH of the note, ignoring the background. What is the main pitch frequency, expressed in Hertz? Reply with ONLY a number (the frequency in Hz). Nothing else. Output only the answer."
5000,white_noise,-6.0,cello,instrument,56,60,0,0,0,0,G#3,G4,0,0,0,sol#,la#,0,0,0,60,G4,la#,1000,/home/hsnu2/PitchBench/data/analysis_audio/pitchbench_e2_background/Gs3_cello_5000ms_bg_white_noise_snr-6db.wav,Gs3_cello_5000ms_bg_white_noise_snr-6db.wav,"This audio contains a single sustained musical note mixed with a background sound. Identify the PITCH of the note, ignoring the background. What is the MIDI note number (an integer from 0 to 127)? Reply with ONLY the integer. Nothing else. Output only the answer.","This audio contains a single sustained musical note mixed with a background sound. Identify the PITCH of the note, ignoring the background. What is the note name and octave? Reply with ONLY the note name in Scientific Pitch Notation (e.g. C4, F#3, Bb5). Nothing else. Output only the answer.","This audio contains a single sustained musical note mixed with a background sound. Identify the PITCH of the note, ignoring the background. What is the solfege syllable and accidental (if needed) of this pitch? Use fixed-do (do=C, re=D, mi=E, fa=F, sol=G, la=A, si=B). Include sharps or flats when needed (e.g. do#, reb, fa#, sib). Do NOT include the octave. Reply with ONLY the syllable and accidental (if needed). Nothing else. Output only the answer.","This audio contains a single sustained musical note mixed with a background sound. Identify the PITCH of the note, ignoring the background. What is the main pitch frequency, expressed in Hertz? Reply with ONLY a number (the frequency in Hz). Nothing else. Output only the answer."
5000,church-bells,-6.0,cello,instrument,56,60,0,0,0,0,G#3,A4,0,0,0,sol#,la#,0,0,0,60,A4,la#,440,/home/hsnu2/PitchBench/data/analysis_audio/pitchbench_e2_background/Gs3_cello_5000ms_bg_church-bells_snr-6db.wav,Gs3_cello_5000ms_bg_church-bells_snr-6db.wav,"This audio contains a single sustained musical note mixed with a background sound. Identify the PITCH of the note, ignoring the background. What is the MIDI note number (an integer from 0 to 127)? Reply with ONLY the integer. Nothing else. Output only the answer.","This audio contains a single sustained musical note mixed with a background sound. Identify the PITCH of the note, ignoring the background. What is the note name and octave? Reply with ONLY the note name in Scientific Pitch Notation (e.g. C4, F#3, Bb5). Nothing else. Output only the answer.","This audio contains a single sustained musical note mixed with a background sound. Identify the PITCH of the note, ignoring the background. What is the solfege syllable and accidental (if needed) of this pitch? Use fixed-do (do=C, re=D, mi=E, fa=F, sol=G, la=A, si=B). Include sharps or flats when needed (e.g. do#, reb, fa#, sib). Do NOT include the octave. Reply with ONLY the syllable and accidental (if needed). Nothing else. Output only the answer.","This audio contains a single sustained musical note mixed with a background sound. Identify the PITCH of the note, ignoring the background. What is the main pitch frequency, expressed in Hertz? Reply with ONLY a number (the frequency in Hz). Nothing else. Output only the answer."
5000,crowd-noise,-6.0,cello,instrument,56,60,0,0,0,0,G#3,D2,0,0,0,sol#,la#,0,0,0,60,D2,sib,110,/home/hsnu2/PitchBench/data/analysis_audio/pitchbench_e2_background/Gs3_cello_5000ms_bg_crowd-noise_snr-6db.wav,Gs3_cello_5000ms_bg_crowd-noise_snr-6db.wav,"This audio contains a single sustained musical note mixed with a background sound. Identify the PITCH of the note, ignoring the background. What is the MIDI note number (an integer from 0 to 127)? Reply with ONLY the integer. Nothing else. Output only the answer.","This audio contains a single sustained musical note mixed with a background sound. Identify the PITCH of the note, ignoring the background. What is the note name and octave? Reply with ONLY the note name in Scientific Pitch Notation (e.g. C4, F#3, Bb5). Nothing else. Output only the answer.","This audio contains a single sustained musical note mixed with a background sound. Identify the PITCH of the note, ignoring the background. What is the solfege syllable and accidental (if needed) of this pitch? Use fixed-do (do=C, re=D, mi=E, fa=F, sol=G, la=A, si=B). Include sharps or flats when needed (e.g. do#, reb, fa#, sib). Do NOT include the octave. Reply with ONLY the syllable and accidental (if needed). Nothing else. Output only the answer.","This audio contains a single sustained musical note mixed with a background sound. Identify the PITCH of the note, ignoring the background. What is the main pitch frequency, expressed in Hertz? Reply with ONLY a number (the frequency in Hz). Nothing else. Output only the answer."
5000,rain,-6.0,cello,instrument,56,60,0,0,0,0,G#3,G4,0,0,0,sol#,sol#,1,0,0,60,G4,sol#,1000,/home/hsnu2/PitchBench/data/analysis_audio/pitchbench_e2_background/Gs3_cello_5000ms_bg_rain_snr-6db.wav,Gs3_cello_5000ms_bg_rain_snr-6db.wav,"This audio contains a single sustained musical note mixed with a background sound. Identify the PITCH of the note, ignoring the background. What is the MIDI note number (an integer from 0 to 127)? Reply with ONLY the integer. Nothing else. Output only the answer.","This audio contains a single sustained musical note mixed with a background sound. Identify the PITCH of the note, ignoring the background. What is the note name and octave? Reply with ONLY the note name in Scientific Pitch Notation (e.g. C4, F#3, Bb5). Nothing else. Output only the answer.","This audio contains a single sustained musical note mixed with a background sound. Identify the PITCH of the note, ignoring the background. What is the solfege syllable and accidental (if needed) of this pitch? Use fixed-do (do=C, re=D, mi=E, fa=F, sol=G, la=A, si=B). Include sharps or flats when needed (e.g. do#, reb, fa#, sib). Do NOT include the octave. Reply with ONLY the syllable and accidental (if needed). Nothing else. Output only the answer.","This audio contains a single sustained musical note mixed with a background sound. Identify the PITCH of the note, ignoring the background. What is the main pitch frequency, expressed in Hertz? Reply with ONLY a number (the frequency in Hz). Nothing else. Output only the answer."
5000,street-noise,-6.0,cello,instrument,56,48,0,0,0,1,G#3,D4,0,0,0,sol#,la#,0,0,0,48,D4,sib,110,/home/hsnu2/PitchBench/data/analysis_audio/pitchbench_e2_background/Gs3_cello_5000ms_bg_street-noise_snr-6db.wav,Gs3_cello_5000ms_bg_street-noise_snr-6db.wav,"This audio contains a single sustained musical note mixed with a background sound. Identify the PITCH of the note, ignoring the background. What is the MIDI note number (an integer from 0 to 127)? Reply with ONLY the integer. Nothing else. Output only the answer.","This audio contains a single sustained musical note mixed with a background sound. Identify the PITCH of the note, ignoring the background. What is the note name and octave? Reply with ONLY the note name in Scientific Pitch Notation (e.g. C4, F#3, Bb5). Nothing else. Output only the answer.","This audio contains a single sustained musical note mixed with a background sound. Identify the PITCH of the note, ignoring the background. What is the solfege syllable and accidental (if needed) of this pitch? Use fixed-do (do=C, re=D, mi=E, fa=F, sol=G, la=A, si=B). Include sharps or flats when needed (e.g. do#, reb, fa#, sib). Do NOT include the octave. Reply with ONLY the syllable and accidental (if needed). Nothing else. Output only the answer.","This audio contains a single sustained musical note mixed with a background sound. Identify the PITCH of the note, ignoring the background. What is the main pitch frequency, expressed in Hertz? Reply with ONLY a number (the frequency in Hz). Nothing else. Output only the answer."
5000,oscillating-high-and-low-pitches,-6.0,cello,instrument,56,60,0,0,0,0,G#3,A4,0,0,0,sol#,la#,0,0,0,60,A4,la#,440,/home/hsnu2/PitchBench/data/analysis_audio/pitchbench_e2_background/Gs3_cello_5000ms_bg_oscillating-high-and-low-pitches_snr-6db.wav,Gs3_cello_5000ms_bg_oscillating-high-and-low-pitches_snr-6db.wav,"This audio contains a single sustained musical note mixed with a background sound. Identify the PITCH of the note, ignoring the background. What is the MIDI note number (an integer from 0 to 127)? Reply with ONLY the integer. Nothing else. Output only the answer.","This audio contains a single sustained musical note mixed with a background sound. Identify the PITCH of the note, ignoring the background. What is the note name and octave? Reply with ONLY the note name in Scientific Pitch Notation (e.g. C4, F#3, Bb5). Nothing else. Output only the answer.","This audio contains a single sustained musical note mixed with a background sound. Identify the PITCH of the note, ignoring the background. What is the solfege syllable and accidental (if needed) of this pitch? Use fixed-do (do=C, re=D, mi=E, fa=F, sol=G, la=A, si=B). Include sharps or flats when needed (e.g. do#, reb, fa#, sib). Do NOT include the octave. Reply with ONLY the syllable and accidental (if needed). Nothing else. Output only the answer.","This audio contains a single sustained musical note mixed with a background sound. Identify the PITCH of the note, ignoring the background. What is the main pitch frequency, expressed in Hertz? Reply with ONLY a number (the frequency in Hz). Nothing else. Output only the answer."
5000,white_noise,-6.0,cello,instrument,65,69,0,0,0,1,F4,G4,0,0,1,fa,la#,0,0,0,69,G4,la#,440,/home/hsnu2/PitchBench/data/analysis_audio/pitchbench_e2_background/F4_cello_5000ms_bg_white_noise_snr-6db.wav,F4_cello_5000ms_bg_white_noise_snr-6db.wav,"This audio contains a single sustained musical note mixed with a background sound. Identify the PITCH of the note, ignoring the background. What is the MIDI note number (an integer from 0 to 127)? Reply with ONLY the integer. Nothing else. Output only the answer.","This audio contains a single sustained musical note mixed with a background sound. Identify the PITCH of the note, ignoring the background. What is the note name and octave? Reply with ONLY the note name in Scientific Pitch Notation (e.g. C4, F#3, Bb5). Nothing else. Output only the answer.","This audio contains a single sustained musical note mixed with a background sound. Identify the PITCH of the note, ignoring the background. What is the solfege syllable and accidental (if needed) of this pitch? Use fixed-do (do=C, re=D, mi=E, fa=F, sol=G, la=A, si=B). Include sharps or flats when needed (e.g. do#, reb, fa#, sib). Do NOT include the octave. Reply with ONLY the syllable and accidental (if needed). Nothing else. Output only the answer.","This audio contains a single sustained musical note mixed with a background sound. Identify the PITCH of the note, ignoring the background. What is the main pitch frequency, expressed in Hertz? Reply with ONLY a number (the frequency in Hz). Nothing else. Output only the answer."
5000,church-bells,-6.0,cello,instrument,65,60,0,0,0,1,F4,A4,0,0,1,fa,la#,0,0,0,60,A4,la#,440,/home/hsnu2/PitchBench/data/analysis_audio/pitchbench_e2_background/F4_cello_5000ms_bg_church-bells_snr-6db.wav,F4_cello_5000ms_bg_church-bells_snr-6db.wav,"This audio contains a single sustained musical note mixed with a background sound. Identify the PITCH of the note, ignoring the background. What is the MIDI note number (an integer from 0 to 127)? Reply with ONLY the integer. Nothing else. Output only the answer.","This audio contains a single sustained musical note mixed with a background sound. Identify the PITCH of the note, ignoring the background. What is the note name and octave? Reply with ONLY the note name in Scientific Pitch Notation (e.g. C4, F#3, Bb5). Nothing else. Output only the answer.","This audio contains a single sustained musical note mixed with a background sound. Identify the PITCH of the note, ignoring the background. What is the solfege syllable and accidental (if needed) of this pitch? Use fixed-do (do=C, re=D, mi=E, fa=F, sol=G, la=A, si=B). Include sharps or flats when needed (e.g. do#, reb, fa#, sib). Do NOT include the octave. Reply with ONLY the syllable and accidental (if needed). Nothing else. Output only the answer.","This audio contains a single sustained musical note mixed with a background sound. Identify the PITCH of the note, ignoring the background. What is the main pitch frequency, expressed in Hertz? Reply with ONLY a number (the frequency in Hz). Nothing else. Output only the answer."
5000,crowd-noise,-6.0,cello,instrument,65,60,0,0,0,1,F4,D4,0,0,1,fa,la#,0,0,0,60,D4,sib,1000,/home/hsnu2/PitchBench/data/analysis_audio/pitchbench_e2_background/F4_cello_5000ms_bg_crowd-noise_snr-6db.wav,F4_cello_5000ms_bg_crowd-noise_snr-6db.wav,"This audio contains a single sustained musical note mixed with a background sound. Identify the PITCH of the note, ignoring the background. What is the MIDI note number (an integer from 0 to 127)? Reply with ONLY the integer. Nothing else. Output only the answer.","This audio contains a single sustained musical note mixed with a background sound. Identify the PITCH of the note, ignoring the background. What is the note name and octave? Reply with ONLY the note name in Scientific Pitch Notation (e.g. C4, F#3, Bb5). Nothing else. Output only the answer.","This audio contains a single sustained musical note mixed with a background sound. Identify the PITCH of the note, ignoring the background. What is the solfege syllable and accidental (if needed) of this pitch? Use fixed-do (do=C, re=D, mi=E, fa=F, sol=G, la=A, si=B). Include sharps or flats when needed (e.g. do#, reb, fa#, sib). Do NOT include the octave. Reply with ONLY the syllable and accidental (if needed). Nothing else. Output only the answer.","This audio contains a single sustained musical note mixed with a background sound. Identify the PITCH of the note, ignoring the background. What is the main pitch frequency, expressed in Hertz? Reply with ONLY a number (the frequency in Hz). Nothing else. Output only the answer."
5000,rain,-6.0,cello,instrument,65,60,0,0,0,1,F4,C4,0,0,1,fa,la#,0,0,0,60,C4,la#,1000,/home/hsnu2/PitchBench/data/analysis_audio/pitchbench_e2_background/F4_cello_5000ms_bg_rain_snr-6db.wav,F4_cello_5000ms_bg_rain_snr-6db.wav,"This audio contains a single sustained musical note mixed with a background sound. Identify the PITCH of the note, ignoring the background. What is the MIDI note number (an integer from 0 to 127)? Reply with ONLY the integer. Nothing else. Output only the answer.","This audio contains a single sustained musical note mixed with a background sound. Identify the PITCH of the note, ignoring the background. What is the note name and octave? Reply with ONLY the note name in Scientific Pitch Notation (e.g. C4, F#3, Bb5). Nothing else. Output only the answer.","This audio contains a single sustained musical note mixed with a background sound. Identify the PITCH of the note, ignoring the background. What is the solfege syllable and accidental (if needed) of this pitch? Use fixed-do (do=C, re=D, mi=E, fa=F, sol=G, la=A, si=B). Include sharps or flats when needed (e.g. do#, reb, fa#, sib). Do NOT include the octave. Reply with ONLY the syllable and accidental (if needed). Nothing else. Output only the answer.","This audio contains a single sustained musical note mixed with a background sound. Identify the PITCH of the note, ignoring the background. What is the main pitch frequency, expressed in Hertz? Reply with ONLY a number (the frequency in Hz). Nothing else. Output only the answer."
5000,street-noise,-6.0,cello,instrument,65,60,0,0,0,1,F4,D#4,0,0,1,fa,sol#,0,0,0,60,D#4,sol#,146.83,/home/hsnu2/PitchBench/data/analysis_audio/pitchbench_e2_background/F4_cello_5000ms_bg_street-noise_snr-6db.wav,F4_cello_5000ms_bg_street-noise_snr-6db.wav,"This audio contains a single sustained musical note mixed with a background sound. Identify the PITCH of the note, ignoring the background. What is the MIDI note number (an integer from 0 to 127)? Reply with ONLY the integer. Nothing else. Output only the answer.","This audio contains a single sustained musical note mixed with a background sound. Identify the PITCH of the note, ignoring the background. What is the note name and octave? Reply with ONLY the note name in Scientific Pitch Notation (e.g. C4, F#3, Bb5). Nothing else. Output only the answer.","This audio contains a single sustained musical note mixed with a background sound. Identify the PITCH of the note, ignoring the background. What is the solfege syllable and accidental (if needed) of this pitch? Use fixed-do (do=C, re=D, mi=E, fa=F, sol=G, la=A, si=B). Include sharps or flats when needed (e.g. do#, reb, fa#, sib). Do NOT include the octave. Reply with ONLY the syllable and accidental (if needed). Nothing else. Output only the answer.","This audio contains a single sustained musical note mixed with a background sound. Identify the PITCH of the note, ignoring the background. What is the main pitch frequency, expressed in Hertz? Reply with ONLY a number (the frequency in Hz). Nothing else. Output only the answer."
5000,oscillating-high-and-low-pitches,-6.0,cello,instrument,65,60,0,0,0,1,F4,C4,0,0,1,fa,la#,0,0,0,60,C4,sib,440,/home/hsnu2/PitchBench/data/analysis_audio/pitchbench_e2_background/F4_cello_5000ms_bg_oscillating-high-and-low-pitches_snr-6db.wav,F4_cello_5000ms_bg_oscillating-high-and-low-pitches_snr-6db.wav,"This audio contains a single sustained musical note mixed with a background sound. Identify the PITCH of the note, ignoring the background. What is the MIDI note number (an integer from 0 to 127)? Reply with ONLY the integer. Nothing else. Output only the answer.","This audio contains a single sustained musical note mixed with a background sound. Identify the PITCH of the note, ignoring the background. What is the note name and octave? Reply with ONLY the note name in Scientific Pitch Notation (e.g. C4, F#3, Bb5). Nothing else. Output only the answer.","This audio contains a single sustained musical note mixed with a background sound. Identify the PITCH of the note, ignoring the background. What is the solfege syllable and accidental (if needed) of this pitch? Use fixed-do (do=C, re=D, mi=E, fa=F, sol=G, la=A, si=B). Include sharps or flats when needed (e.g. do#, reb, fa#, sib). Do NOT include the octave. Reply with ONLY the syllable and accidental (if needed). Nothing else. Output only the answer.","This audio contains a single sustained musical note mixed with a background sound. Identify the PITCH of the note, ignoring the background. What is the main pitch frequency, expressed in Hertz? Reply with ONLY a number (the frequency in Hz). Nothing else. Output only the answer."
5000,white_noise,-6.0,cello,instrument,74,69,0,0,0,0,D5,C4,0,0,0,re,la#,0,0,0,69,C4,la#,440,/home/hsnu2/PitchBench/data/analysis_audio/pitchbench_e2_background/D5_cello_5000ms_bg_white_noise_snr-6db.wav,D5_cello_5000ms_bg_white_noise_snr-6db.wav,"This audio contains a single sustained musical note mixed with a background sound. Identify the PITCH of the note, ignoring the background. What is the MIDI note number (an integer from 0 to 127)? Reply with ONLY the integer. Nothing else. Output only the answer.","This audio contains a single sustained musical note mixed with a background sound. Identify the PITCH of the note, ignoring the background. What is the note name and octave? Reply with ONLY the note name in Scientific Pitch Notation (e.g. C4, F#3, Bb5). Nothing else. Output only the answer.","This audio contains a single sustained musical note mixed with a background sound. Identify the PITCH of the note, ignoring the background. What is the solfege syllable and accidental (if needed) of this pitch? Use fixed-do (do=C, re=D, mi=E, fa=F, sol=G, la=A, si=B). Include sharps or flats when needed (e.g. do#, reb, fa#, sib). Do NOT include the octave. Reply with ONLY the syllable and accidental (if needed). Nothing else. Output only the answer.","This audio contains a single sustained musical note mixed with a background sound. Identify the PITCH of the note, ignoring the background. What is the main pitch frequency, expressed in Hertz? Reply with ONLY a number (the frequency in Hz). Nothing else. Output only the answer."
5000,church-bells,-6.0,cello,instrument,74,60,0,0,0,0,D5,A4,0,0,0,re,la#,0,0,0,60,A4,la#,440,/home/hsnu2/PitchBench/data/analysis_audio/pitchbench_e2_background/D5_cello_5000ms_bg_church-bells_snr-6db.wav,D5_cello_5000ms_bg_church-bells_snr-6db.wav,"This audio contains a single sustained musical note mixed with a background sound. Identify the PITCH of the note, ignoring the background. What is the MIDI note number (an integer from 0 to 127)? Reply with ONLY the integer. Nothing else. Output only the answer.","This audio contains a single sustained musical note mixed with a background sound. Identify the PITCH of the note, ignoring the background. What is the note name and octave? Reply with ONLY the note name in Scientific Pitch Notation (e.g. C4, F#3, Bb5). Nothing else. Output only the answer.","This audio contains a single sustained musical note mixed with a background sound. Identify the PITCH of the note, ignoring the background. What is the solfege syllable and accidental (if needed) of this pitch? Use fixed-do (do=C, re=D, mi=E, fa=F, sol=G, la=A, si=B). Include sharps or flats when needed (e.g. do#, reb, fa#, sib). Do NOT include the octave. Reply with ONLY the syllable and accidental (if needed). Nothing else. Output only the answer.","This audio contains a single sustained musical note mixed with a background sound. Identify the PITCH of the note, ignoring the background. What is the main pitch frequency, expressed in Hertz? Reply with ONLY a number (the frequency in Hz). Nothing else. Output only the answer."
5000,crowd-noise,-6.0,cello,instrument,74,62,0,0,1,0,D5,G4,0,0,0,re,la#,0,0,0,62,G4,sib,440,/home/hsnu2/PitchBench/data/analysis_audio/pitchbench_e2_background/D5_cello_5000ms_bg_crowd-noise_snr-6db.wav,D5_cello_5000ms_bg_crowd-noise_snr-6db.wav,"This audio contains a single sustained musical note mixed with a background sound. Identify the PITCH of the note, ignoring the background. What is the MIDI note number (an integer from 0 to 127)? Reply with ONLY the integer. Nothing else. Output only the answer.","This audio contains a single sustained musical note mixed with a background sound. Identify the PITCH of the note, ignoring the background. What is the note name and octave? Reply with ONLY the note name in Scientific Pitch Notation (e.g. C4, F#3, Bb5). Nothing else. Output only the answer.","This audio contains a single sustained musical note mixed with a background sound. Identify the PITCH of the note, ignoring the background. What is the solfege syllable and accidental (if needed) of this pitch? Use fixed-do (do=C, re=D, mi=E, fa=F, sol=G, la=A, si=B). Include sharps or flats when needed (e.g. do#, reb, fa#, sib). Do NOT include the octave. Reply with ONLY the syllable and accidental (if needed). Nothing else. Output only the answer.","This audio contains a single sustained musical note mixed with a background sound. Identify the PITCH of the note, ignoring the background. What is the main pitch frequency, expressed in Hertz? Reply with ONLY a number (the frequency in Hz). Nothing else. Output only the answer."
5000,rain,-6.0,cello,instrument,74,60,0,0,0,0,D5,G4,0,0,0,re,sol#,0,0,0,60,G4,sol#,440,/home/hsnu2/PitchBench/data/analysis_audio/pitchbench_e2_background/D5_cello_5000ms_bg_rain_snr-6db.wav,D5_cello_5000ms_bg_rain_snr-6db.wav,"This audio contains a single sustained musical note mixed with a background sound. Identify the PITCH of the note, ignoring the background. What is the MIDI note number (an integer from 0 to 127)? Reply with ONLY the integer. Nothing else. Output only the answer.","This audio contains a single sustained musical note mixed with a background sound. Identify the PITCH of the note, ignoring the background. What is the note name and octave? Reply with ONLY the note name in Scientific Pitch Notation (e.g. C4, F#3, Bb5). Nothing else. Output only the answer.","This audio contains a single sustained musical note mixed with a background sound. Identify the PITCH of the note, ignoring the background. What is the solfege syllable and accidental (if needed) of this pitch? Use fixed-do (do=C, re=D, mi=E, fa=F, sol=G, la=A, si=B). Include sharps or flats when needed (e.g. do#, reb, fa#, sib). Do NOT include the octave. Reply with ONLY the syllable and accidental (if needed). Nothing else. Output only the answer.","This audio contains a single sustained musical note mixed with a background sound. Identify the PITCH of the note, ignoring the background. What is the main pitch frequency, expressed in Hertz? Reply with ONLY a number (the frequency in Hz). Nothing else. Output only the answer."
5000,street-noise,-6.0,cello,instrument,74,62,0,0,1,0,D5,D4,0,1,0,re,la#,0,0,0,62,D4,sib,440,/home/hsnu2/PitchBench/data/analysis_audio/pitchbench_e2_background/D5_cello_5000ms_bg_street-noise_snr-6db.wav,D5_cello_5000ms_bg_street-noise_snr-6db.wav,"This audio contains a single sustained musical note mixed with a background sound. Identify the PITCH of the note, ignoring the background. What is the MIDI note number (an integer from 0 to 127)? Reply with ONLY the integer. Nothing else. Output only the answer.","This audio contains a single sustained musical note mixed with a background sound. Identify the PITCH of the note, ignoring the background. What is the note name and octave? Reply with ONLY the note name in Scientific Pitch Notation (e.g. C4, F#3, Bb5). Nothing else. Output only the answer.","This audio contains a single sustained musical note mixed with a background sound. Identify the PITCH of the note, ignoring the background. What is the solfege syllable and accidental (if needed) of this pitch? Use fixed-do (do=C, re=D, mi=E, fa=F, sol=G, la=A, si=B). Include sharps or flats when needed (e.g. do#, reb, fa#, sib). Do NOT include the octave. Reply with ONLY the syllable and accidental (if needed). Nothing else. Output only the answer.","This audio contains a single sustained musical note mixed with a background sound. Identify the PITCH of the note, ignoring the background. What is the main pitch frequency, expressed in Hertz? Reply with ONLY a number (the frequency in Hz). Nothing else. Output only the answer."
5000,oscillating-high-and-low-pitches,-6.0,cello,instrument,74,60,0,0,0,0,D5,G4,0,0,0,re,la#,0,0,0,60,G4,sib,440,/home/hsnu2/PitchBench/data/analysis_audio/pitchbench_e2_background/D5_cello_5000ms_bg_oscillating-high-and-low-pitches_snr-6db.wav,D5_cello_5000ms_bg_oscillating-high-and-low-pitches_snr-6db.wav,"This audio contains a single sustained musical note mixed with a background sound. Identify the PITCH of the note, ignoring the background. What is the MIDI note number (an integer from 0 to 127)? Reply with ONLY the integer. Nothing else. Output only the answer.","This audio contains a single sustained musical note mixed with a background sound. Identify the PITCH of the note, ignoring the background. What is the note name and octave? Reply with ONLY the note name in Scientific Pitch Notation (e.g. C4, F#3, Bb5). Nothing else. Output only the answer.","This audio contains a single sustained musical note mixed with a background sound. Identify the PITCH of the note, ignoring the background. What is the solfege syllable and accidental (if needed) of this pitch? Use fixed-do (do=C, re=D, mi=E, fa=F, sol=G, la=A, si=B). Include sharps or flats when needed (e.g. do#, reb, fa#, sib). Do NOT include the octave. Reply with ONLY the syllable and accidental (if needed). Nothing else. Output only the answer.","This audio contains a single sustained musical note mixed with a background sound. Identify the PITCH of the note, ignoring the background. What is the main pitch frequency, expressed in Hertz? Reply with ONLY a number (the frequency in Hz). Nothing else. Output only the answer."
5000,white_noise,-6.0,cello,instrument,83,60,0,0,0,0,B5,A4,0,0,0,si,la#,0,0,0,60,A4,la#,1000,/home/hsnu2/PitchBench/data/analysis_audio/pitchbench_e2_background/B5_cello_5000ms_bg_white_noise_snr-6db.wav,B5_cello_5000ms_bg_white_noise_snr-6db.wav,"This audio contains a single sustained musical note mixed with a background sound. Identify the PITCH of the note, ignoring the background. What is the MIDI note number (an integer from 0 to 127)? Reply with ONLY the integer. Nothing else. Output only the answer.","This audio contains a single sustained musical note mixed with a background sound. Identify the PITCH of the note, ignoring the background. What is the note name and octave? Reply with ONLY the note name in Scientific Pitch Notation (e.g. C4, F#3, Bb5). Nothing else. Output only the answer.","This audio contains a single sustained musical note mixed with a background sound. Identify the PITCH of the note, ignoring the background. What is the solfege syllable and accidental (if needed) of this pitch? Use fixed-do (do=C, re=D, mi=E, fa=F, sol=G, la=A, si=B). Include sharps or flats when needed (e.g. do#, reb, fa#, sib). Do NOT include the octave. Reply with ONLY the syllable and accidental (if needed). Nothing else. Output only the answer.","This audio contains a single sustained musical note mixed with a background sound. Identify the PITCH of the note, ignoring the background. What is the main pitch frequency, expressed in Hertz? Reply with ONLY a number (the frequency in Hz). Nothing else. Output only the answer."
5000,church-bells,-6.0,cello,instrument,83,60,0,0,0,0,B5,A4,0,0,0,si,la#,0,0,0,60,A4,la#,440,/home/hsnu2/PitchBench/data/analysis_audio/pitchbench_e2_background/B5_cello_5000ms_bg_church-bells_snr-6db.wav,B5_cello_5000ms_bg_church-bells_snr-6db.wav,"This audio contains a single sustained musical note mixed with a background sound. Identify the PITCH of the note, ignoring the background. What is the MIDI note number (an integer from 0 to 127)? Reply with ONLY the integer. Nothing else. Output only the answer.","This audio contains a single sustained musical note mixed with a background sound. Identify the PITCH of the note, ignoring the background. What is the note name and octave? Reply with ONLY the note name in Scientific Pitch Notation (e.g. C4, F#3, Bb5). Nothing else. Output only the answer.","This audio contains a single sustained musical note mixed with a background sound. Identify the PITCH of the note, ignoring the background. What is the solfege syllable and accidental (if needed) of this pitch? Use fixed-do (do=C, re=D, mi=E, fa=F, sol=G, la=A, si=B). Include sharps or flats when needed (e.g. do#, reb, fa#, sib). Do NOT include the octave. Reply with ONLY the syllable and accidental (if needed). Nothing else. Output only the answer.","This audio contains a single sustained musical note mixed with a background sound. Identify the PITCH of the note, ignoring the background. What is the main pitch frequency, expressed in Hertz? Reply with ONLY a number (the frequency in Hz). Nothing else. Output only the answer."
5000,crowd-noise,-6.0,cello,instrument,83,60,0,0,0,0,B5,G4,0,0,0,si,la#,0,0,0,60,G4,sib,440,/home/hsnu2/PitchBench/data/analysis_audio/pitchbench_e2_background/B5_cello_5000ms_bg_crowd-noise_snr-6db.wav,B5_cello_5000ms_bg_crowd-noise_snr-6db.wav,"This audio contains a single sustained musical note mixed with a background sound. Identify the PITCH of the note, ignoring the background. What is the MIDI note number (an integer from 0 to 127)? Reply with ONLY the integer. Nothing else. Output only the answer.","This audio contains a single sustained musical note mixed with a background sound. Identify the PITCH of the note, ignoring the background. What is the note name and octave? Reply with ONLY the note name in Scientific Pitch Notation (e.g. C4, F#3, Bb5). Nothing else. Output only the answer.","This audio contains a single sustained musical note mixed with a background sound. Identify the PITCH of the note, ignoring the background. What is the solfege syllable and accidental (if needed) of this pitch? Use fixed-do (do=C, re=D, mi=E, fa=F, sol=G, la=A, si=B). Include sharps or flats when needed (e.g. do#, reb, fa#, sib). Do NOT include the octave. Reply with ONLY the syllable and accidental (if needed). Nothing else. Output only the answer.","This audio contains a single sustained musical note mixed with a background sound. Identify the PITCH of the note, ignoring the background. What is the main pitch frequency, expressed in Hertz? Reply with ONLY a number (the frequency in Hz). Nothing else. Output only the answer."
5000,rain,-6.0,cello,instrument,83,67,0,0,0,0,B5,C4,0,0,0,si,la#,0,0,0,67,C4,la#,1000,/home/hsnu2/PitchBench/data/analysis_audio/pitchbench_e2_background/B5_cello_5000ms_bg_rain_snr-6db.wav,B5_cello_5000ms_bg_rain_snr-6db.wav,"This audio contains a single sustained musical note mixed with a background sound. Identify the PITCH of the note, ignoring the background. What is the MIDI note number (an integer from 0 to 127)? Reply with ONLY the integer. Nothing else. Output only the answer.","This audio contains a single sustained musical note mixed with a background sound. Identify the PITCH of the note, ignoring the background. What is the note name and octave? Reply with ONLY the note name in Scientific Pitch Notation (e.g. C4, F#3, Bb5). Nothing else. Output only the answer.","This audio contains a single sustained musical note mixed with a background sound. Identify the PITCH of the note, ignoring the background. What is the solfege syllable and accidental (if needed) of this pitch? Use fixed-do (do=C, re=D, mi=E, fa=F, sol=G, la=A, si=B). Include sharps or flats when needed (e.g. do#, reb, fa#, sib). Do NOT include the octave. Reply with ONLY the syllable and accidental (if needed). Nothing else. Output only the answer.","This audio contains a single sustained musical note mixed with a background sound. Identify the PITCH of the note, ignoring the background. What is the main pitch frequency, expressed in Hertz? Reply with ONLY a number (the frequency in Hz). Nothing else. Output only the answer."
5000,street-noise,-6.0,cello,instrument,83,60,0,0,0,0,B5,D4,0,0,0,si,la#,0,0,0,60,D4,sib,110.00,/home/hsnu2/PitchBench/data/analysis_audio/pitchbench_e2_background/B5_cello_5000ms_bg_street-noise_snr-6db.wav,B5_cello_5000ms_bg_street-noise_snr-6db.wav,"This audio contains a single sustained musical note mixed with a background sound. Identify the PITCH of the note, ignoring the background. What is the MIDI note number (an integer from 0 to 127)? Reply with ONLY the integer. Nothing else. Output only the answer.","This audio contains a single sustained musical note mixed with a background sound. Identify the PITCH of the note, ignoring the background. What is the note name and octave? Reply with ONLY the note name in Scientific Pitch Notation (e.g. C4, F#3, Bb5). Nothing else. Output only the answer.","This audio contains a single sustained musical note mixed with a background sound. Identify the PITCH of the note, ignoring the background. What is the solfege syllable and accidental (if needed) of this pitch? Use fixed-do (do=C, re=D, mi=E, fa=F, sol=G, la=A, si=B). Include sharps or flats when needed (e.g. do#, reb, fa#, sib). Do NOT include the octave. Reply with ONLY the syllable and accidental (if needed). Nothing else. Output only the answer.","This audio contains a single sustained musical note mixed with a background sound. Identify the PITCH of the note, ignoring the background. What is the main pitch frequency, expressed in Hertz? Reply with ONLY a number (the frequency in Hz). Nothing else. Output only the answer."
5000,oscillating-high-and-low-pitches,-6.0,cello,instrument,83,74,0,0,0,1,B5,A4,0,0,0,si,la#,0,0,0,74,A4,sib,1000,/home/hsnu2/PitchBench/data/analysis_audio/pitchbench_e2_background/B5_cello_5000ms_bg_oscillating-high-and-low-pitches_snr-6db.wav,B5_cello_5000ms_bg_oscillating-high-and-low-pitches_snr-6db.wav,"This audio contains a single sustained musical note mixed with a background sound. Identify the PITCH of the note, ignoring the background. What is the MIDI note number (an integer from 0 to 127)? Reply with ONLY the integer. Nothing else. Output only the answer.","This audio contains a single sustained musical note mixed with a background sound. Identify the PITCH of the note, ignoring the background. What is the note name and octave? Reply with ONLY the note name in Scientific Pitch Notation (e.g. C4, F#3, Bb5). Nothing else. Output only the answer.","This audio contains a single sustained musical note mixed with a background sound. Identify the PITCH of the note, ignoring the background. What is the solfege syllable and accidental (if needed) of this pitch? Use fixed-do (do=C, re=D, mi=E, fa=F, sol=G, la=A, si=B). Include sharps or flats when needed (e.g. do#, reb, fa#, sib). Do NOT include the octave. Reply with ONLY the syllable and accidental (if needed). Nothing else. Output only the answer.","This audio contains a single sustained musical note mixed with a background sound. Identify the PITCH of the note, ignoring the background. What is the main pitch frequency, expressed in Hertz? Reply with ONLY a number (the frequency in Hz). Nothing else. Output only the answer."
5000,white_noise,-6.0,flute,instrument,29,60,0,0,0,0,F1,G4,0,0,0,fa,la#,0,0,0,60,G4,la#,440,/home/hsnu2/PitchBench/data/analysis_audio/pitchbench_e2_background/F1_flute_5000ms_bg_white_noise_snr-6db.wav,F1_flute_5000ms_bg_white_noise_snr-6db.wav,"This audio contains a single sustained musical note mixed with a background sound. Identify the PITCH of the note, ignoring the background. What is the MIDI note number (an integer from 0 to 127)? Reply with ONLY the integer. Nothing else. Output only the answer.","This audio contains a single sustained musical note mixed with a background sound. Identify the PITCH of the note, ignoring the background. What is the note name and octave? Reply with ONLY the note name in Scientific Pitch Notation (e.g. C4, F#3, Bb5). Nothing else. Output only the answer.","This audio contains a single sustained musical note mixed with a background sound. Identify the PITCH of the note, ignoring the background. What is the solfege syllable and accidental (if needed) of this pitch? Use fixed-do (do=C, re=D, mi=E, fa=F, sol=G, la=A, si=B). Include sharps or flats when needed (e.g. do#, reb, fa#, sib). Do NOT include the octave. Reply with ONLY the syllable and accidental (if needed). Nothing else. Output only the answer.","This audio contains a single sustained musical note mixed with a background sound. Identify the PITCH of the note, ignoring the background. What is the main pitch frequency, expressed in Hertz? Reply with ONLY a number (the frequency in Hz). Nothing else. Output only the answer."
5000,church-bells,-6.0,flute,instrument,29,60,0,0,0,0,F1,C5,0,0,0,fa,la#,0,0,0,60,C5,la#,440,/home/hsnu2/PitchBench/data/analysis_audio/pitchbench_e2_background/F1_flute_5000ms_bg_church-bells_snr-6db.wav,F1_flute_5000ms_bg_church-bells_snr-6db.wav,"This audio contains a single sustained musical note mixed with a background sound. Identify the PITCH of the note, ignoring the background. What is the MIDI note number (an integer from 0 to 127)? Reply with ONLY the integer. Nothing else. Output only the answer.","This audio contains a single sustained musical note mixed with a background sound. Identify the PITCH of the note, ignoring the background. What is the note name and octave? Reply with ONLY the note name in Scientific Pitch Notation (e.g. C4, F#3, Bb5). Nothing else. Output only the answer.","This audio contains a single sustained musical note mixed with a background sound. Identify the PITCH of the note, ignoring the background. What is the solfege syllable and accidental (if needed) of this pitch? Use fixed-do (do=C, re=D, mi=E, fa=F, sol=G, la=A, si=B). Include sharps or flats when needed (e.g. do#, reb, fa#, sib). Do NOT include the octave. Reply with ONLY the syllable and accidental (if needed). Nothing else. Output only the answer.","This audio contains a single sustained musical note mixed with a background sound. Identify the PITCH of the note, ignoring the background. What is the main pitch frequency, expressed in Hertz? Reply with ONLY a number (the frequency in Hz). Nothing else. Output only the answer."
5000,crowd-noise,-6.0,flute,instrument,29,60,0,0,0,0,F1,D4,0,0,0,fa,la#,0,0,0,60,D4,la#,147.5,/home/hsnu2/PitchBench/data/analysis_audio/pitchbench_e2_background/F1_flute_5000ms_bg_crowd-noise_snr-6db.wav,F1_flute_5000ms_bg_crowd-noise_snr-6db.wav,"This audio contains a single sustained musical note mixed with a background sound. Identify the PITCH of the note, ignoring the background. What is the MIDI note number (an integer from 0 to 127)? Reply with ONLY the integer. Nothing else. Output only the answer.","This audio contains a single sustained musical note mixed with a background sound. Identify the PITCH of the note, ignoring the background. What is the note name and octave? Reply with ONLY the note name in Scientific Pitch Notation (e.g. C4, F#3, Bb5). Nothing else. Output only the answer.","This audio contains a single sustained musical note mixed with a background sound. Identify the PITCH of the note, ignoring the background. What is the solfege syllable and accidental (if needed) of this pitch? Use fixed-do (do=C, re=D, mi=E, fa=F, sol=G, la=A, si=B). Include sharps or flats when needed (e.g. do#, reb, fa#, sib). Do NOT include the octave. Reply with ONLY the syllable and accidental (if needed). Nothing else. Output only the answer.","This audio contains a single sustained musical note mixed with a background sound. Identify the PITCH of the note, ignoring the background. What is the main pitch frequency, expressed in Hertz? Reply with ONLY a number (the frequency in Hz). Nothing else. Output only the answer."
5000,rain,-6.0,flute,instrument,29,60,0,0,0,0,F1,G4,0,0,0,fa,sol#,0,0,0,60,G4,sol#,440,/home/hsnu2/PitchBench/data/analysis_audio/pitchbench_e2_background/F1_flute_5000ms_bg_rain_snr-6db.wav,F1_flute_5000ms_bg_rain_snr-6db.wav,"This audio contains a single sustained musical note mixed with a background sound. Identify the PITCH of the note, ignoring the background. What is the MIDI note number (an integer from 0 to 127)? Reply with ONLY the integer. Nothing else. Output only the answer.","This audio contains a single sustained musical note mixed with a background sound. Identify the PITCH of the note, ignoring the background. What is the note name and octave? Reply with ONLY the note name in Scientific Pitch Notation (e.g. C4, F#3, Bb5). Nothing else. Output only the answer.","This audio contains a single sustained musical note mixed with a background sound. Identify the PITCH of the note, ignoring the background. What is the solfege syllable and accidental (if needed) of this pitch? Use fixed-do (do=C, re=D, mi=E, fa=F, sol=G, la=A, si=B). Include sharps or flats when needed (e.g. do#, reb, fa#, sib). Do NOT include the octave. Reply with ONLY the syllable and accidental (if needed). Nothing else. Output only the answer.","This audio contains a single sustained musical note mixed with a background sound. Identify the PITCH of the note, ignoring the background. What is the main pitch frequency, expressed in Hertz? Reply with ONLY a number (the frequency in Hz). Nothing else. Output only the answer."
5000,street-noise,-6.0,flute,instrument,29,60,0,0,0,0,F1,D#2,0,0,0,fa,la#,0,0,0,60,D#2,sib,110,/home/hsnu2/PitchBench/data/analysis_audio/pitchbench_e2_background/F1_flute_5000ms_bg_street-noise_snr-6db.wav,F1_flute_5000ms_bg_street-noise_snr-6db.wav,"This audio contains a single sustained musical note mixed with a background sound. Identify the PITCH of the note, ignoring the background. What is the MIDI note number (an integer from 0 to 127)? Reply with ONLY the integer. Nothing else. Output only the answer.","This audio contains a single sustained musical note mixed with a background sound. Identify the PITCH of the note, ignoring the background. What is the note name and octave? Reply with ONLY the note name in Scientific Pitch Notation (e.g. C4, F#3, Bb5). Nothing else. Output only the answer.","This audio contains a single sustained musical note mixed with a background sound. Identify the PITCH of the note, ignoring the background. What is the solfege syllable and accidental (if needed) of this pitch? Use fixed-do (do=C, re=D, mi=E, fa=F, sol=G, la=A, si=B). Include sharps or flats when needed (e.g. do#, reb, fa#, sib). Do NOT include the octave. Reply with ONLY the syllable and accidental (if needed). Nothing else. Output only the answer.","This audio contains a single sustained musical note mixed with a background sound. Identify the PITCH of the note, ignoring the background. What is the main pitch frequency, expressed in Hertz? Reply with ONLY a number (the frequency in Hz). Nothing else. Output only the answer."
5000,oscillating-high-and-low-pitches,-6.0,flute,instrument,29,67,0,0,0,0,F1,G4,0,0,0,fa,la#,0,0,0,67,G4,sib,1000,/home/hsnu2/PitchBench/data/analysis_audio/pitchbench_e2_background/F1_flute_5000ms_bg_oscillating-high-and-low-pitches_snr-6db.wav,F1_flute_5000ms_bg_oscillating-high-and-low-pitches_snr-6db.wav,"This audio contains a single sustained musical note mixed with a background sound. Identify the PITCH of the note, ignoring the background. What is the MIDI note number (an integer from 0 to 127)? Reply with ONLY the integer. Nothing else. Output only the answer.","This audio contains a single sustained musical note mixed with a background sound. Identify the PITCH of the note, ignoring the background. What is the note name and octave? Reply with ONLY the note name in Scientific Pitch Notation (e.g. C4, F#3, Bb5). Nothing else. Output only the answer.","This audio contains a single sustained musical note mixed with a background sound. Identify the PITCH of the note, ignoring the background. What is the solfege syllable and accidental (if needed) of this pitch? Use fixed-do (do=C, re=D, mi=E, fa=F, sol=G, la=A, si=B). Include sharps or flats when needed (e.g. do#, reb, fa#, sib). Do NOT include the octave. Reply with ONLY the syllable and accidental (if needed). Nothing else. Output only the answer.","This audio contains a single sustained musical note mixed with a background sound. Identify the PITCH of the note, ignoring the background. What is the main pitch frequency, expressed in Hertz? Reply with ONLY a number (the frequency in Hz). Nothing else. Output only the answer."
5000,white_noise,-6.0,flute,instrument,38,60,0,0,0,0,D2,G4,0,0,0,re,la#,0,0,0,60,G4,la#,1000,/home/hsnu2/PitchBench/data/analysis_audio/pitchbench_e2_background/D2_flute_5000ms_bg_white_noise_snr-6db.wav,D2_flute_5000ms_bg_white_noise_snr-6db.wav,"This audio contains a single sustained musical note mixed with a background sound. Identify the PITCH of the note, ignoring the background. What is the MIDI note number (an integer from 0 to 127)? Reply with ONLY the integer. Nothing else. Output only the answer.","This audio contains a single sustained musical note mixed with a background sound. Identify the PITCH of the note, ignoring the background. What is the note name and octave? Reply with ONLY the note name in Scientific Pitch Notation (e.g. C4, F#3, Bb5). Nothing else. Output only the answer.","This audio contains a single sustained musical note mixed with a background sound. Identify the PITCH of the note, ignoring the background. What is the solfege syllable and accidental (if needed) of this pitch? Use fixed-do (do=C, re=D, mi=E, fa=F, sol=G, la=A, si=B). Include sharps or flats when needed (e.g. do#, reb, fa#, sib). Do NOT include the octave. Reply with ONLY the syllable and accidental (if needed). Nothing else. Output only the answer.","This audio contains a single sustained musical note mixed with a background sound. Identify the PITCH of the note, ignoring the background. What is the main pitch frequency, expressed in Hertz? Reply with ONLY a number (the frequency in Hz). Nothing else. Output only the answer."
5000,church-bells,-6.0,flute,instrument,38,60,0,0,0,0,D2,A4,0,0,0,re,do,0,0,0,60,A4,si#,440,/home/hsnu2/PitchBench/data/analysis_audio/pitchbench_e2_background/D2_flute_5000ms_bg_church-bells_snr-6db.wav,D2_flute_5000ms_bg_church-bells_snr-6db.wav,"This audio contains a single sustained musical note mixed with a background sound. Identify the PITCH of the note, ignoring the background. What is the MIDI note number (an integer from 0 to 127)? Reply with ONLY the integer. Nothing else. Output only the answer.","This audio contains a single sustained musical note mixed with a background sound. Identify the PITCH of the note, ignoring the background. What is the note name and octave? Reply with ONLY the note name in Scientific Pitch Notation (e.g. C4, F#3, Bb5). Nothing else. Output only the answer.","This audio contains a single sustained musical note mixed with a background sound. Identify the PITCH of the note, ignoring the background. What is the solfege syllable and accidental (if needed) of this pitch? Use fixed-do (do=C, re=D, mi=E, fa=F, sol=G, la=A, si=B). Include sharps or flats when needed (e.g. do#, reb, fa#, sib). Do NOT include the octave. Reply with ONLY the syllable and accidental (if needed). Nothing else. Output only the answer.","This audio contains a single sustained musical note mixed with a background sound. Identify the PITCH of the note, ignoring the background. What is the main pitch frequency, expressed in Hertz? Reply with ONLY a number (the frequency in Hz). Nothing else. Output only the answer."
5000,crowd-noise,-6.0,flute,instrument,38,60,0,0,0,0,D2,D4,0,1,0,re,la#,0,0,0,60,D4,la#,120.0,/home/hsnu2/PitchBench/data/analysis_audio/pitchbench_e2_background/D2_flute_5000ms_bg_crowd-noise_snr-6db.wav,D2_flute_5000ms_bg_crowd-noise_snr-6db.wav,"This audio contains a single sustained musical note mixed with a background sound. Identify the PITCH of the note, ignoring the background. What is the MIDI note number (an integer from 0 to 127)? Reply with ONLY the integer. Nothing else. Output only the answer.","This audio contains a single sustained musical note mixed with a background sound. Identify the PITCH of the note, ignoring the background. What is the note name and octave? Reply with ONLY the note name in Scientific Pitch Notation (e.g. C4, F#3, Bb5). Nothing else. Output only the answer.","This audio contains a single sustained musical note mixed with a background sound. Identify the PITCH of the note, ignoring the background. What is the solfege syllable and accidental (if needed) of this pitch? Use fixed-do (do=C, re=D, mi=E, fa=F, sol=G, la=A, si=B). Include sharps or flats when needed (e.g. do#, reb, fa#, sib). Do NOT include the octave. Reply with ONLY the syllable and accidental (if needed). Nothing else. Output only the answer.","This audio contains a single sustained musical note mixed with a background sound. Identify the PITCH of the note, ignoring the background. What is the main pitch frequency, expressed in Hertz? Reply with ONLY a number (the frequency in Hz). Nothing else. Output only the answer."
5000,rain,-6.0,flute,instrument,38,60,0,0,0,0,D2,G4,0,0,0,re,la#,0,0,0,60,G4,sib,1000,/home/hsnu2/PitchBench/data/analysis_audio/pitchbench_e2_background/D2_flute_5000ms_bg_rain_snr-6db.wav,D2_flute_5000ms_bg_rain_snr-6db.wav,"This audio contains a single sustained musical note mixed with a background sound. Identify the PITCH of the note, ignoring the background. What is the MIDI note number (an integer from 0 to 127)? Reply with ONLY the integer. Nothing else. Output only the answer.","This audio contains a single sustained musical note mixed with a background sound. Identify the PITCH of the note, ignoring the background. What is the note name and octave? Reply with ONLY the note name in Scientific Pitch Notation (e.g. C4, F#3, Bb5). Nothing else. Output only the answer.","This audio contains a single sustained musical note mixed with a background sound. Identify the PITCH of the note, ignoring the background. What is the solfege syllable and accidental (if needed) of this pitch? Use fixed-do (do=C, re=D, mi=E, fa=F, sol=G, la=A, si=B). Include sharps or flats when needed (e.g. do#, reb, fa#, sib). Do NOT include the octave. Reply with ONLY the syllable and accidental (if needed). Nothing else. Output only the answer.","This audio contains a single sustained musical note mixed with a background sound. Identify the PITCH of the note, ignoring the background. What is the main pitch frequency, expressed in Hertz? Reply with ONLY a number (the frequency in Hz). Nothing else. Output only the answer."
5000,street-noise,-6.0,flute,instrument,38,60,0,0,0,0,D2,D#4,0,0,0,re,la#,0,0,0,60,D#4,sib,110.0,/home/hsnu2/PitchBench/data/analysis_audio/pitchbench_e2_background/D2_flute_5000ms_bg_street-noise_snr-6db.wav,D2_flute_5000ms_bg_street-noise_snr-6db.wav,"This audio contains a single sustained musical note mixed with a background sound. Identify the PITCH of the note, ignoring the background. What is the MIDI note number (an integer from 0 to 127)? Reply with ONLY the integer. Nothing else. Output only the answer.","This audio contains a single sustained musical note mixed with a background sound. Identify the PITCH of the note, ignoring the background. What is the note name and octave? Reply with ONLY the note name in Scientific Pitch Notation (e.g. C4, F#3, Bb5). Nothing else. Output only the answer.","This audio contains a single sustained musical note mixed with a background sound. Identify the PITCH of the note, ignoring the background. What is the solfege syllable and accidental (if needed) of this pitch? Use fixed-do (do=C, re=D, mi=E, fa=F, sol=G, la=A, si=B). Include sharps or flats when needed (e.g. do#, reb, fa#, sib). Do NOT include the octave. Reply with ONLY the syllable and accidental (if needed). Nothing else. Output only the answer.","This audio contains a single sustained musical note mixed with a background sound. Identify the PITCH of the note, ignoring the background. What is the main pitch frequency, expressed in Hertz? Reply with ONLY a number (the frequency in Hz). Nothing else. Output only the answer."
5000,oscillating-high-and-low-pitches,-6.0,flute,instrument,38,69,0,0,0,0,D2,G#4,0,0,0,re,la#,0,0,0,69,G#4,sib,440,/home/hsnu2/PitchBench/data/analysis_audio/pitchbench_e2_background/D2_flute_5000ms_bg_oscillating-high-and-low-pitches_snr-6db.wav,D2_flute_5000ms_bg_oscillating-high-and-low-pitches_snr-6db.wav,"This audio contains a single sustained musical note mixed with a background sound. Identify the PITCH of the note, ignoring the background. What is the MIDI note number (an integer from 0 to 127)? Reply with ONLY the integer. Nothing else. Output only the answer.","This audio contains a single sustained musical note mixed with a background sound. Identify the PITCH of the note, ignoring the background. What is the note name and octave? Reply with ONLY the note name in Scientific Pitch Notation (e.g. C4, F#3, Bb5). Nothing else. Output only the answer.","This audio contains a single sustained musical note mixed with a background sound. Identify the PITCH of the note, ignoring the background. What is the solfege syllable and accidental (if needed) of this pitch? Use fixed-do (do=C, re=D, mi=E, fa=F, sol=G, la=A, si=B). Include sharps or flats when needed (e.g. do#, reb, fa#, sib). Do NOT include the octave. Reply with ONLY the syllable and accidental (if needed). Nothing else. Output only the answer.","This audio contains a single sustained musical note mixed with a background sound. Identify the PITCH of the note, ignoring the background. What is the main pitch frequency, expressed in Hertz? Reply with ONLY a number (the frequency in Hz). Nothing else. Output only the answer."
5000,white_noise,-6.0,flute,instrument,47,60,0,0,0,0,B2,C4,0,0,0,si,la#,0,0,0,60,C4,sib,10000,/home/hsnu2/PitchBench/data/analysis_audio/pitchbench_e2_background/B2_flute_5000ms_bg_white_noise_snr-6db.wav,B2_flute_5000ms_bg_white_noise_snr-6db.wav,"This audio contains a single sustained musical note mixed with a background sound. Identify the PITCH of the note, ignoring the background. What is the MIDI note number (an integer from 0 to 127)? Reply with ONLY the integer. Nothing else. Output only the answer.","This audio contains a single sustained musical note mixed with a background sound. Identify the PITCH of the note, ignoring the background. What is the note name and octave? Reply with ONLY the note name in Scientific Pitch Notation (e.g. C4, F#3, Bb5). Nothing else. Output only the answer.","This audio contains a single sustained musical note mixed with a background sound. Identify the PITCH of the note, ignoring the background. What is the solfege syllable and accidental (if needed) of this pitch? Use fixed-do (do=C, re=D, mi=E, fa=F, sol=G, la=A, si=B). Include sharps or flats when needed (e.g. do#, reb, fa#, sib). Do NOT include the octave. Reply with ONLY the syllable and accidental (if needed). Nothing else. Output only the answer.","This audio contains a single sustained musical note mixed with a background sound. Identify the PITCH of the note, ignoring the background. What is the main pitch frequency, expressed in Hertz? Reply with ONLY a number (the frequency in Hz). Nothing else. Output only the answer."
5000,church-bells,-6.0,flute,instrument,47,60,0,0,0,0,B2,A4,0,0,0,si,la#,0,0,0,60,A4,la#,440,/home/hsnu2/PitchBench/data/analysis_audio/pitchbench_e2_background/B2_flute_5000ms_bg_church-bells_snr-6db.wav,B2_flute_5000ms_bg_church-bells_snr-6db.wav,"This audio contains a single sustained musical note mixed with a background sound. Identify the PITCH of the note, ignoring the background. What is the MIDI note number (an integer from 0 to 127)? Reply with ONLY the integer. Nothing else. Output only the answer.","This audio contains a single sustained musical note mixed with a background sound. Identify the PITCH of the note, ignoring the background. What is the note name and octave? Reply with ONLY the note name in Scientific Pitch Notation (e.g. C4, F#3, Bb5). Nothing else. Output only the answer.","This audio contains a single sustained musical note mixed with a background sound. Identify the PITCH of the note, ignoring the background. What is the solfege syllable and accidental (if needed) of this pitch? Use fixed-do (do=C, re=D, mi=E, fa=F, sol=G, la=A, si=B). Include sharps or flats when needed (e.g. do#, reb, fa#, sib). Do NOT include the octave. Reply with ONLY the syllable and accidental (if needed). Nothing else. Output only the answer.","This audio contains a single sustained musical note mixed with a background sound. Identify the PITCH of the note, ignoring the background. What is the main pitch frequency, expressed in Hertz? Reply with ONLY a number (the frequency in Hz). Nothing else. Output only the answer."
5000,crowd-noise,-6.0,flute,instrument,47,62,0,0,0,0,B2,D4,0,0,0,si,la#,0,0,0,62,D4,la#,440,/home/hsnu2/PitchBench/data/analysis_audio/pitchbench_e2_background/B2_flute_5000ms_bg_crowd-noise_snr-6db.wav,B2_flute_5000ms_bg_crowd-noise_snr-6db.wav,"This audio contains a single sustained musical note mixed with a background sound. Identify the PITCH of the note, ignoring the background. What is the MIDI note number (an integer from 0 to 127)? Reply with ONLY the integer. Nothing else. Output only the answer.","This audio contains a single sustained musical note mixed with a background sound. Identify the PITCH of the note, ignoring the background. What is the note name and octave? Reply with ONLY the note name in Scientific Pitch Notation (e.g. C4, F#3, Bb5). Nothing else. Output only the answer.","This audio contains a single sustained musical note mixed with a background sound. Identify the PITCH of the note, ignoring the background. What is the solfege syllable and accidental (if needed) of this pitch? Use fixed-do (do=C, re=D, mi=E, fa=F, sol=G, la=A, si=B). Include sharps or flats when needed (e.g. do#, reb, fa#, sib). Do NOT include the octave. Reply with ONLY the syllable and accidental (if needed). Nothing else. Output only the answer.","This audio contains a single sustained musical note mixed with a background sound. Identify the PITCH of the note, ignoring the background. What is the main pitch frequency, expressed in Hertz? Reply with ONLY a number (the frequency in Hz). Nothing else. Output only the answer."
5000,rain,-6.0,flute,instrument,47,60,0,0,0,0,B2,C4,0,0,0,si,la#,0,0,0,60,C4,sib,1000,/home/hsnu2/PitchBench/data/analysis_audio/pitchbench_e2_background/B2_flute_5000ms_bg_rain_snr-6db.wav,B2_flute_5000ms_bg_rain_snr-6db.wav,"This audio contains a single sustained musical note mixed with a background sound. Identify the PITCH of the note, ignoring the background. What is the MIDI note number (an integer from 0 to 127)? Reply with ONLY the integer. Nothing else. Output only the answer.","This audio contains a single sustained musical note mixed with a background sound. Identify the PITCH of the note, ignoring the background. What is the note name and octave? Reply with ONLY the note name in Scientific Pitch Notation (e.g. C4, F#3, Bb5). Nothing else. Output only the answer.","This audio contains a single sustained musical note mixed with a background sound. Identify the PITCH of the note, ignoring the background. What is the solfege syllable and accidental (if needed) of this pitch? Use fixed-do (do=C, re=D, mi=E, fa=F, sol=G, la=A, si=B). Include sharps or flats when needed (e.g. do#, reb, fa#, sib). Do NOT include the octave. Reply with ONLY the syllable and accidental (if needed). Nothing else. Output only the answer.","This audio contains a single sustained musical note mixed with a background sound. Identify the PITCH of the note, ignoring the background. What is the main pitch frequency, expressed in Hertz? Reply with ONLY a number (the frequency in Hz). Nothing else. Output only the answer."
5000,street-noise,-6.0,flute,instrument,47,60,0,0,0,0,B2,D2,0,0,1,si,sol#,0,1,1,60,D2,sol#,123.47,/home/hsnu2/PitchBench/data/analysis_audio/pitchbench_e2_background/B2_flute_5000ms_bg_street-noise_snr-6db.wav,B2_flute_5000ms_bg_street-noise_snr-6db.wav,"This audio contains a single sustained musical note mixed with a background sound. Identify the PITCH of the note, ignoring the background. What is the MIDI note number (an integer from 0 to 127)? Reply with ONLY the integer. Nothing else. Output only the answer.","This audio contains a single sustained musical note mixed with a background sound. Identify the PITCH of the note, ignoring the background. What is the note name and octave? Reply with ONLY the note name in Scientific Pitch Notation (e.g. C4, F#3, Bb5). Nothing else. Output only the answer.","This audio contains a single sustained musical note mixed with a background sound. Identify the PITCH of the note, ignoring the background. What is the solfege syllable and accidental (if needed) of this pitch? Use fixed-do (do=C, re=D, mi=E, fa=F, sol=G, la=A, si=B). Include sharps or flats when needed (e.g. do#, reb, fa#, sib). Do NOT include the octave. Reply with ONLY the syllable and accidental (if needed). Nothing else. Output only the answer.","This audio contains a single sustained musical note mixed with a background sound. Identify the PITCH of the note, ignoring the background. What is the main pitch frequency, expressed in Hertz? Reply with ONLY a number (the frequency in Hz). Nothing else. Output only the answer."
5000,oscillating-high-and-low-pitches,-6.0,flute,instrument,47,69,0,0,0,0,B2,G4,0,0,0,si,la#,0,0,0,69,G4,sib,1000,/home/hsnu2/PitchBench/data/analysis_audio/pitchbench_e2_background/B2_flute_5000ms_bg_oscillating-high-and-low-pitches_snr-6db.wav,B2_flute_5000ms_bg_oscillating-high-and-low-pitches_snr-6db.wav,"This audio contains a single sustained musical note mixed with a background sound. Identify the PITCH of the note, ignoring the background. What is the MIDI note number (an integer from 0 to 127)? Reply with ONLY the integer. Nothing else. Output only the answer.","This audio contains a single sustained musical note mixed with a background sound. Identify the PITCH of the note, ignoring the background. What is the note name and octave? Reply with ONLY the note name in Scientific Pitch Notation (e.g. C4, F#3, Bb5). Nothing else. Output only the answer.","This audio contains a single sustained musical note mixed with a background sound. Identify the PITCH of the note, ignoring the background. What is the solfege syllable and accidental (if needed) of this pitch? Use fixed-do (do=C, re=D, mi=E, fa=F, sol=G, la=A, si=B). Include sharps or flats when needed (e.g. do#, reb, fa#, sib). Do NOT include the octave. Reply with ONLY the syllable and accidental (if needed). Nothing else. Output only the answer.","This audio contains a single sustained musical note mixed with a background sound. Identify the PITCH of the note, ignoring the background. What is the main pitch frequency, expressed in Hertz? Reply with ONLY a number (the frequency in Hz). Nothing else. Output only the answer."
5000,white_noise,-6.0,flute,instrument,56,69,0,0,0,0,G#3,G4,0,0,0,sol#,la#,0,0,0,69,G4,la#,1000,/home/hsnu2/PitchBench/data/analysis_audio/pitchbench_e2_background/Gs3_flute_5000ms_bg_white_noise_snr-6db.wav,Gs3_flute_5000ms_bg_white_noise_snr-6db.wav,"This audio contains a single sustained musical note mixed with a background sound. Identify the PITCH of the note, ignoring the background. What is the MIDI note number (an integer from 0 to 127)? Reply with ONLY the integer. Nothing else. Output only the answer.","This audio contains a single sustained musical note mixed with a background sound. Identify the PITCH of the note, ignoring the background. What is the note name and octave? Reply with ONLY the note name in Scientific Pitch Notation (e.g. C4, F#3, Bb5). Nothing else. Output only the answer.","This audio contains a single sustained musical note mixed with a background sound. Identify the PITCH of the note, ignoring the background. What is the solfege syllable and accidental (if needed) of this pitch? Use fixed-do (do=C, re=D, mi=E, fa=F, sol=G, la=A, si=B). Include sharps or flats when needed (e.g. do#, reb, fa#, sib). Do NOT include the octave. Reply with ONLY the syllable and accidental (if needed). Nothing else. Output only the answer.","This audio contains a single sustained musical note mixed with a background sound. Identify the PITCH of the note, ignoring the background. What is the main pitch frequency, expressed in Hertz? Reply with ONLY a number (the frequency in Hz). Nothing else. Output only the answer."
5000,church-bells,-6.0,flute,instrument,56,67,0,0,0,0,G#3,C5,0,0,0,sol#,la#,0,0,0,67,C5,sib,440,/home/hsnu2/PitchBench/data/analysis_audio/pitchbench_e2_background/Gs3_flute_5000ms_bg_church-bells_snr-6db.wav,Gs3_flute_5000ms_bg_church-bells_snr-6db.wav,"This audio contains a single sustained musical note mixed with a background sound. Identify the PITCH of the note, ignoring the background. What is the MIDI note number (an integer from 0 to 127)? Reply with ONLY the integer. Nothing else. Output only the answer.","This audio contains a single sustained musical note mixed with a background sound. Identify the PITCH of the note, ignoring the background. What is the note name and octave? Reply with ONLY the note name in Scientific Pitch Notation (e.g. C4, F#3, Bb5). Nothing else. Output only the answer.","This audio contains a single sustained musical note mixed with a background sound. Identify the PITCH of the note, ignoring the background. What is the solfege syllable and accidental (if needed) of this pitch? Use fixed-do (do=C, re=D, mi=E, fa=F, sol=G, la=A, si=B). Include sharps or flats when needed (e.g. do#, reb, fa#, sib). Do NOT include the octave. Reply with ONLY the syllable and accidental (if needed). Nothing else. Output only the answer.","This audio contains a single sustained musical note mixed with a background sound. Identify the PITCH of the note, ignoring the background. What is the main pitch frequency, expressed in Hertz? Reply with ONLY a number (the frequency in Hz). Nothing else. Output only the answer."
5000,crowd-noise,-6.0,flute,instrument,56,60,0,0,0,0,G#3,D4,0,0,0,sol#,la#,0,0,0,60,D4,la#,110.0,/home/hsnu2/PitchBench/data/analysis_audio/pitchbench_e2_background/Gs3_flute_5000ms_bg_crowd-noise_snr-6db.wav,Gs3_flute_5000ms_bg_crowd-noise_snr-6db.wav,"This audio contains a single sustained musical note mixed with a background sound. Identify the PITCH of the note, ignoring the background. What is the MIDI note number (an integer from 0 to 127)? Reply with ONLY the integer. Nothing else. Output only the answer.","This audio contains a single sustained musical note mixed with a background sound. Identify the PITCH of the note, ignoring the background. What is the note name and octave? Reply with ONLY the note name in Scientific Pitch Notation (e.g. C4, F#3, Bb5). Nothing else. Output only the answer.","This audio contains a single sustained musical note mixed with a background sound. Identify the PITCH of the note, ignoring the background. What is the solfege syllable and accidental (if needed) of this pitch? Use fixed-do (do=C, re=D, mi=E, fa=F, sol=G, la=A, si=B). Include sharps or flats when needed (e.g. do#, reb, fa#, sib). Do NOT include the octave. Reply with ONLY the syllable and accidental (if needed). Nothing else. Output only the answer.","This audio contains a single sustained musical note mixed with a background sound. Identify the PITCH of the note, ignoring the background. What is the main pitch frequency, expressed in Hertz? Reply with ONLY a number (the frequency in Hz). Nothing else. Output only the answer."
5000,rain,-6.0,flute,instrument,56,60,0,0,0,0,G#3,G4,0,0,0,sol#,la#,0,0,0,60,G4,sib,440,/home/hsnu2/PitchBench/data/analysis_audio/pitchbench_e2_background/Gs3_flute_5000ms_bg_rain_snr-6db.wav,Gs3_flute_5000ms_bg_rain_snr-6db.wav,"This audio contains a single sustained musical note mixed with a background sound. Identify the PITCH of the note, ignoring the background. What is the MIDI note number (an integer from 0 to 127)? Reply with ONLY the integer. Nothing else. Output only the answer.","This audio contains a single sustained musical note mixed with a background sound. Identify the PITCH of the note, ignoring the background. What is the note name and octave? Reply with ONLY the note name in Scientific Pitch Notation (e.g. C4, F#3, Bb5). Nothing else. Output only the answer.","This audio contains a single sustained musical note mixed with a background sound. Identify the PITCH of the note, ignoring the background. What is the solfege syllable and accidental (if needed) of this pitch? Use fixed-do (do=C, re=D, mi=E, fa=F, sol=G, la=A, si=B). Include sharps or flats when needed (e.g. do#, reb, fa#, sib). Do NOT include the octave. Reply with ONLY the syllable and accidental (if needed). Nothing else. Output only the answer.","This audio contains a single sustained musical note mixed with a background sound. Identify the PITCH of the note, ignoring the background. What is the main pitch frequency, expressed in Hertz? Reply with ONLY a number (the frequency in Hz). Nothing else. Output only the answer."
5000,street-noise,-6.0,flute,instrument,56,60,0,0,0,0,G#3,G4,0,0,0,sol#,la#,0,0,0,60,G4,sib,147,/home/hsnu2/PitchBench/data/analysis_audio/pitchbench_e2_background/Gs3_flute_5000ms_bg_street-noise_snr-6db.wav,Gs3_flute_5000ms_bg_street-noise_snr-6db.wav,"This audio contains a single sustained musical note mixed with a background sound. Identify the PITCH of the note, ignoring the background. What is the MIDI note number (an integer from 0 to 127)? Reply with ONLY the integer. Nothing else. Output only the answer.","This audio contains a single sustained musical note mixed with a background sound. Identify the PITCH of the note, ignoring the background. What is the note name and octave? Reply with ONLY the note name in Scientific Pitch Notation (e.g. C4, F#3, Bb5). Nothing else. Output only the answer.","This audio contains a single sustained musical note mixed with a background sound. Identify the PITCH of the note, ignoring the background. What is the solfege syllable and accidental (if needed) of this pitch? Use fixed-do (do=C, re=D, mi=E, fa=F, sol=G, la=A, si=B). Include sharps or flats when needed (e.g. do#, reb, fa#, sib). Do NOT include the octave. Reply with ONLY the syllable and accidental (if needed). Nothing else. Output only the answer.","This audio contains a single sustained musical note mixed with a background sound. Identify the PITCH of the note, ignoring the background. What is the main pitch frequency, expressed in Hertz? Reply with ONLY a number (the frequency in Hz). Nothing else. Output only the answer."
5000,oscillating-high-and-low-pitches,-6.0,flute,instrument,56,72,0,0,0,0,G#3,G#4,0,1,0,sol#,la#,0,0,0,72,G#4,sib,1000,/home/hsnu2/PitchBench/data/analysis_audio/pitchbench_e2_background/Gs3_flute_5000ms_bg_oscillating-high-and-low-pitches_snr-6db.wav,Gs3_flute_5000ms_bg_oscillating-high-and-low-pitches_snr-6db.wav,"This audio contains a single sustained musical note mixed with a background sound. Identify the PITCH of the note, ignoring the background. What is the MIDI note number (an integer from 0 to 127)? Reply with ONLY the integer. Nothing else. Output only the answer.","This audio contains a single sustained musical note mixed with a background sound. Identify the PITCH of the note, ignoring the background. What is the note name and octave? Reply with ONLY the note name in Scientific Pitch Notation (e.g. C4, F#3, Bb5). Nothing else. Output only the answer.","This audio contains a single sustained musical note mixed with a background sound. Identify the PITCH of the note, ignoring the background. What is the solfege syllable and accidental (if needed) of this pitch? Use fixed-do (do=C, re=D, mi=E, fa=F, sol=G, la=A, si=B). Include sharps or flats when needed (e.g. do#, reb, fa#, sib). Do NOT include the octave. Reply with ONLY the syllable and accidental (if needed). Nothing else. Output only the answer.","This audio contains a single sustained musical note mixed with a background sound. Identify the PITCH of the note, ignoring the background. What is the main pitch frequency, expressed in Hertz? Reply with ONLY a number (the frequency in Hz). Nothing else. Output only the answer."
5000,white_noise,-6.0,flute,instrument,65,72,0,0,0,0,F4,G4,0,0,1,fa,la#,0,0,0,72,G4,sib,1046.50,/home/hsnu2/PitchBench/data/analysis_audio/pitchbench_e2_background/F4_flute_5000ms_bg_white_noise_snr-6db.wav,F4_flute_5000ms_bg_white_noise_snr-6db.wav,"This audio contains a single sustained musical note mixed with a background sound. Identify the PITCH of the note, ignoring the background. What is the MIDI note number (an integer from 0 to 127)? Reply with ONLY the integer. Nothing else. Output only the answer.","This audio contains a single sustained musical note mixed with a background sound. Identify the PITCH of the note, ignoring the background. What is the note name and octave? Reply with ONLY the note name in Scientific Pitch Notation (e.g. C4, F#3, Bb5). Nothing else. Output only the answer.","This audio contains a single sustained musical note mixed with a background sound. Identify the PITCH of the note, ignoring the background. What is the solfege syllable and accidental (if needed) of this pitch? Use fixed-do (do=C, re=D, mi=E, fa=F, sol=G, la=A, si=B). Include sharps or flats when needed (e.g. do#, reb, fa#, sib). Do NOT include the octave. Reply with ONLY the syllable and accidental (if needed). Nothing else. Output only the answer.","This audio contains a single sustained musical note mixed with a background sound. Identify the PITCH of the note, ignoring the background. What is the main pitch frequency, expressed in Hertz? Reply with ONLY a number (the frequency in Hz). Nothing else. Output only the answer."
5000,church-bells,-6.0,flute,instrument,65,60,0,0,0,1,F4,C4,0,0,1,fa,la#,0,0,0,60,C4,la#,440,/home/hsnu2/PitchBench/data/analysis_audio/pitchbench_e2_background/F4_flute_5000ms_bg_church-bells_snr-6db.wav,F4_flute_5000ms_bg_church-bells_snr-6db.wav,"This audio contains a single sustained musical note mixed with a background sound. Identify the PITCH of the note, ignoring the background. What is the MIDI note number (an integer from 0 to 127)? Reply with ONLY the integer. Nothing else. Output only the answer.","This audio contains a single sustained musical note mixed with a background sound. Identify the PITCH of the note, ignoring the background. What is the note name and octave? Reply with ONLY the note name in Scientific Pitch Notation (e.g. C4, F#3, Bb5). Nothing else. Output only the answer.","This audio contains a single sustained musical note mixed with a background sound. Identify the PITCH of the note, ignoring the background. What is the solfege syllable and accidental (if needed) of this pitch? Use fixed-do (do=C, re=D, mi=E, fa=F, sol=G, la=A, si=B). Include sharps or flats when needed (e.g. do#, reb, fa#, sib). Do NOT include the octave. Reply with ONLY the syllable and accidental (if needed). Nothing else. Output only the answer.","This audio contains a single sustained musical note mixed with a background sound. Identify the PITCH of the note, ignoring the background. What is the main pitch frequency, expressed in Hertz? Reply with ONLY a number (the frequency in Hz). Nothing else. Output only the answer."
5000,crowd-noise,-6.0,flute,instrument,65,60,0,0,0,1,F4,D4,0,0,1,fa,la#,0,0,0,60,D4,sib,440,/home/hsnu2/PitchBench/data/analysis_audio/pitchbench_e2_background/F4_flute_5000ms_bg_crowd-noise_snr-6db.wav,F4_flute_5000ms_bg_crowd-noise_snr-6db.wav,"This audio contains a single sustained musical note mixed with a background sound. Identify the PITCH of the note, ignoring the background. What is the MIDI note number (an integer from 0 to 127)? Reply with ONLY the integer. Nothing else. Output only the answer.","This audio contains a single sustained musical note mixed with a background sound. Identify the PITCH of the note, ignoring the background. What is the note name and octave? Reply with ONLY the note name in Scientific Pitch Notation (e.g. C4, F#3, Bb5). Nothing else. Output only the answer.","This audio contains a single sustained musical note mixed with a background sound. Identify the PITCH of the note, ignoring the background. What is the solfege syllable and accidental (if needed) of this pitch? Use fixed-do (do=C, re=D, mi=E, fa=F, sol=G, la=A, si=B). Include sharps or flats when needed (e.g. do#, reb, fa#, sib). Do NOT include the octave. Reply with ONLY the syllable and accidental (if needed). Nothing else. Output only the answer.","This audio contains a single sustained musical note mixed with a background sound. Identify the PITCH of the note, ignoring the background. What is the main pitch frequency, expressed in Hertz? Reply with ONLY a number (the frequency in Hz). Nothing else. Output only the answer."
5000,rain,-6.0,flute,instrument,65,60,0,0,0,1,F4,C4,0,0,1,fa,la#,0,0,0,60,C4,la#,1046.50,/home/hsnu2/PitchBench/data/analysis_audio/pitchbench_e2_background/F4_flute_5000ms_bg_rain_snr-6db.wav,F4_flute_5000ms_bg_rain_snr-6db.wav,"This audio contains a single sustained musical note mixed with a background sound. Identify the PITCH of the note, ignoring the background. What is the MIDI note number (an integer from 0 to 127)? Reply with ONLY the integer. Nothing else. Output only the answer.","This audio contains a single sustained musical note mixed with a background sound. Identify the PITCH of the note, ignoring the background. What is the note name and octave? Reply with ONLY the note name in Scientific Pitch Notation (e.g. C4, F#3, Bb5). Nothing else. Output only the answer.","This audio contains a single sustained musical note mixed with a background sound. Identify the PITCH of the note, ignoring the background. What is the solfege syllable and accidental (if needed) of this pitch? Use fixed-do (do=C, re=D, mi=E, fa=F, sol=G, la=A, si=B). Include sharps or flats when needed (e.g. do#, reb, fa#, sib). Do NOT include the octave. Reply with ONLY the syllable and accidental (if needed). Nothing else. Output only the answer.","This audio contains a single sustained musical note mixed with a background sound. Identify the PITCH of the note, ignoring the background. What is the main pitch frequency, expressed in Hertz? Reply with ONLY a number (the frequency in Hz). Nothing else. Output only the answer."
5000,street-noise,-6.0,flute,instrument,65,60,0,0,0,1,F4,D4,0,0,1,fa,la#,0,0,0,60,D4,la#,1100,/home/hsnu2/PitchBench/data/analysis_audio/pitchbench_e2_background/F4_flute_5000ms_bg_street-noise_snr-6db.wav,F4_flute_5000ms_bg_street-noise_snr-6db.wav,"This audio contains a single sustained musical note mixed with a background sound. Identify the PITCH of the note, ignoring the background. What is the MIDI note number (an integer from 0 to 127)? Reply with ONLY the integer. Nothing else. Output only the answer.","This audio contains a single sustained musical note mixed with a background sound. Identify the PITCH of the note, ignoring the background. What is the note name and octave? Reply with ONLY the note name in Scientific Pitch Notation (e.g. C4, F#3, Bb5). Nothing else. Output only the answer.","This audio contains a single sustained musical note mixed with a background sound. Identify the PITCH of the note, ignoring the background. What is the solfege syllable and accidental (if needed) of this pitch? Use fixed-do (do=C, re=D, mi=E, fa=F, sol=G, la=A, si=B). Include sharps or flats when needed (e.g. do#, reb, fa#, sib). Do NOT include the octave. Reply with ONLY the syllable and accidental (if needed). Nothing else. Output only the answer.","This audio contains a single sustained musical note mixed with a background sound. Identify the PITCH of the note, ignoring the background. What is the main pitch frequency, expressed in Hertz? Reply with ONLY a number (the frequency in Hz). Nothing else. Output only the answer."
5000,oscillating-high-and-low-pitches,-6.0,flute,instrument,65,60,0,0,0,1,F4,A4,0,0,1,fa,la#,0,0,0,60,A4,la#,440,/home/hsnu2/PitchBench/data/analysis_audio/pitchbench_e2_background/F4_flute_5000ms_bg_oscillating-high-and-low-pitches_snr-6db.wav,F4_flute_5000ms_bg_oscillating-high-and-low-pitches_snr-6db.wav,"This audio contains a single sustained musical note mixed with a background sound. Identify the PITCH of the note, ignoring the background. What is the MIDI note number (an integer from 0 to 127)? Reply with ONLY the integer. Nothing else. Output only the answer.","This audio contains a single sustained musical note mixed with a background sound. Identify the PITCH of the note, ignoring the background. What is the note name and octave? Reply with ONLY the note name in Scientific Pitch Notation (e.g. C4, F#3, Bb5). Nothing else. Output only the answer.","This audio contains a single sustained musical note mixed with a background sound. Identify the PITCH of the note, ignoring the background. What is the solfege syllable and accidental (if needed) of this pitch? Use fixed-do (do=C, re=D, mi=E, fa=F, sol=G, la=A, si=B). Include sharps or flats when needed (e.g. do#, reb, fa#, sib). Do NOT include the octave. Reply with ONLY the syllable and accidental (if needed). Nothing else. Output only the answer.","This audio contains a single sustained musical note mixed with a background sound. Identify the PITCH of the note, ignoring the background. What is the main pitch frequency, expressed in Hertz? Reply with ONLY a number (the frequency in Hz). Nothing else. Output only the answer."
5000,white_noise,-6.0,flute,instrument,74,60,0,0,0,0,D5,C4,0,0,0,re,la#,0,0,0,60,C4,la#,1000,/home/hsnu2/PitchBench/data/analysis_audio/pitchbench_e2_background/D5_flute_5000ms_bg_white_noise_snr-6db.wav,D5_flute_5000ms_bg_white_noise_snr-6db.wav,"This audio contains a single sustained musical note mixed with a background sound. Identify the PITCH of the note, ignoring the background. What is the MIDI note number (an integer from 0 to 127)? Reply with ONLY the integer. Nothing else. Output only the answer.","This audio contains a single sustained musical note mixed with a background sound. Identify the PITCH of the note, ignoring the background. What is the note name and octave? Reply with ONLY the note name in Scientific Pitch Notation (e.g. C4, F#3, Bb5). Nothing else. Output only the answer.","This audio contains a single sustained musical note mixed with a background sound. Identify the PITCH of the note, ignoring the background. What is the solfege syllable and accidental (if needed) of this pitch? Use fixed-do (do=C, re=D, mi=E, fa=F, sol=G, la=A, si=B). Include sharps or flats when needed (e.g. do#, reb, fa#, sib). Do NOT include the octave. Reply with ONLY the syllable and accidental (if needed). Nothing else. Output only the answer.","This audio contains a single sustained musical note mixed with a background sound. Identify the PITCH of the note, ignoring the background. What is the main pitch frequency, expressed in Hertz? Reply with ONLY a number (the frequency in Hz). Nothing else. Output only the answer."
5000,church-bells,-6.0,flute,instrument,74,60,0,0,0,0,D5,A4,0,0,0,re,la#,0,0,0,60,A4,la#,440,/home/hsnu2/PitchBench/data/analysis_audio/pitchbench_e2_background/D5_flute_5000ms_bg_church-bells_snr-6db.wav,D5_flute_5000ms_bg_church-bells_snr-6db.wav,"This audio contains a single sustained musical note mixed with a background sound. Identify the PITCH of the note, ignoring the background. What is the MIDI note number (an integer from 0 to 127)? Reply with ONLY the integer. Nothing else. Output only the answer.","This audio contains a single sustained musical note mixed with a background sound. Identify the PITCH of the note, ignoring the background. What is the note name and octave? Reply with ONLY the note name in Scientific Pitch Notation (e.g. C4, F#3, Bb5). Nothing else. Output only the answer.","This audio contains a single sustained musical note mixed with a background sound. Identify the PITCH of the note, ignoring the background. What is the solfege syllable and accidental (if needed) of this pitch? Use fixed-do (do=C, re=D, mi=E, fa=F, sol=G, la=A, si=B). Include sharps or flats when needed (e.g. do#, reb, fa#, sib). Do NOT include the octave. Reply with ONLY the syllable and accidental (if needed). Nothing else. Output only the answer.","This audio contains a single sustained musical note mixed with a background sound. Identify the PITCH of the note, ignoring the background. What is the main pitch frequency, expressed in Hertz? Reply with ONLY a number (the frequency in Hz). Nothing else. Output only the answer."
5000,crowd-noise,-6.0,flute,instrument,74,60,0,0,0,0,D5,G4,0,0,0,re,la#,0,0,0,60,G4,la#,1000,/home/hsnu2/PitchBench/data/analysis_audio/pitchbench_e2_background/D5_flute_5000ms_bg_crowd-noise_snr-6db.wav,D5_flute_5000ms_bg_crowd-noise_snr-6db.wav,"This audio contains a single sustained musical note mixed with a background sound. Identify the PITCH of the note, ignoring the background. What is the MIDI note number (an integer from 0 to 127)? Reply with ONLY the integer. Nothing else. Output only the answer.","This audio contains a single sustained musical note mixed with a background sound. Identify the PITCH of the note, ignoring the background. What is the note name and octave? Reply with ONLY the note name in Scientific Pitch Notation (e.g. C4, F#3, Bb5). Nothing else. Output only the answer.","This audio contains a single sustained musical note mixed with a background sound. Identify the PITCH of the note, ignoring the background. What is the solfege syllable and accidental (if needed) of this pitch? Use fixed-do (do=C, re=D, mi=E, fa=F, sol=G, la=A, si=B). Include sharps or flats when needed (e.g. do#, reb, fa#, sib). Do NOT include the octave. Reply with ONLY the syllable and accidental (if needed). Nothing else. Output only the answer.","This audio contains a single sustained musical note mixed with a background sound. Identify the PITCH of the note, ignoring the background. What is the main pitch frequency, expressed in Hertz? Reply with ONLY a number (the frequency in Hz). Nothing else. Output only the answer."
5000,rain,-6.0,flute,instrument,74,60,0,0,0,0,D5,C4,0,0,0,re,la#,0,0,0,60,C4,la#,440,/home/hsnu2/PitchBench/data/analysis_audio/pitchbench_e2_background/D5_flute_5000ms_bg_rain_snr-6db.wav,D5_flute_5000ms_bg_rain_snr-6db.wav,"This audio contains a single sustained musical note mixed with a background sound. Identify the PITCH of the note, ignoring the background. What is the MIDI note number (an integer from 0 to 127)? Reply with ONLY the integer. Nothing else. Output only the answer.","This audio contains a single sustained musical note mixed with a background sound. Identify the PITCH of the note, ignoring the background. What is the note name and octave? Reply with ONLY the note name in Scientific Pitch Notation (e.g. C4, F#3, Bb5). Nothing else. Output only the answer.","This audio contains a single sustained musical note mixed with a background sound. Identify the PITCH of the note, ignoring the background. What is the solfege syllable and accidental (if needed) of this pitch? Use fixed-do (do=C, re=D, mi=E, fa=F, sol=G, la=A, si=B). Include sharps or flats when needed (e.g. do#, reb, fa#, sib). Do NOT include the octave. Reply with ONLY the syllable and accidental (if needed). Nothing else. Output only the answer.","This audio contains a single sustained musical note mixed with a background sound. Identify the PITCH of the note, ignoring the background. What is the main pitch frequency, expressed in Hertz? Reply with ONLY a number (the frequency in Hz). Nothing else. Output only the answer."
5000,street-noise,-6.0,flute,instrument,74,60,0,0,0,0,D5,G4,0,0,0,re,la#,0,0,0,60,G4,sib,110,/home/hsnu2/PitchBench/data/analysis_audio/pitchbench_e2_background/D5_flute_5000ms_bg_street-noise_snr-6db.wav,D5_flute_5000ms_bg_street-noise_snr-6db.wav,"This audio contains a single sustained musical note mixed with a background sound. Identify the PITCH of the note, ignoring the background. What is the MIDI note number (an integer from 0 to 127)? Reply with ONLY the integer. Nothing else. Output only the answer.","This audio contains a single sustained musical note mixed with a background sound. Identify the PITCH of the note, ignoring the background. What is the note name and octave? Reply with ONLY the note name in Scientific Pitch Notation (e.g. C4, F#3, Bb5). Nothing else. Output only the answer.","This audio contains a single sustained musical note mixed with a background sound. Identify the PITCH of the note, ignoring the background. What is the solfege syllable and accidental (if needed) of this pitch? Use fixed-do (do=C, re=D, mi=E, fa=F, sol=G, la=A, si=B). Include sharps or flats when needed (e.g. do#, reb, fa#, sib). Do NOT include the octave. Reply with ONLY the syllable and accidental (if needed). Nothing else. Output only the answer.","This audio contains a single sustained musical note mixed with a background sound. Identify the PITCH of the note, ignoring the background. What is the main pitch frequency, expressed in Hertz? Reply with ONLY a number (the frequency in Hz). Nothing else. Output only the answer."
5000,oscillating-high-and-low-pitches,-6.0,flute,instrument,74,69,0,0,0,0,D5,G4,0,0,0,re,la#,0,0,0,69,G4,sib,440,/home/hsnu2/PitchBench/data/analysis_audio/pitchbench_e2_background/D5_flute_5000ms_bg_oscillating-high-and-low-pitches_snr-6db.wav,D5_flute_5000ms_bg_oscillating-high-and-low-pitches_snr-6db.wav,"This audio contains a single sustained musical note mixed with a background sound. Identify the PITCH of the note, ignoring the background. What is the MIDI note number (an integer from 0 to 127)? Reply with ONLY the integer. Nothing else. Output only the answer.","This audio contains a single sustained musical note mixed with a background sound. Identify the PITCH of the note, ignoring the background. What is the note name and octave? Reply with ONLY the note name in Scientific Pitch Notation (e.g. C4, F#3, Bb5). Nothing else. Output only the answer.","This audio contains a single sustained musical note mixed with a background sound. Identify the PITCH of the note, ignoring the background. What is the solfege syllable and accidental (if needed) of this pitch? Use fixed-do (do=C, re=D, mi=E, fa=F, sol=G, la=A, si=B). Include sharps or flats when needed (e.g. do#, reb, fa#, sib). Do NOT include the octave. Reply with ONLY the syllable and accidental (if needed). Nothing else. Output only the answer.","This audio contains a single sustained musical note mixed with a background sound. Identify the PITCH of the note, ignoring the background. What is the main pitch frequency, expressed in Hertz? Reply with ONLY a number (the frequency in Hz). Nothing else. Output only the answer."
5000,white_noise,-6.0,flute,instrument,83,69,0,0,0,0,B5,G#4,0,0,0,si,la#,0,0,0,69,G#4,la#,440,/home/hsnu2/PitchBench/data/analysis_audio/pitchbench_e2_background/B5_flute_5000ms_bg_white_noise_snr-6db.wav,B5_flute_5000ms_bg_white_noise_snr-6db.wav,"This audio contains a single sustained musical note mixed with a background sound. Identify the PITCH of the note, ignoring the background. What is the MIDI note number (an integer from 0 to 127)? Reply with ONLY the integer. Nothing else. Output only the answer.","This audio contains a single sustained musical note mixed with a background sound. Identify the PITCH of the note, ignoring the background. What is the note name and octave? Reply with ONLY the note name in Scientific Pitch Notation (e.g. C4, F#3, Bb5). Nothing else. Output only the answer.","This audio contains a single sustained musical note mixed with a background sound. Identify the PITCH of the note, ignoring the background. What is the solfege syllable and accidental (if needed) of this pitch? Use fixed-do (do=C, re=D, mi=E, fa=F, sol=G, la=A, si=B). Include sharps or flats when needed (e.g. do#, reb, fa#, sib). Do NOT include the octave. Reply with ONLY the syllable and accidental (if needed). Nothing else. Output only the answer.","This audio contains a single sustained musical note mixed with a background sound. Identify the PITCH of the note, ignoring the background. What is the main pitch frequency, expressed in Hertz? Reply with ONLY a number (the frequency in Hz). Nothing else. Output only the answer."
5000,church-bells,-6.0,flute,instrument,83,67,0,0,0,0,B5,C5,0,0,1,si,si,1,0,0,67,C5,si,440,/home/hsnu2/PitchBench/data/analysis_audio/pitchbench_e2_background/B5_flute_5000ms_bg_church-bells_snr-6db.wav,B5_flute_5000ms_bg_church-bells_snr-6db.wav,"This audio contains a single sustained musical note mixed with a background sound. Identify the PITCH of the note, ignoring the background. What is the MIDI note number (an integer from 0 to 127)? Reply with ONLY the integer. Nothing else. Output only the answer.","This audio contains a single sustained musical note mixed with a background sound. Identify the PITCH of the note, ignoring the background. What is the note name and octave? Reply with ONLY the note name in Scientific Pitch Notation (e.g. C4, F#3, Bb5). Nothing else. Output only the answer.","This audio contains a single sustained musical note mixed with a background sound. Identify the PITCH of the note, ignoring the background. What is the solfege syllable and accidental (if needed) of this pitch? Use fixed-do (do=C, re=D, mi=E, fa=F, sol=G, la=A, si=B). Include sharps or flats when needed (e.g. do#, reb, fa#, sib). Do NOT include the octave. Reply with ONLY the syllable and accidental (if needed). Nothing else. Output only the answer.","This audio contains a single sustained musical note mixed with a background sound. Identify the PITCH of the note, ignoring the background. What is the main pitch frequency, expressed in Hertz? Reply with ONLY a number (the frequency in Hz). Nothing else. Output only the answer."
5000,crowd-noise,-6.0,flute,instrument,83,60,0,0,0,0,B5,G4,0,0,0,si,la#,0,0,0,60,G4,sib,440,/home/hsnu2/PitchBench/data/analysis_audio/pitchbench_e2_background/B5_flute_5000ms_bg_crowd-noise_snr-6db.wav,B5_flute_5000ms_bg_crowd-noise_snr-6db.wav,"This audio contains a single sustained musical note mixed with a background sound. Identify the PITCH of the note, ignoring the background. What is the MIDI note number (an integer from 0 to 127)? Reply with ONLY the integer. Nothing else. Output only the answer.","This audio contains a single sustained musical note mixed with a background sound. Identify the PITCH of the note, ignoring the background. What is the note name and octave? Reply with ONLY the note name in Scientific Pitch Notation (e.g. C4, F#3, Bb5). Nothing else. Output only the answer.","This audio contains a single sustained musical note mixed with a background sound. Identify the PITCH of the note, ignoring the background. What is the solfege syllable and accidental (if needed) of this pitch? Use fixed-do (do=C, re=D, mi=E, fa=F, sol=G, la=A, si=B). Include sharps or flats when needed (e.g. do#, reb, fa#, sib). Do NOT include the octave. Reply with ONLY the syllable and accidental (if needed). Nothing else. Output only the answer.","This audio contains a single sustained musical note mixed with a background sound. Identify the PITCH of the note, ignoring the background. What is the main pitch frequency, expressed in Hertz? Reply with ONLY a number (the frequency in Hz). Nothing else. Output only the answer."
5000,rain,-6.0,flute,instrument,83,60,0,0,0,0,B5,C5,0,0,1,si,la#,0,0,0,60,C5,la#,1000,/home/hsnu2/PitchBench/data/analysis_audio/pitchbench_e2_background/B5_flute_5000ms_bg_rain_snr-6db.wav,B5_flute_5000ms_bg_rain_snr-6db.wav,"This audio contains a single sustained musical note mixed with a background sound. Identify the PITCH of the note, ignoring the background. What is the MIDI note number (an integer from 0 to 127)? Reply with ONLY the integer. Nothing else. Output only the answer.","This audio contains a single sustained musical note mixed with a background sound. Identify the PITCH of the note, ignoring the background. What is the note name and octave? Reply with ONLY the note name in Scientific Pitch Notation (e.g. C4, F#3, Bb5). Nothing else. Output only the answer.","This audio contains a single sustained musical note mixed with a background sound. Identify the PITCH of the note, ignoring the background. What is the solfege syllable and accidental (if needed) of this pitch? Use fixed-do (do=C, re=D, mi=E, fa=F, sol=G, la=A, si=B). Include sharps or flats when needed (e.g. do#, reb, fa#, sib). Do NOT include the octave. Reply with ONLY the syllable and accidental (if needed). Nothing else. Output only the answer.","This audio contains a single sustained musical note mixed with a background sound. Identify the PITCH of the note, ignoring the background. What is the main pitch frequency, expressed in Hertz? Reply with ONLY a number (the frequency in Hz). Nothing else. Output only the answer."
5000,street-noise,-6.0,flute,instrument,83,60,0,0,0,0,B5,D#4,0,0,0,si,la#,0,0,0,60,D#4,sib,120,/home/hsnu2/PitchBench/data/analysis_audio/pitchbench_e2_background/B5_flute_5000ms_bg_street-noise_snr-6db.wav,B5_flute_5000ms_bg_street-noise_snr-6db.wav,"This audio contains a single sustained musical note mixed with a background sound. Identify the PITCH of the note, ignoring the background. What is the MIDI note number (an integer from 0 to 127)? Reply with ONLY the integer. Nothing else. Output only the answer.","This audio contains a single sustained musical note mixed with a background sound. Identify the PITCH of the note, ignoring the background. What is the note name and octave? Reply with ONLY the note name in Scientific Pitch Notation (e.g. C4, F#3, Bb5). Nothing else. Output only the answer.","This audio contains a single sustained musical note mixed with a background sound. Identify the PITCH of the note, ignoring the background. What is the solfege syllable and accidental (if needed) of this pitch? Use fixed-do (do=C, re=D, mi=E, fa=F, sol=G, la=A, si=B). Include sharps or flats when needed (e.g. do#, reb, fa#, sib). Do NOT include the octave. Reply with ONLY the syllable and accidental (if needed). Nothing else. Output only the answer.","This audio contains a single sustained musical note mixed with a background sound. Identify the PITCH of the note, ignoring the background. What is the main pitch frequency, expressed in Hertz? Reply with ONLY a number (the frequency in Hz). Nothing else. Output only the answer."
5000,oscillating-high-and-low-pitches,-6.0,flute,instrument,83,60,0,0,0,0,B5,C5,0,0,1,si,la#,0,0,0,60,C5,sib,1000,/home/hsnu2/PitchBench/data/analysis_audio/pitchbench_e2_background/B5_flute_5000ms_bg_oscillating-high-and-low-pitches_snr-6db.wav,B5_flute_5000ms_bg_oscillating-high-and-low-pitches_snr-6db.wav,"This audio contains a single sustained musical note mixed with a background sound. Identify the PITCH of the note, ignoring the background. What is the MIDI note number (an integer from 0 to 127)? Reply with ONLY the integer. Nothing else. Output only the answer.","This audio contains a single sustained musical note mixed with a background sound. Identify the PITCH of the note, ignoring the background. What is the note name and octave? Reply with ONLY the note name in Scientific Pitch Notation (e.g. C4, F#3, Bb5). Nothing else. Output only the answer.","This audio contains a single sustained musical note mixed with a background sound. Identify the PITCH of the note, ignoring the background. What is the solfege syllable and accidental (if needed) of this pitch? Use fixed-do (do=C, re=D, mi=E, fa=F, sol=G, la=A, si=B). Include sharps or flats when needed (e.g. do#, reb, fa#, sib). Do NOT include the octave. Reply with ONLY the syllable and accidental (if needed). Nothing else. Output only the answer.","This audio contains a single sustained musical note mixed with a background sound. Identify the PITCH of the note, ignoring the background. What is the main pitch frequency, expressed in Hertz? Reply with ONLY a number (the frequency in Hz). Nothing else. Output only the answer."
5000,white_noise,-6.0,piano,instrument,29,62,0,0,0,0,F1,G4,0,0,0,fa,la#,0,0,0,62,G4,la#,1000,/home/hsnu2/PitchBench/data/analysis_audio/pitchbench_e2_background/F1_piano_5000ms_bg_white_noise_snr-6db.wav,F1_piano_5000ms_bg_white_noise_snr-6db.wav,"This audio contains a single sustained musical note mixed with a background sound. Identify the PITCH of the note, ignoring the background. What is the MIDI note number (an integer from 0 to 127)? Reply with ONLY the integer. Nothing else. Output only the answer.","This audio contains a single sustained musical note mixed with a background sound. Identify the PITCH of the note, ignoring the background. What is the note name and octave? Reply with ONLY the note name in Scientific Pitch Notation (e.g. C4, F#3, Bb5). Nothing else. Output only the answer.","This audio contains a single sustained musical note mixed with a background sound. Identify the PITCH of the note, ignoring the background. What is the solfege syllable and accidental (if needed) of this pitch? Use fixed-do (do=C, re=D, mi=E, fa=F, sol=G, la=A, si=B). Include sharps or flats when needed (e.g. do#, reb, fa#, sib). Do NOT include the octave. Reply with ONLY the syllable and accidental (if needed). Nothing else. Output only the answer.","This audio contains a single sustained musical note mixed with a background sound. Identify the PITCH of the note, ignoring the background. What is the main pitch frequency, expressed in Hertz? Reply with ONLY a number (the frequency in Hz). Nothing else. Output only the answer."
5000,church-bells,-6.0,piano,instrument,29,60,0,0,0,0,F1,A4,0,0,0,fa,la#,0,0,0,60,A4,la#,440,/home/hsnu2/PitchBench/data/analysis_audio/pitchbench_e2_background/F1_piano_5000ms_bg_church-bells_snr-6db.wav,F1_piano_5000ms_bg_church-bells_snr-6db.wav,"This audio contains a single sustained musical note mixed with a background sound. Identify the PITCH of the note, ignoring the background. What is the MIDI note number (an integer from 0 to 127)? Reply with ONLY the integer. Nothing else. Output only the answer.","This audio contains a single sustained musical note mixed with a background sound. Identify the PITCH of the note, ignoring the background. What is the note name and octave? Reply with ONLY the note name in Scientific Pitch Notation (e.g. C4, F#3, Bb5). Nothing else. Output only the answer.","This audio contains a single sustained musical note mixed with a background sound. Identify the PITCH of the note, ignoring the background. What is the solfege syllable and accidental (if needed) of this pitch? Use fixed-do (do=C, re=D, mi=E, fa=F, sol=G, la=A, si=B). Include sharps or flats when needed (e.g. do#, reb, fa#, sib). Do NOT include the octave. Reply with ONLY the syllable and accidental (if needed). Nothing else. Output only the answer.","This audio contains a single sustained musical note mixed with a background sound. Identify the PITCH of the note, ignoring the background. What is the main pitch frequency, expressed in Hertz? Reply with ONLY a number (the frequency in Hz). Nothing else. Output only the answer."
5000,crowd-noise,-6.0,piano,instrument,29,60,0,0,0,0,F1,G4,0,0,0,fa,la#,0,0,0,60,G4,sib,1000,/home/hsnu2/PitchBench/data/analysis_audio/pitchbench_e2_background/F1_piano_5000ms_bg_crowd-noise_snr-6db.wav,F1_piano_5000ms_bg_crowd-noise_snr-6db.wav,"This audio contains a single sustained musical note mixed with a background sound. Identify the PITCH of the note, ignoring the background. What is the MIDI note number (an integer from 0 to 127)? Reply with ONLY the integer. Nothing else. Output only the answer.","This audio contains a single sustained musical note mixed with a background sound. Identify the PITCH of the note, ignoring the background. What is the note name and octave? Reply with ONLY the note name in Scientific Pitch Notation (e.g. C4, F#3, Bb5). Nothing else. Output only the answer.","This audio contains a single sustained musical note mixed with a background sound. Identify the PITCH of the note, ignoring the background. What is the solfege syllable and accidental (if needed) of this pitch? Use fixed-do (do=C, re=D, mi=E, fa=F, sol=G, la=A, si=B). Include sharps or flats when needed (e.g. do#, reb, fa#, sib). Do NOT include the octave. Reply with ONLY the syllable and accidental (if needed). Nothing else. Output only the answer.","This audio contains a single sustained musical note mixed with a background sound. Identify the PITCH of the note, ignoring the background. What is the main pitch frequency, expressed in Hertz? Reply with ONLY a number (the frequency in Hz). Nothing else. Output only the answer."
5000,rain,-6.0,piano,instrument,29,62,0,0,0,0,F1,C4,0,0,0,fa,la#,0,0,0,62,C4,la#,440,/home/hsnu2/PitchBench/data/analysis_audio/pitchbench_e2_background/F1_piano_5000ms_bg_rain_snr-6db.wav,F1_piano_5000ms_bg_rain_snr-6db.wav,"This audio contains a single sustained musical note mixed with a background sound. Identify the PITCH of the note, ignoring the background. What is the MIDI note number (an integer from 0 to 127)? Reply with ONLY the integer. Nothing else. Output only the answer.","This audio contains a single sustained musical note mixed with a background sound. Identify the PITCH of the note, ignoring the background. What is the note name and octave? Reply with ONLY the note name in Scientific Pitch Notation (e.g. C4, F#3, Bb5). Nothing else. Output only the answer.","This audio contains a single sustained musical note mixed with a background sound. Identify the PITCH of the note, ignoring the background. What is the solfege syllable and accidental (if needed) of this pitch? Use fixed-do (do=C, re=D, mi=E, fa=F, sol=G, la=A, si=B). Include sharps or flats when needed (e.g. do#, reb, fa#, sib). Do NOT include the octave. Reply with ONLY the syllable and accidental (if needed). Nothing else. Output only the answer.","This audio contains a single sustained musical note mixed with a background sound. Identify the PITCH of the note, ignoring the background. What is the main pitch frequency, expressed in Hertz? Reply with ONLY a number (the frequency in Hz). Nothing else. Output only the answer."
5000,street-noise,-6.0,piano,instrument,29,60,0,0,0,0,F1,D4,0,0,0,fa,la#,0,0,0,60,D4,sib,147.5,/home/hsnu2/PitchBench/data/analysis_audio/pitchbench_e2_background/F1_piano_5000ms_bg_street-noise_snr-6db.wav,F1_piano_5000ms_bg_street-noise_snr-6db.wav,"This audio contains a single sustained musical note mixed with a background sound. Identify the PITCH of the note, ignoring the background. What is the MIDI note number (an integer from 0 to 127)? Reply with ONLY the integer. Nothing else. Output only the answer.","This audio contains a single sustained musical note mixed with a background sound. Identify the PITCH of the note, ignoring the background. What is the note name and octave? Reply with ONLY the note name in Scientific Pitch Notation (e.g. C4, F#3, Bb5). Nothing else. Output only the answer.","This audio contains a single sustained musical note mixed with a background sound. Identify the PITCH of the note, ignoring the background. What is the solfege syllable and accidental (if needed) of this pitch? Use fixed-do (do=C, re=D, mi=E, fa=F, sol=G, la=A, si=B). Include sharps or flats when needed (e.g. do#, reb, fa#, sib). Do NOT include the octave. Reply with ONLY the syllable and accidental (if needed). Nothing else. Output only the answer.","This audio contains a single sustained musical note mixed with a background sound. Identify the PITCH of the note, ignoring the background. What is the main pitch frequency, expressed in Hertz? Reply with ONLY a number (the frequency in Hz). Nothing else. Output only the answer."
5000,oscillating-high-and-low-pitches,-6.0,piano,instrument,29,67,0,0,0,0,F1,C4,0,0,0,fa,la#,0,0,0,67,C4,la#,440,/home/hsnu2/PitchBench/data/analysis_audio/pitchbench_e2_background/F1_piano_5000ms_bg_oscillating-high-and-low-pitches_snr-6db.wav,F1_piano_5000ms_bg_oscillating-high-and-low-pitches_snr-6db.wav,"This audio contains a single sustained musical note mixed with a background sound. Identify the PITCH of the note, ignoring the background. What is the MIDI note number (an integer from 0 to 127)? Reply with ONLY the integer. Nothing else. Output only the answer.","This audio contains a single sustained musical note mixed with a background sound. Identify the PITCH of the note, ignoring the background. What is the note name and octave? Reply with ONLY the note name in Scientific Pitch Notation (e.g. C4, F#3, Bb5). Nothing else. Output only the answer.","This audio contains a single sustained musical note mixed with a background sound. Identify the PITCH of the note, ignoring the background. What is the solfege syllable and accidental (if needed) of this pitch? Use fixed-do (do=C, re=D, mi=E, fa=F, sol=G, la=A, si=B). Include sharps or flats when needed (e.g. do#, reb, fa#, sib). Do NOT include the octave. Reply with ONLY the syllable and accidental (if needed). Nothing else. Output only the answer.","This audio contains a single sustained musical note mixed with a background sound. Identify the PITCH of the note, ignoring the background. What is the main pitch frequency, expressed in Hertz? Reply with ONLY a number (the frequency in Hz). Nothing else. Output only the answer."
5000,white_noise,-6.0,piano,instrument,38,60,0,0,0,0,D2,G4,0,0,0,re,la#,0,0,0,60,G4,la#,1000,/home/hsnu2/PitchBench/data/analysis_audio/pitchbench_e2_background/D2_piano_5000ms_bg_white_noise_snr-6db.wav,D2_piano_5000ms_bg_white_noise_snr-6db.wav,"This audio contains a single sustained musical note mixed with a background sound. Identify the PITCH of the note, ignoring the background. What is the MIDI note number (an integer from 0 to 127)? Reply with ONLY the integer. Nothing else. Output only the answer.","This audio contains a single sustained musical note mixed with a background sound. Identify the PITCH of the note, ignoring the background. What is the note name and octave? Reply with ONLY the note name in Scientific Pitch Notation (e.g. C4, F#3, Bb5). Nothing else. Output only the answer.","This audio contains a single sustained musical note mixed with a background sound. Identify the PITCH of the note, ignoring the background. What is the solfege syllable and accidental (if needed) of this pitch? Use fixed-do (do=C, re=D, mi=E, fa=F, sol=G, la=A, si=B). Include sharps or flats when needed (e.g. do#, reb, fa#, sib). Do NOT include the octave. Reply with ONLY the syllable and accidental (if needed). Nothing else. Output only the answer.","This audio contains a single sustained musical note mixed with a background sound. Identify the PITCH of the note, ignoring the background. What is the main pitch frequency, expressed in Hertz? Reply with ONLY a number (the frequency in Hz). Nothing else. Output only the answer."
5000,church-bells,-6.0,piano,instrument,38,69,0,0,0,0,D2,C5,0,0,0,re,la#,0,0,0,69,C5,la#,440,/home/hsnu2/PitchBench/data/analysis_audio/pitchbench_e2_background/D2_piano_5000ms_bg_church-bells_snr-6db.wav,D2_piano_5000ms_bg_church-bells_snr-6db.wav,"This audio contains a single sustained musical note mixed with a background sound. Identify the PITCH of the note, ignoring the background. What is the MIDI note number (an integer from 0 to 127)? Reply with ONLY the integer. Nothing else. Output only the answer.","This audio contains a single sustained musical note mixed with a background sound. Identify the PITCH of the note, ignoring the background. What is the note name and octave? Reply with ONLY the note name in Scientific Pitch Notation (e.g. C4, F#3, Bb5). Nothing else. Output only the answer.","This audio contains a single sustained musical note mixed with a background sound. Identify the PITCH of the note, ignoring the background. What is the solfege syllable and accidental (if needed) of this pitch? Use fixed-do (do=C, re=D, mi=E, fa=F, sol=G, la=A, si=B). Include sharps or flats when needed (e.g. do#, reb, fa#, sib). Do NOT include the octave. Reply with ONLY the syllable and accidental (if needed). Nothing else. Output only the answer.","This audio contains a single sustained musical note mixed with a background sound. Identify the PITCH of the note, ignoring the background. What is the main pitch frequency, expressed in Hertz? Reply with ONLY a number (the frequency in Hz). Nothing else. Output only the answer."
5000,crowd-noise,-6.0,piano,instrument,38,60,0,0,0,0,D2,G4,0,0,0,re,sol#,0,0,0,60,G4,sol#,1000,/home/hsnu2/PitchBench/data/analysis_audio/pitchbench_e2_background/D2_piano_5000ms_bg_crowd-noise_snr-6db.wav,D2_piano_5000ms_bg_crowd-noise_snr-6db.wav,"This audio contains a single sustained musical note mixed with a background sound. Identify the PITCH of the note, ignoring the background. What is the MIDI note number (an integer from 0 to 127)? Reply with ONLY the integer. Nothing else. Output only the answer.","This audio contains a single sustained musical note mixed with a background sound. Identify the PITCH of the note, ignoring the background. What is the note name and octave? Reply with ONLY the note name in Scientific Pitch Notation (e.g. C4, F#3, Bb5). Nothing else. Output only the answer.","This audio contains a single sustained musical note mixed with a background sound. Identify the PITCH of the note, ignoring the background. What is the solfege syllable and accidental (if needed) of this pitch? Use fixed-do (do=C, re=D, mi=E, fa=F, sol=G, la=A, si=B). Include sharps or flats when needed (e.g. do#, reb, fa#, sib). Do NOT include the octave. Reply with ONLY the syllable and accidental (if needed). Nothing else. Output only the answer.","This audio contains a single sustained musical note mixed with a background sound. Identify the PITCH of the note, ignoring the background. What is the main pitch frequency, expressed in Hertz? Reply with ONLY a number (the frequency in Hz). Nothing else. Output only the answer."
5000,rain,-6.0,piano,instrument,38,60,0,0,0,0,D2,G4,0,0,0,re,la#,0,0,0,60,G4,la#,440,/home/hsnu2/PitchBench/data/analysis_audio/pitchbench_e2_background/D2_piano_5000ms_bg_rain_snr-6db.wav,D2_piano_5000ms_bg_rain_snr-6db.wav,"This audio contains a single sustained musical note mixed with a background sound. Identify the PITCH of the note, ignoring the background. What is the MIDI note number (an integer from 0 to 127)? Reply with ONLY the integer. Nothing else. Output only the answer.","This audio contains a single sustained musical note mixed with a background sound. Identify the PITCH of the note, ignoring the background. What is the note name and octave? Reply with ONLY the note name in Scientific Pitch Notation (e.g. C4, F#3, Bb5). Nothing else. Output only the answer.","This audio contains a single sustained musical note mixed with a background sound. Identify the PITCH of the note, ignoring the background. What is the solfege syllable and accidental (if needed) of this pitch? Use fixed-do (do=C, re=D, mi=E, fa=F, sol=G, la=A, si=B). Include sharps or flats when needed (e.g. do#, reb, fa#, sib). Do NOT include the octave. Reply with ONLY the syllable and accidental (if needed). Nothing else. Output only the answer.","This audio contains a single sustained musical note mixed with a background sound. Identify the PITCH of the note, ignoring the background. What is the main pitch frequency, expressed in Hertz? Reply with ONLY a number (the frequency in Hz). Nothing else. Output only the answer."
5000,street-noise,-6.0,piano,instrument,38,62,0,0,1,0,D2,D2,1,1,1,re,la#,0,0,1,62,D2,sib,147,/home/hsnu2/PitchBench/data/analysis_audio/pitchbench_e2_background/D2_piano_5000ms_bg_street-noise_snr-6db.wav,D2_piano_5000ms_bg_street-noise_snr-6db.wav,"This audio contains a single sustained musical note mixed with a background sound. Identify the PITCH of the note, ignoring the background. What is the MIDI note number (an integer from 0 to 127)? Reply with ONLY the integer. Nothing else. Output only the answer.","This audio contains a single sustained musical note mixed with a background sound. Identify the PITCH of the note, ignoring the background. What is the note name and octave? Reply with ONLY the note name in Scientific Pitch Notation (e.g. C4, F#3, Bb5). Nothing else. Output only the answer.","This audio contains a single sustained musical note mixed with a background sound. Identify the PITCH of the note, ignoring the background. What is the solfege syllable and accidental (if needed) of this pitch? Use fixed-do (do=C, re=D, mi=E, fa=F, sol=G, la=A, si=B). Include sharps or flats when needed (e.g. do#, reb, fa#, sib). Do NOT include the octave. Reply with ONLY the syllable and accidental (if needed). Nothing else. Output only the answer.","This audio contains a single sustained musical note mixed with a background sound. Identify the PITCH of the note, ignoring the background. What is the main pitch frequency, expressed in Hertz? Reply with ONLY a number (the frequency in Hz). Nothing else. Output only the answer."
5000,oscillating-high-and-low-pitches,-6.0,piano,instrument,38,60,0,0,0,0,D2,C4,0,0,0,re,la#,0,0,0,60,C4,sib,1000,/home/hsnu2/PitchBench/data/analysis_audio/pitchbench_e2_background/D2_piano_5000ms_bg_oscillating-high-and-low-pitches_snr-6db.wav,D2_piano_5000ms_bg_oscillating-high-and-low-pitches_snr-6db.wav,"This audio contains a single sustained musical note mixed with a background sound. Identify the PITCH of the note, ignoring the background. What is the MIDI note number (an integer from 0 to 127)? Reply with ONLY the integer. Nothing else. Output only the answer.","This audio contains a single sustained musical note mixed with a background sound. Identify the PITCH of the note, ignoring the background. What is the note name and octave? Reply with ONLY the note name in Scientific Pitch Notation (e.g. C4, F#3, Bb5). Nothing else. Output only the answer.","This audio contains a single sustained musical note mixed with a background sound. Identify the PITCH of the note, ignoring the background. What is the solfege syllable and accidental (if needed) of this pitch? Use fixed-do (do=C, re=D, mi=E, fa=F, sol=G, la=A, si=B). Include sharps or flats when needed (e.g. do#, reb, fa#, sib). Do NOT include the octave. Reply with ONLY the syllable and accidental (if needed). Nothing else. Output only the answer.","This audio contains a single sustained musical note mixed with a background sound. Identify the PITCH of the note, ignoring the background. What is the main pitch frequency, expressed in Hertz? Reply with ONLY a number (the frequency in Hz). Nothing else. Output only the answer."
5000,white_noise,-6.0,piano,instrument,47,60,0,0,0,0,B2,G4,0,0,0,si,la#,0,0,0,60,G4,la#,440,/home/hsnu2/PitchBench/data/analysis_audio/pitchbench_e2_background/B2_piano_5000ms_bg_white_noise_snr-6db.wav,B2_piano_5000ms_bg_white_noise_snr-6db.wav,"This audio contains a single sustained musical note mixed with a background sound. Identify the PITCH of the note, ignoring the background. What is the MIDI note number (an integer from 0 to 127)? Reply with ONLY the integer. Nothing else. Output only the answer.","This audio contains a single sustained musical note mixed with a background sound. Identify the PITCH of the note, ignoring the background. What is the note name and octave? Reply with ONLY the note name in Scientific Pitch Notation (e.g. C4, F#3, Bb5). Nothing else. Output only the answer.","This audio contains a single sustained musical note mixed with a background sound. Identify the PITCH of the note, ignoring the background. What is the solfege syllable and accidental (if needed) of this pitch? Use fixed-do (do=C, re=D, mi=E, fa=F, sol=G, la=A, si=B). Include sharps or flats when needed (e.g. do#, reb, fa#, sib). Do NOT include the octave. Reply with ONLY the syllable and accidental (if needed). Nothing else. Output only the answer.","This audio contains a single sustained musical note mixed with a background sound. Identify the PITCH of the note, ignoring the background. What is the main pitch frequency, expressed in Hertz? Reply with ONLY a number (the frequency in Hz). Nothing else. Output only the answer."
5000,church-bells,-6.0,piano,instrument,47,60,0,0,0,0,B2,G4,0,0,0,si,la#,0,0,0,60,G4,la#,261.63,/home/hsnu2/PitchBench/data/analysis_audio/pitchbench_e2_background/B2_piano_5000ms_bg_church-bells_snr-6db.wav,B2_piano_5000ms_bg_church-bells_snr-6db.wav,"This audio contains a single sustained musical note mixed with a background sound. Identify the PITCH of the note, ignoring the background. What is the MIDI note number (an integer from 0 to 127)? Reply with ONLY the integer. Nothing else. Output only the answer.","This audio contains a single sustained musical note mixed with a background sound. Identify the PITCH of the note, ignoring the background. What is the note name and octave? Reply with ONLY the note name in Scientific Pitch Notation (e.g. C4, F#3, Bb5). Nothing else. Output only the answer.","This audio contains a single sustained musical note mixed with a background sound. Identify the PITCH of the note, ignoring the background. What is the solfege syllable and accidental (if needed) of this pitch? Use fixed-do (do=C, re=D, mi=E, fa=F, sol=G, la=A, si=B). Include sharps or flats when needed (e.g. do#, reb, fa#, sib). Do NOT include the octave. Reply with ONLY the syllable and accidental (if needed). Nothing else. Output only the answer.","This audio contains a single sustained musical note mixed with a background sound. Identify the PITCH of the note, ignoring the background. What is the main pitch frequency, expressed in Hertz? Reply with ONLY a number (the frequency in Hz). Nothing else. Output only the answer."
5000,crowd-noise,-6.0,piano,instrument,47,60,0,0,0,0,B2,C4,0,0,0,si,la#,0,0,0,60,C4,la#,220,/home/hsnu2/PitchBench/data/analysis_audio/pitchbench_e2_background/B2_piano_5000ms_bg_crowd-noise_snr-6db.wav,B2_piano_5000ms_bg_crowd-noise_snr-6db.wav,"This audio contains a single sustained musical note mixed with a background sound. Identify the PITCH of the note, ignoring the background. What is the MIDI note number (an integer from 0 to 127)? Reply with ONLY the integer. Nothing else. Output only the answer.","This audio contains a single sustained musical note mixed with a background sound. Identify the PITCH of the note, ignoring the background. What is the note name and octave? Reply with ONLY the note name in Scientific Pitch Notation (e.g. C4, F#3, Bb5). Nothing else. Output only the answer.","This audio contains a single sustained musical note mixed with a background sound. Identify the PITCH of the note, ignoring the background. What is the solfege syllable and accidental (if needed) of this pitch? Use fixed-do (do=C, re=D, mi=E, fa=F, sol=G, la=A, si=B). Include sharps or flats when needed (e.g. do#, reb, fa#, sib). Do NOT include the octave. Reply with ONLY the syllable and accidental (if needed). Nothing else. Output only the answer.","This audio contains a single sustained musical note mixed with a background sound. Identify the PITCH of the note, ignoring the background. What is the main pitch frequency, expressed in Hertz? Reply with ONLY a number (the frequency in Hz). Nothing else. Output only the answer."
5000,rain,-6.0,piano,instrument,47,60,0,0,0,0,B2,C4,0,0,0,si,la#,0,0,0,60,C4,la#,440,/home/hsnu2/PitchBench/data/analysis_audio/pitchbench_e2_background/B2_piano_5000ms_bg_rain_snr-6db.wav,B2_piano_5000ms_bg_rain_snr-6db.wav,"This audio contains a single sustained musical note mixed with a background sound. Identify the PITCH of the note, ignoring the background. What is the MIDI note number (an integer from 0 to 127)? Reply with ONLY the integer. Nothing else. Output only the answer.","This audio contains a single sustained musical note mixed with a background sound. Identify the PITCH of the note, ignoring the background. What is the note name and octave? Reply with ONLY the note name in Scientific Pitch Notation (e.g. C4, F#3, Bb5). Nothing else. Output only the answer.","This audio contains a single sustained musical note mixed with a background sound. Identify the PITCH of the note, ignoring the background. What is the solfege syllable and accidental (if needed) of this pitch? Use fixed-do (do=C, re=D, mi=E, fa=F, sol=G, la=A, si=B). Include sharps or flats when needed (e.g. do#, reb, fa#, sib). Do NOT include the octave. Reply with ONLY the syllable and accidental (if needed). Nothing else. Output only the answer.","This audio contains a single sustained musical note mixed with a background sound. Identify the PITCH of the note, ignoring the background. What is the main pitch frequency, expressed in Hertz? Reply with ONLY a number (the frequency in Hz). Nothing else. Output only the answer."
5000,street-noise,-6.0,piano,instrument,47,62,0,0,0,0,B2,D#4,0,0,0,si,la#,0,0,0,62,D#4,sib,146.83,/home/hsnu2/PitchBench/data/analysis_audio/pitchbench_e2_background/B2_piano_5000ms_bg_street-noise_snr-6db.wav,B2_piano_5000ms_bg_street-noise_snr-6db.wav,"This audio contains a single sustained musical note mixed with a background sound. Identify the PITCH of the note, ignoring the background. What is the MIDI note number (an integer from 0 to 127)? Reply with ONLY the integer. Nothing else. Output only the answer.","This audio contains a single sustained musical note mixed with a background sound. Identify the PITCH of the note, ignoring the background. What is the note name and octave? Reply with ONLY the note name in Scientific Pitch Notation (e.g. C4, F#3, Bb5). Nothing else. Output only the answer.","This audio contains a single sustained musical note mixed with a background sound. Identify the PITCH of the note, ignoring the background. What is the solfege syllable and accidental (if needed) of this pitch? Use fixed-do (do=C, re=D, mi=E, fa=F, sol=G, la=A, si=B). Include sharps or flats when needed (e.g. do#, reb, fa#, sib). Do NOT include the octave. Reply with ONLY the syllable and accidental (if needed). Nothing else. Output only the answer.","This audio contains a single sustained musical note mixed with a background sound. Identify the PITCH of the note, ignoring the background. What is the main pitch frequency, expressed in Hertz? Reply with ONLY a number (the frequency in Hz). Nothing else. Output only the answer."
5000,oscillating-high-and-low-pitches,-6.0,piano,instrument,47,69,0,0,0,0,B2,G4,0,0,0,si,la#,0,0,0,69,G4,sib,440,/home/hsnu2/PitchBench/data/analysis_audio/pitchbench_e2_background/B2_piano_5000ms_bg_oscillating-high-and-low-pitches_snr-6db.wav,B2_piano_5000ms_bg_oscillating-high-and-low-pitches_snr-6db.wav,"This audio contains a single sustained musical note mixed with a background sound. Identify the PITCH of the note, ignoring the background. What is the MIDI note number (an integer from 0 to 127)? Reply with ONLY the integer. Nothing else. Output only the answer.","This audio contains a single sustained musical note mixed with a background sound. Identify the PITCH of the note, ignoring the background. What is the note name and octave? Reply with ONLY the note name in Scientific Pitch Notation (e.g. C4, F#3, Bb5). Nothing else. Output only the answer.","This audio contains a single sustained musical note mixed with a background sound. Identify the PITCH of the note, ignoring the background. What is the solfege syllable and accidental (if needed) of this pitch? Use fixed-do (do=C, re=D, mi=E, fa=F, sol=G, la=A, si=B). Include sharps or flats when needed (e.g. do#, reb, fa#, sib). Do NOT include the octave. Reply with ONLY the syllable and accidental (if needed). Nothing else. Output only the answer.","This audio contains a single sustained musical note mixed with a background sound. Identify the PITCH of the note, ignoring the background. What is the main pitch frequency, expressed in Hertz? Reply with ONLY a number (the frequency in Hz). Nothing else. Output only the answer."
5000,white_noise,-6.0,piano,instrument,56,67,0,0,0,0,G#3,G4,0,0,0,sol#,la#,0,0,0,67,G4,la#,440,/home/hsnu2/PitchBench/data/analysis_audio/pitchbench_e2_background/Gs3_piano_5000ms_bg_white_noise_snr-6db.wav,Gs3_piano_5000ms_bg_white_noise_snr-6db.wav,"This audio contains a single sustained musical note mixed with a background sound. Identify the PITCH of the note, ignoring the background. What is the MIDI note number (an integer from 0 to 127)? Reply with ONLY the integer. Nothing else. Output only the answer.","This audio contains a single sustained musical note mixed with a background sound. Identify the PITCH of the note, ignoring the background. What is the note name and octave? Reply with ONLY the note name in Scientific Pitch Notation (e.g. C4, F#3, Bb5). Nothing else. Output only the answer.","This audio contains a single sustained musical note mixed with a background sound. Identify the PITCH of the note, ignoring the background. What is the solfege syllable and accidental (if needed) of this pitch? Use fixed-do (do=C, re=D, mi=E, fa=F, sol=G, la=A, si=B). Include sharps or flats when needed (e.g. do#, reb, fa#, sib). Do NOT include the octave. Reply with ONLY the syllable and accidental (if needed). Nothing else. Output only the answer.","This audio contains a single sustained musical note mixed with a background sound. Identify the PITCH of the note, ignoring the background. What is the main pitch frequency, expressed in Hertz? Reply with ONLY a number (the frequency in Hz). Nothing else. Output only the answer."
5000,church-bells,-6.0,piano,instrument,56,60,0,0,0,0,G#3,A4,0,0,0,sol#,la#,0,0,0,60,A4,la#,440,/home/hsnu2/PitchBench/data/analysis_audio/pitchbench_e2_background/Gs3_piano_5000ms_bg_church-bells_snr-6db.wav,Gs3_piano_5000ms_bg_church-bells_snr-6db.wav,"This audio contains a single sustained musical note mixed with a background sound. Identify the PITCH of the note, ignoring the background. What is the MIDI note number (an integer from 0 to 127)? Reply with ONLY the integer. Nothing else. Output only the answer.","This audio contains a single sustained musical note mixed with a background sound. Identify the PITCH of the note, ignoring the background. What is the note name and octave? Reply with ONLY the note name in Scientific Pitch Notation (e.g. C4, F#3, Bb5). Nothing else. Output only the answer.","This audio contains a single sustained musical note mixed with a background sound. Identify the PITCH of the note, ignoring the background. What is the solfege syllable and accidental (if needed) of this pitch? Use fixed-do (do=C, re=D, mi=E, fa=F, sol=G, la=A, si=B). Include sharps or flats when needed (e.g. do#, reb, fa#, sib). Do NOT include the octave. Reply with ONLY the syllable and accidental (if needed). Nothing else. Output only the answer.","This audio contains a single sustained musical note mixed with a background sound. Identify the PITCH of the note, ignoring the background. What is the main pitch frequency, expressed in Hertz? Reply with ONLY a number (the frequency in Hz). Nothing else. Output only the answer."
5000,crowd-noise,-6.0,piano,instrument,56,62,0,0,0,0,G#3,G4,0,0,0,sol#,la#,0,0,0,62,G4,sib,1000,/home/hsnu2/PitchBench/data/analysis_audio/pitchbench_e2_background/Gs3_piano_5000ms_bg_crowd-noise_snr-6db.wav,Gs3_piano_5000ms_bg_crowd-noise_snr-6db.wav,"This audio contains a single sustained musical note mixed with a background sound. Identify the PITCH of the note, ignoring the background. What is the MIDI note number (an integer from 0 to 127)? Reply with ONLY the integer. Nothing else. Output only the answer.","This audio contains a single sustained musical note mixed with a background sound. Identify the PITCH of the note, ignoring the background. What is the note name and octave? Reply with ONLY the note name in Scientific Pitch Notation (e.g. C4, F#3, Bb5). Nothing else. Output only the answer.","This audio contains a single sustained musical note mixed with a background sound. Identify the PITCH of the note, ignoring the background. What is the solfege syllable and accidental (if needed) of this pitch? Use fixed-do (do=C, re=D, mi=E, fa=F, sol=G, la=A, si=B). Include sharps or flats when needed (e.g. do#, reb, fa#, sib). Do NOT include the octave. Reply with ONLY the syllable and accidental (if needed). Nothing else. Output only the answer.","This audio contains a single sustained musical note mixed with a background sound. Identify the PITCH of the note, ignoring the background. What is the main pitch frequency, expressed in Hertz? Reply with ONLY a number (the frequency in Hz). Nothing else. Output only the answer."
5000,rain,-6.0,piano,instrument,56,60,0,0,0,0,G#3,C4,0,0,0,sol#,la#,0,0,0,60,C4,sib,440,/home/hsnu2/PitchBench/data/analysis_audio/pitchbench_e2_background/Gs3_piano_5000ms_bg_rain_snr-6db.wav,Gs3_piano_5000ms_bg_rain_snr-6db.wav,"This audio contains a single sustained musical note mixed with a background sound. Identify the PITCH of the note, ignoring the background. What is the MIDI note number (an integer from 0 to 127)? Reply with ONLY the integer. Nothing else. Output only the answer.","This audio contains a single sustained musical note mixed with a background sound. Identify the PITCH of the note, ignoring the background. What is the note name and octave? Reply with ONLY the note name in Scientific Pitch Notation (e.g. C4, F#3, Bb5). Nothing else. Output only the answer.","This audio contains a single sustained musical note mixed with a background sound. Identify the PITCH of the note, ignoring the background. What is the solfege syllable and accidental (if needed) of this pitch? Use fixed-do (do=C, re=D, mi=E, fa=F, sol=G, la=A, si=B). Include sharps or flats when needed (e.g. do#, reb, fa#, sib). Do NOT include the octave. Reply with ONLY the syllable and accidental (if needed). Nothing else. Output only the answer.","This audio contains a single sustained musical note mixed with a background sound. Identify the PITCH of the note, ignoring the background. What is the main pitch frequency, expressed in Hertz? Reply with ONLY a number (the frequency in Hz). Nothing else. Output only the answer."
5000,street-noise,-6.0,piano,instrument,56,60,0,0,0,0,G#3,D4,0,0,0,sol#,la#,0,0,0,60,D4,la#,110,/home/hsnu2/PitchBench/data/analysis_audio/pitchbench_e2_background/Gs3_piano_5000ms_bg_street-noise_snr-6db.wav,Gs3_piano_5000ms_bg_street-noise_snr-6db.wav,"This audio contains a single sustained musical note mixed with a background sound. Identify the PITCH of the note, ignoring the background. What is the MIDI note number (an integer from 0 to 127)? Reply with ONLY the integer. Nothing else. Output only the answer.","This audio contains a single sustained musical note mixed with a background sound. Identify the PITCH of the note, ignoring the background. What is the note name and octave? Reply with ONLY the note name in Scientific Pitch Notation (e.g. C4, F#3, Bb5). Nothing else. Output only the answer.","This audio contains a single sustained musical note mixed with a background sound. Identify the PITCH of the note, ignoring the background. What is the solfege syllable and accidental (if needed) of this pitch? Use fixed-do (do=C, re=D, mi=E, fa=F, sol=G, la=A, si=B). Include sharps or flats when needed (e.g. do#, reb, fa#, sib). Do NOT include the octave. Reply with ONLY the syllable and accidental (if needed). Nothing else. Output only the answer.","This audio contains a single sustained musical note mixed with a background sound. Identify the PITCH of the note, ignoring the background. What is the main pitch frequency, expressed in Hertz? Reply with ONLY a number (the frequency in Hz). Nothing else. Output only the answer."
5000,oscillating-high-and-low-pitches,-6.0,piano,instrument,56,60,0,0,0,0,G#3,C4,0,0,0,sol#,la#,0,0,0,60,C4,sib,440,/home/hsnu2/PitchBench/data/analysis_audio/pitchbench_e2_background/Gs3_piano_5000ms_bg_oscillating-high-and-low-pitches_snr-6db.wav,Gs3_piano_5000ms_bg_oscillating-high-and-low-pitches_snr-6db.wav,"This audio contains a single sustained musical note mixed with a background sound. Identify the PITCH of the note, ignoring the background. What is the MIDI note number (an integer from 0 to 127)? Reply with ONLY the integer. Nothing else. Output only the answer.","This audio contains a single sustained musical note mixed with a background sound. Identify the PITCH of the note, ignoring the background. What is the note name and octave? Reply with ONLY the note name in Scientific Pitch Notation (e.g. C4, F#3, Bb5). Nothing else. Output only the answer.","This audio contains a single sustained musical note mixed with a background sound. Identify the PITCH of the note, ignoring the background. What is the solfege syllable and accidental (if needed) of this pitch? Use fixed-do (do=C, re=D, mi=E, fa=F, sol=G, la=A, si=B). Include sharps or flats when needed (e.g. do#, reb, fa#, sib). Do NOT include the octave. Reply with ONLY the syllable and accidental (if needed). Nothing else. Output only the answer.","This audio contains a single sustained musical note mixed with a background sound. Identify the PITCH of the note, ignoring the background. What is the main pitch frequency, expressed in Hertz? Reply with ONLY a number (the frequency in Hz). Nothing else. Output only the answer."
5000,white_noise,-6.0,piano,instrument,65,60,0,0,0,1,F4,C4,0,0,1,fa,la#,0,0,0,60,C4,la#,440,/home/hsnu2/PitchBench/data/analysis_audio/pitchbench_e2_background/F4_piano_5000ms_bg_white_noise_snr-6db.wav,F4_piano_5000ms_bg_white_noise_snr-6db.wav,"This audio contains a single sustained musical note mixed with a background sound. Identify the PITCH of the note, ignoring the background. What is the MIDI note number (an integer from 0 to 127)? Reply with ONLY the integer. Nothing else. Output only the answer.","This audio contains a single sustained musical note mixed with a background sound. Identify the PITCH of the note, ignoring the background. What is the note name and octave? Reply with ONLY the note name in Scientific Pitch Notation (e.g. C4, F#3, Bb5). Nothing else. Output only the answer.","This audio contains a single sustained musical note mixed with a background sound. Identify the PITCH of the note, ignoring the background. What is the solfege syllable and accidental (if needed) of this pitch? Use fixed-do (do=C, re=D, mi=E, fa=F, sol=G, la=A, si=B). Include sharps or flats when needed (e.g. do#, reb, fa#, sib). Do NOT include the octave. Reply with ONLY the syllable and accidental (if needed). Nothing else. Output only the answer.","This audio contains a single sustained musical note mixed with a background sound. Identify the PITCH of the note, ignoring the background. What is the main pitch frequency, expressed in Hertz? Reply with ONLY a number (the frequency in Hz). Nothing else. Output only the answer."
5000,church-bells,-6.0,piano,instrument,65,60,0,0,0,1,F4,C5,0,0,0,fa,la#,0,0,0,60,C5,la#,440,/home/hsnu2/PitchBench/data/analysis_audio/pitchbench_e2_background/F4_piano_5000ms_bg_church-bells_snr-6db.wav,F4_piano_5000ms_bg_church-bells_snr-6db.wav,"This audio contains a single sustained musical note mixed with a background sound. Identify the PITCH of the note, ignoring the background. What is the MIDI note number (an integer from 0 to 127)? Reply with ONLY the integer. Nothing else. Output only the answer.","This audio contains a single sustained musical note mixed with a background sound. Identify the PITCH of the note, ignoring the background. What is the note name and octave? Reply with ONLY the note name in Scientific Pitch Notation (e.g. C4, F#3, Bb5). Nothing else. Output only the answer.","This audio contains a single sustained musical note mixed with a background sound. Identify the PITCH of the note, ignoring the background. What is the solfege syllable and accidental (if needed) of this pitch? Use fixed-do (do=C, re=D, mi=E, fa=F, sol=G, la=A, si=B). Include sharps or flats when needed (e.g. do#, reb, fa#, sib). Do NOT include the octave. Reply with ONLY the syllable and accidental (if needed). Nothing else. Output only the answer.","This audio contains a single sustained musical note mixed with a background sound. Identify the PITCH of the note, ignoring the background. What is the main pitch frequency, expressed in Hertz? Reply with ONLY a number (the frequency in Hz). Nothing else. Output only the answer."
5000,crowd-noise,-6.0,piano,instrument,65,60,0,0,0,1,F4,D4,0,0,1,fa,la#,0,0,0,60,D4,sib,440,/home/hsnu2/PitchBench/data/analysis_audio/pitchbench_e2_background/F4_piano_5000ms_bg_crowd-noise_snr-6db.wav,F4_piano_5000ms_bg_crowd-noise_snr-6db.wav,"This audio contains a single sustained musical note mixed with a background sound. Identify the PITCH of the note, ignoring the background. What is the MIDI note number (an integer from 0 to 127)? Reply with ONLY the integer. Nothing else. Output only the answer.","This audio contains a single sustained musical note mixed with a background sound. Identify the PITCH of the note, ignoring the background. What is the note name and octave? Reply with ONLY the note name in Scientific Pitch Notation (e.g. C4, F#3, Bb5). Nothing else. Output only the answer.","This audio contains a single sustained musical note mixed with a background sound. Identify the PITCH of the note, ignoring the background. What is the solfege syllable and accidental (if needed) of this pitch? Use fixed-do (do=C, re=D, mi=E, fa=F, sol=G, la=A, si=B). Include sharps or flats when needed (e.g. do#, reb, fa#, sib). Do NOT include the octave. Reply with ONLY the syllable and accidental (if needed). Nothing else. Output only the answer.","This audio contains a single sustained musical note mixed with a background sound. Identify the PITCH of the note, ignoring the background. What is the main pitch frequency, expressed in Hertz? Reply with ONLY a number (the frequency in Hz). Nothing else. Output only the answer."
5000,rain,-6.0,piano,instrument,65,60,0,0,0,1,F4,C5,0,0,0,fa,la#,0,0,0,60,C5,la#,440,/home/hsnu2/PitchBench/data/analysis_audio/pitchbench_e2_background/F4_piano_5000ms_bg_rain_snr-6db.wav,F4_piano_5000ms_bg_rain_snr-6db.wav,"This audio contains a single sustained musical note mixed with a background sound. Identify the PITCH of the note, ignoring the background. What is the MIDI note number (an integer from 0 to 127)? Reply with ONLY the integer. Nothing else. Output only the answer.","This audio contains a single sustained musical note mixed with a background sound. Identify the PITCH of the note, ignoring the background. What is the note name and octave? Reply with ONLY the note name in Scientific Pitch Notation (e.g. C4, F#3, Bb5). Nothing else. Output only the answer.","This audio contains a single sustained musical note mixed with a background sound. Identify the PITCH of the note, ignoring the background. What is the solfege syllable and accidental (if needed) of this pitch? Use fixed-do (do=C, re=D, mi=E, fa=F, sol=G, la=A, si=B). Include sharps or flats when needed (e.g. do#, reb, fa#, sib). Do NOT include the octave. Reply with ONLY the syllable and accidental (if needed). Nothing else. Output only the answer.","This audio contains a single sustained musical note mixed with a background sound. Identify the PITCH of the note, ignoring the background. What is the main pitch frequency, expressed in Hertz? Reply with ONLY a number (the frequency in Hz). Nothing else. Output only the answer."
5000,street-noise,-6.0,piano,instrument,65,60,0,0,0,1,F4,D4,0,0,1,fa,la#,0,0,0,60,D4,la#,146.83,/home/hsnu2/PitchBench/data/analysis_audio/pitchbench_e2_background/F4_piano_5000ms_bg_street-noise_snr-6db.wav,F4_piano_5000ms_bg_street-noise_snr-6db.wav,"This audio contains a single sustained musical note mixed with a background sound. Identify the PITCH of the note, ignoring the background. What is the MIDI note number (an integer from 0 to 127)? Reply with ONLY the integer. Nothing else. Output only the answer.","This audio contains a single sustained musical note mixed with a background sound. Identify the PITCH of the note, ignoring the background. What is the note name and octave? Reply with ONLY the note name in Scientific Pitch Notation (e.g. C4, F#3, Bb5). Nothing else. Output only the answer.","This audio contains a single sustained musical note mixed with a background sound. Identify the PITCH of the note, ignoring the background. What is the solfege syllable and accidental (if needed) of this pitch? Use fixed-do (do=C, re=D, mi=E, fa=F, sol=G, la=A, si=B). Include sharps or flats when needed (e.g. do#, reb, fa#, sib). Do NOT include the octave. Reply with ONLY the syllable and accidental (if needed). Nothing else. Output only the answer.","This audio contains a single sustained musical note mixed with a background sound. Identify the PITCH of the note, ignoring the background. What is the main pitch frequency, expressed in Hertz? Reply with ONLY a number (the frequency in Hz). Nothing else. Output only the answer."
5000,oscillating-high-and-low-pitches,-6.0,piano,instrument,65,60,0,0,0,1,F4,C4,0,0,1,fa,la#,0,0,0,60,C4,sib,440,/home/hsnu2/PitchBench/data/analysis_audio/pitchbench_e2_background/F4_piano_5000ms_bg_oscillating-high-and-low-pitches_snr-6db.wav,F4_piano_5000ms_bg_oscillating-high-and-low-pitches_snr-6db.wav,"This audio contains a single sustained musical note mixed with a background sound. Identify the PITCH of the note, ignoring the background. What is the MIDI note number (an integer from 0 to 127)? Reply with ONLY the integer. Nothing else. Output only the answer.","This audio contains a single sustained musical note mixed with a background sound. Identify the PITCH of the note, ignoring the background. What is the note name and octave? Reply with ONLY the note name in Scientific Pitch Notation (e.g. C4, F#3, Bb5). Nothing else. Output only the answer.","This audio contains a single sustained musical note mixed with a background sound. Identify the PITCH of the note, ignoring the background. What is the solfege syllable and accidental (if needed) of this pitch? Use fixed-do (do=C, re=D, mi=E, fa=F, sol=G, la=A, si=B). Include sharps or flats when needed (e.g. do#, reb, fa#, sib). Do NOT include the octave. Reply with ONLY the syllable and accidental (if needed). Nothing else. Output only the answer.","This audio contains a single sustained musical note mixed with a background sound. Identify the PITCH of the note, ignoring the background. What is the main pitch frequency, expressed in Hertz? Reply with ONLY a number (the frequency in Hz). Nothing else. Output only the answer."
5000,white_noise,-6.0,piano,instrument,74,69,0,0,0,0,D5,G4,0,0,0,re,la#,0,0,0,69,G4,sib,1000,/home/hsnu2/PitchBench/data/analysis_audio/pitchbench_e2_background/D5_piano_5000ms_bg_white_noise_snr-6db.wav,D5_piano_5000ms_bg_white_noise_snr-6db.wav,"This audio contains a single sustained musical note mixed with a background sound. Identify the PITCH of the note, ignoring the background. What is the MIDI note number (an integer from 0 to 127)? Reply with ONLY the integer. Nothing else. Output only the answer.","This audio contains a single sustained musical note mixed with a background sound. Identify the PITCH of the note, ignoring the background. What is the note name and octave? Reply with ONLY the note name in Scientific Pitch Notation (e.g. C4, F#3, Bb5). Nothing else. Output only the answer.","This audio contains a single sustained musical note mixed with a background sound. Identify the PITCH of the note, ignoring the background. What is the solfege syllable and accidental (if needed) of this pitch? Use fixed-do (do=C, re=D, mi=E, fa=F, sol=G, la=A, si=B). Include sharps or flats when needed (e.g. do#, reb, fa#, sib). Do NOT include the octave. Reply with ONLY the syllable and accidental (if needed). Nothing else. Output only the answer.","This audio contains a single sustained musical note mixed with a background sound. Identify the PITCH of the note, ignoring the background. What is the main pitch frequency, expressed in Hertz? Reply with ONLY a number (the frequency in Hz). Nothing else. Output only the answer."
5000,church-bells,-6.0,piano,instrument,74,60,0,0,0,0,D5,C4,0,0,0,re,la#,0,0,0,60,C4,la#,440,/home/hsnu2/PitchBench/data/analysis_audio/pitchbench_e2_background/D5_piano_5000ms_bg_church-bells_snr-6db.wav,D5_piano_5000ms_bg_church-bells_snr-6db.wav,"This audio contains a single sustained musical note mixed with a background sound. Identify the PITCH of the note, ignoring the background. What is the MIDI note number (an integer from 0 to 127)? Reply with ONLY the integer. Nothing else. Output only the answer.","This audio contains a single sustained musical note mixed with a background sound. Identify the PITCH of the note, ignoring the background. What is the note name and octave? Reply with ONLY the note name in Scientific Pitch Notation (e.g. C4, F#3, Bb5). Nothing else. Output only the answer.","This audio contains a single sustained musical note mixed with a background sound. Identify the PITCH of the note, ignoring the background. What is the solfege syllable and accidental (if needed) of this pitch? Use fixed-do (do=C, re=D, mi=E, fa=F, sol=G, la=A, si=B). Include sharps or flats when needed (e.g. do#, reb, fa#, sib). Do NOT include the octave. Reply with ONLY the syllable and accidental (if needed). Nothing else. Output only the answer.","This audio contains a single sustained musical note mixed with a background sound. Identify the PITCH of the note, ignoring the background. What is the main pitch frequency, expressed in Hertz? Reply with ONLY a number (the frequency in Hz). Nothing else. Output only the answer."
5000,crowd-noise,-6.0,piano,instrument,74,60,0,0,0,0,D5,D4,0,1,0,re,la#,0,0,0,60,D4,la#,146.83,/home/hsnu2/PitchBench/data/analysis_audio/pitchbench_e2_background/D5_piano_5000ms_bg_crowd-noise_snr-6db.wav,D5_piano_5000ms_bg_crowd-noise_snr-6db.wav,"This audio contains a single sustained musical note mixed with a background sound. Identify the PITCH of the note, ignoring the background. What is the MIDI note number (an integer from 0 to 127)? Reply with ONLY the integer. Nothing else. Output only the answer.","This audio contains a single sustained musical note mixed with a background sound. Identify the PITCH of the note, ignoring the background. What is the note name and octave? Reply with ONLY the note name in Scientific Pitch Notation (e.g. C4, F#3, Bb5). Nothing else. Output only the answer.","This audio contains a single sustained musical note mixed with a background sound. Identify the PITCH of the note, ignoring the background. What is the solfege syllable and accidental (if needed) of this pitch? Use fixed-do (do=C, re=D, mi=E, fa=F, sol=G, la=A, si=B). Include sharps or flats when needed (e.g. do#, reb, fa#, sib). Do NOT include the octave. Reply with ONLY the syllable and accidental (if needed). Nothing else. Output only the answer.","This audio contains a single sustained musical note mixed with a background sound. Identify the PITCH of the note, ignoring the background. What is the main pitch frequency, expressed in Hertz? Reply with ONLY a number (the frequency in Hz). Nothing else. Output only the answer."
5000,rain,-6.0,piano,instrument,74,60,0,0,0,0,D5,C4,0,0,0,re,la#,0,0,0,60,C4,la#,440,/home/hsnu2/PitchBench/data/analysis_audio/pitchbench_e2_background/D5_piano_5000ms_bg_rain_snr-6db.wav,D5_piano_5000ms_bg_rain_snr-6db.wav,"This audio contains a single sustained musical note mixed with a background sound. Identify the PITCH of the note, ignoring the background. What is the MIDI note number (an integer from 0 to 127)? Reply with ONLY the integer. Nothing else. Output only the answer.","This audio contains a single sustained musical note mixed with a background sound. Identify the PITCH of the note, ignoring the background. What is the note name and octave? Reply with ONLY the note name in Scientific Pitch Notation (e.g. C4, F#3, Bb5). Nothing else. Output only the answer.","This audio contains a single sustained musical note mixed with a background sound. Identify the PITCH of the note, ignoring the background. What is the solfege syllable and accidental (if needed) of this pitch? Use fixed-do (do=C, re=D, mi=E, fa=F, sol=G, la=A, si=B). Include sharps or flats when needed (e.g. do#, reb, fa#, sib). Do NOT include the octave. Reply with ONLY the syllable and accidental (if needed). Nothing else. Output only the answer.","This audio contains a single sustained musical note mixed with a background sound. Identify the PITCH of the note, ignoring the background. What is the main pitch frequency, expressed in Hertz? Reply with ONLY a number (the frequency in Hz). Nothing else. Output only the answer."
5000,street-noise,-6.0,piano,instrument,74,60,0,0,0,0,D5,D4,0,1,0,re,la#,0,0,0,60,D4,la#,110,/home/hsnu2/PitchBench/data/analysis_audio/pitchbench_e2_background/D5_piano_5000ms_bg_street-noise_snr-6db.wav,D5_piano_5000ms_bg_street-noise_snr-6db.wav,"This audio contains a single sustained musical note mixed with a background sound. Identify the PITCH of the note, ignoring the background. What is the MIDI note number (an integer from 0 to 127)? Reply with ONLY the integer. Nothing else. Output only the answer.","This audio contains a single sustained musical note mixed with a background sound. Identify the PITCH of the note, ignoring the background. What is the note name and octave? Reply with ONLY the note name in Scientific Pitch Notation (e.g. C4, F#3, Bb5). Nothing else. Output only the answer.","This audio contains a single sustained musical note mixed with a background sound. Identify the PITCH of the note, ignoring the background. What is the solfege syllable and accidental (if needed) of this pitch? Use fixed-do (do=C, re=D, mi=E, fa=F, sol=G, la=A, si=B). Include sharps or flats when needed (e.g. do#, reb, fa#, sib). Do NOT include the octave. Reply with ONLY the syllable and accidental (if needed). Nothing else. Output only the answer.","This audio contains a single sustained musical note mixed with a background sound. Identify the PITCH of the note, ignoring the background. What is the main pitch frequency, expressed in Hertz? Reply with ONLY a number (the frequency in Hz). Nothing else. Output only the answer."
5000,oscillating-high-and-low-pitches,-6.0,piano,instrument,74,60,0,0,0,0,D5,C4,0,0,0,re,la#,0,0,0,60,C4,sib,110.00,/home/hsnu2/PitchBench/data/analysis_audio/pitchbench_e2_background/D5_piano_5000ms_bg_oscillating-high-and-low-pitches_snr-6db.wav,D5_piano_5000ms_bg_oscillating-high-and-low-pitches_snr-6db.wav,"This audio contains a single sustained musical note mixed with a background sound. Identify the PITCH of the note, ignoring the background. What is the MIDI note number (an integer from 0 to 127)? Reply with ONLY the integer. Nothing else. Output only the answer.","This audio contains a single sustained musical note mixed with a background sound. Identify the PITCH of the note, ignoring the background. What is the note name and octave? Reply with ONLY the note name in Scientific Pitch Notation (e.g. C4, F#3, Bb5). Nothing else. Output only the answer.","This audio contains a single sustained musical note mixed with a background sound. Identify the PITCH of the note, ignoring the background. What is the solfege syllable and accidental (if needed) of this pitch? Use fixed-do (do=C, re=D, mi=E, fa=F, sol=G, la=A, si=B). Include sharps or flats when needed (e.g. do#, reb, fa#, sib). Do NOT include the octave. Reply with ONLY the syllable and accidental (if needed). Nothing else. Output only the answer.","This audio contains a single sustained musical note mixed with a background sound. Identify the PITCH of the note, ignoring the background. What is the main pitch frequency, expressed in Hertz? Reply with ONLY a number (the frequency in Hz). Nothing else. Output only the answer."
5000,white_noise,-6.0,piano,instrument,83,60,0,0,0,0,B5,G#4,0,0,0,si,la#,0,0,0,60,G#4,la#,440,/home/hsnu2/PitchBench/data/analysis_audio/pitchbench_e2_background/B5_piano_5000ms_bg_white_noise_snr-6db.wav,B5_piano_5000ms_bg_white_noise_snr-6db.wav,"This audio contains a single sustained musical note mixed with a background sound. Identify the PITCH of the note, ignoring the background. What is the MIDI note number (an integer from 0 to 127)? Reply with ONLY the integer. Nothing else. Output only the answer.","This audio contains a single sustained musical note mixed with a background sound. Identify the PITCH of the note, ignoring the background. What is the note name and octave? Reply with ONLY the note name in Scientific Pitch Notation (e.g. C4, F#3, Bb5). Nothing else. Output only the answer.","This audio contains a single sustained musical note mixed with a background sound. Identify the PITCH of the note, ignoring the background. What is the solfege syllable and accidental (if needed) of this pitch? Use fixed-do (do=C, re=D, mi=E, fa=F, sol=G, la=A, si=B). Include sharps or flats when needed (e.g. do#, reb, fa#, sib). Do NOT include the octave. Reply with ONLY the syllable and accidental (if needed). Nothing else. Output only the answer.","This audio contains a single sustained musical note mixed with a background sound. Identify the PITCH of the note, ignoring the background. What is the main pitch frequency, expressed in Hertz? Reply with ONLY a number (the frequency in Hz). Nothing else. Output only the answer."
5000,church-bells,-6.0,piano,instrument,83,60,0,0,0,0,B5,A4,0,0,0,si,la#,0,0,0,60,A4,la#,440,/home/hsnu2/PitchBench/data/analysis_audio/pitchbench_e2_background/B5_piano_5000ms_bg_church-bells_snr-6db.wav,B5_piano_5000ms_bg_church-bells_snr-6db.wav,"This audio contains a single sustained musical note mixed with a background sound. Identify the PITCH of the note, ignoring the background. What is the MIDI note number (an integer from 0 to 127)? Reply with ONLY the integer. Nothing else. Output only the answer.","This audio contains a single sustained musical note mixed with a background sound. Identify the PITCH of the note, ignoring the background. What is the note name and octave? Reply with ONLY the note name in Scientific Pitch Notation (e.g. C4, F#3, Bb5). Nothing else. Output only the answer.","This audio contains a single sustained musical note mixed with a background sound. Identify the PITCH of the note, ignoring the background. What is the solfege syllable and accidental (if needed) of this pitch? Use fixed-do (do=C, re=D, mi=E, fa=F, sol=G, la=A, si=B). Include sharps or flats when needed (e.g. do#, reb, fa#, sib). Do NOT include the octave. Reply with ONLY the syllable and accidental (if needed). Nothing else. Output only the answer.","This audio contains a single sustained musical note mixed with a background sound. Identify the PITCH of the note, ignoring the background. What is the main pitch frequency, expressed in Hertz? Reply with ONLY a number (the frequency in Hz). Nothing else. Output only the answer."
5000,crowd-noise,-6.0,piano,instrument,83,62,0,0,0,0,B5,C4,0,0,0,si,la#,0,0,0,62,C4,la#,1000,/home/hsnu2/PitchBench/data/analysis_audio/pitchbench_e2_background/B5_piano_5000ms_bg_crowd-noise_snr-6db.wav,B5_piano_5000ms_bg_crowd-noise_snr-6db.wav,"This audio contains a single sustained musical note mixed with a background sound. Identify the PITCH of the note, ignoring the background. What is the MIDI note number (an integer from 0 to 127)? Reply with ONLY the integer. Nothing else. Output only the answer.","This audio contains a single sustained musical note mixed with a background sound. Identify the PITCH of the note, ignoring the background. What is the note name and octave? Reply with ONLY the note name in Scientific Pitch Notation (e.g. C4, F#3, Bb5). Nothing else. Output only the answer.","This audio contains a single sustained musical note mixed with a background sound. Identify the PITCH of the note, ignoring the background. What is the solfege syllable and accidental (if needed) of this pitch? Use fixed-do (do=C, re=D, mi=E, fa=F, sol=G, la=A, si=B). Include sharps or flats when needed (e.g. do#, reb, fa#, sib). Do NOT include the octave. Reply with ONLY the syllable and accidental (if needed). Nothing else. Output only the answer.","This audio contains a single sustained musical note mixed with a background sound. Identify the PITCH of the note, ignoring the background. What is the main pitch frequency, expressed in Hertz? Reply with ONLY a number (the frequency in Hz). Nothing else. Output only the answer."
5000,rain,-6.0,piano,instrument,83,60,0,0,0,0,B5,C4,0,0,0,si,la#,0,0,0,60,C4,sib,1000,/home/hsnu2/PitchBench/data/analysis_audio/pitchbench_e2_background/B5_piano_5000ms_bg_rain_snr-6db.wav,B5_piano_5000ms_bg_rain_snr-6db.wav,"This audio contains a single sustained musical note mixed with a background sound. Identify the PITCH of the note, ignoring the background. What is the MIDI note number (an integer from 0 to 127)? Reply with ONLY the integer. Nothing else. Output only the answer.","This audio contains a single sustained musical note mixed with a background sound. Identify the PITCH of the note, ignoring the background. What is the note name and octave? Reply with ONLY the note name in Scientific Pitch Notation (e.g. C4, F#3, Bb5). Nothing else. Output only the answer.","This audio contains a single sustained musical note mixed with a background sound. Identify the PITCH of the note, ignoring the background. What is the solfege syllable and accidental (if needed) of this pitch? Use fixed-do (do=C, re=D, mi=E, fa=F, sol=G, la=A, si=B). Include sharps or flats when needed (e.g. do#, reb, fa#, sib). Do NOT include the octave. Reply with ONLY the syllable and accidental (if needed). Nothing else. Output only the answer.","This audio contains a single sustained musical note mixed with a background sound. Identify the PITCH of the note, ignoring the background. What is the main pitch frequency, expressed in Hertz? Reply with ONLY a number (the frequency in Hz). Nothing else. Output only the answer."
5000,street-noise,-6.0,piano,instrument,83,62,0,0,0,0,B5,D4,0,0,0,si,la#,0,0,0,62,D4,la#,147,/home/hsnu2/PitchBench/data/analysis_audio/pitchbench_e2_background/B5_piano_5000ms_bg_street-noise_snr-6db.wav,B5_piano_5000ms_bg_street-noise_snr-6db.wav,"This audio contains a single sustained musical note mixed with a background sound. Identify the PITCH of the note, ignoring the background. What is the MIDI note number (an integer from 0 to 127)? Reply with ONLY the integer. Nothing else. Output only the answer.","This audio contains a single sustained musical note mixed with a background sound. Identify the PITCH of the note, ignoring the background. What is the note name and octave? Reply with ONLY the note name in Scientific Pitch Notation (e.g. C4, F#3, Bb5). Nothing else. Output only the answer.","This audio contains a single sustained musical note mixed with a background sound. Identify the PITCH of the note, ignoring the background. What is the solfege syllable and accidental (if needed) of this pitch? Use fixed-do (do=C, re=D, mi=E, fa=F, sol=G, la=A, si=B). Include sharps or flats when needed (e.g. do#, reb, fa#, sib). Do NOT include the octave. Reply with ONLY the syllable and accidental (if needed). Nothing else. Output only the answer.","This audio contains a single sustained musical note mixed with a background sound. Identify the PITCH of the note, ignoring the background. What is the main pitch frequency, expressed in Hertz? Reply with ONLY a number (the frequency in Hz). Nothing else. Output only the answer."
5000,oscillating-high-and-low-pitches,-6.0,piano,instrument,83,60,0,0,0,0,B5,G4,0,0,0,si,la#,0,0,0,60,G4,sib,440,/home/hsnu2/PitchBench/data/analysis_audio/pitchbench_e2_background/B5_piano_5000ms_bg_oscillating-high-and-low-pitches_snr-6db.wav,B5_piano_5000ms_bg_oscillating-high-and-low-pitches_snr-6db.wav,"This audio contains a single sustained musical note mixed with a background sound. Identify the PITCH of the note, ignoring the background. What is the MIDI note number (an integer from 0 to 127)? Reply with ONLY the integer. Nothing else. Output only the answer.","This audio contains a single sustained musical note mixed with a background sound. Identify the PITCH of the note, ignoring the background. What is the note name and octave? Reply with ONLY the note name in Scientific Pitch Notation (e.g. C4, F#3, Bb5). Nothing else. Output only the answer.","This audio contains a single sustained musical note mixed with a background sound. Identify the PITCH of the note, ignoring the background. What is the solfege syllable and accidental (if needed) of this pitch? Use fixed-do (do=C, re=D, mi=E, fa=F, sol=G, la=A, si=B). Include sharps or flats when needed (e.g. do#, reb, fa#, sib). Do NOT include the octave. Reply with ONLY the syllable and accidental (if needed). Nothing else. Output only the answer.","This audio contains a single sustained musical note mixed with a background sound. Identify the PITCH of the note, ignoring the background. What is the main pitch frequency, expressed in Hertz? Reply with ONLY a number (the frequency in Hz). Nothing else. Output only the answer."
5000,white_noise,-6.0,voice,instrument,29,69,0,0,0,0,F1,C4,0,0,0,fa,la#,0,0,0,69,C4,la#,1000,/home/hsnu2/PitchBench/data/analysis_audio/pitchbench_e2_background/F1_voice_5000ms_bg_white_noise_snr-6db.wav,F1_voice_5000ms_bg_white_noise_snr-6db.wav,"This audio contains a single sustained musical note mixed with a background sound. Identify the PITCH of the note, ignoring the background. What is the MIDI note number (an integer from 0 to 127)? Reply with ONLY the integer. Nothing else. Output only the answer.","This audio contains a single sustained musical note mixed with a background sound. Identify the PITCH of the note, ignoring the background. What is the note name and octave? Reply with ONLY the note name in Scientific Pitch Notation (e.g. C4, F#3, Bb5). Nothing else. Output only the answer.","This audio contains a single sustained musical note mixed with a background sound. Identify the PITCH of the note, ignoring the background. What is the solfege syllable and accidental (if needed) of this pitch? Use fixed-do (do=C, re=D, mi=E, fa=F, sol=G, la=A, si=B). Include sharps or flats when needed (e.g. do#, reb, fa#, sib). Do NOT include the octave. Reply with ONLY the syllable and accidental (if needed). Nothing else. Output only the answer.","This audio contains a single sustained musical note mixed with a background sound. Identify the PITCH of the note, ignoring the background. What is the main pitch frequency, expressed in Hertz? Reply with ONLY a number (the frequency in Hz). Nothing else. Output only the answer."
5000,church-bells,-6.0,voice,instrument,29,62,0,0,0,0,F1,C5,0,0,0,fa,la#,0,0,0,62,C5,sib,440,/home/hsnu2/PitchBench/data/analysis_audio/pitchbench_e2_background/F1_voice_5000ms_bg_church-bells_snr-6db.wav,F1_voice_5000ms_bg_church-bells_snr-6db.wav,"This audio contains a single sustained musical note mixed with a background sound. Identify the PITCH of the note, ignoring the background. What is the MIDI note number (an integer from 0 to 127)? Reply with ONLY the integer. Nothing else. Output only the answer.","This audio contains a single sustained musical note mixed with a background sound. Identify the PITCH of the note, ignoring the background. What is the note name and octave? Reply with ONLY the note name in Scientific Pitch Notation (e.g. C4, F#3, Bb5). Nothing else. Output only the answer.","This audio contains a single sustained musical note mixed with a background sound. Identify the PITCH of the note, ignoring the background. What is the solfege syllable and accidental (if needed) of this pitch? Use fixed-do (do=C, re=D, mi=E, fa=F, sol=G, la=A, si=B). Include sharps or flats when needed (e.g. do#, reb, fa#, sib). Do NOT include the octave. Reply with ONLY the syllable and accidental (if needed). Nothing else. Output only the answer.","This audio contains a single sustained musical note mixed with a background sound. Identify the PITCH of the note, ignoring the background. What is the main pitch frequency, expressed in Hertz? Reply with ONLY a number (the frequency in Hz). Nothing else. Output only the answer."
5000,crowd-noise,-6.0,voice,instrument,29,62,0,0,0,0,F1,G2,0,0,0,fa,la#,0,0,0,62,G2,sib,1000,/home/hsnu2/PitchBench/data/analysis_audio/pitchbench_e2_background/F1_voice_5000ms_bg_crowd-noise_snr-6db.wav,F1_voice_5000ms_bg_crowd-noise_snr-6db.wav,"This audio contains a single sustained musical note mixed with a background sound. Identify the PITCH of the note, ignoring the background. What is the MIDI note number (an integer from 0 to 127)? Reply with ONLY the integer. Nothing else. Output only the answer.","This audio contains a single sustained musical note mixed with a background sound. Identify the PITCH of the note, ignoring the background. What is the note name and octave? Reply with ONLY the note name in Scientific Pitch Notation (e.g. C4, F#3, Bb5). Nothing else. Output only the answer.","This audio contains a single sustained musical note mixed with a background sound. Identify the PITCH of the note, ignoring the background. What is the solfege syllable and accidental (if needed) of this pitch? Use fixed-do (do=C, re=D, mi=E, fa=F, sol=G, la=A, si=B). Include sharps or flats when needed (e.g. do#, reb, fa#, sib). Do NOT include the octave. Reply with ONLY the syllable and accidental (if needed). Nothing else. Output only the answer.","This audio contains a single sustained musical note mixed with a background sound. Identify the PITCH of the note, ignoring the background. What is the main pitch frequency, expressed in Hertz? Reply with ONLY a number (the frequency in Hz). Nothing else. Output only the answer."
5000,rain,-6.0,voice,instrument,29,60,0,0,0,0,F1,C4,0,0,0,fa,la#,0,0,0,60,C4,la#,1000,/home/hsnu2/PitchBench/data/analysis_audio/pitchbench_e2_background/F1_voice_5000ms_bg_rain_snr-6db.wav,F1_voice_5000ms_bg_rain_snr-6db.wav,"This audio contains a single sustained musical note mixed with a background sound. Identify the PITCH of the note, ignoring the background. What is the MIDI note number (an integer from 0 to 127)? Reply with ONLY the integer. Nothing else. Output only the answer.","This audio contains a single sustained musical note mixed with a background sound. Identify the PITCH of the note, ignoring the background. What is the note name and octave? Reply with ONLY the note name in Scientific Pitch Notation (e.g. C4, F#3, Bb5). Nothing else. Output only the answer.","This audio contains a single sustained musical note mixed with a background sound. Identify the PITCH of the note, ignoring the background. What is the solfege syllable and accidental (if needed) of this pitch? Use fixed-do (do=C, re=D, mi=E, fa=F, sol=G, la=A, si=B). Include sharps or flats when needed (e.g. do#, reb, fa#, sib). Do NOT include the octave. Reply with ONLY the syllable and accidental (if needed). Nothing else. Output only the answer.","This audio contains a single sustained musical note mixed with a background sound. Identify the PITCH of the note, ignoring the background. What is the main pitch frequency, expressed in Hertz? Reply with ONLY a number (the frequency in Hz). Nothing else. Output only the answer."
5000,street-noise,-6.0,voice,instrument,29,62,0,0,0,0,F1,D2,0,0,0,fa,la#,0,0,0,62,D2,la#,110,/home/hsnu2/PitchBench/data/analysis_audio/pitchbench_e2_background/F1_voice_5000ms_bg_street-noise_snr-6db.wav,F1_voice_5000ms_bg_street-noise_snr-6db.wav,"This audio contains a single sustained musical note mixed with a background sound. Identify the PITCH of the note, ignoring the background. What is the MIDI note number (an integer from 0 to 127)? Reply with ONLY the integer. Nothing else. Output only the answer.","This audio contains a single sustained musical note mixed with a background sound. Identify the PITCH of the note, ignoring the background. What is the note name and octave? Reply with ONLY the note name in Scientific Pitch Notation (e.g. C4, F#3, Bb5). Nothing else. Output only the answer.","This audio contains a single sustained musical note mixed with a background sound. Identify the PITCH of the note, ignoring the background. What is the solfege syllable and accidental (if needed) of this pitch? Use fixed-do (do=C, re=D, mi=E, fa=F, sol=G, la=A, si=B). Include sharps or flats when needed (e.g. do#, reb, fa#, sib). Do NOT include the octave. Reply with ONLY the syllable and accidental (if needed). Nothing else. Output only the answer.","This audio contains a single sustained musical note mixed with a background sound. Identify the PITCH of the note, ignoring the background. What is the main pitch frequency, expressed in Hertz? Reply with ONLY a number (the frequency in Hz). Nothing else. Output only the answer."
5000,oscillating-high-and-low-pitches,-6.0,voice,instrument,29,72,0,0,0,0,F1,C4,0,0,0,fa,la#,0,0,0,72,C4,sib,1000,/home/hsnu2/PitchBench/data/analysis_audio/pitchbench_e2_background/F1_voice_5000ms_bg_oscillating-high-and-low-pitches_snr-6db.wav,F1_voice_5000ms_bg_oscillating-high-and-low-pitches_snr-6db.wav,"This audio contains a single sustained musical note mixed with a background sound. Identify the PITCH of the note, ignoring the background. What is the MIDI note number (an integer from 0 to 127)? Reply with ONLY the integer. Nothing else. Output only the answer.","This audio contains a single sustained musical note mixed with a background sound. Identify the PITCH of the note, ignoring the background. What is the note name and octave? Reply with ONLY the note name in Scientific Pitch Notation (e.g. C4, F#3, Bb5). Nothing else. Output only the answer.","This audio contains a single sustained musical note mixed with a background sound. Identify the PITCH of the note, ignoring the background. What is the solfege syllable and accidental (if needed) of this pitch? Use fixed-do (do=C, re=D, mi=E, fa=F, sol=G, la=A, si=B). Include sharps or flats when needed (e.g. do#, reb, fa#, sib). Do NOT include the octave. Reply with ONLY the syllable and accidental (if needed). Nothing else. Output only the answer.","This audio contains a single sustained musical note mixed with a background sound. Identify the PITCH of the note, ignoring the background. What is the main pitch frequency, expressed in Hertz? Reply with ONLY a number (the frequency in Hz). Nothing else. Output only the answer."
5000,white_noise,-6.0,voice,instrument,38,60,0,0,0,0,D2,G4,0,0,0,re,la#,0,0,0,60,G4,sib,440,/home/hsnu2/PitchBench/data/analysis_audio/pitchbench_e2_background/D2_voice_5000ms_bg_white_noise_snr-6db.wav,D2_voice_5000ms_bg_white_noise_snr-6db.wav,"This audio contains a single sustained musical note mixed with a background sound. Identify the PITCH of the note, ignoring the background. What is the MIDI note number (an integer from 0 to 127)? Reply with ONLY the integer. Nothing else. Output only the answer.","This audio contains a single sustained musical note mixed with a background sound. Identify the PITCH of the note, ignoring the background. What is the note name and octave? Reply with ONLY the note name in Scientific Pitch Notation (e.g. C4, F#3, Bb5). Nothing else. Output only the answer.","This audio contains a single sustained musical note mixed with a background sound. Identify the PITCH of the note, ignoring the background. What is the solfege syllable and accidental (if needed) of this pitch? Use fixed-do (do=C, re=D, mi=E, fa=F, sol=G, la=A, si=B). Include sharps or flats when needed (e.g. do#, reb, fa#, sib). Do NOT include the octave. Reply with ONLY the syllable and accidental (if needed). Nothing else. Output only the answer.","This audio contains a single sustained musical note mixed with a background sound. Identify the PITCH of the note, ignoring the background. What is the main pitch frequency, expressed in Hertz? Reply with ONLY a number (the frequency in Hz). Nothing else. Output only the answer."
5000,church-bells,-6.0,voice,instrument,38,60,0,0,0,0,D2,A4,0,0,0,re,la#,0,0,0,60,A4,sib,440,/home/hsnu2/PitchBench/data/analysis_audio/pitchbench_e2_background/D2_voice_5000ms_bg_church-bells_snr-6db.wav,D2_voice_5000ms_bg_church-bells_snr-6db.wav,"This audio contains a single sustained musical note mixed with a background sound. Identify the PITCH of the note, ignoring the background. What is the MIDI note number (an integer from 0 to 127)? Reply with ONLY the integer. Nothing else. Output only the answer.","This audio contains a single sustained musical note mixed with a background sound. Identify the PITCH of the note, ignoring the background. What is the note name and octave? Reply with ONLY the note name in Scientific Pitch Notation (e.g. C4, F#3, Bb5). Nothing else. Output only the answer.","This audio contains a single sustained musical note mixed with a background sound. Identify the PITCH of the note, ignoring the background. What is the solfege syllable and accidental (if needed) of this pitch? Use fixed-do (do=C, re=D, mi=E, fa=F, sol=G, la=A, si=B). Include sharps or flats when needed (e.g. do#, reb, fa#, sib). Do NOT include the octave. Reply with ONLY the syllable and accidental (if needed). Nothing else. Output only the answer.","This audio contains a single sustained musical note mixed with a background sound. Identify the PITCH of the note, ignoring the background. What is the main pitch frequency, expressed in Hertz? Reply with ONLY a number (the frequency in Hz). Nothing else. Output only the answer."
5000,crowd-noise,-6.0,voice,instrument,38,60,0,0,0,0,D2,D3,0,1,0,re,la#,0,0,0,60,D3,la#,440,/home/hsnu2/PitchBench/data/analysis_audio/pitchbench_e2_background/D2_voice_5000ms_bg_crowd-noise_snr-6db.wav,D2_voice_5000ms_bg_crowd-noise_snr-6db.wav,"This audio contains a single sustained musical note mixed with a background sound. Identify the PITCH of the note, ignoring the background. What is the MIDI note number (an integer from 0 to 127)? Reply with ONLY the integer. Nothing else. Output only the answer.","This audio contains a single sustained musical note mixed with a background sound. Identify the PITCH of the note, ignoring the background. What is the note name and octave? Reply with ONLY the note name in Scientific Pitch Notation (e.g. C4, F#3, Bb5). Nothing else. Output only the answer.","This audio contains a single sustained musical note mixed with a background sound. Identify the PITCH of the note, ignoring the background. What is the solfege syllable and accidental (if needed) of this pitch? Use fixed-do (do=C, re=D, mi=E, fa=F, sol=G, la=A, si=B). Include sharps or flats when needed (e.g. do#, reb, fa#, sib). Do NOT include the octave. Reply with ONLY the syllable and accidental (if needed). Nothing else. Output only the answer.","This audio contains a single sustained musical note mixed with a background sound. Identify the PITCH of the note, ignoring the background. What is the main pitch frequency, expressed in Hertz? Reply with ONLY a number (the frequency in Hz). Nothing else. Output only the answer."
5000,rain,-6.0,voice,instrument,38,60,0,0,0,0,D2,C4,0,0,0,re,la#,0,0,0,60,C4,la#,1000,/home/hsnu2/PitchBench/data/analysis_audio/pitchbench_e2_background/D2_voice_5000ms_bg_rain_snr-6db.wav,D2_voice_5000ms_bg_rain_snr-6db.wav,"This audio contains a single sustained musical note mixed with a background sound. Identify the PITCH of the note, ignoring the background. What is the MIDI note number (an integer from 0 to 127)? Reply with ONLY the integer. Nothing else. Output only the answer.","This audio contains a single sustained musical note mixed with a background sound. Identify the PITCH of the note, ignoring the background. What is the note name and octave? Reply with ONLY the note name in Scientific Pitch Notation (e.g. C4, F#3, Bb5). Nothing else. Output only the answer.","This audio contains a single sustained musical note mixed with a background sound. Identify the PITCH of the note, ignoring the background. What is the solfege syllable and accidental (if needed) of this pitch? Use fixed-do (do=C, re=D, mi=E, fa=F, sol=G, la=A, si=B). Include sharps or flats when needed (e.g. do#, reb, fa#, sib). Do NOT include the octave. Reply with ONLY the syllable and accidental (if needed). Nothing else. Output only the answer.","This audio contains a single sustained musical note mixed with a background sound. Identify the PITCH of the note, ignoring the background. What is the main pitch frequency, expressed in Hertz? Reply with ONLY a number (the frequency in Hz). Nothing else. Output only the answer."
5000,street-noise,-6.0,voice,instrument,38,62,0,0,1,0,D2,D4,0,1,0,re,la#,0,0,0,62,D4,sib,110.0,/home/hsnu2/PitchBench/data/analysis_audio/pitchbench_e2_background/D2_voice_5000ms_bg_street-noise_snr-6db.wav,D2_voice_5000ms_bg_street-noise_snr-6db.wav,"This audio contains a single sustained musical note mixed with a background sound. Identify the PITCH of the note, ignoring the background. What is the MIDI note number (an integer from 0 to 127)? Reply with ONLY the integer. Nothing else. Output only the answer.","This audio contains a single sustained musical note mixed with a background sound. Identify the PITCH of the note, ignoring the background. What is the note name and octave? Reply with ONLY the note name in Scientific Pitch Notation (e.g. C4, F#3, Bb5). Nothing else. Output only the answer.","This audio contains a single sustained musical note mixed with a background sound. Identify the PITCH of the note, ignoring the background. What is the solfege syllable and accidental (if needed) of this pitch? Use fixed-do (do=C, re=D, mi=E, fa=F, sol=G, la=A, si=B). Include sharps or flats when needed (e.g. do#, reb, fa#, sib). Do NOT include the octave. Reply with ONLY the syllable and accidental (if needed). Nothing else. Output only the answer.","This audio contains a single sustained musical note mixed with a background sound. Identify the PITCH of the note, ignoring the background. What is the main pitch frequency, expressed in Hertz? Reply with ONLY a number (the frequency in Hz). Nothing else. Output only the answer."
5000,oscillating-high-and-low-pitches,-6.0,voice,instrument,38,60,0,0,0,0,D2,A4,0,0,0,re,la#,0,0,0,60,A4,la#,1000,/home/hsnu2/PitchBench/data/analysis_audio/pitchbench_e2_background/D2_voice_5000ms_bg_oscillating-high-and-low-pitches_snr-6db.wav,D2_voice_5000ms_bg_oscillating-high-and-low-pitches_snr-6db.wav,"This audio contains a single sustained musical note mixed with a background sound. Identify the PITCH of the note, ignoring the background. What is the MIDI note number (an integer from 0 to 127)? Reply with ONLY the integer. Nothing else. Output only the answer.","This audio contains a single sustained musical note mixed with a background sound. Identify the PITCH of the note, ignoring the background. What is the note name and octave? Reply with ONLY the note name in Scientific Pitch Notation (e.g. C4, F#3, Bb5). Nothing else. Output only the answer.","This audio contains a single sustained musical note mixed with a background sound. Identify the PITCH of the note, ignoring the background. What is the solfege syllable and accidental (if needed) of this pitch? Use fixed-do (do=C, re=D, mi=E, fa=F, sol=G, la=A, si=B). Include sharps or flats when needed (e.g. do#, reb, fa#, sib). Do NOT include the octave. Reply with ONLY the syllable and accidental (if needed). Nothing else. Output only the answer.","This audio contains a single sustained musical note mixed with a background sound. Identify the PITCH of the note, ignoring the background. What is the main pitch frequency, expressed in Hertz? Reply with ONLY a number (the frequency in Hz). Nothing else. Output only the answer."
5000,white_noise,-6.0,voice,instrument,47,60,0,0,0,0,B2,C4,0,0,0,si,la#,0,0,0,60,C4,la#,1000,/home/hsnu2/PitchBench/data/analysis_audio/pitchbench_e2_background/B2_voice_5000ms_bg_white_noise_snr-6db.wav,B2_voice_5000ms_bg_white_noise_snr-6db.wav,"This audio contains a single sustained musical note mixed with a background sound. Identify the PITCH of the note, ignoring the background. What is the MIDI note number (an integer from 0 to 127)? Reply with ONLY the integer. Nothing else. Output only the answer.","This audio contains a single sustained musical note mixed with a background sound. Identify the PITCH of the note, ignoring the background. What is the note name and octave? Reply with ONLY the note name in Scientific Pitch Notation (e.g. C4, F#3, Bb5). Nothing else. Output only the answer.","This audio contains a single sustained musical note mixed with a background sound. Identify the PITCH of the note, ignoring the background. What is the solfege syllable and accidental (if needed) of this pitch? Use fixed-do (do=C, re=D, mi=E, fa=F, sol=G, la=A, si=B). Include sharps or flats when needed (e.g. do#, reb, fa#, sib). Do NOT include the octave. Reply with ONLY the syllable and accidental (if needed). Nothing else. Output only the answer.","This audio contains a single sustained musical note mixed with a background sound. Identify the PITCH of the note, ignoring the background. What is the main pitch frequency, expressed in Hertz? Reply with ONLY a number (the frequency in Hz). Nothing else. Output only the answer."
5000,church-bells,-6.0,voice,instrument,47,60,0,0,0,0,B2,A4,0,0,0,si,la#,0,0,0,60,A4,la#,440,/home/hsnu2/PitchBench/data/analysis_audio/pitchbench_e2_background/B2_voice_5000ms_bg_church-bells_snr-6db.wav,B2_voice_5000ms_bg_church-bells_snr-6db.wav,"This audio contains a single sustained musical note mixed with a background sound. Identify the PITCH of the note, ignoring the background. What is the MIDI note number (an integer from 0 to 127)? Reply with ONLY the integer. Nothing else. Output only the answer.","This audio contains a single sustained musical note mixed with a background sound. Identify the PITCH of the note, ignoring the background. What is the note name and octave? Reply with ONLY the note name in Scientific Pitch Notation (e.g. C4, F#3, Bb5). Nothing else. Output only the answer.","This audio contains a single sustained musical note mixed with a background sound. Identify the PITCH of the note, ignoring the background. What is the solfege syllable and accidental (if needed) of this pitch? Use fixed-do (do=C, re=D, mi=E, fa=F, sol=G, la=A, si=B). Include sharps or flats when needed (e.g. do#, reb, fa#, sib). Do NOT include the octave. Reply with ONLY the syllable and accidental (if needed). Nothing else. Output only the answer.","This audio contains a single sustained musical note mixed with a background sound. Identify the PITCH of the note, ignoring the background. What is the main pitch frequency, expressed in Hertz? Reply with ONLY a number (the frequency in Hz). Nothing else. Output only the answer."
5000,crowd-noise,-6.0,voice,instrument,47,60,0,0,0,0,B2,D2,0,0,1,si,la#,0,0,0,60,D2,sib,110,/home/hsnu2/PitchBench/data/analysis_audio/pitchbench_e2_background/B2_voice_5000ms_bg_crowd-noise_snr-6db.wav,B2_voice_5000ms_bg_crowd-noise_snr-6db.wav,"This audio contains a single sustained musical note mixed with a background sound. Identify the PITCH of the note, ignoring the background. What is the MIDI note number (an integer from 0 to 127)? Reply with ONLY the integer. Nothing else. Output only the answer.","This audio contains a single sustained musical note mixed with a background sound. Identify the PITCH of the note, ignoring the background. What is the note name and octave? Reply with ONLY the note name in Scientific Pitch Notation (e.g. C4, F#3, Bb5). Nothing else. Output only the answer.","This audio contains a single sustained musical note mixed with a background sound. Identify the PITCH of the note, ignoring the background. What is the solfege syllable and accidental (if needed) of this pitch? Use fixed-do (do=C, re=D, mi=E, fa=F, sol=G, la=A, si=B). Include sharps or flats when needed (e.g. do#, reb, fa#, sib). Do NOT include the octave. Reply with ONLY the syllable and accidental (if needed). Nothing else. Output only the answer.","This audio contains a single sustained musical note mixed with a background sound. Identify the PITCH of the note, ignoring the background. What is the main pitch frequency, expressed in Hertz? Reply with ONLY a number (the frequency in Hz). Nothing else. Output only the answer."
5000,rain,-6.0,voice,instrument,47,60,0,0,0,0,B2,C4,0,0,0,si,la#,0,0,0,60,C4,la#,1046.5022583007812,/home/hsnu2/PitchBench/data/analysis_audio/pitchbench_e2_background/B2_voice_5000ms_bg_rain_snr-6db.wav,B2_voice_5000ms_bg_rain_snr-6db.wav,"This audio contains a single sustained musical note mixed with a background sound. Identify the PITCH of the note, ignoring the background. What is the MIDI note number (an integer from 0 to 127)? Reply with ONLY the integer. Nothing else. Output only the answer.","This audio contains a single sustained musical note mixed with a background sound. Identify the PITCH of the note, ignoring the background. What is the note name and octave? Reply with ONLY the note name in Scientific Pitch Notation (e.g. C4, F#3, Bb5). Nothing else. Output only the answer.","This audio contains a single sustained musical note mixed with a background sound. Identify the PITCH of the note, ignoring the background. What is the solfege syllable and accidental (if needed) of this pitch? Use fixed-do (do=C, re=D, mi=E, fa=F, sol=G, la=A, si=B). Include sharps or flats when needed (e.g. do#, reb, fa#, sib). Do NOT include the octave. Reply with ONLY the syllable and accidental (if needed). Nothing else. Output only the answer.","This audio contains a single sustained musical note mixed with a background sound. Identify the PITCH of the note, ignoring the background. What is the main pitch frequency, expressed in Hertz? Reply with ONLY a number (the frequency in Hz). Nothing else. Output only the answer."
5000,street-noise,-6.0,voice,instrument,47,62,0,0,0,0,B2,D4,0,0,0,si,la#,0,0,0,62,D4,sib,110,/home/hsnu2/PitchBench/data/analysis_audio/pitchbench_e2_background/B2_voice_5000ms_bg_street-noise_snr-6db.wav,B2_voice_5000ms_bg_street-noise_snr-6db.wav,"This audio contains a single sustained musical note mixed with a background sound. Identify the PITCH of the note, ignoring the background. What is the MIDI note number (an integer from 0 to 127)? Reply with ONLY the integer. Nothing else. Output only the answer.","This audio contains a single sustained musical note mixed with a background sound. Identify the PITCH of the note, ignoring the background. What is the note name and octave? Reply with ONLY the note name in Scientific Pitch Notation (e.g. C4, F#3, Bb5). Nothing else. Output only the answer.","This audio contains a single sustained musical note mixed with a background sound. Identify the PITCH of the note, ignoring the background. What is the solfege syllable and accidental (if needed) of this pitch? Use fixed-do (do=C, re=D, mi=E, fa=F, sol=G, la=A, si=B). Include sharps or flats when needed (e.g. do#, reb, fa#, sib). Do NOT include the octave. Reply with ONLY the syllable and accidental (if needed). Nothing else. Output only the answer.","This audio contains a single sustained musical note mixed with a background sound. Identify the PITCH of the note, ignoring the background. What is the main pitch frequency, expressed in Hertz? Reply with ONLY a number (the frequency in Hz). Nothing else. Output only the answer."
5000,oscillating-high-and-low-pitches,-6.0,voice,instrument,47,60,0,0,0,0,B2,A4,0,0,0,si,la#,0,0,0,60,A4,sib,1000,/home/hsnu2/PitchBench/data/analysis_audio/pitchbench_e2_background/B2_voice_5000ms_bg_oscillating-high-and-low-pitches_snr-6db.wav,B2_voice_5000ms_bg_oscillating-high-and-low-pitches_snr-6db.wav,"This audio contains a single sustained musical note mixed with a background sound. Identify the PITCH of the note, ignoring the background. What is the MIDI note number (an integer from 0 to 127)? Reply with ONLY the integer. Nothing else. Output only the answer.","This audio contains a single sustained musical note mixed with a background sound. Identify the PITCH of the note, ignoring the background. What is the note name and octave? Reply with ONLY the note name in Scientific Pitch Notation (e.g. C4, F#3, Bb5). Nothing else. Output only the answer.","This audio contains a single sustained musical note mixed with a background sound. Identify the PITCH of the note, ignoring the background. What is the solfege syllable and accidental (if needed) of this pitch? Use fixed-do (do=C, re=D, mi=E, fa=F, sol=G, la=A, si=B). Include sharps or flats when needed (e.g. do#, reb, fa#, sib). Do NOT include the octave. Reply with ONLY the syllable and accidental (if needed). Nothing else. Output only the answer.","This audio contains a single sustained musical note mixed with a background sound. Identify the PITCH of the note, ignoring the background. What is the main pitch frequency, expressed in Hertz? Reply with ONLY a number (the frequency in Hz). Nothing else. Output only the answer."
5000,white_noise,-6.0,voice,instrument,56,62,0,0,0,0,G#3,C4,0,0,0,sol#,la#,0,0,0,62,C4,la#,440,/home/hsnu2/PitchBench/data/analysis_audio/pitchbench_e2_background/Gs3_voice_5000ms_bg_white_noise_snr-6db.wav,Gs3_voice_5000ms_bg_white_noise_snr-6db.wav,"This audio contains a single sustained musical note mixed with a background sound. Identify the PITCH of the note, ignoring the background. What is the MIDI note number (an integer from 0 to 127)? Reply with ONLY the integer. Nothing else. Output only the answer.","This audio contains a single sustained musical note mixed with a background sound. Identify the PITCH of the note, ignoring the background. What is the note name and octave? Reply with ONLY the note name in Scientific Pitch Notation (e.g. C4, F#3, Bb5). Nothing else. Output only the answer.","This audio contains a single sustained musical note mixed with a background sound. Identify the PITCH of the note, ignoring the background. What is the solfege syllable and accidental (if needed) of this pitch? Use fixed-do (do=C, re=D, mi=E, fa=F, sol=G, la=A, si=B). Include sharps or flats when needed (e.g. do#, reb, fa#, sib). Do NOT include the octave. Reply with ONLY the syllable and accidental (if needed). Nothing else. Output only the answer.","This audio contains a single sustained musical note mixed with a background sound. Identify the PITCH of the note, ignoring the background. What is the main pitch frequency, expressed in Hertz? Reply with ONLY a number (the frequency in Hz). Nothing else. Output only the answer."
5000,church-bells,-6.0,voice,instrument,56,60,0,0,0,0,G#3,C4,0,0,0,sol#,la#,0,0,0,60,C4,la#,440,/home/hsnu2/PitchBench/data/analysis_audio/pitchbench_e2_background/Gs3_voice_5000ms_bg_church-bells_snr-6db.wav,Gs3_voice_5000ms_bg_church-bells_snr-6db.wav,"This audio contains a single sustained musical note mixed with a background sound. Identify the PITCH of the note, ignoring the background. What is the MIDI note number (an integer from 0 to 127)? Reply with ONLY the integer. Nothing else. Output only the answer.","This audio contains a single sustained musical note mixed with a background sound. Identify the PITCH of the note, ignoring the background. What is the note name and octave? Reply with ONLY the note name in Scientific Pitch Notation (e.g. C4, F#3, Bb5). Nothing else. Output only the answer.","This audio contains a single sustained musical note mixed with a background sound. Identify the PITCH of the note, ignoring the background. What is the solfege syllable and accidental (if needed) of this pitch? Use fixed-do (do=C, re=D, mi=E, fa=F, sol=G, la=A, si=B). Include sharps or flats when needed (e.g. do#, reb, fa#, sib). Do NOT include the octave. Reply with ONLY the syllable and accidental (if needed). Nothing else. Output only the answer.","This audio contains a single sustained musical note mixed with a background sound. Identify the PITCH of the note, ignoring the background. What is the main pitch frequency, expressed in Hertz? Reply with ONLY a number (the frequency in Hz). Nothing else. Output only the answer."
5000,crowd-noise,-6.0,voice,instrument,56,48,0,0,0,1,G#3,D2,0,0,0,sol#,la#,0,0,0,48,D2,la#,110,/home/hsnu2/PitchBench/data/analysis_audio/pitchbench_e2_background/Gs3_voice_5000ms_bg_crowd-noise_snr-6db.wav,Gs3_voice_5000ms_bg_crowd-noise_snr-6db.wav,"This audio contains a single sustained musical note mixed with a background sound. Identify the PITCH of the note, ignoring the background. What is the MIDI note number (an integer from 0 to 127)? Reply with ONLY the integer. Nothing else. Output only the answer.","This audio contains a single sustained musical note mixed with a background sound. Identify the PITCH of the note, ignoring the background. What is the note name and octave? Reply with ONLY the note name in Scientific Pitch Notation (e.g. C4, F#3, Bb5). Nothing else. Output only the answer.","This audio contains a single sustained musical note mixed with a background sound. Identify the PITCH of the note, ignoring the background. What is the solfege syllable and accidental (if needed) of this pitch? Use fixed-do (do=C, re=D, mi=E, fa=F, sol=G, la=A, si=B). Include sharps or flats when needed (e.g. do#, reb, fa#, sib). Do NOT include the octave. Reply with ONLY the syllable and accidental (if needed). Nothing else. Output only the answer.","This audio contains a single sustained musical note mixed with a background sound. Identify the PITCH of the note, ignoring the background. What is the main pitch frequency, expressed in Hertz? Reply with ONLY a number (the frequency in Hz). Nothing else. Output only the answer."
5000,rain,-6.0,voice,instrument,56,60,0,0,0,0,G#3,C4,0,0,0,sol#,la#,0,0,0,60,C4,la#,440,/home/hsnu2/PitchBench/data/analysis_audio/pitchbench_e2_background/Gs3_voice_5000ms_bg_rain_snr-6db.wav,Gs3_voice_5000ms_bg_rain_snr-6db.wav,"This audio contains a single sustained musical note mixed with a background sound. Identify the PITCH of the note, ignoring the background. What is the MIDI note number (an integer from 0 to 127)? Reply with ONLY the integer. Nothing else. Output only the answer.","This audio contains a single sustained musical note mixed with a background sound. Identify the PITCH of the note, ignoring the background. What is the note name and octave? Reply with ONLY the note name in Scientific Pitch Notation (e.g. C4, F#3, Bb5). Nothing else. Output only the answer.","This audio contains a single sustained musical note mixed with a background sound. Identify the PITCH of the note, ignoring the background. What is the solfege syllable and accidental (if needed) of this pitch? Use fixed-do (do=C, re=D, mi=E, fa=F, sol=G, la=A, si=B). Include sharps or flats when needed (e.g. do#, reb, fa#, sib). Do NOT include the octave. Reply with ONLY the syllable and accidental (if needed). Nothing else. Output only the answer.","This audio contains a single sustained musical note mixed with a background sound. Identify the PITCH of the note, ignoring the background. What is the main pitch frequency, expressed in Hertz? Reply with ONLY a number (the frequency in Hz). Nothing else. Output only the answer."
5000,street-noise,-6.0,voice,instrument,56,60,0,0,0,0,G#3,D4,0,0,0,sol#,la#,0,0,0,60,D4,la#,440,/home/hsnu2/PitchBench/data/analysis_audio/pitchbench_e2_background/Gs3_voice_5000ms_bg_street-noise_snr-6db.wav,Gs3_voice_5000ms_bg_street-noise_snr-6db.wav,"This audio contains a single sustained musical note mixed with a background sound. Identify the PITCH of the note, ignoring the background. What is the MIDI note number (an integer from 0 to 127)? Reply with ONLY the integer. Nothing else. Output only the answer.","This audio contains a single sustained musical note mixed with a background sound. Identify the PITCH of the note, ignoring the background. What is the note name and octave? Reply with ONLY the note name in Scientific Pitch Notation (e.g. C4, F#3, Bb5). Nothing else. Output only the answer.","This audio contains a single sustained musical note mixed with a background sound. Identify the PITCH of the note, ignoring the background. What is the solfege syllable and accidental (if needed) of this pitch? Use fixed-do (do=C, re=D, mi=E, fa=F, sol=G, la=A, si=B). Include sharps or flats when needed (e.g. do#, reb, fa#, sib). Do NOT include the octave. Reply with ONLY the syllable and accidental (if needed). Nothing else. Output only the answer.","This audio contains a single sustained musical note mixed with a background sound. Identify the PITCH of the note, ignoring the background. What is the main pitch frequency, expressed in Hertz? Reply with ONLY a number (the frequency in Hz). Nothing else. Output only the answer."
5000,oscillating-high-and-low-pitches,-6.0,voice,instrument,56,60,0,0,0,0,G#3,C4,0,0,0,sol#,la#,0,0,0,60,C4,la#,110.00,/home/hsnu2/PitchBench/data/analysis_audio/pitchbench_e2_background/Gs3_voice_5000ms_bg_oscillating-high-and-low-pitches_snr-6db.wav,Gs3_voice_5000ms_bg_oscillating-high-and-low-pitches_snr-6db.wav,"This audio contains a single sustained musical note mixed with a background sound. Identify the PITCH of the note, ignoring the background. What is the MIDI note number (an integer from 0 to 127)? Reply with ONLY the integer. Nothing else. Output only the answer.","This audio contains a single sustained musical note mixed with a background sound. Identify the PITCH of the note, ignoring the background. What is the note name and octave? Reply with ONLY the note name in Scientific Pitch Notation (e.g. C4, F#3, Bb5). Nothing else. Output only the answer.","This audio contains a single sustained musical note mixed with a background sound. Identify the PITCH of the note, ignoring the background. What is the solfege syllable and accidental (if needed) of this pitch? Use fixed-do (do=C, re=D, mi=E, fa=F, sol=G, la=A, si=B). Include sharps or flats when needed (e.g. do#, reb, fa#, sib). Do NOT include the octave. Reply with ONLY the syllable and accidental (if needed). Nothing else. Output only the answer.","This audio contains a single sustained musical note mixed with a background sound. Identify the PITCH of the note, ignoring the background. What is the main pitch frequency, expressed in Hertz? Reply with ONLY a number (the frequency in Hz). Nothing else. Output only the answer."
5000,white_noise,-6.0,voice,instrument,65,62,0,0,0,1,F4,G4,0,0,1,fa,la#,0,0,0,62,G4,la#,1000,/home/hsnu2/PitchBench/data/analysis_audio/pitchbench_e2_background/F4_voice_5000ms_bg_white_noise_snr-6db.wav,F4_voice_5000ms_bg_white_noise_snr-6db.wav,"This audio contains a single sustained musical note mixed with a background sound. Identify the PITCH of the note, ignoring the background. What is the MIDI note number (an integer from 0 to 127)? Reply with ONLY the integer. Nothing else. Output only the answer.","This audio contains a single sustained musical note mixed with a background sound. Identify the PITCH of the note, ignoring the background. What is the note name and octave? Reply with ONLY the note name in Scientific Pitch Notation (e.g. C4, F#3, Bb5). Nothing else. Output only the answer.","This audio contains a single sustained musical note mixed with a background sound. Identify the PITCH of the note, ignoring the background. What is the solfege syllable and accidental (if needed) of this pitch? Use fixed-do (do=C, re=D, mi=E, fa=F, sol=G, la=A, si=B). Include sharps or flats when needed (e.g. do#, reb, fa#, sib). Do NOT include the octave. Reply with ONLY the syllable and accidental (if needed). Nothing else. Output only the answer.","This audio contains a single sustained musical note mixed with a background sound. Identify the PITCH of the note, ignoring the background. What is the main pitch frequency, expressed in Hertz? Reply with ONLY a number (the frequency in Hz). Nothing else. Output only the answer."
5000,church-bells,-6.0,voice,instrument,65,60,0,0,0,1,F4,C4,0,0,1,fa,la#,0,0,0,60,C4,sib,110.00,/home/hsnu2/PitchBench/data/analysis_audio/pitchbench_e2_background/F4_voice_5000ms_bg_church-bells_snr-6db.wav,F4_voice_5000ms_bg_church-bells_snr-6db.wav,"This audio contains a single sustained musical note mixed with a background sound. Identify the PITCH of the note, ignoring the background. What is the MIDI note number (an integer from 0 to 127)? Reply with ONLY the integer. Nothing else. Output only the answer.","This audio contains a single sustained musical note mixed with a background sound. Identify the PITCH of the note, ignoring the background. What is the note name and octave? Reply with ONLY the note name in Scientific Pitch Notation (e.g. C4, F#3, Bb5). Nothing else. Output only the answer.","This audio contains a single sustained musical note mixed with a background sound. Identify the PITCH of the note, ignoring the background. What is the solfege syllable and accidental (if needed) of this pitch? Use fixed-do (do=C, re=D, mi=E, fa=F, sol=G, la=A, si=B). Include sharps or flats when needed (e.g. do#, reb, fa#, sib). Do NOT include the octave. Reply with ONLY the syllable and accidental (if needed). Nothing else. Output only the answer.","This audio contains a single sustained musical note mixed with a background sound. Identify the PITCH of the note, ignoring the background. What is the main pitch frequency, expressed in Hertz? Reply with ONLY a number (the frequency in Hz). Nothing else. Output only the answer."
5000,crowd-noise,-6.0,voice,instrument,65,60,0,0,0,1,F4,D2,0,0,0,fa,la#,0,0,0,60,D2,la#,110,/home/hsnu2/PitchBench/data/analysis_audio/pitchbench_e2_background/F4_voice_5000ms_bg_crowd-noise_snr-6db.wav,F4_voice_5000ms_bg_crowd-noise_snr-6db.wav,"This audio contains a single sustained musical note mixed with a background sound. Identify the PITCH of the note, ignoring the background. What is the MIDI note number (an integer from 0 to 127)? Reply with ONLY the integer. Nothing else. Output only the answer.","This audio contains a single sustained musical note mixed with a background sound. Identify the PITCH of the note, ignoring the background. What is the note name and octave? Reply with ONLY the note name in Scientific Pitch Notation (e.g. C4, F#3, Bb5). Nothing else. Output only the answer.","This audio contains a single sustained musical note mixed with a background sound. Identify the PITCH of the note, ignoring the background. What is the solfege syllable and accidental (if needed) of this pitch? Use fixed-do (do=C, re=D, mi=E, fa=F, sol=G, la=A, si=B). Include sharps or flats when needed (e.g. do#, reb, fa#, sib). Do NOT include the octave. Reply with ONLY the syllable and accidental (if needed). Nothing else. Output only the answer.","This audio contains a single sustained musical note mixed with a background sound. Identify the PITCH of the note, ignoring the background. What is the main pitch frequency, expressed in Hertz? Reply with ONLY a number (the frequency in Hz). Nothing else. Output only the answer."
5000,rain,-6.0,voice,instrument,65,60,0,0,0,1,F4,C4,0,0,1,fa,la#,0,0,0,60,C4,la#,440,/home/hsnu2/PitchBench/data/analysis_audio/pitchbench_e2_background/F4_voice_5000ms_bg_rain_snr-6db.wav,F4_voice_5000ms_bg_rain_snr-6db.wav,"This audio contains a single sustained musical note mixed with a background sound. Identify the PITCH of the note, ignoring the background. What is the MIDI note number (an integer from 0 to 127)? Reply with ONLY the integer. Nothing else. Output only the answer.","This audio contains a single sustained musical note mixed with a background sound. Identify the PITCH of the note, ignoring the background. What is the note name and octave? Reply with ONLY the note name in Scientific Pitch Notation (e.g. C4, F#3, Bb5). Nothing else. Output only the answer.","This audio contains a single sustained musical note mixed with a background sound. Identify the PITCH of the note, ignoring the background. What is the solfege syllable and accidental (if needed) of this pitch? Use fixed-do (do=C, re=D, mi=E, fa=F, sol=G, la=A, si=B). Include sharps or flats when needed (e.g. do#, reb, fa#, sib). Do NOT include the octave. Reply with ONLY the syllable and accidental (if needed). Nothing else. Output only the answer.","This audio contains a single sustained musical note mixed with a background sound. Identify the PITCH of the note, ignoring the background. What is the main pitch frequency, expressed in Hertz? Reply with ONLY a number (the frequency in Hz). Nothing else. Output only the answer."
5000,street-noise,-6.0,voice,instrument,65,60,0,0,0,1,F4,D4,0,0,1,fa,la#,0,0,0,60,D4,sib,146.83,/home/hsnu2/PitchBench/data/analysis_audio/pitchbench_e2_background/F4_voice_5000ms_bg_street-noise_snr-6db.wav,F4_voice_5000ms_bg_street-noise_snr-6db.wav,"This audio contains a single sustained musical note mixed with a background sound. Identify the PITCH of the note, ignoring the background. What is the MIDI note number (an integer from 0 to 127)? Reply with ONLY the integer. Nothing else. Output only the answer.","This audio contains a single sustained musical note mixed with a background sound. Identify the PITCH of the note, ignoring the background. What is the note name and octave? Reply with ONLY the note name in Scientific Pitch Notation (e.g. C4, F#3, Bb5). Nothing else. Output only the answer.","This audio contains a single sustained musical note mixed with a background sound. Identify the PITCH of the note, ignoring the background. What is the solfege syllable and accidental (if needed) of this pitch? Use fixed-do (do=C, re=D, mi=E, fa=F, sol=G, la=A, si=B). Include sharps or flats when needed (e.g. do#, reb, fa#, sib). Do NOT include the octave. Reply with ONLY the syllable and accidental (if needed). Nothing else. Output only the answer.","This audio contains a single sustained musical note mixed with a background sound. Identify the PITCH of the note, ignoring the background. What is the main pitch frequency, expressed in Hertz? Reply with ONLY a number (the frequency in Hz). Nothing else. Output only the answer."
5000,oscillating-high-and-low-pitches,-6.0,voice,instrument,65,69,0,0,0,1,F4,A4,0,0,1,fa,la#,0,0,0,69,A4,la#,440,/home/hsnu2/PitchBench/data/analysis_audio/pitchbench_e2_background/F4_voice_5000ms_bg_oscillating-high-and-low-pitches_snr-6db.wav,F4_voice_5000ms_bg_oscillating-high-and-low-pitches_snr-6db.wav,"This audio contains a single sustained musical note mixed with a background sound. Identify the PITCH of the note, ignoring the background. What is the MIDI note number (an integer from 0 to 127)? Reply with ONLY the integer. Nothing else. Output only the answer.","This audio contains a single sustained musical note mixed with a background sound. Identify the PITCH of the note, ignoring the background. What is the note name and octave? Reply with ONLY the note name in Scientific Pitch Notation (e.g. C4, F#3, Bb5). Nothing else. Output only the answer.","This audio contains a single sustained musical note mixed with a background sound. Identify the PITCH of the note, ignoring the background. What is the solfege syllable and accidental (if needed) of this pitch? Use fixed-do (do=C, re=D, mi=E, fa=F, sol=G, la=A, si=B). Include sharps or flats when needed (e.g. do#, reb, fa#, sib). Do NOT include the octave. Reply with ONLY the syllable and accidental (if needed). Nothing else. Output only the answer.","This audio contains a single sustained musical note mixed with a background sound. Identify the PITCH of the note, ignoring the background. What is the main pitch frequency, expressed in Hertz? Reply with ONLY a number (the frequency in Hz). Nothing else. Output only the answer."
5000,white_noise,-6.0,voice,instrument,74,72,0,0,0,1,D5,G4,0,0,0,re,la#,0,0,0,72,G4,la#,440,/home/hsnu2/PitchBench/data/analysis_audio/pitchbench_e2_background/D5_voice_5000ms_bg_white_noise_snr-6db.wav,D5_voice_5000ms_bg_white_noise_snr-6db.wav,"This audio contains a single sustained musical note mixed with a background sound. Identify the PITCH of the note, ignoring the background. What is the MIDI note number (an integer from 0 to 127)? Reply with ONLY the integer. Nothing else. Output only the answer.","This audio contains a single sustained musical note mixed with a background sound. Identify the PITCH of the note, ignoring the background. What is the note name and octave? Reply with ONLY the note name in Scientific Pitch Notation (e.g. C4, F#3, Bb5). Nothing else. Output only the answer.","This audio contains a single sustained musical note mixed with a background sound. Identify the PITCH of the note, ignoring the background. What is the solfege syllable and accidental (if needed) of this pitch? Use fixed-do (do=C, re=D, mi=E, fa=F, sol=G, la=A, si=B). Include sharps or flats when needed (e.g. do#, reb, fa#, sib). Do NOT include the octave. Reply with ONLY the syllable and accidental (if needed). Nothing else. Output only the answer.","This audio contains a single sustained musical note mixed with a background sound. Identify the PITCH of the note, ignoring the background. What is the main pitch frequency, expressed in Hertz? Reply with ONLY a number (the frequency in Hz). Nothing else. Output only the answer."
5000,church-bells,-6.0,voice,instrument,74,60,0,0,0,0,D5,A4,0,0,0,re,la#,0,0,0,60,A4,sib,440,/home/hsnu2/PitchBench/data/analysis_audio/pitchbench_e2_background/D5_voice_5000ms_bg_church-bells_snr-6db.wav,D5_voice_5000ms_bg_church-bells_snr-6db.wav,"This audio contains a single sustained musical note mixed with a background sound. Identify the PITCH of the note, ignoring the background. What is the MIDI note number (an integer from 0 to 127)? Reply with ONLY the integer. Nothing else. Output only the answer.","This audio contains a single sustained musical note mixed with a background sound. Identify the PITCH of the note, ignoring the background. What is the note name and octave? Reply with ONLY the note name in Scientific Pitch Notation (e.g. C4, F#3, Bb5). Nothing else. Output only the answer.","This audio contains a single sustained musical note mixed with a background sound. Identify the PITCH of the note, ignoring the background. What is the solfege syllable and accidental (if needed) of this pitch? Use fixed-do (do=C, re=D, mi=E, fa=F, sol=G, la=A, si=B). Include sharps or flats when needed (e.g. do#, reb, fa#, sib). Do NOT include the octave. Reply with ONLY the syllable and accidental (if needed). Nothing else. Output only the answer.","This audio contains a single sustained musical note mixed with a background sound. Identify the PITCH of the note, ignoring the background. What is the main pitch frequency, expressed in Hertz? Reply with ONLY a number (the frequency in Hz). Nothing else. Output only the answer."
5000,crowd-noise,-6.0,voice,instrument,74,60,0,0,0,0,D5,D4,0,1,0,re,la#,0,0,0,60,D4,la#,110,/home/hsnu2/PitchBench/data/analysis_audio/pitchbench_e2_background/D5_voice_5000ms_bg_crowd-noise_snr-6db.wav,D5_voice_5000ms_bg_crowd-noise_snr-6db.wav,"This audio contains a single sustained musical note mixed with a background sound. Identify the PITCH of the note, ignoring the background. What is the MIDI note number (an integer from 0 to 127)? Reply with ONLY the integer. Nothing else. Output only the answer.","This audio contains a single sustained musical note mixed with a background sound. Identify the PITCH of the note, ignoring the background. What is the note name and octave? Reply with ONLY the note name in Scientific Pitch Notation (e.g. C4, F#3, Bb5). Nothing else. Output only the answer.","This audio contains a single sustained musical note mixed with a background sound. Identify the PITCH of the note, ignoring the background. What is the solfege syllable and accidental (if needed) of this pitch? Use fixed-do (do=C, re=D, mi=E, fa=F, sol=G, la=A, si=B). Include sharps or flats when needed (e.g. do#, reb, fa#, sib). Do NOT include the octave. Reply with ONLY the syllable and accidental (if needed). Nothing else. Output only the answer.","This audio contains a single sustained musical note mixed with a background sound. Identify the PITCH of the note, ignoring the background. What is the main pitch frequency, expressed in Hertz? Reply with ONLY a number (the frequency in Hz). Nothing else. Output only the answer."
5000,rain,-6.0,voice,instrument,74,60,0,0,0,0,D5,C4,0,0,0,re,la#,0,0,0,60,C4,sib,440,/home/hsnu2/PitchBench/data/analysis_audio/pitchbench_e2_background/D5_voice_5000ms_bg_rain_snr-6db.wav,D5_voice_5000ms_bg_rain_snr-6db.wav,"This audio contains a single sustained musical note mixed with a background sound. Identify the PITCH of the note, ignoring the background. What is the MIDI note number (an integer from 0 to 127)? Reply with ONLY the integer. Nothing else. Output only the answer.","This audio contains a single sustained musical note mixed with a background sound. Identify the PITCH of the note, ignoring the background. What is the note name and octave? Reply with ONLY the note name in Scientific Pitch Notation (e.g. C4, F#3, Bb5). Nothing else. Output only the answer.","This audio contains a single sustained musical note mixed with a background sound. Identify the PITCH of the note, ignoring the background. What is the solfege syllable and accidental (if needed) of this pitch? Use fixed-do (do=C, re=D, mi=E, fa=F, sol=G, la=A, si=B). Include sharps or flats when needed (e.g. do#, reb, fa#, sib). Do NOT include the octave. Reply with ONLY the syllable and accidental (if needed). Nothing else. Output only the answer.","This audio contains a single sustained musical note mixed with a background sound. Identify the PITCH of the note, ignoring the background. What is the main pitch frequency, expressed in Hertz? Reply with ONLY a number (the frequency in Hz). Nothing else. Output only the answer."
5000,street-noise,-6.0,voice,instrument,74,60,0,0,0,0,D5,D2,0,1,0,re,la#,0,0,0,60,D2,sib,110,/home/hsnu2/PitchBench/data/analysis_audio/pitchbench_e2_background/D5_voice_5000ms_bg_street-noise_snr-6db.wav,D5_voice_5000ms_bg_street-noise_snr-6db.wav,"This audio contains a single sustained musical note mixed with a background sound. Identify the PITCH of the note, ignoring the background. What is the MIDI note number (an integer from 0 to 127)? Reply with ONLY the integer. Nothing else. Output only the answer.","This audio contains a single sustained musical note mixed with a background sound. Identify the PITCH of the note, ignoring the background. What is the note name and octave? Reply with ONLY the note name in Scientific Pitch Notation (e.g. C4, F#3, Bb5). Nothing else. Output only the answer.","This audio contains a single sustained musical note mixed with a background sound. Identify the PITCH of the note, ignoring the background. What is the solfege syllable and accidental (if needed) of this pitch? Use fixed-do (do=C, re=D, mi=E, fa=F, sol=G, la=A, si=B). Include sharps or flats when needed (e.g. do#, reb, fa#, sib). Do NOT include the octave. Reply with ONLY the syllable and accidental (if needed). Nothing else. Output only the answer.","This audio contains a single sustained musical note mixed with a background sound. Identify the PITCH of the note, ignoring the background. What is the main pitch frequency, expressed in Hertz? Reply with ONLY a number (the frequency in Hz). Nothing else. Output only the answer."
5000,oscillating-high-and-low-pitches,-6.0,voice,instrument,74,81,0,0,0,1,D5,A4,0,0,0,re,la#,0,0,0,81,A4,la#,1000,/home/hsnu2/PitchBench/data/analysis_audio/pitchbench_e2_background/D5_voice_5000ms_bg_oscillating-high-and-low-pitches_snr-6db.wav,D5_voice_5000ms_bg_oscillating-high-and-low-pitches_snr-6db.wav,"This audio contains a single sustained musical note mixed with a background sound. Identify the PITCH of the note, ignoring the background. What is the MIDI note number (an integer from 0 to 127)? Reply with ONLY the integer. Nothing else. Output only the answer.","This audio contains a single sustained musical note mixed with a background sound. Identify the PITCH of the note, ignoring the background. What is the note name and octave? Reply with ONLY the note name in Scientific Pitch Notation (e.g. C4, F#3, Bb5). Nothing else. Output only the answer.","This audio contains a single sustained musical note mixed with a background sound. Identify the PITCH of the note, ignoring the background. What is the solfege syllable and accidental (if needed) of this pitch? Use fixed-do (do=C, re=D, mi=E, fa=F, sol=G, la=A, si=B). Include sharps or flats when needed (e.g. do#, reb, fa#, sib). Do NOT include the octave. Reply with ONLY the syllable and accidental (if needed). Nothing else. Output only the answer.","This audio contains a single sustained musical note mixed with a background sound. Identify the PITCH of the note, ignoring the background. What is the main pitch frequency, expressed in Hertz? Reply with ONLY a number (the frequency in Hz). Nothing else. Output only the answer."
5000,white_noise,-6.0,voice,instrument,83,60,0,0,0,0,B5,C4,0,0,0,si,la#,0,0,0,60,C4,la#,1000,/home/hsnu2/PitchBench/data/analysis_audio/pitchbench_e2_background/B5_voice_5000ms_bg_white_noise_snr-6db.wav,B5_voice_5000ms_bg_white_noise_snr-6db.wav,"This audio contains a single sustained musical note mixed with a background sound. Identify the PITCH of the note, ignoring the background. What is the MIDI note number (an integer from 0 to 127)? Reply with ONLY the integer. Nothing else. Output only the answer.","This audio contains a single sustained musical note mixed with a background sound. Identify the PITCH of the note, ignoring the background. What is the note name and octave? Reply with ONLY the note name in Scientific Pitch Notation (e.g. C4, F#3, Bb5). Nothing else. Output only the answer.","This audio contains a single sustained musical note mixed with a background sound. Identify the PITCH of the note, ignoring the background. What is the solfege syllable and accidental (if needed) of this pitch? Use fixed-do (do=C, re=D, mi=E, fa=F, sol=G, la=A, si=B). Include sharps or flats when needed (e.g. do#, reb, fa#, sib). Do NOT include the octave. Reply with ONLY the syllable and accidental (if needed). Nothing else. Output only the answer.","This audio contains a single sustained musical note mixed with a background sound. Identify the PITCH of the note, ignoring the background. What is the main pitch frequency, expressed in Hertz? Reply with ONLY a number (the frequency in Hz). Nothing else. Output only the answer."
5000,church-bells,-6.0,voice,instrument,83,60,0,0,0,0,B5,A4,0,0,0,si,la#,0,0,0,60,A4,la#,440,/home/hsnu2/PitchBench/data/analysis_audio/pitchbench_e2_background/B5_voice_5000ms_bg_church-bells_snr-6db.wav,B5_voice_5000ms_bg_church-bells_snr-6db.wav,"This audio contains a single sustained musical note mixed with a background sound. Identify the PITCH of the note, ignoring the background. What is the MIDI note number (an integer from 0 to 127)? Reply with ONLY the integer. Nothing else. Output only the answer.","This audio contains a single sustained musical note mixed with a background sound. Identify the PITCH of the note, ignoring the background. What is the note name and octave? Reply with ONLY the note name in Scientific Pitch Notation (e.g. C4, F#3, Bb5). Nothing else. Output only the answer.","This audio contains a single sustained musical note mixed with a background sound. Identify the PITCH of the note, ignoring the background. What is the solfege syllable and accidental (if needed) of this pitch? Use fixed-do (do=C, re=D, mi=E, fa=F, sol=G, la=A, si=B). Include sharps or flats when needed (e.g. do#, reb, fa#, sib). Do NOT include the octave. Reply with ONLY the syllable and accidental (if needed). Nothing else. Output only the answer.","This audio contains a single sustained musical note mixed with a background sound. Identify the PITCH of the note, ignoring the background. What is the main pitch frequency, expressed in Hertz? Reply with ONLY a number (the frequency in Hz). Nothing else. Output only the answer."
5000,crowd-noise,-6.0,voice,instrument,83,60,0,0,0,0,B5,G4,0,0,0,si,la#,0,0,0,60,G4,la#,400,/home/hsnu2/PitchBench/data/analysis_audio/pitchbench_e2_background/B5_voice_5000ms_bg_crowd-noise_snr-6db.wav,B5_voice_5000ms_bg_crowd-noise_snr-6db.wav,"This audio contains a single sustained musical note mixed with a background sound. Identify the PITCH of the note, ignoring the background. What is the MIDI note number (an integer from 0 to 127)? Reply with ONLY the integer. Nothing else. Output only the answer.","This audio contains a single sustained musical note mixed with a background sound. Identify the PITCH of the note, ignoring the background. What is the note name and octave? Reply with ONLY the note name in Scientific Pitch Notation (e.g. C4, F#3, Bb5). Nothing else. Output only the answer.","This audio contains a single sustained musical note mixed with a background sound. Identify the PITCH of the note, ignoring the background. What is the solfege syllable and accidental (if needed) of this pitch? Use fixed-do (do=C, re=D, mi=E, fa=F, sol=G, la=A, si=B). Include sharps or flats when needed (e.g. do#, reb, fa#, sib). Do NOT include the octave. Reply with ONLY the syllable and accidental (if needed). Nothing else. Output only the answer.","This audio contains a single sustained musical note mixed with a background sound. Identify the PITCH of the note, ignoring the background. What is the main pitch frequency, expressed in Hertz? Reply with ONLY a number (the frequency in Hz). Nothing else. Output only the answer."
5000,rain,-6.0,voice,instrument,83,60,0,0,0,0,B5,C4,0,0,0,si,sol#,0,0,0,60,C4,sol#,1000,/home/hsnu2/PitchBench/data/analysis_audio/pitchbench_e2_background/B5_voice_5000ms_bg_rain_snr-6db.wav,B5_voice_5000ms_bg_rain_snr-6db.wav,"This audio contains a single sustained musical note mixed with a background sound. Identify the PITCH of the note, ignoring the background. What is the MIDI note number (an integer from 0 to 127)? Reply with ONLY the integer. Nothing else. Output only the answer.","This audio contains a single sustained musical note mixed with a background sound. Identify the PITCH of the note, ignoring the background. What is the note name and octave? Reply with ONLY the note name in Scientific Pitch Notation (e.g. C4, F#3, Bb5). Nothing else. Output only the answer.","This audio contains a single sustained musical note mixed with a background sound. Identify the PITCH of the note, ignoring the background. What is the solfege syllable and accidental (if needed) of this pitch? Use fixed-do (do=C, re=D, mi=E, fa=F, sol=G, la=A, si=B). Include sharps or flats when needed (e.g. do#, reb, fa#, sib). Do NOT include the octave. Reply with ONLY the syllable and accidental (if needed). Nothing else. Output only the answer.","This audio contains a single sustained musical note mixed with a background sound. Identify the PITCH of the note, ignoring the background. What is the main pitch frequency, expressed in Hertz? Reply with ONLY a number (the frequency in Hz). Nothing else. Output only the answer."
5000,street-noise,-6.0,voice,instrument,83,60,0,0,0,0,B5,D4,0,0,0,si,la#,0,0,0,60,D4,sib,146.83,/home/hsnu2/PitchBench/data/analysis_audio/pitchbench_e2_background/B5_voice_5000ms_bg_street-noise_snr-6db.wav,B5_voice_5000ms_bg_street-noise_snr-6db.wav,"This audio contains a single sustained musical note mixed with a background sound. Identify the PITCH of the note, ignoring the background. What is the MIDI note number (an integer from 0 to 127)? Reply with ONLY the integer. Nothing else. Output only the answer.","This audio contains a single sustained musical note mixed with a background sound. Identify the PITCH of the note, ignoring the background. What is the note name and octave? Reply with ONLY the note name in Scientific Pitch Notation (e.g. C4, F#3, Bb5). Nothing else. Output only the answer.","This audio contains a single sustained musical note mixed with a background sound. Identify the PITCH of the note, ignoring the background. What is the solfege syllable and accidental (if needed) of this pitch? Use fixed-do (do=C, re=D, mi=E, fa=F, sol=G, la=A, si=B). Include sharps or flats when needed (e.g. do#, reb, fa#, sib). Do NOT include the octave. Reply with ONLY the syllable and accidental (if needed). Nothing else. Output only the answer.","This audio contains a single sustained musical note mixed with a background sound. Identify the PITCH of the note, ignoring the background. What is the main pitch frequency, expressed in Hertz? Reply with ONLY a number (the frequency in Hz). Nothing else. Output only the answer."
5000,oscillating-high-and-low-pitches,-6.0,voice,instrument,83,60,0,0,0,0,B5,G#5,0,0,1,si,la#,0,0,0,60,G#5,sib,1000,/home/hsnu2/PitchBench/data/analysis_audio/pitchbench_e2_background/B5_voice_5000ms_bg_oscillating-high-and-low-pitches_snr-6db.wav,B5_voice_5000ms_bg_oscillating-high-and-low-pitches_snr-6db.wav,"This audio contains a single sustained musical note mixed with a background sound. Identify the PITCH of the note, ignoring the background. What is the MIDI note number (an integer from 0 to 127)? Reply with ONLY the integer. Nothing else. Output only the answer.","This audio contains a single sustained musical note mixed with a background sound. Identify the PITCH of the note, ignoring the background. What is the note name and octave? Reply with ONLY the note name in Scientific Pitch Notation (e.g. C4, F#3, Bb5). Nothing else. Output only the answer.","This audio contains a single sustained musical note mixed with a background sound. Identify the PITCH of the note, ignoring the background. What is the solfege syllable and accidental (if needed) of this pitch? Use fixed-do (do=C, re=D, mi=E, fa=F, sol=G, la=A, si=B). Include sharps or flats when needed (e.g. do#, reb, fa#, sib). Do NOT include the octave. Reply with ONLY the syllable and accidental (if needed). Nothing else. Output only the answer.","This audio contains a single sustained musical note mixed with a background sound. Identify the PITCH of the note, ignoring the background. What is the main pitch frequency, expressed in Hertz? Reply with ONLY a number (the frequency in Hz). Nothing else. Output only the answer."
