ref_midi,interval,ref_wav,source,source_type,midi_gt,midi_pred,midi_correct,midi_within_1,midi_pc_correct,midi_octave_correct,spn_gt,spn_pred,spn_correct,spn_pc_correct,spn_octave_correct,doremi_gt,doremi_pred,doremi_correct,hz_gt,hz_pred,hz_correct,any_correct,hz_abs_error,hz_ratio,abc_gt,abc_pred,abc_correct,raw_midi,raw_spn,raw_doremi,raw_hz,audio_url,audio_file,prompt_midi,prompt_spn,prompt_doremi,prompt_hz
69,-12,data/analysis_audio/pitchbench_d7b_pitch_with_reference_split/A4_sine_5000ms.wav,sine,waveform,57,2,0,0,0,0,A3,,0,0,0,la,,0,220.0,,0,0,,,A3,,0,The MIDI note number of Audio 2 is 72.,,,,data/analysis_audio/pitchbench_d7b_pitch_with_reference_split/A3_sine_5000ms.wav,A3_sine_5000ms.wav,"You will hear two audios. Audio 1 is a reference tone whose MIDI note number is 69. Audio 2 is the target tone. What is the MIDI note number of Audio 2? Reply with ONLY the integer.
Audio 1: <AUDIO1>
Audio 2: <AUDIO2>","You will hear two audios. Audio 1 is a reference tone — note name A4. Audio 2 is the target tone. What is the note name and octave of Audio 2, e.g. C4, F#3? Reply with ONLY the note name in Scientific Pitch Notation.
Audio 1: <AUDIO1>
Audio 2: <AUDIO2>","You will hear two audios. Audio 1 is a reference tone — solfège syllable 'la' (fixed-do: do=C re=D mi=E fa=F sol=G la=A si=B). Audio 2 is the target tone. What is the solfège syllable and accidental (if needed) of Audio 2? Reply with ONLY the syllable and accidental.
Audio 1: <AUDIO1>
Audio 2: <AUDIO2>","You will hear two audios. Audio 1 is a reference tone at 440.00 Hz. Audio 2 is the target tone. What is the pitch frequency of Audio 2 in Hertz? Reply with ONLY a number (the frequency in Hz).
Audio 1: <AUDIO1>
Audio 2: <AUDIO2>"
69,-12,data/analysis_audio/pitchbench_d7b_pitch_with_reference_split/A4_synth_lead_5000ms.wav,synth_lead,instrument,57,72,0,0,0,0,A3,,0,0,0,la,,0,220.0,,0,0,,,A3,,0,72,,,,data/analysis_audio/pitchbench_d7b_pitch_with_reference_split/A3_synth_lead_5000ms.wav,A3_synth_lead_5000ms.wav,"You will hear two audios. Audio 1 is a reference tone whose MIDI note number is 69. Audio 2 is the target tone. What is the MIDI note number of Audio 2? Reply with ONLY the integer.
Audio 1: <AUDIO1>
Audio 2: <AUDIO2>","You will hear two audios. Audio 1 is a reference tone — note name A4. Audio 2 is the target tone. What is the note name and octave of Audio 2, e.g. C4, F#3? Reply with ONLY the note name in Scientific Pitch Notation.
Audio 1: <AUDIO1>
Audio 2: <AUDIO2>","You will hear two audios. Audio 1 is a reference tone — solfège syllable 'la' (fixed-do: do=C re=D mi=E fa=F sol=G la=A si=B). Audio 2 is the target tone. What is the solfège syllable and accidental (if needed) of Audio 2? Reply with ONLY the syllable and accidental.
Audio 1: <AUDIO1>
Audio 2: <AUDIO2>","You will hear two audios. Audio 1 is a reference tone at 440.00 Hz. Audio 2 is the target tone. What is the pitch frequency of Audio 2 in Hertz? Reply with ONLY a number (the frequency in Hz).
Audio 1: <AUDIO1>
Audio 2: <AUDIO2>"
69,-12,data/analysis_audio/pitchbench_d7b_pitch_with_reference_split/A4_cello_5000ms.wav,cello,instrument,57,64,0,0,0,0,A3,,0,0,0,la,,0,220.0,,0,0,,,A3,,0,64,,,,data/analysis_audio/pitchbench_d7b_pitch_with_reference_split/A3_cello_5000ms.wav,A3_cello_5000ms.wav,"You will hear two audios. Audio 1 is a reference tone whose MIDI note number is 69. Audio 2 is the target tone. What is the MIDI note number of Audio 2? Reply with ONLY the integer.
Audio 1: <AUDIO1>
Audio 2: <AUDIO2>","You will hear two audios. Audio 1 is a reference tone — note name A4. Audio 2 is the target tone. What is the note name and octave of Audio 2, e.g. C4, F#3? Reply with ONLY the note name in Scientific Pitch Notation.
Audio 1: <AUDIO1>
Audio 2: <AUDIO2>","You will hear two audios. Audio 1 is a reference tone — solfège syllable 'la' (fixed-do: do=C re=D mi=E fa=F sol=G la=A si=B). Audio 2 is the target tone. What is the solfège syllable and accidental (if needed) of Audio 2? Reply with ONLY the syllable and accidental.
Audio 1: <AUDIO1>
Audio 2: <AUDIO2>","You will hear two audios. Audio 1 is a reference tone at 440.00 Hz. Audio 2 is the target tone. What is the pitch frequency of Audio 2 in Hertz? Reply with ONLY a number (the frequency in Hz).
Audio 1: <AUDIO1>
Audio 2: <AUDIO2>"
69,-12,data/analysis_audio/pitchbench_d7b_pitch_with_reference_split/A4_flute_5000ms.wav,flute,instrument,57,72,0,0,0,0,A3,,0,0,0,la,,0,220.0,,0,0,,,A3,,0,72,,,,data/analysis_audio/pitchbench_d7b_pitch_with_reference_split/A3_flute_5000ms.wav,A3_flute_5000ms.wav,"You will hear two audios. Audio 1 is a reference tone whose MIDI note number is 69. Audio 2 is the target tone. What is the MIDI note number of Audio 2? Reply with ONLY the integer.
Audio 1: <AUDIO1>
Audio 2: <AUDIO2>","You will hear two audios. Audio 1 is a reference tone — note name A4. Audio 2 is the target tone. What is the note name and octave of Audio 2, e.g. C4, F#3? Reply with ONLY the note name in Scientific Pitch Notation.
Audio 1: <AUDIO1>
Audio 2: <AUDIO2>","You will hear two audios. Audio 1 is a reference tone — solfège syllable 'la' (fixed-do: do=C re=D mi=E fa=F sol=G la=A si=B). Audio 2 is the target tone. What is the solfège syllable and accidental (if needed) of Audio 2? Reply with ONLY the syllable and accidental.
Audio 1: <AUDIO1>
Audio 2: <AUDIO2>","You will hear two audios. Audio 1 is a reference tone at 440.00 Hz. Audio 2 is the target tone. What is the pitch frequency of Audio 2 in Hertz? Reply with ONLY a number (the frequency in Hz).
Audio 1: <AUDIO1>
Audio 2: <AUDIO2>"
69,-12,data/analysis_audio/pitchbench_d7b_pitch_with_reference_split/A4_piano_5000ms.wav,piano,instrument,57,72,0,0,0,0,A3,,0,0,0,la,,0,220.0,,0,0,,,A3,,0,72,,,,data/analysis_audio/pitchbench_d7b_pitch_with_reference_split/A3_piano_5000ms.wav,A3_piano_5000ms.wav,"You will hear two audios. Audio 1 is a reference tone whose MIDI note number is 69. Audio 2 is the target tone. What is the MIDI note number of Audio 2? Reply with ONLY the integer.
Audio 1: <AUDIO1>
Audio 2: <AUDIO2>","You will hear two audios. Audio 1 is a reference tone — note name A4. Audio 2 is the target tone. What is the note name and octave of Audio 2, e.g. C4, F#3? Reply with ONLY the note name in Scientific Pitch Notation.
Audio 1: <AUDIO1>
Audio 2: <AUDIO2>","You will hear two audios. Audio 1 is a reference tone — solfège syllable 'la' (fixed-do: do=C re=D mi=E fa=F sol=G la=A si=B). Audio 2 is the target tone. What is the solfège syllable and accidental (if needed) of Audio 2? Reply with ONLY the syllable and accidental.
Audio 1: <AUDIO1>
Audio 2: <AUDIO2>","You will hear two audios. Audio 1 is a reference tone at 440.00 Hz. Audio 2 is the target tone. What is the pitch frequency of Audio 2 in Hertz? Reply with ONLY a number (the frequency in Hz).
Audio 1: <AUDIO1>
Audio 2: <AUDIO2>"
69,-12,data/analysis_audio/pitchbench_d7b_pitch_with_reference_split/A4_voice_5000ms.wav,voice,instrument,57,64,0,0,0,0,A3,,0,0,0,la,,0,220.0,,0,0,,,A3,,0,64,,,,data/analysis_audio/pitchbench_d7b_pitch_with_reference_split/A3_voice_5000ms.wav,A3_voice_5000ms.wav,"You will hear two audios. Audio 1 is a reference tone whose MIDI note number is 69. Audio 2 is the target tone. What is the MIDI note number of Audio 2? Reply with ONLY the integer.
Audio 1: <AUDIO1>
Audio 2: <AUDIO2>","You will hear two audios. Audio 1 is a reference tone — note name A4. Audio 2 is the target tone. What is the note name and octave of Audio 2, e.g. C4, F#3? Reply with ONLY the note name in Scientific Pitch Notation.
Audio 1: <AUDIO1>
Audio 2: <AUDIO2>","You will hear two audios. Audio 1 is a reference tone — solfège syllable 'la' (fixed-do: do=C re=D mi=E fa=F sol=G la=A si=B). Audio 2 is the target tone. What is the solfège syllable and accidental (if needed) of Audio 2? Reply with ONLY the syllable and accidental.
Audio 1: <AUDIO1>
Audio 2: <AUDIO2>","You will hear two audios. Audio 1 is a reference tone at 440.00 Hz. Audio 2 is the target tone. What is the pitch frequency of Audio 2 in Hertz? Reply with ONLY a number (the frequency in Hz).
Audio 1: <AUDIO1>
Audio 2: <AUDIO2>"
69,-7,data/analysis_audio/pitchbench_d7b_pitch_with_reference_split/A4_sine_5000ms.wav,sine,waveform,62,72,0,0,0,0,D4,,0,0,0,re,,0,293.6648,,0,0,,,D4,,0,72,,,,data/analysis_audio/pitchbench_d7b_pitch_with_reference_split/D4_sine_5000ms.wav,D4_sine_5000ms.wav,"You will hear two audios. Audio 1 is a reference tone whose MIDI note number is 69. Audio 2 is the target tone. What is the MIDI note number of Audio 2? Reply with ONLY the integer.
Audio 1: <AUDIO1>
Audio 2: <AUDIO2>","You will hear two audios. Audio 1 is a reference tone — note name A4. Audio 2 is the target tone. What is the note name and octave of Audio 2, e.g. C4, F#3? Reply with ONLY the note name in Scientific Pitch Notation.
Audio 1: <AUDIO1>
Audio 2: <AUDIO2>","You will hear two audios. Audio 1 is a reference tone — solfège syllable 'la' (fixed-do: do=C re=D mi=E fa=F sol=G la=A si=B). Audio 2 is the target tone. What is the solfège syllable and accidental (if needed) of Audio 2? Reply with ONLY the syllable and accidental.
Audio 1: <AUDIO1>
Audio 2: <AUDIO2>","You will hear two audios. Audio 1 is a reference tone at 440.00 Hz. Audio 2 is the target tone. What is the pitch frequency of Audio 2 in Hertz? Reply with ONLY a number (the frequency in Hz).
Audio 1: <AUDIO1>
Audio 2: <AUDIO2>"
69,-7,data/analysis_audio/pitchbench_d7b_pitch_with_reference_split/A4_synth_lead_5000ms.wav,synth_lead,instrument,62,72,0,0,0,0,D4,,0,0,0,re,,0,293.6648,,0,0,,,D4,,0,72,,,,data/analysis_audio/pitchbench_d7b_pitch_with_reference_split/D4_synth_lead_5000ms.wav,D4_synth_lead_5000ms.wav,"You will hear two audios. Audio 1 is a reference tone whose MIDI note number is 69. Audio 2 is the target tone. What is the MIDI note number of Audio 2? Reply with ONLY the integer.
Audio 1: <AUDIO1>
Audio 2: <AUDIO2>","You will hear two audios. Audio 1 is a reference tone — note name A4. Audio 2 is the target tone. What is the note name and octave of Audio 2, e.g. C4, F#3? Reply with ONLY the note name in Scientific Pitch Notation.
Audio 1: <AUDIO1>
Audio 2: <AUDIO2>","You will hear two audios. Audio 1 is a reference tone — solfège syllable 'la' (fixed-do: do=C re=D mi=E fa=F sol=G la=A si=B). Audio 2 is the target tone. What is the solfège syllable and accidental (if needed) of Audio 2? Reply with ONLY the syllable and accidental.
Audio 1: <AUDIO1>
Audio 2: <AUDIO2>","You will hear two audios. Audio 1 is a reference tone at 440.00 Hz. Audio 2 is the target tone. What is the pitch frequency of Audio 2 in Hertz? Reply with ONLY a number (the frequency in Hz).
Audio 1: <AUDIO1>
Audio 2: <AUDIO2>"
69,-7,data/analysis_audio/pitchbench_d7b_pitch_with_reference_split/A4_cello_5000ms.wav,cello,instrument,62,72,0,0,0,0,D4,,0,0,0,re,,0,293.6648,,0,0,,,D4,,0,72,,,,data/analysis_audio/pitchbench_d7b_pitch_with_reference_split/D4_cello_5000ms.wav,D4_cello_5000ms.wav,"You will hear two audios. Audio 1 is a reference tone whose MIDI note number is 69. Audio 2 is the target tone. What is the MIDI note number of Audio 2? Reply with ONLY the integer.
Audio 1: <AUDIO1>
Audio 2: <AUDIO2>","You will hear two audios. Audio 1 is a reference tone — note name A4. Audio 2 is the target tone. What is the note name and octave of Audio 2, e.g. C4, F#3? Reply with ONLY the note name in Scientific Pitch Notation.
Audio 1: <AUDIO1>
Audio 2: <AUDIO2>","You will hear two audios. Audio 1 is a reference tone — solfège syllable 'la' (fixed-do: do=C re=D mi=E fa=F sol=G la=A si=B). Audio 2 is the target tone. What is the solfège syllable and accidental (if needed) of Audio 2? Reply with ONLY the syllable and accidental.
Audio 1: <AUDIO1>
Audio 2: <AUDIO2>","You will hear two audios. Audio 1 is a reference tone at 440.00 Hz. Audio 2 is the target tone. What is the pitch frequency of Audio 2 in Hertz? Reply with ONLY a number (the frequency in Hz).
Audio 1: <AUDIO1>
Audio 2: <AUDIO2>"
69,-7,data/analysis_audio/pitchbench_d7b_pitch_with_reference_split/A4_flute_5000ms.wav,flute,instrument,62,69,0,0,0,1,D4,,0,0,0,re,,0,293.6648,,0,0,,,D4,,0,"The reference tone corresponds to MIDI note number 69, which is the note A4 (440 Hz). The target tone sounds like it is one whole step higher, which corresponds to a MIDI note number of 71.",,,,data/analysis_audio/pitchbench_d7b_pitch_with_reference_split/D4_flute_5000ms.wav,D4_flute_5000ms.wav,"You will hear two audios. Audio 1 is a reference tone whose MIDI note number is 69. Audio 2 is the target tone. What is the MIDI note number of Audio 2? Reply with ONLY the integer.
Audio 1: <AUDIO1>
Audio 2: <AUDIO2>","You will hear two audios. Audio 1 is a reference tone — note name A4. Audio 2 is the target tone. What is the note name and octave of Audio 2, e.g. C4, F#3? Reply with ONLY the note name in Scientific Pitch Notation.
Audio 1: <AUDIO1>
Audio 2: <AUDIO2>","You will hear two audios. Audio 1 is a reference tone — solfège syllable 'la' (fixed-do: do=C re=D mi=E fa=F sol=G la=A si=B). Audio 2 is the target tone. What is the solfège syllable and accidental (if needed) of Audio 2? Reply with ONLY the syllable and accidental.
Audio 1: <AUDIO1>
Audio 2: <AUDIO2>","You will hear two audios. Audio 1 is a reference tone at 440.00 Hz. Audio 2 is the target tone. What is the pitch frequency of Audio 2 in Hertz? Reply with ONLY a number (the frequency in Hz).
Audio 1: <AUDIO1>
Audio 2: <AUDIO2>"
69,-7,data/analysis_audio/pitchbench_d7b_pitch_with_reference_split/A4_piano_5000ms.wav,piano,instrument,62,7,0,0,0,0,D4,,0,0,0,re,,0,293.6648,,0,0,,,D4,,0,"The target tone is 7 semitones higher than the reference tone. The reference tone is MIDI note number 69, so the target tone is 69 + 7 = 76. 

76",,,,data/analysis_audio/pitchbench_d7b_pitch_with_reference_split/D4_piano_5000ms.wav,D4_piano_5000ms.wav,"You will hear two audios. Audio 1 is a reference tone whose MIDI note number is 69. Audio 2 is the target tone. What is the MIDI note number of Audio 2? Reply with ONLY the integer.
Audio 1: <AUDIO1>
Audio 2: <AUDIO2>","You will hear two audios. Audio 1 is a reference tone — note name A4. Audio 2 is the target tone. What is the note name and octave of Audio 2, e.g. C4, F#3? Reply with ONLY the note name in Scientific Pitch Notation.
Audio 1: <AUDIO1>
Audio 2: <AUDIO2>","You will hear two audios. Audio 1 is a reference tone — solfège syllable 'la' (fixed-do: do=C re=D mi=E fa=F sol=G la=A si=B). Audio 2 is the target tone. What is the solfège syllable and accidental (if needed) of Audio 2? Reply with ONLY the syllable and accidental.
Audio 1: <AUDIO1>
Audio 2: <AUDIO2>","You will hear two audios. Audio 1 is a reference tone at 440.00 Hz. Audio 2 is the target tone. What is the pitch frequency of Audio 2 in Hertz? Reply with ONLY a number (the frequency in Hz).
Audio 1: <AUDIO1>
Audio 2: <AUDIO2>"
69,-7,data/analysis_audio/pitchbench_d7b_pitch_with_reference_split/A4_voice_5000ms.wav,voice,instrument,62,72,0,0,0,0,D4,,0,0,0,re,,0,293.6648,,0,0,,,D4,,0,72,,,,data/analysis_audio/pitchbench_d7b_pitch_with_reference_split/D4_voice_5000ms.wav,D4_voice_5000ms.wav,"You will hear two audios. Audio 1 is a reference tone whose MIDI note number is 69. Audio 2 is the target tone. What is the MIDI note number of Audio 2? Reply with ONLY the integer.
Audio 1: <AUDIO1>
Audio 2: <AUDIO2>","You will hear two audios. Audio 1 is a reference tone — note name A4. Audio 2 is the target tone. What is the note name and octave of Audio 2, e.g. C4, F#3? Reply with ONLY the note name in Scientific Pitch Notation.
Audio 1: <AUDIO1>
Audio 2: <AUDIO2>","You will hear two audios. Audio 1 is a reference tone — solfège syllable 'la' (fixed-do: do=C re=D mi=E fa=F sol=G la=A si=B). Audio 2 is the target tone. What is the solfège syllable and accidental (if needed) of Audio 2? Reply with ONLY the syllable and accidental.
Audio 1: <AUDIO1>
Audio 2: <AUDIO2>","You will hear two audios. Audio 1 is a reference tone at 440.00 Hz. Audio 2 is the target tone. What is the pitch frequency of Audio 2 in Hertz? Reply with ONLY a number (the frequency in Hz).
Audio 1: <AUDIO1>
Audio 2: <AUDIO2>"
69,-5,data/analysis_audio/pitchbench_d7b_pitch_with_reference_split/A4_sine_5000ms.wav,sine,waveform,64,72,0,0,0,0,E4,,0,0,0,mi,,0,329.6276,,0,0,,,E4,,0,72,,,,data/analysis_audio/pitchbench_d7b_pitch_with_reference_split/E4_sine_5000ms.wav,E4_sine_5000ms.wav,"You will hear two audios. Audio 1 is a reference tone whose MIDI note number is 69. Audio 2 is the target tone. What is the MIDI note number of Audio 2? Reply with ONLY the integer.
Audio 1: <AUDIO1>
Audio 2: <AUDIO2>","You will hear two audios. Audio 1 is a reference tone — note name A4. Audio 2 is the target tone. What is the note name and octave of Audio 2, e.g. C4, F#3? Reply with ONLY the note name in Scientific Pitch Notation.
Audio 1: <AUDIO1>
Audio 2: <AUDIO2>","You will hear two audios. Audio 1 is a reference tone — solfège syllable 'la' (fixed-do: do=C re=D mi=E fa=F sol=G la=A si=B). Audio 2 is the target tone. What is the solfège syllable and accidental (if needed) of Audio 2? Reply with ONLY the syllable and accidental.
Audio 1: <AUDIO1>
Audio 2: <AUDIO2>","You will hear two audios. Audio 1 is a reference tone at 440.00 Hz. Audio 2 is the target tone. What is the pitch frequency of Audio 2 in Hertz? Reply with ONLY a number (the frequency in Hz).
Audio 1: <AUDIO1>
Audio 2: <AUDIO2>"
69,-5,data/analysis_audio/pitchbench_d7b_pitch_with_reference_split/A4_synth_lead_5000ms.wav,synth_lead,instrument,64,72,0,0,0,0,E4,,0,0,0,mi,,0,329.6276,,0,0,,,E4,,0,72,,,,data/analysis_audio/pitchbench_d7b_pitch_with_reference_split/E4_synth_lead_5000ms.wav,E4_synth_lead_5000ms.wav,"You will hear two audios. Audio 1 is a reference tone whose MIDI note number is 69. Audio 2 is the target tone. What is the MIDI note number of Audio 2? Reply with ONLY the integer.
Audio 1: <AUDIO1>
Audio 2: <AUDIO2>","You will hear two audios. Audio 1 is a reference tone — note name A4. Audio 2 is the target tone. What is the note name and octave of Audio 2, e.g. C4, F#3? Reply with ONLY the note name in Scientific Pitch Notation.
Audio 1: <AUDIO1>
Audio 2: <AUDIO2>","You will hear two audios. Audio 1 is a reference tone — solfège syllable 'la' (fixed-do: do=C re=D mi=E fa=F sol=G la=A si=B). Audio 2 is the target tone. What is the solfège syllable and accidental (if needed) of Audio 2? Reply with ONLY the syllable and accidental.
Audio 1: <AUDIO1>
Audio 2: <AUDIO2>","You will hear two audios. Audio 1 is a reference tone at 440.00 Hz. Audio 2 is the target tone. What is the pitch frequency of Audio 2 in Hertz? Reply with ONLY a number (the frequency in Hz).
Audio 1: <AUDIO1>
Audio 2: <AUDIO2>"
69,-5,data/analysis_audio/pitchbench_d7b_pitch_with_reference_split/A4_cello_5000ms.wav,cello,instrument,64,66,0,0,0,1,E4,,0,0,0,mi,,0,329.6276,,0,0,,,E4,,0,66,,,,data/analysis_audio/pitchbench_d7b_pitch_with_reference_split/E4_cello_5000ms.wav,E4_cello_5000ms.wav,"You will hear two audios. Audio 1 is a reference tone whose MIDI note number is 69. Audio 2 is the target tone. What is the MIDI note number of Audio 2? Reply with ONLY the integer.
Audio 1: <AUDIO1>
Audio 2: <AUDIO2>","You will hear two audios. Audio 1 is a reference tone — note name A4. Audio 2 is the target tone. What is the note name and octave of Audio 2, e.g. C4, F#3? Reply with ONLY the note name in Scientific Pitch Notation.
Audio 1: <AUDIO1>
Audio 2: <AUDIO2>","You will hear two audios. Audio 1 is a reference tone — solfège syllable 'la' (fixed-do: do=C re=D mi=E fa=F sol=G la=A si=B). Audio 2 is the target tone. What is the solfège syllable and accidental (if needed) of Audio 2? Reply with ONLY the syllable and accidental.
Audio 1: <AUDIO1>
Audio 2: <AUDIO2>","You will hear two audios. Audio 1 is a reference tone at 440.00 Hz. Audio 2 is the target tone. What is the pitch frequency of Audio 2 in Hertz? Reply with ONLY a number (the frequency in Hz).
Audio 1: <AUDIO1>
Audio 2: <AUDIO2>"
69,-5,data/analysis_audio/pitchbench_d7b_pitch_with_reference_split/A4_flute_5000ms.wav,flute,instrument,64,72,0,0,0,0,E4,,0,0,0,mi,,0,329.6276,,0,0,,,E4,,0,72,,,,data/analysis_audio/pitchbench_d7b_pitch_with_reference_split/E4_flute_5000ms.wav,E4_flute_5000ms.wav,"You will hear two audios. Audio 1 is a reference tone whose MIDI note number is 69. Audio 2 is the target tone. What is the MIDI note number of Audio 2? Reply with ONLY the integer.
Audio 1: <AUDIO1>
Audio 2: <AUDIO2>","You will hear two audios. Audio 1 is a reference tone — note name A4. Audio 2 is the target tone. What is the note name and octave of Audio 2, e.g. C4, F#3? Reply with ONLY the note name in Scientific Pitch Notation.
Audio 1: <AUDIO1>
Audio 2: <AUDIO2>","You will hear two audios. Audio 1 is a reference tone — solfège syllable 'la' (fixed-do: do=C re=D mi=E fa=F sol=G la=A si=B). Audio 2 is the target tone. What is the solfège syllable and accidental (if needed) of Audio 2? Reply with ONLY the syllable and accidental.
Audio 1: <AUDIO1>
Audio 2: <AUDIO2>","You will hear two audios. Audio 1 is a reference tone at 440.00 Hz. Audio 2 is the target tone. What is the pitch frequency of Audio 2 in Hertz? Reply with ONLY a number (the frequency in Hz).
Audio 1: <AUDIO1>
Audio 2: <AUDIO2>"
69,-5,data/analysis_audio/pitchbench_d7b_pitch_with_reference_split/A4_piano_5000ms.wav,piano,instrument,64,2,0,0,0,0,E4,,0,0,0,mi,,0,329.6276,,0,0,,,E4,,0,The MIDI note number of Audio 2 is 72.,,,,data/analysis_audio/pitchbench_d7b_pitch_with_reference_split/E4_piano_5000ms.wav,E4_piano_5000ms.wav,"You will hear two audios. Audio 1 is a reference tone whose MIDI note number is 69. Audio 2 is the target tone. What is the MIDI note number of Audio 2? Reply with ONLY the integer.
Audio 1: <AUDIO1>
Audio 2: <AUDIO2>","You will hear two audios. Audio 1 is a reference tone — note name A4. Audio 2 is the target tone. What is the note name and octave of Audio 2, e.g. C4, F#3? Reply with ONLY the note name in Scientific Pitch Notation.
Audio 1: <AUDIO1>
Audio 2: <AUDIO2>","You will hear two audios. Audio 1 is a reference tone — solfège syllable 'la' (fixed-do: do=C re=D mi=E fa=F sol=G la=A si=B). Audio 2 is the target tone. What is the solfège syllable and accidental (if needed) of Audio 2? Reply with ONLY the syllable and accidental.
Audio 1: <AUDIO1>
Audio 2: <AUDIO2>","You will hear two audios. Audio 1 is a reference tone at 440.00 Hz. Audio 2 is the target tone. What is the pitch frequency of Audio 2 in Hertz? Reply with ONLY a number (the frequency in Hz).
Audio 1: <AUDIO1>
Audio 2: <AUDIO2>"
69,-5,data/analysis_audio/pitchbench_d7b_pitch_with_reference_split/A4_voice_5000ms.wav,voice,instrument,64,72,0,0,0,0,E4,,0,0,0,mi,,0,329.6276,,0,0,,,E4,,0,72,,,,data/analysis_audio/pitchbench_d7b_pitch_with_reference_split/E4_voice_5000ms.wav,E4_voice_5000ms.wav,"You will hear two audios. Audio 1 is a reference tone whose MIDI note number is 69. Audio 2 is the target tone. What is the MIDI note number of Audio 2? Reply with ONLY the integer.
Audio 1: <AUDIO1>
Audio 2: <AUDIO2>","You will hear two audios. Audio 1 is a reference tone — note name A4. Audio 2 is the target tone. What is the note name and octave of Audio 2, e.g. C4, F#3? Reply with ONLY the note name in Scientific Pitch Notation.
Audio 1: <AUDIO1>
Audio 2: <AUDIO2>","You will hear two audios. Audio 1 is a reference tone — solfège syllable 'la' (fixed-do: do=C re=D mi=E fa=F sol=G la=A si=B). Audio 2 is the target tone. What is the solfège syllable and accidental (if needed) of Audio 2? Reply with ONLY the syllable and accidental.
Audio 1: <AUDIO1>
Audio 2: <AUDIO2>","You will hear two audios. Audio 1 is a reference tone at 440.00 Hz. Audio 2 is the target tone. What is the pitch frequency of Audio 2 in Hertz? Reply with ONLY a number (the frequency in Hz).
Audio 1: <AUDIO1>
Audio 2: <AUDIO2>"
69,-4,data/analysis_audio/pitchbench_d7b_pitch_with_reference_split/A4_sine_5000ms.wav,sine,waveform,65,1,0,0,0,0,F4,,0,0,0,fa,,0,349.2282,,0,0,,,F4,,0,"The reference tone (Audio 1) corresponds to MIDI note number 69, which is the note A4 (440 Hz). The target tone (Audio 2) sounds one whole step higher, which corresponds to a difference of 2 semitones.

Therefore, the MIDI note number of Audio 2 is 69 + 2 = 71.",,,,data/analysis_audio/pitchbench_d7b_pitch_with_reference_split/F4_sine_5000ms.wav,F4_sine_5000ms.wav,"You will hear two audios. Audio 1 is a reference tone whose MIDI note number is 69. Audio 2 is the target tone. What is the MIDI note number of Audio 2? Reply with ONLY the integer.
Audio 1: <AUDIO1>
Audio 2: <AUDIO2>","You will hear two audios. Audio 1 is a reference tone — note name A4. Audio 2 is the target tone. What is the note name and octave of Audio 2, e.g. C4, F#3? Reply with ONLY the note name in Scientific Pitch Notation.
Audio 1: <AUDIO1>
Audio 2: <AUDIO2>","You will hear two audios. Audio 1 is a reference tone — solfège syllable 'la' (fixed-do: do=C re=D mi=E fa=F sol=G la=A si=B). Audio 2 is the target tone. What is the solfège syllable and accidental (if needed) of Audio 2? Reply with ONLY the syllable and accidental.
Audio 1: <AUDIO1>
Audio 2: <AUDIO2>","You will hear two audios. Audio 1 is a reference tone at 440.00 Hz. Audio 2 is the target tone. What is the pitch frequency of Audio 2 in Hertz? Reply with ONLY a number (the frequency in Hz).
Audio 1: <AUDIO1>
Audio 2: <AUDIO2>"
69,-4,data/analysis_audio/pitchbench_d7b_pitch_with_reference_split/A4_synth_lead_5000ms.wav,synth_lead,instrument,65,63,0,0,0,1,F4,,0,0,0,fa,,0,349.2282,,0,0,,,F4,,0,63,,,,data/analysis_audio/pitchbench_d7b_pitch_with_reference_split/F4_synth_lead_5000ms.wav,F4_synth_lead_5000ms.wav,"You will hear two audios. Audio 1 is a reference tone whose MIDI note number is 69. Audio 2 is the target tone. What is the MIDI note number of Audio 2? Reply with ONLY the integer.
Audio 1: <AUDIO1>
Audio 2: <AUDIO2>","You will hear two audios. Audio 1 is a reference tone — note name A4. Audio 2 is the target tone. What is the note name and octave of Audio 2, e.g. C4, F#3? Reply with ONLY the note name in Scientific Pitch Notation.
Audio 1: <AUDIO1>
Audio 2: <AUDIO2>","You will hear two audios. Audio 1 is a reference tone — solfège syllable 'la' (fixed-do: do=C re=D mi=E fa=F sol=G la=A si=B). Audio 2 is the target tone. What is the solfège syllable and accidental (if needed) of Audio 2? Reply with ONLY the syllable and accidental.
Audio 1: <AUDIO1>
Audio 2: <AUDIO2>","You will hear two audios. Audio 1 is a reference tone at 440.00 Hz. Audio 2 is the target tone. What is the pitch frequency of Audio 2 in Hertz? Reply with ONLY a number (the frequency in Hz).
Audio 1: <AUDIO1>
Audio 2: <AUDIO2>"
69,-4,data/analysis_audio/pitchbench_d7b_pitch_with_reference_split/A4_cello_5000ms.wav,cello,instrument,65,2,0,0,0,0,F4,,0,0,0,fa,,0,349.2282,,0,0,,,F4,,0,The target tone in Audio 2 is 72.,,,,data/analysis_audio/pitchbench_d7b_pitch_with_reference_split/F4_cello_5000ms.wav,F4_cello_5000ms.wav,"You will hear two audios. Audio 1 is a reference tone whose MIDI note number is 69. Audio 2 is the target tone. What is the MIDI note number of Audio 2? Reply with ONLY the integer.
Audio 1: <AUDIO1>
Audio 2: <AUDIO2>","You will hear two audios. Audio 1 is a reference tone — note name A4. Audio 2 is the target tone. What is the note name and octave of Audio 2, e.g. C4, F#3? Reply with ONLY the note name in Scientific Pitch Notation.
Audio 1: <AUDIO1>
Audio 2: <AUDIO2>","You will hear two audios. Audio 1 is a reference tone — solfège syllable 'la' (fixed-do: do=C re=D mi=E fa=F sol=G la=A si=B). Audio 2 is the target tone. What is the solfège syllable and accidental (if needed) of Audio 2? Reply with ONLY the syllable and accidental.
Audio 1: <AUDIO1>
Audio 2: <AUDIO2>","You will hear two audios. Audio 1 is a reference tone at 440.00 Hz. Audio 2 is the target tone. What is the pitch frequency of Audio 2 in Hertz? Reply with ONLY a number (the frequency in Hz).
Audio 1: <AUDIO1>
Audio 2: <AUDIO2>"
69,-4,data/analysis_audio/pitchbench_d7b_pitch_with_reference_split/A4_flute_5000ms.wav,flute,instrument,65,72,0,0,0,0,F4,,0,0,0,fa,,0,349.2282,,0,0,,,F4,,0,72,,,,data/analysis_audio/pitchbench_d7b_pitch_with_reference_split/F4_flute_5000ms.wav,F4_flute_5000ms.wav,"You will hear two audios. Audio 1 is a reference tone whose MIDI note number is 69. Audio 2 is the target tone. What is the MIDI note number of Audio 2? Reply with ONLY the integer.
Audio 1: <AUDIO1>
Audio 2: <AUDIO2>","You will hear two audios. Audio 1 is a reference tone — note name A4. Audio 2 is the target tone. What is the note name and octave of Audio 2, e.g. C4, F#3? Reply with ONLY the note name in Scientific Pitch Notation.
Audio 1: <AUDIO1>
Audio 2: <AUDIO2>","You will hear two audios. Audio 1 is a reference tone — solfège syllable 'la' (fixed-do: do=C re=D mi=E fa=F sol=G la=A si=B). Audio 2 is the target tone. What is the solfège syllable and accidental (if needed) of Audio 2? Reply with ONLY the syllable and accidental.
Audio 1: <AUDIO1>
Audio 2: <AUDIO2>","You will hear two audios. Audio 1 is a reference tone at 440.00 Hz. Audio 2 is the target tone. What is the pitch frequency of Audio 2 in Hertz? Reply with ONLY a number (the frequency in Hz).
Audio 1: <AUDIO1>
Audio 2: <AUDIO2>"
69,-4,data/analysis_audio/pitchbench_d7b_pitch_with_reference_split/A4_piano_5000ms.wav,piano,instrument,65,2,0,0,0,0,F4,,0,0,0,fa,,0,349.2282,,0,0,,,F4,,0,The MIDI note number of Audio 2 is 72.,,,,data/analysis_audio/pitchbench_d7b_pitch_with_reference_split/F4_piano_5000ms.wav,F4_piano_5000ms.wav,"You will hear two audios. Audio 1 is a reference tone whose MIDI note number is 69. Audio 2 is the target tone. What is the MIDI note number of Audio 2? Reply with ONLY the integer.
Audio 1: <AUDIO1>
Audio 2: <AUDIO2>","You will hear two audios. Audio 1 is a reference tone — note name A4. Audio 2 is the target tone. What is the note name and octave of Audio 2, e.g. C4, F#3? Reply with ONLY the note name in Scientific Pitch Notation.
Audio 1: <AUDIO1>
Audio 2: <AUDIO2>","You will hear two audios. Audio 1 is a reference tone — solfège syllable 'la' (fixed-do: do=C re=D mi=E fa=F sol=G la=A si=B). Audio 2 is the target tone. What is the solfège syllable and accidental (if needed) of Audio 2? Reply with ONLY the syllable and accidental.
Audio 1: <AUDIO1>
Audio 2: <AUDIO2>","You will hear two audios. Audio 1 is a reference tone at 440.00 Hz. Audio 2 is the target tone. What is the pitch frequency of Audio 2 in Hertz? Reply with ONLY a number (the frequency in Hz).
Audio 1: <AUDIO1>
Audio 2: <AUDIO2>"
69,-4,data/analysis_audio/pitchbench_d7b_pitch_with_reference_split/A4_voice_5000ms.wav,voice,instrument,65,1,0,0,0,0,F4,,0,0,0,fa,,0,349.2282,,0,0,,,F4,,0,"The reference tone (Audio 1) is MIDI note number 69, which corresponds to A4 (440 Hz). The target tone (Audio 2) sounds like it is one whole step higher, which corresponds to MIDI note number 71 (B4).

The MIDI note number of Audio 2 is 71.",,,,data/analysis_audio/pitchbench_d7b_pitch_with_reference_split/F4_voice_5000ms.wav,F4_voice_5000ms.wav,"You will hear two audios. Audio 1 is a reference tone whose MIDI note number is 69. Audio 2 is the target tone. What is the MIDI note number of Audio 2? Reply with ONLY the integer.
Audio 1: <AUDIO1>
Audio 2: <AUDIO2>","You will hear two audios. Audio 1 is a reference tone — note name A4. Audio 2 is the target tone. What is the note name and octave of Audio 2, e.g. C4, F#3? Reply with ONLY the note name in Scientific Pitch Notation.
Audio 1: <AUDIO1>
Audio 2: <AUDIO2>","You will hear two audios. Audio 1 is a reference tone — solfège syllable 'la' (fixed-do: do=C re=D mi=E fa=F sol=G la=A si=B). Audio 2 is the target tone. What is the solfège syllable and accidental (if needed) of Audio 2? Reply with ONLY the syllable and accidental.
Audio 1: <AUDIO1>
Audio 2: <AUDIO2>","You will hear two audios. Audio 1 is a reference tone at 440.00 Hz. Audio 2 is the target tone. What is the pitch frequency of Audio 2 in Hertz? Reply with ONLY a number (the frequency in Hz).
Audio 1: <AUDIO1>
Audio 2: <AUDIO2>"
69,-3,data/analysis_audio/pitchbench_d7b_pitch_with_reference_split/A4_sine_5000ms.wav,sine,waveform,66,72,0,0,0,0,F#4,,0,0,0,fa#,,0,369.9944,,0,0,,,F#4,,0,72,,,,data/analysis_audio/pitchbench_d7b_pitch_with_reference_split/Fs4_sine_5000ms.wav,Fs4_sine_5000ms.wav,"You will hear two audios. Audio 1 is a reference tone whose MIDI note number is 69. Audio 2 is the target tone. What is the MIDI note number of Audio 2? Reply with ONLY the integer.
Audio 1: <AUDIO1>
Audio 2: <AUDIO2>","You will hear two audios. Audio 1 is a reference tone — note name A4. Audio 2 is the target tone. What is the note name and octave of Audio 2, e.g. C4, F#3? Reply with ONLY the note name in Scientific Pitch Notation.
Audio 1: <AUDIO1>
Audio 2: <AUDIO2>","You will hear two audios. Audio 1 is a reference tone — solfège syllable 'la' (fixed-do: do=C re=D mi=E fa=F sol=G la=A si=B). Audio 2 is the target tone. What is the solfège syllable and accidental (if needed) of Audio 2? Reply with ONLY the syllable and accidental.
Audio 1: <AUDIO1>
Audio 2: <AUDIO2>","You will hear two audios. Audio 1 is a reference tone at 440.00 Hz. Audio 2 is the target tone. What is the pitch frequency of Audio 2 in Hertz? Reply with ONLY a number (the frequency in Hz).
Audio 1: <AUDIO1>
Audio 2: <AUDIO2>"
69,-3,data/analysis_audio/pitchbench_d7b_pitch_with_reference_split/A4_synth_lead_5000ms.wav,synth_lead,instrument,66,72,0,0,0,0,F#4,,0,0,0,fa#,,0,369.9944,,0,0,,,F#4,,0,72,,,,data/analysis_audio/pitchbench_d7b_pitch_with_reference_split/Fs4_synth_lead_5000ms.wav,Fs4_synth_lead_5000ms.wav,"You will hear two audios. Audio 1 is a reference tone whose MIDI note number is 69. Audio 2 is the target tone. What is the MIDI note number of Audio 2? Reply with ONLY the integer.
Audio 1: <AUDIO1>
Audio 2: <AUDIO2>","You will hear two audios. Audio 1 is a reference tone — note name A4. Audio 2 is the target tone. What is the note name and octave of Audio 2, e.g. C4, F#3? Reply with ONLY the note name in Scientific Pitch Notation.
Audio 1: <AUDIO1>
Audio 2: <AUDIO2>","You will hear two audios. Audio 1 is a reference tone — solfège syllable 'la' (fixed-do: do=C re=D mi=E fa=F sol=G la=A si=B). Audio 2 is the target tone. What is the solfège syllable and accidental (if needed) of Audio 2? Reply with ONLY the syllable and accidental.
Audio 1: <AUDIO1>
Audio 2: <AUDIO2>","You will hear two audios. Audio 1 is a reference tone at 440.00 Hz. Audio 2 is the target tone. What is the pitch frequency of Audio 2 in Hertz? Reply with ONLY a number (the frequency in Hz).
Audio 1: <AUDIO1>
Audio 2: <AUDIO2>"
69,-3,data/analysis_audio/pitchbench_d7b_pitch_with_reference_split/A4_cello_5000ms.wav,cello,instrument,66,71,0,0,0,1,F#4,,0,0,0,fa#,,0,369.9944,,0,0,,,F#4,,0,71,,,,data/analysis_audio/pitchbench_d7b_pitch_with_reference_split/Fs4_cello_5000ms.wav,Fs4_cello_5000ms.wav,"You will hear two audios. Audio 1 is a reference tone whose MIDI note number is 69. Audio 2 is the target tone. What is the MIDI note number of Audio 2? Reply with ONLY the integer.
Audio 1: <AUDIO1>
Audio 2: <AUDIO2>","You will hear two audios. Audio 1 is a reference tone — note name A4. Audio 2 is the target tone. What is the note name and octave of Audio 2, e.g. C4, F#3? Reply with ONLY the note name in Scientific Pitch Notation.
Audio 1: <AUDIO1>
Audio 2: <AUDIO2>","You will hear two audios. Audio 1 is a reference tone — solfège syllable 'la' (fixed-do: do=C re=D mi=E fa=F sol=G la=A si=B). Audio 2 is the target tone. What is the solfège syllable and accidental (if needed) of Audio 2? Reply with ONLY the syllable and accidental.
Audio 1: <AUDIO1>
Audio 2: <AUDIO2>","You will hear two audios. Audio 1 is a reference tone at 440.00 Hz. Audio 2 is the target tone. What is the pitch frequency of Audio 2 in Hertz? Reply with ONLY a number (the frequency in Hz).
Audio 1: <AUDIO1>
Audio 2: <AUDIO2>"
69,-3,data/analysis_audio/pitchbench_d7b_pitch_with_reference_split/A4_flute_5000ms.wav,flute,instrument,66,72,0,0,0,0,F#4,,0,0,0,fa#,,0,369.9944,,0,0,,,F#4,,0,72,,,,data/analysis_audio/pitchbench_d7b_pitch_with_reference_split/Fs4_flute_5000ms.wav,Fs4_flute_5000ms.wav,"You will hear two audios. Audio 1 is a reference tone whose MIDI note number is 69. Audio 2 is the target tone. What is the MIDI note number of Audio 2? Reply with ONLY the integer.
Audio 1: <AUDIO1>
Audio 2: <AUDIO2>","You will hear two audios. Audio 1 is a reference tone — note name A4. Audio 2 is the target tone. What is the note name and octave of Audio 2, e.g. C4, F#3? Reply with ONLY the note name in Scientific Pitch Notation.
Audio 1: <AUDIO1>
Audio 2: <AUDIO2>","You will hear two audios. Audio 1 is a reference tone — solfège syllable 'la' (fixed-do: do=C re=D mi=E fa=F sol=G la=A si=B). Audio 2 is the target tone. What is the solfège syllable and accidental (if needed) of Audio 2? Reply with ONLY the syllable and accidental.
Audio 1: <AUDIO1>
Audio 2: <AUDIO2>","You will hear two audios. Audio 1 is a reference tone at 440.00 Hz. Audio 2 is the target tone. What is the pitch frequency of Audio 2 in Hertz? Reply with ONLY a number (the frequency in Hz).
Audio 1: <AUDIO1>
Audio 2: <AUDIO2>"
69,-3,data/analysis_audio/pitchbench_d7b_pitch_with_reference_split/A4_piano_5000ms.wav,piano,instrument,66,2,0,0,0,0,F#4,,0,0,0,fa#,,0,369.9944,,0,0,,,F#4,,0,"The target tone in Audio 2 is one whole step (two semitones) higher than the reference tone in Audio 1. The reference tone is MIDI note number 69, so the target tone is 69 + 2 = 71. 

71",,,,data/analysis_audio/pitchbench_d7b_pitch_with_reference_split/Fs4_piano_5000ms.wav,Fs4_piano_5000ms.wav,"You will hear two audios. Audio 1 is a reference tone whose MIDI note number is 69. Audio 2 is the target tone. What is the MIDI note number of Audio 2? Reply with ONLY the integer.
Audio 1: <AUDIO1>
Audio 2: <AUDIO2>","You will hear two audios. Audio 1 is a reference tone — note name A4. Audio 2 is the target tone. What is the note name and octave of Audio 2, e.g. C4, F#3? Reply with ONLY the note name in Scientific Pitch Notation.
Audio 1: <AUDIO1>
Audio 2: <AUDIO2>","You will hear two audios. Audio 1 is a reference tone — solfège syllable 'la' (fixed-do: do=C re=D mi=E fa=F sol=G la=A si=B). Audio 2 is the target tone. What is the solfège syllable and accidental (if needed) of Audio 2? Reply with ONLY the syllable and accidental.
Audio 1: <AUDIO1>
Audio 2: <AUDIO2>","You will hear two audios. Audio 1 is a reference tone at 440.00 Hz. Audio 2 is the target tone. What is the pitch frequency of Audio 2 in Hertz? Reply with ONLY a number (the frequency in Hz).
Audio 1: <AUDIO1>
Audio 2: <AUDIO2>"
69,-3,data/analysis_audio/pitchbench_d7b_pitch_with_reference_split/A4_voice_5000ms.wav,voice,instrument,66,72,0,0,0,0,F#4,,0,0,0,fa#,,0,369.9944,,0,0,,,F#4,,0,72,,,,data/analysis_audio/pitchbench_d7b_pitch_with_reference_split/Fs4_voice_5000ms.wav,Fs4_voice_5000ms.wav,"You will hear two audios. Audio 1 is a reference tone whose MIDI note number is 69. Audio 2 is the target tone. What is the MIDI note number of Audio 2? Reply with ONLY the integer.
Audio 1: <AUDIO1>
Audio 2: <AUDIO2>","You will hear two audios. Audio 1 is a reference tone — note name A4. Audio 2 is the target tone. What is the note name and octave of Audio 2, e.g. C4, F#3? Reply with ONLY the note name in Scientific Pitch Notation.
Audio 1: <AUDIO1>
Audio 2: <AUDIO2>","You will hear two audios. Audio 1 is a reference tone — solfège syllable 'la' (fixed-do: do=C re=D mi=E fa=F sol=G la=A si=B). Audio 2 is the target tone. What is the solfège syllable and accidental (if needed) of Audio 2? Reply with ONLY the syllable and accidental.
Audio 1: <AUDIO1>
Audio 2: <AUDIO2>","You will hear two audios. Audio 1 is a reference tone at 440.00 Hz. Audio 2 is the target tone. What is the pitch frequency of Audio 2 in Hertz? Reply with ONLY a number (the frequency in Hz).
Audio 1: <AUDIO1>
Audio 2: <AUDIO2>"
69,-1,data/analysis_audio/pitchbench_d7b_pitch_with_reference_split/A4_sine_5000ms.wav,sine,waveform,68,72,0,0,0,0,G#4,,0,0,0,sol#,,0,415.3047,,0,0,,,G#4,,0,72,,,,data/analysis_audio/pitchbench_d7b_pitch_with_reference_split/Gs4_sine_5000ms.wav,Gs4_sine_5000ms.wav,"You will hear two audios. Audio 1 is a reference tone whose MIDI note number is 69. Audio 2 is the target tone. What is the MIDI note number of Audio 2? Reply with ONLY the integer.
Audio 1: <AUDIO1>
Audio 2: <AUDIO2>","You will hear two audios. Audio 1 is a reference tone — note name A4. Audio 2 is the target tone. What is the note name and octave of Audio 2, e.g. C4, F#3? Reply with ONLY the note name in Scientific Pitch Notation.
Audio 1: <AUDIO1>
Audio 2: <AUDIO2>","You will hear two audios. Audio 1 is a reference tone — solfège syllable 'la' (fixed-do: do=C re=D mi=E fa=F sol=G la=A si=B). Audio 2 is the target tone. What is the solfège syllable and accidental (if needed) of Audio 2? Reply with ONLY the syllable and accidental.
Audio 1: <AUDIO1>
Audio 2: <AUDIO2>","You will hear two audios. Audio 1 is a reference tone at 440.00 Hz. Audio 2 is the target tone. What is the pitch frequency of Audio 2 in Hertz? Reply with ONLY a number (the frequency in Hz).
Audio 1: <AUDIO1>
Audio 2: <AUDIO2>"
69,-1,data/analysis_audio/pitchbench_d7b_pitch_with_reference_split/A4_synth_lead_5000ms.wav,synth_lead,instrument,68,64,0,0,0,1,G#4,,0,0,0,sol#,,0,415.3047,,0,0,,,G#4,,0,64,,,,data/analysis_audio/pitchbench_d7b_pitch_with_reference_split/Gs4_synth_lead_5000ms.wav,Gs4_synth_lead_5000ms.wav,"You will hear two audios. Audio 1 is a reference tone whose MIDI note number is 69. Audio 2 is the target tone. What is the MIDI note number of Audio 2? Reply with ONLY the integer.
Audio 1: <AUDIO1>
Audio 2: <AUDIO2>","You will hear two audios. Audio 1 is a reference tone — note name A4. Audio 2 is the target tone. What is the note name and octave of Audio 2, e.g. C4, F#3? Reply with ONLY the note name in Scientific Pitch Notation.
Audio 1: <AUDIO1>
Audio 2: <AUDIO2>","You will hear two audios. Audio 1 is a reference tone — solfège syllable 'la' (fixed-do: do=C re=D mi=E fa=F sol=G la=A si=B). Audio 2 is the target tone. What is the solfège syllable and accidental (if needed) of Audio 2? Reply with ONLY the syllable and accidental.
Audio 1: <AUDIO1>
Audio 2: <AUDIO2>","You will hear two audios. Audio 1 is a reference tone at 440.00 Hz. Audio 2 is the target tone. What is the pitch frequency of Audio 2 in Hertz? Reply with ONLY a number (the frequency in Hz).
Audio 1: <AUDIO1>
Audio 2: <AUDIO2>"
69,-1,data/analysis_audio/pitchbench_d7b_pitch_with_reference_split/A4_cello_5000ms.wav,cello,instrument,68,72,0,0,0,0,G#4,,0,0,0,sol#,,0,415.3047,,0,0,,,G#4,,0,72,,,,data/analysis_audio/pitchbench_d7b_pitch_with_reference_split/Gs4_cello_5000ms.wav,Gs4_cello_5000ms.wav,"You will hear two audios. Audio 1 is a reference tone whose MIDI note number is 69. Audio 2 is the target tone. What is the MIDI note number of Audio 2? Reply with ONLY the integer.
Audio 1: <AUDIO1>
Audio 2: <AUDIO2>","You will hear two audios. Audio 1 is a reference tone — note name A4. Audio 2 is the target tone. What is the note name and octave of Audio 2, e.g. C4, F#3? Reply with ONLY the note name in Scientific Pitch Notation.
Audio 1: <AUDIO1>
Audio 2: <AUDIO2>","You will hear two audios. Audio 1 is a reference tone — solfège syllable 'la' (fixed-do: do=C re=D mi=E fa=F sol=G la=A si=B). Audio 2 is the target tone. What is the solfège syllable and accidental (if needed) of Audio 2? Reply with ONLY the syllable and accidental.
Audio 1: <AUDIO1>
Audio 2: <AUDIO2>","You will hear two audios. Audio 1 is a reference tone at 440.00 Hz. Audio 2 is the target tone. What is the pitch frequency of Audio 2 in Hertz? Reply with ONLY a number (the frequency in Hz).
Audio 1: <AUDIO1>
Audio 2: <AUDIO2>"
69,-1,data/analysis_audio/pitchbench_d7b_pitch_with_reference_split/A4_flute_5000ms.wav,flute,instrument,68,72,0,0,0,0,G#4,,0,0,0,sol#,,0,415.3047,,0,0,,,G#4,,0,72,,,,data/analysis_audio/pitchbench_d7b_pitch_with_reference_split/Gs4_flute_5000ms.wav,Gs4_flute_5000ms.wav,"You will hear two audios. Audio 1 is a reference tone whose MIDI note number is 69. Audio 2 is the target tone. What is the MIDI note number of Audio 2? Reply with ONLY the integer.
Audio 1: <AUDIO1>
Audio 2: <AUDIO2>","You will hear two audios. Audio 1 is a reference tone — note name A4. Audio 2 is the target tone. What is the note name and octave of Audio 2, e.g. C4, F#3? Reply with ONLY the note name in Scientific Pitch Notation.
Audio 1: <AUDIO1>
Audio 2: <AUDIO2>","You will hear two audios. Audio 1 is a reference tone — solfège syllable 'la' (fixed-do: do=C re=D mi=E fa=F sol=G la=A si=B). Audio 2 is the target tone. What is the solfège syllable and accidental (if needed) of Audio 2? Reply with ONLY the syllable and accidental.
Audio 1: <AUDIO1>
Audio 2: <AUDIO2>","You will hear two audios. Audio 1 is a reference tone at 440.00 Hz. Audio 2 is the target tone. What is the pitch frequency of Audio 2 in Hertz? Reply with ONLY a number (the frequency in Hz).
Audio 1: <AUDIO1>
Audio 2: <AUDIO2>"
69,-1,data/analysis_audio/pitchbench_d7b_pitch_with_reference_split/A4_piano_5000ms.wav,piano,instrument,68,2,0,0,0,0,G#4,,0,0,0,sol#,,0,415.3047,,0,0,,,G#4,,0,"The target tone in Audio 2 is one whole step (two semitones) higher than the reference tone in Audio 1. The reference tone is MIDI note number 69, so the target tone is 69 + 2 = 71. 

71",,,,data/analysis_audio/pitchbench_d7b_pitch_with_reference_split/Gs4_piano_5000ms.wav,Gs4_piano_5000ms.wav,"You will hear two audios. Audio 1 is a reference tone whose MIDI note number is 69. Audio 2 is the target tone. What is the MIDI note number of Audio 2? Reply with ONLY the integer.
Audio 1: <AUDIO1>
Audio 2: <AUDIO2>","You will hear two audios. Audio 1 is a reference tone — note name A4. Audio 2 is the target tone. What is the note name and octave of Audio 2, e.g. C4, F#3? Reply with ONLY the note name in Scientific Pitch Notation.
Audio 1: <AUDIO1>
Audio 2: <AUDIO2>","You will hear two audios. Audio 1 is a reference tone — solfège syllable 'la' (fixed-do: do=C re=D mi=E fa=F sol=G la=A si=B). Audio 2 is the target tone. What is the solfège syllable and accidental (if needed) of Audio 2? Reply with ONLY the syllable and accidental.
Audio 1: <AUDIO1>
Audio 2: <AUDIO2>","You will hear two audios. Audio 1 is a reference tone at 440.00 Hz. Audio 2 is the target tone. What is the pitch frequency of Audio 2 in Hertz? Reply with ONLY a number (the frequency in Hz).
Audio 1: <AUDIO1>
Audio 2: <AUDIO2>"
69,-1,data/analysis_audio/pitchbench_d7b_pitch_with_reference_split/A4_voice_5000ms.wav,voice,instrument,68,69,0,1,0,1,G#4,,0,0,0,sol#,,0,415.3047,,0,0,,,G#4,,0,69,,,,data/analysis_audio/pitchbench_d7b_pitch_with_reference_split/Gs4_voice_5000ms.wav,Gs4_voice_5000ms.wav,"You will hear two audios. Audio 1 is a reference tone whose MIDI note number is 69. Audio 2 is the target tone. What is the MIDI note number of Audio 2? Reply with ONLY the integer.
Audio 1: <AUDIO1>
Audio 2: <AUDIO2>","You will hear two audios. Audio 1 is a reference tone — note name A4. Audio 2 is the target tone. What is the note name and octave of Audio 2, e.g. C4, F#3? Reply with ONLY the note name in Scientific Pitch Notation.
Audio 1: <AUDIO1>
Audio 2: <AUDIO2>","You will hear two audios. Audio 1 is a reference tone — solfège syllable 'la' (fixed-do: do=C re=D mi=E fa=F sol=G la=A si=B). Audio 2 is the target tone. What is the solfège syllable and accidental (if needed) of Audio 2? Reply with ONLY the syllable and accidental.
Audio 1: <AUDIO1>
Audio 2: <AUDIO2>","You will hear two audios. Audio 1 is a reference tone at 440.00 Hz. Audio 2 is the target tone. What is the pitch frequency of Audio 2 in Hertz? Reply with ONLY a number (the frequency in Hz).
Audio 1: <AUDIO1>
Audio 2: <AUDIO2>"
69,0,data/analysis_audio/pitchbench_d7b_pitch_with_reference_split/A4_sine_5000ms.wav,sine,waveform,69,72,0,0,0,0,A4,,0,0,0,la,,0,440.0,,0,0,,,A4,,0,72,,,,data/analysis_audio/pitchbench_d7b_pitch_with_reference_split/A4_sine_5000ms.wav,A4_sine_5000ms.wav,"You will hear two audios. Audio 1 is a reference tone whose MIDI note number is 69. Audio 2 is the target tone. What is the MIDI note number of Audio 2? Reply with ONLY the integer.
Audio 1: <AUDIO1>
Audio 2: <AUDIO2>","You will hear two audios. Audio 1 is a reference tone — note name A4. Audio 2 is the target tone. What is the note name and octave of Audio 2, e.g. C4, F#3? Reply with ONLY the note name in Scientific Pitch Notation.
Audio 1: <AUDIO1>
Audio 2: <AUDIO2>","You will hear two audios. Audio 1 is a reference tone — solfège syllable 'la' (fixed-do: do=C re=D mi=E fa=F sol=G la=A si=B). Audio 2 is the target tone. What is the solfège syllable and accidental (if needed) of Audio 2? Reply with ONLY the syllable and accidental.
Audio 1: <AUDIO1>
Audio 2: <AUDIO2>","You will hear two audios. Audio 1 is a reference tone at 440.00 Hz. Audio 2 is the target tone. What is the pitch frequency of Audio 2 in Hertz? Reply with ONLY a number (the frequency in Hz).
Audio 1: <AUDIO1>
Audio 2: <AUDIO2>"
69,0,data/analysis_audio/pitchbench_d7b_pitch_with_reference_split/A4_synth_lead_5000ms.wav,synth_lead,instrument,69,72,0,0,0,0,A4,,0,0,0,la,,0,440.0,,0,0,,,A4,,0,72,,,,data/analysis_audio/pitchbench_d7b_pitch_with_reference_split/A4_synth_lead_5000ms.wav,A4_synth_lead_5000ms.wav,"You will hear two audios. Audio 1 is a reference tone whose MIDI note number is 69. Audio 2 is the target tone. What is the MIDI note number of Audio 2? Reply with ONLY the integer.
Audio 1: <AUDIO1>
Audio 2: <AUDIO2>","You will hear two audios. Audio 1 is a reference tone — note name A4. Audio 2 is the target tone. What is the note name and octave of Audio 2, e.g. C4, F#3? Reply with ONLY the note name in Scientific Pitch Notation.
Audio 1: <AUDIO1>
Audio 2: <AUDIO2>","You will hear two audios. Audio 1 is a reference tone — solfège syllable 'la' (fixed-do: do=C re=D mi=E fa=F sol=G la=A si=B). Audio 2 is the target tone. What is the solfège syllable and accidental (if needed) of Audio 2? Reply with ONLY the syllable and accidental.
Audio 1: <AUDIO1>
Audio 2: <AUDIO2>","You will hear two audios. Audio 1 is a reference tone at 440.00 Hz. Audio 2 is the target tone. What is the pitch frequency of Audio 2 in Hertz? Reply with ONLY a number (the frequency in Hz).
Audio 1: <AUDIO1>
Audio 2: <AUDIO2>"
69,0,data/analysis_audio/pitchbench_d7b_pitch_with_reference_split/A4_cello_5000ms.wav,cello,instrument,69,72,0,0,0,0,A4,,0,0,0,la,,0,440.0,,0,0,,,A4,,0,72,,,,data/analysis_audio/pitchbench_d7b_pitch_with_reference_split/A4_cello_5000ms.wav,A4_cello_5000ms.wav,"You will hear two audios. Audio 1 is a reference tone whose MIDI note number is 69. Audio 2 is the target tone. What is the MIDI note number of Audio 2? Reply with ONLY the integer.
Audio 1: <AUDIO1>
Audio 2: <AUDIO2>","You will hear two audios. Audio 1 is a reference tone — note name A4. Audio 2 is the target tone. What is the note name and octave of Audio 2, e.g. C4, F#3? Reply with ONLY the note name in Scientific Pitch Notation.
Audio 1: <AUDIO1>
Audio 2: <AUDIO2>","You will hear two audios. Audio 1 is a reference tone — solfège syllable 'la' (fixed-do: do=C re=D mi=E fa=F sol=G la=A si=B). Audio 2 is the target tone. What is the solfège syllable and accidental (if needed) of Audio 2? Reply with ONLY the syllable and accidental.
Audio 1: <AUDIO1>
Audio 2: <AUDIO2>","You will hear two audios. Audio 1 is a reference tone at 440.00 Hz. Audio 2 is the target tone. What is the pitch frequency of Audio 2 in Hertz? Reply with ONLY a number (the frequency in Hz).
Audio 1: <AUDIO1>
Audio 2: <AUDIO2>"
69,0,data/analysis_audio/pitchbench_d7b_pitch_with_reference_split/A4_flute_5000ms.wav,flute,instrument,69,64,0,0,0,1,A4,,0,0,0,la,,0,440.0,,0,0,,,A4,,0,64,,,,data/analysis_audio/pitchbench_d7b_pitch_with_reference_split/A4_flute_5000ms.wav,A4_flute_5000ms.wav,"You will hear two audios. Audio 1 is a reference tone whose MIDI note number is 69. Audio 2 is the target tone. What is the MIDI note number of Audio 2? Reply with ONLY the integer.
Audio 1: <AUDIO1>
Audio 2: <AUDIO2>","You will hear two audios. Audio 1 is a reference tone — note name A4. Audio 2 is the target tone. What is the note name and octave of Audio 2, e.g. C4, F#3? Reply with ONLY the note name in Scientific Pitch Notation.
Audio 1: <AUDIO1>
Audio 2: <AUDIO2>","You will hear two audios. Audio 1 is a reference tone — solfège syllable 'la' (fixed-do: do=C re=D mi=E fa=F sol=G la=A si=B). Audio 2 is the target tone. What is the solfège syllable and accidental (if needed) of Audio 2? Reply with ONLY the syllable and accidental.
Audio 1: <AUDIO1>
Audio 2: <AUDIO2>","You will hear two audios. Audio 1 is a reference tone at 440.00 Hz. Audio 2 is the target tone. What is the pitch frequency of Audio 2 in Hertz? Reply with ONLY a number (the frequency in Hz).
Audio 1: <AUDIO1>
Audio 2: <AUDIO2>"
69,0,data/analysis_audio/pitchbench_d7b_pitch_with_reference_split/A4_piano_5000ms.wav,piano,instrument,69,72,0,0,0,0,A4,,0,0,0,la,,0,440.0,,0,0,,,A4,,0,72,,,,data/analysis_audio/pitchbench_d7b_pitch_with_reference_split/A4_piano_5000ms.wav,A4_piano_5000ms.wav,"You will hear two audios. Audio 1 is a reference tone whose MIDI note number is 69. Audio 2 is the target tone. What is the MIDI note number of Audio 2? Reply with ONLY the integer.
Audio 1: <AUDIO1>
Audio 2: <AUDIO2>","You will hear two audios. Audio 1 is a reference tone — note name A4. Audio 2 is the target tone. What is the note name and octave of Audio 2, e.g. C4, F#3? Reply with ONLY the note name in Scientific Pitch Notation.
Audio 1: <AUDIO1>
Audio 2: <AUDIO2>","You will hear two audios. Audio 1 is a reference tone — solfège syllable 'la' (fixed-do: do=C re=D mi=E fa=F sol=G la=A si=B). Audio 2 is the target tone. What is the solfège syllable and accidental (if needed) of Audio 2? Reply with ONLY the syllable and accidental.
Audio 1: <AUDIO1>
Audio 2: <AUDIO2>","You will hear two audios. Audio 1 is a reference tone at 440.00 Hz. Audio 2 is the target tone. What is the pitch frequency of Audio 2 in Hertz? Reply with ONLY a number (the frequency in Hz).
Audio 1: <AUDIO1>
Audio 2: <AUDIO2>"
69,0,data/analysis_audio/pitchbench_d7b_pitch_with_reference_split/A4_voice_5000ms.wav,voice,instrument,69,61,0,0,0,1,A4,,0,0,0,la,,0,440.0,,0,0,,,A4,,0,61,,,,data/analysis_audio/pitchbench_d7b_pitch_with_reference_split/A4_voice_5000ms.wav,A4_voice_5000ms.wav,"You will hear two audios. Audio 1 is a reference tone whose MIDI note number is 69. Audio 2 is the target tone. What is the MIDI note number of Audio 2? Reply with ONLY the integer.
Audio 1: <AUDIO1>
Audio 2: <AUDIO2>","You will hear two audios. Audio 1 is a reference tone — note name A4. Audio 2 is the target tone. What is the note name and octave of Audio 2, e.g. C4, F#3? Reply with ONLY the note name in Scientific Pitch Notation.
Audio 1: <AUDIO1>
Audio 2: <AUDIO2>","You will hear two audios. Audio 1 is a reference tone — solfège syllable 'la' (fixed-do: do=C re=D mi=E fa=F sol=G la=A si=B). Audio 2 is the target tone. What is the solfège syllable and accidental (if needed) of Audio 2? Reply with ONLY the syllable and accidental.
Audio 1: <AUDIO1>
Audio 2: <AUDIO2>","You will hear two audios. Audio 1 is a reference tone at 440.00 Hz. Audio 2 is the target tone. What is the pitch frequency of Audio 2 in Hertz? Reply with ONLY a number (the frequency in Hz).
Audio 1: <AUDIO1>
Audio 2: <AUDIO2>"
69,1,data/analysis_audio/pitchbench_d7b_pitch_with_reference_split/A4_sine_5000ms.wav,sine,waveform,70,2,0,0,0,0,A#4,,0,0,0,la#,,0,466.1638,,0,0,,,A#4,,0,The MIDI note number of Audio 2 is 72.,,,,data/analysis_audio/pitchbench_d7b_pitch_with_reference_split/As4_sine_5000ms.wav,As4_sine_5000ms.wav,"You will hear two audios. Audio 1 is a reference tone whose MIDI note number is 69. Audio 2 is the target tone. What is the MIDI note number of Audio 2? Reply with ONLY the integer.
Audio 1: <AUDIO1>
Audio 2: <AUDIO2>","You will hear two audios. Audio 1 is a reference tone — note name A4. Audio 2 is the target tone. What is the note name and octave of Audio 2, e.g. C4, F#3? Reply with ONLY the note name in Scientific Pitch Notation.
Audio 1: <AUDIO1>
Audio 2: <AUDIO2>","You will hear two audios. Audio 1 is a reference tone — solfège syllable 'la' (fixed-do: do=C re=D mi=E fa=F sol=G la=A si=B). Audio 2 is the target tone. What is the solfège syllable and accidental (if needed) of Audio 2? Reply with ONLY the syllable and accidental.
Audio 1: <AUDIO1>
Audio 2: <AUDIO2>","You will hear two audios. Audio 1 is a reference tone at 440.00 Hz. Audio 2 is the target tone. What is the pitch frequency of Audio 2 in Hertz? Reply with ONLY a number (the frequency in Hz).
Audio 1: <AUDIO1>
Audio 2: <AUDIO2>"
69,1,data/analysis_audio/pitchbench_d7b_pitch_with_reference_split/A4_synth_lead_5000ms.wav,synth_lead,instrument,70,72,0,0,0,0,A#4,,0,0,0,la#,,0,466.1638,,0,0,,,A#4,,0,72,,,,data/analysis_audio/pitchbench_d7b_pitch_with_reference_split/As4_synth_lead_5000ms.wav,As4_synth_lead_5000ms.wav,"You will hear two audios. Audio 1 is a reference tone whose MIDI note number is 69. Audio 2 is the target tone. What is the MIDI note number of Audio 2? Reply with ONLY the integer.
Audio 1: <AUDIO1>
Audio 2: <AUDIO2>","You will hear two audios. Audio 1 is a reference tone — note name A4. Audio 2 is the target tone. What is the note name and octave of Audio 2, e.g. C4, F#3? Reply with ONLY the note name in Scientific Pitch Notation.
Audio 1: <AUDIO1>
Audio 2: <AUDIO2>","You will hear two audios. Audio 1 is a reference tone — solfège syllable 'la' (fixed-do: do=C re=D mi=E fa=F sol=G la=A si=B). Audio 2 is the target tone. What is the solfège syllable and accidental (if needed) of Audio 2? Reply with ONLY the syllable and accidental.
Audio 1: <AUDIO1>
Audio 2: <AUDIO2>","You will hear two audios. Audio 1 is a reference tone at 440.00 Hz. Audio 2 is the target tone. What is the pitch frequency of Audio 2 in Hertz? Reply with ONLY a number (the frequency in Hz).
Audio 1: <AUDIO1>
Audio 2: <AUDIO2>"
69,1,data/analysis_audio/pitchbench_d7b_pitch_with_reference_split/A4_cello_5000ms.wav,cello,instrument,70,2,0,0,0,0,A#4,,0,0,0,la#,,0,466.1638,,0,0,,,A#4,,0,The MIDI note number of Audio 2 is 72.,,,,data/analysis_audio/pitchbench_d7b_pitch_with_reference_split/As4_cello_5000ms.wav,As4_cello_5000ms.wav,"You will hear two audios. Audio 1 is a reference tone whose MIDI note number is 69. Audio 2 is the target tone. What is the MIDI note number of Audio 2? Reply with ONLY the integer.
Audio 1: <AUDIO1>
Audio 2: <AUDIO2>","You will hear two audios. Audio 1 is a reference tone — note name A4. Audio 2 is the target tone. What is the note name and octave of Audio 2, e.g. C4, F#3? Reply with ONLY the note name in Scientific Pitch Notation.
Audio 1: <AUDIO1>
Audio 2: <AUDIO2>","You will hear two audios. Audio 1 is a reference tone — solfège syllable 'la' (fixed-do: do=C re=D mi=E fa=F sol=G la=A si=B). Audio 2 is the target tone. What is the solfège syllable and accidental (if needed) of Audio 2? Reply with ONLY the syllable and accidental.
Audio 1: <AUDIO1>
Audio 2: <AUDIO2>","You will hear two audios. Audio 1 is a reference tone at 440.00 Hz. Audio 2 is the target tone. What is the pitch frequency of Audio 2 in Hertz? Reply with ONLY a number (the frequency in Hz).
Audio 1: <AUDIO1>
Audio 2: <AUDIO2>"
69,1,data/analysis_audio/pitchbench_d7b_pitch_with_reference_split/A4_flute_5000ms.wav,flute,instrument,70,76,0,0,0,0,A#4,,0,0,0,la#,,0,466.1638,,0,0,,,A#4,,0,76,,,,data/analysis_audio/pitchbench_d7b_pitch_with_reference_split/As4_flute_5000ms.wav,As4_flute_5000ms.wav,"You will hear two audios. Audio 1 is a reference tone whose MIDI note number is 69. Audio 2 is the target tone. What is the MIDI note number of Audio 2? Reply with ONLY the integer.
Audio 1: <AUDIO1>
Audio 2: <AUDIO2>","You will hear two audios. Audio 1 is a reference tone — note name A4. Audio 2 is the target tone. What is the note name and octave of Audio 2, e.g. C4, F#3? Reply with ONLY the note name in Scientific Pitch Notation.
Audio 1: <AUDIO1>
Audio 2: <AUDIO2>","You will hear two audios. Audio 1 is a reference tone — solfège syllable 'la' (fixed-do: do=C re=D mi=E fa=F sol=G la=A si=B). Audio 2 is the target tone. What is the solfège syllable and accidental (if needed) of Audio 2? Reply with ONLY the syllable and accidental.
Audio 1: <AUDIO1>
Audio 2: <AUDIO2>","You will hear two audios. Audio 1 is a reference tone at 440.00 Hz. Audio 2 is the target tone. What is the pitch frequency of Audio 2 in Hertz? Reply with ONLY a number (the frequency in Hz).
Audio 1: <AUDIO1>
Audio 2: <AUDIO2>"
69,1,data/analysis_audio/pitchbench_d7b_pitch_with_reference_split/A4_piano_5000ms.wav,piano,instrument,70,72,0,0,0,0,A#4,,0,0,0,la#,,0,466.1638,,0,0,,,A#4,,0,72,,,,data/analysis_audio/pitchbench_d7b_pitch_with_reference_split/As4_piano_5000ms.wav,As4_piano_5000ms.wav,"You will hear two audios. Audio 1 is a reference tone whose MIDI note number is 69. Audio 2 is the target tone. What is the MIDI note number of Audio 2? Reply with ONLY the integer.
Audio 1: <AUDIO1>
Audio 2: <AUDIO2>","You will hear two audios. Audio 1 is a reference tone — note name A4. Audio 2 is the target tone. What is the note name and octave of Audio 2, e.g. C4, F#3? Reply with ONLY the note name in Scientific Pitch Notation.
Audio 1: <AUDIO1>
Audio 2: <AUDIO2>","You will hear two audios. Audio 1 is a reference tone — solfège syllable 'la' (fixed-do: do=C re=D mi=E fa=F sol=G la=A si=B). Audio 2 is the target tone. What is the solfège syllable and accidental (if needed) of Audio 2? Reply with ONLY the syllable and accidental.
Audio 1: <AUDIO1>
Audio 2: <AUDIO2>","You will hear two audios. Audio 1 is a reference tone at 440.00 Hz. Audio 2 is the target tone. What is the pitch frequency of Audio 2 in Hertz? Reply with ONLY a number (the frequency in Hz).
Audio 1: <AUDIO1>
Audio 2: <AUDIO2>"
69,1,data/analysis_audio/pitchbench_d7b_pitch_with_reference_split/A4_voice_5000ms.wav,voice,instrument,70,72,0,0,0,0,A#4,,0,0,0,la#,,0,466.1638,,0,0,,,A#4,,0,72,,,,data/analysis_audio/pitchbench_d7b_pitch_with_reference_split/As4_voice_5000ms.wav,As4_voice_5000ms.wav,"You will hear two audios. Audio 1 is a reference tone whose MIDI note number is 69. Audio 2 is the target tone. What is the MIDI note number of Audio 2? Reply with ONLY the integer.
Audio 1: <AUDIO1>
Audio 2: <AUDIO2>","You will hear two audios. Audio 1 is a reference tone — note name A4. Audio 2 is the target tone. What is the note name and octave of Audio 2, e.g. C4, F#3? Reply with ONLY the note name in Scientific Pitch Notation.
Audio 1: <AUDIO1>
Audio 2: <AUDIO2>","You will hear two audios. Audio 1 is a reference tone — solfège syllable 'la' (fixed-do: do=C re=D mi=E fa=F sol=G la=A si=B). Audio 2 is the target tone. What is the solfège syllable and accidental (if needed) of Audio 2? Reply with ONLY the syllable and accidental.
Audio 1: <AUDIO1>
Audio 2: <AUDIO2>","You will hear two audios. Audio 1 is a reference tone at 440.00 Hz. Audio 2 is the target tone. What is the pitch frequency of Audio 2 in Hertz? Reply with ONLY a number (the frequency in Hz).
Audio 1: <AUDIO1>
Audio 2: <AUDIO2>"
69,3,data/analysis_audio/pitchbench_d7b_pitch_with_reference_split/A4_sine_5000ms.wav,sine,waveform,72,76,0,0,0,1,C5,,0,0,0,do,,0,523.2511,,0,0,,,C5,,0,76,,,,data/analysis_audio/pitchbench_d7b_pitch_with_reference_split/C5_sine_5000ms.wav,C5_sine_5000ms.wav,"You will hear two audios. Audio 1 is a reference tone whose MIDI note number is 69. Audio 2 is the target tone. What is the MIDI note number of Audio 2? Reply with ONLY the integer.
Audio 1: <AUDIO1>
Audio 2: <AUDIO2>","You will hear two audios. Audio 1 is a reference tone — note name A4. Audio 2 is the target tone. What is the note name and octave of Audio 2, e.g. C4, F#3? Reply with ONLY the note name in Scientific Pitch Notation.
Audio 1: <AUDIO1>
Audio 2: <AUDIO2>","You will hear two audios. Audio 1 is a reference tone — solfège syllable 'la' (fixed-do: do=C re=D mi=E fa=F sol=G la=A si=B). Audio 2 is the target tone. What is the solfège syllable and accidental (if needed) of Audio 2? Reply with ONLY the syllable and accidental.
Audio 1: <AUDIO1>
Audio 2: <AUDIO2>","You will hear two audios. Audio 1 is a reference tone at 440.00 Hz. Audio 2 is the target tone. What is the pitch frequency of Audio 2 in Hertz? Reply with ONLY a number (the frequency in Hz).
Audio 1: <AUDIO1>
Audio 2: <AUDIO2>"
69,3,data/analysis_audio/pitchbench_d7b_pitch_with_reference_split/A4_synth_lead_5000ms.wav,synth_lead,instrument,72,72,1,1,1,1,C5,,0,0,0,do,,0,523.2511,,0,1,,,C5,,0,72,,,,data/analysis_audio/pitchbench_d7b_pitch_with_reference_split/C5_synth_lead_5000ms.wav,C5_synth_lead_5000ms.wav,"You will hear two audios. Audio 1 is a reference tone whose MIDI note number is 69. Audio 2 is the target tone. What is the MIDI note number of Audio 2? Reply with ONLY the integer.
Audio 1: <AUDIO1>
Audio 2: <AUDIO2>","You will hear two audios. Audio 1 is a reference tone — note name A4. Audio 2 is the target tone. What is the note name and octave of Audio 2, e.g. C4, F#3? Reply with ONLY the note name in Scientific Pitch Notation.
Audio 1: <AUDIO1>
Audio 2: <AUDIO2>","You will hear two audios. Audio 1 is a reference tone — solfège syllable 'la' (fixed-do: do=C re=D mi=E fa=F sol=G la=A si=B). Audio 2 is the target tone. What is the solfège syllable and accidental (if needed) of Audio 2? Reply with ONLY the syllable and accidental.
Audio 1: <AUDIO1>
Audio 2: <AUDIO2>","You will hear two audios. Audio 1 is a reference tone at 440.00 Hz. Audio 2 is the target tone. What is the pitch frequency of Audio 2 in Hertz? Reply with ONLY a number (the frequency in Hz).
Audio 1: <AUDIO1>
Audio 2: <AUDIO2>"
69,3,data/analysis_audio/pitchbench_d7b_pitch_with_reference_split/A4_cello_5000ms.wav,cello,instrument,72,72,1,1,1,1,C5,,0,0,0,do,,0,523.2511,,0,1,,,C5,,0,72,,,,data/analysis_audio/pitchbench_d7b_pitch_with_reference_split/C5_cello_5000ms.wav,C5_cello_5000ms.wav,"You will hear two audios. Audio 1 is a reference tone whose MIDI note number is 69. Audio 2 is the target tone. What is the MIDI note number of Audio 2? Reply with ONLY the integer.
Audio 1: <AUDIO1>
Audio 2: <AUDIO2>","You will hear two audios. Audio 1 is a reference tone — note name A4. Audio 2 is the target tone. What is the note name and octave of Audio 2, e.g. C4, F#3? Reply with ONLY the note name in Scientific Pitch Notation.
Audio 1: <AUDIO1>
Audio 2: <AUDIO2>","You will hear two audios. Audio 1 is a reference tone — solfège syllable 'la' (fixed-do: do=C re=D mi=E fa=F sol=G la=A si=B). Audio 2 is the target tone. What is the solfège syllable and accidental (if needed) of Audio 2? Reply with ONLY the syllable and accidental.
Audio 1: <AUDIO1>
Audio 2: <AUDIO2>","You will hear two audios. Audio 1 is a reference tone at 440.00 Hz. Audio 2 is the target tone. What is the pitch frequency of Audio 2 in Hertz? Reply with ONLY a number (the frequency in Hz).
Audio 1: <AUDIO1>
Audio 2: <AUDIO2>"
69,3,data/analysis_audio/pitchbench_d7b_pitch_with_reference_split/A4_flute_5000ms.wav,flute,instrument,72,72,1,1,1,1,C5,,0,0,0,do,,0,523.2511,,0,1,,,C5,,0,72,,,,data/analysis_audio/pitchbench_d7b_pitch_with_reference_split/C5_flute_5000ms.wav,C5_flute_5000ms.wav,"You will hear two audios. Audio 1 is a reference tone whose MIDI note number is 69. Audio 2 is the target tone. What is the MIDI note number of Audio 2? Reply with ONLY the integer.
Audio 1: <AUDIO1>
Audio 2: <AUDIO2>","You will hear two audios. Audio 1 is a reference tone — note name A4. Audio 2 is the target tone. What is the note name and octave of Audio 2, e.g. C4, F#3? Reply with ONLY the note name in Scientific Pitch Notation.
Audio 1: <AUDIO1>
Audio 2: <AUDIO2>","You will hear two audios. Audio 1 is a reference tone — solfège syllable 'la' (fixed-do: do=C re=D mi=E fa=F sol=G la=A si=B). Audio 2 is the target tone. What is the solfège syllable and accidental (if needed) of Audio 2? Reply with ONLY the syllable and accidental.
Audio 1: <AUDIO1>
Audio 2: <AUDIO2>","You will hear two audios. Audio 1 is a reference tone at 440.00 Hz. Audio 2 is the target tone. What is the pitch frequency of Audio 2 in Hertz? Reply with ONLY a number (the frequency in Hz).
Audio 1: <AUDIO1>
Audio 2: <AUDIO2>"
69,3,data/analysis_audio/pitchbench_d7b_pitch_with_reference_split/A4_piano_5000ms.wav,piano,instrument,72,2,0,0,0,0,C5,,0,0,0,do,,0,523.2511,,0,0,,,C5,,0,The MIDI note number of Audio 2 is 72.,,,,data/analysis_audio/pitchbench_d7b_pitch_with_reference_split/C5_piano_5000ms.wav,C5_piano_5000ms.wav,"You will hear two audios. Audio 1 is a reference tone whose MIDI note number is 69. Audio 2 is the target tone. What is the MIDI note number of Audio 2? Reply with ONLY the integer.
Audio 1: <AUDIO1>
Audio 2: <AUDIO2>","You will hear two audios. Audio 1 is a reference tone — note name A4. Audio 2 is the target tone. What is the note name and octave of Audio 2, e.g. C4, F#3? Reply with ONLY the note name in Scientific Pitch Notation.
Audio 1: <AUDIO1>
Audio 2: <AUDIO2>","You will hear two audios. Audio 1 is a reference tone — solfège syllable 'la' (fixed-do: do=C re=D mi=E fa=F sol=G la=A si=B). Audio 2 is the target tone. What is the solfège syllable and accidental (if needed) of Audio 2? Reply with ONLY the syllable and accidental.
Audio 1: <AUDIO1>
Audio 2: <AUDIO2>","You will hear two audios. Audio 1 is a reference tone at 440.00 Hz. Audio 2 is the target tone. What is the pitch frequency of Audio 2 in Hertz? Reply with ONLY a number (the frequency in Hz).
Audio 1: <AUDIO1>
Audio 2: <AUDIO2>"
69,3,data/analysis_audio/pitchbench_d7b_pitch_with_reference_split/A4_voice_5000ms.wav,voice,instrument,72,64,0,0,0,0,C5,,0,0,0,do,,0,523.2511,,0,0,,,C5,,0,64,,,,data/analysis_audio/pitchbench_d7b_pitch_with_reference_split/C5_voice_5000ms.wav,C5_voice_5000ms.wav,"You will hear two audios. Audio 1 is a reference tone whose MIDI note number is 69. Audio 2 is the target tone. What is the MIDI note number of Audio 2? Reply with ONLY the integer.
Audio 1: <AUDIO1>
Audio 2: <AUDIO2>","You will hear two audios. Audio 1 is a reference tone — note name A4. Audio 2 is the target tone. What is the note name and octave of Audio 2, e.g. C4, F#3? Reply with ONLY the note name in Scientific Pitch Notation.
Audio 1: <AUDIO1>
Audio 2: <AUDIO2>","You will hear two audios. Audio 1 is a reference tone — solfège syllable 'la' (fixed-do: do=C re=D mi=E fa=F sol=G la=A si=B). Audio 2 is the target tone. What is the solfège syllable and accidental (if needed) of Audio 2? Reply with ONLY the syllable and accidental.
Audio 1: <AUDIO1>
Audio 2: <AUDIO2>","You will hear two audios. Audio 1 is a reference tone at 440.00 Hz. Audio 2 is the target tone. What is the pitch frequency of Audio 2 in Hertz? Reply with ONLY a number (the frequency in Hz).
Audio 1: <AUDIO1>
Audio 2: <AUDIO2>"
69,4,data/analysis_audio/pitchbench_d7b_pitch_with_reference_split/A4_sine_5000ms.wav,sine,waveform,73,72,0,1,0,1,C#5,,0,0,0,do#,,0,554.3653,,0,0,,,C#5,,0,72,,,,data/analysis_audio/pitchbench_d7b_pitch_with_reference_split/Cs5_sine_5000ms.wav,Cs5_sine_5000ms.wav,"You will hear two audios. Audio 1 is a reference tone whose MIDI note number is 69. Audio 2 is the target tone. What is the MIDI note number of Audio 2? Reply with ONLY the integer.
Audio 1: <AUDIO1>
Audio 2: <AUDIO2>","You will hear two audios. Audio 1 is a reference tone — note name A4. Audio 2 is the target tone. What is the note name and octave of Audio 2, e.g. C4, F#3? Reply with ONLY the note name in Scientific Pitch Notation.
Audio 1: <AUDIO1>
Audio 2: <AUDIO2>","You will hear two audios. Audio 1 is a reference tone — solfège syllable 'la' (fixed-do: do=C re=D mi=E fa=F sol=G la=A si=B). Audio 2 is the target tone. What is the solfège syllable and accidental (if needed) of Audio 2? Reply with ONLY the syllable and accidental.
Audio 1: <AUDIO1>
Audio 2: <AUDIO2>","You will hear two audios. Audio 1 is a reference tone at 440.00 Hz. Audio 2 is the target tone. What is the pitch frequency of Audio 2 in Hertz? Reply with ONLY a number (the frequency in Hz).
Audio 1: <AUDIO1>
Audio 2: <AUDIO2>"
69,4,data/analysis_audio/pitchbench_d7b_pitch_with_reference_split/A4_synth_lead_5000ms.wav,synth_lead,instrument,73,72,0,1,0,1,C#5,,0,0,0,do#,,0,554.3653,,0,0,,,C#5,,0,72,,,,data/analysis_audio/pitchbench_d7b_pitch_with_reference_split/Cs5_synth_lead_5000ms.wav,Cs5_synth_lead_5000ms.wav,"You will hear two audios. Audio 1 is a reference tone whose MIDI note number is 69. Audio 2 is the target tone. What is the MIDI note number of Audio 2? Reply with ONLY the integer.
Audio 1: <AUDIO1>
Audio 2: <AUDIO2>","You will hear two audios. Audio 1 is a reference tone — note name A4. Audio 2 is the target tone. What is the note name and octave of Audio 2, e.g. C4, F#3? Reply with ONLY the note name in Scientific Pitch Notation.
Audio 1: <AUDIO1>
Audio 2: <AUDIO2>","You will hear two audios. Audio 1 is a reference tone — solfège syllable 'la' (fixed-do: do=C re=D mi=E fa=F sol=G la=A si=B). Audio 2 is the target tone. What is the solfège syllable and accidental (if needed) of Audio 2? Reply with ONLY the syllable and accidental.
Audio 1: <AUDIO1>
Audio 2: <AUDIO2>","You will hear two audios. Audio 1 is a reference tone at 440.00 Hz. Audio 2 is the target tone. What is the pitch frequency of Audio 2 in Hertz? Reply with ONLY a number (the frequency in Hz).
Audio 1: <AUDIO1>
Audio 2: <AUDIO2>"
69,4,data/analysis_audio/pitchbench_d7b_pitch_with_reference_split/A4_cello_5000ms.wav,cello,instrument,73,72,0,1,0,1,C#5,,0,0,0,do#,,0,554.3653,,0,0,,,C#5,,0,72,,,,data/analysis_audio/pitchbench_d7b_pitch_with_reference_split/Cs5_cello_5000ms.wav,Cs5_cello_5000ms.wav,"You will hear two audios. Audio 1 is a reference tone whose MIDI note number is 69. Audio 2 is the target tone. What is the MIDI note number of Audio 2? Reply with ONLY the integer.
Audio 1: <AUDIO1>
Audio 2: <AUDIO2>","You will hear two audios. Audio 1 is a reference tone — note name A4. Audio 2 is the target tone. What is the note name and octave of Audio 2, e.g. C4, F#3? Reply with ONLY the note name in Scientific Pitch Notation.
Audio 1: <AUDIO1>
Audio 2: <AUDIO2>","You will hear two audios. Audio 1 is a reference tone — solfège syllable 'la' (fixed-do: do=C re=D mi=E fa=F sol=G la=A si=B). Audio 2 is the target tone. What is the solfège syllable and accidental (if needed) of Audio 2? Reply with ONLY the syllable and accidental.
Audio 1: <AUDIO1>
Audio 2: <AUDIO2>","You will hear two audios. Audio 1 is a reference tone at 440.00 Hz. Audio 2 is the target tone. What is the pitch frequency of Audio 2 in Hertz? Reply with ONLY a number (the frequency in Hz).
Audio 1: <AUDIO1>
Audio 2: <AUDIO2>"
69,4,data/analysis_audio/pitchbench_d7b_pitch_with_reference_split/A4_flute_5000ms.wav,flute,instrument,73,2,0,0,0,0,C#5,,0,0,0,do#,,0,554.3653,,0,0,,,C#5,,0,The target tone in Audio 2 corresponds to MIDI note number 72.,,,,data/analysis_audio/pitchbench_d7b_pitch_with_reference_split/Cs5_flute_5000ms.wav,Cs5_flute_5000ms.wav,"You will hear two audios. Audio 1 is a reference tone whose MIDI note number is 69. Audio 2 is the target tone. What is the MIDI note number of Audio 2? Reply with ONLY the integer.
Audio 1: <AUDIO1>
Audio 2: <AUDIO2>","You will hear two audios. Audio 1 is a reference tone — note name A4. Audio 2 is the target tone. What is the note name and octave of Audio 2, e.g. C4, F#3? Reply with ONLY the note name in Scientific Pitch Notation.
Audio 1: <AUDIO1>
Audio 2: <AUDIO2>","You will hear two audios. Audio 1 is a reference tone — solfège syllable 'la' (fixed-do: do=C re=D mi=E fa=F sol=G la=A si=B). Audio 2 is the target tone. What is the solfège syllable and accidental (if needed) of Audio 2? Reply with ONLY the syllable and accidental.
Audio 1: <AUDIO1>
Audio 2: <AUDIO2>","You will hear two audios. Audio 1 is a reference tone at 440.00 Hz. Audio 2 is the target tone. What is the pitch frequency of Audio 2 in Hertz? Reply with ONLY a number (the frequency in Hz).
Audio 1: <AUDIO1>
Audio 2: <AUDIO2>"
69,4,data/analysis_audio/pitchbench_d7b_pitch_with_reference_split/A4_piano_5000ms.wav,piano,instrument,73,2,0,0,0,0,C#5,,0,0,0,do#,,0,554.3653,,0,0,,,C#5,,0,The MIDI note number of Audio 2 is 72.,,,,data/analysis_audio/pitchbench_d7b_pitch_with_reference_split/Cs5_piano_5000ms.wav,Cs5_piano_5000ms.wav,"You will hear two audios. Audio 1 is a reference tone whose MIDI note number is 69. Audio 2 is the target tone. What is the MIDI note number of Audio 2? Reply with ONLY the integer.
Audio 1: <AUDIO1>
Audio 2: <AUDIO2>","You will hear two audios. Audio 1 is a reference tone — note name A4. Audio 2 is the target tone. What is the note name and octave of Audio 2, e.g. C4, F#3? Reply with ONLY the note name in Scientific Pitch Notation.
Audio 1: <AUDIO1>
Audio 2: <AUDIO2>","You will hear two audios. Audio 1 is a reference tone — solfège syllable 'la' (fixed-do: do=C re=D mi=E fa=F sol=G la=A si=B). Audio 2 is the target tone. What is the solfège syllable and accidental (if needed) of Audio 2? Reply with ONLY the syllable and accidental.
Audio 1: <AUDIO1>
Audio 2: <AUDIO2>","You will hear two audios. Audio 1 is a reference tone at 440.00 Hz. Audio 2 is the target tone. What is the pitch frequency of Audio 2 in Hertz? Reply with ONLY a number (the frequency in Hz).
Audio 1: <AUDIO1>
Audio 2: <AUDIO2>"
69,4,data/analysis_audio/pitchbench_d7b_pitch_with_reference_split/A4_voice_5000ms.wav,voice,instrument,73,72,0,1,0,1,C#5,,0,0,0,do#,,0,554.3653,,0,0,,,C#5,,0,72,,,,data/analysis_audio/pitchbench_d7b_pitch_with_reference_split/Cs5_voice_5000ms.wav,Cs5_voice_5000ms.wav,"You will hear two audios. Audio 1 is a reference tone whose MIDI note number is 69. Audio 2 is the target tone. What is the MIDI note number of Audio 2? Reply with ONLY the integer.
Audio 1: <AUDIO1>
Audio 2: <AUDIO2>","You will hear two audios. Audio 1 is a reference tone — note name A4. Audio 2 is the target tone. What is the note name and octave of Audio 2, e.g. C4, F#3? Reply with ONLY the note name in Scientific Pitch Notation.
Audio 1: <AUDIO1>
Audio 2: <AUDIO2>","You will hear two audios. Audio 1 is a reference tone — solfège syllable 'la' (fixed-do: do=C re=D mi=E fa=F sol=G la=A si=B). Audio 2 is the target tone. What is the solfège syllable and accidental (if needed) of Audio 2? Reply with ONLY the syllable and accidental.
Audio 1: <AUDIO1>
Audio 2: <AUDIO2>","You will hear two audios. Audio 1 is a reference tone at 440.00 Hz. Audio 2 is the target tone. What is the pitch frequency of Audio 2 in Hertz? Reply with ONLY a number (the frequency in Hz).
Audio 1: <AUDIO1>
Audio 2: <AUDIO2>"
69,5,data/analysis_audio/pitchbench_d7b_pitch_with_reference_split/A4_sine_5000ms.wav,sine,waveform,74,72,0,0,0,1,D5,,0,0,0,re,,0,587.3295,,0,0,,,D5,,0,72,,,,data/analysis_audio/pitchbench_d7b_pitch_with_reference_split/D5_sine_5000ms.wav,D5_sine_5000ms.wav,"You will hear two audios. Audio 1 is a reference tone whose MIDI note number is 69. Audio 2 is the target tone. What is the MIDI note number of Audio 2? Reply with ONLY the integer.
Audio 1: <AUDIO1>
Audio 2: <AUDIO2>","You will hear two audios. Audio 1 is a reference tone — note name A4. Audio 2 is the target tone. What is the note name and octave of Audio 2, e.g. C4, F#3? Reply with ONLY the note name in Scientific Pitch Notation.
Audio 1: <AUDIO1>
Audio 2: <AUDIO2>","You will hear two audios. Audio 1 is a reference tone — solfège syllable 'la' (fixed-do: do=C re=D mi=E fa=F sol=G la=A si=B). Audio 2 is the target tone. What is the solfège syllable and accidental (if needed) of Audio 2? Reply with ONLY the syllable and accidental.
Audio 1: <AUDIO1>
Audio 2: <AUDIO2>","You will hear two audios. Audio 1 is a reference tone at 440.00 Hz. Audio 2 is the target tone. What is the pitch frequency of Audio 2 in Hertz? Reply with ONLY a number (the frequency in Hz).
Audio 1: <AUDIO1>
Audio 2: <AUDIO2>"
69,5,data/analysis_audio/pitchbench_d7b_pitch_with_reference_split/A4_synth_lead_5000ms.wav,synth_lead,instrument,74,72,0,0,0,1,D5,,0,0,0,re,,0,587.3295,,0,0,,,D5,,0,72,,,,data/analysis_audio/pitchbench_d7b_pitch_with_reference_split/D5_synth_lead_5000ms.wav,D5_synth_lead_5000ms.wav,"You will hear two audios. Audio 1 is a reference tone whose MIDI note number is 69. Audio 2 is the target tone. What is the MIDI note number of Audio 2? Reply with ONLY the integer.
Audio 1: <AUDIO1>
Audio 2: <AUDIO2>","You will hear two audios. Audio 1 is a reference tone — note name A4. Audio 2 is the target tone. What is the note name and octave of Audio 2, e.g. C4, F#3? Reply with ONLY the note name in Scientific Pitch Notation.
Audio 1: <AUDIO1>
Audio 2: <AUDIO2>","You will hear two audios. Audio 1 is a reference tone — solfège syllable 'la' (fixed-do: do=C re=D mi=E fa=F sol=G la=A si=B). Audio 2 is the target tone. What is the solfège syllable and accidental (if needed) of Audio 2? Reply with ONLY the syllable and accidental.
Audio 1: <AUDIO1>
Audio 2: <AUDIO2>","You will hear two audios. Audio 1 is a reference tone at 440.00 Hz. Audio 2 is the target tone. What is the pitch frequency of Audio 2 in Hertz? Reply with ONLY a number (the frequency in Hz).
Audio 1: <AUDIO1>
Audio 2: <AUDIO2>"
69,5,data/analysis_audio/pitchbench_d7b_pitch_with_reference_split/A4_cello_5000ms.wav,cello,instrument,74,2,0,0,1,0,D5,,0,0,0,re,,0,587.3295,,0,0,,,D5,,0,"The target tone in Audio 2 is one whole step higher than the reference tone in Audio 1. A whole step corresponds to a difference of 2 MIDI note numbers.

Since the reference tone is MIDI note number 69, the target tone is 69 + 2 = 71.

71",,,,data/analysis_audio/pitchbench_d7b_pitch_with_reference_split/D5_cello_5000ms.wav,D5_cello_5000ms.wav,"You will hear two audios. Audio 1 is a reference tone whose MIDI note number is 69. Audio 2 is the target tone. What is the MIDI note number of Audio 2? Reply with ONLY the integer.
Audio 1: <AUDIO1>
Audio 2: <AUDIO2>","You will hear two audios. Audio 1 is a reference tone — note name A4. Audio 2 is the target tone. What is the note name and octave of Audio 2, e.g. C4, F#3? Reply with ONLY the note name in Scientific Pitch Notation.
Audio 1: <AUDIO1>
Audio 2: <AUDIO2>","You will hear two audios. Audio 1 is a reference tone — solfège syllable 'la' (fixed-do: do=C re=D mi=E fa=F sol=G la=A si=B). Audio 2 is the target tone. What is the solfège syllable and accidental (if needed) of Audio 2? Reply with ONLY the syllable and accidental.
Audio 1: <AUDIO1>
Audio 2: <AUDIO2>","You will hear two audios. Audio 1 is a reference tone at 440.00 Hz. Audio 2 is the target tone. What is the pitch frequency of Audio 2 in Hertz? Reply with ONLY a number (the frequency in Hz).
Audio 1: <AUDIO1>
Audio 2: <AUDIO2>"
69,5,data/analysis_audio/pitchbench_d7b_pitch_with_reference_split/A4_flute_5000ms.wav,flute,instrument,74,72,0,0,0,1,D5,,0,0,0,re,,0,587.3295,,0,0,,,D5,,0,72,,,,data/analysis_audio/pitchbench_d7b_pitch_with_reference_split/D5_flute_5000ms.wav,D5_flute_5000ms.wav,"You will hear two audios. Audio 1 is a reference tone whose MIDI note number is 69. Audio 2 is the target tone. What is the MIDI note number of Audio 2? Reply with ONLY the integer.
Audio 1: <AUDIO1>
Audio 2: <AUDIO2>","You will hear two audios. Audio 1 is a reference tone — note name A4. Audio 2 is the target tone. What is the note name and octave of Audio 2, e.g. C4, F#3? Reply with ONLY the note name in Scientific Pitch Notation.
Audio 1: <AUDIO1>
Audio 2: <AUDIO2>","You will hear two audios. Audio 1 is a reference tone — solfège syllable 'la' (fixed-do: do=C re=D mi=E fa=F sol=G la=A si=B). Audio 2 is the target tone. What is the solfège syllable and accidental (if needed) of Audio 2? Reply with ONLY the syllable and accidental.
Audio 1: <AUDIO1>
Audio 2: <AUDIO2>","You will hear two audios. Audio 1 is a reference tone at 440.00 Hz. Audio 2 is the target tone. What is the pitch frequency of Audio 2 in Hertz? Reply with ONLY a number (the frequency in Hz).
Audio 1: <AUDIO1>
Audio 2: <AUDIO2>"
69,5,data/analysis_audio/pitchbench_d7b_pitch_with_reference_split/A4_piano_5000ms.wav,piano,instrument,74,72,0,0,0,1,D5,,0,0,0,re,,0,587.3295,,0,0,,,D5,,0,72,,,,data/analysis_audio/pitchbench_d7b_pitch_with_reference_split/D5_piano_5000ms.wav,D5_piano_5000ms.wav,"You will hear two audios. Audio 1 is a reference tone whose MIDI note number is 69. Audio 2 is the target tone. What is the MIDI note number of Audio 2? Reply with ONLY the integer.
Audio 1: <AUDIO1>
Audio 2: <AUDIO2>","You will hear two audios. Audio 1 is a reference tone — note name A4. Audio 2 is the target tone. What is the note name and octave of Audio 2, e.g. C4, F#3? Reply with ONLY the note name in Scientific Pitch Notation.
Audio 1: <AUDIO1>
Audio 2: <AUDIO2>","You will hear two audios. Audio 1 is a reference tone — solfège syllable 'la' (fixed-do: do=C re=D mi=E fa=F sol=G la=A si=B). Audio 2 is the target tone. What is the solfège syllable and accidental (if needed) of Audio 2? Reply with ONLY the syllable and accidental.
Audio 1: <AUDIO1>
Audio 2: <AUDIO2>","You will hear two audios. Audio 1 is a reference tone at 440.00 Hz. Audio 2 is the target tone. What is the pitch frequency of Audio 2 in Hertz? Reply with ONLY a number (the frequency in Hz).
Audio 1: <AUDIO1>
Audio 2: <AUDIO2>"
69,5,data/analysis_audio/pitchbench_d7b_pitch_with_reference_split/A4_voice_5000ms.wav,voice,instrument,74,72,0,0,0,1,D5,,0,0,0,re,,0,587.3295,,0,0,,,D5,,0,72,,,,data/analysis_audio/pitchbench_d7b_pitch_with_reference_split/D5_voice_5000ms.wav,D5_voice_5000ms.wav,"You will hear two audios. Audio 1 is a reference tone whose MIDI note number is 69. Audio 2 is the target tone. What is the MIDI note number of Audio 2? Reply with ONLY the integer.
Audio 1: <AUDIO1>
Audio 2: <AUDIO2>","You will hear two audios. Audio 1 is a reference tone — note name A4. Audio 2 is the target tone. What is the note name and octave of Audio 2, e.g. C4, F#3? Reply with ONLY the note name in Scientific Pitch Notation.
Audio 1: <AUDIO1>
Audio 2: <AUDIO2>","You will hear two audios. Audio 1 is a reference tone — solfège syllable 'la' (fixed-do: do=C re=D mi=E fa=F sol=G la=A si=B). Audio 2 is the target tone. What is the solfège syllable and accidental (if needed) of Audio 2? Reply with ONLY the syllable and accidental.
Audio 1: <AUDIO1>
Audio 2: <AUDIO2>","You will hear two audios. Audio 1 is a reference tone at 440.00 Hz. Audio 2 is the target tone. What is the pitch frequency of Audio 2 in Hertz? Reply with ONLY a number (the frequency in Hz).
Audio 1: <AUDIO1>
Audio 2: <AUDIO2>"
69,7,data/analysis_audio/pitchbench_d7b_pitch_with_reference_split/A4_sine_5000ms.wav,sine,waveform,76,72,0,0,0,1,E5,,0,0,0,mi,,0,659.2551,,0,0,,,E5,,0,72,,,,data/analysis_audio/pitchbench_d7b_pitch_with_reference_split/E5_sine_5000ms.wav,E5_sine_5000ms.wav,"You will hear two audios. Audio 1 is a reference tone whose MIDI note number is 69. Audio 2 is the target tone. What is the MIDI note number of Audio 2? Reply with ONLY the integer.
Audio 1: <AUDIO1>
Audio 2: <AUDIO2>","You will hear two audios. Audio 1 is a reference tone — note name A4. Audio 2 is the target tone. What is the note name and octave of Audio 2, e.g. C4, F#3? Reply with ONLY the note name in Scientific Pitch Notation.
Audio 1: <AUDIO1>
Audio 2: <AUDIO2>","You will hear two audios. Audio 1 is a reference tone — solfège syllable 'la' (fixed-do: do=C re=D mi=E fa=F sol=G la=A si=B). Audio 2 is the target tone. What is the solfège syllable and accidental (if needed) of Audio 2? Reply with ONLY the syllable and accidental.
Audio 1: <AUDIO1>
Audio 2: <AUDIO2>","You will hear two audios. Audio 1 is a reference tone at 440.00 Hz. Audio 2 is the target tone. What is the pitch frequency of Audio 2 in Hertz? Reply with ONLY a number (the frequency in Hz).
Audio 1: <AUDIO1>
Audio 2: <AUDIO2>"
69,7,data/analysis_audio/pitchbench_d7b_pitch_with_reference_split/A4_synth_lead_5000ms.wav,synth_lead,instrument,76,72,0,0,0,1,E5,,0,0,0,mi,,0,659.2551,,0,0,,,E5,,0,72,,,,data/analysis_audio/pitchbench_d7b_pitch_with_reference_split/E5_synth_lead_5000ms.wav,E5_synth_lead_5000ms.wav,"You will hear two audios. Audio 1 is a reference tone whose MIDI note number is 69. Audio 2 is the target tone. What is the MIDI note number of Audio 2? Reply with ONLY the integer.
Audio 1: <AUDIO1>
Audio 2: <AUDIO2>","You will hear two audios. Audio 1 is a reference tone — note name A4. Audio 2 is the target tone. What is the note name and octave of Audio 2, e.g. C4, F#3? Reply with ONLY the note name in Scientific Pitch Notation.
Audio 1: <AUDIO1>
Audio 2: <AUDIO2>","You will hear two audios. Audio 1 is a reference tone — solfège syllable 'la' (fixed-do: do=C re=D mi=E fa=F sol=G la=A si=B). Audio 2 is the target tone. What is the solfège syllable and accidental (if needed) of Audio 2? Reply with ONLY the syllable and accidental.
Audio 1: <AUDIO1>
Audio 2: <AUDIO2>","You will hear two audios. Audio 1 is a reference tone at 440.00 Hz. Audio 2 is the target tone. What is the pitch frequency of Audio 2 in Hertz? Reply with ONLY a number (the frequency in Hz).
Audio 1: <AUDIO1>
Audio 2: <AUDIO2>"
69,7,data/analysis_audio/pitchbench_d7b_pitch_with_reference_split/A4_cello_5000ms.wav,cello,instrument,76,64,0,0,1,0,E5,,0,0,0,mi,,0,659.2551,,0,0,,,E5,,0,64,,,,data/analysis_audio/pitchbench_d7b_pitch_with_reference_split/E5_cello_5000ms.wav,E5_cello_5000ms.wav,"You will hear two audios. Audio 1 is a reference tone whose MIDI note number is 69. Audio 2 is the target tone. What is the MIDI note number of Audio 2? Reply with ONLY the integer.
Audio 1: <AUDIO1>
Audio 2: <AUDIO2>","You will hear two audios. Audio 1 is a reference tone — note name A4. Audio 2 is the target tone. What is the note name and octave of Audio 2, e.g. C4, F#3? Reply with ONLY the note name in Scientific Pitch Notation.
Audio 1: <AUDIO1>
Audio 2: <AUDIO2>","You will hear two audios. Audio 1 is a reference tone — solfège syllable 'la' (fixed-do: do=C re=D mi=E fa=F sol=G la=A si=B). Audio 2 is the target tone. What is the solfège syllable and accidental (if needed) of Audio 2? Reply with ONLY the syllable and accidental.
Audio 1: <AUDIO1>
Audio 2: <AUDIO2>","You will hear two audios. Audio 1 is a reference tone at 440.00 Hz. Audio 2 is the target tone. What is the pitch frequency of Audio 2 in Hertz? Reply with ONLY a number (the frequency in Hz).
Audio 1: <AUDIO1>
Audio 2: <AUDIO2>"
69,7,data/analysis_audio/pitchbench_d7b_pitch_with_reference_split/A4_flute_5000ms.wav,flute,instrument,76,72,0,0,0,1,E5,,0,0,0,mi,,0,659.2551,,0,0,,,E5,,0,72,,,,data/analysis_audio/pitchbench_d7b_pitch_with_reference_split/E5_flute_5000ms.wav,E5_flute_5000ms.wav,"You will hear two audios. Audio 1 is a reference tone whose MIDI note number is 69. Audio 2 is the target tone. What is the MIDI note number of Audio 2? Reply with ONLY the integer.
Audio 1: <AUDIO1>
Audio 2: <AUDIO2>","You will hear two audios. Audio 1 is a reference tone — note name A4. Audio 2 is the target tone. What is the note name and octave of Audio 2, e.g. C4, F#3? Reply with ONLY the note name in Scientific Pitch Notation.
Audio 1: <AUDIO1>
Audio 2: <AUDIO2>","You will hear two audios. Audio 1 is a reference tone — solfège syllable 'la' (fixed-do: do=C re=D mi=E fa=F sol=G la=A si=B). Audio 2 is the target tone. What is the solfège syllable and accidental (if needed) of Audio 2? Reply with ONLY the syllable and accidental.
Audio 1: <AUDIO1>
Audio 2: <AUDIO2>","You will hear two audios. Audio 1 is a reference tone at 440.00 Hz. Audio 2 is the target tone. What is the pitch frequency of Audio 2 in Hertz? Reply with ONLY a number (the frequency in Hz).
Audio 1: <AUDIO1>
Audio 2: <AUDIO2>"
69,7,data/analysis_audio/pitchbench_d7b_pitch_with_reference_split/A4_piano_5000ms.wav,piano,instrument,76,72,0,0,0,1,E5,,0,0,0,mi,,0,659.2551,,0,0,,,E5,,0,72,,,,data/analysis_audio/pitchbench_d7b_pitch_with_reference_split/E5_piano_5000ms.wav,E5_piano_5000ms.wav,"You will hear two audios. Audio 1 is a reference tone whose MIDI note number is 69. Audio 2 is the target tone. What is the MIDI note number of Audio 2? Reply with ONLY the integer.
Audio 1: <AUDIO1>
Audio 2: <AUDIO2>","You will hear two audios. Audio 1 is a reference tone — note name A4. Audio 2 is the target tone. What is the note name and octave of Audio 2, e.g. C4, F#3? Reply with ONLY the note name in Scientific Pitch Notation.
Audio 1: <AUDIO1>
Audio 2: <AUDIO2>","You will hear two audios. Audio 1 is a reference tone — solfège syllable 'la' (fixed-do: do=C re=D mi=E fa=F sol=G la=A si=B). Audio 2 is the target tone. What is the solfège syllable and accidental (if needed) of Audio 2? Reply with ONLY the syllable and accidental.
Audio 1: <AUDIO1>
Audio 2: <AUDIO2>","You will hear two audios. Audio 1 is a reference tone at 440.00 Hz. Audio 2 is the target tone. What is the pitch frequency of Audio 2 in Hertz? Reply with ONLY a number (the frequency in Hz).
Audio 1: <AUDIO1>
Audio 2: <AUDIO2>"
69,7,data/analysis_audio/pitchbench_d7b_pitch_with_reference_split/A4_voice_5000ms.wav,voice,instrument,76,2,0,0,0,0,E5,,0,0,0,mi,,0,659.2551,,0,0,,,E5,,0,The MIDI note number of Audio 2 is 72.,,,,data/analysis_audio/pitchbench_d7b_pitch_with_reference_split/E5_voice_5000ms.wav,E5_voice_5000ms.wav,"You will hear two audios. Audio 1 is a reference tone whose MIDI note number is 69. Audio 2 is the target tone. What is the MIDI note number of Audio 2? Reply with ONLY the integer.
Audio 1: <AUDIO1>
Audio 2: <AUDIO2>","You will hear two audios. Audio 1 is a reference tone — note name A4. Audio 2 is the target tone. What is the note name and octave of Audio 2, e.g. C4, F#3? Reply with ONLY the note name in Scientific Pitch Notation.
Audio 1: <AUDIO1>
Audio 2: <AUDIO2>","You will hear two audios. Audio 1 is a reference tone — solfège syllable 'la' (fixed-do: do=C re=D mi=E fa=F sol=G la=A si=B). Audio 2 is the target tone. What is the solfège syllable and accidental (if needed) of Audio 2? Reply with ONLY the syllable and accidental.
Audio 1: <AUDIO1>
Audio 2: <AUDIO2>","You will hear two audios. Audio 1 is a reference tone at 440.00 Hz. Audio 2 is the target tone. What is the pitch frequency of Audio 2 in Hertz? Reply with ONLY a number (the frequency in Hz).
Audio 1: <AUDIO1>
Audio 2: <AUDIO2>"
69,12,data/analysis_audio/pitchbench_d7b_pitch_with_reference_split/A4_sine_5000ms.wav,sine,waveform,81,72,0,0,0,1,A5,,0,0,0,la,,0,880.0,,0,0,,,A5,,0,72,,,,data/analysis_audio/pitchbench_d7b_pitch_with_reference_split/A5_sine_5000ms.wav,A5_sine_5000ms.wav,"You will hear two audios. Audio 1 is a reference tone whose MIDI note number is 69. Audio 2 is the target tone. What is the MIDI note number of Audio 2? Reply with ONLY the integer.
Audio 1: <AUDIO1>
Audio 2: <AUDIO2>","You will hear two audios. Audio 1 is a reference tone — note name A4. Audio 2 is the target tone. What is the note name and octave of Audio 2, e.g. C4, F#3? Reply with ONLY the note name in Scientific Pitch Notation.
Audio 1: <AUDIO1>
Audio 2: <AUDIO2>","You will hear two audios. Audio 1 is a reference tone — solfège syllable 'la' (fixed-do: do=C re=D mi=E fa=F sol=G la=A si=B). Audio 2 is the target tone. What is the solfège syllable and accidental (if needed) of Audio 2? Reply with ONLY the syllable and accidental.
Audio 1: <AUDIO1>
Audio 2: <AUDIO2>","You will hear two audios. Audio 1 is a reference tone at 440.00 Hz. Audio 2 is the target tone. What is the pitch frequency of Audio 2 in Hertz? Reply with ONLY a number (the frequency in Hz).
Audio 1: <AUDIO1>
Audio 2: <AUDIO2>"
69,12,data/analysis_audio/pitchbench_d7b_pitch_with_reference_split/A4_synth_lead_5000ms.wav,synth_lead,instrument,81,2,0,0,0,0,A5,,0,0,0,la,,0,880.0,,0,0,,,A5,,0,The MIDI note number of Audio 2 is 72.,,,,data/analysis_audio/pitchbench_d7b_pitch_with_reference_split/A5_synth_lead_5000ms.wav,A5_synth_lead_5000ms.wav,"You will hear two audios. Audio 1 is a reference tone whose MIDI note number is 69. Audio 2 is the target tone. What is the MIDI note number of Audio 2? Reply with ONLY the integer.
Audio 1: <AUDIO1>
Audio 2: <AUDIO2>","You will hear two audios. Audio 1 is a reference tone — note name A4. Audio 2 is the target tone. What is the note name and octave of Audio 2, e.g. C4, F#3? Reply with ONLY the note name in Scientific Pitch Notation.
Audio 1: <AUDIO1>
Audio 2: <AUDIO2>","You will hear two audios. Audio 1 is a reference tone — solfège syllable 'la' (fixed-do: do=C re=D mi=E fa=F sol=G la=A si=B). Audio 2 is the target tone. What is the solfège syllable and accidental (if needed) of Audio 2? Reply with ONLY the syllable and accidental.
Audio 1: <AUDIO1>
Audio 2: <AUDIO2>","You will hear two audios. Audio 1 is a reference tone at 440.00 Hz. Audio 2 is the target tone. What is the pitch frequency of Audio 2 in Hertz? Reply with ONLY a number (the frequency in Hz).
Audio 1: <AUDIO1>
Audio 2: <AUDIO2>"
69,12,data/analysis_audio/pitchbench_d7b_pitch_with_reference_split/A4_cello_5000ms.wav,cello,instrument,81,72,0,0,0,1,A5,,0,0,0,la,,0,880.0,,0,0,,,A5,,0,72,,,,data/analysis_audio/pitchbench_d7b_pitch_with_reference_split/A5_cello_5000ms.wav,A5_cello_5000ms.wav,"You will hear two audios. Audio 1 is a reference tone whose MIDI note number is 69. Audio 2 is the target tone. What is the MIDI note number of Audio 2? Reply with ONLY the integer.
Audio 1: <AUDIO1>
Audio 2: <AUDIO2>","You will hear two audios. Audio 1 is a reference tone — note name A4. Audio 2 is the target tone. What is the note name and octave of Audio 2, e.g. C4, F#3? Reply with ONLY the note name in Scientific Pitch Notation.
Audio 1: <AUDIO1>
Audio 2: <AUDIO2>","You will hear two audios. Audio 1 is a reference tone — solfège syllable 'la' (fixed-do: do=C re=D mi=E fa=F sol=G la=A si=B). Audio 2 is the target tone. What is the solfège syllable and accidental (if needed) of Audio 2? Reply with ONLY the syllable and accidental.
Audio 1: <AUDIO1>
Audio 2: <AUDIO2>","You will hear two audios. Audio 1 is a reference tone at 440.00 Hz. Audio 2 is the target tone. What is the pitch frequency of Audio 2 in Hertz? Reply with ONLY a number (the frequency in Hz).
Audio 1: <AUDIO1>
Audio 2: <AUDIO2>"
69,12,data/analysis_audio/pitchbench_d7b_pitch_with_reference_split/A4_flute_5000ms.wav,flute,instrument,81,76,0,0,0,1,A5,,0,0,0,la,,0,880.0,,0,0,,,A5,,0,76,,,,data/analysis_audio/pitchbench_d7b_pitch_with_reference_split/A5_flute_5000ms.wav,A5_flute_5000ms.wav,"You will hear two audios. Audio 1 is a reference tone whose MIDI note number is 69. Audio 2 is the target tone. What is the MIDI note number of Audio 2? Reply with ONLY the integer.
Audio 1: <AUDIO1>
Audio 2: <AUDIO2>","You will hear two audios. Audio 1 is a reference tone — note name A4. Audio 2 is the target tone. What is the note name and octave of Audio 2, e.g. C4, F#3? Reply with ONLY the note name in Scientific Pitch Notation.
Audio 1: <AUDIO1>
Audio 2: <AUDIO2>","You will hear two audios. Audio 1 is a reference tone — solfège syllable 'la' (fixed-do: do=C re=D mi=E fa=F sol=G la=A si=B). Audio 2 is the target tone. What is the solfège syllable and accidental (if needed) of Audio 2? Reply with ONLY the syllable and accidental.
Audio 1: <AUDIO1>
Audio 2: <AUDIO2>","You will hear two audios. Audio 1 is a reference tone at 440.00 Hz. Audio 2 is the target tone. What is the pitch frequency of Audio 2 in Hertz? Reply with ONLY a number (the frequency in Hz).
Audio 1: <AUDIO1>
Audio 2: <AUDIO2>"
69,12,data/analysis_audio/pitchbench_d7b_pitch_with_reference_split/A4_piano_5000ms.wav,piano,instrument,81,72,0,0,0,1,A5,,0,0,0,la,,0,880.0,,0,0,,,A5,,0,72,,,,data/analysis_audio/pitchbench_d7b_pitch_with_reference_split/A5_piano_5000ms.wav,A5_piano_5000ms.wav,"You will hear two audios. Audio 1 is a reference tone whose MIDI note number is 69. Audio 2 is the target tone. What is the MIDI note number of Audio 2? Reply with ONLY the integer.
Audio 1: <AUDIO1>
Audio 2: <AUDIO2>","You will hear two audios. Audio 1 is a reference tone — note name A4. Audio 2 is the target tone. What is the note name and octave of Audio 2, e.g. C4, F#3? Reply with ONLY the note name in Scientific Pitch Notation.
Audio 1: <AUDIO1>
Audio 2: <AUDIO2>","You will hear two audios. Audio 1 is a reference tone — solfège syllable 'la' (fixed-do: do=C re=D mi=E fa=F sol=G la=A si=B). Audio 2 is the target tone. What is the solfège syllable and accidental (if needed) of Audio 2? Reply with ONLY the syllable and accidental.
Audio 1: <AUDIO1>
Audio 2: <AUDIO2>","You will hear two audios. Audio 1 is a reference tone at 440.00 Hz. Audio 2 is the target tone. What is the pitch frequency of Audio 2 in Hertz? Reply with ONLY a number (the frequency in Hz).
Audio 1: <AUDIO1>
Audio 2: <AUDIO2>"
69,12,data/analysis_audio/pitchbench_d7b_pitch_with_reference_split/A4_voice_5000ms.wav,voice,instrument,81,72,0,0,0,1,A5,,0,0,0,la,,0,880.0,,0,0,,,A5,,0,72,,,,data/analysis_audio/pitchbench_d7b_pitch_with_reference_split/A5_voice_5000ms.wav,A5_voice_5000ms.wav,"You will hear two audios. Audio 1 is a reference tone whose MIDI note number is 69. Audio 2 is the target tone. What is the MIDI note number of Audio 2? Reply with ONLY the integer.
Audio 1: <AUDIO1>
Audio 2: <AUDIO2>","You will hear two audios. Audio 1 is a reference tone — note name A4. Audio 2 is the target tone. What is the note name and octave of Audio 2, e.g. C4, F#3? Reply with ONLY the note name in Scientific Pitch Notation.
Audio 1: <AUDIO1>
Audio 2: <AUDIO2>","You will hear two audios. Audio 1 is a reference tone — solfège syllable 'la' (fixed-do: do=C re=D mi=E fa=F sol=G la=A si=B). Audio 2 is the target tone. What is the solfège syllable and accidental (if needed) of Audio 2? Reply with ONLY the syllable and accidental.
Audio 1: <AUDIO1>
Audio 2: <AUDIO2>","You will hear two audios. Audio 1 is a reference tone at 440.00 Hz. Audio 2 is the target tone. What is the pitch frequency of Audio 2 in Hertz? Reply with ONLY a number (the frequency in Hz).
Audio 1: <AUDIO1>
Audio 2: <AUDIO2>"
53,-12,data/analysis_audio/pitchbench_d7b_pitch_with_reference_split/F3_sine_5000ms.wav,sine,waveform,41,2,0,0,0,0,F2,,0,0,0,fa,,0,87.3071,,0,0,,,F2,,0,The MIDI note number of Audio 2 is 57.,,,,data/analysis_audio/pitchbench_d7b_pitch_with_reference_split/F2_sine_5000ms.wav,F2_sine_5000ms.wav,"You will hear two audios. Audio 1 is a reference tone whose MIDI note number is 53. Audio 2 is the target tone. What is the MIDI note number of Audio 2? Reply with ONLY the integer.
Audio 1: <AUDIO1>
Audio 2: <AUDIO2>","You will hear two audios. Audio 1 is a reference tone — note name F3. Audio 2 is the target tone. What is the note name and octave of Audio 2, e.g. C4, F#3? Reply with ONLY the note name in Scientific Pitch Notation.
Audio 1: <AUDIO1>
Audio 2: <AUDIO2>","You will hear two audios. Audio 1 is a reference tone — solfège syllable 'fa' (fixed-do: do=C re=D mi=E fa=F sol=G la=A si=B). Audio 2 is the target tone. What is the solfège syllable and accidental (if needed) of Audio 2? Reply with ONLY the syllable and accidental.
Audio 1: <AUDIO1>
Audio 2: <AUDIO2>","You will hear two audios. Audio 1 is a reference tone at 174.61 Hz. Audio 2 is the target tone. What is the pitch frequency of Audio 2 in Hertz? Reply with ONLY a number (the frequency in Hz).
Audio 1: <AUDIO1>
Audio 2: <AUDIO2>"
53,-12,data/analysis_audio/pitchbench_d7b_pitch_with_reference_split/F3_synth_lead_5000ms.wav,synth_lead,instrument,41,61,0,0,0,0,F2,,0,0,0,fa,,0,87.3071,,0,0,,,F2,,0,61,,,,data/analysis_audio/pitchbench_d7b_pitch_with_reference_split/F2_synth_lead_5000ms.wav,F2_synth_lead_5000ms.wav,"You will hear two audios. Audio 1 is a reference tone whose MIDI note number is 53. Audio 2 is the target tone. What is the MIDI note number of Audio 2? Reply with ONLY the integer.
Audio 1: <AUDIO1>
Audio 2: <AUDIO2>","You will hear two audios. Audio 1 is a reference tone — note name F3. Audio 2 is the target tone. What is the note name and octave of Audio 2, e.g. C4, F#3? Reply with ONLY the note name in Scientific Pitch Notation.
Audio 1: <AUDIO1>
Audio 2: <AUDIO2>","You will hear two audios. Audio 1 is a reference tone — solfège syllable 'fa' (fixed-do: do=C re=D mi=E fa=F sol=G la=A si=B). Audio 2 is the target tone. What is the solfège syllable and accidental (if needed) of Audio 2? Reply with ONLY the syllable and accidental.
Audio 1: <AUDIO1>
Audio 2: <AUDIO2>","You will hear two audios. Audio 1 is a reference tone at 174.61 Hz. Audio 2 is the target tone. What is the pitch frequency of Audio 2 in Hertz? Reply with ONLY a number (the frequency in Hz).
Audio 1: <AUDIO1>
Audio 2: <AUDIO2>"
53,-12,data/analysis_audio/pitchbench_d7b_pitch_with_reference_split/F3_cello_5000ms.wav,cello,instrument,41,2,0,0,0,0,F2,,0,0,0,fa,,0,87.3071,,0,0,,,F2,,0,The MIDI note number of Audio 2 is 50.,,,,data/analysis_audio/pitchbench_d7b_pitch_with_reference_split/F2_cello_5000ms.wav,F2_cello_5000ms.wav,"You will hear two audios. Audio 1 is a reference tone whose MIDI note number is 53. Audio 2 is the target tone. What is the MIDI note number of Audio 2? Reply with ONLY the integer.
Audio 1: <AUDIO1>
Audio 2: <AUDIO2>","You will hear two audios. Audio 1 is a reference tone — note name F3. Audio 2 is the target tone. What is the note name and octave of Audio 2, e.g. C4, F#3? Reply with ONLY the note name in Scientific Pitch Notation.
Audio 1: <AUDIO1>
Audio 2: <AUDIO2>","You will hear two audios. Audio 1 is a reference tone — solfège syllable 'fa' (fixed-do: do=C re=D mi=E fa=F sol=G la=A si=B). Audio 2 is the target tone. What is the solfège syllable and accidental (if needed) of Audio 2? Reply with ONLY the syllable and accidental.
Audio 1: <AUDIO1>
Audio 2: <AUDIO2>","You will hear two audios. Audio 1 is a reference tone at 174.61 Hz. Audio 2 is the target tone. What is the pitch frequency of Audio 2 in Hertz? Reply with ONLY a number (the frequency in Hz).
Audio 1: <AUDIO1>
Audio 2: <AUDIO2>"
53,-12,data/analysis_audio/pitchbench_d7b_pitch_with_reference_split/F3_flute_5000ms.wav,flute,instrument,41,2,0,0,0,0,F2,,0,0,0,fa,,0,87.3071,,0,0,,,F2,,0,The target tone in Audio 2 is 57.,,,,data/analysis_audio/pitchbench_d7b_pitch_with_reference_split/F2_flute_5000ms.wav,F2_flute_5000ms.wav,"You will hear two audios. Audio 1 is a reference tone whose MIDI note number is 53. Audio 2 is the target tone. What is the MIDI note number of Audio 2? Reply with ONLY the integer.
Audio 1: <AUDIO1>
Audio 2: <AUDIO2>","You will hear two audios. Audio 1 is a reference tone — note name F3. Audio 2 is the target tone. What is the note name and octave of Audio 2, e.g. C4, F#3? Reply with ONLY the note name in Scientific Pitch Notation.
Audio 1: <AUDIO1>
Audio 2: <AUDIO2>","You will hear two audios. Audio 1 is a reference tone — solfège syllable 'fa' (fixed-do: do=C re=D mi=E fa=F sol=G la=A si=B). Audio 2 is the target tone. What is the solfège syllable and accidental (if needed) of Audio 2? Reply with ONLY the syllable and accidental.
Audio 1: <AUDIO1>
Audio 2: <AUDIO2>","You will hear two audios. Audio 1 is a reference tone at 174.61 Hz. Audio 2 is the target tone. What is the pitch frequency of Audio 2 in Hertz? Reply with ONLY a number (the frequency in Hz).
Audio 1: <AUDIO1>
Audio 2: <AUDIO2>"
53,-12,data/analysis_audio/pitchbench_d7b_pitch_with_reference_split/F3_piano_5000ms.wav,piano,instrument,41,2,0,0,0,0,F2,,0,0,0,fa,,0,87.3071,,0,0,,,F2,,0,The MIDI note number of Audio 2 is 57.,,,,data/analysis_audio/pitchbench_d7b_pitch_with_reference_split/F2_piano_5000ms.wav,F2_piano_5000ms.wav,"You will hear two audios. Audio 1 is a reference tone whose MIDI note number is 53. Audio 2 is the target tone. What is the MIDI note number of Audio 2? Reply with ONLY the integer.
Audio 1: <AUDIO1>
Audio 2: <AUDIO2>","You will hear two audios. Audio 1 is a reference tone — note name F3. Audio 2 is the target tone. What is the note name and octave of Audio 2, e.g. C4, F#3? Reply with ONLY the note name in Scientific Pitch Notation.
Audio 1: <AUDIO1>
Audio 2: <AUDIO2>","You will hear two audios. Audio 1 is a reference tone — solfège syllable 'fa' (fixed-do: do=C re=D mi=E fa=F sol=G la=A si=B). Audio 2 is the target tone. What is the solfège syllable and accidental (if needed) of Audio 2? Reply with ONLY the syllable and accidental.
Audio 1: <AUDIO1>
Audio 2: <AUDIO2>","You will hear two audios. Audio 1 is a reference tone at 174.61 Hz. Audio 2 is the target tone. What is the pitch frequency of Audio 2 in Hertz? Reply with ONLY a number (the frequency in Hz).
Audio 1: <AUDIO1>
Audio 2: <AUDIO2>"
53,-12,data/analysis_audio/pitchbench_d7b_pitch_with_reference_split/F3_voice_5000ms.wav,voice,instrument,41,2,0,0,0,0,F2,,0,0,0,fa,,0,87.3071,,0,0,,,F2,,0,The MIDI note number of Audio 2 is 57.,,,,data/analysis_audio/pitchbench_d7b_pitch_with_reference_split/F2_voice_5000ms.wav,F2_voice_5000ms.wav,"You will hear two audios. Audio 1 is a reference tone whose MIDI note number is 53. Audio 2 is the target tone. What is the MIDI note number of Audio 2? Reply with ONLY the integer.
Audio 1: <AUDIO1>
Audio 2: <AUDIO2>","You will hear two audios. Audio 1 is a reference tone — note name F3. Audio 2 is the target tone. What is the note name and octave of Audio 2, e.g. C4, F#3? Reply with ONLY the note name in Scientific Pitch Notation.
Audio 1: <AUDIO1>
Audio 2: <AUDIO2>","You will hear two audios. Audio 1 is a reference tone — solfège syllable 'fa' (fixed-do: do=C re=D mi=E fa=F sol=G la=A si=B). Audio 2 is the target tone. What is the solfège syllable and accidental (if needed) of Audio 2? Reply with ONLY the syllable and accidental.
Audio 1: <AUDIO1>
Audio 2: <AUDIO2>","You will hear two audios. Audio 1 is a reference tone at 174.61 Hz. Audio 2 is the target tone. What is the pitch frequency of Audio 2 in Hertz? Reply with ONLY a number (the frequency in Hz).
Audio 1: <AUDIO1>
Audio 2: <AUDIO2>"
53,-7,data/analysis_audio/pitchbench_d7b_pitch_with_reference_split/F3_sine_5000ms.wav,sine,waveform,46,4,0,0,0,0,A#2,,0,0,0,la#,,0,116.5409,,0,0,,,A#2,,0,"The target tone is 4 semitones higher than the reference tone. The reference tone is MIDI note number 53, so the target tone is 53 + 4 = 57. 

The MIDI note number of Audio 2 is 57.",,,,data/analysis_audio/pitchbench_d7b_pitch_with_reference_split/As2_sine_5000ms.wav,As2_sine_5000ms.wav,"You will hear two audios. Audio 1 is a reference tone whose MIDI note number is 53. Audio 2 is the target tone. What is the MIDI note number of Audio 2? Reply with ONLY the integer.
Audio 1: <AUDIO1>
Audio 2: <AUDIO2>","You will hear two audios. Audio 1 is a reference tone — note name F3. Audio 2 is the target tone. What is the note name and octave of Audio 2, e.g. C4, F#3? Reply with ONLY the note name in Scientific Pitch Notation.
Audio 1: <AUDIO1>
Audio 2: <AUDIO2>","You will hear two audios. Audio 1 is a reference tone — solfège syllable 'fa' (fixed-do: do=C re=D mi=E fa=F sol=G la=A si=B). Audio 2 is the target tone. What is the solfège syllable and accidental (if needed) of Audio 2? Reply with ONLY the syllable and accidental.
Audio 1: <AUDIO1>
Audio 2: <AUDIO2>","You will hear two audios. Audio 1 is a reference tone at 174.61 Hz. Audio 2 is the target tone. What is the pitch frequency of Audio 2 in Hertz? Reply with ONLY a number (the frequency in Hz).
Audio 1: <AUDIO1>
Audio 2: <AUDIO2>"
53,-7,data/analysis_audio/pitchbench_d7b_pitch_with_reference_split/F3_synth_lead_5000ms.wav,synth_lead,instrument,46,59,0,0,0,0,A#2,,0,0,0,la#,,0,116.5409,,0,0,,,A#2,,0,59,,,,data/analysis_audio/pitchbench_d7b_pitch_with_reference_split/As2_synth_lead_5000ms.wav,As2_synth_lead_5000ms.wav,"You will hear two audios. Audio 1 is a reference tone whose MIDI note number is 53. Audio 2 is the target tone. What is the MIDI note number of Audio 2? Reply with ONLY the integer.
Audio 1: <AUDIO1>
Audio 2: <AUDIO2>","You will hear two audios. Audio 1 is a reference tone — note name F3. Audio 2 is the target tone. What is the note name and octave of Audio 2, e.g. C4, F#3? Reply with ONLY the note name in Scientific Pitch Notation.
Audio 1: <AUDIO1>
Audio 2: <AUDIO2>","You will hear two audios. Audio 1 is a reference tone — solfège syllable 'fa' (fixed-do: do=C re=D mi=E fa=F sol=G la=A si=B). Audio 2 is the target tone. What is the solfège syllable and accidental (if needed) of Audio 2? Reply with ONLY the syllable and accidental.
Audio 1: <AUDIO1>
Audio 2: <AUDIO2>","You will hear two audios. Audio 1 is a reference tone at 174.61 Hz. Audio 2 is the target tone. What is the pitch frequency of Audio 2 in Hertz? Reply with ONLY a number (the frequency in Hz).
Audio 1: <AUDIO1>
Audio 2: <AUDIO2>"
53,-7,data/analysis_audio/pitchbench_d7b_pitch_with_reference_split/F3_cello_5000ms.wav,cello,instrument,46,2,0,0,0,0,A#2,,0,0,0,la#,,0,116.5409,,0,0,,,A#2,,0,The MIDI note number of Audio 2 is 57.,,,,data/analysis_audio/pitchbench_d7b_pitch_with_reference_split/As2_cello_5000ms.wav,As2_cello_5000ms.wav,"You will hear two audios. Audio 1 is a reference tone whose MIDI note number is 53. Audio 2 is the target tone. What is the MIDI note number of Audio 2? Reply with ONLY the integer.
Audio 1: <AUDIO1>
Audio 2: <AUDIO2>","You will hear two audios. Audio 1 is a reference tone — note name F3. Audio 2 is the target tone. What is the note name and octave of Audio 2, e.g. C4, F#3? Reply with ONLY the note name in Scientific Pitch Notation.
Audio 1: <AUDIO1>
Audio 2: <AUDIO2>","You will hear two audios. Audio 1 is a reference tone — solfège syllable 'fa' (fixed-do: do=C re=D mi=E fa=F sol=G la=A si=B). Audio 2 is the target tone. What is the solfège syllable and accidental (if needed) of Audio 2? Reply with ONLY the syllable and accidental.
Audio 1: <AUDIO1>
Audio 2: <AUDIO2>","You will hear two audios. Audio 1 is a reference tone at 174.61 Hz. Audio 2 is the target tone. What is the pitch frequency of Audio 2 in Hertz? Reply with ONLY a number (the frequency in Hz).
Audio 1: <AUDIO1>
Audio 2: <AUDIO2>"
53,-7,data/analysis_audio/pitchbench_d7b_pitch_with_reference_split/F3_flute_5000ms.wav,flute,instrument,46,2,0,0,0,0,A#2,,0,0,0,la#,,0,116.5409,,0,0,,,A#2,,0,"The target tone in Audio 2 is one whole step higher than the reference tone in Audio 1. A whole step corresponds to an increase of 2 MIDI note numbers.

Since the reference tone is MIDI note number 53, the target tone is 53 + 2 = 55.

Therefore, the MIDI note number of Audio 2 is:

55",,,,data/analysis_audio/pitchbench_d7b_pitch_with_reference_split/As2_flute_5000ms.wav,As2_flute_5000ms.wav,"You will hear two audios. Audio 1 is a reference tone whose MIDI note number is 53. Audio 2 is the target tone. What is the MIDI note number of Audio 2? Reply with ONLY the integer.
Audio 1: <AUDIO1>
Audio 2: <AUDIO2>","You will hear two audios. Audio 1 is a reference tone — note name F3. Audio 2 is the target tone. What is the note name and octave of Audio 2, e.g. C4, F#3? Reply with ONLY the note name in Scientific Pitch Notation.
Audio 1: <AUDIO1>
Audio 2: <AUDIO2>","You will hear two audios. Audio 1 is a reference tone — solfège syllable 'fa' (fixed-do: do=C re=D mi=E fa=F sol=G la=A si=B). Audio 2 is the target tone. What is the solfège syllable and accidental (if needed) of Audio 2? Reply with ONLY the syllable and accidental.
Audio 1: <AUDIO1>
Audio 2: <AUDIO2>","You will hear two audios. Audio 1 is a reference tone at 174.61 Hz. Audio 2 is the target tone. What is the pitch frequency of Audio 2 in Hertz? Reply with ONLY a number (the frequency in Hz).
Audio 1: <AUDIO1>
Audio 2: <AUDIO2>"
53,-7,data/analysis_audio/pitchbench_d7b_pitch_with_reference_split/F3_piano_5000ms.wav,piano,instrument,46,2,0,0,0,0,A#2,,0,0,0,la#,,0,116.5409,,0,0,,,A#2,,0,The target tone in Audio 2 corresponds to MIDI note number 57.,,,,data/analysis_audio/pitchbench_d7b_pitch_with_reference_split/As2_piano_5000ms.wav,As2_piano_5000ms.wav,"You will hear two audios. Audio 1 is a reference tone whose MIDI note number is 53. Audio 2 is the target tone. What is the MIDI note number of Audio 2? Reply with ONLY the integer.
Audio 1: <AUDIO1>
Audio 2: <AUDIO2>","You will hear two audios. Audio 1 is a reference tone — note name F3. Audio 2 is the target tone. What is the note name and octave of Audio 2, e.g. C4, F#3? Reply with ONLY the note name in Scientific Pitch Notation.
Audio 1: <AUDIO1>
Audio 2: <AUDIO2>","You will hear two audios. Audio 1 is a reference tone — solfège syllable 'fa' (fixed-do: do=C re=D mi=E fa=F sol=G la=A si=B). Audio 2 is the target tone. What is the solfège syllable and accidental (if needed) of Audio 2? Reply with ONLY the syllable and accidental.
Audio 1: <AUDIO1>
Audio 2: <AUDIO2>","You will hear two audios. Audio 1 is a reference tone at 174.61 Hz. Audio 2 is the target tone. What is the pitch frequency of Audio 2 in Hertz? Reply with ONLY a number (the frequency in Hz).
Audio 1: <AUDIO1>
Audio 2: <AUDIO2>"
53,-7,data/analysis_audio/pitchbench_d7b_pitch_with_reference_split/F3_voice_5000ms.wav,voice,instrument,46,61,0,0,0,0,A#2,,0,0,0,la#,,0,116.5409,,0,0,,,A#2,,0,61,,,,data/analysis_audio/pitchbench_d7b_pitch_with_reference_split/As2_voice_5000ms.wav,As2_voice_5000ms.wav,"You will hear two audios. Audio 1 is a reference tone whose MIDI note number is 53. Audio 2 is the target tone. What is the MIDI note number of Audio 2? Reply with ONLY the integer.
Audio 1: <AUDIO1>
Audio 2: <AUDIO2>","You will hear two audios. Audio 1 is a reference tone — note name F3. Audio 2 is the target tone. What is the note name and octave of Audio 2, e.g. C4, F#3? Reply with ONLY the note name in Scientific Pitch Notation.
Audio 1: <AUDIO1>
Audio 2: <AUDIO2>","You will hear two audios. Audio 1 is a reference tone — solfège syllable 'fa' (fixed-do: do=C re=D mi=E fa=F sol=G la=A si=B). Audio 2 is the target tone. What is the solfège syllable and accidental (if needed) of Audio 2? Reply with ONLY the syllable and accidental.
Audio 1: <AUDIO1>
Audio 2: <AUDIO2>","You will hear two audios. Audio 1 is a reference tone at 174.61 Hz. Audio 2 is the target tone. What is the pitch frequency of Audio 2 in Hertz? Reply with ONLY a number (the frequency in Hz).
Audio 1: <AUDIO1>
Audio 2: <AUDIO2>"
53,-5,data/analysis_audio/pitchbench_d7b_pitch_with_reference_split/F3_sine_5000ms.wav,sine,waveform,48,2,0,0,0,0,C3,,0,0,0,do,,0,130.8128,,0,0,,,C3,,0,The target tone in Audio 2 is 56.,,,,data/analysis_audio/pitchbench_d7b_pitch_with_reference_split/C3_sine_5000ms.wav,C3_sine_5000ms.wav,"You will hear two audios. Audio 1 is a reference tone whose MIDI note number is 53. Audio 2 is the target tone. What is the MIDI note number of Audio 2? Reply with ONLY the integer.
Audio 1: <AUDIO1>
Audio 2: <AUDIO2>","You will hear two audios. Audio 1 is a reference tone — note name F3. Audio 2 is the target tone. What is the note name and octave of Audio 2, e.g. C4, F#3? Reply with ONLY the note name in Scientific Pitch Notation.
Audio 1: <AUDIO1>
Audio 2: <AUDIO2>","You will hear two audios. Audio 1 is a reference tone — solfège syllable 'fa' (fixed-do: do=C re=D mi=E fa=F sol=G la=A si=B). Audio 2 is the target tone. What is the solfège syllable and accidental (if needed) of Audio 2? Reply with ONLY the syllable and accidental.
Audio 1: <AUDIO1>
Audio 2: <AUDIO2>","You will hear two audios. Audio 1 is a reference tone at 174.61 Hz. Audio 2 is the target tone. What is the pitch frequency of Audio 2 in Hertz? Reply with ONLY a number (the frequency in Hz).
Audio 1: <AUDIO1>
Audio 2: <AUDIO2>"
53,-5,data/analysis_audio/pitchbench_d7b_pitch_with_reference_split/F3_synth_lead_5000ms.wav,synth_lead,instrument,48,2,0,0,0,0,C3,,0,0,0,do,,0,130.8128,,0,0,,,C3,,0,The MIDI note number of Audio 2 is 57.,,,,data/analysis_audio/pitchbench_d7b_pitch_with_reference_split/C3_synth_lead_5000ms.wav,C3_synth_lead_5000ms.wav,"You will hear two audios. Audio 1 is a reference tone whose MIDI note number is 53. Audio 2 is the target tone. What is the MIDI note number of Audio 2? Reply with ONLY the integer.
Audio 1: <AUDIO1>
Audio 2: <AUDIO2>","You will hear two audios. Audio 1 is a reference tone — note name F3. Audio 2 is the target tone. What is the note name and octave of Audio 2, e.g. C4, F#3? Reply with ONLY the note name in Scientific Pitch Notation.
Audio 1: <AUDIO1>
Audio 2: <AUDIO2>","You will hear two audios. Audio 1 is a reference tone — solfège syllable 'fa' (fixed-do: do=C re=D mi=E fa=F sol=G la=A si=B). Audio 2 is the target tone. What is the solfège syllable and accidental (if needed) of Audio 2? Reply with ONLY the syllable and accidental.
Audio 1: <AUDIO1>
Audio 2: <AUDIO2>","You will hear two audios. Audio 1 is a reference tone at 174.61 Hz. Audio 2 is the target tone. What is the pitch frequency of Audio 2 in Hertz? Reply with ONLY a number (the frequency in Hz).
Audio 1: <AUDIO1>
Audio 2: <AUDIO2>"
53,-5,data/analysis_audio/pitchbench_d7b_pitch_with_reference_split/F3_cello_5000ms.wav,cello,instrument,48,2,0,0,0,0,C3,,0,0,0,do,,0,130.8128,,0,0,,,C3,,0,The MIDI note number of Audio 2 is 57.,,,,data/analysis_audio/pitchbench_d7b_pitch_with_reference_split/C3_cello_5000ms.wav,C3_cello_5000ms.wav,"You will hear two audios. Audio 1 is a reference tone whose MIDI note number is 53. Audio 2 is the target tone. What is the MIDI note number of Audio 2? Reply with ONLY the integer.
Audio 1: <AUDIO1>
Audio 2: <AUDIO2>","You will hear two audios. Audio 1 is a reference tone — note name F3. Audio 2 is the target tone. What is the note name and octave of Audio 2, e.g. C4, F#3? Reply with ONLY the note name in Scientific Pitch Notation.
Audio 1: <AUDIO1>
Audio 2: <AUDIO2>","You will hear two audios. Audio 1 is a reference tone — solfège syllable 'fa' (fixed-do: do=C re=D mi=E fa=F sol=G la=A si=B). Audio 2 is the target tone. What is the solfège syllable and accidental (if needed) of Audio 2? Reply with ONLY the syllable and accidental.
Audio 1: <AUDIO1>
Audio 2: <AUDIO2>","You will hear two audios. Audio 1 is a reference tone at 174.61 Hz. Audio 2 is the target tone. What is the pitch frequency of Audio 2 in Hertz? Reply with ONLY a number (the frequency in Hz).
Audio 1: <AUDIO1>
Audio 2: <AUDIO2>"
53,-5,data/analysis_audio/pitchbench_d7b_pitch_with_reference_split/F3_flute_5000ms.wav,flute,instrument,48,2,0,0,0,0,C3,,0,0,0,do,,0,130.8128,,0,0,,,C3,,0,"The target tone is 2 semitones higher than the reference tone. The reference tone is MIDI note number 53, so the target tone is 53 + 2 = 55. 

55",,,,data/analysis_audio/pitchbench_d7b_pitch_with_reference_split/C3_flute_5000ms.wav,C3_flute_5000ms.wav,"You will hear two audios. Audio 1 is a reference tone whose MIDI note number is 53. Audio 2 is the target tone. What is the MIDI note number of Audio 2? Reply with ONLY the integer.
Audio 1: <AUDIO1>
Audio 2: <AUDIO2>","You will hear two audios. Audio 1 is a reference tone — note name F3. Audio 2 is the target tone. What is the note name and octave of Audio 2, e.g. C4, F#3? Reply with ONLY the note name in Scientific Pitch Notation.
Audio 1: <AUDIO1>
Audio 2: <AUDIO2>","You will hear two audios. Audio 1 is a reference tone — solfège syllable 'fa' (fixed-do: do=C re=D mi=E fa=F sol=G la=A si=B). Audio 2 is the target tone. What is the solfège syllable and accidental (if needed) of Audio 2? Reply with ONLY the syllable and accidental.
Audio 1: <AUDIO1>
Audio 2: <AUDIO2>","You will hear two audios. Audio 1 is a reference tone at 174.61 Hz. Audio 2 is the target tone. What is the pitch frequency of Audio 2 in Hertz? Reply with ONLY a number (the frequency in Hz).
Audio 1: <AUDIO1>
Audio 2: <AUDIO2>"
53,-5,data/analysis_audio/pitchbench_d7b_pitch_with_reference_split/F3_piano_5000ms.wav,piano,instrument,48,2,0,0,0,0,C3,,0,0,0,do,,0,130.8128,,0,0,,,C3,,0,The MIDI note number of Audio 2 is 57.,,,,data/analysis_audio/pitchbench_d7b_pitch_with_reference_split/C3_piano_5000ms.wav,C3_piano_5000ms.wav,"You will hear two audios. Audio 1 is a reference tone whose MIDI note number is 53. Audio 2 is the target tone. What is the MIDI note number of Audio 2? Reply with ONLY the integer.
Audio 1: <AUDIO1>
Audio 2: <AUDIO2>","You will hear two audios. Audio 1 is a reference tone — note name F3. Audio 2 is the target tone. What is the note name and octave of Audio 2, e.g. C4, F#3? Reply with ONLY the note name in Scientific Pitch Notation.
Audio 1: <AUDIO1>
Audio 2: <AUDIO2>","You will hear two audios. Audio 1 is a reference tone — solfège syllable 'fa' (fixed-do: do=C re=D mi=E fa=F sol=G la=A si=B). Audio 2 is the target tone. What is the solfège syllable and accidental (if needed) of Audio 2? Reply with ONLY the syllable and accidental.
Audio 1: <AUDIO1>
Audio 2: <AUDIO2>","You will hear two audios. Audio 1 is a reference tone at 174.61 Hz. Audio 2 is the target tone. What is the pitch frequency of Audio 2 in Hertz? Reply with ONLY a number (the frequency in Hz).
Audio 1: <AUDIO1>
Audio 2: <AUDIO2>"
53,-5,data/analysis_audio/pitchbench_d7b_pitch_with_reference_split/F3_voice_5000ms.wav,voice,instrument,48,50,0,0,0,1,C3,,0,0,0,do,,0,130.8128,,0,0,,,C3,,0,50,,,,data/analysis_audio/pitchbench_d7b_pitch_with_reference_split/C3_voice_5000ms.wav,C3_voice_5000ms.wav,"You will hear two audios. Audio 1 is a reference tone whose MIDI note number is 53. Audio 2 is the target tone. What is the MIDI note number of Audio 2? Reply with ONLY the integer.
Audio 1: <AUDIO1>
Audio 2: <AUDIO2>","You will hear two audios. Audio 1 is a reference tone — note name F3. Audio 2 is the target tone. What is the note name and octave of Audio 2, e.g. C4, F#3? Reply with ONLY the note name in Scientific Pitch Notation.
Audio 1: <AUDIO1>
Audio 2: <AUDIO2>","You will hear two audios. Audio 1 is a reference tone — solfège syllable 'fa' (fixed-do: do=C re=D mi=E fa=F sol=G la=A si=B). Audio 2 is the target tone. What is the solfège syllable and accidental (if needed) of Audio 2? Reply with ONLY the syllable and accidental.
Audio 1: <AUDIO1>
Audio 2: <AUDIO2>","You will hear two audios. Audio 1 is a reference tone at 174.61 Hz. Audio 2 is the target tone. What is the pitch frequency of Audio 2 in Hertz? Reply with ONLY a number (the frequency in Hz).
Audio 1: <AUDIO1>
Audio 2: <AUDIO2>"
53,-4,data/analysis_audio/pitchbench_d7b_pitch_with_reference_split/F3_sine_5000ms.wav,sine,waveform,49,2,0,0,0,0,C#3,,0,0,0,do#,,0,138.5913,,0,0,,,C#3,,0,The target tone in Audio 2 corresponds to MIDI note number 57.,,,,data/analysis_audio/pitchbench_d7b_pitch_with_reference_split/Cs3_sine_5000ms.wav,Cs3_sine_5000ms.wav,"You will hear two audios. Audio 1 is a reference tone whose MIDI note number is 53. Audio 2 is the target tone. What is the MIDI note number of Audio 2? Reply with ONLY the integer.
Audio 1: <AUDIO1>
Audio 2: <AUDIO2>","You will hear two audios. Audio 1 is a reference tone — note name F3. Audio 2 is the target tone. What is the note name and octave of Audio 2, e.g. C4, F#3? Reply with ONLY the note name in Scientific Pitch Notation.
Audio 1: <AUDIO1>
Audio 2: <AUDIO2>","You will hear two audios. Audio 1 is a reference tone — solfège syllable 'fa' (fixed-do: do=C re=D mi=E fa=F sol=G la=A si=B). Audio 2 is the target tone. What is the solfège syllable and accidental (if needed) of Audio 2? Reply with ONLY the syllable and accidental.
Audio 1: <AUDIO1>
Audio 2: <AUDIO2>","You will hear two audios. Audio 1 is a reference tone at 174.61 Hz. Audio 2 is the target tone. What is the pitch frequency of Audio 2 in Hertz? Reply with ONLY a number (the frequency in Hz).
Audio 1: <AUDIO1>
Audio 2: <AUDIO2>"
53,-4,data/analysis_audio/pitchbench_d7b_pitch_with_reference_split/F3_synth_lead_5000ms.wav,synth_lead,instrument,49,61,0,0,1,0,C#3,,0,0,0,do#,,0,138.5913,,0,0,,,C#3,,0,61,,,,data/analysis_audio/pitchbench_d7b_pitch_with_reference_split/Cs3_synth_lead_5000ms.wav,Cs3_synth_lead_5000ms.wav,"You will hear two audios. Audio 1 is a reference tone whose MIDI note number is 53. Audio 2 is the target tone. What is the MIDI note number of Audio 2? Reply with ONLY the integer.
Audio 1: <AUDIO1>
Audio 2: <AUDIO2>","You will hear two audios. Audio 1 is a reference tone — note name F3. Audio 2 is the target tone. What is the note name and octave of Audio 2, e.g. C4, F#3? Reply with ONLY the note name in Scientific Pitch Notation.
Audio 1: <AUDIO1>
Audio 2: <AUDIO2>","You will hear two audios. Audio 1 is a reference tone — solfège syllable 'fa' (fixed-do: do=C re=D mi=E fa=F sol=G la=A si=B). Audio 2 is the target tone. What is the solfège syllable and accidental (if needed) of Audio 2? Reply with ONLY the syllable and accidental.
Audio 1: <AUDIO1>
Audio 2: <AUDIO2>","You will hear two audios. Audio 1 is a reference tone at 174.61 Hz. Audio 2 is the target tone. What is the pitch frequency of Audio 2 in Hertz? Reply with ONLY a number (the frequency in Hz).
Audio 1: <AUDIO1>
Audio 2: <AUDIO2>"
53,-4,data/analysis_audio/pitchbench_d7b_pitch_with_reference_split/F3_cello_5000ms.wav,cello,instrument,49,2,0,0,0,0,C#3,,0,0,0,do#,,0,138.5913,,0,0,,,C#3,,0,The target tone in Audio 2 is 56.,,,,data/analysis_audio/pitchbench_d7b_pitch_with_reference_split/Cs3_cello_5000ms.wav,Cs3_cello_5000ms.wav,"You will hear two audios. Audio 1 is a reference tone whose MIDI note number is 53. Audio 2 is the target tone. What is the MIDI note number of Audio 2? Reply with ONLY the integer.
Audio 1: <AUDIO1>
Audio 2: <AUDIO2>","You will hear two audios. Audio 1 is a reference tone — note name F3. Audio 2 is the target tone. What is the note name and octave of Audio 2, e.g. C4, F#3? Reply with ONLY the note name in Scientific Pitch Notation.
Audio 1: <AUDIO1>
Audio 2: <AUDIO2>","You will hear two audios. Audio 1 is a reference tone — solfège syllable 'fa' (fixed-do: do=C re=D mi=E fa=F sol=G la=A si=B). Audio 2 is the target tone. What is the solfège syllable and accidental (if needed) of Audio 2? Reply with ONLY the syllable and accidental.
Audio 1: <AUDIO1>
Audio 2: <AUDIO2>","You will hear two audios. Audio 1 is a reference tone at 174.61 Hz. Audio 2 is the target tone. What is the pitch frequency of Audio 2 in Hertz? Reply with ONLY a number (the frequency in Hz).
Audio 1: <AUDIO1>
Audio 2: <AUDIO2>"
53,-4,data/analysis_audio/pitchbench_d7b_pitch_with_reference_split/F3_flute_5000ms.wav,flute,instrument,49,2,0,0,0,0,C#3,,0,0,0,do#,,0,138.5913,,0,0,,,C#3,,0,The MIDI note number of Audio 2 is 57.,,,,data/analysis_audio/pitchbench_d7b_pitch_with_reference_split/Cs3_flute_5000ms.wav,Cs3_flute_5000ms.wav,"You will hear two audios. Audio 1 is a reference tone whose MIDI note number is 53. Audio 2 is the target tone. What is the MIDI note number of Audio 2? Reply with ONLY the integer.
Audio 1: <AUDIO1>
Audio 2: <AUDIO2>","You will hear two audios. Audio 1 is a reference tone — note name F3. Audio 2 is the target tone. What is the note name and octave of Audio 2, e.g. C4, F#3? Reply with ONLY the note name in Scientific Pitch Notation.
Audio 1: <AUDIO1>
Audio 2: <AUDIO2>","You will hear two audios. Audio 1 is a reference tone — solfège syllable 'fa' (fixed-do: do=C re=D mi=E fa=F sol=G la=A si=B). Audio 2 is the target tone. What is the solfège syllable and accidental (if needed) of Audio 2? Reply with ONLY the syllable and accidental.
Audio 1: <AUDIO1>
Audio 2: <AUDIO2>","You will hear two audios. Audio 1 is a reference tone at 174.61 Hz. Audio 2 is the target tone. What is the pitch frequency of Audio 2 in Hertz? Reply with ONLY a number (the frequency in Hz).
Audio 1: <AUDIO1>
Audio 2: <AUDIO2>"
53,-4,data/analysis_audio/pitchbench_d7b_pitch_with_reference_split/F3_piano_5000ms.wav,piano,instrument,49,2,0,0,0,0,C#3,,0,0,0,do#,,0,138.5913,,0,0,,,C#3,,0,The MIDI note number of Audio 2 is 55.,,,,data/analysis_audio/pitchbench_d7b_pitch_with_reference_split/Cs3_piano_5000ms.wav,Cs3_piano_5000ms.wav,"You will hear two audios. Audio 1 is a reference tone whose MIDI note number is 53. Audio 2 is the target tone. What is the MIDI note number of Audio 2? Reply with ONLY the integer.
Audio 1: <AUDIO1>
Audio 2: <AUDIO2>","You will hear two audios. Audio 1 is a reference tone — note name F3. Audio 2 is the target tone. What is the note name and octave of Audio 2, e.g. C4, F#3? Reply with ONLY the note name in Scientific Pitch Notation.
Audio 1: <AUDIO1>
Audio 2: <AUDIO2>","You will hear two audios. Audio 1 is a reference tone — solfège syllable 'fa' (fixed-do: do=C re=D mi=E fa=F sol=G la=A si=B). Audio 2 is the target tone. What is the solfège syllable and accidental (if needed) of Audio 2? Reply with ONLY the syllable and accidental.
Audio 1: <AUDIO1>
Audio 2: <AUDIO2>","You will hear two audios. Audio 1 is a reference tone at 174.61 Hz. Audio 2 is the target tone. What is the pitch frequency of Audio 2 in Hertz? Reply with ONLY a number (the frequency in Hz).
Audio 1: <AUDIO1>
Audio 2: <AUDIO2>"
53,-4,data/analysis_audio/pitchbench_d7b_pitch_with_reference_split/F3_voice_5000ms.wav,voice,instrument,49,2,0,0,0,0,C#3,,0,0,0,do#,,0,138.5913,,0,0,,,C#3,,0,The MIDI note number of Audio 2 is 57.,,,,data/analysis_audio/pitchbench_d7b_pitch_with_reference_split/Cs3_voice_5000ms.wav,Cs3_voice_5000ms.wav,"You will hear two audios. Audio 1 is a reference tone whose MIDI note number is 53. Audio 2 is the target tone. What is the MIDI note number of Audio 2? Reply with ONLY the integer.
Audio 1: <AUDIO1>
Audio 2: <AUDIO2>","You will hear two audios. Audio 1 is a reference tone — note name F3. Audio 2 is the target tone. What is the note name and octave of Audio 2, e.g. C4, F#3? Reply with ONLY the note name in Scientific Pitch Notation.
Audio 1: <AUDIO1>
Audio 2: <AUDIO2>","You will hear two audios. Audio 1 is a reference tone — solfège syllable 'fa' (fixed-do: do=C re=D mi=E fa=F sol=G la=A si=B). Audio 2 is the target tone. What is the solfège syllable and accidental (if needed) of Audio 2? Reply with ONLY the syllable and accidental.
Audio 1: <AUDIO1>
Audio 2: <AUDIO2>","You will hear two audios. Audio 1 is a reference tone at 174.61 Hz. Audio 2 is the target tone. What is the pitch frequency of Audio 2 in Hertz? Reply with ONLY a number (the frequency in Hz).
Audio 1: <AUDIO1>
Audio 2: <AUDIO2>"
53,-3,data/analysis_audio/pitchbench_d7b_pitch_with_reference_split/F3_sine_5000ms.wav,sine,waveform,50,2,0,0,1,0,D3,,0,0,0,re,,0,146.8324,,0,0,,,D3,,0,The MIDI note number of Audio 2 is 57.,,,,data/analysis_audio/pitchbench_d7b_pitch_with_reference_split/D3_sine_5000ms.wav,D3_sine_5000ms.wav,"You will hear two audios. Audio 1 is a reference tone whose MIDI note number is 53. Audio 2 is the target tone. What is the MIDI note number of Audio 2? Reply with ONLY the integer.
Audio 1: <AUDIO1>
Audio 2: <AUDIO2>","You will hear two audios. Audio 1 is a reference tone — note name F3. Audio 2 is the target tone. What is the note name and octave of Audio 2, e.g. C4, F#3? Reply with ONLY the note name in Scientific Pitch Notation.
Audio 1: <AUDIO1>
Audio 2: <AUDIO2>","You will hear two audios. Audio 1 is a reference tone — solfège syllable 'fa' (fixed-do: do=C re=D mi=E fa=F sol=G la=A si=B). Audio 2 is the target tone. What is the solfège syllable and accidental (if needed) of Audio 2? Reply with ONLY the syllable and accidental.
Audio 1: <AUDIO1>
Audio 2: <AUDIO2>","You will hear two audios. Audio 1 is a reference tone at 174.61 Hz. Audio 2 is the target tone. What is the pitch frequency of Audio 2 in Hertz? Reply with ONLY a number (the frequency in Hz).
Audio 1: <AUDIO1>
Audio 2: <AUDIO2>"
53,-3,data/analysis_audio/pitchbench_d7b_pitch_with_reference_split/F3_synth_lead_5000ms.wav,synth_lead,instrument,50,60,0,0,0,0,D3,,0,0,0,re,,0,146.8324,,0,0,,,D3,,0,60,,,,data/analysis_audio/pitchbench_d7b_pitch_with_reference_split/D3_synth_lead_5000ms.wav,D3_synth_lead_5000ms.wav,"You will hear two audios. Audio 1 is a reference tone whose MIDI note number is 53. Audio 2 is the target tone. What is the MIDI note number of Audio 2? Reply with ONLY the integer.
Audio 1: <AUDIO1>
Audio 2: <AUDIO2>","You will hear two audios. Audio 1 is a reference tone — note name F3. Audio 2 is the target tone. What is the note name and octave of Audio 2, e.g. C4, F#3? Reply with ONLY the note name in Scientific Pitch Notation.
Audio 1: <AUDIO1>
Audio 2: <AUDIO2>","You will hear two audios. Audio 1 is a reference tone — solfège syllable 'fa' (fixed-do: do=C re=D mi=E fa=F sol=G la=A si=B). Audio 2 is the target tone. What is the solfège syllable and accidental (if needed) of Audio 2? Reply with ONLY the syllable and accidental.
Audio 1: <AUDIO1>
Audio 2: <AUDIO2>","You will hear two audios. Audio 1 is a reference tone at 174.61 Hz. Audio 2 is the target tone. What is the pitch frequency of Audio 2 in Hertz? Reply with ONLY a number (the frequency in Hz).
Audio 1: <AUDIO1>
Audio 2: <AUDIO2>"
53,-3,data/analysis_audio/pitchbench_d7b_pitch_with_reference_split/F3_cello_5000ms.wav,cello,instrument,50,2,0,0,1,0,D3,,0,0,0,re,,0,146.8324,,0,0,,,D3,,0,The target tone in Audio 2 corresponds to MIDI note number 57.,,,,data/analysis_audio/pitchbench_d7b_pitch_with_reference_split/D3_cello_5000ms.wav,D3_cello_5000ms.wav,"You will hear two audios. Audio 1 is a reference tone whose MIDI note number is 53. Audio 2 is the target tone. What is the MIDI note number of Audio 2? Reply with ONLY the integer.
Audio 1: <AUDIO1>
Audio 2: <AUDIO2>","You will hear two audios. Audio 1 is a reference tone — note name F3. Audio 2 is the target tone. What is the note name and octave of Audio 2, e.g. C4, F#3? Reply with ONLY the note name in Scientific Pitch Notation.
Audio 1: <AUDIO1>
Audio 2: <AUDIO2>","You will hear two audios. Audio 1 is a reference tone — solfège syllable 'fa' (fixed-do: do=C re=D mi=E fa=F sol=G la=A si=B). Audio 2 is the target tone. What is the solfège syllable and accidental (if needed) of Audio 2? Reply with ONLY the syllable and accidental.
Audio 1: <AUDIO1>
Audio 2: <AUDIO2>","You will hear two audios. Audio 1 is a reference tone at 174.61 Hz. Audio 2 is the target tone. What is the pitch frequency of Audio 2 in Hertz? Reply with ONLY a number (the frequency in Hz).
Audio 1: <AUDIO1>
Audio 2: <AUDIO2>"
53,-3,data/analysis_audio/pitchbench_d7b_pitch_with_reference_split/F3_flute_5000ms.wav,flute,instrument,50,2,0,0,1,0,D3,,0,0,0,re,,0,146.8324,,0,0,,,D3,,0,The target tone in Audio 2 is 56.,,,,data/analysis_audio/pitchbench_d7b_pitch_with_reference_split/D3_flute_5000ms.wav,D3_flute_5000ms.wav,"You will hear two audios. Audio 1 is a reference tone whose MIDI note number is 53. Audio 2 is the target tone. What is the MIDI note number of Audio 2? Reply with ONLY the integer.
Audio 1: <AUDIO1>
Audio 2: <AUDIO2>","You will hear two audios. Audio 1 is a reference tone — note name F3. Audio 2 is the target tone. What is the note name and octave of Audio 2, e.g. C4, F#3? Reply with ONLY the note name in Scientific Pitch Notation.
Audio 1: <AUDIO1>
Audio 2: <AUDIO2>","You will hear two audios. Audio 1 is a reference tone — solfège syllable 'fa' (fixed-do: do=C re=D mi=E fa=F sol=G la=A si=B). Audio 2 is the target tone. What is the solfège syllable and accidental (if needed) of Audio 2? Reply with ONLY the syllable and accidental.
Audio 1: <AUDIO1>
Audio 2: <AUDIO2>","You will hear two audios. Audio 1 is a reference tone at 174.61 Hz. Audio 2 is the target tone. What is the pitch frequency of Audio 2 in Hertz? Reply with ONLY a number (the frequency in Hz).
Audio 1: <AUDIO1>
Audio 2: <AUDIO2>"
53,-3,data/analysis_audio/pitchbench_d7b_pitch_with_reference_split/F3_piano_5000ms.wav,piano,instrument,50,2,0,0,1,0,D3,,0,0,0,re,,0,146.8324,,0,0,,,D3,,0,"The target tone in Audio 2 is one whole step higher than the reference tone in Audio 1. A whole step corresponds to an increase of 2 MIDI note numbers. Since the reference tone is MIDI note number 53, the target tone is 53 + 2 = 55.

The MIDI note number of Audio 2 is 55.",,,,data/analysis_audio/pitchbench_d7b_pitch_with_reference_split/D3_piano_5000ms.wav,D3_piano_5000ms.wav,"You will hear two audios. Audio 1 is a reference tone whose MIDI note number is 53. Audio 2 is the target tone. What is the MIDI note number of Audio 2? Reply with ONLY the integer.
Audio 1: <AUDIO1>
Audio 2: <AUDIO2>","You will hear two audios. Audio 1 is a reference tone — note name F3. Audio 2 is the target tone. What is the note name and octave of Audio 2, e.g. C4, F#3? Reply with ONLY the note name in Scientific Pitch Notation.
Audio 1: <AUDIO1>
Audio 2: <AUDIO2>","You will hear two audios. Audio 1 is a reference tone — solfège syllable 'fa' (fixed-do: do=C re=D mi=E fa=F sol=G la=A si=B). Audio 2 is the target tone. What is the solfège syllable and accidental (if needed) of Audio 2? Reply with ONLY the syllable and accidental.
Audio 1: <AUDIO1>
Audio 2: <AUDIO2>","You will hear two audios. Audio 1 is a reference tone at 174.61 Hz. Audio 2 is the target tone. What is the pitch frequency of Audio 2 in Hertz? Reply with ONLY a number (the frequency in Hz).
Audio 1: <AUDIO1>
Audio 2: <AUDIO2>"
53,-3,data/analysis_audio/pitchbench_d7b_pitch_with_reference_split/F3_voice_5000ms.wav,voice,instrument,50,2,0,0,1,0,D3,,0,0,0,re,,0,146.8324,,0,0,,,D3,,0,"The target tone in Audio 2 is the same pitch as the reference tone in Audio 1. Therefore, the MIDI note number of Audio 2 is also 53.",,,,data/analysis_audio/pitchbench_d7b_pitch_with_reference_split/D3_voice_5000ms.wav,D3_voice_5000ms.wav,"You will hear two audios. Audio 1 is a reference tone whose MIDI note number is 53. Audio 2 is the target tone. What is the MIDI note number of Audio 2? Reply with ONLY the integer.
Audio 1: <AUDIO1>
Audio 2: <AUDIO2>","You will hear two audios. Audio 1 is a reference tone — note name F3. Audio 2 is the target tone. What is the note name and octave of Audio 2, e.g. C4, F#3? Reply with ONLY the note name in Scientific Pitch Notation.
Audio 1: <AUDIO1>
Audio 2: <AUDIO2>","You will hear two audios. Audio 1 is a reference tone — solfège syllable 'fa' (fixed-do: do=C re=D mi=E fa=F sol=G la=A si=B). Audio 2 is the target tone. What is the solfège syllable and accidental (if needed) of Audio 2? Reply with ONLY the syllable and accidental.
Audio 1: <AUDIO1>
Audio 2: <AUDIO2>","You will hear two audios. Audio 1 is a reference tone at 174.61 Hz. Audio 2 is the target tone. What is the pitch frequency of Audio 2 in Hertz? Reply with ONLY a number (the frequency in Hz).
Audio 1: <AUDIO1>
Audio 2: <AUDIO2>"
53,-1,data/analysis_audio/pitchbench_d7b_pitch_with_reference_split/F3_sine_5000ms.wav,sine,waveform,52,1,0,0,0,0,E3,,0,0,0,mi,,0,164.8138,,0,0,,,E3,,0,"The reference tone (Audio 1) corresponds to MIDI note number 53, which is an F3. The target tone (Audio 2) sounds like it is a perfect fifth above the reference tone. A perfect fifth interval above F3 (MIDI 53) is C4, which corresponds to MIDI note number 60.

Therefore, the MIDI note number of Audio 2 is 60.",,,,data/analysis_audio/pitchbench_d7b_pitch_with_reference_split/E3_sine_5000ms.wav,E3_sine_5000ms.wav,"You will hear two audios. Audio 1 is a reference tone whose MIDI note number is 53. Audio 2 is the target tone. What is the MIDI note number of Audio 2? Reply with ONLY the integer.
Audio 1: <AUDIO1>
Audio 2: <AUDIO2>","You will hear two audios. Audio 1 is a reference tone — note name F3. Audio 2 is the target tone. What is the note name and octave of Audio 2, e.g. C4, F#3? Reply with ONLY the note name in Scientific Pitch Notation.
Audio 1: <AUDIO1>
Audio 2: <AUDIO2>","You will hear two audios. Audio 1 is a reference tone — solfège syllable 'fa' (fixed-do: do=C re=D mi=E fa=F sol=G la=A si=B). Audio 2 is the target tone. What is the solfège syllable and accidental (if needed) of Audio 2? Reply with ONLY the syllable and accidental.
Audio 1: <AUDIO1>
Audio 2: <AUDIO2>","You will hear two audios. Audio 1 is a reference tone at 174.61 Hz. Audio 2 is the target tone. What is the pitch frequency of Audio 2 in Hertz? Reply with ONLY a number (the frequency in Hz).
Audio 1: <AUDIO1>
Audio 2: <AUDIO2>"
53,-1,data/analysis_audio/pitchbench_d7b_pitch_with_reference_split/F3_synth_lead_5000ms.wav,synth_lead,instrument,52,2,0,0,0,0,E3,,0,0,0,mi,,0,164.8138,,0,0,,,E3,,0,The MIDI note number of Audio 2 is 57.,,,,data/analysis_audio/pitchbench_d7b_pitch_with_reference_split/E3_synth_lead_5000ms.wav,E3_synth_lead_5000ms.wav,"You will hear two audios. Audio 1 is a reference tone whose MIDI note number is 53. Audio 2 is the target tone. What is the MIDI note number of Audio 2? Reply with ONLY the integer.
Audio 1: <AUDIO1>
Audio 2: <AUDIO2>","You will hear two audios. Audio 1 is a reference tone — note name F3. Audio 2 is the target tone. What is the note name and octave of Audio 2, e.g. C4, F#3? Reply with ONLY the note name in Scientific Pitch Notation.
Audio 1: <AUDIO1>
Audio 2: <AUDIO2>","You will hear two audios. Audio 1 is a reference tone — solfège syllable 'fa' (fixed-do: do=C re=D mi=E fa=F sol=G la=A si=B). Audio 2 is the target tone. What is the solfège syllable and accidental (if needed) of Audio 2? Reply with ONLY the syllable and accidental.
Audio 1: <AUDIO1>
Audio 2: <AUDIO2>","You will hear two audios. Audio 1 is a reference tone at 174.61 Hz. Audio 2 is the target tone. What is the pitch frequency of Audio 2 in Hertz? Reply with ONLY a number (the frequency in Hz).
Audio 1: <AUDIO1>
Audio 2: <AUDIO2>"
53,-1,data/analysis_audio/pitchbench_d7b_pitch_with_reference_split/F3_cello_5000ms.wav,cello,instrument,52,2,0,0,0,0,E3,,0,0,0,mi,,0,164.8138,,0,0,,,E3,,0,The MIDI note number of Audio 2 is 57.,,,,data/analysis_audio/pitchbench_d7b_pitch_with_reference_split/E3_cello_5000ms.wav,E3_cello_5000ms.wav,"You will hear two audios. Audio 1 is a reference tone whose MIDI note number is 53. Audio 2 is the target tone. What is the MIDI note number of Audio 2? Reply with ONLY the integer.
Audio 1: <AUDIO1>
Audio 2: <AUDIO2>","You will hear two audios. Audio 1 is a reference tone — note name F3. Audio 2 is the target tone. What is the note name and octave of Audio 2, e.g. C4, F#3? Reply with ONLY the note name in Scientific Pitch Notation.
Audio 1: <AUDIO1>
Audio 2: <AUDIO2>","You will hear two audios. Audio 1 is a reference tone — solfège syllable 'fa' (fixed-do: do=C re=D mi=E fa=F sol=G la=A si=B). Audio 2 is the target tone. What is the solfège syllable and accidental (if needed) of Audio 2? Reply with ONLY the syllable and accidental.
Audio 1: <AUDIO1>
Audio 2: <AUDIO2>","You will hear two audios. Audio 1 is a reference tone at 174.61 Hz. Audio 2 is the target tone. What is the pitch frequency of Audio 2 in Hertz? Reply with ONLY a number (the frequency in Hz).
Audio 1: <AUDIO1>
Audio 2: <AUDIO2>"
53,-1,data/analysis_audio/pitchbench_d7b_pitch_with_reference_split/F3_flute_5000ms.wav,flute,instrument,52,2,0,0,0,0,E3,,0,0,0,mi,,0,164.8138,,0,0,,,E3,,0,The MIDI note number of Audio 2 is 57.,,,,data/analysis_audio/pitchbench_d7b_pitch_with_reference_split/E3_flute_5000ms.wav,E3_flute_5000ms.wav,"You will hear two audios. Audio 1 is a reference tone whose MIDI note number is 53. Audio 2 is the target tone. What is the MIDI note number of Audio 2? Reply with ONLY the integer.
Audio 1: <AUDIO1>
Audio 2: <AUDIO2>","You will hear two audios. Audio 1 is a reference tone — note name F3. Audio 2 is the target tone. What is the note name and octave of Audio 2, e.g. C4, F#3? Reply with ONLY the note name in Scientific Pitch Notation.
Audio 1: <AUDIO1>
Audio 2: <AUDIO2>","You will hear two audios. Audio 1 is a reference tone — solfège syllable 'fa' (fixed-do: do=C re=D mi=E fa=F sol=G la=A si=B). Audio 2 is the target tone. What is the solfège syllable and accidental (if needed) of Audio 2? Reply with ONLY the syllable and accidental.
Audio 1: <AUDIO1>
Audio 2: <AUDIO2>","You will hear two audios. Audio 1 is a reference tone at 174.61 Hz. Audio 2 is the target tone. What is the pitch frequency of Audio 2 in Hertz? Reply with ONLY a number (the frequency in Hz).
Audio 1: <AUDIO1>
Audio 2: <AUDIO2>"
53,-1,data/analysis_audio/pitchbench_d7b_pitch_with_reference_split/F3_piano_5000ms.wav,piano,instrument,52,2,0,0,0,0,E3,,0,0,0,mi,,0,164.8138,,0,0,,,E3,,0,The MIDI note number of Audio 2 is 57.,,,,data/analysis_audio/pitchbench_d7b_pitch_with_reference_split/E3_piano_5000ms.wav,E3_piano_5000ms.wav,"You will hear two audios. Audio 1 is a reference tone whose MIDI note number is 53. Audio 2 is the target tone. What is the MIDI note number of Audio 2? Reply with ONLY the integer.
Audio 1: <AUDIO1>
Audio 2: <AUDIO2>","You will hear two audios. Audio 1 is a reference tone — note name F3. Audio 2 is the target tone. What is the note name and octave of Audio 2, e.g. C4, F#3? Reply with ONLY the note name in Scientific Pitch Notation.
Audio 1: <AUDIO1>
Audio 2: <AUDIO2>","You will hear two audios. Audio 1 is a reference tone — solfège syllable 'fa' (fixed-do: do=C re=D mi=E fa=F sol=G la=A si=B). Audio 2 is the target tone. What is the solfège syllable and accidental (if needed) of Audio 2? Reply with ONLY the syllable and accidental.
Audio 1: <AUDIO1>
Audio 2: <AUDIO2>","You will hear two audios. Audio 1 is a reference tone at 174.61 Hz. Audio 2 is the target tone. What is the pitch frequency of Audio 2 in Hertz? Reply with ONLY a number (the frequency in Hz).
Audio 1: <AUDIO1>
Audio 2: <AUDIO2>"
53,-1,data/analysis_audio/pitchbench_d7b_pitch_with_reference_split/F3_voice_5000ms.wav,voice,instrument,52,2,0,0,0,0,E3,,0,0,0,mi,,0,164.8138,,0,0,,,E3,,0,The MIDI note number of Audio 2 is 57.,,,,data/analysis_audio/pitchbench_d7b_pitch_with_reference_split/E3_voice_5000ms.wav,E3_voice_5000ms.wav,"You will hear two audios. Audio 1 is a reference tone whose MIDI note number is 53. Audio 2 is the target tone. What is the MIDI note number of Audio 2? Reply with ONLY the integer.
Audio 1: <AUDIO1>
Audio 2: <AUDIO2>","You will hear two audios. Audio 1 is a reference tone — note name F3. Audio 2 is the target tone. What is the note name and octave of Audio 2, e.g. C4, F#3? Reply with ONLY the note name in Scientific Pitch Notation.
Audio 1: <AUDIO1>
Audio 2: <AUDIO2>","You will hear two audios. Audio 1 is a reference tone — solfège syllable 'fa' (fixed-do: do=C re=D mi=E fa=F sol=G la=A si=B). Audio 2 is the target tone. What is the solfège syllable and accidental (if needed) of Audio 2? Reply with ONLY the syllable and accidental.
Audio 1: <AUDIO1>
Audio 2: <AUDIO2>","You will hear two audios. Audio 1 is a reference tone at 174.61 Hz. Audio 2 is the target tone. What is the pitch frequency of Audio 2 in Hertz? Reply with ONLY a number (the frequency in Hz).
Audio 1: <AUDIO1>
Audio 2: <AUDIO2>"
53,0,data/analysis_audio/pitchbench_d7b_pitch_with_reference_split/F3_sine_5000ms.wav,sine,waveform,53,2,0,0,0,0,F3,,0,0,0,fa,,0,174.6141,,0,0,,,F3,,0,The target tone in Audio 2 is 57.,,,,data/analysis_audio/pitchbench_d7b_pitch_with_reference_split/F3_sine_5000ms.wav,F3_sine_5000ms.wav,"You will hear two audios. Audio 1 is a reference tone whose MIDI note number is 53. Audio 2 is the target tone. What is the MIDI note number of Audio 2? Reply with ONLY the integer.
Audio 1: <AUDIO1>
Audio 2: <AUDIO2>","You will hear two audios. Audio 1 is a reference tone — note name F3. Audio 2 is the target tone. What is the note name and octave of Audio 2, e.g. C4, F#3? Reply with ONLY the note name in Scientific Pitch Notation.
Audio 1: <AUDIO1>
Audio 2: <AUDIO2>","You will hear two audios. Audio 1 is a reference tone — solfège syllable 'fa' (fixed-do: do=C re=D mi=E fa=F sol=G la=A si=B). Audio 2 is the target tone. What is the solfège syllable and accidental (if needed) of Audio 2? Reply with ONLY the syllable and accidental.
Audio 1: <AUDIO1>
Audio 2: <AUDIO2>","You will hear two audios. Audio 1 is a reference tone at 174.61 Hz. Audio 2 is the target tone. What is the pitch frequency of Audio 2 in Hertz? Reply with ONLY a number (the frequency in Hz).
Audio 1: <AUDIO1>
Audio 2: <AUDIO2>"
53,0,data/analysis_audio/pitchbench_d7b_pitch_with_reference_split/F3_synth_lead_5000ms.wav,synth_lead,instrument,53,2,0,0,0,0,F3,,0,0,0,fa,,0,174.6141,,0,0,,,F3,,0,The target tone in Audio 2 is 57.,,,,data/analysis_audio/pitchbench_d7b_pitch_with_reference_split/F3_synth_lead_5000ms.wav,F3_synth_lead_5000ms.wav,"You will hear two audios. Audio 1 is a reference tone whose MIDI note number is 53. Audio 2 is the target tone. What is the MIDI note number of Audio 2? Reply with ONLY the integer.
Audio 1: <AUDIO1>
Audio 2: <AUDIO2>","You will hear two audios. Audio 1 is a reference tone — note name F3. Audio 2 is the target tone. What is the note name and octave of Audio 2, e.g. C4, F#3? Reply with ONLY the note name in Scientific Pitch Notation.
Audio 1: <AUDIO1>
Audio 2: <AUDIO2>","You will hear two audios. Audio 1 is a reference tone — solfège syllable 'fa' (fixed-do: do=C re=D mi=E fa=F sol=G la=A si=B). Audio 2 is the target tone. What is the solfège syllable and accidental (if needed) of Audio 2? Reply with ONLY the syllable and accidental.
Audio 1: <AUDIO1>
Audio 2: <AUDIO2>","You will hear two audios. Audio 1 is a reference tone at 174.61 Hz. Audio 2 is the target tone. What is the pitch frequency of Audio 2 in Hertz? Reply with ONLY a number (the frequency in Hz).
Audio 1: <AUDIO1>
Audio 2: <AUDIO2>"
53,0,data/analysis_audio/pitchbench_d7b_pitch_with_reference_split/F3_cello_5000ms.wav,cello,instrument,53,2,0,0,0,0,F3,,0,0,0,fa,,0,174.6141,,0,0,,,F3,,0,The MIDI note number of Audio 2 is 57.,,,,data/analysis_audio/pitchbench_d7b_pitch_with_reference_split/F3_cello_5000ms.wav,F3_cello_5000ms.wav,"You will hear two audios. Audio 1 is a reference tone whose MIDI note number is 53. Audio 2 is the target tone. What is the MIDI note number of Audio 2? Reply with ONLY the integer.
Audio 1: <AUDIO1>
Audio 2: <AUDIO2>","You will hear two audios. Audio 1 is a reference tone — note name F3. Audio 2 is the target tone. What is the note name and octave of Audio 2, e.g. C4, F#3? Reply with ONLY the note name in Scientific Pitch Notation.
Audio 1: <AUDIO1>
Audio 2: <AUDIO2>","You will hear two audios. Audio 1 is a reference tone — solfège syllable 'fa' (fixed-do: do=C re=D mi=E fa=F sol=G la=A si=B). Audio 2 is the target tone. What is the solfège syllable and accidental (if needed) of Audio 2? Reply with ONLY the syllable and accidental.
Audio 1: <AUDIO1>
Audio 2: <AUDIO2>","You will hear two audios. Audio 1 is a reference tone at 174.61 Hz. Audio 2 is the target tone. What is the pitch frequency of Audio 2 in Hertz? Reply with ONLY a number (the frequency in Hz).
Audio 1: <AUDIO1>
Audio 2: <AUDIO2>"
53,0,data/analysis_audio/pitchbench_d7b_pitch_with_reference_split/F3_flute_5000ms.wav,flute,instrument,53,2,0,0,0,0,F3,,0,0,0,fa,,0,174.6141,,0,0,,,F3,,0,The MIDI note number of Audio 2 is 57.,,,,data/analysis_audio/pitchbench_d7b_pitch_with_reference_split/F3_flute_5000ms.wav,F3_flute_5000ms.wav,"You will hear two audios. Audio 1 is a reference tone whose MIDI note number is 53. Audio 2 is the target tone. What is the MIDI note number of Audio 2? Reply with ONLY the integer.
Audio 1: <AUDIO1>
Audio 2: <AUDIO2>","You will hear two audios. Audio 1 is a reference tone — note name F3. Audio 2 is the target tone. What is the note name and octave of Audio 2, e.g. C4, F#3? Reply with ONLY the note name in Scientific Pitch Notation.
Audio 1: <AUDIO1>
Audio 2: <AUDIO2>","You will hear two audios. Audio 1 is a reference tone — solfège syllable 'fa' (fixed-do: do=C re=D mi=E fa=F sol=G la=A si=B). Audio 2 is the target tone. What is the solfège syllable and accidental (if needed) of Audio 2? Reply with ONLY the syllable and accidental.
Audio 1: <AUDIO1>
Audio 2: <AUDIO2>","You will hear two audios. Audio 1 is a reference tone at 174.61 Hz. Audio 2 is the target tone. What is the pitch frequency of Audio 2 in Hertz? Reply with ONLY a number (the frequency in Hz).
Audio 1: <AUDIO1>
Audio 2: <AUDIO2>"
53,0,data/analysis_audio/pitchbench_d7b_pitch_with_reference_split/F3_piano_5000ms.wav,piano,instrument,53,2,0,0,0,0,F3,,0,0,0,fa,,0,174.6141,,0,0,,,F3,,0,The MIDI note number of Audio 2 is 57.,,,,data/analysis_audio/pitchbench_d7b_pitch_with_reference_split/F3_piano_5000ms.wav,F3_piano_5000ms.wav,"You will hear two audios. Audio 1 is a reference tone whose MIDI note number is 53. Audio 2 is the target tone. What is the MIDI note number of Audio 2? Reply with ONLY the integer.
Audio 1: <AUDIO1>
Audio 2: <AUDIO2>","You will hear two audios. Audio 1 is a reference tone — note name F3. Audio 2 is the target tone. What is the note name and octave of Audio 2, e.g. C4, F#3? Reply with ONLY the note name in Scientific Pitch Notation.
Audio 1: <AUDIO1>
Audio 2: <AUDIO2>","You will hear two audios. Audio 1 is a reference tone — solfège syllable 'fa' (fixed-do: do=C re=D mi=E fa=F sol=G la=A si=B). Audio 2 is the target tone. What is the solfège syllable and accidental (if needed) of Audio 2? Reply with ONLY the syllable and accidental.
Audio 1: <AUDIO1>
Audio 2: <AUDIO2>","You will hear two audios. Audio 1 is a reference tone at 174.61 Hz. Audio 2 is the target tone. What is the pitch frequency of Audio 2 in Hertz? Reply with ONLY a number (the frequency in Hz).
Audio 1: <AUDIO1>
Audio 2: <AUDIO2>"
53,0,data/analysis_audio/pitchbench_d7b_pitch_with_reference_split/F3_voice_5000ms.wav,voice,instrument,53,2,0,0,0,0,F3,,0,0,0,fa,,0,174.6141,,0,0,,,F3,,0,The target tone in Audio 2 is 57.,,,,data/analysis_audio/pitchbench_d7b_pitch_with_reference_split/F3_voice_5000ms.wav,F3_voice_5000ms.wav,"You will hear two audios. Audio 1 is a reference tone whose MIDI note number is 53. Audio 2 is the target tone. What is the MIDI note number of Audio 2? Reply with ONLY the integer.
Audio 1: <AUDIO1>
Audio 2: <AUDIO2>","You will hear two audios. Audio 1 is a reference tone — note name F3. Audio 2 is the target tone. What is the note name and octave of Audio 2, e.g. C4, F#3? Reply with ONLY the note name in Scientific Pitch Notation.
Audio 1: <AUDIO1>
Audio 2: <AUDIO2>","You will hear two audios. Audio 1 is a reference tone — solfège syllable 'fa' (fixed-do: do=C re=D mi=E fa=F sol=G la=A si=B). Audio 2 is the target tone. What is the solfège syllable and accidental (if needed) of Audio 2? Reply with ONLY the syllable and accidental.
Audio 1: <AUDIO1>
Audio 2: <AUDIO2>","You will hear two audios. Audio 1 is a reference tone at 174.61 Hz. Audio 2 is the target tone. What is the pitch frequency of Audio 2 in Hertz? Reply with ONLY a number (the frequency in Hz).
Audio 1: <AUDIO1>
Audio 2: <AUDIO2>"
53,1,data/analysis_audio/pitchbench_d7b_pitch_with_reference_split/F3_sine_5000ms.wav,sine,waveform,54,1,0,0,0,0,F#3,,0,0,0,fa#,,0,184.9972,,0,0,,,F#3,,0,"The reference tone (Audio 1) is MIDI note number 53, which corresponds to F3. The target tone (Audio 2) sounds like it is a perfect fifth above the reference tone. A perfect fifth interval is 7 semitones higher.

53 + 7 = 60

Therefore, the MIDI note number of Audio 2 is 60.",,,,data/analysis_audio/pitchbench_d7b_pitch_with_reference_split/Fs3_sine_5000ms.wav,Fs3_sine_5000ms.wav,"You will hear two audios. Audio 1 is a reference tone whose MIDI note number is 53. Audio 2 is the target tone. What is the MIDI note number of Audio 2? Reply with ONLY the integer.
Audio 1: <AUDIO1>
Audio 2: <AUDIO2>","You will hear two audios. Audio 1 is a reference tone — note name F3. Audio 2 is the target tone. What is the note name and octave of Audio 2, e.g. C4, F#3? Reply with ONLY the note name in Scientific Pitch Notation.
Audio 1: <AUDIO1>
Audio 2: <AUDIO2>","You will hear two audios. Audio 1 is a reference tone — solfège syllable 'fa' (fixed-do: do=C re=D mi=E fa=F sol=G la=A si=B). Audio 2 is the target tone. What is the solfège syllable and accidental (if needed) of Audio 2? Reply with ONLY the syllable and accidental.
Audio 1: <AUDIO1>
Audio 2: <AUDIO2>","You will hear two audios. Audio 1 is a reference tone at 174.61 Hz. Audio 2 is the target tone. What is the pitch frequency of Audio 2 in Hertz? Reply with ONLY a number (the frequency in Hz).
Audio 1: <AUDIO1>
Audio 2: <AUDIO2>"
53,1,data/analysis_audio/pitchbench_d7b_pitch_with_reference_split/F3_synth_lead_5000ms.wav,synth_lead,instrument,54,2,0,0,0,0,F#3,,0,0,0,fa#,,0,184.9972,,0,0,,,F#3,,0,The MIDI note number of Audio 2 is 57.,,,,data/analysis_audio/pitchbench_d7b_pitch_with_reference_split/Fs3_synth_lead_5000ms.wav,Fs3_synth_lead_5000ms.wav,"You will hear two audios. Audio 1 is a reference tone whose MIDI note number is 53. Audio 2 is the target tone. What is the MIDI note number of Audio 2? Reply with ONLY the integer.
Audio 1: <AUDIO1>
Audio 2: <AUDIO2>","You will hear two audios. Audio 1 is a reference tone — note name F3. Audio 2 is the target tone. What is the note name and octave of Audio 2, e.g. C4, F#3? Reply with ONLY the note name in Scientific Pitch Notation.
Audio 1: <AUDIO1>
Audio 2: <AUDIO2>","You will hear two audios. Audio 1 is a reference tone — solfège syllable 'fa' (fixed-do: do=C re=D mi=E fa=F sol=G la=A si=B). Audio 2 is the target tone. What is the solfège syllable and accidental (if needed) of Audio 2? Reply with ONLY the syllable and accidental.
Audio 1: <AUDIO1>
Audio 2: <AUDIO2>","You will hear two audios. Audio 1 is a reference tone at 174.61 Hz. Audio 2 is the target tone. What is the pitch frequency of Audio 2 in Hertz? Reply with ONLY a number (the frequency in Hz).
Audio 1: <AUDIO1>
Audio 2: <AUDIO2>"
53,1,data/analysis_audio/pitchbench_d7b_pitch_with_reference_split/F3_cello_5000ms.wav,cello,instrument,54,2,0,0,0,0,F#3,,0,0,0,fa#,,0,184.9972,,0,0,,,F#3,,0,The MIDI note number of Audio 2 is 57.,,,,data/analysis_audio/pitchbench_d7b_pitch_with_reference_split/Fs3_cello_5000ms.wav,Fs3_cello_5000ms.wav,"You will hear two audios. Audio 1 is a reference tone whose MIDI note number is 53. Audio 2 is the target tone. What is the MIDI note number of Audio 2? Reply with ONLY the integer.
Audio 1: <AUDIO1>
Audio 2: <AUDIO2>","You will hear two audios. Audio 1 is a reference tone — note name F3. Audio 2 is the target tone. What is the note name and octave of Audio 2, e.g. C4, F#3? Reply with ONLY the note name in Scientific Pitch Notation.
Audio 1: <AUDIO1>
Audio 2: <AUDIO2>","You will hear two audios. Audio 1 is a reference tone — solfège syllable 'fa' (fixed-do: do=C re=D mi=E fa=F sol=G la=A si=B). Audio 2 is the target tone. What is the solfège syllable and accidental (if needed) of Audio 2? Reply with ONLY the syllable and accidental.
Audio 1: <AUDIO1>
Audio 2: <AUDIO2>","You will hear two audios. Audio 1 is a reference tone at 174.61 Hz. Audio 2 is the target tone. What is the pitch frequency of Audio 2 in Hertz? Reply with ONLY a number (the frequency in Hz).
Audio 1: <AUDIO1>
Audio 2: <AUDIO2>"
53,1,data/analysis_audio/pitchbench_d7b_pitch_with_reference_split/F3_flute_5000ms.wav,flute,instrument,54,1,0,0,0,0,F#3,,0,0,0,fa#,,0,184.9972,,0,0,,,F#3,,0,"The reference tone (Audio 1) is MIDI note number 53, which corresponds to F3. The target tone (Audio 2) sounds like it is one whole step higher, which corresponds to G3.

The MIDI note number for G3 is 55.

Therefore, the MIDI note number of Audio 2 is 55.",,,,data/analysis_audio/pitchbench_d7b_pitch_with_reference_split/Fs3_flute_5000ms.wav,Fs3_flute_5000ms.wav,"You will hear two audios. Audio 1 is a reference tone whose MIDI note number is 53. Audio 2 is the target tone. What is the MIDI note number of Audio 2? Reply with ONLY the integer.
Audio 1: <AUDIO1>
Audio 2: <AUDIO2>","You will hear two audios. Audio 1 is a reference tone — note name F3. Audio 2 is the target tone. What is the note name and octave of Audio 2, e.g. C4, F#3? Reply with ONLY the note name in Scientific Pitch Notation.
Audio 1: <AUDIO1>
Audio 2: <AUDIO2>","You will hear two audios. Audio 1 is a reference tone — solfège syllable 'fa' (fixed-do: do=C re=D mi=E fa=F sol=G la=A si=B). Audio 2 is the target tone. What is the solfège syllable and accidental (if needed) of Audio 2? Reply with ONLY the syllable and accidental.
Audio 1: <AUDIO1>
Audio 2: <AUDIO2>","You will hear two audios. Audio 1 is a reference tone at 174.61 Hz. Audio 2 is the target tone. What is the pitch frequency of Audio 2 in Hertz? Reply with ONLY a number (the frequency in Hz).
Audio 1: <AUDIO1>
Audio 2: <AUDIO2>"
53,1,data/analysis_audio/pitchbench_d7b_pitch_with_reference_split/F3_piano_5000ms.wav,piano,instrument,54,2,0,0,0,0,F#3,,0,0,0,fa#,,0,184.9972,,0,0,,,F#3,,0,The MIDI note number of Audio 2 is 57.,,,,data/analysis_audio/pitchbench_d7b_pitch_with_reference_split/Fs3_piano_5000ms.wav,Fs3_piano_5000ms.wav,"You will hear two audios. Audio 1 is a reference tone whose MIDI note number is 53. Audio 2 is the target tone. What is the MIDI note number of Audio 2? Reply with ONLY the integer.
Audio 1: <AUDIO1>
Audio 2: <AUDIO2>","You will hear two audios. Audio 1 is a reference tone — note name F3. Audio 2 is the target tone. What is the note name and octave of Audio 2, e.g. C4, F#3? Reply with ONLY the note name in Scientific Pitch Notation.
Audio 1: <AUDIO1>
Audio 2: <AUDIO2>","You will hear two audios. Audio 1 is a reference tone — solfège syllable 'fa' (fixed-do: do=C re=D mi=E fa=F sol=G la=A si=B). Audio 2 is the target tone. What is the solfège syllable and accidental (if needed) of Audio 2? Reply with ONLY the syllable and accidental.
Audio 1: <AUDIO1>
Audio 2: <AUDIO2>","You will hear two audios. Audio 1 is a reference tone at 174.61 Hz. Audio 2 is the target tone. What is the pitch frequency of Audio 2 in Hertz? Reply with ONLY a number (the frequency in Hz).
Audio 1: <AUDIO1>
Audio 2: <AUDIO2>"
53,1,data/analysis_audio/pitchbench_d7b_pitch_with_reference_split/F3_voice_5000ms.wav,voice,instrument,54,2,0,0,0,0,F#3,,0,0,0,fa#,,0,184.9972,,0,0,,,F#3,,0,The MIDI note number of Audio 2 is 57.,,,,data/analysis_audio/pitchbench_d7b_pitch_with_reference_split/Fs3_voice_5000ms.wav,Fs3_voice_5000ms.wav,"You will hear two audios. Audio 1 is a reference tone whose MIDI note number is 53. Audio 2 is the target tone. What is the MIDI note number of Audio 2? Reply with ONLY the integer.
Audio 1: <AUDIO1>
Audio 2: <AUDIO2>","You will hear two audios. Audio 1 is a reference tone — note name F3. Audio 2 is the target tone. What is the note name and octave of Audio 2, e.g. C4, F#3? Reply with ONLY the note name in Scientific Pitch Notation.
Audio 1: <AUDIO1>
Audio 2: <AUDIO2>","You will hear two audios. Audio 1 is a reference tone — solfège syllable 'fa' (fixed-do: do=C re=D mi=E fa=F sol=G la=A si=B). Audio 2 is the target tone. What is the solfège syllable and accidental (if needed) of Audio 2? Reply with ONLY the syllable and accidental.
Audio 1: <AUDIO1>
Audio 2: <AUDIO2>","You will hear two audios. Audio 1 is a reference tone at 174.61 Hz. Audio 2 is the target tone. What is the pitch frequency of Audio 2 in Hertz? Reply with ONLY a number (the frequency in Hz).
Audio 1: <AUDIO1>
Audio 2: <AUDIO2>"
53,3,data/analysis_audio/pitchbench_d7b_pitch_with_reference_split/F3_sine_5000ms.wav,sine,waveform,56,2,0,0,0,0,G#3,,0,0,0,sol#,,0,207.6523,,0,0,,,G#3,,0,The MIDI note number of Audio 2 is 57.,,,,data/analysis_audio/pitchbench_d7b_pitch_with_reference_split/Gs3_sine_5000ms.wav,Gs3_sine_5000ms.wav,"You will hear two audios. Audio 1 is a reference tone whose MIDI note number is 53. Audio 2 is the target tone. What is the MIDI note number of Audio 2? Reply with ONLY the integer.
Audio 1: <AUDIO1>
Audio 2: <AUDIO2>","You will hear two audios. Audio 1 is a reference tone — note name F3. Audio 2 is the target tone. What is the note name and octave of Audio 2, e.g. C4, F#3? Reply with ONLY the note name in Scientific Pitch Notation.
Audio 1: <AUDIO1>
Audio 2: <AUDIO2>","You will hear two audios. Audio 1 is a reference tone — solfège syllable 'fa' (fixed-do: do=C re=D mi=E fa=F sol=G la=A si=B). Audio 2 is the target tone. What is the solfège syllable and accidental (if needed) of Audio 2? Reply with ONLY the syllable and accidental.
Audio 1: <AUDIO1>
Audio 2: <AUDIO2>","You will hear two audios. Audio 1 is a reference tone at 174.61 Hz. Audio 2 is the target tone. What is the pitch frequency of Audio 2 in Hertz? Reply with ONLY a number (the frequency in Hz).
Audio 1: <AUDIO1>
Audio 2: <AUDIO2>"
53,3,data/analysis_audio/pitchbench_d7b_pitch_with_reference_split/F3_synth_lead_5000ms.wav,synth_lead,instrument,56,2,0,0,0,0,G#3,,0,0,0,sol#,,0,207.6523,,0,0,,,G#3,,0,The target tone in Audio 2 is 55.,,,,data/analysis_audio/pitchbench_d7b_pitch_with_reference_split/Gs3_synth_lead_5000ms.wav,Gs3_synth_lead_5000ms.wav,"You will hear two audios. Audio 1 is a reference tone whose MIDI note number is 53. Audio 2 is the target tone. What is the MIDI note number of Audio 2? Reply with ONLY the integer.
Audio 1: <AUDIO1>
Audio 2: <AUDIO2>","You will hear two audios. Audio 1 is a reference tone — note name F3. Audio 2 is the target tone. What is the note name and octave of Audio 2, e.g. C4, F#3? Reply with ONLY the note name in Scientific Pitch Notation.
Audio 1: <AUDIO1>
Audio 2: <AUDIO2>","You will hear two audios. Audio 1 is a reference tone — solfège syllable 'fa' (fixed-do: do=C re=D mi=E fa=F sol=G la=A si=B). Audio 2 is the target tone. What is the solfège syllable and accidental (if needed) of Audio 2? Reply with ONLY the syllable and accidental.
Audio 1: <AUDIO1>
Audio 2: <AUDIO2>","You will hear two audios. Audio 1 is a reference tone at 174.61 Hz. Audio 2 is the target tone. What is the pitch frequency of Audio 2 in Hertz? Reply with ONLY a number (the frequency in Hz).
Audio 1: <AUDIO1>
Audio 2: <AUDIO2>"
53,3,data/analysis_audio/pitchbench_d7b_pitch_with_reference_split/F3_cello_5000ms.wav,cello,instrument,56,2,0,0,0,0,G#3,,0,0,0,sol#,,0,207.6523,,0,0,,,G#3,,0,The MIDI note number of Audio 2 is 57.,,,,data/analysis_audio/pitchbench_d7b_pitch_with_reference_split/Gs3_cello_5000ms.wav,Gs3_cello_5000ms.wav,"You will hear two audios. Audio 1 is a reference tone whose MIDI note number is 53. Audio 2 is the target tone. What is the MIDI note number of Audio 2? Reply with ONLY the integer.
Audio 1: <AUDIO1>
Audio 2: <AUDIO2>","You will hear two audios. Audio 1 is a reference tone — note name F3. Audio 2 is the target tone. What is the note name and octave of Audio 2, e.g. C4, F#3? Reply with ONLY the note name in Scientific Pitch Notation.
Audio 1: <AUDIO1>
Audio 2: <AUDIO2>","You will hear two audios. Audio 1 is a reference tone — solfège syllable 'fa' (fixed-do: do=C re=D mi=E fa=F sol=G la=A si=B). Audio 2 is the target tone. What is the solfège syllable and accidental (if needed) of Audio 2? Reply with ONLY the syllable and accidental.
Audio 1: <AUDIO1>
Audio 2: <AUDIO2>","You will hear two audios. Audio 1 is a reference tone at 174.61 Hz. Audio 2 is the target tone. What is the pitch frequency of Audio 2 in Hertz? Reply with ONLY a number (the frequency in Hz).
Audio 1: <AUDIO1>
Audio 2: <AUDIO2>"
53,3,data/analysis_audio/pitchbench_d7b_pitch_with_reference_split/F3_flute_5000ms.wav,flute,instrument,56,2,0,0,0,0,G#3,,0,0,0,sol#,,0,207.6523,,0,0,,,G#3,,0,The MIDI note number of Audio 2 is 57.,,,,data/analysis_audio/pitchbench_d7b_pitch_with_reference_split/Gs3_flute_5000ms.wav,Gs3_flute_5000ms.wav,"You will hear two audios. Audio 1 is a reference tone whose MIDI note number is 53. Audio 2 is the target tone. What is the MIDI note number of Audio 2? Reply with ONLY the integer.
Audio 1: <AUDIO1>
Audio 2: <AUDIO2>","You will hear two audios. Audio 1 is a reference tone — note name F3. Audio 2 is the target tone. What is the note name and octave of Audio 2, e.g. C4, F#3? Reply with ONLY the note name in Scientific Pitch Notation.
Audio 1: <AUDIO1>
Audio 2: <AUDIO2>","You will hear two audios. Audio 1 is a reference tone — solfège syllable 'fa' (fixed-do: do=C re=D mi=E fa=F sol=G la=A si=B). Audio 2 is the target tone. What is the solfège syllable and accidental (if needed) of Audio 2? Reply with ONLY the syllable and accidental.
Audio 1: <AUDIO1>
Audio 2: <AUDIO2>","You will hear two audios. Audio 1 is a reference tone at 174.61 Hz. Audio 2 is the target tone. What is the pitch frequency of Audio 2 in Hertz? Reply with ONLY a number (the frequency in Hz).
Audio 1: <AUDIO1>
Audio 2: <AUDIO2>"
53,3,data/analysis_audio/pitchbench_d7b_pitch_with_reference_split/F3_piano_5000ms.wav,piano,instrument,56,2,0,0,0,0,G#3,,0,0,0,sol#,,0,207.6523,,0,0,,,G#3,,0,The MIDI note number of Audio 2 is 57.,,,,data/analysis_audio/pitchbench_d7b_pitch_with_reference_split/Gs3_piano_5000ms.wav,Gs3_piano_5000ms.wav,"You will hear two audios. Audio 1 is a reference tone whose MIDI note number is 53. Audio 2 is the target tone. What is the MIDI note number of Audio 2? Reply with ONLY the integer.
Audio 1: <AUDIO1>
Audio 2: <AUDIO2>","You will hear two audios. Audio 1 is a reference tone — note name F3. Audio 2 is the target tone. What is the note name and octave of Audio 2, e.g. C4, F#3? Reply with ONLY the note name in Scientific Pitch Notation.
Audio 1: <AUDIO1>
Audio 2: <AUDIO2>","You will hear two audios. Audio 1 is a reference tone — solfège syllable 'fa' (fixed-do: do=C re=D mi=E fa=F sol=G la=A si=B). Audio 2 is the target tone. What is the solfège syllable and accidental (if needed) of Audio 2? Reply with ONLY the syllable and accidental.
Audio 1: <AUDIO1>
Audio 2: <AUDIO2>","You will hear two audios. Audio 1 is a reference tone at 174.61 Hz. Audio 2 is the target tone. What is the pitch frequency of Audio 2 in Hertz? Reply with ONLY a number (the frequency in Hz).
Audio 1: <AUDIO1>
Audio 2: <AUDIO2>"
53,3,data/analysis_audio/pitchbench_d7b_pitch_with_reference_split/F3_voice_5000ms.wav,voice,instrument,56,2,0,0,0,0,G#3,,0,0,0,sol#,,0,207.6523,,0,0,,,G#3,,0,The target tone in Audio 2 is 56.,,,,data/analysis_audio/pitchbench_d7b_pitch_with_reference_split/Gs3_voice_5000ms.wav,Gs3_voice_5000ms.wav,"You will hear two audios. Audio 1 is a reference tone whose MIDI note number is 53. Audio 2 is the target tone. What is the MIDI note number of Audio 2? Reply with ONLY the integer.
Audio 1: <AUDIO1>
Audio 2: <AUDIO2>","You will hear two audios. Audio 1 is a reference tone — note name F3. Audio 2 is the target tone. What is the note name and octave of Audio 2, e.g. C4, F#3? Reply with ONLY the note name in Scientific Pitch Notation.
Audio 1: <AUDIO1>
Audio 2: <AUDIO2>","You will hear two audios. Audio 1 is a reference tone — solfège syllable 'fa' (fixed-do: do=C re=D mi=E fa=F sol=G la=A si=B). Audio 2 is the target tone. What is the solfège syllable and accidental (if needed) of Audio 2? Reply with ONLY the syllable and accidental.
Audio 1: <AUDIO1>
Audio 2: <AUDIO2>","You will hear two audios. Audio 1 is a reference tone at 174.61 Hz. Audio 2 is the target tone. What is the pitch frequency of Audio 2 in Hertz? Reply with ONLY a number (the frequency in Hz).
Audio 1: <AUDIO1>
Audio 2: <AUDIO2>"
53,4,data/analysis_audio/pitchbench_d7b_pitch_with_reference_split/F3_sine_5000ms.wav,sine,waveform,57,2,0,0,0,0,A3,,0,0,0,la,,0,220.0,,0,0,,,A3,,0,The MIDI note number of Audio 2 is 57.,,,,data/analysis_audio/pitchbench_d7b_pitch_with_reference_split/A3_sine_5000ms.wav,A3_sine_5000ms.wav,"You will hear two audios. Audio 1 is a reference tone whose MIDI note number is 53. Audio 2 is the target tone. What is the MIDI note number of Audio 2? Reply with ONLY the integer.
Audio 1: <AUDIO1>
Audio 2: <AUDIO2>","You will hear two audios. Audio 1 is a reference tone — note name F3. Audio 2 is the target tone. What is the note name and octave of Audio 2, e.g. C4, F#3? Reply with ONLY the note name in Scientific Pitch Notation.
Audio 1: <AUDIO1>
Audio 2: <AUDIO2>","You will hear two audios. Audio 1 is a reference tone — solfège syllable 'fa' (fixed-do: do=C re=D mi=E fa=F sol=G la=A si=B). Audio 2 is the target tone. What is the solfège syllable and accidental (if needed) of Audio 2? Reply with ONLY the syllable and accidental.
Audio 1: <AUDIO1>
Audio 2: <AUDIO2>","You will hear two audios. Audio 1 is a reference tone at 174.61 Hz. Audio 2 is the target tone. What is the pitch frequency of Audio 2 in Hertz? Reply with ONLY a number (the frequency in Hz).
Audio 1: <AUDIO1>
Audio 2: <AUDIO2>"
53,4,data/analysis_audio/pitchbench_d7b_pitch_with_reference_split/F3_synth_lead_5000ms.wav,synth_lead,instrument,57,2,0,0,0,0,A3,,0,0,0,la,,0,220.0,,0,0,,,A3,,0,The target tone in Audio 2 is 57.,,,,data/analysis_audio/pitchbench_d7b_pitch_with_reference_split/A3_synth_lead_5000ms.wav,A3_synth_lead_5000ms.wav,"You will hear two audios. Audio 1 is a reference tone whose MIDI note number is 53. Audio 2 is the target tone. What is the MIDI note number of Audio 2? Reply with ONLY the integer.
Audio 1: <AUDIO1>
Audio 2: <AUDIO2>","You will hear two audios. Audio 1 is a reference tone — note name F3. Audio 2 is the target tone. What is the note name and octave of Audio 2, e.g. C4, F#3? Reply with ONLY the note name in Scientific Pitch Notation.
Audio 1: <AUDIO1>
Audio 2: <AUDIO2>","You will hear two audios. Audio 1 is a reference tone — solfège syllable 'fa' (fixed-do: do=C re=D mi=E fa=F sol=G la=A si=B). Audio 2 is the target tone. What is the solfège syllable and accidental (if needed) of Audio 2? Reply with ONLY the syllable and accidental.
Audio 1: <AUDIO1>
Audio 2: <AUDIO2>","You will hear two audios. Audio 1 is a reference tone at 174.61 Hz. Audio 2 is the target tone. What is the pitch frequency of Audio 2 in Hertz? Reply with ONLY a number (the frequency in Hz).
Audio 1: <AUDIO1>
Audio 2: <AUDIO2>"
53,4,data/analysis_audio/pitchbench_d7b_pitch_with_reference_split/F3_cello_5000ms.wav,cello,instrument,57,2,0,0,0,0,A3,,0,0,0,la,,0,220.0,,0,0,,,A3,,0,The MIDI note number of Audio 2 is 57.,,,,data/analysis_audio/pitchbench_d7b_pitch_with_reference_split/A3_cello_5000ms.wav,A3_cello_5000ms.wav,"You will hear two audios. Audio 1 is a reference tone whose MIDI note number is 53. Audio 2 is the target tone. What is the MIDI note number of Audio 2? Reply with ONLY the integer.
Audio 1: <AUDIO1>
Audio 2: <AUDIO2>","You will hear two audios. Audio 1 is a reference tone — note name F3. Audio 2 is the target tone. What is the note name and octave of Audio 2, e.g. C4, F#3? Reply with ONLY the note name in Scientific Pitch Notation.
Audio 1: <AUDIO1>
Audio 2: <AUDIO2>","You will hear two audios. Audio 1 is a reference tone — solfège syllable 'fa' (fixed-do: do=C re=D mi=E fa=F sol=G la=A si=B). Audio 2 is the target tone. What is the solfège syllable and accidental (if needed) of Audio 2? Reply with ONLY the syllable and accidental.
Audio 1: <AUDIO1>
Audio 2: <AUDIO2>","You will hear two audios. Audio 1 is a reference tone at 174.61 Hz. Audio 2 is the target tone. What is the pitch frequency of Audio 2 in Hertz? Reply with ONLY a number (the frequency in Hz).
Audio 1: <AUDIO1>
Audio 2: <AUDIO2>"
53,4,data/analysis_audio/pitchbench_d7b_pitch_with_reference_split/F3_flute_5000ms.wav,flute,instrument,57,51,0,0,0,1,A3,,0,0,0,la,,0,220.0,,0,0,,,A3,,0,51,,,,data/analysis_audio/pitchbench_d7b_pitch_with_reference_split/A3_flute_5000ms.wav,A3_flute_5000ms.wav,"You will hear two audios. Audio 1 is a reference tone whose MIDI note number is 53. Audio 2 is the target tone. What is the MIDI note number of Audio 2? Reply with ONLY the integer.
Audio 1: <AUDIO1>
Audio 2: <AUDIO2>","You will hear two audios. Audio 1 is a reference tone — note name F3. Audio 2 is the target tone. What is the note name and octave of Audio 2, e.g. C4, F#3? Reply with ONLY the note name in Scientific Pitch Notation.
Audio 1: <AUDIO1>
Audio 2: <AUDIO2>","You will hear two audios. Audio 1 is a reference tone — solfège syllable 'fa' (fixed-do: do=C re=D mi=E fa=F sol=G la=A si=B). Audio 2 is the target tone. What is the solfège syllable and accidental (if needed) of Audio 2? Reply with ONLY the syllable and accidental.
Audio 1: <AUDIO1>
Audio 2: <AUDIO2>","You will hear two audios. Audio 1 is a reference tone at 174.61 Hz. Audio 2 is the target tone. What is the pitch frequency of Audio 2 in Hertz? Reply with ONLY a number (the frequency in Hz).
Audio 1: <AUDIO1>
Audio 2: <AUDIO2>"
53,4,data/analysis_audio/pitchbench_d7b_pitch_with_reference_split/F3_piano_5000ms.wav,piano,instrument,57,2,0,0,0,0,A3,,0,0,0,la,,0,220.0,,0,0,,,A3,,0,The target tone in Audio 2 is 56.,,,,data/analysis_audio/pitchbench_d7b_pitch_with_reference_split/A3_piano_5000ms.wav,A3_piano_5000ms.wav,"You will hear two audios. Audio 1 is a reference tone whose MIDI note number is 53. Audio 2 is the target tone. What is the MIDI note number of Audio 2? Reply with ONLY the integer.
Audio 1: <AUDIO1>
Audio 2: <AUDIO2>","You will hear two audios. Audio 1 is a reference tone — note name F3. Audio 2 is the target tone. What is the note name and octave of Audio 2, e.g. C4, F#3? Reply with ONLY the note name in Scientific Pitch Notation.
Audio 1: <AUDIO1>
Audio 2: <AUDIO2>","You will hear two audios. Audio 1 is a reference tone — solfège syllable 'fa' (fixed-do: do=C re=D mi=E fa=F sol=G la=A si=B). Audio 2 is the target tone. What is the solfège syllable and accidental (if needed) of Audio 2? Reply with ONLY the syllable and accidental.
Audio 1: <AUDIO1>
Audio 2: <AUDIO2>","You will hear two audios. Audio 1 is a reference tone at 174.61 Hz. Audio 2 is the target tone. What is the pitch frequency of Audio 2 in Hertz? Reply with ONLY a number (the frequency in Hz).
Audio 1: <AUDIO1>
Audio 2: <AUDIO2>"
53,4,data/analysis_audio/pitchbench_d7b_pitch_with_reference_split/F3_voice_5000ms.wav,voice,instrument,57,2,0,0,0,0,A3,,0,0,0,la,,0,220.0,,0,0,,,A3,,0,The MIDI note number of Audio 2 is 57.,,,,data/analysis_audio/pitchbench_d7b_pitch_with_reference_split/A3_voice_5000ms.wav,A3_voice_5000ms.wav,"You will hear two audios. Audio 1 is a reference tone whose MIDI note number is 53. Audio 2 is the target tone. What is the MIDI note number of Audio 2? Reply with ONLY the integer.
Audio 1: <AUDIO1>
Audio 2: <AUDIO2>","You will hear two audios. Audio 1 is a reference tone — note name F3. Audio 2 is the target tone. What is the note name and octave of Audio 2, e.g. C4, F#3? Reply with ONLY the note name in Scientific Pitch Notation.
Audio 1: <AUDIO1>
Audio 2: <AUDIO2>","You will hear two audios. Audio 1 is a reference tone — solfège syllable 'fa' (fixed-do: do=C re=D mi=E fa=F sol=G la=A si=B). Audio 2 is the target tone. What is the solfège syllable and accidental (if needed) of Audio 2? Reply with ONLY the syllable and accidental.
Audio 1: <AUDIO1>
Audio 2: <AUDIO2>","You will hear two audios. Audio 1 is a reference tone at 174.61 Hz. Audio 2 is the target tone. What is the pitch frequency of Audio 2 in Hertz? Reply with ONLY a number (the frequency in Hz).
Audio 1: <AUDIO1>
Audio 2: <AUDIO2>"
53,5,data/analysis_audio/pitchbench_d7b_pitch_with_reference_split/F3_sine_5000ms.wav,sine,waveform,58,2,0,0,0,0,A#3,,0,0,0,la#,,0,233.0819,,0,0,,,A#3,,0,The MIDI note number of Audio 2 is 57.,,,,data/analysis_audio/pitchbench_d7b_pitch_with_reference_split/As3_sine_5000ms.wav,As3_sine_5000ms.wav,"You will hear two audios. Audio 1 is a reference tone whose MIDI note number is 53. Audio 2 is the target tone. What is the MIDI note number of Audio 2? Reply with ONLY the integer.
Audio 1: <AUDIO1>
Audio 2: <AUDIO2>","You will hear two audios. Audio 1 is a reference tone — note name F3. Audio 2 is the target tone. What is the note name and octave of Audio 2, e.g. C4, F#3? Reply with ONLY the note name in Scientific Pitch Notation.
Audio 1: <AUDIO1>
Audio 2: <AUDIO2>","You will hear two audios. Audio 1 is a reference tone — solfège syllable 'fa' (fixed-do: do=C re=D mi=E fa=F sol=G la=A si=B). Audio 2 is the target tone. What is the solfège syllable and accidental (if needed) of Audio 2? Reply with ONLY the syllable and accidental.
Audio 1: <AUDIO1>
Audio 2: <AUDIO2>","You will hear two audios. Audio 1 is a reference tone at 174.61 Hz. Audio 2 is the target tone. What is the pitch frequency of Audio 2 in Hertz? Reply with ONLY a number (the frequency in Hz).
Audio 1: <AUDIO1>
Audio 2: <AUDIO2>"
53,5,data/analysis_audio/pitchbench_d7b_pitch_with_reference_split/F3_synth_lead_5000ms.wav,synth_lead,instrument,58,2,0,0,0,0,A#3,,0,0,0,la#,,0,233.0819,,0,0,,,A#3,,0,The MIDI note number of Audio 2 is 57.,,,,data/analysis_audio/pitchbench_d7b_pitch_with_reference_split/As3_synth_lead_5000ms.wav,As3_synth_lead_5000ms.wav,"You will hear two audios. Audio 1 is a reference tone whose MIDI note number is 53. Audio 2 is the target tone. What is the MIDI note number of Audio 2? Reply with ONLY the integer.
Audio 1: <AUDIO1>
Audio 2: <AUDIO2>","You will hear two audios. Audio 1 is a reference tone — note name F3. Audio 2 is the target tone. What is the note name and octave of Audio 2, e.g. C4, F#3? Reply with ONLY the note name in Scientific Pitch Notation.
Audio 1: <AUDIO1>
Audio 2: <AUDIO2>","You will hear two audios. Audio 1 is a reference tone — solfège syllable 'fa' (fixed-do: do=C re=D mi=E fa=F sol=G la=A si=B). Audio 2 is the target tone. What is the solfège syllable and accidental (if needed) of Audio 2? Reply with ONLY the syllable and accidental.
Audio 1: <AUDIO1>
Audio 2: <AUDIO2>","You will hear two audios. Audio 1 is a reference tone at 174.61 Hz. Audio 2 is the target tone. What is the pitch frequency of Audio 2 in Hertz? Reply with ONLY a number (the frequency in Hz).
Audio 1: <AUDIO1>
Audio 2: <AUDIO2>"
53,5,data/analysis_audio/pitchbench_d7b_pitch_with_reference_split/F3_cello_5000ms.wav,cello,instrument,58,2,0,0,0,0,A#3,,0,0,0,la#,,0,233.0819,,0,0,,,A#3,,0,The target tone in Audio 2 is 56.,,,,data/analysis_audio/pitchbench_d7b_pitch_with_reference_split/As3_cello_5000ms.wav,As3_cello_5000ms.wav,"You will hear two audios. Audio 1 is a reference tone whose MIDI note number is 53. Audio 2 is the target tone. What is the MIDI note number of Audio 2? Reply with ONLY the integer.
Audio 1: <AUDIO1>
Audio 2: <AUDIO2>","You will hear two audios. Audio 1 is a reference tone — note name F3. Audio 2 is the target tone. What is the note name and octave of Audio 2, e.g. C4, F#3? Reply with ONLY the note name in Scientific Pitch Notation.
Audio 1: <AUDIO1>
Audio 2: <AUDIO2>","You will hear two audios. Audio 1 is a reference tone — solfège syllable 'fa' (fixed-do: do=C re=D mi=E fa=F sol=G la=A si=B). Audio 2 is the target tone. What is the solfège syllable and accidental (if needed) of Audio 2? Reply with ONLY the syllable and accidental.
Audio 1: <AUDIO1>
Audio 2: <AUDIO2>","You will hear two audios. Audio 1 is a reference tone at 174.61 Hz. Audio 2 is the target tone. What is the pitch frequency of Audio 2 in Hertz? Reply with ONLY a number (the frequency in Hz).
Audio 1: <AUDIO1>
Audio 2: <AUDIO2>"
53,5,data/analysis_audio/pitchbench_d7b_pitch_with_reference_split/F3_flute_5000ms.wav,flute,instrument,58,2,0,0,0,0,A#3,,0,0,0,la#,,0,233.0819,,0,0,,,A#3,,0,The target tone in Audio 2 is 55.,,,,data/analysis_audio/pitchbench_d7b_pitch_with_reference_split/As3_flute_5000ms.wav,As3_flute_5000ms.wav,"You will hear two audios. Audio 1 is a reference tone whose MIDI note number is 53. Audio 2 is the target tone. What is the MIDI note number of Audio 2? Reply with ONLY the integer.
Audio 1: <AUDIO1>
Audio 2: <AUDIO2>","You will hear two audios. Audio 1 is a reference tone — note name F3. Audio 2 is the target tone. What is the note name and octave of Audio 2, e.g. C4, F#3? Reply with ONLY the note name in Scientific Pitch Notation.
Audio 1: <AUDIO1>
Audio 2: <AUDIO2>","You will hear two audios. Audio 1 is a reference tone — solfège syllable 'fa' (fixed-do: do=C re=D mi=E fa=F sol=G la=A si=B). Audio 2 is the target tone. What is the solfège syllable and accidental (if needed) of Audio 2? Reply with ONLY the syllable and accidental.
Audio 1: <AUDIO1>
Audio 2: <AUDIO2>","You will hear two audios. Audio 1 is a reference tone at 174.61 Hz. Audio 2 is the target tone. What is the pitch frequency of Audio 2 in Hertz? Reply with ONLY a number (the frequency in Hz).
Audio 1: <AUDIO1>
Audio 2: <AUDIO2>"
53,5,data/analysis_audio/pitchbench_d7b_pitch_with_reference_split/F3_piano_5000ms.wav,piano,instrument,58,61,0,0,0,0,A#3,,0,0,0,la#,,0,233.0819,,0,0,,,A#3,,0,61,,,,data/analysis_audio/pitchbench_d7b_pitch_with_reference_split/As3_piano_5000ms.wav,As3_piano_5000ms.wav,"You will hear two audios. Audio 1 is a reference tone whose MIDI note number is 53. Audio 2 is the target tone. What is the MIDI note number of Audio 2? Reply with ONLY the integer.
Audio 1: <AUDIO1>
Audio 2: <AUDIO2>","You will hear two audios. Audio 1 is a reference tone — note name F3. Audio 2 is the target tone. What is the note name and octave of Audio 2, e.g. C4, F#3? Reply with ONLY the note name in Scientific Pitch Notation.
Audio 1: <AUDIO1>
Audio 2: <AUDIO2>","You will hear two audios. Audio 1 is a reference tone — solfège syllable 'fa' (fixed-do: do=C re=D mi=E fa=F sol=G la=A si=B). Audio 2 is the target tone. What is the solfège syllable and accidental (if needed) of Audio 2? Reply with ONLY the syllable and accidental.
Audio 1: <AUDIO1>
Audio 2: <AUDIO2>","You will hear two audios. Audio 1 is a reference tone at 174.61 Hz. Audio 2 is the target tone. What is the pitch frequency of Audio 2 in Hertz? Reply with ONLY a number (the frequency in Hz).
Audio 1: <AUDIO1>
Audio 2: <AUDIO2>"
53,5,data/analysis_audio/pitchbench_d7b_pitch_with_reference_split/F3_voice_5000ms.wav,voice,instrument,58,2,0,0,0,0,A#3,,0,0,0,la#,,0,233.0819,,0,0,,,A#3,,0,The target tone in Audio 2 is 57.,,,,data/analysis_audio/pitchbench_d7b_pitch_with_reference_split/As3_voice_5000ms.wav,As3_voice_5000ms.wav,"You will hear two audios. Audio 1 is a reference tone whose MIDI note number is 53. Audio 2 is the target tone. What is the MIDI note number of Audio 2? Reply with ONLY the integer.
Audio 1: <AUDIO1>
Audio 2: <AUDIO2>","You will hear two audios. Audio 1 is a reference tone — note name F3. Audio 2 is the target tone. What is the note name and octave of Audio 2, e.g. C4, F#3? Reply with ONLY the note name in Scientific Pitch Notation.
Audio 1: <AUDIO1>
Audio 2: <AUDIO2>","You will hear two audios. Audio 1 is a reference tone — solfège syllable 'fa' (fixed-do: do=C re=D mi=E fa=F sol=G la=A si=B). Audio 2 is the target tone. What is the solfège syllable and accidental (if needed) of Audio 2? Reply with ONLY the syllable and accidental.
Audio 1: <AUDIO1>
Audio 2: <AUDIO2>","You will hear two audios. Audio 1 is a reference tone at 174.61 Hz. Audio 2 is the target tone. What is the pitch frequency of Audio 2 in Hertz? Reply with ONLY a number (the frequency in Hz).
Audio 1: <AUDIO1>
Audio 2: <AUDIO2>"
53,7,data/analysis_audio/pitchbench_d7b_pitch_with_reference_split/F3_sine_5000ms.wav,sine,waveform,60,2,0,0,0,0,C4,,0,0,0,do,,0,261.6256,,0,0,,,C4,,0,The MIDI note number of Audio 2 is 57.,,,,data/analysis_audio/pitchbench_d7b_pitch_with_reference_split/C4_sine_5000ms.wav,C4_sine_5000ms.wav,"You will hear two audios. Audio 1 is a reference tone whose MIDI note number is 53. Audio 2 is the target tone. What is the MIDI note number of Audio 2? Reply with ONLY the integer.
Audio 1: <AUDIO1>
Audio 2: <AUDIO2>","You will hear two audios. Audio 1 is a reference tone — note name F3. Audio 2 is the target tone. What is the note name and octave of Audio 2, e.g. C4, F#3? Reply with ONLY the note name in Scientific Pitch Notation.
Audio 1: <AUDIO1>
Audio 2: <AUDIO2>","You will hear two audios. Audio 1 is a reference tone — solfège syllable 'fa' (fixed-do: do=C re=D mi=E fa=F sol=G la=A si=B). Audio 2 is the target tone. What is the solfège syllable and accidental (if needed) of Audio 2? Reply with ONLY the syllable and accidental.
Audio 1: <AUDIO1>
Audio 2: <AUDIO2>","You will hear two audios. Audio 1 is a reference tone at 174.61 Hz. Audio 2 is the target tone. What is the pitch frequency of Audio 2 in Hertz? Reply with ONLY a number (the frequency in Hz).
Audio 1: <AUDIO1>
Audio 2: <AUDIO2>"
53,7,data/analysis_audio/pitchbench_d7b_pitch_with_reference_split/F3_synth_lead_5000ms.wav,synth_lead,instrument,60,57,0,0,0,0,C4,,0,0,0,do,,0,261.6256,,0,0,,,C4,,0,The target tone is 57.,,,,data/analysis_audio/pitchbench_d7b_pitch_with_reference_split/C4_synth_lead_5000ms.wav,C4_synth_lead_5000ms.wav,"You will hear two audios. Audio 1 is a reference tone whose MIDI note number is 53. Audio 2 is the target tone. What is the MIDI note number of Audio 2? Reply with ONLY the integer.
Audio 1: <AUDIO1>
Audio 2: <AUDIO2>","You will hear two audios. Audio 1 is a reference tone — note name F3. Audio 2 is the target tone. What is the note name and octave of Audio 2, e.g. C4, F#3? Reply with ONLY the note name in Scientific Pitch Notation.
Audio 1: <AUDIO1>
Audio 2: <AUDIO2>","You will hear two audios. Audio 1 is a reference tone — solfège syllable 'fa' (fixed-do: do=C re=D mi=E fa=F sol=G la=A si=B). Audio 2 is the target tone. What is the solfège syllable and accidental (if needed) of Audio 2? Reply with ONLY the syllable and accidental.
Audio 1: <AUDIO1>
Audio 2: <AUDIO2>","You will hear two audios. Audio 1 is a reference tone at 174.61 Hz. Audio 2 is the target tone. What is the pitch frequency of Audio 2 in Hertz? Reply with ONLY a number (the frequency in Hz).
Audio 1: <AUDIO1>
Audio 2: <AUDIO2>"
53,7,data/analysis_audio/pitchbench_d7b_pitch_with_reference_split/F3_cello_5000ms.wav,cello,instrument,60,2,0,0,0,0,C4,,0,0,0,do,,0,261.6256,,0,0,,,C4,,0,The MIDI note number of Audio 2 is 57.,,,,data/analysis_audio/pitchbench_d7b_pitch_with_reference_split/C4_cello_5000ms.wav,C4_cello_5000ms.wav,"You will hear two audios. Audio 1 is a reference tone whose MIDI note number is 53. Audio 2 is the target tone. What is the MIDI note number of Audio 2? Reply with ONLY the integer.
Audio 1: <AUDIO1>
Audio 2: <AUDIO2>","You will hear two audios. Audio 1 is a reference tone — note name F3. Audio 2 is the target tone. What is the note name and octave of Audio 2, e.g. C4, F#3? Reply with ONLY the note name in Scientific Pitch Notation.
Audio 1: <AUDIO1>
Audio 2: <AUDIO2>","You will hear two audios. Audio 1 is a reference tone — solfège syllable 'fa' (fixed-do: do=C re=D mi=E fa=F sol=G la=A si=B). Audio 2 is the target tone. What is the solfège syllable and accidental (if needed) of Audio 2? Reply with ONLY the syllable and accidental.
Audio 1: <AUDIO1>
Audio 2: <AUDIO2>","You will hear two audios. Audio 1 is a reference tone at 174.61 Hz. Audio 2 is the target tone. What is the pitch frequency of Audio 2 in Hertz? Reply with ONLY a number (the frequency in Hz).
Audio 1: <AUDIO1>
Audio 2: <AUDIO2>"
53,7,data/analysis_audio/pitchbench_d7b_pitch_with_reference_split/F3_flute_5000ms.wav,flute,instrument,60,2,0,0,0,0,C4,,0,0,0,do,,0,261.6256,,0,0,,,C4,,0,The MIDI note number of Audio 2 is 57.,,,,data/analysis_audio/pitchbench_d7b_pitch_with_reference_split/C4_flute_5000ms.wav,C4_flute_5000ms.wav,"You will hear two audios. Audio 1 is a reference tone whose MIDI note number is 53. Audio 2 is the target tone. What is the MIDI note number of Audio 2? Reply with ONLY the integer.
Audio 1: <AUDIO1>
Audio 2: <AUDIO2>","You will hear two audios. Audio 1 is a reference tone — note name F3. Audio 2 is the target tone. What is the note name and octave of Audio 2, e.g. C4, F#3? Reply with ONLY the note name in Scientific Pitch Notation.
Audio 1: <AUDIO1>
Audio 2: <AUDIO2>","You will hear two audios. Audio 1 is a reference tone — solfège syllable 'fa' (fixed-do: do=C re=D mi=E fa=F sol=G la=A si=B). Audio 2 is the target tone. What is the solfège syllable and accidental (if needed) of Audio 2? Reply with ONLY the syllable and accidental.
Audio 1: <AUDIO1>
Audio 2: <AUDIO2>","You will hear two audios. Audio 1 is a reference tone at 174.61 Hz. Audio 2 is the target tone. What is the pitch frequency of Audio 2 in Hertz? Reply with ONLY a number (the frequency in Hz).
Audio 1: <AUDIO1>
Audio 2: <AUDIO2>"
53,7,data/analysis_audio/pitchbench_d7b_pitch_with_reference_split/F3_piano_5000ms.wav,piano,instrument,60,59,0,1,0,0,C4,,0,0,0,do,,0,261.6256,,0,0,,,C4,,0,59,,,,data/analysis_audio/pitchbench_d7b_pitch_with_reference_split/C4_piano_5000ms.wav,C4_piano_5000ms.wav,"You will hear two audios. Audio 1 is a reference tone whose MIDI note number is 53. Audio 2 is the target tone. What is the MIDI note number of Audio 2? Reply with ONLY the integer.
Audio 1: <AUDIO1>
Audio 2: <AUDIO2>","You will hear two audios. Audio 1 is a reference tone — note name F3. Audio 2 is the target tone. What is the note name and octave of Audio 2, e.g. C4, F#3? Reply with ONLY the note name in Scientific Pitch Notation.
Audio 1: <AUDIO1>
Audio 2: <AUDIO2>","You will hear two audios. Audio 1 is a reference tone — solfège syllable 'fa' (fixed-do: do=C re=D mi=E fa=F sol=G la=A si=B). Audio 2 is the target tone. What is the solfège syllable and accidental (if needed) of Audio 2? Reply with ONLY the syllable and accidental.
Audio 1: <AUDIO1>
Audio 2: <AUDIO2>","You will hear two audios. Audio 1 is a reference tone at 174.61 Hz. Audio 2 is the target tone. What is the pitch frequency of Audio 2 in Hertz? Reply with ONLY a number (the frequency in Hz).
Audio 1: <AUDIO1>
Audio 2: <AUDIO2>"
53,7,data/analysis_audio/pitchbench_d7b_pitch_with_reference_split/F3_voice_5000ms.wav,voice,instrument,60,2,0,0,0,0,C4,,0,0,0,do,,0,261.6256,,0,0,,,C4,,0,The MIDI note number of Audio 2 is 57.,,,,data/analysis_audio/pitchbench_d7b_pitch_with_reference_split/C4_voice_5000ms.wav,C4_voice_5000ms.wav,"You will hear two audios. Audio 1 is a reference tone whose MIDI note number is 53. Audio 2 is the target tone. What is the MIDI note number of Audio 2? Reply with ONLY the integer.
Audio 1: <AUDIO1>
Audio 2: <AUDIO2>","You will hear two audios. Audio 1 is a reference tone — note name F3. Audio 2 is the target tone. What is the note name and octave of Audio 2, e.g. C4, F#3? Reply with ONLY the note name in Scientific Pitch Notation.
Audio 1: <AUDIO1>
Audio 2: <AUDIO2>","You will hear two audios. Audio 1 is a reference tone — solfège syllable 'fa' (fixed-do: do=C re=D mi=E fa=F sol=G la=A si=B). Audio 2 is the target tone. What is the solfège syllable and accidental (if needed) of Audio 2? Reply with ONLY the syllable and accidental.
Audio 1: <AUDIO1>
Audio 2: <AUDIO2>","You will hear two audios. Audio 1 is a reference tone at 174.61 Hz. Audio 2 is the target tone. What is the pitch frequency of Audio 2 in Hertz? Reply with ONLY a number (the frequency in Hz).
Audio 1: <AUDIO1>
Audio 2: <AUDIO2>"
53,12,data/analysis_audio/pitchbench_d7b_pitch_with_reference_split/F3_sine_5000ms.wav,sine,waveform,65,2,0,0,0,0,F4,,0,0,0,fa,,0,349.2282,,0,0,,,F4,,0,The MIDI note number of Audio 2 is 57.,,,,data/analysis_audio/pitchbench_d7b_pitch_with_reference_split/F4_sine_5000ms.wav,F4_sine_5000ms.wav,"You will hear two audios. Audio 1 is a reference tone whose MIDI note number is 53. Audio 2 is the target tone. What is the MIDI note number of Audio 2? Reply with ONLY the integer.
Audio 1: <AUDIO1>
Audio 2: <AUDIO2>","You will hear two audios. Audio 1 is a reference tone — note name F3. Audio 2 is the target tone. What is the note name and octave of Audio 2, e.g. C4, F#3? Reply with ONLY the note name in Scientific Pitch Notation.
Audio 1: <AUDIO1>
Audio 2: <AUDIO2>","You will hear two audios. Audio 1 is a reference tone — solfège syllable 'fa' (fixed-do: do=C re=D mi=E fa=F sol=G la=A si=B). Audio 2 is the target tone. What is the solfège syllable and accidental (if needed) of Audio 2? Reply with ONLY the syllable and accidental.
Audio 1: <AUDIO1>
Audio 2: <AUDIO2>","You will hear two audios. Audio 1 is a reference tone at 174.61 Hz. Audio 2 is the target tone. What is the pitch frequency of Audio 2 in Hertz? Reply with ONLY a number (the frequency in Hz).
Audio 1: <AUDIO1>
Audio 2: <AUDIO2>"
53,12,data/analysis_audio/pitchbench_d7b_pitch_with_reference_split/F3_synth_lead_5000ms.wav,synth_lead,instrument,65,2,0,0,0,0,F4,,0,0,0,fa,,0,349.2282,,0,0,,,F4,,0,The target tone in Audio 2 is 56.,,,,data/analysis_audio/pitchbench_d7b_pitch_with_reference_split/F4_synth_lead_5000ms.wav,F4_synth_lead_5000ms.wav,"You will hear two audios. Audio 1 is a reference tone whose MIDI note number is 53. Audio 2 is the target tone. What is the MIDI note number of Audio 2? Reply with ONLY the integer.
Audio 1: <AUDIO1>
Audio 2: <AUDIO2>","You will hear two audios. Audio 1 is a reference tone — note name F3. Audio 2 is the target tone. What is the note name and octave of Audio 2, e.g. C4, F#3? Reply with ONLY the note name in Scientific Pitch Notation.
Audio 1: <AUDIO1>
Audio 2: <AUDIO2>","You will hear two audios. Audio 1 is a reference tone — solfège syllable 'fa' (fixed-do: do=C re=D mi=E fa=F sol=G la=A si=B). Audio 2 is the target tone. What is the solfège syllable and accidental (if needed) of Audio 2? Reply with ONLY the syllable and accidental.
Audio 1: <AUDIO1>
Audio 2: <AUDIO2>","You will hear two audios. Audio 1 is a reference tone at 174.61 Hz. Audio 2 is the target tone. What is the pitch frequency of Audio 2 in Hertz? Reply with ONLY a number (the frequency in Hz).
Audio 1: <AUDIO1>
Audio 2: <AUDIO2>"
53,12,data/analysis_audio/pitchbench_d7b_pitch_with_reference_split/F3_cello_5000ms.wav,cello,instrument,65,2,0,0,0,0,F4,,0,0,0,fa,,0,349.2282,,0,0,,,F4,,0,The target tone in Audio 2 corresponds to MIDI note number 57.,,,,data/analysis_audio/pitchbench_d7b_pitch_with_reference_split/F4_cello_5000ms.wav,F4_cello_5000ms.wav,"You will hear two audios. Audio 1 is a reference tone whose MIDI note number is 53. Audio 2 is the target tone. What is the MIDI note number of Audio 2? Reply with ONLY the integer.
Audio 1: <AUDIO1>
Audio 2: <AUDIO2>","You will hear two audios. Audio 1 is a reference tone — note name F3. Audio 2 is the target tone. What is the note name and octave of Audio 2, e.g. C4, F#3? Reply with ONLY the note name in Scientific Pitch Notation.
Audio 1: <AUDIO1>
Audio 2: <AUDIO2>","You will hear two audios. Audio 1 is a reference tone — solfège syllable 'fa' (fixed-do: do=C re=D mi=E fa=F sol=G la=A si=B). Audio 2 is the target tone. What is the solfège syllable and accidental (if needed) of Audio 2? Reply with ONLY the syllable and accidental.
Audio 1: <AUDIO1>
Audio 2: <AUDIO2>","You will hear two audios. Audio 1 is a reference tone at 174.61 Hz. Audio 2 is the target tone. What is the pitch frequency of Audio 2 in Hertz? Reply with ONLY a number (the frequency in Hz).
Audio 1: <AUDIO1>
Audio 2: <AUDIO2>"
53,12,data/analysis_audio/pitchbench_d7b_pitch_with_reference_split/F3_flute_5000ms.wav,flute,instrument,65,2,0,0,0,0,F4,,0,0,0,fa,,0,349.2282,,0,0,,,F4,,0,The target tone in Audio 2 is 57.,,,,data/analysis_audio/pitchbench_d7b_pitch_with_reference_split/F4_flute_5000ms.wav,F4_flute_5000ms.wav,"You will hear two audios. Audio 1 is a reference tone whose MIDI note number is 53. Audio 2 is the target tone. What is the MIDI note number of Audio 2? Reply with ONLY the integer.
Audio 1: <AUDIO1>
Audio 2: <AUDIO2>","You will hear two audios. Audio 1 is a reference tone — note name F3. Audio 2 is the target tone. What is the note name and octave of Audio 2, e.g. C4, F#3? Reply with ONLY the note name in Scientific Pitch Notation.
Audio 1: <AUDIO1>
Audio 2: <AUDIO2>","You will hear two audios. Audio 1 is a reference tone — solfège syllable 'fa' (fixed-do: do=C re=D mi=E fa=F sol=G la=A si=B). Audio 2 is the target tone. What is the solfège syllable and accidental (if needed) of Audio 2? Reply with ONLY the syllable and accidental.
Audio 1: <AUDIO1>
Audio 2: <AUDIO2>","You will hear two audios. Audio 1 is a reference tone at 174.61 Hz. Audio 2 is the target tone. What is the pitch frequency of Audio 2 in Hertz? Reply with ONLY a number (the frequency in Hz).
Audio 1: <AUDIO1>
Audio 2: <AUDIO2>"
53,12,data/analysis_audio/pitchbench_d7b_pitch_with_reference_split/F3_piano_5000ms.wav,piano,instrument,65,53,0,0,1,0,F4,,0,0,0,fa,,0,349.2282,,0,0,,,F4,,0,"The reference tone is MIDI note number 53, which corresponds to F3. The target tone is a perfect fifth above the reference tone. A perfect fifth interval is 7 semitones higher.

53 + 7 = 60.

Therefore, the MIDI note number of Audio 2 is 60.",,,,data/analysis_audio/pitchbench_d7b_pitch_with_reference_split/F4_piano_5000ms.wav,F4_piano_5000ms.wav,"You will hear two audios. Audio 1 is a reference tone whose MIDI note number is 53. Audio 2 is the target tone. What is the MIDI note number of Audio 2? Reply with ONLY the integer.
Audio 1: <AUDIO1>
Audio 2: <AUDIO2>","You will hear two audios. Audio 1 is a reference tone — note name F3. Audio 2 is the target tone. What is the note name and octave of Audio 2, e.g. C4, F#3? Reply with ONLY the note name in Scientific Pitch Notation.
Audio 1: <AUDIO1>
Audio 2: <AUDIO2>","You will hear two audios. Audio 1 is a reference tone — solfège syllable 'fa' (fixed-do: do=C re=D mi=E fa=F sol=G la=A si=B). Audio 2 is the target tone. What is the solfège syllable and accidental (if needed) of Audio 2? Reply with ONLY the syllable and accidental.
Audio 1: <AUDIO1>
Audio 2: <AUDIO2>","You will hear two audios. Audio 1 is a reference tone at 174.61 Hz. Audio 2 is the target tone. What is the pitch frequency of Audio 2 in Hertz? Reply with ONLY a number (the frequency in Hz).
Audio 1: <AUDIO1>
Audio 2: <AUDIO2>"
53,12,data/analysis_audio/pitchbench_d7b_pitch_with_reference_split/F3_voice_5000ms.wav,voice,instrument,65,2,0,0,0,0,F4,,0,0,0,fa,,0,349.2282,,0,0,,,F4,,0,The MIDI note number of Audio 2 is 57.,,,,data/analysis_audio/pitchbench_d7b_pitch_with_reference_split/F4_voice_5000ms.wav,F4_voice_5000ms.wav,"You will hear two audios. Audio 1 is a reference tone whose MIDI note number is 53. Audio 2 is the target tone. What is the MIDI note number of Audio 2? Reply with ONLY the integer.
Audio 1: <AUDIO1>
Audio 2: <AUDIO2>","You will hear two audios. Audio 1 is a reference tone — note name F3. Audio 2 is the target tone. What is the note name and octave of Audio 2, e.g. C4, F#3? Reply with ONLY the note name in Scientific Pitch Notation.
Audio 1: <AUDIO1>
Audio 2: <AUDIO2>","You will hear two audios. Audio 1 is a reference tone — solfège syllable 'fa' (fixed-do: do=C re=D mi=E fa=F sol=G la=A si=B). Audio 2 is the target tone. What is the solfège syllable and accidental (if needed) of Audio 2? Reply with ONLY the syllable and accidental.
Audio 1: <AUDIO1>
Audio 2: <AUDIO2>","You will hear two audios. Audio 1 is a reference tone at 174.61 Hz. Audio 2 is the target tone. What is the pitch frequency of Audio 2 in Hertz? Reply with ONLY a number (the frequency in Hz).
Audio 1: <AUDIO1>
Audio 2: <AUDIO2>"
