duration_ms,source,source_type,midi_gt,midi_pred,midi_correct,midi_within_1,midi_pc_correct,midi_octave_correct,spn_gt,spn_pred,spn_correct,spn_pc_correct,spn_octave_correct,doremi_gt,doremi_pred,doremi_correct,hz_correct,any_correct,raw_midi,raw_spn,raw_doremi,raw_hz,audio_url,audio_file,prompt_midi,prompt_spn,prompt_doremi,prompt_hz
50,sine,waveform,29,60,0,0,0,0,F1,C1,0,0,1,fa,sol,0,0,0,60,C1,sol,261,data/analysis_audio/pitchbench_a3_single_pitch_by_duration/F1_sine_50ms.wav,F1_sine_50ms.wav,This audio contains a single musical note. What is the MIDI note number (an integer from 0 to 127)? Reply with ONLY the integer. Nothing else. Output only the answer.,"This audio contains a single musical note. What is the note name and octave? Reply with ONLY the note name in Scientific Pitch Notation (e.g. C4, F#3, Bb5). Nothing else. Output only the answer.","This audio contains a single musical note. What is the solfege syllable and accidental (if needed) of this pitch? Use fixed-do (do=C, re=D, mi=E, fa=F, sol=G, la=A, si=B). Include sharps or flats when needed (e.g. do#, reb, fa#, sib). Do NOT include the octave. Reply with ONLY the syllable and accidental (if needed). Nothing else. Output only the answer.","This audio contains a single musical note. What is the main pitch frequency, expressed in Hertz? Reply with ONLY a number (the frequency in Hz). Nothing else. Output only the answer."
250,sine,waveform,29,28,0,1,0,1,F1,C1,0,0,1,fa,sol#,0,0,0,28,C1,sol#,55,data/analysis_audio/pitchbench_a3_single_pitch_by_duration/F1_sine_250ms.wav,F1_sine_250ms.wav,This audio contains a single musical note. What is the MIDI note number (an integer from 0 to 127)? Reply with ONLY the integer. Nothing else. Output only the answer.,"This audio contains a single musical note. What is the note name and octave? Reply with ONLY the note name in Scientific Pitch Notation (e.g. C4, F#3, Bb5). Nothing else. Output only the answer.","This audio contains a single musical note. What is the solfege syllable and accidental (if needed) of this pitch? Use fixed-do (do=C, re=D, mi=E, fa=F, sol=G, la=A, si=B). Include sharps or flats when needed (e.g. do#, reb, fa#, sib). Do NOT include the octave. Reply with ONLY the syllable and accidental (if needed). Nothing else. Output only the answer.","This audio contains a single musical note. What is the main pitch frequency, expressed in Hertz? Reply with ONLY a number (the frequency in Hz). Nothing else. Output only the answer."
1000,sine,waveform,29,48,0,0,0,0,F1,C1,0,0,1,fa,do#,0,0,0,48,C1,do#,55,data/analysis_audio/pitchbench_a3_single_pitch_by_duration/F1_sine_1000ms.wav,F1_sine_1000ms.wav,This audio contains a single musical note. What is the MIDI note number (an integer from 0 to 127)? Reply with ONLY the integer. Nothing else. Output only the answer.,"This audio contains a single musical note. What is the note name and octave? Reply with ONLY the note name in Scientific Pitch Notation (e.g. C4, F#3, Bb5). Nothing else. Output only the answer.","This audio contains a single musical note. What is the solfege syllable and accidental (if needed) of this pitch? Use fixed-do (do=C, re=D, mi=E, fa=F, sol=G, la=A, si=B). Include sharps or flats when needed (e.g. do#, reb, fa#, sib). Do NOT include the octave. Reply with ONLY the syllable and accidental (if needed). Nothing else. Output only the answer.","This audio contains a single musical note. What is the main pitch frequency, expressed in Hertz? Reply with ONLY a number (the frequency in Hz). Nothing else. Output only the answer."
4000,sine,waveform,29,27,0,0,0,1,F1,E1,0,0,1,fa,fa#,0,0,0,27,E1,solb,55,data/analysis_audio/pitchbench_a3_single_pitch_by_duration/F1_sine_4000ms.wav,F1_sine_4000ms.wav,This audio contains a single musical note. What is the MIDI note number (an integer from 0 to 127)? Reply with ONLY the integer. Nothing else. Output only the answer.,"This audio contains a single musical note. What is the note name and octave? Reply with ONLY the note name in Scientific Pitch Notation (e.g. C4, F#3, Bb5). Nothing else. Output only the answer.","This audio contains a single musical note. What is the solfege syllable and accidental (if needed) of this pitch? Use fixed-do (do=C, re=D, mi=E, fa=F, sol=G, la=A, si=B). Include sharps or flats when needed (e.g. do#, reb, fa#, sib). Do NOT include the octave. Reply with ONLY the syllable and accidental (if needed). Nothing else. Output only the answer.","This audio contains a single musical note. What is the main pitch frequency, expressed in Hertz? Reply with ONLY a number (the frequency in Hz). Nothing else. Output only the answer."
15000,sine,waveform,29,28,0,1,0,1,F1,A1,0,0,1,fa,sol#,0,0,0,28,A1,sol#,50,data/analysis_audio/pitchbench_a3_single_pitch_by_duration/F1_sine_15000ms.wav,F1_sine_15000ms.wav,This audio contains a single musical note. What is the MIDI note number (an integer from 0 to 127)? Reply with ONLY the integer. Nothing else. Output only the answer.,"This audio contains a single musical note. What is the note name and octave? Reply with ONLY the note name in Scientific Pitch Notation (e.g. C4, F#3, Bb5). Nothing else. Output only the answer.","This audio contains a single musical note. What is the solfege syllable and accidental (if needed) of this pitch? Use fixed-do (do=C, re=D, mi=E, fa=F, sol=G, la=A, si=B). Include sharps or flats when needed (e.g. do#, reb, fa#, sib). Do NOT include the octave. Reply with ONLY the syllable and accidental (if needed). Nothing else. Output only the answer.","This audio contains a single musical note. What is the main pitch frequency, expressed in Hertz? Reply with ONLY a number (the frequency in Hz). Nothing else. Output only the answer."
60000,sine,waveform,29,49,0,0,0,0,F1,G#1,0,0,1,fa,sol#,0,0,0,49,G#1,sol#,50,data/analysis_audio/pitchbench_a3_single_pitch_by_duration/F1_sine_60000ms.wav,F1_sine_60000ms.wav,This audio contains a single musical note. What is the MIDI note number (an integer from 0 to 127)? Reply with ONLY the integer. Nothing else. Output only the answer.,"This audio contains a single musical note. What is the note name and octave? Reply with ONLY the note name in Scientific Pitch Notation (e.g. C4, F#3, Bb5). Nothing else. Output only the answer.","This audio contains a single musical note. What is the solfege syllable and accidental (if needed) of this pitch? Use fixed-do (do=C, re=D, mi=E, fa=F, sol=G, la=A, si=B). Include sharps or flats when needed (e.g. do#, reb, fa#, sib). Do NOT include the octave. Reply with ONLY the syllable and accidental (if needed). Nothing else. Output only the answer.","This audio contains a single musical note. What is the main pitch frequency, expressed in Hertz? Reply with ONLY a number (the frequency in Hz). Nothing else. Output only the answer."
50,sine,waveform,38,36,0,0,0,1,D2,C1,0,0,0,re,do#,0,0,0,36,C1,do#,55,data/analysis_audio/pitchbench_a3_single_pitch_by_duration/D2_sine_50ms.wav,D2_sine_50ms.wav,This audio contains a single musical note. What is the MIDI note number (an integer from 0 to 127)? Reply with ONLY the integer. Nothing else. Output only the answer.,"This audio contains a single musical note. What is the note name and octave? Reply with ONLY the note name in Scientific Pitch Notation (e.g. C4, F#3, Bb5). Nothing else. Output only the answer.","This audio contains a single musical note. What is the solfege syllable and accidental (if needed) of this pitch? Use fixed-do (do=C, re=D, mi=E, fa=F, sol=G, la=A, si=B). Include sharps or flats when needed (e.g. do#, reb, fa#, sib). Do NOT include the octave. Reply with ONLY the syllable and accidental (if needed). Nothing else. Output only the answer.","This audio contains a single musical note. What is the main pitch frequency, expressed in Hertz? Reply with ONLY a number (the frequency in Hz). Nothing else. Output only the answer."
250,sine,waveform,38,36,0,0,0,1,D2,C1,0,0,0,re,sol#,0,0,0,36,C1,sol#,55,data/analysis_audio/pitchbench_a3_single_pitch_by_duration/D2_sine_250ms.wav,D2_sine_250ms.wav,This audio contains a single musical note. What is the MIDI note number (an integer from 0 to 127)? Reply with ONLY the integer. Nothing else. Output only the answer.,"This audio contains a single musical note. What is the note name and octave? Reply with ONLY the note name in Scientific Pitch Notation (e.g. C4, F#3, Bb5). Nothing else. Output only the answer.","This audio contains a single musical note. What is the solfege syllable and accidental (if needed) of this pitch? Use fixed-do (do=C, re=D, mi=E, fa=F, sol=G, la=A, si=B). Include sharps or flats when needed (e.g. do#, reb, fa#, sib). Do NOT include the octave. Reply with ONLY the syllable and accidental (if needed). Nothing else. Output only the answer.","This audio contains a single musical note. What is the main pitch frequency, expressed in Hertz? Reply with ONLY a number (the frequency in Hz). Nothing else. Output only the answer."
1000,sine,waveform,38,36,0,0,0,1,D2,C#1,0,0,0,re,si,0,0,0,36,C#1,si,55,data/analysis_audio/pitchbench_a3_single_pitch_by_duration/D2_sine_1000ms.wav,D2_sine_1000ms.wav,This audio contains a single musical note. What is the MIDI note number (an integer from 0 to 127)? Reply with ONLY the integer. Nothing else. Output only the answer.,"This audio contains a single musical note. What is the note name and octave? Reply with ONLY the note name in Scientific Pitch Notation (e.g. C4, F#3, Bb5). Nothing else. Output only the answer.","This audio contains a single musical note. What is the solfege syllable and accidental (if needed) of this pitch? Use fixed-do (do=C, re=D, mi=E, fa=F, sol=G, la=A, si=B). Include sharps or flats when needed (e.g. do#, reb, fa#, sib). Do NOT include the octave. Reply with ONLY the syllable and accidental (if needed). Nothing else. Output only the answer.","This audio contains a single musical note. What is the main pitch frequency, expressed in Hertz? Reply with ONLY a number (the frequency in Hz). Nothing else. Output only the answer."
4000,sine,waveform,38,36,0,0,0,1,D2,D2,1,1,1,re,si,0,0,1,36,D2,si,55,data/analysis_audio/pitchbench_a3_single_pitch_by_duration/D2_sine_4000ms.wav,D2_sine_4000ms.wav,This audio contains a single musical note. What is the MIDI note number (an integer from 0 to 127)? Reply with ONLY the integer. Nothing else. Output only the answer.,"This audio contains a single musical note. What is the note name and octave? Reply with ONLY the note name in Scientific Pitch Notation (e.g. C4, F#3, Bb5). Nothing else. Output only the answer.","This audio contains a single musical note. What is the solfege syllable and accidental (if needed) of this pitch? Use fixed-do (do=C, re=D, mi=E, fa=F, sol=G, la=A, si=B). Include sharps or flats when needed (e.g. do#, reb, fa#, sib). Do NOT include the octave. Reply with ONLY the syllable and accidental (if needed). Nothing else. Output only the answer.","This audio contains a single musical note. What is the main pitch frequency, expressed in Hertz? Reply with ONLY a number (the frequency in Hz). Nothing else. Output only the answer."
15000,sine,waveform,38,48,0,0,0,0,D2,D1,0,1,0,re,sol,0,0,0,48,D1,sol,55,data/analysis_audio/pitchbench_a3_single_pitch_by_duration/D2_sine_15000ms.wav,D2_sine_15000ms.wav,This audio contains a single musical note. What is the MIDI note number (an integer from 0 to 127)? Reply with ONLY the integer. Nothing else. Output only the answer.,"This audio contains a single musical note. What is the note name and octave? Reply with ONLY the note name in Scientific Pitch Notation (e.g. C4, F#3, Bb5). Nothing else. Output only the answer.","This audio contains a single musical note. What is the solfege syllable and accidental (if needed) of this pitch? Use fixed-do (do=C, re=D, mi=E, fa=F, sol=G, la=A, si=B). Include sharps or flats when needed (e.g. do#, reb, fa#, sib). Do NOT include the octave. Reply with ONLY the syllable and accidental (if needed). Nothing else. Output only the answer.","This audio contains a single musical note. What is the main pitch frequency, expressed in Hertz? Reply with ONLY a number (the frequency in Hz). Nothing else. Output only the answer."
60000,sine,waveform,38,60,0,0,0,0,D2,C#2,0,0,1,re,sol,0,0,0,60,C#2,sol,50,data/analysis_audio/pitchbench_a3_single_pitch_by_duration/D2_sine_60000ms.wav,D2_sine_60000ms.wav,This audio contains a single musical note. What is the MIDI note number (an integer from 0 to 127)? Reply with ONLY the integer. Nothing else. Output only the answer.,"This audio contains a single musical note. What is the note name and octave? Reply with ONLY the note name in Scientific Pitch Notation (e.g. C4, F#3, Bb5). Nothing else. Output only the answer.","This audio contains a single musical note. What is the solfege syllable and accidental (if needed) of this pitch? Use fixed-do (do=C, re=D, mi=E, fa=F, sol=G, la=A, si=B). Include sharps or flats when needed (e.g. do#, reb, fa#, sib). Do NOT include the octave. Reply with ONLY the syllable and accidental (if needed). Nothing else. Output only the answer.","This audio contains a single musical note. What is the main pitch frequency, expressed in Hertz? Reply with ONLY a number (the frequency in Hz). Nothing else. Output only the answer."
50,sine,waveform,47,60,0,0,0,0,B2,A0,0,0,0,si,sol#,0,0,0,60,A0,sol#,261,data/analysis_audio/pitchbench_a3_single_pitch_by_duration/B2_sine_50ms.wav,B2_sine_50ms.wav,This audio contains a single musical note. What is the MIDI note number (an integer from 0 to 127)? Reply with ONLY the integer. Nothing else. Output only the answer.,"This audio contains a single musical note. What is the note name and octave? Reply with ONLY the note name in Scientific Pitch Notation (e.g. C4, F#3, Bb5). Nothing else. Output only the answer.","This audio contains a single musical note. What is the solfege syllable and accidental (if needed) of this pitch? Use fixed-do (do=C, re=D, mi=E, fa=F, sol=G, la=A, si=B). Include sharps or flats when needed (e.g. do#, reb, fa#, sib). Do NOT include the octave. Reply with ONLY the syllable and accidental (if needed). Nothing else. Output only the answer.","This audio contains a single musical note. What is the main pitch frequency, expressed in Hertz? Reply with ONLY a number (the frequency in Hz). Nothing else. Output only the answer."
250,sine,waveform,47,48,0,1,0,0,B2,C2,0,0,1,si,fa,0,0,0,48,C2,fa,55,data/analysis_audio/pitchbench_a3_single_pitch_by_duration/B2_sine_250ms.wav,B2_sine_250ms.wav,This audio contains a single musical note. What is the MIDI note number (an integer from 0 to 127)? Reply with ONLY the integer. Nothing else. Output only the answer.,"This audio contains a single musical note. What is the note name and octave? Reply with ONLY the note name in Scientific Pitch Notation (e.g. C4, F#3, Bb5). Nothing else. Output only the answer.","This audio contains a single musical note. What is the solfege syllable and accidental (if needed) of this pitch? Use fixed-do (do=C, re=D, mi=E, fa=F, sol=G, la=A, si=B). Include sharps or flats when needed (e.g. do#, reb, fa#, sib). Do NOT include the octave. Reply with ONLY the syllable and accidental (if needed). Nothing else. Output only the answer.","This audio contains a single musical note. What is the main pitch frequency, expressed in Hertz? Reply with ONLY a number (the frequency in Hz). Nothing else. Output only the answer."
1000,sine,waveform,47,48,0,1,0,0,B2,B0,0,1,0,si,fa,0,0,0,48,B0,fa,55,data/analysis_audio/pitchbench_a3_single_pitch_by_duration/B2_sine_1000ms.wav,B2_sine_1000ms.wav,This audio contains a single musical note. What is the MIDI note number (an integer from 0 to 127)? Reply with ONLY the integer. Nothing else. Output only the answer.,"This audio contains a single musical note. What is the note name and octave? Reply with ONLY the note name in Scientific Pitch Notation (e.g. C4, F#3, Bb5). Nothing else. Output only the answer.","This audio contains a single musical note. What is the solfege syllable and accidental (if needed) of this pitch? Use fixed-do (do=C, re=D, mi=E, fa=F, sol=G, la=A, si=B). Include sharps or flats when needed (e.g. do#, reb, fa#, sib). Do NOT include the octave. Reply with ONLY the syllable and accidental (if needed). Nothing else. Output only the answer.","This audio contains a single musical note. What is the main pitch frequency, expressed in Hertz? Reply with ONLY a number (the frequency in Hz). Nothing else. Output only the answer."
4000,sine,waveform,47,48,0,1,0,0,B2,B2,1,1,1,si,sol#,0,0,1,48,B2,sol#,55,data/analysis_audio/pitchbench_a3_single_pitch_by_duration/B2_sine_4000ms.wav,B2_sine_4000ms.wav,This audio contains a single musical note. What is the MIDI note number (an integer from 0 to 127)? Reply with ONLY the integer. Nothing else. Output only the answer.,"This audio contains a single musical note. What is the note name and octave? Reply with ONLY the note name in Scientific Pitch Notation (e.g. C4, F#3, Bb5). Nothing else. Output only the answer.","This audio contains a single musical note. What is the solfege syllable and accidental (if needed) of this pitch? Use fixed-do (do=C, re=D, mi=E, fa=F, sol=G, la=A, si=B). Include sharps or flats when needed (e.g. do#, reb, fa#, sib). Do NOT include the octave. Reply with ONLY the syllable and accidental (if needed). Nothing else. Output only the answer.","This audio contains a single musical note. What is the main pitch frequency, expressed in Hertz? Reply with ONLY a number (the frequency in Hz). Nothing else. Output only the answer."
15000,sine,waveform,47,52,0,0,0,0,B2,B1,0,1,0,si,sol,0,0,0,52,B1,sol,110,data/analysis_audio/pitchbench_a3_single_pitch_by_duration/B2_sine_15000ms.wav,B2_sine_15000ms.wav,This audio contains a single musical note. What is the MIDI note number (an integer from 0 to 127)? Reply with ONLY the integer. Nothing else. Output only the answer.,"This audio contains a single musical note. What is the note name and octave? Reply with ONLY the note name in Scientific Pitch Notation (e.g. C4, F#3, Bb5). Nothing else. Output only the answer.","This audio contains a single musical note. What is the solfege syllable and accidental (if needed) of this pitch? Use fixed-do (do=C, re=D, mi=E, fa=F, sol=G, la=A, si=B). Include sharps or flats when needed (e.g. do#, reb, fa#, sib). Do NOT include the octave. Reply with ONLY the syllable and accidental (if needed). Nothing else. Output only the answer.","This audio contains a single musical note. What is the main pitch frequency, expressed in Hertz? Reply with ONLY a number (the frequency in Hz). Nothing else. Output only the answer."
60000,sine,waveform,47,55,0,0,0,0,B2,B1,0,1,0,si,sol,0,0,0,55,B1,sol,110,data/analysis_audio/pitchbench_a3_single_pitch_by_duration/B2_sine_60000ms.wav,B2_sine_60000ms.wav,This audio contains a single musical note. What is the MIDI note number (an integer from 0 to 127)? Reply with ONLY the integer. Nothing else. Output only the answer.,"This audio contains a single musical note. What is the note name and octave? Reply with ONLY the note name in Scientific Pitch Notation (e.g. C4, F#3, Bb5). Nothing else. Output only the answer.","This audio contains a single musical note. What is the solfege syllable and accidental (if needed) of this pitch? Use fixed-do (do=C, re=D, mi=E, fa=F, sol=G, la=A, si=B). Include sharps or flats when needed (e.g. do#, reb, fa#, sib). Do NOT include the octave. Reply with ONLY the syllable and accidental (if needed). Nothing else. Output only the answer.","This audio contains a single musical note. What is the main pitch frequency, expressed in Hertz? Reply with ONLY a number (the frequency in Hz). Nothing else. Output only the answer."
50,sine,waveform,56,60,0,0,0,0,G#3,C3,0,0,1,sol#,sol#,1,0,0,60,C3,sol#,261.63,data/analysis_audio/pitchbench_a3_single_pitch_by_duration/Gs3_sine_50ms.wav,Gs3_sine_50ms.wav,This audio contains a single musical note. What is the MIDI note number (an integer from 0 to 127)? Reply with ONLY the integer. Nothing else. Output only the answer.,"This audio contains a single musical note. What is the note name and octave? Reply with ONLY the note name in Scientific Pitch Notation (e.g. C4, F#3, Bb5). Nothing else. Output only the answer.","This audio contains a single musical note. What is the solfege syllable and accidental (if needed) of this pitch? Use fixed-do (do=C, re=D, mi=E, fa=F, sol=G, la=A, si=B). Include sharps or flats when needed (e.g. do#, reb, fa#, sib). Do NOT include the octave. Reply with ONLY the syllable and accidental (if needed). Nothing else. Output only the answer.","This audio contains a single musical note. What is the main pitch frequency, expressed in Hertz? Reply with ONLY a number (the frequency in Hz). Nothing else. Output only the answer."
250,sine,waveform,56,69,0,0,0,0,G#3,A1,0,0,0,sol#,sol#,1,0,0,69,A1,sol#,440,data/analysis_audio/pitchbench_a3_single_pitch_by_duration/Gs3_sine_250ms.wav,Gs3_sine_250ms.wav,This audio contains a single musical note. What is the MIDI note number (an integer from 0 to 127)? Reply with ONLY the integer. Nothing else. Output only the answer.,"This audio contains a single musical note. What is the note name and octave? Reply with ONLY the note name in Scientific Pitch Notation (e.g. C4, F#3, Bb5). Nothing else. Output only the answer.","This audio contains a single musical note. What is the solfege syllable and accidental (if needed) of this pitch? Use fixed-do (do=C, re=D, mi=E, fa=F, sol=G, la=A, si=B). Include sharps or flats when needed (e.g. do#, reb, fa#, sib). Do NOT include the octave. Reply with ONLY the syllable and accidental (if needed). Nothing else. Output only the answer.","This audio contains a single musical note. What is the main pitch frequency, expressed in Hertz? Reply with ONLY a number (the frequency in Hz). Nothing else. Output only the answer."
1000,sine,waveform,56,60,0,0,0,0,G#3,A2,0,0,0,sol#,sol,0,0,0,60,A2,sol,440,data/analysis_audio/pitchbench_a3_single_pitch_by_duration/Gs3_sine_1000ms.wav,Gs3_sine_1000ms.wav,This audio contains a single musical note. What is the MIDI note number (an integer from 0 to 127)? Reply with ONLY the integer. Nothing else. Output only the answer.,"This audio contains a single musical note. What is the note name and octave? Reply with ONLY the note name in Scientific Pitch Notation (e.g. C4, F#3, Bb5). Nothing else. Output only the answer.","This audio contains a single musical note. What is the solfege syllable and accidental (if needed) of this pitch? Use fixed-do (do=C, re=D, mi=E, fa=F, sol=G, la=A, si=B). Include sharps or flats when needed (e.g. do#, reb, fa#, sib). Do NOT include the octave. Reply with ONLY the syllable and accidental (if needed). Nothing else. Output only the answer.","This audio contains a single musical note. What is the main pitch frequency, expressed in Hertz? Reply with ONLY a number (the frequency in Hz). Nothing else. Output only the answer."
4000,sine,waveform,56,69,0,0,0,0,G#3,G#3,1,1,1,sol#,sol#,1,0,1,69,G#3,sol#,440,data/analysis_audio/pitchbench_a3_single_pitch_by_duration/Gs3_sine_4000ms.wav,Gs3_sine_4000ms.wav,This audio contains a single musical note. What is the MIDI note number (an integer from 0 to 127)? Reply with ONLY the integer. Nothing else. Output only the answer.,"This audio contains a single musical note. What is the note name and octave? Reply with ONLY the note name in Scientific Pitch Notation (e.g. C4, F#3, Bb5). Nothing else. Output only the answer.","This audio contains a single musical note. What is the solfege syllable and accidental (if needed) of this pitch? Use fixed-do (do=C, re=D, mi=E, fa=F, sol=G, la=A, si=B). Include sharps or flats when needed (e.g. do#, reb, fa#, sib). Do NOT include the octave. Reply with ONLY the syllable and accidental (if needed). Nothing else. Output only the answer.","This audio contains a single musical note. What is the main pitch frequency, expressed in Hertz? Reply with ONLY a number (the frequency in Hz). Nothing else. Output only the answer."
15000,sine,waveform,56,60,0,0,0,0,G#3,G#2,0,1,0,sol#,sol#,1,0,0,60,G#2,sol#,220,data/analysis_audio/pitchbench_a3_single_pitch_by_duration/Gs3_sine_15000ms.wav,Gs3_sine_15000ms.wav,This audio contains a single musical note. What is the MIDI note number (an integer from 0 to 127)? Reply with ONLY the integer. Nothing else. Output only the answer.,"This audio contains a single musical note. What is the note name and octave? Reply with ONLY the note name in Scientific Pitch Notation (e.g. C4, F#3, Bb5). Nothing else. Output only the answer.","This audio contains a single musical note. What is the solfege syllable and accidental (if needed) of this pitch? Use fixed-do (do=C, re=D, mi=E, fa=F, sol=G, la=A, si=B). Include sharps or flats when needed (e.g. do#, reb, fa#, sib). Do NOT include the octave. Reply with ONLY the syllable and accidental (if needed). Nothing else. Output only the answer.","This audio contains a single musical note. What is the main pitch frequency, expressed in Hertz? Reply with ONLY a number (the frequency in Hz). Nothing else. Output only the answer."
60000,sine,waveform,56,57,0,1,0,1,G#3,G#2,0,1,0,sol#,sol,0,0,0,57,G#2,sol,100,data/analysis_audio/pitchbench_a3_single_pitch_by_duration/Gs3_sine_60000ms.wav,Gs3_sine_60000ms.wav,This audio contains a single musical note. What is the MIDI note number (an integer from 0 to 127)? Reply with ONLY the integer. Nothing else. Output only the answer.,"This audio contains a single musical note. What is the note name and octave? Reply with ONLY the note name in Scientific Pitch Notation (e.g. C4, F#3, Bb5). Nothing else. Output only the answer.","This audio contains a single musical note. What is the solfege syllable and accidental (if needed) of this pitch? Use fixed-do (do=C, re=D, mi=E, fa=F, sol=G, la=A, si=B). Include sharps or flats when needed (e.g. do#, reb, fa#, sib). Do NOT include the octave. Reply with ONLY the syllable and accidental (if needed). Nothing else. Output only the answer.","This audio contains a single musical note. What is the main pitch frequency, expressed in Hertz? Reply with ONLY a number (the frequency in Hz). Nothing else. Output only the answer."
50,sine,waveform,65,69,0,0,0,1,F4,C7,0,0,0,fa,mi,0,0,0,69,C7,mi,440,data/analysis_audio/pitchbench_a3_single_pitch_by_duration/F4_sine_50ms.wav,F4_sine_50ms.wav,This audio contains a single musical note. What is the MIDI note number (an integer from 0 to 127)? Reply with ONLY the integer. Nothing else. Output only the answer.,"This audio contains a single musical note. What is the note name and octave? Reply with ONLY the note name in Scientific Pitch Notation (e.g. C4, F#3, Bb5). Nothing else. Output only the answer.","This audio contains a single musical note. What is the solfege syllable and accidental (if needed) of this pitch? Use fixed-do (do=C, re=D, mi=E, fa=F, sol=G, la=A, si=B). Include sharps or flats when needed (e.g. do#, reb, fa#, sib). Do NOT include the octave. Reply with ONLY the syllable and accidental (if needed). Nothing else. Output only the answer.","This audio contains a single musical note. What is the main pitch frequency, expressed in Hertz? Reply with ONLY a number (the frequency in Hz). Nothing else. Output only the answer."
250,sine,waveform,65,69,0,0,0,1,F4,G4,0,0,1,fa,sol#,0,0,0,69,G4,sol#,440,data/analysis_audio/pitchbench_a3_single_pitch_by_duration/F4_sine_250ms.wav,F4_sine_250ms.wav,This audio contains a single musical note. What is the MIDI note number (an integer from 0 to 127)? Reply with ONLY the integer. Nothing else. Output only the answer.,"This audio contains a single musical note. What is the note name and octave? Reply with ONLY the note name in Scientific Pitch Notation (e.g. C4, F#3, Bb5). Nothing else. Output only the answer.","This audio contains a single musical note. What is the solfege syllable and accidental (if needed) of this pitch? Use fixed-do (do=C, re=D, mi=E, fa=F, sol=G, la=A, si=B). Include sharps or flats when needed (e.g. do#, reb, fa#, sib). Do NOT include the octave. Reply with ONLY the syllable and accidental (if needed). Nothing else. Output only the answer.","This audio contains a single musical note. What is the main pitch frequency, expressed in Hertz? Reply with ONLY a number (the frequency in Hz). Nothing else. Output only the answer."
1000,sine,waveform,65,69,0,0,0,1,F4,C4,0,0,1,fa,sol#,0,0,0,69,C4,sol#,440,data/analysis_audio/pitchbench_a3_single_pitch_by_duration/F4_sine_1000ms.wav,F4_sine_1000ms.wav,This audio contains a single musical note. What is the MIDI note number (an integer from 0 to 127)? Reply with ONLY the integer. Nothing else. Output only the answer.,"This audio contains a single musical note. What is the note name and octave? Reply with ONLY the note name in Scientific Pitch Notation (e.g. C4, F#3, Bb5). Nothing else. Output only the answer.","This audio contains a single musical note. What is the solfege syllable and accidental (if needed) of this pitch? Use fixed-do (do=C, re=D, mi=E, fa=F, sol=G, la=A, si=B). Include sharps or flats when needed (e.g. do#, reb, fa#, sib). Do NOT include the octave. Reply with ONLY the syllable and accidental (if needed). Nothing else. Output only the answer.","This audio contains a single musical note. What is the main pitch frequency, expressed in Hertz? Reply with ONLY a number (the frequency in Hz). Nothing else. Output only the answer."
4000,sine,waveform,65,69,0,0,0,1,F4,F4,1,1,1,fa,fa#,0,0,1,69,F4,fa#,440,data/analysis_audio/pitchbench_a3_single_pitch_by_duration/F4_sine_4000ms.wav,F4_sine_4000ms.wav,This audio contains a single musical note. What is the MIDI note number (an integer from 0 to 127)? Reply with ONLY the integer. Nothing else. Output only the answer.,"This audio contains a single musical note. What is the note name and octave? Reply with ONLY the note name in Scientific Pitch Notation (e.g. C4, F#3, Bb5). Nothing else. Output only the answer.","This audio contains a single musical note. What is the solfege syllable and accidental (if needed) of this pitch? Use fixed-do (do=C, re=D, mi=E, fa=F, sol=G, la=A, si=B). Include sharps or flats when needed (e.g. do#, reb, fa#, sib). Do NOT include the octave. Reply with ONLY the syllable and accidental (if needed). Nothing else. Output only the answer.","This audio contains a single musical note. What is the main pitch frequency, expressed in Hertz? Reply with ONLY a number (the frequency in Hz). Nothing else. Output only the answer."
15000,sine,waveform,65,69,0,0,0,1,F4,F4,1,1,1,fa,sol#,0,0,1,69,F4,sol#,440,data/analysis_audio/pitchbench_a3_single_pitch_by_duration/F4_sine_15000ms.wav,F4_sine_15000ms.wav,This audio contains a single musical note. What is the MIDI note number (an integer from 0 to 127)? Reply with ONLY the integer. Nothing else. Output only the answer.,"This audio contains a single musical note. What is the note name and octave? Reply with ONLY the note name in Scientific Pitch Notation (e.g. C4, F#3, Bb5). Nothing else. Output only the answer.","This audio contains a single musical note. What is the solfege syllable and accidental (if needed) of this pitch? Use fixed-do (do=C, re=D, mi=E, fa=F, sol=G, la=A, si=B). Include sharps or flats when needed (e.g. do#, reb, fa#, sib). Do NOT include the octave. Reply with ONLY the syllable and accidental (if needed). Nothing else. Output only the answer.","This audio contains a single musical note. What is the main pitch frequency, expressed in Hertz? Reply with ONLY a number (the frequency in Hz). Nothing else. Output only the answer."
60000,sine,waveform,65,69,0,0,0,1,F4,F4,1,1,1,fa,fa#,0,0,1,69,F4,fa#,440,data/analysis_audio/pitchbench_a3_single_pitch_by_duration/F4_sine_60000ms.wav,F4_sine_60000ms.wav,This audio contains a single musical note. What is the MIDI note number (an integer from 0 to 127)? Reply with ONLY the integer. Nothing else. Output only the answer.,"This audio contains a single musical note. What is the note name and octave? Reply with ONLY the note name in Scientific Pitch Notation (e.g. C4, F#3, Bb5). Nothing else. Output only the answer.","This audio contains a single musical note. What is the solfege syllable and accidental (if needed) of this pitch? Use fixed-do (do=C, re=D, mi=E, fa=F, sol=G, la=A, si=B). Include sharps or flats when needed (e.g. do#, reb, fa#, sib). Do NOT include the octave. Reply with ONLY the syllable and accidental (if needed). Nothing else. Output only the answer.","This audio contains a single musical note. What is the main pitch frequency, expressed in Hertz? Reply with ONLY a number (the frequency in Hz). Nothing else. Output only the answer."
50,sine,waveform,74,104,0,0,0,0,D5,C5,0,0,1,re,fa#,0,0,0,104,C5,fa#,440,data/analysis_audio/pitchbench_a3_single_pitch_by_duration/D5_sine_50ms.wav,D5_sine_50ms.wav,This audio contains a single musical note. What is the MIDI note number (an integer from 0 to 127)? Reply with ONLY the integer. Nothing else. Output only the answer.,"This audio contains a single musical note. What is the note name and octave? Reply with ONLY the note name in Scientific Pitch Notation (e.g. C4, F#3, Bb5). Nothing else. Output only the answer.","This audio contains a single musical note. What is the solfege syllable and accidental (if needed) of this pitch? Use fixed-do (do=C, re=D, mi=E, fa=F, sol=G, la=A, si=B). Include sharps or flats when needed (e.g. do#, reb, fa#, sib). Do NOT include the octave. Reply with ONLY the syllable and accidental (if needed). Nothing else. Output only the answer.","This audio contains a single musical note. What is the main pitch frequency, expressed in Hertz? Reply with ONLY a number (the frequency in Hz). Nothing else. Output only the answer."
250,sine,waveform,74,96,0,0,0,0,D5,C5,0,0,1,re,sol#,0,0,0,96,C5,sol#,440,data/analysis_audio/pitchbench_a3_single_pitch_by_duration/D5_sine_250ms.wav,D5_sine_250ms.wav,This audio contains a single musical note. What is the MIDI note number (an integer from 0 to 127)? Reply with ONLY the integer. Nothing else. Output only the answer.,"This audio contains a single musical note. What is the note name and octave? Reply with ONLY the note name in Scientific Pitch Notation (e.g. C4, F#3, Bb5). Nothing else. Output only the answer.","This audio contains a single musical note. What is the solfege syllable and accidental (if needed) of this pitch? Use fixed-do (do=C, re=D, mi=E, fa=F, sol=G, la=A, si=B). Include sharps or flats when needed (e.g. do#, reb, fa#, sib). Do NOT include the octave. Reply with ONLY the syllable and accidental (if needed). Nothing else. Output only the answer.","This audio contains a single musical note. What is the main pitch frequency, expressed in Hertz? Reply with ONLY a number (the frequency in Hz). Nothing else. Output only the answer."
1000,sine,waveform,74,72,0,0,0,1,D5,D5,1,1,1,re,do#,0,0,1,72,D5,do#,440,data/analysis_audio/pitchbench_a3_single_pitch_by_duration/D5_sine_1000ms.wav,D5_sine_1000ms.wav,This audio contains a single musical note. What is the MIDI note number (an integer from 0 to 127)? Reply with ONLY the integer. Nothing else. Output only the answer.,"This audio contains a single musical note. What is the note name and octave? Reply with ONLY the note name in Scientific Pitch Notation (e.g. C4, F#3, Bb5). Nothing else. Output only the answer.","This audio contains a single musical note. What is the solfege syllable and accidental (if needed) of this pitch? Use fixed-do (do=C, re=D, mi=E, fa=F, sol=G, la=A, si=B). Include sharps or flats when needed (e.g. do#, reb, fa#, sib). Do NOT include the octave. Reply with ONLY the syllable and accidental (if needed). Nothing else. Output only the answer.","This audio contains a single musical note. What is the main pitch frequency, expressed in Hertz? Reply with ONLY a number (the frequency in Hz). Nothing else. Output only the answer."
4000,sine,waveform,74,69,0,0,0,0,D5,A4,0,0,0,re,sol#,0,0,0,69,A4,sol#,440,data/analysis_audio/pitchbench_a3_single_pitch_by_duration/D5_sine_4000ms.wav,D5_sine_4000ms.wav,This audio contains a single musical note. What is the MIDI note number (an integer from 0 to 127)? Reply with ONLY the integer. Nothing else. Output only the answer.,"This audio contains a single musical note. What is the note name and octave? Reply with ONLY the note name in Scientific Pitch Notation (e.g. C4, F#3, Bb5). Nothing else. Output only the answer.","This audio contains a single musical note. What is the solfege syllable and accidental (if needed) of this pitch? Use fixed-do (do=C, re=D, mi=E, fa=F, sol=G, la=A, si=B). Include sharps or flats when needed (e.g. do#, reb, fa#, sib). Do NOT include the octave. Reply with ONLY the syllable and accidental (if needed). Nothing else. Output only the answer.","This audio contains a single musical note. What is the main pitch frequency, expressed in Hertz? Reply with ONLY a number (the frequency in Hz). Nothing else. Output only the answer."
15000,sine,waveform,74,69,0,0,0,0,D5,D5,1,1,1,re,sol,0,0,1,69,D5,sol,440,data/analysis_audio/pitchbench_a3_single_pitch_by_duration/D5_sine_15000ms.wav,D5_sine_15000ms.wav,This audio contains a single musical note. What is the MIDI note number (an integer from 0 to 127)? Reply with ONLY the integer. Nothing else. Output only the answer.,"This audio contains a single musical note. What is the note name and octave? Reply with ONLY the note name in Scientific Pitch Notation (e.g. C4, F#3, Bb5). Nothing else. Output only the answer.","This audio contains a single musical note. What is the solfege syllable and accidental (if needed) of this pitch? Use fixed-do (do=C, re=D, mi=E, fa=F, sol=G, la=A, si=B). Include sharps or flats when needed (e.g. do#, reb, fa#, sib). Do NOT include the octave. Reply with ONLY the syllable and accidental (if needed). Nothing else. Output only the answer.","This audio contains a single musical note. What is the main pitch frequency, expressed in Hertz? Reply with ONLY a number (the frequency in Hz). Nothing else. Output only the answer."
60000,sine,waveform,74,69,0,0,0,0,D5,D5,1,1,1,re,sol#,0,0,1,69,D5,sol#,440,data/analysis_audio/pitchbench_a3_single_pitch_by_duration/D5_sine_60000ms.wav,D5_sine_60000ms.wav,This audio contains a single musical note. What is the MIDI note number (an integer from 0 to 127)? Reply with ONLY the integer. Nothing else. Output only the answer.,"This audio contains a single musical note. What is the note name and octave? Reply with ONLY the note name in Scientific Pitch Notation (e.g. C4, F#3, Bb5). Nothing else. Output only the answer.","This audio contains a single musical note. What is the solfege syllable and accidental (if needed) of this pitch? Use fixed-do (do=C, re=D, mi=E, fa=F, sol=G, la=A, si=B). Include sharps or flats when needed (e.g. do#, reb, fa#, sib). Do NOT include the octave. Reply with ONLY the syllable and accidental (if needed). Nothing else. Output only the answer.","This audio contains a single musical note. What is the main pitch frequency, expressed in Hertz? Reply with ONLY a number (the frequency in Hz). Nothing else. Output only the answer."
50,sine,waveform,83,69,0,0,0,0,B5,C6,0,0,0,si,si,1,0,0,69,C6,si,440,data/analysis_audio/pitchbench_a3_single_pitch_by_duration/B5_sine_50ms.wav,B5_sine_50ms.wav,This audio contains a single musical note. What is the MIDI note number (an integer from 0 to 127)? Reply with ONLY the integer. Nothing else. Output only the answer.,"This audio contains a single musical note. What is the note name and octave? Reply with ONLY the note name in Scientific Pitch Notation (e.g. C4, F#3, Bb5). Nothing else. Output only the answer.","This audio contains a single musical note. What is the solfege syllable and accidental (if needed) of this pitch? Use fixed-do (do=C, re=D, mi=E, fa=F, sol=G, la=A, si=B). Include sharps or flats when needed (e.g. do#, reb, fa#, sib). Do NOT include the octave. Reply with ONLY the syllable and accidental (if needed). Nothing else. Output only the answer.","This audio contains a single musical note. What is the main pitch frequency, expressed in Hertz? Reply with ONLY a number (the frequency in Hz). Nothing else. Output only the answer."
250,sine,waveform,83,96,0,0,0,0,B5,C6,0,0,0,si,sol#,0,0,0,96,C6,sol#,1000,data/analysis_audio/pitchbench_a3_single_pitch_by_duration/B5_sine_250ms.wav,B5_sine_250ms.wav,This audio contains a single musical note. What is the MIDI note number (an integer from 0 to 127)? Reply with ONLY the integer. Nothing else. Output only the answer.,"This audio contains a single musical note. What is the note name and octave? Reply with ONLY the note name in Scientific Pitch Notation (e.g. C4, F#3, Bb5). Nothing else. Output only the answer.","This audio contains a single musical note. What is the solfege syllable and accidental (if needed) of this pitch? Use fixed-do (do=C, re=D, mi=E, fa=F, sol=G, la=A, si=B). Include sharps or flats when needed (e.g. do#, reb, fa#, sib). Do NOT include the octave. Reply with ONLY the syllable and accidental (if needed). Nothing else. Output only the answer.","This audio contains a single musical note. What is the main pitch frequency, expressed in Hertz? Reply with ONLY a number (the frequency in Hz). Nothing else. Output only the answer."
1000,sine,waveform,83,84,0,1,0,0,B5,C6,0,0,0,si,sol#,0,0,0,84,C6,sol#,1000,data/analysis_audio/pitchbench_a3_single_pitch_by_duration/B5_sine_1000ms.wav,B5_sine_1000ms.wav,This audio contains a single musical note. What is the MIDI note number (an integer from 0 to 127)? Reply with ONLY the integer. Nothing else. Output only the answer.,"This audio contains a single musical note. What is the note name and octave? Reply with ONLY the note name in Scientific Pitch Notation (e.g. C4, F#3, Bb5). Nothing else. Output only the answer.","This audio contains a single musical note. What is the solfege syllable and accidental (if needed) of this pitch? Use fixed-do (do=C, re=D, mi=E, fa=F, sol=G, la=A, si=B). Include sharps or flats when needed (e.g. do#, reb, fa#, sib). Do NOT include the octave. Reply with ONLY the syllable and accidental (if needed). Nothing else. Output only the answer.","This audio contains a single musical note. What is the main pitch frequency, expressed in Hertz? Reply with ONLY a number (the frequency in Hz). Nothing else. Output only the answer."
4000,sine,waveform,83,84,0,1,0,0,B5,B5,1,1,1,si,sol#,0,0,1,84,B5,sol#,1000,data/analysis_audio/pitchbench_a3_single_pitch_by_duration/B5_sine_4000ms.wav,B5_sine_4000ms.wav,This audio contains a single musical note. What is the MIDI note number (an integer from 0 to 127)? Reply with ONLY the integer. Nothing else. Output only the answer.,"This audio contains a single musical note. What is the note name and octave? Reply with ONLY the note name in Scientific Pitch Notation (e.g. C4, F#3, Bb5). Nothing else. Output only the answer.","This audio contains a single musical note. What is the solfege syllable and accidental (if needed) of this pitch? Use fixed-do (do=C, re=D, mi=E, fa=F, sol=G, la=A, si=B). Include sharps or flats when needed (e.g. do#, reb, fa#, sib). Do NOT include the octave. Reply with ONLY the syllable and accidental (if needed). Nothing else. Output only the answer.","This audio contains a single musical note. What is the main pitch frequency, expressed in Hertz? Reply with ONLY a number (the frequency in Hz). Nothing else. Output only the answer."
15000,sine,waveform,83,84,0,1,0,0,B5,E6,0,0,0,si,sol#,0,0,0,84,E6,sol#,1000,data/analysis_audio/pitchbench_a3_single_pitch_by_duration/B5_sine_15000ms.wav,B5_sine_15000ms.wav,This audio contains a single musical note. What is the MIDI note number (an integer from 0 to 127)? Reply with ONLY the integer. Nothing else. Output only the answer.,"This audio contains a single musical note. What is the note name and octave? Reply with ONLY the note name in Scientific Pitch Notation (e.g. C4, F#3, Bb5). Nothing else. Output only the answer.","This audio contains a single musical note. What is the solfege syllable and accidental (if needed) of this pitch? Use fixed-do (do=C, re=D, mi=E, fa=F, sol=G, la=A, si=B). Include sharps or flats when needed (e.g. do#, reb, fa#, sib). Do NOT include the octave. Reply with ONLY the syllable and accidental (if needed). Nothing else. Output only the answer.","This audio contains a single musical note. What is the main pitch frequency, expressed in Hertz? Reply with ONLY a number (the frequency in Hz). Nothing else. Output only the answer."
60000,sine,waveform,83,88,0,0,0,0,B5,E6,0,0,0,si,sol#,0,0,0,88,E6,sol#,1000,data/analysis_audio/pitchbench_a3_single_pitch_by_duration/B5_sine_60000ms.wav,B5_sine_60000ms.wav,This audio contains a single musical note. What is the MIDI note number (an integer from 0 to 127)? Reply with ONLY the integer. Nothing else. Output only the answer.,"This audio contains a single musical note. What is the note name and octave? Reply with ONLY the note name in Scientific Pitch Notation (e.g. C4, F#3, Bb5). Nothing else. Output only the answer.","This audio contains a single musical note. What is the solfege syllable and accidental (if needed) of this pitch? Use fixed-do (do=C, re=D, mi=E, fa=F, sol=G, la=A, si=B). Include sharps or flats when needed (e.g. do#, reb, fa#, sib). Do NOT include the octave. Reply with ONLY the syllable and accidental (if needed). Nothing else. Output only the answer.","This audio contains a single musical note. What is the main pitch frequency, expressed in Hertz? Reply with ONLY a number (the frequency in Hz). Nothing else. Output only the answer."
50,synth_lead,instrument,29,60,0,0,0,0,F1,C2,0,0,0,fa,sol#,0,0,0,60,C2,sol#,440,data/analysis_audio/pitchbench_a3_single_pitch_by_duration/F1_synth_lead_50ms.wav,F1_synth_lead_50ms.wav,This audio contains a single musical note. What is the MIDI note number (an integer from 0 to 127)? Reply with ONLY the integer. Nothing else. Output only the answer.,"This audio contains a single musical note. What is the note name and octave? Reply with ONLY the note name in Scientific Pitch Notation (e.g. C4, F#3, Bb5). Nothing else. Output only the answer.","This audio contains a single musical note. What is the solfege syllable and accidental (if needed) of this pitch? Use fixed-do (do=C, re=D, mi=E, fa=F, sol=G, la=A, si=B). Include sharps or flats when needed (e.g. do#, reb, fa#, sib). Do NOT include the octave. Reply with ONLY the syllable and accidental (if needed). Nothing else. Output only the answer.","This audio contains a single musical note. What is the main pitch frequency, expressed in Hertz? Reply with ONLY a number (the frequency in Hz). Nothing else. Output only the answer."
250,synth_lead,instrument,29,41,0,0,1,0,F1,E1,0,0,1,fa,sol#,0,0,0,41,E1,sol#,55,data/analysis_audio/pitchbench_a3_single_pitch_by_duration/F1_synth_lead_250ms.wav,F1_synth_lead_250ms.wav,This audio contains a single musical note. What is the MIDI note number (an integer from 0 to 127)? Reply with ONLY the integer. Nothing else. Output only the answer.,"This audio contains a single musical note. What is the note name and octave? Reply with ONLY the note name in Scientific Pitch Notation (e.g. C4, F#3, Bb5). Nothing else. Output only the answer.","This audio contains a single musical note. What is the solfege syllable and accidental (if needed) of this pitch? Use fixed-do (do=C, re=D, mi=E, fa=F, sol=G, la=A, si=B). Include sharps or flats when needed (e.g. do#, reb, fa#, sib). Do NOT include the octave. Reply with ONLY the syllable and accidental (if needed). Nothing else. Output only the answer.","This audio contains a single musical note. What is the main pitch frequency, expressed in Hertz? Reply with ONLY a number (the frequency in Hz). Nothing else. Output only the answer."
1000,synth_lead,instrument,29,28,0,1,0,1,F1,E1,0,0,1,fa,fa#,0,0,0,28,E1,solb,55,data/analysis_audio/pitchbench_a3_single_pitch_by_duration/F1_synth_lead_1000ms.wav,F1_synth_lead_1000ms.wav,This audio contains a single musical note. What is the MIDI note number (an integer from 0 to 127)? Reply with ONLY the integer. Nothing else. Output only the answer.,"This audio contains a single musical note. What is the note name and octave? Reply with ONLY the note name in Scientific Pitch Notation (e.g. C4, F#3, Bb5). Nothing else. Output only the answer.","This audio contains a single musical note. What is the solfege syllable and accidental (if needed) of this pitch? Use fixed-do (do=C, re=D, mi=E, fa=F, sol=G, la=A, si=B). Include sharps or flats when needed (e.g. do#, reb, fa#, sib). Do NOT include the octave. Reply with ONLY the syllable and accidental (if needed). Nothing else. Output only the answer.","This audio contains a single musical note. What is the main pitch frequency, expressed in Hertz? Reply with ONLY a number (the frequency in Hz). Nothing else. Output only the answer."
4000,synth_lead,instrument,29,41,0,0,1,0,F1,E1,0,0,1,fa,sol,0,0,0,41,E1,sol,55,data/analysis_audio/pitchbench_a3_single_pitch_by_duration/F1_synth_lead_4000ms.wav,F1_synth_lead_4000ms.wav,This audio contains a single musical note. What is the MIDI note number (an integer from 0 to 127)? Reply with ONLY the integer. Nothing else. Output only the answer.,"This audio contains a single musical note. What is the note name and octave? Reply with ONLY the note name in Scientific Pitch Notation (e.g. C4, F#3, Bb5). Nothing else. Output only the answer.","This audio contains a single musical note. What is the solfege syllable and accidental (if needed) of this pitch? Use fixed-do (do=C, re=D, mi=E, fa=F, sol=G, la=A, si=B). Include sharps or flats when needed (e.g. do#, reb, fa#, sib). Do NOT include the octave. Reply with ONLY the syllable and accidental (if needed). Nothing else. Output only the answer.","This audio contains a single musical note. What is the main pitch frequency, expressed in Hertz? Reply with ONLY a number (the frequency in Hz). Nothing else. Output only the answer."
15000,synth_lead,instrument,29,38,0,0,0,0,F1,E1,0,0,1,fa,fa#,0,0,0,38,E1,solb,55,data/analysis_audio/pitchbench_a3_single_pitch_by_duration/F1_synth_lead_15000ms.wav,F1_synth_lead_15000ms.wav,This audio contains a single musical note. What is the MIDI note number (an integer from 0 to 127)? Reply with ONLY the integer. Nothing else. Output only the answer.,"This audio contains a single musical note. What is the note name and octave? Reply with ONLY the note name in Scientific Pitch Notation (e.g. C4, F#3, Bb5). Nothing else. Output only the answer.","This audio contains a single musical note. What is the solfege syllable and accidental (if needed) of this pitch? Use fixed-do (do=C, re=D, mi=E, fa=F, sol=G, la=A, si=B). Include sharps or flats when needed (e.g. do#, reb, fa#, sib). Do NOT include the octave. Reply with ONLY the syllable and accidental (if needed). Nothing else. Output only the answer.","This audio contains a single musical note. What is the main pitch frequency, expressed in Hertz? Reply with ONLY a number (the frequency in Hz). Nothing else. Output only the answer."
60000,synth_lead,instrument,29,49,0,0,0,0,F1,E1,0,0,1,fa,sol#,0,0,0,49,E1,sol#,55,data/analysis_audio/pitchbench_a3_single_pitch_by_duration/F1_synth_lead_60000ms.wav,F1_synth_lead_60000ms.wav,This audio contains a single musical note. What is the MIDI note number (an integer from 0 to 127)? Reply with ONLY the integer. Nothing else. Output only the answer.,"This audio contains a single musical note. What is the note name and octave? Reply with ONLY the note name in Scientific Pitch Notation (e.g. C4, F#3, Bb5). Nothing else. Output only the answer.","This audio contains a single musical note. What is the solfege syllable and accidental (if needed) of this pitch? Use fixed-do (do=C, re=D, mi=E, fa=F, sol=G, la=A, si=B). Include sharps or flats when needed (e.g. do#, reb, fa#, sib). Do NOT include the octave. Reply with ONLY the syllable and accidental (if needed). Nothing else. Output only the answer.","This audio contains a single musical note. What is the main pitch frequency, expressed in Hertz? Reply with ONLY a number (the frequency in Hz). Nothing else. Output only the answer."
50,synth_lead,instrument,38,60,0,0,0,0,D2,C2,0,0,1,re,mi,0,0,0,60,C2,mi,440,data/analysis_audio/pitchbench_a3_single_pitch_by_duration/D2_synth_lead_50ms.wav,D2_synth_lead_50ms.wav,This audio contains a single musical note. What is the MIDI note number (an integer from 0 to 127)? Reply with ONLY the integer. Nothing else. Output only the answer.,"This audio contains a single musical note. What is the note name and octave? Reply with ONLY the note name in Scientific Pitch Notation (e.g. C4, F#3, Bb5). Nothing else. Output only the answer.","This audio contains a single musical note. What is the solfege syllable and accidental (if needed) of this pitch? Use fixed-do (do=C, re=D, mi=E, fa=F, sol=G, la=A, si=B). Include sharps or flats when needed (e.g. do#, reb, fa#, sib). Do NOT include the octave. Reply with ONLY the syllable and accidental (if needed). Nothing else. Output only the answer.","This audio contains a single musical note. What is the main pitch frequency, expressed in Hertz? Reply with ONLY a number (the frequency in Hz). Nothing else. Output only the answer."
250,synth_lead,instrument,38,48,0,0,0,0,D2,D2,1,1,1,re,fa#,0,0,1,48,D2,fa#,55,data/analysis_audio/pitchbench_a3_single_pitch_by_duration/D2_synth_lead_250ms.wav,D2_synth_lead_250ms.wav,This audio contains a single musical note. What is the MIDI note number (an integer from 0 to 127)? Reply with ONLY the integer. Nothing else. Output only the answer.,"This audio contains a single musical note. What is the note name and octave? Reply with ONLY the note name in Scientific Pitch Notation (e.g. C4, F#3, Bb5). Nothing else. Output only the answer.","This audio contains a single musical note. What is the solfege syllable and accidental (if needed) of this pitch? Use fixed-do (do=C, re=D, mi=E, fa=F, sol=G, la=A, si=B). Include sharps or flats when needed (e.g. do#, reb, fa#, sib). Do NOT include the octave. Reply with ONLY the syllable and accidental (if needed). Nothing else. Output only the answer.","This audio contains a single musical note. What is the main pitch frequency, expressed in Hertz? Reply with ONLY a number (the frequency in Hz). Nothing else. Output only the answer."
1000,synth_lead,instrument,38,42,0,0,0,1,D2,E2,0,0,1,re,sol,0,0,0,42,E2,sol,55,data/analysis_audio/pitchbench_a3_single_pitch_by_duration/D2_synth_lead_1000ms.wav,D2_synth_lead_1000ms.wav,This audio contains a single musical note. What is the MIDI note number (an integer from 0 to 127)? Reply with ONLY the integer. Nothing else. Output only the answer.,"This audio contains a single musical note. What is the note name and octave? Reply with ONLY the note name in Scientific Pitch Notation (e.g. C4, F#3, Bb5). Nothing else. Output only the answer.","This audio contains a single musical note. What is the solfege syllable and accidental (if needed) of this pitch? Use fixed-do (do=C, re=D, mi=E, fa=F, sol=G, la=A, si=B). Include sharps or flats when needed (e.g. do#, reb, fa#, sib). Do NOT include the octave. Reply with ONLY the syllable and accidental (if needed). Nothing else. Output only the answer.","This audio contains a single musical note. What is the main pitch frequency, expressed in Hertz? Reply with ONLY a number (the frequency in Hz). Nothing else. Output only the answer."
4000,synth_lead,instrument,38,50,0,0,1,0,D2,E2,0,0,1,re,fa#,0,0,0,50,E2,solb,55,data/analysis_audio/pitchbench_a3_single_pitch_by_duration/D2_synth_lead_4000ms.wav,D2_synth_lead_4000ms.wav,This audio contains a single musical note. What is the MIDI note number (an integer from 0 to 127)? Reply with ONLY the integer. Nothing else. Output only the answer.,"This audio contains a single musical note. What is the note name and octave? Reply with ONLY the note name in Scientific Pitch Notation (e.g. C4, F#3, Bb5). Nothing else. Output only the answer.","This audio contains a single musical note. What is the solfege syllable and accidental (if needed) of this pitch? Use fixed-do (do=C, re=D, mi=E, fa=F, sol=G, la=A, si=B). Include sharps or flats when needed (e.g. do#, reb, fa#, sib). Do NOT include the octave. Reply with ONLY the syllable and accidental (if needed). Nothing else. Output only the answer.","This audio contains a single musical note. What is the main pitch frequency, expressed in Hertz? Reply with ONLY a number (the frequency in Hz). Nothing else. Output only the answer."
15000,synth_lead,instrument,38,50,0,0,1,0,D2,E2,0,0,1,re,si,0,0,0,50,E2,si,55,data/analysis_audio/pitchbench_a3_single_pitch_by_duration/D2_synth_lead_15000ms.wav,D2_synth_lead_15000ms.wav,This audio contains a single musical note. What is the MIDI note number (an integer from 0 to 127)? Reply with ONLY the integer. Nothing else. Output only the answer.,"This audio contains a single musical note. What is the note name and octave? Reply with ONLY the note name in Scientific Pitch Notation (e.g. C4, F#3, Bb5). Nothing else. Output only the answer.","This audio contains a single musical note. What is the solfege syllable and accidental (if needed) of this pitch? Use fixed-do (do=C, re=D, mi=E, fa=F, sol=G, la=A, si=B). Include sharps or flats when needed (e.g. do#, reb, fa#, sib). Do NOT include the octave. Reply with ONLY the syllable and accidental (if needed). Nothing else. Output only the answer.","This audio contains a single musical note. What is the main pitch frequency, expressed in Hertz? Reply with ONLY a number (the frequency in Hz). Nothing else. Output only the answer."
60000,synth_lead,instrument,38,50,0,0,1,0,D2,D2,1,1,1,re,sol,0,0,1,50,D2,sol,110,data/analysis_audio/pitchbench_a3_single_pitch_by_duration/D2_synth_lead_60000ms.wav,D2_synth_lead_60000ms.wav,This audio contains a single musical note. What is the MIDI note number (an integer from 0 to 127)? Reply with ONLY the integer. Nothing else. Output only the answer.,"This audio contains a single musical note. What is the note name and octave? Reply with ONLY the note name in Scientific Pitch Notation (e.g. C4, F#3, Bb5). Nothing else. Output only the answer.","This audio contains a single musical note. What is the solfege syllable and accidental (if needed) of this pitch? Use fixed-do (do=C, re=D, mi=E, fa=F, sol=G, la=A, si=B). Include sharps or flats when needed (e.g. do#, reb, fa#, sib). Do NOT include the octave. Reply with ONLY the syllable and accidental (if needed). Nothing else. Output only the answer.","This audio contains a single musical note. What is the main pitch frequency, expressed in Hertz? Reply with ONLY a number (the frequency in Hz). Nothing else. Output only the answer."
50,synth_lead,instrument,47,69,0,0,0,0,B2,C2,0,0,1,si,sol,0,0,0,69,C2,sol,440,data/analysis_audio/pitchbench_a3_single_pitch_by_duration/B2_synth_lead_50ms.wav,B2_synth_lead_50ms.wav,This audio contains a single musical note. What is the MIDI note number (an integer from 0 to 127)? Reply with ONLY the integer. Nothing else. Output only the answer.,"This audio contains a single musical note. What is the note name and octave? Reply with ONLY the note name in Scientific Pitch Notation (e.g. C4, F#3, Bb5). Nothing else. Output only the answer.","This audio contains a single musical note. What is the solfege syllable and accidental (if needed) of this pitch? Use fixed-do (do=C, re=D, mi=E, fa=F, sol=G, la=A, si=B). Include sharps or flats when needed (e.g. do#, reb, fa#, sib). Do NOT include the octave. Reply with ONLY the syllable and accidental (if needed). Nothing else. Output only the answer.","This audio contains a single musical note. What is the main pitch frequency, expressed in Hertz? Reply with ONLY a number (the frequency in Hz). Nothing else. Output only the answer."
250,synth_lead,instrument,47,52,0,0,0,0,B2,B1,0,1,0,si,fa#,0,0,0,52,B1,fa#,110,data/analysis_audio/pitchbench_a3_single_pitch_by_duration/B2_synth_lead_250ms.wav,B2_synth_lead_250ms.wav,This audio contains a single musical note. What is the MIDI note number (an integer from 0 to 127)? Reply with ONLY the integer. Nothing else. Output only the answer.,"This audio contains a single musical note. What is the note name and octave? Reply with ONLY the note name in Scientific Pitch Notation (e.g. C4, F#3, Bb5). Nothing else. Output only the answer.","This audio contains a single musical note. What is the solfege syllable and accidental (if needed) of this pitch? Use fixed-do (do=C, re=D, mi=E, fa=F, sol=G, la=A, si=B). Include sharps or flats when needed (e.g. do#, reb, fa#, sib). Do NOT include the octave. Reply with ONLY the syllable and accidental (if needed). Nothing else. Output only the answer.","This audio contains a single musical note. What is the main pitch frequency, expressed in Hertz? Reply with ONLY a number (the frequency in Hz). Nothing else. Output only the answer."
1000,synth_lead,instrument,47,48,0,1,0,0,B2,B2,1,1,1,si,fa#,0,0,1,48,B2,fa#,110,data/analysis_audio/pitchbench_a3_single_pitch_by_duration/B2_synth_lead_1000ms.wav,B2_synth_lead_1000ms.wav,This audio contains a single musical note. What is the MIDI note number (an integer from 0 to 127)? Reply with ONLY the integer. Nothing else. Output only the answer.,"This audio contains a single musical note. What is the note name and octave? Reply with ONLY the note name in Scientific Pitch Notation (e.g. C4, F#3, Bb5). Nothing else. Output only the answer.","This audio contains a single musical note. What is the solfege syllable and accidental (if needed) of this pitch? Use fixed-do (do=C, re=D, mi=E, fa=F, sol=G, la=A, si=B). Include sharps or flats when needed (e.g. do#, reb, fa#, sib). Do NOT include the octave. Reply with ONLY the syllable and accidental (if needed). Nothing else. Output only the answer.","This audio contains a single musical note. What is the main pitch frequency, expressed in Hertz? Reply with ONLY a number (the frequency in Hz). Nothing else. Output only the answer."
4000,synth_lead,instrument,47,47,1,1,1,1,B2,B2,1,1,1,si,sol#,0,0,1,47,B2,sol#,110,data/analysis_audio/pitchbench_a3_single_pitch_by_duration/B2_synth_lead_4000ms.wav,B2_synth_lead_4000ms.wav,This audio contains a single musical note. What is the MIDI note number (an integer from 0 to 127)? Reply with ONLY the integer. Nothing else. Output only the answer.,"This audio contains a single musical note. What is the note name and octave? Reply with ONLY the note name in Scientific Pitch Notation (e.g. C4, F#3, Bb5). Nothing else. Output only the answer.","This audio contains a single musical note. What is the solfege syllable and accidental (if needed) of this pitch? Use fixed-do (do=C, re=D, mi=E, fa=F, sol=G, la=A, si=B). Include sharps or flats when needed (e.g. do#, reb, fa#, sib). Do NOT include the octave. Reply with ONLY the syllable and accidental (if needed). Nothing else. Output only the answer.","This audio contains a single musical note. What is the main pitch frequency, expressed in Hertz? Reply with ONLY a number (the frequency in Hz). Nothing else. Output only the answer."
15000,synth_lead,instrument,47,59,0,0,1,0,B2,B2,1,1,1,si,si,1,0,1,59,B2,si,110,data/analysis_audio/pitchbench_a3_single_pitch_by_duration/B2_synth_lead_15000ms.wav,B2_synth_lead_15000ms.wav,This audio contains a single musical note. What is the MIDI note number (an integer from 0 to 127)? Reply with ONLY the integer. Nothing else. Output only the answer.,"This audio contains a single musical note. What is the note name and octave? Reply with ONLY the note name in Scientific Pitch Notation (e.g. C4, F#3, Bb5). Nothing else. Output only the answer.","This audio contains a single musical note. What is the solfege syllable and accidental (if needed) of this pitch? Use fixed-do (do=C, re=D, mi=E, fa=F, sol=G, la=A, si=B). Include sharps or flats when needed (e.g. do#, reb, fa#, sib). Do NOT include the octave. Reply with ONLY the syllable and accidental (if needed). Nothing else. Output only the answer.","This audio contains a single musical note. What is the main pitch frequency, expressed in Hertz? Reply with ONLY a number (the frequency in Hz). Nothing else. Output only the answer."
60000,synth_lead,instrument,47,59,0,0,1,0,B2,B2,1,1,1,si,si,1,0,1,59,B2,si,110,data/analysis_audio/pitchbench_a3_single_pitch_by_duration/B2_synth_lead_60000ms.wav,B2_synth_lead_60000ms.wav,This audio contains a single musical note. What is the MIDI note number (an integer from 0 to 127)? Reply with ONLY the integer. Nothing else. Output only the answer.,"This audio contains a single musical note. What is the note name and octave? Reply with ONLY the note name in Scientific Pitch Notation (e.g. C4, F#3, Bb5). Nothing else. Output only the answer.","This audio contains a single musical note. What is the solfege syllable and accidental (if needed) of this pitch? Use fixed-do (do=C, re=D, mi=E, fa=F, sol=G, la=A, si=B). Include sharps or flats when needed (e.g. do#, reb, fa#, sib). Do NOT include the octave. Reply with ONLY the syllable and accidental (if needed). Nothing else. Output only the answer.","This audio contains a single musical note. What is the main pitch frequency, expressed in Hertz? Reply with ONLY a number (the frequency in Hz). Nothing else. Output only the answer."
50,synth_lead,instrument,56,60,0,0,0,0,G#3,G#3,1,1,1,sol#,sol#,1,0,1,60,G#3,sol#,440,data/analysis_audio/pitchbench_a3_single_pitch_by_duration/Gs3_synth_lead_50ms.wav,Gs3_synth_lead_50ms.wav,This audio contains a single musical note. What is the MIDI note number (an integer from 0 to 127)? Reply with ONLY the integer. Nothing else. Output only the answer.,"This audio contains a single musical note. What is the note name and octave? Reply with ONLY the note name in Scientific Pitch Notation (e.g. C4, F#3, Bb5). Nothing else. Output only the answer.","This audio contains a single musical note. What is the solfege syllable and accidental (if needed) of this pitch? Use fixed-do (do=C, re=D, mi=E, fa=F, sol=G, la=A, si=B). Include sharps or flats when needed (e.g. do#, reb, fa#, sib). Do NOT include the octave. Reply with ONLY the syllable and accidental (if needed). Nothing else. Output only the answer.","This audio contains a single musical note. What is the main pitch frequency, expressed in Hertz? Reply with ONLY a number (the frequency in Hz). Nothing else. Output only the answer."
250,synth_lead,instrument,56,69,0,0,0,0,G#3,A2,0,0,0,sol#,sol,0,0,0,69,A2,sol,220,data/analysis_audio/pitchbench_a3_single_pitch_by_duration/Gs3_synth_lead_250ms.wav,Gs3_synth_lead_250ms.wav,This audio contains a single musical note. What is the MIDI note number (an integer from 0 to 127)? Reply with ONLY the integer. Nothing else. Output only the answer.,"This audio contains a single musical note. What is the note name and octave? Reply with ONLY the note name in Scientific Pitch Notation (e.g. C4, F#3, Bb5). Nothing else. Output only the answer.","This audio contains a single musical note. What is the solfege syllable and accidental (if needed) of this pitch? Use fixed-do (do=C, re=D, mi=E, fa=F, sol=G, la=A, si=B). Include sharps or flats when needed (e.g. do#, reb, fa#, sib). Do NOT include the octave. Reply with ONLY the syllable and accidental (if needed). Nothing else. Output only the answer.","This audio contains a single musical note. What is the main pitch frequency, expressed in Hertz? Reply with ONLY a number (the frequency in Hz). Nothing else. Output only the answer."
1000,synth_lead,instrument,56,52,0,0,0,1,G#3,C3,0,0,1,sol#,fa#,0,0,0,52,C3,fa#,440,data/analysis_audio/pitchbench_a3_single_pitch_by_duration/Gs3_synth_lead_1000ms.wav,Gs3_synth_lead_1000ms.wav,This audio contains a single musical note. What is the MIDI note number (an integer from 0 to 127)? Reply with ONLY the integer. Nothing else. Output only the answer.,"This audio contains a single musical note. What is the note name and octave? Reply with ONLY the note name in Scientific Pitch Notation (e.g. C4, F#3, Bb5). Nothing else. Output only the answer.","This audio contains a single musical note. What is the solfege syllable and accidental (if needed) of this pitch? Use fixed-do (do=C, re=D, mi=E, fa=F, sol=G, la=A, si=B). Include sharps or flats when needed (e.g. do#, reb, fa#, sib). Do NOT include the octave. Reply with ONLY the syllable and accidental (if needed). Nothing else. Output only the answer.","This audio contains a single musical note. What is the main pitch frequency, expressed in Hertz? Reply with ONLY a number (the frequency in Hz). Nothing else. Output only the answer."
4000,synth_lead,instrument,56,56,1,1,1,1,G#3,E2,0,0,0,sol#,sol#,1,0,1,56,E2,sol#,55,data/analysis_audio/pitchbench_a3_single_pitch_by_duration/Gs3_synth_lead_4000ms.wav,Gs3_synth_lead_4000ms.wav,This audio contains a single musical note. What is the MIDI note number (an integer from 0 to 127)? Reply with ONLY the integer. Nothing else. Output only the answer.,"This audio contains a single musical note. What is the note name and octave? Reply with ONLY the note name in Scientific Pitch Notation (e.g. C4, F#3, Bb5). Nothing else. Output only the answer.","This audio contains a single musical note. What is the solfege syllable and accidental (if needed) of this pitch? Use fixed-do (do=C, re=D, mi=E, fa=F, sol=G, la=A, si=B). Include sharps or flats when needed (e.g. do#, reb, fa#, sib). Do NOT include the octave. Reply with ONLY the syllable and accidental (if needed). Nothing else. Output only the answer.","This audio contains a single musical note. What is the main pitch frequency, expressed in Hertz? Reply with ONLY a number (the frequency in Hz). Nothing else. Output only the answer."
15000,synth_lead,instrument,56,57,0,1,0,1,G#3,C#3,0,0,1,sol#,sol#,1,0,0,57,C#3,sol#,440,data/analysis_audio/pitchbench_a3_single_pitch_by_duration/Gs3_synth_lead_15000ms.wav,Gs3_synth_lead_15000ms.wav,This audio contains a single musical note. What is the MIDI note number (an integer from 0 to 127)? Reply with ONLY the integer. Nothing else. Output only the answer.,"This audio contains a single musical note. What is the note name and octave? Reply with ONLY the note name in Scientific Pitch Notation (e.g. C4, F#3, Bb5). Nothing else. Output only the answer.","This audio contains a single musical note. What is the solfege syllable and accidental (if needed) of this pitch? Use fixed-do (do=C, re=D, mi=E, fa=F, sol=G, la=A, si=B). Include sharps or flats when needed (e.g. do#, reb, fa#, sib). Do NOT include the octave. Reply with ONLY the syllable and accidental (if needed). Nothing else. Output only the answer.","This audio contains a single musical note. What is the main pitch frequency, expressed in Hertz? Reply with ONLY a number (the frequency in Hz). Nothing else. Output only the answer."
60000,synth_lead,instrument,56,59,0,0,0,1,G#3,A3,0,0,1,sol#,sol#,1,0,0,59,A3,sol#,440,data/analysis_audio/pitchbench_a3_single_pitch_by_duration/Gs3_synth_lead_60000ms.wav,Gs3_synth_lead_60000ms.wav,This audio contains a single musical note. What is the MIDI note number (an integer from 0 to 127)? Reply with ONLY the integer. Nothing else. Output only the answer.,"This audio contains a single musical note. What is the note name and octave? Reply with ONLY the note name in Scientific Pitch Notation (e.g. C4, F#3, Bb5). Nothing else. Output only the answer.","This audio contains a single musical note. What is the solfege syllable and accidental (if needed) of this pitch? Use fixed-do (do=C, re=D, mi=E, fa=F, sol=G, la=A, si=B). Include sharps or flats when needed (e.g. do#, reb, fa#, sib). Do NOT include the octave. Reply with ONLY the syllable and accidental (if needed). Nothing else. Output only the answer.","This audio contains a single musical note. What is the main pitch frequency, expressed in Hertz? Reply with ONLY a number (the frequency in Hz). Nothing else. Output only the answer."
50,synth_lead,instrument,65,109,0,0,0,0,F4,A6,0,0,0,fa,sol#,0,0,0,109,A6,sol#,440,data/analysis_audio/pitchbench_a3_single_pitch_by_duration/F4_synth_lead_50ms.wav,F4_synth_lead_50ms.wav,This audio contains a single musical note. What is the MIDI note number (an integer from 0 to 127)? Reply with ONLY the integer. Nothing else. Output only the answer.,"This audio contains a single musical note. What is the note name and octave? Reply with ONLY the note name in Scientific Pitch Notation (e.g. C4, F#3, Bb5). Nothing else. Output only the answer.","This audio contains a single musical note. What is the solfege syllable and accidental (if needed) of this pitch? Use fixed-do (do=C, re=D, mi=E, fa=F, sol=G, la=A, si=B). Include sharps or flats when needed (e.g. do#, reb, fa#, sib). Do NOT include the octave. Reply with ONLY the syllable and accidental (if needed). Nothing else. Output only the answer.","This audio contains a single musical note. What is the main pitch frequency, expressed in Hertz? Reply with ONLY a number (the frequency in Hz). Nothing else. Output only the answer."
250,synth_lead,instrument,65,69,0,0,0,1,F4,C5,0,0,0,fa,mi,0,0,0,69,C5,mi,440,data/analysis_audio/pitchbench_a3_single_pitch_by_duration/F4_synth_lead_250ms.wav,F4_synth_lead_250ms.wav,This audio contains a single musical note. What is the MIDI note number (an integer from 0 to 127)? Reply with ONLY the integer. Nothing else. Output only the answer.,"This audio contains a single musical note. What is the note name and octave? Reply with ONLY the note name in Scientific Pitch Notation (e.g. C4, F#3, Bb5). Nothing else. Output only the answer.","This audio contains a single musical note. What is the solfege syllable and accidental (if needed) of this pitch? Use fixed-do (do=C, re=D, mi=E, fa=F, sol=G, la=A, si=B). Include sharps or flats when needed (e.g. do#, reb, fa#, sib). Do NOT include the octave. Reply with ONLY the syllable and accidental (if needed). Nothing else. Output only the answer.","This audio contains a single musical note. What is the main pitch frequency, expressed in Hertz? Reply with ONLY a number (the frequency in Hz). Nothing else. Output only the answer."
1000,synth_lead,instrument,65,69,0,0,0,1,F4,C5,0,0,0,fa,fa#,0,0,0,69,C5,fa#,440,data/analysis_audio/pitchbench_a3_single_pitch_by_duration/F4_synth_lead_1000ms.wav,F4_synth_lead_1000ms.wav,This audio contains a single musical note. What is the MIDI note number (an integer from 0 to 127)? Reply with ONLY the integer. Nothing else. Output only the answer.,"This audio contains a single musical note. What is the note name and octave? Reply with ONLY the note name in Scientific Pitch Notation (e.g. C4, F#3, Bb5). Nothing else. Output only the answer.","This audio contains a single musical note. What is the solfege syllable and accidental (if needed) of this pitch? Use fixed-do (do=C, re=D, mi=E, fa=F, sol=G, la=A, si=B). Include sharps or flats when needed (e.g. do#, reb, fa#, sib). Do NOT include the octave. Reply with ONLY the syllable and accidental (if needed). Nothing else. Output only the answer.","This audio contains a single musical note. What is the main pitch frequency, expressed in Hertz? Reply with ONLY a number (the frequency in Hz). Nothing else. Output only the answer."
4000,synth_lead,instrument,65,85,0,0,0,0,F4,C5,0,0,0,fa,mi,0,0,0,85,C5,mi,440,data/analysis_audio/pitchbench_a3_single_pitch_by_duration/F4_synth_lead_4000ms.wav,F4_synth_lead_4000ms.wav,This audio contains a single musical note. What is the MIDI note number (an integer from 0 to 127)? Reply with ONLY the integer. Nothing else. Output only the answer.,"This audio contains a single musical note. What is the note name and octave? Reply with ONLY the note name in Scientific Pitch Notation (e.g. C4, F#3, Bb5). Nothing else. Output only the answer.","This audio contains a single musical note. What is the solfege syllable and accidental (if needed) of this pitch? Use fixed-do (do=C, re=D, mi=E, fa=F, sol=G, la=A, si=B). Include sharps or flats when needed (e.g. do#, reb, fa#, sib). Do NOT include the octave. Reply with ONLY the syllable and accidental (if needed). Nothing else. Output only the answer.","This audio contains a single musical note. What is the main pitch frequency, expressed in Hertz? Reply with ONLY a number (the frequency in Hz). Nothing else. Output only the answer."
15000,synth_lead,instrument,65,84,0,0,0,0,F4,C6,0,0,0,fa,fa#,0,0,0,84,C6,fa#,440,data/analysis_audio/pitchbench_a3_single_pitch_by_duration/F4_synth_lead_15000ms.wav,F4_synth_lead_15000ms.wav,This audio contains a single musical note. What is the MIDI note number (an integer from 0 to 127)? Reply with ONLY the integer. Nothing else. Output only the answer.,"This audio contains a single musical note. What is the note name and octave? Reply with ONLY the note name in Scientific Pitch Notation (e.g. C4, F#3, Bb5). Nothing else. Output only the answer.","This audio contains a single musical note. What is the solfege syllable and accidental (if needed) of this pitch? Use fixed-do (do=C, re=D, mi=E, fa=F, sol=G, la=A, si=B). Include sharps or flats when needed (e.g. do#, reb, fa#, sib). Do NOT include the octave. Reply with ONLY the syllable and accidental (if needed). Nothing else. Output only the answer.","This audio contains a single musical note. What is the main pitch frequency, expressed in Hertz? Reply with ONLY a number (the frequency in Hz). Nothing else. Output only the answer."
60000,synth_lead,instrument,65,85,0,0,0,0,F4,C6,0,0,0,fa,si,0,0,0,85,C6,si,440,data/analysis_audio/pitchbench_a3_single_pitch_by_duration/F4_synth_lead_60000ms.wav,F4_synth_lead_60000ms.wav,This audio contains a single musical note. What is the MIDI note number (an integer from 0 to 127)? Reply with ONLY the integer. Nothing else. Output only the answer.,"This audio contains a single musical note. What is the note name and octave? Reply with ONLY the note name in Scientific Pitch Notation (e.g. C4, F#3, Bb5). Nothing else. Output only the answer.","This audio contains a single musical note. What is the solfege syllable and accidental (if needed) of this pitch? Use fixed-do (do=C, re=D, mi=E, fa=F, sol=G, la=A, si=B). Include sharps or flats when needed (e.g. do#, reb, fa#, sib). Do NOT include the octave. Reply with ONLY the syllable and accidental (if needed). Nothing else. Output only the answer.","This audio contains a single musical note. What is the main pitch frequency, expressed in Hertz? Reply with ONLY a number (the frequency in Hz). Nothing else. Output only the answer."
50,synth_lead,instrument,74,96,0,0,0,0,D5,G#5,0,0,1,re,sol#,0,0,0,96,G#5,sol#,440,data/analysis_audio/pitchbench_a3_single_pitch_by_duration/D5_synth_lead_50ms.wav,D5_synth_lead_50ms.wav,This audio contains a single musical note. What is the MIDI note number (an integer from 0 to 127)? Reply with ONLY the integer. Nothing else. Output only the answer.,"This audio contains a single musical note. What is the note name and octave? Reply with ONLY the note name in Scientific Pitch Notation (e.g. C4, F#3, Bb5). Nothing else. Output only the answer.","This audio contains a single musical note. What is the solfege syllable and accidental (if needed) of this pitch? Use fixed-do (do=C, re=D, mi=E, fa=F, sol=G, la=A, si=B). Include sharps or flats when needed (e.g. do#, reb, fa#, sib). Do NOT include the octave. Reply with ONLY the syllable and accidental (if needed). Nothing else. Output only the answer.","This audio contains a single musical note. What is the main pitch frequency, expressed in Hertz? Reply with ONLY a number (the frequency in Hz). Nothing else. Output only the answer."
250,synth_lead,instrument,74,76,0,0,0,1,D5,D6,0,1,0,re,mi,0,0,0,76,D6,mi,880,data/analysis_audio/pitchbench_a3_single_pitch_by_duration/D5_synth_lead_250ms.wav,D5_synth_lead_250ms.wav,This audio contains a single musical note. What is the MIDI note number (an integer from 0 to 127)? Reply with ONLY the integer. Nothing else. Output only the answer.,"This audio contains a single musical note. What is the note name and octave? Reply with ONLY the note name in Scientific Pitch Notation (e.g. C4, F#3, Bb5). Nothing else. Output only the answer.","This audio contains a single musical note. What is the solfege syllable and accidental (if needed) of this pitch? Use fixed-do (do=C, re=D, mi=E, fa=F, sol=G, la=A, si=B). Include sharps or flats when needed (e.g. do#, reb, fa#, sib). Do NOT include the octave. Reply with ONLY the syllable and accidental (if needed). Nothing else. Output only the answer.","This audio contains a single musical note. What is the main pitch frequency, expressed in Hertz? Reply with ONLY a number (the frequency in Hz). Nothing else. Output only the answer."
1000,synth_lead,instrument,74,69,0,0,0,0,D5,A4,0,0,0,re,fa#,0,0,0,69,A4,fa#,440,data/analysis_audio/pitchbench_a3_single_pitch_by_duration/D5_synth_lead_1000ms.wav,D5_synth_lead_1000ms.wav,This audio contains a single musical note. What is the MIDI note number (an integer from 0 to 127)? Reply with ONLY the integer. Nothing else. Output only the answer.,"This audio contains a single musical note. What is the note name and octave? Reply with ONLY the note name in Scientific Pitch Notation (e.g. C4, F#3, Bb5). Nothing else. Output only the answer.","This audio contains a single musical note. What is the solfege syllable and accidental (if needed) of this pitch? Use fixed-do (do=C, re=D, mi=E, fa=F, sol=G, la=A, si=B). Include sharps or flats when needed (e.g. do#, reb, fa#, sib). Do NOT include the octave. Reply with ONLY the syllable and accidental (if needed). Nothing else. Output only the answer.","This audio contains a single musical note. What is the main pitch frequency, expressed in Hertz? Reply with ONLY a number (the frequency in Hz). Nothing else. Output only the answer."
4000,synth_lead,instrument,74,69,0,0,0,0,D5,D5,1,1,1,re,la#,0,0,1,69,D5,la#,440,data/analysis_audio/pitchbench_a3_single_pitch_by_duration/D5_synth_lead_4000ms.wav,D5_synth_lead_4000ms.wav,This audio contains a single musical note. What is the MIDI note number (an integer from 0 to 127)? Reply with ONLY the integer. Nothing else. Output only the answer.,"This audio contains a single musical note. What is the note name and octave? Reply with ONLY the note name in Scientific Pitch Notation (e.g. C4, F#3, Bb5). Nothing else. Output only the answer.","This audio contains a single musical note. What is the solfege syllable and accidental (if needed) of this pitch? Use fixed-do (do=C, re=D, mi=E, fa=F, sol=G, la=A, si=B). Include sharps or flats when needed (e.g. do#, reb, fa#, sib). Do NOT include the octave. Reply with ONLY the syllable and accidental (if needed). Nothing else. Output only the answer.","This audio contains a single musical note. What is the main pitch frequency, expressed in Hertz? Reply with ONLY a number (the frequency in Hz). Nothing else. Output only the answer."
15000,synth_lead,instrument,74,93,0,0,0,0,D5,D5,1,1,1,re,sol#,0,0,1,93,D5,sol#,440,data/analysis_audio/pitchbench_a3_single_pitch_by_duration/D5_synth_lead_15000ms.wav,D5_synth_lead_15000ms.wav,This audio contains a single musical note. What is the MIDI note number (an integer from 0 to 127)? Reply with ONLY the integer. Nothing else. Output only the answer.,"This audio contains a single musical note. What is the note name and octave? Reply with ONLY the note name in Scientific Pitch Notation (e.g. C4, F#3, Bb5). Nothing else. Output only the answer.","This audio contains a single musical note. What is the solfege syllable and accidental (if needed) of this pitch? Use fixed-do (do=C, re=D, mi=E, fa=F, sol=G, la=A, si=B). Include sharps or flats when needed (e.g. do#, reb, fa#, sib). Do NOT include the octave. Reply with ONLY the syllable and accidental (if needed). Nothing else. Output only the answer.","This audio contains a single musical note. What is the main pitch frequency, expressed in Hertz? Reply with ONLY a number (the frequency in Hz). Nothing else. Output only the answer."
60000,synth_lead,instrument,74,78,0,0,0,1,D5,D5,1,1,1,re,sol#,0,0,1,78,D5,sol#,440,data/analysis_audio/pitchbench_a3_single_pitch_by_duration/D5_synth_lead_60000ms.wav,D5_synth_lead_60000ms.wav,This audio contains a single musical note. What is the MIDI note number (an integer from 0 to 127)? Reply with ONLY the integer. Nothing else. Output only the answer.,"This audio contains a single musical note. What is the note name and octave? Reply with ONLY the note name in Scientific Pitch Notation (e.g. C4, F#3, Bb5). Nothing else. Output only the answer.","This audio contains a single musical note. What is the solfege syllable and accidental (if needed) of this pitch? Use fixed-do (do=C, re=D, mi=E, fa=F, sol=G, la=A, si=B). Include sharps or flats when needed (e.g. do#, reb, fa#, sib). Do NOT include the octave. Reply with ONLY the syllable and accidental (if needed). Nothing else. Output only the answer.","This audio contains a single musical note. What is the main pitch frequency, expressed in Hertz? Reply with ONLY a number (the frequency in Hz). Nothing else. Output only the answer."
50,synth_lead,instrument,83,69,0,0,0,0,B5,G5,0,0,1,si,sol#,0,0,0,69,G5,sol#,440,data/analysis_audio/pitchbench_a3_single_pitch_by_duration/B5_synth_lead_50ms.wav,B5_synth_lead_50ms.wav,This audio contains a single musical note. What is the MIDI note number (an integer from 0 to 127)? Reply with ONLY the integer. Nothing else. Output only the answer.,"This audio contains a single musical note. What is the note name and octave? Reply with ONLY the note name in Scientific Pitch Notation (e.g. C4, F#3, Bb5). Nothing else. Output only the answer.","This audio contains a single musical note. What is the solfege syllable and accidental (if needed) of this pitch? Use fixed-do (do=C, re=D, mi=E, fa=F, sol=G, la=A, si=B). Include sharps or flats when needed (e.g. do#, reb, fa#, sib). Do NOT include the octave. Reply with ONLY the syllable and accidental (if needed). Nothing else. Output only the answer.","This audio contains a single musical note. What is the main pitch frequency, expressed in Hertz? Reply with ONLY a number (the frequency in Hz). Nothing else. Output only the answer."
250,synth_lead,instrument,83,96,0,0,0,0,B5,C6,0,0,0,si,sol#,0,0,0,96,C6,sol#,1000,data/analysis_audio/pitchbench_a3_single_pitch_by_duration/B5_synth_lead_250ms.wav,B5_synth_lead_250ms.wav,This audio contains a single musical note. What is the MIDI note number (an integer from 0 to 127)? Reply with ONLY the integer. Nothing else. Output only the answer.,"This audio contains a single musical note. What is the note name and octave? Reply with ONLY the note name in Scientific Pitch Notation (e.g. C4, F#3, Bb5). Nothing else. Output only the answer.","This audio contains a single musical note. What is the solfege syllable and accidental (if needed) of this pitch? Use fixed-do (do=C, re=D, mi=E, fa=F, sol=G, la=A, si=B). Include sharps or flats when needed (e.g. do#, reb, fa#, sib). Do NOT include the octave. Reply with ONLY the syllable and accidental (if needed). Nothing else. Output only the answer.","This audio contains a single musical note. What is the main pitch frequency, expressed in Hertz? Reply with ONLY a number (the frequency in Hz). Nothing else. Output only the answer."
1000,synth_lead,instrument,83,106,0,0,0,0,B5,B6,0,1,0,si,sol#,0,0,0,106,B6,sol#,1046.5,data/analysis_audio/pitchbench_a3_single_pitch_by_duration/B5_synth_lead_1000ms.wav,B5_synth_lead_1000ms.wav,This audio contains a single musical note. What is the MIDI note number (an integer from 0 to 127)? Reply with ONLY the integer. Nothing else. Output only the answer.,"This audio contains a single musical note. What is the note name and octave? Reply with ONLY the note name in Scientific Pitch Notation (e.g. C4, F#3, Bb5). Nothing else. Output only the answer.","This audio contains a single musical note. What is the solfege syllable and accidental (if needed) of this pitch? Use fixed-do (do=C, re=D, mi=E, fa=F, sol=G, la=A, si=B). Include sharps or flats when needed (e.g. do#, reb, fa#, sib). Do NOT include the octave. Reply with ONLY the syllable and accidental (if needed). Nothing else. Output only the answer.","This audio contains a single musical note. What is the main pitch frequency, expressed in Hertz? Reply with ONLY a number (the frequency in Hz). Nothing else. Output only the answer."
4000,synth_lead,instrument,83,96,0,0,0,0,B5,C6,0,0,0,si,sol#,0,0,0,96,C6,sol#,1046.5,data/analysis_audio/pitchbench_a3_single_pitch_by_duration/B5_synth_lead_4000ms.wav,B5_synth_lead_4000ms.wav,This audio contains a single musical note. What is the MIDI note number (an integer from 0 to 127)? Reply with ONLY the integer. Nothing else. Output only the answer.,"This audio contains a single musical note. What is the note name and octave? Reply with ONLY the note name in Scientific Pitch Notation (e.g. C4, F#3, Bb5). Nothing else. Output only the answer.","This audio contains a single musical note. What is the solfege syllable and accidental (if needed) of this pitch? Use fixed-do (do=C, re=D, mi=E, fa=F, sol=G, la=A, si=B). Include sharps or flats when needed (e.g. do#, reb, fa#, sib). Do NOT include the octave. Reply with ONLY the syllable and accidental (if needed). Nothing else. Output only the answer.","This audio contains a single musical note. What is the main pitch frequency, expressed in Hertz? Reply with ONLY a number (the frequency in Hz). Nothing else. Output only the answer."
15000,synth_lead,instrument,83,106,0,0,0,0,B5,B5,1,1,1,si,sol#,0,0,1,106,B5,sol#,1046,data/analysis_audio/pitchbench_a3_single_pitch_by_duration/B5_synth_lead_15000ms.wav,B5_synth_lead_15000ms.wav,This audio contains a single musical note. What is the MIDI note number (an integer from 0 to 127)? Reply with ONLY the integer. Nothing else. Output only the answer.,"This audio contains a single musical note. What is the note name and octave? Reply with ONLY the note name in Scientific Pitch Notation (e.g. C4, F#3, Bb5). Nothing else. Output only the answer.","This audio contains a single musical note. What is the solfege syllable and accidental (if needed) of this pitch? Use fixed-do (do=C, re=D, mi=E, fa=F, sol=G, la=A, si=B). Include sharps or flats when needed (e.g. do#, reb, fa#, sib). Do NOT include the octave. Reply with ONLY the syllable and accidental (if needed). Nothing else. Output only the answer.","This audio contains a single musical note. What is the main pitch frequency, expressed in Hertz? Reply with ONLY a number (the frequency in Hz). Nothing else. Output only the answer."
60000,synth_lead,instrument,83,93,0,0,0,0,B5,G6,0,0,0,si,sol#,0,0,0,93,G6,sol#,880,data/analysis_audio/pitchbench_a3_single_pitch_by_duration/B5_synth_lead_60000ms.wav,B5_synth_lead_60000ms.wav,This audio contains a single musical note. What is the MIDI note number (an integer from 0 to 127)? Reply with ONLY the integer. Nothing else. Output only the answer.,"This audio contains a single musical note. What is the note name and octave? Reply with ONLY the note name in Scientific Pitch Notation (e.g. C4, F#3, Bb5). Nothing else. Output only the answer.","This audio contains a single musical note. What is the solfege syllable and accidental (if needed) of this pitch? Use fixed-do (do=C, re=D, mi=E, fa=F, sol=G, la=A, si=B). Include sharps or flats when needed (e.g. do#, reb, fa#, sib). Do NOT include the octave. Reply with ONLY the syllable and accidental (if needed). Nothing else. Output only the answer.","This audio contains a single musical note. What is the main pitch frequency, expressed in Hertz? Reply with ONLY a number (the frequency in Hz). Nothing else. Output only the answer."
50,cello,instrument,29,69,0,0,0,0,F1,G2,0,0,0,fa,fa#,0,0,0,69,G2,fa#,440,data/analysis_audio/pitchbench_a3_single_pitch_by_duration/F1_cello_50ms.wav,F1_cello_50ms.wav,This audio contains a single musical note. What is the MIDI note number (an integer from 0 to 127)? Reply with ONLY the integer. Nothing else. Output only the answer.,"This audio contains a single musical note. What is the note name and octave? Reply with ONLY the note name in Scientific Pitch Notation (e.g. C4, F#3, Bb5). Nothing else. Output only the answer.","This audio contains a single musical note. What is the solfege syllable and accidental (if needed) of this pitch? Use fixed-do (do=C, re=D, mi=E, fa=F, sol=G, la=A, si=B). Include sharps or flats when needed (e.g. do#, reb, fa#, sib). Do NOT include the octave. Reply with ONLY the syllable and accidental (if needed). Nothing else. Output only the answer.","This audio contains a single musical note. What is the main pitch frequency, expressed in Hertz? Reply with ONLY a number (the frequency in Hz). Nothing else. Output only the answer."
250,cello,instrument,29,48,0,0,0,0,F1,C1,0,0,1,fa,sol#,0,0,0,48,C1,sol#,55,data/analysis_audio/pitchbench_a3_single_pitch_by_duration/F1_cello_250ms.wav,F1_cello_250ms.wav,This audio contains a single musical note. What is the MIDI note number (an integer from 0 to 127)? Reply with ONLY the integer. Nothing else. Output only the answer.,"This audio contains a single musical note. What is the note name and octave? Reply with ONLY the note name in Scientific Pitch Notation (e.g. C4, F#3, Bb5). Nothing else. Output only the answer.","This audio contains a single musical note. What is the solfege syllable and accidental (if needed) of this pitch? Use fixed-do (do=C, re=D, mi=E, fa=F, sol=G, la=A, si=B). Include sharps or flats when needed (e.g. do#, reb, fa#, sib). Do NOT include the octave. Reply with ONLY the syllable and accidental (if needed). Nothing else. Output only the answer.","This audio contains a single musical note. What is the main pitch frequency, expressed in Hertz? Reply with ONLY a number (the frequency in Hz). Nothing else. Output only the answer."
1000,cello,instrument,29,28,0,1,0,1,F1,D1,0,0,1,fa,fa#,0,0,0,28,D1,solb,55,data/analysis_audio/pitchbench_a3_single_pitch_by_duration/F1_cello_1000ms.wav,F1_cello_1000ms.wav,This audio contains a single musical note. What is the MIDI note number (an integer from 0 to 127)? Reply with ONLY the integer. Nothing else. Output only the answer.,"This audio contains a single musical note. What is the note name and octave? Reply with ONLY the note name in Scientific Pitch Notation (e.g. C4, F#3, Bb5). Nothing else. Output only the answer.","This audio contains a single musical note. What is the solfege syllable and accidental (if needed) of this pitch? Use fixed-do (do=C, re=D, mi=E, fa=F, sol=G, la=A, si=B). Include sharps or flats when needed (e.g. do#, reb, fa#, sib). Do NOT include the octave. Reply with ONLY the syllable and accidental (if needed). Nothing else. Output only the answer.","This audio contains a single musical note. What is the main pitch frequency, expressed in Hertz? Reply with ONLY a number (the frequency in Hz). Nothing else. Output only the answer."
4000,cello,instrument,29,28,0,1,0,1,F1,E1,0,0,1,fa,sol,0,0,0,28,E1,sol,55,data/analysis_audio/pitchbench_a3_single_pitch_by_duration/F1_cello_4000ms.wav,F1_cello_4000ms.wav,This audio contains a single musical note. What is the MIDI note number (an integer from 0 to 127)? Reply with ONLY the integer. Nothing else. Output only the answer.,"This audio contains a single musical note. What is the note name and octave? Reply with ONLY the note name in Scientific Pitch Notation (e.g. C4, F#3, Bb5). Nothing else. Output only the answer.","This audio contains a single musical note. What is the solfege syllable and accidental (if needed) of this pitch? Use fixed-do (do=C, re=D, mi=E, fa=F, sol=G, la=A, si=B). Include sharps or flats when needed (e.g. do#, reb, fa#, sib). Do NOT include the octave. Reply with ONLY the syllable and accidental (if needed). Nothing else. Output only the answer.","This audio contains a single musical note. What is the main pitch frequency, expressed in Hertz? Reply with ONLY a number (the frequency in Hz). Nothing else. Output only the answer."
15000,cello,instrument,29,29,1,1,1,1,F1,B0,0,0,0,fa,sol,0,0,1,29,B0,sol,41,data/analysis_audio/pitchbench_a3_single_pitch_by_duration/F1_cello_15000ms.wav,F1_cello_15000ms.wav,This audio contains a single musical note. What is the MIDI note number (an integer from 0 to 127)? Reply with ONLY the integer. Nothing else. Output only the answer.,"This audio contains a single musical note. What is the note name and octave? Reply with ONLY the note name in Scientific Pitch Notation (e.g. C4, F#3, Bb5). Nothing else. Output only the answer.","This audio contains a single musical note. What is the solfege syllable and accidental (if needed) of this pitch? Use fixed-do (do=C, re=D, mi=E, fa=F, sol=G, la=A, si=B). Include sharps or flats when needed (e.g. do#, reb, fa#, sib). Do NOT include the octave. Reply with ONLY the syllable and accidental (if needed). Nothing else. Output only the answer.","This audio contains a single musical note. What is the main pitch frequency, expressed in Hertz? Reply with ONLY a number (the frequency in Hz). Nothing else. Output only the answer."
60000,cello,instrument,29,31,0,0,0,1,F1,B0,0,0,0,fa,fa#,0,0,0,31,B0,solb,55,data/analysis_audio/pitchbench_a3_single_pitch_by_duration/F1_cello_60000ms.wav,F1_cello_60000ms.wav,This audio contains a single musical note. What is the MIDI note number (an integer from 0 to 127)? Reply with ONLY the integer. Nothing else. Output only the answer.,"This audio contains a single musical note. What is the note name and octave? Reply with ONLY the note name in Scientific Pitch Notation (e.g. C4, F#3, Bb5). Nothing else. Output only the answer.","This audio contains a single musical note. What is the solfege syllable and accidental (if needed) of this pitch? Use fixed-do (do=C, re=D, mi=E, fa=F, sol=G, la=A, si=B). Include sharps or flats when needed (e.g. do#, reb, fa#, sib). Do NOT include the octave. Reply with ONLY the syllable and accidental (if needed). Nothing else. Output only the answer.","This audio contains a single musical note. What is the main pitch frequency, expressed in Hertz? Reply with ONLY a number (the frequency in Hz). Nothing else. Output only the answer."
50,cello,instrument,38,84,0,0,0,0,D2,C3,0,0,0,re,fa,0,0,0,84,C3,fa,440,data/analysis_audio/pitchbench_a3_single_pitch_by_duration/D2_cello_50ms.wav,D2_cello_50ms.wav,This audio contains a single musical note. What is the MIDI note number (an integer from 0 to 127)? Reply with ONLY the integer. Nothing else. Output only the answer.,"This audio contains a single musical note. What is the note name and octave? Reply with ONLY the note name in Scientific Pitch Notation (e.g. C4, F#3, Bb5). Nothing else. Output only the answer.","This audio contains a single musical note. What is the solfege syllable and accidental (if needed) of this pitch? Use fixed-do (do=C, re=D, mi=E, fa=F, sol=G, la=A, si=B). Include sharps or flats when needed (e.g. do#, reb, fa#, sib). Do NOT include the octave. Reply with ONLY the syllable and accidental (if needed). Nothing else. Output only the answer.","This audio contains a single musical note. What is the main pitch frequency, expressed in Hertz? Reply with ONLY a number (the frequency in Hz). Nothing else. Output only the answer."
250,cello,instrument,38,51,0,0,0,0,D2,C2,0,0,1,re,sol#,0,0,0,51,C2,sol#,110,data/analysis_audio/pitchbench_a3_single_pitch_by_duration/D2_cello_250ms.wav,D2_cello_250ms.wav,This audio contains a single musical note. What is the MIDI note number (an integer from 0 to 127)? Reply with ONLY the integer. Nothing else. Output only the answer.,"This audio contains a single musical note. What is the note name and octave? Reply with ONLY the note name in Scientific Pitch Notation (e.g. C4, F#3, Bb5). Nothing else. Output only the answer.","This audio contains a single musical note. What is the solfege syllable and accidental (if needed) of this pitch? Use fixed-do (do=C, re=D, mi=E, fa=F, sol=G, la=A, si=B). Include sharps or flats when needed (e.g. do#, reb, fa#, sib). Do NOT include the octave. Reply with ONLY the syllable and accidental (if needed). Nothing else. Output only the answer.","This audio contains a single musical note. What is the main pitch frequency, expressed in Hertz? Reply with ONLY a number (the frequency in Hz). Nothing else. Output only the answer."
1000,cello,instrument,38,50,0,0,1,0,D2,D2,1,1,1,re,sol,0,0,1,50,D2,sol,110,data/analysis_audio/pitchbench_a3_single_pitch_by_duration/D2_cello_1000ms.wav,D2_cello_1000ms.wav,This audio contains a single musical note. What is the MIDI note number (an integer from 0 to 127)? Reply with ONLY the integer. Nothing else. Output only the answer.,"This audio contains a single musical note. What is the note name and octave? Reply with ONLY the note name in Scientific Pitch Notation (e.g. C4, F#3, Bb5). Nothing else. Output only the answer.","This audio contains a single musical note. What is the solfege syllable and accidental (if needed) of this pitch? Use fixed-do (do=C, re=D, mi=E, fa=F, sol=G, la=A, si=B). Include sharps or flats when needed (e.g. do#, reb, fa#, sib). Do NOT include the octave. Reply with ONLY the syllable and accidental (if needed). Nothing else. Output only the answer.","This audio contains a single musical note. What is the main pitch frequency, expressed in Hertz? Reply with ONLY a number (the frequency in Hz). Nothing else. Output only the answer."
4000,cello,instrument,38,38,1,1,1,1,D2,D2,1,1,1,re,sol,0,0,1,38,D2,sol,55,data/analysis_audio/pitchbench_a3_single_pitch_by_duration/D2_cello_4000ms.wav,D2_cello_4000ms.wav,This audio contains a single musical note. What is the MIDI note number (an integer from 0 to 127)? Reply with ONLY the integer. Nothing else. Output only the answer.,"This audio contains a single musical note. What is the note name and octave? Reply with ONLY the note name in Scientific Pitch Notation (e.g. C4, F#3, Bb5). Nothing else. Output only the answer.","This audio contains a single musical note. What is the solfege syllable and accidental (if needed) of this pitch? Use fixed-do (do=C, re=D, mi=E, fa=F, sol=G, la=A, si=B). Include sharps or flats when needed (e.g. do#, reb, fa#, sib). Do NOT include the octave. Reply with ONLY the syllable and accidental (if needed). Nothing else. Output only the answer.","This audio contains a single musical note. What is the main pitch frequency, expressed in Hertz? Reply with ONLY a number (the frequency in Hz). Nothing else. Output only the answer."
15000,cello,instrument,38,38,1,1,1,1,D2,D2,1,1,1,re,sol,0,0,1,38,D2,sol,55,data/analysis_audio/pitchbench_a3_single_pitch_by_duration/D2_cello_15000ms.wav,D2_cello_15000ms.wav,This audio contains a single musical note. What is the MIDI note number (an integer from 0 to 127)? Reply with ONLY the integer. Nothing else. Output only the answer.,"This audio contains a single musical note. What is the note name and octave? Reply with ONLY the note name in Scientific Pitch Notation (e.g. C4, F#3, Bb5). Nothing else. Output only the answer.","This audio contains a single musical note. What is the solfege syllable and accidental (if needed) of this pitch? Use fixed-do (do=C, re=D, mi=E, fa=F, sol=G, la=A, si=B). Include sharps or flats when needed (e.g. do#, reb, fa#, sib). Do NOT include the octave. Reply with ONLY the syllable and accidental (if needed). Nothing else. Output only the answer.","This audio contains a single musical note. What is the main pitch frequency, expressed in Hertz? Reply with ONLY a number (the frequency in Hz). Nothing else. Output only the answer."
60000,cello,instrument,38,50,0,0,1,0,D2,D2,1,1,1,re,sol,0,0,1,50,D2,sol,55,data/analysis_audio/pitchbench_a3_single_pitch_by_duration/D2_cello_60000ms.wav,D2_cello_60000ms.wav,This audio contains a single musical note. What is the MIDI note number (an integer from 0 to 127)? Reply with ONLY the integer. Nothing else. Output only the answer.,"This audio contains a single musical note. What is the note name and octave? Reply with ONLY the note name in Scientific Pitch Notation (e.g. C4, F#3, Bb5). Nothing else. Output only the answer.","This audio contains a single musical note. What is the solfege syllable and accidental (if needed) of this pitch? Use fixed-do (do=C, re=D, mi=E, fa=F, sol=G, la=A, si=B). Include sharps or flats when needed (e.g. do#, reb, fa#, sib). Do NOT include the octave. Reply with ONLY the syllable and accidental (if needed). Nothing else. Output only the answer.","This audio contains a single musical note. What is the main pitch frequency, expressed in Hertz? Reply with ONLY a number (the frequency in Hz). Nothing else. Output only the answer."
50,cello,instrument,47,69,0,0,0,0,B2,E4,0,0,0,si,sol#,0,0,0,69,E4,sol#,440,data/analysis_audio/pitchbench_a3_single_pitch_by_duration/B2_cello_50ms.wav,B2_cello_50ms.wav,This audio contains a single musical note. What is the MIDI note number (an integer from 0 to 127)? Reply with ONLY the integer. Nothing else. Output only the answer.,"This audio contains a single musical note. What is the note name and octave? Reply with ONLY the note name in Scientific Pitch Notation (e.g. C4, F#3, Bb5). Nothing else. Output only the answer.","This audio contains a single musical note. What is the solfege syllable and accidental (if needed) of this pitch? Use fixed-do (do=C, re=D, mi=E, fa=F, sol=G, la=A, si=B). Include sharps or flats when needed (e.g. do#, reb, fa#, sib). Do NOT include the octave. Reply with ONLY the syllable and accidental (if needed). Nothing else. Output only the answer.","This audio contains a single musical note. What is the main pitch frequency, expressed in Hertz? Reply with ONLY a number (the frequency in Hz). Nothing else. Output only the answer."
250,cello,instrument,47,48,0,1,0,0,B2,B2,1,1,1,si,sol,0,0,1,48,B2,sol,55,data/analysis_audio/pitchbench_a3_single_pitch_by_duration/B2_cello_250ms.wav,B2_cello_250ms.wav,This audio contains a single musical note. What is the MIDI note number (an integer from 0 to 127)? Reply with ONLY the integer. Nothing else. Output only the answer.,"This audio contains a single musical note. What is the note name and octave? Reply with ONLY the note name in Scientific Pitch Notation (e.g. C4, F#3, Bb5). Nothing else. Output only the answer.","This audio contains a single musical note. What is the solfege syllable and accidental (if needed) of this pitch? Use fixed-do (do=C, re=D, mi=E, fa=F, sol=G, la=A, si=B). Include sharps or flats when needed (e.g. do#, reb, fa#, sib). Do NOT include the octave. Reply with ONLY the syllable and accidental (if needed). Nothing else. Output only the answer.","This audio contains a single musical note. What is the main pitch frequency, expressed in Hertz? Reply with ONLY a number (the frequency in Hz). Nothing else. Output only the answer."
1000,cello,instrument,47,47,1,1,1,1,B2,B2,1,1,1,si,sol#,0,0,1,47,B2,sol#,110,data/analysis_audio/pitchbench_a3_single_pitch_by_duration/B2_cello_1000ms.wav,B2_cello_1000ms.wav,This audio contains a single musical note. What is the MIDI note number (an integer from 0 to 127)? Reply with ONLY the integer. Nothing else. Output only the answer.,"This audio contains a single musical note. What is the note name and octave? Reply with ONLY the note name in Scientific Pitch Notation (e.g. C4, F#3, Bb5). Nothing else. Output only the answer.","This audio contains a single musical note. What is the solfege syllable and accidental (if needed) of this pitch? Use fixed-do (do=C, re=D, mi=E, fa=F, sol=G, la=A, si=B). Include sharps or flats when needed (e.g. do#, reb, fa#, sib). Do NOT include the octave. Reply with ONLY the syllable and accidental (if needed). Nothing else. Output only the answer.","This audio contains a single musical note. What is the main pitch frequency, expressed in Hertz? Reply with ONLY a number (the frequency in Hz). Nothing else. Output only the answer."
4000,cello,instrument,47,47,1,1,1,1,B2,B2,1,1,1,si,si,1,0,1,47,B2,si,110,data/analysis_audio/pitchbench_a3_single_pitch_by_duration/B2_cello_4000ms.wav,B2_cello_4000ms.wav,This audio contains a single musical note. What is the MIDI note number (an integer from 0 to 127)? Reply with ONLY the integer. Nothing else. Output only the answer.,"This audio contains a single musical note. What is the note name and octave? Reply with ONLY the note name in Scientific Pitch Notation (e.g. C4, F#3, Bb5). Nothing else. Output only the answer.","This audio contains a single musical note. What is the solfege syllable and accidental (if needed) of this pitch? Use fixed-do (do=C, re=D, mi=E, fa=F, sol=G, la=A, si=B). Include sharps or flats when needed (e.g. do#, reb, fa#, sib). Do NOT include the octave. Reply with ONLY the syllable and accidental (if needed). Nothing else. Output only the answer.","This audio contains a single musical note. What is the main pitch frequency, expressed in Hertz? Reply with ONLY a number (the frequency in Hz). Nothing else. Output only the answer."
15000,cello,instrument,47,47,1,1,1,1,B2,B2,1,1,1,si,si,1,0,1,47,B2,si,55,data/analysis_audio/pitchbench_a3_single_pitch_by_duration/B2_cello_15000ms.wav,B2_cello_15000ms.wav,This audio contains a single musical note. What is the MIDI note number (an integer from 0 to 127)? Reply with ONLY the integer. Nothing else. Output only the answer.,"This audio contains a single musical note. What is the note name and octave? Reply with ONLY the note name in Scientific Pitch Notation (e.g. C4, F#3, Bb5). Nothing else. Output only the answer.","This audio contains a single musical note. What is the solfege syllable and accidental (if needed) of this pitch? Use fixed-do (do=C, re=D, mi=E, fa=F, sol=G, la=A, si=B). Include sharps or flats when needed (e.g. do#, reb, fa#, sib). Do NOT include the octave. Reply with ONLY the syllable and accidental (if needed). Nothing else. Output only the answer.","This audio contains a single musical note. What is the main pitch frequency, expressed in Hertz? Reply with ONLY a number (the frequency in Hz). Nothing else. Output only the answer."
60000,cello,instrument,47,59,0,0,1,0,B2,B2,1,1,1,si,si,1,0,1,59,B2,si,110,data/analysis_audio/pitchbench_a3_single_pitch_by_duration/B2_cello_60000ms.wav,B2_cello_60000ms.wav,This audio contains a single musical note. What is the MIDI note number (an integer from 0 to 127)? Reply with ONLY the integer. Nothing else. Output only the answer.,"This audio contains a single musical note. What is the note name and octave? Reply with ONLY the note name in Scientific Pitch Notation (e.g. C4, F#3, Bb5). Nothing else. Output only the answer.","This audio contains a single musical note. What is the solfege syllable and accidental (if needed) of this pitch? Use fixed-do (do=C, re=D, mi=E, fa=F, sol=G, la=A, si=B). Include sharps or flats when needed (e.g. do#, reb, fa#, sib). Do NOT include the octave. Reply with ONLY the syllable and accidental (if needed). Nothing else. Output only the answer.","This audio contains a single musical note. What is the main pitch frequency, expressed in Hertz? Reply with ONLY a number (the frequency in Hz). Nothing else. Output only the answer."
50,cello,instrument,56,60,0,0,0,0,G#3,C4,0,0,0,sol#,sol#,1,0,0,60,C4,sol#,440,data/analysis_audio/pitchbench_a3_single_pitch_by_duration/Gs3_cello_50ms.wav,Gs3_cello_50ms.wav,This audio contains a single musical note. What is the MIDI note number (an integer from 0 to 127)? Reply with ONLY the integer. Nothing else. Output only the answer.,"This audio contains a single musical note. What is the note name and octave? Reply with ONLY the note name in Scientific Pitch Notation (e.g. C4, F#3, Bb5). Nothing else. Output only the answer.","This audio contains a single musical note. What is the solfege syllable and accidental (if needed) of this pitch? Use fixed-do (do=C, re=D, mi=E, fa=F, sol=G, la=A, si=B). Include sharps or flats when needed (e.g. do#, reb, fa#, sib). Do NOT include the octave. Reply with ONLY the syllable and accidental (if needed). Nothing else. Output only the answer.","This audio contains a single musical note. What is the main pitch frequency, expressed in Hertz? Reply with ONLY a number (the frequency in Hz). Nothing else. Output only the answer."
250,cello,instrument,56,69,0,0,0,0,G#3,C4,0,0,0,sol#,sol#,1,0,0,69,C4,sol#,440,data/analysis_audio/pitchbench_a3_single_pitch_by_duration/Gs3_cello_250ms.wav,Gs3_cello_250ms.wav,This audio contains a single musical note. What is the MIDI note number (an integer from 0 to 127)? Reply with ONLY the integer. Nothing else. Output only the answer.,"This audio contains a single musical note. What is the note name and octave? Reply with ONLY the note name in Scientific Pitch Notation (e.g. C4, F#3, Bb5). Nothing else. Output only the answer.","This audio contains a single musical note. What is the solfege syllable and accidental (if needed) of this pitch? Use fixed-do (do=C, re=D, mi=E, fa=F, sol=G, la=A, si=B). Include sharps or flats when needed (e.g. do#, reb, fa#, sib). Do NOT include the octave. Reply with ONLY the syllable and accidental (if needed). Nothing else. Output only the answer.","This audio contains a single musical note. What is the main pitch frequency, expressed in Hertz? Reply with ONLY a number (the frequency in Hz). Nothing else. Output only the answer."
1000,cello,instrument,56,69,0,0,0,0,G#3,C#3,0,0,1,sol#,sol#,1,0,0,69,C#3,sol#,220,data/analysis_audio/pitchbench_a3_single_pitch_by_duration/Gs3_cello_1000ms.wav,Gs3_cello_1000ms.wav,This audio contains a single musical note. What is the MIDI note number (an integer from 0 to 127)? Reply with ONLY the integer. Nothing else. Output only the answer.,"This audio contains a single musical note. What is the note name and octave? Reply with ONLY the note name in Scientific Pitch Notation (e.g. C4, F#3, Bb5). Nothing else. Output only the answer.","This audio contains a single musical note. What is the solfege syllable and accidental (if needed) of this pitch? Use fixed-do (do=C, re=D, mi=E, fa=F, sol=G, la=A, si=B). Include sharps or flats when needed (e.g. do#, reb, fa#, sib). Do NOT include the octave. Reply with ONLY the syllable and accidental (if needed). Nothing else. Output only the answer.","This audio contains a single musical note. What is the main pitch frequency, expressed in Hertz? Reply with ONLY a number (the frequency in Hz). Nothing else. Output only the answer."
4000,cello,instrument,56,60,0,0,0,0,G#3,G#3,1,1,1,sol#,sol#,1,0,1,60,G#3,sol#,196,data/analysis_audio/pitchbench_a3_single_pitch_by_duration/Gs3_cello_4000ms.wav,Gs3_cello_4000ms.wav,This audio contains a single musical note. What is the MIDI note number (an integer from 0 to 127)? Reply with ONLY the integer. Nothing else. Output only the answer.,"This audio contains a single musical note. What is the note name and octave? Reply with ONLY the note name in Scientific Pitch Notation (e.g. C4, F#3, Bb5). Nothing else. Output only the answer.","This audio contains a single musical note. What is the solfege syllable and accidental (if needed) of this pitch? Use fixed-do (do=C, re=D, mi=E, fa=F, sol=G, la=A, si=B). Include sharps or flats when needed (e.g. do#, reb, fa#, sib). Do NOT include the octave. Reply with ONLY the syllable and accidental (if needed). Nothing else. Output only the answer.","This audio contains a single musical note. What is the main pitch frequency, expressed in Hertz? Reply with ONLY a number (the frequency in Hz). Nothing else. Output only the answer."
15000,cello,instrument,56,68,0,0,1,0,G#3,G#3,1,1,1,sol#,sol#,1,0,1,68,G#3,sol#,440,data/analysis_audio/pitchbench_a3_single_pitch_by_duration/Gs3_cello_15000ms.wav,Gs3_cello_15000ms.wav,This audio contains a single musical note. What is the MIDI note number (an integer from 0 to 127)? Reply with ONLY the integer. Nothing else. Output only the answer.,"This audio contains a single musical note. What is the note name and octave? Reply with ONLY the note name in Scientific Pitch Notation (e.g. C4, F#3, Bb5). Nothing else. Output only the answer.","This audio contains a single musical note. What is the solfege syllable and accidental (if needed) of this pitch? Use fixed-do (do=C, re=D, mi=E, fa=F, sol=G, la=A, si=B). Include sharps or flats when needed (e.g. do#, reb, fa#, sib). Do NOT include the octave. Reply with ONLY the syllable and accidental (if needed). Nothing else. Output only the answer.","This audio contains a single musical note. What is the main pitch frequency, expressed in Hertz? Reply with ONLY a number (the frequency in Hz). Nothing else. Output only the answer."
60000,cello,instrument,56,69,0,0,0,0,G#3,G#3,1,1,1,sol#,sol#,1,0,1,69,G#3,sol#,220,data/analysis_audio/pitchbench_a3_single_pitch_by_duration/Gs3_cello_60000ms.wav,Gs3_cello_60000ms.wav,This audio contains a single musical note. What is the MIDI note number (an integer from 0 to 127)? Reply with ONLY the integer. Nothing else. Output only the answer.,"This audio contains a single musical note. What is the note name and octave? Reply with ONLY the note name in Scientific Pitch Notation (e.g. C4, F#3, Bb5). Nothing else. Output only the answer.","This audio contains a single musical note. What is the solfege syllable and accidental (if needed) of this pitch? Use fixed-do (do=C, re=D, mi=E, fa=F, sol=G, la=A, si=B). Include sharps or flats when needed (e.g. do#, reb, fa#, sib). Do NOT include the octave. Reply with ONLY the syllable and accidental (if needed). Nothing else. Output only the answer.","This audio contains a single musical note. What is the main pitch frequency, expressed in Hertz? Reply with ONLY a number (the frequency in Hz). Nothing else. Output only the answer."
50,cello,instrument,65,69,0,0,0,1,F4,E5,0,0,0,fa,sol#,0,0,0,69,E5,sol#,440,data/analysis_audio/pitchbench_a3_single_pitch_by_duration/F4_cello_50ms.wav,F4_cello_50ms.wav,This audio contains a single musical note. What is the MIDI note number (an integer from 0 to 127)? Reply with ONLY the integer. Nothing else. Output only the answer.,"This audio contains a single musical note. What is the note name and octave? Reply with ONLY the note name in Scientific Pitch Notation (e.g. C4, F#3, Bb5). Nothing else. Output only the answer.","This audio contains a single musical note. What is the solfege syllable and accidental (if needed) of this pitch? Use fixed-do (do=C, re=D, mi=E, fa=F, sol=G, la=A, si=B). Include sharps or flats when needed (e.g. do#, reb, fa#, sib). Do NOT include the octave. Reply with ONLY the syllable and accidental (if needed). Nothing else. Output only the answer.","This audio contains a single musical note. What is the main pitch frequency, expressed in Hertz? Reply with ONLY a number (the frequency in Hz). Nothing else. Output only the answer."
250,cello,instrument,65,77,0,0,1,0,F4,F4,1,1,1,fa,fa#,0,0,1,77,F4,fa#,440,data/analysis_audio/pitchbench_a3_single_pitch_by_duration/F4_cello_250ms.wav,F4_cello_250ms.wav,This audio contains a single musical note. What is the MIDI note number (an integer from 0 to 127)? Reply with ONLY the integer. Nothing else. Output only the answer.,"This audio contains a single musical note. What is the note name and octave? Reply with ONLY the note name in Scientific Pitch Notation (e.g. C4, F#3, Bb5). Nothing else. Output only the answer.","This audio contains a single musical note. What is the solfege syllable and accidental (if needed) of this pitch? Use fixed-do (do=C, re=D, mi=E, fa=F, sol=G, la=A, si=B). Include sharps or flats when needed (e.g. do#, reb, fa#, sib). Do NOT include the octave. Reply with ONLY the syllable and accidental (if needed). Nothing else. Output only the answer.","This audio contains a single musical note. What is the main pitch frequency, expressed in Hertz? Reply with ONLY a number (the frequency in Hz). Nothing else. Output only the answer."
1000,cello,instrument,65,69,0,0,0,1,F4,F4,1,1,1,fa,fa,1,0,1,69,F4,fa,440,data/analysis_audio/pitchbench_a3_single_pitch_by_duration/F4_cello_1000ms.wav,F4_cello_1000ms.wav,This audio contains a single musical note. What is the MIDI note number (an integer from 0 to 127)? Reply with ONLY the integer. Nothing else. Output only the answer.,"This audio contains a single musical note. What is the note name and octave? Reply with ONLY the note name in Scientific Pitch Notation (e.g. C4, F#3, Bb5). Nothing else. Output only the answer.","This audio contains a single musical note. What is the solfege syllable and accidental (if needed) of this pitch? Use fixed-do (do=C, re=D, mi=E, fa=F, sol=G, la=A, si=B). Include sharps or flats when needed (e.g. do#, reb, fa#, sib). Do NOT include the octave. Reply with ONLY the syllable and accidental (if needed). Nothing else. Output only the answer.","This audio contains a single musical note. What is the main pitch frequency, expressed in Hertz? Reply with ONLY a number (the frequency in Hz). Nothing else. Output only the answer."
4000,cello,instrument,65,77,0,0,1,0,F4,F4,1,1,1,fa,fa#,0,0,1,77,F4,fa#,440,data/analysis_audio/pitchbench_a3_single_pitch_by_duration/F4_cello_4000ms.wav,F4_cello_4000ms.wav,This audio contains a single musical note. What is the MIDI note number (an integer from 0 to 127)? Reply with ONLY the integer. Nothing else. Output only the answer.,"This audio contains a single musical note. What is the note name and octave? Reply with ONLY the note name in Scientific Pitch Notation (e.g. C4, F#3, Bb5). Nothing else. Output only the answer.","This audio contains a single musical note. What is the solfege syllable and accidental (if needed) of this pitch? Use fixed-do (do=C, re=D, mi=E, fa=F, sol=G, la=A, si=B). Include sharps or flats when needed (e.g. do#, reb, fa#, sib). Do NOT include the octave. Reply with ONLY the syllable and accidental (if needed). Nothing else. Output only the answer.","This audio contains a single musical note. What is the main pitch frequency, expressed in Hertz? Reply with ONLY a number (the frequency in Hz). Nothing else. Output only the answer."
15000,cello,instrument,65,77,0,0,1,0,F4,F4,1,1,1,fa,fa#,0,0,1,77,F4,fa#,440,data/analysis_audio/pitchbench_a3_single_pitch_by_duration/F4_cello_15000ms.wav,F4_cello_15000ms.wav,This audio contains a single musical note. What is the MIDI note number (an integer from 0 to 127)? Reply with ONLY the integer. Nothing else. Output only the answer.,"This audio contains a single musical note. What is the note name and octave? Reply with ONLY the note name in Scientific Pitch Notation (e.g. C4, F#3, Bb5). Nothing else. Output only the answer.","This audio contains a single musical note. What is the solfege syllable and accidental (if needed) of this pitch? Use fixed-do (do=C, re=D, mi=E, fa=F, sol=G, la=A, si=B). Include sharps or flats when needed (e.g. do#, reb, fa#, sib). Do NOT include the octave. Reply with ONLY the syllable and accidental (if needed). Nothing else. Output only the answer.","This audio contains a single musical note. What is the main pitch frequency, expressed in Hertz? Reply with ONLY a number (the frequency in Hz). Nothing else. Output only the answer."
60000,cello,instrument,65,65,1,1,1,1,F4,F4,1,1,1,fa,fa,1,0,1,65,F4,fa,440,data/analysis_audio/pitchbench_a3_single_pitch_by_duration/F4_cello_60000ms.wav,F4_cello_60000ms.wav,This audio contains a single musical note. What is the MIDI note number (an integer from 0 to 127)? Reply with ONLY the integer. Nothing else. Output only the answer.,"This audio contains a single musical note. What is the note name and octave? Reply with ONLY the note name in Scientific Pitch Notation (e.g. C4, F#3, Bb5). Nothing else. Output only the answer.","This audio contains a single musical note. What is the solfege syllable and accidental (if needed) of this pitch? Use fixed-do (do=C, re=D, mi=E, fa=F, sol=G, la=A, si=B). Include sharps or flats when needed (e.g. do#, reb, fa#, sib). Do NOT include the octave. Reply with ONLY the syllable and accidental (if needed). Nothing else. Output only the answer.","This audio contains a single musical note. What is the main pitch frequency, expressed in Hertz? Reply with ONLY a number (the frequency in Hz). Nothing else. Output only the answer."
50,cello,instrument,74,69,0,0,0,0,D5,A5,0,0,1,re,fa#,0,0,0,69,A5,fa#,440,data/analysis_audio/pitchbench_a3_single_pitch_by_duration/D5_cello_50ms.wav,D5_cello_50ms.wav,This audio contains a single musical note. What is the MIDI note number (an integer from 0 to 127)? Reply with ONLY the integer. Nothing else. Output only the answer.,"This audio contains a single musical note. What is the note name and octave? Reply with ONLY the note name in Scientific Pitch Notation (e.g. C4, F#3, Bb5). Nothing else. Output only the answer.","This audio contains a single musical note. What is the solfege syllable and accidental (if needed) of this pitch? Use fixed-do (do=C, re=D, mi=E, fa=F, sol=G, la=A, si=B). Include sharps or flats when needed (e.g. do#, reb, fa#, sib). Do NOT include the octave. Reply with ONLY the syllable and accidental (if needed). Nothing else. Output only the answer.","This audio contains a single musical note. What is the main pitch frequency, expressed in Hertz? Reply with ONLY a number (the frequency in Hz). Nothing else. Output only the answer."
250,cello,instrument,74,96,0,0,0,0,D5,A4,0,0,0,re,sol#,0,0,0,96,A4,sol#,440,data/analysis_audio/pitchbench_a3_single_pitch_by_duration/D5_cello_250ms.wav,D5_cello_250ms.wav,This audio contains a single musical note. What is the MIDI note number (an integer from 0 to 127)? Reply with ONLY the integer. Nothing else. Output only the answer.,"This audio contains a single musical note. What is the note name and octave? Reply with ONLY the note name in Scientific Pitch Notation (e.g. C4, F#3, Bb5). Nothing else. Output only the answer.","This audio contains a single musical note. What is the solfege syllable and accidental (if needed) of this pitch? Use fixed-do (do=C, re=D, mi=E, fa=F, sol=G, la=A, si=B). Include sharps or flats when needed (e.g. do#, reb, fa#, sib). Do NOT include the octave. Reply with ONLY the syllable and accidental (if needed). Nothing else. Output only the answer.","This audio contains a single musical note. What is the main pitch frequency, expressed in Hertz? Reply with ONLY a number (the frequency in Hz). Nothing else. Output only the answer."
1000,cello,instrument,74,84,0,0,0,0,D5,D5,1,1,1,re,sol#,0,0,1,84,D5,sol#,440,data/analysis_audio/pitchbench_a3_single_pitch_by_duration/D5_cello_1000ms.wav,D5_cello_1000ms.wav,This audio contains a single musical note. What is the MIDI note number (an integer from 0 to 127)? Reply with ONLY the integer. Nothing else. Output only the answer.,"This audio contains a single musical note. What is the note name and octave? Reply with ONLY the note name in Scientific Pitch Notation (e.g. C4, F#3, Bb5). Nothing else. Output only the answer.","This audio contains a single musical note. What is the solfege syllable and accidental (if needed) of this pitch? Use fixed-do (do=C, re=D, mi=E, fa=F, sol=G, la=A, si=B). Include sharps or flats when needed (e.g. do#, reb, fa#, sib). Do NOT include the octave. Reply with ONLY the syllable and accidental (if needed). Nothing else. Output only the answer.","This audio contains a single musical note. What is the main pitch frequency, expressed in Hertz? Reply with ONLY a number (the frequency in Hz). Nothing else. Output only the answer."
4000,cello,instrument,74,77,0,0,0,1,D5,D5,1,1,1,re,sol#,0,0,1,77,D5,sol#,440,data/analysis_audio/pitchbench_a3_single_pitch_by_duration/D5_cello_4000ms.wav,D5_cello_4000ms.wav,This audio contains a single musical note. What is the MIDI note number (an integer from 0 to 127)? Reply with ONLY the integer. Nothing else. Output only the answer.,"This audio contains a single musical note. What is the note name and octave? Reply with ONLY the note name in Scientific Pitch Notation (e.g. C4, F#3, Bb5). Nothing else. Output only the answer.","This audio contains a single musical note. What is the solfege syllable and accidental (if needed) of this pitch? Use fixed-do (do=C, re=D, mi=E, fa=F, sol=G, la=A, si=B). Include sharps or flats when needed (e.g. do#, reb, fa#, sib). Do NOT include the octave. Reply with ONLY the syllable and accidental (if needed). Nothing else. Output only the answer.","This audio contains a single musical note. What is the main pitch frequency, expressed in Hertz? Reply with ONLY a number (the frequency in Hz). Nothing else. Output only the answer."
15000,cello,instrument,74,77,0,0,0,1,D5,D5,1,1,1,re,sol#,0,0,1,77,D5,sol#,523.25,data/analysis_audio/pitchbench_a3_single_pitch_by_duration/D5_cello_15000ms.wav,D5_cello_15000ms.wav,This audio contains a single musical note. What is the MIDI note number (an integer from 0 to 127)? Reply with ONLY the integer. Nothing else. Output only the answer.,"This audio contains a single musical note. What is the note name and octave? Reply with ONLY the note name in Scientific Pitch Notation (e.g. C4, F#3, Bb5). Nothing else. Output only the answer.","This audio contains a single musical note. What is the solfege syllable and accidental (if needed) of this pitch? Use fixed-do (do=C, re=D, mi=E, fa=F, sol=G, la=A, si=B). Include sharps or flats when needed (e.g. do#, reb, fa#, sib). Do NOT include the octave. Reply with ONLY the syllable and accidental (if needed). Nothing else. Output only the answer.","This audio contains a single musical note. What is the main pitch frequency, expressed in Hertz? Reply with ONLY a number (the frequency in Hz). Nothing else. Output only the answer."
60000,cello,instrument,74,77,0,0,0,1,D5,D5,1,1,1,re,si,0,0,1,77,D5,si,440,data/analysis_audio/pitchbench_a3_single_pitch_by_duration/D5_cello_60000ms.wav,D5_cello_60000ms.wav,This audio contains a single musical note. What is the MIDI note number (an integer from 0 to 127)? Reply with ONLY the integer. Nothing else. Output only the answer.,"This audio contains a single musical note. What is the note name and octave? Reply with ONLY the note name in Scientific Pitch Notation (e.g. C4, F#3, Bb5). Nothing else. Output only the answer.","This audio contains a single musical note. What is the solfege syllable and accidental (if needed) of this pitch? Use fixed-do (do=C, re=D, mi=E, fa=F, sol=G, la=A, si=B). Include sharps or flats when needed (e.g. do#, reb, fa#, sib). Do NOT include the octave. Reply with ONLY the syllable and accidental (if needed). Nothing else. Output only the answer.","This audio contains a single musical note. What is the main pitch frequency, expressed in Hertz? Reply with ONLY a number (the frequency in Hz). Nothing else. Output only the answer."
50,cello,instrument,83,69,0,0,0,0,B5,G6,0,0,0,si,sol,0,0,0,69,G6,sol,440,data/analysis_audio/pitchbench_a3_single_pitch_by_duration/B5_cello_50ms.wav,B5_cello_50ms.wav,This audio contains a single musical note. What is the MIDI note number (an integer from 0 to 127)? Reply with ONLY the integer. Nothing else. Output only the answer.,"This audio contains a single musical note. What is the note name and octave? Reply with ONLY the note name in Scientific Pitch Notation (e.g. C4, F#3, Bb5). Nothing else. Output only the answer.","This audio contains a single musical note. What is the solfege syllable and accidental (if needed) of this pitch? Use fixed-do (do=C, re=D, mi=E, fa=F, sol=G, la=A, si=B). Include sharps or flats when needed (e.g. do#, reb, fa#, sib). Do NOT include the octave. Reply with ONLY the syllable and accidental (if needed). Nothing else. Output only the answer.","This audio contains a single musical note. What is the main pitch frequency, expressed in Hertz? Reply with ONLY a number (the frequency in Hz). Nothing else. Output only the answer."
250,cello,instrument,83,91,0,0,0,0,B5,C6,0,0,0,si,sol#,0,0,0,91,C6,sol#,880,data/analysis_audio/pitchbench_a3_single_pitch_by_duration/B5_cello_250ms.wav,B5_cello_250ms.wav,This audio contains a single musical note. What is the MIDI note number (an integer from 0 to 127)? Reply with ONLY the integer. Nothing else. Output only the answer.,"This audio contains a single musical note. What is the note name and octave? Reply with ONLY the note name in Scientific Pitch Notation (e.g. C4, F#3, Bb5). Nothing else. Output only the answer.","This audio contains a single musical note. What is the solfege syllable and accidental (if needed) of this pitch? Use fixed-do (do=C, re=D, mi=E, fa=F, sol=G, la=A, si=B). Include sharps or flats when needed (e.g. do#, reb, fa#, sib). Do NOT include the octave. Reply with ONLY the syllable and accidental (if needed). Nothing else. Output only the answer.","This audio contains a single musical note. What is the main pitch frequency, expressed in Hertz? Reply with ONLY a number (the frequency in Hz). Nothing else. Output only the answer."
1000,cello,instrument,83,93,0,0,0,0,B5,B5,1,1,1,si,sol#,0,0,1,93,B5,sol#,880,data/analysis_audio/pitchbench_a3_single_pitch_by_duration/B5_cello_1000ms.wav,B5_cello_1000ms.wav,This audio contains a single musical note. What is the MIDI note number (an integer from 0 to 127)? Reply with ONLY the integer. Nothing else. Output only the answer.,"This audio contains a single musical note. What is the note name and octave? Reply with ONLY the note name in Scientific Pitch Notation (e.g. C4, F#3, Bb5). Nothing else. Output only the answer.","This audio contains a single musical note. What is the solfege syllable and accidental (if needed) of this pitch? Use fixed-do (do=C, re=D, mi=E, fa=F, sol=G, la=A, si=B). Include sharps or flats when needed (e.g. do#, reb, fa#, sib). Do NOT include the octave. Reply with ONLY the syllable and accidental (if needed). Nothing else. Output only the answer.","This audio contains a single musical note. What is the main pitch frequency, expressed in Hertz? Reply with ONLY a number (the frequency in Hz). Nothing else. Output only the answer."
4000,cello,instrument,83,102,0,0,0,0,B5,B5,1,1,1,si,mi,0,0,1,102,B5,mi,880,data/analysis_audio/pitchbench_a3_single_pitch_by_duration/B5_cello_4000ms.wav,B5_cello_4000ms.wav,This audio contains a single musical note. What is the MIDI note number (an integer from 0 to 127)? Reply with ONLY the integer. Nothing else. Output only the answer.,"This audio contains a single musical note. What is the note name and octave? Reply with ONLY the note name in Scientific Pitch Notation (e.g. C4, F#3, Bb5). Nothing else. Output only the answer.","This audio contains a single musical note. What is the solfege syllable and accidental (if needed) of this pitch? Use fixed-do (do=C, re=D, mi=E, fa=F, sol=G, la=A, si=B). Include sharps or flats when needed (e.g. do#, reb, fa#, sib). Do NOT include the octave. Reply with ONLY the syllable and accidental (if needed). Nothing else. Output only the answer.","This audio contains a single musical note. What is the main pitch frequency, expressed in Hertz? Reply with ONLY a number (the frequency in Hz). Nothing else. Output only the answer."
15000,cello,instrument,83,96,0,0,0,0,B5,B5,1,1,1,si,do,0,0,1,96,B5,si#,880,data/analysis_audio/pitchbench_a3_single_pitch_by_duration/B5_cello_15000ms.wav,B5_cello_15000ms.wav,This audio contains a single musical note. What is the MIDI note number (an integer from 0 to 127)? Reply with ONLY the integer. Nothing else. Output only the answer.,"This audio contains a single musical note. What is the note name and octave? Reply with ONLY the note name in Scientific Pitch Notation (e.g. C4, F#3, Bb5). Nothing else. Output only the answer.","This audio contains a single musical note. What is the solfege syllable and accidental (if needed) of this pitch? Use fixed-do (do=C, re=D, mi=E, fa=F, sol=G, la=A, si=B). Include sharps or flats when needed (e.g. do#, reb, fa#, sib). Do NOT include the octave. Reply with ONLY the syllable and accidental (if needed). Nothing else. Output only the answer.","This audio contains a single musical note. What is the main pitch frequency, expressed in Hertz? Reply with ONLY a number (the frequency in Hz). Nothing else. Output only the answer."
60000,cello,instrument,83,84,0,1,0,0,B5,B5,1,1,1,si,do,0,0,1,84,B5,si#,880,data/analysis_audio/pitchbench_a3_single_pitch_by_duration/B5_cello_60000ms.wav,B5_cello_60000ms.wav,This audio contains a single musical note. What is the MIDI note number (an integer from 0 to 127)? Reply with ONLY the integer. Nothing else. Output only the answer.,"This audio contains a single musical note. What is the note name and octave? Reply with ONLY the note name in Scientific Pitch Notation (e.g. C4, F#3, Bb5). Nothing else. Output only the answer.","This audio contains a single musical note. What is the solfege syllable and accidental (if needed) of this pitch? Use fixed-do (do=C, re=D, mi=E, fa=F, sol=G, la=A, si=B). Include sharps or flats when needed (e.g. do#, reb, fa#, sib). Do NOT include the octave. Reply with ONLY the syllable and accidental (if needed). Nothing else. Output only the answer.","This audio contains a single musical note. What is the main pitch frequency, expressed in Hertz? Reply with ONLY a number (the frequency in Hz). Nothing else. Output only the answer."
50,flute,instrument,29,60,0,0,0,0,F1,C1,0,0,1,fa,sol,0,0,0,60,C1,sol,440,data/analysis_audio/pitchbench_a3_single_pitch_by_duration/F1_flute_50ms.wav,F1_flute_50ms.wav,This audio contains a single musical note. What is the MIDI note number (an integer from 0 to 127)? Reply with ONLY the integer. Nothing else. Output only the answer.,"This audio contains a single musical note. What is the note name and octave? Reply with ONLY the note name in Scientific Pitch Notation (e.g. C4, F#3, Bb5). Nothing else. Output only the answer.","This audio contains a single musical note. What is the solfege syllable and accidental (if needed) of this pitch? Use fixed-do (do=C, re=D, mi=E, fa=F, sol=G, la=A, si=B). Include sharps or flats when needed (e.g. do#, reb, fa#, sib). Do NOT include the octave. Reply with ONLY the syllable and accidental (if needed). Nothing else. Output only the answer.","This audio contains a single musical note. What is the main pitch frequency, expressed in Hertz? Reply with ONLY a number (the frequency in Hz). Nothing else. Output only the answer."
250,flute,instrument,29,60,0,0,0,0,F1,C2,0,0,0,fa,sol#,0,0,0,60,C2,sol#,55,data/analysis_audio/pitchbench_a3_single_pitch_by_duration/F1_flute_250ms.wav,F1_flute_250ms.wav,This audio contains a single musical note. What is the MIDI note number (an integer from 0 to 127)? Reply with ONLY the integer. Nothing else. Output only the answer.,"This audio contains a single musical note. What is the note name and octave? Reply with ONLY the note name in Scientific Pitch Notation (e.g. C4, F#3, Bb5). Nothing else. Output only the answer.","This audio contains a single musical note. What is the solfege syllable and accidental (if needed) of this pitch? Use fixed-do (do=C, re=D, mi=E, fa=F, sol=G, la=A, si=B). Include sharps or flats when needed (e.g. do#, reb, fa#, sib). Do NOT include the octave. Reply with ONLY the syllable and accidental (if needed). Nothing else. Output only the answer.","This audio contains a single musical note. What is the main pitch frequency, expressed in Hertz? Reply with ONLY a number (the frequency in Hz). Nothing else. Output only the answer."
1000,flute,instrument,29,28,0,1,0,1,F1,C1,0,0,1,fa,fa#,0,0,0,28,C1,solb,55,data/analysis_audio/pitchbench_a3_single_pitch_by_duration/F1_flute_1000ms.wav,F1_flute_1000ms.wav,This audio contains a single musical note. What is the MIDI note number (an integer from 0 to 127)? Reply with ONLY the integer. Nothing else. Output only the answer.,"This audio contains a single musical note. What is the note name and octave? Reply with ONLY the note name in Scientific Pitch Notation (e.g. C4, F#3, Bb5). Nothing else. Output only the answer.","This audio contains a single musical note. What is the solfege syllable and accidental (if needed) of this pitch? Use fixed-do (do=C, re=D, mi=E, fa=F, sol=G, la=A, si=B). Include sharps or flats when needed (e.g. do#, reb, fa#, sib). Do NOT include the octave. Reply with ONLY the syllable and accidental (if needed). Nothing else. Output only the answer.","This audio contains a single musical note. What is the main pitch frequency, expressed in Hertz? Reply with ONLY a number (the frequency in Hz). Nothing else. Output only the answer."
4000,flute,instrument,29,28,0,1,0,1,F1,E1,0,0,1,fa,fa#,0,0,0,28,E1,solb,55,data/analysis_audio/pitchbench_a3_single_pitch_by_duration/F1_flute_4000ms.wav,F1_flute_4000ms.wav,This audio contains a single musical note. What is the MIDI note number (an integer from 0 to 127)? Reply with ONLY the integer. Nothing else. Output only the answer.,"This audio contains a single musical note. What is the note name and octave? Reply with ONLY the note name in Scientific Pitch Notation (e.g. C4, F#3, Bb5). Nothing else. Output only the answer.","This audio contains a single musical note. What is the solfege syllable and accidental (if needed) of this pitch? Use fixed-do (do=C, re=D, mi=E, fa=F, sol=G, la=A, si=B). Include sharps or flats when needed (e.g. do#, reb, fa#, sib). Do NOT include the octave. Reply with ONLY the syllable and accidental (if needed). Nothing else. Output only the answer.","This audio contains a single musical note. What is the main pitch frequency, expressed in Hertz? Reply with ONLY a number (the frequency in Hz). Nothing else. Output only the answer."
15000,flute,instrument,29,28,0,1,0,1,F1,F1,1,1,1,fa,fa#,0,0,1,28,F1,solb,55,data/analysis_audio/pitchbench_a3_single_pitch_by_duration/F1_flute_15000ms.wav,F1_flute_15000ms.wav,This audio contains a single musical note. What is the MIDI note number (an integer from 0 to 127)? Reply with ONLY the integer. Nothing else. Output only the answer.,"This audio contains a single musical note. What is the note name and octave? Reply with ONLY the note name in Scientific Pitch Notation (e.g. C4, F#3, Bb5). Nothing else. Output only the answer.","This audio contains a single musical note. What is the solfege syllable and accidental (if needed) of this pitch? Use fixed-do (do=C, re=D, mi=E, fa=F, sol=G, la=A, si=B). Include sharps or flats when needed (e.g. do#, reb, fa#, sib). Do NOT include the octave. Reply with ONLY the syllable and accidental (if needed). Nothing else. Output only the answer.","This audio contains a single musical note. What is the main pitch frequency, expressed in Hertz? Reply with ONLY a number (the frequency in Hz). Nothing else. Output only the answer."
60000,flute,instrument,29,25,0,0,0,1,F1,F1,1,1,1,fa,sol#,0,0,1,25,F1,sol#,55,data/analysis_audio/pitchbench_a3_single_pitch_by_duration/F1_flute_60000ms.wav,F1_flute_60000ms.wav,This audio contains a single musical note. What is the MIDI note number (an integer from 0 to 127)? Reply with ONLY the integer. Nothing else. Output only the answer.,"This audio contains a single musical note. What is the note name and octave? Reply with ONLY the note name in Scientific Pitch Notation (e.g. C4, F#3, Bb5). Nothing else. Output only the answer.","This audio contains a single musical note. What is the solfege syllable and accidental (if needed) of this pitch? Use fixed-do (do=C, re=D, mi=E, fa=F, sol=G, la=A, si=B). Include sharps or flats when needed (e.g. do#, reb, fa#, sib). Do NOT include the octave. Reply with ONLY the syllable and accidental (if needed). Nothing else. Output only the answer.","This audio contains a single musical note. What is the main pitch frequency, expressed in Hertz? Reply with ONLY a number (the frequency in Hz). Nothing else. Output only the answer."
50,flute,instrument,38,60,0,0,0,0,D2,A0,0,0,0,re,sol#,0,0,0,60,A0,sol#,440,data/analysis_audio/pitchbench_a3_single_pitch_by_duration/D2_flute_50ms.wav,D2_flute_50ms.wav,This audio contains a single musical note. What is the MIDI note number (an integer from 0 to 127)? Reply with ONLY the integer. Nothing else. Output only the answer.,"This audio contains a single musical note. What is the note name and octave? Reply with ONLY the note name in Scientific Pitch Notation (e.g. C4, F#3, Bb5). Nothing else. Output only the answer.","This audio contains a single musical note. What is the solfege syllable and accidental (if needed) of this pitch? Use fixed-do (do=C, re=D, mi=E, fa=F, sol=G, la=A, si=B). Include sharps or flats when needed (e.g. do#, reb, fa#, sib). Do NOT include the octave. Reply with ONLY the syllable and accidental (if needed). Nothing else. Output only the answer.","This audio contains a single musical note. What is the main pitch frequency, expressed in Hertz? Reply with ONLY a number (the frequency in Hz). Nothing else. Output only the answer."
250,flute,instrument,38,48,0,0,0,0,D2,C2,0,0,1,re,sol#,0,0,0,48,C2,sol#,55,data/analysis_audio/pitchbench_a3_single_pitch_by_duration/D2_flute_250ms.wav,D2_flute_250ms.wav,This audio contains a single musical note. What is the MIDI note number (an integer from 0 to 127)? Reply with ONLY the integer. Nothing else. Output only the answer.,"This audio contains a single musical note. What is the note name and octave? Reply with ONLY the note name in Scientific Pitch Notation (e.g. C4, F#3, Bb5). Nothing else. Output only the answer.","This audio contains a single musical note. What is the solfege syllable and accidental (if needed) of this pitch? Use fixed-do (do=C, re=D, mi=E, fa=F, sol=G, la=A, si=B). Include sharps or flats when needed (e.g. do#, reb, fa#, sib). Do NOT include the octave. Reply with ONLY the syllable and accidental (if needed). Nothing else. Output only the answer.","This audio contains a single musical note. What is the main pitch frequency, expressed in Hertz? Reply with ONLY a number (the frequency in Hz). Nothing else. Output only the answer."
1000,flute,instrument,38,48,0,0,0,0,D2,D1,0,1,0,re,sol,0,0,0,48,D1,sol,55,data/analysis_audio/pitchbench_a3_single_pitch_by_duration/D2_flute_1000ms.wav,D2_flute_1000ms.wav,This audio contains a single musical note. What is the MIDI note number (an integer from 0 to 127)? Reply with ONLY the integer. Nothing else. Output only the answer.,"This audio contains a single musical note. What is the note name and octave? Reply with ONLY the note name in Scientific Pitch Notation (e.g. C4, F#3, Bb5). Nothing else. Output only the answer.","This audio contains a single musical note. What is the solfege syllable and accidental (if needed) of this pitch? Use fixed-do (do=C, re=D, mi=E, fa=F, sol=G, la=A, si=B). Include sharps or flats when needed (e.g. do#, reb, fa#, sib). Do NOT include the octave. Reply with ONLY the syllable and accidental (if needed). Nothing else. Output only the answer.","This audio contains a single musical note. What is the main pitch frequency, expressed in Hertz? Reply with ONLY a number (the frequency in Hz). Nothing else. Output only the answer."
4000,flute,instrument,38,38,1,1,1,1,D2,D1,0,1,0,re,sol#,0,0,1,38,D1,sol#,55,data/analysis_audio/pitchbench_a3_single_pitch_by_duration/D2_flute_4000ms.wav,D2_flute_4000ms.wav,This audio contains a single musical note. What is the MIDI note number (an integer from 0 to 127)? Reply with ONLY the integer. Nothing else. Output only the answer.,"This audio contains a single musical note. What is the note name and octave? Reply with ONLY the note name in Scientific Pitch Notation (e.g. C4, F#3, Bb5). Nothing else. Output only the answer.","This audio contains a single musical note. What is the solfege syllable and accidental (if needed) of this pitch? Use fixed-do (do=C, re=D, mi=E, fa=F, sol=G, la=A, si=B). Include sharps or flats when needed (e.g. do#, reb, fa#, sib). Do NOT include the octave. Reply with ONLY the syllable and accidental (if needed). Nothing else. Output only the answer.","This audio contains a single musical note. What is the main pitch frequency, expressed in Hertz? Reply with ONLY a number (the frequency in Hz). Nothing else. Output only the answer."
15000,flute,instrument,38,38,1,1,1,1,D2,D2,1,1,1,re,sol,0,0,1,38,D2,sol,55,data/analysis_audio/pitchbench_a3_single_pitch_by_duration/D2_flute_15000ms.wav,D2_flute_15000ms.wav,This audio contains a single musical note. What is the MIDI note number (an integer from 0 to 127)? Reply with ONLY the integer. Nothing else. Output only the answer.,"This audio contains a single musical note. What is the note name and octave? Reply with ONLY the note name in Scientific Pitch Notation (e.g. C4, F#3, Bb5). Nothing else. Output only the answer.","This audio contains a single musical note. What is the solfege syllable and accidental (if needed) of this pitch? Use fixed-do (do=C, re=D, mi=E, fa=F, sol=G, la=A, si=B). Include sharps or flats when needed (e.g. do#, reb, fa#, sib). Do NOT include the octave. Reply with ONLY the syllable and accidental (if needed). Nothing else. Output only the answer.","This audio contains a single musical note. What is the main pitch frequency, expressed in Hertz? Reply with ONLY a number (the frequency in Hz). Nothing else. Output only the answer."
60000,flute,instrument,38,50,0,0,1,0,D2,D2,1,1,1,re,sol,0,0,1,50,D2,sol,55,data/analysis_audio/pitchbench_a3_single_pitch_by_duration/D2_flute_60000ms.wav,D2_flute_60000ms.wav,This audio contains a single musical note. What is the MIDI note number (an integer from 0 to 127)? Reply with ONLY the integer. Nothing else. Output only the answer.,"This audio contains a single musical note. What is the note name and octave? Reply with ONLY the note name in Scientific Pitch Notation (e.g. C4, F#3, Bb5). Nothing else. Output only the answer.","This audio contains a single musical note. What is the solfege syllable and accidental (if needed) of this pitch? Use fixed-do (do=C, re=D, mi=E, fa=F, sol=G, la=A, si=B). Include sharps or flats when needed (e.g. do#, reb, fa#, sib). Do NOT include the octave. Reply with ONLY the syllable and accidental (if needed). Nothing else. Output only the answer.","This audio contains a single musical note. What is the main pitch frequency, expressed in Hertz? Reply with ONLY a number (the frequency in Hz). Nothing else. Output only the answer."
50,flute,instrument,47,60,0,0,0,0,B2,C2,0,0,1,si,sol#,0,0,0,60,C2,sol#,440,data/analysis_audio/pitchbench_a3_single_pitch_by_duration/B2_flute_50ms.wav,B2_flute_50ms.wav,This audio contains a single musical note. What is the MIDI note number (an integer from 0 to 127)? Reply with ONLY the integer. Nothing else. Output only the answer.,"This audio contains a single musical note. What is the note name and octave? Reply with ONLY the note name in Scientific Pitch Notation (e.g. C4, F#3, Bb5). Nothing else. Output only the answer.","This audio contains a single musical note. What is the solfege syllable and accidental (if needed) of this pitch? Use fixed-do (do=C, re=D, mi=E, fa=F, sol=G, la=A, si=B). Include sharps or flats when needed (e.g. do#, reb, fa#, sib). Do NOT include the octave. Reply with ONLY the syllable and accidental (if needed). Nothing else. Output only the answer.","This audio contains a single musical note. What is the main pitch frequency, expressed in Hertz? Reply with ONLY a number (the frequency in Hz). Nothing else. Output only the answer."
250,flute,instrument,47,36,0,0,0,1,B2,A1,0,0,0,si,sol,0,0,0,36,A1,sol,110,data/analysis_audio/pitchbench_a3_single_pitch_by_duration/B2_flute_250ms.wav,B2_flute_250ms.wav,This audio contains a single musical note. What is the MIDI note number (an integer from 0 to 127)? Reply with ONLY the integer. Nothing else. Output only the answer.,"This audio contains a single musical note. What is the note name and octave? Reply with ONLY the note name in Scientific Pitch Notation (e.g. C4, F#3, Bb5). Nothing else. Output only the answer.","This audio contains a single musical note. What is the solfege syllable and accidental (if needed) of this pitch? Use fixed-do (do=C, re=D, mi=E, fa=F, sol=G, la=A, si=B). Include sharps or flats when needed (e.g. do#, reb, fa#, sib). Do NOT include the octave. Reply with ONLY the syllable and accidental (if needed). Nothing else. Output only the answer.","This audio contains a single musical note. What is the main pitch frequency, expressed in Hertz? Reply with ONLY a number (the frequency in Hz). Nothing else. Output only the answer."
1000,flute,instrument,47,47,1,1,1,1,B2,B2,1,1,1,si,sol#,0,0,1,47,B2,sol#,110,data/analysis_audio/pitchbench_a3_single_pitch_by_duration/B2_flute_1000ms.wav,B2_flute_1000ms.wav,This audio contains a single musical note. What is the MIDI note number (an integer from 0 to 127)? Reply with ONLY the integer. Nothing else. Output only the answer.,"This audio contains a single musical note. What is the note name and octave? Reply with ONLY the note name in Scientific Pitch Notation (e.g. C4, F#3, Bb5). Nothing else. Output only the answer.","This audio contains a single musical note. What is the solfege syllable and accidental (if needed) of this pitch? Use fixed-do (do=C, re=D, mi=E, fa=F, sol=G, la=A, si=B). Include sharps or flats when needed (e.g. do#, reb, fa#, sib). Do NOT include the octave. Reply with ONLY the syllable and accidental (if needed). Nothing else. Output only the answer.","This audio contains a single musical note. What is the main pitch frequency, expressed in Hertz? Reply with ONLY a number (the frequency in Hz). Nothing else. Output only the answer."
4000,flute,instrument,47,47,1,1,1,1,B2,B2,1,1,1,si,si,1,0,1,47,B2,si,55,data/analysis_audio/pitchbench_a3_single_pitch_by_duration/B2_flute_4000ms.wav,B2_flute_4000ms.wav,This audio contains a single musical note. What is the MIDI note number (an integer from 0 to 127)? Reply with ONLY the integer. Nothing else. Output only the answer.,"This audio contains a single musical note. What is the note name and octave? Reply with ONLY the note name in Scientific Pitch Notation (e.g. C4, F#3, Bb5). Nothing else. Output only the answer.","This audio contains a single musical note. What is the solfege syllable and accidental (if needed) of this pitch? Use fixed-do (do=C, re=D, mi=E, fa=F, sol=G, la=A, si=B). Include sharps or flats when needed (e.g. do#, reb, fa#, sib). Do NOT include the octave. Reply with ONLY the syllable and accidental (if needed). Nothing else. Output only the answer.","This audio contains a single musical note. What is the main pitch frequency, expressed in Hertz? Reply with ONLY a number (the frequency in Hz). Nothing else. Output only the answer."
15000,flute,instrument,47,59,0,0,1,0,B2,B2,1,1,1,si,sol#,0,0,1,59,B2,sol#,55,data/analysis_audio/pitchbench_a3_single_pitch_by_duration/B2_flute_15000ms.wav,B2_flute_15000ms.wav,This audio contains a single musical note. What is the MIDI note number (an integer from 0 to 127)? Reply with ONLY the integer. Nothing else. Output only the answer.,"This audio contains a single musical note. What is the note name and octave? Reply with ONLY the note name in Scientific Pitch Notation (e.g. C4, F#3, Bb5). Nothing else. Output only the answer.","This audio contains a single musical note. What is the solfege syllable and accidental (if needed) of this pitch? Use fixed-do (do=C, re=D, mi=E, fa=F, sol=G, la=A, si=B). Include sharps or flats when needed (e.g. do#, reb, fa#, sib). Do NOT include the octave. Reply with ONLY the syllable and accidental (if needed). Nothing else. Output only the answer.","This audio contains a single musical note. What is the main pitch frequency, expressed in Hertz? Reply with ONLY a number (the frequency in Hz). Nothing else. Output only the answer."
60000,flute,instrument,47,47,1,1,1,1,B2,B2,1,1,1,si,si,1,0,1,47,B2,si,110,data/analysis_audio/pitchbench_a3_single_pitch_by_duration/B2_flute_60000ms.wav,B2_flute_60000ms.wav,This audio contains a single musical note. What is the MIDI note number (an integer from 0 to 127)? Reply with ONLY the integer. Nothing else. Output only the answer.,"This audio contains a single musical note. What is the note name and octave? Reply with ONLY the note name in Scientific Pitch Notation (e.g. C4, F#3, Bb5). Nothing else. Output only the answer.","This audio contains a single musical note. What is the solfege syllable and accidental (if needed) of this pitch? Use fixed-do (do=C, re=D, mi=E, fa=F, sol=G, la=A, si=B). Include sharps or flats when needed (e.g. do#, reb, fa#, sib). Do NOT include the octave. Reply with ONLY the syllable and accidental (if needed). Nothing else. Output only the answer.","This audio contains a single musical note. What is the main pitch frequency, expressed in Hertz? Reply with ONLY a number (the frequency in Hz). Nothing else. Output only the answer."
50,flute,instrument,56,60,0,0,0,0,G#3,C3,0,0,1,sol#,sol#,1,0,0,60,C3,sol#,440,data/analysis_audio/pitchbench_a3_single_pitch_by_duration/Gs3_flute_50ms.wav,Gs3_flute_50ms.wav,This audio contains a single musical note. What is the MIDI note number (an integer from 0 to 127)? Reply with ONLY the integer. Nothing else. Output only the answer.,"This audio contains a single musical note. What is the note name and octave? Reply with ONLY the note name in Scientific Pitch Notation (e.g. C4, F#3, Bb5). Nothing else. Output only the answer.","This audio contains a single musical note. What is the solfege syllable and accidental (if needed) of this pitch? Use fixed-do (do=C, re=D, mi=E, fa=F, sol=G, la=A, si=B). Include sharps or flats when needed (e.g. do#, reb, fa#, sib). Do NOT include the octave. Reply with ONLY the syllable and accidental (if needed). Nothing else. Output only the answer.","This audio contains a single musical note. What is the main pitch frequency, expressed in Hertz? Reply with ONLY a number (the frequency in Hz). Nothing else. Output only the answer."
250,flute,instrument,56,60,0,0,0,0,G#3,A3,0,0,1,sol#,sol,0,0,0,60,A3,sol,261.63,data/analysis_audio/pitchbench_a3_single_pitch_by_duration/Gs3_flute_250ms.wav,Gs3_flute_250ms.wav,This audio contains a single musical note. What is the MIDI note number (an integer from 0 to 127)? Reply with ONLY the integer. Nothing else. Output only the answer.,"This audio contains a single musical note. What is the note name and octave? Reply with ONLY the note name in Scientific Pitch Notation (e.g. C4, F#3, Bb5). Nothing else. Output only the answer.","This audio contains a single musical note. What is the solfege syllable and accidental (if needed) of this pitch? Use fixed-do (do=C, re=D, mi=E, fa=F, sol=G, la=A, si=B). Include sharps or flats when needed (e.g. do#, reb, fa#, sib). Do NOT include the octave. Reply with ONLY the syllable and accidental (if needed). Nothing else. Output only the answer.","This audio contains a single musical note. What is the main pitch frequency, expressed in Hertz? Reply with ONLY a number (the frequency in Hz). Nothing else. Output only the answer."
1000,flute,instrument,56,52,0,0,0,1,G#3,A3,0,0,1,sol#,sol,0,0,0,52,A3,sol,261.63,data/analysis_audio/pitchbench_a3_single_pitch_by_duration/Gs3_flute_1000ms.wav,Gs3_flute_1000ms.wav,This audio contains a single musical note. What is the MIDI note number (an integer from 0 to 127)? Reply with ONLY the integer. Nothing else. Output only the answer.,"This audio contains a single musical note. What is the note name and octave? Reply with ONLY the note name in Scientific Pitch Notation (e.g. C4, F#3, Bb5). Nothing else. Output only the answer.","This audio contains a single musical note. What is the solfege syllable and accidental (if needed) of this pitch? Use fixed-do (do=C, re=D, mi=E, fa=F, sol=G, la=A, si=B). Include sharps or flats when needed (e.g. do#, reb, fa#, sib). Do NOT include the octave. Reply with ONLY the syllable and accidental (if needed). Nothing else. Output only the answer.","This audio contains a single musical note. What is the main pitch frequency, expressed in Hertz? Reply with ONLY a number (the frequency in Hz). Nothing else. Output only the answer."
4000,flute,instrument,56,53,0,0,0,1,G#3,G#3,1,1,1,sol#,sol#,1,0,1,53,G#3,sol#,440,data/analysis_audio/pitchbench_a3_single_pitch_by_duration/Gs3_flute_4000ms.wav,Gs3_flute_4000ms.wav,This audio contains a single musical note. What is the MIDI note number (an integer from 0 to 127)? Reply with ONLY the integer. Nothing else. Output only the answer.,"This audio contains a single musical note. What is the note name and octave? Reply with ONLY the note name in Scientific Pitch Notation (e.g. C4, F#3, Bb5). Nothing else. Output only the answer.","This audio contains a single musical note. What is the solfege syllable and accidental (if needed) of this pitch? Use fixed-do (do=C, re=D, mi=E, fa=F, sol=G, la=A, si=B). Include sharps or flats when needed (e.g. do#, reb, fa#, sib). Do NOT include the octave. Reply with ONLY the syllable and accidental (if needed). Nothing else. Output only the answer.","This audio contains a single musical note. What is the main pitch frequency, expressed in Hertz? Reply with ONLY a number (the frequency in Hz). Nothing else. Output only the answer."
15000,flute,instrument,56,64,0,0,0,0,G#3,G#3,1,1,1,sol#,sol,0,0,1,64,G#3,sol,220,data/analysis_audio/pitchbench_a3_single_pitch_by_duration/Gs3_flute_15000ms.wav,Gs3_flute_15000ms.wav,This audio contains a single musical note. What is the MIDI note number (an integer from 0 to 127)? Reply with ONLY the integer. Nothing else. Output only the answer.,"This audio contains a single musical note. What is the note name and octave? Reply with ONLY the note name in Scientific Pitch Notation (e.g. C4, F#3, Bb5). Nothing else. Output only the answer.","This audio contains a single musical note. What is the solfege syllable and accidental (if needed) of this pitch? Use fixed-do (do=C, re=D, mi=E, fa=F, sol=G, la=A, si=B). Include sharps or flats when needed (e.g. do#, reb, fa#, sib). Do NOT include the octave. Reply with ONLY the syllable and accidental (if needed). Nothing else. Output only the answer.","This audio contains a single musical note. What is the main pitch frequency, expressed in Hertz? Reply with ONLY a number (the frequency in Hz). Nothing else. Output only the answer."
60000,flute,instrument,56,56,1,1,1,1,G#3,G#3,1,1,1,sol#,sol,0,0,1,56,G#3,sol,220,data/analysis_audio/pitchbench_a3_single_pitch_by_duration/Gs3_flute_60000ms.wav,Gs3_flute_60000ms.wav,This audio contains a single musical note. What is the MIDI note number (an integer from 0 to 127)? Reply with ONLY the integer. Nothing else. Output only the answer.,"This audio contains a single musical note. What is the note name and octave? Reply with ONLY the note name in Scientific Pitch Notation (e.g. C4, F#3, Bb5). Nothing else. Output only the answer.","This audio contains a single musical note. What is the solfege syllable and accidental (if needed) of this pitch? Use fixed-do (do=C, re=D, mi=E, fa=F, sol=G, la=A, si=B). Include sharps or flats when needed (e.g. do#, reb, fa#, sib). Do NOT include the octave. Reply with ONLY the syllable and accidental (if needed). Nothing else. Output only the answer.","This audio contains a single musical note. What is the main pitch frequency, expressed in Hertz? Reply with ONLY a number (the frequency in Hz). Nothing else. Output only the answer."
50,flute,instrument,65,69,0,0,0,1,F4,C5,0,0,0,fa,sol#,0,0,0,69,C5,sol#,440,data/analysis_audio/pitchbench_a3_single_pitch_by_duration/F4_flute_50ms.wav,F4_flute_50ms.wav,This audio contains a single musical note. What is the MIDI note number (an integer from 0 to 127)? Reply with ONLY the integer. Nothing else. Output only the answer.,"This audio contains a single musical note. What is the note name and octave? Reply with ONLY the note name in Scientific Pitch Notation (e.g. C4, F#3, Bb5). Nothing else. Output only the answer.","This audio contains a single musical note. What is the solfege syllable and accidental (if needed) of this pitch? Use fixed-do (do=C, re=D, mi=E, fa=F, sol=G, la=A, si=B). Include sharps or flats when needed (e.g. do#, reb, fa#, sib). Do NOT include the octave. Reply with ONLY the syllable and accidental (if needed). Nothing else. Output only the answer.","This audio contains a single musical note. What is the main pitch frequency, expressed in Hertz? Reply with ONLY a number (the frequency in Hz). Nothing else. Output only the answer."
250,flute,instrument,65,69,0,0,0,1,F4,F4,1,1,1,fa,fa,1,0,1,69,F4,fa,440,data/analysis_audio/pitchbench_a3_single_pitch_by_duration/F4_flute_250ms.wav,F4_flute_250ms.wav,This audio contains a single musical note. What is the MIDI note number (an integer from 0 to 127)? Reply with ONLY the integer. Nothing else. Output only the answer.,"This audio contains a single musical note. What is the note name and octave? Reply with ONLY the note name in Scientific Pitch Notation (e.g. C4, F#3, Bb5). Nothing else. Output only the answer.","This audio contains a single musical note. What is the solfege syllable and accidental (if needed) of this pitch? Use fixed-do (do=C, re=D, mi=E, fa=F, sol=G, la=A, si=B). Include sharps or flats when needed (e.g. do#, reb, fa#, sib). Do NOT include the octave. Reply with ONLY the syllable and accidental (if needed). Nothing else. Output only the answer.","This audio contains a single musical note. What is the main pitch frequency, expressed in Hertz? Reply with ONLY a number (the frequency in Hz). Nothing else. Output only the answer."
1000,flute,instrument,65,69,0,0,0,1,F4,F4,1,1,1,fa,fa#,0,0,1,69,F4,fa#,440,data/analysis_audio/pitchbench_a3_single_pitch_by_duration/F4_flute_1000ms.wav,F4_flute_1000ms.wav,This audio contains a single musical note. What is the MIDI note number (an integer from 0 to 127)? Reply with ONLY the integer. Nothing else. Output only the answer.,"This audio contains a single musical note. What is the note name and octave? Reply with ONLY the note name in Scientific Pitch Notation (e.g. C4, F#3, Bb5). Nothing else. Output only the answer.","This audio contains a single musical note. What is the solfege syllable and accidental (if needed) of this pitch? Use fixed-do (do=C, re=D, mi=E, fa=F, sol=G, la=A, si=B). Include sharps or flats when needed (e.g. do#, reb, fa#, sib). Do NOT include the octave. Reply with ONLY the syllable and accidental (if needed). Nothing else. Output only the answer.","This audio contains a single musical note. What is the main pitch frequency, expressed in Hertz? Reply with ONLY a number (the frequency in Hz). Nothing else. Output only the answer."
4000,flute,instrument,65,69,0,0,0,1,F4,F5,0,1,0,fa,fa,1,0,0,69,F5,fa,440,data/analysis_audio/pitchbench_a3_single_pitch_by_duration/F4_flute_4000ms.wav,F4_flute_4000ms.wav,This audio contains a single musical note. What is the MIDI note number (an integer from 0 to 127)? Reply with ONLY the integer. Nothing else. Output only the answer.,"This audio contains a single musical note. What is the note name and octave? Reply with ONLY the note name in Scientific Pitch Notation (e.g. C4, F#3, Bb5). Nothing else. Output only the answer.","This audio contains a single musical note. What is the solfege syllable and accidental (if needed) of this pitch? Use fixed-do (do=C, re=D, mi=E, fa=F, sol=G, la=A, si=B). Include sharps or flats when needed (e.g. do#, reb, fa#, sib). Do NOT include the octave. Reply with ONLY the syllable and accidental (if needed). Nothing else. Output only the answer.","This audio contains a single musical note. What is the main pitch frequency, expressed in Hertz? Reply with ONLY a number (the frequency in Hz). Nothing else. Output only the answer."
15000,flute,instrument,65,72,0,0,0,0,F4,F4,1,1,1,fa,fa,1,0,1,72,F4,fa,440,data/analysis_audio/pitchbench_a3_single_pitch_by_duration/F4_flute_15000ms.wav,F4_flute_15000ms.wav,This audio contains a single musical note. What is the MIDI note number (an integer from 0 to 127)? Reply with ONLY the integer. Nothing else. Output only the answer.,"This audio contains a single musical note. What is the note name and octave? Reply with ONLY the note name in Scientific Pitch Notation (e.g. C4, F#3, Bb5). Nothing else. Output only the answer.","This audio contains a single musical note. What is the solfege syllable and accidental (if needed) of this pitch? Use fixed-do (do=C, re=D, mi=E, fa=F, sol=G, la=A, si=B). Include sharps or flats when needed (e.g. do#, reb, fa#, sib). Do NOT include the octave. Reply with ONLY the syllable and accidental (if needed). Nothing else. Output only the answer.","This audio contains a single musical note. What is the main pitch frequency, expressed in Hertz? Reply with ONLY a number (the frequency in Hz). Nothing else. Output only the answer."
60000,flute,instrument,65,69,0,0,0,1,F4,F4,1,1,1,fa,fa,1,0,1,69,F4,fa,440,data/analysis_audio/pitchbench_a3_single_pitch_by_duration/F4_flute_60000ms.wav,F4_flute_60000ms.wav,This audio contains a single musical note. What is the MIDI note number (an integer from 0 to 127)? Reply with ONLY the integer. Nothing else. Output only the answer.,"This audio contains a single musical note. What is the note name and octave? Reply with ONLY the note name in Scientific Pitch Notation (e.g. C4, F#3, Bb5). Nothing else. Output only the answer.","This audio contains a single musical note. What is the solfege syllable and accidental (if needed) of this pitch? Use fixed-do (do=C, re=D, mi=E, fa=F, sol=G, la=A, si=B). Include sharps or flats when needed (e.g. do#, reb, fa#, sib). Do NOT include the octave. Reply with ONLY the syllable and accidental (if needed). Nothing else. Output only the answer.","This audio contains a single musical note. What is the main pitch frequency, expressed in Hertz? Reply with ONLY a number (the frequency in Hz). Nothing else. Output only the answer."
50,flute,instrument,74,69,0,0,0,0,D5,E6,0,0,0,re,sol#,0,0,0,69,E6,sol#,440,data/analysis_audio/pitchbench_a3_single_pitch_by_duration/D5_flute_50ms.wav,D5_flute_50ms.wav,This audio contains a single musical note. What is the MIDI note number (an integer from 0 to 127)? Reply with ONLY the integer. Nothing else. Output only the answer.,"This audio contains a single musical note. What is the note name and octave? Reply with ONLY the note name in Scientific Pitch Notation (e.g. C4, F#3, Bb5). Nothing else. Output only the answer.","This audio contains a single musical note. What is the solfege syllable and accidental (if needed) of this pitch? Use fixed-do (do=C, re=D, mi=E, fa=F, sol=G, la=A, si=B). Include sharps or flats when needed (e.g. do#, reb, fa#, sib). Do NOT include the octave. Reply with ONLY the syllable and accidental (if needed). Nothing else. Output only the answer.","This audio contains a single musical note. What is the main pitch frequency, expressed in Hertz? Reply with ONLY a number (the frequency in Hz). Nothing else. Output only the answer."
250,flute,instrument,74,69,0,0,0,0,D5,C6,0,0,0,re,fa#,0,0,0,69,C6,fa#,261.63,data/analysis_audio/pitchbench_a3_single_pitch_by_duration/D5_flute_250ms.wav,D5_flute_250ms.wav,This audio contains a single musical note. What is the MIDI note number (an integer from 0 to 127)? Reply with ONLY the integer. Nothing else. Output only the answer.,"This audio contains a single musical note. What is the note name and octave? Reply with ONLY the note name in Scientific Pitch Notation (e.g. C4, F#3, Bb5). Nothing else. Output only the answer.","This audio contains a single musical note. What is the solfege syllable and accidental (if needed) of this pitch? Use fixed-do (do=C, re=D, mi=E, fa=F, sol=G, la=A, si=B). Include sharps or flats when needed (e.g. do#, reb, fa#, sib). Do NOT include the octave. Reply with ONLY the syllable and accidental (if needed). Nothing else. Output only the answer.","This audio contains a single musical note. What is the main pitch frequency, expressed in Hertz? Reply with ONLY a number (the frequency in Hz). Nothing else. Output only the answer."
1000,flute,instrument,74,84,0,0,0,0,D5,D5,1,1,1,re,si,0,0,1,84,D5,si,440,data/analysis_audio/pitchbench_a3_single_pitch_by_duration/D5_flute_1000ms.wav,D5_flute_1000ms.wav,This audio contains a single musical note. What is the MIDI note number (an integer from 0 to 127)? Reply with ONLY the integer. Nothing else. Output only the answer.,"This audio contains a single musical note. What is the note name and octave? Reply with ONLY the note name in Scientific Pitch Notation (e.g. C4, F#3, Bb5). Nothing else. Output only the answer.","This audio contains a single musical note. What is the solfege syllable and accidental (if needed) of this pitch? Use fixed-do (do=C, re=D, mi=E, fa=F, sol=G, la=A, si=B). Include sharps or flats when needed (e.g. do#, reb, fa#, sib). Do NOT include the octave. Reply with ONLY the syllable and accidental (if needed). Nothing else. Output only the answer.","This audio contains a single musical note. What is the main pitch frequency, expressed in Hertz? Reply with ONLY a number (the frequency in Hz). Nothing else. Output only the answer."
4000,flute,instrument,74,81,0,0,0,1,D5,D5,1,1,1,re,sol#,0,0,1,81,D5,sol#,523.25,data/analysis_audio/pitchbench_a3_single_pitch_by_duration/D5_flute_4000ms.wav,D5_flute_4000ms.wav,This audio contains a single musical note. What is the MIDI note number (an integer from 0 to 127)? Reply with ONLY the integer. Nothing else. Output only the answer.,"This audio contains a single musical note. What is the note name and octave? Reply with ONLY the note name in Scientific Pitch Notation (e.g. C4, F#3, Bb5). Nothing else. Output only the answer.","This audio contains a single musical note. What is the solfege syllable and accidental (if needed) of this pitch? Use fixed-do (do=C, re=D, mi=E, fa=F, sol=G, la=A, si=B). Include sharps or flats when needed (e.g. do#, reb, fa#, sib). Do NOT include the octave. Reply with ONLY the syllable and accidental (if needed). Nothing else. Output only the answer.","This audio contains a single musical note. What is the main pitch frequency, expressed in Hertz? Reply with ONLY a number (the frequency in Hz). Nothing else. Output only the answer."
15000,flute,instrument,74,76,0,0,0,1,D5,D5,1,1,1,re,si,0,0,1,76,D5,si,523.25,data/analysis_audio/pitchbench_a3_single_pitch_by_duration/D5_flute_15000ms.wav,D5_flute_15000ms.wav,This audio contains a single musical note. What is the MIDI note number (an integer from 0 to 127)? Reply with ONLY the integer. Nothing else. Output only the answer.,"This audio contains a single musical note. What is the note name and octave? Reply with ONLY the note name in Scientific Pitch Notation (e.g. C4, F#3, Bb5). Nothing else. Output only the answer.","This audio contains a single musical note. What is the solfege syllable and accidental (if needed) of this pitch? Use fixed-do (do=C, re=D, mi=E, fa=F, sol=G, la=A, si=B). Include sharps or flats when needed (e.g. do#, reb, fa#, sib). Do NOT include the octave. Reply with ONLY the syllable and accidental (if needed). Nothing else. Output only the answer.","This audio contains a single musical note. What is the main pitch frequency, expressed in Hertz? Reply with ONLY a number (the frequency in Hz). Nothing else. Output only the answer."
60000,flute,instrument,74,76,0,0,0,1,D5,D5,1,1,1,re,si,0,0,1,76,D5,si,440,data/analysis_audio/pitchbench_a3_single_pitch_by_duration/D5_flute_60000ms.wav,D5_flute_60000ms.wav,This audio contains a single musical note. What is the MIDI note number (an integer from 0 to 127)? Reply with ONLY the integer. Nothing else. Output only the answer.,"This audio contains a single musical note. What is the note name and octave? Reply with ONLY the note name in Scientific Pitch Notation (e.g. C4, F#3, Bb5). Nothing else. Output only the answer.","This audio contains a single musical note. What is the solfege syllable and accidental (if needed) of this pitch? Use fixed-do (do=C, re=D, mi=E, fa=F, sol=G, la=A, si=B). Include sharps or flats when needed (e.g. do#, reb, fa#, sib). Do NOT include the octave. Reply with ONLY the syllable and accidental (if needed). Nothing else. Output only the answer.","This audio contains a single musical note. What is the main pitch frequency, expressed in Hertz? Reply with ONLY a number (the frequency in Hz). Nothing else. Output only the answer."
50,flute,instrument,83,69,0,0,0,0,B5,C6,0,0,0,si,sol#,0,0,0,69,C6,sol#,440,data/analysis_audio/pitchbench_a3_single_pitch_by_duration/B5_flute_50ms.wav,B5_flute_50ms.wav,This audio contains a single musical note. What is the MIDI note number (an integer from 0 to 127)? Reply with ONLY the integer. Nothing else. Output only the answer.,"This audio contains a single musical note. What is the note name and octave? Reply with ONLY the note name in Scientific Pitch Notation (e.g. C4, F#3, Bb5). Nothing else. Output only the answer.","This audio contains a single musical note. What is the solfege syllable and accidental (if needed) of this pitch? Use fixed-do (do=C, re=D, mi=E, fa=F, sol=G, la=A, si=B). Include sharps or flats when needed (e.g. do#, reb, fa#, sib). Do NOT include the octave. Reply with ONLY the syllable and accidental (if needed). Nothing else. Output only the answer.","This audio contains a single musical note. What is the main pitch frequency, expressed in Hertz? Reply with ONLY a number (the frequency in Hz). Nothing else. Output only the answer."
250,flute,instrument,83,93,0,0,0,0,B5,B5,1,1,1,si,sol#,0,0,1,93,B5,sol#,880,data/analysis_audio/pitchbench_a3_single_pitch_by_duration/B5_flute_250ms.wav,B5_flute_250ms.wav,This audio contains a single musical note. What is the MIDI note number (an integer from 0 to 127)? Reply with ONLY the integer. Nothing else. Output only the answer.,"This audio contains a single musical note. What is the note name and octave? Reply with ONLY the note name in Scientific Pitch Notation (e.g. C4, F#3, Bb5). Nothing else. Output only the answer.","This audio contains a single musical note. What is the solfege syllable and accidental (if needed) of this pitch? Use fixed-do (do=C, re=D, mi=E, fa=F, sol=G, la=A, si=B). Include sharps or flats when needed (e.g. do#, reb, fa#, sib). Do NOT include the octave. Reply with ONLY the syllable and accidental (if needed). Nothing else. Output only the answer.","This audio contains a single musical note. What is the main pitch frequency, expressed in Hertz? Reply with ONLY a number (the frequency in Hz). Nothing else. Output only the answer."
1000,flute,instrument,83,95,0,0,1,0,B5,B5,1,1,1,si,sol#,0,0,1,95,B5,sol#,1046.5,data/analysis_audio/pitchbench_a3_single_pitch_by_duration/B5_flute_1000ms.wav,B5_flute_1000ms.wav,This audio contains a single musical note. What is the MIDI note number (an integer from 0 to 127)? Reply with ONLY the integer. Nothing else. Output only the answer.,"This audio contains a single musical note. What is the note name and octave? Reply with ONLY the note name in Scientific Pitch Notation (e.g. C4, F#3, Bb5). Nothing else. Output only the answer.","This audio contains a single musical note. What is the solfege syllable and accidental (if needed) of this pitch? Use fixed-do (do=C, re=D, mi=E, fa=F, sol=G, la=A, si=B). Include sharps or flats when needed (e.g. do#, reb, fa#, sib). Do NOT include the octave. Reply with ONLY the syllable and accidental (if needed). Nothing else. Output only the answer.","This audio contains a single musical note. What is the main pitch frequency, expressed in Hertz? Reply with ONLY a number (the frequency in Hz). Nothing else. Output only the answer."
4000,flute,instrument,83,95,0,0,1,0,B5,B5,1,1,1,si,sol#,0,0,1,95,B5,sol#,1046.5,data/analysis_audio/pitchbench_a3_single_pitch_by_duration/B5_flute_4000ms.wav,B5_flute_4000ms.wav,This audio contains a single musical note. What is the MIDI note number (an integer from 0 to 127)? Reply with ONLY the integer. Nothing else. Output only the answer.,"This audio contains a single musical note. What is the note name and octave? Reply with ONLY the note name in Scientific Pitch Notation (e.g. C4, F#3, Bb5). Nothing else. Output only the answer.","This audio contains a single musical note. What is the solfege syllable and accidental (if needed) of this pitch? Use fixed-do (do=C, re=D, mi=E, fa=F, sol=G, la=A, si=B). Include sharps or flats when needed (e.g. do#, reb, fa#, sib). Do NOT include the octave. Reply with ONLY the syllable and accidental (if needed). Nothing else. Output only the answer.","This audio contains a single musical note. What is the main pitch frequency, expressed in Hertz? Reply with ONLY a number (the frequency in Hz). Nothing else. Output only the answer."
15000,flute,instrument,83,95,0,0,1,0,B5,B5,1,1,1,si,do,0,0,1,95,B5,si#,1046.5,data/analysis_audio/pitchbench_a3_single_pitch_by_duration/B5_flute_15000ms.wav,B5_flute_15000ms.wav,This audio contains a single musical note. What is the MIDI note number (an integer from 0 to 127)? Reply with ONLY the integer. Nothing else. Output only the answer.,"This audio contains a single musical note. What is the note name and octave? Reply with ONLY the note name in Scientific Pitch Notation (e.g. C4, F#3, Bb5). Nothing else. Output only the answer.","This audio contains a single musical note. What is the solfege syllable and accidental (if needed) of this pitch? Use fixed-do (do=C, re=D, mi=E, fa=F, sol=G, la=A, si=B). Include sharps or flats when needed (e.g. do#, reb, fa#, sib). Do NOT include the octave. Reply with ONLY the syllable and accidental (if needed). Nothing else. Output only the answer.","This audio contains a single musical note. What is the main pitch frequency, expressed in Hertz? Reply with ONLY a number (the frequency in Hz). Nothing else. Output only the answer."
60000,flute,instrument,83,84,0,1,0,0,B5,B5,1,1,1,si,do,0,0,1,84,B5,si#,1000,data/analysis_audio/pitchbench_a3_single_pitch_by_duration/B5_flute_60000ms.wav,B5_flute_60000ms.wav,This audio contains a single musical note. What is the MIDI note number (an integer from 0 to 127)? Reply with ONLY the integer. Nothing else. Output only the answer.,"This audio contains a single musical note. What is the note name and octave? Reply with ONLY the note name in Scientific Pitch Notation (e.g. C4, F#3, Bb5). Nothing else. Output only the answer.","This audio contains a single musical note. What is the solfege syllable and accidental (if needed) of this pitch? Use fixed-do (do=C, re=D, mi=E, fa=F, sol=G, la=A, si=B). Include sharps or flats when needed (e.g. do#, reb, fa#, sib). Do NOT include the octave. Reply with ONLY the syllable and accidental (if needed). Nothing else. Output only the answer.","This audio contains a single musical note. What is the main pitch frequency, expressed in Hertz? Reply with ONLY a number (the frequency in Hz). Nothing else. Output only the answer."
50,piano,instrument,29,109,0,0,0,0,F1,A5,0,0,0,fa,fa#,0,0,0,109,A5,fa#,261.63,data/analysis_audio/pitchbench_a3_single_pitch_by_duration/F1_piano_50ms.wav,F1_piano_50ms.wav,This audio contains a single musical note. What is the MIDI note number (an integer from 0 to 127)? Reply with ONLY the integer. Nothing else. Output only the answer.,"This audio contains a single musical note. What is the note name and octave? Reply with ONLY the note name in Scientific Pitch Notation (e.g. C4, F#3, Bb5). Nothing else. Output only the answer.","This audio contains a single musical note. What is the solfege syllable and accidental (if needed) of this pitch? Use fixed-do (do=C, re=D, mi=E, fa=F, sol=G, la=A, si=B). Include sharps or flats when needed (e.g. do#, reb, fa#, sib). Do NOT include the octave. Reply with ONLY the syllable and accidental (if needed). Nothing else. Output only the answer.","This audio contains a single musical note. What is the main pitch frequency, expressed in Hertz? Reply with ONLY a number (the frequency in Hz). Nothing else. Output only the answer."
250,piano,instrument,29,45,0,0,0,0,F1,E1,0,0,1,fa,sol#,0,0,0,45,E1,sol#,55,data/analysis_audio/pitchbench_a3_single_pitch_by_duration/F1_piano_250ms.wav,F1_piano_250ms.wav,This audio contains a single musical note. What is the MIDI note number (an integer from 0 to 127)? Reply with ONLY the integer. Nothing else. Output only the answer.,"This audio contains a single musical note. What is the note name and octave? Reply with ONLY the note name in Scientific Pitch Notation (e.g. C4, F#3, Bb5). Nothing else. Output only the answer.","This audio contains a single musical note. What is the solfege syllable and accidental (if needed) of this pitch? Use fixed-do (do=C, re=D, mi=E, fa=F, sol=G, la=A, si=B). Include sharps or flats when needed (e.g. do#, reb, fa#, sib). Do NOT include the octave. Reply with ONLY the syllable and accidental (if needed). Nothing else. Output only the answer.","This audio contains a single musical note. What is the main pitch frequency, expressed in Hertz? Reply with ONLY a number (the frequency in Hz). Nothing else. Output only the answer."
1000,piano,instrument,29,28,0,1,0,1,F1,F1,1,1,1,fa,fa#,0,0,1,28,F1,fa#,55,data/analysis_audio/pitchbench_a3_single_pitch_by_duration/F1_piano_1000ms.wav,F1_piano_1000ms.wav,This audio contains a single musical note. What is the MIDI note number (an integer from 0 to 127)? Reply with ONLY the integer. Nothing else. Output only the answer.,"This audio contains a single musical note. What is the note name and octave? Reply with ONLY the note name in Scientific Pitch Notation (e.g. C4, F#3, Bb5). Nothing else. Output only the answer.","This audio contains a single musical note. What is the solfege syllable and accidental (if needed) of this pitch? Use fixed-do (do=C, re=D, mi=E, fa=F, sol=G, la=A, si=B). Include sharps or flats when needed (e.g. do#, reb, fa#, sib). Do NOT include the octave. Reply with ONLY the syllable and accidental (if needed). Nothing else. Output only the answer.","This audio contains a single musical note. What is the main pitch frequency, expressed in Hertz? Reply with ONLY a number (the frequency in Hz). Nothing else. Output only the answer."
4000,piano,instrument,29,28,0,1,0,1,F1,F1,1,1,1,fa,sol#,0,0,1,28,F1,sol#,27.5,data/analysis_audio/pitchbench_a3_single_pitch_by_duration/F1_piano_4000ms.wav,F1_piano_4000ms.wav,This audio contains a single musical note. What is the MIDI note number (an integer from 0 to 127)? Reply with ONLY the integer. Nothing else. Output only the answer.,"This audio contains a single musical note. What is the note name and octave? Reply with ONLY the note name in Scientific Pitch Notation (e.g. C4, F#3, Bb5). Nothing else. Output only the answer.","This audio contains a single musical note. What is the solfege syllable and accidental (if needed) of this pitch? Use fixed-do (do=C, re=D, mi=E, fa=F, sol=G, la=A, si=B). Include sharps or flats when needed (e.g. do#, reb, fa#, sib). Do NOT include the octave. Reply with ONLY the syllable and accidental (if needed). Nothing else. Output only the answer.","This audio contains a single musical note. What is the main pitch frequency, expressed in Hertz? Reply with ONLY a number (the frequency in Hz). Nothing else. Output only the answer."
15000,piano,instrument,29,28,0,1,0,1,F1,F1,1,1,1,fa,fa#,0,0,1,28,F1,fa#,27.5,data/analysis_audio/pitchbench_a3_single_pitch_by_duration/F1_piano_15000ms.wav,F1_piano_15000ms.wav,This audio contains a single musical note. What is the MIDI note number (an integer from 0 to 127)? Reply with ONLY the integer. Nothing else. Output only the answer.,"This audio contains a single musical note. What is the note name and octave? Reply with ONLY the note name in Scientific Pitch Notation (e.g. C4, F#3, Bb5). Nothing else. Output only the answer.","This audio contains a single musical note. What is the solfege syllable and accidental (if needed) of this pitch? Use fixed-do (do=C, re=D, mi=E, fa=F, sol=G, la=A, si=B). Include sharps or flats when needed (e.g. do#, reb, fa#, sib). Do NOT include the octave. Reply with ONLY the syllable and accidental (if needed). Nothing else. Output only the answer.","This audio contains a single musical note. What is the main pitch frequency, expressed in Hertz? Reply with ONLY a number (the frequency in Hz). Nothing else. Output only the answer."
60000,piano,instrument,29,25,0,0,0,1,F1,F1,1,1,1,fa,sol#,0,0,1,25,F1,sol#,27.5,data/analysis_audio/pitchbench_a3_single_pitch_by_duration/F1_piano_60000ms.wav,F1_piano_60000ms.wav,This audio contains a single musical note. What is the MIDI note number (an integer from 0 to 127)? Reply with ONLY the integer. Nothing else. Output only the answer.,"This audio contains a single musical note. What is the note name and octave? Reply with ONLY the note name in Scientific Pitch Notation (e.g. C4, F#3, Bb5). Nothing else. Output only the answer.","This audio contains a single musical note. What is the solfege syllable and accidental (if needed) of this pitch? Use fixed-do (do=C, re=D, mi=E, fa=F, sol=G, la=A, si=B). Include sharps or flats when needed (e.g. do#, reb, fa#, sib). Do NOT include the octave. Reply with ONLY the syllable and accidental (if needed). Nothing else. Output only the answer.","This audio contains a single musical note. What is the main pitch frequency, expressed in Hertz? Reply with ONLY a number (the frequency in Hz). Nothing else. Output only the answer."
50,piano,instrument,38,69,0,0,0,0,D2,E1,0,0,0,re,sol#,0,0,0,69,E1,sol#,261.63,data/analysis_audio/pitchbench_a3_single_pitch_by_duration/D2_piano_50ms.wav,D2_piano_50ms.wav,This audio contains a single musical note. What is the MIDI note number (an integer from 0 to 127)? Reply with ONLY the integer. Nothing else. Output only the answer.,"This audio contains a single musical note. What is the note name and octave? Reply with ONLY the note name in Scientific Pitch Notation (e.g. C4, F#3, Bb5). Nothing else. Output only the answer.","This audio contains a single musical note. What is the solfege syllable and accidental (if needed) of this pitch? Use fixed-do (do=C, re=D, mi=E, fa=F, sol=G, la=A, si=B). Include sharps or flats when needed (e.g. do#, reb, fa#, sib). Do NOT include the octave. Reply with ONLY the syllable and accidental (if needed). Nothing else. Output only the answer.","This audio contains a single musical note. What is the main pitch frequency, expressed in Hertz? Reply with ONLY a number (the frequency in Hz). Nothing else. Output only the answer."
250,piano,instrument,38,48,0,0,0,0,D2,C1,0,0,0,re,sol#,0,0,0,48,C1,sol#,55,data/analysis_audio/pitchbench_a3_single_pitch_by_duration/D2_piano_250ms.wav,D2_piano_250ms.wav,This audio contains a single musical note. What is the MIDI note number (an integer from 0 to 127)? Reply with ONLY the integer. Nothing else. Output only the answer.,"This audio contains a single musical note. What is the note name and octave? Reply with ONLY the note name in Scientific Pitch Notation (e.g. C4, F#3, Bb5). Nothing else. Output only the answer.","This audio contains a single musical note. What is the solfege syllable and accidental (if needed) of this pitch? Use fixed-do (do=C, re=D, mi=E, fa=F, sol=G, la=A, si=B). Include sharps or flats when needed (e.g. do#, reb, fa#, sib). Do NOT include the octave. Reply with ONLY the syllable and accidental (if needed). Nothing else. Output only the answer.","This audio contains a single musical note. What is the main pitch frequency, expressed in Hertz? Reply with ONLY a number (the frequency in Hz). Nothing else. Output only the answer."
1000,piano,instrument,38,36,0,0,0,1,D2,C2,0,0,1,re,fa#,0,0,0,36,C2,fa#,55,data/analysis_audio/pitchbench_a3_single_pitch_by_duration/D2_piano_1000ms.wav,D2_piano_1000ms.wav,This audio contains a single musical note. What is the MIDI note number (an integer from 0 to 127)? Reply with ONLY the integer. Nothing else. Output only the answer.,"This audio contains a single musical note. What is the note name and octave? Reply with ONLY the note name in Scientific Pitch Notation (e.g. C4, F#3, Bb5). Nothing else. Output only the answer.","This audio contains a single musical note. What is the solfege syllable and accidental (if needed) of this pitch? Use fixed-do (do=C, re=D, mi=E, fa=F, sol=G, la=A, si=B). Include sharps or flats when needed (e.g. do#, reb, fa#, sib). Do NOT include the octave. Reply with ONLY the syllable and accidental (if needed). Nothing else. Output only the answer.","This audio contains a single musical note. What is the main pitch frequency, expressed in Hertz? Reply with ONLY a number (the frequency in Hz). Nothing else. Output only the answer."
4000,piano,instrument,38,48,0,0,0,0,D2,D1,0,1,0,re,sol,0,0,0,48,D1,sol,55,data/analysis_audio/pitchbench_a3_single_pitch_by_duration/D2_piano_4000ms.wav,D2_piano_4000ms.wav,This audio contains a single musical note. What is the MIDI note number (an integer from 0 to 127)? Reply with ONLY the integer. Nothing else. Output only the answer.,"This audio contains a single musical note. What is the note name and octave? Reply with ONLY the note name in Scientific Pitch Notation (e.g. C4, F#3, Bb5). Nothing else. Output only the answer.","This audio contains a single musical note. What is the solfege syllable and accidental (if needed) of this pitch? Use fixed-do (do=C, re=D, mi=E, fa=F, sol=G, la=A, si=B). Include sharps or flats when needed (e.g. do#, reb, fa#, sib). Do NOT include the octave. Reply with ONLY the syllable and accidental (if needed). Nothing else. Output only the answer.","This audio contains a single musical note. What is the main pitch frequency, expressed in Hertz? Reply with ONLY a number (the frequency in Hz). Nothing else. Output only the answer."
15000,piano,instrument,38,26,0,0,1,0,D2,D1,0,1,0,re,do,0,0,0,26,D1,do,55,data/analysis_audio/pitchbench_a3_single_pitch_by_duration/D2_piano_15000ms.wav,D2_piano_15000ms.wav,This audio contains a single musical note. What is the MIDI note number (an integer from 0 to 127)? Reply with ONLY the integer. Nothing else. Output only the answer.,"This audio contains a single musical note. What is the note name and octave? Reply with ONLY the note name in Scientific Pitch Notation (e.g. C4, F#3, Bb5). Nothing else. Output only the answer.","This audio contains a single musical note. What is the solfege syllable and accidental (if needed) of this pitch? Use fixed-do (do=C, re=D, mi=E, fa=F, sol=G, la=A, si=B). Include sharps or flats when needed (e.g. do#, reb, fa#, sib). Do NOT include the octave. Reply with ONLY the syllable and accidental (if needed). Nothing else. Output only the answer.","This audio contains a single musical note. What is the main pitch frequency, expressed in Hertz? Reply with ONLY a number (the frequency in Hz). Nothing else. Output only the answer."
60000,piano,instrument,38,27,0,0,0,0,D2,D1,0,1,0,re,do#,0,0,0,27,D1,do#,110,data/analysis_audio/pitchbench_a3_single_pitch_by_duration/D2_piano_60000ms.wav,D2_piano_60000ms.wav,This audio contains a single musical note. What is the MIDI note number (an integer from 0 to 127)? Reply with ONLY the integer. Nothing else. Output only the answer.,"This audio contains a single musical note. What is the note name and octave? Reply with ONLY the note name in Scientific Pitch Notation (e.g. C4, F#3, Bb5). Nothing else. Output only the answer.","This audio contains a single musical note. What is the solfege syllable and accidental (if needed) of this pitch? Use fixed-do (do=C, re=D, mi=E, fa=F, sol=G, la=A, si=B). Include sharps or flats when needed (e.g. do#, reb, fa#, sib). Do NOT include the octave. Reply with ONLY the syllable and accidental (if needed). Nothing else. Output only the answer.","This audio contains a single musical note. What is the main pitch frequency, expressed in Hertz? Reply with ONLY a number (the frequency in Hz). Nothing else. Output only the answer."
50,piano,instrument,47,69,0,0,0,0,B2,C3,0,0,0,si,fa#,0,0,0,69,C3,fa#,440,data/analysis_audio/pitchbench_a3_single_pitch_by_duration/B2_piano_50ms.wav,B2_piano_50ms.wav,This audio contains a single musical note. What is the MIDI note number (an integer from 0 to 127)? Reply with ONLY the integer. Nothing else. Output only the answer.,"This audio contains a single musical note. What is the note name and octave? Reply with ONLY the note name in Scientific Pitch Notation (e.g. C4, F#3, Bb5). Nothing else. Output only the answer.","This audio contains a single musical note. What is the solfege syllable and accidental (if needed) of this pitch? Use fixed-do (do=C, re=D, mi=E, fa=F, sol=G, la=A, si=B). Include sharps or flats when needed (e.g. do#, reb, fa#, sib). Do NOT include the octave. Reply with ONLY the syllable and accidental (if needed). Nothing else. Output only the answer.","This audio contains a single musical note. What is the main pitch frequency, expressed in Hertz? Reply with ONLY a number (the frequency in Hz). Nothing else. Output only the answer."
250,piano,instrument,47,47,1,1,1,1,B2,B2,1,1,1,si,sol#,0,0,1,47,B2,sol#,261,data/analysis_audio/pitchbench_a3_single_pitch_by_duration/B2_piano_250ms.wav,B2_piano_250ms.wav,This audio contains a single musical note. What is the MIDI note number (an integer from 0 to 127)? Reply with ONLY the integer. Nothing else. Output only the answer.,"This audio contains a single musical note. What is the note name and octave? Reply with ONLY the note name in Scientific Pitch Notation (e.g. C4, F#3, Bb5). Nothing else. Output only the answer.","This audio contains a single musical note. What is the solfege syllable and accidental (if needed) of this pitch? Use fixed-do (do=C, re=D, mi=E, fa=F, sol=G, la=A, si=B). Include sharps or flats when needed (e.g. do#, reb, fa#, sib). Do NOT include the octave. Reply with ONLY the syllable and accidental (if needed). Nothing else. Output only the answer.","This audio contains a single musical note. What is the main pitch frequency, expressed in Hertz? Reply with ONLY a number (the frequency in Hz). Nothing else. Output only the answer."
1000,piano,instrument,47,59,0,0,1,0,B2,B2,1,1,1,si,si,1,0,1,59,B2,si,110,data/analysis_audio/pitchbench_a3_single_pitch_by_duration/B2_piano_1000ms.wav,B2_piano_1000ms.wav,This audio contains a single musical note. What is the MIDI note number (an integer from 0 to 127)? Reply with ONLY the integer. Nothing else. Output only the answer.,"This audio contains a single musical note. What is the note name and octave? Reply with ONLY the note name in Scientific Pitch Notation (e.g. C4, F#3, Bb5). Nothing else. Output only the answer.","This audio contains a single musical note. What is the solfege syllable and accidental (if needed) of this pitch? Use fixed-do (do=C, re=D, mi=E, fa=F, sol=G, la=A, si=B). Include sharps or flats when needed (e.g. do#, reb, fa#, sib). Do NOT include the octave. Reply with ONLY the syllable and accidental (if needed). Nothing else. Output only the answer.","This audio contains a single musical note. What is the main pitch frequency, expressed in Hertz? Reply with ONLY a number (the frequency in Hz). Nothing else. Output only the answer."
4000,piano,instrument,47,59,0,0,1,0,B2,B1,0,1,0,si,si,1,0,0,59,B1,si,55,data/analysis_audio/pitchbench_a3_single_pitch_by_duration/B2_piano_4000ms.wav,B2_piano_4000ms.wav,This audio contains a single musical note. What is the MIDI note number (an integer from 0 to 127)? Reply with ONLY the integer. Nothing else. Output only the answer.,"This audio contains a single musical note. What is the note name and octave? Reply with ONLY the note name in Scientific Pitch Notation (e.g. C4, F#3, Bb5). Nothing else. Output only the answer.","This audio contains a single musical note. What is the solfege syllable and accidental (if needed) of this pitch? Use fixed-do (do=C, re=D, mi=E, fa=F, sol=G, la=A, si=B). Include sharps or flats when needed (e.g. do#, reb, fa#, sib). Do NOT include the octave. Reply with ONLY the syllable and accidental (if needed). Nothing else. Output only the answer.","This audio contains a single musical note. What is the main pitch frequency, expressed in Hertz? Reply with ONLY a number (the frequency in Hz). Nothing else. Output only the answer."
15000,piano,instrument,47,47,1,1,1,1,B2,B2,1,1,1,si,si,1,0,1,47,B2,si,110,data/analysis_audio/pitchbench_a3_single_pitch_by_duration/B2_piano_15000ms.wav,B2_piano_15000ms.wav,This audio contains a single musical note. What is the MIDI note number (an integer from 0 to 127)? Reply with ONLY the integer. Nothing else. Output only the answer.,"This audio contains a single musical note. What is the note name and octave? Reply with ONLY the note name in Scientific Pitch Notation (e.g. C4, F#3, Bb5). Nothing else. Output only the answer.","This audio contains a single musical note. What is the solfege syllable and accidental (if needed) of this pitch? Use fixed-do (do=C, re=D, mi=E, fa=F, sol=G, la=A, si=B). Include sharps or flats when needed (e.g. do#, reb, fa#, sib). Do NOT include the octave. Reply with ONLY the syllable and accidental (if needed). Nothing else. Output only the answer.","This audio contains a single musical note. What is the main pitch frequency, expressed in Hertz? Reply with ONLY a number (the frequency in Hz). Nothing else. Output only the answer."
60000,piano,instrument,47,59,0,0,1,0,B2,B1,0,1,0,si,si,1,0,0,59,B1,si,110,data/analysis_audio/pitchbench_a3_single_pitch_by_duration/B2_piano_60000ms.wav,B2_piano_60000ms.wav,This audio contains a single musical note. What is the MIDI note number (an integer from 0 to 127)? Reply with ONLY the integer. Nothing else. Output only the answer.,"This audio contains a single musical note. What is the note name and octave? Reply with ONLY the note name in Scientific Pitch Notation (e.g. C4, F#3, Bb5). Nothing else. Output only the answer.","This audio contains a single musical note. What is the solfege syllable and accidental (if needed) of this pitch? Use fixed-do (do=C, re=D, mi=E, fa=F, sol=G, la=A, si=B). Include sharps or flats when needed (e.g. do#, reb, fa#, sib). Do NOT include the octave. Reply with ONLY the syllable and accidental (if needed). Nothing else. Output only the answer.","This audio contains a single musical note. What is the main pitch frequency, expressed in Hertz? Reply with ONLY a number (the frequency in Hz). Nothing else. Output only the answer."
50,piano,instrument,56,69,0,0,0,0,G#3,C3,0,0,1,sol#,fa,0,0,0,69,C3,fa,440,data/analysis_audio/pitchbench_a3_single_pitch_by_duration/Gs3_piano_50ms.wav,Gs3_piano_50ms.wav,This audio contains a single musical note. What is the MIDI note number (an integer from 0 to 127)? Reply with ONLY the integer. Nothing else. Output only the answer.,"This audio contains a single musical note. What is the note name and octave? Reply with ONLY the note name in Scientific Pitch Notation (e.g. C4, F#3, Bb5). Nothing else. Output only the answer.","This audio contains a single musical note. What is the solfege syllable and accidental (if needed) of this pitch? Use fixed-do (do=C, re=D, mi=E, fa=F, sol=G, la=A, si=B). Include sharps or flats when needed (e.g. do#, reb, fa#, sib). Do NOT include the octave. Reply with ONLY the syllable and accidental (if needed). Nothing else. Output only the answer.","This audio contains a single musical note. What is the main pitch frequency, expressed in Hertz? Reply with ONLY a number (the frequency in Hz). Nothing else. Output only the answer."
250,piano,instrument,56,69,0,0,0,0,G#3,C#2,0,0,0,sol#,fa#,0,0,0,69,C#2,fa#,261,data/analysis_audio/pitchbench_a3_single_pitch_by_duration/Gs3_piano_250ms.wav,Gs3_piano_250ms.wav,This audio contains a single musical note. What is the MIDI note number (an integer from 0 to 127)? Reply with ONLY the integer. Nothing else. Output only the answer.,"This audio contains a single musical note. What is the note name and octave? Reply with ONLY the note name in Scientific Pitch Notation (e.g. C4, F#3, Bb5). Nothing else. Output only the answer.","This audio contains a single musical note. What is the solfege syllable and accidental (if needed) of this pitch? Use fixed-do (do=C, re=D, mi=E, fa=F, sol=G, la=A, si=B). Include sharps or flats when needed (e.g. do#, reb, fa#, sib). Do NOT include the octave. Reply with ONLY the syllable and accidental (if needed). Nothing else. Output only the answer.","This audio contains a single musical note. What is the main pitch frequency, expressed in Hertz? Reply with ONLY a number (the frequency in Hz). Nothing else. Output only the answer."
1000,piano,instrument,56,60,0,0,0,0,G#3,A2,0,0,0,sol#,sol#,1,0,0,60,A2,sol#,440,data/analysis_audio/pitchbench_a3_single_pitch_by_duration/Gs3_piano_1000ms.wav,Gs3_piano_1000ms.wav,This audio contains a single musical note. What is the MIDI note number (an integer from 0 to 127)? Reply with ONLY the integer. Nothing else. Output only the answer.,"This audio contains a single musical note. What is the note name and octave? Reply with ONLY the note name in Scientific Pitch Notation (e.g. C4, F#3, Bb5). Nothing else. Output only the answer.","This audio contains a single musical note. What is the solfege syllable and accidental (if needed) of this pitch? Use fixed-do (do=C, re=D, mi=E, fa=F, sol=G, la=A, si=B). Include sharps or flats when needed (e.g. do#, reb, fa#, sib). Do NOT include the octave. Reply with ONLY the syllable and accidental (if needed). Nothing else. Output only the answer.","This audio contains a single musical note. What is the main pitch frequency, expressed in Hertz? Reply with ONLY a number (the frequency in Hz). Nothing else. Output only the answer."
4000,piano,instrument,56,41,0,0,0,0,G#3,G#2,0,1,0,sol#,sol#,1,0,0,41,G#2,sol#,110,data/analysis_audio/pitchbench_a3_single_pitch_by_duration/Gs3_piano_4000ms.wav,Gs3_piano_4000ms.wav,This audio contains a single musical note. What is the MIDI note number (an integer from 0 to 127)? Reply with ONLY the integer. Nothing else. Output only the answer.,"This audio contains a single musical note. What is the note name and octave? Reply with ONLY the note name in Scientific Pitch Notation (e.g. C4, F#3, Bb5). Nothing else. Output only the answer.","This audio contains a single musical note. What is the solfege syllable and accidental (if needed) of this pitch? Use fixed-do (do=C, re=D, mi=E, fa=F, sol=G, la=A, si=B). Include sharps or flats when needed (e.g. do#, reb, fa#, sib). Do NOT include the octave. Reply with ONLY the syllable and accidental (if needed). Nothing else. Output only the answer.","This audio contains a single musical note. What is the main pitch frequency, expressed in Hertz? Reply with ONLY a number (the frequency in Hz). Nothing else. Output only the answer."
15000,piano,instrument,56,56,1,1,1,1,G#3,G#3,1,1,1,sol#,sol#,1,0,1,56,G#3,sol#,440,data/analysis_audio/pitchbench_a3_single_pitch_by_duration/Gs3_piano_15000ms.wav,Gs3_piano_15000ms.wav,This audio contains a single musical note. What is the MIDI note number (an integer from 0 to 127)? Reply with ONLY the integer. Nothing else. Output only the answer.,"This audio contains a single musical note. What is the note name and octave? Reply with ONLY the note name in Scientific Pitch Notation (e.g. C4, F#3, Bb5). Nothing else. Output only the answer.","This audio contains a single musical note. What is the solfege syllable and accidental (if needed) of this pitch? Use fixed-do (do=C, re=D, mi=E, fa=F, sol=G, la=A, si=B). Include sharps or flats when needed (e.g. do#, reb, fa#, sib). Do NOT include the octave. Reply with ONLY the syllable and accidental (if needed). Nothing else. Output only the answer.","This audio contains a single musical note. What is the main pitch frequency, expressed in Hertz? Reply with ONLY a number (the frequency in Hz). Nothing else. Output only the answer."
60000,piano,instrument,56,56,1,1,1,1,G#3,G#2,0,1,0,sol#,sol#,1,0,1,56,G#2,sol#,41,data/analysis_audio/pitchbench_a3_single_pitch_by_duration/Gs3_piano_60000ms.wav,Gs3_piano_60000ms.wav,This audio contains a single musical note. What is the MIDI note number (an integer from 0 to 127)? Reply with ONLY the integer. Nothing else. Output only the answer.,"This audio contains a single musical note. What is the note name and octave? Reply with ONLY the note name in Scientific Pitch Notation (e.g. C4, F#3, Bb5). Nothing else. Output only the answer.","This audio contains a single musical note. What is the solfege syllable and accidental (if needed) of this pitch? Use fixed-do (do=C, re=D, mi=E, fa=F, sol=G, la=A, si=B). Include sharps or flats when needed (e.g. do#, reb, fa#, sib). Do NOT include the octave. Reply with ONLY the syllable and accidental (if needed). Nothing else. Output only the answer.","This audio contains a single musical note. What is the main pitch frequency, expressed in Hertz? Reply with ONLY a number (the frequency in Hz). Nothing else. Output only the answer."
50,piano,instrument,65,69,0,0,0,1,F4,G#4,0,0,1,fa,fa#,0,0,0,69,G#4,fa#,440,data/analysis_audio/pitchbench_a3_single_pitch_by_duration/F4_piano_50ms.wav,F4_piano_50ms.wav,This audio contains a single musical note. What is the MIDI note number (an integer from 0 to 127)? Reply with ONLY the integer. Nothing else. Output only the answer.,"This audio contains a single musical note. What is the note name and octave? Reply with ONLY the note name in Scientific Pitch Notation (e.g. C4, F#3, Bb5). Nothing else. Output only the answer.","This audio contains a single musical note. What is the solfege syllable and accidental (if needed) of this pitch? Use fixed-do (do=C, re=D, mi=E, fa=F, sol=G, la=A, si=B). Include sharps or flats when needed (e.g. do#, reb, fa#, sib). Do NOT include the octave. Reply with ONLY the syllable and accidental (if needed). Nothing else. Output only the answer.","This audio contains a single musical note. What is the main pitch frequency, expressed in Hertz? Reply with ONLY a number (the frequency in Hz). Nothing else. Output only the answer."
250,piano,instrument,65,69,0,0,0,1,F4,F5,0,1,0,fa,fa#,0,0,0,69,F5,fa#,440,data/analysis_audio/pitchbench_a3_single_pitch_by_duration/F4_piano_250ms.wav,F4_piano_250ms.wav,This audio contains a single musical note. What is the MIDI note number (an integer from 0 to 127)? Reply with ONLY the integer. Nothing else. Output only the answer.,"This audio contains a single musical note. What is the note name and octave? Reply with ONLY the note name in Scientific Pitch Notation (e.g. C4, F#3, Bb5). Nothing else. Output only the answer.","This audio contains a single musical note. What is the solfege syllable and accidental (if needed) of this pitch? Use fixed-do (do=C, re=D, mi=E, fa=F, sol=G, la=A, si=B). Include sharps or flats when needed (e.g. do#, reb, fa#, sib). Do NOT include the octave. Reply with ONLY the syllable and accidental (if needed). Nothing else. Output only the answer.","This audio contains a single musical note. What is the main pitch frequency, expressed in Hertz? Reply with ONLY a number (the frequency in Hz). Nothing else. Output only the answer."
1000,piano,instrument,65,77,0,0,1,0,F4,F4,1,1,1,fa,fa#,0,0,1,77,F4,fa#,440,data/analysis_audio/pitchbench_a3_single_pitch_by_duration/F4_piano_1000ms.wav,F4_piano_1000ms.wav,This audio contains a single musical note. What is the MIDI note number (an integer from 0 to 127)? Reply with ONLY the integer. Nothing else. Output only the answer.,"This audio contains a single musical note. What is the note name and octave? Reply with ONLY the note name in Scientific Pitch Notation (e.g. C4, F#3, Bb5). Nothing else. Output only the answer.","This audio contains a single musical note. What is the solfege syllable and accidental (if needed) of this pitch? Use fixed-do (do=C, re=D, mi=E, fa=F, sol=G, la=A, si=B). Include sharps or flats when needed (e.g. do#, reb, fa#, sib). Do NOT include the octave. Reply with ONLY the syllable and accidental (if needed). Nothing else. Output only the answer.","This audio contains a single musical note. What is the main pitch frequency, expressed in Hertz? Reply with ONLY a number (the frequency in Hz). Nothing else. Output only the answer."
4000,piano,instrument,65,69,0,0,0,1,F4,F4,1,1,1,fa,fa#,0,0,1,69,F4,fa#,440,data/analysis_audio/pitchbench_a3_single_pitch_by_duration/F4_piano_4000ms.wav,F4_piano_4000ms.wav,This audio contains a single musical note. What is the MIDI note number (an integer from 0 to 127)? Reply with ONLY the integer. Nothing else. Output only the answer.,"This audio contains a single musical note. What is the note name and octave? Reply with ONLY the note name in Scientific Pitch Notation (e.g. C4, F#3, Bb5). Nothing else. Output only the answer.","This audio contains a single musical note. What is the solfege syllable and accidental (if needed) of this pitch? Use fixed-do (do=C, re=D, mi=E, fa=F, sol=G, la=A, si=B). Include sharps or flats when needed (e.g. do#, reb, fa#, sib). Do NOT include the octave. Reply with ONLY the syllable and accidental (if needed). Nothing else. Output only the answer.","This audio contains a single musical note. What is the main pitch frequency, expressed in Hertz? Reply with ONLY a number (the frequency in Hz). Nothing else. Output only the answer."
15000,piano,instrument,65,77,0,0,1,0,F4,F4,1,1,1,fa,fa#,0,0,1,77,F4,fa#,440,data/analysis_audio/pitchbench_a3_single_pitch_by_duration/F4_piano_15000ms.wav,F4_piano_15000ms.wav,This audio contains a single musical note. What is the MIDI note number (an integer from 0 to 127)? Reply with ONLY the integer. Nothing else. Output only the answer.,"This audio contains a single musical note. What is the note name and octave? Reply with ONLY the note name in Scientific Pitch Notation (e.g. C4, F#3, Bb5). Nothing else. Output only the answer.","This audio contains a single musical note. What is the solfege syllable and accidental (if needed) of this pitch? Use fixed-do (do=C, re=D, mi=E, fa=F, sol=G, la=A, si=B). Include sharps or flats when needed (e.g. do#, reb, fa#, sib). Do NOT include the octave. Reply with ONLY the syllable and accidental (if needed). Nothing else. Output only the answer.","This audio contains a single musical note. What is the main pitch frequency, expressed in Hertz? Reply with ONLY a number (the frequency in Hz). Nothing else. Output only the answer."
60000,piano,instrument,65,77,0,0,1,0,F4,F4,1,1,1,fa,fa#,0,0,1,77,F4,fa#,440,data/analysis_audio/pitchbench_a3_single_pitch_by_duration/F4_piano_60000ms.wav,F4_piano_60000ms.wav,This audio contains a single musical note. What is the MIDI note number (an integer from 0 to 127)? Reply with ONLY the integer. Nothing else. Output only the answer.,"This audio contains a single musical note. What is the note name and octave? Reply with ONLY the note name in Scientific Pitch Notation (e.g. C4, F#3, Bb5). Nothing else. Output only the answer.","This audio contains a single musical note. What is the solfege syllable and accidental (if needed) of this pitch? Use fixed-do (do=C, re=D, mi=E, fa=F, sol=G, la=A, si=B). Include sharps or flats when needed (e.g. do#, reb, fa#, sib). Do NOT include the octave. Reply with ONLY the syllable and accidental (if needed). Nothing else. Output only the answer.","This audio contains a single musical note. What is the main pitch frequency, expressed in Hertz? Reply with ONLY a number (the frequency in Hz). Nothing else. Output only the answer."
50,piano,instrument,74,96,0,0,0,0,D5,C6,0,0,0,re,sol#,0,0,0,96,C6,sol#,440,data/analysis_audio/pitchbench_a3_single_pitch_by_duration/D5_piano_50ms.wav,D5_piano_50ms.wav,This audio contains a single musical note. What is the MIDI note number (an integer from 0 to 127)? Reply with ONLY the integer. Nothing else. Output only the answer.,"This audio contains a single musical note. What is the note name and octave? Reply with ONLY the note name in Scientific Pitch Notation (e.g. C4, F#3, Bb5). Nothing else. Output only the answer.","This audio contains a single musical note. What is the solfege syllable and accidental (if needed) of this pitch? Use fixed-do (do=C, re=D, mi=E, fa=F, sol=G, la=A, si=B). Include sharps or flats when needed (e.g. do#, reb, fa#, sib). Do NOT include the octave. Reply with ONLY the syllable and accidental (if needed). Nothing else. Output only the answer.","This audio contains a single musical note. What is the main pitch frequency, expressed in Hertz? Reply with ONLY a number (the frequency in Hz). Nothing else. Output only the answer."
250,piano,instrument,74,96,0,0,0,0,D5,D5,1,1,1,re,sol#,0,0,1,96,D5,sol#,440,data/analysis_audio/pitchbench_a3_single_pitch_by_duration/D5_piano_250ms.wav,D5_piano_250ms.wav,This audio contains a single musical note. What is the MIDI note number (an integer from 0 to 127)? Reply with ONLY the integer. Nothing else. Output only the answer.,"This audio contains a single musical note. What is the note name and octave? Reply with ONLY the note name in Scientific Pitch Notation (e.g. C4, F#3, Bb5). Nothing else. Output only the answer.","This audio contains a single musical note. What is the solfege syllable and accidental (if needed) of this pitch? Use fixed-do (do=C, re=D, mi=E, fa=F, sol=G, la=A, si=B). Include sharps or flats when needed (e.g. do#, reb, fa#, sib). Do NOT include the octave. Reply with ONLY the syllable and accidental (if needed). Nothing else. Output only the answer.","This audio contains a single musical note. What is the main pitch frequency, expressed in Hertz? Reply with ONLY a number (the frequency in Hz). Nothing else. Output only the answer."
1000,piano,instrument,74,96,0,0,0,0,D5,D5,1,1,1,re,sol#,0,0,1,96,D5,sol#,440,data/analysis_audio/pitchbench_a3_single_pitch_by_duration/D5_piano_1000ms.wav,D5_piano_1000ms.wav,This audio contains a single musical note. What is the MIDI note number (an integer from 0 to 127)? Reply with ONLY the integer. Nothing else. Output only the answer.,"This audio contains a single musical note. What is the note name and octave? Reply with ONLY the note name in Scientific Pitch Notation (e.g. C4, F#3, Bb5). Nothing else. Output only the answer.","This audio contains a single musical note. What is the solfege syllable and accidental (if needed) of this pitch? Use fixed-do (do=C, re=D, mi=E, fa=F, sol=G, la=A, si=B). Include sharps or flats when needed (e.g. do#, reb, fa#, sib). Do NOT include the octave. Reply with ONLY the syllable and accidental (if needed). Nothing else. Output only the answer.","This audio contains a single musical note. What is the main pitch frequency, expressed in Hertz? Reply with ONLY a number (the frequency in Hz). Nothing else. Output only the answer."
4000,piano,instrument,74,84,0,0,0,0,D5,D5,1,1,1,re,si,0,0,1,84,D5,si,1046.5,data/analysis_audio/pitchbench_a3_single_pitch_by_duration/D5_piano_4000ms.wav,D5_piano_4000ms.wav,This audio contains a single musical note. What is the MIDI note number (an integer from 0 to 127)? Reply with ONLY the integer. Nothing else. Output only the answer.,"This audio contains a single musical note. What is the note name and octave? Reply with ONLY the note name in Scientific Pitch Notation (e.g. C4, F#3, Bb5). Nothing else. Output only the answer.","This audio contains a single musical note. What is the solfege syllable and accidental (if needed) of this pitch? Use fixed-do (do=C, re=D, mi=E, fa=F, sol=G, la=A, si=B). Include sharps or flats when needed (e.g. do#, reb, fa#, sib). Do NOT include the octave. Reply with ONLY the syllable and accidental (if needed). Nothing else. Output only the answer.","This audio contains a single musical note. What is the main pitch frequency, expressed in Hertz? Reply with ONLY a number (the frequency in Hz). Nothing else. Output only the answer."
15000,piano,instrument,74,85,0,0,0,0,D5,D5,1,1,1,re,si,0,0,1,85,D5,si,1046.5,data/analysis_audio/pitchbench_a3_single_pitch_by_duration/D5_piano_15000ms.wav,D5_piano_15000ms.wav,This audio contains a single musical note. What is the MIDI note number (an integer from 0 to 127)? Reply with ONLY the integer. Nothing else. Output only the answer.,"This audio contains a single musical note. What is the note name and octave? Reply with ONLY the note name in Scientific Pitch Notation (e.g. C4, F#3, Bb5). Nothing else. Output only the answer.","This audio contains a single musical note. What is the solfege syllable and accidental (if needed) of this pitch? Use fixed-do (do=C, re=D, mi=E, fa=F, sol=G, la=A, si=B). Include sharps or flats when needed (e.g. do#, reb, fa#, sib). Do NOT include the octave. Reply with ONLY the syllable and accidental (if needed). Nothing else. Output only the answer.","This audio contains a single musical note. What is the main pitch frequency, expressed in Hertz? Reply with ONLY a number (the frequency in Hz). Nothing else. Output only the answer."
60000,piano,instrument,74,109,0,0,0,0,D5,D6,0,1,0,re,si,0,0,0,109,D6,si,440,data/analysis_audio/pitchbench_a3_single_pitch_by_duration/D5_piano_60000ms.wav,D5_piano_60000ms.wav,This audio contains a single musical note. What is the MIDI note number (an integer from 0 to 127)? Reply with ONLY the integer. Nothing else. Output only the answer.,"This audio contains a single musical note. What is the note name and octave? Reply with ONLY the note name in Scientific Pitch Notation (e.g. C4, F#3, Bb5). Nothing else. Output only the answer.","This audio contains a single musical note. What is the solfege syllable and accidental (if needed) of this pitch? Use fixed-do (do=C, re=D, mi=E, fa=F, sol=G, la=A, si=B). Include sharps or flats when needed (e.g. do#, reb, fa#, sib). Do NOT include the octave. Reply with ONLY the syllable and accidental (if needed). Nothing else. Output only the answer.","This audio contains a single musical note. What is the main pitch frequency, expressed in Hertz? Reply with ONLY a number (the frequency in Hz). Nothing else. Output only the answer."
50,piano,instrument,83,69,0,0,0,0,B5,C5,0,0,1,si,mi,0,0,0,69,C5,mi,440,data/analysis_audio/pitchbench_a3_single_pitch_by_duration/B5_piano_50ms.wav,B5_piano_50ms.wav,This audio contains a single musical note. What is the MIDI note number (an integer from 0 to 127)? Reply with ONLY the integer. Nothing else. Output only the answer.,"This audio contains a single musical note. What is the note name and octave? Reply with ONLY the note name in Scientific Pitch Notation (e.g. C4, F#3, Bb5). Nothing else. Output only the answer.","This audio contains a single musical note. What is the solfege syllable and accidental (if needed) of this pitch? Use fixed-do (do=C, re=D, mi=E, fa=F, sol=G, la=A, si=B). Include sharps or flats when needed (e.g. do#, reb, fa#, sib). Do NOT include the octave. Reply with ONLY the syllable and accidental (if needed). Nothing else. Output only the answer.","This audio contains a single musical note. What is the main pitch frequency, expressed in Hertz? Reply with ONLY a number (the frequency in Hz). Nothing else. Output only the answer."
250,piano,instrument,83,96,0,0,0,0,B5,C6,0,0,0,si,sol#,0,0,0,96,C6,sol#,1046.5,data/analysis_audio/pitchbench_a3_single_pitch_by_duration/B5_piano_250ms.wav,B5_piano_250ms.wav,This audio contains a single musical note. What is the MIDI note number (an integer from 0 to 127)? Reply with ONLY the integer. Nothing else. Output only the answer.,"This audio contains a single musical note. What is the note name and octave? Reply with ONLY the note name in Scientific Pitch Notation (e.g. C4, F#3, Bb5). Nothing else. Output only the answer.","This audio contains a single musical note. What is the solfege syllable and accidental (if needed) of this pitch? Use fixed-do (do=C, re=D, mi=E, fa=F, sol=G, la=A, si=B). Include sharps or flats when needed (e.g. do#, reb, fa#, sib). Do NOT include the octave. Reply with ONLY the syllable and accidental (if needed). Nothing else. Output only the answer.","This audio contains a single musical note. What is the main pitch frequency, expressed in Hertz? Reply with ONLY a number (the frequency in Hz). Nothing else. Output only the answer."
1000,piano,instrument,83,96,0,0,0,0,B5,B5,1,1,1,si,si,1,0,1,96,B5,si,880,data/analysis_audio/pitchbench_a3_single_pitch_by_duration/B5_piano_1000ms.wav,B5_piano_1000ms.wav,This audio contains a single musical note. What is the MIDI note number (an integer from 0 to 127)? Reply with ONLY the integer. Nothing else. Output only the answer.,"This audio contains a single musical note. What is the note name and octave? Reply with ONLY the note name in Scientific Pitch Notation (e.g. C4, F#3, Bb5). Nothing else. Output only the answer.","This audio contains a single musical note. What is the solfege syllable and accidental (if needed) of this pitch? Use fixed-do (do=C, re=D, mi=E, fa=F, sol=G, la=A, si=B). Include sharps or flats when needed (e.g. do#, reb, fa#, sib). Do NOT include the octave. Reply with ONLY the syllable and accidental (if needed). Nothing else. Output only the answer.","This audio contains a single musical note. What is the main pitch frequency, expressed in Hertz? Reply with ONLY a number (the frequency in Hz). Nothing else. Output only the answer."
4000,piano,instrument,83,95,0,0,1,0,B5,B5,1,1,1,si,do,0,0,1,95,B5,si#,880,data/analysis_audio/pitchbench_a3_single_pitch_by_duration/B5_piano_4000ms.wav,B5_piano_4000ms.wav,This audio contains a single musical note. What is the MIDI note number (an integer from 0 to 127)? Reply with ONLY the integer. Nothing else. Output only the answer.,"This audio contains a single musical note. What is the note name and octave? Reply with ONLY the note name in Scientific Pitch Notation (e.g. C4, F#3, Bb5). Nothing else. Output only the answer.","This audio contains a single musical note. What is the solfege syllable and accidental (if needed) of this pitch? Use fixed-do (do=C, re=D, mi=E, fa=F, sol=G, la=A, si=B). Include sharps or flats when needed (e.g. do#, reb, fa#, sib). Do NOT include the octave. Reply with ONLY the syllable and accidental (if needed). Nothing else. Output only the answer.","This audio contains a single musical note. What is the main pitch frequency, expressed in Hertz? Reply with ONLY a number (the frequency in Hz). Nothing else. Output only the answer."
15000,piano,instrument,83,95,0,0,1,0,B5,B5,1,1,1,si,do,0,0,1,95,B5,si#,880,data/analysis_audio/pitchbench_a3_single_pitch_by_duration/B5_piano_15000ms.wav,B5_piano_15000ms.wav,This audio contains a single musical note. What is the MIDI note number (an integer from 0 to 127)? Reply with ONLY the integer. Nothing else. Output only the answer.,"This audio contains a single musical note. What is the note name and octave? Reply with ONLY the note name in Scientific Pitch Notation (e.g. C4, F#3, Bb5). Nothing else. Output only the answer.","This audio contains a single musical note. What is the solfege syllable and accidental (if needed) of this pitch? Use fixed-do (do=C, re=D, mi=E, fa=F, sol=G, la=A, si=B). Include sharps or flats when needed (e.g. do#, reb, fa#, sib). Do NOT include the octave. Reply with ONLY the syllable and accidental (if needed). Nothing else. Output only the answer.","This audio contains a single musical note. What is the main pitch frequency, expressed in Hertz? Reply with ONLY a number (the frequency in Hz). Nothing else. Output only the answer."
60000,piano,instrument,83,95,0,0,1,0,B5,B5,1,1,1,si,do,0,0,1,95,B5,si#,880,data/analysis_audio/pitchbench_a3_single_pitch_by_duration/B5_piano_60000ms.wav,B5_piano_60000ms.wav,This audio contains a single musical note. What is the MIDI note number (an integer from 0 to 127)? Reply with ONLY the integer. Nothing else. Output only the answer.,"This audio contains a single musical note. What is the note name and octave? Reply with ONLY the note name in Scientific Pitch Notation (e.g. C4, F#3, Bb5). Nothing else. Output only the answer.","This audio contains a single musical note. What is the solfege syllable and accidental (if needed) of this pitch? Use fixed-do (do=C, re=D, mi=E, fa=F, sol=G, la=A, si=B). Include sharps or flats when needed (e.g. do#, reb, fa#, sib). Do NOT include the octave. Reply with ONLY the syllable and accidental (if needed). Nothing else. Output only the answer.","This audio contains a single musical note. What is the main pitch frequency, expressed in Hertz? Reply with ONLY a number (the frequency in Hz). Nothing else. Output only the answer."
50,voice,instrument,29,69,0,0,0,0,F1,E1,0,0,1,fa,fa,1,0,0,69,E1,fa,440,data/analysis_audio/pitchbench_a3_single_pitch_by_duration/F1_voice_50ms.wav,F1_voice_50ms.wav,This audio contains a single musical note. What is the MIDI note number (an integer from 0 to 127)? Reply with ONLY the integer. Nothing else. Output only the answer.,"This audio contains a single musical note. What is the note name and octave? Reply with ONLY the note name in Scientific Pitch Notation (e.g. C4, F#3, Bb5). Nothing else. Output only the answer.","This audio contains a single musical note. What is the solfege syllable and accidental (if needed) of this pitch? Use fixed-do (do=C, re=D, mi=E, fa=F, sol=G, la=A, si=B). Include sharps or flats when needed (e.g. do#, reb, fa#, sib). Do NOT include the octave. Reply with ONLY the syllable and accidental (if needed). Nothing else. Output only the answer.","This audio contains a single musical note. What is the main pitch frequency, expressed in Hertz? Reply with ONLY a number (the frequency in Hz). Nothing else. Output only the answer."
250,voice,instrument,29,48,0,0,0,0,F1,C2,0,0,0,fa,sol#,0,0,0,48,C2,sol#,55,data/analysis_audio/pitchbench_a3_single_pitch_by_duration/F1_voice_250ms.wav,F1_voice_250ms.wav,This audio contains a single musical note. What is the MIDI note number (an integer from 0 to 127)? Reply with ONLY the integer. Nothing else. Output only the answer.,"This audio contains a single musical note. What is the note name and octave? Reply with ONLY the note name in Scientific Pitch Notation (e.g. C4, F#3, Bb5). Nothing else. Output only the answer.","This audio contains a single musical note. What is the solfege syllable and accidental (if needed) of this pitch? Use fixed-do (do=C, re=D, mi=E, fa=F, sol=G, la=A, si=B). Include sharps or flats when needed (e.g. do#, reb, fa#, sib). Do NOT include the octave. Reply with ONLY the syllable and accidental (if needed). Nothing else. Output only the answer.","This audio contains a single musical note. What is the main pitch frequency, expressed in Hertz? Reply with ONLY a number (the frequency in Hz). Nothing else. Output only the answer."
1000,voice,instrument,29,28,0,1,0,1,F1,C1,0,0,1,fa,sol#,0,0,0,28,C1,sol#,55,data/analysis_audio/pitchbench_a3_single_pitch_by_duration/F1_voice_1000ms.wav,F1_voice_1000ms.wav,This audio contains a single musical note. What is the MIDI note number (an integer from 0 to 127)? Reply with ONLY the integer. Nothing else. Output only the answer.,"This audio contains a single musical note. What is the note name and octave? Reply with ONLY the note name in Scientific Pitch Notation (e.g. C4, F#3, Bb5). Nothing else. Output only the answer.","This audio contains a single musical note. What is the solfege syllable and accidental (if needed) of this pitch? Use fixed-do (do=C, re=D, mi=E, fa=F, sol=G, la=A, si=B). Include sharps or flats when needed (e.g. do#, reb, fa#, sib). Do NOT include the octave. Reply with ONLY the syllable and accidental (if needed). Nothing else. Output only the answer.","This audio contains a single musical note. What is the main pitch frequency, expressed in Hertz? Reply with ONLY a number (the frequency in Hz). Nothing else. Output only the answer."
4000,voice,instrument,29,28,0,1,0,1,F1,C1,0,0,1,fa,sol,0,0,0,28,C1,sol,55,data/analysis_audio/pitchbench_a3_single_pitch_by_duration/F1_voice_4000ms.wav,F1_voice_4000ms.wav,This audio contains a single musical note. What is the MIDI note number (an integer from 0 to 127)? Reply with ONLY the integer. Nothing else. Output only the answer.,"This audio contains a single musical note. What is the note name and octave? Reply with ONLY the note name in Scientific Pitch Notation (e.g. C4, F#3, Bb5). Nothing else. Output only the answer.","This audio contains a single musical note. What is the solfege syllable and accidental (if needed) of this pitch? Use fixed-do (do=C, re=D, mi=E, fa=F, sol=G, la=A, si=B). Include sharps or flats when needed (e.g. do#, reb, fa#, sib). Do NOT include the octave. Reply with ONLY the syllable and accidental (if needed). Nothing else. Output only the answer.","This audio contains a single musical note. What is the main pitch frequency, expressed in Hertz? Reply with ONLY a number (the frequency in Hz). Nothing else. Output only the answer."
15000,voice,instrument,29,30,0,1,0,1,F1,B0,0,0,0,fa,sol,0,0,0,30,B0,sol,55,data/analysis_audio/pitchbench_a3_single_pitch_by_duration/F1_voice_15000ms.wav,F1_voice_15000ms.wav,This audio contains a single musical note. What is the MIDI note number (an integer from 0 to 127)? Reply with ONLY the integer. Nothing else. Output only the answer.,"This audio contains a single musical note. What is the note name and octave? Reply with ONLY the note name in Scientific Pitch Notation (e.g. C4, F#3, Bb5). Nothing else. Output only the answer.","This audio contains a single musical note. What is the solfege syllable and accidental (if needed) of this pitch? Use fixed-do (do=C, re=D, mi=E, fa=F, sol=G, la=A, si=B). Include sharps or flats when needed (e.g. do#, reb, fa#, sib). Do NOT include the octave. Reply with ONLY the syllable and accidental (if needed). Nothing else. Output only the answer.","This audio contains a single musical note. What is the main pitch frequency, expressed in Hertz? Reply with ONLY a number (the frequency in Hz). Nothing else. Output only the answer."
60000,voice,instrument,29,28,0,1,0,1,F1,C1,0,0,1,fa,fa#,0,0,0,28,C1,solb,55,data/analysis_audio/pitchbench_a3_single_pitch_by_duration/F1_voice_60000ms.wav,F1_voice_60000ms.wav,This audio contains a single musical note. What is the MIDI note number (an integer from 0 to 127)? Reply with ONLY the integer. Nothing else. Output only the answer.,"This audio contains a single musical note. What is the note name and octave? Reply with ONLY the note name in Scientific Pitch Notation (e.g. C4, F#3, Bb5). Nothing else. Output only the answer.","This audio contains a single musical note. What is the solfege syllable and accidental (if needed) of this pitch? Use fixed-do (do=C, re=D, mi=E, fa=F, sol=G, la=A, si=B). Include sharps or flats when needed (e.g. do#, reb, fa#, sib). Do NOT include the octave. Reply with ONLY the syllable and accidental (if needed). Nothing else. Output only the answer.","This audio contains a single musical note. What is the main pitch frequency, expressed in Hertz? Reply with ONLY a number (the frequency in Hz). Nothing else. Output only the answer."
50,voice,instrument,38,60,0,0,0,0,D2,C2,0,0,1,re,sol#,0,0,0,60,C2,sol#,440,data/analysis_audio/pitchbench_a3_single_pitch_by_duration/D2_voice_50ms.wav,D2_voice_50ms.wav,This audio contains a single musical note. What is the MIDI note number (an integer from 0 to 127)? Reply with ONLY the integer. Nothing else. Output only the answer.,"This audio contains a single musical note. What is the note name and octave? Reply with ONLY the note name in Scientific Pitch Notation (e.g. C4, F#3, Bb5). Nothing else. Output only the answer.","This audio contains a single musical note. What is the solfege syllable and accidental (if needed) of this pitch? Use fixed-do (do=C, re=D, mi=E, fa=F, sol=G, la=A, si=B). Include sharps or flats when needed (e.g. do#, reb, fa#, sib). Do NOT include the octave. Reply with ONLY the syllable and accidental (if needed). Nothing else. Output only the answer.","This audio contains a single musical note. What is the main pitch frequency, expressed in Hertz? Reply with ONLY a number (the frequency in Hz). Nothing else. Output only the answer."
250,voice,instrument,38,40,0,0,0,1,D2,E1,0,0,0,re,sol#,0,0,0,40,E1,sol#,110,data/analysis_audio/pitchbench_a3_single_pitch_by_duration/D2_voice_250ms.wav,D2_voice_250ms.wav,This audio contains a single musical note. What is the MIDI note number (an integer from 0 to 127)? Reply with ONLY the integer. Nothing else. Output only the answer.,"This audio contains a single musical note. What is the note name and octave? Reply with ONLY the note name in Scientific Pitch Notation (e.g. C4, F#3, Bb5). Nothing else. Output only the answer.","This audio contains a single musical note. What is the solfege syllable and accidental (if needed) of this pitch? Use fixed-do (do=C, re=D, mi=E, fa=F, sol=G, la=A, si=B). Include sharps or flats when needed (e.g. do#, reb, fa#, sib). Do NOT include the octave. Reply with ONLY the syllable and accidental (if needed). Nothing else. Output only the answer.","This audio contains a single musical note. What is the main pitch frequency, expressed in Hertz? Reply with ONLY a number (the frequency in Hz). Nothing else. Output only the answer."
1000,voice,instrument,38,48,0,0,0,0,D2,B0,0,0,0,re,sol,0,0,0,48,B0,sol,55,data/analysis_audio/pitchbench_a3_single_pitch_by_duration/D2_voice_1000ms.wav,D2_voice_1000ms.wav,This audio contains a single musical note. What is the MIDI note number (an integer from 0 to 127)? Reply with ONLY the integer. Nothing else. Output only the answer.,"This audio contains a single musical note. What is the note name and octave? Reply with ONLY the note name in Scientific Pitch Notation (e.g. C4, F#3, Bb5). Nothing else. Output only the answer.","This audio contains a single musical note. What is the solfege syllable and accidental (if needed) of this pitch? Use fixed-do (do=C, re=D, mi=E, fa=F, sol=G, la=A, si=B). Include sharps or flats when needed (e.g. do#, reb, fa#, sib). Do NOT include the octave. Reply with ONLY the syllable and accidental (if needed). Nothing else. Output only the answer.","This audio contains a single musical note. What is the main pitch frequency, expressed in Hertz? Reply with ONLY a number (the frequency in Hz). Nothing else. Output only the answer."
4000,voice,instrument,38,37,0,1,0,1,D2,D2,1,1,1,re,sol#,0,0,1,37,D2,sol#,55,data/analysis_audio/pitchbench_a3_single_pitch_by_duration/D2_voice_4000ms.wav,D2_voice_4000ms.wav,This audio contains a single musical note. What is the MIDI note number (an integer from 0 to 127)? Reply with ONLY the integer. Nothing else. Output only the answer.,"This audio contains a single musical note. What is the note name and octave? Reply with ONLY the note name in Scientific Pitch Notation (e.g. C4, F#3, Bb5). Nothing else. Output only the answer.","This audio contains a single musical note. What is the solfege syllable and accidental (if needed) of this pitch? Use fixed-do (do=C, re=D, mi=E, fa=F, sol=G, la=A, si=B). Include sharps or flats when needed (e.g. do#, reb, fa#, sib). Do NOT include the octave. Reply with ONLY the syllable and accidental (if needed). Nothing else. Output only the answer.","This audio contains a single musical note. What is the main pitch frequency, expressed in Hertz? Reply with ONLY a number (the frequency in Hz). Nothing else. Output only the answer."
15000,voice,instrument,38,48,0,0,0,0,D2,D2,1,1,1,re,sol,0,0,1,48,D2,sol,120,data/analysis_audio/pitchbench_a3_single_pitch_by_duration/D2_voice_15000ms.wav,D2_voice_15000ms.wav,This audio contains a single musical note. What is the MIDI note number (an integer from 0 to 127)? Reply with ONLY the integer. Nothing else. Output only the answer.,"This audio contains a single musical note. What is the note name and octave? Reply with ONLY the note name in Scientific Pitch Notation (e.g. C4, F#3, Bb5). Nothing else. Output only the answer.","This audio contains a single musical note. What is the solfege syllable and accidental (if needed) of this pitch? Use fixed-do (do=C, re=D, mi=E, fa=F, sol=G, la=A, si=B). Include sharps or flats when needed (e.g. do#, reb, fa#, sib). Do NOT include the octave. Reply with ONLY the syllable and accidental (if needed). Nothing else. Output only the answer.","This audio contains a single musical note. What is the main pitch frequency, expressed in Hertz? Reply with ONLY a number (the frequency in Hz). Nothing else. Output only the answer."
60000,voice,instrument,38,50,0,0,1,0,D2,D2,1,1,1,re,sol,0,0,1,50,D2,sol,110,data/analysis_audio/pitchbench_a3_single_pitch_by_duration/D2_voice_60000ms.wav,D2_voice_60000ms.wav,This audio contains a single musical note. What is the MIDI note number (an integer from 0 to 127)? Reply with ONLY the integer. Nothing else. Output only the answer.,"This audio contains a single musical note. What is the note name and octave? Reply with ONLY the note name in Scientific Pitch Notation (e.g. C4, F#3, Bb5). Nothing else. Output only the answer.","This audio contains a single musical note. What is the solfege syllable and accidental (if needed) of this pitch? Use fixed-do (do=C, re=D, mi=E, fa=F, sol=G, la=A, si=B). Include sharps or flats when needed (e.g. do#, reb, fa#, sib). Do NOT include the octave. Reply with ONLY the syllable and accidental (if needed). Nothing else. Output only the answer.","This audio contains a single musical note. What is the main pitch frequency, expressed in Hertz? Reply with ONLY a number (the frequency in Hz). Nothing else. Output only the answer."
50,voice,instrument,47,48,0,1,0,0,B2,A#0,0,0,0,si,sol#,0,0,0,48,A#0,sol#,261.63,data/analysis_audio/pitchbench_a3_single_pitch_by_duration/B2_voice_50ms.wav,B2_voice_50ms.wav,This audio contains a single musical note. What is the MIDI note number (an integer from 0 to 127)? Reply with ONLY the integer. Nothing else. Output only the answer.,"This audio contains a single musical note. What is the note name and octave? Reply with ONLY the note name in Scientific Pitch Notation (e.g. C4, F#3, Bb5). Nothing else. Output only the answer.","This audio contains a single musical note. What is the solfege syllable and accidental (if needed) of this pitch? Use fixed-do (do=C, re=D, mi=E, fa=F, sol=G, la=A, si=B). Include sharps or flats when needed (e.g. do#, reb, fa#, sib). Do NOT include the octave. Reply with ONLY the syllable and accidental (if needed). Nothing else. Output only the answer.","This audio contains a single musical note. What is the main pitch frequency, expressed in Hertz? Reply with ONLY a number (the frequency in Hz). Nothing else. Output only the answer."
250,voice,instrument,47,36,0,0,0,1,B2,B0,0,1,0,si,sol#,0,0,0,36,B0,sol#,110,data/analysis_audio/pitchbench_a3_single_pitch_by_duration/B2_voice_250ms.wav,B2_voice_250ms.wav,This audio contains a single musical note. What is the MIDI note number (an integer from 0 to 127)? Reply with ONLY the integer. Nothing else. Output only the answer.,"This audio contains a single musical note. What is the note name and octave? Reply with ONLY the note name in Scientific Pitch Notation (e.g. C4, F#3, Bb5). Nothing else. Output only the answer.","This audio contains a single musical note. What is the solfege syllable and accidental (if needed) of this pitch? Use fixed-do (do=C, re=D, mi=E, fa=F, sol=G, la=A, si=B). Include sharps or flats when needed (e.g. do#, reb, fa#, sib). Do NOT include the octave. Reply with ONLY the syllable and accidental (if needed). Nothing else. Output only the answer.","This audio contains a single musical note. What is the main pitch frequency, expressed in Hertz? Reply with ONLY a number (the frequency in Hz). Nothing else. Output only the answer."
1000,voice,instrument,47,44,0,0,0,1,B2,B2,1,1,1,si,sol,0,0,1,44,B2,sol,261.63,data/analysis_audio/pitchbench_a3_single_pitch_by_duration/B2_voice_1000ms.wav,B2_voice_1000ms.wav,This audio contains a single musical note. What is the MIDI note number (an integer from 0 to 127)? Reply with ONLY the integer. Nothing else. Output only the answer.,"This audio contains a single musical note. What is the note name and octave? Reply with ONLY the note name in Scientific Pitch Notation (e.g. C4, F#3, Bb5). Nothing else. Output only the answer.","This audio contains a single musical note. What is the solfege syllable and accidental (if needed) of this pitch? Use fixed-do (do=C, re=D, mi=E, fa=F, sol=G, la=A, si=B). Include sharps or flats when needed (e.g. do#, reb, fa#, sib). Do NOT include the octave. Reply with ONLY the syllable and accidental (if needed). Nothing else. Output only the answer.","This audio contains a single musical note. What is the main pitch frequency, expressed in Hertz? Reply with ONLY a number (the frequency in Hz). Nothing else. Output only the answer."
4000,voice,instrument,47,55,0,0,0,0,B2,B2,1,1,1,si,sol,0,0,1,55,B2,sol,110,data/analysis_audio/pitchbench_a3_single_pitch_by_duration/B2_voice_4000ms.wav,B2_voice_4000ms.wav,This audio contains a single musical note. What is the MIDI note number (an integer from 0 to 127)? Reply with ONLY the integer. Nothing else. Output only the answer.,"This audio contains a single musical note. What is the note name and octave? Reply with ONLY the note name in Scientific Pitch Notation (e.g. C4, F#3, Bb5). Nothing else. Output only the answer.","This audio contains a single musical note. What is the solfege syllable and accidental (if needed) of this pitch? Use fixed-do (do=C, re=D, mi=E, fa=F, sol=G, la=A, si=B). Include sharps or flats when needed (e.g. do#, reb, fa#, sib). Do NOT include the octave. Reply with ONLY the syllable and accidental (if needed). Nothing else. Output only the answer.","This audio contains a single musical note. What is the main pitch frequency, expressed in Hertz? Reply with ONLY a number (the frequency in Hz). Nothing else. Output only the answer."
15000,voice,instrument,47,59,0,0,1,0,B2,B2,1,1,1,si,si,1,0,1,59,B2,si,110,data/analysis_audio/pitchbench_a3_single_pitch_by_duration/B2_voice_15000ms.wav,B2_voice_15000ms.wav,This audio contains a single musical note. What is the MIDI note number (an integer from 0 to 127)? Reply with ONLY the integer. Nothing else. Output only the answer.,"This audio contains a single musical note. What is the note name and octave? Reply with ONLY the note name in Scientific Pitch Notation (e.g. C4, F#3, Bb5). Nothing else. Output only the answer.","This audio contains a single musical note. What is the solfege syllable and accidental (if needed) of this pitch? Use fixed-do (do=C, re=D, mi=E, fa=F, sol=G, la=A, si=B). Include sharps or flats when needed (e.g. do#, reb, fa#, sib). Do NOT include the octave. Reply with ONLY the syllable and accidental (if needed). Nothing else. Output only the answer.","This audio contains a single musical note. What is the main pitch frequency, expressed in Hertz? Reply with ONLY a number (the frequency in Hz). Nothing else. Output only the answer."
60000,voice,instrument,47,59,0,0,1,0,B2,B2,1,1,1,si,si,1,0,1,59,B2,si,246,data/analysis_audio/pitchbench_a3_single_pitch_by_duration/B2_voice_60000ms.wav,B2_voice_60000ms.wav,This audio contains a single musical note. What is the MIDI note number (an integer from 0 to 127)? Reply with ONLY the integer. Nothing else. Output only the answer.,"This audio contains a single musical note. What is the note name and octave? Reply with ONLY the note name in Scientific Pitch Notation (e.g. C4, F#3, Bb5). Nothing else. Output only the answer.","This audio contains a single musical note. What is the solfege syllable and accidental (if needed) of this pitch? Use fixed-do (do=C, re=D, mi=E, fa=F, sol=G, la=A, si=B). Include sharps or flats when needed (e.g. do#, reb, fa#, sib). Do NOT include the octave. Reply with ONLY the syllable and accidental (if needed). Nothing else. Output only the answer.","This audio contains a single musical note. What is the main pitch frequency, expressed in Hertz? Reply with ONLY a number (the frequency in Hz). Nothing else. Output only the answer."
50,voice,instrument,56,69,0,0,0,0,G#3,G#3,1,1,1,sol#,sol#,1,0,1,69,G#3,sol#,440,data/analysis_audio/pitchbench_a3_single_pitch_by_duration/Gs3_voice_50ms.wav,Gs3_voice_50ms.wav,This audio contains a single musical note. What is the MIDI note number (an integer from 0 to 127)? Reply with ONLY the integer. Nothing else. Output only the answer.,"This audio contains a single musical note. What is the note name and octave? Reply with ONLY the note name in Scientific Pitch Notation (e.g. C4, F#3, Bb5). Nothing else. Output only the answer.","This audio contains a single musical note. What is the solfege syllable and accidental (if needed) of this pitch? Use fixed-do (do=C, re=D, mi=E, fa=F, sol=G, la=A, si=B). Include sharps or flats when needed (e.g. do#, reb, fa#, sib). Do NOT include the octave. Reply with ONLY the syllable and accidental (if needed). Nothing else. Output only the answer.","This audio contains a single musical note. What is the main pitch frequency, expressed in Hertz? Reply with ONLY a number (the frequency in Hz). Nothing else. Output only the answer."
250,voice,instrument,56,69,0,0,0,0,G#3,A#2,0,0,0,sol#,sol#,1,0,0,69,Bb2,sol#,261.63,data/analysis_audio/pitchbench_a3_single_pitch_by_duration/Gs3_voice_250ms.wav,Gs3_voice_250ms.wav,This audio contains a single musical note. What is the MIDI note number (an integer from 0 to 127)? Reply with ONLY the integer. Nothing else. Output only the answer.,"This audio contains a single musical note. What is the note name and octave? Reply with ONLY the note name in Scientific Pitch Notation (e.g. C4, F#3, Bb5). Nothing else. Output only the answer.","This audio contains a single musical note. What is the solfege syllable and accidental (if needed) of this pitch? Use fixed-do (do=C, re=D, mi=E, fa=F, sol=G, la=A, si=B). Include sharps or flats when needed (e.g. do#, reb, fa#, sib). Do NOT include the octave. Reply with ONLY the syllable and accidental (if needed). Nothing else. Output only the answer.","This audio contains a single musical note. What is the main pitch frequency, expressed in Hertz? Reply with ONLY a number (the frequency in Hz). Nothing else. Output only the answer."
1000,voice,instrument,56,69,0,0,0,0,G#3,G#3,1,1,1,sol#,sol#,1,0,1,69,G#3,sol#,261.63,data/analysis_audio/pitchbench_a3_single_pitch_by_duration/Gs3_voice_1000ms.wav,Gs3_voice_1000ms.wav,This audio contains a single musical note. What is the MIDI note number (an integer from 0 to 127)? Reply with ONLY the integer. Nothing else. Output only the answer.,"This audio contains a single musical note. What is the note name and octave? Reply with ONLY the note name in Scientific Pitch Notation (e.g. C4, F#3, Bb5). Nothing else. Output only the answer.","This audio contains a single musical note. What is the solfege syllable and accidental (if needed) of this pitch? Use fixed-do (do=C, re=D, mi=E, fa=F, sol=G, la=A, si=B). Include sharps or flats when needed (e.g. do#, reb, fa#, sib). Do NOT include the octave. Reply with ONLY the syllable and accidental (if needed). Nothing else. Output only the answer.","This audio contains a single musical note. What is the main pitch frequency, expressed in Hertz? Reply with ONLY a number (the frequency in Hz). Nothing else. Output only the answer."
4000,voice,instrument,56,69,0,0,0,0,G#3,G2,0,0,0,sol#,sol#,1,0,0,69,G2,sol#,261.63,data/analysis_audio/pitchbench_a3_single_pitch_by_duration/Gs3_voice_4000ms.wav,Gs3_voice_4000ms.wav,This audio contains a single musical note. What is the MIDI note number (an integer from 0 to 127)? Reply with ONLY the integer. Nothing else. Output only the answer.,"This audio contains a single musical note. What is the note name and octave? Reply with ONLY the note name in Scientific Pitch Notation (e.g. C4, F#3, Bb5). Nothing else. Output only the answer.","This audio contains a single musical note. What is the solfege syllable and accidental (if needed) of this pitch? Use fixed-do (do=C, re=D, mi=E, fa=F, sol=G, la=A, si=B). Include sharps or flats when needed (e.g. do#, reb, fa#, sib). Do NOT include the octave. Reply with ONLY the syllable and accidental (if needed). Nothing else. Output only the answer.","This audio contains a single musical note. What is the main pitch frequency, expressed in Hertz? Reply with ONLY a number (the frequency in Hz). Nothing else. Output only the answer."
15000,voice,instrument,56,55,0,1,0,1,G#3,G#3,1,1,1,sol#,sol#,1,0,1,55,G#3,sol#,440,data/analysis_audio/pitchbench_a3_single_pitch_by_duration/Gs3_voice_15000ms.wav,Gs3_voice_15000ms.wav,This audio contains a single musical note. What is the MIDI note number (an integer from 0 to 127)? Reply with ONLY the integer. Nothing else. Output only the answer.,"This audio contains a single musical note. What is the note name and octave? Reply with ONLY the note name in Scientific Pitch Notation (e.g. C4, F#3, Bb5). Nothing else. Output only the answer.","This audio contains a single musical note. What is the solfege syllable and accidental (if needed) of this pitch? Use fixed-do (do=C, re=D, mi=E, fa=F, sol=G, la=A, si=B). Include sharps or flats when needed (e.g. do#, reb, fa#, sib). Do NOT include the octave. Reply with ONLY the syllable and accidental (if needed). Nothing else. Output only the answer.","This audio contains a single musical note. What is the main pitch frequency, expressed in Hertz? Reply with ONLY a number (the frequency in Hz). Nothing else. Output only the answer."
60000,voice,instrument,56,56,1,1,1,1,G#3,G#3,1,1,1,sol#,sol#,1,0,1,56,G#3,sol#,440,data/analysis_audio/pitchbench_a3_single_pitch_by_duration/Gs3_voice_60000ms.wav,Gs3_voice_60000ms.wav,This audio contains a single musical note. What is the MIDI note number (an integer from 0 to 127)? Reply with ONLY the integer. Nothing else. Output only the answer.,"This audio contains a single musical note. What is the note name and octave? Reply with ONLY the note name in Scientific Pitch Notation (e.g. C4, F#3, Bb5). Nothing else. Output only the answer.","This audio contains a single musical note. What is the solfege syllable and accidental (if needed) of this pitch? Use fixed-do (do=C, re=D, mi=E, fa=F, sol=G, la=A, si=B). Include sharps or flats when needed (e.g. do#, reb, fa#, sib). Do NOT include the octave. Reply with ONLY the syllable and accidental (if needed). Nothing else. Output only the answer.","This audio contains a single musical note. What is the main pitch frequency, expressed in Hertz? Reply with ONLY a number (the frequency in Hz). Nothing else. Output only the answer."
50,voice,instrument,65,69,0,0,0,1,F4,E5,0,0,0,fa,mi,0,0,0,69,E5,mi,440,data/analysis_audio/pitchbench_a3_single_pitch_by_duration/F4_voice_50ms.wav,F4_voice_50ms.wav,This audio contains a single musical note. What is the MIDI note number (an integer from 0 to 127)? Reply with ONLY the integer. Nothing else. Output only the answer.,"This audio contains a single musical note. What is the note name and octave? Reply with ONLY the note name in Scientific Pitch Notation (e.g. C4, F#3, Bb5). Nothing else. Output only the answer.","This audio contains a single musical note. What is the solfege syllable and accidental (if needed) of this pitch? Use fixed-do (do=C, re=D, mi=E, fa=F, sol=G, la=A, si=B). Include sharps or flats when needed (e.g. do#, reb, fa#, sib). Do NOT include the octave. Reply with ONLY the syllable and accidental (if needed). Nothing else. Output only the answer.","This audio contains a single musical note. What is the main pitch frequency, expressed in Hertz? Reply with ONLY a number (the frequency in Hz). Nothing else. Output only the answer."
250,voice,instrument,65,76,0,0,0,0,F4,A4,0,0,1,fa,fa#,0,0,0,76,A4,fa#,440,data/analysis_audio/pitchbench_a3_single_pitch_by_duration/F4_voice_250ms.wav,F4_voice_250ms.wav,This audio contains a single musical note. What is the MIDI note number (an integer from 0 to 127)? Reply with ONLY the integer. Nothing else. Output only the answer.,"This audio contains a single musical note. What is the note name and octave? Reply with ONLY the note name in Scientific Pitch Notation (e.g. C4, F#3, Bb5). Nothing else. Output only the answer.","This audio contains a single musical note. What is the solfege syllable and accidental (if needed) of this pitch? Use fixed-do (do=C, re=D, mi=E, fa=F, sol=G, la=A, si=B). Include sharps or flats when needed (e.g. do#, reb, fa#, sib). Do NOT include the octave. Reply with ONLY the syllable and accidental (if needed). Nothing else. Output only the answer.","This audio contains a single musical note. What is the main pitch frequency, expressed in Hertz? Reply with ONLY a number (the frequency in Hz). Nothing else. Output only the answer."
1000,voice,instrument,65,77,0,0,1,0,F4,F4,1,1,1,fa,fa#,0,0,1,77,F4,fa#,440,data/analysis_audio/pitchbench_a3_single_pitch_by_duration/F4_voice_1000ms.wav,F4_voice_1000ms.wav,This audio contains a single musical note. What is the MIDI note number (an integer from 0 to 127)? Reply with ONLY the integer. Nothing else. Output only the answer.,"This audio contains a single musical note. What is the note name and octave? Reply with ONLY the note name in Scientific Pitch Notation (e.g. C4, F#3, Bb5). Nothing else. Output only the answer.","This audio contains a single musical note. What is the solfege syllable and accidental (if needed) of this pitch? Use fixed-do (do=C, re=D, mi=E, fa=F, sol=G, la=A, si=B). Include sharps or flats when needed (e.g. do#, reb, fa#, sib). Do NOT include the octave. Reply with ONLY the syllable and accidental (if needed). Nothing else. Output only the answer.","This audio contains a single musical note. What is the main pitch frequency, expressed in Hertz? Reply with ONLY a number (the frequency in Hz). Nothing else. Output only the answer."
4000,voice,instrument,65,69,0,0,0,1,F4,F4,1,1,1,fa,fa,1,0,1,69,F4,fa,440,data/analysis_audio/pitchbench_a3_single_pitch_by_duration/F4_voice_4000ms.wav,F4_voice_4000ms.wav,This audio contains a single musical note. What is the MIDI note number (an integer from 0 to 127)? Reply with ONLY the integer. Nothing else. Output only the answer.,"This audio contains a single musical note. What is the note name and octave? Reply with ONLY the note name in Scientific Pitch Notation (e.g. C4, F#3, Bb5). Nothing else. Output only the answer.","This audio contains a single musical note. What is the solfege syllable and accidental (if needed) of this pitch? Use fixed-do (do=C, re=D, mi=E, fa=F, sol=G, la=A, si=B). Include sharps or flats when needed (e.g. do#, reb, fa#, sib). Do NOT include the octave. Reply with ONLY the syllable and accidental (if needed). Nothing else. Output only the answer.","This audio contains a single musical note. What is the main pitch frequency, expressed in Hertz? Reply with ONLY a number (the frequency in Hz). Nothing else. Output only the answer."
15000,voice,instrument,65,69,0,0,0,1,F4,F4,1,1,1,fa,fa#,0,0,1,69,F4,fa#,440,data/analysis_audio/pitchbench_a3_single_pitch_by_duration/F4_voice_15000ms.wav,F4_voice_15000ms.wav,This audio contains a single musical note. What is the MIDI note number (an integer from 0 to 127)? Reply with ONLY the integer. Nothing else. Output only the answer.,"This audio contains a single musical note. What is the note name and octave? Reply with ONLY the note name in Scientific Pitch Notation (e.g. C4, F#3, Bb5). Nothing else. Output only the answer.","This audio contains a single musical note. What is the solfege syllable and accidental (if needed) of this pitch? Use fixed-do (do=C, re=D, mi=E, fa=F, sol=G, la=A, si=B). Include sharps or flats when needed (e.g. do#, reb, fa#, sib). Do NOT include the octave. Reply with ONLY the syllable and accidental (if needed). Nothing else. Output only the answer.","This audio contains a single musical note. What is the main pitch frequency, expressed in Hertz? Reply with ONLY a number (the frequency in Hz). Nothing else. Output only the answer."
60000,voice,instrument,65,65,1,1,1,1,F4,F4,1,1,1,fa,fa,1,0,1,65,F4,fa,440,data/analysis_audio/pitchbench_a3_single_pitch_by_duration/F4_voice_60000ms.wav,F4_voice_60000ms.wav,This audio contains a single musical note. What is the MIDI note number (an integer from 0 to 127)? Reply with ONLY the integer. Nothing else. Output only the answer.,"This audio contains a single musical note. What is the note name and octave? Reply with ONLY the note name in Scientific Pitch Notation (e.g. C4, F#3, Bb5). Nothing else. Output only the answer.","This audio contains a single musical note. What is the solfege syllable and accidental (if needed) of this pitch? Use fixed-do (do=C, re=D, mi=E, fa=F, sol=G, la=A, si=B). Include sharps or flats when needed (e.g. do#, reb, fa#, sib). Do NOT include the octave. Reply with ONLY the syllable and accidental (if needed). Nothing else. Output only the answer.","This audio contains a single musical note. What is the main pitch frequency, expressed in Hertz? Reply with ONLY a number (the frequency in Hz). Nothing else. Output only the answer."
50,voice,instrument,74,96,0,0,0,0,D5,C5,0,0,1,re,sol#,0,0,0,96,C5,sol#,440,data/analysis_audio/pitchbench_a3_single_pitch_by_duration/D5_voice_50ms.wav,D5_voice_50ms.wav,This audio contains a single musical note. What is the MIDI note number (an integer from 0 to 127)? Reply with ONLY the integer. Nothing else. Output only the answer.,"This audio contains a single musical note. What is the note name and octave? Reply with ONLY the note name in Scientific Pitch Notation (e.g. C4, F#3, Bb5). Nothing else. Output only the answer.","This audio contains a single musical note. What is the solfege syllable and accidental (if needed) of this pitch? Use fixed-do (do=C, re=D, mi=E, fa=F, sol=G, la=A, si=B). Include sharps or flats when needed (e.g. do#, reb, fa#, sib). Do NOT include the octave. Reply with ONLY the syllable and accidental (if needed). Nothing else. Output only the answer.","This audio contains a single musical note. What is the main pitch frequency, expressed in Hertz? Reply with ONLY a number (the frequency in Hz). Nothing else. Output only the answer."
250,voice,instrument,74,84,0,0,0,0,D5,D6,0,1,0,re,sol#,0,0,0,84,D6,sol#,440,data/analysis_audio/pitchbench_a3_single_pitch_by_duration/D5_voice_250ms.wav,D5_voice_250ms.wav,This audio contains a single musical note. What is the MIDI note number (an integer from 0 to 127)? Reply with ONLY the integer. Nothing else. Output only the answer.,"This audio contains a single musical note. What is the note name and octave? Reply with ONLY the note name in Scientific Pitch Notation (e.g. C4, F#3, Bb5). Nothing else. Output only the answer.","This audio contains a single musical note. What is the solfege syllable and accidental (if needed) of this pitch? Use fixed-do (do=C, re=D, mi=E, fa=F, sol=G, la=A, si=B). Include sharps or flats when needed (e.g. do#, reb, fa#, sib). Do NOT include the octave. Reply with ONLY the syllable and accidental (if needed). Nothing else. Output only the answer.","This audio contains a single musical note. What is the main pitch frequency, expressed in Hertz? Reply with ONLY a number (the frequency in Hz). Nothing else. Output only the answer."
1000,voice,instrument,74,76,0,0,0,1,D5,D5,1,1,1,re,do#,0,0,1,76,D5,do#,1046.5,data/analysis_audio/pitchbench_a3_single_pitch_by_duration/D5_voice_1000ms.wav,D5_voice_1000ms.wav,This audio contains a single musical note. What is the MIDI note number (an integer from 0 to 127)? Reply with ONLY the integer. Nothing else. Output only the answer.,"This audio contains a single musical note. What is the note name and octave? Reply with ONLY the note name in Scientific Pitch Notation (e.g. C4, F#3, Bb5). Nothing else. Output only the answer.","This audio contains a single musical note. What is the solfege syllable and accidental (if needed) of this pitch? Use fixed-do (do=C, re=D, mi=E, fa=F, sol=G, la=A, si=B). Include sharps or flats when needed (e.g. do#, reb, fa#, sib). Do NOT include the octave. Reply with ONLY the syllable and accidental (if needed). Nothing else. Output only the answer.","This audio contains a single musical note. What is the main pitch frequency, expressed in Hertz? Reply with ONLY a number (the frequency in Hz). Nothing else. Output only the answer."
4000,voice,instrument,74,82,0,0,0,1,D5,D5,1,1,1,re,do#,0,0,1,82,D5,do#,523.25,data/analysis_audio/pitchbench_a3_single_pitch_by_duration/D5_voice_4000ms.wav,D5_voice_4000ms.wav,This audio contains a single musical note. What is the MIDI note number (an integer from 0 to 127)? Reply with ONLY the integer. Nothing else. Output only the answer.,"This audio contains a single musical note. What is the note name and octave? Reply with ONLY the note name in Scientific Pitch Notation (e.g. C4, F#3, Bb5). Nothing else. Output only the answer.","This audio contains a single musical note. What is the solfege syllable and accidental (if needed) of this pitch? Use fixed-do (do=C, re=D, mi=E, fa=F, sol=G, la=A, si=B). Include sharps or flats when needed (e.g. do#, reb, fa#, sib). Do NOT include the octave. Reply with ONLY the syllable and accidental (if needed). Nothing else. Output only the answer.","This audio contains a single musical note. What is the main pitch frequency, expressed in Hertz? Reply with ONLY a number (the frequency in Hz). Nothing else. Output only the answer."
15000,voice,instrument,74,78,0,0,0,1,D5,D5,1,1,1,re,sol#,0,0,1,78,D5,sol#,523.25,data/analysis_audio/pitchbench_a3_single_pitch_by_duration/D5_voice_15000ms.wav,D5_voice_15000ms.wav,This audio contains a single musical note. What is the MIDI note number (an integer from 0 to 127)? Reply with ONLY the integer. Nothing else. Output only the answer.,"This audio contains a single musical note. What is the note name and octave? Reply with ONLY the note name in Scientific Pitch Notation (e.g. C4, F#3, Bb5). Nothing else. Output only the answer.","This audio contains a single musical note. What is the solfege syllable and accidental (if needed) of this pitch? Use fixed-do (do=C, re=D, mi=E, fa=F, sol=G, la=A, si=B). Include sharps or flats when needed (e.g. do#, reb, fa#, sib). Do NOT include the octave. Reply with ONLY the syllable and accidental (if needed). Nothing else. Output only the answer.","This audio contains a single musical note. What is the main pitch frequency, expressed in Hertz? Reply with ONLY a number (the frequency in Hz). Nothing else. Output only the answer."
60000,voice,instrument,74,79,0,0,0,1,D5,D5,1,1,1,re,do#,0,0,1,79,D5,do#,440,data/analysis_audio/pitchbench_a3_single_pitch_by_duration/D5_voice_60000ms.wav,D5_voice_60000ms.wav,This audio contains a single musical note. What is the MIDI note number (an integer from 0 to 127)? Reply with ONLY the integer. Nothing else. Output only the answer.,"This audio contains a single musical note. What is the note name and octave? Reply with ONLY the note name in Scientific Pitch Notation (e.g. C4, F#3, Bb5). Nothing else. Output only the answer.","This audio contains a single musical note. What is the solfege syllable and accidental (if needed) of this pitch? Use fixed-do (do=C, re=D, mi=E, fa=F, sol=G, la=A, si=B). Include sharps or flats when needed (e.g. do#, reb, fa#, sib). Do NOT include the octave. Reply with ONLY the syllable and accidental (if needed). Nothing else. Output only the answer.","This audio contains a single musical note. What is the main pitch frequency, expressed in Hertz? Reply with ONLY a number (the frequency in Hz). Nothing else. Output only the answer."
50,voice,instrument,83,96,0,0,0,0,B5,C6,0,0,0,si,sol#,0,0,0,96,C6,sol#,1046.5,data/analysis_audio/pitchbench_a3_single_pitch_by_duration/B5_voice_50ms.wav,B5_voice_50ms.wav,This audio contains a single musical note. What is the MIDI note number (an integer from 0 to 127)? Reply with ONLY the integer. Nothing else. Output only the answer.,"This audio contains a single musical note. What is the note name and octave? Reply with ONLY the note name in Scientific Pitch Notation (e.g. C4, F#3, Bb5). Nothing else. Output only the answer.","This audio contains a single musical note. What is the solfege syllable and accidental (if needed) of this pitch? Use fixed-do (do=C, re=D, mi=E, fa=F, sol=G, la=A, si=B). Include sharps or flats when needed (e.g. do#, reb, fa#, sib). Do NOT include the octave. Reply with ONLY the syllable and accidental (if needed). Nothing else. Output only the answer.","This audio contains a single musical note. What is the main pitch frequency, expressed in Hertz? Reply with ONLY a number (the frequency in Hz). Nothing else. Output only the answer."
250,voice,instrument,83,93,0,0,0,0,B5,C7,0,0,0,si,sol#,0,0,0,93,C7,sol#,1046.5,data/analysis_audio/pitchbench_a3_single_pitch_by_duration/B5_voice_250ms.wav,B5_voice_250ms.wav,This audio contains a single musical note. What is the MIDI note number (an integer from 0 to 127)? Reply with ONLY the integer. Nothing else. Output only the answer.,"This audio contains a single musical note. What is the note name and octave? Reply with ONLY the note name in Scientific Pitch Notation (e.g. C4, F#3, Bb5). Nothing else. Output only the answer.","This audio contains a single musical note. What is the solfege syllable and accidental (if needed) of this pitch? Use fixed-do (do=C, re=D, mi=E, fa=F, sol=G, la=A, si=B). Include sharps or flats when needed (e.g. do#, reb, fa#, sib). Do NOT include the octave. Reply with ONLY the syllable and accidental (if needed). Nothing else. Output only the answer.","This audio contains a single musical note. What is the main pitch frequency, expressed in Hertz? Reply with ONLY a number (the frequency in Hz). Nothing else. Output only the answer."
1000,voice,instrument,83,96,0,0,0,0,B5,B5,1,1,1,si,sol#,0,0,1,96,B5,sol#,1046.5,data/analysis_audio/pitchbench_a3_single_pitch_by_duration/B5_voice_1000ms.wav,B5_voice_1000ms.wav,This audio contains a single musical note. What is the MIDI note number (an integer from 0 to 127)? Reply with ONLY the integer. Nothing else. Output only the answer.,"This audio contains a single musical note. What is the note name and octave? Reply with ONLY the note name in Scientific Pitch Notation (e.g. C4, F#3, Bb5). Nothing else. Output only the answer.","This audio contains a single musical note. What is the solfege syllable and accidental (if needed) of this pitch? Use fixed-do (do=C, re=D, mi=E, fa=F, sol=G, la=A, si=B). Include sharps or flats when needed (e.g. do#, reb, fa#, sib). Do NOT include the octave. Reply with ONLY the syllable and accidental (if needed). Nothing else. Output only the answer.","This audio contains a single musical note. What is the main pitch frequency, expressed in Hertz? Reply with ONLY a number (the frequency in Hz). Nothing else. Output only the answer."
4000,voice,instrument,83,95,0,0,1,0,B5,B5,1,1,1,si,do,0,0,1,95,B5,si#,1046.5,data/analysis_audio/pitchbench_a3_single_pitch_by_duration/B5_voice_4000ms.wav,B5_voice_4000ms.wav,This audio contains a single musical note. What is the MIDI note number (an integer from 0 to 127)? Reply with ONLY the integer. Nothing else. Output only the answer.,"This audio contains a single musical note. What is the note name and octave? Reply with ONLY the note name in Scientific Pitch Notation (e.g. C4, F#3, Bb5). Nothing else. Output only the answer.","This audio contains a single musical note. What is the solfege syllable and accidental (if needed) of this pitch? Use fixed-do (do=C, re=D, mi=E, fa=F, sol=G, la=A, si=B). Include sharps or flats when needed (e.g. do#, reb, fa#, sib). Do NOT include the octave. Reply with ONLY the syllable and accidental (if needed). Nothing else. Output only the answer.","This audio contains a single musical note. What is the main pitch frequency, expressed in Hertz? Reply with ONLY a number (the frequency in Hz). Nothing else. Output only the answer."
15000,voice,instrument,83,95,0,0,1,0,B5,B5,1,1,1,si,do,0,0,1,95,B5,si#,880,data/analysis_audio/pitchbench_a3_single_pitch_by_duration/B5_voice_15000ms.wav,B5_voice_15000ms.wav,This audio contains a single musical note. What is the MIDI note number (an integer from 0 to 127)? Reply with ONLY the integer. Nothing else. Output only the answer.,"This audio contains a single musical note. What is the note name and octave? Reply with ONLY the note name in Scientific Pitch Notation (e.g. C4, F#3, Bb5). Nothing else. Output only the answer.","This audio contains a single musical note. What is the solfege syllable and accidental (if needed) of this pitch? Use fixed-do (do=C, re=D, mi=E, fa=F, sol=G, la=A, si=B). Include sharps or flats when needed (e.g. do#, reb, fa#, sib). Do NOT include the octave. Reply with ONLY the syllable and accidental (if needed). Nothing else. Output only the answer.","This audio contains a single musical note. What is the main pitch frequency, expressed in Hertz? Reply with ONLY a number (the frequency in Hz). Nothing else. Output only the answer."
60000,voice,instrument,83,95,0,0,1,0,B5,B5,1,1,1,si,do,0,0,1,95,B5,si#,1000,data/analysis_audio/pitchbench_a3_single_pitch_by_duration/B5_voice_60000ms.wav,B5_voice_60000ms.wav,This audio contains a single musical note. What is the MIDI note number (an integer from 0 to 127)? Reply with ONLY the integer. Nothing else. Output only the answer.,"This audio contains a single musical note. What is the note name and octave? Reply with ONLY the note name in Scientific Pitch Notation (e.g. C4, F#3, Bb5). Nothing else. Output only the answer.","This audio contains a single musical note. What is the solfege syllable and accidental (if needed) of this pitch? Use fixed-do (do=C, re=D, mi=E, fa=F, sol=G, la=A, si=B). Include sharps or flats when needed (e.g. do#, reb, fa#, sib). Do NOT include the octave. Reply with ONLY the syllable and accidental (if needed). Nothing else. Output only the answer.","This audio contains a single musical note. What is the main pitch frequency, expressed in Hertz? Reply with ONLY a number (the frequency in Hz). Nothing else. Output only the answer."
