effect,effect_type,effect_params,noise_seed,source,source_type,midi_gt,midi_pred,midi_correct,midi_within_1,midi_pc_correct,midi_octave_correct,spn_gt,spn_pred,spn_correct,spn_pc_correct,spn_octave_correct,doremi_gt,doremi_pred,doremi_correct,hz_correct,any_correct,raw_midi,raw_spn,raw_doremi,raw_hz,audio_url,audio_file,prompt_midi,prompt_spn,prompt_doremi,prompt_hz
bitcrush_4bit,bitcrush,"{'type': 'bitcrush', 'bit_depth': 4}",3030,triangle,waveform,30,69,0,0,0,0,F#1,A4,0,0,0,fa#,sol,0,0,0,69,A4,sol,440,data/audio/pitchbench_e2_audio_effects/Fs1_triangle_5000ms_fx_bitcrush_4bit.wav,Fs1_triangle_5000ms_fx_bitcrush_4bit.wav,Listen to this audio clip of a single musical note. What is the MIDI note number (an integer from 0 to 127)? Reply with ONLY the integer. Nothing else. Output only the answer.,"Listen to this audio clip of a single musical note. What is the note name and octave? Reply with ONLY the note name in Scientific Pitch Notation (e.g. C4, F#3, Bb5). Nothing else. Output only the answer.","Listen to this audio clip of a single musical note. What is the solfege syllable and accidental (if needed) of this pitch? Use fixed-do (do=C, re=D, mi=E, fa=F, sol=G, la=A, si=B). Include sharps or flats when needed (e.g. do#, reb, fa#, sib). Do NOT include the octave. Reply with ONLY the syllable and accidental (if needed). Nothing else. Output only the answer.","Listen to this audio clip of a single musical note. What is the main pitch frequency, expressed in Hertz? Reply with ONLY a number (the frequency in Hz). Nothing else. Output only the answer."
bitcrush_4bit,bitcrush,"{'type': 'bitcrush', 'bit_depth': 4}",3030,sine,waveform,30,69,0,0,0,0,F#1,F4,0,0,0,fa#,sol,0,0,0,69,F4,sol,440,data/audio/pitchbench_e2_audio_effects/Fs1_sine_5000ms_fx_bitcrush_4bit.wav,Fs1_sine_5000ms_fx_bitcrush_4bit.wav,Listen to this audio clip of a single musical note. What is the MIDI note number (an integer from 0 to 127)? Reply with ONLY the integer. Nothing else. Output only the answer.,"Listen to this audio clip of a single musical note. What is the note name and octave? Reply with ONLY the note name in Scientific Pitch Notation (e.g. C4, F#3, Bb5). Nothing else. Output only the answer.","Listen to this audio clip of a single musical note. What is the solfege syllable and accidental (if needed) of this pitch? Use fixed-do (do=C, re=D, mi=E, fa=F, sol=G, la=A, si=B). Include sharps or flats when needed (e.g. do#, reb, fa#, sib). Do NOT include the octave. Reply with ONLY the syllable and accidental (if needed). Nothing else. Output only the answer.","Listen to this audio clip of a single musical note. What is the main pitch frequency, expressed in Hertz? Reply with ONLY a number (the frequency in Hz). Nothing else. Output only the answer."
bitcrush_4bit,bitcrush,"{'type': 'bitcrush', 'bit_depth': 4}",3030,trumpet,instrument,30,69,0,0,0,0,F#1,A4,0,0,0,fa#,sol,0,0,0,69,A4,sol,440,data/audio/pitchbench_e2_audio_effects/Fs1_trumpet_5000ms_fx_bitcrush_4bit.wav,Fs1_trumpet_5000ms_fx_bitcrush_4bit.wav,Listen to this audio clip of a single musical note. What is the MIDI note number (an integer from 0 to 127)? Reply with ONLY the integer. Nothing else. Output only the answer.,"Listen to this audio clip of a single musical note. What is the note name and octave? Reply with ONLY the note name in Scientific Pitch Notation (e.g. C4, F#3, Bb5). Nothing else. Output only the answer.","Listen to this audio clip of a single musical note. What is the solfege syllable and accidental (if needed) of this pitch? Use fixed-do (do=C, re=D, mi=E, fa=F, sol=G, la=A, si=B). Include sharps or flats when needed (e.g. do#, reb, fa#, sib). Do NOT include the octave. Reply with ONLY the syllable and accidental (if needed). Nothing else. Output only the answer.","Listen to this audio clip of a single musical note. What is the main pitch frequency, expressed in Hertz? Reply with ONLY a number (the frequency in Hz). Nothing else. Output only the answer."
bitcrush_4bit,bitcrush,"{'type': 'bitcrush', 'bit_depth': 4}",3030,flute,instrument,30,69,0,0,0,0,F#1,G3,0,0,0,fa#,sol,0,0,0,69,G3,sol,440,data/audio/pitchbench_e2_audio_effects/Fs1_flute_5000ms_fx_bitcrush_4bit.wav,Fs1_flute_5000ms_fx_bitcrush_4bit.wav,Listen to this audio clip of a single musical note. What is the MIDI note number (an integer from 0 to 127)? Reply with ONLY the integer. Nothing else. Output only the answer.,"Listen to this audio clip of a single musical note. What is the note name and octave? Reply with ONLY the note name in Scientific Pitch Notation (e.g. C4, F#3, Bb5). Nothing else. Output only the answer.","Listen to this audio clip of a single musical note. What is the solfege syllable and accidental (if needed) of this pitch? Use fixed-do (do=C, re=D, mi=E, fa=F, sol=G, la=A, si=B). Include sharps or flats when needed (e.g. do#, reb, fa#, sib). Do NOT include the octave. Reply with ONLY the syllable and accidental (if needed). Nothing else. Output only the answer.","Listen to this audio clip of a single musical note. What is the main pitch frequency, expressed in Hertz? Reply with ONLY a number (the frequency in Hz). Nothing else. Output only the answer."
bitcrush_4bit,bitcrush,"{'type': 'bitcrush', 'bit_depth': 4}",3030,voice,instrument,30,69,0,0,0,0,F#1,A#3,0,0,0,fa#,sol,0,0,0,69,A#3,sol,440,data/audio/pitchbench_e2_audio_effects/Fs1_voice_5000ms_fx_bitcrush_4bit.wav,Fs1_voice_5000ms_fx_bitcrush_4bit.wav,Listen to this audio clip of a single musical note. What is the MIDI note number (an integer from 0 to 127)? Reply with ONLY the integer. Nothing else. Output only the answer.,"Listen to this audio clip of a single musical note. What is the note name and octave? Reply with ONLY the note name in Scientific Pitch Notation (e.g. C4, F#3, Bb5). Nothing else. Output only the answer.","Listen to this audio clip of a single musical note. What is the solfege syllable and accidental (if needed) of this pitch? Use fixed-do (do=C, re=D, mi=E, fa=F, sol=G, la=A, si=B). Include sharps or flats when needed (e.g. do#, reb, fa#, sib). Do NOT include the octave. Reply with ONLY the syllable and accidental (if needed). Nothing else. Output only the answer.","Listen to this audio clip of a single musical note. What is the main pitch frequency, expressed in Hertz? Reply with ONLY a number (the frequency in Hz). Nothing else. Output only the answer."
bitcrush_4bit,bitcrush,"{'type': 'bitcrush', 'bit_depth': 4}",3036,piano,instrument,36,69,0,0,0,0,C2,A4,0,0,0,do,mi,0,0,0,69,A4,mi,440,data/audio/pitchbench_e2_audio_effects/C2_piano_5000ms_fx_bitcrush_4bit.wav,C2_piano_5000ms_fx_bitcrush_4bit.wav,Listen to this audio clip of a single musical note. What is the MIDI note number (an integer from 0 to 127)? Reply with ONLY the integer. Nothing else. Output only the answer.,"Listen to this audio clip of a single musical note. What is the note name and octave? Reply with ONLY the note name in Scientific Pitch Notation (e.g. C4, F#3, Bb5). Nothing else. Output only the answer.","Listen to this audio clip of a single musical note. What is the solfege syllable and accidental (if needed) of this pitch? Use fixed-do (do=C, re=D, mi=E, fa=F, sol=G, la=A, si=B). Include sharps or flats when needed (e.g. do#, reb, fa#, sib). Do NOT include the octave. Reply with ONLY the syllable and accidental (if needed). Nothing else. Output only the answer.","Listen to this audio clip of a single musical note. What is the main pitch frequency, expressed in Hertz? Reply with ONLY a number (the frequency in Hz). Nothing else. Output only the answer."
bitcrush_4bit,bitcrush,"{'type': 'bitcrush', 'bit_depth': 4}",3036,triangle,waveform,36,52,0,0,0,0,C2,E4,0,0,0,do,sol,0,0,0,52,E4,sol,440,data/audio/pitchbench_e2_audio_effects/C2_triangle_5000ms_fx_bitcrush_4bit.wav,C2_triangle_5000ms_fx_bitcrush_4bit.wav,Listen to this audio clip of a single musical note. What is the MIDI note number (an integer from 0 to 127)? Reply with ONLY the integer. Nothing else. Output only the answer.,"Listen to this audio clip of a single musical note. What is the note name and octave? Reply with ONLY the note name in Scientific Pitch Notation (e.g. C4, F#3, Bb5). Nothing else. Output only the answer.","Listen to this audio clip of a single musical note. What is the solfege syllable and accidental (if needed) of this pitch? Use fixed-do (do=C, re=D, mi=E, fa=F, sol=G, la=A, si=B). Include sharps or flats when needed (e.g. do#, reb, fa#, sib). Do NOT include the octave. Reply with ONLY the syllable and accidental (if needed). Nothing else. Output only the answer.","Listen to this audio clip of a single musical note. What is the main pitch frequency, expressed in Hertz? Reply with ONLY a number (the frequency in Hz). Nothing else. Output only the answer."
bitcrush_4bit,bitcrush,"{'type': 'bitcrush', 'bit_depth': 4}",3036,square,waveform,36,69,0,0,0,0,C2,A4,0,0,0,do,sol,0,0,0,69,A4,sol,440,data/audio/pitchbench_e2_audio_effects/C2_square_5000ms_fx_bitcrush_4bit.wav,C2_square_5000ms_fx_bitcrush_4bit.wav,Listen to this audio clip of a single musical note. What is the MIDI note number (an integer from 0 to 127)? Reply with ONLY the integer. Nothing else. Output only the answer.,"Listen to this audio clip of a single musical note. What is the note name and octave? Reply with ONLY the note name in Scientific Pitch Notation (e.g. C4, F#3, Bb5). Nothing else. Output only the answer.","Listen to this audio clip of a single musical note. What is the solfege syllable and accidental (if needed) of this pitch? Use fixed-do (do=C, re=D, mi=E, fa=F, sol=G, la=A, si=B). Include sharps or flats when needed (e.g. do#, reb, fa#, sib). Do NOT include the octave. Reply with ONLY the syllable and accidental (if needed). Nothing else. Output only the answer.","Listen to this audio clip of a single musical note. What is the main pitch frequency, expressed in Hertz? Reply with ONLY a number (the frequency in Hz). Nothing else. Output only the answer."
bitcrush_4bit,bitcrush,"{'type': 'bitcrush', 'bit_depth': 4}",3036,cello,instrument,36,69,0,0,0,0,C2,A4,0,0,0,do,sol,0,0,0,69,A4,sol,440,data/audio/pitchbench_e2_audio_effects/C2_cello_5000ms_fx_bitcrush_4bit.wav,C2_cello_5000ms_fx_bitcrush_4bit.wav,Listen to this audio clip of a single musical note. What is the MIDI note number (an integer from 0 to 127)? Reply with ONLY the integer. Nothing else. Output only the answer.,"Listen to this audio clip of a single musical note. What is the note name and octave? Reply with ONLY the note name in Scientific Pitch Notation (e.g. C4, F#3, Bb5). Nothing else. Output only the answer.","Listen to this audio clip of a single musical note. What is the solfege syllable and accidental (if needed) of this pitch? Use fixed-do (do=C, re=D, mi=E, fa=F, sol=G, la=A, si=B). Include sharps or flats when needed (e.g. do#, reb, fa#, sib). Do NOT include the octave. Reply with ONLY the syllable and accidental (if needed). Nothing else. Output only the answer.","Listen to this audio clip of a single musical note. What is the main pitch frequency, expressed in Hertz? Reply with ONLY a number (the frequency in Hz). Nothing else. Output only the answer."
bitcrush_4bit,bitcrush,"{'type': 'bitcrush', 'bit_depth': 4}",3036,sine,waveform,36,67,0,0,0,0,C2,A4,0,0,0,do,sol,0,0,0,67,A4,sol,440,data/audio/pitchbench_e2_audio_effects/C2_sine_5000ms_fx_bitcrush_4bit.wav,C2_sine_5000ms_fx_bitcrush_4bit.wav,Listen to this audio clip of a single musical note. What is the MIDI note number (an integer from 0 to 127)? Reply with ONLY the integer. Nothing else. Output only the answer.,"Listen to this audio clip of a single musical note. What is the note name and octave? Reply with ONLY the note name in Scientific Pitch Notation (e.g. C4, F#3, Bb5). Nothing else. Output only the answer.","Listen to this audio clip of a single musical note. What is the solfege syllable and accidental (if needed) of this pitch? Use fixed-do (do=C, re=D, mi=E, fa=F, sol=G, la=A, si=B). Include sharps or flats when needed (e.g. do#, reb, fa#, sib). Do NOT include the octave. Reply with ONLY the syllable and accidental (if needed). Nothing else. Output only the answer.","Listen to this audio clip of a single musical note. What is the main pitch frequency, expressed in Hertz? Reply with ONLY a number (the frequency in Hz). Nothing else. Output only the answer."
bitcrush_4bit,bitcrush,"{'type': 'bitcrush', 'bit_depth': 4}",3043,sine,waveform,43,69,0,0,0,0,G2,A4,0,0,0,sol,sol,1,0,0,69,A4,sol,440,data/audio/pitchbench_e2_audio_effects/G2_sine_5000ms_fx_bitcrush_4bit.wav,G2_sine_5000ms_fx_bitcrush_4bit.wav,Listen to this audio clip of a single musical note. What is the MIDI note number (an integer from 0 to 127)? Reply with ONLY the integer. Nothing else. Output only the answer.,"Listen to this audio clip of a single musical note. What is the note name and octave? Reply with ONLY the note name in Scientific Pitch Notation (e.g. C4, F#3, Bb5). Nothing else. Output only the answer.","Listen to this audio clip of a single musical note. What is the solfege syllable and accidental (if needed) of this pitch? Use fixed-do (do=C, re=D, mi=E, fa=F, sol=G, la=A, si=B). Include sharps or flats when needed (e.g. do#, reb, fa#, sib). Do NOT include the octave. Reply with ONLY the syllable and accidental (if needed). Nothing else. Output only the answer.","Listen to this audio clip of a single musical note. What is the main pitch frequency, expressed in Hertz? Reply with ONLY a number (the frequency in Hz). Nothing else. Output only the answer."
bitcrush_4bit,bitcrush,"{'type': 'bitcrush', 'bit_depth': 4}",3043,square,waveform,43,68,0,0,0,0,G2,A4,0,0,0,sol,sol,1,0,0,68,A4,sol,440,data/audio/pitchbench_e2_audio_effects/G2_square_5000ms_fx_bitcrush_4bit.wav,G2_square_5000ms_fx_bitcrush_4bit.wav,Listen to this audio clip of a single musical note. What is the MIDI note number (an integer from 0 to 127)? Reply with ONLY the integer. Nothing else. Output only the answer.,"Listen to this audio clip of a single musical note. What is the note name and octave? Reply with ONLY the note name in Scientific Pitch Notation (e.g. C4, F#3, Bb5). Nothing else. Output only the answer.","Listen to this audio clip of a single musical note. What is the solfege syllable and accidental (if needed) of this pitch? Use fixed-do (do=C, re=D, mi=E, fa=F, sol=G, la=A, si=B). Include sharps or flats when needed (e.g. do#, reb, fa#, sib). Do NOT include the octave. Reply with ONLY the syllable and accidental (if needed). Nothing else. Output only the answer.","Listen to this audio clip of a single musical note. What is the main pitch frequency, expressed in Hertz? Reply with ONLY a number (the frequency in Hz). Nothing else. Output only the answer."
bitcrush_4bit,bitcrush,"{'type': 'bitcrush', 'bit_depth': 4}",3043,guitar,instrument,43,69,0,0,0,0,G2,A3,0,0,0,sol,sol,1,0,0,69,A3,sol,440,data/audio/pitchbench_e2_audio_effects/G2_guitar_5000ms_fx_bitcrush_4bit.wav,G2_guitar_5000ms_fx_bitcrush_4bit.wav,Listen to this audio clip of a single musical note. What is the MIDI note number (an integer from 0 to 127)? Reply with ONLY the integer. Nothing else. Output only the answer.,"Listen to this audio clip of a single musical note. What is the note name and octave? Reply with ONLY the note name in Scientific Pitch Notation (e.g. C4, F#3, Bb5). Nothing else. Output only the answer.","Listen to this audio clip of a single musical note. What is the solfege syllable and accidental (if needed) of this pitch? Use fixed-do (do=C, re=D, mi=E, fa=F, sol=G, la=A, si=B). Include sharps or flats when needed (e.g. do#, reb, fa#, sib). Do NOT include the octave. Reply with ONLY the syllable and accidental (if needed). Nothing else. Output only the answer.","Listen to this audio clip of a single musical note. What is the main pitch frequency, expressed in Hertz? Reply with ONLY a number (the frequency in Hz). Nothing else. Output only the answer."
bitcrush_4bit,bitcrush,"{'type': 'bitcrush', 'bit_depth': 4}",3043,flute,instrument,43,69,0,0,0,0,G2,A3,0,0,0,sol,sol,1,0,0,69,A3,sol,440,data/audio/pitchbench_e2_audio_effects/G2_flute_5000ms_fx_bitcrush_4bit.wav,G2_flute_5000ms_fx_bitcrush_4bit.wav,Listen to this audio clip of a single musical note. What is the MIDI note number (an integer from 0 to 127)? Reply with ONLY the integer. Nothing else. Output only the answer.,"Listen to this audio clip of a single musical note. What is the note name and octave? Reply with ONLY the note name in Scientific Pitch Notation (e.g. C4, F#3, Bb5). Nothing else. Output only the answer.","Listen to this audio clip of a single musical note. What is the solfege syllable and accidental (if needed) of this pitch? Use fixed-do (do=C, re=D, mi=E, fa=F, sol=G, la=A, si=B). Include sharps or flats when needed (e.g. do#, reb, fa#, sib). Do NOT include the octave. Reply with ONLY the syllable and accidental (if needed). Nothing else. Output only the answer.","Listen to this audio clip of a single musical note. What is the main pitch frequency, expressed in Hertz? Reply with ONLY a number (the frequency in Hz). Nothing else. Output only the answer."
bitcrush_4bit,bitcrush,"{'type': 'bitcrush', 'bit_depth': 4}",3043,trumpet,instrument,43,69,0,0,0,0,G2,A#3,0,0,0,sol,sol,1,0,0,69,A#3,sol,440,data/audio/pitchbench_e2_audio_effects/G2_trumpet_5000ms_fx_bitcrush_4bit.wav,G2_trumpet_5000ms_fx_bitcrush_4bit.wav,Listen to this audio clip of a single musical note. What is the MIDI note number (an integer from 0 to 127)? Reply with ONLY the integer. Nothing else. Output only the answer.,"Listen to this audio clip of a single musical note. What is the note name and octave? Reply with ONLY the note name in Scientific Pitch Notation (e.g. C4, F#3, Bb5). Nothing else. Output only the answer.","Listen to this audio clip of a single musical note. What is the solfege syllable and accidental (if needed) of this pitch? Use fixed-do (do=C, re=D, mi=E, fa=F, sol=G, la=A, si=B). Include sharps or flats when needed (e.g. do#, reb, fa#, sib). Do NOT include the octave. Reply with ONLY the syllable and accidental (if needed). Nothing else. Output only the answer.","Listen to this audio clip of a single musical note. What is the main pitch frequency, expressed in Hertz? Reply with ONLY a number (the frequency in Hz). Nothing else. Output only the answer."
bitcrush_4bit,bitcrush,"{'type': 'bitcrush', 'bit_depth': 4}",3048,sine,waveform,48,60,0,0,1,0,C3,G4,0,0,0,do,sol,0,0,0,60,G4,sol,440,data/audio/pitchbench_e2_audio_effects/C3_sine_5000ms_fx_bitcrush_4bit.wav,C3_sine_5000ms_fx_bitcrush_4bit.wav,Listen to this audio clip of a single musical note. What is the MIDI note number (an integer from 0 to 127)? Reply with ONLY the integer. Nothing else. Output only the answer.,"Listen to this audio clip of a single musical note. What is the note name and octave? Reply with ONLY the note name in Scientific Pitch Notation (e.g. C4, F#3, Bb5). Nothing else. Output only the answer.","Listen to this audio clip of a single musical note. What is the solfege syllable and accidental (if needed) of this pitch? Use fixed-do (do=C, re=D, mi=E, fa=F, sol=G, la=A, si=B). Include sharps or flats when needed (e.g. do#, reb, fa#, sib). Do NOT include the octave. Reply with ONLY the syllable and accidental (if needed). Nothing else. Output only the answer.","Listen to this audio clip of a single musical note. What is the main pitch frequency, expressed in Hertz? Reply with ONLY a number (the frequency in Hz). Nothing else. Output only the answer."
bitcrush_4bit,bitcrush,"{'type': 'bitcrush', 'bit_depth': 4}",3048,synth_pad,instrument,48,69,0,0,0,0,C3,A4,0,0,0,do,mi,0,0,0,69,A4,mi,440,data/audio/pitchbench_e2_audio_effects/C3_synth_pad_5000ms_fx_bitcrush_4bit.wav,C3_synth_pad_5000ms_fx_bitcrush_4bit.wav,Listen to this audio clip of a single musical note. What is the MIDI note number (an integer from 0 to 127)? Reply with ONLY the integer. Nothing else. Output only the answer.,"Listen to this audio clip of a single musical note. What is the note name and octave? Reply with ONLY the note name in Scientific Pitch Notation (e.g. C4, F#3, Bb5). Nothing else. Output only the answer.","Listen to this audio clip of a single musical note. What is the solfege syllable and accidental (if needed) of this pitch? Use fixed-do (do=C, re=D, mi=E, fa=F, sol=G, la=A, si=B). Include sharps or flats when needed (e.g. do#, reb, fa#, sib). Do NOT include the octave. Reply with ONLY the syllable and accidental (if needed). Nothing else. Output only the answer.","Listen to this audio clip of a single musical note. What is the main pitch frequency, expressed in Hertz? Reply with ONLY a number (the frequency in Hz). Nothing else. Output only the answer."
bitcrush_4bit,bitcrush,"{'type': 'bitcrush', 'bit_depth': 4}",3048,guitar,instrument,48,69,0,0,0,0,C3,A4,0,0,0,do,fa#,0,0,0,69,A4,fa#,440,data/audio/pitchbench_e2_audio_effects/C3_guitar_5000ms_fx_bitcrush_4bit.wav,C3_guitar_5000ms_fx_bitcrush_4bit.wav,Listen to this audio clip of a single musical note. What is the MIDI note number (an integer from 0 to 127)? Reply with ONLY the integer. Nothing else. Output only the answer.,"Listen to this audio clip of a single musical note. What is the note name and octave? Reply with ONLY the note name in Scientific Pitch Notation (e.g. C4, F#3, Bb5). Nothing else. Output only the answer.","Listen to this audio clip of a single musical note. What is the solfege syllable and accidental (if needed) of this pitch? Use fixed-do (do=C, re=D, mi=E, fa=F, sol=G, la=A, si=B). Include sharps or flats when needed (e.g. do#, reb, fa#, sib). Do NOT include the octave. Reply with ONLY the syllable and accidental (if needed). Nothing else. Output only the answer.","Listen to this audio clip of a single musical note. What is the main pitch frequency, expressed in Hertz? Reply with ONLY a number (the frequency in Hz). Nothing else. Output only the answer."
bitcrush_4bit,bitcrush,"{'type': 'bitcrush', 'bit_depth': 4}",3048,cello,instrument,48,69,0,0,0,0,C3,A3,0,0,1,do,sol,0,0,0,69,A3,sol,440,data/audio/pitchbench_e2_audio_effects/C3_cello_5000ms_fx_bitcrush_4bit.wav,C3_cello_5000ms_fx_bitcrush_4bit.wav,Listen to this audio clip of a single musical note. What is the MIDI note number (an integer from 0 to 127)? Reply with ONLY the integer. Nothing else. Output only the answer.,"Listen to this audio clip of a single musical note. What is the note name and octave? Reply with ONLY the note name in Scientific Pitch Notation (e.g. C4, F#3, Bb5). Nothing else. Output only the answer.","Listen to this audio clip of a single musical note. What is the solfege syllable and accidental (if needed) of this pitch? Use fixed-do (do=C, re=D, mi=E, fa=F, sol=G, la=A, si=B). Include sharps or flats when needed (e.g. do#, reb, fa#, sib). Do NOT include the octave. Reply with ONLY the syllable and accidental (if needed). Nothing else. Output only the answer.","Listen to this audio clip of a single musical note. What is the main pitch frequency, expressed in Hertz? Reply with ONLY a number (the frequency in Hz). Nothing else. Output only the answer."
bitcrush_4bit,bitcrush,"{'type': 'bitcrush', 'bit_depth': 4}",3048,triangle,waveform,48,69,0,0,0,0,C3,A4,0,0,0,do,fa#,0,0,0,69,A4,fa#,440,data/audio/pitchbench_e2_audio_effects/C3_triangle_5000ms_fx_bitcrush_4bit.wav,C3_triangle_5000ms_fx_bitcrush_4bit.wav,Listen to this audio clip of a single musical note. What is the MIDI note number (an integer from 0 to 127)? Reply with ONLY the integer. Nothing else. Output only the answer.,"Listen to this audio clip of a single musical note. What is the note name and octave? Reply with ONLY the note name in Scientific Pitch Notation (e.g. C4, F#3, Bb5). Nothing else. Output only the answer.","Listen to this audio clip of a single musical note. What is the solfege syllable and accidental (if needed) of this pitch? Use fixed-do (do=C, re=D, mi=E, fa=F, sol=G, la=A, si=B). Include sharps or flats when needed (e.g. do#, reb, fa#, sib). Do NOT include the octave. Reply with ONLY the syllable and accidental (if needed). Nothing else. Output only the answer.","Listen to this audio clip of a single musical note. What is the main pitch frequency, expressed in Hertz? Reply with ONLY a number (the frequency in Hz). Nothing else. Output only the answer."
bitcrush_4bit,bitcrush,"{'type': 'bitcrush', 'bit_depth': 4}",3054,organ,instrument,54,69,0,0,0,0,F#3,A4,0,0,0,fa#,mi,0,0,0,69,A4,mi,440,data/audio/pitchbench_e2_audio_effects/Fs3_organ_5000ms_fx_bitcrush_4bit.wav,Fs3_organ_5000ms_fx_bitcrush_4bit.wav,Listen to this audio clip of a single musical note. What is the MIDI note number (an integer from 0 to 127)? Reply with ONLY the integer. Nothing else. Output only the answer.,"Listen to this audio clip of a single musical note. What is the note name and octave? Reply with ONLY the note name in Scientific Pitch Notation (e.g. C4, F#3, Bb5). Nothing else. Output only the answer.","Listen to this audio clip of a single musical note. What is the solfege syllable and accidental (if needed) of this pitch? Use fixed-do (do=C, re=D, mi=E, fa=F, sol=G, la=A, si=B). Include sharps or flats when needed (e.g. do#, reb, fa#, sib). Do NOT include the octave. Reply with ONLY the syllable and accidental (if needed). Nothing else. Output only the answer.","Listen to this audio clip of a single musical note. What is the main pitch frequency, expressed in Hertz? Reply with ONLY a number (the frequency in Hz). Nothing else. Output only the answer."
bitcrush_4bit,bitcrush,"{'type': 'bitcrush', 'bit_depth': 4}",3054,trumpet,instrument,54,69,0,0,0,0,F#3,A#3,0,0,1,fa#,fa,0,0,0,69,A#3,fa,440,data/audio/pitchbench_e2_audio_effects/Fs3_trumpet_5000ms_fx_bitcrush_4bit.wav,Fs3_trumpet_5000ms_fx_bitcrush_4bit.wav,Listen to this audio clip of a single musical note. What is the MIDI note number (an integer from 0 to 127)? Reply with ONLY the integer. Nothing else. Output only the answer.,"Listen to this audio clip of a single musical note. What is the note name and octave? Reply with ONLY the note name in Scientific Pitch Notation (e.g. C4, F#3, Bb5). Nothing else. Output only the answer.","Listen to this audio clip of a single musical note. What is the solfege syllable and accidental (if needed) of this pitch? Use fixed-do (do=C, re=D, mi=E, fa=F, sol=G, la=A, si=B). Include sharps or flats when needed (e.g. do#, reb, fa#, sib). Do NOT include the octave. Reply with ONLY the syllable and accidental (if needed). Nothing else. Output only the answer.","Listen to this audio clip of a single musical note. What is the main pitch frequency, expressed in Hertz? Reply with ONLY a number (the frequency in Hz). Nothing else. Output only the answer."
bitcrush_4bit,bitcrush,"{'type': 'bitcrush', 'bit_depth': 4}",3054,sine,waveform,54,69,0,0,0,0,F#3,A4,0,0,0,fa#,fa#,1,0,0,69,A4,fa#,440,data/audio/pitchbench_e2_audio_effects/Fs3_sine_5000ms_fx_bitcrush_4bit.wav,Fs3_sine_5000ms_fx_bitcrush_4bit.wav,Listen to this audio clip of a single musical note. What is the MIDI note number (an integer from 0 to 127)? Reply with ONLY the integer. Nothing else. Output only the answer.,"Listen to this audio clip of a single musical note. What is the note name and octave? Reply with ONLY the note name in Scientific Pitch Notation (e.g. C4, F#3, Bb5). Nothing else. Output only the answer.","Listen to this audio clip of a single musical note. What is the solfege syllable and accidental (if needed) of this pitch? Use fixed-do (do=C, re=D, mi=E, fa=F, sol=G, la=A, si=B). Include sharps or flats when needed (e.g. do#, reb, fa#, sib). Do NOT include the octave. Reply with ONLY the syllable and accidental (if needed). Nothing else. Output only the answer.","Listen to this audio clip of a single musical note. What is the main pitch frequency, expressed in Hertz? Reply with ONLY a number (the frequency in Hz). Nothing else. Output only the answer."
bitcrush_4bit,bitcrush,"{'type': 'bitcrush', 'bit_depth': 4}",3054,electric_keyboard,instrument,54,69,0,0,0,0,F#3,A3,0,0,1,fa#,sol,0,0,0,69,A3,sol,440,data/audio/pitchbench_e2_audio_effects/Fs3_electric_keyboard_5000ms_fx_bitcrush_4bit.wav,Fs3_electric_keyboard_5000ms_fx_bitcrush_4bit.wav,Listen to this audio clip of a single musical note. What is the MIDI note number (an integer from 0 to 127)? Reply with ONLY the integer. Nothing else. Output only the answer.,"Listen to this audio clip of a single musical note. What is the note name and octave? Reply with ONLY the note name in Scientific Pitch Notation (e.g. C4, F#3, Bb5). Nothing else. Output only the answer.","Listen to this audio clip of a single musical note. What is the solfege syllable and accidental (if needed) of this pitch? Use fixed-do (do=C, re=D, mi=E, fa=F, sol=G, la=A, si=B). Include sharps or flats when needed (e.g. do#, reb, fa#, sib). Do NOT include the octave. Reply with ONLY the syllable and accidental (if needed). Nothing else. Output only the answer.","Listen to this audio clip of a single musical note. What is the main pitch frequency, expressed in Hertz? Reply with ONLY a number (the frequency in Hz). Nothing else. Output only the answer."
bitcrush_4bit,bitcrush,"{'type': 'bitcrush', 'bit_depth': 4}",3054,oboe,instrument,54,69,0,0,0,0,F#3,A3,0,0,1,fa#,sol,0,0,0,69,A3,sol,440,data/audio/pitchbench_e2_audio_effects/Fs3_oboe_5000ms_fx_bitcrush_4bit.wav,Fs3_oboe_5000ms_fx_bitcrush_4bit.wav,Listen to this audio clip of a single musical note. What is the MIDI note number (an integer from 0 to 127)? Reply with ONLY the integer. Nothing else. Output only the answer.,"Listen to this audio clip of a single musical note. What is the note name and octave? Reply with ONLY the note name in Scientific Pitch Notation (e.g. C4, F#3, Bb5). Nothing else. Output only the answer.","Listen to this audio clip of a single musical note. What is the solfege syllable and accidental (if needed) of this pitch? Use fixed-do (do=C, re=D, mi=E, fa=F, sol=G, la=A, si=B). Include sharps or flats when needed (e.g. do#, reb, fa#, sib). Do NOT include the octave. Reply with ONLY the syllable and accidental (if needed). Nothing else. Output only the answer.","Listen to this audio clip of a single musical note. What is the main pitch frequency, expressed in Hertz? Reply with ONLY a number (the frequency in Hz). Nothing else. Output only the answer."
bitcrush_4bit,bitcrush,"{'type': 'bitcrush', 'bit_depth': 4}",3060,cello,instrument,60,69,0,0,0,1,C4,A#3,0,0,0,do,sol,0,0,0,69,A#3,sol,440,data/audio/pitchbench_e2_audio_effects/C4_cello_5000ms_fx_bitcrush_4bit.wav,C4_cello_5000ms_fx_bitcrush_4bit.wav,Listen to this audio clip of a single musical note. What is the MIDI note number (an integer from 0 to 127)? Reply with ONLY the integer. Nothing else. Output only the answer.,"Listen to this audio clip of a single musical note. What is the note name and octave? Reply with ONLY the note name in Scientific Pitch Notation (e.g. C4, F#3, Bb5). Nothing else. Output only the answer.","Listen to this audio clip of a single musical note. What is the solfege syllable and accidental (if needed) of this pitch? Use fixed-do (do=C, re=D, mi=E, fa=F, sol=G, la=A, si=B). Include sharps or flats when needed (e.g. do#, reb, fa#, sib). Do NOT include the octave. Reply with ONLY the syllable and accidental (if needed). Nothing else. Output only the answer.","Listen to this audio clip of a single musical note. What is the main pitch frequency, expressed in Hertz? Reply with ONLY a number (the frequency in Hz). Nothing else. Output only the answer."
bitcrush_4bit,bitcrush,"{'type': 'bitcrush', 'bit_depth': 4}",3060,clarinet,instrument,60,69,0,0,0,1,C4,A4,0,0,1,do,sol#,0,0,0,69,A4,Sol#,440,data/audio/pitchbench_e2_audio_effects/C4_clarinet_5000ms_fx_bitcrush_4bit.wav,C4_clarinet_5000ms_fx_bitcrush_4bit.wav,Listen to this audio clip of a single musical note. What is the MIDI note number (an integer from 0 to 127)? Reply with ONLY the integer. Nothing else. Output only the answer.,"Listen to this audio clip of a single musical note. What is the note name and octave? Reply with ONLY the note name in Scientific Pitch Notation (e.g. C4, F#3, Bb5). Nothing else. Output only the answer.","Listen to this audio clip of a single musical note. What is the solfege syllable and accidental (if needed) of this pitch? Use fixed-do (do=C, re=D, mi=E, fa=F, sol=G, la=A, si=B). Include sharps or flats when needed (e.g. do#, reb, fa#, sib). Do NOT include the octave. Reply with ONLY the syllable and accidental (if needed). Nothing else. Output only the answer.","Listen to this audio clip of a single musical note. What is the main pitch frequency, expressed in Hertz? Reply with ONLY a number (the frequency in Hz). Nothing else. Output only the answer."
bitcrush_4bit,bitcrush,"{'type': 'bitcrush', 'bit_depth': 4}",3060,trumpet,instrument,60,69,0,0,0,1,C4,A4,0,0,1,do,fa#,0,0,0,69,A4,fa#,440,data/audio/pitchbench_e2_audio_effects/C4_trumpet_5000ms_fx_bitcrush_4bit.wav,C4_trumpet_5000ms_fx_bitcrush_4bit.wav,Listen to this audio clip of a single musical note. What is the MIDI note number (an integer from 0 to 127)? Reply with ONLY the integer. Nothing else. Output only the answer.,"Listen to this audio clip of a single musical note. What is the note name and octave? Reply with ONLY the note name in Scientific Pitch Notation (e.g. C4, F#3, Bb5). Nothing else. Output only the answer.","Listen to this audio clip of a single musical note. What is the solfege syllable and accidental (if needed) of this pitch? Use fixed-do (do=C, re=D, mi=E, fa=F, sol=G, la=A, si=B). Include sharps or flats when needed (e.g. do#, reb, fa#, sib). Do NOT include the octave. Reply with ONLY the syllable and accidental (if needed). Nothing else. Output only the answer.","Listen to this audio clip of a single musical note. What is the main pitch frequency, expressed in Hertz? Reply with ONLY a number (the frequency in Hz). Nothing else. Output only the answer."
bitcrush_4bit,bitcrush,"{'type': 'bitcrush', 'bit_depth': 4}",3060,piano,instrument,60,69,0,0,0,1,C4,A4,0,0,1,do,mi,0,0,0,69,A4,mi,440,data/audio/pitchbench_e2_audio_effects/C4_piano_5000ms_fx_bitcrush_4bit.wav,C4_piano_5000ms_fx_bitcrush_4bit.wav,Listen to this audio clip of a single musical note. What is the MIDI note number (an integer from 0 to 127)? Reply with ONLY the integer. Nothing else. Output only the answer.,"Listen to this audio clip of a single musical note. What is the note name and octave? Reply with ONLY the note name in Scientific Pitch Notation (e.g. C4, F#3, Bb5). Nothing else. Output only the answer.","Listen to this audio clip of a single musical note. What is the solfege syllable and accidental (if needed) of this pitch? Use fixed-do (do=C, re=D, mi=E, fa=F, sol=G, la=A, si=B). Include sharps or flats when needed (e.g. do#, reb, fa#, sib). Do NOT include the octave. Reply with ONLY the syllable and accidental (if needed). Nothing else. Output only the answer.","Listen to this audio clip of a single musical note. What is the main pitch frequency, expressed in Hertz? Reply with ONLY a number (the frequency in Hz). Nothing else. Output only the answer."
bitcrush_4bit,bitcrush,"{'type': 'bitcrush', 'bit_depth': 4}",3060,triangle,waveform,60,69,0,0,0,1,C4,G4,0,0,1,do,sol,0,0,0,69,G4,sol,440,data/audio/pitchbench_e2_audio_effects/C4_triangle_5000ms_fx_bitcrush_4bit.wav,C4_triangle_5000ms_fx_bitcrush_4bit.wav,Listen to this audio clip of a single musical note. What is the MIDI note number (an integer from 0 to 127)? Reply with ONLY the integer. Nothing else. Output only the answer.,"Listen to this audio clip of a single musical note. What is the note name and octave? Reply with ONLY the note name in Scientific Pitch Notation (e.g. C4, F#3, Bb5). Nothing else. Output only the answer.","Listen to this audio clip of a single musical note. What is the solfege syllable and accidental (if needed) of this pitch? Use fixed-do (do=C, re=D, mi=E, fa=F, sol=G, la=A, si=B). Include sharps or flats when needed (e.g. do#, reb, fa#, sib). Do NOT include the octave. Reply with ONLY the syllable and accidental (if needed). Nothing else. Output only the answer.","Listen to this audio clip of a single musical note. What is the main pitch frequency, expressed in Hertz? Reply with ONLY a number (the frequency in Hz). Nothing else. Output only the answer."
bitcrush_4bit,bitcrush,"{'type': 'bitcrush', 'bit_depth': 4}",3064,clarinet,instrument,64,69,0,0,0,1,E4,A#4,0,0,1,mi,sol,0,0,0,69,A#4,sol,440,data/audio/pitchbench_e2_audio_effects/E4_clarinet_5000ms_fx_bitcrush_4bit.wav,E4_clarinet_5000ms_fx_bitcrush_4bit.wav,Listen to this audio clip of a single musical note. What is the MIDI note number (an integer from 0 to 127)? Reply with ONLY the integer. Nothing else. Output only the answer.,"Listen to this audio clip of a single musical note. What is the note name and octave? Reply with ONLY the note name in Scientific Pitch Notation (e.g. C4, F#3, Bb5). Nothing else. Output only the answer.","Listen to this audio clip of a single musical note. What is the solfege syllable and accidental (if needed) of this pitch? Use fixed-do (do=C, re=D, mi=E, fa=F, sol=G, la=A, si=B). Include sharps or flats when needed (e.g. do#, reb, fa#, sib). Do NOT include the octave. Reply with ONLY the syllable and accidental (if needed). Nothing else. Output only the answer.","Listen to this audio clip of a single musical note. What is the main pitch frequency, expressed in Hertz? Reply with ONLY a number (the frequency in Hz). Nothing else. Output only the answer."
bitcrush_4bit,bitcrush,"{'type': 'bitcrush', 'bit_depth': 4}",3064,triangle,waveform,64,69,0,0,0,1,E4,A4,0,0,1,mi,fa#,0,0,0,69,A4,fa#,440,data/audio/pitchbench_e2_audio_effects/E4_triangle_5000ms_fx_bitcrush_4bit.wav,E4_triangle_5000ms_fx_bitcrush_4bit.wav,Listen to this audio clip of a single musical note. What is the MIDI note number (an integer from 0 to 127)? Reply with ONLY the integer. Nothing else. Output only the answer.,"Listen to this audio clip of a single musical note. What is the note name and octave? Reply with ONLY the note name in Scientific Pitch Notation (e.g. C4, F#3, Bb5). Nothing else. Output only the answer.","Listen to this audio clip of a single musical note. What is the solfege syllable and accidental (if needed) of this pitch? Use fixed-do (do=C, re=D, mi=E, fa=F, sol=G, la=A, si=B). Include sharps or flats when needed (e.g. do#, reb, fa#, sib). Do NOT include the octave. Reply with ONLY the syllable and accidental (if needed). Nothing else. Output only the answer.","Listen to this audio clip of a single musical note. What is the main pitch frequency, expressed in Hertz? Reply with ONLY a number (the frequency in Hz). Nothing else. Output only the answer."
bitcrush_4bit,bitcrush,"{'type': 'bitcrush', 'bit_depth': 4}",3064,square,waveform,64,69,0,0,0,1,E4,A4,0,0,1,mi,sol,0,0,0,69,A4,sol,440,data/audio/pitchbench_e2_audio_effects/E4_square_5000ms_fx_bitcrush_4bit.wav,E4_square_5000ms_fx_bitcrush_4bit.wav,Listen to this audio clip of a single musical note. What is the MIDI note number (an integer from 0 to 127)? Reply with ONLY the integer. Nothing else. Output only the answer.,"Listen to this audio clip of a single musical note. What is the note name and octave? Reply with ONLY the note name in Scientific Pitch Notation (e.g. C4, F#3, Bb5). Nothing else. Output only the answer.","Listen to this audio clip of a single musical note. What is the solfege syllable and accidental (if needed) of this pitch? Use fixed-do (do=C, re=D, mi=E, fa=F, sol=G, la=A, si=B). Include sharps or flats when needed (e.g. do#, reb, fa#, sib). Do NOT include the octave. Reply with ONLY the syllable and accidental (if needed). Nothing else. Output only the answer.","Listen to this audio clip of a single musical note. What is the main pitch frequency, expressed in Hertz? Reply with ONLY a number (the frequency in Hz). Nothing else. Output only the answer."
bitcrush_4bit,bitcrush,"{'type': 'bitcrush', 'bit_depth': 4}",3064,violin,instrument,64,69,0,0,0,1,E4,A#3,0,0,0,mi,sol,0,0,0,69,A#3,sol,440,data/audio/pitchbench_e2_audio_effects/E4_violin_5000ms_fx_bitcrush_4bit.wav,E4_violin_5000ms_fx_bitcrush_4bit.wav,Listen to this audio clip of a single musical note. What is the MIDI note number (an integer from 0 to 127)? Reply with ONLY the integer. Nothing else. Output only the answer.,"Listen to this audio clip of a single musical note. What is the note name and octave? Reply with ONLY the note name in Scientific Pitch Notation (e.g. C4, F#3, Bb5). Nothing else. Output only the answer.","Listen to this audio clip of a single musical note. What is the solfege syllable and accidental (if needed) of this pitch? Use fixed-do (do=C, re=D, mi=E, fa=F, sol=G, la=A, si=B). Include sharps or flats when needed (e.g. do#, reb, fa#, sib). Do NOT include the octave. Reply with ONLY the syllable and accidental (if needed). Nothing else. Output only the answer.","Listen to this audio clip of a single musical note. What is the main pitch frequency, expressed in Hertz? Reply with ONLY a number (the frequency in Hz). Nothing else. Output only the answer."
bitcrush_4bit,bitcrush,"{'type': 'bitcrush', 'bit_depth': 4}",3064,sawtooth,waveform,64,69,0,0,0,1,E4,F4,0,0,1,mi,sol,0,0,0,69,F4,sol,440,data/audio/pitchbench_e2_audio_effects/E4_sawtooth_5000ms_fx_bitcrush_4bit.wav,E4_sawtooth_5000ms_fx_bitcrush_4bit.wav,Listen to this audio clip of a single musical note. What is the MIDI note number (an integer from 0 to 127)? Reply with ONLY the integer. Nothing else. Output only the answer.,"Listen to this audio clip of a single musical note. What is the note name and octave? Reply with ONLY the note name in Scientific Pitch Notation (e.g. C4, F#3, Bb5). Nothing else. Output only the answer.","Listen to this audio clip of a single musical note. What is the solfege syllable and accidental (if needed) of this pitch? Use fixed-do (do=C, re=D, mi=E, fa=F, sol=G, la=A, si=B). Include sharps or flats when needed (e.g. do#, reb, fa#, sib). Do NOT include the octave. Reply with ONLY the syllable and accidental (if needed). Nothing else. Output only the answer.","Listen to this audio clip of a single musical note. What is the main pitch frequency, expressed in Hertz? Reply with ONLY a number (the frequency in Hz). Nothing else. Output only the answer."
bitcrush_4bit,bitcrush,"{'type': 'bitcrush', 'bit_depth': 4}",3069,oboe,instrument,69,69,1,1,1,1,A4,F4,0,0,1,la,fa,0,1,1,69,F4,fa,440,data/audio/pitchbench_e2_audio_effects/A4_oboe_5000ms_fx_bitcrush_4bit.wav,A4_oboe_5000ms_fx_bitcrush_4bit.wav,Listen to this audio clip of a single musical note. What is the MIDI note number (an integer from 0 to 127)? Reply with ONLY the integer. Nothing else. Output only the answer.,"Listen to this audio clip of a single musical note. What is the note name and octave? Reply with ONLY the note name in Scientific Pitch Notation (e.g. C4, F#3, Bb5). Nothing else. Output only the answer.","Listen to this audio clip of a single musical note. What is the solfege syllable and accidental (if needed) of this pitch? Use fixed-do (do=C, re=D, mi=E, fa=F, sol=G, la=A, si=B). Include sharps or flats when needed (e.g. do#, reb, fa#, sib). Do NOT include the octave. Reply with ONLY the syllable and accidental (if needed). Nothing else. Output only the answer.","Listen to this audio clip of a single musical note. What is the main pitch frequency, expressed in Hertz? Reply with ONLY a number (the frequency in Hz). Nothing else. Output only the answer."
bitcrush_4bit,bitcrush,"{'type': 'bitcrush', 'bit_depth': 4}",3069,voice,instrument,69,69,1,1,1,1,A4,A4,1,1,1,la,sol,0,1,1,69,A4,sol,440,data/audio/pitchbench_e2_audio_effects/A4_voice_5000ms_fx_bitcrush_4bit.wav,A4_voice_5000ms_fx_bitcrush_4bit.wav,Listen to this audio clip of a single musical note. What is the MIDI note number (an integer from 0 to 127)? Reply with ONLY the integer. Nothing else. Output only the answer.,"Listen to this audio clip of a single musical note. What is the note name and octave? Reply with ONLY the note name in Scientific Pitch Notation (e.g. C4, F#3, Bb5). Nothing else. Output only the answer.","Listen to this audio clip of a single musical note. What is the solfege syllable and accidental (if needed) of this pitch? Use fixed-do (do=C, re=D, mi=E, fa=F, sol=G, la=A, si=B). Include sharps or flats when needed (e.g. do#, reb, fa#, sib). Do NOT include the octave. Reply with ONLY the syllable and accidental (if needed). Nothing else. Output only the answer.","Listen to this audio clip of a single musical note. What is the main pitch frequency, expressed in Hertz? Reply with ONLY a number (the frequency in Hz). Nothing else. Output only the answer."
bitcrush_4bit,bitcrush,"{'type': 'bitcrush', 'bit_depth': 4}",3069,trumpet,instrument,69,69,1,1,1,1,A4,A#4,0,0,1,la,sol,0,1,1,69,A#4,sol,440,data/audio/pitchbench_e2_audio_effects/A4_trumpet_5000ms_fx_bitcrush_4bit.wav,A4_trumpet_5000ms_fx_bitcrush_4bit.wav,Listen to this audio clip of a single musical note. What is the MIDI note number (an integer from 0 to 127)? Reply with ONLY the integer. Nothing else. Output only the answer.,"Listen to this audio clip of a single musical note. What is the note name and octave? Reply with ONLY the note name in Scientific Pitch Notation (e.g. C4, F#3, Bb5). Nothing else. Output only the answer.","Listen to this audio clip of a single musical note. What is the solfege syllable and accidental (if needed) of this pitch? Use fixed-do (do=C, re=D, mi=E, fa=F, sol=G, la=A, si=B). Include sharps or flats when needed (e.g. do#, reb, fa#, sib). Do NOT include the octave. Reply with ONLY the syllable and accidental (if needed). Nothing else. Output only the answer.","Listen to this audio clip of a single musical note. What is the main pitch frequency, expressed in Hertz? Reply with ONLY a number (the frequency in Hz). Nothing else. Output only the answer."
bitcrush_4bit,bitcrush,"{'type': 'bitcrush', 'bit_depth': 4}",3069,sawtooth,waveform,69,69,1,1,1,1,A4,G4,0,0,1,la,fa#,0,1,1,69,G4,fa#,440,data/audio/pitchbench_e2_audio_effects/A4_sawtooth_5000ms_fx_bitcrush_4bit.wav,A4_sawtooth_5000ms_fx_bitcrush_4bit.wav,Listen to this audio clip of a single musical note. What is the MIDI note number (an integer from 0 to 127)? Reply with ONLY the integer. Nothing else. Output only the answer.,"Listen to this audio clip of a single musical note. What is the note name and octave? Reply with ONLY the note name in Scientific Pitch Notation (e.g. C4, F#3, Bb5). Nothing else. Output only the answer.","Listen to this audio clip of a single musical note. What is the solfege syllable and accidental (if needed) of this pitch? Use fixed-do (do=C, re=D, mi=E, fa=F, sol=G, la=A, si=B). Include sharps or flats when needed (e.g. do#, reb, fa#, sib). Do NOT include the octave. Reply with ONLY the syllable and accidental (if needed). Nothing else. Output only the answer.","Listen to this audio clip of a single musical note. What is the main pitch frequency, expressed in Hertz? Reply with ONLY a number (the frequency in Hz). Nothing else. Output only the answer."
bitcrush_4bit,bitcrush,"{'type': 'bitcrush', 'bit_depth': 4}",3069,synth_pad,instrument,69,69,1,1,1,1,A4,A4,1,1,1,la,fa#,0,1,1,69,A4,fa#,440,data/audio/pitchbench_e2_audio_effects/A4_synth_pad_5000ms_fx_bitcrush_4bit.wav,A4_synth_pad_5000ms_fx_bitcrush_4bit.wav,Listen to this audio clip of a single musical note. What is the MIDI note number (an integer from 0 to 127)? Reply with ONLY the integer. Nothing else. Output only the answer.,"Listen to this audio clip of a single musical note. What is the note name and octave? Reply with ONLY the note name in Scientific Pitch Notation (e.g. C4, F#3, Bb5). Nothing else. Output only the answer.","Listen to this audio clip of a single musical note. What is the solfege syllable and accidental (if needed) of this pitch? Use fixed-do (do=C, re=D, mi=E, fa=F, sol=G, la=A, si=B). Include sharps or flats when needed (e.g. do#, reb, fa#, sib). Do NOT include the octave. Reply with ONLY the syllable and accidental (if needed). Nothing else. Output only the answer.","Listen to this audio clip of a single musical note. What is the main pitch frequency, expressed in Hertz? Reply with ONLY a number (the frequency in Hz). Nothing else. Output only the answer."
bitcrush_4bit,bitcrush,"{'type': 'bitcrush', 'bit_depth': 4}",3079,organ,instrument,79,72,0,0,0,1,G5,A4,0,0,0,sol,sol,1,0,0,72,A4,sol,440,data/audio/pitchbench_e2_audio_effects/G5_organ_5000ms_fx_bitcrush_4bit.wav,G5_organ_5000ms_fx_bitcrush_4bit.wav,Listen to this audio clip of a single musical note. What is the MIDI note number (an integer from 0 to 127)? Reply with ONLY the integer. Nothing else. Output only the answer.,"Listen to this audio clip of a single musical note. What is the note name and octave? Reply with ONLY the note name in Scientific Pitch Notation (e.g. C4, F#3, Bb5). Nothing else. Output only the answer.","Listen to this audio clip of a single musical note. What is the solfege syllable and accidental (if needed) of this pitch? Use fixed-do (do=C, re=D, mi=E, fa=F, sol=G, la=A, si=B). Include sharps or flats when needed (e.g. do#, reb, fa#, sib). Do NOT include the octave. Reply with ONLY the syllable and accidental (if needed). Nothing else. Output only the answer.","Listen to this audio clip of a single musical note. What is the main pitch frequency, expressed in Hertz? Reply with ONLY a number (the frequency in Hz). Nothing else. Output only the answer."
bitcrush_4bit,bitcrush,"{'type': 'bitcrush', 'bit_depth': 4}",3079,synth_pad,instrument,79,69,0,0,0,0,G5,A#5,0,0,1,sol,sol,1,0,0,69,A#5,sol,440,data/audio/pitchbench_e2_audio_effects/G5_synth_pad_5000ms_fx_bitcrush_4bit.wav,G5_synth_pad_5000ms_fx_bitcrush_4bit.wav,Listen to this audio clip of a single musical note. What is the MIDI note number (an integer from 0 to 127)? Reply with ONLY the integer. Nothing else. Output only the answer.,"Listen to this audio clip of a single musical note. What is the note name and octave? Reply with ONLY the note name in Scientific Pitch Notation (e.g. C4, F#3, Bb5). Nothing else. Output only the answer.","Listen to this audio clip of a single musical note. What is the solfege syllable and accidental (if needed) of this pitch? Use fixed-do (do=C, re=D, mi=E, fa=F, sol=G, la=A, si=B). Include sharps or flats when needed (e.g. do#, reb, fa#, sib). Do NOT include the octave. Reply with ONLY the syllable and accidental (if needed). Nothing else. Output only the answer.","Listen to this audio clip of a single musical note. What is the main pitch frequency, expressed in Hertz? Reply with ONLY a number (the frequency in Hz). Nothing else. Output only the answer."
bitcrush_4bit,bitcrush,"{'type': 'bitcrush', 'bit_depth': 4}",3079,triangle,waveform,79,69,0,0,0,0,G5,F4,0,0,0,sol,sol,1,0,0,69,F4,sol,440,data/audio/pitchbench_e2_audio_effects/G5_triangle_5000ms_fx_bitcrush_4bit.wav,G5_triangle_5000ms_fx_bitcrush_4bit.wav,Listen to this audio clip of a single musical note. What is the MIDI note number (an integer from 0 to 127)? Reply with ONLY the integer. Nothing else. Output only the answer.,"Listen to this audio clip of a single musical note. What is the note name and octave? Reply with ONLY the note name in Scientific Pitch Notation (e.g. C4, F#3, Bb5). Nothing else. Output only the answer.","Listen to this audio clip of a single musical note. What is the solfege syllable and accidental (if needed) of this pitch? Use fixed-do (do=C, re=D, mi=E, fa=F, sol=G, la=A, si=B). Include sharps or flats when needed (e.g. do#, reb, fa#, sib). Do NOT include the octave. Reply with ONLY the syllable and accidental (if needed). Nothing else. Output only the answer.","Listen to this audio clip of a single musical note. What is the main pitch frequency, expressed in Hertz? Reply with ONLY a number (the frequency in Hz). Nothing else. Output only the answer."
bitcrush_4bit,bitcrush,"{'type': 'bitcrush', 'bit_depth': 4}",3079,violin,instrument,79,72,0,0,0,1,G5,A#4,0,0,0,sol,mi,0,0,0,72,A#4,mi,440,data/audio/pitchbench_e2_audio_effects/G5_violin_5000ms_fx_bitcrush_4bit.wav,G5_violin_5000ms_fx_bitcrush_4bit.wav,Listen to this audio clip of a single musical note. What is the MIDI note number (an integer from 0 to 127)? Reply with ONLY the integer. Nothing else. Output only the answer.,"Listen to this audio clip of a single musical note. What is the note name and octave? Reply with ONLY the note name in Scientific Pitch Notation (e.g. C4, F#3, Bb5). Nothing else. Output only the answer.","Listen to this audio clip of a single musical note. What is the solfege syllable and accidental (if needed) of this pitch? Use fixed-do (do=C, re=D, mi=E, fa=F, sol=G, la=A, si=B). Include sharps or flats when needed (e.g. do#, reb, fa#, sib). Do NOT include the octave. Reply with ONLY the syllable and accidental (if needed). Nothing else. Output only the answer.","Listen to this audio clip of a single musical note. What is the main pitch frequency, expressed in Hertz? Reply with ONLY a number (the frequency in Hz). Nothing else. Output only the answer."
bitcrush_4bit,bitcrush,"{'type': 'bitcrush', 'bit_depth': 4}",3079,sawtooth,waveform,79,69,0,0,0,0,G5,A4,0,0,0,sol,sol#,0,0,0,69,A4,sol#,440,data/audio/pitchbench_e2_audio_effects/G5_sawtooth_5000ms_fx_bitcrush_4bit.wav,G5_sawtooth_5000ms_fx_bitcrush_4bit.wav,Listen to this audio clip of a single musical note. What is the MIDI note number (an integer from 0 to 127)? Reply with ONLY the integer. Nothing else. Output only the answer.,"Listen to this audio clip of a single musical note. What is the note name and octave? Reply with ONLY the note name in Scientific Pitch Notation (e.g. C4, F#3, Bb5). Nothing else. Output only the answer.","Listen to this audio clip of a single musical note. What is the solfege syllable and accidental (if needed) of this pitch? Use fixed-do (do=C, re=D, mi=E, fa=F, sol=G, la=A, si=B). Include sharps or flats when needed (e.g. do#, reb, fa#, sib). Do NOT include the octave. Reply with ONLY the syllable and accidental (if needed). Nothing else. Output only the answer.","Listen to this audio clip of a single musical note. What is the main pitch frequency, expressed in Hertz? Reply with ONLY a number (the frequency in Hz). Nothing else. Output only the answer."
bitcrush_4bit,bitcrush,"{'type': 'bitcrush', 'bit_depth': 4}",3088,synth_pad,instrument,88,69,0,0,0,0,E6,A4,0,0,0,mi,sol,0,0,0,69,A4,sol,440,data/audio/pitchbench_e2_audio_effects/E6_synth_pad_5000ms_fx_bitcrush_4bit.wav,E6_synth_pad_5000ms_fx_bitcrush_4bit.wav,Listen to this audio clip of a single musical note. What is the MIDI note number (an integer from 0 to 127)? Reply with ONLY the integer. Nothing else. Output only the answer.,"Listen to this audio clip of a single musical note. What is the note name and octave? Reply with ONLY the note name in Scientific Pitch Notation (e.g. C4, F#3, Bb5). Nothing else. Output only the answer.","Listen to this audio clip of a single musical note. What is the solfege syllable and accidental (if needed) of this pitch? Use fixed-do (do=C, re=D, mi=E, fa=F, sol=G, la=A, si=B). Include sharps or flats when needed (e.g. do#, reb, fa#, sib). Do NOT include the octave. Reply with ONLY the syllable and accidental (if needed). Nothing else. Output only the answer.","Listen to this audio clip of a single musical note. What is the main pitch frequency, expressed in Hertz? Reply with ONLY a number (the frequency in Hz). Nothing else. Output only the answer."
bitcrush_4bit,bitcrush,"{'type': 'bitcrush', 'bit_depth': 4}",3088,trombone,instrument,88,72,0,0,0,0,E6,A4,0,0,0,mi,sol,0,0,0,72,A4,sol,440,data/audio/pitchbench_e2_audio_effects/E6_trombone_5000ms_fx_bitcrush_4bit.wav,E6_trombone_5000ms_fx_bitcrush_4bit.wav,Listen to this audio clip of a single musical note. What is the MIDI note number (an integer from 0 to 127)? Reply with ONLY the integer. Nothing else. Output only the answer.,"Listen to this audio clip of a single musical note. What is the note name and octave? Reply with ONLY the note name in Scientific Pitch Notation (e.g. C4, F#3, Bb5). Nothing else. Output only the answer.","Listen to this audio clip of a single musical note. What is the solfege syllable and accidental (if needed) of this pitch? Use fixed-do (do=C, re=D, mi=E, fa=F, sol=G, la=A, si=B). Include sharps or flats when needed (e.g. do#, reb, fa#, sib). Do NOT include the octave. Reply with ONLY the syllable and accidental (if needed). Nothing else. Output only the answer.","Listen to this audio clip of a single musical note. What is the main pitch frequency, expressed in Hertz? Reply with ONLY a number (the frequency in Hz). Nothing else. Output only the answer."
bitcrush_4bit,bitcrush,"{'type': 'bitcrush', 'bit_depth': 4}",3088,oboe,instrument,88,69,0,0,0,0,E6,F#4,0,0,0,mi,mi,1,0,0,69,F#4,mi,440,data/audio/pitchbench_e2_audio_effects/E6_oboe_5000ms_fx_bitcrush_4bit.wav,E6_oboe_5000ms_fx_bitcrush_4bit.wav,Listen to this audio clip of a single musical note. What is the MIDI note number (an integer from 0 to 127)? Reply with ONLY the integer. Nothing else. Output only the answer.,"Listen to this audio clip of a single musical note. What is the note name and octave? Reply with ONLY the note name in Scientific Pitch Notation (e.g. C4, F#3, Bb5). Nothing else. Output only the answer.","Listen to this audio clip of a single musical note. What is the solfege syllable and accidental (if needed) of this pitch? Use fixed-do (do=C, re=D, mi=E, fa=F, sol=G, la=A, si=B). Include sharps or flats when needed (e.g. do#, reb, fa#, sib). Do NOT include the octave. Reply with ONLY the syllable and accidental (if needed). Nothing else. Output only the answer.","Listen to this audio clip of a single musical note. What is the main pitch frequency, expressed in Hertz? Reply with ONLY a number (the frequency in Hz). Nothing else. Output only the answer."
bitcrush_4bit,bitcrush,"{'type': 'bitcrush', 'bit_depth': 4}",3088,guitar,instrument,88,69,0,0,0,0,E6,E4,0,1,0,mi,sol#,0,0,0,69,E4,sol#,440,data/audio/pitchbench_e2_audio_effects/E6_guitar_5000ms_fx_bitcrush_4bit.wav,E6_guitar_5000ms_fx_bitcrush_4bit.wav,Listen to this audio clip of a single musical note. What is the MIDI note number (an integer from 0 to 127)? Reply with ONLY the integer. Nothing else. Output only the answer.,"Listen to this audio clip of a single musical note. What is the note name and octave? Reply with ONLY the note name in Scientific Pitch Notation (e.g. C4, F#3, Bb5). Nothing else. Output only the answer.","Listen to this audio clip of a single musical note. What is the solfege syllable and accidental (if needed) of this pitch? Use fixed-do (do=C, re=D, mi=E, fa=F, sol=G, la=A, si=B). Include sharps or flats when needed (e.g. do#, reb, fa#, sib). Do NOT include the octave. Reply with ONLY the syllable and accidental (if needed). Nothing else. Output only the answer.","Listen to this audio clip of a single musical note. What is the main pitch frequency, expressed in Hertz? Reply with ONLY a number (the frequency in Hz). Nothing else. Output only the answer."
bitcrush_4bit,bitcrush,"{'type': 'bitcrush', 'bit_depth': 4}",3088,synth_lead,instrument,88,69,0,0,0,0,E6,A4,0,0,0,mi,sol#,0,0,0,69,A4,sol#,440,data/audio/pitchbench_e2_audio_effects/E6_synth_lead_5000ms_fx_bitcrush_4bit.wav,E6_synth_lead_5000ms_fx_bitcrush_4bit.wav,Listen to this audio clip of a single musical note. What is the MIDI note number (an integer from 0 to 127)? Reply with ONLY the integer. Nothing else. Output only the answer.,"Listen to this audio clip of a single musical note. What is the note name and octave? Reply with ONLY the note name in Scientific Pitch Notation (e.g. C4, F#3, Bb5). Nothing else. Output only the answer.","Listen to this audio clip of a single musical note. What is the solfege syllable and accidental (if needed) of this pitch? Use fixed-do (do=C, re=D, mi=E, fa=F, sol=G, la=A, si=B). Include sharps or flats when needed (e.g. do#, reb, fa#, sib). Do NOT include the octave. Reply with ONLY the syllable and accidental (if needed). Nothing else. Output only the answer.","Listen to this audio clip of a single musical note. What is the main pitch frequency, expressed in Hertz? Reply with ONLY a number (the frequency in Hz). Nothing else. Output only the answer."
chorus_heavy,chorus,"{'type': 'chorus', 'rate_hz': 1.2, 'depth': 0.9, 'mix': 0.6}",6030,square,waveform,30,68,0,0,0,0,F#1,A4,0,0,0,fa#,sol,0,0,0,68,A4,sol,440,data/audio/pitchbench_e2_audio_effects/Fs1_square_5000ms_fx_chorus_heavy.wav,Fs1_square_5000ms_fx_chorus_heavy.wav,Listen to this audio clip of a single musical note. What is the MIDI note number (an integer from 0 to 127)? Reply with ONLY the integer. Nothing else. Output only the answer.,"Listen to this audio clip of a single musical note. What is the note name and octave? Reply with ONLY the note name in Scientific Pitch Notation (e.g. C4, F#3, Bb5). Nothing else. Output only the answer.","Listen to this audio clip of a single musical note. What is the solfege syllable and accidental (if needed) of this pitch? Use fixed-do (do=C, re=D, mi=E, fa=F, sol=G, la=A, si=B). Include sharps or flats when needed (e.g. do#, reb, fa#, sib). Do NOT include the octave. Reply with ONLY the syllable and accidental (if needed). Nothing else. Output only the answer.","Listen to this audio clip of a single musical note. What is the main pitch frequency, expressed in Hertz? Reply with ONLY a number (the frequency in Hz). Nothing else. Output only the answer."
chorus_heavy,chorus,"{'type': 'chorus', 'rate_hz': 1.2, 'depth': 0.9, 'mix': 0.6}",6030,sawtooth,waveform,30,69,0,0,0,0,F#1,G3,0,0,0,fa#,fa#,1,0,0,69,G3,fa#,440,data/audio/pitchbench_e2_audio_effects/Fs1_sawtooth_5000ms_fx_chorus_heavy.wav,Fs1_sawtooth_5000ms_fx_chorus_heavy.wav,Listen to this audio clip of a single musical note. What is the MIDI note number (an integer from 0 to 127)? Reply with ONLY the integer. Nothing else. Output only the answer.,"Listen to this audio clip of a single musical note. What is the note name and octave? Reply with ONLY the note name in Scientific Pitch Notation (e.g. C4, F#3, Bb5). Nothing else. Output only the answer.","Listen to this audio clip of a single musical note. What is the solfege syllable and accidental (if needed) of this pitch? Use fixed-do (do=C, re=D, mi=E, fa=F, sol=G, la=A, si=B). Include sharps or flats when needed (e.g. do#, reb, fa#, sib). Do NOT include the octave. Reply with ONLY the syllable and accidental (if needed). Nothing else. Output only the answer.","Listen to this audio clip of a single musical note. What is the main pitch frequency, expressed in Hertz? Reply with ONLY a number (the frequency in Hz). Nothing else. Output only the answer."
chorus_heavy,chorus,"{'type': 'chorus', 'rate_hz': 1.2, 'depth': 0.9, 'mix': 0.6}",6030,flute,instrument,30,69,0,0,0,0,F#1,G2,0,0,0,fa#,sol,0,0,0,69,G2,sol,196,data/audio/pitchbench_e2_audio_effects/Fs1_flute_5000ms_fx_chorus_heavy.wav,Fs1_flute_5000ms_fx_chorus_heavy.wav,Listen to this audio clip of a single musical note. What is the MIDI note number (an integer from 0 to 127)? Reply with ONLY the integer. Nothing else. Output only the answer.,"Listen to this audio clip of a single musical note. What is the note name and octave? Reply with ONLY the note name in Scientific Pitch Notation (e.g. C4, F#3, Bb5). Nothing else. Output only the answer.","Listen to this audio clip of a single musical note. What is the solfege syllable and accidental (if needed) of this pitch? Use fixed-do (do=C, re=D, mi=E, fa=F, sol=G, la=A, si=B). Include sharps or flats when needed (e.g. do#, reb, fa#, sib). Do NOT include the octave. Reply with ONLY the syllable and accidental (if needed). Nothing else. Output only the answer.","Listen to this audio clip of a single musical note. What is the main pitch frequency, expressed in Hertz? Reply with ONLY a number (the frequency in Hz). Nothing else. Output only the answer."
chorus_heavy,chorus,"{'type': 'chorus', 'rate_hz': 1.2, 'depth': 0.9, 'mix': 0.6}",6030,trombone,instrument,30,69,0,0,0,0,F#1,G2,0,0,0,fa#,sol,0,0,0,69,G2,sol,440,data/audio/pitchbench_e2_audio_effects/Fs1_trombone_5000ms_fx_chorus_heavy.wav,Fs1_trombone_5000ms_fx_chorus_heavy.wav,Listen to this audio clip of a single musical note. What is the MIDI note number (an integer from 0 to 127)? Reply with ONLY the integer. Nothing else. Output only the answer.,"Listen to this audio clip of a single musical note. What is the note name and octave? Reply with ONLY the note name in Scientific Pitch Notation (e.g. C4, F#3, Bb5). Nothing else. Output only the answer.","Listen to this audio clip of a single musical note. What is the solfege syllable and accidental (if needed) of this pitch? Use fixed-do (do=C, re=D, mi=E, fa=F, sol=G, la=A, si=B). Include sharps or flats when needed (e.g. do#, reb, fa#, sib). Do NOT include the octave. Reply with ONLY the syllable and accidental (if needed). Nothing else. Output only the answer.","Listen to this audio clip of a single musical note. What is the main pitch frequency, expressed in Hertz? Reply with ONLY a number (the frequency in Hz). Nothing else. Output only the answer."
chorus_heavy,chorus,"{'type': 'chorus', 'rate_hz': 1.2, 'depth': 0.9, 'mix': 0.6}",6030,synth_pad,instrument,30,69,0,0,0,0,F#1,A3,0,0,0,fa#,fa#,1,0,0,69,A3,fa#,440,data/audio/pitchbench_e2_audio_effects/Fs1_synth_pad_5000ms_fx_chorus_heavy.wav,Fs1_synth_pad_5000ms_fx_chorus_heavy.wav,Listen to this audio clip of a single musical note. What is the MIDI note number (an integer from 0 to 127)? Reply with ONLY the integer. Nothing else. Output only the answer.,"Listen to this audio clip of a single musical note. What is the note name and octave? Reply with ONLY the note name in Scientific Pitch Notation (e.g. C4, F#3, Bb5). Nothing else. Output only the answer.","Listen to this audio clip of a single musical note. What is the solfege syllable and accidental (if needed) of this pitch? Use fixed-do (do=C, re=D, mi=E, fa=F, sol=G, la=A, si=B). Include sharps or flats when needed (e.g. do#, reb, fa#, sib). Do NOT include the octave. Reply with ONLY the syllable and accidental (if needed). Nothing else. Output only the answer.","Listen to this audio clip of a single musical note. What is the main pitch frequency, expressed in Hertz? Reply with ONLY a number (the frequency in Hz). Nothing else. Output only the answer."
chorus_heavy,chorus,"{'type': 'chorus', 'rate_hz': 1.2, 'depth': 0.9, 'mix': 0.6}",6036,flute,instrument,36,69,0,0,0,0,C2,A2,0,0,1,do,sol,0,0,0,69,A2,sol,220,data/audio/pitchbench_e2_audio_effects/C2_flute_5000ms_fx_chorus_heavy.wav,C2_flute_5000ms_fx_chorus_heavy.wav,Listen to this audio clip of a single musical note. What is the MIDI note number (an integer from 0 to 127)? Reply with ONLY the integer. Nothing else. Output only the answer.,"Listen to this audio clip of a single musical note. What is the note name and octave? Reply with ONLY the note name in Scientific Pitch Notation (e.g. C4, F#3, Bb5). Nothing else. Output only the answer.","Listen to this audio clip of a single musical note. What is the solfege syllable and accidental (if needed) of this pitch? Use fixed-do (do=C, re=D, mi=E, fa=F, sol=G, la=A, si=B). Include sharps or flats when needed (e.g. do#, reb, fa#, sib). Do NOT include the octave. Reply with ONLY the syllable and accidental (if needed). Nothing else. Output only the answer.","Listen to this audio clip of a single musical note. What is the main pitch frequency, expressed in Hertz? Reply with ONLY a number (the frequency in Hz). Nothing else. Output only the answer."
chorus_heavy,chorus,"{'type': 'chorus', 'rate_hz': 1.2, 'depth': 0.9, 'mix': 0.6}",6036,triangle,waveform,36,69,0,0,0,0,C2,G3,0,0,0,do,sol,0,0,0,69,G3,sol,440,data/audio/pitchbench_e2_audio_effects/C2_triangle_5000ms_fx_chorus_heavy.wav,C2_triangle_5000ms_fx_chorus_heavy.wav,Listen to this audio clip of a single musical note. What is the MIDI note number (an integer from 0 to 127)? Reply with ONLY the integer. Nothing else. Output only the answer.,"Listen to this audio clip of a single musical note. What is the note name and octave? Reply with ONLY the note name in Scientific Pitch Notation (e.g. C4, F#3, Bb5). Nothing else. Output only the answer.","Listen to this audio clip of a single musical note. What is the solfege syllable and accidental (if needed) of this pitch? Use fixed-do (do=C, re=D, mi=E, fa=F, sol=G, la=A, si=B). Include sharps or flats when needed (e.g. do#, reb, fa#, sib). Do NOT include the octave. Reply with ONLY the syllable and accidental (if needed). Nothing else. Output only the answer.","Listen to this audio clip of a single musical note. What is the main pitch frequency, expressed in Hertz? Reply with ONLY a number (the frequency in Hz). Nothing else. Output only the answer."
chorus_heavy,chorus,"{'type': 'chorus', 'rate_hz': 1.2, 'depth': 0.9, 'mix': 0.6}",6036,violin,instrument,36,45,0,0,0,1,C2,G2,0,0,1,do,sol,0,0,0,45,G2,sol,196,data/audio/pitchbench_e2_audio_effects/C2_violin_5000ms_fx_chorus_heavy.wav,C2_violin_5000ms_fx_chorus_heavy.wav,Listen to this audio clip of a single musical note. What is the MIDI note number (an integer from 0 to 127)? Reply with ONLY the integer. Nothing else. Output only the answer.,"Listen to this audio clip of a single musical note. What is the note name and octave? Reply with ONLY the note name in Scientific Pitch Notation (e.g. C4, F#3, Bb5). Nothing else. Output only the answer.","Listen to this audio clip of a single musical note. What is the solfege syllable and accidental (if needed) of this pitch? Use fixed-do (do=C, re=D, mi=E, fa=F, sol=G, la=A, si=B). Include sharps or flats when needed (e.g. do#, reb, fa#, sib). Do NOT include the octave. Reply with ONLY the syllable and accidental (if needed). Nothing else. Output only the answer.","Listen to this audio clip of a single musical note. What is the main pitch frequency, expressed in Hertz? Reply with ONLY a number (the frequency in Hz). Nothing else. Output only the answer."
chorus_heavy,chorus,"{'type': 'chorus', 'rate_hz': 1.2, 'depth': 0.9, 'mix': 0.6}",6036,trumpet,instrument,36,46,0,0,0,1,C2,A#1,0,0,0,do,sol,0,0,0,46,A#1,sol,196,data/audio/pitchbench_e2_audio_effects/C2_trumpet_5000ms_fx_chorus_heavy.wav,C2_trumpet_5000ms_fx_chorus_heavy.wav,Listen to this audio clip of a single musical note. What is the MIDI note number (an integer from 0 to 127)? Reply with ONLY the integer. Nothing else. Output only the answer.,"Listen to this audio clip of a single musical note. What is the note name and octave? Reply with ONLY the note name in Scientific Pitch Notation (e.g. C4, F#3, Bb5). Nothing else. Output only the answer.","Listen to this audio clip of a single musical note. What is the solfege syllable and accidental (if needed) of this pitch? Use fixed-do (do=C, re=D, mi=E, fa=F, sol=G, la=A, si=B). Include sharps or flats when needed (e.g. do#, reb, fa#, sib). Do NOT include the octave. Reply with ONLY the syllable and accidental (if needed). Nothing else. Output only the answer.","Listen to this audio clip of a single musical note. What is the main pitch frequency, expressed in Hertz? Reply with ONLY a number (the frequency in Hz). Nothing else. Output only the answer."
chorus_heavy,chorus,"{'type': 'chorus', 'rate_hz': 1.2, 'depth': 0.9, 'mix': 0.6}",6036,voice,instrument,36,69,0,0,0,0,C2,G3,0,0,0,do,sol,0,0,0,69,G3,sol,440,data/audio/pitchbench_e2_audio_effects/C2_voice_5000ms_fx_chorus_heavy.wav,C2_voice_5000ms_fx_chorus_heavy.wav,Listen to this audio clip of a single musical note. What is the MIDI note number (an integer from 0 to 127)? Reply with ONLY the integer. Nothing else. Output only the answer.,"Listen to this audio clip of a single musical note. What is the note name and octave? Reply with ONLY the note name in Scientific Pitch Notation (e.g. C4, F#3, Bb5). Nothing else. Output only the answer.","Listen to this audio clip of a single musical note. What is the solfege syllable and accidental (if needed) of this pitch? Use fixed-do (do=C, re=D, mi=E, fa=F, sol=G, la=A, si=B). Include sharps or flats when needed (e.g. do#, reb, fa#, sib). Do NOT include the octave. Reply with ONLY the syllable and accidental (if needed). Nothing else. Output only the answer.","Listen to this audio clip of a single musical note. What is the main pitch frequency, expressed in Hertz? Reply with ONLY a number (the frequency in Hz). Nothing else. Output only the answer."
chorus_heavy,chorus,"{'type': 'chorus', 'rate_hz': 1.2, 'depth': 0.9, 'mix': 0.6}",6043,oboe,instrument,43,69,0,0,0,0,G2,F3,0,0,0,sol,sol,1,0,0,69,F3,sol,440,data/audio/pitchbench_e2_audio_effects/G2_oboe_5000ms_fx_chorus_heavy.wav,G2_oboe_5000ms_fx_chorus_heavy.wav,Listen to this audio clip of a single musical note. What is the MIDI note number (an integer from 0 to 127)? Reply with ONLY the integer. Nothing else. Output only the answer.,"Listen to this audio clip of a single musical note. What is the note name and octave? Reply with ONLY the note name in Scientific Pitch Notation (e.g. C4, F#3, Bb5). Nothing else. Output only the answer.","Listen to this audio clip of a single musical note. What is the solfege syllable and accidental (if needed) of this pitch? Use fixed-do (do=C, re=D, mi=E, fa=F, sol=G, la=A, si=B). Include sharps or flats when needed (e.g. do#, reb, fa#, sib). Do NOT include the octave. Reply with ONLY the syllable and accidental (if needed). Nothing else. Output only the answer.","Listen to this audio clip of a single musical note. What is the main pitch frequency, expressed in Hertz? Reply with ONLY a number (the frequency in Hz). Nothing else. Output only the answer."
chorus_heavy,chorus,"{'type': 'chorus', 'rate_hz': 1.2, 'depth': 0.9, 'mix': 0.6}",6043,electric_keyboard,instrument,43,69,0,0,0,0,G2,G2,1,1,1,sol,sol,1,0,1,69,G2,sol,220,data/audio/pitchbench_e2_audio_effects/G2_electric_keyboard_5000ms_fx_chorus_heavy.wav,G2_electric_keyboard_5000ms_fx_chorus_heavy.wav,Listen to this audio clip of a single musical note. What is the MIDI note number (an integer from 0 to 127)? Reply with ONLY the integer. Nothing else. Output only the answer.,"Listen to this audio clip of a single musical note. What is the note name and octave? Reply with ONLY the note name in Scientific Pitch Notation (e.g. C4, F#3, Bb5). Nothing else. Output only the answer.","Listen to this audio clip of a single musical note. What is the solfege syllable and accidental (if needed) of this pitch? Use fixed-do (do=C, re=D, mi=E, fa=F, sol=G, la=A, si=B). Include sharps or flats when needed (e.g. do#, reb, fa#, sib). Do NOT include the octave. Reply with ONLY the syllable and accidental (if needed). Nothing else. Output only the answer.","Listen to this audio clip of a single musical note. What is the main pitch frequency, expressed in Hertz? Reply with ONLY a number (the frequency in Hz). Nothing else. Output only the answer."
chorus_heavy,chorus,"{'type': 'chorus', 'rate_hz': 1.2, 'depth': 0.9, 'mix': 0.6}",6043,voice,instrument,43,69,0,0,0,0,G2,A2,0,0,1,sol,fa#,0,0,0,69,A2,fa#,440,data/audio/pitchbench_e2_audio_effects/G2_voice_5000ms_fx_chorus_heavy.wav,G2_voice_5000ms_fx_chorus_heavy.wav,Listen to this audio clip of a single musical note. What is the MIDI note number (an integer from 0 to 127)? Reply with ONLY the integer. Nothing else. Output only the answer.,"Listen to this audio clip of a single musical note. What is the note name and octave? Reply with ONLY the note name in Scientific Pitch Notation (e.g. C4, F#3, Bb5). Nothing else. Output only the answer.","Listen to this audio clip of a single musical note. What is the solfege syllable and accidental (if needed) of this pitch? Use fixed-do (do=C, re=D, mi=E, fa=F, sol=G, la=A, si=B). Include sharps or flats when needed (e.g. do#, reb, fa#, sib). Do NOT include the octave. Reply with ONLY the syllable and accidental (if needed). Nothing else. Output only the answer.","Listen to this audio clip of a single musical note. What is the main pitch frequency, expressed in Hertz? Reply with ONLY a number (the frequency in Hz). Nothing else. Output only the answer."
chorus_heavy,chorus,"{'type': 'chorus', 'rate_hz': 1.2, 'depth': 0.9, 'mix': 0.6}",6043,synth_lead,instrument,43,69,0,0,0,0,G2,G4,0,1,0,sol,sol,1,0,0,69,G4,sol,440,data/audio/pitchbench_e2_audio_effects/G2_synth_lead_5000ms_fx_chorus_heavy.wav,G2_synth_lead_5000ms_fx_chorus_heavy.wav,Listen to this audio clip of a single musical note. What is the MIDI note number (an integer from 0 to 127)? Reply with ONLY the integer. Nothing else. Output only the answer.,"Listen to this audio clip of a single musical note. What is the note name and octave? Reply with ONLY the note name in Scientific Pitch Notation (e.g. C4, F#3, Bb5). Nothing else. Output only the answer.","Listen to this audio clip of a single musical note. What is the solfege syllable and accidental (if needed) of this pitch? Use fixed-do (do=C, re=D, mi=E, fa=F, sol=G, la=A, si=B). Include sharps or flats when needed (e.g. do#, reb, fa#, sib). Do NOT include the octave. Reply with ONLY the syllable and accidental (if needed). Nothing else. Output only the answer.","Listen to this audio clip of a single musical note. What is the main pitch frequency, expressed in Hertz? Reply with ONLY a number (the frequency in Hz). Nothing else. Output only the answer."
chorus_heavy,chorus,"{'type': 'chorus', 'rate_hz': 1.2, 'depth': 0.9, 'mix': 0.6}",6043,triangle,waveform,43,69,0,0,0,0,G2,G4,0,1,0,sol,sol,1,0,0,69,G4,sol,440,data/audio/pitchbench_e2_audio_effects/G2_triangle_5000ms_fx_chorus_heavy.wav,G2_triangle_5000ms_fx_chorus_heavy.wav,Listen to this audio clip of a single musical note. What is the MIDI note number (an integer from 0 to 127)? Reply with ONLY the integer. Nothing else. Output only the answer.,"Listen to this audio clip of a single musical note. What is the note name and octave? Reply with ONLY the note name in Scientific Pitch Notation (e.g. C4, F#3, Bb5). Nothing else. Output only the answer.","Listen to this audio clip of a single musical note. What is the solfege syllable and accidental (if needed) of this pitch? Use fixed-do (do=C, re=D, mi=E, fa=F, sol=G, la=A, si=B). Include sharps or flats when needed (e.g. do#, reb, fa#, sib). Do NOT include the octave. Reply with ONLY the syllable and accidental (if needed). Nothing else. Output only the answer.","Listen to this audio clip of a single musical note. What is the main pitch frequency, expressed in Hertz? Reply with ONLY a number (the frequency in Hz). Nothing else. Output only the answer."
chorus_heavy,chorus,"{'type': 'chorus', 'rate_hz': 1.2, 'depth': 0.9, 'mix': 0.6}",6048,trumpet,instrument,48,69,0,0,0,0,C3,F#3,0,0,1,do,sol,0,0,0,69,F#3,sol,440,data/audio/pitchbench_e2_audio_effects/C3_trumpet_5000ms_fx_chorus_heavy.wav,C3_trumpet_5000ms_fx_chorus_heavy.wav,Listen to this audio clip of a single musical note. What is the MIDI note number (an integer from 0 to 127)? Reply with ONLY the integer. Nothing else. Output only the answer.,"Listen to this audio clip of a single musical note. What is the note name and octave? Reply with ONLY the note name in Scientific Pitch Notation (e.g. C4, F#3, Bb5). Nothing else. Output only the answer.","Listen to this audio clip of a single musical note. What is the solfege syllable and accidental (if needed) of this pitch? Use fixed-do (do=C, re=D, mi=E, fa=F, sol=G, la=A, si=B). Include sharps or flats when needed (e.g. do#, reb, fa#, sib). Do NOT include the octave. Reply with ONLY the syllable and accidental (if needed). Nothing else. Output only the answer.","Listen to this audio clip of a single musical note. What is the main pitch frequency, expressed in Hertz? Reply with ONLY a number (the frequency in Hz). Nothing else. Output only the answer."
chorus_heavy,chorus,"{'type': 'chorus', 'rate_hz': 1.2, 'depth': 0.9, 'mix': 0.6}",6048,square,waveform,48,69,0,0,0,0,C3,A4,0,0,0,do,sol,0,0,0,69,A4,sol,440,data/audio/pitchbench_e2_audio_effects/C3_square_5000ms_fx_chorus_heavy.wav,C3_square_5000ms_fx_chorus_heavy.wav,Listen to this audio clip of a single musical note. What is the MIDI note number (an integer from 0 to 127)? Reply with ONLY the integer. Nothing else. Output only the answer.,"Listen to this audio clip of a single musical note. What is the note name and octave? Reply with ONLY the note name in Scientific Pitch Notation (e.g. C4, F#3, Bb5). Nothing else. Output only the answer.","Listen to this audio clip of a single musical note. What is the solfege syllable and accidental (if needed) of this pitch? Use fixed-do (do=C, re=D, mi=E, fa=F, sol=G, la=A, si=B). Include sharps or flats when needed (e.g. do#, reb, fa#, sib). Do NOT include the octave. Reply with ONLY the syllable and accidental (if needed). Nothing else. Output only the answer.","Listen to this audio clip of a single musical note. What is the main pitch frequency, expressed in Hertz? Reply with ONLY a number (the frequency in Hz). Nothing else. Output only the answer."
chorus_heavy,chorus,"{'type': 'chorus', 'rate_hz': 1.2, 'depth': 0.9, 'mix': 0.6}",6048,electric_keyboard,instrument,48,69,0,0,0,0,C3,F2,0,0,0,do,sol,0,0,0,69,F2,sol,220,data/audio/pitchbench_e2_audio_effects/C3_electric_keyboard_5000ms_fx_chorus_heavy.wav,C3_electric_keyboard_5000ms_fx_chorus_heavy.wav,Listen to this audio clip of a single musical note. What is the MIDI note number (an integer from 0 to 127)? Reply with ONLY the integer. Nothing else. Output only the answer.,"Listen to this audio clip of a single musical note. What is the note name and octave? Reply with ONLY the note name in Scientific Pitch Notation (e.g. C4, F#3, Bb5). Nothing else. Output only the answer.","Listen to this audio clip of a single musical note. What is the solfege syllable and accidental (if needed) of this pitch? Use fixed-do (do=C, re=D, mi=E, fa=F, sol=G, la=A, si=B). Include sharps or flats when needed (e.g. do#, reb, fa#, sib). Do NOT include the octave. Reply with ONLY the syllable and accidental (if needed). Nothing else. Output only the answer.","Listen to this audio clip of a single musical note. What is the main pitch frequency, expressed in Hertz? Reply with ONLY a number (the frequency in Hz). Nothing else. Output only the answer."
chorus_heavy,chorus,"{'type': 'chorus', 'rate_hz': 1.2, 'depth': 0.9, 'mix': 0.6}",6048,flute,instrument,48,69,0,0,0,0,C3,G2,0,0,0,do,sol,0,0,0,69,G2,sol,440,data/audio/pitchbench_e2_audio_effects/C3_flute_5000ms_fx_chorus_heavy.wav,C3_flute_5000ms_fx_chorus_heavy.wav,Listen to this audio clip of a single musical note. What is the MIDI note number (an integer from 0 to 127)? Reply with ONLY the integer. Nothing else. Output only the answer.,"Listen to this audio clip of a single musical note. What is the note name and octave? Reply with ONLY the note name in Scientific Pitch Notation (e.g. C4, F#3, Bb5). Nothing else. Output only the answer.","Listen to this audio clip of a single musical note. What is the solfege syllable and accidental (if needed) of this pitch? Use fixed-do (do=C, re=D, mi=E, fa=F, sol=G, la=A, si=B). Include sharps or flats when needed (e.g. do#, reb, fa#, sib). Do NOT include the octave. Reply with ONLY the syllable and accidental (if needed). Nothing else. Output only the answer.","Listen to this audio clip of a single musical note. What is the main pitch frequency, expressed in Hertz? Reply with ONLY a number (the frequency in Hz). Nothing else. Output only the answer."
chorus_heavy,chorus,"{'type': 'chorus', 'rate_hz': 1.2, 'depth': 0.9, 'mix': 0.6}",6048,synth_pad,instrument,48,69,0,0,0,0,C3,G2,0,0,0,do,sol,0,0,0,69,G2,sol,196,data/audio/pitchbench_e2_audio_effects/C3_synth_pad_5000ms_fx_chorus_heavy.wav,C3_synth_pad_5000ms_fx_chorus_heavy.wav,Listen to this audio clip of a single musical note. What is the MIDI note number (an integer from 0 to 127)? Reply with ONLY the integer. Nothing else. Output only the answer.,"Listen to this audio clip of a single musical note. What is the note name and octave? Reply with ONLY the note name in Scientific Pitch Notation (e.g. C4, F#3, Bb5). Nothing else. Output only the answer.","Listen to this audio clip of a single musical note. What is the solfege syllable and accidental (if needed) of this pitch? Use fixed-do (do=C, re=D, mi=E, fa=F, sol=G, la=A, si=B). Include sharps or flats when needed (e.g. do#, reb, fa#, sib). Do NOT include the octave. Reply with ONLY the syllable and accidental (if needed). Nothing else. Output only the answer.","Listen to this audio clip of a single musical note. What is the main pitch frequency, expressed in Hertz? Reply with ONLY a number (the frequency in Hz). Nothing else. Output only the answer."
chorus_heavy,chorus,"{'type': 'chorus', 'rate_hz': 1.2, 'depth': 0.9, 'mix': 0.6}",6054,organ,instrument,54,69,0,0,0,0,F#3,G4,0,0,0,fa#,sol,0,0,0,69,G4,sol,440,data/audio/pitchbench_e2_audio_effects/Fs3_organ_5000ms_fx_chorus_heavy.wav,Fs3_organ_5000ms_fx_chorus_heavy.wav,Listen to this audio clip of a single musical note. What is the MIDI note number (an integer from 0 to 127)? Reply with ONLY the integer. Nothing else. Output only the answer.,"Listen to this audio clip of a single musical note. What is the note name and octave? Reply with ONLY the note name in Scientific Pitch Notation (e.g. C4, F#3, Bb5). Nothing else. Output only the answer.","Listen to this audio clip of a single musical note. What is the solfege syllable and accidental (if needed) of this pitch? Use fixed-do (do=C, re=D, mi=E, fa=F, sol=G, la=A, si=B). Include sharps or flats when needed (e.g. do#, reb, fa#, sib). Do NOT include the octave. Reply with ONLY the syllable and accidental (if needed). Nothing else. Output only the answer.","Listen to this audio clip of a single musical note. What is the main pitch frequency, expressed in Hertz? Reply with ONLY a number (the frequency in Hz). Nothing else. Output only the answer."
chorus_heavy,chorus,"{'type': 'chorus', 'rate_hz': 1.2, 'depth': 0.9, 'mix': 0.6}",6054,violin,instrument,54,69,0,0,0,0,F#3,F#3,1,1,1,fa#,fa#,1,0,1,69,F#3,fa#,440,data/audio/pitchbench_e2_audio_effects/Fs3_violin_5000ms_fx_chorus_heavy.wav,Fs3_violin_5000ms_fx_chorus_heavy.wav,Listen to this audio clip of a single musical note. What is the MIDI note number (an integer from 0 to 127)? Reply with ONLY the integer. Nothing else. Output only the answer.,"Listen to this audio clip of a single musical note. What is the note name and octave? Reply with ONLY the note name in Scientific Pitch Notation (e.g. C4, F#3, Bb5). Nothing else. Output only the answer.","Listen to this audio clip of a single musical note. What is the solfege syllable and accidental (if needed) of this pitch? Use fixed-do (do=C, re=D, mi=E, fa=F, sol=G, la=A, si=B). Include sharps or flats when needed (e.g. do#, reb, fa#, sib). Do NOT include the octave. Reply with ONLY the syllable and accidental (if needed). Nothing else. Output only the answer.","Listen to this audio clip of a single musical note. What is the main pitch frequency, expressed in Hertz? Reply with ONLY a number (the frequency in Hz). Nothing else. Output only the answer."
chorus_heavy,chorus,"{'type': 'chorus', 'rate_hz': 1.2, 'depth': 0.9, 'mix': 0.6}",6054,trumpet,instrument,54,69,0,0,0,0,F#3,F#3,1,1,1,fa#,fa#,1,0,1,69,F#3,fa#,440,data/audio/pitchbench_e2_audio_effects/Fs3_trumpet_5000ms_fx_chorus_heavy.wav,Fs3_trumpet_5000ms_fx_chorus_heavy.wav,Listen to this audio clip of a single musical note. What is the MIDI note number (an integer from 0 to 127)? Reply with ONLY the integer. Nothing else. Output only the answer.,"Listen to this audio clip of a single musical note. What is the note name and octave? Reply with ONLY the note name in Scientific Pitch Notation (e.g. C4, F#3, Bb5). Nothing else. Output only the answer.","Listen to this audio clip of a single musical note. What is the solfege syllable and accidental (if needed) of this pitch? Use fixed-do (do=C, re=D, mi=E, fa=F, sol=G, la=A, si=B). Include sharps or flats when needed (e.g. do#, reb, fa#, sib). Do NOT include the octave. Reply with ONLY the syllable and accidental (if needed). Nothing else. Output only the answer.","Listen to this audio clip of a single musical note. What is the main pitch frequency, expressed in Hertz? Reply with ONLY a number (the frequency in Hz). Nothing else. Output only the answer."
chorus_heavy,chorus,"{'type': 'chorus', 'rate_hz': 1.2, 'depth': 0.9, 'mix': 0.6}",6054,flute,instrument,54,69,0,0,0,0,F#3,A#3,0,0,1,fa#,fa,0,0,0,69,A#3,fa,440,data/audio/pitchbench_e2_audio_effects/Fs3_flute_5000ms_fx_chorus_heavy.wav,Fs3_flute_5000ms_fx_chorus_heavy.wav,Listen to this audio clip of a single musical note. What is the MIDI note number (an integer from 0 to 127)? Reply with ONLY the integer. Nothing else. Output only the answer.,"Listen to this audio clip of a single musical note. What is the note name and octave? Reply with ONLY the note name in Scientific Pitch Notation (e.g. C4, F#3, Bb5). Nothing else. Output only the answer.","Listen to this audio clip of a single musical note. What is the solfege syllable and accidental (if needed) of this pitch? Use fixed-do (do=C, re=D, mi=E, fa=F, sol=G, la=A, si=B). Include sharps or flats when needed (e.g. do#, reb, fa#, sib). Do NOT include the octave. Reply with ONLY the syllable and accidental (if needed). Nothing else. Output only the answer.","Listen to this audio clip of a single musical note. What is the main pitch frequency, expressed in Hertz? Reply with ONLY a number (the frequency in Hz). Nothing else. Output only the answer."
chorus_heavy,chorus,"{'type': 'chorus', 'rate_hz': 1.2, 'depth': 0.9, 'mix': 0.6}",6054,clarinet,instrument,54,69,0,0,0,0,F#3,A3,0,0,1,fa#,sol,0,0,0,69,A3,sol,440,data/audio/pitchbench_e2_audio_effects/Fs3_clarinet_5000ms_fx_chorus_heavy.wav,Fs3_clarinet_5000ms_fx_chorus_heavy.wav,Listen to this audio clip of a single musical note. What is the MIDI note number (an integer from 0 to 127)? Reply with ONLY the integer. Nothing else. Output only the answer.,"Listen to this audio clip of a single musical note. What is the note name and octave? Reply with ONLY the note name in Scientific Pitch Notation (e.g. C4, F#3, Bb5). Nothing else. Output only the answer.","Listen to this audio clip of a single musical note. What is the solfege syllable and accidental (if needed) of this pitch? Use fixed-do (do=C, re=D, mi=E, fa=F, sol=G, la=A, si=B). Include sharps or flats when needed (e.g. do#, reb, fa#, sib). Do NOT include the octave. Reply with ONLY the syllable and accidental (if needed). Nothing else. Output only the answer.","Listen to this audio clip of a single musical note. What is the main pitch frequency, expressed in Hertz? Reply with ONLY a number (the frequency in Hz). Nothing else. Output only the answer."
chorus_heavy,chorus,"{'type': 'chorus', 'rate_hz': 1.2, 'depth': 0.9, 'mix': 0.6}",6060,clarinet,instrument,60,69,0,0,0,1,C4,A4,0,0,1,do,sol#,0,0,0,69,A4,Sol#,440,data/audio/pitchbench_e2_audio_effects/C4_clarinet_5000ms_fx_chorus_heavy.wav,C4_clarinet_5000ms_fx_chorus_heavy.wav,Listen to this audio clip of a single musical note. What is the MIDI note number (an integer from 0 to 127)? Reply with ONLY the integer. Nothing else. Output only the answer.,"Listen to this audio clip of a single musical note. What is the note name and octave? Reply with ONLY the note name in Scientific Pitch Notation (e.g. C4, F#3, Bb5). Nothing else. Output only the answer.","Listen to this audio clip of a single musical note. What is the solfege syllable and accidental (if needed) of this pitch? Use fixed-do (do=C, re=D, mi=E, fa=F, sol=G, la=A, si=B). Include sharps or flats when needed (e.g. do#, reb, fa#, sib). Do NOT include the octave. Reply with ONLY the syllable and accidental (if needed). Nothing else. Output only the answer.","Listen to this audio clip of a single musical note. What is the main pitch frequency, expressed in Hertz? Reply with ONLY a number (the frequency in Hz). Nothing else. Output only the answer."
chorus_heavy,chorus,"{'type': 'chorus', 'rate_hz': 1.2, 'depth': 0.9, 'mix': 0.6}",6060,sawtooth,waveform,60,69,0,0,0,1,C4,A#4,0,0,1,do,mi,0,0,0,69,A#4,mi,440,data/audio/pitchbench_e2_audio_effects/C4_sawtooth_5000ms_fx_chorus_heavy.wav,C4_sawtooth_5000ms_fx_chorus_heavy.wav,Listen to this audio clip of a single musical note. What is the MIDI note number (an integer from 0 to 127)? Reply with ONLY the integer. Nothing else. Output only the answer.,"Listen to this audio clip of a single musical note. What is the note name and octave? Reply with ONLY the note name in Scientific Pitch Notation (e.g. C4, F#3, Bb5). Nothing else. Output only the answer.","Listen to this audio clip of a single musical note. What is the solfege syllable and accidental (if needed) of this pitch? Use fixed-do (do=C, re=D, mi=E, fa=F, sol=G, la=A, si=B). Include sharps or flats when needed (e.g. do#, reb, fa#, sib). Do NOT include the octave. Reply with ONLY the syllable and accidental (if needed). Nothing else. Output only the answer.","Listen to this audio clip of a single musical note. What is the main pitch frequency, expressed in Hertz? Reply with ONLY a number (the frequency in Hz). Nothing else. Output only the answer."
chorus_heavy,chorus,"{'type': 'chorus', 'rate_hz': 1.2, 'depth': 0.9, 'mix': 0.6}",6060,flute,instrument,60,69,0,0,0,1,C4,G4,0,0,1,do,fa#,0,0,0,69,G4,fa#,440,data/audio/pitchbench_e2_audio_effects/C4_flute_5000ms_fx_chorus_heavy.wav,C4_flute_5000ms_fx_chorus_heavy.wav,Listen to this audio clip of a single musical note. What is the MIDI note number (an integer from 0 to 127)? Reply with ONLY the integer. Nothing else. Output only the answer.,"Listen to this audio clip of a single musical note. What is the note name and octave? Reply with ONLY the note name in Scientific Pitch Notation (e.g. C4, F#3, Bb5). Nothing else. Output only the answer.","Listen to this audio clip of a single musical note. What is the solfege syllable and accidental (if needed) of this pitch? Use fixed-do (do=C, re=D, mi=E, fa=F, sol=G, la=A, si=B). Include sharps or flats when needed (e.g. do#, reb, fa#, sib). Do NOT include the octave. Reply with ONLY the syllable and accidental (if needed). Nothing else. Output only the answer.","Listen to this audio clip of a single musical note. What is the main pitch frequency, expressed in Hertz? Reply with ONLY a number (the frequency in Hz). Nothing else. Output only the answer."
chorus_heavy,chorus,"{'type': 'chorus', 'rate_hz': 1.2, 'depth': 0.9, 'mix': 0.6}",6060,synth_pad,instrument,60,69,0,0,0,1,C4,G4,0,0,1,do,sol,0,0,0,69,G4,sol,440,data/audio/pitchbench_e2_audio_effects/C4_synth_pad_5000ms_fx_chorus_heavy.wav,C4_synth_pad_5000ms_fx_chorus_heavy.wav,Listen to this audio clip of a single musical note. What is the MIDI note number (an integer from 0 to 127)? Reply with ONLY the integer. Nothing else. Output only the answer.,"Listen to this audio clip of a single musical note. What is the note name and octave? Reply with ONLY the note name in Scientific Pitch Notation (e.g. C4, F#3, Bb5). Nothing else. Output only the answer.","Listen to this audio clip of a single musical note. What is the solfege syllable and accidental (if needed) of this pitch? Use fixed-do (do=C, re=D, mi=E, fa=F, sol=G, la=A, si=B). Include sharps or flats when needed (e.g. do#, reb, fa#, sib). Do NOT include the octave. Reply with ONLY the syllable and accidental (if needed). Nothing else. Output only the answer.","Listen to this audio clip of a single musical note. What is the main pitch frequency, expressed in Hertz? Reply with ONLY a number (the frequency in Hz). Nothing else. Output only the answer."
chorus_heavy,chorus,"{'type': 'chorus', 'rate_hz': 1.2, 'depth': 0.9, 'mix': 0.6}",6060,violin,instrument,60,69,0,0,0,1,C4,A4,0,0,1,do,sol,0,0,0,69,A4,sol,440,data/audio/pitchbench_e2_audio_effects/C4_violin_5000ms_fx_chorus_heavy.wav,C4_violin_5000ms_fx_chorus_heavy.wav,Listen to this audio clip of a single musical note. What is the MIDI note number (an integer from 0 to 127)? Reply with ONLY the integer. Nothing else. Output only the answer.,"Listen to this audio clip of a single musical note. What is the note name and octave? Reply with ONLY the note name in Scientific Pitch Notation (e.g. C4, F#3, Bb5). Nothing else. Output only the answer.","Listen to this audio clip of a single musical note. What is the solfege syllable and accidental (if needed) of this pitch? Use fixed-do (do=C, re=D, mi=E, fa=F, sol=G, la=A, si=B). Include sharps or flats when needed (e.g. do#, reb, fa#, sib). Do NOT include the octave. Reply with ONLY the syllable and accidental (if needed). Nothing else. Output only the answer.","Listen to this audio clip of a single musical note. What is the main pitch frequency, expressed in Hertz? Reply with ONLY a number (the frequency in Hz). Nothing else. Output only the answer."
chorus_heavy,chorus,"{'type': 'chorus', 'rate_hz': 1.2, 'depth': 0.9, 'mix': 0.6}",6064,clarinet,instrument,64,69,0,0,0,1,E4,G4,0,0,1,mi,sol,0,0,0,69,G4,sol,440,data/audio/pitchbench_e2_audio_effects/E4_clarinet_5000ms_fx_chorus_heavy.wav,E4_clarinet_5000ms_fx_chorus_heavy.wav,Listen to this audio clip of a single musical note. What is the MIDI note number (an integer from 0 to 127)? Reply with ONLY the integer. Nothing else. Output only the answer.,"Listen to this audio clip of a single musical note. What is the note name and octave? Reply with ONLY the note name in Scientific Pitch Notation (e.g. C4, F#3, Bb5). Nothing else. Output only the answer.","Listen to this audio clip of a single musical note. What is the solfege syllable and accidental (if needed) of this pitch? Use fixed-do (do=C, re=D, mi=E, fa=F, sol=G, la=A, si=B). Include sharps or flats when needed (e.g. do#, reb, fa#, sib). Do NOT include the octave. Reply with ONLY the syllable and accidental (if needed). Nothing else. Output only the answer.","Listen to this audio clip of a single musical note. What is the main pitch frequency, expressed in Hertz? Reply with ONLY a number (the frequency in Hz). Nothing else. Output only the answer."
chorus_heavy,chorus,"{'type': 'chorus', 'rate_hz': 1.2, 'depth': 0.9, 'mix': 0.6}",6064,violin,instrument,64,69,0,0,0,1,E4,F4,0,0,1,mi,sol,0,0,0,69,F4,sol,440,data/audio/pitchbench_e2_audio_effects/E4_violin_5000ms_fx_chorus_heavy.wav,E4_violin_5000ms_fx_chorus_heavy.wav,Listen to this audio clip of a single musical note. What is the MIDI note number (an integer from 0 to 127)? Reply with ONLY the integer. Nothing else. Output only the answer.,"Listen to this audio clip of a single musical note. What is the note name and octave? Reply with ONLY the note name in Scientific Pitch Notation (e.g. C4, F#3, Bb5). Nothing else. Output only the answer.","Listen to this audio clip of a single musical note. What is the solfege syllable and accidental (if needed) of this pitch? Use fixed-do (do=C, re=D, mi=E, fa=F, sol=G, la=A, si=B). Include sharps or flats when needed (e.g. do#, reb, fa#, sib). Do NOT include the octave. Reply with ONLY the syllable and accidental (if needed). Nothing else. Output only the answer.","Listen to this audio clip of a single musical note. What is the main pitch frequency, expressed in Hertz? Reply with ONLY a number (the frequency in Hz). Nothing else. Output only the answer."
chorus_heavy,chorus,"{'type': 'chorus', 'rate_hz': 1.2, 'depth': 0.9, 'mix': 0.6}",6064,trumpet,instrument,64,69,0,0,0,1,E4,A#4,0,0,1,mi,fa#,0,0,0,69,A#4,fa#,440,data/audio/pitchbench_e2_audio_effects/E4_trumpet_5000ms_fx_chorus_heavy.wav,E4_trumpet_5000ms_fx_chorus_heavy.wav,Listen to this audio clip of a single musical note. What is the MIDI note number (an integer from 0 to 127)? Reply with ONLY the integer. Nothing else. Output only the answer.,"Listen to this audio clip of a single musical note. What is the note name and octave? Reply with ONLY the note name in Scientific Pitch Notation (e.g. C4, F#3, Bb5). Nothing else. Output only the answer.","Listen to this audio clip of a single musical note. What is the solfege syllable and accidental (if needed) of this pitch? Use fixed-do (do=C, re=D, mi=E, fa=F, sol=G, la=A, si=B). Include sharps or flats when needed (e.g. do#, reb, fa#, sib). Do NOT include the octave. Reply with ONLY the syllable and accidental (if needed). Nothing else. Output only the answer.","Listen to this audio clip of a single musical note. What is the main pitch frequency, expressed in Hertz? Reply with ONLY a number (the frequency in Hz). Nothing else. Output only the answer."
chorus_heavy,chorus,"{'type': 'chorus', 'rate_hz': 1.2, 'depth': 0.9, 'mix': 0.6}",6064,square,waveform,64,69,0,0,0,1,E4,A4,0,0,1,mi,sol,0,0,0,69,A4,sol,440,data/audio/pitchbench_e2_audio_effects/E4_square_5000ms_fx_chorus_heavy.wav,E4_square_5000ms_fx_chorus_heavy.wav,Listen to this audio clip of a single musical note. What is the MIDI note number (an integer from 0 to 127)? Reply with ONLY the integer. Nothing else. Output only the answer.,"Listen to this audio clip of a single musical note. What is the note name and octave? Reply with ONLY the note name in Scientific Pitch Notation (e.g. C4, F#3, Bb5). Nothing else. Output only the answer.","Listen to this audio clip of a single musical note. What is the solfege syllable and accidental (if needed) of this pitch? Use fixed-do (do=C, re=D, mi=E, fa=F, sol=G, la=A, si=B). Include sharps or flats when needed (e.g. do#, reb, fa#, sib). Do NOT include the octave. Reply with ONLY the syllable and accidental (if needed). Nothing else. Output only the answer.","Listen to this audio clip of a single musical note. What is the main pitch frequency, expressed in Hertz? Reply with ONLY a number (the frequency in Hz). Nothing else. Output only the answer."
chorus_heavy,chorus,"{'type': 'chorus', 'rate_hz': 1.2, 'depth': 0.9, 'mix': 0.6}",6064,triangle,waveform,64,60,0,0,0,1,E4,G4,0,0,1,mi,sol,0,0,0,60,G4,sol,440,data/audio/pitchbench_e2_audio_effects/E4_triangle_5000ms_fx_chorus_heavy.wav,E4_triangle_5000ms_fx_chorus_heavy.wav,Listen to this audio clip of a single musical note. What is the MIDI note number (an integer from 0 to 127)? Reply with ONLY the integer. Nothing else. Output only the answer.,"Listen to this audio clip of a single musical note. What is the note name and octave? Reply with ONLY the note name in Scientific Pitch Notation (e.g. C4, F#3, Bb5). Nothing else. Output only the answer.","Listen to this audio clip of a single musical note. What is the solfege syllable and accidental (if needed) of this pitch? Use fixed-do (do=C, re=D, mi=E, fa=F, sol=G, la=A, si=B). Include sharps or flats when needed (e.g. do#, reb, fa#, sib). Do NOT include the octave. Reply with ONLY the syllable and accidental (if needed). Nothing else. Output only the answer.","Listen to this audio clip of a single musical note. What is the main pitch frequency, expressed in Hertz? Reply with ONLY a number (the frequency in Hz). Nothing else. Output only the answer."
chorus_heavy,chorus,"{'type': 'chorus', 'rate_hz': 1.2, 'depth': 0.9, 'mix': 0.6}",6069,voice,instrument,69,69,1,1,1,1,A4,A4,1,1,1,la,sol,0,1,1,69,A4,sol,440,data/audio/pitchbench_e2_audio_effects/A4_voice_5000ms_fx_chorus_heavy.wav,A4_voice_5000ms_fx_chorus_heavy.wav,Listen to this audio clip of a single musical note. What is the MIDI note number (an integer from 0 to 127)? Reply with ONLY the integer. Nothing else. Output only the answer.,"Listen to this audio clip of a single musical note. What is the note name and octave? Reply with ONLY the note name in Scientific Pitch Notation (e.g. C4, F#3, Bb5). Nothing else. Output only the answer.","Listen to this audio clip of a single musical note. What is the solfege syllable and accidental (if needed) of this pitch? Use fixed-do (do=C, re=D, mi=E, fa=F, sol=G, la=A, si=B). Include sharps or flats when needed (e.g. do#, reb, fa#, sib). Do NOT include the octave. Reply with ONLY the syllable and accidental (if needed). Nothing else. Output only the answer.","Listen to this audio clip of a single musical note. What is the main pitch frequency, expressed in Hertz? Reply with ONLY a number (the frequency in Hz). Nothing else. Output only the answer."
chorus_heavy,chorus,"{'type': 'chorus', 'rate_hz': 1.2, 'depth': 0.9, 'mix': 0.6}",6069,clarinet,instrument,69,69,1,1,1,1,A4,G4,0,0,1,la,sol#,0,1,1,69,G4,sol#,440,data/audio/pitchbench_e2_audio_effects/A4_clarinet_5000ms_fx_chorus_heavy.wav,A4_clarinet_5000ms_fx_chorus_heavy.wav,Listen to this audio clip of a single musical note. What is the MIDI note number (an integer from 0 to 127)? Reply with ONLY the integer. Nothing else. Output only the answer.,"Listen to this audio clip of a single musical note. What is the note name and octave? Reply with ONLY the note name in Scientific Pitch Notation (e.g. C4, F#3, Bb5). Nothing else. Output only the answer.","Listen to this audio clip of a single musical note. What is the solfege syllable and accidental (if needed) of this pitch? Use fixed-do (do=C, re=D, mi=E, fa=F, sol=G, la=A, si=B). Include sharps or flats when needed (e.g. do#, reb, fa#, sib). Do NOT include the octave. Reply with ONLY the syllable and accidental (if needed). Nothing else. Output only the answer.","Listen to this audio clip of a single musical note. What is the main pitch frequency, expressed in Hertz? Reply with ONLY a number (the frequency in Hz). Nothing else. Output only the answer."
chorus_heavy,chorus,"{'type': 'chorus', 'rate_hz': 1.2, 'depth': 0.9, 'mix': 0.6}",6069,guitar,instrument,69,69,1,1,1,1,A4,F4,0,0,1,la,sol,0,1,1,69,F4,sol,440,data/audio/pitchbench_e2_audio_effects/A4_guitar_5000ms_fx_chorus_heavy.wav,A4_guitar_5000ms_fx_chorus_heavy.wav,Listen to this audio clip of a single musical note. What is the MIDI note number (an integer from 0 to 127)? Reply with ONLY the integer. Nothing else. Output only the answer.,"Listen to this audio clip of a single musical note. What is the note name and octave? Reply with ONLY the note name in Scientific Pitch Notation (e.g. C4, F#3, Bb5). Nothing else. Output only the answer.","Listen to this audio clip of a single musical note. What is the solfege syllable and accidental (if needed) of this pitch? Use fixed-do (do=C, re=D, mi=E, fa=F, sol=G, la=A, si=B). Include sharps or flats when needed (e.g. do#, reb, fa#, sib). Do NOT include the octave. Reply with ONLY the syllable and accidental (if needed). Nothing else. Output only the answer.","Listen to this audio clip of a single musical note. What is the main pitch frequency, expressed in Hertz? Reply with ONLY a number (the frequency in Hz). Nothing else. Output only the answer."
chorus_heavy,chorus,"{'type': 'chorus', 'rate_hz': 1.2, 'depth': 0.9, 'mix': 0.6}",6069,bass,instrument,69,72,0,0,0,0,A4,G4,0,0,1,la,sol,0,1,1,72,G4,sol,440,data/audio/pitchbench_e2_audio_effects/A4_bass_5000ms_fx_chorus_heavy.wav,A4_bass_5000ms_fx_chorus_heavy.wav,Listen to this audio clip of a single musical note. What is the MIDI note number (an integer from 0 to 127)? Reply with ONLY the integer. Nothing else. Output only the answer.,"Listen to this audio clip of a single musical note. What is the note name and octave? Reply with ONLY the note name in Scientific Pitch Notation (e.g. C4, F#3, Bb5). Nothing else. Output only the answer.","Listen to this audio clip of a single musical note. What is the solfege syllable and accidental (if needed) of this pitch? Use fixed-do (do=C, re=D, mi=E, fa=F, sol=G, la=A, si=B). Include sharps or flats when needed (e.g. do#, reb, fa#, sib). Do NOT include the octave. Reply with ONLY the syllable and accidental (if needed). Nothing else. Output only the answer.","Listen to this audio clip of a single musical note. What is the main pitch frequency, expressed in Hertz? Reply with ONLY a number (the frequency in Hz). Nothing else. Output only the answer."
chorus_heavy,chorus,"{'type': 'chorus', 'rate_hz': 1.2, 'depth': 0.9, 'mix': 0.6}",6069,synth_lead,instrument,69,69,1,1,1,1,A4,G3,0,0,0,la,sol#,0,1,1,69,G3,sol#,440,data/audio/pitchbench_e2_audio_effects/A4_synth_lead_5000ms_fx_chorus_heavy.wav,A4_synth_lead_5000ms_fx_chorus_heavy.wav,Listen to this audio clip of a single musical note. What is the MIDI note number (an integer from 0 to 127)? Reply with ONLY the integer. Nothing else. Output only the answer.,"Listen to this audio clip of a single musical note. What is the note name and octave? Reply with ONLY the note name in Scientific Pitch Notation (e.g. C4, F#3, Bb5). Nothing else. Output only the answer.","Listen to this audio clip of a single musical note. What is the solfege syllable and accidental (if needed) of this pitch? Use fixed-do (do=C, re=D, mi=E, fa=F, sol=G, la=A, si=B). Include sharps or flats when needed (e.g. do#, reb, fa#, sib). Do NOT include the octave. Reply with ONLY the syllable and accidental (if needed). Nothing else. Output only the answer.","Listen to this audio clip of a single musical note. What is the main pitch frequency, expressed in Hertz? Reply with ONLY a number (the frequency in Hz). Nothing else. Output only the answer."
chorus_heavy,chorus,"{'type': 'chorus', 'rate_hz': 1.2, 'depth': 0.9, 'mix': 0.6}",6079,organ,instrument,79,72,0,0,0,1,G5,G5,1,1,1,sol,sol,1,0,1,72,G5,sol,440,data/audio/pitchbench_e2_audio_effects/G5_organ_5000ms_fx_chorus_heavy.wav,G5_organ_5000ms_fx_chorus_heavy.wav,Listen to this audio clip of a single musical note. What is the MIDI note number (an integer from 0 to 127)? Reply with ONLY the integer. Nothing else. Output only the answer.,"Listen to this audio clip of a single musical note. What is the note name and octave? Reply with ONLY the note name in Scientific Pitch Notation (e.g. C4, F#3, Bb5). Nothing else. Output only the answer.","Listen to this audio clip of a single musical note. What is the solfege syllable and accidental (if needed) of this pitch? Use fixed-do (do=C, re=D, mi=E, fa=F, sol=G, la=A, si=B). Include sharps or flats when needed (e.g. do#, reb, fa#, sib). Do NOT include the octave. Reply with ONLY the syllable and accidental (if needed). Nothing else. Output only the answer.","Listen to this audio clip of a single musical note. What is the main pitch frequency, expressed in Hertz? Reply with ONLY a number (the frequency in Hz). Nothing else. Output only the answer."
chorus_heavy,chorus,"{'type': 'chorus', 'rate_hz': 1.2, 'depth': 0.9, 'mix': 0.6}",6079,piano,instrument,79,69,0,0,0,0,G5,G5,1,1,1,sol,mi,0,0,1,69,G5,mi,440,data/audio/pitchbench_e2_audio_effects/G5_piano_5000ms_fx_chorus_heavy.wav,G5_piano_5000ms_fx_chorus_heavy.wav,Listen to this audio clip of a single musical note. What is the MIDI note number (an integer from 0 to 127)? Reply with ONLY the integer. Nothing else. Output only the answer.,"Listen to this audio clip of a single musical note. What is the note name and octave? Reply with ONLY the note name in Scientific Pitch Notation (e.g. C4, F#3, Bb5). Nothing else. Output only the answer.","Listen to this audio clip of a single musical note. What is the solfege syllable and accidental (if needed) of this pitch? Use fixed-do (do=C, re=D, mi=E, fa=F, sol=G, la=A, si=B). Include sharps or flats when needed (e.g. do#, reb, fa#, sib). Do NOT include the octave. Reply with ONLY the syllable and accidental (if needed). Nothing else. Output only the answer.","Listen to this audio clip of a single musical note. What is the main pitch frequency, expressed in Hertz? Reply with ONLY a number (the frequency in Hz). Nothing else. Output only the answer."
chorus_heavy,chorus,"{'type': 'chorus', 'rate_hz': 1.2, 'depth': 0.9, 'mix': 0.6}",6079,trumpet,instrument,79,69,0,0,0,0,G5,F5,0,0,1,sol,fa#,0,0,0,69,F5,fa#,440,data/audio/pitchbench_e2_audio_effects/G5_trumpet_5000ms_fx_chorus_heavy.wav,G5_trumpet_5000ms_fx_chorus_heavy.wav,Listen to this audio clip of a single musical note. What is the MIDI note number (an integer from 0 to 127)? Reply with ONLY the integer. Nothing else. Output only the answer.,"Listen to this audio clip of a single musical note. What is the note name and octave? Reply with ONLY the note name in Scientific Pitch Notation (e.g. C4, F#3, Bb5). Nothing else. Output only the answer.","Listen to this audio clip of a single musical note. What is the solfege syllable and accidental (if needed) of this pitch? Use fixed-do (do=C, re=D, mi=E, fa=F, sol=G, la=A, si=B). Include sharps or flats when needed (e.g. do#, reb, fa#, sib). Do NOT include the octave. Reply with ONLY the syllable and accidental (if needed). Nothing else. Output only the answer.","Listen to this audio clip of a single musical note. What is the main pitch frequency, expressed in Hertz? Reply with ONLY a number (the frequency in Hz). Nothing else. Output only the answer."
chorus_heavy,chorus,"{'type': 'chorus', 'rate_hz': 1.2, 'depth': 0.9, 'mix': 0.6}",6079,synth_pad,instrument,79,72,0,0,0,1,G5,A#5,0,0,1,sol,mi,0,0,0,72,A#5,mi,440,data/audio/pitchbench_e2_audio_effects/G5_synth_pad_5000ms_fx_chorus_heavy.wav,G5_synth_pad_5000ms_fx_chorus_heavy.wav,Listen to this audio clip of a single musical note. What is the MIDI note number (an integer from 0 to 127)? Reply with ONLY the integer. Nothing else. Output only the answer.,"Listen to this audio clip of a single musical note. What is the note name and octave? Reply with ONLY the note name in Scientific Pitch Notation (e.g. C4, F#3, Bb5). Nothing else. Output only the answer.","Listen to this audio clip of a single musical note. What is the solfege syllable and accidental (if needed) of this pitch? Use fixed-do (do=C, re=D, mi=E, fa=F, sol=G, la=A, si=B). Include sharps or flats when needed (e.g. do#, reb, fa#, sib). Do NOT include the octave. Reply with ONLY the syllable and accidental (if needed). Nothing else. Output only the answer.","Listen to this audio clip of a single musical note. What is the main pitch frequency, expressed in Hertz? Reply with ONLY a number (the frequency in Hz). Nothing else. Output only the answer."
chorus_heavy,chorus,"{'type': 'chorus', 'rate_hz': 1.2, 'depth': 0.9, 'mix': 0.6}",6079,triangle,waveform,79,69,0,0,0,0,G5,G4,0,1,0,sol,sol#,0,0,0,69,G4,sol#,440,data/audio/pitchbench_e2_audio_effects/G5_triangle_5000ms_fx_chorus_heavy.wav,G5_triangle_5000ms_fx_chorus_heavy.wav,Listen to this audio clip of a single musical note. What is the MIDI note number (an integer from 0 to 127)? Reply with ONLY the integer. Nothing else. Output only the answer.,"Listen to this audio clip of a single musical note. What is the note name and octave? Reply with ONLY the note name in Scientific Pitch Notation (e.g. C4, F#3, Bb5). Nothing else. Output only the answer.","Listen to this audio clip of a single musical note. What is the solfege syllable and accidental (if needed) of this pitch? Use fixed-do (do=C, re=D, mi=E, fa=F, sol=G, la=A, si=B). Include sharps or flats when needed (e.g. do#, reb, fa#, sib). Do NOT include the octave. Reply with ONLY the syllable and accidental (if needed). Nothing else. Output only the answer.","Listen to this audio clip of a single musical note. What is the main pitch frequency, expressed in Hertz? Reply with ONLY a number (the frequency in Hz). Nothing else. Output only the answer."
chorus_heavy,chorus,"{'type': 'chorus', 'rate_hz': 1.2, 'depth': 0.9, 'mix': 0.6}",6088,synth_pad,instrument,88,72,0,0,0,0,E6,E6,1,1,1,mi,sol,0,0,1,72,E6,sol,440,data/audio/pitchbench_e2_audio_effects/E6_synth_pad_5000ms_fx_chorus_heavy.wav,E6_synth_pad_5000ms_fx_chorus_heavy.wav,Listen to this audio clip of a single musical note. What is the MIDI note number (an integer from 0 to 127)? Reply with ONLY the integer. Nothing else. Output only the answer.,"Listen to this audio clip of a single musical note. What is the note name and octave? Reply with ONLY the note name in Scientific Pitch Notation (e.g. C4, F#3, Bb5). Nothing else. Output only the answer.","Listen to this audio clip of a single musical note. What is the solfege syllable and accidental (if needed) of this pitch? Use fixed-do (do=C, re=D, mi=E, fa=F, sol=G, la=A, si=B). Include sharps or flats when needed (e.g. do#, reb, fa#, sib). Do NOT include the octave. Reply with ONLY the syllable and accidental (if needed). Nothing else. Output only the answer.","Listen to this audio clip of a single musical note. What is the main pitch frequency, expressed in Hertz? Reply with ONLY a number (the frequency in Hz). Nothing else. Output only the answer."
chorus_heavy,chorus,"{'type': 'chorus', 'rate_hz': 1.2, 'depth': 0.9, 'mix': 0.6}",6088,voice,instrument,88,83,0,0,0,0,E6,E6,1,1,1,mi,sol,0,0,1,83,E6,sol,880,data/audio/pitchbench_e2_audio_effects/E6_voice_5000ms_fx_chorus_heavy.wav,E6_voice_5000ms_fx_chorus_heavy.wav,Listen to this audio clip of a single musical note. What is the MIDI note number (an integer from 0 to 127)? Reply with ONLY the integer. Nothing else. Output only the answer.,"Listen to this audio clip of a single musical note. What is the note name and octave? Reply with ONLY the note name in Scientific Pitch Notation (e.g. C4, F#3, Bb5). Nothing else. Output only the answer.","Listen to this audio clip of a single musical note. What is the solfege syllable and accidental (if needed) of this pitch? Use fixed-do (do=C, re=D, mi=E, fa=F, sol=G, la=A, si=B). Include sharps or flats when needed (e.g. do#, reb, fa#, sib). Do NOT include the octave. Reply with ONLY the syllable and accidental (if needed). Nothing else. Output only the answer.","Listen to this audio clip of a single musical note. What is the main pitch frequency, expressed in Hertz? Reply with ONLY a number (the frequency in Hz). Nothing else. Output only the answer."
chorus_heavy,chorus,"{'type': 'chorus', 'rate_hz': 1.2, 'depth': 0.9, 'mix': 0.6}",6088,trumpet,instrument,88,72,0,0,0,0,E6,E6,1,1,1,mi,fa#,0,0,1,72,E6,fa#,440,data/audio/pitchbench_e2_audio_effects/E6_trumpet_5000ms_fx_chorus_heavy.wav,E6_trumpet_5000ms_fx_chorus_heavy.wav,Listen to this audio clip of a single musical note. What is the MIDI note number (an integer from 0 to 127)? Reply with ONLY the integer. Nothing else. Output only the answer.,"Listen to this audio clip of a single musical note. What is the note name and octave? Reply with ONLY the note name in Scientific Pitch Notation (e.g. C4, F#3, Bb5). Nothing else. Output only the answer.","Listen to this audio clip of a single musical note. What is the solfege syllable and accidental (if needed) of this pitch? Use fixed-do (do=C, re=D, mi=E, fa=F, sol=G, la=A, si=B). Include sharps or flats when needed (e.g. do#, reb, fa#, sib). Do NOT include the octave. Reply with ONLY the syllable and accidental (if needed). Nothing else. Output only the answer.","Listen to this audio clip of a single musical note. What is the main pitch frequency, expressed in Hertz? Reply with ONLY a number (the frequency in Hz). Nothing else. Output only the answer."
chorus_heavy,chorus,"{'type': 'chorus', 'rate_hz': 1.2, 'depth': 0.9, 'mix': 0.6}",6088,cello,instrument,88,83,0,0,0,0,E6,E6,1,1,1,mi,mi,1,0,1,83,E6,mi,880,data/audio/pitchbench_e2_audio_effects/E6_cello_5000ms_fx_chorus_heavy.wav,E6_cello_5000ms_fx_chorus_heavy.wav,Listen to this audio clip of a single musical note. What is the MIDI note number (an integer from 0 to 127)? Reply with ONLY the integer. Nothing else. Output only the answer.,"Listen to this audio clip of a single musical note. What is the note name and octave? Reply with ONLY the note name in Scientific Pitch Notation (e.g. C4, F#3, Bb5). Nothing else. Output only the answer.","Listen to this audio clip of a single musical note. What is the solfege syllable and accidental (if needed) of this pitch? Use fixed-do (do=C, re=D, mi=E, fa=F, sol=G, la=A, si=B). Include sharps or flats when needed (e.g. do#, reb, fa#, sib). Do NOT include the octave. Reply with ONLY the syllable and accidental (if needed). Nothing else. Output only the answer.","Listen to this audio clip of a single musical note. What is the main pitch frequency, expressed in Hertz? Reply with ONLY a number (the frequency in Hz). Nothing else. Output only the answer."
chorus_heavy,chorus,"{'type': 'chorus', 'rate_hz': 1.2, 'depth': 0.9, 'mix': 0.6}",6088,organ,instrument,88,72,0,0,0,0,E6,E6,1,1,1,mi,sol#,0,0,1,72,E6,sol#,440,data/audio/pitchbench_e2_audio_effects/E6_organ_5000ms_fx_chorus_heavy.wav,E6_organ_5000ms_fx_chorus_heavy.wav,Listen to this audio clip of a single musical note. What is the MIDI note number (an integer from 0 to 127)? Reply with ONLY the integer. Nothing else. Output only the answer.,"Listen to this audio clip of a single musical note. What is the note name and octave? Reply with ONLY the note name in Scientific Pitch Notation (e.g. C4, F#3, Bb5). Nothing else. Output only the answer.","Listen to this audio clip of a single musical note. What is the solfege syllable and accidental (if needed) of this pitch? Use fixed-do (do=C, re=D, mi=E, fa=F, sol=G, la=A, si=B). Include sharps or flats when needed (e.g. do#, reb, fa#, sib). Do NOT include the octave. Reply with ONLY the syllable and accidental (if needed). Nothing else. Output only the answer.","Listen to this audio clip of a single musical note. What is the main pitch frequency, expressed in Hertz? Reply with ONLY a number (the frequency in Hz). Nothing else. Output only the answer."
clean,clean,{},30,voice,instrument,30,69,0,0,0,0,F#1,A2,0,0,0,fa#,sol,0,0,0,69,A2,sol,440,data/audio/pitchbench_e2_audio_effects/Fs1_voice_5000ms_fx_clean.wav,Fs1_voice_5000ms_fx_clean.wav,Listen to this audio clip of a single musical note. What is the MIDI note number (an integer from 0 to 127)? Reply with ONLY the integer. Nothing else. Output only the answer.,"Listen to this audio clip of a single musical note. What is the note name and octave? Reply with ONLY the note name in Scientific Pitch Notation (e.g. C4, F#3, Bb5). Nothing else. Output only the answer.","Listen to this audio clip of a single musical note. What is the solfege syllable and accidental (if needed) of this pitch? Use fixed-do (do=C, re=D, mi=E, fa=F, sol=G, la=A, si=B). Include sharps or flats when needed (e.g. do#, reb, fa#, sib). Do NOT include the octave. Reply with ONLY the syllable and accidental (if needed). Nothing else. Output only the answer.","Listen to this audio clip of a single musical note. What is the main pitch frequency, expressed in Hertz? Reply with ONLY a number (the frequency in Hz). Nothing else. Output only the answer."
clean,clean,{},30,violin,instrument,30,69,0,0,0,0,F#1,A2,0,0,0,fa#,sol,0,0,0,69,A2,sol,440,data/audio/pitchbench_e2_audio_effects/Fs1_violin_5000ms_fx_clean.wav,Fs1_violin_5000ms_fx_clean.wav,Listen to this audio clip of a single musical note. What is the MIDI note number (an integer from 0 to 127)? Reply with ONLY the integer. Nothing else. Output only the answer.,"Listen to this audio clip of a single musical note. What is the note name and octave? Reply with ONLY the note name in Scientific Pitch Notation (e.g. C4, F#3, Bb5). Nothing else. Output only the answer.","Listen to this audio clip of a single musical note. What is the solfege syllable and accidental (if needed) of this pitch? Use fixed-do (do=C, re=D, mi=E, fa=F, sol=G, la=A, si=B). Include sharps or flats when needed (e.g. do#, reb, fa#, sib). Do NOT include the octave. Reply with ONLY the syllable and accidental (if needed). Nothing else. Output only the answer.","Listen to this audio clip of a single musical note. What is the main pitch frequency, expressed in Hertz? Reply with ONLY a number (the frequency in Hz). Nothing else. Output only the answer."
clean,clean,{},30,oboe,instrument,30,69,0,0,0,0,F#1,G2,0,0,0,fa#,fa#,1,0,0,69,G2,fa#,440,data/audio/pitchbench_e2_audio_effects/Fs1_oboe_5000ms_fx_clean.wav,Fs1_oboe_5000ms_fx_clean.wav,Listen to this audio clip of a single musical note. What is the MIDI note number (an integer from 0 to 127)? Reply with ONLY the integer. Nothing else. Output only the answer.,"Listen to this audio clip of a single musical note. What is the note name and octave? Reply with ONLY the note name in Scientific Pitch Notation (e.g. C4, F#3, Bb5). Nothing else. Output only the answer.","Listen to this audio clip of a single musical note. What is the solfege syllable and accidental (if needed) of this pitch? Use fixed-do (do=C, re=D, mi=E, fa=F, sol=G, la=A, si=B). Include sharps or flats when needed (e.g. do#, reb, fa#, sib). Do NOT include the octave. Reply with ONLY the syllable and accidental (if needed). Nothing else. Output only the answer.","Listen to this audio clip of a single musical note. What is the main pitch frequency, expressed in Hertz? Reply with ONLY a number (the frequency in Hz). Nothing else. Output only the answer."
clean,clean,{},30,flute,instrument,30,69,0,0,0,0,F#1,G2,0,0,0,fa#,sol,0,0,0,69,G2,sol,196,data/audio/pitchbench_e2_audio_effects/Fs1_flute_5000ms_fx_clean.wav,Fs1_flute_5000ms_fx_clean.wav,Listen to this audio clip of a single musical note. What is the MIDI note number (an integer from 0 to 127)? Reply with ONLY the integer. Nothing else. Output only the answer.,"Listen to this audio clip of a single musical note. What is the note name and octave? Reply with ONLY the note name in Scientific Pitch Notation (e.g. C4, F#3, Bb5). Nothing else. Output only the answer.","Listen to this audio clip of a single musical note. What is the solfege syllable and accidental (if needed) of this pitch? Use fixed-do (do=C, re=D, mi=E, fa=F, sol=G, la=A, si=B). Include sharps or flats when needed (e.g. do#, reb, fa#, sib). Do NOT include the octave. Reply with ONLY the syllable and accidental (if needed). Nothing else. Output only the answer.","Listen to this audio clip of a single musical note. What is the main pitch frequency, expressed in Hertz? Reply with ONLY a number (the frequency in Hz). Nothing else. Output only the answer."
clean,clean,{},30,square,waveform,30,69,0,0,0,0,F#1,A4,0,0,0,fa#,sol,0,0,0,69,A4,sol,440,data/audio/pitchbench_e2_audio_effects/Fs1_square_5000ms_fx_clean.wav,Fs1_square_5000ms_fx_clean.wav,Listen to this audio clip of a single musical note. What is the MIDI note number (an integer from 0 to 127)? Reply with ONLY the integer. Nothing else. Output only the answer.,"Listen to this audio clip of a single musical note. What is the note name and octave? Reply with ONLY the note name in Scientific Pitch Notation (e.g. C4, F#3, Bb5). Nothing else. Output only the answer.","Listen to this audio clip of a single musical note. What is the solfege syllable and accidental (if needed) of this pitch? Use fixed-do (do=C, re=D, mi=E, fa=F, sol=G, la=A, si=B). Include sharps or flats when needed (e.g. do#, reb, fa#, sib). Do NOT include the octave. Reply with ONLY the syllable and accidental (if needed). Nothing else. Output only the answer.","Listen to this audio clip of a single musical note. What is the main pitch frequency, expressed in Hertz? Reply with ONLY a number (the frequency in Hz). Nothing else. Output only the answer."
clean,clean,{},36,synth_lead,instrument,36,69,0,0,0,0,C2,G4,0,0,0,do,fa,0,0,0,69,G4,fa,440,data/audio/pitchbench_e2_audio_effects/C2_synth_lead_5000ms_fx_clean.wav,C2_synth_lead_5000ms_fx_clean.wav,Listen to this audio clip of a single musical note. What is the MIDI note number (an integer from 0 to 127)? Reply with ONLY the integer. Nothing else. Output only the answer.,"Listen to this audio clip of a single musical note. What is the note name and octave? Reply with ONLY the note name in Scientific Pitch Notation (e.g. C4, F#3, Bb5). Nothing else. Output only the answer.","Listen to this audio clip of a single musical note. What is the solfege syllable and accidental (if needed) of this pitch? Use fixed-do (do=C, re=D, mi=E, fa=F, sol=G, la=A, si=B). Include sharps or flats when needed (e.g. do#, reb, fa#, sib). Do NOT include the octave. Reply with ONLY the syllable and accidental (if needed). Nothing else. Output only the answer.","Listen to this audio clip of a single musical note. What is the main pitch frequency, expressed in Hertz? Reply with ONLY a number (the frequency in Hz). Nothing else. Output only the answer."
clean,clean,{},36,bass,instrument,36,69,0,0,0,0,C2,G2,0,0,1,do,sol,0,0,0,69,G2,sol,220,data/audio/pitchbench_e2_audio_effects/C2_bass_5000ms_fx_clean.wav,C2_bass_5000ms_fx_clean.wav,Listen to this audio clip of a single musical note. What is the MIDI note number (an integer from 0 to 127)? Reply with ONLY the integer. Nothing else. Output only the answer.,"Listen to this audio clip of a single musical note. What is the note name and octave? Reply with ONLY the note name in Scientific Pitch Notation (e.g. C4, F#3, Bb5). Nothing else. Output only the answer.","Listen to this audio clip of a single musical note. What is the solfege syllable and accidental (if needed) of this pitch? Use fixed-do (do=C, re=D, mi=E, fa=F, sol=G, la=A, si=B). Include sharps or flats when needed (e.g. do#, reb, fa#, sib). Do NOT include the octave. Reply with ONLY the syllable and accidental (if needed). Nothing else. Output only the answer.","Listen to this audio clip of a single musical note. What is the main pitch frequency, expressed in Hertz? Reply with ONLY a number (the frequency in Hz). Nothing else. Output only the answer."
clean,clean,{},36,square,waveform,36,69,0,0,0,0,C2,A4,0,0,0,do,sol,0,0,0,69,A4,sol,440,data/audio/pitchbench_e2_audio_effects/C2_square_5000ms_fx_clean.wav,C2_square_5000ms_fx_clean.wav,Listen to this audio clip of a single musical note. What is the MIDI note number (an integer from 0 to 127)? Reply with ONLY the integer. Nothing else. Output only the answer.,"Listen to this audio clip of a single musical note. What is the note name and octave? Reply with ONLY the note name in Scientific Pitch Notation (e.g. C4, F#3, Bb5). Nothing else. Output only the answer.","Listen to this audio clip of a single musical note. What is the solfege syllable and accidental (if needed) of this pitch? Use fixed-do (do=C, re=D, mi=E, fa=F, sol=G, la=A, si=B). Include sharps or flats when needed (e.g. do#, reb, fa#, sib). Do NOT include the octave. Reply with ONLY the syllable and accidental (if needed). Nothing else. Output only the answer.","Listen to this audio clip of a single musical note. What is the main pitch frequency, expressed in Hertz? Reply with ONLY a number (the frequency in Hz). Nothing else. Output only the answer."
clean,clean,{},36,sawtooth,waveform,36,69,0,0,0,0,C2,A4,0,0,0,do,sol,0,0,0,69,A4,sol,440,data/audio/pitchbench_e2_audio_effects/C2_sawtooth_5000ms_fx_clean.wav,C2_sawtooth_5000ms_fx_clean.wav,Listen to this audio clip of a single musical note. What is the MIDI note number (an integer from 0 to 127)? Reply with ONLY the integer. Nothing else. Output only the answer.,"Listen to this audio clip of a single musical note. What is the note name and octave? Reply with ONLY the note name in Scientific Pitch Notation (e.g. C4, F#3, Bb5). Nothing else. Output only the answer.","Listen to this audio clip of a single musical note. What is the solfege syllable and accidental (if needed) of this pitch? Use fixed-do (do=C, re=D, mi=E, fa=F, sol=G, la=A, si=B). Include sharps or flats when needed (e.g. do#, reb, fa#, sib). Do NOT include the octave. Reply with ONLY the syllable and accidental (if needed). Nothing else. Output only the answer.","Listen to this audio clip of a single musical note. What is the main pitch frequency, expressed in Hertz? Reply with ONLY a number (the frequency in Hz). Nothing else. Output only the answer."
clean,clean,{},36,cello,instrument,36,69,0,0,0,0,C2,A2,0,0,1,do,sol,0,0,0,69,A2,sol,196,data/audio/pitchbench_e2_audio_effects/C2_cello_5000ms_fx_clean.wav,C2_cello_5000ms_fx_clean.wav,Listen to this audio clip of a single musical note. What is the MIDI note number (an integer from 0 to 127)? Reply with ONLY the integer. Nothing else. Output only the answer.,"Listen to this audio clip of a single musical note. What is the note name and octave? Reply with ONLY the note name in Scientific Pitch Notation (e.g. C4, F#3, Bb5). Nothing else. Output only the answer.","Listen to this audio clip of a single musical note. What is the solfege syllable and accidental (if needed) of this pitch? Use fixed-do (do=C, re=D, mi=E, fa=F, sol=G, la=A, si=B). Include sharps or flats when needed (e.g. do#, reb, fa#, sib). Do NOT include the octave. Reply with ONLY the syllable and accidental (if needed). Nothing else. Output only the answer.","Listen to this audio clip of a single musical note. What is the main pitch frequency, expressed in Hertz? Reply with ONLY a number (the frequency in Hz). Nothing else. Output only the answer."
clean,clean,{},43,triangle,waveform,43,52,0,0,0,0,G2,C4,0,0,0,sol,sol,1,0,0,52,C4,sol,220,data/audio/pitchbench_e2_audio_effects/G2_triangle_5000ms_fx_clean.wav,G2_triangle_5000ms_fx_clean.wav,Listen to this audio clip of a single musical note. What is the MIDI note number (an integer from 0 to 127)? Reply with ONLY the integer. Nothing else. Output only the answer.,"Listen to this audio clip of a single musical note. What is the note name and octave? Reply with ONLY the note name in Scientific Pitch Notation (e.g. C4, F#3, Bb5). Nothing else. Output only the answer.","Listen to this audio clip of a single musical note. What is the solfege syllable and accidental (if needed) of this pitch? Use fixed-do (do=C, re=D, mi=E, fa=F, sol=G, la=A, si=B). Include sharps or flats when needed (e.g. do#, reb, fa#, sib). Do NOT include the octave. Reply with ONLY the syllable and accidental (if needed). Nothing else. Output only the answer.","Listen to this audio clip of a single musical note. What is the main pitch frequency, expressed in Hertz? Reply with ONLY a number (the frequency in Hz). Nothing else. Output only the answer."
clean,clean,{},43,piano,instrument,43,69,0,0,0,0,G2,G3,0,1,0,sol,mi,0,0,0,69,G3,mi,440,data/audio/pitchbench_e2_audio_effects/G2_piano_5000ms_fx_clean.wav,G2_piano_5000ms_fx_clean.wav,Listen to this audio clip of a single musical note. What is the MIDI note number (an integer from 0 to 127)? Reply with ONLY the integer. Nothing else. Output only the answer.,"Listen to this audio clip of a single musical note. What is the note name and octave? Reply with ONLY the note name in Scientific Pitch Notation (e.g. C4, F#3, Bb5). Nothing else. Output only the answer.","Listen to this audio clip of a single musical note. What is the solfege syllable and accidental (if needed) of this pitch? Use fixed-do (do=C, re=D, mi=E, fa=F, sol=G, la=A, si=B). Include sharps or flats when needed (e.g. do#, reb, fa#, sib). Do NOT include the octave. Reply with ONLY the syllable and accidental (if needed). Nothing else. Output only the answer.","Listen to this audio clip of a single musical note. What is the main pitch frequency, expressed in Hertz? Reply with ONLY a number (the frequency in Hz). Nothing else. Output only the answer."
clean,clean,{},43,electric_keyboard,instrument,43,69,0,0,0,0,G2,A3,0,0,0,sol,sol,1,0,0,69,A3,sol,440,data/audio/pitchbench_e2_audio_effects/G2_electric_keyboard_5000ms_fx_clean.wav,G2_electric_keyboard_5000ms_fx_clean.wav,Listen to this audio clip of a single musical note. What is the MIDI note number (an integer from 0 to 127)? Reply with ONLY the integer. Nothing else. Output only the answer.,"Listen to this audio clip of a single musical note. What is the note name and octave? Reply with ONLY the note name in Scientific Pitch Notation (e.g. C4, F#3, Bb5). Nothing else. Output only the answer.","Listen to this audio clip of a single musical note. What is the solfege syllable and accidental (if needed) of this pitch? Use fixed-do (do=C, re=D, mi=E, fa=F, sol=G, la=A, si=B). Include sharps or flats when needed (e.g. do#, reb, fa#, sib). Do NOT include the octave. Reply with ONLY the syllable and accidental (if needed). Nothing else. Output only the answer.","Listen to this audio clip of a single musical note. What is the main pitch frequency, expressed in Hertz? Reply with ONLY a number (the frequency in Hz). Nothing else. Output only the answer."
clean,clean,{},43,cello,instrument,43,69,0,0,0,0,G2,A#2,0,0,1,sol,sol,1,0,0,69,A#2,sol,196,data/audio/pitchbench_e2_audio_effects/G2_cello_5000ms_fx_clean.wav,G2_cello_5000ms_fx_clean.wav,Listen to this audio clip of a single musical note. What is the MIDI note number (an integer from 0 to 127)? Reply with ONLY the integer. Nothing else. Output only the answer.,"Listen to this audio clip of a single musical note. What is the note name and octave? Reply with ONLY the note name in Scientific Pitch Notation (e.g. C4, F#3, Bb5). Nothing else. Output only the answer.","Listen to this audio clip of a single musical note. What is the solfege syllable and accidental (if needed) of this pitch? Use fixed-do (do=C, re=D, mi=E, fa=F, sol=G, la=A, si=B). Include sharps or flats when needed (e.g. do#, reb, fa#, sib). Do NOT include the octave. Reply with ONLY the syllable and accidental (if needed). Nothing else. Output only the answer.","Listen to this audio clip of a single musical note. What is the main pitch frequency, expressed in Hertz? Reply with ONLY a number (the frequency in Hz). Nothing else. Output only the answer."
clean,clean,{},43,trombone,instrument,43,69,0,0,0,0,G2,A#3,0,0,0,sol,sol,1,0,0,69,A#3,sol,440,data/audio/pitchbench_e2_audio_effects/G2_trombone_5000ms_fx_clean.wav,G2_trombone_5000ms_fx_clean.wav,Listen to this audio clip of a single musical note. What is the MIDI note number (an integer from 0 to 127)? Reply with ONLY the integer. Nothing else. Output only the answer.,"Listen to this audio clip of a single musical note. What is the note name and octave? Reply with ONLY the note name in Scientific Pitch Notation (e.g. C4, F#3, Bb5). Nothing else. Output only the answer.","Listen to this audio clip of a single musical note. What is the solfege syllable and accidental (if needed) of this pitch? Use fixed-do (do=C, re=D, mi=E, fa=F, sol=G, la=A, si=B). Include sharps or flats when needed (e.g. do#, reb, fa#, sib). Do NOT include the octave. Reply with ONLY the syllable and accidental (if needed). Nothing else. Output only the answer.","Listen to this audio clip of a single musical note. What is the main pitch frequency, expressed in Hertz? Reply with ONLY a number (the frequency in Hz). Nothing else. Output only the answer."
clean,clean,{},48,square,waveform,48,69,0,0,0,0,C3,A4,0,0,0,do,sol,0,0,0,69,A4,sol,440,data/audio/pitchbench_e2_audio_effects/C3_square_5000ms_fx_clean.wav,C3_square_5000ms_fx_clean.wav,Listen to this audio clip of a single musical note. What is the MIDI note number (an integer from 0 to 127)? Reply with ONLY the integer. Nothing else. Output only the answer.,"Listen to this audio clip of a single musical note. What is the note name and octave? Reply with ONLY the note name in Scientific Pitch Notation (e.g. C4, F#3, Bb5). Nothing else. Output only the answer.","Listen to this audio clip of a single musical note. What is the solfege syllable and accidental (if needed) of this pitch? Use fixed-do (do=C, re=D, mi=E, fa=F, sol=G, la=A, si=B). Include sharps or flats when needed (e.g. do#, reb, fa#, sib). Do NOT include the octave. Reply with ONLY the syllable and accidental (if needed). Nothing else. Output only the answer.","Listen to this audio clip of a single musical note. What is the main pitch frequency, expressed in Hertz? Reply with ONLY a number (the frequency in Hz). Nothing else. Output only the answer."
clean,clean,{},48,violin,instrument,48,58,0,0,0,1,C3,F3,0,0,1,do,sol,0,0,0,58,F3,sol,440,data/audio/pitchbench_e2_audio_effects/C3_violin_5000ms_fx_clean.wav,C3_violin_5000ms_fx_clean.wav,Listen to this audio clip of a single musical note. What is the MIDI note number (an integer from 0 to 127)? Reply with ONLY the integer. Nothing else. Output only the answer.,"Listen to this audio clip of a single musical note. What is the note name and octave? Reply with ONLY the note name in Scientific Pitch Notation (e.g. C4, F#3, Bb5). Nothing else. Output only the answer.","Listen to this audio clip of a single musical note. What is the solfege syllable and accidental (if needed) of this pitch? Use fixed-do (do=C, re=D, mi=E, fa=F, sol=G, la=A, si=B). Include sharps or flats when needed (e.g. do#, reb, fa#, sib). Do NOT include the octave. Reply with ONLY the syllable and accidental (if needed). Nothing else. Output only the answer.","Listen to this audio clip of a single musical note. What is the main pitch frequency, expressed in Hertz? Reply with ONLY a number (the frequency in Hz). Nothing else. Output only the answer."
clean,clean,{},48,synth_pad,instrument,48,69,0,0,0,0,C3,G2,0,0,0,do,sol#,0,0,0,69,G2,Sol#,196,data/audio/pitchbench_e2_audio_effects/C3_synth_pad_5000ms_fx_clean.wav,C3_synth_pad_5000ms_fx_clean.wav,Listen to this audio clip of a single musical note. What is the MIDI note number (an integer from 0 to 127)? Reply with ONLY the integer. Nothing else. Output only the answer.,"Listen to this audio clip of a single musical note. What is the note name and octave? Reply with ONLY the note name in Scientific Pitch Notation (e.g. C4, F#3, Bb5). Nothing else. Output only the answer.","Listen to this audio clip of a single musical note. What is the solfege syllable and accidental (if needed) of this pitch? Use fixed-do (do=C, re=D, mi=E, fa=F, sol=G, la=A, si=B). Include sharps or flats when needed (e.g. do#, reb, fa#, sib). Do NOT include the octave. Reply with ONLY the syllable and accidental (if needed). Nothing else. Output only the answer.","Listen to this audio clip of a single musical note. What is the main pitch frequency, expressed in Hertz? Reply with ONLY a number (the frequency in Hz). Nothing else. Output only the answer."
clean,clean,{},48,organ,instrument,48,69,0,0,0,0,C3,G4,0,0,0,do,sol,0,0,0,69,G4,sol,440,data/audio/pitchbench_e2_audio_effects/C3_organ_5000ms_fx_clean.wav,C3_organ_5000ms_fx_clean.wav,Listen to this audio clip of a single musical note. What is the MIDI note number (an integer from 0 to 127)? Reply with ONLY the integer. Nothing else. Output only the answer.,"Listen to this audio clip of a single musical note. What is the note name and octave? Reply with ONLY the note name in Scientific Pitch Notation (e.g. C4, F#3, Bb5). Nothing else. Output only the answer.","Listen to this audio clip of a single musical note. What is the solfege syllable and accidental (if needed) of this pitch? Use fixed-do (do=C, re=D, mi=E, fa=F, sol=G, la=A, si=B). Include sharps or flats when needed (e.g. do#, reb, fa#, sib). Do NOT include the octave. Reply with ONLY the syllable and accidental (if needed). Nothing else. Output only the answer.","Listen to this audio clip of a single musical note. What is the main pitch frequency, expressed in Hertz? Reply with ONLY a number (the frequency in Hz). Nothing else. Output only the answer."
clean,clean,{},48,trumpet,instrument,48,69,0,0,0,0,C3,F3,0,0,1,do,fa#,0,0,0,69,F3,fa#,440,data/audio/pitchbench_e2_audio_effects/C3_trumpet_5000ms_fx_clean.wav,C3_trumpet_5000ms_fx_clean.wav,Listen to this audio clip of a single musical note. What is the MIDI note number (an integer from 0 to 127)? Reply with ONLY the integer. Nothing else. Output only the answer.,"Listen to this audio clip of a single musical note. What is the note name and octave? Reply with ONLY the note name in Scientific Pitch Notation (e.g. C4, F#3, Bb5). Nothing else. Output only the answer.","Listen to this audio clip of a single musical note. What is the solfege syllable and accidental (if needed) of this pitch? Use fixed-do (do=C, re=D, mi=E, fa=F, sol=G, la=A, si=B). Include sharps or flats when needed (e.g. do#, reb, fa#, sib). Do NOT include the octave. Reply with ONLY the syllable and accidental (if needed). Nothing else. Output only the answer.","Listen to this audio clip of a single musical note. What is the main pitch frequency, expressed in Hertz? Reply with ONLY a number (the frequency in Hz). Nothing else. Output only the answer."
clean,clean,{},54,trumpet,instrument,54,69,0,0,0,0,F#3,A#3,0,0,1,fa#,sol,0,0,0,69,A#3,sol,440,data/audio/pitchbench_e2_audio_effects/Fs3_trumpet_5000ms_fx_clean.wav,Fs3_trumpet_5000ms_fx_clean.wav,Listen to this audio clip of a single musical note. What is the MIDI note number (an integer from 0 to 127)? Reply with ONLY the integer. Nothing else. Output only the answer.,"Listen to this audio clip of a single musical note. What is the note name and octave? Reply with ONLY the note name in Scientific Pitch Notation (e.g. C4, F#3, Bb5). Nothing else. Output only the answer.","Listen to this audio clip of a single musical note. What is the solfege syllable and accidental (if needed) of this pitch? Use fixed-do (do=C, re=D, mi=E, fa=F, sol=G, la=A, si=B). Include sharps or flats when needed (e.g. do#, reb, fa#, sib). Do NOT include the octave. Reply with ONLY the syllable and accidental (if needed). Nothing else. Output only the answer.","Listen to this audio clip of a single musical note. What is the main pitch frequency, expressed in Hertz? Reply with ONLY a number (the frequency in Hz). Nothing else. Output only the answer."
clean,clean,{},54,synth_pad,instrument,54,69,0,0,0,0,F#3,G3,0,0,1,fa#,sol,0,0,0,69,G3,sol,440,data/audio/pitchbench_e2_audio_effects/Fs3_synth_pad_5000ms_fx_clean.wav,Fs3_synth_pad_5000ms_fx_clean.wav,Listen to this audio clip of a single musical note. What is the MIDI note number (an integer from 0 to 127)? Reply with ONLY the integer. Nothing else. Output only the answer.,"Listen to this audio clip of a single musical note. What is the note name and octave? Reply with ONLY the note name in Scientific Pitch Notation (e.g. C4, F#3, Bb5). Nothing else. Output only the answer.","Listen to this audio clip of a single musical note. What is the solfege syllable and accidental (if needed) of this pitch? Use fixed-do (do=C, re=D, mi=E, fa=F, sol=G, la=A, si=B). Include sharps or flats when needed (e.g. do#, reb, fa#, sib). Do NOT include the octave. Reply with ONLY the syllable and accidental (if needed). Nothing else. Output only the answer.","Listen to this audio clip of a single musical note. What is the main pitch frequency, expressed in Hertz? Reply with ONLY a number (the frequency in Hz). Nothing else. Output only the answer."
clean,clean,{},54,sine,waveform,54,69,0,0,0,0,F#3,A4,0,0,0,fa#,sol,0,0,0,69,A4,sol,440,data/audio/pitchbench_e2_audio_effects/Fs3_sine_5000ms_fx_clean.wav,Fs3_sine_5000ms_fx_clean.wav,Listen to this audio clip of a single musical note. What is the MIDI note number (an integer from 0 to 127)? Reply with ONLY the integer. Nothing else. Output only the answer.,"Listen to this audio clip of a single musical note. What is the note name and octave? Reply with ONLY the note name in Scientific Pitch Notation (e.g. C4, F#3, Bb5). Nothing else. Output only the answer.","Listen to this audio clip of a single musical note. What is the solfege syllable and accidental (if needed) of this pitch? Use fixed-do (do=C, re=D, mi=E, fa=F, sol=G, la=A, si=B). Include sharps or flats when needed (e.g. do#, reb, fa#, sib). Do NOT include the octave. Reply with ONLY the syllable and accidental (if needed). Nothing else. Output only the answer.","Listen to this audio clip of a single musical note. What is the main pitch frequency, expressed in Hertz? Reply with ONLY a number (the frequency in Hz). Nothing else. Output only the answer."
clean,clean,{},54,triangle,waveform,54,52,0,0,0,1,F#3,E4,0,0,0,fa#,sol,0,0,0,52,E4,sol,200,data/audio/pitchbench_e2_audio_effects/Fs3_triangle_5000ms_fx_clean.wav,Fs3_triangle_5000ms_fx_clean.wav,Listen to this audio clip of a single musical note. What is the MIDI note number (an integer from 0 to 127)? Reply with ONLY the integer. Nothing else. Output only the answer.,"Listen to this audio clip of a single musical note. What is the note name and octave? Reply with ONLY the note name in Scientific Pitch Notation (e.g. C4, F#3, Bb5). Nothing else. Output only the answer.","Listen to this audio clip of a single musical note. What is the solfege syllable and accidental (if needed) of this pitch? Use fixed-do (do=C, re=D, mi=E, fa=F, sol=G, la=A, si=B). Include sharps or flats when needed (e.g. do#, reb, fa#, sib). Do NOT include the octave. Reply with ONLY the syllable and accidental (if needed). Nothing else. Output only the answer.","Listen to this audio clip of a single musical note. What is the main pitch frequency, expressed in Hertz? Reply with ONLY a number (the frequency in Hz). Nothing else. Output only the answer."
clean,clean,{},54,clarinet,instrument,54,69,0,0,0,0,F#3,G3,0,0,1,fa#,sol,0,0,0,69,G3,sol,440,data/audio/pitchbench_e2_audio_effects/Fs3_clarinet_5000ms_fx_clean.wav,Fs3_clarinet_5000ms_fx_clean.wav,Listen to this audio clip of a single musical note. What is the MIDI note number (an integer from 0 to 127)? Reply with ONLY the integer. Nothing else. Output only the answer.,"Listen to this audio clip of a single musical note. What is the note name and octave? Reply with ONLY the note name in Scientific Pitch Notation (e.g. C4, F#3, Bb5). Nothing else. Output only the answer.","Listen to this audio clip of a single musical note. What is the solfege syllable and accidental (if needed) of this pitch? Use fixed-do (do=C, re=D, mi=E, fa=F, sol=G, la=A, si=B). Include sharps or flats when needed (e.g. do#, reb, fa#, sib). Do NOT include the octave. Reply with ONLY the syllable and accidental (if needed). Nothing else. Output only the answer.","Listen to this audio clip of a single musical note. What is the main pitch frequency, expressed in Hertz? Reply with ONLY a number (the frequency in Hz). Nothing else. Output only the answer."
clean,clean,{},60,synth_pad,instrument,60,69,0,0,0,1,C4,A3,0,0,0,do,sol,0,0,0,69,A3,sol,440,data/audio/pitchbench_e2_audio_effects/C4_synth_pad_5000ms_fx_clean.wav,C4_synth_pad_5000ms_fx_clean.wav,Listen to this audio clip of a single musical note. What is the MIDI note number (an integer from 0 to 127)? Reply with ONLY the integer. Nothing else. Output only the answer.,"Listen to this audio clip of a single musical note. What is the note name and octave? Reply with ONLY the note name in Scientific Pitch Notation (e.g. C4, F#3, Bb5). Nothing else. Output only the answer.","Listen to this audio clip of a single musical note. What is the solfege syllable and accidental (if needed) of this pitch? Use fixed-do (do=C, re=D, mi=E, fa=F, sol=G, la=A, si=B). Include sharps or flats when needed (e.g. do#, reb, fa#, sib). Do NOT include the octave. Reply with ONLY the syllable and accidental (if needed). Nothing else. Output only the answer.","Listen to this audio clip of a single musical note. What is the main pitch frequency, expressed in Hertz? Reply with ONLY a number (the frequency in Hz). Nothing else. Output only the answer."
clean,clean,{},60,trumpet,instrument,60,69,0,0,0,1,C4,A#3,0,0,0,do,sol,0,0,0,69,A#3,sol,440,data/audio/pitchbench_e2_audio_effects/C4_trumpet_5000ms_fx_clean.wav,C4_trumpet_5000ms_fx_clean.wav,Listen to this audio clip of a single musical note. What is the MIDI note number (an integer from 0 to 127)? Reply with ONLY the integer. Nothing else. Output only the answer.,"Listen to this audio clip of a single musical note. What is the note name and octave? Reply with ONLY the note name in Scientific Pitch Notation (e.g. C4, F#3, Bb5). Nothing else. Output only the answer.","Listen to this audio clip of a single musical note. What is the solfege syllable and accidental (if needed) of this pitch? Use fixed-do (do=C, re=D, mi=E, fa=F, sol=G, la=A, si=B). Include sharps or flats when needed (e.g. do#, reb, fa#, sib). Do NOT include the octave. Reply with ONLY the syllable and accidental (if needed). Nothing else. Output only the answer.","Listen to this audio clip of a single musical note. What is the main pitch frequency, expressed in Hertz? Reply with ONLY a number (the frequency in Hz). Nothing else. Output only the answer."
clean,clean,{},60,clarinet,instrument,60,69,0,0,0,1,C4,A4,0,0,1,do,sol,0,0,0,69,A4,sol,440,data/audio/pitchbench_e2_audio_effects/C4_clarinet_5000ms_fx_clean.wav,C4_clarinet_5000ms_fx_clean.wav,Listen to this audio clip of a single musical note. What is the MIDI note number (an integer from 0 to 127)? Reply with ONLY the integer. Nothing else. Output only the answer.,"Listen to this audio clip of a single musical note. What is the note name and octave? Reply with ONLY the note name in Scientific Pitch Notation (e.g. C4, F#3, Bb5). Nothing else. Output only the answer.","Listen to this audio clip of a single musical note. What is the solfege syllable and accidental (if needed) of this pitch? Use fixed-do (do=C, re=D, mi=E, fa=F, sol=G, la=A, si=B). Include sharps or flats when needed (e.g. do#, reb, fa#, sib). Do NOT include the octave. Reply with ONLY the syllable and accidental (if needed). Nothing else. Output only the answer.","Listen to this audio clip of a single musical note. What is the main pitch frequency, expressed in Hertz? Reply with ONLY a number (the frequency in Hz). Nothing else. Output only the answer."
clean,clean,{},60,triangle,waveform,60,69,0,0,0,1,C4,A4,0,0,1,do,sol,0,0,0,69,A4,sol,440,data/audio/pitchbench_e2_audio_effects/C4_triangle_5000ms_fx_clean.wav,C4_triangle_5000ms_fx_clean.wav,Listen to this audio clip of a single musical note. What is the MIDI note number (an integer from 0 to 127)? Reply with ONLY the integer. Nothing else. Output only the answer.,"Listen to this audio clip of a single musical note. What is the note name and octave? Reply with ONLY the note name in Scientific Pitch Notation (e.g. C4, F#3, Bb5). Nothing else. Output only the answer.","Listen to this audio clip of a single musical note. What is the solfege syllable and accidental (if needed) of this pitch? Use fixed-do (do=C, re=D, mi=E, fa=F, sol=G, la=A, si=B). Include sharps or flats when needed (e.g. do#, reb, fa#, sib). Do NOT include the octave. Reply with ONLY the syllable and accidental (if needed). Nothing else. Output only the answer.","Listen to this audio clip of a single musical note. What is the main pitch frequency, expressed in Hertz? Reply with ONLY a number (the frequency in Hz). Nothing else. Output only the answer."
clean,clean,{},60,piano,instrument,60,69,0,0,0,1,C4,G3,0,0,0,do,sol,0,0,0,69,G3,sol,196,data/audio/pitchbench_e2_audio_effects/C4_piano_5000ms_fx_clean.wav,C4_piano_5000ms_fx_clean.wav,Listen to this audio clip of a single musical note. What is the MIDI note number (an integer from 0 to 127)? Reply with ONLY the integer. Nothing else. Output only the answer.,"Listen to this audio clip of a single musical note. What is the note name and octave? Reply with ONLY the note name in Scientific Pitch Notation (e.g. C4, F#3, Bb5). Nothing else. Output only the answer.","Listen to this audio clip of a single musical note. What is the solfege syllable and accidental (if needed) of this pitch? Use fixed-do (do=C, re=D, mi=E, fa=F, sol=G, la=A, si=B). Include sharps or flats when needed (e.g. do#, reb, fa#, sib). Do NOT include the octave. Reply with ONLY the syllable and accidental (if needed). Nothing else. Output only the answer.","Listen to this audio clip of a single musical note. What is the main pitch frequency, expressed in Hertz? Reply with ONLY a number (the frequency in Hz). Nothing else. Output only the answer."
clean,clean,{},64,cello,instrument,64,69,0,0,0,1,E4,A4,0,0,1,mi,sol,0,0,0,69,A4,sol,440,data/audio/pitchbench_e2_audio_effects/E4_cello_5000ms_fx_clean.wav,E4_cello_5000ms_fx_clean.wav,Listen to this audio clip of a single musical note. What is the MIDI note number (an integer from 0 to 127)? Reply with ONLY the integer. Nothing else. Output only the answer.,"Listen to this audio clip of a single musical note. What is the note name and octave? Reply with ONLY the note name in Scientific Pitch Notation (e.g. C4, F#3, Bb5). Nothing else. Output only the answer.","Listen to this audio clip of a single musical note. What is the solfege syllable and accidental (if needed) of this pitch? Use fixed-do (do=C, re=D, mi=E, fa=F, sol=G, la=A, si=B). Include sharps or flats when needed (e.g. do#, reb, fa#, sib). Do NOT include the octave. Reply with ONLY the syllable and accidental (if needed). Nothing else. Output only the answer.","Listen to this audio clip of a single musical note. What is the main pitch frequency, expressed in Hertz? Reply with ONLY a number (the frequency in Hz). Nothing else. Output only the answer."
clean,clean,{},64,electric_keyboard,instrument,64,69,0,0,0,1,E4,A4,0,0,1,mi,sol#,0,0,0,69,A4,sol#,440,data/audio/pitchbench_e2_audio_effects/E4_electric_keyboard_5000ms_fx_clean.wav,E4_electric_keyboard_5000ms_fx_clean.wav,Listen to this audio clip of a single musical note. What is the MIDI note number (an integer from 0 to 127)? Reply with ONLY the integer. Nothing else. Output only the answer.,"Listen to this audio clip of a single musical note. What is the note name and octave? Reply with ONLY the note name in Scientific Pitch Notation (e.g. C4, F#3, Bb5). Nothing else. Output only the answer.","Listen to this audio clip of a single musical note. What is the solfege syllable and accidental (if needed) of this pitch? Use fixed-do (do=C, re=D, mi=E, fa=F, sol=G, la=A, si=B). Include sharps or flats when needed (e.g. do#, reb, fa#, sib). Do NOT include the octave. Reply with ONLY the syllable and accidental (if needed). Nothing else. Output only the answer.","Listen to this audio clip of a single musical note. What is the main pitch frequency, expressed in Hertz? Reply with ONLY a number (the frequency in Hz). Nothing else. Output only the answer."
clean,clean,{},64,organ,instrument,64,69,0,0,0,1,E4,A4,0,0,1,mi,sol,0,0,0,69,A4,sol,440,data/audio/pitchbench_e2_audio_effects/E4_organ_5000ms_fx_clean.wav,E4_organ_5000ms_fx_clean.wav,Listen to this audio clip of a single musical note. What is the MIDI note number (an integer from 0 to 127)? Reply with ONLY the integer. Nothing else. Output only the answer.,"Listen to this audio clip of a single musical note. What is the note name and octave? Reply with ONLY the note name in Scientific Pitch Notation (e.g. C4, F#3, Bb5). Nothing else. Output only the answer.","Listen to this audio clip of a single musical note. What is the solfege syllable and accidental (if needed) of this pitch? Use fixed-do (do=C, re=D, mi=E, fa=F, sol=G, la=A, si=B). Include sharps or flats when needed (e.g. do#, reb, fa#, sib). Do NOT include the octave. Reply with ONLY the syllable and accidental (if needed). Nothing else. Output only the answer.","Listen to this audio clip of a single musical note. What is the main pitch frequency, expressed in Hertz? Reply with ONLY a number (the frequency in Hz). Nothing else. Output only the answer."
clean,clean,{},64,sine,waveform,64,69,0,0,0,1,E4,G4,0,0,1,mi,sol,0,0,0,69,G4,sol,440,data/audio/pitchbench_e2_audio_effects/E4_sine_5000ms_fx_clean.wav,E4_sine_5000ms_fx_clean.wav,Listen to this audio clip of a single musical note. What is the MIDI note number (an integer from 0 to 127)? Reply with ONLY the integer. Nothing else. Output only the answer.,"Listen to this audio clip of a single musical note. What is the note name and octave? Reply with ONLY the note name in Scientific Pitch Notation (e.g. C4, F#3, Bb5). Nothing else. Output only the answer.","Listen to this audio clip of a single musical note. What is the solfege syllable and accidental (if needed) of this pitch? Use fixed-do (do=C, re=D, mi=E, fa=F, sol=G, la=A, si=B). Include sharps or flats when needed (e.g. do#, reb, fa#, sib). Do NOT include the octave. Reply with ONLY the syllable and accidental (if needed). Nothing else. Output only the answer.","Listen to this audio clip of a single musical note. What is the main pitch frequency, expressed in Hertz? Reply with ONLY a number (the frequency in Hz). Nothing else. Output only the answer."
clean,clean,{},64,oboe,instrument,64,69,0,0,0,1,E4,A4,0,0,1,mi,fa#,0,0,0,69,A4,fa#,440,data/audio/pitchbench_e2_audio_effects/E4_oboe_5000ms_fx_clean.wav,E4_oboe_5000ms_fx_clean.wav,Listen to this audio clip of a single musical note. What is the MIDI note number (an integer from 0 to 127)? Reply with ONLY the integer. Nothing else. Output only the answer.,"Listen to this audio clip of a single musical note. What is the note name and octave? Reply with ONLY the note name in Scientific Pitch Notation (e.g. C4, F#3, Bb5). Nothing else. Output only the answer.","Listen to this audio clip of a single musical note. What is the solfege syllable and accidental (if needed) of this pitch? Use fixed-do (do=C, re=D, mi=E, fa=F, sol=G, la=A, si=B). Include sharps or flats when needed (e.g. do#, reb, fa#, sib). Do NOT include the octave. Reply with ONLY the syllable and accidental (if needed). Nothing else. Output only the answer.","Listen to this audio clip of a single musical note. What is the main pitch frequency, expressed in Hertz? Reply with ONLY a number (the frequency in Hz). Nothing else. Output only the answer."
clean,clean,{},69,trumpet,instrument,69,69,1,1,1,1,A4,A#3,0,0,0,la,sol,0,1,1,69,Bb3,sol,440,data/audio/pitchbench_e2_audio_effects/A4_trumpet_5000ms_fx_clean.wav,A4_trumpet_5000ms_fx_clean.wav,Listen to this audio clip of a single musical note. What is the MIDI note number (an integer from 0 to 127)? Reply with ONLY the integer. Nothing else. Output only the answer.,"Listen to this audio clip of a single musical note. What is the note name and octave? Reply with ONLY the note name in Scientific Pitch Notation (e.g. C4, F#3, Bb5). Nothing else. Output only the answer.","Listen to this audio clip of a single musical note. What is the solfege syllable and accidental (if needed) of this pitch? Use fixed-do (do=C, re=D, mi=E, fa=F, sol=G, la=A, si=B). Include sharps or flats when needed (e.g. do#, reb, fa#, sib). Do NOT include the octave. Reply with ONLY the syllable and accidental (if needed). Nothing else. Output only the answer.","Listen to this audio clip of a single musical note. What is the main pitch frequency, expressed in Hertz? Reply with ONLY a number (the frequency in Hz). Nothing else. Output only the answer."
clean,clean,{},69,synth_lead,instrument,69,69,1,1,1,1,A4,G4,0,0,1,la,mi,0,1,1,69,G4,mi,440,data/audio/pitchbench_e2_audio_effects/A4_synth_lead_5000ms_fx_clean.wav,A4_synth_lead_5000ms_fx_clean.wav,Listen to this audio clip of a single musical note. What is the MIDI note number (an integer from 0 to 127)? Reply with ONLY the integer. Nothing else. Output only the answer.,"Listen to this audio clip of a single musical note. What is the note name and octave? Reply with ONLY the note name in Scientific Pitch Notation (e.g. C4, F#3, Bb5). Nothing else. Output only the answer.","Listen to this audio clip of a single musical note. What is the solfege syllable and accidental (if needed) of this pitch? Use fixed-do (do=C, re=D, mi=E, fa=F, sol=G, la=A, si=B). Include sharps or flats when needed (e.g. do#, reb, fa#, sib). Do NOT include the octave. Reply with ONLY the syllable and accidental (if needed). Nothing else. Output only the answer.","Listen to this audio clip of a single musical note. What is the main pitch frequency, expressed in Hertz? Reply with ONLY a number (the frequency in Hz). Nothing else. Output only the answer."
clean,clean,{},69,electric_keyboard,instrument,69,72,0,0,0,0,A4,F4,0,0,1,la,sol,0,1,1,72,F4,sol,440,data/audio/pitchbench_e2_audio_effects/A4_electric_keyboard_5000ms_fx_clean.wav,A4_electric_keyboard_5000ms_fx_clean.wav,Listen to this audio clip of a single musical note. What is the MIDI note number (an integer from 0 to 127)? Reply with ONLY the integer. Nothing else. Output only the answer.,"Listen to this audio clip of a single musical note. What is the note name and octave? Reply with ONLY the note name in Scientific Pitch Notation (e.g. C4, F#3, Bb5). Nothing else. Output only the answer.","Listen to this audio clip of a single musical note. What is the solfege syllable and accidental (if needed) of this pitch? Use fixed-do (do=C, re=D, mi=E, fa=F, sol=G, la=A, si=B). Include sharps or flats when needed (e.g. do#, reb, fa#, sib). Do NOT include the octave. Reply with ONLY the syllable and accidental (if needed). Nothing else. Output only the answer.","Listen to this audio clip of a single musical note. What is the main pitch frequency, expressed in Hertz? Reply with ONLY a number (the frequency in Hz). Nothing else. Output only the answer."
clean,clean,{},69,triangle,waveform,69,69,1,1,1,1,A4,A4,1,1,1,la,sol#,0,1,1,69,A4,Sol#,440,data/audio/pitchbench_e2_audio_effects/A4_triangle_5000ms_fx_clean.wav,A4_triangle_5000ms_fx_clean.wav,Listen to this audio clip of a single musical note. What is the MIDI note number (an integer from 0 to 127)? Reply with ONLY the integer. Nothing else. Output only the answer.,"Listen to this audio clip of a single musical note. What is the note name and octave? Reply with ONLY the note name in Scientific Pitch Notation (e.g. C4, F#3, Bb5). Nothing else. Output only the answer.","Listen to this audio clip of a single musical note. What is the solfege syllable and accidental (if needed) of this pitch? Use fixed-do (do=C, re=D, mi=E, fa=F, sol=G, la=A, si=B). Include sharps or flats when needed (e.g. do#, reb, fa#, sib). Do NOT include the octave. Reply with ONLY the syllable and accidental (if needed). Nothing else. Output only the answer.","Listen to this audio clip of a single musical note. What is the main pitch frequency, expressed in Hertz? Reply with ONLY a number (the frequency in Hz). Nothing else. Output only the answer."
clean,clean,{},69,cello,instrument,69,72,0,0,0,0,A4,F4,0,0,1,la,sol#,0,1,1,72,F4,sol#,440,data/audio/pitchbench_e2_audio_effects/A4_cello_5000ms_fx_clean.wav,A4_cello_5000ms_fx_clean.wav,Listen to this audio clip of a single musical note. What is the MIDI note number (an integer from 0 to 127)? Reply with ONLY the integer. Nothing else. Output only the answer.,"Listen to this audio clip of a single musical note. What is the note name and octave? Reply with ONLY the note name in Scientific Pitch Notation (e.g. C4, F#3, Bb5). Nothing else. Output only the answer.","Listen to this audio clip of a single musical note. What is the solfege syllable and accidental (if needed) of this pitch? Use fixed-do (do=C, re=D, mi=E, fa=F, sol=G, la=A, si=B). Include sharps or flats when needed (e.g. do#, reb, fa#, sib). Do NOT include the octave. Reply with ONLY the syllable and accidental (if needed). Nothing else. Output only the answer.","Listen to this audio clip of a single musical note. What is the main pitch frequency, expressed in Hertz? Reply with ONLY a number (the frequency in Hz). Nothing else. Output only the answer."
clean,clean,{},79,trombone,instrument,79,72,0,0,0,1,G5,E5,0,0,1,sol,sol,1,0,0,72,E5,sol,440,data/audio/pitchbench_e2_audio_effects/G5_trombone_5000ms_fx_clean.wav,G5_trombone_5000ms_fx_clean.wav,Listen to this audio clip of a single musical note. What is the MIDI note number (an integer from 0 to 127)? Reply with ONLY the integer. Nothing else. Output only the answer.,"Listen to this audio clip of a single musical note. What is the note name and octave? Reply with ONLY the note name in Scientific Pitch Notation (e.g. C4, F#3, Bb5). Nothing else. Output only the answer.","Listen to this audio clip of a single musical note. What is the solfege syllable and accidental (if needed) of this pitch? Use fixed-do (do=C, re=D, mi=E, fa=F, sol=G, la=A, si=B). Include sharps or flats when needed (e.g. do#, reb, fa#, sib). Do NOT include the octave. Reply with ONLY the syllable and accidental (if needed). Nothing else. Output only the answer.","Listen to this audio clip of a single musical note. What is the main pitch frequency, expressed in Hertz? Reply with ONLY a number (the frequency in Hz). Nothing else. Output only the answer."
clean,clean,{},79,synth_lead,instrument,79,69,0,0,0,0,G5,A4,0,0,0,sol,sol#,0,0,0,69,A4,Sol#,440,data/audio/pitchbench_e2_audio_effects/G5_synth_lead_5000ms_fx_clean.wav,G5_synth_lead_5000ms_fx_clean.wav,Listen to this audio clip of a single musical note. What is the MIDI note number (an integer from 0 to 127)? Reply with ONLY the integer. Nothing else. Output only the answer.,"Listen to this audio clip of a single musical note. What is the note name and octave? Reply with ONLY the note name in Scientific Pitch Notation (e.g. C4, F#3, Bb5). Nothing else. Output only the answer.","Listen to this audio clip of a single musical note. What is the solfege syllable and accidental (if needed) of this pitch? Use fixed-do (do=C, re=D, mi=E, fa=F, sol=G, la=A, si=B). Include sharps or flats when needed (e.g. do#, reb, fa#, sib). Do NOT include the octave. Reply with ONLY the syllable and accidental (if needed). Nothing else. Output only the answer.","Listen to this audio clip of a single musical note. What is the main pitch frequency, expressed in Hertz? Reply with ONLY a number (the frequency in Hz). Nothing else. Output only the answer."
clean,clean,{},79,guitar,instrument,79,69,0,0,0,0,G5,G4,0,1,0,sol,sol,1,0,0,69,G4,sol,440,data/audio/pitchbench_e2_audio_effects/G5_guitar_5000ms_fx_clean.wav,G5_guitar_5000ms_fx_clean.wav,Listen to this audio clip of a single musical note. What is the MIDI note number (an integer from 0 to 127)? Reply with ONLY the integer. Nothing else. Output only the answer.,"Listen to this audio clip of a single musical note. What is the note name and octave? Reply with ONLY the note name in Scientific Pitch Notation (e.g. C4, F#3, Bb5). Nothing else. Output only the answer.","Listen to this audio clip of a single musical note. What is the solfege syllable and accidental (if needed) of this pitch? Use fixed-do (do=C, re=D, mi=E, fa=F, sol=G, la=A, si=B). Include sharps or flats when needed (e.g. do#, reb, fa#, sib). Do NOT include the octave. Reply with ONLY the syllable and accidental (if needed). Nothing else. Output only the answer.","Listen to this audio clip of a single musical note. What is the main pitch frequency, expressed in Hertz? Reply with ONLY a number (the frequency in Hz). Nothing else. Output only the answer."
clean,clean,{},79,piano,instrument,79,69,0,0,0,0,G5,A4,0,0,0,sol,sol,1,0,0,69,A4,sol,440,data/audio/pitchbench_e2_audio_effects/G5_piano_5000ms_fx_clean.wav,G5_piano_5000ms_fx_clean.wav,Listen to this audio clip of a single musical note. What is the MIDI note number (an integer from 0 to 127)? Reply with ONLY the integer. Nothing else. Output only the answer.,"Listen to this audio clip of a single musical note. What is the note name and octave? Reply with ONLY the note name in Scientific Pitch Notation (e.g. C4, F#3, Bb5). Nothing else. Output only the answer.","Listen to this audio clip of a single musical note. What is the solfege syllable and accidental (if needed) of this pitch? Use fixed-do (do=C, re=D, mi=E, fa=F, sol=G, la=A, si=B). Include sharps or flats when needed (e.g. do#, reb, fa#, sib). Do NOT include the octave. Reply with ONLY the syllable and accidental (if needed). Nothing else. Output only the answer.","Listen to this audio clip of a single musical note. What is the main pitch frequency, expressed in Hertz? Reply with ONLY a number (the frequency in Hz). Nothing else. Output only the answer."
clean,clean,{},79,electric_keyboard,instrument,79,69,0,0,0,0,G5,A4,0,0,0,sol,sol,1,0,0,69,A4,sol,440,data/audio/pitchbench_e2_audio_effects/G5_electric_keyboard_5000ms_fx_clean.wav,G5_electric_keyboard_5000ms_fx_clean.wav,Listen to this audio clip of a single musical note. What is the MIDI note number (an integer from 0 to 127)? Reply with ONLY the integer. Nothing else. Output only the answer.,"Listen to this audio clip of a single musical note. What is the note name and octave? Reply with ONLY the note name in Scientific Pitch Notation (e.g. C4, F#3, Bb5). Nothing else. Output only the answer.","Listen to this audio clip of a single musical note. What is the solfege syllable and accidental (if needed) of this pitch? Use fixed-do (do=C, re=D, mi=E, fa=F, sol=G, la=A, si=B). Include sharps or flats when needed (e.g. do#, reb, fa#, sib). Do NOT include the octave. Reply with ONLY the syllable and accidental (if needed). Nothing else. Output only the answer.","Listen to this audio clip of a single musical note. What is the main pitch frequency, expressed in Hertz? Reply with ONLY a number (the frequency in Hz). Nothing else. Output only the answer."
clean,clean,{},88,electric_keyboard,instrument,88,69,0,0,0,0,E6,A4,0,0,0,mi,sol,0,0,0,69,A4,sol,440,data/audio/pitchbench_e2_audio_effects/E6_electric_keyboard_5000ms_fx_clean.wav,E6_electric_keyboard_5000ms_fx_clean.wav,Listen to this audio clip of a single musical note. What is the MIDI note number (an integer from 0 to 127)? Reply with ONLY the integer. Nothing else. Output only the answer.,"Listen to this audio clip of a single musical note. What is the note name and octave? Reply with ONLY the note name in Scientific Pitch Notation (e.g. C4, F#3, Bb5). Nothing else. Output only the answer.","Listen to this audio clip of a single musical note. What is the solfege syllable and accidental (if needed) of this pitch? Use fixed-do (do=C, re=D, mi=E, fa=F, sol=G, la=A, si=B). Include sharps or flats when needed (e.g. do#, reb, fa#, sib). Do NOT include the octave. Reply with ONLY the syllable and accidental (if needed). Nothing else. Output only the answer.","Listen to this audio clip of a single musical note. What is the main pitch frequency, expressed in Hertz? Reply with ONLY a number (the frequency in Hz). Nothing else. Output only the answer."
clean,clean,{},88,synth_pad,instrument,88,69,0,0,0,0,E6,E5,0,1,0,mi,sol#,0,0,0,69,E5,Sol#,440,data/audio/pitchbench_e2_audio_effects/E6_synth_pad_5000ms_fx_clean.wav,E6_synth_pad_5000ms_fx_clean.wav,Listen to this audio clip of a single musical note. What is the MIDI note number (an integer from 0 to 127)? Reply with ONLY the integer. Nothing else. Output only the answer.,"Listen to this audio clip of a single musical note. What is the note name and octave? Reply with ONLY the note name in Scientific Pitch Notation (e.g. C4, F#3, Bb5). Nothing else. Output only the answer.","Listen to this audio clip of a single musical note. What is the solfege syllable and accidental (if needed) of this pitch? Use fixed-do (do=C, re=D, mi=E, fa=F, sol=G, la=A, si=B). Include sharps or flats when needed (e.g. do#, reb, fa#, sib). Do NOT include the octave. Reply with ONLY the syllable and accidental (if needed). Nothing else. Output only the answer.","Listen to this audio clip of a single musical note. What is the main pitch frequency, expressed in Hertz? Reply with ONLY a number (the frequency in Hz). Nothing else. Output only the answer."
clean,clean,{},88,synth_lead,instrument,88,69,0,0,0,0,E6,A4,0,0,0,mi,sol#,0,0,0,69,A4,sol#,440,data/audio/pitchbench_e2_audio_effects/E6_synth_lead_5000ms_fx_clean.wav,E6_synth_lead_5000ms_fx_clean.wav,Listen to this audio clip of a single musical note. What is the MIDI note number (an integer from 0 to 127)? Reply with ONLY the integer. Nothing else. Output only the answer.,"Listen to this audio clip of a single musical note. What is the note name and octave? Reply with ONLY the note name in Scientific Pitch Notation (e.g. C4, F#3, Bb5). Nothing else. Output only the answer.","Listen to this audio clip of a single musical note. What is the solfege syllable and accidental (if needed) of this pitch? Use fixed-do (do=C, re=D, mi=E, fa=F, sol=G, la=A, si=B). Include sharps or flats when needed (e.g. do#, reb, fa#, sib). Do NOT include the octave. Reply with ONLY the syllable and accidental (if needed). Nothing else. Output only the answer.","Listen to this audio clip of a single musical note. What is the main pitch frequency, expressed in Hertz? Reply with ONLY a number (the frequency in Hz). Nothing else. Output only the answer."
clean,clean,{},88,sine,waveform,88,69,0,0,0,0,E6,G4,0,0,0,mi,sol,0,0,0,69,G4,sol,440,data/audio/pitchbench_e2_audio_effects/E6_sine_5000ms_fx_clean.wav,E6_sine_5000ms_fx_clean.wav,Listen to this audio clip of a single musical note. What is the MIDI note number (an integer from 0 to 127)? Reply with ONLY the integer. Nothing else. Output only the answer.,"Listen to this audio clip of a single musical note. What is the note name and octave? Reply with ONLY the note name in Scientific Pitch Notation (e.g. C4, F#3, Bb5). Nothing else. Output only the answer.","Listen to this audio clip of a single musical note. What is the solfege syllable and accidental (if needed) of this pitch? Use fixed-do (do=C, re=D, mi=E, fa=F, sol=G, la=A, si=B). Include sharps or flats when needed (e.g. do#, reb, fa#, sib). Do NOT include the octave. Reply with ONLY the syllable and accidental (if needed). Nothing else. Output only the answer.","Listen to this audio clip of a single musical note. What is the main pitch frequency, expressed in Hertz? Reply with ONLY a number (the frequency in Hz). Nothing else. Output only the answer."
clean,clean,{},88,trombone,instrument,88,72,0,0,0,0,E6,A5,0,0,0,mi,sol#,0,0,0,72,A5,sol#,440,data/audio/pitchbench_e2_audio_effects/E6_trombone_5000ms_fx_clean.wav,E6_trombone_5000ms_fx_clean.wav,Listen to this audio clip of a single musical note. What is the MIDI note number (an integer from 0 to 127)? Reply with ONLY the integer. Nothing else. Output only the answer.,"Listen to this audio clip of a single musical note. What is the note name and octave? Reply with ONLY the note name in Scientific Pitch Notation (e.g. C4, F#3, Bb5). Nothing else. Output only the answer.","Listen to this audio clip of a single musical note. What is the solfege syllable and accidental (if needed) of this pitch? Use fixed-do (do=C, re=D, mi=E, fa=F, sol=G, la=A, si=B). Include sharps or flats when needed (e.g. do#, reb, fa#, sib). Do NOT include the octave. Reply with ONLY the syllable and accidental (if needed). Nothing else. Output only the answer.","Listen to this audio clip of a single musical note. What is the main pitch frequency, expressed in Hertz? Reply with ONLY a number (the frequency in Hz). Nothing else. Output only the answer."
highpass_above_f0,highpass,"{'type': 'highpass', 'cutoff_ratio': 1.5, 'order': 6}",1030,clarinet,instrument,30,69,0,0,0,0,F#1,A#2,0,0,0,fa#,sol,0,0,0,69,A#2,sol,440,data/audio/pitchbench_e2_audio_effects/Fs1_clarinet_5000ms_fx_highpass_above_f0.wav,Fs1_clarinet_5000ms_fx_highpass_above_f0.wav,Listen to this audio clip of a single musical note. What is the MIDI note number (an integer from 0 to 127)? Reply with ONLY the integer. Nothing else. Output only the answer.,"Listen to this audio clip of a single musical note. What is the note name and octave? Reply with ONLY the note name in Scientific Pitch Notation (e.g. C4, F#3, Bb5). Nothing else. Output only the answer.","Listen to this audio clip of a single musical note. What is the solfege syllable and accidental (if needed) of this pitch? Use fixed-do (do=C, re=D, mi=E, fa=F, sol=G, la=A, si=B). Include sharps or flats when needed (e.g. do#, reb, fa#, sib). Do NOT include the octave. Reply with ONLY the syllable and accidental (if needed). Nothing else. Output only the answer.","Listen to this audio clip of a single musical note. What is the main pitch frequency, expressed in Hertz? Reply with ONLY a number (the frequency in Hz). Nothing else. Output only the answer."
highpass_above_f0,highpass,"{'type': 'highpass', 'cutoff_ratio': 1.5, 'order': 6}",1030,bass,instrument,30,69,0,0,0,0,F#1,G2,0,0,0,fa#,sol,0,0,0,69,G2,sol,440,data/audio/pitchbench_e2_audio_effects/Fs1_bass_5000ms_fx_highpass_above_f0.wav,Fs1_bass_5000ms_fx_highpass_above_f0.wav,Listen to this audio clip of a single musical note. What is the MIDI note number (an integer from 0 to 127)? Reply with ONLY the integer. Nothing else. Output only the answer.,"Listen to this audio clip of a single musical note. What is the note name and octave? Reply with ONLY the note name in Scientific Pitch Notation (e.g. C4, F#3, Bb5). Nothing else. Output only the answer.","Listen to this audio clip of a single musical note. What is the solfege syllable and accidental (if needed) of this pitch? Use fixed-do (do=C, re=D, mi=E, fa=F, sol=G, la=A, si=B). Include sharps or flats when needed (e.g. do#, reb, fa#, sib). Do NOT include the octave. Reply with ONLY the syllable and accidental (if needed). Nothing else. Output only the answer.","Listen to this audio clip of a single musical note. What is the main pitch frequency, expressed in Hertz? Reply with ONLY a number (the frequency in Hz). Nothing else. Output only the answer."
highpass_above_f0,highpass,"{'type': 'highpass', 'cutoff_ratio': 1.5, 'order': 6}",1030,sine,waveform,30,,0,0,0,0,F#1,E4,0,0,0,fa#,sol,0,0,0,"I'm sorry, but I can't determine the MIDI note number just by listening to the audio.",E4,sol,Let me analyze the audio to determine the main pitch frequency. Please play the audio clip.,data/audio/pitchbench_e2_audio_effects/Fs1_sine_5000ms_fx_highpass_above_f0.wav,Fs1_sine_5000ms_fx_highpass_above_f0.wav,Listen to this audio clip of a single musical note. What is the MIDI note number (an integer from 0 to 127)? Reply with ONLY the integer. Nothing else. Output only the answer.,"Listen to this audio clip of a single musical note. What is the note name and octave? Reply with ONLY the note name in Scientific Pitch Notation (e.g. C4, F#3, Bb5). Nothing else. Output only the answer.","Listen to this audio clip of a single musical note. What is the solfege syllable and accidental (if needed) of this pitch? Use fixed-do (do=C, re=D, mi=E, fa=F, sol=G, la=A, si=B). Include sharps or flats when needed (e.g. do#, reb, fa#, sib). Do NOT include the octave. Reply with ONLY the syllable and accidental (if needed). Nothing else. Output only the answer.","Listen to this audio clip of a single musical note. What is the main pitch frequency, expressed in Hertz? Reply with ONLY a number (the frequency in Hz). Nothing else. Output only the answer."
highpass_above_f0,highpass,"{'type': 'highpass', 'cutoff_ratio': 1.5, 'order': 6}",1030,triangle,waveform,30,69,0,0,0,0,F#1,G3,0,0,0,fa#,fa#,1,0,0,69,G3,fa#,440,data/audio/pitchbench_e2_audio_effects/Fs1_triangle_5000ms_fx_highpass_above_f0.wav,Fs1_triangle_5000ms_fx_highpass_above_f0.wav,Listen to this audio clip of a single musical note. What is the MIDI note number (an integer from 0 to 127)? Reply with ONLY the integer. Nothing else. Output only the answer.,"Listen to this audio clip of a single musical note. What is the note name and octave? Reply with ONLY the note name in Scientific Pitch Notation (e.g. C4, F#3, Bb5). Nothing else. Output only the answer.","Listen to this audio clip of a single musical note. What is the solfege syllable and accidental (if needed) of this pitch? Use fixed-do (do=C, re=D, mi=E, fa=F, sol=G, la=A, si=B). Include sharps or flats when needed (e.g. do#, reb, fa#, sib). Do NOT include the octave. Reply with ONLY the syllable and accidental (if needed). Nothing else. Output only the answer.","Listen to this audio clip of a single musical note. What is the main pitch frequency, expressed in Hertz? Reply with ONLY a number (the frequency in Hz). Nothing else. Output only the answer."
highpass_above_f0,highpass,"{'type': 'highpass', 'cutoff_ratio': 1.5, 'order': 6}",1030,organ,instrument,30,69,0,0,0,0,F#1,G4,0,0,0,fa#,sol,0,0,0,69,G4,sol,440,data/audio/pitchbench_e2_audio_effects/Fs1_organ_5000ms_fx_highpass_above_f0.wav,Fs1_organ_5000ms_fx_highpass_above_f0.wav,Listen to this audio clip of a single musical note. What is the MIDI note number (an integer from 0 to 127)? Reply with ONLY the integer. Nothing else. Output only the answer.,"Listen to this audio clip of a single musical note. What is the note name and octave? Reply with ONLY the note name in Scientific Pitch Notation (e.g. C4, F#3, Bb5). Nothing else. Output only the answer.","Listen to this audio clip of a single musical note. What is the solfege syllable and accidental (if needed) of this pitch? Use fixed-do (do=C, re=D, mi=E, fa=F, sol=G, la=A, si=B). Include sharps or flats when needed (e.g. do#, reb, fa#, sib). Do NOT include the octave. Reply with ONLY the syllable and accidental (if needed). Nothing else. Output only the answer.","Listen to this audio clip of a single musical note. What is the main pitch frequency, expressed in Hertz? Reply with ONLY a number (the frequency in Hz). Nothing else. Output only the answer."
highpass_above_f0,highpass,"{'type': 'highpass', 'cutoff_ratio': 1.5, 'order': 6}",1036,oboe,instrument,36,69,0,0,0,0,C2,G2,0,0,1,do,sol,0,0,0,69,G2,sol,196,data/audio/pitchbench_e2_audio_effects/C2_oboe_5000ms_fx_highpass_above_f0.wav,C2_oboe_5000ms_fx_highpass_above_f0.wav,Listen to this audio clip of a single musical note. What is the MIDI note number (an integer from 0 to 127)? Reply with ONLY the integer. Nothing else. Output only the answer.,"Listen to this audio clip of a single musical note. What is the note name and octave? Reply with ONLY the note name in Scientific Pitch Notation (e.g. C4, F#3, Bb5). Nothing else. Output only the answer.","Listen to this audio clip of a single musical note. What is the solfege syllable and accidental (if needed) of this pitch? Use fixed-do (do=C, re=D, mi=E, fa=F, sol=G, la=A, si=B). Include sharps or flats when needed (e.g. do#, reb, fa#, sib). Do NOT include the octave. Reply with ONLY the syllable and accidental (if needed). Nothing else. Output only the answer.","Listen to this audio clip of a single musical note. What is the main pitch frequency, expressed in Hertz? Reply with ONLY a number (the frequency in Hz). Nothing else. Output only the answer."
highpass_above_f0,highpass,"{'type': 'highpass', 'cutoff_ratio': 1.5, 'order': 6}",1036,trombone,instrument,36,69,0,0,0,0,C2,A#2,0,0,1,do,sol,0,0,0,69,A#2,sol,440,data/audio/pitchbench_e2_audio_effects/C2_trombone_5000ms_fx_highpass_above_f0.wav,C2_trombone_5000ms_fx_highpass_above_f0.wav,Listen to this audio clip of a single musical note. What is the MIDI note number (an integer from 0 to 127)? Reply with ONLY the integer. Nothing else. Output only the answer.,"Listen to this audio clip of a single musical note. What is the note name and octave? Reply with ONLY the note name in Scientific Pitch Notation (e.g. C4, F#3, Bb5). Nothing else. Output only the answer.","Listen to this audio clip of a single musical note. What is the solfege syllable and accidental (if needed) of this pitch? Use fixed-do (do=C, re=D, mi=E, fa=F, sol=G, la=A, si=B). Include sharps or flats when needed (e.g. do#, reb, fa#, sib). Do NOT include the octave. Reply with ONLY the syllable and accidental (if needed). Nothing else. Output only the answer.","Listen to this audio clip of a single musical note. What is the main pitch frequency, expressed in Hertz? Reply with ONLY a number (the frequency in Hz). Nothing else. Output only the answer."
highpass_above_f0,highpass,"{'type': 'highpass', 'cutoff_ratio': 1.5, 'order': 6}",1036,flute,instrument,36,69,0,0,0,0,C2,A2,0,0,1,do,sol,0,0,0,69,A2,sol,220,data/audio/pitchbench_e2_audio_effects/C2_flute_5000ms_fx_highpass_above_f0.wav,C2_flute_5000ms_fx_highpass_above_f0.wav,Listen to this audio clip of a single musical note. What is the MIDI note number (an integer from 0 to 127)? Reply with ONLY the integer. Nothing else. Output only the answer.,"Listen to this audio clip of a single musical note. What is the note name and octave? Reply with ONLY the note name in Scientific Pitch Notation (e.g. C4, F#3, Bb5). Nothing else. Output only the answer.","Listen to this audio clip of a single musical note. What is the solfege syllable and accidental (if needed) of this pitch? Use fixed-do (do=C, re=D, mi=E, fa=F, sol=G, la=A, si=B). Include sharps or flats when needed (e.g. do#, reb, fa#, sib). Do NOT include the octave. Reply with ONLY the syllable and accidental (if needed). Nothing else. Output only the answer.","Listen to this audio clip of a single musical note. What is the main pitch frequency, expressed in Hertz? Reply with ONLY a number (the frequency in Hz). Nothing else. Output only the answer."
highpass_above_f0,highpass,"{'type': 'highpass', 'cutoff_ratio': 1.5, 'order': 6}",1036,sawtooth,waveform,36,69,0,0,0,0,C2,A4,0,0,0,do,sol,0,0,0,69,A4,sol,440,data/audio/pitchbench_e2_audio_effects/C2_sawtooth_5000ms_fx_highpass_above_f0.wav,C2_sawtooth_5000ms_fx_highpass_above_f0.wav,Listen to this audio clip of a single musical note. What is the MIDI note number (an integer from 0 to 127)? Reply with ONLY the integer. Nothing else. Output only the answer.,"Listen to this audio clip of a single musical note. What is the note name and octave? Reply with ONLY the note name in Scientific Pitch Notation (e.g. C4, F#3, Bb5). Nothing else. Output only the answer.","Listen to this audio clip of a single musical note. What is the solfege syllable and accidental (if needed) of this pitch? Use fixed-do (do=C, re=D, mi=E, fa=F, sol=G, la=A, si=B). Include sharps or flats when needed (e.g. do#, reb, fa#, sib). Do NOT include the octave. Reply with ONLY the syllable and accidental (if needed). Nothing else. Output only the answer.","Listen to this audio clip of a single musical note. What is the main pitch frequency, expressed in Hertz? Reply with ONLY a number (the frequency in Hz). Nothing else. Output only the answer."
highpass_above_f0,highpass,"{'type': 'highpass', 'cutoff_ratio': 1.5, 'order': 6}",1036,triangle,waveform,36,69,0,0,0,0,C2,G3,0,0,0,do,sol,0,0,0,69,G3,sol,440,data/audio/pitchbench_e2_audio_effects/C2_triangle_5000ms_fx_highpass_above_f0.wav,C2_triangle_5000ms_fx_highpass_above_f0.wav,Listen to this audio clip of a single musical note. What is the MIDI note number (an integer from 0 to 127)? Reply with ONLY the integer. Nothing else. Output only the answer.,"Listen to this audio clip of a single musical note. What is the note name and octave? Reply with ONLY the note name in Scientific Pitch Notation (e.g. C4, F#3, Bb5). Nothing else. Output only the answer.","Listen to this audio clip of a single musical note. What is the solfege syllable and accidental (if needed) of this pitch? Use fixed-do (do=C, re=D, mi=E, fa=F, sol=G, la=A, si=B). Include sharps or flats when needed (e.g. do#, reb, fa#, sib). Do NOT include the octave. Reply with ONLY the syllable and accidental (if needed). Nothing else. Output only the answer.","Listen to this audio clip of a single musical note. What is the main pitch frequency, expressed in Hertz? Reply with ONLY a number (the frequency in Hz). Nothing else. Output only the answer."
highpass_above_f0,highpass,"{'type': 'highpass', 'cutoff_ratio': 1.5, 'order': 6}",1043,voice,instrument,43,60,0,0,0,0,G2,A2,0,0,1,sol,sol,1,0,0,60,A2,sol,220,data/audio/pitchbench_e2_audio_effects/G2_voice_5000ms_fx_highpass_above_f0.wav,G2_voice_5000ms_fx_highpass_above_f0.wav,Listen to this audio clip of a single musical note. What is the MIDI note number (an integer from 0 to 127)? Reply with ONLY the integer. Nothing else. Output only the answer.,"Listen to this audio clip of a single musical note. What is the note name and octave? Reply with ONLY the note name in Scientific Pitch Notation (e.g. C4, F#3, Bb5). Nothing else. Output only the answer.","Listen to this audio clip of a single musical note. What is the solfege syllable and accidental (if needed) of this pitch? Use fixed-do (do=C, re=D, mi=E, fa=F, sol=G, la=A, si=B). Include sharps or flats when needed (e.g. do#, reb, fa#, sib). Do NOT include the octave. Reply with ONLY the syllable and accidental (if needed). Nothing else. Output only the answer.","Listen to this audio clip of a single musical note. What is the main pitch frequency, expressed in Hertz? Reply with ONLY a number (the frequency in Hz). Nothing else. Output only the answer."
highpass_above_f0,highpass,"{'type': 'highpass', 'cutoff_ratio': 1.5, 'order': 6}",1043,square,waveform,43,69,0,0,0,0,G2,A4,0,0,0,sol,sol,1,0,0,69,A4,sol,440,data/audio/pitchbench_e2_audio_effects/G2_square_5000ms_fx_highpass_above_f0.wav,G2_square_5000ms_fx_highpass_above_f0.wav,Listen to this audio clip of a single musical note. What is the MIDI note number (an integer from 0 to 127)? Reply with ONLY the integer. Nothing else. Output only the answer.,"Listen to this audio clip of a single musical note. What is the note name and octave? Reply with ONLY the note name in Scientific Pitch Notation (e.g. C4, F#3, Bb5). Nothing else. Output only the answer.","Listen to this audio clip of a single musical note. What is the solfege syllable and accidental (if needed) of this pitch? Use fixed-do (do=C, re=D, mi=E, fa=F, sol=G, la=A, si=B). Include sharps or flats when needed (e.g. do#, reb, fa#, sib). Do NOT include the octave. Reply with ONLY the syllable and accidental (if needed). Nothing else. Output only the answer.","Listen to this audio clip of a single musical note. What is the main pitch frequency, expressed in Hertz? Reply with ONLY a number (the frequency in Hz). Nothing else. Output only the answer."
highpass_above_f0,highpass,"{'type': 'highpass', 'cutoff_ratio': 1.5, 'order': 6}",1043,synth_pad,instrument,43,69,0,0,0,0,G2,A3,0,0,0,sol,fa#,0,0,0,69,A3,fa#,440,data/audio/pitchbench_e2_audio_effects/G2_synth_pad_5000ms_fx_highpass_above_f0.wav,G2_synth_pad_5000ms_fx_highpass_above_f0.wav,Listen to this audio clip of a single musical note. What is the MIDI note number (an integer from 0 to 127)? Reply with ONLY the integer. Nothing else. Output only the answer.,"Listen to this audio clip of a single musical note. What is the note name and octave? Reply with ONLY the note name in Scientific Pitch Notation (e.g. C4, F#3, Bb5). Nothing else. Output only the answer.","Listen to this audio clip of a single musical note. What is the solfege syllable and accidental (if needed) of this pitch? Use fixed-do (do=C, re=D, mi=E, fa=F, sol=G, la=A, si=B). Include sharps or flats when needed (e.g. do#, reb, fa#, sib). Do NOT include the octave. Reply with ONLY the syllable and accidental (if needed). Nothing else. Output only the answer.","Listen to this audio clip of a single musical note. What is the main pitch frequency, expressed in Hertz? Reply with ONLY a number (the frequency in Hz). Nothing else. Output only the answer."
highpass_above_f0,highpass,"{'type': 'highpass', 'cutoff_ratio': 1.5, 'order': 6}",1043,bass,instrument,43,69,0,0,0,0,G2,G3,0,1,0,sol,sol,1,0,0,69,G3,sol,440,data/audio/pitchbench_e2_audio_effects/G2_bass_5000ms_fx_highpass_above_f0.wav,G2_bass_5000ms_fx_highpass_above_f0.wav,Listen to this audio clip of a single musical note. What is the MIDI note number (an integer from 0 to 127)? Reply with ONLY the integer. Nothing else. Output only the answer.,"Listen to this audio clip of a single musical note. What is the note name and octave? Reply with ONLY the note name in Scientific Pitch Notation (e.g. C4, F#3, Bb5). Nothing else. Output only the answer.","Listen to this audio clip of a single musical note. What is the solfege syllable and accidental (if needed) of this pitch? Use fixed-do (do=C, re=D, mi=E, fa=F, sol=G, la=A, si=B). Include sharps or flats when needed (e.g. do#, reb, fa#, sib). Do NOT include the octave. Reply with ONLY the syllable and accidental (if needed). Nothing else. Output only the answer.","Listen to this audio clip of a single musical note. What is the main pitch frequency, expressed in Hertz? Reply with ONLY a number (the frequency in Hz). Nothing else. Output only the answer."
highpass_above_f0,highpass,"{'type': 'highpass', 'cutoff_ratio': 1.5, 'order': 6}",1043,cello,instrument,43,69,0,0,0,0,G2,A#2,0,0,1,sol,sol,1,0,0,69,A#2,sol,440,data/audio/pitchbench_e2_audio_effects/G2_cello_5000ms_fx_highpass_above_f0.wav,G2_cello_5000ms_fx_highpass_above_f0.wav,Listen to this audio clip of a single musical note. What is the MIDI note number (an integer from 0 to 127)? Reply with ONLY the integer. Nothing else. Output only the answer.,"Listen to this audio clip of a single musical note. What is the note name and octave? Reply with ONLY the note name in Scientific Pitch Notation (e.g. C4, F#3, Bb5). Nothing else. Output only the answer.","Listen to this audio clip of a single musical note. What is the solfege syllable and accidental (if needed) of this pitch? Use fixed-do (do=C, re=D, mi=E, fa=F, sol=G, la=A, si=B). Include sharps or flats when needed (e.g. do#, reb, fa#, sib). Do NOT include the octave. Reply with ONLY the syllable and accidental (if needed). Nothing else. Output only the answer.","Listen to this audio clip of a single musical note. What is the main pitch frequency, expressed in Hertz? Reply with ONLY a number (the frequency in Hz). Nothing else. Output only the answer."
highpass_above_f0,highpass,"{'type': 'highpass', 'cutoff_ratio': 1.5, 'order': 6}",1048,square,waveform,48,69,0,0,0,0,C3,A4,0,0,0,do,sol,0,0,0,69,A4,sol,440,data/audio/pitchbench_e2_audio_effects/C3_square_5000ms_fx_highpass_above_f0.wav,C3_square_5000ms_fx_highpass_above_f0.wav,Listen to this audio clip of a single musical note. What is the MIDI note number (an integer from 0 to 127)? Reply with ONLY the integer. Nothing else. Output only the answer.,"Listen to this audio clip of a single musical note. What is the note name and octave? Reply with ONLY the note name in Scientific Pitch Notation (e.g. C4, F#3, Bb5). Nothing else. Output only the answer.","Listen to this audio clip of a single musical note. What is the solfege syllable and accidental (if needed) of this pitch? Use fixed-do (do=C, re=D, mi=E, fa=F, sol=G, la=A, si=B). Include sharps or flats when needed (e.g. do#, reb, fa#, sib). Do NOT include the octave. Reply with ONLY the syllable and accidental (if needed). Nothing else. Output only the answer.","Listen to this audio clip of a single musical note. What is the main pitch frequency, expressed in Hertz? Reply with ONLY a number (the frequency in Hz). Nothing else. Output only the answer."
highpass_above_f0,highpass,"{'type': 'highpass', 'cutoff_ratio': 1.5, 'order': 6}",1048,synth_pad,instrument,48,60,0,0,1,0,C3,G3,0,0,1,do,sol,0,0,0,60,G3,sol,440,data/audio/pitchbench_e2_audio_effects/C3_synth_pad_5000ms_fx_highpass_above_f0.wav,C3_synth_pad_5000ms_fx_highpass_above_f0.wav,Listen to this audio clip of a single musical note. What is the MIDI note number (an integer from 0 to 127)? Reply with ONLY the integer. Nothing else. Output only the answer.,"Listen to this audio clip of a single musical note. What is the note name and octave? Reply with ONLY the note name in Scientific Pitch Notation (e.g. C4, F#3, Bb5). Nothing else. Output only the answer.","Listen to this audio clip of a single musical note. What is the solfege syllable and accidental (if needed) of this pitch? Use fixed-do (do=C, re=D, mi=E, fa=F, sol=G, la=A, si=B). Include sharps or flats when needed (e.g. do#, reb, fa#, sib). Do NOT include the octave. Reply with ONLY the syllable and accidental (if needed). Nothing else. Output only the answer.","Listen to this audio clip of a single musical note. What is the main pitch frequency, expressed in Hertz? Reply with ONLY a number (the frequency in Hz). Nothing else. Output only the answer."
highpass_above_f0,highpass,"{'type': 'highpass', 'cutoff_ratio': 1.5, 'order': 6}",1048,piano,instrument,48,72,0,0,1,0,C3,G3,0,0,1,do,sol#,0,0,0,72,G3,sol#,440,data/audio/pitchbench_e2_audio_effects/C3_piano_5000ms_fx_highpass_above_f0.wav,C3_piano_5000ms_fx_highpass_above_f0.wav,Listen to this audio clip of a single musical note. What is the MIDI note number (an integer from 0 to 127)? Reply with ONLY the integer. Nothing else. Output only the answer.,"Listen to this audio clip of a single musical note. What is the note name and octave? Reply with ONLY the note name in Scientific Pitch Notation (e.g. C4, F#3, Bb5). Nothing else. Output only the answer.","Listen to this audio clip of a single musical note. What is the solfege syllable and accidental (if needed) of this pitch? Use fixed-do (do=C, re=D, mi=E, fa=F, sol=G, la=A, si=B). Include sharps or flats when needed (e.g. do#, reb, fa#, sib). Do NOT include the octave. Reply with ONLY the syllable and accidental (if needed). Nothing else. Output only the answer.","Listen to this audio clip of a single musical note. What is the main pitch frequency, expressed in Hertz? Reply with ONLY a number (the frequency in Hz). Nothing else. Output only the answer."
highpass_above_f0,highpass,"{'type': 'highpass', 'cutoff_ratio': 1.5, 'order': 6}",1048,synth_lead,instrument,48,60,0,0,1,0,C3,A4,0,0,0,do,sol#,0,0,0,60,A4,Sol#,440,data/audio/pitchbench_e2_audio_effects/C3_synth_lead_5000ms_fx_highpass_above_f0.wav,C3_synth_lead_5000ms_fx_highpass_above_f0.wav,Listen to this audio clip of a single musical note. What is the MIDI note number (an integer from 0 to 127)? Reply with ONLY the integer. Nothing else. Output only the answer.,"Listen to this audio clip of a single musical note. What is the note name and octave? Reply with ONLY the note name in Scientific Pitch Notation (e.g. C4, F#3, Bb5). Nothing else. Output only the answer.","Listen to this audio clip of a single musical note. What is the solfege syllable and accidental (if needed) of this pitch? Use fixed-do (do=C, re=D, mi=E, fa=F, sol=G, la=A, si=B). Include sharps or flats when needed (e.g. do#, reb, fa#, sib). Do NOT include the octave. Reply with ONLY the syllable and accidental (if needed). Nothing else. Output only the answer.","Listen to this audio clip of a single musical note. What is the main pitch frequency, expressed in Hertz? Reply with ONLY a number (the frequency in Hz). Nothing else. Output only the answer."
highpass_above_f0,highpass,"{'type': 'highpass', 'cutoff_ratio': 1.5, 'order': 6}",1048,clarinet,instrument,48,69,0,0,0,0,C3,A#3,0,0,1,do,mi,0,0,0,69,A#3,mi,440,data/audio/pitchbench_e2_audio_effects/C3_clarinet_5000ms_fx_highpass_above_f0.wav,C3_clarinet_5000ms_fx_highpass_above_f0.wav,Listen to this audio clip of a single musical note. What is the MIDI note number (an integer from 0 to 127)? Reply with ONLY the integer. Nothing else. Output only the answer.,"Listen to this audio clip of a single musical note. What is the note name and octave? Reply with ONLY the note name in Scientific Pitch Notation (e.g. C4, F#3, Bb5). Nothing else. Output only the answer.","Listen to this audio clip of a single musical note. What is the solfege syllable and accidental (if needed) of this pitch? Use fixed-do (do=C, re=D, mi=E, fa=F, sol=G, la=A, si=B). Include sharps or flats when needed (e.g. do#, reb, fa#, sib). Do NOT include the octave. Reply with ONLY the syllable and accidental (if needed). Nothing else. Output only the answer.","Listen to this audio clip of a single musical note. What is the main pitch frequency, expressed in Hertz? Reply with ONLY a number (the frequency in Hz). Nothing else. Output only the answer."
highpass_above_f0,highpass,"{'type': 'highpass', 'cutoff_ratio': 1.5, 'order': 6}",1054,bass,instrument,54,72,0,0,0,0,F#3,F4,0,0,0,fa#,fa,0,0,0,72,F4,fa,440,data/audio/pitchbench_e2_audio_effects/Fs3_bass_5000ms_fx_highpass_above_f0.wav,Fs3_bass_5000ms_fx_highpass_above_f0.wav,Listen to this audio clip of a single musical note. What is the MIDI note number (an integer from 0 to 127)? Reply with ONLY the integer. Nothing else. Output only the answer.,"Listen to this audio clip of a single musical note. What is the note name and octave? Reply with ONLY the note name in Scientific Pitch Notation (e.g. C4, F#3, Bb5). Nothing else. Output only the answer.","Listen to this audio clip of a single musical note. What is the solfege syllable and accidental (if needed) of this pitch? Use fixed-do (do=C, re=D, mi=E, fa=F, sol=G, la=A, si=B). Include sharps or flats when needed (e.g. do#, reb, fa#, sib). Do NOT include the octave. Reply with ONLY the syllable and accidental (if needed). Nothing else. Output only the answer.","Listen to this audio clip of a single musical note. What is the main pitch frequency, expressed in Hertz? Reply with ONLY a number (the frequency in Hz). Nothing else. Output only the answer."
highpass_above_f0,highpass,"{'type': 'highpass', 'cutoff_ratio': 1.5, 'order': 6}",1054,synth_pad,instrument,54,69,0,0,0,0,F#3,G3,0,0,1,fa#,sol,0,0,0,69,G3,sol,440,data/audio/pitchbench_e2_audio_effects/Fs3_synth_pad_5000ms_fx_highpass_above_f0.wav,Fs3_synth_pad_5000ms_fx_highpass_above_f0.wav,Listen to this audio clip of a single musical note. What is the MIDI note number (an integer from 0 to 127)? Reply with ONLY the integer. Nothing else. Output only the answer.,"Listen to this audio clip of a single musical note. What is the note name and octave? Reply with ONLY the note name in Scientific Pitch Notation (e.g. C4, F#3, Bb5). Nothing else. Output only the answer.","Listen to this audio clip of a single musical note. What is the solfege syllable and accidental (if needed) of this pitch? Use fixed-do (do=C, re=D, mi=E, fa=F, sol=G, la=A, si=B). Include sharps or flats when needed (e.g. do#, reb, fa#, sib). Do NOT include the octave. Reply with ONLY the syllable and accidental (if needed). Nothing else. Output only the answer.","Listen to this audio clip of a single musical note. What is the main pitch frequency, expressed in Hertz? Reply with ONLY a number (the frequency in Hz). Nothing else. Output only the answer."
highpass_above_f0,highpass,"{'type': 'highpass', 'cutoff_ratio': 1.5, 'order': 6}",1054,electric_keyboard,instrument,54,69,0,0,0,0,F#3,F3,0,0,1,fa#,sol#,0,0,0,69,F3,sol#,440,data/audio/pitchbench_e2_audio_effects/Fs3_electric_keyboard_5000ms_fx_highpass_above_f0.wav,Fs3_electric_keyboard_5000ms_fx_highpass_above_f0.wav,Listen to this audio clip of a single musical note. What is the MIDI note number (an integer from 0 to 127)? Reply with ONLY the integer. Nothing else. Output only the answer.,"Listen to this audio clip of a single musical note. What is the note name and octave? Reply with ONLY the note name in Scientific Pitch Notation (e.g. C4, F#3, Bb5). Nothing else. Output only the answer.","Listen to this audio clip of a single musical note. What is the solfege syllable and accidental (if needed) of this pitch? Use fixed-do (do=C, re=D, mi=E, fa=F, sol=G, la=A, si=B). Include sharps or flats when needed (e.g. do#, reb, fa#, sib). Do NOT include the octave. Reply with ONLY the syllable and accidental (if needed). Nothing else. Output only the answer.","Listen to this audio clip of a single musical note. What is the main pitch frequency, expressed in Hertz? Reply with ONLY a number (the frequency in Hz). Nothing else. Output only the answer."
highpass_above_f0,highpass,"{'type': 'highpass', 'cutoff_ratio': 1.5, 'order': 6}",1054,trumpet,instrument,54,69,0,0,0,0,F#3,A#3,0,0,1,fa#,sol,0,0,0,69,Bb3,sol,440,data/audio/pitchbench_e2_audio_effects/Fs3_trumpet_5000ms_fx_highpass_above_f0.wav,Fs3_trumpet_5000ms_fx_highpass_above_f0.wav,Listen to this audio clip of a single musical note. What is the MIDI note number (an integer from 0 to 127)? Reply with ONLY the integer. Nothing else. Output only the answer.,"Listen to this audio clip of a single musical note. What is the note name and octave? Reply with ONLY the note name in Scientific Pitch Notation (e.g. C4, F#3, Bb5). Nothing else. Output only the answer.","Listen to this audio clip of a single musical note. What is the solfege syllable and accidental (if needed) of this pitch? Use fixed-do (do=C, re=D, mi=E, fa=F, sol=G, la=A, si=B). Include sharps or flats when needed (e.g. do#, reb, fa#, sib). Do NOT include the octave. Reply with ONLY the syllable and accidental (if needed). Nothing else. Output only the answer.","Listen to this audio clip of a single musical note. What is the main pitch frequency, expressed in Hertz? Reply with ONLY a number (the frequency in Hz). Nothing else. Output only the answer."
highpass_above_f0,highpass,"{'type': 'highpass', 'cutoff_ratio': 1.5, 'order': 6}",1054,voice,instrument,54,69,0,0,0,0,F#3,A4,0,0,0,fa#,sol,0,0,0,69,A4,sol,440,data/audio/pitchbench_e2_audio_effects/Fs3_voice_5000ms_fx_highpass_above_f0.wav,Fs3_voice_5000ms_fx_highpass_above_f0.wav,Listen to this audio clip of a single musical note. What is the MIDI note number (an integer from 0 to 127)? Reply with ONLY the integer. Nothing else. Output only the answer.,"Listen to this audio clip of a single musical note. What is the note name and octave? Reply with ONLY the note name in Scientific Pitch Notation (e.g. C4, F#3, Bb5). Nothing else. Output only the answer.","Listen to this audio clip of a single musical note. What is the solfege syllable and accidental (if needed) of this pitch? Use fixed-do (do=C, re=D, mi=E, fa=F, sol=G, la=A, si=B). Include sharps or flats when needed (e.g. do#, reb, fa#, sib). Do NOT include the octave. Reply with ONLY the syllable and accidental (if needed). Nothing else. Output only the answer.","Listen to this audio clip of a single musical note. What is the main pitch frequency, expressed in Hertz? Reply with ONLY a number (the frequency in Hz). Nothing else. Output only the answer."
highpass_above_f0,highpass,"{'type': 'highpass', 'cutoff_ratio': 1.5, 'order': 6}",1060,cello,instrument,60,69,0,0,0,1,C4,A4,0,0,1,do,sol,0,0,0,69,A4,sol,440,data/audio/pitchbench_e2_audio_effects/C4_cello_5000ms_fx_highpass_above_f0.wav,C4_cello_5000ms_fx_highpass_above_f0.wav,Listen to this audio clip of a single musical note. What is the MIDI note number (an integer from 0 to 127)? Reply with ONLY the integer. Nothing else. Output only the answer.,"Listen to this audio clip of a single musical note. What is the note name and octave? Reply with ONLY the note name in Scientific Pitch Notation (e.g. C4, F#3, Bb5). Nothing else. Output only the answer.","Listen to this audio clip of a single musical note. What is the solfege syllable and accidental (if needed) of this pitch? Use fixed-do (do=C, re=D, mi=E, fa=F, sol=G, la=A, si=B). Include sharps or flats when needed (e.g. do#, reb, fa#, sib). Do NOT include the octave. Reply with ONLY the syllable and accidental (if needed). Nothing else. Output only the answer.","Listen to this audio clip of a single musical note. What is the main pitch frequency, expressed in Hertz? Reply with ONLY a number (the frequency in Hz). Nothing else. Output only the answer."
highpass_above_f0,highpass,"{'type': 'highpass', 'cutoff_ratio': 1.5, 'order': 6}",1060,guitar,instrument,60,69,0,0,0,1,C4,G4,0,0,1,do,sol,0,0,0,69,G4,sol,440,data/audio/pitchbench_e2_audio_effects/C4_guitar_5000ms_fx_highpass_above_f0.wav,C4_guitar_5000ms_fx_highpass_above_f0.wav,Listen to this audio clip of a single musical note. What is the MIDI note number (an integer from 0 to 127)? Reply with ONLY the integer. Nothing else. Output only the answer.,"Listen to this audio clip of a single musical note. What is the note name and octave? Reply with ONLY the note name in Scientific Pitch Notation (e.g. C4, F#3, Bb5). Nothing else. Output only the answer.","Listen to this audio clip of a single musical note. What is the solfege syllable and accidental (if needed) of this pitch? Use fixed-do (do=C, re=D, mi=E, fa=F, sol=G, la=A, si=B). Include sharps or flats when needed (e.g. do#, reb, fa#, sib). Do NOT include the octave. Reply with ONLY the syllable and accidental (if needed). Nothing else. Output only the answer.","Listen to this audio clip of a single musical note. What is the main pitch frequency, expressed in Hertz? Reply with ONLY a number (the frequency in Hz). Nothing else. Output only the answer."
highpass_above_f0,highpass,"{'type': 'highpass', 'cutoff_ratio': 1.5, 'order': 6}",1060,synth_pad,instrument,60,69,0,0,0,1,C4,A4,0,0,1,do,sol,0,0,0,69,A4,sol,440,data/audio/pitchbench_e2_audio_effects/C4_synth_pad_5000ms_fx_highpass_above_f0.wav,C4_synth_pad_5000ms_fx_highpass_above_f0.wav,Listen to this audio clip of a single musical note. What is the MIDI note number (an integer from 0 to 127)? Reply with ONLY the integer. Nothing else. Output only the answer.,"Listen to this audio clip of a single musical note. What is the note name and octave? Reply with ONLY the note name in Scientific Pitch Notation (e.g. C4, F#3, Bb5). Nothing else. Output only the answer.","Listen to this audio clip of a single musical note. What is the solfege syllable and accidental (if needed) of this pitch? Use fixed-do (do=C, re=D, mi=E, fa=F, sol=G, la=A, si=B). Include sharps or flats when needed (e.g. do#, reb, fa#, sib). Do NOT include the octave. Reply with ONLY the syllable and accidental (if needed). Nothing else. Output only the answer.","Listen to this audio clip of a single musical note. What is the main pitch frequency, expressed in Hertz? Reply with ONLY a number (the frequency in Hz). Nothing else. Output only the answer."
highpass_above_f0,highpass,"{'type': 'highpass', 'cutoff_ratio': 1.5, 'order': 6}",1060,trombone,instrument,60,69,0,0,0,1,C4,F4,0,0,1,do,sol,0,0,0,69,F4,sol,440,data/audio/pitchbench_e2_audio_effects/C4_trombone_5000ms_fx_highpass_above_f0.wav,C4_trombone_5000ms_fx_highpass_above_f0.wav,Listen to this audio clip of a single musical note. What is the MIDI note number (an integer from 0 to 127)? Reply with ONLY the integer. Nothing else. Output only the answer.,"Listen to this audio clip of a single musical note. What is the note name and octave? Reply with ONLY the note name in Scientific Pitch Notation (e.g. C4, F#3, Bb5). Nothing else. Output only the answer.","Listen to this audio clip of a single musical note. What is the solfege syllable and accidental (if needed) of this pitch? Use fixed-do (do=C, re=D, mi=E, fa=F, sol=G, la=A, si=B). Include sharps or flats when needed (e.g. do#, reb, fa#, sib). Do NOT include the octave. Reply with ONLY the syllable and accidental (if needed). Nothing else. Output only the answer.","Listen to this audio clip of a single musical note. What is the main pitch frequency, expressed in Hertz? Reply with ONLY a number (the frequency in Hz). Nothing else. Output only the answer."
highpass_above_f0,highpass,"{'type': 'highpass', 'cutoff_ratio': 1.5, 'order': 6}",1060,synth_lead,instrument,60,69,0,0,0,1,C4,A4,0,0,1,do,sol,0,0,0,69,A4,sol,440,data/audio/pitchbench_e2_audio_effects/C4_synth_lead_5000ms_fx_highpass_above_f0.wav,C4_synth_lead_5000ms_fx_highpass_above_f0.wav,Listen to this audio clip of a single musical note. What is the MIDI note number (an integer from 0 to 127)? Reply with ONLY the integer. Nothing else. Output only the answer.,"Listen to this audio clip of a single musical note. What is the note name and octave? Reply with ONLY the note name in Scientific Pitch Notation (e.g. C4, F#3, Bb5). Nothing else. Output only the answer.","Listen to this audio clip of a single musical note. What is the solfege syllable and accidental (if needed) of this pitch? Use fixed-do (do=C, re=D, mi=E, fa=F, sol=G, la=A, si=B). Include sharps or flats when needed (e.g. do#, reb, fa#, sib). Do NOT include the octave. Reply with ONLY the syllable and accidental (if needed). Nothing else. Output only the answer.","Listen to this audio clip of a single musical note. What is the main pitch frequency, expressed in Hertz? Reply with ONLY a number (the frequency in Hz). Nothing else. Output only the answer."
highpass_above_f0,highpass,"{'type': 'highpass', 'cutoff_ratio': 1.5, 'order': 6}",1064,oboe,instrument,64,69,0,0,0,1,E4,A4,0,0,1,mi,fa,0,0,0,69,A4,fa,440,data/audio/pitchbench_e2_audio_effects/E4_oboe_5000ms_fx_highpass_above_f0.wav,E4_oboe_5000ms_fx_highpass_above_f0.wav,Listen to this audio clip of a single musical note. What is the MIDI note number (an integer from 0 to 127)? Reply with ONLY the integer. Nothing else. Output only the answer.,"Listen to this audio clip of a single musical note. What is the note name and octave? Reply with ONLY the note name in Scientific Pitch Notation (e.g. C4, F#3, Bb5). Nothing else. Output only the answer.","Listen to this audio clip of a single musical note. What is the solfege syllable and accidental (if needed) of this pitch? Use fixed-do (do=C, re=D, mi=E, fa=F, sol=G, la=A, si=B). Include sharps or flats when needed (e.g. do#, reb, fa#, sib). Do NOT include the octave. Reply with ONLY the syllable and accidental (if needed). Nothing else. Output only the answer.","Listen to this audio clip of a single musical note. What is the main pitch frequency, expressed in Hertz? Reply with ONLY a number (the frequency in Hz). Nothing else. Output only the answer."
highpass_above_f0,highpass,"{'type': 'highpass', 'cutoff_ratio': 1.5, 'order': 6}",1064,organ,instrument,64,69,0,0,0,1,E4,A4,0,0,1,mi,sol#,0,0,0,69,A4,Sol#,440,data/audio/pitchbench_e2_audio_effects/E4_organ_5000ms_fx_highpass_above_f0.wav,E4_organ_5000ms_fx_highpass_above_f0.wav,Listen to this audio clip of a single musical note. What is the MIDI note number (an integer from 0 to 127)? Reply with ONLY the integer. Nothing else. Output only the answer.,"Listen to this audio clip of a single musical note. What is the note name and octave? Reply with ONLY the note name in Scientific Pitch Notation (e.g. C4, F#3, Bb5). Nothing else. Output only the answer.","Listen to this audio clip of a single musical note. What is the solfege syllable and accidental (if needed) of this pitch? Use fixed-do (do=C, re=D, mi=E, fa=F, sol=G, la=A, si=B). Include sharps or flats when needed (e.g. do#, reb, fa#, sib). Do NOT include the octave. Reply with ONLY the syllable and accidental (if needed). Nothing else. Output only the answer.","Listen to this audio clip of a single musical note. What is the main pitch frequency, expressed in Hertz? Reply with ONLY a number (the frequency in Hz). Nothing else. Output only the answer."
highpass_above_f0,highpass,"{'type': 'highpass', 'cutoff_ratio': 1.5, 'order': 6}",1064,synth_lead,instrument,64,69,0,0,0,1,E4,A4,0,0,1,mi,fa,0,0,0,69,A4,fa,440,data/audio/pitchbench_e2_audio_effects/E4_synth_lead_5000ms_fx_highpass_above_f0.wav,E4_synth_lead_5000ms_fx_highpass_above_f0.wav,Listen to this audio clip of a single musical note. What is the MIDI note number (an integer from 0 to 127)? Reply with ONLY the integer. Nothing else. Output only the answer.,"Listen to this audio clip of a single musical note. What is the note name and octave? Reply with ONLY the note name in Scientific Pitch Notation (e.g. C4, F#3, Bb5). Nothing else. Output only the answer.","Listen to this audio clip of a single musical note. What is the solfege syllable and accidental (if needed) of this pitch? Use fixed-do (do=C, re=D, mi=E, fa=F, sol=G, la=A, si=B). Include sharps or flats when needed (e.g. do#, reb, fa#, sib). Do NOT include the octave. Reply with ONLY the syllable and accidental (if needed). Nothing else. Output only the answer.","Listen to this audio clip of a single musical note. What is the main pitch frequency, expressed in Hertz? Reply with ONLY a number (the frequency in Hz). Nothing else. Output only the answer."
highpass_above_f0,highpass,"{'type': 'highpass', 'cutoff_ratio': 1.5, 'order': 6}",1064,synth_pad,instrument,64,69,0,0,0,1,E4,A4,0,0,1,mi,sol,0,0,0,69,A4,sol,440,data/audio/pitchbench_e2_audio_effects/E4_synth_pad_5000ms_fx_highpass_above_f0.wav,E4_synth_pad_5000ms_fx_highpass_above_f0.wav,Listen to this audio clip of a single musical note. What is the MIDI note number (an integer from 0 to 127)? Reply with ONLY the integer. Nothing else. Output only the answer.,"Listen to this audio clip of a single musical note. What is the note name and octave? Reply with ONLY the note name in Scientific Pitch Notation (e.g. C4, F#3, Bb5). Nothing else. Output only the answer.","Listen to this audio clip of a single musical note. What is the solfege syllable and accidental (if needed) of this pitch? Use fixed-do (do=C, re=D, mi=E, fa=F, sol=G, la=A, si=B). Include sharps or flats when needed (e.g. do#, reb, fa#, sib). Do NOT include the octave. Reply with ONLY the syllable and accidental (if needed). Nothing else. Output only the answer.","Listen to this audio clip of a single musical note. What is the main pitch frequency, expressed in Hertz? Reply with ONLY a number (the frequency in Hz). Nothing else. Output only the answer."
highpass_above_f0,highpass,"{'type': 'highpass', 'cutoff_ratio': 1.5, 'order': 6}",1064,sawtooth,waveform,64,69,0,0,0,1,E4,A4,0,0,1,mi,sol,0,0,0,69,A4,sol,440,data/audio/pitchbench_e2_audio_effects/E4_sawtooth_5000ms_fx_highpass_above_f0.wav,E4_sawtooth_5000ms_fx_highpass_above_f0.wav,Listen to this audio clip of a single musical note. What is the MIDI note number (an integer from 0 to 127)? Reply with ONLY the integer. Nothing else. Output only the answer.,"Listen to this audio clip of a single musical note. What is the note name and octave? Reply with ONLY the note name in Scientific Pitch Notation (e.g. C4, F#3, Bb5). Nothing else. Output only the answer.","Listen to this audio clip of a single musical note. What is the solfege syllable and accidental (if needed) of this pitch? Use fixed-do (do=C, re=D, mi=E, fa=F, sol=G, la=A, si=B). Include sharps or flats when needed (e.g. do#, reb, fa#, sib). Do NOT include the octave. Reply with ONLY the syllable and accidental (if needed). Nothing else. Output only the answer.","Listen to this audio clip of a single musical note. What is the main pitch frequency, expressed in Hertz? Reply with ONLY a number (the frequency in Hz). Nothing else. Output only the answer."
highpass_above_f0,highpass,"{'type': 'highpass', 'cutoff_ratio': 1.5, 'order': 6}",1069,flute,instrument,69,69,1,1,1,1,A4,G4,0,0,1,la,sol,0,1,1,69,G4,sol,440,data/audio/pitchbench_e2_audio_effects/A4_flute_5000ms_fx_highpass_above_f0.wav,A4_flute_5000ms_fx_highpass_above_f0.wav,Listen to this audio clip of a single musical note. What is the MIDI note number (an integer from 0 to 127)? Reply with ONLY the integer. Nothing else. Output only the answer.,"Listen to this audio clip of a single musical note. What is the note name and octave? Reply with ONLY the note name in Scientific Pitch Notation (e.g. C4, F#3, Bb5). Nothing else. Output only the answer.","Listen to this audio clip of a single musical note. What is the solfege syllable and accidental (if needed) of this pitch? Use fixed-do (do=C, re=D, mi=E, fa=F, sol=G, la=A, si=B). Include sharps or flats when needed (e.g. do#, reb, fa#, sib). Do NOT include the octave. Reply with ONLY the syllable and accidental (if needed). Nothing else. Output only the answer.","Listen to this audio clip of a single musical note. What is the main pitch frequency, expressed in Hertz? Reply with ONLY a number (the frequency in Hz). Nothing else. Output only the answer."
highpass_above_f0,highpass,"{'type': 'highpass', 'cutoff_ratio': 1.5, 'order': 6}",1069,voice,instrument,69,69,1,1,1,1,A4,A4,1,1,1,la,sol,0,1,1,69,A4,sol,440,data/audio/pitchbench_e2_audio_effects/A4_voice_5000ms_fx_highpass_above_f0.wav,A4_voice_5000ms_fx_highpass_above_f0.wav,Listen to this audio clip of a single musical note. What is the MIDI note number (an integer from 0 to 127)? Reply with ONLY the integer. Nothing else. Output only the answer.,"Listen to this audio clip of a single musical note. What is the note name and octave? Reply with ONLY the note name in Scientific Pitch Notation (e.g. C4, F#3, Bb5). Nothing else. Output only the answer.","Listen to this audio clip of a single musical note. What is the solfege syllable and accidental (if needed) of this pitch? Use fixed-do (do=C, re=D, mi=E, fa=F, sol=G, la=A, si=B). Include sharps or flats when needed (e.g. do#, reb, fa#, sib). Do NOT include the octave. Reply with ONLY the syllable and accidental (if needed). Nothing else. Output only the answer.","Listen to this audio clip of a single musical note. What is the main pitch frequency, expressed in Hertz? Reply with ONLY a number (the frequency in Hz). Nothing else. Output only the answer."
highpass_above_f0,highpass,"{'type': 'highpass', 'cutoff_ratio': 1.5, 'order': 6}",1069,square,waveform,69,69,1,1,1,1,A4,A4,1,1,1,la,sol,0,1,1,69,A4,sol,440,data/audio/pitchbench_e2_audio_effects/A4_square_5000ms_fx_highpass_above_f0.wav,A4_square_5000ms_fx_highpass_above_f0.wav,Listen to this audio clip of a single musical note. What is the MIDI note number (an integer from 0 to 127)? Reply with ONLY the integer. Nothing else. Output only the answer.,"Listen to this audio clip of a single musical note. What is the note name and octave? Reply with ONLY the note name in Scientific Pitch Notation (e.g. C4, F#3, Bb5). Nothing else. Output only the answer.","Listen to this audio clip of a single musical note. What is the solfege syllable and accidental (if needed) of this pitch? Use fixed-do (do=C, re=D, mi=E, fa=F, sol=G, la=A, si=B). Include sharps or flats when needed (e.g. do#, reb, fa#, sib). Do NOT include the octave. Reply with ONLY the syllable and accidental (if needed). Nothing else. Output only the answer.","Listen to this audio clip of a single musical note. What is the main pitch frequency, expressed in Hertz? Reply with ONLY a number (the frequency in Hz). Nothing else. Output only the answer."
highpass_above_f0,highpass,"{'type': 'highpass', 'cutoff_ratio': 1.5, 'order': 6}",1069,clarinet,instrument,69,69,1,1,1,1,A4,A4,1,1,1,la,sol#,0,1,1,69,A4,sol#,440,data/audio/pitchbench_e2_audio_effects/A4_clarinet_5000ms_fx_highpass_above_f0.wav,A4_clarinet_5000ms_fx_highpass_above_f0.wav,Listen to this audio clip of a single musical note. What is the MIDI note number (an integer from 0 to 127)? Reply with ONLY the integer. Nothing else. Output only the answer.,"Listen to this audio clip of a single musical note. What is the note name and octave? Reply with ONLY the note name in Scientific Pitch Notation (e.g. C4, F#3, Bb5). Nothing else. Output only the answer.","Listen to this audio clip of a single musical note. What is the solfege syllable and accidental (if needed) of this pitch? Use fixed-do (do=C, re=D, mi=E, fa=F, sol=G, la=A, si=B). Include sharps or flats when needed (e.g. do#, reb, fa#, sib). Do NOT include the octave. Reply with ONLY the syllable and accidental (if needed). Nothing else. Output only the answer.","Listen to this audio clip of a single musical note. What is the main pitch frequency, expressed in Hertz? Reply with ONLY a number (the frequency in Hz). Nothing else. Output only the answer."
highpass_above_f0,highpass,"{'type': 'highpass', 'cutoff_ratio': 1.5, 'order': 6}",1069,sine,waveform,69,69,1,1,1,1,A4,A4,1,1,1,la,fa,0,1,1,69,A4,fa,440,data/audio/pitchbench_e2_audio_effects/A4_sine_5000ms_fx_highpass_above_f0.wav,A4_sine_5000ms_fx_highpass_above_f0.wav,Listen to this audio clip of a single musical note. What is the MIDI note number (an integer from 0 to 127)? Reply with ONLY the integer. Nothing else. Output only the answer.,"Listen to this audio clip of a single musical note. What is the note name and octave? Reply with ONLY the note name in Scientific Pitch Notation (e.g. C4, F#3, Bb5). Nothing else. Output only the answer.","Listen to this audio clip of a single musical note. What is the solfege syllable and accidental (if needed) of this pitch? Use fixed-do (do=C, re=D, mi=E, fa=F, sol=G, la=A, si=B). Include sharps or flats when needed (e.g. do#, reb, fa#, sib). Do NOT include the octave. Reply with ONLY the syllable and accidental (if needed). Nothing else. Output only the answer.","Listen to this audio clip of a single musical note. What is the main pitch frequency, expressed in Hertz? Reply with ONLY a number (the frequency in Hz). Nothing else. Output only the answer."
highpass_above_f0,highpass,"{'type': 'highpass', 'cutoff_ratio': 1.5, 'order': 6}",1079,voice,instrument,79,72,0,0,0,1,G5,A5,0,0,1,sol,sol,1,0,0,72,A5,sol,440,data/audio/pitchbench_e2_audio_effects/G5_voice_5000ms_fx_highpass_above_f0.wav,G5_voice_5000ms_fx_highpass_above_f0.wav,Listen to this audio clip of a single musical note. What is the MIDI note number (an integer from 0 to 127)? Reply with ONLY the integer. Nothing else. Output only the answer.,"Listen to this audio clip of a single musical note. What is the note name and octave? Reply with ONLY the note name in Scientific Pitch Notation (e.g. C4, F#3, Bb5). Nothing else. Output only the answer.","Listen to this audio clip of a single musical note. What is the solfege syllable and accidental (if needed) of this pitch? Use fixed-do (do=C, re=D, mi=E, fa=F, sol=G, la=A, si=B). Include sharps or flats when needed (e.g. do#, reb, fa#, sib). Do NOT include the octave. Reply with ONLY the syllable and accidental (if needed). Nothing else. Output only the answer.","Listen to this audio clip of a single musical note. What is the main pitch frequency, expressed in Hertz? Reply with ONLY a number (the frequency in Hz). Nothing else. Output only the answer."
highpass_above_f0,highpass,"{'type': 'highpass', 'cutoff_ratio': 1.5, 'order': 6}",1079,synth_pad,instrument,79,72,0,0,0,1,G5,F4,0,0,0,sol,sol,1,0,0,72,F4,sol,440,data/audio/pitchbench_e2_audio_effects/G5_synth_pad_5000ms_fx_highpass_above_f0.wav,G5_synth_pad_5000ms_fx_highpass_above_f0.wav,Listen to this audio clip of a single musical note. What is the MIDI note number (an integer from 0 to 127)? Reply with ONLY the integer. Nothing else. Output only the answer.,"Listen to this audio clip of a single musical note. What is the note name and octave? Reply with ONLY the note name in Scientific Pitch Notation (e.g. C4, F#3, Bb5). Nothing else. Output only the answer.","Listen to this audio clip of a single musical note. What is the solfege syllable and accidental (if needed) of this pitch? Use fixed-do (do=C, re=D, mi=E, fa=F, sol=G, la=A, si=B). Include sharps or flats when needed (e.g. do#, reb, fa#, sib). Do NOT include the octave. Reply with ONLY the syllable and accidental (if needed). Nothing else. Output only the answer.","Listen to this audio clip of a single musical note. What is the main pitch frequency, expressed in Hertz? Reply with ONLY a number (the frequency in Hz). Nothing else. Output only the answer."
highpass_above_f0,highpass,"{'type': 'highpass', 'cutoff_ratio': 1.5, 'order': 6}",1079,flute,instrument,79,72,0,0,0,1,G5,F4,0,0,0,sol,sol,1,0,0,72,F4,sol,440,data/audio/pitchbench_e2_audio_effects/G5_flute_5000ms_fx_highpass_above_f0.wav,G5_flute_5000ms_fx_highpass_above_f0.wav,Listen to this audio clip of a single musical note. What is the MIDI note number (an integer from 0 to 127)? Reply with ONLY the integer. Nothing else. Output only the answer.,"Listen to this audio clip of a single musical note. What is the note name and octave? Reply with ONLY the note name in Scientific Pitch Notation (e.g. C4, F#3, Bb5). Nothing else. Output only the answer.","Listen to this audio clip of a single musical note. What is the solfege syllable and accidental (if needed) of this pitch? Use fixed-do (do=C, re=D, mi=E, fa=F, sol=G, la=A, si=B). Include sharps or flats when needed (e.g. do#, reb, fa#, sib). Do NOT include the octave. Reply with ONLY the syllable and accidental (if needed). Nothing else. Output only the answer.","Listen to this audio clip of a single musical note. What is the main pitch frequency, expressed in Hertz? Reply with ONLY a number (the frequency in Hz). Nothing else. Output only the answer."
highpass_above_f0,highpass,"{'type': 'highpass', 'cutoff_ratio': 1.5, 'order': 6}",1079,synth_lead,instrument,79,69,0,0,0,0,G5,G4,0,1,0,sol,sol,1,0,0,69,G4,sol,440,data/audio/pitchbench_e2_audio_effects/G5_synth_lead_5000ms_fx_highpass_above_f0.wav,G5_synth_lead_5000ms_fx_highpass_above_f0.wav,Listen to this audio clip of a single musical note. What is the MIDI note number (an integer from 0 to 127)? Reply with ONLY the integer. Nothing else. Output only the answer.,"Listen to this audio clip of a single musical note. What is the note name and octave? Reply with ONLY the note name in Scientific Pitch Notation (e.g. C4, F#3, Bb5). Nothing else. Output only the answer.","Listen to this audio clip of a single musical note. What is the solfege syllable and accidental (if needed) of this pitch? Use fixed-do (do=C, re=D, mi=E, fa=F, sol=G, la=A, si=B). Include sharps or flats when needed (e.g. do#, reb, fa#, sib). Do NOT include the octave. Reply with ONLY the syllable and accidental (if needed). Nothing else. Output only the answer.","Listen to this audio clip of a single musical note. What is the main pitch frequency, expressed in Hertz? Reply with ONLY a number (the frequency in Hz). Nothing else. Output only the answer."
highpass_above_f0,highpass,"{'type': 'highpass', 'cutoff_ratio': 1.5, 'order': 6}",1079,sine,waveform,79,68,0,0,0,0,G5,E4,0,0,0,sol,sol,1,0,0,68,E4,sol,440,data/audio/pitchbench_e2_audio_effects/G5_sine_5000ms_fx_highpass_above_f0.wav,G5_sine_5000ms_fx_highpass_above_f0.wav,Listen to this audio clip of a single musical note. What is the MIDI note number (an integer from 0 to 127)? Reply with ONLY the integer. Nothing else. Output only the answer.,"Listen to this audio clip of a single musical note. What is the note name and octave? Reply with ONLY the note name in Scientific Pitch Notation (e.g. C4, F#3, Bb5). Nothing else. Output only the answer.","Listen to this audio clip of a single musical note. What is the solfege syllable and accidental (if needed) of this pitch? Use fixed-do (do=C, re=D, mi=E, fa=F, sol=G, la=A, si=B). Include sharps or flats when needed (e.g. do#, reb, fa#, sib). Do NOT include the octave. Reply with ONLY the syllable and accidental (if needed). Nothing else. Output only the answer.","Listen to this audio clip of a single musical note. What is the main pitch frequency, expressed in Hertz? Reply with ONLY a number (the frequency in Hz). Nothing else. Output only the answer."
highpass_above_f0,highpass,"{'type': 'highpass', 'cutoff_ratio': 1.5, 'order': 6}",1088,square,waveform,88,67,0,0,0,0,E6,G4,0,0,0,mi,sol,0,0,0,67,G4,sol,440,data/audio/pitchbench_e2_audio_effects/E6_square_5000ms_fx_highpass_above_f0.wav,E6_square_5000ms_fx_highpass_above_f0.wav,Listen to this audio clip of a single musical note. What is the MIDI note number (an integer from 0 to 127)? Reply with ONLY the integer. Nothing else. Output only the answer.,"Listen to this audio clip of a single musical note. What is the note name and octave? Reply with ONLY the note name in Scientific Pitch Notation (e.g. C4, F#3, Bb5). Nothing else. Output only the answer.","Listen to this audio clip of a single musical note. What is the solfege syllable and accidental (if needed) of this pitch? Use fixed-do (do=C, re=D, mi=E, fa=F, sol=G, la=A, si=B). Include sharps or flats when needed (e.g. do#, reb, fa#, sib). Do NOT include the octave. Reply with ONLY the syllable and accidental (if needed). Nothing else. Output only the answer.","Listen to this audio clip of a single musical note. What is the main pitch frequency, expressed in Hertz? Reply with ONLY a number (the frequency in Hz). Nothing else. Output only the answer."
highpass_above_f0,highpass,"{'type': 'highpass', 'cutoff_ratio': 1.5, 'order': 6}",1088,sawtooth,waveform,88,69,0,0,0,0,E6,A4,0,0,0,mi,mi,1,0,0,69,A4,mi,440,data/audio/pitchbench_e2_audio_effects/E6_sawtooth_5000ms_fx_highpass_above_f0.wav,E6_sawtooth_5000ms_fx_highpass_above_f0.wav,Listen to this audio clip of a single musical note. What is the MIDI note number (an integer from 0 to 127)? Reply with ONLY the integer. Nothing else. Output only the answer.,"Listen to this audio clip of a single musical note. What is the note name and octave? Reply with ONLY the note name in Scientific Pitch Notation (e.g. C4, F#3, Bb5). Nothing else. Output only the answer.","Listen to this audio clip of a single musical note. What is the solfege syllable and accidental (if needed) of this pitch? Use fixed-do (do=C, re=D, mi=E, fa=F, sol=G, la=A, si=B). Include sharps or flats when needed (e.g. do#, reb, fa#, sib). Do NOT include the octave. Reply with ONLY the syllable and accidental (if needed). Nothing else. Output only the answer.","Listen to this audio clip of a single musical note. What is the main pitch frequency, expressed in Hertz? Reply with ONLY a number (the frequency in Hz). Nothing else. Output only the answer."
highpass_above_f0,highpass,"{'type': 'highpass', 'cutoff_ratio': 1.5, 'order': 6}",1088,flute,instrument,88,69,0,0,0,0,E6,A4,0,0,0,mi,sol,0,0,0,69,A4,sol,440,data/audio/pitchbench_e2_audio_effects/E6_flute_5000ms_fx_highpass_above_f0.wav,E6_flute_5000ms_fx_highpass_above_f0.wav,Listen to this audio clip of a single musical note. What is the MIDI note number (an integer from 0 to 127)? Reply with ONLY the integer. Nothing else. Output only the answer.,"Listen to this audio clip of a single musical note. What is the note name and octave? Reply with ONLY the note name in Scientific Pitch Notation (e.g. C4, F#3, Bb5). Nothing else. Output only the answer.","Listen to this audio clip of a single musical note. What is the solfege syllable and accidental (if needed) of this pitch? Use fixed-do (do=C, re=D, mi=E, fa=F, sol=G, la=A, si=B). Include sharps or flats when needed (e.g. do#, reb, fa#, sib). Do NOT include the octave. Reply with ONLY the syllable and accidental (if needed). Nothing else. Output only the answer.","Listen to this audio clip of a single musical note. What is the main pitch frequency, expressed in Hertz? Reply with ONLY a number (the frequency in Hz). Nothing else. Output only the answer."
highpass_above_f0,highpass,"{'type': 'highpass', 'cutoff_ratio': 1.5, 'order': 6}",1088,voice,instrument,88,69,0,0,0,0,E6,F5,0,0,0,mi,fa#,0,0,0,69,F5,fa#,440,data/audio/pitchbench_e2_audio_effects/E6_voice_5000ms_fx_highpass_above_f0.wav,E6_voice_5000ms_fx_highpass_above_f0.wav,Listen to this audio clip of a single musical note. What is the MIDI note number (an integer from 0 to 127)? Reply with ONLY the integer. Nothing else. Output only the answer.,"Listen to this audio clip of a single musical note. What is the note name and octave? Reply with ONLY the note name in Scientific Pitch Notation (e.g. C4, F#3, Bb5). Nothing else. Output only the answer.","Listen to this audio clip of a single musical note. What is the solfege syllable and accidental (if needed) of this pitch? Use fixed-do (do=C, re=D, mi=E, fa=F, sol=G, la=A, si=B). Include sharps or flats when needed (e.g. do#, reb, fa#, sib). Do NOT include the octave. Reply with ONLY the syllable and accidental (if needed). Nothing else. Output only the answer.","Listen to this audio clip of a single musical note. What is the main pitch frequency, expressed in Hertz? Reply with ONLY a number (the frequency in Hz). Nothing else. Output only the answer."
highpass_above_f0,highpass,"{'type': 'highpass', 'cutoff_ratio': 1.5, 'order': 6}",1088,organ,instrument,88,69,0,0,0,0,E6,A4,0,0,0,mi,sol,0,0,0,69,A4,sol,440,data/audio/pitchbench_e2_audio_effects/E6_organ_5000ms_fx_highpass_above_f0.wav,E6_organ_5000ms_fx_highpass_above_f0.wav,Listen to this audio clip of a single musical note. What is the MIDI note number (an integer from 0 to 127)? Reply with ONLY the integer. Nothing else. Output only the answer.,"Listen to this audio clip of a single musical note. What is the note name and octave? Reply with ONLY the note name in Scientific Pitch Notation (e.g. C4, F#3, Bb5). Nothing else. Output only the answer.","Listen to this audio clip of a single musical note. What is the solfege syllable and accidental (if needed) of this pitch? Use fixed-do (do=C, re=D, mi=E, fa=F, sol=G, la=A, si=B). Include sharps or flats when needed (e.g. do#, reb, fa#, sib). Do NOT include the octave. Reply with ONLY the syllable and accidental (if needed). Nothing else. Output only the answer.","Listen to this audio clip of a single musical note. What is the main pitch frequency, expressed in Hertz? Reply with ONLY a number (the frequency in Hz). Nothing else. Output only the answer."
lowpass_at_f0,lowpass,"{'type': 'lowpass', 'cutoff_ratio': 1.2, 'order': 6}",2030,sawtooth,waveform,30,52,0,0,0,0,F#1,C4,0,0,0,fa#,mi,0,0,0,52,C4,mi,440,data/audio/pitchbench_e2_audio_effects/Fs1_sawtooth_5000ms_fx_lowpass_at_f0.wav,Fs1_sawtooth_5000ms_fx_lowpass_at_f0.wav,Listen to this audio clip of a single musical note. What is the MIDI note number (an integer from 0 to 127)? Reply with ONLY the integer. Nothing else. Output only the answer.,"Listen to this audio clip of a single musical note. What is the note name and octave? Reply with ONLY the note name in Scientific Pitch Notation (e.g. C4, F#3, Bb5). Nothing else. Output only the answer.","Listen to this audio clip of a single musical note. What is the solfege syllable and accidental (if needed) of this pitch? Use fixed-do (do=C, re=D, mi=E, fa=F, sol=G, la=A, si=B). Include sharps or flats when needed (e.g. do#, reb, fa#, sib). Do NOT include the octave. Reply with ONLY the syllable and accidental (if needed). Nothing else. Output only the answer.","Listen to this audio clip of a single musical note. What is the main pitch frequency, expressed in Hertz? Reply with ONLY a number (the frequency in Hz). Nothing else. Output only the answer."
lowpass_at_f0,lowpass,"{'type': 'lowpass', 'cutoff_ratio': 1.2, 'order': 6}",2030,clarinet,instrument,30,52,0,0,0,0,F#1,G4,0,0,0,fa#,sol,0,0,0,52,G4,sol,440,data/audio/pitchbench_e2_audio_effects/Fs1_clarinet_5000ms_fx_lowpass_at_f0.wav,Fs1_clarinet_5000ms_fx_lowpass_at_f0.wav,Listen to this audio clip of a single musical note. What is the MIDI note number (an integer from 0 to 127)? Reply with ONLY the integer. Nothing else. Output only the answer.,"Listen to this audio clip of a single musical note. What is the note name and octave? Reply with ONLY the note name in Scientific Pitch Notation (e.g. C4, F#3, Bb5). Nothing else. Output only the answer.","Listen to this audio clip of a single musical note. What is the solfege syllable and accidental (if needed) of this pitch? Use fixed-do (do=C, re=D, mi=E, fa=F, sol=G, la=A, si=B). Include sharps or flats when needed (e.g. do#, reb, fa#, sib). Do NOT include the octave. Reply with ONLY the syllable and accidental (if needed). Nothing else. Output only the answer.","Listen to this audio clip of a single musical note. What is the main pitch frequency, expressed in Hertz? Reply with ONLY a number (the frequency in Hz). Nothing else. Output only the answer."
lowpass_at_f0,lowpass,"{'type': 'lowpass', 'cutoff_ratio': 1.2, 'order': 6}",2030,square,waveform,30,69,0,0,0,0,F#1,G3,0,0,0,fa#,sol,0,0,0,69,G3,sol,440,data/audio/pitchbench_e2_audio_effects/Fs1_square_5000ms_fx_lowpass_at_f0.wav,Fs1_square_5000ms_fx_lowpass_at_f0.wav,Listen to this audio clip of a single musical note. What is the MIDI note number (an integer from 0 to 127)? Reply with ONLY the integer. Nothing else. Output only the answer.,"Listen to this audio clip of a single musical note. What is the note name and octave? Reply with ONLY the note name in Scientific Pitch Notation (e.g. C4, F#3, Bb5). Nothing else. Output only the answer.","Listen to this audio clip of a single musical note. What is the solfege syllable and accidental (if needed) of this pitch? Use fixed-do (do=C, re=D, mi=E, fa=F, sol=G, la=A, si=B). Include sharps or flats when needed (e.g. do#, reb, fa#, sib). Do NOT include the octave. Reply with ONLY the syllable and accidental (if needed). Nothing else. Output only the answer.","Listen to this audio clip of a single musical note. What is the main pitch frequency, expressed in Hertz? Reply with ONLY a number (the frequency in Hz). Nothing else. Output only the answer."
lowpass_at_f0,lowpass,"{'type': 'lowpass', 'cutoff_ratio': 1.2, 'order': 6}",2030,flute,instrument,30,,0,0,0,0,F#1,E4,0,0,0,fa#,mi,0,0,0,"I'm sorry, but I can't determine the MIDI note number from the audio.",E4,mi,I can help you determine the pitch frequency if you play the audio clip. Please go ahead and play it.,data/audio/pitchbench_e2_audio_effects/Fs1_flute_5000ms_fx_lowpass_at_f0.wav,Fs1_flute_5000ms_fx_lowpass_at_f0.wav,Listen to this audio clip of a single musical note. What is the MIDI note number (an integer from 0 to 127)? Reply with ONLY the integer. Nothing else. Output only the answer.,"Listen to this audio clip of a single musical note. What is the note name and octave? Reply with ONLY the note name in Scientific Pitch Notation (e.g. C4, F#3, Bb5). Nothing else. Output only the answer.","Listen to this audio clip of a single musical note. What is the solfege syllable and accidental (if needed) of this pitch? Use fixed-do (do=C, re=D, mi=E, fa=F, sol=G, la=A, si=B). Include sharps or flats when needed (e.g. do#, reb, fa#, sib). Do NOT include the octave. Reply with ONLY the syllable and accidental (if needed). Nothing else. Output only the answer.","Listen to this audio clip of a single musical note. What is the main pitch frequency, expressed in Hertz? Reply with ONLY a number (the frequency in Hz). Nothing else. Output only the answer."
lowpass_at_f0,lowpass,"{'type': 'lowpass', 'cutoff_ratio': 1.2, 'order': 6}",2030,piano,instrument,30,69,0,0,0,0,F#1,C4,0,0,0,fa#,fa#,1,0,0,69,C4,fa#,440,data/audio/pitchbench_e2_audio_effects/Fs1_piano_5000ms_fx_lowpass_at_f0.wav,Fs1_piano_5000ms_fx_lowpass_at_f0.wav,Listen to this audio clip of a single musical note. What is the MIDI note number (an integer from 0 to 127)? Reply with ONLY the integer. Nothing else. Output only the answer.,"Listen to this audio clip of a single musical note. What is the note name and octave? Reply with ONLY the note name in Scientific Pitch Notation (e.g. C4, F#3, Bb5). Nothing else. Output only the answer.","Listen to this audio clip of a single musical note. What is the solfege syllable and accidental (if needed) of this pitch? Use fixed-do (do=C, re=D, mi=E, fa=F, sol=G, la=A, si=B). Include sharps or flats when needed (e.g. do#, reb, fa#, sib). Do NOT include the octave. Reply with ONLY the syllable and accidental (if needed). Nothing else. Output only the answer.","Listen to this audio clip of a single musical note. What is the main pitch frequency, expressed in Hertz? Reply with ONLY a number (the frequency in Hz). Nothing else. Output only the answer."
lowpass_at_f0,lowpass,"{'type': 'lowpass', 'cutoff_ratio': 1.2, 'order': 6}",2036,bass,instrument,36,69,0,0,0,0,C2,A4,0,0,0,do,sol,0,0,0,69,A4,sol,440,data/audio/pitchbench_e2_audio_effects/C2_bass_5000ms_fx_lowpass_at_f0.wav,C2_bass_5000ms_fx_lowpass_at_f0.wav,Listen to this audio clip of a single musical note. What is the MIDI note number (an integer from 0 to 127)? Reply with ONLY the integer. Nothing else. Output only the answer.,"Listen to this audio clip of a single musical note. What is the note name and octave? Reply with ONLY the note name in Scientific Pitch Notation (e.g. C4, F#3, Bb5). Nothing else. Output only the answer.","Listen to this audio clip of a single musical note. What is the solfege syllable and accidental (if needed) of this pitch? Use fixed-do (do=C, re=D, mi=E, fa=F, sol=G, la=A, si=B). Include sharps or flats when needed (e.g. do#, reb, fa#, sib). Do NOT include the octave. Reply with ONLY the syllable and accidental (if needed). Nothing else. Output only the answer.","Listen to this audio clip of a single musical note. What is the main pitch frequency, expressed in Hertz? Reply with ONLY a number (the frequency in Hz). Nothing else. Output only the answer."
lowpass_at_f0,lowpass,"{'type': 'lowpass', 'cutoff_ratio': 1.2, 'order': 6}",2036,guitar,instrument,36,69,0,0,0,0,C2,G4,0,0,0,do,mi,0,0,0,69,G4,mi,440,data/audio/pitchbench_e2_audio_effects/C2_guitar_5000ms_fx_lowpass_at_f0.wav,C2_guitar_5000ms_fx_lowpass_at_f0.wav,Listen to this audio clip of a single musical note. What is the MIDI note number (an integer from 0 to 127)? Reply with ONLY the integer. Nothing else. Output only the answer.,"Listen to this audio clip of a single musical note. What is the note name and octave? Reply with ONLY the note name in Scientific Pitch Notation (e.g. C4, F#3, Bb5). Nothing else. Output only the answer.","Listen to this audio clip of a single musical note. What is the solfege syllable and accidental (if needed) of this pitch? Use fixed-do (do=C, re=D, mi=E, fa=F, sol=G, la=A, si=B). Include sharps or flats when needed (e.g. do#, reb, fa#, sib). Do NOT include the octave. Reply with ONLY the syllable and accidental (if needed). Nothing else. Output only the answer.","Listen to this audio clip of a single musical note. What is the main pitch frequency, expressed in Hertz? Reply with ONLY a number (the frequency in Hz). Nothing else. Output only the answer."
lowpass_at_f0,lowpass,"{'type': 'lowpass', 'cutoff_ratio': 1.2, 'order': 6}",2036,piano,instrument,36,69,0,0,0,0,C2,A3,0,0,0,do,sol,0,0,0,69,A3,sol,440,data/audio/pitchbench_e2_audio_effects/C2_piano_5000ms_fx_lowpass_at_f0.wav,C2_piano_5000ms_fx_lowpass_at_f0.wav,Listen to this audio clip of a single musical note. What is the MIDI note number (an integer from 0 to 127)? Reply with ONLY the integer. Nothing else. Output only the answer.,"Listen to this audio clip of a single musical note. What is the note name and octave? Reply with ONLY the note name in Scientific Pitch Notation (e.g. C4, F#3, Bb5). Nothing else. Output only the answer.","Listen to this audio clip of a single musical note. What is the solfege syllable and accidental (if needed) of this pitch? Use fixed-do (do=C, re=D, mi=E, fa=F, sol=G, la=A, si=B). Include sharps or flats when needed (e.g. do#, reb, fa#, sib). Do NOT include the octave. Reply with ONLY the syllable and accidental (if needed). Nothing else. Output only the answer.","Listen to this audio clip of a single musical note. What is the main pitch frequency, expressed in Hertz? Reply with ONLY a number (the frequency in Hz). Nothing else. Output only the answer."
lowpass_at_f0,lowpass,"{'type': 'lowpass', 'cutoff_ratio': 1.2, 'order': 6}",2036,voice,instrument,36,69,0,0,0,0,C2,G3,0,0,0,do,sol,0,0,0,69,G3,sol,440,data/audio/pitchbench_e2_audio_effects/C2_voice_5000ms_fx_lowpass_at_f0.wav,C2_voice_5000ms_fx_lowpass_at_f0.wav,Listen to this audio clip of a single musical note. What is the MIDI note number (an integer from 0 to 127)? Reply with ONLY the integer. Nothing else. Output only the answer.,"Listen to this audio clip of a single musical note. What is the note name and octave? Reply with ONLY the note name in Scientific Pitch Notation (e.g. C4, F#3, Bb5). Nothing else. Output only the answer.","Listen to this audio clip of a single musical note. What is the solfege syllable and accidental (if needed) of this pitch? Use fixed-do (do=C, re=D, mi=E, fa=F, sol=G, la=A, si=B). Include sharps or flats when needed (e.g. do#, reb, fa#, sib). Do NOT include the octave. Reply with ONLY the syllable and accidental (if needed). Nothing else. Output only the answer.","Listen to this audio clip of a single musical note. What is the main pitch frequency, expressed in Hertz? Reply with ONLY a number (the frequency in Hz). Nothing else. Output only the answer."
lowpass_at_f0,lowpass,"{'type': 'lowpass', 'cutoff_ratio': 1.2, 'order': 6}",2036,triangle,waveform,36,52,0,0,0,0,C2,C4,0,1,0,do,mi,0,0,0,52,C4,mi,440,data/audio/pitchbench_e2_audio_effects/C2_triangle_5000ms_fx_lowpass_at_f0.wav,C2_triangle_5000ms_fx_lowpass_at_f0.wav,Listen to this audio clip of a single musical note. What is the MIDI note number (an integer from 0 to 127)? Reply with ONLY the integer. Nothing else. Output only the answer.,"Listen to this audio clip of a single musical note. What is the note name and octave? Reply with ONLY the note name in Scientific Pitch Notation (e.g. C4, F#3, Bb5). Nothing else. Output only the answer.","Listen to this audio clip of a single musical note. What is the solfege syllable and accidental (if needed) of this pitch? Use fixed-do (do=C, re=D, mi=E, fa=F, sol=G, la=A, si=B). Include sharps or flats when needed (e.g. do#, reb, fa#, sib). Do NOT include the octave. Reply with ONLY the syllable and accidental (if needed). Nothing else. Output only the answer.","Listen to this audio clip of a single musical note. What is the main pitch frequency, expressed in Hertz? Reply with ONLY a number (the frequency in Hz). Nothing else. Output only the answer."
lowpass_at_f0,lowpass,"{'type': 'lowpass', 'cutoff_ratio': 1.2, 'order': 6}",2043,bass,instrument,43,52,0,0,0,0,G2,C4,0,0,0,sol,sol,1,0,0,52,C4,sol,200,data/audio/pitchbench_e2_audio_effects/G2_bass_5000ms_fx_lowpass_at_f0.wav,G2_bass_5000ms_fx_lowpass_at_f0.wav,Listen to this audio clip of a single musical note. What is the MIDI note number (an integer from 0 to 127)? Reply with ONLY the integer. Nothing else. Output only the answer.,"Listen to this audio clip of a single musical note. What is the note name and octave? Reply with ONLY the note name in Scientific Pitch Notation (e.g. C4, F#3, Bb5). Nothing else. Output only the answer.","Listen to this audio clip of a single musical note. What is the solfege syllable and accidental (if needed) of this pitch? Use fixed-do (do=C, re=D, mi=E, fa=F, sol=G, la=A, si=B). Include sharps or flats when needed (e.g. do#, reb, fa#, sib). Do NOT include the octave. Reply with ONLY the syllable and accidental (if needed). Nothing else. Output only the answer.","Listen to this audio clip of a single musical note. What is the main pitch frequency, expressed in Hertz? Reply with ONLY a number (the frequency in Hz). Nothing else. Output only the answer."
lowpass_at_f0,lowpass,"{'type': 'lowpass', 'cutoff_ratio': 1.2, 'order': 6}",2043,cello,instrument,43,52,0,0,0,0,G2,C4,0,0,0,sol,sol,1,0,0,52,C4,sol,440,data/audio/pitchbench_e2_audio_effects/G2_cello_5000ms_fx_lowpass_at_f0.wav,G2_cello_5000ms_fx_lowpass_at_f0.wav,Listen to this audio clip of a single musical note. What is the MIDI note number (an integer from 0 to 127)? Reply with ONLY the integer. Nothing else. Output only the answer.,"Listen to this audio clip of a single musical note. What is the note name and octave? Reply with ONLY the note name in Scientific Pitch Notation (e.g. C4, F#3, Bb5). Nothing else. Output only the answer.","Listen to this audio clip of a single musical note. What is the solfege syllable and accidental (if needed) of this pitch? Use fixed-do (do=C, re=D, mi=E, fa=F, sol=G, la=A, si=B). Include sharps or flats when needed (e.g. do#, reb, fa#, sib). Do NOT include the octave. Reply with ONLY the syllable and accidental (if needed). Nothing else. Output only the answer.","Listen to this audio clip of a single musical note. What is the main pitch frequency, expressed in Hertz? Reply with ONLY a number (the frequency in Hz). Nothing else. Output only the answer."
lowpass_at_f0,lowpass,"{'type': 'lowpass', 'cutoff_ratio': 1.2, 'order': 6}",2043,guitar,instrument,43,9,0,0,0,0,G2,C4,0,0,0,sol,sol#,0,0,0,9,C4,Sol#,200,data/audio/pitchbench_e2_audio_effects/G2_guitar_5000ms_fx_lowpass_at_f0.wav,G2_guitar_5000ms_fx_lowpass_at_f0.wav,Listen to this audio clip of a single musical note. What is the MIDI note number (an integer from 0 to 127)? Reply with ONLY the integer. Nothing else. Output only the answer.,"Listen to this audio clip of a single musical note. What is the note name and octave? Reply with ONLY the note name in Scientific Pitch Notation (e.g. C4, F#3, Bb5). Nothing else. Output only the answer.","Listen to this audio clip of a single musical note. What is the solfege syllable and accidental (if needed) of this pitch? Use fixed-do (do=C, re=D, mi=E, fa=F, sol=G, la=A, si=B). Include sharps or flats when needed (e.g. do#, reb, fa#, sib). Do NOT include the octave. Reply with ONLY the syllable and accidental (if needed). Nothing else. Output only the answer.","Listen to this audio clip of a single musical note. What is the main pitch frequency, expressed in Hertz? Reply with ONLY a number (the frequency in Hz). Nothing else. Output only the answer."
lowpass_at_f0,lowpass,"{'type': 'lowpass', 'cutoff_ratio': 1.2, 'order': 6}",2043,triangle,waveform,43,42,0,1,0,1,G2,A4,0,0,0,sol,sol#,0,0,0,42,A4,Sol#,440,data/audio/pitchbench_e2_audio_effects/G2_triangle_5000ms_fx_lowpass_at_f0.wav,G2_triangle_5000ms_fx_lowpass_at_f0.wav,Listen to this audio clip of a single musical note. What is the MIDI note number (an integer from 0 to 127)? Reply with ONLY the integer. Nothing else. Output only the answer.,"Listen to this audio clip of a single musical note. What is the note name and octave? Reply with ONLY the note name in Scientific Pitch Notation (e.g. C4, F#3, Bb5). Nothing else. Output only the answer.","Listen to this audio clip of a single musical note. What is the solfege syllable and accidental (if needed) of this pitch? Use fixed-do (do=C, re=D, mi=E, fa=F, sol=G, la=A, si=B). Include sharps or flats when needed (e.g. do#, reb, fa#, sib). Do NOT include the octave. Reply with ONLY the syllable and accidental (if needed). Nothing else. Output only the answer.","Listen to this audio clip of a single musical note. What is the main pitch frequency, expressed in Hertz? Reply with ONLY a number (the frequency in Hz). Nothing else. Output only the answer."
lowpass_at_f0,lowpass,"{'type': 'lowpass', 'cutoff_ratio': 1.2, 'order': 6}",2043,sawtooth,waveform,43,69,0,0,0,0,G2,G4,0,1,0,sol,sol,1,0,0,69,G4,sol,440,data/audio/pitchbench_e2_audio_effects/G2_sawtooth_5000ms_fx_lowpass_at_f0.wav,G2_sawtooth_5000ms_fx_lowpass_at_f0.wav,Listen to this audio clip of a single musical note. What is the MIDI note number (an integer from 0 to 127)? Reply with ONLY the integer. Nothing else. Output only the answer.,"Listen to this audio clip of a single musical note. What is the note name and octave? Reply with ONLY the note name in Scientific Pitch Notation (e.g. C4, F#3, Bb5). Nothing else. Output only the answer.","Listen to this audio clip of a single musical note. What is the solfege syllable and accidental (if needed) of this pitch? Use fixed-do (do=C, re=D, mi=E, fa=F, sol=G, la=A, si=B). Include sharps or flats when needed (e.g. do#, reb, fa#, sib). Do NOT include the octave. Reply with ONLY the syllable and accidental (if needed). Nothing else. Output only the answer.","Listen to this audio clip of a single musical note. What is the main pitch frequency, expressed in Hertz? Reply with ONLY a number (the frequency in Hz). Nothing else. Output only the answer."
lowpass_at_f0,lowpass,"{'type': 'lowpass', 'cutoff_ratio': 1.2, 'order': 6}",2048,cello,instrument,48,52,0,0,0,1,C3,G4,0,0,0,do,sol,0,0,0,52,G4,sol,I will listen to the audio and determine the main pitch frequency. Please give me a moment.,data/audio/pitchbench_e2_audio_effects/C3_cello_5000ms_fx_lowpass_at_f0.wav,C3_cello_5000ms_fx_lowpass_at_f0.wav,Listen to this audio clip of a single musical note. What is the MIDI note number (an integer from 0 to 127)? Reply with ONLY the integer. Nothing else. Output only the answer.,"Listen to this audio clip of a single musical note. What is the note name and octave? Reply with ONLY the note name in Scientific Pitch Notation (e.g. C4, F#3, Bb5). Nothing else. Output only the answer.","Listen to this audio clip of a single musical note. What is the solfege syllable and accidental (if needed) of this pitch? Use fixed-do (do=C, re=D, mi=E, fa=F, sol=G, la=A, si=B). Include sharps or flats when needed (e.g. do#, reb, fa#, sib). Do NOT include the octave. Reply with ONLY the syllable and accidental (if needed). Nothing else. Output only the answer.","Listen to this audio clip of a single musical note. What is the main pitch frequency, expressed in Hertz? Reply with ONLY a number (the frequency in Hz). Nothing else. Output only the answer."
lowpass_at_f0,lowpass,"{'type': 'lowpass', 'cutoff_ratio': 1.2, 'order': 6}",2048,oboe,instrument,48,56,0,0,0,1,C3,C4,0,1,0,do,sol,0,0,0,56,C4,sol,"Let's analyze the audio to determine the main pitch frequency. Please give me a moment.

The main pitch frequency is approximately 440 Hz.",data/audio/pitchbench_e2_audio_effects/C3_oboe_5000ms_fx_lowpass_at_f0.wav,C3_oboe_5000ms_fx_lowpass_at_f0.wav,Listen to this audio clip of a single musical note. What is the MIDI note number (an integer from 0 to 127)? Reply with ONLY the integer. Nothing else. Output only the answer.,"Listen to this audio clip of a single musical note. What is the note name and octave? Reply with ONLY the note name in Scientific Pitch Notation (e.g. C4, F#3, Bb5). Nothing else. Output only the answer.","Listen to this audio clip of a single musical note. What is the solfege syllable and accidental (if needed) of this pitch? Use fixed-do (do=C, re=D, mi=E, fa=F, sol=G, la=A, si=B). Include sharps or flats when needed (e.g. do#, reb, fa#, sib). Do NOT include the octave. Reply with ONLY the syllable and accidental (if needed). Nothing else. Output only the answer.","Listen to this audio clip of a single musical note. What is the main pitch frequency, expressed in Hertz? Reply with ONLY a number (the frequency in Hz). Nothing else. Output only the answer."
lowpass_at_f0,lowpass,"{'type': 'lowpass', 'cutoff_ratio': 1.2, 'order': 6}",2048,voice,instrument,48,52,0,0,0,1,C3,C4,0,1,0,do,sol,0,0,0,52,C4,sol,440,data/audio/pitchbench_e2_audio_effects/C3_voice_5000ms_fx_lowpass_at_f0.wav,C3_voice_5000ms_fx_lowpass_at_f0.wav,Listen to this audio clip of a single musical note. What is the MIDI note number (an integer from 0 to 127)? Reply with ONLY the integer. Nothing else. Output only the answer.,"Listen to this audio clip of a single musical note. What is the note name and octave? Reply with ONLY the note name in Scientific Pitch Notation (e.g. C4, F#3, Bb5). Nothing else. Output only the answer.","Listen to this audio clip of a single musical note. What is the solfege syllable and accidental (if needed) of this pitch? Use fixed-do (do=C, re=D, mi=E, fa=F, sol=G, la=A, si=B). Include sharps or flats when needed (e.g. do#, reb, fa#, sib). Do NOT include the octave. Reply with ONLY the syllable and accidental (if needed). Nothing else. Output only the answer.","Listen to this audio clip of a single musical note. What is the main pitch frequency, expressed in Hertz? Reply with ONLY a number (the frequency in Hz). Nothing else. Output only the answer."
lowpass_at_f0,lowpass,"{'type': 'lowpass', 'cutoff_ratio': 1.2, 'order': 6}",2048,synth_lead,instrument,48,69,0,0,0,0,C3,A4,0,0,0,do,mi,0,0,0,69,A4,mi,440,data/audio/pitchbench_e2_audio_effects/C3_synth_lead_5000ms_fx_lowpass_at_f0.wav,C3_synth_lead_5000ms_fx_lowpass_at_f0.wav,Listen to this audio clip of a single musical note. What is the MIDI note number (an integer from 0 to 127)? Reply with ONLY the integer. Nothing else. Output only the answer.,"Listen to this audio clip of a single musical note. What is the note name and octave? Reply with ONLY the note name in Scientific Pitch Notation (e.g. C4, F#3, Bb5). Nothing else. Output only the answer.","Listen to this audio clip of a single musical note. What is the solfege syllable and accidental (if needed) of this pitch? Use fixed-do (do=C, re=D, mi=E, fa=F, sol=G, la=A, si=B). Include sharps or flats when needed (e.g. do#, reb, fa#, sib). Do NOT include the octave. Reply with ONLY the syllable and accidental (if needed). Nothing else. Output only the answer.","Listen to this audio clip of a single musical note. What is the main pitch frequency, expressed in Hertz? Reply with ONLY a number (the frequency in Hz). Nothing else. Output only the answer."
lowpass_at_f0,lowpass,"{'type': 'lowpass', 'cutoff_ratio': 1.2, 'order': 6}",2048,flute,instrument,48,69,0,0,0,0,C3,A4,0,0,0,do,mi,0,0,0,69,A4,mi,440,data/audio/pitchbench_e2_audio_effects/C3_flute_5000ms_fx_lowpass_at_f0.wav,C3_flute_5000ms_fx_lowpass_at_f0.wav,Listen to this audio clip of a single musical note. What is the MIDI note number (an integer from 0 to 127)? Reply with ONLY the integer. Nothing else. Output only the answer.,"Listen to this audio clip of a single musical note. What is the note name and octave? Reply with ONLY the note name in Scientific Pitch Notation (e.g. C4, F#3, Bb5). Nothing else. Output only the answer.","Listen to this audio clip of a single musical note. What is the solfege syllable and accidental (if needed) of this pitch? Use fixed-do (do=C, re=D, mi=E, fa=F, sol=G, la=A, si=B). Include sharps or flats when needed (e.g. do#, reb, fa#, sib). Do NOT include the octave. Reply with ONLY the syllable and accidental (if needed). Nothing else. Output only the answer.","Listen to this audio clip of a single musical note. What is the main pitch frequency, expressed in Hertz? Reply with ONLY a number (the frequency in Hz). Nothing else. Output only the answer."
lowpass_at_f0,lowpass,"{'type': 'lowpass', 'cutoff_ratio': 1.2, 'order': 6}",2054,sawtooth,waveform,54,67,0,0,0,0,F#3,G4,0,0,0,fa#,re,0,0,0,67,G4,re,440,data/audio/pitchbench_e2_audio_effects/Fs3_sawtooth_5000ms_fx_lowpass_at_f0.wav,Fs3_sawtooth_5000ms_fx_lowpass_at_f0.wav,Listen to this audio clip of a single musical note. What is the MIDI note number (an integer from 0 to 127)? Reply with ONLY the integer. Nothing else. Output only the answer.,"Listen to this audio clip of a single musical note. What is the note name and octave? Reply with ONLY the note name in Scientific Pitch Notation (e.g. C4, F#3, Bb5). Nothing else. Output only the answer.","Listen to this audio clip of a single musical note. What is the solfege syllable and accidental (if needed) of this pitch? Use fixed-do (do=C, re=D, mi=E, fa=F, sol=G, la=A, si=B). Include sharps or flats when needed (e.g. do#, reb, fa#, sib). Do NOT include the octave. Reply with ONLY the syllable and accidental (if needed). Nothing else. Output only the answer.","Listen to this audio clip of a single musical note. What is the main pitch frequency, expressed in Hertz? Reply with ONLY a number (the frequency in Hz). Nothing else. Output only the answer."
lowpass_at_f0,lowpass,"{'type': 'lowpass', 'cutoff_ratio': 1.2, 'order': 6}",2054,triangle,waveform,54,52,0,0,0,1,F#3,C4,0,0,0,fa#,sol,0,0,0,52,C4,sol,200,data/audio/pitchbench_e2_audio_effects/Fs3_triangle_5000ms_fx_lowpass_at_f0.wav,Fs3_triangle_5000ms_fx_lowpass_at_f0.wav,Listen to this audio clip of a single musical note. What is the MIDI note number (an integer from 0 to 127)? Reply with ONLY the integer. Nothing else. Output only the answer.,"Listen to this audio clip of a single musical note. What is the note name and octave? Reply with ONLY the note name in Scientific Pitch Notation (e.g. C4, F#3, Bb5). Nothing else. Output only the answer.","Listen to this audio clip of a single musical note. What is the solfege syllable and accidental (if needed) of this pitch? Use fixed-do (do=C, re=D, mi=E, fa=F, sol=G, la=A, si=B). Include sharps or flats when needed (e.g. do#, reb, fa#, sib). Do NOT include the octave. Reply with ONLY the syllable and accidental (if needed). Nothing else. Output only the answer.","Listen to this audio clip of a single musical note. What is the main pitch frequency, expressed in Hertz? Reply with ONLY a number (the frequency in Hz). Nothing else. Output only the answer."
lowpass_at_f0,lowpass,"{'type': 'lowpass', 'cutoff_ratio': 1.2, 'order': 6}",2054,voice,instrument,54,69,0,0,0,0,F#3,C4,0,0,0,fa#,sol#,0,0,0,69,C4,Sol#,440,data/audio/pitchbench_e2_audio_effects/Fs3_voice_5000ms_fx_lowpass_at_f0.wav,Fs3_voice_5000ms_fx_lowpass_at_f0.wav,Listen to this audio clip of a single musical note. What is the MIDI note number (an integer from 0 to 127)? Reply with ONLY the integer. Nothing else. Output only the answer.,"Listen to this audio clip of a single musical note. What is the note name and octave? Reply with ONLY the note name in Scientific Pitch Notation (e.g. C4, F#3, Bb5). Nothing else. Output only the answer.","Listen to this audio clip of a single musical note. What is the solfege syllable and accidental (if needed) of this pitch? Use fixed-do (do=C, re=D, mi=E, fa=F, sol=G, la=A, si=B). Include sharps or flats when needed (e.g. do#, reb, fa#, sib). Do NOT include the octave. Reply with ONLY the syllable and accidental (if needed). Nothing else. Output only the answer.","Listen to this audio clip of a single musical note. What is the main pitch frequency, expressed in Hertz? Reply with ONLY a number (the frequency in Hz). Nothing else. Output only the answer."
lowpass_at_f0,lowpass,"{'type': 'lowpass', 'cutoff_ratio': 1.2, 'order': 6}",2054,violin,instrument,54,69,0,0,0,0,F#3,G3,0,0,1,fa#,sol,0,0,0,69,G3,sol,440,data/audio/pitchbench_e2_audio_effects/Fs3_violin_5000ms_fx_lowpass_at_f0.wav,Fs3_violin_5000ms_fx_lowpass_at_f0.wav,Listen to this audio clip of a single musical note. What is the MIDI note number (an integer from 0 to 127)? Reply with ONLY the integer. Nothing else. Output only the answer.,"Listen to this audio clip of a single musical note. What is the note name and octave? Reply with ONLY the note name in Scientific Pitch Notation (e.g. C4, F#3, Bb5). Nothing else. Output only the answer.","Listen to this audio clip of a single musical note. What is the solfege syllable and accidental (if needed) of this pitch? Use fixed-do (do=C, re=D, mi=E, fa=F, sol=G, la=A, si=B). Include sharps or flats when needed (e.g. do#, reb, fa#, sib). Do NOT include the octave. Reply with ONLY the syllable and accidental (if needed). Nothing else. Output only the answer.","Listen to this audio clip of a single musical note. What is the main pitch frequency, expressed in Hertz? Reply with ONLY a number (the frequency in Hz). Nothing else. Output only the answer."
lowpass_at_f0,lowpass,"{'type': 'lowpass', 'cutoff_ratio': 1.2, 'order': 6}",2054,oboe,instrument,54,69,0,0,0,0,F#3,G4,0,0,0,fa#,fa#,1,0,0,69,G4,fa#,440,data/audio/pitchbench_e2_audio_effects/Fs3_oboe_5000ms_fx_lowpass_at_f0.wav,Fs3_oboe_5000ms_fx_lowpass_at_f0.wav,Listen to this audio clip of a single musical note. What is the MIDI note number (an integer from 0 to 127)? Reply with ONLY the integer. Nothing else. Output only the answer.,"Listen to this audio clip of a single musical note. What is the note name and octave? Reply with ONLY the note name in Scientific Pitch Notation (e.g. C4, F#3, Bb5). Nothing else. Output only the answer.","Listen to this audio clip of a single musical note. What is the solfege syllable and accidental (if needed) of this pitch? Use fixed-do (do=C, re=D, mi=E, fa=F, sol=G, la=A, si=B). Include sharps or flats when needed (e.g. do#, reb, fa#, sib). Do NOT include the octave. Reply with ONLY the syllable and accidental (if needed). Nothing else. Output only the answer.","Listen to this audio clip of a single musical note. What is the main pitch frequency, expressed in Hertz? Reply with ONLY a number (the frequency in Hz). Nothing else. Output only the answer."
lowpass_at_f0,lowpass,"{'type': 'lowpass', 'cutoff_ratio': 1.2, 'order': 6}",2060,clarinet,instrument,60,69,0,0,0,1,C4,G4,0,0,1,do,sol,0,0,0,69,G4,sol,440,data/audio/pitchbench_e2_audio_effects/C4_clarinet_5000ms_fx_lowpass_at_f0.wav,C4_clarinet_5000ms_fx_lowpass_at_f0.wav,Listen to this audio clip of a single musical note. What is the MIDI note number (an integer from 0 to 127)? Reply with ONLY the integer. Nothing else. Output only the answer.,"Listen to this audio clip of a single musical note. What is the note name and octave? Reply with ONLY the note name in Scientific Pitch Notation (e.g. C4, F#3, Bb5). Nothing else. Output only the answer.","Listen to this audio clip of a single musical note. What is the solfege syllable and accidental (if needed) of this pitch? Use fixed-do (do=C, re=D, mi=E, fa=F, sol=G, la=A, si=B). Include sharps or flats when needed (e.g. do#, reb, fa#, sib). Do NOT include the octave. Reply with ONLY the syllable and accidental (if needed). Nothing else. Output only the answer.","Listen to this audio clip of a single musical note. What is the main pitch frequency, expressed in Hertz? Reply with ONLY a number (the frequency in Hz). Nothing else. Output only the answer."
lowpass_at_f0,lowpass,"{'type': 'lowpass', 'cutoff_ratio': 1.2, 'order': 6}",2060,triangle,waveform,60,69,0,0,0,1,C4,F4,0,0,1,do,mi,0,0,0,69,F4,mi,440,data/audio/pitchbench_e2_audio_effects/C4_triangle_5000ms_fx_lowpass_at_f0.wav,C4_triangle_5000ms_fx_lowpass_at_f0.wav,Listen to this audio clip of a single musical note. What is the MIDI note number (an integer from 0 to 127)? Reply with ONLY the integer. Nothing else. Output only the answer.,"Listen to this audio clip of a single musical note. What is the note name and octave? Reply with ONLY the note name in Scientific Pitch Notation (e.g. C4, F#3, Bb5). Nothing else. Output only the answer.","Listen to this audio clip of a single musical note. What is the solfege syllable and accidental (if needed) of this pitch? Use fixed-do (do=C, re=D, mi=E, fa=F, sol=G, la=A, si=B). Include sharps or flats when needed (e.g. do#, reb, fa#, sib). Do NOT include the octave. Reply with ONLY the syllable and accidental (if needed). Nothing else. Output only the answer.","Listen to this audio clip of a single musical note. What is the main pitch frequency, expressed in Hertz? Reply with ONLY a number (the frequency in Hz). Nothing else. Output only the answer."
lowpass_at_f0,lowpass,"{'type': 'lowpass', 'cutoff_ratio': 1.2, 'order': 6}",2060,flute,instrument,60,69,0,0,0,1,C4,G4,0,0,1,do,sol,0,0,0,69,G4,sol,440,data/audio/pitchbench_e2_audio_effects/C4_flute_5000ms_fx_lowpass_at_f0.wav,C4_flute_5000ms_fx_lowpass_at_f0.wav,Listen to this audio clip of a single musical note. What is the MIDI note number (an integer from 0 to 127)? Reply with ONLY the integer. Nothing else. Output only the answer.,"Listen to this audio clip of a single musical note. What is the note name and octave? Reply with ONLY the note name in Scientific Pitch Notation (e.g. C4, F#3, Bb5). Nothing else. Output only the answer.","Listen to this audio clip of a single musical note. What is the solfege syllable and accidental (if needed) of this pitch? Use fixed-do (do=C, re=D, mi=E, fa=F, sol=G, la=A, si=B). Include sharps or flats when needed (e.g. do#, reb, fa#, sib). Do NOT include the octave. Reply with ONLY the syllable and accidental (if needed). Nothing else. Output only the answer.","Listen to this audio clip of a single musical note. What is the main pitch frequency, expressed in Hertz? Reply with ONLY a number (the frequency in Hz). Nothing else. Output only the answer."
lowpass_at_f0,lowpass,"{'type': 'lowpass', 'cutoff_ratio': 1.2, 'order': 6}",2060,guitar,instrument,60,69,0,0,0,1,C4,C4,1,1,1,do,sol,0,0,1,69,C4,sol,440,data/audio/pitchbench_e2_audio_effects/C4_guitar_5000ms_fx_lowpass_at_f0.wav,C4_guitar_5000ms_fx_lowpass_at_f0.wav,Listen to this audio clip of a single musical note. What is the MIDI note number (an integer from 0 to 127)? Reply with ONLY the integer. Nothing else. Output only the answer.,"Listen to this audio clip of a single musical note. What is the note name and octave? Reply with ONLY the note name in Scientific Pitch Notation (e.g. C4, F#3, Bb5). Nothing else. Output only the answer.","Listen to this audio clip of a single musical note. What is the solfege syllable and accidental (if needed) of this pitch? Use fixed-do (do=C, re=D, mi=E, fa=F, sol=G, la=A, si=B). Include sharps or flats when needed (e.g. do#, reb, fa#, sib). Do NOT include the octave. Reply with ONLY the syllable and accidental (if needed). Nothing else. Output only the answer.","Listen to this audio clip of a single musical note. What is the main pitch frequency, expressed in Hertz? Reply with ONLY a number (the frequency in Hz). Nothing else. Output only the answer."
lowpass_at_f0,lowpass,"{'type': 'lowpass', 'cutoff_ratio': 1.2, 'order': 6}",2060,synth_pad,instrument,60,69,0,0,0,1,C4,A4,0,0,1,do,sol,0,0,0,69,A4,sol,440,data/audio/pitchbench_e2_audio_effects/C4_synth_pad_5000ms_fx_lowpass_at_f0.wav,C4_synth_pad_5000ms_fx_lowpass_at_f0.wav,Listen to this audio clip of a single musical note. What is the MIDI note number (an integer from 0 to 127)? Reply with ONLY the integer. Nothing else. Output only the answer.,"Listen to this audio clip of a single musical note. What is the note name and octave? Reply with ONLY the note name in Scientific Pitch Notation (e.g. C4, F#3, Bb5). Nothing else. Output only the answer.","Listen to this audio clip of a single musical note. What is the solfege syllable and accidental (if needed) of this pitch? Use fixed-do (do=C, re=D, mi=E, fa=F, sol=G, la=A, si=B). Include sharps or flats when needed (e.g. do#, reb, fa#, sib). Do NOT include the octave. Reply with ONLY the syllable and accidental (if needed). Nothing else. Output only the answer.","Listen to this audio clip of a single musical note. What is the main pitch frequency, expressed in Hertz? Reply with ONLY a number (the frequency in Hz). Nothing else. Output only the answer."
lowpass_at_f0,lowpass,"{'type': 'lowpass', 'cutoff_ratio': 1.2, 'order': 6}",2064,synth_pad,instrument,64,69,0,0,0,1,E4,G4,0,0,1,mi,sol,0,0,0,69,G4,sol,440,data/audio/pitchbench_e2_audio_effects/E4_synth_pad_5000ms_fx_lowpass_at_f0.wav,E4_synth_pad_5000ms_fx_lowpass_at_f0.wav,Listen to this audio clip of a single musical note. What is the MIDI note number (an integer from 0 to 127)? Reply with ONLY the integer. Nothing else. Output only the answer.,"Listen to this audio clip of a single musical note. What is the note name and octave? Reply with ONLY the note name in Scientific Pitch Notation (e.g. C4, F#3, Bb5). Nothing else. Output only the answer.","Listen to this audio clip of a single musical note. What is the solfege syllable and accidental (if needed) of this pitch? Use fixed-do (do=C, re=D, mi=E, fa=F, sol=G, la=A, si=B). Include sharps or flats when needed (e.g. do#, reb, fa#, sib). Do NOT include the octave. Reply with ONLY the syllable and accidental (if needed). Nothing else. Output only the answer.","Listen to this audio clip of a single musical note. What is the main pitch frequency, expressed in Hertz? Reply with ONLY a number (the frequency in Hz). Nothing else. Output only the answer."
lowpass_at_f0,lowpass,"{'type': 'lowpass', 'cutoff_ratio': 1.2, 'order': 6}",2064,organ,instrument,64,69,0,0,0,1,E4,G4,0,0,1,mi,sol,0,0,0,69,G4,sol,440,data/audio/pitchbench_e2_audio_effects/E4_organ_5000ms_fx_lowpass_at_f0.wav,E4_organ_5000ms_fx_lowpass_at_f0.wav,Listen to this audio clip of a single musical note. What is the MIDI note number (an integer from 0 to 127)? Reply with ONLY the integer. Nothing else. Output only the answer.,"Listen to this audio clip of a single musical note. What is the note name and octave? Reply with ONLY the note name in Scientific Pitch Notation (e.g. C4, F#3, Bb5). Nothing else. Output only the answer.","Listen to this audio clip of a single musical note. What is the solfege syllable and accidental (if needed) of this pitch? Use fixed-do (do=C, re=D, mi=E, fa=F, sol=G, la=A, si=B). Include sharps or flats when needed (e.g. do#, reb, fa#, sib). Do NOT include the octave. Reply with ONLY the syllable and accidental (if needed). Nothing else. Output only the answer.","Listen to this audio clip of a single musical note. What is the main pitch frequency, expressed in Hertz? Reply with ONLY a number (the frequency in Hz). Nothing else. Output only the answer."
lowpass_at_f0,lowpass,"{'type': 'lowpass', 'cutoff_ratio': 1.2, 'order': 6}",2064,piano,instrument,64,52,0,0,1,0,E4,E4,1,1,1,mi,sol,0,0,1,52,E4,sol,The main pitch frequency is 440 Hz.,data/audio/pitchbench_e2_audio_effects/E4_piano_5000ms_fx_lowpass_at_f0.wav,E4_piano_5000ms_fx_lowpass_at_f0.wav,Listen to this audio clip of a single musical note. What is the MIDI note number (an integer from 0 to 127)? Reply with ONLY the integer. Nothing else. Output only the answer.,"Listen to this audio clip of a single musical note. What is the note name and octave? Reply with ONLY the note name in Scientific Pitch Notation (e.g. C4, F#3, Bb5). Nothing else. Output only the answer.","Listen to this audio clip of a single musical note. What is the solfege syllable and accidental (if needed) of this pitch? Use fixed-do (do=C, re=D, mi=E, fa=F, sol=G, la=A, si=B). Include sharps or flats when needed (e.g. do#, reb, fa#, sib). Do NOT include the octave. Reply with ONLY the syllable and accidental (if needed). Nothing else. Output only the answer.","Listen to this audio clip of a single musical note. What is the main pitch frequency, expressed in Hertz? Reply with ONLY a number (the frequency in Hz). Nothing else. Output only the answer."
lowpass_at_f0,lowpass,"{'type': 'lowpass', 'cutoff_ratio': 1.2, 'order': 6}",2064,cello,instrument,64,72,0,0,0,0,E4,G4,0,0,1,mi,sol,0,0,0,72,G4,sol,440,data/audio/pitchbench_e2_audio_effects/E4_cello_5000ms_fx_lowpass_at_f0.wav,E4_cello_5000ms_fx_lowpass_at_f0.wav,Listen to this audio clip of a single musical note. What is the MIDI note number (an integer from 0 to 127)? Reply with ONLY the integer. Nothing else. Output only the answer.,"Listen to this audio clip of a single musical note. What is the note name and octave? Reply with ONLY the note name in Scientific Pitch Notation (e.g. C4, F#3, Bb5). Nothing else. Output only the answer.","Listen to this audio clip of a single musical note. What is the solfege syllable and accidental (if needed) of this pitch? Use fixed-do (do=C, re=D, mi=E, fa=F, sol=G, la=A, si=B). Include sharps or flats when needed (e.g. do#, reb, fa#, sib). Do NOT include the octave. Reply with ONLY the syllable and accidental (if needed). Nothing else. Output only the answer.","Listen to this audio clip of a single musical note. What is the main pitch frequency, expressed in Hertz? Reply with ONLY a number (the frequency in Hz). Nothing else. Output only the answer."
lowpass_at_f0,lowpass,"{'type': 'lowpass', 'cutoff_ratio': 1.2, 'order': 6}",2064,square,waveform,64,69,0,0,0,1,E4,A4,0,0,1,mi,sol,0,0,0,69,A4,sol,440,data/audio/pitchbench_e2_audio_effects/E4_square_5000ms_fx_lowpass_at_f0.wav,E4_square_5000ms_fx_lowpass_at_f0.wav,Listen to this audio clip of a single musical note. What is the MIDI note number (an integer from 0 to 127)? Reply with ONLY the integer. Nothing else. Output only the answer.,"Listen to this audio clip of a single musical note. What is the note name and octave? Reply with ONLY the note name in Scientific Pitch Notation (e.g. C4, F#3, Bb5). Nothing else. Output only the answer.","Listen to this audio clip of a single musical note. What is the solfege syllable and accidental (if needed) of this pitch? Use fixed-do (do=C, re=D, mi=E, fa=F, sol=G, la=A, si=B). Include sharps or flats when needed (e.g. do#, reb, fa#, sib). Do NOT include the octave. Reply with ONLY the syllable and accidental (if needed). Nothing else. Output only the answer.","Listen to this audio clip of a single musical note. What is the main pitch frequency, expressed in Hertz? Reply with ONLY a number (the frequency in Hz). Nothing else. Output only the answer."
lowpass_at_f0,lowpass,"{'type': 'lowpass', 'cutoff_ratio': 1.2, 'order': 6}",2069,trumpet,instrument,69,69,1,1,1,1,A4,F4,0,0,1,la,sol,0,1,1,69,F4,sol,440,data/audio/pitchbench_e2_audio_effects/A4_trumpet_5000ms_fx_lowpass_at_f0.wav,A4_trumpet_5000ms_fx_lowpass_at_f0.wav,Listen to this audio clip of a single musical note. What is the MIDI note number (an integer from 0 to 127)? Reply with ONLY the integer. Nothing else. Output only the answer.,"Listen to this audio clip of a single musical note. What is the note name and octave? Reply with ONLY the note name in Scientific Pitch Notation (e.g. C4, F#3, Bb5). Nothing else. Output only the answer.","Listen to this audio clip of a single musical note. What is the solfege syllable and accidental (if needed) of this pitch? Use fixed-do (do=C, re=D, mi=E, fa=F, sol=G, la=A, si=B). Include sharps or flats when needed (e.g. do#, reb, fa#, sib). Do NOT include the octave. Reply with ONLY the syllable and accidental (if needed). Nothing else. Output only the answer.","Listen to this audio clip of a single musical note. What is the main pitch frequency, expressed in Hertz? Reply with ONLY a number (the frequency in Hz). Nothing else. Output only the answer."
lowpass_at_f0,lowpass,"{'type': 'lowpass', 'cutoff_ratio': 1.2, 'order': 6}",2069,organ,instrument,69,60,0,0,0,1,A4,G4,0,0,1,la,sol,0,1,1,60,G4,sol,440,data/audio/pitchbench_e2_audio_effects/A4_organ_5000ms_fx_lowpass_at_f0.wav,A4_organ_5000ms_fx_lowpass_at_f0.wav,Listen to this audio clip of a single musical note. What is the MIDI note number (an integer from 0 to 127)? Reply with ONLY the integer. Nothing else. Output only the answer.,"Listen to this audio clip of a single musical note. What is the note name and octave? Reply with ONLY the note name in Scientific Pitch Notation (e.g. C4, F#3, Bb5). Nothing else. Output only the answer.","Listen to this audio clip of a single musical note. What is the solfege syllable and accidental (if needed) of this pitch? Use fixed-do (do=C, re=D, mi=E, fa=F, sol=G, la=A, si=B). Include sharps or flats when needed (e.g. do#, reb, fa#, sib). Do NOT include the octave. Reply with ONLY the syllable and accidental (if needed). Nothing else. Output only the answer.","Listen to this audio clip of a single musical note. What is the main pitch frequency, expressed in Hertz? Reply with ONLY a number (the frequency in Hz). Nothing else. Output only the answer."
lowpass_at_f0,lowpass,"{'type': 'lowpass', 'cutoff_ratio': 1.2, 'order': 6}",2069,flute,instrument,69,69,1,1,1,1,A4,G4,0,0,1,la,sol,0,1,1,69,G4,sol,440,data/audio/pitchbench_e2_audio_effects/A4_flute_5000ms_fx_lowpass_at_f0.wav,A4_flute_5000ms_fx_lowpass_at_f0.wav,Listen to this audio clip of a single musical note. What is the MIDI note number (an integer from 0 to 127)? Reply with ONLY the integer. Nothing else. Output only the answer.,"Listen to this audio clip of a single musical note. What is the note name and octave? Reply with ONLY the note name in Scientific Pitch Notation (e.g. C4, F#3, Bb5). Nothing else. Output only the answer.","Listen to this audio clip of a single musical note. What is the solfege syllable and accidental (if needed) of this pitch? Use fixed-do (do=C, re=D, mi=E, fa=F, sol=G, la=A, si=B). Include sharps or flats when needed (e.g. do#, reb, fa#, sib). Do NOT include the octave. Reply with ONLY the syllable and accidental (if needed). Nothing else. Output only the answer.","Listen to this audio clip of a single musical note. What is the main pitch frequency, expressed in Hertz? Reply with ONLY a number (the frequency in Hz). Nothing else. Output only the answer."
lowpass_at_f0,lowpass,"{'type': 'lowpass', 'cutoff_ratio': 1.2, 'order': 6}",2069,square,waveform,69,69,1,1,1,1,A4,E4,0,0,1,la,sol,0,1,1,69,E4,sol,440,data/audio/pitchbench_e2_audio_effects/A4_square_5000ms_fx_lowpass_at_f0.wav,A4_square_5000ms_fx_lowpass_at_f0.wav,Listen to this audio clip of a single musical note. What is the MIDI note number (an integer from 0 to 127)? Reply with ONLY the integer. Nothing else. Output only the answer.,"Listen to this audio clip of a single musical note. What is the note name and octave? Reply with ONLY the note name in Scientific Pitch Notation (e.g. C4, F#3, Bb5). Nothing else. Output only the answer.","Listen to this audio clip of a single musical note. What is the solfege syllable and accidental (if needed) of this pitch? Use fixed-do (do=C, re=D, mi=E, fa=F, sol=G, la=A, si=B). Include sharps or flats when needed (e.g. do#, reb, fa#, sib). Do NOT include the octave. Reply with ONLY the syllable and accidental (if needed). Nothing else. Output only the answer.","Listen to this audio clip of a single musical note. What is the main pitch frequency, expressed in Hertz? Reply with ONLY a number (the frequency in Hz). Nothing else. Output only the answer."
lowpass_at_f0,lowpass,"{'type': 'lowpass', 'cutoff_ratio': 1.2, 'order': 6}",2069,synth_lead,instrument,69,69,1,1,1,1,A4,G4,0,0,1,la,sol,0,1,1,69,G4,sol,440,data/audio/pitchbench_e2_audio_effects/A4_synth_lead_5000ms_fx_lowpass_at_f0.wav,A4_synth_lead_5000ms_fx_lowpass_at_f0.wav,Listen to this audio clip of a single musical note. What is the MIDI note number (an integer from 0 to 127)? Reply with ONLY the integer. Nothing else. Output only the answer.,"Listen to this audio clip of a single musical note. What is the note name and octave? Reply with ONLY the note name in Scientific Pitch Notation (e.g. C4, F#3, Bb5). Nothing else. Output only the answer.","Listen to this audio clip of a single musical note. What is the solfege syllable and accidental (if needed) of this pitch? Use fixed-do (do=C, re=D, mi=E, fa=F, sol=G, la=A, si=B). Include sharps or flats when needed (e.g. do#, reb, fa#, sib). Do NOT include the octave. Reply with ONLY the syllable and accidental (if needed). Nothing else. Output only the answer.","Listen to this audio clip of a single musical note. What is the main pitch frequency, expressed in Hertz? Reply with ONLY a number (the frequency in Hz). Nothing else. Output only the answer."
lowpass_at_f0,lowpass,"{'type': 'lowpass', 'cutoff_ratio': 1.2, 'order': 6}",2079,synth_pad,instrument,79,69,0,0,0,0,G5,A4,0,0,0,sol,sol,1,0,0,69,A4,sol,440,data/audio/pitchbench_e2_audio_effects/G5_synth_pad_5000ms_fx_lowpass_at_f0.wav,G5_synth_pad_5000ms_fx_lowpass_at_f0.wav,Listen to this audio clip of a single musical note. What is the MIDI note number (an integer from 0 to 127)? Reply with ONLY the integer. Nothing else. Output only the answer.,"Listen to this audio clip of a single musical note. What is the note name and octave? Reply with ONLY the note name in Scientific Pitch Notation (e.g. C4, F#3, Bb5). Nothing else. Output only the answer.","Listen to this audio clip of a single musical note. What is the solfege syllable and accidental (if needed) of this pitch? Use fixed-do (do=C, re=D, mi=E, fa=F, sol=G, la=A, si=B). Include sharps or flats when needed (e.g. do#, reb, fa#, sib). Do NOT include the octave. Reply with ONLY the syllable and accidental (if needed). Nothing else. Output only the answer.","Listen to this audio clip of a single musical note. What is the main pitch frequency, expressed in Hertz? Reply with ONLY a number (the frequency in Hz). Nothing else. Output only the answer."
lowpass_at_f0,lowpass,"{'type': 'lowpass', 'cutoff_ratio': 1.2, 'order': 6}",2079,triangle,waveform,79,69,0,0,0,0,G5,A4,0,0,0,sol,sol,1,0,0,69,A4,sol,440,data/audio/pitchbench_e2_audio_effects/G5_triangle_5000ms_fx_lowpass_at_f0.wav,G5_triangle_5000ms_fx_lowpass_at_f0.wav,Listen to this audio clip of a single musical note. What is the MIDI note number (an integer from 0 to 127)? Reply with ONLY the integer. Nothing else. Output only the answer.,"Listen to this audio clip of a single musical note. What is the note name and octave? Reply with ONLY the note name in Scientific Pitch Notation (e.g. C4, F#3, Bb5). Nothing else. Output only the answer.","Listen to this audio clip of a single musical note. What is the solfege syllable and accidental (if needed) of this pitch? Use fixed-do (do=C, re=D, mi=E, fa=F, sol=G, la=A, si=B). Include sharps or flats when needed (e.g. do#, reb, fa#, sib). Do NOT include the octave. Reply with ONLY the syllable and accidental (if needed). Nothing else. Output only the answer.","Listen to this audio clip of a single musical note. What is the main pitch frequency, expressed in Hertz? Reply with ONLY a number (the frequency in Hz). Nothing else. Output only the answer."
lowpass_at_f0,lowpass,"{'type': 'lowpass', 'cutoff_ratio': 1.2, 'order': 6}",2079,sawtooth,waveform,79,69,0,0,0,0,G5,A4,0,0,0,sol,sol,1,0,0,69,A4,sol,440,data/audio/pitchbench_e2_audio_effects/G5_sawtooth_5000ms_fx_lowpass_at_f0.wav,G5_sawtooth_5000ms_fx_lowpass_at_f0.wav,Listen to this audio clip of a single musical note. What is the MIDI note number (an integer from 0 to 127)? Reply with ONLY the integer. Nothing else. Output only the answer.,"Listen to this audio clip of a single musical note. What is the note name and octave? Reply with ONLY the note name in Scientific Pitch Notation (e.g. C4, F#3, Bb5). Nothing else. Output only the answer.","Listen to this audio clip of a single musical note. What is the solfege syllable and accidental (if needed) of this pitch? Use fixed-do (do=C, re=D, mi=E, fa=F, sol=G, la=A, si=B). Include sharps or flats when needed (e.g. do#, reb, fa#, sib). Do NOT include the octave. Reply with ONLY the syllable and accidental (if needed). Nothing else. Output only the answer.","Listen to this audio clip of a single musical note. What is the main pitch frequency, expressed in Hertz? Reply with ONLY a number (the frequency in Hz). Nothing else. Output only the answer."
lowpass_at_f0,lowpass,"{'type': 'lowpass', 'cutoff_ratio': 1.2, 'order': 6}",2079,sine,waveform,79,69,0,0,0,0,G5,A4,0,0,0,sol,sol,1,0,0,69,A4,sol,440,data/audio/pitchbench_e2_audio_effects/G5_sine_5000ms_fx_lowpass_at_f0.wav,G5_sine_5000ms_fx_lowpass_at_f0.wav,Listen to this audio clip of a single musical note. What is the MIDI note number (an integer from 0 to 127)? Reply with ONLY the integer. Nothing else. Output only the answer.,"Listen to this audio clip of a single musical note. What is the note name and octave? Reply with ONLY the note name in Scientific Pitch Notation (e.g. C4, F#3, Bb5). Nothing else. Output only the answer.","Listen to this audio clip of a single musical note. What is the solfege syllable and accidental (if needed) of this pitch? Use fixed-do (do=C, re=D, mi=E, fa=F, sol=G, la=A, si=B). Include sharps or flats when needed (e.g. do#, reb, fa#, sib). Do NOT include the octave. Reply with ONLY the syllable and accidental (if needed). Nothing else. Output only the answer.","Listen to this audio clip of a single musical note. What is the main pitch frequency, expressed in Hertz? Reply with ONLY a number (the frequency in Hz). Nothing else. Output only the answer."
lowpass_at_f0,lowpass,"{'type': 'lowpass', 'cutoff_ratio': 1.2, 'order': 6}",2079,synth_lead,instrument,79,69,0,0,0,0,G5,A4,0,0,0,sol,sol,1,0,0,69,A4,sol,440,data/audio/pitchbench_e2_audio_effects/G5_synth_lead_5000ms_fx_lowpass_at_f0.wav,G5_synth_lead_5000ms_fx_lowpass_at_f0.wav,Listen to this audio clip of a single musical note. What is the MIDI note number (an integer from 0 to 127)? Reply with ONLY the integer. Nothing else. Output only the answer.,"Listen to this audio clip of a single musical note. What is the note name and octave? Reply with ONLY the note name in Scientific Pitch Notation (e.g. C4, F#3, Bb5). Nothing else. Output only the answer.","Listen to this audio clip of a single musical note. What is the solfege syllable and accidental (if needed) of this pitch? Use fixed-do (do=C, re=D, mi=E, fa=F, sol=G, la=A, si=B). Include sharps or flats when needed (e.g. do#, reb, fa#, sib). Do NOT include the octave. Reply with ONLY the syllable and accidental (if needed). Nothing else. Output only the answer.","Listen to this audio clip of a single musical note. What is the main pitch frequency, expressed in Hertz? Reply with ONLY a number (the frequency in Hz). Nothing else. Output only the answer."
lowpass_at_f0,lowpass,"{'type': 'lowpass', 'cutoff_ratio': 1.2, 'order': 6}",2088,flute,instrument,88,69,0,0,0,0,E6,A4,0,0,0,mi,sol,0,0,0,69,A4,sol,440,data/audio/pitchbench_e2_audio_effects/E6_flute_5000ms_fx_lowpass_at_f0.wav,E6_flute_5000ms_fx_lowpass_at_f0.wav,Listen to this audio clip of a single musical note. What is the MIDI note number (an integer from 0 to 127)? Reply with ONLY the integer. Nothing else. Output only the answer.,"Listen to this audio clip of a single musical note. What is the note name and octave? Reply with ONLY the note name in Scientific Pitch Notation (e.g. C4, F#3, Bb5). Nothing else. Output only the answer.","Listen to this audio clip of a single musical note. What is the solfege syllable and accidental (if needed) of this pitch? Use fixed-do (do=C, re=D, mi=E, fa=F, sol=G, la=A, si=B). Include sharps or flats when needed (e.g. do#, reb, fa#, sib). Do NOT include the octave. Reply with ONLY the syllable and accidental (if needed). Nothing else. Output only the answer.","Listen to this audio clip of a single musical note. What is the main pitch frequency, expressed in Hertz? Reply with ONLY a number (the frequency in Hz). Nothing else. Output only the answer."
lowpass_at_f0,lowpass,"{'type': 'lowpass', 'cutoff_ratio': 1.2, 'order': 6}",2088,electric_keyboard,instrument,88,69,0,0,0,0,E6,G4,0,0,0,mi,mi,1,0,0,69,G4,mi,440,data/audio/pitchbench_e2_audio_effects/E6_electric_keyboard_5000ms_fx_lowpass_at_f0.wav,E6_electric_keyboard_5000ms_fx_lowpass_at_f0.wav,Listen to this audio clip of a single musical note. What is the MIDI note number (an integer from 0 to 127)? Reply with ONLY the integer. Nothing else. Output only the answer.,"Listen to this audio clip of a single musical note. What is the note name and octave? Reply with ONLY the note name in Scientific Pitch Notation (e.g. C4, F#3, Bb5). Nothing else. Output only the answer.","Listen to this audio clip of a single musical note. What is the solfege syllable and accidental (if needed) of this pitch? Use fixed-do (do=C, re=D, mi=E, fa=F, sol=G, la=A, si=B). Include sharps or flats when needed (e.g. do#, reb, fa#, sib). Do NOT include the octave. Reply with ONLY the syllable and accidental (if needed). Nothing else. Output only the answer.","Listen to this audio clip of a single musical note. What is the main pitch frequency, expressed in Hertz? Reply with ONLY a number (the frequency in Hz). Nothing else. Output only the answer."
lowpass_at_f0,lowpass,"{'type': 'lowpass', 'cutoff_ratio': 1.2, 'order': 6}",2088,cello,instrument,88,69,0,0,0,0,E6,A4,0,0,0,mi,sol,0,0,0,69,A4,sol,440,data/audio/pitchbench_e2_audio_effects/E6_cello_5000ms_fx_lowpass_at_f0.wav,E6_cello_5000ms_fx_lowpass_at_f0.wav,Listen to this audio clip of a single musical note. What is the MIDI note number (an integer from 0 to 127)? Reply with ONLY the integer. Nothing else. Output only the answer.,"Listen to this audio clip of a single musical note. What is the note name and octave? Reply with ONLY the note name in Scientific Pitch Notation (e.g. C4, F#3, Bb5). Nothing else. Output only the answer.","Listen to this audio clip of a single musical note. What is the solfege syllable and accidental (if needed) of this pitch? Use fixed-do (do=C, re=D, mi=E, fa=F, sol=G, la=A, si=B). Include sharps or flats when needed (e.g. do#, reb, fa#, sib). Do NOT include the octave. Reply with ONLY the syllable and accidental (if needed). Nothing else. Output only the answer.","Listen to this audio clip of a single musical note. What is the main pitch frequency, expressed in Hertz? Reply with ONLY a number (the frequency in Hz). Nothing else. Output only the answer."
lowpass_at_f0,lowpass,"{'type': 'lowpass', 'cutoff_ratio': 1.2, 'order': 6}",2088,bass,instrument,88,69,0,0,0,0,E6,G4,0,0,0,mi,fa,0,0,0,69,G4,fa,440,data/audio/pitchbench_e2_audio_effects/E6_bass_5000ms_fx_lowpass_at_f0.wav,E6_bass_5000ms_fx_lowpass_at_f0.wav,Listen to this audio clip of a single musical note. What is the MIDI note number (an integer from 0 to 127)? Reply with ONLY the integer. Nothing else. Output only the answer.,"Listen to this audio clip of a single musical note. What is the note name and octave? Reply with ONLY the note name in Scientific Pitch Notation (e.g. C4, F#3, Bb5). Nothing else. Output only the answer.","Listen to this audio clip of a single musical note. What is the solfege syllable and accidental (if needed) of this pitch? Use fixed-do (do=C, re=D, mi=E, fa=F, sol=G, la=A, si=B). Include sharps or flats when needed (e.g. do#, reb, fa#, sib). Do NOT include the octave. Reply with ONLY the syllable and accidental (if needed). Nothing else. Output only the answer.","Listen to this audio clip of a single musical note. What is the main pitch frequency, expressed in Hertz? Reply with ONLY a number (the frequency in Hz). Nothing else. Output only the answer."
lowpass_at_f0,lowpass,"{'type': 'lowpass', 'cutoff_ratio': 1.2, 'order': 6}",2088,voice,instrument,88,72,0,0,0,0,E6,G5,0,0,0,mi,sol,0,0,0,72,G5,sol,440,data/audio/pitchbench_e2_audio_effects/E6_voice_5000ms_fx_lowpass_at_f0.wav,E6_voice_5000ms_fx_lowpass_at_f0.wav,Listen to this audio clip of a single musical note. What is the MIDI note number (an integer from 0 to 127)? Reply with ONLY the integer. Nothing else. Output only the answer.,"Listen to this audio clip of a single musical note. What is the note name and octave? Reply with ONLY the note name in Scientific Pitch Notation (e.g. C4, F#3, Bb5). Nothing else. Output only the answer.","Listen to this audio clip of a single musical note. What is the solfege syllable and accidental (if needed) of this pitch? Use fixed-do (do=C, re=D, mi=E, fa=F, sol=G, la=A, si=B). Include sharps or flats when needed (e.g. do#, reb, fa#, sib). Do NOT include the octave. Reply with ONLY the syllable and accidental (if needed). Nothing else. Output only the answer.","Listen to this audio clip of a single musical note. What is the main pitch frequency, expressed in Hertz? Reply with ONLY a number (the frequency in Hz). Nothing else. Output only the answer."
reverb_long,reverb_room,"{'type': 'reverb_room', 'room_size': 0.9, 'damping': 0.4, 'wet_level': 0.6, 'dry_level': 0.4}",5030,guitar,instrument,30,69,0,0,0,0,F#1,G3,0,0,0,fa#,sol,0,0,0,69,G3,sol,440,data/audio/pitchbench_e2_audio_effects/Fs1_guitar_5000ms_fx_reverb_long.wav,Fs1_guitar_5000ms_fx_reverb_long.wav,Listen to this audio clip of a single musical note. What is the MIDI note number (an integer from 0 to 127)? Reply with ONLY the integer. Nothing else. Output only the answer.,"Listen to this audio clip of a single musical note. What is the note name and octave? Reply with ONLY the note name in Scientific Pitch Notation (e.g. C4, F#3, Bb5). Nothing else. Output only the answer.","Listen to this audio clip of a single musical note. What is the solfege syllable and accidental (if needed) of this pitch? Use fixed-do (do=C, re=D, mi=E, fa=F, sol=G, la=A, si=B). Include sharps or flats when needed (e.g. do#, reb, fa#, sib). Do NOT include the octave. Reply with ONLY the syllable and accidental (if needed). Nothing else. Output only the answer.","Listen to this audio clip of a single musical note. What is the main pitch frequency, expressed in Hertz? Reply with ONLY a number (the frequency in Hz). Nothing else. Output only the answer."
reverb_long,reverb_room,"{'type': 'reverb_room', 'room_size': 0.9, 'damping': 0.4, 'wet_level': 0.6, 'dry_level': 0.4}",5030,violin,instrument,30,69,0,0,0,0,F#1,G3,0,0,0,fa#,sol,0,0,0,69,G3,sol,440,data/audio/pitchbench_e2_audio_effects/Fs1_violin_5000ms_fx_reverb_long.wav,Fs1_violin_5000ms_fx_reverb_long.wav,Listen to this audio clip of a single musical note. What is the MIDI note number (an integer from 0 to 127)? Reply with ONLY the integer. Nothing else. Output only the answer.,"Listen to this audio clip of a single musical note. What is the note name and octave? Reply with ONLY the note name in Scientific Pitch Notation (e.g. C4, F#3, Bb5). Nothing else. Output only the answer.","Listen to this audio clip of a single musical note. What is the solfege syllable and accidental (if needed) of this pitch? Use fixed-do (do=C, re=D, mi=E, fa=F, sol=G, la=A, si=B). Include sharps or flats when needed (e.g. do#, reb, fa#, sib). Do NOT include the octave. Reply with ONLY the syllable and accidental (if needed). Nothing else. Output only the answer.","Listen to this audio clip of a single musical note. What is the main pitch frequency, expressed in Hertz? Reply with ONLY a number (the frequency in Hz). Nothing else. Output only the answer."
reverb_long,reverb_room,"{'type': 'reverb_room', 'room_size': 0.9, 'damping': 0.4, 'wet_level': 0.6, 'dry_level': 0.4}",5030,sawtooth,waveform,30,60,0,0,0,0,F#1,A4,0,0,0,fa#,sol,0,0,0,60,A4,sol,440,data/audio/pitchbench_e2_audio_effects/Fs1_sawtooth_5000ms_fx_reverb_long.wav,Fs1_sawtooth_5000ms_fx_reverb_long.wav,Listen to this audio clip of a single musical note. What is the MIDI note number (an integer from 0 to 127)? Reply with ONLY the integer. Nothing else. Output only the answer.,"Listen to this audio clip of a single musical note. What is the note name and octave? Reply with ONLY the note name in Scientific Pitch Notation (e.g. C4, F#3, Bb5). Nothing else. Output only the answer.","Listen to this audio clip of a single musical note. What is the solfege syllable and accidental (if needed) of this pitch? Use fixed-do (do=C, re=D, mi=E, fa=F, sol=G, la=A, si=B). Include sharps or flats when needed (e.g. do#, reb, fa#, sib). Do NOT include the octave. Reply with ONLY the syllable and accidental (if needed). Nothing else. Output only the answer.","Listen to this audio clip of a single musical note. What is the main pitch frequency, expressed in Hertz? Reply with ONLY a number (the frequency in Hz). Nothing else. Output only the answer."
reverb_long,reverb_room,"{'type': 'reverb_room', 'room_size': 0.9, 'damping': 0.4, 'wet_level': 0.6, 'dry_level': 0.4}",5030,electric_keyboard,instrument,30,69,0,0,0,0,F#1,G3,0,0,0,fa#,sol,0,0,0,69,G3,sol,440,data/audio/pitchbench_e2_audio_effects/Fs1_electric_keyboard_5000ms_fx_reverb_long.wav,Fs1_electric_keyboard_5000ms_fx_reverb_long.wav,Listen to this audio clip of a single musical note. What is the MIDI note number (an integer from 0 to 127)? Reply with ONLY the integer. Nothing else. Output only the answer.,"Listen to this audio clip of a single musical note. What is the note name and octave? Reply with ONLY the note name in Scientific Pitch Notation (e.g. C4, F#3, Bb5). Nothing else. Output only the answer.","Listen to this audio clip of a single musical note. What is the solfege syllable and accidental (if needed) of this pitch? Use fixed-do (do=C, re=D, mi=E, fa=F, sol=G, la=A, si=B). Include sharps or flats when needed (e.g. do#, reb, fa#, sib). Do NOT include the octave. Reply with ONLY the syllable and accidental (if needed). Nothing else. Output only the answer.","Listen to this audio clip of a single musical note. What is the main pitch frequency, expressed in Hertz? Reply with ONLY a number (the frequency in Hz). Nothing else. Output only the answer."
reverb_long,reverb_room,"{'type': 'reverb_room', 'room_size': 0.9, 'damping': 0.4, 'wet_level': 0.6, 'dry_level': 0.4}",5030,voice,instrument,30,69,0,0,0,0,F#1,A#2,0,0,0,fa#,sol,0,0,0,69,A#2,sol,440,data/audio/pitchbench_e2_audio_effects/Fs1_voice_5000ms_fx_reverb_long.wav,Fs1_voice_5000ms_fx_reverb_long.wav,Listen to this audio clip of a single musical note. What is the MIDI note number (an integer from 0 to 127)? Reply with ONLY the integer. Nothing else. Output only the answer.,"Listen to this audio clip of a single musical note. What is the note name and octave? Reply with ONLY the note name in Scientific Pitch Notation (e.g. C4, F#3, Bb5). Nothing else. Output only the answer.","Listen to this audio clip of a single musical note. What is the solfege syllable and accidental (if needed) of this pitch? Use fixed-do (do=C, re=D, mi=E, fa=F, sol=G, la=A, si=B). Include sharps or flats when needed (e.g. do#, reb, fa#, sib). Do NOT include the octave. Reply with ONLY the syllable and accidental (if needed). Nothing else. Output only the answer.","Listen to this audio clip of a single musical note. What is the main pitch frequency, expressed in Hertz? Reply with ONLY a number (the frequency in Hz). Nothing else. Output only the answer."
reverb_long,reverb_room,"{'type': 'reverb_room', 'room_size': 0.9, 'damping': 0.4, 'wet_level': 0.6, 'dry_level': 0.4}",5036,sine,waveform,36,69,0,0,0,0,C2,G3,0,0,0,do,sol,0,0,0,69,G3,sol,440,data/audio/pitchbench_e2_audio_effects/C2_sine_5000ms_fx_reverb_long.wav,C2_sine_5000ms_fx_reverb_long.wav,Listen to this audio clip of a single musical note. What is the MIDI note number (an integer from 0 to 127)? Reply with ONLY the integer. Nothing else. Output only the answer.,"Listen to this audio clip of a single musical note. What is the note name and octave? Reply with ONLY the note name in Scientific Pitch Notation (e.g. C4, F#3, Bb5). Nothing else. Output only the answer.","Listen to this audio clip of a single musical note. What is the solfege syllable and accidental (if needed) of this pitch? Use fixed-do (do=C, re=D, mi=E, fa=F, sol=G, la=A, si=B). Include sharps or flats when needed (e.g. do#, reb, fa#, sib). Do NOT include the octave. Reply with ONLY the syllable and accidental (if needed). Nothing else. Output only the answer.","Listen to this audio clip of a single musical note. What is the main pitch frequency, expressed in Hertz? Reply with ONLY a number (the frequency in Hz). Nothing else. Output only the answer."
reverb_long,reverb_room,"{'type': 'reverb_room', 'room_size': 0.9, 'damping': 0.4, 'wet_level': 0.6, 'dry_level': 0.4}",5036,violin,instrument,36,69,0,0,0,0,C2,A#2,0,0,1,do,sol,0,0,0,69,A#2,sol,440,data/audio/pitchbench_e2_audio_effects/C2_violin_5000ms_fx_reverb_long.wav,C2_violin_5000ms_fx_reverb_long.wav,Listen to this audio clip of a single musical note. What is the MIDI note number (an integer from 0 to 127)? Reply with ONLY the integer. Nothing else. Output only the answer.,"Listen to this audio clip of a single musical note. What is the note name and octave? Reply with ONLY the note name in Scientific Pitch Notation (e.g. C4, F#3, Bb5). Nothing else. Output only the answer.","Listen to this audio clip of a single musical note. What is the solfege syllable and accidental (if needed) of this pitch? Use fixed-do (do=C, re=D, mi=E, fa=F, sol=G, la=A, si=B). Include sharps or flats when needed (e.g. do#, reb, fa#, sib). Do NOT include the octave. Reply with ONLY the syllable and accidental (if needed). Nothing else. Output only the answer.","Listen to this audio clip of a single musical note. What is the main pitch frequency, expressed in Hertz? Reply with ONLY a number (the frequency in Hz). Nothing else. Output only the answer."
reverb_long,reverb_room,"{'type': 'reverb_room', 'room_size': 0.9, 'damping': 0.4, 'wet_level': 0.6, 'dry_level': 0.4}",5036,trumpet,instrument,36,69,0,0,0,0,C2,G2,0,0,1,do,sol,0,0,0,69,G2,sol,196,data/audio/pitchbench_e2_audio_effects/C2_trumpet_5000ms_fx_reverb_long.wav,C2_trumpet_5000ms_fx_reverb_long.wav,Listen to this audio clip of a single musical note. What is the MIDI note number (an integer from 0 to 127)? Reply with ONLY the integer. Nothing else. Output only the answer.,"Listen to this audio clip of a single musical note. What is the note name and octave? Reply with ONLY the note name in Scientific Pitch Notation (e.g. C4, F#3, Bb5). Nothing else. Output only the answer.","Listen to this audio clip of a single musical note. What is the solfege syllable and accidental (if needed) of this pitch? Use fixed-do (do=C, re=D, mi=E, fa=F, sol=G, la=A, si=B). Include sharps or flats when needed (e.g. do#, reb, fa#, sib). Do NOT include the octave. Reply with ONLY the syllable and accidental (if needed). Nothing else. Output only the answer.","Listen to this audio clip of a single musical note. What is the main pitch frequency, expressed in Hertz? Reply with ONLY a number (the frequency in Hz). Nothing else. Output only the answer."
reverb_long,reverb_room,"{'type': 'reverb_room', 'room_size': 0.9, 'damping': 0.4, 'wet_level': 0.6, 'dry_level': 0.4}",5036,organ,instrument,36,52,0,0,0,0,C2,E4,0,0,0,do,sol,0,0,0,52,E4,sol,440,data/audio/pitchbench_e2_audio_effects/C2_organ_5000ms_fx_reverb_long.wav,C2_organ_5000ms_fx_reverb_long.wav,Listen to this audio clip of a single musical note. What is the MIDI note number (an integer from 0 to 127)? Reply with ONLY the integer. Nothing else. Output only the answer.,"Listen to this audio clip of a single musical note. What is the note name and octave? Reply with ONLY the note name in Scientific Pitch Notation (e.g. C4, F#3, Bb5). Nothing else. Output only the answer.","Listen to this audio clip of a single musical note. What is the solfege syllable and accidental (if needed) of this pitch? Use fixed-do (do=C, re=D, mi=E, fa=F, sol=G, la=A, si=B). Include sharps or flats when needed (e.g. do#, reb, fa#, sib). Do NOT include the octave. Reply with ONLY the syllable and accidental (if needed). Nothing else. Output only the answer.","Listen to this audio clip of a single musical note. What is the main pitch frequency, expressed in Hertz? Reply with ONLY a number (the frequency in Hz). Nothing else. Output only the answer."
reverb_long,reverb_room,"{'type': 'reverb_room', 'room_size': 0.9, 'damping': 0.4, 'wet_level': 0.6, 'dry_level': 0.4}",5036,piano,instrument,36,69,0,0,0,0,C2,A4,0,0,0,do,sol,0,0,0,69,A4,sol,440,data/audio/pitchbench_e2_audio_effects/C2_piano_5000ms_fx_reverb_long.wav,C2_piano_5000ms_fx_reverb_long.wav,Listen to this audio clip of a single musical note. What is the MIDI note number (an integer from 0 to 127)? Reply with ONLY the integer. Nothing else. Output only the answer.,"Listen to this audio clip of a single musical note. What is the note name and octave? Reply with ONLY the note name in Scientific Pitch Notation (e.g. C4, F#3, Bb5). Nothing else. Output only the answer.","Listen to this audio clip of a single musical note. What is the solfege syllable and accidental (if needed) of this pitch? Use fixed-do (do=C, re=D, mi=E, fa=F, sol=G, la=A, si=B). Include sharps or flats when needed (e.g. do#, reb, fa#, sib). Do NOT include the octave. Reply with ONLY the syllable and accidental (if needed). Nothing else. Output only the answer.","Listen to this audio clip of a single musical note. What is the main pitch frequency, expressed in Hertz? Reply with ONLY a number (the frequency in Hz). Nothing else. Output only the answer."
reverb_long,reverb_room,"{'type': 'reverb_room', 'room_size': 0.9, 'damping': 0.4, 'wet_level': 0.6, 'dry_level': 0.4}",5043,cello,instrument,43,69,0,0,0,0,G2,G3,0,1,0,sol,sol,1,0,0,69,G3,sol,440,data/audio/pitchbench_e2_audio_effects/G2_cello_5000ms_fx_reverb_long.wav,G2_cello_5000ms_fx_reverb_long.wav,Listen to this audio clip of a single musical note. What is the MIDI note number (an integer from 0 to 127)? Reply with ONLY the integer. Nothing else. Output only the answer.,"Listen to this audio clip of a single musical note. What is the note name and octave? Reply with ONLY the note name in Scientific Pitch Notation (e.g. C4, F#3, Bb5). Nothing else. Output only the answer.","Listen to this audio clip of a single musical note. What is the solfege syllable and accidental (if needed) of this pitch? Use fixed-do (do=C, re=D, mi=E, fa=F, sol=G, la=A, si=B). Include sharps or flats when needed (e.g. do#, reb, fa#, sib). Do NOT include the octave. Reply with ONLY the syllable and accidental (if needed). Nothing else. Output only the answer.","Listen to this audio clip of a single musical note. What is the main pitch frequency, expressed in Hertz? Reply with ONLY a number (the frequency in Hz). Nothing else. Output only the answer."
reverb_long,reverb_room,"{'type': 'reverb_room', 'room_size': 0.9, 'damping': 0.4, 'wet_level': 0.6, 'dry_level': 0.4}",5043,synth_pad,instrument,43,69,0,0,0,0,G2,A4,0,0,0,sol,sol,1,0,0,69,A4,sol,440,data/audio/pitchbench_e2_audio_effects/G2_synth_pad_5000ms_fx_reverb_long.wav,G2_synth_pad_5000ms_fx_reverb_long.wav,Listen to this audio clip of a single musical note. What is the MIDI note number (an integer from 0 to 127)? Reply with ONLY the integer. Nothing else. Output only the answer.,"Listen to this audio clip of a single musical note. What is the note name and octave? Reply with ONLY the note name in Scientific Pitch Notation (e.g. C4, F#3, Bb5). Nothing else. Output only the answer.","Listen to this audio clip of a single musical note. What is the solfege syllable and accidental (if needed) of this pitch? Use fixed-do (do=C, re=D, mi=E, fa=F, sol=G, la=A, si=B). Include sharps or flats when needed (e.g. do#, reb, fa#, sib). Do NOT include the octave. Reply with ONLY the syllable and accidental (if needed). Nothing else. Output only the answer.","Listen to this audio clip of a single musical note. What is the main pitch frequency, expressed in Hertz? Reply with ONLY a number (the frequency in Hz). Nothing else. Output only the answer."
reverb_long,reverb_room,"{'type': 'reverb_room', 'room_size': 0.9, 'damping': 0.4, 'wet_level': 0.6, 'dry_level': 0.4}",5043,bass,instrument,43,72,0,0,0,0,G2,G2,1,1,1,sol,sol,1,0,1,72,G2,sol,440,data/audio/pitchbench_e2_audio_effects/G2_bass_5000ms_fx_reverb_long.wav,G2_bass_5000ms_fx_reverb_long.wav,Listen to this audio clip of a single musical note. What is the MIDI note number (an integer from 0 to 127)? Reply with ONLY the integer. Nothing else. Output only the answer.,"Listen to this audio clip of a single musical note. What is the note name and octave? Reply with ONLY the note name in Scientific Pitch Notation (e.g. C4, F#3, Bb5). Nothing else. Output only the answer.","Listen to this audio clip of a single musical note. What is the solfege syllable and accidental (if needed) of this pitch? Use fixed-do (do=C, re=D, mi=E, fa=F, sol=G, la=A, si=B). Include sharps or flats when needed (e.g. do#, reb, fa#, sib). Do NOT include the octave. Reply with ONLY the syllable and accidental (if needed). Nothing else. Output only the answer.","Listen to this audio clip of a single musical note. What is the main pitch frequency, expressed in Hertz? Reply with ONLY a number (the frequency in Hz). Nothing else. Output only the answer."
reverb_long,reverb_room,"{'type': 'reverb_room', 'room_size': 0.9, 'damping': 0.4, 'wet_level': 0.6, 'dry_level': 0.4}",5043,piano,instrument,43,69,0,0,0,0,G2,G3,0,1,0,sol,sol,1,0,0,69,G3,sol,440,data/audio/pitchbench_e2_audio_effects/G2_piano_5000ms_fx_reverb_long.wav,G2_piano_5000ms_fx_reverb_long.wav,Listen to this audio clip of a single musical note. What is the MIDI note number (an integer from 0 to 127)? Reply with ONLY the integer. Nothing else. Output only the answer.,"Listen to this audio clip of a single musical note. What is the note name and octave? Reply with ONLY the note name in Scientific Pitch Notation (e.g. C4, F#3, Bb5). Nothing else. Output only the answer.","Listen to this audio clip of a single musical note. What is the solfege syllable and accidental (if needed) of this pitch? Use fixed-do (do=C, re=D, mi=E, fa=F, sol=G, la=A, si=B). Include sharps or flats when needed (e.g. do#, reb, fa#, sib). Do NOT include the octave. Reply with ONLY the syllable and accidental (if needed). Nothing else. Output only the answer.","Listen to this audio clip of a single musical note. What is the main pitch frequency, expressed in Hertz? Reply with ONLY a number (the frequency in Hz). Nothing else. Output only the answer."
reverb_long,reverb_room,"{'type': 'reverb_room', 'room_size': 0.9, 'damping': 0.4, 'wet_level': 0.6, 'dry_level': 0.4}",5043,triangle,waveform,43,52,0,0,0,0,G2,E4,0,0,0,sol,sol,1,0,0,52,E4,sol,440,data/audio/pitchbench_e2_audio_effects/G2_triangle_5000ms_fx_reverb_long.wav,G2_triangle_5000ms_fx_reverb_long.wav,Listen to this audio clip of a single musical note. What is the MIDI note number (an integer from 0 to 127)? Reply with ONLY the integer. Nothing else. Output only the answer.,"Listen to this audio clip of a single musical note. What is the note name and octave? Reply with ONLY the note name in Scientific Pitch Notation (e.g. C4, F#3, Bb5). Nothing else. Output only the answer.","Listen to this audio clip of a single musical note. What is the solfege syllable and accidental (if needed) of this pitch? Use fixed-do (do=C, re=D, mi=E, fa=F, sol=G, la=A, si=B). Include sharps or flats when needed (e.g. do#, reb, fa#, sib). Do NOT include the octave. Reply with ONLY the syllable and accidental (if needed). Nothing else. Output only the answer.","Listen to this audio clip of a single musical note. What is the main pitch frequency, expressed in Hertz? Reply with ONLY a number (the frequency in Hz). Nothing else. Output only the answer."
reverb_long,reverb_room,"{'type': 'reverb_room', 'room_size': 0.9, 'damping': 0.4, 'wet_level': 0.6, 'dry_level': 0.4}",5048,trombone,instrument,48,69,0,0,0,0,C3,A#2,0,0,0,do,sol,0,0,0,69,A#2,sol,440,data/audio/pitchbench_e2_audio_effects/C3_trombone_5000ms_fx_reverb_long.wav,C3_trombone_5000ms_fx_reverb_long.wav,Listen to this audio clip of a single musical note. What is the MIDI note number (an integer from 0 to 127)? Reply with ONLY the integer. Nothing else. Output only the answer.,"Listen to this audio clip of a single musical note. What is the note name and octave? Reply with ONLY the note name in Scientific Pitch Notation (e.g. C4, F#3, Bb5). Nothing else. Output only the answer.","Listen to this audio clip of a single musical note. What is the solfege syllable and accidental (if needed) of this pitch? Use fixed-do (do=C, re=D, mi=E, fa=F, sol=G, la=A, si=B). Include sharps or flats when needed (e.g. do#, reb, fa#, sib). Do NOT include the octave. Reply with ONLY the syllable and accidental (if needed). Nothing else. Output only the answer.","Listen to this audio clip of a single musical note. What is the main pitch frequency, expressed in Hertz? Reply with ONLY a number (the frequency in Hz). Nothing else. Output only the answer."
reverb_long,reverb_room,"{'type': 'reverb_room', 'room_size': 0.9, 'damping': 0.4, 'wet_level': 0.6, 'dry_level': 0.4}",5048,guitar,instrument,48,69,0,0,0,0,C3,G3,0,0,1,do,mi,0,0,0,69,G3,mi,196,data/audio/pitchbench_e2_audio_effects/C3_guitar_5000ms_fx_reverb_long.wav,C3_guitar_5000ms_fx_reverb_long.wav,Listen to this audio clip of a single musical note. What is the MIDI note number (an integer from 0 to 127)? Reply with ONLY the integer. Nothing else. Output only the answer.,"Listen to this audio clip of a single musical note. What is the note name and octave? Reply with ONLY the note name in Scientific Pitch Notation (e.g. C4, F#3, Bb5). Nothing else. Output only the answer.","Listen to this audio clip of a single musical note. What is the solfege syllable and accidental (if needed) of this pitch? Use fixed-do (do=C, re=D, mi=E, fa=F, sol=G, la=A, si=B). Include sharps or flats when needed (e.g. do#, reb, fa#, sib). Do NOT include the octave. Reply with ONLY the syllable and accidental (if needed). Nothing else. Output only the answer.","Listen to this audio clip of a single musical note. What is the main pitch frequency, expressed in Hertz? Reply with ONLY a number (the frequency in Hz). Nothing else. Output only the answer."
reverb_long,reverb_room,"{'type': 'reverb_room', 'room_size': 0.9, 'damping': 0.4, 'wet_level': 0.6, 'dry_level': 0.4}",5048,sawtooth,waveform,48,67,0,0,0,0,C3,A4,0,0,0,do,sol,0,0,0,67,A4,sol,440,data/audio/pitchbench_e2_audio_effects/C3_sawtooth_5000ms_fx_reverb_long.wav,C3_sawtooth_5000ms_fx_reverb_long.wav,Listen to this audio clip of a single musical note. What is the MIDI note number (an integer from 0 to 127)? Reply with ONLY the integer. Nothing else. Output only the answer.,"Listen to this audio clip of a single musical note. What is the note name and octave? Reply with ONLY the note name in Scientific Pitch Notation (e.g. C4, F#3, Bb5). Nothing else. Output only the answer.","Listen to this audio clip of a single musical note. What is the solfege syllable and accidental (if needed) of this pitch? Use fixed-do (do=C, re=D, mi=E, fa=F, sol=G, la=A, si=B). Include sharps or flats when needed (e.g. do#, reb, fa#, sib). Do NOT include the octave. Reply with ONLY the syllable and accidental (if needed). Nothing else. Output only the answer.","Listen to this audio clip of a single musical note. What is the main pitch frequency, expressed in Hertz? Reply with ONLY a number (the frequency in Hz). Nothing else. Output only the answer."
reverb_long,reverb_room,"{'type': 'reverb_room', 'room_size': 0.9, 'damping': 0.4, 'wet_level': 0.6, 'dry_level': 0.4}",5048,synth_lead,instrument,48,69,0,0,0,0,C3,A4,0,0,0,do,sol,0,0,0,69,A4,sol,440,data/audio/pitchbench_e2_audio_effects/C3_synth_lead_5000ms_fx_reverb_long.wav,C3_synth_lead_5000ms_fx_reverb_long.wav,Listen to this audio clip of a single musical note. What is the MIDI note number (an integer from 0 to 127)? Reply with ONLY the integer. Nothing else. Output only the answer.,"Listen to this audio clip of a single musical note. What is the note name and octave? Reply with ONLY the note name in Scientific Pitch Notation (e.g. C4, F#3, Bb5). Nothing else. Output only the answer.","Listen to this audio clip of a single musical note. What is the solfege syllable and accidental (if needed) of this pitch? Use fixed-do (do=C, re=D, mi=E, fa=F, sol=G, la=A, si=B). Include sharps or flats when needed (e.g. do#, reb, fa#, sib). Do NOT include the octave. Reply with ONLY the syllable and accidental (if needed). Nothing else. Output only the answer.","Listen to this audio clip of a single musical note. What is the main pitch frequency, expressed in Hertz? Reply with ONLY a number (the frequency in Hz). Nothing else. Output only the answer."
reverb_long,reverb_room,"{'type': 'reverb_room', 'room_size': 0.9, 'damping': 0.4, 'wet_level': 0.6, 'dry_level': 0.4}",5048,oboe,instrument,48,69,0,0,0,0,C3,A3,0,0,1,do,sol,0,0,0,69,A3,sol,440,data/audio/pitchbench_e2_audio_effects/C3_oboe_5000ms_fx_reverb_long.wav,C3_oboe_5000ms_fx_reverb_long.wav,Listen to this audio clip of a single musical note. What is the MIDI note number (an integer from 0 to 127)? Reply with ONLY the integer. Nothing else. Output only the answer.,"Listen to this audio clip of a single musical note. What is the note name and octave? Reply with ONLY the note name in Scientific Pitch Notation (e.g. C4, F#3, Bb5). Nothing else. Output only the answer.","Listen to this audio clip of a single musical note. What is the solfege syllable and accidental (if needed) of this pitch? Use fixed-do (do=C, re=D, mi=E, fa=F, sol=G, la=A, si=B). Include sharps or flats when needed (e.g. do#, reb, fa#, sib). Do NOT include the octave. Reply with ONLY the syllable and accidental (if needed). Nothing else. Output only the answer.","Listen to this audio clip of a single musical note. What is the main pitch frequency, expressed in Hertz? Reply with ONLY a number (the frequency in Hz). Nothing else. Output only the answer."
reverb_long,reverb_room,"{'type': 'reverb_room', 'room_size': 0.9, 'damping': 0.4, 'wet_level': 0.6, 'dry_level': 0.4}",5054,clarinet,instrument,54,69,0,0,0,0,F#3,A3,0,0,1,fa#,sol,0,0,0,69,A3,sol,440,data/audio/pitchbench_e2_audio_effects/Fs3_clarinet_5000ms_fx_reverb_long.wav,Fs3_clarinet_5000ms_fx_reverb_long.wav,Listen to this audio clip of a single musical note. What is the MIDI note number (an integer from 0 to 127)? Reply with ONLY the integer. Nothing else. Output only the answer.,"Listen to this audio clip of a single musical note. What is the note name and octave? Reply with ONLY the note name in Scientific Pitch Notation (e.g. C4, F#3, Bb5). Nothing else. Output only the answer.","Listen to this audio clip of a single musical note. What is the solfege syllable and accidental (if needed) of this pitch? Use fixed-do (do=C, re=D, mi=E, fa=F, sol=G, la=A, si=B). Include sharps or flats when needed (e.g. do#, reb, fa#, sib). Do NOT include the octave. Reply with ONLY the syllable and accidental (if needed). Nothing else. Output only the answer.","Listen to this audio clip of a single musical note. What is the main pitch frequency, expressed in Hertz? Reply with ONLY a number (the frequency in Hz). Nothing else. Output only the answer."
reverb_long,reverb_room,"{'type': 'reverb_room', 'room_size': 0.9, 'damping': 0.4, 'wet_level': 0.6, 'dry_level': 0.4}",5054,sawtooth,waveform,54,69,0,0,0,0,F#3,G4,0,0,0,fa#,mi,0,0,0,69,G4,mi,440,data/audio/pitchbench_e2_audio_effects/Fs3_sawtooth_5000ms_fx_reverb_long.wav,Fs3_sawtooth_5000ms_fx_reverb_long.wav,Listen to this audio clip of a single musical note. What is the MIDI note number (an integer from 0 to 127)? Reply with ONLY the integer. Nothing else. Output only the answer.,"Listen to this audio clip of a single musical note. What is the note name and octave? Reply with ONLY the note name in Scientific Pitch Notation (e.g. C4, F#3, Bb5). Nothing else. Output only the answer.","Listen to this audio clip of a single musical note. What is the solfege syllable and accidental (if needed) of this pitch? Use fixed-do (do=C, re=D, mi=E, fa=F, sol=G, la=A, si=B). Include sharps or flats when needed (e.g. do#, reb, fa#, sib). Do NOT include the octave. Reply with ONLY the syllable and accidental (if needed). Nothing else. Output only the answer.","Listen to this audio clip of a single musical note. What is the main pitch frequency, expressed in Hertz? Reply with ONLY a number (the frequency in Hz). Nothing else. Output only the answer."
reverb_long,reverb_room,"{'type': 'reverb_room', 'room_size': 0.9, 'damping': 0.4, 'wet_level': 0.6, 'dry_level': 0.4}",5054,synth_pad,instrument,54,69,0,0,0,0,F#3,G3,0,0,1,fa#,sol,0,0,0,69,G3,sol,440,data/audio/pitchbench_e2_audio_effects/Fs3_synth_pad_5000ms_fx_reverb_long.wav,Fs3_synth_pad_5000ms_fx_reverb_long.wav,Listen to this audio clip of a single musical note. What is the MIDI note number (an integer from 0 to 127)? Reply with ONLY the integer. Nothing else. Output only the answer.,"Listen to this audio clip of a single musical note. What is the note name and octave? Reply with ONLY the note name in Scientific Pitch Notation (e.g. C4, F#3, Bb5). Nothing else. Output only the answer.","Listen to this audio clip of a single musical note. What is the solfege syllable and accidental (if needed) of this pitch? Use fixed-do (do=C, re=D, mi=E, fa=F, sol=G, la=A, si=B). Include sharps or flats when needed (e.g. do#, reb, fa#, sib). Do NOT include the octave. Reply with ONLY the syllable and accidental (if needed). Nothing else. Output only the answer.","Listen to this audio clip of a single musical note. What is the main pitch frequency, expressed in Hertz? Reply with ONLY a number (the frequency in Hz). Nothing else. Output only the answer."
reverb_long,reverb_room,"{'type': 'reverb_room', 'room_size': 0.9, 'damping': 0.4, 'wet_level': 0.6, 'dry_level': 0.4}",5054,bass,instrument,54,69,0,0,0,0,F#3,G3,0,0,1,fa#,sol,0,0,0,69,G3,sol,440,data/audio/pitchbench_e2_audio_effects/Fs3_bass_5000ms_fx_reverb_long.wav,Fs3_bass_5000ms_fx_reverb_long.wav,Listen to this audio clip of a single musical note. What is the MIDI note number (an integer from 0 to 127)? Reply with ONLY the integer. Nothing else. Output only the answer.,"Listen to this audio clip of a single musical note. What is the note name and octave? Reply with ONLY the note name in Scientific Pitch Notation (e.g. C4, F#3, Bb5). Nothing else. Output only the answer.","Listen to this audio clip of a single musical note. What is the solfege syllable and accidental (if needed) of this pitch? Use fixed-do (do=C, re=D, mi=E, fa=F, sol=G, la=A, si=B). Include sharps or flats when needed (e.g. do#, reb, fa#, sib). Do NOT include the octave. Reply with ONLY the syllable and accidental (if needed). Nothing else. Output only the answer.","Listen to this audio clip of a single musical note. What is the main pitch frequency, expressed in Hertz? Reply with ONLY a number (the frequency in Hz). Nothing else. Output only the answer."
reverb_long,reverb_room,"{'type': 'reverb_room', 'room_size': 0.9, 'damping': 0.4, 'wet_level': 0.6, 'dry_level': 0.4}",5054,trumpet,instrument,54,69,0,0,0,0,F#3,A#3,0,0,1,fa#,sol,0,0,0,69,A#3,sol,440,data/audio/pitchbench_e2_audio_effects/Fs3_trumpet_5000ms_fx_reverb_long.wav,Fs3_trumpet_5000ms_fx_reverb_long.wav,Listen to this audio clip of a single musical note. What is the MIDI note number (an integer from 0 to 127)? Reply with ONLY the integer. Nothing else. Output only the answer.,"Listen to this audio clip of a single musical note. What is the note name and octave? Reply with ONLY the note name in Scientific Pitch Notation (e.g. C4, F#3, Bb5). Nothing else. Output only the answer.","Listen to this audio clip of a single musical note. What is the solfege syllable and accidental (if needed) of this pitch? Use fixed-do (do=C, re=D, mi=E, fa=F, sol=G, la=A, si=B). Include sharps or flats when needed (e.g. do#, reb, fa#, sib). Do NOT include the octave. Reply with ONLY the syllable and accidental (if needed). Nothing else. Output only the answer.","Listen to this audio clip of a single musical note. What is the main pitch frequency, expressed in Hertz? Reply with ONLY a number (the frequency in Hz). Nothing else. Output only the answer."
reverb_long,reverb_room,"{'type': 'reverb_room', 'room_size': 0.9, 'damping': 0.4, 'wet_level': 0.6, 'dry_level': 0.4}",5060,synth_lead,instrument,60,72,0,0,1,0,C4,G4,0,0,1,do,sol,0,0,0,72,G4,sol,440,data/audio/pitchbench_e2_audio_effects/C4_synth_lead_5000ms_fx_reverb_long.wav,C4_synth_lead_5000ms_fx_reverb_long.wav,Listen to this audio clip of a single musical note. What is the MIDI note number (an integer from 0 to 127)? Reply with ONLY the integer. Nothing else. Output only the answer.,"Listen to this audio clip of a single musical note. What is the note name and octave? Reply with ONLY the note name in Scientific Pitch Notation (e.g. C4, F#3, Bb5). Nothing else. Output only the answer.","Listen to this audio clip of a single musical note. What is the solfege syllable and accidental (if needed) of this pitch? Use fixed-do (do=C, re=D, mi=E, fa=F, sol=G, la=A, si=B). Include sharps or flats when needed (e.g. do#, reb, fa#, sib). Do NOT include the octave. Reply with ONLY the syllable and accidental (if needed). Nothing else. Output only the answer.","Listen to this audio clip of a single musical note. What is the main pitch frequency, expressed in Hertz? Reply with ONLY a number (the frequency in Hz). Nothing else. Output only the answer."
reverb_long,reverb_room,"{'type': 'reverb_room', 'room_size': 0.9, 'damping': 0.4, 'wet_level': 0.6, 'dry_level': 0.4}",5060,electric_keyboard,instrument,60,69,0,0,0,1,C4,A3,0,0,0,do,sol,0,0,0,69,A3,sol,440,data/audio/pitchbench_e2_audio_effects/C4_electric_keyboard_5000ms_fx_reverb_long.wav,C4_electric_keyboard_5000ms_fx_reverb_long.wav,Listen to this audio clip of a single musical note. What is the MIDI note number (an integer from 0 to 127)? Reply with ONLY the integer. Nothing else. Output only the answer.,"Listen to this audio clip of a single musical note. What is the note name and octave? Reply with ONLY the note name in Scientific Pitch Notation (e.g. C4, F#3, Bb5). Nothing else. Output only the answer.","Listen to this audio clip of a single musical note. What is the solfege syllable and accidental (if needed) of this pitch? Use fixed-do (do=C, re=D, mi=E, fa=F, sol=G, la=A, si=B). Include sharps or flats when needed (e.g. do#, reb, fa#, sib). Do NOT include the octave. Reply with ONLY the syllable and accidental (if needed). Nothing else. Output only the answer.","Listen to this audio clip of a single musical note. What is the main pitch frequency, expressed in Hertz? Reply with ONLY a number (the frequency in Hz). Nothing else. Output only the answer."
reverb_long,reverb_room,"{'type': 'reverb_room', 'room_size': 0.9, 'damping': 0.4, 'wet_level': 0.6, 'dry_level': 0.4}",5060,sawtooth,waveform,60,69,0,0,0,1,C4,A4,0,0,1,do,sol,0,0,0,69,A4,sol,440,data/audio/pitchbench_e2_audio_effects/C4_sawtooth_5000ms_fx_reverb_long.wav,C4_sawtooth_5000ms_fx_reverb_long.wav,Listen to this audio clip of a single musical note. What is the MIDI note number (an integer from 0 to 127)? Reply with ONLY the integer. Nothing else. Output only the answer.,"Listen to this audio clip of a single musical note. What is the note name and octave? Reply with ONLY the note name in Scientific Pitch Notation (e.g. C4, F#3, Bb5). Nothing else. Output only the answer.","Listen to this audio clip of a single musical note. What is the solfege syllable and accidental (if needed) of this pitch? Use fixed-do (do=C, re=D, mi=E, fa=F, sol=G, la=A, si=B). Include sharps or flats when needed (e.g. do#, reb, fa#, sib). Do NOT include the octave. Reply with ONLY the syllable and accidental (if needed). Nothing else. Output only the answer.","Listen to this audio clip of a single musical note. What is the main pitch frequency, expressed in Hertz? Reply with ONLY a number (the frequency in Hz). Nothing else. Output only the answer."
reverb_long,reverb_room,"{'type': 'reverb_room', 'room_size': 0.9, 'damping': 0.4, 'wet_level': 0.6, 'dry_level': 0.4}",5060,square,waveform,60,69,0,0,0,1,C4,E4,0,0,1,do,sol,0,0,0,69,E4,sol,440,data/audio/pitchbench_e2_audio_effects/C4_square_5000ms_fx_reverb_long.wav,C4_square_5000ms_fx_reverb_long.wav,Listen to this audio clip of a single musical note. What is the MIDI note number (an integer from 0 to 127)? Reply with ONLY the integer. Nothing else. Output only the answer.,"Listen to this audio clip of a single musical note. What is the note name and octave? Reply with ONLY the note name in Scientific Pitch Notation (e.g. C4, F#3, Bb5). Nothing else. Output only the answer.","Listen to this audio clip of a single musical note. What is the solfege syllable and accidental (if needed) of this pitch? Use fixed-do (do=C, re=D, mi=E, fa=F, sol=G, la=A, si=B). Include sharps or flats when needed (e.g. do#, reb, fa#, sib). Do NOT include the octave. Reply with ONLY the syllable and accidental (if needed). Nothing else. Output only the answer.","Listen to this audio clip of a single musical note. What is the main pitch frequency, expressed in Hertz? Reply with ONLY a number (the frequency in Hz). Nothing else. Output only the answer."
reverb_long,reverb_room,"{'type': 'reverb_room', 'room_size': 0.9, 'damping': 0.4, 'wet_level': 0.6, 'dry_level': 0.4}",5060,cello,instrument,60,69,0,0,0,1,C4,G4,0,0,1,do,sol,0,0,0,69,G4,sol,440,data/audio/pitchbench_e2_audio_effects/C4_cello_5000ms_fx_reverb_long.wav,C4_cello_5000ms_fx_reverb_long.wav,Listen to this audio clip of a single musical note. What is the MIDI note number (an integer from 0 to 127)? Reply with ONLY the integer. Nothing else. Output only the answer.,"Listen to this audio clip of a single musical note. What is the note name and octave? Reply with ONLY the note name in Scientific Pitch Notation (e.g. C4, F#3, Bb5). Nothing else. Output only the answer.","Listen to this audio clip of a single musical note. What is the solfege syllable and accidental (if needed) of this pitch? Use fixed-do (do=C, re=D, mi=E, fa=F, sol=G, la=A, si=B). Include sharps or flats when needed (e.g. do#, reb, fa#, sib). Do NOT include the octave. Reply with ONLY the syllable and accidental (if needed). Nothing else. Output only the answer.","Listen to this audio clip of a single musical note. What is the main pitch frequency, expressed in Hertz? Reply with ONLY a number (the frequency in Hz). Nothing else. Output only the answer."
reverb_long,reverb_room,"{'type': 'reverb_room', 'room_size': 0.9, 'damping': 0.4, 'wet_level': 0.6, 'dry_level': 0.4}",5064,electric_keyboard,instrument,64,69,0,0,0,1,E4,F4,0,0,1,mi,mi,1,0,0,69,F4,mi,440,data/audio/pitchbench_e2_audio_effects/E4_electric_keyboard_5000ms_fx_reverb_long.wav,E4_electric_keyboard_5000ms_fx_reverb_long.wav,Listen to this audio clip of a single musical note. What is the MIDI note number (an integer from 0 to 127)? Reply with ONLY the integer. Nothing else. Output only the answer.,"Listen to this audio clip of a single musical note. What is the note name and octave? Reply with ONLY the note name in Scientific Pitch Notation (e.g. C4, F#3, Bb5). Nothing else. Output only the answer.","Listen to this audio clip of a single musical note. What is the solfege syllable and accidental (if needed) of this pitch? Use fixed-do (do=C, re=D, mi=E, fa=F, sol=G, la=A, si=B). Include sharps or flats when needed (e.g. do#, reb, fa#, sib). Do NOT include the octave. Reply with ONLY the syllable and accidental (if needed). Nothing else. Output only the answer.","Listen to this audio clip of a single musical note. What is the main pitch frequency, expressed in Hertz? Reply with ONLY a number (the frequency in Hz). Nothing else. Output only the answer."
reverb_long,reverb_room,"{'type': 'reverb_room', 'room_size': 0.9, 'damping': 0.4, 'wet_level': 0.6, 'dry_level': 0.4}",5064,square,waveform,64,69,0,0,0,1,E4,A4,0,0,1,mi,sol,0,0,0,69,A4,sol,440,data/audio/pitchbench_e2_audio_effects/E4_square_5000ms_fx_reverb_long.wav,E4_square_5000ms_fx_reverb_long.wav,Listen to this audio clip of a single musical note. What is the MIDI note number (an integer from 0 to 127)? Reply with ONLY the integer. Nothing else. Output only the answer.,"Listen to this audio clip of a single musical note. What is the note name and octave? Reply with ONLY the note name in Scientific Pitch Notation (e.g. C4, F#3, Bb5). Nothing else. Output only the answer.","Listen to this audio clip of a single musical note. What is the solfege syllable and accidental (if needed) of this pitch? Use fixed-do (do=C, re=D, mi=E, fa=F, sol=G, la=A, si=B). Include sharps or flats when needed (e.g. do#, reb, fa#, sib). Do NOT include the octave. Reply with ONLY the syllable and accidental (if needed). Nothing else. Output only the answer.","Listen to this audio clip of a single musical note. What is the main pitch frequency, expressed in Hertz? Reply with ONLY a number (the frequency in Hz). Nothing else. Output only the answer."
reverb_long,reverb_room,"{'type': 'reverb_room', 'room_size': 0.9, 'damping': 0.4, 'wet_level': 0.6, 'dry_level': 0.4}",5064,synth_pad,instrument,64,69,0,0,0,1,E4,G4,0,0,1,mi,sol,0,0,0,69,G4,sol,440,data/audio/pitchbench_e2_audio_effects/E4_synth_pad_5000ms_fx_reverb_long.wav,E4_synth_pad_5000ms_fx_reverb_long.wav,Listen to this audio clip of a single musical note. What is the MIDI note number (an integer from 0 to 127)? Reply with ONLY the integer. Nothing else. Output only the answer.,"Listen to this audio clip of a single musical note. What is the note name and octave? Reply with ONLY the note name in Scientific Pitch Notation (e.g. C4, F#3, Bb5). Nothing else. Output only the answer.","Listen to this audio clip of a single musical note. What is the solfege syllable and accidental (if needed) of this pitch? Use fixed-do (do=C, re=D, mi=E, fa=F, sol=G, la=A, si=B). Include sharps or flats when needed (e.g. do#, reb, fa#, sib). Do NOT include the octave. Reply with ONLY the syllable and accidental (if needed). Nothing else. Output only the answer.","Listen to this audio clip of a single musical note. What is the main pitch frequency, expressed in Hertz? Reply with ONLY a number (the frequency in Hz). Nothing else. Output only the answer."
reverb_long,reverb_room,"{'type': 'reverb_room', 'room_size': 0.9, 'damping': 0.4, 'wet_level': 0.6, 'dry_level': 0.4}",5064,flute,instrument,64,69,0,0,0,1,E4,A4,0,0,1,mi,mi,1,0,0,69,A4,mi,440,data/audio/pitchbench_e2_audio_effects/E4_flute_5000ms_fx_reverb_long.wav,E4_flute_5000ms_fx_reverb_long.wav,Listen to this audio clip of a single musical note. What is the MIDI note number (an integer from 0 to 127)? Reply with ONLY the integer. Nothing else. Output only the answer.,"Listen to this audio clip of a single musical note. What is the note name and octave? Reply with ONLY the note name in Scientific Pitch Notation (e.g. C4, F#3, Bb5). Nothing else. Output only the answer.","Listen to this audio clip of a single musical note. What is the solfege syllable and accidental (if needed) of this pitch? Use fixed-do (do=C, re=D, mi=E, fa=F, sol=G, la=A, si=B). Include sharps or flats when needed (e.g. do#, reb, fa#, sib). Do NOT include the octave. Reply with ONLY the syllable and accidental (if needed). Nothing else. Output only the answer.","Listen to this audio clip of a single musical note. What is the main pitch frequency, expressed in Hertz? Reply with ONLY a number (the frequency in Hz). Nothing else. Output only the answer."
reverb_long,reverb_room,"{'type': 'reverb_room', 'room_size': 0.9, 'damping': 0.4, 'wet_level': 0.6, 'dry_level': 0.4}",5064,guitar,instrument,64,69,0,0,0,1,E4,G4,0,0,1,mi,sol,0,0,0,69,G4,sol,440,data/audio/pitchbench_e2_audio_effects/E4_guitar_5000ms_fx_reverb_long.wav,E4_guitar_5000ms_fx_reverb_long.wav,Listen to this audio clip of a single musical note. What is the MIDI note number (an integer from 0 to 127)? Reply with ONLY the integer. Nothing else. Output only the answer.,"Listen to this audio clip of a single musical note. What is the note name and octave? Reply with ONLY the note name in Scientific Pitch Notation (e.g. C4, F#3, Bb5). Nothing else. Output only the answer.","Listen to this audio clip of a single musical note. What is the solfege syllable and accidental (if needed) of this pitch? Use fixed-do (do=C, re=D, mi=E, fa=F, sol=G, la=A, si=B). Include sharps or flats when needed (e.g. do#, reb, fa#, sib). Do NOT include the octave. Reply with ONLY the syllable and accidental (if needed). Nothing else. Output only the answer.","Listen to this audio clip of a single musical note. What is the main pitch frequency, expressed in Hertz? Reply with ONLY a number (the frequency in Hz). Nothing else. Output only the answer."
reverb_long,reverb_room,"{'type': 'reverb_room', 'room_size': 0.9, 'damping': 0.4, 'wet_level': 0.6, 'dry_level': 0.4}",5069,triangle,waveform,69,69,1,1,1,1,A4,A4,1,1,1,la,sol#,0,1,1,69,A4,Sol#,440,data/audio/pitchbench_e2_audio_effects/A4_triangle_5000ms_fx_reverb_long.wav,A4_triangle_5000ms_fx_reverb_long.wav,Listen to this audio clip of a single musical note. What is the MIDI note number (an integer from 0 to 127)? Reply with ONLY the integer. Nothing else. Output only the answer.,"Listen to this audio clip of a single musical note. What is the note name and octave? Reply with ONLY the note name in Scientific Pitch Notation (e.g. C4, F#3, Bb5). Nothing else. Output only the answer.","Listen to this audio clip of a single musical note. What is the solfege syllable and accidental (if needed) of this pitch? Use fixed-do (do=C, re=D, mi=E, fa=F, sol=G, la=A, si=B). Include sharps or flats when needed (e.g. do#, reb, fa#, sib). Do NOT include the octave. Reply with ONLY the syllable and accidental (if needed). Nothing else. Output only the answer.","Listen to this audio clip of a single musical note. What is the main pitch frequency, expressed in Hertz? Reply with ONLY a number (the frequency in Hz). Nothing else. Output only the answer."
reverb_long,reverb_room,"{'type': 'reverb_room', 'room_size': 0.9, 'damping': 0.4, 'wet_level': 0.6, 'dry_level': 0.4}",5069,flute,instrument,69,72,0,0,0,0,A4,E4,0,0,1,la,sol,0,1,1,72,E4,sol,440,data/audio/pitchbench_e2_audio_effects/A4_flute_5000ms_fx_reverb_long.wav,A4_flute_5000ms_fx_reverb_long.wav,Listen to this audio clip of a single musical note. What is the MIDI note number (an integer from 0 to 127)? Reply with ONLY the integer. Nothing else. Output only the answer.,"Listen to this audio clip of a single musical note. What is the note name and octave? Reply with ONLY the note name in Scientific Pitch Notation (e.g. C4, F#3, Bb5). Nothing else. Output only the answer.","Listen to this audio clip of a single musical note. What is the solfege syllable and accidental (if needed) of this pitch? Use fixed-do (do=C, re=D, mi=E, fa=F, sol=G, la=A, si=B). Include sharps or flats when needed (e.g. do#, reb, fa#, sib). Do NOT include the octave. Reply with ONLY the syllable and accidental (if needed). Nothing else. Output only the answer.","Listen to this audio clip of a single musical note. What is the main pitch frequency, expressed in Hertz? Reply with ONLY a number (the frequency in Hz). Nothing else. Output only the answer."
reverb_long,reverb_room,"{'type': 'reverb_room', 'room_size': 0.9, 'damping': 0.4, 'wet_level': 0.6, 'dry_level': 0.4}",5069,sawtooth,waveform,69,69,1,1,1,1,A4,G4,0,0,1,la,sol,0,1,1,69,G4,sol,440,data/audio/pitchbench_e2_audio_effects/A4_sawtooth_5000ms_fx_reverb_long.wav,A4_sawtooth_5000ms_fx_reverb_long.wav,Listen to this audio clip of a single musical note. What is the MIDI note number (an integer from 0 to 127)? Reply with ONLY the integer. Nothing else. Output only the answer.,"Listen to this audio clip of a single musical note. What is the note name and octave? Reply with ONLY the note name in Scientific Pitch Notation (e.g. C4, F#3, Bb5). Nothing else. Output only the answer.","Listen to this audio clip of a single musical note. What is the solfege syllable and accidental (if needed) of this pitch? Use fixed-do (do=C, re=D, mi=E, fa=F, sol=G, la=A, si=B). Include sharps or flats when needed (e.g. do#, reb, fa#, sib). Do NOT include the octave. Reply with ONLY the syllable and accidental (if needed). Nothing else. Output only the answer.","Listen to this audio clip of a single musical note. What is the main pitch frequency, expressed in Hertz? Reply with ONLY a number (the frequency in Hz). Nothing else. Output only the answer."
reverb_long,reverb_room,"{'type': 'reverb_room', 'room_size': 0.9, 'damping': 0.4, 'wet_level': 0.6, 'dry_level': 0.4}",5069,square,waveform,69,69,1,1,1,1,A4,A4,1,1,1,la,sol,0,1,1,69,A4,sol,440,data/audio/pitchbench_e2_audio_effects/A4_square_5000ms_fx_reverb_long.wav,A4_square_5000ms_fx_reverb_long.wav,Listen to this audio clip of a single musical note. What is the MIDI note number (an integer from 0 to 127)? Reply with ONLY the integer. Nothing else. Output only the answer.,"Listen to this audio clip of a single musical note. What is the note name and octave? Reply with ONLY the note name in Scientific Pitch Notation (e.g. C4, F#3, Bb5). Nothing else. Output only the answer.","Listen to this audio clip of a single musical note. What is the solfege syllable and accidental (if needed) of this pitch? Use fixed-do (do=C, re=D, mi=E, fa=F, sol=G, la=A, si=B). Include sharps or flats when needed (e.g. do#, reb, fa#, sib). Do NOT include the octave. Reply with ONLY the syllable and accidental (if needed). Nothing else. Output only the answer.","Listen to this audio clip of a single musical note. What is the main pitch frequency, expressed in Hertz? Reply with ONLY a number (the frequency in Hz). Nothing else. Output only the answer."
reverb_long,reverb_room,"{'type': 'reverb_room', 'room_size': 0.9, 'damping': 0.4, 'wet_level': 0.6, 'dry_level': 0.4}",5069,guitar,instrument,69,69,1,1,1,1,A4,G4,0,0,1,la,sol,0,1,1,69,G4,sol,440,data/audio/pitchbench_e2_audio_effects/A4_guitar_5000ms_fx_reverb_long.wav,A4_guitar_5000ms_fx_reverb_long.wav,Listen to this audio clip of a single musical note. What is the MIDI note number (an integer from 0 to 127)? Reply with ONLY the integer. Nothing else. Output only the answer.,"Listen to this audio clip of a single musical note. What is the note name and octave? Reply with ONLY the note name in Scientific Pitch Notation (e.g. C4, F#3, Bb5). Nothing else. Output only the answer.","Listen to this audio clip of a single musical note. What is the solfege syllable and accidental (if needed) of this pitch? Use fixed-do (do=C, re=D, mi=E, fa=F, sol=G, la=A, si=B). Include sharps or flats when needed (e.g. do#, reb, fa#, sib). Do NOT include the octave. Reply with ONLY the syllable and accidental (if needed). Nothing else. Output only the answer.","Listen to this audio clip of a single musical note. What is the main pitch frequency, expressed in Hertz? Reply with ONLY a number (the frequency in Hz). Nothing else. Output only the answer."
reverb_long,reverb_room,"{'type': 'reverb_room', 'room_size': 0.9, 'damping': 0.4, 'wet_level': 0.6, 'dry_level': 0.4}",5079,voice,instrument,79,72,0,0,0,1,G5,A5,0,0,1,sol,sol,1,0,0,72,A5,sol,440,data/audio/pitchbench_e2_audio_effects/G5_voice_5000ms_fx_reverb_long.wav,G5_voice_5000ms_fx_reverb_long.wav,Listen to this audio clip of a single musical note. What is the MIDI note number (an integer from 0 to 127)? Reply with ONLY the integer. Nothing else. Output only the answer.,"Listen to this audio clip of a single musical note. What is the note name and octave? Reply with ONLY the note name in Scientific Pitch Notation (e.g. C4, F#3, Bb5). Nothing else. Output only the answer.","Listen to this audio clip of a single musical note. What is the solfege syllable and accidental (if needed) of this pitch? Use fixed-do (do=C, re=D, mi=E, fa=F, sol=G, la=A, si=B). Include sharps or flats when needed (e.g. do#, reb, fa#, sib). Do NOT include the octave. Reply with ONLY the syllable and accidental (if needed). Nothing else. Output only the answer.","Listen to this audio clip of a single musical note. What is the main pitch frequency, expressed in Hertz? Reply with ONLY a number (the frequency in Hz). Nothing else. Output only the answer."
reverb_long,reverb_room,"{'type': 'reverb_room', 'room_size': 0.9, 'damping': 0.4, 'wet_level': 0.6, 'dry_level': 0.4}",5079,synth_lead,instrument,79,69,0,0,0,0,G5,A4,0,0,0,sol,sol,1,0,0,69,A4,sol,440,data/audio/pitchbench_e2_audio_effects/G5_synth_lead_5000ms_fx_reverb_long.wav,G5_synth_lead_5000ms_fx_reverb_long.wav,Listen to this audio clip of a single musical note. What is the MIDI note number (an integer from 0 to 127)? Reply with ONLY the integer. Nothing else. Output only the answer.,"Listen to this audio clip of a single musical note. What is the note name and octave? Reply with ONLY the note name in Scientific Pitch Notation (e.g. C4, F#3, Bb5). Nothing else. Output only the answer.","Listen to this audio clip of a single musical note. What is the solfege syllable and accidental (if needed) of this pitch? Use fixed-do (do=C, re=D, mi=E, fa=F, sol=G, la=A, si=B). Include sharps or flats when needed (e.g. do#, reb, fa#, sib). Do NOT include the octave. Reply with ONLY the syllable and accidental (if needed). Nothing else. Output only the answer.","Listen to this audio clip of a single musical note. What is the main pitch frequency, expressed in Hertz? Reply with ONLY a number (the frequency in Hz). Nothing else. Output only the answer."
reverb_long,reverb_room,"{'type': 'reverb_room', 'room_size': 0.9, 'damping': 0.4, 'wet_level': 0.6, 'dry_level': 0.4}",5079,clarinet,instrument,79,69,0,0,0,0,G5,A4,0,0,0,sol,sol,1,0,0,69,A4,sol,440,data/audio/pitchbench_e2_audio_effects/G5_clarinet_5000ms_fx_reverb_long.wav,G5_clarinet_5000ms_fx_reverb_long.wav,Listen to this audio clip of a single musical note. What is the MIDI note number (an integer from 0 to 127)? Reply with ONLY the integer. Nothing else. Output only the answer.,"Listen to this audio clip of a single musical note. What is the note name and octave? Reply with ONLY the note name in Scientific Pitch Notation (e.g. C4, F#3, Bb5). Nothing else. Output only the answer.","Listen to this audio clip of a single musical note. What is the solfege syllable and accidental (if needed) of this pitch? Use fixed-do (do=C, re=D, mi=E, fa=F, sol=G, la=A, si=B). Include sharps or flats when needed (e.g. do#, reb, fa#, sib). Do NOT include the octave. Reply with ONLY the syllable and accidental (if needed). Nothing else. Output only the answer.","Listen to this audio clip of a single musical note. What is the main pitch frequency, expressed in Hertz? Reply with ONLY a number (the frequency in Hz). Nothing else. Output only the answer."
reverb_long,reverb_room,"{'type': 'reverb_room', 'room_size': 0.9, 'damping': 0.4, 'wet_level': 0.6, 'dry_level': 0.4}",5079,trumpet,instrument,79,72,0,0,0,1,G5,F4,0,0,0,sol,sol,1,0,0,72,F4,sol,440,data/audio/pitchbench_e2_audio_effects/G5_trumpet_5000ms_fx_reverb_long.wav,G5_trumpet_5000ms_fx_reverb_long.wav,Listen to this audio clip of a single musical note. What is the MIDI note number (an integer from 0 to 127)? Reply with ONLY the integer. Nothing else. Output only the answer.,"Listen to this audio clip of a single musical note. What is the note name and octave? Reply with ONLY the note name in Scientific Pitch Notation (e.g. C4, F#3, Bb5). Nothing else. Output only the answer.","Listen to this audio clip of a single musical note. What is the solfege syllable and accidental (if needed) of this pitch? Use fixed-do (do=C, re=D, mi=E, fa=F, sol=G, la=A, si=B). Include sharps or flats when needed (e.g. do#, reb, fa#, sib). Do NOT include the octave. Reply with ONLY the syllable and accidental (if needed). Nothing else. Output only the answer.","Listen to this audio clip of a single musical note. What is the main pitch frequency, expressed in Hertz? Reply with ONLY a number (the frequency in Hz). Nothing else. Output only the answer."
reverb_long,reverb_room,"{'type': 'reverb_room', 'room_size': 0.9, 'damping': 0.4, 'wet_level': 0.6, 'dry_level': 0.4}",5079,triangle,waveform,79,69,0,0,0,0,G5,G4,0,1,0,sol,sol,1,0,0,69,G4,sol,440,data/audio/pitchbench_e2_audio_effects/G5_triangle_5000ms_fx_reverb_long.wav,G5_triangle_5000ms_fx_reverb_long.wav,Listen to this audio clip of a single musical note. What is the MIDI note number (an integer from 0 to 127)? Reply with ONLY the integer. Nothing else. Output only the answer.,"Listen to this audio clip of a single musical note. What is the note name and octave? Reply with ONLY the note name in Scientific Pitch Notation (e.g. C4, F#3, Bb5). Nothing else. Output only the answer.","Listen to this audio clip of a single musical note. What is the solfege syllable and accidental (if needed) of this pitch? Use fixed-do (do=C, re=D, mi=E, fa=F, sol=G, la=A, si=B). Include sharps or flats when needed (e.g. do#, reb, fa#, sib). Do NOT include the octave. Reply with ONLY the syllable and accidental (if needed). Nothing else. Output only the answer.","Listen to this audio clip of a single musical note. What is the main pitch frequency, expressed in Hertz? Reply with ONLY a number (the frequency in Hz). Nothing else. Output only the answer."
reverb_long,reverb_room,"{'type': 'reverb_room', 'room_size': 0.9, 'damping': 0.4, 'wet_level': 0.6, 'dry_level': 0.4}",5088,clarinet,instrument,88,72,0,0,0,0,E6,A5,0,0,0,mi,mi,1,0,0,72,A5,mi,440,data/audio/pitchbench_e2_audio_effects/E6_clarinet_5000ms_fx_reverb_long.wav,E6_clarinet_5000ms_fx_reverb_long.wav,Listen to this audio clip of a single musical note. What is the MIDI note number (an integer from 0 to 127)? Reply with ONLY the integer. Nothing else. Output only the answer.,"Listen to this audio clip of a single musical note. What is the note name and octave? Reply with ONLY the note name in Scientific Pitch Notation (e.g. C4, F#3, Bb5). Nothing else. Output only the answer.","Listen to this audio clip of a single musical note. What is the solfege syllable and accidental (if needed) of this pitch? Use fixed-do (do=C, re=D, mi=E, fa=F, sol=G, la=A, si=B). Include sharps or flats when needed (e.g. do#, reb, fa#, sib). Do NOT include the octave. Reply with ONLY the syllable and accidental (if needed). Nothing else. Output only the answer.","Listen to this audio clip of a single musical note. What is the main pitch frequency, expressed in Hertz? Reply with ONLY a number (the frequency in Hz). Nothing else. Output only the answer."
reverb_long,reverb_room,"{'type': 'reverb_room', 'room_size': 0.9, 'damping': 0.4, 'wet_level': 0.6, 'dry_level': 0.4}",5088,flute,instrument,88,69,0,0,0,0,E6,A#5,0,0,0,mi,sol,0,0,0,69,A#5,sol,440,data/audio/pitchbench_e2_audio_effects/E6_flute_5000ms_fx_reverb_long.wav,E6_flute_5000ms_fx_reverb_long.wav,Listen to this audio clip of a single musical note. What is the MIDI note number (an integer from 0 to 127)? Reply with ONLY the integer. Nothing else. Output only the answer.,"Listen to this audio clip of a single musical note. What is the note name and octave? Reply with ONLY the note name in Scientific Pitch Notation (e.g. C4, F#3, Bb5). Nothing else. Output only the answer.","Listen to this audio clip of a single musical note. What is the solfege syllable and accidental (if needed) of this pitch? Use fixed-do (do=C, re=D, mi=E, fa=F, sol=G, la=A, si=B). Include sharps or flats when needed (e.g. do#, reb, fa#, sib). Do NOT include the octave. Reply with ONLY the syllable and accidental (if needed). Nothing else. Output only the answer.","Listen to this audio clip of a single musical note. What is the main pitch frequency, expressed in Hertz? Reply with ONLY a number (the frequency in Hz). Nothing else. Output only the answer."
reverb_long,reverb_room,"{'type': 'reverb_room', 'room_size': 0.9, 'damping': 0.4, 'wet_level': 0.6, 'dry_level': 0.4}",5088,trumpet,instrument,88,72,0,0,0,0,E6,A#4,0,0,0,mi,fa#,0,0,0,72,A#4,fa#,440,data/audio/pitchbench_e2_audio_effects/E6_trumpet_5000ms_fx_reverb_long.wav,E6_trumpet_5000ms_fx_reverb_long.wav,Listen to this audio clip of a single musical note. What is the MIDI note number (an integer from 0 to 127)? Reply with ONLY the integer. Nothing else. Output only the answer.,"Listen to this audio clip of a single musical note. What is the note name and octave? Reply with ONLY the note name in Scientific Pitch Notation (e.g. C4, F#3, Bb5). Nothing else. Output only the answer.","Listen to this audio clip of a single musical note. What is the solfege syllable and accidental (if needed) of this pitch? Use fixed-do (do=C, re=D, mi=E, fa=F, sol=G, la=A, si=B). Include sharps or flats when needed (e.g. do#, reb, fa#, sib). Do NOT include the octave. Reply with ONLY the syllable and accidental (if needed). Nothing else. Output only the answer.","Listen to this audio clip of a single musical note. What is the main pitch frequency, expressed in Hertz? Reply with ONLY a number (the frequency in Hz). Nothing else. Output only the answer."
reverb_long,reverb_room,"{'type': 'reverb_room', 'room_size': 0.9, 'damping': 0.4, 'wet_level': 0.6, 'dry_level': 0.4}",5088,violin,instrument,88,69,0,0,0,0,E6,A4,0,0,0,mi,sol#,0,0,0,69,A4,sol#,440,data/audio/pitchbench_e2_audio_effects/E6_violin_5000ms_fx_reverb_long.wav,E6_violin_5000ms_fx_reverb_long.wav,Listen to this audio clip of a single musical note. What is the MIDI note number (an integer from 0 to 127)? Reply with ONLY the integer. Nothing else. Output only the answer.,"Listen to this audio clip of a single musical note. What is the note name and octave? Reply with ONLY the note name in Scientific Pitch Notation (e.g. C4, F#3, Bb5). Nothing else. Output only the answer.","Listen to this audio clip of a single musical note. What is the solfege syllable and accidental (if needed) of this pitch? Use fixed-do (do=C, re=D, mi=E, fa=F, sol=G, la=A, si=B). Include sharps or flats when needed (e.g. do#, reb, fa#, sib). Do NOT include the octave. Reply with ONLY the syllable and accidental (if needed). Nothing else. Output only the answer.","Listen to this audio clip of a single musical note. What is the main pitch frequency, expressed in Hertz? Reply with ONLY a number (the frequency in Hz). Nothing else. Output only the answer."
reverb_long,reverb_room,"{'type': 'reverb_room', 'room_size': 0.9, 'damping': 0.4, 'wet_level': 0.6, 'dry_level': 0.4}",5088,square,waveform,88,69,0,0,0,0,E6,A4,0,0,0,mi,fa#,0,0,0,69,A4,fa#,440,data/audio/pitchbench_e2_audio_effects/E6_square_5000ms_fx_reverb_long.wav,E6_square_5000ms_fx_reverb_long.wav,Listen to this audio clip of a single musical note. What is the MIDI note number (an integer from 0 to 127)? Reply with ONLY the integer. Nothing else. Output only the answer.,"Listen to this audio clip of a single musical note. What is the note name and octave? Reply with ONLY the note name in Scientific Pitch Notation (e.g. C4, F#3, Bb5). Nothing else. Output only the answer.","Listen to this audio clip of a single musical note. What is the solfege syllable and accidental (if needed) of this pitch? Use fixed-do (do=C, re=D, mi=E, fa=F, sol=G, la=A, si=B). Include sharps or flats when needed (e.g. do#, reb, fa#, sib). Do NOT include the octave. Reply with ONLY the syllable and accidental (if needed). Nothing else. Output only the answer.","Listen to this audio clip of a single musical note. What is the main pitch frequency, expressed in Hertz? Reply with ONLY a number (the frequency in Hz). Nothing else. Output only the answer."
distortion_heavy,saturation,"{'type': 'saturation', 'drive_db': 30.0}",4030,trombone,instrument,30,69,0,0,0,0,F#1,A3,0,0,0,fa#,fa#,1,0,0,69,A3,fa#,440,data/audio/pitchbench_e2_audio_effects/Fs1_trombone_5000ms_fx_distortion_heavy.wav,Fs1_trombone_5000ms_fx_distortion_heavy.wav,Listen to this audio clip of a single musical note. What is the MIDI note number (an integer from 0 to 127)? Reply with ONLY the integer. Nothing else. Output only the answer.,"Listen to this audio clip of a single musical note. What is the note name and octave? Reply with ONLY the note name in Scientific Pitch Notation (e.g. C4, F#3, Bb5). Nothing else. Output only the answer.","Listen to this audio clip of a single musical note. What is the solfege syllable and accidental (if needed) of this pitch? Use fixed-do (do=C, re=D, mi=E, fa=F, sol=G, la=A, si=B). Include sharps or flats when needed (e.g. do#, reb, fa#, sib). Do NOT include the octave. Reply with ONLY the syllable and accidental (if needed). Nothing else. Output only the answer.","Listen to this audio clip of a single musical note. What is the main pitch frequency, expressed in Hertz? Reply with ONLY a number (the frequency in Hz). Nothing else. Output only the answer."
distortion_heavy,saturation,"{'type': 'saturation', 'drive_db': 30.0}",4030,organ,instrument,30,69,0,0,0,0,F#1,G3,0,0,0,fa#,sol,0,0,0,69,G3,sol,440,data/audio/pitchbench_e2_audio_effects/Fs1_organ_5000ms_fx_distortion_heavy.wav,Fs1_organ_5000ms_fx_distortion_heavy.wav,Listen to this audio clip of a single musical note. What is the MIDI note number (an integer from 0 to 127)? Reply with ONLY the integer. Nothing else. Output only the answer.,"Listen to this audio clip of a single musical note. What is the note name and octave? Reply with ONLY the note name in Scientific Pitch Notation (e.g. C4, F#3, Bb5). Nothing else. Output only the answer.","Listen to this audio clip of a single musical note. What is the solfege syllable and accidental (if needed) of this pitch? Use fixed-do (do=C, re=D, mi=E, fa=F, sol=G, la=A, si=B). Include sharps or flats when needed (e.g. do#, reb, fa#, sib). Do NOT include the octave. Reply with ONLY the syllable and accidental (if needed). Nothing else. Output only the answer.","Listen to this audio clip of a single musical note. What is the main pitch frequency, expressed in Hertz? Reply with ONLY a number (the frequency in Hz). Nothing else. Output only the answer."
distortion_heavy,saturation,"{'type': 'saturation', 'drive_db': 30.0}",4030,clarinet,instrument,30,69,0,0,0,0,F#1,A#3,0,0,0,fa#,mi,0,0,0,69,A#3,mi,440,data/audio/pitchbench_e2_audio_effects/Fs1_clarinet_5000ms_fx_distortion_heavy.wav,Fs1_clarinet_5000ms_fx_distortion_heavy.wav,Listen to this audio clip of a single musical note. What is the MIDI note number (an integer from 0 to 127)? Reply with ONLY the integer. Nothing else. Output only the answer.,"Listen to this audio clip of a single musical note. What is the note name and octave? Reply with ONLY the note name in Scientific Pitch Notation (e.g. C4, F#3, Bb5). Nothing else. Output only the answer.","Listen to this audio clip of a single musical note. What is the solfege syllable and accidental (if needed) of this pitch? Use fixed-do (do=C, re=D, mi=E, fa=F, sol=G, la=A, si=B). Include sharps or flats when needed (e.g. do#, reb, fa#, sib). Do NOT include the octave. Reply with ONLY the syllable and accidental (if needed). Nothing else. Output only the answer.","Listen to this audio clip of a single musical note. What is the main pitch frequency, expressed in Hertz? Reply with ONLY a number (the frequency in Hz). Nothing else. Output only the answer."
distortion_heavy,saturation,"{'type': 'saturation', 'drive_db': 30.0}",4030,square,waveform,30,69,0,0,0,0,F#1,G4,0,0,0,fa#,sol,0,0,0,69,G4,sol,440,data/audio/pitchbench_e2_audio_effects/Fs1_square_5000ms_fx_distortion_heavy.wav,Fs1_square_5000ms_fx_distortion_heavy.wav,Listen to this audio clip of a single musical note. What is the MIDI note number (an integer from 0 to 127)? Reply with ONLY the integer. Nothing else. Output only the answer.,"Listen to this audio clip of a single musical note. What is the note name and octave? Reply with ONLY the note name in Scientific Pitch Notation (e.g. C4, F#3, Bb5). Nothing else. Output only the answer.","Listen to this audio clip of a single musical note. What is the solfege syllable and accidental (if needed) of this pitch? Use fixed-do (do=C, re=D, mi=E, fa=F, sol=G, la=A, si=B). Include sharps or flats when needed (e.g. do#, reb, fa#, sib). Do NOT include the octave. Reply with ONLY the syllable and accidental (if needed). Nothing else. Output only the answer.","Listen to this audio clip of a single musical note. What is the main pitch frequency, expressed in Hertz? Reply with ONLY a number (the frequency in Hz). Nothing else. Output only the answer."
distortion_heavy,saturation,"{'type': 'saturation', 'drive_db': 30.0}",4030,sine,waveform,30,69,0,0,0,0,F#1,F#3,0,1,0,fa#,fa#,1,0,0,69,F#3,fa#,440,data/audio/pitchbench_e2_audio_effects/Fs1_sine_5000ms_fx_distortion_heavy.wav,Fs1_sine_5000ms_fx_distortion_heavy.wav,Listen to this audio clip of a single musical note. What is the MIDI note number (an integer from 0 to 127)? Reply with ONLY the integer. Nothing else. Output only the answer.,"Listen to this audio clip of a single musical note. What is the note name and octave? Reply with ONLY the note name in Scientific Pitch Notation (e.g. C4, F#3, Bb5). Nothing else. Output only the answer.","Listen to this audio clip of a single musical note. What is the solfege syllable and accidental (if needed) of this pitch? Use fixed-do (do=C, re=D, mi=E, fa=F, sol=G, la=A, si=B). Include sharps or flats when needed (e.g. do#, reb, fa#, sib). Do NOT include the octave. Reply with ONLY the syllable and accidental (if needed). Nothing else. Output only the answer.","Listen to this audio clip of a single musical note. What is the main pitch frequency, expressed in Hertz? Reply with ONLY a number (the frequency in Hz). Nothing else. Output only the answer."
distortion_heavy,saturation,"{'type': 'saturation', 'drive_db': 30.0}",4036,organ,instrument,36,69,0,0,0,0,C2,A4,0,0,0,do,sol,0,0,0,69,A4,sol,440,data/audio/pitchbench_e2_audio_effects/C2_organ_5000ms_fx_distortion_heavy.wav,C2_organ_5000ms_fx_distortion_heavy.wav,Listen to this audio clip of a single musical note. What is the MIDI note number (an integer from 0 to 127)? Reply with ONLY the integer. Nothing else. Output only the answer.,"Listen to this audio clip of a single musical note. What is the note name and octave? Reply with ONLY the note name in Scientific Pitch Notation (e.g. C4, F#3, Bb5). Nothing else. Output only the answer.","Listen to this audio clip of a single musical note. What is the solfege syllable and accidental (if needed) of this pitch? Use fixed-do (do=C, re=D, mi=E, fa=F, sol=G, la=A, si=B). Include sharps or flats when needed (e.g. do#, reb, fa#, sib). Do NOT include the octave. Reply with ONLY the syllable and accidental (if needed). Nothing else. Output only the answer.","Listen to this audio clip of a single musical note. What is the main pitch frequency, expressed in Hertz? Reply with ONLY a number (the frequency in Hz). Nothing else. Output only the answer."
distortion_heavy,saturation,"{'type': 'saturation', 'drive_db': 30.0}",4036,triangle,waveform,36,69,0,0,0,0,C2,G4,0,0,0,do,sol,0,0,0,69,G4,sol,440,data/audio/pitchbench_e2_audio_effects/C2_triangle_5000ms_fx_distortion_heavy.wav,C2_triangle_5000ms_fx_distortion_heavy.wav,Listen to this audio clip of a single musical note. What is the MIDI note number (an integer from 0 to 127)? Reply with ONLY the integer. Nothing else. Output only the answer.,"Listen to this audio clip of a single musical note. What is the note name and octave? Reply with ONLY the note name in Scientific Pitch Notation (e.g. C4, F#3, Bb5). Nothing else. Output only the answer.","Listen to this audio clip of a single musical note. What is the solfege syllable and accidental (if needed) of this pitch? Use fixed-do (do=C, re=D, mi=E, fa=F, sol=G, la=A, si=B). Include sharps or flats when needed (e.g. do#, reb, fa#, sib). Do NOT include the octave. Reply with ONLY the syllable and accidental (if needed). Nothing else. Output only the answer.","Listen to this audio clip of a single musical note. What is the main pitch frequency, expressed in Hertz? Reply with ONLY a number (the frequency in Hz). Nothing else. Output only the answer."
distortion_heavy,saturation,"{'type': 'saturation', 'drive_db': 30.0}",4036,square,waveform,36,68,0,0,0,0,C2,A4,0,0,0,do,sol,0,0,0,68,A4,sol,440,data/audio/pitchbench_e2_audio_effects/C2_square_5000ms_fx_distortion_heavy.wav,C2_square_5000ms_fx_distortion_heavy.wav,Listen to this audio clip of a single musical note. What is the MIDI note number (an integer from 0 to 127)? Reply with ONLY the integer. Nothing else. Output only the answer.,"Listen to this audio clip of a single musical note. What is the note name and octave? Reply with ONLY the note name in Scientific Pitch Notation (e.g. C4, F#3, Bb5). Nothing else. Output only the answer.","Listen to this audio clip of a single musical note. What is the solfege syllable and accidental (if needed) of this pitch? Use fixed-do (do=C, re=D, mi=E, fa=F, sol=G, la=A, si=B). Include sharps or flats when needed (e.g. do#, reb, fa#, sib). Do NOT include the octave. Reply with ONLY the syllable and accidental (if needed). Nothing else. Output only the answer.","Listen to this audio clip of a single musical note. What is the main pitch frequency, expressed in Hertz? Reply with ONLY a number (the frequency in Hz). Nothing else. Output only the answer."
distortion_heavy,saturation,"{'type': 'saturation', 'drive_db': 30.0}",4036,guitar,instrument,36,69,0,0,0,0,C2,G3,0,0,0,do,sol,0,0,0,69,G3,sol,440,data/audio/pitchbench_e2_audio_effects/C2_guitar_5000ms_fx_distortion_heavy.wav,C2_guitar_5000ms_fx_distortion_heavy.wav,Listen to this audio clip of a single musical note. What is the MIDI note number (an integer from 0 to 127)? Reply with ONLY the integer. Nothing else. Output only the answer.,"Listen to this audio clip of a single musical note. What is the note name and octave? Reply with ONLY the note name in Scientific Pitch Notation (e.g. C4, F#3, Bb5). Nothing else. Output only the answer.","Listen to this audio clip of a single musical note. What is the solfege syllable and accidental (if needed) of this pitch? Use fixed-do (do=C, re=D, mi=E, fa=F, sol=G, la=A, si=B). Include sharps or flats when needed (e.g. do#, reb, fa#, sib). Do NOT include the octave. Reply with ONLY the syllable and accidental (if needed). Nothing else. Output only the answer.","Listen to this audio clip of a single musical note. What is the main pitch frequency, expressed in Hertz? Reply with ONLY a number (the frequency in Hz). Nothing else. Output only the answer."
distortion_heavy,saturation,"{'type': 'saturation', 'drive_db': 30.0}",4036,trumpet,instrument,36,69,0,0,0,0,C2,A#3,0,0,0,do,sol,0,0,0,69,A#3,sol,440,data/audio/pitchbench_e2_audio_effects/C2_trumpet_5000ms_fx_distortion_heavy.wav,C2_trumpet_5000ms_fx_distortion_heavy.wav,Listen to this audio clip of a single musical note. What is the MIDI note number (an integer from 0 to 127)? Reply with ONLY the integer. Nothing else. Output only the answer.,"Listen to this audio clip of a single musical note. What is the note name and octave? Reply with ONLY the note name in Scientific Pitch Notation (e.g. C4, F#3, Bb5). Nothing else. Output only the answer.","Listen to this audio clip of a single musical note. What is the solfege syllable and accidental (if needed) of this pitch? Use fixed-do (do=C, re=D, mi=E, fa=F, sol=G, la=A, si=B). Include sharps or flats when needed (e.g. do#, reb, fa#, sib). Do NOT include the octave. Reply with ONLY the syllable and accidental (if needed). Nothing else. Output only the answer.","Listen to this audio clip of a single musical note. What is the main pitch frequency, expressed in Hertz? Reply with ONLY a number (the frequency in Hz). Nothing else. Output only the answer."
distortion_heavy,saturation,"{'type': 'saturation', 'drive_db': 30.0}",4043,trumpet,instrument,43,69,0,0,0,0,G2,A#3,0,0,0,sol,sol,1,0,0,69,A#3,sol,440,data/audio/pitchbench_e2_audio_effects/G2_trumpet_5000ms_fx_distortion_heavy.wav,G2_trumpet_5000ms_fx_distortion_heavy.wav,Listen to this audio clip of a single musical note. What is the MIDI note number (an integer from 0 to 127)? Reply with ONLY the integer. Nothing else. Output only the answer.,"Listen to this audio clip of a single musical note. What is the note name and octave? Reply with ONLY the note name in Scientific Pitch Notation (e.g. C4, F#3, Bb5). Nothing else. Output only the answer.","Listen to this audio clip of a single musical note. What is the solfege syllable and accidental (if needed) of this pitch? Use fixed-do (do=C, re=D, mi=E, fa=F, sol=G, la=A, si=B). Include sharps or flats when needed (e.g. do#, reb, fa#, sib). Do NOT include the octave. Reply with ONLY the syllable and accidental (if needed). Nothing else. Output only the answer.","Listen to this audio clip of a single musical note. What is the main pitch frequency, expressed in Hertz? Reply with ONLY a number (the frequency in Hz). Nothing else. Output only the answer."
distortion_heavy,saturation,"{'type': 'saturation', 'drive_db': 30.0}",4043,piano,instrument,43,69,0,0,0,0,G2,G3,0,1,0,sol,sol#,0,0,0,69,G3,Sol#,440,data/audio/pitchbench_e2_audio_effects/G2_piano_5000ms_fx_distortion_heavy.wav,G2_piano_5000ms_fx_distortion_heavy.wav,Listen to this audio clip of a single musical note. What is the MIDI note number (an integer from 0 to 127)? Reply with ONLY the integer. Nothing else. Output only the answer.,"Listen to this audio clip of a single musical note. What is the note name and octave? Reply with ONLY the note name in Scientific Pitch Notation (e.g. C4, F#3, Bb5). Nothing else. Output only the answer.","Listen to this audio clip of a single musical note. What is the solfege syllable and accidental (if needed) of this pitch? Use fixed-do (do=C, re=D, mi=E, fa=F, sol=G, la=A, si=B). Include sharps or flats when needed (e.g. do#, reb, fa#, sib). Do NOT include the octave. Reply with ONLY the syllable and accidental (if needed). Nothing else. Output only the answer.","Listen to this audio clip of a single musical note. What is the main pitch frequency, expressed in Hertz? Reply with ONLY a number (the frequency in Hz). Nothing else. Output only the answer."
distortion_heavy,saturation,"{'type': 'saturation', 'drive_db': 30.0}",4043,oboe,instrument,43,69,0,0,0,0,G2,A#3,0,0,0,sol,sol,1,0,0,69,A#3,sol,440,data/audio/pitchbench_e2_audio_effects/G2_oboe_5000ms_fx_distortion_heavy.wav,G2_oboe_5000ms_fx_distortion_heavy.wav,Listen to this audio clip of a single musical note. What is the MIDI note number (an integer from 0 to 127)? Reply with ONLY the integer. Nothing else. Output only the answer.,"Listen to this audio clip of a single musical note. What is the note name and octave? Reply with ONLY the note name in Scientific Pitch Notation (e.g. C4, F#3, Bb5). Nothing else. Output only the answer.","Listen to this audio clip of a single musical note. What is the solfege syllable and accidental (if needed) of this pitch? Use fixed-do (do=C, re=D, mi=E, fa=F, sol=G, la=A, si=B). Include sharps or flats when needed (e.g. do#, reb, fa#, sib). Do NOT include the octave. Reply with ONLY the syllable and accidental (if needed). Nothing else. Output only the answer.","Listen to this audio clip of a single musical note. What is the main pitch frequency, expressed in Hertz? Reply with ONLY a number (the frequency in Hz). Nothing else. Output only the answer."
distortion_heavy,saturation,"{'type': 'saturation', 'drive_db': 30.0}",4043,square,waveform,43,68,0,0,0,0,G2,A4,0,0,0,sol,sol,1,0,0,68,A4,sol,440,data/audio/pitchbench_e2_audio_effects/G2_square_5000ms_fx_distortion_heavy.wav,G2_square_5000ms_fx_distortion_heavy.wav,Listen to this audio clip of a single musical note. What is the MIDI note number (an integer from 0 to 127)? Reply with ONLY the integer. Nothing else. Output only the answer.,"Listen to this audio clip of a single musical note. What is the note name and octave? Reply with ONLY the note name in Scientific Pitch Notation (e.g. C4, F#3, Bb5). Nothing else. Output only the answer.","Listen to this audio clip of a single musical note. What is the solfege syllable and accidental (if needed) of this pitch? Use fixed-do (do=C, re=D, mi=E, fa=F, sol=G, la=A, si=B). Include sharps or flats when needed (e.g. do#, reb, fa#, sib). Do NOT include the octave. Reply with ONLY the syllable and accidental (if needed). Nothing else. Output only the answer.","Listen to this audio clip of a single musical note. What is the main pitch frequency, expressed in Hertz? Reply with ONLY a number (the frequency in Hz). Nothing else. Output only the answer."
distortion_heavy,saturation,"{'type': 'saturation', 'drive_db': 30.0}",4043,organ,instrument,43,69,0,0,0,0,G2,A3,0,0,0,sol,sol,1,0,0,69,A3,sol,440,data/audio/pitchbench_e2_audio_effects/G2_organ_5000ms_fx_distortion_heavy.wav,G2_organ_5000ms_fx_distortion_heavy.wav,Listen to this audio clip of a single musical note. What is the MIDI note number (an integer from 0 to 127)? Reply with ONLY the integer. Nothing else. Output only the answer.,"Listen to this audio clip of a single musical note. What is the note name and octave? Reply with ONLY the note name in Scientific Pitch Notation (e.g. C4, F#3, Bb5). Nothing else. Output only the answer.","Listen to this audio clip of a single musical note. What is the solfege syllable and accidental (if needed) of this pitch? Use fixed-do (do=C, re=D, mi=E, fa=F, sol=G, la=A, si=B). Include sharps or flats when needed (e.g. do#, reb, fa#, sib). Do NOT include the octave. Reply with ONLY the syllable and accidental (if needed). Nothing else. Output only the answer.","Listen to this audio clip of a single musical note. What is the main pitch frequency, expressed in Hertz? Reply with ONLY a number (the frequency in Hz). Nothing else. Output only the answer."
distortion_heavy,saturation,"{'type': 'saturation', 'drive_db': 30.0}",4048,flute,instrument,48,69,0,0,0,0,C3,A#3,0,0,1,do,fa#,0,0,0,69,A#3,fa#,440,data/audio/pitchbench_e2_audio_effects/C3_flute_5000ms_fx_distortion_heavy.wav,C3_flute_5000ms_fx_distortion_heavy.wav,Listen to this audio clip of a single musical note. What is the MIDI note number (an integer from 0 to 127)? Reply with ONLY the integer. Nothing else. Output only the answer.,"Listen to this audio clip of a single musical note. What is the note name and octave? Reply with ONLY the note name in Scientific Pitch Notation (e.g. C4, F#3, Bb5). Nothing else. Output only the answer.","Listen to this audio clip of a single musical note. What is the solfege syllable and accidental (if needed) of this pitch? Use fixed-do (do=C, re=D, mi=E, fa=F, sol=G, la=A, si=B). Include sharps or flats when needed (e.g. do#, reb, fa#, sib). Do NOT include the octave. Reply with ONLY the syllable and accidental (if needed). Nothing else. Output only the answer.","Listen to this audio clip of a single musical note. What is the main pitch frequency, expressed in Hertz? Reply with ONLY a number (the frequency in Hz). Nothing else. Output only the answer."
distortion_heavy,saturation,"{'type': 'saturation', 'drive_db': 30.0}",4048,oboe,instrument,48,69,0,0,0,0,C3,F3,0,0,1,do,sol,0,0,0,69,F3,sol,440,data/audio/pitchbench_e2_audio_effects/C3_oboe_5000ms_fx_distortion_heavy.wav,C3_oboe_5000ms_fx_distortion_heavy.wav,Listen to this audio clip of a single musical note. What is the MIDI note number (an integer from 0 to 127)? Reply with ONLY the integer. Nothing else. Output only the answer.,"Listen to this audio clip of a single musical note. What is the note name and octave? Reply with ONLY the note name in Scientific Pitch Notation (e.g. C4, F#3, Bb5). Nothing else. Output only the answer.","Listen to this audio clip of a single musical note. What is the solfege syllable and accidental (if needed) of this pitch? Use fixed-do (do=C, re=D, mi=E, fa=F, sol=G, la=A, si=B). Include sharps or flats when needed (e.g. do#, reb, fa#, sib). Do NOT include the octave. Reply with ONLY the syllable and accidental (if needed). Nothing else. Output only the answer.","Listen to this audio clip of a single musical note. What is the main pitch frequency, expressed in Hertz? Reply with ONLY a number (the frequency in Hz). Nothing else. Output only the answer."
distortion_heavy,saturation,"{'type': 'saturation', 'drive_db': 30.0}",4048,trombone,instrument,48,69,0,0,0,0,C3,A#3,0,0,1,do,sol,0,0,0,69,A#3,sol,440,data/audio/pitchbench_e2_audio_effects/C3_trombone_5000ms_fx_distortion_heavy.wav,C3_trombone_5000ms_fx_distortion_heavy.wav,Listen to this audio clip of a single musical note. What is the MIDI note number (an integer from 0 to 127)? Reply with ONLY the integer. Nothing else. Output only the answer.,"Listen to this audio clip of a single musical note. What is the note name and octave? Reply with ONLY the note name in Scientific Pitch Notation (e.g. C4, F#3, Bb5). Nothing else. Output only the answer.","Listen to this audio clip of a single musical note. What is the solfege syllable and accidental (if needed) of this pitch? Use fixed-do (do=C, re=D, mi=E, fa=F, sol=G, la=A, si=B). Include sharps or flats when needed (e.g. do#, reb, fa#, sib). Do NOT include the octave. Reply with ONLY the syllable and accidental (if needed). Nothing else. Output only the answer.","Listen to this audio clip of a single musical note. What is the main pitch frequency, expressed in Hertz? Reply with ONLY a number (the frequency in Hz). Nothing else. Output only the answer."
distortion_heavy,saturation,"{'type': 'saturation', 'drive_db': 30.0}",4048,electric_keyboard,instrument,48,69,0,0,0,0,C3,A3,0,0,1,do,sol,0,0,0,69,A3,sol,440,data/audio/pitchbench_e2_audio_effects/C3_electric_keyboard_5000ms_fx_distortion_heavy.wav,C3_electric_keyboard_5000ms_fx_distortion_heavy.wav,Listen to this audio clip of a single musical note. What is the MIDI note number (an integer from 0 to 127)? Reply with ONLY the integer. Nothing else. Output only the answer.,"Listen to this audio clip of a single musical note. What is the note name and octave? Reply with ONLY the note name in Scientific Pitch Notation (e.g. C4, F#3, Bb5). Nothing else. Output only the answer.","Listen to this audio clip of a single musical note. What is the solfege syllable and accidental (if needed) of this pitch? Use fixed-do (do=C, re=D, mi=E, fa=F, sol=G, la=A, si=B). Include sharps or flats when needed (e.g. do#, reb, fa#, sib). Do NOT include the octave. Reply with ONLY the syllable and accidental (if needed). Nothing else. Output only the answer.","Listen to this audio clip of a single musical note. What is the main pitch frequency, expressed in Hertz? Reply with ONLY a number (the frequency in Hz). Nothing else. Output only the answer."
distortion_heavy,saturation,"{'type': 'saturation', 'drive_db': 30.0}",4048,voice,instrument,48,69,0,0,0,0,C3,A3,0,0,1,do,sol,0,0,0,69,A3,sol,440,data/audio/pitchbench_e2_audio_effects/C3_voice_5000ms_fx_distortion_heavy.wav,C3_voice_5000ms_fx_distortion_heavy.wav,Listen to this audio clip of a single musical note. What is the MIDI note number (an integer from 0 to 127)? Reply with ONLY the integer. Nothing else. Output only the answer.,"Listen to this audio clip of a single musical note. What is the note name and octave? Reply with ONLY the note name in Scientific Pitch Notation (e.g. C4, F#3, Bb5). Nothing else. Output only the answer.","Listen to this audio clip of a single musical note. What is the solfege syllable and accidental (if needed) of this pitch? Use fixed-do (do=C, re=D, mi=E, fa=F, sol=G, la=A, si=B). Include sharps or flats when needed (e.g. do#, reb, fa#, sib). Do NOT include the octave. Reply with ONLY the syllable and accidental (if needed). Nothing else. Output only the answer.","Listen to this audio clip of a single musical note. What is the main pitch frequency, expressed in Hertz? Reply with ONLY a number (the frequency in Hz). Nothing else. Output only the answer."
distortion_heavy,saturation,"{'type': 'saturation', 'drive_db': 30.0}",4054,synth_pad,instrument,54,69,0,0,0,0,F#3,A#3,0,0,1,fa#,sol,0,0,0,69,A#3,sol,440,data/audio/pitchbench_e2_audio_effects/Fs3_synth_pad_5000ms_fx_distortion_heavy.wav,Fs3_synth_pad_5000ms_fx_distortion_heavy.wav,Listen to this audio clip of a single musical note. What is the MIDI note number (an integer from 0 to 127)? Reply with ONLY the integer. Nothing else. Output only the answer.,"Listen to this audio clip of a single musical note. What is the note name and octave? Reply with ONLY the note name in Scientific Pitch Notation (e.g. C4, F#3, Bb5). Nothing else. Output only the answer.","Listen to this audio clip of a single musical note. What is the solfege syllable and accidental (if needed) of this pitch? Use fixed-do (do=C, re=D, mi=E, fa=F, sol=G, la=A, si=B). Include sharps or flats when needed (e.g. do#, reb, fa#, sib). Do NOT include the octave. Reply with ONLY the syllable and accidental (if needed). Nothing else. Output only the answer.","Listen to this audio clip of a single musical note. What is the main pitch frequency, expressed in Hertz? Reply with ONLY a number (the frequency in Hz). Nothing else. Output only the answer."
distortion_heavy,saturation,"{'type': 'saturation', 'drive_db': 30.0}",4054,trombone,instrument,54,69,0,0,0,0,F#3,A#3,0,0,1,fa#,sol,0,0,0,69,A#3,sol,440,data/audio/pitchbench_e2_audio_effects/Fs3_trombone_5000ms_fx_distortion_heavy.wav,Fs3_trombone_5000ms_fx_distortion_heavy.wav,Listen to this audio clip of a single musical note. What is the MIDI note number (an integer from 0 to 127)? Reply with ONLY the integer. Nothing else. Output only the answer.,"Listen to this audio clip of a single musical note. What is the note name and octave? Reply with ONLY the note name in Scientific Pitch Notation (e.g. C4, F#3, Bb5). Nothing else. Output only the answer.","Listen to this audio clip of a single musical note. What is the solfege syllable and accidental (if needed) of this pitch? Use fixed-do (do=C, re=D, mi=E, fa=F, sol=G, la=A, si=B). Include sharps or flats when needed (e.g. do#, reb, fa#, sib). Do NOT include the octave. Reply with ONLY the syllable and accidental (if needed). Nothing else. Output only the answer.","Listen to this audio clip of a single musical note. What is the main pitch frequency, expressed in Hertz? Reply with ONLY a number (the frequency in Hz). Nothing else. Output only the answer."
distortion_heavy,saturation,"{'type': 'saturation', 'drive_db': 30.0}",4054,synth_lead,instrument,54,69,0,0,0,0,F#3,A4,0,0,0,fa#,sol,0,0,0,69,A4,sol,440,data/audio/pitchbench_e2_audio_effects/Fs3_synth_lead_5000ms_fx_distortion_heavy.wav,Fs3_synth_lead_5000ms_fx_distortion_heavy.wav,Listen to this audio clip of a single musical note. What is the MIDI note number (an integer from 0 to 127)? Reply with ONLY the integer. Nothing else. Output only the answer.,"Listen to this audio clip of a single musical note. What is the note name and octave? Reply with ONLY the note name in Scientific Pitch Notation (e.g. C4, F#3, Bb5). Nothing else. Output only the answer.","Listen to this audio clip of a single musical note. What is the solfege syllable and accidental (if needed) of this pitch? Use fixed-do (do=C, re=D, mi=E, fa=F, sol=G, la=A, si=B). Include sharps or flats when needed (e.g. do#, reb, fa#, sib). Do NOT include the octave. Reply with ONLY the syllable and accidental (if needed). Nothing else. Output only the answer.","Listen to this audio clip of a single musical note. What is the main pitch frequency, expressed in Hertz? Reply with ONLY a number (the frequency in Hz). Nothing else. Output only the answer."
distortion_heavy,saturation,"{'type': 'saturation', 'drive_db': 30.0}",4054,sine,waveform,54,52,0,0,0,1,F#3,G4,0,0,0,fa#,fa,0,0,0,52,G4,fa,200,data/audio/pitchbench_e2_audio_effects/Fs3_sine_5000ms_fx_distortion_heavy.wav,Fs3_sine_5000ms_fx_distortion_heavy.wav,Listen to this audio clip of a single musical note. What is the MIDI note number (an integer from 0 to 127)? Reply with ONLY the integer. Nothing else. Output only the answer.,"Listen to this audio clip of a single musical note. What is the note name and octave? Reply with ONLY the note name in Scientific Pitch Notation (e.g. C4, F#3, Bb5). Nothing else. Output only the answer.","Listen to this audio clip of a single musical note. What is the solfege syllable and accidental (if needed) of this pitch? Use fixed-do (do=C, re=D, mi=E, fa=F, sol=G, la=A, si=B). Include sharps or flats when needed (e.g. do#, reb, fa#, sib). Do NOT include the octave. Reply with ONLY the syllable and accidental (if needed). Nothing else. Output only the answer.","Listen to this audio clip of a single musical note. What is the main pitch frequency, expressed in Hertz? Reply with ONLY a number (the frequency in Hz). Nothing else. Output only the answer."
distortion_heavy,saturation,"{'type': 'saturation', 'drive_db': 30.0}",4054,clarinet,instrument,54,69,0,0,0,0,F#3,A4,0,0,0,fa#,sol#,0,0,0,69,A4,sol#,440,data/audio/pitchbench_e2_audio_effects/Fs3_clarinet_5000ms_fx_distortion_heavy.wav,Fs3_clarinet_5000ms_fx_distortion_heavy.wav,Listen to this audio clip of a single musical note. What is the MIDI note number (an integer from 0 to 127)? Reply with ONLY the integer. Nothing else. Output only the answer.,"Listen to this audio clip of a single musical note. What is the note name and octave? Reply with ONLY the note name in Scientific Pitch Notation (e.g. C4, F#3, Bb5). Nothing else. Output only the answer.","Listen to this audio clip of a single musical note. What is the solfege syllable and accidental (if needed) of this pitch? Use fixed-do (do=C, re=D, mi=E, fa=F, sol=G, la=A, si=B). Include sharps or flats when needed (e.g. do#, reb, fa#, sib). Do NOT include the octave. Reply with ONLY the syllable and accidental (if needed). Nothing else. Output only the answer.","Listen to this audio clip of a single musical note. What is the main pitch frequency, expressed in Hertz? Reply with ONLY a number (the frequency in Hz). Nothing else. Output only the answer."
distortion_heavy,saturation,"{'type': 'saturation', 'drive_db': 30.0}",4060,synth_pad,instrument,60,69,0,0,0,1,C4,G4,0,0,1,do,mi,0,0,0,69,G4,mi,440,data/audio/pitchbench_e2_audio_effects/C4_synth_pad_5000ms_fx_distortion_heavy.wav,C4_synth_pad_5000ms_fx_distortion_heavy.wav,Listen to this audio clip of a single musical note. What is the MIDI note number (an integer from 0 to 127)? Reply with ONLY the integer. Nothing else. Output only the answer.,"Listen to this audio clip of a single musical note. What is the note name and octave? Reply with ONLY the note name in Scientific Pitch Notation (e.g. C4, F#3, Bb5). Nothing else. Output only the answer.","Listen to this audio clip of a single musical note. What is the solfege syllable and accidental (if needed) of this pitch? Use fixed-do (do=C, re=D, mi=E, fa=F, sol=G, la=A, si=B). Include sharps or flats when needed (e.g. do#, reb, fa#, sib). Do NOT include the octave. Reply with ONLY the syllable and accidental (if needed). Nothing else. Output only the answer.","Listen to this audio clip of a single musical note. What is the main pitch frequency, expressed in Hertz? Reply with ONLY a number (the frequency in Hz). Nothing else. Output only the answer."
distortion_heavy,saturation,"{'type': 'saturation', 'drive_db': 30.0}",4060,trombone,instrument,60,69,0,0,0,1,C4,A#3,0,0,0,do,sol,0,0,0,69,A#3,sol,440,data/audio/pitchbench_e2_audio_effects/C4_trombone_5000ms_fx_distortion_heavy.wav,C4_trombone_5000ms_fx_distortion_heavy.wav,Listen to this audio clip of a single musical note. What is the MIDI note number (an integer from 0 to 127)? Reply with ONLY the integer. Nothing else. Output only the answer.,"Listen to this audio clip of a single musical note. What is the note name and octave? Reply with ONLY the note name in Scientific Pitch Notation (e.g. C4, F#3, Bb5). Nothing else. Output only the answer.","Listen to this audio clip of a single musical note. What is the solfege syllable and accidental (if needed) of this pitch? Use fixed-do (do=C, re=D, mi=E, fa=F, sol=G, la=A, si=B). Include sharps or flats when needed (e.g. do#, reb, fa#, sib). Do NOT include the octave. Reply with ONLY the syllable and accidental (if needed). Nothing else. Output only the answer.","Listen to this audio clip of a single musical note. What is the main pitch frequency, expressed in Hertz? Reply with ONLY a number (the frequency in Hz). Nothing else. Output only the answer."
distortion_heavy,saturation,"{'type': 'saturation', 'drive_db': 30.0}",4060,triangle,waveform,60,69,0,0,0,1,C4,A4,0,0,1,do,sol,0,0,0,69,A4,sol,440,data/audio/pitchbench_e2_audio_effects/C4_triangle_5000ms_fx_distortion_heavy.wav,C4_triangle_5000ms_fx_distortion_heavy.wav,Listen to this audio clip of a single musical note. What is the MIDI note number (an integer from 0 to 127)? Reply with ONLY the integer. Nothing else. Output only the answer.,"Listen to this audio clip of a single musical note. What is the note name and octave? Reply with ONLY the note name in Scientific Pitch Notation (e.g. C4, F#3, Bb5). Nothing else. Output only the answer.","Listen to this audio clip of a single musical note. What is the solfege syllable and accidental (if needed) of this pitch? Use fixed-do (do=C, re=D, mi=E, fa=F, sol=G, la=A, si=B). Include sharps or flats when needed (e.g. do#, reb, fa#, sib). Do NOT include the octave. Reply with ONLY the syllable and accidental (if needed). Nothing else. Output only the answer.","Listen to this audio clip of a single musical note. What is the main pitch frequency, expressed in Hertz? Reply with ONLY a number (the frequency in Hz). Nothing else. Output only the answer."
distortion_heavy,saturation,"{'type': 'saturation', 'drive_db': 30.0}",4060,piano,instrument,60,69,0,0,0,1,C4,G3,0,0,0,do,sol#,0,0,0,69,G3,sol#,440,data/audio/pitchbench_e2_audio_effects/C4_piano_5000ms_fx_distortion_heavy.wav,C4_piano_5000ms_fx_distortion_heavy.wav,Listen to this audio clip of a single musical note. What is the MIDI note number (an integer from 0 to 127)? Reply with ONLY the integer. Nothing else. Output only the answer.,"Listen to this audio clip of a single musical note. What is the note name and octave? Reply with ONLY the note name in Scientific Pitch Notation (e.g. C4, F#3, Bb5). Nothing else. Output only the answer.","Listen to this audio clip of a single musical note. What is the solfege syllable and accidental (if needed) of this pitch? Use fixed-do (do=C, re=D, mi=E, fa=F, sol=G, la=A, si=B). Include sharps or flats when needed (e.g. do#, reb, fa#, sib). Do NOT include the octave. Reply with ONLY the syllable and accidental (if needed). Nothing else. Output only the answer.","Listen to this audio clip of a single musical note. What is the main pitch frequency, expressed in Hertz? Reply with ONLY a number (the frequency in Hz). Nothing else. Output only the answer."
distortion_heavy,saturation,"{'type': 'saturation', 'drive_db': 30.0}",4060,bass,instrument,60,69,0,0,0,1,C4,G4,0,0,1,do,sol,0,0,0,69,G4,sol,440,data/audio/pitchbench_e2_audio_effects/C4_bass_5000ms_fx_distortion_heavy.wav,C4_bass_5000ms_fx_distortion_heavy.wav,Listen to this audio clip of a single musical note. What is the MIDI note number (an integer from 0 to 127)? Reply with ONLY the integer. Nothing else. Output only the answer.,"Listen to this audio clip of a single musical note. What is the note name and octave? Reply with ONLY the note name in Scientific Pitch Notation (e.g. C4, F#3, Bb5). Nothing else. Output only the answer.","Listen to this audio clip of a single musical note. What is the solfege syllable and accidental (if needed) of this pitch? Use fixed-do (do=C, re=D, mi=E, fa=F, sol=G, la=A, si=B). Include sharps or flats when needed (e.g. do#, reb, fa#, sib). Do NOT include the octave. Reply with ONLY the syllable and accidental (if needed). Nothing else. Output only the answer.","Listen to this audio clip of a single musical note. What is the main pitch frequency, expressed in Hertz? Reply with ONLY a number (the frequency in Hz). Nothing else. Output only the answer."
distortion_heavy,saturation,"{'type': 'saturation', 'drive_db': 30.0}",4064,triangle,waveform,64,52,0,0,1,0,E4,G4,0,0,1,mi,sol,0,0,0,52,G4,sol,440,data/audio/pitchbench_e2_audio_effects/E4_triangle_5000ms_fx_distortion_heavy.wav,E4_triangle_5000ms_fx_distortion_heavy.wav,Listen to this audio clip of a single musical note. What is the MIDI note number (an integer from 0 to 127)? Reply with ONLY the integer. Nothing else. Output only the answer.,"Listen to this audio clip of a single musical note. What is the note name and octave? Reply with ONLY the note name in Scientific Pitch Notation (e.g. C4, F#3, Bb5). Nothing else. Output only the answer.","Listen to this audio clip of a single musical note. What is the solfege syllable and accidental (if needed) of this pitch? Use fixed-do (do=C, re=D, mi=E, fa=F, sol=G, la=A, si=B). Include sharps or flats when needed (e.g. do#, reb, fa#, sib). Do NOT include the octave. Reply with ONLY the syllable and accidental (if needed). Nothing else. Output only the answer.","Listen to this audio clip of a single musical note. What is the main pitch frequency, expressed in Hertz? Reply with ONLY a number (the frequency in Hz). Nothing else. Output only the answer."
distortion_heavy,saturation,"{'type': 'saturation', 'drive_db': 30.0}",4064,voice,instrument,64,69,0,0,0,1,E4,C4,0,0,1,mi,fa#,0,0,0,69,C4,fa#,440,data/audio/pitchbench_e2_audio_effects/E4_voice_5000ms_fx_distortion_heavy.wav,E4_voice_5000ms_fx_distortion_heavy.wav,Listen to this audio clip of a single musical note. What is the MIDI note number (an integer from 0 to 127)? Reply with ONLY the integer. Nothing else. Output only the answer.,"Listen to this audio clip of a single musical note. What is the note name and octave? Reply with ONLY the note name in Scientific Pitch Notation (e.g. C4, F#3, Bb5). Nothing else. Output only the answer.","Listen to this audio clip of a single musical note. What is the solfege syllable and accidental (if needed) of this pitch? Use fixed-do (do=C, re=D, mi=E, fa=F, sol=G, la=A, si=B). Include sharps or flats when needed (e.g. do#, reb, fa#, sib). Do NOT include the octave. Reply with ONLY the syllable and accidental (if needed). Nothing else. Output only the answer.","Listen to this audio clip of a single musical note. What is the main pitch frequency, expressed in Hertz? Reply with ONLY a number (the frequency in Hz). Nothing else. Output only the answer."
distortion_heavy,saturation,"{'type': 'saturation', 'drive_db': 30.0}",4064,piano,instrument,64,69,0,0,0,1,E4,A4,0,0,1,mi,sol,0,0,0,69,A4,sol,440,data/audio/pitchbench_e2_audio_effects/E4_piano_5000ms_fx_distortion_heavy.wav,E4_piano_5000ms_fx_distortion_heavy.wav,Listen to this audio clip of a single musical note. What is the MIDI note number (an integer from 0 to 127)? Reply with ONLY the integer. Nothing else. Output only the answer.,"Listen to this audio clip of a single musical note. What is the note name and octave? Reply with ONLY the note name in Scientific Pitch Notation (e.g. C4, F#3, Bb5). Nothing else. Output only the answer.","Listen to this audio clip of a single musical note. What is the solfege syllable and accidental (if needed) of this pitch? Use fixed-do (do=C, re=D, mi=E, fa=F, sol=G, la=A, si=B). Include sharps or flats when needed (e.g. do#, reb, fa#, sib). Do NOT include the octave. Reply with ONLY the syllable and accidental (if needed). Nothing else. Output only the answer.","Listen to this audio clip of a single musical note. What is the main pitch frequency, expressed in Hertz? Reply with ONLY a number (the frequency in Hz). Nothing else. Output only the answer."
distortion_heavy,saturation,"{'type': 'saturation', 'drive_db': 30.0}",4064,trumpet,instrument,64,69,0,0,0,1,E4,F4,0,0,1,mi,fa#,0,0,0,69,F4,fa#,440,data/audio/pitchbench_e2_audio_effects/E4_trumpet_5000ms_fx_distortion_heavy.wav,E4_trumpet_5000ms_fx_distortion_heavy.wav,Listen to this audio clip of a single musical note. What is the MIDI note number (an integer from 0 to 127)? Reply with ONLY the integer. Nothing else. Output only the answer.,"Listen to this audio clip of a single musical note. What is the note name and octave? Reply with ONLY the note name in Scientific Pitch Notation (e.g. C4, F#3, Bb5). Nothing else. Output only the answer.","Listen to this audio clip of a single musical note. What is the solfege syllable and accidental (if needed) of this pitch? Use fixed-do (do=C, re=D, mi=E, fa=F, sol=G, la=A, si=B). Include sharps or flats when needed (e.g. do#, reb, fa#, sib). Do NOT include the octave. Reply with ONLY the syllable and accidental (if needed). Nothing else. Output only the answer.","Listen to this audio clip of a single musical note. What is the main pitch frequency, expressed in Hertz? Reply with ONLY a number (the frequency in Hz). Nothing else. Output only the answer."
distortion_heavy,saturation,"{'type': 'saturation', 'drive_db': 30.0}",4064,synth_lead,instrument,64,69,0,0,0,1,E4,A4,0,0,1,mi,sol,0,0,0,69,A4,sol,440,data/audio/pitchbench_e2_audio_effects/E4_synth_lead_5000ms_fx_distortion_heavy.wav,E4_synth_lead_5000ms_fx_distortion_heavy.wav,Listen to this audio clip of a single musical note. What is the MIDI note number (an integer from 0 to 127)? Reply with ONLY the integer. Nothing else. Output only the answer.,"Listen to this audio clip of a single musical note. What is the note name and octave? Reply with ONLY the note name in Scientific Pitch Notation (e.g. C4, F#3, Bb5). Nothing else. Output only the answer.","Listen to this audio clip of a single musical note. What is the solfege syllable and accidental (if needed) of this pitch? Use fixed-do (do=C, re=D, mi=E, fa=F, sol=G, la=A, si=B). Include sharps or flats when needed (e.g. do#, reb, fa#, sib). Do NOT include the octave. Reply with ONLY the syllable and accidental (if needed). Nothing else. Output only the answer.","Listen to this audio clip of a single musical note. What is the main pitch frequency, expressed in Hertz? Reply with ONLY a number (the frequency in Hz). Nothing else. Output only the answer."
distortion_heavy,saturation,"{'type': 'saturation', 'drive_db': 30.0}",4069,guitar,instrument,69,69,1,1,1,1,A4,A4,1,1,1,la,mi,0,1,1,69,A4,mi,440,data/audio/pitchbench_e2_audio_effects/A4_guitar_5000ms_fx_distortion_heavy.wav,A4_guitar_5000ms_fx_distortion_heavy.wav,Listen to this audio clip of a single musical note. What is the MIDI note number (an integer from 0 to 127)? Reply with ONLY the integer. Nothing else. Output only the answer.,"Listen to this audio clip of a single musical note. What is the note name and octave? Reply with ONLY the note name in Scientific Pitch Notation (e.g. C4, F#3, Bb5). Nothing else. Output only the answer.","Listen to this audio clip of a single musical note. What is the solfege syllable and accidental (if needed) of this pitch? Use fixed-do (do=C, re=D, mi=E, fa=F, sol=G, la=A, si=B). Include sharps or flats when needed (e.g. do#, reb, fa#, sib). Do NOT include the octave. Reply with ONLY the syllable and accidental (if needed). Nothing else. Output only the answer.","Listen to this audio clip of a single musical note. What is the main pitch frequency, expressed in Hertz? Reply with ONLY a number (the frequency in Hz). Nothing else. Output only the answer."
distortion_heavy,saturation,"{'type': 'saturation', 'drive_db': 30.0}",4069,clarinet,instrument,69,69,1,1,1,1,A4,B4,0,0,1,la,sol,0,1,1,69,B4,sol,440,data/audio/pitchbench_e2_audio_effects/A4_clarinet_5000ms_fx_distortion_heavy.wav,A4_clarinet_5000ms_fx_distortion_heavy.wav,Listen to this audio clip of a single musical note. What is the MIDI note number (an integer from 0 to 127)? Reply with ONLY the integer. Nothing else. Output only the answer.,"Listen to this audio clip of a single musical note. What is the note name and octave? Reply with ONLY the note name in Scientific Pitch Notation (e.g. C4, F#3, Bb5). Nothing else. Output only the answer.","Listen to this audio clip of a single musical note. What is the solfege syllable and accidental (if needed) of this pitch? Use fixed-do (do=C, re=D, mi=E, fa=F, sol=G, la=A, si=B). Include sharps or flats when needed (e.g. do#, reb, fa#, sib). Do NOT include the octave. Reply with ONLY the syllable and accidental (if needed). Nothing else. Output only the answer.","Listen to this audio clip of a single musical note. What is the main pitch frequency, expressed in Hertz? Reply with ONLY a number (the frequency in Hz). Nothing else. Output only the answer."
distortion_heavy,saturation,"{'type': 'saturation', 'drive_db': 30.0}",4069,voice,instrument,69,69,1,1,1,1,A4,A4,1,1,1,la,sol,0,1,1,69,A4,sol,440,data/audio/pitchbench_e2_audio_effects/A4_voice_5000ms_fx_distortion_heavy.wav,A4_voice_5000ms_fx_distortion_heavy.wav,Listen to this audio clip of a single musical note. What is the MIDI note number (an integer from 0 to 127)? Reply with ONLY the integer. Nothing else. Output only the answer.,"Listen to this audio clip of a single musical note. What is the note name and octave? Reply with ONLY the note name in Scientific Pitch Notation (e.g. C4, F#3, Bb5). Nothing else. Output only the answer.","Listen to this audio clip of a single musical note. What is the solfege syllable and accidental (if needed) of this pitch? Use fixed-do (do=C, re=D, mi=E, fa=F, sol=G, la=A, si=B). Include sharps or flats when needed (e.g. do#, reb, fa#, sib). Do NOT include the octave. Reply with ONLY the syllable and accidental (if needed). Nothing else. Output only the answer.","Listen to this audio clip of a single musical note. What is the main pitch frequency, expressed in Hertz? Reply with ONLY a number (the frequency in Hz). Nothing else. Output only the answer."
distortion_heavy,saturation,"{'type': 'saturation', 'drive_db': 30.0}",4069,trumpet,instrument,69,69,1,1,1,1,A4,A#4,0,0,1,la,sol,0,1,1,69,A#4,sol,440,data/audio/pitchbench_e2_audio_effects/A4_trumpet_5000ms_fx_distortion_heavy.wav,A4_trumpet_5000ms_fx_distortion_heavy.wav,Listen to this audio clip of a single musical note. What is the MIDI note number (an integer from 0 to 127)? Reply with ONLY the integer. Nothing else. Output only the answer.,"Listen to this audio clip of a single musical note. What is the note name and octave? Reply with ONLY the note name in Scientific Pitch Notation (e.g. C4, F#3, Bb5). Nothing else. Output only the answer.","Listen to this audio clip of a single musical note. What is the solfege syllable and accidental (if needed) of this pitch? Use fixed-do (do=C, re=D, mi=E, fa=F, sol=G, la=A, si=B). Include sharps or flats when needed (e.g. do#, reb, fa#, sib). Do NOT include the octave. Reply with ONLY the syllable and accidental (if needed). Nothing else. Output only the answer.","Listen to this audio clip of a single musical note. What is the main pitch frequency, expressed in Hertz? Reply with ONLY a number (the frequency in Hz). Nothing else. Output only the answer."
distortion_heavy,saturation,"{'type': 'saturation', 'drive_db': 30.0}",4069,bass,instrument,69,69,1,1,1,1,A4,E4,0,0,1,la,fa#,0,1,1,69,E4,fa#,440,data/audio/pitchbench_e2_audio_effects/A4_bass_5000ms_fx_distortion_heavy.wav,A4_bass_5000ms_fx_distortion_heavy.wav,Listen to this audio clip of a single musical note. What is the MIDI note number (an integer from 0 to 127)? Reply with ONLY the integer. Nothing else. Output only the answer.,"Listen to this audio clip of a single musical note. What is the note name and octave? Reply with ONLY the note name in Scientific Pitch Notation (e.g. C4, F#3, Bb5). Nothing else. Output only the answer.","Listen to this audio clip of a single musical note. What is the solfege syllable and accidental (if needed) of this pitch? Use fixed-do (do=C, re=D, mi=E, fa=F, sol=G, la=A, si=B). Include sharps or flats when needed (e.g. do#, reb, fa#, sib). Do NOT include the octave. Reply with ONLY the syllable and accidental (if needed). Nothing else. Output only the answer.","Listen to this audio clip of a single musical note. What is the main pitch frequency, expressed in Hertz? Reply with ONLY a number (the frequency in Hz). Nothing else. Output only the answer."
distortion_heavy,saturation,"{'type': 'saturation', 'drive_db': 30.0}",4079,bass,instrument,79,69,0,0,0,0,G5,A4,0,0,0,sol,sol,1,0,0,69,A4,sol,440,data/audio/pitchbench_e2_audio_effects/G5_bass_5000ms_fx_distortion_heavy.wav,G5_bass_5000ms_fx_distortion_heavy.wav,Listen to this audio clip of a single musical note. What is the MIDI note number (an integer from 0 to 127)? Reply with ONLY the integer. Nothing else. Output only the answer.,"Listen to this audio clip of a single musical note. What is the note name and octave? Reply with ONLY the note name in Scientific Pitch Notation (e.g. C4, F#3, Bb5). Nothing else. Output only the answer.","Listen to this audio clip of a single musical note. What is the solfege syllable and accidental (if needed) of this pitch? Use fixed-do (do=C, re=D, mi=E, fa=F, sol=G, la=A, si=B). Include sharps or flats when needed (e.g. do#, reb, fa#, sib). Do NOT include the octave. Reply with ONLY the syllable and accidental (if needed). Nothing else. Output only the answer.","Listen to this audio clip of a single musical note. What is the main pitch frequency, expressed in Hertz? Reply with ONLY a number (the frequency in Hz). Nothing else. Output only the answer."
distortion_heavy,saturation,"{'type': 'saturation', 'drive_db': 30.0}",4079,trumpet,instrument,79,72,0,0,0,1,G5,A4,0,0,0,sol,mi,0,0,0,72,A4,mi,440,data/audio/pitchbench_e2_audio_effects/G5_trumpet_5000ms_fx_distortion_heavy.wav,G5_trumpet_5000ms_fx_distortion_heavy.wav,Listen to this audio clip of a single musical note. What is the MIDI note number (an integer from 0 to 127)? Reply with ONLY the integer. Nothing else. Output only the answer.,"Listen to this audio clip of a single musical note. What is the note name and octave? Reply with ONLY the note name in Scientific Pitch Notation (e.g. C4, F#3, Bb5). Nothing else. Output only the answer.","Listen to this audio clip of a single musical note. What is the solfege syllable and accidental (if needed) of this pitch? Use fixed-do (do=C, re=D, mi=E, fa=F, sol=G, la=A, si=B). Include sharps or flats when needed (e.g. do#, reb, fa#, sib). Do NOT include the octave. Reply with ONLY the syllable and accidental (if needed). Nothing else. Output only the answer.","Listen to this audio clip of a single musical note. What is the main pitch frequency, expressed in Hertz? Reply with ONLY a number (the frequency in Hz). Nothing else. Output only the answer."
distortion_heavy,saturation,"{'type': 'saturation', 'drive_db': 30.0}",4079,sawtooth,waveform,79,69,0,0,0,0,G5,A4,0,0,0,sol,sol,1,0,0,69,A4,sol,440,data/audio/pitchbench_e2_audio_effects/G5_sawtooth_5000ms_fx_distortion_heavy.wav,G5_sawtooth_5000ms_fx_distortion_heavy.wav,Listen to this audio clip of a single musical note. What is the MIDI note number (an integer from 0 to 127)? Reply with ONLY the integer. Nothing else. Output only the answer.,"Listen to this audio clip of a single musical note. What is the note name and octave? Reply with ONLY the note name in Scientific Pitch Notation (e.g. C4, F#3, Bb5). Nothing else. Output only the answer.","Listen to this audio clip of a single musical note. What is the solfege syllable and accidental (if needed) of this pitch? Use fixed-do (do=C, re=D, mi=E, fa=F, sol=G, la=A, si=B). Include sharps or flats when needed (e.g. do#, reb, fa#, sib). Do NOT include the octave. Reply with ONLY the syllable and accidental (if needed). Nothing else. Output only the answer.","Listen to this audio clip of a single musical note. What is the main pitch frequency, expressed in Hertz? Reply with ONLY a number (the frequency in Hz). Nothing else. Output only the answer."
distortion_heavy,saturation,"{'type': 'saturation', 'drive_db': 30.0}",4079,square,waveform,79,69,0,0,0,0,G5,A4,0,0,0,sol,fa#,0,0,0,69,A4,fa#,440,data/audio/pitchbench_e2_audio_effects/G5_square_5000ms_fx_distortion_heavy.wav,G5_square_5000ms_fx_distortion_heavy.wav,Listen to this audio clip of a single musical note. What is the MIDI note number (an integer from 0 to 127)? Reply with ONLY the integer. Nothing else. Output only the answer.,"Listen to this audio clip of a single musical note. What is the note name and octave? Reply with ONLY the note name in Scientific Pitch Notation (e.g. C4, F#3, Bb5). Nothing else. Output only the answer.","Listen to this audio clip of a single musical note. What is the solfege syllable and accidental (if needed) of this pitch? Use fixed-do (do=C, re=D, mi=E, fa=F, sol=G, la=A, si=B). Include sharps or flats when needed (e.g. do#, reb, fa#, sib). Do NOT include the octave. Reply with ONLY the syllable and accidental (if needed). Nothing else. Output only the answer.","Listen to this audio clip of a single musical note. What is the main pitch frequency, expressed in Hertz? Reply with ONLY a number (the frequency in Hz). Nothing else. Output only the answer."
distortion_heavy,saturation,"{'type': 'saturation', 'drive_db': 30.0}",4079,clarinet,instrument,79,72,0,0,0,1,G5,A#4,0,0,0,sol,sol#,0,0,0,72,A#4,sol#,440,data/audio/pitchbench_e2_audio_effects/G5_clarinet_5000ms_fx_distortion_heavy.wav,G5_clarinet_5000ms_fx_distortion_heavy.wav,Listen to this audio clip of a single musical note. What is the MIDI note number (an integer from 0 to 127)? Reply with ONLY the integer. Nothing else. Output only the answer.,"Listen to this audio clip of a single musical note. What is the note name and octave? Reply with ONLY the note name in Scientific Pitch Notation (e.g. C4, F#3, Bb5). Nothing else. Output only the answer.","Listen to this audio clip of a single musical note. What is the solfege syllable and accidental (if needed) of this pitch? Use fixed-do (do=C, re=D, mi=E, fa=F, sol=G, la=A, si=B). Include sharps or flats when needed (e.g. do#, reb, fa#, sib). Do NOT include the octave. Reply with ONLY the syllable and accidental (if needed). Nothing else. Output only the answer.","Listen to this audio clip of a single musical note. What is the main pitch frequency, expressed in Hertz? Reply with ONLY a number (the frequency in Hz). Nothing else. Output only the answer."
distortion_heavy,saturation,"{'type': 'saturation', 'drive_db': 30.0}",4088,cello,instrument,88,72,0,0,0,0,E6,E6,1,1,1,mi,fa,0,0,1,72,E6,fa,440,data/audio/pitchbench_e2_audio_effects/E6_cello_5000ms_fx_distortion_heavy.wav,E6_cello_5000ms_fx_distortion_heavy.wav,Listen to this audio clip of a single musical note. What is the MIDI note number (an integer from 0 to 127)? Reply with ONLY the integer. Nothing else. Output only the answer.,"Listen to this audio clip of a single musical note. What is the note name and octave? Reply with ONLY the note name in Scientific Pitch Notation (e.g. C4, F#3, Bb5). Nothing else. Output only the answer.","Listen to this audio clip of a single musical note. What is the solfege syllable and accidental (if needed) of this pitch? Use fixed-do (do=C, re=D, mi=E, fa=F, sol=G, la=A, si=B). Include sharps or flats when needed (e.g. do#, reb, fa#, sib). Do NOT include the octave. Reply with ONLY the syllable and accidental (if needed). Nothing else. Output only the answer.","Listen to this audio clip of a single musical note. What is the main pitch frequency, expressed in Hertz? Reply with ONLY a number (the frequency in Hz). Nothing else. Output only the answer."
distortion_heavy,saturation,"{'type': 'saturation', 'drive_db': 30.0}",4088,trumpet,instrument,88,72,0,0,0,0,E6,A5,0,0,0,mi,mi,1,0,0,72,A5,mi,440,data/audio/pitchbench_e2_audio_effects/E6_trumpet_5000ms_fx_distortion_heavy.wav,E6_trumpet_5000ms_fx_distortion_heavy.wav,Listen to this audio clip of a single musical note. What is the MIDI note number (an integer from 0 to 127)? Reply with ONLY the integer. Nothing else. Output only the answer.,"Listen to this audio clip of a single musical note. What is the note name and octave? Reply with ONLY the note name in Scientific Pitch Notation (e.g. C4, F#3, Bb5). Nothing else. Output only the answer.","Listen to this audio clip of a single musical note. What is the solfege syllable and accidental (if needed) of this pitch? Use fixed-do (do=C, re=D, mi=E, fa=F, sol=G, la=A, si=B). Include sharps or flats when needed (e.g. do#, reb, fa#, sib). Do NOT include the octave. Reply with ONLY the syllable and accidental (if needed). Nothing else. Output only the answer.","Listen to this audio clip of a single musical note. What is the main pitch frequency, expressed in Hertz? Reply with ONLY a number (the frequency in Hz). Nothing else. Output only the answer."
distortion_heavy,saturation,"{'type': 'saturation', 'drive_db': 30.0}",4088,sawtooth,waveform,88,69,0,0,0,0,E6,A4,0,0,0,mi,sol,0,0,0,69,A4,sol,440,data/audio/pitchbench_e2_audio_effects/E6_sawtooth_5000ms_fx_distortion_heavy.wav,E6_sawtooth_5000ms_fx_distortion_heavy.wav,Listen to this audio clip of a single musical note. What is the MIDI note number (an integer from 0 to 127)? Reply with ONLY the integer. Nothing else. Output only the answer.,"Listen to this audio clip of a single musical note. What is the note name and octave? Reply with ONLY the note name in Scientific Pitch Notation (e.g. C4, F#3, Bb5). Nothing else. Output only the answer.","Listen to this audio clip of a single musical note. What is the solfege syllable and accidental (if needed) of this pitch? Use fixed-do (do=C, re=D, mi=E, fa=F, sol=G, la=A, si=B). Include sharps or flats when needed (e.g. do#, reb, fa#, sib). Do NOT include the octave. Reply with ONLY the syllable and accidental (if needed). Nothing else. Output only the answer.","Listen to this audio clip of a single musical note. What is the main pitch frequency, expressed in Hertz? Reply with ONLY a number (the frequency in Hz). Nothing else. Output only the answer."
distortion_heavy,saturation,"{'type': 'saturation', 'drive_db': 30.0}",4088,sine,waveform,88,72,0,0,0,0,E6,A4,0,0,0,mi,sol,0,0,0,72,A4,sol,440,data/audio/pitchbench_e2_audio_effects/E6_sine_5000ms_fx_distortion_heavy.wav,E6_sine_5000ms_fx_distortion_heavy.wav,Listen to this audio clip of a single musical note. What is the MIDI note number (an integer from 0 to 127)? Reply with ONLY the integer. Nothing else. Output only the answer.,"Listen to this audio clip of a single musical note. What is the note name and octave? Reply with ONLY the note name in Scientific Pitch Notation (e.g. C4, F#3, Bb5). Nothing else. Output only the answer.","Listen to this audio clip of a single musical note. What is the solfege syllable and accidental (if needed) of this pitch? Use fixed-do (do=C, re=D, mi=E, fa=F, sol=G, la=A, si=B). Include sharps or flats when needed (e.g. do#, reb, fa#, sib). Do NOT include the octave. Reply with ONLY the syllable and accidental (if needed). Nothing else. Output only the answer.","Listen to this audio clip of a single musical note. What is the main pitch frequency, expressed in Hertz? Reply with ONLY a number (the frequency in Hz). Nothing else. Output only the answer."
distortion_heavy,saturation,"{'type': 'saturation', 'drive_db': 30.0}",4088,electric_keyboard,instrument,88,69,0,0,0,0,E6,A4,0,0,0,mi,sol,0,0,0,69,A4,sol,440,data/audio/pitchbench_e2_audio_effects/E6_electric_keyboard_5000ms_fx_distortion_heavy.wav,E6_electric_keyboard_5000ms_fx_distortion_heavy.wav,Listen to this audio clip of a single musical note. What is the MIDI note number (an integer from 0 to 127)? Reply with ONLY the integer. Nothing else. Output only the answer.,"Listen to this audio clip of a single musical note. What is the note name and octave? Reply with ONLY the note name in Scientific Pitch Notation (e.g. C4, F#3, Bb5). Nothing else. Output only the answer.","Listen to this audio clip of a single musical note. What is the solfege syllable and accidental (if needed) of this pitch? Use fixed-do (do=C, re=D, mi=E, fa=F, sol=G, la=A, si=B). Include sharps or flats when needed (e.g. do#, reb, fa#, sib). Do NOT include the octave. Reply with ONLY the syllable and accidental (if needed). Nothing else. Output only the answer.","Listen to this audio clip of a single musical note. What is the main pitch frequency, expressed in Hertz? Reply with ONLY a number (the frequency in Hz). Nothing else. Output only the answer."
