saturation_level,saturation_type,saturation_params,noise_seed,source,source_type,midi_gt,midi_pred,midi_correct,midi_within_1,midi_pc_correct,midi_octave_correct,spn_gt,spn_pred,spn_correct,spn_pc_correct,spn_octave_correct,doremi_gt,doremi_pred,doremi_correct,hz_correct,any_correct,raw_midi,raw_spn,raw_doremi,raw_hz,audio_url,audio_file,prompt_midi,prompt_spn,prompt_doremi,prompt_hz
clean,clean,{},30,triangle,waveform,30,52,0,0,0,0,F#1,G4,0,0,0,fa#,sol,0,0,0,52,G4,sol,440,data/audio/pitchbench_e4_harmonic_saturation/Fs1_triangle_5000ms_fx_clean.wav,Fs1_triangle_5000ms_fx_clean.wav,Listen to this audio clip of a single musical note. What is the MIDI note number (an integer from 0 to 127)? Reply with ONLY the integer. Nothing else. Output only the answer.,"Listen to this audio clip of a single musical note. What is the note name and octave? Reply with ONLY the note name in Scientific Pitch Notation (e.g. C4, F#3, Bb5). Nothing else. Output only the answer.","Listen to this audio clip of a single musical note. What is the solfege syllable and accidental (if needed) of this pitch? Use fixed-do (do=C, re=D, mi=E, fa=F, sol=G, la=A, si=B). Include sharps or flats when needed (e.g. do#, reb, fa#, sib). Do NOT include the octave. Reply with ONLY the syllable and accidental (if needed). Nothing else. Output only the answer.","Listen to this audio clip of a single musical note. What is the main pitch frequency, expressed in Hertz? Reply with ONLY a number (the frequency in Hz). Nothing else. Output only the answer."
clean,clean,{},30,sine,waveform,30,60,0,0,0,0,F#1,E4,0,0,0,fa#,sol#,0,0,0,60,E4,Sol#,200,data/audio/pitchbench_e4_harmonic_saturation/Fs1_sine_5000ms_fx_clean.wav,Fs1_sine_5000ms_fx_clean.wav,Listen to this audio clip of a single musical note. What is the MIDI note number (an integer from 0 to 127)? Reply with ONLY the integer. Nothing else. Output only the answer.,"Listen to this audio clip of a single musical note. What is the note name and octave? Reply with ONLY the note name in Scientific Pitch Notation (e.g. C4, F#3, Bb5). Nothing else. Output only the answer.","Listen to this audio clip of a single musical note. What is the solfege syllable and accidental (if needed) of this pitch? Use fixed-do (do=C, re=D, mi=E, fa=F, sol=G, la=A, si=B). Include sharps or flats when needed (e.g. do#, reb, fa#, sib). Do NOT include the octave. Reply with ONLY the syllable and accidental (if needed). Nothing else. Output only the answer.","Listen to this audio clip of a single musical note. What is the main pitch frequency, expressed in Hertz? Reply with ONLY a number (the frequency in Hz). Nothing else. Output only the answer."
clean,clean,{},30,trumpet,instrument,30,69,0,0,0,0,F#1,G2,0,0,0,fa#,sol,0,0,0,69,G2,sol,220,data/audio/pitchbench_e4_harmonic_saturation/Fs1_trumpet_5000ms_fx_clean.wav,Fs1_trumpet_5000ms_fx_clean.wav,Listen to this audio clip of a single musical note. What is the MIDI note number (an integer from 0 to 127)? Reply with ONLY the integer. Nothing else. Output only the answer.,"Listen to this audio clip of a single musical note. What is the note name and octave? Reply with ONLY the note name in Scientific Pitch Notation (e.g. C4, F#3, Bb5). Nothing else. Output only the answer.","Listen to this audio clip of a single musical note. What is the solfege syllable and accidental (if needed) of this pitch? Use fixed-do (do=C, re=D, mi=E, fa=F, sol=G, la=A, si=B). Include sharps or flats when needed (e.g. do#, reb, fa#, sib). Do NOT include the octave. Reply with ONLY the syllable and accidental (if needed). Nothing else. Output only the answer.","Listen to this audio clip of a single musical note. What is the main pitch frequency, expressed in Hertz? Reply with ONLY a number (the frequency in Hz). Nothing else. Output only the answer."
clean,clean,{},30,flute,instrument,30,69,0,0,0,0,F#1,G2,0,0,0,fa#,sol,0,0,0,69,G2,sol,196,data/audio/pitchbench_e4_harmonic_saturation/Fs1_flute_5000ms_fx_clean.wav,Fs1_flute_5000ms_fx_clean.wav,Listen to this audio clip of a single musical note. What is the MIDI note number (an integer from 0 to 127)? Reply with ONLY the integer. Nothing else. Output only the answer.,"Listen to this audio clip of a single musical note. What is the note name and octave? Reply with ONLY the note name in Scientific Pitch Notation (e.g. C4, F#3, Bb5). Nothing else. Output only the answer.","Listen to this audio clip of a single musical note. What is the solfege syllable and accidental (if needed) of this pitch? Use fixed-do (do=C, re=D, mi=E, fa=F, sol=G, la=A, si=B). Include sharps or flats when needed (e.g. do#, reb, fa#, sib). Do NOT include the octave. Reply with ONLY the syllable and accidental (if needed). Nothing else. Output only the answer.","Listen to this audio clip of a single musical note. What is the main pitch frequency, expressed in Hertz? Reply with ONLY a number (the frequency in Hz). Nothing else. Output only the answer."
clean,clean,{},30,voice,instrument,30,69,0,0,0,0,F#1,A#2,0,0,0,fa#,sol,0,0,0,69,A#2,sol,440,data/audio/pitchbench_e4_harmonic_saturation/Fs1_voice_5000ms_fx_clean.wav,Fs1_voice_5000ms_fx_clean.wav,Listen to this audio clip of a single musical note. What is the MIDI note number (an integer from 0 to 127)? Reply with ONLY the integer. Nothing else. Output only the answer.,"Listen to this audio clip of a single musical note. What is the note name and octave? Reply with ONLY the note name in Scientific Pitch Notation (e.g. C4, F#3, Bb5). Nothing else. Output only the answer.","Listen to this audio clip of a single musical note. What is the solfege syllable and accidental (if needed) of this pitch? Use fixed-do (do=C, re=D, mi=E, fa=F, sol=G, la=A, si=B). Include sharps or flats when needed (e.g. do#, reb, fa#, sib). Do NOT include the octave. Reply with ONLY the syllable and accidental (if needed). Nothing else. Output only the answer.","Listen to this audio clip of a single musical note. What is the main pitch frequency, expressed in Hertz? Reply with ONLY a number (the frequency in Hz). Nothing else. Output only the answer."
clean,clean,{},36,piano,instrument,36,69,0,0,0,0,C2,A3,0,0,0,do,sol,0,0,0,69,A3,sol,440,data/audio/pitchbench_e4_harmonic_saturation/C2_piano_5000ms_fx_clean.wav,C2_piano_5000ms_fx_clean.wav,Listen to this audio clip of a single musical note. What is the MIDI note number (an integer from 0 to 127)? Reply with ONLY the integer. Nothing else. Output only the answer.,"Listen to this audio clip of a single musical note. What is the note name and octave? Reply with ONLY the note name in Scientific Pitch Notation (e.g. C4, F#3, Bb5). Nothing else. Output only the answer.","Listen to this audio clip of a single musical note. What is the solfege syllable and accidental (if needed) of this pitch? Use fixed-do (do=C, re=D, mi=E, fa=F, sol=G, la=A, si=B). Include sharps or flats when needed (e.g. do#, reb, fa#, sib). Do NOT include the octave. Reply with ONLY the syllable and accidental (if needed). Nothing else. Output only the answer.","Listen to this audio clip of a single musical note. What is the main pitch frequency, expressed in Hertz? Reply with ONLY a number (the frequency in Hz). Nothing else. Output only the answer."
clean,clean,{},36,triangle,waveform,36,,0,0,0,0,C2,,0,0,0,do,sol,0,0,0,"I'm sorry, but I can't determine the MIDI note number from the audio.","I’m sorry, but I can’t identify the note from the audio.",sol,I will analyze the audio to determine the main pitch frequency. Please give me a moment.,data/audio/pitchbench_e4_harmonic_saturation/C2_triangle_5000ms_fx_clean.wav,C2_triangle_5000ms_fx_clean.wav,Listen to this audio clip of a single musical note. What is the MIDI note number (an integer from 0 to 127)? Reply with ONLY the integer. Nothing else. Output only the answer.,"Listen to this audio clip of a single musical note. What is the note name and octave? Reply with ONLY the note name in Scientific Pitch Notation (e.g. C4, F#3, Bb5). Nothing else. Output only the answer.","Listen to this audio clip of a single musical note. What is the solfege syllable and accidental (if needed) of this pitch? Use fixed-do (do=C, re=D, mi=E, fa=F, sol=G, la=A, si=B). Include sharps or flats when needed (e.g. do#, reb, fa#, sib). Do NOT include the octave. Reply with ONLY the syllable and accidental (if needed). Nothing else. Output only the answer.","Listen to this audio clip of a single musical note. What is the main pitch frequency, expressed in Hertz? Reply with ONLY a number (the frequency in Hz). Nothing else. Output only the answer."
clean,clean,{},36,square,waveform,36,69,0,0,0,0,C2,A4,0,0,0,do,sol,0,0,0,69,A4,sol,440,data/audio/pitchbench_e4_harmonic_saturation/C2_square_5000ms_fx_clean.wav,C2_square_5000ms_fx_clean.wav,Listen to this audio clip of a single musical note. What is the MIDI note number (an integer from 0 to 127)? Reply with ONLY the integer. Nothing else. Output only the answer.,"Listen to this audio clip of a single musical note. What is the note name and octave? Reply with ONLY the note name in Scientific Pitch Notation (e.g. C4, F#3, Bb5). Nothing else. Output only the answer.","Listen to this audio clip of a single musical note. What is the solfege syllable and accidental (if needed) of this pitch? Use fixed-do (do=C, re=D, mi=E, fa=F, sol=G, la=A, si=B). Include sharps or flats when needed (e.g. do#, reb, fa#, sib). Do NOT include the octave. Reply with ONLY the syllable and accidental (if needed). Nothing else. Output only the answer.","Listen to this audio clip of a single musical note. What is the main pitch frequency, expressed in Hertz? Reply with ONLY a number (the frequency in Hz). Nothing else. Output only the answer."
clean,clean,{},36,cello,instrument,36,69,0,0,0,0,C2,A2,0,0,1,do,sol,0,0,0,69,A2,sol,196,data/audio/pitchbench_e4_harmonic_saturation/C2_cello_5000ms_fx_clean.wav,C2_cello_5000ms_fx_clean.wav,Listen to this audio clip of a single musical note. What is the MIDI note number (an integer from 0 to 127)? Reply with ONLY the integer. Nothing else. Output only the answer.,"Listen to this audio clip of a single musical note. What is the note name and octave? Reply with ONLY the note name in Scientific Pitch Notation (e.g. C4, F#3, Bb5). Nothing else. Output only the answer.","Listen to this audio clip of a single musical note. What is the solfege syllable and accidental (if needed) of this pitch? Use fixed-do (do=C, re=D, mi=E, fa=F, sol=G, la=A, si=B). Include sharps or flats when needed (e.g. do#, reb, fa#, sib). Do NOT include the octave. Reply with ONLY the syllable and accidental (if needed). Nothing else. Output only the answer.","Listen to this audio clip of a single musical note. What is the main pitch frequency, expressed in Hertz? Reply with ONLY a number (the frequency in Hz). Nothing else. Output only the answer."
clean,clean,{},36,sine,waveform,36,67,0,0,0,0,C2,A4,0,0,0,do,fa,0,0,0,67,A4,fa,440,data/audio/pitchbench_e4_harmonic_saturation/C2_sine_5000ms_fx_clean.wav,C2_sine_5000ms_fx_clean.wav,Listen to this audio clip of a single musical note. What is the MIDI note number (an integer from 0 to 127)? Reply with ONLY the integer. Nothing else. Output only the answer.,"Listen to this audio clip of a single musical note. What is the note name and octave? Reply with ONLY the note name in Scientific Pitch Notation (e.g. C4, F#3, Bb5). Nothing else. Output only the answer.","Listen to this audio clip of a single musical note. What is the solfege syllable and accidental (if needed) of this pitch? Use fixed-do (do=C, re=D, mi=E, fa=F, sol=G, la=A, si=B). Include sharps or flats when needed (e.g. do#, reb, fa#, sib). Do NOT include the octave. Reply with ONLY the syllable and accidental (if needed). Nothing else. Output only the answer.","Listen to this audio clip of a single musical note. What is the main pitch frequency, expressed in Hertz? Reply with ONLY a number (the frequency in Hz). Nothing else. Output only the answer."
clean,clean,{},43,sine,waveform,43,69,0,0,0,0,G2,G4,0,1,0,sol,sol#,0,0,0,69,G4,Sol#,440,data/audio/pitchbench_e4_harmonic_saturation/G2_sine_5000ms_fx_clean.wav,G2_sine_5000ms_fx_clean.wav,Listen to this audio clip of a single musical note. What is the MIDI note number (an integer from 0 to 127)? Reply with ONLY the integer. Nothing else. Output only the answer.,"Listen to this audio clip of a single musical note. What is the note name and octave? Reply with ONLY the note name in Scientific Pitch Notation (e.g. C4, F#3, Bb5). Nothing else. Output only the answer.","Listen to this audio clip of a single musical note. What is the solfege syllable and accidental (if needed) of this pitch? Use fixed-do (do=C, re=D, mi=E, fa=F, sol=G, la=A, si=B). Include sharps or flats when needed (e.g. do#, reb, fa#, sib). Do NOT include the octave. Reply with ONLY the syllable and accidental (if needed). Nothing else. Output only the answer.","Listen to this audio clip of a single musical note. What is the main pitch frequency, expressed in Hertz? Reply with ONLY a number (the frequency in Hz). Nothing else. Output only the answer."
clean,clean,{},43,square,waveform,43,69,0,0,0,0,G2,A4,0,0,0,sol,sol,1,0,0,69,A4,sol,440,data/audio/pitchbench_e4_harmonic_saturation/G2_square_5000ms_fx_clean.wav,G2_square_5000ms_fx_clean.wav,Listen to this audio clip of a single musical note. What is the MIDI note number (an integer from 0 to 127)? Reply with ONLY the integer. Nothing else. Output only the answer.,"Listen to this audio clip of a single musical note. What is the note name and octave? Reply with ONLY the note name in Scientific Pitch Notation (e.g. C4, F#3, Bb5). Nothing else. Output only the answer.","Listen to this audio clip of a single musical note. What is the solfege syllable and accidental (if needed) of this pitch? Use fixed-do (do=C, re=D, mi=E, fa=F, sol=G, la=A, si=B). Include sharps or flats when needed (e.g. do#, reb, fa#, sib). Do NOT include the octave. Reply with ONLY the syllable and accidental (if needed). Nothing else. Output only the answer.","Listen to this audio clip of a single musical note. What is the main pitch frequency, expressed in Hertz? Reply with ONLY a number (the frequency in Hz). Nothing else. Output only the answer."
clean,clean,{},43,guitar,instrument,43,69,0,0,0,0,G2,G3,0,1,0,sol,sol,1,0,0,69,G3,sol,440,data/audio/pitchbench_e4_harmonic_saturation/G2_guitar_5000ms_fx_clean.wav,G2_guitar_5000ms_fx_clean.wav,Listen to this audio clip of a single musical note. What is the MIDI note number (an integer from 0 to 127)? Reply with ONLY the integer. Nothing else. Output only the answer.,"Listen to this audio clip of a single musical note. What is the note name and octave? Reply with ONLY the note name in Scientific Pitch Notation (e.g. C4, F#3, Bb5). Nothing else. Output only the answer.","Listen to this audio clip of a single musical note. What is the solfege syllable and accidental (if needed) of this pitch? Use fixed-do (do=C, re=D, mi=E, fa=F, sol=G, la=A, si=B). Include sharps or flats when needed (e.g. do#, reb, fa#, sib). Do NOT include the octave. Reply with ONLY the syllable and accidental (if needed). Nothing else. Output only the answer.","Listen to this audio clip of a single musical note. What is the main pitch frequency, expressed in Hertz? Reply with ONLY a number (the frequency in Hz). Nothing else. Output only the answer."
clean,clean,{},43,flute,instrument,43,69,0,0,0,0,G2,A#2,0,0,1,sol,sol,1,0,0,69,A#2,sol,440,data/audio/pitchbench_e4_harmonic_saturation/G2_flute_5000ms_fx_clean.wav,G2_flute_5000ms_fx_clean.wav,Listen to this audio clip of a single musical note. What is the MIDI note number (an integer from 0 to 127)? Reply with ONLY the integer. Nothing else. Output only the answer.,"Listen to this audio clip of a single musical note. What is the note name and octave? Reply with ONLY the note name in Scientific Pitch Notation (e.g. C4, F#3, Bb5). Nothing else. Output only the answer.","Listen to this audio clip of a single musical note. What is the solfege syllable and accidental (if needed) of this pitch? Use fixed-do (do=C, re=D, mi=E, fa=F, sol=G, la=A, si=B). Include sharps or flats when needed (e.g. do#, reb, fa#, sib). Do NOT include the octave. Reply with ONLY the syllable and accidental (if needed). Nothing else. Output only the answer.","Listen to this audio clip of a single musical note. What is the main pitch frequency, expressed in Hertz? Reply with ONLY a number (the frequency in Hz). Nothing else. Output only the answer."
clean,clean,{},43,trumpet,instrument,43,69,0,0,0,0,G2,A#2,0,0,1,sol,sol,1,0,0,69,A#2,sol,440,data/audio/pitchbench_e4_harmonic_saturation/G2_trumpet_5000ms_fx_clean.wav,G2_trumpet_5000ms_fx_clean.wav,Listen to this audio clip of a single musical note. What is the MIDI note number (an integer from 0 to 127)? Reply with ONLY the integer. Nothing else. Output only the answer.,"Listen to this audio clip of a single musical note. What is the note name and octave? Reply with ONLY the note name in Scientific Pitch Notation (e.g. C4, F#3, Bb5). Nothing else. Output only the answer.","Listen to this audio clip of a single musical note. What is the solfege syllable and accidental (if needed) of this pitch? Use fixed-do (do=C, re=D, mi=E, fa=F, sol=G, la=A, si=B). Include sharps or flats when needed (e.g. do#, reb, fa#, sib). Do NOT include the octave. Reply with ONLY the syllable and accidental (if needed). Nothing else. Output only the answer.","Listen to this audio clip of a single musical note. What is the main pitch frequency, expressed in Hertz? Reply with ONLY a number (the frequency in Hz). Nothing else. Output only the answer."
clean,clean,{},48,sine,waveform,48,69,0,0,0,0,C3,A4,0,0,0,do,sol,0,0,0,69,A4,sol,440,data/audio/pitchbench_e4_harmonic_saturation/C3_sine_5000ms_fx_clean.wav,C3_sine_5000ms_fx_clean.wav,Listen to this audio clip of a single musical note. What is the MIDI note number (an integer from 0 to 127)? Reply with ONLY the integer. Nothing else. Output only the answer.,"Listen to this audio clip of a single musical note. What is the note name and octave? Reply with ONLY the note name in Scientific Pitch Notation (e.g. C4, F#3, Bb5). Nothing else. Output only the answer.","Listen to this audio clip of a single musical note. What is the solfege syllable and accidental (if needed) of this pitch? Use fixed-do (do=C, re=D, mi=E, fa=F, sol=G, la=A, si=B). Include sharps or flats when needed (e.g. do#, reb, fa#, sib). Do NOT include the octave. Reply with ONLY the syllable and accidental (if needed). Nothing else. Output only the answer.","Listen to this audio clip of a single musical note. What is the main pitch frequency, expressed in Hertz? Reply with ONLY a number (the frequency in Hz). Nothing else. Output only the answer."
clean,clean,{},48,synth_pad,instrument,48,69,0,0,0,0,C3,G2,0,0,0,do,mi,0,0,0,69,G2,mi,196,data/audio/pitchbench_e4_harmonic_saturation/C3_synth_pad_5000ms_fx_clean.wav,C3_synth_pad_5000ms_fx_clean.wav,Listen to this audio clip of a single musical note. What is the MIDI note number (an integer from 0 to 127)? Reply with ONLY the integer. Nothing else. Output only the answer.,"Listen to this audio clip of a single musical note. What is the note name and octave? Reply with ONLY the note name in Scientific Pitch Notation (e.g. C4, F#3, Bb5). Nothing else. Output only the answer.","Listen to this audio clip of a single musical note. What is the solfege syllable and accidental (if needed) of this pitch? Use fixed-do (do=C, re=D, mi=E, fa=F, sol=G, la=A, si=B). Include sharps or flats when needed (e.g. do#, reb, fa#, sib). Do NOT include the octave. Reply with ONLY the syllable and accidental (if needed). Nothing else. Output only the answer.","Listen to this audio clip of a single musical note. What is the main pitch frequency, expressed in Hertz? Reply with ONLY a number (the frequency in Hz). Nothing else. Output only the answer."
clean,clean,{},48,guitar,instrument,48,69,0,0,0,0,C3,E2,0,0,0,do,sol,0,0,0,69,E2,sol,440,data/audio/pitchbench_e4_harmonic_saturation/C3_guitar_5000ms_fx_clean.wav,C3_guitar_5000ms_fx_clean.wav,Listen to this audio clip of a single musical note. What is the MIDI note number (an integer from 0 to 127)? Reply with ONLY the integer. Nothing else. Output only the answer.,"Listen to this audio clip of a single musical note. What is the note name and octave? Reply with ONLY the note name in Scientific Pitch Notation (e.g. C4, F#3, Bb5). Nothing else. Output only the answer.","Listen to this audio clip of a single musical note. What is the solfege syllable and accidental (if needed) of this pitch? Use fixed-do (do=C, re=D, mi=E, fa=F, sol=G, la=A, si=B). Include sharps or flats when needed (e.g. do#, reb, fa#, sib). Do NOT include the octave. Reply with ONLY the syllable and accidental (if needed). Nothing else. Output only the answer.","Listen to this audio clip of a single musical note. What is the main pitch frequency, expressed in Hertz? Reply with ONLY a number (the frequency in Hz). Nothing else. Output only the answer."
clean,clean,{},48,cello,instrument,48,69,0,0,0,0,C3,A3,0,0,1,do,sol,0,0,0,69,A3,sol,196,data/audio/pitchbench_e4_harmonic_saturation/C3_cello_5000ms_fx_clean.wav,C3_cello_5000ms_fx_clean.wav,Listen to this audio clip of a single musical note. What is the MIDI note number (an integer from 0 to 127)? Reply with ONLY the integer. Nothing else. Output only the answer.,"Listen to this audio clip of a single musical note. What is the note name and octave? Reply with ONLY the note name in Scientific Pitch Notation (e.g. C4, F#3, Bb5). Nothing else. Output only the answer.","Listen to this audio clip of a single musical note. What is the solfege syllable and accidental (if needed) of this pitch? Use fixed-do (do=C, re=D, mi=E, fa=F, sol=G, la=A, si=B). Include sharps or flats when needed (e.g. do#, reb, fa#, sib). Do NOT include the octave. Reply with ONLY the syllable and accidental (if needed). Nothing else. Output only the answer.","Listen to this audio clip of a single musical note. What is the main pitch frequency, expressed in Hertz? Reply with ONLY a number (the frequency in Hz). Nothing else. Output only the answer."
clean,clean,{},48,triangle,waveform,48,72,0,0,1,0,C3,E4,0,0,0,do,sol,0,0,0,72,E4,sol,440,data/audio/pitchbench_e4_harmonic_saturation/C3_triangle_5000ms_fx_clean.wav,C3_triangle_5000ms_fx_clean.wav,Listen to this audio clip of a single musical note. What is the MIDI note number (an integer from 0 to 127)? Reply with ONLY the integer. Nothing else. Output only the answer.,"Listen to this audio clip of a single musical note. What is the note name and octave? Reply with ONLY the note name in Scientific Pitch Notation (e.g. C4, F#3, Bb5). Nothing else. Output only the answer.","Listen to this audio clip of a single musical note. What is the solfege syllable and accidental (if needed) of this pitch? Use fixed-do (do=C, re=D, mi=E, fa=F, sol=G, la=A, si=B). Include sharps or flats when needed (e.g. do#, reb, fa#, sib). Do NOT include the octave. Reply with ONLY the syllable and accidental (if needed). Nothing else. Output only the answer.","Listen to this audio clip of a single musical note. What is the main pitch frequency, expressed in Hertz? Reply with ONLY a number (the frequency in Hz). Nothing else. Output only the answer."
clean,clean,{},54,organ,instrument,54,72,0,0,0,0,F#3,F4,0,0,0,fa#,sol,0,0,0,72,F4,sol,440,data/audio/pitchbench_e4_harmonic_saturation/Fs3_organ_5000ms_fx_clean.wav,Fs3_organ_5000ms_fx_clean.wav,Listen to this audio clip of a single musical note. What is the MIDI note number (an integer from 0 to 127)? Reply with ONLY the integer. Nothing else. Output only the answer.,"Listen to this audio clip of a single musical note. What is the note name and octave? Reply with ONLY the note name in Scientific Pitch Notation (e.g. C4, F#3, Bb5). Nothing else. Output only the answer.","Listen to this audio clip of a single musical note. What is the solfege syllable and accidental (if needed) of this pitch? Use fixed-do (do=C, re=D, mi=E, fa=F, sol=G, la=A, si=B). Include sharps or flats when needed (e.g. do#, reb, fa#, sib). Do NOT include the octave. Reply with ONLY the syllable and accidental (if needed). Nothing else. Output only the answer.","Listen to this audio clip of a single musical note. What is the main pitch frequency, expressed in Hertz? Reply with ONLY a number (the frequency in Hz). Nothing else. Output only the answer."
clean,clean,{},54,trumpet,instrument,54,69,0,0,0,0,F#3,A#3,0,0,1,fa#,sol,0,0,0,69,A#3,sol,440,data/audio/pitchbench_e4_harmonic_saturation/Fs3_trumpet_5000ms_fx_clean.wav,Fs3_trumpet_5000ms_fx_clean.wav,Listen to this audio clip of a single musical note. What is the MIDI note number (an integer from 0 to 127)? Reply with ONLY the integer. Nothing else. Output only the answer.,"Listen to this audio clip of a single musical note. What is the note name and octave? Reply with ONLY the note name in Scientific Pitch Notation (e.g. C4, F#3, Bb5). Nothing else. Output only the answer.","Listen to this audio clip of a single musical note. What is the solfege syllable and accidental (if needed) of this pitch? Use fixed-do (do=C, re=D, mi=E, fa=F, sol=G, la=A, si=B). Include sharps or flats when needed (e.g. do#, reb, fa#, sib). Do NOT include the octave. Reply with ONLY the syllable and accidental (if needed). Nothing else. Output only the answer.","Listen to this audio clip of a single musical note. What is the main pitch frequency, expressed in Hertz? Reply with ONLY a number (the frequency in Hz). Nothing else. Output only the answer."
clean,clean,{},54,sine,waveform,54,69,0,0,0,0,F#3,G4,0,0,0,fa#,mi,0,0,0,69,G4,mi,440,data/audio/pitchbench_e4_harmonic_saturation/Fs3_sine_5000ms_fx_clean.wav,Fs3_sine_5000ms_fx_clean.wav,Listen to this audio clip of a single musical note. What is the MIDI note number (an integer from 0 to 127)? Reply with ONLY the integer. Nothing else. Output only the answer.,"Listen to this audio clip of a single musical note. What is the note name and octave? Reply with ONLY the note name in Scientific Pitch Notation (e.g. C4, F#3, Bb5). Nothing else. Output only the answer.","Listen to this audio clip of a single musical note. What is the solfege syllable and accidental (if needed) of this pitch? Use fixed-do (do=C, re=D, mi=E, fa=F, sol=G, la=A, si=B). Include sharps or flats when needed (e.g. do#, reb, fa#, sib). Do NOT include the octave. Reply with ONLY the syllable and accidental (if needed). Nothing else. Output only the answer.","Listen to this audio clip of a single musical note. What is the main pitch frequency, expressed in Hertz? Reply with ONLY a number (the frequency in Hz). Nothing else. Output only the answer."
clean,clean,{},54,electric_keyboard,instrument,54,69,0,0,0,0,F#3,F3,0,0,1,fa#,sol,0,0,0,69,F3,sol,440,data/audio/pitchbench_e4_harmonic_saturation/Fs3_electric_keyboard_5000ms_fx_clean.wav,Fs3_electric_keyboard_5000ms_fx_clean.wav,Listen to this audio clip of a single musical note. What is the MIDI note number (an integer from 0 to 127)? Reply with ONLY the integer. Nothing else. Output only the answer.,"Listen to this audio clip of a single musical note. What is the note name and octave? Reply with ONLY the note name in Scientific Pitch Notation (e.g. C4, F#3, Bb5). Nothing else. Output only the answer.","Listen to this audio clip of a single musical note. What is the solfege syllable and accidental (if needed) of this pitch? Use fixed-do (do=C, re=D, mi=E, fa=F, sol=G, la=A, si=B). Include sharps or flats when needed (e.g. do#, reb, fa#, sib). Do NOT include the octave. Reply with ONLY the syllable and accidental (if needed). Nothing else. Output only the answer.","Listen to this audio clip of a single musical note. What is the main pitch frequency, expressed in Hertz? Reply with ONLY a number (the frequency in Hz). Nothing else. Output only the answer."
clean,clean,{},54,oboe,instrument,54,69,0,0,0,0,F#3,A#3,0,0,1,fa#,sol,0,0,0,69,A#3,sol,440,data/audio/pitchbench_e4_harmonic_saturation/Fs3_oboe_5000ms_fx_clean.wav,Fs3_oboe_5000ms_fx_clean.wav,Listen to this audio clip of a single musical note. What is the MIDI note number (an integer from 0 to 127)? Reply with ONLY the integer. Nothing else. Output only the answer.,"Listen to this audio clip of a single musical note. What is the note name and octave? Reply with ONLY the note name in Scientific Pitch Notation (e.g. C4, F#3, Bb5). Nothing else. Output only the answer.","Listen to this audio clip of a single musical note. What is the solfege syllable and accidental (if needed) of this pitch? Use fixed-do (do=C, re=D, mi=E, fa=F, sol=G, la=A, si=B). Include sharps or flats when needed (e.g. do#, reb, fa#, sib). Do NOT include the octave. Reply with ONLY the syllable and accidental (if needed). Nothing else. Output only the answer.","Listen to this audio clip of a single musical note. What is the main pitch frequency, expressed in Hertz? Reply with ONLY a number (the frequency in Hz). Nothing else. Output only the answer."
clean,clean,{},60,cello,instrument,60,69,0,0,0,1,C4,G4,0,0,1,do,sol,0,0,0,69,G4,sol,440,data/audio/pitchbench_e4_harmonic_saturation/C4_cello_5000ms_fx_clean.wav,C4_cello_5000ms_fx_clean.wav,Listen to this audio clip of a single musical note. What is the MIDI note number (an integer from 0 to 127)? Reply with ONLY the integer. Nothing else. Output only the answer.,"Listen to this audio clip of a single musical note. What is the note name and octave? Reply with ONLY the note name in Scientific Pitch Notation (e.g. C4, F#3, Bb5). Nothing else. Output only the answer.","Listen to this audio clip of a single musical note. What is the solfege syllable and accidental (if needed) of this pitch? Use fixed-do (do=C, re=D, mi=E, fa=F, sol=G, la=A, si=B). Include sharps or flats when needed (e.g. do#, reb, fa#, sib). Do NOT include the octave. Reply with ONLY the syllable and accidental (if needed). Nothing else. Output only the answer.","Listen to this audio clip of a single musical note. What is the main pitch frequency, expressed in Hertz? Reply with ONLY a number (the frequency in Hz). Nothing else. Output only the answer."
clean,clean,{},60,clarinet,instrument,60,69,0,0,0,1,C4,A4,0,0,1,do,sol,0,0,0,69,A4,sol,440,data/audio/pitchbench_e4_harmonic_saturation/C4_clarinet_5000ms_fx_clean.wav,C4_clarinet_5000ms_fx_clean.wav,Listen to this audio clip of a single musical note. What is the MIDI note number (an integer from 0 to 127)? Reply with ONLY the integer. Nothing else. Output only the answer.,"Listen to this audio clip of a single musical note. What is the note name and octave? Reply with ONLY the note name in Scientific Pitch Notation (e.g. C4, F#3, Bb5). Nothing else. Output only the answer.","Listen to this audio clip of a single musical note. What is the solfege syllable and accidental (if needed) of this pitch? Use fixed-do (do=C, re=D, mi=E, fa=F, sol=G, la=A, si=B). Include sharps or flats when needed (e.g. do#, reb, fa#, sib). Do NOT include the octave. Reply with ONLY the syllable and accidental (if needed). Nothing else. Output only the answer.","Listen to this audio clip of a single musical note. What is the main pitch frequency, expressed in Hertz? Reply with ONLY a number (the frequency in Hz). Nothing else. Output only the answer."
clean,clean,{},60,trumpet,instrument,60,69,0,0,0,1,C4,F4,0,0,1,do,fa,0,0,0,69,F4,fa,440,data/audio/pitchbench_e4_harmonic_saturation/C4_trumpet_5000ms_fx_clean.wav,C4_trumpet_5000ms_fx_clean.wav,Listen to this audio clip of a single musical note. What is the MIDI note number (an integer from 0 to 127)? Reply with ONLY the integer. Nothing else. Output only the answer.,"Listen to this audio clip of a single musical note. What is the note name and octave? Reply with ONLY the note name in Scientific Pitch Notation (e.g. C4, F#3, Bb5). Nothing else. Output only the answer.","Listen to this audio clip of a single musical note. What is the solfege syllable and accidental (if needed) of this pitch? Use fixed-do (do=C, re=D, mi=E, fa=F, sol=G, la=A, si=B). Include sharps or flats when needed (e.g. do#, reb, fa#, sib). Do NOT include the octave. Reply with ONLY the syllable and accidental (if needed). Nothing else. Output only the answer.","Listen to this audio clip of a single musical note. What is the main pitch frequency, expressed in Hertz? Reply with ONLY a number (the frequency in Hz). Nothing else. Output only the answer."
clean,clean,{},60,piano,instrument,60,69,0,0,0,1,C4,E3,0,0,0,do,sol,0,0,0,69,E3,sol,440,data/audio/pitchbench_e4_harmonic_saturation/C4_piano_5000ms_fx_clean.wav,C4_piano_5000ms_fx_clean.wav,Listen to this audio clip of a single musical note. What is the MIDI note number (an integer from 0 to 127)? Reply with ONLY the integer. Nothing else. Output only the answer.,"Listen to this audio clip of a single musical note. What is the note name and octave? Reply with ONLY the note name in Scientific Pitch Notation (e.g. C4, F#3, Bb5). Nothing else. Output only the answer.","Listen to this audio clip of a single musical note. What is the solfege syllable and accidental (if needed) of this pitch? Use fixed-do (do=C, re=D, mi=E, fa=F, sol=G, la=A, si=B). Include sharps or flats when needed (e.g. do#, reb, fa#, sib). Do NOT include the octave. Reply with ONLY the syllable and accidental (if needed). Nothing else. Output only the answer.","Listen to this audio clip of a single musical note. What is the main pitch frequency, expressed in Hertz? Reply with ONLY a number (the frequency in Hz). Nothing else. Output only the answer."
clean,clean,{},60,triangle,waveform,60,69,0,0,0,1,C4,A4,0,0,1,do,sol,0,0,0,69,A4,sol,440,data/audio/pitchbench_e4_harmonic_saturation/C4_triangle_5000ms_fx_clean.wav,C4_triangle_5000ms_fx_clean.wav,Listen to this audio clip of a single musical note. What is the MIDI note number (an integer from 0 to 127)? Reply with ONLY the integer. Nothing else. Output only the answer.,"Listen to this audio clip of a single musical note. What is the note name and octave? Reply with ONLY the note name in Scientific Pitch Notation (e.g. C4, F#3, Bb5). Nothing else. Output only the answer.","Listen to this audio clip of a single musical note. What is the solfege syllable and accidental (if needed) of this pitch? Use fixed-do (do=C, re=D, mi=E, fa=F, sol=G, la=A, si=B). Include sharps or flats when needed (e.g. do#, reb, fa#, sib). Do NOT include the octave. Reply with ONLY the syllable and accidental (if needed). Nothing else. Output only the answer.","Listen to this audio clip of a single musical note. What is the main pitch frequency, expressed in Hertz? Reply with ONLY a number (the frequency in Hz). Nothing else. Output only the answer."
clean,clean,{},64,clarinet,instrument,64,69,0,0,0,1,E4,A4,0,0,1,mi,sol,0,0,0,69,A4,sol,440,data/audio/pitchbench_e4_harmonic_saturation/E4_clarinet_5000ms_fx_clean.wav,E4_clarinet_5000ms_fx_clean.wav,Listen to this audio clip of a single musical note. What is the MIDI note number (an integer from 0 to 127)? Reply with ONLY the integer. Nothing else. Output only the answer.,"Listen to this audio clip of a single musical note. What is the note name and octave? Reply with ONLY the note name in Scientific Pitch Notation (e.g. C4, F#3, Bb5). Nothing else. Output only the answer.","Listen to this audio clip of a single musical note. What is the solfege syllable and accidental (if needed) of this pitch? Use fixed-do (do=C, re=D, mi=E, fa=F, sol=G, la=A, si=B). Include sharps or flats when needed (e.g. do#, reb, fa#, sib). Do NOT include the octave. Reply with ONLY the syllable and accidental (if needed). Nothing else. Output only the answer.","Listen to this audio clip of a single musical note. What is the main pitch frequency, expressed in Hertz? Reply with ONLY a number (the frequency in Hz). Nothing else. Output only the answer."
clean,clean,{},64,triangle,waveform,64,69,0,0,0,1,E4,A4,0,0,1,mi,sol,0,0,0,69,A4,sol,440,data/audio/pitchbench_e4_harmonic_saturation/E4_triangle_5000ms_fx_clean.wav,E4_triangle_5000ms_fx_clean.wav,Listen to this audio clip of a single musical note. What is the MIDI note number (an integer from 0 to 127)? Reply with ONLY the integer. Nothing else. Output only the answer.,"Listen to this audio clip of a single musical note. What is the note name and octave? Reply with ONLY the note name in Scientific Pitch Notation (e.g. C4, F#3, Bb5). Nothing else. Output only the answer.","Listen to this audio clip of a single musical note. What is the solfege syllable and accidental (if needed) of this pitch? Use fixed-do (do=C, re=D, mi=E, fa=F, sol=G, la=A, si=B). Include sharps or flats when needed (e.g. do#, reb, fa#, sib). Do NOT include the octave. Reply with ONLY the syllable and accidental (if needed). Nothing else. Output only the answer.","Listen to this audio clip of a single musical note. What is the main pitch frequency, expressed in Hertz? Reply with ONLY a number (the frequency in Hz). Nothing else. Output only the answer."
clean,clean,{},64,square,waveform,64,69,0,0,0,1,E4,A4,0,0,1,mi,sol#,0,0,0,69,A4,sol#,440,data/audio/pitchbench_e4_harmonic_saturation/E4_square_5000ms_fx_clean.wav,E4_square_5000ms_fx_clean.wav,Listen to this audio clip of a single musical note. What is the MIDI note number (an integer from 0 to 127)? Reply with ONLY the integer. Nothing else. Output only the answer.,"Listen to this audio clip of a single musical note. What is the note name and octave? Reply with ONLY the note name in Scientific Pitch Notation (e.g. C4, F#3, Bb5). Nothing else. Output only the answer.","Listen to this audio clip of a single musical note. What is the solfege syllable and accidental (if needed) of this pitch? Use fixed-do (do=C, re=D, mi=E, fa=F, sol=G, la=A, si=B). Include sharps or flats when needed (e.g. do#, reb, fa#, sib). Do NOT include the octave. Reply with ONLY the syllable and accidental (if needed). Nothing else. Output only the answer.","Listen to this audio clip of a single musical note. What is the main pitch frequency, expressed in Hertz? Reply with ONLY a number (the frequency in Hz). Nothing else. Output only the answer."
clean,clean,{},64,violin,instrument,64,69,0,0,0,1,E4,A#3,0,0,0,mi,sol,0,0,0,69,A#3,sol,440,data/audio/pitchbench_e4_harmonic_saturation/E4_violin_5000ms_fx_clean.wav,E4_violin_5000ms_fx_clean.wav,Listen to this audio clip of a single musical note. What is the MIDI note number (an integer from 0 to 127)? Reply with ONLY the integer. Nothing else. Output only the answer.,"Listen to this audio clip of a single musical note. What is the note name and octave? Reply with ONLY the note name in Scientific Pitch Notation (e.g. C4, F#3, Bb5). Nothing else. Output only the answer.","Listen to this audio clip of a single musical note. What is the solfege syllable and accidental (if needed) of this pitch? Use fixed-do (do=C, re=D, mi=E, fa=F, sol=G, la=A, si=B). Include sharps or flats when needed (e.g. do#, reb, fa#, sib). Do NOT include the octave. Reply with ONLY the syllable and accidental (if needed). Nothing else. Output only the answer.","Listen to this audio clip of a single musical note. What is the main pitch frequency, expressed in Hertz? Reply with ONLY a number (the frequency in Hz). Nothing else. Output only the answer."
clean,clean,{},64,sawtooth,waveform,64,69,0,0,0,1,E4,G4,0,0,1,mi,mi,1,0,0,69,G4,mi,440,data/audio/pitchbench_e4_harmonic_saturation/E4_sawtooth_5000ms_fx_clean.wav,E4_sawtooth_5000ms_fx_clean.wav,Listen to this audio clip of a single musical note. What is the MIDI note number (an integer from 0 to 127)? Reply with ONLY the integer. Nothing else. Output only the answer.,"Listen to this audio clip of a single musical note. What is the note name and octave? Reply with ONLY the note name in Scientific Pitch Notation (e.g. C4, F#3, Bb5). Nothing else. Output only the answer.","Listen to this audio clip of a single musical note. What is the solfege syllable and accidental (if needed) of this pitch? Use fixed-do (do=C, re=D, mi=E, fa=F, sol=G, la=A, si=B). Include sharps or flats when needed (e.g. do#, reb, fa#, sib). Do NOT include the octave. Reply with ONLY the syllable and accidental (if needed). Nothing else. Output only the answer.","Listen to this audio clip of a single musical note. What is the main pitch frequency, expressed in Hertz? Reply with ONLY a number (the frequency in Hz). Nothing else. Output only the answer."
clean,clean,{},69,oboe,instrument,69,69,1,1,1,1,A4,F4,0,0,1,la,fa,0,1,1,69,F4,fa,440,data/audio/pitchbench_e4_harmonic_saturation/A4_oboe_5000ms_fx_clean.wav,A4_oboe_5000ms_fx_clean.wav,Listen to this audio clip of a single musical note. What is the MIDI note number (an integer from 0 to 127)? Reply with ONLY the integer. Nothing else. Output only the answer.,"Listen to this audio clip of a single musical note. What is the note name and octave? Reply with ONLY the note name in Scientific Pitch Notation (e.g. C4, F#3, Bb5). Nothing else. Output only the answer.","Listen to this audio clip of a single musical note. What is the solfege syllable and accidental (if needed) of this pitch? Use fixed-do (do=C, re=D, mi=E, fa=F, sol=G, la=A, si=B). Include sharps or flats when needed (e.g. do#, reb, fa#, sib). Do NOT include the octave. Reply with ONLY the syllable and accidental (if needed). Nothing else. Output only the answer.","Listen to this audio clip of a single musical note. What is the main pitch frequency, expressed in Hertz? Reply with ONLY a number (the frequency in Hz). Nothing else. Output only the answer."
clean,clean,{},69,voice,instrument,69,69,1,1,1,1,A4,A4,1,1,1,la,sol,0,1,1,69,A4,sol,440,data/audio/pitchbench_e4_harmonic_saturation/A4_voice_5000ms_fx_clean.wav,A4_voice_5000ms_fx_clean.wav,Listen to this audio clip of a single musical note. What is the MIDI note number (an integer from 0 to 127)? Reply with ONLY the integer. Nothing else. Output only the answer.,"Listen to this audio clip of a single musical note. What is the note name and octave? Reply with ONLY the note name in Scientific Pitch Notation (e.g. C4, F#3, Bb5). Nothing else. Output only the answer.","Listen to this audio clip of a single musical note. What is the solfege syllable and accidental (if needed) of this pitch? Use fixed-do (do=C, re=D, mi=E, fa=F, sol=G, la=A, si=B). Include sharps or flats when needed (e.g. do#, reb, fa#, sib). Do NOT include the octave. Reply with ONLY the syllable and accidental (if needed). Nothing else. Output only the answer.","Listen to this audio clip of a single musical note. What is the main pitch frequency, expressed in Hertz? Reply with ONLY a number (the frequency in Hz). Nothing else. Output only the answer."
clean,clean,{},69,trumpet,instrument,69,69,1,1,1,1,A4,A#3,0,0,0,la,sol,0,1,1,69,Bb3,sol,440,data/audio/pitchbench_e4_harmonic_saturation/A4_trumpet_5000ms_fx_clean.wav,A4_trumpet_5000ms_fx_clean.wav,Listen to this audio clip of a single musical note. What is the MIDI note number (an integer from 0 to 127)? Reply with ONLY the integer. Nothing else. Output only the answer.,"Listen to this audio clip of a single musical note. What is the note name and octave? Reply with ONLY the note name in Scientific Pitch Notation (e.g. C4, F#3, Bb5). Nothing else. Output only the answer.","Listen to this audio clip of a single musical note. What is the solfege syllable and accidental (if needed) of this pitch? Use fixed-do (do=C, re=D, mi=E, fa=F, sol=G, la=A, si=B). Include sharps or flats when needed (e.g. do#, reb, fa#, sib). Do NOT include the octave. Reply with ONLY the syllable and accidental (if needed). Nothing else. Output only the answer.","Listen to this audio clip of a single musical note. What is the main pitch frequency, expressed in Hertz? Reply with ONLY a number (the frequency in Hz). Nothing else. Output only the answer."
clean,clean,{},69,sawtooth,waveform,69,69,1,1,1,1,A4,A4,1,1,1,la,sol,0,1,1,69,A4,sol,440,data/audio/pitchbench_e4_harmonic_saturation/A4_sawtooth_5000ms_fx_clean.wav,A4_sawtooth_5000ms_fx_clean.wav,Listen to this audio clip of a single musical note. What is the MIDI note number (an integer from 0 to 127)? Reply with ONLY the integer. Nothing else. Output only the answer.,"Listen to this audio clip of a single musical note. What is the note name and octave? Reply with ONLY the note name in Scientific Pitch Notation (e.g. C4, F#3, Bb5). Nothing else. Output only the answer.","Listen to this audio clip of a single musical note. What is the solfege syllable and accidental (if needed) of this pitch? Use fixed-do (do=C, re=D, mi=E, fa=F, sol=G, la=A, si=B). Include sharps or flats when needed (e.g. do#, reb, fa#, sib). Do NOT include the octave. Reply with ONLY the syllable and accidental (if needed). Nothing else. Output only the answer.","Listen to this audio clip of a single musical note. What is the main pitch frequency, expressed in Hertz? Reply with ONLY a number (the frequency in Hz). Nothing else. Output only the answer."
clean,clean,{},69,synth_pad,instrument,69,72,0,0,0,0,A4,G4,0,0,1,la,sol,0,1,1,72,G4,sol,440,data/audio/pitchbench_e4_harmonic_saturation/A4_synth_pad_5000ms_fx_clean.wav,A4_synth_pad_5000ms_fx_clean.wav,Listen to this audio clip of a single musical note. What is the MIDI note number (an integer from 0 to 127)? Reply with ONLY the integer. Nothing else. Output only the answer.,"Listen to this audio clip of a single musical note. What is the note name and octave? Reply with ONLY the note name in Scientific Pitch Notation (e.g. C4, F#3, Bb5). Nothing else. Output only the answer.","Listen to this audio clip of a single musical note. What is the solfege syllable and accidental (if needed) of this pitch? Use fixed-do (do=C, re=D, mi=E, fa=F, sol=G, la=A, si=B). Include sharps or flats when needed (e.g. do#, reb, fa#, sib). Do NOT include the octave. Reply with ONLY the syllable and accidental (if needed). Nothing else. Output only the answer.","Listen to this audio clip of a single musical note. What is the main pitch frequency, expressed in Hertz? Reply with ONLY a number (the frequency in Hz). Nothing else. Output only the answer."
clean,clean,{},79,organ,instrument,79,69,0,0,0,0,G5,A4,0,0,0,sol,sol,1,0,0,69,A4,sol,440,data/audio/pitchbench_e4_harmonic_saturation/G5_organ_5000ms_fx_clean.wav,G5_organ_5000ms_fx_clean.wav,Listen to this audio clip of a single musical note. What is the MIDI note number (an integer from 0 to 127)? Reply with ONLY the integer. Nothing else. Output only the answer.,"Listen to this audio clip of a single musical note. What is the note name and octave? Reply with ONLY the note name in Scientific Pitch Notation (e.g. C4, F#3, Bb5). Nothing else. Output only the answer.","Listen to this audio clip of a single musical note. What is the solfege syllable and accidental (if needed) of this pitch? Use fixed-do (do=C, re=D, mi=E, fa=F, sol=G, la=A, si=B). Include sharps or flats when needed (e.g. do#, reb, fa#, sib). Do NOT include the octave. Reply with ONLY the syllable and accidental (if needed). Nothing else. Output only the answer.","Listen to this audio clip of a single musical note. What is the main pitch frequency, expressed in Hertz? Reply with ONLY a number (the frequency in Hz). Nothing else. Output only the answer."
clean,clean,{},79,synth_pad,instrument,79,72,0,0,0,1,G5,F#4,0,0,0,sol,sol,1,0,0,72,F#4,sol,440,data/audio/pitchbench_e4_harmonic_saturation/G5_synth_pad_5000ms_fx_clean.wav,G5_synth_pad_5000ms_fx_clean.wav,Listen to this audio clip of a single musical note. What is the MIDI note number (an integer from 0 to 127)? Reply with ONLY the integer. Nothing else. Output only the answer.,"Listen to this audio clip of a single musical note. What is the note name and octave? Reply with ONLY the note name in Scientific Pitch Notation (e.g. C4, F#3, Bb5). Nothing else. Output only the answer.","Listen to this audio clip of a single musical note. What is the solfege syllable and accidental (if needed) of this pitch? Use fixed-do (do=C, re=D, mi=E, fa=F, sol=G, la=A, si=B). Include sharps or flats when needed (e.g. do#, reb, fa#, sib). Do NOT include the octave. Reply with ONLY the syllable and accidental (if needed). Nothing else. Output only the answer.","Listen to this audio clip of a single musical note. What is the main pitch frequency, expressed in Hertz? Reply with ONLY a number (the frequency in Hz). Nothing else. Output only the answer."
clean,clean,{},79,triangle,waveform,79,69,0,0,0,0,G5,G4,0,1,0,sol,sol#,0,0,0,69,G4,Sol#,440,data/audio/pitchbench_e4_harmonic_saturation/G5_triangle_5000ms_fx_clean.wav,G5_triangle_5000ms_fx_clean.wav,Listen to this audio clip of a single musical note. What is the MIDI note number (an integer from 0 to 127)? Reply with ONLY the integer. Nothing else. Output only the answer.,"Listen to this audio clip of a single musical note. What is the note name and octave? Reply with ONLY the note name in Scientific Pitch Notation (e.g. C4, F#3, Bb5). Nothing else. Output only the answer.","Listen to this audio clip of a single musical note. What is the solfege syllable and accidental (if needed) of this pitch? Use fixed-do (do=C, re=D, mi=E, fa=F, sol=G, la=A, si=B). Include sharps or flats when needed (e.g. do#, reb, fa#, sib). Do NOT include the octave. Reply with ONLY the syllable and accidental (if needed). Nothing else. Output only the answer.","Listen to this audio clip of a single musical note. What is the main pitch frequency, expressed in Hertz? Reply with ONLY a number (the frequency in Hz). Nothing else. Output only the answer."
clean,clean,{},79,violin,instrument,79,79,1,1,1,1,G5,E6,0,0,0,sol,sol#,0,0,1,79,E6,sol#,440,data/audio/pitchbench_e4_harmonic_saturation/G5_violin_5000ms_fx_clean.wav,G5_violin_5000ms_fx_clean.wav,Listen to this audio clip of a single musical note. What is the MIDI note number (an integer from 0 to 127)? Reply with ONLY the integer. Nothing else. Output only the answer.,"Listen to this audio clip of a single musical note. What is the note name and octave? Reply with ONLY the note name in Scientific Pitch Notation (e.g. C4, F#3, Bb5). Nothing else. Output only the answer.","Listen to this audio clip of a single musical note. What is the solfege syllable and accidental (if needed) of this pitch? Use fixed-do (do=C, re=D, mi=E, fa=F, sol=G, la=A, si=B). Include sharps or flats when needed (e.g. do#, reb, fa#, sib). Do NOT include the octave. Reply with ONLY the syllable and accidental (if needed). Nothing else. Output only the answer.","Listen to this audio clip of a single musical note. What is the main pitch frequency, expressed in Hertz? Reply with ONLY a number (the frequency in Hz). Nothing else. Output only the answer."
clean,clean,{},79,sawtooth,waveform,79,69,0,0,0,0,G5,A4,0,0,0,sol,fa#,0,0,0,69,A4,fa#,440,data/audio/pitchbench_e4_harmonic_saturation/G5_sawtooth_5000ms_fx_clean.wav,G5_sawtooth_5000ms_fx_clean.wav,Listen to this audio clip of a single musical note. What is the MIDI note number (an integer from 0 to 127)? Reply with ONLY the integer. Nothing else. Output only the answer.,"Listen to this audio clip of a single musical note. What is the note name and octave? Reply with ONLY the note name in Scientific Pitch Notation (e.g. C4, F#3, Bb5). Nothing else. Output only the answer.","Listen to this audio clip of a single musical note. What is the solfege syllable and accidental (if needed) of this pitch? Use fixed-do (do=C, re=D, mi=E, fa=F, sol=G, la=A, si=B). Include sharps or flats when needed (e.g. do#, reb, fa#, sib). Do NOT include the octave. Reply with ONLY the syllable and accidental (if needed). Nothing else. Output only the answer.","Listen to this audio clip of a single musical note. What is the main pitch frequency, expressed in Hertz? Reply with ONLY a number (the frequency in Hz). Nothing else. Output only the answer."
clean,clean,{},88,synth_pad,instrument,88,72,0,0,0,0,E6,A5,0,0,0,mi,sol,0,0,0,72,A5,sol,440,data/audio/pitchbench_e4_harmonic_saturation/E6_synth_pad_5000ms_fx_clean.wav,E6_synth_pad_5000ms_fx_clean.wav,Listen to this audio clip of a single musical note. What is the MIDI note number (an integer from 0 to 127)? Reply with ONLY the integer. Nothing else. Output only the answer.,"Listen to this audio clip of a single musical note. What is the note name and octave? Reply with ONLY the note name in Scientific Pitch Notation (e.g. C4, F#3, Bb5). Nothing else. Output only the answer.","Listen to this audio clip of a single musical note. What is the solfege syllable and accidental (if needed) of this pitch? Use fixed-do (do=C, re=D, mi=E, fa=F, sol=G, la=A, si=B). Include sharps or flats when needed (e.g. do#, reb, fa#, sib). Do NOT include the octave. Reply with ONLY the syllable and accidental (if needed). Nothing else. Output only the answer.","Listen to this audio clip of a single musical note. What is the main pitch frequency, expressed in Hertz? Reply with ONLY a number (the frequency in Hz). Nothing else. Output only the answer."
clean,clean,{},88,trombone,instrument,88,72,0,0,0,0,E6,A5,0,0,0,mi,sol#,0,0,0,72,A5,sol#,440,data/audio/pitchbench_e4_harmonic_saturation/E6_trombone_5000ms_fx_clean.wav,E6_trombone_5000ms_fx_clean.wav,Listen to this audio clip of a single musical note. What is the MIDI note number (an integer from 0 to 127)? Reply with ONLY the integer. Nothing else. Output only the answer.,"Listen to this audio clip of a single musical note. What is the note name and octave? Reply with ONLY the note name in Scientific Pitch Notation (e.g. C4, F#3, Bb5). Nothing else. Output only the answer.","Listen to this audio clip of a single musical note. What is the solfege syllable and accidental (if needed) of this pitch? Use fixed-do (do=C, re=D, mi=E, fa=F, sol=G, la=A, si=B). Include sharps or flats when needed (e.g. do#, reb, fa#, sib). Do NOT include the octave. Reply with ONLY the syllable and accidental (if needed). Nothing else. Output only the answer.","Listen to this audio clip of a single musical note. What is the main pitch frequency, expressed in Hertz? Reply with ONLY a number (the frequency in Hz). Nothing else. Output only the answer."
clean,clean,{},88,oboe,instrument,88,72,0,0,0,0,E6,A5,0,0,0,mi,mi,1,0,0,72,A5,mi,440,data/audio/pitchbench_e4_harmonic_saturation/E6_oboe_5000ms_fx_clean.wav,E6_oboe_5000ms_fx_clean.wav,Listen to this audio clip of a single musical note. What is the MIDI note number (an integer from 0 to 127)? Reply with ONLY the integer. Nothing else. Output only the answer.,"Listen to this audio clip of a single musical note. What is the note name and octave? Reply with ONLY the note name in Scientific Pitch Notation (e.g. C4, F#3, Bb5). Nothing else. Output only the answer.","Listen to this audio clip of a single musical note. What is the solfege syllable and accidental (if needed) of this pitch? Use fixed-do (do=C, re=D, mi=E, fa=F, sol=G, la=A, si=B). Include sharps or flats when needed (e.g. do#, reb, fa#, sib). Do NOT include the octave. Reply with ONLY the syllable and accidental (if needed). Nothing else. Output only the answer.","Listen to this audio clip of a single musical note. What is the main pitch frequency, expressed in Hertz? Reply with ONLY a number (the frequency in Hz). Nothing else. Output only the answer."
clean,clean,{},88,guitar,instrument,88,69,0,0,0,0,E6,A4,0,0,0,mi,sol,0,0,0,69,A4,sol,440,data/audio/pitchbench_e4_harmonic_saturation/E6_guitar_5000ms_fx_clean.wav,E6_guitar_5000ms_fx_clean.wav,Listen to this audio clip of a single musical note. What is the MIDI note number (an integer from 0 to 127)? Reply with ONLY the integer. Nothing else. Output only the answer.,"Listen to this audio clip of a single musical note. What is the note name and octave? Reply with ONLY the note name in Scientific Pitch Notation (e.g. C4, F#3, Bb5). Nothing else. Output only the answer.","Listen to this audio clip of a single musical note. What is the solfege syllable and accidental (if needed) of this pitch? Use fixed-do (do=C, re=D, mi=E, fa=F, sol=G, la=A, si=B). Include sharps or flats when needed (e.g. do#, reb, fa#, sib). Do NOT include the octave. Reply with ONLY the syllable and accidental (if needed). Nothing else. Output only the answer.","Listen to this audio clip of a single musical note. What is the main pitch frequency, expressed in Hertz? Reply with ONLY a number (the frequency in Hz). Nothing else. Output only the answer."
clean,clean,{},88,synth_lead,instrument,88,69,0,0,0,0,E6,A4,0,0,0,mi,sol#,0,0,0,69,A4,sol#,440,data/audio/pitchbench_e4_harmonic_saturation/E6_synth_lead_5000ms_fx_clean.wav,E6_synth_lead_5000ms_fx_clean.wav,Listen to this audio clip of a single musical note. What is the MIDI note number (an integer from 0 to 127)? Reply with ONLY the integer. Nothing else. Output only the answer.,"Listen to this audio clip of a single musical note. What is the note name and octave? Reply with ONLY the note name in Scientific Pitch Notation (e.g. C4, F#3, Bb5). Nothing else. Output only the answer.","Listen to this audio clip of a single musical note. What is the solfege syllable and accidental (if needed) of this pitch? Use fixed-do (do=C, re=D, mi=E, fa=F, sol=G, la=A, si=B). Include sharps or flats when needed (e.g. do#, reb, fa#, sib). Do NOT include the octave. Reply with ONLY the syllable and accidental (if needed). Nothing else. Output only the answer.","Listen to this audio clip of a single musical note. What is the main pitch frequency, expressed in Hertz? Reply with ONLY a number (the frequency in Hz). Nothing else. Output only the answer."
sat_heavy,saturation,"{'type': 'saturation', 'drive_db': 30.0}",3030,square,waveform,30,69,0,0,0,0,F#1,A4,0,0,0,fa#,sol,0,0,0,69,A4,sol,440,data/audio/pitchbench_e4_harmonic_saturation/Fs1_square_5000ms_fx_sat_heavy.wav,Fs1_square_5000ms_fx_sat_heavy.wav,Listen to this audio clip of a single musical note. What is the MIDI note number (an integer from 0 to 127)? Reply with ONLY the integer. Nothing else. Output only the answer.,"Listen to this audio clip of a single musical note. What is the note name and octave? Reply with ONLY the note name in Scientific Pitch Notation (e.g. C4, F#3, Bb5). Nothing else. Output only the answer.","Listen to this audio clip of a single musical note. What is the solfege syllable and accidental (if needed) of this pitch? Use fixed-do (do=C, re=D, mi=E, fa=F, sol=G, la=A, si=B). Include sharps or flats when needed (e.g. do#, reb, fa#, sib). Do NOT include the octave. Reply with ONLY the syllable and accidental (if needed). Nothing else. Output only the answer.","Listen to this audio clip of a single musical note. What is the main pitch frequency, expressed in Hertz? Reply with ONLY a number (the frequency in Hz). Nothing else. Output only the answer."
sat_heavy,saturation,"{'type': 'saturation', 'drive_db': 30.0}",3030,sawtooth,waveform,30,69,0,0,0,0,F#1,G4,0,0,0,fa#,sol,0,0,0,69,G4,sol,440,data/audio/pitchbench_e4_harmonic_saturation/Fs1_sawtooth_5000ms_fx_sat_heavy.wav,Fs1_sawtooth_5000ms_fx_sat_heavy.wav,Listen to this audio clip of a single musical note. What is the MIDI note number (an integer from 0 to 127)? Reply with ONLY the integer. Nothing else. Output only the answer.,"Listen to this audio clip of a single musical note. What is the note name and octave? Reply with ONLY the note name in Scientific Pitch Notation (e.g. C4, F#3, Bb5). Nothing else. Output only the answer.","Listen to this audio clip of a single musical note. What is the solfege syllable and accidental (if needed) of this pitch? Use fixed-do (do=C, re=D, mi=E, fa=F, sol=G, la=A, si=B). Include sharps or flats when needed (e.g. do#, reb, fa#, sib). Do NOT include the octave. Reply with ONLY the syllable and accidental (if needed). Nothing else. Output only the answer.","Listen to this audio clip of a single musical note. What is the main pitch frequency, expressed in Hertz? Reply with ONLY a number (the frequency in Hz). Nothing else. Output only the answer."
sat_heavy,saturation,"{'type': 'saturation', 'drive_db': 30.0}",3030,flute,instrument,30,69,0,0,0,0,F#1,G2,0,0,0,fa#,sol,0,0,0,69,G2,sol,440,data/audio/pitchbench_e4_harmonic_saturation/Fs1_flute_5000ms_fx_sat_heavy.wav,Fs1_flute_5000ms_fx_sat_heavy.wav,Listen to this audio clip of a single musical note. What is the MIDI note number (an integer from 0 to 127)? Reply with ONLY the integer. Nothing else. Output only the answer.,"Listen to this audio clip of a single musical note. What is the note name and octave? Reply with ONLY the note name in Scientific Pitch Notation (e.g. C4, F#3, Bb5). Nothing else. Output only the answer.","Listen to this audio clip of a single musical note. What is the solfege syllable and accidental (if needed) of this pitch? Use fixed-do (do=C, re=D, mi=E, fa=F, sol=G, la=A, si=B). Include sharps or flats when needed (e.g. do#, reb, fa#, sib). Do NOT include the octave. Reply with ONLY the syllable and accidental (if needed). Nothing else. Output only the answer.","Listen to this audio clip of a single musical note. What is the main pitch frequency, expressed in Hertz? Reply with ONLY a number (the frequency in Hz). Nothing else. Output only the answer."
sat_heavy,saturation,"{'type': 'saturation', 'drive_db': 30.0}",3030,trombone,instrument,30,69,0,0,0,0,F#1,A#3,0,0,0,fa#,sol,0,0,0,69,A#3,sol,440,data/audio/pitchbench_e4_harmonic_saturation/Fs1_trombone_5000ms_fx_sat_heavy.wav,Fs1_trombone_5000ms_fx_sat_heavy.wav,Listen to this audio clip of a single musical note. What is the MIDI note number (an integer from 0 to 127)? Reply with ONLY the integer. Nothing else. Output only the answer.,"Listen to this audio clip of a single musical note. What is the note name and octave? Reply with ONLY the note name in Scientific Pitch Notation (e.g. C4, F#3, Bb5). Nothing else. Output only the answer.","Listen to this audio clip of a single musical note. What is the solfege syllable and accidental (if needed) of this pitch? Use fixed-do (do=C, re=D, mi=E, fa=F, sol=G, la=A, si=B). Include sharps or flats when needed (e.g. do#, reb, fa#, sib). Do NOT include the octave. Reply with ONLY the syllable and accidental (if needed). Nothing else. Output only the answer.","Listen to this audio clip of a single musical note. What is the main pitch frequency, expressed in Hertz? Reply with ONLY a number (the frequency in Hz). Nothing else. Output only the answer."
sat_heavy,saturation,"{'type': 'saturation', 'drive_db': 30.0}",3030,synth_pad,instrument,30,69,0,0,0,0,F#1,G2,0,0,0,fa#,sol,0,0,0,69,G2,sol,440,data/audio/pitchbench_e4_harmonic_saturation/Fs1_synth_pad_5000ms_fx_sat_heavy.wav,Fs1_synth_pad_5000ms_fx_sat_heavy.wav,Listen to this audio clip of a single musical note. What is the MIDI note number (an integer from 0 to 127)? Reply with ONLY the integer. Nothing else. Output only the answer.,"Listen to this audio clip of a single musical note. What is the note name and octave? Reply with ONLY the note name in Scientific Pitch Notation (e.g. C4, F#3, Bb5). Nothing else. Output only the answer.","Listen to this audio clip of a single musical note. What is the solfege syllable and accidental (if needed) of this pitch? Use fixed-do (do=C, re=D, mi=E, fa=F, sol=G, la=A, si=B). Include sharps or flats when needed (e.g. do#, reb, fa#, sib). Do NOT include the octave. Reply with ONLY the syllable and accidental (if needed). Nothing else. Output only the answer.","Listen to this audio clip of a single musical note. What is the main pitch frequency, expressed in Hertz? Reply with ONLY a number (the frequency in Hz). Nothing else. Output only the answer."
sat_heavy,saturation,"{'type': 'saturation', 'drive_db': 30.0}",3036,flute,instrument,36,69,0,0,0,0,C2,G2,0,0,1,do,sol,0,0,0,69,G2,sol,440,data/audio/pitchbench_e4_harmonic_saturation/C2_flute_5000ms_fx_sat_heavy.wav,C2_flute_5000ms_fx_sat_heavy.wav,Listen to this audio clip of a single musical note. What is the MIDI note number (an integer from 0 to 127)? Reply with ONLY the integer. Nothing else. Output only the answer.,"Listen to this audio clip of a single musical note. What is the note name and octave? Reply with ONLY the note name in Scientific Pitch Notation (e.g. C4, F#3, Bb5). Nothing else. Output only the answer.","Listen to this audio clip of a single musical note. What is the solfege syllable and accidental (if needed) of this pitch? Use fixed-do (do=C, re=D, mi=E, fa=F, sol=G, la=A, si=B). Include sharps or flats when needed (e.g. do#, reb, fa#, sib). Do NOT include the octave. Reply with ONLY the syllable and accidental (if needed). Nothing else. Output only the answer.","Listen to this audio clip of a single musical note. What is the main pitch frequency, expressed in Hertz? Reply with ONLY a number (the frequency in Hz). Nothing else. Output only the answer."
sat_heavy,saturation,"{'type': 'saturation', 'drive_db': 30.0}",3036,triangle,waveform,36,69,0,0,0,0,C2,F4,0,0,0,do,sol,0,0,0,69,F4,sol,440,data/audio/pitchbench_e4_harmonic_saturation/C2_triangle_5000ms_fx_sat_heavy.wav,C2_triangle_5000ms_fx_sat_heavy.wav,Listen to this audio clip of a single musical note. What is the MIDI note number (an integer from 0 to 127)? Reply with ONLY the integer. Nothing else. Output only the answer.,"Listen to this audio clip of a single musical note. What is the note name and octave? Reply with ONLY the note name in Scientific Pitch Notation (e.g. C4, F#3, Bb5). Nothing else. Output only the answer.","Listen to this audio clip of a single musical note. What is the solfege syllable and accidental (if needed) of this pitch? Use fixed-do (do=C, re=D, mi=E, fa=F, sol=G, la=A, si=B). Include sharps or flats when needed (e.g. do#, reb, fa#, sib). Do NOT include the octave. Reply with ONLY the syllable and accidental (if needed). Nothing else. Output only the answer.","Listen to this audio clip of a single musical note. What is the main pitch frequency, expressed in Hertz? Reply with ONLY a number (the frequency in Hz). Nothing else. Output only the answer."
sat_heavy,saturation,"{'type': 'saturation', 'drive_db': 30.0}",3036,violin,instrument,36,69,0,0,0,0,C2,G2,0,0,1,do,sol,0,0,0,69,G2,sol,440,data/audio/pitchbench_e4_harmonic_saturation/C2_violin_5000ms_fx_sat_heavy.wav,C2_violin_5000ms_fx_sat_heavy.wav,Listen to this audio clip of a single musical note. What is the MIDI note number (an integer from 0 to 127)? Reply with ONLY the integer. Nothing else. Output only the answer.,"Listen to this audio clip of a single musical note. What is the note name and octave? Reply with ONLY the note name in Scientific Pitch Notation (e.g. C4, F#3, Bb5). Nothing else. Output only the answer.","Listen to this audio clip of a single musical note. What is the solfege syllable and accidental (if needed) of this pitch? Use fixed-do (do=C, re=D, mi=E, fa=F, sol=G, la=A, si=B). Include sharps or flats when needed (e.g. do#, reb, fa#, sib). Do NOT include the octave. Reply with ONLY the syllable and accidental (if needed). Nothing else. Output only the answer.","Listen to this audio clip of a single musical note. What is the main pitch frequency, expressed in Hertz? Reply with ONLY a number (the frequency in Hz). Nothing else. Output only the answer."
sat_heavy,saturation,"{'type': 'saturation', 'drive_db': 30.0}",3036,trumpet,instrument,36,69,0,0,0,0,C2,A3,0,0,0,do,sol,0,0,0,69,A3,sol,440,data/audio/pitchbench_e4_harmonic_saturation/C2_trumpet_5000ms_fx_sat_heavy.wav,C2_trumpet_5000ms_fx_sat_heavy.wav,Listen to this audio clip of a single musical note. What is the MIDI note number (an integer from 0 to 127)? Reply with ONLY the integer. Nothing else. Output only the answer.,"Listen to this audio clip of a single musical note. What is the note name and octave? Reply with ONLY the note name in Scientific Pitch Notation (e.g. C4, F#3, Bb5). Nothing else. Output only the answer.","Listen to this audio clip of a single musical note. What is the solfege syllable and accidental (if needed) of this pitch? Use fixed-do (do=C, re=D, mi=E, fa=F, sol=G, la=A, si=B). Include sharps or flats when needed (e.g. do#, reb, fa#, sib). Do NOT include the octave. Reply with ONLY the syllable and accidental (if needed). Nothing else. Output only the answer.","Listen to this audio clip of a single musical note. What is the main pitch frequency, expressed in Hertz? Reply with ONLY a number (the frequency in Hz). Nothing else. Output only the answer."
sat_heavy,saturation,"{'type': 'saturation', 'drive_db': 30.0}",3036,voice,instrument,36,69,0,0,0,0,C2,G3,0,0,0,do,sol,0,0,0,69,G3,sol,440,data/audio/pitchbench_e4_harmonic_saturation/C2_voice_5000ms_fx_sat_heavy.wav,C2_voice_5000ms_fx_sat_heavy.wav,Listen to this audio clip of a single musical note. What is the MIDI note number (an integer from 0 to 127)? Reply with ONLY the integer. Nothing else. Output only the answer.,"Listen to this audio clip of a single musical note. What is the note name and octave? Reply with ONLY the note name in Scientific Pitch Notation (e.g. C4, F#3, Bb5). Nothing else. Output only the answer.","Listen to this audio clip of a single musical note. What is the solfege syllable and accidental (if needed) of this pitch? Use fixed-do (do=C, re=D, mi=E, fa=F, sol=G, la=A, si=B). Include sharps or flats when needed (e.g. do#, reb, fa#, sib). Do NOT include the octave. Reply with ONLY the syllable and accidental (if needed). Nothing else. Output only the answer.","Listen to this audio clip of a single musical note. What is the main pitch frequency, expressed in Hertz? Reply with ONLY a number (the frequency in Hz). Nothing else. Output only the answer."
sat_heavy,saturation,"{'type': 'saturation', 'drive_db': 30.0}",3043,oboe,instrument,43,69,0,0,0,0,G2,A#3,0,0,0,sol,sol,1,0,0,69,A#3,sol,440,data/audio/pitchbench_e4_harmonic_saturation/G2_oboe_5000ms_fx_sat_heavy.wav,G2_oboe_5000ms_fx_sat_heavy.wav,Listen to this audio clip of a single musical note. What is the MIDI note number (an integer from 0 to 127)? Reply with ONLY the integer. Nothing else. Output only the answer.,"Listen to this audio clip of a single musical note. What is the note name and octave? Reply with ONLY the note name in Scientific Pitch Notation (e.g. C4, F#3, Bb5). Nothing else. Output only the answer.","Listen to this audio clip of a single musical note. What is the solfege syllable and accidental (if needed) of this pitch? Use fixed-do (do=C, re=D, mi=E, fa=F, sol=G, la=A, si=B). Include sharps or flats when needed (e.g. do#, reb, fa#, sib). Do NOT include the octave. Reply with ONLY the syllable and accidental (if needed). Nothing else. Output only the answer.","Listen to this audio clip of a single musical note. What is the main pitch frequency, expressed in Hertz? Reply with ONLY a number (the frequency in Hz). Nothing else. Output only the answer."
sat_heavy,saturation,"{'type': 'saturation', 'drive_db': 30.0}",3043,electric_keyboard,instrument,43,69,0,0,0,0,G2,A3,0,0,0,sol,sol,1,0,0,69,A3,sol,440,data/audio/pitchbench_e4_harmonic_saturation/G2_electric_keyboard_5000ms_fx_sat_heavy.wav,G2_electric_keyboard_5000ms_fx_sat_heavy.wav,Listen to this audio clip of a single musical note. What is the MIDI note number (an integer from 0 to 127)? Reply with ONLY the integer. Nothing else. Output only the answer.,"Listen to this audio clip of a single musical note. What is the note name and octave? Reply with ONLY the note name in Scientific Pitch Notation (e.g. C4, F#3, Bb5). Nothing else. Output only the answer.","Listen to this audio clip of a single musical note. What is the solfege syllable and accidental (if needed) of this pitch? Use fixed-do (do=C, re=D, mi=E, fa=F, sol=G, la=A, si=B). Include sharps or flats when needed (e.g. do#, reb, fa#, sib). Do NOT include the octave. Reply with ONLY the syllable and accidental (if needed). Nothing else. Output only the answer.","Listen to this audio clip of a single musical note. What is the main pitch frequency, expressed in Hertz? Reply with ONLY a number (the frequency in Hz). Nothing else. Output only the answer."
sat_heavy,saturation,"{'type': 'saturation', 'drive_db': 30.0}",3043,voice,instrument,43,69,0,0,0,0,G2,G3,0,1,0,sol,sol,1,0,0,69,G3,sol,440,data/audio/pitchbench_e4_harmonic_saturation/G2_voice_5000ms_fx_sat_heavy.wav,G2_voice_5000ms_fx_sat_heavy.wav,Listen to this audio clip of a single musical note. What is the MIDI note number (an integer from 0 to 127)? Reply with ONLY the integer. Nothing else. Output only the answer.,"Listen to this audio clip of a single musical note. What is the note name and octave? Reply with ONLY the note name in Scientific Pitch Notation (e.g. C4, F#3, Bb5). Nothing else. Output only the answer.","Listen to this audio clip of a single musical note. What is the solfege syllable and accidental (if needed) of this pitch? Use fixed-do (do=C, re=D, mi=E, fa=F, sol=G, la=A, si=B). Include sharps or flats when needed (e.g. do#, reb, fa#, sib). Do NOT include the octave. Reply with ONLY the syllable and accidental (if needed). Nothing else. Output only the answer.","Listen to this audio clip of a single musical note. What is the main pitch frequency, expressed in Hertz? Reply with ONLY a number (the frequency in Hz). Nothing else. Output only the answer."
sat_heavy,saturation,"{'type': 'saturation', 'drive_db': 30.0}",3043,synth_lead,instrument,43,69,0,0,0,0,G2,A4,0,0,0,sol,sol,1,0,0,69,A4,sol,440,data/audio/pitchbench_e4_harmonic_saturation/G2_synth_lead_5000ms_fx_sat_heavy.wav,G2_synth_lead_5000ms_fx_sat_heavy.wav,Listen to this audio clip of a single musical note. What is the MIDI note number (an integer from 0 to 127)? Reply with ONLY the integer. Nothing else. Output only the answer.,"Listen to this audio clip of a single musical note. What is the note name and octave? Reply with ONLY the note name in Scientific Pitch Notation (e.g. C4, F#3, Bb5). Nothing else. Output only the answer.","Listen to this audio clip of a single musical note. What is the solfege syllable and accidental (if needed) of this pitch? Use fixed-do (do=C, re=D, mi=E, fa=F, sol=G, la=A, si=B). Include sharps or flats when needed (e.g. do#, reb, fa#, sib). Do NOT include the octave. Reply with ONLY the syllable and accidental (if needed). Nothing else. Output only the answer.","Listen to this audio clip of a single musical note. What is the main pitch frequency, expressed in Hertz? Reply with ONLY a number (the frequency in Hz). Nothing else. Output only the answer."
sat_heavy,saturation,"{'type': 'saturation', 'drive_db': 30.0}",3043,triangle,waveform,43,52,0,0,0,0,G2,C4,0,0,0,sol,sol,1,0,0,52,C4,sol,440,data/audio/pitchbench_e4_harmonic_saturation/G2_triangle_5000ms_fx_sat_heavy.wav,G2_triangle_5000ms_fx_sat_heavy.wav,Listen to this audio clip of a single musical note. What is the MIDI note number (an integer from 0 to 127)? Reply with ONLY the integer. Nothing else. Output only the answer.,"Listen to this audio clip of a single musical note. What is the note name and octave? Reply with ONLY the note name in Scientific Pitch Notation (e.g. C4, F#3, Bb5). Nothing else. Output only the answer.","Listen to this audio clip of a single musical note. What is the solfege syllable and accidental (if needed) of this pitch? Use fixed-do (do=C, re=D, mi=E, fa=F, sol=G, la=A, si=B). Include sharps or flats when needed (e.g. do#, reb, fa#, sib). Do NOT include the octave. Reply with ONLY the syllable and accidental (if needed). Nothing else. Output only the answer.","Listen to this audio clip of a single musical note. What is the main pitch frequency, expressed in Hertz? Reply with ONLY a number (the frequency in Hz). Nothing else. Output only the answer."
sat_heavy,saturation,"{'type': 'saturation', 'drive_db': 30.0}",3048,trumpet,instrument,48,69,0,0,0,0,C3,A#3,0,0,1,do,sol,0,0,0,69,A#3,sol,440,data/audio/pitchbench_e4_harmonic_saturation/C3_trumpet_5000ms_fx_sat_heavy.wav,C3_trumpet_5000ms_fx_sat_heavy.wav,Listen to this audio clip of a single musical note. What is the MIDI note number (an integer from 0 to 127)? Reply with ONLY the integer. Nothing else. Output only the answer.,"Listen to this audio clip of a single musical note. What is the note name and octave? Reply with ONLY the note name in Scientific Pitch Notation (e.g. C4, F#3, Bb5). Nothing else. Output only the answer.","Listen to this audio clip of a single musical note. What is the solfege syllable and accidental (if needed) of this pitch? Use fixed-do (do=C, re=D, mi=E, fa=F, sol=G, la=A, si=B). Include sharps or flats when needed (e.g. do#, reb, fa#, sib). Do NOT include the octave. Reply with ONLY the syllable and accidental (if needed). Nothing else. Output only the answer.","Listen to this audio clip of a single musical note. What is the main pitch frequency, expressed in Hertz? Reply with ONLY a number (the frequency in Hz). Nothing else. Output only the answer."
sat_heavy,saturation,"{'type': 'saturation', 'drive_db': 30.0}",3048,square,waveform,48,69,0,0,0,0,C3,A4,0,0,0,do,sol,0,0,0,69,A4,sol,440,data/audio/pitchbench_e4_harmonic_saturation/C3_square_5000ms_fx_sat_heavy.wav,C3_square_5000ms_fx_sat_heavy.wav,Listen to this audio clip of a single musical note. What is the MIDI note number (an integer from 0 to 127)? Reply with ONLY the integer. Nothing else. Output only the answer.,"Listen to this audio clip of a single musical note. What is the note name and octave? Reply with ONLY the note name in Scientific Pitch Notation (e.g. C4, F#3, Bb5). Nothing else. Output only the answer.","Listen to this audio clip of a single musical note. What is the solfege syllable and accidental (if needed) of this pitch? Use fixed-do (do=C, re=D, mi=E, fa=F, sol=G, la=A, si=B). Include sharps or flats when needed (e.g. do#, reb, fa#, sib). Do NOT include the octave. Reply with ONLY the syllable and accidental (if needed). Nothing else. Output only the answer.","Listen to this audio clip of a single musical note. What is the main pitch frequency, expressed in Hertz? Reply with ONLY a number (the frequency in Hz). Nothing else. Output only the answer."
sat_heavy,saturation,"{'type': 'saturation', 'drive_db': 30.0}",3048,electric_keyboard,instrument,48,69,0,0,0,0,C3,A3,0,0,1,do,sol,0,0,0,69,A3,sol,440,data/audio/pitchbench_e4_harmonic_saturation/C3_electric_keyboard_5000ms_fx_sat_heavy.wav,C3_electric_keyboard_5000ms_fx_sat_heavy.wav,Listen to this audio clip of a single musical note. What is the MIDI note number (an integer from 0 to 127)? Reply with ONLY the integer. Nothing else. Output only the answer.,"Listen to this audio clip of a single musical note. What is the note name and octave? Reply with ONLY the note name in Scientific Pitch Notation (e.g. C4, F#3, Bb5). Nothing else. Output only the answer.","Listen to this audio clip of a single musical note. What is the solfege syllable and accidental (if needed) of this pitch? Use fixed-do (do=C, re=D, mi=E, fa=F, sol=G, la=A, si=B). Include sharps or flats when needed (e.g. do#, reb, fa#, sib). Do NOT include the octave. Reply with ONLY the syllable and accidental (if needed). Nothing else. Output only the answer.","Listen to this audio clip of a single musical note. What is the main pitch frequency, expressed in Hertz? Reply with ONLY a number (the frequency in Hz). Nothing else. Output only the answer."
sat_heavy,saturation,"{'type': 'saturation', 'drive_db': 30.0}",3048,flute,instrument,48,69,0,0,0,0,C3,A#3,0,0,1,do,sol,0,0,0,69,A#3,sol,440,data/audio/pitchbench_e4_harmonic_saturation/C3_flute_5000ms_fx_sat_heavy.wav,C3_flute_5000ms_fx_sat_heavy.wav,Listen to this audio clip of a single musical note. What is the MIDI note number (an integer from 0 to 127)? Reply with ONLY the integer. Nothing else. Output only the answer.,"Listen to this audio clip of a single musical note. What is the note name and octave? Reply with ONLY the note name in Scientific Pitch Notation (e.g. C4, F#3, Bb5). Nothing else. Output only the answer.","Listen to this audio clip of a single musical note. What is the solfege syllable and accidental (if needed) of this pitch? Use fixed-do (do=C, re=D, mi=E, fa=F, sol=G, la=A, si=B). Include sharps or flats when needed (e.g. do#, reb, fa#, sib). Do NOT include the octave. Reply with ONLY the syllable and accidental (if needed). Nothing else. Output only the answer.","Listen to this audio clip of a single musical note. What is the main pitch frequency, expressed in Hertz? Reply with ONLY a number (the frequency in Hz). Nothing else. Output only the answer."
sat_heavy,saturation,"{'type': 'saturation', 'drive_db': 30.0}",3048,synth_pad,instrument,48,69,0,0,0,0,C3,G3,0,0,1,do,fa#,0,0,0,69,G3,fa#,440,data/audio/pitchbench_e4_harmonic_saturation/C3_synth_pad_5000ms_fx_sat_heavy.wav,C3_synth_pad_5000ms_fx_sat_heavy.wav,Listen to this audio clip of a single musical note. What is the MIDI note number (an integer from 0 to 127)? Reply with ONLY the integer. Nothing else. Output only the answer.,"Listen to this audio clip of a single musical note. What is the note name and octave? Reply with ONLY the note name in Scientific Pitch Notation (e.g. C4, F#3, Bb5). Nothing else. Output only the answer.","Listen to this audio clip of a single musical note. What is the solfege syllable and accidental (if needed) of this pitch? Use fixed-do (do=C, re=D, mi=E, fa=F, sol=G, la=A, si=B). Include sharps or flats when needed (e.g. do#, reb, fa#, sib). Do NOT include the octave. Reply with ONLY the syllable and accidental (if needed). Nothing else. Output only the answer.","Listen to this audio clip of a single musical note. What is the main pitch frequency, expressed in Hertz? Reply with ONLY a number (the frequency in Hz). Nothing else. Output only the answer."
sat_heavy,saturation,"{'type': 'saturation', 'drive_db': 30.0}",3054,organ,instrument,54,72,0,0,0,0,F#3,G4,0,0,0,fa#,sol,0,0,0,72,G4,sol,440,data/audio/pitchbench_e4_harmonic_saturation/Fs3_organ_5000ms_fx_sat_heavy.wav,Fs3_organ_5000ms_fx_sat_heavy.wav,Listen to this audio clip of a single musical note. What is the MIDI note number (an integer from 0 to 127)? Reply with ONLY the integer. Nothing else. Output only the answer.,"Listen to this audio clip of a single musical note. What is the note name and octave? Reply with ONLY the note name in Scientific Pitch Notation (e.g. C4, F#3, Bb5). Nothing else. Output only the answer.","Listen to this audio clip of a single musical note. What is the solfege syllable and accidental (if needed) of this pitch? Use fixed-do (do=C, re=D, mi=E, fa=F, sol=G, la=A, si=B). Include sharps or flats when needed (e.g. do#, reb, fa#, sib). Do NOT include the octave. Reply with ONLY the syllable and accidental (if needed). Nothing else. Output only the answer.","Listen to this audio clip of a single musical note. What is the main pitch frequency, expressed in Hertz? Reply with ONLY a number (the frequency in Hz). Nothing else. Output only the answer."
sat_heavy,saturation,"{'type': 'saturation', 'drive_db': 30.0}",3054,violin,instrument,54,69,0,0,0,0,F#3,A#3,0,0,1,fa#,sol,0,0,0,69,A#3,sol,440,data/audio/pitchbench_e4_harmonic_saturation/Fs3_violin_5000ms_fx_sat_heavy.wav,Fs3_violin_5000ms_fx_sat_heavy.wav,Listen to this audio clip of a single musical note. What is the MIDI note number (an integer from 0 to 127)? Reply with ONLY the integer. Nothing else. Output only the answer.,"Listen to this audio clip of a single musical note. What is the note name and octave? Reply with ONLY the note name in Scientific Pitch Notation (e.g. C4, F#3, Bb5). Nothing else. Output only the answer.","Listen to this audio clip of a single musical note. What is the solfege syllable and accidental (if needed) of this pitch? Use fixed-do (do=C, re=D, mi=E, fa=F, sol=G, la=A, si=B). Include sharps or flats when needed (e.g. do#, reb, fa#, sib). Do NOT include the octave. Reply with ONLY the syllable and accidental (if needed). Nothing else. Output only the answer.","Listen to this audio clip of a single musical note. What is the main pitch frequency, expressed in Hertz? Reply with ONLY a number (the frequency in Hz). Nothing else. Output only the answer."
sat_heavy,saturation,"{'type': 'saturation', 'drive_db': 30.0}",3054,trumpet,instrument,54,69,0,0,0,0,F#3,A#3,0,0,1,fa#,sol,0,0,0,69,Bb3,sol,440,data/audio/pitchbench_e4_harmonic_saturation/Fs3_trumpet_5000ms_fx_sat_heavy.wav,Fs3_trumpet_5000ms_fx_sat_heavy.wav,Listen to this audio clip of a single musical note. What is the MIDI note number (an integer from 0 to 127)? Reply with ONLY the integer. Nothing else. Output only the answer.,"Listen to this audio clip of a single musical note. What is the note name and octave? Reply with ONLY the note name in Scientific Pitch Notation (e.g. C4, F#3, Bb5). Nothing else. Output only the answer.","Listen to this audio clip of a single musical note. What is the solfege syllable and accidental (if needed) of this pitch? Use fixed-do (do=C, re=D, mi=E, fa=F, sol=G, la=A, si=B). Include sharps or flats when needed (e.g. do#, reb, fa#, sib). Do NOT include the octave. Reply with ONLY the syllable and accidental (if needed). Nothing else. Output only the answer.","Listen to this audio clip of a single musical note. What is the main pitch frequency, expressed in Hertz? Reply with ONLY a number (the frequency in Hz). Nothing else. Output only the answer."
sat_heavy,saturation,"{'type': 'saturation', 'drive_db': 30.0}",3054,flute,instrument,54,69,0,0,0,0,F#3,F4,0,0,0,fa#,sol#,0,0,0,69,F4,Sol#,440,data/audio/pitchbench_e4_harmonic_saturation/Fs3_flute_5000ms_fx_sat_heavy.wav,Fs3_flute_5000ms_fx_sat_heavy.wav,Listen to this audio clip of a single musical note. What is the MIDI note number (an integer from 0 to 127)? Reply with ONLY the integer. Nothing else. Output only the answer.,"Listen to this audio clip of a single musical note. What is the note name and octave? Reply with ONLY the note name in Scientific Pitch Notation (e.g. C4, F#3, Bb5). Nothing else. Output only the answer.","Listen to this audio clip of a single musical note. What is the solfege syllable and accidental (if needed) of this pitch? Use fixed-do (do=C, re=D, mi=E, fa=F, sol=G, la=A, si=B). Include sharps or flats when needed (e.g. do#, reb, fa#, sib). Do NOT include the octave. Reply with ONLY the syllable and accidental (if needed). Nothing else. Output only the answer.","Listen to this audio clip of a single musical note. What is the main pitch frequency, expressed in Hertz? Reply with ONLY a number (the frequency in Hz). Nothing else. Output only the answer."
sat_heavy,saturation,"{'type': 'saturation', 'drive_db': 30.0}",3054,clarinet,instrument,54,69,0,0,0,0,F#3,A4,0,0,0,fa#,sol,0,0,0,69,A4,sol,440,data/audio/pitchbench_e4_harmonic_saturation/Fs3_clarinet_5000ms_fx_sat_heavy.wav,Fs3_clarinet_5000ms_fx_sat_heavy.wav,Listen to this audio clip of a single musical note. What is the MIDI note number (an integer from 0 to 127)? Reply with ONLY the integer. Nothing else. Output only the answer.,"Listen to this audio clip of a single musical note. What is the note name and octave? Reply with ONLY the note name in Scientific Pitch Notation (e.g. C4, F#3, Bb5). Nothing else. Output only the answer.","Listen to this audio clip of a single musical note. What is the solfege syllable and accidental (if needed) of this pitch? Use fixed-do (do=C, re=D, mi=E, fa=F, sol=G, la=A, si=B). Include sharps or flats when needed (e.g. do#, reb, fa#, sib). Do NOT include the octave. Reply with ONLY the syllable and accidental (if needed). Nothing else. Output only the answer.","Listen to this audio clip of a single musical note. What is the main pitch frequency, expressed in Hertz? Reply with ONLY a number (the frequency in Hz). Nothing else. Output only the answer."
sat_heavy,saturation,"{'type': 'saturation', 'drive_db': 30.0}",3060,clarinet,instrument,60,69,0,0,0,1,C4,A4,0,0,1,do,sol,0,0,0,69,A4,sol,440,data/audio/pitchbench_e4_harmonic_saturation/C4_clarinet_5000ms_fx_sat_heavy.wav,C4_clarinet_5000ms_fx_sat_heavy.wav,Listen to this audio clip of a single musical note. What is the MIDI note number (an integer from 0 to 127)? Reply with ONLY the integer. Nothing else. Output only the answer.,"Listen to this audio clip of a single musical note. What is the note name and octave? Reply with ONLY the note name in Scientific Pitch Notation (e.g. C4, F#3, Bb5). Nothing else. Output only the answer.","Listen to this audio clip of a single musical note. What is the solfege syllable and accidental (if needed) of this pitch? Use fixed-do (do=C, re=D, mi=E, fa=F, sol=G, la=A, si=B). Include sharps or flats when needed (e.g. do#, reb, fa#, sib). Do NOT include the octave. Reply with ONLY the syllable and accidental (if needed). Nothing else. Output only the answer.","Listen to this audio clip of a single musical note. What is the main pitch frequency, expressed in Hertz? Reply with ONLY a number (the frequency in Hz). Nothing else. Output only the answer."
sat_heavy,saturation,"{'type': 'saturation', 'drive_db': 30.0}",3060,sawtooth,waveform,60,69,0,0,0,1,C4,A4,0,0,1,do,mi,0,0,0,69,A4,mi,440,data/audio/pitchbench_e4_harmonic_saturation/C4_sawtooth_5000ms_fx_sat_heavy.wav,C4_sawtooth_5000ms_fx_sat_heavy.wav,Listen to this audio clip of a single musical note. What is the MIDI note number (an integer from 0 to 127)? Reply with ONLY the integer. Nothing else. Output only the answer.,"Listen to this audio clip of a single musical note. What is the note name and octave? Reply with ONLY the note name in Scientific Pitch Notation (e.g. C4, F#3, Bb5). Nothing else. Output only the answer.","Listen to this audio clip of a single musical note. What is the solfege syllable and accidental (if needed) of this pitch? Use fixed-do (do=C, re=D, mi=E, fa=F, sol=G, la=A, si=B). Include sharps or flats when needed (e.g. do#, reb, fa#, sib). Do NOT include the octave. Reply with ONLY the syllable and accidental (if needed). Nothing else. Output only the answer.","Listen to this audio clip of a single musical note. What is the main pitch frequency, expressed in Hertz? Reply with ONLY a number (the frequency in Hz). Nothing else. Output only the answer."
sat_heavy,saturation,"{'type': 'saturation', 'drive_db': 30.0}",3060,flute,instrument,60,69,0,0,0,1,C4,F4,0,0,1,do,sol,0,0,0,69,F4,sol,440,data/audio/pitchbench_e4_harmonic_saturation/C4_flute_5000ms_fx_sat_heavy.wav,C4_flute_5000ms_fx_sat_heavy.wav,Listen to this audio clip of a single musical note. What is the MIDI note number (an integer from 0 to 127)? Reply with ONLY the integer. Nothing else. Output only the answer.,"Listen to this audio clip of a single musical note. What is the note name and octave? Reply with ONLY the note name in Scientific Pitch Notation (e.g. C4, F#3, Bb5). Nothing else. Output only the answer.","Listen to this audio clip of a single musical note. What is the solfege syllable and accidental (if needed) of this pitch? Use fixed-do (do=C, re=D, mi=E, fa=F, sol=G, la=A, si=B). Include sharps or flats when needed (e.g. do#, reb, fa#, sib). Do NOT include the octave. Reply with ONLY the syllable and accidental (if needed). Nothing else. Output only the answer.","Listen to this audio clip of a single musical note. What is the main pitch frequency, expressed in Hertz? Reply with ONLY a number (the frequency in Hz). Nothing else. Output only the answer."
sat_heavy,saturation,"{'type': 'saturation', 'drive_db': 30.0}",3060,synth_pad,instrument,60,69,0,0,0,1,C4,A4,0,0,1,do,sol,0,0,0,69,A4,sol,440,data/audio/pitchbench_e4_harmonic_saturation/C4_synth_pad_5000ms_fx_sat_heavy.wav,C4_synth_pad_5000ms_fx_sat_heavy.wav,Listen to this audio clip of a single musical note. What is the MIDI note number (an integer from 0 to 127)? Reply with ONLY the integer. Nothing else. Output only the answer.,"Listen to this audio clip of a single musical note. What is the note name and octave? Reply with ONLY the note name in Scientific Pitch Notation (e.g. C4, F#3, Bb5). Nothing else. Output only the answer.","Listen to this audio clip of a single musical note. What is the solfege syllable and accidental (if needed) of this pitch? Use fixed-do (do=C, re=D, mi=E, fa=F, sol=G, la=A, si=B). Include sharps or flats when needed (e.g. do#, reb, fa#, sib). Do NOT include the octave. Reply with ONLY the syllable and accidental (if needed). Nothing else. Output only the answer.","Listen to this audio clip of a single musical note. What is the main pitch frequency, expressed in Hertz? Reply with ONLY a number (the frequency in Hz). Nothing else. Output only the answer."
sat_heavy,saturation,"{'type': 'saturation', 'drive_db': 30.0}",3060,violin,instrument,60,69,0,0,0,1,C4,G4,0,0,1,do,sol,0,0,0,69,G4,sol,440,data/audio/pitchbench_e4_harmonic_saturation/C4_violin_5000ms_fx_sat_heavy.wav,C4_violin_5000ms_fx_sat_heavy.wav,Listen to this audio clip of a single musical note. What is the MIDI note number (an integer from 0 to 127)? Reply with ONLY the integer. Nothing else. Output only the answer.,"Listen to this audio clip of a single musical note. What is the note name and octave? Reply with ONLY the note name in Scientific Pitch Notation (e.g. C4, F#3, Bb5). Nothing else. Output only the answer.","Listen to this audio clip of a single musical note. What is the solfege syllable and accidental (if needed) of this pitch? Use fixed-do (do=C, re=D, mi=E, fa=F, sol=G, la=A, si=B). Include sharps or flats when needed (e.g. do#, reb, fa#, sib). Do NOT include the octave. Reply with ONLY the syllable and accidental (if needed). Nothing else. Output only the answer.","Listen to this audio clip of a single musical note. What is the main pitch frequency, expressed in Hertz? Reply with ONLY a number (the frequency in Hz). Nothing else. Output only the answer."
sat_heavy,saturation,"{'type': 'saturation', 'drive_db': 30.0}",3064,clarinet,instrument,64,69,0,0,0,1,E4,A4,0,0,1,mi,sol#,0,0,0,69,A4,sol#,440,data/audio/pitchbench_e4_harmonic_saturation/E4_clarinet_5000ms_fx_sat_heavy.wav,E4_clarinet_5000ms_fx_sat_heavy.wav,Listen to this audio clip of a single musical note. What is the MIDI note number (an integer from 0 to 127)? Reply with ONLY the integer. Nothing else. Output only the answer.,"Listen to this audio clip of a single musical note. What is the note name and octave? Reply with ONLY the note name in Scientific Pitch Notation (e.g. C4, F#3, Bb5). Nothing else. Output only the answer.","Listen to this audio clip of a single musical note. What is the solfege syllable and accidental (if needed) of this pitch? Use fixed-do (do=C, re=D, mi=E, fa=F, sol=G, la=A, si=B). Include sharps or flats when needed (e.g. do#, reb, fa#, sib). Do NOT include the octave. Reply with ONLY the syllable and accidental (if needed). Nothing else. Output only the answer.","Listen to this audio clip of a single musical note. What is the main pitch frequency, expressed in Hertz? Reply with ONLY a number (the frequency in Hz). Nothing else. Output only the answer."
sat_heavy,saturation,"{'type': 'saturation', 'drive_db': 30.0}",3064,violin,instrument,64,69,0,0,0,1,E4,G4,0,0,1,mi,sol,0,0,0,69,G4,sol,440,data/audio/pitchbench_e4_harmonic_saturation/E4_violin_5000ms_fx_sat_heavy.wav,E4_violin_5000ms_fx_sat_heavy.wav,Listen to this audio clip of a single musical note. What is the MIDI note number (an integer from 0 to 127)? Reply with ONLY the integer. Nothing else. Output only the answer.,"Listen to this audio clip of a single musical note. What is the note name and octave? Reply with ONLY the note name in Scientific Pitch Notation (e.g. C4, F#3, Bb5). Nothing else. Output only the answer.","Listen to this audio clip of a single musical note. What is the solfege syllable and accidental (if needed) of this pitch? Use fixed-do (do=C, re=D, mi=E, fa=F, sol=G, la=A, si=B). Include sharps or flats when needed (e.g. do#, reb, fa#, sib). Do NOT include the octave. Reply with ONLY the syllable and accidental (if needed). Nothing else. Output only the answer.","Listen to this audio clip of a single musical note. What is the main pitch frequency, expressed in Hertz? Reply with ONLY a number (the frequency in Hz). Nothing else. Output only the answer."
sat_heavy,saturation,"{'type': 'saturation', 'drive_db': 30.0}",3064,trumpet,instrument,64,69,0,0,0,1,E4,F4,0,0,1,mi,sol,0,0,0,69,F4,sol,440,data/audio/pitchbench_e4_harmonic_saturation/E4_trumpet_5000ms_fx_sat_heavy.wav,E4_trumpet_5000ms_fx_sat_heavy.wav,Listen to this audio clip of a single musical note. What is the MIDI note number (an integer from 0 to 127)? Reply with ONLY the integer. Nothing else. Output only the answer.,"Listen to this audio clip of a single musical note. What is the note name and octave? Reply with ONLY the note name in Scientific Pitch Notation (e.g. C4, F#3, Bb5). Nothing else. Output only the answer.","Listen to this audio clip of a single musical note. What is the solfege syllable and accidental (if needed) of this pitch? Use fixed-do (do=C, re=D, mi=E, fa=F, sol=G, la=A, si=B). Include sharps or flats when needed (e.g. do#, reb, fa#, sib). Do NOT include the octave. Reply with ONLY the syllable and accidental (if needed). Nothing else. Output only the answer.","Listen to this audio clip of a single musical note. What is the main pitch frequency, expressed in Hertz? Reply with ONLY a number (the frequency in Hz). Nothing else. Output only the answer."
sat_heavy,saturation,"{'type': 'saturation', 'drive_db': 30.0}",3064,square,waveform,64,69,0,0,0,1,E4,A4,0,0,1,mi,sol,0,0,0,69,A4,sol,440,data/audio/pitchbench_e4_harmonic_saturation/E4_square_5000ms_fx_sat_heavy.wav,E4_square_5000ms_fx_sat_heavy.wav,Listen to this audio clip of a single musical note. What is the MIDI note number (an integer from 0 to 127)? Reply with ONLY the integer. Nothing else. Output only the answer.,"Listen to this audio clip of a single musical note. What is the note name and octave? Reply with ONLY the note name in Scientific Pitch Notation (e.g. C4, F#3, Bb5). Nothing else. Output only the answer.","Listen to this audio clip of a single musical note. What is the solfege syllable and accidental (if needed) of this pitch? Use fixed-do (do=C, re=D, mi=E, fa=F, sol=G, la=A, si=B). Include sharps or flats when needed (e.g. do#, reb, fa#, sib). Do NOT include the octave. Reply with ONLY the syllable and accidental (if needed). Nothing else. Output only the answer.","Listen to this audio clip of a single musical note. What is the main pitch frequency, expressed in Hertz? Reply with ONLY a number (the frequency in Hz). Nothing else. Output only the answer."
sat_heavy,saturation,"{'type': 'saturation', 'drive_db': 30.0}",3064,triangle,waveform,64,72,0,0,0,0,E4,G4,0,0,1,mi,mi,1,0,0,72,G4,mi,440,data/audio/pitchbench_e4_harmonic_saturation/E4_triangle_5000ms_fx_sat_heavy.wav,E4_triangle_5000ms_fx_sat_heavy.wav,Listen to this audio clip of a single musical note. What is the MIDI note number (an integer from 0 to 127)? Reply with ONLY the integer. Nothing else. Output only the answer.,"Listen to this audio clip of a single musical note. What is the note name and octave? Reply with ONLY the note name in Scientific Pitch Notation (e.g. C4, F#3, Bb5). Nothing else. Output only the answer.","Listen to this audio clip of a single musical note. What is the solfege syllable and accidental (if needed) of this pitch? Use fixed-do (do=C, re=D, mi=E, fa=F, sol=G, la=A, si=B). Include sharps or flats when needed (e.g. do#, reb, fa#, sib). Do NOT include the octave. Reply with ONLY the syllable and accidental (if needed). Nothing else. Output only the answer.","Listen to this audio clip of a single musical note. What is the main pitch frequency, expressed in Hertz? Reply with ONLY a number (the frequency in Hz). Nothing else. Output only the answer."
sat_heavy,saturation,"{'type': 'saturation', 'drive_db': 30.0}",3069,voice,instrument,69,69,1,1,1,1,A4,A4,1,1,1,la,sol,0,1,1,69,A4,sol,440,data/audio/pitchbench_e4_harmonic_saturation/A4_voice_5000ms_fx_sat_heavy.wav,A4_voice_5000ms_fx_sat_heavy.wav,Listen to this audio clip of a single musical note. What is the MIDI note number (an integer from 0 to 127)? Reply with ONLY the integer. Nothing else. Output only the answer.,"Listen to this audio clip of a single musical note. What is the note name and octave? Reply with ONLY the note name in Scientific Pitch Notation (e.g. C4, F#3, Bb5). Nothing else. Output only the answer.","Listen to this audio clip of a single musical note. What is the solfege syllable and accidental (if needed) of this pitch? Use fixed-do (do=C, re=D, mi=E, fa=F, sol=G, la=A, si=B). Include sharps or flats when needed (e.g. do#, reb, fa#, sib). Do NOT include the octave. Reply with ONLY the syllable and accidental (if needed). Nothing else. Output only the answer.","Listen to this audio clip of a single musical note. What is the main pitch frequency, expressed in Hertz? Reply with ONLY a number (the frequency in Hz). Nothing else. Output only the answer."
sat_heavy,saturation,"{'type': 'saturation', 'drive_db': 30.0}",3069,clarinet,instrument,69,72,0,0,0,0,A4,B4,0,0,1,la,sol,0,1,1,72,B4,sol,440,data/audio/pitchbench_e4_harmonic_saturation/A4_clarinet_5000ms_fx_sat_heavy.wav,A4_clarinet_5000ms_fx_sat_heavy.wav,Listen to this audio clip of a single musical note. What is the MIDI note number (an integer from 0 to 127)? Reply with ONLY the integer. Nothing else. Output only the answer.,"Listen to this audio clip of a single musical note. What is the note name and octave? Reply with ONLY the note name in Scientific Pitch Notation (e.g. C4, F#3, Bb5). Nothing else. Output only the answer.","Listen to this audio clip of a single musical note. What is the solfege syllable and accidental (if needed) of this pitch? Use fixed-do (do=C, re=D, mi=E, fa=F, sol=G, la=A, si=B). Include sharps or flats when needed (e.g. do#, reb, fa#, sib). Do NOT include the octave. Reply with ONLY the syllable and accidental (if needed). Nothing else. Output only the answer.","Listen to this audio clip of a single musical note. What is the main pitch frequency, expressed in Hertz? Reply with ONLY a number (the frequency in Hz). Nothing else. Output only the answer."
sat_heavy,saturation,"{'type': 'saturation', 'drive_db': 30.0}",3069,guitar,instrument,69,69,1,1,1,1,A4,A4,1,1,1,la,sol,0,1,1,69,A4,sol,440,data/audio/pitchbench_e4_harmonic_saturation/A4_guitar_5000ms_fx_sat_heavy.wav,A4_guitar_5000ms_fx_sat_heavy.wav,Listen to this audio clip of a single musical note. What is the MIDI note number (an integer from 0 to 127)? Reply with ONLY the integer. Nothing else. Output only the answer.,"Listen to this audio clip of a single musical note. What is the note name and octave? Reply with ONLY the note name in Scientific Pitch Notation (e.g. C4, F#3, Bb5). Nothing else. Output only the answer.","Listen to this audio clip of a single musical note. What is the solfege syllable and accidental (if needed) of this pitch? Use fixed-do (do=C, re=D, mi=E, fa=F, sol=G, la=A, si=B). Include sharps or flats when needed (e.g. do#, reb, fa#, sib). Do NOT include the octave. Reply with ONLY the syllable and accidental (if needed). Nothing else. Output only the answer.","Listen to this audio clip of a single musical note. What is the main pitch frequency, expressed in Hertz? Reply with ONLY a number (the frequency in Hz). Nothing else. Output only the answer."
sat_heavy,saturation,"{'type': 'saturation', 'drive_db': 30.0}",3069,bass,instrument,69,69,1,1,1,1,A4,A4,1,1,1,la,fa#,0,1,1,69,A4,fa#,440,data/audio/pitchbench_e4_harmonic_saturation/A4_bass_5000ms_fx_sat_heavy.wav,A4_bass_5000ms_fx_sat_heavy.wav,Listen to this audio clip of a single musical note. What is the MIDI note number (an integer from 0 to 127)? Reply with ONLY the integer. Nothing else. Output only the answer.,"Listen to this audio clip of a single musical note. What is the note name and octave? Reply with ONLY the note name in Scientific Pitch Notation (e.g. C4, F#3, Bb5). Nothing else. Output only the answer.","Listen to this audio clip of a single musical note. What is the solfege syllable and accidental (if needed) of this pitch? Use fixed-do (do=C, re=D, mi=E, fa=F, sol=G, la=A, si=B). Include sharps or flats when needed (e.g. do#, reb, fa#, sib). Do NOT include the octave. Reply with ONLY the syllable and accidental (if needed). Nothing else. Output only the answer.","Listen to this audio clip of a single musical note. What is the main pitch frequency, expressed in Hertz? Reply with ONLY a number (the frequency in Hz). Nothing else. Output only the answer."
sat_heavy,saturation,"{'type': 'saturation', 'drive_db': 30.0}",3069,synth_lead,instrument,69,69,1,1,1,1,A4,G4,0,0,1,la,sol,0,1,1,69,G4,sol,440,data/audio/pitchbench_e4_harmonic_saturation/A4_synth_lead_5000ms_fx_sat_heavy.wav,A4_synth_lead_5000ms_fx_sat_heavy.wav,Listen to this audio clip of a single musical note. What is the MIDI note number (an integer from 0 to 127)? Reply with ONLY the integer. Nothing else. Output only the answer.,"Listen to this audio clip of a single musical note. What is the note name and octave? Reply with ONLY the note name in Scientific Pitch Notation (e.g. C4, F#3, Bb5). Nothing else. Output only the answer.","Listen to this audio clip of a single musical note. What is the solfege syllable and accidental (if needed) of this pitch? Use fixed-do (do=C, re=D, mi=E, fa=F, sol=G, la=A, si=B). Include sharps or flats when needed (e.g. do#, reb, fa#, sib). Do NOT include the octave. Reply with ONLY the syllable and accidental (if needed). Nothing else. Output only the answer.","Listen to this audio clip of a single musical note. What is the main pitch frequency, expressed in Hertz? Reply with ONLY a number (the frequency in Hz). Nothing else. Output only the answer."
sat_heavy,saturation,"{'type': 'saturation', 'drive_db': 30.0}",3079,organ,instrument,79,72,0,0,0,1,G5,E5,0,0,1,sol,sol#,0,0,0,72,E5,sol#,440,data/audio/pitchbench_e4_harmonic_saturation/G5_organ_5000ms_fx_sat_heavy.wav,G5_organ_5000ms_fx_sat_heavy.wav,Listen to this audio clip of a single musical note. What is the MIDI note number (an integer from 0 to 127)? Reply with ONLY the integer. Nothing else. Output only the answer.,"Listen to this audio clip of a single musical note. What is the note name and octave? Reply with ONLY the note name in Scientific Pitch Notation (e.g. C4, F#3, Bb5). Nothing else. Output only the answer.","Listen to this audio clip of a single musical note. What is the solfege syllable and accidental (if needed) of this pitch? Use fixed-do (do=C, re=D, mi=E, fa=F, sol=G, la=A, si=B). Include sharps or flats when needed (e.g. do#, reb, fa#, sib). Do NOT include the octave. Reply with ONLY the syllable and accidental (if needed). Nothing else. Output only the answer.","Listen to this audio clip of a single musical note. What is the main pitch frequency, expressed in Hertz? Reply with ONLY a number (the frequency in Hz). Nothing else. Output only the answer."
sat_heavy,saturation,"{'type': 'saturation', 'drive_db': 30.0}",3079,piano,instrument,79,69,0,0,0,0,G5,A4,0,0,0,sol,sol,1,0,0,69,A4,sol,440,data/audio/pitchbench_e4_harmonic_saturation/G5_piano_5000ms_fx_sat_heavy.wav,G5_piano_5000ms_fx_sat_heavy.wav,Listen to this audio clip of a single musical note. What is the MIDI note number (an integer from 0 to 127)? Reply with ONLY the integer. Nothing else. Output only the answer.,"Listen to this audio clip of a single musical note. What is the note name and octave? Reply with ONLY the note name in Scientific Pitch Notation (e.g. C4, F#3, Bb5). Nothing else. Output only the answer.","Listen to this audio clip of a single musical note. What is the solfege syllable and accidental (if needed) of this pitch? Use fixed-do (do=C, re=D, mi=E, fa=F, sol=G, la=A, si=B). Include sharps or flats when needed (e.g. do#, reb, fa#, sib). Do NOT include the octave. Reply with ONLY the syllable and accidental (if needed). Nothing else. Output only the answer.","Listen to this audio clip of a single musical note. What is the main pitch frequency, expressed in Hertz? Reply with ONLY a number (the frequency in Hz). Nothing else. Output only the answer."
sat_heavy,saturation,"{'type': 'saturation', 'drive_db': 30.0}",3079,trumpet,instrument,79,72,0,0,0,1,G5,A4,0,0,0,sol,sol,1,0,0,72,A4,sol,440,data/audio/pitchbench_e4_harmonic_saturation/G5_trumpet_5000ms_fx_sat_heavy.wav,G5_trumpet_5000ms_fx_sat_heavy.wav,Listen to this audio clip of a single musical note. What is the MIDI note number (an integer from 0 to 127)? Reply with ONLY the integer. Nothing else. Output only the answer.,"Listen to this audio clip of a single musical note. What is the note name and octave? Reply with ONLY the note name in Scientific Pitch Notation (e.g. C4, F#3, Bb5). Nothing else. Output only the answer.","Listen to this audio clip of a single musical note. What is the solfege syllable and accidental (if needed) of this pitch? Use fixed-do (do=C, re=D, mi=E, fa=F, sol=G, la=A, si=B). Include sharps or flats when needed (e.g. do#, reb, fa#, sib). Do NOT include the octave. Reply with ONLY the syllable and accidental (if needed). Nothing else. Output only the answer.","Listen to this audio clip of a single musical note. What is the main pitch frequency, expressed in Hertz? Reply with ONLY a number (the frequency in Hz). Nothing else. Output only the answer."
sat_heavy,saturation,"{'type': 'saturation', 'drive_db': 30.0}",3079,synth_pad,instrument,79,69,0,0,0,0,G5,A4,0,0,0,sol,sol#,0,0,0,69,A4,sol#,440,data/audio/pitchbench_e4_harmonic_saturation/G5_synth_pad_5000ms_fx_sat_heavy.wav,G5_synth_pad_5000ms_fx_sat_heavy.wav,Listen to this audio clip of a single musical note. What is the MIDI note number (an integer from 0 to 127)? Reply with ONLY the integer. Nothing else. Output only the answer.,"Listen to this audio clip of a single musical note. What is the note name and octave? Reply with ONLY the note name in Scientific Pitch Notation (e.g. C4, F#3, Bb5). Nothing else. Output only the answer.","Listen to this audio clip of a single musical note. What is the solfege syllable and accidental (if needed) of this pitch? Use fixed-do (do=C, re=D, mi=E, fa=F, sol=G, la=A, si=B). Include sharps or flats when needed (e.g. do#, reb, fa#, sib). Do NOT include the octave. Reply with ONLY the syllable and accidental (if needed). Nothing else. Output only the answer.","Listen to this audio clip of a single musical note. What is the main pitch frequency, expressed in Hertz? Reply with ONLY a number (the frequency in Hz). Nothing else. Output only the answer."
sat_heavy,saturation,"{'type': 'saturation', 'drive_db': 30.0}",3079,triangle,waveform,79,67,0,0,1,0,G5,G4,0,1,0,sol,sol#,0,0,0,67,G4,sol#,440,data/audio/pitchbench_e4_harmonic_saturation/G5_triangle_5000ms_fx_sat_heavy.wav,G5_triangle_5000ms_fx_sat_heavy.wav,Listen to this audio clip of a single musical note. What is the MIDI note number (an integer from 0 to 127)? Reply with ONLY the integer. Nothing else. Output only the answer.,"Listen to this audio clip of a single musical note. What is the note name and octave? Reply with ONLY the note name in Scientific Pitch Notation (e.g. C4, F#3, Bb5). Nothing else. Output only the answer.","Listen to this audio clip of a single musical note. What is the solfege syllable and accidental (if needed) of this pitch? Use fixed-do (do=C, re=D, mi=E, fa=F, sol=G, la=A, si=B). Include sharps or flats when needed (e.g. do#, reb, fa#, sib). Do NOT include the octave. Reply with ONLY the syllable and accidental (if needed). Nothing else. Output only the answer.","Listen to this audio clip of a single musical note. What is the main pitch frequency, expressed in Hertz? Reply with ONLY a number (the frequency in Hz). Nothing else. Output only the answer."
sat_heavy,saturation,"{'type': 'saturation', 'drive_db': 30.0}",3088,synth_pad,instrument,88,69,0,0,0,0,E6,A4,0,0,0,mi,sol,0,0,0,69,A4,sol,440,data/audio/pitchbench_e4_harmonic_saturation/E6_synth_pad_5000ms_fx_sat_heavy.wav,E6_synth_pad_5000ms_fx_sat_heavy.wav,Listen to this audio clip of a single musical note. What is the MIDI note number (an integer from 0 to 127)? Reply with ONLY the integer. Nothing else. Output only the answer.,"Listen to this audio clip of a single musical note. What is the note name and octave? Reply with ONLY the note name in Scientific Pitch Notation (e.g. C4, F#3, Bb5). Nothing else. Output only the answer.","Listen to this audio clip of a single musical note. What is the solfege syllable and accidental (if needed) of this pitch? Use fixed-do (do=C, re=D, mi=E, fa=F, sol=G, la=A, si=B). Include sharps or flats when needed (e.g. do#, reb, fa#, sib). Do NOT include the octave. Reply with ONLY the syllable and accidental (if needed). Nothing else. Output only the answer.","Listen to this audio clip of a single musical note. What is the main pitch frequency, expressed in Hertz? Reply with ONLY a number (the frequency in Hz). Nothing else. Output only the answer."
sat_heavy,saturation,"{'type': 'saturation', 'drive_db': 30.0}",3088,voice,instrument,88,72,0,0,0,0,E6,A6,0,0,1,mi,fa#,0,0,0,72,A6,fa#,440,data/audio/pitchbench_e4_harmonic_saturation/E6_voice_5000ms_fx_sat_heavy.wav,E6_voice_5000ms_fx_sat_heavy.wav,Listen to this audio clip of a single musical note. What is the MIDI note number (an integer from 0 to 127)? Reply with ONLY the integer. Nothing else. Output only the answer.,"Listen to this audio clip of a single musical note. What is the note name and octave? Reply with ONLY the note name in Scientific Pitch Notation (e.g. C4, F#3, Bb5). Nothing else. Output only the answer.","Listen to this audio clip of a single musical note. What is the solfege syllable and accidental (if needed) of this pitch? Use fixed-do (do=C, re=D, mi=E, fa=F, sol=G, la=A, si=B). Include sharps or flats when needed (e.g. do#, reb, fa#, sib). Do NOT include the octave. Reply with ONLY the syllable and accidental (if needed). Nothing else. Output only the answer.","Listen to this audio clip of a single musical note. What is the main pitch frequency, expressed in Hertz? Reply with ONLY a number (the frequency in Hz). Nothing else. Output only the answer."
sat_heavy,saturation,"{'type': 'saturation', 'drive_db': 30.0}",3088,trumpet,instrument,88,72,0,0,0,0,E6,A5,0,0,0,mi,sol,0,0,0,72,A5,sol,440,data/audio/pitchbench_e4_harmonic_saturation/E6_trumpet_5000ms_fx_sat_heavy.wav,E6_trumpet_5000ms_fx_sat_heavy.wav,Listen to this audio clip of a single musical note. What is the MIDI note number (an integer from 0 to 127)? Reply with ONLY the integer. Nothing else. Output only the answer.,"Listen to this audio clip of a single musical note. What is the note name and octave? Reply with ONLY the note name in Scientific Pitch Notation (e.g. C4, F#3, Bb5). Nothing else. Output only the answer.","Listen to this audio clip of a single musical note. What is the solfege syllable and accidental (if needed) of this pitch? Use fixed-do (do=C, re=D, mi=E, fa=F, sol=G, la=A, si=B). Include sharps or flats when needed (e.g. do#, reb, fa#, sib). Do NOT include the octave. Reply with ONLY the syllable and accidental (if needed). Nothing else. Output only the answer.","Listen to this audio clip of a single musical note. What is the main pitch frequency, expressed in Hertz? Reply with ONLY a number (the frequency in Hz). Nothing else. Output only the answer."
sat_heavy,saturation,"{'type': 'saturation', 'drive_db': 30.0}",3088,cello,instrument,88,72,0,0,0,0,E6,E6,1,1,1,mi,sol,0,0,1,72,E6,sol,440,data/audio/pitchbench_e4_harmonic_saturation/E6_cello_5000ms_fx_sat_heavy.wav,E6_cello_5000ms_fx_sat_heavy.wav,Listen to this audio clip of a single musical note. What is the MIDI note number (an integer from 0 to 127)? Reply with ONLY the integer. Nothing else. Output only the answer.,"Listen to this audio clip of a single musical note. What is the note name and octave? Reply with ONLY the note name in Scientific Pitch Notation (e.g. C4, F#3, Bb5). Nothing else. Output only the answer.","Listen to this audio clip of a single musical note. What is the solfege syllable and accidental (if needed) of this pitch? Use fixed-do (do=C, re=D, mi=E, fa=F, sol=G, la=A, si=B). Include sharps or flats when needed (e.g. do#, reb, fa#, sib). Do NOT include the octave. Reply with ONLY the syllable and accidental (if needed). Nothing else. Output only the answer.","Listen to this audio clip of a single musical note. What is the main pitch frequency, expressed in Hertz? Reply with ONLY a number (the frequency in Hz). Nothing else. Output only the answer."
sat_heavy,saturation,"{'type': 'saturation', 'drive_db': 30.0}",3088,organ,instrument,88,69,0,0,0,0,E6,A#4,0,0,0,mi,sol#,0,0,0,69,A#4,sol#,440,data/audio/pitchbench_e4_harmonic_saturation/E6_organ_5000ms_fx_sat_heavy.wav,E6_organ_5000ms_fx_sat_heavy.wav,Listen to this audio clip of a single musical note. What is the MIDI note number (an integer from 0 to 127)? Reply with ONLY the integer. Nothing else. Output only the answer.,"Listen to this audio clip of a single musical note. What is the note name and octave? Reply with ONLY the note name in Scientific Pitch Notation (e.g. C4, F#3, Bb5). Nothing else. Output only the answer.","Listen to this audio clip of a single musical note. What is the solfege syllable and accidental (if needed) of this pitch? Use fixed-do (do=C, re=D, mi=E, fa=F, sol=G, la=A, si=B). Include sharps or flats when needed (e.g. do#, reb, fa#, sib). Do NOT include the octave. Reply with ONLY the syllable and accidental (if needed). Nothing else. Output only the answer.","Listen to this audio clip of a single musical note. What is the main pitch frequency, expressed in Hertz? Reply with ONLY a number (the frequency in Hz). Nothing else. Output only the answer."
sat_light,saturation,"{'type': 'saturation', 'drive_db': 6.0}",1030,voice,instrument,30,69,0,0,0,0,F#1,A#2,0,0,0,fa#,sol,0,0,0,69,A#2,sol,440,data/audio/pitchbench_e4_harmonic_saturation/Fs1_voice_5000ms_fx_sat_light.wav,Fs1_voice_5000ms_fx_sat_light.wav,Listen to this audio clip of a single musical note. What is the MIDI note number (an integer from 0 to 127)? Reply with ONLY the integer. Nothing else. Output only the answer.,"Listen to this audio clip of a single musical note. What is the note name and octave? Reply with ONLY the note name in Scientific Pitch Notation (e.g. C4, F#3, Bb5). Nothing else. Output only the answer.","Listen to this audio clip of a single musical note. What is the solfege syllable and accidental (if needed) of this pitch? Use fixed-do (do=C, re=D, mi=E, fa=F, sol=G, la=A, si=B). Include sharps or flats when needed (e.g. do#, reb, fa#, sib). Do NOT include the octave. Reply with ONLY the syllable and accidental (if needed). Nothing else. Output only the answer.","Listen to this audio clip of a single musical note. What is the main pitch frequency, expressed in Hertz? Reply with ONLY a number (the frequency in Hz). Nothing else. Output only the answer."
sat_light,saturation,"{'type': 'saturation', 'drive_db': 6.0}",1030,violin,instrument,30,45,0,0,0,0,F#1,G2,0,0,0,fa#,sol,0,0,0,45,G2,sol,196,data/audio/pitchbench_e4_harmonic_saturation/Fs1_violin_5000ms_fx_sat_light.wav,Fs1_violin_5000ms_fx_sat_light.wav,Listen to this audio clip of a single musical note. What is the MIDI note number (an integer from 0 to 127)? Reply with ONLY the integer. Nothing else. Output only the answer.,"Listen to this audio clip of a single musical note. What is the note name and octave? Reply with ONLY the note name in Scientific Pitch Notation (e.g. C4, F#3, Bb5). Nothing else. Output only the answer.","Listen to this audio clip of a single musical note. What is the solfege syllable and accidental (if needed) of this pitch? Use fixed-do (do=C, re=D, mi=E, fa=F, sol=G, la=A, si=B). Include sharps or flats when needed (e.g. do#, reb, fa#, sib). Do NOT include the octave. Reply with ONLY the syllable and accidental (if needed). Nothing else. Output only the answer.","Listen to this audio clip of a single musical note. What is the main pitch frequency, expressed in Hertz? Reply with ONLY a number (the frequency in Hz). Nothing else. Output only the answer."
sat_light,saturation,"{'type': 'saturation', 'drive_db': 6.0}",1030,oboe,instrument,30,69,0,0,0,0,F#1,G2,0,0,0,fa#,sol,0,0,0,69,G2,sol,196,data/audio/pitchbench_e4_harmonic_saturation/Fs1_oboe_5000ms_fx_sat_light.wav,Fs1_oboe_5000ms_fx_sat_light.wav,Listen to this audio clip of a single musical note. What is the MIDI note number (an integer from 0 to 127)? Reply with ONLY the integer. Nothing else. Output only the answer.,"Listen to this audio clip of a single musical note. What is the note name and octave? Reply with ONLY the note name in Scientific Pitch Notation (e.g. C4, F#3, Bb5). Nothing else. Output only the answer.","Listen to this audio clip of a single musical note. What is the solfege syllable and accidental (if needed) of this pitch? Use fixed-do (do=C, re=D, mi=E, fa=F, sol=G, la=A, si=B). Include sharps or flats when needed (e.g. do#, reb, fa#, sib). Do NOT include the octave. Reply with ONLY the syllable and accidental (if needed). Nothing else. Output only the answer.","Listen to this audio clip of a single musical note. What is the main pitch frequency, expressed in Hertz? Reply with ONLY a number (the frequency in Hz). Nothing else. Output only the answer."
sat_light,saturation,"{'type': 'saturation', 'drive_db': 6.0}",1030,flute,instrument,30,69,0,0,0,0,F#1,G2,0,0,0,fa#,sol,0,0,0,69,G2,sol,220,data/audio/pitchbench_e4_harmonic_saturation/Fs1_flute_5000ms_fx_sat_light.wav,Fs1_flute_5000ms_fx_sat_light.wav,Listen to this audio clip of a single musical note. What is the MIDI note number (an integer from 0 to 127)? Reply with ONLY the integer. Nothing else. Output only the answer.,"Listen to this audio clip of a single musical note. What is the note name and octave? Reply with ONLY the note name in Scientific Pitch Notation (e.g. C4, F#3, Bb5). Nothing else. Output only the answer.","Listen to this audio clip of a single musical note. What is the solfege syllable and accidental (if needed) of this pitch? Use fixed-do (do=C, re=D, mi=E, fa=F, sol=G, la=A, si=B). Include sharps or flats when needed (e.g. do#, reb, fa#, sib). Do NOT include the octave. Reply with ONLY the syllable and accidental (if needed). Nothing else. Output only the answer.","Listen to this audio clip of a single musical note. What is the main pitch frequency, expressed in Hertz? Reply with ONLY a number (the frequency in Hz). Nothing else. Output only the answer."
sat_light,saturation,"{'type': 'saturation', 'drive_db': 6.0}",1030,square,waveform,30,69,0,0,0,0,F#1,G4,0,0,0,fa#,sol,0,0,0,69,G4,sol,440,data/audio/pitchbench_e4_harmonic_saturation/Fs1_square_5000ms_fx_sat_light.wav,Fs1_square_5000ms_fx_sat_light.wav,Listen to this audio clip of a single musical note. What is the MIDI note number (an integer from 0 to 127)? Reply with ONLY the integer. Nothing else. Output only the answer.,"Listen to this audio clip of a single musical note. What is the note name and octave? Reply with ONLY the note name in Scientific Pitch Notation (e.g. C4, F#3, Bb5). Nothing else. Output only the answer.","Listen to this audio clip of a single musical note. What is the solfege syllable and accidental (if needed) of this pitch? Use fixed-do (do=C, re=D, mi=E, fa=F, sol=G, la=A, si=B). Include sharps or flats when needed (e.g. do#, reb, fa#, sib). Do NOT include the octave. Reply with ONLY the syllable and accidental (if needed). Nothing else. Output only the answer.","Listen to this audio clip of a single musical note. What is the main pitch frequency, expressed in Hertz? Reply with ONLY a number (the frequency in Hz). Nothing else. Output only the answer."
sat_light,saturation,"{'type': 'saturation', 'drive_db': 6.0}",1036,synth_lead,instrument,36,69,0,0,0,0,C2,G4,0,0,0,do,sol#,0,0,0,69,G4,Sol#,440,data/audio/pitchbench_e4_harmonic_saturation/C2_synth_lead_5000ms_fx_sat_light.wav,C2_synth_lead_5000ms_fx_sat_light.wav,Listen to this audio clip of a single musical note. What is the MIDI note number (an integer from 0 to 127)? Reply with ONLY the integer. Nothing else. Output only the answer.,"Listen to this audio clip of a single musical note. What is the note name and octave? Reply with ONLY the note name in Scientific Pitch Notation (e.g. C4, F#3, Bb5). Nothing else. Output only the answer.","Listen to this audio clip of a single musical note. What is the solfege syllable and accidental (if needed) of this pitch? Use fixed-do (do=C, re=D, mi=E, fa=F, sol=G, la=A, si=B). Include sharps or flats when needed (e.g. do#, reb, fa#, sib). Do NOT include the octave. Reply with ONLY the syllable and accidental (if needed). Nothing else. Output only the answer.","Listen to this audio clip of a single musical note. What is the main pitch frequency, expressed in Hertz? Reply with ONLY a number (the frequency in Hz). Nothing else. Output only the answer."
sat_light,saturation,"{'type': 'saturation', 'drive_db': 6.0}",1036,bass,instrument,36,69,0,0,0,0,C2,G2,0,0,1,do,sol,0,0,0,69,G2,sol,440,data/audio/pitchbench_e4_harmonic_saturation/C2_bass_5000ms_fx_sat_light.wav,C2_bass_5000ms_fx_sat_light.wav,Listen to this audio clip of a single musical note. What is the MIDI note number (an integer from 0 to 127)? Reply with ONLY the integer. Nothing else. Output only the answer.,"Listen to this audio clip of a single musical note. What is the note name and octave? Reply with ONLY the note name in Scientific Pitch Notation (e.g. C4, F#3, Bb5). Nothing else. Output only the answer.","Listen to this audio clip of a single musical note. What is the solfege syllable and accidental (if needed) of this pitch? Use fixed-do (do=C, re=D, mi=E, fa=F, sol=G, la=A, si=B). Include sharps or flats when needed (e.g. do#, reb, fa#, sib). Do NOT include the octave. Reply with ONLY the syllable and accidental (if needed). Nothing else. Output only the answer.","Listen to this audio clip of a single musical note. What is the main pitch frequency, expressed in Hertz? Reply with ONLY a number (the frequency in Hz). Nothing else. Output only the answer."
sat_light,saturation,"{'type': 'saturation', 'drive_db': 6.0}",1036,square,waveform,36,68,0,0,0,0,C2,G4,0,0,0,do,sol,0,0,0,68,G4,sol,440,data/audio/pitchbench_e4_harmonic_saturation/C2_square_5000ms_fx_sat_light.wav,C2_square_5000ms_fx_sat_light.wav,Listen to this audio clip of a single musical note. What is the MIDI note number (an integer from 0 to 127)? Reply with ONLY the integer. Nothing else. Output only the answer.,"Listen to this audio clip of a single musical note. What is the note name and octave? Reply with ONLY the note name in Scientific Pitch Notation (e.g. C4, F#3, Bb5). Nothing else. Output only the answer.","Listen to this audio clip of a single musical note. What is the solfege syllable and accidental (if needed) of this pitch? Use fixed-do (do=C, re=D, mi=E, fa=F, sol=G, la=A, si=B). Include sharps or flats when needed (e.g. do#, reb, fa#, sib). Do NOT include the octave. Reply with ONLY the syllable and accidental (if needed). Nothing else. Output only the answer.","Listen to this audio clip of a single musical note. What is the main pitch frequency, expressed in Hertz? Reply with ONLY a number (the frequency in Hz). Nothing else. Output only the answer."
sat_light,saturation,"{'type': 'saturation', 'drive_db': 6.0}",1036,sawtooth,waveform,36,69,0,0,0,0,C2,A4,0,0,0,do,sol,0,0,0,69,A4,sol,440,data/audio/pitchbench_e4_harmonic_saturation/C2_sawtooth_5000ms_fx_sat_light.wav,C2_sawtooth_5000ms_fx_sat_light.wav,Listen to this audio clip of a single musical note. What is the MIDI note number (an integer from 0 to 127)? Reply with ONLY the integer. Nothing else. Output only the answer.,"Listen to this audio clip of a single musical note. What is the note name and octave? Reply with ONLY the note name in Scientific Pitch Notation (e.g. C4, F#3, Bb5). Nothing else. Output only the answer.","Listen to this audio clip of a single musical note. What is the solfege syllable and accidental (if needed) of this pitch? Use fixed-do (do=C, re=D, mi=E, fa=F, sol=G, la=A, si=B). Include sharps or flats when needed (e.g. do#, reb, fa#, sib). Do NOT include the octave. Reply with ONLY the syllable and accidental (if needed). Nothing else. Output only the answer.","Listen to this audio clip of a single musical note. What is the main pitch frequency, expressed in Hertz? Reply with ONLY a number (the frequency in Hz). Nothing else. Output only the answer."
sat_light,saturation,"{'type': 'saturation', 'drive_db': 6.0}",1036,cello,instrument,36,69,0,0,0,0,C2,G2,0,0,1,do,sol#,0,0,0,69,G2,sol#,196,data/audio/pitchbench_e4_harmonic_saturation/C2_cello_5000ms_fx_sat_light.wav,C2_cello_5000ms_fx_sat_light.wav,Listen to this audio clip of a single musical note. What is the MIDI note number (an integer from 0 to 127)? Reply with ONLY the integer. Nothing else. Output only the answer.,"Listen to this audio clip of a single musical note. What is the note name and octave? Reply with ONLY the note name in Scientific Pitch Notation (e.g. C4, F#3, Bb5). Nothing else. Output only the answer.","Listen to this audio clip of a single musical note. What is the solfege syllable and accidental (if needed) of this pitch? Use fixed-do (do=C, re=D, mi=E, fa=F, sol=G, la=A, si=B). Include sharps or flats when needed (e.g. do#, reb, fa#, sib). Do NOT include the octave. Reply with ONLY the syllable and accidental (if needed). Nothing else. Output only the answer.","Listen to this audio clip of a single musical note. What is the main pitch frequency, expressed in Hertz? Reply with ONLY a number (the frequency in Hz). Nothing else. Output only the answer."
sat_light,saturation,"{'type': 'saturation', 'drive_db': 6.0}",1043,triangle,waveform,43,42,0,1,0,1,G2,G4,0,1,0,sol,sol,1,0,0,42,G4,sol,440,data/audio/pitchbench_e4_harmonic_saturation/G2_triangle_5000ms_fx_sat_light.wav,G2_triangle_5000ms_fx_sat_light.wav,Listen to this audio clip of a single musical note. What is the MIDI note number (an integer from 0 to 127)? Reply with ONLY the integer. Nothing else. Output only the answer.,"Listen to this audio clip of a single musical note. What is the note name and octave? Reply with ONLY the note name in Scientific Pitch Notation (e.g. C4, F#3, Bb5). Nothing else. Output only the answer.","Listen to this audio clip of a single musical note. What is the solfege syllable and accidental (if needed) of this pitch? Use fixed-do (do=C, re=D, mi=E, fa=F, sol=G, la=A, si=B). Include sharps or flats when needed (e.g. do#, reb, fa#, sib). Do NOT include the octave. Reply with ONLY the syllable and accidental (if needed). Nothing else. Output only the answer.","Listen to this audio clip of a single musical note. What is the main pitch frequency, expressed in Hertz? Reply with ONLY a number (the frequency in Hz). Nothing else. Output only the answer."
sat_light,saturation,"{'type': 'saturation', 'drive_db': 6.0}",1043,piano,instrument,43,69,0,0,0,0,G2,F3,0,0,0,sol,mi,0,0,0,69,F3,mi,440,data/audio/pitchbench_e4_harmonic_saturation/G2_piano_5000ms_fx_sat_light.wav,G2_piano_5000ms_fx_sat_light.wav,Listen to this audio clip of a single musical note. What is the MIDI note number (an integer from 0 to 127)? Reply with ONLY the integer. Nothing else. Output only the answer.,"Listen to this audio clip of a single musical note. What is the note name and octave? Reply with ONLY the note name in Scientific Pitch Notation (e.g. C4, F#3, Bb5). Nothing else. Output only the answer.","Listen to this audio clip of a single musical note. What is the solfege syllable and accidental (if needed) of this pitch? Use fixed-do (do=C, re=D, mi=E, fa=F, sol=G, la=A, si=B). Include sharps or flats when needed (e.g. do#, reb, fa#, sib). Do NOT include the octave. Reply with ONLY the syllable and accidental (if needed). Nothing else. Output only the answer.","Listen to this audio clip of a single musical note. What is the main pitch frequency, expressed in Hertz? Reply with ONLY a number (the frequency in Hz). Nothing else. Output only the answer."
sat_light,saturation,"{'type': 'saturation', 'drive_db': 6.0}",1043,electric_keyboard,instrument,43,48,0,0,0,0,G2,F2,0,0,1,sol,sol#,0,0,0,48,F2,sol#,196,data/audio/pitchbench_e4_harmonic_saturation/G2_electric_keyboard_5000ms_fx_sat_light.wav,G2_electric_keyboard_5000ms_fx_sat_light.wav,Listen to this audio clip of a single musical note. What is the MIDI note number (an integer from 0 to 127)? Reply with ONLY the integer. Nothing else. Output only the answer.,"Listen to this audio clip of a single musical note. What is the note name and octave? Reply with ONLY the note name in Scientific Pitch Notation (e.g. C4, F#3, Bb5). Nothing else. Output only the answer.","Listen to this audio clip of a single musical note. What is the solfege syllable and accidental (if needed) of this pitch? Use fixed-do (do=C, re=D, mi=E, fa=F, sol=G, la=A, si=B). Include sharps or flats when needed (e.g. do#, reb, fa#, sib). Do NOT include the octave. Reply with ONLY the syllable and accidental (if needed). Nothing else. Output only the answer.","Listen to this audio clip of a single musical note. What is the main pitch frequency, expressed in Hertz? Reply with ONLY a number (the frequency in Hz). Nothing else. Output only the answer."
sat_light,saturation,"{'type': 'saturation', 'drive_db': 6.0}",1043,cello,instrument,43,69,0,0,0,0,G2,A2,0,0,1,sol,sol#,0,0,0,69,A2,sol#,196,data/audio/pitchbench_e4_harmonic_saturation/G2_cello_5000ms_fx_sat_light.wav,G2_cello_5000ms_fx_sat_light.wav,Listen to this audio clip of a single musical note. What is the MIDI note number (an integer from 0 to 127)? Reply with ONLY the integer. Nothing else. Output only the answer.,"Listen to this audio clip of a single musical note. What is the note name and octave? Reply with ONLY the note name in Scientific Pitch Notation (e.g. C4, F#3, Bb5). Nothing else. Output only the answer.","Listen to this audio clip of a single musical note. What is the solfege syllable and accidental (if needed) of this pitch? Use fixed-do (do=C, re=D, mi=E, fa=F, sol=G, la=A, si=B). Include sharps or flats when needed (e.g. do#, reb, fa#, sib). Do NOT include the octave. Reply with ONLY the syllable and accidental (if needed). Nothing else. Output only the answer.","Listen to this audio clip of a single musical note. What is the main pitch frequency, expressed in Hertz? Reply with ONLY a number (the frequency in Hz). Nothing else. Output only the answer."
sat_light,saturation,"{'type': 'saturation', 'drive_db': 6.0}",1043,trombone,instrument,43,46,0,0,0,1,G2,A#2,0,0,1,sol,sol,1,0,0,46,A#2,sol,440,data/audio/pitchbench_e4_harmonic_saturation/G2_trombone_5000ms_fx_sat_light.wav,G2_trombone_5000ms_fx_sat_light.wav,Listen to this audio clip of a single musical note. What is the MIDI note number (an integer from 0 to 127)? Reply with ONLY the integer. Nothing else. Output only the answer.,"Listen to this audio clip of a single musical note. What is the note name and octave? Reply with ONLY the note name in Scientific Pitch Notation (e.g. C4, F#3, Bb5). Nothing else. Output only the answer.","Listen to this audio clip of a single musical note. What is the solfege syllable and accidental (if needed) of this pitch? Use fixed-do (do=C, re=D, mi=E, fa=F, sol=G, la=A, si=B). Include sharps or flats when needed (e.g. do#, reb, fa#, sib). Do NOT include the octave. Reply with ONLY the syllable and accidental (if needed). Nothing else. Output only the answer.","Listen to this audio clip of a single musical note. What is the main pitch frequency, expressed in Hertz? Reply with ONLY a number (the frequency in Hz). Nothing else. Output only the answer."
sat_light,saturation,"{'type': 'saturation', 'drive_db': 6.0}",1048,square,waveform,48,69,0,0,0,0,C3,A4,0,0,0,do,sol#,0,0,0,69,A4,sol#,440,data/audio/pitchbench_e4_harmonic_saturation/C3_square_5000ms_fx_sat_light.wav,C3_square_5000ms_fx_sat_light.wav,Listen to this audio clip of a single musical note. What is the MIDI note number (an integer from 0 to 127)? Reply with ONLY the integer. Nothing else. Output only the answer.,"Listen to this audio clip of a single musical note. What is the note name and octave? Reply with ONLY the note name in Scientific Pitch Notation (e.g. C4, F#3, Bb5). Nothing else. Output only the answer.","Listen to this audio clip of a single musical note. What is the solfege syllable and accidental (if needed) of this pitch? Use fixed-do (do=C, re=D, mi=E, fa=F, sol=G, la=A, si=B). Include sharps or flats when needed (e.g. do#, reb, fa#, sib). Do NOT include the octave. Reply with ONLY the syllable and accidental (if needed). Nothing else. Output only the answer.","Listen to this audio clip of a single musical note. What is the main pitch frequency, expressed in Hertz? Reply with ONLY a number (the frequency in Hz). Nothing else. Output only the answer."
sat_light,saturation,"{'type': 'saturation', 'drive_db': 6.0}",1048,violin,instrument,48,69,0,0,0,0,C3,A#3,0,0,1,do,sol,0,0,0,69,A#3,sol,440,data/audio/pitchbench_e4_harmonic_saturation/C3_violin_5000ms_fx_sat_light.wav,C3_violin_5000ms_fx_sat_light.wav,Listen to this audio clip of a single musical note. What is the MIDI note number (an integer from 0 to 127)? Reply with ONLY the integer. Nothing else. Output only the answer.,"Listen to this audio clip of a single musical note. What is the note name and octave? Reply with ONLY the note name in Scientific Pitch Notation (e.g. C4, F#3, Bb5). Nothing else. Output only the answer.","Listen to this audio clip of a single musical note. What is the solfege syllable and accidental (if needed) of this pitch? Use fixed-do (do=C, re=D, mi=E, fa=F, sol=G, la=A, si=B). Include sharps or flats when needed (e.g. do#, reb, fa#, sib). Do NOT include the octave. Reply with ONLY the syllable and accidental (if needed). Nothing else. Output only the answer.","Listen to this audio clip of a single musical note. What is the main pitch frequency, expressed in Hertz? Reply with ONLY a number (the frequency in Hz). Nothing else. Output only the answer."
sat_light,saturation,"{'type': 'saturation', 'drive_db': 6.0}",1048,synth_pad,instrument,48,69,0,0,0,0,C3,F#2,0,0,0,do,sol,0,0,0,69,F#2,sol,196,data/audio/pitchbench_e4_harmonic_saturation/C3_synth_pad_5000ms_fx_sat_light.wav,C3_synth_pad_5000ms_fx_sat_light.wav,Listen to this audio clip of a single musical note. What is the MIDI note number (an integer from 0 to 127)? Reply with ONLY the integer. Nothing else. Output only the answer.,"Listen to this audio clip of a single musical note. What is the note name and octave? Reply with ONLY the note name in Scientific Pitch Notation (e.g. C4, F#3, Bb5). Nothing else. Output only the answer.","Listen to this audio clip of a single musical note. What is the solfege syllable and accidental (if needed) of this pitch? Use fixed-do (do=C, re=D, mi=E, fa=F, sol=G, la=A, si=B). Include sharps or flats when needed (e.g. do#, reb, fa#, sib). Do NOT include the octave. Reply with ONLY the syllable and accidental (if needed). Nothing else. Output only the answer.","Listen to this audio clip of a single musical note. What is the main pitch frequency, expressed in Hertz? Reply with ONLY a number (the frequency in Hz). Nothing else. Output only the answer."
sat_light,saturation,"{'type': 'saturation', 'drive_db': 6.0}",1048,organ,instrument,48,72,0,0,1,0,C3,G4,0,0,0,do,sol,0,0,0,72,G4,sol,440,data/audio/pitchbench_e4_harmonic_saturation/C3_organ_5000ms_fx_sat_light.wav,C3_organ_5000ms_fx_sat_light.wav,Listen to this audio clip of a single musical note. What is the MIDI note number (an integer from 0 to 127)? Reply with ONLY the integer. Nothing else. Output only the answer.,"Listen to this audio clip of a single musical note. What is the note name and octave? Reply with ONLY the note name in Scientific Pitch Notation (e.g. C4, F#3, Bb5). Nothing else. Output only the answer.","Listen to this audio clip of a single musical note. What is the solfege syllable and accidental (if needed) of this pitch? Use fixed-do (do=C, re=D, mi=E, fa=F, sol=G, la=A, si=B). Include sharps or flats when needed (e.g. do#, reb, fa#, sib). Do NOT include the octave. Reply with ONLY the syllable and accidental (if needed). Nothing else. Output only the answer.","Listen to this audio clip of a single musical note. What is the main pitch frequency, expressed in Hertz? Reply with ONLY a number (the frequency in Hz). Nothing else. Output only the answer."
sat_light,saturation,"{'type': 'saturation', 'drive_db': 6.0}",1048,trumpet,instrument,48,69,0,0,0,0,C3,A3,0,0,1,do,sol,0,0,0,69,A3,sol,440,data/audio/pitchbench_e4_harmonic_saturation/C3_trumpet_5000ms_fx_sat_light.wav,C3_trumpet_5000ms_fx_sat_light.wav,Listen to this audio clip of a single musical note. What is the MIDI note number (an integer from 0 to 127)? Reply with ONLY the integer. Nothing else. Output only the answer.,"Listen to this audio clip of a single musical note. What is the note name and octave? Reply with ONLY the note name in Scientific Pitch Notation (e.g. C4, F#3, Bb5). Nothing else. Output only the answer.","Listen to this audio clip of a single musical note. What is the solfege syllable and accidental (if needed) of this pitch? Use fixed-do (do=C, re=D, mi=E, fa=F, sol=G, la=A, si=B). Include sharps or flats when needed (e.g. do#, reb, fa#, sib). Do NOT include the octave. Reply with ONLY the syllable and accidental (if needed). Nothing else. Output only the answer.","Listen to this audio clip of a single musical note. What is the main pitch frequency, expressed in Hertz? Reply with ONLY a number (the frequency in Hz). Nothing else. Output only the answer."
sat_light,saturation,"{'type': 'saturation', 'drive_db': 6.0}",1054,trumpet,instrument,54,69,0,0,0,0,F#3,F3,0,0,1,fa#,sol#,0,0,0,69,F3,Sol#,440,data/audio/pitchbench_e4_harmonic_saturation/Fs3_trumpet_5000ms_fx_sat_light.wav,Fs3_trumpet_5000ms_fx_sat_light.wav,Listen to this audio clip of a single musical note. What is the MIDI note number (an integer from 0 to 127)? Reply with ONLY the integer. Nothing else. Output only the answer.,"Listen to this audio clip of a single musical note. What is the note name and octave? Reply with ONLY the note name in Scientific Pitch Notation (e.g. C4, F#3, Bb5). Nothing else. Output only the answer.","Listen to this audio clip of a single musical note. What is the solfege syllable and accidental (if needed) of this pitch? Use fixed-do (do=C, re=D, mi=E, fa=F, sol=G, la=A, si=B). Include sharps or flats when needed (e.g. do#, reb, fa#, sib). Do NOT include the octave. Reply with ONLY the syllable and accidental (if needed). Nothing else. Output only the answer.","Listen to this audio clip of a single musical note. What is the main pitch frequency, expressed in Hertz? Reply with ONLY a number (the frequency in Hz). Nothing else. Output only the answer."
sat_light,saturation,"{'type': 'saturation', 'drive_db': 6.0}",1054,synth_pad,instrument,54,60,0,0,0,0,F#3,A2,0,0,0,fa#,sol,0,0,0,60,A2,sol,440,data/audio/pitchbench_e4_harmonic_saturation/Fs3_synth_pad_5000ms_fx_sat_light.wav,Fs3_synth_pad_5000ms_fx_sat_light.wav,Listen to this audio clip of a single musical note. What is the MIDI note number (an integer from 0 to 127)? Reply with ONLY the integer. Nothing else. Output only the answer.,"Listen to this audio clip of a single musical note. What is the note name and octave? Reply with ONLY the note name in Scientific Pitch Notation (e.g. C4, F#3, Bb5). Nothing else. Output only the answer.","Listen to this audio clip of a single musical note. What is the solfege syllable and accidental (if needed) of this pitch? Use fixed-do (do=C, re=D, mi=E, fa=F, sol=G, la=A, si=B). Include sharps or flats when needed (e.g. do#, reb, fa#, sib). Do NOT include the octave. Reply with ONLY the syllable and accidental (if needed). Nothing else. Output only the answer.","Listen to this audio clip of a single musical note. What is the main pitch frequency, expressed in Hertz? Reply with ONLY a number (the frequency in Hz). Nothing else. Output only the answer."
sat_light,saturation,"{'type': 'saturation', 'drive_db': 6.0}",1054,sine,waveform,54,69,0,0,0,0,F#3,G4,0,0,0,fa#,sol,0,0,0,69,G4,sol,440,data/audio/pitchbench_e4_harmonic_saturation/Fs3_sine_5000ms_fx_sat_light.wav,Fs3_sine_5000ms_fx_sat_light.wav,Listen to this audio clip of a single musical note. What is the MIDI note number (an integer from 0 to 127)? Reply with ONLY the integer. Nothing else. Output only the answer.,"Listen to this audio clip of a single musical note. What is the note name and octave? Reply with ONLY the note name in Scientific Pitch Notation (e.g. C4, F#3, Bb5). Nothing else. Output only the answer.","Listen to this audio clip of a single musical note. What is the solfege syllable and accidental (if needed) of this pitch? Use fixed-do (do=C, re=D, mi=E, fa=F, sol=G, la=A, si=B). Include sharps or flats when needed (e.g. do#, reb, fa#, sib). Do NOT include the octave. Reply with ONLY the syllable and accidental (if needed). Nothing else. Output only the answer.","Listen to this audio clip of a single musical note. What is the main pitch frequency, expressed in Hertz? Reply with ONLY a number (the frequency in Hz). Nothing else. Output only the answer."
sat_light,saturation,"{'type': 'saturation', 'drive_db': 6.0}",1054,triangle,waveform,54,69,0,0,0,0,F#3,E4,0,0,0,fa#,sol,0,0,0,69,E4,sol,440,data/audio/pitchbench_e4_harmonic_saturation/Fs3_triangle_5000ms_fx_sat_light.wav,Fs3_triangle_5000ms_fx_sat_light.wav,Listen to this audio clip of a single musical note. What is the MIDI note number (an integer from 0 to 127)? Reply with ONLY the integer. Nothing else. Output only the answer.,"Listen to this audio clip of a single musical note. What is the note name and octave? Reply with ONLY the note name in Scientific Pitch Notation (e.g. C4, F#3, Bb5). Nothing else. Output only the answer.","Listen to this audio clip of a single musical note. What is the solfege syllable and accidental (if needed) of this pitch? Use fixed-do (do=C, re=D, mi=E, fa=F, sol=G, la=A, si=B). Include sharps or flats when needed (e.g. do#, reb, fa#, sib). Do NOT include the octave. Reply with ONLY the syllable and accidental (if needed). Nothing else. Output only the answer.","Listen to this audio clip of a single musical note. What is the main pitch frequency, expressed in Hertz? Reply with ONLY a number (the frequency in Hz). Nothing else. Output only the answer."
sat_light,saturation,"{'type': 'saturation', 'drive_db': 6.0}",1054,clarinet,instrument,54,69,0,0,0,0,F#3,A3,0,0,1,fa#,mi,0,0,0,69,A3,mi,440,data/audio/pitchbench_e4_harmonic_saturation/Fs3_clarinet_5000ms_fx_sat_light.wav,Fs3_clarinet_5000ms_fx_sat_light.wav,Listen to this audio clip of a single musical note. What is the MIDI note number (an integer from 0 to 127)? Reply with ONLY the integer. Nothing else. Output only the answer.,"Listen to this audio clip of a single musical note. What is the note name and octave? Reply with ONLY the note name in Scientific Pitch Notation (e.g. C4, F#3, Bb5). Nothing else. Output only the answer.","Listen to this audio clip of a single musical note. What is the solfege syllable and accidental (if needed) of this pitch? Use fixed-do (do=C, re=D, mi=E, fa=F, sol=G, la=A, si=B). Include sharps or flats when needed (e.g. do#, reb, fa#, sib). Do NOT include the octave. Reply with ONLY the syllable and accidental (if needed). Nothing else. Output only the answer.","Listen to this audio clip of a single musical note. What is the main pitch frequency, expressed in Hertz? Reply with ONLY a number (the frequency in Hz). Nothing else. Output only the answer."
sat_light,saturation,"{'type': 'saturation', 'drive_db': 6.0}",1060,synth_pad,instrument,60,69,0,0,0,1,C4,A4,0,0,1,do,sol,0,0,0,69,A4,sol,440,data/audio/pitchbench_e4_harmonic_saturation/C4_synth_pad_5000ms_fx_sat_light.wav,C4_synth_pad_5000ms_fx_sat_light.wav,Listen to this audio clip of a single musical note. What is the MIDI note number (an integer from 0 to 127)? Reply with ONLY the integer. Nothing else. Output only the answer.,"Listen to this audio clip of a single musical note. What is the note name and octave? Reply with ONLY the note name in Scientific Pitch Notation (e.g. C4, F#3, Bb5). Nothing else. Output only the answer.","Listen to this audio clip of a single musical note. What is the solfege syllable and accidental (if needed) of this pitch? Use fixed-do (do=C, re=D, mi=E, fa=F, sol=G, la=A, si=B). Include sharps or flats when needed (e.g. do#, reb, fa#, sib). Do NOT include the octave. Reply with ONLY the syllable and accidental (if needed). Nothing else. Output only the answer.","Listen to this audio clip of a single musical note. What is the main pitch frequency, expressed in Hertz? Reply with ONLY a number (the frequency in Hz). Nothing else. Output only the answer."
sat_light,saturation,"{'type': 'saturation', 'drive_db': 6.0}",1060,trumpet,instrument,60,69,0,0,0,1,C4,A4,0,0,1,do,sol,0,0,0,69,A4,sol,440,data/audio/pitchbench_e4_harmonic_saturation/C4_trumpet_5000ms_fx_sat_light.wav,C4_trumpet_5000ms_fx_sat_light.wav,Listen to this audio clip of a single musical note. What is the MIDI note number (an integer from 0 to 127)? Reply with ONLY the integer. Nothing else. Output only the answer.,"Listen to this audio clip of a single musical note. What is the note name and octave? Reply with ONLY the note name in Scientific Pitch Notation (e.g. C4, F#3, Bb5). Nothing else. Output only the answer.","Listen to this audio clip of a single musical note. What is the solfege syllable and accidental (if needed) of this pitch? Use fixed-do (do=C, re=D, mi=E, fa=F, sol=G, la=A, si=B). Include sharps or flats when needed (e.g. do#, reb, fa#, sib). Do NOT include the octave. Reply with ONLY the syllable and accidental (if needed). Nothing else. Output only the answer.","Listen to this audio clip of a single musical note. What is the main pitch frequency, expressed in Hertz? Reply with ONLY a number (the frequency in Hz). Nothing else. Output only the answer."
sat_light,saturation,"{'type': 'saturation', 'drive_db': 6.0}",1060,clarinet,instrument,60,69,0,0,0,1,C4,A4,0,0,1,do,sol,0,0,0,69,A4,sol,440,data/audio/pitchbench_e4_harmonic_saturation/C4_clarinet_5000ms_fx_sat_light.wav,C4_clarinet_5000ms_fx_sat_light.wav,Listen to this audio clip of a single musical note. What is the MIDI note number (an integer from 0 to 127)? Reply with ONLY the integer. Nothing else. Output only the answer.,"Listen to this audio clip of a single musical note. What is the note name and octave? Reply with ONLY the note name in Scientific Pitch Notation (e.g. C4, F#3, Bb5). Nothing else. Output only the answer.","Listen to this audio clip of a single musical note. What is the solfege syllable and accidental (if needed) of this pitch? Use fixed-do (do=C, re=D, mi=E, fa=F, sol=G, la=A, si=B). Include sharps or flats when needed (e.g. do#, reb, fa#, sib). Do NOT include the octave. Reply with ONLY the syllable and accidental (if needed). Nothing else. Output only the answer.","Listen to this audio clip of a single musical note. What is the main pitch frequency, expressed in Hertz? Reply with ONLY a number (the frequency in Hz). Nothing else. Output only the answer."
sat_light,saturation,"{'type': 'saturation', 'drive_db': 6.0}",1060,triangle,waveform,60,69,0,0,0,1,C4,G4,0,0,1,do,sol,0,0,0,69,G4,sol,440,data/audio/pitchbench_e4_harmonic_saturation/C4_triangle_5000ms_fx_sat_light.wav,C4_triangle_5000ms_fx_sat_light.wav,Listen to this audio clip of a single musical note. What is the MIDI note number (an integer from 0 to 127)? Reply with ONLY the integer. Nothing else. Output only the answer.,"Listen to this audio clip of a single musical note. What is the note name and octave? Reply with ONLY the note name in Scientific Pitch Notation (e.g. C4, F#3, Bb5). Nothing else. Output only the answer.","Listen to this audio clip of a single musical note. What is the solfege syllable and accidental (if needed) of this pitch? Use fixed-do (do=C, re=D, mi=E, fa=F, sol=G, la=A, si=B). Include sharps or flats when needed (e.g. do#, reb, fa#, sib). Do NOT include the octave. Reply with ONLY the syllable and accidental (if needed). Nothing else. Output only the answer.","Listen to this audio clip of a single musical note. What is the main pitch frequency, expressed in Hertz? Reply with ONLY a number (the frequency in Hz). Nothing else. Output only the answer."
sat_light,saturation,"{'type': 'saturation', 'drive_db': 6.0}",1060,piano,instrument,60,69,0,0,0,1,C4,E4,0,0,1,do,mi,0,0,0,69,E4,mi,349,data/audio/pitchbench_e4_harmonic_saturation/C4_piano_5000ms_fx_sat_light.wav,C4_piano_5000ms_fx_sat_light.wav,Listen to this audio clip of a single musical note. What is the MIDI note number (an integer from 0 to 127)? Reply with ONLY the integer. Nothing else. Output only the answer.,"Listen to this audio clip of a single musical note. What is the note name and octave? Reply with ONLY the note name in Scientific Pitch Notation (e.g. C4, F#3, Bb5). Nothing else. Output only the answer.","Listen to this audio clip of a single musical note. What is the solfege syllable and accidental (if needed) of this pitch? Use fixed-do (do=C, re=D, mi=E, fa=F, sol=G, la=A, si=B). Include sharps or flats when needed (e.g. do#, reb, fa#, sib). Do NOT include the octave. Reply with ONLY the syllable and accidental (if needed). Nothing else. Output only the answer.","Listen to this audio clip of a single musical note. What is the main pitch frequency, expressed in Hertz? Reply with ONLY a number (the frequency in Hz). Nothing else. Output only the answer."
sat_light,saturation,"{'type': 'saturation', 'drive_db': 6.0}",1064,cello,instrument,64,69,0,0,0,1,E4,G4,0,0,1,mi,sol#,0,0,0,69,G4,sol#,440,data/audio/pitchbench_e4_harmonic_saturation/E4_cello_5000ms_fx_sat_light.wav,E4_cello_5000ms_fx_sat_light.wav,Listen to this audio clip of a single musical note. What is the MIDI note number (an integer from 0 to 127)? Reply with ONLY the integer. Nothing else. Output only the answer.,"Listen to this audio clip of a single musical note. What is the note name and octave? Reply with ONLY the note name in Scientific Pitch Notation (e.g. C4, F#3, Bb5). Nothing else. Output only the answer.","Listen to this audio clip of a single musical note. What is the solfege syllable and accidental (if needed) of this pitch? Use fixed-do (do=C, re=D, mi=E, fa=F, sol=G, la=A, si=B). Include sharps or flats when needed (e.g. do#, reb, fa#, sib). Do NOT include the octave. Reply with ONLY the syllable and accidental (if needed). Nothing else. Output only the answer.","Listen to this audio clip of a single musical note. What is the main pitch frequency, expressed in Hertz? Reply with ONLY a number (the frequency in Hz). Nothing else. Output only the answer."
sat_light,saturation,"{'type': 'saturation', 'drive_db': 6.0}",1064,electric_keyboard,instrument,64,69,0,0,0,1,E4,F4,0,0,1,mi,sol#,0,0,0,69,F4,sol#,440,data/audio/pitchbench_e4_harmonic_saturation/E4_electric_keyboard_5000ms_fx_sat_light.wav,E4_electric_keyboard_5000ms_fx_sat_light.wav,Listen to this audio clip of a single musical note. What is the MIDI note number (an integer from 0 to 127)? Reply with ONLY the integer. Nothing else. Output only the answer.,"Listen to this audio clip of a single musical note. What is the note name and octave? Reply with ONLY the note name in Scientific Pitch Notation (e.g. C4, F#3, Bb5). Nothing else. Output only the answer.","Listen to this audio clip of a single musical note. What is the solfege syllable and accidental (if needed) of this pitch? Use fixed-do (do=C, re=D, mi=E, fa=F, sol=G, la=A, si=B). Include sharps or flats when needed (e.g. do#, reb, fa#, sib). Do NOT include the octave. Reply with ONLY the syllable and accidental (if needed). Nothing else. Output only the answer.","Listen to this audio clip of a single musical note. What is the main pitch frequency, expressed in Hertz? Reply with ONLY a number (the frequency in Hz). Nothing else. Output only the answer."
sat_light,saturation,"{'type': 'saturation', 'drive_db': 6.0}",1064,organ,instrument,64,69,0,0,0,1,E4,A4,0,0,1,mi,mi,1,0,0,69,A4,mi,440,data/audio/pitchbench_e4_harmonic_saturation/E4_organ_5000ms_fx_sat_light.wav,E4_organ_5000ms_fx_sat_light.wav,Listen to this audio clip of a single musical note. What is the MIDI note number (an integer from 0 to 127)? Reply with ONLY the integer. Nothing else. Output only the answer.,"Listen to this audio clip of a single musical note. What is the note name and octave? Reply with ONLY the note name in Scientific Pitch Notation (e.g. C4, F#3, Bb5). Nothing else. Output only the answer.","Listen to this audio clip of a single musical note. What is the solfege syllable and accidental (if needed) of this pitch? Use fixed-do (do=C, re=D, mi=E, fa=F, sol=G, la=A, si=B). Include sharps or flats when needed (e.g. do#, reb, fa#, sib). Do NOT include the octave. Reply with ONLY the syllable and accidental (if needed). Nothing else. Output only the answer.","Listen to this audio clip of a single musical note. What is the main pitch frequency, expressed in Hertz? Reply with ONLY a number (the frequency in Hz). Nothing else. Output only the answer."
sat_light,saturation,"{'type': 'saturation', 'drive_db': 6.0}",1064,sine,waveform,64,69,0,0,0,1,E4,A4,0,0,1,mi,sol,0,0,0,69,A4,sol,440,data/audio/pitchbench_e4_harmonic_saturation/E4_sine_5000ms_fx_sat_light.wav,E4_sine_5000ms_fx_sat_light.wav,Listen to this audio clip of a single musical note. What is the MIDI note number (an integer from 0 to 127)? Reply with ONLY the integer. Nothing else. Output only the answer.,"Listen to this audio clip of a single musical note. What is the note name and octave? Reply with ONLY the note name in Scientific Pitch Notation (e.g. C4, F#3, Bb5). Nothing else. Output only the answer.","Listen to this audio clip of a single musical note. What is the solfege syllable and accidental (if needed) of this pitch? Use fixed-do (do=C, re=D, mi=E, fa=F, sol=G, la=A, si=B). Include sharps or flats when needed (e.g. do#, reb, fa#, sib). Do NOT include the octave. Reply with ONLY the syllable and accidental (if needed). Nothing else. Output only the answer.","Listen to this audio clip of a single musical note. What is the main pitch frequency, expressed in Hertz? Reply with ONLY a number (the frequency in Hz). Nothing else. Output only the answer."
sat_light,saturation,"{'type': 'saturation', 'drive_db': 6.0}",1064,oboe,instrument,64,69,0,0,0,1,E4,A4,0,0,1,mi,sol,0,0,0,69,A4,sol,440,data/audio/pitchbench_e4_harmonic_saturation/E4_oboe_5000ms_fx_sat_light.wav,E4_oboe_5000ms_fx_sat_light.wav,Listen to this audio clip of a single musical note. What is the MIDI note number (an integer from 0 to 127)? Reply with ONLY the integer. Nothing else. Output only the answer.,"Listen to this audio clip of a single musical note. What is the note name and octave? Reply with ONLY the note name in Scientific Pitch Notation (e.g. C4, F#3, Bb5). Nothing else. Output only the answer.","Listen to this audio clip of a single musical note. What is the solfege syllable and accidental (if needed) of this pitch? Use fixed-do (do=C, re=D, mi=E, fa=F, sol=G, la=A, si=B). Include sharps or flats when needed (e.g. do#, reb, fa#, sib). Do NOT include the octave. Reply with ONLY the syllable and accidental (if needed). Nothing else. Output only the answer.","Listen to this audio clip of a single musical note. What is the main pitch frequency, expressed in Hertz? Reply with ONLY a number (the frequency in Hz). Nothing else. Output only the answer."
sat_light,saturation,"{'type': 'saturation', 'drive_db': 6.0}",1069,trumpet,instrument,69,69,1,1,1,1,A4,A#4,0,0,1,la,sol,0,1,1,69,Bb4,sol,440,data/audio/pitchbench_e4_harmonic_saturation/A4_trumpet_5000ms_fx_sat_light.wav,A4_trumpet_5000ms_fx_sat_light.wav,Listen to this audio clip of a single musical note. What is the MIDI note number (an integer from 0 to 127)? Reply with ONLY the integer. Nothing else. Output only the answer.,"Listen to this audio clip of a single musical note. What is the note name and octave? Reply with ONLY the note name in Scientific Pitch Notation (e.g. C4, F#3, Bb5). Nothing else. Output only the answer.","Listen to this audio clip of a single musical note. What is the solfege syllable and accidental (if needed) of this pitch? Use fixed-do (do=C, re=D, mi=E, fa=F, sol=G, la=A, si=B). Include sharps or flats when needed (e.g. do#, reb, fa#, sib). Do NOT include the octave. Reply with ONLY the syllable and accidental (if needed). Nothing else. Output only the answer.","Listen to this audio clip of a single musical note. What is the main pitch frequency, expressed in Hertz? Reply with ONLY a number (the frequency in Hz). Nothing else. Output only the answer."
sat_light,saturation,"{'type': 'saturation', 'drive_db': 6.0}",1069,synth_lead,instrument,69,69,1,1,1,1,A4,A4,1,1,1,la,mi,0,1,1,69,A4,mi,440,data/audio/pitchbench_e4_harmonic_saturation/A4_synth_lead_5000ms_fx_sat_light.wav,A4_synth_lead_5000ms_fx_sat_light.wav,Listen to this audio clip of a single musical note. What is the MIDI note number (an integer from 0 to 127)? Reply with ONLY the integer. Nothing else. Output only the answer.,"Listen to this audio clip of a single musical note. What is the note name and octave? Reply with ONLY the note name in Scientific Pitch Notation (e.g. C4, F#3, Bb5). Nothing else. Output only the answer.","Listen to this audio clip of a single musical note. What is the solfege syllable and accidental (if needed) of this pitch? Use fixed-do (do=C, re=D, mi=E, fa=F, sol=G, la=A, si=B). Include sharps or flats when needed (e.g. do#, reb, fa#, sib). Do NOT include the octave. Reply with ONLY the syllable and accidental (if needed). Nothing else. Output only the answer.","Listen to this audio clip of a single musical note. What is the main pitch frequency, expressed in Hertz? Reply with ONLY a number (the frequency in Hz). Nothing else. Output only the answer."
sat_light,saturation,"{'type': 'saturation', 'drive_db': 6.0}",1069,electric_keyboard,instrument,69,69,1,1,1,1,A4,F4,0,0,1,la,sol#,0,1,1,69,F4,sol#,440,data/audio/pitchbench_e4_harmonic_saturation/A4_electric_keyboard_5000ms_fx_sat_light.wav,A4_electric_keyboard_5000ms_fx_sat_light.wav,Listen to this audio clip of a single musical note. What is the MIDI note number (an integer from 0 to 127)? Reply with ONLY the integer. Nothing else. Output only the answer.,"Listen to this audio clip of a single musical note. What is the note name and octave? Reply with ONLY the note name in Scientific Pitch Notation (e.g. C4, F#3, Bb5). Nothing else. Output only the answer.","Listen to this audio clip of a single musical note. What is the solfege syllable and accidental (if needed) of this pitch? Use fixed-do (do=C, re=D, mi=E, fa=F, sol=G, la=A, si=B). Include sharps or flats when needed (e.g. do#, reb, fa#, sib). Do NOT include the octave. Reply with ONLY the syllable and accidental (if needed). Nothing else. Output only the answer.","Listen to this audio clip of a single musical note. What is the main pitch frequency, expressed in Hertz? Reply with ONLY a number (the frequency in Hz). Nothing else. Output only the answer."
sat_light,saturation,"{'type': 'saturation', 'drive_db': 6.0}",1069,triangle,waveform,69,72,0,0,0,0,A4,E4,0,0,1,la,sol,0,1,1,72,E4,sol,440,data/audio/pitchbench_e4_harmonic_saturation/A4_triangle_5000ms_fx_sat_light.wav,A4_triangle_5000ms_fx_sat_light.wav,Listen to this audio clip of a single musical note. What is the MIDI note number (an integer from 0 to 127)? Reply with ONLY the integer. Nothing else. Output only the answer.,"Listen to this audio clip of a single musical note. What is the note name and octave? Reply with ONLY the note name in Scientific Pitch Notation (e.g. C4, F#3, Bb5). Nothing else. Output only the answer.","Listen to this audio clip of a single musical note. What is the solfege syllable and accidental (if needed) of this pitch? Use fixed-do (do=C, re=D, mi=E, fa=F, sol=G, la=A, si=B). Include sharps or flats when needed (e.g. do#, reb, fa#, sib). Do NOT include the octave. Reply with ONLY the syllable and accidental (if needed). Nothing else. Output only the answer.","Listen to this audio clip of a single musical note. What is the main pitch frequency, expressed in Hertz? Reply with ONLY a number (the frequency in Hz). Nothing else. Output only the answer."
sat_light,saturation,"{'type': 'saturation', 'drive_db': 6.0}",1069,cello,instrument,69,72,0,0,0,0,A4,E4,0,0,1,la,mi,0,1,1,72,E4,mi,440,data/audio/pitchbench_e4_harmonic_saturation/A4_cello_5000ms_fx_sat_light.wav,A4_cello_5000ms_fx_sat_light.wav,Listen to this audio clip of a single musical note. What is the MIDI note number (an integer from 0 to 127)? Reply with ONLY the integer. Nothing else. Output only the answer.,"Listen to this audio clip of a single musical note. What is the note name and octave? Reply with ONLY the note name in Scientific Pitch Notation (e.g. C4, F#3, Bb5). Nothing else. Output only the answer.","Listen to this audio clip of a single musical note. What is the solfege syllable and accidental (if needed) of this pitch? Use fixed-do (do=C, re=D, mi=E, fa=F, sol=G, la=A, si=B). Include sharps or flats when needed (e.g. do#, reb, fa#, sib). Do NOT include the octave. Reply with ONLY the syllable and accidental (if needed). Nothing else. Output only the answer.","Listen to this audio clip of a single musical note. What is the main pitch frequency, expressed in Hertz? Reply with ONLY a number (the frequency in Hz). Nothing else. Output only the answer."
sat_light,saturation,"{'type': 'saturation', 'drive_db': 6.0}",1079,trombone,instrument,79,72,0,0,0,1,G5,A#4,0,0,0,sol,sol,1,0,0,72,A#4,sol,440,data/audio/pitchbench_e4_harmonic_saturation/G5_trombone_5000ms_fx_sat_light.wav,G5_trombone_5000ms_fx_sat_light.wav,Listen to this audio clip of a single musical note. What is the MIDI note number (an integer from 0 to 127)? Reply with ONLY the integer. Nothing else. Output only the answer.,"Listen to this audio clip of a single musical note. What is the note name and octave? Reply with ONLY the note name in Scientific Pitch Notation (e.g. C4, F#3, Bb5). Nothing else. Output only the answer.","Listen to this audio clip of a single musical note. What is the solfege syllable and accidental (if needed) of this pitch? Use fixed-do (do=C, re=D, mi=E, fa=F, sol=G, la=A, si=B). Include sharps or flats when needed (e.g. do#, reb, fa#, sib). Do NOT include the octave. Reply with ONLY the syllable and accidental (if needed). Nothing else. Output only the answer.","Listen to this audio clip of a single musical note. What is the main pitch frequency, expressed in Hertz? Reply with ONLY a number (the frequency in Hz). Nothing else. Output only the answer."
sat_light,saturation,"{'type': 'saturation', 'drive_db': 6.0}",1079,synth_lead,instrument,79,69,0,0,0,0,G5,A4,0,0,0,sol,sol,1,0,0,69,A4,sol,440,data/audio/pitchbench_e4_harmonic_saturation/G5_synth_lead_5000ms_fx_sat_light.wav,G5_synth_lead_5000ms_fx_sat_light.wav,Listen to this audio clip of a single musical note. What is the MIDI note number (an integer from 0 to 127)? Reply with ONLY the integer. Nothing else. Output only the answer.,"Listen to this audio clip of a single musical note. What is the note name and octave? Reply with ONLY the note name in Scientific Pitch Notation (e.g. C4, F#3, Bb5). Nothing else. Output only the answer.","Listen to this audio clip of a single musical note. What is the solfege syllable and accidental (if needed) of this pitch? Use fixed-do (do=C, re=D, mi=E, fa=F, sol=G, la=A, si=B). Include sharps or flats when needed (e.g. do#, reb, fa#, sib). Do NOT include the octave. Reply with ONLY the syllable and accidental (if needed). Nothing else. Output only the answer.","Listen to this audio clip of a single musical note. What is the main pitch frequency, expressed in Hertz? Reply with ONLY a number (the frequency in Hz). Nothing else. Output only the answer."
sat_light,saturation,"{'type': 'saturation', 'drive_db': 6.0}",1079,guitar,instrument,79,69,0,0,0,0,G5,G4,0,1,0,sol,sol#,0,0,0,69,G4,Sol#,440,data/audio/pitchbench_e4_harmonic_saturation/G5_guitar_5000ms_fx_sat_light.wav,G5_guitar_5000ms_fx_sat_light.wav,Listen to this audio clip of a single musical note. What is the MIDI note number (an integer from 0 to 127)? Reply with ONLY the integer. Nothing else. Output only the answer.,"Listen to this audio clip of a single musical note. What is the note name and octave? Reply with ONLY the note name in Scientific Pitch Notation (e.g. C4, F#3, Bb5). Nothing else. Output only the answer.","Listen to this audio clip of a single musical note. What is the solfege syllable and accidental (if needed) of this pitch? Use fixed-do (do=C, re=D, mi=E, fa=F, sol=G, la=A, si=B). Include sharps or flats when needed (e.g. do#, reb, fa#, sib). Do NOT include the octave. Reply with ONLY the syllable and accidental (if needed). Nothing else. Output only the answer.","Listen to this audio clip of a single musical note. What is the main pitch frequency, expressed in Hertz? Reply with ONLY a number (the frequency in Hz). Nothing else. Output only the answer."
sat_light,saturation,"{'type': 'saturation', 'drive_db': 6.0}",1079,piano,instrument,79,69,0,0,0,0,G5,G4,0,1,0,sol,sol,1,0,0,69,G4,sol,440,data/audio/pitchbench_e4_harmonic_saturation/G5_piano_5000ms_fx_sat_light.wav,G5_piano_5000ms_fx_sat_light.wav,Listen to this audio clip of a single musical note. What is the MIDI note number (an integer from 0 to 127)? Reply with ONLY the integer. Nothing else. Output only the answer.,"Listen to this audio clip of a single musical note. What is the note name and octave? Reply with ONLY the note name in Scientific Pitch Notation (e.g. C4, F#3, Bb5). Nothing else. Output only the answer.","Listen to this audio clip of a single musical note. What is the solfege syllable and accidental (if needed) of this pitch? Use fixed-do (do=C, re=D, mi=E, fa=F, sol=G, la=A, si=B). Include sharps or flats when needed (e.g. do#, reb, fa#, sib). Do NOT include the octave. Reply with ONLY the syllable and accidental (if needed). Nothing else. Output only the answer.","Listen to this audio clip of a single musical note. What is the main pitch frequency, expressed in Hertz? Reply with ONLY a number (the frequency in Hz). Nothing else. Output only the answer."
sat_light,saturation,"{'type': 'saturation', 'drive_db': 6.0}",1079,electric_keyboard,instrument,79,69,0,0,0,0,G5,A4,0,0,0,sol,mi,0,0,0,69,A4,mi,440,data/audio/pitchbench_e4_harmonic_saturation/G5_electric_keyboard_5000ms_fx_sat_light.wav,G5_electric_keyboard_5000ms_fx_sat_light.wav,Listen to this audio clip of a single musical note. What is the MIDI note number (an integer from 0 to 127)? Reply with ONLY the integer. Nothing else. Output only the answer.,"Listen to this audio clip of a single musical note. What is the note name and octave? Reply with ONLY the note name in Scientific Pitch Notation (e.g. C4, F#3, Bb5). Nothing else. Output only the answer.","Listen to this audio clip of a single musical note. What is the solfege syllable and accidental (if needed) of this pitch? Use fixed-do (do=C, re=D, mi=E, fa=F, sol=G, la=A, si=B). Include sharps or flats when needed (e.g. do#, reb, fa#, sib). Do NOT include the octave. Reply with ONLY the syllable and accidental (if needed). Nothing else. Output only the answer.","Listen to this audio clip of a single musical note. What is the main pitch frequency, expressed in Hertz? Reply with ONLY a number (the frequency in Hz). Nothing else. Output only the answer."
sat_light,saturation,"{'type': 'saturation', 'drive_db': 6.0}",1088,electric_keyboard,instrument,88,69,0,0,0,0,E6,A4,0,0,0,mi,mi,1,0,0,69,A4,mi,440,data/audio/pitchbench_e4_harmonic_saturation/E6_electric_keyboard_5000ms_fx_sat_light.wav,E6_electric_keyboard_5000ms_fx_sat_light.wav,Listen to this audio clip of a single musical note. What is the MIDI note number (an integer from 0 to 127)? Reply with ONLY the integer. Nothing else. Output only the answer.,"Listen to this audio clip of a single musical note. What is the note name and octave? Reply with ONLY the note name in Scientific Pitch Notation (e.g. C4, F#3, Bb5). Nothing else. Output only the answer.","Listen to this audio clip of a single musical note. What is the solfege syllable and accidental (if needed) of this pitch? Use fixed-do (do=C, re=D, mi=E, fa=F, sol=G, la=A, si=B). Include sharps or flats when needed (e.g. do#, reb, fa#, sib). Do NOT include the octave. Reply with ONLY the syllable and accidental (if needed). Nothing else. Output only the answer.","Listen to this audio clip of a single musical note. What is the main pitch frequency, expressed in Hertz? Reply with ONLY a number (the frequency in Hz). Nothing else. Output only the answer."
sat_light,saturation,"{'type': 'saturation', 'drive_db': 6.0}",1088,synth_pad,instrument,88,69,0,0,0,0,E6,A5,0,0,0,mi,sol#,0,0,0,69,A5,Sol#,440,data/audio/pitchbench_e4_harmonic_saturation/E6_synth_pad_5000ms_fx_sat_light.wav,E6_synth_pad_5000ms_fx_sat_light.wav,Listen to this audio clip of a single musical note. What is the MIDI note number (an integer from 0 to 127)? Reply with ONLY the integer. Nothing else. Output only the answer.,"Listen to this audio clip of a single musical note. What is the note name and octave? Reply with ONLY the note name in Scientific Pitch Notation (e.g. C4, F#3, Bb5). Nothing else. Output only the answer.","Listen to this audio clip of a single musical note. What is the solfege syllable and accidental (if needed) of this pitch? Use fixed-do (do=C, re=D, mi=E, fa=F, sol=G, la=A, si=B). Include sharps or flats when needed (e.g. do#, reb, fa#, sib). Do NOT include the octave. Reply with ONLY the syllable and accidental (if needed). Nothing else. Output only the answer.","Listen to this audio clip of a single musical note. What is the main pitch frequency, expressed in Hertz? Reply with ONLY a number (the frequency in Hz). Nothing else. Output only the answer."
sat_light,saturation,"{'type': 'saturation', 'drive_db': 6.0}",1088,synth_lead,instrument,88,69,0,0,0,0,E6,A4,0,0,0,mi,sol,0,0,0,69,A4,sol,440,data/audio/pitchbench_e4_harmonic_saturation/E6_synth_lead_5000ms_fx_sat_light.wav,E6_synth_lead_5000ms_fx_sat_light.wav,Listen to this audio clip of a single musical note. What is the MIDI note number (an integer from 0 to 127)? Reply with ONLY the integer. Nothing else. Output only the answer.,"Listen to this audio clip of a single musical note. What is the note name and octave? Reply with ONLY the note name in Scientific Pitch Notation (e.g. C4, F#3, Bb5). Nothing else. Output only the answer.","Listen to this audio clip of a single musical note. What is the solfege syllable and accidental (if needed) of this pitch? Use fixed-do (do=C, re=D, mi=E, fa=F, sol=G, la=A, si=B). Include sharps or flats when needed (e.g. do#, reb, fa#, sib). Do NOT include the octave. Reply with ONLY the syllable and accidental (if needed). Nothing else. Output only the answer.","Listen to this audio clip of a single musical note. What is the main pitch frequency, expressed in Hertz? Reply with ONLY a number (the frequency in Hz). Nothing else. Output only the answer."
sat_light,saturation,"{'type': 'saturation', 'drive_db': 6.0}",1088,sine,waveform,88,69,0,0,0,0,E6,A4,0,0,0,mi,fa,0,0,0,69,A4,fa,440,data/audio/pitchbench_e4_harmonic_saturation/E6_sine_5000ms_fx_sat_light.wav,E6_sine_5000ms_fx_sat_light.wav,Listen to this audio clip of a single musical note. What is the MIDI note number (an integer from 0 to 127)? Reply with ONLY the integer. Nothing else. Output only the answer.,"Listen to this audio clip of a single musical note. What is the note name and octave? Reply with ONLY the note name in Scientific Pitch Notation (e.g. C4, F#3, Bb5). Nothing else. Output only the answer.","Listen to this audio clip of a single musical note. What is the solfege syllable and accidental (if needed) of this pitch? Use fixed-do (do=C, re=D, mi=E, fa=F, sol=G, la=A, si=B). Include sharps or flats when needed (e.g. do#, reb, fa#, sib). Do NOT include the octave. Reply with ONLY the syllable and accidental (if needed). Nothing else. Output only the answer.","Listen to this audio clip of a single musical note. What is the main pitch frequency, expressed in Hertz? Reply with ONLY a number (the frequency in Hz). Nothing else. Output only the answer."
sat_light,saturation,"{'type': 'saturation', 'drive_db': 6.0}",1088,trombone,instrument,88,69,0,0,0,0,E6,A4,0,0,0,mi,sol#,0,0,0,69,A4,Sol#,440,data/audio/pitchbench_e4_harmonic_saturation/E6_trombone_5000ms_fx_sat_light.wav,E6_trombone_5000ms_fx_sat_light.wav,Listen to this audio clip of a single musical note. What is the MIDI note number (an integer from 0 to 127)? Reply with ONLY the integer. Nothing else. Output only the answer.,"Listen to this audio clip of a single musical note. What is the note name and octave? Reply with ONLY the note name in Scientific Pitch Notation (e.g. C4, F#3, Bb5). Nothing else. Output only the answer.","Listen to this audio clip of a single musical note. What is the solfege syllable and accidental (if needed) of this pitch? Use fixed-do (do=C, re=D, mi=E, fa=F, sol=G, la=A, si=B). Include sharps or flats when needed (e.g. do#, reb, fa#, sib). Do NOT include the octave. Reply with ONLY the syllable and accidental (if needed). Nothing else. Output only the answer.","Listen to this audio clip of a single musical note. What is the main pitch frequency, expressed in Hertz? Reply with ONLY a number (the frequency in Hz). Nothing else. Output only the answer."
sat_medium,saturation,"{'type': 'saturation', 'drive_db': 15.0}",2030,clarinet,instrument,30,69,0,0,0,0,F#1,G2,0,0,0,fa#,sol,0,0,0,69,G2,sol,440,data/audio/pitchbench_e4_harmonic_saturation/Fs1_clarinet_5000ms_fx_sat_medium.wav,Fs1_clarinet_5000ms_fx_sat_medium.wav,Listen to this audio clip of a single musical note. What is the MIDI note number (an integer from 0 to 127)? Reply with ONLY the integer. Nothing else. Output only the answer.,"Listen to this audio clip of a single musical note. What is the note name and octave? Reply with ONLY the note name in Scientific Pitch Notation (e.g. C4, F#3, Bb5). Nothing else. Output only the answer.","Listen to this audio clip of a single musical note. What is the solfege syllable and accidental (if needed) of this pitch? Use fixed-do (do=C, re=D, mi=E, fa=F, sol=G, la=A, si=B). Include sharps or flats when needed (e.g. do#, reb, fa#, sib). Do NOT include the octave. Reply with ONLY the syllable and accidental (if needed). Nothing else. Output only the answer.","Listen to this audio clip of a single musical note. What is the main pitch frequency, expressed in Hertz? Reply with ONLY a number (the frequency in Hz). Nothing else. Output only the answer."
sat_medium,saturation,"{'type': 'saturation', 'drive_db': 15.0}",2030,bass,instrument,30,69,0,0,0,0,F#1,G3,0,0,0,fa#,sol,0,0,0,69,G3,sol,440,data/audio/pitchbench_e4_harmonic_saturation/Fs1_bass_5000ms_fx_sat_medium.wav,Fs1_bass_5000ms_fx_sat_medium.wav,Listen to this audio clip of a single musical note. What is the MIDI note number (an integer from 0 to 127)? Reply with ONLY the integer. Nothing else. Output only the answer.,"Listen to this audio clip of a single musical note. What is the note name and octave? Reply with ONLY the note name in Scientific Pitch Notation (e.g. C4, F#3, Bb5). Nothing else. Output only the answer.","Listen to this audio clip of a single musical note. What is the solfege syllable and accidental (if needed) of this pitch? Use fixed-do (do=C, re=D, mi=E, fa=F, sol=G, la=A, si=B). Include sharps or flats when needed (e.g. do#, reb, fa#, sib). Do NOT include the octave. Reply with ONLY the syllable and accidental (if needed). Nothing else. Output only the answer.","Listen to this audio clip of a single musical note. What is the main pitch frequency, expressed in Hertz? Reply with ONLY a number (the frequency in Hz). Nothing else. Output only the answer."
sat_medium,saturation,"{'type': 'saturation', 'drive_db': 15.0}",2030,sine,waveform,30,52,0,0,0,0,F#1,A4,0,0,0,fa#,sol,0,0,0,52,A4,sol,440,data/audio/pitchbench_e4_harmonic_saturation/Fs1_sine_5000ms_fx_sat_medium.wav,Fs1_sine_5000ms_fx_sat_medium.wav,Listen to this audio clip of a single musical note. What is the MIDI note number (an integer from 0 to 127)? Reply with ONLY the integer. Nothing else. Output only the answer.,"Listen to this audio clip of a single musical note. What is the note name and octave? Reply with ONLY the note name in Scientific Pitch Notation (e.g. C4, F#3, Bb5). Nothing else. Output only the answer.","Listen to this audio clip of a single musical note. What is the solfege syllable and accidental (if needed) of this pitch? Use fixed-do (do=C, re=D, mi=E, fa=F, sol=G, la=A, si=B). Include sharps or flats when needed (e.g. do#, reb, fa#, sib). Do NOT include the octave. Reply with ONLY the syllable and accidental (if needed). Nothing else. Output only the answer.","Listen to this audio clip of a single musical note. What is the main pitch frequency, expressed in Hertz? Reply with ONLY a number (the frequency in Hz). Nothing else. Output only the answer."
sat_medium,saturation,"{'type': 'saturation', 'drive_db': 15.0}",2030,triangle,waveform,30,52,0,0,0,0,F#1,G4,0,0,0,fa#,fa,0,0,0,52,G4,fa,440,data/audio/pitchbench_e4_harmonic_saturation/Fs1_triangle_5000ms_fx_sat_medium.wav,Fs1_triangle_5000ms_fx_sat_medium.wav,Listen to this audio clip of a single musical note. What is the MIDI note number (an integer from 0 to 127)? Reply with ONLY the integer. Nothing else. Output only the answer.,"Listen to this audio clip of a single musical note. What is the note name and octave? Reply with ONLY the note name in Scientific Pitch Notation (e.g. C4, F#3, Bb5). Nothing else. Output only the answer.","Listen to this audio clip of a single musical note. What is the solfege syllable and accidental (if needed) of this pitch? Use fixed-do (do=C, re=D, mi=E, fa=F, sol=G, la=A, si=B). Include sharps or flats when needed (e.g. do#, reb, fa#, sib). Do NOT include the octave. Reply with ONLY the syllable and accidental (if needed). Nothing else. Output only the answer.","Listen to this audio clip of a single musical note. What is the main pitch frequency, expressed in Hertz? Reply with ONLY a number (the frequency in Hz). Nothing else. Output only the answer."
sat_medium,saturation,"{'type': 'saturation', 'drive_db': 15.0}",2030,organ,instrument,30,69,0,0,0,0,F#1,A2,0,0,0,fa#,sol#,0,0,0,69,A2,Sol#,440,data/audio/pitchbench_e4_harmonic_saturation/Fs1_organ_5000ms_fx_sat_medium.wav,Fs1_organ_5000ms_fx_sat_medium.wav,Listen to this audio clip of a single musical note. What is the MIDI note number (an integer from 0 to 127)? Reply with ONLY the integer. Nothing else. Output only the answer.,"Listen to this audio clip of a single musical note. What is the note name and octave? Reply with ONLY the note name in Scientific Pitch Notation (e.g. C4, F#3, Bb5). Nothing else. Output only the answer.","Listen to this audio clip of a single musical note. What is the solfege syllable and accidental (if needed) of this pitch? Use fixed-do (do=C, re=D, mi=E, fa=F, sol=G, la=A, si=B). Include sharps or flats when needed (e.g. do#, reb, fa#, sib). Do NOT include the octave. Reply with ONLY the syllable and accidental (if needed). Nothing else. Output only the answer.","Listen to this audio clip of a single musical note. What is the main pitch frequency, expressed in Hertz? Reply with ONLY a number (the frequency in Hz). Nothing else. Output only the answer."
sat_medium,saturation,"{'type': 'saturation', 'drive_db': 15.0}",2036,oboe,instrument,36,48,0,0,1,0,C2,G2,0,0,1,do,sol,0,0,0,48,G2,sol,440,data/audio/pitchbench_e4_harmonic_saturation/C2_oboe_5000ms_fx_sat_medium.wav,C2_oboe_5000ms_fx_sat_medium.wav,Listen to this audio clip of a single musical note. What is the MIDI note number (an integer from 0 to 127)? Reply with ONLY the integer. Nothing else. Output only the answer.,"Listen to this audio clip of a single musical note. What is the note name and octave? Reply with ONLY the note name in Scientific Pitch Notation (e.g. C4, F#3, Bb5). Nothing else. Output only the answer.","Listen to this audio clip of a single musical note. What is the solfege syllable and accidental (if needed) of this pitch? Use fixed-do (do=C, re=D, mi=E, fa=F, sol=G, la=A, si=B). Include sharps or flats when needed (e.g. do#, reb, fa#, sib). Do NOT include the octave. Reply with ONLY the syllable and accidental (if needed). Nothing else. Output only the answer.","Listen to this audio clip of a single musical note. What is the main pitch frequency, expressed in Hertz? Reply with ONLY a number (the frequency in Hz). Nothing else. Output only the answer."
sat_medium,saturation,"{'type': 'saturation', 'drive_db': 15.0}",2036,trombone,instrument,36,69,0,0,0,0,C2,A#3,0,0,0,do,sol,0,0,0,69,A#3,sol,440,data/audio/pitchbench_e4_harmonic_saturation/C2_trombone_5000ms_fx_sat_medium.wav,C2_trombone_5000ms_fx_sat_medium.wav,Listen to this audio clip of a single musical note. What is the MIDI note number (an integer from 0 to 127)? Reply with ONLY the integer. Nothing else. Output only the answer.,"Listen to this audio clip of a single musical note. What is the note name and octave? Reply with ONLY the note name in Scientific Pitch Notation (e.g. C4, F#3, Bb5). Nothing else. Output only the answer.","Listen to this audio clip of a single musical note. What is the solfege syllable and accidental (if needed) of this pitch? Use fixed-do (do=C, re=D, mi=E, fa=F, sol=G, la=A, si=B). Include sharps or flats when needed (e.g. do#, reb, fa#, sib). Do NOT include the octave. Reply with ONLY the syllable and accidental (if needed). Nothing else. Output only the answer.","Listen to this audio clip of a single musical note. What is the main pitch frequency, expressed in Hertz? Reply with ONLY a number (the frequency in Hz). Nothing else. Output only the answer."
sat_medium,saturation,"{'type': 'saturation', 'drive_db': 15.0}",2036,flute,instrument,36,69,0,0,0,0,C2,G2,0,0,1,do,sol,0,0,0,69,G2,sol,196,data/audio/pitchbench_e4_harmonic_saturation/C2_flute_5000ms_fx_sat_medium.wav,C2_flute_5000ms_fx_sat_medium.wav,Listen to this audio clip of a single musical note. What is the MIDI note number (an integer from 0 to 127)? Reply with ONLY the integer. Nothing else. Output only the answer.,"Listen to this audio clip of a single musical note. What is the note name and octave? Reply with ONLY the note name in Scientific Pitch Notation (e.g. C4, F#3, Bb5). Nothing else. Output only the answer.","Listen to this audio clip of a single musical note. What is the solfege syllable and accidental (if needed) of this pitch? Use fixed-do (do=C, re=D, mi=E, fa=F, sol=G, la=A, si=B). Include sharps or flats when needed (e.g. do#, reb, fa#, sib). Do NOT include the octave. Reply with ONLY the syllable and accidental (if needed). Nothing else. Output only the answer.","Listen to this audio clip of a single musical note. What is the main pitch frequency, expressed in Hertz? Reply with ONLY a number (the frequency in Hz). Nothing else. Output only the answer."
sat_medium,saturation,"{'type': 'saturation', 'drive_db': 15.0}",2036,sawtooth,waveform,36,68,0,0,0,0,C2,A4,0,0,0,do,sol,0,0,0,68,A4,sol,440,data/audio/pitchbench_e4_harmonic_saturation/C2_sawtooth_5000ms_fx_sat_medium.wav,C2_sawtooth_5000ms_fx_sat_medium.wav,Listen to this audio clip of a single musical note. What is the MIDI note number (an integer from 0 to 127)? Reply with ONLY the integer. Nothing else. Output only the answer.,"Listen to this audio clip of a single musical note. What is the note name and octave? Reply with ONLY the note name in Scientific Pitch Notation (e.g. C4, F#3, Bb5). Nothing else. Output only the answer.","Listen to this audio clip of a single musical note. What is the solfege syllable and accidental (if needed) of this pitch? Use fixed-do (do=C, re=D, mi=E, fa=F, sol=G, la=A, si=B). Include sharps or flats when needed (e.g. do#, reb, fa#, sib). Do NOT include the octave. Reply with ONLY the syllable and accidental (if needed). Nothing else. Output only the answer.","Listen to this audio clip of a single musical note. What is the main pitch frequency, expressed in Hertz? Reply with ONLY a number (the frequency in Hz). Nothing else. Output only the answer."
sat_medium,saturation,"{'type': 'saturation', 'drive_db': 15.0}",2036,triangle,waveform,36,42,0,0,0,1,C2,C4,0,1,0,do,sol,0,0,0,42,C4,sol,"I will listen to the audio and determine the main pitch frequency. Please give me a moment.

(Analyzing the audio...) 

The main pitch frequency is 440 Hz.",data/audio/pitchbench_e4_harmonic_saturation/C2_triangle_5000ms_fx_sat_medium.wav,C2_triangle_5000ms_fx_sat_medium.wav,Listen to this audio clip of a single musical note. What is the MIDI note number (an integer from 0 to 127)? Reply with ONLY the integer. Nothing else. Output only the answer.,"Listen to this audio clip of a single musical note. What is the note name and octave? Reply with ONLY the note name in Scientific Pitch Notation (e.g. C4, F#3, Bb5). Nothing else. Output only the answer.","Listen to this audio clip of a single musical note. What is the solfege syllable and accidental (if needed) of this pitch? Use fixed-do (do=C, re=D, mi=E, fa=F, sol=G, la=A, si=B). Include sharps or flats when needed (e.g. do#, reb, fa#, sib). Do NOT include the octave. Reply with ONLY the syllable and accidental (if needed). Nothing else. Output only the answer.","Listen to this audio clip of a single musical note. What is the main pitch frequency, expressed in Hertz? Reply with ONLY a number (the frequency in Hz). Nothing else. Output only the answer."
sat_medium,saturation,"{'type': 'saturation', 'drive_db': 15.0}",2043,voice,instrument,43,60,0,0,0,0,G2,A2,0,0,1,sol,sol,1,0,0,60,A2,sol,220,data/audio/pitchbench_e4_harmonic_saturation/G2_voice_5000ms_fx_sat_medium.wav,G2_voice_5000ms_fx_sat_medium.wav,Listen to this audio clip of a single musical note. What is the MIDI note number (an integer from 0 to 127)? Reply with ONLY the integer. Nothing else. Output only the answer.,"Listen to this audio clip of a single musical note. What is the note name and octave? Reply with ONLY the note name in Scientific Pitch Notation (e.g. C4, F#3, Bb5). Nothing else. Output only the answer.","Listen to this audio clip of a single musical note. What is the solfege syllable and accidental (if needed) of this pitch? Use fixed-do (do=C, re=D, mi=E, fa=F, sol=G, la=A, si=B). Include sharps or flats when needed (e.g. do#, reb, fa#, sib). Do NOT include the octave. Reply with ONLY the syllable and accidental (if needed). Nothing else. Output only the answer.","Listen to this audio clip of a single musical note. What is the main pitch frequency, expressed in Hertz? Reply with ONLY a number (the frequency in Hz). Nothing else. Output only the answer."
sat_medium,saturation,"{'type': 'saturation', 'drive_db': 15.0}",2043,square,waveform,43,69,0,0,0,0,G2,A4,0,0,0,sol,sol,1,0,0,69,A4,sol,440,data/audio/pitchbench_e4_harmonic_saturation/G2_square_5000ms_fx_sat_medium.wav,G2_square_5000ms_fx_sat_medium.wav,Listen to this audio clip of a single musical note. What is the MIDI note number (an integer from 0 to 127)? Reply with ONLY the integer. Nothing else. Output only the answer.,"Listen to this audio clip of a single musical note. What is the note name and octave? Reply with ONLY the note name in Scientific Pitch Notation (e.g. C4, F#3, Bb5). Nothing else. Output only the answer.","Listen to this audio clip of a single musical note. What is the solfege syllable and accidental (if needed) of this pitch? Use fixed-do (do=C, re=D, mi=E, fa=F, sol=G, la=A, si=B). Include sharps or flats when needed (e.g. do#, reb, fa#, sib). Do NOT include the octave. Reply with ONLY the syllable and accidental (if needed). Nothing else. Output only the answer.","Listen to this audio clip of a single musical note. What is the main pitch frequency, expressed in Hertz? Reply with ONLY a number (the frequency in Hz). Nothing else. Output only the answer."
sat_medium,saturation,"{'type': 'saturation', 'drive_db': 15.0}",2043,synth_pad,instrument,43,69,0,0,0,0,G2,A4,0,0,0,sol,sol,1,0,0,69,A4,sol,440,data/audio/pitchbench_e4_harmonic_saturation/G2_synth_pad_5000ms_fx_sat_medium.wav,G2_synth_pad_5000ms_fx_sat_medium.wav,Listen to this audio clip of a single musical note. What is the MIDI note number (an integer from 0 to 127)? Reply with ONLY the integer. Nothing else. Output only the answer.,"Listen to this audio clip of a single musical note. What is the note name and octave? Reply with ONLY the note name in Scientific Pitch Notation (e.g. C4, F#3, Bb5). Nothing else. Output only the answer.","Listen to this audio clip of a single musical note. What is the solfege syllable and accidental (if needed) of this pitch? Use fixed-do (do=C, re=D, mi=E, fa=F, sol=G, la=A, si=B). Include sharps or flats when needed (e.g. do#, reb, fa#, sib). Do NOT include the octave. Reply with ONLY the syllable and accidental (if needed). Nothing else. Output only the answer.","Listen to this audio clip of a single musical note. What is the main pitch frequency, expressed in Hertz? Reply with ONLY a number (the frequency in Hz). Nothing else. Output only the answer."
sat_medium,saturation,"{'type': 'saturation', 'drive_db': 15.0}",2043,bass,instrument,43,69,0,0,0,0,G2,A4,0,0,0,sol,sol,1,0,0,69,A4,sol,440,data/audio/pitchbench_e4_harmonic_saturation/G2_bass_5000ms_fx_sat_medium.wav,G2_bass_5000ms_fx_sat_medium.wav,Listen to this audio clip of a single musical note. What is the MIDI note number (an integer from 0 to 127)? Reply with ONLY the integer. Nothing else. Output only the answer.,"Listen to this audio clip of a single musical note. What is the note name and octave? Reply with ONLY the note name in Scientific Pitch Notation (e.g. C4, F#3, Bb5). Nothing else. Output only the answer.","Listen to this audio clip of a single musical note. What is the solfege syllable and accidental (if needed) of this pitch? Use fixed-do (do=C, re=D, mi=E, fa=F, sol=G, la=A, si=B). Include sharps or flats when needed (e.g. do#, reb, fa#, sib). Do NOT include the octave. Reply with ONLY the syllable and accidental (if needed). Nothing else. Output only the answer.","Listen to this audio clip of a single musical note. What is the main pitch frequency, expressed in Hertz? Reply with ONLY a number (the frequency in Hz). Nothing else. Output only the answer."
sat_medium,saturation,"{'type': 'saturation', 'drive_db': 15.0}",2043,cello,instrument,43,45,0,0,0,1,G2,A2,0,0,1,sol,sol,1,0,0,45,A2,sol,220,data/audio/pitchbench_e4_harmonic_saturation/G2_cello_5000ms_fx_sat_medium.wav,G2_cello_5000ms_fx_sat_medium.wav,Listen to this audio clip of a single musical note. What is the MIDI note number (an integer from 0 to 127)? Reply with ONLY the integer. Nothing else. Output only the answer.,"Listen to this audio clip of a single musical note. What is the note name and octave? Reply with ONLY the note name in Scientific Pitch Notation (e.g. C4, F#3, Bb5). Nothing else. Output only the answer.","Listen to this audio clip of a single musical note. What is the solfege syllable and accidental (if needed) of this pitch? Use fixed-do (do=C, re=D, mi=E, fa=F, sol=G, la=A, si=B). Include sharps or flats when needed (e.g. do#, reb, fa#, sib). Do NOT include the octave. Reply with ONLY the syllable and accidental (if needed). Nothing else. Output only the answer.","Listen to this audio clip of a single musical note. What is the main pitch frequency, expressed in Hertz? Reply with ONLY a number (the frequency in Hz). Nothing else. Output only the answer."
sat_medium,saturation,"{'type': 'saturation', 'drive_db': 15.0}",2048,square,waveform,48,69,0,0,0,0,C3,A4,0,0,0,do,sol,0,0,0,69,A4,sol,440,data/audio/pitchbench_e4_harmonic_saturation/C3_square_5000ms_fx_sat_medium.wav,C3_square_5000ms_fx_sat_medium.wav,Listen to this audio clip of a single musical note. What is the MIDI note number (an integer from 0 to 127)? Reply with ONLY the integer. Nothing else. Output only the answer.,"Listen to this audio clip of a single musical note. What is the note name and octave? Reply with ONLY the note name in Scientific Pitch Notation (e.g. C4, F#3, Bb5). Nothing else. Output only the answer.","Listen to this audio clip of a single musical note. What is the solfege syllable and accidental (if needed) of this pitch? Use fixed-do (do=C, re=D, mi=E, fa=F, sol=G, la=A, si=B). Include sharps or flats when needed (e.g. do#, reb, fa#, sib). Do NOT include the octave. Reply with ONLY the syllable and accidental (if needed). Nothing else. Output only the answer.","Listen to this audio clip of a single musical note. What is the main pitch frequency, expressed in Hertz? Reply with ONLY a number (the frequency in Hz). Nothing else. Output only the answer."
sat_medium,saturation,"{'type': 'saturation', 'drive_db': 15.0}",2048,synth_pad,instrument,48,69,0,0,0,0,C3,F2,0,0,0,do,fa#,0,0,0,69,F2,fa#,220,data/audio/pitchbench_e4_harmonic_saturation/C3_synth_pad_5000ms_fx_sat_medium.wav,C3_synth_pad_5000ms_fx_sat_medium.wav,Listen to this audio clip of a single musical note. What is the MIDI note number (an integer from 0 to 127)? Reply with ONLY the integer. Nothing else. Output only the answer.,"Listen to this audio clip of a single musical note. What is the note name and octave? Reply with ONLY the note name in Scientific Pitch Notation (e.g. C4, F#3, Bb5). Nothing else. Output only the answer.","Listen to this audio clip of a single musical note. What is the solfege syllable and accidental (if needed) of this pitch? Use fixed-do (do=C, re=D, mi=E, fa=F, sol=G, la=A, si=B). Include sharps or flats when needed (e.g. do#, reb, fa#, sib). Do NOT include the octave. Reply with ONLY the syllable and accidental (if needed). Nothing else. Output only the answer.","Listen to this audio clip of a single musical note. What is the main pitch frequency, expressed in Hertz? Reply with ONLY a number (the frequency in Hz). Nothing else. Output only the answer."
sat_medium,saturation,"{'type': 'saturation', 'drive_db': 15.0}",2048,piano,instrument,48,69,0,0,0,0,C3,G3,0,0,1,do,mi,0,0,0,69,G3,mi,440,data/audio/pitchbench_e4_harmonic_saturation/C3_piano_5000ms_fx_sat_medium.wav,C3_piano_5000ms_fx_sat_medium.wav,Listen to this audio clip of a single musical note. What is the MIDI note number (an integer from 0 to 127)? Reply with ONLY the integer. Nothing else. Output only the answer.,"Listen to this audio clip of a single musical note. What is the note name and octave? Reply with ONLY the note name in Scientific Pitch Notation (e.g. C4, F#3, Bb5). Nothing else. Output only the answer.","Listen to this audio clip of a single musical note. What is the solfege syllable and accidental (if needed) of this pitch? Use fixed-do (do=C, re=D, mi=E, fa=F, sol=G, la=A, si=B). Include sharps or flats when needed (e.g. do#, reb, fa#, sib). Do NOT include the octave. Reply with ONLY the syllable and accidental (if needed). Nothing else. Output only the answer.","Listen to this audio clip of a single musical note. What is the main pitch frequency, expressed in Hertz? Reply with ONLY a number (the frequency in Hz). Nothing else. Output only the answer."
sat_medium,saturation,"{'type': 'saturation', 'drive_db': 15.0}",2048,synth_lead,instrument,48,69,0,0,0,0,C3,A4,0,0,0,do,sol,0,0,0,69,A4,sol,440,data/audio/pitchbench_e4_harmonic_saturation/C3_synth_lead_5000ms_fx_sat_medium.wav,C3_synth_lead_5000ms_fx_sat_medium.wav,Listen to this audio clip of a single musical note. What is the MIDI note number (an integer from 0 to 127)? Reply with ONLY the integer. Nothing else. Output only the answer.,"Listen to this audio clip of a single musical note. What is the note name and octave? Reply with ONLY the note name in Scientific Pitch Notation (e.g. C4, F#3, Bb5). Nothing else. Output only the answer.","Listen to this audio clip of a single musical note. What is the solfege syllable and accidental (if needed) of this pitch? Use fixed-do (do=C, re=D, mi=E, fa=F, sol=G, la=A, si=B). Include sharps or flats when needed (e.g. do#, reb, fa#, sib). Do NOT include the octave. Reply with ONLY the syllable and accidental (if needed). Nothing else. Output only the answer.","Listen to this audio clip of a single musical note. What is the main pitch frequency, expressed in Hertz? Reply with ONLY a number (the frequency in Hz). Nothing else. Output only the answer."
sat_medium,saturation,"{'type': 'saturation', 'drive_db': 15.0}",2048,clarinet,instrument,48,69,0,0,0,0,C3,A4,0,0,0,do,sol,0,0,0,69,A4,sol,440,data/audio/pitchbench_e4_harmonic_saturation/C3_clarinet_5000ms_fx_sat_medium.wav,C3_clarinet_5000ms_fx_sat_medium.wav,Listen to this audio clip of a single musical note. What is the MIDI note number (an integer from 0 to 127)? Reply with ONLY the integer. Nothing else. Output only the answer.,"Listen to this audio clip of a single musical note. What is the note name and octave? Reply with ONLY the note name in Scientific Pitch Notation (e.g. C4, F#3, Bb5). Nothing else. Output only the answer.","Listen to this audio clip of a single musical note. What is the solfege syllable and accidental (if needed) of this pitch? Use fixed-do (do=C, re=D, mi=E, fa=F, sol=G, la=A, si=B). Include sharps or flats when needed (e.g. do#, reb, fa#, sib). Do NOT include the octave. Reply with ONLY the syllable and accidental (if needed). Nothing else. Output only the answer.","Listen to this audio clip of a single musical note. What is the main pitch frequency, expressed in Hertz? Reply with ONLY a number (the frequency in Hz). Nothing else. Output only the answer."
sat_medium,saturation,"{'type': 'saturation', 'drive_db': 15.0}",2054,bass,instrument,54,48,0,0,0,1,F#3,A2,0,0,0,fa#,sol#,0,0,0,48,A2,sol#,196,data/audio/pitchbench_e4_harmonic_saturation/Fs3_bass_5000ms_fx_sat_medium.wav,Fs3_bass_5000ms_fx_sat_medium.wav,Listen to this audio clip of a single musical note. What is the MIDI note number (an integer from 0 to 127)? Reply with ONLY the integer. Nothing else. Output only the answer.,"Listen to this audio clip of a single musical note. What is the note name and octave? Reply with ONLY the note name in Scientific Pitch Notation (e.g. C4, F#3, Bb5). Nothing else. Output only the answer.","Listen to this audio clip of a single musical note. What is the solfege syllable and accidental (if needed) of this pitch? Use fixed-do (do=C, re=D, mi=E, fa=F, sol=G, la=A, si=B). Include sharps or flats when needed (e.g. do#, reb, fa#, sib). Do NOT include the octave. Reply with ONLY the syllable and accidental (if needed). Nothing else. Output only the answer.","Listen to this audio clip of a single musical note. What is the main pitch frequency, expressed in Hertz? Reply with ONLY a number (the frequency in Hz). Nothing else. Output only the answer."
sat_medium,saturation,"{'type': 'saturation', 'drive_db': 15.0}",2054,synth_pad,instrument,54,71,0,0,0,0,F#3,F3,0,0,1,fa#,fa#,1,0,0,71,F3,fa#,220,data/audio/pitchbench_e4_harmonic_saturation/Fs3_synth_pad_5000ms_fx_sat_medium.wav,Fs3_synth_pad_5000ms_fx_sat_medium.wav,Listen to this audio clip of a single musical note. What is the MIDI note number (an integer from 0 to 127)? Reply with ONLY the integer. Nothing else. Output only the answer.,"Listen to this audio clip of a single musical note. What is the note name and octave? Reply with ONLY the note name in Scientific Pitch Notation (e.g. C4, F#3, Bb5). Nothing else. Output only the answer.","Listen to this audio clip of a single musical note. What is the solfege syllable and accidental (if needed) of this pitch? Use fixed-do (do=C, re=D, mi=E, fa=F, sol=G, la=A, si=B). Include sharps or flats when needed (e.g. do#, reb, fa#, sib). Do NOT include the octave. Reply with ONLY the syllable and accidental (if needed). Nothing else. Output only the answer.","Listen to this audio clip of a single musical note. What is the main pitch frequency, expressed in Hertz? Reply with ONLY a number (the frequency in Hz). Nothing else. Output only the answer."
sat_medium,saturation,"{'type': 'saturation', 'drive_db': 15.0}",2054,electric_keyboard,instrument,54,69,0,0,0,0,F#3,F3,0,0,1,fa#,sol#,0,0,0,69,F3,sol#,440,data/audio/pitchbench_e4_harmonic_saturation/Fs3_electric_keyboard_5000ms_fx_sat_medium.wav,Fs3_electric_keyboard_5000ms_fx_sat_medium.wav,Listen to this audio clip of a single musical note. What is the MIDI note number (an integer from 0 to 127)? Reply with ONLY the integer. Nothing else. Output only the answer.,"Listen to this audio clip of a single musical note. What is the note name and octave? Reply with ONLY the note name in Scientific Pitch Notation (e.g. C4, F#3, Bb5). Nothing else. Output only the answer.","Listen to this audio clip of a single musical note. What is the solfege syllable and accidental (if needed) of this pitch? Use fixed-do (do=C, re=D, mi=E, fa=F, sol=G, la=A, si=B). Include sharps or flats when needed (e.g. do#, reb, fa#, sib). Do NOT include the octave. Reply with ONLY the syllable and accidental (if needed). Nothing else. Output only the answer.","Listen to this audio clip of a single musical note. What is the main pitch frequency, expressed in Hertz? Reply with ONLY a number (the frequency in Hz). Nothing else. Output only the answer."
sat_medium,saturation,"{'type': 'saturation', 'drive_db': 15.0}",2054,trumpet,instrument,54,69,0,0,0,0,F#3,A#3,0,0,1,fa#,sol,0,0,0,69,A#3,sol,440,data/audio/pitchbench_e4_harmonic_saturation/Fs3_trumpet_5000ms_fx_sat_medium.wav,Fs3_trumpet_5000ms_fx_sat_medium.wav,Listen to this audio clip of a single musical note. What is the MIDI note number (an integer from 0 to 127)? Reply with ONLY the integer. Nothing else. Output only the answer.,"Listen to this audio clip of a single musical note. What is the note name and octave? Reply with ONLY the note name in Scientific Pitch Notation (e.g. C4, F#3, Bb5). Nothing else. Output only the answer.","Listen to this audio clip of a single musical note. What is the solfege syllable and accidental (if needed) of this pitch? Use fixed-do (do=C, re=D, mi=E, fa=F, sol=G, la=A, si=B). Include sharps or flats when needed (e.g. do#, reb, fa#, sib). Do NOT include the octave. Reply with ONLY the syllable and accidental (if needed). Nothing else. Output only the answer.","Listen to this audio clip of a single musical note. What is the main pitch frequency, expressed in Hertz? Reply with ONLY a number (the frequency in Hz). Nothing else. Output only the answer."
sat_medium,saturation,"{'type': 'saturation', 'drive_db': 15.0}",2054,voice,instrument,54,69,0,0,0,0,F#3,A3,0,0,1,fa#,sol,0,0,0,69,A3,sol,440,data/audio/pitchbench_e4_harmonic_saturation/Fs3_voice_5000ms_fx_sat_medium.wav,Fs3_voice_5000ms_fx_sat_medium.wav,Listen to this audio clip of a single musical note. What is the MIDI note number (an integer from 0 to 127)? Reply with ONLY the integer. Nothing else. Output only the answer.,"Listen to this audio clip of a single musical note. What is the note name and octave? Reply with ONLY the note name in Scientific Pitch Notation (e.g. C4, F#3, Bb5). Nothing else. Output only the answer.","Listen to this audio clip of a single musical note. What is the solfege syllable and accidental (if needed) of this pitch? Use fixed-do (do=C, re=D, mi=E, fa=F, sol=G, la=A, si=B). Include sharps or flats when needed (e.g. do#, reb, fa#, sib). Do NOT include the octave. Reply with ONLY the syllable and accidental (if needed). Nothing else. Output only the answer.","Listen to this audio clip of a single musical note. What is the main pitch frequency, expressed in Hertz? Reply with ONLY a number (the frequency in Hz). Nothing else. Output only the answer."
sat_medium,saturation,"{'type': 'saturation', 'drive_db': 15.0}",2060,cello,instrument,60,69,0,0,0,1,C4,A4,0,0,1,do,sol,0,0,0,69,A4,sol,440,data/audio/pitchbench_e4_harmonic_saturation/C4_cello_5000ms_fx_sat_medium.wav,C4_cello_5000ms_fx_sat_medium.wav,Listen to this audio clip of a single musical note. What is the MIDI note number (an integer from 0 to 127)? Reply with ONLY the integer. Nothing else. Output only the answer.,"Listen to this audio clip of a single musical note. What is the note name and octave? Reply with ONLY the note name in Scientific Pitch Notation (e.g. C4, F#3, Bb5). Nothing else. Output only the answer.","Listen to this audio clip of a single musical note. What is the solfege syllable and accidental (if needed) of this pitch? Use fixed-do (do=C, re=D, mi=E, fa=F, sol=G, la=A, si=B). Include sharps or flats when needed (e.g. do#, reb, fa#, sib). Do NOT include the octave. Reply with ONLY the syllable and accidental (if needed). Nothing else. Output only the answer.","Listen to this audio clip of a single musical note. What is the main pitch frequency, expressed in Hertz? Reply with ONLY a number (the frequency in Hz). Nothing else. Output only the answer."
sat_medium,saturation,"{'type': 'saturation', 'drive_db': 15.0}",2060,guitar,instrument,60,69,0,0,0,1,C4,F3,0,0,0,do,sol#,0,0,0,69,F3,Sol#,440,data/audio/pitchbench_e4_harmonic_saturation/C4_guitar_5000ms_fx_sat_medium.wav,C4_guitar_5000ms_fx_sat_medium.wav,Listen to this audio clip of a single musical note. What is the MIDI note number (an integer from 0 to 127)? Reply with ONLY the integer. Nothing else. Output only the answer.,"Listen to this audio clip of a single musical note. What is the note name and octave? Reply with ONLY the note name in Scientific Pitch Notation (e.g. C4, F#3, Bb5). Nothing else. Output only the answer.","Listen to this audio clip of a single musical note. What is the solfege syllable and accidental (if needed) of this pitch? Use fixed-do (do=C, re=D, mi=E, fa=F, sol=G, la=A, si=B). Include sharps or flats when needed (e.g. do#, reb, fa#, sib). Do NOT include the octave. Reply with ONLY the syllable and accidental (if needed). Nothing else. Output only the answer.","Listen to this audio clip of a single musical note. What is the main pitch frequency, expressed in Hertz? Reply with ONLY a number (the frequency in Hz). Nothing else. Output only the answer."
sat_medium,saturation,"{'type': 'saturation', 'drive_db': 15.0}",2060,synth_pad,instrument,60,69,0,0,0,1,C4,G3,0,0,0,do,sol#,0,0,0,69,G3,Sol#,440,data/audio/pitchbench_e4_harmonic_saturation/C4_synth_pad_5000ms_fx_sat_medium.wav,C4_synth_pad_5000ms_fx_sat_medium.wav,Listen to this audio clip of a single musical note. What is the MIDI note number (an integer from 0 to 127)? Reply with ONLY the integer. Nothing else. Output only the answer.,"Listen to this audio clip of a single musical note. What is the note name and octave? Reply with ONLY the note name in Scientific Pitch Notation (e.g. C4, F#3, Bb5). Nothing else. Output only the answer.","Listen to this audio clip of a single musical note. What is the solfege syllable and accidental (if needed) of this pitch? Use fixed-do (do=C, re=D, mi=E, fa=F, sol=G, la=A, si=B). Include sharps or flats when needed (e.g. do#, reb, fa#, sib). Do NOT include the octave. Reply with ONLY the syllable and accidental (if needed). Nothing else. Output only the answer.","Listen to this audio clip of a single musical note. What is the main pitch frequency, expressed in Hertz? Reply with ONLY a number (the frequency in Hz). Nothing else. Output only the answer."
sat_medium,saturation,"{'type': 'saturation', 'drive_db': 15.0}",2060,trombone,instrument,60,69,0,0,0,1,C4,A#3,0,0,0,do,sol,0,0,0,69,A#3,sol,440,data/audio/pitchbench_e4_harmonic_saturation/C4_trombone_5000ms_fx_sat_medium.wav,C4_trombone_5000ms_fx_sat_medium.wav,Listen to this audio clip of a single musical note. What is the MIDI note number (an integer from 0 to 127)? Reply with ONLY the integer. Nothing else. Output only the answer.,"Listen to this audio clip of a single musical note. What is the note name and octave? Reply with ONLY the note name in Scientific Pitch Notation (e.g. C4, F#3, Bb5). Nothing else. Output only the answer.","Listen to this audio clip of a single musical note. What is the solfege syllable and accidental (if needed) of this pitch? Use fixed-do (do=C, re=D, mi=E, fa=F, sol=G, la=A, si=B). Include sharps or flats when needed (e.g. do#, reb, fa#, sib). Do NOT include the octave. Reply with ONLY the syllable and accidental (if needed). Nothing else. Output only the answer.","Listen to this audio clip of a single musical note. What is the main pitch frequency, expressed in Hertz? Reply with ONLY a number (the frequency in Hz). Nothing else. Output only the answer."
sat_medium,saturation,"{'type': 'saturation', 'drive_db': 15.0}",2060,synth_lead,instrument,60,69,0,0,0,1,C4,A4,0,0,1,do,sol,0,0,0,69,A4,sol,440,data/audio/pitchbench_e4_harmonic_saturation/C4_synth_lead_5000ms_fx_sat_medium.wav,C4_synth_lead_5000ms_fx_sat_medium.wav,Listen to this audio clip of a single musical note. What is the MIDI note number (an integer from 0 to 127)? Reply with ONLY the integer. Nothing else. Output only the answer.,"Listen to this audio clip of a single musical note. What is the note name and octave? Reply with ONLY the note name in Scientific Pitch Notation (e.g. C4, F#3, Bb5). Nothing else. Output only the answer.","Listen to this audio clip of a single musical note. What is the solfege syllable and accidental (if needed) of this pitch? Use fixed-do (do=C, re=D, mi=E, fa=F, sol=G, la=A, si=B). Include sharps or flats when needed (e.g. do#, reb, fa#, sib). Do NOT include the octave. Reply with ONLY the syllable and accidental (if needed). Nothing else. Output only the answer.","Listen to this audio clip of a single musical note. What is the main pitch frequency, expressed in Hertz? Reply with ONLY a number (the frequency in Hz). Nothing else. Output only the answer."
sat_medium,saturation,"{'type': 'saturation', 'drive_db': 15.0}",2064,oboe,instrument,64,60,0,0,0,1,E4,A#3,0,0,0,mi,sol,0,0,0,60,A#3,sol,440,data/audio/pitchbench_e4_harmonic_saturation/E4_oboe_5000ms_fx_sat_medium.wav,E4_oboe_5000ms_fx_sat_medium.wav,Listen to this audio clip of a single musical note. What is the MIDI note number (an integer from 0 to 127)? Reply with ONLY the integer. Nothing else. Output only the answer.,"Listen to this audio clip of a single musical note. What is the note name and octave? Reply with ONLY the note name in Scientific Pitch Notation (e.g. C4, F#3, Bb5). Nothing else. Output only the answer.","Listen to this audio clip of a single musical note. What is the solfege syllable and accidental (if needed) of this pitch? Use fixed-do (do=C, re=D, mi=E, fa=F, sol=G, la=A, si=B). Include sharps or flats when needed (e.g. do#, reb, fa#, sib). Do NOT include the octave. Reply with ONLY the syllable and accidental (if needed). Nothing else. Output only the answer.","Listen to this audio clip of a single musical note. What is the main pitch frequency, expressed in Hertz? Reply with ONLY a number (the frequency in Hz). Nothing else. Output only the answer."
sat_medium,saturation,"{'type': 'saturation', 'drive_db': 15.0}",2064,organ,instrument,64,72,0,0,0,0,E4,G4,0,0,1,mi,mi,1,0,0,72,G4,mi,440,data/audio/pitchbench_e4_harmonic_saturation/E4_organ_5000ms_fx_sat_medium.wav,E4_organ_5000ms_fx_sat_medium.wav,Listen to this audio clip of a single musical note. What is the MIDI note number (an integer from 0 to 127)? Reply with ONLY the integer. Nothing else. Output only the answer.,"Listen to this audio clip of a single musical note. What is the note name and octave? Reply with ONLY the note name in Scientific Pitch Notation (e.g. C4, F#3, Bb5). Nothing else. Output only the answer.","Listen to this audio clip of a single musical note. What is the solfege syllable and accidental (if needed) of this pitch? Use fixed-do (do=C, re=D, mi=E, fa=F, sol=G, la=A, si=B). Include sharps or flats when needed (e.g. do#, reb, fa#, sib). Do NOT include the octave. Reply with ONLY the syllable and accidental (if needed). Nothing else. Output only the answer.","Listen to this audio clip of a single musical note. What is the main pitch frequency, expressed in Hertz? Reply with ONLY a number (the frequency in Hz). Nothing else. Output only the answer."
sat_medium,saturation,"{'type': 'saturation', 'drive_db': 15.0}",2064,synth_lead,instrument,64,69,0,0,0,1,E4,G4,0,0,1,mi,sol,0,0,0,69,G4,sol,440,data/audio/pitchbench_e4_harmonic_saturation/E4_synth_lead_5000ms_fx_sat_medium.wav,E4_synth_lead_5000ms_fx_sat_medium.wav,Listen to this audio clip of a single musical note. What is the MIDI note number (an integer from 0 to 127)? Reply with ONLY the integer. Nothing else. Output only the answer.,"Listen to this audio clip of a single musical note. What is the note name and octave? Reply with ONLY the note name in Scientific Pitch Notation (e.g. C4, F#3, Bb5). Nothing else. Output only the answer.","Listen to this audio clip of a single musical note. What is the solfege syllable and accidental (if needed) of this pitch? Use fixed-do (do=C, re=D, mi=E, fa=F, sol=G, la=A, si=B). Include sharps or flats when needed (e.g. do#, reb, fa#, sib). Do NOT include the octave. Reply with ONLY the syllable and accidental (if needed). Nothing else. Output only the answer.","Listen to this audio clip of a single musical note. What is the main pitch frequency, expressed in Hertz? Reply with ONLY a number (the frequency in Hz). Nothing else. Output only the answer."
sat_medium,saturation,"{'type': 'saturation', 'drive_db': 15.0}",2064,synth_pad,instrument,64,69,0,0,0,1,E4,E4,1,1,1,mi,sol,0,0,1,69,E4,sol,440,data/audio/pitchbench_e4_harmonic_saturation/E4_synth_pad_5000ms_fx_sat_medium.wav,E4_synth_pad_5000ms_fx_sat_medium.wav,Listen to this audio clip of a single musical note. What is the MIDI note number (an integer from 0 to 127)? Reply with ONLY the integer. Nothing else. Output only the answer.,"Listen to this audio clip of a single musical note. What is the note name and octave? Reply with ONLY the note name in Scientific Pitch Notation (e.g. C4, F#3, Bb5). Nothing else. Output only the answer.","Listen to this audio clip of a single musical note. What is the solfege syllable and accidental (if needed) of this pitch? Use fixed-do (do=C, re=D, mi=E, fa=F, sol=G, la=A, si=B). Include sharps or flats when needed (e.g. do#, reb, fa#, sib). Do NOT include the octave. Reply with ONLY the syllable and accidental (if needed). Nothing else. Output only the answer.","Listen to this audio clip of a single musical note. What is the main pitch frequency, expressed in Hertz? Reply with ONLY a number (the frequency in Hz). Nothing else. Output only the answer."
sat_medium,saturation,"{'type': 'saturation', 'drive_db': 15.0}",2064,sawtooth,waveform,64,69,0,0,0,1,E4,F4,0,0,1,mi,sol#,0,0,0,69,F4,Sol#,440,data/audio/pitchbench_e4_harmonic_saturation/E4_sawtooth_5000ms_fx_sat_medium.wav,E4_sawtooth_5000ms_fx_sat_medium.wav,Listen to this audio clip of a single musical note. What is the MIDI note number (an integer from 0 to 127)? Reply with ONLY the integer. Nothing else. Output only the answer.,"Listen to this audio clip of a single musical note. What is the note name and octave? Reply with ONLY the note name in Scientific Pitch Notation (e.g. C4, F#3, Bb5). Nothing else. Output only the answer.","Listen to this audio clip of a single musical note. What is the solfege syllable and accidental (if needed) of this pitch? Use fixed-do (do=C, re=D, mi=E, fa=F, sol=G, la=A, si=B). Include sharps or flats when needed (e.g. do#, reb, fa#, sib). Do NOT include the octave. Reply with ONLY the syllable and accidental (if needed). Nothing else. Output only the answer.","Listen to this audio clip of a single musical note. What is the main pitch frequency, expressed in Hertz? Reply with ONLY a number (the frequency in Hz). Nothing else. Output only the answer."
sat_medium,saturation,"{'type': 'saturation', 'drive_db': 15.0}",2069,flute,instrument,69,69,1,1,1,1,A4,F4,0,0,1,la,fa,0,1,1,69,F4,fa,440,data/audio/pitchbench_e4_harmonic_saturation/A4_flute_5000ms_fx_sat_medium.wav,A4_flute_5000ms_fx_sat_medium.wav,Listen to this audio clip of a single musical note. What is the MIDI note number (an integer from 0 to 127)? Reply with ONLY the integer. Nothing else. Output only the answer.,"Listen to this audio clip of a single musical note. What is the note name and octave? Reply with ONLY the note name in Scientific Pitch Notation (e.g. C4, F#3, Bb5). Nothing else. Output only the answer.","Listen to this audio clip of a single musical note. What is the solfege syllable and accidental (if needed) of this pitch? Use fixed-do (do=C, re=D, mi=E, fa=F, sol=G, la=A, si=B). Include sharps or flats when needed (e.g. do#, reb, fa#, sib). Do NOT include the octave. Reply with ONLY the syllable and accidental (if needed). Nothing else. Output only the answer.","Listen to this audio clip of a single musical note. What is the main pitch frequency, expressed in Hertz? Reply with ONLY a number (the frequency in Hz). Nothing else. Output only the answer."
sat_medium,saturation,"{'type': 'saturation', 'drive_db': 15.0}",2069,voice,instrument,69,69,1,1,1,1,A4,A4,1,1,1,la,sol,0,1,1,69,A4,sol,440,data/audio/pitchbench_e4_harmonic_saturation/A4_voice_5000ms_fx_sat_medium.wav,A4_voice_5000ms_fx_sat_medium.wav,Listen to this audio clip of a single musical note. What is the MIDI note number (an integer from 0 to 127)? Reply with ONLY the integer. Nothing else. Output only the answer.,"Listen to this audio clip of a single musical note. What is the note name and octave? Reply with ONLY the note name in Scientific Pitch Notation (e.g. C4, F#3, Bb5). Nothing else. Output only the answer.","Listen to this audio clip of a single musical note. What is the solfege syllable and accidental (if needed) of this pitch? Use fixed-do (do=C, re=D, mi=E, fa=F, sol=G, la=A, si=B). Include sharps or flats when needed (e.g. do#, reb, fa#, sib). Do NOT include the octave. Reply with ONLY the syllable and accidental (if needed). Nothing else. Output only the answer.","Listen to this audio clip of a single musical note. What is the main pitch frequency, expressed in Hertz? Reply with ONLY a number (the frequency in Hz). Nothing else. Output only the answer."
sat_medium,saturation,"{'type': 'saturation', 'drive_db': 15.0}",2069,square,waveform,69,69,1,1,1,1,A4,A4,1,1,1,la,sol,0,1,1,69,A4,sol,440,data/audio/pitchbench_e4_harmonic_saturation/A4_square_5000ms_fx_sat_medium.wav,A4_square_5000ms_fx_sat_medium.wav,Listen to this audio clip of a single musical note. What is the MIDI note number (an integer from 0 to 127)? Reply with ONLY the integer. Nothing else. Output only the answer.,"Listen to this audio clip of a single musical note. What is the note name and octave? Reply with ONLY the note name in Scientific Pitch Notation (e.g. C4, F#3, Bb5). Nothing else. Output only the answer.","Listen to this audio clip of a single musical note. What is the solfege syllable and accidental (if needed) of this pitch? Use fixed-do (do=C, re=D, mi=E, fa=F, sol=G, la=A, si=B). Include sharps or flats when needed (e.g. do#, reb, fa#, sib). Do NOT include the octave. Reply with ONLY the syllable and accidental (if needed). Nothing else. Output only the answer.","Listen to this audio clip of a single musical note. What is the main pitch frequency, expressed in Hertz? Reply with ONLY a number (the frequency in Hz). Nothing else. Output only the answer."
sat_medium,saturation,"{'type': 'saturation', 'drive_db': 15.0}",2069,clarinet,instrument,69,69,1,1,1,1,A4,G4,0,0,1,la,fa#,0,1,1,69,G4,fa#,440,data/audio/pitchbench_e4_harmonic_saturation/A4_clarinet_5000ms_fx_sat_medium.wav,A4_clarinet_5000ms_fx_sat_medium.wav,Listen to this audio clip of a single musical note. What is the MIDI note number (an integer from 0 to 127)? Reply with ONLY the integer. Nothing else. Output only the answer.,"Listen to this audio clip of a single musical note. What is the note name and octave? Reply with ONLY the note name in Scientific Pitch Notation (e.g. C4, F#3, Bb5). Nothing else. Output only the answer.","Listen to this audio clip of a single musical note. What is the solfege syllable and accidental (if needed) of this pitch? Use fixed-do (do=C, re=D, mi=E, fa=F, sol=G, la=A, si=B). Include sharps or flats when needed (e.g. do#, reb, fa#, sib). Do NOT include the octave. Reply with ONLY the syllable and accidental (if needed). Nothing else. Output only the answer.","Listen to this audio clip of a single musical note. What is the main pitch frequency, expressed in Hertz? Reply with ONLY a number (the frequency in Hz). Nothing else. Output only the answer."
sat_medium,saturation,"{'type': 'saturation', 'drive_db': 15.0}",2069,sine,waveform,69,69,1,1,1,1,A4,G4,0,0,1,la,sol,0,1,1,69,G4,sol,440,data/audio/pitchbench_e4_harmonic_saturation/A4_sine_5000ms_fx_sat_medium.wav,A4_sine_5000ms_fx_sat_medium.wav,Listen to this audio clip of a single musical note. What is the MIDI note number (an integer from 0 to 127)? Reply with ONLY the integer. Nothing else. Output only the answer.,"Listen to this audio clip of a single musical note. What is the note name and octave? Reply with ONLY the note name in Scientific Pitch Notation (e.g. C4, F#3, Bb5). Nothing else. Output only the answer.","Listen to this audio clip of a single musical note. What is the solfege syllable and accidental (if needed) of this pitch? Use fixed-do (do=C, re=D, mi=E, fa=F, sol=G, la=A, si=B). Include sharps or flats when needed (e.g. do#, reb, fa#, sib). Do NOT include the octave. Reply with ONLY the syllable and accidental (if needed). Nothing else. Output only the answer.","Listen to this audio clip of a single musical note. What is the main pitch frequency, expressed in Hertz? Reply with ONLY a number (the frequency in Hz). Nothing else. Output only the answer."
sat_medium,saturation,"{'type': 'saturation', 'drive_db': 15.0}",2079,voice,instrument,79,72,0,0,0,1,G5,A5,0,0,1,sol,mi,0,0,0,72,A5,mi,440,data/audio/pitchbench_e4_harmonic_saturation/G5_voice_5000ms_fx_sat_medium.wav,G5_voice_5000ms_fx_sat_medium.wav,Listen to this audio clip of a single musical note. What is the MIDI note number (an integer from 0 to 127)? Reply with ONLY the integer. Nothing else. Output only the answer.,"Listen to this audio clip of a single musical note. What is the note name and octave? Reply with ONLY the note name in Scientific Pitch Notation (e.g. C4, F#3, Bb5). Nothing else. Output only the answer.","Listen to this audio clip of a single musical note. What is the solfege syllable and accidental (if needed) of this pitch? Use fixed-do (do=C, re=D, mi=E, fa=F, sol=G, la=A, si=B). Include sharps or flats when needed (e.g. do#, reb, fa#, sib). Do NOT include the octave. Reply with ONLY the syllable and accidental (if needed). Nothing else. Output only the answer.","Listen to this audio clip of a single musical note. What is the main pitch frequency, expressed in Hertz? Reply with ONLY a number (the frequency in Hz). Nothing else. Output only the answer."
sat_medium,saturation,"{'type': 'saturation', 'drive_db': 15.0}",2079,synth_pad,instrument,79,72,0,0,0,1,G5,G4,0,1,0,sol,sol,1,0,0,72,G4,sol,440,data/audio/pitchbench_e4_harmonic_saturation/G5_synth_pad_5000ms_fx_sat_medium.wav,G5_synth_pad_5000ms_fx_sat_medium.wav,Listen to this audio clip of a single musical note. What is the MIDI note number (an integer from 0 to 127)? Reply with ONLY the integer. Nothing else. Output only the answer.,"Listen to this audio clip of a single musical note. What is the note name and octave? Reply with ONLY the note name in Scientific Pitch Notation (e.g. C4, F#3, Bb5). Nothing else. Output only the answer.","Listen to this audio clip of a single musical note. What is the solfege syllable and accidental (if needed) of this pitch? Use fixed-do (do=C, re=D, mi=E, fa=F, sol=G, la=A, si=B). Include sharps or flats when needed (e.g. do#, reb, fa#, sib). Do NOT include the octave. Reply with ONLY the syllable and accidental (if needed). Nothing else. Output only the answer.","Listen to this audio clip of a single musical note. What is the main pitch frequency, expressed in Hertz? Reply with ONLY a number (the frequency in Hz). Nothing else. Output only the answer."
sat_medium,saturation,"{'type': 'saturation', 'drive_db': 15.0}",2079,flute,instrument,79,69,0,0,0,0,G5,F5,0,0,1,sol,sol,1,0,0,69,F5,sol,440,data/audio/pitchbench_e4_harmonic_saturation/G5_flute_5000ms_fx_sat_medium.wav,G5_flute_5000ms_fx_sat_medium.wav,Listen to this audio clip of a single musical note. What is the MIDI note number (an integer from 0 to 127)? Reply with ONLY the integer. Nothing else. Output only the answer.,"Listen to this audio clip of a single musical note. What is the note name and octave? Reply with ONLY the note name in Scientific Pitch Notation (e.g. C4, F#3, Bb5). Nothing else. Output only the answer.","Listen to this audio clip of a single musical note. What is the solfege syllable and accidental (if needed) of this pitch? Use fixed-do (do=C, re=D, mi=E, fa=F, sol=G, la=A, si=B). Include sharps or flats when needed (e.g. do#, reb, fa#, sib). Do NOT include the octave. Reply with ONLY the syllable and accidental (if needed). Nothing else. Output only the answer.","Listen to this audio clip of a single musical note. What is the main pitch frequency, expressed in Hertz? Reply with ONLY a number (the frequency in Hz). Nothing else. Output only the answer."
sat_medium,saturation,"{'type': 'saturation', 'drive_db': 15.0}",2079,synth_lead,instrument,79,72,0,0,0,1,G5,A4,0,0,0,sol,sol,1,0,0,72,A4,sol,440,data/audio/pitchbench_e4_harmonic_saturation/G5_synth_lead_5000ms_fx_sat_medium.wav,G5_synth_lead_5000ms_fx_sat_medium.wav,Listen to this audio clip of a single musical note. What is the MIDI note number (an integer from 0 to 127)? Reply with ONLY the integer. Nothing else. Output only the answer.,"Listen to this audio clip of a single musical note. What is the note name and octave? Reply with ONLY the note name in Scientific Pitch Notation (e.g. C4, F#3, Bb5). Nothing else. Output only the answer.","Listen to this audio clip of a single musical note. What is the solfege syllable and accidental (if needed) of this pitch? Use fixed-do (do=C, re=D, mi=E, fa=F, sol=G, la=A, si=B). Include sharps or flats when needed (e.g. do#, reb, fa#, sib). Do NOT include the octave. Reply with ONLY the syllable and accidental (if needed). Nothing else. Output only the answer.","Listen to this audio clip of a single musical note. What is the main pitch frequency, expressed in Hertz? Reply with ONLY a number (the frequency in Hz). Nothing else. Output only the answer."
sat_medium,saturation,"{'type': 'saturation', 'drive_db': 15.0}",2079,sine,waveform,79,69,0,0,0,0,G5,A4,0,0,0,sol,mi,0,0,0,69,A4,mi,440,data/audio/pitchbench_e4_harmonic_saturation/G5_sine_5000ms_fx_sat_medium.wav,G5_sine_5000ms_fx_sat_medium.wav,Listen to this audio clip of a single musical note. What is the MIDI note number (an integer from 0 to 127)? Reply with ONLY the integer. Nothing else. Output only the answer.,"Listen to this audio clip of a single musical note. What is the note name and octave? Reply with ONLY the note name in Scientific Pitch Notation (e.g. C4, F#3, Bb5). Nothing else. Output only the answer.","Listen to this audio clip of a single musical note. What is the solfege syllable and accidental (if needed) of this pitch? Use fixed-do (do=C, re=D, mi=E, fa=F, sol=G, la=A, si=B). Include sharps or flats when needed (e.g. do#, reb, fa#, sib). Do NOT include the octave. Reply with ONLY the syllable and accidental (if needed). Nothing else. Output only the answer.","Listen to this audio clip of a single musical note. What is the main pitch frequency, expressed in Hertz? Reply with ONLY a number (the frequency in Hz). Nothing else. Output only the answer."
sat_medium,saturation,"{'type': 'saturation', 'drive_db': 15.0}",2088,square,waveform,88,69,0,0,0,0,E6,G4,0,0,0,mi,sol,0,0,0,69,G4,sol,440,data/audio/pitchbench_e4_harmonic_saturation/E6_square_5000ms_fx_sat_medium.wav,E6_square_5000ms_fx_sat_medium.wav,Listen to this audio clip of a single musical note. What is the MIDI note number (an integer from 0 to 127)? Reply with ONLY the integer. Nothing else. Output only the answer.,"Listen to this audio clip of a single musical note. What is the note name and octave? Reply with ONLY the note name in Scientific Pitch Notation (e.g. C4, F#3, Bb5). Nothing else. Output only the answer.","Listen to this audio clip of a single musical note. What is the solfege syllable and accidental (if needed) of this pitch? Use fixed-do (do=C, re=D, mi=E, fa=F, sol=G, la=A, si=B). Include sharps or flats when needed (e.g. do#, reb, fa#, sib). Do NOT include the octave. Reply with ONLY the syllable and accidental (if needed). Nothing else. Output only the answer.","Listen to this audio clip of a single musical note. What is the main pitch frequency, expressed in Hertz? Reply with ONLY a number (the frequency in Hz). Nothing else. Output only the answer."
sat_medium,saturation,"{'type': 'saturation', 'drive_db': 15.0}",2088,sawtooth,waveform,88,69,0,0,0,0,E6,A4,0,0,0,mi,sol,0,0,0,69,A4,sol,440,data/audio/pitchbench_e4_harmonic_saturation/E6_sawtooth_5000ms_fx_sat_medium.wav,E6_sawtooth_5000ms_fx_sat_medium.wav,Listen to this audio clip of a single musical note. What is the MIDI note number (an integer from 0 to 127)? Reply with ONLY the integer. Nothing else. Output only the answer.,"Listen to this audio clip of a single musical note. What is the note name and octave? Reply with ONLY the note name in Scientific Pitch Notation (e.g. C4, F#3, Bb5). Nothing else. Output only the answer.","Listen to this audio clip of a single musical note. What is the solfege syllable and accidental (if needed) of this pitch? Use fixed-do (do=C, re=D, mi=E, fa=F, sol=G, la=A, si=B). Include sharps or flats when needed (e.g. do#, reb, fa#, sib). Do NOT include the octave. Reply with ONLY the syllable and accidental (if needed). Nothing else. Output only the answer.","Listen to this audio clip of a single musical note. What is the main pitch frequency, expressed in Hertz? Reply with ONLY a number (the frequency in Hz). Nothing else. Output only the answer."
sat_medium,saturation,"{'type': 'saturation', 'drive_db': 15.0}",2088,flute,instrument,88,72,0,0,0,0,E6,E6,1,1,1,mi,fa#,0,0,1,72,E6,fa#,440,data/audio/pitchbench_e4_harmonic_saturation/E6_flute_5000ms_fx_sat_medium.wav,E6_flute_5000ms_fx_sat_medium.wav,Listen to this audio clip of a single musical note. What is the MIDI note number (an integer from 0 to 127)? Reply with ONLY the integer. Nothing else. Output only the answer.,"Listen to this audio clip of a single musical note. What is the note name and octave? Reply with ONLY the note name in Scientific Pitch Notation (e.g. C4, F#3, Bb5). Nothing else. Output only the answer.","Listen to this audio clip of a single musical note. What is the solfege syllable and accidental (if needed) of this pitch? Use fixed-do (do=C, re=D, mi=E, fa=F, sol=G, la=A, si=B). Include sharps or flats when needed (e.g. do#, reb, fa#, sib). Do NOT include the octave. Reply with ONLY the syllable and accidental (if needed). Nothing else. Output only the answer.","Listen to this audio clip of a single musical note. What is the main pitch frequency, expressed in Hertz? Reply with ONLY a number (the frequency in Hz). Nothing else. Output only the answer."
sat_medium,saturation,"{'type': 'saturation', 'drive_db': 15.0}",2088,voice,instrument,88,72,0,0,0,0,E6,A#4,0,0,0,mi,sol,0,0,0,72,A#4,sol,440,data/audio/pitchbench_e4_harmonic_saturation/E6_voice_5000ms_fx_sat_medium.wav,E6_voice_5000ms_fx_sat_medium.wav,Listen to this audio clip of a single musical note. What is the MIDI note number (an integer from 0 to 127)? Reply with ONLY the integer. Nothing else. Output only the answer.,"Listen to this audio clip of a single musical note. What is the note name and octave? Reply with ONLY the note name in Scientific Pitch Notation (e.g. C4, F#3, Bb5). Nothing else. Output only the answer.","Listen to this audio clip of a single musical note. What is the solfege syllable and accidental (if needed) of this pitch? Use fixed-do (do=C, re=D, mi=E, fa=F, sol=G, la=A, si=B). Include sharps or flats when needed (e.g. do#, reb, fa#, sib). Do NOT include the octave. Reply with ONLY the syllable and accidental (if needed). Nothing else. Output only the answer.","Listen to this audio clip of a single musical note. What is the main pitch frequency, expressed in Hertz? Reply with ONLY a number (the frequency in Hz). Nothing else. Output only the answer."
sat_medium,saturation,"{'type': 'saturation', 'drive_db': 15.0}",2088,organ,instrument,88,69,0,0,0,0,E6,F5,0,0,0,mi,fa#,0,0,0,69,F5,fa#,440,data/audio/pitchbench_e4_harmonic_saturation/E6_organ_5000ms_fx_sat_medium.wav,E6_organ_5000ms_fx_sat_medium.wav,Listen to this audio clip of a single musical note. What is the MIDI note number (an integer from 0 to 127)? Reply with ONLY the integer. Nothing else. Output only the answer.,"Listen to this audio clip of a single musical note. What is the note name and octave? Reply with ONLY the note name in Scientific Pitch Notation (e.g. C4, F#3, Bb5). Nothing else. Output only the answer.","Listen to this audio clip of a single musical note. What is the solfege syllable and accidental (if needed) of this pitch? Use fixed-do (do=C, re=D, mi=E, fa=F, sol=G, la=A, si=B). Include sharps or flats when needed (e.g. do#, reb, fa#, sib). Do NOT include the octave. Reply with ONLY the syllable and accidental (if needed). Nothing else. Output only the answer.","Listen to this audio clip of a single musical note. What is the main pitch frequency, expressed in Hertz? Reply with ONLY a number (the frequency in Hz). Nothing else. Output only the answer."
