effect,effect_type,effect_params,noise_seed,source,source_type,midi_gt,midi_pred,midi_correct,midi_within_1,midi_pc_correct,midi_octave_correct,spn_gt,spn_pred,spn_correct,spn_pc_correct,spn_octave_correct,doremi_gt,doremi_pred,doremi_correct,hz_correct,any_correct,raw_midi,raw_spn,raw_doremi,raw_hz,audio_url,audio_file,prompt_midi,prompt_spn,prompt_doremi,prompt_hz
bitcrush_4bit,bitcrush,"{'type': 'bitcrush', 'bit_depth': 4}",3030,triangle,waveform,30,63,0,0,0,0,F#1,C6,0,0,0,fa#,fa#,1,0,1,63,C6,solb,1058.47,/home/hsnu2/PitchBench/data/audio/pitchbench_e2_audio_effects/Fs1_triangle_5000ms_fx_bitcrush_4bit.wav,Fs1_triangle_5000ms_fx_bitcrush_4bit.wav,Listen to this audio clip of a single musical note. What is the MIDI note number (an integer from 0 to 127)? Reply with ONLY the integer. Nothing else. Output only the answer.,"Listen to this audio clip of a single musical note. What is the note name and octave? Reply with ONLY the note name in Scientific Pitch Notation (e.g. C4, F#3, Bb5). Nothing else. Output only the answer.","Listen to this audio clip of a single musical note. What is the solfege syllable and accidental (if needed) of this pitch? Use fixed-do (do=C, re=D, mi=E, fa=F, sol=G, la=A, si=B). Include sharps or flats when needed (e.g. do#, reb, fa#, sib). Do NOT include the octave. Reply with ONLY the syllable and accidental (if needed). Nothing else. Output only the answer.","Listen to this audio clip of a single musical note. What is the main pitch frequency, expressed in Hertz? Reply with ONLY a number (the frequency in Hz). Nothing else. Output only the answer."
bitcrush_4bit,bitcrush,"{'type': 'bitcrush', 'bit_depth': 4}",3030,sine,waveform,30,45,0,0,0,0,F#1,C6,0,0,0,fa#,fa#,1,0,1,45,C6,solb,1046.57,/home/hsnu2/PitchBench/data/audio/pitchbench_e2_audio_effects/Fs1_sine_5000ms_fx_bitcrush_4bit.wav,Fs1_sine_5000ms_fx_bitcrush_4bit.wav,Listen to this audio clip of a single musical note. What is the MIDI note number (an integer from 0 to 127)? Reply with ONLY the integer. Nothing else. Output only the answer.,"Listen to this audio clip of a single musical note. What is the note name and octave? Reply with ONLY the note name in Scientific Pitch Notation (e.g. C4, F#3, Bb5). Nothing else. Output only the answer.","Listen to this audio clip of a single musical note. What is the solfege syllable and accidental (if needed) of this pitch? Use fixed-do (do=C, re=D, mi=E, fa=F, sol=G, la=A, si=B). Include sharps or flats when needed (e.g. do#, reb, fa#, sib). Do NOT include the octave. Reply with ONLY the syllable and accidental (if needed). Nothing else. Output only the answer.","Listen to this audio clip of a single musical note. What is the main pitch frequency, expressed in Hertz? Reply with ONLY a number (the frequency in Hz). Nothing else. Output only the answer."
bitcrush_4bit,bitcrush,"{'type': 'bitcrush', 'bit_depth': 4}",3030,trumpet,instrument,30,35,0,0,0,1,F#1,C2,0,0,0,fa#,sol,0,0,0,35,C2,sol,150.0,/home/hsnu2/PitchBench/data/audio/pitchbench_e2_audio_effects/Fs1_trumpet_5000ms_fx_bitcrush_4bit.wav,Fs1_trumpet_5000ms_fx_bitcrush_4bit.wav,Listen to this audio clip of a single musical note. What is the MIDI note number (an integer from 0 to 127)? Reply with ONLY the integer. Nothing else. Output only the answer.,"Listen to this audio clip of a single musical note. What is the note name and octave? Reply with ONLY the note name in Scientific Pitch Notation (e.g. C4, F#3, Bb5). Nothing else. Output only the answer.","Listen to this audio clip of a single musical note. What is the solfege syllable and accidental (if needed) of this pitch? Use fixed-do (do=C, re=D, mi=E, fa=F, sol=G, la=A, si=B). Include sharps or flats when needed (e.g. do#, reb, fa#, sib). Do NOT include the octave. Reply with ONLY the syllable and accidental (if needed). Nothing else. Output only the answer.","Listen to this audio clip of a single musical note. What is the main pitch frequency, expressed in Hertz? Reply with ONLY a number (the frequency in Hz). Nothing else. Output only the answer."
bitcrush_4bit,bitcrush,"{'type': 'bitcrush', 'bit_depth': 4}",3030,flute,instrument,30,64,0,0,0,0,F#1,C6,0,0,0,fa#,fa#,1,0,1,64,C6,solb,1050,/home/hsnu2/PitchBench/data/audio/pitchbench_e2_audio_effects/Fs1_flute_5000ms_fx_bitcrush_4bit.wav,Fs1_flute_5000ms_fx_bitcrush_4bit.wav,Listen to this audio clip of a single musical note. What is the MIDI note number (an integer from 0 to 127)? Reply with ONLY the integer. Nothing else. Output only the answer.,"Listen to this audio clip of a single musical note. What is the note name and octave? Reply with ONLY the note name in Scientific Pitch Notation (e.g. C4, F#3, Bb5). Nothing else. Output only the answer.","Listen to this audio clip of a single musical note. What is the solfege syllable and accidental (if needed) of this pitch? Use fixed-do (do=C, re=D, mi=E, fa=F, sol=G, la=A, si=B). Include sharps or flats when needed (e.g. do#, reb, fa#, sib). Do NOT include the octave. Reply with ONLY the syllable and accidental (if needed). Nothing else. Output only the answer.","Listen to this audio clip of a single musical note. What is the main pitch frequency, expressed in Hertz? Reply with ONLY a number (the frequency in Hz). Nothing else. Output only the answer."
bitcrush_4bit,bitcrush,"{'type': 'bitcrush', 'bit_depth': 4}",3030,voice,instrument,30,64,0,0,0,0,F#1,C6,0,0,0,fa#,fa#,1,0,1,64,C6,solb,1050,/home/hsnu2/PitchBench/data/audio/pitchbench_e2_audio_effects/Fs1_voice_5000ms_fx_bitcrush_4bit.wav,Fs1_voice_5000ms_fx_bitcrush_4bit.wav,Listen to this audio clip of a single musical note. What is the MIDI note number (an integer from 0 to 127)? Reply with ONLY the integer. Nothing else. Output only the answer.,"Listen to this audio clip of a single musical note. What is the note name and octave? Reply with ONLY the note name in Scientific Pitch Notation (e.g. C4, F#3, Bb5). Nothing else. Output only the answer.","Listen to this audio clip of a single musical note. What is the solfege syllable and accidental (if needed) of this pitch? Use fixed-do (do=C, re=D, mi=E, fa=F, sol=G, la=A, si=B). Include sharps or flats when needed (e.g. do#, reb, fa#, sib). Do NOT include the octave. Reply with ONLY the syllable and accidental (if needed). Nothing else. Output only the answer.","Listen to this audio clip of a single musical note. What is the main pitch frequency, expressed in Hertz? Reply with ONLY a number (the frequency in Hz). Nothing else. Output only the answer."
bitcrush_4bit,bitcrush,"{'type': 'bitcrush', 'bit_depth': 4}",3036,piano,instrument,36,63,0,0,0,0,C2,C6,0,1,0,do,fa#,0,0,0,63,C6,solb,415.38,/home/hsnu2/PitchBench/data/audio/pitchbench_e2_audio_effects/C2_piano_5000ms_fx_bitcrush_4bit.wav,C2_piano_5000ms_fx_bitcrush_4bit.wav,Listen to this audio clip of a single musical note. What is the MIDI note number (an integer from 0 to 127)? Reply with ONLY the integer. Nothing else. Output only the answer.,"Listen to this audio clip of a single musical note. What is the note name and octave? Reply with ONLY the note name in Scientific Pitch Notation (e.g. C4, F#3, Bb5). Nothing else. Output only the answer.","Listen to this audio clip of a single musical note. What is the solfege syllable and accidental (if needed) of this pitch? Use fixed-do (do=C, re=D, mi=E, fa=F, sol=G, la=A, si=B). Include sharps or flats when needed (e.g. do#, reb, fa#, sib). Do NOT include the octave. Reply with ONLY the syllable and accidental (if needed). Nothing else. Output only the answer.","Listen to this audio clip of a single musical note. What is the main pitch frequency, expressed in Hertz? Reply with ONLY a number (the frequency in Hz). Nothing else. Output only the answer."
bitcrush_4bit,bitcrush,"{'type': 'bitcrush', 'bit_depth': 4}",3036,triangle,waveform,36,45,0,0,0,1,C2,C6,0,1,0,do,sol,0,0,0,45,C6,sol,480,/home/hsnu2/PitchBench/data/audio/pitchbench_e2_audio_effects/C2_triangle_5000ms_fx_bitcrush_4bit.wav,C2_triangle_5000ms_fx_bitcrush_4bit.wav,Listen to this audio clip of a single musical note. What is the MIDI note number (an integer from 0 to 127)? Reply with ONLY the integer. Nothing else. Output only the answer.,"Listen to this audio clip of a single musical note. What is the note name and octave? Reply with ONLY the note name in Scientific Pitch Notation (e.g. C4, F#3, Bb5). Nothing else. Output only the answer.","Listen to this audio clip of a single musical note. What is the solfege syllable and accidental (if needed) of this pitch? Use fixed-do (do=C, re=D, mi=E, fa=F, sol=G, la=A, si=B). Include sharps or flats when needed (e.g. do#, reb, fa#, sib). Do NOT include the octave. Reply with ONLY the syllable and accidental (if needed). Nothing else. Output only the answer.","Listen to this audio clip of a single musical note. What is the main pitch frequency, expressed in Hertz? Reply with ONLY a number (the frequency in Hz). Nothing else. Output only the answer."
bitcrush_4bit,bitcrush,"{'type': 'bitcrush', 'bit_depth': 4}",3036,square,waveform,36,43,0,0,0,1,C2,A#2,0,0,1,do,fa#,0,0,0,43,Bb2,solb,480,/home/hsnu2/PitchBench/data/audio/pitchbench_e2_audio_effects/C2_square_5000ms_fx_bitcrush_4bit.wav,C2_square_5000ms_fx_bitcrush_4bit.wav,Listen to this audio clip of a single musical note. What is the MIDI note number (an integer from 0 to 127)? Reply with ONLY the integer. Nothing else. Output only the answer.,"Listen to this audio clip of a single musical note. What is the note name and octave? Reply with ONLY the note name in Scientific Pitch Notation (e.g. C4, F#3, Bb5). Nothing else. Output only the answer.","Listen to this audio clip of a single musical note. What is the solfege syllable and accidental (if needed) of this pitch? Use fixed-do (do=C, re=D, mi=E, fa=F, sol=G, la=A, si=B). Include sharps or flats when needed (e.g. do#, reb, fa#, sib). Do NOT include the octave. Reply with ONLY the syllable and accidental (if needed). Nothing else. Output only the answer.","Listen to this audio clip of a single musical note. What is the main pitch frequency, expressed in Hertz? Reply with ONLY a number (the frequency in Hz). Nothing else. Output only the answer."
bitcrush_4bit,bitcrush,"{'type': 'bitcrush', 'bit_depth': 4}",3036,cello,instrument,36,64,0,0,0,0,C2,C6,0,1,0,do,fa#,0,0,0,64,C6,solb,1054.87,/home/hsnu2/PitchBench/data/audio/pitchbench_e2_audio_effects/C2_cello_5000ms_fx_bitcrush_4bit.wav,C2_cello_5000ms_fx_bitcrush_4bit.wav,Listen to this audio clip of a single musical note. What is the MIDI note number (an integer from 0 to 127)? Reply with ONLY the integer. Nothing else. Output only the answer.,"Listen to this audio clip of a single musical note. What is the note name and octave? Reply with ONLY the note name in Scientific Pitch Notation (e.g. C4, F#3, Bb5). Nothing else. Output only the answer.","Listen to this audio clip of a single musical note. What is the solfege syllable and accidental (if needed) of this pitch? Use fixed-do (do=C, re=D, mi=E, fa=F, sol=G, la=A, si=B). Include sharps or flats when needed (e.g. do#, reb, fa#, sib). Do NOT include the octave. Reply with ONLY the syllable and accidental (if needed). Nothing else. Output only the answer.","Listen to this audio clip of a single musical note. What is the main pitch frequency, expressed in Hertz? Reply with ONLY a number (the frequency in Hz). Nothing else. Output only the answer."
bitcrush_4bit,bitcrush,"{'type': 'bitcrush', 'bit_depth': 4}",3036,sine,waveform,36,43,0,0,0,1,C2,C2,1,1,1,do,fa#,0,0,1,43,C2,solb,480,/home/hsnu2/PitchBench/data/audio/pitchbench_e2_audio_effects/C2_sine_5000ms_fx_bitcrush_4bit.wav,C2_sine_5000ms_fx_bitcrush_4bit.wav,Listen to this audio clip of a single musical note. What is the MIDI note number (an integer from 0 to 127)? Reply with ONLY the integer. Nothing else. Output only the answer.,"Listen to this audio clip of a single musical note. What is the note name and octave? Reply with ONLY the note name in Scientific Pitch Notation (e.g. C4, F#3, Bb5). Nothing else. Output only the answer.","Listen to this audio clip of a single musical note. What is the solfege syllable and accidental (if needed) of this pitch? Use fixed-do (do=C, re=D, mi=E, fa=F, sol=G, la=A, si=B). Include sharps or flats when needed (e.g. do#, reb, fa#, sib). Do NOT include the octave. Reply with ONLY the syllable and accidental (if needed). Nothing else. Output only the answer.","Listen to this audio clip of a single musical note. What is the main pitch frequency, expressed in Hertz? Reply with ONLY a number (the frequency in Hz). Nothing else. Output only the answer."
bitcrush_4bit,bitcrush,"{'type': 'bitcrush', 'bit_depth': 4}",3043,sine,waveform,43,48,0,0,0,0,G2,C6,0,0,0,sol,fa#,0,0,0,48,C6,solb,480,/home/hsnu2/PitchBench/data/audio/pitchbench_e2_audio_effects/G2_sine_5000ms_fx_bitcrush_4bit.wav,G2_sine_5000ms_fx_bitcrush_4bit.wav,Listen to this audio clip of a single musical note. What is the MIDI note number (an integer from 0 to 127)? Reply with ONLY the integer. Nothing else. Output only the answer.,"Listen to this audio clip of a single musical note. What is the note name and octave? Reply with ONLY the note name in Scientific Pitch Notation (e.g. C4, F#3, Bb5). Nothing else. Output only the answer.","Listen to this audio clip of a single musical note. What is the solfege syllable and accidental (if needed) of this pitch? Use fixed-do (do=C, re=D, mi=E, fa=F, sol=G, la=A, si=B). Include sharps or flats when needed (e.g. do#, reb, fa#, sib). Do NOT include the octave. Reply with ONLY the syllable and accidental (if needed). Nothing else. Output only the answer.","Listen to this audio clip of a single musical note. What is the main pitch frequency, expressed in Hertz? Reply with ONLY a number (the frequency in Hz). Nothing else. Output only the answer."
bitcrush_4bit,bitcrush,"{'type': 'bitcrush', 'bit_depth': 4}",3043,square,waveform,43,43,1,1,1,1,G2,F#2,0,0,1,sol,sol,1,0,1,43,F#2,sol,450,/home/hsnu2/PitchBench/data/audio/pitchbench_e2_audio_effects/G2_square_5000ms_fx_bitcrush_4bit.wav,G2_square_5000ms_fx_bitcrush_4bit.wav,Listen to this audio clip of a single musical note. What is the MIDI note number (an integer from 0 to 127)? Reply with ONLY the integer. Nothing else. Output only the answer.,"Listen to this audio clip of a single musical note. What is the note name and octave? Reply with ONLY the note name in Scientific Pitch Notation (e.g. C4, F#3, Bb5). Nothing else. Output only the answer.","Listen to this audio clip of a single musical note. What is the solfege syllable and accidental (if needed) of this pitch? Use fixed-do (do=C, re=D, mi=E, fa=F, sol=G, la=A, si=B). Include sharps or flats when needed (e.g. do#, reb, fa#, sib). Do NOT include the octave. Reply with ONLY the syllable and accidental (if needed). Nothing else. Output only the answer.","Listen to this audio clip of a single musical note. What is the main pitch frequency, expressed in Hertz? Reply with ONLY a number (the frequency in Hz). Nothing else. Output only the answer."
bitcrush_4bit,bitcrush,"{'type': 'bitcrush', 'bit_depth': 4}",3043,guitar,instrument,43,64,0,0,0,0,G2,G2,1,1,1,sol,fa#,0,0,1,64,G2,solb,480,/home/hsnu2/PitchBench/data/audio/pitchbench_e2_audio_effects/G2_guitar_5000ms_fx_bitcrush_4bit.wav,G2_guitar_5000ms_fx_bitcrush_4bit.wav,Listen to this audio clip of a single musical note. What is the MIDI note number (an integer from 0 to 127)? Reply with ONLY the integer. Nothing else. Output only the answer.,"Listen to this audio clip of a single musical note. What is the note name and octave? Reply with ONLY the note name in Scientific Pitch Notation (e.g. C4, F#3, Bb5). Nothing else. Output only the answer.","Listen to this audio clip of a single musical note. What is the solfege syllable and accidental (if needed) of this pitch? Use fixed-do (do=C, re=D, mi=E, fa=F, sol=G, la=A, si=B). Include sharps or flats when needed (e.g. do#, reb, fa#, sib). Do NOT include the octave. Reply with ONLY the syllable and accidental (if needed). Nothing else. Output only the answer.","Listen to this audio clip of a single musical note. What is the main pitch frequency, expressed in Hertz? Reply with ONLY a number (the frequency in Hz). Nothing else. Output only the answer."
bitcrush_4bit,bitcrush,"{'type': 'bitcrush', 'bit_depth': 4}",3043,flute,instrument,43,63,0,0,0,0,G2,C6,0,0,0,sol,fa#,0,0,0,63,C6,solb,1050,/home/hsnu2/PitchBench/data/audio/pitchbench_e2_audio_effects/G2_flute_5000ms_fx_bitcrush_4bit.wav,G2_flute_5000ms_fx_bitcrush_4bit.wav,Listen to this audio clip of a single musical note. What is the MIDI note number (an integer from 0 to 127)? Reply with ONLY the integer. Nothing else. Output only the answer.,"Listen to this audio clip of a single musical note. What is the note name and octave? Reply with ONLY the note name in Scientific Pitch Notation (e.g. C4, F#3, Bb5). Nothing else. Output only the answer.","Listen to this audio clip of a single musical note. What is the solfege syllable and accidental (if needed) of this pitch? Use fixed-do (do=C, re=D, mi=E, fa=F, sol=G, la=A, si=B). Include sharps or flats when needed (e.g. do#, reb, fa#, sib). Do NOT include the octave. Reply with ONLY the syllable and accidental (if needed). Nothing else. Output only the answer.","Listen to this audio clip of a single musical note. What is the main pitch frequency, expressed in Hertz? Reply with ONLY a number (the frequency in Hz). Nothing else. Output only the answer."
bitcrush_4bit,bitcrush,"{'type': 'bitcrush', 'bit_depth': 4}",3043,trumpet,instrument,43,48,0,0,0,0,G2,C2,0,0,1,sol,sol,1,0,1,48,C2,sol,1250,/home/hsnu2/PitchBench/data/audio/pitchbench_e2_audio_effects/G2_trumpet_5000ms_fx_bitcrush_4bit.wav,G2_trumpet_5000ms_fx_bitcrush_4bit.wav,Listen to this audio clip of a single musical note. What is the MIDI note number (an integer from 0 to 127)? Reply with ONLY the integer. Nothing else. Output only the answer.,"Listen to this audio clip of a single musical note. What is the note name and octave? Reply with ONLY the note name in Scientific Pitch Notation (e.g. C4, F#3, Bb5). Nothing else. Output only the answer.","Listen to this audio clip of a single musical note. What is the solfege syllable and accidental (if needed) of this pitch? Use fixed-do (do=C, re=D, mi=E, fa=F, sol=G, la=A, si=B). Include sharps or flats when needed (e.g. do#, reb, fa#, sib). Do NOT include the octave. Reply with ONLY the syllable and accidental (if needed). Nothing else. Output only the answer.","Listen to this audio clip of a single musical note. What is the main pitch frequency, expressed in Hertz? Reply with ONLY a number (the frequency in Hz). Nothing else. Output only the answer."
bitcrush_4bit,bitcrush,"{'type': 'bitcrush', 'bit_depth': 4}",3048,sine,waveform,48,48,1,1,1,1,C3,C6,0,1,0,do,sol,0,0,1,48,C6,sol,480,/home/hsnu2/PitchBench/data/audio/pitchbench_e2_audio_effects/C3_sine_5000ms_fx_bitcrush_4bit.wav,C3_sine_5000ms_fx_bitcrush_4bit.wav,Listen to this audio clip of a single musical note. What is the MIDI note number (an integer from 0 to 127)? Reply with ONLY the integer. Nothing else. Output only the answer.,"Listen to this audio clip of a single musical note. What is the note name and octave? Reply with ONLY the note name in Scientific Pitch Notation (e.g. C4, F#3, Bb5). Nothing else. Output only the answer.","Listen to this audio clip of a single musical note. What is the solfege syllable and accidental (if needed) of this pitch? Use fixed-do (do=C, re=D, mi=E, fa=F, sol=G, la=A, si=B). Include sharps or flats when needed (e.g. do#, reb, fa#, sib). Do NOT include the octave. Reply with ONLY the syllable and accidental (if needed). Nothing else. Output only the answer.","Listen to this audio clip of a single musical note. What is the main pitch frequency, expressed in Hertz? Reply with ONLY a number (the frequency in Hz). Nothing else. Output only the answer."
bitcrush_4bit,bitcrush,"{'type': 'bitcrush', 'bit_depth': 4}",3048,synth_pad,instrument,48,63,0,0,0,0,C3,C6,0,1,0,do,fa#,0,0,0,63,C6,solb,480,/home/hsnu2/PitchBench/data/audio/pitchbench_e2_audio_effects/C3_synth_pad_5000ms_fx_bitcrush_4bit.wav,C3_synth_pad_5000ms_fx_bitcrush_4bit.wav,Listen to this audio clip of a single musical note. What is the MIDI note number (an integer from 0 to 127)? Reply with ONLY the integer. Nothing else. Output only the answer.,"Listen to this audio clip of a single musical note. What is the note name and octave? Reply with ONLY the note name in Scientific Pitch Notation (e.g. C4, F#3, Bb5). Nothing else. Output only the answer.","Listen to this audio clip of a single musical note. What is the solfege syllable and accidental (if needed) of this pitch? Use fixed-do (do=C, re=D, mi=E, fa=F, sol=G, la=A, si=B). Include sharps or flats when needed (e.g. do#, reb, fa#, sib). Do NOT include the octave. Reply with ONLY the syllable and accidental (if needed). Nothing else. Output only the answer.","Listen to this audio clip of a single musical note. What is the main pitch frequency, expressed in Hertz? Reply with ONLY a number (the frequency in Hz). Nothing else. Output only the answer."
bitcrush_4bit,bitcrush,"{'type': 'bitcrush', 'bit_depth': 4}",3048,guitar,instrument,48,64,0,0,0,0,C3,C6,0,1,0,do,fa#,0,0,0,64,C6,solb,480,/home/hsnu2/PitchBench/data/audio/pitchbench_e2_audio_effects/C3_guitar_5000ms_fx_bitcrush_4bit.wav,C3_guitar_5000ms_fx_bitcrush_4bit.wav,Listen to this audio clip of a single musical note. What is the MIDI note number (an integer from 0 to 127)? Reply with ONLY the integer. Nothing else. Output only the answer.,"Listen to this audio clip of a single musical note. What is the note name and octave? Reply with ONLY the note name in Scientific Pitch Notation (e.g. C4, F#3, Bb5). Nothing else. Output only the answer.","Listen to this audio clip of a single musical note. What is the solfege syllable and accidental (if needed) of this pitch? Use fixed-do (do=C, re=D, mi=E, fa=F, sol=G, la=A, si=B). Include sharps or flats when needed (e.g. do#, reb, fa#, sib). Do NOT include the octave. Reply with ONLY the syllable and accidental (if needed). Nothing else. Output only the answer.","Listen to this audio clip of a single musical note. What is the main pitch frequency, expressed in Hertz? Reply with ONLY a number (the frequency in Hz). Nothing else. Output only the answer."
bitcrush_4bit,bitcrush,"{'type': 'bitcrush', 'bit_depth': 4}",3048,cello,instrument,48,65,0,0,0,0,C3,C6,0,1,0,do,fa#,0,0,0,65,C6,solb,166.67,/home/hsnu2/PitchBench/data/audio/pitchbench_e2_audio_effects/C3_cello_5000ms_fx_bitcrush_4bit.wav,C3_cello_5000ms_fx_bitcrush_4bit.wav,Listen to this audio clip of a single musical note. What is the MIDI note number (an integer from 0 to 127)? Reply with ONLY the integer. Nothing else. Output only the answer.,"Listen to this audio clip of a single musical note. What is the note name and octave? Reply with ONLY the note name in Scientific Pitch Notation (e.g. C4, F#3, Bb5). Nothing else. Output only the answer.","Listen to this audio clip of a single musical note. What is the solfege syllable and accidental (if needed) of this pitch? Use fixed-do (do=C, re=D, mi=E, fa=F, sol=G, la=A, si=B). Include sharps or flats when needed (e.g. do#, reb, fa#, sib). Do NOT include the octave. Reply with ONLY the syllable and accidental (if needed). Nothing else. Output only the answer.","Listen to this audio clip of a single musical note. What is the main pitch frequency, expressed in Hertz? Reply with ONLY a number (the frequency in Hz). Nothing else. Output only the answer."
bitcrush_4bit,bitcrush,"{'type': 'bitcrush', 'bit_depth': 4}",3048,triangle,waveform,48,48,1,1,1,1,C3,C6,0,1,0,do,sol,0,0,1,48,C6,sol,480,/home/hsnu2/PitchBench/data/audio/pitchbench_e2_audio_effects/C3_triangle_5000ms_fx_bitcrush_4bit.wav,C3_triangle_5000ms_fx_bitcrush_4bit.wav,Listen to this audio clip of a single musical note. What is the MIDI note number (an integer from 0 to 127)? Reply with ONLY the integer. Nothing else. Output only the answer.,"Listen to this audio clip of a single musical note. What is the note name and octave? Reply with ONLY the note name in Scientific Pitch Notation (e.g. C4, F#3, Bb5). Nothing else. Output only the answer.","Listen to this audio clip of a single musical note. What is the solfege syllable and accidental (if needed) of this pitch? Use fixed-do (do=C, re=D, mi=E, fa=F, sol=G, la=A, si=B). Include sharps or flats when needed (e.g. do#, reb, fa#, sib). Do NOT include the octave. Reply with ONLY the syllable and accidental (if needed). Nothing else. Output only the answer.","Listen to this audio clip of a single musical note. What is the main pitch frequency, expressed in Hertz? Reply with ONLY a number (the frequency in Hz). Nothing else. Output only the answer."
bitcrush_4bit,bitcrush,"{'type': 'bitcrush', 'bit_depth': 4}",3054,organ,instrument,54,65,0,0,0,0,F#3,C6,0,0,0,fa#,sol#,0,0,0,65,C6,sol#,480,/home/hsnu2/PitchBench/data/audio/pitchbench_e2_audio_effects/Fs3_organ_5000ms_fx_bitcrush_4bit.wav,Fs3_organ_5000ms_fx_bitcrush_4bit.wav,Listen to this audio clip of a single musical note. What is the MIDI note number (an integer from 0 to 127)? Reply with ONLY the integer. Nothing else. Output only the answer.,"Listen to this audio clip of a single musical note. What is the note name and octave? Reply with ONLY the note name in Scientific Pitch Notation (e.g. C4, F#3, Bb5). Nothing else. Output only the answer.","Listen to this audio clip of a single musical note. What is the solfege syllable and accidental (if needed) of this pitch? Use fixed-do (do=C, re=D, mi=E, fa=F, sol=G, la=A, si=B). Include sharps or flats when needed (e.g. do#, reb, fa#, sib). Do NOT include the octave. Reply with ONLY the syllable and accidental (if needed). Nothing else. Output only the answer.","Listen to this audio clip of a single musical note. What is the main pitch frequency, expressed in Hertz? Reply with ONLY a number (the frequency in Hz). Nothing else. Output only the answer."
bitcrush_4bit,bitcrush,"{'type': 'bitcrush', 'bit_depth': 4}",3054,trumpet,instrument,54,48,0,0,0,1,F#3,C6,0,0,0,fa#,sol,0,0,0,48,C6,sol,150,/home/hsnu2/PitchBench/data/audio/pitchbench_e2_audio_effects/Fs3_trumpet_5000ms_fx_bitcrush_4bit.wav,Fs3_trumpet_5000ms_fx_bitcrush_4bit.wav,Listen to this audio clip of a single musical note. What is the MIDI note number (an integer from 0 to 127)? Reply with ONLY the integer. Nothing else. Output only the answer.,"Listen to this audio clip of a single musical note. What is the note name and octave? Reply with ONLY the note name in Scientific Pitch Notation (e.g. C4, F#3, Bb5). Nothing else. Output only the answer.","Listen to this audio clip of a single musical note. What is the solfege syllable and accidental (if needed) of this pitch? Use fixed-do (do=C, re=D, mi=E, fa=F, sol=G, la=A, si=B). Include sharps or flats when needed (e.g. do#, reb, fa#, sib). Do NOT include the octave. Reply with ONLY the syllable and accidental (if needed). Nothing else. Output only the answer.","Listen to this audio clip of a single musical note. What is the main pitch frequency, expressed in Hertz? Reply with ONLY a number (the frequency in Hz). Nothing else. Output only the answer."
bitcrush_4bit,bitcrush,"{'type': 'bitcrush', 'bit_depth': 4}",3054,sine,waveform,54,48,0,0,0,1,F#3,C6,0,0,0,fa#,sol,0,0,0,48,C6,sol,1050,/home/hsnu2/PitchBench/data/audio/pitchbench_e2_audio_effects/Fs3_sine_5000ms_fx_bitcrush_4bit.wav,Fs3_sine_5000ms_fx_bitcrush_4bit.wav,Listen to this audio clip of a single musical note. What is the MIDI note number (an integer from 0 to 127)? Reply with ONLY the integer. Nothing else. Output only the answer.,"Listen to this audio clip of a single musical note. What is the note name and octave? Reply with ONLY the note name in Scientific Pitch Notation (e.g. C4, F#3, Bb5). Nothing else. Output only the answer.","Listen to this audio clip of a single musical note. What is the solfege syllable and accidental (if needed) of this pitch? Use fixed-do (do=C, re=D, mi=E, fa=F, sol=G, la=A, si=B). Include sharps or flats when needed (e.g. do#, reb, fa#, sib). Do NOT include the octave. Reply with ONLY the syllable and accidental (if needed). Nothing else. Output only the answer.","Listen to this audio clip of a single musical note. What is the main pitch frequency, expressed in Hertz? Reply with ONLY a number (the frequency in Hz). Nothing else. Output only the answer."
bitcrush_4bit,bitcrush,"{'type': 'bitcrush', 'bit_depth': 4}",3054,electric_keyboard,instrument,54,48,0,0,0,1,F#3,F#2,0,1,0,fa#,fa#,1,0,1,48,F#2,solb,480,/home/hsnu2/PitchBench/data/audio/pitchbench_e2_audio_effects/Fs3_electric_keyboard_5000ms_fx_bitcrush_4bit.wav,Fs3_electric_keyboard_5000ms_fx_bitcrush_4bit.wav,Listen to this audio clip of a single musical note. What is the MIDI note number (an integer from 0 to 127)? Reply with ONLY the integer. Nothing else. Output only the answer.,"Listen to this audio clip of a single musical note. What is the note name and octave? Reply with ONLY the note name in Scientific Pitch Notation (e.g. C4, F#3, Bb5). Nothing else. Output only the answer.","Listen to this audio clip of a single musical note. What is the solfege syllable and accidental (if needed) of this pitch? Use fixed-do (do=C, re=D, mi=E, fa=F, sol=G, la=A, si=B). Include sharps or flats when needed (e.g. do#, reb, fa#, sib). Do NOT include the octave. Reply with ONLY the syllable and accidental (if needed). Nothing else. Output only the answer.","Listen to this audio clip of a single musical note. What is the main pitch frequency, expressed in Hertz? Reply with ONLY a number (the frequency in Hz). Nothing else. Output only the answer."
bitcrush_4bit,bitcrush,"{'type': 'bitcrush', 'bit_depth': 4}",3054,oboe,instrument,54,48,0,0,0,1,F#3,A#2,0,0,0,fa#,fa#,1,0,1,48,Bb2,solb,415.306,/home/hsnu2/PitchBench/data/audio/pitchbench_e2_audio_effects/Fs3_oboe_5000ms_fx_bitcrush_4bit.wav,Fs3_oboe_5000ms_fx_bitcrush_4bit.wav,Listen to this audio clip of a single musical note. What is the MIDI note number (an integer from 0 to 127)? Reply with ONLY the integer. Nothing else. Output only the answer.,"Listen to this audio clip of a single musical note. What is the note name and octave? Reply with ONLY the note name in Scientific Pitch Notation (e.g. C4, F#3, Bb5). Nothing else. Output only the answer.","Listen to this audio clip of a single musical note. What is the solfege syllable and accidental (if needed) of this pitch? Use fixed-do (do=C, re=D, mi=E, fa=F, sol=G, la=A, si=B). Include sharps or flats when needed (e.g. do#, reb, fa#, sib). Do NOT include the octave. Reply with ONLY the syllable and accidental (if needed). Nothing else. Output only the answer.","Listen to this audio clip of a single musical note. What is the main pitch frequency, expressed in Hertz? Reply with ONLY a number (the frequency in Hz). Nothing else. Output only the answer."
bitcrush_4bit,bitcrush,"{'type': 'bitcrush', 'bit_depth': 4}",3060,cello,instrument,60,65,0,0,0,1,C4,C6,0,1,0,do,fa#,0,0,0,65,C6,solb,480,/home/hsnu2/PitchBench/data/audio/pitchbench_e2_audio_effects/C4_cello_5000ms_fx_bitcrush_4bit.wav,C4_cello_5000ms_fx_bitcrush_4bit.wav,Listen to this audio clip of a single musical note. What is the MIDI note number (an integer from 0 to 127)? Reply with ONLY the integer. Nothing else. Output only the answer.,"Listen to this audio clip of a single musical note. What is the note name and octave? Reply with ONLY the note name in Scientific Pitch Notation (e.g. C4, F#3, Bb5). Nothing else. Output only the answer.","Listen to this audio clip of a single musical note. What is the solfege syllable and accidental (if needed) of this pitch? Use fixed-do (do=C, re=D, mi=E, fa=F, sol=G, la=A, si=B). Include sharps or flats when needed (e.g. do#, reb, fa#, sib). Do NOT include the octave. Reply with ONLY the syllable and accidental (if needed). Nothing else. Output only the answer.","Listen to this audio clip of a single musical note. What is the main pitch frequency, expressed in Hertz? Reply with ONLY a number (the frequency in Hz). Nothing else. Output only the answer."
bitcrush_4bit,bitcrush,"{'type': 'bitcrush', 'bit_depth': 4}",3060,clarinet,instrument,60,65,0,0,0,1,C4,C6,0,1,0,do,sol,0,0,0,65,C6,sol,415.30,/home/hsnu2/PitchBench/data/audio/pitchbench_e2_audio_effects/C4_clarinet_5000ms_fx_bitcrush_4bit.wav,C4_clarinet_5000ms_fx_bitcrush_4bit.wav,Listen to this audio clip of a single musical note. What is the MIDI note number (an integer from 0 to 127)? Reply with ONLY the integer. Nothing else. Output only the answer.,"Listen to this audio clip of a single musical note. What is the note name and octave? Reply with ONLY the note name in Scientific Pitch Notation (e.g. C4, F#3, Bb5). Nothing else. Output only the answer.","Listen to this audio clip of a single musical note. What is the solfege syllable and accidental (if needed) of this pitch? Use fixed-do (do=C, re=D, mi=E, fa=F, sol=G, la=A, si=B). Include sharps or flats when needed (e.g. do#, reb, fa#, sib). Do NOT include the octave. Reply with ONLY the syllable and accidental (if needed). Nothing else. Output only the answer.","Listen to this audio clip of a single musical note. What is the main pitch frequency, expressed in Hertz? Reply with ONLY a number (the frequency in Hz). Nothing else. Output only the answer."
bitcrush_4bit,bitcrush,"{'type': 'bitcrush', 'bit_depth': 4}",3060,trumpet,instrument,60,64,0,0,0,1,C4,C6,0,1,0,do,sol,0,0,0,64,C6,sol,415.30,/home/hsnu2/PitchBench/data/audio/pitchbench_e2_audio_effects/C4_trumpet_5000ms_fx_bitcrush_4bit.wav,C4_trumpet_5000ms_fx_bitcrush_4bit.wav,Listen to this audio clip of a single musical note. What is the MIDI note number (an integer from 0 to 127)? Reply with ONLY the integer. Nothing else. Output only the answer.,"Listen to this audio clip of a single musical note. What is the note name and octave? Reply with ONLY the note name in Scientific Pitch Notation (e.g. C4, F#3, Bb5). Nothing else. Output only the answer.","Listen to this audio clip of a single musical note. What is the solfege syllable and accidental (if needed) of this pitch? Use fixed-do (do=C, re=D, mi=E, fa=F, sol=G, la=A, si=B). Include sharps or flats when needed (e.g. do#, reb, fa#, sib). Do NOT include the octave. Reply with ONLY the syllable and accidental (if needed). Nothing else. Output only the answer.","Listen to this audio clip of a single musical note. What is the main pitch frequency, expressed in Hertz? Reply with ONLY a number (the frequency in Hz). Nothing else. Output only the answer."
bitcrush_4bit,bitcrush,"{'type': 'bitcrush', 'bit_depth': 4}",3060,piano,instrument,60,65,0,0,0,1,C4,C6,0,1,0,do,sol,0,0,0,65,C6,sol,493.88,/home/hsnu2/PitchBench/data/audio/pitchbench_e2_audio_effects/C4_piano_5000ms_fx_bitcrush_4bit.wav,C4_piano_5000ms_fx_bitcrush_4bit.wav,Listen to this audio clip of a single musical note. What is the MIDI note number (an integer from 0 to 127)? Reply with ONLY the integer. Nothing else. Output only the answer.,"Listen to this audio clip of a single musical note. What is the note name and octave? Reply with ONLY the note name in Scientific Pitch Notation (e.g. C4, F#3, Bb5). Nothing else. Output only the answer.","Listen to this audio clip of a single musical note. What is the solfege syllable and accidental (if needed) of this pitch? Use fixed-do (do=C, re=D, mi=E, fa=F, sol=G, la=A, si=B). Include sharps or flats when needed (e.g. do#, reb, fa#, sib). Do NOT include the octave. Reply with ONLY the syllable and accidental (if needed). Nothing else. Output only the answer.","Listen to this audio clip of a single musical note. What is the main pitch frequency, expressed in Hertz? Reply with ONLY a number (the frequency in Hz). Nothing else. Output only the answer."
bitcrush_4bit,bitcrush,"{'type': 'bitcrush', 'bit_depth': 4}",3060,triangle,waveform,60,63,0,0,0,1,C4,C6,0,1,0,do,sol,0,0,0,63,C6,sol,480,/home/hsnu2/PitchBench/data/audio/pitchbench_e2_audio_effects/C4_triangle_5000ms_fx_bitcrush_4bit.wav,C4_triangle_5000ms_fx_bitcrush_4bit.wav,Listen to this audio clip of a single musical note. What is the MIDI note number (an integer from 0 to 127)? Reply with ONLY the integer. Nothing else. Output only the answer.,"Listen to this audio clip of a single musical note. What is the note name and octave? Reply with ONLY the note name in Scientific Pitch Notation (e.g. C4, F#3, Bb5). Nothing else. Output only the answer.","Listen to this audio clip of a single musical note. What is the solfege syllable and accidental (if needed) of this pitch? Use fixed-do (do=C, re=D, mi=E, fa=F, sol=G, la=A, si=B). Include sharps or flats when needed (e.g. do#, reb, fa#, sib). Do NOT include the octave. Reply with ONLY the syllable and accidental (if needed). Nothing else. Output only the answer.","Listen to this audio clip of a single musical note. What is the main pitch frequency, expressed in Hertz? Reply with ONLY a number (the frequency in Hz). Nothing else. Output only the answer."
bitcrush_4bit,bitcrush,"{'type': 'bitcrush', 'bit_depth': 4}",3064,clarinet,instrument,64,69,0,0,0,1,E4,C6,0,0,0,mi,sol,0,0,0,69,C6,sol,415.30,/home/hsnu2/PitchBench/data/audio/pitchbench_e2_audio_effects/E4_clarinet_5000ms_fx_bitcrush_4bit.wav,E4_clarinet_5000ms_fx_bitcrush_4bit.wav,Listen to this audio clip of a single musical note. What is the MIDI note number (an integer from 0 to 127)? Reply with ONLY the integer. Nothing else. Output only the answer.,"Listen to this audio clip of a single musical note. What is the note name and octave? Reply with ONLY the note name in Scientific Pitch Notation (e.g. C4, F#3, Bb5). Nothing else. Output only the answer.","Listen to this audio clip of a single musical note. What is the solfege syllable and accidental (if needed) of this pitch? Use fixed-do (do=C, re=D, mi=E, fa=F, sol=G, la=A, si=B). Include sharps or flats when needed (e.g. do#, reb, fa#, sib). Do NOT include the octave. Reply with ONLY the syllable and accidental (if needed). Nothing else. Output only the answer.","Listen to this audio clip of a single musical note. What is the main pitch frequency, expressed in Hertz? Reply with ONLY a number (the frequency in Hz). Nothing else. Output only the answer."
bitcrush_4bit,bitcrush,"{'type': 'bitcrush', 'bit_depth': 4}",3064,triangle,waveform,64,64,1,1,1,1,E4,C6,0,0,0,mi,sol,0,0,1,64,C6,sol,1058.37,/home/hsnu2/PitchBench/data/audio/pitchbench_e2_audio_effects/E4_triangle_5000ms_fx_bitcrush_4bit.wav,E4_triangle_5000ms_fx_bitcrush_4bit.wav,Listen to this audio clip of a single musical note. What is the MIDI note number (an integer from 0 to 127)? Reply with ONLY the integer. Nothing else. Output only the answer.,"Listen to this audio clip of a single musical note. What is the note name and octave? Reply with ONLY the note name in Scientific Pitch Notation (e.g. C4, F#3, Bb5). Nothing else. Output only the answer.","Listen to this audio clip of a single musical note. What is the solfege syllable and accidental (if needed) of this pitch? Use fixed-do (do=C, re=D, mi=E, fa=F, sol=G, la=A, si=B). Include sharps or flats when needed (e.g. do#, reb, fa#, sib). Do NOT include the octave. Reply with ONLY the syllable and accidental (if needed). Nothing else. Output only the answer.","Listen to this audio clip of a single musical note. What is the main pitch frequency, expressed in Hertz? Reply with ONLY a number (the frequency in Hz). Nothing else. Output only the answer."
bitcrush_4bit,bitcrush,"{'type': 'bitcrush', 'bit_depth': 4}",3064,square,waveform,64,63,0,1,0,1,E4,A6,0,0,0,mi,sol,0,0,0,63,A6,sol,450,/home/hsnu2/PitchBench/data/audio/pitchbench_e2_audio_effects/E4_square_5000ms_fx_bitcrush_4bit.wav,E4_square_5000ms_fx_bitcrush_4bit.wav,Listen to this audio clip of a single musical note. What is the MIDI note number (an integer from 0 to 127)? Reply with ONLY the integer. Nothing else. Output only the answer.,"Listen to this audio clip of a single musical note. What is the note name and octave? Reply with ONLY the note name in Scientific Pitch Notation (e.g. C4, F#3, Bb5). Nothing else. Output only the answer.","Listen to this audio clip of a single musical note. What is the solfege syllable and accidental (if needed) of this pitch? Use fixed-do (do=C, re=D, mi=E, fa=F, sol=G, la=A, si=B). Include sharps or flats when needed (e.g. do#, reb, fa#, sib). Do NOT include the octave. Reply with ONLY the syllable and accidental (if needed). Nothing else. Output only the answer.","Listen to this audio clip of a single musical note. What is the main pitch frequency, expressed in Hertz? Reply with ONLY a number (the frequency in Hz). Nothing else. Output only the answer."
bitcrush_4bit,bitcrush,"{'type': 'bitcrush', 'bit_depth': 4}",3064,violin,instrument,64,64,1,1,1,1,E4,C6,0,0,0,mi,sol,0,0,1,64,C6,sol,480,/home/hsnu2/PitchBench/data/audio/pitchbench_e2_audio_effects/E4_violin_5000ms_fx_bitcrush_4bit.wav,E4_violin_5000ms_fx_bitcrush_4bit.wav,Listen to this audio clip of a single musical note. What is the MIDI note number (an integer from 0 to 127)? Reply with ONLY the integer. Nothing else. Output only the answer.,"Listen to this audio clip of a single musical note. What is the note name and octave? Reply with ONLY the note name in Scientific Pitch Notation (e.g. C4, F#3, Bb5). Nothing else. Output only the answer.","Listen to this audio clip of a single musical note. What is the solfege syllable and accidental (if needed) of this pitch? Use fixed-do (do=C, re=D, mi=E, fa=F, sol=G, la=A, si=B). Include sharps or flats when needed (e.g. do#, reb, fa#, sib). Do NOT include the octave. Reply with ONLY the syllable and accidental (if needed). Nothing else. Output only the answer.","Listen to this audio clip of a single musical note. What is the main pitch frequency, expressed in Hertz? Reply with ONLY a number (the frequency in Hz). Nothing else. Output only the answer."
bitcrush_4bit,bitcrush,"{'type': 'bitcrush', 'bit_depth': 4}",3064,sawtooth,waveform,64,69,0,0,0,1,E4,A6,0,0,0,mi,sol,0,0,0,69,A6,sol,450,/home/hsnu2/PitchBench/data/audio/pitchbench_e2_audio_effects/E4_sawtooth_5000ms_fx_bitcrush_4bit.wav,E4_sawtooth_5000ms_fx_bitcrush_4bit.wav,Listen to this audio clip of a single musical note. What is the MIDI note number (an integer from 0 to 127)? Reply with ONLY the integer. Nothing else. Output only the answer.,"Listen to this audio clip of a single musical note. What is the note name and octave? Reply with ONLY the note name in Scientific Pitch Notation (e.g. C4, F#3, Bb5). Nothing else. Output only the answer.","Listen to this audio clip of a single musical note. What is the solfege syllable and accidental (if needed) of this pitch? Use fixed-do (do=C, re=D, mi=E, fa=F, sol=G, la=A, si=B). Include sharps or flats when needed (e.g. do#, reb, fa#, sib). Do NOT include the octave. Reply with ONLY the syllable and accidental (if needed). Nothing else. Output only the answer.","Listen to this audio clip of a single musical note. What is the main pitch frequency, expressed in Hertz? Reply with ONLY a number (the frequency in Hz). Nothing else. Output only the answer."
bitcrush_4bit,bitcrush,"{'type': 'bitcrush', 'bit_depth': 4}",3069,oboe,instrument,69,69,1,1,1,1,A4,C6,0,0,0,la,sol,0,0,1,69,C6,sol,415.32,/home/hsnu2/PitchBench/data/audio/pitchbench_e2_audio_effects/A4_oboe_5000ms_fx_bitcrush_4bit.wav,A4_oboe_5000ms_fx_bitcrush_4bit.wav,Listen to this audio clip of a single musical note. What is the MIDI note number (an integer from 0 to 127)? Reply with ONLY the integer. Nothing else. Output only the answer.,"Listen to this audio clip of a single musical note. What is the note name and octave? Reply with ONLY the note name in Scientific Pitch Notation (e.g. C4, F#3, Bb5). Nothing else. Output only the answer.","Listen to this audio clip of a single musical note. What is the solfege syllable and accidental (if needed) of this pitch? Use fixed-do (do=C, re=D, mi=E, fa=F, sol=G, la=A, si=B). Include sharps or flats when needed (e.g. do#, reb, fa#, sib). Do NOT include the octave. Reply with ONLY the syllable and accidental (if needed). Nothing else. Output only the answer.","Listen to this audio clip of a single musical note. What is the main pitch frequency, expressed in Hertz? Reply with ONLY a number (the frequency in Hz). Nothing else. Output only the answer."
bitcrush_4bit,bitcrush,"{'type': 'bitcrush', 'bit_depth': 4}",3069,voice,instrument,69,69,1,1,1,1,A4,C6,0,0,0,la,sol,0,0,1,69,C6,sol,450,/home/hsnu2/PitchBench/data/audio/pitchbench_e2_audio_effects/A4_voice_5000ms_fx_bitcrush_4bit.wav,A4_voice_5000ms_fx_bitcrush_4bit.wav,Listen to this audio clip of a single musical note. What is the MIDI note number (an integer from 0 to 127)? Reply with ONLY the integer. Nothing else. Output only the answer.,"Listen to this audio clip of a single musical note. What is the note name and octave? Reply with ONLY the note name in Scientific Pitch Notation (e.g. C4, F#3, Bb5). Nothing else. Output only the answer.","Listen to this audio clip of a single musical note. What is the solfege syllable and accidental (if needed) of this pitch? Use fixed-do (do=C, re=D, mi=E, fa=F, sol=G, la=A, si=B). Include sharps or flats when needed (e.g. do#, reb, fa#, sib). Do NOT include the octave. Reply with ONLY the syllable and accidental (if needed). Nothing else. Output only the answer.","Listen to this audio clip of a single musical note. What is the main pitch frequency, expressed in Hertz? Reply with ONLY a number (the frequency in Hz). Nothing else. Output only the answer."
bitcrush_4bit,bitcrush,"{'type': 'bitcrush', 'bit_depth': 4}",3069,trumpet,instrument,69,69,1,1,1,1,A4,A4,1,1,1,la,sol,0,0,1,69,A4,sol,450,/home/hsnu2/PitchBench/data/audio/pitchbench_e2_audio_effects/A4_trumpet_5000ms_fx_bitcrush_4bit.wav,A4_trumpet_5000ms_fx_bitcrush_4bit.wav,Listen to this audio clip of a single musical note. What is the MIDI note number (an integer from 0 to 127)? Reply with ONLY the integer. Nothing else. Output only the answer.,"Listen to this audio clip of a single musical note. What is the note name and octave? Reply with ONLY the note name in Scientific Pitch Notation (e.g. C4, F#3, Bb5). Nothing else. Output only the answer.","Listen to this audio clip of a single musical note. What is the solfege syllable and accidental (if needed) of this pitch? Use fixed-do (do=C, re=D, mi=E, fa=F, sol=G, la=A, si=B). Include sharps or flats when needed (e.g. do#, reb, fa#, sib). Do NOT include the octave. Reply with ONLY the syllable and accidental (if needed). Nothing else. Output only the answer.","Listen to this audio clip of a single musical note. What is the main pitch frequency, expressed in Hertz? Reply with ONLY a number (the frequency in Hz). Nothing else. Output only the answer."
bitcrush_4bit,bitcrush,"{'type': 'bitcrush', 'bit_depth': 4}",3069,sawtooth,waveform,69,69,1,1,1,1,A4,A6,0,1,0,la,sol,0,0,1,69,A6,sol,450,/home/hsnu2/PitchBench/data/audio/pitchbench_e2_audio_effects/A4_sawtooth_5000ms_fx_bitcrush_4bit.wav,A4_sawtooth_5000ms_fx_bitcrush_4bit.wav,Listen to this audio clip of a single musical note. What is the MIDI note number (an integer from 0 to 127)? Reply with ONLY the integer. Nothing else. Output only the answer.,"Listen to this audio clip of a single musical note. What is the note name and octave? Reply with ONLY the note name in Scientific Pitch Notation (e.g. C4, F#3, Bb5). Nothing else. Output only the answer.","Listen to this audio clip of a single musical note. What is the solfege syllable and accidental (if needed) of this pitch? Use fixed-do (do=C, re=D, mi=E, fa=F, sol=G, la=A, si=B). Include sharps or flats when needed (e.g. do#, reb, fa#, sib). Do NOT include the octave. Reply with ONLY the syllable and accidental (if needed). Nothing else. Output only the answer.","Listen to this audio clip of a single musical note. What is the main pitch frequency, expressed in Hertz? Reply with ONLY a number (the frequency in Hz). Nothing else. Output only the answer."
bitcrush_4bit,bitcrush,"{'type': 'bitcrush', 'bit_depth': 4}",3069,synth_pad,instrument,69,69,1,1,1,1,A4,C6,0,0,0,la,sol,0,0,1,69,C6,sol,460,/home/hsnu2/PitchBench/data/audio/pitchbench_e2_audio_effects/A4_synth_pad_5000ms_fx_bitcrush_4bit.wav,A4_synth_pad_5000ms_fx_bitcrush_4bit.wav,Listen to this audio clip of a single musical note. What is the MIDI note number (an integer from 0 to 127)? Reply with ONLY the integer. Nothing else. Output only the answer.,"Listen to this audio clip of a single musical note. What is the note name and octave? Reply with ONLY the note name in Scientific Pitch Notation (e.g. C4, F#3, Bb5). Nothing else. Output only the answer.","Listen to this audio clip of a single musical note. What is the solfege syllable and accidental (if needed) of this pitch? Use fixed-do (do=C, re=D, mi=E, fa=F, sol=G, la=A, si=B). Include sharps or flats when needed (e.g. do#, reb, fa#, sib). Do NOT include the octave. Reply with ONLY the syllable and accidental (if needed). Nothing else. Output only the answer.","Listen to this audio clip of a single musical note. What is the main pitch frequency, expressed in Hertz? Reply with ONLY a number (the frequency in Hz). Nothing else. Output only the answer."
bitcrush_4bit,bitcrush,"{'type': 'bitcrush', 'bit_depth': 4}",3079,organ,instrument,79,68,0,0,0,0,G5,C6,0,0,0,sol,sol,1,0,1,68,C6,sol,415.30,/home/hsnu2/PitchBench/data/audio/pitchbench_e2_audio_effects/G5_organ_5000ms_fx_bitcrush_4bit.wav,G5_organ_5000ms_fx_bitcrush_4bit.wav,Listen to this audio clip of a single musical note. What is the MIDI note number (an integer from 0 to 127)? Reply with ONLY the integer. Nothing else. Output only the answer.,"Listen to this audio clip of a single musical note. What is the note name and octave? Reply with ONLY the note name in Scientific Pitch Notation (e.g. C4, F#3, Bb5). Nothing else. Output only the answer.","Listen to this audio clip of a single musical note. What is the solfege syllable and accidental (if needed) of this pitch? Use fixed-do (do=C, re=D, mi=E, fa=F, sol=G, la=A, si=B). Include sharps or flats when needed (e.g. do#, reb, fa#, sib). Do NOT include the octave. Reply with ONLY the syllable and accidental (if needed). Nothing else. Output only the answer.","Listen to this audio clip of a single musical note. What is the main pitch frequency, expressed in Hertz? Reply with ONLY a number (the frequency in Hz). Nothing else. Output only the answer."
bitcrush_4bit,bitcrush,"{'type': 'bitcrush', 'bit_depth': 4}",3079,synth_pad,instrument,79,69,0,0,0,0,G5,C6,0,0,0,sol,sol,1,0,1,69,C6,sol,493.88,/home/hsnu2/PitchBench/data/audio/pitchbench_e2_audio_effects/G5_synth_pad_5000ms_fx_bitcrush_4bit.wav,G5_synth_pad_5000ms_fx_bitcrush_4bit.wav,Listen to this audio clip of a single musical note. What is the MIDI note number (an integer from 0 to 127)? Reply with ONLY the integer. Nothing else. Output only the answer.,"Listen to this audio clip of a single musical note. What is the note name and octave? Reply with ONLY the note name in Scientific Pitch Notation (e.g. C4, F#3, Bb5). Nothing else. Output only the answer.","Listen to this audio clip of a single musical note. What is the solfege syllable and accidental (if needed) of this pitch? Use fixed-do (do=C, re=D, mi=E, fa=F, sol=G, la=A, si=B). Include sharps or flats when needed (e.g. do#, reb, fa#, sib). Do NOT include the octave. Reply with ONLY the syllable and accidental (if needed). Nothing else. Output only the answer.","Listen to this audio clip of a single musical note. What is the main pitch frequency, expressed in Hertz? Reply with ONLY a number (the frequency in Hz). Nothing else. Output only the answer."
bitcrush_4bit,bitcrush,"{'type': 'bitcrush', 'bit_depth': 4}",3079,triangle,waveform,79,68,0,0,0,0,G5,C6,0,0,0,sol,sol,1,0,1,68,C6,sol,480,/home/hsnu2/PitchBench/data/audio/pitchbench_e2_audio_effects/G5_triangle_5000ms_fx_bitcrush_4bit.wav,G5_triangle_5000ms_fx_bitcrush_4bit.wav,Listen to this audio clip of a single musical note. What is the MIDI note number (an integer from 0 to 127)? Reply with ONLY the integer. Nothing else. Output only the answer.,"Listen to this audio clip of a single musical note. What is the note name and octave? Reply with ONLY the note name in Scientific Pitch Notation (e.g. C4, F#3, Bb5). Nothing else. Output only the answer.","Listen to this audio clip of a single musical note. What is the solfege syllable and accidental (if needed) of this pitch? Use fixed-do (do=C, re=D, mi=E, fa=F, sol=G, la=A, si=B). Include sharps or flats when needed (e.g. do#, reb, fa#, sib). Do NOT include the octave. Reply with ONLY the syllable and accidental (if needed). Nothing else. Output only the answer.","Listen to this audio clip of a single musical note. What is the main pitch frequency, expressed in Hertz? Reply with ONLY a number (the frequency in Hz). Nothing else. Output only the answer."
bitcrush_4bit,bitcrush,"{'type': 'bitcrush', 'bit_depth': 4}",3079,violin,instrument,79,68,0,0,0,0,G5,C6,0,0,0,sol,sol,1,0,1,68,C6,sol,1046.53,/home/hsnu2/PitchBench/data/audio/pitchbench_e2_audio_effects/G5_violin_5000ms_fx_bitcrush_4bit.wav,G5_violin_5000ms_fx_bitcrush_4bit.wav,Listen to this audio clip of a single musical note. What is the MIDI note number (an integer from 0 to 127)? Reply with ONLY the integer. Nothing else. Output only the answer.,"Listen to this audio clip of a single musical note. What is the note name and octave? Reply with ONLY the note name in Scientific Pitch Notation (e.g. C4, F#3, Bb5). Nothing else. Output only the answer.","Listen to this audio clip of a single musical note. What is the solfege syllable and accidental (if needed) of this pitch? Use fixed-do (do=C, re=D, mi=E, fa=F, sol=G, la=A, si=B). Include sharps or flats when needed (e.g. do#, reb, fa#, sib). Do NOT include the octave. Reply with ONLY the syllable and accidental (if needed). Nothing else. Output only the answer.","Listen to this audio clip of a single musical note. What is the main pitch frequency, expressed in Hertz? Reply with ONLY a number (the frequency in Hz). Nothing else. Output only the answer."
bitcrush_4bit,bitcrush,"{'type': 'bitcrush', 'bit_depth': 4}",3079,sawtooth,waveform,79,65,0,0,0,0,G5,A6,0,0,0,sol,sol,1,0,1,65,A6,sol,1075.62,/home/hsnu2/PitchBench/data/audio/pitchbench_e2_audio_effects/G5_sawtooth_5000ms_fx_bitcrush_4bit.wav,G5_sawtooth_5000ms_fx_bitcrush_4bit.wav,Listen to this audio clip of a single musical note. What is the MIDI note number (an integer from 0 to 127)? Reply with ONLY the integer. Nothing else. Output only the answer.,"Listen to this audio clip of a single musical note. What is the note name and octave? Reply with ONLY the note name in Scientific Pitch Notation (e.g. C4, F#3, Bb5). Nothing else. Output only the answer.","Listen to this audio clip of a single musical note. What is the solfege syllable and accidental (if needed) of this pitch? Use fixed-do (do=C, re=D, mi=E, fa=F, sol=G, la=A, si=B). Include sharps or flats when needed (e.g. do#, reb, fa#, sib). Do NOT include the octave. Reply with ONLY the syllable and accidental (if needed). Nothing else. Output only the answer.","Listen to this audio clip of a single musical note. What is the main pitch frequency, expressed in Hertz? Reply with ONLY a number (the frequency in Hz). Nothing else. Output only the answer."
bitcrush_4bit,bitcrush,"{'type': 'bitcrush', 'bit_depth': 4}",3088,synth_pad,instrument,88,69,0,0,0,0,E6,C6,0,0,1,mi,sol,0,0,0,69,C6,sol,1046.53,/home/hsnu2/PitchBench/data/audio/pitchbench_e2_audio_effects/E6_synth_pad_5000ms_fx_bitcrush_4bit.wav,E6_synth_pad_5000ms_fx_bitcrush_4bit.wav,Listen to this audio clip of a single musical note. What is the MIDI note number (an integer from 0 to 127)? Reply with ONLY the integer. Nothing else. Output only the answer.,"Listen to this audio clip of a single musical note. What is the note name and octave? Reply with ONLY the note name in Scientific Pitch Notation (e.g. C4, F#3, Bb5). Nothing else. Output only the answer.","Listen to this audio clip of a single musical note. What is the solfege syllable and accidental (if needed) of this pitch? Use fixed-do (do=C, re=D, mi=E, fa=F, sol=G, la=A, si=B). Include sharps or flats when needed (e.g. do#, reb, fa#, sib). Do NOT include the octave. Reply with ONLY the syllable and accidental (if needed). Nothing else. Output only the answer.","Listen to this audio clip of a single musical note. What is the main pitch frequency, expressed in Hertz? Reply with ONLY a number (the frequency in Hz). Nothing else. Output only the answer."
bitcrush_4bit,bitcrush,"{'type': 'bitcrush', 'bit_depth': 4}",3088,trombone,instrument,88,69,0,0,0,0,E6,C6,0,0,1,mi,sol,0,0,0,69,C6,sol,415.306,/home/hsnu2/PitchBench/data/audio/pitchbench_e2_audio_effects/E6_trombone_5000ms_fx_bitcrush_4bit.wav,E6_trombone_5000ms_fx_bitcrush_4bit.wav,Listen to this audio clip of a single musical note. What is the MIDI note number (an integer from 0 to 127)? Reply with ONLY the integer. Nothing else. Output only the answer.,"Listen to this audio clip of a single musical note. What is the note name and octave? Reply with ONLY the note name in Scientific Pitch Notation (e.g. C4, F#3, Bb5). Nothing else. Output only the answer.","Listen to this audio clip of a single musical note. What is the solfege syllable and accidental (if needed) of this pitch? Use fixed-do (do=C, re=D, mi=E, fa=F, sol=G, la=A, si=B). Include sharps or flats when needed (e.g. do#, reb, fa#, sib). Do NOT include the octave. Reply with ONLY the syllable and accidental (if needed). Nothing else. Output only the answer.","Listen to this audio clip of a single musical note. What is the main pitch frequency, expressed in Hertz? Reply with ONLY a number (the frequency in Hz). Nothing else. Output only the answer."
bitcrush_4bit,bitcrush,"{'type': 'bitcrush', 'bit_depth': 4}",3088,oboe,instrument,88,69,0,0,0,0,E6,C6,0,0,1,mi,sol,0,0,0,69,C6,sol,415.30,/home/hsnu2/PitchBench/data/audio/pitchbench_e2_audio_effects/E6_oboe_5000ms_fx_bitcrush_4bit.wav,E6_oboe_5000ms_fx_bitcrush_4bit.wav,Listen to this audio clip of a single musical note. What is the MIDI note number (an integer from 0 to 127)? Reply with ONLY the integer. Nothing else. Output only the answer.,"Listen to this audio clip of a single musical note. What is the note name and octave? Reply with ONLY the note name in Scientific Pitch Notation (e.g. C4, F#3, Bb5). Nothing else. Output only the answer.","Listen to this audio clip of a single musical note. What is the solfege syllable and accidental (if needed) of this pitch? Use fixed-do (do=C, re=D, mi=E, fa=F, sol=G, la=A, si=B). Include sharps or flats when needed (e.g. do#, reb, fa#, sib). Do NOT include the octave. Reply with ONLY the syllable and accidental (if needed). Nothing else. Output only the answer.","Listen to this audio clip of a single musical note. What is the main pitch frequency, expressed in Hertz? Reply with ONLY a number (the frequency in Hz). Nothing else. Output only the answer."
bitcrush_4bit,bitcrush,"{'type': 'bitcrush', 'bit_depth': 4}",3088,guitar,instrument,88,64,0,0,1,0,E6,C6,0,0,1,mi,sol,0,0,0,64,C6,sol,1052.63,/home/hsnu2/PitchBench/data/audio/pitchbench_e2_audio_effects/E6_guitar_5000ms_fx_bitcrush_4bit.wav,E6_guitar_5000ms_fx_bitcrush_4bit.wav,Listen to this audio clip of a single musical note. What is the MIDI note number (an integer from 0 to 127)? Reply with ONLY the integer. Nothing else. Output only the answer.,"Listen to this audio clip of a single musical note. What is the note name and octave? Reply with ONLY the note name in Scientific Pitch Notation (e.g. C4, F#3, Bb5). Nothing else. Output only the answer.","Listen to this audio clip of a single musical note. What is the solfege syllable and accidental (if needed) of this pitch? Use fixed-do (do=C, re=D, mi=E, fa=F, sol=G, la=A, si=B). Include sharps or flats when needed (e.g. do#, reb, fa#, sib). Do NOT include the octave. Reply with ONLY the syllable and accidental (if needed). Nothing else. Output only the answer.","Listen to this audio clip of a single musical note. What is the main pitch frequency, expressed in Hertz? Reply with ONLY a number (the frequency in Hz). Nothing else. Output only the answer."
bitcrush_4bit,bitcrush,"{'type': 'bitcrush', 'bit_depth': 4}",3088,synth_lead,instrument,88,69,0,0,0,0,E6,C6,0,0,1,mi,sol,0,0,0,69,C6,sol,1046.53,/home/hsnu2/PitchBench/data/audio/pitchbench_e2_audio_effects/E6_synth_lead_5000ms_fx_bitcrush_4bit.wav,E6_synth_lead_5000ms_fx_bitcrush_4bit.wav,Listen to this audio clip of a single musical note. What is the MIDI note number (an integer from 0 to 127)? Reply with ONLY the integer. Nothing else. Output only the answer.,"Listen to this audio clip of a single musical note. What is the note name and octave? Reply with ONLY the note name in Scientific Pitch Notation (e.g. C4, F#3, Bb5). Nothing else. Output only the answer.","Listen to this audio clip of a single musical note. What is the solfege syllable and accidental (if needed) of this pitch? Use fixed-do (do=C, re=D, mi=E, fa=F, sol=G, la=A, si=B). Include sharps or flats when needed (e.g. do#, reb, fa#, sib). Do NOT include the octave. Reply with ONLY the syllable and accidental (if needed). Nothing else. Output only the answer.","Listen to this audio clip of a single musical note. What is the main pitch frequency, expressed in Hertz? Reply with ONLY a number (the frequency in Hz). Nothing else. Output only the answer."
chorus_heavy,chorus,"{'type': 'chorus', 'rate_hz': 1.2, 'depth': 0.9, 'mix': 0.6}",6030,square,waveform,30,64,0,0,0,0,F#1,C6,0,0,0,fa#,fa#,1,0,1,64,C6,solb,1050.0,/home/hsnu2/PitchBench/data/audio/pitchbench_e2_audio_effects/Fs1_square_5000ms_fx_chorus_heavy.wav,Fs1_square_5000ms_fx_chorus_heavy.wav,Listen to this audio clip of a single musical note. What is the MIDI note number (an integer from 0 to 127)? Reply with ONLY the integer. Nothing else. Output only the answer.,"Listen to this audio clip of a single musical note. What is the note name and octave? Reply with ONLY the note name in Scientific Pitch Notation (e.g. C4, F#3, Bb5). Nothing else. Output only the answer.","Listen to this audio clip of a single musical note. What is the solfege syllable and accidental (if needed) of this pitch? Use fixed-do (do=C, re=D, mi=E, fa=F, sol=G, la=A, si=B). Include sharps or flats when needed (e.g. do#, reb, fa#, sib). Do NOT include the octave. Reply with ONLY the syllable and accidental (if needed). Nothing else. Output only the answer.","Listen to this audio clip of a single musical note. What is the main pitch frequency, expressed in Hertz? Reply with ONLY a number (the frequency in Hz). Nothing else. Output only the answer."
chorus_heavy,chorus,"{'type': 'chorus', 'rate_hz': 1.2, 'depth': 0.9, 'mix': 0.6}",6030,sawtooth,waveform,30,48,0,0,0,0,F#1,C6,0,0,0,fa#,sol,0,0,0,48,C6,sol,1058.49,/home/hsnu2/PitchBench/data/audio/pitchbench_e2_audio_effects/Fs1_sawtooth_5000ms_fx_chorus_heavy.wav,Fs1_sawtooth_5000ms_fx_chorus_heavy.wav,Listen to this audio clip of a single musical note. What is the MIDI note number (an integer from 0 to 127)? Reply with ONLY the integer. Nothing else. Output only the answer.,"Listen to this audio clip of a single musical note. What is the note name and octave? Reply with ONLY the note name in Scientific Pitch Notation (e.g. C4, F#3, Bb5). Nothing else. Output only the answer.","Listen to this audio clip of a single musical note. What is the solfege syllable and accidental (if needed) of this pitch? Use fixed-do (do=C, re=D, mi=E, fa=F, sol=G, la=A, si=B). Include sharps or flats when needed (e.g. do#, reb, fa#, sib). Do NOT include the octave. Reply with ONLY the syllable and accidental (if needed). Nothing else. Output only the answer.","Listen to this audio clip of a single musical note. What is the main pitch frequency, expressed in Hertz? Reply with ONLY a number (the frequency in Hz). Nothing else. Output only the answer."
chorus_heavy,chorus,"{'type': 'chorus', 'rate_hz': 1.2, 'depth': 0.9, 'mix': 0.6}",6030,flute,instrument,30,63,0,0,0,0,F#1,C2,0,0,0,fa#,fa#,1,0,1,63,C2,solb,105.26,/home/hsnu2/PitchBench/data/audio/pitchbench_e2_audio_effects/Fs1_flute_5000ms_fx_chorus_heavy.wav,Fs1_flute_5000ms_fx_chorus_heavy.wav,Listen to this audio clip of a single musical note. What is the MIDI note number (an integer from 0 to 127)? Reply with ONLY the integer. Nothing else. Output only the answer.,"Listen to this audio clip of a single musical note. What is the note name and octave? Reply with ONLY the note name in Scientific Pitch Notation (e.g. C4, F#3, Bb5). Nothing else. Output only the answer.","Listen to this audio clip of a single musical note. What is the solfege syllable and accidental (if needed) of this pitch? Use fixed-do (do=C, re=D, mi=E, fa=F, sol=G, la=A, si=B). Include sharps or flats when needed (e.g. do#, reb, fa#, sib). Do NOT include the octave. Reply with ONLY the syllable and accidental (if needed). Nothing else. Output only the answer.","Listen to this audio clip of a single musical note. What is the main pitch frequency, expressed in Hertz? Reply with ONLY a number (the frequency in Hz). Nothing else. Output only the answer."
chorus_heavy,chorus,"{'type': 'chorus', 'rate_hz': 1.2, 'depth': 0.9, 'mix': 0.6}",6030,trombone,instrument,30,34,0,0,0,1,F#1,C2,0,0,0,fa#,fa#,1,0,1,34,C2,solb,105.26,/home/hsnu2/PitchBench/data/audio/pitchbench_e2_audio_effects/Fs1_trombone_5000ms_fx_chorus_heavy.wav,Fs1_trombone_5000ms_fx_chorus_heavy.wav,Listen to this audio clip of a single musical note. What is the MIDI note number (an integer from 0 to 127)? Reply with ONLY the integer. Nothing else. Output only the answer.,"Listen to this audio clip of a single musical note. What is the note name and octave? Reply with ONLY the note name in Scientific Pitch Notation (e.g. C4, F#3, Bb5). Nothing else. Output only the answer.","Listen to this audio clip of a single musical note. What is the solfege syllable and accidental (if needed) of this pitch? Use fixed-do (do=C, re=D, mi=E, fa=F, sol=G, la=A, si=B). Include sharps or flats when needed (e.g. do#, reb, fa#, sib). Do NOT include the octave. Reply with ONLY the syllable and accidental (if needed). Nothing else. Output only the answer.","Listen to this audio clip of a single musical note. What is the main pitch frequency, expressed in Hertz? Reply with ONLY a number (the frequency in Hz). Nothing else. Output only the answer."
chorus_heavy,chorus,"{'type': 'chorus', 'rate_hz': 1.2, 'depth': 0.9, 'mix': 0.6}",6030,synth_pad,instrument,30,45,0,0,0,0,F#1,C6,0,0,0,fa#,fa#,1,0,1,45,C6,solb,1054.72,/home/hsnu2/PitchBench/data/audio/pitchbench_e2_audio_effects/Fs1_synth_pad_5000ms_fx_chorus_heavy.wav,Fs1_synth_pad_5000ms_fx_chorus_heavy.wav,Listen to this audio clip of a single musical note. What is the MIDI note number (an integer from 0 to 127)? Reply with ONLY the integer. Nothing else. Output only the answer.,"Listen to this audio clip of a single musical note. What is the note name and octave? Reply with ONLY the note name in Scientific Pitch Notation (e.g. C4, F#3, Bb5). Nothing else. Output only the answer.","Listen to this audio clip of a single musical note. What is the solfege syllable and accidental (if needed) of this pitch? Use fixed-do (do=C, re=D, mi=E, fa=F, sol=G, la=A, si=B). Include sharps or flats when needed (e.g. do#, reb, fa#, sib). Do NOT include the octave. Reply with ONLY the syllable and accidental (if needed). Nothing else. Output only the answer.","Listen to this audio clip of a single musical note. What is the main pitch frequency, expressed in Hertz? Reply with ONLY a number (the frequency in Hz). Nothing else. Output only the answer."
chorus_heavy,chorus,"{'type': 'chorus', 'rate_hz': 1.2, 'depth': 0.9, 'mix': 0.6}",6036,flute,instrument,36,65,0,0,0,0,C2,C6,0,1,0,do,fa#,0,0,0,65,C6,solb,105.26,/home/hsnu2/PitchBench/data/audio/pitchbench_e2_audio_effects/C2_flute_5000ms_fx_chorus_heavy.wav,C2_flute_5000ms_fx_chorus_heavy.wav,Listen to this audio clip of a single musical note. What is the MIDI note number (an integer from 0 to 127)? Reply with ONLY the integer. Nothing else. Output only the answer.,"Listen to this audio clip of a single musical note. What is the note name and octave? Reply with ONLY the note name in Scientific Pitch Notation (e.g. C4, F#3, Bb5). Nothing else. Output only the answer.","Listen to this audio clip of a single musical note. What is the solfege syllable and accidental (if needed) of this pitch? Use fixed-do (do=C, re=D, mi=E, fa=F, sol=G, la=A, si=B). Include sharps or flats when needed (e.g. do#, reb, fa#, sib). Do NOT include the octave. Reply with ONLY the syllable and accidental (if needed). Nothing else. Output only the answer.","Listen to this audio clip of a single musical note. What is the main pitch frequency, expressed in Hertz? Reply with ONLY a number (the frequency in Hz). Nothing else. Output only the answer."
chorus_heavy,chorus,"{'type': 'chorus', 'rate_hz': 1.2, 'depth': 0.9, 'mix': 0.6}",6036,triangle,waveform,36,45,0,0,0,1,C2,C4,0,1,0,do,fa#,0,0,0,45,C4,solb,105.26,/home/hsnu2/PitchBench/data/audio/pitchbench_e2_audio_effects/C2_triangle_5000ms_fx_chorus_heavy.wav,C2_triangle_5000ms_fx_chorus_heavy.wav,Listen to this audio clip of a single musical note. What is the MIDI note number (an integer from 0 to 127)? Reply with ONLY the integer. Nothing else. Output only the answer.,"Listen to this audio clip of a single musical note. What is the note name and octave? Reply with ONLY the note name in Scientific Pitch Notation (e.g. C4, F#3, Bb5). Nothing else. Output only the answer.","Listen to this audio clip of a single musical note. What is the solfege syllable and accidental (if needed) of this pitch? Use fixed-do (do=C, re=D, mi=E, fa=F, sol=G, la=A, si=B). Include sharps or flats when needed (e.g. do#, reb, fa#, sib). Do NOT include the octave. Reply with ONLY the syllable and accidental (if needed). Nothing else. Output only the answer.","Listen to this audio clip of a single musical note. What is the main pitch frequency, expressed in Hertz? Reply with ONLY a number (the frequency in Hz). Nothing else. Output only the answer."
chorus_heavy,chorus,"{'type': 'chorus', 'rate_hz': 1.2, 'depth': 0.9, 'mix': 0.6}",6036,violin,instrument,36,45,0,0,0,1,C2,C2,1,1,1,do,fa#,0,0,1,45,C2,solb,105.26,/home/hsnu2/PitchBench/data/audio/pitchbench_e2_audio_effects/C2_violin_5000ms_fx_chorus_heavy.wav,C2_violin_5000ms_fx_chorus_heavy.wav,Listen to this audio clip of a single musical note. What is the MIDI note number (an integer from 0 to 127)? Reply with ONLY the integer. Nothing else. Output only the answer.,"Listen to this audio clip of a single musical note. What is the note name and octave? Reply with ONLY the note name in Scientific Pitch Notation (e.g. C4, F#3, Bb5). Nothing else. Output only the answer.","Listen to this audio clip of a single musical note. What is the solfege syllable and accidental (if needed) of this pitch? Use fixed-do (do=C, re=D, mi=E, fa=F, sol=G, la=A, si=B). Include sharps or flats when needed (e.g. do#, reb, fa#, sib). Do NOT include the octave. Reply with ONLY the syllable and accidental (if needed). Nothing else. Output only the answer.","Listen to this audio clip of a single musical note. What is the main pitch frequency, expressed in Hertz? Reply with ONLY a number (the frequency in Hz). Nothing else. Output only the answer."
chorus_heavy,chorus,"{'type': 'chorus', 'rate_hz': 1.2, 'depth': 0.9, 'mix': 0.6}",6036,trumpet,instrument,36,36,1,1,1,1,C2,A#2,0,0,1,do,fa#,0,0,1,36,Bb2,solb,250,/home/hsnu2/PitchBench/data/audio/pitchbench_e2_audio_effects/C2_trumpet_5000ms_fx_chorus_heavy.wav,C2_trumpet_5000ms_fx_chorus_heavy.wav,Listen to this audio clip of a single musical note. What is the MIDI note number (an integer from 0 to 127)? Reply with ONLY the integer. Nothing else. Output only the answer.,"Listen to this audio clip of a single musical note. What is the note name and octave? Reply with ONLY the note name in Scientific Pitch Notation (e.g. C4, F#3, Bb5). Nothing else. Output only the answer.","Listen to this audio clip of a single musical note. What is the solfege syllable and accidental (if needed) of this pitch? Use fixed-do (do=C, re=D, mi=E, fa=F, sol=G, la=A, si=B). Include sharps or flats when needed (e.g. do#, reb, fa#, sib). Do NOT include the octave. Reply with ONLY the syllable and accidental (if needed). Nothing else. Output only the answer.","Listen to this audio clip of a single musical note. What is the main pitch frequency, expressed in Hertz? Reply with ONLY a number (the frequency in Hz). Nothing else. Output only the answer."
chorus_heavy,chorus,"{'type': 'chorus', 'rate_hz': 1.2, 'depth': 0.9, 'mix': 0.6}",6036,voice,instrument,36,65,0,0,0,0,C2,C6,0,1,0,do,fa#,0,0,0,65,C6,solb,480,/home/hsnu2/PitchBench/data/audio/pitchbench_e2_audio_effects/C2_voice_5000ms_fx_chorus_heavy.wav,C2_voice_5000ms_fx_chorus_heavy.wav,Listen to this audio clip of a single musical note. What is the MIDI note number (an integer from 0 to 127)? Reply with ONLY the integer. Nothing else. Output only the answer.,"Listen to this audio clip of a single musical note. What is the note name and octave? Reply with ONLY the note name in Scientific Pitch Notation (e.g. C4, F#3, Bb5). Nothing else. Output only the answer.","Listen to this audio clip of a single musical note. What is the solfege syllable and accidental (if needed) of this pitch? Use fixed-do (do=C, re=D, mi=E, fa=F, sol=G, la=A, si=B). Include sharps or flats when needed (e.g. do#, reb, fa#, sib). Do NOT include the octave. Reply with ONLY the syllable and accidental (if needed). Nothing else. Output only the answer.","Listen to this audio clip of a single musical note. What is the main pitch frequency, expressed in Hertz? Reply with ONLY a number (the frequency in Hz). Nothing else. Output only the answer."
chorus_heavy,chorus,"{'type': 'chorus', 'rate_hz': 1.2, 'depth': 0.9, 'mix': 0.6}",6043,oboe,instrument,43,63,0,0,0,0,G2,C6,0,0,0,sol,fa#,0,0,0,63,C6,solb,415.30,/home/hsnu2/PitchBench/data/audio/pitchbench_e2_audio_effects/G2_oboe_5000ms_fx_chorus_heavy.wav,G2_oboe_5000ms_fx_chorus_heavy.wav,Listen to this audio clip of a single musical note. What is the MIDI note number (an integer from 0 to 127)? Reply with ONLY the integer. Nothing else. Output only the answer.,"Listen to this audio clip of a single musical note. What is the note name and octave? Reply with ONLY the note name in Scientific Pitch Notation (e.g. C4, F#3, Bb5). Nothing else. Output only the answer.","Listen to this audio clip of a single musical note. What is the solfege syllable and accidental (if needed) of this pitch? Use fixed-do (do=C, re=D, mi=E, fa=F, sol=G, la=A, si=B). Include sharps or flats when needed (e.g. do#, reb, fa#, sib). Do NOT include the octave. Reply with ONLY the syllable and accidental (if needed). Nothing else. Output only the answer.","Listen to this audio clip of a single musical note. What is the main pitch frequency, expressed in Hertz? Reply with ONLY a number (the frequency in Hz). Nothing else. Output only the answer."
chorus_heavy,chorus,"{'type': 'chorus', 'rate_hz': 1.2, 'depth': 0.9, 'mix': 0.6}",6043,electric_keyboard,instrument,43,48,0,0,0,0,G2,C6,0,0,0,sol,fa#,0,0,0,48,C6,solb,460,/home/hsnu2/PitchBench/data/audio/pitchbench_e2_audio_effects/G2_electric_keyboard_5000ms_fx_chorus_heavy.wav,G2_electric_keyboard_5000ms_fx_chorus_heavy.wav,Listen to this audio clip of a single musical note. What is the MIDI note number (an integer from 0 to 127)? Reply with ONLY the integer. Nothing else. Output only the answer.,"Listen to this audio clip of a single musical note. What is the note name and octave? Reply with ONLY the note name in Scientific Pitch Notation (e.g. C4, F#3, Bb5). Nothing else. Output only the answer.","Listen to this audio clip of a single musical note. What is the solfege syllable and accidental (if needed) of this pitch? Use fixed-do (do=C, re=D, mi=E, fa=F, sol=G, la=A, si=B). Include sharps or flats when needed (e.g. do#, reb, fa#, sib). Do NOT include the octave. Reply with ONLY the syllable and accidental (if needed). Nothing else. Output only the answer.","Listen to this audio clip of a single musical note. What is the main pitch frequency, expressed in Hertz? Reply with ONLY a number (the frequency in Hz). Nothing else. Output only the answer."
chorus_heavy,chorus,"{'type': 'chorus', 'rate_hz': 1.2, 'depth': 0.9, 'mix': 0.6}",6043,voice,instrument,43,69,0,0,0,0,G2,C6,0,0,0,sol,sol,1,0,1,69,C6,sol,436.50,/home/hsnu2/PitchBench/data/audio/pitchbench_e2_audio_effects/G2_voice_5000ms_fx_chorus_heavy.wav,G2_voice_5000ms_fx_chorus_heavy.wav,Listen to this audio clip of a single musical note. What is the MIDI note number (an integer from 0 to 127)? Reply with ONLY the integer. Nothing else. Output only the answer.,"Listen to this audio clip of a single musical note. What is the note name and octave? Reply with ONLY the note name in Scientific Pitch Notation (e.g. C4, F#3, Bb5). Nothing else. Output only the answer.","Listen to this audio clip of a single musical note. What is the solfege syllable and accidental (if needed) of this pitch? Use fixed-do (do=C, re=D, mi=E, fa=F, sol=G, la=A, si=B). Include sharps or flats when needed (e.g. do#, reb, fa#, sib). Do NOT include the octave. Reply with ONLY the syllable and accidental (if needed). Nothing else. Output only the answer.","Listen to this audio clip of a single musical note. What is the main pitch frequency, expressed in Hertz? Reply with ONLY a number (the frequency in Hz). Nothing else. Output only the answer."
chorus_heavy,chorus,"{'type': 'chorus', 'rate_hz': 1.2, 'depth': 0.9, 'mix': 0.6}",6043,synth_lead,instrument,43,65,0,0,0,0,G2,C6,0,0,0,sol,sol#,0,0,0,65,C6,sol#,480,/home/hsnu2/PitchBench/data/audio/pitchbench_e2_audio_effects/G2_synth_lead_5000ms_fx_chorus_heavy.wav,G2_synth_lead_5000ms_fx_chorus_heavy.wav,Listen to this audio clip of a single musical note. What is the MIDI note number (an integer from 0 to 127)? Reply with ONLY the integer. Nothing else. Output only the answer.,"Listen to this audio clip of a single musical note. What is the note name and octave? Reply with ONLY the note name in Scientific Pitch Notation (e.g. C4, F#3, Bb5). Nothing else. Output only the answer.","Listen to this audio clip of a single musical note. What is the solfege syllable and accidental (if needed) of this pitch? Use fixed-do (do=C, re=D, mi=E, fa=F, sol=G, la=A, si=B). Include sharps or flats when needed (e.g. do#, reb, fa#, sib). Do NOT include the octave. Reply with ONLY the syllable and accidental (if needed). Nothing else. Output only the answer.","Listen to this audio clip of a single musical note. What is the main pitch frequency, expressed in Hertz? Reply with ONLY a number (the frequency in Hz). Nothing else. Output only the answer."
chorus_heavy,chorus,"{'type': 'chorus', 'rate_hz': 1.2, 'depth': 0.9, 'mix': 0.6}",6043,triangle,waveform,43,63,0,0,0,0,G2,C6,0,0,0,sol,sol,1,0,1,63,C6,sol,480,/home/hsnu2/PitchBench/data/audio/pitchbench_e2_audio_effects/G2_triangle_5000ms_fx_chorus_heavy.wav,G2_triangle_5000ms_fx_chorus_heavy.wav,Listen to this audio clip of a single musical note. What is the MIDI note number (an integer from 0 to 127)? Reply with ONLY the integer. Nothing else. Output only the answer.,"Listen to this audio clip of a single musical note. What is the note name and octave? Reply with ONLY the note name in Scientific Pitch Notation (e.g. C4, F#3, Bb5). Nothing else. Output only the answer.","Listen to this audio clip of a single musical note. What is the solfege syllable and accidental (if needed) of this pitch? Use fixed-do (do=C, re=D, mi=E, fa=F, sol=G, la=A, si=B). Include sharps or flats when needed (e.g. do#, reb, fa#, sib). Do NOT include the octave. Reply with ONLY the syllable and accidental (if needed). Nothing else. Output only the answer.","Listen to this audio clip of a single musical note. What is the main pitch frequency, expressed in Hertz? Reply with ONLY a number (the frequency in Hz). Nothing else. Output only the answer."
chorus_heavy,chorus,"{'type': 'chorus', 'rate_hz': 1.2, 'depth': 0.9, 'mix': 0.6}",6048,trumpet,instrument,48,64,0,0,0,0,C3,C6,0,1,0,do,sol,0,0,0,64,C6,sol,415.38,/home/hsnu2/PitchBench/data/audio/pitchbench_e2_audio_effects/C3_trumpet_5000ms_fx_chorus_heavy.wav,C3_trumpet_5000ms_fx_chorus_heavy.wav,Listen to this audio clip of a single musical note. What is the MIDI note number (an integer from 0 to 127)? Reply with ONLY the integer. Nothing else. Output only the answer.,"Listen to this audio clip of a single musical note. What is the note name and octave? Reply with ONLY the note name in Scientific Pitch Notation (e.g. C4, F#3, Bb5). Nothing else. Output only the answer.","Listen to this audio clip of a single musical note. What is the solfege syllable and accidental (if needed) of this pitch? Use fixed-do (do=C, re=D, mi=E, fa=F, sol=G, la=A, si=B). Include sharps or flats when needed (e.g. do#, reb, fa#, sib). Do NOT include the octave. Reply with ONLY the syllable and accidental (if needed). Nothing else. Output only the answer.","Listen to this audio clip of a single musical note. What is the main pitch frequency, expressed in Hertz? Reply with ONLY a number (the frequency in Hz). Nothing else. Output only the answer."
chorus_heavy,chorus,"{'type': 'chorus', 'rate_hz': 1.2, 'depth': 0.9, 'mix': 0.6}",6048,square,waveform,48,63,0,0,0,0,C3,C6,0,1,0,do,sol,0,0,0,63,C6,sol,480,/home/hsnu2/PitchBench/data/audio/pitchbench_e2_audio_effects/C3_square_5000ms_fx_chorus_heavy.wav,C3_square_5000ms_fx_chorus_heavy.wav,Listen to this audio clip of a single musical note. What is the MIDI note number (an integer from 0 to 127)? Reply with ONLY the integer. Nothing else. Output only the answer.,"Listen to this audio clip of a single musical note. What is the note name and octave? Reply with ONLY the note name in Scientific Pitch Notation (e.g. C4, F#3, Bb5). Nothing else. Output only the answer.","Listen to this audio clip of a single musical note. What is the solfege syllable and accidental (if needed) of this pitch? Use fixed-do (do=C, re=D, mi=E, fa=F, sol=G, la=A, si=B). Include sharps or flats when needed (e.g. do#, reb, fa#, sib). Do NOT include the octave. Reply with ONLY the syllable and accidental (if needed). Nothing else. Output only the answer.","Listen to this audio clip of a single musical note. What is the main pitch frequency, expressed in Hertz? Reply with ONLY a number (the frequency in Hz). Nothing else. Output only the answer."
chorus_heavy,chorus,"{'type': 'chorus', 'rate_hz': 1.2, 'depth': 0.9, 'mix': 0.6}",6048,electric_keyboard,instrument,48,64,0,0,0,0,C3,C6,0,1,0,do,fa#,0,0,0,64,C6,solb,480,/home/hsnu2/PitchBench/data/audio/pitchbench_e2_audio_effects/C3_electric_keyboard_5000ms_fx_chorus_heavy.wav,C3_electric_keyboard_5000ms_fx_chorus_heavy.wav,Listen to this audio clip of a single musical note. What is the MIDI note number (an integer from 0 to 127)? Reply with ONLY the integer. Nothing else. Output only the answer.,"Listen to this audio clip of a single musical note. What is the note name and octave? Reply with ONLY the note name in Scientific Pitch Notation (e.g. C4, F#3, Bb5). Nothing else. Output only the answer.","Listen to this audio clip of a single musical note. What is the solfege syllable and accidental (if needed) of this pitch? Use fixed-do (do=C, re=D, mi=E, fa=F, sol=G, la=A, si=B). Include sharps or flats when needed (e.g. do#, reb, fa#, sib). Do NOT include the octave. Reply with ONLY the syllable and accidental (if needed). Nothing else. Output only the answer.","Listen to this audio clip of a single musical note. What is the main pitch frequency, expressed in Hertz? Reply with ONLY a number (the frequency in Hz). Nothing else. Output only the answer."
chorus_heavy,chorus,"{'type': 'chorus', 'rate_hz': 1.2, 'depth': 0.9, 'mix': 0.6}",6048,flute,instrument,48,63,0,0,0,0,C3,C6,0,1,0,do,fa#,0,0,0,63,C6,solb,415.30,/home/hsnu2/PitchBench/data/audio/pitchbench_e2_audio_effects/C3_flute_5000ms_fx_chorus_heavy.wav,C3_flute_5000ms_fx_chorus_heavy.wav,Listen to this audio clip of a single musical note. What is the MIDI note number (an integer from 0 to 127)? Reply with ONLY the integer. Nothing else. Output only the answer.,"Listen to this audio clip of a single musical note. What is the note name and octave? Reply with ONLY the note name in Scientific Pitch Notation (e.g. C4, F#3, Bb5). Nothing else. Output only the answer.","Listen to this audio clip of a single musical note. What is the solfege syllable and accidental (if needed) of this pitch? Use fixed-do (do=C, re=D, mi=E, fa=F, sol=G, la=A, si=B). Include sharps or flats when needed (e.g. do#, reb, fa#, sib). Do NOT include the octave. Reply with ONLY the syllable and accidental (if needed). Nothing else. Output only the answer.","Listen to this audio clip of a single musical note. What is the main pitch frequency, expressed in Hertz? Reply with ONLY a number (the frequency in Hz). Nothing else. Output only the answer."
chorus_heavy,chorus,"{'type': 'chorus', 'rate_hz': 1.2, 'depth': 0.9, 'mix': 0.6}",6048,synth_pad,instrument,48,64,0,0,0,0,C3,C6,0,1,0,do,fa#,0,0,0,64,C6,solb,480,/home/hsnu2/PitchBench/data/audio/pitchbench_e2_audio_effects/C3_synth_pad_5000ms_fx_chorus_heavy.wav,C3_synth_pad_5000ms_fx_chorus_heavy.wav,Listen to this audio clip of a single musical note. What is the MIDI note number (an integer from 0 to 127)? Reply with ONLY the integer. Nothing else. Output only the answer.,"Listen to this audio clip of a single musical note. What is the note name and octave? Reply with ONLY the note name in Scientific Pitch Notation (e.g. C4, F#3, Bb5). Nothing else. Output only the answer.","Listen to this audio clip of a single musical note. What is the solfege syllable and accidental (if needed) of this pitch? Use fixed-do (do=C, re=D, mi=E, fa=F, sol=G, la=A, si=B). Include sharps or flats when needed (e.g. do#, reb, fa#, sib). Do NOT include the octave. Reply with ONLY the syllable and accidental (if needed). Nothing else. Output only the answer.","Listen to this audio clip of a single musical note. What is the main pitch frequency, expressed in Hertz? Reply with ONLY a number (the frequency in Hz). Nothing else. Output only the answer."
chorus_heavy,chorus,"{'type': 'chorus', 'rate_hz': 1.2, 'depth': 0.9, 'mix': 0.6}",6054,organ,instrument,54,69,0,0,0,0,F#3,C6,0,0,0,fa#,sol#,0,0,0,69,C6,sol#,480,/home/hsnu2/PitchBench/data/audio/pitchbench_e2_audio_effects/Fs3_organ_5000ms_fx_chorus_heavy.wav,Fs3_organ_5000ms_fx_chorus_heavy.wav,Listen to this audio clip of a single musical note. What is the MIDI note number (an integer from 0 to 127)? Reply with ONLY the integer. Nothing else. Output only the answer.,"Listen to this audio clip of a single musical note. What is the note name and octave? Reply with ONLY the note name in Scientific Pitch Notation (e.g. C4, F#3, Bb5). Nothing else. Output only the answer.","Listen to this audio clip of a single musical note. What is the solfege syllable and accidental (if needed) of this pitch? Use fixed-do (do=C, re=D, mi=E, fa=F, sol=G, la=A, si=B). Include sharps or flats when needed (e.g. do#, reb, fa#, sib). Do NOT include the octave. Reply with ONLY the syllable and accidental (if needed). Nothing else. Output only the answer.","Listen to this audio clip of a single musical note. What is the main pitch frequency, expressed in Hertz? Reply with ONLY a number (the frequency in Hz). Nothing else. Output only the answer."
chorus_heavy,chorus,"{'type': 'chorus', 'rate_hz': 1.2, 'depth': 0.9, 'mix': 0.6}",6054,violin,instrument,54,65,0,0,0,0,F#3,C6,0,0,0,fa#,fa#,1,0,1,65,C6,solb,415.38,/home/hsnu2/PitchBench/data/audio/pitchbench_e2_audio_effects/Fs3_violin_5000ms_fx_chorus_heavy.wav,Fs3_violin_5000ms_fx_chorus_heavy.wav,Listen to this audio clip of a single musical note. What is the MIDI note number (an integer from 0 to 127)? Reply with ONLY the integer. Nothing else. Output only the answer.,"Listen to this audio clip of a single musical note. What is the note name and octave? Reply with ONLY the note name in Scientific Pitch Notation (e.g. C4, F#3, Bb5). Nothing else. Output only the answer.","Listen to this audio clip of a single musical note. What is the solfege syllable and accidental (if needed) of this pitch? Use fixed-do (do=C, re=D, mi=E, fa=F, sol=G, la=A, si=B). Include sharps or flats when needed (e.g. do#, reb, fa#, sib). Do NOT include the octave. Reply with ONLY the syllable and accidental (if needed). Nothing else. Output only the answer.","Listen to this audio clip of a single musical note. What is the main pitch frequency, expressed in Hertz? Reply with ONLY a number (the frequency in Hz). Nothing else. Output only the answer."
chorus_heavy,chorus,"{'type': 'chorus', 'rate_hz': 1.2, 'depth': 0.9, 'mix': 0.6}",6054,trumpet,instrument,54,63,0,0,0,0,F#3,C6,0,0,0,fa#,sol#,0,0,0,63,C6,sol#,415.38,/home/hsnu2/PitchBench/data/audio/pitchbench_e2_audio_effects/Fs3_trumpet_5000ms_fx_chorus_heavy.wav,Fs3_trumpet_5000ms_fx_chorus_heavy.wav,Listen to this audio clip of a single musical note. What is the MIDI note number (an integer from 0 to 127)? Reply with ONLY the integer. Nothing else. Output only the answer.,"Listen to this audio clip of a single musical note. What is the note name and octave? Reply with ONLY the note name in Scientific Pitch Notation (e.g. C4, F#3, Bb5). Nothing else. Output only the answer.","Listen to this audio clip of a single musical note. What is the solfege syllable and accidental (if needed) of this pitch? Use fixed-do (do=C, re=D, mi=E, fa=F, sol=G, la=A, si=B). Include sharps or flats when needed (e.g. do#, reb, fa#, sib). Do NOT include the octave. Reply with ONLY the syllable and accidental (if needed). Nothing else. Output only the answer.","Listen to this audio clip of a single musical note. What is the main pitch frequency, expressed in Hertz? Reply with ONLY a number (the frequency in Hz). Nothing else. Output only the answer."
chorus_heavy,chorus,"{'type': 'chorus', 'rate_hz': 1.2, 'depth': 0.9, 'mix': 0.6}",6054,flute,instrument,54,63,0,0,0,0,F#3,C6,0,0,0,fa#,fa#,1,0,1,63,C6,solb,415.38,/home/hsnu2/PitchBench/data/audio/pitchbench_e2_audio_effects/Fs3_flute_5000ms_fx_chorus_heavy.wav,Fs3_flute_5000ms_fx_chorus_heavy.wav,Listen to this audio clip of a single musical note. What is the MIDI note number (an integer from 0 to 127)? Reply with ONLY the integer. Nothing else. Output only the answer.,"Listen to this audio clip of a single musical note. What is the note name and octave? Reply with ONLY the note name in Scientific Pitch Notation (e.g. C4, F#3, Bb5). Nothing else. Output only the answer.","Listen to this audio clip of a single musical note. What is the solfege syllable and accidental (if needed) of this pitch? Use fixed-do (do=C, re=D, mi=E, fa=F, sol=G, la=A, si=B). Include sharps or flats when needed (e.g. do#, reb, fa#, sib). Do NOT include the octave. Reply with ONLY the syllable and accidental (if needed). Nothing else. Output only the answer.","Listen to this audio clip of a single musical note. What is the main pitch frequency, expressed in Hertz? Reply with ONLY a number (the frequency in Hz). Nothing else. Output only the answer."
chorus_heavy,chorus,"{'type': 'chorus', 'rate_hz': 1.2, 'depth': 0.9, 'mix': 0.6}",6054,clarinet,instrument,54,65,0,0,0,0,F#3,C6,0,0,0,fa#,fa#,1,0,1,65,C6,solb,415.38,/home/hsnu2/PitchBench/data/audio/pitchbench_e2_audio_effects/Fs3_clarinet_5000ms_fx_chorus_heavy.wav,Fs3_clarinet_5000ms_fx_chorus_heavy.wav,Listen to this audio clip of a single musical note. What is the MIDI note number (an integer from 0 to 127)? Reply with ONLY the integer. Nothing else. Output only the answer.,"Listen to this audio clip of a single musical note. What is the note name and octave? Reply with ONLY the note name in Scientific Pitch Notation (e.g. C4, F#3, Bb5). Nothing else. Output only the answer.","Listen to this audio clip of a single musical note. What is the solfege syllable and accidental (if needed) of this pitch? Use fixed-do (do=C, re=D, mi=E, fa=F, sol=G, la=A, si=B). Include sharps or flats when needed (e.g. do#, reb, fa#, sib). Do NOT include the octave. Reply with ONLY the syllable and accidental (if needed). Nothing else. Output only the answer.","Listen to this audio clip of a single musical note. What is the main pitch frequency, expressed in Hertz? Reply with ONLY a number (the frequency in Hz). Nothing else. Output only the answer."
chorus_heavy,chorus,"{'type': 'chorus', 'rate_hz': 1.2, 'depth': 0.9, 'mix': 0.6}",6060,clarinet,instrument,60,65,0,0,0,1,C4,C6,0,1,0,do,fa#,0,0,0,65,C6,solb,480,/home/hsnu2/PitchBench/data/audio/pitchbench_e2_audio_effects/C4_clarinet_5000ms_fx_chorus_heavy.wav,C4_clarinet_5000ms_fx_chorus_heavy.wav,Listen to this audio clip of a single musical note. What is the MIDI note number (an integer from 0 to 127)? Reply with ONLY the integer. Nothing else. Output only the answer.,"Listen to this audio clip of a single musical note. What is the note name and octave? Reply with ONLY the note name in Scientific Pitch Notation (e.g. C4, F#3, Bb5). Nothing else. Output only the answer.","Listen to this audio clip of a single musical note. What is the solfege syllable and accidental (if needed) of this pitch? Use fixed-do (do=C, re=D, mi=E, fa=F, sol=G, la=A, si=B). Include sharps or flats when needed (e.g. do#, reb, fa#, sib). Do NOT include the octave. Reply with ONLY the syllable and accidental (if needed). Nothing else. Output only the answer.","Listen to this audio clip of a single musical note. What is the main pitch frequency, expressed in Hertz? Reply with ONLY a number (the frequency in Hz). Nothing else. Output only the answer."
chorus_heavy,chorus,"{'type': 'chorus', 'rate_hz': 1.2, 'depth': 0.9, 'mix': 0.6}",6060,sawtooth,waveform,60,63,0,0,0,1,C4,C6,0,1,0,do,sol,0,0,0,63,C6,sol,480,/home/hsnu2/PitchBench/data/audio/pitchbench_e2_audio_effects/C4_sawtooth_5000ms_fx_chorus_heavy.wav,C4_sawtooth_5000ms_fx_chorus_heavy.wav,Listen to this audio clip of a single musical note. What is the MIDI note number (an integer from 0 to 127)? Reply with ONLY the integer. Nothing else. Output only the answer.,"Listen to this audio clip of a single musical note. What is the note name and octave? Reply with ONLY the note name in Scientific Pitch Notation (e.g. C4, F#3, Bb5). Nothing else. Output only the answer.","Listen to this audio clip of a single musical note. What is the solfege syllable and accidental (if needed) of this pitch? Use fixed-do (do=C, re=D, mi=E, fa=F, sol=G, la=A, si=B). Include sharps or flats when needed (e.g. do#, reb, fa#, sib). Do NOT include the octave. Reply with ONLY the syllable and accidental (if needed). Nothing else. Output only the answer.","Listen to this audio clip of a single musical note. What is the main pitch frequency, expressed in Hertz? Reply with ONLY a number (the frequency in Hz). Nothing else. Output only the answer."
chorus_heavy,chorus,"{'type': 'chorus', 'rate_hz': 1.2, 'depth': 0.9, 'mix': 0.6}",6060,flute,instrument,60,63,0,0,0,1,C4,C6,0,1,0,do,fa#,0,0,0,63,C6,solb,415.30,/home/hsnu2/PitchBench/data/audio/pitchbench_e2_audio_effects/C4_flute_5000ms_fx_chorus_heavy.wav,C4_flute_5000ms_fx_chorus_heavy.wav,Listen to this audio clip of a single musical note. What is the MIDI note number (an integer from 0 to 127)? Reply with ONLY the integer. Nothing else. Output only the answer.,"Listen to this audio clip of a single musical note. What is the note name and octave? Reply with ONLY the note name in Scientific Pitch Notation (e.g. C4, F#3, Bb5). Nothing else. Output only the answer.","Listen to this audio clip of a single musical note. What is the solfege syllable and accidental (if needed) of this pitch? Use fixed-do (do=C, re=D, mi=E, fa=F, sol=G, la=A, si=B). Include sharps or flats when needed (e.g. do#, reb, fa#, sib). Do NOT include the octave. Reply with ONLY the syllable and accidental (if needed). Nothing else. Output only the answer.","Listen to this audio clip of a single musical note. What is the main pitch frequency, expressed in Hertz? Reply with ONLY a number (the frequency in Hz). Nothing else. Output only the answer."
chorus_heavy,chorus,"{'type': 'chorus', 'rate_hz': 1.2, 'depth': 0.9, 'mix': 0.6}",6060,synth_pad,instrument,60,64,0,0,0,1,C4,C6,0,1,0,do,sol#,0,0,0,64,C6,sol#,480,/home/hsnu2/PitchBench/data/audio/pitchbench_e2_audio_effects/C4_synth_pad_5000ms_fx_chorus_heavy.wav,C4_synth_pad_5000ms_fx_chorus_heavy.wav,Listen to this audio clip of a single musical note. What is the MIDI note number (an integer from 0 to 127)? Reply with ONLY the integer. Nothing else. Output only the answer.,"Listen to this audio clip of a single musical note. What is the note name and octave? Reply with ONLY the note name in Scientific Pitch Notation (e.g. C4, F#3, Bb5). Nothing else. Output only the answer.","Listen to this audio clip of a single musical note. What is the solfege syllable and accidental (if needed) of this pitch? Use fixed-do (do=C, re=D, mi=E, fa=F, sol=G, la=A, si=B). Include sharps or flats when needed (e.g. do#, reb, fa#, sib). Do NOT include the octave. Reply with ONLY the syllable and accidental (if needed). Nothing else. Output only the answer.","Listen to this audio clip of a single musical note. What is the main pitch frequency, expressed in Hertz? Reply with ONLY a number (the frequency in Hz). Nothing else. Output only the answer."
chorus_heavy,chorus,"{'type': 'chorus', 'rate_hz': 1.2, 'depth': 0.9, 'mix': 0.6}",6060,violin,instrument,60,65,0,0,0,1,C4,C6,0,1,0,do,sol#,0,0,0,65,C6,sol#,480,/home/hsnu2/PitchBench/data/audio/pitchbench_e2_audio_effects/C4_violin_5000ms_fx_chorus_heavy.wav,C4_violin_5000ms_fx_chorus_heavy.wav,Listen to this audio clip of a single musical note. What is the MIDI note number (an integer from 0 to 127)? Reply with ONLY the integer. Nothing else. Output only the answer.,"Listen to this audio clip of a single musical note. What is the note name and octave? Reply with ONLY the note name in Scientific Pitch Notation (e.g. C4, F#3, Bb5). Nothing else. Output only the answer.","Listen to this audio clip of a single musical note. What is the solfege syllable and accidental (if needed) of this pitch? Use fixed-do (do=C, re=D, mi=E, fa=F, sol=G, la=A, si=B). Include sharps or flats when needed (e.g. do#, reb, fa#, sib). Do NOT include the octave. Reply with ONLY the syllable and accidental (if needed). Nothing else. Output only the answer.","Listen to this audio clip of a single musical note. What is the main pitch frequency, expressed in Hertz? Reply with ONLY a number (the frequency in Hz). Nothing else. Output only the answer."
chorus_heavy,chorus,"{'type': 'chorus', 'rate_hz': 1.2, 'depth': 0.9, 'mix': 0.6}",6064,clarinet,instrument,64,69,0,0,0,1,E4,C6,0,0,0,mi,sol#,0,0,0,69,C6,sol#,415.30,/home/hsnu2/PitchBench/data/audio/pitchbench_e2_audio_effects/E4_clarinet_5000ms_fx_chorus_heavy.wav,E4_clarinet_5000ms_fx_chorus_heavy.wav,Listen to this audio clip of a single musical note. What is the MIDI note number (an integer from 0 to 127)? Reply with ONLY the integer. Nothing else. Output only the answer.,"Listen to this audio clip of a single musical note. What is the note name and octave? Reply with ONLY the note name in Scientific Pitch Notation (e.g. C4, F#3, Bb5). Nothing else. Output only the answer.","Listen to this audio clip of a single musical note. What is the solfege syllable and accidental (if needed) of this pitch? Use fixed-do (do=C, re=D, mi=E, fa=F, sol=G, la=A, si=B). Include sharps or flats when needed (e.g. do#, reb, fa#, sib). Do NOT include the octave. Reply with ONLY the syllable and accidental (if needed). Nothing else. Output only the answer.","Listen to this audio clip of a single musical note. What is the main pitch frequency, expressed in Hertz? Reply with ONLY a number (the frequency in Hz). Nothing else. Output only the answer."
chorus_heavy,chorus,"{'type': 'chorus', 'rate_hz': 1.2, 'depth': 0.9, 'mix': 0.6}",6064,violin,instrument,64,69,0,0,0,1,E4,C6,0,0,0,mi,sol#,0,0,0,69,C6,sol#,415.38,/home/hsnu2/PitchBench/data/audio/pitchbench_e2_audio_effects/E4_violin_5000ms_fx_chorus_heavy.wav,E4_violin_5000ms_fx_chorus_heavy.wav,Listen to this audio clip of a single musical note. What is the MIDI note number (an integer from 0 to 127)? Reply with ONLY the integer. Nothing else. Output only the answer.,"Listen to this audio clip of a single musical note. What is the note name and octave? Reply with ONLY the note name in Scientific Pitch Notation (e.g. C4, F#3, Bb5). Nothing else. Output only the answer.","Listen to this audio clip of a single musical note. What is the solfege syllable and accidental (if needed) of this pitch? Use fixed-do (do=C, re=D, mi=E, fa=F, sol=G, la=A, si=B). Include sharps or flats when needed (e.g. do#, reb, fa#, sib). Do NOT include the octave. Reply with ONLY the syllable and accidental (if needed). Nothing else. Output only the answer.","Listen to this audio clip of a single musical note. What is the main pitch frequency, expressed in Hertz? Reply with ONLY a number (the frequency in Hz). Nothing else. Output only the answer."
chorus_heavy,chorus,"{'type': 'chorus', 'rate_hz': 1.2, 'depth': 0.9, 'mix': 0.6}",6064,trumpet,instrument,64,69,0,0,0,1,E4,C6,0,0,0,mi,sol#,0,0,0,69,C6,sol#,415.30,/home/hsnu2/PitchBench/data/audio/pitchbench_e2_audio_effects/E4_trumpet_5000ms_fx_chorus_heavy.wav,E4_trumpet_5000ms_fx_chorus_heavy.wav,Listen to this audio clip of a single musical note. What is the MIDI note number (an integer from 0 to 127)? Reply with ONLY the integer. Nothing else. Output only the answer.,"Listen to this audio clip of a single musical note. What is the note name and octave? Reply with ONLY the note name in Scientific Pitch Notation (e.g. C4, F#3, Bb5). Nothing else. Output only the answer.","Listen to this audio clip of a single musical note. What is the solfege syllable and accidental (if needed) of this pitch? Use fixed-do (do=C, re=D, mi=E, fa=F, sol=G, la=A, si=B). Include sharps or flats when needed (e.g. do#, reb, fa#, sib). Do NOT include the octave. Reply with ONLY the syllable and accidental (if needed). Nothing else. Output only the answer.","Listen to this audio clip of a single musical note. What is the main pitch frequency, expressed in Hertz? Reply with ONLY a number (the frequency in Hz). Nothing else. Output only the answer."
chorus_heavy,chorus,"{'type': 'chorus', 'rate_hz': 1.2, 'depth': 0.9, 'mix': 0.6}",6064,square,waveform,64,64,1,1,1,1,E4,C6,0,0,0,mi,fa#,0,0,1,64,C6,solb,1058.47,/home/hsnu2/PitchBench/data/audio/pitchbench_e2_audio_effects/E4_square_5000ms_fx_chorus_heavy.wav,E4_square_5000ms_fx_chorus_heavy.wav,Listen to this audio clip of a single musical note. What is the MIDI note number (an integer from 0 to 127)? Reply with ONLY the integer. Nothing else. Output only the answer.,"Listen to this audio clip of a single musical note. What is the note name and octave? Reply with ONLY the note name in Scientific Pitch Notation (e.g. C4, F#3, Bb5). Nothing else. Output only the answer.","Listen to this audio clip of a single musical note. What is the solfege syllable and accidental (if needed) of this pitch? Use fixed-do (do=C, re=D, mi=E, fa=F, sol=G, la=A, si=B). Include sharps or flats when needed (e.g. do#, reb, fa#, sib). Do NOT include the octave. Reply with ONLY the syllable and accidental (if needed). Nothing else. Output only the answer.","Listen to this audio clip of a single musical note. What is the main pitch frequency, expressed in Hertz? Reply with ONLY a number (the frequency in Hz). Nothing else. Output only the answer."
chorus_heavy,chorus,"{'type': 'chorus', 'rate_hz': 1.2, 'depth': 0.9, 'mix': 0.6}",6064,triangle,waveform,64,69,0,0,0,1,E4,C6,0,0,0,mi,sol,0,0,0,69,C6,sol,480,/home/hsnu2/PitchBench/data/audio/pitchbench_e2_audio_effects/E4_triangle_5000ms_fx_chorus_heavy.wav,E4_triangle_5000ms_fx_chorus_heavy.wav,Listen to this audio clip of a single musical note. What is the MIDI note number (an integer from 0 to 127)? Reply with ONLY the integer. Nothing else. Output only the answer.,"Listen to this audio clip of a single musical note. What is the note name and octave? Reply with ONLY the note name in Scientific Pitch Notation (e.g. C4, F#3, Bb5). Nothing else. Output only the answer.","Listen to this audio clip of a single musical note. What is the solfege syllable and accidental (if needed) of this pitch? Use fixed-do (do=C, re=D, mi=E, fa=F, sol=G, la=A, si=B). Include sharps or flats when needed (e.g. do#, reb, fa#, sib). Do NOT include the octave. Reply with ONLY the syllable and accidental (if needed). Nothing else. Output only the answer.","Listen to this audio clip of a single musical note. What is the main pitch frequency, expressed in Hertz? Reply with ONLY a number (the frequency in Hz). Nothing else. Output only the answer."
chorus_heavy,chorus,"{'type': 'chorus', 'rate_hz': 1.2, 'depth': 0.9, 'mix': 0.6}",6069,voice,instrument,69,69,1,1,1,1,A4,C6,0,0,0,la,sol,0,0,1,69,C6,sol,415.30,/home/hsnu2/PitchBench/data/audio/pitchbench_e2_audio_effects/A4_voice_5000ms_fx_chorus_heavy.wav,A4_voice_5000ms_fx_chorus_heavy.wav,Listen to this audio clip of a single musical note. What is the MIDI note number (an integer from 0 to 127)? Reply with ONLY the integer. Nothing else. Output only the answer.,"Listen to this audio clip of a single musical note. What is the note name and octave? Reply with ONLY the note name in Scientific Pitch Notation (e.g. C4, F#3, Bb5). Nothing else. Output only the answer.","Listen to this audio clip of a single musical note. What is the solfege syllable and accidental (if needed) of this pitch? Use fixed-do (do=C, re=D, mi=E, fa=F, sol=G, la=A, si=B). Include sharps or flats when needed (e.g. do#, reb, fa#, sib). Do NOT include the octave. Reply with ONLY the syllable and accidental (if needed). Nothing else. Output only the answer.","Listen to this audio clip of a single musical note. What is the main pitch frequency, expressed in Hertz? Reply with ONLY a number (the frequency in Hz). Nothing else. Output only the answer."
chorus_heavy,chorus,"{'type': 'chorus', 'rate_hz': 1.2, 'depth': 0.9, 'mix': 0.6}",6069,clarinet,instrument,69,69,1,1,1,1,A4,C6,0,0,0,la,sol#,0,0,1,69,C6,sol#,450,/home/hsnu2/PitchBench/data/audio/pitchbench_e2_audio_effects/A4_clarinet_5000ms_fx_chorus_heavy.wav,A4_clarinet_5000ms_fx_chorus_heavy.wav,Listen to this audio clip of a single musical note. What is the MIDI note number (an integer from 0 to 127)? Reply with ONLY the integer. Nothing else. Output only the answer.,"Listen to this audio clip of a single musical note. What is the note name and octave? Reply with ONLY the note name in Scientific Pitch Notation (e.g. C4, F#3, Bb5). Nothing else. Output only the answer.","Listen to this audio clip of a single musical note. What is the solfege syllable and accidental (if needed) of this pitch? Use fixed-do (do=C, re=D, mi=E, fa=F, sol=G, la=A, si=B). Include sharps or flats when needed (e.g. do#, reb, fa#, sib). Do NOT include the octave. Reply with ONLY the syllable and accidental (if needed). Nothing else. Output only the answer.","Listen to this audio clip of a single musical note. What is the main pitch frequency, expressed in Hertz? Reply with ONLY a number (the frequency in Hz). Nothing else. Output only the answer."
chorus_heavy,chorus,"{'type': 'chorus', 'rate_hz': 1.2, 'depth': 0.9, 'mix': 0.6}",6069,guitar,instrument,69,69,1,1,1,1,A4,A7,0,1,0,la,sol,0,0,1,69,A7,sol,460,/home/hsnu2/PitchBench/data/audio/pitchbench_e2_audio_effects/A4_guitar_5000ms_fx_chorus_heavy.wav,A4_guitar_5000ms_fx_chorus_heavy.wav,Listen to this audio clip of a single musical note. What is the MIDI note number (an integer from 0 to 127)? Reply with ONLY the integer. Nothing else. Output only the answer.,"Listen to this audio clip of a single musical note. What is the note name and octave? Reply with ONLY the note name in Scientific Pitch Notation (e.g. C4, F#3, Bb5). Nothing else. Output only the answer.","Listen to this audio clip of a single musical note. What is the solfege syllable and accidental (if needed) of this pitch? Use fixed-do (do=C, re=D, mi=E, fa=F, sol=G, la=A, si=B). Include sharps or flats when needed (e.g. do#, reb, fa#, sib). Do NOT include the octave. Reply with ONLY the syllable and accidental (if needed). Nothing else. Output only the answer.","Listen to this audio clip of a single musical note. What is the main pitch frequency, expressed in Hertz? Reply with ONLY a number (the frequency in Hz). Nothing else. Output only the answer."
chorus_heavy,chorus,"{'type': 'chorus', 'rate_hz': 1.2, 'depth': 0.9, 'mix': 0.6}",6069,bass,instrument,69,69,1,1,1,1,A4,C6,0,0,0,la,sol#,0,0,1,69,C6,sol#,460,/home/hsnu2/PitchBench/data/audio/pitchbench_e2_audio_effects/A4_bass_5000ms_fx_chorus_heavy.wav,A4_bass_5000ms_fx_chorus_heavy.wav,Listen to this audio clip of a single musical note. What is the MIDI note number (an integer from 0 to 127)? Reply with ONLY the integer. Nothing else. Output only the answer.,"Listen to this audio clip of a single musical note. What is the note name and octave? Reply with ONLY the note name in Scientific Pitch Notation (e.g. C4, F#3, Bb5). Nothing else. Output only the answer.","Listen to this audio clip of a single musical note. What is the solfege syllable and accidental (if needed) of this pitch? Use fixed-do (do=C, re=D, mi=E, fa=F, sol=G, la=A, si=B). Include sharps or flats when needed (e.g. do#, reb, fa#, sib). Do NOT include the octave. Reply with ONLY the syllable and accidental (if needed). Nothing else. Output only the answer.","Listen to this audio clip of a single musical note. What is the main pitch frequency, expressed in Hertz? Reply with ONLY a number (the frequency in Hz). Nothing else. Output only the answer."
chorus_heavy,chorus,"{'type': 'chorus', 'rate_hz': 1.2, 'depth': 0.9, 'mix': 0.6}",6069,synth_lead,instrument,69,69,1,1,1,1,A4,C6,0,0,0,la,sol#,0,0,1,69,C6,sol#,480,/home/hsnu2/PitchBench/data/audio/pitchbench_e2_audio_effects/A4_synth_lead_5000ms_fx_chorus_heavy.wav,A4_synth_lead_5000ms_fx_chorus_heavy.wav,Listen to this audio clip of a single musical note. What is the MIDI note number (an integer from 0 to 127)? Reply with ONLY the integer. Nothing else. Output only the answer.,"Listen to this audio clip of a single musical note. What is the note name and octave? Reply with ONLY the note name in Scientific Pitch Notation (e.g. C4, F#3, Bb5). Nothing else. Output only the answer.","Listen to this audio clip of a single musical note. What is the solfege syllable and accidental (if needed) of this pitch? Use fixed-do (do=C, re=D, mi=E, fa=F, sol=G, la=A, si=B). Include sharps or flats when needed (e.g. do#, reb, fa#, sib). Do NOT include the octave. Reply with ONLY the syllable and accidental (if needed). Nothing else. Output only the answer.","Listen to this audio clip of a single musical note. What is the main pitch frequency, expressed in Hertz? Reply with ONLY a number (the frequency in Hz). Nothing else. Output only the answer."
chorus_heavy,chorus,"{'type': 'chorus', 'rate_hz': 1.2, 'depth': 0.9, 'mix': 0.6}",6079,organ,instrument,79,68,0,0,0,0,G5,C6,0,0,0,sol,sol#,0,0,0,68,C6,sol#,1046.57,/home/hsnu2/PitchBench/data/audio/pitchbench_e2_audio_effects/G5_organ_5000ms_fx_chorus_heavy.wav,G5_organ_5000ms_fx_chorus_heavy.wav,Listen to this audio clip of a single musical note. What is the MIDI note number (an integer from 0 to 127)? Reply with ONLY the integer. Nothing else. Output only the answer.,"Listen to this audio clip of a single musical note. What is the note name and octave? Reply with ONLY the note name in Scientific Pitch Notation (e.g. C4, F#3, Bb5). Nothing else. Output only the answer.","Listen to this audio clip of a single musical note. What is the solfege syllable and accidental (if needed) of this pitch? Use fixed-do (do=C, re=D, mi=E, fa=F, sol=G, la=A, si=B). Include sharps or flats when needed (e.g. do#, reb, fa#, sib). Do NOT include the octave. Reply with ONLY the syllable and accidental (if needed). Nothing else. Output only the answer.","Listen to this audio clip of a single musical note. What is the main pitch frequency, expressed in Hertz? Reply with ONLY a number (the frequency in Hz). Nothing else. Output only the answer."
chorus_heavy,chorus,"{'type': 'chorus', 'rate_hz': 1.2, 'depth': 0.9, 'mix': 0.6}",6079,piano,instrument,79,68,0,0,0,0,G5,C6,0,0,0,sol,sol,1,0,1,68,C6,sol,450,/home/hsnu2/PitchBench/data/audio/pitchbench_e2_audio_effects/G5_piano_5000ms_fx_chorus_heavy.wav,G5_piano_5000ms_fx_chorus_heavy.wav,Listen to this audio clip of a single musical note. What is the MIDI note number (an integer from 0 to 127)? Reply with ONLY the integer. Nothing else. Output only the answer.,"Listen to this audio clip of a single musical note. What is the note name and octave? Reply with ONLY the note name in Scientific Pitch Notation (e.g. C4, F#3, Bb5). Nothing else. Output only the answer.","Listen to this audio clip of a single musical note. What is the solfege syllable and accidental (if needed) of this pitch? Use fixed-do (do=C, re=D, mi=E, fa=F, sol=G, la=A, si=B). Include sharps or flats when needed (e.g. do#, reb, fa#, sib). Do NOT include the octave. Reply with ONLY the syllable and accidental (if needed). Nothing else. Output only the answer.","Listen to this audio clip of a single musical note. What is the main pitch frequency, expressed in Hertz? Reply with ONLY a number (the frequency in Hz). Nothing else. Output only the answer."
chorus_heavy,chorus,"{'type': 'chorus', 'rate_hz': 1.2, 'depth': 0.9, 'mix': 0.6}",6079,trumpet,instrument,79,68,0,0,0,0,G5,C6,0,0,0,sol,sol#,0,0,0,68,C6,sol#,1046.57,/home/hsnu2/PitchBench/data/audio/pitchbench_e2_audio_effects/G5_trumpet_5000ms_fx_chorus_heavy.wav,G5_trumpet_5000ms_fx_chorus_heavy.wav,Listen to this audio clip of a single musical note. What is the MIDI note number (an integer from 0 to 127)? Reply with ONLY the integer. Nothing else. Output only the answer.,"Listen to this audio clip of a single musical note. What is the note name and octave? Reply with ONLY the note name in Scientific Pitch Notation (e.g. C4, F#3, Bb5). Nothing else. Output only the answer.","Listen to this audio clip of a single musical note. What is the solfege syllable and accidental (if needed) of this pitch? Use fixed-do (do=C, re=D, mi=E, fa=F, sol=G, la=A, si=B). Include sharps or flats when needed (e.g. do#, reb, fa#, sib). Do NOT include the octave. Reply with ONLY the syllable and accidental (if needed). Nothing else. Output only the answer.","Listen to this audio clip of a single musical note. What is the main pitch frequency, expressed in Hertz? Reply with ONLY a number (the frequency in Hz). Nothing else. Output only the answer."
chorus_heavy,chorus,"{'type': 'chorus', 'rate_hz': 1.2, 'depth': 0.9, 'mix': 0.6}",6079,synth_pad,instrument,79,69,0,0,0,0,G5,C6,0,0,0,sol,sol#,0,0,0,69,C6,sol#,1058.43,/home/hsnu2/PitchBench/data/audio/pitchbench_e2_audio_effects/G5_synth_pad_5000ms_fx_chorus_heavy.wav,G5_synth_pad_5000ms_fx_chorus_heavy.wav,Listen to this audio clip of a single musical note. What is the MIDI note number (an integer from 0 to 127)? Reply with ONLY the integer. Nothing else. Output only the answer.,"Listen to this audio clip of a single musical note. What is the note name and octave? Reply with ONLY the note name in Scientific Pitch Notation (e.g. C4, F#3, Bb5). Nothing else. Output only the answer.","Listen to this audio clip of a single musical note. What is the solfege syllable and accidental (if needed) of this pitch? Use fixed-do (do=C, re=D, mi=E, fa=F, sol=G, la=A, si=B). Include sharps or flats when needed (e.g. do#, reb, fa#, sib). Do NOT include the octave. Reply with ONLY the syllable and accidental (if needed). Nothing else. Output only the answer.","Listen to this audio clip of a single musical note. What is the main pitch frequency, expressed in Hertz? Reply with ONLY a number (the frequency in Hz). Nothing else. Output only the answer."
chorus_heavy,chorus,"{'type': 'chorus', 'rate_hz': 1.2, 'depth': 0.9, 'mix': 0.6}",6079,triangle,waveform,79,69,0,0,0,0,G5,C6,0,0,0,sol,sol#,0,0,0,69,C6,sol#,480,/home/hsnu2/PitchBench/data/audio/pitchbench_e2_audio_effects/G5_triangle_5000ms_fx_chorus_heavy.wav,G5_triangle_5000ms_fx_chorus_heavy.wav,Listen to this audio clip of a single musical note. What is the MIDI note number (an integer from 0 to 127)? Reply with ONLY the integer. Nothing else. Output only the answer.,"Listen to this audio clip of a single musical note. What is the note name and octave? Reply with ONLY the note name in Scientific Pitch Notation (e.g. C4, F#3, Bb5). Nothing else. Output only the answer.","Listen to this audio clip of a single musical note. What is the solfege syllable and accidental (if needed) of this pitch? Use fixed-do (do=C, re=D, mi=E, fa=F, sol=G, la=A, si=B). Include sharps or flats when needed (e.g. do#, reb, fa#, sib). Do NOT include the octave. Reply with ONLY the syllable and accidental (if needed). Nothing else. Output only the answer.","Listen to this audio clip of a single musical note. What is the main pitch frequency, expressed in Hertz? Reply with ONLY a number (the frequency in Hz). Nothing else. Output only the answer."
chorus_heavy,chorus,"{'type': 'chorus', 'rate_hz': 1.2, 'depth': 0.9, 'mix': 0.6}",6088,synth_pad,instrument,88,69,0,0,0,0,E6,C6,0,0,1,mi,sol,0,0,0,69,C6,sol,1046.57,/home/hsnu2/PitchBench/data/audio/pitchbench_e2_audio_effects/E6_synth_pad_5000ms_fx_chorus_heavy.wav,E6_synth_pad_5000ms_fx_chorus_heavy.wav,Listen to this audio clip of a single musical note. What is the MIDI note number (an integer from 0 to 127)? Reply with ONLY the integer. Nothing else. Output only the answer.,"Listen to this audio clip of a single musical note. What is the note name and octave? Reply with ONLY the note name in Scientific Pitch Notation (e.g. C4, F#3, Bb5). Nothing else. Output only the answer.","Listen to this audio clip of a single musical note. What is the solfege syllable and accidental (if needed) of this pitch? Use fixed-do (do=C, re=D, mi=E, fa=F, sol=G, la=A, si=B). Include sharps or flats when needed (e.g. do#, reb, fa#, sib). Do NOT include the octave. Reply with ONLY the syllable and accidental (if needed). Nothing else. Output only the answer.","Listen to this audio clip of a single musical note. What is the main pitch frequency, expressed in Hertz? Reply with ONLY a number (the frequency in Hz). Nothing else. Output only the answer."
chorus_heavy,chorus,"{'type': 'chorus', 'rate_hz': 1.2, 'depth': 0.9, 'mix': 0.6}",6088,voice,instrument,88,69,0,0,0,0,E6,C6,0,0,1,mi,sol#,0,0,0,69,C6,sol#,1046.57,/home/hsnu2/PitchBench/data/audio/pitchbench_e2_audio_effects/E6_voice_5000ms_fx_chorus_heavy.wav,E6_voice_5000ms_fx_chorus_heavy.wav,Listen to this audio clip of a single musical note. What is the MIDI note number (an integer from 0 to 127)? Reply with ONLY the integer. Nothing else. Output only the answer.,"Listen to this audio clip of a single musical note. What is the note name and octave? Reply with ONLY the note name in Scientific Pitch Notation (e.g. C4, F#3, Bb5). Nothing else. Output only the answer.","Listen to this audio clip of a single musical note. What is the solfege syllable and accidental (if needed) of this pitch? Use fixed-do (do=C, re=D, mi=E, fa=F, sol=G, la=A, si=B). Include sharps or flats when needed (e.g. do#, reb, fa#, sib). Do NOT include the octave. Reply with ONLY the syllable and accidental (if needed). Nothing else. Output only the answer.","Listen to this audio clip of a single musical note. What is the main pitch frequency, expressed in Hertz? Reply with ONLY a number (the frequency in Hz). Nothing else. Output only the answer."
chorus_heavy,chorus,"{'type': 'chorus', 'rate_hz': 1.2, 'depth': 0.9, 'mix': 0.6}",6088,trumpet,instrument,88,84,0,0,0,1,E6,C6,0,0,1,mi,sol#,0,0,0,84,C6,sol#,1046.57,/home/hsnu2/PitchBench/data/audio/pitchbench_e2_audio_effects/E6_trumpet_5000ms_fx_chorus_heavy.wav,E6_trumpet_5000ms_fx_chorus_heavy.wav,Listen to this audio clip of a single musical note. What is the MIDI note number (an integer from 0 to 127)? Reply with ONLY the integer. Nothing else. Output only the answer.,"Listen to this audio clip of a single musical note. What is the note name and octave? Reply with ONLY the note name in Scientific Pitch Notation (e.g. C4, F#3, Bb5). Nothing else. Output only the answer.","Listen to this audio clip of a single musical note. What is the solfege syllable and accidental (if needed) of this pitch? Use fixed-do (do=C, re=D, mi=E, fa=F, sol=G, la=A, si=B). Include sharps or flats when needed (e.g. do#, reb, fa#, sib). Do NOT include the octave. Reply with ONLY the syllable and accidental (if needed). Nothing else. Output only the answer.","Listen to this audio clip of a single musical note. What is the main pitch frequency, expressed in Hertz? Reply with ONLY a number (the frequency in Hz). Nothing else. Output only the answer."
chorus_heavy,chorus,"{'type': 'chorus', 'rate_hz': 1.2, 'depth': 0.9, 'mix': 0.6}",6088,cello,instrument,88,69,0,0,0,0,E6,C6,0,0,1,mi,sol#,0,0,0,69,C6,sol#,1250,/home/hsnu2/PitchBench/data/audio/pitchbench_e2_audio_effects/E6_cello_5000ms_fx_chorus_heavy.wav,E6_cello_5000ms_fx_chorus_heavy.wav,Listen to this audio clip of a single musical note. What is the MIDI note number (an integer from 0 to 127)? Reply with ONLY the integer. Nothing else. Output only the answer.,"Listen to this audio clip of a single musical note. What is the note name and octave? Reply with ONLY the note name in Scientific Pitch Notation (e.g. C4, F#3, Bb5). Nothing else. Output only the answer.","Listen to this audio clip of a single musical note. What is the solfege syllable and accidental (if needed) of this pitch? Use fixed-do (do=C, re=D, mi=E, fa=F, sol=G, la=A, si=B). Include sharps or flats when needed (e.g. do#, reb, fa#, sib). Do NOT include the octave. Reply with ONLY the syllable and accidental (if needed). Nothing else. Output only the answer.","Listen to this audio clip of a single musical note. What is the main pitch frequency, expressed in Hertz? Reply with ONLY a number (the frequency in Hz). Nothing else. Output only the answer."
chorus_heavy,chorus,"{'type': 'chorus', 'rate_hz': 1.2, 'depth': 0.9, 'mix': 0.6}",6088,organ,instrument,88,69,0,0,0,0,E6,C6,0,0,1,mi,sol#,0,0,0,69,C6,sol#,1046.57,/home/hsnu2/PitchBench/data/audio/pitchbench_e2_audio_effects/E6_organ_5000ms_fx_chorus_heavy.wav,E6_organ_5000ms_fx_chorus_heavy.wav,Listen to this audio clip of a single musical note. What is the MIDI note number (an integer from 0 to 127)? Reply with ONLY the integer. Nothing else. Output only the answer.,"Listen to this audio clip of a single musical note. What is the note name and octave? Reply with ONLY the note name in Scientific Pitch Notation (e.g. C4, F#3, Bb5). Nothing else. Output only the answer.","Listen to this audio clip of a single musical note. What is the solfege syllable and accidental (if needed) of this pitch? Use fixed-do (do=C, re=D, mi=E, fa=F, sol=G, la=A, si=B). Include sharps or flats when needed (e.g. do#, reb, fa#, sib). Do NOT include the octave. Reply with ONLY the syllable and accidental (if needed). Nothing else. Output only the answer.","Listen to this audio clip of a single musical note. What is the main pitch frequency, expressed in Hertz? Reply with ONLY a number (the frequency in Hz). Nothing else. Output only the answer."
clean,clean,{},30,voice,instrument,30,63,0,0,0,0,F#1,C4,0,0,0,fa#,fa#,1,0,1,63,C4,solb,435,/home/hsnu2/PitchBench/data/audio/pitchbench_e2_audio_effects/Fs1_voice_5000ms_fx_clean.wav,Fs1_voice_5000ms_fx_clean.wav,Listen to this audio clip of a single musical note. What is the MIDI note number (an integer from 0 to 127)? Reply with ONLY the integer. Nothing else. Output only the answer.,"Listen to this audio clip of a single musical note. What is the note name and octave? Reply with ONLY the note name in Scientific Pitch Notation (e.g. C4, F#3, Bb5). Nothing else. Output only the answer.","Listen to this audio clip of a single musical note. What is the solfege syllable and accidental (if needed) of this pitch? Use fixed-do (do=C, re=D, mi=E, fa=F, sol=G, la=A, si=B). Include sharps or flats when needed (e.g. do#, reb, fa#, sib). Do NOT include the octave. Reply with ONLY the syllable and accidental (if needed). Nothing else. Output only the answer.","Listen to this audio clip of a single musical note. What is the main pitch frequency, expressed in Hertz? Reply with ONLY a number (the frequency in Hz). Nothing else. Output only the answer."
clean,clean,{},30,violin,instrument,30,34,0,0,0,1,F#1,A2,0,0,0,fa#,re,0,0,0,34,A2,re,28,/home/hsnu2/PitchBench/data/audio/pitchbench_e2_audio_effects/Fs1_violin_5000ms_fx_clean.wav,Fs1_violin_5000ms_fx_clean.wav,Listen to this audio clip of a single musical note. What is the MIDI note number (an integer from 0 to 127)? Reply with ONLY the integer. Nothing else. Output only the answer.,"Listen to this audio clip of a single musical note. What is the note name and octave? Reply with ONLY the note name in Scientific Pitch Notation (e.g. C4, F#3, Bb5). Nothing else. Output only the answer.","Listen to this audio clip of a single musical note. What is the solfege syllable and accidental (if needed) of this pitch? Use fixed-do (do=C, re=D, mi=E, fa=F, sol=G, la=A, si=B). Include sharps or flats when needed (e.g. do#, reb, fa#, sib). Do NOT include the octave. Reply with ONLY the syllable and accidental (if needed). Nothing else. Output only the answer.","Listen to this audio clip of a single musical note. What is the main pitch frequency, expressed in Hertz? Reply with ONLY a number (the frequency in Hz). Nothing else. Output only the answer."
clean,clean,{},30,oboe,instrument,30,34,0,0,0,1,F#1,A#2,0,0,0,fa#,fa#,1,0,1,34,Bb2,solb,105.26,/home/hsnu2/PitchBench/data/audio/pitchbench_e2_audio_effects/Fs1_oboe_5000ms_fx_clean.wav,Fs1_oboe_5000ms_fx_clean.wav,Listen to this audio clip of a single musical note. What is the MIDI note number (an integer from 0 to 127)? Reply with ONLY the integer. Nothing else. Output only the answer.,"Listen to this audio clip of a single musical note. What is the note name and octave? Reply with ONLY the note name in Scientific Pitch Notation (e.g. C4, F#3, Bb5). Nothing else. Output only the answer.","Listen to this audio clip of a single musical note. What is the solfege syllable and accidental (if needed) of this pitch? Use fixed-do (do=C, re=D, mi=E, fa=F, sol=G, la=A, si=B). Include sharps or flats when needed (e.g. do#, reb, fa#, sib). Do NOT include the octave. Reply with ONLY the syllable and accidental (if needed). Nothing else. Output only the answer.","Listen to this audio clip of a single musical note. What is the main pitch frequency, expressed in Hertz? Reply with ONLY a number (the frequency in Hz). Nothing else. Output only the answer."
clean,clean,{},30,flute,instrument,30,35,0,0,0,1,F#1,A#2,0,0,0,fa#,fa#,1,0,1,35,Bb2,solb,105.26,/home/hsnu2/PitchBench/data/audio/pitchbench_e2_audio_effects/Fs1_flute_5000ms_fx_clean.wav,Fs1_flute_5000ms_fx_clean.wav,Listen to this audio clip of a single musical note. What is the MIDI note number (an integer from 0 to 127)? Reply with ONLY the integer. Nothing else. Output only the answer.,"Listen to this audio clip of a single musical note. What is the note name and octave? Reply with ONLY the note name in Scientific Pitch Notation (e.g. C4, F#3, Bb5). Nothing else. Output only the answer.","Listen to this audio clip of a single musical note. What is the solfege syllable and accidental (if needed) of this pitch? Use fixed-do (do=C, re=D, mi=E, fa=F, sol=G, la=A, si=B). Include sharps or flats when needed (e.g. do#, reb, fa#, sib). Do NOT include the octave. Reply with ONLY the syllable and accidental (if needed). Nothing else. Output only the answer.","Listen to this audio clip of a single musical note. What is the main pitch frequency, expressed in Hertz? Reply with ONLY a number (the frequency in Hz). Nothing else. Output only the answer."
clean,clean,{},30,square,waveform,30,45,0,0,0,0,F#1,B2,0,0,0,fa#,sol,0,0,0,45,B2,sol,43500,/home/hsnu2/PitchBench/data/audio/pitchbench_e2_audio_effects/Fs1_square_5000ms_fx_clean.wav,Fs1_square_5000ms_fx_clean.wav,Listen to this audio clip of a single musical note. What is the MIDI note number (an integer from 0 to 127)? Reply with ONLY the integer. Nothing else. Output only the answer.,"Listen to this audio clip of a single musical note. What is the note name and octave? Reply with ONLY the note name in Scientific Pitch Notation (e.g. C4, F#3, Bb5). Nothing else. Output only the answer.","Listen to this audio clip of a single musical note. What is the solfege syllable and accidental (if needed) of this pitch? Use fixed-do (do=C, re=D, mi=E, fa=F, sol=G, la=A, si=B). Include sharps or flats when needed (e.g. do#, reb, fa#, sib). Do NOT include the octave. Reply with ONLY the syllable and accidental (if needed). Nothing else. Output only the answer.","Listen to this audio clip of a single musical note. What is the main pitch frequency, expressed in Hertz? Reply with ONLY a number (the frequency in Hz). Nothing else. Output only the answer."
clean,clean,{},36,synth_lead,instrument,36,65,0,0,0,0,C2,C6,0,1,0,do,fa#,0,0,0,65,C6,solb,150.0,/home/hsnu2/PitchBench/data/audio/pitchbench_e2_audio_effects/C2_synth_lead_5000ms_fx_clean.wav,C2_synth_lead_5000ms_fx_clean.wav,Listen to this audio clip of a single musical note. What is the MIDI note number (an integer from 0 to 127)? Reply with ONLY the integer. Nothing else. Output only the answer.,"Listen to this audio clip of a single musical note. What is the note name and octave? Reply with ONLY the note name in Scientific Pitch Notation (e.g. C4, F#3, Bb5). Nothing else. Output only the answer.","Listen to this audio clip of a single musical note. What is the solfege syllable and accidental (if needed) of this pitch? Use fixed-do (do=C, re=D, mi=E, fa=F, sol=G, la=A, si=B). Include sharps or flats when needed (e.g. do#, reb, fa#, sib). Do NOT include the octave. Reply with ONLY the syllable and accidental (if needed). Nothing else. Output only the answer.","Listen to this audio clip of a single musical note. What is the main pitch frequency, expressed in Hertz? Reply with ONLY a number (the frequency in Hz). Nothing else. Output only the answer."
clean,clean,{},36,bass,instrument,36,48,0,0,1,0,C2,C4,0,1,0,do,sol,0,0,0,48,C4,sol,120,/home/hsnu2/PitchBench/data/audio/pitchbench_e2_audio_effects/C2_bass_5000ms_fx_clean.wav,C2_bass_5000ms_fx_clean.wav,Listen to this audio clip of a single musical note. What is the MIDI note number (an integer from 0 to 127)? Reply with ONLY the integer. Nothing else. Output only the answer.,"Listen to this audio clip of a single musical note. What is the note name and octave? Reply with ONLY the note name in Scientific Pitch Notation (e.g. C4, F#3, Bb5). Nothing else. Output only the answer.","Listen to this audio clip of a single musical note. What is the solfege syllable and accidental (if needed) of this pitch? Use fixed-do (do=C, re=D, mi=E, fa=F, sol=G, la=A, si=B). Include sharps or flats when needed (e.g. do#, reb, fa#, sib). Do NOT include the octave. Reply with ONLY the syllable and accidental (if needed). Nothing else. Output only the answer.","Listen to this audio clip of a single musical note. What is the main pitch frequency, expressed in Hertz? Reply with ONLY a number (the frequency in Hz). Nothing else. Output only the answer."
clean,clean,{},36,square,waveform,36,43,0,0,0,1,C2,A#2,0,0,1,do,fa#,0,0,0,43,Bb2,solb,480,/home/hsnu2/PitchBench/data/audio/pitchbench_e2_audio_effects/C2_square_5000ms_fx_clean.wav,C2_square_5000ms_fx_clean.wav,Listen to this audio clip of a single musical note. What is the MIDI note number (an integer from 0 to 127)? Reply with ONLY the integer. Nothing else. Output only the answer.,"Listen to this audio clip of a single musical note. What is the note name and octave? Reply with ONLY the note name in Scientific Pitch Notation (e.g. C4, F#3, Bb5). Nothing else. Output only the answer.","Listen to this audio clip of a single musical note. What is the solfege syllable and accidental (if needed) of this pitch? Use fixed-do (do=C, re=D, mi=E, fa=F, sol=G, la=A, si=B). Include sharps or flats when needed (e.g. do#, reb, fa#, sib). Do NOT include the octave. Reply with ONLY the syllable and accidental (if needed). Nothing else. Output only the answer.","Listen to this audio clip of a single musical note. What is the main pitch frequency, expressed in Hertz? Reply with ONLY a number (the frequency in Hz). Nothing else. Output only the answer."
clean,clean,{},36,sawtooth,waveform,36,35,0,1,0,0,C2,A#2,0,0,1,do,fa#,0,0,0,35,Bb2,solb,480,/home/hsnu2/PitchBench/data/audio/pitchbench_e2_audio_effects/C2_sawtooth_5000ms_fx_clean.wav,C2_sawtooth_5000ms_fx_clean.wav,Listen to this audio clip of a single musical note. What is the MIDI note number (an integer from 0 to 127)? Reply with ONLY the integer. Nothing else. Output only the answer.,"Listen to this audio clip of a single musical note. What is the note name and octave? Reply with ONLY the note name in Scientific Pitch Notation (e.g. C4, F#3, Bb5). Nothing else. Output only the answer.","Listen to this audio clip of a single musical note. What is the solfege syllable and accidental (if needed) of this pitch? Use fixed-do (do=C, re=D, mi=E, fa=F, sol=G, la=A, si=B). Include sharps or flats when needed (e.g. do#, reb, fa#, sib). Do NOT include the octave. Reply with ONLY the syllable and accidental (if needed). Nothing else. Output only the answer.","Listen to this audio clip of a single musical note. What is the main pitch frequency, expressed in Hertz? Reply with ONLY a number (the frequency in Hz). Nothing else. Output only the answer."
clean,clean,{},36,cello,instrument,36,36,1,1,1,1,C2,C2,1,1,1,do,re,0,0,1,36,C2,re,240,/home/hsnu2/PitchBench/data/audio/pitchbench_e2_audio_effects/C2_cello_5000ms_fx_clean.wav,C2_cello_5000ms_fx_clean.wav,Listen to this audio clip of a single musical note. What is the MIDI note number (an integer from 0 to 127)? Reply with ONLY the integer. Nothing else. Output only the answer.,"Listen to this audio clip of a single musical note. What is the note name and octave? Reply with ONLY the note name in Scientific Pitch Notation (e.g. C4, F#3, Bb5). Nothing else. Output only the answer.","Listen to this audio clip of a single musical note. What is the solfege syllable and accidental (if needed) of this pitch? Use fixed-do (do=C, re=D, mi=E, fa=F, sol=G, la=A, si=B). Include sharps or flats when needed (e.g. do#, reb, fa#, sib). Do NOT include the octave. Reply with ONLY the syllable and accidental (if needed). Nothing else. Output only the answer.","Listen to this audio clip of a single musical note. What is the main pitch frequency, expressed in Hertz? Reply with ONLY a number (the frequency in Hz). Nothing else. Output only the answer."
clean,clean,{},43,triangle,waveform,43,43,1,1,1,1,G2,C6,0,0,0,sol,sol,1,0,1,43,C6,sol,435,/home/hsnu2/PitchBench/data/audio/pitchbench_e2_audio_effects/G2_triangle_5000ms_fx_clean.wav,G2_triangle_5000ms_fx_clean.wav,Listen to this audio clip of a single musical note. What is the MIDI note number (an integer from 0 to 127)? Reply with ONLY the integer. Nothing else. Output only the answer.,"Listen to this audio clip of a single musical note. What is the note name and octave? Reply with ONLY the note name in Scientific Pitch Notation (e.g. C4, F#3, Bb5). Nothing else. Output only the answer.","Listen to this audio clip of a single musical note. What is the solfege syllable and accidental (if needed) of this pitch? Use fixed-do (do=C, re=D, mi=E, fa=F, sol=G, la=A, si=B). Include sharps or flats when needed (e.g. do#, reb, fa#, sib). Do NOT include the octave. Reply with ONLY the syllable and accidental (if needed). Nothing else. Output only the answer.","Listen to this audio clip of a single musical note. What is the main pitch frequency, expressed in Hertz? Reply with ONLY a number (the frequency in Hz). Nothing else. Output only the answer."
clean,clean,{},43,piano,instrument,43,43,1,1,1,1,G2,C4,0,0,0,sol,sol,1,0,1,43,C4,sol,435,/home/hsnu2/PitchBench/data/audio/pitchbench_e2_audio_effects/G2_piano_5000ms_fx_clean.wav,G2_piano_5000ms_fx_clean.wav,Listen to this audio clip of a single musical note. What is the MIDI note number (an integer from 0 to 127)? Reply with ONLY the integer. Nothing else. Output only the answer.,"Listen to this audio clip of a single musical note. What is the note name and octave? Reply with ONLY the note name in Scientific Pitch Notation (e.g. C4, F#3, Bb5). Nothing else. Output only the answer.","Listen to this audio clip of a single musical note. What is the solfege syllable and accidental (if needed) of this pitch? Use fixed-do (do=C, re=D, mi=E, fa=F, sol=G, la=A, si=B). Include sharps or flats when needed (e.g. do#, reb, fa#, sib). Do NOT include the octave. Reply with ONLY the syllable and accidental (if needed). Nothing else. Output only the answer.","Listen to this audio clip of a single musical note. What is the main pitch frequency, expressed in Hertz? Reply with ONLY a number (the frequency in Hz). Nothing else. Output only the answer."
clean,clean,{},43,electric_keyboard,instrument,43,43,1,1,1,1,G2,G2,1,1,1,sol,sol,1,0,1,43,G2,sol,435.0,/home/hsnu2/PitchBench/data/audio/pitchbench_e2_audio_effects/G2_electric_keyboard_5000ms_fx_clean.wav,G2_electric_keyboard_5000ms_fx_clean.wav,Listen to this audio clip of a single musical note. What is the MIDI note number (an integer from 0 to 127)? Reply with ONLY the integer. Nothing else. Output only the answer.,"Listen to this audio clip of a single musical note. What is the note name and octave? Reply with ONLY the note name in Scientific Pitch Notation (e.g. C4, F#3, Bb5). Nothing else. Output only the answer.","Listen to this audio clip of a single musical note. What is the solfege syllable and accidental (if needed) of this pitch? Use fixed-do (do=C, re=D, mi=E, fa=F, sol=G, la=A, si=B). Include sharps or flats when needed (e.g. do#, reb, fa#, sib). Do NOT include the octave. Reply with ONLY the syllable and accidental (if needed). Nothing else. Output only the answer.","Listen to this audio clip of a single musical note. What is the main pitch frequency, expressed in Hertz? Reply with ONLY a number (the frequency in Hz). Nothing else. Output only the answer."
clean,clean,{},43,cello,instrument,43,43,1,1,1,1,G2,C4,0,0,0,sol,sol,1,0,1,43,C4,sol,105.36,/home/hsnu2/PitchBench/data/audio/pitchbench_e2_audio_effects/G2_cello_5000ms_fx_clean.wav,G2_cello_5000ms_fx_clean.wav,Listen to this audio clip of a single musical note. What is the MIDI note number (an integer from 0 to 127)? Reply with ONLY the integer. Nothing else. Output only the answer.,"Listen to this audio clip of a single musical note. What is the note name and octave? Reply with ONLY the note name in Scientific Pitch Notation (e.g. C4, F#3, Bb5). Nothing else. Output only the answer.","Listen to this audio clip of a single musical note. What is the solfege syllable and accidental (if needed) of this pitch? Use fixed-do (do=C, re=D, mi=E, fa=F, sol=G, la=A, si=B). Include sharps or flats when needed (e.g. do#, reb, fa#, sib). Do NOT include the octave. Reply with ONLY the syllable and accidental (if needed). Nothing else. Output only the answer.","Listen to this audio clip of a single musical note. What is the main pitch frequency, expressed in Hertz? Reply with ONLY a number (the frequency in Hz). Nothing else. Output only the answer."
clean,clean,{},43,trombone,instrument,43,43,1,1,1,1,G2,F#2,0,0,1,sol,sol,1,0,1,43,F#2,sol,435.0,/home/hsnu2/PitchBench/data/audio/pitchbench_e2_audio_effects/G2_trombone_5000ms_fx_clean.wav,G2_trombone_5000ms_fx_clean.wav,Listen to this audio clip of a single musical note. What is the MIDI note number (an integer from 0 to 127)? Reply with ONLY the integer. Nothing else. Output only the answer.,"Listen to this audio clip of a single musical note. What is the note name and octave? Reply with ONLY the note name in Scientific Pitch Notation (e.g. C4, F#3, Bb5). Nothing else. Output only the answer.","Listen to this audio clip of a single musical note. What is the solfege syllable and accidental (if needed) of this pitch? Use fixed-do (do=C, re=D, mi=E, fa=F, sol=G, la=A, si=B). Include sharps or flats when needed (e.g. do#, reb, fa#, sib). Do NOT include the octave. Reply with ONLY the syllable and accidental (if needed). Nothing else. Output only the answer.","Listen to this audio clip of a single musical note. What is the main pitch frequency, expressed in Hertz? Reply with ONLY a number (the frequency in Hz). Nothing else. Output only the answer."
clean,clean,{},48,square,waveform,48,45,0,0,0,0,C3,F#2,0,0,0,do,sol,0,0,0,45,F#2,sol,450,/home/hsnu2/PitchBench/data/audio/pitchbench_e2_audio_effects/C3_square_5000ms_fx_clean.wav,C3_square_5000ms_fx_clean.wav,Listen to this audio clip of a single musical note. What is the MIDI note number (an integer from 0 to 127)? Reply with ONLY the integer. Nothing else. Output only the answer.,"Listen to this audio clip of a single musical note. What is the note name and octave? Reply with ONLY the note name in Scientific Pitch Notation (e.g. C4, F#3, Bb5). Nothing else. Output only the answer.","Listen to this audio clip of a single musical note. What is the solfege syllable and accidental (if needed) of this pitch? Use fixed-do (do=C, re=D, mi=E, fa=F, sol=G, la=A, si=B). Include sharps or flats when needed (e.g. do#, reb, fa#, sib). Do NOT include the octave. Reply with ONLY the syllable and accidental (if needed). Nothing else. Output only the answer.","Listen to this audio clip of a single musical note. What is the main pitch frequency, expressed in Hertz? Reply with ONLY a number (the frequency in Hz). Nothing else. Output only the answer."
clean,clean,{},48,violin,instrument,48,48,1,1,1,1,C3,C2,0,1,0,do,sol,0,0,1,48,C2,sol,480,/home/hsnu2/PitchBench/data/audio/pitchbench_e2_audio_effects/C3_violin_5000ms_fx_clean.wav,C3_violin_5000ms_fx_clean.wav,Listen to this audio clip of a single musical note. What is the MIDI note number (an integer from 0 to 127)? Reply with ONLY the integer. Nothing else. Output only the answer.,"Listen to this audio clip of a single musical note. What is the note name and octave? Reply with ONLY the note name in Scientific Pitch Notation (e.g. C4, F#3, Bb5). Nothing else. Output only the answer.","Listen to this audio clip of a single musical note. What is the solfege syllable and accidental (if needed) of this pitch? Use fixed-do (do=C, re=D, mi=E, fa=F, sol=G, la=A, si=B). Include sharps or flats when needed (e.g. do#, reb, fa#, sib). Do NOT include the octave. Reply with ONLY the syllable and accidental (if needed). Nothing else. Output only the answer.","Listen to this audio clip of a single musical note. What is the main pitch frequency, expressed in Hertz? Reply with ONLY a number (the frequency in Hz). Nothing else. Output only the answer."
clean,clean,{},48,synth_pad,instrument,48,63,0,0,0,0,C3,C6,0,1,0,do,sol,0,0,0,63,C6,sol,480,/home/hsnu2/PitchBench/data/audio/pitchbench_e2_audio_effects/C3_synth_pad_5000ms_fx_clean.wav,C3_synth_pad_5000ms_fx_clean.wav,Listen to this audio clip of a single musical note. What is the MIDI note number (an integer from 0 to 127)? Reply with ONLY the integer. Nothing else. Output only the answer.,"Listen to this audio clip of a single musical note. What is the note name and octave? Reply with ONLY the note name in Scientific Pitch Notation (e.g. C4, F#3, Bb5). Nothing else. Output only the answer.","Listen to this audio clip of a single musical note. What is the solfege syllable and accidental (if needed) of this pitch? Use fixed-do (do=C, re=D, mi=E, fa=F, sol=G, la=A, si=B). Include sharps or flats when needed (e.g. do#, reb, fa#, sib). Do NOT include the octave. Reply with ONLY the syllable and accidental (if needed). Nothing else. Output only the answer.","Listen to this audio clip of a single musical note. What is the main pitch frequency, expressed in Hertz? Reply with ONLY a number (the frequency in Hz). Nothing else. Output only the answer."
clean,clean,{},48,organ,instrument,48,60,0,0,1,0,C3,C2,0,1,0,do,sol,0,0,0,60,C2,sol,480,/home/hsnu2/PitchBench/data/audio/pitchbench_e2_audio_effects/C3_organ_5000ms_fx_clean.wav,C3_organ_5000ms_fx_clean.wav,Listen to this audio clip of a single musical note. What is the MIDI note number (an integer from 0 to 127)? Reply with ONLY the integer. Nothing else. Output only the answer.,"Listen to this audio clip of a single musical note. What is the note name and octave? Reply with ONLY the note name in Scientific Pitch Notation (e.g. C4, F#3, Bb5). Nothing else. Output only the answer.","Listen to this audio clip of a single musical note. What is the solfege syllable and accidental (if needed) of this pitch? Use fixed-do (do=C, re=D, mi=E, fa=F, sol=G, la=A, si=B). Include sharps or flats when needed (e.g. do#, reb, fa#, sib). Do NOT include the octave. Reply with ONLY the syllable and accidental (if needed). Nothing else. Output only the answer.","Listen to this audio clip of a single musical note. What is the main pitch frequency, expressed in Hertz? Reply with ONLY a number (the frequency in Hz). Nothing else. Output only the answer."
clean,clean,{},48,trumpet,instrument,48,48,1,1,1,1,C3,C4,0,1,0,do,sol,0,0,1,48,C4,sol,480,/home/hsnu2/PitchBench/data/audio/pitchbench_e2_audio_effects/C3_trumpet_5000ms_fx_clean.wav,C3_trumpet_5000ms_fx_clean.wav,Listen to this audio clip of a single musical note. What is the MIDI note number (an integer from 0 to 127)? Reply with ONLY the integer. Nothing else. Output only the answer.,"Listen to this audio clip of a single musical note. What is the note name and octave? Reply with ONLY the note name in Scientific Pitch Notation (e.g. C4, F#3, Bb5). Nothing else. Output only the answer.","Listen to this audio clip of a single musical note. What is the solfege syllable and accidental (if needed) of this pitch? Use fixed-do (do=C, re=D, mi=E, fa=F, sol=G, la=A, si=B). Include sharps or flats when needed (e.g. do#, reb, fa#, sib). Do NOT include the octave. Reply with ONLY the syllable and accidental (if needed). Nothing else. Output only the answer.","Listen to this audio clip of a single musical note. What is the main pitch frequency, expressed in Hertz? Reply with ONLY a number (the frequency in Hz). Nothing else. Output only the answer."
clean,clean,{},54,trumpet,instrument,54,54,1,1,1,1,F#3,F4,0,0,0,fa#,sol,0,0,1,54,F4,sol,435.0,/home/hsnu2/PitchBench/data/audio/pitchbench_e2_audio_effects/Fs3_trumpet_5000ms_fx_clean.wav,Fs3_trumpet_5000ms_fx_clean.wav,Listen to this audio clip of a single musical note. What is the MIDI note number (an integer from 0 to 127)? Reply with ONLY the integer. Nothing else. Output only the answer.,"Listen to this audio clip of a single musical note. What is the note name and octave? Reply with ONLY the note name in Scientific Pitch Notation (e.g. C4, F#3, Bb5). Nothing else. Output only the answer.","Listen to this audio clip of a single musical note. What is the solfege syllable and accidental (if needed) of this pitch? Use fixed-do (do=C, re=D, mi=E, fa=F, sol=G, la=A, si=B). Include sharps or flats when needed (e.g. do#, reb, fa#, sib). Do NOT include the octave. Reply with ONLY the syllable and accidental (if needed). Nothing else. Output only the answer.","Listen to this audio clip of a single musical note. What is the main pitch frequency, expressed in Hertz? Reply with ONLY a number (the frequency in Hz). Nothing else. Output only the answer."
clean,clean,{},54,synth_pad,instrument,54,65,0,0,0,0,F#3,C6,0,0,0,fa#,fa#,1,0,1,65,C6,solb,480,/home/hsnu2/PitchBench/data/audio/pitchbench_e2_audio_effects/Fs3_synth_pad_5000ms_fx_clean.wav,Fs3_synth_pad_5000ms_fx_clean.wav,Listen to this audio clip of a single musical note. What is the MIDI note number (an integer from 0 to 127)? Reply with ONLY the integer. Nothing else. Output only the answer.,"Listen to this audio clip of a single musical note. What is the note name and octave? Reply with ONLY the note name in Scientific Pitch Notation (e.g. C4, F#3, Bb5). Nothing else. Output only the answer.","Listen to this audio clip of a single musical note. What is the solfege syllable and accidental (if needed) of this pitch? Use fixed-do (do=C, re=D, mi=E, fa=F, sol=G, la=A, si=B). Include sharps or flats when needed (e.g. do#, reb, fa#, sib). Do NOT include the octave. Reply with ONLY the syllable and accidental (if needed). Nothing else. Output only the answer.","Listen to this audio clip of a single musical note. What is the main pitch frequency, expressed in Hertz? Reply with ONLY a number (the frequency in Hz). Nothing else. Output only the answer."
clean,clean,{},54,sine,waveform,54,54,1,1,1,1,F#3,C4,0,0,0,fa#,sol,0,0,1,54,C4,sol,107.89,/home/hsnu2/PitchBench/data/audio/pitchbench_e2_audio_effects/Fs3_sine_5000ms_fx_clean.wav,Fs3_sine_5000ms_fx_clean.wav,Listen to this audio clip of a single musical note. What is the MIDI note number (an integer from 0 to 127)? Reply with ONLY the integer. Nothing else. Output only the answer.,"Listen to this audio clip of a single musical note. What is the note name and octave? Reply with ONLY the note name in Scientific Pitch Notation (e.g. C4, F#3, Bb5). Nothing else. Output only the answer.","Listen to this audio clip of a single musical note. What is the solfege syllable and accidental (if needed) of this pitch? Use fixed-do (do=C, re=D, mi=E, fa=F, sol=G, la=A, si=B). Include sharps or flats when needed (e.g. do#, reb, fa#, sib). Do NOT include the octave. Reply with ONLY the syllable and accidental (if needed). Nothing else. Output only the answer.","Listen to this audio clip of a single musical note. What is the main pitch frequency, expressed in Hertz? Reply with ONLY a number (the frequency in Hz). Nothing else. Output only the answer."
clean,clean,{},54,triangle,waveform,54,63,0,0,0,0,F#3,F#6,0,1,0,fa#,sol,0,0,0,63,F#6,sol,480,/home/hsnu2/PitchBench/data/audio/pitchbench_e2_audio_effects/Fs3_triangle_5000ms_fx_clean.wav,Fs3_triangle_5000ms_fx_clean.wav,Listen to this audio clip of a single musical note. What is the MIDI note number (an integer from 0 to 127)? Reply with ONLY the integer. Nothing else. Output only the answer.,"Listen to this audio clip of a single musical note. What is the note name and octave? Reply with ONLY the note name in Scientific Pitch Notation (e.g. C4, F#3, Bb5). Nothing else. Output only the answer.","Listen to this audio clip of a single musical note. What is the solfege syllable and accidental (if needed) of this pitch? Use fixed-do (do=C, re=D, mi=E, fa=F, sol=G, la=A, si=B). Include sharps or flats when needed (e.g. do#, reb, fa#, sib). Do NOT include the octave. Reply with ONLY the syllable and accidental (if needed). Nothing else. Output only the answer.","Listen to this audio clip of a single musical note. What is the main pitch frequency, expressed in Hertz? Reply with ONLY a number (the frequency in Hz). Nothing else. Output only the answer."
clean,clean,{},54,clarinet,instrument,54,54,1,1,1,1,F#3,C4,0,0,0,fa#,sol,0,0,1,54,C4,sol,450,/home/hsnu2/PitchBench/data/audio/pitchbench_e2_audio_effects/Fs3_clarinet_5000ms_fx_clean.wav,Fs3_clarinet_5000ms_fx_clean.wav,Listen to this audio clip of a single musical note. What is the MIDI note number (an integer from 0 to 127)? Reply with ONLY the integer. Nothing else. Output only the answer.,"Listen to this audio clip of a single musical note. What is the note name and octave? Reply with ONLY the note name in Scientific Pitch Notation (e.g. C4, F#3, Bb5). Nothing else. Output only the answer.","Listen to this audio clip of a single musical note. What is the solfege syllable and accidental (if needed) of this pitch? Use fixed-do (do=C, re=D, mi=E, fa=F, sol=G, la=A, si=B). Include sharps or flats when needed (e.g. do#, reb, fa#, sib). Do NOT include the octave. Reply with ONLY the syllable and accidental (if needed). Nothing else. Output only the answer.","Listen to this audio clip of a single musical note. What is the main pitch frequency, expressed in Hertz? Reply with ONLY a number (the frequency in Hz). Nothing else. Output only the answer."
clean,clean,{},60,synth_pad,instrument,60,64,0,0,0,1,C4,C6,0,1,0,do,sol,0,0,0,64,C6,sol,480,/home/hsnu2/PitchBench/data/audio/pitchbench_e2_audio_effects/C4_synth_pad_5000ms_fx_clean.wav,C4_synth_pad_5000ms_fx_clean.wav,Listen to this audio clip of a single musical note. What is the MIDI note number (an integer from 0 to 127)? Reply with ONLY the integer. Nothing else. Output only the answer.,"Listen to this audio clip of a single musical note. What is the note name and octave? Reply with ONLY the note name in Scientific Pitch Notation (e.g. C4, F#3, Bb5). Nothing else. Output only the answer.","Listen to this audio clip of a single musical note. What is the solfege syllable and accidental (if needed) of this pitch? Use fixed-do (do=C, re=D, mi=E, fa=F, sol=G, la=A, si=B). Include sharps or flats when needed (e.g. do#, reb, fa#, sib). Do NOT include the octave. Reply with ONLY the syllable and accidental (if needed). Nothing else. Output only the answer.","Listen to this audio clip of a single musical note. What is the main pitch frequency, expressed in Hertz? Reply with ONLY a number (the frequency in Hz). Nothing else. Output only the answer."
clean,clean,{},60,trumpet,instrument,60,60,1,1,1,1,C4,C6,0,1,0,do,sol,0,0,1,60,C6,sol,440,/home/hsnu2/PitchBench/data/audio/pitchbench_e2_audio_effects/C4_trumpet_5000ms_fx_clean.wav,C4_trumpet_5000ms_fx_clean.wav,Listen to this audio clip of a single musical note. What is the MIDI note number (an integer from 0 to 127)? Reply with ONLY the integer. Nothing else. Output only the answer.,"Listen to this audio clip of a single musical note. What is the note name and octave? Reply with ONLY the note name in Scientific Pitch Notation (e.g. C4, F#3, Bb5). Nothing else. Output only the answer.","Listen to this audio clip of a single musical note. What is the solfege syllable and accidental (if needed) of this pitch? Use fixed-do (do=C, re=D, mi=E, fa=F, sol=G, la=A, si=B). Include sharps or flats when needed (e.g. do#, reb, fa#, sib). Do NOT include the octave. Reply with ONLY the syllable and accidental (if needed). Nothing else. Output only the answer.","Listen to this audio clip of a single musical note. What is the main pitch frequency, expressed in Hertz? Reply with ONLY a number (the frequency in Hz). Nothing else. Output only the answer."
clean,clean,{},60,clarinet,instrument,60,65,0,0,0,1,C4,C6,0,1,0,do,sol,0,0,0,65,C6,sol,450,/home/hsnu2/PitchBench/data/audio/pitchbench_e2_audio_effects/C4_clarinet_5000ms_fx_clean.wav,C4_clarinet_5000ms_fx_clean.wav,Listen to this audio clip of a single musical note. What is the MIDI note number (an integer from 0 to 127)? Reply with ONLY the integer. Nothing else. Output only the answer.,"Listen to this audio clip of a single musical note. What is the note name and octave? Reply with ONLY the note name in Scientific Pitch Notation (e.g. C4, F#3, Bb5). Nothing else. Output only the answer.","Listen to this audio clip of a single musical note. What is the solfege syllable and accidental (if needed) of this pitch? Use fixed-do (do=C, re=D, mi=E, fa=F, sol=G, la=A, si=B). Include sharps or flats when needed (e.g. do#, reb, fa#, sib). Do NOT include the octave. Reply with ONLY the syllable and accidental (if needed). Nothing else. Output only the answer.","Listen to this audio clip of a single musical note. What is the main pitch frequency, expressed in Hertz? Reply with ONLY a number (the frequency in Hz). Nothing else. Output only the answer."
clean,clean,{},60,triangle,waveform,60,63,0,0,0,1,C4,C6,0,1,0,do,sol,0,0,0,63,C6,sol,480,/home/hsnu2/PitchBench/data/audio/pitchbench_e2_audio_effects/C4_triangle_5000ms_fx_clean.wav,C4_triangle_5000ms_fx_clean.wav,Listen to this audio clip of a single musical note. What is the MIDI note number (an integer from 0 to 127)? Reply with ONLY the integer. Nothing else. Output only the answer.,"Listen to this audio clip of a single musical note. What is the note name and octave? Reply with ONLY the note name in Scientific Pitch Notation (e.g. C4, F#3, Bb5). Nothing else. Output only the answer.","Listen to this audio clip of a single musical note. What is the solfege syllable and accidental (if needed) of this pitch? Use fixed-do (do=C, re=D, mi=E, fa=F, sol=G, la=A, si=B). Include sharps or flats when needed (e.g. do#, reb, fa#, sib). Do NOT include the octave. Reply with ONLY the syllable and accidental (if needed). Nothing else. Output only the answer.","Listen to this audio clip of a single musical note. What is the main pitch frequency, expressed in Hertz? Reply with ONLY a number (the frequency in Hz). Nothing else. Output only the answer."
clean,clean,{},60,piano,instrument,60,48,0,0,1,0,C4,C6,0,1,0,do,sol,0,0,0,48,C6,sol,480,/home/hsnu2/PitchBench/data/audio/pitchbench_e2_audio_effects/C4_piano_5000ms_fx_clean.wav,C4_piano_5000ms_fx_clean.wav,Listen to this audio clip of a single musical note. What is the MIDI note number (an integer from 0 to 127)? Reply with ONLY the integer. Nothing else. Output only the answer.,"Listen to this audio clip of a single musical note. What is the note name and octave? Reply with ONLY the note name in Scientific Pitch Notation (e.g. C4, F#3, Bb5). Nothing else. Output only the answer.","Listen to this audio clip of a single musical note. What is the solfege syllable and accidental (if needed) of this pitch? Use fixed-do (do=C, re=D, mi=E, fa=F, sol=G, la=A, si=B). Include sharps or flats when needed (e.g. do#, reb, fa#, sib). Do NOT include the octave. Reply with ONLY the syllable and accidental (if needed). Nothing else. Output only the answer.","Listen to this audio clip of a single musical note. What is the main pitch frequency, expressed in Hertz? Reply with ONLY a number (the frequency in Hz). Nothing else. Output only the answer."
clean,clean,{},64,cello,instrument,64,64,1,1,1,1,E4,C6,0,0,0,mi,sol,0,0,1,64,C6,sol,64,/home/hsnu2/PitchBench/data/audio/pitchbench_e2_audio_effects/E4_cello_5000ms_fx_clean.wav,E4_cello_5000ms_fx_clean.wav,Listen to this audio clip of a single musical note. What is the MIDI note number (an integer from 0 to 127)? Reply with ONLY the integer. Nothing else. Output only the answer.,"Listen to this audio clip of a single musical note. What is the note name and octave? Reply with ONLY the note name in Scientific Pitch Notation (e.g. C4, F#3, Bb5). Nothing else. Output only the answer.","Listen to this audio clip of a single musical note. What is the solfege syllable and accidental (if needed) of this pitch? Use fixed-do (do=C, re=D, mi=E, fa=F, sol=G, la=A, si=B). Include sharps or flats when needed (e.g. do#, reb, fa#, sib). Do NOT include the octave. Reply with ONLY the syllable and accidental (if needed). Nothing else. Output only the answer.","Listen to this audio clip of a single musical note. What is the main pitch frequency, expressed in Hertz? Reply with ONLY a number (the frequency in Hz). Nothing else. Output only the answer."
clean,clean,{},64,electric_keyboard,instrument,64,64,1,1,1,1,E4,C6,0,0,0,mi,fa#,0,0,1,64,C6,solb,64,/home/hsnu2/PitchBench/data/audio/pitchbench_e2_audio_effects/E4_electric_keyboard_5000ms_fx_clean.wav,E4_electric_keyboard_5000ms_fx_clean.wav,Listen to this audio clip of a single musical note. What is the MIDI note number (an integer from 0 to 127)? Reply with ONLY the integer. Nothing else. Output only the answer.,"Listen to this audio clip of a single musical note. What is the note name and octave? Reply with ONLY the note name in Scientific Pitch Notation (e.g. C4, F#3, Bb5). Nothing else. Output only the answer.","Listen to this audio clip of a single musical note. What is the solfege syllable and accidental (if needed) of this pitch? Use fixed-do (do=C, re=D, mi=E, fa=F, sol=G, la=A, si=B). Include sharps or flats when needed (e.g. do#, reb, fa#, sib). Do NOT include the octave. Reply with ONLY the syllable and accidental (if needed). Nothing else. Output only the answer.","Listen to this audio clip of a single musical note. What is the main pitch frequency, expressed in Hertz? Reply with ONLY a number (the frequency in Hz). Nothing else. Output only the answer."
clean,clean,{},64,organ,instrument,64,64,1,1,1,1,E4,E4,1,1,1,mi,sol,0,0,1,64,E4,sol,640,/home/hsnu2/PitchBench/data/audio/pitchbench_e2_audio_effects/E4_organ_5000ms_fx_clean.wav,E4_organ_5000ms_fx_clean.wav,Listen to this audio clip of a single musical note. What is the MIDI note number (an integer from 0 to 127)? Reply with ONLY the integer. Nothing else. Output only the answer.,"Listen to this audio clip of a single musical note. What is the note name and octave? Reply with ONLY the note name in Scientific Pitch Notation (e.g. C4, F#3, Bb5). Nothing else. Output only the answer.","Listen to this audio clip of a single musical note. What is the solfege syllable and accidental (if needed) of this pitch? Use fixed-do (do=C, re=D, mi=E, fa=F, sol=G, la=A, si=B). Include sharps or flats when needed (e.g. do#, reb, fa#, sib). Do NOT include the octave. Reply with ONLY the syllable and accidental (if needed). Nothing else. Output only the answer.","Listen to this audio clip of a single musical note. What is the main pitch frequency, expressed in Hertz? Reply with ONLY a number (the frequency in Hz). Nothing else. Output only the answer."
clean,clean,{},64,sine,waveform,64,63,0,1,0,1,E4,C6,0,0,0,mi,sol,0,0,0,63,C6,sol,1075.0,/home/hsnu2/PitchBench/data/audio/pitchbench_e2_audio_effects/E4_sine_5000ms_fx_clean.wav,E4_sine_5000ms_fx_clean.wav,Listen to this audio clip of a single musical note. What is the MIDI note number (an integer from 0 to 127)? Reply with ONLY the integer. Nothing else. Output only the answer.,"Listen to this audio clip of a single musical note. What is the note name and octave? Reply with ONLY the note name in Scientific Pitch Notation (e.g. C4, F#3, Bb5). Nothing else. Output only the answer.","Listen to this audio clip of a single musical note. What is the solfege syllable and accidental (if needed) of this pitch? Use fixed-do (do=C, re=D, mi=E, fa=F, sol=G, la=A, si=B). Include sharps or flats when needed (e.g. do#, reb, fa#, sib). Do NOT include the octave. Reply with ONLY the syllable and accidental (if needed). Nothing else. Output only the answer.","Listen to this audio clip of a single musical note. What is the main pitch frequency, expressed in Hertz? Reply with ONLY a number (the frequency in Hz). Nothing else. Output only the answer."
clean,clean,{},64,oboe,instrument,64,64,1,1,1,1,E4,C4,0,0,1,mi,sol,0,0,1,64,C4,sol,640,/home/hsnu2/PitchBench/data/audio/pitchbench_e2_audio_effects/E4_oboe_5000ms_fx_clean.wav,E4_oboe_5000ms_fx_clean.wav,Listen to this audio clip of a single musical note. What is the MIDI note number (an integer from 0 to 127)? Reply with ONLY the integer. Nothing else. Output only the answer.,"Listen to this audio clip of a single musical note. What is the note name and octave? Reply with ONLY the note name in Scientific Pitch Notation (e.g. C4, F#3, Bb5). Nothing else. Output only the answer.","Listen to this audio clip of a single musical note. What is the solfege syllable and accidental (if needed) of this pitch? Use fixed-do (do=C, re=D, mi=E, fa=F, sol=G, la=A, si=B). Include sharps or flats when needed (e.g. do#, reb, fa#, sib). Do NOT include the octave. Reply with ONLY the syllable and accidental (if needed). Nothing else. Output only the answer.","Listen to this audio clip of a single musical note. What is the main pitch frequency, expressed in Hertz? Reply with ONLY a number (the frequency in Hz). Nothing else. Output only the answer."
clean,clean,{},69,trumpet,instrument,69,69,1,1,1,1,A4,A4,1,1,1,la,sol,0,0,1,69,A4,sol,450,/home/hsnu2/PitchBench/data/audio/pitchbench_e2_audio_effects/A4_trumpet_5000ms_fx_clean.wav,A4_trumpet_5000ms_fx_clean.wav,Listen to this audio clip of a single musical note. What is the MIDI note number (an integer from 0 to 127)? Reply with ONLY the integer. Nothing else. Output only the answer.,"Listen to this audio clip of a single musical note. What is the note name and octave? Reply with ONLY the note name in Scientific Pitch Notation (e.g. C4, F#3, Bb5). Nothing else. Output only the answer.","Listen to this audio clip of a single musical note. What is the solfege syllable and accidental (if needed) of this pitch? Use fixed-do (do=C, re=D, mi=E, fa=F, sol=G, la=A, si=B). Include sharps or flats when needed (e.g. do#, reb, fa#, sib). Do NOT include the octave. Reply with ONLY the syllable and accidental (if needed). Nothing else. Output only the answer.","Listen to this audio clip of a single musical note. What is the main pitch frequency, expressed in Hertz? Reply with ONLY a number (the frequency in Hz). Nothing else. Output only the answer."
clean,clean,{},69,synth_lead,instrument,69,69,1,1,1,1,A4,C6,0,0,0,la,sol,0,0,1,69,C6,sol,1058.43,/home/hsnu2/PitchBench/data/audio/pitchbench_e2_audio_effects/A4_synth_lead_5000ms_fx_clean.wav,A4_synth_lead_5000ms_fx_clean.wav,Listen to this audio clip of a single musical note. What is the MIDI note number (an integer from 0 to 127)? Reply with ONLY the integer. Nothing else. Output only the answer.,"Listen to this audio clip of a single musical note. What is the note name and octave? Reply with ONLY the note name in Scientific Pitch Notation (e.g. C4, F#3, Bb5). Nothing else. Output only the answer.","Listen to this audio clip of a single musical note. What is the solfege syllable and accidental (if needed) of this pitch? Use fixed-do (do=C, re=D, mi=E, fa=F, sol=G, la=A, si=B). Include sharps or flats when needed (e.g. do#, reb, fa#, sib). Do NOT include the octave. Reply with ONLY the syllable and accidental (if needed). Nothing else. Output only the answer.","Listen to this audio clip of a single musical note. What is the main pitch frequency, expressed in Hertz? Reply with ONLY a number (the frequency in Hz). Nothing else. Output only the answer."
clean,clean,{},69,electric_keyboard,instrument,69,69,1,1,1,1,A4,,0,0,0,la,mi,0,0,1,69,A minor 6th above middle A,mi,693.08,/home/hsnu2/PitchBench/data/audio/pitchbench_e2_audio_effects/A4_electric_keyboard_5000ms_fx_clean.wav,A4_electric_keyboard_5000ms_fx_clean.wav,Listen to this audio clip of a single musical note. What is the MIDI note number (an integer from 0 to 127)? Reply with ONLY the integer. Nothing else. Output only the answer.,"Listen to this audio clip of a single musical note. What is the note name and octave? Reply with ONLY the note name in Scientific Pitch Notation (e.g. C4, F#3, Bb5). Nothing else. Output only the answer.","Listen to this audio clip of a single musical note. What is the solfege syllable and accidental (if needed) of this pitch? Use fixed-do (do=C, re=D, mi=E, fa=F, sol=G, la=A, si=B). Include sharps or flats when needed (e.g. do#, reb, fa#, sib). Do NOT include the octave. Reply with ONLY the syllable and accidental (if needed). Nothing else. Output only the answer.","Listen to this audio clip of a single musical note. What is the main pitch frequency, expressed in Hertz? Reply with ONLY a number (the frequency in Hz). Nothing else. Output only the answer."
clean,clean,{},69,triangle,waveform,69,69,1,1,1,1,A4,A6,0,1,0,la,sol,0,0,1,69,A6,sol,450,/home/hsnu2/PitchBench/data/audio/pitchbench_e2_audio_effects/A4_triangle_5000ms_fx_clean.wav,A4_triangle_5000ms_fx_clean.wav,Listen to this audio clip of a single musical note. What is the MIDI note number (an integer from 0 to 127)? Reply with ONLY the integer. Nothing else. Output only the answer.,"Listen to this audio clip of a single musical note. What is the note name and octave? Reply with ONLY the note name in Scientific Pitch Notation (e.g. C4, F#3, Bb5). Nothing else. Output only the answer.","Listen to this audio clip of a single musical note. What is the solfege syllable and accidental (if needed) of this pitch? Use fixed-do (do=C, re=D, mi=E, fa=F, sol=G, la=A, si=B). Include sharps or flats when needed (e.g. do#, reb, fa#, sib). Do NOT include the octave. Reply with ONLY the syllable and accidental (if needed). Nothing else. Output only the answer.","Listen to this audio clip of a single musical note. What is the main pitch frequency, expressed in Hertz? Reply with ONLY a number (the frequency in Hz). Nothing else. Output only the answer."
clean,clean,{},69,cello,instrument,69,69,1,1,1,1,A4,A4,1,1,1,la,sol,0,0,1,69,A4,sol,493.88,/home/hsnu2/PitchBench/data/audio/pitchbench_e2_audio_effects/A4_cello_5000ms_fx_clean.wav,A4_cello_5000ms_fx_clean.wav,Listen to this audio clip of a single musical note. What is the MIDI note number (an integer from 0 to 127)? Reply with ONLY the integer. Nothing else. Output only the answer.,"Listen to this audio clip of a single musical note. What is the note name and octave? Reply with ONLY the note name in Scientific Pitch Notation (e.g. C4, F#3, Bb5). Nothing else. Output only the answer.","Listen to this audio clip of a single musical note. What is the solfege syllable and accidental (if needed) of this pitch? Use fixed-do (do=C, re=D, mi=E, fa=F, sol=G, la=A, si=B). Include sharps or flats when needed (e.g. do#, reb, fa#, sib). Do NOT include the octave. Reply with ONLY the syllable and accidental (if needed). Nothing else. Output only the answer.","Listen to this audio clip of a single musical note. What is the main pitch frequency, expressed in Hertz? Reply with ONLY a number (the frequency in Hz). Nothing else. Output only the answer."
clean,clean,{},79,trombone,instrument,79,69,0,0,0,0,G5,C6,0,0,0,sol,sol,1,0,1,69,C6,sol,659.30,/home/hsnu2/PitchBench/data/audio/pitchbench_e2_audio_effects/G5_trombone_5000ms_fx_clean.wav,G5_trombone_5000ms_fx_clean.wav,Listen to this audio clip of a single musical note. What is the MIDI note number (an integer from 0 to 127)? Reply with ONLY the integer. Nothing else. Output only the answer.,"Listen to this audio clip of a single musical note. What is the note name and octave? Reply with ONLY the note name in Scientific Pitch Notation (e.g. C4, F#3, Bb5). Nothing else. Output only the answer.","Listen to this audio clip of a single musical note. What is the solfege syllable and accidental (if needed) of this pitch? Use fixed-do (do=C, re=D, mi=E, fa=F, sol=G, la=A, si=B). Include sharps or flats when needed (e.g. do#, reb, fa#, sib). Do NOT include the octave. Reply with ONLY the syllable and accidental (if needed). Nothing else. Output only the answer.","Listen to this audio clip of a single musical note. What is the main pitch frequency, expressed in Hertz? Reply with ONLY a number (the frequency in Hz). Nothing else. Output only the answer."
clean,clean,{},79,synth_lead,instrument,79,68,0,0,0,0,G5,C6,0,0,0,sol,sol#,0,0,0,68,C6,sol#,1058.43,/home/hsnu2/PitchBench/data/audio/pitchbench_e2_audio_effects/G5_synth_lead_5000ms_fx_clean.wav,G5_synth_lead_5000ms_fx_clean.wav,Listen to this audio clip of a single musical note. What is the MIDI note number (an integer from 0 to 127)? Reply with ONLY the integer. Nothing else. Output only the answer.,"Listen to this audio clip of a single musical note. What is the note name and octave? Reply with ONLY the note name in Scientific Pitch Notation (e.g. C4, F#3, Bb5). Nothing else. Output only the answer.","Listen to this audio clip of a single musical note. What is the solfege syllable and accidental (if needed) of this pitch? Use fixed-do (do=C, re=D, mi=E, fa=F, sol=G, la=A, si=B). Include sharps or flats when needed (e.g. do#, reb, fa#, sib). Do NOT include the octave. Reply with ONLY the syllable and accidental (if needed). Nothing else. Output only the answer.","Listen to this audio clip of a single musical note. What is the main pitch frequency, expressed in Hertz? Reply with ONLY a number (the frequency in Hz). Nothing else. Output only the answer."
clean,clean,{},79,guitar,instrument,79,68,0,0,0,0,G5,C7,0,0,0,sol,fa#,0,0,0,68,C7,fa#,2500,/home/hsnu2/PitchBench/data/audio/pitchbench_e2_audio_effects/G5_guitar_5000ms_fx_clean.wav,G5_guitar_5000ms_fx_clean.wav,Listen to this audio clip of a single musical note. What is the MIDI note number (an integer from 0 to 127)? Reply with ONLY the integer. Nothing else. Output only the answer.,"Listen to this audio clip of a single musical note. What is the note name and octave? Reply with ONLY the note name in Scientific Pitch Notation (e.g. C4, F#3, Bb5). Nothing else. Output only the answer.","Listen to this audio clip of a single musical note. What is the solfege syllable and accidental (if needed) of this pitch? Use fixed-do (do=C, re=D, mi=E, fa=F, sol=G, la=A, si=B). Include sharps or flats when needed (e.g. do#, reb, fa#, sib). Do NOT include the octave. Reply with ONLY the syllable and accidental (if needed). Nothing else. Output only the answer.","Listen to this audio clip of a single musical note. What is the main pitch frequency, expressed in Hertz? Reply with ONLY a number (the frequency in Hz). Nothing else. Output only the answer."
clean,clean,{},79,piano,instrument,79,68,0,0,0,0,G5,F7,0,0,0,sol,sol,1,0,1,68,F7,sol,795,/home/hsnu2/PitchBench/data/audio/pitchbench_e2_audio_effects/G5_piano_5000ms_fx_clean.wav,G5_piano_5000ms_fx_clean.wav,Listen to this audio clip of a single musical note. What is the MIDI note number (an integer from 0 to 127)? Reply with ONLY the integer. Nothing else. Output only the answer.,"Listen to this audio clip of a single musical note. What is the note name and octave? Reply with ONLY the note name in Scientific Pitch Notation (e.g. C4, F#3, Bb5). Nothing else. Output only the answer.","Listen to this audio clip of a single musical note. What is the solfege syllable and accidental (if needed) of this pitch? Use fixed-do (do=C, re=D, mi=E, fa=F, sol=G, la=A, si=B). Include sharps or flats when needed (e.g. do#, reb, fa#, sib). Do NOT include the octave. Reply with ONLY the syllable and accidental (if needed). Nothing else. Output only the answer.","Listen to this audio clip of a single musical note. What is the main pitch frequency, expressed in Hertz? Reply with ONLY a number (the frequency in Hz). Nothing else. Output only the answer."
clean,clean,{},79,electric_keyboard,instrument,79,67,0,0,1,0,G5,C6,0,0,0,sol,sol,1,0,1,67,C6,sol,793.68,/home/hsnu2/PitchBench/data/audio/pitchbench_e2_audio_effects/G5_electric_keyboard_5000ms_fx_clean.wav,G5_electric_keyboard_5000ms_fx_clean.wav,Listen to this audio clip of a single musical note. What is the MIDI note number (an integer from 0 to 127)? Reply with ONLY the integer. Nothing else. Output only the answer.,"Listen to this audio clip of a single musical note. What is the note name and octave? Reply with ONLY the note name in Scientific Pitch Notation (e.g. C4, F#3, Bb5). Nothing else. Output only the answer.","Listen to this audio clip of a single musical note. What is the solfege syllable and accidental (if needed) of this pitch? Use fixed-do (do=C, re=D, mi=E, fa=F, sol=G, la=A, si=B). Include sharps or flats when needed (e.g. do#, reb, fa#, sib). Do NOT include the octave. Reply with ONLY the syllable and accidental (if needed). Nothing else. Output only the answer.","Listen to this audio clip of a single musical note. What is the main pitch frequency, expressed in Hertz? Reply with ONLY a number (the frequency in Hz). Nothing else. Output only the answer."
clean,clean,{},88,electric_keyboard,instrument,88,88,1,1,1,1,E6,B8,0,0,0,mi,fa#,0,0,1,88,B8,G#,830.41,/home/hsnu2/PitchBench/data/audio/pitchbench_e2_audio_effects/E6_electric_keyboard_5000ms_fx_clean.wav,E6_electric_keyboard_5000ms_fx_clean.wav,Listen to this audio clip of a single musical note. What is the MIDI note number (an integer from 0 to 127)? Reply with ONLY the integer. Nothing else. Output only the answer.,"Listen to this audio clip of a single musical note. What is the note name and octave? Reply with ONLY the note name in Scientific Pitch Notation (e.g. C4, F#3, Bb5). Nothing else. Output only the answer.","Listen to this audio clip of a single musical note. What is the solfege syllable and accidental (if needed) of this pitch? Use fixed-do (do=C, re=D, mi=E, fa=F, sol=G, la=A, si=B). Include sharps or flats when needed (e.g. do#, reb, fa#, sib). Do NOT include the octave. Reply with ONLY the syllable and accidental (if needed). Nothing else. Output only the answer.","Listen to this audio clip of a single musical note. What is the main pitch frequency, expressed in Hertz? Reply with ONLY a number (the frequency in Hz). Nothing else. Output only the answer."
clean,clean,{},88,synth_pad,instrument,88,69,0,0,0,0,E6,C6,0,0,1,mi,sol#,0,0,0,69,C6,sol#,1034.52,/home/hsnu2/PitchBench/data/audio/pitchbench_e2_audio_effects/E6_synth_pad_5000ms_fx_clean.wav,E6_synth_pad_5000ms_fx_clean.wav,Listen to this audio clip of a single musical note. What is the MIDI note number (an integer from 0 to 127)? Reply with ONLY the integer. Nothing else. Output only the answer.,"Listen to this audio clip of a single musical note. What is the note name and octave? Reply with ONLY the note name in Scientific Pitch Notation (e.g. C4, F#3, Bb5). Nothing else. Output only the answer.","Listen to this audio clip of a single musical note. What is the solfege syllable and accidental (if needed) of this pitch? Use fixed-do (do=C, re=D, mi=E, fa=F, sol=G, la=A, si=B). Include sharps or flats when needed (e.g. do#, reb, fa#, sib). Do NOT include the octave. Reply with ONLY the syllable and accidental (if needed). Nothing else. Output only the answer.","Listen to this audio clip of a single musical note. What is the main pitch frequency, expressed in Hertz? Reply with ONLY a number (the frequency in Hz). Nothing else. Output only the answer."
clean,clean,{},88,synth_lead,instrument,88,69,0,0,0,0,E6,C6,0,0,1,mi,sol,0,1,1,69,C6,sol,1309.85,/home/hsnu2/PitchBench/data/audio/pitchbench_e2_audio_effects/E6_synth_lead_5000ms_fx_clean.wav,E6_synth_lead_5000ms_fx_clean.wav,Listen to this audio clip of a single musical note. What is the MIDI note number (an integer from 0 to 127)? Reply with ONLY the integer. Nothing else. Output only the answer.,"Listen to this audio clip of a single musical note. What is the note name and octave? Reply with ONLY the note name in Scientific Pitch Notation (e.g. C4, F#3, Bb5). Nothing else. Output only the answer.","Listen to this audio clip of a single musical note. What is the solfege syllable and accidental (if needed) of this pitch? Use fixed-do (do=C, re=D, mi=E, fa=F, sol=G, la=A, si=B). Include sharps or flats when needed (e.g. do#, reb, fa#, sib). Do NOT include the octave. Reply with ONLY the syllable and accidental (if needed). Nothing else. Output only the answer.","Listen to this audio clip of a single musical note. What is the main pitch frequency, expressed in Hertz? Reply with ONLY a number (the frequency in Hz). Nothing else. Output only the answer."
clean,clean,{},88,sine,waveform,88,86,0,0,0,1,E6,C6,0,0,1,mi,sol,0,0,0,86,C6,sol,1046.53,/home/hsnu2/PitchBench/data/audio/pitchbench_e2_audio_effects/E6_sine_5000ms_fx_clean.wav,E6_sine_5000ms_fx_clean.wav,Listen to this audio clip of a single musical note. What is the MIDI note number (an integer from 0 to 127)? Reply with ONLY the integer. Nothing else. Output only the answer.,"Listen to this audio clip of a single musical note. What is the note name and octave? Reply with ONLY the note name in Scientific Pitch Notation (e.g. C4, F#3, Bb5). Nothing else. Output only the answer.","Listen to this audio clip of a single musical note. What is the solfege syllable and accidental (if needed) of this pitch? Use fixed-do (do=C, re=D, mi=E, fa=F, sol=G, la=A, si=B). Include sharps or flats when needed (e.g. do#, reb, fa#, sib). Do NOT include the octave. Reply with ONLY the syllable and accidental (if needed). Nothing else. Output only the answer.","Listen to this audio clip of a single musical note. What is the main pitch frequency, expressed in Hertz? Reply with ONLY a number (the frequency in Hz). Nothing else. Output only the answer."
clean,clean,{},88,trombone,instrument,88,86,0,0,0,1,E6,A#6,0,0,1,mi,sol,0,0,0,86,Bb6,sol,640,/home/hsnu2/PitchBench/data/audio/pitchbench_e2_audio_effects/E6_trombone_5000ms_fx_clean.wav,E6_trombone_5000ms_fx_clean.wav,Listen to this audio clip of a single musical note. What is the MIDI note number (an integer from 0 to 127)? Reply with ONLY the integer. Nothing else. Output only the answer.,"Listen to this audio clip of a single musical note. What is the note name and octave? Reply with ONLY the note name in Scientific Pitch Notation (e.g. C4, F#3, Bb5). Nothing else. Output only the answer.","Listen to this audio clip of a single musical note. What is the solfege syllable and accidental (if needed) of this pitch? Use fixed-do (do=C, re=D, mi=E, fa=F, sol=G, la=A, si=B). Include sharps or flats when needed (e.g. do#, reb, fa#, sib). Do NOT include the octave. Reply with ONLY the syllable and accidental (if needed). Nothing else. Output only the answer.","Listen to this audio clip of a single musical note. What is the main pitch frequency, expressed in Hertz? Reply with ONLY a number (the frequency in Hz). Nothing else. Output only the answer."
highpass_above_f0,highpass,"{'type': 'highpass', 'cutoff_ratio': 1.5, 'order': 6}",1030,clarinet,instrument,30,63,0,0,0,0,F#1,C6,0,0,0,fa#,fa#,1,0,1,63,C6,solb,415.306879,/home/hsnu2/PitchBench/data/audio/pitchbench_e2_audio_effects/Fs1_clarinet_5000ms_fx_highpass_above_f0.wav,Fs1_clarinet_5000ms_fx_highpass_above_f0.wav,Listen to this audio clip of a single musical note. What is the MIDI note number (an integer from 0 to 127)? Reply with ONLY the integer. Nothing else. Output only the answer.,"Listen to this audio clip of a single musical note. What is the note name and octave? Reply with ONLY the note name in Scientific Pitch Notation (e.g. C4, F#3, Bb5). Nothing else. Output only the answer.","Listen to this audio clip of a single musical note. What is the solfege syllable and accidental (if needed) of this pitch? Use fixed-do (do=C, re=D, mi=E, fa=F, sol=G, la=A, si=B). Include sharps or flats when needed (e.g. do#, reb, fa#, sib). Do NOT include the octave. Reply with ONLY the syllable and accidental (if needed). Nothing else. Output only the answer.","Listen to this audio clip of a single musical note. What is the main pitch frequency, expressed in Hertz? Reply with ONLY a number (the frequency in Hz). Nothing else. Output only the answer."
highpass_above_f0,highpass,"{'type': 'highpass', 'cutoff_ratio': 1.5, 'order': 6}",1030,bass,instrument,30,43,0,0,0,0,F#1,A#2,0,0,0,fa#,sol,0,0,0,43,Bb2,sol,105.26,/home/hsnu2/PitchBench/data/audio/pitchbench_e2_audio_effects/Fs1_bass_5000ms_fx_highpass_above_f0.wav,Fs1_bass_5000ms_fx_highpass_above_f0.wav,Listen to this audio clip of a single musical note. What is the MIDI note number (an integer from 0 to 127)? Reply with ONLY the integer. Nothing else. Output only the answer.,"Listen to this audio clip of a single musical note. What is the note name and octave? Reply with ONLY the note name in Scientific Pitch Notation (e.g. C4, F#3, Bb5). Nothing else. Output only the answer.","Listen to this audio clip of a single musical note. What is the solfege syllable and accidental (if needed) of this pitch? Use fixed-do (do=C, re=D, mi=E, fa=F, sol=G, la=A, si=B). Include sharps or flats when needed (e.g. do#, reb, fa#, sib). Do NOT include the octave. Reply with ONLY the syllable and accidental (if needed). Nothing else. Output only the answer.","Listen to this audio clip of a single musical note. What is the main pitch frequency, expressed in Hertz? Reply with ONLY a number (the frequency in Hz). Nothing else. Output only the answer."
highpass_above_f0,highpass,"{'type': 'highpass', 'cutoff_ratio': 1.5, 'order': 6}",1030,sine,waveform,30,34,0,0,0,1,F#1,C2,0,0,0,fa#,fa#,1,0,1,34,C2,solb,250,/home/hsnu2/PitchBench/data/audio/pitchbench_e2_audio_effects/Fs1_sine_5000ms_fx_highpass_above_f0.wav,Fs1_sine_5000ms_fx_highpass_above_f0.wav,Listen to this audio clip of a single musical note. What is the MIDI note number (an integer from 0 to 127)? Reply with ONLY the integer. Nothing else. Output only the answer.,"Listen to this audio clip of a single musical note. What is the note name and octave? Reply with ONLY the note name in Scientific Pitch Notation (e.g. C4, F#3, Bb5). Nothing else. Output only the answer.","Listen to this audio clip of a single musical note. What is the solfege syllable and accidental (if needed) of this pitch? Use fixed-do (do=C, re=D, mi=E, fa=F, sol=G, la=A, si=B). Include sharps or flats when needed (e.g. do#, reb, fa#, sib). Do NOT include the octave. Reply with ONLY the syllable and accidental (if needed). Nothing else. Output only the answer.","Listen to this audio clip of a single musical note. What is the main pitch frequency, expressed in Hertz? Reply with ONLY a number (the frequency in Hz). Nothing else. Output only the answer."
highpass_above_f0,highpass,"{'type': 'highpass', 'cutoff_ratio': 1.5, 'order': 6}",1030,triangle,waveform,30,43,0,0,0,0,F#1,A#2,0,0,0,fa#,sol,0,0,0,43,Bb2,sol,450,/home/hsnu2/PitchBench/data/audio/pitchbench_e2_audio_effects/Fs1_triangle_5000ms_fx_highpass_above_f0.wav,Fs1_triangle_5000ms_fx_highpass_above_f0.wav,Listen to this audio clip of a single musical note. What is the MIDI note number (an integer from 0 to 127)? Reply with ONLY the integer. Nothing else. Output only the answer.,"Listen to this audio clip of a single musical note. What is the note name and octave? Reply with ONLY the note name in Scientific Pitch Notation (e.g. C4, F#3, Bb5). Nothing else. Output only the answer.","Listen to this audio clip of a single musical note. What is the solfege syllable and accidental (if needed) of this pitch? Use fixed-do (do=C, re=D, mi=E, fa=F, sol=G, la=A, si=B). Include sharps or flats when needed (e.g. do#, reb, fa#, sib). Do NOT include the octave. Reply with ONLY the syllable and accidental (if needed). Nothing else. Output only the answer.","Listen to this audio clip of a single musical note. What is the main pitch frequency, expressed in Hertz? Reply with ONLY a number (the frequency in Hz). Nothing else. Output only the answer."
highpass_above_f0,highpass,"{'type': 'highpass', 'cutoff_ratio': 1.5, 'order': 6}",1030,organ,instrument,30,43,0,0,0,0,F#1,F#3,0,1,0,fa#,fa#,1,0,1,43,F#3,solb,107.65,/home/hsnu2/PitchBench/data/audio/pitchbench_e2_audio_effects/Fs1_organ_5000ms_fx_highpass_above_f0.wav,Fs1_organ_5000ms_fx_highpass_above_f0.wav,Listen to this audio clip of a single musical note. What is the MIDI note number (an integer from 0 to 127)? Reply with ONLY the integer. Nothing else. Output only the answer.,"Listen to this audio clip of a single musical note. What is the note name and octave? Reply with ONLY the note name in Scientific Pitch Notation (e.g. C4, F#3, Bb5). Nothing else. Output only the answer.","Listen to this audio clip of a single musical note. What is the solfege syllable and accidental (if needed) of this pitch? Use fixed-do (do=C, re=D, mi=E, fa=F, sol=G, la=A, si=B). Include sharps or flats when needed (e.g. do#, reb, fa#, sib). Do NOT include the octave. Reply with ONLY the syllable and accidental (if needed). Nothing else. Output only the answer.","Listen to this audio clip of a single musical note. What is the main pitch frequency, expressed in Hertz? Reply with ONLY a number (the frequency in Hz). Nothing else. Output only the answer."
highpass_above_f0,highpass,"{'type': 'highpass', 'cutoff_ratio': 1.5, 'order': 6}",1036,oboe,instrument,36,36,1,1,1,1,C2,C2,1,1,1,do,fa#,0,0,1,36,C2,solb,250,/home/hsnu2/PitchBench/data/audio/pitchbench_e2_audio_effects/C2_oboe_5000ms_fx_highpass_above_f0.wav,C2_oboe_5000ms_fx_highpass_above_f0.wav,Listen to this audio clip of a single musical note. What is the MIDI note number (an integer from 0 to 127)? Reply with ONLY the integer. Nothing else. Output only the answer.,"Listen to this audio clip of a single musical note. What is the note name and octave? Reply with ONLY the note name in Scientific Pitch Notation (e.g. C4, F#3, Bb5). Nothing else. Output only the answer.","Listen to this audio clip of a single musical note. What is the solfege syllable and accidental (if needed) of this pitch? Use fixed-do (do=C, re=D, mi=E, fa=F, sol=G, la=A, si=B). Include sharps or flats when needed (e.g. do#, reb, fa#, sib). Do NOT include the octave. Reply with ONLY the syllable and accidental (if needed). Nothing else. Output only the answer.","Listen to this audio clip of a single musical note. What is the main pitch frequency, expressed in Hertz? Reply with ONLY a number (the frequency in Hz). Nothing else. Output only the answer."
highpass_above_f0,highpass,"{'type': 'highpass', 'cutoff_ratio': 1.5, 'order': 6}",1036,trombone,instrument,36,35,0,1,0,0,C2,A#2,0,0,1,do,sol,0,0,0,35,Bb2,sol,450,/home/hsnu2/PitchBench/data/audio/pitchbench_e2_audio_effects/C2_trombone_5000ms_fx_highpass_above_f0.wav,C2_trombone_5000ms_fx_highpass_above_f0.wav,Listen to this audio clip of a single musical note. What is the MIDI note number (an integer from 0 to 127)? Reply with ONLY the integer. Nothing else. Output only the answer.,"Listen to this audio clip of a single musical note. What is the note name and octave? Reply with ONLY the note name in Scientific Pitch Notation (e.g. C4, F#3, Bb5). Nothing else. Output only the answer.","Listen to this audio clip of a single musical note. What is the solfege syllable and accidental (if needed) of this pitch? Use fixed-do (do=C, re=D, mi=E, fa=F, sol=G, la=A, si=B). Include sharps or flats when needed (e.g. do#, reb, fa#, sib). Do NOT include the octave. Reply with ONLY the syllable and accidental (if needed). Nothing else. Output only the answer.","Listen to this audio clip of a single musical note. What is the main pitch frequency, expressed in Hertz? Reply with ONLY a number (the frequency in Hz). Nothing else. Output only the answer."
highpass_above_f0,highpass,"{'type': 'highpass', 'cutoff_ratio': 1.5, 'order': 6}",1036,flute,instrument,36,65,0,0,0,0,C2,C2,1,1,1,do,fa#,0,0,1,65,C2,solb,415.30,/home/hsnu2/PitchBench/data/audio/pitchbench_e2_audio_effects/C2_flute_5000ms_fx_highpass_above_f0.wav,C2_flute_5000ms_fx_highpass_above_f0.wav,Listen to this audio clip of a single musical note. What is the MIDI note number (an integer from 0 to 127)? Reply with ONLY the integer. Nothing else. Output only the answer.,"Listen to this audio clip of a single musical note. What is the note name and octave? Reply with ONLY the note name in Scientific Pitch Notation (e.g. C4, F#3, Bb5). Nothing else. Output only the answer.","Listen to this audio clip of a single musical note. What is the solfege syllable and accidental (if needed) of this pitch? Use fixed-do (do=C, re=D, mi=E, fa=F, sol=G, la=A, si=B). Include sharps or flats when needed (e.g. do#, reb, fa#, sib). Do NOT include the octave. Reply with ONLY the syllable and accidental (if needed). Nothing else. Output only the answer.","Listen to this audio clip of a single musical note. What is the main pitch frequency, expressed in Hertz? Reply with ONLY a number (the frequency in Hz). Nothing else. Output only the answer."
highpass_above_f0,highpass,"{'type': 'highpass', 'cutoff_ratio': 1.5, 'order': 6}",1036,sawtooth,waveform,36,43,0,0,0,1,C2,A#2,0,0,1,do,sol,0,0,0,43,Bb2,sol,450,/home/hsnu2/PitchBench/data/audio/pitchbench_e2_audio_effects/C2_sawtooth_5000ms_fx_highpass_above_f0.wav,C2_sawtooth_5000ms_fx_highpass_above_f0.wav,Listen to this audio clip of a single musical note. What is the MIDI note number (an integer from 0 to 127)? Reply with ONLY the integer. Nothing else. Output only the answer.,"Listen to this audio clip of a single musical note. What is the note name and octave? Reply with ONLY the note name in Scientific Pitch Notation (e.g. C4, F#3, Bb5). Nothing else. Output only the answer.","Listen to this audio clip of a single musical note. What is the solfege syllable and accidental (if needed) of this pitch? Use fixed-do (do=C, re=D, mi=E, fa=F, sol=G, la=A, si=B). Include sharps or flats when needed (e.g. do#, reb, fa#, sib). Do NOT include the octave. Reply with ONLY the syllable and accidental (if needed). Nothing else. Output only the answer.","Listen to this audio clip of a single musical note. What is the main pitch frequency, expressed in Hertz? Reply with ONLY a number (the frequency in Hz). Nothing else. Output only the answer."
highpass_above_f0,highpass,"{'type': 'highpass', 'cutoff_ratio': 1.5, 'order': 6}",1036,triangle,waveform,36,43,0,0,0,1,C2,A2,0,0,1,do,sol,0,0,0,43,A2,sol,435.0,/home/hsnu2/PitchBench/data/audio/pitchbench_e2_audio_effects/C2_triangle_5000ms_fx_highpass_above_f0.wav,C2_triangle_5000ms_fx_highpass_above_f0.wav,Listen to this audio clip of a single musical note. What is the MIDI note number (an integer from 0 to 127)? Reply with ONLY the integer. Nothing else. Output only the answer.,"Listen to this audio clip of a single musical note. What is the note name and octave? Reply with ONLY the note name in Scientific Pitch Notation (e.g. C4, F#3, Bb5). Nothing else. Output only the answer.","Listen to this audio clip of a single musical note. What is the solfege syllable and accidental (if needed) of this pitch? Use fixed-do (do=C, re=D, mi=E, fa=F, sol=G, la=A, si=B). Include sharps or flats when needed (e.g. do#, reb, fa#, sib). Do NOT include the octave. Reply with ONLY the syllable and accidental (if needed). Nothing else. Output only the answer.","Listen to this audio clip of a single musical note. What is the main pitch frequency, expressed in Hertz? Reply with ONLY a number (the frequency in Hz). Nothing else. Output only the answer."
highpass_above_f0,highpass,"{'type': 'highpass', 'cutoff_ratio': 1.5, 'order': 6}",1043,voice,instrument,43,43,1,1,1,1,G2,C4,0,0,0,sol,sol,1,0,1,43,C4,sol,435,/home/hsnu2/PitchBench/data/audio/pitchbench_e2_audio_effects/G2_voice_5000ms_fx_highpass_above_f0.wav,G2_voice_5000ms_fx_highpass_above_f0.wav,Listen to this audio clip of a single musical note. What is the MIDI note number (an integer from 0 to 127)? Reply with ONLY the integer. Nothing else. Output only the answer.,"Listen to this audio clip of a single musical note. What is the note name and octave? Reply with ONLY the note name in Scientific Pitch Notation (e.g. C4, F#3, Bb5). Nothing else. Output only the answer.","Listen to this audio clip of a single musical note. What is the solfege syllable and accidental (if needed) of this pitch? Use fixed-do (do=C, re=D, mi=E, fa=F, sol=G, la=A, si=B). Include sharps or flats when needed (e.g. do#, reb, fa#, sib). Do NOT include the octave. Reply with ONLY the syllable and accidental (if needed). Nothing else. Output only the answer.","Listen to this audio clip of a single musical note. What is the main pitch frequency, expressed in Hertz? Reply with ONLY a number (the frequency in Hz). Nothing else. Output only the answer."
highpass_above_f0,highpass,"{'type': 'highpass', 'cutoff_ratio': 1.5, 'order': 6}",1043,square,waveform,43,58,0,0,0,0,G2,A4,0,0,0,sol,sol,1,0,1,58,A4,sol,450,/home/hsnu2/PitchBench/data/audio/pitchbench_e2_audio_effects/G2_square_5000ms_fx_highpass_above_f0.wav,G2_square_5000ms_fx_highpass_above_f0.wav,Listen to this audio clip of a single musical note. What is the MIDI note number (an integer from 0 to 127)? Reply with ONLY the integer. Nothing else. Output only the answer.,"Listen to this audio clip of a single musical note. What is the note name and octave? Reply with ONLY the note name in Scientific Pitch Notation (e.g. C4, F#3, Bb5). Nothing else. Output only the answer.","Listen to this audio clip of a single musical note. What is the solfege syllable and accidental (if needed) of this pitch? Use fixed-do (do=C, re=D, mi=E, fa=F, sol=G, la=A, si=B). Include sharps or flats when needed (e.g. do#, reb, fa#, sib). Do NOT include the octave. Reply with ONLY the syllable and accidental (if needed). Nothing else. Output only the answer.","Listen to this audio clip of a single musical note. What is the main pitch frequency, expressed in Hertz? Reply with ONLY a number (the frequency in Hz). Nothing else. Output only the answer."
highpass_above_f0,highpass,"{'type': 'highpass', 'cutoff_ratio': 1.5, 'order': 6}",1043,synth_pad,instrument,43,64,0,0,0,0,G2,C6,0,0,0,sol,sol,1,0,1,64,C6,sol,460,/home/hsnu2/PitchBench/data/audio/pitchbench_e2_audio_effects/G2_synth_pad_5000ms_fx_highpass_above_f0.wav,G2_synth_pad_5000ms_fx_highpass_above_f0.wav,Listen to this audio clip of a single musical note. What is the MIDI note number (an integer from 0 to 127)? Reply with ONLY the integer. Nothing else. Output only the answer.,"Listen to this audio clip of a single musical note. What is the note name and octave? Reply with ONLY the note name in Scientific Pitch Notation (e.g. C4, F#3, Bb5). Nothing else. Output only the answer.","Listen to this audio clip of a single musical note. What is the solfege syllable and accidental (if needed) of this pitch? Use fixed-do (do=C, re=D, mi=E, fa=F, sol=G, la=A, si=B). Include sharps or flats when needed (e.g. do#, reb, fa#, sib). Do NOT include the octave. Reply with ONLY the syllable and accidental (if needed). Nothing else. Output only the answer.","Listen to this audio clip of a single musical note. What is the main pitch frequency, expressed in Hertz? Reply with ONLY a number (the frequency in Hz). Nothing else. Output only the answer."
highpass_above_f0,highpass,"{'type': 'highpass', 'cutoff_ratio': 1.5, 'order': 6}",1043,bass,instrument,43,48,0,0,0,0,G2,C4,0,0,0,sol,sol,1,0,1,48,C4,sol,435,/home/hsnu2/PitchBench/data/audio/pitchbench_e2_audio_effects/G2_bass_5000ms_fx_highpass_above_f0.wav,G2_bass_5000ms_fx_highpass_above_f0.wav,Listen to this audio clip of a single musical note. What is the MIDI note number (an integer from 0 to 127)? Reply with ONLY the integer. Nothing else. Output only the answer.,"Listen to this audio clip of a single musical note. What is the note name and octave? Reply with ONLY the note name in Scientific Pitch Notation (e.g. C4, F#3, Bb5). Nothing else. Output only the answer.","Listen to this audio clip of a single musical note. What is the solfege syllable and accidental (if needed) of this pitch? Use fixed-do (do=C, re=D, mi=E, fa=F, sol=G, la=A, si=B). Include sharps or flats when needed (e.g. do#, reb, fa#, sib). Do NOT include the octave. Reply with ONLY the syllable and accidental (if needed). Nothing else. Output only the answer.","Listen to this audio clip of a single musical note. What is the main pitch frequency, expressed in Hertz? Reply with ONLY a number (the frequency in Hz). Nothing else. Output only the answer."
highpass_above_f0,highpass,"{'type': 'highpass', 'cutoff_ratio': 1.5, 'order': 6}",1043,cello,instrument,43,43,1,1,1,1,G2,C2,0,0,1,sol,sol,1,0,1,43,C2,sol,435,/home/hsnu2/PitchBench/data/audio/pitchbench_e2_audio_effects/G2_cello_5000ms_fx_highpass_above_f0.wav,G2_cello_5000ms_fx_highpass_above_f0.wav,Listen to this audio clip of a single musical note. What is the MIDI note number (an integer from 0 to 127)? Reply with ONLY the integer. Nothing else. Output only the answer.,"Listen to this audio clip of a single musical note. What is the note name and octave? Reply with ONLY the note name in Scientific Pitch Notation (e.g. C4, F#3, Bb5). Nothing else. Output only the answer.","Listen to this audio clip of a single musical note. What is the solfege syllable and accidental (if needed) of this pitch? Use fixed-do (do=C, re=D, mi=E, fa=F, sol=G, la=A, si=B). Include sharps or flats when needed (e.g. do#, reb, fa#, sib). Do NOT include the octave. Reply with ONLY the syllable and accidental (if needed). Nothing else. Output only the answer.","Listen to this audio clip of a single musical note. What is the main pitch frequency, expressed in Hertz? Reply with ONLY a number (the frequency in Hz). Nothing else. Output only the answer."
highpass_above_f0,highpass,"{'type': 'highpass', 'cutoff_ratio': 1.5, 'order': 6}",1048,square,waveform,48,65,0,0,0,0,C3,F#2,0,0,0,do,sol,0,0,0,65,F#2,sol,1058.43,/home/hsnu2/PitchBench/data/audio/pitchbench_e2_audio_effects/C3_square_5000ms_fx_highpass_above_f0.wav,C3_square_5000ms_fx_highpass_above_f0.wav,Listen to this audio clip of a single musical note. What is the MIDI note number (an integer from 0 to 127)? Reply with ONLY the integer. Nothing else. Output only the answer.,"Listen to this audio clip of a single musical note. What is the note name and octave? Reply with ONLY the note name in Scientific Pitch Notation (e.g. C4, F#3, Bb5). Nothing else. Output only the answer.","Listen to this audio clip of a single musical note. What is the solfege syllable and accidental (if needed) of this pitch? Use fixed-do (do=C, re=D, mi=E, fa=F, sol=G, la=A, si=B). Include sharps or flats when needed (e.g. do#, reb, fa#, sib). Do NOT include the octave. Reply with ONLY the syllable and accidental (if needed). Nothing else. Output only the answer.","Listen to this audio clip of a single musical note. What is the main pitch frequency, expressed in Hertz? Reply with ONLY a number (the frequency in Hz). Nothing else. Output only the answer."
highpass_above_f0,highpass,"{'type': 'highpass', 'cutoff_ratio': 1.5, 'order': 6}",1048,synth_pad,instrument,48,68,0,0,0,0,C3,C6,0,1,0,do,sol,0,0,0,68,C6,sol,480,/home/hsnu2/PitchBench/data/audio/pitchbench_e2_audio_effects/C3_synth_pad_5000ms_fx_highpass_above_f0.wav,C3_synth_pad_5000ms_fx_highpass_above_f0.wav,Listen to this audio clip of a single musical note. What is the MIDI note number (an integer from 0 to 127)? Reply with ONLY the integer. Nothing else. Output only the answer.,"Listen to this audio clip of a single musical note. What is the note name and octave? Reply with ONLY the note name in Scientific Pitch Notation (e.g. C4, F#3, Bb5). Nothing else. Output only the answer.","Listen to this audio clip of a single musical note. What is the solfege syllable and accidental (if needed) of this pitch? Use fixed-do (do=C, re=D, mi=E, fa=F, sol=G, la=A, si=B). Include sharps or flats when needed (e.g. do#, reb, fa#, sib). Do NOT include the octave. Reply with ONLY the syllable and accidental (if needed). Nothing else. Output only the answer.","Listen to this audio clip of a single musical note. What is the main pitch frequency, expressed in Hertz? Reply with ONLY a number (the frequency in Hz). Nothing else. Output only the answer."
highpass_above_f0,highpass,"{'type': 'highpass', 'cutoff_ratio': 1.5, 'order': 6}",1048,piano,instrument,48,63,0,0,0,0,C3,C6,0,1,0,do,sol,0,0,0,63,C6,sol,480,/home/hsnu2/PitchBench/data/audio/pitchbench_e2_audio_effects/C3_piano_5000ms_fx_highpass_above_f0.wav,C3_piano_5000ms_fx_highpass_above_f0.wav,Listen to this audio clip of a single musical note. What is the MIDI note number (an integer from 0 to 127)? Reply with ONLY the integer. Nothing else. Output only the answer.,"Listen to this audio clip of a single musical note. What is the note name and octave? Reply with ONLY the note name in Scientific Pitch Notation (e.g. C4, F#3, Bb5). Nothing else. Output only the answer.","Listen to this audio clip of a single musical note. What is the solfege syllable and accidental (if needed) of this pitch? Use fixed-do (do=C, re=D, mi=E, fa=F, sol=G, la=A, si=B). Include sharps or flats when needed (e.g. do#, reb, fa#, sib). Do NOT include the octave. Reply with ONLY the syllable and accidental (if needed). Nothing else. Output only the answer.","Listen to this audio clip of a single musical note. What is the main pitch frequency, expressed in Hertz? Reply with ONLY a number (the frequency in Hz). Nothing else. Output only the answer."
highpass_above_f0,highpass,"{'type': 'highpass', 'cutoff_ratio': 1.5, 'order': 6}",1048,synth_lead,instrument,48,68,0,0,0,0,C3,C6,0,1,0,do,sol#,0,0,0,68,C6,sol#,1200,/home/hsnu2/PitchBench/data/audio/pitchbench_e2_audio_effects/C3_synth_lead_5000ms_fx_highpass_above_f0.wav,C3_synth_lead_5000ms_fx_highpass_above_f0.wav,Listen to this audio clip of a single musical note. What is the MIDI note number (an integer from 0 to 127)? Reply with ONLY the integer. Nothing else. Output only the answer.,"Listen to this audio clip of a single musical note. What is the note name and octave? Reply with ONLY the note name in Scientific Pitch Notation (e.g. C4, F#3, Bb5). Nothing else. Output only the answer.","Listen to this audio clip of a single musical note. What is the solfege syllable and accidental (if needed) of this pitch? Use fixed-do (do=C, re=D, mi=E, fa=F, sol=G, la=A, si=B). Include sharps or flats when needed (e.g. do#, reb, fa#, sib). Do NOT include the octave. Reply with ONLY the syllable and accidental (if needed). Nothing else. Output only the answer.","Listen to this audio clip of a single musical note. What is the main pitch frequency, expressed in Hertz? Reply with ONLY a number (the frequency in Hz). Nothing else. Output only the answer."
highpass_above_f0,highpass,"{'type': 'highpass', 'cutoff_ratio': 1.5, 'order': 6}",1048,clarinet,instrument,48,64,0,0,0,0,C3,C6,0,1,0,do,sol,0,0,0,64,C6,sol,480,/home/hsnu2/PitchBench/data/audio/pitchbench_e2_audio_effects/C3_clarinet_5000ms_fx_highpass_above_f0.wav,C3_clarinet_5000ms_fx_highpass_above_f0.wav,Listen to this audio clip of a single musical note. What is the MIDI note number (an integer from 0 to 127)? Reply with ONLY the integer. Nothing else. Output only the answer.,"Listen to this audio clip of a single musical note. What is the note name and octave? Reply with ONLY the note name in Scientific Pitch Notation (e.g. C4, F#3, Bb5). Nothing else. Output only the answer.","Listen to this audio clip of a single musical note. What is the solfege syllable and accidental (if needed) of this pitch? Use fixed-do (do=C, re=D, mi=E, fa=F, sol=G, la=A, si=B). Include sharps or flats when needed (e.g. do#, reb, fa#, sib). Do NOT include the octave. Reply with ONLY the syllable and accidental (if needed). Nothing else. Output only the answer.","Listen to this audio clip of a single musical note. What is the main pitch frequency, expressed in Hertz? Reply with ONLY a number (the frequency in Hz). Nothing else. Output only the answer."
highpass_above_f0,highpass,"{'type': 'highpass', 'cutoff_ratio': 1.5, 'order': 6}",1054,bass,instrument,54,54,1,1,1,1,F#3,C6,0,0,0,fa#,fa#,1,0,1,54,C6,solb,435,/home/hsnu2/PitchBench/data/audio/pitchbench_e2_audio_effects/Fs3_bass_5000ms_fx_highpass_above_f0.wav,Fs3_bass_5000ms_fx_highpass_above_f0.wav,Listen to this audio clip of a single musical note. What is the MIDI note number (an integer from 0 to 127)? Reply with ONLY the integer. Nothing else. Output only the answer.,"Listen to this audio clip of a single musical note. What is the note name and octave? Reply with ONLY the note name in Scientific Pitch Notation (e.g. C4, F#3, Bb5). Nothing else. Output only the answer.","Listen to this audio clip of a single musical note. What is the solfege syllable and accidental (if needed) of this pitch? Use fixed-do (do=C, re=D, mi=E, fa=F, sol=G, la=A, si=B). Include sharps or flats when needed (e.g. do#, reb, fa#, sib). Do NOT include the octave. Reply with ONLY the syllable and accidental (if needed). Nothing else. Output only the answer.","Listen to this audio clip of a single musical note. What is the main pitch frequency, expressed in Hertz? Reply with ONLY a number (the frequency in Hz). Nothing else. Output only the answer."
highpass_above_f0,highpass,"{'type': 'highpass', 'cutoff_ratio': 1.5, 'order': 6}",1054,synth_pad,instrument,54,68,0,0,0,0,F#3,C6,0,0,0,fa#,sol,0,0,0,68,C6,sol,480,/home/hsnu2/PitchBench/data/audio/pitchbench_e2_audio_effects/Fs3_synth_pad_5000ms_fx_highpass_above_f0.wav,Fs3_synth_pad_5000ms_fx_highpass_above_f0.wav,Listen to this audio clip of a single musical note. What is the MIDI note number (an integer from 0 to 127)? Reply with ONLY the integer. Nothing else. Output only the answer.,"Listen to this audio clip of a single musical note. What is the note name and octave? Reply with ONLY the note name in Scientific Pitch Notation (e.g. C4, F#3, Bb5). Nothing else. Output only the answer.","Listen to this audio clip of a single musical note. What is the solfege syllable and accidental (if needed) of this pitch? Use fixed-do (do=C, re=D, mi=E, fa=F, sol=G, la=A, si=B). Include sharps or flats when needed (e.g. do#, reb, fa#, sib). Do NOT include the octave. Reply with ONLY the syllable and accidental (if needed). Nothing else. Output only the answer.","Listen to this audio clip of a single musical note. What is the main pitch frequency, expressed in Hertz? Reply with ONLY a number (the frequency in Hz). Nothing else. Output only the answer."
highpass_above_f0,highpass,"{'type': 'highpass', 'cutoff_ratio': 1.5, 'order': 6}",1054,electric_keyboard,instrument,54,54,1,1,1,1,F#3,C6,0,0,0,fa#,sol,0,0,1,54,C6,sol,480,/home/hsnu2/PitchBench/data/audio/pitchbench_e2_audio_effects/Fs3_electric_keyboard_5000ms_fx_highpass_above_f0.wav,Fs3_electric_keyboard_5000ms_fx_highpass_above_f0.wav,Listen to this audio clip of a single musical note. What is the MIDI note number (an integer from 0 to 127)? Reply with ONLY the integer. Nothing else. Output only the answer.,"Listen to this audio clip of a single musical note. What is the note name and octave? Reply with ONLY the note name in Scientific Pitch Notation (e.g. C4, F#3, Bb5). Nothing else. Output only the answer.","Listen to this audio clip of a single musical note. What is the solfege syllable and accidental (if needed) of this pitch? Use fixed-do (do=C, re=D, mi=E, fa=F, sol=G, la=A, si=B). Include sharps or flats when needed (e.g. do#, reb, fa#, sib). Do NOT include the octave. Reply with ONLY the syllable and accidental (if needed). Nothing else. Output only the answer.","Listen to this audio clip of a single musical note. What is the main pitch frequency, expressed in Hertz? Reply with ONLY a number (the frequency in Hz). Nothing else. Output only the answer."
highpass_above_f0,highpass,"{'type': 'highpass', 'cutoff_ratio': 1.5, 'order': 6}",1054,trumpet,instrument,54,65,0,0,0,0,F#3,F#4,0,1,0,fa#,sol,0,0,0,65,F#4,sol,435.0,/home/hsnu2/PitchBench/data/audio/pitchbench_e2_audio_effects/Fs3_trumpet_5000ms_fx_highpass_above_f0.wav,Fs3_trumpet_5000ms_fx_highpass_above_f0.wav,Listen to this audio clip of a single musical note. What is the MIDI note number (an integer from 0 to 127)? Reply with ONLY the integer. Nothing else. Output only the answer.,"Listen to this audio clip of a single musical note. What is the note name and octave? Reply with ONLY the note name in Scientific Pitch Notation (e.g. C4, F#3, Bb5). Nothing else. Output only the answer.","Listen to this audio clip of a single musical note. What is the solfege syllable and accidental (if needed) of this pitch? Use fixed-do (do=C, re=D, mi=E, fa=F, sol=G, la=A, si=B). Include sharps or flats when needed (e.g. do#, reb, fa#, sib). Do NOT include the octave. Reply with ONLY the syllable and accidental (if needed). Nothing else. Output only the answer.","Listen to this audio clip of a single musical note. What is the main pitch frequency, expressed in Hertz? Reply with ONLY a number (the frequency in Hz). Nothing else. Output only the answer."
highpass_above_f0,highpass,"{'type': 'highpass', 'cutoff_ratio': 1.5, 'order': 6}",1054,voice,instrument,54,65,0,0,0,0,F#3,C4,0,0,0,fa#,sol,0,0,0,65,C4,sol,480,/home/hsnu2/PitchBench/data/audio/pitchbench_e2_audio_effects/Fs3_voice_5000ms_fx_highpass_above_f0.wav,Fs3_voice_5000ms_fx_highpass_above_f0.wav,Listen to this audio clip of a single musical note. What is the MIDI note number (an integer from 0 to 127)? Reply with ONLY the integer. Nothing else. Output only the answer.,"Listen to this audio clip of a single musical note. What is the note name and octave? Reply with ONLY the note name in Scientific Pitch Notation (e.g. C4, F#3, Bb5). Nothing else. Output only the answer.","Listen to this audio clip of a single musical note. What is the solfege syllable and accidental (if needed) of this pitch? Use fixed-do (do=C, re=D, mi=E, fa=F, sol=G, la=A, si=B). Include sharps or flats when needed (e.g. do#, reb, fa#, sib). Do NOT include the octave. Reply with ONLY the syllable and accidental (if needed). Nothing else. Output only the answer.","Listen to this audio clip of a single musical note. What is the main pitch frequency, expressed in Hertz? Reply with ONLY a number (the frequency in Hz). Nothing else. Output only the answer."
highpass_above_f0,highpass,"{'type': 'highpass', 'cutoff_ratio': 1.5, 'order': 6}",1060,cello,instrument,60,60,1,1,1,1,C4,C4,1,1,1,do,sol,0,0,1,60,C4,sol,480,/home/hsnu2/PitchBench/data/audio/pitchbench_e2_audio_effects/C4_cello_5000ms_fx_highpass_above_f0.wav,C4_cello_5000ms_fx_highpass_above_f0.wav,Listen to this audio clip of a single musical note. What is the MIDI note number (an integer from 0 to 127)? Reply with ONLY the integer. Nothing else. Output only the answer.,"Listen to this audio clip of a single musical note. What is the note name and octave? Reply with ONLY the note name in Scientific Pitch Notation (e.g. C4, F#3, Bb5). Nothing else. Output only the answer.","Listen to this audio clip of a single musical note. What is the solfege syllable and accidental (if needed) of this pitch? Use fixed-do (do=C, re=D, mi=E, fa=F, sol=G, la=A, si=B). Include sharps or flats when needed (e.g. do#, reb, fa#, sib). Do NOT include the octave. Reply with ONLY the syllable and accidental (if needed). Nothing else. Output only the answer.","Listen to this audio clip of a single musical note. What is the main pitch frequency, expressed in Hertz? Reply with ONLY a number (the frequency in Hz). Nothing else. Output only the answer."
highpass_above_f0,highpass,"{'type': 'highpass', 'cutoff_ratio': 1.5, 'order': 6}",1060,guitar,instrument,60,63,0,0,0,1,C4,C6,0,1,0,do,sol,0,0,0,63,C6,sol,480,/home/hsnu2/PitchBench/data/audio/pitchbench_e2_audio_effects/C4_guitar_5000ms_fx_highpass_above_f0.wav,C4_guitar_5000ms_fx_highpass_above_f0.wav,Listen to this audio clip of a single musical note. What is the MIDI note number (an integer from 0 to 127)? Reply with ONLY the integer. Nothing else. Output only the answer.,"Listen to this audio clip of a single musical note. What is the note name and octave? Reply with ONLY the note name in Scientific Pitch Notation (e.g. C4, F#3, Bb5). Nothing else. Output only the answer.","Listen to this audio clip of a single musical note. What is the solfege syllable and accidental (if needed) of this pitch? Use fixed-do (do=C, re=D, mi=E, fa=F, sol=G, la=A, si=B). Include sharps or flats when needed (e.g. do#, reb, fa#, sib). Do NOT include the octave. Reply with ONLY the syllable and accidental (if needed). Nothing else. Output only the answer.","Listen to this audio clip of a single musical note. What is the main pitch frequency, expressed in Hertz? Reply with ONLY a number (the frequency in Hz). Nothing else. Output only the answer."
highpass_above_f0,highpass,"{'type': 'highpass', 'cutoff_ratio': 1.5, 'order': 6}",1060,synth_pad,instrument,60,64,0,0,0,1,C4,C6,0,1,0,do,sol,0,0,0,64,C6,sol,480,/home/hsnu2/PitchBench/data/audio/pitchbench_e2_audio_effects/C4_synth_pad_5000ms_fx_highpass_above_f0.wav,C4_synth_pad_5000ms_fx_highpass_above_f0.wav,Listen to this audio clip of a single musical note. What is the MIDI note number (an integer from 0 to 127)? Reply with ONLY the integer. Nothing else. Output only the answer.,"Listen to this audio clip of a single musical note. What is the note name and octave? Reply with ONLY the note name in Scientific Pitch Notation (e.g. C4, F#3, Bb5). Nothing else. Output only the answer.","Listen to this audio clip of a single musical note. What is the solfege syllable and accidental (if needed) of this pitch? Use fixed-do (do=C, re=D, mi=E, fa=F, sol=G, la=A, si=B). Include sharps or flats when needed (e.g. do#, reb, fa#, sib). Do NOT include the octave. Reply with ONLY the syllable and accidental (if needed). Nothing else. Output only the answer.","Listen to this audio clip of a single musical note. What is the main pitch frequency, expressed in Hertz? Reply with ONLY a number (the frequency in Hz). Nothing else. Output only the answer."
highpass_above_f0,highpass,"{'type': 'highpass', 'cutoff_ratio': 1.5, 'order': 6}",1060,trombone,instrument,60,68,0,0,0,1,C4,C6,0,1,0,do,sol,0,0,0,68,C6,sol,480,/home/hsnu2/PitchBench/data/audio/pitchbench_e2_audio_effects/C4_trombone_5000ms_fx_highpass_above_f0.wav,C4_trombone_5000ms_fx_highpass_above_f0.wav,Listen to this audio clip of a single musical note. What is the MIDI note number (an integer from 0 to 127)? Reply with ONLY the integer. Nothing else. Output only the answer.,"Listen to this audio clip of a single musical note. What is the note name and octave? Reply with ONLY the note name in Scientific Pitch Notation (e.g. C4, F#3, Bb5). Nothing else. Output only the answer.","Listen to this audio clip of a single musical note. What is the solfege syllable and accidental (if needed) of this pitch? Use fixed-do (do=C, re=D, mi=E, fa=F, sol=G, la=A, si=B). Include sharps or flats when needed (e.g. do#, reb, fa#, sib). Do NOT include the octave. Reply with ONLY the syllable and accidental (if needed). Nothing else. Output only the answer.","Listen to this audio clip of a single musical note. What is the main pitch frequency, expressed in Hertz? Reply with ONLY a number (the frequency in Hz). Nothing else. Output only the answer."
highpass_above_f0,highpass,"{'type': 'highpass', 'cutoff_ratio': 1.5, 'order': 6}",1060,synth_lead,instrument,60,69,0,0,0,1,C4,C6,0,1,0,do,sol#,0,0,0,69,C6,sol#,1058.43,/home/hsnu2/PitchBench/data/audio/pitchbench_e2_audio_effects/C4_synth_lead_5000ms_fx_highpass_above_f0.wav,C4_synth_lead_5000ms_fx_highpass_above_f0.wav,Listen to this audio clip of a single musical note. What is the MIDI note number (an integer from 0 to 127)? Reply with ONLY the integer. Nothing else. Output only the answer.,"Listen to this audio clip of a single musical note. What is the note name and octave? Reply with ONLY the note name in Scientific Pitch Notation (e.g. C4, F#3, Bb5). Nothing else. Output only the answer.","Listen to this audio clip of a single musical note. What is the solfege syllable and accidental (if needed) of this pitch? Use fixed-do (do=C, re=D, mi=E, fa=F, sol=G, la=A, si=B). Include sharps or flats when needed (e.g. do#, reb, fa#, sib). Do NOT include the octave. Reply with ONLY the syllable and accidental (if needed). Nothing else. Output only the answer.","Listen to this audio clip of a single musical note. What is the main pitch frequency, expressed in Hertz? Reply with ONLY a number (the frequency in Hz). Nothing else. Output only the answer."
highpass_above_f0,highpass,"{'type': 'highpass', 'cutoff_ratio': 1.5, 'order': 6}",1064,oboe,instrument,64,64,1,1,1,1,E4,C6,0,0,0,mi,sol,0,0,1,64,C6,sol,640,/home/hsnu2/PitchBench/data/audio/pitchbench_e2_audio_effects/E4_oboe_5000ms_fx_highpass_above_f0.wav,E4_oboe_5000ms_fx_highpass_above_f0.wav,Listen to this audio clip of a single musical note. What is the MIDI note number (an integer from 0 to 127)? Reply with ONLY the integer. Nothing else. Output only the answer.,"Listen to this audio clip of a single musical note. What is the note name and octave? Reply with ONLY the note name in Scientific Pitch Notation (e.g. C4, F#3, Bb5). Nothing else. Output only the answer.","Listen to this audio clip of a single musical note. What is the solfege syllable and accidental (if needed) of this pitch? Use fixed-do (do=C, re=D, mi=E, fa=F, sol=G, la=A, si=B). Include sharps or flats when needed (e.g. do#, reb, fa#, sib). Do NOT include the octave. Reply with ONLY the syllable and accidental (if needed). Nothing else. Output only the answer.","Listen to this audio clip of a single musical note. What is the main pitch frequency, expressed in Hertz? Reply with ONLY a number (the frequency in Hz). Nothing else. Output only the answer."
highpass_above_f0,highpass,"{'type': 'highpass', 'cutoff_ratio': 1.5, 'order': 6}",1064,organ,instrument,64,64,1,1,1,1,E4,E4,1,1,1,mi,sol,0,0,1,64,E4,sol,640,/home/hsnu2/PitchBench/data/audio/pitchbench_e2_audio_effects/E4_organ_5000ms_fx_highpass_above_f0.wav,E4_organ_5000ms_fx_highpass_above_f0.wav,Listen to this audio clip of a single musical note. What is the MIDI note number (an integer from 0 to 127)? Reply with ONLY the integer. Nothing else. Output only the answer.,"Listen to this audio clip of a single musical note. What is the note name and octave? Reply with ONLY the note name in Scientific Pitch Notation (e.g. C4, F#3, Bb5). Nothing else. Output only the answer.","Listen to this audio clip of a single musical note. What is the solfege syllable and accidental (if needed) of this pitch? Use fixed-do (do=C, re=D, mi=E, fa=F, sol=G, la=A, si=B). Include sharps or flats when needed (e.g. do#, reb, fa#, sib). Do NOT include the octave. Reply with ONLY the syllable and accidental (if needed). Nothing else. Output only the answer.","Listen to this audio clip of a single musical note. What is the main pitch frequency, expressed in Hertz? Reply with ONLY a number (the frequency in Hz). Nothing else. Output only the answer."
highpass_above_f0,highpass,"{'type': 'highpass', 'cutoff_ratio': 1.5, 'order': 6}",1064,synth_lead,instrument,64,68,0,0,0,1,E4,C6,0,0,0,mi,sol#,0,0,0,68,C6,sol#,1034.52,/home/hsnu2/PitchBench/data/audio/pitchbench_e2_audio_effects/E4_synth_lead_5000ms_fx_highpass_above_f0.wav,E4_synth_lead_5000ms_fx_highpass_above_f0.wav,Listen to this audio clip of a single musical note. What is the MIDI note number (an integer from 0 to 127)? Reply with ONLY the integer. Nothing else. Output only the answer.,"Listen to this audio clip of a single musical note. What is the note name and octave? Reply with ONLY the note name in Scientific Pitch Notation (e.g. C4, F#3, Bb5). Nothing else. Output only the answer.","Listen to this audio clip of a single musical note. What is the solfege syllable and accidental (if needed) of this pitch? Use fixed-do (do=C, re=D, mi=E, fa=F, sol=G, la=A, si=B). Include sharps or flats when needed (e.g. do#, reb, fa#, sib). Do NOT include the octave. Reply with ONLY the syllable and accidental (if needed). Nothing else. Output only the answer.","Listen to this audio clip of a single musical note. What is the main pitch frequency, expressed in Hertz? Reply with ONLY a number (the frequency in Hz). Nothing else. Output only the answer."
highpass_above_f0,highpass,"{'type': 'highpass', 'cutoff_ratio': 1.5, 'order': 6}",1064,synth_pad,instrument,64,68,0,0,0,1,E4,C6,0,0,0,mi,sol,0,0,0,68,C6,sol,480,/home/hsnu2/PitchBench/data/audio/pitchbench_e2_audio_effects/E4_synth_pad_5000ms_fx_highpass_above_f0.wav,E4_synth_pad_5000ms_fx_highpass_above_f0.wav,Listen to this audio clip of a single musical note. What is the MIDI note number (an integer from 0 to 127)? Reply with ONLY the integer. Nothing else. Output only the answer.,"Listen to this audio clip of a single musical note. What is the note name and octave? Reply with ONLY the note name in Scientific Pitch Notation (e.g. C4, F#3, Bb5). Nothing else. Output only the answer.","Listen to this audio clip of a single musical note. What is the solfege syllable and accidental (if needed) of this pitch? Use fixed-do (do=C, re=D, mi=E, fa=F, sol=G, la=A, si=B). Include sharps or flats when needed (e.g. do#, reb, fa#, sib). Do NOT include the octave. Reply with ONLY the syllable and accidental (if needed). Nothing else. Output only the answer.","Listen to this audio clip of a single musical note. What is the main pitch frequency, expressed in Hertz? Reply with ONLY a number (the frequency in Hz). Nothing else. Output only the answer."
highpass_above_f0,highpass,"{'type': 'highpass', 'cutoff_ratio': 1.5, 'order': 6}",1064,sawtooth,waveform,64,69,0,0,0,1,E4,A6,0,0,0,mi,sol,0,0,0,69,A6,sol,450,/home/hsnu2/PitchBench/data/audio/pitchbench_e2_audio_effects/E4_sawtooth_5000ms_fx_highpass_above_f0.wav,E4_sawtooth_5000ms_fx_highpass_above_f0.wav,Listen to this audio clip of a single musical note. What is the MIDI note number (an integer from 0 to 127)? Reply with ONLY the integer. Nothing else. Output only the answer.,"Listen to this audio clip of a single musical note. What is the note name and octave? Reply with ONLY the note name in Scientific Pitch Notation (e.g. C4, F#3, Bb5). Nothing else. Output only the answer.","Listen to this audio clip of a single musical note. What is the solfege syllable and accidental (if needed) of this pitch? Use fixed-do (do=C, re=D, mi=E, fa=F, sol=G, la=A, si=B). Include sharps or flats when needed (e.g. do#, reb, fa#, sib). Do NOT include the octave. Reply with ONLY the syllable and accidental (if needed). Nothing else. Output only the answer.","Listen to this audio clip of a single musical note. What is the main pitch frequency, expressed in Hertz? Reply with ONLY a number (the frequency in Hz). Nothing else. Output only the answer."
highpass_above_f0,highpass,"{'type': 'highpass', 'cutoff_ratio': 1.5, 'order': 6}",1069,flute,instrument,69,69,1,1,1,1,A4,C6,0,0,0,la,fa#,0,0,1,69,C6,solb,450,/home/hsnu2/PitchBench/data/audio/pitchbench_e2_audio_effects/A4_flute_5000ms_fx_highpass_above_f0.wav,A4_flute_5000ms_fx_highpass_above_f0.wav,Listen to this audio clip of a single musical note. What is the MIDI note number (an integer from 0 to 127)? Reply with ONLY the integer. Nothing else. Output only the answer.,"Listen to this audio clip of a single musical note. What is the note name and octave? Reply with ONLY the note name in Scientific Pitch Notation (e.g. C4, F#3, Bb5). Nothing else. Output only the answer.","Listen to this audio clip of a single musical note. What is the solfege syllable and accidental (if needed) of this pitch? Use fixed-do (do=C, re=D, mi=E, fa=F, sol=G, la=A, si=B). Include sharps or flats when needed (e.g. do#, reb, fa#, sib). Do NOT include the octave. Reply with ONLY the syllable and accidental (if needed). Nothing else. Output only the answer.","Listen to this audio clip of a single musical note. What is the main pitch frequency, expressed in Hertz? Reply with ONLY a number (the frequency in Hz). Nothing else. Output only the answer."
highpass_above_f0,highpass,"{'type': 'highpass', 'cutoff_ratio': 1.5, 'order': 6}",1069,voice,instrument,69,69,1,1,1,1,A4,C6,0,0,0,la,sol,0,0,1,69,C6,sol,450,/home/hsnu2/PitchBench/data/audio/pitchbench_e2_audio_effects/A4_voice_5000ms_fx_highpass_above_f0.wav,A4_voice_5000ms_fx_highpass_above_f0.wav,Listen to this audio clip of a single musical note. What is the MIDI note number (an integer from 0 to 127)? Reply with ONLY the integer. Nothing else. Output only the answer.,"Listen to this audio clip of a single musical note. What is the note name and octave? Reply with ONLY the note name in Scientific Pitch Notation (e.g. C4, F#3, Bb5). Nothing else. Output only the answer.","Listen to this audio clip of a single musical note. What is the solfege syllable and accidental (if needed) of this pitch? Use fixed-do (do=C, re=D, mi=E, fa=F, sol=G, la=A, si=B). Include sharps or flats when needed (e.g. do#, reb, fa#, sib). Do NOT include the octave. Reply with ONLY the syllable and accidental (if needed). Nothing else. Output only the answer.","Listen to this audio clip of a single musical note. What is the main pitch frequency, expressed in Hertz? Reply with ONLY a number (the frequency in Hz). Nothing else. Output only the answer."
highpass_above_f0,highpass,"{'type': 'highpass', 'cutoff_ratio': 1.5, 'order': 6}",1069,square,waveform,69,69,1,1,1,1,A4,A6,0,1,0,la,sol,0,0,1,69,A6,sol,1024.56,/home/hsnu2/PitchBench/data/audio/pitchbench_e2_audio_effects/A4_square_5000ms_fx_highpass_above_f0.wav,A4_square_5000ms_fx_highpass_above_f0.wav,Listen to this audio clip of a single musical note. What is the MIDI note number (an integer from 0 to 127)? Reply with ONLY the integer. Nothing else. Output only the answer.,"Listen to this audio clip of a single musical note. What is the note name and octave? Reply with ONLY the note name in Scientific Pitch Notation (e.g. C4, F#3, Bb5). Nothing else. Output only the answer.","Listen to this audio clip of a single musical note. What is the solfege syllable and accidental (if needed) of this pitch? Use fixed-do (do=C, re=D, mi=E, fa=F, sol=G, la=A, si=B). Include sharps or flats when needed (e.g. do#, reb, fa#, sib). Do NOT include the octave. Reply with ONLY the syllable and accidental (if needed). Nothing else. Output only the answer.","Listen to this audio clip of a single musical note. What is the main pitch frequency, expressed in Hertz? Reply with ONLY a number (the frequency in Hz). Nothing else. Output only the answer."
highpass_above_f0,highpass,"{'type': 'highpass', 'cutoff_ratio': 1.5, 'order': 6}",1069,clarinet,instrument,69,69,1,1,1,1,A4,C6,0,0,0,la,sol,0,0,1,69,C6,sol,450,/home/hsnu2/PitchBench/data/audio/pitchbench_e2_audio_effects/A4_clarinet_5000ms_fx_highpass_above_f0.wav,A4_clarinet_5000ms_fx_highpass_above_f0.wav,Listen to this audio clip of a single musical note. What is the MIDI note number (an integer from 0 to 127)? Reply with ONLY the integer. Nothing else. Output only the answer.,"Listen to this audio clip of a single musical note. What is the note name and octave? Reply with ONLY the note name in Scientific Pitch Notation (e.g. C4, F#3, Bb5). Nothing else. Output only the answer.","Listen to this audio clip of a single musical note. What is the solfege syllable and accidental (if needed) of this pitch? Use fixed-do (do=C, re=D, mi=E, fa=F, sol=G, la=A, si=B). Include sharps or flats when needed (e.g. do#, reb, fa#, sib). Do NOT include the octave. Reply with ONLY the syllable and accidental (if needed). Nothing else. Output only the answer.","Listen to this audio clip of a single musical note. What is the main pitch frequency, expressed in Hertz? Reply with ONLY a number (the frequency in Hz). Nothing else. Output only the answer."
highpass_above_f0,highpass,"{'type': 'highpass', 'cutoff_ratio': 1.5, 'order': 6}",1069,sine,waveform,69,68,0,1,0,1,A4,C6,0,0,0,la,sol,0,0,0,68,C6,sol,1050.0,/home/hsnu2/PitchBench/data/audio/pitchbench_e2_audio_effects/A4_sine_5000ms_fx_highpass_above_f0.wav,A4_sine_5000ms_fx_highpass_above_f0.wav,Listen to this audio clip of a single musical note. What is the MIDI note number (an integer from 0 to 127)? Reply with ONLY the integer. Nothing else. Output only the answer.,"Listen to this audio clip of a single musical note. What is the note name and octave? Reply with ONLY the note name in Scientific Pitch Notation (e.g. C4, F#3, Bb5). Nothing else. Output only the answer.","Listen to this audio clip of a single musical note. What is the solfege syllable and accidental (if needed) of this pitch? Use fixed-do (do=C, re=D, mi=E, fa=F, sol=G, la=A, si=B). Include sharps or flats when needed (e.g. do#, reb, fa#, sib). Do NOT include the octave. Reply with ONLY the syllable and accidental (if needed). Nothing else. Output only the answer.","Listen to this audio clip of a single musical note. What is the main pitch frequency, expressed in Hertz? Reply with ONLY a number (the frequency in Hz). Nothing else. Output only the answer."
highpass_above_f0,highpass,"{'type': 'highpass', 'cutoff_ratio': 1.5, 'order': 6}",1079,voice,instrument,79,68,0,0,0,0,G5,C6,0,0,0,sol,sol#,0,0,0,68,C6,sol#,6750,/home/hsnu2/PitchBench/data/audio/pitchbench_e2_audio_effects/G5_voice_5000ms_fx_highpass_above_f0.wav,G5_voice_5000ms_fx_highpass_above_f0.wav,Listen to this audio clip of a single musical note. What is the MIDI note number (an integer from 0 to 127)? Reply with ONLY the integer. Nothing else. Output only the answer.,"Listen to this audio clip of a single musical note. What is the note name and octave? Reply with ONLY the note name in Scientific Pitch Notation (e.g. C4, F#3, Bb5). Nothing else. Output only the answer.","Listen to this audio clip of a single musical note. What is the solfege syllable and accidental (if needed) of this pitch? Use fixed-do (do=C, re=D, mi=E, fa=F, sol=G, la=A, si=B). Include sharps or flats when needed (e.g. do#, reb, fa#, sib). Do NOT include the octave. Reply with ONLY the syllable and accidental (if needed). Nothing else. Output only the answer.","Listen to this audio clip of a single musical note. What is the main pitch frequency, expressed in Hertz? Reply with ONLY a number (the frequency in Hz). Nothing else. Output only the answer."
highpass_above_f0,highpass,"{'type': 'highpass', 'cutoff_ratio': 1.5, 'order': 6}",1079,synth_pad,instrument,79,65,0,0,0,0,G5,C6,0,0,0,sol,sol,1,0,1,65,C6,sol,1046.53,/home/hsnu2/PitchBench/data/audio/pitchbench_e2_audio_effects/G5_synth_pad_5000ms_fx_highpass_above_f0.wav,G5_synth_pad_5000ms_fx_highpass_above_f0.wav,Listen to this audio clip of a single musical note. What is the MIDI note number (an integer from 0 to 127)? Reply with ONLY the integer. Nothing else. Output only the answer.,"Listen to this audio clip of a single musical note. What is the note name and octave? Reply with ONLY the note name in Scientific Pitch Notation (e.g. C4, F#3, Bb5). Nothing else. Output only the answer.","Listen to this audio clip of a single musical note. What is the solfege syllable and accidental (if needed) of this pitch? Use fixed-do (do=C, re=D, mi=E, fa=F, sol=G, la=A, si=B). Include sharps or flats when needed (e.g. do#, reb, fa#, sib). Do NOT include the octave. Reply with ONLY the syllable and accidental (if needed). Nothing else. Output only the answer.","Listen to this audio clip of a single musical note. What is the main pitch frequency, expressed in Hertz? Reply with ONLY a number (the frequency in Hz). Nothing else. Output only the answer."
highpass_above_f0,highpass,"{'type': 'highpass', 'cutoff_ratio': 1.5, 'order': 6}",1079,flute,instrument,79,68,0,0,0,0,G5,C6,0,0,0,sol,sol,1,0,1,68,C6,sol,480,/home/hsnu2/PitchBench/data/audio/pitchbench_e2_audio_effects/G5_flute_5000ms_fx_highpass_above_f0.wav,G5_flute_5000ms_fx_highpass_above_f0.wav,Listen to this audio clip of a single musical note. What is the MIDI note number (an integer from 0 to 127)? Reply with ONLY the integer. Nothing else. Output only the answer.,"Listen to this audio clip of a single musical note. What is the note name and octave? Reply with ONLY the note name in Scientific Pitch Notation (e.g. C4, F#3, Bb5). Nothing else. Output only the answer.","Listen to this audio clip of a single musical note. What is the solfege syllable and accidental (if needed) of this pitch? Use fixed-do (do=C, re=D, mi=E, fa=F, sol=G, la=A, si=B). Include sharps or flats when needed (e.g. do#, reb, fa#, sib). Do NOT include the octave. Reply with ONLY the syllable and accidental (if needed). Nothing else. Output only the answer.","Listen to this audio clip of a single musical note. What is the main pitch frequency, expressed in Hertz? Reply with ONLY a number (the frequency in Hz). Nothing else. Output only the answer."
highpass_above_f0,highpass,"{'type': 'highpass', 'cutoff_ratio': 1.5, 'order': 6}",1079,synth_lead,instrument,79,64,0,0,0,0,G5,C6,0,0,0,sol,sol#,0,0,0,64,C6,sol#,1046.53,/home/hsnu2/PitchBench/data/audio/pitchbench_e2_audio_effects/G5_synth_lead_5000ms_fx_highpass_above_f0.wav,G5_synth_lead_5000ms_fx_highpass_above_f0.wav,Listen to this audio clip of a single musical note. What is the MIDI note number (an integer from 0 to 127)? Reply with ONLY the integer. Nothing else. Output only the answer.,"Listen to this audio clip of a single musical note. What is the note name and octave? Reply with ONLY the note name in Scientific Pitch Notation (e.g. C4, F#3, Bb5). Nothing else. Output only the answer.","Listen to this audio clip of a single musical note. What is the solfege syllable and accidental (if needed) of this pitch? Use fixed-do (do=C, re=D, mi=E, fa=F, sol=G, la=A, si=B). Include sharps or flats when needed (e.g. do#, reb, fa#, sib). Do NOT include the octave. Reply with ONLY the syllable and accidental (if needed). Nothing else. Output only the answer.","Listen to this audio clip of a single musical note. What is the main pitch frequency, expressed in Hertz? Reply with ONLY a number (the frequency in Hz). Nothing else. Output only the answer."
highpass_above_f0,highpass,"{'type': 'highpass', 'cutoff_ratio': 1.5, 'order': 6}",1079,sine,waveform,79,68,0,0,0,0,G5,C6,0,0,0,sol,sol,1,0,1,68,C6,sol,1074.32,/home/hsnu2/PitchBench/data/audio/pitchbench_e2_audio_effects/G5_sine_5000ms_fx_highpass_above_f0.wav,G5_sine_5000ms_fx_highpass_above_f0.wav,Listen to this audio clip of a single musical note. What is the MIDI note number (an integer from 0 to 127)? Reply with ONLY the integer. Nothing else. Output only the answer.,"Listen to this audio clip of a single musical note. What is the note name and octave? Reply with ONLY the note name in Scientific Pitch Notation (e.g. C4, F#3, Bb5). Nothing else. Output only the answer.","Listen to this audio clip of a single musical note. What is the solfege syllable and accidental (if needed) of this pitch? Use fixed-do (do=C, re=D, mi=E, fa=F, sol=G, la=A, si=B). Include sharps or flats when needed (e.g. do#, reb, fa#, sib). Do NOT include the octave. Reply with ONLY the syllable and accidental (if needed). Nothing else. Output only the answer.","Listen to this audio clip of a single musical note. What is the main pitch frequency, expressed in Hertz? Reply with ONLY a number (the frequency in Hz). Nothing else. Output only the answer."
highpass_above_f0,highpass,"{'type': 'highpass', 'cutoff_ratio': 1.5, 'order': 6}",1088,square,waveform,88,63,0,0,0,0,E6,C6,0,0,1,mi,sol#,0,1,1,63,C6,sol#,1309.85,/home/hsnu2/PitchBench/data/audio/pitchbench_e2_audio_effects/E6_square_5000ms_fx_highpass_above_f0.wav,E6_square_5000ms_fx_highpass_above_f0.wav,Listen to this audio clip of a single musical note. What is the MIDI note number (an integer from 0 to 127)? Reply with ONLY the integer. Nothing else. Output only the answer.,"Listen to this audio clip of a single musical note. What is the note name and octave? Reply with ONLY the note name in Scientific Pitch Notation (e.g. C4, F#3, Bb5). Nothing else. Output only the answer.","Listen to this audio clip of a single musical note. What is the solfege syllable and accidental (if needed) of this pitch? Use fixed-do (do=C, re=D, mi=E, fa=F, sol=G, la=A, si=B). Include sharps or flats when needed (e.g. do#, reb, fa#, sib). Do NOT include the octave. Reply with ONLY the syllable and accidental (if needed). Nothing else. Output only the answer.","Listen to this audio clip of a single musical note. What is the main pitch frequency, expressed in Hertz? Reply with ONLY a number (the frequency in Hz). Nothing else. Output only the answer."
highpass_above_f0,highpass,"{'type': 'highpass', 'cutoff_ratio': 1.5, 'order': 6}",1088,sawtooth,waveform,88,65,0,0,0,0,E6,F#6,0,0,1,mi,sol#,0,0,0,65,F#6,sol#,1500,/home/hsnu2/PitchBench/data/audio/pitchbench_e2_audio_effects/E6_sawtooth_5000ms_fx_highpass_above_f0.wav,E6_sawtooth_5000ms_fx_highpass_above_f0.wav,Listen to this audio clip of a single musical note. What is the MIDI note number (an integer from 0 to 127)? Reply with ONLY the integer. Nothing else. Output only the answer.,"Listen to this audio clip of a single musical note. What is the note name and octave? Reply with ONLY the note name in Scientific Pitch Notation (e.g. C4, F#3, Bb5). Nothing else. Output only the answer.","Listen to this audio clip of a single musical note. What is the solfege syllable and accidental (if needed) of this pitch? Use fixed-do (do=C, re=D, mi=E, fa=F, sol=G, la=A, si=B). Include sharps or flats when needed (e.g. do#, reb, fa#, sib). Do NOT include the octave. Reply with ONLY the syllable and accidental (if needed). Nothing else. Output only the answer.","Listen to this audio clip of a single musical note. What is the main pitch frequency, expressed in Hertz? Reply with ONLY a number (the frequency in Hz). Nothing else. Output only the answer."
highpass_above_f0,highpass,"{'type': 'highpass', 'cutoff_ratio': 1.5, 'order': 6}",1088,flute,instrument,88,69,0,0,0,0,E6,C6,0,0,1,mi,sol,0,0,0,69,C6,sol,415.30,/home/hsnu2/PitchBench/data/audio/pitchbench_e2_audio_effects/E6_flute_5000ms_fx_highpass_above_f0.wav,E6_flute_5000ms_fx_highpass_above_f0.wav,Listen to this audio clip of a single musical note. What is the MIDI note number (an integer from 0 to 127)? Reply with ONLY the integer. Nothing else. Output only the answer.,"Listen to this audio clip of a single musical note. What is the note name and octave? Reply with ONLY the note name in Scientific Pitch Notation (e.g. C4, F#3, Bb5). Nothing else. Output only the answer.","Listen to this audio clip of a single musical note. What is the solfege syllable and accidental (if needed) of this pitch? Use fixed-do (do=C, re=D, mi=E, fa=F, sol=G, la=A, si=B). Include sharps or flats when needed (e.g. do#, reb, fa#, sib). Do NOT include the octave. Reply with ONLY the syllable and accidental (if needed). Nothing else. Output only the answer.","Listen to this audio clip of a single musical note. What is the main pitch frequency, expressed in Hertz? Reply with ONLY a number (the frequency in Hz). Nothing else. Output only the answer."
highpass_above_f0,highpass,"{'type': 'highpass', 'cutoff_ratio': 1.5, 'order': 6}",1088,voice,instrument,88,84,0,0,0,1,E6,C6,0,0,1,mi,sol#,0,0,0,84,C6,sol#,1034.5789,/home/hsnu2/PitchBench/data/audio/pitchbench_e2_audio_effects/E6_voice_5000ms_fx_highpass_above_f0.wav,E6_voice_5000ms_fx_highpass_above_f0.wav,Listen to this audio clip of a single musical note. What is the MIDI note number (an integer from 0 to 127)? Reply with ONLY the integer. Nothing else. Output only the answer.,"Listen to this audio clip of a single musical note. What is the note name and octave? Reply with ONLY the note name in Scientific Pitch Notation (e.g. C4, F#3, Bb5). Nothing else. Output only the answer.","Listen to this audio clip of a single musical note. What is the solfege syllable and accidental (if needed) of this pitch? Use fixed-do (do=C, re=D, mi=E, fa=F, sol=G, la=A, si=B). Include sharps or flats when needed (e.g. do#, reb, fa#, sib). Do NOT include the octave. Reply with ONLY the syllable and accidental (if needed). Nothing else. Output only the answer.","Listen to this audio clip of a single musical note. What is the main pitch frequency, expressed in Hertz? Reply with ONLY a number (the frequency in Hz). Nothing else. Output only the answer."
highpass_above_f0,highpass,"{'type': 'highpass', 'cutoff_ratio': 1.5, 'order': 6}",1088,organ,instrument,88,83,0,0,0,0,E6,B6,0,0,1,mi,sol#,0,0,0,83,B6,sol#,4096,/home/hsnu2/PitchBench/data/audio/pitchbench_e2_audio_effects/E6_organ_5000ms_fx_highpass_above_f0.wav,E6_organ_5000ms_fx_highpass_above_f0.wav,Listen to this audio clip of a single musical note. What is the MIDI note number (an integer from 0 to 127)? Reply with ONLY the integer. Nothing else. Output only the answer.,"Listen to this audio clip of a single musical note. What is the note name and octave? Reply with ONLY the note name in Scientific Pitch Notation (e.g. C4, F#3, Bb5). Nothing else. Output only the answer.","Listen to this audio clip of a single musical note. What is the solfege syllable and accidental (if needed) of this pitch? Use fixed-do (do=C, re=D, mi=E, fa=F, sol=G, la=A, si=B). Include sharps or flats when needed (e.g. do#, reb, fa#, sib). Do NOT include the octave. Reply with ONLY the syllable and accidental (if needed). Nothing else. Output only the answer.","Listen to this audio clip of a single musical note. What is the main pitch frequency, expressed in Hertz? Reply with ONLY a number (the frequency in Hz). Nothing else. Output only the answer."
lowpass_at_f0,lowpass,"{'type': 'lowpass', 'cutoff_ratio': 1.2, 'order': 6}",2030,sawtooth,waveform,30,36,0,0,0,0,F#1,C2,0,0,0,fa#,fa#,1,0,1,36,C2,solb,105.26,/home/hsnu2/PitchBench/data/audio/pitchbench_e2_audio_effects/Fs1_sawtooth_5000ms_fx_lowpass_at_f0.wav,Fs1_sawtooth_5000ms_fx_lowpass_at_f0.wav,Listen to this audio clip of a single musical note. What is the MIDI note number (an integer from 0 to 127)? Reply with ONLY the integer. Nothing else. Output only the answer.,"Listen to this audio clip of a single musical note. What is the note name and octave? Reply with ONLY the note name in Scientific Pitch Notation (e.g. C4, F#3, Bb5). Nothing else. Output only the answer.","Listen to this audio clip of a single musical note. What is the solfege syllable and accidental (if needed) of this pitch? Use fixed-do (do=C, re=D, mi=E, fa=F, sol=G, la=A, si=B). Include sharps or flats when needed (e.g. do#, reb, fa#, sib). Do NOT include the octave. Reply with ONLY the syllable and accidental (if needed). Nothing else. Output only the answer.","Listen to this audio clip of a single musical note. What is the main pitch frequency, expressed in Hertz? Reply with ONLY a number (the frequency in Hz). Nothing else. Output only the answer."
lowpass_at_f0,lowpass,"{'type': 'lowpass', 'cutoff_ratio': 1.2, 'order': 6}",2030,clarinet,instrument,30,36,0,0,0,0,F#1,C2,0,0,0,fa#,fa#,1,0,1,36,C2,solb,250,/home/hsnu2/PitchBench/data/audio/pitchbench_e2_audio_effects/Fs1_clarinet_5000ms_fx_lowpass_at_f0.wav,Fs1_clarinet_5000ms_fx_lowpass_at_f0.wav,Listen to this audio clip of a single musical note. What is the MIDI note number (an integer from 0 to 127)? Reply with ONLY the integer. Nothing else. Output only the answer.,"Listen to this audio clip of a single musical note. What is the note name and octave? Reply with ONLY the note name in Scientific Pitch Notation (e.g. C4, F#3, Bb5). Nothing else. Output only the answer.","Listen to this audio clip of a single musical note. What is the solfege syllable and accidental (if needed) of this pitch? Use fixed-do (do=C, re=D, mi=E, fa=F, sol=G, la=A, si=B). Include sharps or flats when needed (e.g. do#, reb, fa#, sib). Do NOT include the octave. Reply with ONLY the syllable and accidental (if needed). Nothing else. Output only the answer.","Listen to this audio clip of a single musical note. What is the main pitch frequency, expressed in Hertz? Reply with ONLY a number (the frequency in Hz). Nothing else. Output only the answer."
lowpass_at_f0,lowpass,"{'type': 'lowpass', 'cutoff_ratio': 1.2, 'order': 6}",2030,square,waveform,30,36,0,0,0,0,F#1,C2,0,0,0,fa#,fa#,1,0,1,36,C2,solb,105.26,/home/hsnu2/PitchBench/data/audio/pitchbench_e2_audio_effects/Fs1_square_5000ms_fx_lowpass_at_f0.wav,Fs1_square_5000ms_fx_lowpass_at_f0.wav,Listen to this audio clip of a single musical note. What is the MIDI note number (an integer from 0 to 127)? Reply with ONLY the integer. Nothing else. Output only the answer.,"Listen to this audio clip of a single musical note. What is the note name and octave? Reply with ONLY the note name in Scientific Pitch Notation (e.g. C4, F#3, Bb5). Nothing else. Output only the answer.","Listen to this audio clip of a single musical note. What is the solfege syllable and accidental (if needed) of this pitch? Use fixed-do (do=C, re=D, mi=E, fa=F, sol=G, la=A, si=B). Include sharps or flats when needed (e.g. do#, reb, fa#, sib). Do NOT include the octave. Reply with ONLY the syllable and accidental (if needed). Nothing else. Output only the answer.","Listen to this audio clip of a single musical note. What is the main pitch frequency, expressed in Hertz? Reply with ONLY a number (the frequency in Hz). Nothing else. Output only the answer."
lowpass_at_f0,lowpass,"{'type': 'lowpass', 'cutoff_ratio': 1.2, 'order': 6}",2030,flute,instrument,30,35,0,0,0,1,F#1,C2,0,0,0,fa#,fa#,1,0,1,35,C2,solb,250,/home/hsnu2/PitchBench/data/audio/pitchbench_e2_audio_effects/Fs1_flute_5000ms_fx_lowpass_at_f0.wav,Fs1_flute_5000ms_fx_lowpass_at_f0.wav,Listen to this audio clip of a single musical note. What is the MIDI note number (an integer from 0 to 127)? Reply with ONLY the integer. Nothing else. Output only the answer.,"Listen to this audio clip of a single musical note. What is the note name and octave? Reply with ONLY the note name in Scientific Pitch Notation (e.g. C4, F#3, Bb5). Nothing else. Output only the answer.","Listen to this audio clip of a single musical note. What is the solfege syllable and accidental (if needed) of this pitch? Use fixed-do (do=C, re=D, mi=E, fa=F, sol=G, la=A, si=B). Include sharps or flats when needed (e.g. do#, reb, fa#, sib). Do NOT include the octave. Reply with ONLY the syllable and accidental (if needed). Nothing else. Output only the answer.","Listen to this audio clip of a single musical note. What is the main pitch frequency, expressed in Hertz? Reply with ONLY a number (the frequency in Hz). Nothing else. Output only the answer."
lowpass_at_f0,lowpass,"{'type': 'lowpass', 'cutoff_ratio': 1.2, 'order': 6}",2030,piano,instrument,30,34,0,0,0,1,F#1,C2,0,0,0,fa#,fa#,1,0,1,34,C2,solb,250,/home/hsnu2/PitchBench/data/audio/pitchbench_e2_audio_effects/Fs1_piano_5000ms_fx_lowpass_at_f0.wav,Fs1_piano_5000ms_fx_lowpass_at_f0.wav,Listen to this audio clip of a single musical note. What is the MIDI note number (an integer from 0 to 127)? Reply with ONLY the integer. Nothing else. Output only the answer.,"Listen to this audio clip of a single musical note. What is the note name and octave? Reply with ONLY the note name in Scientific Pitch Notation (e.g. C4, F#3, Bb5). Nothing else. Output only the answer.","Listen to this audio clip of a single musical note. What is the solfege syllable and accidental (if needed) of this pitch? Use fixed-do (do=C, re=D, mi=E, fa=F, sol=G, la=A, si=B). Include sharps or flats when needed (e.g. do#, reb, fa#, sib). Do NOT include the octave. Reply with ONLY the syllable and accidental (if needed). Nothing else. Output only the answer.","Listen to this audio clip of a single musical note. What is the main pitch frequency, expressed in Hertz? Reply with ONLY a number (the frequency in Hz). Nothing else. Output only the answer."
lowpass_at_f0,lowpass,"{'type': 'lowpass', 'cutoff_ratio': 1.2, 'order': 6}",2036,bass,instrument,36,36,1,1,1,1,C2,C2,1,1,1,do,fa#,0,0,1,36,C2,solb,340,/home/hsnu2/PitchBench/data/audio/pitchbench_e2_audio_effects/C2_bass_5000ms_fx_lowpass_at_f0.wav,C2_bass_5000ms_fx_lowpass_at_f0.wav,Listen to this audio clip of a single musical note. What is the MIDI note number (an integer from 0 to 127)? Reply with ONLY the integer. Nothing else. Output only the answer.,"Listen to this audio clip of a single musical note. What is the note name and octave? Reply with ONLY the note name in Scientific Pitch Notation (e.g. C4, F#3, Bb5). Nothing else. Output only the answer.","Listen to this audio clip of a single musical note. What is the solfege syllable and accidental (if needed) of this pitch? Use fixed-do (do=C, re=D, mi=E, fa=F, sol=G, la=A, si=B). Include sharps or flats when needed (e.g. do#, reb, fa#, sib). Do NOT include the octave. Reply with ONLY the syllable and accidental (if needed). Nothing else. Output only the answer.","Listen to this audio clip of a single musical note. What is the main pitch frequency, expressed in Hertz? Reply with ONLY a number (the frequency in Hz). Nothing else. Output only the answer."
lowpass_at_f0,lowpass,"{'type': 'lowpass', 'cutoff_ratio': 1.2, 'order': 6}",2036,guitar,instrument,36,36,1,1,1,1,C2,C2,1,1,1,do,fa#,0,0,1,36,C2,solb,250,/home/hsnu2/PitchBench/data/audio/pitchbench_e2_audio_effects/C2_guitar_5000ms_fx_lowpass_at_f0.wav,C2_guitar_5000ms_fx_lowpass_at_f0.wav,Listen to this audio clip of a single musical note. What is the MIDI note number (an integer from 0 to 127)? Reply with ONLY the integer. Nothing else. Output only the answer.,"Listen to this audio clip of a single musical note. What is the note name and octave? Reply with ONLY the note name in Scientific Pitch Notation (e.g. C4, F#3, Bb5). Nothing else. Output only the answer.","Listen to this audio clip of a single musical note. What is the solfege syllable and accidental (if needed) of this pitch? Use fixed-do (do=C, re=D, mi=E, fa=F, sol=G, la=A, si=B). Include sharps or flats when needed (e.g. do#, reb, fa#, sib). Do NOT include the octave. Reply with ONLY the syllable and accidental (if needed). Nothing else. Output only the answer.","Listen to this audio clip of a single musical note. What is the main pitch frequency, expressed in Hertz? Reply with ONLY a number (the frequency in Hz). Nothing else. Output only the answer."
lowpass_at_f0,lowpass,"{'type': 'lowpass', 'cutoff_ratio': 1.2, 'order': 6}",2036,piano,instrument,36,36,1,1,1,1,C2,C2,1,1,1,do,fa#,0,0,1,36,C2,solb,2500,/home/hsnu2/PitchBench/data/audio/pitchbench_e2_audio_effects/C2_piano_5000ms_fx_lowpass_at_f0.wav,C2_piano_5000ms_fx_lowpass_at_f0.wav,Listen to this audio clip of a single musical note. What is the MIDI note number (an integer from 0 to 127)? Reply with ONLY the integer. Nothing else. Output only the answer.,"Listen to this audio clip of a single musical note. What is the note name and octave? Reply with ONLY the note name in Scientific Pitch Notation (e.g. C4, F#3, Bb5). Nothing else. Output only the answer.","Listen to this audio clip of a single musical note. What is the solfege syllable and accidental (if needed) of this pitch? Use fixed-do (do=C, re=D, mi=E, fa=F, sol=G, la=A, si=B). Include sharps or flats when needed (e.g. do#, reb, fa#, sib). Do NOT include the octave. Reply with ONLY the syllable and accidental (if needed). Nothing else. Output only the answer.","Listen to this audio clip of a single musical note. What is the main pitch frequency, expressed in Hertz? Reply with ONLY a number (the frequency in Hz). Nothing else. Output only the answer."
lowpass_at_f0,lowpass,"{'type': 'lowpass', 'cutoff_ratio': 1.2, 'order': 6}",2036,voice,instrument,36,35,0,1,0,0,C2,C2,1,1,1,do,fa#,0,0,1,35,C2,solb,105.26,/home/hsnu2/PitchBench/data/audio/pitchbench_e2_audio_effects/C2_voice_5000ms_fx_lowpass_at_f0.wav,C2_voice_5000ms_fx_lowpass_at_f0.wav,Listen to this audio clip of a single musical note. What is the MIDI note number (an integer from 0 to 127)? Reply with ONLY the integer. Nothing else. Output only the answer.,"Listen to this audio clip of a single musical note. What is the note name and octave? Reply with ONLY the note name in Scientific Pitch Notation (e.g. C4, F#3, Bb5). Nothing else. Output only the answer.","Listen to this audio clip of a single musical note. What is the solfege syllable and accidental (if needed) of this pitch? Use fixed-do (do=C, re=D, mi=E, fa=F, sol=G, la=A, si=B). Include sharps or flats when needed (e.g. do#, reb, fa#, sib). Do NOT include the octave. Reply with ONLY the syllable and accidental (if needed). Nothing else. Output only the answer.","Listen to this audio clip of a single musical note. What is the main pitch frequency, expressed in Hertz? Reply with ONLY a number (the frequency in Hz). Nothing else. Output only the answer."
lowpass_at_f0,lowpass,"{'type': 'lowpass', 'cutoff_ratio': 1.2, 'order': 6}",2036,triangle,waveform,36,36,1,1,1,1,C2,C2,1,1,1,do,fa#,0,0,1,36,C2,solb,105.26,/home/hsnu2/PitchBench/data/audio/pitchbench_e2_audio_effects/C2_triangle_5000ms_fx_lowpass_at_f0.wav,C2_triangle_5000ms_fx_lowpass_at_f0.wav,Listen to this audio clip of a single musical note. What is the MIDI note number (an integer from 0 to 127)? Reply with ONLY the integer. Nothing else. Output only the answer.,"Listen to this audio clip of a single musical note. What is the note name and octave? Reply with ONLY the note name in Scientific Pitch Notation (e.g. C4, F#3, Bb5). Nothing else. Output only the answer.","Listen to this audio clip of a single musical note. What is the solfege syllable and accidental (if needed) of this pitch? Use fixed-do (do=C, re=D, mi=E, fa=F, sol=G, la=A, si=B). Include sharps or flats when needed (e.g. do#, reb, fa#, sib). Do NOT include the octave. Reply with ONLY the syllable and accidental (if needed). Nothing else. Output only the answer.","Listen to this audio clip of a single musical note. What is the main pitch frequency, expressed in Hertz? Reply with ONLY a number (the frequency in Hz). Nothing else. Output only the answer."
lowpass_at_f0,lowpass,"{'type': 'lowpass', 'cutoff_ratio': 1.2, 'order': 6}",2043,bass,instrument,43,43,1,1,1,1,G2,C4,0,0,0,sol,fa#,0,0,1,43,C4,solb,480,/home/hsnu2/PitchBench/data/audio/pitchbench_e2_audio_effects/G2_bass_5000ms_fx_lowpass_at_f0.wav,G2_bass_5000ms_fx_lowpass_at_f0.wav,Listen to this audio clip of a single musical note. What is the MIDI note number (an integer from 0 to 127)? Reply with ONLY the integer. Nothing else. Output only the answer.,"Listen to this audio clip of a single musical note. What is the note name and octave? Reply with ONLY the note name in Scientific Pitch Notation (e.g. C4, F#3, Bb5). Nothing else. Output only the answer.","Listen to this audio clip of a single musical note. What is the solfege syllable and accidental (if needed) of this pitch? Use fixed-do (do=C, re=D, mi=E, fa=F, sol=G, la=A, si=B). Include sharps or flats when needed (e.g. do#, reb, fa#, sib). Do NOT include the octave. Reply with ONLY the syllable and accidental (if needed). Nothing else. Output only the answer.","Listen to this audio clip of a single musical note. What is the main pitch frequency, expressed in Hertz? Reply with ONLY a number (the frequency in Hz). Nothing else. Output only the answer."
lowpass_at_f0,lowpass,"{'type': 'lowpass', 'cutoff_ratio': 1.2, 'order': 6}",2043,cello,instrument,43,43,1,1,1,1,G2,C6,0,0,0,sol,fa#,0,0,1,43,C6,solb,435.0,/home/hsnu2/PitchBench/data/audio/pitchbench_e2_audio_effects/G2_cello_5000ms_fx_lowpass_at_f0.wav,G2_cello_5000ms_fx_lowpass_at_f0.wav,Listen to this audio clip of a single musical note. What is the MIDI note number (an integer from 0 to 127)? Reply with ONLY the integer. Nothing else. Output only the answer.,"Listen to this audio clip of a single musical note. What is the note name and octave? Reply with ONLY the note name in Scientific Pitch Notation (e.g. C4, F#3, Bb5). Nothing else. Output only the answer.","Listen to this audio clip of a single musical note. What is the solfege syllable and accidental (if needed) of this pitch? Use fixed-do (do=C, re=D, mi=E, fa=F, sol=G, la=A, si=B). Include sharps or flats when needed (e.g. do#, reb, fa#, sib). Do NOT include the octave. Reply with ONLY the syllable and accidental (if needed). Nothing else. Output only the answer.","Listen to this audio clip of a single musical note. What is the main pitch frequency, expressed in Hertz? Reply with ONLY a number (the frequency in Hz). Nothing else. Output only the answer."
lowpass_at_f0,lowpass,"{'type': 'lowpass', 'cutoff_ratio': 1.2, 'order': 6}",2043,guitar,instrument,43,43,1,1,1,1,G2,C2,0,0,1,sol,fa#,0,0,1,43,C2,solb,4350.0,/home/hsnu2/PitchBench/data/audio/pitchbench_e2_audio_effects/G2_guitar_5000ms_fx_lowpass_at_f0.wav,G2_guitar_5000ms_fx_lowpass_at_f0.wav,Listen to this audio clip of a single musical note. What is the MIDI note number (an integer from 0 to 127)? Reply with ONLY the integer. Nothing else. Output only the answer.,"Listen to this audio clip of a single musical note. What is the note name and octave? Reply with ONLY the note name in Scientific Pitch Notation (e.g. C4, F#3, Bb5). Nothing else. Output only the answer.","Listen to this audio clip of a single musical note. What is the solfege syllable and accidental (if needed) of this pitch? Use fixed-do (do=C, re=D, mi=E, fa=F, sol=G, la=A, si=B). Include sharps or flats when needed (e.g. do#, reb, fa#, sib). Do NOT include the octave. Reply with ONLY the syllable and accidental (if needed). Nothing else. Output only the answer.","Listen to this audio clip of a single musical note. What is the main pitch frequency, expressed in Hertz? Reply with ONLY a number (the frequency in Hz). Nothing else. Output only the answer."
lowpass_at_f0,lowpass,"{'type': 'lowpass', 'cutoff_ratio': 1.2, 'order': 6}",2043,triangle,waveform,43,48,0,0,0,0,G2,C2,0,0,1,sol,sol,1,0,1,48,C2,sol,105.26,/home/hsnu2/PitchBench/data/audio/pitchbench_e2_audio_effects/G2_triangle_5000ms_fx_lowpass_at_f0.wav,G2_triangle_5000ms_fx_lowpass_at_f0.wav,Listen to this audio clip of a single musical note. What is the MIDI note number (an integer from 0 to 127)? Reply with ONLY the integer. Nothing else. Output only the answer.,"Listen to this audio clip of a single musical note. What is the note name and octave? Reply with ONLY the note name in Scientific Pitch Notation (e.g. C4, F#3, Bb5). Nothing else. Output only the answer.","Listen to this audio clip of a single musical note. What is the solfege syllable and accidental (if needed) of this pitch? Use fixed-do (do=C, re=D, mi=E, fa=F, sol=G, la=A, si=B). Include sharps or flats when needed (e.g. do#, reb, fa#, sib). Do NOT include the octave. Reply with ONLY the syllable and accidental (if needed). Nothing else. Output only the answer.","Listen to this audio clip of a single musical note. What is the main pitch frequency, expressed in Hertz? Reply with ONLY a number (the frequency in Hz). Nothing else. Output only the answer."
lowpass_at_f0,lowpass,"{'type': 'lowpass', 'cutoff_ratio': 1.2, 'order': 6}",2043,sawtooth,waveform,43,48,0,0,0,0,G2,C2,0,0,1,sol,sol,1,0,1,48,C2,sol,105.26,/home/hsnu2/PitchBench/data/audio/pitchbench_e2_audio_effects/G2_sawtooth_5000ms_fx_lowpass_at_f0.wav,G2_sawtooth_5000ms_fx_lowpass_at_f0.wav,Listen to this audio clip of a single musical note. What is the MIDI note number (an integer from 0 to 127)? Reply with ONLY the integer. Nothing else. Output only the answer.,"Listen to this audio clip of a single musical note. What is the note name and octave? Reply with ONLY the note name in Scientific Pitch Notation (e.g. C4, F#3, Bb5). Nothing else. Output only the answer.","Listen to this audio clip of a single musical note. What is the solfege syllable and accidental (if needed) of this pitch? Use fixed-do (do=C, re=D, mi=E, fa=F, sol=G, la=A, si=B). Include sharps or flats when needed (e.g. do#, reb, fa#, sib). Do NOT include the octave. Reply with ONLY the syllable and accidental (if needed). Nothing else. Output only the answer.","Listen to this audio clip of a single musical note. What is the main pitch frequency, expressed in Hertz? Reply with ONLY a number (the frequency in Hz). Nothing else. Output only the answer."
lowpass_at_f0,lowpass,"{'type': 'lowpass', 'cutoff_ratio': 1.2, 'order': 6}",2048,cello,instrument,48,48,1,1,1,1,C3,C2,0,1,0,do,fa#,0,0,1,48,C2,solb,261.63,/home/hsnu2/PitchBench/data/audio/pitchbench_e2_audio_effects/C3_cello_5000ms_fx_lowpass_at_f0.wav,C3_cello_5000ms_fx_lowpass_at_f0.wav,Listen to this audio clip of a single musical note. What is the MIDI note number (an integer from 0 to 127)? Reply with ONLY the integer. Nothing else. Output only the answer.,"Listen to this audio clip of a single musical note. What is the note name and octave? Reply with ONLY the note name in Scientific Pitch Notation (e.g. C4, F#3, Bb5). Nothing else. Output only the answer.","Listen to this audio clip of a single musical note. What is the solfege syllable and accidental (if needed) of this pitch? Use fixed-do (do=C, re=D, mi=E, fa=F, sol=G, la=A, si=B). Include sharps or flats when needed (e.g. do#, reb, fa#, sib). Do NOT include the octave. Reply with ONLY the syllable and accidental (if needed). Nothing else. Output only the answer.","Listen to this audio clip of a single musical note. What is the main pitch frequency, expressed in Hertz? Reply with ONLY a number (the frequency in Hz). Nothing else. Output only the answer."
lowpass_at_f0,lowpass,"{'type': 'lowpass', 'cutoff_ratio': 1.2, 'order': 6}",2048,oboe,instrument,48,48,1,1,1,1,C3,C2,0,1,0,do,fa#,0,0,1,48,C2,solb,480,/home/hsnu2/PitchBench/data/audio/pitchbench_e2_audio_effects/C3_oboe_5000ms_fx_lowpass_at_f0.wav,C3_oboe_5000ms_fx_lowpass_at_f0.wav,Listen to this audio clip of a single musical note. What is the MIDI note number (an integer from 0 to 127)? Reply with ONLY the integer. Nothing else. Output only the answer.,"Listen to this audio clip of a single musical note. What is the note name and octave? Reply with ONLY the note name in Scientific Pitch Notation (e.g. C4, F#3, Bb5). Nothing else. Output only the answer.","Listen to this audio clip of a single musical note. What is the solfege syllable and accidental (if needed) of this pitch? Use fixed-do (do=C, re=D, mi=E, fa=F, sol=G, la=A, si=B). Include sharps or flats when needed (e.g. do#, reb, fa#, sib). Do NOT include the octave. Reply with ONLY the syllable and accidental (if needed). Nothing else. Output only the answer.","Listen to this audio clip of a single musical note. What is the main pitch frequency, expressed in Hertz? Reply with ONLY a number (the frequency in Hz). Nothing else. Output only the answer."
lowpass_at_f0,lowpass,"{'type': 'lowpass', 'cutoff_ratio': 1.2, 'order': 6}",2048,voice,instrument,48,48,1,1,1,1,C3,A#2,0,0,0,do,fa#,0,0,1,48,Bb2,solb,105.26,/home/hsnu2/PitchBench/data/audio/pitchbench_e2_audio_effects/C3_voice_5000ms_fx_lowpass_at_f0.wav,C3_voice_5000ms_fx_lowpass_at_f0.wav,Listen to this audio clip of a single musical note. What is the MIDI note number (an integer from 0 to 127)? Reply with ONLY the integer. Nothing else. Output only the answer.,"Listen to this audio clip of a single musical note. What is the note name and octave? Reply with ONLY the note name in Scientific Pitch Notation (e.g. C4, F#3, Bb5). Nothing else. Output only the answer.","Listen to this audio clip of a single musical note. What is the solfege syllable and accidental (if needed) of this pitch? Use fixed-do (do=C, re=D, mi=E, fa=F, sol=G, la=A, si=B). Include sharps or flats when needed (e.g. do#, reb, fa#, sib). Do NOT include the octave. Reply with ONLY the syllable and accidental (if needed). Nothing else. Output only the answer.","Listen to this audio clip of a single musical note. What is the main pitch frequency, expressed in Hertz? Reply with ONLY a number (the frequency in Hz). Nothing else. Output only the answer."
lowpass_at_f0,lowpass,"{'type': 'lowpass', 'cutoff_ratio': 1.2, 'order': 6}",2048,synth_lead,instrument,48,48,1,1,1,1,C3,C2,0,1,0,do,sol,0,0,1,48,C2,sol,105.26,/home/hsnu2/PitchBench/data/audio/pitchbench_e2_audio_effects/C3_synth_lead_5000ms_fx_lowpass_at_f0.wav,C3_synth_lead_5000ms_fx_lowpass_at_f0.wav,Listen to this audio clip of a single musical note. What is the MIDI note number (an integer from 0 to 127)? Reply with ONLY the integer. Nothing else. Output only the answer.,"Listen to this audio clip of a single musical note. What is the note name and octave? Reply with ONLY the note name in Scientific Pitch Notation (e.g. C4, F#3, Bb5). Nothing else. Output only the answer.","Listen to this audio clip of a single musical note. What is the solfege syllable and accidental (if needed) of this pitch? Use fixed-do (do=C, re=D, mi=E, fa=F, sol=G, la=A, si=B). Include sharps or flats when needed (e.g. do#, reb, fa#, sib). Do NOT include the octave. Reply with ONLY the syllable and accidental (if needed). Nothing else. Output only the answer.","Listen to this audio clip of a single musical note. What is the main pitch frequency, expressed in Hertz? Reply with ONLY a number (the frequency in Hz). Nothing else. Output only the answer."
lowpass_at_f0,lowpass,"{'type': 'lowpass', 'cutoff_ratio': 1.2, 'order': 6}",2048,flute,instrument,48,48,1,1,1,1,C3,C2,0,1,0,do,fa#,0,0,1,48,C2,solb,105.26,/home/hsnu2/PitchBench/data/audio/pitchbench_e2_audio_effects/C3_flute_5000ms_fx_lowpass_at_f0.wav,C3_flute_5000ms_fx_lowpass_at_f0.wav,Listen to this audio clip of a single musical note. What is the MIDI note number (an integer from 0 to 127)? Reply with ONLY the integer. Nothing else. Output only the answer.,"Listen to this audio clip of a single musical note. What is the note name and octave? Reply with ONLY the note name in Scientific Pitch Notation (e.g. C4, F#3, Bb5). Nothing else. Output only the answer.","Listen to this audio clip of a single musical note. What is the solfege syllable and accidental (if needed) of this pitch? Use fixed-do (do=C, re=D, mi=E, fa=F, sol=G, la=A, si=B). Include sharps or flats when needed (e.g. do#, reb, fa#, sib). Do NOT include the octave. Reply with ONLY the syllable and accidental (if needed). Nothing else. Output only the answer.","Listen to this audio clip of a single musical note. What is the main pitch frequency, expressed in Hertz? Reply with ONLY a number (the frequency in Hz). Nothing else. Output only the answer."
lowpass_at_f0,lowpass,"{'type': 'lowpass', 'cutoff_ratio': 1.2, 'order': 6}",2054,sawtooth,waveform,54,48,0,0,0,1,F#3,C2,0,0,0,fa#,sol,0,0,0,48,C2,sol,105.26,/home/hsnu2/PitchBench/data/audio/pitchbench_e2_audio_effects/Fs3_sawtooth_5000ms_fx_lowpass_at_f0.wav,Fs3_sawtooth_5000ms_fx_lowpass_at_f0.wav,Listen to this audio clip of a single musical note. What is the MIDI note number (an integer from 0 to 127)? Reply with ONLY the integer. Nothing else. Output only the answer.,"Listen to this audio clip of a single musical note. What is the note name and octave? Reply with ONLY the note name in Scientific Pitch Notation (e.g. C4, F#3, Bb5). Nothing else. Output only the answer.","Listen to this audio clip of a single musical note. What is the solfege syllable and accidental (if needed) of this pitch? Use fixed-do (do=C, re=D, mi=E, fa=F, sol=G, la=A, si=B). Include sharps or flats when needed (e.g. do#, reb, fa#, sib). Do NOT include the octave. Reply with ONLY the syllable and accidental (if needed). Nothing else. Output only the answer.","Listen to this audio clip of a single musical note. What is the main pitch frequency, expressed in Hertz? Reply with ONLY a number (the frequency in Hz). Nothing else. Output only the answer."
lowpass_at_f0,lowpass,"{'type': 'lowpass', 'cutoff_ratio': 1.2, 'order': 6}",2054,triangle,waveform,54,48,0,0,0,1,F#3,C4,0,0,0,fa#,sol,0,0,0,48,C4,sol,105.26,/home/hsnu2/PitchBench/data/audio/pitchbench_e2_audio_effects/Fs3_triangle_5000ms_fx_lowpass_at_f0.wav,Fs3_triangle_5000ms_fx_lowpass_at_f0.wav,Listen to this audio clip of a single musical note. What is the MIDI note number (an integer from 0 to 127)? Reply with ONLY the integer. Nothing else. Output only the answer.,"Listen to this audio clip of a single musical note. What is the note name and octave? Reply with ONLY the note name in Scientific Pitch Notation (e.g. C4, F#3, Bb5). Nothing else. Output only the answer.","Listen to this audio clip of a single musical note. What is the solfege syllable and accidental (if needed) of this pitch? Use fixed-do (do=C, re=D, mi=E, fa=F, sol=G, la=A, si=B). Include sharps or flats when needed (e.g. do#, reb, fa#, sib). Do NOT include the octave. Reply with ONLY the syllable and accidental (if needed). Nothing else. Output only the answer.","Listen to this audio clip of a single musical note. What is the main pitch frequency, expressed in Hertz? Reply with ONLY a number (the frequency in Hz). Nothing else. Output only the answer."
lowpass_at_f0,lowpass,"{'type': 'lowpass', 'cutoff_ratio': 1.2, 'order': 6}",2054,voice,instrument,54,48,0,0,0,1,F#3,C4,0,0,0,fa#,fa#,1,0,1,48,C4,solb,105.26,/home/hsnu2/PitchBench/data/audio/pitchbench_e2_audio_effects/Fs3_voice_5000ms_fx_lowpass_at_f0.wav,Fs3_voice_5000ms_fx_lowpass_at_f0.wav,Listen to this audio clip of a single musical note. What is the MIDI note number (an integer from 0 to 127)? Reply with ONLY the integer. Nothing else. Output only the answer.,"Listen to this audio clip of a single musical note. What is the note name and octave? Reply with ONLY the note name in Scientific Pitch Notation (e.g. C4, F#3, Bb5). Nothing else. Output only the answer.","Listen to this audio clip of a single musical note. What is the solfege syllable and accidental (if needed) of this pitch? Use fixed-do (do=C, re=D, mi=E, fa=F, sol=G, la=A, si=B). Include sharps or flats when needed (e.g. do#, reb, fa#, sib). Do NOT include the octave. Reply with ONLY the syllable and accidental (if needed). Nothing else. Output only the answer.","Listen to this audio clip of a single musical note. What is the main pitch frequency, expressed in Hertz? Reply with ONLY a number (the frequency in Hz). Nothing else. Output only the answer."
lowpass_at_f0,lowpass,"{'type': 'lowpass', 'cutoff_ratio': 1.2, 'order': 6}",2054,violin,instrument,54,36,0,0,0,0,F#3,C2,0,0,0,fa#,fa#,1,0,1,36,C2,solb,105.26,/home/hsnu2/PitchBench/data/audio/pitchbench_e2_audio_effects/Fs3_violin_5000ms_fx_lowpass_at_f0.wav,Fs3_violin_5000ms_fx_lowpass_at_f0.wav,Listen to this audio clip of a single musical note. What is the MIDI note number (an integer from 0 to 127)? Reply with ONLY the integer. Nothing else. Output only the answer.,"Listen to this audio clip of a single musical note. What is the note name and octave? Reply with ONLY the note name in Scientific Pitch Notation (e.g. C4, F#3, Bb5). Nothing else. Output only the answer.","Listen to this audio clip of a single musical note. What is the solfege syllable and accidental (if needed) of this pitch? Use fixed-do (do=C, re=D, mi=E, fa=F, sol=G, la=A, si=B). Include sharps or flats when needed (e.g. do#, reb, fa#, sib). Do NOT include the octave. Reply with ONLY the syllable and accidental (if needed). Nothing else. Output only the answer.","Listen to this audio clip of a single musical note. What is the main pitch frequency, expressed in Hertz? Reply with ONLY a number (the frequency in Hz). Nothing else. Output only the answer."
lowpass_at_f0,lowpass,"{'type': 'lowpass', 'cutoff_ratio': 1.2, 'order': 6}",2054,oboe,instrument,54,43,0,0,0,0,F#3,C2,0,0,0,fa#,sol,0,0,0,43,C2,sol,261.63,/home/hsnu2/PitchBench/data/audio/pitchbench_e2_audio_effects/Fs3_oboe_5000ms_fx_lowpass_at_f0.wav,Fs3_oboe_5000ms_fx_lowpass_at_f0.wav,Listen to this audio clip of a single musical note. What is the MIDI note number (an integer from 0 to 127)? Reply with ONLY the integer. Nothing else. Output only the answer.,"Listen to this audio clip of a single musical note. What is the note name and octave? Reply with ONLY the note name in Scientific Pitch Notation (e.g. C4, F#3, Bb5). Nothing else. Output only the answer.","Listen to this audio clip of a single musical note. What is the solfege syllable and accidental (if needed) of this pitch? Use fixed-do (do=C, re=D, mi=E, fa=F, sol=G, la=A, si=B). Include sharps or flats when needed (e.g. do#, reb, fa#, sib). Do NOT include the octave. Reply with ONLY the syllable and accidental (if needed). Nothing else. Output only the answer.","Listen to this audio clip of a single musical note. What is the main pitch frequency, expressed in Hertz? Reply with ONLY a number (the frequency in Hz). Nothing else. Output only the answer."
lowpass_at_f0,lowpass,"{'type': 'lowpass', 'cutoff_ratio': 1.2, 'order': 6}",2060,clarinet,instrument,60,63,0,0,0,1,C4,C6,0,1,0,do,sol,0,0,0,63,C6,sol,120,/home/hsnu2/PitchBench/data/audio/pitchbench_e2_audio_effects/C4_clarinet_5000ms_fx_lowpass_at_f0.wav,C4_clarinet_5000ms_fx_lowpass_at_f0.wav,Listen to this audio clip of a single musical note. What is the MIDI note number (an integer from 0 to 127)? Reply with ONLY the integer. Nothing else. Output only the answer.,"Listen to this audio clip of a single musical note. What is the note name and octave? Reply with ONLY the note name in Scientific Pitch Notation (e.g. C4, F#3, Bb5). Nothing else. Output only the answer.","Listen to this audio clip of a single musical note. What is the solfege syllable and accidental (if needed) of this pitch? Use fixed-do (do=C, re=D, mi=E, fa=F, sol=G, la=A, si=B). Include sharps or flats when needed (e.g. do#, reb, fa#, sib). Do NOT include the octave. Reply with ONLY the syllable and accidental (if needed). Nothing else. Output only the answer.","Listen to this audio clip of a single musical note. What is the main pitch frequency, expressed in Hertz? Reply with ONLY a number (the frequency in Hz). Nothing else. Output only the answer."
lowpass_at_f0,lowpass,"{'type': 'lowpass', 'cutoff_ratio': 1.2, 'order': 6}",2060,triangle,waveform,60,63,0,0,0,1,C4,C6,0,1,0,do,sol,0,0,0,63,C6,sol,105.26,/home/hsnu2/PitchBench/data/audio/pitchbench_e2_audio_effects/C4_triangle_5000ms_fx_lowpass_at_f0.wav,C4_triangle_5000ms_fx_lowpass_at_f0.wav,Listen to this audio clip of a single musical note. What is the MIDI note number (an integer from 0 to 127)? Reply with ONLY the integer. Nothing else. Output only the answer.,"Listen to this audio clip of a single musical note. What is the note name and octave? Reply with ONLY the note name in Scientific Pitch Notation (e.g. C4, F#3, Bb5). Nothing else. Output only the answer.","Listen to this audio clip of a single musical note. What is the solfege syllable and accidental (if needed) of this pitch? Use fixed-do (do=C, re=D, mi=E, fa=F, sol=G, la=A, si=B). Include sharps or flats when needed (e.g. do#, reb, fa#, sib). Do NOT include the octave. Reply with ONLY the syllable and accidental (if needed). Nothing else. Output only the answer.","Listen to this audio clip of a single musical note. What is the main pitch frequency, expressed in Hertz? Reply with ONLY a number (the frequency in Hz). Nothing else. Output only the answer."
lowpass_at_f0,lowpass,"{'type': 'lowpass', 'cutoff_ratio': 1.2, 'order': 6}",2060,flute,instrument,60,60,1,1,1,1,C4,C6,0,1,0,do,sol,0,0,1,60,C6,sol,60,/home/hsnu2/PitchBench/data/audio/pitchbench_e2_audio_effects/C4_flute_5000ms_fx_lowpass_at_f0.wav,C4_flute_5000ms_fx_lowpass_at_f0.wav,Listen to this audio clip of a single musical note. What is the MIDI note number (an integer from 0 to 127)? Reply with ONLY the integer. Nothing else. Output only the answer.,"Listen to this audio clip of a single musical note. What is the note name and octave? Reply with ONLY the note name in Scientific Pitch Notation (e.g. C4, F#3, Bb5). Nothing else. Output only the answer.","Listen to this audio clip of a single musical note. What is the solfege syllable and accidental (if needed) of this pitch? Use fixed-do (do=C, re=D, mi=E, fa=F, sol=G, la=A, si=B). Include sharps or flats when needed (e.g. do#, reb, fa#, sib). Do NOT include the octave. Reply with ONLY the syllable and accidental (if needed). Nothing else. Output only the answer.","Listen to this audio clip of a single musical note. What is the main pitch frequency, expressed in Hertz? Reply with ONLY a number (the frequency in Hz). Nothing else. Output only the answer."
lowpass_at_f0,lowpass,"{'type': 'lowpass', 'cutoff_ratio': 1.2, 'order': 6}",2060,guitar,instrument,60,63,0,0,0,1,C4,C6,0,1,0,do,sol,0,0,0,63,C6,sol,480,/home/hsnu2/PitchBench/data/audio/pitchbench_e2_audio_effects/C4_guitar_5000ms_fx_lowpass_at_f0.wav,C4_guitar_5000ms_fx_lowpass_at_f0.wav,Listen to this audio clip of a single musical note. What is the MIDI note number (an integer from 0 to 127)? Reply with ONLY the integer. Nothing else. Output only the answer.,"Listen to this audio clip of a single musical note. What is the note name and octave? Reply with ONLY the note name in Scientific Pitch Notation (e.g. C4, F#3, Bb5). Nothing else. Output only the answer.","Listen to this audio clip of a single musical note. What is the solfege syllable and accidental (if needed) of this pitch? Use fixed-do (do=C, re=D, mi=E, fa=F, sol=G, la=A, si=B). Include sharps or flats when needed (e.g. do#, reb, fa#, sib). Do NOT include the octave. Reply with ONLY the syllable and accidental (if needed). Nothing else. Output only the answer.","Listen to this audio clip of a single musical note. What is the main pitch frequency, expressed in Hertz? Reply with ONLY a number (the frequency in Hz). Nothing else. Output only the answer."
lowpass_at_f0,lowpass,"{'type': 'lowpass', 'cutoff_ratio': 1.2, 'order': 6}",2060,synth_pad,instrument,60,63,0,0,0,1,C4,C6,0,1,0,do,fa#,0,0,0,63,C6,solb,105.26,/home/hsnu2/PitchBench/data/audio/pitchbench_e2_audio_effects/C4_synth_pad_5000ms_fx_lowpass_at_f0.wav,C4_synth_pad_5000ms_fx_lowpass_at_f0.wav,Listen to this audio clip of a single musical note. What is the MIDI note number (an integer from 0 to 127)? Reply with ONLY the integer. Nothing else. Output only the answer.,"Listen to this audio clip of a single musical note. What is the note name and octave? Reply with ONLY the note name in Scientific Pitch Notation (e.g. C4, F#3, Bb5). Nothing else. Output only the answer.","Listen to this audio clip of a single musical note. What is the solfege syllable and accidental (if needed) of this pitch? Use fixed-do (do=C, re=D, mi=E, fa=F, sol=G, la=A, si=B). Include sharps or flats when needed (e.g. do#, reb, fa#, sib). Do NOT include the octave. Reply with ONLY the syllable and accidental (if needed). Nothing else. Output only the answer.","Listen to this audio clip of a single musical note. What is the main pitch frequency, expressed in Hertz? Reply with ONLY a number (the frequency in Hz). Nothing else. Output only the answer."
lowpass_at_f0,lowpass,"{'type': 'lowpass', 'cutoff_ratio': 1.2, 'order': 6}",2064,synth_pad,instrument,64,65,0,1,0,1,E4,C6,0,0,0,mi,fa#,0,0,0,65,C6,solb,1054.72,/home/hsnu2/PitchBench/data/audio/pitchbench_e2_audio_effects/E4_synth_pad_5000ms_fx_lowpass_at_f0.wav,E4_synth_pad_5000ms_fx_lowpass_at_f0.wav,Listen to this audio clip of a single musical note. What is the MIDI note number (an integer from 0 to 127)? Reply with ONLY the integer. Nothing else. Output only the answer.,"Listen to this audio clip of a single musical note. What is the note name and octave? Reply with ONLY the note name in Scientific Pitch Notation (e.g. C4, F#3, Bb5). Nothing else. Output only the answer.","Listen to this audio clip of a single musical note. What is the solfege syllable and accidental (if needed) of this pitch? Use fixed-do (do=C, re=D, mi=E, fa=F, sol=G, la=A, si=B). Include sharps or flats when needed (e.g. do#, reb, fa#, sib). Do NOT include the octave. Reply with ONLY the syllable and accidental (if needed). Nothing else. Output only the answer.","Listen to this audio clip of a single musical note. What is the main pitch frequency, expressed in Hertz? Reply with ONLY a number (the frequency in Hz). Nothing else. Output only the answer."
lowpass_at_f0,lowpass,"{'type': 'lowpass', 'cutoff_ratio': 1.2, 'order': 6}",2064,organ,instrument,64,63,0,1,0,1,E4,C4,0,0,1,mi,sol,0,0,0,63,C4,sol,105.26,/home/hsnu2/PitchBench/data/audio/pitchbench_e2_audio_effects/E4_organ_5000ms_fx_lowpass_at_f0.wav,E4_organ_5000ms_fx_lowpass_at_f0.wav,Listen to this audio clip of a single musical note. What is the MIDI note number (an integer from 0 to 127)? Reply with ONLY the integer. Nothing else. Output only the answer.,"Listen to this audio clip of a single musical note. What is the note name and octave? Reply with ONLY the note name in Scientific Pitch Notation (e.g. C4, F#3, Bb5). Nothing else. Output only the answer.","Listen to this audio clip of a single musical note. What is the solfege syllable and accidental (if needed) of this pitch? Use fixed-do (do=C, re=D, mi=E, fa=F, sol=G, la=A, si=B). Include sharps or flats when needed (e.g. do#, reb, fa#, sib). Do NOT include the octave. Reply with ONLY the syllable and accidental (if needed). Nothing else. Output only the answer.","Listen to this audio clip of a single musical note. What is the main pitch frequency, expressed in Hertz? Reply with ONLY a number (the frequency in Hz). Nothing else. Output only the answer."
lowpass_at_f0,lowpass,"{'type': 'lowpass', 'cutoff_ratio': 1.2, 'order': 6}",2064,piano,instrument,64,65,0,1,0,1,E4,C6,0,0,0,mi,fa#,0,0,0,65,C6,solb,450,/home/hsnu2/PitchBench/data/audio/pitchbench_e2_audio_effects/E4_piano_5000ms_fx_lowpass_at_f0.wav,E4_piano_5000ms_fx_lowpass_at_f0.wav,Listen to this audio clip of a single musical note. What is the MIDI note number (an integer from 0 to 127)? Reply with ONLY the integer. Nothing else. Output only the answer.,"Listen to this audio clip of a single musical note. What is the note name and octave? Reply with ONLY the note name in Scientific Pitch Notation (e.g. C4, F#3, Bb5). Nothing else. Output only the answer.","Listen to this audio clip of a single musical note. What is the solfege syllable and accidental (if needed) of this pitch? Use fixed-do (do=C, re=D, mi=E, fa=F, sol=G, la=A, si=B). Include sharps or flats when needed (e.g. do#, reb, fa#, sib). Do NOT include the octave. Reply with ONLY the syllable and accidental (if needed). Nothing else. Output only the answer.","Listen to this audio clip of a single musical note. What is the main pitch frequency, expressed in Hertz? Reply with ONLY a number (the frequency in Hz). Nothing else. Output only the answer."
lowpass_at_f0,lowpass,"{'type': 'lowpass', 'cutoff_ratio': 1.2, 'order': 6}",2064,cello,instrument,64,65,0,1,0,1,E4,C6,0,0,0,mi,fa#,0,0,0,65,C6,solb,176.47,/home/hsnu2/PitchBench/data/audio/pitchbench_e2_audio_effects/E4_cello_5000ms_fx_lowpass_at_f0.wav,E4_cello_5000ms_fx_lowpass_at_f0.wav,Listen to this audio clip of a single musical note. What is the MIDI note number (an integer from 0 to 127)? Reply with ONLY the integer. Nothing else. Output only the answer.,"Listen to this audio clip of a single musical note. What is the note name and octave? Reply with ONLY the note name in Scientific Pitch Notation (e.g. C4, F#3, Bb5). Nothing else. Output only the answer.","Listen to this audio clip of a single musical note. What is the solfege syllable and accidental (if needed) of this pitch? Use fixed-do (do=C, re=D, mi=E, fa=F, sol=G, la=A, si=B). Include sharps or flats when needed (e.g. do#, reb, fa#, sib). Do NOT include the octave. Reply with ONLY the syllable and accidental (if needed). Nothing else. Output only the answer.","Listen to this audio clip of a single musical note. What is the main pitch frequency, expressed in Hertz? Reply with ONLY a number (the frequency in Hz). Nothing else. Output only the answer."
lowpass_at_f0,lowpass,"{'type': 'lowpass', 'cutoff_ratio': 1.2, 'order': 6}",2064,square,waveform,64,64,1,1,1,1,E4,C6,0,0,0,mi,sol,0,0,1,64,C6,sol,105.26,/home/hsnu2/PitchBench/data/audio/pitchbench_e2_audio_effects/E4_square_5000ms_fx_lowpass_at_f0.wav,E4_square_5000ms_fx_lowpass_at_f0.wav,Listen to this audio clip of a single musical note. What is the MIDI note number (an integer from 0 to 127)? Reply with ONLY the integer. Nothing else. Output only the answer.,"Listen to this audio clip of a single musical note. What is the note name and octave? Reply with ONLY the note name in Scientific Pitch Notation (e.g. C4, F#3, Bb5). Nothing else. Output only the answer.","Listen to this audio clip of a single musical note. What is the solfege syllable and accidental (if needed) of this pitch? Use fixed-do (do=C, re=D, mi=E, fa=F, sol=G, la=A, si=B). Include sharps or flats when needed (e.g. do#, reb, fa#, sib). Do NOT include the octave. Reply with ONLY the syllable and accidental (if needed). Nothing else. Output only the answer.","Listen to this audio clip of a single musical note. What is the main pitch frequency, expressed in Hertz? Reply with ONLY a number (the frequency in Hz). Nothing else. Output only the answer."
lowpass_at_f0,lowpass,"{'type': 'lowpass', 'cutoff_ratio': 1.2, 'order': 6}",2069,trumpet,instrument,69,69,1,1,1,1,A4,A4,1,1,1,la,sol,0,0,1,69,A4,sol,450,/home/hsnu2/PitchBench/data/audio/pitchbench_e2_audio_effects/A4_trumpet_5000ms_fx_lowpass_at_f0.wav,A4_trumpet_5000ms_fx_lowpass_at_f0.wav,Listen to this audio clip of a single musical note. What is the MIDI note number (an integer from 0 to 127)? Reply with ONLY the integer. Nothing else. Output only the answer.,"Listen to this audio clip of a single musical note. What is the note name and octave? Reply with ONLY the note name in Scientific Pitch Notation (e.g. C4, F#3, Bb5). Nothing else. Output only the answer.","Listen to this audio clip of a single musical note. What is the solfege syllable and accidental (if needed) of this pitch? Use fixed-do (do=C, re=D, mi=E, fa=F, sol=G, la=A, si=B). Include sharps or flats when needed (e.g. do#, reb, fa#, sib). Do NOT include the octave. Reply with ONLY the syllable and accidental (if needed). Nothing else. Output only the answer.","Listen to this audio clip of a single musical note. What is the main pitch frequency, expressed in Hertz? Reply with ONLY a number (the frequency in Hz). Nothing else. Output only the answer."
lowpass_at_f0,lowpass,"{'type': 'lowpass', 'cutoff_ratio': 1.2, 'order': 6}",2069,organ,instrument,69,69,1,1,1,1,A4,,0,0,0,la,sol,0,0,1,69,A minor 6th above middle A,sol,415.38,/home/hsnu2/PitchBench/data/audio/pitchbench_e2_audio_effects/A4_organ_5000ms_fx_lowpass_at_f0.wav,A4_organ_5000ms_fx_lowpass_at_f0.wav,Listen to this audio clip of a single musical note. What is the MIDI note number (an integer from 0 to 127)? Reply with ONLY the integer. Nothing else. Output only the answer.,"Listen to this audio clip of a single musical note. What is the note name and octave? Reply with ONLY the note name in Scientific Pitch Notation (e.g. C4, F#3, Bb5). Nothing else. Output only the answer.","Listen to this audio clip of a single musical note. What is the solfege syllable and accidental (if needed) of this pitch? Use fixed-do (do=C, re=D, mi=E, fa=F, sol=G, la=A, si=B). Include sharps or flats when needed (e.g. do#, reb, fa#, sib). Do NOT include the octave. Reply with ONLY the syllable and accidental (if needed). Nothing else. Output only the answer.","Listen to this audio clip of a single musical note. What is the main pitch frequency, expressed in Hertz? Reply with ONLY a number (the frequency in Hz). Nothing else. Output only the answer."
lowpass_at_f0,lowpass,"{'type': 'lowpass', 'cutoff_ratio': 1.2, 'order': 6}",2069,flute,instrument,69,69,1,1,1,1,A4,C6,0,0,0,la,sol,0,0,1,69,C6,sol,450,/home/hsnu2/PitchBench/data/audio/pitchbench_e2_audio_effects/A4_flute_5000ms_fx_lowpass_at_f0.wav,A4_flute_5000ms_fx_lowpass_at_f0.wav,Listen to this audio clip of a single musical note. What is the MIDI note number (an integer from 0 to 127)? Reply with ONLY the integer. Nothing else. Output only the answer.,"Listen to this audio clip of a single musical note. What is the note name and octave? Reply with ONLY the note name in Scientific Pitch Notation (e.g. C4, F#3, Bb5). Nothing else. Output only the answer.","Listen to this audio clip of a single musical note. What is the solfege syllable and accidental (if needed) of this pitch? Use fixed-do (do=C, re=D, mi=E, fa=F, sol=G, la=A, si=B). Include sharps or flats when needed (e.g. do#, reb, fa#, sib). Do NOT include the octave. Reply with ONLY the syllable and accidental (if needed). Nothing else. Output only the answer.","Listen to this audio clip of a single musical note. What is the main pitch frequency, expressed in Hertz? Reply with ONLY a number (the frequency in Hz). Nothing else. Output only the answer."
lowpass_at_f0,lowpass,"{'type': 'lowpass', 'cutoff_ratio': 1.2, 'order': 6}",2069,square,waveform,69,69,1,1,1,1,A4,C6,0,0,0,la,sol,0,0,1,69,C6,sol,1050.0,/home/hsnu2/PitchBench/data/audio/pitchbench_e2_audio_effects/A4_square_5000ms_fx_lowpass_at_f0.wav,A4_square_5000ms_fx_lowpass_at_f0.wav,Listen to this audio clip of a single musical note. What is the MIDI note number (an integer from 0 to 127)? Reply with ONLY the integer. Nothing else. Output only the answer.,"Listen to this audio clip of a single musical note. What is the note name and octave? Reply with ONLY the note name in Scientific Pitch Notation (e.g. C4, F#3, Bb5). Nothing else. Output only the answer.","Listen to this audio clip of a single musical note. What is the solfege syllable and accidental (if needed) of this pitch? Use fixed-do (do=C, re=D, mi=E, fa=F, sol=G, la=A, si=B). Include sharps or flats when needed (e.g. do#, reb, fa#, sib). Do NOT include the octave. Reply with ONLY the syllable and accidental (if needed). Nothing else. Output only the answer.","Listen to this audio clip of a single musical note. What is the main pitch frequency, expressed in Hertz? Reply with ONLY a number (the frequency in Hz). Nothing else. Output only the answer."
lowpass_at_f0,lowpass,"{'type': 'lowpass', 'cutoff_ratio': 1.2, 'order': 6}",2069,synth_lead,instrument,69,69,1,1,1,1,A4,C6,0,0,0,la,fa#,0,0,1,69,C6,solb,1054.87,/home/hsnu2/PitchBench/data/audio/pitchbench_e2_audio_effects/A4_synth_lead_5000ms_fx_lowpass_at_f0.wav,A4_synth_lead_5000ms_fx_lowpass_at_f0.wav,Listen to this audio clip of a single musical note. What is the MIDI note number (an integer from 0 to 127)? Reply with ONLY the integer. Nothing else. Output only the answer.,"Listen to this audio clip of a single musical note. What is the note name and octave? Reply with ONLY the note name in Scientific Pitch Notation (e.g. C4, F#3, Bb5). Nothing else. Output only the answer.","Listen to this audio clip of a single musical note. What is the solfege syllable and accidental (if needed) of this pitch? Use fixed-do (do=C, re=D, mi=E, fa=F, sol=G, la=A, si=B). Include sharps or flats when needed (e.g. do#, reb, fa#, sib). Do NOT include the octave. Reply with ONLY the syllable and accidental (if needed). Nothing else. Output only the answer.","Listen to this audio clip of a single musical note. What is the main pitch frequency, expressed in Hertz? Reply with ONLY a number (the frequency in Hz). Nothing else. Output only the answer."
lowpass_at_f0,lowpass,"{'type': 'lowpass', 'cutoff_ratio': 1.2, 'order': 6}",2079,synth_pad,instrument,79,68,0,0,0,0,G5,C6,0,0,0,sol,sol,1,0,1,68,C6,sol,1034.56,/home/hsnu2/PitchBench/data/audio/pitchbench_e2_audio_effects/G5_synth_pad_5000ms_fx_lowpass_at_f0.wav,G5_synth_pad_5000ms_fx_lowpass_at_f0.wav,Listen to this audio clip of a single musical note. What is the MIDI note number (an integer from 0 to 127)? Reply with ONLY the integer. Nothing else. Output only the answer.,"Listen to this audio clip of a single musical note. What is the note name and octave? Reply with ONLY the note name in Scientific Pitch Notation (e.g. C4, F#3, Bb5). Nothing else. Output only the answer.","Listen to this audio clip of a single musical note. What is the solfege syllable and accidental (if needed) of this pitch? Use fixed-do (do=C, re=D, mi=E, fa=F, sol=G, la=A, si=B). Include sharps or flats when needed (e.g. do#, reb, fa#, sib). Do NOT include the octave. Reply with ONLY the syllable and accidental (if needed). Nothing else. Output only the answer.","Listen to this audio clip of a single musical note. What is the main pitch frequency, expressed in Hertz? Reply with ONLY a number (the frequency in Hz). Nothing else. Output only the answer."
lowpass_at_f0,lowpass,"{'type': 'lowpass', 'cutoff_ratio': 1.2, 'order': 6}",2079,triangle,waveform,79,68,0,0,0,0,G5,C6,0,0,0,sol,sol,1,0,1,68,C6,sol,1074.36,/home/hsnu2/PitchBench/data/audio/pitchbench_e2_audio_effects/G5_triangle_5000ms_fx_lowpass_at_f0.wav,G5_triangle_5000ms_fx_lowpass_at_f0.wav,Listen to this audio clip of a single musical note. What is the MIDI note number (an integer from 0 to 127)? Reply with ONLY the integer. Nothing else. Output only the answer.,"Listen to this audio clip of a single musical note. What is the note name and octave? Reply with ONLY the note name in Scientific Pitch Notation (e.g. C4, F#3, Bb5). Nothing else. Output only the answer.","Listen to this audio clip of a single musical note. What is the solfege syllable and accidental (if needed) of this pitch? Use fixed-do (do=C, re=D, mi=E, fa=F, sol=G, la=A, si=B). Include sharps or flats when needed (e.g. do#, reb, fa#, sib). Do NOT include the octave. Reply with ONLY the syllable and accidental (if needed). Nothing else. Output only the answer.","Listen to this audio clip of a single musical note. What is the main pitch frequency, expressed in Hertz? Reply with ONLY a number (the frequency in Hz). Nothing else. Output only the answer."
lowpass_at_f0,lowpass,"{'type': 'lowpass', 'cutoff_ratio': 1.2, 'order': 6}",2079,sawtooth,waveform,79,68,0,0,0,0,G5,C6,0,0,0,sol,sol,1,0,1,68,C6,sol,1058.47,/home/hsnu2/PitchBench/data/audio/pitchbench_e2_audio_effects/G5_sawtooth_5000ms_fx_lowpass_at_f0.wav,G5_sawtooth_5000ms_fx_lowpass_at_f0.wav,Listen to this audio clip of a single musical note. What is the MIDI note number (an integer from 0 to 127)? Reply with ONLY the integer. Nothing else. Output only the answer.,"Listen to this audio clip of a single musical note. What is the note name and octave? Reply with ONLY the note name in Scientific Pitch Notation (e.g. C4, F#3, Bb5). Nothing else. Output only the answer.","Listen to this audio clip of a single musical note. What is the solfege syllable and accidental (if needed) of this pitch? Use fixed-do (do=C, re=D, mi=E, fa=F, sol=G, la=A, si=B). Include sharps or flats when needed (e.g. do#, reb, fa#, sib). Do NOT include the octave. Reply with ONLY the syllable and accidental (if needed). Nothing else. Output only the answer.","Listen to this audio clip of a single musical note. What is the main pitch frequency, expressed in Hertz? Reply with ONLY a number (the frequency in Hz). Nothing else. Output only the answer."
lowpass_at_f0,lowpass,"{'type': 'lowpass', 'cutoff_ratio': 1.2, 'order': 6}",2079,sine,waveform,79,68,0,0,0,0,G5,C6,0,0,0,sol,sol,1,0,1,68,C6,sol,1074.36,/home/hsnu2/PitchBench/data/audio/pitchbench_e2_audio_effects/G5_sine_5000ms_fx_lowpass_at_f0.wav,G5_sine_5000ms_fx_lowpass_at_f0.wav,Listen to this audio clip of a single musical note. What is the MIDI note number (an integer from 0 to 127)? Reply with ONLY the integer. Nothing else. Output only the answer.,"Listen to this audio clip of a single musical note. What is the note name and octave? Reply with ONLY the note name in Scientific Pitch Notation (e.g. C4, F#3, Bb5). Nothing else. Output only the answer.","Listen to this audio clip of a single musical note. What is the solfege syllable and accidental (if needed) of this pitch? Use fixed-do (do=C, re=D, mi=E, fa=F, sol=G, la=A, si=B). Include sharps or flats when needed (e.g. do#, reb, fa#, sib). Do NOT include the octave. Reply with ONLY the syllable and accidental (if needed). Nothing else. Output only the answer.","Listen to this audio clip of a single musical note. What is the main pitch frequency, expressed in Hertz? Reply with ONLY a number (the frequency in Hz). Nothing else. Output only the answer."
lowpass_at_f0,lowpass,"{'type': 'lowpass', 'cutoff_ratio': 1.2, 'order': 6}",2079,synth_lead,instrument,79,68,0,0,0,0,G5,C6,0,0,0,sol,sol,1,0,1,68,C6,sol,1034.52,/home/hsnu2/PitchBench/data/audio/pitchbench_e2_audio_effects/G5_synth_lead_5000ms_fx_lowpass_at_f0.wav,G5_synth_lead_5000ms_fx_lowpass_at_f0.wav,Listen to this audio clip of a single musical note. What is the MIDI note number (an integer from 0 to 127)? Reply with ONLY the integer. Nothing else. Output only the answer.,"Listen to this audio clip of a single musical note. What is the note name and octave? Reply with ONLY the note name in Scientific Pitch Notation (e.g. C4, F#3, Bb5). Nothing else. Output only the answer.","Listen to this audio clip of a single musical note. What is the solfege syllable and accidental (if needed) of this pitch? Use fixed-do (do=C, re=D, mi=E, fa=F, sol=G, la=A, si=B). Include sharps or flats when needed (e.g. do#, reb, fa#, sib). Do NOT include the octave. Reply with ONLY the syllable and accidental (if needed). Nothing else. Output only the answer.","Listen to this audio clip of a single musical note. What is the main pitch frequency, expressed in Hertz? Reply with ONLY a number (the frequency in Hz). Nothing else. Output only the answer."
lowpass_at_f0,lowpass,"{'type': 'lowpass', 'cutoff_ratio': 1.2, 'order': 6}",2088,flute,instrument,88,83,0,0,0,0,E6,C6,0,0,1,mi,sol,0,0,0,83,C6,sol,1034.52,/home/hsnu2/PitchBench/data/audio/pitchbench_e2_audio_effects/E6_flute_5000ms_fx_lowpass_at_f0.wav,E6_flute_5000ms_fx_lowpass_at_f0.wav,Listen to this audio clip of a single musical note. What is the MIDI note number (an integer from 0 to 127)? Reply with ONLY the integer. Nothing else. Output only the answer.,"Listen to this audio clip of a single musical note. What is the note name and octave? Reply with ONLY the note name in Scientific Pitch Notation (e.g. C4, F#3, Bb5). Nothing else. Output only the answer.","Listen to this audio clip of a single musical note. What is the solfege syllable and accidental (if needed) of this pitch? Use fixed-do (do=C, re=D, mi=E, fa=F, sol=G, la=A, si=B). Include sharps or flats when needed (e.g. do#, reb, fa#, sib). Do NOT include the octave. Reply with ONLY the syllable and accidental (if needed). Nothing else. Output only the answer.","Listen to this audio clip of a single musical note. What is the main pitch frequency, expressed in Hertz? Reply with ONLY a number (the frequency in Hz). Nothing else. Output only the answer."
lowpass_at_f0,lowpass,"{'type': 'lowpass', 'cutoff_ratio': 1.2, 'order': 6}",2088,electric_keyboard,instrument,88,88,1,1,1,1,E6,C6,0,0,1,mi,sol,0,0,1,88,C6,sol,8100,/home/hsnu2/PitchBench/data/audio/pitchbench_e2_audio_effects/E6_electric_keyboard_5000ms_fx_lowpass_at_f0.wav,E6_electric_keyboard_5000ms_fx_lowpass_at_f0.wav,Listen to this audio clip of a single musical note. What is the MIDI note number (an integer from 0 to 127)? Reply with ONLY the integer. Nothing else. Output only the answer.,"Listen to this audio clip of a single musical note. What is the note name and octave? Reply with ONLY the note name in Scientific Pitch Notation (e.g. C4, F#3, Bb5). Nothing else. Output only the answer.","Listen to this audio clip of a single musical note. What is the solfege syllable and accidental (if needed) of this pitch? Use fixed-do (do=C, re=D, mi=E, fa=F, sol=G, la=A, si=B). Include sharps or flats when needed (e.g. do#, reb, fa#, sib). Do NOT include the octave. Reply with ONLY the syllable and accidental (if needed). Nothing else. Output only the answer.","Listen to this audio clip of a single musical note. What is the main pitch frequency, expressed in Hertz? Reply with ONLY a number (the frequency in Hz). Nothing else. Output only the answer."
lowpass_at_f0,lowpass,"{'type': 'lowpass', 'cutoff_ratio': 1.2, 'order': 6}",2088,cello,instrument,88,86,0,0,0,1,E6,C6,0,0,1,mi,fa#,0,0,0,86,C6,solb,1058.47,/home/hsnu2/PitchBench/data/audio/pitchbench_e2_audio_effects/E6_cello_5000ms_fx_lowpass_at_f0.wav,E6_cello_5000ms_fx_lowpass_at_f0.wav,Listen to this audio clip of a single musical note. What is the MIDI note number (an integer from 0 to 127)? Reply with ONLY the integer. Nothing else. Output only the answer.,"Listen to this audio clip of a single musical note. What is the note name and octave? Reply with ONLY the note name in Scientific Pitch Notation (e.g. C4, F#3, Bb5). Nothing else. Output only the answer.","Listen to this audio clip of a single musical note. What is the solfege syllable and accidental (if needed) of this pitch? Use fixed-do (do=C, re=D, mi=E, fa=F, sol=G, la=A, si=B). Include sharps or flats when needed (e.g. do#, reb, fa#, sib). Do NOT include the octave. Reply with ONLY the syllable and accidental (if needed). Nothing else. Output only the answer.","Listen to this audio clip of a single musical note. What is the main pitch frequency, expressed in Hertz? Reply with ONLY a number (the frequency in Hz). Nothing else. Output only the answer."
lowpass_at_f0,lowpass,"{'type': 'lowpass', 'cutoff_ratio': 1.2, 'order': 6}",2088,bass,instrument,88,83,0,0,0,0,E6,C6,0,0,1,mi,sol,0,0,0,83,C6,sol,810,/home/hsnu2/PitchBench/data/audio/pitchbench_e2_audio_effects/E6_bass_5000ms_fx_lowpass_at_f0.wav,E6_bass_5000ms_fx_lowpass_at_f0.wav,Listen to this audio clip of a single musical note. What is the MIDI note number (an integer from 0 to 127)? Reply with ONLY the integer. Nothing else. Output only the answer.,"Listen to this audio clip of a single musical note. What is the note name and octave? Reply with ONLY the note name in Scientific Pitch Notation (e.g. C4, F#3, Bb5). Nothing else. Output only the answer.","Listen to this audio clip of a single musical note. What is the solfege syllable and accidental (if needed) of this pitch? Use fixed-do (do=C, re=D, mi=E, fa=F, sol=G, la=A, si=B). Include sharps or flats when needed (e.g. do#, reb, fa#, sib). Do NOT include the octave. Reply with ONLY the syllable and accidental (if needed). Nothing else. Output only the answer.","Listen to this audio clip of a single musical note. What is the main pitch frequency, expressed in Hertz? Reply with ONLY a number (the frequency in Hz). Nothing else. Output only the answer."
lowpass_at_f0,lowpass,"{'type': 'lowpass', 'cutoff_ratio': 1.2, 'order': 6}",2088,voice,instrument,88,84,0,0,0,1,E6,C6,0,0,1,mi,sol#,0,0,0,84,C6,sol#,1034.52,/home/hsnu2/PitchBench/data/audio/pitchbench_e2_audio_effects/E6_voice_5000ms_fx_lowpass_at_f0.wav,E6_voice_5000ms_fx_lowpass_at_f0.wav,Listen to this audio clip of a single musical note. What is the MIDI note number (an integer from 0 to 127)? Reply with ONLY the integer. Nothing else. Output only the answer.,"Listen to this audio clip of a single musical note. What is the note name and octave? Reply with ONLY the note name in Scientific Pitch Notation (e.g. C4, F#3, Bb5). Nothing else. Output only the answer.","Listen to this audio clip of a single musical note. What is the solfege syllable and accidental (if needed) of this pitch? Use fixed-do (do=C, re=D, mi=E, fa=F, sol=G, la=A, si=B). Include sharps or flats when needed (e.g. do#, reb, fa#, sib). Do NOT include the octave. Reply with ONLY the syllable and accidental (if needed). Nothing else. Output only the answer.","Listen to this audio clip of a single musical note. What is the main pitch frequency, expressed in Hertz? Reply with ONLY a number (the frequency in Hz). Nothing else. Output only the answer."
reverb_long,reverb_room,"{'type': 'reverb_room', 'room_size': 0.9, 'damping': 0.4, 'wet_level': 0.6, 'dry_level': 0.4}",5030,guitar,instrument,30,48,0,0,0,0,F#1,C6,0,0,0,fa#,sol,0,0,0,48,C6,sol,105.26,/home/hsnu2/PitchBench/data/audio/pitchbench_e2_audio_effects/Fs1_guitar_5000ms_fx_reverb_long.wav,Fs1_guitar_5000ms_fx_reverb_long.wav,Listen to this audio clip of a single musical note. What is the MIDI note number (an integer from 0 to 127)? Reply with ONLY the integer. Nothing else. Output only the answer.,"Listen to this audio clip of a single musical note. What is the note name and octave? Reply with ONLY the note name in Scientific Pitch Notation (e.g. C4, F#3, Bb5). Nothing else. Output only the answer.","Listen to this audio clip of a single musical note. What is the solfege syllable and accidental (if needed) of this pitch? Use fixed-do (do=C, re=D, mi=E, fa=F, sol=G, la=A, si=B). Include sharps or flats when needed (e.g. do#, reb, fa#, sib). Do NOT include the octave. Reply with ONLY the syllable and accidental (if needed). Nothing else. Output only the answer.","Listen to this audio clip of a single musical note. What is the main pitch frequency, expressed in Hertz? Reply with ONLY a number (the frequency in Hz). Nothing else. Output only the answer."
reverb_long,reverb_room,"{'type': 'reverb_room', 'room_size': 0.9, 'damping': 0.4, 'wet_level': 0.6, 'dry_level': 0.4}",5030,violin,instrument,30,43,0,0,0,0,F#1,A#2,0,0,0,fa#,fa#,1,0,1,43,Bb2,solb,105.26,/home/hsnu2/PitchBench/data/audio/pitchbench_e2_audio_effects/Fs1_violin_5000ms_fx_reverb_long.wav,Fs1_violin_5000ms_fx_reverb_long.wav,Listen to this audio clip of a single musical note. What is the MIDI note number (an integer from 0 to 127)? Reply with ONLY the integer. Nothing else. Output only the answer.,"Listen to this audio clip of a single musical note. What is the note name and octave? Reply with ONLY the note name in Scientific Pitch Notation (e.g. C4, F#3, Bb5). Nothing else. Output only the answer.","Listen to this audio clip of a single musical note. What is the solfege syllable and accidental (if needed) of this pitch? Use fixed-do (do=C, re=D, mi=E, fa=F, sol=G, la=A, si=B). Include sharps or flats when needed (e.g. do#, reb, fa#, sib). Do NOT include the octave. Reply with ONLY the syllable and accidental (if needed). Nothing else. Output only the answer.","Listen to this audio clip of a single musical note. What is the main pitch frequency, expressed in Hertz? Reply with ONLY a number (the frequency in Hz). Nothing else. Output only the answer."
reverb_long,reverb_room,"{'type': 'reverb_room', 'room_size': 0.9, 'damping': 0.4, 'wet_level': 0.6, 'dry_level': 0.4}",5030,sawtooth,waveform,30,36,0,0,0,0,F#1,C6,0,0,0,fa#,fa#,1,0,1,36,C6,solb,150,/home/hsnu2/PitchBench/data/audio/pitchbench_e2_audio_effects/Fs1_sawtooth_5000ms_fx_reverb_long.wav,Fs1_sawtooth_5000ms_fx_reverb_long.wav,Listen to this audio clip of a single musical note. What is the MIDI note number (an integer from 0 to 127)? Reply with ONLY the integer. Nothing else. Output only the answer.,"Listen to this audio clip of a single musical note. What is the note name and octave? Reply with ONLY the note name in Scientific Pitch Notation (e.g. C4, F#3, Bb5). Nothing else. Output only the answer.","Listen to this audio clip of a single musical note. What is the solfege syllable and accidental (if needed) of this pitch? Use fixed-do (do=C, re=D, mi=E, fa=F, sol=G, la=A, si=B). Include sharps or flats when needed (e.g. do#, reb, fa#, sib). Do NOT include the octave. Reply with ONLY the syllable and accidental (if needed). Nothing else. Output only the answer.","Listen to this audio clip of a single musical note. What is the main pitch frequency, expressed in Hertz? Reply with ONLY a number (the frequency in Hz). Nothing else. Output only the answer."
reverb_long,reverb_room,"{'type': 'reverb_room', 'room_size': 0.9, 'damping': 0.4, 'wet_level': 0.6, 'dry_level': 0.4}",5030,electric_keyboard,instrument,30,35,0,0,0,1,F#1,C2,0,0,0,fa#,sol,0,0,0,35,C2,sol,435.0,/home/hsnu2/PitchBench/data/audio/pitchbench_e2_audio_effects/Fs1_electric_keyboard_5000ms_fx_reverb_long.wav,Fs1_electric_keyboard_5000ms_fx_reverb_long.wav,Listen to this audio clip of a single musical note. What is the MIDI note number (an integer from 0 to 127)? Reply with ONLY the integer. Nothing else. Output only the answer.,"Listen to this audio clip of a single musical note. What is the note name and octave? Reply with ONLY the note name in Scientific Pitch Notation (e.g. C4, F#3, Bb5). Nothing else. Output only the answer.","Listen to this audio clip of a single musical note. What is the solfege syllable and accidental (if needed) of this pitch? Use fixed-do (do=C, re=D, mi=E, fa=F, sol=G, la=A, si=B). Include sharps or flats when needed (e.g. do#, reb, fa#, sib). Do NOT include the octave. Reply with ONLY the syllable and accidental (if needed). Nothing else. Output only the answer.","Listen to this audio clip of a single musical note. What is the main pitch frequency, expressed in Hertz? Reply with ONLY a number (the frequency in Hz). Nothing else. Output only the answer."
reverb_long,reverb_room,"{'type': 'reverb_room', 'room_size': 0.9, 'damping': 0.4, 'wet_level': 0.6, 'dry_level': 0.4}",5030,voice,instrument,30,63,0,0,0,0,F#1,C6,0,0,0,fa#,fa#,1,0,1,63,C6,solb,430.51,/home/hsnu2/PitchBench/data/audio/pitchbench_e2_audio_effects/Fs1_voice_5000ms_fx_reverb_long.wav,Fs1_voice_5000ms_fx_reverb_long.wav,Listen to this audio clip of a single musical note. What is the MIDI note number (an integer from 0 to 127)? Reply with ONLY the integer. Nothing else. Output only the answer.,"Listen to this audio clip of a single musical note. What is the note name and octave? Reply with ONLY the note name in Scientific Pitch Notation (e.g. C4, F#3, Bb5). Nothing else. Output only the answer.","Listen to this audio clip of a single musical note. What is the solfege syllable and accidental (if needed) of this pitch? Use fixed-do (do=C, re=D, mi=E, fa=F, sol=G, la=A, si=B). Include sharps or flats when needed (e.g. do#, reb, fa#, sib). Do NOT include the octave. Reply with ONLY the syllable and accidental (if needed). Nothing else. Output only the answer.","Listen to this audio clip of a single musical note. What is the main pitch frequency, expressed in Hertz? Reply with ONLY a number (the frequency in Hz). Nothing else. Output only the answer."
reverb_long,reverb_room,"{'type': 'reverb_room', 'room_size': 0.9, 'damping': 0.4, 'wet_level': 0.6, 'dry_level': 0.4}",5036,sine,waveform,36,36,1,1,1,1,C2,C2,1,1,1,do,fa#,0,0,1,36,C2,solb,105.26,/home/hsnu2/PitchBench/data/audio/pitchbench_e2_audio_effects/C2_sine_5000ms_fx_reverb_long.wav,C2_sine_5000ms_fx_reverb_long.wav,Listen to this audio clip of a single musical note. What is the MIDI note number (an integer from 0 to 127)? Reply with ONLY the integer. Nothing else. Output only the answer.,"Listen to this audio clip of a single musical note. What is the note name and octave? Reply with ONLY the note name in Scientific Pitch Notation (e.g. C4, F#3, Bb5). Nothing else. Output only the answer.","Listen to this audio clip of a single musical note. What is the solfege syllable and accidental (if needed) of this pitch? Use fixed-do (do=C, re=D, mi=E, fa=F, sol=G, la=A, si=B). Include sharps or flats when needed (e.g. do#, reb, fa#, sib). Do NOT include the octave. Reply with ONLY the syllable and accidental (if needed). Nothing else. Output only the answer.","Listen to this audio clip of a single musical note. What is the main pitch frequency, expressed in Hertz? Reply with ONLY a number (the frequency in Hz). Nothing else. Output only the answer."
reverb_long,reverb_room,"{'type': 'reverb_room', 'room_size': 0.9, 'damping': 0.4, 'wet_level': 0.6, 'dry_level': 0.4}",5036,violin,instrument,36,48,0,0,1,0,C2,C6,0,1,0,do,fa#,0,0,0,48,C6,solb,1650,/home/hsnu2/PitchBench/data/audio/pitchbench_e2_audio_effects/C2_violin_5000ms_fx_reverb_long.wav,C2_violin_5000ms_fx_reverb_long.wav,Listen to this audio clip of a single musical note. What is the MIDI note number (an integer from 0 to 127)? Reply with ONLY the integer. Nothing else. Output only the answer.,"Listen to this audio clip of a single musical note. What is the note name and octave? Reply with ONLY the note name in Scientific Pitch Notation (e.g. C4, F#3, Bb5). Nothing else. Output only the answer.","Listen to this audio clip of a single musical note. What is the solfege syllable and accidental (if needed) of this pitch? Use fixed-do (do=C, re=D, mi=E, fa=F, sol=G, la=A, si=B). Include sharps or flats when needed (e.g. do#, reb, fa#, sib). Do NOT include the octave. Reply with ONLY the syllable and accidental (if needed). Nothing else. Output only the answer.","Listen to this audio clip of a single musical note. What is the main pitch frequency, expressed in Hertz? Reply with ONLY a number (the frequency in Hz). Nothing else. Output only the answer."
reverb_long,reverb_room,"{'type': 'reverb_room', 'room_size': 0.9, 'damping': 0.4, 'wet_level': 0.6, 'dry_level': 0.4}",5036,trumpet,instrument,36,36,1,1,1,1,C2,A#2,0,0,1,do,fa#,0,0,1,36,Bb2,solb,340,/home/hsnu2/PitchBench/data/audio/pitchbench_e2_audio_effects/C2_trumpet_5000ms_fx_reverb_long.wav,C2_trumpet_5000ms_fx_reverb_long.wav,Listen to this audio clip of a single musical note. What is the MIDI note number (an integer from 0 to 127)? Reply with ONLY the integer. Nothing else. Output only the answer.,"Listen to this audio clip of a single musical note. What is the note name and octave? Reply with ONLY the note name in Scientific Pitch Notation (e.g. C4, F#3, Bb5). Nothing else. Output only the answer.","Listen to this audio clip of a single musical note. What is the solfege syllable and accidental (if needed) of this pitch? Use fixed-do (do=C, re=D, mi=E, fa=F, sol=G, la=A, si=B). Include sharps or flats when needed (e.g. do#, reb, fa#, sib). Do NOT include the octave. Reply with ONLY the syllable and accidental (if needed). Nothing else. Output only the answer.","Listen to this audio clip of a single musical note. What is the main pitch frequency, expressed in Hertz? Reply with ONLY a number (the frequency in Hz). Nothing else. Output only the answer."
reverb_long,reverb_room,"{'type': 'reverb_room', 'room_size': 0.9, 'damping': 0.4, 'wet_level': 0.6, 'dry_level': 0.4}",5036,organ,instrument,36,63,0,0,0,0,C2,C2,1,1,1,do,sol,0,0,1,63,C2,sol,107.65,/home/hsnu2/PitchBench/data/audio/pitchbench_e2_audio_effects/C2_organ_5000ms_fx_reverb_long.wav,C2_organ_5000ms_fx_reverb_long.wav,Listen to this audio clip of a single musical note. What is the MIDI note number (an integer from 0 to 127)? Reply with ONLY the integer. Nothing else. Output only the answer.,"Listen to this audio clip of a single musical note. What is the note name and octave? Reply with ONLY the note name in Scientific Pitch Notation (e.g. C4, F#3, Bb5). Nothing else. Output only the answer.","Listen to this audio clip of a single musical note. What is the solfege syllable and accidental (if needed) of this pitch? Use fixed-do (do=C, re=D, mi=E, fa=F, sol=G, la=A, si=B). Include sharps or flats when needed (e.g. do#, reb, fa#, sib). Do NOT include the octave. Reply with ONLY the syllable and accidental (if needed). Nothing else. Output only the answer.","Listen to this audio clip of a single musical note. What is the main pitch frequency, expressed in Hertz? Reply with ONLY a number (the frequency in Hz). Nothing else. Output only the answer."
reverb_long,reverb_room,"{'type': 'reverb_room', 'room_size': 0.9, 'damping': 0.4, 'wet_level': 0.6, 'dry_level': 0.4}",5036,piano,instrument,36,63,0,0,0,0,C2,C6,0,1,0,do,fa#,0,0,0,63,C6,solb,460,/home/hsnu2/PitchBench/data/audio/pitchbench_e2_audio_effects/C2_piano_5000ms_fx_reverb_long.wav,C2_piano_5000ms_fx_reverb_long.wav,Listen to this audio clip of a single musical note. What is the MIDI note number (an integer from 0 to 127)? Reply with ONLY the integer. Nothing else. Output only the answer.,"Listen to this audio clip of a single musical note. What is the note name and octave? Reply with ONLY the note name in Scientific Pitch Notation (e.g. C4, F#3, Bb5). Nothing else. Output only the answer.","Listen to this audio clip of a single musical note. What is the solfege syllable and accidental (if needed) of this pitch? Use fixed-do (do=C, re=D, mi=E, fa=F, sol=G, la=A, si=B). Include sharps or flats when needed (e.g. do#, reb, fa#, sib). Do NOT include the octave. Reply with ONLY the syllable and accidental (if needed). Nothing else. Output only the answer.","Listen to this audio clip of a single musical note. What is the main pitch frequency, expressed in Hertz? Reply with ONLY a number (the frequency in Hz). Nothing else. Output only the answer."
reverb_long,reverb_room,"{'type': 'reverb_room', 'room_size': 0.9, 'damping': 0.4, 'wet_level': 0.6, 'dry_level': 0.4}",5043,cello,instrument,43,43,1,1,1,1,G2,G2,1,1,1,sol,sol,1,0,1,43,G2,sol,105.26,/home/hsnu2/PitchBench/data/audio/pitchbench_e2_audio_effects/G2_cello_5000ms_fx_reverb_long.wav,G2_cello_5000ms_fx_reverb_long.wav,Listen to this audio clip of a single musical note. What is the MIDI note number (an integer from 0 to 127)? Reply with ONLY the integer. Nothing else. Output only the answer.,"Listen to this audio clip of a single musical note. What is the note name and octave? Reply with ONLY the note name in Scientific Pitch Notation (e.g. C4, F#3, Bb5). Nothing else. Output only the answer.","Listen to this audio clip of a single musical note. What is the solfege syllable and accidental (if needed) of this pitch? Use fixed-do (do=C, re=D, mi=E, fa=F, sol=G, la=A, si=B). Include sharps or flats when needed (e.g. do#, reb, fa#, sib). Do NOT include the octave. Reply with ONLY the syllable and accidental (if needed). Nothing else. Output only the answer.","Listen to this audio clip of a single musical note. What is the main pitch frequency, expressed in Hertz? Reply with ONLY a number (the frequency in Hz). Nothing else. Output only the answer."
reverb_long,reverb_room,"{'type': 'reverb_room', 'room_size': 0.9, 'damping': 0.4, 'wet_level': 0.6, 'dry_level': 0.4}",5043,synth_pad,instrument,43,65,0,0,0,0,G2,C6,0,0,0,sol,fa#,0,0,0,65,C6,solb,480,/home/hsnu2/PitchBench/data/audio/pitchbench_e2_audio_effects/G2_synth_pad_5000ms_fx_reverb_long.wav,G2_synth_pad_5000ms_fx_reverb_long.wav,Listen to this audio clip of a single musical note. What is the MIDI note number (an integer from 0 to 127)? Reply with ONLY the integer. Nothing else. Output only the answer.,"Listen to this audio clip of a single musical note. What is the note name and octave? Reply with ONLY the note name in Scientific Pitch Notation (e.g. C4, F#3, Bb5). Nothing else. Output only the answer.","Listen to this audio clip of a single musical note. What is the solfege syllable and accidental (if needed) of this pitch? Use fixed-do (do=C, re=D, mi=E, fa=F, sol=G, la=A, si=B). Include sharps or flats when needed (e.g. do#, reb, fa#, sib). Do NOT include the octave. Reply with ONLY the syllable and accidental (if needed). Nothing else. Output only the answer.","Listen to this audio clip of a single musical note. What is the main pitch frequency, expressed in Hertz? Reply with ONLY a number (the frequency in Hz). Nothing else. Output only the answer."
reverb_long,reverb_room,"{'type': 'reverb_room', 'room_size': 0.9, 'damping': 0.4, 'wet_level': 0.6, 'dry_level': 0.4}",5043,bass,instrument,43,65,0,0,0,0,G2,C6,0,0,0,sol,sol,1,0,1,65,C6,sol,480,/home/hsnu2/PitchBench/data/audio/pitchbench_e2_audio_effects/G2_bass_5000ms_fx_reverb_long.wav,G2_bass_5000ms_fx_reverb_long.wav,Listen to this audio clip of a single musical note. What is the MIDI note number (an integer from 0 to 127)? Reply with ONLY the integer. Nothing else. Output only the answer.,"Listen to this audio clip of a single musical note. What is the note name and octave? Reply with ONLY the note name in Scientific Pitch Notation (e.g. C4, F#3, Bb5). Nothing else. Output only the answer.","Listen to this audio clip of a single musical note. What is the solfege syllable and accidental (if needed) of this pitch? Use fixed-do (do=C, re=D, mi=E, fa=F, sol=G, la=A, si=B). Include sharps or flats when needed (e.g. do#, reb, fa#, sib). Do NOT include the octave. Reply with ONLY the syllable and accidental (if needed). Nothing else. Output only the answer.","Listen to this audio clip of a single musical note. What is the main pitch frequency, expressed in Hertz? Reply with ONLY a number (the frequency in Hz). Nothing else. Output only the answer."
reverb_long,reverb_room,"{'type': 'reverb_room', 'room_size': 0.9, 'damping': 0.4, 'wet_level': 0.6, 'dry_level': 0.4}",5043,piano,instrument,43,48,0,0,0,0,G2,C6,0,0,0,sol,sol,1,0,1,48,C6,sol,450,/home/hsnu2/PitchBench/data/audio/pitchbench_e2_audio_effects/G2_piano_5000ms_fx_reverb_long.wav,G2_piano_5000ms_fx_reverb_long.wav,Listen to this audio clip of a single musical note. What is the MIDI note number (an integer from 0 to 127)? Reply with ONLY the integer. Nothing else. Output only the answer.,"Listen to this audio clip of a single musical note. What is the note name and octave? Reply with ONLY the note name in Scientific Pitch Notation (e.g. C4, F#3, Bb5). Nothing else. Output only the answer.","Listen to this audio clip of a single musical note. What is the solfege syllable and accidental (if needed) of this pitch? Use fixed-do (do=C, re=D, mi=E, fa=F, sol=G, la=A, si=B). Include sharps or flats when needed (e.g. do#, reb, fa#, sib). Do NOT include the octave. Reply with ONLY the syllable and accidental (if needed). Nothing else. Output only the answer.","Listen to this audio clip of a single musical note. What is the main pitch frequency, expressed in Hertz? Reply with ONLY a number (the frequency in Hz). Nothing else. Output only the answer."
reverb_long,reverb_room,"{'type': 'reverb_room', 'room_size': 0.9, 'damping': 0.4, 'wet_level': 0.6, 'dry_level': 0.4}",5043,triangle,waveform,43,43,1,1,1,1,G2,C6,0,0,0,sol,fa#,0,0,1,43,C6,solb,435,/home/hsnu2/PitchBench/data/audio/pitchbench_e2_audio_effects/G2_triangle_5000ms_fx_reverb_long.wav,G2_triangle_5000ms_fx_reverb_long.wav,Listen to this audio clip of a single musical note. What is the MIDI note number (an integer from 0 to 127)? Reply with ONLY the integer. Nothing else. Output only the answer.,"Listen to this audio clip of a single musical note. What is the note name and octave? Reply with ONLY the note name in Scientific Pitch Notation (e.g. C4, F#3, Bb5). Nothing else. Output only the answer.","Listen to this audio clip of a single musical note. What is the solfege syllable and accidental (if needed) of this pitch? Use fixed-do (do=C, re=D, mi=E, fa=F, sol=G, la=A, si=B). Include sharps or flats when needed (e.g. do#, reb, fa#, sib). Do NOT include the octave. Reply with ONLY the syllable and accidental (if needed). Nothing else. Output only the answer.","Listen to this audio clip of a single musical note. What is the main pitch frequency, expressed in Hertz? Reply with ONLY a number (the frequency in Hz). Nothing else. Output only the answer."
reverb_long,reverb_room,"{'type': 'reverb_room', 'room_size': 0.9, 'damping': 0.4, 'wet_level': 0.6, 'dry_level': 0.4}",5048,trombone,instrument,48,48,1,1,1,1,C3,C4,0,1,0,do,sol,0,0,1,48,C4,sol,435.0,/home/hsnu2/PitchBench/data/audio/pitchbench_e2_audio_effects/C3_trombone_5000ms_fx_reverb_long.wav,C3_trombone_5000ms_fx_reverb_long.wav,Listen to this audio clip of a single musical note. What is the MIDI note number (an integer from 0 to 127)? Reply with ONLY the integer. Nothing else. Output only the answer.,"Listen to this audio clip of a single musical note. What is the note name and octave? Reply with ONLY the note name in Scientific Pitch Notation (e.g. C4, F#3, Bb5). Nothing else. Output only the answer.","Listen to this audio clip of a single musical note. What is the solfege syllable and accidental (if needed) of this pitch? Use fixed-do (do=C, re=D, mi=E, fa=F, sol=G, la=A, si=B). Include sharps or flats when needed (e.g. do#, reb, fa#, sib). Do NOT include the octave. Reply with ONLY the syllable and accidental (if needed). Nothing else. Output only the answer.","Listen to this audio clip of a single musical note. What is the main pitch frequency, expressed in Hertz? Reply with ONLY a number (the frequency in Hz). Nothing else. Output only the answer."
reverb_long,reverb_room,"{'type': 'reverb_room', 'room_size': 0.9, 'damping': 0.4, 'wet_level': 0.6, 'dry_level': 0.4}",5048,guitar,instrument,48,65,0,0,0,0,C3,C6,0,1,0,do,sol,0,0,0,65,C6,sol,450,/home/hsnu2/PitchBench/data/audio/pitchbench_e2_audio_effects/C3_guitar_5000ms_fx_reverb_long.wav,C3_guitar_5000ms_fx_reverb_long.wav,Listen to this audio clip of a single musical note. What is the MIDI note number (an integer from 0 to 127)? Reply with ONLY the integer. Nothing else. Output only the answer.,"Listen to this audio clip of a single musical note. What is the note name and octave? Reply with ONLY the note name in Scientific Pitch Notation (e.g. C4, F#3, Bb5). Nothing else. Output only the answer.","Listen to this audio clip of a single musical note. What is the solfege syllable and accidental (if needed) of this pitch? Use fixed-do (do=C, re=D, mi=E, fa=F, sol=G, la=A, si=B). Include sharps or flats when needed (e.g. do#, reb, fa#, sib). Do NOT include the octave. Reply with ONLY the syllable and accidental (if needed). Nothing else. Output only the answer.","Listen to this audio clip of a single musical note. What is the main pitch frequency, expressed in Hertz? Reply with ONLY a number (the frequency in Hz). Nothing else. Output only the answer."
reverb_long,reverb_room,"{'type': 'reverb_room', 'room_size': 0.9, 'damping': 0.4, 'wet_level': 0.6, 'dry_level': 0.4}",5048,sawtooth,waveform,48,48,1,1,1,1,C3,C6,0,1,0,do,fa#,0,0,1,48,C6,solb,480,/home/hsnu2/PitchBench/data/audio/pitchbench_e2_audio_effects/C3_sawtooth_5000ms_fx_reverb_long.wav,C3_sawtooth_5000ms_fx_reverb_long.wav,Listen to this audio clip of a single musical note. What is the MIDI note number (an integer from 0 to 127)? Reply with ONLY the integer. Nothing else. Output only the answer.,"Listen to this audio clip of a single musical note. What is the note name and octave? Reply with ONLY the note name in Scientific Pitch Notation (e.g. C4, F#3, Bb5). Nothing else. Output only the answer.","Listen to this audio clip of a single musical note. What is the solfege syllable and accidental (if needed) of this pitch? Use fixed-do (do=C, re=D, mi=E, fa=F, sol=G, la=A, si=B). Include sharps or flats when needed (e.g. do#, reb, fa#, sib). Do NOT include the octave. Reply with ONLY the syllable and accidental (if needed). Nothing else. Output only the answer.","Listen to this audio clip of a single musical note. What is the main pitch frequency, expressed in Hertz? Reply with ONLY a number (the frequency in Hz). Nothing else. Output only the answer."
reverb_long,reverb_room,"{'type': 'reverb_room', 'room_size': 0.9, 'damping': 0.4, 'wet_level': 0.6, 'dry_level': 0.4}",5048,synth_lead,instrument,48,48,1,1,1,1,C3,C6,0,1,0,do,sol,0,0,1,48,C6,sol,480,/home/hsnu2/PitchBench/data/audio/pitchbench_e2_audio_effects/C3_synth_lead_5000ms_fx_reverb_long.wav,C3_synth_lead_5000ms_fx_reverb_long.wav,Listen to this audio clip of a single musical note. What is the MIDI note number (an integer from 0 to 127)? Reply with ONLY the integer. Nothing else. Output only the answer.,"Listen to this audio clip of a single musical note. What is the note name and octave? Reply with ONLY the note name in Scientific Pitch Notation (e.g. C4, F#3, Bb5). Nothing else. Output only the answer.","Listen to this audio clip of a single musical note. What is the solfege syllable and accidental (if needed) of this pitch? Use fixed-do (do=C, re=D, mi=E, fa=F, sol=G, la=A, si=B). Include sharps or flats when needed (e.g. do#, reb, fa#, sib). Do NOT include the octave. Reply with ONLY the syllable and accidental (if needed). Nothing else. Output only the answer.","Listen to this audio clip of a single musical note. What is the main pitch frequency, expressed in Hertz? Reply with ONLY a number (the frequency in Hz). Nothing else. Output only the answer."
reverb_long,reverb_room,"{'type': 'reverb_room', 'room_size': 0.9, 'damping': 0.4, 'wet_level': 0.6, 'dry_level': 0.4}",5048,oboe,instrument,48,48,1,1,1,1,C3,C4,0,1,0,do,fa#,0,0,1,48,C4,solb,480,/home/hsnu2/PitchBench/data/audio/pitchbench_e2_audio_effects/C3_oboe_5000ms_fx_reverb_long.wav,C3_oboe_5000ms_fx_reverb_long.wav,Listen to this audio clip of a single musical note. What is the MIDI note number (an integer from 0 to 127)? Reply with ONLY the integer. Nothing else. Output only the answer.,"Listen to this audio clip of a single musical note. What is the note name and octave? Reply with ONLY the note name in Scientific Pitch Notation (e.g. C4, F#3, Bb5). Nothing else. Output only the answer.","Listen to this audio clip of a single musical note. What is the solfege syllable and accidental (if needed) of this pitch? Use fixed-do (do=C, re=D, mi=E, fa=F, sol=G, la=A, si=B). Include sharps or flats when needed (e.g. do#, reb, fa#, sib). Do NOT include the octave. Reply with ONLY the syllable and accidental (if needed). Nothing else. Output only the answer.","Listen to this audio clip of a single musical note. What is the main pitch frequency, expressed in Hertz? Reply with ONLY a number (the frequency in Hz). Nothing else. Output only the answer."
reverb_long,reverb_room,"{'type': 'reverb_room', 'room_size': 0.9, 'damping': 0.4, 'wet_level': 0.6, 'dry_level': 0.4}",5054,clarinet,instrument,54,43,0,0,0,0,F#3,C4,0,0,0,fa#,fa#,1,0,1,43,C4,solb,450,/home/hsnu2/PitchBench/data/audio/pitchbench_e2_audio_effects/Fs3_clarinet_5000ms_fx_reverb_long.wav,Fs3_clarinet_5000ms_fx_reverb_long.wav,Listen to this audio clip of a single musical note. What is the MIDI note number (an integer from 0 to 127)? Reply with ONLY the integer. Nothing else. Output only the answer.,"Listen to this audio clip of a single musical note. What is the note name and octave? Reply with ONLY the note name in Scientific Pitch Notation (e.g. C4, F#3, Bb5). Nothing else. Output only the answer.","Listen to this audio clip of a single musical note. What is the solfege syllable and accidental (if needed) of this pitch? Use fixed-do (do=C, re=D, mi=E, fa=F, sol=G, la=A, si=B). Include sharps or flats when needed (e.g. do#, reb, fa#, sib). Do NOT include the octave. Reply with ONLY the syllable and accidental (if needed). Nothing else. Output only the answer.","Listen to this audio clip of a single musical note. What is the main pitch frequency, expressed in Hertz? Reply with ONLY a number (the frequency in Hz). Nothing else. Output only the answer."
reverb_long,reverb_room,"{'type': 'reverb_room', 'room_size': 0.9, 'damping': 0.4, 'wet_level': 0.6, 'dry_level': 0.4}",5054,sawtooth,waveform,54,54,1,1,1,1,F#3,F#6,0,1,0,fa#,sol#,0,0,1,54,F#6,sol#,480,/home/hsnu2/PitchBench/data/audio/pitchbench_e2_audio_effects/Fs3_sawtooth_5000ms_fx_reverb_long.wav,Fs3_sawtooth_5000ms_fx_reverb_long.wav,Listen to this audio clip of a single musical note. What is the MIDI note number (an integer from 0 to 127)? Reply with ONLY the integer. Nothing else. Output only the answer.,"Listen to this audio clip of a single musical note. What is the note name and octave? Reply with ONLY the note name in Scientific Pitch Notation (e.g. C4, F#3, Bb5). Nothing else. Output only the answer.","Listen to this audio clip of a single musical note. What is the solfege syllable and accidental (if needed) of this pitch? Use fixed-do (do=C, re=D, mi=E, fa=F, sol=G, la=A, si=B). Include sharps or flats when needed (e.g. do#, reb, fa#, sib). Do NOT include the octave. Reply with ONLY the syllable and accidental (if needed). Nothing else. Output only the answer.","Listen to this audio clip of a single musical note. What is the main pitch frequency, expressed in Hertz? Reply with ONLY a number (the frequency in Hz). Nothing else. Output only the answer."
reverb_long,reverb_room,"{'type': 'reverb_room', 'room_size': 0.9, 'damping': 0.4, 'wet_level': 0.6, 'dry_level': 0.4}",5054,synth_pad,instrument,54,65,0,0,0,0,F#3,C6,0,0,0,fa#,sol,0,0,0,65,C6,sol,480,/home/hsnu2/PitchBench/data/audio/pitchbench_e2_audio_effects/Fs3_synth_pad_5000ms_fx_reverb_long.wav,Fs3_synth_pad_5000ms_fx_reverb_long.wav,Listen to this audio clip of a single musical note. What is the MIDI note number (an integer from 0 to 127)? Reply with ONLY the integer. Nothing else. Output only the answer.,"Listen to this audio clip of a single musical note. What is the note name and octave? Reply with ONLY the note name in Scientific Pitch Notation (e.g. C4, F#3, Bb5). Nothing else. Output only the answer.","Listen to this audio clip of a single musical note. What is the solfege syllable and accidental (if needed) of this pitch? Use fixed-do (do=C, re=D, mi=E, fa=F, sol=G, la=A, si=B). Include sharps or flats when needed (e.g. do#, reb, fa#, sib). Do NOT include the octave. Reply with ONLY the syllable and accidental (if needed). Nothing else. Output only the answer.","Listen to this audio clip of a single musical note. What is the main pitch frequency, expressed in Hertz? Reply with ONLY a number (the frequency in Hz). Nothing else. Output only the answer."
reverb_long,reverb_room,"{'type': 'reverb_room', 'room_size': 0.9, 'damping': 0.4, 'wet_level': 0.6, 'dry_level': 0.4}",5054,bass,instrument,54,65,0,0,0,0,F#3,C6,0,0,0,fa#,sol,0,0,0,65,C6,sol,480,/home/hsnu2/PitchBench/data/audio/pitchbench_e2_audio_effects/Fs3_bass_5000ms_fx_reverb_long.wav,Fs3_bass_5000ms_fx_reverb_long.wav,Listen to this audio clip of a single musical note. What is the MIDI note number (an integer from 0 to 127)? Reply with ONLY the integer. Nothing else. Output only the answer.,"Listen to this audio clip of a single musical note. What is the note name and octave? Reply with ONLY the note name in Scientific Pitch Notation (e.g. C4, F#3, Bb5). Nothing else. Output only the answer.","Listen to this audio clip of a single musical note. What is the solfege syllable and accidental (if needed) of this pitch? Use fixed-do (do=C, re=D, mi=E, fa=F, sol=G, la=A, si=B). Include sharps or flats when needed (e.g. do#, reb, fa#, sib). Do NOT include the octave. Reply with ONLY the syllable and accidental (if needed). Nothing else. Output only the answer.","Listen to this audio clip of a single musical note. What is the main pitch frequency, expressed in Hertz? Reply with ONLY a number (the frequency in Hz). Nothing else. Output only the answer."
reverb_long,reverb_room,"{'type': 'reverb_room', 'room_size': 0.9, 'damping': 0.4, 'wet_level': 0.6, 'dry_level': 0.4}",5054,trumpet,instrument,54,54,1,1,1,1,F#3,F#4,0,1,0,fa#,mi,0,0,1,54,F#4,mi,107.85,/home/hsnu2/PitchBench/data/audio/pitchbench_e2_audio_effects/Fs3_trumpet_5000ms_fx_reverb_long.wav,Fs3_trumpet_5000ms_fx_reverb_long.wav,Listen to this audio clip of a single musical note. What is the MIDI note number (an integer from 0 to 127)? Reply with ONLY the integer. Nothing else. Output only the answer.,"Listen to this audio clip of a single musical note. What is the note name and octave? Reply with ONLY the note name in Scientific Pitch Notation (e.g. C4, F#3, Bb5). Nothing else. Output only the answer.","Listen to this audio clip of a single musical note. What is the solfege syllable and accidental (if needed) of this pitch? Use fixed-do (do=C, re=D, mi=E, fa=F, sol=G, la=A, si=B). Include sharps or flats when needed (e.g. do#, reb, fa#, sib). Do NOT include the octave. Reply with ONLY the syllable and accidental (if needed). Nothing else. Output only the answer.","Listen to this audio clip of a single musical note. What is the main pitch frequency, expressed in Hertz? Reply with ONLY a number (the frequency in Hz). Nothing else. Output only the answer."
reverb_long,reverb_room,"{'type': 'reverb_room', 'room_size': 0.9, 'damping': 0.4, 'wet_level': 0.6, 'dry_level': 0.4}",5060,synth_lead,instrument,60,60,1,1,1,1,C4,C6,0,1,0,do,fa#,0,0,1,60,C6,solb,480,/home/hsnu2/PitchBench/data/audio/pitchbench_e2_audio_effects/C4_synth_lead_5000ms_fx_reverb_long.wav,C4_synth_lead_5000ms_fx_reverb_long.wav,Listen to this audio clip of a single musical note. What is the MIDI note number (an integer from 0 to 127)? Reply with ONLY the integer. Nothing else. Output only the answer.,"Listen to this audio clip of a single musical note. What is the note name and octave? Reply with ONLY the note name in Scientific Pitch Notation (e.g. C4, F#3, Bb5). Nothing else. Output only the answer.","Listen to this audio clip of a single musical note. What is the solfege syllable and accidental (if needed) of this pitch? Use fixed-do (do=C, re=D, mi=E, fa=F, sol=G, la=A, si=B). Include sharps or flats when needed (e.g. do#, reb, fa#, sib). Do NOT include the octave. Reply with ONLY the syllable and accidental (if needed). Nothing else. Output only the answer.","Listen to this audio clip of a single musical note. What is the main pitch frequency, expressed in Hertz? Reply with ONLY a number (the frequency in Hz). Nothing else. Output only the answer."
reverb_long,reverb_room,"{'type': 'reverb_room', 'room_size': 0.9, 'damping': 0.4, 'wet_level': 0.6, 'dry_level': 0.4}",5060,electric_keyboard,instrument,60,64,0,0,0,1,C4,C6,0,1,0,do,fa#,0,0,0,64,C6,solb,480,/home/hsnu2/PitchBench/data/audio/pitchbench_e2_audio_effects/C4_electric_keyboard_5000ms_fx_reverb_long.wav,C4_electric_keyboard_5000ms_fx_reverb_long.wav,Listen to this audio clip of a single musical note. What is the MIDI note number (an integer from 0 to 127)? Reply with ONLY the integer. Nothing else. Output only the answer.,"Listen to this audio clip of a single musical note. What is the note name and octave? Reply with ONLY the note name in Scientific Pitch Notation (e.g. C4, F#3, Bb5). Nothing else. Output only the answer.","Listen to this audio clip of a single musical note. What is the solfege syllable and accidental (if needed) of this pitch? Use fixed-do (do=C, re=D, mi=E, fa=F, sol=G, la=A, si=B). Include sharps or flats when needed (e.g. do#, reb, fa#, sib). Do NOT include the octave. Reply with ONLY the syllable and accidental (if needed). Nothing else. Output only the answer.","Listen to this audio clip of a single musical note. What is the main pitch frequency, expressed in Hertz? Reply with ONLY a number (the frequency in Hz). Nothing else. Output only the answer."
reverb_long,reverb_room,"{'type': 'reverb_room', 'room_size': 0.9, 'damping': 0.4, 'wet_level': 0.6, 'dry_level': 0.4}",5060,sawtooth,waveform,60,64,0,0,0,1,C4,C6,0,1,0,do,sol,0,0,0,64,C6,sol,480,/home/hsnu2/PitchBench/data/audio/pitchbench_e2_audio_effects/C4_sawtooth_5000ms_fx_reverb_long.wav,C4_sawtooth_5000ms_fx_reverb_long.wav,Listen to this audio clip of a single musical note. What is the MIDI note number (an integer from 0 to 127)? Reply with ONLY the integer. Nothing else. Output only the answer.,"Listen to this audio clip of a single musical note. What is the note name and octave? Reply with ONLY the note name in Scientific Pitch Notation (e.g. C4, F#3, Bb5). Nothing else. Output only the answer.","Listen to this audio clip of a single musical note. What is the solfege syllable and accidental (if needed) of this pitch? Use fixed-do (do=C, re=D, mi=E, fa=F, sol=G, la=A, si=B). Include sharps or flats when needed (e.g. do#, reb, fa#, sib). Do NOT include the octave. Reply with ONLY the syllable and accidental (if needed). Nothing else. Output only the answer.","Listen to this audio clip of a single musical note. What is the main pitch frequency, expressed in Hertz? Reply with ONLY a number (the frequency in Hz). Nothing else. Output only the answer."
reverb_long,reverb_room,"{'type': 'reverb_room', 'room_size': 0.9, 'damping': 0.4, 'wet_level': 0.6, 'dry_level': 0.4}",5060,square,waveform,60,63,0,0,0,1,C4,C6,0,1,0,do,fa#,0,0,0,63,C6,solb,480,/home/hsnu2/PitchBench/data/audio/pitchbench_e2_audio_effects/C4_square_5000ms_fx_reverb_long.wav,C4_square_5000ms_fx_reverb_long.wav,Listen to this audio clip of a single musical note. What is the MIDI note number (an integer from 0 to 127)? Reply with ONLY the integer. Nothing else. Output only the answer.,"Listen to this audio clip of a single musical note. What is the note name and octave? Reply with ONLY the note name in Scientific Pitch Notation (e.g. C4, F#3, Bb5). Nothing else. Output only the answer.","Listen to this audio clip of a single musical note. What is the solfege syllable and accidental (if needed) of this pitch? Use fixed-do (do=C, re=D, mi=E, fa=F, sol=G, la=A, si=B). Include sharps or flats when needed (e.g. do#, reb, fa#, sib). Do NOT include the octave. Reply with ONLY the syllable and accidental (if needed). Nothing else. Output only the answer.","Listen to this audio clip of a single musical note. What is the main pitch frequency, expressed in Hertz? Reply with ONLY a number (the frequency in Hz). Nothing else. Output only the answer."
reverb_long,reverb_room,"{'type': 'reverb_room', 'room_size': 0.9, 'damping': 0.4, 'wet_level': 0.6, 'dry_level': 0.4}",5060,cello,instrument,60,63,0,0,0,1,C4,C6,0,1,0,do,sol,0,0,0,63,C6,sol,480,/home/hsnu2/PitchBench/data/audio/pitchbench_e2_audio_effects/C4_cello_5000ms_fx_reverb_long.wav,C4_cello_5000ms_fx_reverb_long.wav,Listen to this audio clip of a single musical note. What is the MIDI note number (an integer from 0 to 127)? Reply with ONLY the integer. Nothing else. Output only the answer.,"Listen to this audio clip of a single musical note. What is the note name and octave? Reply with ONLY the note name in Scientific Pitch Notation (e.g. C4, F#3, Bb5). Nothing else. Output only the answer.","Listen to this audio clip of a single musical note. What is the solfege syllable and accidental (if needed) of this pitch? Use fixed-do (do=C, re=D, mi=E, fa=F, sol=G, la=A, si=B). Include sharps or flats when needed (e.g. do#, reb, fa#, sib). Do NOT include the octave. Reply with ONLY the syllable and accidental (if needed). Nothing else. Output only the answer.","Listen to this audio clip of a single musical note. What is the main pitch frequency, expressed in Hertz? Reply with ONLY a number (the frequency in Hz). Nothing else. Output only the answer."
reverb_long,reverb_room,"{'type': 'reverb_room', 'room_size': 0.9, 'damping': 0.4, 'wet_level': 0.6, 'dry_level': 0.4}",5064,electric_keyboard,instrument,64,63,0,1,0,1,E4,C6,0,0,0,mi,sol#,0,0,0,63,C6,sol#,408,/home/hsnu2/PitchBench/data/audio/pitchbench_e2_audio_effects/E4_electric_keyboard_5000ms_fx_reverb_long.wav,E4_electric_keyboard_5000ms_fx_reverb_long.wav,Listen to this audio clip of a single musical note. What is the MIDI note number (an integer from 0 to 127)? Reply with ONLY the integer. Nothing else. Output only the answer.,"Listen to this audio clip of a single musical note. What is the note name and octave? Reply with ONLY the note name in Scientific Pitch Notation (e.g. C4, F#3, Bb5). Nothing else. Output only the answer.","Listen to this audio clip of a single musical note. What is the solfege syllable and accidental (if needed) of this pitch? Use fixed-do (do=C, re=D, mi=E, fa=F, sol=G, la=A, si=B). Include sharps or flats when needed (e.g. do#, reb, fa#, sib). Do NOT include the octave. Reply with ONLY the syllable and accidental (if needed). Nothing else. Output only the answer.","Listen to this audio clip of a single musical note. What is the main pitch frequency, expressed in Hertz? Reply with ONLY a number (the frequency in Hz). Nothing else. Output only the answer."
reverb_long,reverb_room,"{'type': 'reverb_room', 'room_size': 0.9, 'damping': 0.4, 'wet_level': 0.6, 'dry_level': 0.4}",5064,square,waveform,64,64,1,1,1,1,E4,A6,0,0,0,mi,fa#,0,0,1,64,A6,solb,480,/home/hsnu2/PitchBench/data/audio/pitchbench_e2_audio_effects/E4_square_5000ms_fx_reverb_long.wav,E4_square_5000ms_fx_reverb_long.wav,Listen to this audio clip of a single musical note. What is the MIDI note number (an integer from 0 to 127)? Reply with ONLY the integer. Nothing else. Output only the answer.,"Listen to this audio clip of a single musical note. What is the note name and octave? Reply with ONLY the note name in Scientific Pitch Notation (e.g. C4, F#3, Bb5). Nothing else. Output only the answer.","Listen to this audio clip of a single musical note. What is the solfege syllable and accidental (if needed) of this pitch? Use fixed-do (do=C, re=D, mi=E, fa=F, sol=G, la=A, si=B). Include sharps or flats when needed (e.g. do#, reb, fa#, sib). Do NOT include the octave. Reply with ONLY the syllable and accidental (if needed). Nothing else. Output only the answer.","Listen to this audio clip of a single musical note. What is the main pitch frequency, expressed in Hertz? Reply with ONLY a number (the frequency in Hz). Nothing else. Output only the answer."
reverb_long,reverb_room,"{'type': 'reverb_room', 'room_size': 0.9, 'damping': 0.4, 'wet_level': 0.6, 'dry_level': 0.4}",5064,synth_pad,instrument,64,69,0,0,0,1,E4,C6,0,0,0,mi,sol,0,0,0,69,C6,sol,450,/home/hsnu2/PitchBench/data/audio/pitchbench_e2_audio_effects/E4_synth_pad_5000ms_fx_reverb_long.wav,E4_synth_pad_5000ms_fx_reverb_long.wav,Listen to this audio clip of a single musical note. What is the MIDI note number (an integer from 0 to 127)? Reply with ONLY the integer. Nothing else. Output only the answer.,"Listen to this audio clip of a single musical note. What is the note name and octave? Reply with ONLY the note name in Scientific Pitch Notation (e.g. C4, F#3, Bb5). Nothing else. Output only the answer.","Listen to this audio clip of a single musical note. What is the solfege syllable and accidental (if needed) of this pitch? Use fixed-do (do=C, re=D, mi=E, fa=F, sol=G, la=A, si=B). Include sharps or flats when needed (e.g. do#, reb, fa#, sib). Do NOT include the octave. Reply with ONLY the syllable and accidental (if needed). Nothing else. Output only the answer.","Listen to this audio clip of a single musical note. What is the main pitch frequency, expressed in Hertz? Reply with ONLY a number (the frequency in Hz). Nothing else. Output only the answer."
reverb_long,reverb_room,"{'type': 'reverb_room', 'room_size': 0.9, 'damping': 0.4, 'wet_level': 0.6, 'dry_level': 0.4}",5064,flute,instrument,64,64,1,1,1,1,E4,E4,1,1,1,mi,sol,0,0,1,64,E4,sol,400,/home/hsnu2/PitchBench/data/audio/pitchbench_e2_audio_effects/E4_flute_5000ms_fx_reverb_long.wav,E4_flute_5000ms_fx_reverb_long.wav,Listen to this audio clip of a single musical note. What is the MIDI note number (an integer from 0 to 127)? Reply with ONLY the integer. Nothing else. Output only the answer.,"Listen to this audio clip of a single musical note. What is the note name and octave? Reply with ONLY the note name in Scientific Pitch Notation (e.g. C4, F#3, Bb5). Nothing else. Output only the answer.","Listen to this audio clip of a single musical note. What is the solfege syllable and accidental (if needed) of this pitch? Use fixed-do (do=C, re=D, mi=E, fa=F, sol=G, la=A, si=B). Include sharps or flats when needed (e.g. do#, reb, fa#, sib). Do NOT include the octave. Reply with ONLY the syllable and accidental (if needed). Nothing else. Output only the answer.","Listen to this audio clip of a single musical note. What is the main pitch frequency, expressed in Hertz? Reply with ONLY a number (the frequency in Hz). Nothing else. Output only the answer."
reverb_long,reverb_room,"{'type': 'reverb_room', 'room_size': 0.9, 'damping': 0.4, 'wet_level': 0.6, 'dry_level': 0.4}",5064,guitar,instrument,64,64,1,1,1,1,E4,C6,0,0,0,mi,sol,0,0,1,64,C6,sol,415.30,/home/hsnu2/PitchBench/data/audio/pitchbench_e2_audio_effects/E4_guitar_5000ms_fx_reverb_long.wav,E4_guitar_5000ms_fx_reverb_long.wav,Listen to this audio clip of a single musical note. What is the MIDI note number (an integer from 0 to 127)? Reply with ONLY the integer. Nothing else. Output only the answer.,"Listen to this audio clip of a single musical note. What is the note name and octave? Reply with ONLY the note name in Scientific Pitch Notation (e.g. C4, F#3, Bb5). Nothing else. Output only the answer.","Listen to this audio clip of a single musical note. What is the solfege syllable and accidental (if needed) of this pitch? Use fixed-do (do=C, re=D, mi=E, fa=F, sol=G, la=A, si=B). Include sharps or flats when needed (e.g. do#, reb, fa#, sib). Do NOT include the octave. Reply with ONLY the syllable and accidental (if needed). Nothing else. Output only the answer.","Listen to this audio clip of a single musical note. What is the main pitch frequency, expressed in Hertz? Reply with ONLY a number (the frequency in Hz). Nothing else. Output only the answer."
reverb_long,reverb_room,"{'type': 'reverb_room', 'room_size': 0.9, 'damping': 0.4, 'wet_level': 0.6, 'dry_level': 0.4}",5069,triangle,waveform,69,69,1,1,1,1,A4,A6,0,1,0,la,sol,0,0,1,69,A6,sol,450,/home/hsnu2/PitchBench/data/audio/pitchbench_e2_audio_effects/A4_triangle_5000ms_fx_reverb_long.wav,A4_triangle_5000ms_fx_reverb_long.wav,Listen to this audio clip of a single musical note. What is the MIDI note number (an integer from 0 to 127)? Reply with ONLY the integer. Nothing else. Output only the answer.,"Listen to this audio clip of a single musical note. What is the note name and octave? Reply with ONLY the note name in Scientific Pitch Notation (e.g. C4, F#3, Bb5). Nothing else. Output only the answer.","Listen to this audio clip of a single musical note. What is the solfege syllable and accidental (if needed) of this pitch? Use fixed-do (do=C, re=D, mi=E, fa=F, sol=G, la=A, si=B). Include sharps or flats when needed (e.g. do#, reb, fa#, sib). Do NOT include the octave. Reply with ONLY the syllable and accidental (if needed). Nothing else. Output only the answer.","Listen to this audio clip of a single musical note. What is the main pitch frequency, expressed in Hertz? Reply with ONLY a number (the frequency in Hz). Nothing else. Output only the answer."
reverb_long,reverb_room,"{'type': 'reverb_room', 'room_size': 0.9, 'damping': 0.4, 'wet_level': 0.6, 'dry_level': 0.4}",5069,flute,instrument,69,69,1,1,1,1,A4,C6,0,0,0,la,sol,0,0,1,69,C6,sol,450,/home/hsnu2/PitchBench/data/audio/pitchbench_e2_audio_effects/A4_flute_5000ms_fx_reverb_long.wav,A4_flute_5000ms_fx_reverb_long.wav,Listen to this audio clip of a single musical note. What is the MIDI note number (an integer from 0 to 127)? Reply with ONLY the integer. Nothing else. Output only the answer.,"Listen to this audio clip of a single musical note. What is the note name and octave? Reply with ONLY the note name in Scientific Pitch Notation (e.g. C4, F#3, Bb5). Nothing else. Output only the answer.","Listen to this audio clip of a single musical note. What is the solfege syllable and accidental (if needed) of this pitch? Use fixed-do (do=C, re=D, mi=E, fa=F, sol=G, la=A, si=B). Include sharps or flats when needed (e.g. do#, reb, fa#, sib). Do NOT include the octave. Reply with ONLY the syllable and accidental (if needed). Nothing else. Output only the answer.","Listen to this audio clip of a single musical note. What is the main pitch frequency, expressed in Hertz? Reply with ONLY a number (the frequency in Hz). Nothing else. Output only the answer."
reverb_long,reverb_room,"{'type': 'reverb_room', 'room_size': 0.9, 'damping': 0.4, 'wet_level': 0.6, 'dry_level': 0.4}",5069,sawtooth,waveform,69,69,1,1,1,1,A4,A6,0,1,0,la,sol,0,0,1,69,A6,sol,450,/home/hsnu2/PitchBench/data/audio/pitchbench_e2_audio_effects/A4_sawtooth_5000ms_fx_reverb_long.wav,A4_sawtooth_5000ms_fx_reverb_long.wav,Listen to this audio clip of a single musical note. What is the MIDI note number (an integer from 0 to 127)? Reply with ONLY the integer. Nothing else. Output only the answer.,"Listen to this audio clip of a single musical note. What is the note name and octave? Reply with ONLY the note name in Scientific Pitch Notation (e.g. C4, F#3, Bb5). Nothing else. Output only the answer.","Listen to this audio clip of a single musical note. What is the solfege syllable and accidental (if needed) of this pitch? Use fixed-do (do=C, re=D, mi=E, fa=F, sol=G, la=A, si=B). Include sharps or flats when needed (e.g. do#, reb, fa#, sib). Do NOT include the octave. Reply with ONLY the syllable and accidental (if needed). Nothing else. Output only the answer.","Listen to this audio clip of a single musical note. What is the main pitch frequency, expressed in Hertz? Reply with ONLY a number (the frequency in Hz). Nothing else. Output only the answer."
reverb_long,reverb_room,"{'type': 'reverb_room', 'room_size': 0.9, 'damping': 0.4, 'wet_level': 0.6, 'dry_level': 0.4}",5069,square,waveform,69,69,1,1,1,1,A4,A6,0,1,0,la,sol,0,0,1,69,A6,sol,450,/home/hsnu2/PitchBench/data/audio/pitchbench_e2_audio_effects/A4_square_5000ms_fx_reverb_long.wav,A4_square_5000ms_fx_reverb_long.wav,Listen to this audio clip of a single musical note. What is the MIDI note number (an integer from 0 to 127)? Reply with ONLY the integer. Nothing else. Output only the answer.,"Listen to this audio clip of a single musical note. What is the note name and octave? Reply with ONLY the note name in Scientific Pitch Notation (e.g. C4, F#3, Bb5). Nothing else. Output only the answer.","Listen to this audio clip of a single musical note. What is the solfege syllable and accidental (if needed) of this pitch? Use fixed-do (do=C, re=D, mi=E, fa=F, sol=G, la=A, si=B). Include sharps or flats when needed (e.g. do#, reb, fa#, sib). Do NOT include the octave. Reply with ONLY the syllable and accidental (if needed). Nothing else. Output only the answer.","Listen to this audio clip of a single musical note. What is the main pitch frequency, expressed in Hertz? Reply with ONLY a number (the frequency in Hz). Nothing else. Output only the answer."
reverb_long,reverb_room,"{'type': 'reverb_room', 'room_size': 0.9, 'damping': 0.4, 'wet_level': 0.6, 'dry_level': 0.4}",5069,guitar,instrument,69,63,0,0,0,1,A4,C6,0,0,0,la,fa#,0,0,0,63,C6,solb,460,/home/hsnu2/PitchBench/data/audio/pitchbench_e2_audio_effects/A4_guitar_5000ms_fx_reverb_long.wav,A4_guitar_5000ms_fx_reverb_long.wav,Listen to this audio clip of a single musical note. What is the MIDI note number (an integer from 0 to 127)? Reply with ONLY the integer. Nothing else. Output only the answer.,"Listen to this audio clip of a single musical note. What is the note name and octave? Reply with ONLY the note name in Scientific Pitch Notation (e.g. C4, F#3, Bb5). Nothing else. Output only the answer.","Listen to this audio clip of a single musical note. What is the solfege syllable and accidental (if needed) of this pitch? Use fixed-do (do=C, re=D, mi=E, fa=F, sol=G, la=A, si=B). Include sharps or flats when needed (e.g. do#, reb, fa#, sib). Do NOT include the octave. Reply with ONLY the syllable and accidental (if needed). Nothing else. Output only the answer.","Listen to this audio clip of a single musical note. What is the main pitch frequency, expressed in Hertz? Reply with ONLY a number (the frequency in Hz). Nothing else. Output only the answer."
reverb_long,reverb_room,"{'type': 'reverb_room', 'room_size': 0.9, 'damping': 0.4, 'wet_level': 0.6, 'dry_level': 0.4}",5079,voice,instrument,79,67,0,0,1,0,G5,C6,0,0,0,sol,sol,1,0,1,67,C6,sol,6750,/home/hsnu2/PitchBench/data/audio/pitchbench_e2_audio_effects/G5_voice_5000ms_fx_reverb_long.wav,G5_voice_5000ms_fx_reverb_long.wav,Listen to this audio clip of a single musical note. What is the MIDI note number (an integer from 0 to 127)? Reply with ONLY the integer. Nothing else. Output only the answer.,"Listen to this audio clip of a single musical note. What is the note name and octave? Reply with ONLY the note name in Scientific Pitch Notation (e.g. C4, F#3, Bb5). Nothing else. Output only the answer.","Listen to this audio clip of a single musical note. What is the solfege syllable and accidental (if needed) of this pitch? Use fixed-do (do=C, re=D, mi=E, fa=F, sol=G, la=A, si=B). Include sharps or flats when needed (e.g. do#, reb, fa#, sib). Do NOT include the octave. Reply with ONLY the syllable and accidental (if needed). Nothing else. Output only the answer.","Listen to this audio clip of a single musical note. What is the main pitch frequency, expressed in Hertz? Reply with ONLY a number (the frequency in Hz). Nothing else. Output only the answer."
reverb_long,reverb_room,"{'type': 'reverb_room', 'room_size': 0.9, 'damping': 0.4, 'wet_level': 0.6, 'dry_level': 0.4}",5079,synth_lead,instrument,79,63,0,0,0,0,G5,C6,0,0,0,sol,sol,1,0,1,63,C6,sol,1058.43,/home/hsnu2/PitchBench/data/audio/pitchbench_e2_audio_effects/G5_synth_lead_5000ms_fx_reverb_long.wav,G5_synth_lead_5000ms_fx_reverb_long.wav,Listen to this audio clip of a single musical note. What is the MIDI note number (an integer from 0 to 127)? Reply with ONLY the integer. Nothing else. Output only the answer.,"Listen to this audio clip of a single musical note. What is the note name and octave? Reply with ONLY the note name in Scientific Pitch Notation (e.g. C4, F#3, Bb5). Nothing else. Output only the answer.","Listen to this audio clip of a single musical note. What is the solfege syllable and accidental (if needed) of this pitch? Use fixed-do (do=C, re=D, mi=E, fa=F, sol=G, la=A, si=B). Include sharps or flats when needed (e.g. do#, reb, fa#, sib). Do NOT include the octave. Reply with ONLY the syllable and accidental (if needed). Nothing else. Output only the answer.","Listen to this audio clip of a single musical note. What is the main pitch frequency, expressed in Hertz? Reply with ONLY a number (the frequency in Hz). Nothing else. Output only the answer."
reverb_long,reverb_room,"{'type': 'reverb_room', 'room_size': 0.9, 'damping': 0.4, 'wet_level': 0.6, 'dry_level': 0.4}",5079,clarinet,instrument,79,68,0,0,0,0,G5,C6,0,0,0,sol,sol,1,0,1,68,C6,sol,659.30,/home/hsnu2/PitchBench/data/audio/pitchbench_e2_audio_effects/G5_clarinet_5000ms_fx_reverb_long.wav,G5_clarinet_5000ms_fx_reverb_long.wav,Listen to this audio clip of a single musical note. What is the MIDI note number (an integer from 0 to 127)? Reply with ONLY the integer. Nothing else. Output only the answer.,"Listen to this audio clip of a single musical note. What is the note name and octave? Reply with ONLY the note name in Scientific Pitch Notation (e.g. C4, F#3, Bb5). Nothing else. Output only the answer.","Listen to this audio clip of a single musical note. What is the solfege syllable and accidental (if needed) of this pitch? Use fixed-do (do=C, re=D, mi=E, fa=F, sol=G, la=A, si=B). Include sharps or flats when needed (e.g. do#, reb, fa#, sib). Do NOT include the octave. Reply with ONLY the syllable and accidental (if needed). Nothing else. Output only the answer.","Listen to this audio clip of a single musical note. What is the main pitch frequency, expressed in Hertz? Reply with ONLY a number (the frequency in Hz). Nothing else. Output only the answer."
reverb_long,reverb_room,"{'type': 'reverb_room', 'room_size': 0.9, 'damping': 0.4, 'wet_level': 0.6, 'dry_level': 0.4}",5079,trumpet,instrument,79,69,0,0,0,0,G5,C6,0,0,0,sol,sol,1,0,1,69,C6,sol,6750,/home/hsnu2/PitchBench/data/audio/pitchbench_e2_audio_effects/G5_trumpet_5000ms_fx_reverb_long.wav,G5_trumpet_5000ms_fx_reverb_long.wav,Listen to this audio clip of a single musical note. What is the MIDI note number (an integer from 0 to 127)? Reply with ONLY the integer. Nothing else. Output only the answer.,"Listen to this audio clip of a single musical note. What is the note name and octave? Reply with ONLY the note name in Scientific Pitch Notation (e.g. C4, F#3, Bb5). Nothing else. Output only the answer.","Listen to this audio clip of a single musical note. What is the solfege syllable and accidental (if needed) of this pitch? Use fixed-do (do=C, re=D, mi=E, fa=F, sol=G, la=A, si=B). Include sharps or flats when needed (e.g. do#, reb, fa#, sib). Do NOT include the octave. Reply with ONLY the syllable and accidental (if needed). Nothing else. Output only the answer.","Listen to this audio clip of a single musical note. What is the main pitch frequency, expressed in Hertz? Reply with ONLY a number (the frequency in Hz). Nothing else. Output only the answer."
reverb_long,reverb_room,"{'type': 'reverb_room', 'room_size': 0.9, 'damping': 0.4, 'wet_level': 0.6, 'dry_level': 0.4}",5079,triangle,waveform,79,69,0,0,0,0,G5,C6,0,0,0,sol,sol,1,0,1,69,C6,sol,480,/home/hsnu2/PitchBench/data/audio/pitchbench_e2_audio_effects/G5_triangle_5000ms_fx_reverb_long.wav,G5_triangle_5000ms_fx_reverb_long.wav,Listen to this audio clip of a single musical note. What is the MIDI note number (an integer from 0 to 127)? Reply with ONLY the integer. Nothing else. Output only the answer.,"Listen to this audio clip of a single musical note. What is the note name and octave? Reply with ONLY the note name in Scientific Pitch Notation (e.g. C4, F#3, Bb5). Nothing else. Output only the answer.","Listen to this audio clip of a single musical note. What is the solfege syllable and accidental (if needed) of this pitch? Use fixed-do (do=C, re=D, mi=E, fa=F, sol=G, la=A, si=B). Include sharps or flats when needed (e.g. do#, reb, fa#, sib). Do NOT include the octave. Reply with ONLY the syllable and accidental (if needed). Nothing else. Output only the answer.","Listen to this audio clip of a single musical note. What is the main pitch frequency, expressed in Hertz? Reply with ONLY a number (the frequency in Hz). Nothing else. Output only the answer."
reverb_long,reverb_room,"{'type': 'reverb_room', 'room_size': 0.9, 'damping': 0.4, 'wet_level': 0.6, 'dry_level': 0.4}",5088,clarinet,instrument,88,83,0,0,0,0,E6,C6,0,0,1,mi,sol#,0,0,0,83,C6,sol#,1034.52,/home/hsnu2/PitchBench/data/audio/pitchbench_e2_audio_effects/E6_clarinet_5000ms_fx_reverb_long.wav,E6_clarinet_5000ms_fx_reverb_long.wav,Listen to this audio clip of a single musical note. What is the MIDI note number (an integer from 0 to 127)? Reply with ONLY the integer. Nothing else. Output only the answer.,"Listen to this audio clip of a single musical note. What is the note name and octave? Reply with ONLY the note name in Scientific Pitch Notation (e.g. C4, F#3, Bb5). Nothing else. Output only the answer.","Listen to this audio clip of a single musical note. What is the solfege syllable and accidental (if needed) of this pitch? Use fixed-do (do=C, re=D, mi=E, fa=F, sol=G, la=A, si=B). Include sharps or flats when needed (e.g. do#, reb, fa#, sib). Do NOT include the octave. Reply with ONLY the syllable and accidental (if needed). Nothing else. Output only the answer.","Listen to this audio clip of a single musical note. What is the main pitch frequency, expressed in Hertz? Reply with ONLY a number (the frequency in Hz). Nothing else. Output only the answer."
reverb_long,reverb_room,"{'type': 'reverb_room', 'room_size': 0.9, 'damping': 0.4, 'wet_level': 0.6, 'dry_level': 0.4}",5088,flute,instrument,88,88,1,1,1,1,E6,C8,0,0,0,mi,sol,0,0,1,88,C8,sol,8105,/home/hsnu2/PitchBench/data/audio/pitchbench_e2_audio_effects/E6_flute_5000ms_fx_reverb_long.wav,E6_flute_5000ms_fx_reverb_long.wav,Listen to this audio clip of a single musical note. What is the MIDI note number (an integer from 0 to 127)? Reply with ONLY the integer. Nothing else. Output only the answer.,"Listen to this audio clip of a single musical note. What is the note name and octave? Reply with ONLY the note name in Scientific Pitch Notation (e.g. C4, F#3, Bb5). Nothing else. Output only the answer.","Listen to this audio clip of a single musical note. What is the solfege syllable and accidental (if needed) of this pitch? Use fixed-do (do=C, re=D, mi=E, fa=F, sol=G, la=A, si=B). Include sharps or flats when needed (e.g. do#, reb, fa#, sib). Do NOT include the octave. Reply with ONLY the syllable and accidental (if needed). Nothing else. Output only the answer.","Listen to this audio clip of a single musical note. What is the main pitch frequency, expressed in Hertz? Reply with ONLY a number (the frequency in Hz). Nothing else. Output only the answer."
reverb_long,reverb_room,"{'type': 'reverb_room', 'room_size': 0.9, 'damping': 0.4, 'wet_level': 0.6, 'dry_level': 0.4}",5088,trumpet,instrument,88,88,1,1,1,1,E6,B6,0,0,1,mi,sol#,0,0,1,88,B6,sol#,890.63,/home/hsnu2/PitchBench/data/audio/pitchbench_e2_audio_effects/E6_trumpet_5000ms_fx_reverb_long.wav,E6_trumpet_5000ms_fx_reverb_long.wav,Listen to this audio clip of a single musical note. What is the MIDI note number (an integer from 0 to 127)? Reply with ONLY the integer. Nothing else. Output only the answer.,"Listen to this audio clip of a single musical note. What is the note name and octave? Reply with ONLY the note name in Scientific Pitch Notation (e.g. C4, F#3, Bb5). Nothing else. Output only the answer.","Listen to this audio clip of a single musical note. What is the solfege syllable and accidental (if needed) of this pitch? Use fixed-do (do=C, re=D, mi=E, fa=F, sol=G, la=A, si=B). Include sharps or flats when needed (e.g. do#, reb, fa#, sib). Do NOT include the octave. Reply with ONLY the syllable and accidental (if needed). Nothing else. Output only the answer.","Listen to this audio clip of a single musical note. What is the main pitch frequency, expressed in Hertz? Reply with ONLY a number (the frequency in Hz). Nothing else. Output only the answer."
reverb_long,reverb_room,"{'type': 'reverb_room', 'room_size': 0.9, 'damping': 0.4, 'wet_level': 0.6, 'dry_level': 0.4}",5088,violin,instrument,88,86,0,0,0,1,E6,B6,0,0,1,mi,sol,0,0,0,86,B6,sol,890.63,/home/hsnu2/PitchBench/data/audio/pitchbench_e2_audio_effects/E6_violin_5000ms_fx_reverb_long.wav,E6_violin_5000ms_fx_reverb_long.wav,Listen to this audio clip of a single musical note. What is the MIDI note number (an integer from 0 to 127)? Reply with ONLY the integer. Nothing else. Output only the answer.,"Listen to this audio clip of a single musical note. What is the note name and octave? Reply with ONLY the note name in Scientific Pitch Notation (e.g. C4, F#3, Bb5). Nothing else. Output only the answer.","Listen to this audio clip of a single musical note. What is the solfege syllable and accidental (if needed) of this pitch? Use fixed-do (do=C, re=D, mi=E, fa=F, sol=G, la=A, si=B). Include sharps or flats when needed (e.g. do#, reb, fa#, sib). Do NOT include the octave. Reply with ONLY the syllable and accidental (if needed). Nothing else. Output only the answer.","Listen to this audio clip of a single musical note. What is the main pitch frequency, expressed in Hertz? Reply with ONLY a number (the frequency in Hz). Nothing else. Output only the answer."
reverb_long,reverb_room,"{'type': 'reverb_room', 'room_size': 0.9, 'damping': 0.4, 'wet_level': 0.6, 'dry_level': 0.4}",5088,square,waveform,88,65,0,0,0,0,E6,F#6,0,0,1,mi,sol#,0,0,0,65,F#6,sol#,480,/home/hsnu2/PitchBench/data/audio/pitchbench_e2_audio_effects/E6_square_5000ms_fx_reverb_long.wav,E6_square_5000ms_fx_reverb_long.wav,Listen to this audio clip of a single musical note. What is the MIDI note number (an integer from 0 to 127)? Reply with ONLY the integer. Nothing else. Output only the answer.,"Listen to this audio clip of a single musical note. What is the note name and octave? Reply with ONLY the note name in Scientific Pitch Notation (e.g. C4, F#3, Bb5). Nothing else. Output only the answer.","Listen to this audio clip of a single musical note. What is the solfege syllable and accidental (if needed) of this pitch? Use fixed-do (do=C, re=D, mi=E, fa=F, sol=G, la=A, si=B). Include sharps or flats when needed (e.g. do#, reb, fa#, sib). Do NOT include the octave. Reply with ONLY the syllable and accidental (if needed). Nothing else. Output only the answer.","Listen to this audio clip of a single musical note. What is the main pitch frequency, expressed in Hertz? Reply with ONLY a number (the frequency in Hz). Nothing else. Output only the answer."
distortion_heavy,saturation,"{'type': 'saturation', 'drive_db': 30.0}",4030,trombone,instrument,30,36,0,0,0,0,F#1,A#2,0,0,0,fa#,sol,0,0,0,36,Bb2,sol,1054.87,/home/hsnu2/PitchBench/data/audio/pitchbench_e2_audio_effects/Fs1_trombone_5000ms_fx_distortion_heavy.wav,Fs1_trombone_5000ms_fx_distortion_heavy.wav,Listen to this audio clip of a single musical note. What is the MIDI note number (an integer from 0 to 127)? Reply with ONLY the integer. Nothing else. Output only the answer.,"Listen to this audio clip of a single musical note. What is the note name and octave? Reply with ONLY the note name in Scientific Pitch Notation (e.g. C4, F#3, Bb5). Nothing else. Output only the answer.","Listen to this audio clip of a single musical note. What is the solfege syllable and accidental (if needed) of this pitch? Use fixed-do (do=C, re=D, mi=E, fa=F, sol=G, la=A, si=B). Include sharps or flats when needed (e.g. do#, reb, fa#, sib). Do NOT include the octave. Reply with ONLY the syllable and accidental (if needed). Nothing else. Output only the answer.","Listen to this audio clip of a single musical note. What is the main pitch frequency, expressed in Hertz? Reply with ONLY a number (the frequency in Hz). Nothing else. Output only the answer."
distortion_heavy,saturation,"{'type': 'saturation', 'drive_db': 30.0}",4030,organ,instrument,30,63,0,0,0,0,F#1,C6,0,0,0,fa#,fa#,1,0,1,63,C6,solb,166.67,/home/hsnu2/PitchBench/data/audio/pitchbench_e2_audio_effects/Fs1_organ_5000ms_fx_distortion_heavy.wav,Fs1_organ_5000ms_fx_distortion_heavy.wav,Listen to this audio clip of a single musical note. What is the MIDI note number (an integer from 0 to 127)? Reply with ONLY the integer. Nothing else. Output only the answer.,"Listen to this audio clip of a single musical note. What is the note name and octave? Reply with ONLY the note name in Scientific Pitch Notation (e.g. C4, F#3, Bb5). Nothing else. Output only the answer.","Listen to this audio clip of a single musical note. What is the solfege syllable and accidental (if needed) of this pitch? Use fixed-do (do=C, re=D, mi=E, fa=F, sol=G, la=A, si=B). Include sharps or flats when needed (e.g. do#, reb, fa#, sib). Do NOT include the octave. Reply with ONLY the syllable and accidental (if needed). Nothing else. Output only the answer.","Listen to this audio clip of a single musical note. What is the main pitch frequency, expressed in Hertz? Reply with ONLY a number (the frequency in Hz). Nothing else. Output only the answer."
distortion_heavy,saturation,"{'type': 'saturation', 'drive_db': 30.0}",4030,clarinet,instrument,30,63,0,0,0,0,F#1,C6,0,0,0,fa#,sol,0,0,0,63,C6,sol,1058.43,/home/hsnu2/PitchBench/data/audio/pitchbench_e2_audio_effects/Fs1_clarinet_5000ms_fx_distortion_heavy.wav,Fs1_clarinet_5000ms_fx_distortion_heavy.wav,Listen to this audio clip of a single musical note. What is the MIDI note number (an integer from 0 to 127)? Reply with ONLY the integer. Nothing else. Output only the answer.,"Listen to this audio clip of a single musical note. What is the note name and octave? Reply with ONLY the note name in Scientific Pitch Notation (e.g. C4, F#3, Bb5). Nothing else. Output only the answer.","Listen to this audio clip of a single musical note. What is the solfege syllable and accidental (if needed) of this pitch? Use fixed-do (do=C, re=D, mi=E, fa=F, sol=G, la=A, si=B). Include sharps or flats when needed (e.g. do#, reb, fa#, sib). Do NOT include the octave. Reply with ONLY the syllable and accidental (if needed). Nothing else. Output only the answer.","Listen to this audio clip of a single musical note. What is the main pitch frequency, expressed in Hertz? Reply with ONLY a number (the frequency in Hz). Nothing else. Output only the answer."
distortion_heavy,saturation,"{'type': 'saturation', 'drive_db': 30.0}",4030,square,waveform,30,43,0,0,0,0,F#1,A2,0,0,0,fa#,sol,0,0,0,43,A2,sol,450,/home/hsnu2/PitchBench/data/audio/pitchbench_e2_audio_effects/Fs1_square_5000ms_fx_distortion_heavy.wav,Fs1_square_5000ms_fx_distortion_heavy.wav,Listen to this audio clip of a single musical note. What is the MIDI note number (an integer from 0 to 127)? Reply with ONLY the integer. Nothing else. Output only the answer.,"Listen to this audio clip of a single musical note. What is the note name and octave? Reply with ONLY the note name in Scientific Pitch Notation (e.g. C4, F#3, Bb5). Nothing else. Output only the answer.","Listen to this audio clip of a single musical note. What is the solfege syllable and accidental (if needed) of this pitch? Use fixed-do (do=C, re=D, mi=E, fa=F, sol=G, la=A, si=B). Include sharps or flats when needed (e.g. do#, reb, fa#, sib). Do NOT include the octave. Reply with ONLY the syllable and accidental (if needed). Nothing else. Output only the answer.","Listen to this audio clip of a single musical note. What is the main pitch frequency, expressed in Hertz? Reply with ONLY a number (the frequency in Hz). Nothing else. Output only the answer."
distortion_heavy,saturation,"{'type': 'saturation', 'drive_db': 30.0}",4030,sine,waveform,30,35,0,0,0,1,F#1,A2,0,0,0,fa#,sol,0,0,0,35,A2,sol,430.56,/home/hsnu2/PitchBench/data/audio/pitchbench_e2_audio_effects/Fs1_sine_5000ms_fx_distortion_heavy.wav,Fs1_sine_5000ms_fx_distortion_heavy.wav,Listen to this audio clip of a single musical note. What is the MIDI note number (an integer from 0 to 127)? Reply with ONLY the integer. Nothing else. Output only the answer.,"Listen to this audio clip of a single musical note. What is the note name and octave? Reply with ONLY the note name in Scientific Pitch Notation (e.g. C4, F#3, Bb5). Nothing else. Output only the answer.","Listen to this audio clip of a single musical note. What is the solfege syllable and accidental (if needed) of this pitch? Use fixed-do (do=C, re=D, mi=E, fa=F, sol=G, la=A, si=B). Include sharps or flats when needed (e.g. do#, reb, fa#, sib). Do NOT include the octave. Reply with ONLY the syllable and accidental (if needed). Nothing else. Output only the answer.","Listen to this audio clip of a single musical note. What is the main pitch frequency, expressed in Hertz? Reply with ONLY a number (the frequency in Hz). Nothing else. Output only the answer."
distortion_heavy,saturation,"{'type': 'saturation', 'drive_db': 30.0}",4036,organ,instrument,36,64,0,0,0,0,C2,C6,0,1,0,do,sol,0,0,0,64,C6,sol,480,/home/hsnu2/PitchBench/data/audio/pitchbench_e2_audio_effects/C2_organ_5000ms_fx_distortion_heavy.wav,C2_organ_5000ms_fx_distortion_heavy.wav,Listen to this audio clip of a single musical note. What is the MIDI note number (an integer from 0 to 127)? Reply with ONLY the integer. Nothing else. Output only the answer.,"Listen to this audio clip of a single musical note. What is the note name and octave? Reply with ONLY the note name in Scientific Pitch Notation (e.g. C4, F#3, Bb5). Nothing else. Output only the answer.","Listen to this audio clip of a single musical note. What is the solfege syllable and accidental (if needed) of this pitch? Use fixed-do (do=C, re=D, mi=E, fa=F, sol=G, la=A, si=B). Include sharps or flats when needed (e.g. do#, reb, fa#, sib). Do NOT include the octave. Reply with ONLY the syllable and accidental (if needed). Nothing else. Output only the answer.","Listen to this audio clip of a single musical note. What is the main pitch frequency, expressed in Hertz? Reply with ONLY a number (the frequency in Hz). Nothing else. Output only the answer."
distortion_heavy,saturation,"{'type': 'saturation', 'drive_db': 30.0}",4036,triangle,waveform,36,43,0,0,0,1,C2,C2,1,1,1,do,fa#,0,0,1,43,C2,solb,480,/home/hsnu2/PitchBench/data/audio/pitchbench_e2_audio_effects/C2_triangle_5000ms_fx_distortion_heavy.wav,C2_triangle_5000ms_fx_distortion_heavy.wav,Listen to this audio clip of a single musical note. What is the MIDI note number (an integer from 0 to 127)? Reply with ONLY the integer. Nothing else. Output only the answer.,"Listen to this audio clip of a single musical note. What is the note name and octave? Reply with ONLY the note name in Scientific Pitch Notation (e.g. C4, F#3, Bb5). Nothing else. Output only the answer.","Listen to this audio clip of a single musical note. What is the solfege syllable and accidental (if needed) of this pitch? Use fixed-do (do=C, re=D, mi=E, fa=F, sol=G, la=A, si=B). Include sharps or flats when needed (e.g. do#, reb, fa#, sib). Do NOT include the octave. Reply with ONLY the syllable and accidental (if needed). Nothing else. Output only the answer.","Listen to this audio clip of a single musical note. What is the main pitch frequency, expressed in Hertz? Reply with ONLY a number (the frequency in Hz). Nothing else. Output only the answer."
distortion_heavy,saturation,"{'type': 'saturation', 'drive_db': 30.0}",4036,square,waveform,36,43,0,0,0,1,C2,C2,1,1,1,do,fa#,0,0,1,43,C2,solb,480,/home/hsnu2/PitchBench/data/audio/pitchbench_e2_audio_effects/C2_square_5000ms_fx_distortion_heavy.wav,C2_square_5000ms_fx_distortion_heavy.wav,Listen to this audio clip of a single musical note. What is the MIDI note number (an integer from 0 to 127)? Reply with ONLY the integer. Nothing else. Output only the answer.,"Listen to this audio clip of a single musical note. What is the note name and octave? Reply with ONLY the note name in Scientific Pitch Notation (e.g. C4, F#3, Bb5). Nothing else. Output only the answer.","Listen to this audio clip of a single musical note. What is the solfege syllable and accidental (if needed) of this pitch? Use fixed-do (do=C, re=D, mi=E, fa=F, sol=G, la=A, si=B). Include sharps or flats when needed (e.g. do#, reb, fa#, sib). Do NOT include the octave. Reply with ONLY the syllable and accidental (if needed). Nothing else. Output only the answer.","Listen to this audio clip of a single musical note. What is the main pitch frequency, expressed in Hertz? Reply with ONLY a number (the frequency in Hz). Nothing else. Output only the answer."
distortion_heavy,saturation,"{'type': 'saturation', 'drive_db': 30.0}",4036,guitar,instrument,36,48,0,0,1,0,C2,C6,0,1,0,do,sol,0,0,0,48,C6,sol,480,/home/hsnu2/PitchBench/data/audio/pitchbench_e2_audio_effects/C2_guitar_5000ms_fx_distortion_heavy.wav,C2_guitar_5000ms_fx_distortion_heavy.wav,Listen to this audio clip of a single musical note. What is the MIDI note number (an integer from 0 to 127)? Reply with ONLY the integer. Nothing else. Output only the answer.,"Listen to this audio clip of a single musical note. What is the note name and octave? Reply with ONLY the note name in Scientific Pitch Notation (e.g. C4, F#3, Bb5). Nothing else. Output only the answer.","Listen to this audio clip of a single musical note. What is the solfege syllable and accidental (if needed) of this pitch? Use fixed-do (do=C, re=D, mi=E, fa=F, sol=G, la=A, si=B). Include sharps or flats when needed (e.g. do#, reb, fa#, sib). Do NOT include the octave. Reply with ONLY the syllable and accidental (if needed). Nothing else. Output only the answer.","Listen to this audio clip of a single musical note. What is the main pitch frequency, expressed in Hertz? Reply with ONLY a number (the frequency in Hz). Nothing else. Output only the answer."
distortion_heavy,saturation,"{'type': 'saturation', 'drive_db': 30.0}",4036,trumpet,instrument,36,63,0,0,0,0,C2,C6,0,1,0,do,fa#,0,0,0,63,C6,solb,1054.72,/home/hsnu2/PitchBench/data/audio/pitchbench_e2_audio_effects/C2_trumpet_5000ms_fx_distortion_heavy.wav,C2_trumpet_5000ms_fx_distortion_heavy.wav,Listen to this audio clip of a single musical note. What is the MIDI note number (an integer from 0 to 127)? Reply with ONLY the integer. Nothing else. Output only the answer.,"Listen to this audio clip of a single musical note. What is the note name and octave? Reply with ONLY the note name in Scientific Pitch Notation (e.g. C4, F#3, Bb5). Nothing else. Output only the answer.","Listen to this audio clip of a single musical note. What is the solfege syllable and accidental (if needed) of this pitch? Use fixed-do (do=C, re=D, mi=E, fa=F, sol=G, la=A, si=B). Include sharps or flats when needed (e.g. do#, reb, fa#, sib). Do NOT include the octave. Reply with ONLY the syllable and accidental (if needed). Nothing else. Output only the answer.","Listen to this audio clip of a single musical note. What is the main pitch frequency, expressed in Hertz? Reply with ONLY a number (the frequency in Hz). Nothing else. Output only the answer."
distortion_heavy,saturation,"{'type': 'saturation', 'drive_db': 30.0}",4043,trumpet,instrument,43,48,0,0,0,0,G2,C6,0,0,0,sol,sol,1,0,1,48,C6,sol,450,/home/hsnu2/PitchBench/data/audio/pitchbench_e2_audio_effects/G2_trumpet_5000ms_fx_distortion_heavy.wav,G2_trumpet_5000ms_fx_distortion_heavy.wav,Listen to this audio clip of a single musical note. What is the MIDI note number (an integer from 0 to 127)? Reply with ONLY the integer. Nothing else. Output only the answer.,"Listen to this audio clip of a single musical note. What is the note name and octave? Reply with ONLY the note name in Scientific Pitch Notation (e.g. C4, F#3, Bb5). Nothing else. Output only the answer.","Listen to this audio clip of a single musical note. What is the solfege syllable and accidental (if needed) of this pitch? Use fixed-do (do=C, re=D, mi=E, fa=F, sol=G, la=A, si=B). Include sharps or flats when needed (e.g. do#, reb, fa#, sib). Do NOT include the octave. Reply with ONLY the syllable and accidental (if needed). Nothing else. Output only the answer.","Listen to this audio clip of a single musical note. What is the main pitch frequency, expressed in Hertz? Reply with ONLY a number (the frequency in Hz). Nothing else. Output only the answer."
distortion_heavy,saturation,"{'type': 'saturation', 'drive_db': 30.0}",4043,piano,instrument,43,65,0,0,0,0,G2,C6,0,0,0,sol,fa#,0,0,0,65,C6,solb,1052.63,/home/hsnu2/PitchBench/data/audio/pitchbench_e2_audio_effects/G2_piano_5000ms_fx_distortion_heavy.wav,G2_piano_5000ms_fx_distortion_heavy.wav,Listen to this audio clip of a single musical note. What is the MIDI note number (an integer from 0 to 127)? Reply with ONLY the integer. Nothing else. Output only the answer.,"Listen to this audio clip of a single musical note. What is the note name and octave? Reply with ONLY the note name in Scientific Pitch Notation (e.g. C4, F#3, Bb5). Nothing else. Output only the answer.","Listen to this audio clip of a single musical note. What is the solfege syllable and accidental (if needed) of this pitch? Use fixed-do (do=C, re=D, mi=E, fa=F, sol=G, la=A, si=B). Include sharps or flats when needed (e.g. do#, reb, fa#, sib). Do NOT include the octave. Reply with ONLY the syllable and accidental (if needed). Nothing else. Output only the answer.","Listen to this audio clip of a single musical note. What is the main pitch frequency, expressed in Hertz? Reply with ONLY a number (the frequency in Hz). Nothing else. Output only the answer."
distortion_heavy,saturation,"{'type': 'saturation', 'drive_db': 30.0}",4043,oboe,instrument,43,43,1,1,1,1,G2,C6,0,0,0,sol,sol,1,0,1,43,C6,sol,450,/home/hsnu2/PitchBench/data/audio/pitchbench_e2_audio_effects/G2_oboe_5000ms_fx_distortion_heavy.wav,G2_oboe_5000ms_fx_distortion_heavy.wav,Listen to this audio clip of a single musical note. What is the MIDI note number (an integer from 0 to 127)? Reply with ONLY the integer. Nothing else. Output only the answer.,"Listen to this audio clip of a single musical note. What is the note name and octave? Reply with ONLY the note name in Scientific Pitch Notation (e.g. C4, F#3, Bb5). Nothing else. Output only the answer.","Listen to this audio clip of a single musical note. What is the solfege syllable and accidental (if needed) of this pitch? Use fixed-do (do=C, re=D, mi=E, fa=F, sol=G, la=A, si=B). Include sharps or flats when needed (e.g. do#, reb, fa#, sib). Do NOT include the octave. Reply with ONLY the syllable and accidental (if needed). Nothing else. Output only the answer.","Listen to this audio clip of a single musical note. What is the main pitch frequency, expressed in Hertz? Reply with ONLY a number (the frequency in Hz). Nothing else. Output only the answer."
distortion_heavy,saturation,"{'type': 'saturation', 'drive_db': 30.0}",4043,square,waveform,43,43,1,1,1,1,G2,G2,1,1,1,sol,sol,1,0,1,43,G2,sol,480,/home/hsnu2/PitchBench/data/audio/pitchbench_e2_audio_effects/G2_square_5000ms_fx_distortion_heavy.wav,G2_square_5000ms_fx_distortion_heavy.wav,Listen to this audio clip of a single musical note. What is the MIDI note number (an integer from 0 to 127)? Reply with ONLY the integer. Nothing else. Output only the answer.,"Listen to this audio clip of a single musical note. What is the note name and octave? Reply with ONLY the note name in Scientific Pitch Notation (e.g. C4, F#3, Bb5). Nothing else. Output only the answer.","Listen to this audio clip of a single musical note. What is the solfege syllable and accidental (if needed) of this pitch? Use fixed-do (do=C, re=D, mi=E, fa=F, sol=G, la=A, si=B). Include sharps or flats when needed (e.g. do#, reb, fa#, sib). Do NOT include the octave. Reply with ONLY the syllable and accidental (if needed). Nothing else. Output only the answer.","Listen to this audio clip of a single musical note. What is the main pitch frequency, expressed in Hertz? Reply with ONLY a number (the frequency in Hz). Nothing else. Output only the answer."
distortion_heavy,saturation,"{'type': 'saturation', 'drive_db': 30.0}",4043,organ,instrument,43,43,1,1,1,1,G2,C6,0,0,0,sol,sol,1,0,1,43,C6,sol,450,/home/hsnu2/PitchBench/data/audio/pitchbench_e2_audio_effects/G2_organ_5000ms_fx_distortion_heavy.wav,G2_organ_5000ms_fx_distortion_heavy.wav,Listen to this audio clip of a single musical note. What is the MIDI note number (an integer from 0 to 127)? Reply with ONLY the integer. Nothing else. Output only the answer.,"Listen to this audio clip of a single musical note. What is the note name and octave? Reply with ONLY the note name in Scientific Pitch Notation (e.g. C4, F#3, Bb5). Nothing else. Output only the answer.","Listen to this audio clip of a single musical note. What is the solfege syllable and accidental (if needed) of this pitch? Use fixed-do (do=C, re=D, mi=E, fa=F, sol=G, la=A, si=B). Include sharps or flats when needed (e.g. do#, reb, fa#, sib). Do NOT include the octave. Reply with ONLY the syllable and accidental (if needed). Nothing else. Output only the answer.","Listen to this audio clip of a single musical note. What is the main pitch frequency, expressed in Hertz? Reply with ONLY a number (the frequency in Hz). Nothing else. Output only the answer."
distortion_heavy,saturation,"{'type': 'saturation', 'drive_db': 30.0}",4048,flute,instrument,48,48,1,1,1,1,C3,C6,0,1,0,do,fa#,0,0,1,48,C6,solb,480,/home/hsnu2/PitchBench/data/audio/pitchbench_e2_audio_effects/C3_flute_5000ms_fx_distortion_heavy.wav,C3_flute_5000ms_fx_distortion_heavy.wav,Listen to this audio clip of a single musical note. What is the MIDI note number (an integer from 0 to 127)? Reply with ONLY the integer. Nothing else. Output only the answer.,"Listen to this audio clip of a single musical note. What is the note name and octave? Reply with ONLY the note name in Scientific Pitch Notation (e.g. C4, F#3, Bb5). Nothing else. Output only the answer.","Listen to this audio clip of a single musical note. What is the solfege syllable and accidental (if needed) of this pitch? Use fixed-do (do=C, re=D, mi=E, fa=F, sol=G, la=A, si=B). Include sharps or flats when needed (e.g. do#, reb, fa#, sib). Do NOT include the octave. Reply with ONLY the syllable and accidental (if needed). Nothing else. Output only the answer.","Listen to this audio clip of a single musical note. What is the main pitch frequency, expressed in Hertz? Reply with ONLY a number (the frequency in Hz). Nothing else. Output only the answer."
distortion_heavy,saturation,"{'type': 'saturation', 'drive_db': 30.0}",4048,oboe,instrument,48,63,0,0,0,0,C3,C6,0,1,0,do,sol,0,0,0,63,C6,sol,450,/home/hsnu2/PitchBench/data/audio/pitchbench_e2_audio_effects/C3_oboe_5000ms_fx_distortion_heavy.wav,C3_oboe_5000ms_fx_distortion_heavy.wav,Listen to this audio clip of a single musical note. What is the MIDI note number (an integer from 0 to 127)? Reply with ONLY the integer. Nothing else. Output only the answer.,"Listen to this audio clip of a single musical note. What is the note name and octave? Reply with ONLY the note name in Scientific Pitch Notation (e.g. C4, F#3, Bb5). Nothing else. Output only the answer.","Listen to this audio clip of a single musical note. What is the solfege syllable and accidental (if needed) of this pitch? Use fixed-do (do=C, re=D, mi=E, fa=F, sol=G, la=A, si=B). Include sharps or flats when needed (e.g. do#, reb, fa#, sib). Do NOT include the octave. Reply with ONLY the syllable and accidental (if needed). Nothing else. Output only the answer.","Listen to this audio clip of a single musical note. What is the main pitch frequency, expressed in Hertz? Reply with ONLY a number (the frequency in Hz). Nothing else. Output only the answer."
distortion_heavy,saturation,"{'type': 'saturation', 'drive_db': 30.0}",4048,trombone,instrument,48,64,0,0,0,0,C3,C6,0,1,0,do,sol,0,0,0,64,C6,sol,480,/home/hsnu2/PitchBench/data/audio/pitchbench_e2_audio_effects/C3_trombone_5000ms_fx_distortion_heavy.wav,C3_trombone_5000ms_fx_distortion_heavy.wav,Listen to this audio clip of a single musical note. What is the MIDI note number (an integer from 0 to 127)? Reply with ONLY the integer. Nothing else. Output only the answer.,"Listen to this audio clip of a single musical note. What is the note name and octave? Reply with ONLY the note name in Scientific Pitch Notation (e.g. C4, F#3, Bb5). Nothing else. Output only the answer.","Listen to this audio clip of a single musical note. What is the solfege syllable and accidental (if needed) of this pitch? Use fixed-do (do=C, re=D, mi=E, fa=F, sol=G, la=A, si=B). Include sharps or flats when needed (e.g. do#, reb, fa#, sib). Do NOT include the octave. Reply with ONLY the syllable and accidental (if needed). Nothing else. Output only the answer.","Listen to this audio clip of a single musical note. What is the main pitch frequency, expressed in Hertz? Reply with ONLY a number (the frequency in Hz). Nothing else. Output only the answer."
distortion_heavy,saturation,"{'type': 'saturation', 'drive_db': 30.0}",4048,electric_keyboard,instrument,48,64,0,0,0,0,C3,C6,0,1,0,do,fa#,0,0,0,64,C6,solb,480,/home/hsnu2/PitchBench/data/audio/pitchbench_e2_audio_effects/C3_electric_keyboard_5000ms_fx_distortion_heavy.wav,C3_electric_keyboard_5000ms_fx_distortion_heavy.wav,Listen to this audio clip of a single musical note. What is the MIDI note number (an integer from 0 to 127)? Reply with ONLY the integer. Nothing else. Output only the answer.,"Listen to this audio clip of a single musical note. What is the note name and octave? Reply with ONLY the note name in Scientific Pitch Notation (e.g. C4, F#3, Bb5). Nothing else. Output only the answer.","Listen to this audio clip of a single musical note. What is the solfege syllable and accidental (if needed) of this pitch? Use fixed-do (do=C, re=D, mi=E, fa=F, sol=G, la=A, si=B). Include sharps or flats when needed (e.g. do#, reb, fa#, sib). Do NOT include the octave. Reply with ONLY the syllable and accidental (if needed). Nothing else. Output only the answer.","Listen to this audio clip of a single musical note. What is the main pitch frequency, expressed in Hertz? Reply with ONLY a number (the frequency in Hz). Nothing else. Output only the answer."
distortion_heavy,saturation,"{'type': 'saturation', 'drive_db': 30.0}",4048,voice,instrument,48,64,0,0,0,0,C3,C6,0,1,0,do,fa#,0,0,0,64,C6,solb,415.38,/home/hsnu2/PitchBench/data/audio/pitchbench_e2_audio_effects/C3_voice_5000ms_fx_distortion_heavy.wav,C3_voice_5000ms_fx_distortion_heavy.wav,Listen to this audio clip of a single musical note. What is the MIDI note number (an integer from 0 to 127)? Reply with ONLY the integer. Nothing else. Output only the answer.,"Listen to this audio clip of a single musical note. What is the note name and octave? Reply with ONLY the note name in Scientific Pitch Notation (e.g. C4, F#3, Bb5). Nothing else. Output only the answer.","Listen to this audio clip of a single musical note. What is the solfege syllable and accidental (if needed) of this pitch? Use fixed-do (do=C, re=D, mi=E, fa=F, sol=G, la=A, si=B). Include sharps or flats when needed (e.g. do#, reb, fa#, sib). Do NOT include the octave. Reply with ONLY the syllable and accidental (if needed). Nothing else. Output only the answer.","Listen to this audio clip of a single musical note. What is the main pitch frequency, expressed in Hertz? Reply with ONLY a number (the frequency in Hz). Nothing else. Output only the answer."
distortion_heavy,saturation,"{'type': 'saturation', 'drive_db': 30.0}",4054,synth_pad,instrument,54,65,0,0,0,0,F#3,C6,0,0,0,fa#,fa#,1,0,1,65,C6,solb,1052.63,/home/hsnu2/PitchBench/data/audio/pitchbench_e2_audio_effects/Fs3_synth_pad_5000ms_fx_distortion_heavy.wav,Fs3_synth_pad_5000ms_fx_distortion_heavy.wav,Listen to this audio clip of a single musical note. What is the MIDI note number (an integer from 0 to 127)? Reply with ONLY the integer. Nothing else. Output only the answer.,"Listen to this audio clip of a single musical note. What is the note name and octave? Reply with ONLY the note name in Scientific Pitch Notation (e.g. C4, F#3, Bb5). Nothing else. Output only the answer.","Listen to this audio clip of a single musical note. What is the solfege syllable and accidental (if needed) of this pitch? Use fixed-do (do=C, re=D, mi=E, fa=F, sol=G, la=A, si=B). Include sharps or flats when needed (e.g. do#, reb, fa#, sib). Do NOT include the octave. Reply with ONLY the syllable and accidental (if needed). Nothing else. Output only the answer.","Listen to this audio clip of a single musical note. What is the main pitch frequency, expressed in Hertz? Reply with ONLY a number (the frequency in Hz). Nothing else. Output only the answer."
distortion_heavy,saturation,"{'type': 'saturation', 'drive_db': 30.0}",4054,trombone,instrument,54,65,0,0,0,0,F#3,F#4,0,1,0,fa#,sol#,0,0,0,65,F#4,sol#,450,/home/hsnu2/PitchBench/data/audio/pitchbench_e2_audio_effects/Fs3_trombone_5000ms_fx_distortion_heavy.wav,Fs3_trombone_5000ms_fx_distortion_heavy.wav,Listen to this audio clip of a single musical note. What is the MIDI note number (an integer from 0 to 127)? Reply with ONLY the integer. Nothing else. Output only the answer.,"Listen to this audio clip of a single musical note. What is the note name and octave? Reply with ONLY the note name in Scientific Pitch Notation (e.g. C4, F#3, Bb5). Nothing else. Output only the answer.","Listen to this audio clip of a single musical note. What is the solfege syllable and accidental (if needed) of this pitch? Use fixed-do (do=C, re=D, mi=E, fa=F, sol=G, la=A, si=B). Include sharps or flats when needed (e.g. do#, reb, fa#, sib). Do NOT include the octave. Reply with ONLY the syllable and accidental (if needed). Nothing else. Output only the answer.","Listen to this audio clip of a single musical note. What is the main pitch frequency, expressed in Hertz? Reply with ONLY a number (the frequency in Hz). Nothing else. Output only the answer."
distortion_heavy,saturation,"{'type': 'saturation', 'drive_db': 30.0}",4054,synth_lead,instrument,54,65,0,0,0,0,F#3,C6,0,0,0,fa#,fa#,1,0,1,65,C6,solb,1058.43,/home/hsnu2/PitchBench/data/audio/pitchbench_e2_audio_effects/Fs3_synth_lead_5000ms_fx_distortion_heavy.wav,Fs3_synth_lead_5000ms_fx_distortion_heavy.wav,Listen to this audio clip of a single musical note. What is the MIDI note number (an integer from 0 to 127)? Reply with ONLY the integer. Nothing else. Output only the answer.,"Listen to this audio clip of a single musical note. What is the note name and octave? Reply with ONLY the note name in Scientific Pitch Notation (e.g. C4, F#3, Bb5). Nothing else. Output only the answer.","Listen to this audio clip of a single musical note. What is the solfege syllable and accidental (if needed) of this pitch? Use fixed-do (do=C, re=D, mi=E, fa=F, sol=G, la=A, si=B). Include sharps or flats when needed (e.g. do#, reb, fa#, sib). Do NOT include the octave. Reply with ONLY the syllable and accidental (if needed). Nothing else. Output only the answer.","Listen to this audio clip of a single musical note. What is the main pitch frequency, expressed in Hertz? Reply with ONLY a number (the frequency in Hz). Nothing else. Output only the answer."
distortion_heavy,saturation,"{'type': 'saturation', 'drive_db': 30.0}",4054,sine,waveform,54,65,0,0,0,0,F#3,F#2,0,1,0,fa#,sol,0,0,0,65,F#2,sol,450,/home/hsnu2/PitchBench/data/audio/pitchbench_e2_audio_effects/Fs3_sine_5000ms_fx_distortion_heavy.wav,Fs3_sine_5000ms_fx_distortion_heavy.wav,Listen to this audio clip of a single musical note. What is the MIDI note number (an integer from 0 to 127)? Reply with ONLY the integer. Nothing else. Output only the answer.,"Listen to this audio clip of a single musical note. What is the note name and octave? Reply with ONLY the note name in Scientific Pitch Notation (e.g. C4, F#3, Bb5). Nothing else. Output only the answer.","Listen to this audio clip of a single musical note. What is the solfege syllable and accidental (if needed) of this pitch? Use fixed-do (do=C, re=D, mi=E, fa=F, sol=G, la=A, si=B). Include sharps or flats when needed (e.g. do#, reb, fa#, sib). Do NOT include the octave. Reply with ONLY the syllable and accidental (if needed). Nothing else. Output only the answer.","Listen to this audio clip of a single musical note. What is the main pitch frequency, expressed in Hertz? Reply with ONLY a number (the frequency in Hz). Nothing else. Output only the answer."
distortion_heavy,saturation,"{'type': 'saturation', 'drive_db': 30.0}",4054,clarinet,instrument,54,65,0,0,0,0,F#3,C6,0,0,0,fa#,sol#,0,0,0,65,C6,sol#,415.38,/home/hsnu2/PitchBench/data/audio/pitchbench_e2_audio_effects/Fs3_clarinet_5000ms_fx_distortion_heavy.wav,Fs3_clarinet_5000ms_fx_distortion_heavy.wav,Listen to this audio clip of a single musical note. What is the MIDI note number (an integer from 0 to 127)? Reply with ONLY the integer. Nothing else. Output only the answer.,"Listen to this audio clip of a single musical note. What is the note name and octave? Reply with ONLY the note name in Scientific Pitch Notation (e.g. C4, F#3, Bb5). Nothing else. Output only the answer.","Listen to this audio clip of a single musical note. What is the solfege syllable and accidental (if needed) of this pitch? Use fixed-do (do=C, re=D, mi=E, fa=F, sol=G, la=A, si=B). Include sharps or flats when needed (e.g. do#, reb, fa#, sib). Do NOT include the octave. Reply with ONLY the syllable and accidental (if needed). Nothing else. Output only the answer.","Listen to this audio clip of a single musical note. What is the main pitch frequency, expressed in Hertz? Reply with ONLY a number (the frequency in Hz). Nothing else. Output only the answer."
distortion_heavy,saturation,"{'type': 'saturation', 'drive_db': 30.0}",4060,synth_pad,instrument,60,65,0,0,0,1,C4,C6,0,1,0,do,fa#,0,0,0,65,C6,solb,480,/home/hsnu2/PitchBench/data/audio/pitchbench_e2_audio_effects/C4_synth_pad_5000ms_fx_distortion_heavy.wav,C4_synth_pad_5000ms_fx_distortion_heavy.wav,Listen to this audio clip of a single musical note. What is the MIDI note number (an integer from 0 to 127)? Reply with ONLY the integer. Nothing else. Output only the answer.,"Listen to this audio clip of a single musical note. What is the note name and octave? Reply with ONLY the note name in Scientific Pitch Notation (e.g. C4, F#3, Bb5). Nothing else. Output only the answer.","Listen to this audio clip of a single musical note. What is the solfege syllable and accidental (if needed) of this pitch? Use fixed-do (do=C, re=D, mi=E, fa=F, sol=G, la=A, si=B). Include sharps or flats when needed (e.g. do#, reb, fa#, sib). Do NOT include the octave. Reply with ONLY the syllable and accidental (if needed). Nothing else. Output only the answer.","Listen to this audio clip of a single musical note. What is the main pitch frequency, expressed in Hertz? Reply with ONLY a number (the frequency in Hz). Nothing else. Output only the answer."
distortion_heavy,saturation,"{'type': 'saturation', 'drive_db': 30.0}",4060,trombone,instrument,60,69,0,0,0,1,C4,A#6,0,0,0,do,sol,0,0,0,69,Bb6,sol,408,/home/hsnu2/PitchBench/data/audio/pitchbench_e2_audio_effects/C4_trombone_5000ms_fx_distortion_heavy.wav,C4_trombone_5000ms_fx_distortion_heavy.wav,Listen to this audio clip of a single musical note. What is the MIDI note number (an integer from 0 to 127)? Reply with ONLY the integer. Nothing else. Output only the answer.,"Listen to this audio clip of a single musical note. What is the note name and octave? Reply with ONLY the note name in Scientific Pitch Notation (e.g. C4, F#3, Bb5). Nothing else. Output only the answer.","Listen to this audio clip of a single musical note. What is the solfege syllable and accidental (if needed) of this pitch? Use fixed-do (do=C, re=D, mi=E, fa=F, sol=G, la=A, si=B). Include sharps or flats when needed (e.g. do#, reb, fa#, sib). Do NOT include the octave. Reply with ONLY the syllable and accidental (if needed). Nothing else. Output only the answer.","Listen to this audio clip of a single musical note. What is the main pitch frequency, expressed in Hertz? Reply with ONLY a number (the frequency in Hz). Nothing else. Output only the answer."
distortion_heavy,saturation,"{'type': 'saturation', 'drive_db': 30.0}",4060,triangle,waveform,60,68,0,0,0,1,C4,C6,0,1,0,do,sol,0,0,0,68,C6,sol,480,/home/hsnu2/PitchBench/data/audio/pitchbench_e2_audio_effects/C4_triangle_5000ms_fx_distortion_heavy.wav,C4_triangle_5000ms_fx_distortion_heavy.wav,Listen to this audio clip of a single musical note. What is the MIDI note number (an integer from 0 to 127)? Reply with ONLY the integer. Nothing else. Output only the answer.,"Listen to this audio clip of a single musical note. What is the note name and octave? Reply with ONLY the note name in Scientific Pitch Notation (e.g. C4, F#3, Bb5). Nothing else. Output only the answer.","Listen to this audio clip of a single musical note. What is the solfege syllable and accidental (if needed) of this pitch? Use fixed-do (do=C, re=D, mi=E, fa=F, sol=G, la=A, si=B). Include sharps or flats when needed (e.g. do#, reb, fa#, sib). Do NOT include the octave. Reply with ONLY the syllable and accidental (if needed). Nothing else. Output only the answer.","Listen to this audio clip of a single musical note. What is the main pitch frequency, expressed in Hertz? Reply with ONLY a number (the frequency in Hz). Nothing else. Output only the answer."
distortion_heavy,saturation,"{'type': 'saturation', 'drive_db': 30.0}",4060,piano,instrument,60,65,0,0,0,1,C4,C6,0,1,0,do,fa#,0,0,0,65,C6,solb,480,/home/hsnu2/PitchBench/data/audio/pitchbench_e2_audio_effects/C4_piano_5000ms_fx_distortion_heavy.wav,C4_piano_5000ms_fx_distortion_heavy.wav,Listen to this audio clip of a single musical note. What is the MIDI note number (an integer from 0 to 127)? Reply with ONLY the integer. Nothing else. Output only the answer.,"Listen to this audio clip of a single musical note. What is the note name and octave? Reply with ONLY the note name in Scientific Pitch Notation (e.g. C4, F#3, Bb5). Nothing else. Output only the answer.","Listen to this audio clip of a single musical note. What is the solfege syllable and accidental (if needed) of this pitch? Use fixed-do (do=C, re=D, mi=E, fa=F, sol=G, la=A, si=B). Include sharps or flats when needed (e.g. do#, reb, fa#, sib). Do NOT include the octave. Reply with ONLY the syllable and accidental (if needed). Nothing else. Output only the answer.","Listen to this audio clip of a single musical note. What is the main pitch frequency, expressed in Hertz? Reply with ONLY a number (the frequency in Hz). Nothing else. Output only the answer."
distortion_heavy,saturation,"{'type': 'saturation', 'drive_db': 30.0}",4060,bass,instrument,60,63,0,0,0,1,C4,C6,0,1,0,do,sol,0,0,0,63,C6,sol,493.88,/home/hsnu2/PitchBench/data/audio/pitchbench_e2_audio_effects/C4_bass_5000ms_fx_distortion_heavy.wav,C4_bass_5000ms_fx_distortion_heavy.wav,Listen to this audio clip of a single musical note. What is the MIDI note number (an integer from 0 to 127)? Reply with ONLY the integer. Nothing else. Output only the answer.,"Listen to this audio clip of a single musical note. What is the note name and octave? Reply with ONLY the note name in Scientific Pitch Notation (e.g. C4, F#3, Bb5). Nothing else. Output only the answer.","Listen to this audio clip of a single musical note. What is the solfege syllable and accidental (if needed) of this pitch? Use fixed-do (do=C, re=D, mi=E, fa=F, sol=G, la=A, si=B). Include sharps or flats when needed (e.g. do#, reb, fa#, sib). Do NOT include the octave. Reply with ONLY the syllable and accidental (if needed). Nothing else. Output only the answer.","Listen to this audio clip of a single musical note. What is the main pitch frequency, expressed in Hertz? Reply with ONLY a number (the frequency in Hz). Nothing else. Output only the answer."
distortion_heavy,saturation,"{'type': 'saturation', 'drive_db': 30.0}",4064,triangle,waveform,64,65,0,1,0,1,E4,A6,0,0,0,mi,sol,0,0,0,65,A6,sol,480,/home/hsnu2/PitchBench/data/audio/pitchbench_e2_audio_effects/E4_triangle_5000ms_fx_distortion_heavy.wav,E4_triangle_5000ms_fx_distortion_heavy.wav,Listen to this audio clip of a single musical note. What is the MIDI note number (an integer from 0 to 127)? Reply with ONLY the integer. Nothing else. Output only the answer.,"Listen to this audio clip of a single musical note. What is the note name and octave? Reply with ONLY the note name in Scientific Pitch Notation (e.g. C4, F#3, Bb5). Nothing else. Output only the answer.","Listen to this audio clip of a single musical note. What is the solfege syllable and accidental (if needed) of this pitch? Use fixed-do (do=C, re=D, mi=E, fa=F, sol=G, la=A, si=B). Include sharps or flats when needed (e.g. do#, reb, fa#, sib). Do NOT include the octave. Reply with ONLY the syllable and accidental (if needed). Nothing else. Output only the answer.","Listen to this audio clip of a single musical note. What is the main pitch frequency, expressed in Hertz? Reply with ONLY a number (the frequency in Hz). Nothing else. Output only the answer."
distortion_heavy,saturation,"{'type': 'saturation', 'drive_db': 30.0}",4064,voice,instrument,64,64,1,1,1,1,E4,C6,0,0,0,mi,sol#,0,0,1,64,C6,sol#,460,/home/hsnu2/PitchBench/data/audio/pitchbench_e2_audio_effects/E4_voice_5000ms_fx_distortion_heavy.wav,E4_voice_5000ms_fx_distortion_heavy.wav,Listen to this audio clip of a single musical note. What is the MIDI note number (an integer from 0 to 127)? Reply with ONLY the integer. Nothing else. Output only the answer.,"Listen to this audio clip of a single musical note. What is the note name and octave? Reply with ONLY the note name in Scientific Pitch Notation (e.g. C4, F#3, Bb5). Nothing else. Output only the answer.","Listen to this audio clip of a single musical note. What is the solfege syllable and accidental (if needed) of this pitch? Use fixed-do (do=C, re=D, mi=E, fa=F, sol=G, la=A, si=B). Include sharps or flats when needed (e.g. do#, reb, fa#, sib). Do NOT include the octave. Reply with ONLY the syllable and accidental (if needed). Nothing else. Output only the answer.","Listen to this audio clip of a single musical note. What is the main pitch frequency, expressed in Hertz? Reply with ONLY a number (the frequency in Hz). Nothing else. Output only the answer."
distortion_heavy,saturation,"{'type': 'saturation', 'drive_db': 30.0}",4064,piano,instrument,64,64,1,1,1,1,E4,C6,0,0,0,mi,fa#,0,0,1,64,C6,solb,480,/home/hsnu2/PitchBench/data/audio/pitchbench_e2_audio_effects/E4_piano_5000ms_fx_distortion_heavy.wav,E4_piano_5000ms_fx_distortion_heavy.wav,Listen to this audio clip of a single musical note. What is the MIDI note number (an integer from 0 to 127)? Reply with ONLY the integer. Nothing else. Output only the answer.,"Listen to this audio clip of a single musical note. What is the note name and octave? Reply with ONLY the note name in Scientific Pitch Notation (e.g. C4, F#3, Bb5). Nothing else. Output only the answer.","Listen to this audio clip of a single musical note. What is the solfege syllable and accidental (if needed) of this pitch? Use fixed-do (do=C, re=D, mi=E, fa=F, sol=G, la=A, si=B). Include sharps or flats when needed (e.g. do#, reb, fa#, sib). Do NOT include the octave. Reply with ONLY the syllable and accidental (if needed). Nothing else. Output only the answer.","Listen to this audio clip of a single musical note. What is the main pitch frequency, expressed in Hertz? Reply with ONLY a number (the frequency in Hz). Nothing else. Output only the answer."
distortion_heavy,saturation,"{'type': 'saturation', 'drive_db': 30.0}",4064,trumpet,instrument,64,69,0,0,0,1,E4,A#6,0,0,0,mi,sol,0,0,0,69,Bb6,sol,408,/home/hsnu2/PitchBench/data/audio/pitchbench_e2_audio_effects/E4_trumpet_5000ms_fx_distortion_heavy.wav,E4_trumpet_5000ms_fx_distortion_heavy.wav,Listen to this audio clip of a single musical note. What is the MIDI note number (an integer from 0 to 127)? Reply with ONLY the integer. Nothing else. Output only the answer.,"Listen to this audio clip of a single musical note. What is the note name and octave? Reply with ONLY the note name in Scientific Pitch Notation (e.g. C4, F#3, Bb5). Nothing else. Output only the answer.","Listen to this audio clip of a single musical note. What is the solfege syllable and accidental (if needed) of this pitch? Use fixed-do (do=C, re=D, mi=E, fa=F, sol=G, la=A, si=B). Include sharps or flats when needed (e.g. do#, reb, fa#, sib). Do NOT include the octave. Reply with ONLY the syllable and accidental (if needed). Nothing else. Output only the answer.","Listen to this audio clip of a single musical note. What is the main pitch frequency, expressed in Hertz? Reply with ONLY a number (the frequency in Hz). Nothing else. Output only the answer."
distortion_heavy,saturation,"{'type': 'saturation', 'drive_db': 30.0}",4064,synth_lead,instrument,64,69,0,0,0,1,E4,C6,0,0,0,mi,sol,0,0,0,69,C6,sol,480,/home/hsnu2/PitchBench/data/audio/pitchbench_e2_audio_effects/E4_synth_lead_5000ms_fx_distortion_heavy.wav,E4_synth_lead_5000ms_fx_distortion_heavy.wav,Listen to this audio clip of a single musical note. What is the MIDI note number (an integer from 0 to 127)? Reply with ONLY the integer. Nothing else. Output only the answer.,"Listen to this audio clip of a single musical note. What is the note name and octave? Reply with ONLY the note name in Scientific Pitch Notation (e.g. C4, F#3, Bb5). Nothing else. Output only the answer.","Listen to this audio clip of a single musical note. What is the solfege syllable and accidental (if needed) of this pitch? Use fixed-do (do=C, re=D, mi=E, fa=F, sol=G, la=A, si=B). Include sharps or flats when needed (e.g. do#, reb, fa#, sib). Do NOT include the octave. Reply with ONLY the syllable and accidental (if needed). Nothing else. Output only the answer.","Listen to this audio clip of a single musical note. What is the main pitch frequency, expressed in Hertz? Reply with ONLY a number (the frequency in Hz). Nothing else. Output only the answer."
distortion_heavy,saturation,"{'type': 'saturation', 'drive_db': 30.0}",4069,guitar,instrument,69,69,1,1,1,1,A4,A#4,0,0,1,la,sol,0,0,1,69,A#4,sol,493.88,/home/hsnu2/PitchBench/data/audio/pitchbench_e2_audio_effects/A4_guitar_5000ms_fx_distortion_heavy.wav,A4_guitar_5000ms_fx_distortion_heavy.wav,Listen to this audio clip of a single musical note. What is the MIDI note number (an integer from 0 to 127)? Reply with ONLY the integer. Nothing else. Output only the answer.,"Listen to this audio clip of a single musical note. What is the note name and octave? Reply with ONLY the note name in Scientific Pitch Notation (e.g. C4, F#3, Bb5). Nothing else. Output only the answer.","Listen to this audio clip of a single musical note. What is the solfege syllable and accidental (if needed) of this pitch? Use fixed-do (do=C, re=D, mi=E, fa=F, sol=G, la=A, si=B). Include sharps or flats when needed (e.g. do#, reb, fa#, sib). Do NOT include the octave. Reply with ONLY the syllable and accidental (if needed). Nothing else. Output only the answer.","Listen to this audio clip of a single musical note. What is the main pitch frequency, expressed in Hertz? Reply with ONLY a number (the frequency in Hz). Nothing else. Output only the answer."
distortion_heavy,saturation,"{'type': 'saturation', 'drive_db': 30.0}",4069,clarinet,instrument,69,69,1,1,1,1,A4,A7,0,1,0,la,sol,0,0,1,69,A7,sol,450,/home/hsnu2/PitchBench/data/audio/pitchbench_e2_audio_effects/A4_clarinet_5000ms_fx_distortion_heavy.wav,A4_clarinet_5000ms_fx_distortion_heavy.wav,Listen to this audio clip of a single musical note. What is the MIDI note number (an integer from 0 to 127)? Reply with ONLY the integer. Nothing else. Output only the answer.,"Listen to this audio clip of a single musical note. What is the note name and octave? Reply with ONLY the note name in Scientific Pitch Notation (e.g. C4, F#3, Bb5). Nothing else. Output only the answer.","Listen to this audio clip of a single musical note. What is the solfege syllable and accidental (if needed) of this pitch? Use fixed-do (do=C, re=D, mi=E, fa=F, sol=G, la=A, si=B). Include sharps or flats when needed (e.g. do#, reb, fa#, sib). Do NOT include the octave. Reply with ONLY the syllable and accidental (if needed). Nothing else. Output only the answer.","Listen to this audio clip of a single musical note. What is the main pitch frequency, expressed in Hertz? Reply with ONLY a number (the frequency in Hz). Nothing else. Output only the answer."
distortion_heavy,saturation,"{'type': 'saturation', 'drive_db': 30.0}",4069,voice,instrument,69,69,1,1,1,1,A4,A7,0,1,0,la,sol#,0,0,1,69,A7,sol#,1046.53,/home/hsnu2/PitchBench/data/audio/pitchbench_e2_audio_effects/A4_voice_5000ms_fx_distortion_heavy.wav,A4_voice_5000ms_fx_distortion_heavy.wav,Listen to this audio clip of a single musical note. What is the MIDI note number (an integer from 0 to 127)? Reply with ONLY the integer. Nothing else. Output only the answer.,"Listen to this audio clip of a single musical note. What is the note name and octave? Reply with ONLY the note name in Scientific Pitch Notation (e.g. C4, F#3, Bb5). Nothing else. Output only the answer.","Listen to this audio clip of a single musical note. What is the solfege syllable and accidental (if needed) of this pitch? Use fixed-do (do=C, re=D, mi=E, fa=F, sol=G, la=A, si=B). Include sharps or flats when needed (e.g. do#, reb, fa#, sib). Do NOT include the octave. Reply with ONLY the syllable and accidental (if needed). Nothing else. Output only the answer.","Listen to this audio clip of a single musical note. What is the main pitch frequency, expressed in Hertz? Reply with ONLY a number (the frequency in Hz). Nothing else. Output only the answer."
distortion_heavy,saturation,"{'type': 'saturation', 'drive_db': 30.0}",4069,trumpet,instrument,69,69,1,1,1,1,A4,A7,0,1,0,la,sol,0,0,1,69,A7,sol,1046.53,/home/hsnu2/PitchBench/data/audio/pitchbench_e2_audio_effects/A4_trumpet_5000ms_fx_distortion_heavy.wav,A4_trumpet_5000ms_fx_distortion_heavy.wav,Listen to this audio clip of a single musical note. What is the MIDI note number (an integer from 0 to 127)? Reply with ONLY the integer. Nothing else. Output only the answer.,"Listen to this audio clip of a single musical note. What is the note name and octave? Reply with ONLY the note name in Scientific Pitch Notation (e.g. C4, F#3, Bb5). Nothing else. Output only the answer.","Listen to this audio clip of a single musical note. What is the solfege syllable and accidental (if needed) of this pitch? Use fixed-do (do=C, re=D, mi=E, fa=F, sol=G, la=A, si=B). Include sharps or flats when needed (e.g. do#, reb, fa#, sib). Do NOT include the octave. Reply with ONLY the syllable and accidental (if needed). Nothing else. Output only the answer.","Listen to this audio clip of a single musical note. What is the main pitch frequency, expressed in Hertz? Reply with ONLY a number (the frequency in Hz). Nothing else. Output only the answer."
distortion_heavy,saturation,"{'type': 'saturation', 'drive_db': 30.0}",4069,bass,instrument,69,69,1,1,1,1,A4,A4,1,1,1,la,fa#,0,0,1,69,A4,solb,450,/home/hsnu2/PitchBench/data/audio/pitchbench_e2_audio_effects/A4_bass_5000ms_fx_distortion_heavy.wav,A4_bass_5000ms_fx_distortion_heavy.wav,Listen to this audio clip of a single musical note. What is the MIDI note number (an integer from 0 to 127)? Reply with ONLY the integer. Nothing else. Output only the answer.,"Listen to this audio clip of a single musical note. What is the note name and octave? Reply with ONLY the note name in Scientific Pitch Notation (e.g. C4, F#3, Bb5). Nothing else. Output only the answer.","Listen to this audio clip of a single musical note. What is the solfege syllable and accidental (if needed) of this pitch? Use fixed-do (do=C, re=D, mi=E, fa=F, sol=G, la=A, si=B). Include sharps or flats when needed (e.g. do#, reb, fa#, sib). Do NOT include the octave. Reply with ONLY the syllable and accidental (if needed). Nothing else. Output only the answer.","Listen to this audio clip of a single musical note. What is the main pitch frequency, expressed in Hertz? Reply with ONLY a number (the frequency in Hz). Nothing else. Output only the answer."
distortion_heavy,saturation,"{'type': 'saturation', 'drive_db': 30.0}",4079,bass,instrument,79,68,0,0,0,0,G5,C6,0,0,0,sol,sol,1,0,1,68,C6,sol,493.88,/home/hsnu2/PitchBench/data/audio/pitchbench_e2_audio_effects/G5_bass_5000ms_fx_distortion_heavy.wav,G5_bass_5000ms_fx_distortion_heavy.wav,Listen to this audio clip of a single musical note. What is the MIDI note number (an integer from 0 to 127)? Reply with ONLY the integer. Nothing else. Output only the answer.,"Listen to this audio clip of a single musical note. What is the note name and octave? Reply with ONLY the note name in Scientific Pitch Notation (e.g. C4, F#3, Bb5). Nothing else. Output only the answer.","Listen to this audio clip of a single musical note. What is the solfege syllable and accidental (if needed) of this pitch? Use fixed-do (do=C, re=D, mi=E, fa=F, sol=G, la=A, si=B). Include sharps or flats when needed (e.g. do#, reb, fa#, sib). Do NOT include the octave. Reply with ONLY the syllable and accidental (if needed). Nothing else. Output only the answer.","Listen to this audio clip of a single musical note. What is the main pitch frequency, expressed in Hertz? Reply with ONLY a number (the frequency in Hz). Nothing else. Output only the answer."
distortion_heavy,saturation,"{'type': 'saturation', 'drive_db': 30.0}",4079,trumpet,instrument,79,69,0,0,0,0,G5,A7,0,0,0,sol,sol,1,0,1,69,A7,sol,1034.56,/home/hsnu2/PitchBench/data/audio/pitchbench_e2_audio_effects/G5_trumpet_5000ms_fx_distortion_heavy.wav,G5_trumpet_5000ms_fx_distortion_heavy.wav,Listen to this audio clip of a single musical note. What is the MIDI note number (an integer from 0 to 127)? Reply with ONLY the integer. Nothing else. Output only the answer.,"Listen to this audio clip of a single musical note. What is the note name and octave? Reply with ONLY the note name in Scientific Pitch Notation (e.g. C4, F#3, Bb5). Nothing else. Output only the answer.","Listen to this audio clip of a single musical note. What is the solfege syllable and accidental (if needed) of this pitch? Use fixed-do (do=C, re=D, mi=E, fa=F, sol=G, la=A, si=B). Include sharps or flats when needed (e.g. do#, reb, fa#, sib). Do NOT include the octave. Reply with ONLY the syllable and accidental (if needed). Nothing else. Output only the answer.","Listen to this audio clip of a single musical note. What is the main pitch frequency, expressed in Hertz? Reply with ONLY a number (the frequency in Hz). Nothing else. Output only the answer."
distortion_heavy,saturation,"{'type': 'saturation', 'drive_db': 30.0}",4079,sawtooth,waveform,79,69,0,0,0,0,G5,A6,0,0,0,sol,sol,1,0,1,69,A6,sol,1058.37,/home/hsnu2/PitchBench/data/audio/pitchbench_e2_audio_effects/G5_sawtooth_5000ms_fx_distortion_heavy.wav,G5_sawtooth_5000ms_fx_distortion_heavy.wav,Listen to this audio clip of a single musical note. What is the MIDI note number (an integer from 0 to 127)? Reply with ONLY the integer. Nothing else. Output only the answer.,"Listen to this audio clip of a single musical note. What is the note name and octave? Reply with ONLY the note name in Scientific Pitch Notation (e.g. C4, F#3, Bb5). Nothing else. Output only the answer.","Listen to this audio clip of a single musical note. What is the solfege syllable and accidental (if needed) of this pitch? Use fixed-do (do=C, re=D, mi=E, fa=F, sol=G, la=A, si=B). Include sharps or flats when needed (e.g. do#, reb, fa#, sib). Do NOT include the octave. Reply with ONLY the syllable and accidental (if needed). Nothing else. Output only the answer.","Listen to this audio clip of a single musical note. What is the main pitch frequency, expressed in Hertz? Reply with ONLY a number (the frequency in Hz). Nothing else. Output only the answer."
distortion_heavy,saturation,"{'type': 'saturation', 'drive_db': 30.0}",4079,square,waveform,79,69,0,0,0,0,G5,A7,0,0,0,sol,sol#,0,0,0,69,A7,sol#,1860,/home/hsnu2/PitchBench/data/audio/pitchbench_e2_audio_effects/G5_square_5000ms_fx_distortion_heavy.wav,G5_square_5000ms_fx_distortion_heavy.wav,Listen to this audio clip of a single musical note. What is the MIDI note number (an integer from 0 to 127)? Reply with ONLY the integer. Nothing else. Output only the answer.,"Listen to this audio clip of a single musical note. What is the note name and octave? Reply with ONLY the note name in Scientific Pitch Notation (e.g. C4, F#3, Bb5). Nothing else. Output only the answer.","Listen to this audio clip of a single musical note. What is the solfege syllable and accidental (if needed) of this pitch? Use fixed-do (do=C, re=D, mi=E, fa=F, sol=G, la=A, si=B). Include sharps or flats when needed (e.g. do#, reb, fa#, sib). Do NOT include the octave. Reply with ONLY the syllable and accidental (if needed). Nothing else. Output only the answer.","Listen to this audio clip of a single musical note. What is the main pitch frequency, expressed in Hertz? Reply with ONLY a number (the frequency in Hz). Nothing else. Output only the answer."
distortion_heavy,saturation,"{'type': 'saturation', 'drive_db': 30.0}",4079,clarinet,instrument,79,69,0,0,0,0,G5,A7,0,0,0,sol,sol#,0,0,0,69,A7,sol#,810,/home/hsnu2/PitchBench/data/audio/pitchbench_e2_audio_effects/G5_clarinet_5000ms_fx_distortion_heavy.wav,G5_clarinet_5000ms_fx_distortion_heavy.wav,Listen to this audio clip of a single musical note. What is the MIDI note number (an integer from 0 to 127)? Reply with ONLY the integer. Nothing else. Output only the answer.,"Listen to this audio clip of a single musical note. What is the note name and octave? Reply with ONLY the note name in Scientific Pitch Notation (e.g. C4, F#3, Bb5). Nothing else. Output only the answer.","Listen to this audio clip of a single musical note. What is the solfege syllable and accidental (if needed) of this pitch? Use fixed-do (do=C, re=D, mi=E, fa=F, sol=G, la=A, si=B). Include sharps or flats when needed (e.g. do#, reb, fa#, sib). Do NOT include the octave. Reply with ONLY the syllable and accidental (if needed). Nothing else. Output only the answer.","Listen to this audio clip of a single musical note. What is the main pitch frequency, expressed in Hertz? Reply with ONLY a number (the frequency in Hz). Nothing else. Output only the answer."
distortion_heavy,saturation,"{'type': 'saturation', 'drive_db': 30.0}",4088,cello,instrument,88,83,0,0,0,0,E6,F#6,0,0,1,mi,fa#,0,0,0,83,F#6,solb,1046.57,/home/hsnu2/PitchBench/data/audio/pitchbench_e2_audio_effects/E6_cello_5000ms_fx_distortion_heavy.wav,E6_cello_5000ms_fx_distortion_heavy.wav,Listen to this audio clip of a single musical note. What is the MIDI note number (an integer from 0 to 127)? Reply with ONLY the integer. Nothing else. Output only the answer.,"Listen to this audio clip of a single musical note. What is the note name and octave? Reply with ONLY the note name in Scientific Pitch Notation (e.g. C4, F#3, Bb5). Nothing else. Output only the answer.","Listen to this audio clip of a single musical note. What is the solfege syllable and accidental (if needed) of this pitch? Use fixed-do (do=C, re=D, mi=E, fa=F, sol=G, la=A, si=B). Include sharps or flats when needed (e.g. do#, reb, fa#, sib). Do NOT include the octave. Reply with ONLY the syllable and accidental (if needed). Nothing else. Output only the answer.","Listen to this audio clip of a single musical note. What is the main pitch frequency, expressed in Hertz? Reply with ONLY a number (the frequency in Hz). Nothing else. Output only the answer."
distortion_heavy,saturation,"{'type': 'saturation', 'drive_db': 30.0}",4088,trumpet,instrument,88,83,0,0,0,0,E6,A#6,0,0,1,mi,sol#,0,0,0,83,Bb6,sol#,1046.57,/home/hsnu2/PitchBench/data/audio/pitchbench_e2_audio_effects/E6_trumpet_5000ms_fx_distortion_heavy.wav,E6_trumpet_5000ms_fx_distortion_heavy.wav,Listen to this audio clip of a single musical note. What is the MIDI note number (an integer from 0 to 127)? Reply with ONLY the integer. Nothing else. Output only the answer.,"Listen to this audio clip of a single musical note. What is the note name and octave? Reply with ONLY the note name in Scientific Pitch Notation (e.g. C4, F#3, Bb5). Nothing else. Output only the answer.","Listen to this audio clip of a single musical note. What is the solfege syllable and accidental (if needed) of this pitch? Use fixed-do (do=C, re=D, mi=E, fa=F, sol=G, la=A, si=B). Include sharps or flats when needed (e.g. do#, reb, fa#, sib). Do NOT include the octave. Reply with ONLY the syllable and accidental (if needed). Nothing else. Output only the answer.","Listen to this audio clip of a single musical note. What is the main pitch frequency, expressed in Hertz? Reply with ONLY a number (the frequency in Hz). Nothing else. Output only the answer."
distortion_heavy,saturation,"{'type': 'saturation', 'drive_db': 30.0}",4088,sawtooth,waveform,88,65,0,0,0,0,E6,F#6,0,0,1,mi,sol#,0,0,0,65,F#6,sol#,1046.53,/home/hsnu2/PitchBench/data/audio/pitchbench_e2_audio_effects/E6_sawtooth_5000ms_fx_distortion_heavy.wav,E6_sawtooth_5000ms_fx_distortion_heavy.wav,Listen to this audio clip of a single musical note. What is the MIDI note number (an integer from 0 to 127)? Reply with ONLY the integer. Nothing else. Output only the answer.,"Listen to this audio clip of a single musical note. What is the note name and octave? Reply with ONLY the note name in Scientific Pitch Notation (e.g. C4, F#3, Bb5). Nothing else. Output only the answer.","Listen to this audio clip of a single musical note. What is the solfege syllable and accidental (if needed) of this pitch? Use fixed-do (do=C, re=D, mi=E, fa=F, sol=G, la=A, si=B). Include sharps or flats when needed (e.g. do#, reb, fa#, sib). Do NOT include the octave. Reply with ONLY the syllable and accidental (if needed). Nothing else. Output only the answer.","Listen to this audio clip of a single musical note. What is the main pitch frequency, expressed in Hertz? Reply with ONLY a number (the frequency in Hz). Nothing else. Output only the answer."
distortion_heavy,saturation,"{'type': 'saturation', 'drive_db': 30.0}",4088,sine,waveform,88,68,0,0,0,0,E6,C6,0,0,1,mi,sol,0,0,0,68,C6,sol,1050,/home/hsnu2/PitchBench/data/audio/pitchbench_e2_audio_effects/E6_sine_5000ms_fx_distortion_heavy.wav,E6_sine_5000ms_fx_distortion_heavy.wav,Listen to this audio clip of a single musical note. What is the MIDI note number (an integer from 0 to 127)? Reply with ONLY the integer. Nothing else. Output only the answer.,"Listen to this audio clip of a single musical note. What is the note name and octave? Reply with ONLY the note name in Scientific Pitch Notation (e.g. C4, F#3, Bb5). Nothing else. Output only the answer.","Listen to this audio clip of a single musical note. What is the solfege syllable and accidental (if needed) of this pitch? Use fixed-do (do=C, re=D, mi=E, fa=F, sol=G, la=A, si=B). Include sharps or flats when needed (e.g. do#, reb, fa#, sib). Do NOT include the octave. Reply with ONLY the syllable and accidental (if needed). Nothing else. Output only the answer.","Listen to this audio clip of a single musical note. What is the main pitch frequency, expressed in Hertz? Reply with ONLY a number (the frequency in Hz). Nothing else. Output only the answer."
distortion_heavy,saturation,"{'type': 'saturation', 'drive_db': 30.0}",4088,electric_keyboard,instrument,88,88,1,1,1,1,E6,C6,0,0,1,mi,sol,0,0,1,88,C6,sol,830.41,/home/hsnu2/PitchBench/data/audio/pitchbench_e2_audio_effects/E6_electric_keyboard_5000ms_fx_distortion_heavy.wav,E6_electric_keyboard_5000ms_fx_distortion_heavy.wav,Listen to this audio clip of a single musical note. What is the MIDI note number (an integer from 0 to 127)? Reply with ONLY the integer. Nothing else. Output only the answer.,"Listen to this audio clip of a single musical note. What is the note name and octave? Reply with ONLY the note name in Scientific Pitch Notation (e.g. C4, F#3, Bb5). Nothing else. Output only the answer.","Listen to this audio clip of a single musical note. What is the solfege syllable and accidental (if needed) of this pitch? Use fixed-do (do=C, re=D, mi=E, fa=F, sol=G, la=A, si=B). Include sharps or flats when needed (e.g. do#, reb, fa#, sib). Do NOT include the octave. Reply with ONLY the syllable and accidental (if needed). Nothing else. Output only the answer.","Listen to this audio clip of a single musical note. What is the main pitch frequency, expressed in Hertz? Reply with ONLY a number (the frequency in Hz). Nothing else. Output only the answer."
