condition,mode,speed_factor,original_midi,original_note,source,source_type,midi_gt,midi_pred,midi_correct,midi_within_1,midi_pc_correct,midi_octave_correct,spn_gt,spn_pred,spn_correct,spn_pc_correct,spn_octave_correct,doremi_gt,doremi_pred,doremi_correct,hz_correct,any_correct,raw_midi,raw_spn,raw_doremi,raw_hz,audio_url,audio_file,prompt_midi,prompt_spn,prompt_doremi,prompt_hz
resample_0.5x,resample,0.5,36,C2,sine,waveform,48,52,0,0,0,1,C3,F4,0,0,0,do,sol,0,0,0,52,F4,sol,440,data/analysis_audio/pitchbench_e4_time_stretching/C2_sine_3000ms_resample_0p50x.wav,C2_sine_3000ms_resample_0p50x.wav,Listen to this audio clip of a single musical note. The recording may have been sped up or slowed down. Identify the PITCH of the note as it sounds in the audio. What is the MIDI note number (an integer from 0 to 127)? Reply with ONLY the integer. Nothing else. Output only the answer.,"Listen to this audio clip of a single musical note. The recording may have been sped up or slowed down. Identify the PITCH of the note as it sounds in the audio. What is the note name and octave? Reply with ONLY the note name in Scientific Pitch Notation (e.g. C4, F#3, Bb5). Nothing else. Output only the answer.","Listen to this audio clip of a single musical note. The recording may have been sped up or slowed down. Identify the PITCH of the note as it sounds in the audio. What is the solfege syllable and accidental (if needed) of this pitch? Use fixed-do (do=C, re=D, mi=E, fa=F, sol=G, la=A, si=B). Include sharps or flats when needed (e.g. do#, reb, fa#, sib). Do NOT include the octave. Reply with ONLY the syllable and accidental (if needed). Nothing else. Output only the answer.","Listen to this audio clip of a single musical note. The recording may have been sped up or slowed down. Identify the PITCH of the note as it sounds in the audio. What is the main pitch frequency, expressed in Hertz? Reply with ONLY a number (the frequency in Hz). Nothing else. Output only the answer."
resample_0.5x,resample,0.5,43,G2,sine,waveform,55,68,0,0,0,0,G3,F4,0,0,0,sol,sol,1,0,0,68,F4,sol,440,data/analysis_audio/pitchbench_e4_time_stretching/G2_sine_3000ms_resample_0p50x.wav,G2_sine_3000ms_resample_0p50x.wav,Listen to this audio clip of a single musical note. The recording may have been sped up or slowed down. Identify the PITCH of the note as it sounds in the audio. What is the MIDI note number (an integer from 0 to 127)? Reply with ONLY the integer. Nothing else. Output only the answer.,"Listen to this audio clip of a single musical note. The recording may have been sped up or slowed down. Identify the PITCH of the note as it sounds in the audio. What is the note name and octave? Reply with ONLY the note name in Scientific Pitch Notation (e.g. C4, F#3, Bb5). Nothing else. Output only the answer.","Listen to this audio clip of a single musical note. The recording may have been sped up or slowed down. Identify the PITCH of the note as it sounds in the audio. What is the solfege syllable and accidental (if needed) of this pitch? Use fixed-do (do=C, re=D, mi=E, fa=F, sol=G, la=A, si=B). Include sharps or flats when needed (e.g. do#, reb, fa#, sib). Do NOT include the octave. Reply with ONLY the syllable and accidental (if needed). Nothing else. Output only the answer.","Listen to this audio clip of a single musical note. The recording may have been sped up or slowed down. Identify the PITCH of the note as it sounds in the audio. What is the main pitch frequency, expressed in Hertz? Reply with ONLY a number (the frequency in Hz). Nothing else. Output only the answer."
resample_0.5x,resample,0.5,48,C3,sine,waveform,60,70,0,0,0,1,C4,C4,1,1,1,do,sol,0,0,1,70,C4,sol,440,data/analysis_audio/pitchbench_e4_time_stretching/C3_sine_3000ms_resample_0p50x.wav,C3_sine_3000ms_resample_0p50x.wav,Listen to this audio clip of a single musical note. The recording may have been sped up or slowed down. Identify the PITCH of the note as it sounds in the audio. What is the MIDI note number (an integer from 0 to 127)? Reply with ONLY the integer. Nothing else. Output only the answer.,"Listen to this audio clip of a single musical note. The recording may have been sped up or slowed down. Identify the PITCH of the note as it sounds in the audio. What is the note name and octave? Reply with ONLY the note name in Scientific Pitch Notation (e.g. C4, F#3, Bb5). Nothing else. Output only the answer.","Listen to this audio clip of a single musical note. The recording may have been sped up or slowed down. Identify the PITCH of the note as it sounds in the audio. What is the solfege syllable and accidental (if needed) of this pitch? Use fixed-do (do=C, re=D, mi=E, fa=F, sol=G, la=A, si=B). Include sharps or flats when needed (e.g. do#, reb, fa#, sib). Do NOT include the octave. Reply with ONLY the syllable and accidental (if needed). Nothing else. Output only the answer.","Listen to this audio clip of a single musical note. The recording may have been sped up or slowed down. Identify the PITCH of the note as it sounds in the audio. What is the main pitch frequency, expressed in Hertz? Reply with ONLY a number (the frequency in Hz). Nothing else. Output only the answer."
resample_0.5x,resample,0.5,54,F#3,sine,waveform,66,69,0,0,0,1,F#4,A4,0,0,1,fa#,sol,0,0,0,69,A4,sol,440,data/analysis_audio/pitchbench_e4_time_stretching/Fs3_sine_3000ms_resample_0p50x.wav,Fs3_sine_3000ms_resample_0p50x.wav,Listen to this audio clip of a single musical note. The recording may have been sped up or slowed down. Identify the PITCH of the note as it sounds in the audio. What is the MIDI note number (an integer from 0 to 127)? Reply with ONLY the integer. Nothing else. Output only the answer.,"Listen to this audio clip of a single musical note. The recording may have been sped up or slowed down. Identify the PITCH of the note as it sounds in the audio. What is the note name and octave? Reply with ONLY the note name in Scientific Pitch Notation (e.g. C4, F#3, Bb5). Nothing else. Output only the answer.","Listen to this audio clip of a single musical note. The recording may have been sped up or slowed down. Identify the PITCH of the note as it sounds in the audio. What is the solfege syllable and accidental (if needed) of this pitch? Use fixed-do (do=C, re=D, mi=E, fa=F, sol=G, la=A, si=B). Include sharps or flats when needed (e.g. do#, reb, fa#, sib). Do NOT include the octave. Reply with ONLY the syllable and accidental (if needed). Nothing else. Output only the answer.","Listen to this audio clip of a single musical note. The recording may have been sped up or slowed down. Identify the PITCH of the note as it sounds in the audio. What is the main pitch frequency, expressed in Hertz? Reply with ONLY a number (the frequency in Hz). Nothing else. Output only the answer."
resample_0.5x,resample,0.5,58,A#3,sine,waveform,70,69,0,1,0,1,A#4,A4,0,0,1,la#,mi,0,0,0,69,A4,mi,440,data/analysis_audio/pitchbench_e4_time_stretching/As3_sine_3000ms_resample_0p50x.wav,As3_sine_3000ms_resample_0p50x.wav,Listen to this audio clip of a single musical note. The recording may have been sped up or slowed down. Identify the PITCH of the note as it sounds in the audio. What is the MIDI note number (an integer from 0 to 127)? Reply with ONLY the integer. Nothing else. Output only the answer.,"Listen to this audio clip of a single musical note. The recording may have been sped up or slowed down. Identify the PITCH of the note as it sounds in the audio. What is the note name and octave? Reply with ONLY the note name in Scientific Pitch Notation (e.g. C4, F#3, Bb5). Nothing else. Output only the answer.","Listen to this audio clip of a single musical note. The recording may have been sped up or slowed down. Identify the PITCH of the note as it sounds in the audio. What is the solfege syllable and accidental (if needed) of this pitch? Use fixed-do (do=C, re=D, mi=E, fa=F, sol=G, la=A, si=B). Include sharps or flats when needed (e.g. do#, reb, fa#, sib). Do NOT include the octave. Reply with ONLY the syllable and accidental (if needed). Nothing else. Output only the answer.","Listen to this audio clip of a single musical note. The recording may have been sped up or slowed down. Identify the PITCH of the note as it sounds in the audio. What is the main pitch frequency, expressed in Hertz? Reply with ONLY a number (the frequency in Hz). Nothing else. Output only the answer."
resample_0.5x,resample,0.5,60,C4,sine,waveform,72,69,0,0,0,0,C5,G4,0,0,0,do,sol,0,0,0,69,G4,sol,440,data/analysis_audio/pitchbench_e4_time_stretching/C4_sine_3000ms_resample_0p50x.wav,C4_sine_3000ms_resample_0p50x.wav,Listen to this audio clip of a single musical note. The recording may have been sped up or slowed down. Identify the PITCH of the note as it sounds in the audio. What is the MIDI note number (an integer from 0 to 127)? Reply with ONLY the integer. Nothing else. Output only the answer.,"Listen to this audio clip of a single musical note. The recording may have been sped up or slowed down. Identify the PITCH of the note as it sounds in the audio. What is the note name and octave? Reply with ONLY the note name in Scientific Pitch Notation (e.g. C4, F#3, Bb5). Nothing else. Output only the answer.","Listen to this audio clip of a single musical note. The recording may have been sped up or slowed down. Identify the PITCH of the note as it sounds in the audio. What is the solfege syllable and accidental (if needed) of this pitch? Use fixed-do (do=C, re=D, mi=E, fa=F, sol=G, la=A, si=B). Include sharps or flats when needed (e.g. do#, reb, fa#, sib). Do NOT include the octave. Reply with ONLY the syllable and accidental (if needed). Nothing else. Output only the answer.","Listen to this audio clip of a single musical note. The recording may have been sped up or slowed down. Identify the PITCH of the note as it sounds in the audio. What is the main pitch frequency, expressed in Hertz? Reply with ONLY a number (the frequency in Hz). Nothing else. Output only the answer."
resample_0.5x,resample,0.5,64,E4,sine,waveform,76,69,0,0,0,0,E5,E4,0,1,0,mi,sol,0,0,0,69,E4,sol,440,data/analysis_audio/pitchbench_e4_time_stretching/E4_sine_3000ms_resample_0p50x.wav,E4_sine_3000ms_resample_0p50x.wav,Listen to this audio clip of a single musical note. The recording may have been sped up or slowed down. Identify the PITCH of the note as it sounds in the audio. What is the MIDI note number (an integer from 0 to 127)? Reply with ONLY the integer. Nothing else. Output only the answer.,"Listen to this audio clip of a single musical note. The recording may have been sped up or slowed down. Identify the PITCH of the note as it sounds in the audio. What is the note name and octave? Reply with ONLY the note name in Scientific Pitch Notation (e.g. C4, F#3, Bb5). Nothing else. Output only the answer.","Listen to this audio clip of a single musical note. The recording may have been sped up or slowed down. Identify the PITCH of the note as it sounds in the audio. What is the solfege syllable and accidental (if needed) of this pitch? Use fixed-do (do=C, re=D, mi=E, fa=F, sol=G, la=A, si=B). Include sharps or flats when needed (e.g. do#, reb, fa#, sib). Do NOT include the octave. Reply with ONLY the syllable and accidental (if needed). Nothing else. Output only the answer.","Listen to this audio clip of a single musical note. The recording may have been sped up or slowed down. Identify the PITCH of the note as it sounds in the audio. What is the main pitch frequency, expressed in Hertz? Reply with ONLY a number (the frequency in Hz). Nothing else. Output only the answer."
resample_0.5x,resample,0.5,67,G4,sine,waveform,79,69,0,0,0,0,G5,E4,0,0,0,sol,sol,1,0,0,69,E4,sol,440,data/analysis_audio/pitchbench_e4_time_stretching/G4_sine_3000ms_resample_0p50x.wav,G4_sine_3000ms_resample_0p50x.wav,Listen to this audio clip of a single musical note. The recording may have been sped up or slowed down. Identify the PITCH of the note as it sounds in the audio. What is the MIDI note number (an integer from 0 to 127)? Reply with ONLY the integer. Nothing else. Output only the answer.,"Listen to this audio clip of a single musical note. The recording may have been sped up or slowed down. Identify the PITCH of the note as it sounds in the audio. What is the note name and octave? Reply with ONLY the note name in Scientific Pitch Notation (e.g. C4, F#3, Bb5). Nothing else. Output only the answer.","Listen to this audio clip of a single musical note. The recording may have been sped up or slowed down. Identify the PITCH of the note as it sounds in the audio. What is the solfege syllable and accidental (if needed) of this pitch? Use fixed-do (do=C, re=D, mi=E, fa=F, sol=G, la=A, si=B). Include sharps or flats when needed (e.g. do#, reb, fa#, sib). Do NOT include the octave. Reply with ONLY the syllable and accidental (if needed). Nothing else. Output only the answer.","Listen to this audio clip of a single musical note. The recording may have been sped up or slowed down. Identify the PITCH of the note as it sounds in the audio. What is the main pitch frequency, expressed in Hertz? Reply with ONLY a number (the frequency in Hz). Nothing else. Output only the answer."
resample_0.5x,resample,0.5,69,A4,sine,waveform,81,,0,0,0,0,A5,G4,0,0,0,la,sol,0,0,0,"I’m sorry, but I can’t determine the pitch of the note from the audio.",G4,sol,"I’m sorry, but I can’t determine the pitch frequency just by listening.",data/analysis_audio/pitchbench_e4_time_stretching/A4_sine_3000ms_resample_0p50x.wav,A4_sine_3000ms_resample_0p50x.wav,Listen to this audio clip of a single musical note. The recording may have been sped up or slowed down. Identify the PITCH of the note as it sounds in the audio. What is the MIDI note number (an integer from 0 to 127)? Reply with ONLY the integer. Nothing else. Output only the answer.,"Listen to this audio clip of a single musical note. The recording may have been sped up or slowed down. Identify the PITCH of the note as it sounds in the audio. What is the note name and octave? Reply with ONLY the note name in Scientific Pitch Notation (e.g. C4, F#3, Bb5). Nothing else. Output only the answer.","Listen to this audio clip of a single musical note. The recording may have been sped up or slowed down. Identify the PITCH of the note as it sounds in the audio. What is the solfege syllable and accidental (if needed) of this pitch? Use fixed-do (do=C, re=D, mi=E, fa=F, sol=G, la=A, si=B). Include sharps or flats when needed (e.g. do#, reb, fa#, sib). Do NOT include the octave. Reply with ONLY the syllable and accidental (if needed). Nothing else. Output only the answer.","Listen to this audio clip of a single musical note. The recording may have been sped up or slowed down. Identify the PITCH of the note as it sounds in the audio. What is the main pitch frequency, expressed in Hertz? Reply with ONLY a number (the frequency in Hz). Nothing else. Output only the answer."
resample_0.5x,resample,0.5,72,C5,sine,waveform,84,69,0,0,0,0,C6,E4,0,0,0,do,sol,0,0,0,69,E4,sol,"I’m sorry, but I can’t determine the pitch frequency from the audio.",data/analysis_audio/pitchbench_e4_time_stretching/C5_sine_3000ms_resample_0p50x.wav,C5_sine_3000ms_resample_0p50x.wav,Listen to this audio clip of a single musical note. The recording may have been sped up or slowed down. Identify the PITCH of the note as it sounds in the audio. What is the MIDI note number (an integer from 0 to 127)? Reply with ONLY the integer. Nothing else. Output only the answer.,"Listen to this audio clip of a single musical note. The recording may have been sped up or slowed down. Identify the PITCH of the note as it sounds in the audio. What is the note name and octave? Reply with ONLY the note name in Scientific Pitch Notation (e.g. C4, F#3, Bb5). Nothing else. Output only the answer.","Listen to this audio clip of a single musical note. The recording may have been sped up or slowed down. Identify the PITCH of the note as it sounds in the audio. What is the solfege syllable and accidental (if needed) of this pitch? Use fixed-do (do=C, re=D, mi=E, fa=F, sol=G, la=A, si=B). Include sharps or flats when needed (e.g. do#, reb, fa#, sib). Do NOT include the octave. Reply with ONLY the syllable and accidental (if needed). Nothing else. Output only the answer.","Listen to this audio clip of a single musical note. The recording may have been sped up or slowed down. Identify the PITCH of the note as it sounds in the audio. What is the main pitch frequency, expressed in Hertz? Reply with ONLY a number (the frequency in Hz). Nothing else. Output only the answer."
resample_0.5x,resample,0.5,77,F5,sine,waveform,89,72,0,0,0,0,F6,G4,0,0,0,fa,sol,0,0,0,72,G4,sol,440,data/analysis_audio/pitchbench_e4_time_stretching/F5_sine_3000ms_resample_0p50x.wav,F5_sine_3000ms_resample_0p50x.wav,Listen to this audio clip of a single musical note. The recording may have been sped up or slowed down. Identify the PITCH of the note as it sounds in the audio. What is the MIDI note number (an integer from 0 to 127)? Reply with ONLY the integer. Nothing else. Output only the answer.,"Listen to this audio clip of a single musical note. The recording may have been sped up or slowed down. Identify the PITCH of the note as it sounds in the audio. What is the note name and octave? Reply with ONLY the note name in Scientific Pitch Notation (e.g. C4, F#3, Bb5). Nothing else. Output only the answer.","Listen to this audio clip of a single musical note. The recording may have been sped up or slowed down. Identify the PITCH of the note as it sounds in the audio. What is the solfege syllable and accidental (if needed) of this pitch? Use fixed-do (do=C, re=D, mi=E, fa=F, sol=G, la=A, si=B). Include sharps or flats when needed (e.g. do#, reb, fa#, sib). Do NOT include the octave. Reply with ONLY the syllable and accidental (if needed). Nothing else. Output only the answer.","Listen to this audio clip of a single musical note. The recording may have been sped up or slowed down. Identify the PITCH of the note as it sounds in the audio. What is the main pitch frequency, expressed in Hertz? Reply with ONLY a number (the frequency in Hz). Nothing else. Output only the answer."
resample_0.5x,resample,0.5,84,C6,sine,waveform,96,68,0,0,0,0,C7,,0,0,0,do,mi,0,0,0,68,"I'm sorry, but I can't identify the pitch of the note just by listening.",mi,440,data/analysis_audio/pitchbench_e4_time_stretching/C6_sine_3000ms_resample_0p50x.wav,C6_sine_3000ms_resample_0p50x.wav,Listen to this audio clip of a single musical note. The recording may have been sped up or slowed down. Identify the PITCH of the note as it sounds in the audio. What is the MIDI note number (an integer from 0 to 127)? Reply with ONLY the integer. Nothing else. Output only the answer.,"Listen to this audio clip of a single musical note. The recording may have been sped up or slowed down. Identify the PITCH of the note as it sounds in the audio. What is the note name and octave? Reply with ONLY the note name in Scientific Pitch Notation (e.g. C4, F#3, Bb5). Nothing else. Output only the answer.","Listen to this audio clip of a single musical note. The recording may have been sped up or slowed down. Identify the PITCH of the note as it sounds in the audio. What is the solfege syllable and accidental (if needed) of this pitch? Use fixed-do (do=C, re=D, mi=E, fa=F, sol=G, la=A, si=B). Include sharps or flats when needed (e.g. do#, reb, fa#, sib). Do NOT include the octave. Reply with ONLY the syllable and accidental (if needed). Nothing else. Output only the answer.","Listen to this audio clip of a single musical note. The recording may have been sped up or slowed down. Identify the PITCH of the note as it sounds in the audio. What is the main pitch frequency, expressed in Hertz? Reply with ONLY a number (the frequency in Hz). Nothing else. Output only the answer."
resample_2x,resample,2.0,36,C2,sine,waveform,24,52,0,0,0,0,C1,F4,0,0,0,do,fa,0,0,0,52,F4,fa,"I’m sorry, but I can’t determine the pitch frequency from the audio.",data/analysis_audio/pitchbench_e4_time_stretching/C2_sine_3000ms_resample_2p00x.wav,C2_sine_3000ms_resample_2p00x.wav,Listen to this audio clip of a single musical note. The recording may have been sped up or slowed down. Identify the PITCH of the note as it sounds in the audio. What is the MIDI note number (an integer from 0 to 127)? Reply with ONLY the integer. Nothing else. Output only the answer.,"Listen to this audio clip of a single musical note. The recording may have been sped up or slowed down. Identify the PITCH of the note as it sounds in the audio. What is the note name and octave? Reply with ONLY the note name in Scientific Pitch Notation (e.g. C4, F#3, Bb5). Nothing else. Output only the answer.","Listen to this audio clip of a single musical note. The recording may have been sped up or slowed down. Identify the PITCH of the note as it sounds in the audio. What is the solfege syllable and accidental (if needed) of this pitch? Use fixed-do (do=C, re=D, mi=E, fa=F, sol=G, la=A, si=B). Include sharps or flats when needed (e.g. do#, reb, fa#, sib). Do NOT include the octave. Reply with ONLY the syllable and accidental (if needed). Nothing else. Output only the answer.","Listen to this audio clip of a single musical note. The recording may have been sped up or slowed down. Identify the PITCH of the note as it sounds in the audio. What is the main pitch frequency, expressed in Hertz? Reply with ONLY a number (the frequency in Hz). Nothing else. Output only the answer."
resample_2x,resample,2.0,43,G2,sine,waveform,31,69,0,0,0,0,G1,C4,0,0,0,sol,sol,1,0,0,69,C4,sol,440,data/analysis_audio/pitchbench_e4_time_stretching/G2_sine_3000ms_resample_2p00x.wav,G2_sine_3000ms_resample_2p00x.wav,Listen to this audio clip of a single musical note. The recording may have been sped up or slowed down. Identify the PITCH of the note as it sounds in the audio. What is the MIDI note number (an integer from 0 to 127)? Reply with ONLY the integer. Nothing else. Output only the answer.,"Listen to this audio clip of a single musical note. The recording may have been sped up or slowed down. Identify the PITCH of the note as it sounds in the audio. What is the note name and octave? Reply with ONLY the note name in Scientific Pitch Notation (e.g. C4, F#3, Bb5). Nothing else. Output only the answer.","Listen to this audio clip of a single musical note. The recording may have been sped up or slowed down. Identify the PITCH of the note as it sounds in the audio. What is the solfege syllable and accidental (if needed) of this pitch? Use fixed-do (do=C, re=D, mi=E, fa=F, sol=G, la=A, si=B). Include sharps or flats when needed (e.g. do#, reb, fa#, sib). Do NOT include the octave. Reply with ONLY the syllable and accidental (if needed). Nothing else. Output only the answer.","Listen to this audio clip of a single musical note. The recording may have been sped up or slowed down. Identify the PITCH of the note as it sounds in the audio. What is the main pitch frequency, expressed in Hertz? Reply with ONLY a number (the frequency in Hz). Nothing else. Output only the answer."
resample_2x,resample,2.0,48,C3,sine,waveform,36,69,0,0,0,0,C2,F3,0,0,0,do,sol,0,0,0,69,F3,sol,440,data/analysis_audio/pitchbench_e4_time_stretching/C3_sine_3000ms_resample_2p00x.wav,C3_sine_3000ms_resample_2p00x.wav,Listen to this audio clip of a single musical note. The recording may have been sped up or slowed down. Identify the PITCH of the note as it sounds in the audio. What is the MIDI note number (an integer from 0 to 127)? Reply with ONLY the integer. Nothing else. Output only the answer.,"Listen to this audio clip of a single musical note. The recording may have been sped up or slowed down. Identify the PITCH of the note as it sounds in the audio. What is the note name and octave? Reply with ONLY the note name in Scientific Pitch Notation (e.g. C4, F#3, Bb5). Nothing else. Output only the answer.","Listen to this audio clip of a single musical note. The recording may have been sped up or slowed down. Identify the PITCH of the note as it sounds in the audio. What is the solfege syllable and accidental (if needed) of this pitch? Use fixed-do (do=C, re=D, mi=E, fa=F, sol=G, la=A, si=B). Include sharps or flats when needed (e.g. do#, reb, fa#, sib). Do NOT include the octave. Reply with ONLY the syllable and accidental (if needed). Nothing else. Output only the answer.","Listen to this audio clip of a single musical note. The recording may have been sped up or slowed down. Identify the PITCH of the note as it sounds in the audio. What is the main pitch frequency, expressed in Hertz? Reply with ONLY a number (the frequency in Hz). Nothing else. Output only the answer."
resample_2x,resample,2.0,54,F#3,sine,waveform,42,42,1,1,1,1,F#2,F4,0,0,0,fa#,sol,0,0,1,42,F4,sol,440,data/analysis_audio/pitchbench_e4_time_stretching/Fs3_sine_3000ms_resample_2p00x.wav,Fs3_sine_3000ms_resample_2p00x.wav,Listen to this audio clip of a single musical note. The recording may have been sped up or slowed down. Identify the PITCH of the note as it sounds in the audio. What is the MIDI note number (an integer from 0 to 127)? Reply with ONLY the integer. Nothing else. Output only the answer.,"Listen to this audio clip of a single musical note. The recording may have been sped up or slowed down. Identify the PITCH of the note as it sounds in the audio. What is the note name and octave? Reply with ONLY the note name in Scientific Pitch Notation (e.g. C4, F#3, Bb5). Nothing else. Output only the answer.","Listen to this audio clip of a single musical note. The recording may have been sped up or slowed down. Identify the PITCH of the note as it sounds in the audio. What is the solfege syllable and accidental (if needed) of this pitch? Use fixed-do (do=C, re=D, mi=E, fa=F, sol=G, la=A, si=B). Include sharps or flats when needed (e.g. do#, reb, fa#, sib). Do NOT include the octave. Reply with ONLY the syllable and accidental (if needed). Nothing else. Output only the answer.","Listen to this audio clip of a single musical note. The recording may have been sped up or slowed down. Identify the PITCH of the note as it sounds in the audio. What is the main pitch frequency, expressed in Hertz? Reply with ONLY a number (the frequency in Hz). Nothing else. Output only the answer."
resample_2x,resample,2.0,58,A#3,sine,waveform,46,72,0,0,0,0,A#2,G4,0,0,0,la#,sol,0,0,0,72,G4,sol,440,data/analysis_audio/pitchbench_e4_time_stretching/As3_sine_3000ms_resample_2p00x.wav,As3_sine_3000ms_resample_2p00x.wav,Listen to this audio clip of a single musical note. The recording may have been sped up or slowed down. Identify the PITCH of the note as it sounds in the audio. What is the MIDI note number (an integer from 0 to 127)? Reply with ONLY the integer. Nothing else. Output only the answer.,"Listen to this audio clip of a single musical note. The recording may have been sped up or slowed down. Identify the PITCH of the note as it sounds in the audio. What is the note name and octave? Reply with ONLY the note name in Scientific Pitch Notation (e.g. C4, F#3, Bb5). Nothing else. Output only the answer.","Listen to this audio clip of a single musical note. The recording may have been sped up or slowed down. Identify the PITCH of the note as it sounds in the audio. What is the solfege syllable and accidental (if needed) of this pitch? Use fixed-do (do=C, re=D, mi=E, fa=F, sol=G, la=A, si=B). Include sharps or flats when needed (e.g. do#, reb, fa#, sib). Do NOT include the octave. Reply with ONLY the syllable and accidental (if needed). Nothing else. Output only the answer.","Listen to this audio clip of a single musical note. The recording may have been sped up or slowed down. Identify the PITCH of the note as it sounds in the audio. What is the main pitch frequency, expressed in Hertz? Reply with ONLY a number (the frequency in Hz). Nothing else. Output only the answer."
resample_2x,resample,2.0,60,C4,sine,waveform,48,69,0,0,0,0,C3,G4,0,0,0,do,sol,0,0,0,69,G4,sol,440,data/analysis_audio/pitchbench_e4_time_stretching/C4_sine_3000ms_resample_2p00x.wav,C4_sine_3000ms_resample_2p00x.wav,Listen to this audio clip of a single musical note. The recording may have been sped up or slowed down. Identify the PITCH of the note as it sounds in the audio. What is the MIDI note number (an integer from 0 to 127)? Reply with ONLY the integer. Nothing else. Output only the answer.,"Listen to this audio clip of a single musical note. The recording may have been sped up or slowed down. Identify the PITCH of the note as it sounds in the audio. What is the note name and octave? Reply with ONLY the note name in Scientific Pitch Notation (e.g. C4, F#3, Bb5). Nothing else. Output only the answer.","Listen to this audio clip of a single musical note. The recording may have been sped up or slowed down. Identify the PITCH of the note as it sounds in the audio. What is the solfege syllable and accidental (if needed) of this pitch? Use fixed-do (do=C, re=D, mi=E, fa=F, sol=G, la=A, si=B). Include sharps or flats when needed (e.g. do#, reb, fa#, sib). Do NOT include the octave. Reply with ONLY the syllable and accidental (if needed). Nothing else. Output only the answer.","Listen to this audio clip of a single musical note. The recording may have been sped up or slowed down. Identify the PITCH of the note as it sounds in the audio. What is the main pitch frequency, expressed in Hertz? Reply with ONLY a number (the frequency in Hz). Nothing else. Output only the answer."
resample_2x,resample,2.0,64,E4,sine,waveform,52,69,0,0,0,0,E3,F4,0,0,0,mi,sol,0,0,0,69,F4,sol,440,data/analysis_audio/pitchbench_e4_time_stretching/E4_sine_3000ms_resample_2p00x.wav,E4_sine_3000ms_resample_2p00x.wav,Listen to this audio clip of a single musical note. The recording may have been sped up or slowed down. Identify the PITCH of the note as it sounds in the audio. What is the MIDI note number (an integer from 0 to 127)? Reply with ONLY the integer. Nothing else. Output only the answer.,"Listen to this audio clip of a single musical note. The recording may have been sped up or slowed down. Identify the PITCH of the note as it sounds in the audio. What is the note name and octave? Reply with ONLY the note name in Scientific Pitch Notation (e.g. C4, F#3, Bb5). Nothing else. Output only the answer.","Listen to this audio clip of a single musical note. The recording may have been sped up or slowed down. Identify the PITCH of the note as it sounds in the audio. What is the solfege syllable and accidental (if needed) of this pitch? Use fixed-do (do=C, re=D, mi=E, fa=F, sol=G, la=A, si=B). Include sharps or flats when needed (e.g. do#, reb, fa#, sib). Do NOT include the octave. Reply with ONLY the syllable and accidental (if needed). Nothing else. Output only the answer.","Listen to this audio clip of a single musical note. The recording may have been sped up or slowed down. Identify the PITCH of the note as it sounds in the audio. What is the main pitch frequency, expressed in Hertz? Reply with ONLY a number (the frequency in Hz). Nothing else. Output only the answer."
resample_2x,resample,2.0,67,G4,sine,waveform,55,69,0,0,0,0,G3,G4,0,1,0,sol,sol,1,0,0,69,G4,sol,440,data/analysis_audio/pitchbench_e4_time_stretching/G4_sine_3000ms_resample_2p00x.wav,G4_sine_3000ms_resample_2p00x.wav,Listen to this audio clip of a single musical note. The recording may have been sped up or slowed down. Identify the PITCH of the note as it sounds in the audio. What is the MIDI note number (an integer from 0 to 127)? Reply with ONLY the integer. Nothing else. Output only the answer.,"Listen to this audio clip of a single musical note. The recording may have been sped up or slowed down. Identify the PITCH of the note as it sounds in the audio. What is the note name and octave? Reply with ONLY the note name in Scientific Pitch Notation (e.g. C4, F#3, Bb5). Nothing else. Output only the answer.","Listen to this audio clip of a single musical note. The recording may have been sped up or slowed down. Identify the PITCH of the note as it sounds in the audio. What is the solfege syllable and accidental (if needed) of this pitch? Use fixed-do (do=C, re=D, mi=E, fa=F, sol=G, la=A, si=B). Include sharps or flats when needed (e.g. do#, reb, fa#, sib). Do NOT include the octave. Reply with ONLY the syllable and accidental (if needed). Nothing else. Output only the answer.","Listen to this audio clip of a single musical note. The recording may have been sped up or slowed down. Identify the PITCH of the note as it sounds in the audio. What is the main pitch frequency, expressed in Hertz? Reply with ONLY a number (the frequency in Hz). Nothing else. Output only the answer."
resample_2x,resample,2.0,69,A4,sine,waveform,57,69,0,0,1,0,A3,F4,0,0,0,la,sol,0,0,0,69,F4,sol,440,data/analysis_audio/pitchbench_e4_time_stretching/A4_sine_3000ms_resample_2p00x.wav,A4_sine_3000ms_resample_2p00x.wav,Listen to this audio clip of a single musical note. The recording may have been sped up or slowed down. Identify the PITCH of the note as it sounds in the audio. What is the MIDI note number (an integer from 0 to 127)? Reply with ONLY the integer. Nothing else. Output only the answer.,"Listen to this audio clip of a single musical note. The recording may have been sped up or slowed down. Identify the PITCH of the note as it sounds in the audio. What is the note name and octave? Reply with ONLY the note name in Scientific Pitch Notation (e.g. C4, F#3, Bb5). Nothing else. Output only the answer.","Listen to this audio clip of a single musical note. The recording may have been sped up or slowed down. Identify the PITCH of the note as it sounds in the audio. What is the solfege syllable and accidental (if needed) of this pitch? Use fixed-do (do=C, re=D, mi=E, fa=F, sol=G, la=A, si=B). Include sharps or flats when needed (e.g. do#, reb, fa#, sib). Do NOT include the octave. Reply with ONLY the syllable and accidental (if needed). Nothing else. Output only the answer.","Listen to this audio clip of a single musical note. The recording may have been sped up or slowed down. Identify the PITCH of the note as it sounds in the audio. What is the main pitch frequency, expressed in Hertz? Reply with ONLY a number (the frequency in Hz). Nothing else. Output only the answer."
resample_2x,resample,2.0,72,C5,sine,waveform,60,69,0,0,0,1,C4,F4,0,0,1,do,sol,0,0,0,69,F4,sol,440,data/analysis_audio/pitchbench_e4_time_stretching/C5_sine_3000ms_resample_2p00x.wav,C5_sine_3000ms_resample_2p00x.wav,Listen to this audio clip of a single musical note. The recording may have been sped up or slowed down. Identify the PITCH of the note as it sounds in the audio. What is the MIDI note number (an integer from 0 to 127)? Reply with ONLY the integer. Nothing else. Output only the answer.,"Listen to this audio clip of a single musical note. The recording may have been sped up or slowed down. Identify the PITCH of the note as it sounds in the audio. What is the note name and octave? Reply with ONLY the note name in Scientific Pitch Notation (e.g. C4, F#3, Bb5). Nothing else. Output only the answer.","Listen to this audio clip of a single musical note. The recording may have been sped up or slowed down. Identify the PITCH of the note as it sounds in the audio. What is the solfege syllable and accidental (if needed) of this pitch? Use fixed-do (do=C, re=D, mi=E, fa=F, sol=G, la=A, si=B). Include sharps or flats when needed (e.g. do#, reb, fa#, sib). Do NOT include the octave. Reply with ONLY the syllable and accidental (if needed). Nothing else. Output only the answer.","Listen to this audio clip of a single musical note. The recording may have been sped up or slowed down. Identify the PITCH of the note as it sounds in the audio. What is the main pitch frequency, expressed in Hertz? Reply with ONLY a number (the frequency in Hz). Nothing else. Output only the answer."
resample_2x,resample,2.0,77,F5,sine,waveform,65,69,0,0,0,1,F4,G4,0,0,1,fa,sol,0,0,0,69,G4,sol,440,data/analysis_audio/pitchbench_e4_time_stretching/F5_sine_3000ms_resample_2p00x.wav,F5_sine_3000ms_resample_2p00x.wav,Listen to this audio clip of a single musical note. The recording may have been sped up or slowed down. Identify the PITCH of the note as it sounds in the audio. What is the MIDI note number (an integer from 0 to 127)? Reply with ONLY the integer. Nothing else. Output only the answer.,"Listen to this audio clip of a single musical note. The recording may have been sped up or slowed down. Identify the PITCH of the note as it sounds in the audio. What is the note name and octave? Reply with ONLY the note name in Scientific Pitch Notation (e.g. C4, F#3, Bb5). Nothing else. Output only the answer.","Listen to this audio clip of a single musical note. The recording may have been sped up or slowed down. Identify the PITCH of the note as it sounds in the audio. What is the solfege syllable and accidental (if needed) of this pitch? Use fixed-do (do=C, re=D, mi=E, fa=F, sol=G, la=A, si=B). Include sharps or flats when needed (e.g. do#, reb, fa#, sib). Do NOT include the octave. Reply with ONLY the syllable and accidental (if needed). Nothing else. Output only the answer.","Listen to this audio clip of a single musical note. The recording may have been sped up or slowed down. Identify the PITCH of the note as it sounds in the audio. What is the main pitch frequency, expressed in Hertz? Reply with ONLY a number (the frequency in Hz). Nothing else. Output only the answer."
resample_2x,resample,2.0,84,C6,sine,waveform,72,69,0,0,0,0,C5,A4,0,0,0,do,sol,0,0,0,69,A4,sol,440,data/analysis_audio/pitchbench_e4_time_stretching/C6_sine_3000ms_resample_2p00x.wav,C6_sine_3000ms_resample_2p00x.wav,Listen to this audio clip of a single musical note. The recording may have been sped up or slowed down. Identify the PITCH of the note as it sounds in the audio. What is the MIDI note number (an integer from 0 to 127)? Reply with ONLY the integer. Nothing else. Output only the answer.,"Listen to this audio clip of a single musical note. The recording may have been sped up or slowed down. Identify the PITCH of the note as it sounds in the audio. What is the note name and octave? Reply with ONLY the note name in Scientific Pitch Notation (e.g. C4, F#3, Bb5). Nothing else. Output only the answer.","Listen to this audio clip of a single musical note. The recording may have been sped up or slowed down. Identify the PITCH of the note as it sounds in the audio. What is the solfege syllable and accidental (if needed) of this pitch? Use fixed-do (do=C, re=D, mi=E, fa=F, sol=G, la=A, si=B). Include sharps or flats when needed (e.g. do#, reb, fa#, sib). Do NOT include the octave. Reply with ONLY the syllable and accidental (if needed). Nothing else. Output only the answer.","Listen to this audio clip of a single musical note. The recording may have been sped up or slowed down. Identify the PITCH of the note as it sounds in the audio. What is the main pitch frequency, expressed in Hertz? Reply with ONLY a number (the frequency in Hz). Nothing else. Output only the answer."
stretch_0.5x,stretch,0.5,36,C2,sine,waveform,36,68,0,0,0,0,C2,F4,0,0,0,do,sol,0,0,0,68,F4,sol,440,data/analysis_audio/pitchbench_e4_time_stretching/C2_sine_3000ms_stretch_0p50x.wav,C2_sine_3000ms_stretch_0p50x.wav,Listen to this audio clip of a single musical note. The recording may have been sped up or slowed down. Identify the PITCH of the note as it sounds in the audio. What is the MIDI note number (an integer from 0 to 127)? Reply with ONLY the integer. Nothing else. Output only the answer.,"Listen to this audio clip of a single musical note. The recording may have been sped up or slowed down. Identify the PITCH of the note as it sounds in the audio. What is the note name and octave? Reply with ONLY the note name in Scientific Pitch Notation (e.g. C4, F#3, Bb5). Nothing else. Output only the answer.","Listen to this audio clip of a single musical note. The recording may have been sped up or slowed down. Identify the PITCH of the note as it sounds in the audio. What is the solfege syllable and accidental (if needed) of this pitch? Use fixed-do (do=C, re=D, mi=E, fa=F, sol=G, la=A, si=B). Include sharps or flats when needed (e.g. do#, reb, fa#, sib). Do NOT include the octave. Reply with ONLY the syllable and accidental (if needed). Nothing else. Output only the answer.","Listen to this audio clip of a single musical note. The recording may have been sped up or slowed down. Identify the PITCH of the note as it sounds in the audio. What is the main pitch frequency, expressed in Hertz? Reply with ONLY a number (the frequency in Hz). Nothing else. Output only the answer."
stretch_0.5x,stretch,0.5,43,G2,sine,waveform,43,,0,0,0,0,G2,F4,0,0,0,sol,,0,0,0,"I'm sorry, but I can't identify the pitch of a note just by listening to it.",F4,Please play the audio clip so I can listen and identify the pitch.,440,data/analysis_audio/pitchbench_e4_time_stretching/G2_sine_3000ms_stretch_0p50x.wav,G2_sine_3000ms_stretch_0p50x.wav,Listen to this audio clip of a single musical note. The recording may have been sped up or slowed down. Identify the PITCH of the note as it sounds in the audio. What is the MIDI note number (an integer from 0 to 127)? Reply with ONLY the integer. Nothing else. Output only the answer.,"Listen to this audio clip of a single musical note. The recording may have been sped up or slowed down. Identify the PITCH of the note as it sounds in the audio. What is the note name and octave? Reply with ONLY the note name in Scientific Pitch Notation (e.g. C4, F#3, Bb5). Nothing else. Output only the answer.","Listen to this audio clip of a single musical note. The recording may have been sped up or slowed down. Identify the PITCH of the note as it sounds in the audio. What is the solfege syllable and accidental (if needed) of this pitch? Use fixed-do (do=C, re=D, mi=E, fa=F, sol=G, la=A, si=B). Include sharps or flats when needed (e.g. do#, reb, fa#, sib). Do NOT include the octave. Reply with ONLY the syllable and accidental (if needed). Nothing else. Output only the answer.","Listen to this audio clip of a single musical note. The recording may have been sped up or slowed down. Identify the PITCH of the note as it sounds in the audio. What is the main pitch frequency, expressed in Hertz? Reply with ONLY a number (the frequency in Hz). Nothing else. Output only the answer."
stretch_0.5x,stretch,0.5,48,C3,sine,waveform,48,69,0,0,0,0,C3,F4,0,0,0,do,sol,0,0,0,It sounds like the pitch corresponds to MIDI note number 69.,F4,sol,"I’m sorry, but I can’t determine the pitch frequency from the audio.",data/analysis_audio/pitchbench_e4_time_stretching/C3_sine_3000ms_stretch_0p50x.wav,C3_sine_3000ms_stretch_0p50x.wav,Listen to this audio clip of a single musical note. The recording may have been sped up or slowed down. Identify the PITCH of the note as it sounds in the audio. What is the MIDI note number (an integer from 0 to 127)? Reply with ONLY the integer. Nothing else. Output only the answer.,"Listen to this audio clip of a single musical note. The recording may have been sped up or slowed down. Identify the PITCH of the note as it sounds in the audio. What is the note name and octave? Reply with ONLY the note name in Scientific Pitch Notation (e.g. C4, F#3, Bb5). Nothing else. Output only the answer.","Listen to this audio clip of a single musical note. The recording may have been sped up or slowed down. Identify the PITCH of the note as it sounds in the audio. What is the solfege syllable and accidental (if needed) of this pitch? Use fixed-do (do=C, re=D, mi=E, fa=F, sol=G, la=A, si=B). Include sharps or flats when needed (e.g. do#, reb, fa#, sib). Do NOT include the octave. Reply with ONLY the syllable and accidental (if needed). Nothing else. Output only the answer.","Listen to this audio clip of a single musical note. The recording may have been sped up or slowed down. Identify the PITCH of the note as it sounds in the audio. What is the main pitch frequency, expressed in Hertz? Reply with ONLY a number (the frequency in Hz). Nothing else. Output only the answer."
stretch_0.5x,stretch,0.5,54,F#3,sine,waveform,54,68,0,0,0,0,F#3,E4,0,0,0,fa#,sol,0,0,0,68,E4,sol,440,data/analysis_audio/pitchbench_e4_time_stretching/Fs3_sine_3000ms_stretch_0p50x.wav,Fs3_sine_3000ms_stretch_0p50x.wav,Listen to this audio clip of a single musical note. The recording may have been sped up or slowed down. Identify the PITCH of the note as it sounds in the audio. What is the MIDI note number (an integer from 0 to 127)? Reply with ONLY the integer. Nothing else. Output only the answer.,"Listen to this audio clip of a single musical note. The recording may have been sped up or slowed down. Identify the PITCH of the note as it sounds in the audio. What is the note name and octave? Reply with ONLY the note name in Scientific Pitch Notation (e.g. C4, F#3, Bb5). Nothing else. Output only the answer.","Listen to this audio clip of a single musical note. The recording may have been sped up or slowed down. Identify the PITCH of the note as it sounds in the audio. What is the solfege syllable and accidental (if needed) of this pitch? Use fixed-do (do=C, re=D, mi=E, fa=F, sol=G, la=A, si=B). Include sharps or flats when needed (e.g. do#, reb, fa#, sib). Do NOT include the octave. Reply with ONLY the syllable and accidental (if needed). Nothing else. Output only the answer.","Listen to this audio clip of a single musical note. The recording may have been sped up or slowed down. Identify the PITCH of the note as it sounds in the audio. What is the main pitch frequency, expressed in Hertz? Reply with ONLY a number (the frequency in Hz). Nothing else. Output only the answer."
stretch_0.5x,stretch,0.5,58,A#3,sine,waveform,58,52,0,0,0,1,A#3,C4,0,0,0,la#,mi,0,0,0,52,C4,mi,"I’m sorry, but I can’t determine the pitch frequency from the audio.",data/analysis_audio/pitchbench_e4_time_stretching/As3_sine_3000ms_stretch_0p50x.wav,As3_sine_3000ms_stretch_0p50x.wav,Listen to this audio clip of a single musical note. The recording may have been sped up or slowed down. Identify the PITCH of the note as it sounds in the audio. What is the MIDI note number (an integer from 0 to 127)? Reply with ONLY the integer. Nothing else. Output only the answer.,"Listen to this audio clip of a single musical note. The recording may have been sped up or slowed down. Identify the PITCH of the note as it sounds in the audio. What is the note name and octave? Reply with ONLY the note name in Scientific Pitch Notation (e.g. C4, F#3, Bb5). Nothing else. Output only the answer.","Listen to this audio clip of a single musical note. The recording may have been sped up or slowed down. Identify the PITCH of the note as it sounds in the audio. What is the solfege syllable and accidental (if needed) of this pitch? Use fixed-do (do=C, re=D, mi=E, fa=F, sol=G, la=A, si=B). Include sharps or flats when needed (e.g. do#, reb, fa#, sib). Do NOT include the octave. Reply with ONLY the syllable and accidental (if needed). Nothing else. Output only the answer.","Listen to this audio clip of a single musical note. The recording may have been sped up or slowed down. Identify the PITCH of the note as it sounds in the audio. What is the main pitch frequency, expressed in Hertz? Reply with ONLY a number (the frequency in Hz). Nothing else. Output only the answer."
stretch_0.5x,stretch,0.5,60,C4,sine,waveform,60,69,0,0,0,1,C4,G4,0,0,1,do,sol,0,0,0,69,G4,sol,220,data/analysis_audio/pitchbench_e4_time_stretching/C4_sine_3000ms_stretch_0p50x.wav,C4_sine_3000ms_stretch_0p50x.wav,Listen to this audio clip of a single musical note. The recording may have been sped up or slowed down. Identify the PITCH of the note as it sounds in the audio. What is the MIDI note number (an integer from 0 to 127)? Reply with ONLY the integer. Nothing else. Output only the answer.,"Listen to this audio clip of a single musical note. The recording may have been sped up or slowed down. Identify the PITCH of the note as it sounds in the audio. What is the note name and octave? Reply with ONLY the note name in Scientific Pitch Notation (e.g. C4, F#3, Bb5). Nothing else. Output only the answer.","Listen to this audio clip of a single musical note. The recording may have been sped up or slowed down. Identify the PITCH of the note as it sounds in the audio. What is the solfege syllable and accidental (if needed) of this pitch? Use fixed-do (do=C, re=D, mi=E, fa=F, sol=G, la=A, si=B). Include sharps or flats when needed (e.g. do#, reb, fa#, sib). Do NOT include the octave. Reply with ONLY the syllable and accidental (if needed). Nothing else. Output only the answer.","Listen to this audio clip of a single musical note. The recording may have been sped up or slowed down. Identify the PITCH of the note as it sounds in the audio. What is the main pitch frequency, expressed in Hertz? Reply with ONLY a number (the frequency in Hz). Nothing else. Output only the answer."
stretch_0.5x,stretch,0.5,64,E4,sine,waveform,64,67,0,0,0,1,E4,C4,0,0,1,mi,sol,0,0,0,67,C4,sol,440,data/analysis_audio/pitchbench_e4_time_stretching/E4_sine_3000ms_stretch_0p50x.wav,E4_sine_3000ms_stretch_0p50x.wav,Listen to this audio clip of a single musical note. The recording may have been sped up or slowed down. Identify the PITCH of the note as it sounds in the audio. What is the MIDI note number (an integer from 0 to 127)? Reply with ONLY the integer. Nothing else. Output only the answer.,"Listen to this audio clip of a single musical note. The recording may have been sped up or slowed down. Identify the PITCH of the note as it sounds in the audio. What is the note name and octave? Reply with ONLY the note name in Scientific Pitch Notation (e.g. C4, F#3, Bb5). Nothing else. Output only the answer.","Listen to this audio clip of a single musical note. The recording may have been sped up or slowed down. Identify the PITCH of the note as it sounds in the audio. What is the solfege syllable and accidental (if needed) of this pitch? Use fixed-do (do=C, re=D, mi=E, fa=F, sol=G, la=A, si=B). Include sharps or flats when needed (e.g. do#, reb, fa#, sib). Do NOT include the octave. Reply with ONLY the syllable and accidental (if needed). Nothing else. Output only the answer.","Listen to this audio clip of a single musical note. The recording may have been sped up or slowed down. Identify the PITCH of the note as it sounds in the audio. What is the main pitch frequency, expressed in Hertz? Reply with ONLY a number (the frequency in Hz). Nothing else. Output only the answer."
stretch_0.5x,stretch,0.5,67,G4,sine,waveform,67,68,0,1,0,1,G4,E4,0,0,1,sol,sol,1,0,0,68,E4,sol,440,data/analysis_audio/pitchbench_e4_time_stretching/G4_sine_3000ms_stretch_0p50x.wav,G4_sine_3000ms_stretch_0p50x.wav,Listen to this audio clip of a single musical note. The recording may have been sped up or slowed down. Identify the PITCH of the note as it sounds in the audio. What is the MIDI note number (an integer from 0 to 127)? Reply with ONLY the integer. Nothing else. Output only the answer.,"Listen to this audio clip of a single musical note. The recording may have been sped up or slowed down. Identify the PITCH of the note as it sounds in the audio. What is the note name and octave? Reply with ONLY the note name in Scientific Pitch Notation (e.g. C4, F#3, Bb5). Nothing else. Output only the answer.","Listen to this audio clip of a single musical note. The recording may have been sped up or slowed down. Identify the PITCH of the note as it sounds in the audio. What is the solfege syllable and accidental (if needed) of this pitch? Use fixed-do (do=C, re=D, mi=E, fa=F, sol=G, la=A, si=B). Include sharps or flats when needed (e.g. do#, reb, fa#, sib). Do NOT include the octave. Reply with ONLY the syllable and accidental (if needed). Nothing else. Output only the answer.","Listen to this audio clip of a single musical note. The recording may have been sped up or slowed down. Identify the PITCH of the note as it sounds in the audio. What is the main pitch frequency, expressed in Hertz? Reply with ONLY a number (the frequency in Hz). Nothing else. Output only the answer."
stretch_0.5x,stretch,0.5,69,A4,sine,waveform,69,69,1,1,1,1,A4,C4,0,0,1,la,sol,0,0,1,69,C4,sol,"Let me analyze the pitch of the note. 

Please give me a moment. 

The main pitch frequency is approximately 392 Hz.",data/analysis_audio/pitchbench_e4_time_stretching/A4_sine_3000ms_stretch_0p50x.wav,A4_sine_3000ms_stretch_0p50x.wav,Listen to this audio clip of a single musical note. The recording may have been sped up or slowed down. Identify the PITCH of the note as it sounds in the audio. What is the MIDI note number (an integer from 0 to 127)? Reply with ONLY the integer. Nothing else. Output only the answer.,"Listen to this audio clip of a single musical note. The recording may have been sped up or slowed down. Identify the PITCH of the note as it sounds in the audio. What is the note name and octave? Reply with ONLY the note name in Scientific Pitch Notation (e.g. C4, F#3, Bb5). Nothing else. Output only the answer.","Listen to this audio clip of a single musical note. The recording may have been sped up or slowed down. Identify the PITCH of the note as it sounds in the audio. What is the solfege syllable and accidental (if needed) of this pitch? Use fixed-do (do=C, re=D, mi=E, fa=F, sol=G, la=A, si=B). Include sharps or flats when needed (e.g. do#, reb, fa#, sib). Do NOT include the octave. Reply with ONLY the syllable and accidental (if needed). Nothing else. Output only the answer.","Listen to this audio clip of a single musical note. The recording may have been sped up or slowed down. Identify the PITCH of the note as it sounds in the audio. What is the main pitch frequency, expressed in Hertz? Reply with ONLY a number (the frequency in Hz). Nothing else. Output only the answer."
stretch_0.5x,stretch,0.5,72,C5,sine,waveform,72,69,0,0,0,0,C5,E4,0,0,0,do,sol,0,0,0,69,E4,sol,440,data/analysis_audio/pitchbench_e4_time_stretching/C5_sine_3000ms_stretch_0p50x.wav,C5_sine_3000ms_stretch_0p50x.wav,Listen to this audio clip of a single musical note. The recording may have been sped up or slowed down. Identify the PITCH of the note as it sounds in the audio. What is the MIDI note number (an integer from 0 to 127)? Reply with ONLY the integer. Nothing else. Output only the answer.,"Listen to this audio clip of a single musical note. The recording may have been sped up or slowed down. Identify the PITCH of the note as it sounds in the audio. What is the note name and octave? Reply with ONLY the note name in Scientific Pitch Notation (e.g. C4, F#3, Bb5). Nothing else. Output only the answer.","Listen to this audio clip of a single musical note. The recording may have been sped up or slowed down. Identify the PITCH of the note as it sounds in the audio. What is the solfege syllable and accidental (if needed) of this pitch? Use fixed-do (do=C, re=D, mi=E, fa=F, sol=G, la=A, si=B). Include sharps or flats when needed (e.g. do#, reb, fa#, sib). Do NOT include the octave. Reply with ONLY the syllable and accidental (if needed). Nothing else. Output only the answer.","Listen to this audio clip of a single musical note. The recording may have been sped up or slowed down. Identify the PITCH of the note as it sounds in the audio. What is the main pitch frequency, expressed in Hertz? Reply with ONLY a number (the frequency in Hz). Nothing else. Output only the answer."
stretch_0.5x,stretch,0.5,77,F5,sine,waveform,77,56,0,0,0,0,F5,,0,0,0,fa,mi,0,0,0,56,"I’m sorry, but I can’t determine the pitch of the note from the audio.",mi,"I’m sorry, but I can’t identify the pitch frequency just by listening.",data/analysis_audio/pitchbench_e4_time_stretching/F5_sine_3000ms_stretch_0p50x.wav,F5_sine_3000ms_stretch_0p50x.wav,Listen to this audio clip of a single musical note. The recording may have been sped up or slowed down. Identify the PITCH of the note as it sounds in the audio. What is the MIDI note number (an integer from 0 to 127)? Reply with ONLY the integer. Nothing else. Output only the answer.,"Listen to this audio clip of a single musical note. The recording may have been sped up or slowed down. Identify the PITCH of the note as it sounds in the audio. What is the note name and octave? Reply with ONLY the note name in Scientific Pitch Notation (e.g. C4, F#3, Bb5). Nothing else. Output only the answer.","Listen to this audio clip of a single musical note. The recording may have been sped up or slowed down. Identify the PITCH of the note as it sounds in the audio. What is the solfege syllable and accidental (if needed) of this pitch? Use fixed-do (do=C, re=D, mi=E, fa=F, sol=G, la=A, si=B). Include sharps or flats when needed (e.g. do#, reb, fa#, sib). Do NOT include the octave. Reply with ONLY the syllable and accidental (if needed). Nothing else. Output only the answer.","Listen to this audio clip of a single musical note. The recording may have been sped up or slowed down. Identify the PITCH of the note as it sounds in the audio. What is the main pitch frequency, expressed in Hertz? Reply with ONLY a number (the frequency in Hz). Nothing else. Output only the answer."
stretch_0.5x,stretch,0.5,84,C6,sine,waveform,84,52,0,0,0,0,C6,,0,0,0,do,sol,0,0,0,52,"I’m sorry, but I can’t identify the pitch of the note from the audio.",The pitch is sol.,"I’m sorry, but I can’t determine the pitch frequency just by listening to the audio.",data/analysis_audio/pitchbench_e4_time_stretching/C6_sine_3000ms_stretch_0p50x.wav,C6_sine_3000ms_stretch_0p50x.wav,Listen to this audio clip of a single musical note. The recording may have been sped up or slowed down. Identify the PITCH of the note as it sounds in the audio. What is the MIDI note number (an integer from 0 to 127)? Reply with ONLY the integer. Nothing else. Output only the answer.,"Listen to this audio clip of a single musical note. The recording may have been sped up or slowed down. Identify the PITCH of the note as it sounds in the audio. What is the note name and octave? Reply with ONLY the note name in Scientific Pitch Notation (e.g. C4, F#3, Bb5). Nothing else. Output only the answer.","Listen to this audio clip of a single musical note. The recording may have been sped up or slowed down. Identify the PITCH of the note as it sounds in the audio. What is the solfege syllable and accidental (if needed) of this pitch? Use fixed-do (do=C, re=D, mi=E, fa=F, sol=G, la=A, si=B). Include sharps or flats when needed (e.g. do#, reb, fa#, sib). Do NOT include the octave. Reply with ONLY the syllable and accidental (if needed). Nothing else. Output only the answer.","Listen to this audio clip of a single musical note. The recording may have been sped up or slowed down. Identify the PITCH of the note as it sounds in the audio. What is the main pitch frequency, expressed in Hertz? Reply with ONLY a number (the frequency in Hz). Nothing else. Output only the answer."
stretch_2x,stretch,2.0,36,C2,sine,waveform,36,72,0,0,1,0,C2,G4,0,0,0,do,sol,0,0,0,72,G4,sol,440,data/analysis_audio/pitchbench_e4_time_stretching/C2_sine_3000ms_stretch_2p00x.wav,C2_sine_3000ms_stretch_2p00x.wav,Listen to this audio clip of a single musical note. The recording may have been sped up or slowed down. Identify the PITCH of the note as it sounds in the audio. What is the MIDI note number (an integer from 0 to 127)? Reply with ONLY the integer. Nothing else. Output only the answer.,"Listen to this audio clip of a single musical note. The recording may have been sped up or slowed down. Identify the PITCH of the note as it sounds in the audio. What is the note name and octave? Reply with ONLY the note name in Scientific Pitch Notation (e.g. C4, F#3, Bb5). Nothing else. Output only the answer.","Listen to this audio clip of a single musical note. The recording may have been sped up or slowed down. Identify the PITCH of the note as it sounds in the audio. What is the solfege syllable and accidental (if needed) of this pitch? Use fixed-do (do=C, re=D, mi=E, fa=F, sol=G, la=A, si=B). Include sharps or flats when needed (e.g. do#, reb, fa#, sib). Do NOT include the octave. Reply with ONLY the syllable and accidental (if needed). Nothing else. Output only the answer.","Listen to this audio clip of a single musical note. The recording may have been sped up or slowed down. Identify the PITCH of the note as it sounds in the audio. What is the main pitch frequency, expressed in Hertz? Reply with ONLY a number (the frequency in Hz). Nothing else. Output only the answer."
stretch_2x,stretch,2.0,43,G2,sine,waveform,43,69,0,0,0,0,G2,F4,0,0,0,sol,sol,1,0,0,69,F4,sol,440,data/analysis_audio/pitchbench_e4_time_stretching/G2_sine_3000ms_stretch_2p00x.wav,G2_sine_3000ms_stretch_2p00x.wav,Listen to this audio clip of a single musical note. The recording may have been sped up or slowed down. Identify the PITCH of the note as it sounds in the audio. What is the MIDI note number (an integer from 0 to 127)? Reply with ONLY the integer. Nothing else. Output only the answer.,"Listen to this audio clip of a single musical note. The recording may have been sped up or slowed down. Identify the PITCH of the note as it sounds in the audio. What is the note name and octave? Reply with ONLY the note name in Scientific Pitch Notation (e.g. C4, F#3, Bb5). Nothing else. Output only the answer.","Listen to this audio clip of a single musical note. The recording may have been sped up or slowed down. Identify the PITCH of the note as it sounds in the audio. What is the solfege syllable and accidental (if needed) of this pitch? Use fixed-do (do=C, re=D, mi=E, fa=F, sol=G, la=A, si=B). Include sharps or flats when needed (e.g. do#, reb, fa#, sib). Do NOT include the octave. Reply with ONLY the syllable and accidental (if needed). Nothing else. Output only the answer.","Listen to this audio clip of a single musical note. The recording may have been sped up or slowed down. Identify the PITCH of the note as it sounds in the audio. What is the main pitch frequency, expressed in Hertz? Reply with ONLY a number (the frequency in Hz). Nothing else. Output only the answer."
stretch_2x,stretch,2.0,48,C3,sine,waveform,48,69,0,0,0,0,C3,G4,0,0,0,do,sol,0,0,0,69,G4,sol,440,data/analysis_audio/pitchbench_e4_time_stretching/C3_sine_3000ms_stretch_2p00x.wav,C3_sine_3000ms_stretch_2p00x.wav,Listen to this audio clip of a single musical note. The recording may have been sped up or slowed down. Identify the PITCH of the note as it sounds in the audio. What is the MIDI note number (an integer from 0 to 127)? Reply with ONLY the integer. Nothing else. Output only the answer.,"Listen to this audio clip of a single musical note. The recording may have been sped up or slowed down. Identify the PITCH of the note as it sounds in the audio. What is the note name and octave? Reply with ONLY the note name in Scientific Pitch Notation (e.g. C4, F#3, Bb5). Nothing else. Output only the answer.","Listen to this audio clip of a single musical note. The recording may have been sped up or slowed down. Identify the PITCH of the note as it sounds in the audio. What is the solfege syllable and accidental (if needed) of this pitch? Use fixed-do (do=C, re=D, mi=E, fa=F, sol=G, la=A, si=B). Include sharps or flats when needed (e.g. do#, reb, fa#, sib). Do NOT include the octave. Reply with ONLY the syllable and accidental (if needed). Nothing else. Output only the answer.","Listen to this audio clip of a single musical note. The recording may have been sped up or slowed down. Identify the PITCH of the note as it sounds in the audio. What is the main pitch frequency, expressed in Hertz? Reply with ONLY a number (the frequency in Hz). Nothing else. Output only the answer."
stretch_2x,stretch,2.0,54,F#3,sine,waveform,54,69,0,0,0,0,F#3,G4,0,0,0,fa#,sol,0,0,0,69,G4,sol,440,data/analysis_audio/pitchbench_e4_time_stretching/Fs3_sine_3000ms_stretch_2p00x.wav,Fs3_sine_3000ms_stretch_2p00x.wav,Listen to this audio clip of a single musical note. The recording may have been sped up or slowed down. Identify the PITCH of the note as it sounds in the audio. What is the MIDI note number (an integer from 0 to 127)? Reply with ONLY the integer. Nothing else. Output only the answer.,"Listen to this audio clip of a single musical note. The recording may have been sped up or slowed down. Identify the PITCH of the note as it sounds in the audio. What is the note name and octave? Reply with ONLY the note name in Scientific Pitch Notation (e.g. C4, F#3, Bb5). Nothing else. Output only the answer.","Listen to this audio clip of a single musical note. The recording may have been sped up or slowed down. Identify the PITCH of the note as it sounds in the audio. What is the solfege syllable and accidental (if needed) of this pitch? Use fixed-do (do=C, re=D, mi=E, fa=F, sol=G, la=A, si=B). Include sharps or flats when needed (e.g. do#, reb, fa#, sib). Do NOT include the octave. Reply with ONLY the syllable and accidental (if needed). Nothing else. Output only the answer.","Listen to this audio clip of a single musical note. The recording may have been sped up or slowed down. Identify the PITCH of the note as it sounds in the audio. What is the main pitch frequency, expressed in Hertz? Reply with ONLY a number (the frequency in Hz). Nothing else. Output only the answer."
stretch_2x,stretch,2.0,58,A#3,sine,waveform,58,69,0,0,0,0,A#3,G4,0,0,0,la#,sol,0,0,0,69,G4,sol,440,data/analysis_audio/pitchbench_e4_time_stretching/As3_sine_3000ms_stretch_2p00x.wav,As3_sine_3000ms_stretch_2p00x.wav,Listen to this audio clip of a single musical note. The recording may have been sped up or slowed down. Identify the PITCH of the note as it sounds in the audio. What is the MIDI note number (an integer from 0 to 127)? Reply with ONLY the integer. Nothing else. Output only the answer.,"Listen to this audio clip of a single musical note. The recording may have been sped up or slowed down. Identify the PITCH of the note as it sounds in the audio. What is the note name and octave? Reply with ONLY the note name in Scientific Pitch Notation (e.g. C4, F#3, Bb5). Nothing else. Output only the answer.","Listen to this audio clip of a single musical note. The recording may have been sped up or slowed down. Identify the PITCH of the note as it sounds in the audio. What is the solfege syllable and accidental (if needed) of this pitch? Use fixed-do (do=C, re=D, mi=E, fa=F, sol=G, la=A, si=B). Include sharps or flats when needed (e.g. do#, reb, fa#, sib). Do NOT include the octave. Reply with ONLY the syllable and accidental (if needed). Nothing else. Output only the answer.","Listen to this audio clip of a single musical note. The recording may have been sped up or slowed down. Identify the PITCH of the note as it sounds in the audio. What is the main pitch frequency, expressed in Hertz? Reply with ONLY a number (the frequency in Hz). Nothing else. Output only the answer."
stretch_2x,stretch,2.0,60,C4,sine,waveform,60,69,0,0,0,1,C4,E4,0,0,1,do,sol,0,0,0,69,E4,sol,440,data/analysis_audio/pitchbench_e4_time_stretching/C4_sine_3000ms_stretch_2p00x.wav,C4_sine_3000ms_stretch_2p00x.wav,Listen to this audio clip of a single musical note. The recording may have been sped up or slowed down. Identify the PITCH of the note as it sounds in the audio. What is the MIDI note number (an integer from 0 to 127)? Reply with ONLY the integer. Nothing else. Output only the answer.,"Listen to this audio clip of a single musical note. The recording may have been sped up or slowed down. Identify the PITCH of the note as it sounds in the audio. What is the note name and octave? Reply with ONLY the note name in Scientific Pitch Notation (e.g. C4, F#3, Bb5). Nothing else. Output only the answer.","Listen to this audio clip of a single musical note. The recording may have been sped up or slowed down. Identify the PITCH of the note as it sounds in the audio. What is the solfege syllable and accidental (if needed) of this pitch? Use fixed-do (do=C, re=D, mi=E, fa=F, sol=G, la=A, si=B). Include sharps or flats when needed (e.g. do#, reb, fa#, sib). Do NOT include the octave. Reply with ONLY the syllable and accidental (if needed). Nothing else. Output only the answer.","Listen to this audio clip of a single musical note. The recording may have been sped up or slowed down. Identify the PITCH of the note as it sounds in the audio. What is the main pitch frequency, expressed in Hertz? Reply with ONLY a number (the frequency in Hz). Nothing else. Output only the answer."
stretch_2x,stretch,2.0,64,E4,sine,waveform,64,69,0,0,0,1,E4,E4,1,1,1,mi,sol,0,0,1,69,E4,sol,440,data/analysis_audio/pitchbench_e4_time_stretching/E4_sine_3000ms_stretch_2p00x.wav,E4_sine_3000ms_stretch_2p00x.wav,Listen to this audio clip of a single musical note. The recording may have been sped up or slowed down. Identify the PITCH of the note as it sounds in the audio. What is the MIDI note number (an integer from 0 to 127)? Reply with ONLY the integer. Nothing else. Output only the answer.,"Listen to this audio clip of a single musical note. The recording may have been sped up or slowed down. Identify the PITCH of the note as it sounds in the audio. What is the note name and octave? Reply with ONLY the note name in Scientific Pitch Notation (e.g. C4, F#3, Bb5). Nothing else. Output only the answer.","Listen to this audio clip of a single musical note. The recording may have been sped up or slowed down. Identify the PITCH of the note as it sounds in the audio. What is the solfege syllable and accidental (if needed) of this pitch? Use fixed-do (do=C, re=D, mi=E, fa=F, sol=G, la=A, si=B). Include sharps or flats when needed (e.g. do#, reb, fa#, sib). Do NOT include the octave. Reply with ONLY the syllable and accidental (if needed). Nothing else. Output only the answer.","Listen to this audio clip of a single musical note. The recording may have been sped up or slowed down. Identify the PITCH of the note as it sounds in the audio. What is the main pitch frequency, expressed in Hertz? Reply with ONLY a number (the frequency in Hz). Nothing else. Output only the answer."
stretch_2x,stretch,2.0,67,G4,sine,waveform,67,69,0,0,0,1,G4,G4,1,1,1,sol,sol,1,0,1,69,G4,sol,440,data/analysis_audio/pitchbench_e4_time_stretching/G4_sine_3000ms_stretch_2p00x.wav,G4_sine_3000ms_stretch_2p00x.wav,Listen to this audio clip of a single musical note. The recording may have been sped up or slowed down. Identify the PITCH of the note as it sounds in the audio. What is the MIDI note number (an integer from 0 to 127)? Reply with ONLY the integer. Nothing else. Output only the answer.,"Listen to this audio clip of a single musical note. The recording may have been sped up or slowed down. Identify the PITCH of the note as it sounds in the audio. What is the note name and octave? Reply with ONLY the note name in Scientific Pitch Notation (e.g. C4, F#3, Bb5). Nothing else. Output only the answer.","Listen to this audio clip of a single musical note. The recording may have been sped up or slowed down. Identify the PITCH of the note as it sounds in the audio. What is the solfege syllable and accidental (if needed) of this pitch? Use fixed-do (do=C, re=D, mi=E, fa=F, sol=G, la=A, si=B). Include sharps or flats when needed (e.g. do#, reb, fa#, sib). Do NOT include the octave. Reply with ONLY the syllable and accidental (if needed). Nothing else. Output only the answer.","Listen to this audio clip of a single musical note. The recording may have been sped up or slowed down. Identify the PITCH of the note as it sounds in the audio. What is the main pitch frequency, expressed in Hertz? Reply with ONLY a number (the frequency in Hz). Nothing else. Output only the answer."
stretch_2x,stretch,2.0,69,A4,sine,waveform,69,69,1,1,1,1,A4,A4,1,1,1,la,sol,0,1,1,69,A4,sol,440,data/analysis_audio/pitchbench_e4_time_stretching/A4_sine_3000ms_stretch_2p00x.wav,A4_sine_3000ms_stretch_2p00x.wav,Listen to this audio clip of a single musical note. The recording may have been sped up or slowed down. Identify the PITCH of the note as it sounds in the audio. What is the MIDI note number (an integer from 0 to 127)? Reply with ONLY the integer. Nothing else. Output only the answer.,"Listen to this audio clip of a single musical note. The recording may have been sped up or slowed down. Identify the PITCH of the note as it sounds in the audio. What is the note name and octave? Reply with ONLY the note name in Scientific Pitch Notation (e.g. C4, F#3, Bb5). Nothing else. Output only the answer.","Listen to this audio clip of a single musical note. The recording may have been sped up or slowed down. Identify the PITCH of the note as it sounds in the audio. What is the solfege syllable and accidental (if needed) of this pitch? Use fixed-do (do=C, re=D, mi=E, fa=F, sol=G, la=A, si=B). Include sharps or flats when needed (e.g. do#, reb, fa#, sib). Do NOT include the octave. Reply with ONLY the syllable and accidental (if needed). Nothing else. Output only the answer.","Listen to this audio clip of a single musical note. The recording may have been sped up or slowed down. Identify the PITCH of the note as it sounds in the audio. What is the main pitch frequency, expressed in Hertz? Reply with ONLY a number (the frequency in Hz). Nothing else. Output only the answer."
stretch_2x,stretch,2.0,72,C5,sine,waveform,72,69,0,0,0,0,C5,G4,0,0,0,do,sol,0,0,0,69,G4,sol,440,data/analysis_audio/pitchbench_e4_time_stretching/C5_sine_3000ms_stretch_2p00x.wav,C5_sine_3000ms_stretch_2p00x.wav,Listen to this audio clip of a single musical note. The recording may have been sped up or slowed down. Identify the PITCH of the note as it sounds in the audio. What is the MIDI note number (an integer from 0 to 127)? Reply with ONLY the integer. Nothing else. Output only the answer.,"Listen to this audio clip of a single musical note. The recording may have been sped up or slowed down. Identify the PITCH of the note as it sounds in the audio. What is the note name and octave? Reply with ONLY the note name in Scientific Pitch Notation (e.g. C4, F#3, Bb5). Nothing else. Output only the answer.","Listen to this audio clip of a single musical note. The recording may have been sped up or slowed down. Identify the PITCH of the note as it sounds in the audio. What is the solfege syllable and accidental (if needed) of this pitch? Use fixed-do (do=C, re=D, mi=E, fa=F, sol=G, la=A, si=B). Include sharps or flats when needed (e.g. do#, reb, fa#, sib). Do NOT include the octave. Reply with ONLY the syllable and accidental (if needed). Nothing else. Output only the answer.","Listen to this audio clip of a single musical note. The recording may have been sped up or slowed down. Identify the PITCH of the note as it sounds in the audio. What is the main pitch frequency, expressed in Hertz? Reply with ONLY a number (the frequency in Hz). Nothing else. Output only the answer."
stretch_2x,stretch,2.0,77,F5,sine,waveform,77,69,0,0,0,0,F5,A4,0,0,0,fa,sol,0,0,0,69,A4,sol,440,data/analysis_audio/pitchbench_e4_time_stretching/F5_sine_3000ms_stretch_2p00x.wav,F5_sine_3000ms_stretch_2p00x.wav,Listen to this audio clip of a single musical note. The recording may have been sped up or slowed down. Identify the PITCH of the note as it sounds in the audio. What is the MIDI note number (an integer from 0 to 127)? Reply with ONLY the integer. Nothing else. Output only the answer.,"Listen to this audio clip of a single musical note. The recording may have been sped up or slowed down. Identify the PITCH of the note as it sounds in the audio. What is the note name and octave? Reply with ONLY the note name in Scientific Pitch Notation (e.g. C4, F#3, Bb5). Nothing else. Output only the answer.","Listen to this audio clip of a single musical note. The recording may have been sped up or slowed down. Identify the PITCH of the note as it sounds in the audio. What is the solfege syllable and accidental (if needed) of this pitch? Use fixed-do (do=C, re=D, mi=E, fa=F, sol=G, la=A, si=B). Include sharps or flats when needed (e.g. do#, reb, fa#, sib). Do NOT include the octave. Reply with ONLY the syllable and accidental (if needed). Nothing else. Output only the answer.","Listen to this audio clip of a single musical note. The recording may have been sped up or slowed down. Identify the PITCH of the note as it sounds in the audio. What is the main pitch frequency, expressed in Hertz? Reply with ONLY a number (the frequency in Hz). Nothing else. Output only the answer."
stretch_2x,stretch,2.0,84,C6,sine,waveform,84,69,0,0,0,0,C6,A4,0,0,0,do,sol,0,0,0,69,A4,sol,440,data/analysis_audio/pitchbench_e4_time_stretching/C6_sine_3000ms_stretch_2p00x.wav,C6_sine_3000ms_stretch_2p00x.wav,Listen to this audio clip of a single musical note. The recording may have been sped up or slowed down. Identify the PITCH of the note as it sounds in the audio. What is the MIDI note number (an integer from 0 to 127)? Reply with ONLY the integer. Nothing else. Output only the answer.,"Listen to this audio clip of a single musical note. The recording may have been sped up or slowed down. Identify the PITCH of the note as it sounds in the audio. What is the note name and octave? Reply with ONLY the note name in Scientific Pitch Notation (e.g. C4, F#3, Bb5). Nothing else. Output only the answer.","Listen to this audio clip of a single musical note. The recording may have been sped up or slowed down. Identify the PITCH of the note as it sounds in the audio. What is the solfege syllable and accidental (if needed) of this pitch? Use fixed-do (do=C, re=D, mi=E, fa=F, sol=G, la=A, si=B). Include sharps or flats when needed (e.g. do#, reb, fa#, sib). Do NOT include the octave. Reply with ONLY the syllable and accidental (if needed). Nothing else. Output only the answer.","Listen to this audio clip of a single musical note. The recording may have been sped up or slowed down. Identify the PITCH of the note as it sounds in the audio. What is the main pitch frequency, expressed in Hertz? Reply with ONLY a number (the frequency in Hz). Nothing else. Output only the answer."
resample_0.5x,resample,0.5,36,C2,synth_lead,instrument,48,68,0,0,0,0,C3,,0,0,0,do,sol,0,0,0,68,"I’m sorry, but I can’t identify the pitch of the note from the audio.",sol,440,data/analysis_audio/pitchbench_e4_time_stretching/C2_synth_lead_3000ms_resample_0p50x.wav,C2_synth_lead_3000ms_resample_0p50x.wav,Listen to this audio clip of a single musical note. The recording may have been sped up or slowed down. Identify the PITCH of the note as it sounds in the audio. What is the MIDI note number (an integer from 0 to 127)? Reply with ONLY the integer. Nothing else. Output only the answer.,"Listen to this audio clip of a single musical note. The recording may have been sped up or slowed down. Identify the PITCH of the note as it sounds in the audio. What is the note name and octave? Reply with ONLY the note name in Scientific Pitch Notation (e.g. C4, F#3, Bb5). Nothing else. Output only the answer.","Listen to this audio clip of a single musical note. The recording may have been sped up or slowed down. Identify the PITCH of the note as it sounds in the audio. What is the solfege syllable and accidental (if needed) of this pitch? Use fixed-do (do=C, re=D, mi=E, fa=F, sol=G, la=A, si=B). Include sharps or flats when needed (e.g. do#, reb, fa#, sib). Do NOT include the octave. Reply with ONLY the syllable and accidental (if needed). Nothing else. Output only the answer.","Listen to this audio clip of a single musical note. The recording may have been sped up or slowed down. Identify the PITCH of the note as it sounds in the audio. What is the main pitch frequency, expressed in Hertz? Reply with ONLY a number (the frequency in Hz). Nothing else. Output only the answer."
resample_0.5x,resample,0.5,43,G2,synth_lead,instrument,55,68,0,0,0,0,G3,E4,0,0,0,sol,sol,1,0,0,68,E4,sol,440,data/analysis_audio/pitchbench_e4_time_stretching/G2_synth_lead_3000ms_resample_0p50x.wav,G2_synth_lead_3000ms_resample_0p50x.wav,Listen to this audio clip of a single musical note. The recording may have been sped up or slowed down. Identify the PITCH of the note as it sounds in the audio. What is the MIDI note number (an integer from 0 to 127)? Reply with ONLY the integer. Nothing else. Output only the answer.,"Listen to this audio clip of a single musical note. The recording may have been sped up or slowed down. Identify the PITCH of the note as it sounds in the audio. What is the note name and octave? Reply with ONLY the note name in Scientific Pitch Notation (e.g. C4, F#3, Bb5). Nothing else. Output only the answer.","Listen to this audio clip of a single musical note. The recording may have been sped up or slowed down. Identify the PITCH of the note as it sounds in the audio. What is the solfege syllable and accidental (if needed) of this pitch? Use fixed-do (do=C, re=D, mi=E, fa=F, sol=G, la=A, si=B). Include sharps or flats when needed (e.g. do#, reb, fa#, sib). Do NOT include the octave. Reply with ONLY the syllable and accidental (if needed). Nothing else. Output only the answer.","Listen to this audio clip of a single musical note. The recording may have been sped up or slowed down. Identify the PITCH of the note as it sounds in the audio. What is the main pitch frequency, expressed in Hertz? Reply with ONLY a number (the frequency in Hz). Nothing else. Output only the answer."
resample_0.5x,resample,0.5,48,C3,synth_lead,instrument,60,69,0,0,0,1,C4,G4,0,0,1,do,sol,0,0,0,69,G4,sol,440,data/analysis_audio/pitchbench_e4_time_stretching/C3_synth_lead_3000ms_resample_0p50x.wav,C3_synth_lead_3000ms_resample_0p50x.wav,Listen to this audio clip of a single musical note. The recording may have been sped up or slowed down. Identify the PITCH of the note as it sounds in the audio. What is the MIDI note number (an integer from 0 to 127)? Reply with ONLY the integer. Nothing else. Output only the answer.,"Listen to this audio clip of a single musical note. The recording may have been sped up or slowed down. Identify the PITCH of the note as it sounds in the audio. What is the note name and octave? Reply with ONLY the note name in Scientific Pitch Notation (e.g. C4, F#3, Bb5). Nothing else. Output only the answer.","Listen to this audio clip of a single musical note. The recording may have been sped up or slowed down. Identify the PITCH of the note as it sounds in the audio. What is the solfege syllable and accidental (if needed) of this pitch? Use fixed-do (do=C, re=D, mi=E, fa=F, sol=G, la=A, si=B). Include sharps or flats when needed (e.g. do#, reb, fa#, sib). Do NOT include the octave. Reply with ONLY the syllable and accidental (if needed). Nothing else. Output only the answer.","Listen to this audio clip of a single musical note. The recording may have been sped up or slowed down. Identify the PITCH of the note as it sounds in the audio. What is the main pitch frequency, expressed in Hertz? Reply with ONLY a number (the frequency in Hz). Nothing else. Output only the answer."
resample_0.5x,resample,0.5,54,F#3,synth_lead,instrument,66,69,0,0,0,1,F#4,F4,0,0,1,fa#,sol,0,0,0,69,F4,sol,440,data/analysis_audio/pitchbench_e4_time_stretching/Fs3_synth_lead_3000ms_resample_0p50x.wav,Fs3_synth_lead_3000ms_resample_0p50x.wav,Listen to this audio clip of a single musical note. The recording may have been sped up or slowed down. Identify the PITCH of the note as it sounds in the audio. What is the MIDI note number (an integer from 0 to 127)? Reply with ONLY the integer. Nothing else. Output only the answer.,"Listen to this audio clip of a single musical note. The recording may have been sped up or slowed down. Identify the PITCH of the note as it sounds in the audio. What is the note name and octave? Reply with ONLY the note name in Scientific Pitch Notation (e.g. C4, F#3, Bb5). Nothing else. Output only the answer.","Listen to this audio clip of a single musical note. The recording may have been sped up or slowed down. Identify the PITCH of the note as it sounds in the audio. What is the solfege syllable and accidental (if needed) of this pitch? Use fixed-do (do=C, re=D, mi=E, fa=F, sol=G, la=A, si=B). Include sharps or flats when needed (e.g. do#, reb, fa#, sib). Do NOT include the octave. Reply with ONLY the syllable and accidental (if needed). Nothing else. Output only the answer.","Listen to this audio clip of a single musical note. The recording may have been sped up or slowed down. Identify the PITCH of the note as it sounds in the audio. What is the main pitch frequency, expressed in Hertz? Reply with ONLY a number (the frequency in Hz). Nothing else. Output only the answer."
resample_0.5x,resample,0.5,58,A#3,synth_lead,instrument,70,52,0,0,0,0,A#4,,0,0,0,la#,sol,0,0,0,52,"I’m sorry, but I can’t determine the pitch of the note from the audio.",sol,"I’m sorry, but I can’t determine the pitch frequency from the audio.",data/analysis_audio/pitchbench_e4_time_stretching/As3_synth_lead_3000ms_resample_0p50x.wav,As3_synth_lead_3000ms_resample_0p50x.wav,Listen to this audio clip of a single musical note. The recording may have been sped up or slowed down. Identify the PITCH of the note as it sounds in the audio. What is the MIDI note number (an integer from 0 to 127)? Reply with ONLY the integer. Nothing else. Output only the answer.,"Listen to this audio clip of a single musical note. The recording may have been sped up or slowed down. Identify the PITCH of the note as it sounds in the audio. What is the note name and octave? Reply with ONLY the note name in Scientific Pitch Notation (e.g. C4, F#3, Bb5). Nothing else. Output only the answer.","Listen to this audio clip of a single musical note. The recording may have been sped up or slowed down. Identify the PITCH of the note as it sounds in the audio. What is the solfege syllable and accidental (if needed) of this pitch? Use fixed-do (do=C, re=D, mi=E, fa=F, sol=G, la=A, si=B). Include sharps or flats when needed (e.g. do#, reb, fa#, sib). Do NOT include the octave. Reply with ONLY the syllable and accidental (if needed). Nothing else. Output only the answer.","Listen to this audio clip of a single musical note. The recording may have been sped up or slowed down. Identify the PITCH of the note as it sounds in the audio. What is the main pitch frequency, expressed in Hertz? Reply with ONLY a number (the frequency in Hz). Nothing else. Output only the answer."
resample_0.5x,resample,0.5,60,C4,synth_lead,instrument,72,68,0,0,0,0,C5,C4,0,1,0,do,mi,0,0,0,68,C4,mi,440,data/analysis_audio/pitchbench_e4_time_stretching/C4_synth_lead_3000ms_resample_0p50x.wav,C4_synth_lead_3000ms_resample_0p50x.wav,Listen to this audio clip of a single musical note. The recording may have been sped up or slowed down. Identify the PITCH of the note as it sounds in the audio. What is the MIDI note number (an integer from 0 to 127)? Reply with ONLY the integer. Nothing else. Output only the answer.,"Listen to this audio clip of a single musical note. The recording may have been sped up or slowed down. Identify the PITCH of the note as it sounds in the audio. What is the note name and octave? Reply with ONLY the note name in Scientific Pitch Notation (e.g. C4, F#3, Bb5). Nothing else. Output only the answer.","Listen to this audio clip of a single musical note. The recording may have been sped up or slowed down. Identify the PITCH of the note as it sounds in the audio. What is the solfege syllable and accidental (if needed) of this pitch? Use fixed-do (do=C, re=D, mi=E, fa=F, sol=G, la=A, si=B). Include sharps or flats when needed (e.g. do#, reb, fa#, sib). Do NOT include the octave. Reply with ONLY the syllable and accidental (if needed). Nothing else. Output only the answer.","Listen to this audio clip of a single musical note. The recording may have been sped up or slowed down. Identify the PITCH of the note as it sounds in the audio. What is the main pitch frequency, expressed in Hertz? Reply with ONLY a number (the frequency in Hz). Nothing else. Output only the answer."
resample_0.5x,resample,0.5,64,E4,synth_lead,instrument,76,68,0,0,0,0,E5,E4,0,1,0,mi,sol,0,0,0,68,E4,sol,440,data/analysis_audio/pitchbench_e4_time_stretching/E4_synth_lead_3000ms_resample_0p50x.wav,E4_synth_lead_3000ms_resample_0p50x.wav,Listen to this audio clip of a single musical note. The recording may have been sped up or slowed down. Identify the PITCH of the note as it sounds in the audio. What is the MIDI note number (an integer from 0 to 127)? Reply with ONLY the integer. Nothing else. Output only the answer.,"Listen to this audio clip of a single musical note. The recording may have been sped up or slowed down. Identify the PITCH of the note as it sounds in the audio. What is the note name and octave? Reply with ONLY the note name in Scientific Pitch Notation (e.g. C4, F#3, Bb5). Nothing else. Output only the answer.","Listen to this audio clip of a single musical note. The recording may have been sped up or slowed down. Identify the PITCH of the note as it sounds in the audio. What is the solfege syllable and accidental (if needed) of this pitch? Use fixed-do (do=C, re=D, mi=E, fa=F, sol=G, la=A, si=B). Include sharps or flats when needed (e.g. do#, reb, fa#, sib). Do NOT include the octave. Reply with ONLY the syllable and accidental (if needed). Nothing else. Output only the answer.","Listen to this audio clip of a single musical note. The recording may have been sped up or slowed down. Identify the PITCH of the note as it sounds in the audio. What is the main pitch frequency, expressed in Hertz? Reply with ONLY a number (the frequency in Hz). Nothing else. Output only the answer."
resample_0.5x,resample,0.5,67,G4,synth_lead,instrument,79,69,0,0,0,0,G5,A4,0,0,0,sol,sol,1,0,0,69,A4,sol,440,data/analysis_audio/pitchbench_e4_time_stretching/G4_synth_lead_3000ms_resample_0p50x.wav,G4_synth_lead_3000ms_resample_0p50x.wav,Listen to this audio clip of a single musical note. The recording may have been sped up or slowed down. Identify the PITCH of the note as it sounds in the audio. What is the MIDI note number (an integer from 0 to 127)? Reply with ONLY the integer. Nothing else. Output only the answer.,"Listen to this audio clip of a single musical note. The recording may have been sped up or slowed down. Identify the PITCH of the note as it sounds in the audio. What is the note name and octave? Reply with ONLY the note name in Scientific Pitch Notation (e.g. C4, F#3, Bb5). Nothing else. Output only the answer.","Listen to this audio clip of a single musical note. The recording may have been sped up or slowed down. Identify the PITCH of the note as it sounds in the audio. What is the solfege syllable and accidental (if needed) of this pitch? Use fixed-do (do=C, re=D, mi=E, fa=F, sol=G, la=A, si=B). Include sharps or flats when needed (e.g. do#, reb, fa#, sib). Do NOT include the octave. Reply with ONLY the syllable and accidental (if needed). Nothing else. Output only the answer.","Listen to this audio clip of a single musical note. The recording may have been sped up or slowed down. Identify the PITCH of the note as it sounds in the audio. What is the main pitch frequency, expressed in Hertz? Reply with ONLY a number (the frequency in Hz). Nothing else. Output only the answer."
resample_0.5x,resample,0.5,69,A4,synth_lead,instrument,81,72,0,0,0,1,A5,G4,0,0,0,la,sol,0,0,0,72,G4,sol,440,data/analysis_audio/pitchbench_e4_time_stretching/A4_synth_lead_3000ms_resample_0p50x.wav,A4_synth_lead_3000ms_resample_0p50x.wav,Listen to this audio clip of a single musical note. The recording may have been sped up or slowed down. Identify the PITCH of the note as it sounds in the audio. What is the MIDI note number (an integer from 0 to 127)? Reply with ONLY the integer. Nothing else. Output only the answer.,"Listen to this audio clip of a single musical note. The recording may have been sped up or slowed down. Identify the PITCH of the note as it sounds in the audio. What is the note name and octave? Reply with ONLY the note name in Scientific Pitch Notation (e.g. C4, F#3, Bb5). Nothing else. Output only the answer.","Listen to this audio clip of a single musical note. The recording may have been sped up or slowed down. Identify the PITCH of the note as it sounds in the audio. What is the solfege syllable and accidental (if needed) of this pitch? Use fixed-do (do=C, re=D, mi=E, fa=F, sol=G, la=A, si=B). Include sharps or flats when needed (e.g. do#, reb, fa#, sib). Do NOT include the octave. Reply with ONLY the syllable and accidental (if needed). Nothing else. Output only the answer.","Listen to this audio clip of a single musical note. The recording may have been sped up or slowed down. Identify the PITCH of the note as it sounds in the audio. What is the main pitch frequency, expressed in Hertz? Reply with ONLY a number (the frequency in Hz). Nothing else. Output only the answer."
resample_0.5x,resample,0.5,72,C5,synth_lead,instrument,84,69,0,0,0,0,C6,E4,0,0,0,do,sol,0,0,0,69,E4,sol,440,data/analysis_audio/pitchbench_e4_time_stretching/C5_synth_lead_3000ms_resample_0p50x.wav,C5_synth_lead_3000ms_resample_0p50x.wav,Listen to this audio clip of a single musical note. The recording may have been sped up or slowed down. Identify the PITCH of the note as it sounds in the audio. What is the MIDI note number (an integer from 0 to 127)? Reply with ONLY the integer. Nothing else. Output only the answer.,"Listen to this audio clip of a single musical note. The recording may have been sped up or slowed down. Identify the PITCH of the note as it sounds in the audio. What is the note name and octave? Reply with ONLY the note name in Scientific Pitch Notation (e.g. C4, F#3, Bb5). Nothing else. Output only the answer.","Listen to this audio clip of a single musical note. The recording may have been sped up or slowed down. Identify the PITCH of the note as it sounds in the audio. What is the solfege syllable and accidental (if needed) of this pitch? Use fixed-do (do=C, re=D, mi=E, fa=F, sol=G, la=A, si=B). Include sharps or flats when needed (e.g. do#, reb, fa#, sib). Do NOT include the octave. Reply with ONLY the syllable and accidental (if needed). Nothing else. Output only the answer.","Listen to this audio clip of a single musical note. The recording may have been sped up or slowed down. Identify the PITCH of the note as it sounds in the audio. What is the main pitch frequency, expressed in Hertz? Reply with ONLY a number (the frequency in Hz). Nothing else. Output only the answer."
resample_0.5x,resample,0.5,77,F5,synth_lead,instrument,89,69,0,0,0,0,F6,A4,0,0,0,fa,sol,0,0,0,69,A4,sol,440,data/analysis_audio/pitchbench_e4_time_stretching/F5_synth_lead_3000ms_resample_0p50x.wav,F5_synth_lead_3000ms_resample_0p50x.wav,Listen to this audio clip of a single musical note. The recording may have been sped up or slowed down. Identify the PITCH of the note as it sounds in the audio. What is the MIDI note number (an integer from 0 to 127)? Reply with ONLY the integer. Nothing else. Output only the answer.,"Listen to this audio clip of a single musical note. The recording may have been sped up or slowed down. Identify the PITCH of the note as it sounds in the audio. What is the note name and octave? Reply with ONLY the note name in Scientific Pitch Notation (e.g. C4, F#3, Bb5). Nothing else. Output only the answer.","Listen to this audio clip of a single musical note. The recording may have been sped up or slowed down. Identify the PITCH of the note as it sounds in the audio. What is the solfege syllable and accidental (if needed) of this pitch? Use fixed-do (do=C, re=D, mi=E, fa=F, sol=G, la=A, si=B). Include sharps or flats when needed (e.g. do#, reb, fa#, sib). Do NOT include the octave. Reply with ONLY the syllable and accidental (if needed). Nothing else. Output only the answer.","Listen to this audio clip of a single musical note. The recording may have been sped up or slowed down. Identify the PITCH of the note as it sounds in the audio. What is the main pitch frequency, expressed in Hertz? Reply with ONLY a number (the frequency in Hz). Nothing else. Output only the answer."
resample_0.5x,resample,0.5,84,C6,synth_lead,instrument,96,69,0,0,0,0,C7,G4,0,0,0,do,sol,0,0,0,69,G4,sol,440,data/analysis_audio/pitchbench_e4_time_stretching/C6_synth_lead_3000ms_resample_0p50x.wav,C6_synth_lead_3000ms_resample_0p50x.wav,Listen to this audio clip of a single musical note. The recording may have been sped up or slowed down. Identify the PITCH of the note as it sounds in the audio. What is the MIDI note number (an integer from 0 to 127)? Reply with ONLY the integer. Nothing else. Output only the answer.,"Listen to this audio clip of a single musical note. The recording may have been sped up or slowed down. Identify the PITCH of the note as it sounds in the audio. What is the note name and octave? Reply with ONLY the note name in Scientific Pitch Notation (e.g. C4, F#3, Bb5). Nothing else. Output only the answer.","Listen to this audio clip of a single musical note. The recording may have been sped up or slowed down. Identify the PITCH of the note as it sounds in the audio. What is the solfege syllable and accidental (if needed) of this pitch? Use fixed-do (do=C, re=D, mi=E, fa=F, sol=G, la=A, si=B). Include sharps or flats when needed (e.g. do#, reb, fa#, sib). Do NOT include the octave. Reply with ONLY the syllable and accidental (if needed). Nothing else. Output only the answer.","Listen to this audio clip of a single musical note. The recording may have been sped up or slowed down. Identify the PITCH of the note as it sounds in the audio. What is the main pitch frequency, expressed in Hertz? Reply with ONLY a number (the frequency in Hz). Nothing else. Output only the answer."
resample_2x,resample,2.0,36,C2,synth_lead,instrument,24,69,0,0,0,0,C1,G4,0,0,0,do,sol,0,0,0,69,G4,sol,440,data/analysis_audio/pitchbench_e4_time_stretching/C2_synth_lead_3000ms_resample_2p00x.wav,C2_synth_lead_3000ms_resample_2p00x.wav,Listen to this audio clip of a single musical note. The recording may have been sped up or slowed down. Identify the PITCH of the note as it sounds in the audio. What is the MIDI note number (an integer from 0 to 127)? Reply with ONLY the integer. Nothing else. Output only the answer.,"Listen to this audio clip of a single musical note. The recording may have been sped up or slowed down. Identify the PITCH of the note as it sounds in the audio. What is the note name and octave? Reply with ONLY the note name in Scientific Pitch Notation (e.g. C4, F#3, Bb5). Nothing else. Output only the answer.","Listen to this audio clip of a single musical note. The recording may have been sped up or slowed down. Identify the PITCH of the note as it sounds in the audio. What is the solfege syllable and accidental (if needed) of this pitch? Use fixed-do (do=C, re=D, mi=E, fa=F, sol=G, la=A, si=B). Include sharps or flats when needed (e.g. do#, reb, fa#, sib). Do NOT include the octave. Reply with ONLY the syllable and accidental (if needed). Nothing else. Output only the answer.","Listen to this audio clip of a single musical note. The recording may have been sped up or slowed down. Identify the PITCH of the note as it sounds in the audio. What is the main pitch frequency, expressed in Hertz? Reply with ONLY a number (the frequency in Hz). Nothing else. Output only the answer."
resample_2x,resample,2.0,43,G2,synth_lead,instrument,31,69,0,0,0,0,G1,F#3,0,0,0,sol,sol,1,0,0,69,F#3,sol,440,data/analysis_audio/pitchbench_e4_time_stretching/G2_synth_lead_3000ms_resample_2p00x.wav,G2_synth_lead_3000ms_resample_2p00x.wav,Listen to this audio clip of a single musical note. The recording may have been sped up or slowed down. Identify the PITCH of the note as it sounds in the audio. What is the MIDI note number (an integer from 0 to 127)? Reply with ONLY the integer. Nothing else. Output only the answer.,"Listen to this audio clip of a single musical note. The recording may have been sped up or slowed down. Identify the PITCH of the note as it sounds in the audio. What is the note name and octave? Reply with ONLY the note name in Scientific Pitch Notation (e.g. C4, F#3, Bb5). Nothing else. Output only the answer.","Listen to this audio clip of a single musical note. The recording may have been sped up or slowed down. Identify the PITCH of the note as it sounds in the audio. What is the solfege syllable and accidental (if needed) of this pitch? Use fixed-do (do=C, re=D, mi=E, fa=F, sol=G, la=A, si=B). Include sharps or flats when needed (e.g. do#, reb, fa#, sib). Do NOT include the octave. Reply with ONLY the syllable and accidental (if needed). Nothing else. Output only the answer.","Listen to this audio clip of a single musical note. The recording may have been sped up or slowed down. Identify the PITCH of the note as it sounds in the audio. What is the main pitch frequency, expressed in Hertz? Reply with ONLY a number (the frequency in Hz). Nothing else. Output only the answer."
resample_2x,resample,2.0,48,C3,synth_lead,instrument,36,69,0,0,0,0,C2,G4,0,0,0,do,sol,0,0,0,69,G4,sol,440,data/analysis_audio/pitchbench_e4_time_stretching/C3_synth_lead_3000ms_resample_2p00x.wav,C3_synth_lead_3000ms_resample_2p00x.wav,Listen to this audio clip of a single musical note. The recording may have been sped up or slowed down. Identify the PITCH of the note as it sounds in the audio. What is the MIDI note number (an integer from 0 to 127)? Reply with ONLY the integer. Nothing else. Output only the answer.,"Listen to this audio clip of a single musical note. The recording may have been sped up or slowed down. Identify the PITCH of the note as it sounds in the audio. What is the note name and octave? Reply with ONLY the note name in Scientific Pitch Notation (e.g. C4, F#3, Bb5). Nothing else. Output only the answer.","Listen to this audio clip of a single musical note. The recording may have been sped up or slowed down. Identify the PITCH of the note as it sounds in the audio. What is the solfege syllable and accidental (if needed) of this pitch? Use fixed-do (do=C, re=D, mi=E, fa=F, sol=G, la=A, si=B). Include sharps or flats when needed (e.g. do#, reb, fa#, sib). Do NOT include the octave. Reply with ONLY the syllable and accidental (if needed). Nothing else. Output only the answer.","Listen to this audio clip of a single musical note. The recording may have been sped up or slowed down. Identify the PITCH of the note as it sounds in the audio. What is the main pitch frequency, expressed in Hertz? Reply with ONLY a number (the frequency in Hz). Nothing else. Output only the answer."
resample_2x,resample,2.0,54,F#3,synth_lead,instrument,42,69,0,0,0,0,F#2,G#3,0,0,0,fa#,sol,0,0,0,69,G#3,sol,440,data/analysis_audio/pitchbench_e4_time_stretching/Fs3_synth_lead_3000ms_resample_2p00x.wav,Fs3_synth_lead_3000ms_resample_2p00x.wav,Listen to this audio clip of a single musical note. The recording may have been sped up or slowed down. Identify the PITCH of the note as it sounds in the audio. What is the MIDI note number (an integer from 0 to 127)? Reply with ONLY the integer. Nothing else. Output only the answer.,"Listen to this audio clip of a single musical note. The recording may have been sped up or slowed down. Identify the PITCH of the note as it sounds in the audio. What is the note name and octave? Reply with ONLY the note name in Scientific Pitch Notation (e.g. C4, F#3, Bb5). Nothing else. Output only the answer.","Listen to this audio clip of a single musical note. The recording may have been sped up or slowed down. Identify the PITCH of the note as it sounds in the audio. What is the solfege syllable and accidental (if needed) of this pitch? Use fixed-do (do=C, re=D, mi=E, fa=F, sol=G, la=A, si=B). Include sharps or flats when needed (e.g. do#, reb, fa#, sib). Do NOT include the octave. Reply with ONLY the syllable and accidental (if needed). Nothing else. Output only the answer.","Listen to this audio clip of a single musical note. The recording may have been sped up or slowed down. Identify the PITCH of the note as it sounds in the audio. What is the main pitch frequency, expressed in Hertz? Reply with ONLY a number (the frequency in Hz). Nothing else. Output only the answer."
resample_2x,resample,2.0,58,A#3,synth_lead,instrument,46,69,0,0,0,0,A#2,A3,0,0,0,la#,sol,0,0,0,69,A3,sol,440,data/analysis_audio/pitchbench_e4_time_stretching/As3_synth_lead_3000ms_resample_2p00x.wav,As3_synth_lead_3000ms_resample_2p00x.wav,Listen to this audio clip of a single musical note. The recording may have been sped up or slowed down. Identify the PITCH of the note as it sounds in the audio. What is the MIDI note number (an integer from 0 to 127)? Reply with ONLY the integer. Nothing else. Output only the answer.,"Listen to this audio clip of a single musical note. The recording may have been sped up or slowed down. Identify the PITCH of the note as it sounds in the audio. What is the note name and octave? Reply with ONLY the note name in Scientific Pitch Notation (e.g. C4, F#3, Bb5). Nothing else. Output only the answer.","Listen to this audio clip of a single musical note. The recording may have been sped up or slowed down. Identify the PITCH of the note as it sounds in the audio. What is the solfege syllable and accidental (if needed) of this pitch? Use fixed-do (do=C, re=D, mi=E, fa=F, sol=G, la=A, si=B). Include sharps or flats when needed (e.g. do#, reb, fa#, sib). Do NOT include the octave. Reply with ONLY the syllable and accidental (if needed). Nothing else. Output only the answer.","Listen to this audio clip of a single musical note. The recording may have been sped up or slowed down. Identify the PITCH of the note as it sounds in the audio. What is the main pitch frequency, expressed in Hertz? Reply with ONLY a number (the frequency in Hz). Nothing else. Output only the answer."
resample_2x,resample,2.0,60,C4,synth_lead,instrument,48,57,0,0,0,1,C3,F#3,0,0,1,do,sol,0,0,0,57,F#3,sol,220,data/analysis_audio/pitchbench_e4_time_stretching/C4_synth_lead_3000ms_resample_2p00x.wav,C4_synth_lead_3000ms_resample_2p00x.wav,Listen to this audio clip of a single musical note. The recording may have been sped up or slowed down. Identify the PITCH of the note as it sounds in the audio. What is the MIDI note number (an integer from 0 to 127)? Reply with ONLY the integer. Nothing else. Output only the answer.,"Listen to this audio clip of a single musical note. The recording may have been sped up or slowed down. Identify the PITCH of the note as it sounds in the audio. What is the note name and octave? Reply with ONLY the note name in Scientific Pitch Notation (e.g. C4, F#3, Bb5). Nothing else. Output only the answer.","Listen to this audio clip of a single musical note. The recording may have been sped up or slowed down. Identify the PITCH of the note as it sounds in the audio. What is the solfege syllable and accidental (if needed) of this pitch? Use fixed-do (do=C, re=D, mi=E, fa=F, sol=G, la=A, si=B). Include sharps or flats when needed (e.g. do#, reb, fa#, sib). Do NOT include the octave. Reply with ONLY the syllable and accidental (if needed). Nothing else. Output only the answer.","Listen to this audio clip of a single musical note. The recording may have been sped up or slowed down. Identify the PITCH of the note as it sounds in the audio. What is the main pitch frequency, expressed in Hertz? Reply with ONLY a number (the frequency in Hz). Nothing else. Output only the answer."
resample_2x,resample,2.0,64,E4,synth_lead,instrument,52,72,0,0,0,0,E3,A3,0,0,1,mi,sol,0,0,0,72,A3,sol,440,data/analysis_audio/pitchbench_e4_time_stretching/E4_synth_lead_3000ms_resample_2p00x.wav,E4_synth_lead_3000ms_resample_2p00x.wav,Listen to this audio clip of a single musical note. The recording may have been sped up or slowed down. Identify the PITCH of the note as it sounds in the audio. What is the MIDI note number (an integer from 0 to 127)? Reply with ONLY the integer. Nothing else. Output only the answer.,"Listen to this audio clip of a single musical note. The recording may have been sped up or slowed down. Identify the PITCH of the note as it sounds in the audio. What is the note name and octave? Reply with ONLY the note name in Scientific Pitch Notation (e.g. C4, F#3, Bb5). Nothing else. Output only the answer.","Listen to this audio clip of a single musical note. The recording may have been sped up or slowed down. Identify the PITCH of the note as it sounds in the audio. What is the solfege syllable and accidental (if needed) of this pitch? Use fixed-do (do=C, re=D, mi=E, fa=F, sol=G, la=A, si=B). Include sharps or flats when needed (e.g. do#, reb, fa#, sib). Do NOT include the octave. Reply with ONLY the syllable and accidental (if needed). Nothing else. Output only the answer.","Listen to this audio clip of a single musical note. The recording may have been sped up or slowed down. Identify the PITCH of the note as it sounds in the audio. What is the main pitch frequency, expressed in Hertz? Reply with ONLY a number (the frequency in Hz). Nothing else. Output only the answer."
resample_2x,resample,2.0,67,G4,synth_lead,instrument,55,69,0,0,0,0,G3,A4,0,0,0,sol,sol,1,0,0,69,A4,sol,440,data/analysis_audio/pitchbench_e4_time_stretching/G4_synth_lead_3000ms_resample_2p00x.wav,G4_synth_lead_3000ms_resample_2p00x.wav,Listen to this audio clip of a single musical note. The recording may have been sped up or slowed down. Identify the PITCH of the note as it sounds in the audio. What is the MIDI note number (an integer from 0 to 127)? Reply with ONLY the integer. Nothing else. Output only the answer.,"Listen to this audio clip of a single musical note. The recording may have been sped up or slowed down. Identify the PITCH of the note as it sounds in the audio. What is the note name and octave? Reply with ONLY the note name in Scientific Pitch Notation (e.g. C4, F#3, Bb5). Nothing else. Output only the answer.","Listen to this audio clip of a single musical note. The recording may have been sped up or slowed down. Identify the PITCH of the note as it sounds in the audio. What is the solfege syllable and accidental (if needed) of this pitch? Use fixed-do (do=C, re=D, mi=E, fa=F, sol=G, la=A, si=B). Include sharps or flats when needed (e.g. do#, reb, fa#, sib). Do NOT include the octave. Reply with ONLY the syllable and accidental (if needed). Nothing else. Output only the answer.","Listen to this audio clip of a single musical note. The recording may have been sped up or slowed down. Identify the PITCH of the note as it sounds in the audio. What is the main pitch frequency, expressed in Hertz? Reply with ONLY a number (the frequency in Hz). Nothing else. Output only the answer."
resample_2x,resample,2.0,69,A4,synth_lead,instrument,57,48,0,0,0,1,A3,A3,1,1,1,la,sol,0,0,1,48,A3,sol,440,data/analysis_audio/pitchbench_e4_time_stretching/A4_synth_lead_3000ms_resample_2p00x.wav,A4_synth_lead_3000ms_resample_2p00x.wav,Listen to this audio clip of a single musical note. The recording may have been sped up or slowed down. Identify the PITCH of the note as it sounds in the audio. What is the MIDI note number (an integer from 0 to 127)? Reply with ONLY the integer. Nothing else. Output only the answer.,"Listen to this audio clip of a single musical note. The recording may have been sped up or slowed down. Identify the PITCH of the note as it sounds in the audio. What is the note name and octave? Reply with ONLY the note name in Scientific Pitch Notation (e.g. C4, F#3, Bb5). Nothing else. Output only the answer.","Listen to this audio clip of a single musical note. The recording may have been sped up or slowed down. Identify the PITCH of the note as it sounds in the audio. What is the solfege syllable and accidental (if needed) of this pitch? Use fixed-do (do=C, re=D, mi=E, fa=F, sol=G, la=A, si=B). Include sharps or flats when needed (e.g. do#, reb, fa#, sib). Do NOT include the octave. Reply with ONLY the syllable and accidental (if needed). Nothing else. Output only the answer.","Listen to this audio clip of a single musical note. The recording may have been sped up or slowed down. Identify the PITCH of the note as it sounds in the audio. What is the main pitch frequency, expressed in Hertz? Reply with ONLY a number (the frequency in Hz). Nothing else. Output only the answer."
resample_2x,resample,2.0,72,C5,synth_lead,instrument,60,69,0,0,0,1,C4,G4,0,0,1,do,sol,0,0,0,69,G4,sol,440,data/analysis_audio/pitchbench_e4_time_stretching/C5_synth_lead_3000ms_resample_2p00x.wav,C5_synth_lead_3000ms_resample_2p00x.wav,Listen to this audio clip of a single musical note. The recording may have been sped up or slowed down. Identify the PITCH of the note as it sounds in the audio. What is the MIDI note number (an integer from 0 to 127)? Reply with ONLY the integer. Nothing else. Output only the answer.,"Listen to this audio clip of a single musical note. The recording may have been sped up or slowed down. Identify the PITCH of the note as it sounds in the audio. What is the note name and octave? Reply with ONLY the note name in Scientific Pitch Notation (e.g. C4, F#3, Bb5). Nothing else. Output only the answer.","Listen to this audio clip of a single musical note. The recording may have been sped up or slowed down. Identify the PITCH of the note as it sounds in the audio. What is the solfege syllable and accidental (if needed) of this pitch? Use fixed-do (do=C, re=D, mi=E, fa=F, sol=G, la=A, si=B). Include sharps or flats when needed (e.g. do#, reb, fa#, sib). Do NOT include the octave. Reply with ONLY the syllable and accidental (if needed). Nothing else. Output only the answer.","Listen to this audio clip of a single musical note. The recording may have been sped up or slowed down. Identify the PITCH of the note as it sounds in the audio. What is the main pitch frequency, expressed in Hertz? Reply with ONLY a number (the frequency in Hz). Nothing else. Output only the answer."
resample_2x,resample,2.0,77,F5,synth_lead,instrument,65,69,0,0,0,1,F4,A#3,0,0,0,fa,sol,0,0,0,69,A#3,sol,440,data/analysis_audio/pitchbench_e4_time_stretching/F5_synth_lead_3000ms_resample_2p00x.wav,F5_synth_lead_3000ms_resample_2p00x.wav,Listen to this audio clip of a single musical note. The recording may have been sped up or slowed down. Identify the PITCH of the note as it sounds in the audio. What is the MIDI note number (an integer from 0 to 127)? Reply with ONLY the integer. Nothing else. Output only the answer.,"Listen to this audio clip of a single musical note. The recording may have been sped up or slowed down. Identify the PITCH of the note as it sounds in the audio. What is the note name and octave? Reply with ONLY the note name in Scientific Pitch Notation (e.g. C4, F#3, Bb5). Nothing else. Output only the answer.","Listen to this audio clip of a single musical note. The recording may have been sped up or slowed down. Identify the PITCH of the note as it sounds in the audio. What is the solfege syllable and accidental (if needed) of this pitch? Use fixed-do (do=C, re=D, mi=E, fa=F, sol=G, la=A, si=B). Include sharps or flats when needed (e.g. do#, reb, fa#, sib). Do NOT include the octave. Reply with ONLY the syllable and accidental (if needed). Nothing else. Output only the answer.","Listen to this audio clip of a single musical note. The recording may have been sped up or slowed down. Identify the PITCH of the note as it sounds in the audio. What is the main pitch frequency, expressed in Hertz? Reply with ONLY a number (the frequency in Hz). Nothing else. Output only the answer."
resample_2x,resample,2.0,84,C6,synth_lead,instrument,72,72,1,1,1,1,C5,A3,0,0,0,do,sol,0,0,1,72,A3,sol,440,data/analysis_audio/pitchbench_e4_time_stretching/C6_synth_lead_3000ms_resample_2p00x.wav,C6_synth_lead_3000ms_resample_2p00x.wav,Listen to this audio clip of a single musical note. The recording may have been sped up or slowed down. Identify the PITCH of the note as it sounds in the audio. What is the MIDI note number (an integer from 0 to 127)? Reply with ONLY the integer. Nothing else. Output only the answer.,"Listen to this audio clip of a single musical note. The recording may have been sped up or slowed down. Identify the PITCH of the note as it sounds in the audio. What is the note name and octave? Reply with ONLY the note name in Scientific Pitch Notation (e.g. C4, F#3, Bb5). Nothing else. Output only the answer.","Listen to this audio clip of a single musical note. The recording may have been sped up or slowed down. Identify the PITCH of the note as it sounds in the audio. What is the solfege syllable and accidental (if needed) of this pitch? Use fixed-do (do=C, re=D, mi=E, fa=F, sol=G, la=A, si=B). Include sharps or flats when needed (e.g. do#, reb, fa#, sib). Do NOT include the octave. Reply with ONLY the syllable and accidental (if needed). Nothing else. Output only the answer.","Listen to this audio clip of a single musical note. The recording may have been sped up or slowed down. Identify the PITCH of the note as it sounds in the audio. What is the main pitch frequency, expressed in Hertz? Reply with ONLY a number (the frequency in Hz). Nothing else. Output only the answer."
stretch_0.5x,stretch,0.5,36,C2,synth_lead,instrument,36,,0,0,0,0,C2,,0,0,0,do,mi,0,0,0,Calling the function to analyze the pitch of the audio clip.,"I'm sorry, but I can't identify the pitch of the note from the audio.",mi,"I’m sorry, but I can’t identify the pitch frequency just by listening to the audio.",data/analysis_audio/pitchbench_e4_time_stretching/C2_synth_lead_3000ms_stretch_0p50x.wav,C2_synth_lead_3000ms_stretch_0p50x.wav,Listen to this audio clip of a single musical note. The recording may have been sped up or slowed down. Identify the PITCH of the note as it sounds in the audio. What is the MIDI note number (an integer from 0 to 127)? Reply with ONLY the integer. Nothing else. Output only the answer.,"Listen to this audio clip of a single musical note. The recording may have been sped up or slowed down. Identify the PITCH of the note as it sounds in the audio. What is the note name and octave? Reply with ONLY the note name in Scientific Pitch Notation (e.g. C4, F#3, Bb5). Nothing else. Output only the answer.","Listen to this audio clip of a single musical note. The recording may have been sped up or slowed down. Identify the PITCH of the note as it sounds in the audio. What is the solfege syllable and accidental (if needed) of this pitch? Use fixed-do (do=C, re=D, mi=E, fa=F, sol=G, la=A, si=B). Include sharps or flats when needed (e.g. do#, reb, fa#, sib). Do NOT include the octave. Reply with ONLY the syllable and accidental (if needed). Nothing else. Output only the answer.","Listen to this audio clip of a single musical note. The recording may have been sped up or slowed down. Identify the PITCH of the note as it sounds in the audio. What is the main pitch frequency, expressed in Hertz? Reply with ONLY a number (the frequency in Hz). Nothing else. Output only the answer."
stretch_0.5x,stretch,0.5,43,G2,synth_lead,instrument,43,,0,0,0,0,G2,E4,0,0,0,sol,sol,1,0,0,"I'm sorry, but I can't identify the pitch of the note from the audio.",E4,sol,440,data/analysis_audio/pitchbench_e4_time_stretching/G2_synth_lead_3000ms_stretch_0p50x.wav,G2_synth_lead_3000ms_stretch_0p50x.wav,Listen to this audio clip of a single musical note. The recording may have been sped up or slowed down. Identify the PITCH of the note as it sounds in the audio. What is the MIDI note number (an integer from 0 to 127)? Reply with ONLY the integer. Nothing else. Output only the answer.,"Listen to this audio clip of a single musical note. The recording may have been sped up or slowed down. Identify the PITCH of the note as it sounds in the audio. What is the note name and octave? Reply with ONLY the note name in Scientific Pitch Notation (e.g. C4, F#3, Bb5). Nothing else. Output only the answer.","Listen to this audio clip of a single musical note. The recording may have been sped up or slowed down. Identify the PITCH of the note as it sounds in the audio. What is the solfege syllable and accidental (if needed) of this pitch? Use fixed-do (do=C, re=D, mi=E, fa=F, sol=G, la=A, si=B). Include sharps or flats when needed (e.g. do#, reb, fa#, sib). Do NOT include the octave. Reply with ONLY the syllable and accidental (if needed). Nothing else. Output only the answer.","Listen to this audio clip of a single musical note. The recording may have been sped up or slowed down. Identify the PITCH of the note as it sounds in the audio. What is the main pitch frequency, expressed in Hertz? Reply with ONLY a number (the frequency in Hz). Nothing else. Output only the answer."
stretch_0.5x,stretch,0.5,48,C3,synth_lead,instrument,48,69,0,0,0,0,C3,E4,0,0,0,do,sol,0,0,0,69,E4,The pitch of the note is sol.,Please play the audio clip so I can listen and analyze the pitch.,data/analysis_audio/pitchbench_e4_time_stretching/C3_synth_lead_3000ms_stretch_0p50x.wav,C3_synth_lead_3000ms_stretch_0p50x.wav,Listen to this audio clip of a single musical note. The recording may have been sped up or slowed down. Identify the PITCH of the note as it sounds in the audio. What is the MIDI note number (an integer from 0 to 127)? Reply with ONLY the integer. Nothing else. Output only the answer.,"Listen to this audio clip of a single musical note. The recording may have been sped up or slowed down. Identify the PITCH of the note as it sounds in the audio. What is the note name and octave? Reply with ONLY the note name in Scientific Pitch Notation (e.g. C4, F#3, Bb5). Nothing else. Output only the answer.","Listen to this audio clip of a single musical note. The recording may have been sped up or slowed down. Identify the PITCH of the note as it sounds in the audio. What is the solfege syllable and accidental (if needed) of this pitch? Use fixed-do (do=C, re=D, mi=E, fa=F, sol=G, la=A, si=B). Include sharps or flats when needed (e.g. do#, reb, fa#, sib). Do NOT include the octave. Reply with ONLY the syllable and accidental (if needed). Nothing else. Output only the answer.","Listen to this audio clip of a single musical note. The recording may have been sped up or slowed down. Identify the PITCH of the note as it sounds in the audio. What is the main pitch frequency, expressed in Hertz? Reply with ONLY a number (the frequency in Hz). Nothing else. Output only the answer."
stretch_0.5x,stretch,0.5,54,F#3,synth_lead,instrument,54,52,0,0,0,1,F#3,G4,0,0,0,fa#,,0,0,0,52,G4,Please play the audio clip so I can listen and identify the pitch.,"I'm sorry, but I can't determine the pitch frequency just by listening to the audio.",data/analysis_audio/pitchbench_e4_time_stretching/Fs3_synth_lead_3000ms_stretch_0p50x.wav,Fs3_synth_lead_3000ms_stretch_0p50x.wav,Listen to this audio clip of a single musical note. The recording may have been sped up or slowed down. Identify the PITCH of the note as it sounds in the audio. What is the MIDI note number (an integer from 0 to 127)? Reply with ONLY the integer. Nothing else. Output only the answer.,"Listen to this audio clip of a single musical note. The recording may have been sped up or slowed down. Identify the PITCH of the note as it sounds in the audio. What is the note name and octave? Reply with ONLY the note name in Scientific Pitch Notation (e.g. C4, F#3, Bb5). Nothing else. Output only the answer.","Listen to this audio clip of a single musical note. The recording may have been sped up or slowed down. Identify the PITCH of the note as it sounds in the audio. What is the solfege syllable and accidental (if needed) of this pitch? Use fixed-do (do=C, re=D, mi=E, fa=F, sol=G, la=A, si=B). Include sharps or flats when needed (e.g. do#, reb, fa#, sib). Do NOT include the octave. Reply with ONLY the syllable and accidental (if needed). Nothing else. Output only the answer.","Listen to this audio clip of a single musical note. The recording may have been sped up or slowed down. Identify the PITCH of the note as it sounds in the audio. What is the main pitch frequency, expressed in Hertz? Reply with ONLY a number (the frequency in Hz). Nothing else. Output only the answer."
stretch_0.5x,stretch,0.5,58,A#3,synth_lead,instrument,58,,0,0,0,0,A#3,E4,0,0,0,la#,mi,0,0,0,Running the analysis to determine the pitch...,E4,mi,440,data/analysis_audio/pitchbench_e4_time_stretching/As3_synth_lead_3000ms_stretch_0p50x.wav,As3_synth_lead_3000ms_stretch_0p50x.wav,Listen to this audio clip of a single musical note. The recording may have been sped up or slowed down. Identify the PITCH of the note as it sounds in the audio. What is the MIDI note number (an integer from 0 to 127)? Reply with ONLY the integer. Nothing else. Output only the answer.,"Listen to this audio clip of a single musical note. The recording may have been sped up or slowed down. Identify the PITCH of the note as it sounds in the audio. What is the note name and octave? Reply with ONLY the note name in Scientific Pitch Notation (e.g. C4, F#3, Bb5). Nothing else. Output only the answer.","Listen to this audio clip of a single musical note. The recording may have been sped up or slowed down. Identify the PITCH of the note as it sounds in the audio. What is the solfege syllable and accidental (if needed) of this pitch? Use fixed-do (do=C, re=D, mi=E, fa=F, sol=G, la=A, si=B). Include sharps or flats when needed (e.g. do#, reb, fa#, sib). Do NOT include the octave. Reply with ONLY the syllable and accidental (if needed). Nothing else. Output only the answer.","Listen to this audio clip of a single musical note. The recording may have been sped up or slowed down. Identify the PITCH of the note as it sounds in the audio. What is the main pitch frequency, expressed in Hertz? Reply with ONLY a number (the frequency in Hz). Nothing else. Output only the answer."
stretch_0.5x,stretch,0.5,60,C4,synth_lead,instrument,60,68,0,0,0,1,C4,E4,0,0,1,do,sol#,0,0,0,68,E4,Sol#,440,data/analysis_audio/pitchbench_e4_time_stretching/C4_synth_lead_3000ms_stretch_0p50x.wav,C4_synth_lead_3000ms_stretch_0p50x.wav,Listen to this audio clip of a single musical note. The recording may have been sped up or slowed down. Identify the PITCH of the note as it sounds in the audio. What is the MIDI note number (an integer from 0 to 127)? Reply with ONLY the integer. Nothing else. Output only the answer.,"Listen to this audio clip of a single musical note. The recording may have been sped up or slowed down. Identify the PITCH of the note as it sounds in the audio. What is the note name and octave? Reply with ONLY the note name in Scientific Pitch Notation (e.g. C4, F#3, Bb5). Nothing else. Output only the answer.","Listen to this audio clip of a single musical note. The recording may have been sped up or slowed down. Identify the PITCH of the note as it sounds in the audio. What is the solfege syllable and accidental (if needed) of this pitch? Use fixed-do (do=C, re=D, mi=E, fa=F, sol=G, la=A, si=B). Include sharps or flats when needed (e.g. do#, reb, fa#, sib). Do NOT include the octave. Reply with ONLY the syllable and accidental (if needed). Nothing else. Output only the answer.","Listen to this audio clip of a single musical note. The recording may have been sped up or slowed down. Identify the PITCH of the note as it sounds in the audio. What is the main pitch frequency, expressed in Hertz? Reply with ONLY a number (the frequency in Hz). Nothing else. Output only the answer."
stretch_0.5x,stretch,0.5,64,E4,synth_lead,instrument,64,52,0,0,1,0,E4,G4,0,0,1,mi,sol,0,0,0,52,G4,sol,"I’m sorry, but I can’t determine the pitch frequency from the audio.",data/analysis_audio/pitchbench_e4_time_stretching/E4_synth_lead_3000ms_stretch_0p50x.wav,E4_synth_lead_3000ms_stretch_0p50x.wav,Listen to this audio clip of a single musical note. The recording may have been sped up or slowed down. Identify the PITCH of the note as it sounds in the audio. What is the MIDI note number (an integer from 0 to 127)? Reply with ONLY the integer. Nothing else. Output only the answer.,"Listen to this audio clip of a single musical note. The recording may have been sped up or slowed down. Identify the PITCH of the note as it sounds in the audio. What is the note name and octave? Reply with ONLY the note name in Scientific Pitch Notation (e.g. C4, F#3, Bb5). Nothing else. Output only the answer.","Listen to this audio clip of a single musical note. The recording may have been sped up or slowed down. Identify the PITCH of the note as it sounds in the audio. What is the solfege syllable and accidental (if needed) of this pitch? Use fixed-do (do=C, re=D, mi=E, fa=F, sol=G, la=A, si=B). Include sharps or flats when needed (e.g. do#, reb, fa#, sib). Do NOT include the octave. Reply with ONLY the syllable and accidental (if needed). Nothing else. Output only the answer.","Listen to this audio clip of a single musical note. The recording may have been sped up or slowed down. Identify the PITCH of the note as it sounds in the audio. What is the main pitch frequency, expressed in Hertz? Reply with ONLY a number (the frequency in Hz). Nothing else. Output only the answer."
stretch_0.5x,stretch,0.5,67,G4,synth_lead,instrument,67,,0,0,0,0,G4,C4,0,0,1,sol,sol,1,0,0,"I’m sorry, but I can’t determine the pitch of the note from the audio.",C4,sol,440,data/analysis_audio/pitchbench_e4_time_stretching/G4_synth_lead_3000ms_stretch_0p50x.wav,G4_synth_lead_3000ms_stretch_0p50x.wav,Listen to this audio clip of a single musical note. The recording may have been sped up or slowed down. Identify the PITCH of the note as it sounds in the audio. What is the MIDI note number (an integer from 0 to 127)? Reply with ONLY the integer. Nothing else. Output only the answer.,"Listen to this audio clip of a single musical note. The recording may have been sped up or slowed down. Identify the PITCH of the note as it sounds in the audio. What is the note name and octave? Reply with ONLY the note name in Scientific Pitch Notation (e.g. C4, F#3, Bb5). Nothing else. Output only the answer.","Listen to this audio clip of a single musical note. The recording may have been sped up or slowed down. Identify the PITCH of the note as it sounds in the audio. What is the solfege syllable and accidental (if needed) of this pitch? Use fixed-do (do=C, re=D, mi=E, fa=F, sol=G, la=A, si=B). Include sharps or flats when needed (e.g. do#, reb, fa#, sib). Do NOT include the octave. Reply with ONLY the syllable and accidental (if needed). Nothing else. Output only the answer.","Listen to this audio clip of a single musical note. The recording may have been sped up or slowed down. Identify the PITCH of the note as it sounds in the audio. What is the main pitch frequency, expressed in Hertz? Reply with ONLY a number (the frequency in Hz). Nothing else. Output only the answer."
stretch_0.5x,stretch,0.5,69,A4,synth_lead,instrument,69,72,0,0,0,0,A4,C4,0,0,1,la,mi,0,0,0,72,C4,mi,"I’m sorry, but I can’t determine the pitch frequency just by listening.",data/analysis_audio/pitchbench_e4_time_stretching/A4_synth_lead_3000ms_stretch_0p50x.wav,A4_synth_lead_3000ms_stretch_0p50x.wav,Listen to this audio clip of a single musical note. The recording may have been sped up or slowed down. Identify the PITCH of the note as it sounds in the audio. What is the MIDI note number (an integer from 0 to 127)? Reply with ONLY the integer. Nothing else. Output only the answer.,"Listen to this audio clip of a single musical note. The recording may have been sped up or slowed down. Identify the PITCH of the note as it sounds in the audio. What is the note name and octave? Reply with ONLY the note name in Scientific Pitch Notation (e.g. C4, F#3, Bb5). Nothing else. Output only the answer.","Listen to this audio clip of a single musical note. The recording may have been sped up or slowed down. Identify the PITCH of the note as it sounds in the audio. What is the solfege syllable and accidental (if needed) of this pitch? Use fixed-do (do=C, re=D, mi=E, fa=F, sol=G, la=A, si=B). Include sharps or flats when needed (e.g. do#, reb, fa#, sib). Do NOT include the octave. Reply with ONLY the syllable and accidental (if needed). Nothing else. Output only the answer.","Listen to this audio clip of a single musical note. The recording may have been sped up or slowed down. Identify the PITCH of the note as it sounds in the audio. What is the main pitch frequency, expressed in Hertz? Reply with ONLY a number (the frequency in Hz). Nothing else. Output only the answer."
stretch_0.5x,stretch,0.5,72,C5,synth_lead,instrument,72,,0,0,0,0,C5,,0,0,0,do,mi,0,0,0,Calling the function to analyze the pitch of the audio clip and determine the MIDI note number.,"I’m sorry, but I can’t determine the pitch of the note from the audio.",mi,"I’m sorry, but I can’t identify the pitch frequency of the note from the audio.",data/analysis_audio/pitchbench_e4_time_stretching/C5_synth_lead_3000ms_stretch_0p50x.wav,C5_synth_lead_3000ms_stretch_0p50x.wav,Listen to this audio clip of a single musical note. The recording may have been sped up or slowed down. Identify the PITCH of the note as it sounds in the audio. What is the MIDI note number (an integer from 0 to 127)? Reply with ONLY the integer. Nothing else. Output only the answer.,"Listen to this audio clip of a single musical note. The recording may have been sped up or slowed down. Identify the PITCH of the note as it sounds in the audio. What is the note name and octave? Reply with ONLY the note name in Scientific Pitch Notation (e.g. C4, F#3, Bb5). Nothing else. Output only the answer.","Listen to this audio clip of a single musical note. The recording may have been sped up or slowed down. Identify the PITCH of the note as it sounds in the audio. What is the solfege syllable and accidental (if needed) of this pitch? Use fixed-do (do=C, re=D, mi=E, fa=F, sol=G, la=A, si=B). Include sharps or flats when needed (e.g. do#, reb, fa#, sib). Do NOT include the octave. Reply with ONLY the syllable and accidental (if needed). Nothing else. Output only the answer.","Listen to this audio clip of a single musical note. The recording may have been sped up or slowed down. Identify the PITCH of the note as it sounds in the audio. What is the main pitch frequency, expressed in Hertz? Reply with ONLY a number (the frequency in Hz). Nothing else. Output only the answer."
stretch_0.5x,stretch,0.5,77,F5,synth_lead,instrument,77,52,0,0,0,0,F5,E4,0,0,0,fa,mi,0,0,0,52,E4,mi,440,data/analysis_audio/pitchbench_e4_time_stretching/F5_synth_lead_3000ms_stretch_0p50x.wav,F5_synth_lead_3000ms_stretch_0p50x.wav,Listen to this audio clip of a single musical note. The recording may have been sped up or slowed down. Identify the PITCH of the note as it sounds in the audio. What is the MIDI note number (an integer from 0 to 127)? Reply with ONLY the integer. Nothing else. Output only the answer.,"Listen to this audio clip of a single musical note. The recording may have been sped up or slowed down. Identify the PITCH of the note as it sounds in the audio. What is the note name and octave? Reply with ONLY the note name in Scientific Pitch Notation (e.g. C4, F#3, Bb5). Nothing else. Output only the answer.","Listen to this audio clip of a single musical note. The recording may have been sped up or slowed down. Identify the PITCH of the note as it sounds in the audio. What is the solfege syllable and accidental (if needed) of this pitch? Use fixed-do (do=C, re=D, mi=E, fa=F, sol=G, la=A, si=B). Include sharps or flats when needed (e.g. do#, reb, fa#, sib). Do NOT include the octave. Reply with ONLY the syllable and accidental (if needed). Nothing else. Output only the answer.","Listen to this audio clip of a single musical note. The recording may have been sped up or slowed down. Identify the PITCH of the note as it sounds in the audio. What is the main pitch frequency, expressed in Hertz? Reply with ONLY a number (the frequency in Hz). Nothing else. Output only the answer."
stretch_0.5x,stretch,0.5,84,C6,synth_lead,instrument,84,69,0,0,0,0,C6,A4,0,0,0,do,sol,0,0,0,69,A4,sol,440,data/analysis_audio/pitchbench_e4_time_stretching/C6_synth_lead_3000ms_stretch_0p50x.wav,C6_synth_lead_3000ms_stretch_0p50x.wav,Listen to this audio clip of a single musical note. The recording may have been sped up or slowed down. Identify the PITCH of the note as it sounds in the audio. What is the MIDI note number (an integer from 0 to 127)? Reply with ONLY the integer. Nothing else. Output only the answer.,"Listen to this audio clip of a single musical note. The recording may have been sped up or slowed down. Identify the PITCH of the note as it sounds in the audio. What is the note name and octave? Reply with ONLY the note name in Scientific Pitch Notation (e.g. C4, F#3, Bb5). Nothing else. Output only the answer.","Listen to this audio clip of a single musical note. The recording may have been sped up or slowed down. Identify the PITCH of the note as it sounds in the audio. What is the solfege syllable and accidental (if needed) of this pitch? Use fixed-do (do=C, re=D, mi=E, fa=F, sol=G, la=A, si=B). Include sharps or flats when needed (e.g. do#, reb, fa#, sib). Do NOT include the octave. Reply with ONLY the syllable and accidental (if needed). Nothing else. Output only the answer.","Listen to this audio clip of a single musical note. The recording may have been sped up or slowed down. Identify the PITCH of the note as it sounds in the audio. What is the main pitch frequency, expressed in Hertz? Reply with ONLY a number (the frequency in Hz). Nothing else. Output only the answer."
stretch_2x,stretch,2.0,36,C2,synth_lead,instrument,36,69,0,0,0,0,C2,G4,0,0,0,do,sol,0,0,0,69,G4,sol,440,data/analysis_audio/pitchbench_e4_time_stretching/C2_synth_lead_3000ms_stretch_2p00x.wav,C2_synth_lead_3000ms_stretch_2p00x.wav,Listen to this audio clip of a single musical note. The recording may have been sped up or slowed down. Identify the PITCH of the note as it sounds in the audio. What is the MIDI note number (an integer from 0 to 127)? Reply with ONLY the integer. Nothing else. Output only the answer.,"Listen to this audio clip of a single musical note. The recording may have been sped up or slowed down. Identify the PITCH of the note as it sounds in the audio. What is the note name and octave? Reply with ONLY the note name in Scientific Pitch Notation (e.g. C4, F#3, Bb5). Nothing else. Output only the answer.","Listen to this audio clip of a single musical note. The recording may have been sped up or slowed down. Identify the PITCH of the note as it sounds in the audio. What is the solfege syllable and accidental (if needed) of this pitch? Use fixed-do (do=C, re=D, mi=E, fa=F, sol=G, la=A, si=B). Include sharps or flats when needed (e.g. do#, reb, fa#, sib). Do NOT include the octave. Reply with ONLY the syllable and accidental (if needed). Nothing else. Output only the answer.","Listen to this audio clip of a single musical note. The recording may have been sped up or slowed down. Identify the PITCH of the note as it sounds in the audio. What is the main pitch frequency, expressed in Hertz? Reply with ONLY a number (the frequency in Hz). Nothing else. Output only the answer."
stretch_2x,stretch,2.0,43,G2,synth_lead,instrument,43,69,0,0,0,0,G2,F4,0,0,0,sol,sol#,0,0,0,69,F4,sol#,440,data/analysis_audio/pitchbench_e4_time_stretching/G2_synth_lead_3000ms_stretch_2p00x.wav,G2_synth_lead_3000ms_stretch_2p00x.wav,Listen to this audio clip of a single musical note. The recording may have been sped up or slowed down. Identify the PITCH of the note as it sounds in the audio. What is the MIDI note number (an integer from 0 to 127)? Reply with ONLY the integer. Nothing else. Output only the answer.,"Listen to this audio clip of a single musical note. The recording may have been sped up or slowed down. Identify the PITCH of the note as it sounds in the audio. What is the note name and octave? Reply with ONLY the note name in Scientific Pitch Notation (e.g. C4, F#3, Bb5). Nothing else. Output only the answer.","Listen to this audio clip of a single musical note. The recording may have been sped up or slowed down. Identify the PITCH of the note as it sounds in the audio. What is the solfege syllable and accidental (if needed) of this pitch? Use fixed-do (do=C, re=D, mi=E, fa=F, sol=G, la=A, si=B). Include sharps or flats when needed (e.g. do#, reb, fa#, sib). Do NOT include the octave. Reply with ONLY the syllable and accidental (if needed). Nothing else. Output only the answer.","Listen to this audio clip of a single musical note. The recording may have been sped up or slowed down. Identify the PITCH of the note as it sounds in the audio. What is the main pitch frequency, expressed in Hertz? Reply with ONLY a number (the frequency in Hz). Nothing else. Output only the answer."
stretch_2x,stretch,2.0,48,C3,synth_lead,instrument,48,69,0,0,0,0,C3,F#4,0,0,0,do,sol,0,0,0,69,F#4,sol,440,data/analysis_audio/pitchbench_e4_time_stretching/C3_synth_lead_3000ms_stretch_2p00x.wav,C3_synth_lead_3000ms_stretch_2p00x.wav,Listen to this audio clip of a single musical note. The recording may have been sped up or slowed down. Identify the PITCH of the note as it sounds in the audio. What is the MIDI note number (an integer from 0 to 127)? Reply with ONLY the integer. Nothing else. Output only the answer.,"Listen to this audio clip of a single musical note. The recording may have been sped up or slowed down. Identify the PITCH of the note as it sounds in the audio. What is the note name and octave? Reply with ONLY the note name in Scientific Pitch Notation (e.g. C4, F#3, Bb5). Nothing else. Output only the answer.","Listen to this audio clip of a single musical note. The recording may have been sped up or slowed down. Identify the PITCH of the note as it sounds in the audio. What is the solfege syllable and accidental (if needed) of this pitch? Use fixed-do (do=C, re=D, mi=E, fa=F, sol=G, la=A, si=B). Include sharps or flats when needed (e.g. do#, reb, fa#, sib). Do NOT include the octave. Reply with ONLY the syllable and accidental (if needed). Nothing else. Output only the answer.","Listen to this audio clip of a single musical note. The recording may have been sped up or slowed down. Identify the PITCH of the note as it sounds in the audio. What is the main pitch frequency, expressed in Hertz? Reply with ONLY a number (the frequency in Hz). Nothing else. Output only the answer."
stretch_2x,stretch,2.0,54,F#3,synth_lead,instrument,54,69,0,0,0,0,F#3,A4,0,0,0,fa#,sol,0,0,0,69,A4,sol,440,data/analysis_audio/pitchbench_e4_time_stretching/Fs3_synth_lead_3000ms_stretch_2p00x.wav,Fs3_synth_lead_3000ms_stretch_2p00x.wav,Listen to this audio clip of a single musical note. The recording may have been sped up or slowed down. Identify the PITCH of the note as it sounds in the audio. What is the MIDI note number (an integer from 0 to 127)? Reply with ONLY the integer. Nothing else. Output only the answer.,"Listen to this audio clip of a single musical note. The recording may have been sped up or slowed down. Identify the PITCH of the note as it sounds in the audio. What is the note name and octave? Reply with ONLY the note name in Scientific Pitch Notation (e.g. C4, F#3, Bb5). Nothing else. Output only the answer.","Listen to this audio clip of a single musical note. The recording may have been sped up or slowed down. Identify the PITCH of the note as it sounds in the audio. What is the solfege syllable and accidental (if needed) of this pitch? Use fixed-do (do=C, re=D, mi=E, fa=F, sol=G, la=A, si=B). Include sharps or flats when needed (e.g. do#, reb, fa#, sib). Do NOT include the octave. Reply with ONLY the syllable and accidental (if needed). Nothing else. Output only the answer.","Listen to this audio clip of a single musical note. The recording may have been sped up or slowed down. Identify the PITCH of the note as it sounds in the audio. What is the main pitch frequency, expressed in Hertz? Reply with ONLY a number (the frequency in Hz). Nothing else. Output only the answer."
stretch_2x,stretch,2.0,58,A#3,synth_lead,instrument,58,69,0,0,0,0,A#3,A4,0,0,0,la#,sol,0,0,0,69,A4,sol,440,data/analysis_audio/pitchbench_e4_time_stretching/As3_synth_lead_3000ms_stretch_2p00x.wav,As3_synth_lead_3000ms_stretch_2p00x.wav,Listen to this audio clip of a single musical note. The recording may have been sped up or slowed down. Identify the PITCH of the note as it sounds in the audio. What is the MIDI note number (an integer from 0 to 127)? Reply with ONLY the integer. Nothing else. Output only the answer.,"Listen to this audio clip of a single musical note. The recording may have been sped up or slowed down. Identify the PITCH of the note as it sounds in the audio. What is the note name and octave? Reply with ONLY the note name in Scientific Pitch Notation (e.g. C4, F#3, Bb5). Nothing else. Output only the answer.","Listen to this audio clip of a single musical note. The recording may have been sped up or slowed down. Identify the PITCH of the note as it sounds in the audio. What is the solfege syllable and accidental (if needed) of this pitch? Use fixed-do (do=C, re=D, mi=E, fa=F, sol=G, la=A, si=B). Include sharps or flats when needed (e.g. do#, reb, fa#, sib). Do NOT include the octave. Reply with ONLY the syllable and accidental (if needed). Nothing else. Output only the answer.","Listen to this audio clip of a single musical note. The recording may have been sped up or slowed down. Identify the PITCH of the note as it sounds in the audio. What is the main pitch frequency, expressed in Hertz? Reply with ONLY a number (the frequency in Hz). Nothing else. Output only the answer."
stretch_2x,stretch,2.0,60,C4,synth_lead,instrument,60,69,0,0,0,1,C4,F4,0,0,1,do,sol,0,0,0,69,F4,sol,440,data/analysis_audio/pitchbench_e4_time_stretching/C4_synth_lead_3000ms_stretch_2p00x.wav,C4_synth_lead_3000ms_stretch_2p00x.wav,Listen to this audio clip of a single musical note. The recording may have been sped up or slowed down. Identify the PITCH of the note as it sounds in the audio. What is the MIDI note number (an integer from 0 to 127)? Reply with ONLY the integer. Nothing else. Output only the answer.,"Listen to this audio clip of a single musical note. The recording may have been sped up or slowed down. Identify the PITCH of the note as it sounds in the audio. What is the note name and octave? Reply with ONLY the note name in Scientific Pitch Notation (e.g. C4, F#3, Bb5). Nothing else. Output only the answer.","Listen to this audio clip of a single musical note. The recording may have been sped up or slowed down. Identify the PITCH of the note as it sounds in the audio. What is the solfege syllable and accidental (if needed) of this pitch? Use fixed-do (do=C, re=D, mi=E, fa=F, sol=G, la=A, si=B). Include sharps or flats when needed (e.g. do#, reb, fa#, sib). Do NOT include the octave. Reply with ONLY the syllable and accidental (if needed). Nothing else. Output only the answer.","Listen to this audio clip of a single musical note. The recording may have been sped up or slowed down. Identify the PITCH of the note as it sounds in the audio. What is the main pitch frequency, expressed in Hertz? Reply with ONLY a number (the frequency in Hz). Nothing else. Output only the answer."
stretch_2x,stretch,2.0,64,E4,synth_lead,instrument,64,69,0,0,0,1,E4,G4,0,0,1,mi,sol,0,0,0,69,G4,sol,440,data/analysis_audio/pitchbench_e4_time_stretching/E4_synth_lead_3000ms_stretch_2p00x.wav,E4_synth_lead_3000ms_stretch_2p00x.wav,Listen to this audio clip of a single musical note. The recording may have been sped up or slowed down. Identify the PITCH of the note as it sounds in the audio. What is the MIDI note number (an integer from 0 to 127)? Reply with ONLY the integer. Nothing else. Output only the answer.,"Listen to this audio clip of a single musical note. The recording may have been sped up or slowed down. Identify the PITCH of the note as it sounds in the audio. What is the note name and octave? Reply with ONLY the note name in Scientific Pitch Notation (e.g. C4, F#3, Bb5). Nothing else. Output only the answer.","Listen to this audio clip of a single musical note. The recording may have been sped up or slowed down. Identify the PITCH of the note as it sounds in the audio. What is the solfege syllable and accidental (if needed) of this pitch? Use fixed-do (do=C, re=D, mi=E, fa=F, sol=G, la=A, si=B). Include sharps or flats when needed (e.g. do#, reb, fa#, sib). Do NOT include the octave. Reply with ONLY the syllable and accidental (if needed). Nothing else. Output only the answer.","Listen to this audio clip of a single musical note. The recording may have been sped up or slowed down. Identify the PITCH of the note as it sounds in the audio. What is the main pitch frequency, expressed in Hertz? Reply with ONLY a number (the frequency in Hz). Nothing else. Output only the answer."
stretch_2x,stretch,2.0,67,G4,synth_lead,instrument,67,72,0,0,0,0,G4,F5,0,0,0,sol,sol,1,0,0,72,F5,sol,440,data/analysis_audio/pitchbench_e4_time_stretching/G4_synth_lead_3000ms_stretch_2p00x.wav,G4_synth_lead_3000ms_stretch_2p00x.wav,Listen to this audio clip of a single musical note. The recording may have been sped up or slowed down. Identify the PITCH of the note as it sounds in the audio. What is the MIDI note number (an integer from 0 to 127)? Reply with ONLY the integer. Nothing else. Output only the answer.,"Listen to this audio clip of a single musical note. The recording may have been sped up or slowed down. Identify the PITCH of the note as it sounds in the audio. What is the note name and octave? Reply with ONLY the note name in Scientific Pitch Notation (e.g. C4, F#3, Bb5). Nothing else. Output only the answer.","Listen to this audio clip of a single musical note. The recording may have been sped up or slowed down. Identify the PITCH of the note as it sounds in the audio. What is the solfege syllable and accidental (if needed) of this pitch? Use fixed-do (do=C, re=D, mi=E, fa=F, sol=G, la=A, si=B). Include sharps or flats when needed (e.g. do#, reb, fa#, sib). Do NOT include the octave. Reply with ONLY the syllable and accidental (if needed). Nothing else. Output only the answer.","Listen to this audio clip of a single musical note. The recording may have been sped up or slowed down. Identify the PITCH of the note as it sounds in the audio. What is the main pitch frequency, expressed in Hertz? Reply with ONLY a number (the frequency in Hz). Nothing else. Output only the answer."
stretch_2x,stretch,2.0,69,A4,synth_lead,instrument,69,69,1,1,1,1,A4,G4,0,0,1,la,sol,0,1,1,69,G4,sol,440,data/analysis_audio/pitchbench_e4_time_stretching/A4_synth_lead_3000ms_stretch_2p00x.wav,A4_synth_lead_3000ms_stretch_2p00x.wav,Listen to this audio clip of a single musical note. The recording may have been sped up or slowed down. Identify the PITCH of the note as it sounds in the audio. What is the MIDI note number (an integer from 0 to 127)? Reply with ONLY the integer. Nothing else. Output only the answer.,"Listen to this audio clip of a single musical note. The recording may have been sped up or slowed down. Identify the PITCH of the note as it sounds in the audio. What is the note name and octave? Reply with ONLY the note name in Scientific Pitch Notation (e.g. C4, F#3, Bb5). Nothing else. Output only the answer.","Listen to this audio clip of a single musical note. The recording may have been sped up or slowed down. Identify the PITCH of the note as it sounds in the audio. What is the solfege syllable and accidental (if needed) of this pitch? Use fixed-do (do=C, re=D, mi=E, fa=F, sol=G, la=A, si=B). Include sharps or flats when needed (e.g. do#, reb, fa#, sib). Do NOT include the octave. Reply with ONLY the syllable and accidental (if needed). Nothing else. Output only the answer.","Listen to this audio clip of a single musical note. The recording may have been sped up or slowed down. Identify the PITCH of the note as it sounds in the audio. What is the main pitch frequency, expressed in Hertz? Reply with ONLY a number (the frequency in Hz). Nothing else. Output only the answer."
stretch_2x,stretch,2.0,72,C5,synth_lead,instrument,72,72,1,1,1,1,C5,E4,0,0,0,do,sol,0,0,1,72,E4,sol,440,data/analysis_audio/pitchbench_e4_time_stretching/C5_synth_lead_3000ms_stretch_2p00x.wav,C5_synth_lead_3000ms_stretch_2p00x.wav,Listen to this audio clip of a single musical note. The recording may have been sped up or slowed down. Identify the PITCH of the note as it sounds in the audio. What is the MIDI note number (an integer from 0 to 127)? Reply with ONLY the integer. Nothing else. Output only the answer.,"Listen to this audio clip of a single musical note. The recording may have been sped up or slowed down. Identify the PITCH of the note as it sounds in the audio. What is the note name and octave? Reply with ONLY the note name in Scientific Pitch Notation (e.g. C4, F#3, Bb5). Nothing else. Output only the answer.","Listen to this audio clip of a single musical note. The recording may have been sped up or slowed down. Identify the PITCH of the note as it sounds in the audio. What is the solfege syllable and accidental (if needed) of this pitch? Use fixed-do (do=C, re=D, mi=E, fa=F, sol=G, la=A, si=B). Include sharps or flats when needed (e.g. do#, reb, fa#, sib). Do NOT include the octave. Reply with ONLY the syllable and accidental (if needed). Nothing else. Output only the answer.","Listen to this audio clip of a single musical note. The recording may have been sped up or slowed down. Identify the PITCH of the note as it sounds in the audio. What is the main pitch frequency, expressed in Hertz? Reply with ONLY a number (the frequency in Hz). Nothing else. Output only the answer."
stretch_2x,stretch,2.0,77,F5,synth_lead,instrument,77,69,0,0,0,0,F5,G4,0,0,0,fa,sol,0,0,0,69,G4,sol,440,data/analysis_audio/pitchbench_e4_time_stretching/F5_synth_lead_3000ms_stretch_2p00x.wav,F5_synth_lead_3000ms_stretch_2p00x.wav,Listen to this audio clip of a single musical note. The recording may have been sped up or slowed down. Identify the PITCH of the note as it sounds in the audio. What is the MIDI note number (an integer from 0 to 127)? Reply with ONLY the integer. Nothing else. Output only the answer.,"Listen to this audio clip of a single musical note. The recording may have been sped up or slowed down. Identify the PITCH of the note as it sounds in the audio. What is the note name and octave? Reply with ONLY the note name in Scientific Pitch Notation (e.g. C4, F#3, Bb5). Nothing else. Output only the answer.","Listen to this audio clip of a single musical note. The recording may have been sped up or slowed down. Identify the PITCH of the note as it sounds in the audio. What is the solfege syllable and accidental (if needed) of this pitch? Use fixed-do (do=C, re=D, mi=E, fa=F, sol=G, la=A, si=B). Include sharps or flats when needed (e.g. do#, reb, fa#, sib). Do NOT include the octave. Reply with ONLY the syllable and accidental (if needed). Nothing else. Output only the answer.","Listen to this audio clip of a single musical note. The recording may have been sped up or slowed down. Identify the PITCH of the note as it sounds in the audio. What is the main pitch frequency, expressed in Hertz? Reply with ONLY a number (the frequency in Hz). Nothing else. Output only the answer."
stretch_2x,stretch,2.0,84,C6,synth_lead,instrument,84,69,0,0,0,0,C6,A5,0,0,0,do,sol,0,0,0,69,A5,sol,440,data/analysis_audio/pitchbench_e4_time_stretching/C6_synth_lead_3000ms_stretch_2p00x.wav,C6_synth_lead_3000ms_stretch_2p00x.wav,Listen to this audio clip of a single musical note. The recording may have been sped up or slowed down. Identify the PITCH of the note as it sounds in the audio. What is the MIDI note number (an integer from 0 to 127)? Reply with ONLY the integer. Nothing else. Output only the answer.,"Listen to this audio clip of a single musical note. The recording may have been sped up or slowed down. Identify the PITCH of the note as it sounds in the audio. What is the note name and octave? Reply with ONLY the note name in Scientific Pitch Notation (e.g. C4, F#3, Bb5). Nothing else. Output only the answer.","Listen to this audio clip of a single musical note. The recording may have been sped up or slowed down. Identify the PITCH of the note as it sounds in the audio. What is the solfege syllable and accidental (if needed) of this pitch? Use fixed-do (do=C, re=D, mi=E, fa=F, sol=G, la=A, si=B). Include sharps or flats when needed (e.g. do#, reb, fa#, sib). Do NOT include the octave. Reply with ONLY the syllable and accidental (if needed). Nothing else. Output only the answer.","Listen to this audio clip of a single musical note. The recording may have been sped up or slowed down. Identify the PITCH of the note as it sounds in the audio. What is the main pitch frequency, expressed in Hertz? Reply with ONLY a number (the frequency in Hz). Nothing else. Output only the answer."
resample_0.5x,resample,0.5,36,C2,cello,instrument,48,69,0,0,0,0,C3,G3,0,0,1,do,sol,0,0,0,69,G3,sol,440,data/analysis_audio/pitchbench_e4_time_stretching/C2_cello_3000ms_resample_0p50x.wav,C2_cello_3000ms_resample_0p50x.wav,Listen to this audio clip of a single musical note. The recording may have been sped up or slowed down. Identify the PITCH of the note as it sounds in the audio. What is the MIDI note number (an integer from 0 to 127)? Reply with ONLY the integer. Nothing else. Output only the answer.,"Listen to this audio clip of a single musical note. The recording may have been sped up or slowed down. Identify the PITCH of the note as it sounds in the audio. What is the note name and octave? Reply with ONLY the note name in Scientific Pitch Notation (e.g. C4, F#3, Bb5). Nothing else. Output only the answer.","Listen to this audio clip of a single musical note. The recording may have been sped up or slowed down. Identify the PITCH of the note as it sounds in the audio. What is the solfege syllable and accidental (if needed) of this pitch? Use fixed-do (do=C, re=D, mi=E, fa=F, sol=G, la=A, si=B). Include sharps or flats when needed (e.g. do#, reb, fa#, sib). Do NOT include the octave. Reply with ONLY the syllable and accidental (if needed). Nothing else. Output only the answer.","Listen to this audio clip of a single musical note. The recording may have been sped up or slowed down. Identify the PITCH of the note as it sounds in the audio. What is the main pitch frequency, expressed in Hertz? Reply with ONLY a number (the frequency in Hz). Nothing else. Output only the answer."
resample_0.5x,resample,0.5,43,G2,cello,instrument,55,,0,0,0,0,G3,C4,0,0,0,sol,sol,1,0,0,"I’m sorry, but I can’t determine the pitch of the note from the audio.",C4,sol,440,data/analysis_audio/pitchbench_e4_time_stretching/G2_cello_3000ms_resample_0p50x.wav,G2_cello_3000ms_resample_0p50x.wav,Listen to this audio clip of a single musical note. The recording may have been sped up or slowed down. Identify the PITCH of the note as it sounds in the audio. What is the MIDI note number (an integer from 0 to 127)? Reply with ONLY the integer. Nothing else. Output only the answer.,"Listen to this audio clip of a single musical note. The recording may have been sped up or slowed down. Identify the PITCH of the note as it sounds in the audio. What is the note name and octave? Reply with ONLY the note name in Scientific Pitch Notation (e.g. C4, F#3, Bb5). Nothing else. Output only the answer.","Listen to this audio clip of a single musical note. The recording may have been sped up or slowed down. Identify the PITCH of the note as it sounds in the audio. What is the solfege syllable and accidental (if needed) of this pitch? Use fixed-do (do=C, re=D, mi=E, fa=F, sol=G, la=A, si=B). Include sharps or flats when needed (e.g. do#, reb, fa#, sib). Do NOT include the octave. Reply with ONLY the syllable and accidental (if needed). Nothing else. Output only the answer.","Listen to this audio clip of a single musical note. The recording may have been sped up or slowed down. Identify the PITCH of the note as it sounds in the audio. What is the main pitch frequency, expressed in Hertz? Reply with ONLY a number (the frequency in Hz). Nothing else. Output only the answer."
resample_0.5x,resample,0.5,48,C3,cello,instrument,60,68,0,0,0,1,C4,E4,0,0,1,do,sol,0,0,0,68,E4,sol,440,data/analysis_audio/pitchbench_e4_time_stretching/C3_cello_3000ms_resample_0p50x.wav,C3_cello_3000ms_resample_0p50x.wav,Listen to this audio clip of a single musical note. The recording may have been sped up or slowed down. Identify the PITCH of the note as it sounds in the audio. What is the MIDI note number (an integer from 0 to 127)? Reply with ONLY the integer. Nothing else. Output only the answer.,"Listen to this audio clip of a single musical note. The recording may have been sped up or slowed down. Identify the PITCH of the note as it sounds in the audio. What is the note name and octave? Reply with ONLY the note name in Scientific Pitch Notation (e.g. C4, F#3, Bb5). Nothing else. Output only the answer.","Listen to this audio clip of a single musical note. The recording may have been sped up or slowed down. Identify the PITCH of the note as it sounds in the audio. What is the solfege syllable and accidental (if needed) of this pitch? Use fixed-do (do=C, re=D, mi=E, fa=F, sol=G, la=A, si=B). Include sharps or flats when needed (e.g. do#, reb, fa#, sib). Do NOT include the octave. Reply with ONLY the syllable and accidental (if needed). Nothing else. Output only the answer.","Listen to this audio clip of a single musical note. The recording may have been sped up or slowed down. Identify the PITCH of the note as it sounds in the audio. What is the main pitch frequency, expressed in Hertz? Reply with ONLY a number (the frequency in Hz). Nothing else. Output only the answer."
resample_0.5x,resample,0.5,54,F#3,cello,instrument,66,69,0,0,0,1,F#4,G4,0,0,1,fa#,sol,0,0,0,69,G4,sol,440,data/analysis_audio/pitchbench_e4_time_stretching/Fs3_cello_3000ms_resample_0p50x.wav,Fs3_cello_3000ms_resample_0p50x.wav,Listen to this audio clip of a single musical note. The recording may have been sped up or slowed down. Identify the PITCH of the note as it sounds in the audio. What is the MIDI note number (an integer from 0 to 127)? Reply with ONLY the integer. Nothing else. Output only the answer.,"Listen to this audio clip of a single musical note. The recording may have been sped up or slowed down. Identify the PITCH of the note as it sounds in the audio. What is the note name and octave? Reply with ONLY the note name in Scientific Pitch Notation (e.g. C4, F#3, Bb5). Nothing else. Output only the answer.","Listen to this audio clip of a single musical note. The recording may have been sped up or slowed down. Identify the PITCH of the note as it sounds in the audio. What is the solfege syllable and accidental (if needed) of this pitch? Use fixed-do (do=C, re=D, mi=E, fa=F, sol=G, la=A, si=B). Include sharps or flats when needed (e.g. do#, reb, fa#, sib). Do NOT include the octave. Reply with ONLY the syllable and accidental (if needed). Nothing else. Output only the answer.","Listen to this audio clip of a single musical note. The recording may have been sped up or slowed down. Identify the PITCH of the note as it sounds in the audio. What is the main pitch frequency, expressed in Hertz? Reply with ONLY a number (the frequency in Hz). Nothing else. Output only the answer."
resample_0.5x,resample,0.5,58,A#3,cello,instrument,70,69,0,1,0,1,A#4,A4,0,0,1,la#,sol,0,0,0,69,A4,sol,440,data/analysis_audio/pitchbench_e4_time_stretching/As3_cello_3000ms_resample_0p50x.wav,As3_cello_3000ms_resample_0p50x.wav,Listen to this audio clip of a single musical note. The recording may have been sped up or slowed down. Identify the PITCH of the note as it sounds in the audio. What is the MIDI note number (an integer from 0 to 127)? Reply with ONLY the integer. Nothing else. Output only the answer.,"Listen to this audio clip of a single musical note. The recording may have been sped up or slowed down. Identify the PITCH of the note as it sounds in the audio. What is the note name and octave? Reply with ONLY the note name in Scientific Pitch Notation (e.g. C4, F#3, Bb5). Nothing else. Output only the answer.","Listen to this audio clip of a single musical note. The recording may have been sped up or slowed down. Identify the PITCH of the note as it sounds in the audio. What is the solfege syllable and accidental (if needed) of this pitch? Use fixed-do (do=C, re=D, mi=E, fa=F, sol=G, la=A, si=B). Include sharps or flats when needed (e.g. do#, reb, fa#, sib). Do NOT include the octave. Reply with ONLY the syllable and accidental (if needed). Nothing else. Output only the answer.","Listen to this audio clip of a single musical note. The recording may have been sped up or slowed down. Identify the PITCH of the note as it sounds in the audio. What is the main pitch frequency, expressed in Hertz? Reply with ONLY a number (the frequency in Hz). Nothing else. Output only the answer."
resample_0.5x,resample,0.5,60,C4,cello,instrument,72,69,0,0,0,0,C5,E4,0,0,0,do,sol,0,0,0,69,E4,sol,440,data/analysis_audio/pitchbench_e4_time_stretching/C4_cello_3000ms_resample_0p50x.wav,C4_cello_3000ms_resample_0p50x.wav,Listen to this audio clip of a single musical note. The recording may have been sped up or slowed down. Identify the PITCH of the note as it sounds in the audio. What is the MIDI note number (an integer from 0 to 127)? Reply with ONLY the integer. Nothing else. Output only the answer.,"Listen to this audio clip of a single musical note. The recording may have been sped up or slowed down. Identify the PITCH of the note as it sounds in the audio. What is the note name and octave? Reply with ONLY the note name in Scientific Pitch Notation (e.g. C4, F#3, Bb5). Nothing else. Output only the answer.","Listen to this audio clip of a single musical note. The recording may have been sped up or slowed down. Identify the PITCH of the note as it sounds in the audio. What is the solfege syllable and accidental (if needed) of this pitch? Use fixed-do (do=C, re=D, mi=E, fa=F, sol=G, la=A, si=B). Include sharps or flats when needed (e.g. do#, reb, fa#, sib). Do NOT include the octave. Reply with ONLY the syllable and accidental (if needed). Nothing else. Output only the answer.","Listen to this audio clip of a single musical note. The recording may have been sped up or slowed down. Identify the PITCH of the note as it sounds in the audio. What is the main pitch frequency, expressed in Hertz? Reply with ONLY a number (the frequency in Hz). Nothing else. Output only the answer."
resample_0.5x,resample,0.5,64,E4,cello,instrument,76,69,0,0,0,0,E5,E4,0,1,0,mi,sol,0,0,0,69,E4,sol,440,data/analysis_audio/pitchbench_e4_time_stretching/E4_cello_3000ms_resample_0p50x.wav,E4_cello_3000ms_resample_0p50x.wav,Listen to this audio clip of a single musical note. The recording may have been sped up or slowed down. Identify the PITCH of the note as it sounds in the audio. What is the MIDI note number (an integer from 0 to 127)? Reply with ONLY the integer. Nothing else. Output only the answer.,"Listen to this audio clip of a single musical note. The recording may have been sped up or slowed down. Identify the PITCH of the note as it sounds in the audio. What is the note name and octave? Reply with ONLY the note name in Scientific Pitch Notation (e.g. C4, F#3, Bb5). Nothing else. Output only the answer.","Listen to this audio clip of a single musical note. The recording may have been sped up or slowed down. Identify the PITCH of the note as it sounds in the audio. What is the solfege syllable and accidental (if needed) of this pitch? Use fixed-do (do=C, re=D, mi=E, fa=F, sol=G, la=A, si=B). Include sharps or flats when needed (e.g. do#, reb, fa#, sib). Do NOT include the octave. Reply with ONLY the syllable and accidental (if needed). Nothing else. Output only the answer.","Listen to this audio clip of a single musical note. The recording may have been sped up or slowed down. Identify the PITCH of the note as it sounds in the audio. What is the main pitch frequency, expressed in Hertz? Reply with ONLY a number (the frequency in Hz). Nothing else. Output only the answer."
resample_0.5x,resample,0.5,67,G4,cello,instrument,79,69,0,0,0,0,G5,A5,0,0,1,sol,sol,1,0,0,69,A5,sol,440,data/analysis_audio/pitchbench_e4_time_stretching/G4_cello_3000ms_resample_0p50x.wav,G4_cello_3000ms_resample_0p50x.wav,Listen to this audio clip of a single musical note. The recording may have been sped up or slowed down. Identify the PITCH of the note as it sounds in the audio. What is the MIDI note number (an integer from 0 to 127)? Reply with ONLY the integer. Nothing else. Output only the answer.,"Listen to this audio clip of a single musical note. The recording may have been sped up or slowed down. Identify the PITCH of the note as it sounds in the audio. What is the note name and octave? Reply with ONLY the note name in Scientific Pitch Notation (e.g. C4, F#3, Bb5). Nothing else. Output only the answer.","Listen to this audio clip of a single musical note. The recording may have been sped up or slowed down. Identify the PITCH of the note as it sounds in the audio. What is the solfege syllable and accidental (if needed) of this pitch? Use fixed-do (do=C, re=D, mi=E, fa=F, sol=G, la=A, si=B). Include sharps or flats when needed (e.g. do#, reb, fa#, sib). Do NOT include the octave. Reply with ONLY the syllable and accidental (if needed). Nothing else. Output only the answer.","Listen to this audio clip of a single musical note. The recording may have been sped up or slowed down. Identify the PITCH of the note as it sounds in the audio. What is the main pitch frequency, expressed in Hertz? Reply with ONLY a number (the frequency in Hz). Nothing else. Output only the answer."
resample_0.5x,resample,0.5,69,A4,cello,instrument,81,69,0,0,1,0,A5,G4,0,0,0,la,sol,0,0,0,69,G4,sol,440,data/analysis_audio/pitchbench_e4_time_stretching/A4_cello_3000ms_resample_0p50x.wav,A4_cello_3000ms_resample_0p50x.wav,Listen to this audio clip of a single musical note. The recording may have been sped up or slowed down. Identify the PITCH of the note as it sounds in the audio. What is the MIDI note number (an integer from 0 to 127)? Reply with ONLY the integer. Nothing else. Output only the answer.,"Listen to this audio clip of a single musical note. The recording may have been sped up or slowed down. Identify the PITCH of the note as it sounds in the audio. What is the note name and octave? Reply with ONLY the note name in Scientific Pitch Notation (e.g. C4, F#3, Bb5). Nothing else. Output only the answer.","Listen to this audio clip of a single musical note. The recording may have been sped up or slowed down. Identify the PITCH of the note as it sounds in the audio. What is the solfege syllable and accidental (if needed) of this pitch? Use fixed-do (do=C, re=D, mi=E, fa=F, sol=G, la=A, si=B). Include sharps or flats when needed (e.g. do#, reb, fa#, sib). Do NOT include the octave. Reply with ONLY the syllable and accidental (if needed). Nothing else. Output only the answer.","Listen to this audio clip of a single musical note. The recording may have been sped up or slowed down. Identify the PITCH of the note as it sounds in the audio. What is the main pitch frequency, expressed in Hertz? Reply with ONLY a number (the frequency in Hz). Nothing else. Output only the answer."
resample_0.5x,resample,0.5,72,C5,cello,instrument,84,72,0,0,1,0,C6,A4,0,0,0,do,sol,0,0,0,72,A4,sol,440,data/analysis_audio/pitchbench_e4_time_stretching/C5_cello_3000ms_resample_0p50x.wav,C5_cello_3000ms_resample_0p50x.wav,Listen to this audio clip of a single musical note. The recording may have been sped up or slowed down. Identify the PITCH of the note as it sounds in the audio. What is the MIDI note number (an integer from 0 to 127)? Reply with ONLY the integer. Nothing else. Output only the answer.,"Listen to this audio clip of a single musical note. The recording may have been sped up or slowed down. Identify the PITCH of the note as it sounds in the audio. What is the note name and octave? Reply with ONLY the note name in Scientific Pitch Notation (e.g. C4, F#3, Bb5). Nothing else. Output only the answer.","Listen to this audio clip of a single musical note. The recording may have been sped up or slowed down. Identify the PITCH of the note as it sounds in the audio. What is the solfege syllable and accidental (if needed) of this pitch? Use fixed-do (do=C, re=D, mi=E, fa=F, sol=G, la=A, si=B). Include sharps or flats when needed (e.g. do#, reb, fa#, sib). Do NOT include the octave. Reply with ONLY the syllable and accidental (if needed). Nothing else. Output only the answer.","Listen to this audio clip of a single musical note. The recording may have been sped up or slowed down. Identify the PITCH of the note as it sounds in the audio. What is the main pitch frequency, expressed in Hertz? Reply with ONLY a number (the frequency in Hz). Nothing else. Output only the answer."
resample_0.5x,resample,0.5,77,F5,cello,instrument,89,69,0,0,0,0,F6,A4,0,0,0,fa,sol,0,0,0,69,A4,sol,440,data/analysis_audio/pitchbench_e4_time_stretching/F5_cello_3000ms_resample_0p50x.wav,F5_cello_3000ms_resample_0p50x.wav,Listen to this audio clip of a single musical note. The recording may have been sped up or slowed down. Identify the PITCH of the note as it sounds in the audio. What is the MIDI note number (an integer from 0 to 127)? Reply with ONLY the integer. Nothing else. Output only the answer.,"Listen to this audio clip of a single musical note. The recording may have been sped up or slowed down. Identify the PITCH of the note as it sounds in the audio. What is the note name and octave? Reply with ONLY the note name in Scientific Pitch Notation (e.g. C4, F#3, Bb5). Nothing else. Output only the answer.","Listen to this audio clip of a single musical note. The recording may have been sped up or slowed down. Identify the PITCH of the note as it sounds in the audio. What is the solfege syllable and accidental (if needed) of this pitch? Use fixed-do (do=C, re=D, mi=E, fa=F, sol=G, la=A, si=B). Include sharps or flats when needed (e.g. do#, reb, fa#, sib). Do NOT include the octave. Reply with ONLY the syllable and accidental (if needed). Nothing else. Output only the answer.","Listen to this audio clip of a single musical note. The recording may have been sped up or slowed down. Identify the PITCH of the note as it sounds in the audio. What is the main pitch frequency, expressed in Hertz? Reply with ONLY a number (the frequency in Hz). Nothing else. Output only the answer."
resample_0.5x,resample,0.5,84,C6,cello,instrument,96,69,0,0,0,0,C7,A4,0,0,0,do,sol,0,0,0,69,A4,sol,440,data/analysis_audio/pitchbench_e4_time_stretching/C6_cello_3000ms_resample_0p50x.wav,C6_cello_3000ms_resample_0p50x.wav,Listen to this audio clip of a single musical note. The recording may have been sped up or slowed down. Identify the PITCH of the note as it sounds in the audio. What is the MIDI note number (an integer from 0 to 127)? Reply with ONLY the integer. Nothing else. Output only the answer.,"Listen to this audio clip of a single musical note. The recording may have been sped up or slowed down. Identify the PITCH of the note as it sounds in the audio. What is the note name and octave? Reply with ONLY the note name in Scientific Pitch Notation (e.g. C4, F#3, Bb5). Nothing else. Output only the answer.","Listen to this audio clip of a single musical note. The recording may have been sped up or slowed down. Identify the PITCH of the note as it sounds in the audio. What is the solfege syllable and accidental (if needed) of this pitch? Use fixed-do (do=C, re=D, mi=E, fa=F, sol=G, la=A, si=B). Include sharps or flats when needed (e.g. do#, reb, fa#, sib). Do NOT include the octave. Reply with ONLY the syllable and accidental (if needed). Nothing else. Output only the answer.","Listen to this audio clip of a single musical note. The recording may have been sped up or slowed down. Identify the PITCH of the note as it sounds in the audio. What is the main pitch frequency, expressed in Hertz? Reply with ONLY a number (the frequency in Hz). Nothing else. Output only the answer."
resample_2x,resample,2.0,36,C2,cello,instrument,24,69,0,0,0,0,C1,G2,0,0,0,do,sol,0,0,0,69,G2,sol,220,data/analysis_audio/pitchbench_e4_time_stretching/C2_cello_3000ms_resample_2p00x.wav,C2_cello_3000ms_resample_2p00x.wav,Listen to this audio clip of a single musical note. The recording may have been sped up or slowed down. Identify the PITCH of the note as it sounds in the audio. What is the MIDI note number (an integer from 0 to 127)? Reply with ONLY the integer. Nothing else. Output only the answer.,"Listen to this audio clip of a single musical note. The recording may have been sped up or slowed down. Identify the PITCH of the note as it sounds in the audio. What is the note name and octave? Reply with ONLY the note name in Scientific Pitch Notation (e.g. C4, F#3, Bb5). Nothing else. Output only the answer.","Listen to this audio clip of a single musical note. The recording may have been sped up or slowed down. Identify the PITCH of the note as it sounds in the audio. What is the solfege syllable and accidental (if needed) of this pitch? Use fixed-do (do=C, re=D, mi=E, fa=F, sol=G, la=A, si=B). Include sharps or flats when needed (e.g. do#, reb, fa#, sib). Do NOT include the octave. Reply with ONLY the syllable and accidental (if needed). Nothing else. Output only the answer.","Listen to this audio clip of a single musical note. The recording may have been sped up or slowed down. Identify the PITCH of the note as it sounds in the audio. What is the main pitch frequency, expressed in Hertz? Reply with ONLY a number (the frequency in Hz). Nothing else. Output only the answer."
resample_2x,resample,2.0,43,G2,cello,instrument,31,69,0,0,0,0,G1,F2,0,0,0,sol,sol,1,0,0,69,F2,sol,220,data/analysis_audio/pitchbench_e4_time_stretching/G2_cello_3000ms_resample_2p00x.wav,G2_cello_3000ms_resample_2p00x.wav,Listen to this audio clip of a single musical note. The recording may have been sped up or slowed down. Identify the PITCH of the note as it sounds in the audio. What is the MIDI note number (an integer from 0 to 127)? Reply with ONLY the integer. Nothing else. Output only the answer.,"Listen to this audio clip of a single musical note. The recording may have been sped up or slowed down. Identify the PITCH of the note as it sounds in the audio. What is the note name and octave? Reply with ONLY the note name in Scientific Pitch Notation (e.g. C4, F#3, Bb5). Nothing else. Output only the answer.","Listen to this audio clip of a single musical note. The recording may have been sped up or slowed down. Identify the PITCH of the note as it sounds in the audio. What is the solfege syllable and accidental (if needed) of this pitch? Use fixed-do (do=C, re=D, mi=E, fa=F, sol=G, la=A, si=B). Include sharps or flats when needed (e.g. do#, reb, fa#, sib). Do NOT include the octave. Reply with ONLY the syllable and accidental (if needed). Nothing else. Output only the answer.","Listen to this audio clip of a single musical note. The recording may have been sped up or slowed down. Identify the PITCH of the note as it sounds in the audio. What is the main pitch frequency, expressed in Hertz? Reply with ONLY a number (the frequency in Hz). Nothing else. Output only the answer."
resample_2x,resample,2.0,48,C3,cello,instrument,36,48,0,0,1,0,C2,F2,0,0,1,do,sol,0,0,0,48,F2,sol,220,data/analysis_audio/pitchbench_e4_time_stretching/C3_cello_3000ms_resample_2p00x.wav,C3_cello_3000ms_resample_2p00x.wav,Listen to this audio clip of a single musical note. The recording may have been sped up or slowed down. Identify the PITCH of the note as it sounds in the audio. What is the MIDI note number (an integer from 0 to 127)? Reply with ONLY the integer. Nothing else. Output only the answer.,"Listen to this audio clip of a single musical note. The recording may have been sped up or slowed down. Identify the PITCH of the note as it sounds in the audio. What is the note name and octave? Reply with ONLY the note name in Scientific Pitch Notation (e.g. C4, F#3, Bb5). Nothing else. Output only the answer.","Listen to this audio clip of a single musical note. The recording may have been sped up or slowed down. Identify the PITCH of the note as it sounds in the audio. What is the solfege syllable and accidental (if needed) of this pitch? Use fixed-do (do=C, re=D, mi=E, fa=F, sol=G, la=A, si=B). Include sharps or flats when needed (e.g. do#, reb, fa#, sib). Do NOT include the octave. Reply with ONLY the syllable and accidental (if needed). Nothing else. Output only the answer.","Listen to this audio clip of a single musical note. The recording may have been sped up or slowed down. Identify the PITCH of the note as it sounds in the audio. What is the main pitch frequency, expressed in Hertz? Reply with ONLY a number (the frequency in Hz). Nothing else. Output only the answer."
resample_2x,resample,2.0,54,F#3,cello,instrument,42,48,0,0,0,0,F#2,G2,0,0,1,fa#,sol,0,0,0,48,G2,sol,196,data/analysis_audio/pitchbench_e4_time_stretching/Fs3_cello_3000ms_resample_2p00x.wav,Fs3_cello_3000ms_resample_2p00x.wav,Listen to this audio clip of a single musical note. The recording may have been sped up or slowed down. Identify the PITCH of the note as it sounds in the audio. What is the MIDI note number (an integer from 0 to 127)? Reply with ONLY the integer. Nothing else. Output only the answer.,"Listen to this audio clip of a single musical note. The recording may have been sped up or slowed down. Identify the PITCH of the note as it sounds in the audio. What is the note name and octave? Reply with ONLY the note name in Scientific Pitch Notation (e.g. C4, F#3, Bb5). Nothing else. Output only the answer.","Listen to this audio clip of a single musical note. The recording may have been sped up or slowed down. Identify the PITCH of the note as it sounds in the audio. What is the solfege syllable and accidental (if needed) of this pitch? Use fixed-do (do=C, re=D, mi=E, fa=F, sol=G, la=A, si=B). Include sharps or flats when needed (e.g. do#, reb, fa#, sib). Do NOT include the octave. Reply with ONLY the syllable and accidental (if needed). Nothing else. Output only the answer.","Listen to this audio clip of a single musical note. The recording may have been sped up or slowed down. Identify the PITCH of the note as it sounds in the audio. What is the main pitch frequency, expressed in Hertz? Reply with ONLY a number (the frequency in Hz). Nothing else. Output only the answer."
resample_2x,resample,2.0,58,A#3,cello,instrument,46,60,0,0,0,0,A#2,F2,0,0,1,la#,sol,0,0,0,60,F2,sol,220,data/analysis_audio/pitchbench_e4_time_stretching/As3_cello_3000ms_resample_2p00x.wav,As3_cello_3000ms_resample_2p00x.wav,Listen to this audio clip of a single musical note. The recording may have been sped up or slowed down. Identify the PITCH of the note as it sounds in the audio. What is the MIDI note number (an integer from 0 to 127)? Reply with ONLY the integer. Nothing else. Output only the answer.,"Listen to this audio clip of a single musical note. The recording may have been sped up or slowed down. Identify the PITCH of the note as it sounds in the audio. What is the note name and octave? Reply with ONLY the note name in Scientific Pitch Notation (e.g. C4, F#3, Bb5). Nothing else. Output only the answer.","Listen to this audio clip of a single musical note. The recording may have been sped up or slowed down. Identify the PITCH of the note as it sounds in the audio. What is the solfege syllable and accidental (if needed) of this pitch? Use fixed-do (do=C, re=D, mi=E, fa=F, sol=G, la=A, si=B). Include sharps or flats when needed (e.g. do#, reb, fa#, sib). Do NOT include the octave. Reply with ONLY the syllable and accidental (if needed). Nothing else. Output only the answer.","Listen to this audio clip of a single musical note. The recording may have been sped up or slowed down. Identify the PITCH of the note as it sounds in the audio. What is the main pitch frequency, expressed in Hertz? Reply with ONLY a number (the frequency in Hz). Nothing else. Output only the answer."
resample_2x,resample,2.0,60,C4,cello,instrument,48,69,0,0,0,0,C3,G2,0,0,0,do,sol,0,0,0,69,G2,sol,196,data/analysis_audio/pitchbench_e4_time_stretching/C4_cello_3000ms_resample_2p00x.wav,C4_cello_3000ms_resample_2p00x.wav,Listen to this audio clip of a single musical note. The recording may have been sped up or slowed down. Identify the PITCH of the note as it sounds in the audio. What is the MIDI note number (an integer from 0 to 127)? Reply with ONLY the integer. Nothing else. Output only the answer.,"Listen to this audio clip of a single musical note. The recording may have been sped up or slowed down. Identify the PITCH of the note as it sounds in the audio. What is the note name and octave? Reply with ONLY the note name in Scientific Pitch Notation (e.g. C4, F#3, Bb5). Nothing else. Output only the answer.","Listen to this audio clip of a single musical note. The recording may have been sped up or slowed down. Identify the PITCH of the note as it sounds in the audio. What is the solfege syllable and accidental (if needed) of this pitch? Use fixed-do (do=C, re=D, mi=E, fa=F, sol=G, la=A, si=B). Include sharps or flats when needed (e.g. do#, reb, fa#, sib). Do NOT include the octave. Reply with ONLY the syllable and accidental (if needed). Nothing else. Output only the answer.","Listen to this audio clip of a single musical note. The recording may have been sped up or slowed down. Identify the PITCH of the note as it sounds in the audio. What is the main pitch frequency, expressed in Hertz? Reply with ONLY a number (the frequency in Hz). Nothing else. Output only the answer."
resample_2x,resample,2.0,64,E4,cello,instrument,52,60,0,0,0,0,E3,F3,0,0,1,mi,sol,0,0,0,60,F3,sol,440,data/analysis_audio/pitchbench_e4_time_stretching/E4_cello_3000ms_resample_2p00x.wav,E4_cello_3000ms_resample_2p00x.wav,Listen to this audio clip of a single musical note. The recording may have been sped up or slowed down. Identify the PITCH of the note as it sounds in the audio. What is the MIDI note number (an integer from 0 to 127)? Reply with ONLY the integer. Nothing else. Output only the answer.,"Listen to this audio clip of a single musical note. The recording may have been sped up or slowed down. Identify the PITCH of the note as it sounds in the audio. What is the note name and octave? Reply with ONLY the note name in Scientific Pitch Notation (e.g. C4, F#3, Bb5). Nothing else. Output only the answer.","Listen to this audio clip of a single musical note. The recording may have been sped up or slowed down. Identify the PITCH of the note as it sounds in the audio. What is the solfege syllable and accidental (if needed) of this pitch? Use fixed-do (do=C, re=D, mi=E, fa=F, sol=G, la=A, si=B). Include sharps or flats when needed (e.g. do#, reb, fa#, sib). Do NOT include the octave. Reply with ONLY the syllable and accidental (if needed). Nothing else. Output only the answer.","Listen to this audio clip of a single musical note. The recording may have been sped up or slowed down. Identify the PITCH of the note as it sounds in the audio. What is the main pitch frequency, expressed in Hertz? Reply with ONLY a number (the frequency in Hz). Nothing else. Output only the answer."
resample_2x,resample,2.0,67,G4,cello,instrument,55,69,0,0,0,0,G3,F3,0,0,1,sol,sol,1,0,0,69,F3,sol,220,data/analysis_audio/pitchbench_e4_time_stretching/G4_cello_3000ms_resample_2p00x.wav,G4_cello_3000ms_resample_2p00x.wav,Listen to this audio clip of a single musical note. The recording may have been sped up or slowed down. Identify the PITCH of the note as it sounds in the audio. What is the MIDI note number (an integer from 0 to 127)? Reply with ONLY the integer. Nothing else. Output only the answer.,"Listen to this audio clip of a single musical note. The recording may have been sped up or slowed down. Identify the PITCH of the note as it sounds in the audio. What is the note name and octave? Reply with ONLY the note name in Scientific Pitch Notation (e.g. C4, F#3, Bb5). Nothing else. Output only the answer.","Listen to this audio clip of a single musical note. The recording may have been sped up or slowed down. Identify the PITCH of the note as it sounds in the audio. What is the solfege syllable and accidental (if needed) of this pitch? Use fixed-do (do=C, re=D, mi=E, fa=F, sol=G, la=A, si=B). Include sharps or flats when needed (e.g. do#, reb, fa#, sib). Do NOT include the octave. Reply with ONLY the syllable and accidental (if needed). Nothing else. Output only the answer.","Listen to this audio clip of a single musical note. The recording may have been sped up or slowed down. Identify the PITCH of the note as it sounds in the audio. What is the main pitch frequency, expressed in Hertz? Reply with ONLY a number (the frequency in Hz). Nothing else. Output only the answer."
resample_2x,resample,2.0,69,A4,cello,instrument,57,69,0,0,1,0,A3,F4,0,0,0,la,fa,0,0,0,69,F4,fa,440,data/analysis_audio/pitchbench_e4_time_stretching/A4_cello_3000ms_resample_2p00x.wav,A4_cello_3000ms_resample_2p00x.wav,Listen to this audio clip of a single musical note. The recording may have been sped up or slowed down. Identify the PITCH of the note as it sounds in the audio. What is the MIDI note number (an integer from 0 to 127)? Reply with ONLY the integer. Nothing else. Output only the answer.,"Listen to this audio clip of a single musical note. The recording may have been sped up or slowed down. Identify the PITCH of the note as it sounds in the audio. What is the note name and octave? Reply with ONLY the note name in Scientific Pitch Notation (e.g. C4, F#3, Bb5). Nothing else. Output only the answer.","Listen to this audio clip of a single musical note. The recording may have been sped up or slowed down. Identify the PITCH of the note as it sounds in the audio. What is the solfege syllable and accidental (if needed) of this pitch? Use fixed-do (do=C, re=D, mi=E, fa=F, sol=G, la=A, si=B). Include sharps or flats when needed (e.g. do#, reb, fa#, sib). Do NOT include the octave. Reply with ONLY the syllable and accidental (if needed). Nothing else. Output only the answer.","Listen to this audio clip of a single musical note. The recording may have been sped up or slowed down. Identify the PITCH of the note as it sounds in the audio. What is the main pitch frequency, expressed in Hertz? Reply with ONLY a number (the frequency in Hz). Nothing else. Output only the answer."
resample_2x,resample,2.0,72,C5,cello,instrument,60,69,0,0,0,1,C4,F3,0,0,0,do,sol,0,0,0,69,F3,sol,220,data/analysis_audio/pitchbench_e4_time_stretching/C5_cello_3000ms_resample_2p00x.wav,C5_cello_3000ms_resample_2p00x.wav,Listen to this audio clip of a single musical note. The recording may have been sped up or slowed down. Identify the PITCH of the note as it sounds in the audio. What is the MIDI note number (an integer from 0 to 127)? Reply with ONLY the integer. Nothing else. Output only the answer.,"Listen to this audio clip of a single musical note. The recording may have been sped up or slowed down. Identify the PITCH of the note as it sounds in the audio. What is the note name and octave? Reply with ONLY the note name in Scientific Pitch Notation (e.g. C4, F#3, Bb5). Nothing else. Output only the answer.","Listen to this audio clip of a single musical note. The recording may have been sped up or slowed down. Identify the PITCH of the note as it sounds in the audio. What is the solfege syllable and accidental (if needed) of this pitch? Use fixed-do (do=C, re=D, mi=E, fa=F, sol=G, la=A, si=B). Include sharps or flats when needed (e.g. do#, reb, fa#, sib). Do NOT include the octave. Reply with ONLY the syllable and accidental (if needed). Nothing else. Output only the answer.","Listen to this audio clip of a single musical note. The recording may have been sped up or slowed down. Identify the PITCH of the note as it sounds in the audio. What is the main pitch frequency, expressed in Hertz? Reply with ONLY a number (the frequency in Hz). Nothing else. Output only the answer."
resample_2x,resample,2.0,77,F5,cello,instrument,65,69,0,0,0,1,F4,F4,1,1,1,fa,sol,0,0,1,69,F4,sol,440,data/analysis_audio/pitchbench_e4_time_stretching/F5_cello_3000ms_resample_2p00x.wav,F5_cello_3000ms_resample_2p00x.wav,Listen to this audio clip of a single musical note. The recording may have been sped up or slowed down. Identify the PITCH of the note as it sounds in the audio. What is the MIDI note number (an integer from 0 to 127)? Reply with ONLY the integer. Nothing else. Output only the answer.,"Listen to this audio clip of a single musical note. The recording may have been sped up or slowed down. Identify the PITCH of the note as it sounds in the audio. What is the note name and octave? Reply with ONLY the note name in Scientific Pitch Notation (e.g. C4, F#3, Bb5). Nothing else. Output only the answer.","Listen to this audio clip of a single musical note. The recording may have been sped up or slowed down. Identify the PITCH of the note as it sounds in the audio. What is the solfege syllable and accidental (if needed) of this pitch? Use fixed-do (do=C, re=D, mi=E, fa=F, sol=G, la=A, si=B). Include sharps or flats when needed (e.g. do#, reb, fa#, sib). Do NOT include the octave. Reply with ONLY the syllable and accidental (if needed). Nothing else. Output only the answer.","Listen to this audio clip of a single musical note. The recording may have been sped up or slowed down. Identify the PITCH of the note as it sounds in the audio. What is the main pitch frequency, expressed in Hertz? Reply with ONLY a number (the frequency in Hz). Nothing else. Output only the answer."
resample_2x,resample,2.0,84,C6,cello,instrument,72,69,0,0,0,0,C5,F5,0,0,1,do,sol,0,0,0,69,F5,sol,440,data/analysis_audio/pitchbench_e4_time_stretching/C6_cello_3000ms_resample_2p00x.wav,C6_cello_3000ms_resample_2p00x.wav,Listen to this audio clip of a single musical note. The recording may have been sped up or slowed down. Identify the PITCH of the note as it sounds in the audio. What is the MIDI note number (an integer from 0 to 127)? Reply with ONLY the integer. Nothing else. Output only the answer.,"Listen to this audio clip of a single musical note. The recording may have been sped up or slowed down. Identify the PITCH of the note as it sounds in the audio. What is the note name and octave? Reply with ONLY the note name in Scientific Pitch Notation (e.g. C4, F#3, Bb5). Nothing else. Output only the answer.","Listen to this audio clip of a single musical note. The recording may have been sped up or slowed down. Identify the PITCH of the note as it sounds in the audio. What is the solfege syllable and accidental (if needed) of this pitch? Use fixed-do (do=C, re=D, mi=E, fa=F, sol=G, la=A, si=B). Include sharps or flats when needed (e.g. do#, reb, fa#, sib). Do NOT include the octave. Reply with ONLY the syllable and accidental (if needed). Nothing else. Output only the answer.","Listen to this audio clip of a single musical note. The recording may have been sped up or slowed down. Identify the PITCH of the note as it sounds in the audio. What is the main pitch frequency, expressed in Hertz? Reply with ONLY a number (the frequency in Hz). Nothing else. Output only the answer."
stretch_0.5x,stretch,0.5,36,C2,cello,instrument,36,68,0,0,0,0,C2,A3,0,0,0,do,sol,0,0,0,68,A3,sol,440,data/analysis_audio/pitchbench_e4_time_stretching/C2_cello_3000ms_stretch_0p50x.wav,C2_cello_3000ms_stretch_0p50x.wav,Listen to this audio clip of a single musical note. The recording may have been sped up or slowed down. Identify the PITCH of the note as it sounds in the audio. What is the MIDI note number (an integer from 0 to 127)? Reply with ONLY the integer. Nothing else. Output only the answer.,"Listen to this audio clip of a single musical note. The recording may have been sped up or slowed down. Identify the PITCH of the note as it sounds in the audio. What is the note name and octave? Reply with ONLY the note name in Scientific Pitch Notation (e.g. C4, F#3, Bb5). Nothing else. Output only the answer.","Listen to this audio clip of a single musical note. The recording may have been sped up or slowed down. Identify the PITCH of the note as it sounds in the audio. What is the solfege syllable and accidental (if needed) of this pitch? Use fixed-do (do=C, re=D, mi=E, fa=F, sol=G, la=A, si=B). Include sharps or flats when needed (e.g. do#, reb, fa#, sib). Do NOT include the octave. Reply with ONLY the syllable and accidental (if needed). Nothing else. Output only the answer.","Listen to this audio clip of a single musical note. The recording may have been sped up or slowed down. Identify the PITCH of the note as it sounds in the audio. What is the main pitch frequency, expressed in Hertz? Reply with ONLY a number (the frequency in Hz). Nothing else. Output only the answer."
stretch_0.5x,stretch,0.5,43,G2,cello,instrument,43,72,0,0,0,0,G2,C4,0,0,0,sol,sol,1,0,0,72,C4,sol,"I’m sorry, but I can’t determine the pitch frequency just by listening.",data/analysis_audio/pitchbench_e4_time_stretching/G2_cello_3000ms_stretch_0p50x.wav,G2_cello_3000ms_stretch_0p50x.wav,Listen to this audio clip of a single musical note. The recording may have been sped up or slowed down. Identify the PITCH of the note as it sounds in the audio. What is the MIDI note number (an integer from 0 to 127)? Reply with ONLY the integer. Nothing else. Output only the answer.,"Listen to this audio clip of a single musical note. The recording may have been sped up or slowed down. Identify the PITCH of the note as it sounds in the audio. What is the note name and octave? Reply with ONLY the note name in Scientific Pitch Notation (e.g. C4, F#3, Bb5). Nothing else. Output only the answer.","Listen to this audio clip of a single musical note. The recording may have been sped up or slowed down. Identify the PITCH of the note as it sounds in the audio. What is the solfege syllable and accidental (if needed) of this pitch? Use fixed-do (do=C, re=D, mi=E, fa=F, sol=G, la=A, si=B). Include sharps or flats when needed (e.g. do#, reb, fa#, sib). Do NOT include the octave. Reply with ONLY the syllable and accidental (if needed). Nothing else. Output only the answer.","Listen to this audio clip of a single musical note. The recording may have been sped up or slowed down. Identify the PITCH of the note as it sounds in the audio. What is the main pitch frequency, expressed in Hertz? Reply with ONLY a number (the frequency in Hz). Nothing else. Output only the answer."
stretch_0.5x,stretch,0.5,48,C3,cello,instrument,48,,0,0,0,0,C3,E4,0,0,0,do,mi,0,0,0,Please play the audio clip so I can listen and identify the pitch.,E4,mi,"I’m sorry, but I can’t identify the pitch frequency of the note just by listening.",data/analysis_audio/pitchbench_e4_time_stretching/C3_cello_3000ms_stretch_0p50x.wav,C3_cello_3000ms_stretch_0p50x.wav,Listen to this audio clip of a single musical note. The recording may have been sped up or slowed down. Identify the PITCH of the note as it sounds in the audio. What is the MIDI note number (an integer from 0 to 127)? Reply with ONLY the integer. Nothing else. Output only the answer.,"Listen to this audio clip of a single musical note. The recording may have been sped up or slowed down. Identify the PITCH of the note as it sounds in the audio. What is the note name and octave? Reply with ONLY the note name in Scientific Pitch Notation (e.g. C4, F#3, Bb5). Nothing else. Output only the answer.","Listen to this audio clip of a single musical note. The recording may have been sped up or slowed down. Identify the PITCH of the note as it sounds in the audio. What is the solfege syllable and accidental (if needed) of this pitch? Use fixed-do (do=C, re=D, mi=E, fa=F, sol=G, la=A, si=B). Include sharps or flats when needed (e.g. do#, reb, fa#, sib). Do NOT include the octave. Reply with ONLY the syllable and accidental (if needed). Nothing else. Output only the answer.","Listen to this audio clip of a single musical note. The recording may have been sped up or slowed down. Identify the PITCH of the note as it sounds in the audio. What is the main pitch frequency, expressed in Hertz? Reply with ONLY a number (the frequency in Hz). Nothing else. Output only the answer."
stretch_0.5x,stretch,0.5,54,F#3,cello,instrument,54,52,0,0,0,1,F#3,,0,0,0,fa#,sol,0,0,0,52,"I’m sorry, but I can’t determine the pitch of the note from the audio.",sol,"I’m sorry, but I can’t determine the pitch frequency just by listening.",data/analysis_audio/pitchbench_e4_time_stretching/Fs3_cello_3000ms_stretch_0p50x.wav,Fs3_cello_3000ms_stretch_0p50x.wav,Listen to this audio clip of a single musical note. The recording may have been sped up or slowed down. Identify the PITCH of the note as it sounds in the audio. What is the MIDI note number (an integer from 0 to 127)? Reply with ONLY the integer. Nothing else. Output only the answer.,"Listen to this audio clip of a single musical note. The recording may have been sped up or slowed down. Identify the PITCH of the note as it sounds in the audio. What is the note name and octave? Reply with ONLY the note name in Scientific Pitch Notation (e.g. C4, F#3, Bb5). Nothing else. Output only the answer.","Listen to this audio clip of a single musical note. The recording may have been sped up or slowed down. Identify the PITCH of the note as it sounds in the audio. What is the solfege syllable and accidental (if needed) of this pitch? Use fixed-do (do=C, re=D, mi=E, fa=F, sol=G, la=A, si=B). Include sharps or flats when needed (e.g. do#, reb, fa#, sib). Do NOT include the octave. Reply with ONLY the syllable and accidental (if needed). Nothing else. Output only the answer.","Listen to this audio clip of a single musical note. The recording may have been sped up or slowed down. Identify the PITCH of the note as it sounds in the audio. What is the main pitch frequency, expressed in Hertz? Reply with ONLY a number (the frequency in Hz). Nothing else. Output only the answer."
stretch_0.5x,stretch,0.5,58,A#3,cello,instrument,58,68,0,0,0,0,A#3,E4,0,0,0,la#,sol,0,0,0,68,E4,sol,"I’m sorry, but I can’t determine the pitch frequency from the audio.",data/analysis_audio/pitchbench_e4_time_stretching/As3_cello_3000ms_stretch_0p50x.wav,As3_cello_3000ms_stretch_0p50x.wav,Listen to this audio clip of a single musical note. The recording may have been sped up or slowed down. Identify the PITCH of the note as it sounds in the audio. What is the MIDI note number (an integer from 0 to 127)? Reply with ONLY the integer. Nothing else. Output only the answer.,"Listen to this audio clip of a single musical note. The recording may have been sped up or slowed down. Identify the PITCH of the note as it sounds in the audio. What is the note name and octave? Reply with ONLY the note name in Scientific Pitch Notation (e.g. C4, F#3, Bb5). Nothing else. Output only the answer.","Listen to this audio clip of a single musical note. The recording may have been sped up or slowed down. Identify the PITCH of the note as it sounds in the audio. What is the solfege syllable and accidental (if needed) of this pitch? Use fixed-do (do=C, re=D, mi=E, fa=F, sol=G, la=A, si=B). Include sharps or flats when needed (e.g. do#, reb, fa#, sib). Do NOT include the octave. Reply with ONLY the syllable and accidental (if needed). Nothing else. Output only the answer.","Listen to this audio clip of a single musical note. The recording may have been sped up or slowed down. Identify the PITCH of the note as it sounds in the audio. What is the main pitch frequency, expressed in Hertz? Reply with ONLY a number (the frequency in Hz). Nothing else. Output only the answer."
stretch_0.5x,stretch,0.5,60,C4,cello,instrument,60,53,0,0,0,0,C4,,0,0,0,do,mi,0,0,0,53,"I’m sorry, but I can’t identify the pitch of the note from the audio.",mi,440,data/analysis_audio/pitchbench_e4_time_stretching/C4_cello_3000ms_stretch_0p50x.wav,C4_cello_3000ms_stretch_0p50x.wav,Listen to this audio clip of a single musical note. The recording may have been sped up or slowed down. Identify the PITCH of the note as it sounds in the audio. What is the MIDI note number (an integer from 0 to 127)? Reply with ONLY the integer. Nothing else. Output only the answer.,"Listen to this audio clip of a single musical note. The recording may have been sped up or slowed down. Identify the PITCH of the note as it sounds in the audio. What is the note name and octave? Reply with ONLY the note name in Scientific Pitch Notation (e.g. C4, F#3, Bb5). Nothing else. Output only the answer.","Listen to this audio clip of a single musical note. The recording may have been sped up or slowed down. Identify the PITCH of the note as it sounds in the audio. What is the solfege syllable and accidental (if needed) of this pitch? Use fixed-do (do=C, re=D, mi=E, fa=F, sol=G, la=A, si=B). Include sharps or flats when needed (e.g. do#, reb, fa#, sib). Do NOT include the octave. Reply with ONLY the syllable and accidental (if needed). Nothing else. Output only the answer.","Listen to this audio clip of a single musical note. The recording may have been sped up or slowed down. Identify the PITCH of the note as it sounds in the audio. What is the main pitch frequency, expressed in Hertz? Reply with ONLY a number (the frequency in Hz). Nothing else. Output only the answer."
stretch_0.5x,stretch,0.5,64,E4,cello,instrument,64,69,0,0,0,1,E4,E4,1,1,1,mi,sol,0,0,1,69,E4,sol,440,data/analysis_audio/pitchbench_e4_time_stretching/E4_cello_3000ms_stretch_0p50x.wav,E4_cello_3000ms_stretch_0p50x.wav,Listen to this audio clip of a single musical note. The recording may have been sped up or slowed down. Identify the PITCH of the note as it sounds in the audio. What is the MIDI note number (an integer from 0 to 127)? Reply with ONLY the integer. Nothing else. Output only the answer.,"Listen to this audio clip of a single musical note. The recording may have been sped up or slowed down. Identify the PITCH of the note as it sounds in the audio. What is the note name and octave? Reply with ONLY the note name in Scientific Pitch Notation (e.g. C4, F#3, Bb5). Nothing else. Output only the answer.","Listen to this audio clip of a single musical note. The recording may have been sped up or slowed down. Identify the PITCH of the note as it sounds in the audio. What is the solfege syllable and accidental (if needed) of this pitch? Use fixed-do (do=C, re=D, mi=E, fa=F, sol=G, la=A, si=B). Include sharps or flats when needed (e.g. do#, reb, fa#, sib). Do NOT include the octave. Reply with ONLY the syllable and accidental (if needed). Nothing else. Output only the answer.","Listen to this audio clip of a single musical note. The recording may have been sped up or slowed down. Identify the PITCH of the note as it sounds in the audio. What is the main pitch frequency, expressed in Hertz? Reply with ONLY a number (the frequency in Hz). Nothing else. Output only the answer."
stretch_0.5x,stretch,0.5,67,G4,cello,instrument,67,72,0,0,0,0,G4,,0,0,0,sol,sol,1,0,0,72,"I’m sorry, but I can’t determine the pitch of the note from the audio.",sol,440,data/analysis_audio/pitchbench_e4_time_stretching/G4_cello_3000ms_stretch_0p50x.wav,G4_cello_3000ms_stretch_0p50x.wav,Listen to this audio clip of a single musical note. The recording may have been sped up or slowed down. Identify the PITCH of the note as it sounds in the audio. What is the MIDI note number (an integer from 0 to 127)? Reply with ONLY the integer. Nothing else. Output only the answer.,"Listen to this audio clip of a single musical note. The recording may have been sped up or slowed down. Identify the PITCH of the note as it sounds in the audio. What is the note name and octave? Reply with ONLY the note name in Scientific Pitch Notation (e.g. C4, F#3, Bb5). Nothing else. Output only the answer.","Listen to this audio clip of a single musical note. The recording may have been sped up or slowed down. Identify the PITCH of the note as it sounds in the audio. What is the solfege syllable and accidental (if needed) of this pitch? Use fixed-do (do=C, re=D, mi=E, fa=F, sol=G, la=A, si=B). Include sharps or flats when needed (e.g. do#, reb, fa#, sib). Do NOT include the octave. Reply with ONLY the syllable and accidental (if needed). Nothing else. Output only the answer.","Listen to this audio clip of a single musical note. The recording may have been sped up or slowed down. Identify the PITCH of the note as it sounds in the audio. What is the main pitch frequency, expressed in Hertz? Reply with ONLY a number (the frequency in Hz). Nothing else. Output only the answer."
stretch_0.5x,stretch,0.5,69,A4,cello,instrument,69,68,0,1,0,1,A4,E4,0,0,1,la,sol,0,0,0,68,E4,sol,"I’m sorry, but I can’t determine the pitch frequency from the audio.",data/analysis_audio/pitchbench_e4_time_stretching/A4_cello_3000ms_stretch_0p50x.wav,A4_cello_3000ms_stretch_0p50x.wav,Listen to this audio clip of a single musical note. The recording may have been sped up or slowed down. Identify the PITCH of the note as it sounds in the audio. What is the MIDI note number (an integer from 0 to 127)? Reply with ONLY the integer. Nothing else. Output only the answer.,"Listen to this audio clip of a single musical note. The recording may have been sped up or slowed down. Identify the PITCH of the note as it sounds in the audio. What is the note name and octave? Reply with ONLY the note name in Scientific Pitch Notation (e.g. C4, F#3, Bb5). Nothing else. Output only the answer.","Listen to this audio clip of a single musical note. The recording may have been sped up or slowed down. Identify the PITCH of the note as it sounds in the audio. What is the solfege syllable and accidental (if needed) of this pitch? Use fixed-do (do=C, re=D, mi=E, fa=F, sol=G, la=A, si=B). Include sharps or flats when needed (e.g. do#, reb, fa#, sib). Do NOT include the octave. Reply with ONLY the syllable and accidental (if needed). Nothing else. Output only the answer.","Listen to this audio clip of a single musical note. The recording may have been sped up or slowed down. Identify the PITCH of the note as it sounds in the audio. What is the main pitch frequency, expressed in Hertz? Reply with ONLY a number (the frequency in Hz). Nothing else. Output only the answer."
stretch_0.5x,stretch,0.5,72,C5,cello,instrument,72,69,0,0,0,0,C5,E4,0,0,0,do,sol,0,0,0,69,E4,sol,440,data/analysis_audio/pitchbench_e4_time_stretching/C5_cello_3000ms_stretch_0p50x.wav,C5_cello_3000ms_stretch_0p50x.wav,Listen to this audio clip of a single musical note. The recording may have been sped up or slowed down. Identify the PITCH of the note as it sounds in the audio. What is the MIDI note number (an integer from 0 to 127)? Reply with ONLY the integer. Nothing else. Output only the answer.,"Listen to this audio clip of a single musical note. The recording may have been sped up or slowed down. Identify the PITCH of the note as it sounds in the audio. What is the note name and octave? Reply with ONLY the note name in Scientific Pitch Notation (e.g. C4, F#3, Bb5). Nothing else. Output only the answer.","Listen to this audio clip of a single musical note. The recording may have been sped up or slowed down. Identify the PITCH of the note as it sounds in the audio. What is the solfege syllable and accidental (if needed) of this pitch? Use fixed-do (do=C, re=D, mi=E, fa=F, sol=G, la=A, si=B). Include sharps or flats when needed (e.g. do#, reb, fa#, sib). Do NOT include the octave. Reply with ONLY the syllable and accidental (if needed). Nothing else. Output only the answer.","Listen to this audio clip of a single musical note. The recording may have been sped up or slowed down. Identify the PITCH of the note as it sounds in the audio. What is the main pitch frequency, expressed in Hertz? Reply with ONLY a number (the frequency in Hz). Nothing else. Output only the answer."
stretch_0.5x,stretch,0.5,77,F5,cello,instrument,77,69,0,0,0,0,F5,C4,0,0,0,fa,sol,0,0,0,69,C4,sol,"I’m sorry, but I can’t determine the pitch frequency just by listening. However, if you have any other questions or need help with something else, feel free to ask!",data/analysis_audio/pitchbench_e4_time_stretching/F5_cello_3000ms_stretch_0p50x.wav,F5_cello_3000ms_stretch_0p50x.wav,Listen to this audio clip of a single musical note. The recording may have been sped up or slowed down. Identify the PITCH of the note as it sounds in the audio. What is the MIDI note number (an integer from 0 to 127)? Reply with ONLY the integer. Nothing else. Output only the answer.,"Listen to this audio clip of a single musical note. The recording may have been sped up or slowed down. Identify the PITCH of the note as it sounds in the audio. What is the note name and octave? Reply with ONLY the note name in Scientific Pitch Notation (e.g. C4, F#3, Bb5). Nothing else. Output only the answer.","Listen to this audio clip of a single musical note. The recording may have been sped up or slowed down. Identify the PITCH of the note as it sounds in the audio. What is the solfege syllable and accidental (if needed) of this pitch? Use fixed-do (do=C, re=D, mi=E, fa=F, sol=G, la=A, si=B). Include sharps or flats when needed (e.g. do#, reb, fa#, sib). Do NOT include the octave. Reply with ONLY the syllable and accidental (if needed). Nothing else. Output only the answer.","Listen to this audio clip of a single musical note. The recording may have been sped up or slowed down. Identify the PITCH of the note as it sounds in the audio. What is the main pitch frequency, expressed in Hertz? Reply with ONLY a number (the frequency in Hz). Nothing else. Output only the answer."
stretch_0.5x,stretch,0.5,84,C6,cello,instrument,84,72,0,0,1,0,C6,E4,0,0,0,do,sol,0,0,0,72,E4,sol,440,data/analysis_audio/pitchbench_e4_time_stretching/C6_cello_3000ms_stretch_0p50x.wav,C6_cello_3000ms_stretch_0p50x.wav,Listen to this audio clip of a single musical note. The recording may have been sped up or slowed down. Identify the PITCH of the note as it sounds in the audio. What is the MIDI note number (an integer from 0 to 127)? Reply with ONLY the integer. Nothing else. Output only the answer.,"Listen to this audio clip of a single musical note. The recording may have been sped up or slowed down. Identify the PITCH of the note as it sounds in the audio. What is the note name and octave? Reply with ONLY the note name in Scientific Pitch Notation (e.g. C4, F#3, Bb5). Nothing else. Output only the answer.","Listen to this audio clip of a single musical note. The recording may have been sped up or slowed down. Identify the PITCH of the note as it sounds in the audio. What is the solfege syllable and accidental (if needed) of this pitch? Use fixed-do (do=C, re=D, mi=E, fa=F, sol=G, la=A, si=B). Include sharps or flats when needed (e.g. do#, reb, fa#, sib). Do NOT include the octave. Reply with ONLY the syllable and accidental (if needed). Nothing else. Output only the answer.","Listen to this audio clip of a single musical note. The recording may have been sped up or slowed down. Identify the PITCH of the note as it sounds in the audio. What is the main pitch frequency, expressed in Hertz? Reply with ONLY a number (the frequency in Hz). Nothing else. Output only the answer."
stretch_2x,stretch,2.0,36,C2,cello,instrument,36,47,0,0,0,1,C2,C2,1,1,1,do,sol,0,0,1,47,C2,sol,196,data/analysis_audio/pitchbench_e4_time_stretching/C2_cello_3000ms_stretch_2p00x.wav,C2_cello_3000ms_stretch_2p00x.wav,Listen to this audio clip of a single musical note. The recording may have been sped up or slowed down. Identify the PITCH of the note as it sounds in the audio. What is the MIDI note number (an integer from 0 to 127)? Reply with ONLY the integer. Nothing else. Output only the answer.,"Listen to this audio clip of a single musical note. The recording may have been sped up or slowed down. Identify the PITCH of the note as it sounds in the audio. What is the note name and octave? Reply with ONLY the note name in Scientific Pitch Notation (e.g. C4, F#3, Bb5). Nothing else. Output only the answer.","Listen to this audio clip of a single musical note. The recording may have been sped up or slowed down. Identify the PITCH of the note as it sounds in the audio. What is the solfege syllable and accidental (if needed) of this pitch? Use fixed-do (do=C, re=D, mi=E, fa=F, sol=G, la=A, si=B). Include sharps or flats when needed (e.g. do#, reb, fa#, sib). Do NOT include the octave. Reply with ONLY the syllable and accidental (if needed). Nothing else. Output only the answer.","Listen to this audio clip of a single musical note. The recording may have been sped up or slowed down. Identify the PITCH of the note as it sounds in the audio. What is the main pitch frequency, expressed in Hertz? Reply with ONLY a number (the frequency in Hz). Nothing else. Output only the answer."
stretch_2x,stretch,2.0,43,G2,cello,instrument,43,69,0,0,0,0,G2,G3,0,1,0,sol,sol,1,0,0,69,G3,sol,196,data/analysis_audio/pitchbench_e4_time_stretching/G2_cello_3000ms_stretch_2p00x.wav,G2_cello_3000ms_stretch_2p00x.wav,Listen to this audio clip of a single musical note. The recording may have been sped up or slowed down. Identify the PITCH of the note as it sounds in the audio. What is the MIDI note number (an integer from 0 to 127)? Reply with ONLY the integer. Nothing else. Output only the answer.,"Listen to this audio clip of a single musical note. The recording may have been sped up or slowed down. Identify the PITCH of the note as it sounds in the audio. What is the note name and octave? Reply with ONLY the note name in Scientific Pitch Notation (e.g. C4, F#3, Bb5). Nothing else. Output only the answer.","Listen to this audio clip of a single musical note. The recording may have been sped up or slowed down. Identify the PITCH of the note as it sounds in the audio. What is the solfege syllable and accidental (if needed) of this pitch? Use fixed-do (do=C, re=D, mi=E, fa=F, sol=G, la=A, si=B). Include sharps or flats when needed (e.g. do#, reb, fa#, sib). Do NOT include the octave. Reply with ONLY the syllable and accidental (if needed). Nothing else. Output only the answer.","Listen to this audio clip of a single musical note. The recording may have been sped up or slowed down. Identify the PITCH of the note as it sounds in the audio. What is the main pitch frequency, expressed in Hertz? Reply with ONLY a number (the frequency in Hz). Nothing else. Output only the answer."
stretch_2x,stretch,2.0,48,C3,cello,instrument,48,48,1,1,1,1,C3,F#2,0,0,0,do,sol,0,0,1,48,F#2,sol,196,data/analysis_audio/pitchbench_e4_time_stretching/C3_cello_3000ms_stretch_2p00x.wav,C3_cello_3000ms_stretch_2p00x.wav,Listen to this audio clip of a single musical note. The recording may have been sped up or slowed down. Identify the PITCH of the note as it sounds in the audio. What is the MIDI note number (an integer from 0 to 127)? Reply with ONLY the integer. Nothing else. Output only the answer.,"Listen to this audio clip of a single musical note. The recording may have been sped up or slowed down. Identify the PITCH of the note as it sounds in the audio. What is the note name and octave? Reply with ONLY the note name in Scientific Pitch Notation (e.g. C4, F#3, Bb5). Nothing else. Output only the answer.","Listen to this audio clip of a single musical note. The recording may have been sped up or slowed down. Identify the PITCH of the note as it sounds in the audio. What is the solfege syllable and accidental (if needed) of this pitch? Use fixed-do (do=C, re=D, mi=E, fa=F, sol=G, la=A, si=B). Include sharps or flats when needed (e.g. do#, reb, fa#, sib). Do NOT include the octave. Reply with ONLY the syllable and accidental (if needed). Nothing else. Output only the answer.","Listen to this audio clip of a single musical note. The recording may have been sped up or slowed down. Identify the PITCH of the note as it sounds in the audio. What is the main pitch frequency, expressed in Hertz? Reply with ONLY a number (the frequency in Hz). Nothing else. Output only the answer."
stretch_2x,stretch,2.0,54,F#3,cello,instrument,54,69,0,0,0,0,F#3,F3,0,0,1,fa#,sol,0,0,0,69,F3,sol,196,data/analysis_audio/pitchbench_e4_time_stretching/Fs3_cello_3000ms_stretch_2p00x.wav,Fs3_cello_3000ms_stretch_2p00x.wav,Listen to this audio clip of a single musical note. The recording may have been sped up or slowed down. Identify the PITCH of the note as it sounds in the audio. What is the MIDI note number (an integer from 0 to 127)? Reply with ONLY the integer. Nothing else. Output only the answer.,"Listen to this audio clip of a single musical note. The recording may have been sped up or slowed down. Identify the PITCH of the note as it sounds in the audio. What is the note name and octave? Reply with ONLY the note name in Scientific Pitch Notation (e.g. C4, F#3, Bb5). Nothing else. Output only the answer.","Listen to this audio clip of a single musical note. The recording may have been sped up or slowed down. Identify the PITCH of the note as it sounds in the audio. What is the solfege syllable and accidental (if needed) of this pitch? Use fixed-do (do=C, re=D, mi=E, fa=F, sol=G, la=A, si=B). Include sharps or flats when needed (e.g. do#, reb, fa#, sib). Do NOT include the octave. Reply with ONLY the syllable and accidental (if needed). Nothing else. Output only the answer.","Listen to this audio clip of a single musical note. The recording may have been sped up or slowed down. Identify the PITCH of the note as it sounds in the audio. What is the main pitch frequency, expressed in Hertz? Reply with ONLY a number (the frequency in Hz). Nothing else. Output only the answer."
stretch_2x,stretch,2.0,58,A#3,cello,instrument,58,69,0,0,0,0,A#3,F4,0,0,0,la#,sol,0,0,0,69,F4,sol,440,data/analysis_audio/pitchbench_e4_time_stretching/As3_cello_3000ms_stretch_2p00x.wav,As3_cello_3000ms_stretch_2p00x.wav,Listen to this audio clip of a single musical note. The recording may have been sped up or slowed down. Identify the PITCH of the note as it sounds in the audio. What is the MIDI note number (an integer from 0 to 127)? Reply with ONLY the integer. Nothing else. Output only the answer.,"Listen to this audio clip of a single musical note. The recording may have been sped up or slowed down. Identify the PITCH of the note as it sounds in the audio. What is the note name and octave? Reply with ONLY the note name in Scientific Pitch Notation (e.g. C4, F#3, Bb5). Nothing else. Output only the answer.","Listen to this audio clip of a single musical note. The recording may have been sped up or slowed down. Identify the PITCH of the note as it sounds in the audio. What is the solfege syllable and accidental (if needed) of this pitch? Use fixed-do (do=C, re=D, mi=E, fa=F, sol=G, la=A, si=B). Include sharps or flats when needed (e.g. do#, reb, fa#, sib). Do NOT include the octave. Reply with ONLY the syllable and accidental (if needed). Nothing else. Output only the answer.","Listen to this audio clip of a single musical note. The recording may have been sped up or slowed down. Identify the PITCH of the note as it sounds in the audio. What is the main pitch frequency, expressed in Hertz? Reply with ONLY a number (the frequency in Hz). Nothing else. Output only the answer."
stretch_2x,stretch,2.0,60,C4,cello,instrument,60,69,0,0,0,1,C4,G4,0,0,1,do,sol,0,0,0,69,G4,sol,440,data/analysis_audio/pitchbench_e4_time_stretching/C4_cello_3000ms_stretch_2p00x.wav,C4_cello_3000ms_stretch_2p00x.wav,Listen to this audio clip of a single musical note. The recording may have been sped up or slowed down. Identify the PITCH of the note as it sounds in the audio. What is the MIDI note number (an integer from 0 to 127)? Reply with ONLY the integer. Nothing else. Output only the answer.,"Listen to this audio clip of a single musical note. The recording may have been sped up or slowed down. Identify the PITCH of the note as it sounds in the audio. What is the note name and octave? Reply with ONLY the note name in Scientific Pitch Notation (e.g. C4, F#3, Bb5). Nothing else. Output only the answer.","Listen to this audio clip of a single musical note. The recording may have been sped up or slowed down. Identify the PITCH of the note as it sounds in the audio. What is the solfege syllable and accidental (if needed) of this pitch? Use fixed-do (do=C, re=D, mi=E, fa=F, sol=G, la=A, si=B). Include sharps or flats when needed (e.g. do#, reb, fa#, sib). Do NOT include the octave. Reply with ONLY the syllable and accidental (if needed). Nothing else. Output only the answer.","Listen to this audio clip of a single musical note. The recording may have been sped up or slowed down. Identify the PITCH of the note as it sounds in the audio. What is the main pitch frequency, expressed in Hertz? Reply with ONLY a number (the frequency in Hz). Nothing else. Output only the answer."
stretch_2x,stretch,2.0,64,E4,cello,instrument,64,69,0,0,0,1,E4,F#4,0,0,1,mi,sol,0,0,0,69,F#4,sol,440,data/analysis_audio/pitchbench_e4_time_stretching/E4_cello_3000ms_stretch_2p00x.wav,E4_cello_3000ms_stretch_2p00x.wav,Listen to this audio clip of a single musical note. The recording may have been sped up or slowed down. Identify the PITCH of the note as it sounds in the audio. What is the MIDI note number (an integer from 0 to 127)? Reply with ONLY the integer. Nothing else. Output only the answer.,"Listen to this audio clip of a single musical note. The recording may have been sped up or slowed down. Identify the PITCH of the note as it sounds in the audio. What is the note name and octave? Reply with ONLY the note name in Scientific Pitch Notation (e.g. C4, F#3, Bb5). Nothing else. Output only the answer.","Listen to this audio clip of a single musical note. The recording may have been sped up or slowed down. Identify the PITCH of the note as it sounds in the audio. What is the solfege syllable and accidental (if needed) of this pitch? Use fixed-do (do=C, re=D, mi=E, fa=F, sol=G, la=A, si=B). Include sharps or flats when needed (e.g. do#, reb, fa#, sib). Do NOT include the octave. Reply with ONLY the syllable and accidental (if needed). Nothing else. Output only the answer.","Listen to this audio clip of a single musical note. The recording may have been sped up or slowed down. Identify the PITCH of the note as it sounds in the audio. What is the main pitch frequency, expressed in Hertz? Reply with ONLY a number (the frequency in Hz). Nothing else. Output only the answer."
stretch_2x,stretch,2.0,67,G4,cello,instrument,67,72,0,0,0,0,G4,F#4,0,0,1,sol,sol,1,0,0,72,F#4,sol,440,data/analysis_audio/pitchbench_e4_time_stretching/G4_cello_3000ms_stretch_2p00x.wav,G4_cello_3000ms_stretch_2p00x.wav,Listen to this audio clip of a single musical note. The recording may have been sped up or slowed down. Identify the PITCH of the note as it sounds in the audio. What is the MIDI note number (an integer from 0 to 127)? Reply with ONLY the integer. Nothing else. Output only the answer.,"Listen to this audio clip of a single musical note. The recording may have been sped up or slowed down. Identify the PITCH of the note as it sounds in the audio. What is the note name and octave? Reply with ONLY the note name in Scientific Pitch Notation (e.g. C4, F#3, Bb5). Nothing else. Output only the answer.","Listen to this audio clip of a single musical note. The recording may have been sped up or slowed down. Identify the PITCH of the note as it sounds in the audio. What is the solfege syllable and accidental (if needed) of this pitch? Use fixed-do (do=C, re=D, mi=E, fa=F, sol=G, la=A, si=B). Include sharps or flats when needed (e.g. do#, reb, fa#, sib). Do NOT include the octave. Reply with ONLY the syllable and accidental (if needed). Nothing else. Output only the answer.","Listen to this audio clip of a single musical note. The recording may have been sped up or slowed down. Identify the PITCH of the note as it sounds in the audio. What is the main pitch frequency, expressed in Hertz? Reply with ONLY a number (the frequency in Hz). Nothing else. Output only the answer."
stretch_2x,stretch,2.0,69,A4,cello,instrument,69,72,0,0,0,0,A4,F4,0,0,1,la,sol,0,1,1,72,F4,sol,440,data/analysis_audio/pitchbench_e4_time_stretching/A4_cello_3000ms_stretch_2p00x.wav,A4_cello_3000ms_stretch_2p00x.wav,Listen to this audio clip of a single musical note. The recording may have been sped up or slowed down. Identify the PITCH of the note as it sounds in the audio. What is the MIDI note number (an integer from 0 to 127)? Reply with ONLY the integer. Nothing else. Output only the answer.,"Listen to this audio clip of a single musical note. The recording may have been sped up or slowed down. Identify the PITCH of the note as it sounds in the audio. What is the note name and octave? Reply with ONLY the note name in Scientific Pitch Notation (e.g. C4, F#3, Bb5). Nothing else. Output only the answer.","Listen to this audio clip of a single musical note. The recording may have been sped up or slowed down. Identify the PITCH of the note as it sounds in the audio. What is the solfege syllable and accidental (if needed) of this pitch? Use fixed-do (do=C, re=D, mi=E, fa=F, sol=G, la=A, si=B). Include sharps or flats when needed (e.g. do#, reb, fa#, sib). Do NOT include the octave. Reply with ONLY the syllable and accidental (if needed). Nothing else. Output only the answer.","Listen to this audio clip of a single musical note. The recording may have been sped up or slowed down. Identify the PITCH of the note as it sounds in the audio. What is the main pitch frequency, expressed in Hertz? Reply with ONLY a number (the frequency in Hz). Nothing else. Output only the answer."
stretch_2x,stretch,2.0,72,C5,cello,instrument,72,72,1,1,1,1,C5,F#5,0,0,1,do,sol,0,0,1,72,F#5,sol,440,data/analysis_audio/pitchbench_e4_time_stretching/C5_cello_3000ms_stretch_2p00x.wav,C5_cello_3000ms_stretch_2p00x.wav,Listen to this audio clip of a single musical note. The recording may have been sped up or slowed down. Identify the PITCH of the note as it sounds in the audio. What is the MIDI note number (an integer from 0 to 127)? Reply with ONLY the integer. Nothing else. Output only the answer.,"Listen to this audio clip of a single musical note. The recording may have been sped up or slowed down. Identify the PITCH of the note as it sounds in the audio. What is the note name and octave? Reply with ONLY the note name in Scientific Pitch Notation (e.g. C4, F#3, Bb5). Nothing else. Output only the answer.","Listen to this audio clip of a single musical note. The recording may have been sped up or slowed down. Identify the PITCH of the note as it sounds in the audio. What is the solfege syllable and accidental (if needed) of this pitch? Use fixed-do (do=C, re=D, mi=E, fa=F, sol=G, la=A, si=B). Include sharps or flats when needed (e.g. do#, reb, fa#, sib). Do NOT include the octave. Reply with ONLY the syllable and accidental (if needed). Nothing else. Output only the answer.","Listen to this audio clip of a single musical note. The recording may have been sped up or slowed down. Identify the PITCH of the note as it sounds in the audio. What is the main pitch frequency, expressed in Hertz? Reply with ONLY a number (the frequency in Hz). Nothing else. Output only the answer."
stretch_2x,stretch,2.0,77,F5,cello,instrument,77,72,0,0,0,1,F5,F5,1,1,1,fa,sol,0,0,1,72,F5,sol,440,data/analysis_audio/pitchbench_e4_time_stretching/F5_cello_3000ms_stretch_2p00x.wav,F5_cello_3000ms_stretch_2p00x.wav,Listen to this audio clip of a single musical note. The recording may have been sped up or slowed down. Identify the PITCH of the note as it sounds in the audio. What is the MIDI note number (an integer from 0 to 127)? Reply with ONLY the integer. Nothing else. Output only the answer.,"Listen to this audio clip of a single musical note. The recording may have been sped up or slowed down. Identify the PITCH of the note as it sounds in the audio. What is the note name and octave? Reply with ONLY the note name in Scientific Pitch Notation (e.g. C4, F#3, Bb5). Nothing else. Output only the answer.","Listen to this audio clip of a single musical note. The recording may have been sped up or slowed down. Identify the PITCH of the note as it sounds in the audio. What is the solfege syllable and accidental (if needed) of this pitch? Use fixed-do (do=C, re=D, mi=E, fa=F, sol=G, la=A, si=B). Include sharps or flats when needed (e.g. do#, reb, fa#, sib). Do NOT include the octave. Reply with ONLY the syllable and accidental (if needed). Nothing else. Output only the answer.","Listen to this audio clip of a single musical note. The recording may have been sped up or slowed down. Identify the PITCH of the note as it sounds in the audio. What is the main pitch frequency, expressed in Hertz? Reply with ONLY a number (the frequency in Hz). Nothing else. Output only the answer."
stretch_2x,stretch,2.0,84,C6,cello,instrument,84,72,0,0,1,0,C6,F6,0,0,1,do,sol,0,0,0,72,F6,sol,440,data/analysis_audio/pitchbench_e4_time_stretching/C6_cello_3000ms_stretch_2p00x.wav,C6_cello_3000ms_stretch_2p00x.wav,Listen to this audio clip of a single musical note. The recording may have been sped up or slowed down. Identify the PITCH of the note as it sounds in the audio. What is the MIDI note number (an integer from 0 to 127)? Reply with ONLY the integer. Nothing else. Output only the answer.,"Listen to this audio clip of a single musical note. The recording may have been sped up or slowed down. Identify the PITCH of the note as it sounds in the audio. What is the note name and octave? Reply with ONLY the note name in Scientific Pitch Notation (e.g. C4, F#3, Bb5). Nothing else. Output only the answer.","Listen to this audio clip of a single musical note. The recording may have been sped up or slowed down. Identify the PITCH of the note as it sounds in the audio. What is the solfege syllable and accidental (if needed) of this pitch? Use fixed-do (do=C, re=D, mi=E, fa=F, sol=G, la=A, si=B). Include sharps or flats when needed (e.g. do#, reb, fa#, sib). Do NOT include the octave. Reply with ONLY the syllable and accidental (if needed). Nothing else. Output only the answer.","Listen to this audio clip of a single musical note. The recording may have been sped up or slowed down. Identify the PITCH of the note as it sounds in the audio. What is the main pitch frequency, expressed in Hertz? Reply with ONLY a number (the frequency in Hz). Nothing else. Output only the answer."
resample_0.5x,resample,0.5,36,C2,flute,instrument,48,69,0,0,0,0,C3,A#2,0,0,0,do,sol,0,0,0,69,A#2,sol,440,data/analysis_audio/pitchbench_e4_time_stretching/C2_flute_3000ms_resample_0p50x.wav,C2_flute_3000ms_resample_0p50x.wav,Listen to this audio clip of a single musical note. The recording may have been sped up or slowed down. Identify the PITCH of the note as it sounds in the audio. What is the MIDI note number (an integer from 0 to 127)? Reply with ONLY the integer. Nothing else. Output only the answer.,"Listen to this audio clip of a single musical note. The recording may have been sped up or slowed down. Identify the PITCH of the note as it sounds in the audio. What is the note name and octave? Reply with ONLY the note name in Scientific Pitch Notation (e.g. C4, F#3, Bb5). Nothing else. Output only the answer.","Listen to this audio clip of a single musical note. The recording may have been sped up or slowed down. Identify the PITCH of the note as it sounds in the audio. What is the solfege syllable and accidental (if needed) of this pitch? Use fixed-do (do=C, re=D, mi=E, fa=F, sol=G, la=A, si=B). Include sharps or flats when needed (e.g. do#, reb, fa#, sib). Do NOT include the octave. Reply with ONLY the syllable and accidental (if needed). Nothing else. Output only the answer.","Listen to this audio clip of a single musical note. The recording may have been sped up or slowed down. Identify the PITCH of the note as it sounds in the audio. What is the main pitch frequency, expressed in Hertz? Reply with ONLY a number (the frequency in Hz). Nothing else. Output only the answer."
resample_0.5x,resample,0.5,43,G2,flute,instrument,55,60,0,0,0,0,G3,G3,1,1,1,sol,sol,1,0,1,60,G3,sol,440,data/analysis_audio/pitchbench_e4_time_stretching/G2_flute_3000ms_resample_0p50x.wav,G2_flute_3000ms_resample_0p50x.wav,Listen to this audio clip of a single musical note. The recording may have been sped up or slowed down. Identify the PITCH of the note as it sounds in the audio. What is the MIDI note number (an integer from 0 to 127)? Reply with ONLY the integer. Nothing else. Output only the answer.,"Listen to this audio clip of a single musical note. The recording may have been sped up or slowed down. Identify the PITCH of the note as it sounds in the audio. What is the note name and octave? Reply with ONLY the note name in Scientific Pitch Notation (e.g. C4, F#3, Bb5). Nothing else. Output only the answer.","Listen to this audio clip of a single musical note. The recording may have been sped up or slowed down. Identify the PITCH of the note as it sounds in the audio. What is the solfege syllable and accidental (if needed) of this pitch? Use fixed-do (do=C, re=D, mi=E, fa=F, sol=G, la=A, si=B). Include sharps or flats when needed (e.g. do#, reb, fa#, sib). Do NOT include the octave. Reply with ONLY the syllable and accidental (if needed). Nothing else. Output only the answer.","Listen to this audio clip of a single musical note. The recording may have been sped up or slowed down. Identify the PITCH of the note as it sounds in the audio. What is the main pitch frequency, expressed in Hertz? Reply with ONLY a number (the frequency in Hz). Nothing else. Output only the answer."
resample_0.5x,resample,0.5,48,C3,flute,instrument,60,69,0,0,0,1,C4,G4,0,0,1,do,sol,0,0,0,69,G4,sol,440,data/analysis_audio/pitchbench_e4_time_stretching/C3_flute_3000ms_resample_0p50x.wav,C3_flute_3000ms_resample_0p50x.wav,Listen to this audio clip of a single musical note. The recording may have been sped up or slowed down. Identify the PITCH of the note as it sounds in the audio. What is the MIDI note number (an integer from 0 to 127)? Reply with ONLY the integer. Nothing else. Output only the answer.,"Listen to this audio clip of a single musical note. The recording may have been sped up or slowed down. Identify the PITCH of the note as it sounds in the audio. What is the note name and octave? Reply with ONLY the note name in Scientific Pitch Notation (e.g. C4, F#3, Bb5). Nothing else. Output only the answer.","Listen to this audio clip of a single musical note. The recording may have been sped up or slowed down. Identify the PITCH of the note as it sounds in the audio. What is the solfege syllable and accidental (if needed) of this pitch? Use fixed-do (do=C, re=D, mi=E, fa=F, sol=G, la=A, si=B). Include sharps or flats when needed (e.g. do#, reb, fa#, sib). Do NOT include the octave. Reply with ONLY the syllable and accidental (if needed). Nothing else. Output only the answer.","Listen to this audio clip of a single musical note. The recording may have been sped up or slowed down. Identify the PITCH of the note as it sounds in the audio. What is the main pitch frequency, expressed in Hertz? Reply with ONLY a number (the frequency in Hz). Nothing else. Output only the answer."
resample_0.5x,resample,0.5,54,F#3,flute,instrument,66,69,0,0,0,1,F#4,F4,0,0,1,fa#,sol,0,0,0,69,F4,sol,440,data/analysis_audio/pitchbench_e4_time_stretching/Fs3_flute_3000ms_resample_0p50x.wav,Fs3_flute_3000ms_resample_0p50x.wav,Listen to this audio clip of a single musical note. The recording may have been sped up or slowed down. Identify the PITCH of the note as it sounds in the audio. What is the MIDI note number (an integer from 0 to 127)? Reply with ONLY the integer. Nothing else. Output only the answer.,"Listen to this audio clip of a single musical note. The recording may have been sped up or slowed down. Identify the PITCH of the note as it sounds in the audio. What is the note name and octave? Reply with ONLY the note name in Scientific Pitch Notation (e.g. C4, F#3, Bb5). Nothing else. Output only the answer.","Listen to this audio clip of a single musical note. The recording may have been sped up or slowed down. Identify the PITCH of the note as it sounds in the audio. What is the solfege syllable and accidental (if needed) of this pitch? Use fixed-do (do=C, re=D, mi=E, fa=F, sol=G, la=A, si=B). Include sharps or flats when needed (e.g. do#, reb, fa#, sib). Do NOT include the octave. Reply with ONLY the syllable and accidental (if needed). Nothing else. Output only the answer.","Listen to this audio clip of a single musical note. The recording may have been sped up or slowed down. Identify the PITCH of the note as it sounds in the audio. What is the main pitch frequency, expressed in Hertz? Reply with ONLY a number (the frequency in Hz). Nothing else. Output only the answer."
resample_0.5x,resample,0.5,58,A#3,flute,instrument,70,69,0,1,0,1,A#4,G4,0,0,1,la#,sol,0,0,0,69,G4,sol,440,data/analysis_audio/pitchbench_e4_time_stretching/As3_flute_3000ms_resample_0p50x.wav,As3_flute_3000ms_resample_0p50x.wav,Listen to this audio clip of a single musical note. The recording may have been sped up or slowed down. Identify the PITCH of the note as it sounds in the audio. What is the MIDI note number (an integer from 0 to 127)? Reply with ONLY the integer. Nothing else. Output only the answer.,"Listen to this audio clip of a single musical note. The recording may have been sped up or slowed down. Identify the PITCH of the note as it sounds in the audio. What is the note name and octave? Reply with ONLY the note name in Scientific Pitch Notation (e.g. C4, F#3, Bb5). Nothing else. Output only the answer.","Listen to this audio clip of a single musical note. The recording may have been sped up or slowed down. Identify the PITCH of the note as it sounds in the audio. What is the solfege syllable and accidental (if needed) of this pitch? Use fixed-do (do=C, re=D, mi=E, fa=F, sol=G, la=A, si=B). Include sharps or flats when needed (e.g. do#, reb, fa#, sib). Do NOT include the octave. Reply with ONLY the syllable and accidental (if needed). Nothing else. Output only the answer.","Listen to this audio clip of a single musical note. The recording may have been sped up or slowed down. Identify the PITCH of the note as it sounds in the audio. What is the main pitch frequency, expressed in Hertz? Reply with ONLY a number (the frequency in Hz). Nothing else. Output only the answer."
resample_0.5x,resample,0.5,60,C4,flute,instrument,72,69,0,0,0,0,C5,G4,0,0,0,do,sol,0,0,0,69,G4,sol,440,data/analysis_audio/pitchbench_e4_time_stretching/C4_flute_3000ms_resample_0p50x.wav,C4_flute_3000ms_resample_0p50x.wav,Listen to this audio clip of a single musical note. The recording may have been sped up or slowed down. Identify the PITCH of the note as it sounds in the audio. What is the MIDI note number (an integer from 0 to 127)? Reply with ONLY the integer. Nothing else. Output only the answer.,"Listen to this audio clip of a single musical note. The recording may have been sped up or slowed down. Identify the PITCH of the note as it sounds in the audio. What is the note name and octave? Reply with ONLY the note name in Scientific Pitch Notation (e.g. C4, F#3, Bb5). Nothing else. Output only the answer.","Listen to this audio clip of a single musical note. The recording may have been sped up or slowed down. Identify the PITCH of the note as it sounds in the audio. What is the solfege syllable and accidental (if needed) of this pitch? Use fixed-do (do=C, re=D, mi=E, fa=F, sol=G, la=A, si=B). Include sharps or flats when needed (e.g. do#, reb, fa#, sib). Do NOT include the octave. Reply with ONLY the syllable and accidental (if needed). Nothing else. Output only the answer.","Listen to this audio clip of a single musical note. The recording may have been sped up or slowed down. Identify the PITCH of the note as it sounds in the audio. What is the main pitch frequency, expressed in Hertz? Reply with ONLY a number (the frequency in Hz). Nothing else. Output only the answer."
resample_0.5x,resample,0.5,64,E4,flute,instrument,76,72,0,0,0,1,E5,A5,0,0,1,mi,sol,0,0,0,72,A5,sol,440,data/analysis_audio/pitchbench_e4_time_stretching/E4_flute_3000ms_resample_0p50x.wav,E4_flute_3000ms_resample_0p50x.wav,Listen to this audio clip of a single musical note. The recording may have been sped up or slowed down. Identify the PITCH of the note as it sounds in the audio. What is the MIDI note number (an integer from 0 to 127)? Reply with ONLY the integer. Nothing else. Output only the answer.,"Listen to this audio clip of a single musical note. The recording may have been sped up or slowed down. Identify the PITCH of the note as it sounds in the audio. What is the note name and octave? Reply with ONLY the note name in Scientific Pitch Notation (e.g. C4, F#3, Bb5). Nothing else. Output only the answer.","Listen to this audio clip of a single musical note. The recording may have been sped up or slowed down. Identify the PITCH of the note as it sounds in the audio. What is the solfege syllable and accidental (if needed) of this pitch? Use fixed-do (do=C, re=D, mi=E, fa=F, sol=G, la=A, si=B). Include sharps or flats when needed (e.g. do#, reb, fa#, sib). Do NOT include the octave. Reply with ONLY the syllable and accidental (if needed). Nothing else. Output only the answer.","Listen to this audio clip of a single musical note. The recording may have been sped up or slowed down. Identify the PITCH of the note as it sounds in the audio. What is the main pitch frequency, expressed in Hertz? Reply with ONLY a number (the frequency in Hz). Nothing else. Output only the answer."
resample_0.5x,resample,0.5,67,G4,flute,instrument,79,72,0,0,0,1,G5,F6,0,0,0,sol,sol,1,0,0,72,F6,sol,440,data/analysis_audio/pitchbench_e4_time_stretching/G4_flute_3000ms_resample_0p50x.wav,G4_flute_3000ms_resample_0p50x.wav,Listen to this audio clip of a single musical note. The recording may have been sped up or slowed down. Identify the PITCH of the note as it sounds in the audio. What is the MIDI note number (an integer from 0 to 127)? Reply with ONLY the integer. Nothing else. Output only the answer.,"Listen to this audio clip of a single musical note. The recording may have been sped up or slowed down. Identify the PITCH of the note as it sounds in the audio. What is the note name and octave? Reply with ONLY the note name in Scientific Pitch Notation (e.g. C4, F#3, Bb5). Nothing else. Output only the answer.","Listen to this audio clip of a single musical note. The recording may have been sped up or slowed down. Identify the PITCH of the note as it sounds in the audio. What is the solfege syllable and accidental (if needed) of this pitch? Use fixed-do (do=C, re=D, mi=E, fa=F, sol=G, la=A, si=B). Include sharps or flats when needed (e.g. do#, reb, fa#, sib). Do NOT include the octave. Reply with ONLY the syllable and accidental (if needed). Nothing else. Output only the answer.","Listen to this audio clip of a single musical note. The recording may have been sped up or slowed down. Identify the PITCH of the note as it sounds in the audio. What is the main pitch frequency, expressed in Hertz? Reply with ONLY a number (the frequency in Hz). Nothing else. Output only the answer."
resample_0.5x,resample,0.5,69,A4,flute,instrument,81,72,0,0,0,1,A5,A#5,0,0,1,la,sol,0,0,0,72,A#5,sol,440,data/analysis_audio/pitchbench_e4_time_stretching/A4_flute_3000ms_resample_0p50x.wav,A4_flute_3000ms_resample_0p50x.wav,Listen to this audio clip of a single musical note. The recording may have been sped up or slowed down. Identify the PITCH of the note as it sounds in the audio. What is the MIDI note number (an integer from 0 to 127)? Reply with ONLY the integer. Nothing else. Output only the answer.,"Listen to this audio clip of a single musical note. The recording may have been sped up or slowed down. Identify the PITCH of the note as it sounds in the audio. What is the note name and octave? Reply with ONLY the note name in Scientific Pitch Notation (e.g. C4, F#3, Bb5). Nothing else. Output only the answer.","Listen to this audio clip of a single musical note. The recording may have been sped up or slowed down. Identify the PITCH of the note as it sounds in the audio. What is the solfege syllable and accidental (if needed) of this pitch? Use fixed-do (do=C, re=D, mi=E, fa=F, sol=G, la=A, si=B). Include sharps or flats when needed (e.g. do#, reb, fa#, sib). Do NOT include the octave. Reply with ONLY the syllable and accidental (if needed). Nothing else. Output only the answer.","Listen to this audio clip of a single musical note. The recording may have been sped up or slowed down. Identify the PITCH of the note as it sounds in the audio. What is the main pitch frequency, expressed in Hertz? Reply with ONLY a number (the frequency in Hz). Nothing else. Output only the answer."
resample_0.5x,resample,0.5,72,C5,flute,instrument,84,72,0,0,1,0,C6,G5,0,0,0,do,sol,0,0,0,72,G5,sol,440,data/analysis_audio/pitchbench_e4_time_stretching/C5_flute_3000ms_resample_0p50x.wav,C5_flute_3000ms_resample_0p50x.wav,Listen to this audio clip of a single musical note. The recording may have been sped up or slowed down. Identify the PITCH of the note as it sounds in the audio. What is the MIDI note number (an integer from 0 to 127)? Reply with ONLY the integer. Nothing else. Output only the answer.,"Listen to this audio clip of a single musical note. The recording may have been sped up or slowed down. Identify the PITCH of the note as it sounds in the audio. What is the note name and octave? Reply with ONLY the note name in Scientific Pitch Notation (e.g. C4, F#3, Bb5). Nothing else. Output only the answer.","Listen to this audio clip of a single musical note. The recording may have been sped up or slowed down. Identify the PITCH of the note as it sounds in the audio. What is the solfege syllable and accidental (if needed) of this pitch? Use fixed-do (do=C, re=D, mi=E, fa=F, sol=G, la=A, si=B). Include sharps or flats when needed (e.g. do#, reb, fa#, sib). Do NOT include the octave. Reply with ONLY the syllable and accidental (if needed). Nothing else. Output only the answer.","Listen to this audio clip of a single musical note. The recording may have been sped up or slowed down. Identify the PITCH of the note as it sounds in the audio. What is the main pitch frequency, expressed in Hertz? Reply with ONLY a number (the frequency in Hz). Nothing else. Output only the answer."
resample_0.5x,resample,0.5,77,F5,flute,instrument,89,74,0,0,0,0,F6,G6,0,0,1,fa,sol,0,0,0,74,G6,sol,784,data/analysis_audio/pitchbench_e4_time_stretching/F5_flute_3000ms_resample_0p50x.wav,F5_flute_3000ms_resample_0p50x.wav,Listen to this audio clip of a single musical note. The recording may have been sped up or slowed down. Identify the PITCH of the note as it sounds in the audio. What is the MIDI note number (an integer from 0 to 127)? Reply with ONLY the integer. Nothing else. Output only the answer.,"Listen to this audio clip of a single musical note. The recording may have been sped up or slowed down. Identify the PITCH of the note as it sounds in the audio. What is the note name and octave? Reply with ONLY the note name in Scientific Pitch Notation (e.g. C4, F#3, Bb5). Nothing else. Output only the answer.","Listen to this audio clip of a single musical note. The recording may have been sped up or slowed down. Identify the PITCH of the note as it sounds in the audio. What is the solfege syllable and accidental (if needed) of this pitch? Use fixed-do (do=C, re=D, mi=E, fa=F, sol=G, la=A, si=B). Include sharps or flats when needed (e.g. do#, reb, fa#, sib). Do NOT include the octave. Reply with ONLY the syllable and accidental (if needed). Nothing else. Output only the answer.","Listen to this audio clip of a single musical note. The recording may have been sped up or slowed down. Identify the PITCH of the note as it sounds in the audio. What is the main pitch frequency, expressed in Hertz? Reply with ONLY a number (the frequency in Hz). Nothing else. Output only the answer."
resample_0.5x,resample,0.5,84,C6,flute,instrument,96,68,0,0,0,0,C7,G5,0,0,0,do,sol,0,0,0,68,G5,sol,440,data/analysis_audio/pitchbench_e4_time_stretching/C6_flute_3000ms_resample_0p50x.wav,C6_flute_3000ms_resample_0p50x.wav,Listen to this audio clip of a single musical note. The recording may have been sped up or slowed down. Identify the PITCH of the note as it sounds in the audio. What is the MIDI note number (an integer from 0 to 127)? Reply with ONLY the integer. Nothing else. Output only the answer.,"Listen to this audio clip of a single musical note. The recording may have been sped up or slowed down. Identify the PITCH of the note as it sounds in the audio. What is the note name and octave? Reply with ONLY the note name in Scientific Pitch Notation (e.g. C4, F#3, Bb5). Nothing else. Output only the answer.","Listen to this audio clip of a single musical note. The recording may have been sped up or slowed down. Identify the PITCH of the note as it sounds in the audio. What is the solfege syllable and accidental (if needed) of this pitch? Use fixed-do (do=C, re=D, mi=E, fa=F, sol=G, la=A, si=B). Include sharps or flats when needed (e.g. do#, reb, fa#, sib). Do NOT include the octave. Reply with ONLY the syllable and accidental (if needed). Nothing else. Output only the answer.","Listen to this audio clip of a single musical note. The recording may have been sped up or slowed down. Identify the PITCH of the note as it sounds in the audio. What is the main pitch frequency, expressed in Hertz? Reply with ONLY a number (the frequency in Hz). Nothing else. Output only the answer."
resample_2x,resample,2.0,36,C2,flute,instrument,24,69,0,0,0,0,C1,G2,0,0,0,do,sol,0,0,0,69,G2,sol,220,data/analysis_audio/pitchbench_e4_time_stretching/C2_flute_3000ms_resample_2p00x.wav,C2_flute_3000ms_resample_2p00x.wav,Listen to this audio clip of a single musical note. The recording may have been sped up or slowed down. Identify the PITCH of the note as it sounds in the audio. What is the MIDI note number (an integer from 0 to 127)? Reply with ONLY the integer. Nothing else. Output only the answer.,"Listen to this audio clip of a single musical note. The recording may have been sped up or slowed down. Identify the PITCH of the note as it sounds in the audio. What is the note name and octave? Reply with ONLY the note name in Scientific Pitch Notation (e.g. C4, F#3, Bb5). Nothing else. Output only the answer.","Listen to this audio clip of a single musical note. The recording may have been sped up or slowed down. Identify the PITCH of the note as it sounds in the audio. What is the solfege syllable and accidental (if needed) of this pitch? Use fixed-do (do=C, re=D, mi=E, fa=F, sol=G, la=A, si=B). Include sharps or flats when needed (e.g. do#, reb, fa#, sib). Do NOT include the octave. Reply with ONLY the syllable and accidental (if needed). Nothing else. Output only the answer.","Listen to this audio clip of a single musical note. The recording may have been sped up or slowed down. Identify the PITCH of the note as it sounds in the audio. What is the main pitch frequency, expressed in Hertz? Reply with ONLY a number (the frequency in Hz). Nothing else. Output only the answer."
resample_2x,resample,2.0,43,G2,flute,instrument,31,69,0,0,0,0,G1,F2,0,0,0,sol,sol,1,0,0,69,F2,sol,220,data/analysis_audio/pitchbench_e4_time_stretching/G2_flute_3000ms_resample_2p00x.wav,G2_flute_3000ms_resample_2p00x.wav,Listen to this audio clip of a single musical note. The recording may have been sped up or slowed down. Identify the PITCH of the note as it sounds in the audio. What is the MIDI note number (an integer from 0 to 127)? Reply with ONLY the integer. Nothing else. Output only the answer.,"Listen to this audio clip of a single musical note. The recording may have been sped up or slowed down. Identify the PITCH of the note as it sounds in the audio. What is the note name and octave? Reply with ONLY the note name in Scientific Pitch Notation (e.g. C4, F#3, Bb5). Nothing else. Output only the answer.","Listen to this audio clip of a single musical note. The recording may have been sped up or slowed down. Identify the PITCH of the note as it sounds in the audio. What is the solfege syllable and accidental (if needed) of this pitch? Use fixed-do (do=C, re=D, mi=E, fa=F, sol=G, la=A, si=B). Include sharps or flats when needed (e.g. do#, reb, fa#, sib). Do NOT include the octave. Reply with ONLY the syllable and accidental (if needed). Nothing else. Output only the answer.","Listen to this audio clip of a single musical note. The recording may have been sped up or slowed down. Identify the PITCH of the note as it sounds in the audio. What is the main pitch frequency, expressed in Hertz? Reply with ONLY a number (the frequency in Hz). Nothing else. Output only the answer."
resample_2x,resample,2.0,48,C3,flute,instrument,36,69,0,0,0,0,C2,G2,0,0,1,do,sol,0,0,0,69,G2,sol,196,data/analysis_audio/pitchbench_e4_time_stretching/C3_flute_3000ms_resample_2p00x.wav,C3_flute_3000ms_resample_2p00x.wav,Listen to this audio clip of a single musical note. The recording may have been sped up or slowed down. Identify the PITCH of the note as it sounds in the audio. What is the MIDI note number (an integer from 0 to 127)? Reply with ONLY the integer. Nothing else. Output only the answer.,"Listen to this audio clip of a single musical note. The recording may have been sped up or slowed down. Identify the PITCH of the note as it sounds in the audio. What is the note name and octave? Reply with ONLY the note name in Scientific Pitch Notation (e.g. C4, F#3, Bb5). Nothing else. Output only the answer.","Listen to this audio clip of a single musical note. The recording may have been sped up or slowed down. Identify the PITCH of the note as it sounds in the audio. What is the solfege syllable and accidental (if needed) of this pitch? Use fixed-do (do=C, re=D, mi=E, fa=F, sol=G, la=A, si=B). Include sharps or flats when needed (e.g. do#, reb, fa#, sib). Do NOT include the octave. Reply with ONLY the syllable and accidental (if needed). Nothing else. Output only the answer.","Listen to this audio clip of a single musical note. The recording may have been sped up or slowed down. Identify the PITCH of the note as it sounds in the audio. What is the main pitch frequency, expressed in Hertz? Reply with ONLY a number (the frequency in Hz). Nothing else. Output only the answer."
resample_2x,resample,2.0,54,F#3,flute,instrument,42,69,0,0,0,0,F#2,G2,0,0,1,fa#,sol,0,0,0,69,G2,sol,220,data/analysis_audio/pitchbench_e4_time_stretching/Fs3_flute_3000ms_resample_2p00x.wav,Fs3_flute_3000ms_resample_2p00x.wav,Listen to this audio clip of a single musical note. The recording may have been sped up or slowed down. Identify the PITCH of the note as it sounds in the audio. What is the MIDI note number (an integer from 0 to 127)? Reply with ONLY the integer. Nothing else. Output only the answer.,"Listen to this audio clip of a single musical note. The recording may have been sped up or slowed down. Identify the PITCH of the note as it sounds in the audio. What is the note name and octave? Reply with ONLY the note name in Scientific Pitch Notation (e.g. C4, F#3, Bb5). Nothing else. Output only the answer.","Listen to this audio clip of a single musical note. The recording may have been sped up or slowed down. Identify the PITCH of the note as it sounds in the audio. What is the solfege syllable and accidental (if needed) of this pitch? Use fixed-do (do=C, re=D, mi=E, fa=F, sol=G, la=A, si=B). Include sharps or flats when needed (e.g. do#, reb, fa#, sib). Do NOT include the octave. Reply with ONLY the syllable and accidental (if needed). Nothing else. Output only the answer.","Listen to this audio clip of a single musical note. The recording may have been sped up or slowed down. Identify the PITCH of the note as it sounds in the audio. What is the main pitch frequency, expressed in Hertz? Reply with ONLY a number (the frequency in Hz). Nothing else. Output only the answer."
resample_2x,resample,2.0,58,A#3,flute,instrument,46,58,0,0,1,0,A#2,F#2,0,0,1,la#,sol,0,0,0,58,F#2,sol,220,data/analysis_audio/pitchbench_e4_time_stretching/As3_flute_3000ms_resample_2p00x.wav,As3_flute_3000ms_resample_2p00x.wav,Listen to this audio clip of a single musical note. The recording may have been sped up or slowed down. Identify the PITCH of the note as it sounds in the audio. What is the MIDI note number (an integer from 0 to 127)? Reply with ONLY the integer. Nothing else. Output only the answer.,"Listen to this audio clip of a single musical note. The recording may have been sped up or slowed down. Identify the PITCH of the note as it sounds in the audio. What is the note name and octave? Reply with ONLY the note name in Scientific Pitch Notation (e.g. C4, F#3, Bb5). Nothing else. Output only the answer.","Listen to this audio clip of a single musical note. The recording may have been sped up or slowed down. Identify the PITCH of the note as it sounds in the audio. What is the solfege syllable and accidental (if needed) of this pitch? Use fixed-do (do=C, re=D, mi=E, fa=F, sol=G, la=A, si=B). Include sharps or flats when needed (e.g. do#, reb, fa#, sib). Do NOT include the octave. Reply with ONLY the syllable and accidental (if needed). Nothing else. Output only the answer.","Listen to this audio clip of a single musical note. The recording may have been sped up or slowed down. Identify the PITCH of the note as it sounds in the audio. What is the main pitch frequency, expressed in Hertz? Reply with ONLY a number (the frequency in Hz). Nothing else. Output only the answer."
resample_2x,resample,2.0,60,C4,flute,instrument,48,69,0,0,0,0,C3,F#2,0,0,0,do,sol,0,0,0,69,F#2,sol,440,data/analysis_audio/pitchbench_e4_time_stretching/C4_flute_3000ms_resample_2p00x.wav,C4_flute_3000ms_resample_2p00x.wav,Listen to this audio clip of a single musical note. The recording may have been sped up or slowed down. Identify the PITCH of the note as it sounds in the audio. What is the MIDI note number (an integer from 0 to 127)? Reply with ONLY the integer. Nothing else. Output only the answer.,"Listen to this audio clip of a single musical note. The recording may have been sped up or slowed down. Identify the PITCH of the note as it sounds in the audio. What is the note name and octave? Reply with ONLY the note name in Scientific Pitch Notation (e.g. C4, F#3, Bb5). Nothing else. Output only the answer.","Listen to this audio clip of a single musical note. The recording may have been sped up or slowed down. Identify the PITCH of the note as it sounds in the audio. What is the solfege syllable and accidental (if needed) of this pitch? Use fixed-do (do=C, re=D, mi=E, fa=F, sol=G, la=A, si=B). Include sharps or flats when needed (e.g. do#, reb, fa#, sib). Do NOT include the octave. Reply with ONLY the syllable and accidental (if needed). Nothing else. Output only the answer.","Listen to this audio clip of a single musical note. The recording may have been sped up or slowed down. Identify the PITCH of the note as it sounds in the audio. What is the main pitch frequency, expressed in Hertz? Reply with ONLY a number (the frequency in Hz). Nothing else. Output only the answer."
resample_2x,resample,2.0,64,E4,flute,instrument,52,69,0,0,0,0,E3,A#2,0,0,0,mi,sol,0,0,0,69,A#2,sol,440,data/analysis_audio/pitchbench_e4_time_stretching/E4_flute_3000ms_resample_2p00x.wav,E4_flute_3000ms_resample_2p00x.wav,Listen to this audio clip of a single musical note. The recording may have been sped up or slowed down. Identify the PITCH of the note as it sounds in the audio. What is the MIDI note number (an integer from 0 to 127)? Reply with ONLY the integer. Nothing else. Output only the answer.,"Listen to this audio clip of a single musical note. The recording may have been sped up or slowed down. Identify the PITCH of the note as it sounds in the audio. What is the note name and octave? Reply with ONLY the note name in Scientific Pitch Notation (e.g. C4, F#3, Bb5). Nothing else. Output only the answer.","Listen to this audio clip of a single musical note. The recording may have been sped up or slowed down. Identify the PITCH of the note as it sounds in the audio. What is the solfege syllable and accidental (if needed) of this pitch? Use fixed-do (do=C, re=D, mi=E, fa=F, sol=G, la=A, si=B). Include sharps or flats when needed (e.g. do#, reb, fa#, sib). Do NOT include the octave. Reply with ONLY the syllable and accidental (if needed). Nothing else. Output only the answer.","Listen to this audio clip of a single musical note. The recording may have been sped up or slowed down. Identify the PITCH of the note as it sounds in the audio. What is the main pitch frequency, expressed in Hertz? Reply with ONLY a number (the frequency in Hz). Nothing else. Output only the answer."
resample_2x,resample,2.0,67,G4,flute,instrument,55,69,0,0,0,0,G3,A#2,0,0,0,sol,sol,1,0,0,69,A#2,sol,440,data/analysis_audio/pitchbench_e4_time_stretching/G4_flute_3000ms_resample_2p00x.wav,G4_flute_3000ms_resample_2p00x.wav,Listen to this audio clip of a single musical note. The recording may have been sped up or slowed down. Identify the PITCH of the note as it sounds in the audio. What is the MIDI note number (an integer from 0 to 127)? Reply with ONLY the integer. Nothing else. Output only the answer.,"Listen to this audio clip of a single musical note. The recording may have been sped up or slowed down. Identify the PITCH of the note as it sounds in the audio. What is the note name and octave? Reply with ONLY the note name in Scientific Pitch Notation (e.g. C4, F#3, Bb5). Nothing else. Output only the answer.","Listen to this audio clip of a single musical note. The recording may have been sped up or slowed down. Identify the PITCH of the note as it sounds in the audio. What is the solfege syllable and accidental (if needed) of this pitch? Use fixed-do (do=C, re=D, mi=E, fa=F, sol=G, la=A, si=B). Include sharps or flats when needed (e.g. do#, reb, fa#, sib). Do NOT include the octave. Reply with ONLY the syllable and accidental (if needed). Nothing else. Output only the answer.","Listen to this audio clip of a single musical note. The recording may have been sped up or slowed down. Identify the PITCH of the note as it sounds in the audio. What is the main pitch frequency, expressed in Hertz? Reply with ONLY a number (the frequency in Hz). Nothing else. Output only the answer."
resample_2x,resample,2.0,69,A4,flute,instrument,57,58,0,1,0,1,A3,F3,0,0,1,la,sol,0,1,1,58,F3,sol,220,data/analysis_audio/pitchbench_e4_time_stretching/A4_flute_3000ms_resample_2p00x.wav,A4_flute_3000ms_resample_2p00x.wav,Listen to this audio clip of a single musical note. The recording may have been sped up or slowed down. Identify the PITCH of the note as it sounds in the audio. What is the MIDI note number (an integer from 0 to 127)? Reply with ONLY the integer. Nothing else. Output only the answer.,"Listen to this audio clip of a single musical note. The recording may have been sped up or slowed down. Identify the PITCH of the note as it sounds in the audio. What is the note name and octave? Reply with ONLY the note name in Scientific Pitch Notation (e.g. C4, F#3, Bb5). Nothing else. Output only the answer.","Listen to this audio clip of a single musical note. The recording may have been sped up or slowed down. Identify the PITCH of the note as it sounds in the audio. What is the solfege syllable and accidental (if needed) of this pitch? Use fixed-do (do=C, re=D, mi=E, fa=F, sol=G, la=A, si=B). Include sharps or flats when needed (e.g. do#, reb, fa#, sib). Do NOT include the octave. Reply with ONLY the syllable and accidental (if needed). Nothing else. Output only the answer.","Listen to this audio clip of a single musical note. The recording may have been sped up or slowed down. Identify the PITCH of the note as it sounds in the audio. What is the main pitch frequency, expressed in Hertz? Reply with ONLY a number (the frequency in Hz). Nothing else. Output only the answer."
resample_2x,resample,2.0,72,C5,flute,instrument,60,69,0,0,0,1,C4,F#3,0,0,0,do,sol,0,0,0,69,F#3,sol,440,data/analysis_audio/pitchbench_e4_time_stretching/C5_flute_3000ms_resample_2p00x.wav,C5_flute_3000ms_resample_2p00x.wav,Listen to this audio clip of a single musical note. The recording may have been sped up or slowed down. Identify the PITCH of the note as it sounds in the audio. What is the MIDI note number (an integer from 0 to 127)? Reply with ONLY the integer. Nothing else. Output only the answer.,"Listen to this audio clip of a single musical note. The recording may have been sped up or slowed down. Identify the PITCH of the note as it sounds in the audio. What is the note name and octave? Reply with ONLY the note name in Scientific Pitch Notation (e.g. C4, F#3, Bb5). Nothing else. Output only the answer.","Listen to this audio clip of a single musical note. The recording may have been sped up or slowed down. Identify the PITCH of the note as it sounds in the audio. What is the solfege syllable and accidental (if needed) of this pitch? Use fixed-do (do=C, re=D, mi=E, fa=F, sol=G, la=A, si=B). Include sharps or flats when needed (e.g. do#, reb, fa#, sib). Do NOT include the octave. Reply with ONLY the syllable and accidental (if needed). Nothing else. Output only the answer.","Listen to this audio clip of a single musical note. The recording may have been sped up or slowed down. Identify the PITCH of the note as it sounds in the audio. What is the main pitch frequency, expressed in Hertz? Reply with ONLY a number (the frequency in Hz). Nothing else. Output only the answer."
resample_2x,resample,2.0,77,F5,flute,instrument,65,69,0,0,0,1,F4,F4,1,1,1,fa,sol,0,0,1,69,F4,sol,440,data/analysis_audio/pitchbench_e4_time_stretching/F5_flute_3000ms_resample_2p00x.wav,F5_flute_3000ms_resample_2p00x.wav,Listen to this audio clip of a single musical note. The recording may have been sped up or slowed down. Identify the PITCH of the note as it sounds in the audio. What is the MIDI note number (an integer from 0 to 127)? Reply with ONLY the integer. Nothing else. Output only the answer.,"Listen to this audio clip of a single musical note. The recording may have been sped up or slowed down. Identify the PITCH of the note as it sounds in the audio. What is the note name and octave? Reply with ONLY the note name in Scientific Pitch Notation (e.g. C4, F#3, Bb5). Nothing else. Output only the answer.","Listen to this audio clip of a single musical note. The recording may have been sped up or slowed down. Identify the PITCH of the note as it sounds in the audio. What is the solfege syllable and accidental (if needed) of this pitch? Use fixed-do (do=C, re=D, mi=E, fa=F, sol=G, la=A, si=B). Include sharps or flats when needed (e.g. do#, reb, fa#, sib). Do NOT include the octave. Reply with ONLY the syllable and accidental (if needed). Nothing else. Output only the answer.","Listen to this audio clip of a single musical note. The recording may have been sped up or slowed down. Identify the PITCH of the note as it sounds in the audio. What is the main pitch frequency, expressed in Hertz? Reply with ONLY a number (the frequency in Hz). Nothing else. Output only the answer."
resample_2x,resample,2.0,84,C6,flute,instrument,72,69,0,0,0,0,C5,F#4,0,0,0,do,sol,0,0,0,69,F#4,sol,440,data/analysis_audio/pitchbench_e4_time_stretching/C6_flute_3000ms_resample_2p00x.wav,C6_flute_3000ms_resample_2p00x.wav,Listen to this audio clip of a single musical note. The recording may have been sped up or slowed down. Identify the PITCH of the note as it sounds in the audio. What is the MIDI note number (an integer from 0 to 127)? Reply with ONLY the integer. Nothing else. Output only the answer.,"Listen to this audio clip of a single musical note. The recording may have been sped up or slowed down. Identify the PITCH of the note as it sounds in the audio. What is the note name and octave? Reply with ONLY the note name in Scientific Pitch Notation (e.g. C4, F#3, Bb5). Nothing else. Output only the answer.","Listen to this audio clip of a single musical note. The recording may have been sped up or slowed down. Identify the PITCH of the note as it sounds in the audio. What is the solfege syllable and accidental (if needed) of this pitch? Use fixed-do (do=C, re=D, mi=E, fa=F, sol=G, la=A, si=B). Include sharps or flats when needed (e.g. do#, reb, fa#, sib). Do NOT include the octave. Reply with ONLY the syllable and accidental (if needed). Nothing else. Output only the answer.","Listen to this audio clip of a single musical note. The recording may have been sped up or slowed down. Identify the PITCH of the note as it sounds in the audio. What is the main pitch frequency, expressed in Hertz? Reply with ONLY a number (the frequency in Hz). Nothing else. Output only the answer."
stretch_0.5x,stretch,0.5,36,C2,flute,instrument,36,52,0,0,0,0,C2,,0,0,0,do,mi,0,0,0,52,"I’m sorry, but I can’t determine the pitch of the note from the audio.",mi,"I’m sorry, but I can’t determine the pitch frequency just by listening to the audio.",data/analysis_audio/pitchbench_e4_time_stretching/C2_flute_3000ms_stretch_0p50x.wav,C2_flute_3000ms_stretch_0p50x.wav,Listen to this audio clip of a single musical note. The recording may have been sped up or slowed down. Identify the PITCH of the note as it sounds in the audio. What is the MIDI note number (an integer from 0 to 127)? Reply with ONLY the integer. Nothing else. Output only the answer.,"Listen to this audio clip of a single musical note. The recording may have been sped up or slowed down. Identify the PITCH of the note as it sounds in the audio. What is the note name and octave? Reply with ONLY the note name in Scientific Pitch Notation (e.g. C4, F#3, Bb5). Nothing else. Output only the answer.","Listen to this audio clip of a single musical note. The recording may have been sped up or slowed down. Identify the PITCH of the note as it sounds in the audio. What is the solfege syllable and accidental (if needed) of this pitch? Use fixed-do (do=C, re=D, mi=E, fa=F, sol=G, la=A, si=B). Include sharps or flats when needed (e.g. do#, reb, fa#, sib). Do NOT include the octave. Reply with ONLY the syllable and accidental (if needed). Nothing else. Output only the answer.","Listen to this audio clip of a single musical note. The recording may have been sped up or slowed down. Identify the PITCH of the note as it sounds in the audio. What is the main pitch frequency, expressed in Hertz? Reply with ONLY a number (the frequency in Hz). Nothing else. Output only the answer."
stretch_0.5x,stretch,0.5,43,G2,flute,instrument,43,69,0,0,0,0,G2,E4,0,0,0,sol,sol,1,0,0,69,E4,sol,440,data/analysis_audio/pitchbench_e4_time_stretching/G2_flute_3000ms_stretch_0p50x.wav,G2_flute_3000ms_stretch_0p50x.wav,Listen to this audio clip of a single musical note. The recording may have been sped up or slowed down. Identify the PITCH of the note as it sounds in the audio. What is the MIDI note number (an integer from 0 to 127)? Reply with ONLY the integer. Nothing else. Output only the answer.,"Listen to this audio clip of a single musical note. The recording may have been sped up or slowed down. Identify the PITCH of the note as it sounds in the audio. What is the note name and octave? Reply with ONLY the note name in Scientific Pitch Notation (e.g. C4, F#3, Bb5). Nothing else. Output only the answer.","Listen to this audio clip of a single musical note. The recording may have been sped up or slowed down. Identify the PITCH of the note as it sounds in the audio. What is the solfege syllable and accidental (if needed) of this pitch? Use fixed-do (do=C, re=D, mi=E, fa=F, sol=G, la=A, si=B). Include sharps or flats when needed (e.g. do#, reb, fa#, sib). Do NOT include the octave. Reply with ONLY the syllable and accidental (if needed). Nothing else. Output only the answer.","Listen to this audio clip of a single musical note. The recording may have been sped up or slowed down. Identify the PITCH of the note as it sounds in the audio. What is the main pitch frequency, expressed in Hertz? Reply with ONLY a number (the frequency in Hz). Nothing else. Output only the answer."
stretch_0.5x,stretch,0.5,48,C3,flute,instrument,48,58,0,0,0,1,C3,G3,0,0,1,do,sol,0,0,0,58,G3,sol,440,data/analysis_audio/pitchbench_e4_time_stretching/C3_flute_3000ms_stretch_0p50x.wav,C3_flute_3000ms_stretch_0p50x.wav,Listen to this audio clip of a single musical note. The recording may have been sped up or slowed down. Identify the PITCH of the note as it sounds in the audio. What is the MIDI note number (an integer from 0 to 127)? Reply with ONLY the integer. Nothing else. Output only the answer.,"Listen to this audio clip of a single musical note. The recording may have been sped up or slowed down. Identify the PITCH of the note as it sounds in the audio. What is the note name and octave? Reply with ONLY the note name in Scientific Pitch Notation (e.g. C4, F#3, Bb5). Nothing else. Output only the answer.","Listen to this audio clip of a single musical note. The recording may have been sped up or slowed down. Identify the PITCH of the note as it sounds in the audio. What is the solfege syllable and accidental (if needed) of this pitch? Use fixed-do (do=C, re=D, mi=E, fa=F, sol=G, la=A, si=B). Include sharps or flats when needed (e.g. do#, reb, fa#, sib). Do NOT include the octave. Reply with ONLY the syllable and accidental (if needed). Nothing else. Output only the answer.","Listen to this audio clip of a single musical note. The recording may have been sped up or slowed down. Identify the PITCH of the note as it sounds in the audio. What is the main pitch frequency, expressed in Hertz? Reply with ONLY a number (the frequency in Hz). Nothing else. Output only the answer."
stretch_0.5x,stretch,0.5,54,F#3,flute,instrument,54,69,0,0,0,0,F#3,G#3,0,0,1,fa#,sol,0,0,0,69,G#3,sol,440,data/analysis_audio/pitchbench_e4_time_stretching/Fs3_flute_3000ms_stretch_0p50x.wav,Fs3_flute_3000ms_stretch_0p50x.wav,Listen to this audio clip of a single musical note. The recording may have been sped up or slowed down. Identify the PITCH of the note as it sounds in the audio. What is the MIDI note number (an integer from 0 to 127)? Reply with ONLY the integer. Nothing else. Output only the answer.,"Listen to this audio clip of a single musical note. The recording may have been sped up or slowed down. Identify the PITCH of the note as it sounds in the audio. What is the note name and octave? Reply with ONLY the note name in Scientific Pitch Notation (e.g. C4, F#3, Bb5). Nothing else. Output only the answer.","Listen to this audio clip of a single musical note. The recording may have been sped up or slowed down. Identify the PITCH of the note as it sounds in the audio. What is the solfege syllable and accidental (if needed) of this pitch? Use fixed-do (do=C, re=D, mi=E, fa=F, sol=G, la=A, si=B). Include sharps or flats when needed (e.g. do#, reb, fa#, sib). Do NOT include the octave. Reply with ONLY the syllable and accidental (if needed). Nothing else. Output only the answer.","Listen to this audio clip of a single musical note. The recording may have been sped up or slowed down. Identify the PITCH of the note as it sounds in the audio. What is the main pitch frequency, expressed in Hertz? Reply with ONLY a number (the frequency in Hz). Nothing else. Output only the answer."
stretch_0.5x,stretch,0.5,58,A#3,flute,instrument,58,69,0,0,0,0,A#3,,0,0,0,la#,sol,0,0,0,69,"I’m sorry, but I can’t determine the pitch of the note from the audio.",sol,440,data/analysis_audio/pitchbench_e4_time_stretching/As3_flute_3000ms_stretch_0p50x.wav,As3_flute_3000ms_stretch_0p50x.wav,Listen to this audio clip of a single musical note. The recording may have been sped up or slowed down. Identify the PITCH of the note as it sounds in the audio. What is the MIDI note number (an integer from 0 to 127)? Reply with ONLY the integer. Nothing else. Output only the answer.,"Listen to this audio clip of a single musical note. The recording may have been sped up or slowed down. Identify the PITCH of the note as it sounds in the audio. What is the note name and octave? Reply with ONLY the note name in Scientific Pitch Notation (e.g. C4, F#3, Bb5). Nothing else. Output only the answer.","Listen to this audio clip of a single musical note. The recording may have been sped up or slowed down. Identify the PITCH of the note as it sounds in the audio. What is the solfege syllable and accidental (if needed) of this pitch? Use fixed-do (do=C, re=D, mi=E, fa=F, sol=G, la=A, si=B). Include sharps or flats when needed (e.g. do#, reb, fa#, sib). Do NOT include the octave. Reply with ONLY the syllable and accidental (if needed). Nothing else. Output only the answer.","Listen to this audio clip of a single musical note. The recording may have been sped up or slowed down. Identify the PITCH of the note as it sounds in the audio. What is the main pitch frequency, expressed in Hertz? Reply with ONLY a number (the frequency in Hz). Nothing else. Output only the answer."
stretch_0.5x,stretch,0.5,60,C4,flute,instrument,60,69,0,0,0,1,C4,G4,0,0,1,do,sol,0,0,0,69,G4,sol,440,data/analysis_audio/pitchbench_e4_time_stretching/C4_flute_3000ms_stretch_0p50x.wav,C4_flute_3000ms_stretch_0p50x.wav,Listen to this audio clip of a single musical note. The recording may have been sped up or slowed down. Identify the PITCH of the note as it sounds in the audio. What is the MIDI note number (an integer from 0 to 127)? Reply with ONLY the integer. Nothing else. Output only the answer.,"Listen to this audio clip of a single musical note. The recording may have been sped up or slowed down. Identify the PITCH of the note as it sounds in the audio. What is the note name and octave? Reply with ONLY the note name in Scientific Pitch Notation (e.g. C4, F#3, Bb5). Nothing else. Output only the answer.","Listen to this audio clip of a single musical note. The recording may have been sped up or slowed down. Identify the PITCH of the note as it sounds in the audio. What is the solfege syllable and accidental (if needed) of this pitch? Use fixed-do (do=C, re=D, mi=E, fa=F, sol=G, la=A, si=B). Include sharps or flats when needed (e.g. do#, reb, fa#, sib). Do NOT include the octave. Reply with ONLY the syllable and accidental (if needed). Nothing else. Output only the answer.","Listen to this audio clip of a single musical note. The recording may have been sped up or slowed down. Identify the PITCH of the note as it sounds in the audio. What is the main pitch frequency, expressed in Hertz? Reply with ONLY a number (the frequency in Hz). Nothing else. Output only the answer."
stretch_0.5x,stretch,0.5,64,E4,flute,instrument,64,69,0,0,0,1,E4,G4,0,0,1,mi,sol,0,0,0,69,G4,sol,440,data/analysis_audio/pitchbench_e4_time_stretching/E4_flute_3000ms_stretch_0p50x.wav,E4_flute_3000ms_stretch_0p50x.wav,Listen to this audio clip of a single musical note. The recording may have been sped up or slowed down. Identify the PITCH of the note as it sounds in the audio. What is the MIDI note number (an integer from 0 to 127)? Reply with ONLY the integer. Nothing else. Output only the answer.,"Listen to this audio clip of a single musical note. The recording may have been sped up or slowed down. Identify the PITCH of the note as it sounds in the audio. What is the note name and octave? Reply with ONLY the note name in Scientific Pitch Notation (e.g. C4, F#3, Bb5). Nothing else. Output only the answer.","Listen to this audio clip of a single musical note. The recording may have been sped up or slowed down. Identify the PITCH of the note as it sounds in the audio. What is the solfege syllable and accidental (if needed) of this pitch? Use fixed-do (do=C, re=D, mi=E, fa=F, sol=G, la=A, si=B). Include sharps or flats when needed (e.g. do#, reb, fa#, sib). Do NOT include the octave. Reply with ONLY the syllable and accidental (if needed). Nothing else. Output only the answer.","Listen to this audio clip of a single musical note. The recording may have been sped up or slowed down. Identify the PITCH of the note as it sounds in the audio. What is the main pitch frequency, expressed in Hertz? Reply with ONLY a number (the frequency in Hz). Nothing else. Output only the answer."
stretch_0.5x,stretch,0.5,67,G4,flute,instrument,67,69,0,0,0,1,G4,G4,1,1,1,sol,sol,1,0,1,69,G4,sol,440,data/analysis_audio/pitchbench_e4_time_stretching/G4_flute_3000ms_stretch_0p50x.wav,G4_flute_3000ms_stretch_0p50x.wav,Listen to this audio clip of a single musical note. The recording may have been sped up or slowed down. Identify the PITCH of the note as it sounds in the audio. What is the MIDI note number (an integer from 0 to 127)? Reply with ONLY the integer. Nothing else. Output only the answer.,"Listen to this audio clip of a single musical note. The recording may have been sped up or slowed down. Identify the PITCH of the note as it sounds in the audio. What is the note name and octave? Reply with ONLY the note name in Scientific Pitch Notation (e.g. C4, F#3, Bb5). Nothing else. Output only the answer.","Listen to this audio clip of a single musical note. The recording may have been sped up or slowed down. Identify the PITCH of the note as it sounds in the audio. What is the solfege syllable and accidental (if needed) of this pitch? Use fixed-do (do=C, re=D, mi=E, fa=F, sol=G, la=A, si=B). Include sharps or flats when needed (e.g. do#, reb, fa#, sib). Do NOT include the octave. Reply with ONLY the syllable and accidental (if needed). Nothing else. Output only the answer.","Listen to this audio clip of a single musical note. The recording may have been sped up or slowed down. Identify the PITCH of the note as it sounds in the audio. What is the main pitch frequency, expressed in Hertz? Reply with ONLY a number (the frequency in Hz). Nothing else. Output only the answer."
stretch_0.5x,stretch,0.5,69,A4,flute,instrument,69,69,1,1,1,1,A4,F4,0,0,1,la,sol,0,1,1,69,F4,sol,440,data/analysis_audio/pitchbench_e4_time_stretching/A4_flute_3000ms_stretch_0p50x.wav,A4_flute_3000ms_stretch_0p50x.wav,Listen to this audio clip of a single musical note. The recording may have been sped up or slowed down. Identify the PITCH of the note as it sounds in the audio. What is the MIDI note number (an integer from 0 to 127)? Reply with ONLY the integer. Nothing else. Output only the answer.,"Listen to this audio clip of a single musical note. The recording may have been sped up or slowed down. Identify the PITCH of the note as it sounds in the audio. What is the note name and octave? Reply with ONLY the note name in Scientific Pitch Notation (e.g. C4, F#3, Bb5). Nothing else. Output only the answer.","Listen to this audio clip of a single musical note. The recording may have been sped up or slowed down. Identify the PITCH of the note as it sounds in the audio. What is the solfege syllable and accidental (if needed) of this pitch? Use fixed-do (do=C, re=D, mi=E, fa=F, sol=G, la=A, si=B). Include sharps or flats when needed (e.g. do#, reb, fa#, sib). Do NOT include the octave. Reply with ONLY the syllable and accidental (if needed). Nothing else. Output only the answer.","Listen to this audio clip of a single musical note. The recording may have been sped up or slowed down. Identify the PITCH of the note as it sounds in the audio. What is the main pitch frequency, expressed in Hertz? Reply with ONLY a number (the frequency in Hz). Nothing else. Output only the answer."
stretch_0.5x,stretch,0.5,72,C5,flute,instrument,72,72,1,1,1,1,C5,E4,0,0,0,do,sol,0,0,1,72,E4,sol,440,data/analysis_audio/pitchbench_e4_time_stretching/C5_flute_3000ms_stretch_0p50x.wav,C5_flute_3000ms_stretch_0p50x.wav,Listen to this audio clip of a single musical note. The recording may have been sped up or slowed down. Identify the PITCH of the note as it sounds in the audio. What is the MIDI note number (an integer from 0 to 127)? Reply with ONLY the integer. Nothing else. Output only the answer.,"Listen to this audio clip of a single musical note. The recording may have been sped up or slowed down. Identify the PITCH of the note as it sounds in the audio. What is the note name and octave? Reply with ONLY the note name in Scientific Pitch Notation (e.g. C4, F#3, Bb5). Nothing else. Output only the answer.","Listen to this audio clip of a single musical note. The recording may have been sped up or slowed down. Identify the PITCH of the note as it sounds in the audio. What is the solfege syllable and accidental (if needed) of this pitch? Use fixed-do (do=C, re=D, mi=E, fa=F, sol=G, la=A, si=B). Include sharps or flats when needed (e.g. do#, reb, fa#, sib). Do NOT include the octave. Reply with ONLY the syllable and accidental (if needed). Nothing else. Output only the answer.","Listen to this audio clip of a single musical note. The recording may have been sped up or slowed down. Identify the PITCH of the note as it sounds in the audio. What is the main pitch frequency, expressed in Hertz? Reply with ONLY a number (the frequency in Hz). Nothing else. Output only the answer."
stretch_0.5x,stretch,0.5,77,F5,flute,instrument,77,69,0,0,0,0,F5,G4,0,0,0,fa,sol,0,0,0,69,G4,sol,440,data/analysis_audio/pitchbench_e4_time_stretching/F5_flute_3000ms_stretch_0p50x.wav,F5_flute_3000ms_stretch_0p50x.wav,Listen to this audio clip of a single musical note. The recording may have been sped up or slowed down. Identify the PITCH of the note as it sounds in the audio. What is the MIDI note number (an integer from 0 to 127)? Reply with ONLY the integer. Nothing else. Output only the answer.,"Listen to this audio clip of a single musical note. The recording may have been sped up or slowed down. Identify the PITCH of the note as it sounds in the audio. What is the note name and octave? Reply with ONLY the note name in Scientific Pitch Notation (e.g. C4, F#3, Bb5). Nothing else. Output only the answer.","Listen to this audio clip of a single musical note. The recording may have been sped up or slowed down. Identify the PITCH of the note as it sounds in the audio. What is the solfege syllable and accidental (if needed) of this pitch? Use fixed-do (do=C, re=D, mi=E, fa=F, sol=G, la=A, si=B). Include sharps or flats when needed (e.g. do#, reb, fa#, sib). Do NOT include the octave. Reply with ONLY the syllable and accidental (if needed). Nothing else. Output only the answer.","Listen to this audio clip of a single musical note. The recording may have been sped up or slowed down. Identify the PITCH of the note as it sounds in the audio. What is the main pitch frequency, expressed in Hertz? Reply with ONLY a number (the frequency in Hz). Nothing else. Output only the answer."
stretch_0.5x,stretch,0.5,84,C6,flute,instrument,84,69,0,0,0,0,C6,E6,0,0,1,do,sol,0,0,0,69,E6,sol,440,data/analysis_audio/pitchbench_e4_time_stretching/C6_flute_3000ms_stretch_0p50x.wav,C6_flute_3000ms_stretch_0p50x.wav,Listen to this audio clip of a single musical note. The recording may have been sped up or slowed down. Identify the PITCH of the note as it sounds in the audio. What is the MIDI note number (an integer from 0 to 127)? Reply with ONLY the integer. Nothing else. Output only the answer.,"Listen to this audio clip of a single musical note. The recording may have been sped up or slowed down. Identify the PITCH of the note as it sounds in the audio. What is the note name and octave? Reply with ONLY the note name in Scientific Pitch Notation (e.g. C4, F#3, Bb5). Nothing else. Output only the answer.","Listen to this audio clip of a single musical note. The recording may have been sped up or slowed down. Identify the PITCH of the note as it sounds in the audio. What is the solfege syllable and accidental (if needed) of this pitch? Use fixed-do (do=C, re=D, mi=E, fa=F, sol=G, la=A, si=B). Include sharps or flats when needed (e.g. do#, reb, fa#, sib). Do NOT include the octave. Reply with ONLY the syllable and accidental (if needed). Nothing else. Output only the answer.","Listen to this audio clip of a single musical note. The recording may have been sped up or slowed down. Identify the PITCH of the note as it sounds in the audio. What is the main pitch frequency, expressed in Hertz? Reply with ONLY a number (the frequency in Hz). Nothing else. Output only the answer."
stretch_2x,stretch,2.0,36,C2,flute,instrument,36,69,0,0,0,0,C2,F3,0,0,0,do,sol,0,0,0,69,F3,sol,440,data/analysis_audio/pitchbench_e4_time_stretching/C2_flute_3000ms_stretch_2p00x.wav,C2_flute_3000ms_stretch_2p00x.wav,Listen to this audio clip of a single musical note. The recording may have been sped up or slowed down. Identify the PITCH of the note as it sounds in the audio. What is the MIDI note number (an integer from 0 to 127)? Reply with ONLY the integer. Nothing else. Output only the answer.,"Listen to this audio clip of a single musical note. The recording may have been sped up or slowed down. Identify the PITCH of the note as it sounds in the audio. What is the note name and octave? Reply with ONLY the note name in Scientific Pitch Notation (e.g. C4, F#3, Bb5). Nothing else. Output only the answer.","Listen to this audio clip of a single musical note. The recording may have been sped up or slowed down. Identify the PITCH of the note as it sounds in the audio. What is the solfege syllable and accidental (if needed) of this pitch? Use fixed-do (do=C, re=D, mi=E, fa=F, sol=G, la=A, si=B). Include sharps or flats when needed (e.g. do#, reb, fa#, sib). Do NOT include the octave. Reply with ONLY the syllable and accidental (if needed). Nothing else. Output only the answer.","Listen to this audio clip of a single musical note. The recording may have been sped up or slowed down. Identify the PITCH of the note as it sounds in the audio. What is the main pitch frequency, expressed in Hertz? Reply with ONLY a number (the frequency in Hz). Nothing else. Output only the answer."
stretch_2x,stretch,2.0,43,G2,flute,instrument,43,47,0,0,0,1,G2,F#2,0,0,1,sol,sol,1,0,0,47,F#2,sol,220,data/analysis_audio/pitchbench_e4_time_stretching/G2_flute_3000ms_stretch_2p00x.wav,G2_flute_3000ms_stretch_2p00x.wav,Listen to this audio clip of a single musical note. The recording may have been sped up or slowed down. Identify the PITCH of the note as it sounds in the audio. What is the MIDI note number (an integer from 0 to 127)? Reply with ONLY the integer. Nothing else. Output only the answer.,"Listen to this audio clip of a single musical note. The recording may have been sped up or slowed down. Identify the PITCH of the note as it sounds in the audio. What is the note name and octave? Reply with ONLY the note name in Scientific Pitch Notation (e.g. C4, F#3, Bb5). Nothing else. Output only the answer.","Listen to this audio clip of a single musical note. The recording may have been sped up or slowed down. Identify the PITCH of the note as it sounds in the audio. What is the solfege syllable and accidental (if needed) of this pitch? Use fixed-do (do=C, re=D, mi=E, fa=F, sol=G, la=A, si=B). Include sharps or flats when needed (e.g. do#, reb, fa#, sib). Do NOT include the octave. Reply with ONLY the syllable and accidental (if needed). Nothing else. Output only the answer.","Listen to this audio clip of a single musical note. The recording may have been sped up or slowed down. Identify the PITCH of the note as it sounds in the audio. What is the main pitch frequency, expressed in Hertz? Reply with ONLY a number (the frequency in Hz). Nothing else. Output only the answer."
stretch_2x,stretch,2.0,48,C3,flute,instrument,48,48,1,1,1,1,C3,F2,0,0,0,do,sol,0,0,1,48,F2,sol,220,data/analysis_audio/pitchbench_e4_time_stretching/C3_flute_3000ms_stretch_2p00x.wav,C3_flute_3000ms_stretch_2p00x.wav,Listen to this audio clip of a single musical note. The recording may have been sped up or slowed down. Identify the PITCH of the note as it sounds in the audio. What is the MIDI note number (an integer from 0 to 127)? Reply with ONLY the integer. Nothing else. Output only the answer.,"Listen to this audio clip of a single musical note. The recording may have been sped up or slowed down. Identify the PITCH of the note as it sounds in the audio. What is the note name and octave? Reply with ONLY the note name in Scientific Pitch Notation (e.g. C4, F#3, Bb5). Nothing else. Output only the answer.","Listen to this audio clip of a single musical note. The recording may have been sped up or slowed down. Identify the PITCH of the note as it sounds in the audio. What is the solfege syllable and accidental (if needed) of this pitch? Use fixed-do (do=C, re=D, mi=E, fa=F, sol=G, la=A, si=B). Include sharps or flats when needed (e.g. do#, reb, fa#, sib). Do NOT include the octave. Reply with ONLY the syllable and accidental (if needed). Nothing else. Output only the answer.","Listen to this audio clip of a single musical note. The recording may have been sped up or slowed down. Identify the PITCH of the note as it sounds in the audio. What is the main pitch frequency, expressed in Hertz? Reply with ONLY a number (the frequency in Hz). Nothing else. Output only the answer."
stretch_2x,stretch,2.0,54,F#3,flute,instrument,54,69,0,0,0,0,F#3,F3,0,0,1,fa#,sol,0,0,0,69,F3,sol,196,data/analysis_audio/pitchbench_e4_time_stretching/Fs3_flute_3000ms_stretch_2p00x.wav,Fs3_flute_3000ms_stretch_2p00x.wav,Listen to this audio clip of a single musical note. The recording may have been sped up or slowed down. Identify the PITCH of the note as it sounds in the audio. What is the MIDI note number (an integer from 0 to 127)? Reply with ONLY the integer. Nothing else. Output only the answer.,"Listen to this audio clip of a single musical note. The recording may have been sped up or slowed down. Identify the PITCH of the note as it sounds in the audio. What is the note name and octave? Reply with ONLY the note name in Scientific Pitch Notation (e.g. C4, F#3, Bb5). Nothing else. Output only the answer.","Listen to this audio clip of a single musical note. The recording may have been sped up or slowed down. Identify the PITCH of the note as it sounds in the audio. What is the solfege syllable and accidental (if needed) of this pitch? Use fixed-do (do=C, re=D, mi=E, fa=F, sol=G, la=A, si=B). Include sharps or flats when needed (e.g. do#, reb, fa#, sib). Do NOT include the octave. Reply with ONLY the syllable and accidental (if needed). Nothing else. Output only the answer.","Listen to this audio clip of a single musical note. The recording may have been sped up or slowed down. Identify the PITCH of the note as it sounds in the audio. What is the main pitch frequency, expressed in Hertz? Reply with ONLY a number (the frequency in Hz). Nothing else. Output only the answer."
stretch_2x,stretch,2.0,58,A#3,flute,instrument,58,58,1,1,1,1,A#3,F#4,0,0,0,la#,fa,0,0,1,58,F#4,fa,440,data/analysis_audio/pitchbench_e4_time_stretching/As3_flute_3000ms_stretch_2p00x.wav,As3_flute_3000ms_stretch_2p00x.wav,Listen to this audio clip of a single musical note. The recording may have been sped up or slowed down. Identify the PITCH of the note as it sounds in the audio. What is the MIDI note number (an integer from 0 to 127)? Reply with ONLY the integer. Nothing else. Output only the answer.,"Listen to this audio clip of a single musical note. The recording may have been sped up or slowed down. Identify the PITCH of the note as it sounds in the audio. What is the note name and octave? Reply with ONLY the note name in Scientific Pitch Notation (e.g. C4, F#3, Bb5). Nothing else. Output only the answer.","Listen to this audio clip of a single musical note. The recording may have been sped up or slowed down. Identify the PITCH of the note as it sounds in the audio. What is the solfege syllable and accidental (if needed) of this pitch? Use fixed-do (do=C, re=D, mi=E, fa=F, sol=G, la=A, si=B). Include sharps or flats when needed (e.g. do#, reb, fa#, sib). Do NOT include the octave. Reply with ONLY the syllable and accidental (if needed). Nothing else. Output only the answer.","Listen to this audio clip of a single musical note. The recording may have been sped up or slowed down. Identify the PITCH of the note as it sounds in the audio. What is the main pitch frequency, expressed in Hertz? Reply with ONLY a number (the frequency in Hz). Nothing else. Output only the answer."
stretch_2x,stretch,2.0,60,C4,flute,instrument,60,69,0,0,0,1,C4,F#4,0,0,1,do,sol,0,0,0,69,F#4,sol,440,data/analysis_audio/pitchbench_e4_time_stretching/C4_flute_3000ms_stretch_2p00x.wav,C4_flute_3000ms_stretch_2p00x.wav,Listen to this audio clip of a single musical note. The recording may have been sped up or slowed down. Identify the PITCH of the note as it sounds in the audio. What is the MIDI note number (an integer from 0 to 127)? Reply with ONLY the integer. Nothing else. Output only the answer.,"Listen to this audio clip of a single musical note. The recording may have been sped up or slowed down. Identify the PITCH of the note as it sounds in the audio. What is the note name and octave? Reply with ONLY the note name in Scientific Pitch Notation (e.g. C4, F#3, Bb5). Nothing else. Output only the answer.","Listen to this audio clip of a single musical note. The recording may have been sped up or slowed down. Identify the PITCH of the note as it sounds in the audio. What is the solfege syllable and accidental (if needed) of this pitch? Use fixed-do (do=C, re=D, mi=E, fa=F, sol=G, la=A, si=B). Include sharps or flats when needed (e.g. do#, reb, fa#, sib). Do NOT include the octave. Reply with ONLY the syllable and accidental (if needed). Nothing else. Output only the answer.","Listen to this audio clip of a single musical note. The recording may have been sped up or slowed down. Identify the PITCH of the note as it sounds in the audio. What is the main pitch frequency, expressed in Hertz? Reply with ONLY a number (the frequency in Hz). Nothing else. Output only the answer."
stretch_2x,stretch,2.0,64,E4,flute,instrument,64,69,0,0,0,1,E4,A4,0,0,1,mi,sol,0,0,0,69,A4,sol,440,data/analysis_audio/pitchbench_e4_time_stretching/E4_flute_3000ms_stretch_2p00x.wav,E4_flute_3000ms_stretch_2p00x.wav,Listen to this audio clip of a single musical note. The recording may have been sped up or slowed down. Identify the PITCH of the note as it sounds in the audio. What is the MIDI note number (an integer from 0 to 127)? Reply with ONLY the integer. Nothing else. Output only the answer.,"Listen to this audio clip of a single musical note. The recording may have been sped up or slowed down. Identify the PITCH of the note as it sounds in the audio. What is the note name and octave? Reply with ONLY the note name in Scientific Pitch Notation (e.g. C4, F#3, Bb5). Nothing else. Output only the answer.","Listen to this audio clip of a single musical note. The recording may have been sped up or slowed down. Identify the PITCH of the note as it sounds in the audio. What is the solfege syllable and accidental (if needed) of this pitch? Use fixed-do (do=C, re=D, mi=E, fa=F, sol=G, la=A, si=B). Include sharps or flats when needed (e.g. do#, reb, fa#, sib). Do NOT include the octave. Reply with ONLY the syllable and accidental (if needed). Nothing else. Output only the answer.","Listen to this audio clip of a single musical note. The recording may have been sped up or slowed down. Identify the PITCH of the note as it sounds in the audio. What is the main pitch frequency, expressed in Hertz? Reply with ONLY a number (the frequency in Hz). Nothing else. Output only the answer."
stretch_2x,stretch,2.0,67,G4,flute,instrument,67,72,0,0,0,0,G4,F#5,0,0,0,sol,sol,1,0,0,72,F#5,sol,440,data/analysis_audio/pitchbench_e4_time_stretching/G4_flute_3000ms_stretch_2p00x.wav,G4_flute_3000ms_stretch_2p00x.wav,Listen to this audio clip of a single musical note. The recording may have been sped up or slowed down. Identify the PITCH of the note as it sounds in the audio. What is the MIDI note number (an integer from 0 to 127)? Reply with ONLY the integer. Nothing else. Output only the answer.,"Listen to this audio clip of a single musical note. The recording may have been sped up or slowed down. Identify the PITCH of the note as it sounds in the audio. What is the note name and octave? Reply with ONLY the note name in Scientific Pitch Notation (e.g. C4, F#3, Bb5). Nothing else. Output only the answer.","Listen to this audio clip of a single musical note. The recording may have been sped up or slowed down. Identify the PITCH of the note as it sounds in the audio. What is the solfege syllable and accidental (if needed) of this pitch? Use fixed-do (do=C, re=D, mi=E, fa=F, sol=G, la=A, si=B). Include sharps or flats when needed (e.g. do#, reb, fa#, sib). Do NOT include the octave. Reply with ONLY the syllable and accidental (if needed). Nothing else. Output only the answer.","Listen to this audio clip of a single musical note. The recording may have been sped up or slowed down. Identify the PITCH of the note as it sounds in the audio. What is the main pitch frequency, expressed in Hertz? Reply with ONLY a number (the frequency in Hz). Nothing else. Output only the answer."
stretch_2x,stretch,2.0,69,A4,flute,instrument,69,69,1,1,1,1,A4,F#4,0,0,1,la,sol,0,1,1,69,F#4,sol,440,data/analysis_audio/pitchbench_e4_time_stretching/A4_flute_3000ms_stretch_2p00x.wav,A4_flute_3000ms_stretch_2p00x.wav,Listen to this audio clip of a single musical note. The recording may have been sped up or slowed down. Identify the PITCH of the note as it sounds in the audio. What is the MIDI note number (an integer from 0 to 127)? Reply with ONLY the integer. Nothing else. Output only the answer.,"Listen to this audio clip of a single musical note. The recording may have been sped up or slowed down. Identify the PITCH of the note as it sounds in the audio. What is the note name and octave? Reply with ONLY the note name in Scientific Pitch Notation (e.g. C4, F#3, Bb5). Nothing else. Output only the answer.","Listen to this audio clip of a single musical note. The recording may have been sped up or slowed down. Identify the PITCH of the note as it sounds in the audio. What is the solfege syllable and accidental (if needed) of this pitch? Use fixed-do (do=C, re=D, mi=E, fa=F, sol=G, la=A, si=B). Include sharps or flats when needed (e.g. do#, reb, fa#, sib). Do NOT include the octave. Reply with ONLY the syllable and accidental (if needed). Nothing else. Output only the answer.","Listen to this audio clip of a single musical note. The recording may have been sped up or slowed down. Identify the PITCH of the note as it sounds in the audio. What is the main pitch frequency, expressed in Hertz? Reply with ONLY a number (the frequency in Hz). Nothing else. Output only the answer."
stretch_2x,stretch,2.0,72,C5,flute,instrument,72,72,1,1,1,1,C5,F#5,0,0,1,do,sol,0,0,1,72,F#5,sol,440,data/analysis_audio/pitchbench_e4_time_stretching/C5_flute_3000ms_stretch_2p00x.wav,C5_flute_3000ms_stretch_2p00x.wav,Listen to this audio clip of a single musical note. The recording may have been sped up or slowed down. Identify the PITCH of the note as it sounds in the audio. What is the MIDI note number (an integer from 0 to 127)? Reply with ONLY the integer. Nothing else. Output only the answer.,"Listen to this audio clip of a single musical note. The recording may have been sped up or slowed down. Identify the PITCH of the note as it sounds in the audio. What is the note name and octave? Reply with ONLY the note name in Scientific Pitch Notation (e.g. C4, F#3, Bb5). Nothing else. Output only the answer.","Listen to this audio clip of a single musical note. The recording may have been sped up or slowed down. Identify the PITCH of the note as it sounds in the audio. What is the solfege syllable and accidental (if needed) of this pitch? Use fixed-do (do=C, re=D, mi=E, fa=F, sol=G, la=A, si=B). Include sharps or flats when needed (e.g. do#, reb, fa#, sib). Do NOT include the octave. Reply with ONLY the syllable and accidental (if needed). Nothing else. Output only the answer.","Listen to this audio clip of a single musical note. The recording may have been sped up or slowed down. Identify the PITCH of the note as it sounds in the audio. What is the main pitch frequency, expressed in Hertz? Reply with ONLY a number (the frequency in Hz). Nothing else. Output only the answer."
stretch_2x,stretch,2.0,77,F5,flute,instrument,77,76,0,1,0,1,F5,F#5,0,0,1,fa,sol,0,0,0,76,F#5,sol,440,data/analysis_audio/pitchbench_e4_time_stretching/F5_flute_3000ms_stretch_2p00x.wav,F5_flute_3000ms_stretch_2p00x.wav,Listen to this audio clip of a single musical note. The recording may have been sped up or slowed down. Identify the PITCH of the note as it sounds in the audio. What is the MIDI note number (an integer from 0 to 127)? Reply with ONLY the integer. Nothing else. Output only the answer.,"Listen to this audio clip of a single musical note. The recording may have been sped up or slowed down. Identify the PITCH of the note as it sounds in the audio. What is the note name and octave? Reply with ONLY the note name in Scientific Pitch Notation (e.g. C4, F#3, Bb5). Nothing else. Output only the answer.","Listen to this audio clip of a single musical note. The recording may have been sped up or slowed down. Identify the PITCH of the note as it sounds in the audio. What is the solfege syllable and accidental (if needed) of this pitch? Use fixed-do (do=C, re=D, mi=E, fa=F, sol=G, la=A, si=B). Include sharps or flats when needed (e.g. do#, reb, fa#, sib). Do NOT include the octave. Reply with ONLY the syllable and accidental (if needed). Nothing else. Output only the answer.","Listen to this audio clip of a single musical note. The recording may have been sped up or slowed down. Identify the PITCH of the note as it sounds in the audio. What is the main pitch frequency, expressed in Hertz? Reply with ONLY a number (the frequency in Hz). Nothing else. Output only the answer."
stretch_2x,stretch,2.0,84,C6,flute,instrument,84,72,0,0,1,0,C6,F6,0,0,1,do,sol,0,0,0,72,F6,sol,523,data/analysis_audio/pitchbench_e4_time_stretching/C6_flute_3000ms_stretch_2p00x.wav,C6_flute_3000ms_stretch_2p00x.wav,Listen to this audio clip of a single musical note. The recording may have been sped up or slowed down. Identify the PITCH of the note as it sounds in the audio. What is the MIDI note number (an integer from 0 to 127)? Reply with ONLY the integer. Nothing else. Output only the answer.,"Listen to this audio clip of a single musical note. The recording may have been sped up or slowed down. Identify the PITCH of the note as it sounds in the audio. What is the note name and octave? Reply with ONLY the note name in Scientific Pitch Notation (e.g. C4, F#3, Bb5). Nothing else. Output only the answer.","Listen to this audio clip of a single musical note. The recording may have been sped up or slowed down. Identify the PITCH of the note as it sounds in the audio. What is the solfege syllable and accidental (if needed) of this pitch? Use fixed-do (do=C, re=D, mi=E, fa=F, sol=G, la=A, si=B). Include sharps or flats when needed (e.g. do#, reb, fa#, sib). Do NOT include the octave. Reply with ONLY the syllable and accidental (if needed). Nothing else. Output only the answer.","Listen to this audio clip of a single musical note. The recording may have been sped up or slowed down. Identify the PITCH of the note as it sounds in the audio. What is the main pitch frequency, expressed in Hertz? Reply with ONLY a number (the frequency in Hz). Nothing else. Output only the answer."
resample_0.5x,resample,0.5,36,C2,piano,instrument,48,69,0,0,0,0,C3,G4,0,0,0,do,sol,0,0,0,69,G4,sol,440,data/analysis_audio/pitchbench_e4_time_stretching/C2_piano_3000ms_resample_0p50x.wav,C2_piano_3000ms_resample_0p50x.wav,Listen to this audio clip of a single musical note. The recording may have been sped up or slowed down. Identify the PITCH of the note as it sounds in the audio. What is the MIDI note number (an integer from 0 to 127)? Reply with ONLY the integer. Nothing else. Output only the answer.,"Listen to this audio clip of a single musical note. The recording may have been sped up or slowed down. Identify the PITCH of the note as it sounds in the audio. What is the note name and octave? Reply with ONLY the note name in Scientific Pitch Notation (e.g. C4, F#3, Bb5). Nothing else. Output only the answer.","Listen to this audio clip of a single musical note. The recording may have been sped up or slowed down. Identify the PITCH of the note as it sounds in the audio. What is the solfege syllable and accidental (if needed) of this pitch? Use fixed-do (do=C, re=D, mi=E, fa=F, sol=G, la=A, si=B). Include sharps or flats when needed (e.g. do#, reb, fa#, sib). Do NOT include the octave. Reply with ONLY the syllable and accidental (if needed). Nothing else. Output only the answer.","Listen to this audio clip of a single musical note. The recording may have been sped up or slowed down. Identify the PITCH of the note as it sounds in the audio. What is the main pitch frequency, expressed in Hertz? Reply with ONLY a number (the frequency in Hz). Nothing else. Output only the answer."
resample_0.5x,resample,0.5,43,G2,piano,instrument,55,69,0,0,0,0,G3,A3,0,0,1,sol,sol,1,0,0,69,A3,sol,440,data/analysis_audio/pitchbench_e4_time_stretching/G2_piano_3000ms_resample_0p50x.wav,G2_piano_3000ms_resample_0p50x.wav,Listen to this audio clip of a single musical note. The recording may have been sped up or slowed down. Identify the PITCH of the note as it sounds in the audio. What is the MIDI note number (an integer from 0 to 127)? Reply with ONLY the integer. Nothing else. Output only the answer.,"Listen to this audio clip of a single musical note. The recording may have been sped up or slowed down. Identify the PITCH of the note as it sounds in the audio. What is the note name and octave? Reply with ONLY the note name in Scientific Pitch Notation (e.g. C4, F#3, Bb5). Nothing else. Output only the answer.","Listen to this audio clip of a single musical note. The recording may have been sped up or slowed down. Identify the PITCH of the note as it sounds in the audio. What is the solfege syllable and accidental (if needed) of this pitch? Use fixed-do (do=C, re=D, mi=E, fa=F, sol=G, la=A, si=B). Include sharps or flats when needed (e.g. do#, reb, fa#, sib). Do NOT include the octave. Reply with ONLY the syllable and accidental (if needed). Nothing else. Output only the answer.","Listen to this audio clip of a single musical note. The recording may have been sped up or slowed down. Identify the PITCH of the note as it sounds in the audio. What is the main pitch frequency, expressed in Hertz? Reply with ONLY a number (the frequency in Hz). Nothing else. Output only the answer."
resample_0.5x,resample,0.5,48,C3,piano,instrument,60,69,0,0,0,1,C4,A4,0,0,1,do,sol,0,0,0,69,A4,sol,440,data/analysis_audio/pitchbench_e4_time_stretching/C3_piano_3000ms_resample_0p50x.wav,C3_piano_3000ms_resample_0p50x.wav,Listen to this audio clip of a single musical note. The recording may have been sped up or slowed down. Identify the PITCH of the note as it sounds in the audio. What is the MIDI note number (an integer from 0 to 127)? Reply with ONLY the integer. Nothing else. Output only the answer.,"Listen to this audio clip of a single musical note. The recording may have been sped up or slowed down. Identify the PITCH of the note as it sounds in the audio. What is the note name and octave? Reply with ONLY the note name in Scientific Pitch Notation (e.g. C4, F#3, Bb5). Nothing else. Output only the answer.","Listen to this audio clip of a single musical note. The recording may have been sped up or slowed down. Identify the PITCH of the note as it sounds in the audio. What is the solfege syllable and accidental (if needed) of this pitch? Use fixed-do (do=C, re=D, mi=E, fa=F, sol=G, la=A, si=B). Include sharps or flats when needed (e.g. do#, reb, fa#, sib). Do NOT include the octave. Reply with ONLY the syllable and accidental (if needed). Nothing else. Output only the answer.","Listen to this audio clip of a single musical note. The recording may have been sped up or slowed down. Identify the PITCH of the note as it sounds in the audio. What is the main pitch frequency, expressed in Hertz? Reply with ONLY a number (the frequency in Hz). Nothing else. Output only the answer."
resample_0.5x,resample,0.5,54,F#3,piano,instrument,66,69,0,0,0,1,F#4,F4,0,0,1,fa#,sol,0,0,0,69,F4,sol,440,data/analysis_audio/pitchbench_e4_time_stretching/Fs3_piano_3000ms_resample_0p50x.wav,Fs3_piano_3000ms_resample_0p50x.wav,Listen to this audio clip of a single musical note. The recording may have been sped up or slowed down. Identify the PITCH of the note as it sounds in the audio. What is the MIDI note number (an integer from 0 to 127)? Reply with ONLY the integer. Nothing else. Output only the answer.,"Listen to this audio clip of a single musical note. The recording may have been sped up or slowed down. Identify the PITCH of the note as it sounds in the audio. What is the note name and octave? Reply with ONLY the note name in Scientific Pitch Notation (e.g. C4, F#3, Bb5). Nothing else. Output only the answer.","Listen to this audio clip of a single musical note. The recording may have been sped up or slowed down. Identify the PITCH of the note as it sounds in the audio. What is the solfege syllable and accidental (if needed) of this pitch? Use fixed-do (do=C, re=D, mi=E, fa=F, sol=G, la=A, si=B). Include sharps or flats when needed (e.g. do#, reb, fa#, sib). Do NOT include the octave. Reply with ONLY the syllable and accidental (if needed). Nothing else. Output only the answer.","Listen to this audio clip of a single musical note. The recording may have been sped up or slowed down. Identify the PITCH of the note as it sounds in the audio. What is the main pitch frequency, expressed in Hertz? Reply with ONLY a number (the frequency in Hz). Nothing else. Output only the answer."
resample_0.5x,resample,0.5,58,A#3,piano,instrument,70,72,0,0,0,0,A#4,G4,0,0,1,la#,sol,0,0,0,72,G4,sol,440,data/analysis_audio/pitchbench_e4_time_stretching/As3_piano_3000ms_resample_0p50x.wav,As3_piano_3000ms_resample_0p50x.wav,Listen to this audio clip of a single musical note. The recording may have been sped up or slowed down. Identify the PITCH of the note as it sounds in the audio. What is the MIDI note number (an integer from 0 to 127)? Reply with ONLY the integer. Nothing else. Output only the answer.,"Listen to this audio clip of a single musical note. The recording may have been sped up or slowed down. Identify the PITCH of the note as it sounds in the audio. What is the note name and octave? Reply with ONLY the note name in Scientific Pitch Notation (e.g. C4, F#3, Bb5). Nothing else. Output only the answer.","Listen to this audio clip of a single musical note. The recording may have been sped up or slowed down. Identify the PITCH of the note as it sounds in the audio. What is the solfege syllable and accidental (if needed) of this pitch? Use fixed-do (do=C, re=D, mi=E, fa=F, sol=G, la=A, si=B). Include sharps or flats when needed (e.g. do#, reb, fa#, sib). Do NOT include the octave. Reply with ONLY the syllable and accidental (if needed). Nothing else. Output only the answer.","Listen to this audio clip of a single musical note. The recording may have been sped up or slowed down. Identify the PITCH of the note as it sounds in the audio. What is the main pitch frequency, expressed in Hertz? Reply with ONLY a number (the frequency in Hz). Nothing else. Output only the answer."
resample_0.5x,resample,0.5,60,C4,piano,instrument,72,72,1,1,1,1,C5,F4,0,0,0,do,sol,0,0,1,72,F4,sol,440,data/analysis_audio/pitchbench_e4_time_stretching/C4_piano_3000ms_resample_0p50x.wav,C4_piano_3000ms_resample_0p50x.wav,Listen to this audio clip of a single musical note. The recording may have been sped up or slowed down. Identify the PITCH of the note as it sounds in the audio. What is the MIDI note number (an integer from 0 to 127)? Reply with ONLY the integer. Nothing else. Output only the answer.,"Listen to this audio clip of a single musical note. The recording may have been sped up or slowed down. Identify the PITCH of the note as it sounds in the audio. What is the note name and octave? Reply with ONLY the note name in Scientific Pitch Notation (e.g. C4, F#3, Bb5). Nothing else. Output only the answer.","Listen to this audio clip of a single musical note. The recording may have been sped up or slowed down. Identify the PITCH of the note as it sounds in the audio. What is the solfege syllable and accidental (if needed) of this pitch? Use fixed-do (do=C, re=D, mi=E, fa=F, sol=G, la=A, si=B). Include sharps or flats when needed (e.g. do#, reb, fa#, sib). Do NOT include the octave. Reply with ONLY the syllable and accidental (if needed). Nothing else. Output only the answer.","Listen to this audio clip of a single musical note. The recording may have been sped up or slowed down. Identify the PITCH of the note as it sounds in the audio. What is the main pitch frequency, expressed in Hertz? Reply with ONLY a number (the frequency in Hz). Nothing else. Output only the answer."
resample_0.5x,resample,0.5,64,E4,piano,instrument,76,69,0,0,0,0,E5,G4,0,0,0,mi,sol,0,0,0,69,G4,sol,440,data/analysis_audio/pitchbench_e4_time_stretching/E4_piano_3000ms_resample_0p50x.wav,E4_piano_3000ms_resample_0p50x.wav,Listen to this audio clip of a single musical note. The recording may have been sped up or slowed down. Identify the PITCH of the note as it sounds in the audio. What is the MIDI note number (an integer from 0 to 127)? Reply with ONLY the integer. Nothing else. Output only the answer.,"Listen to this audio clip of a single musical note. The recording may have been sped up or slowed down. Identify the PITCH of the note as it sounds in the audio. What is the note name and octave? Reply with ONLY the note name in Scientific Pitch Notation (e.g. C4, F#3, Bb5). Nothing else. Output only the answer.","Listen to this audio clip of a single musical note. The recording may have been sped up or slowed down. Identify the PITCH of the note as it sounds in the audio. What is the solfege syllable and accidental (if needed) of this pitch? Use fixed-do (do=C, re=D, mi=E, fa=F, sol=G, la=A, si=B). Include sharps or flats when needed (e.g. do#, reb, fa#, sib). Do NOT include the octave. Reply with ONLY the syllable and accidental (if needed). Nothing else. Output only the answer.","Listen to this audio clip of a single musical note. The recording may have been sped up or slowed down. Identify the PITCH of the note as it sounds in the audio. What is the main pitch frequency, expressed in Hertz? Reply with ONLY a number (the frequency in Hz). Nothing else. Output only the answer."
resample_0.5x,resample,0.5,67,G4,piano,instrument,79,69,0,0,0,0,G5,A4,0,0,0,sol,sol,1,0,0,69,A4,sol,440,data/analysis_audio/pitchbench_e4_time_stretching/G4_piano_3000ms_resample_0p50x.wav,G4_piano_3000ms_resample_0p50x.wav,Listen to this audio clip of a single musical note. The recording may have been sped up or slowed down. Identify the PITCH of the note as it sounds in the audio. What is the MIDI note number (an integer from 0 to 127)? Reply with ONLY the integer. Nothing else. Output only the answer.,"Listen to this audio clip of a single musical note. The recording may have been sped up or slowed down. Identify the PITCH of the note as it sounds in the audio. What is the note name and octave? Reply with ONLY the note name in Scientific Pitch Notation (e.g. C4, F#3, Bb5). Nothing else. Output only the answer.","Listen to this audio clip of a single musical note. The recording may have been sped up or slowed down. Identify the PITCH of the note as it sounds in the audio. What is the solfege syllable and accidental (if needed) of this pitch? Use fixed-do (do=C, re=D, mi=E, fa=F, sol=G, la=A, si=B). Include sharps or flats when needed (e.g. do#, reb, fa#, sib). Do NOT include the octave. Reply with ONLY the syllable and accidental (if needed). Nothing else. Output only the answer.","Listen to this audio clip of a single musical note. The recording may have been sped up or slowed down. Identify the PITCH of the note as it sounds in the audio. What is the main pitch frequency, expressed in Hertz? Reply with ONLY a number (the frequency in Hz). Nothing else. Output only the answer."
resample_0.5x,resample,0.5,69,A4,piano,instrument,81,69,0,0,1,0,A5,E4,0,0,0,la,sol,0,0,0,69,E4,sol,440,data/analysis_audio/pitchbench_e4_time_stretching/A4_piano_3000ms_resample_0p50x.wav,A4_piano_3000ms_resample_0p50x.wav,Listen to this audio clip of a single musical note. The recording may have been sped up or slowed down. Identify the PITCH of the note as it sounds in the audio. What is the MIDI note number (an integer from 0 to 127)? Reply with ONLY the integer. Nothing else. Output only the answer.,"Listen to this audio clip of a single musical note. The recording may have been sped up or slowed down. Identify the PITCH of the note as it sounds in the audio. What is the note name and octave? Reply with ONLY the note name in Scientific Pitch Notation (e.g. C4, F#3, Bb5). Nothing else. Output only the answer.","Listen to this audio clip of a single musical note. The recording may have been sped up or slowed down. Identify the PITCH of the note as it sounds in the audio. What is the solfege syllable and accidental (if needed) of this pitch? Use fixed-do (do=C, re=D, mi=E, fa=F, sol=G, la=A, si=B). Include sharps or flats when needed (e.g. do#, reb, fa#, sib). Do NOT include the octave. Reply with ONLY the syllable and accidental (if needed). Nothing else. Output only the answer.","Listen to this audio clip of a single musical note. The recording may have been sped up or slowed down. Identify the PITCH of the note as it sounds in the audio. What is the main pitch frequency, expressed in Hertz? Reply with ONLY a number (the frequency in Hz). Nothing else. Output only the answer."
resample_0.5x,resample,0.5,72,C5,piano,instrument,84,72,0,0,1,0,C6,E4,0,0,0,do,sol,0,0,0,72,E4,sol,"I’m sorry, but I can’t determine the pitch frequency from the audio.",data/analysis_audio/pitchbench_e4_time_stretching/C5_piano_3000ms_resample_0p50x.wav,C5_piano_3000ms_resample_0p50x.wav,Listen to this audio clip of a single musical note. The recording may have been sped up or slowed down. Identify the PITCH of the note as it sounds in the audio. What is the MIDI note number (an integer from 0 to 127)? Reply with ONLY the integer. Nothing else. Output only the answer.,"Listen to this audio clip of a single musical note. The recording may have been sped up or slowed down. Identify the PITCH of the note as it sounds in the audio. What is the note name and octave? Reply with ONLY the note name in Scientific Pitch Notation (e.g. C4, F#3, Bb5). Nothing else. Output only the answer.","Listen to this audio clip of a single musical note. The recording may have been sped up or slowed down. Identify the PITCH of the note as it sounds in the audio. What is the solfege syllable and accidental (if needed) of this pitch? Use fixed-do (do=C, re=D, mi=E, fa=F, sol=G, la=A, si=B). Include sharps or flats when needed (e.g. do#, reb, fa#, sib). Do NOT include the octave. Reply with ONLY the syllable and accidental (if needed). Nothing else. Output only the answer.","Listen to this audio clip of a single musical note. The recording may have been sped up or slowed down. Identify the PITCH of the note as it sounds in the audio. What is the main pitch frequency, expressed in Hertz? Reply with ONLY a number (the frequency in Hz). Nothing else. Output only the answer."
resample_0.5x,resample,0.5,77,F5,piano,instrument,89,69,0,0,0,0,F6,A4,0,0,0,fa,sol,0,0,0,69,A4,sol,440,data/analysis_audio/pitchbench_e4_time_stretching/F5_piano_3000ms_resample_0p50x.wav,F5_piano_3000ms_resample_0p50x.wav,Listen to this audio clip of a single musical note. The recording may have been sped up or slowed down. Identify the PITCH of the note as it sounds in the audio. What is the MIDI note number (an integer from 0 to 127)? Reply with ONLY the integer. Nothing else. Output only the answer.,"Listen to this audio clip of a single musical note. The recording may have been sped up or slowed down. Identify the PITCH of the note as it sounds in the audio. What is the note name and octave? Reply with ONLY the note name in Scientific Pitch Notation (e.g. C4, F#3, Bb5). Nothing else. Output only the answer.","Listen to this audio clip of a single musical note. The recording may have been sped up or slowed down. Identify the PITCH of the note as it sounds in the audio. What is the solfege syllable and accidental (if needed) of this pitch? Use fixed-do (do=C, re=D, mi=E, fa=F, sol=G, la=A, si=B). Include sharps or flats when needed (e.g. do#, reb, fa#, sib). Do NOT include the octave. Reply with ONLY the syllable and accidental (if needed). Nothing else. Output only the answer.","Listen to this audio clip of a single musical note. The recording may have been sped up or slowed down. Identify the PITCH of the note as it sounds in the audio. What is the main pitch frequency, expressed in Hertz? Reply with ONLY a number (the frequency in Hz). Nothing else. Output only the answer."
resample_0.5x,resample,0.5,84,C6,piano,instrument,96,72,0,0,1,0,C7,,0,0,0,do,sol,0,0,0,72,"I’m sorry, but I can’t identify the pitch of the note from the audio.",sol,440,data/analysis_audio/pitchbench_e4_time_stretching/C6_piano_3000ms_resample_0p50x.wav,C6_piano_3000ms_resample_0p50x.wav,Listen to this audio clip of a single musical note. The recording may have been sped up or slowed down. Identify the PITCH of the note as it sounds in the audio. What is the MIDI note number (an integer from 0 to 127)? Reply with ONLY the integer. Nothing else. Output only the answer.,"Listen to this audio clip of a single musical note. The recording may have been sped up or slowed down. Identify the PITCH of the note as it sounds in the audio. What is the note name and octave? Reply with ONLY the note name in Scientific Pitch Notation (e.g. C4, F#3, Bb5). Nothing else. Output only the answer.","Listen to this audio clip of a single musical note. The recording may have been sped up or slowed down. Identify the PITCH of the note as it sounds in the audio. What is the solfege syllable and accidental (if needed) of this pitch? Use fixed-do (do=C, re=D, mi=E, fa=F, sol=G, la=A, si=B). Include sharps or flats when needed (e.g. do#, reb, fa#, sib). Do NOT include the octave. Reply with ONLY the syllable and accidental (if needed). Nothing else. Output only the answer.","Listen to this audio clip of a single musical note. The recording may have been sped up or slowed down. Identify the PITCH of the note as it sounds in the audio. What is the main pitch frequency, expressed in Hertz? Reply with ONLY a number (the frequency in Hz). Nothing else. Output only the answer."
resample_2x,resample,2.0,36,C2,piano,instrument,24,69,0,0,0,0,C1,A3,0,0,0,do,sol,0,0,0,69,A3,sol,440,data/analysis_audio/pitchbench_e4_time_stretching/C2_piano_3000ms_resample_2p00x.wav,C2_piano_3000ms_resample_2p00x.wav,Listen to this audio clip of a single musical note. The recording may have been sped up or slowed down. Identify the PITCH of the note as it sounds in the audio. What is the MIDI note number (an integer from 0 to 127)? Reply with ONLY the integer. Nothing else. Output only the answer.,"Listen to this audio clip of a single musical note. The recording may have been sped up or slowed down. Identify the PITCH of the note as it sounds in the audio. What is the note name and octave? Reply with ONLY the note name in Scientific Pitch Notation (e.g. C4, F#3, Bb5). Nothing else. Output only the answer.","Listen to this audio clip of a single musical note. The recording may have been sped up or slowed down. Identify the PITCH of the note as it sounds in the audio. What is the solfege syllable and accidental (if needed) of this pitch? Use fixed-do (do=C, re=D, mi=E, fa=F, sol=G, la=A, si=B). Include sharps or flats when needed (e.g. do#, reb, fa#, sib). Do NOT include the octave. Reply with ONLY the syllable and accidental (if needed). Nothing else. Output only the answer.","Listen to this audio clip of a single musical note. The recording may have been sped up or slowed down. Identify the PITCH of the note as it sounds in the audio. What is the main pitch frequency, expressed in Hertz? Reply with ONLY a number (the frequency in Hz). Nothing else. Output only the answer."
resample_2x,resample,2.0,43,G2,piano,instrument,31,69,0,0,0,0,G1,A3,0,0,0,sol,sol,1,0,0,69,A3,sol,440,data/analysis_audio/pitchbench_e4_time_stretching/G2_piano_3000ms_resample_2p00x.wav,G2_piano_3000ms_resample_2p00x.wav,Listen to this audio clip of a single musical note. The recording may have been sped up or slowed down. Identify the PITCH of the note as it sounds in the audio. What is the MIDI note number (an integer from 0 to 127)? Reply with ONLY the integer. Nothing else. Output only the answer.,"Listen to this audio clip of a single musical note. The recording may have been sped up or slowed down. Identify the PITCH of the note as it sounds in the audio. What is the note name and octave? Reply with ONLY the note name in Scientific Pitch Notation (e.g. C4, F#3, Bb5). Nothing else. Output only the answer.","Listen to this audio clip of a single musical note. The recording may have been sped up or slowed down. Identify the PITCH of the note as it sounds in the audio. What is the solfege syllable and accidental (if needed) of this pitch? Use fixed-do (do=C, re=D, mi=E, fa=F, sol=G, la=A, si=B). Include sharps or flats when needed (e.g. do#, reb, fa#, sib). Do NOT include the octave. Reply with ONLY the syllable and accidental (if needed). Nothing else. Output only the answer.","Listen to this audio clip of a single musical note. The recording may have been sped up or slowed down. Identify the PITCH of the note as it sounds in the audio. What is the main pitch frequency, expressed in Hertz? Reply with ONLY a number (the frequency in Hz). Nothing else. Output only the answer."
resample_2x,resample,2.0,48,C3,piano,instrument,36,69,0,0,0,0,C2,A2,0,0,1,do,sol,0,0,0,69,A2,sol,440,data/analysis_audio/pitchbench_e4_time_stretching/C3_piano_3000ms_resample_2p00x.wav,C3_piano_3000ms_resample_2p00x.wav,Listen to this audio clip of a single musical note. The recording may have been sped up or slowed down. Identify the PITCH of the note as it sounds in the audio. What is the MIDI note number (an integer from 0 to 127)? Reply with ONLY the integer. Nothing else. Output only the answer.,"Listen to this audio clip of a single musical note. The recording may have been sped up or slowed down. Identify the PITCH of the note as it sounds in the audio. What is the note name and octave? Reply with ONLY the note name in Scientific Pitch Notation (e.g. C4, F#3, Bb5). Nothing else. Output only the answer.","Listen to this audio clip of a single musical note. The recording may have been sped up or slowed down. Identify the PITCH of the note as it sounds in the audio. What is the solfege syllable and accidental (if needed) of this pitch? Use fixed-do (do=C, re=D, mi=E, fa=F, sol=G, la=A, si=B). Include sharps or flats when needed (e.g. do#, reb, fa#, sib). Do NOT include the octave. Reply with ONLY the syllable and accidental (if needed). Nothing else. Output only the answer.","Listen to this audio clip of a single musical note. The recording may have been sped up or slowed down. Identify the PITCH of the note as it sounds in the audio. What is the main pitch frequency, expressed in Hertz? Reply with ONLY a number (the frequency in Hz). Nothing else. Output only the answer."
resample_2x,resample,2.0,54,F#3,piano,instrument,42,69,0,0,0,0,F#2,F3,0,0,0,fa#,sol,0,0,0,69,F3,sol,440,data/analysis_audio/pitchbench_e4_time_stretching/Fs3_piano_3000ms_resample_2p00x.wav,Fs3_piano_3000ms_resample_2p00x.wav,Listen to this audio clip of a single musical note. The recording may have been sped up or slowed down. Identify the PITCH of the note as it sounds in the audio. What is the MIDI note number (an integer from 0 to 127)? Reply with ONLY the integer. Nothing else. Output only the answer.,"Listen to this audio clip of a single musical note. The recording may have been sped up or slowed down. Identify the PITCH of the note as it sounds in the audio. What is the note name and octave? Reply with ONLY the note name in Scientific Pitch Notation (e.g. C4, F#3, Bb5). Nothing else. Output only the answer.","Listen to this audio clip of a single musical note. The recording may have been sped up or slowed down. Identify the PITCH of the note as it sounds in the audio. What is the solfege syllable and accidental (if needed) of this pitch? Use fixed-do (do=C, re=D, mi=E, fa=F, sol=G, la=A, si=B). Include sharps or flats when needed (e.g. do#, reb, fa#, sib). Do NOT include the octave. Reply with ONLY the syllable and accidental (if needed). Nothing else. Output only the answer.","Listen to this audio clip of a single musical note. The recording may have been sped up or slowed down. Identify the PITCH of the note as it sounds in the audio. What is the main pitch frequency, expressed in Hertz? Reply with ONLY a number (the frequency in Hz). Nothing else. Output only the answer."
resample_2x,resample,2.0,58,A#3,piano,instrument,46,69,0,0,0,0,A#2,G4,0,0,0,la#,sol,0,0,0,69,G4,sol,440,data/analysis_audio/pitchbench_e4_time_stretching/As3_piano_3000ms_resample_2p00x.wav,As3_piano_3000ms_resample_2p00x.wav,Listen to this audio clip of a single musical note. The recording may have been sped up or slowed down. Identify the PITCH of the note as it sounds in the audio. What is the MIDI note number (an integer from 0 to 127)? Reply with ONLY the integer. Nothing else. Output only the answer.,"Listen to this audio clip of a single musical note. The recording may have been sped up or slowed down. Identify the PITCH of the note as it sounds in the audio. What is the note name and octave? Reply with ONLY the note name in Scientific Pitch Notation (e.g. C4, F#3, Bb5). Nothing else. Output only the answer.","Listen to this audio clip of a single musical note. The recording may have been sped up or slowed down. Identify the PITCH of the note as it sounds in the audio. What is the solfege syllable and accidental (if needed) of this pitch? Use fixed-do (do=C, re=D, mi=E, fa=F, sol=G, la=A, si=B). Include sharps or flats when needed (e.g. do#, reb, fa#, sib). Do NOT include the octave. Reply with ONLY the syllable and accidental (if needed). Nothing else. Output only the answer.","Listen to this audio clip of a single musical note. The recording may have been sped up or slowed down. Identify the PITCH of the note as it sounds in the audio. What is the main pitch frequency, expressed in Hertz? Reply with ONLY a number (the frequency in Hz). Nothing else. Output only the answer."
resample_2x,resample,2.0,60,C4,piano,instrument,48,69,0,0,0,0,C3,A2,0,0,0,do,sol,0,0,0,69,A2,sol,440,data/analysis_audio/pitchbench_e4_time_stretching/C4_piano_3000ms_resample_2p00x.wav,C4_piano_3000ms_resample_2p00x.wav,Listen to this audio clip of a single musical note. The recording may have been sped up or slowed down. Identify the PITCH of the note as it sounds in the audio. What is the MIDI note number (an integer from 0 to 127)? Reply with ONLY the integer. Nothing else. Output only the answer.,"Listen to this audio clip of a single musical note. The recording may have been sped up or slowed down. Identify the PITCH of the note as it sounds in the audio. What is the note name and octave? Reply with ONLY the note name in Scientific Pitch Notation (e.g. C4, F#3, Bb5). Nothing else. Output only the answer.","Listen to this audio clip of a single musical note. The recording may have been sped up or slowed down. Identify the PITCH of the note as it sounds in the audio. What is the solfege syllable and accidental (if needed) of this pitch? Use fixed-do (do=C, re=D, mi=E, fa=F, sol=G, la=A, si=B). Include sharps or flats when needed (e.g. do#, reb, fa#, sib). Do NOT include the octave. Reply with ONLY the syllable and accidental (if needed). Nothing else. Output only the answer.","Listen to this audio clip of a single musical note. The recording may have been sped up or slowed down. Identify the PITCH of the note as it sounds in the audio. What is the main pitch frequency, expressed in Hertz? Reply with ONLY a number (the frequency in Hz). Nothing else. Output only the answer."
resample_2x,resample,2.0,64,E4,piano,instrument,52,69,0,0,0,0,E3,F3,0,0,1,mi,la,0,0,0,69,F3,la,440,data/analysis_audio/pitchbench_e4_time_stretching/E4_piano_3000ms_resample_2p00x.wav,E4_piano_3000ms_resample_2p00x.wav,Listen to this audio clip of a single musical note. The recording may have been sped up or slowed down. Identify the PITCH of the note as it sounds in the audio. What is the MIDI note number (an integer from 0 to 127)? Reply with ONLY the integer. Nothing else. Output only the answer.,"Listen to this audio clip of a single musical note. The recording may have been sped up or slowed down. Identify the PITCH of the note as it sounds in the audio. What is the note name and octave? Reply with ONLY the note name in Scientific Pitch Notation (e.g. C4, F#3, Bb5). Nothing else. Output only the answer.","Listen to this audio clip of a single musical note. The recording may have been sped up or slowed down. Identify the PITCH of the note as it sounds in the audio. What is the solfege syllable and accidental (if needed) of this pitch? Use fixed-do (do=C, re=D, mi=E, fa=F, sol=G, la=A, si=B). Include sharps or flats when needed (e.g. do#, reb, fa#, sib). Do NOT include the octave. Reply with ONLY the syllable and accidental (if needed). Nothing else. Output only the answer.","Listen to this audio clip of a single musical note. The recording may have been sped up or slowed down. Identify the PITCH of the note as it sounds in the audio. What is the main pitch frequency, expressed in Hertz? Reply with ONLY a number (the frequency in Hz). Nothing else. Output only the answer."
resample_2x,resample,2.0,67,G4,piano,instrument,55,69,0,0,0,0,G3,F3,0,0,1,sol,sol,1,0,0,69,F3,sol,440,data/analysis_audio/pitchbench_e4_time_stretching/G4_piano_3000ms_resample_2p00x.wav,G4_piano_3000ms_resample_2p00x.wav,Listen to this audio clip of a single musical note. The recording may have been sped up or slowed down. Identify the PITCH of the note as it sounds in the audio. What is the MIDI note number (an integer from 0 to 127)? Reply with ONLY the integer. Nothing else. Output only the answer.,"Listen to this audio clip of a single musical note. The recording may have been sped up or slowed down. Identify the PITCH of the note as it sounds in the audio. What is the note name and octave? Reply with ONLY the note name in Scientific Pitch Notation (e.g. C4, F#3, Bb5). Nothing else. Output only the answer.","Listen to this audio clip of a single musical note. The recording may have been sped up or slowed down. Identify the PITCH of the note as it sounds in the audio. What is the solfege syllable and accidental (if needed) of this pitch? Use fixed-do (do=C, re=D, mi=E, fa=F, sol=G, la=A, si=B). Include sharps or flats when needed (e.g. do#, reb, fa#, sib). Do NOT include the octave. Reply with ONLY the syllable and accidental (if needed). Nothing else. Output only the answer.","Listen to this audio clip of a single musical note. The recording may have been sped up or slowed down. Identify the PITCH of the note as it sounds in the audio. What is the main pitch frequency, expressed in Hertz? Reply with ONLY a number (the frequency in Hz). Nothing else. Output only the answer."
resample_2x,resample,2.0,69,A4,piano,instrument,57,69,0,0,1,0,A3,F3,0,0,1,la,sol,0,0,0,69,F3,sol,440,data/analysis_audio/pitchbench_e4_time_stretching/A4_piano_3000ms_resample_2p00x.wav,A4_piano_3000ms_resample_2p00x.wav,Listen to this audio clip of a single musical note. The recording may have been sped up or slowed down. Identify the PITCH of the note as it sounds in the audio. What is the MIDI note number (an integer from 0 to 127)? Reply with ONLY the integer. Nothing else. Output only the answer.,"Listen to this audio clip of a single musical note. The recording may have been sped up or slowed down. Identify the PITCH of the note as it sounds in the audio. What is the note name and octave? Reply with ONLY the note name in Scientific Pitch Notation (e.g. C4, F#3, Bb5). Nothing else. Output only the answer.","Listen to this audio clip of a single musical note. The recording may have been sped up or slowed down. Identify the PITCH of the note as it sounds in the audio. What is the solfege syllable and accidental (if needed) of this pitch? Use fixed-do (do=C, re=D, mi=E, fa=F, sol=G, la=A, si=B). Include sharps or flats when needed (e.g. do#, reb, fa#, sib). Do NOT include the octave. Reply with ONLY the syllable and accidental (if needed). Nothing else. Output only the answer.","Listen to this audio clip of a single musical note. The recording may have been sped up or slowed down. Identify the PITCH of the note as it sounds in the audio. What is the main pitch frequency, expressed in Hertz? Reply with ONLY a number (the frequency in Hz). Nothing else. Output only the answer."
resample_2x,resample,2.0,72,C5,piano,instrument,60,69,0,0,0,1,C4,F3,0,0,0,do,sol,0,0,0,69,F3,sol,440,data/analysis_audio/pitchbench_e4_time_stretching/C5_piano_3000ms_resample_2p00x.wav,C5_piano_3000ms_resample_2p00x.wav,Listen to this audio clip of a single musical note. The recording may have been sped up or slowed down. Identify the PITCH of the note as it sounds in the audio. What is the MIDI note number (an integer from 0 to 127)? Reply with ONLY the integer. Nothing else. Output only the answer.,"Listen to this audio clip of a single musical note. The recording may have been sped up or slowed down. Identify the PITCH of the note as it sounds in the audio. What is the note name and octave? Reply with ONLY the note name in Scientific Pitch Notation (e.g. C4, F#3, Bb5). Nothing else. Output only the answer.","Listen to this audio clip of a single musical note. The recording may have been sped up or slowed down. Identify the PITCH of the note as it sounds in the audio. What is the solfege syllable and accidental (if needed) of this pitch? Use fixed-do (do=C, re=D, mi=E, fa=F, sol=G, la=A, si=B). Include sharps or flats when needed (e.g. do#, reb, fa#, sib). Do NOT include the octave. Reply with ONLY the syllable and accidental (if needed). Nothing else. Output only the answer.","Listen to this audio clip of a single musical note. The recording may have been sped up or slowed down. Identify the PITCH of the note as it sounds in the audio. What is the main pitch frequency, expressed in Hertz? Reply with ONLY a number (the frequency in Hz). Nothing else. Output only the answer."
resample_2x,resample,2.0,77,F5,piano,instrument,65,72,0,0,0,0,F4,E4,0,0,1,fa,sol,0,0,0,72,E4,sol,440,data/analysis_audio/pitchbench_e4_time_stretching/F5_piano_3000ms_resample_2p00x.wav,F5_piano_3000ms_resample_2p00x.wav,Listen to this audio clip of a single musical note. The recording may have been sped up or slowed down. Identify the PITCH of the note as it sounds in the audio. What is the MIDI note number (an integer from 0 to 127)? Reply with ONLY the integer. Nothing else. Output only the answer.,"Listen to this audio clip of a single musical note. The recording may have been sped up or slowed down. Identify the PITCH of the note as it sounds in the audio. What is the note name and octave? Reply with ONLY the note name in Scientific Pitch Notation (e.g. C4, F#3, Bb5). Nothing else. Output only the answer.","Listen to this audio clip of a single musical note. The recording may have been sped up or slowed down. Identify the PITCH of the note as it sounds in the audio. What is the solfege syllable and accidental (if needed) of this pitch? Use fixed-do (do=C, re=D, mi=E, fa=F, sol=G, la=A, si=B). Include sharps or flats when needed (e.g. do#, reb, fa#, sib). Do NOT include the octave. Reply with ONLY the syllable and accidental (if needed). Nothing else. Output only the answer.","Listen to this audio clip of a single musical note. The recording may have been sped up or slowed down. Identify the PITCH of the note as it sounds in the audio. What is the main pitch frequency, expressed in Hertz? Reply with ONLY a number (the frequency in Hz). Nothing else. Output only the answer."
resample_2x,resample,2.0,84,C6,piano,instrument,72,72,1,1,1,1,C5,F4,0,0,0,do,sol,0,0,1,72,F4,sol,440,data/analysis_audio/pitchbench_e4_time_stretching/C6_piano_3000ms_resample_2p00x.wav,C6_piano_3000ms_resample_2p00x.wav,Listen to this audio clip of a single musical note. The recording may have been sped up or slowed down. Identify the PITCH of the note as it sounds in the audio. What is the MIDI note number (an integer from 0 to 127)? Reply with ONLY the integer. Nothing else. Output only the answer.,"Listen to this audio clip of a single musical note. The recording may have been sped up or slowed down. Identify the PITCH of the note as it sounds in the audio. What is the note name and octave? Reply with ONLY the note name in Scientific Pitch Notation (e.g. C4, F#3, Bb5). Nothing else. Output only the answer.","Listen to this audio clip of a single musical note. The recording may have been sped up or slowed down. Identify the PITCH of the note as it sounds in the audio. What is the solfege syllable and accidental (if needed) of this pitch? Use fixed-do (do=C, re=D, mi=E, fa=F, sol=G, la=A, si=B). Include sharps or flats when needed (e.g. do#, reb, fa#, sib). Do NOT include the octave. Reply with ONLY the syllable and accidental (if needed). Nothing else. Output only the answer.","Listen to this audio clip of a single musical note. The recording may have been sped up or slowed down. Identify the PITCH of the note as it sounds in the audio. What is the main pitch frequency, expressed in Hertz? Reply with ONLY a number (the frequency in Hz). Nothing else. Output only the answer."
stretch_0.5x,stretch,0.5,36,C2,piano,instrument,36,,0,0,0,0,C2,E4,0,0,0,do,fa#,0,0,0,Calling the function to analyze the pitch of the audio clip.,E4,fa#,"I’m sorry, but I can’t determine the pitch frequency from the audio.",data/analysis_audio/pitchbench_e4_time_stretching/C2_piano_3000ms_stretch_0p50x.wav,C2_piano_3000ms_stretch_0p50x.wav,Listen to this audio clip of a single musical note. The recording may have been sped up or slowed down. Identify the PITCH of the note as it sounds in the audio. What is the MIDI note number (an integer from 0 to 127)? Reply with ONLY the integer. Nothing else. Output only the answer.,"Listen to this audio clip of a single musical note. The recording may have been sped up or slowed down. Identify the PITCH of the note as it sounds in the audio. What is the note name and octave? Reply with ONLY the note name in Scientific Pitch Notation (e.g. C4, F#3, Bb5). Nothing else. Output only the answer.","Listen to this audio clip of a single musical note. The recording may have been sped up or slowed down. Identify the PITCH of the note as it sounds in the audio. What is the solfege syllable and accidental (if needed) of this pitch? Use fixed-do (do=C, re=D, mi=E, fa=F, sol=G, la=A, si=B). Include sharps or flats when needed (e.g. do#, reb, fa#, sib). Do NOT include the octave. Reply with ONLY the syllable and accidental (if needed). Nothing else. Output only the answer.","Listen to this audio clip of a single musical note. The recording may have been sped up or slowed down. Identify the PITCH of the note as it sounds in the audio. What is the main pitch frequency, expressed in Hertz? Reply with ONLY a number (the frequency in Hz). Nothing else. Output only the answer."
stretch_0.5x,stretch,0.5,43,G2,piano,instrument,43,,0,0,0,0,G2,E4,0,0,0,sol,mi,0,0,0,"I'm sorry, but I can't identify the pitch of a note from audio.",E4,mi,"I'm sorry, but I can't identify the pitch frequency just by listening to the audio.",data/analysis_audio/pitchbench_e4_time_stretching/G2_piano_3000ms_stretch_0p50x.wav,G2_piano_3000ms_stretch_0p50x.wav,Listen to this audio clip of a single musical note. The recording may have been sped up or slowed down. Identify the PITCH of the note as it sounds in the audio. What is the MIDI note number (an integer from 0 to 127)? Reply with ONLY the integer. Nothing else. Output only the answer.,"Listen to this audio clip of a single musical note. The recording may have been sped up or slowed down. Identify the PITCH of the note as it sounds in the audio. What is the note name and octave? Reply with ONLY the note name in Scientific Pitch Notation (e.g. C4, F#3, Bb5). Nothing else. Output only the answer.","Listen to this audio clip of a single musical note. The recording may have been sped up or slowed down. Identify the PITCH of the note as it sounds in the audio. What is the solfege syllable and accidental (if needed) of this pitch? Use fixed-do (do=C, re=D, mi=E, fa=F, sol=G, la=A, si=B). Include sharps or flats when needed (e.g. do#, reb, fa#, sib). Do NOT include the octave. Reply with ONLY the syllable and accidental (if needed). Nothing else. Output only the answer.","Listen to this audio clip of a single musical note. The recording may have been sped up or slowed down. Identify the PITCH of the note as it sounds in the audio. What is the main pitch frequency, expressed in Hertz? Reply with ONLY a number (the frequency in Hz). Nothing else. Output only the answer."
stretch_0.5x,stretch,0.5,48,C3,piano,instrument,48,69,0,0,0,0,C3,E4,0,0,0,do,sol,0,0,0,69,E4,sol,440,data/analysis_audio/pitchbench_e4_time_stretching/C3_piano_3000ms_stretch_0p50x.wav,C3_piano_3000ms_stretch_0p50x.wav,Listen to this audio clip of a single musical note. The recording may have been sped up or slowed down. Identify the PITCH of the note as it sounds in the audio. What is the MIDI note number (an integer from 0 to 127)? Reply with ONLY the integer. Nothing else. Output only the answer.,"Listen to this audio clip of a single musical note. The recording may have been sped up or slowed down. Identify the PITCH of the note as it sounds in the audio. What is the note name and octave? Reply with ONLY the note name in Scientific Pitch Notation (e.g. C4, F#3, Bb5). Nothing else. Output only the answer.","Listen to this audio clip of a single musical note. The recording may have been sped up or slowed down. Identify the PITCH of the note as it sounds in the audio. What is the solfege syllable and accidental (if needed) of this pitch? Use fixed-do (do=C, re=D, mi=E, fa=F, sol=G, la=A, si=B). Include sharps or flats when needed (e.g. do#, reb, fa#, sib). Do NOT include the octave. Reply with ONLY the syllable and accidental (if needed). Nothing else. Output only the answer.","Listen to this audio clip of a single musical note. The recording may have been sped up or slowed down. Identify the PITCH of the note as it sounds in the audio. What is the main pitch frequency, expressed in Hertz? Reply with ONLY a number (the frequency in Hz). Nothing else. Output only the answer."
stretch_0.5x,stretch,0.5,54,F#3,piano,instrument,54,69,0,0,0,0,F#3,G3,0,0,1,fa#,sol,0,0,0,69,G3,sol,440,data/analysis_audio/pitchbench_e4_time_stretching/Fs3_piano_3000ms_stretch_0p50x.wav,Fs3_piano_3000ms_stretch_0p50x.wav,Listen to this audio clip of a single musical note. The recording may have been sped up or slowed down. Identify the PITCH of the note as it sounds in the audio. What is the MIDI note number (an integer from 0 to 127)? Reply with ONLY the integer. Nothing else. Output only the answer.,"Listen to this audio clip of a single musical note. The recording may have been sped up or slowed down. Identify the PITCH of the note as it sounds in the audio. What is the note name and octave? Reply with ONLY the note name in Scientific Pitch Notation (e.g. C4, F#3, Bb5). Nothing else. Output only the answer.","Listen to this audio clip of a single musical note. The recording may have been sped up or slowed down. Identify the PITCH of the note as it sounds in the audio. What is the solfege syllable and accidental (if needed) of this pitch? Use fixed-do (do=C, re=D, mi=E, fa=F, sol=G, la=A, si=B). Include sharps or flats when needed (e.g. do#, reb, fa#, sib). Do NOT include the octave. Reply with ONLY the syllable and accidental (if needed). Nothing else. Output only the answer.","Listen to this audio clip of a single musical note. The recording may have been sped up or slowed down. Identify the PITCH of the note as it sounds in the audio. What is the main pitch frequency, expressed in Hertz? Reply with ONLY a number (the frequency in Hz). Nothing else. Output only the answer."
stretch_0.5x,stretch,0.5,58,A#3,piano,instrument,58,69,0,0,0,0,A#3,E4,0,0,0,la#,sol,0,0,0,69,E4,sol,440,data/analysis_audio/pitchbench_e4_time_stretching/As3_piano_3000ms_stretch_0p50x.wav,As3_piano_3000ms_stretch_0p50x.wav,Listen to this audio clip of a single musical note. The recording may have been sped up or slowed down. Identify the PITCH of the note as it sounds in the audio. What is the MIDI note number (an integer from 0 to 127)? Reply with ONLY the integer. Nothing else. Output only the answer.,"Listen to this audio clip of a single musical note. The recording may have been sped up or slowed down. Identify the PITCH of the note as it sounds in the audio. What is the note name and octave? Reply with ONLY the note name in Scientific Pitch Notation (e.g. C4, F#3, Bb5). Nothing else. Output only the answer.","Listen to this audio clip of a single musical note. The recording may have been sped up or slowed down. Identify the PITCH of the note as it sounds in the audio. What is the solfege syllable and accidental (if needed) of this pitch? Use fixed-do (do=C, re=D, mi=E, fa=F, sol=G, la=A, si=B). Include sharps or flats when needed (e.g. do#, reb, fa#, sib). Do NOT include the octave. Reply with ONLY the syllable and accidental (if needed). Nothing else. Output only the answer.","Listen to this audio clip of a single musical note. The recording may have been sped up or slowed down. Identify the PITCH of the note as it sounds in the audio. What is the main pitch frequency, expressed in Hertz? Reply with ONLY a number (the frequency in Hz). Nothing else. Output only the answer."
stretch_0.5x,stretch,0.5,60,C4,piano,instrument,60,56,0,0,0,0,C4,E4,0,0,1,do,,0,0,0,56,E4,Please play the audio clip so I can listen and identify the pitch.,440,data/analysis_audio/pitchbench_e4_time_stretching/C4_piano_3000ms_stretch_0p50x.wav,C4_piano_3000ms_stretch_0p50x.wav,Listen to this audio clip of a single musical note. The recording may have been sped up or slowed down. Identify the PITCH of the note as it sounds in the audio. What is the MIDI note number (an integer from 0 to 127)? Reply with ONLY the integer. Nothing else. Output only the answer.,"Listen to this audio clip of a single musical note. The recording may have been sped up or slowed down. Identify the PITCH of the note as it sounds in the audio. What is the note name and octave? Reply with ONLY the note name in Scientific Pitch Notation (e.g. C4, F#3, Bb5). Nothing else. Output only the answer.","Listen to this audio clip of a single musical note. The recording may have been sped up or slowed down. Identify the PITCH of the note as it sounds in the audio. What is the solfege syllable and accidental (if needed) of this pitch? Use fixed-do (do=C, re=D, mi=E, fa=F, sol=G, la=A, si=B). Include sharps or flats when needed (e.g. do#, reb, fa#, sib). Do NOT include the octave. Reply with ONLY the syllable and accidental (if needed). Nothing else. Output only the answer.","Listen to this audio clip of a single musical note. The recording may have been sped up or slowed down. Identify the PITCH of the note as it sounds in the audio. What is the main pitch frequency, expressed in Hertz? Reply with ONLY a number (the frequency in Hz). Nothing else. Output only the answer."
stretch_0.5x,stretch,0.5,64,E4,piano,instrument,64,69,0,0,0,1,E4,E4,1,1,1,mi,sol,0,0,1,69,E4,sol,440,data/analysis_audio/pitchbench_e4_time_stretching/E4_piano_3000ms_stretch_0p50x.wav,E4_piano_3000ms_stretch_0p50x.wav,Listen to this audio clip of a single musical note. The recording may have been sped up or slowed down. Identify the PITCH of the note as it sounds in the audio. What is the MIDI note number (an integer from 0 to 127)? Reply with ONLY the integer. Nothing else. Output only the answer.,"Listen to this audio clip of a single musical note. The recording may have been sped up or slowed down. Identify the PITCH of the note as it sounds in the audio. What is the note name and octave? Reply with ONLY the note name in Scientific Pitch Notation (e.g. C4, F#3, Bb5). Nothing else. Output only the answer.","Listen to this audio clip of a single musical note. The recording may have been sped up or slowed down. Identify the PITCH of the note as it sounds in the audio. What is the solfege syllable and accidental (if needed) of this pitch? Use fixed-do (do=C, re=D, mi=E, fa=F, sol=G, la=A, si=B). Include sharps or flats when needed (e.g. do#, reb, fa#, sib). Do NOT include the octave. Reply with ONLY the syllable and accidental (if needed). Nothing else. Output only the answer.","Listen to this audio clip of a single musical note. The recording may have been sped up or slowed down. Identify the PITCH of the note as it sounds in the audio. What is the main pitch frequency, expressed in Hertz? Reply with ONLY a number (the frequency in Hz). Nothing else. Output only the answer."
stretch_0.5x,stretch,0.5,67,G4,piano,instrument,67,69,0,0,0,1,G4,C4,0,0,1,sol,sol,1,0,0,69,C4,sol,440,data/analysis_audio/pitchbench_e4_time_stretching/G4_piano_3000ms_stretch_0p50x.wav,G4_piano_3000ms_stretch_0p50x.wav,Listen to this audio clip of a single musical note. The recording may have been sped up or slowed down. Identify the PITCH of the note as it sounds in the audio. What is the MIDI note number (an integer from 0 to 127)? Reply with ONLY the integer. Nothing else. Output only the answer.,"Listen to this audio clip of a single musical note. The recording may have been sped up or slowed down. Identify the PITCH of the note as it sounds in the audio. What is the note name and octave? Reply with ONLY the note name in Scientific Pitch Notation (e.g. C4, F#3, Bb5). Nothing else. Output only the answer.","Listen to this audio clip of a single musical note. The recording may have been sped up or slowed down. Identify the PITCH of the note as it sounds in the audio. What is the solfege syllable and accidental (if needed) of this pitch? Use fixed-do (do=C, re=D, mi=E, fa=F, sol=G, la=A, si=B). Include sharps or flats when needed (e.g. do#, reb, fa#, sib). Do NOT include the octave. Reply with ONLY the syllable and accidental (if needed). Nothing else. Output only the answer.","Listen to this audio clip of a single musical note. The recording may have been sped up or slowed down. Identify the PITCH of the note as it sounds in the audio. What is the main pitch frequency, expressed in Hertz? Reply with ONLY a number (the frequency in Hz). Nothing else. Output only the answer."
stretch_0.5x,stretch,0.5,69,A4,piano,instrument,69,68,0,1,0,1,A4,G4,0,0,1,la,sol,0,1,1,68,G4,sol,440,data/analysis_audio/pitchbench_e4_time_stretching/A4_piano_3000ms_stretch_0p50x.wav,A4_piano_3000ms_stretch_0p50x.wav,Listen to this audio clip of a single musical note. The recording may have been sped up or slowed down. Identify the PITCH of the note as it sounds in the audio. What is the MIDI note number (an integer from 0 to 127)? Reply with ONLY the integer. Nothing else. Output only the answer.,"Listen to this audio clip of a single musical note. The recording may have been sped up or slowed down. Identify the PITCH of the note as it sounds in the audio. What is the note name and octave? Reply with ONLY the note name in Scientific Pitch Notation (e.g. C4, F#3, Bb5). Nothing else. Output only the answer.","Listen to this audio clip of a single musical note. The recording may have been sped up or slowed down. Identify the PITCH of the note as it sounds in the audio. What is the solfege syllable and accidental (if needed) of this pitch? Use fixed-do (do=C, re=D, mi=E, fa=F, sol=G, la=A, si=B). Include sharps or flats when needed (e.g. do#, reb, fa#, sib). Do NOT include the octave. Reply with ONLY the syllable and accidental (if needed). Nothing else. Output only the answer.","Listen to this audio clip of a single musical note. The recording may have been sped up or slowed down. Identify the PITCH of the note as it sounds in the audio. What is the main pitch frequency, expressed in Hertz? Reply with ONLY a number (the frequency in Hz). Nothing else. Output only the answer."
stretch_0.5x,stretch,0.5,72,C5,piano,instrument,72,68,0,0,0,0,C5,E4,0,0,0,do,mi,0,0,0,68,E4,mi,440,data/analysis_audio/pitchbench_e4_time_stretching/C5_piano_3000ms_stretch_0p50x.wav,C5_piano_3000ms_stretch_0p50x.wav,Listen to this audio clip of a single musical note. The recording may have been sped up or slowed down. Identify the PITCH of the note as it sounds in the audio. What is the MIDI note number (an integer from 0 to 127)? Reply with ONLY the integer. Nothing else. Output only the answer.,"Listen to this audio clip of a single musical note. The recording may have been sped up or slowed down. Identify the PITCH of the note as it sounds in the audio. What is the note name and octave? Reply with ONLY the note name in Scientific Pitch Notation (e.g. C4, F#3, Bb5). Nothing else. Output only the answer.","Listen to this audio clip of a single musical note. The recording may have been sped up or slowed down. Identify the PITCH of the note as it sounds in the audio. What is the solfege syllable and accidental (if needed) of this pitch? Use fixed-do (do=C, re=D, mi=E, fa=F, sol=G, la=A, si=B). Include sharps or flats when needed (e.g. do#, reb, fa#, sib). Do NOT include the octave. Reply with ONLY the syllable and accidental (if needed). Nothing else. Output only the answer.","Listen to this audio clip of a single musical note. The recording may have been sped up or slowed down. Identify the PITCH of the note as it sounds in the audio. What is the main pitch frequency, expressed in Hertz? Reply with ONLY a number (the frequency in Hz). Nothing else. Output only the answer."
stretch_0.5x,stretch,0.5,77,F5,piano,instrument,77,68,0,0,0,0,F5,G4,0,0,0,fa,sol,0,0,0,68,G4,sol,440,data/analysis_audio/pitchbench_e4_time_stretching/F5_piano_3000ms_stretch_0p50x.wav,F5_piano_3000ms_stretch_0p50x.wav,Listen to this audio clip of a single musical note. The recording may have been sped up or slowed down. Identify the PITCH of the note as it sounds in the audio. What is the MIDI note number (an integer from 0 to 127)? Reply with ONLY the integer. Nothing else. Output only the answer.,"Listen to this audio clip of a single musical note. The recording may have been sped up or slowed down. Identify the PITCH of the note as it sounds in the audio. What is the note name and octave? Reply with ONLY the note name in Scientific Pitch Notation (e.g. C4, F#3, Bb5). Nothing else. Output only the answer.","Listen to this audio clip of a single musical note. The recording may have been sped up or slowed down. Identify the PITCH of the note as it sounds in the audio. What is the solfege syllable and accidental (if needed) of this pitch? Use fixed-do (do=C, re=D, mi=E, fa=F, sol=G, la=A, si=B). Include sharps or flats when needed (e.g. do#, reb, fa#, sib). Do NOT include the octave. Reply with ONLY the syllable and accidental (if needed). Nothing else. Output only the answer.","Listen to this audio clip of a single musical note. The recording may have been sped up or slowed down. Identify the PITCH of the note as it sounds in the audio. What is the main pitch frequency, expressed in Hertz? Reply with ONLY a number (the frequency in Hz). Nothing else. Output only the answer."
stretch_0.5x,stretch,0.5,84,C6,piano,instrument,84,69,0,0,0,0,C6,E4,0,0,0,do,sol,0,0,0,69,E4,sol,440,data/analysis_audio/pitchbench_e4_time_stretching/C6_piano_3000ms_stretch_0p50x.wav,C6_piano_3000ms_stretch_0p50x.wav,Listen to this audio clip of a single musical note. The recording may have been sped up or slowed down. Identify the PITCH of the note as it sounds in the audio. What is the MIDI note number (an integer from 0 to 127)? Reply with ONLY the integer. Nothing else. Output only the answer.,"Listen to this audio clip of a single musical note. The recording may have been sped up or slowed down. Identify the PITCH of the note as it sounds in the audio. What is the note name and octave? Reply with ONLY the note name in Scientific Pitch Notation (e.g. C4, F#3, Bb5). Nothing else. Output only the answer.","Listen to this audio clip of a single musical note. The recording may have been sped up or slowed down. Identify the PITCH of the note as it sounds in the audio. What is the solfege syllable and accidental (if needed) of this pitch? Use fixed-do (do=C, re=D, mi=E, fa=F, sol=G, la=A, si=B). Include sharps or flats when needed (e.g. do#, reb, fa#, sib). Do NOT include the octave. Reply with ONLY the syllable and accidental (if needed). Nothing else. Output only the answer.","Listen to this audio clip of a single musical note. The recording may have been sped up or slowed down. Identify the PITCH of the note as it sounds in the audio. What is the main pitch frequency, expressed in Hertz? Reply with ONLY a number (the frequency in Hz). Nothing else. Output only the answer."
stretch_2x,stretch,2.0,36,C2,piano,instrument,36,69,0,0,0,0,C2,F#3,0,0,0,do,sol,0,0,0,69,F#3,sol,440,data/analysis_audio/pitchbench_e4_time_stretching/C2_piano_3000ms_stretch_2p00x.wav,C2_piano_3000ms_stretch_2p00x.wav,Listen to this audio clip of a single musical note. The recording may have been sped up or slowed down. Identify the PITCH of the note as it sounds in the audio. What is the MIDI note number (an integer from 0 to 127)? Reply with ONLY the integer. Nothing else. Output only the answer.,"Listen to this audio clip of a single musical note. The recording may have been sped up or slowed down. Identify the PITCH of the note as it sounds in the audio. What is the note name and octave? Reply with ONLY the note name in Scientific Pitch Notation (e.g. C4, F#3, Bb5). Nothing else. Output only the answer.","Listen to this audio clip of a single musical note. The recording may have been sped up or slowed down. Identify the PITCH of the note as it sounds in the audio. What is the solfege syllable and accidental (if needed) of this pitch? Use fixed-do (do=C, re=D, mi=E, fa=F, sol=G, la=A, si=B). Include sharps or flats when needed (e.g. do#, reb, fa#, sib). Do NOT include the octave. Reply with ONLY the syllable and accidental (if needed). Nothing else. Output only the answer.","Listen to this audio clip of a single musical note. The recording may have been sped up or slowed down. Identify the PITCH of the note as it sounds in the audio. What is the main pitch frequency, expressed in Hertz? Reply with ONLY a number (the frequency in Hz). Nothing else. Output only the answer."
stretch_2x,stretch,2.0,43,G2,piano,instrument,43,69,0,0,0,0,G2,F4,0,0,0,sol,sol,1,0,0,69,F4,sol,440,data/analysis_audio/pitchbench_e4_time_stretching/G2_piano_3000ms_stretch_2p00x.wav,G2_piano_3000ms_stretch_2p00x.wav,Listen to this audio clip of a single musical note. The recording may have been sped up or slowed down. Identify the PITCH of the note as it sounds in the audio. What is the MIDI note number (an integer from 0 to 127)? Reply with ONLY the integer. Nothing else. Output only the answer.,"Listen to this audio clip of a single musical note. The recording may have been sped up or slowed down. Identify the PITCH of the note as it sounds in the audio. What is the note name and octave? Reply with ONLY the note name in Scientific Pitch Notation (e.g. C4, F#3, Bb5). Nothing else. Output only the answer.","Listen to this audio clip of a single musical note. The recording may have been sped up or slowed down. Identify the PITCH of the note as it sounds in the audio. What is the solfege syllable and accidental (if needed) of this pitch? Use fixed-do (do=C, re=D, mi=E, fa=F, sol=G, la=A, si=B). Include sharps or flats when needed (e.g. do#, reb, fa#, sib). Do NOT include the octave. Reply with ONLY the syllable and accidental (if needed). Nothing else. Output only the answer.","Listen to this audio clip of a single musical note. The recording may have been sped up or slowed down. Identify the PITCH of the note as it sounds in the audio. What is the main pitch frequency, expressed in Hertz? Reply with ONLY a number (the frequency in Hz). Nothing else. Output only the answer."
stretch_2x,stretch,2.0,48,C3,piano,instrument,48,64,0,0,0,0,C3,G3,0,0,1,do,sol,0,0,0,64,G3,sol,196,data/analysis_audio/pitchbench_e4_time_stretching/C3_piano_3000ms_stretch_2p00x.wav,C3_piano_3000ms_stretch_2p00x.wav,Listen to this audio clip of a single musical note. The recording may have been sped up or slowed down. Identify the PITCH of the note as it sounds in the audio. What is the MIDI note number (an integer from 0 to 127)? Reply with ONLY the integer. Nothing else. Output only the answer.,"Listen to this audio clip of a single musical note. The recording may have been sped up or slowed down. Identify the PITCH of the note as it sounds in the audio. What is the note name and octave? Reply with ONLY the note name in Scientific Pitch Notation (e.g. C4, F#3, Bb5). Nothing else. Output only the answer.","Listen to this audio clip of a single musical note. The recording may have been sped up or slowed down. Identify the PITCH of the note as it sounds in the audio. What is the solfege syllable and accidental (if needed) of this pitch? Use fixed-do (do=C, re=D, mi=E, fa=F, sol=G, la=A, si=B). Include sharps or flats when needed (e.g. do#, reb, fa#, sib). Do NOT include the octave. Reply with ONLY the syllable and accidental (if needed). Nothing else. Output only the answer.","Listen to this audio clip of a single musical note. The recording may have been sped up or slowed down. Identify the PITCH of the note as it sounds in the audio. What is the main pitch frequency, expressed in Hertz? Reply with ONLY a number (the frequency in Hz). Nothing else. Output only the answer."
stretch_2x,stretch,2.0,54,F#3,piano,instrument,54,60,0,0,0,0,F#3,G3,0,0,1,fa#,sol,0,0,0,60,G3,sol,196,data/analysis_audio/pitchbench_e4_time_stretching/Fs3_piano_3000ms_stretch_2p00x.wav,Fs3_piano_3000ms_stretch_2p00x.wav,Listen to this audio clip of a single musical note. The recording may have been sped up or slowed down. Identify the PITCH of the note as it sounds in the audio. What is the MIDI note number (an integer from 0 to 127)? Reply with ONLY the integer. Nothing else. Output only the answer.,"Listen to this audio clip of a single musical note. The recording may have been sped up or slowed down. Identify the PITCH of the note as it sounds in the audio. What is the note name and octave? Reply with ONLY the note name in Scientific Pitch Notation (e.g. C4, F#3, Bb5). Nothing else. Output only the answer.","Listen to this audio clip of a single musical note. The recording may have been sped up or slowed down. Identify the PITCH of the note as it sounds in the audio. What is the solfege syllable and accidental (if needed) of this pitch? Use fixed-do (do=C, re=D, mi=E, fa=F, sol=G, la=A, si=B). Include sharps or flats when needed (e.g. do#, reb, fa#, sib). Do NOT include the octave. Reply with ONLY the syllable and accidental (if needed). Nothing else. Output only the answer.","Listen to this audio clip of a single musical note. The recording may have been sped up or slowed down. Identify the PITCH of the note as it sounds in the audio. What is the main pitch frequency, expressed in Hertz? Reply with ONLY a number (the frequency in Hz). Nothing else. Output only the answer."
stretch_2x,stretch,2.0,58,A#3,piano,instrument,58,69,0,0,0,0,A#3,F4,0,0,0,la#,sol,0,0,0,69,F4,sol,440,data/analysis_audio/pitchbench_e4_time_stretching/As3_piano_3000ms_stretch_2p00x.wav,As3_piano_3000ms_stretch_2p00x.wav,Listen to this audio clip of a single musical note. The recording may have been sped up or slowed down. Identify the PITCH of the note as it sounds in the audio. What is the MIDI note number (an integer from 0 to 127)? Reply with ONLY the integer. Nothing else. Output only the answer.,"Listen to this audio clip of a single musical note. The recording may have been sped up or slowed down. Identify the PITCH of the note as it sounds in the audio. What is the note name and octave? Reply with ONLY the note name in Scientific Pitch Notation (e.g. C4, F#3, Bb5). Nothing else. Output only the answer.","Listen to this audio clip of a single musical note. The recording may have been sped up or slowed down. Identify the PITCH of the note as it sounds in the audio. What is the solfege syllable and accidental (if needed) of this pitch? Use fixed-do (do=C, re=D, mi=E, fa=F, sol=G, la=A, si=B). Include sharps or flats when needed (e.g. do#, reb, fa#, sib). Do NOT include the octave. Reply with ONLY the syllable and accidental (if needed). Nothing else. Output only the answer.","Listen to this audio clip of a single musical note. The recording may have been sped up or slowed down. Identify the PITCH of the note as it sounds in the audio. What is the main pitch frequency, expressed in Hertz? Reply with ONLY a number (the frequency in Hz). Nothing else. Output only the answer."
stretch_2x,stretch,2.0,60,C4,piano,instrument,60,69,0,0,0,1,C4,F3,0,0,0,do,sol,0,0,0,69,F3,sol,392,data/analysis_audio/pitchbench_e4_time_stretching/C4_piano_3000ms_stretch_2p00x.wav,C4_piano_3000ms_stretch_2p00x.wav,Listen to this audio clip of a single musical note. The recording may have been sped up or slowed down. Identify the PITCH of the note as it sounds in the audio. What is the MIDI note number (an integer from 0 to 127)? Reply with ONLY the integer. Nothing else. Output only the answer.,"Listen to this audio clip of a single musical note. The recording may have been sped up or slowed down. Identify the PITCH of the note as it sounds in the audio. What is the note name and octave? Reply with ONLY the note name in Scientific Pitch Notation (e.g. C4, F#3, Bb5). Nothing else. Output only the answer.","Listen to this audio clip of a single musical note. The recording may have been sped up or slowed down. Identify the PITCH of the note as it sounds in the audio. What is the solfege syllable and accidental (if needed) of this pitch? Use fixed-do (do=C, re=D, mi=E, fa=F, sol=G, la=A, si=B). Include sharps or flats when needed (e.g. do#, reb, fa#, sib). Do NOT include the octave. Reply with ONLY the syllable and accidental (if needed). Nothing else. Output only the answer.","Listen to this audio clip of a single musical note. The recording may have been sped up or slowed down. Identify the PITCH of the note as it sounds in the audio. What is the main pitch frequency, expressed in Hertz? Reply with ONLY a number (the frequency in Hz). Nothing else. Output only the answer."
stretch_2x,stretch,2.0,64,E4,piano,instrument,64,69,0,0,0,1,E4,E3,0,1,0,mi,sol,0,0,0,69,E3,sol,196,data/analysis_audio/pitchbench_e4_time_stretching/E4_piano_3000ms_stretch_2p00x.wav,E4_piano_3000ms_stretch_2p00x.wav,Listen to this audio clip of a single musical note. The recording may have been sped up or slowed down. Identify the PITCH of the note as it sounds in the audio. What is the MIDI note number (an integer from 0 to 127)? Reply with ONLY the integer. Nothing else. Output only the answer.,"Listen to this audio clip of a single musical note. The recording may have been sped up or slowed down. Identify the PITCH of the note as it sounds in the audio. What is the note name and octave? Reply with ONLY the note name in Scientific Pitch Notation (e.g. C4, F#3, Bb5). Nothing else. Output only the answer.","Listen to this audio clip of a single musical note. The recording may have been sped up or slowed down. Identify the PITCH of the note as it sounds in the audio. What is the solfege syllable and accidental (if needed) of this pitch? Use fixed-do (do=C, re=D, mi=E, fa=F, sol=G, la=A, si=B). Include sharps or flats when needed (e.g. do#, reb, fa#, sib). Do NOT include the octave. Reply with ONLY the syllable and accidental (if needed). Nothing else. Output only the answer.","Listen to this audio clip of a single musical note. The recording may have been sped up or slowed down. Identify the PITCH of the note as it sounds in the audio. What is the main pitch frequency, expressed in Hertz? Reply with ONLY a number (the frequency in Hz). Nothing else. Output only the answer."
stretch_2x,stretch,2.0,67,G4,piano,instrument,67,69,0,0,0,1,G4,G4,1,1,1,sol,sol,1,0,1,69,G4,sol,440,data/analysis_audio/pitchbench_e4_time_stretching/G4_piano_3000ms_stretch_2p00x.wav,G4_piano_3000ms_stretch_2p00x.wav,Listen to this audio clip of a single musical note. The recording may have been sped up or slowed down. Identify the PITCH of the note as it sounds in the audio. What is the MIDI note number (an integer from 0 to 127)? Reply with ONLY the integer. Nothing else. Output only the answer.,"Listen to this audio clip of a single musical note. The recording may have been sped up or slowed down. Identify the PITCH of the note as it sounds in the audio. What is the note name and octave? Reply with ONLY the note name in Scientific Pitch Notation (e.g. C4, F#3, Bb5). Nothing else. Output only the answer.","Listen to this audio clip of a single musical note. The recording may have been sped up or slowed down. Identify the PITCH of the note as it sounds in the audio. What is the solfege syllable and accidental (if needed) of this pitch? Use fixed-do (do=C, re=D, mi=E, fa=F, sol=G, la=A, si=B). Include sharps or flats when needed (e.g. do#, reb, fa#, sib). Do NOT include the octave. Reply with ONLY the syllable and accidental (if needed). Nothing else. Output only the answer.","Listen to this audio clip of a single musical note. The recording may have been sped up or slowed down. Identify the PITCH of the note as it sounds in the audio. What is the main pitch frequency, expressed in Hertz? Reply with ONLY a number (the frequency in Hz). Nothing else. Output only the answer."
stretch_2x,stretch,2.0,69,A4,piano,instrument,69,69,1,1,1,1,A4,F4,0,0,1,la,sol,0,1,1,69,F4,sol,440,data/analysis_audio/pitchbench_e4_time_stretching/A4_piano_3000ms_stretch_2p00x.wav,A4_piano_3000ms_stretch_2p00x.wav,Listen to this audio clip of a single musical note. The recording may have been sped up or slowed down. Identify the PITCH of the note as it sounds in the audio. What is the MIDI note number (an integer from 0 to 127)? Reply with ONLY the integer. Nothing else. Output only the answer.,"Listen to this audio clip of a single musical note. The recording may have been sped up or slowed down. Identify the PITCH of the note as it sounds in the audio. What is the note name and octave? Reply with ONLY the note name in Scientific Pitch Notation (e.g. C4, F#3, Bb5). Nothing else. Output only the answer.","Listen to this audio clip of a single musical note. The recording may have been sped up or slowed down. Identify the PITCH of the note as it sounds in the audio. What is the solfege syllable and accidental (if needed) of this pitch? Use fixed-do (do=C, re=D, mi=E, fa=F, sol=G, la=A, si=B). Include sharps or flats when needed (e.g. do#, reb, fa#, sib). Do NOT include the octave. Reply with ONLY the syllable and accidental (if needed). Nothing else. Output only the answer.","Listen to this audio clip of a single musical note. The recording may have been sped up or slowed down. Identify the PITCH of the note as it sounds in the audio. What is the main pitch frequency, expressed in Hertz? Reply with ONLY a number (the frequency in Hz). Nothing else. Output only the answer."
stretch_2x,stretch,2.0,72,C5,piano,instrument,72,69,0,0,0,0,C5,G4,0,0,0,do,sol,0,0,0,69,G4,sol,440,data/analysis_audio/pitchbench_e4_time_stretching/C5_piano_3000ms_stretch_2p00x.wav,C5_piano_3000ms_stretch_2p00x.wav,Listen to this audio clip of a single musical note. The recording may have been sped up or slowed down. Identify the PITCH of the note as it sounds in the audio. What is the MIDI note number (an integer from 0 to 127)? Reply with ONLY the integer. Nothing else. Output only the answer.,"Listen to this audio clip of a single musical note. The recording may have been sped up or slowed down. Identify the PITCH of the note as it sounds in the audio. What is the note name and octave? Reply with ONLY the note name in Scientific Pitch Notation (e.g. C4, F#3, Bb5). Nothing else. Output only the answer.","Listen to this audio clip of a single musical note. The recording may have been sped up or slowed down. Identify the PITCH of the note as it sounds in the audio. What is the solfege syllable and accidental (if needed) of this pitch? Use fixed-do (do=C, re=D, mi=E, fa=F, sol=G, la=A, si=B). Include sharps or flats when needed (e.g. do#, reb, fa#, sib). Do NOT include the octave. Reply with ONLY the syllable and accidental (if needed). Nothing else. Output only the answer.","Listen to this audio clip of a single musical note. The recording may have been sped up or slowed down. Identify the PITCH of the note as it sounds in the audio. What is the main pitch frequency, expressed in Hertz? Reply with ONLY a number (the frequency in Hz). Nothing else. Output only the answer."
stretch_2x,stretch,2.0,77,F5,piano,instrument,77,69,0,0,0,0,F5,E5,0,0,1,fa,sol,0,0,0,69,E5,sol,440,data/analysis_audio/pitchbench_e4_time_stretching/F5_piano_3000ms_stretch_2p00x.wav,F5_piano_3000ms_stretch_2p00x.wav,Listen to this audio clip of a single musical note. The recording may have been sped up or slowed down. Identify the PITCH of the note as it sounds in the audio. What is the MIDI note number (an integer from 0 to 127)? Reply with ONLY the integer. Nothing else. Output only the answer.,"Listen to this audio clip of a single musical note. The recording may have been sped up or slowed down. Identify the PITCH of the note as it sounds in the audio. What is the note name and octave? Reply with ONLY the note name in Scientific Pitch Notation (e.g. C4, F#3, Bb5). Nothing else. Output only the answer.","Listen to this audio clip of a single musical note. The recording may have been sped up or slowed down. Identify the PITCH of the note as it sounds in the audio. What is the solfege syllable and accidental (if needed) of this pitch? Use fixed-do (do=C, re=D, mi=E, fa=F, sol=G, la=A, si=B). Include sharps or flats when needed (e.g. do#, reb, fa#, sib). Do NOT include the octave. Reply with ONLY the syllable and accidental (if needed). Nothing else. Output only the answer.","Listen to this audio clip of a single musical note. The recording may have been sped up or slowed down. Identify the PITCH of the note as it sounds in the audio. What is the main pitch frequency, expressed in Hertz? Reply with ONLY a number (the frequency in Hz). Nothing else. Output only the answer."
stretch_2x,stretch,2.0,84,C6,piano,instrument,84,69,0,0,0,0,C6,F4,0,0,0,do,sol,0,0,0,69,F4,sol,440,data/analysis_audio/pitchbench_e4_time_stretching/C6_piano_3000ms_stretch_2p00x.wav,C6_piano_3000ms_stretch_2p00x.wav,Listen to this audio clip of a single musical note. The recording may have been sped up or slowed down. Identify the PITCH of the note as it sounds in the audio. What is the MIDI note number (an integer from 0 to 127)? Reply with ONLY the integer. Nothing else. Output only the answer.,"Listen to this audio clip of a single musical note. The recording may have been sped up or slowed down. Identify the PITCH of the note as it sounds in the audio. What is the note name and octave? Reply with ONLY the note name in Scientific Pitch Notation (e.g. C4, F#3, Bb5). Nothing else. Output only the answer.","Listen to this audio clip of a single musical note. The recording may have been sped up or slowed down. Identify the PITCH of the note as it sounds in the audio. What is the solfege syllable and accidental (if needed) of this pitch? Use fixed-do (do=C, re=D, mi=E, fa=F, sol=G, la=A, si=B). Include sharps or flats when needed (e.g. do#, reb, fa#, sib). Do NOT include the octave. Reply with ONLY the syllable and accidental (if needed). Nothing else. Output only the answer.","Listen to this audio clip of a single musical note. The recording may have been sped up or slowed down. Identify the PITCH of the note as it sounds in the audio. What is the main pitch frequency, expressed in Hertz? Reply with ONLY a number (the frequency in Hz). Nothing else. Output only the answer."
resample_0.5x,resample,0.5,36,C2,voice,instrument,48,68,0,0,0,0,C3,E4,0,0,0,do,sol,0,0,0,68,E4,sol,440,data/analysis_audio/pitchbench_e4_time_stretching/C2_voice_3000ms_resample_0p50x.wav,C2_voice_3000ms_resample_0p50x.wav,Listen to this audio clip of a single musical note. The recording may have been sped up or slowed down. Identify the PITCH of the note as it sounds in the audio. What is the MIDI note number (an integer from 0 to 127)? Reply with ONLY the integer. Nothing else. Output only the answer.,"Listen to this audio clip of a single musical note. The recording may have been sped up or slowed down. Identify the PITCH of the note as it sounds in the audio. What is the note name and octave? Reply with ONLY the note name in Scientific Pitch Notation (e.g. C4, F#3, Bb5). Nothing else. Output only the answer.","Listen to this audio clip of a single musical note. The recording may have been sped up or slowed down. Identify the PITCH of the note as it sounds in the audio. What is the solfege syllable and accidental (if needed) of this pitch? Use fixed-do (do=C, re=D, mi=E, fa=F, sol=G, la=A, si=B). Include sharps or flats when needed (e.g. do#, reb, fa#, sib). Do NOT include the octave. Reply with ONLY the syllable and accidental (if needed). Nothing else. Output only the answer.","Listen to this audio clip of a single musical note. The recording may have been sped up or slowed down. Identify the PITCH of the note as it sounds in the audio. What is the main pitch frequency, expressed in Hertz? Reply with ONLY a number (the frequency in Hz). Nothing else. Output only the answer."
resample_0.5x,resample,0.5,43,G2,voice,instrument,55,52,0,0,0,1,G3,,0,0,0,sol,sol,1,0,0,52,"I’m sorry, but I can’t determine the pitch of the note from the audio.",sol,"I’m sorry, but I can’t determine the pitch frequency just by listening.",data/analysis_audio/pitchbench_e4_time_stretching/G2_voice_3000ms_resample_0p50x.wav,G2_voice_3000ms_resample_0p50x.wav,Listen to this audio clip of a single musical note. The recording may have been sped up or slowed down. Identify the PITCH of the note as it sounds in the audio. What is the MIDI note number (an integer from 0 to 127)? Reply with ONLY the integer. Nothing else. Output only the answer.,"Listen to this audio clip of a single musical note. The recording may have been sped up or slowed down. Identify the PITCH of the note as it sounds in the audio. What is the note name and octave? Reply with ONLY the note name in Scientific Pitch Notation (e.g. C4, F#3, Bb5). Nothing else. Output only the answer.","Listen to this audio clip of a single musical note. The recording may have been sped up or slowed down. Identify the PITCH of the note as it sounds in the audio. What is the solfege syllable and accidental (if needed) of this pitch? Use fixed-do (do=C, re=D, mi=E, fa=F, sol=G, la=A, si=B). Include sharps or flats when needed (e.g. do#, reb, fa#, sib). Do NOT include the octave. Reply with ONLY the syllable and accidental (if needed). Nothing else. Output only the answer.","Listen to this audio clip of a single musical note. The recording may have been sped up or slowed down. Identify the PITCH of the note as it sounds in the audio. What is the main pitch frequency, expressed in Hertz? Reply with ONLY a number (the frequency in Hz). Nothing else. Output only the answer."
resample_0.5x,resample,0.5,48,C3,voice,instrument,60,52,0,0,0,0,C4,E4,0,0,1,do,sol,0,0,0,52,E4,sol,"I’m sorry, but I can’t identify the pitch frequency just by listening.",data/analysis_audio/pitchbench_e4_time_stretching/C3_voice_3000ms_resample_0p50x.wav,C3_voice_3000ms_resample_0p50x.wav,Listen to this audio clip of a single musical note. The recording may have been sped up or slowed down. Identify the PITCH of the note as it sounds in the audio. What is the MIDI note number (an integer from 0 to 127)? Reply with ONLY the integer. Nothing else. Output only the answer.,"Listen to this audio clip of a single musical note. The recording may have been sped up or slowed down. Identify the PITCH of the note as it sounds in the audio. What is the note name and octave? Reply with ONLY the note name in Scientific Pitch Notation (e.g. C4, F#3, Bb5). Nothing else. Output only the answer.","Listen to this audio clip of a single musical note. The recording may have been sped up or slowed down. Identify the PITCH of the note as it sounds in the audio. What is the solfege syllable and accidental (if needed) of this pitch? Use fixed-do (do=C, re=D, mi=E, fa=F, sol=G, la=A, si=B). Include sharps or flats when needed (e.g. do#, reb, fa#, sib). Do NOT include the octave. Reply with ONLY the syllable and accidental (if needed). Nothing else. Output only the answer.","Listen to this audio clip of a single musical note. The recording may have been sped up or slowed down. Identify the PITCH of the note as it sounds in the audio. What is the main pitch frequency, expressed in Hertz? Reply with ONLY a number (the frequency in Hz). Nothing else. Output only the answer."
resample_0.5x,resample,0.5,54,F#3,voice,instrument,66,69,0,0,0,1,F#4,E4,0,0,1,fa#,sol,0,0,0,69,E4,sol,440,data/analysis_audio/pitchbench_e4_time_stretching/Fs3_voice_3000ms_resample_0p50x.wav,Fs3_voice_3000ms_resample_0p50x.wav,Listen to this audio clip of a single musical note. The recording may have been sped up or slowed down. Identify the PITCH of the note as it sounds in the audio. What is the MIDI note number (an integer from 0 to 127)? Reply with ONLY the integer. Nothing else. Output only the answer.,"Listen to this audio clip of a single musical note. The recording may have been sped up or slowed down. Identify the PITCH of the note as it sounds in the audio. What is the note name and octave? Reply with ONLY the note name in Scientific Pitch Notation (e.g. C4, F#3, Bb5). Nothing else. Output only the answer.","Listen to this audio clip of a single musical note. The recording may have been sped up or slowed down. Identify the PITCH of the note as it sounds in the audio. What is the solfege syllable and accidental (if needed) of this pitch? Use fixed-do (do=C, re=D, mi=E, fa=F, sol=G, la=A, si=B). Include sharps or flats when needed (e.g. do#, reb, fa#, sib). Do NOT include the octave. Reply with ONLY the syllable and accidental (if needed). Nothing else. Output only the answer.","Listen to this audio clip of a single musical note. The recording may have been sped up or slowed down. Identify the PITCH of the note as it sounds in the audio. What is the main pitch frequency, expressed in Hertz? Reply with ONLY a number (the frequency in Hz). Nothing else. Output only the answer."
resample_0.5x,resample,0.5,58,A#3,voice,instrument,70,68,0,0,0,1,A#4,,0,0,0,la#,sol,0,0,0,68,"I’m sorry, but I can’t determine the pitch of the note from the audio.",sol,440,data/analysis_audio/pitchbench_e4_time_stretching/As3_voice_3000ms_resample_0p50x.wav,As3_voice_3000ms_resample_0p50x.wav,Listen to this audio clip of a single musical note. The recording may have been sped up or slowed down. Identify the PITCH of the note as it sounds in the audio. What is the MIDI note number (an integer from 0 to 127)? Reply with ONLY the integer. Nothing else. Output only the answer.,"Listen to this audio clip of a single musical note. The recording may have been sped up or slowed down. Identify the PITCH of the note as it sounds in the audio. What is the note name and octave? Reply with ONLY the note name in Scientific Pitch Notation (e.g. C4, F#3, Bb5). Nothing else. Output only the answer.","Listen to this audio clip of a single musical note. The recording may have been sped up or slowed down. Identify the PITCH of the note as it sounds in the audio. What is the solfege syllable and accidental (if needed) of this pitch? Use fixed-do (do=C, re=D, mi=E, fa=F, sol=G, la=A, si=B). Include sharps or flats when needed (e.g. do#, reb, fa#, sib). Do NOT include the octave. Reply with ONLY the syllable and accidental (if needed). Nothing else. Output only the answer.","Listen to this audio clip of a single musical note. The recording may have been sped up or slowed down. Identify the PITCH of the note as it sounds in the audio. What is the main pitch frequency, expressed in Hertz? Reply with ONLY a number (the frequency in Hz). Nothing else. Output only the answer."
resample_0.5x,resample,0.5,60,C4,voice,instrument,72,69,0,0,0,0,C5,A4,0,0,0,do,sol,0,0,0,69,A4,sol,440,data/analysis_audio/pitchbench_e4_time_stretching/C4_voice_3000ms_resample_0p50x.wav,C4_voice_3000ms_resample_0p50x.wav,Listen to this audio clip of a single musical note. The recording may have been sped up or slowed down. Identify the PITCH of the note as it sounds in the audio. What is the MIDI note number (an integer from 0 to 127)? Reply with ONLY the integer. Nothing else. Output only the answer.,"Listen to this audio clip of a single musical note. The recording may have been sped up or slowed down. Identify the PITCH of the note as it sounds in the audio. What is the note name and octave? Reply with ONLY the note name in Scientific Pitch Notation (e.g. C4, F#3, Bb5). Nothing else. Output only the answer.","Listen to this audio clip of a single musical note. The recording may have been sped up or slowed down. Identify the PITCH of the note as it sounds in the audio. What is the solfege syllable and accidental (if needed) of this pitch? Use fixed-do (do=C, re=D, mi=E, fa=F, sol=G, la=A, si=B). Include sharps or flats when needed (e.g. do#, reb, fa#, sib). Do NOT include the octave. Reply with ONLY the syllable and accidental (if needed). Nothing else. Output only the answer.","Listen to this audio clip of a single musical note. The recording may have been sped up or slowed down. Identify the PITCH of the note as it sounds in the audio. What is the main pitch frequency, expressed in Hertz? Reply with ONLY a number (the frequency in Hz). Nothing else. Output only the answer."
resample_0.5x,resample,0.5,64,E4,voice,instrument,76,69,0,0,0,0,E5,G4,0,0,0,mi,sol,0,0,0,69,G4,sol,440,data/analysis_audio/pitchbench_e4_time_stretching/E4_voice_3000ms_resample_0p50x.wav,E4_voice_3000ms_resample_0p50x.wav,Listen to this audio clip of a single musical note. The recording may have been sped up or slowed down. Identify the PITCH of the note as it sounds in the audio. What is the MIDI note number (an integer from 0 to 127)? Reply with ONLY the integer. Nothing else. Output only the answer.,"Listen to this audio clip of a single musical note. The recording may have been sped up or slowed down. Identify the PITCH of the note as it sounds in the audio. What is the note name and octave? Reply with ONLY the note name in Scientific Pitch Notation (e.g. C4, F#3, Bb5). Nothing else. Output only the answer.","Listen to this audio clip of a single musical note. The recording may have been sped up or slowed down. Identify the PITCH of the note as it sounds in the audio. What is the solfege syllable and accidental (if needed) of this pitch? Use fixed-do (do=C, re=D, mi=E, fa=F, sol=G, la=A, si=B). Include sharps or flats when needed (e.g. do#, reb, fa#, sib). Do NOT include the octave. Reply with ONLY the syllable and accidental (if needed). Nothing else. Output only the answer.","Listen to this audio clip of a single musical note. The recording may have been sped up or slowed down. Identify the PITCH of the note as it sounds in the audio. What is the main pitch frequency, expressed in Hertz? Reply with ONLY a number (the frequency in Hz). Nothing else. Output only the answer."
resample_0.5x,resample,0.5,67,G4,voice,instrument,79,69,0,0,0,0,G5,A4,0,0,0,sol,sol,1,0,0,69,A4,sol,440,data/analysis_audio/pitchbench_e4_time_stretching/G4_voice_3000ms_resample_0p50x.wav,G4_voice_3000ms_resample_0p50x.wav,Listen to this audio clip of a single musical note. The recording may have been sped up or slowed down. Identify the PITCH of the note as it sounds in the audio. What is the MIDI note number (an integer from 0 to 127)? Reply with ONLY the integer. Nothing else. Output only the answer.,"Listen to this audio clip of a single musical note. The recording may have been sped up or slowed down. Identify the PITCH of the note as it sounds in the audio. What is the note name and octave? Reply with ONLY the note name in Scientific Pitch Notation (e.g. C4, F#3, Bb5). Nothing else. Output only the answer.","Listen to this audio clip of a single musical note. The recording may have been sped up or slowed down. Identify the PITCH of the note as it sounds in the audio. What is the solfege syllable and accidental (if needed) of this pitch? Use fixed-do (do=C, re=D, mi=E, fa=F, sol=G, la=A, si=B). Include sharps or flats when needed (e.g. do#, reb, fa#, sib). Do NOT include the octave. Reply with ONLY the syllable and accidental (if needed). Nothing else. Output only the answer.","Listen to this audio clip of a single musical note. The recording may have been sped up or slowed down. Identify the PITCH of the note as it sounds in the audio. What is the main pitch frequency, expressed in Hertz? Reply with ONLY a number (the frequency in Hz). Nothing else. Output only the answer."
resample_0.5x,resample,0.5,69,A4,voice,instrument,81,69,0,0,1,0,A5,A4,0,1,0,la,sol,0,0,0,69,A4,sol,440,data/analysis_audio/pitchbench_e4_time_stretching/A4_voice_3000ms_resample_0p50x.wav,A4_voice_3000ms_resample_0p50x.wav,Listen to this audio clip of a single musical note. The recording may have been sped up or slowed down. Identify the PITCH of the note as it sounds in the audio. What is the MIDI note number (an integer from 0 to 127)? Reply with ONLY the integer. Nothing else. Output only the answer.,"Listen to this audio clip of a single musical note. The recording may have been sped up or slowed down. Identify the PITCH of the note as it sounds in the audio. What is the note name and octave? Reply with ONLY the note name in Scientific Pitch Notation (e.g. C4, F#3, Bb5). Nothing else. Output only the answer.","Listen to this audio clip of a single musical note. The recording may have been sped up or slowed down. Identify the PITCH of the note as it sounds in the audio. What is the solfege syllable and accidental (if needed) of this pitch? Use fixed-do (do=C, re=D, mi=E, fa=F, sol=G, la=A, si=B). Include sharps or flats when needed (e.g. do#, reb, fa#, sib). Do NOT include the octave. Reply with ONLY the syllable and accidental (if needed). Nothing else. Output only the answer.","Listen to this audio clip of a single musical note. The recording may have been sped up or slowed down. Identify the PITCH of the note as it sounds in the audio. What is the main pitch frequency, expressed in Hertz? Reply with ONLY a number (the frequency in Hz). Nothing else. Output only the answer."
resample_0.5x,resample,0.5,72,C5,voice,instrument,84,69,0,0,0,0,C6,E4,0,0,0,do,sol,0,0,0,69,E4,sol,440,data/analysis_audio/pitchbench_e4_time_stretching/C5_voice_3000ms_resample_0p50x.wav,C5_voice_3000ms_resample_0p50x.wav,Listen to this audio clip of a single musical note. The recording may have been sped up or slowed down. Identify the PITCH of the note as it sounds in the audio. What is the MIDI note number (an integer from 0 to 127)? Reply with ONLY the integer. Nothing else. Output only the answer.,"Listen to this audio clip of a single musical note. The recording may have been sped up or slowed down. Identify the PITCH of the note as it sounds in the audio. What is the note name and octave? Reply with ONLY the note name in Scientific Pitch Notation (e.g. C4, F#3, Bb5). Nothing else. Output only the answer.","Listen to this audio clip of a single musical note. The recording may have been sped up or slowed down. Identify the PITCH of the note as it sounds in the audio. What is the solfege syllable and accidental (if needed) of this pitch? Use fixed-do (do=C, re=D, mi=E, fa=F, sol=G, la=A, si=B). Include sharps or flats when needed (e.g. do#, reb, fa#, sib). Do NOT include the octave. Reply with ONLY the syllable and accidental (if needed). Nothing else. Output only the answer.","Listen to this audio clip of a single musical note. The recording may have been sped up or slowed down. Identify the PITCH of the note as it sounds in the audio. What is the main pitch frequency, expressed in Hertz? Reply with ONLY a number (the frequency in Hz). Nothing else. Output only the answer."
resample_0.5x,resample,0.5,77,F5,voice,instrument,89,69,0,0,0,0,F6,A4,0,0,0,fa,sol,0,0,0,69,A4,sol,440,data/analysis_audio/pitchbench_e4_time_stretching/F5_voice_3000ms_resample_0p50x.wav,F5_voice_3000ms_resample_0p50x.wav,Listen to this audio clip of a single musical note. The recording may have been sped up or slowed down. Identify the PITCH of the note as it sounds in the audio. What is the MIDI note number (an integer from 0 to 127)? Reply with ONLY the integer. Nothing else. Output only the answer.,"Listen to this audio clip of a single musical note. The recording may have been sped up or slowed down. Identify the PITCH of the note as it sounds in the audio. What is the note name and octave? Reply with ONLY the note name in Scientific Pitch Notation (e.g. C4, F#3, Bb5). Nothing else. Output only the answer.","Listen to this audio clip of a single musical note. The recording may have been sped up or slowed down. Identify the PITCH of the note as it sounds in the audio. What is the solfege syllable and accidental (if needed) of this pitch? Use fixed-do (do=C, re=D, mi=E, fa=F, sol=G, la=A, si=B). Include sharps or flats when needed (e.g. do#, reb, fa#, sib). Do NOT include the octave. Reply with ONLY the syllable and accidental (if needed). Nothing else. Output only the answer.","Listen to this audio clip of a single musical note. The recording may have been sped up or slowed down. Identify the PITCH of the note as it sounds in the audio. What is the main pitch frequency, expressed in Hertz? Reply with ONLY a number (the frequency in Hz). Nothing else. Output only the answer."
resample_0.5x,resample,0.5,84,C6,voice,instrument,96,69,0,0,0,0,C7,E5,0,0,0,do,sol,0,0,0,69,E5,sol,440,data/analysis_audio/pitchbench_e4_time_stretching/C6_voice_3000ms_resample_0p50x.wav,C6_voice_3000ms_resample_0p50x.wav,Listen to this audio clip of a single musical note. The recording may have been sped up or slowed down. Identify the PITCH of the note as it sounds in the audio. What is the MIDI note number (an integer from 0 to 127)? Reply with ONLY the integer. Nothing else. Output only the answer.,"Listen to this audio clip of a single musical note. The recording may have been sped up or slowed down. Identify the PITCH of the note as it sounds in the audio. What is the note name and octave? Reply with ONLY the note name in Scientific Pitch Notation (e.g. C4, F#3, Bb5). Nothing else. Output only the answer.","Listen to this audio clip of a single musical note. The recording may have been sped up or slowed down. Identify the PITCH of the note as it sounds in the audio. What is the solfege syllable and accidental (if needed) of this pitch? Use fixed-do (do=C, re=D, mi=E, fa=F, sol=G, la=A, si=B). Include sharps or flats when needed (e.g. do#, reb, fa#, sib). Do NOT include the octave. Reply with ONLY the syllable and accidental (if needed). Nothing else. Output only the answer.","Listen to this audio clip of a single musical note. The recording may have been sped up or slowed down. Identify the PITCH of the note as it sounds in the audio. What is the main pitch frequency, expressed in Hertz? Reply with ONLY a number (the frequency in Hz). Nothing else. Output only the answer."
resample_2x,resample,2.0,36,C2,voice,instrument,24,69,0,0,0,0,C1,G3,0,0,0,do,sol,0,0,0,69,G3,sol,440,data/analysis_audio/pitchbench_e4_time_stretching/C2_voice_3000ms_resample_2p00x.wav,C2_voice_3000ms_resample_2p00x.wav,Listen to this audio clip of a single musical note. The recording may have been sped up or slowed down. Identify the PITCH of the note as it sounds in the audio. What is the MIDI note number (an integer from 0 to 127)? Reply with ONLY the integer. Nothing else. Output only the answer.,"Listen to this audio clip of a single musical note. The recording may have been sped up or slowed down. Identify the PITCH of the note as it sounds in the audio. What is the note name and octave? Reply with ONLY the note name in Scientific Pitch Notation (e.g. C4, F#3, Bb5). Nothing else. Output only the answer.","Listen to this audio clip of a single musical note. The recording may have been sped up or slowed down. Identify the PITCH of the note as it sounds in the audio. What is the solfege syllable and accidental (if needed) of this pitch? Use fixed-do (do=C, re=D, mi=E, fa=F, sol=G, la=A, si=B). Include sharps or flats when needed (e.g. do#, reb, fa#, sib). Do NOT include the octave. Reply with ONLY the syllable and accidental (if needed). Nothing else. Output only the answer.","Listen to this audio clip of a single musical note. The recording may have been sped up or slowed down. Identify the PITCH of the note as it sounds in the audio. What is the main pitch frequency, expressed in Hertz? Reply with ONLY a number (the frequency in Hz). Nothing else. Output only the answer."
resample_2x,resample,2.0,43,G2,voice,instrument,31,69,0,0,0,0,G1,F#3,0,0,0,sol,sol,1,0,0,69,F#3,sol,220,data/analysis_audio/pitchbench_e4_time_stretching/G2_voice_3000ms_resample_2p00x.wav,G2_voice_3000ms_resample_2p00x.wav,Listen to this audio clip of a single musical note. The recording may have been sped up or slowed down. Identify the PITCH of the note as it sounds in the audio. What is the MIDI note number (an integer from 0 to 127)? Reply with ONLY the integer. Nothing else. Output only the answer.,"Listen to this audio clip of a single musical note. The recording may have been sped up or slowed down. Identify the PITCH of the note as it sounds in the audio. What is the note name and octave? Reply with ONLY the note name in Scientific Pitch Notation (e.g. C4, F#3, Bb5). Nothing else. Output only the answer.","Listen to this audio clip of a single musical note. The recording may have been sped up or slowed down. Identify the PITCH of the note as it sounds in the audio. What is the solfege syllable and accidental (if needed) of this pitch? Use fixed-do (do=C, re=D, mi=E, fa=F, sol=G, la=A, si=B). Include sharps or flats when needed (e.g. do#, reb, fa#, sib). Do NOT include the octave. Reply with ONLY the syllable and accidental (if needed). Nothing else. Output only the answer.","Listen to this audio clip of a single musical note. The recording may have been sped up or slowed down. Identify the PITCH of the note as it sounds in the audio. What is the main pitch frequency, expressed in Hertz? Reply with ONLY a number (the frequency in Hz). Nothing else. Output only the answer."
resample_2x,resample,2.0,48,C3,voice,instrument,36,48,0,0,1,0,C2,F#3,0,0,0,do,sol,0,0,0,48,F#3,sol,196,data/analysis_audio/pitchbench_e4_time_stretching/C3_voice_3000ms_resample_2p00x.wav,C3_voice_3000ms_resample_2p00x.wav,Listen to this audio clip of a single musical note. The recording may have been sped up or slowed down. Identify the PITCH of the note as it sounds in the audio. What is the MIDI note number (an integer from 0 to 127)? Reply with ONLY the integer. Nothing else. Output only the answer.,"Listen to this audio clip of a single musical note. The recording may have been sped up or slowed down. Identify the PITCH of the note as it sounds in the audio. What is the note name and octave? Reply with ONLY the note name in Scientific Pitch Notation (e.g. C4, F#3, Bb5). Nothing else. Output only the answer.","Listen to this audio clip of a single musical note. The recording may have been sped up or slowed down. Identify the PITCH of the note as it sounds in the audio. What is the solfege syllable and accidental (if needed) of this pitch? Use fixed-do (do=C, re=D, mi=E, fa=F, sol=G, la=A, si=B). Include sharps or flats when needed (e.g. do#, reb, fa#, sib). Do NOT include the octave. Reply with ONLY the syllable and accidental (if needed). Nothing else. Output only the answer.","Listen to this audio clip of a single musical note. The recording may have been sped up or slowed down. Identify the PITCH of the note as it sounds in the audio. What is the main pitch frequency, expressed in Hertz? Reply with ONLY a number (the frequency in Hz). Nothing else. Output only the answer."
resample_2x,resample,2.0,54,F#3,voice,instrument,42,69,0,0,0,0,F#2,F2,0,0,1,fa#,sol,0,0,0,69,F2,sol,440,data/analysis_audio/pitchbench_e4_time_stretching/Fs3_voice_3000ms_resample_2p00x.wav,Fs3_voice_3000ms_resample_2p00x.wav,Listen to this audio clip of a single musical note. The recording may have been sped up or slowed down. Identify the PITCH of the note as it sounds in the audio. What is the MIDI note number (an integer from 0 to 127)? Reply with ONLY the integer. Nothing else. Output only the answer.,"Listen to this audio clip of a single musical note. The recording may have been sped up or slowed down. Identify the PITCH of the note as it sounds in the audio. What is the note name and octave? Reply with ONLY the note name in Scientific Pitch Notation (e.g. C4, F#3, Bb5). Nothing else. Output only the answer.","Listen to this audio clip of a single musical note. The recording may have been sped up or slowed down. Identify the PITCH of the note as it sounds in the audio. What is the solfege syllable and accidental (if needed) of this pitch? Use fixed-do (do=C, re=D, mi=E, fa=F, sol=G, la=A, si=B). Include sharps or flats when needed (e.g. do#, reb, fa#, sib). Do NOT include the octave. Reply with ONLY the syllable and accidental (if needed). Nothing else. Output only the answer.","Listen to this audio clip of a single musical note. The recording may have been sped up or slowed down. Identify the PITCH of the note as it sounds in the audio. What is the main pitch frequency, expressed in Hertz? Reply with ONLY a number (the frequency in Hz). Nothing else. Output only the answer."
resample_2x,resample,2.0,58,A#3,voice,instrument,46,69,0,0,0,0,A#2,F2,0,0,1,la#,sol,0,0,0,69,F2,sol,196,data/analysis_audio/pitchbench_e4_time_stretching/As3_voice_3000ms_resample_2p00x.wav,As3_voice_3000ms_resample_2p00x.wav,Listen to this audio clip of a single musical note. The recording may have been sped up or slowed down. Identify the PITCH of the note as it sounds in the audio. What is the MIDI note number (an integer from 0 to 127)? Reply with ONLY the integer. Nothing else. Output only the answer.,"Listen to this audio clip of a single musical note. The recording may have been sped up or slowed down. Identify the PITCH of the note as it sounds in the audio. What is the note name and octave? Reply with ONLY the note name in Scientific Pitch Notation (e.g. C4, F#3, Bb5). Nothing else. Output only the answer.","Listen to this audio clip of a single musical note. The recording may have been sped up or slowed down. Identify the PITCH of the note as it sounds in the audio. What is the solfege syllable and accidental (if needed) of this pitch? Use fixed-do (do=C, re=D, mi=E, fa=F, sol=G, la=A, si=B). Include sharps or flats when needed (e.g. do#, reb, fa#, sib). Do NOT include the octave. Reply with ONLY the syllable and accidental (if needed). Nothing else. Output only the answer.","Listen to this audio clip of a single musical note. The recording may have been sped up or slowed down. Identify the PITCH of the note as it sounds in the audio. What is the main pitch frequency, expressed in Hertz? Reply with ONLY a number (the frequency in Hz). Nothing else. Output only the answer."
resample_2x,resample,2.0,60,C4,voice,instrument,48,69,0,0,0,0,C3,F#2,0,0,0,do,sol,0,0,0,69,F#2,sol,440,data/analysis_audio/pitchbench_e4_time_stretching/C4_voice_3000ms_resample_2p00x.wav,C4_voice_3000ms_resample_2p00x.wav,Listen to this audio clip of a single musical note. The recording may have been sped up or slowed down. Identify the PITCH of the note as it sounds in the audio. What is the MIDI note number (an integer from 0 to 127)? Reply with ONLY the integer. Nothing else. Output only the answer.,"Listen to this audio clip of a single musical note. The recording may have been sped up or slowed down. Identify the PITCH of the note as it sounds in the audio. What is the note name and octave? Reply with ONLY the note name in Scientific Pitch Notation (e.g. C4, F#3, Bb5). Nothing else. Output only the answer.","Listen to this audio clip of a single musical note. The recording may have been sped up or slowed down. Identify the PITCH of the note as it sounds in the audio. What is the solfege syllable and accidental (if needed) of this pitch? Use fixed-do (do=C, re=D, mi=E, fa=F, sol=G, la=A, si=B). Include sharps or flats when needed (e.g. do#, reb, fa#, sib). Do NOT include the octave. Reply with ONLY the syllable and accidental (if needed). Nothing else. Output only the answer.","Listen to this audio clip of a single musical note. The recording may have been sped up or slowed down. Identify the PITCH of the note as it sounds in the audio. What is the main pitch frequency, expressed in Hertz? Reply with ONLY a number (the frequency in Hz). Nothing else. Output only the answer."
resample_2x,resample,2.0,64,E4,voice,instrument,52,60,0,0,0,0,E3,G3,0,0,1,mi,sol,0,0,0,60,G3,sol,196,data/analysis_audio/pitchbench_e4_time_stretching/E4_voice_3000ms_resample_2p00x.wav,E4_voice_3000ms_resample_2p00x.wav,Listen to this audio clip of a single musical note. The recording may have been sped up or slowed down. Identify the PITCH of the note as it sounds in the audio. What is the MIDI note number (an integer from 0 to 127)? Reply with ONLY the integer. Nothing else. Output only the answer.,"Listen to this audio clip of a single musical note. The recording may have been sped up or slowed down. Identify the PITCH of the note as it sounds in the audio. What is the note name and octave? Reply with ONLY the note name in Scientific Pitch Notation (e.g. C4, F#3, Bb5). Nothing else. Output only the answer.","Listen to this audio clip of a single musical note. The recording may have been sped up or slowed down. Identify the PITCH of the note as it sounds in the audio. What is the solfege syllable and accidental (if needed) of this pitch? Use fixed-do (do=C, re=D, mi=E, fa=F, sol=G, la=A, si=B). Include sharps or flats when needed (e.g. do#, reb, fa#, sib). Do NOT include the octave. Reply with ONLY the syllable and accidental (if needed). Nothing else. Output only the answer.","Listen to this audio clip of a single musical note. The recording may have been sped up or slowed down. Identify the PITCH of the note as it sounds in the audio. What is the main pitch frequency, expressed in Hertz? Reply with ONLY a number (the frequency in Hz). Nothing else. Output only the answer."
resample_2x,resample,2.0,67,G4,voice,instrument,55,69,0,0,0,0,G3,G3,1,1,1,sol,sol,1,0,1,69,G3,sol,440,data/analysis_audio/pitchbench_e4_time_stretching/G4_voice_3000ms_resample_2p00x.wav,G4_voice_3000ms_resample_2p00x.wav,Listen to this audio clip of a single musical note. The recording may have been sped up or slowed down. Identify the PITCH of the note as it sounds in the audio. What is the MIDI note number (an integer from 0 to 127)? Reply with ONLY the integer. Nothing else. Output only the answer.,"Listen to this audio clip of a single musical note. The recording may have been sped up or slowed down. Identify the PITCH of the note as it sounds in the audio. What is the note name and octave? Reply with ONLY the note name in Scientific Pitch Notation (e.g. C4, F#3, Bb5). Nothing else. Output only the answer.","Listen to this audio clip of a single musical note. The recording may have been sped up or slowed down. Identify the PITCH of the note as it sounds in the audio. What is the solfege syllable and accidental (if needed) of this pitch? Use fixed-do (do=C, re=D, mi=E, fa=F, sol=G, la=A, si=B). Include sharps or flats when needed (e.g. do#, reb, fa#, sib). Do NOT include the octave. Reply with ONLY the syllable and accidental (if needed). Nothing else. Output only the answer.","Listen to this audio clip of a single musical note. The recording may have been sped up or slowed down. Identify the PITCH of the note as it sounds in the audio. What is the main pitch frequency, expressed in Hertz? Reply with ONLY a number (the frequency in Hz). Nothing else. Output only the answer."
resample_2x,resample,2.0,69,A4,voice,instrument,57,69,0,0,1,0,A3,F#3,0,0,1,la,sol,0,0,0,69,F#3,sol,440,data/analysis_audio/pitchbench_e4_time_stretching/A4_voice_3000ms_resample_2p00x.wav,A4_voice_3000ms_resample_2p00x.wav,Listen to this audio clip of a single musical note. The recording may have been sped up or slowed down. Identify the PITCH of the note as it sounds in the audio. What is the MIDI note number (an integer from 0 to 127)? Reply with ONLY the integer. Nothing else. Output only the answer.,"Listen to this audio clip of a single musical note. The recording may have been sped up or slowed down. Identify the PITCH of the note as it sounds in the audio. What is the note name and octave? Reply with ONLY the note name in Scientific Pitch Notation (e.g. C4, F#3, Bb5). Nothing else. Output only the answer.","Listen to this audio clip of a single musical note. The recording may have been sped up or slowed down. Identify the PITCH of the note as it sounds in the audio. What is the solfege syllable and accidental (if needed) of this pitch? Use fixed-do (do=C, re=D, mi=E, fa=F, sol=G, la=A, si=B). Include sharps or flats when needed (e.g. do#, reb, fa#, sib). Do NOT include the octave. Reply with ONLY the syllable and accidental (if needed). Nothing else. Output only the answer.","Listen to this audio clip of a single musical note. The recording may have been sped up or slowed down. Identify the PITCH of the note as it sounds in the audio. What is the main pitch frequency, expressed in Hertz? Reply with ONLY a number (the frequency in Hz). Nothing else. Output only the answer."
resample_2x,resample,2.0,72,C5,voice,instrument,60,69,0,0,0,1,C4,F#4,0,0,1,do,sol,0,0,0,69,F#4,sol,440,data/analysis_audio/pitchbench_e4_time_stretching/C5_voice_3000ms_resample_2p00x.wav,C5_voice_3000ms_resample_2p00x.wav,Listen to this audio clip of a single musical note. The recording may have been sped up or slowed down. Identify the PITCH of the note as it sounds in the audio. What is the MIDI note number (an integer from 0 to 127)? Reply with ONLY the integer. Nothing else. Output only the answer.,"Listen to this audio clip of a single musical note. The recording may have been sped up or slowed down. Identify the PITCH of the note as it sounds in the audio. What is the note name and octave? Reply with ONLY the note name in Scientific Pitch Notation (e.g. C4, F#3, Bb5). Nothing else. Output only the answer.","Listen to this audio clip of a single musical note. The recording may have been sped up or slowed down. Identify the PITCH of the note as it sounds in the audio. What is the solfege syllable and accidental (if needed) of this pitch? Use fixed-do (do=C, re=D, mi=E, fa=F, sol=G, la=A, si=B). Include sharps or flats when needed (e.g. do#, reb, fa#, sib). Do NOT include the octave. Reply with ONLY the syllable and accidental (if needed). Nothing else. Output only the answer.","Listen to this audio clip of a single musical note. The recording may have been sped up or slowed down. Identify the PITCH of the note as it sounds in the audio. What is the main pitch frequency, expressed in Hertz? Reply with ONLY a number (the frequency in Hz). Nothing else. Output only the answer."
resample_2x,resample,2.0,77,F5,voice,instrument,65,69,0,0,0,1,F4,F#5,0,0,0,fa,sol,0,0,0,69,F#5,sol,440,data/analysis_audio/pitchbench_e4_time_stretching/F5_voice_3000ms_resample_2p00x.wav,F5_voice_3000ms_resample_2p00x.wav,Listen to this audio clip of a single musical note. The recording may have been sped up or slowed down. Identify the PITCH of the note as it sounds in the audio. What is the MIDI note number (an integer from 0 to 127)? Reply with ONLY the integer. Nothing else. Output only the answer.,"Listen to this audio clip of a single musical note. The recording may have been sped up or slowed down. Identify the PITCH of the note as it sounds in the audio. What is the note name and octave? Reply with ONLY the note name in Scientific Pitch Notation (e.g. C4, F#3, Bb5). Nothing else. Output only the answer.","Listen to this audio clip of a single musical note. The recording may have been sped up or slowed down. Identify the PITCH of the note as it sounds in the audio. What is the solfege syllable and accidental (if needed) of this pitch? Use fixed-do (do=C, re=D, mi=E, fa=F, sol=G, la=A, si=B). Include sharps or flats when needed (e.g. do#, reb, fa#, sib). Do NOT include the octave. Reply with ONLY the syllable and accidental (if needed). Nothing else. Output only the answer.","Listen to this audio clip of a single musical note. The recording may have been sped up or slowed down. Identify the PITCH of the note as it sounds in the audio. What is the main pitch frequency, expressed in Hertz? Reply with ONLY a number (the frequency in Hz). Nothing else. Output only the answer."
resample_2x,resample,2.0,84,C6,voice,instrument,72,72,1,1,1,1,C5,E6,0,0,0,do,sol,0,0,1,72,E6,sol,440,data/analysis_audio/pitchbench_e4_time_stretching/C6_voice_3000ms_resample_2p00x.wav,C6_voice_3000ms_resample_2p00x.wav,Listen to this audio clip of a single musical note. The recording may have been sped up or slowed down. Identify the PITCH of the note as it sounds in the audio. What is the MIDI note number (an integer from 0 to 127)? Reply with ONLY the integer. Nothing else. Output only the answer.,"Listen to this audio clip of a single musical note. The recording may have been sped up or slowed down. Identify the PITCH of the note as it sounds in the audio. What is the note name and octave? Reply with ONLY the note name in Scientific Pitch Notation (e.g. C4, F#3, Bb5). Nothing else. Output only the answer.","Listen to this audio clip of a single musical note. The recording may have been sped up or slowed down. Identify the PITCH of the note as it sounds in the audio. What is the solfege syllable and accidental (if needed) of this pitch? Use fixed-do (do=C, re=D, mi=E, fa=F, sol=G, la=A, si=B). Include sharps or flats when needed (e.g. do#, reb, fa#, sib). Do NOT include the octave. Reply with ONLY the syllable and accidental (if needed). Nothing else. Output only the answer.","Listen to this audio clip of a single musical note. The recording may have been sped up or slowed down. Identify the PITCH of the note as it sounds in the audio. What is the main pitch frequency, expressed in Hertz? Reply with ONLY a number (the frequency in Hz). Nothing else. Output only the answer."
stretch_0.5x,stretch,0.5,36,C2,voice,instrument,36,69,0,0,0,0,C2,E4,0,0,0,do,sol,0,0,0,69,E4,sol,440,data/analysis_audio/pitchbench_e4_time_stretching/C2_voice_3000ms_stretch_0p50x.wav,C2_voice_3000ms_stretch_0p50x.wav,Listen to this audio clip of a single musical note. The recording may have been sped up or slowed down. Identify the PITCH of the note as it sounds in the audio. What is the MIDI note number (an integer from 0 to 127)? Reply with ONLY the integer. Nothing else. Output only the answer.,"Listen to this audio clip of a single musical note. The recording may have been sped up or slowed down. Identify the PITCH of the note as it sounds in the audio. What is the note name and octave? Reply with ONLY the note name in Scientific Pitch Notation (e.g. C4, F#3, Bb5). Nothing else. Output only the answer.","Listen to this audio clip of a single musical note. The recording may have been sped up or slowed down. Identify the PITCH of the note as it sounds in the audio. What is the solfege syllable and accidental (if needed) of this pitch? Use fixed-do (do=C, re=D, mi=E, fa=F, sol=G, la=A, si=B). Include sharps or flats when needed (e.g. do#, reb, fa#, sib). Do NOT include the octave. Reply with ONLY the syllable and accidental (if needed). Nothing else. Output only the answer.","Listen to this audio clip of a single musical note. The recording may have been sped up or slowed down. Identify the PITCH of the note as it sounds in the audio. What is the main pitch frequency, expressed in Hertz? Reply with ONLY a number (the frequency in Hz). Nothing else. Output only the answer."
stretch_0.5x,stretch,0.5,43,G2,voice,instrument,43,,0,0,0,0,G2,,0,0,0,sol,,0,0,0,"I’m sorry, but I can’t determine the pitch of the note from the audio.","I’m sorry, but I can’t determine the pitch of the note from the audio.",Please play the audio clip so I can listen and identify the pitch.,"I’m sorry, but I can’t determine the pitch frequency just by listening to the audio.",data/analysis_audio/pitchbench_e4_time_stretching/G2_voice_3000ms_stretch_0p50x.wav,G2_voice_3000ms_stretch_0p50x.wav,Listen to this audio clip of a single musical note. The recording may have been sped up or slowed down. Identify the PITCH of the note as it sounds in the audio. What is the MIDI note number (an integer from 0 to 127)? Reply with ONLY the integer. Nothing else. Output only the answer.,"Listen to this audio clip of a single musical note. The recording may have been sped up or slowed down. Identify the PITCH of the note as it sounds in the audio. What is the note name and octave? Reply with ONLY the note name in Scientific Pitch Notation (e.g. C4, F#3, Bb5). Nothing else. Output only the answer.","Listen to this audio clip of a single musical note. The recording may have been sped up or slowed down. Identify the PITCH of the note as it sounds in the audio. What is the solfege syllable and accidental (if needed) of this pitch? Use fixed-do (do=C, re=D, mi=E, fa=F, sol=G, la=A, si=B). Include sharps or flats when needed (e.g. do#, reb, fa#, sib). Do NOT include the octave. Reply with ONLY the syllable and accidental (if needed). Nothing else. Output only the answer.","Listen to this audio clip of a single musical note. The recording may have been sped up or slowed down. Identify the PITCH of the note as it sounds in the audio. What is the main pitch frequency, expressed in Hertz? Reply with ONLY a number (the frequency in Hz). Nothing else. Output only the answer."
stretch_0.5x,stretch,0.5,48,C3,voice,instrument,48,68,0,0,0,0,C3,,0,0,0,do,mi,0,0,0,68,"I’m sorry, but I can’t determine the pitch of the note from the audio.",mi,440,data/analysis_audio/pitchbench_e4_time_stretching/C3_voice_3000ms_stretch_0p50x.wav,C3_voice_3000ms_stretch_0p50x.wav,Listen to this audio clip of a single musical note. The recording may have been sped up or slowed down. Identify the PITCH of the note as it sounds in the audio. What is the MIDI note number (an integer from 0 to 127)? Reply with ONLY the integer. Nothing else. Output only the answer.,"Listen to this audio clip of a single musical note. The recording may have been sped up or slowed down. Identify the PITCH of the note as it sounds in the audio. What is the note name and octave? Reply with ONLY the note name in Scientific Pitch Notation (e.g. C4, F#3, Bb5). Nothing else. Output only the answer.","Listen to this audio clip of a single musical note. The recording may have been sped up or slowed down. Identify the PITCH of the note as it sounds in the audio. What is the solfege syllable and accidental (if needed) of this pitch? Use fixed-do (do=C, re=D, mi=E, fa=F, sol=G, la=A, si=B). Include sharps or flats when needed (e.g. do#, reb, fa#, sib). Do NOT include the octave. Reply with ONLY the syllable and accidental (if needed). Nothing else. Output only the answer.","Listen to this audio clip of a single musical note. The recording may have been sped up or slowed down. Identify the PITCH of the note as it sounds in the audio. What is the main pitch frequency, expressed in Hertz? Reply with ONLY a number (the frequency in Hz). Nothing else. Output only the answer."
stretch_0.5x,stretch,0.5,54,F#3,voice,instrument,54,68,0,0,0,0,F#3,C4,0,0,0,fa#,sol,0,0,0,68,C4,sol,440,data/analysis_audio/pitchbench_e4_time_stretching/Fs3_voice_3000ms_stretch_0p50x.wav,Fs3_voice_3000ms_stretch_0p50x.wav,Listen to this audio clip of a single musical note. The recording may have been sped up or slowed down. Identify the PITCH of the note as it sounds in the audio. What is the MIDI note number (an integer from 0 to 127)? Reply with ONLY the integer. Nothing else. Output only the answer.,"Listen to this audio clip of a single musical note. The recording may have been sped up or slowed down. Identify the PITCH of the note as it sounds in the audio. What is the note name and octave? Reply with ONLY the note name in Scientific Pitch Notation (e.g. C4, F#3, Bb5). Nothing else. Output only the answer.","Listen to this audio clip of a single musical note. The recording may have been sped up or slowed down. Identify the PITCH of the note as it sounds in the audio. What is the solfege syllable and accidental (if needed) of this pitch? Use fixed-do (do=C, re=D, mi=E, fa=F, sol=G, la=A, si=B). Include sharps or flats when needed (e.g. do#, reb, fa#, sib). Do NOT include the octave. Reply with ONLY the syllable and accidental (if needed). Nothing else. Output only the answer.","Listen to this audio clip of a single musical note. The recording may have been sped up or slowed down. Identify the PITCH of the note as it sounds in the audio. What is the main pitch frequency, expressed in Hertz? Reply with ONLY a number (the frequency in Hz). Nothing else. Output only the answer."
stretch_0.5x,stretch,0.5,58,A#3,voice,instrument,58,69,0,0,0,0,A#3,E4,0,0,0,la#,sol,0,0,0,69,E4,sol,440,data/analysis_audio/pitchbench_e4_time_stretching/As3_voice_3000ms_stretch_0p50x.wav,As3_voice_3000ms_stretch_0p50x.wav,Listen to this audio clip of a single musical note. The recording may have been sped up or slowed down. Identify the PITCH of the note as it sounds in the audio. What is the MIDI note number (an integer from 0 to 127)? Reply with ONLY the integer. Nothing else. Output only the answer.,"Listen to this audio clip of a single musical note. The recording may have been sped up or slowed down. Identify the PITCH of the note as it sounds in the audio. What is the note name and octave? Reply with ONLY the note name in Scientific Pitch Notation (e.g. C4, F#3, Bb5). Nothing else. Output only the answer.","Listen to this audio clip of a single musical note. The recording may have been sped up or slowed down. Identify the PITCH of the note as it sounds in the audio. What is the solfege syllable and accidental (if needed) of this pitch? Use fixed-do (do=C, re=D, mi=E, fa=F, sol=G, la=A, si=B). Include sharps or flats when needed (e.g. do#, reb, fa#, sib). Do NOT include the octave. Reply with ONLY the syllable and accidental (if needed). Nothing else. Output only the answer.","Listen to this audio clip of a single musical note. The recording may have been sped up or slowed down. Identify the PITCH of the note as it sounds in the audio. What is the main pitch frequency, expressed in Hertz? Reply with ONLY a number (the frequency in Hz). Nothing else. Output only the answer."
stretch_0.5x,stretch,0.5,60,C4,voice,instrument,60,,0,0,0,0,C4,,0,0,0,do,sol,0,0,0,Running the analysis to identify the pitch...,"I’m sorry, but I can’t determine the pitch of the note from the audio.",sol,Please play the audio clip so I can listen and analyze the pitch.,data/analysis_audio/pitchbench_e4_time_stretching/C4_voice_3000ms_stretch_0p50x.wav,C4_voice_3000ms_stretch_0p50x.wav,Listen to this audio clip of a single musical note. The recording may have been sped up or slowed down. Identify the PITCH of the note as it sounds in the audio. What is the MIDI note number (an integer from 0 to 127)? Reply with ONLY the integer. Nothing else. Output only the answer.,"Listen to this audio clip of a single musical note. The recording may have been sped up or slowed down. Identify the PITCH of the note as it sounds in the audio. What is the note name and octave? Reply with ONLY the note name in Scientific Pitch Notation (e.g. C4, F#3, Bb5). Nothing else. Output only the answer.","Listen to this audio clip of a single musical note. The recording may have been sped up or slowed down. Identify the PITCH of the note as it sounds in the audio. What is the solfege syllable and accidental (if needed) of this pitch? Use fixed-do (do=C, re=D, mi=E, fa=F, sol=G, la=A, si=B). Include sharps or flats when needed (e.g. do#, reb, fa#, sib). Do NOT include the octave. Reply with ONLY the syllable and accidental (if needed). Nothing else. Output only the answer.","Listen to this audio clip of a single musical note. The recording may have been sped up or slowed down. Identify the PITCH of the note as it sounds in the audio. What is the main pitch frequency, expressed in Hertz? Reply with ONLY a number (the frequency in Hz). Nothing else. Output only the answer."
stretch_0.5x,stretch,0.5,64,E4,voice,instrument,64,,0,0,0,0,E4,E4,1,1,1,mi,sol,0,0,1,"I’m sorry, but I can’t help with that.",E4,sol,440,data/analysis_audio/pitchbench_e4_time_stretching/E4_voice_3000ms_stretch_0p50x.wav,E4_voice_3000ms_stretch_0p50x.wav,Listen to this audio clip of a single musical note. The recording may have been sped up or slowed down. Identify the PITCH of the note as it sounds in the audio. What is the MIDI note number (an integer from 0 to 127)? Reply with ONLY the integer. Nothing else. Output only the answer.,"Listen to this audio clip of a single musical note. The recording may have been sped up or slowed down. Identify the PITCH of the note as it sounds in the audio. What is the note name and octave? Reply with ONLY the note name in Scientific Pitch Notation (e.g. C4, F#3, Bb5). Nothing else. Output only the answer.","Listen to this audio clip of a single musical note. The recording may have been sped up or slowed down. Identify the PITCH of the note as it sounds in the audio. What is the solfege syllable and accidental (if needed) of this pitch? Use fixed-do (do=C, re=D, mi=E, fa=F, sol=G, la=A, si=B). Include sharps or flats when needed (e.g. do#, reb, fa#, sib). Do NOT include the octave. Reply with ONLY the syllable and accidental (if needed). Nothing else. Output only the answer.","Listen to this audio clip of a single musical note. The recording may have been sped up or slowed down. Identify the PITCH of the note as it sounds in the audio. What is the main pitch frequency, expressed in Hertz? Reply with ONLY a number (the frequency in Hz). Nothing else. Output only the answer."
stretch_0.5x,stretch,0.5,67,G4,voice,instrument,67,69,0,0,0,1,G4,,0,0,0,sol,sol,1,0,0,69,"I’m sorry, but I can’t determine the pitch of the note from the audio.",sol,440,data/analysis_audio/pitchbench_e4_time_stretching/G4_voice_3000ms_stretch_0p50x.wav,G4_voice_3000ms_stretch_0p50x.wav,Listen to this audio clip of a single musical note. The recording may have been sped up or slowed down. Identify the PITCH of the note as it sounds in the audio. What is the MIDI note number (an integer from 0 to 127)? Reply with ONLY the integer. Nothing else. Output only the answer.,"Listen to this audio clip of a single musical note. The recording may have been sped up or slowed down. Identify the PITCH of the note as it sounds in the audio. What is the note name and octave? Reply with ONLY the note name in Scientific Pitch Notation (e.g. C4, F#3, Bb5). Nothing else. Output only the answer.","Listen to this audio clip of a single musical note. The recording may have been sped up or slowed down. Identify the PITCH of the note as it sounds in the audio. What is the solfege syllable and accidental (if needed) of this pitch? Use fixed-do (do=C, re=D, mi=E, fa=F, sol=G, la=A, si=B). Include sharps or flats when needed (e.g. do#, reb, fa#, sib). Do NOT include the octave. Reply with ONLY the syllable and accidental (if needed). Nothing else. Output only the answer.","Listen to this audio clip of a single musical note. The recording may have been sped up or slowed down. Identify the PITCH of the note as it sounds in the audio. What is the main pitch frequency, expressed in Hertz? Reply with ONLY a number (the frequency in Hz). Nothing else. Output only the answer."
stretch_0.5x,stretch,0.5,69,A4,voice,instrument,69,66,0,0,0,1,A4,,0,0,0,la,,0,0,0,66,"I’m sorry, but I can’t identify the pitch of the note from the audio.","Please play the audio clip, and I will identify the pitch for you.","I’m sorry, but I can’t determine the pitch frequency just by listening.",data/analysis_audio/pitchbench_e4_time_stretching/A4_voice_3000ms_stretch_0p50x.wav,A4_voice_3000ms_stretch_0p50x.wav,Listen to this audio clip of a single musical note. The recording may have been sped up or slowed down. Identify the PITCH of the note as it sounds in the audio. What is the MIDI note number (an integer from 0 to 127)? Reply with ONLY the integer. Nothing else. Output only the answer.,"Listen to this audio clip of a single musical note. The recording may have been sped up or slowed down. Identify the PITCH of the note as it sounds in the audio. What is the note name and octave? Reply with ONLY the note name in Scientific Pitch Notation (e.g. C4, F#3, Bb5). Nothing else. Output only the answer.","Listen to this audio clip of a single musical note. The recording may have been sped up or slowed down. Identify the PITCH of the note as it sounds in the audio. What is the solfege syllable and accidental (if needed) of this pitch? Use fixed-do (do=C, re=D, mi=E, fa=F, sol=G, la=A, si=B). Include sharps or flats when needed (e.g. do#, reb, fa#, sib). Do NOT include the octave. Reply with ONLY the syllable and accidental (if needed). Nothing else. Output only the answer.","Listen to this audio clip of a single musical note. The recording may have been sped up or slowed down. Identify the PITCH of the note as it sounds in the audio. What is the main pitch frequency, expressed in Hertz? Reply with ONLY a number (the frequency in Hz). Nothing else. Output only the answer."
stretch_0.5x,stretch,0.5,72,C5,voice,instrument,72,72,1,1,1,1,C5,E4,0,0,0,do,sol,0,0,1,72,E4,sol,440,data/analysis_audio/pitchbench_e4_time_stretching/C5_voice_3000ms_stretch_0p50x.wav,C5_voice_3000ms_stretch_0p50x.wav,Listen to this audio clip of a single musical note. The recording may have been sped up or slowed down. Identify the PITCH of the note as it sounds in the audio. What is the MIDI note number (an integer from 0 to 127)? Reply with ONLY the integer. Nothing else. Output only the answer.,"Listen to this audio clip of a single musical note. The recording may have been sped up or slowed down. Identify the PITCH of the note as it sounds in the audio. What is the note name and octave? Reply with ONLY the note name in Scientific Pitch Notation (e.g. C4, F#3, Bb5). Nothing else. Output only the answer.","Listen to this audio clip of a single musical note. The recording may have been sped up or slowed down. Identify the PITCH of the note as it sounds in the audio. What is the solfege syllable and accidental (if needed) of this pitch? Use fixed-do (do=C, re=D, mi=E, fa=F, sol=G, la=A, si=B). Include sharps or flats when needed (e.g. do#, reb, fa#, sib). Do NOT include the octave. Reply with ONLY the syllable and accidental (if needed). Nothing else. Output only the answer.","Listen to this audio clip of a single musical note. The recording may have been sped up or slowed down. Identify the PITCH of the note as it sounds in the audio. What is the main pitch frequency, expressed in Hertz? Reply with ONLY a number (the frequency in Hz). Nothing else. Output only the answer."
stretch_0.5x,stretch,0.5,77,F5,voice,instrument,77,69,0,0,0,0,F5,E4,0,0,0,fa,sol,0,0,0,69,E4,sol,440,data/analysis_audio/pitchbench_e4_time_stretching/F5_voice_3000ms_stretch_0p50x.wav,F5_voice_3000ms_stretch_0p50x.wav,Listen to this audio clip of a single musical note. The recording may have been sped up or slowed down. Identify the PITCH of the note as it sounds in the audio. What is the MIDI note number (an integer from 0 to 127)? Reply with ONLY the integer. Nothing else. Output only the answer.,"Listen to this audio clip of a single musical note. The recording may have been sped up or slowed down. Identify the PITCH of the note as it sounds in the audio. What is the note name and octave? Reply with ONLY the note name in Scientific Pitch Notation (e.g. C4, F#3, Bb5). Nothing else. Output only the answer.","Listen to this audio clip of a single musical note. The recording may have been sped up or slowed down. Identify the PITCH of the note as it sounds in the audio. What is the solfege syllable and accidental (if needed) of this pitch? Use fixed-do (do=C, re=D, mi=E, fa=F, sol=G, la=A, si=B). Include sharps or flats when needed (e.g. do#, reb, fa#, sib). Do NOT include the octave. Reply with ONLY the syllable and accidental (if needed). Nothing else. Output only the answer.","Listen to this audio clip of a single musical note. The recording may have been sped up or slowed down. Identify the PITCH of the note as it sounds in the audio. What is the main pitch frequency, expressed in Hertz? Reply with ONLY a number (the frequency in Hz). Nothing else. Output only the answer."
stretch_0.5x,stretch,0.5,84,C6,voice,instrument,84,72,0,0,1,0,C6,A5,0,0,0,do,sol,0,0,0,72,A5,sol,440,data/analysis_audio/pitchbench_e4_time_stretching/C6_voice_3000ms_stretch_0p50x.wav,C6_voice_3000ms_stretch_0p50x.wav,Listen to this audio clip of a single musical note. The recording may have been sped up or slowed down. Identify the PITCH of the note as it sounds in the audio. What is the MIDI note number (an integer from 0 to 127)? Reply with ONLY the integer. Nothing else. Output only the answer.,"Listen to this audio clip of a single musical note. The recording may have been sped up or slowed down. Identify the PITCH of the note as it sounds in the audio. What is the note name and octave? Reply with ONLY the note name in Scientific Pitch Notation (e.g. C4, F#3, Bb5). Nothing else. Output only the answer.","Listen to this audio clip of a single musical note. The recording may have been sped up or slowed down. Identify the PITCH of the note as it sounds in the audio. What is the solfege syllable and accidental (if needed) of this pitch? Use fixed-do (do=C, re=D, mi=E, fa=F, sol=G, la=A, si=B). Include sharps or flats when needed (e.g. do#, reb, fa#, sib). Do NOT include the octave. Reply with ONLY the syllable and accidental (if needed). Nothing else. Output only the answer.","Listen to this audio clip of a single musical note. The recording may have been sped up or slowed down. Identify the PITCH of the note as it sounds in the audio. What is the main pitch frequency, expressed in Hertz? Reply with ONLY a number (the frequency in Hz). Nothing else. Output only the answer."
stretch_2x,stretch,2.0,36,C2,voice,instrument,36,45,0,0,0,1,C2,A#2,0,0,1,do,sol,0,0,0,45,A#2,sol,220,data/analysis_audio/pitchbench_e4_time_stretching/C2_voice_3000ms_stretch_2p00x.wav,C2_voice_3000ms_stretch_2p00x.wav,Listen to this audio clip of a single musical note. The recording may have been sped up or slowed down. Identify the PITCH of the note as it sounds in the audio. What is the MIDI note number (an integer from 0 to 127)? Reply with ONLY the integer. Nothing else. Output only the answer.,"Listen to this audio clip of a single musical note. The recording may have been sped up or slowed down. Identify the PITCH of the note as it sounds in the audio. What is the note name and octave? Reply with ONLY the note name in Scientific Pitch Notation (e.g. C4, F#3, Bb5). Nothing else. Output only the answer.","Listen to this audio clip of a single musical note. The recording may have been sped up or slowed down. Identify the PITCH of the note as it sounds in the audio. What is the solfege syllable and accidental (if needed) of this pitch? Use fixed-do (do=C, re=D, mi=E, fa=F, sol=G, la=A, si=B). Include sharps or flats when needed (e.g. do#, reb, fa#, sib). Do NOT include the octave. Reply with ONLY the syllable and accidental (if needed). Nothing else. Output only the answer.","Listen to this audio clip of a single musical note. The recording may have been sped up or slowed down. Identify the PITCH of the note as it sounds in the audio. What is the main pitch frequency, expressed in Hertz? Reply with ONLY a number (the frequency in Hz). Nothing else. Output only the answer."
stretch_2x,stretch,2.0,43,G2,voice,instrument,43,69,0,0,0,0,G2,A2,0,0,1,sol,sol,1,0,0,69,A2,sol,220,data/analysis_audio/pitchbench_e4_time_stretching/G2_voice_3000ms_stretch_2p00x.wav,G2_voice_3000ms_stretch_2p00x.wav,Listen to this audio clip of a single musical note. The recording may have been sped up or slowed down. Identify the PITCH of the note as it sounds in the audio. What is the MIDI note number (an integer from 0 to 127)? Reply with ONLY the integer. Nothing else. Output only the answer.,"Listen to this audio clip of a single musical note. The recording may have been sped up or slowed down. Identify the PITCH of the note as it sounds in the audio. What is the note name and octave? Reply with ONLY the note name in Scientific Pitch Notation (e.g. C4, F#3, Bb5). Nothing else. Output only the answer.","Listen to this audio clip of a single musical note. The recording may have been sped up or slowed down. Identify the PITCH of the note as it sounds in the audio. What is the solfege syllable and accidental (if needed) of this pitch? Use fixed-do (do=C, re=D, mi=E, fa=F, sol=G, la=A, si=B). Include sharps or flats when needed (e.g. do#, reb, fa#, sib). Do NOT include the octave. Reply with ONLY the syllable and accidental (if needed). Nothing else. Output only the answer.","Listen to this audio clip of a single musical note. The recording may have been sped up or slowed down. Identify the PITCH of the note as it sounds in the audio. What is the main pitch frequency, expressed in Hertz? Reply with ONLY a number (the frequency in Hz). Nothing else. Output only the answer."
stretch_2x,stretch,2.0,48,C3,voice,instrument,48,69,0,0,0,0,C3,F3,0,0,1,do,sol,0,0,0,69,F3,sol,440,data/analysis_audio/pitchbench_e4_time_stretching/C3_voice_3000ms_stretch_2p00x.wav,C3_voice_3000ms_stretch_2p00x.wav,Listen to this audio clip of a single musical note. The recording may have been sped up or slowed down. Identify the PITCH of the note as it sounds in the audio. What is the MIDI note number (an integer from 0 to 127)? Reply with ONLY the integer. Nothing else. Output only the answer.,"Listen to this audio clip of a single musical note. The recording may have been sped up or slowed down. Identify the PITCH of the note as it sounds in the audio. What is the note name and octave? Reply with ONLY the note name in Scientific Pitch Notation (e.g. C4, F#3, Bb5). Nothing else. Output only the answer.","Listen to this audio clip of a single musical note. The recording may have been sped up or slowed down. Identify the PITCH of the note as it sounds in the audio. What is the solfege syllable and accidental (if needed) of this pitch? Use fixed-do (do=C, re=D, mi=E, fa=F, sol=G, la=A, si=B). Include sharps or flats when needed (e.g. do#, reb, fa#, sib). Do NOT include the octave. Reply with ONLY the syllable and accidental (if needed). Nothing else. Output only the answer.","Listen to this audio clip of a single musical note. The recording may have been sped up or slowed down. Identify the PITCH of the note as it sounds in the audio. What is the main pitch frequency, expressed in Hertz? Reply with ONLY a number (the frequency in Hz). Nothing else. Output only the answer."
stretch_2x,stretch,2.0,54,F#3,voice,instrument,54,69,0,0,0,0,F#3,F3,0,0,1,fa#,sol,0,0,0,69,F3,sol,220,data/analysis_audio/pitchbench_e4_time_stretching/Fs3_voice_3000ms_stretch_2p00x.wav,Fs3_voice_3000ms_stretch_2p00x.wav,Listen to this audio clip of a single musical note. The recording may have been sped up or slowed down. Identify the PITCH of the note as it sounds in the audio. What is the MIDI note number (an integer from 0 to 127)? Reply with ONLY the integer. Nothing else. Output only the answer.,"Listen to this audio clip of a single musical note. The recording may have been sped up or slowed down. Identify the PITCH of the note as it sounds in the audio. What is the note name and octave? Reply with ONLY the note name in Scientific Pitch Notation (e.g. C4, F#3, Bb5). Nothing else. Output only the answer.","Listen to this audio clip of a single musical note. The recording may have been sped up or slowed down. Identify the PITCH of the note as it sounds in the audio. What is the solfege syllable and accidental (if needed) of this pitch? Use fixed-do (do=C, re=D, mi=E, fa=F, sol=G, la=A, si=B). Include sharps or flats when needed (e.g. do#, reb, fa#, sib). Do NOT include the octave. Reply with ONLY the syllable and accidental (if needed). Nothing else. Output only the answer.","Listen to this audio clip of a single musical note. The recording may have been sped up or slowed down. Identify the PITCH of the note as it sounds in the audio. What is the main pitch frequency, expressed in Hertz? Reply with ONLY a number (the frequency in Hz). Nothing else. Output only the answer."
stretch_2x,stretch,2.0,58,A#3,voice,instrument,58,60,0,0,0,0,A#3,F3,0,0,1,la#,sol,0,0,0,60,F3,sol,220,data/analysis_audio/pitchbench_e4_time_stretching/As3_voice_3000ms_stretch_2p00x.wav,As3_voice_3000ms_stretch_2p00x.wav,Listen to this audio clip of a single musical note. The recording may have been sped up or slowed down. Identify the PITCH of the note as it sounds in the audio. What is the MIDI note number (an integer from 0 to 127)? Reply with ONLY the integer. Nothing else. Output only the answer.,"Listen to this audio clip of a single musical note. The recording may have been sped up or slowed down. Identify the PITCH of the note as it sounds in the audio. What is the note name and octave? Reply with ONLY the note name in Scientific Pitch Notation (e.g. C4, F#3, Bb5). Nothing else. Output only the answer.","Listen to this audio clip of a single musical note. The recording may have been sped up or slowed down. Identify the PITCH of the note as it sounds in the audio. What is the solfege syllable and accidental (if needed) of this pitch? Use fixed-do (do=C, re=D, mi=E, fa=F, sol=G, la=A, si=B). Include sharps or flats when needed (e.g. do#, reb, fa#, sib). Do NOT include the octave. Reply with ONLY the syllable and accidental (if needed). Nothing else. Output only the answer.","Listen to this audio clip of a single musical note. The recording may have been sped up or slowed down. Identify the PITCH of the note as it sounds in the audio. What is the main pitch frequency, expressed in Hertz? Reply with ONLY a number (the frequency in Hz). Nothing else. Output only the answer."
stretch_2x,stretch,2.0,60,C4,voice,instrument,60,69,0,0,0,1,C4,F#3,0,0,0,do,sol,0,0,0,69,F#3,sol,220,data/analysis_audio/pitchbench_e4_time_stretching/C4_voice_3000ms_stretch_2p00x.wav,C4_voice_3000ms_stretch_2p00x.wav,Listen to this audio clip of a single musical note. The recording may have been sped up or slowed down. Identify the PITCH of the note as it sounds in the audio. What is the MIDI note number (an integer from 0 to 127)? Reply with ONLY the integer. Nothing else. Output only the answer.,"Listen to this audio clip of a single musical note. The recording may have been sped up or slowed down. Identify the PITCH of the note as it sounds in the audio. What is the note name and octave? Reply with ONLY the note name in Scientific Pitch Notation (e.g. C4, F#3, Bb5). Nothing else. Output only the answer.","Listen to this audio clip of a single musical note. The recording may have been sped up or slowed down. Identify the PITCH of the note as it sounds in the audio. What is the solfege syllable and accidental (if needed) of this pitch? Use fixed-do (do=C, re=D, mi=E, fa=F, sol=G, la=A, si=B). Include sharps or flats when needed (e.g. do#, reb, fa#, sib). Do NOT include the octave. Reply with ONLY the syllable and accidental (if needed). Nothing else. Output only the answer.","Listen to this audio clip of a single musical note. The recording may have been sped up or slowed down. Identify the PITCH of the note as it sounds in the audio. What is the main pitch frequency, expressed in Hertz? Reply with ONLY a number (the frequency in Hz). Nothing else. Output only the answer."
stretch_2x,stretch,2.0,64,E4,voice,instrument,64,72,0,0,0,0,E4,A4,0,0,1,mi,sol,0,0,0,72,A4,sol,440,data/analysis_audio/pitchbench_e4_time_stretching/E4_voice_3000ms_stretch_2p00x.wav,E4_voice_3000ms_stretch_2p00x.wav,Listen to this audio clip of a single musical note. The recording may have been sped up or slowed down. Identify the PITCH of the note as it sounds in the audio. What is the MIDI note number (an integer from 0 to 127)? Reply with ONLY the integer. Nothing else. Output only the answer.,"Listen to this audio clip of a single musical note. The recording may have been sped up or slowed down. Identify the PITCH of the note as it sounds in the audio. What is the note name and octave? Reply with ONLY the note name in Scientific Pitch Notation (e.g. C4, F#3, Bb5). Nothing else. Output only the answer.","Listen to this audio clip of a single musical note. The recording may have been sped up or slowed down. Identify the PITCH of the note as it sounds in the audio. What is the solfege syllable and accidental (if needed) of this pitch? Use fixed-do (do=C, re=D, mi=E, fa=F, sol=G, la=A, si=B). Include sharps or flats when needed (e.g. do#, reb, fa#, sib). Do NOT include the octave. Reply with ONLY the syllable and accidental (if needed). Nothing else. Output only the answer.","Listen to this audio clip of a single musical note. The recording may have been sped up or slowed down. Identify the PITCH of the note as it sounds in the audio. What is the main pitch frequency, expressed in Hertz? Reply with ONLY a number (the frequency in Hz). Nothing else. Output only the answer."
stretch_2x,stretch,2.0,67,G4,voice,instrument,67,69,0,0,0,1,G4,A4,0,0,1,sol,sol,1,0,0,69,A4,sol,440,data/analysis_audio/pitchbench_e4_time_stretching/G4_voice_3000ms_stretch_2p00x.wav,G4_voice_3000ms_stretch_2p00x.wav,Listen to this audio clip of a single musical note. The recording may have been sped up or slowed down. Identify the PITCH of the note as it sounds in the audio. What is the MIDI note number (an integer from 0 to 127)? Reply with ONLY the integer. Nothing else. Output only the answer.,"Listen to this audio clip of a single musical note. The recording may have been sped up or slowed down. Identify the PITCH of the note as it sounds in the audio. What is the note name and octave? Reply with ONLY the note name in Scientific Pitch Notation (e.g. C4, F#3, Bb5). Nothing else. Output only the answer.","Listen to this audio clip of a single musical note. The recording may have been sped up or slowed down. Identify the PITCH of the note as it sounds in the audio. What is the solfege syllable and accidental (if needed) of this pitch? Use fixed-do (do=C, re=D, mi=E, fa=F, sol=G, la=A, si=B). Include sharps or flats when needed (e.g. do#, reb, fa#, sib). Do NOT include the octave. Reply with ONLY the syllable and accidental (if needed). Nothing else. Output only the answer.","Listen to this audio clip of a single musical note. The recording may have been sped up or slowed down. Identify the PITCH of the note as it sounds in the audio. What is the main pitch frequency, expressed in Hertz? Reply with ONLY a number (the frequency in Hz). Nothing else. Output only the answer."
stretch_2x,stretch,2.0,69,A4,voice,instrument,69,72,0,0,0,0,A4,A4,1,1,1,la,sol,0,1,1,72,A4,sol,440,data/analysis_audio/pitchbench_e4_time_stretching/A4_voice_3000ms_stretch_2p00x.wav,A4_voice_3000ms_stretch_2p00x.wav,Listen to this audio clip of a single musical note. The recording may have been sped up or slowed down. Identify the PITCH of the note as it sounds in the audio. What is the MIDI note number (an integer from 0 to 127)? Reply with ONLY the integer. Nothing else. Output only the answer.,"Listen to this audio clip of a single musical note. The recording may have been sped up or slowed down. Identify the PITCH of the note as it sounds in the audio. What is the note name and octave? Reply with ONLY the note name in Scientific Pitch Notation (e.g. C4, F#3, Bb5). Nothing else. Output only the answer.","Listen to this audio clip of a single musical note. The recording may have been sped up or slowed down. Identify the PITCH of the note as it sounds in the audio. What is the solfege syllable and accidental (if needed) of this pitch? Use fixed-do (do=C, re=D, mi=E, fa=F, sol=G, la=A, si=B). Include sharps or flats when needed (e.g. do#, reb, fa#, sib). Do NOT include the octave. Reply with ONLY the syllable and accidental (if needed). Nothing else. Output only the answer.","Listen to this audio clip of a single musical note. The recording may have been sped up or slowed down. Identify the PITCH of the note as it sounds in the audio. What is the main pitch frequency, expressed in Hertz? Reply with ONLY a number (the frequency in Hz). Nothing else. Output only the answer."
stretch_2x,stretch,2.0,72,C5,voice,instrument,72,72,1,1,1,1,C5,F5,0,0,1,do,la,0,0,1,72,F5,la,440,data/analysis_audio/pitchbench_e4_time_stretching/C5_voice_3000ms_stretch_2p00x.wav,C5_voice_3000ms_stretch_2p00x.wav,Listen to this audio clip of a single musical note. The recording may have been sped up or slowed down. Identify the PITCH of the note as it sounds in the audio. What is the MIDI note number (an integer from 0 to 127)? Reply with ONLY the integer. Nothing else. Output only the answer.,"Listen to this audio clip of a single musical note. The recording may have been sped up or slowed down. Identify the PITCH of the note as it sounds in the audio. What is the note name and octave? Reply with ONLY the note name in Scientific Pitch Notation (e.g. C4, F#3, Bb5). Nothing else. Output only the answer.","Listen to this audio clip of a single musical note. The recording may have been sped up or slowed down. Identify the PITCH of the note as it sounds in the audio. What is the solfege syllable and accidental (if needed) of this pitch? Use fixed-do (do=C, re=D, mi=E, fa=F, sol=G, la=A, si=B). Include sharps or flats when needed (e.g. do#, reb, fa#, sib). Do NOT include the octave. Reply with ONLY the syllable and accidental (if needed). Nothing else. Output only the answer.","Listen to this audio clip of a single musical note. The recording may have been sped up or slowed down. Identify the PITCH of the note as it sounds in the audio. What is the main pitch frequency, expressed in Hertz? Reply with ONLY a number (the frequency in Hz). Nothing else. Output only the answer."
stretch_2x,stretch,2.0,77,F5,voice,instrument,77,69,0,0,0,0,F5,F5,1,1,1,fa,sol,0,0,1,69,F5,sol,440,data/analysis_audio/pitchbench_e4_time_stretching/F5_voice_3000ms_stretch_2p00x.wav,F5_voice_3000ms_stretch_2p00x.wav,Listen to this audio clip of a single musical note. The recording may have been sped up or slowed down. Identify the PITCH of the note as it sounds in the audio. What is the MIDI note number (an integer from 0 to 127)? Reply with ONLY the integer. Nothing else. Output only the answer.,"Listen to this audio clip of a single musical note. The recording may have been sped up or slowed down. Identify the PITCH of the note as it sounds in the audio. What is the note name and octave? Reply with ONLY the note name in Scientific Pitch Notation (e.g. C4, F#3, Bb5). Nothing else. Output only the answer.","Listen to this audio clip of a single musical note. The recording may have been sped up or slowed down. Identify the PITCH of the note as it sounds in the audio. What is the solfege syllable and accidental (if needed) of this pitch? Use fixed-do (do=C, re=D, mi=E, fa=F, sol=G, la=A, si=B). Include sharps or flats when needed (e.g. do#, reb, fa#, sib). Do NOT include the octave. Reply with ONLY the syllable and accidental (if needed). Nothing else. Output only the answer.","Listen to this audio clip of a single musical note. The recording may have been sped up or slowed down. Identify the PITCH of the note as it sounds in the audio. What is the main pitch frequency, expressed in Hertz? Reply with ONLY a number (the frequency in Hz). Nothing else. Output only the answer."
stretch_2x,stretch,2.0,84,C6,voice,instrument,84,72,0,0,1,0,C6,F#5,0,0,0,do,la,0,0,0,72,F#5,la,440,data/analysis_audio/pitchbench_e4_time_stretching/C6_voice_3000ms_stretch_2p00x.wav,C6_voice_3000ms_stretch_2p00x.wav,Listen to this audio clip of a single musical note. The recording may have been sped up or slowed down. Identify the PITCH of the note as it sounds in the audio. What is the MIDI note number (an integer from 0 to 127)? Reply with ONLY the integer. Nothing else. Output only the answer.,"Listen to this audio clip of a single musical note. The recording may have been sped up or slowed down. Identify the PITCH of the note as it sounds in the audio. What is the note name and octave? Reply with ONLY the note name in Scientific Pitch Notation (e.g. C4, F#3, Bb5). Nothing else. Output only the answer.","Listen to this audio clip of a single musical note. The recording may have been sped up or slowed down. Identify the PITCH of the note as it sounds in the audio. What is the solfege syllable and accidental (if needed) of this pitch? Use fixed-do (do=C, re=D, mi=E, fa=F, sol=G, la=A, si=B). Include sharps or flats when needed (e.g. do#, reb, fa#, sib). Do NOT include the octave. Reply with ONLY the syllable and accidental (if needed). Nothing else. Output only the answer.","Listen to this audio clip of a single musical note. The recording may have been sped up or slowed down. Identify the PITCH of the note as it sounds in the audio. What is the main pitch frequency, expressed in Hertz? Reply with ONLY a number (the frequency in Hz). Nothing else. Output only the answer."
