Running in MODE=EVAL

############################################################
# pitchbench_a1_single_pitch_id
############################################################

Experiment : pitchbench_a1_single_pitch_id
Models     : audio_flamingo_next_instruct
Stimuli    : 1159
  Sampling     : none (full set of 1159)

  Model : Audio Flamingo Next – instruct
    [dispatch] 1159 items, max_workers=2
    [   1/1159]   F1 sine  | midi: gt=29 pred=35 ❌  | spn: gt=F1 pred=C2 ❌  | doremi: gt=fa pred=fa# ❌  | hz: gt=43.6535 pred=25.0 ❌
    [   2/1159]  F#1 sine  | midi: gt=30 pred=35 ❌  | spn: gt=F#1 pred=C2 ❌  | doremi: gt=fa# pred=fa# ✅  | hz: gt=46.2493 pred=25.0 ❌
    [   3/1159]  G#1 sine  | midi: gt=32 pred=35 ❌  | spn: gt=G#1 pred=C2 ❌  | doremi: gt=sol# pred=fa# ❌  | hz: gt=51.9131 pred=250.0 ❌
    [   4/1159]   G1 sine  | midi: gt=31 pred=35 ❌  | spn: gt=G1 pred=C2 ❌  | doremi: gt=sol pred=fa# ❌  | hz: gt=48.9994 pred=250.0 ❌
    [   5/1159]   A1 sine  | midi: gt=33 pred=35 ❌  | spn: gt=A1 pred=C2 ❌  | doremi: gt=la pred=fa# ❌  | hz: gt=55.0 pred=250.0 ❌
    [   6/1159]  A#1 sine  | midi: gt=34 pred=36 ❌  | spn: gt=A#1 pred=C2 ❌  | doremi: gt=la# pred=fa# ❌  | hz: gt=58.2705 pred=25.0 ❌
    [   7/1159]   B1 sine  | midi: gt=35 pred=36 ❌  | spn: gt=B1 pred=C2 ❌  | doremi: gt=si pred=fa# ❌  | hz: gt=61.7354 pred=261.63 ❌
    [   8/1159]   C2 sine  | midi: gt=36 pred=36 ✅  | spn: gt=C2 pred=C2 ✅  | doremi: gt=do pred=fa# ❌  | hz: gt=65.4064 pred=261.63 ❌
    [   9/1159]   D2 sine  | midi: gt=38 pred=36 ❌  | spn: gt=D2 pred=C2 ❌  | doremi: gt=re pred=fa# ❌  | hz: gt=73.4162 pred=105.26 ❌
    [  10/1159]  C#2 sine  | midi: gt=37 pred=36 ❌  | spn: gt=C#2 pred=C2 ❌  | doremi: gt=do# pred=fa# ❌  | hz: gt=69.2957 pred=261.63 ❌
    [  11/1159]  D#2 sine  | midi: gt=39 pred=43 ❌  | spn: gt=D#2 pred=C2 ❌  | doremi: gt=re# pred=fa# ❌  | hz: gt=77.7817 pred=105.26 ❌
    [  12/1159]   E2 sine  | midi: gt=40 pred=43 ❌  | spn: gt=E2 pred=C2 ❌  | doremi: gt=mi pred=fa# ❌  | hz: gt=82.4069 pred=105.26 ❌
    [  13/1159]  F#2 sine  | midi: gt=42 pred=43 ❌  | spn: gt=F#2 pred=C2 ❌  | doremi: gt=fa# pred=fa# ✅  | hz: gt=92.4986 pred=107.89 ❌
    [  14/1159]   F2 sine  | midi: gt=41 pred=43 ❌  | spn: gt=F2 pred=C2 ❌  | doremi: gt=fa pred=fa# ❌  | hz: gt=87.3071 pred=107.89 ❌
    [  15/1159]   G2 sine  | midi: gt=43 pred=43 ✅  | spn: gt=G2 pred=C2 ❌  | doremi: gt=sol pred=sol ✅  | hz: gt=97.9989 pred=107.65 ❌
    [  16/1159]  G#2 sine  | midi: gt=44 pred=45 ❌  | spn: gt=G#2 pred=C2 ❌  | doremi: gt=sol# pred=sol ❌  | hz: gt=103.8262 pred=107.65 ❌
    [  17/1159]   A2 sine  | midi: gt=45 pred=45 ✅  | spn: gt=A2 pred=C2 ❌  | doremi: gt=la pred=sol ❌  | hz: gt=110.0 pred=105.26 ❌
    [  18/1159]  A#2 sine  | midi: gt=46 pred=45 ❌  | spn: gt=A#2 pred=C2 ❌  | doremi: gt=la# pred=sol ❌  | hz: gt=116.5409 pred=261.63 ❌
    [  19/1159]   B2 sine  | midi: gt=47 pred=45 ❌  | spn: gt=B2 pred=C2 ❌  | doremi: gt=si pred=sol ❌  | hz: gt=123.4708 pred=250.0 ❌
    [  20/1159]   C3 sine  | midi: gt=48 pred=48 ✅  | spn: gt=C3 pred=C2 ❌  | doremi: gt=do pred=sol ❌  | hz: gt=130.8128 pred=107.86 ❌
    [  21/1159]  C#3 sine  | midi: gt=49 pred=48 ❌  | spn: gt=C#3 pred=C6 ❌  | doremi: gt=do# pred=sol ❌  | hz: gt=138.5913 pred=107.86 ❌
    [  22/1159]   D3 sine  | midi: gt=50 pred=49 ❌  | spn: gt=D3 pred=C2 ❌  | doremi: gt=re pred=sol ❌  | hz: gt=146.8324 pred=107.89 ❌
    [  23/1159]  D#3 sine  | midi: gt=51 pred=58 ❌  | spn: gt=D#3 pred=C4 ❌  | doremi: gt=re# pred=sol ❌  | hz: gt=155.5635 pred=250.0 ❌
    [  24/1159]   E3 sine  | midi: gt=52 pred=53 ❌  | spn: gt=E3 pred=C4 ❌  | doremi: gt=mi pred=sol ❌  | hz: gt=164.8138 pred=250.0 ❌
    [  25/1159]   F3 sine  | midi: gt=53 pred=48 ❌  | spn: gt=F3 pred=C4 ❌  | doremi: gt=fa pred=sol ❌  | hz: gt=174.6141 pred=105.26 ❌
    [  26/1159]  F#3 sine  | midi: gt=54 pred=48 ❌  | spn: gt=F#3 pred=C4 ❌  | doremi: gt=fa# pred=sol ❌  | hz: gt=184.9972 pred=107.89 ❌
    [  27/1159]   G3 sine  | midi: gt=55 pred=56 ❌  | spn: gt=G3 pred=C4 ❌  | doremi: gt=sol pred=sol ✅  | hz: gt=195.9977 pred=105.26 ❌
    [  28/1159]  G#3 sine  | midi: gt=56 pred=56 ✅  | spn: gt=G#3 pred=C4 ❌  | doremi: gt=sol# pred=sol ❌  | hz: gt=207.6523 pred=105.26 ❌
    [  29/1159]   A3 sine  | midi: gt=57 pred=58 ❌  | spn: gt=A3 pred=A2 ❌  | doremi: gt=la pred=sol ❌  | hz: gt=220.0 pred=105.26 ❌
    [  30/1159]  A#3 sine  | midi: gt=58 pred=58 ✅  | spn: gt=A#3 pred=A2 ❌  | doremi: gt=la# pred=sol ❌  | hz: gt=233.0819 pred=261.63 ❌
    [  31/1159]   B3 sine  | midi: gt=59 pred=63 ❌  | spn: gt=B3 pred=C6 ❌  | doremi: gt=si pred=sol ❌  | hz: gt=246.9417 pred=105.26 ❌
    [  32/1159]   C4 sine  | midi: gt=60 pred=60 ✅  | spn: gt=C4 pred=C6 ❌  | doremi: gt=do pred=sol ❌  | hz: gt=261.6256 pred=107.89 ❌
    [  33/1159]  C#4 sine  | midi: gt=61 pred=63 ❌  | spn: gt=C#4 pred=C6 ❌  | doremi: gt=do# pred=sol ❌  | hz: gt=277.1826 pred=107.86 ❌
    [  34/1159]   D4 sine  | midi: gt=62 pred=63 ❌  | spn: gt=D4 pred=C6 ❌  | doremi: gt=re pred=sol ❌  | hz: gt=293.6648 pred=105.26 ❌
    [  35/1159]  D#4 sine  | midi: gt=63 pred=63 ✅  | spn: gt=D#4 pred=C6 ❌  | doremi: gt=re# pred=sol ❌  | hz: gt=311.127 pred=120.0 ❌
    [  36/1159]   E4 sine  | midi: gt=64 pred=63 ❌  | spn: gt=E4 pred=C6 ❌  | doremi: gt=mi pred=sol ❌  | hz: gt=329.6276 pred=120.0 ❌
    [  37/1159]   F4 sine  | midi: gt=65 pred=65 ✅  | spn: gt=F4 pred=C6 ❌  | doremi: gt=fa pred=sol ❌  | hz: gt=349.2282 pred=350.0 ✅
    [  38/1159]  F#4 sine  | midi: gt=66 pred=65 ❌  | spn: gt=F#4 pred=C6 ❌  | doremi: gt=fa# pred=sol ❌  | hz: gt=369.9944 pred=350.0 ❌
    [  39/1159]   G4 sine  | midi: gt=67 pred=63 ❌  | spn: gt=G4 pred=C6 ❌  | doremi: gt=sol pred=sol ✅  | hz: gt=391.9954 pred=1074.32 ❌
    [  40/1159]  G#4 sine  | midi: gt=68 pred=68 ✅  | spn: gt=G#4 pred=C6 ❌  | doremi: gt=sol# pred=sol ❌  | hz: gt=415.3047 pred=1050.0 ❌
    [  41/1159]   A4 sine  | midi: gt=69 pred=69 ✅  | spn: gt=A4 pred=A6 ❌  | doremi: gt=la pred=sol ❌  | hz: gt=440.0 pred=1050.0 ❌
    [  42/1159]  A#4 sine  | midi: gt=70 pred=68 ❌  | spn: gt=A#4 pred=C6 ❌  | doremi: gt=la# pred=sol ❌  | hz: gt=466.1638 pred=1056.27 ❌
    [  43/1159]   B4 sine  | midi: gt=71 pred=63 ❌  | spn: gt=B4 pred=C6 ❌  | doremi: gt=si pred=sol ❌  | hz: gt=493.8833 pred=1074.32 ❌
    [  44/1159]   C5 sine  | midi: gt=72 pred=63 ❌  | spn: gt=C5 pred=C6 ❌  | doremi: gt=do pred=sol ❌  | hz: gt=523.2511 pred=1073.64 ❌
    [  45/1159]  C#5 sine  | midi: gt=73 pred=68 ❌  | spn: gt=C#5 pred=C6 ❌  | doremi: gt=do# pred=sol ❌  | hz: gt=554.3653 pred=1074.32 ❌
    [  46/1159]   D5 sine  | midi: gt=74 pred=68 ❌  | spn: gt=D5 pred=C6 ❌  | doremi: gt=re pred=sol ❌  | hz: gt=587.3295 pred=1075.0 ❌
    [  47/1159]  D#5 sine  | midi: gt=75 pred=69 ❌  | spn: gt=D#5 pred=C6 ❌  | doremi: gt=re# pred=sol ❌  | hz: gt=622.254 pred=1050.0 ❌
    [  48/1159]   E5 sine  | midi: gt=76 pred=68 ❌  | spn: gt=E5 pred=C6 ❌  | doremi: gt=mi pred=sol ❌  | hz: gt=659.2551 pred=1050.0 ❌
    [  49/1159]   F5 sine  | midi: gt=77 pred=68 ❌  | spn: gt=F5 pred=C6 ❌  | doremi: gt=fa pred=sol ❌  | hz: gt=698.4565 pred=1050.0 ❌
    [  50/1159]  F#5 sine  | midi: gt=78 pred=68 ❌  | spn: gt=F#5 pred=C6 ❌  | doremi: gt=fa# pred=sol ❌  | hz: gt=739.9888 pred=1050.0 ❌
    [  51/1159]   G5 sine  | midi: gt=79 pred=68 ❌  | spn: gt=G5 pred=C6 ❌  | doremi: gt=sol pred=sol ✅  | hz: gt=783.9909 pred=1075.0 ❌
    [  52/1159]  G#5 sine  | midi: gt=80 pred=68 ❌  | spn: gt=G#5 pred=C6 ❌  | doremi: gt=sol# pred=sol ❌  | hz: gt=830.6094 pred=1052.63 ❌
    [  53/1159]   A5 sine  | midi: gt=81 pred=68 ❌  | spn: gt=A5 pred=C6 ❌  | doremi: gt=la pred=sol ❌  | hz: gt=880.0 pred=1050.0 ❌
    [  54/1159]  A#5 sine  | midi: gt=82 pred=68 ❌  | spn: gt=A#5 pred=C6 ❌  | doremi: gt=la# pred=sol ❌  | hz: gt=932.3275 pred=1075.0 ❌
    [  55/1159]   B5 sine  | midi: gt=83 pred=68 ❌  | spn: gt=B5 pred=C6 ❌  | doremi: gt=si pred=sol ❌  | hz: gt=987.7666 pred=1073.64 ❌
    [  56/1159]   C6 sine  | midi: gt=84 pred=68 ❌  | spn: gt=C6 pred=C6 ✅  | doremi: gt=do pred=sol ❌  | hz: gt=1046.5023 pred=1073.64 ❌
    [  57/1159]  C#6 sine  | midi: gt=85 pred=84 ❌  | spn: gt=C#6 pred=C6 ❌  | doremi: gt=do# pred=sol ❌  | hz: gt=1108.7305 pred=1073.64 ❌
    [  58/1159]   D6 sine  | midi: gt=86 pred=86 ✅  | spn: gt=D6 pred=C6 ❌  | doremi: gt=re pred=sol ❌  | hz: gt=1174.6591 pred=1075.0 ❌
    [  59/1159]  D#6 sine  | midi: gt=87 pred=85 ❌  | spn: gt=D#6 pred=C6 ❌  | doremi: gt=re# pred=sol ❌  | hz: gt=1244.5079 pred=1046.53 ❌
    [  60/1159]   E6 sine  | midi: gt=88 pred=86 ❌  | spn: gt=E6 pred=C6 ❌  | doremi: gt=mi pred=sol ❌  | hz: gt=1318.5102 pred=1046.53 ❌
    [  61/1159]   F6 sine  | midi: gt=89 pred=86 ❌  | spn: gt=F6 pred=C6 ❌  | doremi: gt=fa pred=sol ❌  | hz: gt=1396.9129 pred=1046.53 ❌
    [  62/1159]   F1 sawtooth  | midi: gt=29 pred=43 ❌  | spn: gt=F1 pred=C2 ❌  | doremi: gt=fa pred=fa# ❌  | hz: gt=43.6535 pred=107.86 ❌
    [  63/1159]  F#1 sawtooth  | midi: gt=30 pred=36 ❌  | spn: gt=F#1 pred=C2 ❌  | doremi: gt=fa# pred=fa# ✅  | hz: gt=46.2493 pred=1058.47 ❌
    [  64/1159]   G1 sawtooth  | midi: gt=31 pred=35 ❌  | spn: gt=G1 pred=C2 ❌  | doremi: gt=sol pred=fa# ❌  | hz: gt=48.9994 pred=1058.43 ❌
    [  65/1159]  G#1 sawtooth  | midi: gt=32 pred=35 ❌  | spn: gt=G#1 pred=F#2 ❌  | doremi: gt=sol# pred=fa# ❌  | hz: gt=51.9131 pred=150.0 ❌
    [  66/1159]   A1 sawtooth  | midi: gt=33 pred=34 ❌  | spn: gt=A1 pred=F#2 ❌  | doremi: gt=la pred=fa# ❌  | hz: gt=55.0 pred=150.0 ❌
    [  67/1159]  A#1 sawtooth  | midi: gt=34 pred=34 ✅  | spn: gt=A#1 pred=A2 ❌  | doremi: gt=la# pred=fa# ❌  | hz: gt=58.2705 pred=1058.43 ❌
    [  68/1159]   B1 sawtooth  | midi: gt=35 pred=35 ✅  | spn: gt=B1 pred=A#2 ❌  | doremi: gt=si pred=fa# ❌  | hz: gt=61.7354 pred=150.0 ❌
    [  69/1159]   C2 sawtooth  | midi: gt=36 pred=35 ❌  | spn: gt=C2 pred=A#2 ❌  | doremi: gt=do pred=fa# ❌  | hz: gt=65.4064 pred=1058.47 ❌
    [  70/1159]  C#2 sawtooth  | midi: gt=37 pred=35 ❌  | spn: gt=C#2 pred=C2 ❌  | doremi: gt=do# pred=fa# ❌  | hz: gt=69.2957 pred=480.0 ❌
    [  71/1159]   D2 sawtooth  | midi: gt=38 pred=35 ❌  | spn: gt=D2 pred=A#2 ❌  | doremi: gt=re pred=fa# ❌  | hz: gt=73.4162 pred=480.0 ❌
    [  72/1159]  D#2 sawtooth  | midi: gt=39 pred=38 ❌  | spn: gt=D#2 pred=A#2 ❌  | doremi: gt=re# pred=fa# ❌  | hz: gt=77.7817 pred=480.0 ❌
    [  73/1159]   E2 sawtooth  | midi: gt=40 pred=43 ❌  | spn: gt=E2 pred=A#2 ❌  | doremi: gt=mi pred=fa# ❌  | hz: gt=82.4069 pred=408.0 ❌
    [  74/1159]   F2 sawtooth  | midi: gt=41 pred=43 ❌  | spn: gt=F2 pred=F#2 ❌  | doremi: gt=fa pred=sol ❌  | hz: gt=87.3071 pred=4350.0 ❌
    [  75/1159]  F#2 sawtooth  | midi: gt=42 pred=43 ❌  | spn: gt=F#2 pred=F#2 ✅  | doremi: gt=fa# pred=fa# ✅  | hz: gt=92.4986 pred=4350.0 ❌
    [  76/1159]   G2 sawtooth  | midi: gt=43 pred=43 ✅  | spn: gt=G2 pred=F#2 ❌  | doremi: gt=sol pred=sol ✅  | hz: gt=97.9989 pred=450.0 ❌
    [  77/1159]  G#2 sawtooth  | midi: gt=44 pred=43 ❌  | spn: gt=G#2 pred=G#2 ✅  | doremi: gt=sol# pred=sol ❌  | hz: gt=103.8262 pred=450.0 ❌
    [  78/1159]  A#2 sawtooth  | midi: gt=46 pred=45 ❌  | spn: gt=A#2 pred=A4 ❌  | doremi: gt=la# pred=sol ❌  | hz: gt=116.5409 pred=450.0 ❌
    [  79/1159]   A2 sawtooth  | midi: gt=45 pred=45 ✅  | spn: gt=A2 pred=A4 ❌  | doremi: gt=la pred=la# ❌  | hz: gt=110.0 pred=450.0 ❌
    [  80/1159]   C3 sawtooth  | midi: gt=48 pred=48 ✅  | spn: gt=C3 pred=C6 ❌  | doremi: gt=do pred=fa# ❌  | hz: gt=130.8128 pred=450.0 ❌
    [  81/1159]   B2 sawtooth  | midi: gt=47 pred=45 ❌  | spn: gt=B2 pred=A#2 ❌  | doremi: gt=si pred=fa# ❌  | hz: gt=123.4708 pred=450.0 ❌
    [  82/1159]   D3 sawtooth  | midi: gt=50 pred=43 ❌  | spn: gt=D3 pred=F#2 ❌  | doremi: gt=re pred=sol ❌  | hz: gt=146.8324 pred=450.0 ❌
    [  83/1159]  C#3 sawtooth  | midi: gt=49 pred=43 ❌  | spn: gt=C#3 pred=C6 ❌  | doremi: gt=do# pred=fa# ❌  | hz: gt=138.5913 pred=450.0 ❌
    [  84/1159]  D#3 sawtooth  | midi: gt=51 pred=45 ❌  | spn: gt=D#3 pred=A4 ❌  | doremi: gt=re# pred=sol ❌  | hz: gt=155.5635 pred=450.0 ❌
    [  85/1159]   E3 sawtooth  | midi: gt=52 pred=43 ❌  | spn: gt=E3 pred=A4 ❌  | doremi: gt=mi pred=sol ❌  | hz: gt=164.8138 pred=1073.64 ❌
    [  86/1159]   F3 sawtooth  | midi: gt=53 pred=53 ✅  | spn: gt=F3 pred=F4 ❌  | doremi: gt=fa pred=sol ❌  | hz: gt=174.6141 pred=450.0 ❌
    [  87/1159]  F#3 sawtooth  | midi: gt=54 pred=54 ✅  | spn: gt=F#3 pred=F#2 ❌  | doremi: gt=fa# pred=sol ❌  | hz: gt=184.9972 pred=450.0 ❌
    [  88/1159]   G3 sawtooth  | midi: gt=55 pred=43 ❌  | spn: gt=G3 pred=F#2 ❌  | doremi: gt=sol pred=sol ✅  | hz: gt=195.9977 pred=450.0 ❌
    [  89/1159]  G#3 sawtooth  | midi: gt=56 pred=56 ✅  | spn: gt=G#3 pred=G6 ❌  | doremi: gt=sol# pred=sol ❌  | hz: gt=207.6523 pred=1073.64 ❌
    [  90/1159]   A3 sawtooth  | midi: gt=57 pred=45 ❌  | spn: gt=A3 pred=A4 ❌  | doremi: gt=la pred=sol ❌  | hz: gt=220.0 pred=1046.53 ❌
    [  91/1159]  A#3 sawtooth  | midi: gt=58 pred=45 ❌  | spn: gt=A#3 pred=A4 ❌  | doremi: gt=la# pred=sol ❌  | hz: gt=233.0819 pred=450.0 ❌
    [  92/1159]   B3 sawtooth  | midi: gt=59 pred=45 ❌  | spn: gt=B3 pred=F#2 ❌  | doremi: gt=si pred=sol ❌  | hz: gt=246.9417 pred=450.0 ❌
    [  93/1159]   C4 sawtooth  | midi: gt=60 pred=43 ❌  | spn: gt=C4 pred=F#2 ❌  | doremi: gt=do pred=sol ❌  | hz: gt=261.6256 pred=450.0 ❌
    [  94/1159]  C#4 sawtooth  | midi: gt=61 pred=63 ❌  | spn: gt=C#4 pred=C6 ❌  | doremi: gt=do# pred=sol ❌  | hz: gt=277.1826 pred=480.0 ❌
    [  95/1159]   D4 sawtooth  | midi: gt=62 pred=69 ❌  | spn: gt=D4 pred=D6 ❌  | doremi: gt=re pred=sol ❌  | hz: gt=293.6648 pred=450.0 ❌
    [  96/1159]  D#4 sawtooth  | midi: gt=63 pred=63 ✅  | spn: gt=D#4 pred=A6 ❌  | doremi: gt=re# pred=sol ❌  | hz: gt=311.127 pred=450.0 ❌
    [  97/1159]   E4 sawtooth  | midi: gt=64 pred=64 ✅  | spn: gt=E4 pred=A6 ❌  | doremi: gt=mi pred=sol ❌  | hz: gt=329.6276 pred=450.0 ❌
    [  98/1159]   F4 sawtooth  | midi: gt=65 pred=65 ✅  | spn: gt=F4 pred=F#6 ❌  | doremi: gt=fa pred=sol ❌  | hz: gt=349.2282 pred=450.0 ❌
    [  99/1159]  F#4 sawtooth  | midi: gt=66 pred=65 ❌  | spn: gt=F#4 pred=F#6 ❌  | doremi: gt=fa# pred=sol ❌  | hz: gt=369.9944 pred=1650.0 ❌
    [ 100/1159]   G4 sawtooth  | midi: gt=67 pred=63 ❌  | spn: gt=G4 pred=F#6 ❌  | doremi: gt=sol pred=sol ✅  | hz: gt=391.9954 pred=450.0 ❌
    [ 101/1159]  G#4 sawtooth  | midi: gt=68 pred=68 ✅  | spn: gt=G#4 pred=G6 ❌  | doremi: gt=sol# pred=sol ❌  | hz: gt=415.3047 pred=1666.67 ❌
    [ 102/1159]   A4 sawtooth  | midi: gt=69 pred=69 ✅  | spn: gt=A4 pred=A6 ❌  | doremi: gt=la pred=sol ❌  | hz: gt=440.0 pred=450.0 ❌
    [ 103/1159]  A#4 sawtooth  | midi: gt=70 pred=69 ❌  | spn: gt=A#4 pred=A6 ❌  | doremi: gt=la# pred=sol ❌  | hz: gt=466.1638 pred=450.0 ❌
    [ 104/1159]   B4 sawtooth  | midi: gt=71 pred=69 ❌  | spn: gt=B4 pred=A6 ❌  | doremi: gt=si pred=sol ❌  | hz: gt=493.8833 pred=450.0 ❌
    [ 105/1159]   C5 sawtooth  | midi: gt=72 pred=63 ❌  | spn: gt=C5 pred=C6 ❌  | doremi: gt=do pred=sol ❌  | hz: gt=523.2511 pred=450.0 ❌
    [ 106/1159]  C#5 sawtooth  | midi: gt=73 pred=68 ❌  | spn: gt=C#5 pred=C6 ❌  | doremi: gt=do# pred=sol ❌  | hz: gt=554.3653 pred=480.0 ❌
    [ 107/1159]   D5 sawtooth  | midi: gt=74 pred=69 ❌  | spn: gt=D5 pred=D6 ❌  | doremi: gt=re pred=sol ❌  | hz: gt=587.3295 pred=450.0 ❌
    [ 108/1159]  D#5 sawtooth  | midi: gt=75 pred=69 ❌  | spn: gt=D#5 pred=A6 ❌  | doremi: gt=re# pred=sol ❌  | hz: gt=622.254 pred=450.0 ❌
    [ 109/1159]   F5 sawtooth  | midi: gt=77 pred=65 ❌  | spn: gt=F5 pred=F#6 ❌  | doremi: gt=fa pred=sol ❌  | hz: gt=698.4565 pred=450.0 ❌
    [ 110/1159]   E5 sawtooth  | midi: gt=76 pred=69 ❌  | spn: gt=E5 pred=A6 ❌  | doremi: gt=mi pred=sol ❌  | hz: gt=659.2551 pred=1073.645829 ❌
    [ 111/1159]  F#5 sawtooth  | midi: gt=78 pred=65 ❌  | spn: gt=F#5 pred=F#6 ❌  | doremi: gt=fa# pred=sol ❌  | hz: gt=739.9888 pred=450.0 ❌
    [ 112/1159]   G5 sawtooth  | midi: gt=79 pred=69 ❌  | spn: gt=G5 pred=A6 ❌  | doremi: gt=sol pred=sol ✅  | hz: gt=783.9909 pred=1073.64 ❌
    [ 113/1159]  G#5 sawtooth  | midi: gt=80 pred=68 ❌  | spn: gt=G#5 pred=G6 ❌  | doremi: gt=sol# pred=sol# ✅  | hz: gt=830.6094 pred=1800.0 ❌
    [ 114/1159]   A5 sawtooth  | midi: gt=81 pred=69 ❌  | spn: gt=A5 pred=A6 ❌  | doremi: gt=la pred=sol ❌  | hz: gt=880.0 pred=1046.53 ❌
    [ 115/1159]  A#5 sawtooth  | midi: gt=82 pred=69 ❌  | spn: gt=A#5 pred=A6 ❌  | doremi: gt=la# pred=sol# ❌  | hz: gt=932.3275 pred=1046.53 ❌
    [ 116/1159]   B5 sawtooth  | midi: gt=83 pred=63 ❌  | spn: gt=B5 pred=F#6 ❌  | doremi: gt=si pred=sol# ❌  | hz: gt=987.7666 pred=1304.57 ❌
    [ 117/1159]   C6 sawtooth  | midi: gt=84 pred=65 ❌  | spn: gt=C6 pred=D6 ❌  | doremi: gt=do pred=sol ❌  | hz: gt=1046.5023 pred=1046.53 ✅
    [ 118/1159]  C#6 sawtooth  | midi: gt=85 pred=63 ❌  | spn: gt=C#6 pred=D6 ❌  | doremi: gt=do# pred=sol ❌  | hz: gt=1108.7305 pred=1058.43 ❌
    [ 119/1159]   D6 sawtooth  | midi: gt=86 pred=69 ❌  | spn: gt=D6 pred=A6 ❌  | doremi: gt=re pred=sol ❌  | hz: gt=1174.6591 pred=1046.53 ❌
    [ 120/1159]  D#6 sawtooth  | midi: gt=87 pred=53 ❌  | spn: gt=D#6 pred=F#6 ❌  | doremi: gt=re# pred=sol# ❌  | hz: gt=1244.5079 pred=1500.0 ❌
    [ 121/1159]   E6 sawtooth  | midi: gt=88 pred=65 ❌  | spn: gt=E6 pred=F#6 ❌  | doremi: gt=mi pred=sol# ❌  | hz: gt=1318.5102 pred=1058.43 ❌
    [ 122/1159]   F6 sawtooth  | midi: gt=89 pred=65 ❌  | spn: gt=F6 pred=F#6 ❌  | doremi: gt=fa pred=sol# ❌  | hz: gt=1396.9129 pred=1058.47 ❌
    [ 123/1159]   F1 square  | midi: gt=29 pred=35 ❌  | spn: gt=F1 pred=B2 ❌  | doremi: gt=fa pred=sol ❌  | hz: gt=43.6535 pred=250.0 ❌
    [ 124/1159]  F#1 square  | midi: gt=30 pred=34 ❌  | spn: gt=F#1 pred=B2 ❌  | doremi: gt=fa# pred=sol ❌  | hz: gt=46.2493 pred=1052.63 ❌
    [ 125/1159]   G1 square  | midi: gt=31 pred=43 ❌  | spn: gt=G1 pred=A#2 ❌  | doremi: gt=sol pred=fa# ❌  | hz: gt=48.9994 pred=1058.43 ❌
    [ 126/1159]  G#1 square  | midi: gt=32 pred=35 ❌  | spn: gt=G#1 pred=A#2 ❌  | doremi: gt=sol# pred=fa# ❌  | hz: gt=51.9131 pred=480.0 ❌
    [ 127/1159]   A1 square  | midi: gt=33 pred=43 ❌  | spn: gt=A1 pred=A#2 ❌  | doremi: gt=la pred=fa# ❌  | hz: gt=55.0 pred=150.0 ❌
    [ 128/1159]  A#1 square  | midi: gt=34 pred=35 ❌  | spn: gt=A#1 pred=A#2 ❌  | doremi: gt=la# pred=sol ❌  | hz: gt=58.2705 pred=1058.47 ❌
    [ 129/1159]   B1 square  | midi: gt=35 pred=35 ✅  | spn: gt=B1 pred=A#2 ❌  | doremi: gt=si pred=fa# ❌  | hz: gt=61.7354 pred=150.0 ❌
    [ 130/1159]   C2 square  | midi: gt=36 pred=35 ❌  | spn: gt=C2 pred=A#2 ❌  | doremi: gt=do pred=fa# ❌  | hz: gt=65.4064 pred=150.0 ❌
    [ 131/1159]  C#2 square  | midi: gt=37 pred=43 ❌  | spn: gt=C#2 pred=A#2 ❌  | doremi: gt=do# pred=fa# ❌  | hz: gt=69.2957 pred=450.0 ❌
    [ 132/1159]   D2 square  | midi: gt=38 pred=43 ❌  | spn: gt=D2 pred=A#2 ❌  | doremi: gt=re pred=fa# ❌  | hz: gt=73.4162 pred=450.0 ❌
    [ 133/1159]  D#2 square  | midi: gt=39 pred=43 ❌  | spn: gt=D#2 pred=A#2 ❌  | doremi: gt=re# pred=fa# ❌  | hz: gt=77.7817 pred=450.0 ❌
    [ 134/1159]   E2 square  | midi: gt=40 pred=43 ❌  | spn: gt=E2 pred=F#2 ❌  | doremi: gt=mi pred=fa# ❌  | hz: gt=82.4069 pred=450.0 ❌
    [ 135/1159]   F2 square  | midi: gt=41 pred=43 ❌  | spn: gt=F2 pred=F#2 ❌  | doremi: gt=fa pred=fa# ❌  | hz: gt=87.3071 pred=450.0 ❌
    [ 136/1159]  F#2 square  | midi: gt=42 pred=43 ❌  | spn: gt=F#2 pred=F#2 ✅  | doremi: gt=fa# pred=fa# ✅  | hz: gt=92.4986 pred=450.0 ❌
    [ 137/1159]   G2 square  | midi: gt=43 pred=43 ✅  | spn: gt=G2 pred=F#2 ❌  | doremi: gt=sol pred=sol ✅  | hz: gt=97.9989 pred=450.0 ❌
    [ 138/1159]  G#2 square  | midi: gt=44 pred=43 ❌  | spn: gt=G#2 pred=F#2 ❌  | doremi: gt=sol# pred=sol ❌  | hz: gt=103.8262 pred=1075.83 ❌
    [ 139/1159]   A2 square  | midi: gt=45 pred=45 ✅  | spn: gt=A2 pred=A4 ❌  | doremi: gt=la pred=sol ❌  | hz: gt=110.0 pred=450.0 ❌
    [ 140/1159]  A#2 square  | midi: gt=46 pred=45 ❌  | spn: gt=A#2 pred=A4 ❌  | doremi: gt=la# pred=sol ❌  | hz: gt=116.5409 pred=450.0 ❌
    [ 141/1159]   B2 square  | midi: gt=47 pred=45 ❌  | spn: gt=B2 pred=A4 ❌  | doremi: gt=si pred=sol ❌  | hz: gt=123.4708 pred=1046.53 ❌
    [ 142/1159]   C3 square  | midi: gt=48 pred=45 ❌  | spn: gt=C3 pred=F#2 ❌  | doremi: gt=do pred=sol ❌  | hz: gt=130.8128 pred=1046.53 ❌
    [ 143/1159]  C#3 square  | midi: gt=49 pred=43 ❌  | spn: gt=C#3 pred=A#6 ❌  | doremi: gt=do# pred=sol ❌  | hz: gt=138.5913 pred=450.0 ❌
    [ 144/1159]   D3 square  | midi: gt=50 pred=43 ❌  | spn: gt=D3 pred=C6 ❌  | doremi: gt=re pred=sol ❌  | hz: gt=146.8324 pred=450.0 ❌
    [ 145/1159]  D#3 square  | midi: gt=51 pred=45 ❌  | spn: gt=D#3 pred=B4 ❌  | doremi: gt=re# pred=sol ❌  | hz: gt=155.5635 pred=450.0 ❌
    [ 146/1159]   E3 square  | midi: gt=52 pred=53 ❌  | spn: gt=E3 pred=F#2 ❌  | doremi: gt=mi pred=sol ❌  | hz: gt=164.8138 pred=1073.64 ❌
    [ 147/1159]   F3 square  | midi: gt=53 pred=43 ❌  | spn: gt=F3 pred=F#2 ❌  | doremi: gt=fa pred=sol ❌  | hz: gt=174.6141 pred=1058.43 ❌
    [ 148/1159]  F#3 square  | midi: gt=54 pred=54 ✅  | spn: gt=F#3 pred=F#2 ❌  | doremi: gt=fa# pred=sol ❌  | hz: gt=184.9972 pred=450.0 ❌
    [ 149/1159]   G3 square  | midi: gt=55 pred=43 ❌  | spn: gt=G3 pred=F#2 ❌  | doremi: gt=sol pred=sol ✅  | hz: gt=195.9977 pred=450.0 ❌
    [ 150/1159]   A3 square  | midi: gt=57 pred=58 ❌  | spn: gt=A3 pred=A6 ❌  | doremi: gt=la pred=sol ❌  | hz: gt=220.0 pred=450.0 ❌
    [ 151/1159]  G#3 square  | midi: gt=56 pred=56 ✅  | spn: gt=G#3 pred=G6 ❌  | doremi: gt=sol# pred=sol ❌  | hz: gt=207.6523 pred=1075.83 ❌
    [ 152/1159]  A#3 square  | midi: gt=58 pred=58 ✅  | spn: gt=A#3 pred=A6 ❌  | doremi: gt=la# pred=sol ❌  | hz: gt=233.0819 pred=450.0 ❌
    [ 153/1159]   B3 square  | midi: gt=59 pred=59 ✅  | spn: gt=B3 pred=A#2 ❌  | doremi: gt=si pred=sol ❌  | hz: gt=246.9417 pred=450.0 ❌
    [ 154/1159]   C4 square  | midi: gt=60 pred=63 ❌  | spn: gt=C4 pred=C6 ❌  | doremi: gt=do pred=sol ❌  | hz: gt=261.6256 pred=480.0 ❌
    [ 155/1159]  C#4 square  | midi: gt=61 pred=63 ❌  | spn: gt=C#4 pred=C6 ❌  | doremi: gt=do# pred=sol ❌  | hz: gt=277.1826 pred=480.0 ❌
    [ 156/1159]   D4 square  | midi: gt=62 pred=63 ❌  | spn: gt=D4 pred=D6 ❌  | doremi: gt=re pred=sol ❌  | hz: gt=293.6648 pred=450.0 ❌
    [ 157/1159]  D#4 square  | midi: gt=63 pred=63 ✅  | spn: gt=D#4 pred=D6 ❌  | doremi: gt=re# pred=sol ❌  | hz: gt=311.127 pred=450.0 ❌
    [ 158/1159]   F4 square  | midi: gt=65 pred=63 ❌  | spn: gt=F4 pred=F#6 ❌  | doremi: gt=fa pred=sol ❌  | hz: gt=349.2282 pred=150.0 ❌
    [ 159/1159]   E4 square  | midi: gt=64 pred=63 ❌  | spn: gt=E4 pred=A6 ❌  | doremi: gt=mi pred=sol ❌  | hz: gt=329.6276 pred=1073.64 ❌
    [ 160/1159]  F#4 square  | midi: gt=66 pred=65 ❌  | spn: gt=F#4 pred=F#6 ❌  | doremi: gt=fa# pred=sol ❌  | hz: gt=369.9944 pred=450.0 ❌
    [ 161/1159]   G4 square  | midi: gt=67 pred=65 ❌  | spn: gt=G4 pred=F#6 ❌  | doremi: gt=sol pred=sol ✅  | hz: gt=391.9954 pred=450.0 ❌
    [ 162/1159]   A4 square  | midi: gt=69 pred=69 ✅  | spn: gt=A4 pred=A6 ❌  | doremi: gt=la pred=sol ❌  | hz: gt=440.0 pred=1058.37 ❌
    [ 163/1159]  G#4 square  | midi: gt=68 pred=68 ✅  | spn: gt=G#4 pred=F#6 ❌  | doremi: gt=sol# pred=sol ❌  | hz: gt=415.3047 pred=1073.645829 ❌
    [ 164/1159]  A#4 square  | midi: gt=70 pred=69 ❌  | spn: gt=A#4 pred=A6 ❌  | doremi: gt=la# pred=sol ❌  | hz: gt=466.1638 pred=1058.37 ❌
    [ 165/1159]   B4 square  | midi: gt=71 pred=69 ❌  | spn: gt=B4 pred=A6 ❌  | doremi: gt=si pred=sol ❌  | hz: gt=493.8833 pred=1073.64582 ❌
    [ 166/1159]  C#5 square  | midi: gt=73 pred=63 ❌  | spn: gt=C#5 pred=C6 ❌  | doremi: gt=do# pred=sol ❌  | hz: gt=554.3653 pred=450.0 ❌
    [ 167/1159]   C5 square  | midi: gt=72 pred=63 ❌  | spn: gt=C5 pred=C6 ❌  | doremi: gt=do pred=sol ❌  | hz: gt=523.2511 pred=1058.43 ❌
    [ 168/1159]   D5 square  | midi: gt=74 pred=69 ❌  | spn: gt=D5 pred=A6 ❌  | doremi: gt=re pred=sol ❌  | hz: gt=587.3295 pred=1046.53 ❌
    [ 169/1159]  D#5 square  | midi: gt=75 pred=69 ❌  | spn: gt=D#5 pred=F6 ❌  | doremi: gt=re# pred=sol ❌  | hz: gt=622.254 pred=1073.645829 ❌
    [ 170/1159]   E5 square  | midi: gt=76 pred=63 ❌  | spn: gt=E5 pred=F6 ❌  | doremi: gt=mi pred=sol ❌  | hz: gt=659.2551 pred=1073.64582 ❌
    [ 171/1159]   F5 square  | midi: gt=77 pred=65 ❌  | spn: gt=F5 pred=F#6 ❌  | doremi: gt=fa pred=sol ❌  | hz: gt=698.4565 pred=1046.53 ❌
    [ 172/1159]  F#5 square  | midi: gt=78 pred=68 ❌  | spn: gt=F#5 pred=F6 ❌  | doremi: gt=fa# pred=sol ❌  | hz: gt=739.9888 pred=1073.645829 ❌
    [ 173/1159]   G5 square  | midi: gt=79 pred=68 ❌  | spn: gt=G5 pred=F#6 ❌  | doremi: gt=sol pred=sol# ❌  | hz: gt=783.9909 pred=1074.625 ❌
    [ 174/1159]  G#5 square  | midi: gt=80 pred=68 ❌  | spn: gt=G#5 pred=G6 ❌  | doremi: gt=sol# pred=sol# ✅  | hz: gt=830.6094 pred=1600.0 ❌
    [ 175/1159]   A5 square  | midi: gt=81 pred=69 ❌  | spn: gt=A5 pred=C6 ❌  | doremi: gt=la pred=sol# ❌  | hz: gt=880.0 pred=1075.83 ❌
    [ 176/1159]  A#5 square  | midi: gt=82 pred=69 ❌  | spn: gt=A#5 pred=A6 ❌  | doremi: gt=la# pred=sol ❌  | hz: gt=932.3275 pred=1058.43 ❌
    [ 177/1159]   B5 square  | midi: gt=83 pred=63 ❌  | spn: gt=B5 pred=F#6 ❌  | doremi: gt=si pred=sol ❌  | hz: gt=987.7666 pred=1250.0 ❌
    [ 178/1159]   C6 square  | midi: gt=84 pred=69 ❌  | spn: gt=C6 pred=A6 ❌  | doremi: gt=do pred=sol ❌  | hz: gt=1046.5023 pred=1058.43 ❌
    [ 179/1159]  C#6 square  | midi: gt=85 pred=68 ❌  | spn: gt=C#6 pred=A6 ❌  | doremi: gt=do# pred=sol# ❌  | hz: gt=1108.7305 pred=1058.43 ❌
    [ 180/1159]   D6 square  | midi: gt=86 pred=65 ❌  | spn: gt=D6 pred=F#6 ❌  | doremi: gt=re pred=sol ❌  | hz: gt=1174.6591 pred=1046.53 ❌
    [ 181/1159]  D#6 square  | midi: gt=87 pred=63 ❌  | spn: gt=D#6 pred=F#6 ❌  | doremi: gt=re# pred=sol# ❌  | hz: gt=1244.5079 pred=1058.47 ❌
    [ 182/1159]   E6 square  | midi: gt=88 pred=65 ❌  | spn: gt=E6 pred=F#6 ❌  | doremi: gt=mi pred=sol ❌  | hz: gt=1318.5102 pred=1073.64 ❌
    [ 183/1159]   F6 square  | midi: gt=89 pred=69 ❌  | spn: gt=F6 pred=C6 ❌  | doremi: gt=fa pred=sol ❌  | hz: gt=1396.9129 pred=1073.64 ❌
    [ 184/1159]   F1 triangle  | midi: gt=29 pred=35 ❌  | spn: gt=F1 pred=C2 ❌  | doremi: gt=fa pred=fa# ❌  | hz: gt=43.6535 pred=261.63 ❌
    [ 185/1159]  F#1 triangle  | midi: gt=30 pred=34 ❌  | spn: gt=F#1 pred=C2 ❌  | doremi: gt=fa# pred=fa# ✅  | hz: gt=46.2493 pred=150.0 ❌
    [ 186/1159]   G1 triangle  | midi: gt=31 pred=35 ❌  | spn: gt=G1 pred=C2 ❌  | doremi: gt=sol pred=fa# ❌  | hz: gt=48.9994 pred=150.0 ❌
    [ 187/1159]  G#1 triangle  | midi: gt=32 pred=35 ❌  | spn: gt=G#1 pred=C2 ❌  | doremi: gt=sol# pred=fa# ❌  | hz: gt=51.9131 pred=150.0 ❌
    [ 188/1159]   A1 triangle  | midi: gt=33 pred=35 ❌  | spn: gt=A1 pred=C2 ❌  | doremi: gt=la pred=fa# ❌  | hz: gt=55.0 pred=150.0 ❌
    [ 189/1159]  A#1 triangle  | midi: gt=34 pred=35 ❌  | spn: gt=A#1 pred=C2 ❌  | doremi: gt=la# pred=fa# ❌  | hz: gt=58.2705 pred=105.26 ❌
    [ 190/1159]   B1 triangle  | midi: gt=35 pred=35 ✅  | spn: gt=B1 pred=C2 ❌  | doremi: gt=si pred=fa# ❌  | hz: gt=61.7354 pred=150.0 ❌
    [ 191/1159]   C2 triangle  | midi: gt=36 pred=35 ❌  | spn: gt=C2 pred=C2 ✅  | doremi: gt=do pred=fa# ❌  | hz: gt=65.4064 pred=150.0 ❌
    [ 192/1159]  C#2 triangle  | midi: gt=37 pred=35 ❌  | spn: gt=C#2 pred=C2 ❌  | doremi: gt=do# pred=fa# ❌  | hz: gt=69.2957 pred=105.26 ❌
    [ 193/1159]   D2 triangle  | midi: gt=38 pred=35 ❌  | spn: gt=D2 pred=F#2 ❌  | doremi: gt=re pred=fa# ❌  | hz: gt=73.4162 pred=4350.0 ❌
    [ 194/1159]  D#2 triangle  | midi: gt=39 pred=43 ❌  | spn: gt=D#2 pred=C4 ❌  | doremi: gt=re# pred=sol ❌  | hz: gt=77.7817 pred=480.0 ❌
    [ 195/1159]   E2 triangle  | midi: gt=40 pred=43 ❌  | spn: gt=E2 pred=C4 ❌  | doremi: gt=mi pred=sol ❌  | hz: gt=82.4069 pred=480.0 ❌
    [ 196/1159]   F2 triangle  | midi: gt=41 pred=43 ❌  | spn: gt=F2 pred=C4 ❌  | doremi: gt=fa pred=sol ❌  | hz: gt=87.3071 pred=150.0 ❌
    [ 197/1159]  F#2 triangle  | midi: gt=42 pred=43 ❌  | spn: gt=F#2 pred=F#2 ✅  | doremi: gt=fa# pred=fa# ✅  | hz: gt=92.4986 pred=None ❌
    [ 198/1159]   G2 triangle  | midi: gt=43 pred=43 ✅  | spn: gt=G2 pred=C4 ❌  | doremi: gt=sol pred=sol ✅  | hz: gt=97.9989 pred=435.0 ❌
    [ 199/1159]  G#2 triangle  | midi: gt=44 pred=43 ❌  | spn: gt=G#2 pred=G6 ❌  | doremi: gt=sol# pred=fa# ❌  | hz: gt=103.8262 pred=450.0 ❌
    [ 200/1159]   A2 triangle  | midi: gt=45 pred=45 ✅  | spn: gt=A2 pred=A2 ✅  | doremi: gt=la pred=fa# ❌  | hz: gt=110.0 pred=435.0 ❌
    [ 201/1159]  A#2 triangle  | midi: gt=46 pred=45 ❌  | spn: gt=A#2 pred=A4 ❌  | doremi: gt=la# pred=sol ❌  | hz: gt=116.5409 pred=450.0 ❌
    [ 202/1159]   B2 triangle  | midi: gt=47 pred=45 ❌  | spn: gt=B2 pred=A2 ❌  | doremi: gt=si pred=fa# ❌  | hz: gt=123.4708 pred=450.0 ❌
    [ 203/1159]   C3 triangle  | midi: gt=48 pred=48 ✅  | spn: gt=C3 pred=C6 ❌  | doremi: gt=do pred=sol ❌  | hz: gt=130.8128 pred=435.0 ❌
    [ 204/1159]  C#3 triangle  | midi: gt=49 pred=48 ❌  | spn: gt=C#3 pred=C6 ❌  | doremi: gt=do# pred=sol ❌  | hz: gt=138.5913 pred=480.0 ❌
    [ 205/1159]   D3 triangle  | midi: gt=50 pred=63 ❌  | spn: gt=D3 pred=C6 ❌  | doremi: gt=re pred=sol ❌  | hz: gt=146.8324 pred=480.0 ❌
    [ 206/1159]  D#3 triangle  | midi: gt=51 pred=58 ❌  | spn: gt=D#3 pred=C6 ❌  | doremi: gt=re# pred=sol ❌  | hz: gt=155.5635 pred=480.0 ❌
    [ 207/1159]   E3 triangle  | midi: gt=52 pred=63 ❌  | spn: gt=E3 pred=C6 ❌  | doremi: gt=mi pred=sol ❌  | hz: gt=164.8138 pred=480.0 ❌
    [ 208/1159]   F3 triangle  | midi: gt=53 pred=54 ❌  | spn: gt=F3 pred=C6 ❌  | doremi: gt=fa pred=sol ❌  | hz: gt=174.6141 pred=150.0 ❌
    [ 209/1159]  F#3 triangle  | midi: gt=54 pred=63 ❌  | spn: gt=F#3 pred=F#3 ✅  | doremi: gt=fa# pred=sol ❌  | hz: gt=184.9972 pred=450.0 ❌
    [ 210/1159]   G3 triangle  | midi: gt=55 pred=63 ❌  | spn: gt=G3 pred=C6 ❌  | doremi: gt=sol pred=sol ✅  | hz: gt=195.9977 pred=450.0 ❌
    [ 211/1159]  G#3 triangle  | midi: gt=56 pred=68 ❌  | spn: gt=G#3 pred=C6 ❌  | doremi: gt=sol# pred=sol ❌  | hz: gt=207.6523 pred=450.0 ❌
    [ 212/1159]   A3 triangle  | midi: gt=57 pred=68 ❌  | spn: gt=A3 pred=A6 ❌  | doremi: gt=la pred=sol ❌  | hz: gt=220.0 pred=450.0 ❌
    [ 213/1159]  A#3 triangle  | midi: gt=58 pred=69 ❌  | spn: gt=A#3 pred=A6 ❌  | doremi: gt=la# pred=sol ❌  | hz: gt=233.0819 pred=450.0 ❌
    [ 214/1159]   B3 triangle  | midi: gt=59 pred=63 ❌  | spn: gt=B3 pred=A#6 ❌  | doremi: gt=si pred=sol ❌  | hz: gt=246.9417 pred=480.0 ❌
    [ 215/1159]   C4 triangle  | midi: gt=60 pred=63 ❌  | spn: gt=C4 pred=C6 ❌  | doremi: gt=do pred=sol ❌  | hz: gt=261.6256 pred=480.0 ❌
    [ 216/1159]  C#4 triangle  | midi: gt=61 pred=63 ❌  | spn: gt=C#4 pred=C6 ❌  | doremi: gt=do# pred=sol ❌  | hz: gt=277.1826 pred=480.0 ❌
    [ 217/1159]   D4 triangle  | midi: gt=62 pred=63 ❌  | spn: gt=D4 pred=D6 ❌  | doremi: gt=re pred=sol ❌  | hz: gt=293.6648 pred=6250.0 ❌
    [ 218/1159]  D#4 triangle  | midi: gt=63 pred=63 ✅  | spn: gt=D#4 pred=D6 ❌  | doremi: gt=re# pred=sol ❌  | hz: gt=311.127 pred=6250.0 ❌
    [ 219/1159]   E4 triangle  | midi: gt=64 pred=63 ❌  | spn: gt=E4 pred=C6 ❌  | doremi: gt=mi pred=sol ❌  | hz: gt=329.6276 pred=150.0 ❌
    [ 220/1159]   F4 triangle  | midi: gt=65 pred=65 ✅  | spn: gt=F4 pred=E6 ❌  | doremi: gt=fa pred=sol ❌  | hz: gt=349.2282 pred=450.0 ❌
    [ 221/1159]  F#4 triangle  | midi: gt=66 pred=65 ❌  | spn: gt=F#4 pred=F#6 ❌  | doremi: gt=fa# pred=sol ❌  | hz: gt=369.9944 pred=480.0 ❌
    [ 222/1159]   G4 triangle  | midi: gt=67 pred=68 ❌  | spn: gt=G4 pred=C6 ❌  | doremi: gt=sol pred=sol ✅  | hz: gt=391.9954 pred=480.0 ❌
    [ 223/1159]  G#4 triangle  | midi: gt=68 pred=68 ✅  | spn: gt=G#4 pred=C6 ❌  | doremi: gt=sol# pred=sol ❌  | hz: gt=415.3047 pred=1054.87 ❌
    [ 224/1159]   A4 triangle  | midi: gt=69 pred=69 ✅  | spn: gt=A4 pred=A6 ❌  | doremi: gt=la pred=sol ❌  | hz: gt=440.0 pred=450.0 ❌
    [ 225/1159]  A#4 triangle  | midi: gt=70 pred=69 ❌  | spn: gt=A#4 pred=C6 ❌  | doremi: gt=la# pred=fa# ❌  | hz: gt=466.1638 pred=1054.87 ❌
    [ 226/1159]   B4 triangle  | midi: gt=71 pred=68 ❌  | spn: gt=B4 pred=C6 ❌  | doremi: gt=si pred=sol ❌  | hz: gt=493.8833 pred=1075.83 ❌
    [ 227/1159]   C5 triangle  | midi: gt=72 pred=63 ❌  | spn: gt=C5 pred=C6 ❌  | doremi: gt=do pred=sol ❌  | hz: gt=523.2511 pred=480.0 ❌
    [ 228/1159]  C#5 triangle  | midi: gt=73 pred=68 ❌  | spn: gt=C#5 pred=C6 ❌  | doremi: gt=do# pred=sol ❌  | hz: gt=554.3653 pred=480.0 ❌
    [ 229/1159]   D5 triangle  | midi: gt=74 pred=68 ❌  | spn: gt=D5 pred=C6 ❌  | doremi: gt=re pred=sol ❌  | hz: gt=587.3295 pred=480.0 ❌
    [ 230/1159]  D#5 triangle  | midi: gt=75 pred=69 ❌  | spn: gt=D#5 pred=D6 ❌  | doremi: gt=re# pred=sol ❌  | hz: gt=622.254 pred=650.0 ❌
    [ 231/1159]   E5 triangle  | midi: gt=76 pred=63 ❌  | spn: gt=E5 pred=C6 ❌  | doremi: gt=mi pred=sol ❌  | hz: gt=659.2551 pred=450.0 ❌
    [ 232/1159]   F5 triangle  | midi: gt=77 pred=68 ❌  | spn: gt=F5 pred=F#6 ❌  | doremi: gt=fa pred=sol ❌  | hz: gt=698.4565 pred=450.0 ❌
    [ 233/1159]  F#5 triangle  | midi: gt=78 pred=68 ❌  | spn: gt=F#5 pred=C6 ❌  | doremi: gt=fa# pred=sol ❌  | hz: gt=739.9888 pred=1058.37 ❌
    [ 234/1159]   G5 triangle  | midi: gt=79 pred=68 ❌  | spn: gt=G5 pred=C6 ❌  | doremi: gt=sol pred=sol ✅  | hz: gt=783.9909 pred=1058.43 ❌
    [ 235/1159]  G#5 triangle  | midi: gt=80 pred=68 ❌  | spn: gt=G#5 pred=G6 ❌  | doremi: gt=sol# pred=sol ❌  | hz: gt=830.6094 pred=450.0 ❌
    [ 236/1159]   A5 triangle  | midi: gt=81 pred=69 ❌  | spn: gt=A5 pred=A6 ❌  | doremi: gt=la pred=sol ❌  | hz: gt=880.0 pred=450.0 ❌
    [ 237/1159]  A#5 triangle  | midi: gt=82 pred=69 ❌  | spn: gt=A#5 pred=A7 ❌  | doremi: gt=la# pred=sol ❌  | hz: gt=932.3275 pred=450.0 ❌
    [ 238/1159]   B5 triangle  | midi: gt=83 pred=68 ❌  | spn: gt=B5 pred=C6 ❌  | doremi: gt=si pred=sol ❌  | hz: gt=987.7666 pred=1046.53 ❌
    [ 239/1159]   C6 triangle  | midi: gt=84 pred=68 ❌  | spn: gt=C6 pred=C6 ✅  | doremi: gt=do pred=sol ❌  | hz: gt=1046.5023 pred=480.0 ❌
    [ 240/1159]  C#6 triangle  | midi: gt=85 pred=68 ❌  | spn: gt=C#6 pred=C6 ❌  | doremi: gt=do# pred=sol ❌  | hz: gt=1108.7305 pred=480.0 ❌
    [ 241/1159]   D6 triangle  | midi: gt=86 pred=68 ❌  | spn: gt=D6 pred=C6 ❌  | doremi: gt=re pred=sol ❌  | hz: gt=1174.6591 pred=450.0 ❌
    [ 242/1159]  D#6 triangle  | midi: gt=87 pred=63 ❌  | spn: gt=D#6 pred=D6 ❌  | doremi: gt=re# pred=sol# ❌  | hz: gt=1244.5079 pred=408.0 ❌
    [ 243/1159]   E6 triangle  | midi: gt=88 pred=86 ❌  | spn: gt=E6 pred=C6 ❌  | doremi: gt=mi pred=sol ❌  | hz: gt=1318.5102 pred=1200.0 ❌
    [ 244/1159]   F6 triangle  | midi: gt=89 pred=68 ❌  | spn: gt=F6 pred=C6 ❌  | doremi: gt=fa pred=sol ❌  | hz: gt=1396.9129 pred=480.0 ❌
    [ 245/1159]   F1 piano  | midi: gt=29 pred=36 ❌  | spn: gt=F1 pred=C4 ❌  | doremi: gt=fa pred=sol ❌  | hz: gt=43.6535 pred=329.68 ❌
    [ 246/1159]  F#1 piano  | midi: gt=30 pred=36 ❌  | spn: gt=F#1 pred=F#2 ❌  | doremi: gt=fa# pred=sol# ❌  | hz: gt=46.2493 pred=4350.0 ❌
    [ 247/1159]   G1 piano  | midi: gt=31 pred=36 ❌  | spn: gt=G1 pred=C4 ❌  | doremi: gt=sol pred=sol ✅  | hz: gt=48.9994 pred=3150.0 ❌
    [ 248/1159]  G#1 piano  | midi: gt=32 pred=36 ❌  | spn: gt=G#1 pred=C4 ❌  | doremi: gt=sol# pred=sol ❌  | hz: gt=51.9131 pred=3150.0 ❌
    [ 249/1159]   A1 piano  | midi: gt=33 pred=35 ❌  | spn: gt=A1 pred=A#2 ❌  | doremi: gt=la pred=fa# ❌  | hz: gt=55.0 pred=3150.0 ❌
    [ 250/1159]  A#1 piano  | midi: gt=34 pred=35 ❌  | spn: gt=A#1 pred=C4 ❌  | doremi: gt=la# pred=fa# ❌  | hz: gt=58.2705 pred=340.0 ❌
    [ 251/1159]   B1 piano  | midi: gt=35 pred=35 ✅  | spn: gt=B1 pred=C4 ❌  | doremi: gt=si pred=sol ❌  | hz: gt=61.7354 pred=340.0 ❌
    [ 252/1159]   C2 piano  | midi: gt=36 pred=35 ❌  | spn: gt=C2 pred=C4 ❌  | doremi: gt=do pred=sol ❌  | hz: gt=65.4064 pred=1054.87 ❌
    [ 253/1159]  C#2 piano  | midi: gt=37 pred=43 ❌  | spn: gt=C#2 pred=C6 ❌  | doremi: gt=do# pred=sol ❌  | hz: gt=69.2957 pred=1058.47 ❌
    [ 254/1159]  D#2 piano  | midi: gt=39 pred=38 ❌  | spn: gt=D#2 pred=C4 ❌  | doremi: gt=re# pred=sol# ❌  | hz: gt=77.7817 pred=3840.0 ❌
    [ 255/1159]   D2 piano  | midi: gt=38 pred=43 ❌  | spn: gt=D2 pred=C4 ❌  | doremi: gt=re pred=fa# ❌  | hz: gt=73.4162 pred=1058.47 ❌
    [ 256/1159]   E2 piano  | midi: gt=40 pred=39 ❌  | spn: gt=E2 pred=C4 ❌  | doremi: gt=mi pred=sol# ❌  | hz: gt=82.4069 pred=405.0 ❌
    [ 257/1159]   F2 piano  | midi: gt=41 pred=43 ❌  | spn: gt=F2 pred=F#2 ❌  | doremi: gt=fa pred=sol# ❌  | hz: gt=87.3071 pred=4150.0 ❌
    [ 258/1159]  F#2 piano  | midi: gt=42 pred=43 ❌  | spn: gt=F#2 pred=F#2 ✅  | doremi: gt=fa# pred=sol ❌  | hz: gt=92.4986 pred=420.0 ❌
    [ 259/1159]   G2 piano  | midi: gt=43 pred=43 ✅  | spn: gt=G2 pred=C4 ❌  | doremi: gt=sol pred=sol ✅  | hz: gt=97.9989 pred=435.0 ❌
    [ 260/1159]  G#2 piano  | midi: gt=44 pred=43 ❌  | spn: gt=G#2 pred=C4 ❌  | doremi: gt=sol# pred=sol ❌  | hz: gt=103.8262 pred=435.0 ❌
    [ 261/1159]   A2 piano  | midi: gt=45 pred=45 ✅  | spn: gt=A2 pred=None ❌  | doremi: gt=la pred=sol ❌  | hz: gt=110.0 pred=450.0 ❌
    [ 262/1159]  A#2 piano  | midi: gt=46 pred=45 ❌  | spn: gt=A#2 pred=None ❌  | doremi: gt=la# pred=fa# ❌  | hz: gt=116.5409 pred=450.0 ❌
    [ 263/1159]   B2 piano  | midi: gt=47 pred=46 ❌  | spn: gt=B2 pred=A#4 ❌  | doremi: gt=si pred=sol ❌  | hz: gt=123.4708 pred=460.0 ❌
    [ 264/1159]   C3 piano  | midi: gt=48 pred=48 ✅  | spn: gt=C3 pred=C4 ❌  | doremi: gt=do pred=sol ❌  | hz: gt=130.8128 pred=480.0 ❌
    [ 265/1159]  C#3 piano  | midi: gt=49 pred=49 ✅  | spn: gt=C#3 pred=C4 ❌  | doremi: gt=do# pred=re ❌  | hz: gt=138.5913 pred=480.0 ❌
    [ 266/1159]   D3 piano  | midi: gt=50 pred=50 ✅  | spn: gt=D3 pred=D4 ❌  | doremi: gt=re pred=sol ❌  | hz: gt=146.8324 pred=493.88 ❌
    [ 267/1159]  D#3 piano  | midi: gt=51 pred=51 ✅  | spn: gt=D#3 pred=D4 ❌  | doremi: gt=re# pred=sol# ❌  | hz: gt=155.5635 pred=493.88 ❌
    [ 268/1159]   E3 piano  | midi: gt=52 pred=52 ✅  | spn: gt=E3 pred=E4 ❌  | doremi: gt=mi pred=mi ✅  | hz: gt=164.8138 pred=403.0 ❌
    [ 269/1159]   F3 piano  | midi: gt=53 pred=53 ✅  | spn: gt=F3 pred=F#3 ❌  | doremi: gt=fa pred=mi ❌  | hz: gt=174.6141 pred=420.0 ❌
    [ 270/1159]  F#3 piano  | midi: gt=54 pred=54 ✅  | spn: gt=F#3 pred=C4 ❌  | doremi: gt=fa# pred=fa# ✅  | hz: gt=184.9972 pred=435.0 ❌
    [ 271/1159]   G3 piano  | midi: gt=55 pred=56 ❌  | spn: gt=G3 pred=C4 ❌  | doremi: gt=sol pred=sol ✅  | hz: gt=195.9977 pred=435.0 ❌
    [ 272/1159]  G#3 piano  | midi: gt=56 pred=56 ✅  | spn: gt=G#3 pred=C6 ❌  | doremi: gt=sol# pred=sol# ✅  | hz: gt=207.6523 pred=450.0 ❌
    [ 273/1159]   A3 piano  | midi: gt=57 pred=58 ❌  | spn: gt=A3 pred=A4 ❌  | doremi: gt=la pred=sol ❌  | hz: gt=220.0 pred=450.0 ❌
    [ 274/1159]  A#3 piano  | midi: gt=58 pred=58 ✅  | spn: gt=A#3 pred=None ❌  | doremi: gt=la# pred=fa# ❌  | hz: gt=233.0819 pred=450.0 ❌
    [ 275/1159]   B3 piano  | midi: gt=59 pred=59 ✅  | spn: gt=B3 pred=A#6 ❌  | doremi: gt=si pred=fa# ❌  | hz: gt=246.9417 pred=480.0 ❌
    [ 276/1159]   C4 piano  | midi: gt=60 pred=48 ❌  | spn: gt=C4 pred=C6 ❌  | doremi: gt=do pred=sol ❌  | hz: gt=261.6256 pred=480.0 ❌
    [ 277/1159]  C#4 piano  | midi: gt=61 pred=48 ❌  | spn: gt=C#4 pred=C6 ❌  | doremi: gt=do# pred=sol# ❌  | hz: gt=277.1826 pred=480.0 ❌
    [ 278/1159]  D#4 piano  | midi: gt=63 pred=63 ✅  | spn: gt=D#4 pred=C6 ❌  | doremi: gt=re# pred=sol# ❌  | hz: gt=311.127 pred=50.0 ❌
    [ 279/1159]   D4 piano  | midi: gt=62 pred=63 ❌  | spn: gt=D4 pred=C6 ❌  | doremi: gt=re pred=sol ❌  | hz: gt=293.6648 pred=493.88 ❌
    [ 280/1159]   E4 piano  | midi: gt=64 pred=53 ❌  | spn: gt=E4 pred=A#6 ❌  | doremi: gt=mi pred=sol ❌  | hz: gt=329.6276 pred=3605.0 ❌
    [ 281/1159]   F4 piano  | midi: gt=65 pred=63 ❌  | spn: gt=F4 pred=F#2 ❌  | doremi: gt=fa pred=sol ❌  | hz: gt=349.2282 pred=480.0 ❌
    [ 282/1159]   G4 piano  | midi: gt=67 pred=43 ❌  | spn: gt=G4 pred=F#2 ❌  | doremi: gt=sol pred=sol ✅  | hz: gt=391.9954 pred=450.0 ❌
    [ 283/1159]  F#4 piano  | midi: gt=66 pred=63 ❌  | spn: gt=F#4 pred=A#6 ❌  | doremi: gt=fa# pred=sol# ❌  | hz: gt=369.9944 pred=4350.0 ❌
    [ 284/1159]  G#4 piano  | midi: gt=68 pred=68 ✅  | spn: gt=G#4 pred=A#6 ❌  | doremi: gt=sol# pred=fa# ❌  | hz: gt=415.3047 pred=450.0 ❌
    [ 285/1159]   A4 piano  | midi: gt=69 pred=69 ✅  | spn: gt=A4 pred=None ❌  | doremi: gt=la pred=fa# ❌  | hz: gt=440.0 pred=450.0 ❌
    [ 286/1159]   B4 piano  | midi: gt=71 pred=68 ❌  | spn: gt=B4 pred=A#6 ❌  | doremi: gt=si pred=sol# ❌  | hz: gt=493.8833 pred=480.0 ❌
    [ 287/1159]  A#4 piano  | midi: gt=70 pred=69 ❌  | spn: gt=A#4 pred=None ❌  | doremi: gt=la# pred=fa# ❌  | hz: gt=466.1638 pred=450.0 ❌
    [ 288/1159]   C5 piano  | midi: gt=72 pred=68 ❌  | spn: gt=C5 pred=C6 ❌  | doremi: gt=do pred=sol ❌  | hz: gt=523.2511 pred=4800.0 ❌
    [ 289/1159]  C#5 piano  | midi: gt=73 pred=68 ❌  | spn: gt=C#5 pred=A#6 ❌  | doremi: gt=do# pred=fa# ❌  | hz: gt=554.3653 pred=480.0 ❌
    [ 290/1159]  D#5 piano  | midi: gt=75 pred=63 ❌  | spn: gt=D#5 pred=C6 ❌  | doremi: gt=re# pred=sol# ❌  | hz: gt=622.254 pred=70.0 ❌
    [ 291/1159]   D5 piano  | midi: gt=74 pred=68 ❌  | spn: gt=D5 pred=A#6 ❌  | doremi: gt=re pred=sol# ❌  | hz: gt=587.3295 pred=6705.83 ❌
    [ 292/1159]   E5 piano  | midi: gt=76 pred=68 ❌  | spn: gt=E5 pred=C6 ❌  | doremi: gt=mi pred=sol# ❌  | hz: gt=659.2551 pred=70.0 ❌
    [ 293/1159]   F5 piano  | midi: gt=77 pred=68 ❌  | spn: gt=F5 pred=F7 ❌  | doremi: gt=fa pred=sol# ❌  | hz: gt=698.4565 pred=701.0 ✅
    [ 294/1159]  F#5 piano  | midi: gt=78 pred=68 ❌  | spn: gt=F#5 pred=B6 ❌  | doremi: gt=fa# pred=sol# ❌  | hz: gt=739.9888 pred=780.0 ❌
    [ 295/1159]   G5 piano  | midi: gt=79 pred=79 ✅  | spn: gt=G5 pred=G7 ❌  | doremi: gt=sol pred=sol# ❌  | hz: gt=783.9909 pred=795.0 ❌
    [ 296/1159]  G#5 piano  | midi: gt=80 pred=83 ❌  | spn: gt=G#5 pred=C6 ❌  | doremi: gt=sol# pred=sol# ✅  | hz: gt=830.6094 pred=840.0 ❌
    [ 297/1159]   A5 piano  | midi: gt=81 pred=83 ❌  | spn: gt=A5 pred=A7 ❌  | doremi: gt=la pred=sol# ❌  | hz: gt=880.0 pred=8100.0 ❌
    [ 298/1159]  A#5 piano  | midi: gt=82 pred=83 ❌  | spn: gt=A#5 pred=B6 ❌  | doremi: gt=la# pred=sol# ❌  | hz: gt=932.3275 pred=8250.0 ❌
    [ 299/1159]   B5 piano  | midi: gt=83 pred=83 ✅  | spn: gt=B5 pred=C6 ❌  | doremi: gt=si pred=sol# ❌  | hz: gt=987.7666 pred=8250.0 ❌
    [ 300/1159]  C#6 piano  | midi: gt=85 pred=84 ❌  | spn: gt=C#6 pred=C6 ❌  | doremi: gt=do# pred=sol# ❌  | hz: gt=1108.7305 pred=840.0 ❌
    [ 301/1159]   C6 piano  | midi: gt=84 pred=84 ✅  | spn: gt=C6 pred=C6 ✅  | doremi: gt=do pred=sol ❌  | hz: gt=1046.5023 pred=1034.52 ❌
    [ 302/1159]   D6 piano  | midi: gt=86 pred=86 ✅  | spn: gt=D6 pred=C6 ❌  | doremi: gt=re pred=sol ❌  | hz: gt=1174.6591 pred=840.0 ❌
    [ 303/1159]  D#6 piano  | midi: gt=87 pred=86 ❌  | spn: gt=D#6 pred=C6 ❌  | doremi: gt=re# pred=sol# ❌  | hz: gt=1244.5079 pred=8250.0 ❌
    [ 304/1159]   E6 piano  | midi: gt=88 pred=83 ❌  | spn: gt=E6 pred=C6 ❌  | doremi: gt=mi pred=sol ❌  | hz: gt=1318.5102 pred=1050.0 ❌
    [ 305/1159]   F6 piano  | midi: gt=89 pred=83 ❌  | spn: gt=F6 pred=C6 ❌  | doremi: gt=fa pred=sol ❌  | hz: gt=1396.9129 pred=1034.52 ❌
    [ 306/1159]   F1 electric_keyboard  | midi: gt=29 pred=34 ❌  | spn: gt=F1 pred=A2 ❌  | doremi: gt=fa pred=fa# ❌  | hz: gt=43.6535 pred=30.0 ❌
    [ 307/1159]  F#1 electric_keyboard  | midi: gt=30 pred=34 ❌  | spn: gt=F#1 pred=F2 ❌  | doremi: gt=fa# pred=fa# ✅  | hz: gt=46.2493 pred=32.0 ❌
    [ 308/1159]   G1 electric_keyboard  | midi: gt=31 pred=34 ❌  | spn: gt=G1 pred=F2 ❌  | doremi: gt=sol pred=fa# ❌  | hz: gt=48.9994 pred=32.0 ❌
    [ 309/1159]  G#1 electric_keyboard  | midi: gt=32 pred=34 ❌  | spn: gt=G#1 pred=F2 ❌  | doremi: gt=sol# pred=fa# ❌  | hz: gt=51.9131 pred=32.0 ❌
    [ 310/1159]   A1 electric_keyboard  | midi: gt=33 pred=35 ❌  | spn: gt=A1 pred=A#2 ❌  | doremi: gt=la pred=fa# ❌  | hz: gt=55.0 pred=32.0 ❌
    [ 311/1159]  A#1 electric_keyboard  | midi: gt=34 pred=35 ❌  | spn: gt=A#1 pred=C2 ❌  | doremi: gt=la# pred=fa# ❌  | hz: gt=58.2705 pred=35.98 ❌
    [ 312/1159]   B1 electric_keyboard  | midi: gt=35 pred=36 ❌  | spn: gt=B1 pred=C2 ❌  | doremi: gt=si pred=fa# ❌  | hz: gt=61.7354 pred=35.98 ❌
    [ 313/1159]   C2 electric_keyboard  | midi: gt=36 pred=36 ✅  | spn: gt=C2 pred=C2 ✅  | doremi: gt=do pred=fa# ❌  | hz: gt=65.4064 pred=36.0 ❌
    [ 314/1159]  C#2 electric_keyboard  | midi: gt=37 pred=36 ❌  | spn: gt=C#2 pred=C2 ❌  | doremi: gt=do# pred=fa# ❌  | hz: gt=69.2957 pred=25.0 ❌
    [ 315/1159]   D2 electric_keyboard  | midi: gt=38 pred=36 ❌  | spn: gt=D2 pred=C2 ❌  | doremi: gt=re pred=re ✅  | hz: gt=73.4162 pred=35.0 ❌
    [ 316/1159]   E2 electric_keyboard  | midi: gt=40 pred=39 ❌  | spn: gt=E2 pred=D4 ❌  | doremi: gt=mi pred=re ❌  | hz: gt=82.4069 pred=40.0 ❌
    [ 317/1159]  D#2 electric_keyboard  | midi: gt=39 pred=38 ❌  | spn: gt=D#2 pred=C4 ❌  | doremi: gt=re# pred=re ❌  | hz: gt=77.7817 pred=36.58 ❌
    [ 318/1159]   F2 electric_keyboard  | midi: gt=41 pred=41 ✅  | spn: gt=F2 pred=C4 ❌  | doremi: gt=fa pred=mi ❌  | hz: gt=87.3071 pred=4200.0 ❌
    [ 319/1159]  F#2 electric_keyboard  | midi: gt=42 pred=43 ❌  | spn: gt=F#2 pred=F#2 ✅  | doremi: gt=fa# pred=fa# ✅  | hz: gt=92.4986 pred=4350.0 ❌
    [ 320/1159]   G2 electric_keyboard  | midi: gt=43 pred=43 ✅  | spn: gt=G2 pred=G2 ✅  | doremi: gt=sol pred=sol ✅  | hz: gt=97.9989 pred=435.0 ❌
    [ 321/1159]  G#2 electric_keyboard  | midi: gt=44 pred=43 ❌  | spn: gt=G#2 pred=G4 ❌  | doremi: gt=sol# pred=fa# ❌  | hz: gt=103.8262 pred=450.0 ❌
    [ 322/1159]   A2 electric_keyboard  | midi: gt=45 pred=45 ✅  | spn: gt=A2 pred=A4 ❌  | doremi: gt=la pred=re ❌  | hz: gt=110.0 pred=453.08 ❌
    [ 323/1159]  A#2 electric_keyboard  | midi: gt=46 pred=46 ✅  | spn: gt=A#2 pred=A#4 ❌  | doremi: gt=la# pred=re ❌  | hz: gt=116.5409 pred=463.05 ❌
    [ 324/1159]   B2 electric_keyboard  | midi: gt=47 pred=48 ❌  | spn: gt=B2 pred=A#2 ❌  | doremi: gt=si pred=re ❌  | hz: gt=123.4708 pred=475.0 ❌
    [ 325/1159]   C3 electric_keyboard  | midi: gt=48 pred=48 ✅  | spn: gt=C3 pred=C4 ❌  | doremi: gt=do pred=sol ❌  | hz: gt=130.8128 pred=483.0 ❌
    [ 326/1159]  C#3 electric_keyboard  | midi: gt=49 pred=49 ✅  | spn: gt=C#3 pred=C4 ❌  | doremi: gt=do# pred=fa# ❌  | hz: gt=138.5913 pred=49.0 ❌
    [ 327/1159]   D3 electric_keyboard  | midi: gt=50 pred=50 ✅  | spn: gt=D3 pred=D4 ❌  | doremi: gt=re pred=la ❌  | hz: gt=146.8324 pred=50.0 ❌
    [ 328/1159]  D#3 electric_keyboard  | midi: gt=51 pred=51 ✅  | spn: gt=D#3 pred=C4 ❌  | doremi: gt=re# pred=mi ❌  | hz: gt=155.5635 pred=510.0 ❌
    [ 329/1159]   E3 electric_keyboard  | midi: gt=52 pred=52 ✅  | spn: gt=E3 pred=C4 ❌  | doremi: gt=mi pred=mi ✅  | hz: gt=164.8138 pred=521.0 ❌
    [ 330/1159]   F3 electric_keyboard  | midi: gt=53 pred=53 ✅  | spn: gt=F3 pred=C4 ❌  | doremi: gt=fa pred=mi ❌  | hz: gt=174.6141 pred=53.0 ❌
    [ 331/1159]  F#3 electric_keyboard  | midi: gt=54 pred=54 ✅  | spn: gt=F#3 pred=C4 ❌  | doremi: gt=fa# pred=mi ❌  | hz: gt=184.9972 pred=54.0 ❌
    [ 332/1159]   G3 electric_keyboard  | midi: gt=55 pred=55 ✅  | spn: gt=G3 pred=C4 ❌  | doremi: gt=sol pred=sol ✅  | hz: gt=195.9977 pred=56.0 ❌
    [ 333/1159]  G#3 electric_keyboard  | midi: gt=56 pred=56 ✅  | spn: gt=G#3 pred=C4 ❌  | doremi: gt=sol# pred=sol ❌  | hz: gt=207.6523 pred=56.0 ❌
    [ 334/1159]   A3 electric_keyboard  | midi: gt=57 pred=57 ✅  | spn: gt=A3 pred=A4 ❌  | doremi: gt=la pred=mi ❌  | hz: gt=220.0 pred=5760.0 ❌
    [ 335/1159]  A#3 electric_keyboard  | midi: gt=58 pred=58 ✅  | spn: gt=A#3 pred=A#5 ❌  | doremi: gt=la# pred=fa# ❌  | hz: gt=233.0819 pred=580.0 ❌
    [ 336/1159]   B3 electric_keyboard  | midi: gt=59 pred=59 ✅  | spn: gt=B3 pred=B4 ❌  | doremi: gt=si pred=mi ❌  | hz: gt=246.9417 pred=5940.0 ❌
    [ 337/1159]   C4 electric_keyboard  | midi: gt=60 pred=60 ✅  | spn: gt=C4 pred=C4 ✅  | doremi: gt=do pred=sol ❌  | hz: gt=261.6256 pred=50.0 ❌
    [ 338/1159]  C#4 electric_keyboard  | midi: gt=61 pred=61 ✅  | spn: gt=C#4 pred=C6 ❌  | doremi: gt=do# pred=sol ❌  | hz: gt=277.1826 pred=61.0 ❌
    [ 339/1159]   D4 electric_keyboard  | midi: gt=62 pred=62 ✅  | spn: gt=D4 pred=D6 ❌  | doremi: gt=re pred=sol ❌  | hz: gt=293.6648 pred=6250.0 ❌
    [ 340/1159]  D#4 electric_keyboard  | midi: gt=63 pred=63 ✅  | spn: gt=D#4 pred=C6 ❌  | doremi: gt=re# pred=sol ❌  | hz: gt=311.127 pred=63.0 ❌
    [ 341/1159]   E4 electric_keyboard  | midi: gt=64 pred=64 ✅  | spn: gt=E4 pred=C6 ❌  | doremi: gt=mi pred=fa# ❌  | hz: gt=329.6276 pred=64.0 ❌
    [ 342/1159]   F4 electric_keyboard  | midi: gt=65 pred=65 ✅  | spn: gt=F4 pred=C6 ❌  | doremi: gt=fa pred=fa# ❌  | hz: gt=349.2282 pred=65.0 ❌
    [ 343/1159]  F#4 electric_keyboard  | midi: gt=66 pred=65 ❌  | spn: gt=F#4 pred=C6 ❌  | doremi: gt=fa# pred=mi ❌  | hz: gt=369.9944 pred=659.31 ❌
    [ 344/1159]   G4 electric_keyboard  | midi: gt=67 pred=67 ✅  | spn: gt=G4 pred=G6 ❌  | doremi: gt=sol pred=fa# ❌  | hz: gt=391.9954 pred=6750.0 ❌
    [ 345/1159]  G#4 electric_keyboard  | midi: gt=68 pred=68 ✅  | spn: gt=G#4 pred=C6 ❌  | doremi: gt=sol# pred=fa# ❌  | hz: gt=415.3047 pred=68.0 ❌
    [ 346/1159]   A4 electric_keyboard  | midi: gt=69 pred=69 ✅  | spn: gt=A4 pred=None ❌  | doremi: gt=la pred=mi ❌  | hz: gt=440.0 pred=695.0 ❌
    [ 347/1159]  A#4 electric_keyboard  | midi: gt=70 pred=69 ❌  | spn: gt=A#4 pred=A#6 ❌  | doremi: gt=la# pred=fa# ❌  | hz: gt=466.1638 pred=701.52 ❌
    [ 348/1159]   B4 electric_keyboard  | midi: gt=71 pred=71 ✅  | spn: gt=B4 pred=A#6 ❌  | doremi: gt=si pred=fa# ❌  | hz: gt=493.8833 pred=7105.36 ❌
    [ 349/1159]   C5 electric_keyboard  | midi: gt=72 pred=72 ✅  | spn: gt=C5 pred=C6 ❌  | doremi: gt=do pred=fa# ❌  | hz: gt=523.2511 pred=720.0 ❌
    [ 350/1159]  C#5 electric_keyboard  | midi: gt=73 pred=73 ✅  | spn: gt=C#5 pred=C6 ❌  | doremi: gt=do# pred=fa# ❌  | hz: gt=554.3653 pred=730.0 ❌
    [ 351/1159]   D5 electric_keyboard  | midi: gt=74 pred=69 ❌  | spn: gt=D5 pred=B6 ❌  | doremi: gt=re pred=mi ❌  | hz: gt=587.3295 pred=701.45 ❌
    [ 352/1159]  D#5 electric_keyboard  | midi: gt=75 pred=75 ✅  | spn: gt=D#5 pred=C7 ❌  | doremi: gt=re# pred=sol# ❌  | hz: gt=622.254 pred=750.0 ❌
    [ 353/1159]   E5 electric_keyboard  | midi: gt=76 pred=76 ✅  | spn: gt=E5 pred=B7 ❌  | doremi: gt=mi pred=fa# ❌  | hz: gt=659.2551 pred=7680.0 ❌
    [ 354/1159]   F5 electric_keyboard  | midi: gt=77 pred=76 ❌  | spn: gt=F5 pred=C7 ❌  | doremi: gt=fa pred=sol ❌  | hz: gt=698.4565 pred=701.25 ✅
    [ 355/1159]  F#5 electric_keyboard  | midi: gt=78 pred=78 ✅  | spn: gt=F#5 pred=C6 ❌  | doremi: gt=fa# pred=sol# ❌  | hz: gt=739.9888 pred=784.0 ❌
    [ 356/1159]   G5 electric_keyboard  | midi: gt=79 pred=67 ❌  | spn: gt=G5 pred=C6 ❌  | doremi: gt=sol pred=sol ✅  | hz: gt=783.9909 pred=793.68 ❌
    [ 357/1159]  G#5 electric_keyboard  | midi: gt=80 pred=80 ✅  | spn: gt=G#5 pred=G6 ❌  | doremi: gt=sol# pred=sol# ✅  | hz: gt=830.6094 pred=1024.0 ❌
    [ 358/1159]   A5 electric_keyboard  | midi: gt=81 pred=81 ✅  | spn: gt=A5 pred=A7 ❌  | doremi: gt=la pred=sol ❌  | hz: gt=880.0 pred=8125.0 ❌
    [ 359/1159]  A#5 electric_keyboard  | midi: gt=82 pred=82 ✅  | spn: gt=A#5 pred=A7 ❌  | doremi: gt=la# pred=fa# ❌  | hz: gt=932.3275 pred=8250.0 ❌
    [ 360/1159]   B5 electric_keyboard  | midi: gt=83 pred=83 ✅  | spn: gt=B5 pred=B7 ❌  | doremi: gt=si pred=fa# ❌  | hz: gt=987.7666 pred=830.61 ❌
    [ 361/1159]   C6 electric_keyboard  | midi: gt=84 pred=84 ✅  | spn: gt=C6 pred=C6 ✅  | doremi: gt=do pred=sol ❌  | hz: gt=1046.5023 pred=840.0 ❌
    [ 362/1159]  C#6 electric_keyboard  | midi: gt=85 pred=85 ✅  | spn: gt=C#6 pred=C6 ❌  | doremi: gt=do# pred=sol# ❌  | hz: gt=1108.7305 pred=8450.0 ❌
    [ 363/1159]   D6 electric_keyboard  | midi: gt=86 pred=86 ✅  | spn: gt=D6 pred=C8 ❌  | doremi: gt=re pred=sol# ❌  | hz: gt=1174.6591 pred=8640.0 ❌
    [ 364/1159]  D#6 electric_keyboard  | midi: gt=87 pred=87 ✅  | spn: gt=D#6 pred=C8 ❌  | doremi: gt=re# pred=sol# ❌  | hz: gt=1244.5079 pred=8640.0 ❌
    [ 365/1159]   E6 electric_keyboard  | midi: gt=88 pred=88 ✅  | spn: gt=E6 pred=B8 ❌  | doremi: gt=mi pred=sol ❌  | hz: gt=1318.5102 pred=830.41 ❌
    [ 366/1159]   F6 electric_keyboard  | midi: gt=89 pred=89 ✅  | spn: gt=F6 pred=C8 ❌  | doremi: gt=fa pred=sol# ❌  | hz: gt=1396.9129 pred=8250.0 ❌
    [ 367/1159]   F1 guitar  | midi: gt=29 pred=43 ❌  | spn: gt=F1 pred=A#2 ❌  | doremi: gt=fa pred=fa# ❌  | hz: gt=43.6535 pred=450.0 ❌
    [ 368/1159]  F#1 guitar  | midi: gt=30 pred=43 ❌  | spn: gt=F#1 pred=A#2 ❌  | doremi: gt=fa# pred=sol ❌  | hz: gt=46.2493 pred=450.0 ❌
    [ 369/1159]   G1 guitar  | midi: gt=31 pred=43 ❌  | spn: gt=G1 pred=F4 ❌  | doremi: gt=sol pred=sol ✅  | hz: gt=48.9994 pred=450.0 ❌
    [ 370/1159]   A1 guitar  | midi: gt=33 pred=45 ❌  | spn: gt=A1 pred=A2 ❌  | doremi: gt=la pred=fa# ❌  | hz: gt=55.0 pred=450.0 ❌
    [ 371/1159]  G#1 guitar  | midi: gt=32 pred=43 ❌  | spn: gt=G#1 pred=A2 ❌  | doremi: gt=sol# pred=fa# ❌  | hz: gt=51.9131 pred=450.0 ❌
    [ 372/1159]  A#1 guitar  | midi: gt=34 pred=48 ❌  | spn: gt=A#1 pred=A#2 ❌  | doremi: gt=la# pred=sol ❌  | hz: gt=58.2705 pred=45.0 ❌
    [ 373/1159]   B1 guitar  | midi: gt=35 pred=48 ❌  | spn: gt=B1 pred=A#2 ❌  | doremi: gt=si pred=sol ❌  | hz: gt=61.7354 pred=45.0 ❌
    [ 374/1159]   C2 guitar  | midi: gt=36 pred=48 ❌  | spn: gt=C2 pred=C4 ❌  | doremi: gt=do pred=sol ❌  | hz: gt=65.4064 pred=48.0 ❌
    [ 375/1159]  C#2 guitar  | midi: gt=37 pred=49 ❌  | spn: gt=C#2 pred=C4 ❌  | doremi: gt=do# pred=sol ❌  | hz: gt=69.2957 pred=48.0 ❌
    [ 376/1159]   D2 guitar  | midi: gt=38 pred=49 ❌  | spn: gt=D2 pred=D4 ❌  | doremi: gt=re pred=sol ❌  | hz: gt=73.4162 pred=450.0 ❌
    [ 377/1159]  D#2 guitar  | midi: gt=39 pred=49 ❌  | spn: gt=D#2 pred=D4 ❌  | doremi: gt=re# pred=sol ❌  | hz: gt=77.7817 pred=49.0 ❌
    [ 378/1159]   E2 guitar  | midi: gt=40 pred=53 ❌  | spn: gt=E2 pred=C4 ❌  | doremi: gt=mi pred=sol ❌  | hz: gt=82.4069 pred=480.0 ❌
    [ 379/1159]   F2 guitar  | midi: gt=41 pred=48 ❌  | spn: gt=F2 pred=F#2 ❌  | doremi: gt=fa pred=sol ❌  | hz: gt=87.3071 pred=450.0 ❌
    [ 380/1159]  F#2 guitar  | midi: gt=42 pred=48 ❌  | spn: gt=F#2 pred=F#2 ✅  | doremi: gt=fa# pred=sol ❌  | hz: gt=92.4986 pred=450.0 ❌
    [ 381/1159]   G2 guitar  | midi: gt=43 pred=48 ❌  | spn: gt=G2 pred=G4 ❌  | doremi: gt=sol pred=sol ✅  | hz: gt=97.9989 pred=450.0 ❌
    [ 382/1159]  G#2 guitar  | midi: gt=44 pred=48 ❌  | spn: gt=G#2 pred=G4 ❌  | doremi: gt=sol# pred=re ❌  | hz: gt=103.8262 pred=450.0 ❌
    [ 383/1159]   A2 guitar  | midi: gt=45 pred=58 ❌  | spn: gt=A2 pred=A2 ✅  | doremi: gt=la pred=sol ❌  | hz: gt=110.0 pred=450.0 ❌
    [ 384/1159]   B2 guitar  | midi: gt=47 pred=46 ❌  | spn: gt=B2 pred=B4 ❌  | doremi: gt=si pred=re ❌  | hz: gt=123.4708 pred=450.0 ❌
    [ 385/1159]  A#2 guitar  | midi: gt=46 pred=58 ❌  | spn: gt=A#2 pred=None ❌  | doremi: gt=la# pred=re ❌  | hz: gt=116.5409 pred=450.0 ❌
    [ 386/1159]   C3 guitar  | midi: gt=48 pred=48 ✅  | spn: gt=C3 pred=C4 ❌  | doremi: gt=do pred=sol ❌  | hz: gt=130.8128 pred=480.0 ❌
    [ 387/1159]  C#3 guitar  | midi: gt=49 pred=49 ✅  | spn: gt=C#3 pred=C4 ❌  | doremi: gt=do# pred=re ❌  | hz: gt=138.5913 pred=493.88 ❌
    [ 388/1159]   D3 guitar  | midi: gt=50 pred=50 ✅  | spn: gt=D3 pred=D4 ❌  | doremi: gt=re pred=mi ❌  | hz: gt=146.8324 pred=504.0 ❌
    [ 389/1159]  D#3 guitar  | midi: gt=51 pred=51 ✅  | spn: gt=D#3 pred=D4 ❌  | doremi: gt=re# pred=mi ❌  | hz: gt=155.5635 pred=512.0 ❌
    [ 390/1159]   E3 guitar  | midi: gt=52 pred=52 ✅  | spn: gt=E3 pred=C4 ❌  | doremi: gt=mi pred=mi ✅  | hz: gt=164.8138 pred=521.0 ❌
    [ 391/1159]   F3 guitar  | midi: gt=53 pred=53 ✅  | spn: gt=F3 pred=C4 ❌  | doremi: gt=fa pred=mi ❌  | hz: gt=174.6141 pred=532.0 ❌
    [ 392/1159]  F#3 guitar  | midi: gt=54 pred=54 ✅  | spn: gt=F#3 pred=F#4 ❌  | doremi: gt=fa# pred=mi ❌  | hz: gt=184.9972 pred=420.0 ❌
    [ 393/1159]   G3 guitar  | midi: gt=55 pred=56 ❌  | spn: gt=G3 pred=G4 ❌  | doremi: gt=sol pred=sol ✅  | hz: gt=195.9977 pred=435.0 ❌
    [ 394/1159]  G#3 guitar  | midi: gt=56 pred=56 ✅  | spn: gt=G#3 pred=G4 ❌  | doremi: gt=sol# pred=sol ❌  | hz: gt=207.6523 pred=450.0 ❌
    [ 395/1159]   A3 guitar  | midi: gt=57 pred=58 ❌  | spn: gt=A3 pred=A4 ❌  | doremi: gt=la pred=sol ❌  | hz: gt=220.0 pred=450.0 ❌
    [ 396/1159]  A#3 guitar  | midi: gt=58 pred=58 ✅  | spn: gt=A#3 pred=A#6 ❌  | doremi: gt=la# pred=sol ❌  | hz: gt=233.0819 pred=450.0 ❌
    [ 397/1159]   B3 guitar  | midi: gt=59 pred=59 ✅  | spn: gt=B3 pred=A#6 ❌  | doremi: gt=si pred=sol ❌  | hz: gt=246.9417 pred=450.0 ❌
    [ 398/1159]   C4 guitar  | midi: gt=60 pred=64 ❌  | spn: gt=C4 pred=C6 ❌  | doremi: gt=do pred=sol ❌  | hz: gt=261.6256 pred=480.0 ❌
    [ 399/1159]  C#4 guitar  | midi: gt=61 pred=63 ❌  | spn: gt=C#4 pred=C6 ❌  | doremi: gt=do# pred=sol ❌  | hz: gt=277.1826 pred=480.0 ❌
    [ 400/1159]   D4 guitar  | midi: gt=62 pred=62 ✅  | spn: gt=D4 pred=D6 ❌  | doremi: gt=re pred=la ❌  | hz: gt=293.6648 pred=504.0 ❌
    [ 401/1159]  D#4 guitar  | midi: gt=63 pred=63 ✅  | spn: gt=D#4 pred=C6 ❌  | doremi: gt=re# pred=fa# ❌  | hz: gt=311.127 pred=460.0 ❌
    [ 402/1159]   E4 guitar  | midi: gt=64 pred=64 ✅  | spn: gt=E4 pred=F#2 ❌  | doremi: gt=mi pred=fa# ❌  | hz: gt=329.6276 pred=460.0 ❌
    [ 403/1159]   F4 guitar  | midi: gt=65 pred=65 ✅  | spn: gt=F4 pred=F#2 ❌  | doremi: gt=fa pred=fa# ❌  | hz: gt=349.2282 pred=460.0 ❌
    [ 404/1159]  F#4 guitar  | midi: gt=66 pred=68 ❌  | spn: gt=F#4 pred=F#2 ❌  | doremi: gt=fa# pred=fa# ✅  | hz: gt=369.9944 pred=435.0 ❌
    [ 405/1159]   G4 guitar  | midi: gt=67 pred=63 ❌  | spn: gt=G4 pred=G4 ✅  | doremi: gt=sol pred=fa# ❌  | hz: gt=391.9954 pred=493.88 ❌
    [ 406/1159]  G#4 guitar  | midi: gt=68 pred=68 ✅  | spn: gt=G#4 pred=G4 ❌  | doremi: gt=sol# pred=fa# ❌  | hz: gt=415.3047 pred=450.0 ❌
    [ 407/1159]   A4 guitar  | midi: gt=69 pred=69 ✅  | spn: gt=A4 pred=A7 ❌  | doremi: gt=la pred=sol ❌  | hz: gt=440.0 pred=450.0 ❌
    [ 408/1159]  A#4 guitar  | midi: gt=70 pred=69 ❌  | spn: gt=A#4 pred=A7 ❌  | doremi: gt=la# pred=fa# ❌  | hz: gt=466.1638 pred=450.0 ❌
    [ 409/1159]   B4 guitar  | midi: gt=71 pred=68 ❌  | spn: gt=B4 pred=A#6 ❌  | doremi: gt=si pred=re ❌  | hz: gt=493.8833 pred=450.0 ❌
    [ 410/1159]   C5 guitar  | midi: gt=72 pred=68 ❌  | spn: gt=C5 pred=C6 ❌  | doremi: gt=do pred=sol ❌  | hz: gt=523.2511 pred=480.0 ❌
    [ 411/1159]  C#5 guitar  | midi: gt=73 pred=68 ❌  | spn: gt=C#5 pred=C6 ❌  | doremi: gt=do# pred=sol ❌  | hz: gt=554.3653 pred=480.0 ❌
    [ 412/1159]   D5 guitar  | midi: gt=74 pred=62 ❌  | spn: gt=D5 pred=D6 ❌  | doremi: gt=re pred=sol ❌  | hz: gt=587.3295 pred=504.0 ❌
    [ 413/1159]  D#5 guitar  | midi: gt=75 pred=63 ❌  | spn: gt=D#5 pred=D7 ❌  | doremi: gt=re# pred=sol# ❌  | hz: gt=622.254 pred=745.0 ❌
    [ 414/1159]   E5 guitar  | midi: gt=76 pred=68 ❌  | spn: gt=E5 pred=C6 ❌  | doremi: gt=mi pred=sol# ❌  | hz: gt=659.2551 pred=493.88 ❌
    [ 415/1159]   F5 guitar  | midi: gt=77 pred=68 ❌  | spn: gt=F5 pred=C6 ❌  | doremi: gt=fa pred=fa# ❌  | hz: gt=698.4565 pred=493.88 ❌
    [ 416/1159]  F#5 guitar  | midi: gt=78 pred=68 ❌  | spn: gt=F#5 pred=F#7 ❌  | doremi: gt=fa# pred=fa# ✅  | hz: gt=739.9888 pred=1024.0 ❌
    [ 417/1159]   G5 guitar  | midi: gt=79 pred=68 ❌  | spn: gt=G5 pred=C7 ❌  | doremi: gt=sol pred=fa# ❌  | hz: gt=783.9909 pred=2105.38 ❌
    [ 418/1159]  G#5 guitar  | midi: gt=80 pred=68 ❌  | spn: gt=G#5 pred=C6 ❌  | doremi: gt=sol# pred=fa# ❌  | hz: gt=830.6094 pred=450.0 ❌
    [ 419/1159]   A5 guitar  | midi: gt=81 pred=83 ❌  | spn: gt=A5 pred=C6 ❌  | doremi: gt=la pred=fa# ❌  | hz: gt=880.0 pred=460.0 ❌
    [ 420/1159]  A#5 guitar  | midi: gt=82 pred=83 ❌  | spn: gt=A#5 pred=A7 ❌  | doremi: gt=la# pred=sol# ❌  | hz: gt=932.3275 pred=1056.0 ❌
    [ 421/1159]   B5 guitar  | midi: gt=83 pred=83 ✅  | spn: gt=B5 pred=C6 ❌  | doremi: gt=si pred=sol# ❌  | hz: gt=987.7666 pred=701.0 ❌
    [ 422/1159]   C6 guitar  | midi: gt=84 pred=68 ❌  | spn: gt=C6 pred=C6 ✅  | doremi: gt=do pred=sol# ❌  | hz: gt=1046.5023 pred=1200.0 ❌
    [ 423/1159]  C#6 guitar  | midi: gt=85 pred=84 ❌  | spn: gt=C#6 pred=C6 ❌  | doremi: gt=do# pred=sol# ❌  | hz: gt=1108.7305 pred=1200.0 ❌
    [ 424/1159]   D6 guitar  | midi: gt=86 pred=68 ❌  | spn: gt=D6 pred=C6 ❌  | doremi: gt=re pred=sol# ❌  | hz: gt=1174.6591 pred=1034.52 ❌
    [ 425/1159]  D#6 guitar  | midi: gt=87 pred=63 ❌  | spn: gt=D#6 pred=G6 ❌  | doremi: gt=re# pred=sol# ❌  | hz: gt=1244.5079 pred=1058.43 ❌
    [ 426/1159]   F6 guitar  | midi: gt=89 pred=65 ❌  | spn: gt=F6 pred=G6 ❌  | doremi: gt=fa pred=sol ❌  | hz: gt=1396.9129 pred=1034.52 ❌
    [ 427/1159]   E6 guitar  | midi: gt=88 pred=84 ❌  | spn: gt=E6 pred=G6 ❌  | doremi: gt=mi pred=fa# ❌  | hz: gt=1318.5102 pred=1058.37 ❌
    [ 428/1159]   F1 flute  | midi: gt=29 pred=35 ❌  | spn: gt=F1 pred=A#2 ❌  | doremi: gt=fa pred=fa# ❌  | hz: gt=43.6535 pred=105.26 ❌
    [ 429/1159]  F#1 flute  | midi: gt=30 pred=34 ❌  | spn: gt=F#1 pred=A#2 ❌  | doremi: gt=fa# pred=fa# ✅  | hz: gt=46.2493 pred=105.26 ❌
    [ 430/1159]   G1 flute  | midi: gt=31 pred=34 ❌  | spn: gt=G1 pred=A#2 ❌  | doremi: gt=sol pred=la ❌  | hz: gt=48.9994 pred=105.26 ❌
    [ 431/1159]  G#1 flute  | midi: gt=32 pred=35 ❌  | spn: gt=G#1 pred=A#2 ❌  | doremi: gt=sol# pred=fa# ❌  | hz: gt=51.9131 pred=107.65 ❌
    [ 432/1159]   A1 flute  | midi: gt=33 pred=43 ❌  | spn: gt=A1 pred=A#2 ❌  | doremi: gt=la pred=fa# ❌  | hz: gt=55.0 pred=120.0 ❌
    [ 433/1159]  A#1 flute  | midi: gt=34 pred=35 ❌  | spn: gt=A#1 pred=A#2 ❌  | doremi: gt=la# pred=la ❌  | hz: gt=58.2705 pred=120.0 ❌
    [ 434/1159]   B1 flute  | midi: gt=35 pred=36 ❌  | spn: gt=B1 pred=A#2 ❌  | doremi: gt=si pred=la ❌  | hz: gt=61.7354 pred=120.0 ❌
    [ 435/1159]   C2 flute  | midi: gt=36 pred=36 ✅  | spn: gt=C2 pred=C2 ✅  | doremi: gt=do pred=fa# ❌  | hz: gt=65.4064 pred=1250.0 ❌
    [ 436/1159]  C#2 flute  | midi: gt=37 pred=45 ❌  | spn: gt=C#2 pred=C2 ❌  | doremi: gt=do# pred=fa# ❌  | hz: gt=69.2957 pred=120.0 ❌
    [ 437/1159]   D2 flute  | midi: gt=38 pred=43 ❌  | spn: gt=D2 pred=A#2 ❌  | doremi: gt=re pred=fa# ❌  | hz: gt=73.4162 pred=107.95 ❌
    [ 438/1159]  D#2 flute  | midi: gt=39 pred=36 ❌  | spn: gt=D#2 pred=C2 ❌  | doremi: gt=re# pred=fa# ❌  | hz: gt=77.7817 pred=120.0 ❌
    [ 439/1159]   E2 flute  | midi: gt=40 pred=43 ❌  | spn: gt=E2 pred=A#2 ❌  | doremi: gt=mi pred=fa# ❌  | hz: gt=82.4069 pred=120.0 ❌
    [ 440/1159]   F2 flute  | midi: gt=41 pred=48 ❌  | spn: gt=F2 pred=C2 ❌  | doremi: gt=fa pred=fa# ❌  | hz: gt=87.3071 pred=105.26 ❌
    [ 441/1159]  F#2 flute  | midi: gt=42 pred=43 ❌  | spn: gt=F#2 pred=A#2 ❌  | doremi: gt=fa# pred=fa# ✅  | hz: gt=92.4986 pred=107.65 ❌
    [ 442/1159]   G2 flute  | midi: gt=43 pred=36 ❌  | spn: gt=G2 pred=C2 ❌  | doremi: gt=sol pred=fa# ❌  | hz: gt=97.9989 pred=120.0 ❌
    [ 443/1159]  G#2 flute  | midi: gt=44 pred=43 ❌  | spn: gt=G#2 pred=C2 ❌  | doremi: gt=sol# pred=fa# ❌  | hz: gt=103.8262 pred=105.26 ❌
    [ 444/1159]   A2 flute  | midi: gt=45 pred=43 ❌  | spn: gt=A2 pred=A#2 ❌  | doremi: gt=la pred=fa# ❌  | hz: gt=110.0 pred=130.81 ❌
    [ 445/1159]  A#2 flute  | midi: gt=46 pred=45 ❌  | spn: gt=A#2 pred=C6 ❌  | doremi: gt=la# pred=fa# ❌  | hz: gt=116.5409 pred=105.26 ❌
    [ 446/1159]   B2 flute  | midi: gt=47 pred=45 ❌  | spn: gt=B2 pred=C6 ❌  | doremi: gt=si pred=fa# ❌  | hz: gt=123.4708 pred=130.81 ❌
    [ 447/1159]   C3 flute  | midi: gt=48 pred=48 ✅  | spn: gt=C3 pred=C2 ❌  | doremi: gt=do pred=fa# ❌  | hz: gt=130.8128 pred=105.26 ❌
    [ 448/1159]  C#3 flute  | midi: gt=49 pred=49 ✅  | spn: gt=C#3 pred=C2 ❌  | doremi: gt=do# pred=fa# ❌  | hz: gt=138.5913 pred=480.0 ❌
    [ 449/1159]   D3 flute  | midi: gt=50 pred=43 ❌  | spn: gt=D3 pred=C2 ❌  | doremi: gt=re pred=fa# ❌  | hz: gt=146.8324 pred=210.9375 ❌
    [ 450/1159]  D#3 flute  | midi: gt=51 pred=49 ❌  | spn: gt=D#3 pred=C2 ❌  | doremi: gt=re# pred=fa# ❌  | hz: gt=155.5635 pred=480.0 ❌
    [ 451/1159]   E3 flute  | midi: gt=52 pred=48 ❌  | spn: gt=E3 pred=C2 ❌  | doremi: gt=mi pred=fa# ❌  | hz: gt=164.8138 pred=213.04 ❌
    [ 452/1159]   F3 flute  | midi: gt=53 pred=48 ❌  | spn: gt=F3 pred=C2 ❌  | doremi: gt=fa pred=fa# ❌  | hz: gt=174.6141 pred=130.81 ❌
    [ 453/1159]  F#3 flute  | midi: gt=54 pred=43 ❌  | spn: gt=F#3 pred=C2 ❌  | doremi: gt=fa# pred=fa# ✅  | hz: gt=184.9972 pred=130.81 ❌
    [ 454/1159]   G3 flute  | midi: gt=55 pred=43 ❌  | spn: gt=G3 pred=C4 ❌  | doremi: gt=sol pred=fa# ❌  | hz: gt=195.9977 pred=130.81 ❌
    [ 455/1159]   A3 flute  | midi: gt=57 pred=45 ❌  | spn: gt=A3 pred=A2 ❌  | doremi: gt=la pred=fa# ❌  | hz: gt=220.0 pred=450.0 ❌
    [ 456/1159]  G#3 flute  | midi: gt=56 pred=45 ❌  | spn: gt=G#3 pred=C4 ❌  | doremi: gt=sol# pred=fa# ❌  | hz: gt=207.6523 pred=213.045 ❌
    [ 457/1159]   B3 flute  | midi: gt=59 pred=59 ✅  | spn: gt=B3 pred=C4 ❌  | doremi: gt=si pred=fa# ❌  | hz: gt=246.9417 pred=480.0 ❌
    [ 458/1159]  A#3 flute  | midi: gt=58 pred=58 ✅  | spn: gt=A#3 pred=None ❌  | doremi: gt=la# pred=mi ❌  | hz: gt=233.0819 pred=453.06 ❌
    [ 459/1159]   C4 flute  | midi: gt=60 pred=60 ✅  | spn: gt=C4 pred=C6 ❌  | doremi: gt=do pred=fa# ❌  | hz: gt=261.6256 pred=480.0 ❌
    [ 460/1159]  C#4 flute  | midi: gt=61 pred=61 ✅  | spn: gt=C#4 pred=C6 ❌  | doremi: gt=do# pred=la ❌  | hz: gt=277.1826 pred=480.0 ❌
    [ 461/1159]   D4 flute  | midi: gt=62 pred=62 ✅  | spn: gt=D4 pred=D6 ❌  | doremi: gt=re pred=mi ❌  | hz: gt=293.6648 pred=261.63 ❌
    [ 462/1159]  D#4 flute  | midi: gt=63 pred=63 ✅  | spn: gt=D#4 pred=C6 ❌  | doremi: gt=re# pred=sol ❌  | hz: gt=311.127 pred=493.88 ❌
    [ 463/1159]   E4 flute  | midi: gt=64 pred=64 ✅  | spn: gt=E4 pred=C6 ❌  | doremi: gt=mi pred=sol ❌  | hz: gt=329.6276 pred=1250.0 ❌
    [ 464/1159]   F4 flute  | midi: gt=65 pred=65 ✅  | spn: gt=F4 pred=C6 ❌  | doremi: gt=fa pred=sol ❌  | hz: gt=349.2282 pred=250.0 ❌
    [ 465/1159]  F#4 flute  | midi: gt=66 pred=65 ❌  | spn: gt=F#4 pred=F#3 ❌  | doremi: gt=fa# pred=mi ❌  | hz: gt=369.9944 pred=659.34 ❌
    [ 466/1159]   G4 flute  | midi: gt=67 pred=67 ✅  | spn: gt=G4 pred=C6 ❌  | doremi: gt=sol pred=mi ❌  | hz: gt=391.9954 pred=261.63 ❌
    [ 467/1159]   A4 flute  | midi: gt=69 pred=69 ✅  | spn: gt=A4 pred=A4 ✅  | doremi: gt=la pred=fa# ❌  | hz: gt=440.0 pred=693.0 ❌
    [ 468/1159]  G#4 flute  | midi: gt=68 pred=68 ✅  | spn: gt=G#4 pred=C6 ❌  | doremi: gt=sol# pred=fa# ❌  | hz: gt=415.3047 pred=435.0 ❌
    [ 469/1159]   B4 flute  | midi: gt=71 pred=68 ❌  | spn: gt=B4 pred=C6 ❌  | doremi: gt=si pred=fa# ❌  | hz: gt=493.8833 pred=600.0 ❌
    [ 470/1159]  A#4 flute  | midi: gt=70 pred=69 ❌  | spn: gt=A#4 pred=None ❌  | doremi: gt=la# pred=fa# ❌  | hz: gt=466.1638 pred=693.0 ❌
    [ 471/1159]   C5 flute  | midi: gt=72 pred=68 ❌  | spn: gt=C5 pred=C6 ❌  | doremi: gt=do pred=sol ❌  | hz: gt=523.2511 pred=600.0 ❌
    [ 472/1159]  C#5 flute  | midi: gt=73 pred=61 ❌  | spn: gt=C#5 pred=C6 ❌  | doremi: gt=do# pred=sol ❌  | hz: gt=554.3653 pred=600.0 ❌
    [ 473/1159]  D#5 flute  | midi: gt=75 pred=63 ❌  | spn: gt=D#5 pred=D6 ❌  | doremi: gt=re# pred=sol ❌  | hz: gt=622.254 pred=625.0 ✅
    [ 474/1159]   D5 flute  | midi: gt=74 pred=62 ❌  | spn: gt=D5 pred=D6 ❌  | doremi: gt=re pred=sol ❌  | hz: gt=587.3295 pred=None ❌
    [ 475/1159]   E5 flute  | midi: gt=76 pred=64 ❌  | spn: gt=E5 pred=E4 ❌  | doremi: gt=mi pred=sol ❌  | hz: gt=659.2551 pred=640.0 ❌
    [ 476/1159]   F5 flute  | midi: gt=77 pred=65 ❌  | spn: gt=F5 pred=F6 ❌  | doremi: gt=fa pred=sol ❌  | hz: gt=698.4565 pred=659.34 ❌
    [ 477/1159]   G5 flute  | midi: gt=79 pred=67 ❌  | spn: gt=G5 pred=C6 ❌  | doremi: gt=sol pred=sol ✅  | hz: gt=783.9909 pred=675.0 ❌
    [ 478/1159]  F#5 flute  | midi: gt=78 pred=65 ❌  | spn: gt=F#5 pred=F6 ❌  | doremi: gt=fa# pred=sol ❌  | hz: gt=739.9888 pred=659.34 ❌
    [ 479/1159]  G#5 flute  | midi: gt=80 pred=68 ❌  | spn: gt=G#5 pred=G6 ❌  | doremi: gt=sol# pred=sol ❌  | hz: gt=830.6094 pred=680.0 ❌
    [ 480/1159]   A5 flute  | midi: gt=81 pred=69 ❌  | spn: gt=A5 pred=A6 ❌  | doremi: gt=la pred=sol ❌  | hz: gt=880.0 pred=693.0 ❌
    [ 481/1159]  A#5 flute  | midi: gt=82 pred=83 ❌  | spn: gt=A#5 pred=A6 ❌  | doremi: gt=la# pred=sol ❌  | hz: gt=932.3275 pred=8250.0 ❌
    [ 482/1159]   B5 flute  | midi: gt=83 pred=83 ✅  | spn: gt=B5 pred=C6 ❌  | doremi: gt=si pred=sol ❌  | hz: gt=987.7666 pred=830.41 ❌
    [ 483/1159]   C6 flute  | midi: gt=84 pred=84 ✅  | spn: gt=C6 pred=C6 ✅  | doremi: gt=do pred=sol ❌  | hz: gt=1046.5023 pred=2400.0 ❌
    [ 484/1159]  C#6 flute  | midi: gt=85 pred=85 ✅  | spn: gt=C#6 pred=C6 ❌  | doremi: gt=do# pred=sol ❌  | hz: gt=1108.7305 pred=845.0 ❌
    [ 485/1159]   D6 flute  | midi: gt=86 pred=86 ✅  | spn: gt=D6 pred=C6 ❌  | doremi: gt=re pred=sol ❌  | hz: gt=1174.6591 pred=None ❌
    [ 486/1159]  D#6 flute  | midi: gt=87 pred=86 ❌  | spn: gt=D#6 pred=C6 ❌  | doremi: gt=re# pred=sol# ❌  | hz: gt=1244.5079 pred=8250.0 ❌
    [ 487/1159]   E6 flute  | midi: gt=88 pred=88 ✅  | spn: gt=E6 pred=C6 ❌  | doremi: gt=mi pred=sol ❌  | hz: gt=1318.5102 pred=833.33 ❌
    [ 488/1159]   F6 flute  | midi: gt=89 pred=89 ✅  | spn: gt=F6 pred=F7 ❌  | doremi: gt=fa pred=sol ❌  | hz: gt=1396.9129 pred=890.63 ❌
    [ 489/1159]   F1 trumpet  | midi: gt=29 pred=34 ❌  | spn: gt=F1 pred=F2 ❌  | doremi: gt=fa pred=fa# ❌  | hz: gt=43.6535 pred=32.7 ❌
    [ 490/1159]  F#1 trumpet  | midi: gt=30 pred=34 ❌  | spn: gt=F#1 pred=F2 ❌  | doremi: gt=fa# pred=fa# ✅  | hz: gt=46.2493 pred=32.0 ❌
    [ 491/1159]   G1 trumpet  | midi: gt=31 pred=34 ❌  | spn: gt=G1 pred=F2 ❌  | doremi: gt=sol pred=fa# ❌  | hz: gt=48.9994 pred=320.0 ❌
    [ 492/1159]  G#1 trumpet  | midi: gt=32 pred=34 ❌  | spn: gt=G#1 pred=F2 ❌  | doremi: gt=sol# pred=fa# ❌  | hz: gt=51.9131 pred=32.0 ❌
    [ 493/1159]   A1 trumpet  | midi: gt=33 pred=34 ❌  | spn: gt=A1 pred=F2 ❌  | doremi: gt=la pred=fa# ❌  | hz: gt=55.0 pred=329.63 ❌
    [ 494/1159]  A#1 trumpet  | midi: gt=34 pred=34 ✅  | spn: gt=A#1 pred=F2 ❌  | doremi: gt=la# pred=fa# ❌  | hz: gt=58.2705 pred=32.5 ❌
    [ 495/1159]   B1 trumpet  | midi: gt=35 pred=35 ✅  | spn: gt=B1 pred=A#2 ❌  | doremi: gt=si pred=fa# ❌  | hz: gt=61.7354 pred=34.0 ❌
    [ 496/1159]   C2 trumpet  | midi: gt=36 pred=36 ✅  | spn: gt=C2 pred=C2 ✅  | doremi: gt=do pred=re ❌  | hz: gt=65.4064 pred=34.0 ❌
    [ 497/1159]   D2 trumpet  | midi: gt=38 pred=36 ❌  | spn: gt=D2 pred=C2 ❌  | doremi: gt=re pred=re ✅  | hz: gt=73.4162 pred=35.98 ❌
    [ 498/1159]  C#2 trumpet  | midi: gt=37 pred=36 ❌  | spn: gt=C#2 pred=C2 ❌  | doremi: gt=do# pred=re ❌  | hz: gt=69.2957 pred=35.98 ❌
    [ 499/1159]  D#2 trumpet  | midi: gt=39 pred=38 ❌  | spn: gt=D#2 pred=C2 ❌  | doremi: gt=re# pred=re ❌  | hz: gt=77.7817 pred=350.0 ❌
    [ 500/1159]   E2 trumpet  | midi: gt=40 pred=38 ❌  | spn: gt=E2 pred=F2 ❌  | doremi: gt=mi pred=re ❌  | hz: gt=82.4069 pred=350.0 ❌
    [ 501/1159]   F2 trumpet  | midi: gt=41 pred=43 ❌  | spn: gt=F2 pred=F2 ✅  | doremi: gt=fa pred=fa# ❌  | hz: gt=87.3071 pred=340.0 ❌
    [ 502/1159]  F#2 trumpet  | midi: gt=42 pred=43 ❌  | spn: gt=F#2 pred=F3 ❌  | doremi: gt=fa# pred=fa# ✅  | hz: gt=92.4986 pred=329.63 ❌
    [ 503/1159]   G2 trumpet  | midi: gt=43 pred=43 ✅  | spn: gt=G2 pred=F2 ❌  | doremi: gt=sol pred=sol ✅  | hz: gt=97.9989 pred=435.0 ❌
    [ 504/1159]  G#2 trumpet  | midi: gt=44 pred=43 ❌  | spn: gt=G#2 pred=F#2 ❌  | doremi: gt=sol# pred=sol ❌  | hz: gt=103.8262 pred=450.0 ❌
    [ 505/1159]  A#2 trumpet  | midi: gt=46 pred=46 ✅  | spn: gt=A#2 pred=A3 ❌  | doremi: gt=la# pred=sol ❌  | hz: gt=116.5409 pred=340.0 ❌
    [ 506/1159]   A2 trumpet  | midi: gt=45 pred=34 ❌  | spn: gt=A2 pred=A3 ❌  | doremi: gt=la pred=sol ❌  | hz: gt=110.0 pred=329.63 ❌
    [ 507/1159]   C3 trumpet  | midi: gt=48 pred=48 ✅  | spn: gt=C3 pred=C4 ❌  | doremi: gt=do pred=sol ❌  | hz: gt=130.8128 pred=340.0 ❌
    [ 508/1159]   B2 trumpet  | midi: gt=47 pred=45 ❌  | spn: gt=B2 pred=A#2 ❌  | doremi: gt=si pred=sol ❌  | hz: gt=123.4708 pred=340.0 ❌
    [ 509/1159]  C#3 trumpet  | midi: gt=49 pred=49 ✅  | spn: gt=C#3 pred=C4 ❌  | doremi: gt=do# pred=sol ❌  | hz: gt=138.5913 pred=480.0 ❌
    [ 510/1159]   D3 trumpet  | midi: gt=50 pred=50 ✅  | spn: gt=D3 pred=D4 ❌  | doremi: gt=re pred=sol ❌  | hz: gt=146.8324 pred=480.0 ❌
    [ 511/1159]   E3 trumpet  | midi: gt=52 pred=52 ✅  | spn: gt=E3 pred=F4 ❌  | doremi: gt=mi pred=sol ❌  | hz: gt=164.8138 pred=405.0 ❌
    [ 512/1159]  D#3 trumpet  | midi: gt=51 pred=58 ❌  | spn: gt=D#3 pred=D4 ❌  | doremi: gt=re# pred=sol ❌  | hz: gt=155.5635 pred=493.88 ❌
    [ 513/1159]   F3 trumpet  | midi: gt=53 pred=53 ✅  | spn: gt=F3 pred=F4 ❌  | doremi: gt=fa pred=sol ❌  | hz: gt=174.6141 pred=435.0 ❌
    [ 514/1159]  F#3 trumpet  | midi: gt=54 pred=54 ✅  | spn: gt=F#3 pred=F4 ❌  | doremi: gt=fa# pred=sol ❌  | hz: gt=184.9972 pred=435.0 ❌
    [ 515/1159]  G#3 trumpet  | midi: gt=56 pred=56 ✅  | spn: gt=G#3 pred=C4 ❌  | doremi: gt=sol# pred=sol ❌  | hz: gt=207.6523 pred=450.0 ❌
    [ 516/1159]   G3 trumpet  | midi: gt=55 pred=56 ❌  | spn: gt=G3 pred=F#4 ❌  | doremi: gt=sol pred=sol ✅  | hz: gt=195.9977 pred=435.0 ❌
    [ 517/1159]   A3 trumpet  | midi: gt=57 pred=57 ✅  | spn: gt=A3 pred=A4 ❌  | doremi: gt=la pred=sol ❌  | hz: gt=220.0 pred=450.0 ❌
    [ 518/1159]  A#3 trumpet  | midi: gt=58 pred=58 ✅  | spn: gt=A#3 pred=A#5 ❌  | doremi: gt=la# pred=sol ❌  | hz: gt=233.0819 pred=4583.0 ❌
    [ 519/1159]   B3 trumpet  | midi: gt=59 pred=59 ✅  | spn: gt=B3 pred=A#4 ❌  | doremi: gt=si pred=sol ❌  | hz: gt=246.9417 pred=450.0 ❌
    [ 520/1159]   C4 trumpet  | midi: gt=60 pred=60 ✅  | spn: gt=C4 pred=C4 ✅  | doremi: gt=do pred=sol ❌  | hz: gt=261.6256 pred=435.0 ❌
    [ 521/1159]  C#4 trumpet  | midi: gt=61 pred=61 ✅  | spn: gt=C#4 pred=C4 ❌  | doremi: gt=do# pred=sol ❌  | hz: gt=277.1826 pred=480.0 ❌
    [ 522/1159]   D4 trumpet  | midi: gt=62 pred=62 ✅  | spn: gt=D4 pred=D4 ✅  | doremi: gt=re pred=sol ❌  | hz: gt=293.6648 pred=493.88 ❌
    [ 523/1159]  D#4 trumpet  | midi: gt=63 pred=63 ✅  | spn: gt=D#4 pred=D4 ❌  | doremi: gt=re# pred=sol ❌  | hz: gt=311.127 pred=630.0 ❌
    [ 524/1159]   E4 trumpet  | midi: gt=64 pred=64 ✅  | spn: gt=E4 pred=E4 ✅  | doremi: gt=mi pred=sol ❌  | hz: gt=329.6276 pred=640.0 ❌
    [ 525/1159]   F4 trumpet  | midi: gt=65 pred=65 ✅  | spn: gt=F4 pred=E4 ❌  | doremi: gt=fa pred=sol ❌  | hz: gt=349.2282 pred=659.3 ❌
    [ 526/1159]  F#4 trumpet  | midi: gt=66 pred=65 ❌  | spn: gt=F#4 pred=F#6 ❌  | doremi: gt=fa# pred=sol ❌  | hz: gt=369.9944 pred=659.32 ❌
    [ 527/1159]   G4 trumpet  | midi: gt=67 pred=67 ✅  | spn: gt=G4 pred=C6 ❌  | doremi: gt=sol pred=sol ✅  | hz: gt=391.9954 pred=435.0 ❌
    [ 528/1159]  G#4 trumpet  | midi: gt=68 pred=68 ✅  | spn: gt=G#4 pred=C6 ❌  | doremi: gt=sol# pred=sol ❌  | hz: gt=415.3047 pred=450.0 ❌
    [ 529/1159]   A4 trumpet  | midi: gt=69 pred=69 ✅  | spn: gt=A4 pred=A4 ✅  | doremi: gt=la pred=sol ❌  | hz: gt=440.0 pred=450.0 ❌
    [ 530/1159]  A#4 trumpet  | midi: gt=70 pred=69 ❌  | spn: gt=A#4 pred=A4 ❌  | doremi: gt=la# pred=sol ❌  | hz: gt=466.1638 pred=695.0 ❌
    [ 531/1159]   B4 trumpet  | midi: gt=71 pred=69 ❌  | spn: gt=B4 pred=A#6 ❌  | doremi: gt=si pred=sol ❌  | hz: gt=493.8833 pred=6950.0 ❌
    [ 532/1159]   C5 trumpet  | midi: gt=72 pred=60 ❌  | spn: gt=C5 pred=C6 ❌  | doremi: gt=do pred=sol ❌  | hz: gt=523.2511 pred=600.0 ❌
    [ 533/1159]  C#5 trumpet  | midi: gt=73 pred=73 ✅  | spn: gt=C#5 pred=C6 ❌  | doremi: gt=do# pred=sol ❌  | hz: gt=554.3653 pred=600.0 ❌
    [ 534/1159]   D5 trumpet  | midi: gt=74 pred=62 ❌  | spn: gt=D5 pred=C6 ❌  | doremi: gt=re pred=sol ❌  | hz: gt=587.3295 pred=6250.0 ❌
    [ 535/1159]  D#5 trumpet  | midi: gt=75 pred=63 ❌  | spn: gt=D#5 pred=C6 ❌  | doremi: gt=re# pred=sol ❌  | hz: gt=622.254 pred=630.0 ❌
    [ 536/1159]   E5 trumpet  | midi: gt=76 pred=69 ❌  | spn: gt=E5 pred=A#6 ❌  | doremi: gt=mi pred=sol ❌  | hz: gt=659.2551 pred=6950.0 ❌
    [ 537/1159]   F5 trumpet  | midi: gt=77 pred=69 ❌  | spn: gt=F5 pred=A#6 ❌  | doremi: gt=fa pred=sol ❌  | hz: gt=698.4565 pred=659.3 ❌
    [ 538/1159]  F#5 trumpet  | midi: gt=78 pred=78 ✅  | spn: gt=F#5 pred=B7 ❌  | doremi: gt=fa# pred=sol ❌  | hz: gt=739.9888 pred=701.0 ❌
    [ 539/1159]   G5 trumpet  | midi: gt=79 pred=69 ❌  | spn: gt=G5 pred=G6 ❌  | doremi: gt=sol pred=sol ✅  | hz: gt=783.9909 pred=6750.0 ❌
    [ 540/1159]  G#5 trumpet  | midi: gt=80 pred=80 ✅  | spn: gt=G#5 pred=G6 ❌  | doremi: gt=sol# pred=sol ❌  | hz: gt=830.6094 pred=805.0 ❌
    [ 541/1159]   A5 trumpet  | midi: gt=81 pred=81 ✅  | spn: gt=A5 pred=A7 ❌  | doremi: gt=la pred=sol ❌  | hz: gt=880.0 pred=450.0 ❌
    [ 542/1159]  A#5 trumpet  | midi: gt=82 pred=83 ❌  | spn: gt=A#5 pred=A7 ❌  | doremi: gt=la# pred=sol# ❌  | hz: gt=932.3275 pred=8250.0 ❌
    [ 543/1159]   B5 trumpet  | midi: gt=83 pred=83 ✅  | spn: gt=B5 pred=B7 ❌  | doremi: gt=si pred=sol ❌  | hz: gt=987.7666 pred=830.41 ❌
    [ 544/1159]   C6 trumpet  | midi: gt=84 pred=84 ✅  | spn: gt=C6 pred=C6 ✅  | doremi: gt=do pred=sol ❌  | hz: gt=1046.5023 pred=8400.0 ❌
    [ 545/1159]  C#6 trumpet  | midi: gt=85 pred=85 ✅  | spn: gt=C#6 pred=C6 ❌  | doremi: gt=do# pred=sol ❌  | hz: gt=1108.7305 pred=840.0 ❌
    [ 546/1159]   D6 trumpet  | midi: gt=86 pred=86 ✅  | spn: gt=D6 pred=D6 ✅  | doremi: gt=re pred=sol ❌  | hz: gt=1174.6591 pred=6250.0 ❌
    [ 547/1159]  D#6 trumpet  | midi: gt=87 pred=87 ✅  | spn: gt=D#6 pred=C6 ❌  | doremi: gt=re# pred=sol ❌  | hz: gt=1244.5079 pred=630.0 ❌
    [ 548/1159]   E6 trumpet  | midi: gt=88 pred=83 ❌  | spn: gt=E6 pred=C6 ❌  | doremi: gt=mi pred=sol ❌  | hz: gt=1318.5102 pred=8125.0 ❌
    [ 549/1159]   F6 trumpet  | midi: gt=89 pred=89 ✅  | spn: gt=F6 pred=F7 ❌  | doremi: gt=fa pred=sol ❌  | hz: gt=1396.9129 pred=8907.15 ❌
    [ 550/1159]   F1 trombone  | midi: gt=29 pred=34 ❌  | spn: gt=F1 pred=A#2 ❌  | doremi: gt=fa pred=fa# ❌  | hz: gt=43.6535 pred=320.0 ❌
    [ 551/1159]  F#1 trombone  | midi: gt=30 pred=34 ❌  | spn: gt=F#1 pred=F2 ❌  | doremi: gt=fa# pred=fa# ✅  | hz: gt=46.2493 pred=329.63 ❌
    [ 552/1159]   G1 trombone  | midi: gt=31 pred=34 ❌  | spn: gt=G1 pred=F2 ❌  | doremi: gt=sol pred=fa# ❌  | hz: gt=48.9994 pred=329.63 ❌
    [ 553/1159]  G#1 trombone  | midi: gt=32 pred=34 ❌  | spn: gt=G#1 pred=F2 ❌  | doremi: gt=sol# pred=fa# ❌  | hz: gt=51.9131 pred=329.63 ❌
    [ 554/1159]   A1 trombone  | midi: gt=33 pred=34 ❌  | spn: gt=A1 pred=F2 ❌  | doremi: gt=la pred=fa# ❌  | hz: gt=55.0 pred=329.63 ❌
    [ 555/1159]  A#1 trombone  | midi: gt=34 pred=34 ✅  | spn: gt=A#1 pred=A#2 ❌  | doremi: gt=la# pred=fa# ❌  | hz: gt=58.2705 pred=320.0 ❌
    [ 556/1159]   B1 trombone  | midi: gt=35 pred=35 ✅  | spn: gt=B1 pred=A#2 ❌  | doremi: gt=si pred=fa# ❌  | hz: gt=61.7354 pred=329.63 ❌
    [ 557/1159]   C2 trombone  | midi: gt=36 pred=35 ❌  | spn: gt=C2 pred=A#2 ❌  | doremi: gt=do pred=fa# ❌  | hz: gt=65.4064 pred=340.0 ❌
    [ 558/1159]  C#2 trombone  | midi: gt=37 pred=36 ❌  | spn: gt=C#2 pred=A#2 ❌  | doremi: gt=do# pred=fa# ❌  | hz: gt=69.2957 pred=340.0 ❌
    [ 559/1159]   D2 trombone  | midi: gt=38 pred=36 ❌  | spn: gt=D2 pred=A#2 ❌  | doremi: gt=re pred=re ✅  | hz: gt=73.4162 pred=350.0 ❌
    [ 560/1159]  D#2 trombone  | midi: gt=39 pred=36 ❌  | spn: gt=D#2 pred=A#2 ❌  | doremi: gt=re# pred=fa# ❌  | hz: gt=77.7817 pred=340.0 ❌
    [ 561/1159]   E2 trombone  | midi: gt=40 pred=38 ❌  | spn: gt=E2 pred=A#2 ❌  | doremi: gt=mi pred=fa# ❌  | hz: gt=82.4069 pred=340.0 ❌
    [ 562/1159]   F2 trombone  | midi: gt=41 pred=43 ❌  | spn: gt=F2 pred=C4 ❌  | doremi: gt=fa pred=fa# ❌  | hz: gt=87.3071 pred=340.0 ❌
    [ 563/1159]  F#2 trombone  | midi: gt=42 pred=43 ❌  | spn: gt=F#2 pred=F#2 ✅  | doremi: gt=fa# pred=fa# ✅  | hz: gt=92.4986 pred=435.0 ❌
    [ 564/1159]   G2 trombone  | midi: gt=43 pred=43 ✅  | spn: gt=G2 pred=F#2 ❌  | doremi: gt=sol pred=fa# ❌  | hz: gt=97.9989 pred=435.0 ❌
    [ 565/1159]  G#2 trombone  | midi: gt=44 pred=43 ❌  | spn: gt=G#2 pred=C4 ❌  | doremi: gt=sol# pred=sol ❌  | hz: gt=103.8262 pred=320.0 ❌
    [ 566/1159]   A2 trombone  | midi: gt=45 pred=45 ✅  | spn: gt=A2 pred=A3 ❌  | doremi: gt=la pred=sol ❌  | hz: gt=110.0 pred=340.0 ❌
    [ 567/1159]  A#2 trombone  | midi: gt=46 pred=45 ❌  | spn: gt=A#2 pred=A2 ❌  | doremi: gt=la# pred=sol ❌  | hz: gt=116.5409 pred=340.0 ❌
    [ 568/1159]   B2 trombone  | midi: gt=47 pred=45 ❌  | spn: gt=B2 pred=A#2 ❌  | doremi: gt=si pred=sol ❌  | hz: gt=123.4708 pred=340.0 ❌
    [ 569/1159]   C3 trombone  | midi: gt=48 pred=48 ✅  | spn: gt=C3 pred=C4 ❌  | doremi: gt=do pred=sol ❌  | hz: gt=130.8128 pred=480.0 ❌
    [ 570/1159]  C#3 trombone  | midi: gt=49 pred=49 ✅  | spn: gt=C#3 pred=C4 ❌  | doremi: gt=do# pred=sol ❌  | hz: gt=138.5913 pred=480.0 ❌
    [ 571/1159]   D3 trombone  | midi: gt=50 pred=50 ✅  | spn: gt=D3 pred=D2 ❌  | doremi: gt=re pred=sol ❌  | hz: gt=146.8324 pred=450.0 ❌
    [ 572/1159]  D#3 trombone  | midi: gt=51 pred=58 ❌  | spn: gt=D#3 pred=D4 ❌  | doremi: gt=re# pred=sol ❌  | hz: gt=155.5635 pred=493.88 ❌
    [ 573/1159]   E3 trombone  | midi: gt=52 pred=52 ✅  | spn: gt=E3 pred=D4 ❌  | doremi: gt=mi pred=sol ❌  | hz: gt=164.8138 pred=405.0 ❌
    [ 574/1159]  F#3 trombone  | midi: gt=54 pred=54 ✅  | spn: gt=F#3 pred=F4 ❌  | doremi: gt=fa# pred=sol ❌  | hz: gt=184.9972 pred=420.0 ❌
    [ 575/1159]   F3 trombone  | midi: gt=53 pred=53 ✅  | spn: gt=F3 pred=F4 ❌  | doremi: gt=fa pred=mi ❌  | hz: gt=174.6141 pred=530.94 ❌
    [ 576/1159]  G#3 trombone  | midi: gt=56 pred=56 ✅  | spn: gt=G#3 pred=C4 ❌  | doremi: gt=sol# pred=sol ❌  | hz: gt=207.6523 pred=450.0 ❌
    [ 577/1159]   G3 trombone  | midi: gt=55 pred=56 ❌  | spn: gt=G3 pred=G2 ❌  | doremi: gt=sol pred=sol ✅  | hz: gt=195.9977 pred=435.0 ❌
    [ 578/1159]  A#3 trombone  | midi: gt=58 pred=58 ✅  | spn: gt=A#3 pred=A4 ❌  | doremi: gt=la# pred=sol ❌  | hz: gt=233.0819 pred=460.0 ❌
    [ 579/1159]   A3 trombone  | midi: gt=57 pred=57 ✅  | spn: gt=A3 pred=A3 ✅  | doremi: gt=la pred=sol ❌  | hz: gt=220.0 pred=450.0 ❌
    [ 580/1159]   C4 trombone  | midi: gt=60 pred=60 ✅  | spn: gt=C4 pred=C4 ✅  | doremi: gt=do pred=sol ❌  | hz: gt=261.6256 pred=60.0 ❌
    [ 581/1159]   B3 trombone  | midi: gt=59 pred=59 ✅  | spn: gt=B3 pred=A#4 ❌  | doremi: gt=si pred=sol ❌  | hz: gt=246.9417 pred=475.0 ❌
    [ 582/1159]  C#4 trombone  | midi: gt=61 pred=63 ❌  | spn: gt=C#4 pred=C4 ❌  | doremi: gt=do# pred=sol ❌  | hz: gt=277.1826 pred=605.0 ❌
    [ 583/1159]   D4 trombone  | midi: gt=62 pred=62 ✅  | spn: gt=D4 pred=C4 ❌  | doremi: gt=re pred=sol ❌  | hz: gt=293.6648 pred=493.88 ❌
    [ 584/1159]   E4 trombone  | midi: gt=64 pred=64 ✅  | spn: gt=E4 pred=C4 ❌  | doremi: gt=mi pred=sol ❌  | hz: gt=329.6276 pred=640.0 ❌
    [ 585/1159]  D#4 trombone  | midi: gt=63 pred=63 ✅  | spn: gt=D#4 pred=C4 ❌  | doremi: gt=re# pred=sol ❌  | hz: gt=311.127 pred=635.0 ❌
    [ 586/1159]   F4 trombone  | midi: gt=65 pred=65 ✅  | spn: gt=F4 pred=F4 ✅  | doremi: gt=fa pred=sol ❌  | hz: gt=349.2282 pred=659.3 ❌
    [ 587/1159]  F#4 trombone  | midi: gt=66 pred=66 ✅  | spn: gt=F#4 pred=C6 ❌  | doremi: gt=fa# pred=sol ❌  | hz: gt=369.9944 pred=659.32 ❌
    [ 588/1159]  G#4 trombone  | midi: gt=68 pred=68 ✅  | spn: gt=G#4 pred=C6 ❌  | doremi: gt=sol# pred=sol ❌  | hz: gt=415.3047 pred=680.0 ❌
    [ 589/1159]   G4 trombone  | midi: gt=67 pred=67 ✅  | spn: gt=G4 pred=C4 ❌  | doremi: gt=sol pred=sol ✅  | hz: gt=391.9954 pred=435.0 ❌
    [ 590/1159]   A4 trombone  | midi: gt=69 pred=69 ✅  | spn: gt=A4 pred=A4 ✅  | doremi: gt=la pred=sol ❌  | hz: gt=440.0 pred=450.0 ❌
    [ 591/1159]  A#4 trombone  | midi: gt=70 pred=69 ❌  | spn: gt=A#4 pred=A#6 ❌  | doremi: gt=la# pred=sol ❌  | hz: gt=466.1638 pred=695.0 ❌
    [ 592/1159]   C5 trombone  | midi: gt=72 pred=68 ❌  | spn: gt=C5 pred=C6 ❌  | doremi: gt=do pred=sol ❌  | hz: gt=523.2511 pred=600.0 ❌
    [ 593/1159]   B4 trombone  | midi: gt=71 pred=69 ❌  | spn: gt=B4 pred=A#6 ❌  | doremi: gt=si pred=sol ❌  | hz: gt=493.8833 pred=680.0 ❌
    [ 594/1159]  C#5 trombone  | midi: gt=73 pred=68 ❌  | spn: gt=C#5 pred=C6 ❌  | doremi: gt=do# pred=sol ❌  | hz: gt=554.3653 pred=6750.0 ❌
    [ 595/1159]   D5 trombone  | midi: gt=74 pred=69 ❌  | spn: gt=D5 pred=C6 ❌  | doremi: gt=re pred=sol ❌  | hz: gt=587.3295 pred=493.88 ❌
    [ 596/1159]  D#5 trombone  | midi: gt=75 pred=69 ❌  | spn: gt=D#5 pred=A#6 ❌  | doremi: gt=re# pred=sol ❌  | hz: gt=622.254 pred=695.0 ❌
    [ 597/1159]   E5 trombone  | midi: gt=76 pred=69 ❌  | spn: gt=E5 pred=A#6 ❌  | doremi: gt=mi pred=sol ❌  | hz: gt=659.2551 pred=695.0 ❌
    [ 598/1159]   F5 trombone  | midi: gt=77 pred=69 ❌  | spn: gt=F5 pred=C6 ❌  | doremi: gt=fa pred=sol ❌  | hz: gt=698.4565 pred=659.3 ❌
    [ 599/1159]  F#5 trombone  | midi: gt=78 pred=68 ❌  | spn: gt=F#5 pred=A#6 ❌  | doremi: gt=fa# pred=sol ❌  | hz: gt=739.9888 pred=659.3 ❌
    [ 600/1159]  G#5 trombone  | midi: gt=80 pred=80 ✅  | spn: gt=G#5 pred=C6 ❌  | doremi: gt=sol# pred=sol ❌  | hz: gt=830.6094 pred=805.0 ❌
    [ 601/1159]   G5 trombone  | midi: gt=79 pred=69 ❌  | spn: gt=G5 pred=C6 ❌  | doremi: gt=sol pred=sol ✅  | hz: gt=783.9909 pred=659.3 ❌
    [ 602/1159]   A5 trombone  | midi: gt=81 pred=69 ❌  | spn: gt=A5 pred=C6 ❌  | doremi: gt=la pred=sol ❌  | hz: gt=880.0 pred=453.06 ❌
    [ 603/1159]  A#5 trombone  | midi: gt=82 pred=83 ❌  | spn: gt=A#5 pred=C6 ❌  | doremi: gt=la# pred=sol ❌  | hz: gt=932.3275 pred=8250.0 ❌
    [ 604/1159]   C6 trombone  | midi: gt=84 pred=84 ✅  | spn: gt=C6 pred=C6 ✅  | doremi: gt=do pred=sol ❌  | hz: gt=1046.5023 pred=840.0 ❌
    [ 605/1159]   B5 trombone  | midi: gt=83 pred=83 ✅  | spn: gt=B5 pred=A#6 ❌  | doremi: gt=si pred=sol ❌  | hz: gt=987.7666 pred=830.61 ❌
    [ 606/1159]  C#6 trombone  | midi: gt=85 pred=84 ❌  | spn: gt=C#6 pred=C6 ❌  | doremi: gt=do# pred=sol ❌  | hz: gt=1108.7305 pred=840.0 ❌
    [ 607/1159]   D6 trombone  | midi: gt=86 pred=69 ❌  | spn: gt=D6 pred=C6 ❌  | doremi: gt=re pred=sol ❌  | hz: gt=1174.6591 pred=6250.0 ❌
    [ 608/1159]  D#6 trombone  | midi: gt=87 pred=85 ❌  | spn: gt=D#6 pred=C6 ❌  | doremi: gt=re# pred=sol# ❌  | hz: gt=1244.5079 pred=750.0 ❌
    [ 609/1159]   E6 trombone  | midi: gt=88 pred=69 ❌  | spn: gt=E6 pred=A#6 ❌  | doremi: gt=mi pred=sol ❌  | hz: gt=1318.5102 pred=6950.0 ❌
    [ 610/1159]   F6 trombone  | midi: gt=89 pred=89 ✅  | spn: gt=F6 pred=C6 ❌  | doremi: gt=fa pred=sol ❌  | hz: gt=1396.9129 pred=659.3 ❌
    [ 611/1159]   F1 clarinet  | midi: gt=29 pred=35 ❌  | spn: gt=F1 pred=C2 ❌  | doremi: gt=fa pred=fa# ❌  | hz: gt=43.6535 pred=1250.0 ❌
    [ 612/1159]  F#1 clarinet  | midi: gt=30 pred=35 ❌  | spn: gt=F#1 pred=C2 ❌  | doremi: gt=fa# pred=fa# ✅  | hz: gt=46.2493 pred=130.81 ❌
    [ 613/1159]   G1 clarinet  | midi: gt=31 pred=35 ❌  | spn: gt=G1 pred=C2 ❌  | doremi: gt=sol pred=fa# ❌  | hz: gt=48.9994 pred=107.65 ❌
    [ 614/1159]  G#1 clarinet  | midi: gt=32 pred=36 ❌  | spn: gt=G#1 pred=A#2 ❌  | doremi: gt=sol# pred=fa# ❌  | hz: gt=51.9131 pred=107.85 ❌
    [ 615/1159]   A1 clarinet  | midi: gt=33 pred=35 ❌  | spn: gt=A1 pred=C2 ❌  | doremi: gt=la pred=fa# ❌  | hz: gt=55.0 pred=107.65 ❌
    [ 616/1159]  A#1 clarinet  | midi: gt=34 pred=36 ❌  | spn: gt=A#1 pred=C2 ❌  | doremi: gt=la# pred=fa# ❌  | hz: gt=58.2705 pred=130.81 ❌
    [ 617/1159]   B1 clarinet  | midi: gt=35 pred=35 ✅  | spn: gt=B1 pred=C2 ❌  | doremi: gt=si pred=fa# ❌  | hz: gt=61.7354 pred=130.81 ❌
    [ 618/1159]   C2 clarinet  | midi: gt=36 pred=63 ❌  | spn: gt=C2 pred=C6 ❌  | doremi: gt=do pred=fa# ❌  | hz: gt=65.4064 pred=107.85 ❌
    [ 619/1159]  C#2 clarinet  | midi: gt=37 pred=36 ❌  | spn: gt=C#2 pred=C6 ❌  | doremi: gt=do# pred=fa# ❌  | hz: gt=69.2957 pred=130.81 ❌
    [ 620/1159]   D2 clarinet  | midi: gt=38 pred=36 ❌  | spn: gt=D2 pred=C2 ❌  | doremi: gt=re pred=fa# ❌  | hz: gt=73.4162 pred=120.0 ❌
    [ 621/1159]  D#2 clarinet  | midi: gt=39 pred=43 ❌  | spn: gt=D#2 pred=C6 ❌  | doremi: gt=re# pred=fa# ❌  | hz: gt=77.7817 pred=105.26 ❌
    [ 622/1159]   E2 clarinet  | midi: gt=40 pred=43 ❌  | spn: gt=E2 pred=C6 ❌  | doremi: gt=mi pred=fa# ❌  | hz: gt=82.4069 pred=107.85 ❌
    [ 623/1159]   F2 clarinet  | midi: gt=41 pred=43 ❌  | spn: gt=F2 pred=C6 ❌  | doremi: gt=fa pred=fa# ❌  | hz: gt=87.3071 pred=107.65 ❌
    [ 624/1159]  F#2 clarinet  | midi: gt=42 pred=43 ❌  | spn: gt=F#2 pred=C4 ❌  | doremi: gt=fa# pred=fa# ✅  | hz: gt=92.4986 pred=120.0 ❌
    [ 625/1159]   G2 clarinet  | midi: gt=43 pred=43 ✅  | spn: gt=G2 pred=C4 ❌  | doremi: gt=sol pred=fa# ❌  | hz: gt=97.9989 pred=340.0 ❌
    [ 626/1159]  G#2 clarinet  | midi: gt=44 pred=43 ❌  | spn: gt=G#2 pred=C4 ❌  | doremi: gt=sol# pred=fa# ❌  | hz: gt=103.8262 pred=450.0 ❌
    [ 627/1159]   A2 clarinet  | midi: gt=45 pred=45 ✅  | spn: gt=A2 pred=C4 ❌  | doremi: gt=la pred=fa# ❌  | hz: gt=110.0 pred=261.63 ❌
    [ 628/1159]   B2 clarinet  | midi: gt=47 pred=45 ❌  | spn: gt=B2 pred=C6 ❌  | doremi: gt=si pred=fa# ❌  | hz: gt=123.4708 pred=160.0 ❌
    [ 629/1159]  A#2 clarinet  | midi: gt=46 pred=45 ❌  | spn: gt=A#2 pred=A#2 ✅  | doremi: gt=la# pred=fa# ❌  | hz: gt=116.5409 pred=1650.0 ❌
    [ 630/1159]   C3 clarinet  | midi: gt=48 pred=48 ✅  | spn: gt=C3 pred=C4 ❌  | doremi: gt=do pred=fa# ❌  | hz: gt=130.8128 pred=261.63 ❌
    [ 631/1159]  C#3 clarinet  | midi: gt=49 pred=48 ❌  | spn: gt=C#3 pred=C4 ❌  | doremi: gt=do# pred=fa# ❌  | hz: gt=138.5913 pred=261.63 ❌
    [ 632/1159]   D3 clarinet  | midi: gt=50 pred=54 ❌  | spn: gt=D3 pred=C4 ❌  | doremi: gt=re pred=fa# ❌  | hz: gt=146.8324 pred=450.0 ❌
    [ 633/1159]  D#3 clarinet  | midi: gt=51 pred=58 ❌  | spn: gt=D#3 pred=C4 ❌  | doremi: gt=re# pred=fa# ❌  | hz: gt=155.5635 pred=450.0 ❌
    [ 634/1159]   E3 clarinet  | midi: gt=52 pred=53 ❌  | spn: gt=E3 pred=C4 ❌  | doremi: gt=mi pred=fa# ❌  | hz: gt=164.8138 pred=450.0 ❌
    [ 635/1159]   F3 clarinet  | midi: gt=53 pred=53 ✅  | spn: gt=F3 pred=C4 ❌  | doremi: gt=fa pred=sol ❌  | hz: gt=174.6141 pred=450.0 ❌
    [ 636/1159]   G3 clarinet  | midi: gt=55 pred=56 ❌  | spn: gt=G3 pred=C4 ❌  | doremi: gt=sol pred=sol ✅  | hz: gt=195.9977 pred=450.0 ❌
    [ 637/1159]  F#3 clarinet  | midi: gt=54 pred=54 ✅  | spn: gt=F#3 pred=C4 ❌  | doremi: gt=fa# pred=fa# ✅  | hz: gt=184.9972 pred=450.0 ❌
    [ 638/1159]   A3 clarinet  | midi: gt=57 pred=58 ❌  | spn: gt=A3 pred=C6 ❌  | doremi: gt=la pred=fa# ❌  | hz: gt=220.0 pred=450.0 ❌
    [ 639/1159]  G#3 clarinet  | midi: gt=56 pred=56 ✅  | spn: gt=G#3 pred=C4 ❌  | doremi: gt=sol# pred=fa# ❌  | hz: gt=207.6523 pred=450.0 ❌
    [ 640/1159]   B3 clarinet  | midi: gt=59 pred=64 ❌  | spn: gt=B3 pred=A#6 ❌  | doremi: gt=si pred=fa# ❌  | hz: gt=246.9417 pred=450.0 ❌
    [ 641/1159]  A#3 clarinet  | midi: gt=58 pred=69 ❌  | spn: gt=A#3 pred=None ❌  | doremi: gt=la# pred=fa# ❌  | hz: gt=233.0819 pred=450.0 ❌
    [ 642/1159]   C4 clarinet  | midi: gt=60 pred=65 ❌  | spn: gt=C4 pred=C6 ❌  | doremi: gt=do pred=sol ❌  | hz: gt=261.6256 pred=450.0 ❌
    [ 643/1159]  C#4 clarinet  | midi: gt=61 pred=68 ❌  | spn: gt=C#4 pred=C6 ❌  | doremi: gt=do# pred=sol ❌  | hz: gt=277.1826 pred=480.0 ❌
    [ 644/1159]   D4 clarinet  | midi: gt=62 pred=69 ❌  | spn: gt=D4 pred=D6 ❌  | doremi: gt=re pred=sol ❌  | hz: gt=293.6648 pred=450.0 ❌
    [ 645/1159]  D#4 clarinet  | midi: gt=63 pred=69 ❌  | spn: gt=D#4 pred=C6 ❌  | doremi: gt=re# pred=sol ❌  | hz: gt=311.127 pred=680.53 ❌
    [ 646/1159]   E4 clarinet  | midi: gt=64 pred=69 ❌  | spn: gt=E4 pred=C6 ❌  | doremi: gt=mi pred=sol ❌  | hz: gt=329.6276 pred=640.0 ❌
    [ 647/1159]   F4 clarinet  | midi: gt=65 pred=65 ✅  | spn: gt=F4 pred=C6 ❌  | doremi: gt=fa pred=sol ❌  | hz: gt=349.2282 pred=435.0 ❌
    [ 648/1159]  F#4 clarinet  | midi: gt=66 pred=65 ❌  | spn: gt=F#4 pred=C6 ❌  | doremi: gt=fa# pred=sol ❌  | hz: gt=369.9944 pred=450.0 ❌
    [ 649/1159]   G4 clarinet  | midi: gt=67 pred=68 ❌  | spn: gt=G4 pred=C6 ❌  | doremi: gt=sol pred=sol ✅  | hz: gt=391.9954 pred=435.0 ❌
    [ 650/1159]  G#4 clarinet  | midi: gt=68 pred=68 ✅  | spn: gt=G#4 pred=C6 ❌  | doremi: gt=sol# pred=sol ❌  | hz: gt=415.3047 pred=450.0 ❌
    [ 651/1159]   A4 clarinet  | midi: gt=69 pred=69 ✅  | spn: gt=A4 pred=A4 ✅  | doremi: gt=la pred=sol ❌  | hz: gt=440.0 pred=450.0 ❌
    [ 652/1159]  A#4 clarinet  | midi: gt=70 pred=69 ❌  | spn: gt=A#4 pred=A#4 ✅  | doremi: gt=la# pred=mi ❌  | hz: gt=466.1638 pred=695.0 ❌
    [ 653/1159]   B4 clarinet  | midi: gt=71 pred=69 ❌  | spn: gt=B4 pred=C6 ❌  | doremi: gt=si pred=sol ❌  | hz: gt=493.8833 pred=659.34 ❌
    [ 654/1159]   C5 clarinet  | midi: gt=72 pred=68 ❌  | spn: gt=C5 pred=C6 ❌  | doremi: gt=do pred=sol ❌  | hz: gt=523.2511 pred=480.0 ❌
    [ 655/1159]  C#5 clarinet  | midi: gt=73 pred=68 ❌  | spn: gt=C#5 pred=C6 ❌  | doremi: gt=do# pred=sol ❌  | hz: gt=554.3653 pred=605.0 ❌
    [ 656/1159]   D5 clarinet  | midi: gt=74 pred=69 ❌  | spn: gt=D5 pred=C6 ❌  | doremi: gt=re pred=sol ❌  | hz: gt=587.3295 pred=625.0 ❌
    [ 657/1159]  D#5 clarinet  | midi: gt=75 pred=69 ❌  | spn: gt=D#5 pred=C6 ❌  | doremi: gt=re# pred=sol ❌  | hz: gt=622.254 pred=625.0 ✅
    [ 658/1159]   E5 clarinet  | midi: gt=76 pred=68 ❌  | spn: gt=E5 pred=C6 ❌  | doremi: gt=mi pred=sol ❌  | hz: gt=659.2551 pred=640.0 ❌
    [ 659/1159]   F5 clarinet  | midi: gt=77 pred=69 ❌  | spn: gt=F5 pred=C6 ❌  | doremi: gt=fa pred=sol ❌  | hz: gt=698.4565 pred=659.32 ❌
    [ 660/1159]  F#5 clarinet  | midi: gt=78 pred=68 ❌  | spn: gt=F#5 pred=F6 ❌  | doremi: gt=fa# pred=sol# ❌  | hz: gt=739.9888 pred=659.32 ❌
    [ 661/1159]   G5 clarinet  | midi: gt=79 pred=68 ❌  | spn: gt=G5 pred=C6 ❌  | doremi: gt=sol pred=sol ✅  | hz: gt=783.9909 pred=6750.0 ❌
    [ 662/1159]  G#5 clarinet  | midi: gt=80 pred=68 ❌  | spn: gt=G#5 pred=C6 ❌  | doremi: gt=sol# pred=sol# ✅  | hz: gt=830.6094 pred=805.0 ❌
    [ 663/1159]   A5 clarinet  | midi: gt=81 pred=69 ❌  | spn: gt=A5 pred=C6 ❌  | doremi: gt=la pred=sol ❌  | hz: gt=880.0 pred=659.28 ❌
    [ 664/1159]  A#5 clarinet  | midi: gt=82 pred=83 ❌  | spn: gt=A#5 pred=C6 ❌  | doremi: gt=la# pred=sol# ❌  | hz: gt=932.3275 pred=825.0 ❌
    [ 665/1159]   B5 clarinet  | midi: gt=83 pred=68 ❌  | spn: gt=B5 pred=C6 ❌  | doremi: gt=si pred=sol# ❌  | hz: gt=987.7666 pred=8250.0 ❌
    [ 666/1159]   C6 clarinet  | midi: gt=84 pred=68 ❌  | spn: gt=C6 pred=C6 ✅  | doremi: gt=do pred=sol ❌  | hz: gt=1046.5023 pred=605.0 ❌
    [ 667/1159]  C#6 clarinet  | midi: gt=85 pred=84 ❌  | spn: gt=C#6 pred=C6 ❌  | doremi: gt=do# pred=sol# ❌  | hz: gt=1108.7305 pred=605.0 ❌
    [ 668/1159]   D6 clarinet  | midi: gt=86 pred=68 ❌  | spn: gt=D6 pred=C6 ❌  | doremi: gt=re pred=sol ❌  | hz: gt=1174.6591 pred=480.0 ❌
    [ 669/1159]   E6 clarinet  | midi: gt=88 pred=88 ✅  | spn: gt=E6 pred=C6 ❌  | doremi: gt=mi pred=sol ❌  | hz: gt=1318.5102 pred=640.0 ❌
    [ 670/1159]  D#6 clarinet  | midi: gt=87 pred=83 ❌  | spn: gt=D#6 pred=D6 ❌  | doremi: gt=re# pred=sol# ❌  | hz: gt=1244.5079 pred=1605.32 ❌
    [ 671/1159]   F6 clarinet  | midi: gt=89 pred=68 ❌  | spn: gt=F6 pred=C6 ❌  | doremi: gt=fa pred=sol ❌  | hz: gt=1396.9129 pred=659.3 ❌
    [ 672/1159]   F1 oboe  | midi: gt=29 pred=35 ❌  | spn: gt=F1 pred=A#2 ❌  | doremi: gt=fa pred=fa# ❌  | hz: gt=43.6535 pred=213.04 ❌
    [ 673/1159]  F#1 oboe  | midi: gt=30 pred=34 ❌  | spn: gt=F#1 pred=A#2 ❌  | doremi: gt=fa# pred=fa# ✅  | hz: gt=46.2493 pred=210.0 ❌
    [ 674/1159]   G1 oboe  | midi: gt=31 pred=34 ❌  | spn: gt=G1 pred=A#2 ❌  | doremi: gt=sol pred=fa# ❌  | hz: gt=48.9994 pred=130.81 ❌
    [ 675/1159]  G#1 oboe  | midi: gt=32 pred=34 ❌  | spn: gt=G#1 pred=A#2 ❌  | doremi: gt=sol# pred=fa# ❌  | hz: gt=51.9131 pred=105.26 ❌
    [ 676/1159]   A1 oboe  | midi: gt=33 pred=34 ❌  | spn: gt=A1 pred=A#2 ❌  | doremi: gt=la pred=fa# ❌  | hz: gt=55.0 pred=32.0 ❌
    [ 677/1159]  A#1 oboe  | midi: gt=34 pred=35 ❌  | spn: gt=A#1 pred=C2 ❌  | doremi: gt=la# pred=fa# ❌  | hz: gt=58.2705 pred=213.04 ❌
    [ 678/1159]   B1 oboe  | midi: gt=35 pred=36 ❌  | spn: gt=B1 pred=C2 ❌  | doremi: gt=si pred=fa# ❌  | hz: gt=61.7354 pred=21.43 ❌
    [ 679/1159]   C2 oboe  | midi: gt=36 pred=36 ✅  | spn: gt=C2 pred=C2 ✅  | doremi: gt=do pred=fa# ❌  | hz: gt=65.4064 pred=25.0 ❌
    [ 680/1159]  C#2 oboe  | midi: gt=37 pred=36 ❌  | spn: gt=C#2 pred=C2 ❌  | doremi: gt=do# pred=re ❌  | hz: gt=69.2957 pred=340.0 ❌
    [ 681/1159]   D2 oboe  | midi: gt=38 pred=36 ❌  | spn: gt=D2 pred=C2 ❌  | doremi: gt=re pred=fa# ❌  | hz: gt=73.4162 pred=340.0 ❌
    [ 682/1159]  D#2 oboe  | midi: gt=39 pred=38 ❌  | spn: gt=D#2 pred=C2 ❌  | doremi: gt=re# pred=fa# ❌  | hz: gt=77.7817 pred=250.0 ❌
    [ 683/1159]   E2 oboe  | midi: gt=40 pred=38 ❌  | spn: gt=E2 pred=C2 ❌  | doremi: gt=mi pred=fa# ❌  | hz: gt=82.4069 pred=34.0 ❌
    [ 684/1159]   F2 oboe  | midi: gt=41 pred=38 ❌  | spn: gt=F2 pred=E2 ❌  | doremi: gt=fa pred=fa# ❌  | hz: gt=87.3071 pred=340.0 ❌
    [ 685/1159]  F#2 oboe  | midi: gt=42 pred=38 ❌  | spn: gt=F#2 pred=E2 ❌  | doremi: gt=fa# pred=fa# ✅  | hz: gt=92.4986 pred=105.26 ❌
    [ 686/1159]   G2 oboe  | midi: gt=43 pred=43 ✅  | spn: gt=G2 pred=C2 ❌  | doremi: gt=sol pred=sol ✅  | hz: gt=97.9989 pred=130.81 ❌
    [ 687/1159]  G#2 oboe  | midi: gt=44 pred=43 ❌  | spn: gt=G#2 pred=C2 ❌  | doremi: gt=sol# pred=fa# ❌  | hz: gt=103.8262 pred=435.0 ❌
    [ 688/1159]   A2 oboe  | midi: gt=45 pred=45 ✅  | spn: gt=A2 pred=A2 ✅  | doremi: gt=la pred=fa# ❌  | hz: gt=110.0 pred=450.0 ❌
    [ 689/1159]  A#2 oboe  | midi: gt=46 pred=45 ❌  | spn: gt=A#2 pred=A3 ❌  | doremi: gt=la# pred=fa# ❌  | hz: gt=116.5409 pred=450.0 ❌
    [ 690/1159]   B2 oboe  | midi: gt=47 pred=45 ❌  | spn: gt=B2 pred=C2 ❌  | doremi: gt=si pred=fa# ❌  | hz: gt=123.4708 pred=130.81 ❌
    [ 691/1159]   C3 oboe  | midi: gt=48 pred=48 ✅  | spn: gt=C3 pred=C2 ❌  | doremi: gt=do pred=sol ❌  | hz: gt=130.8128 pred=480.0 ❌
    [ 692/1159]  C#3 oboe  | midi: gt=49 pred=49 ✅  | spn: gt=C#3 pred=C2 ❌  | doremi: gt=do# pred=fa# ❌  | hz: gt=138.5913 pred=48.0 ❌
    [ 693/1159]   D3 oboe  | midi: gt=50 pred=48 ❌  | spn: gt=D3 pred=D2 ❌  | doremi: gt=re pred=sol ❌  | hz: gt=146.8324 pred=480.0 ❌
    [ 694/1159]  D#3 oboe  | midi: gt=51 pred=49 ❌  | spn: gt=D#3 pred=C2 ❌  | doremi: gt=re# pred=sol ❌  | hz: gt=155.5635 pred=49.0 ❌
    [ 695/1159]   E3 oboe  | midi: gt=52 pred=40 ❌  | spn: gt=E3 pred=E2 ❌  | doremi: gt=mi pred=fa# ❌  | hz: gt=164.8138 pred=40.0 ❌
    [ 696/1159]   F3 oboe  | midi: gt=53 pred=45 ❌  | spn: gt=F3 pred=E3 ❌  | doremi: gt=fa pred=sol ❌  | hz: gt=174.6141 pred=435.0 ❌
    [ 697/1159]  F#3 oboe  | midi: gt=54 pred=43 ❌  | spn: gt=F#3 pred=F#3 ✅  | doremi: gt=fa# pred=sol ❌  | hz: gt=184.9972 pred=420.0 ❌
    [ 698/1159]   G3 oboe  | midi: gt=55 pred=43 ❌  | spn: gt=G3 pred=C4 ❌  | doremi: gt=sol pred=sol ✅  | hz: gt=195.9977 pred=435.0 ❌
    [ 699/1159]  G#3 oboe  | midi: gt=56 pred=56 ✅  | spn: gt=G#3 pred=C4 ❌  | doremi: gt=sol# pred=sol ❌  | hz: gt=207.6523 pred=435.0 ❌
    [ 700/1159]   A3 oboe  | midi: gt=57 pred=45 ❌  | spn: gt=A3 pred=A3 ✅  | doremi: gt=la pred=sol ❌  | hz: gt=220.0 pred=450.0 ❌
    [ 701/1159]  A#3 oboe  | midi: gt=58 pred=58 ✅  | spn: gt=A#3 pred=A4 ❌  | doremi: gt=la# pred=sol ❌  | hz: gt=233.0819 pred=456.0 ❌
    [ 702/1159]   B3 oboe  | midi: gt=59 pred=59 ✅  | spn: gt=B3 pred=A#4 ❌  | doremi: gt=si pred=sol ❌  | hz: gt=246.9417 pred=475.0 ❌
    [ 703/1159]   C4 oboe  | midi: gt=60 pred=60 ✅  | spn: gt=C4 pred=C6 ❌  | doremi: gt=do pred=sol ❌  | hz: gt=261.6256 pred=480.0 ❌
    [ 704/1159]  C#4 oboe  | midi: gt=61 pred=68 ❌  | spn: gt=C#4 pred=C6 ❌  | doremi: gt=do# pred=sol ❌  | hz: gt=277.1826 pred=6750.0 ❌
    [ 705/1159]   D4 oboe  | midi: gt=62 pred=62 ✅  | spn: gt=D4 pred=D6 ❌  | doremi: gt=re pred=sol ❌  | hz: gt=293.6648 pred=250.0 ❌
    [ 706/1159]  D#4 oboe  | midi: gt=63 pred=63 ✅  | spn: gt=D#4 pred=D6 ❌  | doremi: gt=re# pred=sol ❌  | hz: gt=311.127 pred=625.0 ❌
    [ 707/1159]   E4 oboe  | midi: gt=64 pred=64 ✅  | spn: gt=E4 pred=E4 ✅  | doremi: gt=mi pred=sol ❌  | hz: gt=329.6276 pred=640.0 ❌
    [ 708/1159]   F4 oboe  | midi: gt=65 pred=65 ✅  | spn: gt=F4 pred=C6 ❌  | doremi: gt=fa pred=sol ❌  | hz: gt=349.2282 pred=659.32 ❌
    [ 709/1159]   G4 oboe  | midi: gt=67 pred=67 ✅  | spn: gt=G4 pred=C6 ❌  | doremi: gt=sol pred=sol ✅  | hz: gt=391.9954 pred=6750.0 ❌
    [ 710/1159]  F#4 oboe  | midi: gt=66 pred=65 ❌  | spn: gt=F#4 pred=C6 ❌  | doremi: gt=fa# pred=sol ❌  | hz: gt=369.9944 pred=659.32 ❌
    [ 711/1159]  G#4 oboe  | midi: gt=68 pred=68 ✅  | spn: gt=G#4 pred=C6 ❌  | doremi: gt=sol# pred=sol ❌  | hz: gt=415.3047 pred=680.0 ❌
    [ 712/1159]   A4 oboe  | midi: gt=69 pred=69 ✅  | spn: gt=A4 pred=A4 ✅  | doremi: gt=la pred=sol ❌  | hz: gt=440.0 pred=693.0 ❌
    [ 713/1159]  A#4 oboe  | midi: gt=70 pred=69 ❌  | spn: gt=A#4 pred=C6 ❌  | doremi: gt=la# pred=sol ❌  | hz: gt=466.1638 pred=695.0 ❌
    [ 714/1159]   B4 oboe  | midi: gt=71 pred=68 ❌  | spn: gt=B4 pred=C6 ❌  | doremi: gt=si pred=sol ❌  | hz: gt=493.8833 pred=681.05 ❌
    [ 715/1159]   C5 oboe  | midi: gt=72 pred=68 ❌  | spn: gt=C5 pred=C6 ❌  | doremi: gt=do pred=sol ❌  | hz: gt=523.2511 pred=600.0 ❌
    [ 716/1159]  C#5 oboe  | midi: gt=73 pred=73 ✅  | spn: gt=C#5 pred=C6 ❌  | doremi: gt=do# pred=sol ❌  | hz: gt=554.3653 pred=6750.0 ❌
    [ 717/1159]   D5 oboe  | midi: gt=74 pred=62 ❌  | spn: gt=D5 pred=C6 ❌  | doremi: gt=re pred=sol ❌  | hz: gt=587.3295 pred=6250.0 ❌
    [ 718/1159]  D#5 oboe  | midi: gt=75 pred=74 ❌  | spn: gt=D#5 pred=C6 ❌  | doremi: gt=re# pred=sol ❌  | hz: gt=622.254 pred=6250.0 ❌
    [ 719/1159]   E5 oboe  | midi: gt=76 pred=83 ❌  | spn: gt=E5 pred=C6 ❌  | doremi: gt=mi pred=sol ❌  | hz: gt=659.2551 pred=700.0 ❌
    [ 720/1159]   F5 oboe  | midi: gt=77 pred=89 ❌  | spn: gt=F5 pred=C6 ❌  | doremi: gt=fa pred=sol ❌  | hz: gt=698.4565 pred=8125.0 ❌
    [ 721/1159]  F#5 oboe  | midi: gt=78 pred=78 ✅  | spn: gt=F#5 pred=C6 ❌  | doremi: gt=fa# pred=sol ❌  | hz: gt=739.9888 pred=701.0 ❌
    [ 722/1159]   G5 oboe  | midi: gt=79 pred=69 ❌  | spn: gt=G5 pred=G6 ❌  | doremi: gt=sol pred=sol ✅  | hz: gt=783.9909 pred=6750.0 ❌
    [ 723/1159]  G#5 oboe  | midi: gt=80 pred=80 ✅  | spn: gt=G#5 pred=G6 ❌  | doremi: gt=sol# pred=sol ❌  | hz: gt=830.6094 pred=805.0 ❌
    [ 724/1159]   A5 oboe  | midi: gt=81 pred=81 ✅  | spn: gt=A5 pred=A6 ❌  | doremi: gt=la pred=sol ❌  | hz: gt=880.0 pred=8105.0 ❌
    [ 725/1159]  A#5 oboe  | midi: gt=82 pred=83 ❌  | spn: gt=A#5 pred=C6 ❌  | doremi: gt=la# pred=sol# ❌  | hz: gt=932.3275 pred=8250.0 ❌
    [ 726/1159]   B5 oboe  | midi: gt=83 pred=83 ✅  | spn: gt=B5 pred=C6 ❌  | doremi: gt=si pred=sol ❌  | hz: gt=987.7666 pred=833.33 ❌
    [ 727/1159]   C6 oboe  | midi: gt=84 pred=84 ✅  | spn: gt=C6 pred=C6 ✅  | doremi: gt=do pred=sol ❌  | hz: gt=1046.5023 pred=800.0 ❌
    [ 728/1159]  C#6 oboe  | midi: gt=85 pred=85 ✅  | spn: gt=C#6 pred=C6 ❌  | doremi: gt=do# pred=sol ❌  | hz: gt=1108.7305 pred=8450.0 ❌
    [ 729/1159]   D6 oboe  | midi: gt=86 pred=86 ✅  | spn: gt=D6 pred=C6 ❌  | doremi: gt=re pred=sol ❌  | hz: gt=1174.6591 pred=None ❌
    [ 730/1159]  D#6 oboe  | midi: gt=87 pred=87 ✅  | spn: gt=D#6 pred=C6 ❌  | doremi: gt=re# pred=sol# ❌  | hz: gt=1244.5079 pred=857.14 ❌
    [ 731/1159]   E6 oboe  | midi: gt=88 pred=88 ✅  | spn: gt=E6 pred=E6 ✅  | doremi: gt=mi pred=sol ❌  | hz: gt=1318.5102 pred=800.0 ❌
    [ 732/1159]   F6 oboe  | midi: gt=89 pred=89 ✅  | spn: gt=F6 pred=E6 ❌  | doremi: gt=fa pred=sol ❌  | hz: gt=1396.9129 pred=8905.32 ❌
    [ 733/1159]   F1 violin  | midi: gt=29 pred=36 ❌  | spn: gt=F1 pred=A#2 ❌  | doremi: gt=fa pred=la ❌  | hz: gt=43.6535 pred=25.0 ❌
    [ 734/1159]  F#1 violin  | midi: gt=30 pred=34 ❌  | spn: gt=F#1 pred=A2 ❌  | doremi: gt=fa# pred=re ❌  | hz: gt=46.2493 pred=28.13 ❌
    [ 735/1159]   G1 violin  | midi: gt=31 pred=34 ❌  | spn: gt=G1 pred=A#2 ❌  | doremi: gt=sol pred=la ❌  | hz: gt=48.9994 pred=28.13 ❌
    [ 736/1159]  G#1 violin  | midi: gt=32 pred=34 ❌  | spn: gt=G#1 pred=A#2 ❌  | doremi: gt=sol# pred=fa# ❌  | hz: gt=51.9131 pred=28.0 ❌
    [ 737/1159]   A1 violin  | midi: gt=33 pred=34 ❌  | spn: gt=A1 pred=A2 ❌  | doremi: gt=la pred=fa# ❌  | hz: gt=55.0 pred=28.0 ❌
    [ 738/1159]  A#1 violin  | midi: gt=34 pred=34 ✅  | spn: gt=A#1 pred=A2 ❌  | doremi: gt=la# pred=fa# ❌  | hz: gt=58.2705 pred=105.26 ❌
    [ 739/1159]   B1 violin  | midi: gt=35 pred=36 ❌  | spn: gt=B1 pred=B2 ❌  | doremi: gt=si pred=re ❌  | hz: gt=61.7354 pred=210.0 ❌
    [ 740/1159]   C2 violin  | midi: gt=36 pred=36 ✅  | spn: gt=C2 pred=C2 ✅  | doremi: gt=do pred=si ❌  | hz: gt=65.4064 pred=25.0 ❌
    [ 741/1159]  C#2 violin  | midi: gt=37 pred=36 ❌  | spn: gt=C#2 pred=C2 ❌  | doremi: gt=do# pred=re ❌  | hz: gt=69.2957 pred=250.0 ❌
    [ 742/1159]   D2 violin  | midi: gt=38 pred=36 ❌  | spn: gt=D2 pred=C2 ❌  | doremi: gt=re pred=fa# ❌  | hz: gt=73.4162 pred=120.0 ❌
    [ 743/1159]  D#2 violin  | midi: gt=39 pred=36 ❌  | spn: gt=D#2 pred=C2 ❌  | doremi: gt=re# pred=re ❌  | hz: gt=77.7817 pred=160.0 ❌
    [ 744/1159]   E2 violin  | midi: gt=40 pred=36 ❌  | spn: gt=E2 pred=C2 ❌  | doremi: gt=mi pred=fa# ❌  | hz: gt=82.4069 pred=160.0 ❌
    [ 745/1159]   F2 violin  | midi: gt=41 pred=36 ❌  | spn: gt=F2 pred=C2 ❌  | doremi: gt=fa pred=fa# ❌  | hz: gt=87.3071 pred=165.0 ❌
    [ 746/1159]  F#2 violin  | midi: gt=42 pred=36 ❌  | spn: gt=F#2 pred=C2 ❌  | doremi: gt=fa# pred=fa# ✅  | hz: gt=92.4986 pred=165.0 ❌
    [ 747/1159]   G2 violin  | midi: gt=43 pred=43 ✅  | spn: gt=G2 pred=C2 ❌  | doremi: gt=sol pred=sol ✅  | hz: gt=97.9989 pred=435.0 ❌
    [ 748/1159]  G#2 violin  | midi: gt=44 pred=43 ❌  | spn: gt=G#2 pred=G2 ❌  | doremi: gt=sol# pred=sol ❌  | hz: gt=103.8262 pred=45.0 ❌
    [ 749/1159]   A2 violin  | midi: gt=45 pred=43 ❌  | spn: gt=A2 pred=A2 ✅  | doremi: gt=la pred=fa# ❌  | hz: gt=110.0 pred=45.0 ❌
    [ 750/1159]   B2 violin  | midi: gt=47 pred=43 ❌  | spn: gt=B2 pred=B2 ✅  | doremi: gt=si pred=fa# ❌  | hz: gt=123.4708 pred=165.0 ❌
    [ 751/1159]  A#2 violin  | midi: gt=46 pred=45 ❌  | spn: gt=A#2 pred=None ❌  | doremi: gt=la# pred=sol ❌  | hz: gt=116.5409 pred=105.26 ❌
    [ 752/1159]   C3 violin  | midi: gt=48 pred=48 ✅  | spn: gt=C3 pred=C4 ❌  | doremi: gt=do pred=sol ❌  | hz: gt=130.8128 pred=480.0 ❌
    [ 753/1159]  C#3 violin  | midi: gt=49 pred=49 ✅  | spn: gt=C#3 pred=C2 ❌  | doremi: gt=do# pred=sol ❌  | hz: gt=138.5913 pred=105.26 ❌
    [ 754/1159]   D3 violin  | midi: gt=50 pred=48 ❌  | spn: gt=D3 pred=C4 ❌  | doremi: gt=re pred=sol ❌  | hz: gt=146.8324 pred=105.26 ❌
    [ 755/1159]  D#3 violin  | midi: gt=51 pred=51 ✅  | spn: gt=D#3 pred=C4 ❌  | doremi: gt=re# pred=re ❌  | hz: gt=155.5635 pred=49.0 ❌
    [ 756/1159]   E3 violin  | midi: gt=52 pred=53 ❌  | spn: gt=E3 pred=E4 ❌  | doremi: gt=mi pred=re ❌  | hz: gt=164.8138 pred=405.0 ❌
    [ 757/1159]   F3 violin  | midi: gt=53 pred=53 ✅  | spn: gt=F3 pred=F#4 ❌  | doremi: gt=fa pred=mi ❌  | hz: gt=174.6141 pred=435.0 ❌
    [ 758/1159]  F#3 violin  | midi: gt=54 pred=54 ✅  | spn: gt=F#3 pred=F#4 ❌  | doremi: gt=fa# pred=sol ❌  | hz: gt=184.9972 pred=420.0 ❌
    [ 759/1159]   G3 violin  | midi: gt=55 pred=56 ❌  | spn: gt=G3 pred=F4 ❌  | doremi: gt=sol pred=sol ✅  | hz: gt=195.9977 pred=435.0 ❌
    [ 760/1159]  G#3 violin  | midi: gt=56 pred=56 ✅  | spn: gt=G#3 pred=G4 ❌  | doremi: gt=sol# pred=sol ❌  | hz: gt=207.6523 pred=436.0 ❌
    [ 761/1159]   A3 violin  | midi: gt=57 pred=58 ❌  | spn: gt=A3 pred=None ❌  | doremi: gt=la pred=sol ❌  | hz: gt=220.0 pred=450.0 ❌
    [ 762/1159]  A#3 violin  | midi: gt=58 pred=58 ✅  | spn: gt=A#3 pred=None ❌  | doremi: gt=la# pred=sol ❌  | hz: gt=233.0819 pred=450.0 ❌
    [ 763/1159]   B3 violin  | midi: gt=59 pred=63 ❌  | spn: gt=B3 pred=A4 ❌  | doremi: gt=si pred=sol ❌  | hz: gt=246.9417 pred=480.0 ❌
    [ 764/1159]   C4 violin  | midi: gt=60 pred=60 ✅  | spn: gt=C4 pred=C6 ❌  | doremi: gt=do pred=sol ❌  | hz: gt=261.6256 pred=480.0 ❌
    [ 765/1159]  C#4 violin  | midi: gt=61 pred=61 ✅  | spn: gt=C#4 pred=C6 ❌  | doremi: gt=do# pred=sol ❌  | hz: gt=277.1826 pred=60.0 ❌
    [ 766/1159]   D4 violin  | midi: gt=62 pred=62 ✅  | spn: gt=D4 pred=C4 ❌  | doremi: gt=re pred=sol ❌  | hz: gt=293.6648 pred=6250.0 ❌
    [ 767/1159]  D#4 violin  | midi: gt=63 pred=63 ✅  | spn: gt=D#4 pred=D4 ❌  | doremi: gt=re# pred=sol ❌  | hz: gt=311.127 pred=63.0 ❌
    [ 768/1159]   E4 violin  | midi: gt=64 pred=64 ✅  | spn: gt=E4 pred=E4 ✅  | doremi: gt=mi pred=sol ❌  | hz: gt=329.6276 pred=400.0 ❌
    [ 769/1159]   F4 violin  | midi: gt=65 pred=65 ✅  | spn: gt=F4 pred=A#6 ❌  | doremi: gt=fa pred=sol ❌  | hz: gt=349.2282 pred=659.31 ❌
    [ 770/1159]  F#4 violin  | midi: gt=66 pred=68 ❌  | spn: gt=F#4 pred=C6 ❌  | doremi: gt=fa# pred=sol ❌  | hz: gt=369.9944 pred=6750.0 ❌
    [ 771/1159]   G4 violin  | midi: gt=67 pred=67 ✅  | spn: gt=G4 pred=C6 ❌  | doremi: gt=sol pred=sol ✅  | hz: gt=391.9954 pred=6750.0 ❌
    [ 772/1159]  G#4 violin  | midi: gt=68 pred=68 ✅  | spn: gt=G#4 pred=G4 ❌  | doremi: gt=sol# pred=sol ❌  | hz: gt=415.3047 pred=680.0 ❌
    [ 773/1159]   A4 violin  | midi: gt=69 pred=69 ✅  | spn: gt=A4 pred=None ❌  | doremi: gt=la pred=sol ❌  | hz: gt=440.0 pred=450.0 ❌
    [ 774/1159]  A#4 violin  | midi: gt=70 pred=69 ❌  | spn: gt=A#4 pred=None ❌  | doremi: gt=la# pred=sol ❌  | hz: gt=466.1638 pred=695.0 ❌
    [ 775/1159]   B4 violin  | midi: gt=71 pred=68 ❌  | spn: gt=B4 pred=C6 ❌  | doremi: gt=si pred=sol ❌  | hz: gt=493.8833 pred=600.0 ❌
    [ 776/1159]   C5 violin  | midi: gt=72 pred=68 ❌  | spn: gt=C5 pred=C6 ❌  | doremi: gt=do pred=sol ❌  | hz: gt=523.2511 pred=600.0 ❌
    [ 777/1159]  C#5 violin  | midi: gt=73 pred=68 ❌  | spn: gt=C#5 pred=C6 ❌  | doremi: gt=do# pred=sol ❌  | hz: gt=554.3653 pred=601.0 ❌
    [ 778/1159]   D5 violin  | midi: gt=74 pred=64 ❌  | spn: gt=D5 pred=C6 ❌  | doremi: gt=re pred=sol ❌  | hz: gt=587.3295 pred=6750.0 ❌
    [ 779/1159]  D#5 violin  | midi: gt=75 pred=63 ❌  | spn: gt=D#5 pred=C6 ❌  | doremi: gt=re# pred=sol ❌  | hz: gt=622.254 pred=630.0 ❌
    [ 780/1159]   E5 violin  | midi: gt=76 pred=64 ❌  | spn: gt=E5 pred=C6 ❌  | doremi: gt=mi pred=sol ❌  | hz: gt=659.2551 pred=64.0 ❌
    [ 781/1159]   F5 violin  | midi: gt=77 pred=65 ❌  | spn: gt=F5 pred=A#6 ❌  | doremi: gt=fa pred=sol ❌  | hz: gt=698.4565 pred=701.0 ✅
    [ 782/1159]  F#5 violin  | midi: gt=78 pred=68 ❌  | spn: gt=F#5 pred=F6 ❌  | doremi: gt=fa# pred=sol# ❌  | hz: gt=739.9888 pred=6750.0 ❌
    [ 783/1159]   G5 violin  | midi: gt=79 pred=67 ❌  | spn: gt=G5 pred=G6 ❌  | doremi: gt=sol pred=sol ✅  | hz: gt=783.9909 pred=6750.0 ❌
    [ 784/1159]  G#5 violin  | midi: gt=80 pred=68 ❌  | spn: gt=G#5 pred=C6 ❌  | doremi: gt=sol# pred=sol# ✅  | hz: gt=830.6094 pred=680.0 ❌
    [ 785/1159]   A5 violin  | midi: gt=81 pred=83 ❌  | spn: gt=A5 pred=A6 ❌  | doremi: gt=la pred=sol# ❌  | hz: gt=880.0 pred=18650.0 ❌
    [ 786/1159]  A#5 violin  | midi: gt=82 pred=83 ❌  | spn: gt=A#5 pred=A7 ❌  | doremi: gt=la# pred=sol# ❌  | hz: gt=932.3275 pred=1860.0 ❌
    [ 787/1159]   C6 violin  | midi: gt=84 pred=84 ✅  | spn: gt=C6 pred=C6 ✅  | doremi: gt=do pred=sol ❌  | hz: gt=1046.5023 pred=600.0 ❌
    [ 788/1159]   B5 violin  | midi: gt=83 pred=83 ✅  | spn: gt=B5 pred=C6 ❌  | doremi: gt=si pred=sol# ❌  | hz: gt=987.7666 pred=830.41 ❌
    [ 789/1159]   D6 violin  | midi: gt=86 pred=86 ✅  | spn: gt=D6 pred=D6 ✅  | doremi: gt=re pred=sol ❌  | hz: gt=1174.6591 pred=840.0 ❌
    [ 790/1159]  C#6 violin  | midi: gt=85 pred=85 ✅  | spn: gt=C#6 pred=C6 ❌  | doremi: gt=do# pred=sol ❌  | hz: gt=1108.7305 pred=850.0 ❌
    [ 791/1159]  D#6 violin  | midi: gt=87 pred=86 ❌  | spn: gt=D#6 pred=B6 ❌  | doremi: gt=re# pred=fa# ❌  | hz: gt=1244.5079 pred=865.0 ❌
    [ 792/1159]   E6 violin  | midi: gt=88 pred=86 ❌  | spn: gt=E6 pred=E6 ✅  | doremi: gt=mi pred=fa# ❌  | hz: gt=1318.5102 pred=890.63 ❌
    [ 793/1159]   F6 violin  | midi: gt=89 pred=84 ❌  | spn: gt=F6 pred=E6 ❌  | doremi: gt=fa pred=sol# ❌  | hz: gt=1396.9129 pred=890.63 ❌
    [ 794/1159]   F1 cello  | midi: gt=29 pred=34 ❌  | spn: gt=F1 pred=A#2 ❌  | doremi: gt=fa pred=re ❌  | hz: gt=43.6535 pred=210.0 ❌
    [ 795/1159]  F#1 cello  | midi: gt=30 pred=34 ❌  | spn: gt=F#1 pred=A#2 ❌  | doremi: gt=fa# pred=re ❌  | hz: gt=46.2493 pred=105.26 ❌
    [ 796/1159]   G1 cello  | midi: gt=31 pred=34 ❌  | spn: gt=G1 pred=A#2 ❌  | doremi: gt=sol pred=fa# ❌  | hz: gt=48.9994 pred=105.26 ❌
    [ 797/1159]  G#1 cello  | midi: gt=32 pred=34 ❌  | spn: gt=G#1 pred=B2 ❌  | doremi: gt=sol# pred=re ❌  | hz: gt=51.9131 pred=105.26 ❌
    [ 798/1159]   A1 cello  | midi: gt=33 pred=34 ❌  | spn: gt=A1 pred=A#2 ❌  | doremi: gt=la pred=re ❌  | hz: gt=55.0 pred=105.26 ❌
    [ 799/1159]   B1 cello  | midi: gt=35 pred=36 ❌  | spn: gt=B1 pred=A#2 ❌  | doremi: gt=si pred=re ❌  | hz: gt=61.7354 pred=120.0 ❌
    [ 800/1159]  A#1 cello  | midi: gt=34 pred=34 ✅  | spn: gt=A#1 pred=A#2 ❌  | doremi: gt=la# pred=fa# ❌  | hz: gt=58.2705 pred=105.26 ❌
    [ 801/1159]   C2 cello  | midi: gt=36 pred=36 ✅  | spn: gt=C2 pred=C2 ✅  | doremi: gt=do pred=re ❌  | hz: gt=65.4064 pred=120.0 ❌
    [ 802/1159]  C#2 cello  | midi: gt=37 pred=36 ❌  | spn: gt=C#2 pred=C2 ❌  | doremi: gt=do# pred=re ❌  | hz: gt=69.2957 pred=250.0 ❌
    [ 803/1159]   D2 cello  | midi: gt=38 pred=38 ✅  | spn: gt=D2 pred=C2 ❌  | doremi: gt=re pred=re ✅  | hz: gt=73.4162 pred=45.0 ❌
    [ 804/1159]  D#2 cello  | midi: gt=39 pred=36 ❌  | spn: gt=D#2 pred=C2 ❌  | doremi: gt=re# pred=re ❌  | hz: gt=77.7817 pred=250.0 ❌
    [ 805/1159]   F2 cello  | midi: gt=41 pred=42 ❌  | spn: gt=F2 pred=F2 ✅  | doremi: gt=fa pred=mi ❌  | hz: gt=87.3071 pred=42.0 ❌
    [ 806/1159]   E2 cello  | midi: gt=40 pred=40 ✅  | spn: gt=E2 pred=C2 ❌  | doremi: gt=mi pred=re ❌  | hz: gt=82.4069 pred=40.0 ❌
    [ 807/1159]   G2 cello  | midi: gt=43 pred=43 ✅  | spn: gt=G2 pred=G2 ✅  | doremi: gt=sol pred=mi ❌  | hz: gt=97.9989 pred=120.0 ❌
    [ 808/1159]  F#2 cello  | midi: gt=42 pred=43 ❌  | spn: gt=F#2 pred=F#3 ❌  | doremi: gt=fa# pred=sol ❌  | hz: gt=92.4986 pred=420.0 ❌
    [ 809/1159]  G#2 cello  | midi: gt=44 pred=43 ❌  | spn: gt=G#2 pred=C4 ❌  | doremi: gt=sol# pred=re ❌  | hz: gt=103.8262 pred=43.0 ❌
    [ 810/1159]   A2 cello  | midi: gt=45 pred=45 ✅  | spn: gt=A2 pred=A3 ❌  | doremi: gt=la pred=sol ❌  | hz: gt=110.0 pred=450.0 ❌
    [ 811/1159]  A#2 cello  | midi: gt=46 pred=45 ❌  | spn: gt=A#2 pred=A3 ❌  | doremi: gt=la# pred=fa# ❌  | hz: gt=116.5409 pred=450.0 ❌
    [ 812/1159]   B2 cello  | midi: gt=47 pred=46 ❌  | spn: gt=B2 pred=A#4 ❌  | doremi: gt=si pred=fa# ❌  | hz: gt=123.4708 pred=450.0 ❌
    [ 813/1159]   C3 cello  | midi: gt=48 pred=48 ✅  | spn: gt=C3 pred=C2 ❌  | doremi: gt=do pred=sol ❌  | hz: gt=130.8128 pred=48.0 ❌
    [ 814/1159]  C#3 cello  | midi: gt=49 pred=49 ✅  | spn: gt=C#3 pred=C4 ❌  | doremi: gt=do# pred=re ❌  | hz: gt=138.5913 pred=48.0 ❌
    [ 815/1159]   D3 cello  | midi: gt=50 pred=48 ❌  | spn: gt=D3 pred=D4 ❌  | doremi: gt=re pred=mi ❌  | hz: gt=146.8324 pred=480.0 ❌
    [ 816/1159]  D#3 cello  | midi: gt=51 pred=50 ❌  | spn: gt=D#3 pred=C4 ❌  | doremi: gt=re# pred=re ❌  | hz: gt=155.5635 pred=49.0 ❌
    [ 817/1159]   E3 cello  | midi: gt=52 pred=53 ❌  | spn: gt=E3 pred=C4 ❌  | doremi: gt=mi pred=sol ❌  | hz: gt=164.8138 pred=405.0 ❌
    [ 818/1159]   F3 cello  | midi: gt=53 pred=53 ✅  | spn: gt=F3 pred=F4 ❌  | doremi: gt=fa pred=sol ❌  | hz: gt=174.6141 pred=420.0 ❌
    [ 819/1159]  F#3 cello  | midi: gt=54 pred=54 ✅  | spn: gt=F#3 pred=F#4 ❌  | doremi: gt=fa# pred=sol ❌  | hz: gt=184.9972 pred=420.0 ❌
    [ 820/1159]   G3 cello  | midi: gt=55 pred=56 ❌  | spn: gt=G3 pred=C4 ❌  | doremi: gt=sol pred=sol ✅  | hz: gt=195.9977 pred=435.0 ❌
    [ 821/1159]  G#3 cello  | midi: gt=56 pred=56 ✅  | spn: gt=G#3 pred=C4 ❌  | doremi: gt=sol# pred=sol ❌  | hz: gt=207.6523 pred=105.26 ❌
    [ 822/1159]   A3 cello  | midi: gt=57 pred=45 ❌  | spn: gt=A3 pred=None ❌  | doremi: gt=la pred=sol ❌  | hz: gt=220.0 pred=450.0 ❌
    [ 823/1159]  A#3 cello  | midi: gt=58 pred=58 ✅  | spn: gt=A#3 pred=None ❌  | doremi: gt=la# pred=sol ❌  | hz: gt=233.0819 pred=450.0 ❌
    [ 824/1159]   B3 cello  | midi: gt=59 pred=63 ❌  | spn: gt=B3 pred=A#6 ❌  | doremi: gt=si pred=sol ❌  | hz: gt=246.9417 pred=480.0 ❌
    [ 825/1159]   C4 cello  | midi: gt=60 pred=60 ✅  | spn: gt=C4 pred=C4 ✅  | doremi: gt=do pred=sol ❌  | hz: gt=261.6256 pred=480.0 ❌
    [ 826/1159]  C#4 cello  | midi: gt=61 pred=61 ✅  | spn: gt=C#4 pred=C6 ❌  | doremi: gt=do# pred=sol ❌  | hz: gt=277.1826 pred=60.0 ❌
    [ 827/1159]   D4 cello  | midi: gt=62 pred=62 ✅  | spn: gt=D4 pred=D4 ✅  | doremi: gt=re pred=sol ❌  | hz: gt=293.6648 pred=60.0 ❌
    [ 828/1159]  D#4 cello  | midi: gt=63 pred=63 ✅  | spn: gt=D#4 pred=D6 ❌  | doremi: gt=re# pred=sol ❌  | hz: gt=311.127 pred=63.0 ❌
    [ 829/1159]   E4 cello  | midi: gt=64 pred=64 ✅  | spn: gt=E4 pred=E4 ✅  | doremi: gt=mi pred=sol ❌  | hz: gt=329.6276 pred=64.0 ❌
    [ 830/1159]   F4 cello  | midi: gt=65 pred=65 ✅  | spn: gt=F4 pred=C6 ❌  | doremi: gt=fa pred=mi ❌  | hz: gt=349.2282 pred=659.3 ❌
    [ 831/1159]  F#4 cello  | midi: gt=66 pred=65 ❌  | spn: gt=F#4 pred=C6 ❌  | doremi: gt=fa# pred=sol ❌  | hz: gt=369.9944 pred=6750.0 ❌
    [ 832/1159]   G4 cello  | midi: gt=67 pred=63 ❌  | spn: gt=G4 pred=G4 ✅  | doremi: gt=sol pred=sol ✅  | hz: gt=391.9954 pred=6750.0 ❌
    [ 833/1159]  G#4 cello  | midi: gt=68 pred=68 ✅  | spn: gt=G#4 pred=G4 ❌  | doremi: gt=sol# pred=sol ❌  | hz: gt=415.3047 pred=6750.0 ❌
    [ 834/1159]   A4 cello  | midi: gt=69 pred=69 ✅  | spn: gt=A4 pred=A4 ✅  | doremi: gt=la pred=sol ❌  | hz: gt=440.0 pred=435.0 ❌
    [ 835/1159]   B4 cello  | midi: gt=71 pred=68 ❌  | spn: gt=B4 pred=B4 ✅  | doremi: gt=si pred=sol ❌  | hz: gt=493.8833 pred=6750.0 ❌
    [ 836/1159]  A#4 cello  | midi: gt=70 pred=69 ❌  | spn: gt=A#4 pred=None ❌  | doremi: gt=la# pred=sol ❌  | hz: gt=466.1638 pred=693.04 ❌
    [ 837/1159]   C5 cello  | midi: gt=72 pred=68 ❌  | spn: gt=C5 pred=C6 ❌  | doremi: gt=do pred=sol ❌  | hz: gt=523.2511 pred=600.0 ❌
    [ 838/1159]  C#5 cello  | midi: gt=73 pred=68 ❌  | spn: gt=C#5 pred=C6 ❌  | doremi: gt=do# pred=si ❌  | hz: gt=554.3653 pred=600.0 ❌
    [ 839/1159]  D#5 cello  | midi: gt=75 pred=63 ❌  | spn: gt=D#5 pred=C6 ❌  | doremi: gt=re# pred=si ❌  | hz: gt=622.254 pred=6305.0 ❌
    [ 840/1159]   D5 cello  | midi: gt=74 pred=62 ❌  | spn: gt=D5 pred=D6 ❌  | doremi: gt=re pred=sol ❌  | hz: gt=587.3295 pred=6250.0 ❌
    [ 841/1159]   E5 cello  | midi: gt=76 pred=64 ❌  | spn: gt=E5 pred=E6 ❌  | doremi: gt=mi pred=sol ❌  | hz: gt=659.2551 pred=64.0 ❌
    [ 842/1159]   F5 cello  | midi: gt=77 pred=69 ❌  | spn: gt=F5 pred=C6 ❌  | doremi: gt=fa pred=sol ❌  | hz: gt=698.4565 pred=701.0 ✅
    [ 843/1159]  F#5 cello  | midi: gt=78 pred=78 ✅  | spn: gt=F#5 pred=G6 ❌  | doremi: gt=fa# pred=sol# ❌  | hz: gt=739.9888 pred=701.0 ❌
    [ 844/1159]   G5 cello  | midi: gt=79 pred=67 ❌  | spn: gt=G5 pred=G6 ❌  | doremi: gt=sol pred=sol ✅  | hz: gt=783.9909 pred=6750.0 ❌
    [ 845/1159]  G#5 cello  | midi: gt=80 pred=68 ❌  | spn: gt=G#5 pred=G6 ❌  | doremi: gt=sol# pred=sol# ✅  | hz: gt=830.6094 pred=681.0 ❌
    [ 846/1159]   A5 cello  | midi: gt=81 pred=69 ❌  | spn: gt=A5 pred=A#6 ❌  | doremi: gt=la pred=sol ❌  | hz: gt=880.0 pred=None ❌
    [ 847/1159]  A#5 cello  | midi: gt=82 pred=83 ❌  | spn: gt=A#5 pred=B4 ❌  | doremi: gt=la# pred=sol# ❌  | hz: gt=932.3275 pred=1053.67 ❌
    [ 848/1159]   B5 cello  | midi: gt=83 pred=83 ✅  | spn: gt=B5 pred=B6 ❌  | doremi: gt=si pred=sol# ❌  | hz: gt=987.7666 pred=1034.57 ❌
    [ 849/1159]   C6 cello  | midi: gt=84 pred=84 ✅  | spn: gt=C6 pred=C6 ✅  | doremi: gt=do pred=sol# ❌  | hz: gt=1046.5023 pred=1046.53 ✅
    [ 850/1159]  C#6 cello  | midi: gt=85 pred=85 ✅  | spn: gt=C#6 pred=C6 ❌  | doremi: gt=do# pred=sol# ❌  | hz: gt=1108.7305 pred=840.0 ❌
    [ 851/1159]   D6 cello  | midi: gt=86 pred=86 ✅  | spn: gt=D6 pred=D6 ✅  | doremi: gt=re pred=sol ❌  | hz: gt=1174.6591 pred=840.0 ❌
    [ 852/1159]  D#6 cello  | midi: gt=87 pred=86 ❌  | spn: gt=D#6 pred=C6 ❌  | doremi: gt=re# pred=sol# ❌  | hz: gt=1244.5079 pred=870.0 ❌
    [ 853/1159]   F6 cello  | midi: gt=89 pred=89 ✅  | spn: gt=F6 pred=E6 ❌  | doremi: gt=fa pred=sol ❌  | hz: gt=1396.9129 pred=1034.52 ❌
    [ 854/1159]   E6 cello  | midi: gt=88 pred=86 ❌  | spn: gt=E6 pred=E6 ✅  | doremi: gt=mi pred=sol# ❌  | hz: gt=1318.5102 pred=890.71 ❌
    [ 855/1159]  F#1 organ  | midi: gt=30 pred=65 ❌  | spn: gt=F#1 pred=C6 ❌  | doremi: gt=fa# pred=fa# ✅  | hz: gt=46.2493 pred=107.65 ❌
    [ 856/1159]   F1 organ  | midi: gt=29 pred=48 ❌  | spn: gt=F1 pred=C4 ❌  | doremi: gt=fa pred=fa# ❌  | hz: gt=43.6535 pred=107.65 ❌
    [ 857/1159]   G1 organ  | midi: gt=31 pred=43 ❌  | spn: gt=G1 pred=G2 ❌  | doremi: gt=sol pred=sol ✅  | hz: gt=48.9994 pred=107.65 ❌
    [ 858/1159]  G#1 organ  | midi: gt=32 pred=43 ❌  | spn: gt=G#1 pred=C6 ❌  | doremi: gt=sol# pred=sol ❌  | hz: gt=51.9131 pred=107.65 ❌
    [ 859/1159]  A#1 organ  | midi: gt=34 pred=43 ❌  | spn: gt=A#1 pred=A#6 ❌  | doremi: gt=la# pred=fa# ❌  | hz: gt=58.2705 pred=480.0 ❌
    [ 860/1159]   A1 organ  | midi: gt=33 pred=63 ❌  | spn: gt=A1 pred=C6 ❌  | doremi: gt=la pred=fa# ❌  | hz: gt=55.0 pred=1054.87 ❌
    [ 861/1159]   C2 organ  | midi: gt=36 pred=48 ❌  | spn: gt=C2 pred=C2 ✅  | doremi: gt=do pred=sol ❌  | hz: gt=65.4064 pred=107.65 ❌
    [ 862/1159]   B1 organ  | midi: gt=35 pred=63 ❌  | spn: gt=B1 pred=A#6 ❌  | doremi: gt=si pred=fa# ❌  | hz: gt=61.7354 pred=107.65 ❌
    [ 863/1159]  C#2 organ  | midi: gt=37 pred=65 ❌  | spn: gt=C#2 pred=C6 ❌  | doremi: gt=do# pred=fa# ❌  | hz: gt=69.2957 pred=107.65 ❌
    [ 864/1159]   D2 organ  | midi: gt=38 pred=38 ✅  | spn: gt=D2 pred=D2 ✅  | doremi: gt=re pred=fa# ❌  | hz: gt=73.4162 pred=107.65 ❌
    [ 865/1159]  D#2 organ  | midi: gt=39 pred=38 ❌  | spn: gt=D#2 pred=C4 ❌  | doremi: gt=re# pred=fa# ❌  | hz: gt=77.7817 pred=105.26 ❌
    [ 866/1159]   E2 organ  | midi: gt=40 pred=63 ❌  | spn: gt=E2 pred=C6 ❌  | doremi: gt=mi pred=fa# ❌  | hz: gt=82.4069 pred=107.65 ❌
    [ 867/1159]   F2 organ  | midi: gt=41 pred=65 ❌  | spn: gt=F2 pred=C4 ❌  | doremi: gt=fa pred=fa# ❌  | hz: gt=87.3071 pred=480.0 ❌
    [ 868/1159]  F#2 organ  | midi: gt=42 pred=43 ❌  | spn: gt=F#2 pred=F#3 ❌  | doremi: gt=fa# pred=sol ❌  | hz: gt=92.4986 pred=420.0 ❌
    [ 869/1159]   G2 organ  | midi: gt=43 pred=48 ❌  | spn: gt=G2 pred=G2 ✅  | doremi: gt=sol pred=sol ✅  | hz: gt=97.9989 pred=105.26 ❌
    [ 870/1159]  G#2 organ  | midi: gt=44 pred=43 ❌  | spn: gt=G#2 pred=C6 ❌  | doremi: gt=sol# pred=fa# ❌  | hz: gt=103.8262 pred=1052.63 ❌
    [ 871/1159]  A#2 organ  | midi: gt=46 pred=46 ✅  | spn: gt=A#2 pred=None ❌  | doremi: gt=la# pred=fa# ❌  | hz: gt=116.5409 pred=460.0 ❌
    [ 872/1159]   A2 organ  | midi: gt=45 pred=45 ✅  | spn: gt=A2 pred=None ❌  | doremi: gt=la pred=sol ❌  | hz: gt=110.0 pred=1054.72 ❌
    [ 873/1159]   C3 organ  | midi: gt=48 pred=48 ✅  | spn: gt=C3 pred=C2 ❌  | doremi: gt=do pred=sol ❌  | hz: gt=130.8128 pred=480.0 ❌
    [ 874/1159]   B2 organ  | midi: gt=47 pred=48 ❌  | spn: gt=B2 pred=A#6 ❌  | doremi: gt=si pred=fa# ❌  | hz: gt=123.4708 pred=105.26 ❌
    [ 875/1159]  C#3 organ  | midi: gt=49 pred=61 ❌  | spn: gt=C#3 pred=C6 ❌  | doremi: gt=do# pred=sol ❌  | hz: gt=138.5913 pred=107.65 ❌
    [ 876/1159]   D3 organ  | midi: gt=50 pred=62 ❌  | spn: gt=D3 pred=D4 ❌  | doremi: gt=re pred=sol ❌  | hz: gt=146.8324 pred=107.65 ❌
    [ 877/1159]   E3 organ  | midi: gt=52 pred=64 ❌  | spn: gt=E3 pred=E4 ❌  | doremi: gt=mi pred=fa# ❌  | hz: gt=164.8138 pred=64.0 ❌
    [ 878/1159]  D#3 organ  | midi: gt=51 pred=63 ❌  | spn: gt=D#3 pred=C4 ❌  | doremi: gt=re# pred=sol# ❌  | hz: gt=155.5635 pred=1052.63 ❌
    [ 879/1159]   F3 organ  | midi: gt=53 pred=65 ❌  | spn: gt=F3 pred=F#4 ❌  | doremi: gt=fa pred=sol ❌  | hz: gt=174.6141 pred=65.0 ❌
    [ 880/1159]  F#3 organ  | midi: gt=54 pred=66 ❌  | spn: gt=F#3 pred=F#4 ❌  | doremi: gt=fa# pred=sol ❌  | hz: gt=184.9972 pred=659.3 ❌
    [ 881/1159]   G3 organ  | midi: gt=55 pred=63 ❌  | spn: gt=G3 pred=G2 ❌  | doremi: gt=sol pred=sol ✅  | hz: gt=195.9977 pred=480.0 ❌
    [ 882/1159]  G#3 organ  | midi: gt=56 pred=68 ❌  | spn: gt=G#3 pred=C6 ❌  | doremi: gt=sol# pred=sol ❌  | hz: gt=207.6523 pred=1052.63 ❌
    [ 883/1159]   A3 organ  | midi: gt=57 pred=69 ❌  | spn: gt=A3 pred=None ❌  | doremi: gt=la pred=sol ❌  | hz: gt=220.0 pred=450.0 ❌
    [ 884/1159]  A#3 organ  | midi: gt=58 pred=58 ✅  | spn: gt=A#3 pred=None ❌  | doremi: gt=la# pred=sol ❌  | hz: gt=233.0819 pred=450.0 ❌
    [ 885/1159]   B3 organ  | midi: gt=59 pred=63 ❌  | spn: gt=B3 pred=A#6 ❌  | doremi: gt=si pred=sol ❌  | hz: gt=246.9417 pred=480.0 ❌
    [ 886/1159]   C4 organ  | midi: gt=60 pred=60 ✅  | spn: gt=C4 pred=C6 ❌  | doremi: gt=do pred=sol ❌  | hz: gt=261.6256 pred=480.0 ❌
    [ 887/1159]  C#4 organ  | midi: gt=61 pred=61 ✅  | spn: gt=C#4 pred=C6 ❌  | doremi: gt=do# pred=sol ❌  | hz: gt=277.1826 pred=61.0 ❌
    [ 888/1159]   D4 organ  | midi: gt=62 pred=62 ✅  | spn: gt=D4 pred=D6 ❌  | doremi: gt=re pred=sol ❌  | hz: gt=293.6648 pred=6250.0 ❌
    [ 889/1159]  D#4 organ  | midi: gt=63 pred=63 ✅  | spn: gt=D#4 pred=D6 ❌  | doremi: gt=re# pred=sol ❌  | hz: gt=311.127 pred=504.0 ❌
    [ 890/1159]   E4 organ  | midi: gt=64 pred=64 ✅  | spn: gt=E4 pred=E4 ✅  | doremi: gt=mi pred=sol ❌  | hz: gt=329.6276 pred=640.0 ❌
    [ 891/1159]   F4 organ  | midi: gt=65 pred=65 ✅  | spn: gt=F4 pred=E4 ❌  | doremi: gt=fa pred=sol ❌  | hz: gt=349.2282 pred=659.3 ❌
    [ 892/1159]  F#4 organ  | midi: gt=66 pred=66 ✅  | spn: gt=F#4 pred=F#6 ❌  | doremi: gt=fa# pred=sol# ❌  | hz: gt=369.9944 pred=659.3 ❌
    [ 893/1159]   G4 organ  | midi: gt=67 pred=67 ✅  | spn: gt=G4 pred=G6 ❌  | doremi: gt=sol pred=sol ✅  | hz: gt=391.9954 pred=6750.0 ❌
    [ 894/1159]  G#4 organ  | midi: gt=68 pred=68 ✅  | spn: gt=G#4 pred=G6 ❌  | doremi: gt=sol# pred=sol# ✅  | hz: gt=415.3047 pred=680.0 ❌
    [ 895/1159]   A4 organ  | midi: gt=69 pred=69 ✅  | spn: gt=A4 pred=None ❌  | doremi: gt=la pred=sol ❌  | hz: gt=440.0 pred=693.0 ❌
    [ 896/1159]  A#4 organ  | midi: gt=70 pred=69 ❌  | spn: gt=A#4 pred=None ❌  | doremi: gt=la# pred=sol ❌  | hz: gt=466.1638 pred=695.0 ❌
    [ 897/1159]   B4 organ  | midi: gt=71 pred=63 ❌  | spn: gt=B4 pred=B6 ❌  | doremi: gt=si pred=sol ❌  | hz: gt=493.8833 pred=1034.52 ❌
    [ 898/1159]   C5 organ  | midi: gt=72 pred=60 ❌  | spn: gt=C5 pred=C6 ❌  | doremi: gt=do pred=sol ❌  | hz: gt=523.2511 pred=480.0 ❌
    [ 899/1159]  C#5 organ  | midi: gt=73 pred=68 ❌  | spn: gt=C#5 pred=C6 ❌  | doremi: gt=do# pred=sol# ❌  | hz: gt=554.3653 pred=6120.0 ❌
    [ 900/1159]   D5 organ  | midi: gt=74 pred=62 ❌  | spn: gt=D5 pred=D6 ❌  | doremi: gt=re pred=sol ❌  | hz: gt=587.3295 pred=625.0 ❌
    [ 901/1159]   E5 organ  | midi: gt=76 pred=64 ❌  | spn: gt=E5 pred=E6 ❌  | doremi: gt=mi pred=sol ❌  | hz: gt=659.2551 pred=640.0 ❌
    [ 902/1159]  D#5 organ  | midi: gt=75 pred=63 ❌  | spn: gt=D#5 pred=C6 ❌  | doremi: gt=re# pred=sol# ❌  | hz: gt=622.254 pred=630.95 ❌
    [ 903/1159]   F5 organ  | midi: gt=77 pred=65 ❌  | spn: gt=F5 pred=F6 ❌  | doremi: gt=fa pred=sol ❌  | hz: gt=698.4565 pred=701.0 ✅
    [ 904/1159]  F#5 organ  | midi: gt=78 pred=78 ✅  | spn: gt=F#5 pred=F6 ❌  | doremi: gt=fa# pred=sol# ❌  | hz: gt=739.9888 pred=701.0 ❌
    [ 905/1159]   G5 organ  | midi: gt=79 pred=69 ❌  | spn: gt=G5 pred=C6 ❌  | doremi: gt=sol pred=sol ✅  | hz: gt=783.9909 pred=6750.0 ❌
    [ 906/1159]  G#5 organ  | midi: gt=80 pred=80 ✅  | spn: gt=G#5 pred=G6 ❌  | doremi: gt=sol# pred=sol ❌  | hz: gt=830.6094 pred=450.0 ❌
    [ 907/1159]  A#5 organ  | midi: gt=82 pred=83 ❌  | spn: gt=A#5 pred=B6 ❌  | doremi: gt=la# pred=sol ❌  | hz: gt=932.3275 pred=8250.0 ❌
    [ 908/1159]   A5 organ  | midi: gt=81 pred=86 ❌  | spn: gt=A5 pred=A6 ❌  | doremi: gt=la pred=sol ❌  | hz: gt=880.0 pred=1052.63 ❌
    [ 909/1159]   C6 organ  | midi: gt=84 pred=84 ✅  | spn: gt=C6 pred=C6 ✅  | doremi: gt=do pred=sol ❌  | hz: gt=1046.5023 pred=840.0 ❌
    [ 910/1159]   B5 organ  | midi: gt=83 pred=83 ✅  | spn: gt=B5 pred=C6 ❌  | doremi: gt=si pred=sol ❌  | hz: gt=987.7666 pred=1034.52 ❌
    [ 911/1159]  C#6 organ  | midi: gt=85 pred=85 ✅  | spn: gt=C#6 pred=C6 ❌  | doremi: gt=do# pred=sol# ❌  | hz: gt=1108.7305 pred=1800.0 ❌
    [ 912/1159]   D6 organ  | midi: gt=86 pred=86 ✅  | spn: gt=D6 pred=D6 ✅  | doremi: gt=re pred=sol# ❌  | hz: gt=1174.6591 pred=1034.52 ❌
    [ 913/1159]  D#6 organ  | midi: gt=87 pred=87 ✅  | spn: gt=D#6 pred=B6 ❌  | doremi: gt=re# pred=sol# ❌  | hz: gt=1244.5079 pred=1860.0 ❌
    [ 914/1159]   E6 organ  | midi: gt=88 pred=83 ❌  | spn: gt=E6 pred=E6 ✅  | doremi: gt=mi pred=sol# ❌  | hz: gt=1318.5102 pred=8105.26 ❌
    [ 915/1159]   F6 organ  | midi: gt=89 pred=89 ✅  | spn: gt=F6 pred=F6 ✅  | doremi: gt=fa pred=sol# ❌  | hz: gt=1396.9129 pred=890.71 ❌
    [ 916/1159]   F1 bass  | midi: gt=29 pred=34 ❌  | spn: gt=F1 pred=A#2 ❌  | doremi: gt=fa pred=fa# ❌  | hz: gt=43.6535 pred=105.26 ❌
    [ 917/1159]  F#1 bass  | midi: gt=30 pred=34 ❌  | spn: gt=F#1 pred=A#2 ❌  | doremi: gt=fa# pred=fa# ✅  | hz: gt=46.2493 pred=105.26 ❌
    [ 918/1159]   G1 bass  | midi: gt=31 pred=34 ❌  | spn: gt=G1 pred=A#2 ❌  | doremi: gt=sol pred=fa# ❌  | hz: gt=48.9994 pred=105.26 ❌
    [ 919/1159]  G#1 bass  | midi: gt=32 pred=34 ❌  | spn: gt=G#1 pred=A#2 ❌  | doremi: gt=sol# pred=fa# ❌  | hz: gt=51.9131 pred=105.26 ❌
    [ 920/1159]   A1 bass  | midi: gt=33 pred=34 ❌  | spn: gt=A1 pred=A#2 ❌  | doremi: gt=la pred=fa# ❌  | hz: gt=55.0 pred=105.26 ❌
    [ 921/1159]  A#1 bass  | midi: gt=34 pred=35 ❌  | spn: gt=A#1 pred=A#2 ❌  | doremi: gt=la# pred=fa# ❌  | hz: gt=58.2705 pred=450.0 ❌
    [ 922/1159]   B1 bass  | midi: gt=35 pred=35 ✅  | spn: gt=B1 pred=C4 ❌  | doremi: gt=si pred=fa# ❌  | hz: gt=61.7354 pred=480.0 ❌
    [ 923/1159]   C2 bass  | midi: gt=36 pred=36 ✅  | spn: gt=C2 pred=C4 ❌  | doremi: gt=do pred=fa# ❌  | hz: gt=65.4064 pred=480.0 ❌
    [ 924/1159]  C#2 bass  | midi: gt=37 pred=36 ❌  | spn: gt=C#2 pred=C2 ❌  | doremi: gt=do# pred=sol ❌  | hz: gt=69.2957 pred=48.0 ❌
    [ 925/1159]   D2 bass  | midi: gt=38 pred=36 ❌  | spn: gt=D2 pred=C4 ❌  | doremi: gt=re pred=sol ❌  | hz: gt=73.4162 pred=48.0 ❌
    [ 926/1159]  D#2 bass  | midi: gt=39 pred=36 ❌  | spn: gt=D#2 pred=C4 ❌  | doremi: gt=re# pred=sol ❌  | hz: gt=77.7817 pred=48.0 ❌
    [ 927/1159]   E2 bass  | midi: gt=40 pred=43 ❌  | spn: gt=E2 pred=C4 ❌  | doremi: gt=mi pred=sol ❌  | hz: gt=82.4069 pred=480.0 ❌
    [ 928/1159]   F2 bass  | midi: gt=41 pred=43 ❌  | spn: gt=F2 pred=C4 ❌  | doremi: gt=fa pred=fa# ❌  | hz: gt=87.3071 pred=480.0 ❌
    [ 929/1159]  F#2 bass  | midi: gt=42 pred=43 ❌  | spn: gt=F#2 pred=A#2 ❌  | doremi: gt=fa# pred=fa# ✅  | hz: gt=92.4986 pred=420.0 ❌
    [ 930/1159]   G2 bass  | midi: gt=43 pred=43 ✅  | spn: gt=G2 pred=F#2 ❌  | doremi: gt=sol pred=sol ✅  | hz: gt=97.9989 pred=435.0 ❌
    [ 931/1159]  G#2 bass  | midi: gt=44 pred=45 ❌  | spn: gt=G#2 pred=A#2 ❌  | doremi: gt=sol# pred=sol ❌  | hz: gt=103.8262 pred=450.0 ❌
    [ 932/1159]   A2 bass  | midi: gt=45 pred=45 ✅  | spn: gt=A2 pred=A4 ❌  | doremi: gt=la pred=sol ❌  | hz: gt=110.0 pred=450.0 ❌
    [ 933/1159]  A#2 bass  | midi: gt=46 pred=46 ✅  | spn: gt=A#2 pred=A#2 ✅  | doremi: gt=la# pred=sol ❌  | hz: gt=116.5409 pred=460.0 ❌
    [ 934/1159]   B2 bass  | midi: gt=47 pred=48 ❌  | spn: gt=B2 pred=B4 ❌  | doremi: gt=si pred=sol ❌  | hz: gt=123.4708 pred=480.0 ❌
    [ 935/1159]   C3 bass  | midi: gt=48 pred=48 ✅  | spn: gt=C3 pred=C4 ❌  | doremi: gt=do pred=sol ❌  | hz: gt=130.8128 pred=480.0 ❌
    [ 936/1159]  C#3 bass  | midi: gt=49 pred=48 ❌  | spn: gt=C#3 pred=C4 ❌  | doremi: gt=do# pred=sol ❌  | hz: gt=138.5913 pred=480.0 ❌
    [ 937/1159]   D3 bass  | midi: gt=50 pred=50 ✅  | spn: gt=D3 pred=C4 ❌  | doremi: gt=re pred=sol ❌  | hz: gt=146.8324 pred=480.0 ❌
    [ 938/1159]  D#3 bass  | midi: gt=51 pred=53 ❌  | spn: gt=D#3 pred=C4 ❌  | doremi: gt=re# pred=sol ❌  | hz: gt=155.5635 pred=50.0 ❌
    [ 939/1159]   E3 bass  | midi: gt=52 pred=53 ❌  | spn: gt=E3 pred=C4 ❌  | doremi: gt=mi pred=mi ✅  | hz: gt=164.8138 pred=521.0 ❌
    [ 940/1159]   F3 bass  | midi: gt=53 pred=53 ✅  | spn: gt=F3 pred=F#2 ❌  | doremi: gt=fa pred=mi ❌  | hz: gt=174.6141 pred=480.0 ❌
    [ 941/1159]  F#3 bass  | midi: gt=54 pred=54 ✅  | spn: gt=F#3 pred=F#2 ❌  | doremi: gt=fa# pred=sol ❌  | hz: gt=184.9972 pred=435.0 ❌
    [ 942/1159]   G3 bass  | midi: gt=55 pred=56 ❌  | spn: gt=G3 pred=G4 ❌  | doremi: gt=sol pred=sol ✅  | hz: gt=195.9977 pred=435.0 ❌
    [ 943/1159]  G#3 bass  | midi: gt=56 pred=56 ✅  | spn: gt=G#3 pred=C4 ❌  | doremi: gt=sol# pred=sol ❌  | hz: gt=207.6523 pred=450.0 ❌
    [ 944/1159]   A3 bass  | midi: gt=57 pred=58 ❌  | spn: gt=A3 pred=A4 ❌  | doremi: gt=la pred=sol ❌  | hz: gt=220.0 pred=450.0 ❌
    [ 945/1159]  A#3 bass  | midi: gt=58 pred=58 ✅  | spn: gt=A#3 pred=A#2 ❌  | doremi: gt=la# pred=sol ❌  | hz: gt=233.0819 pred=450.0 ❌
    [ 946/1159]   B3 bass  | midi: gt=59 pred=59 ✅  | spn: gt=B3 pred=B4 ❌  | doremi: gt=si pred=sol ❌  | hz: gt=246.9417 pred=450.0 ❌
    [ 947/1159]   C4 bass  | midi: gt=60 pred=60 ✅  | spn: gt=C4 pred=C4 ✅  | doremi: gt=do pred=sol ❌  | hz: gt=261.6256 pred=480.0 ❌
    [ 948/1159]  C#4 bass  | midi: gt=61 pred=63 ❌  | spn: gt=C#4 pred=C6 ❌  | doremi: gt=do# pred=sol ❌  | hz: gt=277.1826 pred=60.0 ❌
    [ 949/1159]   D4 bass  | midi: gt=62 pred=62 ✅  | spn: gt=D4 pred=D4 ✅  | doremi: gt=re pred=sol ❌  | hz: gt=293.6648 pred=625.0 ❌
    [ 950/1159]  D#4 bass  | midi: gt=63 pred=63 ✅  | spn: gt=D#4 pred=D6 ❌  | doremi: gt=re# pred=sol ❌  | hz: gt=311.127 pred=630.51 ❌
    [ 951/1159]   E4 bass  | midi: gt=64 pred=64 ✅  | spn: gt=E4 pred=C6 ❌  | doremi: gt=mi pred=sol ❌  | hz: gt=329.6276 pred=659.3 ❌
    [ 952/1159]   F4 bass  | midi: gt=65 pred=65 ✅  | spn: gt=F4 pred=C6 ❌  | doremi: gt=fa pred=sol ❌  | hz: gt=349.2282 pred=659.3 ❌
    [ 953/1159]  F#4 bass  | midi: gt=66 pred=65 ❌  | spn: gt=F#4 pred=C6 ❌  | doremi: gt=fa# pred=sol ❌  | hz: gt=369.9944 pred=670.0 ❌
    [ 954/1159]   G4 bass  | midi: gt=67 pred=67 ✅  | spn: gt=G4 pred=C6 ❌  | doremi: gt=sol pred=sol ✅  | hz: gt=391.9954 pred=570.0 ❌
    [ 955/1159]  G#4 bass  | midi: gt=68 pred=68 ✅  | spn: gt=G#4 pred=C6 ❌  | doremi: gt=sol# pred=sol# ✅  | hz: gt=415.3047 pred=583.0 ❌
    [ 956/1159]   A4 bass  | midi: gt=69 pred=69 ✅  | spn: gt=A4 pred=C6 ❌  | doremi: gt=la pred=fa# ❌  | hz: gt=440.0 pred=695.0 ❌
    [ 957/1159]  A#4 bass  | midi: gt=70 pred=69 ❌  | spn: gt=A#4 pred=A7 ❌  | doremi: gt=la# pred=fa# ❌  | hz: gt=466.1638 pred=460.0 ❌
    [ 958/1159]   B4 bass  | midi: gt=71 pred=69 ❌  | spn: gt=B4 pred=B7 ❌  | doremi: gt=si pred=fa# ❌  | hz: gt=493.8833 pred=705.0 ❌
    [ 959/1159]   C5 bass  | midi: gt=72 pred=60 ❌  | spn: gt=C5 pred=C6 ❌  | doremi: gt=do pred=sol ❌  | hz: gt=523.2511 pred=60.0 ❌
    [ 960/1159]  C#5 bass  | midi: gt=73 pred=68 ❌  | spn: gt=C#5 pred=C6 ❌  | doremi: gt=do# pred=sol# ❌  | hz: gt=554.3653 pred=6750.0 ❌
    [ 961/1159]   D5 bass  | midi: gt=74 pred=62 ❌  | spn: gt=D5 pred=D7 ❌  | doremi: gt=re pred=re ✅  | hz: gt=587.3295 pred=745.0 ❌
    [ 962/1159]  D#5 bass  | midi: gt=75 pred=69 ❌  | spn: gt=D#5 pred=C7 ❌  | doremi: gt=re# pred=re ❌  | hz: gt=622.254 pred=745.0 ❌
    [ 963/1159]   E5 bass  | midi: gt=76 pred=64 ❌  | spn: gt=E5 pred=C7 ❌  | doremi: gt=mi pred=sol# ❌  | hz: gt=659.2551 pred=702.0 ❌
    [ 964/1159]   F5 bass  | midi: gt=77 pred=73 ❌  | spn: gt=F5 pred=C7 ❌  | doremi: gt=fa pred=sol# ❌  | hz: gt=698.4565 pred=702.0 ✅
    [ 965/1159]  F#5 bass  | midi: gt=78 pred=78 ✅  | spn: gt=F#5 pred=F7 ❌  | doremi: gt=fa# pred=sol# ❌  | hz: gt=739.9888 pred=701.0 ❌
    [ 966/1159]   G5 bass  | midi: gt=79 pred=67 ❌  | spn: gt=G5 pred=C7 ❌  | doremi: gt=sol pred=sol# ❌  | hz: gt=783.9909 pred=795.0 ❌
    [ 967/1159]  G#5 bass  | midi: gt=80 pred=80 ✅  | spn: gt=G#5 pred=C6 ❌  | doremi: gt=sol# pred=sol# ✅  | hz: gt=830.6094 pred=805.0 ❌
    [ 968/1159]   A5 bass  | midi: gt=81 pred=81 ✅  | spn: gt=A5 pred=A7 ❌  | doremi: gt=la pred=la# ❌  | hz: gt=880.0 pred=8150.0 ❌
    [ 969/1159]  A#5 bass  | midi: gt=82 pred=83 ❌  | spn: gt=A#5 pred=A7 ❌  | doremi: gt=la# pred=sol# ❌  | hz: gt=932.3275 pred=8250.0 ❌
    [ 970/1159]   B5 bass  | midi: gt=83 pred=83 ✅  | spn: gt=B5 pred=B7 ❌  | doremi: gt=si pred=si ✅  | hz: gt=987.7666 pred=830.41 ❌
    [ 971/1159]   C6 bass  | midi: gt=84 pred=84 ✅  | spn: gt=C6 pred=C6 ✅  | doremi: gt=do pred=si ❌  | hz: gt=1046.5023 pred=840.0 ❌
    [ 972/1159]  C#6 bass  | midi: gt=85 pred=85 ✅  | spn: gt=C#6 pred=C6 ❌  | doremi: gt=do# pred=sol# ❌  | hz: gt=1108.7305 pred=850.0 ❌
    [ 973/1159]   D6 bass  | midi: gt=86 pred=86 ✅  | spn: gt=D6 pred=D7 ❌  | doremi: gt=re pred=sol# ❌  | hz: gt=1174.6591 pred=865.0 ❌
    [ 974/1159]  D#6 bass  | midi: gt=87 pred=86 ❌  | spn: gt=D#6 pred=C6 ❌  | doremi: gt=re# pred=sol# ❌  | hz: gt=1244.5079 pred=865.0 ❌
    [ 975/1159]   E6 bass  | midi: gt=88 pred=88 ✅  | spn: gt=E6 pred=F#7 ❌  | doremi: gt=mi pred=fa# ❌  | hz: gt=1318.5102 pred=805.0 ❌
    [ 976/1159]   F6 bass  | midi: gt=89 pred=89 ✅  | spn: gt=F6 pred=C7 ❌  | doremi: gt=fa pred=sol# ❌  | hz: gt=1396.9129 pred=8250.0 ❌
    [ 977/1159]   F1 synth_lead  | midi: gt=29 pred=36 ❌  | spn: gt=F1 pred=C2 ❌  | doremi: gt=fa pred=fa# ❌  | hz: gt=43.6535 pred=105.26 ❌
    [ 978/1159]  F#1 synth_lead  | midi: gt=30 pred=63 ❌  | spn: gt=F#1 pred=C6 ❌  | doremi: gt=fa# pred=fa# ✅  | hz: gt=46.2493 pred=150.0 ❌
    [ 979/1159]   G1 synth_lead  | midi: gt=31 pred=35 ❌  | spn: gt=G1 pred=C2 ❌  | doremi: gt=sol pred=fa# ❌  | hz: gt=48.9994 pred=150.0 ❌
    [ 980/1159]  G#1 synth_lead  | midi: gt=32 pred=48 ❌  | spn: gt=G#1 pred=C2 ❌  | doremi: gt=sol# pred=fa# ❌  | hz: gt=51.9131 pred=120.0 ❌
    [ 981/1159]   A1 synth_lead  | midi: gt=33 pred=48 ❌  | spn: gt=A1 pred=C6 ❌  | doremi: gt=la pred=fa# ❌  | hz: gt=55.0 pred=120.0 ❌
    [ 982/1159]  A#1 synth_lead  | midi: gt=34 pred=48 ❌  | spn: gt=A#1 pred=C6 ❌  | doremi: gt=la# pred=fa# ❌  | hz: gt=58.2705 pred=120.0 ❌
    [ 983/1159]   B1 synth_lead  | midi: gt=35 pred=65 ❌  | spn: gt=B1 pred=C6 ❌  | doremi: gt=si pred=fa# ❌  | hz: gt=61.7354 pred=120.0 ❌
    [ 984/1159]   C2 synth_lead  | midi: gt=36 pred=45 ❌  | spn: gt=C2 pred=C6 ❌  | doremi: gt=do pred=fa# ❌  | hz: gt=65.4064 pred=150.0 ❌
    [ 985/1159]  C#2 synth_lead  | midi: gt=37 pred=63 ❌  | spn: gt=C#2 pred=C6 ❌  | doremi: gt=do# pred=fa# ❌  | hz: gt=69.2957 pred=120.0 ❌
    [ 986/1159]   D2 synth_lead  | midi: gt=38 pred=48 ❌  | spn: gt=D2 pred=C6 ❌  | doremi: gt=re pred=fa# ❌  | hz: gt=73.4162 pred=120.0 ❌
    [ 987/1159]  D#2 synth_lead  | midi: gt=39 pred=48 ❌  | spn: gt=D#2 pred=C4 ❌  | doremi: gt=re# pred=fa# ❌  | hz: gt=77.7817 pred=120.0 ❌
    [ 988/1159]   E2 synth_lead  | midi: gt=40 pred=48 ❌  | spn: gt=E2 pred=C6 ❌  | doremi: gt=mi pred=fa# ❌  | hz: gt=82.4069 pred=120.0 ❌
    [ 989/1159]   F2 synth_lead  | midi: gt=41 pred=63 ❌  | spn: gt=F2 pred=C6 ❌  | doremi: gt=fa pred=fa# ❌  | hz: gt=87.3071 pred=1200.0 ❌
    [ 990/1159]  F#2 synth_lead  | midi: gt=42 pred=48 ❌  | spn: gt=F#2 pred=C6 ❌  | doremi: gt=fa# pred=fa# ✅  | hz: gt=92.4986 pred=1200.0 ❌
    [ 991/1159]   G2 synth_lead  | midi: gt=43 pred=43 ✅  | spn: gt=G2 pred=C6 ❌  | doremi: gt=sol pred=fa# ❌  | hz: gt=97.9989 pred=480.0 ❌
    [ 992/1159]  G#2 synth_lead  | midi: gt=44 pred=43 ❌  | spn: gt=G#2 pred=A#6 ❌  | doremi: gt=sol# pred=sol# ✅  | hz: gt=103.8262 pred=1200.0 ❌
    [ 993/1159]   A2 synth_lead  | midi: gt=45 pred=48 ❌  | spn: gt=A2 pred=C6 ❌  | doremi: gt=la pred=fa# ❌  | hz: gt=110.0 pred=1500.0 ❌
    [ 994/1159]   B2 synth_lead  | midi: gt=47 pred=48 ❌  | spn: gt=B2 pred=A#2 ❌  | doremi: gt=si pred=fa# ❌  | hz: gt=123.4708 pred=176.47 ❌
    [ 995/1159]  A#2 synth_lead  | midi: gt=46 pred=45 ❌  | spn: gt=A#2 pred=None ❌  | doremi: gt=la# pred=fa# ❌  | hz: gt=116.5409 pred=150.0 ❌
    [ 996/1159]   C3 synth_lead  | midi: gt=48 pred=48 ✅  | spn: gt=C3 pred=C6 ❌  | doremi: gt=do pred=fa# ❌  | hz: gt=130.8128 pred=480.0 ❌
    [ 997/1159]  C#3 synth_lead  | midi: gt=49 pred=48 ❌  | spn: gt=C#3 pred=C6 ❌  | doremi: gt=do# pred=fa# ❌  | hz: gt=138.5913 pred=1200.0 ❌
    [ 998/1159]   D3 synth_lead  | midi: gt=50 pred=64 ❌  | spn: gt=D3 pred=C6 ❌  | doremi: gt=re pred=fa# ❌  | hz: gt=146.8324 pred=1200.0 ❌
    [ 999/1159]  D#3 synth_lead  | midi: gt=51 pred=63 ❌  | spn: gt=D#3 pred=C6 ❌  | doremi: gt=re# pred=fa# ❌  | hz: gt=155.5635 pred=1200.0 ❌
    [1000/1159]   F3 synth_lead  | midi: gt=53 pred=63 ❌  | spn: gt=F3 pred=C6 ❌  | doremi: gt=fa pred=fa# ❌  | hz: gt=174.6141 pred=1200.0 ❌
    [1001/1159]   E3 synth_lead  | midi: gt=52 pred=63 ❌  | spn: gt=E3 pred=C6 ❌  | doremi: gt=mi pred=fa# ❌  | hz: gt=164.8138 pred=1200.0 ❌
    [1002/1159]  F#3 synth_lead  | midi: gt=54 pred=54 ✅  | spn: gt=F#3 pred=C6 ❌  | doremi: gt=fa# pred=fa# ✅  | hz: gt=184.9972 pred=480.0 ❌
    [1003/1159]   G3 synth_lead  | midi: gt=55 pred=63 ❌  | spn: gt=G3 pred=C6 ❌  | doremi: gt=sol pred=sol# ❌  | hz: gt=195.9977 pred=1200.0 ❌
    [1004/1159]  G#3 synth_lead  | midi: gt=56 pred=56 ✅  | spn: gt=G#3 pred=C6 ❌  | doremi: gt=sol# pred=sol# ✅  | hz: gt=207.6523 pred=1680.0 ❌
    [1005/1159]   A3 synth_lead  | midi: gt=57 pred=45 ❌  | spn: gt=A3 pred=None ❌  | doremi: gt=la pred=sol# ❌  | hz: gt=220.0 pred=1680.0 ❌
    [1006/1159]  A#3 synth_lead  | midi: gt=58 pred=58 ✅  | spn: gt=A#3 pred=A#2 ❌  | doremi: gt=la# pred=fa# ❌  | hz: gt=233.0819 pred=460.0 ❌
    [1007/1159]   B3 synth_lead  | midi: gt=59 pred=46 ❌  | spn: gt=B3 pred=A#2 ❌  | doremi: gt=si pred=fa# ❌  | hz: gt=246.9417 pred=480.0 ❌
    [1008/1159]   C4 synth_lead  | midi: gt=60 pred=60 ✅  | spn: gt=C4 pred=C6 ❌  | doremi: gt=do pred=sol ❌  | hz: gt=261.6256 pred=480.0 ❌
    [1009/1159]  C#4 synth_lead  | midi: gt=61 pred=61 ✅  | spn: gt=C#4 pred=C6 ❌  | doremi: gt=do# pred=fa# ❌  | hz: gt=277.1826 pred=480.0 ❌
    [1010/1159]   D4 synth_lead  | midi: gt=62 pred=63 ❌  | spn: gt=D4 pred=D6 ❌  | doremi: gt=re pred=sol ❌  | hz: gt=293.6648 pred=480.0 ❌
    [1011/1159]  D#4 synth_lead  | midi: gt=63 pred=63 ✅  | spn: gt=D#4 pred=D6 ❌  | doremi: gt=re# pred=sol# ❌  | hz: gt=311.127 pred=1200.0 ❌
    [1012/1159]   E4 synth_lead  | midi: gt=64 pred=64 ✅  | spn: gt=E4 pred=C6 ❌  | doremi: gt=mi pred=sol# ❌  | hz: gt=329.6276 pred=1250.0 ❌
    [1013/1159]   F4 synth_lead  | midi: gt=65 pred=65 ✅  | spn: gt=F4 pred=C6 ❌  | doremi: gt=fa pred=sol# ❌  | hz: gt=349.2282 pred=1052.63 ❌
    [1014/1159]  F#4 synth_lead  | midi: gt=66 pred=65 ❌  | spn: gt=F#4 pred=C6 ❌  | doremi: gt=fa# pred=sol# ❌  | hz: gt=369.9944 pred=480.0 ❌
    [1015/1159]   G4 synth_lead  | midi: gt=67 pred=63 ❌  | spn: gt=G4 pred=C6 ❌  | doremi: gt=sol pred=sol ✅  | hz: gt=391.9954 pred=480.0 ❌
    [1016/1159]  G#4 synth_lead  | midi: gt=68 pred=68 ✅  | spn: gt=G#4 pred=C6 ❌  | doremi: gt=sol# pred=sol# ✅  | hz: gt=415.3047 pred=1058.43 ❌
    [1017/1159]   A4 synth_lead  | midi: gt=69 pred=69 ✅  | spn: gt=A4 pred=C6 ❌  | doremi: gt=la pred=sol# ❌  | hz: gt=440.0 pred=1052.63 ❌
    [1018/1159]  A#4 synth_lead  | midi: gt=70 pred=69 ❌  | spn: gt=A#4 pred=C6 ❌  | doremi: gt=la# pred=sol# ❌  | hz: gt=466.1638 pred=1058.43 ❌
    [1019/1159]   B4 synth_lead  | midi: gt=71 pred=68 ❌  | spn: gt=B4 pred=C6 ❌  | doremi: gt=si pred=sol# ❌  | hz: gt=493.8833 pred=1058.43 ❌
    [1020/1159]   C5 synth_lead  | midi: gt=72 pred=68 ❌  | spn: gt=C5 pred=C6 ❌  | doremi: gt=do pred=sol# ❌  | hz: gt=523.2511 pred=1058.43 ❌
    [1021/1159]  C#5 synth_lead  | midi: gt=73 pred=68 ❌  | spn: gt=C#5 pred=C6 ❌  | doremi: gt=do# pred=sol ❌  | hz: gt=554.3653 pred=480.0 ❌
    [1022/1159]   D5 synth_lead  | midi: gt=74 pred=68 ❌  | spn: gt=D5 pred=D6 ❌  | doremi: gt=re pred=sol ❌  | hz: gt=587.3295 pred=1052.63 ❌
    [1023/1159]  D#5 synth_lead  | midi: gt=75 pred=68 ❌  | spn: gt=D#5 pred=C6 ❌  | doremi: gt=re# pred=sol# ❌  | hz: gt=622.254 pred=1058.47 ❌
    [1024/1159]   E5 synth_lead  | midi: gt=76 pred=68 ❌  | spn: gt=E5 pred=C6 ❌  | doremi: gt=mi pred=sol# ❌  | hz: gt=659.2551 pred=1500.0 ❌
    [1025/1159]   F5 synth_lead  | midi: gt=77 pred=68 ❌  | spn: gt=F5 pred=C6 ❌  | doremi: gt=fa pred=sol# ❌  | hz: gt=698.4565 pred=1500.0 ❌
    [1026/1159]  F#5 synth_lead  | midi: gt=78 pred=68 ❌  | spn: gt=F#5 pred=F#6 ❌  | doremi: gt=fa# pred=sol# ❌  | hz: gt=739.9888 pred=1052.63 ❌
    [1027/1159]   G5 synth_lead  | midi: gt=79 pred=68 ❌  | spn: gt=G5 pred=C6 ❌  | doremi: gt=sol pred=sol# ❌  | hz: gt=783.9909 pred=1680.57 ❌
    [1028/1159]  G#5 synth_lead  | midi: gt=80 pred=68 ❌  | spn: gt=G#5 pred=C6 ❌  | doremi: gt=sol# pred=sol# ✅  | hz: gt=830.6094 pred=1200.0 ❌
    [1029/1159]   A5 synth_lead  | midi: gt=81 pred=69 ❌  | spn: gt=A5 pred=C6 ❌  | doremi: gt=la pred=sol ❌  | hz: gt=880.0 pred=1800.0 ❌
    [1030/1159]  A#5 synth_lead  | midi: gt=82 pred=68 ❌  | spn: gt=A#5 pred=C6 ❌  | doremi: gt=la# pred=sol# ❌  | hz: gt=932.3275 pred=1600.0 ❌
    [1031/1159]   B5 synth_lead  | midi: gt=83 pred=63 ❌  | spn: gt=B5 pred=C6 ❌  | doremi: gt=si pred=sol# ❌  | hz: gt=987.7666 pred=1800.0 ❌
    [1032/1159]   C6 synth_lead  | midi: gt=84 pred=68 ❌  | spn: gt=C6 pred=C6 ✅  | doremi: gt=do pred=sol ❌  | hz: gt=1046.5023 pred=600.0 ❌
    [1033/1159]  C#6 synth_lead  | midi: gt=85 pred=68 ❌  | spn: gt=C#6 pred=C6 ❌  | doremi: gt=do# pred=sol# ❌  | hz: gt=1108.7305 pred=605.0 ❌
    [1034/1159]   D6 synth_lead  | midi: gt=86 pred=69 ❌  | spn: gt=D6 pred=C6 ❌  | doremi: gt=re pred=sol ❌  | hz: gt=1174.6591 pred=605.0 ❌
    [1035/1159]  D#6 synth_lead  | midi: gt=87 pred=63 ❌  | spn: gt=D#6 pred=C6 ❌  | doremi: gt=re# pred=sol# ❌  | hz: gt=1244.5079 pred=1058.43 ❌
    [1036/1159]   E6 synth_lead  | midi: gt=88 pred=69 ❌  | spn: gt=E6 pred=C6 ❌  | doremi: gt=mi pred=sol ❌  | hz: gt=1318.5102 pred=1765.0 ❌
    [1037/1159]   F6 synth_lead  | midi: gt=89 pred=65 ❌  | spn: gt=F6 pred=C6 ❌  | doremi: gt=fa pred=sol ❌  | hz: gt=1396.9129 pred=480.0 ❌
    [1038/1159]   F1 synth_pad  | midi: gt=29 pred=36 ❌  | spn: gt=F1 pred=C2 ❌  | doremi: gt=fa pred=fa# ❌  | hz: gt=43.6535 pred=105.26 ❌
    [1039/1159]  F#1 synth_pad  | midi: gt=30 pred=36 ❌  | spn: gt=F#1 pred=C4 ❌  | doremi: gt=fa# pred=fa# ✅  | hz: gt=46.2493 pred=1052.63 ❌
    [1040/1159]   G1 synth_pad  | midi: gt=31 pred=36 ❌  | spn: gt=G1 pred=C4 ❌  | doremi: gt=sol pred=fa# ❌  | hz: gt=48.9994 pred=1052.63 ❌
    [1041/1159]  G#1 synth_pad  | midi: gt=32 pred=45 ❌  | spn: gt=G#1 pred=C6 ❌  | doremi: gt=sol# pred=fa# ❌  | hz: gt=51.9131 pred=1052.63 ❌
    [1042/1159]   A1 synth_pad  | midi: gt=33 pred=48 ❌  | spn: gt=A1 pred=C4 ❌  | doremi: gt=la pred=fa# ❌  | hz: gt=55.0 pred=450.0 ❌
    [1043/1159]  A#1 synth_pad  | midi: gt=34 pred=48 ❌  | spn: gt=A#1 pred=C6 ❌  | doremi: gt=la# pred=fa# ❌  | hz: gt=58.2705 pred=1052.63 ❌
    [1044/1159]   B1 synth_pad  | midi: gt=35 pred=48 ❌  | spn: gt=B1 pred=C6 ❌  | doremi: gt=si pred=fa# ❌  | hz: gt=61.7354 pred=480.0 ❌
    [1045/1159]   C2 synth_pad  | midi: gt=36 pred=64 ❌  | spn: gt=C2 pred=C4 ❌  | doremi: gt=do pred=fa# ❌  | hz: gt=65.4064 pred=480.0 ❌
    [1046/1159]  C#2 synth_pad  | midi: gt=37 pred=63 ❌  | spn: gt=C#2 pred=C6 ❌  | doremi: gt=do# pred=fa# ❌  | hz: gt=69.2957 pred=1052.63 ❌
    [1047/1159]   D2 synth_pad  | midi: gt=38 pred=64 ❌  | spn: gt=D2 pred=C6 ❌  | doremi: gt=re pred=fa# ❌  | hz: gt=73.4162 pred=450.0 ❌
    [1048/1159]  D#2 synth_pad  | midi: gt=39 pred=54 ❌  | spn: gt=D#2 pred=C6 ❌  | doremi: gt=re# pred=fa# ❌  | hz: gt=77.7817 pred=450.0 ❌
    [1049/1159]   E2 synth_pad  | midi: gt=40 pred=64 ❌  | spn: gt=E2 pred=C6 ❌  | doremi: gt=mi pred=fa# ❌  | hz: gt=82.4069 pred=450.0 ❌
    [1050/1159]   F2 synth_pad  | midi: gt=41 pred=65 ❌  | spn: gt=F2 pred=C6 ❌  | doremi: gt=fa pred=fa# ❌  | hz: gt=87.3071 pred=480.0 ❌
    [1051/1159]  F#2 synth_pad  | midi: gt=42 pred=65 ❌  | spn: gt=F#2 pred=C6 ❌  | doremi: gt=fa# pred=fa# ✅  | hz: gt=92.4986 pred=1052.63 ❌
    [1052/1159]   G2 synth_pad  | midi: gt=43 pred=63 ❌  | spn: gt=G2 pred=G2 ✅  | doremi: gt=sol pred=sol ✅  | hz: gt=97.9989 pred=450.0 ❌
    [1053/1159]  G#2 synth_pad  | midi: gt=44 pred=45 ❌  | spn: gt=G#2 pred=C#6 ❌  | doremi: gt=sol# pred=fa# ❌  | hz: gt=103.8262 pred=480.0 ❌
    [1054/1159]   A2 synth_pad  | midi: gt=45 pred=64 ❌  | spn: gt=A2 pred=None ❌  | doremi: gt=la pred=fa# ❌  | hz: gt=110.0 pred=450.0 ❌
    [1055/1159]  A#2 synth_pad  | midi: gt=46 pred=58 ❌  | spn: gt=A#2 pred=C6 ❌  | doremi: gt=la# pred=fa# ❌  | hz: gt=116.5409 pred=480.0 ❌
    [1056/1159]   B2 synth_pad  | midi: gt=47 pred=48 ❌  | spn: gt=B2 pred=A#6 ❌  | doremi: gt=si pred=fa# ❌  | hz: gt=123.4708 pred=480.0 ❌
    [1057/1159]   C3 synth_pad  | midi: gt=48 pred=48 ✅  | spn: gt=C3 pred=C6 ❌  | doremi: gt=do pred=sol ❌  | hz: gt=130.8128 pred=480.0 ❌
    [1058/1159]  C#3 synth_pad  | midi: gt=49 pred=63 ❌  | spn: gt=C#3 pred=C6 ❌  | doremi: gt=do# pred=fa# ❌  | hz: gt=138.5913 pred=480.0 ❌
    [1059/1159]   D3 synth_pad  | midi: gt=50 pred=65 ❌  | spn: gt=D3 pred=C6 ❌  | doremi: gt=re pred=fa# ❌  | hz: gt=146.8324 pred=493.88 ❌
    [1060/1159]  D#3 synth_pad  | midi: gt=51 pred=63 ❌  | spn: gt=D#3 pred=C6 ❌  | doremi: gt=re# pred=fa# ❌  | hz: gt=155.5635 pred=493.88 ❌
    [1061/1159]   E3 synth_pad  | midi: gt=52 pred=63 ❌  | spn: gt=E3 pred=C4 ❌  | doremi: gt=mi pred=fa# ❌  | hz: gt=164.8138 pred=480.0 ❌
    [1062/1159]   F3 synth_pad  | midi: gt=53 pred=65 ❌  | spn: gt=F3 pred=C6 ❌  | doremi: gt=fa pred=fa# ❌  | hz: gt=174.6141 pred=480.0 ❌
    [1063/1159]   G3 synth_pad  | midi: gt=55 pred=64 ❌  | spn: gt=G3 pred=C6 ❌  | doremi: gt=sol pred=sol ✅  | hz: gt=195.9977 pred=480.0 ❌
    [1064/1159]  F#3 synth_pad  | midi: gt=54 pred=65 ❌  | spn: gt=F#3 pred=C6 ❌  | doremi: gt=fa# pred=fa# ✅  | hz: gt=184.9972 pred=480.0 ❌
    [1065/1159]  G#3 synth_pad  | midi: gt=56 pred=68 ❌  | spn: gt=G#3 pred=C6 ❌  | doremi: gt=sol# pred=fa# ❌  | hz: gt=207.6523 pred=480.0 ❌
    [1066/1159]   A3 synth_pad  | midi: gt=57 pred=69 ❌  | spn: gt=A3 pred=C6 ❌  | doremi: gt=la pred=fa# ❌  | hz: gt=220.0 pred=493.88 ❌
    [1067/1159]   B3 synth_pad  | midi: gt=59 pred=65 ❌  | spn: gt=B3 pred=C6 ❌  | doremi: gt=si pred=fa# ❌  | hz: gt=246.9417 pred=480.0 ❌
    [1068/1159]  A#3 synth_pad  | midi: gt=58 pred=65 ❌  | spn: gt=A#3 pred=C6 ❌  | doremi: gt=la# pred=fa# ❌  | hz: gt=233.0819 pred=1058.43 ❌
    [1069/1159]   C4 synth_pad  | midi: gt=60 pred=64 ❌  | spn: gt=C4 pred=C6 ❌  | doremi: gt=do pred=sol ❌  | hz: gt=261.6256 pred=480.0 ❌
    [1070/1159]  C#4 synth_pad  | midi: gt=61 pred=65 ❌  | spn: gt=C#4 pred=C6 ❌  | doremi: gt=do# pred=fa# ❌  | hz: gt=277.1826 pred=605.0 ❌
    [1071/1159]   D4 synth_pad  | midi: gt=62 pred=69 ❌  | spn: gt=D4 pred=D6 ❌  | doremi: gt=re pred=sol ❌  | hz: gt=293.6648 pred=493.88 ❌
    [1072/1159]  D#4 synth_pad  | midi: gt=63 pred=63 ✅  | spn: gt=D#4 pred=D6 ❌  | doremi: gt=re# pred=sol# ❌  | hz: gt=311.127 pred=6750.0 ❌
    [1073/1159]   F4 synth_pad  | midi: gt=65 pred=65 ✅  | spn: gt=F4 pred=C6 ❌  | doremi: gt=fa pred=fa# ❌  | hz: gt=349.2282 pred=659.34 ❌
    [1074/1159]   E4 synth_pad  | midi: gt=64 pred=65 ❌  | spn: gt=E4 pred=C6 ❌  | doremi: gt=mi pred=fa# ❌  | hz: gt=329.6276 pred=659.34 ❌
    [1075/1159]   G4 synth_pad  | midi: gt=67 pred=69 ❌  | spn: gt=G4 pred=C6 ❌  | doremi: gt=sol pred=sol ✅  | hz: gt=391.9954 pred=659.34 ❌
    [1076/1159]  F#4 synth_pad  | midi: gt=66 pred=65 ❌  | spn: gt=F#4 pred=C6 ❌  | doremi: gt=fa# pred=sol# ❌  | hz: gt=369.9944 pred=659.34 ❌
    [1077/1159]  G#4 synth_pad  | midi: gt=68 pred=68 ✅  | spn: gt=G#4 pred=C6 ❌  | doremi: gt=sol# pred=sol# ✅  | hz: gt=415.3047 pred=480.0 ❌
    [1078/1159]   A4 synth_pad  | midi: gt=69 pred=69 ✅  | spn: gt=A4 pred=None ❌  | doremi: gt=la pred=fa# ❌  | hz: gt=440.0 pred=1034.52 ❌
    [1079/1159]   B4 synth_pad  | midi: gt=71 pred=68 ❌  | spn: gt=B4 pred=B4 ✅  | doremi: gt=si pred=fa# ❌  | hz: gt=493.8833 pred=1034.52 ❌
    [1080/1159]  A#4 synth_pad  | midi: gt=70 pred=69 ❌  | spn: gt=A#4 pred=None ❌  | doremi: gt=la# pred=fa# ❌  | hz: gt=466.1638 pred=1058.43 ❌
    [1081/1159]   C5 synth_pad  | midi: gt=72 pred=68 ❌  | spn: gt=C5 pred=C6 ❌  | doremi: gt=do pred=sol ❌  | hz: gt=523.2511 pred=480.0 ❌
    [1082/1159]  C#5 synth_pad  | midi: gt=73 pred=69 ❌  | spn: gt=C#5 pred=C6 ❌  | doremi: gt=do# pred=sol# ❌  | hz: gt=554.3653 pred=605.0 ❌
    [1083/1159]   D5 synth_pad  | midi: gt=74 pred=69 ❌  | spn: gt=D5 pred=D6 ❌  | doremi: gt=re pred=sol# ❌  | hz: gt=587.3295 pred=6250.0 ❌
    [1084/1159]  D#5 synth_pad  | midi: gt=75 pred=63 ❌  | spn: gt=D#5 pred=C6 ❌  | doremi: gt=re# pred=sol# ❌  | hz: gt=622.254 pred=1200.0 ❌
    [1085/1159]   E5 synth_pad  | midi: gt=76 pred=69 ❌  | spn: gt=E5 pred=C6 ❌  | doremi: gt=mi pred=sol# ❌  | hz: gt=659.2551 pred=1034.52 ❌
    [1086/1159]   F5 synth_pad  | midi: gt=77 pred=69 ❌  | spn: gt=F5 pred=C6 ❌  | doremi: gt=fa pred=sol# ❌  | hz: gt=698.4565 pred=1046.52 ❌
    [1087/1159]  F#5 synth_pad  | midi: gt=78 pred=69 ❌  | spn: gt=F#5 pred=C6 ❌  | doremi: gt=fa# pred=sol# ❌  | hz: gt=739.9888 pred=1052.63 ❌
    [1088/1159]   G5 synth_pad  | midi: gt=79 pred=69 ❌  | spn: gt=G5 pred=C6 ❌  | doremi: gt=sol pred=sol# ❌  | hz: gt=783.9909 pred=1034.52 ❌
    [1089/1159]   A5 synth_pad  | midi: gt=81 pred=69 ❌  | spn: gt=A5 pred=A6 ❌  | doremi: gt=la pred=sol# ❌  | hz: gt=880.0 pred=8250.0 ❌
    [1090/1159]  G#5 synth_pad  | midi: gt=80 pred=83 ❌  | spn: gt=G#5 pred=C6 ❌  | doremi: gt=sol# pred=sol# ✅  | hz: gt=830.6094 pred=1052.63 ❌
    [1091/1159]  A#5 synth_pad  | midi: gt=82 pred=83 ❌  | spn: gt=A#5 pred=A7 ❌  | doremi: gt=la# pred=sol# ❌  | hz: gt=932.3275 pred=8250.0 ❌
    [1092/1159]   B5 synth_pad  | midi: gt=83 pred=84 ❌  | spn: gt=B5 pred=A#6 ❌  | doremi: gt=si pred=sol# ❌  | hz: gt=987.7666 pred=1034.52 ❌
    [1093/1159]   C6 synth_pad  | midi: gt=84 pred=68 ❌  | spn: gt=C6 pred=C6 ✅  | doremi: gt=do pred=sol# ❌  | hz: gt=1046.5023 pred=1075.83 ❌
    [1094/1159]  C#6 synth_pad  | midi: gt=85 pred=85 ✅  | spn: gt=C#6 pred=C6 ❌  | doremi: gt=do# pred=sol# ❌  | hz: gt=1108.7305 pred=1200.0 ❌
    [1095/1159]   D6 synth_pad  | midi: gt=86 pred=69 ❌  | spn: gt=D6 pred=C6 ❌  | doremi: gt=re pred=sol# ❌  | hz: gt=1174.6591 pred=1058.47 ❌
    [1096/1159]  D#6 synth_pad  | midi: gt=87 pred=83 ❌  | spn: gt=D#6 pred=C6 ❌  | doremi: gt=re# pred=sol# ❌  | hz: gt=1244.5079 pred=1052.63 ❌
    [1097/1159]   E6 synth_pad  | midi: gt=88 pred=69 ❌  | spn: gt=E6 pred=C6 ❌  | doremi: gt=mi pred=sol# ❌  | hz: gt=1318.5102 pred=1034.52 ❌
    [1098/1159]   F6 synth_pad  | midi: gt=89 pred=69 ❌  | spn: gt=F6 pred=C6 ❌  | doremi: gt=fa pred=sol# ❌  | hz: gt=1396.9129 pred=1034.52 ❌
    [1099/1159]   F1 voice  | midi: gt=29 pred=36 ❌  | spn: gt=F1 pred=C2 ❌  | doremi: gt=fa pred=fa# ❌  | hz: gt=43.6535 pred=1250.0 ❌
    [1100/1159]  F#1 voice  | midi: gt=30 pred=43 ❌  | spn: gt=F#1 pred=C2 ❌  | doremi: gt=fa# pred=fa# ✅  | hz: gt=46.2493 pred=105.26 ❌
    [1101/1159]   G1 voice  | midi: gt=31 pred=36 ❌  | spn: gt=G1 pred=C2 ❌  | doremi: gt=sol pred=fa# ❌  | hz: gt=48.9994 pred=1250.0 ❌
    [1102/1159]  G#1 voice  | midi: gt=32 pred=36 ❌  | spn: gt=G#1 pred=C2 ❌  | doremi: gt=sol# pred=fa# ❌  | hz: gt=51.9131 pred=1250.0 ❌
    [1103/1159]   A1 voice  | midi: gt=33 pred=43 ❌  | spn: gt=A1 pred=C2 ❌  | doremi: gt=la pred=fa# ❌  | hz: gt=55.0 pred=1250.0 ❌
    [1104/1159]  A#1 voice  | midi: gt=34 pred=36 ❌  | spn: gt=A#1 pred=C2 ❌  | doremi: gt=la# pred=sol ❌  | hz: gt=58.2705 pred=120.0 ❌
    [1105/1159]   C2 voice  | midi: gt=36 pred=48 ❌  | spn: gt=C2 pred=C2 ✅  | doremi: gt=do pred=fa# ❌  | hz: gt=65.4064 pred=1250.0 ❌
    [1106/1159]   B1 voice  | midi: gt=35 pred=63 ❌  | spn: gt=B1 pred=C4 ❌  | doremi: gt=si pred=fa# ❌  | hz: gt=61.7354 pred=1250.0 ❌
    [1107/1159]   D2 voice  | midi: gt=38 pred=48 ❌  | spn: gt=D2 pred=C4 ❌  | doremi: gt=re pred=fa# ❌  | hz: gt=73.4162 pred=1250.0 ❌
    [1108/1159]  C#2 voice  | midi: gt=37 pred=48 ❌  | spn: gt=C#2 pred=C2 ❌  | doremi: gt=do# pred=fa# ❌  | hz: gt=69.2957 pred=1250.0 ❌
    [1109/1159]  D#2 voice  | midi: gt=39 pred=63 ❌  | spn: gt=D#2 pred=C4 ❌  | doremi: gt=re# pred=fa# ❌  | hz: gt=77.7817 pred=1250.0 ❌
    [1110/1159]   E2 voice  | midi: gt=40 pred=63 ❌  | spn: gt=E2 pred=C4 ❌  | doremi: gt=mi pred=fa# ❌  | hz: gt=82.4069 pred=120.0 ❌
    [1111/1159]   F2 voice  | midi: gt=41 pred=63 ❌  | spn: gt=F2 pred=C4 ❌  | doremi: gt=fa pred=fa# ❌  | hz: gt=87.3071 pred=480.0 ❌
    [1112/1159]  F#2 voice  | midi: gt=42 pred=48 ❌  | spn: gt=F#2 pred=C4 ❌  | doremi: gt=fa# pred=fa# ✅  | hz: gt=92.4986 pred=120.0 ❌
    [1113/1159]  G#2 voice  | midi: gt=44 pred=63 ❌  | spn: gt=G#2 pred=C4 ❌  | doremi: gt=sol# pred=sol ❌  | hz: gt=103.8262 pred=120.0 ❌
    [1114/1159]   G2 voice  | midi: gt=43 pred=63 ❌  | spn: gt=G2 pred=None ❌  | doremi: gt=sol pred=sol ✅  | hz: gt=97.9989 pred=435.0 ❌
    [1115/1159]   A2 voice  | midi: gt=45 pred=58 ❌  | spn: gt=A2 pred=None ❌  | doremi: gt=la pred=sol ❌  | hz: gt=110.0 pred=450.0 ❌
    [1116/1159]  A#2 voice  | midi: gt=46 pred=45 ❌  | spn: gt=A#2 pred=None ❌  | doremi: gt=la# pred=fa# ❌  | hz: gt=116.5409 pred=450.0 ❌
    [1117/1159]   B2 voice  | midi: gt=47 pred=63 ❌  | spn: gt=B2 pred=C4 ❌  | doremi: gt=si pred=fa# ❌  | hz: gt=123.4708 pred=480.0 ❌
    [1118/1159]   C3 voice  | midi: gt=48 pred=60 ❌  | spn: gt=C3 pred=C4 ❌  | doremi: gt=do pred=sol ❌  | hz: gt=130.8128 pred=480.0 ❌
    [1119/1159]  C#3 voice  | midi: gt=49 pred=60 ❌  | spn: gt=C#3 pred=C2 ❌  | doremi: gt=do# pred=sol ❌  | hz: gt=138.5913 pred=480.0 ❌
    [1120/1159]   D3 voice  | midi: gt=50 pred=63 ❌  | spn: gt=D3 pred=C2 ❌  | doremi: gt=re pred=sol ❌  | hz: gt=146.8324 pred=480.0 ❌
    [1121/1159]   E3 voice  | midi: gt=52 pred=53 ❌  | spn: gt=E3 pred=C4 ❌  | doremi: gt=mi pred=sol ❌  | hz: gt=164.8138 pred=120.0 ❌
    [1122/1159]  D#3 voice  | midi: gt=51 pred=63 ❌  | spn: gt=D#3 pred=C4 ❌  | doremi: gt=re# pred=sol ❌  | hz: gt=155.5635 pred=480.0 ❌
    [1123/1159]  F#3 voice  | midi: gt=54 pred=65 ❌  | spn: gt=F#3 pred=C4 ❌  | doremi: gt=fa# pred=sol ❌  | hz: gt=184.9972 pred=480.0 ❌
    [1124/1159]   F3 voice  | midi: gt=53 pred=65 ❌  | spn: gt=F3 pred=C4 ❌  | doremi: gt=fa pred=sol ❌  | hz: gt=174.6141 pred=480.0 ❌
    [1125/1159]   G3 voice  | midi: gt=55 pred=63 ❌  | spn: gt=G3 pred=C4 ❌  | doremi: gt=sol pred=sol ✅  | hz: gt=195.9977 pred=105.26 ❌
    [1126/1159]  G#3 voice  | midi: gt=56 pred=68 ❌  | spn: gt=G#3 pred=None ❌  | doremi: gt=sol# pred=sol ❌  | hz: gt=207.6523 pred=435.0 ❌
    [1127/1159]   A3 voice  | midi: gt=57 pred=69 ❌  | spn: gt=A3 pred=None ❌  | doremi: gt=la pred=sol ❌  | hz: gt=220.0 pred=450.0 ❌
    [1128/1159]  A#3 voice  | midi: gt=58 pred=58 ✅  | spn: gt=A#3 pred=None ❌  | doremi: gt=la# pred=sol ❌  | hz: gt=233.0819 pred=450.0 ❌
    [1129/1159]   B3 voice  | midi: gt=59 pred=63 ❌  | spn: gt=B3 pred=C4 ❌  | doremi: gt=si pred=sol ❌  | hz: gt=246.9417 pred=450.0 ❌
    [1130/1159]   C4 voice  | midi: gt=60 pred=63 ❌  | spn: gt=C4 pred=C6 ❌  | doremi: gt=do pred=sol ❌  | hz: gt=261.6256 pred=480.0 ❌
    [1131/1159]  C#4 voice  | midi: gt=61 pred=63 ❌  | spn: gt=C#4 pred=C6 ❌  | doremi: gt=do# pred=sol ❌  | hz: gt=277.1826 pred=480.0 ❌
    [1132/1159]   D4 voice  | midi: gt=62 pred=69 ❌  | spn: gt=D4 pred=C6 ❌  | doremi: gt=re pred=sol ❌  | hz: gt=293.6648 pred=480.0 ❌
    [1133/1159]  D#4 voice  | midi: gt=63 pred=63 ✅  | spn: gt=D#4 pred=C6 ❌  | doremi: gt=re# pred=sol ❌  | hz: gt=311.127 pred=420.0 ❌
    [1134/1159]   E4 voice  | midi: gt=64 pred=64 ✅  | spn: gt=E4 pred=E4 ✅  | doremi: gt=mi pred=sol ❌  | hz: gt=329.6276 pred=640.0 ❌
    [1135/1159]   F4 voice  | midi: gt=65 pred=65 ✅  | spn: gt=F4 pred=E4 ❌  | doremi: gt=fa pred=sol ❌  | hz: gt=349.2282 pred=659.3 ❌
    [1136/1159]  F#4 voice  | midi: gt=66 pred=65 ❌  | spn: gt=F#4 pred=F#6 ❌  | doremi: gt=fa# pred=sol ❌  | hz: gt=369.9944 pred=659.32 ❌
    [1137/1159]   G4 voice  | midi: gt=67 pred=69 ❌  | spn: gt=G4 pred=C4 ❌  | doremi: gt=sol pred=sol ✅  | hz: gt=391.9954 pred=435.0 ❌
    [1138/1159]  G#4 voice  | midi: gt=68 pred=68 ✅  | spn: gt=G#4 pred=C6 ❌  | doremi: gt=sol# pred=sol ❌  | hz: gt=415.3047 pred=435.0 ❌
    [1139/1159]   A4 voice  | midi: gt=69 pred=69 ✅  | spn: gt=A4 pred=C6 ❌  | doremi: gt=la pred=sol ❌  | hz: gt=440.0 pred=450.0 ❌
    [1140/1159]  A#4 voice  | midi: gt=70 pred=69 ❌  | spn: gt=A#4 pred=C6 ❌  | doremi: gt=la# pred=sol# ❌  | hz: gt=466.1638 pred=695.0 ❌
    [1141/1159]   B4 voice  | midi: gt=71 pred=68 ❌  | spn: gt=B4 pred=C6 ❌  | doremi: gt=si pred=sol# ❌  | hz: gt=493.8833 pred=600.0 ❌
    [1142/1159]   C5 voice  | midi: gt=72 pred=60 ❌  | spn: gt=C5 pred=C6 ❌  | doremi: gt=do pred=sol ❌  | hz: gt=523.2511 pred=600.0 ❌
    [1143/1159]  C#5 voice  | midi: gt=73 pred=68 ❌  | spn: gt=C#5 pred=C6 ❌  | doremi: gt=do# pred=sol# ❌  | hz: gt=554.3653 pred=605.0 ❌
    [1144/1159]   D5 voice  | midi: gt=74 pred=62 ❌  | spn: gt=D5 pred=C6 ❌  | doremi: gt=re pred=sol ❌  | hz: gt=587.3295 pred=625.0 ❌
    [1145/1159]  D#5 voice  | midi: gt=75 pred=63 ❌  | spn: gt=D#5 pred=C6 ❌  | doremi: gt=re# pred=sol# ❌  | hz: gt=622.254 pred=625.0 ✅
    [1146/1159]   E5 voice  | midi: gt=76 pred=64 ❌  | spn: gt=E5 pred=C6 ❌  | doremi: gt=mi pred=sol# ❌  | hz: gt=659.2551 pred=640.0 ❌
    [1147/1159]   F5 voice  | midi: gt=77 pred=65 ❌  | spn: gt=F5 pred=C6 ❌  | doremi: gt=fa pred=sol# ❌  | hz: gt=698.4565 pred=650.0 ❌
    [1148/1159]  F#5 voice  | midi: gt=78 pred=68 ❌  | spn: gt=F#5 pred=C6 ❌  | doremi: gt=fa# pred=sol# ❌  | hz: gt=739.9888 pred=6750.0 ❌
    [1149/1159]   G5 voice  | midi: gt=79 pred=67 ❌  | spn: gt=G5 pred=C6 ❌  | doremi: gt=sol pred=sol# ❌  | hz: gt=783.9909 pred=675.0 ❌
    [1150/1159]  G#5 voice  | midi: gt=80 pred=68 ❌  | spn: gt=G#5 pred=C6 ❌  | doremi: gt=sol# pred=sol# ✅  | hz: gt=830.6094 pred=840.0 ❌
    [1151/1159]  A#5 voice  | midi: gt=82 pred=83 ❌  | spn: gt=A#5 pred=C6 ❌  | doremi: gt=la# pred=sol# ❌  | hz: gt=932.3275 pred=825.0 ❌
    [1152/1159]   A5 voice  | midi: gt=81 pred=69 ❌  | spn: gt=A5 pred=None ❌  | doremi: gt=la pred=sol ❌  | hz: gt=880.0 pred=8150.0 ❌
    [1153/1159]   B5 voice  | midi: gt=83 pred=83 ✅  | spn: gt=B5 pred=C6 ❌  | doremi: gt=si pred=sol# ❌  | hz: gt=987.7666 pred=8250.0 ❌
    [1154/1159]   C6 voice  | midi: gt=84 pred=84 ✅  | spn: gt=C6 pred=C6 ✅  | doremi: gt=do pred=sol# ❌  | hz: gt=1046.5023 pred=840.0 ❌
    [1155/1159]  C#6 voice  | midi: gt=85 pred=85 ✅  | spn: gt=C#6 pred=C6 ❌  | doremi: gt=do# pred=sol# ❌  | hz: gt=1108.7305 pred=845.0 ❌
    [1156/1159]   D6 voice  | midi: gt=86 pred=86 ✅  | spn: gt=D6 pred=C6 ❌  | doremi: gt=re pred=sol# ❌  | hz: gt=1174.6591 pred=840.0 ❌
    [1157/1159]  D#6 voice  | midi: gt=87 pred=85 ❌  | spn: gt=D#6 pred=C6 ❌  | doremi: gt=re# pred=sol# ❌  | hz: gt=1244.5079 pred=1034.52 ❌
    [1158/1159]   E6 voice  | midi: gt=88 pred=86 ❌  | spn: gt=E6 pred=C6 ❌  | doremi: gt=mi pred=sol# ❌  | hz: gt=1318.5102 pred=8125.0 ❌
    [1159/1159]   F6 voice  | midi: gt=89 pred=84 ❌  | spn: gt=F6 pred=C6 ❌  | doremi: gt=fa pred=sol# ❌  | hz: gt=1396.9129 pred=890.63 ❌

============================================================
SUMMARY — audio_flamingo_next_instruct
  Sampling     : none (full set of 1159)
  Stimuli (total)     : 1159
  Stimuli (condition) : 1159  (all records)

  Format   Accuracy
  ──────────────────
    MIDI      31.9%
     SPN       7.6%
  DOREMI      10.9%
      HZ       1.0%
     ANY      35.9%

  *** WARNING: working tree has uncommitted changes — results will NOT be exactly reproducible from git_commit alone ***


Results saved → results/run_20260506_053722/pitchbench_a1_single_pitch_id/run_001_20260506_053723/results_audio_flamingo_next_instruct.*

############################################################
# pitchbench_a2_single_pitch_by_loudness
############################################################

Experiment : pitchbench_a2_single_pitch_by_loudness
Models     : audio_flamingo_next_instruct
Stimuli    : 200
  Sampling     : 200 of 950 (stratified by '(midi, loudness_db)', seed=42)

  Model : Audio Flamingo Next – instruct
    [dispatch] 200 items, max_workers=2
    [   1/200] F#1    -12 dBFS  triangle  | midi: gt=30 pred=43 ❌  | spn: gt=F#1 pred=C2 ❌  | doremi: gt=fa# pred=fa# ✅  | hz: gt=46.2493 pred=420.0 ❌
    [   2/200] F#1    -12 dBFS  sine  | midi: gt=30 pred=35 ❌  | spn: gt=F#1 pred=C2 ❌  | doremi: gt=fa# pred=fa# ✅  | hz: gt=46.2493 pred=261.63 ❌
    [   3/200] F#1    -12 dBFS  trumpet  | midi: gt=30 pred=34 ❌  | spn: gt=F#1 pred=A#2 ❌  | doremi: gt=fa# pred=fa# ✅  | hz: gt=46.2493 pred=320.0 ❌
    [   4/200] F#1    -12 dBFS  flute  | midi: gt=30 pred=43 ❌  | spn: gt=F#1 pred=A#2 ❌  | doremi: gt=fa# pred=fa# ✅  | hz: gt=46.2493 pred=105.26 ❌
    [   5/200] F#1    -20 dBFS  flute  | midi: gt=30 pred=43 ❌  | spn: gt=F#1 pred=C2 ❌  | doremi: gt=fa# pred=fa# ✅  | hz: gt=46.2493 pred=415.306 ❌
    [   6/200] F#1    -20 dBFS  piano  | midi: gt=30 pred=43 ❌  | spn: gt=F#1 pred=C4 ❌  | doremi: gt=fa# pred=fa# ✅  | hz: gt=46.2493 pred=435.0 ❌
    [   7/200] F#1    -20 dBFS  triangle  | midi: gt=30 pred=43 ❌  | spn: gt=F#1 pred=C2 ❌  | doremi: gt=fa# pred=fa# ✅  | hz: gt=46.2493 pred=105.26 ❌
    [   8/200] F#1    -20 dBFS  square  | midi: gt=30 pred=45 ❌  | spn: gt=F#1 pred=F#2 ❌  | doremi: gt=fa# pred=fa# ✅  | hz: gt=46.2493 pred=480.0 ❌
    [   9/200] F#1     -3 dBFS  voice  | midi: gt=30 pred=43 ❌  | spn: gt=F#1 pred=C2 ❌  | doremi: gt=fa# pred=fa# ✅  | hz: gt=46.2493 pred=435.0 ❌
    [  10/200] F#1     -3 dBFS  cello  | midi: gt=30 pred=34 ❌  | spn: gt=F#1 pred=A#2 ❌  | doremi: gt=fa# pred=re ❌  | hz: gt=46.2493 pred=105.26 ❌
    [  11/200] F#1     -3 dBFS  sawtooth  | midi: gt=30 pred=36 ❌  | spn: gt=F#1 pred=C2 ❌  | doremi: gt=fa# pred=fa# ✅  | hz: gt=46.2493 pred=1046.53 ❌
    [  12/200] F#1     -3 dBFS  sine  | midi: gt=30 pred=35 ❌  | spn: gt=F#1 pred=C2 ❌  | doremi: gt=fa# pred=fa# ✅  | hz: gt=46.2493 pred=25.0 ❌
    [  13/200] F#1    -30 dBFS  square  | midi: gt=30 pred=45 ❌  | spn: gt=F#1 pred=F#2 ❌  | doremi: gt=fa# pred=fa# ✅  | hz: gt=46.2493 pred=480.0 ❌
    [  14/200] F#1    -30 dBFS  guitar  | midi: gt=30 pred=43 ❌  | spn: gt=F#1 pred=A#1 ❌  | doremi: gt=fa# pred=fa# ✅  | hz: gt=46.2493 pred=46.0 ✅
    [  15/200] F#1    -30 dBFS  flute  | midi: gt=30 pred=48 ❌  | spn: gt=F#1 pred=C2 ❌  | doremi: gt=fa# pred=fa# ✅  | hz: gt=46.2493 pred=415.306879 ❌
    [  16/200] F#1    -30 dBFS  sine  | midi: gt=30 pred=48 ❌  | spn: gt=F#1 pred=C2 ❌  | doremi: gt=fa# pred=fa# ✅  | hz: gt=46.2493 pred=107.65 ❌
    [  17/200] F#1      6 dBFS  synth_pad  | midi: gt=30 pred=45 ❌  | spn: gt=F#1 pred=C6 ❌  | doremi: gt=fa# pred=fa# ✅  | hz: gt=46.2493 pred=480.0 ❌
    [  18/200] F#1      6 dBFS  guitar  | midi: gt=30 pred=48 ❌  | spn: gt=F#1 pred=A#2 ❌  | doremi: gt=fa# pred=fa# ✅  | hz: gt=46.2493 pred=435.0 ❌
    [  19/200] F#1      6 dBFS  cello  | midi: gt=30 pred=36 ❌  | spn: gt=F#1 pred=A#2 ❌  | doremi: gt=fa# pred=fa# ✅  | hz: gt=46.2493 pred=105.26 ❌
    [  20/200] F#1      6 dBFS  flute  | midi: gt=30 pred=45 ❌  | spn: gt=F#1 pred=C2 ❌  | doremi: gt=fa# pred=fa# ✅  | hz: gt=46.2493 pred=105.26 ❌
    [  21/200] C2     -12 dBFS  trumpet  | midi: gt=36 pred=36 ✅  | spn: gt=C2 pred=C2 ✅  | doremi: gt=do pred=fa# ❌  | hz: gt=65.4064 pred=34.0 ❌
    [  22/200] C2     -12 dBFS  organ  | midi: gt=36 pred=63 ❌  | spn: gt=C2 pred=C6 ❌  | doremi: gt=do pred=sol ❌  | hz: gt=65.4064 pred=107.65 ❌
    [  23/200] C2     -12 dBFS  electric_keyboard  | midi: gt=36 pred=36 ✅  | spn: gt=C2 pred=C2 ✅  | doremi: gt=do pred=fa# ❌  | hz: gt=65.4064 pred=48.0 ❌
    [  24/200] C2     -12 dBFS  sine  | midi: gt=36 pred=36 ✅  | spn: gt=C2 pred=C2 ✅  | doremi: gt=do pred=fa# ❌  | hz: gt=65.4064 pred=261.63 ❌
    [  25/200] C2     -20 dBFS  cello  | midi: gt=36 pred=36 ✅  | spn: gt=C2 pred=C2 ✅  | doremi: gt=do pred=fa# ❌  | hz: gt=65.4064 pred=250.0 ❌
    [  26/200] C2     -20 dBFS  clarinet  | midi: gt=36 pred=45 ❌  | spn: gt=C2 pred=C6 ❌  | doremi: gt=do pred=fa# ❌  | hz: gt=65.4064 pred=107.65 ❌
    [  27/200] C2     -20 dBFS  trumpet  | midi: gt=36 pred=35 ❌  | spn: gt=C2 pred=A#2 ❌  | doremi: gt=do pred=fa# ❌  | hz: gt=65.4064 pred=34.0 ❌
    [  28/200] C2     -20 dBFS  piano  | midi: gt=36 pred=45 ❌  | spn: gt=C2 pred=C6 ❌  | doremi: gt=do pred=fa# ❌  | hz: gt=65.4064 pred=450.0 ❌
    [  29/200] C2      -3 dBFS  guitar  | midi: gt=36 pred=48 ❌  | spn: gt=C2 pred=C4 ❌  | doremi: gt=do pred=sol ❌  | hz: gt=65.4064 pred=48.0 ❌
    [  30/200] C2      -3 dBFS  clarinet  | midi: gt=36 pred=63 ❌  | spn: gt=C2 pred=C6 ❌  | doremi: gt=do pred=fa# ❌  | hz: gt=65.4064 pred=107.85 ❌
    [  31/200] C2      -3 dBFS  triangle  | midi: gt=36 pred=43 ❌  | spn: gt=C2 pred=C2 ✅  | doremi: gt=do pred=sol ❌  | hz: gt=65.4064 pred=105.26 ❌
    [  32/200] C2      -3 dBFS  square  | midi: gt=36 pred=43 ❌  | spn: gt=C2 pred=A#2 ❌  | doremi: gt=do pred=fa# ❌  | hz: gt=65.4064 pred=450.0 ❌
    [  33/200] C2     -30 dBFS  violin  | midi: gt=36 pred=43 ❌  | spn: gt=C2 pred=B2 ❌  | doremi: gt=do pred=fa# ❌  | hz: gt=65.4064 pred=105.26 ❌
    [  34/200] C2     -30 dBFS  triangle  | midi: gt=36 pred=45 ❌  | spn: gt=C2 pred=C2 ✅  | doremi: gt=do pred=sol ❌  | hz: gt=65.4064 pred=150.0 ❌
    [  35/200] C2     -30 dBFS  synth_lead  | midi: gt=36 pred=64 ❌  | spn: gt=C2 pred=C6 ❌  | doremi: gt=do pred=fa# ❌  | hz: gt=65.4064 pred=480.0 ❌
    [  36/200] C2     -30 dBFS  oboe  | midi: gt=36 pred=43 ❌  | spn: gt=C2 pred=A#2 ❌  | doremi: gt=do pred=fa# ❌  | hz: gt=65.4064 pred=450.0 ❌
    [  37/200] C2       6 dBFS  trumpet  | midi: gt=36 pred=36 ✅  | spn: gt=C2 pred=A#2 ❌  | doremi: gt=do pred=fa# ❌  | hz: gt=65.4064 pred=261.63 ❌
    [  38/200] C2       6 dBFS  sawtooth  | midi: gt=36 pred=35 ❌  | spn: gt=C2 pred=A#2 ❌  | doremi: gt=do pred=fa# ❌  | hz: gt=65.4064 pred=1046.53 ❌
    [  39/200] C2       6 dBFS  organ  | midi: gt=36 pred=63 ❌  | spn: gt=C2 pred=C6 ❌  | doremi: gt=do pred=fa# ❌  | hz: gt=65.4064 pred=107.65 ❌
    [  40/200] C2       6 dBFS  triangle  | midi: gt=36 pred=43 ❌  | spn: gt=C2 pred=C2 ✅  | doremi: gt=do pred=sol ❌  | hz: gt=65.4064 pred=105.26 ❌
    [  41/200] G2     -12 dBFS  violin  | midi: gt=43 pred=43 ✅  | spn: gt=G2 pred=C2 ❌  | doremi: gt=sol pred=sol ✅  | hz: gt=97.9989 pred=435.0 ❌
    [  42/200] G2     -12 dBFS  square  | midi: gt=43 pred=43 ✅  | spn: gt=G2 pred=F#2 ❌  | doremi: gt=sol pred=fa# ❌  | hz: gt=97.9989 pred=435.0 ❌
    [  43/200] G2     -12 dBFS  trombone  | midi: gt=43 pred=43 ✅  | spn: gt=G2 pred=F#2 ❌  | doremi: gt=sol pred=fa# ❌  | hz: gt=97.9989 pred=435.0 ❌
    [  44/200] G2     -12 dBFS  oboe  | midi: gt=43 pred=43 ✅  | spn: gt=G2 pred=C4 ❌  | doremi: gt=sol pred=sol ✅  | hz: gt=97.9989 pred=435.0 ❌
    [  45/200] G2     -20 dBFS  guitar  | midi: gt=43 pred=56 ❌  | spn: gt=G2 pred=C4 ❌  | doremi: gt=sol pred=sol ✅  | hz: gt=97.9989 pred=450.0 ❌
    [  46/200] G2     -20 dBFS  voice  | midi: gt=43 pred=63 ❌  | spn: gt=G2 pred=C4 ❌  | doremi: gt=sol pred=sol ✅  | hz: gt=97.9989 pred=436.5 ❌
    [  47/200] G2     -20 dBFS  square  | midi: gt=43 pred=43 ✅  | spn: gt=G2 pred=F#2 ❌  | doremi: gt=sol pred=sol ✅  | hz: gt=97.9989 pred=480.0 ❌
    [  48/200] G2     -20 dBFS  sawtooth  | midi: gt=43 pred=43 ✅  | spn: gt=G2 pred=G2 ✅  | doremi: gt=sol pred=sol ✅  | hz: gt=97.9989 pred=480.0 ❌
    [  49/200] G2      -3 dBFS  flute  | midi: gt=43 pred=43 ✅  | spn: gt=G2 pred=C2 ❌  | doremi: gt=sol pred=fa# ❌  | hz: gt=97.9989 pred=105.26 ❌
    [  50/200] G2      -3 dBFS  trombone  | midi: gt=43 pred=43 ✅  | spn: gt=G2 pred=F#2 ❌  | doremi: gt=sol pred=fa# ❌  | hz: gt=97.9989 pred=435.0 ❌
    [  51/200] G2      -3 dBFS  square  | midi: gt=43 pred=43 ✅  | spn: gt=G2 pred=F#2 ❌  | doremi: gt=sol pred=sol ✅  | hz: gt=97.9989 pred=450.0 ❌
    [  52/200] G2      -3 dBFS  voice  | midi: gt=43 pred=63 ❌  | spn: gt=G2 pred=C4 ❌  | doremi: gt=sol pred=sol ✅  | hz: gt=97.9989 pred=436.5 ❌
    [  53/200] G2     -30 dBFS  triangle  | midi: gt=43 pred=48 ❌  | spn: gt=G2 pred=C6 ❌  | doremi: gt=sol pred=sol ✅  | hz: gt=97.9989 pred=480.0 ❌
    [  54/200] G2     -30 dBFS  violin  | midi: gt=43 pred=43 ✅  | spn: gt=G2 pred=C2 ❌  | doremi: gt=sol pred=fa# ❌  | hz: gt=97.9989 pred=105.36 ❌
    [  55/200] G2     -30 dBFS  trumpet  | midi: gt=43 pred=43 ✅  | spn: gt=G2 pred=F#2 ❌  | doremi: gt=sol pred=sol ✅  | hz: gt=97.9989 pred=435.0 ❌
    [  56/200] G2     -30 dBFS  organ  | midi: gt=43 pred=63 ❌  | spn: gt=G2 pred=G2 ✅  | doremi: gt=sol pred=sol ✅  | hz: gt=97.9989 pred=1046.53 ❌
    [  57/200] G2       6 dBFS  oboe  | midi: gt=43 pred=48 ❌  | spn: gt=G2 pred=C4 ❌  | doremi: gt=sol pred=fa# ❌  | hz: gt=97.9989 pred=450.0 ❌
    [  58/200] G2       6 dBFS  electric_keyboard  | midi: gt=43 pred=43 ✅  | spn: gt=G2 pred=G2 ✅  | doremi: gt=sol pred=sol ✅  | hz: gt=97.9989 pred=480.0 ❌
    [  59/200] G2       6 dBFS  voice  | midi: gt=43 pred=63 ❌  | spn: gt=G2 pred=C6 ❌  | doremi: gt=sol pred=sol ✅  | hz: gt=97.9989 pred=436.5 ❌
    [  60/200] G2       6 dBFS  synth_lead  | midi: gt=43 pred=65 ❌  | spn: gt=G2 pred=C6 ❌  | doremi: gt=sol pred=sol# ❌  | hz: gt=97.9989 pred=1500.0 ❌
    [  61/200] C3     -12 dBFS  trumpet  | midi: gt=48 pred=48 ✅  | spn: gt=C3 pred=C4 ❌  | doremi: gt=do pred=sol ❌  | hz: gt=130.8128 pred=480.0 ❌
    [  62/200] C3     -12 dBFS  guitar  | midi: gt=48 pred=48 ✅  | spn: gt=C3 pred=C4 ❌  | doremi: gt=do pred=sol ❌  | hz: gt=130.8128 pred=480.0 ❌
    [  63/200] C3     -12 dBFS  square  | midi: gt=48 pred=45 ❌  | spn: gt=C3 pred=C6 ❌  | doremi: gt=do pred=sol ❌  | hz: gt=130.8128 pred=450.0 ❌
    [  64/200] C3     -12 dBFS  electric_keyboard  | midi: gt=48 pred=48 ✅  | spn: gt=C3 pred=C6 ❌  | doremi: gt=do pred=sol ❌  | hz: gt=130.8128 pred=480.0 ❌
    [  65/200] C3     -20 dBFS  synth_pad  | midi: gt=48 pred=64 ❌  | spn: gt=C3 pred=C6 ❌  | doremi: gt=do pred=sol ❌  | hz: gt=130.8128 pred=480.0 ❌
    [  66/200] C3     -20 dBFS  flute  | midi: gt=48 pred=48 ✅  | spn: gt=C3 pred=C2 ❌  | doremi: gt=do pred=sol ❌  | hz: gt=130.8128 pred=480.0 ❌
    [  67/200] C3     -20 dBFS  electric_keyboard  | midi: gt=48 pred=48 ✅  | spn: gt=C3 pred=C6 ❌  | doremi: gt=do pred=sol ❌  | hz: gt=130.8128 pred=480.0 ❌
    [  68/200] C3     -20 dBFS  organ  | midi: gt=48 pred=63 ❌  | spn: gt=C3 pred=C2 ❌  | doremi: gt=do pred=sol ❌  | hz: gt=130.8128 pred=107.65 ❌
    [  69/200] C3      -3 dBFS  violin  | midi: gt=48 pred=48 ✅  | spn: gt=C3 pred=C4 ❌  | doremi: gt=do pred=sol ❌  | hz: gt=130.8128 pred=480.0 ❌
    [  70/200] C3      -3 dBFS  trumpet  | midi: gt=48 pred=48 ✅  | spn: gt=C3 pred=C4 ❌  | doremi: gt=do pred=sol ❌  | hz: gt=130.8128 pred=480.0 ❌
    [  71/200] C3      -3 dBFS  flute  | midi: gt=48 pred=48 ✅  | spn: gt=C3 pred=C2 ❌  | doremi: gt=do pred=sol ❌  | hz: gt=130.8128 pred=480.0 ❌
    [  72/200] C3      -3 dBFS  clarinet  | midi: gt=48 pred=48 ✅  | spn: gt=C3 pred=C4 ❌  | doremi: gt=do pred=fa# ❌  | hz: gt=130.8128 pred=450.0 ❌
    [  73/200] C3     -30 dBFS  sawtooth  | midi: gt=48 pred=48 ✅  | spn: gt=C3 pred=C6 ❌  | doremi: gt=do pred=sol ❌  | hz: gt=130.8128 pred=480.0 ❌
    [  74/200] C3     -30 dBFS  flute  | midi: gt=48 pred=48 ✅  | spn: gt=C3 pred=C2 ❌  | doremi: gt=do pred=sol ❌  | hz: gt=130.8128 pred=480.0 ❌
    [  75/200] C3     -30 dBFS  voice  | midi: gt=48 pred=63 ❌  | spn: gt=C3 pred=C6 ❌  | doremi: gt=do pred=sol ❌  | hz: gt=130.8128 pred=480.0 ❌
    [  76/200] C3     -30 dBFS  clarinet  | midi: gt=48 pred=64 ❌  | spn: gt=C3 pred=C6 ❌  | doremi: gt=do pred=sol ❌  | hz: gt=130.8128 pred=480.0 ❌
    [  77/200] C3       6 dBFS  violin  | midi: gt=48 pred=48 ✅  | spn: gt=C3 pred=C4 ❌  | doremi: gt=do pred=fa# ❌  | hz: gt=130.8128 pred=480.0 ❌
    [  78/200] C3       6 dBFS  trumpet  | midi: gt=48 pred=48 ✅  | spn: gt=C3 pred=C4 ❌  | doremi: gt=do pred=sol ❌  | hz: gt=130.8128 pred=450.0 ❌
    [  79/200] C3       6 dBFS  square  | midi: gt=48 pred=45 ❌  | spn: gt=C3 pred=C6 ❌  | doremi: gt=do pred=sol ❌  | hz: gt=130.8128 pred=1046.53 ❌
    [  80/200] C3       6 dBFS  guitar  | midi: gt=48 pred=63 ❌  | spn: gt=C3 pred=C6 ❌  | doremi: gt=do pred=sol ❌  | hz: gt=130.8128 pred=493.88 ❌
    [  81/200] F#3    -12 dBFS  voice  | midi: gt=54 pred=65 ❌  | spn: gt=F#3 pred=C4 ❌  | doremi: gt=fa# pred=sol ❌  | hz: gt=184.9972 pred=450.0 ❌
    [  82/200] F#3    -12 dBFS  clarinet  | midi: gt=54 pred=54 ✅  | spn: gt=F#3 pred=C4 ❌  | doremi: gt=fa# pred=sol ❌  | hz: gt=184.9972 pred=450.0 ❌
    [  83/200] F#3    -12 dBFS  guitar  | midi: gt=54 pred=54 ✅  | spn: gt=F#3 pred=C4 ❌  | doremi: gt=fa# pred=sol ❌  | hz: gt=184.9972 pred=420.0 ❌
    [  84/200] F#3    -12 dBFS  bass  | midi: gt=54 pred=54 ✅  | spn: gt=F#3 pred=C4 ❌  | doremi: gt=fa# pred=sol ❌  | hz: gt=184.9972 pred=435.0 ❌
    [  85/200] F#3    -20 dBFS  violin  | midi: gt=54 pred=54 ✅  | spn: gt=F#3 pred=F#4 ❌  | doremi: gt=fa# pred=sol ❌  | hz: gt=184.9972 pred=420.0 ❌
    [  86/200] F#3    -20 dBFS  organ  | midi: gt=54 pred=65 ❌  | spn: gt=F#3 pred=F#4 ❌  | doremi: gt=fa# pred=sol ❌  | hz: gt=184.9972 pred=1053.67 ❌
    [  87/200] F#3    -20 dBFS  piano  | midi: gt=54 pred=53 ❌  | spn: gt=F#3 pred=C4 ❌  | doremi: gt=fa# pred=sol ❌  | hz: gt=184.9972 pred=450.0 ❌
    [  88/200] F#3    -20 dBFS  trumpet  | midi: gt=54 pred=54 ✅  | spn: gt=F#3 pred=F4 ❌  | doremi: gt=fa# pred=sol ❌  | hz: gt=184.9972 pred=435.0 ❌
    [  89/200] F#3     -3 dBFS  piano  | midi: gt=54 pred=54 ✅  | spn: gt=F#3 pred=C6 ❌  | doremi: gt=fa# pred=fa# ✅  | hz: gt=184.9972 pred=435.0 ❌
    [  90/200] F#3     -3 dBFS  flute  | midi: gt=54 pred=48 ❌  | spn: gt=F#3 pred=C2 ❌  | doremi: gt=fa# pred=sol ❌  | hz: gt=184.9972 pred=435.0 ❌
    [  91/200] F#3     -3 dBFS  trumpet  | midi: gt=54 pred=54 ✅  | spn: gt=F#3 pred=F4 ❌  | doremi: gt=fa# pred=sol ❌  | hz: gt=184.9972 pred=435.0 ❌
    [  92/200] F#3     -3 dBFS  cello  | midi: gt=54 pred=54 ✅  | spn: gt=F#3 pred=F#4 ❌  | doremi: gt=fa# pred=sol ❌  | hz: gt=184.9972 pred=420.0 ❌
    [  93/200] F#3    -30 dBFS  voice  | midi: gt=54 pred=65 ❌  | spn: gt=F#3 pred=C4 ❌  | doremi: gt=fa# pred=sol ❌  | hz: gt=184.9972 pred=435.0 ❌
    [  94/200] F#3    -30 dBFS  violin  | midi: gt=54 pred=43 ❌  | spn: gt=F#3 pred=F#3 ✅  | doremi: gt=fa# pred=sol ❌  | hz: gt=184.9972 pred=420.0 ❌
    [  95/200] F#3    -30 dBFS  oboe  | midi: gt=54 pred=43 ❌  | spn: gt=F#3 pred=C4 ❌  | doremi: gt=fa# pred=sol ❌  | hz: gt=184.9972 pred=435.0 ❌
    [  96/200] F#3    -30 dBFS  flute  | midi: gt=54 pred=54 ✅  | spn: gt=F#3 pred=C6 ❌  | doremi: gt=fa# pred=sol ❌  | hz: gt=184.9972 pred=435.0 ❌
    [  97/200] F#3      6 dBFS  piano  | midi: gt=54 pred=54 ✅  | spn: gt=F#3 pred=C6 ❌  | doremi: gt=fa# pred=fa# ✅  | hz: gt=184.9972 pred=460.0 ❌
    [  98/200] F#3      6 dBFS  synth_lead  | midi: gt=54 pred=65 ❌  | spn: gt=F#3 pred=C6 ❌  | doremi: gt=fa# pred=sol# ❌  | hz: gt=184.9972 pred=480.0 ❌
    [  99/200] F#3      6 dBFS  bass  | midi: gt=54 pred=54 ✅  | spn: gt=F#3 pred=C4 ❌  | doremi: gt=fa# pred=sol ❌  | hz: gt=184.9972 pred=450.0 ❌
    [ 100/200] F#3      6 dBFS  square  | midi: gt=54 pred=54 ✅  | spn: gt=F#3 pred=F#2 ❌  | doremi: gt=fa# pred=sol ❌  | hz: gt=184.9972 pred=450.0 ❌
    [ 101/200] C4     -12 dBFS  sawtooth  | midi: gt=60 pred=43 ❌  | spn: gt=C4 pred=F#2 ❌  | doremi: gt=do pred=sol ❌  | hz: gt=261.6256 pred=450.0 ❌
    [ 102/200] C4     -12 dBFS  triangle  | midi: gt=60 pred=68 ❌  | spn: gt=C4 pred=C6 ❌  | doremi: gt=do pred=sol ❌  | hz: gt=261.6256 pred=480.0 ❌
    [ 103/200] C4     -12 dBFS  piano  | midi: gt=60 pred=68 ❌  | spn: gt=C4 pred=C6 ❌  | doremi: gt=do pred=sol ❌  | hz: gt=261.6256 pred=480.0 ❌
    [ 104/200] C4     -12 dBFS  electric_keyboard  | midi: gt=60 pred=60 ✅  | spn: gt=C4 pred=C4 ✅  | doremi: gt=do pred=sol ❌  | hz: gt=261.6256 pred=50.0 ❌
    [ 105/200] C4     -20 dBFS  cello  | midi: gt=60 pred=63 ❌  | spn: gt=C4 pred=C6 ❌  | doremi: gt=do pred=sol ❌  | hz: gt=261.6256 pred=480.0 ❌
    [ 106/200] C4     -20 dBFS  square  | midi: gt=60 pred=63 ❌  | spn: gt=C4 pred=C6 ❌  | doremi: gt=do pred=sol ❌  | hz: gt=261.6256 pred=480.0 ❌
    [ 107/200] C4     -20 dBFS  violin  | midi: gt=60 pred=63 ❌  | spn: gt=C4 pred=C6 ❌  | doremi: gt=do pred=sol ❌  | hz: gt=261.6256 pred=480.0 ❌
    [ 108/200] C4     -20 dBFS  synth_lead  | midi: gt=60 pred=64 ❌  | spn: gt=C4 pred=C6 ❌  | doremi: gt=do pred=fa# ❌  | hz: gt=261.6256 pred=480.0 ❌
    [ 109/200] C4      -3 dBFS  organ  | midi: gt=60 pred=60 ✅  | spn: gt=C4 pred=C6 ❌  | doremi: gt=do pred=sol ❌  | hz: gt=261.6256 pred=480.0 ❌
    [ 110/200] C4      -3 dBFS  synth_lead  | midi: gt=60 pred=60 ✅  | spn: gt=C4 pred=C6 ❌  | doremi: gt=do pred=sol ❌  | hz: gt=261.6256 pred=480.0 ❌
    [ 111/200] C4      -3 dBFS  trumpet  | midi: gt=60 pred=68 ❌  | spn: gt=C4 pred=C4 ✅  | doremi: gt=do pred=sol ❌  | hz: gt=261.6256 pred=435.0 ❌
    [ 112/200] C4      -3 dBFS  sine  | midi: gt=60 pred=63 ❌  | spn: gt=C4 pred=C6 ❌  | doremi: gt=do pred=sol ❌  | hz: gt=261.6256 pred=107.89 ❌
    [ 113/200] C4     -30 dBFS  triangle  | midi: gt=60 pred=63 ❌  | spn: gt=C4 pred=C6 ❌  | doremi: gt=do pred=sol ❌  | hz: gt=261.6256 pred=480.0 ❌
    [ 114/200] C4     -30 dBFS  synth_pad  | midi: gt=60 pred=64 ❌  | spn: gt=C4 pred=C6 ❌  | doremi: gt=do pred=sol ❌  | hz: gt=261.6256 pred=480.0 ❌
    [ 115/200] C4     -30 dBFS  trumpet  | midi: gt=60 pred=68 ❌  | spn: gt=C4 pred=C4 ✅  | doremi: gt=do pred=sol ❌  | hz: gt=261.6256 pred=435.0 ❌
    [ 116/200] C4     -30 dBFS  clarinet  | midi: gt=60 pred=65 ❌  | spn: gt=C4 pred=C6 ❌  | doremi: gt=do pred=sol ❌  | hz: gt=261.6256 pred=450.0 ❌
    [ 117/200] C4       6 dBFS  triangle  | midi: gt=60 pred=63 ❌  | spn: gt=C4 pred=C6 ❌  | doremi: gt=do pred=sol ❌  | hz: gt=261.6256 pred=480.0 ❌
    [ 118/200] C4       6 dBFS  trombone  | midi: gt=60 pred=64 ❌  | spn: gt=C4 pred=C6 ❌  | doremi: gt=do pred=sol ❌  | hz: gt=261.6256 pred=450.0 ❌
    [ 119/200] C4       6 dBFS  cello  | midi: gt=60 pred=63 ❌  | spn: gt=C4 pred=C6 ❌  | doremi: gt=do pred=sol ❌  | hz: gt=261.6256 pred=480.0 ❌
    [ 120/200] C4       6 dBFS  electric_keyboard  | midi: gt=60 pred=60 ✅  | spn: gt=C4 pred=C6 ❌  | doremi: gt=do pred=sol ❌  | hz: gt=261.6256 pred=480.0 ❌
    [ 121/200] E4     -12 dBFS  organ  | midi: gt=64 pred=64 ✅  | spn: gt=E4 pred=E4 ✅  | doremi: gt=mi pred=sol ❌  | hz: gt=329.6276 pred=64.0 ❌
    [ 122/200] E4     -12 dBFS  sine  | midi: gt=64 pred=63 ❌  | spn: gt=E4 pred=C6 ❌  | doremi: gt=mi pred=sol ❌  | hz: gt=329.6276 pred=415.3 ❌
    [ 123/200] E4     -12 dBFS  trumpet  | midi: gt=64 pred=64 ✅  | spn: gt=E4 pred=E4 ✅  | doremi: gt=mi pred=sol ❌  | hz: gt=329.6276 pred=640.0 ❌
    [ 124/200] E4     -12 dBFS  electric_keyboard  | midi: gt=64 pred=64 ✅  | spn: gt=E4 pred=C6 ❌  | doremi: gt=mi pred=fa# ❌  | hz: gt=329.6276 pred=64.0 ❌
    [ 125/200] E4     -20 dBFS  synth_lead  | midi: gt=64 pred=63 ❌  | spn: gt=E4 pred=C6 ❌  | doremi: gt=mi pred=sol ❌  | hz: gt=329.6276 pred=480.0 ❌
    [ 126/200] E4     -20 dBFS  triangle  | midi: gt=64 pred=63 ❌  | spn: gt=E4 pred=C6 ❌  | doremi: gt=mi pred=sol ❌  | hz: gt=329.6276 pred=450.0 ❌
    [ 127/200] E4     -20 dBFS  trombone  | midi: gt=64 pred=64 ✅  | spn: gt=E4 pred=A#4 ❌  | doremi: gt=mi pred=sol ❌  | hz: gt=329.6276 pred=583.01 ❌
    [ 128/200] E4     -20 dBFS  guitar  | midi: gt=64 pred=68 ❌  | spn: gt=E4 pred=C6 ❌  | doremi: gt=mi pred=sol ❌  | hz: gt=329.6276 pred=460.0 ❌
    [ 129/200] E4      -3 dBFS  oboe  | midi: gt=64 pred=64 ✅  | spn: gt=E4 pred=C4 ❌  | doremi: gt=mi pred=sol ❌  | hz: gt=329.6276 pred=640.0 ❌
    [ 130/200] E4      -3 dBFS  piano  | midi: gt=64 pred=63 ❌  | spn: gt=E4 pred=C6 ❌  | doremi: gt=mi pred=sol ❌  | hz: gt=329.6276 pred=493.88 ❌
    [ 131/200] E4      -3 dBFS  electric_keyboard  | midi: gt=64 pred=64 ✅  | spn: gt=E4 pred=C6 ❌  | doremi: gt=mi pred=fa# ❌  | hz: gt=329.6276 pred=64.0 ❌
    [ 132/200] E4      -3 dBFS  sine  | midi: gt=64 pred=63 ❌  | spn: gt=E4 pred=C6 ❌  | doremi: gt=mi pred=sol ❌  | hz: gt=329.6276 pred=450.0 ❌
    [ 133/200] E4     -30 dBFS  clarinet  | midi: gt=64 pred=65 ❌  | spn: gt=E4 pred=C6 ❌  | doremi: gt=mi pred=sol ❌  | hz: gt=329.6276 pred=450.0 ❌
    [ 134/200] E4     -30 dBFS  bass  | midi: gt=64 pred=63 ❌  | spn: gt=E4 pred=C6 ❌  | doremi: gt=mi pred=sol ❌  | hz: gt=329.6276 pred=450.0 ❌
    [ 135/200] E4     -30 dBFS  sine  | midi: gt=64 pred=64 ✅  | spn: gt=E4 pred=C6 ❌  | doremi: gt=mi pred=sol ❌  | hz: gt=329.6276 pred=450.0 ❌
    [ 136/200] E4     -30 dBFS  triangle  | midi: gt=64 pred=64 ✅  | spn: gt=E4 pred=C6 ❌  | doremi: gt=mi pred=sol ❌  | hz: gt=329.6276 pred=450.0 ❌
    [ 137/200] E4       6 dBFS  oboe  | midi: gt=64 pred=64 ✅  | spn: gt=E4 pred=C6 ❌  | doremi: gt=mi pred=sol ❌  | hz: gt=329.6276 pred=400.0 ❌
    [ 138/200] E4       6 dBFS  trombone  | midi: gt=64 pred=69 ❌  | spn: gt=E4 pred=A#6 ❌  | doremi: gt=mi pred=sol ❌  | hz: gt=329.6276 pred=408.0 ❌
    [ 139/200] E4       6 dBFS  sawtooth  | midi: gt=64 pred=69 ❌  | spn: gt=E4 pred=A6 ❌  | doremi: gt=mi pred=sol ❌  | hz: gt=329.6276 pred=450.0 ❌
    [ 140/200] E4       6 dBFS  flute  | midi: gt=64 pred=64 ✅  | spn: gt=E4 pred=C6 ❌  | doremi: gt=mi pred=fa# ❌  | hz: gt=329.6276 pred=105.26 ❌
    [ 141/200] A4     -12 dBFS  flute  | midi: gt=69 pred=69 ✅  | spn: gt=A4 pred=C6 ❌  | doremi: gt=la pred=sol ❌  | hz: gt=440.0 pred=450.0 ❌
    [ 142/200] A4     -12 dBFS  square  | midi: gt=69 pred=69 ✅  | spn: gt=A4 pred=A6 ❌  | doremi: gt=la pred=sol ❌  | hz: gt=440.0 pred=1058.37 ❌
    [ 143/200] A4     -12 dBFS  synth_pad  | midi: gt=69 pred=69 ✅  | spn: gt=A4 pred=C6 ❌  | doremi: gt=la pred=sol ❌  | hz: gt=440.0 pred=450.0 ❌
    [ 144/200] A4     -12 dBFS  bass  | midi: gt=69 pred=69 ✅  | spn: gt=A4 pred=C6 ❌  | doremi: gt=la pred=fa# ❌  | hz: gt=440.0 pred=450.0 ❌
    [ 145/200] A4     -20 dBFS  square  | midi: gt=69 pred=69 ✅  | spn: gt=A4 pred=A6 ❌  | doremi: gt=la pred=sol ❌  | hz: gt=440.0 pred=450.0 ❌
    [ 146/200] A4     -20 dBFS  synth_pad  | midi: gt=69 pred=69 ✅  | spn: gt=A4 pred=C6 ❌  | doremi: gt=la pred=sol ❌  | hz: gt=440.0 pred=480.0 ❌
    [ 147/200] A4     -20 dBFS  piano  | midi: gt=69 pred=69 ✅  | spn: gt=A4 pred=C6 ❌  | doremi: gt=la pred=sol ❌  | hz: gt=440.0 pred=450.0 ❌
    [ 148/200] A4     -20 dBFS  synth_lead  | midi: gt=69 pred=68 ❌  | spn: gt=A4 pred=C6 ❌  | doremi: gt=la pred=sol ❌  | hz: gt=440.0 pred=480.0 ❌
    [ 149/200] A4      -3 dBFS  bass  | midi: gt=69 pred=69 ✅  | spn: gt=A4 pred=C6 ❌  | doremi: gt=la pred=fa# ❌  | hz: gt=440.0 pred=1054.0 ❌
    [ 150/200] A4      -3 dBFS  synth_pad  | midi: gt=69 pred=69 ✅  | spn: gt=A4 pred=C6 ❌  | doremi: gt=la pred=sol ❌  | hz: gt=440.0 pred=450.0 ❌
    [ 151/200] A4      -3 dBFS  trumpet  | midi: gt=69 pred=69 ✅  | spn: gt=A4 pred=A4 ✅  | doremi: gt=la pred=sol ❌  | hz: gt=440.0 pred=450.0 ❌
    [ 152/200] A4      -3 dBFS  electric_keyboard  | midi: gt=69 pred=69 ✅  | spn: gt=A4 pred=None ❌  | doremi: gt=la pred=mi ❌  | hz: gt=440.0 pred=693.08 ❌
    [ 153/200] A4     -30 dBFS  synth_lead  | midi: gt=69 pred=68 ❌  | spn: gt=A4 pred=C6 ❌  | doremi: gt=la pred=sol ❌  | hz: gt=440.0 pred=480.0 ❌
    [ 154/200] A4     -30 dBFS  cello  | midi: gt=69 pred=69 ✅  | spn: gt=A4 pred=A4 ✅  | doremi: gt=la pred=sol ❌  | hz: gt=440.0 pred=435.0 ❌
    [ 155/200] A4     -30 dBFS  guitar  | midi: gt=69 pred=69 ✅  | spn: gt=A4 pred=A7 ❌  | doremi: gt=la pred=re ❌  | hz: gt=440.0 pred=450.0 ❌
    [ 156/200] A4     -30 dBFS  voice  | midi: gt=69 pred=69 ✅  | spn: gt=A4 pred=C6 ❌  | doremi: gt=la pred=sol ❌  | hz: gt=440.0 pred=436.5 ✅
    [ 157/200] A4       6 dBFS  trombone  | midi: gt=69 pred=69 ✅  | spn: gt=A4 pred=A4 ✅  | doremi: gt=la pred=sol ❌  | hz: gt=440.0 pred=450.0 ❌
    [ 158/200] A4       6 dBFS  violin  | midi: gt=69 pred=69 ✅  | spn: gt=A4 pred=A4 ✅  | doremi: gt=la pred=sol ❌  | hz: gt=440.0 pred=450.0 ❌
    [ 159/200] A4       6 dBFS  oboe  | midi: gt=69 pred=69 ✅  | spn: gt=A4 pred=A4 ✅  | doremi: gt=la pred=sol ❌  | hz: gt=440.0 pred=450.0 ❌
    [ 160/200] A4       6 dBFS  organ  | midi: gt=69 pred=69 ✅  | spn: gt=A4 pred=A6 ❌  | doremi: gt=la pred=sol ❌  | hz: gt=440.0 pred=1046.57 ❌
    [ 161/200] G5     -12 dBFS  synth_lead  | midi: gt=79 pred=68 ❌  | spn: gt=G5 pred=C6 ❌  | doremi: gt=sol pred=sol ✅  | hz: gt=783.9909 pred=1200.0 ❌
    [ 162/200] G5     -12 dBFS  organ  | midi: gt=79 pred=69 ❌  | spn: gt=G5 pred=C6 ❌  | doremi: gt=sol pred=sol ✅  | hz: gt=783.9909 pred=480.0 ❌
    [ 163/200] G5     -12 dBFS  triangle  | midi: gt=79 pred=68 ❌  | spn: gt=G5 pred=C6 ❌  | doremi: gt=sol pred=sol ✅  | hz: gt=783.9909 pred=480.0 ❌
    [ 164/200] G5     -12 dBFS  flute  | midi: gt=79 pred=69 ❌  | spn: gt=G5 pred=C6 ❌  | doremi: gt=sol pred=sol ✅  | hz: gt=783.9909 pred=6750.0 ❌
    [ 165/200] G5     -20 dBFS  flute  | midi: gt=79 pred=69 ❌  | spn: gt=G5 pred=C6 ❌  | doremi: gt=sol pred=sol ✅  | hz: gt=783.9909 pred=659.32 ❌
    [ 166/200] G5     -20 dBFS  square  | midi: gt=79 pred=68 ❌  | spn: gt=G5 pred=A7 ❌  | doremi: gt=sol pred=sol# ❌  | hz: gt=783.9909 pred=1046.57 ❌
    [ 167/200] G5     -20 dBFS  clarinet  | midi: gt=79 pred=68 ❌  | spn: gt=G5 pred=C6 ❌  | doremi: gt=sol pred=sol ✅  | hz: gt=783.9909 pred=435.0 ❌
    [ 168/200] G5     -20 dBFS  sine  | midi: gt=79 pred=68 ❌  | spn: gt=G5 pred=C6 ❌  | doremi: gt=sol pred=sol ✅  | hz: gt=783.9909 pred=450.0 ❌
    [ 169/200] G5      -3 dBFS  voice  | midi: gt=79 pred=67 ❌  | spn: gt=G5 pred=C6 ❌  | doremi: gt=sol pred=sol# ❌  | hz: gt=783.9909 pred=6750.0 ❌
    [ 170/200] G5      -3 dBFS  synth_pad  | midi: gt=79 pred=69 ❌  | spn: gt=G5 pred=C6 ❌  | doremi: gt=sol pred=sol ✅  | hz: gt=783.9909 pred=1075.83 ❌
    [ 171/200] G5      -3 dBFS  flute  | midi: gt=79 pred=67 ❌  | spn: gt=G5 pred=C6 ❌  | doremi: gt=sol pred=sol ✅  | hz: gt=783.9909 pred=675.0 ❌
    [ 172/200] G5      -3 dBFS  synth_lead  | midi: gt=79 pred=63 ❌  | spn: gt=G5 pred=C6 ❌  | doremi: gt=sol pred=sol# ❌  | hz: gt=783.9909 pred=1600.0 ❌
    [ 173/200] G5     -30 dBFS  sine  | midi: gt=79 pred=68 ❌  | spn: gt=G5 pred=C6 ❌  | doremi: gt=sol pred=sol ✅  | hz: gt=783.9909 pred=450.0 ❌
    [ 174/200] G5     -30 dBFS  square  | midi: gt=79 pred=68 ❌  | spn: gt=G5 pred=C6 ❌  | doremi: gt=sol pred=sol# ❌  | hz: gt=783.9909 pred=1046.57 ❌
    [ 175/200] G5     -30 dBFS  sawtooth  | midi: gt=79 pred=65 ❌  | spn: gt=G5 pred=A6 ❌  | doremi: gt=sol pred=sol ✅  | hz: gt=783.9909 pred=480.0 ❌
    [ 176/200] G5     -30 dBFS  flute  | midi: gt=79 pred=69 ❌  | spn: gt=G5 pred=C6 ❌  | doremi: gt=sol pred=sol ✅  | hz: gt=783.9909 pred=480.0 ❌
    [ 177/200] G5       6 dBFS  square  | midi: gt=79 pred=68 ❌  | spn: gt=G5 pred=F#6 ❌  | doremi: gt=sol pred=sol# ❌  | hz: gt=783.9909 pred=1058.43 ❌
    [ 178/200] G5       6 dBFS  sawtooth  | midi: gt=79 pred=68 ❌  | spn: gt=G5 pred=G6 ❌  | doremi: gt=sol pred=sol ✅  | hz: gt=783.9909 pred=450.0 ❌
    [ 179/200] G5       6 dBFS  clarinet  | midi: gt=79 pred=69 ❌  | spn: gt=G5 pred=C6 ❌  | doremi: gt=sol pred=sol# ❌  | hz: gt=783.9909 pred=695.0 ❌
    [ 180/200] G5       6 dBFS  voice  | midi: gt=79 pred=69 ❌  | spn: gt=G5 pred=C6 ❌  | doremi: gt=sol pred=sol# ❌  | hz: gt=783.9909 pred=1046.57 ❌
    [ 181/200] E6     -12 dBFS  synth_lead  | midi: gt=88 pred=69 ❌  | spn: gt=E6 pred=C6 ❌  | doremi: gt=mi pred=sol ❌  | hz: gt=1318.5102 pred=1365.89 ❌
    [ 182/200] E6     -12 dBFS  flute  | midi: gt=88 pred=83 ❌  | spn: gt=E6 pred=C6 ❌  | doremi: gt=mi pred=sol ❌  | hz: gt=1318.5102 pred=833.33 ❌
    [ 183/200] E6     -12 dBFS  trumpet  | midi: gt=88 pred=83 ❌  | spn: gt=E6 pred=C6 ❌  | doremi: gt=mi pred=sol ❌  | hz: gt=1318.5102 pred=4085.71 ❌
    [ 184/200] E6     -12 dBFS  bass  | midi: gt=88 pred=83 ❌  | spn: gt=E6 pred=C7 ❌  | doremi: gt=mi pred=sol ❌  | hz: gt=1318.5102 pred=8250.0 ❌
    [ 185/200] E6     -20 dBFS  guitar  | midi: gt=88 pred=68 ❌  | spn: gt=E6 pred=C6 ❌  | doremi: gt=mi pred=sol ❌  | hz: gt=1318.5102 pred=1034.57 ❌
    [ 186/200] E6     -20 dBFS  synth_pad  | midi: gt=88 pred=69 ❌  | spn: gt=E6 pred=C6 ❌  | doremi: gt=mi pred=sol ❌  | hz: gt=1318.5102 pred=1046.53 ❌
    [ 187/200] E6     -20 dBFS  piano  | midi: gt=88 pred=68 ❌  | spn: gt=E6 pred=C6 ❌  | doremi: gt=mi pred=sol ❌  | hz: gt=1318.5102 pred=405.0 ❌
    [ 188/200] E6     -20 dBFS  bass  | midi: gt=88 pred=83 ❌  | spn: gt=E6 pred=C6 ❌  | doremi: gt=mi pred=sol ❌  | hz: gt=1318.5102 pred=8250.0 ❌
    [ 189/200] E6      -3 dBFS  flute  | midi: gt=88 pred=88 ✅  | spn: gt=E6 pred=C6 ❌  | doremi: gt=mi pred=sol ❌  | hz: gt=1318.5102 pred=833.33 ❌
    [ 190/200] E6      -3 dBFS  bass  | midi: gt=88 pred=88 ✅  | spn: gt=E6 pred=C7 ❌  | doremi: gt=mi pred=fa# ❌  | hz: gt=1318.5102 pred=8250.0 ❌
    [ 191/200] E6      -3 dBFS  cello  | midi: gt=88 pred=86 ❌  | spn: gt=E6 pred=E6 ✅  | doremi: gt=mi pred=sol# ❌  | hz: gt=1318.5102 pred=890.63 ❌
    [ 192/200] E6      -3 dBFS  guitar  | midi: gt=88 pred=84 ❌  | spn: gt=E6 pred=G6 ❌  | doremi: gt=mi pred=sol# ❌  | hz: gt=1318.5102 pred=1050.0 ❌
    [ 193/200] E6     -30 dBFS  triangle  | midi: gt=88 pred=84 ❌  | spn: gt=E6 pred=C6 ❌  | doremi: gt=mi pred=sol ❌  | hz: gt=1318.5102 pred=480.0 ❌
    [ 194/200] E6     -30 dBFS  voice  | midi: gt=88 pred=84 ❌  | spn: gt=E6 pred=C6 ❌  | doremi: gt=mi pred=sol ❌  | hz: gt=1318.5102 pred=1034.5789 ❌
    [ 195/200] E6     -30 dBFS  cello  | midi: gt=88 pred=68 ❌  | spn: gt=E6 pred=C6 ❌  | doremi: gt=mi pred=sol ❌  | hz: gt=1318.5102 pred=415.306 ❌
    [ 196/200] E6     -30 dBFS  oboe  | midi: gt=88 pred=84 ❌  | spn: gt=E6 pred=C6 ❌  | doremi: gt=mi pred=sol ❌  | hz: gt=1318.5102 pred=4932.05 ❌
    [ 197/200] E6       6 dBFS  cello  | midi: gt=88 pred=86 ❌  | spn: gt=E6 pred=C6 ❌  | doremi: gt=mi pred=sol# ❌  | hz: gt=1318.5102 pred=1046.57 ❌
    [ 198/200] E6       6 dBFS  voice  | midi: gt=88 pred=83 ❌  | spn: gt=E6 pred=C6 ❌  | doremi: gt=mi pred=sol# ❌  | hz: gt=1318.5102 pred=1200.0 ❌
    [ 199/200] E6       6 dBFS  organ  | midi: gt=88 pred=83 ❌  | spn: gt=E6 pred=E6 ✅  | doremi: gt=mi pred=sol# ❌  | hz: gt=1318.5102 pred=1046.57 ❌
    [ 200/200] E6       6 dBFS  sawtooth  | midi: gt=88 pred=65 ❌  | spn: gt=E6 pred=F#6 ❌  | doremi: gt=mi pred=sol# ❌  | hz: gt=1318.5102 pred=1024.53 ❌

============================================================
SUMMARY — audio_flamingo_next_instruct
  Sampling     : 200 of 950 (stratified by '(midi, loudness_db)', seed=42)
  Stimuli (total)     : 200
  Stimuli (condition) : 200  (all records)

  Format   Accuracy
  ──────────────────
    MIDI      38.0%
     SPN      11.5%
  DOREMI      23.5%
      HZ       1.0%
     ANY      43.0%

  *** WARNING: working tree has uncommitted changes — results will NOT be exactly reproducible from git_commit alone ***


Results saved → results/run_20260506_053722/pitchbench_a2_single_pitch_by_loudness/run_001_20260506_054733/results_audio_flamingo_next_instruct.*

############################################################
# pitchbench_a3_single_pitch_by_duration
############################################################

Experiment : pitchbench_a3_single_pitch_by_duration
Models     : audio_flamingo_next_instruct
Stimuli    : 210
  Sampling     : 210 of 1330 (stratified by '(midi, duration_ms)', seed=42)

  Model : Audio Flamingo Next – instruct
    [dispatch] 210 items, max_workers=2
    [   1/210]  F#1 triangle  | midi: gt=30 pred=35 ❌  | spn: gt=F#1 pred=C2 ❌  | doremi: gt=fa# pred=fa# ✅  | hz: gt=46.2493 pred=25.0 ❌
    [   2/210]  F#1 sine  | midi: gt=30 pred=35 ❌  | spn: gt=F#1 pred=C2 ❌  | doremi: gt=fa# pred=fa# ✅  | hz: gt=46.2493 pred=2560.0 ❌
    [   3/210]  F#1 trumpet  | midi: gt=30 pred=34 ❌  | spn: gt=F#1 pred=A#2 ❌  | doremi: gt=fa# pred=fa# ✅  | hz: gt=46.2493 pred=261.63 ❌
    [   4/210]  F#1 flute  | midi: gt=30 pred=36 ❌  | spn: gt=F#1 pred=A#2 ❌  | doremi: gt=fa# pred=fa# ✅  | hz: gt=46.2493 pred=120.0 ❌
    [   5/210]  F#1 voice  | midi: gt=30 pred=63 ❌  | spn: gt=F#1 pred=C2 ❌  | doremi: gt=fa# pred=fa# ✅  | hz: gt=46.2493 pred=107.85 ❌
    [   6/210]  F#1 piano  | midi: gt=30 pred=36 ❌  | spn: gt=F#1 pred=C6 ❌  | doremi: gt=fa# pred=sol# ❌  | hz: gt=46.2493 pred=480.0 ❌
    [   7/210]  F#1 triangle  | midi: gt=30 pred=56 ❌  | spn: gt=F#1 pred=C4 ❌  | doremi: gt=fa# pred=fa# ✅  | hz: gt=46.2493 pred=435.0 ❌
    [   8/210]  F#1 synth_pad  | midi: gt=30 pred=64 ❌  | spn: gt=F#1 pred=C6 ❌  | doremi: gt=fa# pred=fa# ✅  | hz: gt=46.2493 pred=415.306 ❌
    [   9/210]  F#1 voice  | midi: gt=30 pred=34 ❌  | spn: gt=F#1 pred=F2 ❌  | doremi: gt=fa# pred=sol ❌  | hz: gt=46.2493 pred=32.0 ❌
    [  10/210]  F#1 square  | midi: gt=30 pred=64 ❌  | spn: gt=F#1 pred=C6 ❌  | doremi: gt=fa# pred=fa# ✅  | hz: gt=46.2493 pred=480.0 ❌
    [  11/210]  F#1 cello  | midi: gt=30 pred=30 ✅  | spn: gt=F#1 pred=A#2 ❌  | doremi: gt=fa# pred=re ❌  | hz: gt=46.2493 pred=30.0 ❌
    [  12/210]  F#1 sawtooth  | midi: gt=30 pred=34 ❌  | spn: gt=F#1 pred=G2 ❌  | doremi: gt=fa# pred=fa# ✅  | hz: gt=46.2493 pred=107.86 ❌
    [  13/210]  F#1 sine  | midi: gt=30 pred=64 ❌  | spn: gt=F#1 pred=C6 ❌  | doremi: gt=fa# pred=fa# ✅  | hz: gt=46.2493 pred=435.0 ❌
    [  14/210]  F#1 square  | midi: gt=30 pred=64 ❌  | spn: gt=F#1 pred=C6 ❌  | doremi: gt=fa# pred=fa# ✅  | hz: gt=46.2493 pred=415.306 ❌
    [  15/210]  F#1 guitar  | midi: gt=30 pred=64 ❌  | spn: gt=F#1 pred=C6 ❌  | doremi: gt=fa# pred=fa# ✅  | hz: gt=46.2493 pred=435.0 ❌
    [  16/210]  F#1 flute  | midi: gt=30 pred=64 ❌  | spn: gt=F#1 pred=C6 ❌  | doremi: gt=fa# pred=fa# ✅  | hz: gt=46.2493 pred=1046.53 ❌
    [  17/210]  F#1 synth_lead  | midi: gt=30 pred=64 ❌  | spn: gt=F#1 pred=C6 ❌  | doremi: gt=fa# pred=fa# ✅  | hz: gt=46.2493 pred=1046.53 ❌
    [  18/210]  F#1 sine  | midi: gt=30 pred=64 ❌  | spn: gt=F#1 pred=C6 ❌  | doremi: gt=fa# pred=fa# ✅  | hz: gt=46.2493 pred=435.0 ❌
    [  19/210]  F#1 synth_pad  | midi: gt=30 pred=64 ❌  | spn: gt=F#1 pred=C2 ❌  | doremi: gt=fa# pred=fa# ✅  | hz: gt=46.2493 pred=415.0 ❌
    [  20/210]  F#1 guitar  | midi: gt=30 pred=63 ❌  | spn: gt=F#1 pred=C6 ❌  | doremi: gt=fa# pred=sol ❌  | hz: gt=46.2493 pred=435.89 ❌
    [  21/210]  F#1 cello  | midi: gt=30 pred=35 ❌  | spn: gt=F#1 pred=A#2 ❌  | doremi: gt=fa# pred=fa# ✅  | hz: gt=46.2493 pred=150.0 ❌
    [  22/210]   C2 flute  | midi: gt=36 pred=48 ❌  | spn: gt=C2 pred=A#1 ❌  | doremi: gt=do pred=fa# ❌  | hz: gt=65.4064 pred=214.0 ❌
    [  23/210]   C2 organ  | midi: gt=36 pred=63 ❌  | spn: gt=C2 pred=C6 ❌  | doremi: gt=do pred=fa# ❌  | hz: gt=65.4064 pred=480.0 ❌
    [  24/210]   C2 trumpet  | midi: gt=36 pred=35 ❌  | spn: gt=C2 pred=A#2 ❌  | doremi: gt=do pred=fa# ❌  | hz: gt=65.4064 pred=340.0 ❌
    [  25/210]   C2 electric_keyboard  | midi: gt=36 pred=36 ✅  | spn: gt=C2 pred=C2 ✅  | doremi: gt=do pred=sol ❌  | hz: gt=65.4064 pred=30.0 ❌
    [  26/210]   C2 sine  | midi: gt=36 pred=35 ❌  | spn: gt=C2 pred=C2 ✅  | doremi: gt=do pred=fa# ❌  | hz: gt=65.4064 pred=261.63 ❌
    [  27/210]   C2 cello  | midi: gt=36 pred=36 ✅  | spn: gt=C2 pred=C2 ✅  | doremi: gt=do pred=re ❌  | hz: gt=65.4064 pred=1650.0 ❌
    [  28/210]   C2 clarinet  | midi: gt=36 pred=64 ❌  | spn: gt=C2 pred=C6 ❌  | doremi: gt=do pred=fa# ❌  | hz: gt=65.4064 pred=415.306 ❌
    [  29/210]   C2 trumpet  | midi: gt=36 pred=64 ❌  | spn: gt=C2 pred=A#2 ❌  | doremi: gt=do pred=fa# ❌  | hz: gt=65.4064 pred=107.86 ❌
    [  30/210]   C2 piano  | midi: gt=36 pred=64 ❌  | spn: gt=C2 pred=C6 ❌  | doremi: gt=do pred=fa# ❌  | hz: gt=65.4064 pred=435.0 ❌
    [  31/210]   C2 clarinet  | midi: gt=36 pred=36 ✅  | spn: gt=C2 pred=C3 ❌  | doremi: gt=do pred=re ❌  | hz: gt=65.4064 pred=340.0 ❌
    [  32/210]   C2 guitar  | midi: gt=36 pred=36 ✅  | spn: gt=C2 pred=C4 ❌  | doremi: gt=do pred=re ❌  | hz: gt=65.4064 pred=48.5 ❌
    [  33/210]   C2 triangle  | midi: gt=36 pred=34 ❌  | spn: gt=C2 pred=A2 ❌  | doremi: gt=do pred=fa# ❌  | hz: gt=65.4064 pred=340.0 ❌
    [  34/210]   C2 square  | midi: gt=36 pred=64 ❌  | spn: gt=C2 pred=C6 ❌  | doremi: gt=do pred=fa# ❌  | hz: gt=65.4064 pred=415.306 ❌
    [  35/210]   C2 violin  | midi: gt=36 pred=64 ❌  | spn: gt=C2 pred=C6 ❌  | doremi: gt=do pred=fa# ❌  | hz: gt=65.4064 pred=435.0 ❌
    [  36/210]   C2 triangle  | midi: gt=36 pred=64 ❌  | spn: gt=C2 pred=C6 ❌  | doremi: gt=do pred=fa# ❌  | hz: gt=65.4064 pred=435.0 ❌
    [  37/210]   C2 oboe  | midi: gt=36 pred=35 ❌  | spn: gt=C2 pred=A#2 ❌  | doremi: gt=do pred=fa# ❌  | hz: gt=65.4064 pred=256.0 ❌
    [  38/210]   C2 voice  | midi: gt=36 pred=64 ❌  | spn: gt=C2 pred=C6 ❌  | doremi: gt=do pred=fa# ❌  | hz: gt=65.4064 pred=415.30687 ❌
    [  39/210]   C2 trumpet  | midi: gt=36 pred=63 ❌  | spn: gt=C2 pred=A#2 ❌  | doremi: gt=do pred=fa# ❌  | hz: gt=65.4064 pred=659.32 ❌
    [  40/210]   C2 sawtooth  | midi: gt=36 pred=64 ❌  | spn: gt=C2 pred=C6 ❌  | doremi: gt=do pred=fa# ❌  | hz: gt=65.4064 pred=1050.0 ❌
    [  41/210]   C2 organ  | midi: gt=36 pred=64 ❌  | spn: gt=C2 pred=C6 ❌  | doremi: gt=do pred=sol ❌  | hz: gt=65.4064 pred=1250.0 ❌
    [  42/210]   C2 triangle  | midi: gt=36 pred=64 ❌  | spn: gt=C2 pred=C6 ❌  | doremi: gt=do pred=fa# ❌  | hz: gt=65.4064 pred=105.26 ❌
    [  43/210]   G2 violin  | midi: gt=43 pred=48 ❌  | spn: gt=G2 pred=A#2 ❌  | doremi: gt=sol pred=fa# ❌  | hz: gt=97.9989 pred=1053.67 ❌
    [  44/210]   G2 square  | midi: gt=43 pred=64 ❌  | spn: gt=G2 pred=F#2 ❌  | doremi: gt=sol pred=fa# ❌  | hz: gt=97.9989 pred=1058.43 ❌
    [  45/210]   G2 trombone  | midi: gt=43 pred=53 ❌  | spn: gt=G2 pred=F4 ❌  | doremi: gt=sol pred=fa# ❌  | hz: gt=97.9989 pred=349.23 ❌
    [  46/210]   G2 oboe  | midi: gt=43 pred=43 ✅  | spn: gt=G2 pred=G2 ✅  | doremi: gt=sol pred=sol ✅  | hz: gt=97.9989 pred=130.81 ❌
    [  47/210]   G2 guitar  | midi: gt=43 pred=56 ❌  | spn: gt=G2 pred=G4 ❌  | doremi: gt=sol pred=sol ✅  | hz: gt=97.9989 pred=450.0 ❌
    [  48/210]   G2 square  | midi: gt=43 pred=43 ✅  | spn: gt=G2 pred=F#2 ❌  | doremi: gt=sol pred=sol ✅  | hz: gt=97.9989 pred=1058.37 ❌
    [  49/210]   G2 sawtooth  | midi: gt=43 pred=64 ❌  | spn: gt=G2 pred=C6 ❌  | doremi: gt=sol pred=fa# ❌  | hz: gt=97.9989 pred=480.0 ❌
    [  50/210]   G2 flute  | midi: gt=43 pred=64 ❌  | spn: gt=G2 pred=C6 ❌  | doremi: gt=sol pred=fa# ❌  | hz: gt=97.9989 pred=435.0 ❌
    [  51/210]   G2 trombone  | midi: gt=43 pred=64 ❌  | spn: gt=G2 pred=C6 ❌  | doremi: gt=sol pred=fa# ❌  | hz: gt=97.9989 pred=435.0 ❌
    [  52/210]   G2 square  | midi: gt=43 pred=43 ✅  | spn: gt=G2 pred=F#2 ❌  | doremi: gt=sol pred=sol ✅  | hz: gt=97.9989 pred=435.0 ❌
    [  53/210]   G2 flute  | midi: gt=43 pred=43 ✅  | spn: gt=G2 pred=B2 ❌  | doremi: gt=sol pred=sol ✅  | hz: gt=97.9989 pred=340.0 ❌
    [  54/210]   G2 triangle  | midi: gt=43 pred=43 ✅  | spn: gt=G2 pred=F#2 ❌  | doremi: gt=sol pred=fa# ❌  | hz: gt=97.9989 pred=435.0 ❌
    [  55/210]   G2 violin  | midi: gt=43 pred=64 ❌  | spn: gt=G2 pred=C6 ❌  | doremi: gt=sol pred=fa# ❌  | hz: gt=97.9989 pred=435.0 ❌
    [  56/210]   G2 trumpet  | midi: gt=43 pred=64 ❌  | spn: gt=G2 pred=C6 ❌  | doremi: gt=sol pred=fa# ❌  | hz: gt=97.9989 pred=435.0 ❌
    [  57/210]   G2 oboe  | midi: gt=43 pred=65 ❌  | spn: gt=G2 pred=A#2 ❌  | doremi: gt=sol pred=fa# ❌  | hz: gt=97.9989 pred=450.0 ❌
    [  58/210]   G2 organ  | midi: gt=43 pred=64 ❌  | spn: gt=G2 pred=C6 ❌  | doremi: gt=sol pred=fa# ❌  | hz: gt=97.9989 pred=435.0 ❌
    [  59/210]   G2 electric_keyboard  | midi: gt=43 pred=64 ❌  | spn: gt=G2 pred=C4 ❌  | doremi: gt=sol pred=fa# ❌  | hz: gt=97.9989 pred=435.0 ❌
    [  60/210]   G2 voice  | midi: gt=43 pred=64 ❌  | spn: gt=G2 pred=C6 ❌  | doremi: gt=sol pred=sol ✅  | hz: gt=97.9989 pred=450.0 ❌
    [  61/210]   G2 guitar  | midi: gt=43 pred=63 ❌  | spn: gt=G2 pred=C6 ❌  | doremi: gt=sol pred=sol ✅  | hz: gt=97.9989 pred=435.89 ❌
    [  62/210]   G2 oboe  | midi: gt=43 pred=63 ❌  | spn: gt=G2 pred=G2 ✅  | doremi: gt=sol pred=sol ✅  | hz: gt=97.9989 pred=150.0 ❌
    [  63/210]   G2 trumpet  | midi: gt=43 pred=64 ❌  | spn: gt=G2 pred=G2 ✅  | doremi: gt=sol pred=sol ✅  | hz: gt=97.9989 pred=405.31 ❌
    [  64/210]   C3 square  | midi: gt=48 pred=64 ❌  | spn: gt=C3 pred=C6 ❌  | doremi: gt=do pred=fa# ❌  | hz: gt=130.8128 pred=1058.37 ❌
    [  65/210]   C3 electric_keyboard  | midi: gt=48 pred=48 ✅  | spn: gt=C3 pred=C4 ❌  | doremi: gt=do pred=sol ❌  | hz: gt=130.8128 pred=480.0 ❌
    [  66/210]   C3 flute  | midi: gt=48 pred=36 ❌  | spn: gt=C3 pred=C2 ❌  | doremi: gt=do pred=fa# ❌  | hz: gt=130.8128 pred=261.63 ❌
    [  67/210]   C3 electric_keyboard  | midi: gt=48 pred=48 ✅  | spn: gt=C3 pred=C4 ❌  | doremi: gt=do pred=sol ❌  | hz: gt=130.8128 pred=48.0 ❌
    [  68/210]   C3 organ  | midi: gt=48 pred=60 ❌  | spn: gt=C3 pred=C6 ❌  | doremi: gt=do pred=sol ❌  | hz: gt=130.8128 pred=480.0 ❌
    [  69/210]   C3 violin  | midi: gt=48 pred=48 ✅  | spn: gt=C3 pred=C2 ❌  | doremi: gt=do pred=sol ❌  | hz: gt=130.8128 pred=1650.0 ❌
    [  70/210]   C3 trumpet  | midi: gt=48 pred=64 ❌  | spn: gt=C3 pred=C6 ❌  | doremi: gt=do pred=fa# ❌  | hz: gt=130.8128 pred=435.0 ❌
    [  71/210]   C3 synth_pad  | midi: gt=48 pred=64 ❌  | spn: gt=C3 pred=C6 ❌  | doremi: gt=do pred=fa# ❌  | hz: gt=130.8128 pred=435.0 ❌
    [  72/210]   C3 flute  | midi: gt=48 pred=64 ❌  | spn: gt=C3 pred=C6 ❌  | doremi: gt=do pred=fa# ❌  | hz: gt=130.8128 pred=415.306 ❌
    [  73/210]   C3 clarinet  | midi: gt=48 pred=48 ✅  | spn: gt=C3 pred=C4 ❌  | doremi: gt=do pred=la ❌  | hz: gt=130.8128 pred=340.0 ❌
    [  74/210]   C3 flute  | midi: gt=48 pred=48 ✅  | spn: gt=C3 pred=C4 ❌  | doremi: gt=do pred=sol ❌  | hz: gt=130.8128 pred=480.0 ❌
    [  75/210]   C3 sawtooth  | midi: gt=48 pred=48 ✅  | spn: gt=C3 pred=C4 ❌  | doremi: gt=do pred=fa# ❌  | hz: gt=130.8128 pred=480.0 ❌
    [  76/210]   C3 clarinet  | midi: gt=48 pred=64 ❌  | spn: gt=C3 pred=C6 ❌  | doremi: gt=do pred=fa# ❌  | hz: gt=130.8128 pred=435.0 ❌
    [  77/210]   C3 sawtooth  | midi: gt=48 pred=64 ❌  | spn: gt=C3 pred=C6 ❌  | doremi: gt=do pred=fa# ❌  | hz: gt=130.8128 pred=415.306 ❌
    [  78/210]   C3 violin  | midi: gt=48 pred=64 ❌  | spn: gt=C3 pred=C6 ❌  | doremi: gt=do pred=fa# ❌  | hz: gt=130.8128 pred=435.0 ❌
    [  79/210]   C3 trumpet  | midi: gt=48 pred=64 ❌  | spn: gt=C3 pred=A#2 ❌  | doremi: gt=do pred=fa# ❌  | hz: gt=130.8128 pred=450.0 ❌
    [  80/210]   C3 square  | midi: gt=48 pred=64 ❌  | spn: gt=C3 pred=C6 ❌  | doremi: gt=do pred=fa# ❌  | hz: gt=130.8128 pred=480.0 ❌
    [  81/210]   C3 guitar  | midi: gt=48 pred=56 ❌  | spn: gt=C3 pred=C6 ❌  | doremi: gt=do pred=sol ❌  | hz: gt=130.8128 pred=493.88 ❌
    [  82/210]   C3 clarinet  | midi: gt=48 pred=64 ❌  | spn: gt=C3 pred=C6 ❌  | doremi: gt=do pred=sol ❌  | hz: gt=130.8128 pred=480.0 ❌
    [  83/210]   C3 voice  | midi: gt=48 pred=64 ❌  | spn: gt=C3 pred=C6 ❌  | doremi: gt=do pred=sol ❌  | hz: gt=130.8128 pred=166.67 ❌
    [  84/210]   C3 guitar  | midi: gt=48 pred=63 ❌  | spn: gt=C3 pred=C6 ❌  | doremi: gt=do pred=sol ❌  | hz: gt=130.8128 pred=480.0 ❌
    [  85/210]  F#3 bass  | midi: gt=54 pred=54 ✅  | spn: gt=F#3 pred=F#2 ❌  | doremi: gt=fa# pred=fa# ✅  | hz: gt=184.9972 pred=435.0 ❌
    [  86/210]  F#3 violin  | midi: gt=54 pred=65 ❌  | spn: gt=F#3 pred=C6 ❌  | doremi: gt=fa# pred=fa# ✅  | hz: gt=184.9972 pred=435.0 ❌
    [  87/210]  F#3 organ  | midi: gt=54 pred=65 ❌  | spn: gt=F#3 pred=C6 ❌  | doremi: gt=fa# pred=sol ❌  | hz: gt=184.9972 pred=659.28 ❌
    [  88/210]  F#3 piano  | midi: gt=54 pred=54 ✅  | spn: gt=F#3 pred=F#2 ❌  | doremi: gt=fa# pred=fa# ✅  | hz: gt=184.9972 pred=435.0 ❌
    [  89/210]  F#3 trumpet  | midi: gt=54 pred=65 ❌  | spn: gt=F#3 pred=F#4 ❌  | doremi: gt=fa# pred=sol ❌  | hz: gt=184.9972 pred=659.38 ❌
    [  90/210]  F#3 voice  | midi: gt=54 pred=63 ❌  | spn: gt=F#3 pred=C6 ❌  | doremi: gt=fa# pred=sol ❌  | hz: gt=184.9972 pred=166.67 ❌
    [  91/210]  F#3 flute  | midi: gt=54 pred=64 ❌  | spn: gt=F#3 pred=C6 ❌  | doremi: gt=fa# pred=fa# ✅  | hz: gt=184.9972 pred=415.3068724930709 ❌
    [  92/210]  F#3 synth_pad  | midi: gt=54 pred=64 ❌  | spn: gt=F#3 pred=C6 ❌  | doremi: gt=fa# pred=fa# ✅  | hz: gt=184.9972 pred=435.0 ❌
    [  93/210]  F#3 trumpet  | midi: gt=54 pred=64 ❌  | spn: gt=F#3 pred=C6 ❌  | doremi: gt=fa# pred=fa# ✅  | hz: gt=184.9972 pred=450.0 ❌
    [  94/210]  F#3 voice  | midi: gt=54 pred=54 ✅  | spn: gt=F#3 pred=F#3 ✅  | doremi: gt=fa# pred=la ❌  | hz: gt=184.9972 pred=5400.0 ❌
    [  95/210]  F#3 cello  | midi: gt=54 pred=54 ✅  | spn: gt=F#3 pred=C4 ❌  | doremi: gt=fa# pred=mi ❌  | hz: gt=184.9972 pred=420.0 ❌
    [  96/210]  F#3 violin  | midi: gt=54 pred=54 ✅  | spn: gt=F#3 pred=F#4 ❌  | doremi: gt=fa# pred=mi ❌  | hz: gt=184.9972 pred=420.0 ❌
    [  97/210]  F#3 oboe  | midi: gt=54 pred=64 ❌  | spn: gt=F#3 pred=C6 ❌  | doremi: gt=fa# pred=fa# ✅  | hz: gt=184.9972 pred=435.0 ❌
    [  98/210]  F#3 flute  | midi: gt=54 pred=64 ❌  | spn: gt=F#3 pred=C6 ❌  | doremi: gt=fa# pred=fa# ✅  | hz: gt=184.9972 pred=415.306 ❌
    [  99/210]  F#3 piano  | midi: gt=54 pred=64 ❌  | spn: gt=F#3 pred=C6 ❌  | doremi: gt=fa# pred=fa# ✅  | hz: gt=184.9972 pred=435.0 ❌
    [ 100/210]  F#3 synth_lead  | midi: gt=54 pred=64 ❌  | spn: gt=F#3 pred=C6 ❌  | doremi: gt=fa# pred=fa# ✅  | hz: gt=184.9972 pred=415.306872 ❌
    [ 101/210]  F#3 bass  | midi: gt=54 pred=64 ❌  | spn: gt=F#3 pred=C6 ❌  | doremi: gt=fa# pred=fa# ✅  | hz: gt=184.9972 pred=460.0 ❌
    [ 102/210]  F#3 square  | midi: gt=54 pred=64 ❌  | spn: gt=F#3 pred=C6 ❌  | doremi: gt=fa# pred=fa# ✅  | hz: gt=184.9972 pred=480.0 ❌
    [ 103/210]  F#3 sawtooth  | midi: gt=54 pred=63 ❌  | spn: gt=F#3 pred=F#6 ❌  | doremi: gt=fa# pred=sol# ❌  | hz: gt=184.9972 pred=1073.64 ❌
    [ 104/210]  F#3 triangle  | midi: gt=54 pred=65 ❌  | spn: gt=F#3 pred=C6 ❌  | doremi: gt=fa# pred=fa# ✅  | hz: gt=184.9972 pred=107.32 ❌
    [ 105/210]  F#3 piano  | midi: gt=54 pred=63 ❌  | spn: gt=F#3 pred=F#2 ❌  | doremi: gt=fa# pred=sol# ❌  | hz: gt=184.9972 pred=450.0 ❌
    [ 106/210]   C4 electric_keyboard  | midi: gt=60 pred=60 ✅  | spn: gt=C4 pred=C6 ❌  | doremi: gt=do pred=sol ❌  | hz: gt=261.6256 pred=60.0 ❌
    [ 107/210]   C4 cello  | midi: gt=60 pred=68 ❌  | spn: gt=C4 pred=C6 ❌  | doremi: gt=do pred=sol ❌  | hz: gt=261.6256 pred=465.0 ❌
    [ 108/210]   C4 square  | midi: gt=60 pred=65 ❌  | spn: gt=C4 pred=C6 ❌  | doremi: gt=do pred=fa# ❌  | hz: gt=261.6256 pred=480.0 ❌
    [ 109/210]   C4 violin  | midi: gt=60 pred=60 ✅  | spn: gt=C4 pred=C6 ❌  | doremi: gt=do pred=sol ❌  | hz: gt=261.6256 pred=480.0 ❌
    [ 110/210]   C4 voice  | midi: gt=60 pred=63 ❌  | spn: gt=C4 pred=C6 ❌  | doremi: gt=do pred=sol ❌  | hz: gt=261.6256 pred=480.0 ❌
    [ 111/210]   C4 organ  | midi: gt=60 pred=60 ✅  | spn: gt=C4 pred=C6 ❌  | doremi: gt=do pred=sol ❌  | hz: gt=261.6256 pred=480.0 ❌
    [ 112/210]   C4 synth_lead  | midi: gt=60 pred=64 ❌  | spn: gt=C4 pred=C6 ❌  | doremi: gt=do pred=fa# ❌  | hz: gt=261.6256 pred=415.306 ❌
    [ 113/210]   C4 trumpet  | midi: gt=60 pred=64 ❌  | spn: gt=C4 pred=C6 ❌  | doremi: gt=do pred=fa# ❌  | hz: gt=261.6256 pred=415.306 ❌
    [ 114/210]   C4 sine  | midi: gt=60 pred=64 ❌  | spn: gt=C4 pred=C6 ❌  | doremi: gt=do pred=fa# ❌  | hz: gt=261.6256 pred=480.0 ❌
    [ 115/210]   C4 synth_pad  | midi: gt=60 pred=60 ✅  | spn: gt=C4 pred=C6 ❌  | doremi: gt=do pred=sol ❌  | hz: gt=261.6256 pred=60.0 ❌
    [ 116/210]   C4 triangle  | midi: gt=60 pred=60 ✅  | spn: gt=C4 pred=C6 ❌  | doremi: gt=do pred=sol ❌  | hz: gt=261.6256 pred=480.0 ❌
    [ 117/210]   C4 trumpet  | midi: gt=60 pred=60 ✅  | spn: gt=C4 pred=C4 ✅  | doremi: gt=do pred=sol ❌  | hz: gt=261.6256 pred=435.0 ❌
    [ 118/210]   C4 clarinet  | midi: gt=60 pred=64 ❌  | spn: gt=C4 pred=C6 ❌  | doremi: gt=do pred=fa# ❌  | hz: gt=261.6256 pred=435.0 ❌
    [ 119/210]   C4 triangle  | midi: gt=60 pred=64 ❌  | spn: gt=C4 pred=C6 ❌  | doremi: gt=do pred=fa# ❌  | hz: gt=261.6256 pred=435.0 ❌
    [ 120/210]   C4 trombone  | midi: gt=60 pred=64 ❌  | spn: gt=C4 pred=C6 ❌  | doremi: gt=do pred=fa# ❌  | hz: gt=261.6256 pred=435.0 ❌
    [ 121/210]   C4 cello  | midi: gt=60 pred=69 ❌  | spn: gt=C4 pred=A#6 ❌  | doremi: gt=do pred=fa# ❌  | hz: gt=261.6256 pred=450.0 ❌
    [ 122/210]   C4 electric_keyboard  | midi: gt=60 pred=63 ❌  | spn: gt=C4 pred=C6 ❌  | doremi: gt=do pred=sol ❌  | hz: gt=261.6256 pred=480.0 ❌
    [ 123/210]   C4 organ  | midi: gt=60 pred=64 ❌  | spn: gt=C4 pred=C6 ❌  | doremi: gt=do pred=fa# ❌  | hz: gt=261.6256 pred=480.0 ❌
    [ 124/210]   C4 sine  | midi: gt=60 pred=63 ❌  | spn: gt=C4 pred=C6 ❌  | doremi: gt=do pred=sol ❌  | hz: gt=261.6256 pred=107.32 ❌
    [ 125/210]   C4 trumpet  | midi: gt=60 pred=64 ❌  | spn: gt=C4 pred=C6 ❌  | doremi: gt=do pred=sol ❌  | hz: gt=261.6256 pred=400.0 ❌
    [ 126/210]   C4 synth_lead  | midi: gt=60 pred=64 ❌  | spn: gt=C4 pred=C6 ❌  | doremi: gt=do pred=fa# ❌  | hz: gt=261.6256 pred=1073.64 ❌
    [ 127/210]   E4 electric_keyboard  | midi: gt=64 pred=64 ✅  | spn: gt=E4 pred=C6 ❌  | doremi: gt=mi pred=fa# ❌  | hz: gt=329.6276 pred=64.0 ❌
    [ 128/210]   E4 synth_lead  | midi: gt=64 pred=64 ✅  | spn: gt=E4 pred=C6 ❌  | doremi: gt=mi pred=fa# ❌  | hz: gt=329.6276 pred=1250.0 ❌
    [ 129/210]   E4 triangle  | midi: gt=64 pred=65 ❌  | spn: gt=E4 pred=C6 ❌  | doremi: gt=mi pred=fa# ❌  | hz: gt=329.6276 pred=480.0 ❌
    [ 130/210]   E4 trombone  | midi: gt=64 pred=69 ❌  | spn: gt=E4 pred=E4 ✅  | doremi: gt=mi pred=sol ❌  | hz: gt=329.6276 pred=659.3 ❌
    [ 131/210]   E4 synth_lead  | midi: gt=64 pred=63 ❌  | spn: gt=E4 pred=E6 ❌  | doremi: gt=mi pred=sol# ❌  | hz: gt=329.6276 pred=1250.0 ❌
    [ 132/210]   E4 guitar  | midi: gt=64 pred=64 ✅  | spn: gt=E4 pred=A4 ❌  | doremi: gt=mi pred=sol ❌  | hz: gt=329.6276 pred=450.0 ❌
    [ 133/210]   E4 piano  | midi: gt=64 pred=64 ✅  | spn: gt=E4 pred=C6 ❌  | doremi: gt=mi pred=fa# ❌  | hz: gt=329.6276 pred=415.306 ❌
    [ 134/210]   E4 oboe  | midi: gt=64 pred=64 ✅  | spn: gt=E4 pred=C6 ❌  | doremi: gt=mi pred=fa# ❌  | hz: gt=329.6276 pred=435.0 ❌
    [ 135/210]   E4 electric_keyboard  | midi: gt=64 pred=64 ✅  | spn: gt=E4 pred=C6 ❌  | doremi: gt=mi pred=fa# ❌  | hz: gt=329.6276 pred=435.0 ❌
    [ 136/210]   E4 synth_pad  | midi: gt=64 pred=64 ✅  | spn: gt=E4 pred=C6 ❌  | doremi: gt=mi pred=mi ✅  | hz: gt=329.6276 pred=64.0 ❌
    [ 137/210]   E4 sine  | midi: gt=64 pred=64 ✅  | spn: gt=E4 pred=C4 ❌  | doremi: gt=mi pred=sol ❌  | hz: gt=329.6276 pred=64.0 ❌
    [ 138/210]   E4 synth_lead  | midi: gt=64 pred=64 ✅  | spn: gt=E4 pred=C4 ❌  | doremi: gt=mi pred=si ❌  | hz: gt=329.6276 pred=523.251 ❌
    [ 139/210]   E4 clarinet  | midi: gt=64 pred=64 ✅  | spn: gt=E4 pred=C6 ❌  | doremi: gt=mi pred=fa# ❌  | hz: gt=329.6276 pred=435.0 ❌
    [ 140/210]   E4 bass  | midi: gt=64 pred=64 ✅  | spn: gt=E4 pred=C6 ❌  | doremi: gt=mi pred=fa# ❌  | hz: gt=329.6276 pred=435.0 ❌
    [ 141/210]   E4 sine  | midi: gt=64 pred=64 ✅  | spn: gt=E4 pred=C6 ❌  | doremi: gt=mi pred=fa# ❌  | hz: gt=329.6276 pred=435.0 ❌
    [ 142/210]   E4 triangle  | midi: gt=64 pred=64 ✅  | spn: gt=E4 pred=C6 ❌  | doremi: gt=mi pred=fa# ❌  | hz: gt=329.6276 pred=415.306 ❌
    [ 143/210]   E4 oboe  | midi: gt=64 pred=64 ✅  | spn: gt=E4 pred=C6 ❌  | doremi: gt=mi pred=fa# ❌  | hz: gt=329.6276 pred=415.306 ❌
    [ 144/210]   E4 trombone  | midi: gt=64 pred=68 ❌  | spn: gt=E4 pred=C6 ❌  | doremi: gt=mi pred=fa# ❌  | hz: gt=329.6276 pred=415.306 ❌
    [ 145/210]   E4 sawtooth  | midi: gt=64 pred=64 ✅  | spn: gt=E4 pred=C6 ❌  | doremi: gt=mi pred=sol ❌  | hz: gt=329.6276 pred=1000.0 ❌
    [ 146/210]   E4 flute  | midi: gt=64 pred=69 ❌  | spn: gt=E4 pred=B6 ❌  | doremi: gt=mi pred=fa# ❌  | hz: gt=329.6276 pred=176.47 ❌
    [ 147/210]   A4 voice  | midi: gt=69 pred=69 ✅  | spn: gt=A4 pred=C6 ❌  | doremi: gt=la pred=sol ❌  | hz: gt=440.0 pred=450.0 ❌
    [ 148/210]   E4 voice  | midi: gt=64 pred=69 ❌  | spn: gt=E4 pred=E6 ❌  | doremi: gt=mi pred=sol# ❌  | hz: gt=329.6276 pred=1764.0 ❌
    [ 149/210]   A4 synth_pad  | midi: gt=69 pred=65 ❌  | spn: gt=A4 pred=C6 ❌  | doremi: gt=la pred=fa# ❌  | hz: gt=440.0 pred=460.0 ❌
    [ 150/210]   A4 square  | midi: gt=69 pred=65 ❌  | spn: gt=A4 pred=A4 ✅  | doremi: gt=la pred=fa# ❌  | hz: gt=440.0 pred=1058.37 ❌
    [ 151/210]   A4 bass  | midi: gt=69 pred=69 ✅  | spn: gt=A4 pred=C6 ❌  | doremi: gt=la pred=sol ❌  | hz: gt=440.0 pred=450.0 ❌
    [ 152/210]   A4 square  | midi: gt=69 pred=69 ✅  | spn: gt=A4 pred=A6 ❌  | doremi: gt=la pred=sol ❌  | hz: gt=440.0 pred=1046.53 ❌
    [ 153/210]   A4 piano  | midi: gt=69 pred=68 ❌  | spn: gt=A4 pred=A4 ✅  | doremi: gt=la pred=sol ❌  | hz: gt=440.0 pred=450.0 ❌
    [ 154/210]   A4 piano  | midi: gt=69 pred=64 ❌  | spn: gt=A4 pred=C6 ❌  | doremi: gt=la pred=sol ❌  | hz: gt=440.0 pred=415.306 ❌
    [ 155/210]   A4 bass  | midi: gt=69 pred=64 ❌  | spn: gt=A4 pred=C6 ❌  | doremi: gt=la pred=fa# ❌  | hz: gt=440.0 pred=435.0 ❌
    [ 156/210]   A4 electric_keyboard  | midi: gt=69 pred=64 ❌  | spn: gt=A4 pred=C6 ❌  | doremi: gt=la pred=fa# ❌  | hz: gt=440.0 pred=435.0 ❌
    [ 157/210]   A4 trumpet  | midi: gt=69 pred=69 ✅  | spn: gt=A4 pred=A4 ✅  | doremi: gt=la pred=re ❌  | hz: gt=440.0 pred=695.0 ❌
    [ 158/210]   A4 synth_lead  | midi: gt=69 pred=69 ✅  | spn: gt=A4 pred=A#6 ❌  | doremi: gt=la pred=mi ❌  | hz: gt=440.0 pred=698.13 ❌
    [ 159/210]   A4 cello  | midi: gt=69 pred=69 ✅  | spn: gt=A4 pred=A4 ✅  | doremi: gt=la pred=mi ❌  | hz: gt=440.0 pred=693.0518724500507 ❌
    [ 160/210]   A4 guitar  | midi: gt=69 pred=64 ❌  | spn: gt=A4 pred=C6 ❌  | doremi: gt=la pred=fa# ❌  | hz: gt=440.0 pred=415.306 ❌
    [ 161/210]   A4 voice  | midi: gt=69 pred=64 ❌  | spn: gt=A4 pred=C6 ❌  | doremi: gt=la pred=fa# ❌  | hz: gt=440.0 pred=435.0 ❌
    [ 162/210]   A4 synth_pad  | midi: gt=69 pred=64 ❌  | spn: gt=A4 pred=C6 ❌  | doremi: gt=la pred=fa# ❌  | hz: gt=440.0 pred=435.0 ❌
    [ 163/210]   A4 trombone  | midi: gt=69 pred=64 ❌  | spn: gt=A4 pred=C6 ❌  | doremi: gt=la pred=sol ❌  | hz: gt=440.0 pred=460.0 ❌
    [ 164/210]   A4 violin  | midi: gt=69 pred=69 ✅  | spn: gt=A4 pred=C6 ❌  | doremi: gt=la pred=fa# ❌  | hz: gt=440.0 pred=460.0 ❌
    [ 165/210]   A4 oboe  | midi: gt=69 pred=69 ✅  | spn: gt=A4 pred=C6 ❌  | doremi: gt=la pred=sol ❌  | hz: gt=440.0 pred=450.0 ❌
    [ 166/210]   A4 organ  | midi: gt=69 pred=69 ✅  | spn: gt=A4 pred=A6 ❌  | doremi: gt=la pred=sol# ❌  | hz: gt=440.0 pred=1073.65 ❌
    [ 167/210]   A4 synth_lead  | midi: gt=69 pred=69 ✅  | spn: gt=A4 pred=C6 ❌  | doremi: gt=la pred=sol# ❌  | hz: gt=440.0 pred=1050.0 ❌
    [ 168/210]   A4 voice  | midi: gt=69 pred=69 ✅  | spn: gt=A4 pred=None ❌  | doremi: gt=la pred=sol# ❌  | hz: gt=440.0 pred=480.0 ❌
    [ 169/210]   G5 triangle  | midi: gt=79 pred=68 ❌  | spn: gt=G5 pred=C6 ❌  | doremi: gt=sol pred=sol ✅  | hz: gt=783.9909 pred=4350.0 ❌
    [ 170/210]   G5 flute  | midi: gt=79 pred=69 ❌  | spn: gt=G5 pred=C6 ❌  | doremi: gt=sol pred=sol ✅  | hz: gt=783.9909 pred=659.28 ❌
    [ 171/210]   G5 synth_pad  | midi: gt=79 pred=68 ❌  | spn: gt=G5 pred=C6 ❌  | doremi: gt=sol pred=sol# ❌  | hz: gt=783.9909 pred=1046.53 ❌
    [ 172/210]   G5 square  | midi: gt=79 pred=63 ❌  | spn: gt=G5 pred=C6 ❌  | doremi: gt=sol pred=sol ✅  | hz: gt=783.9909 pred=480.0 ❌
    [ 173/210]   G5 clarinet  | midi: gt=79 pred=68 ❌  | spn: gt=G5 pred=C6 ❌  | doremi: gt=sol pred=sol ✅  | hz: gt=783.9909 pred=450.0 ❌
    [ 174/210]   G5 sine  | midi: gt=79 pred=68 ❌  | spn: gt=G5 pred=C6 ❌  | doremi: gt=sol pred=sol ✅  | hz: gt=783.9909 pred=1073.64 ❌
    [ 175/210]   G5 voice  | midi: gt=79 pred=63 ❌  | spn: gt=G5 pred=C6 ❌  | doremi: gt=sol pred=fa# ❌  | hz: gt=783.9909 pred=415.306 ❌
    [ 176/210]   G5 synth_pad  | midi: gt=79 pred=64 ❌  | spn: gt=G5 pred=C6 ❌  | doremi: gt=sol pred=fa# ❌  | hz: gt=783.9909 pred=480.0 ❌
    [ 177/210]   G5 flute  | midi: gt=79 pred=64 ❌  | spn: gt=G5 pred=C6 ❌  | doremi: gt=sol pred=fa# ❌  | hz: gt=783.9909 pred=480.0 ❌
    [ 178/210]   G5 voice  | midi: gt=79 pred=67 ❌  | spn: gt=G5 pred=C6 ❌  | doremi: gt=sol pred=sol ✅  | hz: gt=783.9909 pred=793.65 ❌
    [ 179/210]   G5 flute  | midi: gt=79 pred=67 ❌  | spn: gt=G5 pred=F6 ❌  | doremi: gt=sol pred=sol ✅  | hz: gt=783.9909 pred=793.65 ❌
    [ 180/210]   G5 sine  | midi: gt=79 pred=68 ❌  | spn: gt=G5 pred=G6 ❌  | doremi: gt=sol pred=sol ✅  | hz: gt=783.9909 pred=480.0 ❌
    [ 181/210]   G5 square  | midi: gt=79 pred=64 ❌  | spn: gt=G5 pred=C6 ❌  | doremi: gt=sol pred=fa# ❌  | hz: gt=783.9909 pred=435.0 ❌
    [ 182/210]   G5 sawtooth  | midi: gt=79 pred=64 ❌  | spn: gt=G5 pred=C6 ❌  | doremi: gt=sol pred=fa# ❌  | hz: gt=783.9909 pred=415.306 ❌
    [ 183/210]   G5 flute  | midi: gt=79 pred=64 ❌  | spn: gt=G5 pred=C6 ❌  | doremi: gt=sol pred=fa# ❌  | hz: gt=783.9909 pred=435.0 ❌
    [ 184/210]   G5 square  | midi: gt=79 pred=64 ❌  | spn: gt=G5 pred=C6 ❌  | doremi: gt=sol pred=fa# ❌  | hz: gt=783.9909 pred=1052.63 ❌
    [ 185/210]   G5 sawtooth  | midi: gt=79 pred=64 ❌  | spn: gt=G5 pred=C6 ❌  | doremi: gt=sol pred=fa# ❌  | hz: gt=783.9909 pred=480.0 ❌
    [ 186/210]   G5 clarinet  | midi: gt=79 pred=64 ❌  | spn: gt=G5 pred=C6 ❌  | doremi: gt=sol pred=fa# ❌  | hz: gt=783.9909 pred=415.306 ❌
    [ 187/210]   G5 square  | midi: gt=79 pred=65 ❌  | spn: gt=G5 pred=C6 ❌  | doremi: gt=sol pred=sol# ❌  | hz: gt=783.9909 pred=1024.0 ❌
    [ 188/210]   G5 synth_lead  | midi: gt=79 pred=64 ❌  | spn: gt=G5 pred=C6 ❌  | doremi: gt=sol pred=sol# ❌  | hz: gt=783.9909 pred=1058.37 ❌
    [ 189/210]   G5 flute  | midi: gt=79 pred=68 ❌  | spn: gt=G5 pred=C6 ❌  | doremi: gt=sol pred=sol ✅  | hz: gt=783.9909 pred=1073.65 ❌
    [ 190/210]   E6 trumpet  | midi: gt=88 pred=65 ❌  | spn: gt=E6 pred=E6 ✅  | doremi: gt=mi pred=fa# ❌  | hz: gt=1318.5102 pred=1250.0 ❌
    [ 191/210]   E6 bass  | midi: gt=88 pred=83 ❌  | spn: gt=E6 pred=C6 ❌  | doremi: gt=mi pred=sol ❌  | hz: gt=1318.5102 pred=None ❌
    [ 192/210]   E6 guitar  | midi: gt=88 pred=64 ❌  | spn: gt=E6 pred=C6 ❌  | doremi: gt=mi pred=sol ❌  | hz: gt=1318.5102 pred=8125.0 ❌
    [ 193/210]   E6 synth_pad  | midi: gt=88 pred=69 ❌  | spn: gt=E6 pred=C6 ❌  | doremi: gt=mi pred=sol# ❌  | hz: gt=1318.5102 pred=1046.53 ❌
    [ 194/210]   E6 piano  | midi: gt=88 pred=64 ❌  | spn: gt=E6 pred=C6 ❌  | doremi: gt=mi pred=sol# ❌  | hz: gt=1318.5102 pred=1050.0 ❌
    [ 195/210]   E6 bass  | midi: gt=88 pred=83 ❌  | spn: gt=E6 pred=C6 ❌  | doremi: gt=mi pred=sol# ❌  | hz: gt=1318.5102 pred=840.0 ❌
    [ 196/210]   E6 flute  | midi: gt=88 pred=64 ❌  | spn: gt=E6 pred=C6 ❌  | doremi: gt=mi pred=fa# ❌  | hz: gt=1318.5102 pred=415.306 ❌
    [ 197/210]   E6 bass  | midi: gt=88 pred=64 ❌  | spn: gt=E6 pred=C6 ❌  | doremi: gt=mi pred=fa# ❌  | hz: gt=1318.5102 pred=480.0 ❌
    [ 198/210]   E6 guitar  | midi: gt=88 pred=88 ✅  | spn: gt=E6 pred=G7 ❌  | doremi: gt=mi pred=re ❌  | hz: gt=1318.5102 pred=8100.0 ❌
    [ 199/210]   E6 cello  | midi: gt=88 pred=64 ❌  | spn: gt=E6 pred=C6 ❌  | doremi: gt=mi pred=fa# ❌  | hz: gt=1318.5102 pred=415.306 ❌
    [ 200/210]   E6 synth_pad  | midi: gt=88 pred=88 ✅  | spn: gt=E6 pred=B7 ❌  | doremi: gt=mi pred=re ❌  | hz: gt=1318.5102 pred=8820.0 ❌
    [ 201/210]   E6 triangle  | midi: gt=88 pred=83 ❌  | spn: gt=E6 pred=C6 ❌  | doremi: gt=mi pred=sol ❌  | hz: gt=1318.5102 pred=890.63 ❌
    [ 202/210]   E6 cello  | midi: gt=88 pred=64 ❌  | spn: gt=E6 pred=C6 ❌  | doremi: gt=mi pred=fa# ❌  | hz: gt=1318.5102 pred=435.0 ❌
    [ 203/210]   E6 oboe  | midi: gt=88 pred=64 ❌  | spn: gt=E6 pred=C6 ❌  | doremi: gt=mi pred=fa# ❌  | hz: gt=1318.5102 pred=435.0 ❌
    [ 204/210]   E6 voice  | midi: gt=88 pred=64 ❌  | spn: gt=E6 pred=C6 ❌  | doremi: gt=mi pred=fa# ❌  | hz: gt=1318.5102 pred=435.0 ❌
    [ 205/210]   E6 cello  | midi: gt=88 pred=63 ❌  | spn: gt=E6 pred=C6 ❌  | doremi: gt=mi pred=fa# ❌  | hz: gt=1318.5102 pred=415.306 ❌
    [ 206/210]   E6 organ  | midi: gt=88 pred=64 ❌  | spn: gt=E6 pred=C6 ❌  | doremi: gt=mi pred=fa# ❌  | hz: gt=1318.5102 pred=450.0 ❌
    [ 207/210]   E6 sawtooth  | midi: gt=88 pred=64 ❌  | spn: gt=E6 pred=C6 ❌  | doremi: gt=mi pred=fa# ❌  | hz: gt=1318.5102 pred=480.0 ❌
    [ 208/210]   E6 triangle  | midi: gt=88 pred=69 ❌  | spn: gt=E6 pred=C6 ❌  | doremi: gt=mi pred=sol ❌  | hz: gt=1318.5102 pred=1050.0 ❌
    [ 209/210]   E6 sawtooth  | midi: gt=88 pred=64 ❌  | spn: gt=E6 pred=C6 ❌  | doremi: gt=mi pred=sol ❌  | hz: gt=1318.5102 pred=1073.64 ❌
    [ 210/210]   E6 violin  | midi: gt=88 pred=84 ❌  | spn: gt=E6 pred=C6 ❌  | doremi: gt=mi pred=sol# ❌  | hz: gt=1318.5102 pred=1034.52 ❌

============================================================
SUMMARY — audio_flamingo_next_instruct
  Sampling     : 210 of 1330 (stratified by '(midi, duration_ms)', seed=42)
  Stimuli (total)     : 210
  Stimuli (condition) : 210  (all records)

  Format   Accuracy
  ──────────────────
    MIDI      26.2%
     SPN       6.7%
  DOREMI      23.3%
      HZ       0.0%
     ANY      29.5%

Results saved → results/run_20260506_053722/pitchbench_a3_single_pitch_by_duration/run_001_20260506_054917/results_audio_flamingo_next_instruct.*

############################################################
# pitchbench_b1_single_pitch_within_silence
############################################################

Experiment : pitchbench_b1_single_pitch_within_silence
Models     : audio_flamingo_next_instruct
Stimuli    : 160
  Sampling     : 160 of 1520 (stratified by '(midi, pos_ms)', seed=42)

  Model : Audio Flamingo Next – instruct
    [dispatch] 160 items, max_workers=2
    [   1/160]  F#1 sine  | midi: gt=30 pred=58 ❌  | spn: gt=F#1 pred=C5 ❌  | doremi: gt=fa# pred=sol ❌
    [   2/160]  F#1 sine  | midi: gt=30 pred=58 ❌  | spn: gt=F#1 pred=C5 ❌  | doremi: gt=fa# pred=do# ❌
    [   3/160]   C2 sine  | midi: gt=36 pred=58 ❌  | spn: gt=C2 pred=C5 ❌  | doremi: gt=do pred=do# ❌
    [   4/160]   C2 sine  | midi: gt=36 pred=58 ❌  | spn: gt=C2 pred=C5 ❌  | doremi: gt=do pred=sol ❌
    [   5/160]   A4 sine  | midi: gt=69 pred=58 ❌  | spn: gt=A4 pred=C5 ❌  | doremi: gt=la pred=do# ❌
    [   6/160]   G5 sine  | midi: gt=79 pred=58 ❌  | spn: gt=G5 pred=C5 ❌  | doremi: gt=sol pred=fa# ❌
    [   7/160]   G5 sine  | midi: gt=79 pred=58 ❌  | spn: gt=G5 pred=C5 ❌  | doremi: gt=sol pred=fa# ❌
    [   8/160]   E6 sine  | midi: gt=88 pred=58 ❌  | spn: gt=E6 pred=C5 ❌  | doremi: gt=mi pred=fa# ❌
    [   9/160]  F#1 sawtooth  | midi: gt=30 pred=58 ❌  | spn: gt=F#1 pred=C5 ❌  | doremi: gt=fa# pred=fa# ✅
    [  10/160]   G2 sawtooth  | midi: gt=43 pred=58 ❌  | spn: gt=G2 pred=G2 ✅  | doremi: gt=sol pred=sol ✅
    [  11/160]   C3 sawtooth  | midi: gt=48 pred=58 ❌  | spn: gt=C3 pred=C5 ❌  | doremi: gt=do pred=do# ❌
    [  12/160]  F#3 sawtooth  | midi: gt=54 pred=58 ❌  | spn: gt=F#3 pred=F#5 ❌  | doremi: gt=fa# pred=la# ❌
    [  13/160]  F#3 sawtooth  | midi: gt=54 pred=58 ❌  | spn: gt=F#3 pred=F#5 ❌  | doremi: gt=fa# pred=la# ❌
    [  14/160]   E4 sawtooth  | midi: gt=64 pred=58 ❌  | spn: gt=E4 pred=C5 ❌  | doremi: gt=mi pred=fa# ❌
    [  15/160]   E6 sawtooth  | midi: gt=88 pred=59 ❌  | spn: gt=E6 pred=F5 ❌  | doremi: gt=mi pred=la# ❌
    [  16/160]  F#1 square  | midi: gt=30 pred=58 ❌  | spn: gt=F#1 pred=C5 ❌  | doremi: gt=fa# pred=fa# ✅
    [  17/160]  F#1 square  | midi: gt=30 pred=58 ❌  | spn: gt=F#1 pred=C5 ❌  | doremi: gt=fa# pred=fa# ✅
    [  18/160]   G2 square  | midi: gt=43 pred=58 ❌  | spn: gt=G2 pred=C5 ❌  | doremi: gt=sol pred=fa# ❌
    [  19/160]   G2 square  | midi: gt=43 pred=58 ❌  | spn: gt=G2 pred=C5 ❌  | doremi: gt=sol pred=fa# ❌
    [  20/160]   C3 square  | midi: gt=48 pred=58 ❌  | spn: gt=C3 pred=C5 ❌  | doremi: gt=do pred=fa# ❌
    [  21/160]   C3 square  | midi: gt=48 pred=58 ❌  | spn: gt=C3 pred=C5 ❌  | doremi: gt=do pred=sol ❌
    [  22/160]  F#3 square  | midi: gt=54 pred=58 ❌  | spn: gt=F#3 pred=F5 ❌  | doremi: gt=fa# pred=la# ❌
    [  23/160]   C4 square  | midi: gt=60 pred=58 ❌  | spn: gt=C4 pred=C5 ❌  | doremi: gt=do pred=do# ❌
    [  24/160]   E4 square  | midi: gt=64 pred=58 ❌  | spn: gt=E4 pred=C5 ❌  | doremi: gt=mi pred=fa# ❌
    [  25/160]   E4 square  | midi: gt=64 pred=58 ❌  | spn: gt=E4 pred=C5 ❌  | doremi: gt=mi pred=fa# ❌
    [  26/160]   E6 square  | midi: gt=88 pred=58 ❌  | spn: gt=E6 pred=C5 ❌  | doremi: gt=mi pred=fa# ❌
    [  27/160]   E6 square  | midi: gt=88 pred=58 ❌  | spn: gt=E6 pred=C5 ❌  | doremi: gt=mi pred=fa# ❌
    [  28/160]   E6 square  | midi: gt=88 pred=58 ❌  | spn: gt=E6 pred=C5 ❌  | doremi: gt=mi pred=fa# ❌
    [  29/160]  F#1 triangle  | midi: gt=30 pred=58 ❌  | spn: gt=F#1 pred=C5 ❌  | doremi: gt=fa# pred=fa# ✅
    [  30/160]  F#1 triangle  | midi: gt=30 pred=58 ❌  | spn: gt=F#1 pred=C2 ❌  | doremi: gt=fa# pred=fa# ✅
    [  31/160]   G2 triangle  | midi: gt=43 pred=58 ❌  | spn: gt=G2 pred=C5 ❌  | doremi: gt=sol pred=fa# ❌
    [  32/160]   G2 triangle  | midi: gt=43 pred=58 ❌  | spn: gt=G2 pred=C5 ❌  | doremi: gt=sol pred=fa# ❌
    [  33/160]   G2 triangle  | midi: gt=43 pred=58 ❌  | spn: gt=G2 pred=C5 ❌  | doremi: gt=sol pred=fa# ❌
    [  34/160]   C3 triangle  | midi: gt=48 pred=58 ❌  | spn: gt=C3 pred=C5 ❌  | doremi: gt=do pred=fa# ❌
    [  35/160]   E4 triangle  | midi: gt=64 pred=58 ❌  | spn: gt=E4 pred=C5 ❌  | doremi: gt=mi pred=fa# ❌
    [  36/160]   A4 triangle  | midi: gt=69 pred=58 ❌  | spn: gt=A4 pred=C5 ❌  | doremi: gt=la pred=sol ❌
    [  37/160]   A4 triangle  | midi: gt=69 pred=58 ❌  | spn: gt=A4 pred=C5 ❌  | doremi: gt=la pred=fa# ❌
    [  38/160]   G5 triangle  | midi: gt=79 pred=58 ❌  | spn: gt=G5 pred=C5 ❌  | doremi: gt=sol pred=fa# ❌
    [  39/160]   E6 triangle  | midi: gt=88 pred=58 ❌  | spn: gt=E6 pred=C5 ❌  | doremi: gt=mi pred=fa# ❌
    [  40/160]  F#1 piano  | midi: gt=30 pred=58 ❌  | spn: gt=F#1 pred=C5 ❌  | doremi: gt=fa# pred=fa# ✅
    [  41/160]   C2 piano  | midi: gt=36 pred=58 ❌  | spn: gt=C2 pred=C5 ❌  | doremi: gt=do pred=fa# ❌
    [  42/160]   C4 piano  | midi: gt=60 pred=48 ❌  | spn: gt=C4 pred=C5 ❌  | doremi: gt=do pred=do# ❌
    [  43/160]   C4 piano  | midi: gt=60 pred=58 ❌  | spn: gt=C4 pred=C5 ❌  | doremi: gt=do pred=do# ❌
    [  44/160]   E4 piano  | midi: gt=64 pred=48 ❌  | spn: gt=E4 pred=E2 ❌  | doremi: gt=mi pred=la# ❌
    [  45/160]   E4 piano  | midi: gt=64 pred=58 ❌  | spn: gt=E4 pred=C5 ❌  | doremi: gt=mi pred=la# ❌
    [  46/160]   G5 piano  | midi: gt=79 pred=48 ❌  | spn: gt=G5 pred=C5 ❌  | doremi: gt=sol pred=fa# ❌
    [  47/160]   E6 piano  | midi: gt=88 pred=48 ❌  | spn: gt=E6 pred=C5 ❌  | doremi: gt=mi pred=fa# ❌
    [  48/160]   C2 electric_keyboard  | midi: gt=36 pred=58 ❌  | spn: gt=C2 pred=C5 ❌  | doremi: gt=do pred=fa# ❌
    [  49/160]   C3 electric_keyboard  | midi: gt=48 pred=58 ❌  | spn: gt=C3 pred=C5 ❌  | doremi: gt=do pred=do# ❌
    [  50/160]  F#3 electric_keyboard  | midi: gt=54 pred=53 ❌  | spn: gt=F#3 pred=F#5 ❌  | doremi: gt=fa# pred=la# ❌
    [  51/160]  F#3 electric_keyboard  | midi: gt=54 pred=59 ❌  | spn: gt=F#3 pred=F#5 ❌  | doremi: gt=fa# pred=la# ❌
    [  52/160]   E4 electric_keyboard  | midi: gt=64 pred=58 ❌  | spn: gt=E4 pred=C5 ❌  | doremi: gt=mi pred=fa# ❌
    [  53/160]   A4 electric_keyboard  | midi: gt=69 pred=58 ❌  | spn: gt=A4 pred=A5 ❌  | doremi: gt=la pred=fa# ❌
    [  54/160]   G5 electric_keyboard  | midi: gt=79 pred=58 ❌  | spn: gt=G5 pred=C5 ❌  | doremi: gt=sol pred=fa# ❌
    [  55/160]   G5 electric_keyboard  | midi: gt=79 pred=58 ❌  | spn: gt=G5 pred=C5 ❌  | doremi: gt=sol pred=fa# ❌
    [  56/160]  F#1 guitar  | midi: gt=30 pred=58 ❌  | spn: gt=F#1 pred=C5 ❌  | doremi: gt=fa# pred=fa# ✅
    [  57/160]   C2 guitar  | midi: gt=36 pred=58 ❌  | spn: gt=C2 pred=C5 ❌  | doremi: gt=do pred=do# ❌
    [  58/160]   C2 guitar  | midi: gt=36 pred=58 ❌  | spn: gt=C2 pred=C5 ❌  | doremi: gt=do pred=do# ❌
    [  59/160]   C3 guitar  | midi: gt=48 pred=58 ❌  | spn: gt=C3 pred=C5 ❌  | doremi: gt=do pred=do# ❌
    [  60/160]  F#3 guitar  | midi: gt=54 pred=58 ❌  | spn: gt=F#3 pred=F#5 ❌  | doremi: gt=fa# pred=la# ❌
    [  61/160]   C4 guitar  | midi: gt=60 pred=58 ❌  | spn: gt=C4 pred=C5 ❌  | doremi: gt=do pred=do# ❌
    [  62/160]   C4 guitar  | midi: gt=60 pred=53 ❌  | spn: gt=C4 pred=C5 ❌  | doremi: gt=do pred=do# ❌
    [  63/160]   G5 guitar  | midi: gt=79 pred=58 ❌  | spn: gt=G5 pred=C5 ❌  | doremi: gt=sol pred=sol ✅
    [  64/160]  F#1 flute  | midi: gt=30 pred=58 ❌  | spn: gt=F#1 pred=C5 ❌  | doremi: gt=fa# pred=sol ❌
    [  65/160]  F#1 flute  | midi: gt=30 pred=58 ❌  | spn: gt=F#1 pred=C5 ❌  | doremi: gt=fa# pred=sol ❌
    [  66/160]  F#1 flute  | midi: gt=30 pred=58 ❌  | spn: gt=F#1 pred=C5 ❌  | doremi: gt=fa# pred=fa# ✅
    [  67/160]   C2 flute  | midi: gt=36 pred=58 ❌  | spn: gt=C2 pred=C5 ❌  | doremi: gt=do pred=fa# ❌
    [  68/160]   C3 flute  | midi: gt=48 pred=58 ❌  | spn: gt=C3 pred=C5 ❌  | doremi: gt=do pred=do# ❌
    [  69/160]   C3 flute  | midi: gt=48 pred=58 ❌  | spn: gt=C3 pred=C5 ❌  | doremi: gt=do pred=do# ❌
    [  70/160]  F#3 flute  | midi: gt=54 pred=54 ✅  | spn: gt=F#3 pred=F#5 ❌  | doremi: gt=fa# pred=la# ❌
    [  71/160]  F#3 flute  | midi: gt=54 pred=58 ❌  | spn: gt=F#3 pred=F#5 ❌  | doremi: gt=fa# pred=la# ❌
    [  72/160]  F#3 flute  | midi: gt=54 pred=54 ✅  | spn: gt=F#3 pred=F#5 ❌  | doremi: gt=fa# pred=la# ❌
    [  73/160]   C4 flute  | midi: gt=60 pred=58 ❌  | spn: gt=C4 pred=C5 ❌  | doremi: gt=do pred=do# ❌
    [  74/160]   E4 flute  | midi: gt=64 pred=58 ❌  | spn: gt=E4 pred=C5 ❌  | doremi: gt=mi pred=fa# ❌
    [  75/160]   E6 flute  | midi: gt=88 pred=58 ❌  | spn: gt=E6 pred=C5 ❌  | doremi: gt=mi pred=fa# ❌
    [  76/160]   E6 flute  | midi: gt=88 pred=58 ❌  | spn: gt=E6 pred=C5 ❌  | doremi: gt=mi pred=fa# ❌
    [  77/160]  F#1 trumpet  | midi: gt=30 pred=58 ❌  | spn: gt=F#1 pred=C5 ❌  | doremi: gt=fa# pred=fa# ✅
    [  78/160]   C2 trumpet  | midi: gt=36 pred=58 ❌  | spn: gt=C2 pred=C5 ❌  | doremi: gt=do pred=sol ❌
    [  79/160]   C2 trumpet  | midi: gt=36 pred=58 ❌  | spn: gt=C2 pred=C5 ❌  | doremi: gt=do pred=fa# ❌
    [  80/160]   G2 trumpet  | midi: gt=43 pred=58 ❌  | spn: gt=G2 pred=G2 ✅  | doremi: gt=sol pred=sol ✅
    [  81/160]   C3 trumpet  | midi: gt=48 pred=58 ❌  | spn: gt=C3 pred=C5 ❌  | doremi: gt=do pred=do# ❌
    [  82/160]  F#3 trumpet  | midi: gt=54 pred=58 ❌  | spn: gt=F#3 pred=F5 ❌  | doremi: gt=fa# pred=la# ❌
    [  83/160]  F#3 trumpet  | midi: gt=54 pred=58 ❌  | spn: gt=F#3 pred=F#5 ❌  | doremi: gt=fa# pred=la# ❌
    [  84/160]   C4 trumpet  | midi: gt=60 pred=58 ❌  | spn: gt=C4 pred=C5 ❌  | doremi: gt=do pred=do# ❌
    [  85/160]   C4 trumpet  | midi: gt=60 pred=58 ❌  | spn: gt=C4 pred=C5 ❌  | doremi: gt=do pred=do# ❌
    [  86/160]   E4 trumpet  | midi: gt=64 pred=58 ❌  | spn: gt=E4 pred=C5 ❌  | doremi: gt=mi pred=fa# ❌
    [  87/160]   A4 trumpet  | midi: gt=69 pred=58 ❌  | spn: gt=A4 pred=C5 ❌  | doremi: gt=la pred=fa# ❌
    [  88/160]   A4 trumpet  | midi: gt=69 pred=58 ❌  | spn: gt=A4 pred=C5 ❌  | doremi: gt=la pred=fa# ❌
    [  89/160]   G5 trumpet  | midi: gt=79 pred=58 ❌  | spn: gt=G5 pred=C5 ❌  | doremi: gt=sol pred=sol ✅
    [  90/160]   G2 trombone  | midi: gt=43 pred=58 ❌  | spn: gt=G2 pred=C5 ❌  | doremi: gt=sol pred=sol ✅
    [  91/160]   C3 trombone  | midi: gt=48 pred=58 ❌  | spn: gt=C3 pred=C5 ❌  | doremi: gt=do pred=do# ❌
    [  92/160]   A4 trombone  | midi: gt=69 pred=58 ❌  | spn: gt=A4 pred=C5 ❌  | doremi: gt=la pred=fa# ❌
    [  93/160]   G5 trombone  | midi: gt=79 pred=58 ❌  | spn: gt=G5 pred=C5 ❌  | doremi: gt=sol pred=fa# ❌
    [  94/160]   E6 trombone  | midi: gt=88 pred=58 ❌  | spn: gt=E6 pred=C5 ❌  | doremi: gt=mi pred=fa# ❌
    [  95/160]   C2 clarinet  | midi: gt=36 pred=58 ❌  | spn: gt=C2 pred=C5 ❌  | doremi: gt=do pred=fa# ❌
    [  96/160]   C2 clarinet  | midi: gt=36 pred=58 ❌  | spn: gt=C2 pred=C5 ❌  | doremi: gt=do pred=fa# ❌
    [  97/160]  F#3 clarinet  | midi: gt=54 pred=58 ❌  | spn: gt=F#3 pred=F5 ❌  | doremi: gt=fa# pred=la# ❌
    [  98/160]   C4 clarinet  | midi: gt=60 pred=53 ❌  | spn: gt=C4 pred=C5 ❌  | doremi: gt=do pred=do# ❌
    [  99/160]   C4 clarinet  | midi: gt=60 pred=58 ❌  | spn: gt=C4 pred=C5 ❌  | doremi: gt=do pred=do# ❌
    [ 100/160]   A4 clarinet  | midi: gt=69 pred=58 ❌  | spn: gt=A4 pred=C5 ❌  | doremi: gt=la pred=fa# ❌
    [ 101/160]   G5 clarinet  | midi: gt=79 pred=58 ❌  | spn: gt=G5 pred=C5 ❌  | doremi: gt=sol pred=fa# ❌
    [ 102/160]   G2 oboe  | midi: gt=43 pred=58 ❌  | spn: gt=G2 pred=G2 ✅  | doremi: gt=sol pred=sol ✅
    [ 103/160]   G2 oboe  | midi: gt=43 pred=58 ❌  | spn: gt=G2 pred=C5 ❌  | doremi: gt=sol pred=sol ✅
    [ 104/160]   C3 oboe  | midi: gt=48 pred=58 ❌  | spn: gt=C3 pred=C5 ❌  | doremi: gt=do pred=do# ❌
    [ 105/160]   C3 oboe  | midi: gt=48 pred=58 ❌  | spn: gt=C3 pred=C5 ❌  | doremi: gt=do pred=do# ❌
    [ 106/160]   E4 oboe  | midi: gt=64 pred=58 ❌  | spn: gt=E4 pred=C5 ❌  | doremi: gt=mi pred=fa# ❌
    [ 107/160]   G5 oboe  | midi: gt=79 pred=58 ❌  | spn: gt=G5 pred=C5 ❌  | doremi: gt=sol pred=sol ✅
    [ 108/160]   E6 oboe  | midi: gt=88 pred=58 ❌  | spn: gt=E6 pred=C5 ❌  | doremi: gt=mi pred=fa# ❌
    [ 109/160]   G2 violin  | midi: gt=43 pred=58 ❌  | spn: gt=G2 pred=C5 ❌  | doremi: gt=sol pred=sol ✅
    [ 110/160]   G2 violin  | midi: gt=43 pred=58 ❌  | spn: gt=G2 pred=C5 ❌  | doremi: gt=sol pred=sol ✅
    [ 111/160]   C3 violin  | midi: gt=48 pred=58 ❌  | spn: gt=C3 pred=C5 ❌  | doremi: gt=do pred=do# ❌
    [ 112/160]  F#3 violin  | midi: gt=54 pred=54 ✅  | spn: gt=F#3 pred=F#5 ❌  | doremi: gt=fa# pred=la# ❌
    [ 113/160]   C4 violin  | midi: gt=60 pred=58 ❌  | spn: gt=C4 pred=C5 ❌  | doremi: gt=do pred=do# ❌
    [ 114/160]   C4 violin  | midi: gt=60 pred=58 ❌  | spn: gt=C4 pred=C5 ❌  | doremi: gt=do pred=do# ❌
    [ 115/160]   E4 violin  | midi: gt=64 pred=58 ❌  | spn: gt=E4 pred=C5 ❌  | doremi: gt=mi pred=sol ❌
    [ 116/160]   A4 violin  | midi: gt=69 pred=58 ❌  | spn: gt=A4 pred=C5 ❌  | doremi: gt=la pred=sol ❌
    [ 117/160]  F#1 cello  | midi: gt=30 pred=58 ❌  | spn: gt=F#1 pred=C5 ❌  | doremi: gt=fa# pred=fa# ✅
    [ 118/160]   C2 cello  | midi: gt=36 pred=58 ❌  | spn: gt=C2 pred=C5 ❌  | doremi: gt=do pred=fa# ❌
    [ 119/160]   C2 cello  | midi: gt=36 pred=58 ❌  | spn: gt=C2 pred=C5 ❌  | doremi: gt=do pred=fa# ❌
    [ 120/160]   E4 cello  | midi: gt=64 pred=58 ❌  | spn: gt=E4 pred=C5 ❌  | doremi: gt=mi pred=fa# ❌
    [ 121/160]   E4 cello  | midi: gt=64 pred=58 ❌  | spn: gt=E4 pred=C5 ❌  | doremi: gt=mi pred=fa# ❌
    [ 122/160]   A4 cello  | midi: gt=69 pred=58 ❌  | spn: gt=A4 pred=C5 ❌  | doremi: gt=la pred=fa# ❌
    [ 123/160]   C2 organ  | midi: gt=36 pred=58 ❌  | spn: gt=C2 pred=C5 ❌  | doremi: gt=do pred=do# ❌
    [ 124/160]   G2 organ  | midi: gt=43 pred=58 ❌  | spn: gt=G2 pred=G2 ✅  | doremi: gt=sol pred=sol ✅
    [ 125/160]   C3 organ  | midi: gt=48 pred=58 ❌  | spn: gt=C3 pred=C5 ❌  | doremi: gt=do pred=do# ❌
    [ 126/160]  F#3 organ  | midi: gt=54 pred=53 ❌  | spn: gt=F#3 pred=F#5 ❌  | doremi: gt=fa# pred=la# ❌
    [ 127/160]   C4 organ  | midi: gt=60 pred=58 ❌  | spn: gt=C4 pred=C5 ❌  | doremi: gt=do pred=do# ❌
    [ 128/160]   A4 organ  | midi: gt=69 pred=58 ❌  | spn: gt=A4 pred=C5 ❌  | doremi: gt=la pred=fa# ❌
    [ 129/160]   A4 organ  | midi: gt=69 pred=58 ❌  | spn: gt=A4 pred=C5 ❌  | doremi: gt=la pred=fa# ❌
    [ 130/160]   C4 bass  | midi: gt=60 pred=58 ❌  | spn: gt=C4 pred=C5 ❌  | doremi: gt=do pred=do# ❌
    [ 131/160]   E4 bass  | midi: gt=64 pred=58 ❌  | spn: gt=E4 pred=C5 ❌  | doremi: gt=mi pred=fa# ❌
    [ 132/160]   E6 bass  | midi: gt=88 pred=58 ❌  | spn: gt=E6 pred=C5 ❌  | doremi: gt=mi pred=fa# ❌
    [ 133/160]   E6 bass  | midi: gt=88 pred=58 ❌  | spn: gt=E6 pred=C5 ❌  | doremi: gt=mi pred=fa# ❌
    [ 134/160]  F#1 synth_lead  | midi: gt=30 pred=58 ❌  | spn: gt=F#1 pred=C5 ❌  | doremi: gt=fa# pred=fa# ✅
    [ 135/160]   E4 synth_lead  | midi: gt=64 pred=58 ❌  | spn: gt=E4 pred=C5 ❌  | doremi: gt=mi pred=sol ❌
    [ 136/160]   A4 synth_lead  | midi: gt=69 pred=58 ❌  | spn: gt=A4 pred=C5 ❌  | doremi: gt=la pred=fa# ❌
    [ 137/160]   G5 synth_lead  | midi: gt=79 pred=58 ❌  | spn: gt=G5 pred=C5 ❌  | doremi: gt=sol pred=fa# ❌
    [ 138/160]   G5 synth_lead  | midi: gt=79 pred=58 ❌  | spn: gt=G5 pred=C5 ❌  | doremi: gt=sol pred=fa# ❌
    [ 139/160]   G5 synth_lead  | midi: gt=79 pred=58 ❌  | spn: gt=G5 pred=C5 ❌  | doremi: gt=sol pred=fa# ❌
    [ 140/160]   G5 synth_lead  | midi: gt=79 pred=58 ❌  | spn: gt=G5 pred=C5 ❌  | doremi: gt=sol pred=fa# ❌
    [ 141/160]  F#1 synth_pad  | midi: gt=30 pred=58 ❌  | spn: gt=F#1 pred=C5 ❌  | doremi: gt=fa# pred=fa# ✅
    [ 142/160]   C2 synth_pad  | midi: gt=36 pred=58 ❌  | spn: gt=C2 pred=C5 ❌  | doremi: gt=do pred=do# ❌
    [ 143/160]   C2 synth_pad  | midi: gt=36 pred=58 ❌  | spn: gt=C2 pred=C5 ❌  | doremi: gt=do pred=do# ❌
    [ 144/160]   G2 synth_pad  | midi: gt=43 pred=58 ❌  | spn: gt=G2 pred=G2 ✅  | doremi: gt=sol pred=sol ✅
    [ 145/160]  F#3 synth_pad  | midi: gt=54 pred=58 ❌  | spn: gt=F#3 pred=F5 ❌  | doremi: gt=fa# pred=la# ❌
    [ 146/160]   G2 synth_pad  | midi: gt=43 pred=58 ❌  | spn: gt=G2 pred=C5 ❌  | doremi: gt=sol pred=sol ✅
    [ 147/160]  F#3 synth_pad  | midi: gt=54 pred=54 ✅  | spn: gt=F#3 pred=F#5 ❌  | doremi: gt=fa# pred=la# ❌
    [ 148/160]   C4 synth_pad  | midi: gt=60 pred=58 ❌  | spn: gt=C4 pred=C5 ❌  | doremi: gt=do pred=do# ❌
    [ 149/160]   A4 synth_pad  | midi: gt=69 pred=58 ❌  | spn: gt=A4 pred=C5 ❌  | doremi: gt=la pred=fa# ❌
    [ 150/160]   A4 synth_pad  | midi: gt=69 pred=58 ❌  | spn: gt=A4 pred=C5 ❌  | doremi: gt=la pred=sol ❌
    [ 151/160]   G5 synth_pad  | midi: gt=79 pred=58 ❌  | spn: gt=G5 pred=C5 ❌  | doremi: gt=sol pred=sol ✅
    [ 152/160]   E6 synth_pad  | midi: gt=88 pred=58 ❌  | spn: gt=E6 pred=C5 ❌  | doremi: gt=mi pred=fa# ❌
    [ 153/160]   G2 voice  | midi: gt=43 pred=58 ❌  | spn: gt=G2 pred=C5 ❌  | doremi: gt=sol pred=sol ✅
    [ 154/160]   C3 voice  | midi: gt=48 pred=58 ❌  | spn: gt=C3 pred=C5 ❌  | doremi: gt=do pred=do# ❌
    [ 155/160]   C3 voice  | midi: gt=48 pred=58 ❌  | spn: gt=C3 pred=C5 ❌  | doremi: gt=do pred=do# ❌
    [ 156/160]   C4 voice  | midi: gt=60 pred=58 ❌  | spn: gt=C4 pred=C5 ❌  | doremi: gt=do pred=do# ❌
    [ 157/160]   E4 voice  | midi: gt=64 pred=58 ❌  | spn: gt=E4 pred=C5 ❌  | doremi: gt=mi pred=fa# ❌
    [ 158/160]   A4 voice  | midi: gt=69 pred=58 ❌  | spn: gt=A4 pred=C5 ❌  | doremi: gt=la pred=sol ❌
    [ 159/160]   E6 voice  | midi: gt=88 pred=58 ❌  | spn: gt=E6 pred=C5 ❌  | doremi: gt=mi pred=fa# ❌
    [ 160/160]   E6 voice  | midi: gt=88 pred=58 ❌  | spn: gt=E6 pred=C5 ❌  | doremi: gt=mi pred=fa# ❌

============================================================
SUMMARY — audio_flamingo_next_instruct
  Sampling     : 160 of 1520 (stratified by '(midi, pos_ms)', seed=42)
  Stimuli (total)     : 160
  Stimuli (condition) : 160
  Stimuli (baseline)  : 0

    Metric  Condition   Baseline
  ────────────────────────────────
      MIDI       2.5%       0.0%
       SPN       3.1%       0.0%
    DOREMI      16.9%       0.0%
        HZ       0.0%       0.0%
       ANY       5.6%       0.0%

  Headline 'accuracy' is computed on the condition subset only (see CatBSpec.primary_filter).

Results saved → results/run_20260506_053722/pitchbench_b1_single_pitch_within_silence/run_001_20260506_055124/results_audio_flamingo_next_instruct.*

############################################################
# pitchbench_b2_pitch_at_timestamp
############################################################

Experiment : pitchbench_b2_pitch_at_timestamp
Models     : audio_flamingo_next_instruct
Stimuli    : 150
  Sampling     : 150 of 760 (stratified by '(n_notes, target_idx)', seed=42)

  Model : Audio Flamingo Next – instruct
    [dispatch] 150 items, max_workers=2
    [   1/150]   E6 triangle  | midi: gt=88 pred=64 ❌  | spn: gt=E6 pred=C6 ❌  | doremi: gt=mi pred=sol ❌
    [   2/150]   C4 bass  | midi: gt=60 pred=63 ❌  | spn: gt=C4 pred=C4 ✅  | doremi: gt=do pred=fa# ❌
    [   3/150]   G2 sine  | midi: gt=43 pred=64 ❌  | spn: gt=G2 pred=C6 ❌  | doremi: gt=sol pred=sol ✅
    [   4/150]   C3 trumpet  | midi: gt=48 pred=65 ❌  | spn: gt=C3 pred=C4 ❌  | doremi: gt=do pred=sol ❌
    [   5/150]  F#1 flute  | midi: gt=30 pred=64 ❌  | spn: gt=F#1 pred=C2 ❌  | doremi: gt=fa# pred=sol ❌
    [   6/150]   E4 guitar  | midi: gt=64 pred=63 ❌  | spn: gt=E4 pred=C#6 ❌  | doremi: gt=mi pred=fa# ❌
    [   7/150]  F#1 piano  | midi: gt=30 pred=69 ❌  | spn: gt=F#1 pred=C6 ❌  | doremi: gt=fa# pred=sol# ❌
    [   8/150]   E4 triangle  | midi: gt=64 pred=64 ✅  | spn: gt=E4 pred=C6 ❌  | doremi: gt=mi pred=sol# ❌
    [   9/150]   E6 oboe  | midi: gt=88 pred=84 ❌  | spn: gt=E6 pred=B7 ❌  | doremi: gt=mi pred=sol ❌
    [  10/150]   C2 triangle  | midi: gt=36 pred=64 ❌  | spn: gt=C2 pred=C6 ❌  | doremi: gt=do pred=sol# ❌
    [  11/150]  F#1 organ  | midi: gt=30 pred=65 ❌  | spn: gt=F#1 pred=C6 ❌  | doremi: gt=fa# pred=fa# ✅
    [  12/150]   C3 sine  | midi: gt=48 pred=64 ❌  | spn: gt=C3 pred=C6 ❌  | doremi: gt=do pred=fa# ❌
    [  13/150]   G2 sine  | midi: gt=43 pred=65 ❌  | spn: gt=G2 pred=C6 ❌  | doremi: gt=sol pred=fa# ❌
    [  14/150]   C4 sine  | midi: gt=60 pred=64 ❌  | spn: gt=C4 pred=C6 ❌  | doremi: gt=do pred=sol ❌
    [  15/150]   E6 sawtooth  | midi: gt=88 pred=64 ❌  | spn: gt=E6 pred=F#2 ❌  | doremi: gt=mi pred=sol ❌
    [  16/150]  F#1 square  | midi: gt=30 pred=58 ❌  | spn: gt=F#1 pred=C4 ❌  | doremi: gt=fa# pred=fa# ✅
    [  17/150]   C2 trumpet  | midi: gt=36 pred=65 ❌  | spn: gt=C2 pred=C4 ❌  | doremi: gt=do pred=fa# ❌
    [  18/150]  F#1 trombone  | midi: gt=30 pred=63 ❌  | spn: gt=F#1 pred=C4 ❌  | doremi: gt=fa# pred=sol ❌
    [  19/150]   E6 organ  | midi: gt=88 pred=58 ❌  | spn: gt=E6 pred=C4 ❌  | doremi: gt=mi pred=sol# ❌
    [  20/150]   A4 trumpet  | midi: gt=69 pred=64 ❌  | spn: gt=A4 pred=C6 ❌  | doremi: gt=la pred=sol# ❌
    [  21/150]   C4 guitar  | midi: gt=60 pred=65 ❌  | spn: gt=C4 pred=C6 ❌  | doremi: gt=do pred=fa# ❌
    [  22/150]  F#1 voice  | midi: gt=30 pred=58 ❌  | spn: gt=F#1 pred=C4 ❌  | doremi: gt=fa# pred=sol# ❌
    [  23/150]   C4 organ  | midi: gt=60 pred=64 ❌  | spn: gt=C4 pred=F4 ❌  | doremi: gt=do pred=sol ❌
    [  24/150]   C2 violin  | midi: gt=36 pred=65 ❌  | spn: gt=C2 pred=C6 ❌  | doremi: gt=do pred=sol# ❌
    [  25/150]   C4 flute  | midi: gt=60 pred=68 ❌  | spn: gt=C4 pred=C#6 ❌  | doremi: gt=do pred=fa# ❌
    [  26/150]   G2 violin  | midi: gt=43 pred=63 ❌  | spn: gt=G2 pred=C6 ❌  | doremi: gt=sol pred=sol# ❌
    [  27/150]   C3 synth_lead  | midi: gt=48 pred=58 ❌  | spn: gt=C3 pred=C#4 ❌  | doremi: gt=do pred=sol# ❌
    [  28/150]   C4 trumpet  | midi: gt=60 pred=64 ❌  | spn: gt=C4 pred=C4 ✅  | doremi: gt=do pred=sol ❌
    [  29/150]   E4 sine  | midi: gt=64 pred=65 ❌  | spn: gt=E4 pred=C6 ❌  | doremi: gt=mi pred=fa# ❌
    [  30/150]  F#1 guitar  | midi: gt=30 pred=63 ❌  | spn: gt=F#1 pred=C6 ❌  | doremi: gt=fa# pred=fa# ✅
    [  31/150]  F#3 organ  | midi: gt=54 pred=65 ❌  | spn: gt=F#3 pred=C#6 ❌  | doremi: gt=fa# pred=sol# ❌
    [  32/150]   C2 clarinet  | midi: gt=36 pred=65 ❌  | spn: gt=C2 pred=C6 ❌  | doremi: gt=do pred=fa# ❌
    [  33/150]   C4 trumpet  | midi: gt=60 pred=65 ❌  | spn: gt=C4 pred=C6 ❌  | doremi: gt=do pred=sol# ❌
    [  34/150]  F#3 triangle  | midi: gt=54 pred=64 ❌  | spn: gt=F#3 pred=C6 ❌  | doremi: gt=fa# pred=fa# ✅
    [  35/150]   G5 voice  | midi: gt=79 pred=65 ❌  | spn: gt=G5 pred=C6 ❌  | doremi: gt=sol pred=sol# ❌
    [  36/150]   C2 guitar  | midi: gt=36 pred=64 ❌  | spn: gt=C2 pred=C6 ❌  | doremi: gt=do pred=sol# ❌
    [  37/150]   E4 square  | midi: gt=64 pred=64 ✅  | spn: gt=E4 pred=C6 ❌  | doremi: gt=mi pred=fa# ❌
    [  38/150]   C4 sine  | midi: gt=60 pred=65 ❌  | spn: gt=C4 pred=C6 ❌  | doremi: gt=do pred=fa# ❌
    [  39/150]  F#3 piano  | midi: gt=54 pred=63 ❌  | spn: gt=F#3 pred=C#6 ❌  | doremi: gt=fa# pred=sol# ❌
    [  40/150]   A4 sine  | midi: gt=69 pred=65 ❌  | spn: gt=A4 pred=C6 ❌  | doremi: gt=la pred=fa# ❌
    [  41/150]   A4 clarinet  | midi: gt=69 pred=58 ❌  | spn: gt=A4 pred=C4 ❌  | doremi: gt=la pred=fa# ❌
    [  42/150]   C4 voice  | midi: gt=60 pred=63 ❌  | spn: gt=C4 pred=C6 ❌  | doremi: gt=do pred=fa# ❌
    [  43/150]  F#3 synth_pad  | midi: gt=54 pred=65 ❌  | spn: gt=F#3 pred=C#6 ❌  | doremi: gt=fa# pred=fa# ✅
    [  44/150]   G2 flute  | midi: gt=43 pred=53 ❌  | spn: gt=G2 pred=A#5 ❌  | doremi: gt=sol pred=fa# ❌
    [  45/150]   C3 square  | midi: gt=48 pred=65 ❌  | spn: gt=C3 pred=C6 ❌  | doremi: gt=do pred=sol# ❌
    [  46/150]   C4 organ  | midi: gt=60 pred=63 ❌  | spn: gt=C4 pred=C6 ❌  | doremi: gt=do pred=sol# ❌
    [  47/150]   G5 bass  | midi: gt=79 pred=65 ❌  | spn: gt=G5 pred=C6 ❌  | doremi: gt=sol pred=sol# ❌
    [  48/150]  F#1 piano  | midi: gt=30 pred=65 ❌  | spn: gt=F#1 pred=C6 ❌  | doremi: gt=fa# pred=fa# ✅
    [  49/150]   E4 violin  | midi: gt=64 pred=65 ❌  | spn: gt=E4 pred=C#6 ❌  | doremi: gt=mi pred=sol# ❌
    [  50/150]   G5 triangle  | midi: gt=79 pred=64 ❌  | spn: gt=G5 pred=C6 ❌  | doremi: gt=sol pred=fa# ❌
    [  51/150]  F#3 trombone  | midi: gt=54 pred=63 ❌  | spn: gt=F#3 pred=C6 ❌  | doremi: gt=fa# pred=fa# ✅
    [  52/150]   E6 oboe  | midi: gt=88 pred=69 ❌  | spn: gt=E6 pred=A#6 ❌  | doremi: gt=mi pred=sol# ❌
    [  53/150]   C2 electric_keyboard  | midi: gt=36 pred=65 ❌  | spn: gt=C2 pred=C6 ❌  | doremi: gt=do pred=fa# ❌
    [  54/150]   C2 square  | midi: gt=36 pred=64 ❌  | spn: gt=C2 pred=C6 ❌  | doremi: gt=do pred=sol ❌
    [  55/150]  F#3 sine  | midi: gt=54 pred=65 ❌  | spn: gt=F#3 pred=C6 ❌  | doremi: gt=fa# pred=fa# ✅
    [  56/150]   C3 clarinet  | midi: gt=48 pred=65 ❌  | spn: gt=C3 pred=C6 ❌  | doremi: gt=do pred=fa# ❌
    [  57/150]   G5 square  | midi: gt=79 pred=48 ❌  | spn: gt=G5 pred=C4 ❌  | doremi: gt=sol pred=sol# ❌
    [  58/150]  F#1 violin  | midi: gt=30 pred=64 ❌  | spn: gt=F#1 pred=C6 ❌  | doremi: gt=fa# pred=sol# ❌
    [  59/150]   G2 piano  | midi: gt=43 pred=65 ❌  | spn: gt=G2 pred=C6 ❌  | doremi: gt=sol pred=sol# ❌
    [  60/150]   A4 sine  | midi: gt=69 pred=65 ❌  | spn: gt=A4 pred=C6 ❌  | doremi: gt=la pred=fa# ❌
    [  61/150]   A4 synth_lead  | midi: gt=69 pred=58 ❌  | spn: gt=A4 pred=C4 ❌  | doremi: gt=la pred=fa# ❌
    [  62/150]  F#3 electric_keyboard  | midi: gt=54 pred=68 ❌  | spn: gt=F#3 pred=C6 ❌  | doremi: gt=fa# pred=fa# ✅
    [  63/150]   C3 voice  | midi: gt=48 pred=49 ❌  | spn: gt=C3 pred=C4 ❌  | doremi: gt=do pred=fa# ❌
    [  64/150]  F#1 square  | midi: gt=30 pred=65 ❌  | spn: gt=F#1 pred=C6 ❌  | doremi: gt=fa# pred=fa# ✅
    [  65/150]  F#3 trumpet  | midi: gt=54 pred=63 ❌  | spn: gt=F#3 pred=C6 ❌  | doremi: gt=fa# pred=fa# ✅
    [  66/150]   G5 guitar  | midi: gt=79 pred=64 ❌  | spn: gt=G5 pred=C6 ❌  | doremi: gt=sol pred=fa# ❌
    [  67/150]   C4 clarinet  | midi: gt=60 pred=64 ❌  | spn: gt=C4 pred=C6 ❌  | doremi: gt=do pred=fa# ❌
    [  68/150]   E6 cello  | midi: gt=88 pred=65 ❌  | spn: gt=E6 pred=C#6 ❌  | doremi: gt=mi pred=sol# ❌
    [  69/150]   C3 trumpet  | midi: gt=48 pred=65 ❌  | spn: gt=C3 pred=C6 ❌  | doremi: gt=do pred=sol ❌
    [  70/150]   C2 piano  | midi: gt=36 pred=63 ❌  | spn: gt=C2 pred=C6 ❌  | doremi: gt=do pred=sol# ❌
    [  71/150]   C3 clarinet  | midi: gt=48 pred=64 ❌  | spn: gt=C3 pred=C6 ❌  | doremi: gt=do pred=fa# ❌
    [  72/150]  F#1 trombone  | midi: gt=30 pred=59 ❌  | spn: gt=F#1 pred=C4 ❌  | doremi: gt=fa# pred=sol ❌
    [  73/150]   C3 guitar  | midi: gt=48 pred=43 ❌  | spn: gt=C3 pred=C4 ❌  | doremi: gt=do pred=fa# ❌
    [  74/150]   C3 flute  | midi: gt=48 pred=48 ✅  | spn: gt=C3 pred=C4 ❌  | doremi: gt=do pred=fa# ❌
    [  75/150]  F#3 square  | midi: gt=54 pred=63 ❌  | spn: gt=F#3 pred=C6 ❌  | doremi: gt=fa# pred=fa# ✅
    [  76/150]   C2 electric_keyboard  | midi: gt=36 pred=48 ❌  | spn: gt=C2 pred=C4 ❌  | doremi: gt=do pred=fa# ❌
    [  77/150]   E6 guitar  | midi: gt=88 pred=63 ❌  | spn: gt=E6 pred=C6 ❌  | doremi: gt=mi pred=fa# ❌
    [  78/150]   G2 bass  | midi: gt=43 pred=63 ❌  | spn: gt=G2 pred=C4 ❌  | doremi: gt=sol pred=fa# ❌
    [  79/150]   G5 violin  | midi: gt=79 pred=48 ❌  | spn: gt=G5 pred=C4 ❌  | doremi: gt=sol pred=fa# ❌
    [  80/150]   C4 electric_keyboard  | midi: gt=60 pred=63 ❌  | spn: gt=C4 pred=C6 ❌  | doremi: gt=do pred=fa# ❌
    [  81/150]   C2 oboe  | midi: gt=36 pred=63 ❌  | spn: gt=C2 pred=C6 ❌  | doremi: gt=do pred=fa# ❌
    [  82/150]   C3 flute  | midi: gt=48 pred=63 ❌  | spn: gt=C3 pred=C6 ❌  | doremi: gt=do pred=fa# ❌
    [  83/150]   E6 violin  | midi: gt=88 pred=63 ❌  | spn: gt=E6 pred=C6 ❌  | doremi: gt=mi pred=fa# ❌
    [  84/150]   E6 sawtooth  | midi: gt=88 pred=64 ❌  | spn: gt=E6 pred=A#6 ❌  | doremi: gt=mi pred=fa# ❌
    [  85/150]   E6 synth_pad  | midi: gt=88 pred=65 ❌  | spn: gt=E6 pred=C6 ❌  | doremi: gt=mi pred=fa# ❌
    [  86/150]  F#1 bass  | midi: gt=30 pred=63 ❌  | spn: gt=F#1 pred=C#6 ❌  | doremi: gt=fa# pred=fa# ✅
    [  87/150]   E4 sine  | midi: gt=64 pred=58 ❌  | spn: gt=E4 pred=C4 ❌  | doremi: gt=mi pred=fa# ❌
    [  88/150]   G5 organ  | midi: gt=79 pred=63 ❌  | spn: gt=G5 pred=C6 ❌  | doremi: gt=sol pred=sol# ❌
    [  89/150]   G2 piano  | midi: gt=43 pred=63 ❌  | spn: gt=G2 pred=C6 ❌  | doremi: gt=sol pred=sol# ❌
    [  90/150]   A4 guitar  | midi: gt=69 pred=53 ❌  | spn: gt=A4 pred=C#4 ❌  | doremi: gt=la pred=fa# ❌
    [  91/150]   A4 trombone  | midi: gt=69 pred=48 ❌  | spn: gt=A4 pred=C4 ❌  | doremi: gt=la pred=sol# ❌
    [  92/150]   A4 sawtooth  | midi: gt=69 pred=64 ❌  | spn: gt=A4 pred=C6 ❌  | doremi: gt=la pred=fa# ❌
    [  93/150]  F#3 guitar  | midi: gt=54 pred=64 ❌  | spn: gt=F#3 pred=B4 ❌  | doremi: gt=fa# pred=fa# ✅
    [  94/150]   C3 violin  | midi: gt=48 pred=48 ✅  | spn: gt=C3 pred=C4 ❌  | doremi: gt=do pred=sol# ❌
    [  95/150]  F#3 voice  | midi: gt=54 pred=48 ❌  | spn: gt=F#3 pred=C4 ❌  | doremi: gt=fa# pred=sol# ❌
    [  96/150]  F#3 synth_pad  | midi: gt=54 pred=64 ❌  | spn: gt=F#3 pred=C6 ❌  | doremi: gt=fa# pred=sol# ❌
    [  97/150]   G2 trombone  | midi: gt=43 pred=64 ❌  | spn: gt=G2 pred=C4 ❌  | doremi: gt=sol pred=sol ✅
    [  98/150]  F#1 guitar  | midi: gt=30 pred=64 ❌  | spn: gt=F#1 pred=C6 ❌  | doremi: gt=fa# pred=fa# ✅
    [  99/150]   C2 flute  | midi: gt=36 pred=65 ❌  | spn: gt=C2 pred=C6 ❌  | doremi: gt=do pred=fa# ❌
    [ 100/150]   G2 synth_pad  | midi: gt=43 pred=69 ❌  | spn: gt=G2 pred=D6 ❌  | doremi: gt=sol pred=sol# ❌
    [ 101/150]   G5 piano  | midi: gt=79 pred=69 ❌  | spn: gt=G5 pred=G6 ❌  | doremi: gt=sol pred=sol# ❌
    [ 102/150]  F#3 trumpet  | midi: gt=54 pred=64 ❌  | spn: gt=F#3 pred=B4 ❌  | doremi: gt=fa# pred=sol# ❌
    [ 103/150]   A4 piano  | midi: gt=69 pred=65 ❌  | spn: gt=A4 pred=C#6 ❌  | doremi: gt=la pred=sol# ❌
    [ 104/150]  F#1 trumpet  | midi: gt=30 pred=48 ❌  | spn: gt=F#1 pred=A#2 ❌  | doremi: gt=fa# pred=re ❌
    [ 105/150]   E4 synth_pad  | midi: gt=64 pred=65 ❌  | spn: gt=E4 pred=C6 ❌  | doremi: gt=mi pred=fa# ❌
    [ 106/150]   C2 synth_pad  | midi: gt=36 pred=63 ❌  | spn: gt=C2 pred=C#6 ❌  | doremi: gt=do pred=fa# ❌
    [ 107/150]   E6 voice  | midi: gt=88 pred=64 ❌  | spn: gt=E6 pred=C6 ❌  | doremi: gt=mi pred=fa# ❌
    [ 108/150]   G5 violin  | midi: gt=79 pred=64 ❌  | spn: gt=G5 pred=C6 ❌  | doremi: gt=sol pred=sol ✅
    [ 109/150]  F#3 violin  | midi: gt=54 pred=64 ❌  | spn: gt=F#3 pred=C6 ❌  | doremi: gt=fa# pred=sol ❌
    [ 110/150]   G2 oboe  | midi: gt=43 pred=58 ❌  | spn: gt=G2 pred=C4 ❌  | doremi: gt=sol pred=fa# ❌
    [ 111/150]   G5 guitar  | midi: gt=79 pred=64 ❌  | spn: gt=G5 pred=C6 ❌  | doremi: gt=sol pred=sol ✅
    [ 112/150]   A4 piano  | midi: gt=69 pred=64 ❌  | spn: gt=A4 pred=C4 ❌  | doremi: gt=la pred=fa# ❌
    [ 113/150]   E4 bass  | midi: gt=64 pred=65 ❌  | spn: gt=E4 pred=C#6 ❌  | doremi: gt=mi pred=sol# ❌
    [ 114/150]  F#1 bass  | midi: gt=30 pred=64 ❌  | spn: gt=F#1 pred=C4 ❌  | doremi: gt=fa# pred=sol# ❌
    [ 115/150]   A4 square  | midi: gt=69 pred=58 ❌  | spn: gt=A4 pred=A#5 ❌  | doremi: gt=la pred=fa# ❌
    [ 116/150]   E4 sawtooth  | midi: gt=64 pred=64 ✅  | spn: gt=E4 pred=C6 ❌  | doremi: gt=mi pred=sol ❌
    [ 117/150]  F#3 electric_keyboard  | midi: gt=54 pred=58 ❌  | spn: gt=F#3 pred=C#4 ❌  | doremi: gt=fa# pred=fa# ✅
    [ 118/150]   E6 triangle  | midi: gt=88 pred=64 ❌  | spn: gt=E6 pred=C6 ❌  | doremi: gt=mi pred=sol# ❌
    [ 119/150]   C4 electric_keyboard  | midi: gt=60 pred=64 ❌  | spn: gt=C4 pred=C6 ❌  | doremi: gt=do pred=fa# ❌
    [ 120/150]   C4 cello  | midi: gt=60 pred=65 ❌  | spn: gt=C4 pred=C6 ❌  | doremi: gt=do pred=sol ❌
    [ 121/150]   G2 sawtooth  | midi: gt=43 pred=64 ❌  | spn: gt=G2 pred=C6 ❌  | doremi: gt=sol pred=sol ✅
    [ 122/150]   E4 clarinet  | midi: gt=64 pred=64 ✅  | spn: gt=E4 pred=C6 ❌  | doremi: gt=mi pred=sol# ❌
    [ 123/150]   C4 clarinet  | midi: gt=60 pred=58 ❌  | spn: gt=C4 pred=C4 ✅  | doremi: gt=do pred=fa# ❌
    [ 124/150]   A4 cello  | midi: gt=69 pred=64 ❌  | spn: gt=A4 pred=C6 ❌  | doremi: gt=la pred=fa# ❌
    [ 125/150]   E4 synth_pad  | midi: gt=64 pred=48 ❌  | spn: gt=E4 pred=C4 ❌  | doremi: gt=mi pred=fa# ❌
    [ 126/150]  F#1 flute  | midi: gt=30 pred=64 ❌  | spn: gt=F#1 pred=C#6 ❌  | doremi: gt=fa# pred=fa# ✅
    [ 127/150]   C3 sine  | midi: gt=48 pred=65 ❌  | spn: gt=C3 pred=C6 ❌  | doremi: gt=do pred=fa# ❌
    [ 128/150]  F#3 square  | midi: gt=54 pred=65 ❌  | spn: gt=F#3 pred=C6 ❌  | doremi: gt=fa# pred=fa# ✅
    [ 129/150]   C3 flute  | midi: gt=48 pred=58 ❌  | spn: gt=C3 pred=C4 ❌  | doremi: gt=do pred=sol ❌
    [ 130/150]   E4 voice  | midi: gt=64 pred=58 ❌  | spn: gt=E4 pred=C4 ❌  | doremi: gt=mi pred=sol ❌
    [ 131/150]   E6 clarinet  | midi: gt=88 pred=64 ❌  | spn: gt=E6 pred=C6 ❌  | doremi: gt=mi pred=fa# ❌
    [ 132/150]   C4 piano  | midi: gt=60 pred=65 ❌  | spn: gt=C4 pred=C#6 ❌  | doremi: gt=do pred=sol# ❌
    [ 133/150]   C2 clarinet  | midi: gt=36 pred=65 ❌  | spn: gt=C2 pred=C6 ❌  | doremi: gt=do pred=fa# ❌
    [ 134/150]   C2 cello  | midi: gt=36 pred=64 ❌  | spn: gt=C2 pred=C6 ❌  | doremi: gt=do pred=fa# ❌
    [ 135/150]   A4 guitar  | midi: gt=69 pred=64 ❌  | spn: gt=A4 pred=C6 ❌  | doremi: gt=la pred=fa# ❌
    [ 136/150]   C3 organ  | midi: gt=48 pred=63 ❌  | spn: gt=C3 pred=A#6 ❌  | doremi: gt=do pred=fa# ❌
    [ 137/150]   C2 sine  | midi: gt=36 pred=38 ❌  | spn: gt=C2 pred=C4 ❌  | doremi: gt=do pred=fa# ❌
    [ 138/150]   C3 trombone  | midi: gt=48 pred=48 ✅  | spn: gt=C3 pred=C4 ❌  | doremi: gt=do pred=fa# ❌
    [ 139/150]   E6 bass  | midi: gt=88 pred=68 ❌  | spn: gt=E6 pred=F#6 ❌  | doremi: gt=mi pred=fa# ❌
    [ 140/150]  F#1 flute  | midi: gt=30 pred=64 ❌  | spn: gt=F#1 pred=C6 ❌  | doremi: gt=fa# pred=fa# ✅
    [ 141/150]  F#3 synth_pad  | midi: gt=54 pred=64 ❌  | spn: gt=F#3 pred=F#2 ❌  | doremi: gt=fa# pred=fa# ✅
    [ 142/150]   G2 triangle  | midi: gt=43 pred=63 ❌  | spn: gt=G2 pred=C4 ❌  | doremi: gt=sol pred=fa# ❌
    [ 143/150]   E6 trombone  | midi: gt=88 pred=69 ❌  | spn: gt=E6 pred=C6 ❌  | doremi: gt=mi pred=sol ❌
    [ 144/150]   G5 voice  | midi: gt=79 pred=64 ❌  | spn: gt=G5 pred=C6 ❌  | doremi: gt=sol pred=fa# ❌
    [ 145/150]   C3 guitar  | midi: gt=48 pred=48 ✅  | spn: gt=C3 pred=C4 ❌  | doremi: gt=do pred=fa# ❌
    [ 146/150]   G5 piano  | midi: gt=79 pred=64 ❌  | spn: gt=G5 pred=C#6 ❌  | doremi: gt=sol pred=fa# ❌
    [ 147/150]   C2 organ  | midi: gt=36 pred=69 ❌  | spn: gt=C2 pred=C6 ❌  | doremi: gt=do pred=sol ❌
    [ 148/150]   C2 electric_keyboard  | midi: gt=36 pred=64 ❌  | spn: gt=C2 pred=C6 ❌  | doremi: gt=do pred=sol ❌
    [ 149/150]  F#1 trombone  | midi: gt=30 pred=63 ❌  | spn: gt=F#1 pred=C6 ❌  | doremi: gt=fa# pred=fa# ✅
    [ 150/150]   C4 synth_lead  | midi: gt=60 pred=63 ❌  | spn: gt=C4 pred=C6 ❌  | doremi: gt=do pred=fa# ❌

============================================================
SUMMARY — audio_flamingo_next_instruct
  Sampling     : 150 of 760 (stratified by '(n_notes, target_idx)', seed=42)
  Stimuli (total)     : 150
  Stimuli (condition) : 150  (all records)

    Metric   Accuracy
  ──────────────────────
      MIDI       5.3%
       SPN       2.0%
    DOREMI      17.3%
        HZ       2.7%
       ANY      10.0%

Results saved → results/run_20260506_053722/pitchbench_b2_pitch_at_timestamp/run_001_20260506_055422/results_audio_flamingo_next_instruct.*

############################################################
# pitchbench_b3_timestamp_single_pitch
############################################################

Experiment : pitchbench_b3_timestamp_single_pitch
Models     : audio_flamingo_next_instruct
Stimuli    : 160
  Sampling     : 160 of 3040 (stratified by '(pos_ms, duration_ms, midi)', seed=42)

  Model : Audio Flamingo Next – instruct
    [dispatch] 160 items, max_workers=2
    [   1/160]  F#1 triangle  gt=n_gt=2  pred=n_pred=2  ❌
    [   2/160]   C2 sine  gt=n_gt=2  pred=n_pred=2  ❌
    [   3/160]   G2 trumpet  gt=n_gt=2  pred=n_pred=2  ❌
    [   4/160]   C3 flute  gt=n_gt=2  pred=n_pred=2  ❌
    [   5/160]  F#3 flute  gt=n_gt=2  pred=n_pred=2  ❌
    [   6/160]   C4 piano  gt=n_gt=2  pred=n_pred=2  ❌
    [   7/160]   E4 triangle  gt=n_gt=2  pred=n_pred=2  ❌
    [   8/160]   A4 synth_pad  gt=n_gt=2  pred=n_pred=2  ❌
    [   9/160]   G5 square  gt=n_gt=2  pred=n_pred=2  ❌
    [  10/160]   E6 voice  gt=n_gt=2  pred=n_pred=2  ❌
    [  11/160]  F#1 cello  gt=n_gt=2  pred=n_pred=2  ❌
    [  12/160]   C2 sawtooth  gt=n_gt=2  pred=n_pred=2  ❌
    [  13/160]   G2 sine  gt=n_gt=2  pred=n_pred=2  ❌
    [  14/160]   C3 square  gt=n_gt=2  pred=n_pred=2  ❌
    [  15/160]  F#3 guitar  gt=n_gt=2  pred=n_pred=2  ❌
    [  16/160]   C4 flute  gt=n_gt=2  pred=n_pred=2  ❌
    [  17/160]   E4 synth_lead  gt=n_gt=2  pred=n_pred=2  ❌
    [  18/160]   A4 sine  gt=n_gt=2  pred=n_pred=2  ❌
    [  19/160]   G5 synth_pad  gt=n_gt=2  pred=n_pred=2  ❌
    [  20/160]   E6 guitar  gt=n_gt=2  pred=n_pred=2  ❌
    [  21/160]  F#1 synth_pad  gt=n_gt=2  pred=n_pred=2  ❌
    [  22/160]   C2 cello  gt=n_gt=2  pred=n_pred=2  ❌
    [  23/160]   G2 flute  gt=n_gt=2  pred=n_pred=2  ❌
    [  24/160]   C3 organ  gt=n_gt=2  pred=n_pred=2  ❌
    [  25/160]  F#3 voice  gt=n_gt=2  pred=n_pred=2  ❌
    [  26/160]   C4 trumpet  gt=n_gt=2  pred=n_pred=2  ❌
    [  27/160]   E4 sine  gt=n_gt=2  pred=n_pred=2  ❌
    [  28/160]   A4 electric_keyboard  gt=n_gt=2  pred=n_pred=2  ❌
    [  29/160]   G5 cello  gt=n_gt=2  pred=n_pred=2  ❌
    [  30/160]   E6 clarinet  gt=n_gt=2  pred=n_pred=2  ❌
    [  31/160]  F#1 trumpet  gt=n_gt=2  pred=n_pred=2  ❌
    [  32/160]   C2 piano  gt=n_gt=2  pred=n_pred=2  ❌
    [  33/160]   G2 guitar  gt=n_gt=2  pred=n_pred=2  ❌
    [  34/160]   C3 clarinet  gt=n_gt=2  pred=n_pred=2  ❌
    [  35/160]  F#3 triangle  gt=n_gt=2  pred=n_pred=2  ❌
    [  36/160]   C4 square  gt=n_gt=2  pred=n_pred=2  ❌
    [  37/160]   E4 violin  gt=n_gt=2  pred=n_pred=2  ❌
    [  38/160]   A4 triangle  gt=n_gt=2  pred=n_pred=2  ❌
    [  39/160]   G5 oboe  gt=n_gt=2  pred=n_pred=2  ❌
    [  40/160]   E6 oboe  gt=n_gt=2  pred=n_pred=2  ❌
    [  41/160]  F#1 trumpet  gt=n_gt=2  pred=n_pred=2  ❌
    [  42/160]   C2 sawtooth  gt=n_gt=2  pred=n_pred=2  ❌
    [  43/160]   G2 organ  gt=n_gt=2  pred=n_pred=2  ❌
    [  44/160]   C3 synth_pad  gt=n_gt=2  pred=n_pred=2  ❌
    [  45/160]  F#3 triangle  gt=n_gt=2  pred=n_pred=2  ❌
    [  46/160]   C4 violin  gt=n_gt=2  pred=n_pred=2  ❌
    [  47/160]   E4 square  gt=n_gt=2  pred=n_pred=2  ❌
    [  48/160]   A4 synth_pad  gt=n_gt=2  pred=n_pred=2  ❌
    [  49/160]   G5 trombone  gt=n_gt=2  pred=n_pred=2  ❌
    [  50/160]   E6 oboe  gt=n_gt=2  pred=n_pred=2  ❌
    [  51/160]  F#1 voice  gt=n_gt=2  pred=n_pred=2  ❌
    [  52/160]   C2 guitar  gt=n_gt=2  pred=n_pred=2  ❌
    [  53/160]   G2 square  gt=n_gt=2  pred=n_pred=2  ❌
    [  54/160]   C3 sawtooth  gt=n_gt=2  pred=n_pred=2  ❌
    [  55/160]  F#3 flute  gt=n_gt=2  pred=n_pred=2  ❌
    [  56/160]   C4 trombone  gt=n_gt=2  pred=n_pred=2  ❌
    [  57/160]   E4 square  gt=n_gt=2  pred=n_pred=2  ❌
    [  58/160]   A4 flute  gt=n_gt=2  pred=n_pred=2  ❌
    [  59/160]   G5 triangle  gt=n_gt=2  pred=n_pred=2  ❌
    [  60/160]   E6 violin  gt=n_gt=2  pred=n_pred=2  ❌
    [  61/160]  F#1 trumpet  gt=n_gt=2  pred=n_pred=2  ❌
    [  62/160]   C2 organ  gt=n_gt=2  pred=n_pred=2  ❌
    [  63/160]   G2 oboe  gt=n_gt=2  pred=n_pred=2  ❌
    [  64/160]   C3 electric_keyboard  gt=n_gt=2  pred=n_pred=2  ❌
    [  65/160]  F#3 oboe  gt=n_gt=2  pred=n_pred=2  ❌
    [  66/160]   C4 oboe  gt=n_gt=2  pred=n_pred=2  ❌
    [  67/160]   E4 guitar  gt=n_gt=2  pred=n_pred=2  ❌
    [  68/160]   A4 trumpet  gt=n_gt=2  pred=n_pred=2  ❌
    [  69/160]   G5 square  gt=n_gt=2  pred=n_pred=2  ❌
    [  70/160]   E6 electric_keyboard  gt=n_gt=2  pred=n_pred=2  ❌
    [  71/160]  F#1 synth_pad  gt=n_gt=2  pred=n_pred=2  ❌
    [  72/160]   C2 flute  gt=n_gt=2  pred=n_pred=2  ❌
    [  73/160]   G2 electric_keyboard  gt=n_gt=2  pred=n_pred=2  ❌
    [  74/160]   C3 organ  gt=n_gt=2  pred=n_pred=2  ❌
    [  75/160]  F#3 violin  gt=n_gt=2  pred=n_pred=2  ❌
    [  76/160]   C4 trumpet  gt=n_gt=2  pred=n_pred=2  ❌
    [  77/160]   E4 synth_pad  gt=n_gt=2  pred=n_pred=2  ❌
    [  78/160]   A4 flute  gt=n_gt=2  pred=n_pred=2  ❌
    [  79/160]   G5 clarinet  gt=n_gt=2  pred=n_pred=2  ❌
    [  80/160]   E6 sawtooth  gt=n_gt=2  pred=n_pred=2  ❌
    [  81/160]  F#1 flute  gt=n_gt=2  pred=n_pred=2  ❌
    [  82/160]   C2 sawtooth  gt=n_gt=2  pred=n_pred=2  ❌
    [  83/160]   G2 clarinet  gt=n_gt=2  pred=n_pred=2  ❌
    [  84/160]   C3 violin  gt=n_gt=2  pred=n_pred=2  ❌
    [  85/160]  F#3 trumpet  gt=n_gt=2  pred=n_pred=2  ❌
    [  86/160]   C4 square  gt=n_gt=2  pred=n_pred=2  ❌
    [  87/160]   E4 guitar  gt=n_gt=2  pred=n_pred=2  ❌
    [  88/160]   A4 voice  gt=n_gt=2  pred=n_pred=2  ❌
    [  89/160]   G5 clarinet  gt=n_gt=2  pred=n_pred=2  ❌
    [  90/160]   E6 guitar  gt=n_gt=2  pred=n_pred=2  ❌
    [  91/160]  F#1 bass  gt=n_gt=2  pred=n_pred=2  ❌
    [  92/160]   C2 violin  gt=n_gt=2  pred=n_pred=2  ❌
    [  93/160]   G2 organ  gt=n_gt=2  pred=n_pred=2  ❌
    [  94/160]   C3 piano  gt=n_gt=2  pred=n_pred=2  ❌
    [  95/160]  F#3 trumpet  gt=n_gt=2  pred=n_pred=2  ❌
    [  96/160]   C4 piano  gt=n_gt=2  pred=n_pred=2  ❌
    [  97/160]   E4 flute  gt=n_gt=2  pred=n_pred=2  ❌
    [  98/160]   A4 synth_pad  gt=n_gt=2  pred=n_pred=2  ❌
    [  99/160]   G5 synth_pad  gt=n_gt=2  pred=n_pred=2  ❌
    [ 100/160]   E6 trumpet  gt=n_gt=2  pred=n_pred=2  ❌
    [ 101/160]  F#1 voice  gt=n_gt=2  pred=n_pred=2  ❌
    [ 102/160]   C2 cello  gt=n_gt=2  pred=n_pred=2  ❌
    [ 103/160]   G2 voice  gt=n_gt=2  pred=n_pred=2  ❌
    [ 104/160]   C3 violin  gt=n_gt=2  pred=n_pred=2  ❌
    [ 105/160]  F#3 oboe  gt=n_gt=2  pred=n_pred=2  ❌
    [ 106/160]   C4 flute  gt=n_gt=2  pred=n_pred=2  ❌
    [ 107/160]   E4 piano  gt=n_gt=2  pred=n_pred=2  ❌
    [ 108/160]   A4 synth_lead  gt=n_gt=2  pred=n_pred=2  ❌
    [ 109/160]   G5 bass  gt=n_gt=2  pred=n_pred=2  ❌
    [ 110/160]   E6 square  gt=n_gt=2  pred=n_pred=2  ❌
    [ 111/160]  F#1 sawtooth  gt=n_gt=2  pred=n_pred=2  ❌
    [ 112/160]   C2 triangle  gt=n_gt=2  pred=n_pred=2  ❌
    [ 113/160]   G2 piano  gt=n_gt=2  pred=n_pred=2  ❌
    [ 114/160]   C3 electric_keyboard  gt=n_gt=2  pred=n_pred=2  ❌
    [ 115/160]  F#3 cello  gt=n_gt=2  pred=n_pred=2  ❌
    [ 116/160]   C4 square  gt=n_gt=2  pred=n_pred=2  ❌
    [ 117/160]   E4 violin  gt=n_gt=2  pred=n_pred=2  ❌
    [ 118/160]   A4 violin  gt=n_gt=2  pred=n_pred=2  ❌
    [ 119/160]   G5 organ  gt=n_gt=2  pred=n_pred=2  ❌
    [ 120/160]   E6 synth_lead  gt=n_gt=2  pred=n_pred=2  ❌
    [ 121/160]  F#1 trumpet  gt=n_gt=2  pred=n_pred=2  ❌
    [ 122/160]   C2 synth_pad  gt=n_gt=2  pred=n_pred=2  ❌
    [ 123/160]   G2 sine  gt=n_gt=2  pred=n_pred=2  ❌
    [ 124/160]   C3 triangle  gt=n_gt=2  pred=n_pred=2  ❌
    [ 125/160]  F#3 synth_pad  gt=n_gt=2  pred=n_pred=2  ❌
    [ 126/160]   C4 trumpet  gt=n_gt=2  pred=n_pred=2  ❌
    [ 127/160]   E4 clarinet  gt=n_gt=2  pred=n_pred=2  ❌
    [ 128/160]   A4 triangle  gt=n_gt=2  pred=n_pred=2  ❌
    [ 129/160]   G5 trombone  gt=n_gt=2  pred=n_pred=2  ❌
    [ 130/160]   E6 cello  gt=n_gt=2  pred=n_pred=2  ❌
    [ 131/160]  F#1 electric_keyboard  gt=n_gt=2  pred=n_pred=2  ❌
    [ 132/160]   C2 organ  gt=n_gt=2  pred=n_pred=2  ❌
    [ 133/160]   G2 sine  gt=n_gt=2  pred=n_pred=2  ❌
    [ 134/160]   C3 trumpet  gt=n_gt=2  pred=n_pred=2  ❌
    [ 135/160]  F#3 synth_lead  gt=n_gt=2  pred=n_pred=2  ❌
    [ 136/160]   C4 electric_keyboard  gt=n_gt=2  pred=n_pred=2  ❌
    [ 137/160]   E4 synth_lead  gt=n_gt=2  pred=n_pred=2  ❌
    [ 138/160]   A4 triangle  gt=n_gt=2  pred=n_pred=2  ❌
    [ 139/160]   G5 trombone  gt=n_gt=2  pred=n_pred=2  ❌
    [ 140/160]   E6 synth_lead  gt=n_gt=2  pred=n_pred=2  ❌
    [ 141/160]  F#1 guitar  gt=n_gt=2  pred=n_pred=2  ❌
    [ 142/160]   C2 piano  gt=n_gt=2  pred=n_pred=2  ❌
    [ 143/160]   G2 oboe  gt=n_gt=2  pred=n_pred=2  ❌
    [ 144/160]   C3 electric_keyboard  gt=n_gt=2  pred=n_pred=2  ❌
    [ 145/160]  F#3 synth_pad  gt=n_gt=2  pred=n_pred=2  ❌
    [ 146/160]   C4 synth_lead  gt=n_gt=2  pred=n_pred=2  ❌
    [ 147/160]   E4 sine  gt=n_gt=2  pred=n_pred=2  ❌
    [ 148/160]   A4 clarinet  gt=n_gt=2  pred=n_pred=2  ❌
    [ 149/160]   G5 bass  gt=n_gt=2  pred=n_pred=2  ❌
    [ 150/160]   E6 sine  gt=n_gt=2  pred=n_pred=2  ❌
    [ 151/160]  F#1 triangle  gt=n_gt=2  pred=n_pred=2  ❌
    [ 152/160]   C2 oboe  gt=n_gt=2  pred=n_pred=2  ❌
    [ 153/160]   G2 trombone  gt=n_gt=2  pred=n_pred=2  ❌
    [ 154/160]   C3 flute  gt=n_gt=2  pred=n_pred=2  ❌
    [ 155/160]  F#3 sawtooth  gt=n_gt=2  pred=n_pred=2  ❌
    [ 156/160]   C4 flute  gt=n_gt=2  pred=n_pred=2  ❌
    [ 157/160]   E4 voice  gt=n_gt=2  pred=n_pred=2  ❌
    [ 158/160]   A4 square  gt=n_gt=2  pred=n_pred=2  ❌
    [ 159/160]   G5 square  gt=n_gt=2  pred=n_pred=2  ❌
    [ 160/160]   E6 bass  gt=n_gt=2  pred=n_pred=2  ❌

============================================================
SUMMARY — audio_flamingo_next_instruct
  Sampling     : 160 of 3040 (stratified by '(pos_ms, duration_ms, midi)', seed=42)
  Stimuli (total)     : 160
  Stimuli (condition) : 160  (all records)

    Metric   Accuracy
  ──────────────────────
   CORRECT       0.0%
  (correctness tolerance = ±250 ms)

Results saved → results/run_20260506_053722/pitchbench_b3_timestamp_single_pitch/run_001_20260506_055715/results_audio_flamingo_next_instruct.*

############################################################
# pitchbench_b4_timestamp_specific_pitch
############################################################

Experiment : pitchbench_b4_timestamp_specific_pitch
Models     : audio_flamingo_next_instruct
Stimuli    : 120
  Sampling     : 120 of 2280 (stratified by '(target_pos, n_distractors, duration_ms)', seed=42)

  Model : Audio Flamingo Next – instruct
    [dispatch] 120 items, max_workers=2
    [   1/120]   G5 square  gt=n_gt=2  pred=n_pred=2  ❌
    [   2/120]   C3 synth_lead  gt=n_gt=2  pred=n_pred=2  ❌
    [   3/120]   E4 sine  gt=n_gt=2  pred=n_pred=2  ❌
    [   4/120]   E6 voice  gt=n_gt=2  pred=n_pred=2  ❌
    [   5/120]  F#1 flute  gt=n_gt=2  pred=n_pred=2  ❌
    [   6/120]   G2 guitar  gt=n_gt=2  pred=n_pred=2  ❌
    [   7/120]   A4 electric_keyboard  gt=n_gt=2  pred=n_pred=2  ❌
    [   8/120]   C4 triangle  gt=n_gt=2  pred=n_pred=2  ❌
    [   9/120]   E4 square  gt=n_gt=2  pred=n_pred=2  ❌
    [  10/120]   G5 voice  gt=n_gt=2  pred=n_pred=2  ❌
    [  11/120]   C3 synth_pad  gt=n_gt=2  pred=n_pred=2  ❌
    [  12/120]   E6 voice  gt=n_gt=2  pred=n_pred=2  ❌
    [  13/120]   E6 cello  gt=n_gt=2  pred=n_pred=2  ❌
    [  14/120]   G2 square  gt=n_gt=2  pred=n_pred=2  ❌
    [  15/120]   C2 bass  gt=n_gt=2  pred=n_pred=2  ❌
    [  16/120]   G5 clarinet  gt=n_gt=2  pred=n_pred=2  ❌
    [  17/120]   G5 sine  gt=n_gt=2  pred=n_pred=2  ❌
    [  18/120]   A4 sine  gt=n_gt=2  pred=n_pred=2  ❌
    [  19/120]   C3 square  gt=n_gt=2  pred=n_pred=2  ❌
    [  20/120]   C4 electric_keyboard  gt=n_gt=2  pred=n_pred=2  ❌
    [  21/120]   E6 electric_keyboard  gt=n_gt=2  pred=n_pred=2  ❌
    [  22/120]   E6 violin  gt=n_gt=2  pred=n_pred=2  ❌
    [  23/120]  F#3 bass  gt=n_gt=2  pred=n_pred=2  ❌
    [  24/120]   E4 sine  gt=n_gt=2  pred=n_pred=2  ❌
    [  25/120]   C3 organ  gt=n_gt=2  pred=n_pred=2  ❌
    [  26/120]  F#1 electric_keyboard  gt=n_gt=2  pred=n_pred=2  ❌
    [  27/120]   C3 voice  gt=n_gt=2  pred=n_pred=2  ❌
    [  28/120]   E4 synth_lead  gt=n_gt=2  pred=n_pred=2  ❌
    [  29/120]   E6 synth_pad  gt=n_gt=2  pred=n_pred=2  ❌
    [  30/120]   E6 cello  gt=n_gt=2  pred=n_pred=2  ❌
    [  31/120]   A4 clarinet  gt=n_gt=2  pred=n_pred=2  ❌
    [  32/120]   E4 electric_keyboard  gt=n_gt=2  pred=n_pred=2  ❌
    [  33/120]  F#3 oboe  gt=n_gt=2  pred=n_pred=2  ❌
    [  34/120]  F#1 bass  gt=n_gt=2  pred=n_pred=2  ❌
    [  35/120]   C2 flute  gt=n_gt=2  pred=n_pred=2  ❌
    [  36/120]   C2 sine  gt=n_gt=2  pred=n_pred=2  ❌
    [  37/120]  F#1 piano  gt=n_gt=2  pred=n_pred=2  ❌
    [  38/120]   G5 synth_pad  gt=n_gt=2  pred=n_pred=2  ❌
    [  39/120]   G5 clarinet  gt=n_gt=2  pred=n_pred=2  ❌
    [  40/120]   A4 trumpet  gt=n_gt=2  pred=n_pred=2  ❌
    [  41/120]   C2 flute  gt=n_gt=2  pred=n_pred=2  ❌
    [  42/120]   E6 triangle  gt=n_gt=2  pred=n_pred=2  ❌
    [  43/120]   C4 electric_keyboard  gt=n_gt=2  pred=n_pred=2  ❌
    [  44/120]   E4 trumpet  gt=n_gt=2  pred=n_pred=2  ❌
    [  45/120]   E4 square  gt=n_gt=2  pred=n_pred=2  ❌
    [  46/120]   C3 square  gt=n_gt=2  pred=n_pred=2  ❌
    [  47/120]   A4 trombone  gt=n_gt=2  pred=n_pred=2  ❌
    [  48/120]  F#3 square  gt=n_gt=2  pred=n_pred=2  ❌
    [  49/120]   C2 trombone  gt=n_gt=2  pred=n_pred=2  ❌
    [  50/120]   G5 trumpet  gt=n_gt=2  pred=n_pred=2  ❌
    [  51/120]   A4 guitar  gt=n_gt=2  pred=n_pred=2  ❌
    [  52/120]  F#3 bass  gt=n_gt=2  pred=n_pred=2  ❌
    [  53/120]   E4 voice  gt=n_gt=2  pred=n_pred=2  ❌
    [  54/120]   C2 sawtooth  gt=n_gt=2  pred=n_pred=2  ❌
    [  55/120]   A4 cello  gt=n_gt=2  pred=n_pred=2  ❌
    [  56/120]   A4 oboe  gt=n_gt=2  pred=n_pred=2  ❌
    [  57/120]   E4 trombone  gt=n_gt=2  pred=n_pred=2  ❌
    [  58/120]   C2 triangle  gt=n_gt=2  pred=n_pred=2  ❌
    [  59/120]  F#1 square  gt=n_gt=2  pred=n_pred=2  ❌
    [  60/120]   C2 organ  gt=n_gt=2  pred=n_pred=2  ❌
    [  61/120]   C4 flute  gt=n_gt=2  pred=n_pred=2  ❌
    [  62/120]  F#1 synth_lead  gt=n_gt=2  pred=n_pred=2  ❌
    [  63/120]   G5 bass  gt=n_gt=2  pred=n_pred=2  ❌
    [  64/120]   G2 trombone  gt=n_gt=2  pred=n_pred=2  ❌
    [  65/120]   A4 organ  gt=n_gt=2  pred=n_pred=2  ❌
    [  66/120]   E6 piano  gt=n_gt=2  pred=n_pred=2  ❌
    [  67/120]  F#1 voice  gt=n_gt=2  pred=n_pred=2  ❌
    [  68/120]   A4 sawtooth  gt=n_gt=2  pred=n_pred=2  ❌
    [  69/120]   C2 sawtooth  gt=n_gt=2  pred=n_pred=2  ❌
    [  70/120]   E6 synth_lead  gt=n_gt=2  pred=n_pred=2  ❌
    [  71/120]  F#3 flute  gt=n_gt=2  pred=n_pred=2  ❌
    [  72/120]   G5 electric_keyboard  gt=n_gt=2  pred=n_pred=2  ❌
    [  73/120]   E6 electric_keyboard  gt=n_gt=2  pred=n_pred=2  ❌
    [  74/120]  F#1 square  gt=n_gt=2  pred=n_pred=2  ❌
    [  75/120]   C4 square  gt=n_gt=2  pred=n_pred=2  ❌
    [  76/120]   A4 trombone  gt=n_gt=2  pred=n_pred=2  ❌
    [  77/120]   C2 flute  gt=n_gt=2  pred=n_pred=2  ❌
    [  78/120]   E4 oboe  gt=n_gt=2  pred=n_pred=2  ❌
    [  79/120]   G2 synth_lead  gt=n_gt=2  pred=n_pred=2  ❌
    [  80/120]   C3 trombone  gt=n_gt=2  pred=n_pred=2  ❌
    [  81/120]   C2 piano  gt=n_gt=2  pred=n_pred=2  ❌
    [  82/120]  F#3 trombone  gt=n_gt=2  pred=n_pred=2  ❌
    [  83/120]  F#1 trombone  gt=n_gt=2  pred=n_pred=2  ❌
    [  84/120]   C3 electric_keyboard  gt=n_gt=2  pred=n_pred=2  ❌
    [  85/120]   C2 synth_pad  gt=n_gt=2  pred=n_pred=2  ❌
    [  86/120]   G5 guitar  gt=n_gt=2  pred=n_pred=2  ❌
    [  87/120]   E6 synth_pad  gt=n_gt=2  pred=n_pred=2  ❌
    [  88/120]  F#3 synth_pad  gt=n_gt=2  pred=n_pred=2  ❌
    [  89/120]   C4 synth_lead  gt=n_gt=2  pred=n_pred=2  ❌
    [  90/120]   G5 sawtooth  gt=n_gt=2  pred=n_pred=2  ❌
    [  91/120]   C4 bass  gt=n_gt=2  pred=n_pred=2  ❌
    [  92/120]   G2 synth_lead  gt=n_gt=2  pred=n_pred=2  ❌
    [  93/120]   C3 piano  gt=n_gt=2  pred=n_pred=2  ❌
    [  94/120]   E4 cello  gt=n_gt=2  pred=n_pred=2  ❌
    [  95/120]   E4 voice  gt=n_gt=2  pred=n_pred=2  ❌
    [  96/120]   G2 guitar  gt=n_gt=2  pred=n_pred=2  ❌
    [  97/120]   C2 piano  gt=n_gt=2  pred=n_pred=2  ❌
    [  98/120]   G5 oboe  gt=n_gt=2  pred=n_pred=2  ❌
    [  99/120]   A4 trombone  gt=n_gt=2  pred=n_pred=2  ❌
    [ 100/120]   E6 guitar  gt=n_gt=2  pred=n_pred=2  ❌
    [ 101/120]   C3 synth_lead  gt=n_gt=2  pred=n_pred=2  ❌
    [ 102/120]   E4 synth_pad  gt=n_gt=2  pred=n_pred=2  ❌
    [ 103/120]   G2 organ  gt=n_gt=2  pred=n_pred=2  ❌
    [ 104/120]   E4 electric_keyboard  gt=n_gt=2  pred=n_pred=2  ❌
    [ 105/120]   C4 synth_pad  gt=n_gt=2  pred=n_pred=2  ❌
    [ 106/120]   C3 trumpet  gt=n_gt=2  pred=n_pred=2  ❌
    [ 107/120]  F#3 sawtooth  gt=n_gt=2  pred=n_pred=2  ❌
    [ 108/120]   G5 electric_keyboard  gt=n_gt=2  pred=n_pred=2  ❌
    [ 109/120]   G5 sine  gt=n_gt=2  pred=n_pred=2  ❌
    [ 110/120]  F#1 trumpet  gt=n_gt=2  pred=n_pred=2  ❌
    [ 111/120]   G2 clarinet  gt=n_gt=2  pred=n_pred=2  ❌
    [ 112/120]   G5 guitar  gt=n_gt=2  pred=n_pred=2  ❌
    [ 113/120]   E4 sawtooth  gt=n_gt=2  pred=n_pred=2  ❌
    [ 114/120]  F#3 electric_keyboard  gt=n_gt=2  pred=n_pred=2  ❌
    [ 115/120]   C4 organ  gt=n_gt=2  pred=n_pred=2  ❌
    [ 116/120]   C3 voice  gt=n_gt=2  pred=n_pred=2  ❌
    [ 117/120]  F#1 trumpet  gt=n_gt=2  pred=n_pred=2  ❌
    [ 118/120]   A4 synth_lead  gt=n_gt=2  pred=n_pred=2  ❌
    [ 119/120]   A4 violin  gt=n_gt=2  pred=n_pred=2  ❌
    [ 120/120]   C2 clarinet  gt=n_gt=2  pred=n_pred=2  ❌

============================================================
SUMMARY — audio_flamingo_next_instruct
  Sampling     : 120 of 2280 (stratified by '(target_pos, n_distractors, duration_ms)', seed=42)
  Stimuli (total)     : 120
  Stimuli (condition) : 120  (all records)

    Metric   Accuracy
  ──────────────────────
   CORRECT       0.0%
  (correctness tolerance = ±250 ms)

Results saved → results/run_20260506_053722/pitchbench_b4_timestamp_specific_pitch/run_001_20260506_055846/results_audio_flamingo_next_instruct.*

############################################################
# pitchbench_b5_timestamp_multiple_pitches
############################################################

Experiment : pitchbench_b5_timestamp_multiple_pitches
Models     : audio_flamingo_next_instruct
Stimuli    : 120
  Sampling     : 120 of 456 (stratified by '(rhythm, n_notes, duration_ms)', seed=42)

  Model : Audio Flamingo Next – instruct
    [dispatch] 120 items, max_workers=2
    [   1/120]  C-1 triangle  gt=n_gt=6  pred=n_pred=14  ❌
    [   2/120]  C-1 sine  gt=n_gt=6  pred=n_pred=0  ❌
    [   3/120]  C-1 trumpet  gt=n_gt=6  pred=n_pred=14  ❌
    [   4/120]  C-1 flute  gt=n_gt=6  pred=n_pred=14  ❌
    [   5/120]  C-1 piano  gt=n_gt=6  pred=n_pred=0  ❌
    [   6/120]  C-1 flute  gt=n_gt=6  pred=n_pred=14  ❌
    [   7/120]  C-1 triangle  gt=n_gt=6  pred=n_pred=0  ❌
    [   8/120]  C-1 clarinet  gt=n_gt=6  pred=n_pred=14  ❌
    [   9/120]  C-1 oboe  gt=n_gt=6  pred=n_pred=14  ❌
    [  10/120]  C-1 organ  gt=n_gt=6  pred=n_pred=14  ❌
    [  11/120]  C-1 synth_pad  gt=n_gt=6  pred=n_pred=14  ❌
    [  12/120]  C-1 cello  gt=n_gt=6  pred=n_pred=2  ❌
    [  13/120]  C-1 sawtooth  gt=n_gt=6  pred=n_pred=2  ❌
    [  14/120]  C-1 sine  gt=n_gt=6  pred=n_pred=0  ❌
    [  15/120]  C-1 square  gt=n_gt=6  pred=n_pred=0  ❌
    [  16/120]  C-1 voice  gt=n_gt=6  pred=n_pred=14  ❌
    [  17/120]  C-1 guitar  gt=n_gt=6  pred=n_pred=14  ❌
    [  18/120]  C-1 trumpet  gt=n_gt=6  pred=n_pred=2  ❌
    [  19/120]  C-1 triangle  gt=n_gt=6  pred=n_pred=0  ❌
    [  20/120]  C-1 trombone  gt=n_gt=6  pred=n_pred=0  ❌
    [  21/120]  C-1 sine  gt=n_gt=10  pred=n_pred=14  ❌
    [  22/120]  C-1 guitar  gt=n_gt=10  pred=n_pred=2  ❌
    [  23/120]  C-1 synth_pad  gt=n_gt=10  pred=n_pred=14  ❌
    [  24/120]  C-1 synth_pad  gt=n_gt=10  pred=n_pred=10  ❌
    [  25/120]  C-1 cello  gt=n_gt=10  pred=n_pred=14  ❌
    [  26/120]  C-1 flute  gt=n_gt=10  pred=n_pred=14  ❌
    [  27/120]  C-1 trombone  gt=n_gt=10  pred=n_pred=0  ❌
    [  28/120]  C-1 organ  gt=n_gt=10  pred=n_pred=0  ❌
    [  29/120]  C-1 piano  gt=n_gt=10  pred=n_pred=14  ❌
    [  30/120]  C-1 violin  gt=n_gt=10  pred=n_pred=14  ❌
    [  31/120]  C-1 sine  gt=n_gt=10  pred=n_pred=0  ❌
    [  32/120]  C-1 cello  gt=n_gt=10  pred=n_pred=0  ❌
    [  33/120]  C-1 electric_keyboard  gt=n_gt=10  pred=n_pred=0  ❌
    [  34/120]  C-1 clarinet  gt=n_gt=10  pred=n_pred=14  ❌
    [  35/120]  C-1 trumpet  gt=n_gt=10  pred=n_pred=0  ❌
    [  36/120]  C-1 piano  gt=n_gt=10  pred=n_pred=0  ❌
    [  37/120]  C-1 guitar  gt=n_gt=10  pred=n_pred=0  ❌
    [  38/120]  C-1 bass  gt=n_gt=10  pred=n_pred=0  ❌
    [  39/120]  C-1 violin  gt=n_gt=10  pred=n_pred=14  ❌
    [  40/120]  C-1 triangle  gt=n_gt=16  pred=n_pred=14  ❌
    [  41/120]  C-1 voice  gt=n_gt=10  pred=n_pred=0  ❌
    [  42/120]  C-1 violin  gt=n_gt=16  pred=n_pred=0  ❌
    [  43/120]  C-1 square  gt=n_gt=16  pred=n_pred=14  ❌
    [  44/120]  C-1 voice  gt=n_gt=16  pred=n_pred=0  ❌
    [  45/120]  C-1 oboe  gt=n_gt=16  pred=n_pred=14  ❌
    [  46/120]  C-1 synth_lead  gt=n_gt=16  pred=n_pred=14  ❌
    [  47/120]  C-1 trumpet  gt=n_gt=16  pred=n_pred=0  ❌
    [  48/120]  C-1 violin  gt=n_gt=16  pred=n_pred=0  ❌
    [  49/120]  C-1 sine  gt=n_gt=16  pred=n_pred=14  ❌
    [  50/120]  C-1 oboe  gt=n_gt=16  pred=n_pred=0  ❌
    [  51/120]  C-1 synth_pad  gt=n_gt=16  pred=n_pred=0  ❌
    [  52/120]  C-1 organ  gt=n_gt=16  pred=n_pred=0  ❌
    [  53/120]  C-1 triangle  gt=n_gt=16  pred=n_pred=0  ❌
    [  54/120]  C-1 square  gt=n_gt=16  pred=n_pred=0  ❌
    [  55/120]  C-1 violin  gt=n_gt=16  pred=n_pred=0  ❌
    [  56/120]  C-1 trombone  gt=n_gt=16  pred=n_pred=0  ❌
    [  57/120]  C-1 oboe  gt=n_gt=16  pred=n_pred=0  ❌
    [  58/120]  C-1 triangle  gt=n_gt=16  pred=n_pred=0  ❌
    [  59/120]  C-1 synth_lead  gt=n_gt=16  pred=n_pred=0  ❌
    [  60/120]  C-1 square  gt=n_gt=6  pred=n_pred=0  ❌
    [  61/120]  C-1 oboe  gt=n_gt=16  pred=n_pred=0  ❌
    [  62/120]  C-1 sawtooth  gt=n_gt=6  pred=n_pred=14  ❌
    [  63/120]  C-1 trombone  gt=n_gt=6  pred=n_pred=4  ❌
    [  64/120]  C-1 flute  gt=n_gt=6  pred=n_pred=14  ❌
    [  65/120]  C-1 synth_pad  gt=n_gt=6  pred=n_pred=14  ❌
    [  66/120]  C-1 square  gt=n_gt=6  pred=n_pred=0  ❌
    [  67/120]  C-1 triangle  gt=n_gt=6  pred=n_pred=14  ❌
    [  68/120]  C-1 guitar  gt=n_gt=6  pred=n_pred=14  ❌
    [  69/120]  C-1 synth_lead  gt=n_gt=6  pred=n_pred=0  ❌
    [  70/120]  C-1 oboe  gt=n_gt=6  pred=n_pred=0  ❌
    [  71/120]  C-1 electric_keyboard  gt=n_gt=6  pred=n_pred=0  ❌
    [  72/120]  C-1 piano  gt=n_gt=6  pred=n_pred=14  ❌
    [  73/120]  C-1 voice  gt=n_gt=6  pred=n_pred=0  ❌
    [  74/120]  C-1 oboe  gt=n_gt=6  pred=n_pred=0  ❌
    [  75/120]  C-1 guitar  gt=n_gt=6  pred=n_pred=0  ❌
    [  76/120]  C-1 trumpet  gt=n_gt=6  pred=n_pred=0  ❌
    [  77/120]  C-1 square  gt=n_gt=6  pred=n_pred=0  ❌
    [  78/120]  C-1 trombone  gt=n_gt=6  pred=n_pred=0  ❌
    [  79/120]  C-1 square  gt=n_gt=6  pred=n_pred=0  ❌
    [  80/120]  C-1 clarinet  gt=n_gt=6  pred=n_pred=14  ❌
    [  81/120]  C-1 synth_pad  gt=n_gt=10  pred=n_pred=14  ❌
    [  82/120]  C-1 flute  gt=n_gt=10  pred=n_pred=0  ❌
    [  83/120]  C-1 electric_keyboard  gt=n_gt=10  pred=n_pred=14  ❌
    [  84/120]  C-1 organ  gt=n_gt=10  pred=n_pred=14  ❌
    [  85/120]  C-1 violin  gt=n_gt=10  pred=n_pred=0  ❌
    [  86/120]  C-1 trumpet  gt=n_gt=10  pred=n_pred=0  ❌
    [  87/120]  C-1 flute  gt=n_gt=10  pred=n_pred=0  ❌
    [  88/120]  C-1 clarinet  gt=n_gt=10  pred=n_pred=14  ❌
    [  89/120]  C-1 synth_pad  gt=n_gt=10  pred=n_pred=14  ❌
    [  90/120]  C-1 cello  gt=n_gt=10  pred=n_pred=0  ❌
    [  91/120]  C-1 flute  gt=n_gt=10  pred=n_pred=0  ❌
    [  92/120]  C-1 sawtooth  gt=n_gt=10  pred=n_pred=14  ❌
    [  93/120]  C-1 clarinet  gt=n_gt=10  pred=n_pred=0  ❌
    [  94/120]  C-1 sawtooth  gt=n_gt=10  pred=n_pred=14  ❌
    [  95/120]  C-1 violin  gt=n_gt=10  pred=n_pred=14  ❌
    [  96/120]  C-1 square  gt=n_gt=10  pred=n_pred=0  ❌
    [  97/120]  C-1 trumpet  gt=n_gt=10  pred=n_pred=0  ❌
    [  98/120]  C-1 triangle  gt=n_gt=10  pred=n_pred=0  ❌
    [  99/120]  C-1 organ  gt=n_gt=10  pred=n_pred=14  ❌
    [ 100/120]  C-1 trombone  gt=n_gt=10  pred=n_pred=0  ❌
    [ 101/120]  C-1 clarinet  gt=n_gt=16  pred=n_pred=14  ❌
    [ 102/120]  C-1 guitar  gt=n_gt=16  pred=n_pred=14  ❌
    [ 103/120]  C-1 bass  gt=n_gt=16  pred=n_pred=14  ❌
    [ 104/120]  C-1 violin  gt=n_gt=16  pred=n_pred=14  ❌
    [ 105/120]  C-1 organ  gt=n_gt=16  pred=n_pred=0  ❌
    [ 106/120]  C-1 piano  gt=n_gt=16  pred=n_pred=14  ❌
    [ 107/120]  C-1 trumpet  gt=n_gt=16  pred=n_pred=0  ❌
    [ 108/120]  C-1 square  gt=n_gt=16  pred=n_pred=14  ❌
    [ 109/120]  C-1 triangle  gt=n_gt=16  pred=n_pred=0  ❌
    [ 110/120]  C-1 oboe  gt=n_gt=16  pred=n_pred=14  ❌
    [ 111/120]  C-1 synth_pad  gt=n_gt=16  pred=n_pred=14  ❌
    [ 112/120]  C-1 synth_pad  gt=n_gt=16  pred=n_pred=14  ❌
    [ 113/120]  C-1 trumpet  gt=n_gt=16  pred=n_pred=0  ❌
    [ 114/120]  C-1 violin  gt=n_gt=16  pred=n_pred=0  ❌
    [ 115/120]  C-1 cello  gt=n_gt=16  pred=n_pred=0  ❌
    [ 116/120]  C-1 flute  gt=n_gt=16  pred=n_pred=0  ❌
    [ 117/120]  C-1 oboe  gt=n_gt=16  pred=n_pred=0  ❌
    [ 118/120]  C-1 square  gt=n_gt=16  pred=n_pred=0  ❌
    [ 119/120]  C-1 voice  gt=n_gt=16  pred=n_pred=14  ❌
    [ 120/120]  C-1 flute  gt=n_gt=16  pred=n_pred=0  ❌

============================================================
SUMMARY — audio_flamingo_next_instruct
  Sampling     : 120 of 456 (stratified by '(rhythm, n_notes, duration_ms)', seed=42)
  Stimuli (total)     : 120
  Stimuli (condition) : 120  (all records)

    Metric   Accuracy
  ──────────────────────
   CORRECT       0.0%
  (correctness tolerance = ±250 ms)

Results saved → results/run_20260506_053722/pitchbench_b5_timestamp_multiple_pitches/run_001_20260506_055952/results_audio_flamingo_next_instruct.*

############################################################
# pitchbench_c1_chord_count_pitches
############################################################

Experiment : pitchbench_c1_chord_count_pitches
Models     : audio_flamingo_next_instruct
Stimuli    : 228
  Sampling     : 228 of 8664 (stratified by '(n, chord_quality, root_midi, same_instrument)', seed=42)

  Model : Audio Flamingo Next – instruct
    [dispatch] 228 items, max_workers=2
    [   1/228] n=1 random_set  root=G1   same_instrumentation=True  dur= 5000ms  count=1 ✅
    [   2/228] n=1 random_set  root=G1   same_instrumentation=False dur= 5000ms  count=1 ✅
    [   3/228] n=1 random_set  root=G3   same_instrumentation=False dur= 5000ms  count=1 ✅
    [   4/228] n=1 random_set  root=G3   same_instrumentation=True  dur= 5000ms  count=1 ✅
    [   5/228] n=1 random_set  root=G#4  same_instrumentation=False dur= 1000ms  count=2 ❌
    [   6/228] n=1 random_set  root=G#4  same_instrumentation=True  dur= 1000ms  count=1 ✅
    [   7/228] n=2 random_set  root=D3   same_instrumentation=False dur= 1000ms  count=1 ❌
    [   8/228] n=2 random_set  root=D3   same_instrumentation=True  dur= 1000ms  count=1 ❌
    [   9/228] n=2 random_set  root=F#3  same_instrumentation=True  dur= 5000ms  count=3 ❌
    [  10/228] n=2 random_set  root=F#3  same_instrumentation=False dur= 5000ms  count=2 ✅
    [  11/228] n=2 random_set  root=E5   same_instrumentation=True  dur= 1000ms  count=1 ❌
    [  12/228] n=2 random_set  root=E5   same_instrumentation=False dur= 5000ms  count=1 ❌
    [  13/228] n=3 augmented   root=F#1  same_instrumentation=False dur= 5000ms  count=2 ❌
    [  14/228] n=3 augmented   root=F#1  same_instrumentation=True  dur= 5000ms  count=1 ❌
    [  15/228] n=3 augmented   root=C2   same_instrumentation=False dur= 5000ms  count=1 ❌
    [  16/228] n=3 augmented   root=C2   same_instrumentation=True  dur= 1000ms  count=1 ❌
    [  17/228] n=3 augmented   root=G2   same_instrumentation=True  dur= 5000ms  count=1 ❌
    [  18/228] n=3 augmented   root=G2   same_instrumentation=False dur= 1000ms  count=1 ❌
    [  19/228] n=3 augmented   root=C3   same_instrumentation=False dur= 5000ms  count=1 ❌
    [  20/228] n=3 augmented   root=C3   same_instrumentation=True  dur= 1000ms  count=2 ❌
    [  21/228] n=3 augmented   root=F#3  same_instrumentation=False dur= 1000ms  count=1 ❌
    [  22/228] n=3 augmented   root=F#3  same_instrumentation=True  dur= 1000ms  count=3 ✅
    [  23/228] n=3 augmented   root=C4   same_instrumentation=False dur= 1000ms  count=3 ✅
    [  24/228] n=3 augmented   root=C4   same_instrumentation=True  dur= 1000ms  count=3 ✅
    [  25/228] n=3 augmented   root=E4   same_instrumentation=False dur= 5000ms  count=3 ✅
    [  26/228] n=3 augmented   root=E4   same_instrumentation=True  dur= 5000ms  count=1 ❌
    [  27/228] n=3 augmented   root=A4   same_instrumentation=True  dur= 1000ms  count=3 ✅
    [  28/228] n=3 augmented   root=A4   same_instrumentation=False dur= 1000ms  count=3 ✅
    [  29/228] n=3 augmented   root=G5   same_instrumentation=False dur= 5000ms  count=1 ❌
    [  30/228] n=3 augmented   root=G5   same_instrumentation=True  dur= 5000ms  count=1 ❌
    [  31/228] n=3 augmented   root=E6   same_instrumentation=True  dur= 5000ms  count=1 ❌
    [  32/228] n=3 augmented   root=E6   same_instrumentation=False dur= 5000ms  count=1 ❌
    [  33/228] n=3 diminished  root=F#1  same_instrumentation=True  dur= 5000ms  count=1 ❌
    [  34/228] n=3 diminished  root=F#1  same_instrumentation=False dur= 5000ms  count=1 ❌
    [  35/228] n=3 diminished  root=C2   same_instrumentation=True  dur= 5000ms  count=1 ❌
    [  36/228] n=3 diminished  root=C2   same_instrumentation=False dur= 1000ms  count=1 ❌
    [  37/228] n=3 diminished  root=G2   same_instrumentation=False dur= 1000ms  count=1 ❌
    [  38/228] n=3 diminished  root=G2   same_instrumentation=True  dur= 1000ms  count=1 ❌
    [  39/228] n=3 diminished  root=C3   same_instrumentation=True  dur= 1000ms  count=1 ❌
    [  40/228] n=3 diminished  root=C3   same_instrumentation=False dur= 1000ms  count=1 ❌
    [  41/228] n=3 diminished  root=F#3  same_instrumentation=False dur= 1000ms  count=1 ❌
    [  42/228] n=3 diminished  root=F#3  same_instrumentation=True  dur= 1000ms  count=1 ❌
    [  43/228] n=3 diminished  root=C4   same_instrumentation=True  dur= 1000ms  count=3 ✅
    [  44/228] n=3 diminished  root=C4   same_instrumentation=False dur= 5000ms  count=2 ❌
    [  45/228] n=3 diminished  root=E4   same_instrumentation=True  dur= 1000ms  count=3 ✅
    [  46/228] n=3 diminished  root=E4   same_instrumentation=False dur= 5000ms  count=3 ✅
    [  47/228] n=3 diminished  root=A4   same_instrumentation=True  dur= 5000ms  count=1 ❌
    [  48/228] n=3 diminished  root=A4   same_instrumentation=False dur= 5000ms  count=2 ❌
    [  49/228] n=3 diminished  root=G5   same_instrumentation=False dur= 1000ms  count=1 ❌
    [  50/228] n=3 diminished  root=G5   same_instrumentation=True  dur= 5000ms  count=1 ❌
    [  51/228] n=3 diminished  root=E6   same_instrumentation=True  dur= 1000ms  count=1 ❌
    [  52/228] n=3 diminished  root=E6   same_instrumentation=False dur= 1000ms  count=2 ❌
    [  53/228] n=3 major       root=F#1  same_instrumentation=True  dur= 1000ms  count=1 ❌
    [  54/228] n=3 major       root=F#1  same_instrumentation=False dur= 1000ms  count=1 ❌
    [  55/228] n=3 major       root=C2   same_instrumentation=False dur= 1000ms  count=1 ❌
    [  56/228] n=3 major       root=C2   same_instrumentation=True  dur= 1000ms  count=1 ❌
    [  57/228] n=3 major       root=G2   same_instrumentation=True  dur= 1000ms  count=1 ❌
    [  58/228] n=3 major       root=G2   same_instrumentation=False dur= 5000ms  count=1 ❌
    [  59/228] n=3 major       root=C3   same_instrumentation=False dur= 1000ms  count=1 ❌
    [  60/228] n=3 major       root=C3   same_instrumentation=True  dur= 1000ms  count=3 ✅
    [  61/228] n=3 major       root=F#3  same_instrumentation=True  dur= 5000ms  count=2 ❌
    [  62/228] n=3 major       root=F#3  same_instrumentation=False dur= 5000ms  count=1 ❌
    [  63/228] n=3 major       root=C4   same_instrumentation=False dur= 5000ms  count=3 ✅
    [  64/228] n=3 major       root=C4   same_instrumentation=True  dur= 1000ms  count=2 ❌
    [  65/228] n=3 major       root=E4   same_instrumentation=False dur= 5000ms  count=3 ✅
    [  66/228] n=3 major       root=E4   same_instrumentation=True  dur= 1000ms  count=3 ✅
    [  67/228] n=3 major       root=A4   same_instrumentation=False dur= 5000ms  count=1 ❌
    [  68/228] n=3 major       root=A4   same_instrumentation=True  dur= 5000ms  count=1 ❌
    [  69/228] n=3 major       root=G5   same_instrumentation=False dur= 1000ms  count=1 ❌
    [  70/228] n=3 major       root=G5   same_instrumentation=True  dur= 1000ms  count=1 ❌
    [  71/228] n=3 major       root=E6   same_instrumentation=False dur= 1000ms  count=1 ❌
    [  72/228] n=3 major       root=E6   same_instrumentation=True  dur= 5000ms  count=1 ❌
    [  73/228] n=3 minor       root=F#1  same_instrumentation=False dur= 1000ms  count=1 ❌
    [  74/228] n=3 minor       root=F#1  same_instrumentation=True  dur= 5000ms  count=3 ✅
    [  75/228] n=3 minor       root=C2   same_instrumentation=False dur= 1000ms  count=1 ❌
    [  76/228] n=3 minor       root=C2   same_instrumentation=True  dur= 5000ms  count=1 ❌
    [  77/228] n=3 minor       root=G2   same_instrumentation=False dur= 5000ms  count=1 ❌
    [  78/228] n=3 minor       root=G2   same_instrumentation=True  dur= 1000ms  count=1 ❌
    [  79/228] n=3 minor       root=C3   same_instrumentation=False dur= 1000ms  count=1 ❌
    [  80/228] n=3 minor       root=C3   same_instrumentation=True  dur= 5000ms  count=1 ❌
    [  81/228] n=3 minor       root=F#3  same_instrumentation=False dur= 1000ms  count=1 ❌
    [  82/228] n=3 minor       root=F#3  same_instrumentation=True  dur= 1000ms  count=1 ❌
    [  83/228] n=3 minor       root=C4   same_instrumentation=False dur= 1000ms  count=2 ❌
    [  84/228] n=3 minor       root=C4   same_instrumentation=True  dur= 5000ms  count=2 ❌
    [  85/228] n=3 minor       root=E4   same_instrumentation=False dur= 5000ms  count=3 ✅
    [  86/228] n=3 minor       root=E4   same_instrumentation=True  dur= 1000ms  count=1 ❌
    [  87/228] n=3 minor       root=A4   same_instrumentation=False dur= 5000ms  count=1 ❌
    [  88/228] n=3 minor       root=A4   same_instrumentation=True  dur= 1000ms  count=3 ✅
    [  89/228] n=3 minor       root=G5   same_instrumentation=False dur= 1000ms  count=1 ❌
    [  90/228] n=3 minor       root=G5   same_instrumentation=True  dur= 5000ms  count=2 ❌
    [  91/228] n=3 minor       root=E6   same_instrumentation=False dur= 5000ms  count=1 ❌
    [  92/228] n=3 minor       root=E6   same_instrumentation=True  dur= 5000ms  count=1 ❌
    [  93/228] n=3 random_set  root=G1   same_instrumentation=False dur= 5000ms  count=2 ❌
    [  94/228] n=3 random_set  root=G1   same_instrumentation=True  dur= 5000ms  count=1 ❌
    [  95/228] n=3 random_set  root=B1   same_instrumentation=False dur= 1000ms  count=3 ✅
    [  96/228] n=3 random_set  root=B1   same_instrumentation=True  dur= 1000ms  count=1 ❌
    [  97/228] n=3 random_set  root=F#3  same_instrumentation=False dur= 5000ms  count=2 ❌
    [  98/228] n=3 random_set  root=F#3  same_instrumentation=True  dur= 5000ms  count=1 ❌
    [  99/228] n=3 sus2        root=F#1  same_instrumentation=False dur= 1000ms  count=1 ❌
    [ 100/228] n=3 sus2        root=F#1  same_instrumentation=True  dur= 1000ms  count=1 ❌
    [ 101/228] n=3 sus2        root=C2   same_instrumentation=False dur= 5000ms  count=1 ❌
    [ 102/228] n=3 sus2        root=C2   same_instrumentation=True  dur= 5000ms  count=1 ❌
    [ 103/228] n=3 sus2        root=G2   same_instrumentation=False dur= 5000ms  count=1 ❌
    [ 104/228] n=3 sus2        root=G2   same_instrumentation=True  dur= 5000ms  count=3 ✅
    [ 105/228] n=3 sus2        root=C3   same_instrumentation=False dur= 5000ms  count=1 ❌
    [ 106/228] n=3 sus2        root=C3   same_instrumentation=True  dur= 1000ms  count=3 ✅
    [ 107/228] n=3 sus2        root=F#3  same_instrumentation=False dur= 1000ms  count=1 ❌
    [ 108/228] n=3 sus2        root=F#3  same_instrumentation=True  dur= 1000ms  count=1 ❌
    [ 109/228] n=3 sus2        root=C4   same_instrumentation=False dur= 5000ms  count=2 ❌
    [ 110/228] n=3 sus2        root=C4   same_instrumentation=True  dur= 5000ms  count=1 ❌
    [ 111/228] n=3 sus2        root=E4   same_instrumentation=False dur= 5000ms  count=4 ❌
    [ 112/228] n=3 sus2        root=E4   same_instrumentation=True  dur= 5000ms  count=1 ❌
    [ 113/228] n=3 sus2        root=A4   same_instrumentation=False dur= 5000ms  count=1 ❌
    [ 114/228] n=3 sus2        root=A4   same_instrumentation=True  dur= 1000ms  count=2 ❌
    [ 115/228] n=3 sus2        root=G5   same_instrumentation=False dur= 5000ms  count=1 ❌
    [ 116/228] n=3 sus2        root=G5   same_instrumentation=True  dur= 1000ms  count=1 ❌
    [ 117/228] n=3 sus2        root=E6   same_instrumentation=False dur= 1000ms  count=2 ❌
    [ 118/228] n=3 sus2        root=E6   same_instrumentation=True  dur= 1000ms  count=2 ❌
    [ 119/228] n=3 sus4        root=F#1  same_instrumentation=False dur= 5000ms  count=2 ❌
    [ 120/228] n=3 sus4        root=F#1  same_instrumentation=True  dur= 5000ms  count=1 ❌
    [ 121/228] n=3 sus4        root=C2   same_instrumentation=False dur= 1000ms  count=1 ❌
    [ 122/228] n=3 sus4        root=C2   same_instrumentation=True  dur= 5000ms  count=1 ❌
    [ 123/228] n=3 sus4        root=G2   same_instrumentation=False dur= 1000ms  count=1 ❌
    [ 124/228] n=3 sus4        root=G2   same_instrumentation=True  dur= 5000ms  count=1 ❌
    [ 125/228] n=3 sus4        root=C3   same_instrumentation=False dur= 1000ms  count=1 ❌
    [ 126/228] n=3 sus4        root=C3   same_instrumentation=True  dur= 5000ms  count=1 ❌
    [ 127/228] n=3 sus4        root=F#3  same_instrumentation=False dur= 5000ms  count=1 ❌
    [ 128/228] n=3 sus4        root=F#3  same_instrumentation=True  dur= 5000ms  count=1 ❌
    [ 129/228] n=3 sus4        root=C4   same_instrumentation=False dur= 1000ms  count=3 ✅
    [ 130/228] n=3 sus4        root=C4   same_instrumentation=True  dur= 5000ms  count=1 ❌
    [ 131/228] n=3 sus4        root=E4   same_instrumentation=False dur= 1000ms  count=3 ✅
    [ 132/228] n=3 sus4        root=E4   same_instrumentation=True  dur= 5000ms  count=2 ❌
    [ 133/228] n=3 sus4        root=A4   same_instrumentation=False dur= 1000ms  count=3 ✅
    [ 134/228] n=3 sus4        root=A4   same_instrumentation=True  dur= 1000ms  count=3 ✅
    [ 135/228] n=3 sus4        root=G5   same_instrumentation=False dur= 1000ms  count=1 ❌
    [ 136/228] n=3 sus4        root=G5   same_instrumentation=True  dur= 5000ms  count=2 ❌
    [ 137/228] n=3 sus4        root=E6   same_instrumentation=True  dur= 1000ms  count=1 ❌
    [ 138/228] n=3 sus4        root=E6   same_instrumentation=False dur= 1000ms  count=10 ❌
    [ 139/228] n=4 dom7        root=F#1  same_instrumentation=False dur= 5000ms  count=1 ❌
    [ 140/228] n=4 dom7        root=F#1  same_instrumentation=True  dur= 1000ms  count=1 ❌
    [ 141/228] n=4 dom7        root=C2   same_instrumentation=False dur= 1000ms  count=1 ❌
    [ 142/228] n=4 dom7        root=C2   same_instrumentation=True  dur= 5000ms  count=10 ❌
    [ 143/228] n=4 dom7        root=G2   same_instrumentation=False dur= 5000ms  count=3 ❌
    [ 144/228] n=4 dom7        root=G2   same_instrumentation=True  dur= 1000ms  count=1 ❌
    [ 145/228] n=4 dom7        root=C3   same_instrumentation=False dur= 1000ms  count=1 ❌
    [ 146/228] n=4 dom7        root=C3   same_instrumentation=True  dur= 5000ms  count=1 ❌
    [ 147/228] n=4 dom7        root=F#3  same_instrumentation=False dur= 1000ms  count=3 ❌
    [ 148/228] n=4 dom7        root=F#3  same_instrumentation=True  dur= 1000ms  count=3 ❌
    [ 149/228] n=4 dom7        root=C4   same_instrumentation=False dur= 5000ms  count=1 ❌
    [ 150/228] n=4 dom7        root=C4   same_instrumentation=True  dur= 5000ms  count=1 ❌
    [ 151/228] n=4 dom7        root=E4   same_instrumentation=True  dur= 5000ms  count=2 ❌
    [ 152/228] n=4 dom7        root=E4   same_instrumentation=False dur= 5000ms  count=2 ❌
    [ 153/228] n=4 dom7        root=A4   same_instrumentation=True  dur= 5000ms  count=1 ❌
    [ 154/228] n=4 dom7        root=A4   same_instrumentation=False dur= 5000ms  count=1 ❌
    [ 155/228] n=4 dom7        root=G5   same_instrumentation=True  dur= 5000ms  count=1 ❌
    [ 156/228] n=4 dom7        root=G5   same_instrumentation=False dur= 5000ms  count=1 ❌
    [ 157/228] n=4 m7b5        root=F#1  same_instrumentation=False dur= 1000ms  count=1 ❌
    [ 158/228] n=4 m7b5        root=F#1  same_instrumentation=True  dur= 5000ms  count=1 ❌
    [ 159/228] n=4 m7b5        root=C2   same_instrumentation=True  dur= 5000ms  count=1 ❌
    [ 160/228] n=4 m7b5        root=C2   same_instrumentation=False dur= 5000ms  count=1 ❌
    [ 161/228] n=4 m7b5        root=G2   same_instrumentation=False dur= 1000ms  count=3 ❌
    [ 162/228] n=4 m7b5        root=G2   same_instrumentation=True  dur= 1000ms  count=1 ❌
    [ 163/228] n=4 m7b5        root=C3   same_instrumentation=False dur= 1000ms  count=1 ❌
    [ 164/228] n=4 m7b5        root=C3   same_instrumentation=True  dur= 1000ms  count=1 ❌
    [ 165/228] n=4 m7b5        root=F#3  same_instrumentation=False dur= 1000ms  count=3 ❌
    [ 166/228] n=4 m7b5        root=F#3  same_instrumentation=True  dur= 5000ms  count=1 ❌
    [ 167/228] n=4 m7b5        root=C4   same_instrumentation=False dur= 1000ms  count=1 ❌
    [ 168/228] n=4 m7b5        root=C4   same_instrumentation=True  dur= 1000ms  count=3 ❌
    [ 169/228] n=4 m7b5        root=E4   same_instrumentation=False dur= 5000ms  count=2 ❌
    [ 170/228] n=4 m7b5        root=E4   same_instrumentation=True  dur= 5000ms  count=2 ❌
    [ 171/228] n=4 m7b5        root=A4   same_instrumentation=False dur= 5000ms  count=1 ❌
    [ 172/228] n=4 m7b5        root=A4   same_instrumentation=True  dur= 1000ms  count=1 ❌
    [ 173/228] n=4 m7b5        root=G5   same_instrumentation=False dur= 1000ms  count=1 ❌
    [ 174/228] n=4 m7b5        root=G5   same_instrumentation=True  dur= 5000ms  count=1 ❌
    [ 175/228] n=4 maj7        root=F#1  same_instrumentation=True  dur= 5000ms  count=1 ❌
    [ 176/228] n=4 maj7        root=F#1  same_instrumentation=False dur= 5000ms  count=1 ❌
    [ 177/228] n=4 maj7        root=C2   same_instrumentation=False dur= 1000ms  count=1 ❌
    [ 178/228] n=4 maj7        root=C2   same_instrumentation=True  dur= 5000ms  count=1 ❌
    [ 179/228] n=4 maj7        root=G2   same_instrumentation=False dur= 1000ms  count=3 ❌
    [ 180/228] n=4 maj7        root=G2   same_instrumentation=True  dur= 5000ms  count=1 ❌
    [ 181/228] n=4 maj7        root=C3   same_instrumentation=False dur= 5000ms  count=1 ❌
    [ 182/228] n=4 maj7        root=C3   same_instrumentation=True  dur= 1000ms  count=3 ❌
    [ 183/228] n=4 maj7        root=F#3  same_instrumentation=False dur= 1000ms  count=3 ❌
    [ 184/228] n=4 maj7        root=F#3  same_instrumentation=True  dur= 5000ms  count=1 ❌
    [ 185/228] n=4 maj7        root=C4   same_instrumentation=False dur= 5000ms  count=2 ❌
    [ 186/228] n=4 maj7        root=C4   same_instrumentation=True  dur= 5000ms  count=4 ✅
    [ 187/228] n=4 maj7        root=E4   same_instrumentation=False dur= 5000ms  count=2 ❌
    [ 188/228] n=4 maj7        root=E4   same_instrumentation=True  dur= 1000ms  count=1 ❌
    [ 189/228] n=4 maj7        root=A4   same_instrumentation=False dur= 5000ms  count=1 ❌
    [ 190/228] n=4 maj7        root=A4   same_instrumentation=True  dur= 1000ms  count=1 ❌
    [ 191/228] n=4 maj7        root=G5   same_instrumentation=False dur= 1000ms  count=1 ❌
    [ 192/228] n=4 maj7        root=G5   same_instrumentation=True  dur= 1000ms  count=1 ❌
    [ 193/228] n=4 min7        root=F#1  same_instrumentation=False dur= 5000ms  count=1 ❌
    [ 194/228] n=4 min7        root=F#1  same_instrumentation=True  dur= 1000ms  count=1 ❌
    [ 195/228] n=4 min7        root=C2   same_instrumentation=False dur= 1000ms  count=1 ❌
    [ 196/228] n=4 min7        root=C2   same_instrumentation=True  dur= 1000ms  count=1 ❌
    [ 197/228] n=4 min7        root=G2   same_instrumentation=False dur= 5000ms  count=2 ❌
    [ 198/228] n=4 min7        root=G2   same_instrumentation=True  dur= 1000ms  count=1 ❌
    [ 199/228] n=4 min7        root=C3   same_instrumentation=False dur= 1000ms  count=1 ❌
    [ 200/228] n=4 min7        root=C3   same_instrumentation=True  dur= 5000ms  count=2 ❌
    [ 201/228] n=4 min7        root=F#3  same_instrumentation=False dur= 5000ms  count=2 ❌
    [ 202/228] n=4 min7        root=F#3  same_instrumentation=True  dur= 5000ms  count=1 ❌
    [ 203/228] n=4 min7        root=C4   same_instrumentation=False dur= 5000ms  count=2 ❌
    [ 204/228] n=4 min7        root=C4   same_instrumentation=True  dur= 1000ms  count=2 ❌
    [ 205/228] n=4 min7        root=E4   same_instrumentation=False dur= 1000ms  count=2 ❌
    [ 206/228] n=4 min7        root=E4   same_instrumentation=True  dur= 1000ms  count=4 ✅
    [ 207/228] n=4 min7        root=A4   same_instrumentation=False dur= 1000ms  count=1 ❌
    [ 208/228] n=4 min7        root=A4   same_instrumentation=True  dur= 1000ms  count=2 ❌
    [ 209/228] n=4 min7        root=G5   same_instrumentation=False dur= 5000ms  count=1 ❌
    [ 210/228] n=4 min7        root=G5   same_instrumentation=True  dur= 1000ms  count=1 ❌
    [ 211/228] n=4 random_set  root=F1   same_instrumentation=False dur= 1000ms  count=3 ❌
    [ 212/228] n=4 random_set  root=F1   same_instrumentation=True  dur= 1000ms  count=2 ❌
    [ 213/228] n=4 random_set  root=A#1  same_instrumentation=False dur= 1000ms  count=1 ❌
    [ 214/228] n=4 random_set  root=A#1  same_instrumentation=True  dur= 1000ms  count=1 ❌
    [ 215/228] n=4 random_set  root=E2   same_instrumentation=False dur= 5000ms  count=2 ❌
    [ 216/228] n=4 random_set  root=E2   same_instrumentation=True  dur= 1000ms  count=3 ❌
    [ 217/228] n=5 random_set  root=A#1  same_instrumentation=False dur= 5000ms  count=1 ❌
    [ 218/228] n=5 random_set  root=A#1  same_instrumentation=True  dur= 1000ms  count=3 ❌
    [ 219/228] n=5 random_set  root=C#2  same_instrumentation=False dur= 5000ms  count=1 ❌
    [ 220/228] n=5 random_set  root=C#2  same_instrumentation=True  dur= 5000ms  count=1 ❌
    [ 221/228] n=5 random_set  root=A#2  same_instrumentation=False dur= 1000ms  count=1 ❌
    [ 222/228] n=5 random_set  root=A#2  same_instrumentation=True  dur= 5000ms  count=1 ❌
    [ 223/228] n=6 random_set  root=C#2  same_instrumentation=False dur= 5000ms  count=1 ❌
    [ 224/228] n=6 random_set  root=C#2  same_instrumentation=True  dur= 5000ms  count=1 ❌
    [ 225/228] n=6 random_set  root=F2   same_instrumentation=False dur= 1000ms  count=3 ❌
    [ 226/228] n=6 random_set  root=F2   same_instrumentation=True  dur= 5000ms  count=2 ❌
    [ 227/228] n=6 random_set  root=D#3  same_instrumentation=False dur= 1000ms  count=2 ❌
    [ 228/228] n=6 random_set  root=D#3  same_instrumentation=True  dur= 1000ms  count=2 ❌

============================================================
SUMMARY — audio_flamingo_next_instruct
  Sampling     : 228 of 8664 (stratified by '(n, chord_quality, root_midi, same_instrument)', seed=42)
  Stimuli (total)     : 228
  Stimuli (condition) : 228  (all records)

      Metric   Accuracy
  ───────────────────────
       COUNT      13.6%

Results saved → results/run_20260506_053722/pitchbench_c1_chord_count_pitches/run_001_20260506_060441/results_audio_flamingo_next_instruct.*

############################################################
# pitchbench_c2_chord_dyad_interval
############################################################

Experiment : pitchbench_c2_chord_dyad_interval
Models     : audio_flamingo_next_instruct
Stimuli    : 232
  Sampling     : 232 of 8816 (stratified by '(interval_st, same_instrument, root_midi)', seed=42)

  Model : Audio Flamingo Next – instruct
    [dispatch] 232 items, max_workers=2
    [   1/232] iv= 1st root=C2   same_instrumentation=False dur= 5000ms  interval=12 ❌
    [   2/232] iv= 1st root=F#1  same_instrumentation=False dur= 5000ms  interval=12 ❌
    [   3/232] iv= 1st root=G2   same_instrumentation=False dur= 5000ms  interval=12 ❌
    [   4/232] iv= 1st root=C3   same_instrumentation=False dur= 5000ms  interval=12 ❌
    [   5/232] iv= 1st root=C4   same_instrumentation=False dur= 1000ms  interval=12 ❌
    [   6/232] iv= 1st root=F#3  same_instrumentation=False dur= 1000ms  interval=12 ❌
    [   7/232] iv= 1st root=E4   same_instrumentation=False dur= 1000ms  interval=12 ❌
    [   8/232] iv= 1st root=A4   same_instrumentation=False dur= 1000ms  interval=12 ❌
    [   9/232] iv= 1st root=G5   same_instrumentation=False dur= 5000ms  interval=12 ❌
    [  10/232] iv= 1st root=E6   same_instrumentation=False dur= 5000ms  interval=12 ❌
    [  11/232] iv= 1st root=C2   same_instrumentation=True  dur= 1000ms  interval=12 ❌
    [  12/232] iv= 1st root=F#1  same_instrumentation=True  dur= 5000ms  interval=12 ❌
    [  13/232] iv= 1st root=G2   same_instrumentation=True  dur= 5000ms  interval=12 ❌
    [  14/232] iv= 1st root=C3   same_instrumentation=True  dur= 5000ms  interval=12 ❌
    [  15/232] iv= 1st root=F#3  same_instrumentation=True  dur= 5000ms  interval=12 ❌
    [  16/232] iv= 1st root=C4   same_instrumentation=True  dur= 1000ms  interval=12 ❌
    [  17/232] iv= 1st root=E4   same_instrumentation=True  dur= 1000ms  interval=12 ❌
    [  18/232] iv= 1st root=A4   same_instrumentation=True  dur= 5000ms  interval=12 ❌
    [  19/232] iv= 1st root=G5   same_instrumentation=True  dur= 5000ms  interval=12 ❌
    [  20/232] iv= 1st root=E6   same_instrumentation=True  dur= 1000ms  interval=12 ❌
    [  21/232] iv=10th root=F#1  same_instrumentation=False dur= 1000ms  interval=12 ❌
    [  22/232] iv=10th root=C2   same_instrumentation=False dur= 1000ms  interval=12 ❌
    [  23/232] iv=10th root=G2   same_instrumentation=False dur= 1000ms  interval=12 ❌
    [  24/232] iv=10th root=C3   same_instrumentation=False dur= 1000ms  interval=10 ✅
    [  25/232] iv=10th root=F#3  same_instrumentation=False dur= 5000ms  interval=12 ❌
    [  26/232] iv=10th root=C4   same_instrumentation=False dur= 5000ms  interval=12 ❌
    [  27/232] iv=10th root=E4   same_instrumentation=False dur= 1000ms  interval=12 ❌
    [  28/232] iv=10th root=A4   same_instrumentation=False dur= 1000ms  interval=12 ❌
    [  29/232] iv=10th root=G5   same_instrumentation=False dur= 5000ms  interval=12 ❌
    [  30/232] iv=10th root=F#1  same_instrumentation=True  dur= 5000ms  interval=12 ❌
    [  31/232] iv=10th root=C2   same_instrumentation=True  dur= 5000ms  interval=12 ❌
    [  32/232] iv=10th root=G2   same_instrumentation=True  dur= 5000ms  interval=12 ❌
    [  33/232] iv=10th root=C3   same_instrumentation=True  dur= 5000ms  interval=12 ❌
    [  34/232] iv=10th root=F#3  same_instrumentation=True  dur= 5000ms  interval=12 ❌
    [  35/232] iv=10th root=C4   same_instrumentation=True  dur= 1000ms  interval=12 ❌
    [  36/232] iv=10th root=E4   same_instrumentation=True  dur= 5000ms  interval=12 ❌
    [  37/232] iv=10th root=A4   same_instrumentation=True  dur= 1000ms  interval=12 ❌
    [  38/232] iv=10th root=G5   same_instrumentation=True  dur= 1000ms  interval=12 ❌
    [  39/232] iv=11th root=F#1  same_instrumentation=False dur= 1000ms  interval=12 ❌
    [  40/232] iv=11th root=C2   same_instrumentation=False dur= 1000ms  interval=12 ❌
    [  41/232] iv=11th root=G2   same_instrumentation=False dur= 1000ms  interval=12 ❌
    [  42/232] iv=11th root=C3   same_instrumentation=False dur= 1000ms  interval=12 ❌
    [  43/232] iv=11th root=F#3  same_instrumentation=False dur= 5000ms  interval=12 ❌
    [  44/232] iv=11th root=C4   same_instrumentation=False dur= 1000ms  interval=12 ❌
    [  45/232] iv=11th root=E4   same_instrumentation=False dur= 5000ms  interval=10 ❌
    [  46/232] iv=11th root=A4   same_instrumentation=False dur= 1000ms  interval=12 ❌
    [  47/232] iv=11th root=G5   same_instrumentation=False dur= 5000ms  interval=12 ❌
    [  48/232] iv=11th root=F#1  same_instrumentation=True  dur= 5000ms  interval=12 ❌
    [  49/232] iv=11th root=C2   same_instrumentation=True  dur= 1000ms  interval=12 ❌
    [  50/232] iv=11th root=G2   same_instrumentation=True  dur= 5000ms  interval=12 ❌
    [  51/232] iv=11th root=C3   same_instrumentation=True  dur= 1000ms  interval=12 ❌
    [  52/232] iv=11th root=F#3  same_instrumentation=True  dur= 1000ms  interval=12 ❌
    [  53/232] iv=11th root=C4   same_instrumentation=True  dur= 1000ms  interval=12 ❌
    [  54/232] iv=11th root=E4   same_instrumentation=True  dur= 1000ms  interval=12 ❌
    [  55/232] iv=11th root=A4   same_instrumentation=True  dur= 1000ms  interval=12 ❌
    [  56/232] iv=11th root=G5   same_instrumentation=True  dur= 1000ms  interval=12 ❌
    [  57/232] iv=12th root=F#1  same_instrumentation=False dur= 5000ms  interval=12 ✅
    [  58/232] iv=12th root=C2   same_instrumentation=False dur= 1000ms  interval=12 ✅
    [  59/232] iv=12th root=G2   same_instrumentation=False dur= 1000ms  interval=12 ✅
    [  60/232] iv=12th root=C3   same_instrumentation=False dur= 1000ms  interval=12 ✅
    [  61/232] iv=12th root=C4   same_instrumentation=False dur= 5000ms  interval=12 ✅
    [  62/232] iv=12th root=F#3  same_instrumentation=False dur= 5000ms  interval=12 ✅
    [  63/232] iv=12th root=A4   same_instrumentation=False dur= 1000ms  interval=12 ✅
    [  64/232] iv=12th root=E4   same_instrumentation=False dur= 5000ms  interval=12 ✅
    [  65/232] iv=12th root=F#1  same_instrumentation=True  dur= 1000ms  interval=12 ✅
    [  66/232] iv=12th root=G5   same_instrumentation=False dur= 5000ms  interval=12 ✅
    [  67/232] iv=12th root=G2   same_instrumentation=True  dur= 5000ms  interval=12 ✅
    [  68/232] iv=12th root=C2   same_instrumentation=True  dur= 5000ms  interval=12 ✅
    [  69/232] iv=12th root=F#3  same_instrumentation=True  dur= 1000ms  interval=10 ❌
    [  70/232] iv=12th root=C3   same_instrumentation=True  dur= 1000ms  interval=12 ✅
    [  71/232] iv=12th root=C4   same_instrumentation=True  dur= 1000ms  interval=12 ✅
    [  72/232] iv=12th root=E4   same_instrumentation=True  dur= 5000ms  interval=12 ✅
    [  73/232] iv=12th root=A4   same_instrumentation=True  dur= 1000ms  interval=12 ✅
    [  74/232] iv=12th root=G5   same_instrumentation=True  dur= 5000ms  interval=12 ✅
    [  75/232] iv= 2nd root=F#1  same_instrumentation=False dur= 1000ms  interval=12 ❌
    [  76/232] iv= 2nd root=C2   same_instrumentation=False dur= 5000ms  interval=12 ❌
    [  77/232] iv= 2nd root=G2   same_instrumentation=False dur= 5000ms  interval=12 ❌
    [  78/232] iv= 2nd root=C3   same_instrumentation=False dur= 1000ms  interval=12 ❌
    [  79/232] iv= 2nd root=F#3  same_instrumentation=False dur= 1000ms  interval=12 ❌
    [  80/232] iv= 2nd root=C4   same_instrumentation=False dur= 5000ms  interval=12 ❌
    [  81/232] iv= 2nd root=E4   same_instrumentation=False dur= 1000ms  interval=12 ❌
    [  82/232] iv= 2nd root=A4   same_instrumentation=False dur= 1000ms  interval=12 ❌
    [  83/232] iv= 2nd root=G5   same_instrumentation=False dur= 1000ms  interval=12 ❌
    [  84/232] iv= 2nd root=E6   same_instrumentation=False dur= 5000ms  interval=12 ❌
    [  85/232] iv= 2nd root=F#1  same_instrumentation=True  dur= 5000ms  interval=12 ❌
    [  86/232] iv= 2nd root=C2   same_instrumentation=True  dur= 1000ms  interval=12 ❌
    [  87/232] iv= 2nd root=G2   same_instrumentation=True  dur= 5000ms  interval=10 ❌
    [  88/232] iv= 2nd root=C3   same_instrumentation=True  dur= 1000ms  interval=12 ❌
    [  89/232] iv= 2nd root=F#3  same_instrumentation=True  dur= 1000ms  interval=10 ❌
    [  90/232] iv= 2nd root=C4   same_instrumentation=True  dur= 5000ms  interval=12 ❌
    [  91/232] iv= 2nd root=E4   same_instrumentation=True  dur= 5000ms  interval=10 ❌
    [  92/232] iv= 2nd root=A4   same_instrumentation=True  dur= 5000ms  interval=12 ❌
    [  93/232] iv= 2nd root=G5   same_instrumentation=True  dur= 5000ms  interval=12 ❌
    [  94/232] iv= 3rd root=F#1  same_instrumentation=False dur= 1000ms  interval=12 ❌
    [  95/232] iv= 2nd root=E6   same_instrumentation=True  dur= 5000ms  interval=12 ❌
    [  96/232] iv= 3rd root=G2   same_instrumentation=False dur= 5000ms  interval=12 ❌
    [  97/232] iv= 3rd root=C2   same_instrumentation=False dur= 1000ms  interval=12 ❌
    [  98/232] iv= 3rd root=F#3  same_instrumentation=False dur= 1000ms  interval=12 ❌
    [  99/232] iv= 3rd root=C3   same_instrumentation=False dur= 5000ms  interval=12 ❌
    [ 100/232] iv= 3rd root=C4   same_instrumentation=False dur= 1000ms  interval=12 ❌
    [ 101/232] iv= 3rd root=E4   same_instrumentation=False dur= 5000ms  interval=12 ❌
    [ 102/232] iv= 3rd root=G5   same_instrumentation=False dur= 5000ms  interval=12 ❌
    [ 103/232] iv= 3rd root=A4   same_instrumentation=False dur= 5000ms  interval=12 ❌
    [ 104/232] iv= 3rd root=F#1  same_instrumentation=True  dur= 5000ms  interval=12 ❌
    [ 105/232] iv= 3rd root=E6   same_instrumentation=False dur= 5000ms  interval=12 ❌
    [ 106/232] iv= 3rd root=C2   same_instrumentation=True  dur= 1000ms  interval=12 ❌
    [ 107/232] iv= 3rd root=G2   same_instrumentation=True  dur= 1000ms  interval=10 ❌
    [ 108/232] iv= 3rd root=C3   same_instrumentation=True  dur= 1000ms  interval=12 ❌
    [ 109/232] iv= 3rd root=F#3  same_instrumentation=True  dur= 5000ms  interval=10 ❌
    [ 110/232] iv= 3rd root=C4   same_instrumentation=True  dur= 5000ms  interval=12 ❌
    [ 111/232] iv= 3rd root=E4   same_instrumentation=True  dur= 5000ms  interval=12 ❌
    [ 112/232] iv= 3rd root=A4   same_instrumentation=True  dur= 5000ms  interval=12 ❌
    [ 113/232] iv= 3rd root=G5   same_instrumentation=True  dur= 5000ms  interval=12 ❌
    [ 114/232] iv= 3rd root=E6   same_instrumentation=True  dur= 1000ms  interval=12 ❌
    [ 115/232] iv= 4th root=C2   same_instrumentation=False dur= 1000ms  interval=12 ❌
    [ 116/232] iv= 4th root=F#1  same_instrumentation=False dur= 5000ms  interval=12 ❌
    [ 117/232] iv= 4th root=G2   same_instrumentation=False dur= 1000ms  interval=12 ❌
    [ 118/232] iv= 4th root=C3   same_instrumentation=False dur= 1000ms  interval=12 ❌
    [ 119/232] iv= 4th root=C4   same_instrumentation=False dur= 5000ms  interval=12 ❌
    [ 120/232] iv= 4th root=F#3  same_instrumentation=False dur= 5000ms  interval=12 ❌
    [ 121/232] iv= 4th root=E4   same_instrumentation=False dur= 1000ms  interval=12 ❌
    [ 122/232] iv= 4th root=A4   same_instrumentation=False dur= 5000ms  interval=12 ❌
    [ 123/232] iv= 4th root=E6   same_instrumentation=False dur= 5000ms  interval=12 ❌
    [ 124/232] iv= 4th root=G5   same_instrumentation=False dur= 1000ms  interval=12 ❌
    [ 125/232] iv= 4th root=F#1  same_instrumentation=True  dur= 1000ms  interval=12 ❌
    [ 126/232] iv= 4th root=C2   same_instrumentation=True  dur= 5000ms  interval=12 ❌
    [ 127/232] iv= 4th root=G2   same_instrumentation=True  dur= 5000ms  interval=12 ❌
    [ 128/232] iv= 4th root=C3   same_instrumentation=True  dur= 5000ms  interval=12 ❌
    [ 129/232] iv= 4th root=F#3  same_instrumentation=True  dur= 1000ms  interval=12 ❌
    [ 130/232] iv= 4th root=C4   same_instrumentation=True  dur= 5000ms  interval=12 ❌
    [ 131/232] iv= 4th root=E4   same_instrumentation=True  dur= 1000ms  interval=10 ❌
    [ 132/232] iv= 4th root=A4   same_instrumentation=True  dur= 5000ms  interval=12 ❌
    [ 133/232] iv= 4th root=G5   same_instrumentation=True  dur= 1000ms  interval=12 ❌
    [ 134/232] iv= 4th root=E6   same_instrumentation=True  dur= 1000ms  interval=12 ❌
    [ 135/232] iv= 5th root=F#1  same_instrumentation=False dur= 1000ms  interval=12 ❌
    [ 136/232] iv= 5th root=G2   same_instrumentation=False dur= 1000ms  interval=12 ❌
    [ 137/232] iv= 5th root=C2   same_instrumentation=False dur= 5000ms  interval=12 ❌
    [ 138/232] iv= 5th root=C3   same_instrumentation=False dur= 1000ms  interval=12 ❌
    [ 139/232] iv= 5th root=F#3  same_instrumentation=False dur= 5000ms  interval=12 ❌
    [ 140/232] iv= 5th root=E4   same_instrumentation=False dur= 1000ms  interval=12 ❌
    [ 141/232] iv= 5th root=C4   same_instrumentation=False dur= 1000ms  interval=12 ❌
    [ 142/232] iv= 5th root=G5   same_instrumentation=False dur= 5000ms  interval=12 ❌
    [ 143/232] iv= 5th root=A4   same_instrumentation=False dur= 5000ms  interval=12 ❌
    [ 144/232] iv= 5th root=F#1  same_instrumentation=True  dur= 1000ms  interval=12 ❌
    [ 145/232] iv= 5th root=E6   same_instrumentation=False dur= 1000ms  interval=12 ❌
    [ 146/232] iv= 5th root=G2   same_instrumentation=True  dur= 1000ms  interval=12 ❌
    [ 147/232] iv= 5th root=C2   same_instrumentation=True  dur= 5000ms  interval=12 ❌
    [ 148/232] iv= 5th root=C3   same_instrumentation=True  dur= 1000ms  interval=12 ❌
    [ 149/232] iv= 5th root=F#3  same_instrumentation=True  dur= 5000ms  interval=1 ❌
    [ 150/232] iv= 5th root=E4   same_instrumentation=True  dur= 5000ms  interval=12 ❌
    [ 151/232] iv= 5th root=C4   same_instrumentation=True  dur= 5000ms  interval=12 ❌
    [ 152/232] iv= 5th root=A4   same_instrumentation=True  dur= 5000ms  interval=2 ❌
    [ 153/232] iv= 5th root=G5   same_instrumentation=True  dur= 5000ms  interval=12 ❌
    [ 154/232] iv= 5th root=E6   same_instrumentation=True  dur= 5000ms  interval=12 ❌
    [ 155/232] iv= 6th root=F#1  same_instrumentation=False dur= 5000ms  interval=12 ❌
    [ 156/232] iv= 6th root=C2   same_instrumentation=False dur= 5000ms  interval=12 ❌
    [ 157/232] iv= 6th root=G2   same_instrumentation=False dur= 1000ms  interval=12 ❌
    [ 158/232] iv= 6th root=C3   same_instrumentation=False dur= 5000ms  interval=12 ❌
    [ 159/232] iv= 6th root=F#3  same_instrumentation=False dur= 5000ms  interval=12 ❌
    [ 160/232] iv= 6th root=C4   same_instrumentation=False dur= 5000ms  interval=12 ❌
    [ 161/232] iv= 6th root=E4   same_instrumentation=False dur= 1000ms  interval=10 ❌
    [ 162/232] iv= 6th root=A4   same_instrumentation=False dur= 1000ms  interval=12 ❌
    [ 163/232] iv= 6th root=G5   same_instrumentation=False dur= 1000ms  interval=12 ❌
    [ 164/232] iv= 6th root=E6   same_instrumentation=False dur= 1000ms  interval=12 ❌
    [ 165/232] iv= 6th root=F#1  same_instrumentation=True  dur= 1000ms  interval=12 ❌
    [ 166/232] iv= 6th root=G2   same_instrumentation=True  dur= 1000ms  interval=10 ❌
    [ 167/232] iv= 6th root=C2   same_instrumentation=True  dur= 5000ms  interval=12 ❌
    [ 168/232] iv= 6th root=F#3  same_instrumentation=True  dur= 5000ms  interval=12 ❌
    [ 169/232] iv= 6th root=C3   same_instrumentation=True  dur= 1000ms  interval=12 ❌
    [ 170/232] iv= 6th root=E4   same_instrumentation=True  dur= 5000ms  interval=1 ❌
    [ 171/232] iv= 6th root=C4   same_instrumentation=True  dur= 5000ms  interval=12 ❌
    [ 172/232] iv= 6th root=A4   same_instrumentation=True  dur= 1000ms  interval=12 ❌
    [ 173/232] iv= 6th root=G5   same_instrumentation=True  dur= 1000ms  interval=12 ❌
    [ 174/232] iv= 6th root=E6   same_instrumentation=True  dur= 5000ms  interval=12 ❌
    [ 175/232] iv= 7th root=F#1  same_instrumentation=False dur= 5000ms  interval=12 ❌
    [ 176/232] iv= 7th root=G2   same_instrumentation=False dur= 1000ms  interval=12 ❌
    [ 177/232] iv= 7th root=C2   same_instrumentation=False dur= 5000ms  interval=12 ❌
    [ 178/232] iv= 7th root=C3   same_instrumentation=False dur= 5000ms  interval=12 ❌
    [ 179/232] iv= 7th root=F#3  same_instrumentation=False dur= 1000ms  interval=12 ❌
    [ 180/232] iv= 7th root=E4   same_instrumentation=False dur= 5000ms  interval=12 ❌
    [ 181/232] iv= 7th root=C4   same_instrumentation=False dur= 5000ms  interval=12 ❌
    [ 182/232] iv= 7th root=A4   same_instrumentation=False dur= 1000ms  interval=12 ❌
    [ 183/232] iv= 7th root=G5   same_instrumentation=False dur= 1000ms  interval=12 ❌
    [ 184/232] iv= 7th root=E6   same_instrumentation=False dur= 5000ms  interval=12 ❌
    [ 185/232] iv= 7th root=F#1  same_instrumentation=True  dur= 5000ms  interval=12 ❌
    [ 186/232] iv= 7th root=G2   same_instrumentation=True  dur= 5000ms  interval=12 ❌
    [ 187/232] iv= 7th root=C2   same_instrumentation=True  dur= 5000ms  interval=12 ❌
    [ 188/232] iv= 7th root=F#3  same_instrumentation=True  dur= 5000ms  interval=12 ❌
    [ 189/232] iv= 7th root=C3   same_instrumentation=True  dur= 1000ms  interval=12 ❌
    [ 190/232] iv= 7th root=C4   same_instrumentation=True  dur= 1000ms  interval=12 ❌
    [ 191/232] iv= 7th root=E4   same_instrumentation=True  dur= 1000ms  interval=12 ❌
    [ 192/232] iv= 7th root=A4   same_instrumentation=True  dur= 1000ms  interval=12 ❌
    [ 193/232] iv= 7th root=G5   same_instrumentation=True  dur= 5000ms  interval=12 ❌
    [ 194/232] iv= 7th root=E6   same_instrumentation=True  dur= 1000ms  interval=12 ❌
    [ 195/232] iv= 8th root=F#1  same_instrumentation=False dur= 1000ms  interval=12 ❌
    [ 196/232] iv= 8th root=C2   same_instrumentation=False dur= 1000ms  interval=12 ❌
    [ 197/232] iv= 8th root=G2   same_instrumentation=False dur= 5000ms  interval=12 ❌
    [ 198/232] iv= 8th root=C3   same_instrumentation=False dur= 1000ms  interval=12 ❌
    [ 199/232] iv= 8th root=F#3  same_instrumentation=False dur= 1000ms  interval=12 ❌
    [ 200/232] iv= 8th root=C4   same_instrumentation=False dur= 5000ms  interval=12 ❌
    [ 201/232] iv= 8th root=E4   same_instrumentation=False dur= 5000ms  interval=12 ❌
    [ 202/232] iv= 8th root=A4   same_instrumentation=False dur= 5000ms  interval=10 ❌
    [ 203/232] iv= 8th root=G5   same_instrumentation=False dur= 5000ms  interval=12 ❌
    [ 204/232] iv= 8th root=E6   same_instrumentation=False dur= 1000ms  interval=12 ❌
    [ 205/232] iv= 8th root=F#1  same_instrumentation=True  dur= 1000ms  interval=12 ❌
    [ 206/232] iv= 8th root=C2   same_instrumentation=True  dur= 1000ms  interval=12 ❌
    [ 207/232] iv= 8th root=G2   same_instrumentation=True  dur= 1000ms  interval=12 ❌
    [ 208/232] iv= 8th root=C3   same_instrumentation=True  dur= 1000ms  interval=10 ❌
    [ 209/232] iv= 8th root=F#3  same_instrumentation=True  dur= 5000ms  interval=12 ❌
    [ 210/232] iv= 8th root=C4   same_instrumentation=True  dur= 1000ms  interval=12 ❌
    [ 211/232] iv= 8th root=E4   same_instrumentation=True  dur= 1000ms  interval=12 ❌
    [ 212/232] iv= 8th root=A4   same_instrumentation=True  dur= 1000ms  interval=12 ❌
    [ 213/232] iv= 8th root=G5   same_instrumentation=True  dur= 1000ms  interval=12 ❌
    [ 214/232] iv= 8th root=E6   same_instrumentation=True  dur= 1000ms  interval=12 ❌
    [ 215/232] iv= 9th root=F#1  same_instrumentation=False dur= 5000ms  interval=12 ❌
    [ 216/232] iv= 9th root=C2   same_instrumentation=False dur= 1000ms  interval=12 ❌
    [ 217/232] iv= 9th root=G2   same_instrumentation=False dur= 5000ms  interval=12 ❌
    [ 218/232] iv= 9th root=C3   same_instrumentation=False dur= 1000ms  interval=12 ❌
    [ 219/232] iv= 9th root=F#3  same_instrumentation=False dur= 5000ms  interval=12 ❌
    [ 220/232] iv= 9th root=C4   same_instrumentation=False dur= 5000ms  interval=12 ❌
    [ 221/232] iv= 9th root=A4   same_instrumentation=False dur= 5000ms  interval=3 ❌
    [ 222/232] iv= 9th root=E4   same_instrumentation=False dur= 1000ms  interval=12 ❌
    [ 223/232] iv= 9th root=G5   same_instrumentation=False dur= 5000ms  interval=10 ❌
    [ 224/232] iv= 9th root=F#1  same_instrumentation=True  dur= 5000ms  interval=12 ❌
    [ 225/232] iv= 9th root=C2   same_instrumentation=True  dur= 1000ms  interval=12 ❌
    [ 226/232] iv= 9th root=G2   same_instrumentation=True  dur= 5000ms  interval=12 ❌
    [ 227/232] iv= 9th root=C3   same_instrumentation=True  dur= 1000ms  interval=12 ❌
    [ 228/232] iv= 9th root=F#3  same_instrumentation=True  dur= 1000ms  interval=12 ❌
    [ 229/232] iv= 9th root=C4   same_instrumentation=True  dur= 1000ms  interval=12 ❌
    [ 230/232] iv= 9th root=E4   same_instrumentation=True  dur= 1000ms  interval=12 ❌
    [ 231/232] iv= 9th root=A4   same_instrumentation=True  dur= 1000ms  interval=12 ❌
    [ 232/232] iv= 9th root=G5   same_instrumentation=True  dur= 5000ms  interval=12 ❌

============================================================
SUMMARY — audio_flamingo_next_instruct
  Sampling     : 232 of 8816 (stratified by '(interval_st, same_instrument, root_midi)', seed=42)
  Stimuli (total)     : 232
  Stimuli (condition) : 232  (all records)

      Metric   Accuracy
  ───────────────────────
    INTERVAL       7.8%

Results saved → results/run_20260506_053722/pitchbench_c2_chord_dyad_interval/run_001_20260506_060505/results_audio_flamingo_next_instruct.*

############################################################
# pitchbench_c3_chord_quality
############################################################

Experiment : pitchbench_c3_chord_quality
Models     : audio_flamingo_next_instruct
Stimuli    : 192
  Sampling     : 192 of 7296 (stratified by '(chord_quality_gt, same_instrument, root_midi)', seed=42)

  Model : Audio Flamingo Next – instruct
    [dispatch] 192 items, max_workers=2
    [   1/192] augmented   root=F#1  same_instrumentation=False quality_only  quality=augmented ✅  | root=None ❌  | joint=None ❌
    [   2/192] augmented   root=C2   same_instrumentation=False quality_only  quality=m7b5 ❌  | root=None ❌  | joint=None ❌
    [   3/192] augmented   root=G2   same_instrumentation=False quality_only  quality=major ❌  | root=None ❌  | joint=None ❌
    [   4/192] augmented   root=F#3  same_instrumentation=False quality_only  quality=major ❌  | root=None ❌  | joint=None ❌
    [   5/192] augmented   root=C3   same_instrumentation=False quality_only  quality=augmented ✅  | root=None ❌  | joint=None ❌
    [   6/192] augmented   root=C4   same_instrumentation=False quality_only  quality=maj7 ❌  | root=None ❌  | joint=None ❌
    [   7/192] augmented   root=E4   same_instrumentation=False quality_only  quality=maj7 ❌  | root=None ❌  | joint=None ❌
    [   8/192] augmented   root=A4   same_instrumentation=False quality_only  quality=major ❌  | root=None ❌  | joint=None ❌
    [   9/192] augmented   root=G5   same_instrumentation=False quality_only  quality=major ❌  | root=None ❌  | joint=None ❌
    [  10/192] augmented   root=E6   same_instrumentation=False quality_only  quality=major ❌  | root=None ❌  | joint=None ❌
    [  11/192] augmented   root=C2   same_instrumentation=True  quality_only  quality=major ❌  | root=None ❌  | joint=None ❌
    [  12/192] augmented   root=F#1  same_instrumentation=True  quality_only  quality=m7b5 ❌  | root=None ❌  | joint=None ❌
    [  13/192] augmented   root=C3   same_instrumentation=True  quality_only  quality=major ❌  | root=None ❌  | joint=None ❌
    [  14/192] augmented   root=G2   same_instrumentation=True  quality_only  quality=m7b5 ❌  | root=None ❌  | joint=None ❌
    [  15/192] augmented   root=F#3  same_instrumentation=True  quality_only  quality=major ❌  | root=None ❌  | joint=None ❌
    [  16/192] augmented   root=C4   same_instrumentation=True  quality_only  quality=maj7 ❌  | root=None ❌  | joint=None ❌
    [  17/192] augmented   root=E4   same_instrumentation=True  quality_only  quality=maj7 ❌  | root=None ❌  | joint=None ❌
    [  18/192] augmented   root=A4   same_instrumentation=True  quality_only  quality=None ❌  | root=None ❌  | joint=None ❌
    [  19/192] augmented   root=E6   same_instrumentation=True  quality_only  quality=major ❌  | root=None ❌  | joint=None ❌
    [  20/192] augmented   root=G5   same_instrumentation=True  quality_only  quality=maj7 ❌  | root=None ❌  | joint=None ❌
    [  21/192] diminished  root=F#1  same_instrumentation=False quality_only  quality=major ❌  | root=None ❌  | joint=None ❌
    [  22/192] diminished  root=C2   same_instrumentation=False quality_only  quality=m7b5 ❌  | root=None ❌  | joint=None ❌
    [  23/192] diminished  root=G2   same_instrumentation=False quality_only  quality=major ❌  | root=None ❌  | joint=None ❌
    [  24/192] diminished  root=F#3  same_instrumentation=False quality_only  quality=major ❌  | root=None ❌  | joint=None ❌
    [  25/192] diminished  root=C3   same_instrumentation=False quality_only  quality=m7b5 ❌  | root=None ❌  | joint=None ❌
    [  26/192] diminished  root=C4   same_instrumentation=False quality_only  quality=major ❌  | root=None ❌  | joint=None ❌
    [  27/192] diminished  root=E4   same_instrumentation=False quality_only  quality=major ❌  | root=None ❌  | joint=None ❌
    [  28/192] diminished  root=A4   same_instrumentation=False quality_only  quality=maj7 ❌  | root=None ❌  | joint=None ❌
    [  29/192] diminished  root=G5   same_instrumentation=False quality_only  quality=major ❌  | root=None ❌  | joint=None ❌
    [  30/192] diminished  root=E6   same_instrumentation=False quality_only  quality=major ❌  | root=None ❌  | joint=None ❌
    [  31/192] diminished  root=F#1  same_instrumentation=True  quality_only  quality=maj7 ❌  | root=None ❌  | joint=None ❌
    [  32/192] diminished  root=C2   same_instrumentation=True  quality_only  quality=augmented ❌  | root=None ❌  | joint=None ❌
    [  33/192] diminished  root=G2   same_instrumentation=True  quality_only  quality=major ❌  | root=None ❌  | joint=None ❌
    [  34/192] diminished  root=F#3  same_instrumentation=True  quality_only  quality=major ❌  | root=None ❌  | joint=None ❌
    [  35/192] diminished  root=C3   same_instrumentation=True  quality_only  quality=m7b5 ❌  | root=None ❌  | joint=None ❌
    [  36/192] diminished  root=E4   same_instrumentation=True  quality_only  quality=maj7 ❌  | root=None ❌  | joint=None ❌
    [  37/192] diminished  root=C4   same_instrumentation=True  quality_only  quality=major ❌  | root=None ❌  | joint=None ❌
    [  38/192] diminished  root=A4   same_instrumentation=True  quality_only  quality=major ❌  | root=None ❌  | joint=None ❌
    [  39/192] diminished  root=G5   same_instrumentation=True  quality_only  quality=major ❌  | root=None ❌  | joint=None ❌
    [  40/192] diminished  root=E6   same_instrumentation=True  quality_only  quality=maj7 ❌  | root=None ❌  | joint=None ❌
    [  41/192] dom7        root=F#1  same_instrumentation=False quality_only  quality=m7b5 ❌  | root=None ❌  | joint=None ❌
    [  42/192] dom7        root=C2   same_instrumentation=False quality_only  quality=augmented ❌  | root=None ❌  | joint=None ❌
    [  43/192] dom7        root=C3   same_instrumentation=False quality_only  quality=major ❌  | root=None ❌  | joint=None ❌
    [  44/192] dom7        root=G2   same_instrumentation=False quality_only  quality=augmented ❌  | root=None ❌  | joint=None ❌
    [  45/192] dom7        root=F#3  same_instrumentation=False quality_only  quality=sus4 ❌  | root=None ❌  | joint=None ❌
    [  46/192] dom7        root=C4   same_instrumentation=False quality_only  quality=major ❌  | root=None ❌  | joint=None ❌
    [  47/192] dom7        root=E4   same_instrumentation=False quality_only  quality=major ❌  | root=None ❌  | joint=None ❌
    [  48/192] dom7        root=A4   same_instrumentation=False quality_only  quality=major ❌  | root=None ❌  | joint=None ❌
    [  49/192] dom7        root=G5   same_instrumentation=False quality_only  quality=major ❌  | root=None ❌  | joint=None ❌
    [  50/192] dom7        root=C2   same_instrumentation=True  quality_only  quality=major ❌  | root=None ❌  | joint=None ❌
    [  51/192] dom7        root=F#1  same_instrumentation=True  quality_only  quality=m7b5 ❌  | root=None ❌  | joint=None ❌
    [  52/192] dom7        root=G2   same_instrumentation=True  quality_only  quality=major ❌  | root=None ❌  | joint=None ❌
    [  53/192] dom7        root=C3   same_instrumentation=True  quality_only  quality=major ❌  | root=None ❌  | joint=None ❌
    [  54/192] dom7        root=F#3  same_instrumentation=True  quality_only  quality=major ❌  | root=None ❌  | joint=None ❌
    [  55/192] dom7        root=C4   same_instrumentation=True  quality_only  quality=major ❌  | root=None ❌  | joint=None ❌
    [  56/192] dom7        root=E4   same_instrumentation=True  quality_only  quality=major ❌  | root=None ❌  | joint=None ❌
    [  57/192] dom7        root=A4   same_instrumentation=True  quality_only  quality=major ❌  | root=None ❌  | joint=None ❌
    [  58/192] m7b5        root=F#1  same_instrumentation=False quality_only  quality=augmented ❌  | root=None ❌  | joint=None ❌
    [  59/192] dom7        root=G5   same_instrumentation=True  quality_only  quality=major ❌  | root=None ❌  | joint=None ❌
    [  60/192] m7b5        root=G2   same_instrumentation=False quality_only  quality=major ❌  | root=None ❌  | joint=None ❌
    [  61/192] m7b5        root=C2   same_instrumentation=False quality_only  quality=m7b5 ✅  | root=None ❌  | joint=None ❌
    [  62/192] m7b5        root=C3   same_instrumentation=False quality_only  quality=sus4 ❌  | root=None ❌  | joint=None ❌
    [  63/192] m7b5        root=F#3  same_instrumentation=False quality_only  quality=major ❌  | root=None ❌  | joint=None ❌
    [  64/192] m7b5        root=C4   same_instrumentation=False quality_only  quality=major ❌  | root=None ❌  | joint=None ❌
    [  65/192] m7b5        root=E4   same_instrumentation=False quality_only  quality=maj7 ❌  | root=None ❌  | joint=None ❌
    [  66/192] m7b5        root=A4   same_instrumentation=False quality_only  quality=major ❌  | root=None ❌  | joint=None ❌
    [  67/192] m7b5        root=G5   same_instrumentation=False quality_only  quality=major ❌  | root=None ❌  | joint=None ❌
    [  68/192] m7b5        root=F#1  same_instrumentation=True  quality_only  quality=maj7 ❌  | root=None ❌  | joint=None ❌
    [  69/192] m7b5        root=C2   same_instrumentation=True  quality_only  quality=maj7 ❌  | root=None ❌  | joint=None ❌
    [  70/192] m7b5        root=G2   same_instrumentation=True  quality_only  quality=major ❌  | root=None ❌  | joint=None ❌
    [  71/192] m7b5        root=C3   same_instrumentation=True  quality_only  quality=major ❌  | root=None ❌  | joint=None ❌
    [  72/192] m7b5        root=F#3  same_instrumentation=True  quality_only  quality=maj7 ❌  | root=None ❌  | joint=None ❌
    [  73/192] m7b5        root=C4   same_instrumentation=True  quality_only  quality=major ❌  | root=None ❌  | joint=None ❌
    [  74/192] m7b5        root=E4   same_instrumentation=True  quality_only  quality=major ❌  | root=None ❌  | joint=None ❌
    [  75/192] m7b5        root=A4   same_instrumentation=True  quality_only  quality=maj7 ❌  | root=None ❌  | joint=None ❌
    [  76/192] m7b5        root=G5   same_instrumentation=True  quality_only  quality=major ❌  | root=None ❌  | joint=None ❌
    [  77/192] maj7        root=F#1  same_instrumentation=False quality_only  quality=major ❌  | root=None ❌  | joint=None ❌
    [  78/192] maj7        root=C2   same_instrumentation=False quality_only  quality=augmented ❌  | root=None ❌  | joint=None ❌
    [  79/192] maj7        root=G2   same_instrumentation=False quality_only  quality=major ❌  | root=None ❌  | joint=None ❌
    [  80/192] maj7        root=C3   same_instrumentation=False quality_only  quality=major ❌  | root=None ❌  | joint=None ❌
    [  81/192] maj7        root=F#3  same_instrumentation=False quality_only  quality=major ❌  | root=None ❌  | joint=None ❌
    [  82/192] maj7        root=E4   same_instrumentation=False quality_only  quality=major ❌  | root=None ❌  | joint=None ❌
    [  83/192] maj7        root=C4   same_instrumentation=False quality_only  quality=major ❌  | root=None ❌  | joint=None ❌
    [  84/192] maj7        root=A4   same_instrumentation=False quality_only  quality=augmented ❌  | root=None ❌  | joint=None ❌
    [  85/192] maj7        root=G5   same_instrumentation=False quality_only  quality=maj7 ✅  | root=None ❌  | joint=None ❌
    [  86/192] maj7        root=C2   same_instrumentation=True  quality_only  quality=maj7 ✅  | root=None ❌  | joint=None ❌
    [  87/192] maj7        root=F#1  same_instrumentation=True  quality_only  quality=augmented ❌  | root=None ❌  | joint=None ❌
    [  88/192] maj7        root=G2   same_instrumentation=True  quality_only  quality=major ❌  | root=None ❌  | joint=None ❌
    [  89/192] maj7        root=C3   same_instrumentation=True  quality_only  quality=maj7 ✅  | root=None ❌  | joint=None ❌
    [  90/192] maj7        root=F#3  same_instrumentation=True  quality_only  quality=major ❌  | root=None ❌  | joint=None ❌
    [  91/192] maj7        root=C4   same_instrumentation=True  quality_only  quality=major ❌  | root=None ❌  | joint=None ❌
    [  92/192] maj7        root=E4   same_instrumentation=True  quality_only  quality=maj7 ✅  | root=None ❌  | joint=None ❌
    [  93/192] maj7        root=A4   same_instrumentation=True  quality_only  quality=augmented ❌  | root=None ❌  | joint=None ❌
    [  94/192] maj7        root=G5   same_instrumentation=True  quality_only  quality=major ❌  | root=None ❌  | joint=None ❌
    [  95/192] major       root=F#1  same_instrumentation=False quality_only  quality=major ✅  | root=None ❌  | joint=None ❌
    [  96/192] major       root=C2   same_instrumentation=False quality_only  quality=maj7 ❌  | root=None ❌  | joint=None ❌
    [  97/192] major       root=G2   same_instrumentation=False quality_only  quality=augmented ❌  | root=None ❌  | joint=None ❌
    [  98/192] major       root=C3   same_instrumentation=False quality_only  quality=major ✅  | root=None ❌  | joint=None ❌
    [  99/192] major       root=F#3  same_instrumentation=False quality_only  quality=major ✅  | root=None ❌  | joint=None ❌
    [ 100/192] major       root=C4   same_instrumentation=False quality_only  quality=major ✅  | root=None ❌  | joint=None ❌
    [ 101/192] major       root=E4   same_instrumentation=False quality_only  quality=sus4 ❌  | root=None ❌  | joint=None ❌
    [ 102/192] major       root=A4   same_instrumentation=False quality_only  quality=sus4 ❌  | root=None ❌  | joint=None ❌
    [ 103/192] major       root=G5   same_instrumentation=False quality_only  quality=major ✅  | root=None ❌  | joint=None ❌
    [ 104/192] major       root=E6   same_instrumentation=False quality_only  quality=augmented ❌  | root=None ❌  | joint=None ❌
    [ 105/192] major       root=C2   same_instrumentation=True  quality_only  quality=major ✅  | root=None ❌  | joint=None ❌
    [ 106/192] major       root=F#1  same_instrumentation=True  quality_only  quality=m7b5 ❌  | root=None ❌  | joint=None ❌
    [ 107/192] major       root=G2   same_instrumentation=True  quality_only  quality=maj7 ❌  | root=None ❌  | joint=None ❌
    [ 108/192] major       root=C3   same_instrumentation=True  quality_only  quality=augmented ❌  | root=None ❌  | joint=None ❌
    [ 109/192] major       root=F#3  same_instrumentation=True  quality_only  quality=major ✅  | root=None ❌  | joint=None ❌
    [ 110/192] major       root=C4   same_instrumentation=True  quality_only  quality=major ✅  | root=None ❌  | joint=None ❌
    [ 111/192] major       root=E4   same_instrumentation=True  quality_only  quality=major ✅  | root=None ❌  | joint=None ❌
    [ 112/192] major       root=A4   same_instrumentation=True  quality_only  quality=major ✅  | root=None ❌  | joint=None ❌
    [ 113/192] major       root=G5   same_instrumentation=True  quality_only  quality=major ✅  | root=None ❌  | joint=None ❌
    [ 114/192] major       root=E6   same_instrumentation=True  quality_only  quality=major ✅  | root=None ❌  | joint=None ❌
    [ 115/192] min7        root=C2   same_instrumentation=False quality_only  quality=major ❌  | root=None ❌  | joint=None ❌
    [ 116/192] min7        root=F#1  same_instrumentation=False quality_only  quality=major ❌  | root=None ❌  | joint=None ❌
    [ 117/192] min7        root=G2   same_instrumentation=False quality_only  quality=major ❌  | root=None ❌  | joint=None ❌
    [ 118/192] min7        root=C3   same_instrumentation=False quality_only  quality=major ❌  | root=None ❌  | joint=None ❌
    [ 119/192] min7        root=F#3  same_instrumentation=False quality_only  quality=major ❌  | root=None ❌  | joint=None ❌
    [ 120/192] min7        root=C4   same_instrumentation=False quality_only  quality=major ❌  | root=None ❌  | joint=None ❌
    [ 121/192] min7        root=E4   same_instrumentation=False quality_only  quality=major ❌  | root=None ❌  | joint=None ❌
    [ 122/192] min7        root=A4   same_instrumentation=False quality_only  quality=maj7 ❌  | root=None ❌  | joint=None ❌
    [ 123/192] min7        root=G5   same_instrumentation=False quality_only  quality=major ❌  | root=None ❌  | joint=None ❌
    [ 124/192] min7        root=C2   same_instrumentation=True  quality_only  quality=maj7 ❌  | root=None ❌  | joint=None ❌
    [ 125/192] min7        root=F#1  same_instrumentation=True  quality_only  quality=m7b5 ❌  | root=None ❌  | joint=None ❌
    [ 126/192] min7        root=G2   same_instrumentation=True  quality_only  quality=major ❌  | root=None ❌  | joint=None ❌
    [ 127/192] min7        root=C3   same_instrumentation=True  quality_only  quality=major ❌  | root=None ❌  | joint=None ❌
    [ 128/192] min7        root=F#3  same_instrumentation=True  quality_only  quality=major ❌  | root=None ❌  | joint=None ❌
    [ 129/192] min7        root=C4   same_instrumentation=True  quality_only  quality=major ❌  | root=None ❌  | joint=None ❌
    [ 130/192] min7        root=E4   same_instrumentation=True  quality_only  quality=maj7 ❌  | root=None ❌  | joint=None ❌
    [ 131/192] min7        root=A4   same_instrumentation=True  quality_only  quality=major ❌  | root=None ❌  | joint=None ❌
    [ 132/192] min7        root=G5   same_instrumentation=True  quality_only  quality=augmented ❌  | root=None ❌  | joint=None ❌
    [ 133/192] minor       root=F#1  same_instrumentation=False quality_only  quality=augmented ❌  | root=None ❌  | joint=None ❌
    [ 134/192] minor       root=C2   same_instrumentation=False quality_only  quality=augmented ❌  | root=None ❌  | joint=None ❌
    [ 135/192] minor       root=G2   same_instrumentation=False quality_only  quality=major ❌  | root=None ❌  | joint=None ❌
    [ 136/192] minor       root=C3   same_instrumentation=False quality_only  quality=major ❌  | root=None ❌  | joint=None ❌
    [ 137/192] minor       root=F#3  same_instrumentation=False quality_only  quality=major ❌  | root=None ❌  | joint=None ❌
    [ 138/192] minor       root=C4   same_instrumentation=False quality_only  quality=major ❌  | root=None ❌  | joint=None ❌
    [ 139/192] minor       root=E4   same_instrumentation=False quality_only  quality=maj7 ❌  | root=None ❌  | joint=None ❌
    [ 140/192] minor       root=A4   same_instrumentation=False quality_only  quality=maj7 ❌  | root=None ❌  | joint=None ❌
    [ 141/192] minor       root=G5   same_instrumentation=False quality_only  quality=major ❌  | root=None ❌  | joint=None ❌
    [ 142/192] minor       root=E6   same_instrumentation=False quality_only  quality=major ❌  | root=None ❌  | joint=None ❌
    [ 143/192] minor       root=C2   same_instrumentation=True  quality_only  quality=major ❌  | root=None ❌  | joint=None ❌
    [ 144/192] minor       root=F#1  same_instrumentation=True  quality_only  quality=m7b5 ❌  | root=None ❌  | joint=None ❌
    [ 145/192] minor       root=G2   same_instrumentation=True  quality_only  quality=major ❌  | root=None ❌  | joint=None ❌
    [ 146/192] minor       root=C3   same_instrumentation=True  quality_only  quality=augmented ❌  | root=None ❌  | joint=None ❌
    [ 147/192] minor       root=F#3  same_instrumentation=True  quality_only  quality=major ❌  | root=None ❌  | joint=None ❌
    [ 148/192] minor       root=C4   same_instrumentation=True  quality_only  quality=major ❌  | root=None ❌  | joint=None ❌
    [ 149/192] minor       root=E4   same_instrumentation=True  quality_only  quality=major ❌  | root=None ❌  | joint=None ❌
    [ 150/192] minor       root=A4   same_instrumentation=True  quality_only  quality=None ❌  | root=None ❌  | joint=None ❌
    [ 151/192] minor       root=G5   same_instrumentation=True  quality_only  quality=major ❌  | root=None ❌  | joint=None ❌
    [ 152/192] minor       root=E6   same_instrumentation=True  quality_only  quality=major ❌  | root=None ❌  | joint=None ❌
    [ 153/192] sus2        root=F#1  same_instrumentation=False quality_only  quality=major ❌  | root=None ❌  | joint=None ❌
    [ 154/192] sus2        root=C2   same_instrumentation=False quality_only  quality=major ❌  | root=None ❌  | joint=None ❌
    [ 155/192] sus2        root=G2   same_instrumentation=False quality_only  quality=maj7 ❌  | root=None ❌  | joint=None ❌
    [ 156/192] sus2        root=C3   same_instrumentation=False quality_only  quality=augmented ❌  | root=None ❌  | joint=None ❌
    [ 157/192] sus2        root=F#3  same_instrumentation=False quality_only  quality=minor ❌  | root=None ❌  | joint=None ❌
    [ 158/192] sus2        root=E4   same_instrumentation=False quality_only  quality=major ❌  | root=None ❌  | joint=None ❌
    [ 159/192] sus2        root=C4   same_instrumentation=False quality_only  quality=sus4 ❌  | root=None ❌  | joint=None ❌
    [ 160/192] sus2        root=G5   same_instrumentation=False quality_only  quality=major ❌  | root=None ❌  | joint=None ❌
    [ 161/192] sus2        root=A4   same_instrumentation=False quality_only  quality=maj7 ❌  | root=None ❌  | joint=None ❌
    [ 162/192] sus2        root=E6   same_instrumentation=False quality_only  quality=major ❌  | root=None ❌  | joint=None ❌
    [ 163/192] sus2        root=F#1  same_instrumentation=True  quality_only  quality=augmented ❌  | root=None ❌  | joint=None ❌
    [ 164/192] sus2        root=C2   same_instrumentation=True  quality_only  quality=augmented ❌  | root=None ❌  | joint=None ❌
    [ 165/192] sus2        root=G2   same_instrumentation=True  quality_only  quality=maj7 ❌  | root=None ❌  | joint=None ❌
    [ 166/192] sus2        root=F#3  same_instrumentation=True  quality_only  quality=major ❌  | root=None ❌  | joint=None ❌
    [ 167/192] sus2        root=C3   same_instrumentation=True  quality_only  quality=maj7 ❌  | root=None ❌  | joint=None ❌
    [ 168/192] sus2        root=C4   same_instrumentation=True  quality_only  quality=major ❌  | root=None ❌  | joint=None ❌
    [ 169/192] sus2        root=E4   same_instrumentation=True  quality_only  quality=maj7 ❌  | root=None ❌  | joint=None ❌
    [ 170/192] sus2        root=A4   same_instrumentation=True  quality_only  quality=major ❌  | root=None ❌  | joint=None ❌
    [ 171/192] sus2        root=G5   same_instrumentation=True  quality_only  quality=major ❌  | root=None ❌  | joint=None ❌
    [ 172/192] sus2        root=E6   same_instrumentation=True  quality_only  quality=maj7 ❌  | root=None ❌  | joint=None ❌
    [ 173/192] sus4        root=F#1  same_instrumentation=False quality_only  quality=m7b5 ❌  | root=None ❌  | joint=None ❌
    [ 174/192] sus4        root=C2   same_instrumentation=False quality_only  quality=m7b5 ❌  | root=None ❌  | joint=None ❌
    [ 175/192] sus4        root=G2   same_instrumentation=False quality_only  quality=maj7 ❌  | root=None ❌  | joint=None ❌
    [ 176/192] sus4        root=C3   same_instrumentation=False quality_only  quality=major ❌  | root=None ❌  | joint=None ❌
    [ 177/192] sus4        root=F#3  same_instrumentation=False quality_only  quality=major ❌  | root=None ❌  | joint=None ❌
    [ 178/192] sus4        root=C4   same_instrumentation=False quality_only  quality=major ❌  | root=None ❌  | joint=None ❌
    [ 179/192] sus4        root=E4   same_instrumentation=False quality_only  quality=maj7 ❌  | root=None ❌  | joint=None ❌
    [ 180/192] sus4        root=A4   same_instrumentation=False quality_only  quality=maj7 ❌  | root=None ❌  | joint=None ❌
    [ 181/192] sus4        root=G5   same_instrumentation=False quality_only  quality=major ❌  | root=None ❌  | joint=None ❌
    [ 182/192] sus4        root=E6   same_instrumentation=False quality_only  quality=major ❌  | root=None ❌  | joint=None ❌
    [ 183/192] sus4        root=F#1  same_instrumentation=True  quality_only  quality=augmented ❌  | root=None ❌  | joint=None ❌
    [ 184/192] sus4        root=C2   same_instrumentation=True  quality_only  quality=m7b5 ❌  | root=None ❌  | joint=None ❌
    [ 185/192] sus4        root=G2   same_instrumentation=True  quality_only  quality=m7b5 ❌  | root=None ❌  | joint=None ❌
    [ 186/192] sus4        root=C3   same_instrumentation=True  quality_only  quality=maj7 ❌  | root=None ❌  | joint=None ❌
    [ 187/192] sus4        root=F#3  same_instrumentation=True  quality_only  quality=maj7 ❌  | root=None ❌  | joint=None ❌
    [ 188/192] sus4        root=E4   same_instrumentation=True  quality_only  quality=maj7 ❌  | root=None ❌  | joint=None ❌
    [ 189/192] sus4        root=C4   same_instrumentation=True  quality_only  quality=m7b5 ❌  | root=None ❌  | joint=None ❌
    [ 190/192] sus4        root=G5   same_instrumentation=True  quality_only  quality=major ❌  | root=None ❌  | joint=None ❌
    [ 191/192] sus4        root=A4   same_instrumentation=True  quality_only  quality=major ❌  | root=None ❌  | joint=None ❌
    [ 192/192] sus4        root=E6   same_instrumentation=True  quality_only  quality=major ❌  | root=None ❌  | joint=None ❌

============================================================
SUMMARY — audio_flamingo_next_instruct
  Sampling     : 192 of 7296 (stratified by '(chord_quality_gt, same_instrument, root_midi)', seed=42)
  Stimuli (total)     : 192
  Stimuli (condition) : 192  (all records)

      Metric   Accuracy
  ───────────────────────
     QUALITY       9.9%
        ROOT       0.0%
       JOINT       0.0%

Results saved → results/run_20260506_053722/pitchbench_c3_chord_quality/run_001_20260506_060531/results_audio_flamingo_next_instruct.*

############################################################
# pitchbench_c4_chord_pitches
############################################################

Experiment : pitchbench_c4_chord_pitches
Models     : audio_flamingo_next_instruct
Stimuli    : 200
  Sampling     : 200 of 3800 (stratified by '(chord_type, n_notes, root_midi)', seed=42)

  Model : Audio Flamingo Next – instruct
    [dispatch] 200 items, max_workers=2
    [   1/200] dyad_M2      r=F#1 triangle      midi=[48, 53, 60, 72] ❌  | spn=['C3', 'D3', 'F3', 'A2', 'B2'] ❌  | doremi=['do', 'do', 'do'] ❌  | hz=[30, 35, 39, 44, 48, 52, 55, 57, 59, 61, 63, 64, 66, 67, 69, 70, 71, 72, 73] ❌
    [   2/200] dyad_M2      r=C2  sine          midi=[24, 36, 51, 78] ❌  | spn=['C3', 'D3', 'F3', 'A2', 'B2'] ❌  | doremi=['do', 'mi', 'sol'] ❌  | hz=[30, 35, 39, 44, 48, 52, 55, 57, 59, 61, 63, 65, 66, 68, 69, 70, 71, 72, 73] ❌
    [   3/200] dyad_M2      r=C3  flute         midi=[48, 53, 60, 72] ❌  | spn=['C3', 'D3', 'F3', 'A2', 'B2'] ❌  | doremi=['do', 'mi', 'sol'] ❌  | hz=[30, 34, 36, 38, 40, 41, 43] ❌
    [   4/200] dyad_M2      r=F#3 flute         midi=[48, 50, 63] ❌  | spn=['C3', 'D3', 'F3', 'A2', 'B2'] ❌  | doremi=['do', 'mi', 'sol'] ❌  | hz=[30, 34, 36, 38, 40, 41, 43] ❌
    [   5/200] dyad_M2      r=G2  trumpet       midi=[35, 42, 60] ❌  | spn=['C3', 'D3', 'F3', 'A2', 'B2'] ❌  | doremi=['do', 'mi', 'sol'] ❌  | hz=[30, 35, 39, 41, 44, 46, 49, 51, 53, 55, 57, 59, 61, 63, 65, 67, 69, 70, 72] ❌
    [   6/200] dyad_M2      r=C4  piano         midi=[48, 52, 60, 71] ❌  | spn=['C#5', 'D5', 'F#6', 'A#3', 'B4'] ❌  | doremi=['do', 'mi', 'sol'] ❌  | hz=[70, 72, 74, 76, 77, 79] ❌
    [   7/200] dyad_M2      r=E4  triangle      midi=[63, 70, 82] ❌  | spn=['C5', 'D5', 'F5', 'A4', 'B4'] ❌  | doremi=['do', 'mi', 'sol'] ❌  | hz=[70, 72, 74, 76, 78, 79] ❌
    [   8/200] dyad_M2      r=G5  square        midi=[63, 70, 82] ❌  | spn=['C5', 'D5', 'F5', 'A3', 'B4'] ❌  | doremi=['do', 'mi', 'sol'] ❌  | hz=[70, 72, 74, 76, 78, 79, 81, 83] ❌
    [   9/200] dyad_M2      r=E6  voice         midi=[65, 70, 82] ❌  | spn=['C5', 'D5', 'F5', 'A3', 'B4'] ❌  | doremi=['do', 'mi', 'sol'] ❌  | hz=[70, 72, 74, 76, 78, 79] ❌
    [  10/200] dyad_M2      r=A4  synth_pad     midi=[61, 73, 80] ❌  | spn=['C5', 'D5', 'F5', 'A3', 'B4'] ❌  | doremi=['do', 'mi', 'sol'] ❌  | hz=[30, 39, 46, 51, 55, 58, 61, 63, 65, 67, 69, 70, 72, 73, 75, 76, 77, 79, 80, 81, 82, 83] ❌
    [  11/200] dyad_M3      r=C2  sawtooth      midi=[48, 52, 60, 71, 73, 79] ❌  | spn=['C3', 'D3', 'F3', 'A2', 'B2'] ❌  | doremi=['do', 'do', 'do'] ❌  | hz=[30, 41, 50, 57, 64, 69, 73, 76, 79, 81] ❌
    [  12/200] dyad_M3      r=F#1 cello         midi=[26, 31, 40, 58, 79] ❌  | spn=['C3', 'D3', 'F3', 'A2', 'B2'] ❌  | doremi=['do', 'mi', 'sol'] ❌  | hz=[30, 34, 36, 38, 40, 41, 42, 43, 44, 45, 46, 47, 48, 49, 49, 50, 51, 51, 52, 13] ❌
    [  13/200] dyad_M3      r=G2  sine          midi=[48, 50, 63] ❌  | spn=['C3', 'D3', 'F3', 'A2', 'B2'] ❌  | doremi=['do', 'mi', 'sol'] ❌  | hz=[30, 39, 45, 50, 54, 57, 60, 64, 67, 69, 72, 74, 76, 78, 80, 81, 82, 83] ❌
    [  14/200] dyad_M3      r=C3  square        midi=[48, 52, 60, 71] ❌  | spn=['C3', 'D3', 'F#3', 'A2', 'B2'] ❌  | doremi=['do', 'mi', 'sol'] ❌  | hz=[30, 41, 50, 57, 64, 69, 73, 76, 79, 81] ❌
    [  15/200] dyad_M3      r=F#3 guitar        midi=[48, 53, 61] ❌  | spn=['C5', 'D5', 'F5', 'A3', 'B4'] ❌  | doremi=['do', 'mi', 'sol'] ❌  | hz=[70, 72, 74, 76, 78, 79] ❌
    [  16/200] dyad_M3      r=C4  flute         midi=[60, 72, 84] ❌  | spn=['C3', 'D3', 'F#3', 'A2', 'B2'] ❌  | doremi=['do', 'mi', 'sol'] ❌  | hz=[30, 34, 36, 38, 40, 41] ❌
    [  17/200] dyad_M3      r=E4  synth_lead    midi=[60, 72, 84] ❌  | spn=['C3', 'D3', 'F#3', 'A2', 'B2'] ❌  | doremi=['do', 'mi', 'sol'] ❌  | hz=[70, 72, 74, 76] ❌
    [  18/200] dyad_M3      r=G5  synth_pad     midi=[64, 71, 80] ❌  | spn=['C5', 'D5', 'F5', 'A4', 'B3'] ❌  | doremi=['do', 'mi', 'sol'] ❌  | hz=[70, 72, 74, 76, 78, 79, 81] ❌
    [  19/200] dyad_M3      r=A4  sine          midi=[67, 81, 95] ❌  | spn=['C3', 'D3', 'F3', 'A2', 'B2'] ❌  | doremi=['do', 'mi', 'sol'] ❌  | hz=[30, 41, 50, 55, 60, 63, 66, 68, 71, 72, 74, 76, 77, 79, 80, 81, 82, 83] ❌
    [  20/200] dyad_M3      r=E6  guitar        midi=[68, 71, 73] ❌  | spn=['C5', 'D5', 'F5', 'A4', 'B4'] ❌  | doremi=[] ❌  | hz=[70, 72, 74] ❌
    [  21/200] dyad_M6      r=F#1 synth_pad     midi=[48, 53, 60, 72] ❌  | spn=['C3', 'D3', 'F#3', 'A2', 'B2'] ❌  | doremi=['do', 'mi', 'sol'] ❌  | hz=[30, 34, 36, 38, 40, 41, 42, 43] ❌
    [  22/200] dyad_M6      r=C2  cello         midi=[36, 41, 50, 57, 62] ❌  | spn=['C3', 'D3', 'F3', 'A2', 'B2'] ❌  | doremi=['do', 'mi', 'sol'] ❌  | hz=[30, 34, 36, 38, 40, 41, 43] ❌
    [  23/200] dyad_M6      r=G2  flute         midi=[41, 53, 68] ❌  | spn=['C3', 'D3', 'F3', 'A2', 'B2'] ❌  | doremi=['do', 'mi', 'sol'] ❌  | hz=[30, 34, 36, 38, 40, 41, 42, 43] ❌
    [  24/200] dyad_M6      r=F#3 voice         midi=[54, 61, 70] ❌  | spn=['C3', 'D3', 'F#3', 'A2', 'B2'] ❌  | doremi=['do', 'mi', 'sol'] ❌  | hz=[30, 34, 36, 38, 40, 41, 43] ❌
    [  25/200] dyad_M6      r=C3  organ         midi=[48, 56, 71, 73] ❌  | spn=['C3', 'D3', 'F#3', 'A2', 'B2'] ❌  | doremi=['do', 'mi', 'sol'] ❌  | hz=[31, 36, 40, 43, 46, 49, 51, 53, 55, 56, 58, 60, 61, 63, 64, 65, 66, 67, 68, 69, 70, 31] ❌
    [  26/200] dyad_M6      r=C4  trumpet       midi=[60, 72, 84] ❌  | spn=['C5', 'D5', 'F5', 'A3'] ❌  | doremi=['do', 'mi', 'sol'] ❌  | hz=[70, 72, 74] ❌
    [  27/200] dyad_M6      r=E4  sine          midi=[48, 56, 71] ❌  | spn=['C3', 'D3', 'F3', 'A2', 'B2'] ❌  | doremi=['do', 'mi', 'sol'] ❌  | hz=[30, 41, 50, 57, 64, 69, 73, 76, 79, 81] ❌
    [  28/200] dyad_M6      r=G5  cello         midi=[67, 80, 84] ❌  | spn=['C5', 'D5', 'F5', 'A3', 'B4'] ❌  | doremi=[] ❌  | hz=[70, 72, 74, 76, 77, 79] ❌
    [  29/200] dyad_M6      r=A4  electric_keyboard  midi=[69, 72, 81] ❌  | spn=['A3', 'B3', 'D4', 'F#3', 'A2'] ❌  | doremi=['do', 'mi', 'sol'] ❌  | hz=[30, 39, 46, 50, 53, 56, 58, 60, 62, 64, 66, 67, 68, 69, 71, 72, 73, 74, 74, 75, 76, 77] ❌
    [  30/200] dyad_M6      r=E6  clarinet      midi=[64, 72, 80] ❌  | spn=['C5', 'D5', 'F5', 'A3', 'B4'] ❌  | doremi=['do', 'mi', 'sol'] ❌  | hz=[70, 72, 74, 76, 78, 79] ❌
    [  31/200] dyad_M7      r=F#1 trumpet       midi=[28, 31, 34] ❌  | spn=['C3', 'D3', 'F3', 'A2', 'B2'] ❌  | doremi=['do', 'mi', 'sol'] ❌  | hz=[22, 30, 35, 37, 39, 41, 42, 44, 45, 46, 47, 48, 49, 50, 51, 52, 53, 54, 55, 56] ❌
    [  32/200] dyad_M7      r=C2  piano         midi=[46, 58, 70] ❌  | spn=['C3', 'D3', 'F#3', 'A2', 'B2'] ❌  | doremi=['do', 'mi', 'sol'] ❌  | hz=[30, 35, 38, 41, 44, 46, 48, 50, 52, 54, 56, 57, 59, 60, 62, 63, 64, 65, 66] ❌
    [  33/200] dyad_M7      r=G2  guitar        midi=[48, 53, 60, 72] ❌  | spn=['C3', 'D3', 'F#3', 'A2', 'B2'] ❌  | doremi=['do', 'mi', 'sol'] ❌  | hz=[70, 72, 74, 76, 78, 79] ❌
    [  34/200] dyad_M7      r=C3  clarinet      midi=[48, 56, 71] ❌  | spn=['C3', 'D3', 'F3', 'A2', 'B2'] ❌  | doremi=['do', 'mi', 'sol'] ❌  | hz=[30, 35, 39, 44, 48, 51, 54, 56, 58, 60, 62, 63, 65, 66, 67, 68, 70, 71, 72] ❌
    [  35/200] dyad_M7      r=F#3 triangle      midi=[48, 56, 71] ❌  | spn=['C3', 'D3', 'F3', 'A2', 'B2'] ❌  | doremi=['do', 'mi', 'sol'] ❌  | hz=[30, 39, 45, 50, 55, 59, 62, 65, 67, 69, 71, 73, 74, 76, 77, 78, 79, 81, 82, 83] ❌
    [  36/200] dyad_M7      r=E4  violin        midi=[63, 67, 70, 75] ❌  | spn=['C5', 'D5', 'F5', 'A3'] ❌  | doremi=[] ❌  | hz=[71, 73, 75] ❌
    [  37/200] dyad_M7      r=C4  square        midi=[48, 56, 71] ❌  | spn=['C3', 'D3', 'F3', 'A2', 'B2'] ❌  | doremi=['do', 'mi', 'sol'] ❌  | hz=[70, 72, 74, 76, 78, 79] ❌
    [  38/200] dyad_M7      r=G5  oboe          midi=[70, 69, 71] ❌  | spn=['C5', 'D5', 'F5', 'A3', 'B4'] ❌  | doremi=['do', 'mi', 'sol'] ❌  | hz=[79, 80, 82] ❌
    [  39/200] dyad_M7      r=A4  triangle      midi=[69, 71, 82] ❌  | spn=['C3', 'D3', 'F3', 'A2', 'B2'] ❌  | doremi=['do', 'mi', 'sol'] ❌  | hz=[30, 41, 50, 57, 64, 69, 73, 76, 79, 81, 83] ❌
    [  40/200] dyad_M7      r=E6  oboe          midi=[60, 72, 84] ❌  | spn=['C3', 'D3', 'F3', 'A2', 'B2'] ❌  | doremi=['do', 'mi', 'sol'] ❌  | hz=[70, 72, 74, 76, 78, 79, 81, 83] ❌
    [  41/200] dyad_m2      r=C2  sawtooth      midi=[48, 53, 60, 72] ❌  | spn=['C3', 'D3', 'F3', 'A2', 'B2'] ❌  | doremi=['do', 'do', 'do'] ❌  | hz=[30, 41, 50, 57, 64, 69, 73, 76, 79, 81] ❌
    [  42/200] dyad_m2      r=F#1 trumpet       midi=[32, 40, 56] ❌  | spn=['C3', 'D3', 'F3', 'A2', 'B2'] ❌  | doremi=['do', 'mi', 'sol'] ❌  | hz=[30, 35, 38, 40, 41, 42, 43, 44, 45, 46, 47, 47, 48, 48, 49, 49, 50, 50, 50] ❌
    [  43/200] dyad_m2      r=G2  organ         midi=[48, 56, 71, 73, 79] ❌  | spn=['C3', 'D3', 'F#3', 'A2', 'B2'] ❌  | doremi=['do', 'mi', 'sol'] ❌  | hz=[30, 34, 36, 38, 40, 41, 42, 43] ❌
    [  44/200] dyad_m2      r=C3  synth_pad     midi=[48, 56, 71, 73, 79] ❌  | spn=['C3', 'D3', 'F#3', 'A2', 'B2'] ❌  | doremi=['do', 'mi', 'sol'] ❌  | hz=[30, 41, 50, 57, 64, 69, 73, 76, 79, 81] ❌
    [  45/200] dyad_m2      r=F#3 triangle      midi=[48, 56, 71] ❌  | spn=['C3', 'D3', 'F3', 'A2', 'B2'] ❌  | doremi=['do', 'mi', 'sol'] ❌  | hz=[30, 39, 45, 50, 54, 57, 60, 64, 67, 69, 72, 74, 76, 78, 80, 81, 82, 83] ❌
    [  46/200] dyad_m2      r=C4  violin        midi=[48, 56, 63, 71, 79] ❌  | spn=['C3', 'D3', 'F3', 'A2', 'B2'] ❌  | doremi=['do', 'mi', 'sol'] ❌  | hz=[30, 41, 50, 55, 59, 62, 65, 67, 69, 71, 73, 74, 76, 77, 78, 79, 80, 81, 82] ❌
    [  47/200] dyad_m2      r=E4  square        midi=[48, 56, 71] ❌  | spn=['C3', 'D3', 'F#3', 'A2', 'B2'] ❌  | doremi=['do', 'mi', 'sol'] ❌  | hz=[30, 41, 50, 57, 64, 69, 73, 76, 79, 81] ❌
    [  48/200] dyad_m2      r=G5  trombone      midi=[70, 69, 68] ❌  | spn=['C5', 'D5', 'F5', 'A4', 'B3'] ❌  | doremi=['do', 'mi', 'sol'] ❌  | hz=[70, 72, 74] ❌
    [  49/200] dyad_m2      r=E6  oboe          midi=[64, 72, 80] ❌  | spn=['C5', 'D5', 'F5', 'A3', 'B4'] ❌  | doremi=['do', 'mi', 'sol'] ❌  | hz=[69, 72, 74, 76] ❌
    [  50/200] dyad_m2      r=A4  synth_pad     midi=[49, 52, 61, 70] ❌  | spn=['C5', 'D5', 'F5', 'A3', 'B4'] ❌  | doremi=['do', 'mi', 'sol'] ❌  | hz=[30, 39, 46, 51, 55, 58, 61, 63, 65, 67, 69, 70, 72, 73, 74, 75, 76, 77, 78, 79, 80, 81] ❌
    [  51/200] dyad_m3      r=F#1 voice         midi=[48, 52, 60, 71] ❌  | spn=['C3', 'D3', 'F3', 'A2', 'B2'] ❌  | doremi=['do', 'do', 'do', 'do'] ❌  | hz=[30, 41, 50, 57, 64, 69, 73, 76, 79, 81] ❌
    [  52/200] dyad_m3      r=G2  square        midi=[48, 52, 60, 71, 73, 79] ❌  | spn=['C3', 'D3', 'F3', 'A2', 'B2'] ❌  | doremi=['do', 'mi', 'sol'] ❌  | hz=[30, 41, 50, 57, 64, 69, 73, 76, 79, 81] ❌
    [  53/200] dyad_m3      r=C2  guitar        midi=[46, 58, 70] ❌  | spn=['C3', 'D3', 'F#3', 'A2', 'B2'] ❌  | doremi=['do', 'mi', 'sol'] ❌  | hz=[30, 34, 36, 38, 40, 41, 42, 43, 44, 45, 46, 47, 48, 49, 49, 50, 51, 51, 52, 13] ❌
    [  54/200] dyad_m3      r=F#3 flute         midi=[48, 51, 63] ❌  | spn=['C3', 'D3', 'F3', 'A2', 'B2'] ❌  | doremi=['do', 'mi', 'sol'] ❌  | hz=[30, 34, 36, 38, 40, 41, 43] ❌
    [  55/200] dyad_m3      r=C3  sawtooth      midi=[48, 52, 60, 71] ❌  | spn=['C3', 'D3', 'F3', 'A2', 'B2'] ❌  | doremi=['do', 'mi', 'sol'] ❌  | hz=[30, 41, 50, 57, 64, 69, 73, 76, 79, 81] ❌
    [  56/200] dyad_m3      r=C4  trombone      midi=[60, 72, 84] ❌  | spn=['C3', 'D3', 'F3', 'A2', 'B2'] ❌  | doremi=['do', 'mi', 'sol'] ❌  | hz=[70, 72, 74] ❌
    [  57/200] dyad_m3      r=A4  flute         midi=[69, 71, 73] ❌  | spn=['C5', 'D5', 'F5', 'A3', 'B4'] ❌  | doremi=['do', 'mi', 'sol'] ❌  | hz=[70, 72, 74] ❌
    [  58/200] dyad_m3      r=E4  square        midi=[48, 52, 60, 71] ❌  | spn=['C3', 'D3', 'F#3', 'A2', 'B2'] ❌  | doremi=['do', 'mi', 'sol'] ❌  | hz=[30, 41, 50, 57, 64, 69, 73, 76, 79, 81] ❌
    [  59/200] dyad_m3      r=G5  triangle      midi=[68, 71, 73, 75, 79] ❌  | spn=['C5', 'D5', 'F5', 'A3', 'B4'] ❌  | doremi=['do', 'mi', 'sol'] ❌  | hz=[70, 72, 74, 76, 78, 79, 81] ❌
    [  60/200] dyad_m3      r=E6  violin        midi=[68, 71, 73, 75, 79] ❌  | spn=['C5', 'D5', 'F5', 'A3', 'B4'] ❌  | doremi=[] ❌  | hz=[70, 72, 74, 76, 78, 79] ❌
    [  61/200] dyad_m6      r=F#1 trumpet       midi=[26, 31, 40] ❌  | spn=['C3', 'D3', 'F3', 'A2', 'B2'] ❌  | doremi=['do', 're', 'mi'] ❌  | hz=[22, 30, 35, 39, 42] ❌
    [  62/200] dyad_m6      r=G2  oboe          midi=[36, 41, 50, 57, 62] ❌  | spn=['C3', 'D3', 'F3', 'A2', 'B2'] ❌  | doremi=['do', 'mi', 'sol'] ❌  | hz=[30, 34, 36, 38, 40, 41, 42, 43] ❌
    [  63/200] dyad_m6      r=C2  organ         midi=[48, 56, 71, 73, 79] ❌  | spn=['C3', 'D3', 'F#3', 'A2', 'B2'] ❌  | doremi=['do', 'mi', 'sol'] ❌  | hz=[31, 36, 40, 43, 46, 49, 51, 53, 55, 57, 58, 60, 61, 62, 64, 65, 66, 67, 68, 69, 70, 31] ❌
    [  64/200] dyad_m6      r=C3  electric_keyboard  midi=[48, 50, 61] ❌  | spn=['C3', 'D3', 'F#3', 'A2', 'B2'] ❌  | doremi=['do', 're', 'mi'] ❌  | hz=[30, 34, 36, 38, 40, 41, 43] ❌
    [  65/200] dyad_m6      r=F#3 oboe          midi=[48, 56, 71] ❌  | spn=['C3', 'D3', 'F3', 'A2', 'B2'] ❌  | doremi=['do', 'mi', 'sol'] ❌  | hz=[30, 34, 36, 38, 40, 41] ❌
    [  66/200] dyad_m6      r=C4  oboe          midi=[60, 72, 84] ❌  | spn=['C3', 'D3', 'F3', 'A2', 'B2'] ❌  | doremi=['do', 'mi', 'sol'] ❌  | hz=[70, 72, 74] ❌
    [  67/200] dyad_m6      r=E4  guitar        midi=[63, 70, 75] ❌  | spn=['C5', 'D5', 'F5', 'A3', 'B4'] ❌  | doremi=['do', 'mi', 'sol'] ❌  | hz=[70, 72, 74] ❌
    [  68/200] dyad_m6      r=A4  trumpet       midi=[69, 74, 81] ❌  | spn=['C5', 'D5', 'F5', 'A3'] ❌  | doremi=['do', 'mi', 'sol'] ❌  | hz=[70, 72, 74] ❌
    [  69/200] dyad_m6      r=E6  electric_keyboard  midi=[83, 90, 95] ❌  | spn=['C5', 'D5', 'F5', 'A3', 'B4'] ❌  | doremi=[] ❌  | hz=[81, 81, 82] ❌
    [  70/200] dyad_m6      r=G5  square        midi=[68, 70, 72, 74, 75, 77, 79, 81, 83, 85, 87, 89, 91, 93, 95, 97] ❌  | spn=['C5', 'D5', 'F5', 'A3', 'B4'] ❌  | doremi=['do', 'mi', 'sol'] ❌  | hz=[70, 72, 74, 76, 78, 79, 81] ❌
    [  71/200] dyad_m7      r=F#1 synth_pad     midi=[48, 52, 60, 71] ❌  | spn=['C3', 'D3', 'F#3', 'A2', 'B2'] ❌  | doremi=['do', 'mi', 'sol'] ❌  | hz=[30, 41, 50, 57, 64, 69, 73, 76, 79, 81] ❌
    [  72/200] dyad_m7      r=G2  electric_keyboard  midi=[36, 40, 52] ❌  | spn=['C3', 'D3', 'F#3', 'A2', 'B2'] ❌  | doremi=['do', 're', 'mi'] ❌  | hz=[30, 34, 36, 38, 40, 41, 43] ❌
    [  73/200] dyad_m7      r=C2  flute         midi=[48, 53, 60, 72] ❌  | spn=['C3', 'D3', 'F3', 'A2', 'B2'] ❌  | doremi=['do', 'mi', 'sol'] ❌  | hz=[30, 34, 36, 38, 40, 41, 42, 43, 44, 45, 46, 47, 48, 49, 49, 50, 51, 51, 52, 13] ❌
    [  74/200] dyad_m7      r=F#3 violin        midi=[48, 51, 63] ❌  | spn=['C3', 'D3', 'F#3', 'A2', 'B2'] ❌  | doremi=['do', 'mi', 'sol'] ❌  | hz=[30, 34, 36, 38, 40, 41] ❌
    [  75/200] dyad_m7      r=C4  trumpet       midi=[60, 72, 84] ❌  | spn=['C5', 'D5', 'F5', 'A3'] ❌  | doremi=['do', 'mi', 'sol'] ❌  | hz=[70, 72, 74] ❌
    [  76/200] dyad_m7      r=C3  organ         midi=[48, 56, 71, 73] ❌  | spn=['C3', 'D3', 'F#3', 'A2', 'B2'] ❌  | doremi=['do', 'mi', 'sol'] ❌  | hz=[31, 36, 40, 43, 46, 49, 51, 53, 55, 56, 58, 60, 61, 63, 64, 65, 66, 68, 69, 70, 71, 32] ❌
    [  77/200] dyad_m7      r=A4  flute         midi=[69, 71, 73] ❌  | spn=['C5', 'D5', 'F5', 'A3', 'B4'] ❌  | doremi=['do', 'mi', 'sol'] ❌  | hz=[70, 72, 74] ❌
    [  78/200] dyad_m7      r=E4  synth_pad     midi=[61, 73, 80] ❌  | spn=['C5', 'D5', 'F5', 'A4', 'B3'] ❌  | doremi=['do', 'mi', 'sol'] ❌  | hz=[70, 72, 74, 76, 78, 79, 81] ❌
    [  79/200] dyad_m7      r=G5  clarinet      midi=[67, 72, 80] ❌  | spn=['C5', 'D5', 'F5', 'A3', 'B4'] ❌  | doremi=['do', 'mi', 'sol'] ❌  | hz=[70, 72, 74, 76] ❌
    [  80/200] dyad_m7      r=E6  sawtooth      midi=[62, 70, 81] ❌  | spn=['C5', 'D5', 'F5', 'A3', 'B4'] ❌  | doremi=['do', 'mi', 'sol'] ❌  | hz=[70, 72, 74, 76, 78, 79, 81] ❌
    [  81/200] dyad_oct     r=F#1 flute         midi=[41, 53, 68] ❌  | spn=['C3', 'D3', 'F3', 'A2', 'B2'] ❌  | doremi=['do', 'mi', 'sol'] ❌  | hz=[30, 34, 36, 38, 40, 41, 42] ❌
    [  82/200] dyad_oct     r=C2  sawtooth      midi=[36, 48, 59] ❌  | spn=['C3', 'D3', 'F3', 'A2', 'B2'] ❌  | doremi=['do', 'mi', 'sol'] ❌  | hz=[30, 41, 50, 57, 64, 69, 73, 76, 79, 81] ❌
    [  83/200] dyad_oct     r=G2  clarinet      midi=[43, 50, 62] ❌  | spn=['C3', 'D3', 'F3', 'A2', 'B2'] ❌  | doremi=['do', 'mi', 'sol'] ❌  | hz=[30, 34, 36, 38, 40, 41] ❌
    [  84/200] dyad_oct     r=F#3 trumpet       midi=[54, 61, 70] ❌  | spn=['C5', 'D5', 'F5'] ❌  | doremi=['do', 'mi', 'sol'] ❌  | hz=[70, 72, 74] ❌
    [  85/200] dyad_oct     r=C3  violin        midi=[48, 56, 63] ❌  | spn=['C3', 'D3', 'F3', 'A2', 'B2'] ❌  | doremi=['do', 'mi', 'sol'] ❌  | hz=[30, 41, 50, 57, 64, 69, 72, 76, 79, 81] ❌
    [  86/200] dyad_oct     r=E4  guitar        midi=[40, 56, 72] ❌  | spn=['C5', 'D5', 'F5', 'A3', 'B4'] ❌  | doremi=['do', 'mi', 'sol'] ❌  | hz=[70, 72, 74] ❌
    [  87/200] dyad_oct     r=C4  square        midi=[48, 56, 71] ❌  | spn=['C3', 'D3', 'F3', 'A2', 'B2'] ❌  | doremi=['do', 'mi', 'sol'] ❌  | hz=[30, 41, 50, 57, 64, 69, 73, 76, 79, 81, 83] ❌
    [  88/200] dyad_oct     r=A4  voice         midi=[69, 72, 81] ❌  | spn=['C5', 'D5', 'F5', 'A3', 'B4'] ❌  | doremi=['do', 'mi', 'sol'] ❌  | hz=[70, 72, 74, 76] ❌
    [  89/200] dyad_oct     r=G5  clarinet      midi=[67, 72, 80] ❌  | spn=['C5', 'D5', 'F5', 'A4', 'B3'] ❌  | doremi=['do', 'mi', 'sol'] ❌  | hz=[70, 72, 74, 76] ❌
    [  90/200] dyad_oct     r=E6  guitar        midi=[64, 72, 80] ❌  | spn=['C5', 'D5', 'F5', 'A4', 'B4'] ❌  | doremi=['do'] ❌  | hz=[70, 72, 74] ❌
    [  91/200] dyad_p4      r=F#1 bass          midi=[23, 41, 58, 69, 70, 71] ❌  | spn=['C3', 'D3', 'F3', 'A2', 'B2'] ❌  | doremi=['do', 'mi', 'sol'] ❌  | hz=[30, 34, 36, 38, 40, 41, 42, 43] ❌
    [  92/200] dyad_p4      r=C2  violin        midi=[36, 41, 50, 57, 62] ❌  | spn=['C3', 'D3', 'F3', 'A2', 'B2'] ❌  | doremi=['do', 'mi', 'sol'] ❌  | hz=[30, 34, 36, 38, 40, 42] ❌
    [  93/200] dyad_p4      r=C3  piano         midi=[40, 52, 63] ❌  | spn=['C3', 'D3', 'F#3', 'A2', 'B2'] ❌  | doremi=['do', 'mi', 'sol'] ❌  | hz=[70, 72, 74, 76, 78, 79] ❌
    [  94/200] dyad_p4      r=F#3 trumpet       midi=[47, 59, 62] ❌  | spn=['C5', 'D5', 'F5'] ❌  | doremi=['do', 'mi', 'sol'] ❌  | hz=[70, 72, 74] ❌
    [  95/200] dyad_p4      r=C4  piano         midi=[48, 52, 60, 71] ❌  | spn=['C3', 'D3', 'F#3', 'A2', 'B2'] ❌  | doremi=['do'] ❌  | hz=[70, 72, 74] ❌
    [  96/200] dyad_p4      r=G2  organ         midi=[48, 56, 71, 72] ❌  | spn=['C3', 'D3', 'F#3', 'A2', 'B2'] ❌  | doremi=['do', 'mi', 'sol'] ❌  | hz=[31, 36, 40, 43, 46, 49, 51, 53, 55, 56, 58, 60, 61, 62, 64, 65, 66, 67, 68, 69, 70, 31] ❌
    [  97/200] dyad_p4      r=E4  flute         midi=[64, 72, 80] ❌  | spn=['C3', 'D3', 'F#3', 'A2', 'B2'] ❌  | doremi=['do', 'mi', 'sol'] ❌  | hz=[70, 72, 74] ❌
    [  98/200] dyad_p4      r=A4  synth_pad     midi=[69, 74, 81] ❌  | spn=['C5', 'D5', 'F5', 'A4', 'B3'] ❌  | doremi=['do', 'mi', 'sol'] ❌  | hz=[70, 72, 74, 76, 78, 79, 81] ❌
    [  99/200] dyad_p4      r=G5  synth_pad     midi=[60, 72, 84] ❌  | spn=['C5', 'D5', 'F5', 'A3', 'B4'] ❌  | doremi=['do', 'mi', 'sol'] ❌  | hz=[70, 72, 74, 76, 78, 79, 81] ❌
    [ 100/200] dyad_p4      r=E6  trumpet       midi=[69, 74, 81] ❌  | spn=['C5', 'D5', 'F5', 'A3', 'B4'] ❌  | doremi=['do', 'mi', 'sol'] ❌  | hz=[70, 72, 74, 76] ❌
    [ 101/200] dyad_p5      r=C2  cello         midi=[42, 50, 61] ❌  | spn=['C3', 'D3', 'F3', 'A2', 'B2'] ❌  | doremi=['do', 'mi', 'sol'] ❌  | hz=[30, 34, 36, 38, 40, 41] ❌
    [ 102/200] dyad_p5      r=F#1 voice         midi=[48, 52, 60, 71] ❌  | spn=['C3', 'D3', 'F3', 'A2', 'B2'] ❌  | doremi=['do', 'mi', 'sol'] ❌  | hz=[30, 41, 50, 57, 64, 69, 73, 76, 79, 81] ❌
    [ 103/200] dyad_p5      r=C3  violin        midi=[48, 51, 63] ❌  | spn=['C3', 'D3', 'F3', 'A2', 'B2'] ❌  | doremi=['do', 'mi', 'sol'] ❌  | hz=[30, 34, 36, 38, 40, 41] ❌
    [ 104/200] dyad_p5      r=G2  voice         midi=[48, 51, 63, 72] ❌  | spn=['C3', 'D3', 'F#3', 'A2', 'B2'] ❌  | doremi=['do', 'mi', 'sol'] ❌  | hz=[30, 34, 36, 38, 40, 41, 43] ❌
    [ 105/200] dyad_p5      r=F#3 oboe          midi=[42, 57, 69] ❌  | spn=['C3', 'D3', 'F3', 'A2', 'B2'] ❌  | doremi=['do', 'mi', 'sol'] ❌  | hz=[30, 34, 36, 38, 40, 41] ❌
    [ 106/200] dyad_p5      r=C4  flute         midi=[60, 72, 84] ❌  | spn=['C3', 'D3', 'F#3', 'A2', 'B2'] ❌  | doremi=['do', 'mi', 'sol'] ❌  | hz=[30, 35, 38, 40, 41, 43] ❌
    [ 107/200] dyad_p5      r=E4  piano         midi=[43, 50, 62] ❌  | spn=['C3', 'D3', 'F#3', 'A2', 'B2'] ❌  | doremi=[] ❌  | hz=[70, 72, 74, 76, 77, 79] ❌
    [ 108/200] dyad_p5      r=A4  synth_lead    midi=[69, 71, 80] ❌  | spn=['C5', 'D5', 'F5', 'A4', 'B3'] ❌  | doremi=['do', 'mi', 'sol'] ❌  | hz=[70, 72, 74, 76, 78, 79] ❌
    [ 109/200] dyad_p5      r=G5  bass          midi=[67, 72, 80] ❌  | spn=['C5', 'D5', 'F5', 'A3', 'B4'] ❌  | doremi=[] ❌  | hz=[70, 72, 74] ❌
    [ 110/200] dyad_p5      r=E6  square        midi=[64, 71, 80] ❌  | spn=['C5', 'D5', 'F5', 'A4', 'B4'] ❌  | doremi=['do', 'mi', 'sol'] ❌  | hz=[70, 72, 74, 76, 78, 79] ❌
    [ 111/200] dyad_tt      r=F#1 sawtooth      midi=[24, 36, 51, 78] ❌  | spn=['C3', 'D3', 'F3', 'A2', 'B2'] ❌  | doremi=['do', 'do', 'do'] ❌  | hz=[30, 41, 50, 57, 64, 69, 73, 76, 79, 81, 83] ❌
    [ 112/200] dyad_tt      r=C2  triangle      midi=[40, 52, 63] ❌  | spn=['C3', 'D3', 'F3', 'A2', 'B2'] ❌  | doremi=['do', 'mi', 'sol'] ❌  | hz=[30, 41, 50, 57, 64, 69, 73, 76, 79, 81] ❌
    [ 113/200] dyad_tt      r=C3  electric_keyboard  midi=[48, 50, 61] ❌  | spn=['C3', 'D3', 'F#3', 'A2', 'B2'] ❌  | doremi=['do', 're', 'mi'] ❌  | hz=[30, 34, 36, 38, 40, 41, 43] ❌
    [ 114/200] dyad_tt      r=G2  piano         midi=[46, 58, 70] ❌  | spn=['C3', 'D3', 'F#3', 'A2', 'B2'] ❌  | doremi=['do', 'mi', 'sol'] ❌  | hz=[30, 34, 36, 38, 40, 41, 42, 43, 44, 45, 46, 47, 48, 49, 50, 50, 51, 52, 53, 13] ❌
    [ 115/200] dyad_tt      r=F#3 cello         midi=[48, 51, 63] ❌  | spn=['C3', 'D3', 'F3', 'A2', 'B2'] ❌  | doremi=['do', 'mi', 'sol'] ❌  | hz=[30, 41, 50, 55, 59, 62, 65, 67, 69, 71, 73, 74, 76, 77, 78, 79, 80, 81, 82] ❌
    [ 116/200] dyad_tt      r=C4  square        midi=[48, 56, 71] ❌  | spn=['C3', 'D3', 'F#3', 'A2', 'B2'] ❌  | doremi=['do', 'mi', 'sol'] ❌  | hz=[30, 41, 50, 57, 64, 69, 73, 76, 79, 81] ❌
    [ 117/200] dyad_tt      r=E4  violin        midi=[63, 70, 75] ❌  | spn=['C5', 'D5', 'F5', 'A3'] ❌  | doremi=['do', 'mi', 'sol'] ❌  | hz=[70, 72, 74] ❌
    [ 118/200] dyad_tt      r=A4  violin        midi=[69, 74, 81] ❌  | spn=['C5', 'D5', 'F5', 'A4', 'B3'] ❌  | doremi=['do', 'mi', 'sol'] ❌  | hz=[70, 72, 74] ❌
    [ 119/200] dyad_tt      r=G5  organ         midi=[67, 80, 91] ❌  | spn=['C5', 'D5', 'F5', 'A3'] ❌  | doremi=['do', 'mi', 'sol'] ❌  | hz=[71, 73, 75, 77, 78, 80] ❌
    [ 120/200] dyad_tt      r=E6  synth_lead    midi=[60, 72, 84] ❌  | spn=['C5', 'D5', 'F5', 'A4', 'B3'] ❌  | doremi=['do', 'mi', 'sol'] ❌  | hz=[70, 72, 74, 76, 78, 79] ❌
    [ 121/200] dyad_uni     r=F#1 trumpet       midi=[32, 40, 51] ❌  | spn=['F3', 'F4', 'A#3'] ❌  | doremi=['do', 'mi', 'sol'] ❌  | hz=[65, 67, 69, 71] ❌
    [ 122/200] dyad_uni     r=G2  sine          midi=[43, 50, 62] ❌  | spn=['C3', 'D3', 'F3', 'A2', 'B2'] ❌  | doremi=['do', 'mi', 'sol'] ❌  | hz=[30, 41, 50, 57, 64, 69, 73, 76, 79, 81] ❌
    [ 123/200] dyad_uni     r=C2  synth_pad     midi=[48, 52, 60, 71] ❌  | spn=['C3', 'D3', 'F3', 'A2', 'B2'] ❌  | doremi=['do', 'mi', 'sol'] ❌  | hz=[30, 39, 46, 51, 55, 58, 61, 63, 65, 67, 69, 70, 71, 73, 74, 75, 76, 77, 78, 79, 80, 81] ❌
    [ 124/200] dyad_uni     r=F#3 synth_pad     midi=[48, 56, 71] ❌  | spn=['C3', 'D3', 'F#3', 'A2', 'B2'] ❌  | doremi=['do', 'mi', 'sol'] ❌  | hz=[70, 72, 74, 76, 78, 79, 81] ❌
    [ 125/200] dyad_uni     r=C4  trumpet       midi=[60, 72, 84] ❌  | spn=['C5', 'D5', 'F5'] ❌  | doremi=['do', 'mi', 'sol'] ❌  | hz=[69, 74, 76] ❌
    [ 126/200] dyad_uni     r=C3  triangle      midi=[48, 50, 63] ❌  | spn=['C3', 'D3', 'F3', 'A2', 'B2'] ❌  | doremi=['do', 'mi', 'sol'] ❌  | hz=[30, 39, 45, 50, 53, 55, 57, 59, 60, 62, 64, 65, 66, 68, 69, 70, 72, 73, 74, 76, 77, 78] ❌
    [ 127/200] dyad_uni     r=E4  clarinet      midi=[69, 71, 73] ❌  | spn=['C5', 'D5', 'F5', 'A3', 'B4'] ❌  | doremi=['do', 'mi', 'sol'] ❌  | hz=[70, 72, 74, 76] ❌
    [ 128/200] dyad_uni     r=A4  triangle      midi=[69, 71, 82] ❌  | spn=['C3', 'D3', 'F3', 'A2', 'B2'] ❌  | doremi=['do', 'mi', 'sol'] ❌  | hz=[30, 41, 50, 57, 64, 69, 72, 76, 79, 81] ❌
    [ 129/200] dyad_uni     r=G5  trombone      midi=[67, 72, 80] ❌  | spn=['C5', 'D5', 'F5', 'A4', 'B3'] ❌  | doremi=['do', 'mi', 'sol'] ❌  | hz=[70, 72, 74] ❌
    [ 130/200] dyad_uni     r=E6  cello         midi=[86, 91, 94] ❌  | spn=['C5', 'D5', 'F5', 'A4', 'B4'] ❌  | doremi=[] ❌  | hz=[70, 72, 74, 76, 78, 79] ❌
    [ 131/200] seventh_dom  r=F#1 electric_keyboard  midi=[48, 51, 63] ❌  | spn=['C3', 'D3', 'F#3', 'A2', 'B2'] ❌  | doremi=['do', 'mi', 'sol'] ❌  | hz=[30, 35, 39, 44, 48, 52, 55, 57, 59, 61, 63, 64, 66, 67, 69, 70, 71, 72, 73] ❌
    [ 132/200] seventh_dom  r=C2  organ         midi=[48, 56, 71, 72, 73] ❌  | spn=['C3', 'D3', 'F#3', 'A2', 'B2'] ❌  | doremi=['do', 'mi', 'sol'] ❌  | hz=[31, 36, 40, 43, 46, 49, 51, 53, 55, 56, 58, 60, 61, 62, 64, 65, 66, 67, 68, 69, 70, 31] ❌
    [ 133/200] seventh_dom  r=G2  sine          midi=[48, 53, 60, 72] ❌  | spn=['C3', 'D3', 'F3', 'A2', 'B2'] ❌  | doremi=['do', 'do', 'do'] ❌  | hz=[30, 41, 50, 57, 64, 69, 73, 76, 79, 81] ❌
    [ 134/200] seventh_dom  r=F#3 synth_lead    midi=[48, 56, 71, 79] ❌  | spn=['C3', 'D3', 'F#3', 'A2', 'B2'] ❌  | doremi=['do', 'mi', 'sol'] ❌  | hz=[70, 72, 74, 76] ❌
    [ 135/200] seventh_dom  r=C3  trumpet       midi=[36, 41, 50] ❌  | spn=['C3', 'D3', 'F3', 'A2', 'B2'] ❌  | doremi=['do', 'mi', 'sol'] ❌  | hz=[30, 35, 39, 41, 44, 46, 49, 51] ❌
    [ 136/200] seventh_dom  r=C4  electric_keyboard  midi=[48, 56, 71] ❌  | spn=['C5', 'D5', 'F5', 'A3', 'B4'] ❌  | doremi=['do', 'mi', 'sol'] ❌  | hz=[70, 72, 74] ❌
    [ 137/200] seventh_dom  r=A4  triangle      midi=[63, 70, 82] ❌  | spn=['C3', 'D3', 'F3', 'A2', 'B2'] ❌  | doremi=['do', 'mi', 'sol'] ❌  | hz=[30, 41, 50, 57, 64, 69, 73, 76, 79, 81, 83] ❌
    [ 138/200] seventh_dom  r=E4  synth_lead    midi=[60, 72, 84] ❌  | spn=['C3', 'D3', 'F#3', 'A2', 'B2'] ❌  | doremi=['do', 'mi', 'sol'] ❌  | hz=[30, 35, 39, 44, 48, 52, 55, 57, 59, 61, 63, 64, 66, 67, 69, 70, 71, 72, 73] ❌
    [ 139/200] seventh_dom  r=G5  trombone      midi=[67, 72, 81] ❌  | spn=['C5', 'D5', 'F5', 'A4', 'B3'] ❌  | doremi=['do', 'mi', 'sol'] ❌  | hz=[70, 72, 74] ❌
    [ 140/200] seventh_dom  r=E6  synth_lead    midi=[60, 72, 84] ❌  | spn=['C3', 'D3', 'F#3', 'A2', 'B2'] ❌  | doremi=['do', 'mi', 'sol'] ❌  | hz=[70, 72, 74, 76, 78, 79] ❌
    [ 141/200] seventh_maj  r=F#1 guitar        midi=[46, 58, 70, 73, 79] ❌  | spn=['C3', 'D3', 'F#3', 'A2', 'B2'] ❌  | doremi=['do', 'mi', 'sol'] ❌  | hz=[30, 34, 36, 38, 40, 41, 42, 43, 44, 45, 46, 47, 48, 49, 50, 50, 51, 52, 53, 13] ❌
    [ 142/200] seventh_maj  r=C2  piano         midi=[46, 58, 70, 73, 79] ❌  | spn=['C3', 'D3', 'F#3', 'A2', 'B2'] ❌  | doremi=['do', 'mi', 'sol'] ❌  | hz=[30, 34, 36, 38, 40, 41, 42, 43, 44, 45, 46, 47, 48, 49, 50, 51, 52, 52, 53, 14] ❌
    [ 143/200] seventh_maj  r=C3  electric_keyboard  midi=[36, 40, 52] ❌  | spn=['C3', 'D3', 'F#3', 'A2', 'B2'] ❌  | doremi=['do', 'mi', 'sol'] ❌  | hz=[30, 35, 38, 40, 42, 43] ❌
    [ 144/200] seventh_maj  r=G2  oboe          midi=[36, 41, 52, 70] ❌  | spn=['C3', 'D3', 'F#3', 'A2', 'B2'] ❌  | doremi=['do', 'mi', 'sol'] ❌  | hz=[30, 34, 36, 38, 40, 41, 42, 43, 44, 45, 46, 47, 48, 49, 50, 50, 51, 52, 53, 13] ❌
    [ 145/200] seventh_maj  r=F#3 synth_pad     midi=[61, 73, 80] ❌  | spn=['C3', 'D3', 'F#3', 'A2', 'B2'] ❌  | doremi=['do', 'mi', 'sol'] ❌  | hz=[30, 41, 50, 57, 64, 69, 73, 76, 79, 81] ❌
    [ 146/200] seventh_maj  r=C4  synth_lead    midi=[60, 72, 84] ❌  | spn=['C3', 'D3', 'F#3', 'A2', 'B2'] ❌  | doremi=['do', 'mi', 'sol'] ❌  | hz=[70, 72, 74, 76] ❌
    [ 147/200] seventh_maj  r=A4  clarinet      midi=[48, 53, 61, 70] ❌  | spn=['C3', 'D3', 'F#3', 'A2', 'B2'] ❌  | doremi=['do', 'mi', 'sol'] ❌  | hz=[70, 72, 74, 76, 78, 79] ❌
    [ 148/200] seventh_maj  r=E4  sine          midi=[48, 56, 71] ❌  | spn=['C3', 'D3', 'F3', 'A2', 'B2'] ❌  | doremi=['do', 'mi', 'sol'] ❌  | hz=[30, 39, 45, 50, 54, 57, 60, 64, 67, 69, 72, 74, 76, 78, 80, 81, 82] ❌
    [ 149/200] seventh_maj  r=G5  bass          midi=[67, 71, 83] ❌  | spn=['C5', 'D5', 'F5', 'A3', 'B4'] ❌  | doremi=[] ❌  | hz=[70, 72, 74] ❌
    [ 150/200] seventh_maj  r=E6  sine          midi=[67, 81, 95] ❌  | spn=['C5', 'D5', 'F5', 'A3', 'B4'] ❌  | doremi=['sol'] ❌  | hz=[70, 72, 74, 76, 78, 79] ❌
    [ 151/200] seventh_min  r=F#1 triangle      midi=[48, 53, 60, 72] ❌  | spn=['C3', 'D3', 'F3', 'A2', 'B2'] ❌  | doremi=['do', 'do', 'do'] ❌  | hz=[30, 35, 39, 44, 48, 52, 55, 57, 59, 61, 63, 64, 66, 67, 69, 70, 71, 72, 73] ❌
    [ 152/200] seventh_min  r=C2  oboe          midi=[24, 31, 50, 68] ❌  | spn=['C3', 'D3', 'F3', 'A2', 'B2'] ❌  | doremi=['do', 'mi', 'sol'] ❌  | hz=[30, 41, 50, 55, 59, 62, 65, 67, 69, 71, 73, 74, 76, 77, 78, 79, 80, 81, 82] ❌
    [ 153/200] seventh_min  r=G2  trombone      midi=[36, 41, 52] ❌  | spn=['C3', 'D3', 'F3', 'A2', 'B2'] ❌  | doremi=['do', 're', 'mi'] ❌  | hz=[41, 45, 49, 52] ❌
    [ 154/200] seventh_min  r=C3  flute         midi=[36, 41, 50, 57, 62] ❌  | spn=['C3', 'D3', 'F3', 'A2', 'B2'] ❌  | doremi=['do', 'mi', 'sol'] ❌  | hz=[30, 34, 36, 38, 40, 41, 42, 43] ❌
    [ 155/200] seventh_min  r=F#3 sawtooth      midi=[48, 52, 60, 71] ❌  | spn=['C3', 'D3', 'F#3', 'A2', 'B2'] ❌  | doremi=['do', 'mi', 'sol'] ❌  | hz=[30, 41, 50, 57, 64, 69, 73, 76, 79, 81] ❌
    [ 156/200] seventh_min  r=C4  flute         midi=[48, 56, 71] ❌  | spn=['C3', 'D3', 'F#3', 'A2', 'B2'] ❌  | doremi=['do', 'mi', 'sol'] ❌  | hz=[30, 34, 36, 38, 40, 41, 42, 43] ❌
    [ 157/200] seventh_min  r=E4  voice         midi=[60, 57, 48, 53, 59, 62] ❌  | spn=['C3', 'D3', 'F#3', 'A2', 'B2'] ❌  | doremi=['do', 'mi', 'sol'] ❌  | hz=[69, 71, 73] ❌
    [ 158/200] seventh_min  r=A4  square        midi=[65, 70, 82] ❌  | spn=['C3', 'D3', 'F#3', 'A2', 'B2'] ❌  | doremi=['do', 'mi', 'sol'] ❌  | hz=[70, 72, 74, 76, 78, 79, 81, 83] ❌
    [ 159/200] seventh_min  r=G5  square        midi=[64, 71, 80] ❌  | spn=['C3', 'D3', 'F3', 'A2', 'B2'] ❌  | doremi=['do', 'mi', 'sol'] ❌  | hz=[30, 41, 50, 57, 64, 69, 73, 76, 79, 81, 83] ❌
    [ 160/200] seventh_min  r=E6  bass          midi=[48, 53, 61] ❌  | spn=['C5', 'D5', 'F5', 'A3', 'B4'] ❌  | doremi=[] ❌  | hz=[70, 72, 74] ❌
    [ 161/200] triad_aug    r=F#1 square        midi=[48, 52, 60, 71] ❌  | spn=['C3', 'D3', 'F3', 'A2', 'B2'] ❌  | doremi=['do', 'mi', 'sol'] ❌  | hz=[30, 41, 50, 57, 64, 69, 73, 76, 79, 81] ❌
    [ 162/200] triad_aug    r=C2  synth_pad     midi=[48, 52, 60, 71, 73, 79] ❌  | spn=['C3', 'D3', 'F#3', 'A2', 'B2'] ❌  | doremi=['do', 'mi', 'sol'] ❌  | hz=[30, 34, 36, 38, 40, 41, 42, 43] ❌
    [ 163/200] triad_aug    r=G2  piano         midi=[48, 51, 63] ❌  | spn=['C3', 'D3', 'F#3', 'A2', 'B2'] ❌  | doremi=['do', 'mi', 'sol'] ❌  | hz=[30, 35, 38, 40, 41, 43] ❌
    [ 164/200] triad_aug    r=F#3 bass          midi=[48, 53, 60] ❌  | spn=['C3', 'D3', 'F#3', 'A2', 'B2'] ❌  | doremi=['do', 'mi'] ❌  | hz=[70, 72, 74] ❌
    [ 165/200] triad_aug    r=C3  piano         midi=[48, 51, 63] ❌  | spn=['C3', 'D3', 'F#3', 'A2', 'B2'] ❌  | doremi=['do', 'mi', 'sol'] ❌  | hz=[30, 35, 38, 40, 41, 42, 43, 44, 45, 46, 47, 47, 48, 49, 49, 50, 50, 51, 51] ❌
    [ 166/200] triad_aug    r=E4  electric_keyboard  midi=[60, 72, 84] ❌  | spn=['C5', 'D5', 'F5', 'A3', 'B4'] ❌  | doremi=['do', 'mi', 'sol'] ❌  | hz=[70, 72, 74] ❌
    [ 167/200] triad_aug    r=A4  trumpet       midi=[69, 71, 73] ❌  | spn=['C5', 'D5', 'F5', 'A4', 'B3'] ❌  | doremi=['do', 'mi', 'sol'] ❌  | hz=[70, 72, 74] ❌
    [ 168/200] triad_aug    r=C4  synth_pad     midi=[48, 56, 71] ❌  | spn=['C3', 'D3', 'F#3', 'A2', 'B2'] ❌  | doremi=['do', 'mi', 'sol'] ❌  | hz=[30, 39, 46, 51, 55, 58, 61, 63, 65, 67, 69, 70, 72, 73, 75, 76, 77, 79, 80, 81, 82, 83] ❌
    [ 169/200] triad_aug    r=G5  synth_lead    midi=[60, 72, 84] ❌  | spn=['C5', 'D5', 'F5', 'A4', 'B3'] ❌  | doremi=['do', 'mi', 'sol'] ❌  | hz=[70, 72, 74, 76] ❌
    [ 170/200] triad_aug    r=E6  cello         midi=[67, 81, 94] ❌  | spn=['C5', 'D5', 'F5', 'A4', 'B4'] ❌  | doremi=['do', 'mi', 'sol'] ❌  | hz=[70, 72, 74, 76, 78, 79] ❌
    [ 171/200] triad_dim    r=F#1 guitar        midi=[46, 58, 70, 73, 79] ❌  | spn=['C3', 'D3', 'F#3', 'A2', 'B2'] ❌  | doremi=['do', 'mi', 'sol'] ❌  | hz=[30, 39, 45, 50, 55, 59, 62, 65, 67, 69, 71, 73, 74, 76, 77, 78, 79, 81, 82, 83] ❌
    [ 172/200] triad_dim    r=C2  synth_pad     midi=[48, 53, 61, 70, 79] ❌  | spn=['C3', 'D3', 'F#3', 'A2', 'B2'] ❌  | doremi=['do', 'mi', 'sol'] ❌  | hz=[30, 34, 36, 38, 40, 41, 42, 43, 44, 46, 46, 47, 48, 49, 50, 51, 51, 52, 53, 14] ❌
    [ 173/200] triad_dim    r=G2  guitar        midi=[46, 51, 58, 63, 70] ❌  | spn=['C3', 'D3', 'F#3', 'A2', 'B2'] ❌  | doremi=['do', 'mi'] ❌  | hz=[30, 34, 36, 38, 40, 41, 43] ❌
    [ 174/200] triad_dim    r=F#3 violin        midi=[48, 56, 71] ❌  | spn=['C3', 'D3', 'F#3', 'A2', 'B2'] ❌  | doremi=['do', 'mi', 'sol'] ❌  | hz=[30, 34, 36, 38, 40, 41, 42, 43] ❌
    [ 175/200] triad_dim    r=C3  trombone      midi=[46, 58, 70, 73, 79] ❌  | spn=['C3', 'D3', 'F3', 'A2', 'B2'] ❌  | doremi=['do', 'do', 'do'] ❌  | hz=[30, 35, 38, 40, 41, 42, 43, 44, 45, 46, 47, 48, 49, 49, 50, 51, 51, 52, 53] ❌
    [ 176/200] triad_dim    r=E4  organ         midi=[60, 72, 84] ❌  | spn=['C3', 'D3', 'F#3', 'A2', 'B2'] ❌  | doremi=['do', 'mi', 'sol'] ❌  | hz=[71, 73, 75, 77, 78, 80, 81] ❌
    [ 177/200] triad_dim    r=C4  oboe          midi=[60, 72, 84] ❌  | spn=['C3', 'D3', 'F3', 'A2', 'B2'] ❌  | doremi=['do', 'mi', 'sol'] ❌  | hz=[30, 34, 36, 38, 40, 41, 42, 43, 44, 45, 46, 47, 48, 49, 50, 50, 51, 52, 53, 13] ❌
    [ 178/200] triad_dim    r=A4  synth_lead    midi=[60, 72, 84] ❌  | spn=['C3', 'D3', 'F#3', 'A2', 'B2'] ❌  | doremi=['do', 'mi', 'sol'] ❌  | hz=[70, 72, 74, 76, 78, 79, 81] ❌
    [ 179/200] triad_dim    r=G5  organ         midi=[67, 72, 80] ❌  | spn=['C5', 'D5', 'F5', 'A4', 'B3'] ❌  | doremi=['do', 'mi', 'sol'] ❌  | hz=[71, 73, 75] ❌
    [ 180/200] triad_dim    r=E6  triangle      midi=[61, 73, 85] ❌  | spn=['C5', 'D5', 'F5', 'A3', 'B4'] ❌  | doremi=['do', 'mi', 'sol'] ❌  | hz=[70, 72, 74, 76, 78, 79] ❌
    [ 181/200] triad_maj    r=F#1 flute         midi=[21, 34, 50, 67, 89] ❌  | spn=['C3', 'D3', 'F3', 'A2', 'B2'] ❌  | doremi=['do', 'mi', 'sol'] ❌  | hz=[30, 41, 50, 57, 64, 69, 73, 76, 79, 81] ❌
    [ 182/200] triad_maj    r=C2  flute         midi=[48, 53, 60, 72] ❌  | spn=['C3', 'D3', 'F3', 'A2', 'B2'] ❌  | doremi=['do', 'mi', 'sol'] ✅  | hz=[30, 41, 50, 57, 64, 69, 73, 76, 79, 81] ❌
    [ 183/200] triad_maj    r=G2  square        midi=[48, 52, 60, 71] ❌  | spn=['C3', 'D3', 'F3', 'A2', 'B2'] ❌  | doremi=['do', 'mi', 'sol'] ❌  | hz=[30, 41, 50, 57, 64, 69, 73, 76, 79, 81] ❌
    [ 184/200] triad_maj    r=F#3 sine          midi=[48, 51, 63] ❌  | spn=['C3', 'D3', 'F3', 'A2', 'B2'] ❌  | doremi=['do', 'mi', 'sol'] ❌  | hz=[30, 41, 50, 57, 64, 69, 73, 76, 79, 81] ❌
    [ 185/200] triad_maj    r=C3  clarinet      midi=[48, 52, 60, 71] ❌  | spn=['C3', 'D3', 'F3', 'A2', 'B2'] ❌  | doremi=['do', 'mi', 'sol'] ✅  | hz=[30, 35, 39, 44, 48, 52, 55, 57, 59, 61, 63, 64, 66, 67, 69, 70, 71, 72, 73] ❌
    [ 186/200] triad_maj    r=C4  voice         midi=[60, 72, 84] ❌  | spn=['C3', 'D3', 'F#3', 'A2', 'B2'] ❌  | doremi=['do', 'mi', 'sol'] ✅  | hz=[30, 41, 50, 57, 64, 69, 72, 76, 79, 81] ❌
    [ 187/200] triad_maj    r=A4  flute         midi=[69, 71, 73] ❌  | spn=['C3', 'D3', 'F#3', 'A2', 'B2'] ❌  | doremi=['do', 'mi', 'sol'] ❌  | hz=[70, 72, 74] ❌
    [ 188/200] triad_maj    r=E4  synth_pad     midi=[48, 56, 71] ❌  | spn=['C3', 'D3', 'F#3', 'A2', 'B2'] ❌  | doremi=['do', 'mi', 'sol'] ❌  | hz=[30, 39, 46, 51, 55, 58, 61, 63, 65, 67, 69, 70, 71, 73, 74, 75, 76, 77, 78, 79, 80, 81] ❌
    [ 189/200] triad_maj    r=G5  voice         midi=[67, 72, 80] ❌  | spn=['C5', 'D5', 'F5', 'A3', 'B4'] ❌  | doremi=['do', 'mi', 'sol'] ❌  | hz=[70, 72, 74, 76] ❌
    [ 190/200] triad_maj    r=E6  flute         midi=[76, 81, 90] ❌  | spn=['F5', 'A5', 'D6', 'F6'] ❌  | doremi=['do'] ❌  | hz=[70, 72, 74] ❌
    [ 191/200] triad_min    r=C2  square        midi=[48, 52, 60, 71] ❌  | spn=['C3', 'D3', 'F3', 'A2', 'B2'] ❌  | doremi=['do', 'mi', 'sol'] ❌  | hz=[30, 41, 50, 57, 64, 69, 73, 76, 79, 81] ❌
    [ 192/200] triad_min    r=F#1 sine          midi=[24, 36, 51, 78] ❌  | spn=['C3', 'D3', 'F3', 'A2', 'B2'] ❌  | doremi=['do', 'mi', 'sol'] ❌  | hz=[30, 35, 39, 44, 48, 52, 55, 57, 59, 61, 63, 64, 66, 67, 69, 70, 71, 72, 73] ❌
    [ 193/200] triad_min    r=G2  sawtooth      midi=[48, 52, 60, 71, 73, 79] ❌  | spn=['C3', 'D3', 'F3', 'A2', 'B2'] ❌  | doremi=['do', 'mi', 'sol'] ❌  | hz=[30, 41, 50, 57, 64, 69, 73, 76, 79, 81] ❌
    [ 194/200] triad_min    r=C3  flute         midi=[36, 41, 50, 57, 62] ❌  | spn=['C3', 'D3', 'F3', 'A2', 'B2'] ❌  | doremi=['do', 'mi', 'sol'] ❌  | hz=[30, 34, 36, 38, 40, 41, 43] ❌
    [ 195/200] triad_min    r=F#3 square        midi=[48, 56, 71] ❌  | spn=['C3', 'D3', 'F3', 'A2', 'B2'] ❌  | doremi=['do', 'mi', 'sol'] ❌  | hz=[30, 41, 50, 57, 64, 69, 73, 76, 79, 81] ❌
    [ 196/200] triad_min    r=C4  sawtooth      midi=[48, 52, 60, 71] ❌  | spn=['C3', 'D3', 'F3', 'A2', 'B2'] ❌  | doremi=['do', 'mi', 'sol'] ❌  | hz=[30, 41, 50, 57, 64, 69, 73, 76, 79, 81] ❌
    [ 197/200] triad_min    r=E4  clarinet      midi=[60, 72, 84] ❌  | spn=['C3', 'D3', 'F#3', 'A2', 'B2'] ❌  | doremi=['do', 'mi', 'sol'] ❌  | hz=[70, 72, 74, 76, 78, 80] ❌
    [ 198/200] triad_min    r=A4  square        midi=[48, 52, 60, 71] ❌  | spn=['C3', 'D3', 'F#3', 'A2', 'B2'] ❌  | doremi=['do', 'mi', 'sol'] ❌  | hz=[70, 72, 74, 76, 78, 79, 81, 83] ❌
    [ 199/200] triad_min    r=G5  synth_lead    midi=[63, 70, 82] ❌  | spn=['C5', 'D5', 'F5', 'A4', 'B3'] ❌  | doremi=['do', 'mi', 'sol'] ❌  | hz=[70, 72, 74, 76] ❌
    [ 200/200] triad_min    r=E6  flute         midi=[72, 84] ❌  | spn=['F5', 'A5', 'D6', 'F6'] ❌  | doremi=['do'] ❌  | hz=[80] ❌

============================================================
SUMMARY — audio_flamingo_next_instruct
  Sampling     : 200 of 3800 (stratified by '(chord_type, n_notes, root_midi)', seed=42)
  Stimuli (total)     : 200
  Stimuli (condition) : 200  (all records)

      Metric   Accuracy
  ───────────────────────
        MIDI       0.0%
         SPN       0.0%
      DOREMI       1.5%
          HZ       0.0%

Results saved → results/run_20260506_053722/pitchbench_c4_chord_pitches/run_001_20260506_060551/results_audio_flamingo_next_instruct.*

############################################################
# pitchbench_d7a_pitch_with_reference
############################################################

Experiment : pitchbench_d7a_pitch_with_reference
Models     : audio_flamingo_next_instruct
Stimuli    : 130
  Sampling     : 130 of 1235 (stratified by '(ref_midi, interval)', seed=42)

  Model : Audio Flamingo Next – instruct
    [dispatch] 130 items, max_workers=2
    [   1/130] anchored r=F#2 i=-12 trumpet  | midi: gt=30 pred=39 ❌  | spn: gt=F#1 pred=F#3 ❌  | doremi: gt=fa# pred=si ❌  | hz: gt=46.2493 pred=184.73 ❌
    [   2/130] anchored r=F#2 i=-12 flute  | midi: gt=30 pred=39 ❌  | spn: gt=F#1 pred=F#1 ✅  | doremi: gt=fa# pred=sol ❌  | hz: gt=46.2493 pred=184.73 ❌
    [   3/130] anchored r=F#2 i= -7 sine  | midi: gt=35 pred=50 ❌  | spn: gt=B1 pred=F#1 ❌  | doremi: gt=si pred=si ✅  | hz: gt=61.7354 pred=184.73 ❌
    [   4/130] anchored r=F#2 i= -7 sawtooth  | midi: gt=35 pred=50 ❌  | spn: gt=B1 pred=F#5 ❌  | doremi: gt=si pred=la# ❌  | hz: gt=61.7354 pred=184.73 ❌
    [   5/130] anchored r=F#2 i= -5 square  | midi: gt=37 pred=50 ❌  | spn: gt=C#2 pred=F#5 ❌  | doremi: gt=do# pred=sol ❌  | hz: gt=69.2957 pred=184.73 ❌
    [   6/130] anchored r=F#2 i= -5 cello  | midi: gt=37 pred=50 ❌  | spn: gt=C#2 pred=F#3 ❌  | doremi: gt=do# pred=si ❌  | hz: gt=69.2957 pred=184.73 ❌
    [   7/130] anchored r=F#2 i= -4 synth_pad  | midi: gt=38 pred=50 ❌  | spn: gt=D2 pred=F#5 ❌  | doremi: gt=re pred=fa# ❌  | hz: gt=73.4162 pred=185.0 ❌
    [   8/130] anchored r=F#2 i= -4 triangle  | midi: gt=38 pred=50 ❌  | spn: gt=D2 pred=F#5 ❌  | doremi: gt=re pred=si ❌  | hz: gt=73.4162 pred=184.73 ❌
    [   9/130] anchored r=F#2 i= -3 piano  | midi: gt=39 pred=39 ✅  | spn: gt=D#2 pred=F#3 ❌  | doremi: gt=re# pred=si ❌  | hz: gt=77.7817 pred=184.73 ❌
    [  10/130] anchored r=F#2 i= -3 flute  | midi: gt=39 pred=50 ❌  | spn: gt=D#2 pred=F#1 ❌  | doremi: gt=re# pred=la# ❌  | hz: gt=77.7817 pred=184.73 ❌
    [  11/130] anchored r=F#2 i= -1 sine  | midi: gt=41 pred=50 ❌  | spn: gt=F2 pred=F#5 ❌  | doremi: gt=fa pred=si ❌  | hz: gt=87.3071 pred=185.0 ❌
    [  12/130] anchored r=F#2 i= -1 triangle  | midi: gt=41 pred=50 ❌  | spn: gt=F2 pred=F#5 ❌  | doremi: gt=fa pred=sol ❌  | hz: gt=87.3071 pred=184.73 ❌
    [  13/130] anchored r=F#2 i= +0 square  | midi: gt=42 pred=50 ❌  | spn: gt=F#2 pred=F#5 ❌  | doremi: gt=fa# pred=si ❌  | hz: gt=92.4986 pred=184.73 ❌
    [  14/130] anchored r=F#2 i= +0 guitar  | midi: gt=42 pred=50 ❌  | spn: gt=F#2 pred=F#3 ❌  | doremi: gt=fa# pred=sol ❌  | hz: gt=92.4986 pred=184.73 ❌
    [  15/130] anchored r=F#2 i= +1 flute  | midi: gt=43 pred=50 ❌  | spn: gt=G2 pred=F#1 ❌  | doremi: gt=sol pred=si ❌  | hz: gt=97.9989 pred=184.73 ❌
    [  16/130] anchored r=F#2 i= +1 synth_lead  | midi: gt=43 pred=50 ❌  | spn: gt=G2 pred=F#5 ❌  | doremi: gt=sol pred=si ❌  | hz: gt=97.9989 pred=184.73 ❌
    [  17/130] anchored r=F#2 i= +3 guitar  | midi: gt=45 pred=50 ❌  | spn: gt=A2 pred=F#3 ❌  | doremi: gt=la pred=sol ❌  | hz: gt=110.0 pred=184.73 ❌
    [  18/130] anchored r=F#2 i= +3 synth_pad  | midi: gt=45 pred=57 ❌  | spn: gt=A2 pred=F#5 ❌  | doremi: gt=la pred=la# ❌  | hz: gt=110.0 pred=185.0 ❌
    [  19/130] anchored r=F#2 i= +4 flute  | midi: gt=46 pred=50 ❌  | spn: gt=A#2 pred=F#1 ❌  | doremi: gt=la# pred=la ❌  | hz: gt=116.5409 pred=184.73 ❌
    [  20/130] anchored r=F#2 i= +4 cello  | midi: gt=46 pred=50 ❌  | spn: gt=A#2 pred=F#3 ❌  | doremi: gt=la# pred=si ❌  | hz: gt=116.5409 pred=184.73 ❌
    [  21/130] anchored r=F#2 i= +5 trumpet  | midi: gt=47 pred=39 ❌  | spn: gt=B2 pred=F#3 ❌  | doremi: gt=si pred=sol ❌  | hz: gt=123.4708 pred=184.73 ❌
    [  22/130] anchored r=F#2 i= +5 organ  | midi: gt=47 pred=57 ❌  | spn: gt=B2 pred=F#5 ❌  | doremi: gt=si pred=la# ❌  | hz: gt=123.4708 pred=184.73 ❌
    [  23/130] anchored r=F#2 i= +7 sine  | midi: gt=49 pred=50 ❌  | spn: gt=C#3 pred=F#5 ❌  | doremi: gt=do# pred=si ❌  | hz: gt=138.5913 pred=185.0 ❌
    [  24/130] anchored r=F#2 i= +7 electric_keyboard  | midi: gt=49 pred=50 ❌  | spn: gt=C#3 pred=F#2 ❌  | doremi: gt=do# pred=si ❌  | hz: gt=138.5913 pred=184.73 ❌
    [  25/130] anchored r=F#2 i=+12 sine  | midi: gt=54 pred=50 ❌  | spn: gt=F#3 pred=F#5 ❌  | doremi: gt=fa# pred=si ❌  | hz: gt=184.9972 pred=176.47 ❌
    [  26/130] anchored r=F#2 i=+12 synth_pad  | midi: gt=54 pred=50 ❌  | spn: gt=F#3 pred=F#5 ❌  | doremi: gt=fa# pred=la# ❌  | hz: gt=184.9972 pred=185.0 ✅
    [  27/130] anchored r= F3 i=-12 trumpet  | midi: gt=41 pred=49 ❌  | spn: gt=F2 pred=F2 ✅  | doremi: gt=fa pred=fa# ❌  | hz: gt=87.3071 pred=250.38 ❌
    [  28/130] anchored r= F3 i=-12 piano  | midi: gt=41 pred=49 ❌  | spn: gt=F2 pred=F#3 ❌  | doremi: gt=fa pred=fa# ❌  | hz: gt=87.3071 pred=250.38 ❌
    [  29/130] anchored r= F3 i= -7 oboe  | midi: gt=46 pred=49 ❌  | spn: gt=A#2 pred=F2 ❌  | doremi: gt=la# pred=sol ❌  | hz: gt=116.5409 pred=2093.08 ❌
    [  30/130] anchored r= F3 i= -7 voice  | midi: gt=46 pred=60 ❌  | spn: gt=A#2 pred=F2 ❌  | doremi: gt=la# pred=fa# ❌  | hz: gt=116.5409 pred=250.38 ❌
    [  31/130] anchored r= F3 i= -5 violin  | midi: gt=48 pred=60 ❌  | spn: gt=C3 pred=F3 ❌  | doremi: gt=do pred=fa# ❌  | hz: gt=130.8128 pred=250.0 ❌
    [  32/130] anchored r= F3 i= -5 triangle  | midi: gt=48 pred=61 ❌  | spn: gt=C3 pred=F2 ❌  | doremi: gt=do pred=fa# ❌  | hz: gt=130.8128 pred=250.38 ❌
    [  33/130] anchored r= F3 i= -4 square  | midi: gt=49 pred=61 ❌  | spn: gt=C#3 pred=F5 ❌  | doremi: gt=do# pred=fa# ❌  | hz: gt=138.5913 pred=2083.35 ❌
    [  34/130] anchored r= F3 i= -4 triangle  | midi: gt=49 pred=61 ❌  | spn: gt=C#3 pred=F2 ❌  | doremi: gt=do# pred=fa# ❌  | hz: gt=138.5913 pred=250.38 ❌
    [  35/130] anchored r= F3 i= -3 guitar  | midi: gt=50 pred=61 ❌  | spn: gt=D3 pred=F3 ❌  | doremi: gt=re pred=fa# ❌  | hz: gt=146.8324 pred=250.38 ❌
    [  36/130] anchored r= F3 i= -3 clarinet  | midi: gt=50 pred=60 ❌  | spn: gt=D3 pred=F2 ❌  | doremi: gt=re pred=fa# ❌  | hz: gt=146.8324 pred=250.38 ❌
    [  37/130] anchored r= F3 i= -1 clarinet  | midi: gt=52 pred=60 ❌  | spn: gt=E3 pred=F2 ❌  | doremi: gt=mi pred=fa# ❌  | hz: gt=164.8138 pred=250.38 ❌
    [  38/130] anchored r= F3 i= -1 cello  | midi: gt=52 pred=60 ❌  | spn: gt=E3 pred=F5 ❌  | doremi: gt=mi pred=fa# ❌  | hz: gt=164.8138 pred=2093.05 ❌
    [  39/130] anchored r= F3 i= +0 sawtooth  | midi: gt=53 pred=61 ❌  | spn: gt=F3 pred=F4 ❌  | doremi: gt=fa pred=fa# ❌  | hz: gt=174.6141 pred=250.38 ❌
    [  40/130] anchored r= F3 i= +0 trumpet  | midi: gt=53 pred=49 ❌  | spn: gt=F3 pred=F3 ✅  | doremi: gt=fa pred=fa# ❌  | hz: gt=174.6141 pred=250.38 ❌
    [  41/130] anchored r= F3 i= +1 organ  | midi: gt=54 pred=61 ❌  | spn: gt=F#3 pred=F2 ❌  | doremi: gt=fa# pred=fa# ✅  | hz: gt=184.9972 pred=250.0 ❌
    [  42/130] anchored r= F3 i= +1 synth_pad  | midi: gt=54 pred=60 ❌  | spn: gt=F#3 pred=F2 ❌  | doremi: gt=fa# pred=fa# ✅  | hz: gt=184.9972 pred=250.38 ❌
    [  43/130] anchored r= F3 i= +3 square  | midi: gt=56 pred=61 ❌  | spn: gt=G#3 pred=F5 ❌  | doremi: gt=sol# pred=fa# ❌  | hz: gt=207.6523 pred=250.38 ❌
    [  44/130] anchored r= F3 i= +3 synth_pad  | midi: gt=56 pred=60 ❌  | spn: gt=G#3 pred=F2 ❌  | doremi: gt=sol# pred=fa# ❌  | hz: gt=207.6523 pred=250.38 ❌
    [  45/130] anchored r= F3 i= +4 trombone  | midi: gt=57 pred=61 ❌  | spn: gt=A3 pred=F2 ❌  | doremi: gt=la pred=sol ❌  | hz: gt=220.0 pred=250.38 ❌
    [  46/130] anchored r= F3 i= +4 oboe  | midi: gt=57 pred=49 ❌  | spn: gt=A3 pred=F2 ❌  | doremi: gt=la pred=sol ❌  | hz: gt=220.0 pred=250.38 ❌
    [  47/130] anchored r= F3 i= +5 guitar  | midi: gt=58 pred=49 ❌  | spn: gt=A#3 pred=F#3 ❌  | doremi: gt=la# pred=fa# ❌  | hz: gt=233.0819 pred=250.38 ❌
    [  48/130] anchored r= F3 i= +5 voice  | midi: gt=58 pred=60 ❌  | spn: gt=A#3 pred=F2 ❌  | doremi: gt=la# pred=fa# ❌  | hz: gt=233.0819 pred=250.38 ❌
    [  49/130] anchored r= F3 i= +7 sawtooth  | midi: gt=60 pred=60 ✅  | spn: gt=C4 pred=F4 ❌  | doremi: gt=do pred=fa# ❌  | hz: gt=261.6256 pred=250.38 ❌
    [  50/130] anchored r= F3 i= +7 square  | midi: gt=60 pred=61 ❌  | spn: gt=C4 pred=F4 ❌  | doremi: gt=do pred=fa# ❌  | hz: gt=261.6256 pred=2083.35 ❌
    [  51/130] anchored r= F3 i=+12 violin  | midi: gt=65 pred=61 ❌  | spn: gt=F4 pred=F2 ❌  | doremi: gt=fa pred=fa# ❌  | hz: gt=349.2282 pred=250.0 ❌
    [  52/130] anchored r= F3 i=+12 triangle  | midi: gt=65 pred=61 ❌  | spn: gt=F4 pred=F2 ❌  | doremi: gt=fa pred=fa# ❌  | hz: gt=349.2282 pred=250.38 ❌
    [  53/130] anchored r= C4 i=-12 flute  | midi: gt=48 pred=57 ❌  | spn: gt=C3 pred=C5 ❌  | doremi: gt=do pred=sol ❌  | hz: gt=130.8128 pred=523.28 ❌
    [  54/130] anchored r= C4 i=-12 square  | midi: gt=48 pred=72 ❌  | spn: gt=C3 pred=C5 ❌  | doremi: gt=do pred=fa# ❌  | hz: gt=130.8128 pred=523.28 ❌
    [  55/130] anchored r= C4 i= -7 oboe  | midi: gt=53 pred=59 ❌  | spn: gt=F3 pred=C5 ❌  | doremi: gt=fa pred=sol ❌  | hz: gt=174.6141 pred=523.28 ❌
    [  56/130] anchored r= C4 i= -7 voice  | midi: gt=53 pred=57 ❌  | spn: gt=F3 pred=C5 ❌  | doremi: gt=fa pred=fa# ❌  | hz: gt=174.6141 pred=523.28 ❌
    [  57/130] anchored r= C4 i= -5 electric_keyboard  | midi: gt=55 pred=58 ❌  | spn: gt=G3 pred=C5 ❌  | doremi: gt=sol pred=fa# ❌  | hz: gt=195.9977 pred=523.28 ❌
    [  58/130] anchored r= C4 i= -5 oboe  | midi: gt=55 pred=59 ❌  | spn: gt=G3 pred=C5 ❌  | doremi: gt=sol pred=sol ✅  | hz: gt=195.9977 pred=523.28 ❌
    [  59/130] anchored r= C4 i= -4 trumpet  | midi: gt=56 pred=59 ❌  | spn: gt=G#3 pred=C5 ❌  | doremi: gt=sol# pred=fa# ❌  | hz: gt=207.6523 pred=523.28 ❌
    [  60/130] anchored r= C4 i= -4 organ  | midi: gt=56 pred=58 ❌  | spn: gt=G#3 pred=C5 ❌  | doremi: gt=sol# pred=fa# ❌  | hz: gt=207.6523 pred=523.28 ❌
    [  61/130] anchored r= C4 i= -3 triangle  | midi: gt=57 pred=59 ❌  | spn: gt=A3 pred=C5 ❌  | doremi: gt=la pred=sol ❌  | hz: gt=220.0 pred=523.28 ❌
    [  62/130] anchored r= C4 i= -3 violin  | midi: gt=57 pred=62 ❌  | spn: gt=A3 pred=C5 ❌  | doremi: gt=la pred=fa# ❌  | hz: gt=220.0 pred=523.28 ❌
    [  63/130] anchored r= C4 i= -1 flute  | midi: gt=59 pred=59 ✅  | spn: gt=B3 pred=C5 ❌  | doremi: gt=si pred=sol ❌  | hz: gt=246.9417 pred=523.28 ❌
    [  64/130] anchored r= C4 i= -1 trombone  | midi: gt=59 pred=59 ✅  | spn: gt=B3 pred=C5 ❌  | doremi: gt=si pred=sol ❌  | hz: gt=246.9417 pred=523.28 ❌
    [  65/130] anchored r= C4 i= +0 guitar  | midi: gt=60 pred=59 ❌  | spn: gt=C4 pred=C5 ❌  | doremi: gt=do pred=fa# ❌  | hz: gt=261.6256 pred=523.28 ❌
    [  66/130] anchored r= C4 i= +0 trumpet  | midi: gt=60 pred=58 ❌  | spn: gt=C4 pred=C5 ❌  | doremi: gt=do pred=fa# ❌  | hz: gt=261.6256 pred=523.28 ❌
    [  67/130] anchored r= C4 i= +1 square  | midi: gt=61 pred=59 ❌  | spn: gt=C#4 pred=C5 ❌  | doremi: gt=do# pred=fa# ❌  | hz: gt=277.1826 pred=523.28 ❌
    [  68/130] anchored r= C4 i= +1 electric_keyboard  | midi: gt=61 pred=57 ❌  | spn: gt=C#4 pred=C5 ❌  | doremi: gt=do# pred=fa# ❌  | hz: gt=277.1826 pred=523.28 ❌
    [  69/130] anchored r= C4 i= +3 electric_keyboard  | midi: gt=63 pred=57 ❌  | spn: gt=D#4 pred=C5 ❌  | doremi: gt=re# pred=fa# ❌  | hz: gt=311.127 pred=523.28 ❌
    [  70/130] anchored r= C4 i= +3 organ  | midi: gt=63 pred=58 ❌  | spn: gt=D#4 pred=C5 ❌  | doremi: gt=re# pred=sol ❌  | hz: gt=311.127 pred=523.28 ❌
    [  71/130] anchored r= C4 i= +4 trumpet  | midi: gt=64 pred=59 ❌  | spn: gt=E4 pred=C5 ❌  | doremi: gt=mi pred=fa# ❌  | hz: gt=329.6276 pred=523.28 ❌
    [  72/130] anchored r= C4 i= +4 violin  | midi: gt=64 pred=62 ❌  | spn: gt=E4 pred=C5 ❌  | doremi: gt=mi pred=fa# ❌  | hz: gt=329.6276 pred=523.28 ❌
    [  73/130] anchored r= C4 i= +5 flute  | midi: gt=65 pred=59 ❌  | spn: gt=F4 pred=C5 ❌  | doremi: gt=fa pred=sol ❌  | hz: gt=349.2282 pred=523.28 ❌
    [  74/130] anchored r= C4 i= +5 synth_pad  | midi: gt=65 pred=57 ❌  | spn: gt=F4 pred=C5 ❌  | doremi: gt=fa pred=fa# ❌  | hz: gt=349.2282 pred=523.28 ❌
    [  75/130] anchored r= C4 i= +7 sawtooth  | midi: gt=67 pred=72 ❌  | spn: gt=G4 pred=C5 ❌  | doremi: gt=sol pred=fa# ❌  | hz: gt=391.9954 pred=523.28 ❌
    [  76/130] anchored r= C4 i= +7 clarinet  | midi: gt=67 pred=59 ❌  | spn: gt=G4 pred=C5 ❌  | doremi: gt=sol pred=sol ✅  | hz: gt=391.9954 pred=523.28 ❌
    [  77/130] anchored r= C4 i=+12 flute  | midi: gt=72 pred=59 ❌  | spn: gt=C5 pred=C5 ✅  | doremi: gt=do pred=sol ❌  | hz: gt=523.2511 pred=523.28 ✅
    [  78/130] anchored r= C4 i=+12 synth_pad  | midi: gt=72 pred=57 ❌  | spn: gt=C5 pred=C5 ✅  | doremi: gt=do pred=sol ❌  | hz: gt=523.2511 pred=523.28 ✅
    [  79/130] anchored r= G4 i=-12 clarinet  | midi: gt=55 pred=69 ❌  | spn: gt=G3 pred=G5 ❌  | doremi: gt=sol pred=sol ✅  | hz: gt=195.9977 pred=784.0 ❌
    [  80/130] anchored r= G4 i=-12 violin  | midi: gt=55 pred=69 ❌  | spn: gt=G3 pred=G4 ❌  | doremi: gt=sol pred=fa# ❌  | hz: gt=195.9977 pred=784.0 ❌
    [  81/130] anchored r= G4 i= -7 violin  | midi: gt=60 pred=69 ❌  | spn: gt=C4 pred=G4 ❌  | doremi: gt=do pred=si ❌  | hz: gt=261.6256 pred=784.0 ❌
    [  82/130] anchored r= G4 i= -7 organ  | midi: gt=60 pred=69 ❌  | spn: gt=C4 pred=G5 ❌  | doremi: gt=do pred=sol ❌  | hz: gt=261.6256 pred=784.0 ❌
    [  83/130] anchored r= G4 i= -5 guitar  | midi: gt=62 pred=69 ❌  | spn: gt=D4 pred=G4 ❌  | doremi: gt=re pred=fa# ❌  | hz: gt=293.6648 pred=784.0 ❌
    [  84/130] anchored r= G4 i= -5 bass  | midi: gt=62 pred=69 ❌  | spn: gt=D4 pred=G4 ❌  | doremi: gt=re pred=fa# ❌  | hz: gt=293.6648 pred=465.17 ❌
    [  85/130] anchored r= G4 i= -4 guitar  | midi: gt=63 pred=69 ❌  | spn: gt=D#4 pred=G4 ❌  | doremi: gt=re# pred=fa# ❌  | hz: gt=311.127 pred=784.0 ❌
    [  86/130] anchored r= G4 i= -4 clarinet  | midi: gt=63 pred=69 ❌  | spn: gt=D#4 pred=G5 ❌  | doremi: gt=re# pred=si ❌  | hz: gt=311.127 pred=784.0 ❌
    [  87/130] anchored r= G4 i= -3 square  | midi: gt=64 pred=69 ❌  | spn: gt=E4 pred=G5 ❌  | doremi: gt=mi pred=fa# ❌  | hz: gt=329.6276 pred=784.0 ❌
    [  88/130] anchored r= G4 i= -3 trumpet  | midi: gt=64 pred=69 ❌  | spn: gt=E4 pred=G5 ❌  | doremi: gt=mi pred=fa# ❌  | hz: gt=329.6276 pred=784.0 ❌
    [  89/130] anchored r= G4 i= -1 sawtooth  | midi: gt=66 pred=69 ❌  | spn: gt=F#4 pred=G5 ❌  | doremi: gt=fa# pred=fa# ✅  | hz: gt=369.9944 pred=784.0 ❌
    [  90/130] anchored r= G4 i= -1 flute  | midi: gt=66 pred=69 ❌  | spn: gt=F#4 pred=G5 ❌  | doremi: gt=fa# pred=si ❌  | hz: gt=369.9944 pred=784.0 ❌
    [  91/130] anchored r= G4 i= +0 piano  | midi: gt=67 pred=69 ❌  | spn: gt=G4 pred=G4 ✅  | doremi: gt=sol pred=fa# ❌  | hz: gt=391.9954 pred=523.28 ❌
    [  92/130] anchored r= G4 i= +0 trumpet  | midi: gt=67 pred=69 ❌  | spn: gt=G4 pred=G5 ❌  | doremi: gt=sol pred=fa# ❌  | hz: gt=391.9954 pred=784.0 ❌
    [  93/130] anchored r= G4 i= +1 piano  | midi: gt=68 pred=69 ❌  | spn: gt=G#4 pred=G5 ❌  | doremi: gt=sol# pred=fa# ❌  | hz: gt=415.3047 pred=523.28 ❌
    [  94/130] anchored r= G4 i= +1 flute  | midi: gt=68 pred=69 ❌  | spn: gt=G#4 pred=G5 ❌  | doremi: gt=sol# pred=si ❌  | hz: gt=415.3047 pred=784.0 ❌
    [  95/130] anchored r= G4 i= +3 trumpet  | midi: gt=70 pred=69 ❌  | spn: gt=A#4 pred=G5 ❌  | doremi: gt=la# pred=si ❌  | hz: gt=466.1638 pred=784.0 ❌
    [  96/130] anchored r= G4 i= +3 cello  | midi: gt=70 pred=69 ❌  | spn: gt=A#4 pred=G4 ❌  | doremi: gt=la# pred=si ❌  | hz: gt=466.1638 pred=784.0 ❌
    [  97/130] anchored r= G4 i= +4 violin  | midi: gt=71 pred=69 ❌  | spn: gt=B4 pred=G5 ❌  | doremi: gt=si pred=si ✅  | hz: gt=493.8833 pred=784.0 ❌
    [  98/130] anchored r= G4 i= +4 voice  | midi: gt=71 pred=69 ❌  | spn: gt=B4 pred=G5 ❌  | doremi: gt=si pred=fa# ❌  | hz: gt=493.8833 pred=784.0 ❌
    [  99/130] anchored r= G4 i= +5 flute  | midi: gt=72 pred=69 ❌  | spn: gt=C5 pred=G5 ❌  | doremi: gt=do pred=si ❌  | hz: gt=523.2511 pred=784.0 ❌
    [ 100/130] anchored r= G4 i= +5 oboe  | midi: gt=72 pred=69 ❌  | spn: gt=C5 pred=G5 ❌  | doremi: gt=do pred=si ❌  | hz: gt=523.2511 pred=784.0 ❌
    [ 101/130] anchored r= G4 i= +7 piano  | midi: gt=74 pred=69 ❌  | spn: gt=D5 pred=G4 ❌  | doremi: gt=re pred=fa# ❌  | hz: gt=587.3295 pred=518.4 ❌
    [ 102/130] anchored r= G4 i= +7 synth_lead  | midi: gt=74 pred=69 ❌  | spn: gt=D5 pred=G5 ❌  | doremi: gt=re pred=fa# ❌  | hz: gt=587.3295 pred=784.0 ❌
    [ 103/130] anchored r= G4 i=+12 synth_pad  | midi: gt=79 pred=69 ❌  | spn: gt=G5 pred=G5 ✅  | doremi: gt=sol pred=fa# ❌  | hz: gt=783.9909 pred=784.0 ✅
    [ 104/130] anchored r= G4 i=+12 voice  | midi: gt=79 pred=69 ❌  | spn: gt=G5 pred=G5 ✅  | doremi: gt=sol pred=si ❌  | hz: gt=783.9909 pred=784.0 ✅
    [ 105/130] anchored r= F5 i=-12 sawtooth  | midi: gt=65 pred=80 ❌  | spn: gt=F4 pred=F6 ❌  | doremi: gt=fa pred=fa# ❌  | hz: gt=349.2282 pred=1073.52 ❌
    [ 106/130] anchored r= F5 i=-12 triangle  | midi: gt=65 pred=80 ❌  | spn: gt=F4 pred=F6 ❌  | doremi: gt=fa pred=fa# ❌  | hz: gt=349.2282 pred=1035.27 ❌
    [ 107/130] anchored r= F5 i= -7 organ  | midi: gt=70 pred=80 ❌  | spn: gt=A#4 pred=F6 ❌  | doremi: gt=la# pred=fa# ❌  | hz: gt=466.1638 pred=1302.57 ❌
    [ 108/130] anchored r= F5 i= -7 synth_lead  | midi: gt=70 pred=80 ❌  | spn: gt=A#4 pred=F6 ❌  | doremi: gt=la# pred=fa# ❌  | hz: gt=466.1638 pred=1073.52 ❌
    [ 109/130] anchored r= F5 i= -5 violin  | midi: gt=72 pred=80 ❌  | spn: gt=C5 pred=F6 ❌  | doremi: gt=do pred=si ❌  | hz: gt=523.2511 pred=1305.27 ❌
    [ 110/130] anchored r= F5 i= -5 voice  | midi: gt=72 pred=80 ❌  | spn: gt=C5 pred=F6 ❌  | doremi: gt=do pred=fa# ❌  | hz: gt=523.2511 pred=1302.57 ❌
    [ 111/130] anchored r= F5 i= -4 square  | midi: gt=73 pred=80 ❌  | spn: gt=C#5 pred=F6 ❌  | doremi: gt=do# pred=fa# ❌  | hz: gt=554.3653 pred=1023.57 ❌
    [ 112/130] anchored r= F5 i= -4 cello  | midi: gt=73 pred=80 ❌  | spn: gt=C#5 pred=F6 ❌  | doremi: gt=do# pred=fa# ❌  | hz: gt=554.3653 pred=1073.52 ❌
    [ 113/130] anchored r= F5 i= -3 piano  | midi: gt=74 pred=80 ❌  | spn: gt=D5 pred=F6 ❌  | doremi: gt=re pred=fa# ❌  | hz: gt=587.3295 pred=732.51 ❌
    [ 114/130] anchored r= F5 i= -3 electric_keyboard  | midi: gt=74 pred=65 ❌  | spn: gt=D5 pred=F6 ❌  | doremi: gt=re pred=fa# ❌  | hz: gt=587.3295 pred=710.53 ❌
    [ 115/130] anchored r= F5 i= -1 square  | midi: gt=76 pred=80 ❌  | spn: gt=E5 pred=F6 ❌  | doremi: gt=mi pred=fa# ❌  | hz: gt=659.2551 pred=1302.57 ❌
    [ 116/130] anchored r= F5 i= -1 bass  | midi: gt=76 pred=80 ❌  | spn: gt=E5 pred=F6 ❌  | doremi: gt=mi pred=fa# ❌  | hz: gt=659.2551 pred=732.05 ❌
    [ 117/130] anchored r= F5 i= +0 trumpet  | midi: gt=77 pred=80 ❌  | spn: gt=F5 pred=F6 ❌  | doremi: gt=fa pred=la ❌  | hz: gt=698.4565 pred=702.53 ✅
    [ 118/130] anchored r= F5 i= +0 synth_pad  | midi: gt=77 pred=80 ❌  | spn: gt=F5 pred=F6 ❌  | doremi: gt=fa pred=fa# ❌  | hz: gt=698.4565 pred=1305.27 ❌
    [ 119/130] anchored r= F5 i= +1 sine  | midi: gt=78 pred=80 ❌  | spn: gt=F#5 pred=F6 ❌  | doremi: gt=fa# pred=fa# ✅  | hz: gt=739.9888 pred=1203.75 ❌
    [ 120/130] anchored r= F5 i= +1 triangle  | midi: gt=78 pred=80 ❌  | spn: gt=F#5 pred=F6 ❌  | doremi: gt=fa# pred=fa# ✅  | hz: gt=739.9888 pred=1035.27 ❌
    [ 121/130] anchored r= F5 i= +3 triangle  | midi: gt=80 pred=80 ✅  | spn: gt=G#5 pred=F6 ❌  | doremi: gt=sol# pred=sol ❌  | hz: gt=830.6094 pred=1035.27 ❌
    [ 122/130] anchored r= F5 i= +3 clarinet  | midi: gt=80 pred=80 ✅  | spn: gt=G#5 pred=F6 ❌  | doremi: gt=sol# pred=la ❌  | hz: gt=830.6094 pred=701.52 ❌
    [ 123/130] anchored r= F5 i= +4 trombone  | midi: gt=81 pred=80 ❌  | spn: gt=A5 pred=F6 ❌  | doremi: gt=la pred=la ✅  | hz: gt=880.0 pred=1035.27 ❌
    [ 124/130] anchored r= F5 i= +4 cello  | midi: gt=81 pred=80 ❌  | spn: gt=A5 pred=F6 ❌  | doremi: gt=la pred=fa# ❌  | hz: gt=880.0 pred=1052.73 ❌
    [ 125/130] anchored r= F5 i= +5 electric_keyboard  | midi: gt=82 pred=80 ❌  | spn: gt=A#5 pred=F6 ❌  | doremi: gt=la# pred=fa# ❌  | hz: gt=932.3275 pred=715.02 ❌
    [ 126/130] anchored r= F5 i= +5 organ  | midi: gt=82 pred=80 ❌  | spn: gt=A#5 pred=F6 ❌  | doremi: gt=la# pred=fa# ❌  | hz: gt=932.3275 pred=1073.52 ❌
    [ 127/130] anchored r= F5 i= +7 sine  | midi: gt=84 pred=80 ❌  | spn: gt=C6 pred=F6 ❌  | doremi: gt=do pred=fa# ❌  | hz: gt=1046.5023 pred=1203.75 ❌
    [ 128/130] anchored r= F5 i= +7 trumpet  | midi: gt=84 pred=80 ❌  | spn: gt=C6 pred=F6 ❌  | doremi: gt=do pred=la ❌  | hz: gt=1046.5023 pred=1035.27 ❌
    [ 129/130] anchored r= F5 i=+12 trumpet  | midi: gt=89 pred=80 ❌  | spn: gt=F6 pred=F6 ✅  | doremi: gt=fa pred=la ❌  | hz: gt=1396.9129 pred=1035.27 ❌
    [ 130/130] anchored r= F5 i=+12 synth_pad  | midi: gt=89 pred=82 ❌  | spn: gt=F6 pred=F6 ✅  | doremi: gt=fa pred=fa# ❌  | hz: gt=1396.9129 pred=1305.27 ❌

============================================================
SUMMARY — audio_flamingo_next_instruct
  Sampling     : 130 of 1235 (stratified by '(ref_midi, interval)', seed=42)
  Stimuli (total)     : 130
  Stimuli (condition) : 130
  Stimuli (baseline)  : 0

  Format  Condition   Baseline
  ──────────────────────────────
    MIDI       4.6%       0.0%
     SPN       7.7%       0.0%
  DOREMI       8.5%       0.0%
      HZ       4.6%       0.0%
     ANY      13.9%       0.0%

  Headline 'accuracy' is computed on the condition subset only (see CatASpec.primary_filter).

  *** WARNING: working tree has uncommitted changes — results will NOT be exactly reproducible from git_commit alone ***


Results saved → results/run_20260506_053722/pitchbench_d7a_pitch_with_reference/run_001_20260506_061221/results_audio_flamingo_next_instruct.*

############################################################
# pitchbench_d7b_pitch_with_reference_split
############################################################

Experiment : pitchbench_d7b_pitch_with_reference_split
Models     : audio_flamingo_next_instruct
Stimuli    : 130
  Sampling     : 130 of 1235 (stratified by '(ref_midi, interval)', seed=42)

Probing multi-audio support...
  audio_flamingo_next_instruct                       not supported — skipping

No target model supports multi-audio queries; nothing to run.

############################################################
# pitchbench_d1_sequence_count_pitches
############################################################

Experiment : pitchbench_d1_sequence_count_pitches
Models     : audio_flamingo_next_instruct
Stimuli    : 140
  Sampling     : 140 of 1596 (stratified by '(n, rhythm, duration_ms)', seed=42)

  Model : Audio Flamingo Next – instruct
    [dispatch] 140 items, max_workers=2
    [   1/140] n= 1 irregular      cello dur= 1000ms t=1  count=3 ❌
    [   2/140] n= 1 irregular     square dur= 1000ms t=1  count=3 ❌
    [   3/140] n= 1 irregular       sine dur= 1000ms t=1  count=1 ✅
    [   4/140] n= 1 irregular       bass dur= 1000ms t=2  count=3 ❌
    [   5/140] n= 1 irregular electric_keyboard dur= 5000ms t=0  count=2 ❌
    [   6/140] n= 1 irregular electric_keyboard dur= 1000ms t=2  count=2 ❌
    [   7/140] n= 1 irregular     square dur= 5000ms t=2  count=1 ✅
    [   8/140] n= 1 irregular      piano dur= 5000ms t=2  count=3 ❌
    [   9/140] n= 1 irregular     square dur= 5000ms t=0  count=2 ❌
    [  10/140] n= 1 irregular       bass dur= 5000ms t=2  count=12 ❌
    [  11/140] n= 1   regular      organ dur= 1000ms t=1  count=4 ❌
    [  12/140] n= 1   regular       bass dur= 1000ms t=2  count=3 ❌
    [  13/140] n= 1   regular       oboe dur= 1000ms t=1  count=3 ❌
    [  14/140] n= 1   regular   sawtooth dur= 1000ms t=2  count=1 ✅
    [  15/140] n= 1   regular     violin dur= 1000ms t=1  count=3 ❌
    [  16/140] n= 1   regular   trombone dur= 5000ms t=0  count=1 ✅
    [  17/140] n= 1   regular       sine dur= 5000ms t=1  count=1 ✅
    [  18/140] n= 1   regular       sine dur= 5000ms t=2  count=10 ❌
    [  19/140] n= 1   regular   sawtooth dur= 5000ms t=2  count=10 ❌
    [  20/140] n= 1   regular      piano dur= 5000ms t=1  count=12 ❌
    [  21/140] n=10 irregular   clarinet dur= 1000ms t=2  count=3 ❌
    [  22/140] n=10 irregular      piano dur= 1000ms t=2  count=3 ❌
    [  23/140] n=10 irregular     violin dur= 1000ms t=2  count=3 ❌
    [  24/140] n=10 irregular       sine dur= 1000ms t=1  count=3 ❌
    [  25/140] n=10 irregular       oboe dur= 1000ms t=2  count=3 ❌
    [  26/140] n=10 irregular      piano dur= 5000ms t=0  count=12 ❌
    [  27/140] n=10 irregular       bass dur= 5000ms t=0  count=4 ❌
    [  28/140] n=10 irregular      cello dur= 5000ms t=2  count=4 ❌
    [  29/140] n=10 irregular      organ dur= 5000ms t=2  count=12 ❌
    [  30/140] n=10 irregular       oboe dur= 5000ms t=1  count=12 ❌
    [  31/140] n=10   regular    trumpet dur= 1000ms t=2  count=3 ❌
    [  32/140] n=10   regular      piano dur= 1000ms t=2  count=4 ❌
    [  33/140] n=10   regular   trombone dur= 1000ms t=1  count=3 ❌
    [  34/140] n=10   regular     violin dur= 1000ms t=1  count=3 ❌
    [  35/140] n=10   regular electric_keyboard dur= 1000ms t=2  count=4 ❌
    [  36/140] n=10   regular  synth_pad dur= 5000ms t=0  count=4 ❌
    [  37/140] n=10   regular      voice dur= 5000ms t=1  count=4 ❌
    [  38/140] n=10   regular       sine dur= 5000ms t=0  count=3 ❌
    [  39/140] n=10   regular synth_lead dur= 5000ms t=0  count=4 ❌
    [  40/140] n=10   regular   triangle dur= 5000ms t=1  count=3 ❌
    [  41/140] n= 2 irregular      organ dur= 1000ms t=2  count=4 ❌
    [  42/140] n= 2 irregular   trombone dur= 1000ms t=0  count=2 ✅
    [  43/140] n= 2 irregular      flute dur= 1000ms t=0  count=3 ❌
    [  44/140] n= 2 irregular electric_keyboard dur= 1000ms t=2  count=3 ❌
    [  45/140] n= 2 irregular   triangle dur= 1000ms t=0  count=2 ✅
    [  46/140] n= 2 irregular      piano dur= 5000ms t=1  count=3 ❌
    [  47/140] n= 2 irregular synth_lead dur= 5000ms t=0  count=2 ✅
    [  48/140] n= 2 irregular      flute dur= 5000ms t=0  count=2 ✅
    [  49/140] n= 2 irregular     square dur= 5000ms t=0  count=2 ✅
    [  50/140] n= 2 irregular   sawtooth dur= 5000ms t=2  count=2 ✅
    [  51/140] n= 2   regular    trumpet dur= 1000ms t=0  count=2 ✅
    [  52/140] n= 2   regular     square dur= 1000ms t=0  count=3 ❌
    [  53/140] n= 2   regular      flute dur= 1000ms t=1  count=2 ✅
    [  54/140] n= 2   regular      voice dur= 1000ms t=0  count=3 ❌
    [  55/140] n= 2   regular     violin dur= 1000ms t=2  count=3 ❌
    [  56/140] n= 2   regular electric_keyboard dur= 5000ms t=1  count=2 ✅
    [  57/140] n= 2   regular  synth_pad dur= 5000ms t=0  count=2 ✅
    [  58/140] n= 2   regular       sine dur= 5000ms t=2  count=10 ❌
    [  59/140] n= 2   regular       bass dur= 5000ms t=1  count=2 ✅
    [  60/140] n= 2   regular   trombone dur= 5000ms t=2  count=1 ❌
    [  61/140] n= 3 irregular       oboe dur= 1000ms t=1  count=3 ✅
    [  62/140] n= 3 irregular     square dur= 1000ms t=1  count=3 ✅
    [  63/140] n= 3 irregular    trumpet dur= 1000ms t=0  count=3 ✅
    [  64/140] n= 3 irregular   sawtooth dur= 1000ms t=2  count=2 ❌
    [  65/140] n= 3 irregular       oboe dur= 1000ms t=2  count=3 ✅
    [  66/140] n= 3 irregular     guitar dur= 5000ms t=0  count=3 ✅
    [  67/140] n= 3 irregular  synth_pad dur= 5000ms t=2  count=3 ✅
    [  68/140] n= 3 irregular      cello dur= 5000ms t=1  count=3 ✅
    [  69/140] n= 3 irregular      cello dur= 5000ms t=0  count=3 ✅
    [  70/140] n= 3 irregular      voice dur= 5000ms t=2  count=3 ✅
    [  71/140] n= 3   regular      voice dur= 1000ms t=1  count=3 ✅
    [  72/140] n= 3   regular      flute dur= 1000ms t=2  count=3 ✅
    [  73/140] n= 3   regular     violin dur= 1000ms t=0  count=3 ✅
    [  74/140] n= 3   regular      piano dur= 1000ms t=0  count=3 ✅
    [  75/140] n= 3   regular       bass dur= 1000ms t=0  count=3 ✅
    [  76/140] n= 3   regular   sawtooth dur= 5000ms t=1  count=3 ✅
    [  77/140] n= 3   regular       sine dur= 5000ms t=2  count=3 ✅
    [  78/140] n= 3   regular      organ dur= 5000ms t=0  count=4 ❌
    [  79/140] n= 3   regular      piano dur= 5000ms t=2  count=3 ✅
    [  80/140] n= 3   regular synth_lead dur= 5000ms t=1  count=3 ✅
    [  81/140] n= 4 irregular     guitar dur= 1000ms t=0  count=3 ❌
    [  82/140] n= 4 irregular   sawtooth dur= 1000ms t=2  count=2 ❌
    [  83/140] n= 4 irregular      voice dur= 1000ms t=0  count=3 ❌
    [  84/140] n= 4 irregular      piano dur= 1000ms t=2  count=3 ❌
    [  85/140] n= 4 irregular      voice dur= 1000ms t=1  count=4 ✅
    [  86/140] n= 4 irregular     square dur= 5000ms t=0  count=3 ❌
    [  87/140] n= 4 irregular    trumpet dur= 5000ms t=0  count=3 ❌
    [  88/140] n= 4 irregular electric_keyboard dur= 5000ms t=2  count=3 ❌
    [  89/140] n= 4 irregular   trombone dur= 5000ms t=2  count=3 ❌
    [  90/140] n= 4 irregular      cello dur= 5000ms t=1  count=4 ✅
    [  91/140] n= 4   regular  synth_pad dur= 1000ms t=2  count=3 ❌
    [  92/140] n= 4   regular      flute dur= 1000ms t=2  count=3 ❌
    [  93/140] n= 4   regular   triangle dur= 1000ms t=1  count=3 ❌
    [  94/140] n= 4   regular      flute dur= 1000ms t=1  count=3 ❌
    [  95/140] n= 4   regular      piano dur= 1000ms t=1  count=3 ❌
    [  96/140] n= 4   regular      organ dur= 5000ms t=0  count=3 ❌
    [  97/140] n= 4   regular electric_keyboard dur= 5000ms t=2  count=3 ❌
    [  98/140] n= 4   regular      organ dur= 5000ms t=2  count=4 ✅
    [  99/140] n= 4   regular      organ dur= 5000ms t=1  count=3 ❌
    [ 100/140] n= 4   regular      cello dur= 5000ms t=2  count=3 ❌
    [ 101/140] n= 5 irregular   sawtooth dur= 1000ms t=1  count=2 ❌
    [ 102/140] n= 5 irregular     violin dur= 1000ms t=2  count=3 ❌
    [ 103/140] n= 5 irregular      cello dur= 1000ms t=1  count=3 ❌
    [ 104/140] n= 5 irregular   triangle dur= 1000ms t=1  count=3 ❌
    [ 105/140] n= 5 irregular       oboe dur= 1000ms t=1  count=3 ❌
    [ 106/140] n= 5 irregular       bass dur= 5000ms t=1  count=4 ❌
    [ 107/140] n= 5 irregular electric_keyboard dur= 5000ms t=0  count=4 ❌
    [ 108/140] n= 5 irregular   triangle dur= 5000ms t=1  count=3 ❌
    [ 109/140] n= 5 irregular   trombone dur= 5000ms t=2  count=3 ❌
    [ 110/140] n= 5 irregular    trumpet dur= 5000ms t=0  count=3 ❌
    [ 111/140] n= 5   regular electric_keyboard dur= 1000ms t=2  count=4 ❌
    [ 112/140] n= 5   regular      cello dur= 1000ms t=1  count=4 ❌
    [ 113/140] n= 5   regular      organ dur= 1000ms t=2  count=4 ❌
    [ 114/140] n= 5   regular       oboe dur= 1000ms t=2  count=3 ❌
    [ 115/140] n= 5   regular      piano dur= 1000ms t=2  count=4 ❌
    [ 116/140] n= 5   regular      organ dur= 5000ms t=1  count=4 ❌
    [ 117/140] n= 5   regular     guitar dur= 5000ms t=2  count=4 ❌
    [ 118/140] n= 5   regular  synth_pad dur= 5000ms t=2  count=3 ❌
    [ 119/140] n= 5   regular synth_lead dur= 5000ms t=1  count=4 ❌
    [ 120/140] n= 5   regular   sawtooth dur= 5000ms t=0  count=3 ❌
    [ 121/140] n= 7 irregular      piano dur= 1000ms t=2  count=3 ❌
    [ 122/140] n= 7 irregular  synth_pad dur= 1000ms t=1  count=3 ❌
    [ 123/140] n= 7 irregular       sine dur= 1000ms t=2  count=2 ❌
    [ 124/140] n= 7 irregular  synth_pad dur= 1000ms t=0  count=3 ❌
    [ 125/140] n= 7 irregular     guitar dur= 1000ms t=2  count=4 ❌
    [ 126/140] n= 7 irregular    trumpet dur= 5000ms t=1  count=3 ❌
    [ 127/140] n= 7 irregular electric_keyboard dur= 5000ms t=2  count=2 ❌
    [ 128/140] n= 7 irregular   sawtooth dur= 5000ms t=1  count=2 ❌
    [ 129/140] n= 7 irregular      piano dur= 5000ms t=1  count=12 ❌
    [ 130/140] n= 7 irregular     violin dur= 5000ms t=0  count=4 ❌
    [ 131/140] n= 7   regular       bass dur= 1000ms t=0  count=3 ❌
    [ 132/140] n= 7   regular      voice dur= 1000ms t=2  count=4 ❌
    [ 133/140] n= 7   regular      piano dur= 1000ms t=1  count=4 ❌
    [ 134/140] n= 7   regular     guitar dur= 1000ms t=2  count=4 ❌
    [ 135/140] n= 7   regular      cello dur= 1000ms t=2  count=4 ❌
    [ 136/140] n= 7   regular   clarinet dur= 5000ms t=1  count=3 ❌
    [ 137/140] n= 7   regular    trumpet dur= 5000ms t=1  count=3 ❌
    [ 138/140] n= 7   regular      voice dur= 5000ms t=2  count=4 ❌
    [ 139/140] n= 7   regular   trombone dur= 5000ms t=2  count=3 ❌
    [ 140/140] n= 7   regular      cello dur= 5000ms t=2  count=3 ❌

============================================================
SUMMARY — audio_flamingo_next_instruct
  Sampling     : 140 of 1596 (stratified by '(n, rhythm, duration_ms)', seed=42)
  Stimuli (total)     : 140
  Stimuli (condition) : 140  (all records)

          Metric   Accuracy
  ───────────────────────────
           COUNT      26.4%

  *** WARNING: working tree has uncommitted changes — results will NOT be exactly reproducible from git_commit alone ***


Results saved → results/run_20260506_053722/pitchbench_d1_sequence_count_pitches/run_001_20260506_061342/results_audio_flamingo_next_instruct.*

############################################################
# pitchbench_d2_dyad_lower_higher_difference
############################################################

Experiment : pitchbench_d2_dyad_lower_higher_difference
Models     : audio_flamingo_next_instruct
Stimuli    : 132
  Sampling     : 132 of 15048 (stratified by '(delta_cents, order, duration_ms, base_name)', seed=42)

  Model : Audio Flamingo Next – instruct
    [dispatch] 132 items, max_workers=2
    [   1/132] A3 Δ=    1c sep=1000ms dur=1000ms  answer=first ❌
    [   2/132] A4 Δ=    1c sep=2000ms dur=1000ms  answer=first ❌
    [   3/132] A5 Δ=    1c sep= 500ms dur=1000ms  answer=first ❌
    [   4/132] A3 Δ=    1c sep=2000ms dur=5000ms  answer=first ❌
    [   5/132] A4 Δ=    1c sep=1000ms dur=5000ms  answer=first ❌
    [   6/132] A5 Δ=    1c sep= 200ms dur=5000ms  answer=first ❌
    [   7/132] A3 Δ=    1c sep= 500ms dur=1000ms  answer=first ✅
    [   8/132] A4 Δ=    1c sep= 500ms dur=1000ms  answer=first ✅
    [   9/132] A5 Δ=    1c sep=2000ms dur=1000ms  answer=first ✅
    [  10/132] A3 Δ=    1c sep= 500ms dur=5000ms  answer=first ✅
    [  11/132] A4 Δ=    1c sep= 200ms dur=5000ms  answer=first ✅
    [  12/132] A5 Δ=    1c sep=2000ms dur=5000ms  answer=first ✅
    [  13/132] A3 Δ=   10c sep=2000ms dur=1000ms  answer=second ✅
    [  14/132] A4 Δ=   10c sep=2000ms dur=1000ms  answer=first ❌
    [  15/132] A5 Δ=   10c sep= 500ms dur=1000ms  answer=first ❌
    [  16/132] A3 Δ=   10c sep=1000ms dur=5000ms  answer=first ❌
    [  17/132] A4 Δ=   10c sep=2000ms dur=5000ms  answer=first ❌
    [  18/132] A5 Δ=   10c sep= 500ms dur=5000ms  answer=first ❌
    [  19/132] A3 Δ=   10c sep= 500ms dur=1000ms  answer=first ✅
    [  20/132] A4 Δ=   10c sep=2000ms dur=1000ms  answer=first ✅
    [  21/132] A3 Δ=   10c sep= 200ms dur=5000ms  answer=first ✅
    [  22/132] A5 Δ=   10c sep= 200ms dur=1000ms  answer=first ✅
    [  23/132] A5 Δ=   10c sep=2000ms dur=5000ms  answer=first ✅
    [  24/132] A4 Δ=   10c sep= 500ms dur=5000ms  answer=first ✅
    [  25/132] A4 Δ=  100c sep=1000ms dur=1000ms  answer=first ❌
    [  26/132] A3 Δ=  100c sep= 500ms dur=1000ms  answer=first ❌
    [  27/132] A5 Δ=  100c sep= 500ms dur=1000ms  answer=first ❌
    [  28/132] A3 Δ=  100c sep= 500ms dur=5000ms  answer=first ❌
    [  29/132] A4 Δ=  100c sep= 200ms dur=5000ms  answer=first ❌
    [  30/132] A5 Δ=  100c sep= 200ms dur=5000ms  answer=first ❌
    [  31/132] A4 Δ=  100c sep= 200ms dur=1000ms  answer=first ✅
    [  32/132] A3 Δ=  100c sep=2000ms dur=1000ms  answer=first ✅
    [  33/132] A3 Δ=  100c sep= 200ms dur=5000ms  answer=first ✅
    [  34/132] A5 Δ=  100c sep= 500ms dur=1000ms  answer=first ✅
    [  35/132] A5 Δ=  100c sep= 500ms dur=5000ms  answer=first ✅
    [  36/132] A4 Δ=  100c sep= 500ms dur=5000ms  answer=first ✅
    [  37/132] A4 Δ= 1200c sep= 500ms dur=1000ms  answer=first ❌
    [  38/132] A3 Δ= 1200c sep=1000ms dur=1000ms  answer=first ❌
    [  39/132] A3 Δ= 1200c sep=2000ms dur=5000ms  answer=first ❌
    [  40/132] A5 Δ= 1200c sep=2000ms dur=1000ms  answer=first ❌
    [  41/132] A4 Δ= 1200c sep= 500ms dur=5000ms  answer=first ❌
    [  42/132] A5 Δ= 1200c sep= 500ms dur=5000ms  answer=first ❌
    [  43/132] A4 Δ= 1200c sep=2000ms dur=1000ms  answer=first ✅
    [  44/132] A3 Δ= 1200c sep= 200ms dur=1000ms  answer=first ✅
    [  45/132] A3 Δ= 1200c sep= 500ms dur=5000ms  answer=first ✅
    [  46/132] A5 Δ= 1200c sep=1000ms dur=1000ms  answer=first ✅
    [  47/132] A4 Δ= 1200c sep=1000ms dur=5000ms  answer=first ✅
    [  48/132] A5 Δ= 1200c sep=1000ms dur=5000ms  answer=first ✅
    [  49/132] A4 Δ=    2c sep=1000ms dur=1000ms  answer=first ❌
    [  50/132] A3 Δ=    2c sep= 200ms dur=1000ms  answer=first ❌
    [  51/132] A3 Δ=    2c sep=2000ms dur=5000ms  answer=first ❌
    [  52/132] A5 Δ=    2c sep= 500ms dur=1000ms  answer=first ❌
    [  53/132] A4 Δ=    2c sep= 500ms dur=5000ms  answer=first ❌
    [  54/132] A5 Δ=    2c sep= 200ms dur=5000ms  answer=first ❌
    [  55/132] A4 Δ=    2c sep= 500ms dur=1000ms  answer=first ✅
    [  56/132] A3 Δ=    2c sep=2000ms dur=1000ms  answer=first ✅
    [  57/132] A3 Δ=    2c sep=2000ms dur=5000ms  answer=first ✅
    [  58/132] A5 Δ=    2c sep=2000ms dur=1000ms  answer=first ✅
    [  59/132] A4 Δ=    2c sep=2000ms dur=5000ms  answer=second ❌
    [  60/132] A5 Δ=    2c sep= 200ms dur=5000ms  answer=first ✅
    [  61/132] A3 Δ=  200c sep=2000ms dur=1000ms  answer=first ❌
    [  62/132] A4 Δ=  200c sep=1000ms dur=1000ms  answer=first ❌
    [  63/132] A3 Δ=  200c sep=2000ms dur=5000ms  answer=first ❌
    [  64/132] A5 Δ=  200c sep= 200ms dur=1000ms  answer=first ❌
    [  65/132] A4 Δ=  200c sep= 500ms dur=5000ms  answer=first ❌
    [  66/132] A5 Δ=  200c sep=1000ms dur=5000ms  answer=first ❌
    [  67/132] A4 Δ=  200c sep=2000ms dur=1000ms  answer=first ✅
    [  68/132] A3 Δ=  200c sep=2000ms dur=1000ms  answer=second ❌
    [  69/132] A5 Δ=  200c sep= 500ms dur=1000ms  answer=first ✅
    [  70/132] A3 Δ=  200c sep= 200ms dur=5000ms  answer=first ✅
    [  71/132] A5 Δ=  200c sep=2000ms dur=5000ms  answer=first ✅
    [  72/132] A4 Δ=  200c sep= 200ms dur=5000ms  answer=first ✅
    [  73/132] A4 Δ=   25c sep=1000ms dur=1000ms  answer=second ✅
    [  74/132] A3 Δ=   25c sep=2000ms dur=1000ms  answer=first ❌
    [  75/132] A5 Δ=   25c sep=2000ms dur=1000ms  answer=first ❌
    [  76/132] A3 Δ=   25c sep= 500ms dur=5000ms  answer=first ❌
    [  77/132] A5 Δ=   25c sep=1000ms dur=5000ms  answer=first ❌
    [  78/132] A4 Δ=   25c sep=2000ms dur=5000ms  answer=first ❌
    [  79/132] A4 Δ=   25c sep=2000ms dur=1000ms  answer=first ✅
    [  80/132] A3 Δ=   25c sep=1000ms dur=1000ms  answer=first ✅
    [  81/132] A5 Δ=   25c sep=1000ms dur=1000ms  answer=first ✅
    [  82/132] A3 Δ=   25c sep= 200ms dur=5000ms  answer=first ✅
    [  83/132] A5 Δ=   25c sep=1000ms dur=5000ms  answer=first ✅
    [  84/132] A4 Δ=   25c sep=1000ms dur=5000ms  answer=first ✅
    [  85/132] A3 Δ=  400c sep=1000ms dur=1000ms  answer=first ❌
    [  86/132] A4 Δ=  400c sep=2000ms dur=1000ms  answer=second ✅
    [  87/132] A3 Δ=  400c sep= 500ms dur=5000ms  answer=first ❌
    [  88/132] A5 Δ=  400c sep= 500ms dur=1000ms  answer=first ❌
    [  89/132] A5 Δ=  400c sep= 500ms dur=5000ms  answer=first ❌
    [  90/132] A4 Δ=  400c sep= 500ms dur=5000ms  answer=first ❌
    [  91/132] A4 Δ=  400c sep= 200ms dur=1000ms  answer=second ❌
    [  92/132] A3 Δ=  400c sep=2000ms dur=1000ms  answer=first ✅
    [  93/132] A5 Δ=  400c sep= 500ms dur=1000ms  answer=second ❌
    [  94/132] A3 Δ=  400c sep=1000ms dur=5000ms  answer=first ✅
    [  95/132] A5 Δ=  400c sep= 200ms dur=5000ms  answer=second ❌
    [  96/132] A4 Δ=  400c sep=2000ms dur=5000ms  answer=first ✅
    [  97/132] A3 Δ=    5c sep=1000ms dur=1000ms  answer=first ❌
    [  98/132] A4 Δ=    5c sep= 500ms dur=1000ms  answer=first ❌
    [  99/132] A3 Δ=    5c sep=1000ms dur=5000ms  answer=first ❌
    [ 100/132] A5 Δ=    5c sep= 200ms dur=1000ms  answer=first ❌
    [ 101/132] A4 Δ=    5c sep= 500ms dur=5000ms  answer=second ✅
    [ 102/132] A5 Δ=    5c sep=1000ms dur=5000ms  answer=first ❌
    [ 103/132] A3 Δ=    5c sep= 500ms dur=1000ms  answer=first ✅
    [ 104/132] A4 Δ=    5c sep= 500ms dur=1000ms  answer=first ✅
    [ 105/132] A3 Δ=    5c sep= 500ms dur=5000ms  answer=first ✅
    [ 106/132] A5 Δ=    5c sep=2000ms dur=1000ms  answer=first ✅
    [ 107/132] A4 Δ=    5c sep= 200ms dur=5000ms  answer=first ✅
    [ 108/132] A5 Δ=    5c sep=1000ms dur=5000ms  answer=first ✅
    [ 109/132] A3 Δ=   50c sep=2000ms dur=1000ms  answer=first ❌
    [ 110/132] A4 Δ=   50c sep= 200ms dur=1000ms  answer=first ❌
    [ 111/132] A5 Δ=   50c sep=2000ms dur=1000ms  answer=first ❌
    [ 112/132] A3 Δ=   50c sep=1000ms dur=5000ms  answer=first ❌
    [ 113/132] A5 Δ=   50c sep=2000ms dur=5000ms  answer=first ❌
    [ 114/132] A4 Δ=   50c sep=2000ms dur=5000ms  answer=first ❌
    [ 115/132] A4 Δ=   50c sep= 500ms dur=1000ms  answer=first ✅
    [ 116/132] A3 Δ=   50c sep=1000ms dur=1000ms  answer=first ✅
    [ 117/132] A5 Δ=   50c sep=1000ms dur=1000ms  answer=first ✅
    [ 118/132] A3 Δ=   50c sep= 200ms dur=5000ms  answer=first ✅
    [ 119/132] A4 Δ=   50c sep= 500ms dur=5000ms  answer=first ✅
    [ 120/132] A5 Δ=   50c sep= 500ms dur=5000ms  answer=first ✅
    [ 121/132] A3 Δ=  700c sep=1000ms dur=1000ms  answer=first ❌
    [ 122/132] A4 Δ=  700c sep= 500ms dur=1000ms  answer=first ❌
    [ 123/132] A5 Δ=  700c sep=2000ms dur=1000ms  answer=first ❌
    [ 124/132] A3 Δ=  700c sep=1000ms dur=5000ms  answer=first ❌
    [ 125/132] A4 Δ=  700c sep= 500ms dur=5000ms  answer=second ✅
    [ 126/132] A5 Δ=  700c sep=1000ms dur=5000ms  answer=second ✅
    [ 127/132] A3 Δ=  700c sep=2000ms dur=1000ms  answer=first ✅
    [ 128/132] A4 Δ=  700c sep=1000ms dur=1000ms  answer=first ✅
    [ 129/132] A5 Δ=  700c sep= 200ms dur=1000ms  answer=first ✅
    [ 130/132] A3 Δ=  700c sep= 500ms dur=5000ms  answer=second ❌
    [ 131/132] A4 Δ=  700c sep=1000ms dur=5000ms  answer=first ✅
    [ 132/132] A5 Δ=  700c sep= 200ms dur=5000ms  answer=first ✅

============================================================
SUMMARY — audio_flamingo_next_instruct
  Sampling     : 132 of 15048 (stratified by '(delta_cents, order, duration_ms, base_name)', seed=42)
  Stimuli (total)     : 132
  Stimuli (condition) : 132  (all records)

          Metric   Accuracy
  ───────────────────────────
          ANSWER      50.0%

  *** WARNING: working tree has uncommitted changes — results will NOT be exactly reproducible from git_commit alone ***


Results saved → results/run_20260506_053722/pitchbench_d2_dyad_lower_higher_difference/run_001_20260506_061359/results_audio_flamingo_next_instruct.*

############################################################
# pitchbench_d3_contour_discrete
############################################################

Experiment : pitchbench_d3_contour_discrete
Models     : audio_flamingo_next_instruct
Stimuli    : 180
  Sampling     : 180 of 21614 (stratified by '(n_transitions, step_size_st, note_duration_ms)', seed=42)

  Model : Audio Flamingo Next – instruct
    [dispatch] 180 items, max_workers=2
    [   1/180] nT=2 step=1st dur=1000ms synth_lead  sequence=None ❌
    [   2/180] nT=2 step=1st dur=1000ms square  sequence=None ❌
    [   3/180] nT=2 step=1st dur=1000ms sine  sequence=None ❌
    [   4/180] nT=2 step=1st dur= 250ms voice  sequence=None ❌
    [   5/180] nT=2 step=1st dur= 250ms flute  sequence=None ❌
    [   6/180] nT=2 step=1st dur= 250ms guitar  sequence=None ❌
    [   7/180] nT=2 step=1st dur= 500ms electric_keyboard  sequence=None ❌
    [   8/180] nT=2 step=1st dur= 500ms triangle  sequence=None ❌
    [   9/180] nT=2 step=1st dur= 500ms voice  sequence=None ❌
    [  10/180] nT=2 step=11st dur=1000ms square  sequence=None ❌
    [  11/180] nT=2 step=11st dur=1000ms voice  sequence=None ❌
    [  12/180] nT=2 step=11st dur=1000ms organ  sequence=None ❌
    [  13/180] nT=2 step=11st dur= 250ms bass  sequence=None ❌
    [  14/180] nT=2 step=11st dur= 250ms square  sequence=None ❌
    [  15/180] nT=2 step=11st dur= 250ms oboe  sequence=None ❌
    [  16/180] nT=2 step=11st dur= 500ms sine  sequence=None ❌
    [  17/180] nT=2 step=11st dur= 500ms sine  sequence=None ❌
    [  18/180] nT=2 step=11st dur= 500ms square  sequence=None ❌
    [  19/180] nT=2 step=2st dur=1000ms electric_keyboard  sequence=None ❌
    [  20/180] nT=2 step=2st dur=1000ms electric_keyboard  sequence=None ❌
    [  21/180] nT=2 step=2st dur= 250ms bass  sequence=None ❌
    [  22/180] nT=2 step=2st dur=1000ms violin  sequence=None ❌
    [  23/180] nT=2 step=2st dur= 250ms sine  sequence=None ❌
    [  24/180] nT=2 step=2st dur= 250ms organ  sequence=None ❌
    [  25/180] nT=2 step=2st dur= 500ms electric_keyboard  sequence=None ❌
    [  26/180] nT=2 step=2st dur= 500ms voice  sequence=None ❌
    [  27/180] nT=2 step=2st dur= 500ms synth_lead  sequence=None ❌
    [  28/180] nT=2 step=4st dur=1000ms synth_pad  sequence=None ❌
    [  29/180] nT=2 step=4st dur=1000ms clarinet  sequence=None ❌
    [  30/180] nT=2 step=4st dur= 250ms electric_keyboard  sequence=None ❌
    [  31/180] nT=2 step=4st dur= 250ms oboe  sequence=None ❌
    [  32/180] nT=2 step=4st dur= 250ms bass  sequence=None ❌
    [  33/180] nT=2 step=4st dur= 500ms flute  sequence=None ❌
    [  34/180] nT=2 step=4st dur= 500ms sine  sequence=None ❌
    [  35/180] nT=2 step=4st dur= 500ms piano  sequence=None ❌
    [  36/180] nT=2 step=7st dur=1000ms synth_pad  sequence=None ❌
    [  37/180] nT=2 step=7st dur=1000ms clarinet  sequence=None ❌
    [  38/180] nT=2 step=7st dur=1000ms trumpet  sequence=None ❌
    [  39/180] nT=2 step=4st dur=1000ms cello  sequence=None ❌
    [  40/180] nT=2 step=7st dur= 250ms triangle  sequence=None ❌
    [  41/180] nT=2 step=7st dur= 250ms electric_keyboard  sequence=None ❌
    [  42/180] nT=2 step=7st dur= 500ms trumpet  sequence=None ❌
    [  43/180] nT=2 step=7st dur= 500ms square  sequence=None ❌
    [  44/180] nT=2 step=7st dur= 500ms square  sequence=None ❌
    [  45/180] nT=3 step=1st dur=1000ms trombone  sequence=None ❌
    [  46/180] nT=3 step=1st dur=1000ms square  sequence=None ❌
    [  47/180] nT=3 step=1st dur=1000ms trombone  sequence=None ❌
    [  48/180] nT=3 step=1st dur= 250ms trumpet  sequence=None ❌
    [  49/180] nT=3 step=1st dur= 250ms bass  sequence=None ❌
    [  50/180] nT=3 step=1st dur= 250ms guitar  sequence=None ❌
    [  51/180] nT=2 step=7st dur= 250ms flute  sequence=None ❌
    [  52/180] nT=3 step=1st dur= 500ms sawtooth  sequence=None ❌
    [  53/180] nT=3 step=1st dur= 500ms voice  sequence=None ❌
    [  54/180] nT=3 step=11st dur=1000ms bass  sequence=None ❌
    [  55/180] nT=3 step=11st dur=1000ms triangle  sequence=None ❌
    [  56/180] nT=3 step=11st dur=1000ms clarinet  sequence=None ❌
    [  57/180] nT=3 step=11st dur= 250ms square  sequence=None ❌
    [  58/180] nT=3 step=11st dur= 250ms bass  sequence=None ❌
    [  59/180] nT=3 step=11st dur= 250ms trumpet  sequence=None ❌
    [  60/180] nT=3 step=11st dur= 500ms synth_pad  sequence=None ❌
    [  61/180] nT=3 step=11st dur= 500ms synth_pad  sequence=None ❌
    [  62/180] nT=3 step=11st dur= 500ms clarinet  sequence=None ❌
    [  63/180] nT=3 step=2st dur=1000ms organ  sequence=None ❌
    [  64/180] nT=3 step=1st dur= 500ms oboe  sequence=None ❌
    [  65/180] nT=3 step=2st dur=1000ms voice  sequence=None ❌
    [  66/180] nT=3 step=2st dur= 250ms sawtooth  sequence=None ❌
    [  67/180] nT=3 step=2st dur= 250ms sawtooth  sequence=None ❌
    [  68/180] nT=3 step=2st dur= 250ms synth_lead  sequence=None ❌
    [  69/180] nT=3 step=2st dur= 500ms electric_keyboard  sequence=None ❌
    [  70/180] nT=3 step=2st dur= 500ms flute  sequence=None ❌
    [  71/180] nT=3 step=2st dur= 500ms square  sequence=None ❌
    [  72/180] nT=3 step=4st dur=1000ms electric_keyboard  sequence=None ❌
    [  73/180] nT=3 step=4st dur=1000ms square  sequence=None ❌
    [  74/180] nT=3 step=4st dur=1000ms trombone  sequence=None ❌
    [  75/180] nT=3 step=2st dur=1000ms piano  sequence=None ❌
    [  76/180] nT=3 step=4st dur= 250ms flute  sequence=None ❌
    [  77/180] nT=3 step=4st dur= 250ms oboe  sequence=None ❌
    [  78/180] nT=3 step=4st dur= 250ms synth_lead  sequence=None ❌
    [  79/180] nT=3 step=4st dur= 500ms trombone  sequence=None ❌
    [  80/180] nT=3 step=4st dur= 500ms piano  sequence=None ❌
    [  81/180] nT=3 step=4st dur= 500ms trombone  sequence=None ❌
    [  82/180] nT=3 step=7st dur=1000ms trombone  sequence=None ❌
    [  83/180] nT=3 step=7st dur=1000ms electric_keyboard  sequence=None ❌
    [  84/180] nT=3 step=7st dur=1000ms synth_pad  sequence=None ❌
    [  85/180] nT=3 step=7st dur= 250ms guitar  sequence=None ❌
    [  86/180] nT=3 step=7st dur= 250ms voice  sequence=None ❌
    [  87/180] nT=3 step=7st dur= 250ms synth_pad  sequence=None ❌
    [  88/180] nT=3 step=7st dur= 500ms synth_lead  sequence=None ❌
    [  89/180] nT=3 step=7st dur= 500ms sawtooth  sequence=None ❌
    [  90/180] nT=3 step=7st dur= 500ms bass  sequence=None ❌
    [  91/180] nT=5 step=1st dur=1000ms synth_lead  sequence=None ❌
    [  92/180] nT=5 step=1st dur=1000ms piano  sequence=None ❌
    [  93/180] nT=5 step=1st dur=1000ms cello  sequence=None ❌
    [  94/180] nT=5 step=1st dur= 250ms voice  sequence=None ❌
    [  95/180] nT=5 step=1st dur= 250ms guitar  sequence=None ❌
    [  96/180] nT=5 step=1st dur= 250ms piano  sequence=None ❌
    [  97/180] nT=5 step=1st dur= 500ms trombone  sequence=None ❌
    [  98/180] nT=5 step=1st dur= 500ms guitar  sequence=None ❌
    [  99/180] nT=5 step=11st dur=1000ms voice  sequence=None ❌
    [ 100/180] nT=5 step=11st dur=1000ms flute  sequence=None ❌
    [ 101/180] nT=5 step=11st dur=1000ms clarinet  sequence=None ❌
    [ 102/180] nT=5 step=11st dur= 250ms square  sequence=None ❌
    [ 103/180] nT=5 step=11st dur= 250ms trumpet  sequence=None ❌
    [ 104/180] nT=5 step=1st dur= 500ms oboe  sequence=None ❌
    [ 105/180] nT=5 step=11st dur= 500ms clarinet  sequence=None ❌
    [ 106/180] nT=5 step=11st dur= 500ms cello  sequence=None ❌
    [ 107/180] nT=5 step=11st dur= 500ms trombone  sequence=None ❌
    [ 108/180] nT=5 step=2st dur=1000ms sawtooth  sequence=None ❌
    [ 109/180] nT=5 step=2st dur=1000ms electric_keyboard  sequence=None ❌
    [ 110/180] nT=5 step=2st dur=1000ms organ  sequence=None ❌
    [ 111/180] nT=5 step=2st dur= 250ms voice  sequence=None ❌
    [ 112/180] nT=5 step=2st dur= 250ms trumpet  sequence=None ❌
    [ 113/180] nT=5 step=2st dur= 250ms electric_keyboard  sequence=None ❌
    [ 114/180] nT=5 step=11st dur= 250ms sawtooth  sequence=None ❌
    [ 115/180] nT=5 step=2st dur= 500ms synth_lead  sequence=None ❌
    [ 116/180] nT=5 step=2st dur= 500ms violin  sequence=None ❌
    [ 117/180] nT=5 step=2st dur= 500ms clarinet  sequence=None ❌
    [ 118/180] nT=5 step=4st dur=1000ms synth_lead  sequence=None ❌
    [ 119/180] nT=5 step=4st dur=1000ms oboe  sequence=None ❌
    [ 120/180] nT=5 step=4st dur= 250ms guitar  sequence=None ❌
    [ 121/180] nT=5 step=4st dur=1000ms triangle  sequence=None ❌
    [ 122/180] nT=5 step=4st dur= 250ms triangle  sequence=None ❌
    [ 123/180] nT=5 step=4st dur= 250ms guitar  sequence=None ❌
    [ 124/180] nT=5 step=4st dur= 500ms organ  sequence=None ❌
    [ 125/180] nT=5 step=4st dur= 500ms cello  sequence=None ❌
    [ 126/180] nT=5 step=4st dur= 500ms guitar  sequence=None ❌
    [ 127/180] nT=5 step=7st dur=1000ms synth_lead  sequence=None ❌
    [ 128/180] nT=5 step=7st dur=1000ms oboe  sequence=None ❌
    [ 129/180] nT=5 step=7st dur=1000ms synth_lead  sequence=None ❌
    [ 130/180] nT=5 step=7st dur= 250ms oboe  sequence=None ❌
    [ 131/180] nT=5 step=7st dur= 250ms clarinet  sequence=None ❌
    [ 132/180] nT=5 step=7st dur= 250ms guitar  sequence=None ❌
    [ 133/180] nT=5 step=7st dur= 500ms triangle  sequence=None ❌
    [ 134/180] nT=5 step=7st dur= 500ms organ  sequence=None ❌
    [ 135/180] nT=5 step=7st dur= 500ms cello  sequence=None ❌
    [ 136/180] nT=7 step=1st dur=1000ms sawtooth  sequence=None ❌
    [ 137/180] nT=7 step=1st dur=1000ms square  sequence=None ❌
    [ 138/180] nT=7 step=1st dur=1000ms square  sequence=None ❌
    [ 139/180] nT=7 step=1st dur= 250ms triangle  sequence=None ❌
    [ 140/180] nT=7 step=1st dur= 250ms synth_lead  sequence=None ❌
    [ 141/180] nT=7 step=1st dur= 250ms piano  sequence=None ❌
    [ 142/180] nT=7 step=1st dur= 500ms synth_pad  sequence=None ❌
    [ 143/180] nT=7 step=1st dur= 500ms clarinet  sequence=None ❌
    [ 144/180] nT=7 step=1st dur= 500ms bass  sequence=None ❌
    [ 145/180] nT=7 step=11st dur=1000ms flute  sequence=None ❌
    [ 146/180] nT=7 step=11st dur=1000ms sawtooth  sequence=None ❌
    [ 147/180] nT=7 step=11st dur=1000ms flute  sequence=None ❌
    [ 148/180] nT=7 step=11st dur= 250ms violin  sequence=None ❌
    [ 149/180] nT=7 step=11st dur= 250ms trombone  sequence=None ❌
    [ 150/180] nT=7 step=11st dur= 250ms clarinet  sequence=None ❌
    [ 151/180] nT=7 step=11st dur= 500ms piano  sequence=None ❌
    [ 152/180] nT=7 step=11st dur= 500ms clarinet  sequence=None ❌
    [ 153/180] nT=7 step=11st dur= 500ms synth_pad  sequence=None ❌
    [ 154/180] nT=7 step=2st dur=1000ms sine  sequence=None ❌
    [ 155/180] nT=7 step=2st dur=1000ms synth_pad  sequence=None ❌
    [ 156/180] nT=7 step=2st dur=1000ms voice  sequence=None ❌
    [ 157/180] nT=7 step=2st dur= 250ms square  sequence=None ❌
    [ 158/180] nT=7 step=2st dur= 250ms synth_pad  sequence=None ❌
    [ 159/180] nT=7 step=2st dur= 250ms cello  sequence=None ❌
    [ 160/180] nT=7 step=2st dur= 500ms guitar  sequence=None ❌
    [ 161/180] nT=7 step=2st dur= 500ms synth_lead  sequence=None ❌
    [ 162/180] nT=7 step=2st dur= 500ms trumpet  sequence=None ❌
    [ 163/180] nT=7 step=4st dur=1000ms triangle  sequence=None ❌
    [ 164/180] nT=7 step=4st dur=1000ms flute  sequence=None ❌
    [ 165/180] nT=7 step=4st dur=1000ms oboe  sequence=None ❌
    [ 166/180] nT=7 step=4st dur= 250ms piano  sequence=None ❌
    [ 167/180] nT=7 step=4st dur= 250ms violin  sequence=None ❌
    [ 168/180] nT=7 step=4st dur= 250ms sine  sequence=None ❌
    [ 169/180] nT=7 step=4st dur= 500ms flute  sequence=None ❌
    [ 170/180] nT=7 step=4st dur= 500ms piano  sequence=None ❌
    [ 171/180] nT=7 step=4st dur= 500ms cello  sequence=None ❌
    [ 172/180] nT=7 step=7st dur=1000ms organ  sequence=None ❌
    [ 173/180] nT=7 step=7st dur=1000ms triangle  sequence=None ❌
    [ 174/180] nT=7 step=7st dur=1000ms voice  sequence=None ❌
    [ 175/180] nT=7 step=7st dur= 250ms voice  sequence=None ❌
    [ 176/180] nT=7 step=7st dur= 250ms organ  sequence=None ❌
    [ 177/180] nT=7 step=7st dur= 500ms synth_pad  sequence=None ❌
    [ 178/180] nT=7 step=7st dur= 500ms electric_keyboard  sequence=None ❌
    [ 179/180] nT=7 step=7st dur= 500ms piano  sequence=None ❌
    [ 180/180] nT=7 step=7st dur= 250ms trumpet  sequence=None ❌

============================================================
SUMMARY — audio_flamingo_next_instruct
  Sampling     : 180 of 21614 (stratified by '(n_transitions, step_size_st, note_duration_ms)', seed=42)
  Stimuli (total)     : 180
  Stimuli (condition) : 180  (all records)

          Metric   Accuracy
  ───────────────────────────
        SEQUENCE       0.0%

  *** WARNING: working tree has uncommitted changes — results will NOT be exactly reproducible from git_commit alone ***


Results saved → results/run_20260506_053722/pitchbench_d3_contour_discrete/run_001_20260506_061413/results_audio_flamingo_next_instruct.*

############################################################
# pitchbench_d4_contour_continuous
############################################################

Experiment : pitchbench_d4_contour_continuous
Models     : audio_flamingo_next_instruct
Stimuli    : 160
  Sampling     : 160 of 640 (stratified by '(traj_name, interval_st, start_midi)', seed=42)

  Model : Audio Flamingo Next – instruct
    [dispatch] 160 items, max_workers=2
    [   1/160] down           start=C2   Δ=+1st sine        trajectory=None ❌
    [   2/160] down           start=F#1  Δ=+1st sine        trajectory=None ❌
    [   3/160] down           start=G2   Δ=+1st square      trajectory=up, down, up, down, up, down, up, down, up, down, up, down, up, down, up, down, up, down, up, down, up, down, up, down, up, down, up, down, up, down, up, down, up, down, up, down, up, down, up, down, up, down, up, down, up, down, up, down, up, down, up, down, up, down, up, down, up, down, up, down, up, down, up, down ❌
    [   4/160] down           start=C3   Δ=+1st sawtooth    trajectory=None ❌
    [   5/160] down           start=C4   Δ=+1st sawtooth    trajectory=None ❌
    [   6/160] down           start=F#3  Δ=+1st sawtooth    trajectory=up, down, up, down, up, down, up, down, up, down, up, down, up, down, up, down, up, down, up, down, up, down, up, down, up, down, up, down, up, down, up, down, up, down, up, down, up, down, up, down, up, down, up, down, up, down, up, down, up, down, up, down, up, down, up, down, up, down, up, down, up, down, up, down ❌
    [   7/160] down           start=E4   Δ=+1st sine        trajectory=None ❌
    [   8/160] down           start=A4   Δ=+1st sine        trajectory=None ❌
    [   9/160] down           start=G5   Δ=+1st triangle    trajectory=None ❌
    [  10/160] down           start=E6   Δ=+1st sine        trajectory=None ❌
    [  11/160] down           start=C2   Δ=+12st sine        trajectory=None ❌
    [  12/160] down           start=F#1  Δ=+12st sine        trajectory=None ❌
    [  13/160] down           start=G2   Δ=+12st sawtooth    trajectory=None ❌
    [  14/160] down           start=C3   Δ=+12st sawtooth    trajectory=None ❌
    [  15/160] down           start=F#3  Δ=+12st sine        trajectory=up, down, up, down, up, down, up, down, up, down, up, down, up, down, up, down, up, down, up, down, up, down, up, down, up, down, up, down, up, down, up, down, up, down, up, down, up, down, up, down, up, down, up, down, up, down, up, down, up, down, up, down, up, down, up, down, up, down, up, down, up, down, up, down ❌
    [  16/160] down           start=C4   Δ=+12st sawtooth    trajectory=up, down, up, down, up, down, up, down, up, down, up, down, up, down, up, down, up, down, up, down, up, down, up, down, up, down, up, down, up, down, up, down, up, down, up, down, up, down, up, down, up, down, up, down, up, down, up, down, up, down, up, down, up, down, up, down, up, down, up, down, up, down, up, down ❌
    [  17/160] down           start=E4   Δ=+12st triangle    trajectory=up, down, up, down, up, down, up, down, up, down, up, down, up, down, up, down, up, down, up, down, up, down, up, down, up, down, up, down, up, down, up, down, up, down, up, down, up, down, up, down, up, down, up, down, up, down, up, down, up, down, up, down, up, down, up, down, up, down, up, down, up, down, up, down ❌
    [  18/160] down           start=A4   Δ=+12st sawtooth    trajectory=None ❌
    [  19/160] down           start=G5   Δ=+12st triangle    trajectory=up, down, up, down, up, down, up, down, up, down, up, down, up, down, up, down, up, down, up, down, up, down, up, down, up, down, up, down, up, down, up, down, up, down, up, down, up, down, up, down, up, down, up, down, up, down, up, down, up, down, up, down, up, down, up, down, up, down, up, down, up, down, up, down ❌
    [  20/160] down           start=E6   Δ=+12st square      trajectory=up, down, up, down, up, down, up, down, up, down, up, down, up, down, up, down, up, down, up, down, up, down, up, down, up, down, up, down, up, down, up, down, up, down, up, down, up, down, up, down, up, down, up, down, up, down, up, down, up, down, up, down, up, down, up, down, up, down, up, down, up, down, up, down ❌
    [  21/160] down           start=F#1  Δ=+4st sine        trajectory=None ❌
    [  22/160] down           start=C2   Δ=+4st sawtooth    trajectory=None ❌
    [  23/160] down           start=G2   Δ=+4st triangle    trajectory=None ❌
    [  24/160] down           start=C3   Δ=+4st square      trajectory=up, down, up, down, up, down, up, down, up, down, up, down, up, down, up, down, up, down, up, down, up, down, up, down, up, down, up, down, up, down, up, down, up, down, up, down, up, down, up, down, up, down, up, down, up, down, up, down, up, down, up, down, up, down, up, down, up, down, up, down, up, down, up, down ❌
    [  25/160] down           start=F#3  Δ=+4st square      trajectory=up, down, up, down, up, down, up, down, up, down, up, down, up, down, up, down, up, down, up, down, up, down, up, down, up, down, up, down, up, down, up, down, up, down, up, down, up, down, up, down, up, down, up, down, up, down, up, down, up, down, up, down, up, down, up, down, up, down, up, down, up, down, up, down ❌
    [  26/160] down           start=C4   Δ=+4st sawtooth    trajectory=None ❌
    [  27/160] down           start=E4   Δ=+4st sawtooth    trajectory=up, down, up, down, up, down, up, down, up, down, up, down, up, down, up, down, up, down, up, down, up, down, up, down, up, down, up, down, up, down, up, down, up, down, up, down, up, down, up, down, up, down, up, down, up, down, up, down, up, down, up, down, up, down, up, down, up, down, up, down, up, down, up, down ❌
    [  28/160] down           start=A4   Δ=+4st square      trajectory=up, down, up, down, up, down, up, down, up, down, up, down, up, down, up, down, up, down, up, down, up, down, up, down, up, down, up, down, up, down, up, down, up, down, up, down, up, down, up, down, up, down, up, down, up, down, up, down, up, down, up, down, up, down, up, down, up, down, up, down, up, down, up, down ❌
    [  29/160] down           start=G5   Δ=+4st sine        trajectory=None ❌
    [  30/160] down           start=E6   Δ=+4st sine        trajectory=None ❌
    [  31/160] down           start=F#1  Δ=+7st triangle    trajectory=None ❌
    [  32/160] down           start=C2   Δ=+7st sine        trajectory=None ❌
    [  33/160] down           start=G2   Δ=+7st square      trajectory=None ❌
    [  34/160] down           start=C3   Δ=+7st square      trajectory=None ❌
    [  35/160] down           start=C4   Δ=+7st sine        trajectory=None ❌
    [  36/160] down           start=F#3  Δ=+7st square      trajectory=up, down, up, down, up, down, up, down, up, down, up, down, up, down, up, down, up, down, up, down, up, down, up, down, up, down, up, down, up, down, up, down, up, down, up, down, up, down, up, down, up, down, up, down, up, down, up, down, up, down, up, down, up, down, up, down, up, down, up, down, up, down, up, down ❌
    [  37/160] down           start=E4   Δ=+7st triangle    trajectory=up, down, up, down, up, down, up, down, up, down, up, down, up, down, up, down, up, down, up, down, up, down, up, down, up, down, up, down, up, down, up, down, up, down, up, down, up, down, up, down, up, down, up, down, up, down, up, down, up, down, up, down, up, down, up, down, up, down, up, down, up, down, up, down ❌
    [  38/160] down           start=A4   Δ=+7st sine        trajectory=up, down, up, down, up, down, up, down, up, down, up, down, up, down, up, down, up, down, up, down, up, down, up, down, up, down, up, down, up, down, up, down, up, down, up, down, up, down, up, down, up, down, up, down, up, down, up, down, up, down, up, down, up, down, up, down, up, down, up, down, up, down, up, down ❌
    [  39/160] down           start=G5   Δ=+7st triangle    trajectory=up, down, up, down, up, down, up, down, up, down, up, down, up, down, up, down, up, down, up, down, up, down, up, down, up, down, up, down, up, down, up, down, up, down, up, down, up, down, up, down, up, down, up, down, up, down, up, down, up, down, up, down, up, down, up, down, up, down, up, down, up, down, up, down ❌
    [  40/160] down           start=E6   Δ=+7st sine        trajectory=up, down, up, down, up, down, up, down, up, down, up, down, up, down, up, down, up, down, up, down, up, down, up, down, up, down, up, down, up, down, up, down, up, down, up, down, up, down, up, down, up, down, up, down, up, down, up, down, up, down, up, down, up, down, up, down, up, down, up, down, up, down, up, down ❌
    [  41/160] down_then_up   start=F#1  Δ=+1st square      trajectory=None ❌
    [  42/160] down_then_up   start=C2   Δ=+1st square      trajectory=None ❌
    [  43/160] down_then_up   start=G2   Δ=+1st sawtooth    trajectory=None ❌
    [  44/160] down_then_up   start=C3   Δ=+1st sine        trajectory=None ❌
    [  45/160] down_then_up   start=F#3  Δ=+1st sine        trajectory=up, down, up, down, up, down, up, down, up, down, up, down, up, down, up, down, up, down, up, down, up, down, up, down, up, down, up, down, up, down, up, down, up, down, up, down, up, down, up, down, up, down, up, down, up, down, up, down, up, down, up, down, up, down, up, down, up, down, up, down, up, down, up, down ❌
    [  46/160] down_then_up   start=C4   Δ=+1st sawtooth    trajectory=None ❌
    [  47/160] down_then_up   start=E4   Δ=+1st square      trajectory=up, down, up, down, up, down, up, down, up, down, up, down, up, down, up, down, up, down, up, down, up, down, up, down, up, down, up, down, up, down, up, down, up, down, up, down, up, down, up, down, up, down, up, down, up, down, up, down, up, down, up, down, up, down, up, down, up, down, up, down, up, down, up, down ❌
    [  48/160] down_then_up   start=A4   Δ=+1st sine        trajectory=None ❌
    [  49/160] down_then_up   start=G5   Δ=+1st sawtooth    trajectory=up, down, up, down, up, down, up, down, up, down, up, down, up, down, up, down, up, down, up, down, up, down, up, down, up, down, up, down, up, down, up, down, up, down, up, down, up, down, up, down, up, down, up, down, up, down, up, down, up, down, up, down, up, down, up, down, up, down, up, down, up, down, up, down ❌
    [  50/160] down_then_up   start=E6   Δ=+1st sine        trajectory=None ❌
    [  51/160] down_then_up   start=F#1  Δ=+12st triangle    trajectory=up, down, up, down, up, down, up, down, up, down, up, down, up, down, up, down, up, down, up, down, up, down, up, down, up, down, up, down, up, down, up, down, up, down, up, down, up, down, up, down, up, down, up, down, up, down, up, down, up, down, up, down, up, down, up, down, up, down, up, down, up, down, up, down ❌
    [  52/160] down_then_up   start=C2   Δ=+12st square      trajectory=up, down, up, down, up, down, up, down, up, down, up, down, up, down, up, down, up, down, up, down, up, down, up, down, up, down, up, down, up, down, up, down, up, down, up, down, up, down, up, down, up, down, up, down, up, down, up, down, up, down, up, down, up, down, up, down, up, down, up, down, up, down, up, down ❌
    [  53/160] down_then_up   start=G2   Δ=+12st triangle    trajectory=up, down, up, down, up, down, up, down, up, down, up, down, up, down, up, down, up, down, up, down, up, down, up, down, up, down, up, down, up, down, up, down, up, down, up, down, up, down, up, down, up, down, up, down, up, down, up, down, up, down, up, down, up, down, up, down, up, down, up, down, up, down, up, down ❌
    [  54/160] down_then_up   start=C3   Δ=+12st square      trajectory=up, down, up, down, up, down, up, down, up, down, up, down, up, down, up, down, up, down, up, down, up, down, up, down, up, down, up, down, up, down, up, down, up, down, up, down, up, down, up, down, up, down, up, down, up, down, up, down, up, down, up, down, up, down, up, down, up, down, up, down, up, down, up, down ❌
    [  55/160] down_then_up   start=F#3  Δ=+12st sawtooth    trajectory=None ❌
    [  56/160] down_then_up   start=C4   Δ=+12st square      trajectory=up, down, up, down, up, down, up, down, up, down, up, down, up, down, up, down, up, down, up, down, up, down, up, down, up, down, up, down, up, down, up, down, up, down, up, down, up, down, up, down, up, down, up, down, up, down, up, down, up, down, up, down, up, down, up, down, up, down, up, down, up, down, up, down ❌
    [  57/160] down_then_up   start=E4   Δ=+12st square      trajectory=up, down, up, down, up, down, up, down, up, down, up, down, up, down, up, down, up, down, up, down, up, down, up, down, up, down, up, down, up, down, up, down, up, down, up, down, up, down, up, down, up, down, up, down, up, down, up, down, up, down, up, down, up, down, up, down, up, down, up, down, up, down, up, down ❌
    [  58/160] down_then_up   start=A4   Δ=+12st sawtooth    trajectory=up, down, up, down, up, down, up, down, up, down, up, down, up, down, up, down, up, down, up, down, up, down, up, down, up, down, up, down, up, down, up, down, up, down, up, down, up, down, up, down, up, down, up, down, up, down, up, down, up, down, up, down, up, down, up, down, up, down, up, down, up, down, up, down ❌
    [  59/160] down_then_up   start=G5   Δ=+12st square      trajectory=up, down, up, down, up, down, up, down, up, down, up, down, up, down, up, down, up, down, up, down, up, down, up, down, up, down, up, down, up, down, up, down, up, down, up, down, up, down, up, down, up, down, up, down, up, down, up, down, up, down, up, down, up, down, up, down, up, down, up, down, up, down, up, down ❌
    [  60/160] down_then_up   start=E6   Δ=+12st sine        trajectory=up, down, up, down, up, down, up, down, up, down, up, down, up, down, up, down, up, down, up, down, up, down, up, down, up, down, up, down, up, down, up, down, up, down, up, down, up, down, up, down, up, down, up, down, up, down, up, down, up, down, up, down, up, down, up, down, up, down, up, down, up, down, up, down ❌
    [  61/160] down_then_up   start=F#1  Δ=+4st sawtooth    trajectory=up, down, up, down, up, down, up, down, up, down, up, down, up, down, up, down, up, down, up, down, up, down, up, down, up, down, up, down, up, down, up, down, up, down, up, down, up, down, up, down, up, down, up, down, up, down, up, down, up, down, up, down, up, down, up, down, up, down, up, down, up, down, up, down ❌
    [  62/160] down_then_up   start=C2   Δ=+4st sawtooth    trajectory=None ❌
    [  63/160] down_then_up   start=G2   Δ=+4st sawtooth    trajectory=None ❌
    [  64/160] down_then_up   start=C3   Δ=+4st triangle    trajectory=None ❌
    [  65/160] down_then_up   start=F#3  Δ=+4st triangle    trajectory=None ❌
    [  66/160] down_then_up   start=C4   Δ=+4st square      trajectory=None ❌
    [  67/160] down_then_up   start=E4   Δ=+4st sawtooth    trajectory=up, down, up, down, up, down, up, down, up, down, up, down, up, down, up, down, up, down, up, down, up, down, up, down, up, down, up, down, up, down, up, down, up, down, up, down, up, down, up, down, up, down, up, down, up, down, up, down, up, down, up, down, up, down, up, down, up, down, up, down, up, down, up, down ❌
    [  68/160] down_then_up   start=A4   Δ=+4st square      trajectory=up, down, up, down, up, down, up, down, up, down, up, down, up, down, up, down, up, down, up, down, up, down, up, down, up, down, up, down, up, down, up, down, up, down, up, down, up, down, up, down, up, down, up, down, up, down, up, down, up, down, up, down, up, down, up, down, up, down, up, down, up, down, up, down ❌
    [  69/160] down_then_up   start=G5   Δ=+4st sine        trajectory=None ❌
    [  70/160] down_then_up   start=E6   Δ=+4st sawtooth    trajectory=up, down, up, down, up, down, up, down, up, down, up, down, up, down, up, down, up, down, up, down, up, down, up, down, up, down, up, down, up, down, up, down, up, down, up, down, up, down, up, down, up, down, up, down, up, down, up, down, up, down, up, down, up, down, up, down, up, down, up, down, up, down, up, down ❌
    [  71/160] down_then_up   start=F#1  Δ=+7st sine        trajectory=None ❌
    [  72/160] down_then_up   start=C2   Δ=+7st square      trajectory=up, down, up, down, up, down, up, down, up, down, up, down, up, down, up, down, up, down, up, down, up, down, up, down, up, down, up, down, up, down, up, down, up, down, up, down, up, down, up, down, up, down, up, down, up, down, up, down, up, down, up, down, up, down, up, down, up, down, up, down, up, down, up, down ❌
    [  73/160] down_then_up   start=G2   Δ=+7st triangle    trajectory=up, down, up, down, up, down, up, down, up, down, up, down, up, down, up, down, up, down, up, down, up, down, up, down, up, down, up, down, up, down, up, down, up, down, up, down, up, down, up, down, up, down, up, down, up, down, up, down, up, down, up, down, up, down, up, down, up, down, up, down, up, down, up, down ❌
    [  74/160] down_then_up   start=C3   Δ=+7st square      trajectory=up, down, up, down, up, down, up, down, up, down, up, down, up, down, up, down, up, down, up, down, up, down, up, down, up, down, up, down, up, down, up, down, up, down, up, down, up, down, up, down, up, down, up, down, up, down, up, down, up, down, up, down, up, down, up, down, up, down, up, down, up, down, up, down ❌
    [  75/160] down_then_up   start=F#3  Δ=+7st sine        trajectory=up, down, up, down, up, down, up, down, up, down, up, down, up, down, up, down, up, down, up, down, up, down, up, down, up, down, up, down, up, down, up, down, up, down, up, down, up, down, up, down, up, down, up, down, up, down, up, down, up, down, up, down, up, down, up, down, up, down, up, down, up, down, up, down ❌
    [  76/160] down_then_up   start=C4   Δ=+7st sawtooth    trajectory=None ❌
    [  77/160] down_then_up   start=E4   Δ=+7st square      trajectory=up, down, up, down, up, down, up, down, up, down, up, down, up, down, up, down, up, down, up, down, up, down, up, down, up, down, up, down, up, down, up, down, up, down, up, down, up, down, up, down, up, down, up, down, up, down, up, down, up, down, up, down, up, down, up, down, up, down, up, down, up, down, up, down ❌
    [  78/160] down_then_up   start=A4   Δ=+7st sawtooth    trajectory=up, down, up, down, up, down, up, down, up, down, up, down, up, down, up, down, up, down, up, down, up, down, up, down, up, down, up, down, up, down, up, down, up, down, up, down, up, down, up, down, up, down, up, down, up, down, up, down, up, down, up, down, up, down, up, down, up, down, up, down, up, down, up, down ❌
    [  79/160] down_then_up   start=G5   Δ=+7st triangle    trajectory=up, down, up, down, up, down, up, down, up, down, up, down, up, down, up, down, up, down, up, down, up, down, up, down, up, down, up, down, up, down, up, down, up, down, up, down, up, down, up, down, up, down, up, down, up, down, up, down, up, down, up, down, up, down, up, down, up, down, up, down, up, down, up, down ❌
    [  80/160] down_then_up   start=E6   Δ=+7st triangle    trajectory=up, down, up, down, up, down, up, down, up, down, up, down, up, down, up, down, up, down, up, down, up, down, up, down, up, down, up, down, up, down, up, down, up, down, up, down, up, down, up, down, up, down, up, down, up, down, up, down, up, down, up, down, up, down, up, down, up, down, up, down, up, down, up, down ❌
    [  81/160] up             start=F#1  Δ=+1st triangle    trajectory=up, down, up, down, up, down, up, down, up, down, up, down, up, down, up, down, up, down, up, down, up, down, up, down, up, down, up, down, up, down, up, down, up, down, up, down, up, down, up, down, up, down, up, down, up, down, up, down, up, down, up, down, up, down, up, down, up, down, up, down, up, down, up, down ❌
    [  82/160] up             start=C2   Δ=+1st sawtooth    trajectory=None ❌
    [  83/160] up             start=G2   Δ=+1st square      trajectory=up, down, up, down, up, down, up, down, up, down, up, down, up, down, up, down, up, down, up, down, up, down, up, down, up, down, up, down, up, down, up, down, up, down, up, down, up, down, up, down, up, down, up, down, up, down, up, down, up, down, up, down, up, down, up, down, up, down, up, down, up, down, up, down ❌
    [  84/160] up             start=C3   Δ=+1st sawtooth    trajectory=None ❌
    [  85/160] up             start=F#3  Δ=+1st sawtooth    trajectory=up, down, up, down, up, down, up, down, up, down, up, down, up, down, up, down, up, down, up, down, up, down, up, down, up, down, up, down, up, down, up, down, up, down, up, down, up, down, up, down, up, down, up, down, up, down, up, down, up, down, up, down, up, down, up, down, up, down, up, down, up, down, up, down ❌
    [  86/160] up             start=C4   Δ=+1st square      trajectory=None ❌
    [  87/160] up             start=E4   Δ=+1st triangle    trajectory=None ❌
    [  88/160] up             start=A4   Δ=+1st triangle    trajectory=None ❌
    [  89/160] up             start=G5   Δ=+1st square      trajectory=up, down, up, down, up, down, up, down, up, down, up, down, up, down, up, down, up, down, up, down, up, down, up, down, up, down, up, down, up, down, up, down, up, down, up, down, up, down, up, down, up, down, up, down, up, down, up, down, up, down, up, down, up, down, up, down, up, down, up, down, up, down, up, down ❌
    [  90/160] up             start=E6   Δ=+1st sawtooth    trajectory=up, down, up, down, up, down, up, down, up, down, up, down, up, down, up, down, up, down, up, down, up, down, up, down, up, down, up, down, up, down, up, down, up, down, up, down, up, down, up, down, up, down, up, down, up, down, up, down, up, down, up, down, up, down, up, down, up, down, up, down, up, down, up, down ❌
    [  91/160] up             start=F#1  Δ=+12st sawtooth    trajectory=up, down, up, down, up, down, up, down, up, down, up, down, up, down, up, down, up, down, up, down, up, down, up, down, up, down, up, down, up, down, up, down, up, down, up, down, up, down, up, down, up, down, up, down, up, down, up, down, up, down, up, down, up, down, up, down, up, down, up, down, up, down, up, down ❌
    [  92/160] up             start=C2   Δ=+12st triangle    trajectory=None ❌
    [  93/160] up             start=G2   Δ=+12st sine        trajectory=up, down, up, down, up, down, up, down, up, down, up, down, up, down, up, down, up, down, up, down, up, down, up, down, up, down, up, down, up, down, up, down, up, down, up, down, up, down, up, down, up, down, up, down, up, down, up, down, up, down, up, down, up, down, up, down, up, down, up, down, up, down, up, down ❌
    [  94/160] up             start=C3   Δ=+12st sine        trajectory=up, down, up, down, up, down, up, down, up, down, up, down, up, down, up, down, up, down, up, down, up, down, up, down, up, down, up, down, up, down, up, down, up, down, up, down, up, down, up, down, up, down, up, down, up, down, up, down, up, down, up, down, up, down, up, down, up, down, up, down, up, down, up, down ❌
    [  95/160] up             start=F#3  Δ=+12st sine        trajectory=up, down, up, down, up, down, up, down, up, down, up, down, up, down, up, down, up, down, up, down, up, down, up, down, up, down, up, down, up, down, up, down, up, down, up, down, up, down, up, down, up, down, up, down, up, down, up, down, up, down, up, down, up, down, up, down, up, down, up, down, up, down, up, down ❌
    [  96/160] up             start=C4   Δ=+12st sawtooth    trajectory=up, down, up, down, up, down, up, down, up, down, up, down, up, down, up, down, up, down, up, down, up, down, up, down, up, down, up, down, up, down, up, down, up, down, up, down, up, down, up, down, up, down, up, down, up, down, up, down, up, down, up, down, up, down, up, down, up, down, up, down, up, down, up, down ❌
    [  97/160] up             start=E4   Δ=+12st sawtooth    trajectory=up, down, up, down, up, down, up, down, up, down, up, down, up, down, up, down, up, down, up, down, up, down, up, down, up, down, up, down, up, down, up, down, up, down, up, down, up, down, up, down, up, down, up, down, up, down, up, down, up, down, up, down, up, down, up, down, up, down, up, down, up, down, up, down ❌
    [  98/160] up             start=A4   Δ=+12st triangle    trajectory=up, down, up, down, up, down, up, down, up, down, up, down, up, down, up, down, up, down, up, down, up, down, up, down, up, down, up, down, up, down, up, down, up, down, up, down, up, down, up, down, up, down, up, down, up, down, up, down, up, down, up, down, up, down, up, down, up, down, up, down, up, down, up, down ❌
    [  99/160] up             start=G5   Δ=+12st sine        trajectory=None ❌
    [ 100/160] up             start=E6   Δ=+12st triangle    trajectory=up, down, up, down, up, down, up, down, up, down, up, down, up, down, up, down, up, down, up, down, up, down, up, down, up, down, up, down, up, down, up, down, up, down, up, down, up, down, up, down, up, down, up, down, up, down, up, down, up, down, up, down, up, down, up, down, up, down, up, down, up, down, up, down ❌
    [ 101/160] up             start=F#1  Δ=+4st triangle    trajectory=up, down, up, down, up, down, up, down, up, down, up, down, up, down, up, down, up, down, up, down, up, down, up, down, up, down, up, down, up, down, up, down, up, down, up, down, up, down, up, down, up, down, up, down, up, down, up, down, up, down, up, down, up, down, up, down, up, down, up, down, up, down, up, down ❌
    [ 102/160] up             start=C2   Δ=+4st triangle    trajectory=up, down, up, down, up, down, up, down, up, down, up, down, up, down, up, down, up, down, up, down, up, down, up, down, up, down, up, down, up, down, up, down, up, down, up, down, up, down, up, down, up, down, up, down, up, down, up, down, up, down, up, down, up, down, up, down, up, down, up, down, up, down, up, down ❌
    [ 103/160] up             start=G2   Δ=+4st square      trajectory=up, down, up, down, up, down, up, down, up, down, up, down, up, down, up, down, up, down, up, down, up, down, up, down, up, down, up, down, up, down, up, down, up, down, up, down, up, down, up, down, up, down, up, down, up, down, up, down, up, down, up, down, up, down, up, down, up, down, up, down, up, down, up, down ❌
    [ 104/160] up             start=C3   Δ=+4st sine        trajectory=up, down, up, down, up, down, up, down, up, down, up, down, up, down, up, down, up, down, up, down, up, down, up, down, up, down, up, down, up, down, up, down, up, down, up, down, up, down, up, down, up, down, up, down, up, down, up, down, up, down, up, down, up, down, up, down, up, down, up, down, up, down, up, down ❌
    [ 105/160] up             start=F#3  Δ=+4st sine        trajectory=up, down, up, down, up, down, up, down, up, down, up, down, up, down, up, down, up, down, up, down, up, down, up, down, up, down, up, down, up, down, up, down, up, down, up, down, up, down, up, down, up, down, up, down, up, down, up, down, up, down, up, down, up, down, up, down, up, down, up, down, up, down, up, down ❌
    [ 106/160] up             start=C4   Δ=+4st square      trajectory=up, down, up, down, up, down, up, down, up, down, up, down, up, down, up, down, up, down, up, down, up, down, up, down, up, down, up, down, up, down, up, down, up, down, up, down, up, down, up, down, up, down, up, down, up, down, up, down, up, down, up, down, up, down, up, down, up, down, up, down, up, down, up, down ❌
    [ 107/160] up             start=E4   Δ=+4st square      trajectory=up, down, up, down, up, down, up, down, up, down, up, down, up, down, up, down, up, down, up, down, up, down, up, down, up, down, up, down, up, down, up, down, up, down, up, down, up, down, up, down, up, down, up, down, up, down, up, down, up, down, up, down, up, down, up, down, up, down, up, down, up, down, up, down ❌
    [ 108/160] up             start=A4   Δ=+4st sine        trajectory=None ❌
    [ 109/160] up             start=G5   Δ=+4st square      trajectory=up, down, up, down, up, down, up, down, up, down, up, down, up, down, up, down, up, down, up, down, up, down, up, down, up, down, up, down, up, down, up, down, up, down, up, down, up, down, up, down, up, down, up, down, up, down, up, down, up, down, up, down, up, down, up, down, up, down, up, down, up, down, up, down ❌
    [ 110/160] up             start=E6   Δ=+4st triangle    trajectory=up, down, up, down, up, down, up, down, up, down, up, down, up, down, up, down, up, down, up, down, up, down, up, down, up, down, up, down, up, down, up, down, up, down, up, down, up, down, up, down, up, down, up, down, up, down, up, down, up, down, up, down, up, down, up, down, up, down, up, down, up, down, up, down ❌
    [ 111/160] up             start=F#1  Δ=+7st sawtooth    trajectory=up, down, up, down, up, down, up, down, up, down, up, down, up, down, up, down, up, down, up, down, up, down, up, down, up, down, up, down, up, down, up, down, up, down, up, down, up, down, up, down, up, down, up, down, up, down, up, down, up, down, up, down, up, down, up, down, up, down, up, down, up, down, up, down ❌
    [ 112/160] up             start=C2   Δ=+7st triangle    trajectory=None ❌
    [ 113/160] up             start=G2   Δ=+7st sine        trajectory=up, down, up, down, up, down, up, down, up, down, up, down, up, down, up, down, up, down, up, down, up, down, up, down, up, down, up, down, up, down, up, down, up, down, up, down, up, down, up, down, up, down, up, down, up, down, up, down, up, down, up, down, up, down, up, down, up, down, up, down, up, down, up, down ❌
    [ 114/160] up             start=C3   Δ=+7st square      trajectory=up, down, up, down, up, down, up, down, up, down, up, down, up, down, up, down, up, down, up, down, up, down, up, down, up, down, up, down, up, down, up, down, up, down, up, down, up, down, up, down, up, down, up, down, up, down, up, down, up, down, up, down, up, down, up, down, up, down, up, down, up, down, up, down ❌
    [ 115/160] up             start=F#3  Δ=+7st sawtooth    trajectory=up, down, up, down, up, down, up, down, up, down, up, down, up, down, up, down, up, down, up, down, up, down, up, down, up, down, up, down, up, down, up, down, up, down, up, down, up, down, up, down, up, down, up, down, up, down, up, down, up, down, up, down, up, down, up, down, up, down, up, down, up, down, up, down ❌
    [ 116/160] up             start=C4   Δ=+7st sine        trajectory=up, down, up, down, up, down, up, down, up, down, up, down, up, down, up, down, up, down, up, down, up, down, up, down, up, down, up, down, up, down, up, down, up, down, up, down, up, down, up, down, up, down, up, down, up, down, up, down, up, down, up, down, up, down, up, down, up, down, up, down, up, down, up, down ❌
    [ 117/160] up             start=E4   Δ=+7st square      trajectory=up, down, up, down, up, down, up, down, up, down, up, down, up, down, up, down, up, down, up, down, up, down, up, down, up, down, up, down, up, down, up, down, up, down, up, down, up, down, up, down, up, down, up, down, up, down, up, down, up, down, up, down, up, down, up, down, up, down, up, down, up, down, up, down ❌
    [ 118/160] up             start=A4   Δ=+7st sawtooth    trajectory=up, down, up, down, up, down, up, down, up, down, up, down, up, down, up, down, up, down, up, down, up, down, up, down, up, down, up, down, up, down, up, down, up, down, up, down, up, down, up, down, up, down, up, down, up, down, up, down, up, down, up, down, up, down, up, down, up, down, up, down, up, down, up, down ❌
    [ 119/160] up             start=G5   Δ=+7st sawtooth    trajectory=up, down, up, down, up, down, up, down, up, down, up, down, up, down, up, down, up, down, up, down, up, down, up, down, up, down, up, down, up, down, up, down, up, down, up, down, up, down, up, down, up, down, up, down, up, down, up, down, up, down, up, down, up, down, up, down, up, down, up, down, up, down, up, down ❌
    [ 120/160] up             start=E6   Δ=+7st square      trajectory=up, down, up, down, up, down, up, down, up, down, up, down, up, down, up, down, up, down, up, down, up, down, up, down, up, down, up, down, up, down, up, down, up, down, up, down, up, down, up, down, up, down, up, down, up, down, up, down, up, down, up, down, up, down, up, down, up, down, up, down, up, down, up, down ❌
    [ 121/160] up_then_down   start=F#1  Δ=+1st sawtooth    trajectory=up, down, up, down, up, down, up, down, up, down, up, down, up, down, up, down, up, down, up, down, up, down, up, down, up, down, up, down, up, down, up, down, up, down, up, down, up, down, up, down, up, down, up, down, up, down, up, down, up, down, up, down, up, down, up, down, up, down, up, down, up, down, up, down ❌
    [ 122/160] up_then_down   start=C2   Δ=+1st sine        trajectory=None ❌
    [ 123/160] up_then_down   start=G2   Δ=+1st square      trajectory=up, down, up, down, up, down, up, down, up, down, up, down, up, down, up, down, up, down, up, down, up, down, up, down, up, down, up, down, up, down, up, down, up, down, up, down, up, down, up, down, up, down, up, down, up, down, up, down, up, down, up, down, up, down, up, down, up, down, up, down, up, down, up, down ❌
    [ 124/160] up_then_down   start=C3   Δ=+1st triangle    trajectory=None ❌
    [ 125/160] up_then_down   start=F#3  Δ=+1st sine        trajectory=up, down, up, down, up, down, up, down, up, down, up, down, up, down, up, down, up, down, up, down, up, down, up, down, up, down, up, down, up, down, up, down, up, down, up, down, up, down, up, down, up, down, up, down, up, down, up, down, up, down, up, down, up, down, up, down, up, down, up, down, up, down, up, down ❌
    [ 126/160] up_then_down   start=C4   Δ=+1st sine        trajectory=None ❌
    [ 127/160] up_then_down   start=E4   Δ=+1st square      trajectory=up, down, up, down, up, down, up, down, up, down, up, down, up, down, up, down, up, down, up, down, up, down, up, down, up, down, up, down, up, down, up, down, up, down, up, down, up, down, up, down, up, down, up, down, up, down, up, down, up, down, up, down, up, down, up, down, up, down, up, down, up, down, up, down ❌
    [ 128/160] up_then_down   start=A4   Δ=+1st square      trajectory=up, down, up, down, up, down, up, down, up, down, up, down, up, down, up, down, up, down, up, down, up, down, up, down, up, down, up, down, up, down, up, down, up, down, up, down, up, down, up, down, up, down, up, down, up, down, up, down, up, down, up, down, up, down, up, down, up, down, up, down, up, down, up, down ❌
    [ 129/160] up_then_down   start=G5   Δ=+1st sawtooth    trajectory=up, down, up, down, up, down, up, down, up, down, up, down, up, down, up, down, up, down, up, down, up, down, up, down, up, down, up, down, up, down, up, down, up, down, up, down, up, down, up, down, up, down, up, down, up, down, up, down, up, down, up, down, up, down, up, down, up, down, up, down, up, down, up, down ❌
    [ 130/160] up_then_down   start=E6   Δ=+1st sine        trajectory=None ❌
    [ 131/160] up_then_down   start=F#1  Δ=+12st sawtooth    trajectory=None ❌
    [ 132/160] up_then_down   start=C2   Δ=+12st sine        trajectory=up, down, up, down, up, down, up, down, up, down, up, down, up, down, up, down, up, down, up, down, up, down, up, down, up, down, up, down, up, down, up, down, up, down, up, down, up, down, up, down, up, down, up, down, up, down, up, down, up, down, up, down, up, down, up, down, up, down, up, down, up, down, up, down ❌
    [ 133/160] up_then_down   start=G2   Δ=+12st sine        trajectory=up, down, up, down, up, down, up, down, up, down, up, down, up, down, up, down, up, down, up, down, up, down, up, down, up, down, up, down, up, down, up, down, up, down, up, down, up, down, up, down, up, down, up, down, up, down, up, down, up, down, up, down, up, down, up, down, up, down, up, down, up, down, up, down ❌
    [ 134/160] up_then_down   start=C3   Δ=+12st triangle    trajectory=up, down, up, down, up, down, up, down, up, down, up, down, up, down, up, down, up, down, up, down, up, down, up, down, up, down, up, down, up, down, up, down, up, down, up, down, up, down, up, down, up, down, up, down, up, down, up, down, up, down, up, down, up, down, up, down, up, down, up, down, up, down, up, down ❌
    [ 135/160] up_then_down   start=F#3  Δ=+12st sine        trajectory=up, down, up, down, up, down, up, down, up, down, up, down, up, down, up, down, up, down, up, down, up, down, up, down, up, down, up, down, up, down, up, down, up, down, up, down, up, down, up, down, up, down, up, down, up, down, up, down, up, down, up, down, up, down, up, down, up, down, up, down, up, down, up, down ❌
    [ 136/160] up_then_down   start=C4   Δ=+12st sawtooth    trajectory=up, down, up, down, up, down, up, down, up, down, up, down, up, down, up, down, up, down, up, down, up, down, up, down, up, down, up, down, up, down, up, down, up, down, up, down, up, down, up, down, up, down, up, down, up, down, up, down, up, down, up, down, up, down, up, down, up, down, up, down, up, down, up, down ❌
    [ 137/160] up_then_down   start=E4   Δ=+12st sawtooth    trajectory=up, down, up, down, up, down, up, down, up, down, up, down, up, down, up, down, up, down, up, down, up, down, up, down, up, down, up, down, up, down, up, down, up, down, up, down, up, down, up, down, up, down, up, down, up, down, up, down, up, down, up, down, up, down, up, down, up, down, up, down, up, down, up, down ❌
    [ 138/160] up_then_down   start=A4   Δ=+12st triangle    trajectory=up, down, up, down, up, down, up, down, up, down, up, down, up, down, up, down, up, down, up, down, up, down, up, down, up, down, up, down, up, down, up, down, up, down, up, down, up, down, up, down, up, down, up, down, up, down, up, down, up, down, up, down, up, down, up, down, up, down, up, down, up, down, up, down ❌
    [ 139/160] up_then_down   start=G5   Δ=+12st sawtooth    trajectory=up, down, up, down, up, down, up, down, up, down, up, down, up, down, up, down, up, down, up, down, up, down, up, down, up, down, up, down, up, down, up, down, up, down, up, down, up, down, up, down, up, down, up, down, up, down, up, down, up, down, up, down, up, down, up, down, up, down, up, down, up, down, up, down ❌
    [ 140/160] up_then_down   start=E6   Δ=+12st square      trajectory=up, down, up, down, up, down, up, down, up, down, up, down, up, down, up, down, up, down, up, down, up, down, up, down, up, down, up, down, up, down, up, down, up, down, up, down, up, down, up, down, up, down, up, down, up, down, up, down, up, down, up, down, up, down, up, down, up, down, up, down, up, down, up, down ❌
    [ 141/160] up_then_down   start=F#1  Δ=+4st triangle    trajectory=up, down, up, down, up, down, up, down, up, down, up, down, up, down, up, down, up, down, up, down, up, down, up, down, up, down, up, down, up, down, up, down, up, down, up, down, up, down, up, down, up, down, up, down, up, down, up, down, up, down, up, down, up, down, up, down, up, down, up, down, up, down, up, down ❌
    [ 142/160] up_then_down   start=C2   Δ=+4st sawtooth    trajectory=None ❌
    [ 143/160] up_then_down   start=G2   Δ=+4st sawtooth    trajectory=None ❌
    [ 144/160] up_then_down   start=C3   Δ=+4st square      trajectory=None ❌
    [ 145/160] up_then_down   start=F#3  Δ=+4st triangle    trajectory=up, down, up, down, up, down, up, down, up, down, up, down, up, down, up, down, up, down, up, down, up, down, up, down, up, down, up, down, up, down, up, down, up, down, up, down, up, down, up, down, up, down, up, down, up, down, up, down, up, down, up, down, up, down, up, down, up, down, up, down, up, down, up, down ❌
    [ 146/160] up_then_down   start=C4   Δ=+4st square      trajectory=up, down, up, down, up, down, up, down, up, down, up, down, up, down, up, down, up, down, up, down, up, down, up, down, up, down, up, down, up, down, up, down, up, down, up, down, up, down, up, down, up, down, up, down, up, down, up, down, up, down, up, down, up, down, up, down, up, down, up, down, up, down, up, down ❌
    [ 147/160] up_then_down   start=E4   Δ=+4st triangle    trajectory=up, down, up, down, up, down, up, down, up, down, up, down, up, down, up, down, up, down, up, down, up, down, up, down, up, down, up, down, up, down, up, down, up, down, up, down, up, down, up, down, up, down, up, down, up, down, up, down, up, down, up, down, up, down, up, down, up, down, up, down, up, down, up, down ❌
    [ 148/160] up_then_down   start=A4   Δ=+4st triangle    trajectory=up, down, up, down, up, down, up, down, up, down, up, down, up, down, up, down, up, down, up, down, up, down, up, down, up, down, up, down, up, down, up, down, up, down, up, down, up, down, up, down, up, down, up, down, up, down, up, down, up, down, up, down, up, down, up, down, up, down, up, down, up, down, up, down ❌
    [ 149/160] up_then_down   start=G5   Δ=+4st sine        trajectory=None ❌
    [ 150/160] up_then_down   start=E6   Δ=+4st sawtooth    trajectory=up, down, up, down, up, down, up, down, up, down, up, down, up, down, up, down, up, down, up, down, up, down, up, down, up, down, up, down, up, down, up, down, up, down, up, down, up, down, up, down, up, down, up, down, up, down, up, down, up, down, up, down, up, down, up, down, up, down, up, down, up, down, up, down ❌
    [ 151/160] up_then_down   start=F#1  Δ=+7st sawtooth    trajectory=None ❌
    [ 152/160] up_then_down   start=C2   Δ=+7st sine        trajectory=None ❌
    [ 153/160] up_then_down   start=G2   Δ=+7st square      trajectory=None ❌
    [ 154/160] up_then_down   start=C3   Δ=+7st sine        trajectory=up, down, up, down, up, down, up, down, up, down, up, down, up, down, up, down, up, down, up, down, up, down, up, down, up, down, up, down, up, down, up, down, up, down, up, down, up, down, up, down, up, down, up, down, up, down, up, down, up, down, up, down, up, down, up, down, up, down, up, down, up, down, up, down ❌
    [ 155/160] up_then_down   start=F#3  Δ=+7st sawtooth    trajectory=None ❌
    [ 156/160] up_then_down   start=E4   Δ=+7st sine        trajectory=None ❌
    [ 157/160] up_then_down   start=C4   Δ=+7st sawtooth    trajectory=up, down, up, down, up, down, up, down, up, down, up, down, up, down, up, down, up, down, up, down, up, down, up, down, up, down, up, down, up, down, up, down, up, down, up, down, up, down, up, down, up, down, up, down, up, down, up, down, up, down, up, down, up, down, up, down, up, down, up, down, up, down, up, down ❌
    [ 158/160] up_then_down   start=A4   Δ=+7st sine        trajectory=None ❌
    [ 159/160] up_then_down   start=G5   Δ=+7st sine        trajectory=None ❌
    [ 160/160] up_then_down   start=E6   Δ=+7st sawtooth    trajectory=up, down, up, down, up, down, up, down, up, down, up, down, up, down, up, down, up, down, up, down, up, down, up, down, up, down, up, down, up, down, up, down, up, down, up, down, up, down, up, down, up, down, up, down, up, down, up, down, up, down, up, down, up, down, up, down, up, down, up, down, up, down, up, down ❌

============================================================
SUMMARY — audio_flamingo_next_instruct
  Sampling     : 160 of 640 (stratified by '(traj_name, interval_st, start_midi)', seed=42)
  Stimuli (total)     : 160
  Stimuli (condition) : 160  (all records)

          Metric   Accuracy
  ───────────────────────────
      TRAJECTORY       0.0%

  *** WARNING: working tree has uncommitted changes — results will NOT be exactly reproducible from git_commit alone ***


Results saved → results/run_20260506_053722/pitchbench_d4_contour_continuous/run_001_20260506_061513/results_audio_flamingo_next_instruct.*

############################################################
# pitchbench_d5_sequence_ranking_by_pitch
############################################################

Experiment : pitchbench_d5_sequence_ranking_by_pitch
Models     : audio_flamingo_next_instruct
Stimuli    : 120
  Sampling     : 120 of 2880 (stratified by '(n_notes, delta_cents, rhythm, base_name)', seed=42)

  Model : Audio Flamingo Next – instruct
    [dispatch] 120 items, max_workers=2
    [   1/120] n=3 A4 Δ=100c irregular  answer=3 2 1 ❌
    [   2/120] n=3 A3 Δ=100c irregular  answer=3 2 1 ❌
    [   3/120] n=3 A5 Δ=100c irregular  answer=3 2 1 ❌
    [   4/120] n=3 A3 Δ=100c   regular  answer=3 2 1 ❌
    [   5/120] n=3 A4 Δ=100c   regular  answer=3 2 1 ✅
    [   6/120] n=3 A5 Δ=100c   regular  answer=3 2 1 ❌
    [   7/120] n=3 A4 Δ=200c irregular  answer=3 2 1 ❌
    [   8/120] n=3 A3 Δ=200c irregular  answer=3 2 1 ❌
    [   9/120] n=3 A3 Δ=200c   regular  answer=3 2 1 ❌
    [  10/120] n=3 A5 Δ=200c irregular  answer=3 2 1 ❌
    [  11/120] n=3 A5 Δ=200c   regular  answer=3 2 1 ❌
    [  12/120] n=3 A4 Δ=200c   regular  answer=3 2 1 ❌
    [  13/120] n=3 A4 Δ=25c irregular  answer=3 2 1 ❌
    [  14/120] n=3 A3 Δ=25c irregular  answer=3 2 1 ❌
    [  15/120] n=3 A5 Δ=25c irregular  answer=3 2 1 ❌
    [  16/120] n=3 A3 Δ=25c   regular  answer=3 2 1 ❌
    [  17/120] n=3 A4 Δ=25c   regular  answer=3 2 1 ❌
    [  18/120] n=3 A5 Δ=25c   regular  answer=3 2 1 ❌
    [  19/120] n=3 A3 Δ=400c irregular  answer=3 2 1 ✅
    [  20/120] n=3 A4 Δ=400c irregular  answer=3 2 1 ❌
    [  21/120] n=3 A5 Δ=400c irregular  answer=3 2 1 ❌
    [  22/120] n=3 A3 Δ=400c   regular  answer=3 2 1 ❌
    [  23/120] n=3 A4 Δ=400c   regular  answer=3 2 1 ❌
    [  24/120] n=3 A5 Δ=400c   regular  answer=3 2 1 ✅
    [  25/120] n=3 A3 Δ=50c irregular  answer=3 2 1 ✅
    [  26/120] n=3 A4 Δ=50c irregular  answer=3 2 1 ❌
    [  27/120] n=3 A5 Δ=50c irregular  answer=3 2 1 ❌
    [  28/120] n=3 A3 Δ=50c   regular  answer=3 2 1 ❌
    [  29/120] n=3 A4 Δ=50c   regular  answer=3 2 1 ✅
    [  30/120] n=3 A5 Δ=50c   regular  answer=3 2 1 ❌
    [  31/120] n=4 A3 Δ=100c irregular  answer=4 3 2 1 ❌
    [  32/120] n=4 A4 Δ=100c irregular  answer=4 3 2 1 ❌
    [  33/120] n=4 A5 Δ=100c irregular  answer=4 3 2 1 ❌
    [  34/120] n=4 A3 Δ=100c   regular  answer=4 3 2 1 ❌
    [  35/120] n=4 A5 Δ=100c   regular  answer=4 3 2 1 ❌
    [  36/120] n=4 A4 Δ=100c   regular  answer=4 3 2 1 ❌
    [  37/120] n=4 A3 Δ=200c irregular  answer=4 3 2 1 ❌
    [  38/120] n=4 A4 Δ=200c irregular  answer=4 3 2 1 ❌
    [  39/120] n=4 A3 Δ=200c   regular  answer=4 3 2 1 ❌
    [  40/120] n=4 A5 Δ=200c irregular  answer=4 3 2 1 ❌
    [  41/120] n=4 A4 Δ=200c   regular  answer=4 3 2 1 ❌
    [  42/120] n=4 A5 Δ=200c   regular  answer=4 3 2 1 ❌
    [  43/120] n=4 A4 Δ=25c irregular  answer=4 3 2 1 ❌
    [  44/120] n=4 A3 Δ=25c irregular  answer=4 3 2 1 ❌
    [  45/120] n=4 A5 Δ=25c irregular  answer=4 3 2 1 ❌
    [  46/120] n=4 A3 Δ=25c   regular  answer=4 3 2 1 ❌
    [  47/120] n=4 A4 Δ=25c   regular  answer=4 3 2 1 ❌
    [  48/120] n=4 A5 Δ=25c   regular  answer=4 3 2 1 ❌
    [  49/120] n=4 A4 Δ=400c irregular  answer=4 3 2 1 ❌
    [  50/120] n=4 A3 Δ=400c irregular  answer=4 3 2 1 ❌
    [  51/120] n=4 A5 Δ=400c irregular  answer=4 3 2 1 ❌
    [  52/120] n=4 A3 Δ=400c   regular  answer=4 3 2 1 ❌
    [  53/120] n=4 A4 Δ=400c   regular  answer=4 3 2 1 ❌
    [  54/120] n=4 A5 Δ=400c   regular  answer=4 3 2 1 ❌
    [  55/120] n=4 A3 Δ=50c irregular  answer=4 3 2 1 ❌
    [  56/120] n=4 A4 Δ=50c irregular  answer=4 3 2 1 ❌
    [  57/120] n=4 A5 Δ=50c irregular  answer=4 3 2 1 ❌
    [  58/120] n=4 A3 Δ=50c   regular  answer=4 3 2 1 ❌
    [  59/120] n=4 A4 Δ=50c   regular  answer=4 3 2 1 ❌
    [  60/120] n=4 A5 Δ=50c   regular  answer=4 3 2 1 ❌
    [  61/120] n=5 A3 Δ=100c irregular  answer=3 4 1 2 5 ❌
    [  62/120] n=5 A4 Δ=100c irregular  answer=3 4 1 2 5 ❌
    [  63/120] n=5 A5 Δ=100c irregular  answer=3 4 1 2 5 ❌
    [  64/120] n=5 A3 Δ=100c   regular  answer=3 4 1 2 5 ❌
    [  65/120] n=5 A4 Δ=100c   regular  answer=3 4 1 2 5 ❌
    [  66/120] n=5 A5 Δ=100c   regular  answer=3 4 1 2 5 ❌
    [  67/120] n=5 A3 Δ=200c irregular  answer=3 4 1 5 2 ❌
    [  68/120] n=5 A4 Δ=200c irregular  answer=3 4 1 2 5 ❌
    [  69/120] n=5 A5 Δ=200c irregular  answer=3 4 1 2 5 ❌
    [  70/120] n=5 A3 Δ=200c   regular  answer=3 4 1 2 5 ❌
    [  71/120] n=5 A5 Δ=200c   regular  answer=3 4 5 1 2 ❌
    [  72/120] n=5 A4 Δ=200c   regular  answer=3 4 1 2 5 ❌
    [  73/120] n=5 A4 Δ=25c irregular  answer=3 4 1 2 5 ❌
    [  74/120] n=5 A3 Δ=25c irregular  answer=3 4 1 2 5 ❌
    [  75/120] n=5 A5 Δ=25c irregular  answer=3 4 1 2 5 ❌
    [  76/120] n=5 A3 Δ=25c   regular  answer=3 4 1 2 5 ❌
    [  77/120] n=5 A4 Δ=25c   regular  answer=3 4 1 2 5 ❌
    [  78/120] n=5 A5 Δ=25c   regular  answer=3 4 1 2 5 ❌
    [  79/120] n=5 A4 Δ=400c irregular  answer=3 4 1 2 5 ❌
    [  80/120] n=5 A3 Δ=400c irregular  answer=3 4 1 2 5 ❌
    [  81/120] n=5 A5 Δ=400c irregular  answer=3 4 1 2 5 ❌
    [  82/120] n=5 A3 Δ=400c   regular  answer=3 4 1 2 5 ❌
    [  83/120] n=5 A4 Δ=400c   regular  answer=3 4 5 1 2 ❌
    [  84/120] n=5 A5 Δ=400c   regular  answer=3 4 1 2 5 ❌
    [  85/120] n=5 A4 Δ=50c irregular  answer=3 4 1 2 5 ❌
    [  86/120] n=5 A3 Δ=50c irregular  answer=3 4 1 2 5 ❌
    [  87/120] n=5 A5 Δ=50c irregular  answer=3 4 1 2 5 ❌
    [  88/120] n=5 A3 Δ=50c   regular  answer=3 4 1 2 5 ❌
    [  89/120] n=5 A4 Δ=50c   regular  answer=3 4 1 2 5 ❌
    [  90/120] n=5 A5 Δ=50c   regular  answer=3 4 1 2 5 ❌
    [  91/120] n=7 A3 Δ=100c irregular  answer=1 2 3 4 5 6 7 ❌
    [  92/120] n=7 A4 Δ=100c irregular  answer=1 2 3 4 5 6 7 ❌
    [  93/120] n=7 A5 Δ=100c irregular  answer=1 2 3 4 5 6 7 ❌
    [  94/120] n=7 A3 Δ=100c   regular  answer=1 2 3 4 5 6 7 ❌
    [  95/120] n=7 A4 Δ=100c   regular  answer=1 2 3 4 5 6 7 ❌
    [  96/120] n=7 A5 Δ=100c   regular  answer=1 2 3 4 5 6 7 ❌
    [  97/120] n=7 A3 Δ=200c irregular  answer=1 2 3 4 5 6 7 ❌
    [  98/120] n=7 A4 Δ=200c irregular  answer=1 2 3 4 5 6 7 ❌
    [  99/120] n=7 A5 Δ=200c irregular  answer=1 2 3 4 5 6 7 ❌
    [ 100/120] n=7 A3 Δ=200c   regular  answer=1 2 3 4 5 6 7 ❌
    [ 101/120] n=7 A4 Δ=200c   regular  answer=1 2 3 4 5 6 7 ❌
    [ 102/120] n=7 A5 Δ=200c   regular  answer=1 2 3 4 5 6 7 ❌
    [ 103/120] n=7 A3 Δ=25c irregular  answer=1 2 3 4 5 6 7 ❌
    [ 104/120] n=7 A4 Δ=25c irregular  answer=1 2 3 4 5 6 7 ❌
    [ 105/120] n=7 A5 Δ=25c irregular  answer=1 2 3 4 5 6 7 ❌
    [ 106/120] n=7 A3 Δ=25c   regular  answer=1 2 3 4 5 6 7 ❌
    [ 107/120] n=7 A4 Δ=25c   regular  answer=7 6 5 4 3 2 1 ❌
    [ 108/120] n=7 A5 Δ=25c   regular  answer=1 2 3 4 5 6 7 ❌
    [ 109/120] n=7 A3 Δ=400c irregular  answer=7 6 5 4 3 2 1 ❌
    [ 110/120] n=7 A4 Δ=400c irregular  answer=1 2 3 4 5 6 7 ❌
    [ 111/120] n=7 A5 Δ=400c irregular  answer=1 2 3 4 5 6 7 ❌
    [ 112/120] n=7 A3 Δ=400c   regular  answer=1 2 3 4 5 6 7 ❌
    [ 113/120] n=7 A4 Δ=400c   regular  answer=7 6 5 4 3 2 1 ❌
    [ 114/120] n=7 A5 Δ=400c   regular  answer=1 2 3 4 5 6 7 ❌
    [ 115/120] n=7 A3 Δ=50c irregular  answer=1 2 3 4 5 6 7 ❌
    [ 116/120] n=7 A4 Δ=50c irregular  answer=7 6 5 4 3 2 1 ❌
    [ 117/120] n=7 A5 Δ=50c irregular  answer=1 2 3 4 5 6 7 ❌
    [ 118/120] n=7 A3 Δ=50c   regular  answer=1 2 3 4 5 6 7 ❌
    [ 119/120] n=7 A4 Δ=50c   regular  answer=1 2 3 4 5 6 7 ❌
    [ 120/120] n=7 A5 Δ=50c   regular  answer=1 2 3 4 5 6 7 ❌

============================================================
SUMMARY — audio_flamingo_next_instruct
  Sampling     : 120 of 2880 (stratified by '(n_notes, delta_cents, rhythm, base_name)', seed=42)
  Stimuli (total)     : 120
  Stimuli (condition) : 120  (all records)

          Metric   Accuracy
  ───────────────────────────
          ANSWER       4.2%

  *** WARNING: working tree has uncommitted changes — results will NOT be exactly reproducible from git_commit alone ***


Results saved → results/run_20260506_053722/pitchbench_d5_sequence_ranking_by_pitch/run_001_20260506_062231/results_audio_flamingo_next_instruct.*

############################################################
# pitchbench_d6_sequence_dyad_interval
############################################################

Experiment : pitchbench_d6_sequence_dyad_interval
Models     : audio_flamingo_next_instruct
Stimuli    : 236
  Sampling     : 236 of 35872 (stratified by '(signed_st, base_midi)', seed=42)

  Model : Audio Flamingo Next – instruct
    [dispatch] 236 items, max_workers=2
    [   1/236] iv= -1st base=C2   sep=1000ms sine  interval=0 ❌
    [   2/236] iv= -1st base=F#1  sep= 200ms triangle  interval=0 ❌
    [   3/236] iv= -1st base=G2   sep=1000ms trumpet  interval=4 ❌
    [   4/236] iv= -1st base=C3   sep=1000ms flute  interval=12 ❌
    [   5/236] iv= -1st base=F#3  sep= 500ms flute  interval=12 ❌
    [   6/236] iv= -1st base=C4   sep=2000ms piano  interval=0 ❌
    [   7/236] iv= -1st base=A4   sep=2000ms synth_pad  interval=12 ❌
    [   8/236] iv= -1st base=E4   sep=1000ms triangle  interval=12 ❌
    [   9/236] iv= -1st base=G5   sep=1000ms square  interval=12 ❌
    [  10/236] iv= -1st base=E6   sep=2000ms voice  interval=12 ❌
    [  11/236] iv=-10st base=F#1  sep= 200ms cello  interval=12 ❌
    [  12/236] iv=-10st base=C2   sep= 200ms sawtooth  interval=12 ❌
    [  13/236] iv=-10st base=G2   sep=2000ms sine  interval=0 ❌
    [  14/236] iv=-10st base=C3   sep=2000ms square  interval=12 ❌
    [  15/236] iv=-10st base=F#3  sep=2000ms guitar  interval=1 ❌
    [  16/236] iv=-10st base=C4   sep=2000ms flute  interval=12 ❌
    [  17/236] iv=-10st base=E4   sep= 500ms synth_lead  interval=4 ❌
    [  18/236] iv=-10st base=G5   sep=2000ms synth_pad  interval=4 ❌
    [  19/236] iv=-10st base=A4   sep=1000ms sine  interval=0 ❌
    [  20/236] iv=-10st base=E6   sep=1000ms guitar  interval=2 ❌
    [  21/236] iv=-11st base=F#1  sep=2000ms synth_pad  interval=10 ❌
    [  22/236] iv=-11st base=C2   sep=2000ms cello  interval=12 ❌
    [  23/236] iv=-11st base=G2   sep= 200ms flute  interval=12 ❌
    [  24/236] iv=-11st base=C3   sep=1000ms organ  interval=4 ❌
    [  25/236] iv=-11st base=F#3  sep=1000ms voice  interval=12 ❌
    [  26/236] iv=-11st base=C4   sep=2000ms trumpet  interval=4 ❌
    [  27/236] iv=-11st base=A4   sep= 200ms electric_keyboard  interval=2 ❌
    [  28/236] iv=-11st base=E4   sep= 500ms sine  interval=10 ❌
    [  29/236] iv=-11st base=E6   sep=2000ms clarinet  interval=4 ❌
    [  30/236] iv=-11st base=G5   sep= 200ms cello  interval=12 ❌
    [  31/236] iv=-12st base=F#1  sep=2000ms trumpet  interval=12 ❌
    [  32/236] iv=-12st base=C2   sep=2000ms piano  interval=12 ❌
    [  33/236] iv=-12st base=G2   sep=2000ms guitar  interval=0 ❌
    [  34/236] iv=-12st base=C3   sep=1000ms clarinet  interval=12 ❌
    [  35/236] iv=-12st base=F#3  sep=1000ms triangle  interval=4 ❌
    [  36/236] iv=-12st base=C4   sep=2000ms square  interval=12 ❌
    [  37/236] iv=-12st base=E4   sep= 500ms violin  interval=4 ❌
    [  38/236] iv=-12st base=G5   sep=2000ms oboe  interval=4 ❌
    [  39/236] iv=-12st base=A4   sep= 200ms triangle  interval=10 ❌
    [  40/236] iv=-12st base=E6   sep= 200ms oboe  interval=4 ❌
    [  41/236] iv= -2st base=F#1  sep=2000ms trumpet  interval=10 ❌
    [  42/236] iv= -2st base=C2   sep=2000ms sawtooth  interval=12 ❌
    [  43/236] iv= -2st base=G2   sep= 500ms organ  interval=4 ❌
    [  44/236] iv= -2st base=C3   sep= 500ms synth_pad  interval=4 ❌
    [  45/236] iv= -2st base=F#3  sep=2000ms triangle  interval=12 ❌
    [  46/236] iv= -2st base=E4   sep= 200ms square  interval=12 ❌
    [  47/236] iv= -2st base=C4   sep= 200ms violin  interval=10 ❌
    [  48/236] iv= -2st base=A4   sep= 500ms synth_pad  interval=4 ❌
    [  49/236] iv= -2st base=G5   sep=2000ms trombone  interval=12 ❌
    [  50/236] iv= -2st base=E6   sep= 200ms oboe  interval=4 ❌
    [  51/236] iv= -3st base=F#1  sep=2000ms voice  interval=0 ❌
    [  52/236] iv= -3st base=C2   sep= 500ms guitar  interval=0 ❌
    [  53/236] iv= -3st base=G2   sep= 500ms square  interval=12 ❌
    [  54/236] iv= -3st base=C3   sep=2000ms sawtooth  interval=12 ❌
    [  55/236] iv= -3st base=C4   sep=1000ms trombone  interval=0 ❌
    [  56/236] iv= -3st base=F#3  sep=1000ms flute  interval=12 ❌
    [  57/236] iv= -3st base=A4   sep=2000ms flute  interval=2 ❌
    [  58/236] iv= -3st base=E4   sep= 200ms square  interval=12 ❌
    [  59/236] iv= -3st base=G5   sep= 500ms triangle  interval=10 ❌
    [  60/236] iv= -3st base=E6   sep= 500ms violin  interval=10 ❌
    [  61/236] iv= -4st base=F#1  sep=2000ms trumpet  interval=12 ❌
    [  62/236] iv= -4st base=C2   sep= 200ms organ  interval=12 ❌
    [  63/236] iv= -4st base=G2   sep= 500ms oboe  interval=12 ❌
    [  64/236] iv= -4st base=C3   sep= 500ms electric_keyboard  interval=12 ❌
    [  65/236] iv= -4st base=F#3  sep=1000ms oboe  interval=4 ❌
    [  66/236] iv= -4st base=C4   sep=1000ms oboe  interval=4 ❌
    [  67/236] iv= -4st base=E4   sep= 500ms guitar  interval=2 ❌
    [  68/236] iv= -4st base=A4   sep= 200ms trumpet  interval=4 ❌
    [  69/236] iv= -4st base=G5   sep=1000ms square  interval=12 ❌
    [  70/236] iv= -4st base=E6   sep=2000ms electric_keyboard  interval=5 ❌
    [  71/236] iv= -5st base=F#1  sep= 200ms synth_pad  interval=12 ❌
    [  72/236] iv= -5st base=C2   sep=1000ms flute  interval=12 ❌
    [  73/236] iv= -5st base=C3   sep=1000ms organ  interval=4 ❌
    [  74/236] iv= -5st base=G2   sep= 500ms electric_keyboard  interval=2 ❌
    [  75/236] iv= -5st base=C4   sep= 500ms trumpet  interval=4 ❌
    [  76/236] iv= -5st base=F#3  sep= 500ms violin  interval=4 ❌
    [  77/236] iv= -5st base=A4   sep= 200ms flute  interval=0 ❌
    [  78/236] iv= -5st base=E4   sep=1000ms synth_pad  interval=4 ❌
    [  79/236] iv= -5st base=E6   sep=1000ms sawtooth  interval=12 ❌
    [  80/236] iv= -5st base=G5   sep=2000ms clarinet  interval=10 ❌
    [  81/236] iv= -6st base=F#1  sep=1000ms flute  interval=12 ❌
    [  82/236] iv= -6st base=C2   sep= 200ms sawtooth  interval=12 ❌
    [  83/236] iv= -6st base=C3   sep=1000ms violin  interval=12 ❌
    [  84/236] iv= -6st base=G2   sep= 200ms clarinet  interval=10 ❌
    [  85/236] iv= -6st base=F#3  sep= 200ms trumpet  interval=4 ❌
    [  86/236] iv= -6st base=C4   sep= 200ms square  interval=12 ❌
    [  87/236] iv= -6st base=A4   sep= 500ms voice  interval=0 ❌
    [  88/236] iv= -6st base=E4   sep=1000ms guitar  interval=2 ❌
    [  89/236] iv= -6st base=G5   sep= 200ms clarinet  interval=2 ❌
    [  90/236] iv= -6st base=E6   sep=1000ms guitar  interval=12 ❌
    [  91/236] iv= -7st base=F#1  sep=2000ms bass  interval=12 ❌
    [  92/236] iv= -7st base=C2   sep= 500ms violin  interval=12 ❌
    [  93/236] iv= -7st base=G2   sep= 500ms organ  interval=12 ❌
    [  94/236] iv= -7st base=C3   sep= 200ms piano  interval=12 ❌
    [  95/236] iv= -7st base=F#3  sep=2000ms trumpet  interval=2 ❌
    [  96/236] iv= -7st base=C4   sep=2000ms piano  interval=0 ❌
    [  97/236] iv= -7st base=E4   sep=2000ms flute  interval=4 ❌
    [  98/236] iv= -7st base=A4   sep=2000ms synth_pad  interval=4 ❌
    [  99/236] iv= -7st base=G5   sep= 500ms synth_pad  interval=4 ❌
    [ 100/236] iv= -7st base=E6   sep=2000ms trumpet  interval=10 ❌
    [ 101/236] iv= -8st base=F#1  sep= 500ms voice  interval=12 ❌
    [ 102/236] iv= -8st base=C2   sep= 500ms cello  interval=12 ❌
    [ 103/236] iv= -8st base=G2   sep= 500ms voice  interval=12 ❌
    [ 104/236] iv= -8st base=C3   sep=1000ms violin  interval=12 ❌
    [ 105/236] iv= -8st base=F#3  sep= 200ms oboe  interval=10 ❌
    [ 106/236] iv= -8st base=E4   sep=2000ms piano  interval=10 ❌
    [ 107/236] iv= -8st base=C4   sep= 200ms flute  interval=12 ❌
    [ 108/236] iv= -8st base=A4   sep=1000ms synth_lead  interval=4 ❌
    [ 109/236] iv= -8st base=G5   sep=1000ms bass  interval=10 ❌
    [ 110/236] iv= -9st base=F#1  sep= 200ms sawtooth  interval=12 ❌
    [ 111/236] iv= -8st base=E6   sep=2000ms square  interval=12 ❌
    [ 112/236] iv= -9st base=G2   sep=2000ms piano  interval=4 ❌
    [ 113/236] iv= -9st base=C2   sep= 200ms triangle  interval=12 ❌
    [ 114/236] iv= -9st base=C3   sep= 200ms electric_keyboard  interval=10 ❌
    [ 115/236] iv= -9st base=F#3  sep= 200ms cello  interval=4 ❌
    [ 116/236] iv= -9st base=C4   sep= 200ms square  interval=12 ❌
    [ 117/236] iv= -9st base=E4   sep=1000ms violin  interval=4 ❌
    [ 118/236] iv= -9st base=A4   sep= 500ms violin  interval=2 ❌
    [ 119/236] iv= -9st base=G5   sep=2000ms organ  interval=4 ❌
    [ 120/236] iv= +1st base=F#1  sep= 200ms trumpet  interval=12 ❌
    [ 121/236] iv= -9st base=E6   sep=2000ms synth_lead  interval=12 ❌
    [ 122/236] iv= +1st base=C2   sep= 500ms synth_pad  interval=4 ❌
    [ 123/236] iv= +1st base=G2   sep=1000ms sine  interval=12 ❌
    [ 124/236] iv= +1st base=C3   sep= 500ms triangle  interval=12 ❌
    [ 125/236] iv= +1st base=F#3  sep= 500ms synth_pad  interval=4 ❌
    [ 126/236] iv= +1st base=E4   sep=2000ms clarinet  interval=4 ❌
    [ 127/236] iv= +1st base=C4   sep= 200ms trumpet  interval=4 ❌
    [ 128/236] iv= +1st base=G5   sep=2000ms trombone  interval=12 ❌
    [ 129/236] iv= +1st base=A4   sep= 200ms triangle  interval=12 ❌
    [ 130/236] iv=+10st base=F#1  sep= 200ms electric_keyboard  interval=2 ❌
    [ 131/236] iv= +1st base=E6   sep=2000ms cello  interval=12 ❌
    [ 132/236] iv=+10st base=C2   sep= 200ms organ  interval=4 ❌
    [ 133/236] iv=+10st base=G2   sep= 200ms sine  interval=12 ❌
    [ 134/236] iv=+10st base=C3   sep=2000ms trumpet  interval=4 ❌
    [ 135/236] iv=+10st base=F#3  sep= 200ms synth_lead  interval=12 ❌
    [ 136/236] iv=+10st base=C4   sep= 500ms electric_keyboard  interval=12 ❌
    [ 137/236] iv=+10st base=E4   sep= 500ms synth_lead  interval=12 ❌
    [ 138/236] iv=+10st base=A4   sep=2000ms triangle  interval=12 ❌
    [ 139/236] iv=+10st base=G5   sep= 200ms trombone  interval=10 ✅
    [ 140/236] iv=+11st base=F#1  sep= 500ms synth_lead  interval=12 ❌
    [ 141/236] iv=+11st base=C2   sep=1000ms guitar  interval=1 ❌
    [ 142/236] iv=+11st base=G2   sep=2000ms piano  interval=12 ❌
    [ 143/236] iv=+11st base=C3   sep=2000ms oboe  interval=4 ❌
    [ 144/236] iv=+11st base=F#3  sep= 500ms electric_keyboard  interval=2 ❌
    [ 145/236] iv=+11st base=C4   sep=1000ms synth_pad  interval=4 ❌
    [ 146/236] iv=+11st base=E4   sep=2000ms synth_lead  interval=12 ❌
    [ 147/236] iv=+11st base=A4   sep= 200ms sine  interval=12 ❌
    [ 148/236] iv=+11st base=G5   sep=1000ms clarinet  interval=2 ❌
    [ 149/236] iv=+12st base=F#1  sep= 500ms bass  interval=12 ✅
    [ 150/236] iv=+12st base=C2   sep= 200ms sine  interval=0 ❌
    [ 151/236] iv=+12st base=G2   sep= 200ms triangle  interval=12 ✅
    [ 152/236] iv=+12st base=C3   sep= 200ms oboe  interval=0 ❌
    [ 153/236] iv=+12st base=F#3  sep=1000ms trombone  interval=4 ❌
    [ 154/236] iv=+12st base=C4   sep= 500ms flute  interval=0 ❌
    [ 155/236] iv=+12st base=E4   sep=1000ms sawtooth  interval=12 ✅
    [ 156/236] iv=+12st base=A4   sep= 500ms flute  interval=12 ✅
    [ 157/236] iv=+12st base=G5   sep= 500ms voice  interval=10 ❌
    [ 158/236] iv= +2st base=F#1  sep= 200ms square  interval=12 ❌
    [ 159/236] iv= +2st base=C2   sep= 500ms square  interval=12 ❌
    [ 160/236] iv= +2st base=G2   sep= 200ms bass  interval=0 ❌
    [ 161/236] iv= +2st base=F#3  sep= 200ms synth_pad  interval=4 ❌
    [ 162/236] iv= +2st base=C3   sep= 500ms square  interval=12 ❌
    [ 163/236] iv= +2st base=E4   sep= 200ms piano  interval=2 ✅
    [ 164/236] iv= +2st base=C4   sep= 200ms piano  interval=12 ❌
    [ 165/236] iv= +2st base=A4   sep= 500ms bass  interval=2 ✅
    [ 166/236] iv= +2st base=G5   sep= 200ms synth_pad  interval=4 ❌
    [ 167/236] iv= +2st base=E6   sep=1000ms electric_keyboard  interval=4 ❌
    [ 168/236] iv= +3st base=F#1  sep=2000ms trumpet  interval=10 ❌
    [ 169/236] iv= +3st base=C2   sep=2000ms synth_lead  interval=12 ❌
    [ 170/236] iv= +3st base=G2   sep= 200ms cello  interval=10 ❌
    [ 171/236] iv= +3st base=C3   sep=1000ms guitar  interval=12 ❌
    [ 172/236] iv= +3st base=F#3  sep=1000ms synth_pad  interval=4 ❌
    [ 173/236] iv= +3st base=C4   sep=2000ms guitar  interval=0 ❌
    [ 174/236] iv= +3st base=E4   sep=2000ms trombone  interval=4 ❌
    [ 175/236] iv= +3st base=A4   sep=1000ms violin  interval=4 ❌
    [ 176/236] iv= +3st base=G5   sep=2000ms oboe  interval=12 ❌
    [ 177/236] iv= +3st base=E6   sep= 200ms organ  interval=4 ❌
    [ 178/236] iv= +4st base=F#1  sep= 200ms synth_lead  interval=12 ❌
    [ 179/236] iv= +4st base=C2   sep=2000ms organ  interval=4 ✅
    [ 180/236] iv= +4st base=G2   sep=1000ms triangle  interval=12 ❌
    [ 181/236] iv= +4st base=C3   sep=2000ms flute  interval=12 ❌
    [ 182/236] iv= +4st base=F#3  sep= 500ms flute  interval=10 ❌
    [ 183/236] iv= +4st base=C4   sep= 200ms square  interval=12 ❌
    [ 184/236] iv= +4st base=E4   sep=1000ms clarinet  interval=4 ✅
    [ 185/236] iv= +4st base=A4   sep= 500ms sine  interval=0 ❌
    [ 186/236] iv= +4st base=G5   sep=1000ms voice  interval=12 ❌
    [ 187/236] iv= +4st base=E6   sep= 500ms synth_pad  interval=12 ❌
    [ 188/236] iv= +5st base=F#1  sep=1000ms flute  interval=12 ❌
    [ 189/236] iv= +5st base=C2   sep=1000ms voice  interval=12 ❌
    [ 190/236] iv= +5st base=G2   sep= 200ms flute  interval=12 ❌
    [ 191/236] iv= +5st base=C3   sep= 500ms sine  interval=12 ❌
    [ 192/236] iv= +5st base=F#3  sep=1000ms square  interval=12 ❌
    [ 193/236] iv= +5st base=C4   sep=2000ms sawtooth  interval=12 ❌
    [ 194/236] iv= +5st base=E4   sep=1000ms flute  interval=2 ❌
    [ 195/236] iv= +5st base=A4   sep= 500ms square  interval=12 ❌
    [ 196/236] iv= +5st base=G5   sep= 200ms sawtooth  interval=12 ❌
    [ 197/236] iv= +5st base=E6   sep= 200ms clarinet  interval=12 ❌
    [ 198/236] iv= +6st base=F#1  sep=1000ms square  interval=12 ❌
    [ 199/236] iv= +6st base=C2   sep=2000ms synth_lead  interval=12 ❌
    [ 200/236] iv= +6st base=G2   sep= 200ms flute  interval=12 ❌
    [ 201/236] iv= +6st base=C3   sep=2000ms trumpet  interval=4 ❌
    [ 202/236] iv= +6st base=F#3  sep= 200ms bass  interval=12 ❌
    [ 203/236] iv= +6st base=C4   sep=1000ms guitar  interval=0 ❌
    [ 204/236] iv= +6st base=E4   sep=1000ms synth_pad  interval=2 ❌
    [ 205/236] iv= +6st base=A4   sep= 500ms piano  interval=2 ❌
    [ 206/236] iv= +6st base=G5   sep=1000ms voice  interval=10 ❌
    [ 207/236] iv= +6st base=E6   sep=2000ms voice  interval=12 ❌
    [ 208/236] iv= +7st base=F#1  sep= 500ms bass  interval=10 ❌
    [ 209/236] iv= +7st base=C2   sep=1000ms flute  interval=12 ❌
    [ 210/236] iv= +7st base=G2   sep= 500ms bass  interval=2 ❌
    [ 211/236] iv= +7st base=C3   sep= 200ms cello  interval=4 ❌
    [ 212/236] iv= +7st base=F#3  sep= 200ms guitar  interval=2 ❌
    [ 213/236] iv= +7st base=C4   sep= 200ms triangle  interval=12 ❌
    [ 214/236] iv= +7st base=E4   sep= 200ms triangle  interval=12 ❌
    [ 215/236] iv= +7st base=A4   sep=1000ms cello  interval=12 ❌
    [ 216/236] iv= +7st base=G5   sep=1000ms oboe  interval=4 ❌
    [ 217/236] iv= +7st base=E6   sep= 200ms cello  interval=12 ❌
    [ 218/236] iv= +8st base=F#1  sep= 500ms cello  interval=12 ❌
    [ 219/236] iv= +8st base=C2   sep=2000ms organ  interval=12 ❌
    [ 220/236] iv= +8st base=G2   sep= 500ms sawtooth  interval=12 ❌
    [ 221/236] iv= +8st base=C3   sep= 500ms triangle  interval=12 ❌
    [ 222/236] iv= +8st base=F#3  sep=2000ms sawtooth  interval=12 ❌
    [ 223/236] iv= +8st base=C4   sep=2000ms violin  interval=4 ❌
    [ 224/236] iv= +8st base=E4   sep=1000ms clarinet  interval=4 ❌
    [ 225/236] iv= +8st base=A4   sep=2000ms triangle  interval=12 ❌
    [ 226/236] iv= +8st base=G5   sep=2000ms flute  interval=12 ❌
    [ 227/236] iv= +9st base=F#1  sep= 200ms guitar  interval=1 ❌
    [ 228/236] iv= +8st base=E6   sep= 500ms guitar  interval=10 ❌
    [ 229/236] iv= +9st base=G2   sep=1000ms organ  interval=4 ❌
    [ 230/236] iv= +9st base=C2   sep= 500ms synth_pad  interval=4 ❌
    [ 231/236] iv= +9st base=F#3  sep= 200ms cello  interval=4 ❌
    [ 232/236] iv= +9st base=C3   sep=2000ms piano  interval=0 ❌
    [ 233/236] iv= +9st base=E4   sep=2000ms trumpet  interval=4 ❌
    [ 234/236] iv= +9st base=C4   sep=1000ms electric_keyboard  interval=5 ❌
    [ 235/236] iv= +9st base=A4   sep=1000ms organ  interval=4 ❌
    [ 236/236] iv= +9st base=G5   sep=2000ms flute  interval=12 ❌

============================================================
SUMMARY — audio_flamingo_next_instruct
  Sampling     : 236 of 35872 (stratified by '(signed_st, base_midi)', seed=42)
  Stimuli (total)     : 236
  Stimuli (condition) : 236  (all records)

          Metric   Accuracy
  ───────────────────────────
        INTERVAL       3.8%

  *** WARNING: working tree has uncommitted changes — results will NOT be exactly reproducible from git_commit alone ***


Results saved → results/run_20260506_053722/pitchbench_d6_sequence_dyad_interval/run_001_20260506_062305/results_audio_flamingo_next_instruct.*

############################################################
# pitchbench_d8_sequence_pitches
############################################################

Experiment : pitchbench_d8_sequence_pitches
Models     : audio_flamingo_next_instruct
Stimuli    : 171
  Sampling     : 171 of 285 (stratified by '(n_notes, source)', seed=42)

  Model : Audio Flamingo Next – instruct
    [dispatch] 171 items, max_workers=2
    [   1/171] n=10 t=0 bass  midi_sequence=None ❌  | spn_sequence=None ❌  | doremi_sequence=None ❌  | hz_sequence=None ❌  | any_sequence=None ❌
    [   2/171] n=10 t=4 bass  midi_sequence=None ❌  | spn_sequence=None ❌  | doremi_sequence=None ❌  | hz_sequence=None ❌  | any_sequence=None ❌
    [   3/171] n=10 t=2 bass  midi_sequence=None ❌  | spn_sequence=None ❌  | doremi_sequence=None ❌  | hz_sequence=None ❌  | any_sequence=None ❌
    [   4/171] n=10 t=2 cello  midi_sequence=None ❌  | spn_sequence=None ❌  | doremi_sequence=None ❌  | hz_sequence=None ❌  | any_sequence=None ❌
    [   5/171] n=10 t=1 cello  midi_sequence=None ❌  | spn_sequence=None ❌  | doremi_sequence=None ❌  | hz_sequence=None ❌  | any_sequence=None ❌
    [   6/171] n=10 t=0 cello  midi_sequence=None ❌  | spn_sequence=None ❌  | doremi_sequence=None ❌  | hz_sequence=None ❌  | any_sequence=None ❌
    [   7/171] n=10 t=1 clarinet  midi_sequence=None ❌  | spn_sequence=None ❌  | doremi_sequence=None ❌  | hz_sequence=None ❌  | any_sequence=None ❌
    [   8/171] n=10 t=0 clarinet  midi_sequence=None ❌  | spn_sequence=None ❌  | doremi_sequence=None ❌  | hz_sequence=None ❌  | any_sequence=None ❌
    [   9/171] n=10 t=2 clarinet  midi_sequence=None ❌  | spn_sequence=None ❌  | doremi_sequence=None ❌  | hz_sequence=None ❌  | any_sequence=None ❌
    [  10/171] n=10 t=4 electric_keyboard  midi_sequence=None ❌  | spn_sequence=None ❌  | doremi_sequence=None ❌  | hz_sequence=None ❌  | any_sequence=None ❌
    [  11/171] n=10 t=0 electric_keyboard  midi_sequence=None ❌  | spn_sequence=None ❌  | doremi_sequence=None ❌  | hz_sequence=None ❌  | any_sequence=None ❌
    [  12/171] n=10 t=2 electric_keyboard  midi_sequence=None ❌  | spn_sequence=None ❌  | doremi_sequence=None ❌  | hz_sequence=None ❌  | any_sequence=None ❌
    [  13/171] n=10 t=3 flute  midi_sequence=None ❌  | spn_sequence=None ❌  | doremi_sequence=None ❌  | hz_sequence=None ❌  | any_sequence=None ❌
    [  14/171] n=10 t=0 flute  midi_sequence=None ❌  | spn_sequence=None ❌  | doremi_sequence=None ❌  | hz_sequence=None ❌  | any_sequence=None ❌
    [  15/171] n=10 t=4 flute  midi_sequence=None ❌  | spn_sequence=None ❌  | doremi_sequence=None ❌  | hz_sequence=None ❌  | any_sequence=None ❌
    [  16/171] n=10 t=0 guitar  midi_sequence=None ❌  | spn_sequence=None ❌  | doremi_sequence=None ❌  | hz_sequence=None ❌  | any_sequence=None ❌
    [  17/171] n=10 t=1 guitar  midi_sequence=None ❌  | spn_sequence=None ❌  | doremi_sequence=None ❌  | hz_sequence=None ❌  | any_sequence=None ❌
    [  18/171] n=10 t=4 guitar  midi_sequence=None ❌  | spn_sequence=None ❌  | doremi_sequence=None ❌  | hz_sequence=None ❌  | any_sequence=None ❌
    [  19/171] n=10 t=4 oboe  midi_sequence=None ❌  | spn_sequence=None ❌  | doremi_sequence=None ❌  | hz_sequence=None ❌  | any_sequence=None ❌
    [  20/171] n=10 t=0 oboe  midi_sequence=None ❌  | spn_sequence=None ❌  | doremi_sequence=None ❌  | hz_sequence=None ❌  | any_sequence=None ❌
    [  21/171] n=10 t=2 oboe  midi_sequence=None ❌  | spn_sequence=None ❌  | doremi_sequence=None ❌  | hz_sequence=None ❌  | any_sequence=None ❌
    [  22/171] n=10 t=1 organ  midi_sequence=None ❌  | spn_sequence=None ❌  | doremi_sequence=None ❌  | hz_sequence=None ❌  | any_sequence=None ❌
    [  23/171] n=10 t=3 organ  midi_sequence=None ❌  | spn_sequence=None ❌  | doremi_sequence=None ❌  | hz_sequence=None ❌  | any_sequence=None ❌
    [  24/171] n=10 t=0 organ  midi_sequence=None ❌  | spn_sequence=None ❌  | doremi_sequence=None ❌  | hz_sequence=None ❌  | any_sequence=None ❌
    [  25/171] n=10 t=3 piano  midi_sequence=None ❌  | spn_sequence=None ❌  | doremi_sequence=None ❌  | hz_sequence=None ❌  | any_sequence=None ❌
    [  26/171] n=10 t=2 piano  midi_sequence=None ❌  | spn_sequence=None ❌  | doremi_sequence=None ❌  | hz_sequence=None ❌  | any_sequence=None ❌
    [  27/171] n=10 t=0 piano  midi_sequence=None ❌  | spn_sequence=None ❌  | doremi_sequence=None ❌  | hz_sequence=None ❌  | any_sequence=None ❌
    [  28/171] n=10 t=1 sawtooth  midi_sequence=None ❌  | spn_sequence=None ❌  | doremi_sequence=None ❌  | hz_sequence=None ❌  | any_sequence=None ❌
    [  29/171] n=10 t=3 sawtooth  midi_sequence=None ❌  | spn_sequence=None ❌  | doremi_sequence=None ❌  | hz_sequence=None ❌  | any_sequence=None ❌
    [  30/171] n=10 t=4 sawtooth  midi_sequence=None ❌  | spn_sequence=None ❌  | doremi_sequence=None ❌  | hz_sequence=None ❌  | any_sequence=None ❌
    [  31/171] n=10 t=2 sine  midi_sequence=None ❌  | spn_sequence=None ❌  | doremi_sequence=None ❌  | hz_sequence=None ❌  | any_sequence=None ❌
    [  32/171] n=10 t=1 sine  midi_sequence=None ❌  | spn_sequence=None ❌  | doremi_sequence=None ❌  | hz_sequence=None ❌  | any_sequence=None ❌
    [  33/171] n=10 t=0 sine  midi_sequence=None ❌  | spn_sequence=None ❌  | doremi_sequence=None ❌  | hz_sequence=None ❌  | any_sequence=None ❌
    [  34/171] n=10 t=2 square  midi_sequence=None ❌  | spn_sequence=None ❌  | doremi_sequence=None ❌  | hz_sequence=None ❌  | any_sequence=None ❌
    [  35/171] n=10 t=0 square  midi_sequence=None ❌  | spn_sequence=None ❌  | doremi_sequence=None ❌  | hz_sequence=None ❌  | any_sequence=None ❌
    [  36/171] n=10 t=3 square  midi_sequence=None ❌  | spn_sequence=None ❌  | doremi_sequence=None ❌  | hz_sequence=None ❌  | any_sequence=None ❌
    [  37/171] n=10 t=3 synth_lead  midi_sequence=None ❌  | spn_sequence=None ❌  | doremi_sequence=None ❌  | hz_sequence=None ❌  | any_sequence=None ❌
    [  38/171] n=10 t=0 synth_lead  midi_sequence=None ❌  | spn_sequence=None ❌  | doremi_sequence=None ❌  | hz_sequence=None ❌  | any_sequence=None ❌
    [  39/171] n=10 t=1 synth_lead  midi_sequence=None ❌  | spn_sequence=None ❌  | doremi_sequence=None ❌  | hz_sequence=None ❌  | any_sequence=None ❌
    [  40/171] n=10 t=2 synth_pad  midi_sequence=None ❌  | spn_sequence=None ❌  | doremi_sequence=None ❌  | hz_sequence=None ❌  | any_sequence=None ❌
    [  41/171] n=10 t=4 synth_pad  midi_sequence=None ❌  | spn_sequence=None ❌  | doremi_sequence=None ❌  | hz_sequence=None ❌  | any_sequence=None ❌
    [  42/171] n=10 t=0 synth_pad  midi_sequence=None ❌  | spn_sequence=None ❌  | doremi_sequence=None ❌  | hz_sequence=None ❌  | any_sequence=None ❌
    [  43/171] n=10 t=0 triangle  midi_sequence=None ❌  | spn_sequence=None ❌  | doremi_sequence=None ❌  | hz_sequence=None ❌  | any_sequence=None ❌
    [  44/171] n=10 t=3 triangle  midi_sequence=None ❌  | spn_sequence=None ❌  | doremi_sequence=None ❌  | hz_sequence=None ❌  | any_sequence=None ❌
    [  45/171] n=10 t=0 trombone  midi_sequence=None ❌  | spn_sequence=None ❌  | doremi_sequence=None ❌  | hz_sequence=None ❌  | any_sequence=None ❌
    [  46/171] n=10 t=1 triangle  midi_sequence=None ❌  | spn_sequence=None ❌  | doremi_sequence=None ❌  | hz_sequence=None ❌  | any_sequence=None ❌
    [  47/171] n=10 t=2 trombone  midi_sequence=None ❌  | spn_sequence=None ❌  | doremi_sequence=None ❌  | hz_sequence=None ❌  | any_sequence=None ❌
    [  48/171] n=10 t=3 trombone  midi_sequence=None ❌  | spn_sequence=None ❌  | doremi_sequence=None ❌  | hz_sequence=None ❌  | any_sequence=None ❌
    [  49/171] n=10 t=2 trumpet  midi_sequence=None ❌  | spn_sequence=None ❌  | doremi_sequence=None ❌  | hz_sequence=None ❌  | any_sequence=None ❌
    [  50/171] n=10 t=4 trumpet  midi_sequence=None ❌  | spn_sequence=None ❌  | doremi_sequence=None ❌  | hz_sequence=None ❌  | any_sequence=None ❌
    [  51/171] n=10 t=1 violin  midi_sequence=None ❌  | spn_sequence=None ❌  | doremi_sequence=None ❌  | hz_sequence=None ❌  | any_sequence=None ❌
    [  52/171] n=10 t=3 trumpet  midi_sequence=None ❌  | spn_sequence=None ❌  | doremi_sequence=None ❌  | hz_sequence=None ❌  | any_sequence=None ❌
    [  53/171] n=10 t=0 violin  midi_sequence=None ❌  | spn_sequence=None ❌  | doremi_sequence=None ❌  | hz_sequence=None ❌  | any_sequence=None ❌
    [  54/171] n=10 t=3 violin  midi_sequence=None ❌  | spn_sequence=None ❌  | doremi_sequence=None ❌  | hz_sequence=None ❌  | any_sequence=None ❌
    [  55/171] n=10 t=1 voice  midi_sequence=None ❌  | spn_sequence=None ❌  | doremi_sequence=None ❌  | hz_sequence=None ❌  | any_sequence=None ❌
    [  56/171] n=10 t=2 voice  midi_sequence=None ❌  | spn_sequence=None ❌  | doremi_sequence=None ❌  | hz_sequence=None ❌  | any_sequence=None ❌
    [  57/171] n=3 t=1 bass  midi_sequence=None ❌  | spn_sequence=None ❌  | doremi_sequence=None ❌  | hz_sequence=None ❌  | any_sequence=None ❌
    [  58/171] n=3 t=0 bass  midi_sequence=None ❌  | spn_sequence=None ❌  | doremi_sequence=None ❌  | hz_sequence=None ❌  | any_sequence=None ❌
    [  59/171] n=10 t=0 voice  midi_sequence=None ❌  | spn_sequence=None ❌  | doremi_sequence=None ❌  | hz_sequence=None ❌  | any_sequence=None ❌
    [  60/171] n=3 t=4 bass  midi_sequence=None ❌  | spn_sequence=None ❌  | doremi_sequence=None ❌  | hz_sequence=None ❌  | any_sequence=None ❌
    [  61/171] n=3 t=2 cello  midi_sequence=None ❌  | spn_sequence=None ❌  | doremi_sequence=None ❌  | hz_sequence=None ❌  | any_sequence=None ❌
    [  62/171] n=3 t=3 cello  midi_sequence=None ❌  | spn_sequence=None ❌  | doremi_sequence=None ❌  | hz_sequence=None ❌  | any_sequence=None ❌
    [  63/171] n=3 t=4 cello  midi_sequence=None ❌  | spn_sequence=None ❌  | doremi_sequence=None ❌  | hz_sequence=None ❌  | any_sequence=None ❌
    [  64/171] n=3 t=2 clarinet  midi_sequence=None ❌  | spn_sequence=None ❌  | doremi_sequence=None ❌  | hz_sequence=None ❌  | any_sequence=None ❌
    [  65/171] n=3 t=1 clarinet  midi_sequence=None ❌  | spn_sequence=None ❌  | doremi_sequence=None ❌  | hz_sequence=None ❌  | any_sequence=None ❌
    [  66/171] n=3 t=3 clarinet  midi_sequence=None ❌  | spn_sequence=None ❌  | doremi_sequence=None ❌  | hz_sequence=None ❌  | any_sequence=None ❌
    [  67/171] n=3 t=2 electric_keyboard  midi_sequence=None ❌  | spn_sequence=None ❌  | doremi_sequence=None ❌  | hz_sequence=None ❌  | any_sequence=None ❌
    [  68/171] n=3 t=1 electric_keyboard  midi_sequence=None ❌  | spn_sequence=None ❌  | doremi_sequence=None ❌  | hz_sequence=None ❌  | any_sequence=None ❌
    [  69/171] n=3 t=4 electric_keyboard  midi_sequence=None ❌  | spn_sequence=None ❌  | doremi_sequence=None ❌  | hz_sequence=None ❌  | any_sequence=None ❌
    [  70/171] n=3 t=2 flute  midi_sequence=None ❌  | spn_sequence=None ❌  | doremi_sequence=None ❌  | hz_sequence=None ❌  | any_sequence=None ❌
    [  71/171] n=3 t=0 flute  midi_sequence=None ❌  | spn_sequence=None ❌  | doremi_sequence=None ❌  | hz_sequence=None ❌  | any_sequence=None ❌
    [  72/171] n=3 t=4 flute  midi_sequence=None ❌  | spn_sequence=None ❌  | doremi_sequence=None ❌  | hz_sequence=None ❌  | any_sequence=None ❌
    [  73/171] n=3 t=1 guitar  midi_sequence=None ❌  | spn_sequence=None ❌  | doremi_sequence=None ❌  | hz_sequence=None ❌  | any_sequence=None ❌
    [  74/171] n=3 t=4 guitar  midi_sequence=None ❌  | spn_sequence=None ❌  | doremi_sequence=None ❌  | hz_sequence=None ❌  | any_sequence=None ❌
    [  75/171] n=3 t=0 guitar  midi_sequence=None ❌  | spn_sequence=None ❌  | doremi_sequence=None ❌  | hz_sequence=None ❌  | any_sequence=None ❌
    [  76/171] n=3 t=4 oboe  midi_sequence=None ❌  | spn_sequence=None ❌  | doremi_sequence=None ❌  | hz_sequence=None ❌  | any_sequence=None ❌
    [  77/171] n=3 t=3 oboe  midi_sequence=None ❌  | spn_sequence=None ❌  | doremi_sequence=None ❌  | hz_sequence=None ❌  | any_sequence=None ❌
    [  78/171] n=3 t=1 oboe  midi_sequence=None ❌  | spn_sequence=None ❌  | doremi_sequence=None ❌  | hz_sequence=None ❌  | any_sequence=None ❌
    [  79/171] n=3 t=4 organ  midi_sequence=None ❌  | spn_sequence=None ❌  | doremi_sequence=None ❌  | hz_sequence=None ❌  | any_sequence=None ❌
    [  80/171] n=3 t=1 organ  midi_sequence=None ❌  | spn_sequence=None ❌  | doremi_sequence=None ❌  | hz_sequence=None ❌  | any_sequence=None ❌
    [  81/171] n=3 t=2 organ  midi_sequence=None ❌  | spn_sequence=None ❌  | doremi_sequence=None ❌  | hz_sequence=None ❌  | any_sequence=None ❌
    [  82/171] n=3 t=0 piano  midi_sequence=None ❌  | spn_sequence=None ❌  | doremi_sequence=None ❌  | hz_sequence=None ❌  | any_sequence=None ❌
    [  83/171] n=3 t=2 piano  midi_sequence=None ❌  | spn_sequence=None ❌  | doremi_sequence=None ❌  | hz_sequence=None ❌  | any_sequence=None ❌
    [  84/171] n=3 t=3 piano  midi_sequence=None ❌  | spn_sequence=None ❌  | doremi_sequence=None ❌  | hz_sequence=None ❌  | any_sequence=None ❌
    [  85/171] n=3 t=0 sawtooth  midi_sequence=None ❌  | spn_sequence=None ❌  | doremi_sequence=None ❌  | hz_sequence=None ❌  | any_sequence=None ❌
    [  86/171] n=3 t=2 sawtooth  midi_sequence=None ❌  | spn_sequence=None ❌  | doremi_sequence=None ❌  | hz_sequence=None ❌  | any_sequence=None ❌
    [  87/171] n=3 t=1 sawtooth  midi_sequence=None ❌  | spn_sequence=None ❌  | doremi_sequence=None ❌  | hz_sequence=None ❌  | any_sequence=None ❌
    [  88/171] n=3 t=2 sine  midi_sequence=None ❌  | spn_sequence=None ❌  | doremi_sequence=None ❌  | hz_sequence=None ❌  | any_sequence=None ❌
    [  89/171] n=3 t=0 sine  midi_sequence=None ❌  | spn_sequence=None ❌  | doremi_sequence=None ❌  | hz_sequence=None ❌  | any_sequence=None ❌
    [  90/171] n=3 t=3 sine  midi_sequence=None ❌  | spn_sequence=None ❌  | doremi_sequence=None ❌  | hz_sequence=None ❌  | any_sequence=None ❌
    [  91/171] n=3 t=4 square  midi_sequence=None ❌  | spn_sequence=None ❌  | doremi_sequence=None ❌  | hz_sequence=None ❌  | any_sequence=None ❌
    [  92/171] n=3 t=2 square  midi_sequence=None ❌  | spn_sequence=None ❌  | doremi_sequence=None ❌  | hz_sequence=None ❌  | any_sequence=None ❌
    [  93/171] n=3 t=0 square  midi_sequence=None ❌  | spn_sequence=None ❌  | doremi_sequence=None ❌  | hz_sequence=None ❌  | any_sequence=None ❌
    [  94/171] n=3 t=3 synth_lead  midi_sequence=None ❌  | spn_sequence=None ❌  | doremi_sequence=None ❌  | hz_sequence=None ❌  | any_sequence=None ❌
    [  95/171] n=3 t=4 synth_lead  midi_sequence=None ❌  | spn_sequence=None ❌  | doremi_sequence=None ❌  | hz_sequence=None ❌  | any_sequence=None ❌
    [  96/171] n=3 t=2 synth_lead  midi_sequence=None ❌  | spn_sequence=None ❌  | doremi_sequence=None ❌  | hz_sequence=None ❌  | any_sequence=None ❌
    [  97/171] n=3 t=3 synth_pad  midi_sequence=None ❌  | spn_sequence=None ❌  | doremi_sequence=None ❌  | hz_sequence=None ❌  | any_sequence=None ❌
    [  98/171] n=3 t=1 synth_pad  midi_sequence=None ❌  | spn_sequence=None ❌  | doremi_sequence=None ❌  | hz_sequence=None ❌  | any_sequence=None ❌
    [  99/171] n=3 t=4 synth_pad  midi_sequence=None ❌  | spn_sequence=None ❌  | doremi_sequence=None ❌  | hz_sequence=None ❌  | any_sequence=None ❌
    [ 100/171] n=3 t=1 triangle  midi_sequence=None ❌  | spn_sequence=None ❌  | doremi_sequence=None ❌  | hz_sequence=None ❌  | any_sequence=None ❌
    [ 101/171] n=3 t=4 triangle  midi_sequence=None ❌  | spn_sequence=None ❌  | doremi_sequence=None ❌  | hz_sequence=None ❌  | any_sequence=None ❌
    [ 102/171] n=3 t=2 triangle  midi_sequence=None ❌  | spn_sequence=None ❌  | doremi_sequence=None ❌  | hz_sequence=None ❌  | any_sequence=None ❌
    [ 103/171] n=3 t=4 trombone  midi_sequence=None ❌  | spn_sequence=None ❌  | doremi_sequence=None ❌  | hz_sequence=None ❌  | any_sequence=None ❌
    [ 104/171] n=3 t=2 trombone  midi_sequence=None ❌  | spn_sequence=None ❌  | doremi_sequence=None ❌  | hz_sequence=None ❌  | any_sequence=None ❌
    [ 105/171] n=3 t=3 trombone  midi_sequence=None ❌  | spn_sequence=None ❌  | doremi_sequence=None ❌  | hz_sequence=None ❌  | any_sequence=None ❌
    [ 106/171] n=3 t=4 trumpet  midi_sequence=None ❌  | spn_sequence=None ❌  | doremi_sequence=None ❌  | hz_sequence=None ❌  | any_sequence=None ❌
    [ 107/171] n=3 t=3 trumpet  midi_sequence=None ❌  | spn_sequence=None ❌  | doremi_sequence=None ❌  | hz_sequence=None ❌  | any_sequence=None ❌
    [ 108/171] n=3 t=2 trumpet  midi_sequence=None ❌  | spn_sequence=None ❌  | doremi_sequence=None ❌  | hz_sequence=None ❌  | any_sequence=None ❌
    [ 109/171] n=3 t=3 violin  midi_sequence=None ❌  | spn_sequence=None ❌  | doremi_sequence=None ❌  | hz_sequence=None ❌  | any_sequence=None ❌
    [ 110/171] n=3 t=2 violin  midi_sequence=None ❌  | spn_sequence=None ❌  | doremi_sequence=None ❌  | hz_sequence=None ❌  | any_sequence=None ❌
    [ 111/171] n=3 t=0 violin  midi_sequence=None ❌  | spn_sequence=None ❌  | doremi_sequence=None ❌  | hz_sequence=None ❌  | any_sequence=None ❌
    [ 112/171] n=3 t=3 voice  midi_sequence=None ❌  | spn_sequence=None ❌  | doremi_sequence=None ❌  | hz_sequence=None ❌  | any_sequence=None ❌
    [ 113/171] n=3 t=1 voice  midi_sequence=None ❌  | spn_sequence=None ❌  | doremi_sequence=None ❌  | hz_sequence=None ❌  | any_sequence=None ❌
    [ 114/171] n=3 t=0 voice  midi_sequence=None ❌  | spn_sequence=None ❌  | doremi_sequence=None ❌  | hz_sequence=None ❌  | any_sequence=None ❌
    [ 115/171] n=5 t=0 bass  midi_sequence=None ❌  | spn_sequence=None ❌  | doremi_sequence=None ❌  | hz_sequence=None ❌  | any_sequence=None ❌
    [ 116/171] n=5 t=4 bass  midi_sequence=None ❌  | spn_sequence=None ❌  | doremi_sequence=None ❌  | hz_sequence=None ❌  | any_sequence=None ❌
    [ 117/171] n=5 t=3 bass  midi_sequence=None ❌  | spn_sequence=None ❌  | doremi_sequence=None ❌  | hz_sequence=None ❌  | any_sequence=None ❌
    [ 118/171] n=5 t=1 cello  midi_sequence=None ❌  | spn_sequence=None ❌  | doremi_sequence=None ❌  | hz_sequence=None ❌  | any_sequence=None ❌
    [ 119/171] n=5 t=3 cello  midi_sequence=None ❌  | spn_sequence=None ❌  | doremi_sequence=None ❌  | hz_sequence=None ❌  | any_sequence=None ❌
    [ 120/171] n=5 t=2 cello  midi_sequence=None ❌  | spn_sequence=None ❌  | doremi_sequence=None ❌  | hz_sequence=None ❌  | any_sequence=None ❌
    [ 121/171] n=5 t=0 clarinet  midi_sequence=None ❌  | spn_sequence=None ❌  | doremi_sequence=None ❌  | hz_sequence=None ❌  | any_sequence=None ❌
    [ 122/171] n=5 t=3 clarinet  midi_sequence=None ❌  | spn_sequence=None ❌  | doremi_sequence=None ❌  | hz_sequence=None ❌  | any_sequence=None ❌
    [ 123/171] n=5 t=1 clarinet  midi_sequence=None ❌  | spn_sequence=None ❌  | doremi_sequence=None ❌  | hz_sequence=None ❌  | any_sequence=None ❌
    [ 124/171] n=5 t=4 electric_keyboard  midi_sequence=None ❌  | spn_sequence=None ❌  | doremi_sequence=None ❌  | hz_sequence=None ❌  | any_sequence=None ❌
    [ 125/171] n=5 t=3 electric_keyboard  midi_sequence=None ❌  | spn_sequence=None ❌  | doremi_sequence=None ❌  | hz_sequence=None ❌  | any_sequence=None ❌
    [ 126/171] n=5 t=2 electric_keyboard  midi_sequence=None ❌  | spn_sequence=None ❌  | doremi_sequence=None ❌  | hz_sequence=None ❌  | any_sequence=None ❌
    [ 127/171] n=5 t=2 flute  midi_sequence=None ❌  | spn_sequence=None ❌  | doremi_sequence=None ❌  | hz_sequence=None ❌  | any_sequence=None ❌
    [ 128/171] n=5 t=0 flute  midi_sequence=None ❌  | spn_sequence=None ❌  | doremi_sequence=None ❌  | hz_sequence=None ❌  | any_sequence=None ❌
    [ 129/171] n=5 t=4 flute  midi_sequence=None ❌  | spn_sequence=None ❌  | doremi_sequence=None ❌  | hz_sequence=None ❌  | any_sequence=None ❌
    [ 130/171] n=5 t=0 guitar  midi_sequence=None ❌  | spn_sequence=None ❌  | doremi_sequence=None ❌  | hz_sequence=None ❌  | any_sequence=None ❌
    [ 131/171] n=5 t=2 guitar  midi_sequence=None ❌  | spn_sequence=None ❌  | doremi_sequence=None ❌  | hz_sequence=None ❌  | any_sequence=None ❌
    [ 132/171] n=5 t=3 guitar  midi_sequence=None ❌  | spn_sequence=None ❌  | doremi_sequence=None ❌  | hz_sequence=None ❌  | any_sequence=None ❌
    [ 133/171] n=5 t=2 oboe  midi_sequence=None ❌  | spn_sequence=None ❌  | doremi_sequence=None ❌  | hz_sequence=None ❌  | any_sequence=None ❌
    [ 134/171] n=5 t=0 oboe  midi_sequence=None ❌  | spn_sequence=None ❌  | doremi_sequence=None ❌  | hz_sequence=None ❌  | any_sequence=None ❌
    [ 135/171] n=5 t=1 oboe  midi_sequence=None ❌  | spn_sequence=None ❌  | doremi_sequence=None ❌  | hz_sequence=None ❌  | any_sequence=None ❌
    [ 136/171] n=5 t=3 organ  midi_sequence=None ❌  | spn_sequence=None ❌  | doremi_sequence=None ❌  | hz_sequence=None ❌  | any_sequence=None ❌
    [ 137/171] n=5 t=1 organ  midi_sequence=None ❌  | spn_sequence=None ❌  | doremi_sequence=None ❌  | hz_sequence=None ❌  | any_sequence=None ❌
    [ 138/171] n=5 t=4 organ  midi_sequence=None ❌  | spn_sequence=None ❌  | doremi_sequence=None ❌  | hz_sequence=None ❌  | any_sequence=None ❌
    [ 139/171] n=5 t=0 piano  midi_sequence=None ❌  | spn_sequence=None ❌  | doremi_sequence=None ❌  | hz_sequence=None ❌  | any_sequence=None ❌
    [ 140/171] n=5 t=2 piano  midi_sequence=None ❌  | spn_sequence=None ❌  | doremi_sequence=None ❌  | hz_sequence=None ❌  | any_sequence=None ❌
    [ 141/171] n=5 t=3 piano  midi_sequence=None ❌  | spn_sequence=None ❌  | doremi_sequence=None ❌  | hz_sequence=None ❌  | any_sequence=None ❌
    [ 142/171] n=5 t=1 sawtooth  midi_sequence=None ❌  | spn_sequence=None ❌  | doremi_sequence=None ❌  | hz_sequence=None ❌  | any_sequence=None ❌
    [ 143/171] n=5 t=0 sawtooth  midi_sequence=None ❌  | spn_sequence=None ❌  | doremi_sequence=None ❌  | hz_sequence=None ❌  | any_sequence=None ❌
    [ 144/171] n=5 t=2 sawtooth  midi_sequence=None ❌  | spn_sequence=None ❌  | doremi_sequence=None ❌  | hz_sequence=None ❌  | any_sequence=None ❌
    [ 145/171] n=5 t=2 sine  midi_sequence=None ❌  | spn_sequence=None ❌  | doremi_sequence=None ❌  | hz_sequence=None ❌  | any_sequence=None ❌
    [ 146/171] n=5 t=1 sine  midi_sequence=None ❌  | spn_sequence=None ❌  | doremi_sequence=None ❌  | hz_sequence=None ❌  | any_sequence=None ❌
    [ 147/171] n=5 t=0 sine  midi_sequence=None ❌  | spn_sequence=None ❌  | doremi_sequence=None ❌  | hz_sequence=None ❌  | any_sequence=None ❌
    [ 148/171] n=5 t=2 square  midi_sequence=None ❌  | spn_sequence=None ❌  | doremi_sequence=None ❌  | hz_sequence=None ❌  | any_sequence=None ❌
    [ 149/171] n=5 t=1 square  midi_sequence=None ❌  | spn_sequence=None ❌  | doremi_sequence=None ❌  | hz_sequence=None ❌  | any_sequence=None ❌
    [ 150/171] n=5 t=4 square  midi_sequence=None ❌  | spn_sequence=None ❌  | doremi_sequence=None ❌  | hz_sequence=None ❌  | any_sequence=None ❌
    [ 151/171] n=5 t=4 synth_lead  midi_sequence=None ❌  | spn_sequence=None ❌  | doremi_sequence=None ❌  | hz_sequence=None ❌  | any_sequence=None ❌
    [ 152/171] n=5 t=0 synth_lead  midi_sequence=None ❌  | spn_sequence=None ❌  | doremi_sequence=None ❌  | hz_sequence=None ❌  | any_sequence=None ❌
    [ 153/171] n=5 t=2 synth_lead  midi_sequence=None ❌  | spn_sequence=None ❌  | doremi_sequence=None ❌  | hz_sequence=None ❌  | any_sequence=None ❌
    [ 154/171] n=5 t=2 synth_pad  midi_sequence=None ❌  | spn_sequence=None ❌  | doremi_sequence=None ❌  | hz_sequence=None ❌  | any_sequence=None ❌
    [ 155/171] n=5 t=3 synth_pad  midi_sequence=None ❌  | spn_sequence=None ❌  | doremi_sequence=None ❌  | hz_sequence=None ❌  | any_sequence=None ❌
    [ 156/171] n=5 t=0 synth_pad  midi_sequence=None ❌  | spn_sequence=None ❌  | doremi_sequence=None ❌  | hz_sequence=None ❌  | any_sequence=None ❌
    [ 157/171] n=5 t=0 triangle  midi_sequence=None ❌  | spn_sequence=None ❌  | doremi_sequence=None ❌  | hz_sequence=None ❌  | any_sequence=None ❌
    [ 158/171] n=5 t=2 triangle  midi_sequence=None ❌  | spn_sequence=None ❌  | doremi_sequence=None ❌  | hz_sequence=None ❌  | any_sequence=None ❌
    [ 159/171] n=5 t=1 triangle  midi_sequence=None ❌  | spn_sequence=None ❌  | doremi_sequence=None ❌  | hz_sequence=None ❌  | any_sequence=None ❌
    [ 160/171] n=5 t=1 trombone  midi_sequence=None ❌  | spn_sequence=None ❌  | doremi_sequence=None ❌  | hz_sequence=None ❌  | any_sequence=None ❌
    [ 161/171] n=5 t=0 trombone  midi_sequence=None ❌  | spn_sequence=None ❌  | doremi_sequence=None ❌  | hz_sequence=None ❌  | any_sequence=None ❌
    [ 162/171] n=5 t=3 trombone  midi_sequence=None ❌  | spn_sequence=None ❌  | doremi_sequence=None ❌  | hz_sequence=None ❌  | any_sequence=None ❌
    [ 163/171] n=5 t=4 trumpet  midi_sequence=None ❌  | spn_sequence=None ❌  | doremi_sequence=None ❌  | hz_sequence=None ❌  | any_sequence=None ❌
    [ 164/171] n=5 t=0 trumpet  midi_sequence=None ❌  | spn_sequence=None ❌  | doremi_sequence=None ❌  | hz_sequence=None ❌  | any_sequence=None ❌
    [ 165/171] n=5 t=3 trumpet  midi_sequence=None ❌  | spn_sequence=None ❌  | doremi_sequence=None ❌  | hz_sequence=None ❌  | any_sequence=None ❌
    [ 166/171] n=5 t=3 violin  midi_sequence=None ❌  | spn_sequence=None ❌  | doremi_sequence=None ❌  | hz_sequence=None ❌  | any_sequence=None ❌
    [ 167/171] n=5 t=0 violin  midi_sequence=None ❌  | spn_sequence=None ❌  | doremi_sequence=None ❌  | hz_sequence=None ❌  | any_sequence=None ❌
    [ 168/171] n=5 t=2 violin  midi_sequence=None ❌  | spn_sequence=None ❌  | doremi_sequence=None ❌  | hz_sequence=None ❌  | any_sequence=None ❌
    [ 169/171] n=5 t=1 voice  midi_sequence=None ❌  | spn_sequence=None ❌  | doremi_sequence=None ❌  | hz_sequence=None ❌  | any_sequence=None ❌
    [ 170/171] n=5 t=4 voice  midi_sequence=None ❌  | spn_sequence=None ❌  | doremi_sequence=None ❌  | hz_sequence=None ❌  | any_sequence=None ❌
    [ 171/171] n=5 t=2 voice  midi_sequence=None ❌  | spn_sequence=None ❌  | doremi_sequence=None ❌  | hz_sequence=None ❌  | any_sequence=None ❌

============================================================
SUMMARY — audio_flamingo_next_instruct
  Sampling     : 171 of 285 (stratified by '(n_notes, source)', seed=42)
  Stimuli (total)     : 171
  Stimuli (condition) : 171  (all records)

          Metric   Accuracy
  ───────────────────────────
   MIDI_SEQUENCE       0.0%
    SPN_SEQUENCE       0.0%
  DOREMI_SEQUENCE       0.0%
     HZ_SEQUENCE       0.0%
    ANY_SEQUENCE       0.0%

  *** WARNING: working tree has uncommitted changes — results will NOT be exactly reproducible from git_commit alone ***


Results saved → results/run_20260506_053722/pitchbench_d8_sequence_pitches/run_001_20260506_062332/results_audio_flamingo_next_instruct.*

############################################################
# pitchbench_e1_audio_effects
############################################################

Experiment : pitchbench_e1_audio_effects
Models     : audio_flamingo_next_instruct
Stimuli    : 240
  Sampling     : 240 of 1140 (stratified by '(effect_type, midi, source_type)', seed=42)

  Model : Audio Flamingo Next – instruct
    [dispatch] 240 items, max_workers=2
    [   1/240] electric_keyboard  bitcrush_4bit  F#1  | midi: gt=30 pred=43 ❌  | spn: gt=F#1 pred=C2 ❌  | doremi: gt=fa# pred=fa# ✅  | hz: gt=46.2493 pred=105.26 ❌
    [   2/240] organ       bitcrush_4bit  F#1  | midi: gt=30 pred=65 ❌  | spn: gt=F#1 pred=C6 ❌  | doremi: gt=fa# pred=fa# ✅  | hz: gt=46.2493 pred=1054.87 ❌
    [   3/240] square      bitcrush_4bit  F#1  | midi: gt=30 pred=45 ❌  | spn: gt=F#1 pred=B2 ❌  | doremi: gt=fa# pred=sol ❌  | hz: gt=46.2493 pred=450.0 ❌
    [   4/240] sine        bitcrush_4bit  F#1  | midi: gt=30 pred=45 ❌  | spn: gt=F#1 pred=C6 ❌  | doremi: gt=fa# pred=fa# ✅  | hz: gt=46.2493 pred=1046.57 ❌
    [   5/240] flute       bitcrush_4bit  C2  | midi: gt=36 pred=64 ❌  | spn: gt=C2 pred=C6 ❌  | doremi: gt=do pred=fa# ❌  | hz: gt=65.4064 pred=1050.0 ❌
    [   6/240] trumpet     bitcrush_4bit  C2  | midi: gt=36 pred=36 ✅  | spn: gt=C2 pred=C2 ✅  | doremi: gt=do pred=fa# ❌  | hz: gt=65.4064 pred=105.26 ❌
    [   7/240] sine        bitcrush_4bit  C2  | midi: gt=36 pred=43 ❌  | spn: gt=C2 pred=C2 ✅  | doremi: gt=do pred=fa# ❌  | hz: gt=65.4064 pred=480.0 ❌
    [   8/240] sawtooth    bitcrush_4bit  C2  | midi: gt=36 pred=35 ❌  | spn: gt=C2 pred=C2 ✅  | doremi: gt=do pred=fa# ❌  | hz: gt=65.4064 pred=1058.47 ❌
    [   9/240] bass        bitcrush_4bit  G2  | midi: gt=43 pred=64 ❌  | spn: gt=G2 pred=C6 ❌  | doremi: gt=sol pred=fa# ❌  | hz: gt=97.9989 pred=480.0 ❌
    [  10/240] electric_keyboard  bitcrush_4bit  G2  | midi: gt=43 pred=63 ❌  | spn: gt=G2 pred=G2 ✅  | doremi: gt=sol pred=fa# ❌  | hz: gt=97.9989 pred=480.0 ❌
    [  11/240] sine        bitcrush_4bit  G2  | midi: gt=43 pred=48 ❌  | spn: gt=G2 pred=C6 ❌  | doremi: gt=sol pred=fa# ❌  | hz: gt=97.9989 pred=480.0 ❌
    [  12/240] square      bitcrush_4bit  G2  | midi: gt=43 pred=43 ✅  | spn: gt=G2 pred=F#2 ❌  | doremi: gt=sol pred=sol ✅  | hz: gt=97.9989 pred=450.0 ❌
    [  13/240] clarinet    bitcrush_4bit  C3  | midi: gt=48 pred=64 ❌  | spn: gt=C3 pred=C6 ❌  | doremi: gt=do pred=sol ❌  | hz: gt=130.8128 pred=1050.0 ❌
    [  14/240] piano       bitcrush_4bit  C3  | midi: gt=48 pred=64 ❌  | spn: gt=C3 pred=C6 ❌  | doremi: gt=do pred=fa# ❌  | hz: gt=130.8128 pred=460.71 ❌
    [  15/240] sine        bitcrush_4bit  C3  | midi: gt=48 pred=48 ✅  | spn: gt=C3 pred=C6 ❌  | doremi: gt=do pred=sol ❌  | hz: gt=130.8128 pred=480.0 ❌
    [  16/240] triangle    bitcrush_4bit  C3  | midi: gt=48 pred=48 ✅  | spn: gt=C3 pred=C6 ❌  | doremi: gt=do pred=sol ❌  | hz: gt=130.8128 pred=480.0 ❌
    [  17/240] flute       bitcrush_4bit  F#3  | midi: gt=54 pred=54 ✅  | spn: gt=F#3 pred=A#5 ❌  | doremi: gt=fa# pred=fa# ✅  | hz: gt=184.9972 pred=130.81 ❌
    [  18/240] voice       bitcrush_4bit  F#3  | midi: gt=54 pred=63 ❌  | spn: gt=F#3 pred=C6 ❌  | doremi: gt=fa# pred=sol ❌  | hz: gt=184.9972 pred=435.0 ❌
    [  19/240] sine        bitcrush_4bit  F#3  | midi: gt=54 pred=48 ❌  | spn: gt=F#3 pred=C6 ❌  | doremi: gt=fa# pred=sol ❌  | hz: gt=184.9972 pred=1050.0 ❌
    [  20/240] square      bitcrush_4bit  F#3  | midi: gt=54 pred=54 ✅  | spn: gt=F#3 pred=F#2 ❌  | doremi: gt=fa# pred=sol ❌  | hz: gt=184.9972 pred=450.0 ❌
    [  21/240] flute       bitcrush_4bit  C4  | midi: gt=60 pred=60 ✅  | spn: gt=C4 pred=C4 ✅  | doremi: gt=do pred=sol ❌  | hz: gt=261.6256 pred=250.0 ❌
    [  22/240] bass        bitcrush_4bit  C4  | midi: gt=60 pred=65 ❌  | spn: gt=C4 pred=C6 ❌  | doremi: gt=do pred=fa# ❌  | hz: gt=261.6256 pred=480.0 ❌
    [  23/240] triangle    bitcrush_4bit  C4  | midi: gt=60 pred=63 ❌  | spn: gt=C4 pred=C6 ❌  | doremi: gt=do pred=sol ❌  | hz: gt=261.6256 pred=480.0 ❌
    [  24/240] sine        bitcrush_4bit  C4  | midi: gt=60 pred=63 ❌  | spn: gt=C4 pred=C6 ❌  | doremi: gt=do pred=sol ❌  | hz: gt=261.6256 pred=107.89 ❌
    [  25/240] oboe        bitcrush_4bit  E4  | midi: gt=64 pred=64 ✅  | spn: gt=E4 pred=C6 ❌  | doremi: gt=mi pred=sol ❌  | hz: gt=329.6276 pred=415.3 ❌
    [  26/240] cello       bitcrush_4bit  E4  | midi: gt=64 pred=64 ✅  | spn: gt=E4 pred=C6 ❌  | doremi: gt=mi pred=sol ❌  | hz: gt=329.6276 pred=415.3 ❌
    [  27/240] square      bitcrush_4bit  E4  | midi: gt=64 pred=63 ❌  | spn: gt=E4 pred=A6 ❌  | doremi: gt=mi pred=sol ❌  | hz: gt=329.6276 pred=450.0 ❌
    [  28/240] synth_lead  bitcrush_4bit  A4  | midi: gt=69 pred=69 ✅  | spn: gt=A4 pred=C6 ❌  | doremi: gt=la pred=sol ❌  | hz: gt=440.0 pred=460.0 ❌
    [  29/240] sine        bitcrush_4bit  E4  | midi: gt=64 pred=64 ✅  | spn: gt=E4 pred=C6 ❌  | doremi: gt=mi pred=sol ❌  | hz: gt=329.6276 pred=1050.0 ❌
    [  30/240] voice       bitcrush_4bit  A4  | midi: gt=69 pred=69 ✅  | spn: gt=A4 pred=C6 ❌  | doremi: gt=la pred=sol ❌  | hz: gt=440.0 pred=450.0 ❌
    [  31/240] sawtooth    bitcrush_4bit  A4  | midi: gt=69 pred=69 ✅  | spn: gt=A4 pred=A6 ❌  | doremi: gt=la pred=sol ❌  | hz: gt=440.0 pred=450.0 ❌
    [  32/240] square      bitcrush_4bit  A4  | midi: gt=69 pred=69 ✅  | spn: gt=A4 pred=A6 ❌  | doremi: gt=la pred=sol ❌  | hz: gt=440.0 pred=1046.53 ❌
    [  33/240] clarinet    bitcrush_4bit  G5  | midi: gt=79 pred=69 ❌  | spn: gt=G5 pred=C6 ❌  | doremi: gt=sol pred=sol ✅  | hz: gt=783.9909 pred=415.306 ❌
    [  34/240] trombone    bitcrush_4bit  G5  | midi: gt=79 pred=69 ❌  | spn: gt=G5 pred=C6 ❌  | doremi: gt=sol pred=sol ✅  | hz: gt=783.9909 pred=415.306 ❌
    [  35/240] square      bitcrush_4bit  G5  | midi: gt=79 pred=68 ❌  | spn: gt=G5 pred=F#6 ❌  | doremi: gt=sol pred=sol# ❌  | hz: gt=783.9909 pred=1058.43 ❌
    [  36/240] sine        bitcrush_4bit  G5  | midi: gt=79 pred=68 ❌  | spn: gt=G5 pred=C6 ❌  | doremi: gt=sol pred=sol ✅  | hz: gt=783.9909 pred=480.0 ❌
    [  37/240] flute       bitcrush_4bit  E6  | midi: gt=88 pred=69 ❌  | spn: gt=E6 pred=C6 ❌  | doremi: gt=mi pred=sol ❌  | hz: gt=1318.5102 pred=415.306 ❌
    [  38/240] synth_lead  bitcrush_4bit  E6  | midi: gt=88 pred=69 ❌  | spn: gt=E6 pred=C6 ❌  | doremi: gt=mi pred=sol ❌  | hz: gt=1318.5102 pred=1046.53 ❌
    [  39/240] square      bitcrush_4bit  E6  | midi: gt=88 pred=65 ❌  | spn: gt=E6 pred=F#6 ❌  | doremi: gt=mi pred=sol ❌  | hz: gt=1318.5102 pred=1073.64 ❌
    [  40/240] sine        bitcrush_4bit  E6  | midi: gt=88 pred=68 ❌  | spn: gt=E6 pred=C6 ❌  | doremi: gt=mi pred=sol ❌  | hz: gt=1318.5102 pred=480.0 ❌
    [  41/240] electric_keyboard  chorus_heavy  F#1  | midi: gt=30 pred=34 ❌  | spn: gt=F#1 pred=C2 ❌  | doremi: gt=fa# pred=fa# ✅  | hz: gt=46.2493 pred=105.26 ❌
    [  42/240] clarinet    chorus_heavy  F#1  | midi: gt=30 pred=63 ❌  | spn: gt=F#1 pred=C6 ❌  | doremi: gt=fa# pred=fa# ✅  | hz: gt=46.2493 pred=415.38 ❌
    [  43/240] sine        chorus_heavy  F#1  | midi: gt=30 pred=35 ❌  | spn: gt=F#1 pred=C2 ❌  | doremi: gt=fa# pred=fa# ✅  | hz: gt=46.2493 pred=105.26 ❌
    [  44/240] sawtooth    chorus_heavy  F#1  | midi: gt=30 pred=48 ❌  | spn: gt=F#1 pred=C6 ❌  | doremi: gt=fa# pred=sol ❌  | hz: gt=46.2493 pred=1058.49 ❌
    [  45/240] synth_pad   chorus_heavy  C2  | midi: gt=36 pred=65 ❌  | spn: gt=C2 pred=C6 ❌  | doremi: gt=do pred=fa# ❌  | hz: gt=65.4064 pred=480.0 ❌
    [  46/240] trombone    chorus_heavy  C2  | midi: gt=36 pred=45 ❌  | spn: gt=C2 pred=A#2 ❌  | doremi: gt=do pred=fa# ❌  | hz: gt=65.4064 pred=1054.72 ❌
    [  47/240] square      chorus_heavy  C2  | midi: gt=36 pred=64 ❌  | spn: gt=C2 pred=C6 ❌  | doremi: gt=do pred=fa# ❌  | hz: gt=65.4064 pred=1058.47 ❌
    [  48/240] sine        chorus_heavy  C2  | midi: gt=36 pred=35 ❌  | spn: gt=C2 pred=C2 ✅  | doremi: gt=do pred=fa# ❌  | hz: gt=65.4064 pred=105.26 ❌
    [  49/240] bass        chorus_heavy  G2  | midi: gt=43 pred=43 ✅  | spn: gt=G2 pred=C4 ❌  | doremi: gt=sol pred=fa# ❌  | hz: gt=97.9989 pred=105.26 ❌
    [  50/240] oboe        chorus_heavy  G2  | midi: gt=43 pred=63 ❌  | spn: gt=G2 pred=C6 ❌  | doremi: gt=sol pred=fa# ❌  | hz: gt=97.9989 pred=415.3 ❌
    [  51/240] sine        chorus_heavy  G2  | midi: gt=43 pred=48 ❌  | spn: gt=G2 pred=C2 ❌  | doremi: gt=sol pred=fa# ❌  | hz: gt=97.9989 pred=105.26 ❌
    [  52/240] sawtooth    chorus_heavy  G2  | midi: gt=43 pred=64 ❌  | spn: gt=G2 pred=C6 ❌  | doremi: gt=sol pred=fa# ❌  | hz: gt=97.9989 pred=1050.0 ❌
    [  53/240] electric_keyboard  chorus_heavy  C3  | midi: gt=48 pred=64 ❌  | spn: gt=C3 pred=C6 ❌  | doremi: gt=do pred=fa# ❌  | hz: gt=130.8128 pred=480.0 ❌
    [  54/240] violin      chorus_heavy  C3  | midi: gt=48 pred=63 ❌  | spn: gt=C3 pred=C6 ❌  | doremi: gt=do pred=fa# ❌  | hz: gt=130.8128 pred=480.0 ❌
    [  55/240] square      chorus_heavy  C3  | midi: gt=48 pred=63 ❌  | spn: gt=C3 pred=C6 ❌  | doremi: gt=do pred=sol ❌  | hz: gt=130.8128 pred=480.0 ❌
    [  56/240] triangle    chorus_heavy  C3  | midi: gt=48 pred=63 ❌  | spn: gt=C3 pred=C6 ❌  | doremi: gt=do pred=sol ❌  | hz: gt=130.8128 pred=480.0 ❌
    [  57/240] cello       chorus_heavy  F#3  | midi: gt=54 pred=65 ❌  | spn: gt=F#3 pred=C6 ❌  | doremi: gt=fa# pred=fa# ✅  | hz: gt=184.9972 pred=415.3 ❌
    [  58/240] synth_pad   chorus_heavy  F#3  | midi: gt=54 pred=65 ❌  | spn: gt=F#3 pred=C6 ❌  | doremi: gt=fa# pred=fa# ✅  | hz: gt=184.9972 pred=480.0 ❌
    [  59/240] square      chorus_heavy  F#3  | midi: gt=54 pred=63 ❌  | spn: gt=F#3 pred=C6 ❌  | doremi: gt=fa# pred=sol# ❌  | hz: gt=184.9972 pred=1058.42 ❌
    [  60/240] triangle    chorus_heavy  F#3  | midi: gt=54 pred=63 ❌  | spn: gt=F#3 pred=C6 ❌  | doremi: gt=fa# pred=fa# ✅  | hz: gt=184.9972 pred=1058.47 ❌
    [  61/240] flute       chorus_heavy  C4  | midi: gt=60 pred=64 ❌  | spn: gt=C4 pred=C6 ❌  | doremi: gt=do pred=fa# ❌  | hz: gt=261.6256 pred=415.3 ❌
    [  62/240] bass        chorus_heavy  C4  | midi: gt=60 pred=64 ❌  | spn: gt=C4 pred=C6 ❌  | doremi: gt=do pred=sol ❌  | hz: gt=261.6256 pred=460.0 ❌
    [  63/240] triangle    chorus_heavy  C4  | midi: gt=60 pred=63 ❌  | spn: gt=C4 pred=C6 ❌  | doremi: gt=do pred=sol ❌  | hz: gt=261.6256 pred=480.0 ❌
    [  64/240] sine        chorus_heavy  C4  | midi: gt=60 pred=63 ❌  | spn: gt=C4 pred=C6 ❌  | doremi: gt=do pred=sol ❌  | hz: gt=261.6256 pred=107.65 ❌
    [  65/240] organ       chorus_heavy  E4  | midi: gt=64 pred=69 ❌  | spn: gt=E4 pred=C6 ❌  | doremi: gt=mi pred=sol ❌  | hz: gt=329.6276 pred=480.0 ❌
    [  66/240] flute       chorus_heavy  E4  | midi: gt=64 pred=69 ❌  | spn: gt=E4 pred=C6 ❌  | doremi: gt=mi pred=fa# ❌  | hz: gt=329.6276 pred=415.3 ❌
    [  67/240] square      chorus_heavy  E4  | midi: gt=64 pred=64 ✅  | spn: gt=E4 pred=C6 ❌  | doremi: gt=mi pred=fa# ❌  | hz: gt=329.6276 pred=1058.47 ❌
    [  68/240] sine        chorus_heavy  E4  | midi: gt=64 pred=63 ❌  | spn: gt=E4 pred=C6 ❌  | doremi: gt=mi pred=sol ❌  | hz: gt=329.6276 pred=480.0 ❌
    [  69/240] synth_pad   chorus_heavy  A4  | midi: gt=69 pred=69 ✅  | spn: gt=A4 pred=C6 ❌  | doremi: gt=la pred=sol# ❌  | hz: gt=440.0 pred=460.0 ❌
    [  70/240] flute       chorus_heavy  A4  | midi: gt=69 pred=69 ✅  | spn: gt=A4 pred=C6 ❌  | doremi: gt=la pred=sol ❌  | hz: gt=440.0 pred=450.0 ❌
    [  71/240] sine        chorus_heavy  A4  | midi: gt=69 pred=63 ❌  | spn: gt=A4 pred=C6 ❌  | doremi: gt=la pred=sol ❌  | hz: gt=440.0 pred=480.0 ❌
    [  72/240] sawtooth    chorus_heavy  A4  | midi: gt=69 pred=69 ✅  | spn: gt=A4 pred=C6 ❌  | doremi: gt=la pred=sol# ❌  | hz: gt=440.0 pred=1058.43 ❌
    [  73/240] trumpet     chorus_heavy  G5  | midi: gt=79 pred=68 ❌  | spn: gt=G5 pred=C6 ❌  | doremi: gt=sol pred=sol# ❌  | hz: gt=783.9909 pred=1046.57 ❌
    [  74/240] oboe        chorus_heavy  G5  | midi: gt=79 pred=68 ❌  | spn: gt=G5 pred=C6 ❌  | doremi: gt=sol pred=sol# ❌  | hz: gt=783.9909 pred=450.0 ❌
    [  75/240] sine        chorus_heavy  G5  | midi: gt=79 pred=68 ❌  | spn: gt=G5 pred=C6 ❌  | doremi: gt=sol pred=sol ✅  | hz: gt=783.9909 pred=480.0 ❌
    [  76/240] square      chorus_heavy  G5  | midi: gt=79 pred=69 ❌  | spn: gt=G5 pred=C6 ❌  | doremi: gt=sol pred=sol# ❌  | hz: gt=783.9909 pred=1046.57 ❌
    [  77/240] trombone    chorus_heavy  E6  | midi: gt=88 pred=86 ❌  | spn: gt=E6 pred=C6 ❌  | doremi: gt=mi pred=sol# ❌  | hz: gt=1318.5102 pred=1046.57 ❌
    [  78/240] voice       chorus_heavy  E6  | midi: gt=88 pred=69 ❌  | spn: gt=E6 pred=C6 ❌  | doremi: gt=mi pred=sol# ❌  | hz: gt=1318.5102 pred=1046.57 ❌
    [  79/240] square      chorus_heavy  E6  | midi: gt=88 pred=63 ❌  | spn: gt=E6 pred=C6 ❌  | doremi: gt=mi pred=sol# ❌  | hz: gt=1318.5102 pred=480.0 ❌
    [  80/240] sawtooth    chorus_heavy  E6  | midi: gt=88 pred=64 ❌  | spn: gt=E6 pred=C6 ❌  | doremi: gt=mi pred=sol# ❌  | hz: gt=1318.5102 pred=1058.43 ❌
    [  81/240] trumpet     highpass_above_f0  F#1  | midi: gt=30 pred=34 ❌  | spn: gt=F#1 pred=F2 ❌  | doremi: gt=fa# pred=fa# ✅  | hz: gt=46.2493 pred=329.63 ❌
    [  82/240] bass        highpass_above_f0  F#1  | midi: gt=30 pred=43 ❌  | spn: gt=F#1 pred=A#2 ❌  | doremi: gt=fa# pred=sol ❌  | hz: gt=46.2493 pred=105.26 ❌
    [  83/240] square      highpass_above_f0  F#1  | midi: gt=30 pred=45 ❌  | spn: gt=F#1 pred=A2 ❌  | doremi: gt=fa# pred=sol ❌  | hz: gt=46.2493 pred=450.0 ❌
    [  84/240] sine        highpass_above_f0  F#1  | midi: gt=30 pred=34 ❌  | spn: gt=F#1 pred=C2 ❌  | doremi: gt=fa# pred=fa# ✅  | hz: gt=46.2493 pred=250.0 ❌
    [  85/240] guitar      highpass_above_f0  C2  | midi: gt=36 pred=48 ❌  | spn: gt=C2 pred=C4 ❌  | doremi: gt=do pred=sol ❌  | hz: gt=65.4064 pred=480.0 ❌
    [  86/240] organ       highpass_above_f0  C2  | midi: gt=36 pred=60 ❌  | spn: gt=C2 pred=C2 ✅  | doremi: gt=do pred=sol ❌  | hz: gt=65.4064 pred=107.65 ❌
    [  87/240] sawtooth    highpass_above_f0  C2  | midi: gt=36 pred=43 ❌  | spn: gt=C2 pred=A#2 ❌  | doremi: gt=do pred=sol ❌  | hz: gt=65.4064 pred=450.0 ❌
    [  88/240] sine        highpass_above_f0  C2  | midi: gt=36 pred=48 ❌  | spn: gt=C2 pred=C2 ✅  | doremi: gt=do pred=fa# ❌  | hz: gt=65.4064 pred=261.63 ❌
    [  89/240] oboe        highpass_above_f0  G2  | midi: gt=43 pred=43 ✅  | spn: gt=G2 pred=C2 ❌  | doremi: gt=sol pred=sol ✅  | hz: gt=97.9989 pred=435.0 ❌
    [  90/240] clarinet    highpass_above_f0  G2  | midi: gt=43 pred=64 ❌  | spn: gt=G2 pred=C6 ❌  | doremi: gt=sol pred=fa# ❌  | hz: gt=97.9989 pred=435.0 ❌
    [  91/240] square      highpass_above_f0  G2  | midi: gt=43 pred=58 ❌  | spn: gt=G2 pred=A4 ❌  | doremi: gt=sol pred=sol ✅  | hz: gt=97.9989 pred=450.0 ❌
    [  92/240] triangle    highpass_above_f0  G2  | midi: gt=43 pred=56 ❌  | spn: gt=G2 pred=F#2 ❌  | doremi: gt=sol pred=sol ✅  | hz: gt=97.9989 pred=435.0 ❌
    [  93/240] bass        highpass_above_f0  C3  | midi: gt=48 pred=48 ✅  | spn: gt=C3 pred=C4 ❌  | doremi: gt=do pred=sol ❌  | hz: gt=130.8128 pred=480.0 ❌
    [  94/240] violin      highpass_above_f0  C3  | midi: gt=48 pred=48 ✅  | spn: gt=C3 pred=C2 ❌  | doremi: gt=do pred=sol ❌  | hz: gt=130.8128 pred=105.26 ❌
    [  95/240] sawtooth    highpass_above_f0  C3  | midi: gt=48 pred=63 ❌  | spn: gt=C3 pred=C6 ❌  | doremi: gt=do pred=sol ❌  | hz: gt=130.8128 pred=480.0 ❌
    [  96/240] trombone    highpass_above_f0  F#3  | midi: gt=54 pred=65 ❌  | spn: gt=F#3 pred=C4 ❌  | doremi: gt=fa# pred=sol ❌  | hz: gt=184.9972 pred=435.0 ❌
    [  97/240] square      highpass_above_f0  C3  | midi: gt=48 pred=65 ❌  | spn: gt=C3 pred=F#2 ❌  | doremi: gt=do pred=sol ❌  | hz: gt=130.8128 pred=1058.43 ❌
    [  98/240] synth_pad   highpass_above_f0  F#3  | midi: gt=54 pred=68 ❌  | spn: gt=F#3 pred=C6 ❌  | doremi: gt=fa# pred=sol ❌  | hz: gt=184.9972 pred=480.0 ❌
    [  99/240] sine        highpass_above_f0  F#3  | midi: gt=54 pred=43 ❌  | spn: gt=F#3 pred=C2 ❌  | doremi: gt=fa# pred=sol ❌  | hz: gt=184.9972 pred=250.0 ❌
    [ 100/240] synth_pad   highpass_above_f0  C4  | midi: gt=60 pred=64 ❌  | spn: gt=C4 pred=C6 ❌  | doremi: gt=do pred=sol ❌  | hz: gt=261.6256 pred=480.0 ❌
    [ 101/240] triangle    highpass_above_f0  F#3  | midi: gt=54 pred=65 ❌  | spn: gt=F#3 pred=C6 ❌  | doremi: gt=fa# pred=sol ❌  | hz: gt=184.9972 pred=480.0 ❌
    [ 102/240] piano       highpass_above_f0  C4  | midi: gt=60 pred=68 ❌  | spn: gt=C4 pred=C6 ❌  | doremi: gt=do pred=sol ❌  | hz: gt=261.6256 pred=480.0 ❌
    [ 103/240] square      highpass_above_f0  C4  | midi: gt=60 pred=65 ❌  | spn: gt=C4 pred=F#6 ❌  | doremi: gt=do pred=sol ❌  | hz: gt=261.6256 pred=450.0 ❌
    [ 104/240] trumpet     highpass_above_f0  E4  | midi: gt=64 pred=64 ✅  | spn: gt=E4 pred=E4 ✅  | doremi: gt=mi pred=sol ❌  | hz: gt=329.6276 pred=408.0 ❌
    [ 105/240] sawtooth    highpass_above_f0  C4  | midi: gt=60 pred=65 ❌  | spn: gt=C4 pred=F#6 ❌  | doremi: gt=do pred=sol ❌  | hz: gt=261.6256 pred=450.0 ❌
    [ 106/240] electric_keyboard  highpass_above_f0  E4  | midi: gt=64 pred=64 ✅  | spn: gt=E4 pred=E6 ❌  | doremi: gt=mi pred=sol ❌  | hz: gt=329.6276 pred=640.0 ❌
    [ 107/240] sawtooth    highpass_above_f0  E4  | midi: gt=64 pred=69 ❌  | spn: gt=E4 pred=A6 ❌  | doremi: gt=mi pred=sol ❌  | hz: gt=329.6276 pred=450.0 ❌
    [ 108/240] voice       highpass_above_f0  A4  | midi: gt=69 pred=69 ✅  | spn: gt=A4 pred=C6 ❌  | doremi: gt=la pred=sol ❌  | hz: gt=440.0 pred=450.0 ❌
    [ 109/240] square      highpass_above_f0  E4  | midi: gt=64 pred=64 ✅  | spn: gt=E4 pred=F#6 ❌  | doremi: gt=mi pred=sol# ❌  | hz: gt=329.6276 pred=1058.43 ❌
    [ 110/240] bass        highpass_above_f0  A4  | midi: gt=69 pred=69 ✅  | spn: gt=A4 pred=A7 ❌  | doremi: gt=la pred=sol ❌  | hz: gt=440.0 pred=1054.87 ❌
    [ 111/240] square      highpass_above_f0  A4  | midi: gt=69 pred=69 ✅  | spn: gt=A4 pred=A6 ❌  | doremi: gt=la pred=sol ❌  | hz: gt=440.0 pred=1024.56 ❌
    [ 112/240] sine        highpass_above_f0  A4  | midi: gt=69 pred=68 ❌  | spn: gt=A4 pred=C6 ❌  | doremi: gt=la pred=sol ❌  | hz: gt=440.0 pred=1050.0 ❌
    [ 113/240] organ       highpass_above_f0  G5  | midi: gt=79 pred=68 ❌  | spn: gt=G5 pred=C6 ❌  | doremi: gt=sol pred=sol ✅  | hz: gt=783.9909 pred=1034.5789 ❌
    [ 114/240] oboe        highpass_above_f0  G5  | midi: gt=79 pred=84 ❌  | spn: gt=G5 pred=C6 ❌  | doremi: gt=sol pred=sol ✅  | hz: gt=783.9909 pred=659.3 ❌
    [ 115/240] triangle    highpass_above_f0  G5  | midi: gt=79 pred=68 ❌  | spn: gt=G5 pred=C6 ❌  | doremi: gt=sol pred=sol ✅  | hz: gt=783.9909 pred=1046.57 ❌
    [ 116/240] square      highpass_above_f0  G5  | midi: gt=79 pred=68 ❌  | spn: gt=G5 pred=C6 ❌  | doremi: gt=sol pred=sol# ❌  | hz: gt=783.9909 pred=1200.0 ❌
    [ 117/240] oboe        highpass_above_f0  E6  | midi: gt=88 pred=84 ❌  | spn: gt=E6 pred=C6 ❌  | doremi: gt=mi pred=sol ❌  | hz: gt=1318.5102 pred=1034.5789 ❌
    [ 118/240] guitar      highpass_above_f0  E6  | midi: gt=88 pred=68 ❌  | spn: gt=E6 pred=F#6 ❌  | doremi: gt=mi pred=sol ❌  | hz: gt=1318.5102 pred=1428.57 ❌
    [ 119/240] square      highpass_above_f0  E6  | midi: gt=88 pred=63 ❌  | spn: gt=E6 pred=C6 ❌  | doremi: gt=mi pred=sol# ❌  | hz: gt=1318.5102 pred=1309.85 ✅
    [ 120/240] sine        highpass_above_f0  E6  | midi: gt=88 pred=68 ❌  | spn: gt=E6 pred=C6 ❌  | doremi: gt=mi pred=sol ❌  | hz: gt=1318.5102 pred=1500.0 ❌
    [ 121/240] flute       lowpass_at_f0  F#1  | midi: gt=30 pred=35 ❌  | spn: gt=F#1 pred=C2 ❌  | doremi: gt=fa# pred=fa# ✅  | hz: gt=46.2493 pred=250.0 ❌
    [ 122/240] bass        lowpass_at_f0  F#1  | midi: gt=30 pred=34 ❌  | spn: gt=F#1 pred=C2 ❌  | doremi: gt=fa# pred=fa# ✅  | hz: gt=46.2493 pred=25.0 ❌
    [ 123/240] square      lowpass_at_f0  F#1  | midi: gt=30 pred=36 ❌  | spn: gt=F#1 pred=C2 ❌  | doremi: gt=fa# pred=fa# ✅  | hz: gt=46.2493 pred=105.26 ❌
    [ 124/240] triangle    lowpass_at_f0  F#1  | midi: gt=30 pred=36 ❌  | spn: gt=F#1 pred=C2 ❌  | doremi: gt=fa# pred=fa# ✅  | hz: gt=46.2493 pred=105.26 ❌
    [ 125/240] cello       lowpass_at_f0  C2  | midi: gt=36 pred=36 ✅  | spn: gt=C2 pred=C2 ✅  | doremi: gt=do pred=fa# ❌  | hz: gt=65.4064 pred=261.63 ❌
    [ 126/240] clarinet    lowpass_at_f0  C2  | midi: gt=36 pred=43 ❌  | spn: gt=C2 pred=C2 ✅  | doremi: gt=do pred=fa# ❌  | hz: gt=65.4064 pred=107.65 ❌
    [ 127/240] triangle    lowpass_at_f0  C2  | midi: gt=36 pred=36 ✅  | spn: gt=C2 pred=C2 ✅  | doremi: gt=do pred=fa# ❌  | hz: gt=65.4064 pred=105.26 ❌
    [ 128/240] sawtooth    lowpass_at_f0  C2  | midi: gt=36 pred=36 ✅  | spn: gt=C2 pred=C2 ✅  | doremi: gt=do pred=sol ❌  | hz: gt=65.4064 pred=105.26 ❌
    [ 129/240] flute       lowpass_at_f0  G2  | midi: gt=43 pred=43 ✅  | spn: gt=G2 pred=C6 ❌  | doremi: gt=sol pred=sol ✅  | hz: gt=97.9989 pred=450.0 ❌
    [ 130/240] guitar      lowpass_at_f0  G2  | midi: gt=43 pred=43 ✅  | spn: gt=G2 pred=C2 ❌  | doremi: gt=sol pred=fa# ❌  | hz: gt=97.9989 pred=4350.0 ❌
    [ 131/240] triangle    lowpass_at_f0  G2  | midi: gt=43 pred=48 ❌  | spn: gt=G2 pred=C2 ❌  | doremi: gt=sol pred=sol ✅  | hz: gt=97.9989 pred=105.26 ❌
    [ 132/240] sine        lowpass_at_f0  G2  | midi: gt=43 pred=48 ❌  | spn: gt=G2 pred=C2 ❌  | doremi: gt=sol pred=sol ✅  | hz: gt=97.9989 pred=105.26 ❌
    [ 133/240] synth_lead  lowpass_at_f0  C3  | midi: gt=48 pred=48 ✅  | spn: gt=C3 pred=C2 ❌  | doremi: gt=do pred=sol ❌  | hz: gt=130.8128 pred=105.26 ❌
    [ 134/240] piano       lowpass_at_f0  C3  | midi: gt=48 pred=48 ✅  | spn: gt=C3 pred=C6 ❌  | doremi: gt=do pred=fa# ❌  | hz: gt=130.8128 pred=480.0 ❌
    [ 135/240] sine        lowpass_at_f0  C3  | midi: gt=48 pred=48 ✅  | spn: gt=C3 pred=C2 ❌  | doremi: gt=do pred=sol ❌  | hz: gt=130.8128 pred=105.26 ❌
    [ 136/240] triangle    lowpass_at_f0  C3  | midi: gt=48 pred=48 ✅  | spn: gt=C3 pred=C2 ❌  | doremi: gt=do pred=sol ❌  | hz: gt=130.8128 pred=105.26 ❌
    [ 137/240] guitar      lowpass_at_f0  F#3  | midi: gt=54 pred=54 ✅  | spn: gt=F#3 pred=C4 ❌  | doremi: gt=fa# pred=sol ❌  | hz: gt=184.9972 pred=480.0 ❌
    [ 138/240] organ       lowpass_at_f0  F#3  | midi: gt=54 pred=43 ❌  | spn: gt=F#3 pred=C4 ❌  | doremi: gt=fa# pred=sol ❌  | hz: gt=184.9972 pred=107.65 ❌
    [ 139/240] triangle    lowpass_at_f0  F#3  | midi: gt=54 pred=48 ❌  | spn: gt=F#3 pred=C4 ❌  | doremi: gt=fa# pred=sol ❌  | hz: gt=184.9972 pred=105.26 ❌
    [ 140/240] square      lowpass_at_f0  F#3  | midi: gt=54 pred=48 ❌  | spn: gt=F#3 pred=C2 ❌  | doremi: gt=fa# pred=sol ❌  | hz: gt=184.9972 pred=105.26 ❌
    [ 141/240] electric_keyboard  lowpass_at_f0  C4  | midi: gt=60 pred=60 ✅  | spn: gt=C4 pred=C6 ❌  | doremi: gt=do pred=sol ❌  | hz: gt=261.6256 pred=60.0 ❌
    [ 142/240] clarinet    lowpass_at_f0  C4  | midi: gt=60 pred=63 ❌  | spn: gt=C4 pred=C6 ❌  | doremi: gt=do pred=sol ❌  | hz: gt=261.6256 pred=120.0 ❌
    [ 143/240] triangle    lowpass_at_f0  C4  | midi: gt=60 pred=63 ❌  | spn: gt=C4 pred=C6 ❌  | doremi: gt=do pred=sol ❌  | hz: gt=261.6256 pred=105.26 ❌
    [ 144/240] square      lowpass_at_f0  C4  | midi: gt=60 pred=63 ❌  | spn: gt=C4 pred=C2 ❌  | doremi: gt=do pred=sol ❌  | hz: gt=261.6256 pred=107.89 ❌
    [ 145/240] oboe        lowpass_at_f0  E4  | midi: gt=64 pred=64 ✅  | spn: gt=E4 pred=C6 ❌  | doremi: gt=mi pred=fa# ❌  | hz: gt=329.6276 pred=107.65 ❌
    [ 146/240] violin      lowpass_at_f0  E4  | midi: gt=64 pred=63 ❌  | spn: gt=E4 pred=C6 ❌  | doremi: gt=mi pred=fa# ❌  | hz: gt=329.6276 pred=105.26 ❌
    [ 147/240] triangle    lowpass_at_f0  E4  | midi: gt=64 pred=63 ❌  | spn: gt=E4 pred=C4 ❌  | doremi: gt=mi pred=sol ❌  | hz: gt=329.6276 pred=150.0 ❌
    [ 148/240] square      lowpass_at_f0  E4  | midi: gt=64 pred=64 ✅  | spn: gt=E4 pred=C6 ❌  | doremi: gt=mi pred=sol ❌  | hz: gt=329.6276 pred=105.26 ❌
    [ 149/240] piano       lowpass_at_f0  A4  | midi: gt=69 pred=69 ✅  | spn: gt=A4 pred=C6 ❌  | doremi: gt=la pred=sol ❌  | hz: gt=440.0 pred=480.0 ❌
    [ 150/240] synth_pad   lowpass_at_f0  A4  | midi: gt=69 pred=69 ✅  | spn: gt=A4 pred=C6 ❌  | doremi: gt=la pred=fa# ❌  | hz: gt=440.0 pred=460.0 ❌
    [ 151/240] sine        lowpass_at_f0  A4  | midi: gt=69 pred=69 ✅  | spn: gt=A4 pred=None ❌  | doremi: gt=la pred=sol ❌  | hz: gt=440.0 pred=1050.0 ❌
    [ 152/240] square      lowpass_at_f0  A4  | midi: gt=69 pred=69 ✅  | spn: gt=A4 pred=C6 ❌  | doremi: gt=la pred=sol ❌  | hz: gt=440.0 pred=1050.0 ❌
    [ 153/240] voice       lowpass_at_f0  G5  | midi: gt=79 pred=63 ❌  | spn: gt=G5 pred=C6 ❌  | doremi: gt=sol pred=sol ✅  | hz: gt=783.9909 pred=1034.52 ❌
    [ 154/240] violin      lowpass_at_f0  G5  | midi: gt=79 pred=68 ❌  | spn: gt=G5 pred=C6 ❌  | doremi: gt=sol pred=fa# ❌  | hz: gt=783.9909 pred=1034.56 ❌
    [ 155/240] square      lowpass_at_f0  G5  | midi: gt=79 pred=68 ❌  | spn: gt=G5 pred=C6 ❌  | doremi: gt=sol pred=sol ✅  | hz: gt=783.9909 pred=1074.65 ❌
    [ 156/240] triangle    lowpass_at_f0  G5  | midi: gt=79 pred=68 ❌  | spn: gt=G5 pred=C6 ❌  | doremi: gt=sol pred=sol ✅  | hz: gt=783.9909 pred=1074.36 ❌
    [ 157/240] electric_keyboard  lowpass_at_f0  E6  | midi: gt=88 pred=88 ✅  | spn: gt=E6 pred=C6 ❌  | doremi: gt=mi pred=sol ❌  | hz: gt=1318.5102 pred=8100.0 ❌
    [ 158/240] trombone    lowpass_at_f0  E6  | midi: gt=88 pred=86 ❌  | spn: gt=E6 pred=C6 ❌  | doremi: gt=mi pred=sol ❌  | hz: gt=1318.5102 pred=1034.52 ❌
    [ 159/240] sawtooth    lowpass_at_f0  E6  | midi: gt=88 pred=63 ❌  | spn: gt=E6 pred=C6 ❌  | doremi: gt=mi pred=sol ❌  | hz: gt=1318.5102 pred=480.0 ❌
    [ 160/240] square      lowpass_at_f0  E6  | midi: gt=88 pred=68 ❌  | spn: gt=E6 pred=C6 ❌  | doremi: gt=mi pred=sol ❌  | hz: gt=1318.5102 pred=1074.65 ❌
    [ 161/240] oboe        reverb_long   F#1  | midi: gt=30 pred=43 ❌  | spn: gt=F#1 pred=C2 ❌  | doremi: gt=fa# pred=fa# ✅  | hz: gt=46.2493 pred=480.0 ❌
    [ 162/240] guitar      reverb_long   F#1  | midi: gt=30 pred=48 ❌  | spn: gt=F#1 pred=C6 ❌  | doremi: gt=fa# pred=sol ❌  | hz: gt=46.2493 pred=105.26 ❌
    [ 163/240] sine        reverb_long   F#1  | midi: gt=30 pred=35 ❌  | spn: gt=F#1 pred=C2 ❌  | doremi: gt=fa# pred=fa# ✅  | hz: gt=46.2493 pred=25.0 ❌
    [ 164/240] square      reverb_long   F#1  | midi: gt=30 pred=43 ❌  | spn: gt=F#1 pred=A2 ❌  | doremi: gt=fa# pred=fa# ✅  | hz: gt=46.2493 pred=480.0 ❌
    [ 165/240] voice       reverb_long   C2  | midi: gt=36 pred=63 ❌  | spn: gt=C2 pred=C6 ❌  | doremi: gt=do pred=sol ❌  | hz: gt=65.4064 pred=480.0 ❌
    [ 166/240] bass        reverb_long   C2  | midi: gt=36 pred=63 ❌  | spn: gt=C2 pred=C6 ❌  | doremi: gt=do pred=sol ❌  | hz: gt=65.4064 pred=415.3 ❌
    [ 167/240] square      reverb_long   C2  | midi: gt=36 pred=48 ❌  | spn: gt=C2 pred=C4 ❌  | doremi: gt=do pred=fa# ❌  | hz: gt=65.4064 pred=480.0 ❌
    [ 168/240] triangle    reverb_long   C2  | midi: gt=36 pred=43 ❌  | spn: gt=C2 pred=C2 ✅  | doremi: gt=do pred=fa# ❌  | hz: gt=65.4064 pred=480.0 ❌
    [ 169/240] guitar      reverb_long   G2  | midi: gt=43 pred=54 ❌  | spn: gt=G2 pred=C6 ❌  | doremi: gt=sol pred=sol ✅  | hz: gt=97.9989 pred=435.0 ❌
    [ 170/240] synth_lead  reverb_long   G2  | midi: gt=43 pred=43 ✅  | spn: gt=G2 pred=A#6 ❌  | doremi: gt=sol pred=fa# ❌  | hz: gt=97.9989 pred=105.26 ❌
    [ 171/240] sine        reverb_long   G2  | midi: gt=43 pred=48 ❌  | spn: gt=G2 pred=C2 ❌  | doremi: gt=sol pred=sol ✅  | hz: gt=97.9989 pred=105.26 ❌
    [ 172/240] square      reverb_long   G2  | midi: gt=43 pred=48 ❌  | spn: gt=G2 pred=C6 ❌  | doremi: gt=sol pred=fa# ❌  | hz: gt=97.9989 pred=435.0 ❌
    [ 173/240] trumpet     reverb_long   C3  | midi: gt=48 pred=48 ✅  | spn: gt=C3 pred=C4 ❌  | doremi: gt=do pred=sol ❌  | hz: gt=130.8128 pred=250.0 ❌
    [ 174/240] synth_pad   reverb_long   C3  | midi: gt=48 pred=64 ❌  | spn: gt=C3 pred=C6 ❌  | doremi: gt=do pred=sol ❌  | hz: gt=130.8128 pred=480.0 ❌
    [ 175/240] sawtooth    reverb_long   C3  | midi: gt=48 pred=48 ✅  | spn: gt=C3 pred=C6 ❌  | doremi: gt=do pred=fa# ❌  | hz: gt=130.8128 pred=480.0 ❌
    [ 176/240] sine        reverb_long   C3  | midi: gt=48 pred=48 ✅  | spn: gt=C3 pred=C2 ❌  | doremi: gt=do pred=sol ❌  | hz: gt=130.8128 pred=107.89 ❌
    [ 177/240] trombone    reverb_long   F#3  | midi: gt=54 pred=54 ✅  | spn: gt=F#3 pred=C4 ❌  | doremi: gt=fa# pred=sol ❌  | hz: gt=184.9972 pred=435.0 ❌
    [ 178/240] synth_lead  reverb_long   F#3  | midi: gt=54 pred=65 ❌  | spn: gt=F#3 pred=C6 ❌  | doremi: gt=fa# pred=fa# ✅  | hz: gt=184.9972 pred=480.0 ❌
    [ 179/240] sawtooth    reverb_long   F#3  | midi: gt=54 pred=54 ✅  | spn: gt=F#3 pred=F#6 ❌  | doremi: gt=fa# pred=sol# ❌  | hz: gt=184.9972 pred=480.0 ❌
    [ 180/240] square      reverb_long   F#3  | midi: gt=54 pred=63 ❌  | spn: gt=F#3 pred=C6 ❌  | doremi: gt=fa# pred=sol# ❌  | hz: gt=184.9972 pred=480.0 ❌
    [ 181/240] synth_lead  reverb_long   C4  | midi: gt=60 pred=60 ✅  | spn: gt=C4 pred=C6 ❌  | doremi: gt=do pred=fa# ❌  | hz: gt=261.6256 pred=480.0 ❌
    [ 182/240] violin      reverb_long   C4  | midi: gt=60 pred=63 ❌  | spn: gt=C4 pred=C6 ❌  | doremi: gt=do pred=sol ❌  | hz: gt=261.6256 pred=480.0 ❌
    [ 183/240] square      reverb_long   C4  | midi: gt=60 pred=63 ❌  | spn: gt=C4 pred=C6 ❌  | doremi: gt=do pred=fa# ❌  | hz: gt=261.6256 pred=480.0 ❌
    [ 184/240] sine        reverb_long   C4  | midi: gt=60 pred=63 ❌  | spn: gt=C4 pred=C6 ❌  | doremi: gt=do pred=sol ❌  | hz: gt=261.6256 pred=107.89 ❌
    [ 185/240] oboe        reverb_long   E4  | midi: gt=64 pred=64 ✅  | spn: gt=E4 pred=E4 ✅  | doremi: gt=mi pred=sol ❌  | hz: gt=329.6276 pred=640.0 ❌
    [ 186/240] trombone    reverb_long   E4  | midi: gt=64 pred=64 ✅  | spn: gt=E4 pred=C4 ❌  | doremi: gt=mi pred=sol ❌  | hz: gt=329.6276 pred=436.5 ❌
    [ 187/240] triangle    reverb_long   E4  | midi: gt=64 pred=63 ❌  | spn: gt=E4 pred=C6 ❌  | doremi: gt=mi pred=sol ❌  | hz: gt=329.6276 pred=450.0 ❌
    [ 188/240] sine        reverb_long   E4  | midi: gt=64 pred=64 ✅  | spn: gt=E4 pred=C6 ❌  | doremi: gt=mi pred=sol ❌  | hz: gt=329.6276 pred=415.38 ❌
    [ 189/240] voice       reverb_long   A4  | midi: gt=69 pred=69 ✅  | spn: gt=A4 pred=C6 ❌  | doremi: gt=la pred=sol ❌  | hz: gt=440.0 pred=450.0 ❌
    [ 190/240] trombone    reverb_long   A4  | midi: gt=69 pred=69 ✅  | spn: gt=A4 pred=A4 ✅  | doremi: gt=la pred=sol ❌  | hz: gt=440.0 pred=450.0 ❌
    [ 191/240] square      reverb_long   A4  | midi: gt=69 pred=69 ✅  | spn: gt=A4 pred=A6 ❌  | doremi: gt=la pred=sol ❌  | hz: gt=440.0 pred=450.0 ❌
    [ 192/240] sine        reverb_long   A4  | midi: gt=69 pred=69 ✅  | spn: gt=A4 pred=A6 ❌  | doremi: gt=la pred=sol ❌  | hz: gt=440.0 pred=1050.0 ❌
    [ 193/240] flute       reverb_long   G5  | midi: gt=79 pred=67 ❌  | spn: gt=G5 pred=C6 ❌  | doremi: gt=sol pred=sol ✅  | hz: gt=783.9909 pred=480.0 ❌
    [ 194/240] piano       reverb_long   G5  | midi: gt=79 pred=69 ❌  | spn: gt=G5 pred=C6 ❌  | doremi: gt=sol pred=sol# ❌  | hz: gt=783.9909 pred=1034.58 ❌
    [ 195/240] sine        reverb_long   G5  | midi: gt=79 pred=68 ❌  | spn: gt=G5 pred=C6 ❌  | doremi: gt=sol pred=sol ✅  | hz: gt=783.9909 pred=480.0 ❌
    [ 196/240] triangle    reverb_long   G5  | midi: gt=79 pred=69 ❌  | spn: gt=G5 pred=C6 ❌  | doremi: gt=sol pred=sol ✅  | hz: gt=783.9909 pred=480.0 ❌
    [ 197/240] oboe        reverb_long   E6  | midi: gt=88 pred=88 ✅  | spn: gt=E6 pred=E8 ❌  | doremi: gt=mi pred=sol ❌  | hz: gt=1318.5102 pred=8105.72 ❌
    [ 198/240] bass        reverb_long   E6  | midi: gt=88 pred=68 ❌  | spn: gt=E6 pred=C6 ❌  | doremi: gt=mi pred=sol# ❌  | hz: gt=1318.5102 pred=1034.56 ❌
    [ 199/240] square      reverb_long   E6  | midi: gt=88 pred=65 ❌  | spn: gt=E6 pred=F#6 ❌  | doremi: gt=mi pred=sol# ❌  | hz: gt=1318.5102 pred=480.0 ❌
    [ 200/240] sine        reverb_long   E6  | midi: gt=88 pred=86 ❌  | spn: gt=E6 pred=C6 ❌  | doremi: gt=mi pred=sol ❌  | hz: gt=1318.5102 pred=4035.96 ❌
    [ 201/240] guitar      distortion_heavy  F#1  | midi: gt=30 pred=34 ❌  | spn: gt=F#1 pred=C6 ❌  | doremi: gt=fa# pred=fa# ✅  | hz: gt=46.2493 pred=4350.0 ❌
    [ 202/240] synth_lead  distortion_heavy  F#1  | midi: gt=30 pred=64 ❌  | spn: gt=F#1 pred=C6 ❌  | doremi: gt=fa# pred=fa# ✅  | hz: gt=46.2493 pred=1058.47 ❌
    [ 203/240] square      distortion_heavy  F#1  | midi: gt=30 pred=43 ❌  | spn: gt=F#1 pred=A2 ❌  | doremi: gt=fa# pred=sol ❌  | hz: gt=46.2493 pred=450.0 ❌
    [ 204/240] sawtooth    distortion_heavy  F#1  | midi: gt=30 pred=35 ❌  | spn: gt=F#1 pred=A2 ❌  | doremi: gt=fa# pred=fa# ✅  | hz: gt=46.2493 pred=105.26 ❌
    [ 205/240] oboe        distortion_heavy  C2  | midi: gt=36 pred=43 ❌  | spn: gt=C2 pred=C4 ❌  | doremi: gt=do pred=sol ❌  | hz: gt=65.4064 pred=480.0 ❌
    [ 206/240] violin      distortion_heavy  C2  | midi: gt=36 pred=45 ❌  | spn: gt=C2 pred=C4 ❌  | doremi: gt=do pred=fa# ❌  | hz: gt=65.4064 pred=1650.0 ❌
    [ 207/240] triangle    distortion_heavy  C2  | midi: gt=36 pred=43 ❌  | spn: gt=C2 pred=C2 ✅  | doremi: gt=do pred=fa# ❌  | hz: gt=65.4064 pred=480.0 ❌
    [ 208/240] sawtooth    distortion_heavy  C2  | midi: gt=36 pred=36 ✅  | spn: gt=C2 pred=C2 ✅  | doremi: gt=do pred=fa# ❌  | hz: gt=65.4064 pred=105.26 ❌
    [ 209/240] synth_pad   distortion_heavy  G2  | midi: gt=43 pred=64 ❌  | spn: gt=G2 pred=C6 ❌  | doremi: gt=sol pred=fa# ❌  | hz: gt=97.9989 pred=480.0 ❌
    [ 210/240] violin      distortion_heavy  G2  | midi: gt=43 pred=43 ✅  | spn: gt=G2 pred=C6 ❌  | doremi: gt=sol pred=fa# ❌  | hz: gt=97.9989 pred=166.67 ❌
    [ 211/240] triangle    distortion_heavy  G2  | midi: gt=43 pred=43 ✅  | spn: gt=G2 pred=C6 ❌  | doremi: gt=sol pred=sol ✅  | hz: gt=97.9989 pred=435.0 ❌
    [ 212/240] sine        distortion_heavy  G2  | midi: gt=43 pred=43 ✅  | spn: gt=G2 pred=F#2 ❌  | doremi: gt=sol pred=sol ✅  | hz: gt=97.9989 pred=450.0 ❌
    [ 213/240] voice       distortion_heavy  C3  | midi: gt=48 pred=64 ❌  | spn: gt=C3 pred=C6 ❌  | doremi: gt=do pred=fa# ❌  | hz: gt=130.8128 pred=415.38 ❌
    [ 214/240] violin      distortion_heavy  C3  | midi: gt=48 pred=48 ✅  | spn: gt=C3 pred=C6 ❌  | doremi: gt=do pred=fa# ❌  | hz: gt=130.8128 pred=415.38 ❌
    [ 215/240] sawtooth    distortion_heavy  C3  | midi: gt=48 pred=48 ✅  | spn: gt=C3 pred=C6 ❌  | doremi: gt=do pred=sol ❌  | hz: gt=130.8128 pred=480.0 ❌
    [ 216/240] square      distortion_heavy  C3  | midi: gt=48 pred=45 ❌  | spn: gt=C3 pred=C6 ❌  | doremi: gt=do pred=sol ❌  | hz: gt=130.8128 pred=1046.53 ❌
    [ 217/240] trumpet     distortion_heavy  F#3  | midi: gt=54 pred=65 ❌  | spn: gt=F#3 pred=F#4 ❌  | doremi: gt=fa# pred=sol ❌  | hz: gt=184.9972 pred=415.3 ❌
    [ 218/240] clarinet    distortion_heavy  F#3  | midi: gt=54 pred=65 ❌  | spn: gt=F#3 pred=C6 ❌  | doremi: gt=fa# pred=sol# ❌  | hz: gt=184.9972 pred=415.38 ❌
    [ 219/240] square      distortion_heavy  F#3  | midi: gt=54 pred=65 ❌  | spn: gt=F#3 pred=F#2 ❌  | doremi: gt=fa# pred=sol ❌  | hz: gt=184.9972 pred=450.0 ❌
    [ 220/240] sawtooth    distortion_heavy  F#3  | midi: gt=54 pred=54 ✅  | spn: gt=F#3 pred=F#2 ❌  | doremi: gt=fa# pred=sol ❌  | hz: gt=184.9972 pred=450.0 ❌
    [ 221/240] voice       distortion_heavy  C4  | midi: gt=60 pred=64 ❌  | spn: gt=C4 pred=C6 ❌  | doremi: gt=do pred=sol# ❌  | hz: gt=261.6256 pred=480.0 ❌
    [ 222/240] violin      distortion_heavy  C4  | midi: gt=60 pred=64 ❌  | spn: gt=C4 pred=C6 ❌  | doremi: gt=do pred=sol# ❌  | hz: gt=261.6256 pred=1046.53 ❌
    [ 223/240] triangle    distortion_heavy  C4  | midi: gt=60 pred=68 ❌  | spn: gt=C4 pred=C6 ❌  | doremi: gt=do pred=sol ❌  | hz: gt=261.6256 pred=480.0 ❌
    [ 224/240] sine        distortion_heavy  C4  | midi: gt=60 pred=68 ❌  | spn: gt=C4 pred=C6 ❌  | doremi: gt=do pred=sol ❌  | hz: gt=261.6256 pred=480.0 ❌
    [ 225/240] flute       distortion_heavy  E4  | midi: gt=64 pred=69 ❌  | spn: gt=E4 pred=C6 ❌  | doremi: gt=mi pred=sol ❌  | hz: gt=329.6276 pred=405.0 ❌
    [ 226/240] voice       distortion_heavy  E4  | midi: gt=64 pred=64 ✅  | spn: gt=E4 pred=C6 ❌  | doremi: gt=mi pred=sol# ❌  | hz: gt=329.6276 pred=460.0 ❌
    [ 227/240] sine        distortion_heavy  E4  | midi: gt=64 pred=64 ✅  | spn: gt=E4 pred=A6 ❌  | doremi: gt=mi pred=sol ❌  | hz: gt=329.6276 pred=450.0 ❌
    [ 228/240] sawtooth    distortion_heavy  E4  | midi: gt=64 pred=64 ✅  | spn: gt=E4 pred=E6 ❌  | doremi: gt=mi pred=sol ❌  | hz: gt=329.6276 pred=1046.53 ❌
    [ 229/240] piano       distortion_heavy  A4  | midi: gt=69 pred=68 ❌  | spn: gt=A4 pred=C6 ❌  | doremi: gt=la pred=sol ❌  | hz: gt=440.0 pred=480.0 ❌
    [ 230/240] cello       distortion_heavy  A4  | midi: gt=69 pred=69 ✅  | spn: gt=A4 pred=A7 ❌  | doremi: gt=la pred=sol ❌  | hz: gt=440.0 pred=1046.53 ❌
    [ 231/240] sawtooth    distortion_heavy  A4  | midi: gt=69 pred=69 ✅  | spn: gt=A4 pred=A6 ❌  | doremi: gt=la pred=sol ❌  | hz: gt=440.0 pred=1075.0 ❌
    [ 232/240] square      distortion_heavy  A4  | midi: gt=69 pred=69 ✅  | spn: gt=A4 pred=A6 ❌  | doremi: gt=la pred=sol ❌  | hz: gt=440.0 pred=1046.53 ❌
    [ 233/240] flute       distortion_heavy  G5  | midi: gt=79 pred=69 ❌  | spn: gt=G5 pred=C6 ❌  | doremi: gt=sol pred=sol ✅  | hz: gt=783.9909 pred=480.0 ❌
    [ 234/240] sine        distortion_heavy  G5  | midi: gt=79 pred=69 ❌  | spn: gt=G5 pred=C6 ❌  | doremi: gt=sol pred=sol ✅  | hz: gt=783.9909 pred=450.0 ❌
    [ 235/240] piano       distortion_heavy  G5  | midi: gt=79 pred=69 ❌  | spn: gt=G5 pred=C6 ❌  | doremi: gt=sol pred=fa# ❌  | hz: gt=783.9909 pred=1034.52 ❌
    [ 236/240] square      distortion_heavy  G5  | midi: gt=79 pred=69 ❌  | spn: gt=G5 pred=A7 ❌  | doremi: gt=sol pred=sol# ❌  | hz: gt=783.9909 pred=1860.0 ❌
    [ 237/240] organ       distortion_heavy  E6  | midi: gt=88 pred=83 ❌  | spn: gt=E6 pred=A#6 ❌  | doremi: gt=mi pred=sol# ❌  | hz: gt=1318.5102 pred=1046.57 ❌
    [ 238/240] piano       distortion_heavy  E6  | midi: gt=88 pred=68 ❌  | spn: gt=E6 pred=C6 ❌  | doremi: gt=mi pred=sol ❌  | hz: gt=1318.5102 pred=480.0 ❌
    [ 239/240] sawtooth    distortion_heavy  E6  | midi: gt=88 pred=65 ❌  | spn: gt=E6 pred=F#6 ❌  | doremi: gt=mi pred=sol# ❌  | hz: gt=1318.5102 pred=1046.53 ❌
    [ 240/240] sine        distortion_heavy  E6  | midi: gt=88 pred=68 ❌  | spn: gt=E6 pred=C6 ❌  | doremi: gt=mi pred=sol ❌  | hz: gt=1318.5102 pred=1050.0 ❌

============================================================
SUMMARY — audio_flamingo_next_instruct
  Sampling     : 240 of 1140 (stratified by '(effect_type, midi, source_type)', seed=42)
  Stimuli (total)     : 240
  Stimuli (condition) : 240  (all records)

  Format   Accuracy
  ──────────────────
    MIDI      30.8%
     SPN       7.5%
  DOREMI      20.4%
      HZ       0.4%
     ANY      35.0%

  *** WARNING: working tree has uncommitted changes — results will NOT be exactly reproducible from git_commit alone ***


Results saved → results/run_20260506_053722/pitchbench_e1_audio_effects/run_001_20260506_062929/results_audio_flamingo_next_instruct.*

############################################################
# pitchbench_e2_background
############################################################

Experiment : pitchbench_e2_background
Models     : audio_flamingo_next_instruct
Stimuli    : 240
  Sampling     : 240 of 4560 (stratified by '(background, snr_db, midi)', seed=42)

  Model : Audio Flamingo Next – instruct
    [dispatch] 240 items, max_workers=2
    [   1/240] F#1  triangle bg= church-bells snr=  -12dB  | midi: gt=30 pred=64 ❌  | spn: gt=F#1 pred=C6 ❌  | doremi: gt=fa# pred=sol ❌  | hz: gt=46.2493 pred=1050.0 ❌
    [   2/240] C2   sine     bg= church-bells snr=  -12dB  | midi: gt=36 pred=64 ❌  | spn: gt=C2 pred=C6 ❌  | doremi: gt=do pred=sol ❌  | hz: gt=65.4064 pred=1058.37 ❌
    [   3/240] C3   flute    bg= church-bells snr=  -12dB  | midi: gt=48 pred=64 ❌  | spn: gt=C3 pred=C6 ❌  | doremi: gt=do pred=sol ❌  | hz: gt=130.8128 pred=430.0 ❌
    [   4/240] G2   trumpet  bg= church-bells snr=  -12dB  | midi: gt=43 pred=64 ❌  | spn: gt=G2 pred=C6 ❌  | doremi: gt=sol pred=sol ✅  | hz: gt=97.9989 pred=1050.0 ❌
    [   5/240] F#3  flute    bg= church-bells snr=  -12dB  | midi: gt=54 pred=64 ❌  | spn: gt=F#3 pred=C6 ❌  | doremi: gt=fa# pred=sol ❌  | hz: gt=184.9972 pred=1050.0 ❌
    [   6/240] C4   piano    bg= church-bells snr=  -12dB  | midi: gt=60 pred=64 ❌  | spn: gt=C4 pred=C6 ❌  | doremi: gt=do pred=sol ❌  | hz: gt=261.6256 pred=430.0 ❌
    [   7/240] E4   triangle bg= church-bells snr=  -12dB  | midi: gt=64 pred=64 ✅  | spn: gt=E4 pred=C6 ❌  | doremi: gt=mi pred=sol ❌  | hz: gt=329.6276 pred=1050.0 ❌
    [   8/240] A4   synth_pad bg= church-bells snr=  -12dB  | midi: gt=69 pred=64 ❌  | spn: gt=A4 pred=C6 ❌  | doremi: gt=la pred=sol ❌  | hz: gt=440.0 pred=430.0 ❌
    [   9/240] G5   square   bg= church-bells snr=  -12dB  | midi: gt=79 pred=64 ❌  | spn: gt=G5 pred=C6 ❌  | doremi: gt=sol pred=sol ✅  | hz: gt=783.9909 pred=450.0 ❌
    [  10/240] E6   voice    bg= church-bells snr=  -12dB  | midi: gt=88 pred=64 ❌  | spn: gt=E6 pred=C6 ❌  | doremi: gt=mi pred=sol ❌  | hz: gt=1318.5102 pred=405.87 ❌
    [  11/240] F#1  cello    bg= church-bells snr=   -6dB  | midi: gt=30 pred=64 ❌  | spn: gt=F#1 pred=C6 ❌  | doremi: gt=fa# pred=sol ❌  | hz: gt=46.2493 pred=1050.0 ❌
    [  12/240] C2   sawtooth bg= church-bells snr=   -6dB  | midi: gt=36 pred=64 ❌  | spn: gt=C2 pred=C6 ❌  | doremi: gt=do pred=fa# ❌  | hz: gt=65.4064 pred=480.0 ❌
    [  13/240] G2   sine     bg= church-bells snr=   -6dB  | midi: gt=43 pred=64 ❌  | spn: gt=G2 pred=C6 ❌  | doremi: gt=sol pred=fa# ❌  | hz: gt=97.9989 pred=1050.0 ❌
    [  14/240] C3   square   bg= church-bells snr=   -6dB  | midi: gt=48 pred=63 ❌  | spn: gt=C3 pred=C6 ❌  | doremi: gt=do pred=fa# ❌  | hz: gt=130.8128 pred=450.0 ❌
    [  15/240] F#3  guitar   bg= church-bells snr=   -6dB  | midi: gt=54 pred=64 ❌  | spn: gt=F#3 pred=C6 ❌  | doremi: gt=fa# pred=sol ❌  | hz: gt=184.9972 pred=1050.0 ❌
    [  16/240] C4   flute    bg= church-bells snr=   -6dB  | midi: gt=60 pred=65 ❌  | spn: gt=C4 pred=C6 ❌  | doremi: gt=do pred=sol ❌  | hz: gt=261.6256 pred=1050.0 ❌
    [  17/240] A4   sine     bg= church-bells snr=   -6dB  | midi: gt=69 pred=64 ❌  | spn: gt=A4 pred=C6 ❌  | doremi: gt=la pred=sol ❌  | hz: gt=440.0 pred=1050.0 ❌
    [  18/240] E4   synth_lead bg= church-bells snr=   -6dB  | midi: gt=64 pred=64 ✅  | spn: gt=E4 pred=C6 ❌  | doremi: gt=mi pred=sol ❌  | hz: gt=329.6276 pred=405.87 ❌
    [  19/240] G5   synth_pad bg= church-bells snr=   -6dB  | midi: gt=79 pred=64 ❌  | spn: gt=G5 pred=C6 ❌  | doremi: gt=sol pred=sol ✅  | hz: gt=783.9909 pred=1050.0 ❌
    [  20/240] E6   guitar   bg= church-bells snr=   -6dB  | midi: gt=88 pred=69 ❌  | spn: gt=E6 pred=C6 ❌  | doremi: gt=mi pred=sol ❌  | hz: gt=1318.5102 pred=415.306 ❌
    [  21/240] F#1  synth_pad bg= church-bells snr=   +0dB  | midi: gt=30 pred=64 ❌  | spn: gt=F#1 pred=C6 ❌  | doremi: gt=fa# pred=sol ❌  | hz: gt=46.2493 pred=1050.0 ❌
    [  22/240] C2   cello    bg= church-bells snr=   +0dB  | midi: gt=36 pred=64 ❌  | spn: gt=C2 pred=C6 ❌  | doremi: gt=do pred=fa# ❌  | hz: gt=65.4064 pred=1050.0 ❌
    [  23/240] G2   flute    bg= church-bells snr=   +0dB  | midi: gt=43 pred=64 ❌  | spn: gt=G2 pred=C6 ❌  | doremi: gt=sol pred=fa# ❌  | hz: gt=97.9989 pred=1058.37 ❌
    [  24/240] C3   organ    bg= church-bells snr=   +0dB  | midi: gt=48 pred=63 ❌  | spn: gt=C3 pred=C6 ❌  | doremi: gt=do pred=sol ❌  | hz: gt=130.8128 pred=450.0 ❌
    [  25/240] F#3  voice    bg= church-bells snr=   +0dB  | midi: gt=54 pred=65 ❌  | spn: gt=F#3 pred=C6 ❌  | doremi: gt=fa# pred=sol ❌  | hz: gt=184.9972 pred=415.306 ❌
    [  26/240] C4   trumpet  bg= church-bells snr=   +0dB  | midi: gt=60 pred=64 ❌  | spn: gt=C4 pred=C6 ❌  | doremi: gt=do pred=fa# ❌  | hz: gt=261.6256 pred=415.3 ❌
    [  27/240] E4   sine     bg= church-bells snr=   +0dB  | midi: gt=64 pred=64 ✅  | spn: gt=E4 pred=C6 ❌  | doremi: gt=mi pred=sol ❌  | hz: gt=329.6276 pred=1050.0 ❌
    [  28/240] A4   electric_keyboard bg= church-bells snr=   +0dB  | midi: gt=69 pred=64 ❌  | spn: gt=A4 pred=C6 ❌  | doremi: gt=la pred=sol ❌  | hz: gt=440.0 pred=1050.0 ❌
    [  29/240] G5   cello    bg= church-bells snr=   +0dB  | midi: gt=79 pred=64 ❌  | spn: gt=G5 pred=C6 ❌  | doremi: gt=sol pred=sol ✅  | hz: gt=783.9909 pred=415.306 ❌
    [  30/240] E6   clarinet bg= church-bells snr=   +0dB  | midi: gt=88 pred=69 ❌  | spn: gt=E6 pred=C6 ❌  | doremi: gt=mi pred=sol ❌  | hz: gt=1318.5102 pred=1058.37 ❌
    [  31/240] F#1  trumpet  bg= church-bells snr=  +10dB  | midi: gt=30 pred=64 ❌  | spn: gt=F#1 pred=A#6 ❌  | doremi: gt=fa# pred=fa# ✅  | hz: gt=46.2493 pred=1050.0 ❌
    [  32/240] C2   piano    bg= church-bells snr=  +10dB  | midi: gt=36 pred=65 ❌  | spn: gt=C2 pred=C6 ❌  | doremi: gt=do pred=fa# ❌  | hz: gt=65.4064 pred=415.38 ❌
    [  33/240] G2   guitar   bg= church-bells snr=  +10dB  | midi: gt=43 pred=64 ❌  | spn: gt=G2 pred=C6 ❌  | doremi: gt=sol pred=sol ✅  | hz: gt=97.9989 pred=480.0 ❌
    [  34/240] C3   clarinet bg= church-bells snr=  +10dB  | midi: gt=48 pred=64 ❌  | spn: gt=C3 pred=A#6 ❌  | doremi: gt=do pred=fa# ❌  | hz: gt=130.8128 pred=415.306 ❌
    [  35/240] F#3  triangle bg= church-bells snr=  +10dB  | midi: gt=54 pred=64 ❌  | spn: gt=F#3 pred=C6 ❌  | doremi: gt=fa# pred=sol ❌  | hz: gt=184.9972 pred=1050.0 ❌
    [  36/240] C4   square   bg= church-bells snr=  +10dB  | midi: gt=60 pred=64 ❌  | spn: gt=C4 pred=C6 ❌  | doremi: gt=do pred=fa# ❌  | hz: gt=261.6256 pred=480.0 ❌
    [  37/240] E4   violin   bg= church-bells snr=  +10dB  | midi: gt=64 pred=64 ✅  | spn: gt=E4 pred=C6 ❌  | doremi: gt=mi pred=sol ❌  | hz: gt=329.6276 pred=415.3 ❌
    [  38/240] A4   triangle bg= church-bells snr=  +10dB  | midi: gt=69 pred=69 ✅  | spn: gt=A4 pred=C6 ❌  | doremi: gt=la pred=sol ❌  | hz: gt=440.0 pred=405.86 ❌
    [  39/240] G5   oboe     bg= church-bells snr=  +10dB  | midi: gt=79 pred=69 ❌  | spn: gt=G5 pred=C6 ❌  | doremi: gt=sol pred=sol ✅  | hz: gt=783.9909 pred=415.306 ❌
    [  40/240] E6   oboe     bg= church-bells snr=  +10dB  | midi: gt=88 pred=69 ❌  | spn: gt=E6 pred=C6 ❌  | doremi: gt=mi pred=sol ❌  | hz: gt=1318.5102 pred=415.306 ❌
    [  41/240] F#1  trumpet  bg=  crowd-noise snr=  -12dB  | midi: gt=30 pred=64 ❌  | spn: gt=F#1 pred=C6 ❌  | doremi: gt=fa# pred=sol ❌  | hz: gt=46.2493 pred=415.0 ❌
    [  42/240] C2   sawtooth bg=  crowd-noise snr=  -12dB  | midi: gt=36 pred=64 ❌  | spn: gt=C2 pred=C6 ❌  | doremi: gt=do pred=sol ❌  | hz: gt=65.4064 pred=415.306 ❌
    [  43/240] G2   organ    bg=  crowd-noise snr=  -12dB  | midi: gt=43 pred=64 ❌  | spn: gt=G2 pred=C6 ❌  | doremi: gt=sol pred=sol ✅  | hz: gt=97.9989 pred=415.0 ❌
    [  44/240] C3   synth_pad bg=  crowd-noise snr=  -12dB  | midi: gt=48 pred=64 ❌  | spn: gt=C3 pred=C6 ❌  | doremi: gt=do pred=sol ❌  | hz: gt=130.8128 pred=415.306 ❌
    [  45/240] F#3  triangle bg=  crowd-noise snr=  -12dB  | midi: gt=54 pred=64 ❌  | spn: gt=F#3 pred=C6 ❌  | doremi: gt=fa# pred=sol ❌  | hz: gt=184.9972 pred=415.0 ❌
    [  46/240] C4   violin   bg=  crowd-noise snr=  -12dB  | midi: gt=60 pred=65 ❌  | spn: gt=C4 pred=C6 ❌  | doremi: gt=do pred=sol ❌  | hz: gt=261.6256 pred=1050.0 ❌
    [  47/240] E4   square   bg=  crowd-noise snr=  -12dB  | midi: gt=64 pred=64 ✅  | spn: gt=E4 pred=C6 ❌  | doremi: gt=mi pred=sol ❌  | hz: gt=329.6276 pred=415.306 ❌
    [  48/240] A4   synth_pad bg=  crowd-noise snr=  -12dB  | midi: gt=69 pred=64 ❌  | spn: gt=A4 pred=C6 ❌  | doremi: gt=la pred=sol ❌  | hz: gt=440.0 pred=415.306 ❌
    [  49/240] G5   trombone bg=  crowd-noise snr=  -12dB  | midi: gt=79 pred=64 ❌  | spn: gt=G5 pred=C6 ❌  | doremi: gt=sol pred=sol ✅  | hz: gt=783.9909 pred=1050.0 ❌
    [  50/240] E6   oboe     bg=  crowd-noise snr=  -12dB  | midi: gt=88 pred=64 ❌  | spn: gt=E6 pred=C6 ❌  | doremi: gt=mi pred=sol ❌  | hz: gt=1318.5102 pred=1765.0 ❌
    [  51/240] F#1  voice    bg=  crowd-noise snr=   -6dB  | midi: gt=30 pred=64 ❌  | spn: gt=F#1 pred=C6 ❌  | doremi: gt=fa# pred=sol ❌  | hz: gt=46.2493 pred=415.306 ❌
    [  52/240] C2   guitar   bg=  crowd-noise snr=   -6dB  | midi: gt=36 pred=64 ❌  | spn: gt=C2 pred=C6 ❌  | doremi: gt=do pred=sol ❌  | hz: gt=65.4064 pred=415.306 ❌
    [  53/240] G2   square   bg=  crowd-noise snr=   -6dB  | midi: gt=43 pred=64 ❌  | spn: gt=G2 pred=C6 ❌  | doremi: gt=sol pred=sol ✅  | hz: gt=97.9989 pred=415.306 ❌
    [  54/240] F#3  flute    bg=  crowd-noise snr=   -6dB  | midi: gt=54 pred=64 ❌  | spn: gt=F#3 pred=C6 ❌  | doremi: gt=fa# pred=sol ❌  | hz: gt=184.9972 pred=1050.0 ❌
    [  55/240] C3   sawtooth bg=  crowd-noise snr=   -6dB  | midi: gt=48 pred=64 ❌  | spn: gt=C3 pred=C6 ❌  | doremi: gt=do pred=sol ❌  | hz: gt=130.8128 pred=415.306 ❌
    [  56/240] C4   trombone bg=  crowd-noise snr=   -6dB  | midi: gt=60 pred=64 ❌  | spn: gt=C4 pred=C6 ❌  | doremi: gt=do pred=sol ❌  | hz: gt=261.6256 pred=415.0 ❌
    [  57/240] E4   square   bg=  crowd-noise snr=   -6dB  | midi: gt=64 pred=64 ✅  | spn: gt=E4 pred=C6 ❌  | doremi: gt=mi pred=fa# ❌  | hz: gt=329.6276 pred=415.0 ❌
    [  58/240] A4   flute    bg=  crowd-noise snr=   -6dB  | midi: gt=69 pred=64 ❌  | spn: gt=A4 pred=C6 ❌  | doremi: gt=la pred=sol ❌  | hz: gt=440.0 pred=415.306 ❌
    [  59/240] G5   triangle bg=  crowd-noise snr=   -6dB  | midi: gt=79 pred=64 ❌  | spn: gt=G5 pred=C6 ❌  | doremi: gt=sol pred=sol ✅  | hz: gt=783.9909 pred=415.306 ❌
    [  60/240] F#1  trumpet  bg=  crowd-noise snr=   +0dB  | midi: gt=30 pred=64 ❌  | spn: gt=F#1 pred=C6 ❌  | doremi: gt=fa# pred=sol ❌  | hz: gt=46.2493 pred=17650.0 ❌
    [  61/240] E6   violin   bg=  crowd-noise snr=   -6dB  | midi: gt=88 pred=69 ❌  | spn: gt=E6 pred=C6 ❌  | doremi: gt=mi pred=fa# ❌  | hz: gt=1318.5102 pred=1050.0 ❌
    [  62/240] G2   oboe     bg=  crowd-noise snr=   +0dB  | midi: gt=43 pred=64 ❌  | spn: gt=G2 pred=C6 ❌  | doremi: gt=sol pred=sol ✅  | hz: gt=97.9989 pred=415.0 ❌
    [  63/240] C2   organ    bg=  crowd-noise snr=   +0dB  | midi: gt=36 pred=65 ❌  | spn: gt=C2 pred=C6 ❌  | doremi: gt=do pred=sol ❌  | hz: gt=65.4064 pred=415.306 ❌
    [  64/240] C3   electric_keyboard bg=  crowd-noise snr=   +0dB  | midi: gt=48 pred=64 ❌  | spn: gt=C3 pred=C6 ❌  | doremi: gt=do pred=sol ❌  | hz: gt=130.8128 pred=1050.0 ❌
    [  65/240] F#3  oboe     bg=  crowd-noise snr=   +0dB  | midi: gt=54 pred=64 ❌  | spn: gt=F#3 pred=C6 ❌  | doremi: gt=fa# pred=sol ❌  | hz: gt=184.9972 pred=415.0 ❌
    [  66/240] C4   oboe     bg=  crowd-noise snr=   +0dB  | midi: gt=60 pred=64 ❌  | spn: gt=C4 pred=C6 ❌  | doremi: gt=do pred=sol ❌  | hz: gt=261.6256 pred=450.0 ❌
    [  67/240] E4   guitar   bg=  crowd-noise snr=   +0dB  | midi: gt=64 pred=64 ✅  | spn: gt=E4 pred=C6 ❌  | doremi: gt=mi pred=sol ❌  | hz: gt=329.6276 pred=415.32 ❌
    [  68/240] A4   trumpet  bg=  crowd-noise snr=   +0dB  | midi: gt=69 pred=64 ❌  | spn: gt=A4 pred=C6 ❌  | doremi: gt=la pred=sol ❌  | hz: gt=440.0 pred=415.3 ❌
    [  69/240] G5   square   bg=  crowd-noise snr=   +0dB  | midi: gt=79 pred=64 ❌  | spn: gt=G5 pred=C6 ❌  | doremi: gt=sol pred=sol ✅  | hz: gt=783.9909 pred=1052.63 ❌
    [  70/240] E6   electric_keyboard bg=  crowd-noise snr=   +0dB  | midi: gt=88 pred=64 ❌  | spn: gt=E6 pred=C6 ❌  | doremi: gt=mi pred=sol ❌  | hz: gt=1318.5102 pred=415.306 ❌
    [  71/240] F#1  synth_pad bg=  crowd-noise snr=  +10dB  | midi: gt=30 pred=64 ❌  | spn: gt=F#1 pred=C6 ❌  | doremi: gt=fa# pred=sol ❌  | hz: gt=46.2493 pred=1050.0 ❌
    [  72/240] C2   flute    bg=  crowd-noise snr=  +10dB  | midi: gt=36 pred=64 ❌  | spn: gt=C2 pred=C6 ❌  | doremi: gt=do pred=sol ❌  | hz: gt=65.4064 pred=1050.0 ❌
    [  73/240] G2   electric_keyboard bg=  crowd-noise snr=  +10dB  | midi: gt=43 pred=64 ❌  | spn: gt=G2 pred=C6 ❌  | doremi: gt=sol pred=sol ✅  | hz: gt=97.9989 pred=1050.0 ❌
    [  74/240] C3   organ    bg=  crowd-noise snr=  +10dB  | midi: gt=48 pred=64 ❌  | spn: gt=C3 pred=C6 ❌  | doremi: gt=do pred=fa# ❌  | hz: gt=130.8128 pred=480.0 ❌
    [  75/240] F#3  violin   bg=  crowd-noise snr=  +10dB  | midi: gt=54 pred=64 ❌  | spn: gt=F#3 pred=C6 ❌  | doremi: gt=fa# pred=fa# ✅  | hz: gt=184.9972 pred=415.3 ❌
    [  76/240] C4   trumpet  bg=  crowd-noise snr=  +10dB  | midi: gt=60 pred=64 ❌  | spn: gt=C4 pred=C6 ❌  | doremi: gt=do pred=sol ❌  | hz: gt=261.6256 pred=405.0 ❌
    [  77/240] E4   synth_pad bg=  crowd-noise snr=  +10dB  | midi: gt=64 pred=64 ✅  | spn: gt=E4 pred=C6 ❌  | doremi: gt=mi pred=sol ❌  | hz: gt=329.6276 pred=460.71 ❌
    [  78/240] A4   flute    bg=  crowd-noise snr=  +10dB  | midi: gt=69 pred=64 ❌  | spn: gt=A4 pred=C6 ❌  | doremi: gt=la pred=fa# ❌  | hz: gt=440.0 pred=415.3 ❌
    [  79/240] G5   clarinet bg=  crowd-noise snr=  +10dB  | midi: gt=79 pred=64 ❌  | spn: gt=G5 pred=C6 ❌  | doremi: gt=sol pred=sol ✅  | hz: gt=783.9909 pred=480.0 ❌
    [  80/240] E6   sawtooth bg=  crowd-noise snr=  +10dB  | midi: gt=88 pred=64 ❌  | spn: gt=E6 pred=C6 ❌  | doremi: gt=mi pred=fa# ❌  | hz: gt=1318.5102 pred=1058.43 ❌
    [  81/240] F#1  flute    bg=oscillating-high-and-low-pitches snr=  -12dB  | midi: gt=30 pred=63 ❌  | spn: gt=F#1 pred=C6 ❌  | doremi: gt=fa# pred=fa# ✅  | hz: gt=46.2493 pred=1058.47 ❌
    [  82/240] C2   sawtooth bg=oscillating-high-and-low-pitches snr=  -12dB  | midi: gt=36 pred=84 ❌  | spn: gt=C2 pred=C6 ❌  | doremi: gt=do pred=fa# ❌  | hz: gt=65.4064 pred=1024.0 ❌
    [  83/240] G2   clarinet bg=oscillating-high-and-low-pitches snr=  -12dB  | midi: gt=43 pred=63 ❌  | spn: gt=G2 pred=C6 ❌  | doremi: gt=sol pred=fa# ❌  | hz: gt=97.9989 pred=1058.47 ❌
    [  84/240] C3   violin   bg=oscillating-high-and-low-pitches snr=  -12dB  | midi: gt=48 pred=63 ❌  | spn: gt=C3 pred=C6 ❌  | doremi: gt=do pred=fa# ❌  | hz: gt=130.8128 pred=415.0 ❌
    [  85/240] F#3  trumpet  bg=oscillating-high-and-low-pitches snr=  -12dB  | midi: gt=54 pred=65 ❌  | spn: gt=F#3 pred=C6 ❌  | doremi: gt=fa# pred=fa# ✅  | hz: gt=184.9972 pred=1058.43 ❌
    [  86/240] C4   square   bg=oscillating-high-and-low-pitches snr=  -12dB  | midi: gt=60 pred=69 ❌  | spn: gt=C4 pred=C6 ❌  | doremi: gt=do pred=fa# ❌  | hz: gt=261.6256 pred=1024.0 ❌
    [  87/240] E4   guitar   bg=oscillating-high-and-low-pitches snr=  -12dB  | midi: gt=64 pred=64 ✅  | spn: gt=E4 pred=C6 ❌  | doremi: gt=mi pred=sol# ❌  | hz: gt=329.6276 pred=1058.47 ❌
    [  88/240] A4   voice    bg=oscillating-high-and-low-pitches snr=  -12dB  | midi: gt=69 pred=64 ❌  | spn: gt=A4 pred=C6 ❌  | doremi: gt=la pred=fa# ❌  | hz: gt=440.0 pred=1050.0 ❌
    [  89/240] G5   clarinet bg=oscillating-high-and-low-pitches snr=  -12dB  | midi: gt=79 pred=63 ❌  | spn: gt=G5 pred=C6 ❌  | doremi: gt=sol pred=fa# ❌  | hz: gt=783.9909 pred=1058.47 ❌
    [  90/240] E6   guitar   bg=oscillating-high-and-low-pitches snr=  -12dB  | midi: gt=88 pred=63 ❌  | spn: gt=E6 pred=C6 ❌  | doremi: gt=mi pred=fa# ❌  | hz: gt=1318.5102 pred=1058.43 ❌
    [  91/240] F#1  bass     bg=oscillating-high-and-low-pitches snr=   -6dB  | midi: gt=30 pred=63 ❌  | spn: gt=F#1 pred=C6 ❌  | doremi: gt=fa# pred=fa# ✅  | hz: gt=46.2493 pred=1058.43 ❌
    [  92/240] C2   violin   bg=oscillating-high-and-low-pitches snr=   -6dB  | midi: gt=36 pred=63 ❌  | spn: gt=C2 pred=C6 ❌  | doremi: gt=do pred=fa# ❌  | hz: gt=65.4064 pred=415.0 ❌
    [  93/240] G2   organ    bg=oscillating-high-and-low-pitches snr=   -6dB  | midi: gt=43 pred=63 ❌  | spn: gt=G2 pred=C6 ❌  | doremi: gt=sol pred=sol ✅  | hz: gt=97.9989 pred=1058.47 ❌
    [  94/240] C3   piano    bg=oscillating-high-and-low-pitches snr=   -6dB  | midi: gt=48 pred=64 ❌  | spn: gt=C3 pred=C6 ❌  | doremi: gt=do pred=fa# ❌  | hz: gt=130.8128 pred=480.0 ❌
    [  95/240] F#3  trumpet  bg=oscillating-high-and-low-pitches snr=   -6dB  | midi: gt=54 pred=65 ❌  | spn: gt=F#3 pred=C6 ❌  | doremi: gt=fa# pred=sol ❌  | hz: gt=184.9972 pred=480.0 ❌
    [  96/240] C4   piano    bg=oscillating-high-and-low-pitches snr=   -6dB  | midi: gt=60 pred=63 ❌  | spn: gt=C4 pred=C6 ❌  | doremi: gt=do pred=fa# ❌  | hz: gt=261.6256 pred=1058.47 ❌
    [  97/240] E4   flute    bg=oscillating-high-and-low-pitches snr=   -6dB  | midi: gt=64 pred=69 ❌  | spn: gt=E4 pred=C6 ❌  | doremi: gt=mi pred=fa# ❌  | hz: gt=329.6276 pred=1058.47 ❌
    [  98/240] A4   synth_pad bg=oscillating-high-and-low-pitches snr=   -6dB  | midi: gt=69 pred=69 ✅  | spn: gt=A4 pred=C6 ❌  | doremi: gt=la pred=fa# ❌  | hz: gt=440.0 pred=415.3 ❌
    [  99/240] G5   synth_pad bg=oscillating-high-and-low-pitches snr=   -6dB  | midi: gt=79 pred=69 ❌  | spn: gt=G5 pred=C6 ❌  | doremi: gt=sol pred=fa# ❌  | hz: gt=783.9909 pred=1058.47 ❌
    [ 100/240] E6   trumpet  bg=oscillating-high-and-low-pitches snr=   -6dB  | midi: gt=88 pred=69 ❌  | spn: gt=E6 pred=C6 ❌  | doremi: gt=mi pred=fa# ❌  | hz: gt=1318.5102 pred=1058.47 ❌
    [ 101/240] F#1  voice    bg=oscillating-high-and-low-pitches snr=   +0dB  | midi: gt=30 pred=63 ❌  | spn: gt=F#1 pred=C6 ❌  | doremi: gt=fa# pred=fa# ✅  | hz: gt=46.2493 pred=415.0 ❌
    [ 102/240] C2   cello    bg=oscillating-high-and-low-pitches snr=   +0dB  | midi: gt=36 pred=63 ❌  | spn: gt=C2 pred=C6 ❌  | doremi: gt=do pred=fa# ❌  | hz: gt=65.4064 pred=1058.47 ❌
    [ 103/240] G2   voice    bg=oscillating-high-and-low-pitches snr=   +0dB  | midi: gt=43 pred=63 ❌  | spn: gt=G2 pred=C6 ❌  | doremi: gt=sol pred=fa# ❌  | hz: gt=97.9989 pred=415.3 ❌
    [ 104/240] C3   violin   bg=oscillating-high-and-low-pitches snr=   +0dB  | midi: gt=48 pred=64 ❌  | spn: gt=C3 pred=C6 ❌  | doremi: gt=do pred=fa# ❌  | hz: gt=130.8128 pred=415.0 ❌
    [ 105/240] F#3  oboe     bg=oscillating-high-and-low-pitches snr=   +0dB  | midi: gt=54 pred=65 ❌  | spn: gt=F#3 pred=C6 ❌  | doremi: gt=fa# pred=fa# ✅  | hz: gt=184.9972 pred=1058.47 ❌
    [ 106/240] C4   flute    bg=oscillating-high-and-low-pitches snr=   +0dB  | midi: gt=60 pred=63 ❌  | spn: gt=C4 pred=C6 ❌  | doremi: gt=do pred=sol ❌  | hz: gt=261.6256 pred=1200.0 ❌
    [ 107/240] E4   piano    bg=oscillating-high-and-low-pitches snr=   +0dB  | midi: gt=64 pred=69 ❌  | spn: gt=E4 pred=C6 ❌  | doremi: gt=mi pred=sol# ❌  | hz: gt=329.6276 pred=480.0 ❌
    [ 108/240] A4   synth_lead bg=oscillating-high-and-low-pitches snr=   +0dB  | midi: gt=69 pred=69 ✅  | spn: gt=A4 pred=C6 ❌  | doremi: gt=la pred=fa# ❌  | hz: gt=440.0 pred=415.3 ❌
    [ 109/240] G5   bass     bg=oscillating-high-and-low-pitches snr=   +0dB  | midi: gt=79 pred=68 ❌  | spn: gt=G5 pred=C6 ❌  | doremi: gt=sol pred=fa# ❌  | hz: gt=783.9909 pred=1058.43 ❌
    [ 110/240] E6   square   bg=oscillating-high-and-low-pitches snr=   +0dB  | midi: gt=88 pred=84 ❌  | spn: gt=E6 pred=C6 ❌  | doremi: gt=mi pred=fa# ❌  | hz: gt=1318.5102 pred=1050.0 ❌
    [ 111/240] F#1  sawtooth bg=oscillating-high-and-low-pitches snr=  +10dB  | midi: gt=30 pred=48 ❌  | spn: gt=F#1 pred=C6 ❌  | doremi: gt=fa# pred=fa# ✅  | hz: gt=46.2493 pred=1058.47 ❌
    [ 112/240] C2   triangle bg=oscillating-high-and-low-pitches snr=  +10dB  | midi: gt=36 pred=63 ❌  | spn: gt=C2 pred=C6 ❌  | doremi: gt=do pred=fa# ❌  | hz: gt=65.4064 pred=1058.47 ❌
    [ 113/240] G2   piano    bg=oscillating-high-and-low-pitches snr=  +10dB  | midi: gt=43 pred=63 ❌  | spn: gt=G2 pred=C6 ❌  | doremi: gt=sol pred=sol# ❌  | hz: gt=97.9989 pred=1058.47 ❌
    [ 114/240] C3   electric_keyboard bg=oscillating-high-and-low-pitches snr=  +10dB  | midi: gt=48 pred=63 ❌  | spn: gt=C3 pred=C6 ❌  | doremi: gt=do pred=fa# ❌  | hz: gt=130.8128 pred=480.0 ❌
    [ 115/240] F#3  cello    bg=oscillating-high-and-low-pitches snr=  +10dB  | midi: gt=54 pred=65 ❌  | spn: gt=F#3 pred=C6 ❌  | doremi: gt=fa# pred=sol# ❌  | hz: gt=184.9972 pred=480.0 ❌
    [ 116/240] C4   square   bg=oscillating-high-and-low-pitches snr=  +10dB  | midi: gt=60 pred=64 ❌  | spn: gt=C4 pred=C6 ❌  | doremi: gt=do pred=fa# ❌  | hz: gt=261.6256 pred=480.0 ❌
    [ 117/240] E4   violin   bg=oscillating-high-and-low-pitches snr=  +10dB  | midi: gt=64 pred=64 ✅  | spn: gt=E4 pred=C6 ❌  | doremi: gt=mi pred=fa# ❌  | hz: gt=329.6276 pred=480.0 ❌
    [ 118/240] A4   violin   bg=oscillating-high-and-low-pitches snr=  +10dB  | midi: gt=69 pred=69 ✅  | spn: gt=A4 pred=C6 ❌  | doremi: gt=la pred=sol ❌  | hz: gt=440.0 pred=460.0 ❌
    [ 119/240] G5   organ    bg=oscillating-high-and-low-pitches snr=  +10dB  | midi: gt=79 pred=63 ❌  | spn: gt=G5 pred=C6 ❌  | doremi: gt=sol pred=sol ✅  | hz: gt=783.9909 pred=480.0 ❌
    [ 120/240] E6   synth_lead bg=oscillating-high-and-low-pitches snr=  +10dB  | midi: gt=88 pred=69 ❌  | spn: gt=E6 pred=C6 ❌  | doremi: gt=mi pred=fa# ❌  | hz: gt=1318.5102 pred=1058.47 ❌
    [ 121/240] F#1  trumpet  bg=         rain snr=  -12dB  | midi: gt=30 pred=64 ❌  | spn: gt=F#1 pred=C6 ❌  | doremi: gt=fa# pred=sol ❌  | hz: gt=46.2493 pred=1050.0 ❌
    [ 122/240] G2   sine     bg=         rain snr=  -12dB  | midi: gt=43 pred=64 ❌  | spn: gt=G2 pred=C6 ❌  | doremi: gt=sol pred=sol ✅  | hz: gt=97.9989 pred=480.0 ❌
    [ 123/240] C2   synth_pad bg=         rain snr=  -12dB  | midi: gt=36 pred=64 ❌  | spn: gt=C2 pred=C6 ❌  | doremi: gt=do pred=sol ❌  | hz: gt=65.4064 pred=415.306 ❌
    [ 124/240] C3   triangle bg=         rain snr=  -12dB  | midi: gt=48 pred=64 ❌  | spn: gt=C3 pred=C6 ❌  | doremi: gt=do pred=sol ❌  | hz: gt=130.8128 pred=480.0 ❌
    [ 125/240] F#3  synth_pad bg=         rain snr=  -12dB  | midi: gt=54 pred=64 ❌  | spn: gt=F#3 pred=C6 ❌  | doremi: gt=fa# pred=sol ❌  | hz: gt=184.9972 pred=415.306 ❌
    [ 126/240] C4   trumpet  bg=         rain snr=  -12dB  | midi: gt=60 pred=64 ❌  | spn: gt=C4 pred=C6 ❌  | doremi: gt=do pred=sol ❌  | hz: gt=261.6256 pred=480.0 ❌
    [ 127/240] E4   clarinet bg=         rain snr=  -12dB  | midi: gt=64 pred=64 ✅  | spn: gt=E4 pred=C6 ❌  | doremi: gt=mi pred=sol ❌  | hz: gt=329.6276 pred=480.0 ❌
    [ 128/240] A4   triangle bg=         rain snr=  -12dB  | midi: gt=69 pred=64 ❌  | spn: gt=A4 pred=C6 ❌  | doremi: gt=la pred=sol ❌  | hz: gt=440.0 pred=480.0 ❌
    [ 129/240] G5   trombone bg=         rain snr=  -12dB  | midi: gt=79 pred=64 ❌  | spn: gt=G5 pred=C6 ❌  | doremi: gt=sol pred=sol ✅  | hz: gt=783.9909 pred=480.0 ❌
    [ 130/240] E6   cello    bg=         rain snr=  -12dB  | midi: gt=88 pred=64 ❌  | spn: gt=E6 pred=C6 ❌  | doremi: gt=mi pred=sol ❌  | hz: gt=1318.5102 pred=480.0 ❌
    [ 131/240] F#1  electric_keyboard bg=         rain snr=   -6dB  | midi: gt=30 pred=64 ❌  | spn: gt=F#1 pred=C6 ❌  | doremi: gt=fa# pred=sol ❌  | hz: gt=46.2493 pred=415.306 ❌
    [ 132/240] C2   organ    bg=         rain snr=   -6dB  | midi: gt=36 pred=64 ❌  | spn: gt=C2 pred=C6 ❌  | doremi: gt=do pred=sol ❌  | hz: gt=65.4064 pred=480.0 ❌
    [ 133/240] G2   sine     bg=         rain snr=   -6dB  | midi: gt=43 pred=64 ❌  | spn: gt=G2 pred=C6 ❌  | doremi: gt=sol pred=sol ✅  | hz: gt=97.9989 pred=480.0 ❌
    [ 134/240] C3   trumpet  bg=         rain snr=   -6dB  | midi: gt=48 pred=64 ❌  | spn: gt=C3 pred=C6 ❌  | doremi: gt=do pred=sol ❌  | hz: gt=130.8128 pred=480.0 ❌
    [ 135/240] F#3  synth_lead bg=         rain snr=   -6dB  | midi: gt=54 pred=64 ❌  | spn: gt=F#3 pred=C6 ❌  | doremi: gt=fa# pred=sol ❌  | hz: gt=184.9972 pred=480.0 ❌
    [ 136/240] C4   electric_keyboard bg=         rain snr=   -6dB  | midi: gt=60 pred=64 ❌  | spn: gt=C4 pred=C6 ❌  | doremi: gt=do pred=sol ❌  | hz: gt=261.6256 pred=415.0 ❌
    [ 137/240] E4   synth_lead bg=         rain snr=   -6dB  | midi: gt=64 pred=64 ✅  | spn: gt=E4 pred=C6 ❌  | doremi: gt=mi pred=sol ❌  | hz: gt=329.6276 pred=415.306 ❌
    [ 138/240] A4   triangle bg=         rain snr=   -6dB  | midi: gt=69 pred=64 ❌  | spn: gt=A4 pred=C6 ❌  | doremi: gt=la pred=sol ❌  | hz: gt=440.0 pred=480.0 ❌
    [ 139/240] G5   trombone bg=         rain snr=   -6dB  | midi: gt=79 pred=64 ❌  | spn: gt=G5 pred=C6 ❌  | doremi: gt=sol pred=sol ✅  | hz: gt=783.9909 pred=480.0 ❌
    [ 140/240] E6   synth_lead bg=         rain snr=   -6dB  | midi: gt=88 pred=64 ❌  | spn: gt=E6 pred=C6 ❌  | doremi: gt=mi pred=sol ❌  | hz: gt=1318.5102 pred=480.0 ❌
    [ 141/240] C2   piano    bg=         rain snr=   +0dB  | midi: gt=36 pred=64 ❌  | spn: gt=C2 pred=C6 ❌  | doremi: gt=do pred=fa# ❌  | hz: gt=65.4064 pred=1050.0 ❌
    [ 142/240] F#1  guitar   bg=         rain snr=   +0dB  | midi: gt=30 pred=64 ❌  | spn: gt=F#1 pred=C6 ❌  | doremi: gt=fa# pred=sol ❌  | hz: gt=46.2493 pred=415.306 ❌
    [ 143/240] C3   electric_keyboard bg=         rain snr=   +0dB  | midi: gt=48 pred=64 ❌  | spn: gt=C3 pred=C6 ❌  | doremi: gt=do pred=sol ❌  | hz: gt=130.8128 pred=415.0 ❌
    [ 144/240] G2   oboe     bg=         rain snr=   +0dB  | midi: gt=43 pred=64 ❌  | spn: gt=G2 pred=C6 ❌  | doremi: gt=sol pred=sol ✅  | hz: gt=97.9989 pred=415.306 ❌
    [ 145/240] F#3  synth_pad bg=         rain snr=   +0dB  | midi: gt=54 pred=64 ❌  | spn: gt=F#3 pred=C6 ❌  | doremi: gt=fa# pred=sol ❌  | hz: gt=184.9972 pred=415.306 ❌
    [ 146/240] C4   synth_lead bg=         rain snr=   +0dB  | midi: gt=60 pred=64 ❌  | spn: gt=C4 pred=C6 ❌  | doremi: gt=do pred=sol ❌  | hz: gt=261.6256 pred=415.306 ❌
    [ 147/240] E4   sine     bg=         rain snr=   +0dB  | midi: gt=64 pred=64 ✅  | spn: gt=E4 pred=C6 ❌  | doremi: gt=mi pred=sol ❌  | hz: gt=329.6276 pred=415.306 ❌
    [ 148/240] A4   clarinet bg=         rain snr=   +0dB  | midi: gt=69 pred=64 ❌  | spn: gt=A4 pred=C6 ❌  | doremi: gt=la pred=sol ❌  | hz: gt=440.0 pred=415.306 ❌
    [ 149/240] G5   bass     bg=         rain snr=   +0dB  | midi: gt=79 pred=64 ❌  | spn: gt=G5 pred=C6 ❌  | doremi: gt=sol pred=sol ✅  | hz: gt=783.9909 pred=480.0 ❌
    [ 150/240] E6   sine     bg=         rain snr=   +0dB  | midi: gt=88 pred=64 ❌  | spn: gt=E6 pred=C6 ❌  | doremi: gt=mi pred=sol ❌  | hz: gt=1318.5102 pred=480.0 ❌
    [ 151/240] F#1  triangle bg=         rain snr=  +10dB  | midi: gt=30 pred=64 ❌  | spn: gt=F#1 pred=C6 ❌  | doremi: gt=fa# pred=sol ❌  | hz: gt=46.2493 pred=480.0 ❌
    [ 152/240] C2   oboe     bg=         rain snr=  +10dB  | midi: gt=36 pred=64 ❌  | spn: gt=C2 pred=C6 ❌  | doremi: gt=do pred=sol ❌  | hz: gt=65.4064 pred=1050.0 ❌
    [ 153/240] C3   flute    bg=         rain snr=  +10dB  | midi: gt=48 pred=64 ❌  | spn: gt=C3 pred=C6 ❌  | doremi: gt=do pred=sol ❌  | hz: gt=130.8128 pred=1050.0 ❌
    [ 154/240] G2   trombone bg=         rain snr=  +10dB  | midi: gt=43 pred=64 ❌  | spn: gt=G2 pred=C6 ❌  | doremi: gt=sol pred=sol ✅  | hz: gt=97.9989 pred=107.65 ❌
    [ 155/240] F#3  sawtooth bg=         rain snr=  +10dB  | midi: gt=54 pred=64 ❌  | spn: gt=F#3 pred=C6 ❌  | doremi: gt=fa# pred=sol ❌  | hz: gt=184.9972 pred=1050.0 ❌
    [ 156/240] C4   flute    bg=         rain snr=  +10dB  | midi: gt=60 pred=64 ❌  | spn: gt=C4 pred=C6 ❌  | doremi: gt=do pred=sol ❌  | hz: gt=261.6256 pred=415.306 ❌
    [ 157/240] E4   voice    bg=         rain snr=  +10dB  | midi: gt=64 pred=64 ✅  | spn: gt=E4 pred=C6 ❌  | doremi: gt=mi pred=sol ❌  | hz: gt=329.6276 pred=415.0 ❌
    [ 158/240] A4   square   bg=         rain snr=  +10dB  | midi: gt=69 pred=64 ❌  | spn: gt=A4 pred=C6 ❌  | doremi: gt=la pred=sol ❌  | hz: gt=440.0 pred=415.3 ❌
    [ 159/240] G5   square   bg=         rain snr=  +10dB  | midi: gt=79 pred=64 ❌  | spn: gt=G5 pred=C6 ❌  | doremi: gt=sol pred=sol ✅  | hz: gt=783.9909 pred=415.3 ❌
    [ 160/240] E6   bass     bg=         rain snr=  +10dB  | midi: gt=88 pred=64 ❌  | spn: gt=E6 pred=C6 ❌  | doremi: gt=mi pred=sol ❌  | hz: gt=1318.5102 pred=415.306 ❌
    [ 161/240] F#1  square   bg= street-noise snr=  -12dB  | midi: gt=30 pred=64 ❌  | spn: gt=F#1 pred=C6 ❌  | doremi: gt=fa# pred=sol ❌  | hz: gt=46.2493 pred=415.0 ❌
    [ 162/240] C2   synth_pad bg= street-noise snr=  -12dB  | midi: gt=36 pred=64 ❌  | spn: gt=C2 pred=C6 ❌  | doremi: gt=do pred=sol ❌  | hz: gt=65.4064 pred=415.32 ❌
    [ 163/240] G2   piano    bg= street-noise snr=  -12dB  | midi: gt=43 pred=64 ❌  | spn: gt=G2 pred=C6 ❌  | doremi: gt=sol pred=sol ✅  | hz: gt=97.9989 pred=415.0 ❌
    [ 164/240] C3   piano    bg= street-noise snr=  -12dB  | midi: gt=48 pred=64 ❌  | spn: gt=C3 pred=C6 ❌  | doremi: gt=do pred=sol ❌  | hz: gt=130.8128 pred=415.0 ❌
    [ 165/240] C4   synth_pad bg= street-noise snr=  -12dB  | midi: gt=60 pred=64 ❌  | spn: gt=C4 pred=C6 ❌  | doremi: gt=do pred=sol ❌  | hz: gt=261.6256 pred=415.0 ❌
    [ 166/240] F#3  bass     bg= street-noise snr=  -12dB  | midi: gt=54 pred=64 ❌  | spn: gt=F#3 pred=C6 ❌  | doremi: gt=fa# pred=sol ❌  | hz: gt=184.9972 pred=415.0 ❌
    [ 167/240] A4   trumpet  bg= street-noise snr=  -12dB  | midi: gt=69 pred=64 ❌  | spn: gt=A4 pred=C6 ❌  | doremi: gt=la pred=sol ❌  | hz: gt=440.0 pred=415.0 ❌
    [ 168/240] E4   electric_keyboard bg= street-noise snr=  -12dB  | midi: gt=64 pred=64 ✅  | spn: gt=E4 pred=C6 ❌  | doremi: gt=mi pred=sol ❌  | hz: gt=329.6276 pred=415.0 ❌
    [ 169/240] G5   synth_lead bg= street-noise snr=  -12dB  | midi: gt=79 pred=64 ❌  | spn: gt=G5 pred=C6 ❌  | doremi: gt=sol pred=sol ✅  | hz: gt=783.9909 pred=415.0 ❌
    [ 170/240] E6   cello    bg= street-noise snr=  -12dB  | midi: gt=88 pred=64 ❌  | spn: gt=E6 pred=C6 ❌  | doremi: gt=mi pred=sol ❌  | hz: gt=1318.5102 pred=415.0 ❌
    [ 171/240] F#1  guitar   bg= street-noise snr=   -6dB  | midi: gt=30 pred=64 ❌  | spn: gt=F#1 pred=C6 ❌  | doremi: gt=fa# pred=sol ❌  | hz: gt=46.2493 pred=415.0 ❌
    [ 172/240] C2   synth_pad bg= street-noise snr=   -6dB  | midi: gt=36 pred=64 ❌  | spn: gt=C2 pred=C6 ❌  | doremi: gt=do pred=sol ❌  | hz: gt=65.4064 pred=415.0 ❌
    [ 173/240] G2   guitar   bg= street-noise snr=   -6dB  | midi: gt=43 pred=64 ❌  | spn: gt=G2 pred=C6 ❌  | doremi: gt=sol pred=sol ✅  | hz: gt=97.9989 pred=415.0 ❌
    [ 174/240] C3   trombone bg= street-noise snr=   -6dB  | midi: gt=48 pred=64 ❌  | spn: gt=C3 pred=C6 ❌  | doremi: gt=do pred=sol ❌  | hz: gt=130.8128 pred=415.0 ❌
    [ 175/240] F#3  violin   bg= street-noise snr=   -6dB  | midi: gt=54 pred=64 ❌  | spn: gt=F#3 pred=C6 ❌  | doremi: gt=fa# pred=sol ❌  | hz: gt=184.9972 pred=415.0 ❌
    [ 176/240] C4   oboe     bg= street-noise snr=   -6dB  | midi: gt=60 pred=64 ❌  | spn: gt=C4 pred=C6 ❌  | doremi: gt=do pred=sol ❌  | hz: gt=261.6256 pred=415.0 ❌
    [ 177/240] E4   organ    bg= street-noise snr=   -6dB  | midi: gt=64 pred=64 ✅  | spn: gt=E4 pred=C6 ❌  | doremi: gt=mi pred=sol ❌  | hz: gt=329.6276 pred=415.0 ❌
    [ 178/240] A4   synth_lead bg= street-noise snr=   -6dB  | midi: gt=69 pred=64 ❌  | spn: gt=A4 pred=C6 ❌  | doremi: gt=la pred=sol ❌  | hz: gt=440.0 pred=415.0 ❌
    [ 179/240] G5   organ    bg= street-noise snr=   -6dB  | midi: gt=79 pred=64 ❌  | spn: gt=G5 pred=C6 ❌  | doremi: gt=sol pred=sol ✅  | hz: gt=783.9909 pred=415.0 ❌
    [ 180/240] E6   triangle bg= street-noise snr=   -6dB  | midi: gt=88 pred=64 ❌  | spn: gt=E6 pred=C6 ❌  | doremi: gt=mi pred=sol ❌  | hz: gt=1318.5102 pred=415.0 ❌
    [ 181/240] F#1  flute    bg= street-noise snr=   +0dB  | midi: gt=30 pred=64 ❌  | spn: gt=F#1 pred=C6 ❌  | doremi: gt=fa# pred=sol ❌  | hz: gt=46.2493 pred=415.0 ❌
    [ 182/240] C2   flute    bg= street-noise snr=   +0dB  | midi: gt=36 pred=64 ❌  | spn: gt=C2 pred=C6 ❌  | doremi: gt=do pred=sol ❌  | hz: gt=65.4064 pred=415.0 ❌
    [ 183/240] G2   square   bg= street-noise snr=   +0dB  | midi: gt=43 pred=64 ❌  | spn: gt=G2 pred=C6 ❌  | doremi: gt=sol pred=sol ✅  | hz: gt=97.9989 pred=415.0 ❌
    [ 184/240] C3   clarinet bg= street-noise snr=   +0dB  | midi: gt=48 pred=64 ❌  | spn: gt=C3 pred=C6 ❌  | doremi: gt=do pred=sol ❌  | hz: gt=130.8128 pred=415.0 ❌
    [ 185/240] F#3  sine     bg= street-noise snr=   +0dB  | midi: gt=54 pred=64 ❌  | spn: gt=F#3 pred=C6 ❌  | doremi: gt=fa# pred=sol ❌  | hz: gt=184.9972 pred=415.0 ❌
    [ 186/240] C4   voice    bg= street-noise snr=   +0dB  | midi: gt=60 pred=64 ❌  | spn: gt=C4 pred=C6 ❌  | doremi: gt=do pred=sol ❌  | hz: gt=261.6256 pred=415.0 ❌
    [ 187/240] A4   flute    bg= street-noise snr=   +0dB  | midi: gt=69 pred=64 ❌  | spn: gt=A4 pred=C6 ❌  | doremi: gt=la pred=sol ❌  | hz: gt=440.0 pred=415.0 ❌
    [ 188/240] E4   synth_pad bg= street-noise snr=   +0dB  | midi: gt=64 pred=64 ✅  | spn: gt=E4 pred=C6 ❌  | doremi: gt=mi pred=sol ❌  | hz: gt=329.6276 pred=415.32 ❌
    [ 189/240] E6   flute    bg= street-noise snr=   +0dB  | midi: gt=88 pred=64 ❌  | spn: gt=E6 pred=C6 ❌  | doremi: gt=mi pred=sol ❌  | hz: gt=1318.5102 pred=415.0 ❌
    [ 190/240] G5   voice    bg= street-noise snr=   +0dB  | midi: gt=79 pred=64 ❌  | spn: gt=G5 pred=C6 ❌  | doremi: gt=sol pred=sol ✅  | hz: gt=783.9909 pred=415.0 ❌
    [ 191/240] C2   square   bg= street-noise snr=  +10dB  | midi: gt=36 pred=64 ❌  | spn: gt=C2 pred=C6 ❌  | doremi: gt=do pred=fa# ❌  | hz: gt=65.4064 pred=1050.0 ❌
    [ 192/240] F#1  sine     bg= street-noise snr=  +10dB  | midi: gt=30 pred=64 ❌  | spn: gt=F#1 pred=C6 ❌  | doremi: gt=fa# pred=sol ❌  | hz: gt=46.2493 pred=415.0 ❌
    [ 193/240] C3   flute    bg= street-noise snr=  +10dB  | midi: gt=48 pred=64 ❌  | spn: gt=C3 pred=C6 ❌  | doremi: gt=do pred=sol ❌  | hz: gt=130.8128 pred=405.0 ❌
    [ 194/240] G2   sawtooth bg= street-noise snr=  +10dB  | midi: gt=43 pred=64 ❌  | spn: gt=G2 pred=C6 ❌  | doremi: gt=sol pred=fa# ❌  | hz: gt=97.9989 pred=1050.0 ❌
    [ 195/240] F#3  square   bg= street-noise snr=  +10dB  | midi: gt=54 pred=64 ❌  | spn: gt=F#3 pred=C6 ❌  | doremi: gt=fa# pred=fa# ✅  | hz: gt=184.9972 pred=1050.0 ❌
    [ 196/240] C4   sawtooth bg= street-noise snr=  +10dB  | midi: gt=60 pred=64 ❌  | spn: gt=C4 pred=C6 ❌  | doremi: gt=do pred=fa# ❌  | hz: gt=261.6256 pred=1050.0 ❌
    [ 197/240] E4   clarinet bg= street-noise snr=  +10dB  | midi: gt=64 pred=64 ✅  | spn: gt=E4 pred=C6 ❌  | doremi: gt=mi pred=sol ❌  | hz: gt=329.6276 pred=415.306 ❌
    [ 198/240] A4   square   bg= street-noise snr=  +10dB  | midi: gt=69 pred=64 ❌  | spn: gt=A4 pred=C6 ❌  | doremi: gt=la pred=fa# ❌  | hz: gt=440.0 pred=1073.645829 ❌
    [ 199/240] G5   synth_lead bg= street-noise snr=  +10dB  | midi: gt=79 pred=64 ❌  | spn: gt=G5 pred=C6 ❌  | doremi: gt=sol pred=sol ✅  | hz: gt=783.9909 pred=405.0 ❌
    [ 200/240] E6   flute    bg= street-noise snr=  +10dB  | midi: gt=88 pred=64 ❌  | spn: gt=E6 pred=C6 ❌  | doremi: gt=mi pred=sol ❌  | hz: gt=1318.5102 pred=415.32 ❌
    [ 201/240] F#1  trumpet  bg=  white_noise snr=  -12dB  | midi: gt=30 pred=64 ❌  | spn: gt=F#1 pred=C6 ❌  | doremi: gt=fa# pred=fa# ✅  | hz: gt=46.2493 pred=1050.0 ❌
    [ 202/240] C2   bass     bg=  white_noise snr=  -12dB  | midi: gt=36 pred=64 ❌  | spn: gt=C2 pred=C6 ❌  | doremi: gt=do pred=fa# ❌  | hz: gt=65.4064 pred=1000.0 ❌
    [ 203/240] G2   guitar   bg=  white_noise snr=  -12dB  | midi: gt=43 pred=64 ❌  | spn: gt=G2 pred=C6 ❌  | doremi: gt=sol pred=fa# ❌  | hz: gt=97.9989 pred=1050.0 ❌
    [ 204/240] F#3  piano    bg=  white_noise snr=  -12dB  | midi: gt=54 pred=64 ❌  | spn: gt=F#3 pred=C6 ❌  | doremi: gt=fa# pred=fa# ✅  | hz: gt=184.9972 pred=1050.0 ❌
    [ 205/240] C3   synth_pad bg=  white_noise snr=  -12dB  | midi: gt=48 pred=64 ❌  | spn: gt=C3 pred=C6 ❌  | doremi: gt=do pred=fa# ❌  | hz: gt=130.8128 pred=1050.0 ❌
    [ 206/240] E4   voice    bg=  white_noise snr=  -12dB  | midi: gt=64 pred=64 ✅  | spn: gt=E4 pred=C6 ❌  | doremi: gt=mi pred=fa# ❌  | hz: gt=329.6276 pred=1050.0 ❌
    [ 207/240] C4   voice    bg=  white_noise snr=  -12dB  | midi: gt=60 pred=64 ❌  | spn: gt=C4 pred=C6 ❌  | doremi: gt=do pred=fa# ❌  | hz: gt=261.6256 pred=1050.0 ❌
    [ 208/240] G5   flute    bg=  white_noise snr=  -12dB  | midi: gt=79 pred=64 ❌  | spn: gt=G5 pred=C6 ❌  | doremi: gt=sol pred=fa# ❌  | hz: gt=783.9909 pred=1000.0 ❌
    [ 209/240] A4   bass     bg=  white_noise snr=  -12dB  | midi: gt=69 pred=64 ❌  | spn: gt=A4 pred=C6 ❌  | doremi: gt=la pred=fa# ❌  | hz: gt=440.0 pred=1050.0 ❌
    [ 210/240] F#1  cello    bg=  white_noise snr=   -6dB  | midi: gt=30 pred=64 ❌  | spn: gt=F#1 pred=C6 ❌  | doremi: gt=fa# pred=fa# ✅  | hz: gt=46.2493 pred=1050.0 ❌
    [ 211/240] E6   bass     bg=  white_noise snr=  -12dB  | midi: gt=88 pred=64 ❌  | spn: gt=E6 pred=C6 ❌  | doremi: gt=mi pred=fa# ❌  | hz: gt=1318.5102 pred=1052.63 ❌
    [ 212/240] C2   guitar   bg=  white_noise snr=   -6dB  | midi: gt=36 pred=64 ❌  | spn: gt=C2 pred=C6 ❌  | doremi: gt=do pred=fa# ❌  | hz: gt=65.4064 pred=1050.0 ❌
    [ 213/240] G2   triangle bg=  white_noise snr=   -6dB  | midi: gt=43 pred=64 ❌  | spn: gt=G2 pred=C6 ❌  | doremi: gt=sol pred=fa# ❌  | hz: gt=97.9989 pred=1050.0 ❌
    [ 214/240] C3   triangle bg=  white_noise snr=   -6dB  | midi: gt=48 pred=64 ❌  | spn: gt=C3 pred=C6 ❌  | doremi: gt=do pred=fa# ❌  | hz: gt=130.8128 pred=1050.0 ❌
    [ 215/240] F#3  cello    bg=  white_noise snr=   -6dB  | midi: gt=54 pred=64 ❌  | spn: gt=F#3 pred=C6 ❌  | doremi: gt=fa# pred=fa# ✅  | hz: gt=184.9972 pred=1050.0 ❌
    [ 216/240] C4   oboe     bg=  white_noise snr=   -6dB  | midi: gt=60 pred=64 ❌  | spn: gt=C4 pred=C6 ❌  | doremi: gt=do pred=fa# ❌  | hz: gt=261.6256 pred=1050.0 ❌
    [ 217/240] E4   cello    bg=  white_noise snr=   -6dB  | midi: gt=64 pred=64 ✅  | spn: gt=E4 pred=C6 ❌  | doremi: gt=mi pred=fa# ❌  | hz: gt=329.6276 pred=1050.0 ❌
    [ 218/240] A4   cello    bg=  white_noise snr=   -6dB  | midi: gt=69 pred=64 ❌  | spn: gt=A4 pred=C6 ❌  | doremi: gt=la pred=fa# ❌  | hz: gt=440.0 pred=1050.0 ❌
    [ 219/240] G5   organ    bg=  white_noise snr=   -6dB  | midi: gt=79 pred=64 ❌  | spn: gt=G5 pred=C6 ❌  | doremi: gt=sol pred=fa# ❌  | hz: gt=783.9909 pred=1050.0 ❌
    [ 220/240] F#1  triangle bg=  white_noise snr=   +0dB  | midi: gt=30 pred=64 ❌  | spn: gt=F#1 pred=C6 ❌  | doremi: gt=fa# pred=fa# ✅  | hz: gt=46.2493 pred=1050.0 ❌
    [ 221/240] E6   sawtooth bg=  white_noise snr=   -6dB  | midi: gt=88 pred=64 ❌  | spn: gt=E6 pred=C6 ❌  | doremi: gt=mi pred=fa# ❌  | hz: gt=1318.5102 pred=1050.0 ❌
    [ 222/240] C2   sawtooth bg=  white_noise snr=   +0dB  | midi: gt=36 pred=64 ❌  | spn: gt=C2 pred=C6 ❌  | doremi: gt=do pred=fa# ❌  | hz: gt=65.4064 pred=1050.0 ❌
    [ 223/240] G2   violin   bg=  white_noise snr=   +0dB  | midi: gt=43 pred=64 ❌  | spn: gt=G2 pred=C6 ❌  | doremi: gt=sol pred=fa# ❌  | hz: gt=97.9989 pred=1052.63 ❌
    [ 224/240] F#3  triangle bg=  white_noise snr=   +0dB  | midi: gt=54 pred=64 ❌  | spn: gt=F#3 pred=C6 ❌  | doremi: gt=fa# pred=fa# ✅  | hz: gt=184.9972 pred=1050.0 ❌
    [ 225/240] C3   clarinet bg=  white_noise snr=   +0dB  | midi: gt=48 pred=64 ❌  | spn: gt=C3 pred=C6 ❌  | doremi: gt=do pred=fa# ❌  | hz: gt=130.8128 pred=1052.63 ❌
    [ 226/240] E4   guitar   bg=  white_noise snr=   +0dB  | midi: gt=64 pred=64 ✅  | spn: gt=E4 pred=C6 ❌  | doremi: gt=mi pred=sol ❌  | hz: gt=329.6276 pred=460.71 ❌
    [ 227/240] C4   flute    bg=  white_noise snr=   +0dB  | midi: gt=60 pred=64 ❌  | spn: gt=C4 pred=C6 ❌  | doremi: gt=do pred=sol ❌  | hz: gt=261.6256 pred=1052.63 ❌
    [ 228/240] A4   guitar   bg=  white_noise snr=   +0dB  | midi: gt=69 pred=68 ❌  | spn: gt=A4 pred=A4 ✅  | doremi: gt=la pred=sol ❌  | hz: gt=440.0 pred=450.0 ❌
    [ 229/240] G5   synth_pad bg=  white_noise snr=   +0dB  | midi: gt=79 pred=64 ❌  | spn: gt=G5 pred=C6 ❌  | doremi: gt=sol pred=fa# ❌  | hz: gt=783.9909 pred=415.0 ❌
    [ 230/240] E6   organ    bg=  white_noise snr=   +0dB  | midi: gt=88 pred=64 ❌  | spn: gt=E6 pred=C6 ❌  | doremi: gt=mi pred=fa# ❌  | hz: gt=1318.5102 pred=1050.0 ❌
    [ 231/240] F#1  piano    bg=  white_noise snr=  +10dB  | midi: gt=30 pred=45 ❌  | spn: gt=F#1 pred=C6 ❌  | doremi: gt=fa# pred=fa# ✅  | hz: gt=46.2493 pred=460.0 ❌
    [ 232/240] C2   cello    bg=  white_noise snr=  +10dB  | midi: gt=36 pred=64 ❌  | spn: gt=C2 pred=C6 ❌  | doremi: gt=do pred=fa# ❌  | hz: gt=65.4064 pred=1050.0 ❌
    [ 233/240] G2   electric_keyboard bg=  white_noise snr=  +10dB  | midi: gt=43 pred=63 ❌  | spn: gt=G2 pred=C6 ❌  | doremi: gt=sol pred=fa# ❌  | hz: gt=97.9989 pred=1050.0 ❌
    [ 234/240] C3   trumpet  bg=  white_noise snr=  +10dB  | midi: gt=48 pred=64 ❌  | spn: gt=C3 pred=C6 ❌  | doremi: gt=do pred=fa# ❌  | hz: gt=130.8128 pred=105.26 ❌
    [ 235/240] F#3  organ    bg=  white_noise snr=  +10dB  | midi: gt=54 pred=64 ❌  | spn: gt=F#3 pred=C6 ❌  | doremi: gt=fa# pred=fa# ✅  | hz: gt=184.9972 pred=1052.63 ❌
    [ 236/240] C4   flute    bg=  white_noise snr=  +10dB  | midi: gt=60 pred=65 ❌  | spn: gt=C4 pred=C4 ✅  | doremi: gt=do pred=fa# ❌  | hz: gt=261.6256 pred=415.3 ❌
    [ 237/240] E4   square   bg=  white_noise snr=  +10dB  | midi: gt=64 pred=64 ✅  | spn: gt=E4 pred=C6 ❌  | doremi: gt=mi pred=fa# ❌  | hz: gt=329.6276 pred=1058.43 ❌
    [ 238/240] A4   organ    bg=  white_noise snr=  +10dB  | midi: gt=69 pred=69 ✅  | spn: gt=A4 pred=C6 ❌  | doremi: gt=la pred=fa# ❌  | hz: gt=440.0 pred=415.0 ❌
    [ 239/240] G5   synth_pad bg=  white_noise snr=  +10dB  | midi: gt=79 pred=64 ❌  | spn: gt=G5 pred=C6 ❌  | doremi: gt=sol pred=fa# ❌  | hz: gt=783.9909 pred=1052.63 ❌
    [ 240/240] E6   triangle bg=  white_noise snr=  +10dB  | midi: gt=88 pred=64 ❌  | spn: gt=E6 pred=C6 ❌  | doremi: gt=mi pred=fa# ❌  | hz: gt=1318.5102 pred=1058.43 ❌

============================================================
SUMMARY — audio_flamingo_next_instruct
  Sampling     : 240 of 4560 (stratified by '(background, snr_db, midi)', seed=42)
  Stimuli (total)     : 240
  Stimuli (condition) : 240  (all records)

  Format   Accuracy
  ──────────────────
    MIDI      11.2%
     SPN       0.8%
  DOREMI      20.0%
      HZ       0.0%
     ANY      12.1%

  *** WARNING: working tree has uncommitted changes — results will NOT be exactly reproducible from git_commit alone ***


Results saved → results/run_20260506_053722/pitchbench_e2_background/run_001_20260506_063135/results_audio_flamingo_next_instruct.*

############################################################
# pitchbench_e3_harmonic_saturation
############################################################

Experiment : pitchbench_e3_harmonic_saturation
Models     : audio_flamingo_next_instruct
Stimuli    : 120
  Sampling     : 120 of 570 (stratified by '(saturation_level, midi, source_type)', seed=42)

  Model : Audio Flamingo Next – instruct
    [dispatch] 120 items, max_workers=2
    [   1/120] electric_keyboard  sat_heavy     F#1  | midi: gt=30 pred=43 ❌  | spn: gt=F#1 pred=C6 ❌  | doremi: gt=fa# pred=fa# ✅  | hz: gt=46.2493 pred=480.0 ❌
    [   2/120] organ       sat_heavy     F#1  | midi: gt=30 pred=63 ❌  | spn: gt=F#1 pred=C6 ❌  | doremi: gt=fa# pred=fa# ✅  | hz: gt=46.2493 pred=166.67 ❌
    [   3/120] sine        sat_heavy     F#1  | midi: gt=30 pred=35 ❌  | spn: gt=F#1 pred=A2 ❌  | doremi: gt=fa# pred=sol ❌  | hz: gt=46.2493 pred=430.56 ❌
    [   4/120] square      sat_heavy     F#1  | midi: gt=30 pred=43 ❌  | spn: gt=F#1 pred=A2 ❌  | doremi: gt=fa# pred=sol ❌  | hz: gt=46.2493 pred=450.0 ❌
    [   5/120] flute       sat_heavy     C2  | midi: gt=36 pred=64 ❌  | spn: gt=C2 pred=C6 ❌  | doremi: gt=do pred=fa# ❌  | hz: gt=65.4064 pred=1052.63 ❌
    [   6/120] trumpet     sat_heavy     C2  | midi: gt=36 pred=63 ❌  | spn: gt=C2 pred=C6 ❌  | doremi: gt=do pred=fa# ❌  | hz: gt=65.4064 pred=1054.72 ❌
    [   7/120] sine        sat_heavy     C2  | midi: gt=36 pred=35 ❌  | spn: gt=C2 pred=C2 ✅  | doremi: gt=do pred=sol ❌  | hz: gt=65.4064 pred=435.0 ❌
    [   8/120] sawtooth    sat_heavy     C2  | midi: gt=36 pred=36 ✅  | spn: gt=C2 pred=C2 ✅  | doremi: gt=do pred=fa# ❌  | hz: gt=65.4064 pred=105.26 ❌
    [   9/120] bass        sat_heavy     G2  | midi: gt=43 pred=43 ✅  | spn: gt=G2 pred=G2 ✅  | doremi: gt=sol pred=sol ✅  | hz: gt=97.9989 pred=450.0 ❌
    [  10/120] electric_keyboard  sat_heavy     G2  | midi: gt=43 pred=43 ✅  | spn: gt=G2 pred=G2 ✅  | doremi: gt=sol pred=fa# ❌  | hz: gt=97.9989 pred=450.0 ❌
    [  11/120] sine        sat_heavy     G2  | midi: gt=43 pred=43 ✅  | spn: gt=G2 pred=F#2 ❌  | doremi: gt=sol pred=sol ✅  | hz: gt=97.9989 pred=450.0 ❌
    [  12/120] square      sat_heavy     G2  | midi: gt=43 pred=43 ✅  | spn: gt=G2 pred=G2 ✅  | doremi: gt=sol pred=sol ✅  | hz: gt=97.9989 pred=480.0 ❌
    [  13/120] clarinet    sat_heavy     C3  | midi: gt=48 pred=64 ❌  | spn: gt=C3 pred=C6 ❌  | doremi: gt=do pred=fa# ❌  | hz: gt=130.8128 pred=480.0 ❌
    [  14/120] piano       sat_heavy     C3  | midi: gt=48 pred=64 ❌  | spn: gt=C3 pred=C6 ❌  | doremi: gt=do pred=sol ❌  | hz: gt=130.8128 pred=480.0 ❌
    [  15/120] sine        sat_heavy     C3  | midi: gt=48 pred=48 ✅  | spn: gt=C3 pred=C6 ❌  | doremi: gt=do pred=sol ❌  | hz: gt=130.8128 pred=450.0 ❌
    [  16/120] triangle    sat_heavy     C3  | midi: gt=48 pred=48 ✅  | spn: gt=C3 pred=C6 ❌  | doremi: gt=do pred=sol ❌  | hz: gt=130.8128 pred=450.0 ❌
    [  17/120] flute       sat_heavy     F#3  | midi: gt=54 pred=54 ✅  | spn: gt=F#3 pred=C6 ❌  | doremi: gt=fa# pred=sol# ❌  | hz: gt=184.9972 pred=450.0 ❌
    [  18/120] voice       sat_heavy     F#3  | midi: gt=54 pred=65 ❌  | spn: gt=F#3 pred=C6 ❌  | doremi: gt=fa# pred=fa# ✅  | hz: gt=184.9972 pred=1058.43 ❌
    [  19/120] sine        sat_heavy     F#3  | midi: gt=54 pred=65 ❌  | spn: gt=F#3 pred=F#2 ❌  | doremi: gt=fa# pred=sol ❌  | hz: gt=184.9972 pred=450.0 ❌
    [  20/120] square      sat_heavy     F#3  | midi: gt=54 pred=65 ❌  | spn: gt=F#3 pred=F#2 ❌  | doremi: gt=fa# pred=sol ❌  | hz: gt=184.9972 pred=450.0 ❌
    [  21/120] flute       sat_heavy     C4  | midi: gt=60 pred=64 ❌  | spn: gt=C4 pred=C6 ❌  | doremi: gt=do pred=sol ❌  | hz: gt=261.6256 pred=480.0 ❌
    [  22/120] bass        sat_heavy     C4  | midi: gt=60 pred=63 ❌  | spn: gt=C4 pred=C6 ❌  | doremi: gt=do pred=sol ❌  | hz: gt=261.6256 pred=493.88 ❌
    [  23/120] triangle    sat_heavy     C4  | midi: gt=60 pred=68 ❌  | spn: gt=C4 pred=C6 ❌  | doremi: gt=do pred=sol ❌  | hz: gt=261.6256 pred=480.0 ❌
    [  24/120] sine        sat_heavy     C4  | midi: gt=60 pred=68 ❌  | spn: gt=C4 pred=C6 ❌  | doremi: gt=do pred=sol ❌  | hz: gt=261.6256 pred=480.0 ❌
    [  25/120] oboe        sat_heavy     E4  | midi: gt=64 pred=64 ✅  | spn: gt=E4 pred=A#6 ❌  | doremi: gt=mi pred=sol ❌  | hz: gt=329.6276 pred=400.0 ❌
    [  26/120] cello       sat_heavy     E4  | midi: gt=64 pred=69 ❌  | spn: gt=E4 pred=E4 ✅  | doremi: gt=mi pred=sol ❌  | hz: gt=329.6276 pred=408.0 ❌
    [  27/120] square      sat_heavy     E4  | midi: gt=64 pred=65 ❌  | spn: gt=E4 pred=A6 ❌  | doremi: gt=mi pred=sol ❌  | hz: gt=329.6276 pred=1046.53 ❌
    [  28/120] sine        sat_heavy     E4  | midi: gt=64 pred=64 ✅  | spn: gt=E4 pred=A6 ❌  | doremi: gt=mi pred=sol ❌  | hz: gt=329.6276 pred=450.0 ❌
    [  29/120] synth_lead  sat_heavy     A4  | midi: gt=69 pred=69 ✅  | spn: gt=A4 pred=C6 ❌  | doremi: gt=la pred=sol ❌  | hz: gt=440.0 pred=1046.53 ❌
    [  30/120] voice       sat_heavy     A4  | midi: gt=69 pred=69 ✅  | spn: gt=A4 pred=A7 ❌  | doremi: gt=la pred=sol# ❌  | hz: gt=440.0 pred=1046.53 ❌
    [  31/120] sawtooth    sat_heavy     A4  | midi: gt=69 pred=69 ✅  | spn: gt=A4 pred=A6 ❌  | doremi: gt=la pred=sol ❌  | hz: gt=440.0 pred=1075.0 ❌
    [  32/120] square      sat_heavy     A4  | midi: gt=69 pred=69 ✅  | spn: gt=A4 pred=A6 ❌  | doremi: gt=la pred=sol ❌  | hz: gt=440.0 pred=1046.53 ❌
    [  33/120] clarinet    sat_heavy     G5  | midi: gt=79 pred=69 ❌  | spn: gt=G5 pred=A7 ❌  | doremi: gt=sol pred=sol# ❌  | hz: gt=783.9909 pred=810.0 ❌
    [  34/120] trombone    sat_heavy     G5  | midi: gt=79 pred=69 ❌  | spn: gt=G5 pred=A7 ❌  | doremi: gt=sol pred=sol ✅  | hz: gt=783.9909 pred=493.88 ❌
    [  35/120] square      sat_heavy     G5  | midi: gt=79 pred=69 ❌  | spn: gt=G5 pred=A7 ❌  | doremi: gt=sol pred=sol# ❌  | hz: gt=783.9909 pred=1860.0 ❌
    [  36/120] sine        sat_heavy     G5  | midi: gt=79 pred=69 ❌  | spn: gt=G5 pred=C6 ❌  | doremi: gt=sol pred=sol ✅  | hz: gt=783.9909 pred=450.0 ❌
    [  37/120] flute       sat_heavy     E6  | midi: gt=88 pred=83 ❌  | spn: gt=E6 pred=C6 ❌  | doremi: gt=mi pred=sol# ❌  | hz: gt=1318.5102 pred=None ❌
    [  38/120] synth_lead  sat_heavy     E6  | midi: gt=88 pred=68 ❌  | spn: gt=E6 pred=C6 ❌  | doremi: gt=mi pred=sol ❌  | hz: gt=1318.5102 pred=415.3 ❌
    [  39/120] square      sat_heavy     E6  | midi: gt=88 pred=68 ❌  | spn: gt=E6 pred=C6 ❌  | doremi: gt=mi pred=sol ❌  | hz: gt=1318.5102 pred=1046.53 ❌
    [  40/120] sine        sat_heavy     E6  | midi: gt=88 pred=68 ❌  | spn: gt=E6 pred=C6 ❌  | doremi: gt=mi pred=sol ❌  | hz: gt=1318.5102 pred=1050.0 ❌
    [  41/120] electric_keyboard  sat_light     F#1  | midi: gt=30 pred=34 ❌  | spn: gt=F#1 pred=F2 ❌  | doremi: gt=fa# pred=fa# ✅  | hz: gt=46.2493 pred=329.6875 ❌
    [  42/120] clarinet    sat_light     F#1  | midi: gt=30 pred=43 ❌  | spn: gt=F#1 pred=C6 ❌  | doremi: gt=fa# pred=fa# ✅  | hz: gt=46.2493 pred=435.0 ❌
    [  43/120] sine        sat_light     F#1  | midi: gt=30 pred=35 ❌  | spn: gt=F#1 pred=C2 ❌  | doremi: gt=fa# pred=fa# ✅  | hz: gt=46.2493 pred=480.0 ❌
    [  44/120] sawtooth    sat_light     F#1  | midi: gt=30 pred=36 ❌  | spn: gt=F#1 pred=C2 ❌  | doremi: gt=fa# pred=fa# ✅  | hz: gt=46.2493 pred=1046.53 ❌
    [  45/120] synth_pad   sat_light     C2  | midi: gt=36 pred=64 ❌  | spn: gt=C2 pred=C4 ❌  | doremi: gt=do pred=fa# ❌  | hz: gt=65.4064 pred=480.0 ❌
    [  46/120] trombone    sat_light     C2  | midi: gt=36 pred=35 ❌  | spn: gt=C2 pred=A#2 ❌  | doremi: gt=do pred=sol ❌  | hz: gt=65.4064 pred=450.0 ❌
    [  47/120] square      sat_light     C2  | midi: gt=36 pred=43 ❌  | spn: gt=C2 pred=A#2 ❌  | doremi: gt=do pred=fa# ❌  | hz: gt=65.4064 pred=480.0 ❌
    [  48/120] sine        sat_light     C2  | midi: gt=36 pred=48 ❌  | spn: gt=C2 pred=C2 ✅  | doremi: gt=do pred=sol ❌  | hz: gt=65.4064 pred=150.0 ❌
    [  49/120] bass        sat_light     G2  | midi: gt=43 pred=43 ✅  | spn: gt=G2 pred=C4 ❌  | doremi: gt=sol pred=sol ✅  | hz: gt=97.9989 pred=435.0 ❌
    [  50/120] oboe        sat_light     G2  | midi: gt=43 pred=43 ✅  | spn: gt=G2 pred=C4 ❌  | doremi: gt=sol pred=sol ✅  | hz: gt=97.9989 pred=435.0 ❌
    [  51/120] sine        sat_light     G2  | midi: gt=43 pred=43 ✅  | spn: gt=G2 pred=C4 ❌  | doremi: gt=sol pred=sol ✅  | hz: gt=97.9989 pred=150.0 ❌
    [  52/120] sawtooth    sat_light     G2  | midi: gt=43 pred=43 ✅  | spn: gt=G2 pred=F#2 ❌  | doremi: gt=sol pred=sol ✅  | hz: gt=97.9989 pred=450.0 ❌
    [  53/120] electric_keyboard  sat_light     C3  | midi: gt=48 pred=48 ✅  | spn: gt=C3 pred=C6 ❌  | doremi: gt=do pred=fa# ❌  | hz: gt=130.8128 pred=480.0 ❌
    [  54/120] violin      sat_light     C3  | midi: gt=48 pred=48 ✅  | spn: gt=C3 pred=C2 ❌  | doremi: gt=do pred=sol ❌  | hz: gt=130.8128 pred=105.26 ❌
    [  55/120] square      sat_light     C3  | midi: gt=48 pred=45 ❌  | spn: gt=C3 pred=C6 ❌  | doremi: gt=do pred=sol ❌  | hz: gt=130.8128 pred=480.0 ❌
    [  56/120] triangle    sat_light     C3  | midi: gt=48 pred=48 ✅  | spn: gt=C3 pred=C6 ❌  | doremi: gt=do pred=sol ❌  | hz: gt=130.8128 pred=480.0 ❌
    [  57/120] cello       sat_light     F#3  | midi: gt=54 pred=54 ✅  | spn: gt=F#3 pred=F#4 ❌  | doremi: gt=fa# pred=sol ❌  | hz: gt=184.9972 pred=426.5 ❌
    [  58/120] synth_pad   sat_light     F#3  | midi: gt=54 pred=54 ✅  | spn: gt=F#3 pred=C6 ❌  | doremi: gt=fa# pred=sol# ❌  | hz: gt=184.9972 pred=480.0 ❌
    [  59/120] square      sat_light     F#3  | midi: gt=54 pred=54 ✅  | spn: gt=F#3 pred=F#2 ❌  | doremi: gt=fa# pred=sol ❌  | hz: gt=184.9972 pred=450.0 ❌
    [  60/120] triangle    sat_light     F#3  | midi: gt=54 pred=54 ✅  | spn: gt=F#3 pred=C6 ❌  | doremi: gt=fa# pred=sol ❌  | hz: gt=184.9972 pred=107.89 ❌
    [  61/120] flute       sat_light     C4  | midi: gt=60 pred=60 ✅  | spn: gt=C4 pred=C6 ❌  | doremi: gt=do pred=sol ❌  | hz: gt=261.6256 pred=480.0 ❌
    [  62/120] bass        sat_light     C4  | midi: gt=60 pred=63 ❌  | spn: gt=C4 pred=C4 ✅  | doremi: gt=do pred=sol ❌  | hz: gt=261.6256 pred=480.0 ❌
    [  63/120] sine        sat_light     C4  | midi: gt=60 pred=63 ❌  | spn: gt=C4 pred=C6 ❌  | doremi: gt=do pred=sol ❌  | hz: gt=261.6256 pred=480.0 ❌
    [  64/120] triangle    sat_light     C4  | midi: gt=60 pred=68 ❌  | spn: gt=C4 pred=C6 ❌  | doremi: gt=do pred=sol ❌  | hz: gt=261.6256 pred=480.0 ❌
    [  65/120] organ       sat_light     E4  | midi: gt=64 pred=64 ✅  | spn: gt=E4 pred=E4 ✅  | doremi: gt=mi pred=sol ❌  | hz: gt=329.6276 pred=1046.53 ❌
    [  66/120] flute       sat_light     E4  | midi: gt=64 pred=64 ✅  | spn: gt=E4 pred=C6 ❌  | doremi: gt=mi pred=sol ❌  | hz: gt=329.6276 pred=250.0 ❌
    [  67/120] sine        sat_light     E4  | midi: gt=64 pred=63 ❌  | spn: gt=E4 pred=C6 ❌  | doremi: gt=mi pred=sol ❌  | hz: gt=329.6276 pred=450.0 ❌
    [  68/120] square      sat_light     E4  | midi: gt=64 pred=65 ❌  | spn: gt=E4 pred=F#6 ❌  | doremi: gt=mi pred=sol ❌  | hz: gt=329.6276 pred=1073.64 ❌
    [  69/120] flute       sat_light     A4  | midi: gt=69 pred=69 ✅  | spn: gt=A4 pred=C6 ❌  | doremi: gt=la pred=sol ❌  | hz: gt=440.0 pred=450.0 ❌
    [  70/120] synth_pad   sat_light     A4  | midi: gt=69 pred=69 ✅  | spn: gt=A4 pred=None ❌  | doremi: gt=la pred=fa# ❌  | hz: gt=440.0 pred=450.0 ❌
    [  71/120] sine        sat_light     A4  | midi: gt=69 pred=69 ✅  | spn: gt=A4 pred=A6 ❌  | doremi: gt=la pred=sol ❌  | hz: gt=440.0 pred=450.0 ❌
    [  72/120] sawtooth    sat_light     A4  | midi: gt=69 pred=69 ✅  | spn: gt=A4 pred=A6 ❌  | doremi: gt=la pred=sol ❌  | hz: gt=440.0 pred=450.0 ❌
    [  73/120] trumpet     sat_light     G5  | midi: gt=79 pred=69 ❌  | spn: gt=G5 pred=C6 ❌  | doremi: gt=sol pred=sol ✅  | hz: gt=783.9909 pred=6750.0 ❌
    [  74/120] oboe        sat_light     G5  | midi: gt=79 pred=84 ❌  | spn: gt=G5 pred=C6 ❌  | doremi: gt=sol pred=sol ✅  | hz: gt=783.9909 pred=800.0 ❌
    [  75/120] sine        sat_light     G5  | midi: gt=79 pred=68 ❌  | spn: gt=G5 pred=C6 ❌  | doremi: gt=sol pred=sol ✅  | hz: gt=783.9909 pred=450.0 ❌
    [  76/120] square      sat_light     G5  | midi: gt=79 pred=69 ❌  | spn: gt=G5 pred=A7 ❌  | doremi: gt=sol pred=sol# ❌  | hz: gt=783.9909 pred=1046.57 ❌
    [  77/120] trombone    sat_light     E6  | midi: gt=88 pred=86 ❌  | spn: gt=E6 pred=C6 ❌  | doremi: gt=mi pred=sol ❌  | hz: gt=1318.5102 pred=4032.0 ❌
    [  78/120] voice       sat_light     E6  | midi: gt=88 pred=86 ❌  | spn: gt=E6 pred=B6 ❌  | doremi: gt=mi pred=sol# ❌  | hz: gt=1318.5102 pred=1034.52 ❌
    [  79/120] sawtooth    sat_light     E6  | midi: gt=88 pred=65 ❌  | spn: gt=E6 pred=F6 ❌  | doremi: gt=mi pred=sol# ❌  | hz: gt=1318.5102 pred=1073.64 ❌
    [  80/120] square      sat_light     E6  | midi: gt=88 pred=65 ❌  | spn: gt=E6 pred=C6 ❌  | doremi: gt=mi pred=sol ❌  | hz: gt=1318.5102 pred=1046.53 ❌
    [  81/120] trumpet     sat_medium    F#1  | midi: gt=30 pred=34 ❌  | spn: gt=F#1 pred=A#2 ❌  | doremi: gt=fa# pred=fa# ✅  | hz: gt=46.2493 pred=280.0 ❌
    [  82/120] bass        sat_medium    F#1  | midi: gt=30 pred=34 ❌  | spn: gt=F#1 pred=A#2 ❌  | doremi: gt=fa# pred=fa# ✅  | hz: gt=46.2493 pred=105.26 ❌
    [  83/120] sine        sat_medium    F#1  | midi: gt=30 pred=43 ❌  | spn: gt=F#1 pred=A#2 ❌  | doremi: gt=fa# pred=sol ❌  | hz: gt=46.2493 pred=450.0 ❌
    [  84/120] square      sat_medium    F#1  | midi: gt=30 pred=34 ❌  | spn: gt=F#1 pred=A2 ❌  | doremi: gt=fa# pred=sol ❌  | hz: gt=46.2493 pred=450.0 ❌
    [  85/120] organ       sat_medium    C2  | midi: gt=36 pred=64 ❌  | spn: gt=C2 pred=C6 ❌  | doremi: gt=do pred=sol ❌  | hz: gt=65.4064 pred=107.65 ❌
    [  86/120] guitar      sat_medium    C2  | midi: gt=36 pred=36 ✅  | spn: gt=C2 pred=C4 ❌  | doremi: gt=do pred=do# ❌  | hz: gt=65.4064 pred=480.0 ❌
    [  87/120] sawtooth    sat_medium    C2  | midi: gt=36 pred=35 ❌  | spn: gt=C2 pred=C2 ✅  | doremi: gt=do pred=fa# ❌  | hz: gt=65.4064 pred=480.0 ❌
    [  88/120] sine        sat_medium    C2  | midi: gt=36 pred=35 ❌  | spn: gt=C2 pred=C2 ✅  | doremi: gt=do pred=fa# ❌  | hz: gt=65.4064 pred=150.0 ❌
    [  89/120] oboe        sat_medium    G2  | midi: gt=43 pred=43 ✅  | spn: gt=G2 pred=C4 ❌  | doremi: gt=sol pred=sol ✅  | hz: gt=97.9989 pred=435.0 ❌
    [  90/120] clarinet    sat_medium    G2  | midi: gt=43 pred=48 ❌  | spn: gt=G2 pred=C6 ❌  | doremi: gt=sol pred=sol ✅  | hz: gt=97.9989 pred=450.0 ❌
    [  91/120] square      sat_medium    G2  | midi: gt=43 pred=43 ✅  | spn: gt=G2 pred=G2 ✅  | doremi: gt=sol pred=sol ✅  | hz: gt=97.9989 pred=480.0 ❌
    [  92/120] triangle    sat_medium    G2  | midi: gt=43 pred=43 ✅  | spn: gt=G2 pred=C6 ❌  | doremi: gt=sol pred=sol ✅  | hz: gt=97.9989 pred=150.0 ❌
    [  93/120] bass        sat_medium    C3  | midi: gt=48 pred=48 ✅  | spn: gt=C3 pred=C6 ❌  | doremi: gt=do pred=sol ❌  | hz: gt=130.8128 pred=480.0 ❌
    [  94/120] violin      sat_medium    C3  | midi: gt=48 pred=48 ✅  | spn: gt=C3 pred=C2 ❌  | doremi: gt=do pred=sol ❌  | hz: gt=130.8128 pred=105.26 ❌
    [  95/120] sawtooth    sat_medium    C3  | midi: gt=48 pred=48 ✅  | spn: gt=C3 pred=C6 ❌  | doremi: gt=do pred=fa# ❌  | hz: gt=130.8128 pred=480.0 ❌
    [  96/120] square      sat_medium    C3  | midi: gt=48 pred=48 ✅  | spn: gt=C3 pred=C6 ❌  | doremi: gt=do pred=sol ❌  | hz: gt=130.8128 pred=1046.53 ❌
    [  97/120] trombone    sat_medium    F#3  | midi: gt=54 pred=65 ❌  | spn: gt=F#3 pred=F#4 ❌  | doremi: gt=fa# pred=sol ❌  | hz: gt=184.9972 pred=450.0 ❌
    [  98/120] synth_pad   sat_medium    F#3  | midi: gt=54 pred=65 ❌  | spn: gt=F#3 pred=C6 ❌  | doremi: gt=fa# pred=fa# ✅  | hz: gt=184.9972 pred=480.0 ❌
    [  99/120] sine        sat_medium    F#3  | midi: gt=54 pred=63 ❌  | spn: gt=F#3 pred=C6 ❌  | doremi: gt=fa# pred=sol ❌  | hz: gt=184.9972 pred=480.0 ❌
    [ 100/120] triangle    sat_medium    F#3  | midi: gt=54 pred=54 ✅  | spn: gt=F#3 pred=C6 ❌  | doremi: gt=fa# pred=sol ❌  | hz: gt=184.9972 pred=480.0 ❌
    [ 101/120] synth_pad   sat_medium    C4  | midi: gt=60 pred=64 ❌  | spn: gt=C4 pred=C6 ❌  | doremi: gt=do pred=sol ❌  | hz: gt=261.6256 pred=480.0 ❌
    [ 102/120] square      sat_medium    C4  | midi: gt=60 pred=68 ❌  | spn: gt=C4 pred=C6 ❌  | doremi: gt=do pred=sol ❌  | hz: gt=261.6256 pred=480.0 ❌
    [ 103/120] piano       sat_medium    C4  | midi: gt=60 pred=64 ❌  | spn: gt=C4 pred=C6 ❌  | doremi: gt=do pred=fa# ❌  | hz: gt=261.6256 pred=493.88 ❌
    [ 104/120] sawtooth    sat_medium    C4  | midi: gt=60 pred=64 ❌  | spn: gt=C4 pred=C6 ❌  | doremi: gt=do pred=sol ❌  | hz: gt=261.6256 pred=480.0 ❌
    [ 105/120] trumpet     sat_medium    E4  | midi: gt=64 pred=64 ✅  | spn: gt=E4 pred=A#6 ❌  | doremi: gt=mi pred=sol ❌  | hz: gt=329.6276 pred=400.0 ❌
    [ 106/120] electric_keyboard  sat_medium    E4  | midi: gt=64 pred=64 ✅  | spn: gt=E4 pred=C6 ❌  | doremi: gt=mi pred=mi ✅  | hz: gt=329.6276 pred=64.0 ❌
    [ 107/120] sawtooth    sat_medium    E4  | midi: gt=64 pred=64 ✅  | spn: gt=E4 pred=A6 ❌  | doremi: gt=mi pred=sol ❌  | hz: gt=329.6276 pred=450.0 ❌
    [ 108/120] voice       sat_medium    A4  | midi: gt=69 pred=69 ✅  | spn: gt=A4 pred=C6 ❌  | doremi: gt=la pred=sol# ❌  | hz: gt=440.0 pred=460.0 ❌
    [ 109/120] square      sat_medium    E4  | midi: gt=64 pred=65 ❌  | spn: gt=E4 pred=A6 ❌  | doremi: gt=mi pred=sol ❌  | hz: gt=329.6276 pred=1046.53 ❌
    [ 110/120] square      sat_medium    A4  | midi: gt=69 pred=69 ✅  | spn: gt=A4 pred=A6 ❌  | doremi: gt=la pred=sol ❌  | hz: gt=440.0 pred=1046.53 ❌
    [ 111/120] bass        sat_medium    A4  | midi: gt=69 pred=69 ✅  | spn: gt=A4 pred=None ❌  | doremi: gt=la pred=fa# ❌  | hz: gt=440.0 pred=450.0 ❌
    [ 112/120] sine        sat_medium    A4  | midi: gt=69 pred=69 ✅  | spn: gt=A4 pred=A6 ❌  | doremi: gt=la pred=sol ❌  | hz: gt=440.0 pred=450.0 ❌
    [ 113/120] organ       sat_medium    G5  | midi: gt=79 pred=63 ❌  | spn: gt=G5 pred=C6 ❌  | doremi: gt=sol pred=sol ✅  | hz: gt=783.9909 pred=480.0 ❌
    [ 114/120] oboe        sat_medium    G5  | midi: gt=79 pred=84 ❌  | spn: gt=G5 pred=C6 ❌  | doremi: gt=sol pred=sol ✅  | hz: gt=783.9909 pred=800.0 ❌
    [ 115/120] triangle    sat_medium    G5  | midi: gt=79 pred=69 ❌  | spn: gt=G5 pred=C6 ❌  | doremi: gt=sol pred=sol ✅  | hz: gt=783.9909 pred=450.0 ❌
    [ 116/120] square      sat_medium    G5  | midi: gt=79 pred=69 ❌  | spn: gt=G5 pred=A7 ❌  | doremi: gt=sol pred=sol# ❌  | hz: gt=783.9909 pred=1860.0 ❌
    [ 117/120] oboe        sat_medium    E6  | midi: gt=88 pred=83 ❌  | spn: gt=E6 pred=F6 ❌  | doremi: gt=mi pred=sol# ❌  | hz: gt=1318.5102 pred=830.41 ❌
    [ 118/120] guitar      sat_medium    E6  | midi: gt=88 pred=68 ❌  | spn: gt=E6 pred=C6 ❌  | doremi: gt=mi pred=sol ❌  | hz: gt=1318.5102 pred=1058.43 ❌
    [ 119/120] square      sat_medium    E6  | midi: gt=88 pred=65 ❌  | spn: gt=E6 pred=C6 ❌  | doremi: gt=mi pred=sol# ❌  | hz: gt=1318.5102 pred=450.0 ❌
    [ 120/120] sine        sat_medium    E6  | midi: gt=88 pred=86 ❌  | spn: gt=E6 pred=C6 ❌  | doremi: gt=mi pred=sol ❌  | hz: gt=1318.5102 pred=8250.0 ❌

============================================================
SUMMARY — audio_flamingo_next_instruct
  Sampling     : 120 of 570 (stratified by '(saturation_level, midi, source_type)', seed=42)
  Stimuli (total)     : 120
  Stimuli (condition) : 120  (all records)

  Format   Accuracy
  ──────────────────
    MIDI      40.0%
     SPN      10.0%
  DOREMI      25.0%
      HZ       0.0%
     ANY      45.0%

  *** WARNING: working tree has uncommitted changes — results will NOT be exactly reproducible from git_commit alone ***


Results saved → results/run_20260506_053722/pitchbench_e3_harmonic_saturation/run_001_20260506_063344/results_audio_flamingo_next_instruct.*

############################################################
# pitchbench_e4_time_stretching
############################################################

Experiment : pitchbench_e4_time_stretching
Models     : audio_flamingo_next_instruct
Stimuli    : 192
  Sampling     : 192 of 912 (stratified by '(condition, midi, source_type)', seed=42)

  Model : Audio Flamingo Next – instruct
    [dispatch] 192 items, max_workers=2
    [   1/192] electric_keyboard  resample_0.5x   orig=C2   → gt=C3  | midi: gt=48 pred=48 ✅  | spn: gt=C3 pred=C6 ❌  | doremi: gt=do pred=sol ❌  | hz: gt=130.8128 pred=480.0 ❌
    [   2/192] organ       resample_0.5x   orig=C2   → gt=C3  | midi: gt=48 pred=65 ❌  | spn: gt=C3 pred=C6 ❌  | doremi: gt=do pred=sol ❌  | hz: gt=130.8128 pred=480.0 ❌
    [   3/192] sine        resample_0.5x   orig=C2   → gt=C3  | midi: gt=48 pred=48 ✅  | spn: gt=C3 pred=C6 ❌  | doremi: gt=do pred=sol ❌  | hz: gt=130.8128 pred=480.0 ❌
    [   4/192] square      resample_0.5x   orig=C2   → gt=C3  | midi: gt=48 pred=48 ✅  | spn: gt=C3 pred=C6 ❌  | doremi: gt=do pred=sol ❌  | hz: gt=130.8128 pred=480.0 ❌
    [   5/192] trumpet     resample_0.5x   orig=G2   → gt=G3  | midi: gt=55 pred=68 ❌  | spn: gt=G3 pred=A#6 ❌  | doremi: gt=sol pred=sol ✅  | hz: gt=195.9977 pred=450.0 ❌
    [   6/192] flute       resample_0.5x   orig=G2   → gt=G3  | midi: gt=55 pred=65 ❌  | spn: gt=G3 pred=C6 ❌  | doremi: gt=sol pred=sol ✅  | hz: gt=195.9977 pred=415.306872493 ❌
    [   7/192] sawtooth    resample_0.5x   orig=G2   → gt=G3  | midi: gt=55 pred=63 ❌  | spn: gt=G3 pred=C6 ❌  | doremi: gt=sol pred=sol ✅  | hz: gt=195.9977 pred=480.0 ❌
    [   8/192] sine        resample_0.5x   orig=G2   → gt=G3  | midi: gt=55 pred=56 ❌  | spn: gt=G3 pred=C6 ❌  | doremi: gt=sol pred=sol ✅  | hz: gt=195.9977 pred=480.0 ❌
    [   9/192] bass        resample_0.5x   orig=C3   → gt=C4  | midi: gt=60 pred=65 ❌  | spn: gt=C4 pred=C4 ✅  | doremi: gt=do pred=sol ❌  | hz: gt=261.6256 pred=480.0 ❌
    [  10/192] electric_keyboard  resample_0.5x   orig=C3   → gt=C4  | midi: gt=60 pred=60 ✅  | spn: gt=C4 pred=C6 ❌  | doremi: gt=do pred=mi ❌  | hz: gt=261.6256 pred=60.0 ❌
    [  11/192] sine        resample_0.5x   orig=C3   → gt=C4  | midi: gt=60 pred=63 ❌  | spn: gt=C4 pred=C6 ❌  | doremi: gt=do pred=sol ❌  | hz: gt=261.6256 pred=480.0 ❌
    [  12/192] square      resample_0.5x   orig=C3   → gt=C4  | midi: gt=60 pred=63 ❌  | spn: gt=C4 pred=C6 ❌  | doremi: gt=do pred=sol ❌  | hz: gt=261.6256 pred=480.0 ❌
    [  13/192] clarinet    resample_0.5x   orig=F#3  → gt=F#4  | midi: gt=66 pred=68 ❌  | spn: gt=F#4 pred=C6 ❌  | doremi: gt=fa# pred=sol ❌  | hz: gt=369.9944 pred=435.0 ❌
    [  14/192] piano       resample_0.5x   orig=F#3  → gt=F#4  | midi: gt=66 pred=65 ❌  | spn: gt=F#4 pred=C6 ❌  | doremi: gt=fa# pred=sol ❌  | hz: gt=369.9944 pred=450.0 ❌
    [  15/192] sine        resample_0.5x   orig=F#3  → gt=F#4  | midi: gt=66 pred=65 ❌  | spn: gt=F#4 pred=C6 ❌  | doremi: gt=fa# pred=sol ❌  | hz: gt=369.9944 pred=480.0 ❌
    [  16/192] triangle    resample_0.5x   orig=F#3  → gt=F#4  | midi: gt=66 pred=65 ❌  | spn: gt=F#4 pred=C6 ❌  | doremi: gt=fa# pred=sol ❌  | hz: gt=369.9944 pred=480.0 ❌
    [  17/192] flute       resample_0.5x   orig=A#3  → gt=A#4  | midi: gt=70 pred=69 ❌  | spn: gt=A#4 pred=A6 ❌  | doremi: gt=la# pred=fa# ❌  | hz: gt=466.1638 pred=450.0 ❌
    [  18/192] voice       resample_0.5x   orig=A#3  → gt=A#4  | midi: gt=70 pred=69 ❌  | spn: gt=A#4 pred=C6 ❌  | doremi: gt=la# pred=sol ❌  | hz: gt=466.1638 pred=450.0 ❌
    [  19/192] sine        resample_0.5x   orig=A#3  → gt=A#4  | midi: gt=70 pred=69 ❌  | spn: gt=A#4 pred=C6 ❌  | doremi: gt=la# pred=sol ❌  | hz: gt=466.1638 pred=480.0 ❌
    [  20/192] square      resample_0.5x   orig=A#3  → gt=A#4  | midi: gt=70 pred=68 ❌  | spn: gt=A#4 pred=C6 ❌  | doremi: gt=la# pred=sol ❌  | hz: gt=466.1638 pred=480.0 ❌
    [  21/192] flute       resample_0.5x   orig=C4   → gt=C5  | midi: gt=72 pred=68 ❌  | spn: gt=C5 pred=C6 ❌  | doremi: gt=do pred=sol ❌  | hz: gt=523.2511 pred=480.0 ❌
    [  22/192] bass        resample_0.5x   orig=C4   → gt=C5  | midi: gt=72 pred=64 ❌  | spn: gt=C5 pred=C6 ❌  | doremi: gt=do pred=sol ❌  | hz: gt=523.2511 pred=480.0 ❌
    [  23/192] triangle    resample_0.5x   orig=C4   → gt=C5  | midi: gt=72 pred=68 ❌  | spn: gt=C5 pred=C6 ❌  | doremi: gt=do pred=sol ❌  | hz: gt=523.2511 pred=480.0 ❌
    [  24/192] sine        resample_0.5x   orig=C4   → gt=C5  | midi: gt=72 pred=68 ❌  | spn: gt=C5 pred=C6 ❌  | doremi: gt=do pred=sol ❌  | hz: gt=523.2511 pred=480.0 ❌
    [  25/192] oboe        resample_0.5x   orig=E4   → gt=E5  | midi: gt=76 pred=63 ❌  | spn: gt=E5 pred=C6 ❌  | doremi: gt=mi pred=sol ❌  | hz: gt=659.2551 pred=640.0 ❌
    [  26/192] cello       resample_0.5x   orig=E4   → gt=E5  | midi: gt=76 pred=68 ❌  | spn: gt=E5 pred=C6 ❌  | doremi: gt=mi pred=sol ❌  | hz: gt=659.2551 pred=480.0 ❌
    [  27/192] square      resample_0.5x   orig=E4   → gt=E5  | midi: gt=76 pred=63 ❌  | spn: gt=E5 pred=C6 ❌  | doremi: gt=mi pred=sol ❌  | hz: gt=659.2551 pred=450.0 ❌
    [  28/192] sine        resample_0.5x   orig=E4   → gt=E5  | midi: gt=76 pred=68 ❌  | spn: gt=E5 pred=C6 ❌  | doremi: gt=mi pred=sol ❌  | hz: gt=659.2551 pred=415.3 ❌
    [  29/192] synth_lead  resample_0.5x   orig=G4   → gt=G5  | midi: gt=79 pred=68 ❌  | spn: gt=G5 pred=C6 ❌  | doremi: gt=sol pred=sol ✅  | hz: gt=783.9909 pred=480.0 ❌
    [  30/192] voice       resample_0.5x   orig=G4   → gt=G5  | midi: gt=79 pred=69 ❌  | spn: gt=G5 pred=C6 ❌  | doremi: gt=sol pred=sol ✅  | hz: gt=783.9909 pred=450.0 ❌
    [  31/192] sawtooth    resample_0.5x   orig=G4   → gt=G5  | midi: gt=79 pred=68 ❌  | spn: gt=G5 pred=C6 ❌  | doremi: gt=sol pred=sol ✅  | hz: gt=783.9909 pred=480.0 ❌
    [  32/192] square      resample_0.5x   orig=G4   → gt=G5  | midi: gt=79 pred=68 ❌  | spn: gt=G5 pred=A7 ❌  | doremi: gt=sol pred=sol ✅  | hz: gt=783.9909 pred=1046.53 ❌
    [  33/192] clarinet    resample_0.5x   orig=A4   → gt=A5  | midi: gt=81 pred=83 ❌  | spn: gt=A5 pred=C6 ❌  | doremi: gt=la pred=sol ❌  | hz: gt=880.0 pred=None ❌
    [  34/192] trombone    resample_0.5x   orig=A4   → gt=A5  | midi: gt=81 pred=69 ❌  | spn: gt=A5 pred=C6 ❌  | doremi: gt=la pred=sol ❌  | hz: gt=880.0 pred=649.32 ❌
    [  35/192] square      resample_0.5x   orig=A4   → gt=A5  | midi: gt=81 pred=65 ❌  | spn: gt=A5 pred=C6 ❌  | doremi: gt=la pred=sol ❌  | hz: gt=880.0 pred=480.0 ❌
    [  36/192] sine        resample_0.5x   orig=A4   → gt=A5  | midi: gt=81 pred=69 ❌  | spn: gt=A5 pred=C6 ❌  | doremi: gt=la pred=sol ❌  | hz: gt=880.0 pred=450.0 ❌
    [  37/192] flute       resample_0.5x   orig=C5   → gt=C6  | midi: gt=84 pred=84 ✅  | spn: gt=C6 pred=C6 ✅  | doremi: gt=do pred=sol ❌  | hz: gt=1046.5023 pred=480.0 ❌
    [  38/192] synth_lead  resample_0.5x   orig=C5   → gt=C6  | midi: gt=84 pred=68 ❌  | spn: gt=C6 pred=C6 ✅  | doremi: gt=do pred=sol ❌  | hz: gt=1046.5023 pred=480.0 ❌
    [  39/192] square      resample_0.5x   orig=C5   → gt=C6  | midi: gt=84 pred=65 ❌  | spn: gt=C6 pred=C6 ✅  | doremi: gt=do pred=sol ❌  | hz: gt=1046.5023 pred=480.0 ❌
    [  40/192] sine        resample_0.5x   orig=C5   → gt=C6  | midi: gt=84 pred=68 ❌  | spn: gt=C6 pred=C6 ✅  | doremi: gt=do pred=sol ❌  | hz: gt=1046.5023 pred=480.0 ❌
    [  41/192] electric_keyboard  resample_0.5x   orig=F5   → gt=F6  | midi: gt=89 pred=89 ✅  | spn: gt=F6 pred=C8 ❌  | doremi: gt=fa pred=sol ❌  | hz: gt=1396.9129 pred=8250.0 ❌
    [  42/192] clarinet    resample_0.5x   orig=F5   → gt=F6  | midi: gt=89 pred=68 ❌  | spn: gt=F6 pred=C6 ❌  | doremi: gt=fa pred=sol# ❌  | hz: gt=1396.9129 pred=1046.53 ❌
    [  43/192] sine        resample_0.5x   orig=F5   → gt=F6  | midi: gt=89 pred=68 ❌  | spn: gt=F6 pred=C6 ❌  | doremi: gt=fa pred=sol ❌  | hz: gt=1396.9129 pred=4035.92 ❌
    [  44/192] sawtooth    resample_0.5x   orig=F5   → gt=F6  | midi: gt=89 pred=65 ❌  | spn: gt=F6 pred=C6 ❌  | doremi: gt=fa pred=sol ❌  | hz: gt=1396.9129 pred=480.0 ❌
    [  45/192] synth_pad   resample_0.5x   orig=C6   → gt=C7  | midi: gt=96 pred=69 ❌  | spn: gt=C7 pred=C6 ❌  | doremi: gt=do pred=sol ❌  | hz: gt=2093.0045 pred=480.0 ❌
    [  46/192] trombone    resample_0.5x   orig=C6   → gt=C7  | midi: gt=96 pred=84 ❌  | spn: gt=C7 pred=C6 ❌  | doremi: gt=do pred=sol ❌  | hz: gt=2093.0045 pred=493.88 ❌
    [  47/192] square      resample_0.5x   orig=C6   → gt=C7  | midi: gt=96 pred=65 ❌  | spn: gt=C7 pred=C6 ❌  | doremi: gt=do pred=sol ❌  | hz: gt=2093.0045 pred=480.0 ❌
    [  48/192] sine        resample_0.5x   orig=C6   → gt=C7  | midi: gt=96 pred=68 ❌  | spn: gt=C7 pred=C6 ❌  | doremi: gt=do pred=sol ❌  | hz: gt=2093.0045 pred=480.0 ❌
    [  49/192] bass        resample_2x     orig=C2   → gt=C1  | midi: gt=24 pred=43 ❌  | spn: gt=C1 pred=C2 ❌  | doremi: gt=do pred=sol ❌  | hz: gt=32.7032 pred=480.0 ❌
    [  50/192] oboe        resample_2x     orig=C2   → gt=C1  | midi: gt=24 pred=35 ❌  | spn: gt=C1 pred=C2 ❌  | doremi: gt=do pred=fa# ❌  | hz: gt=32.7032 pred=210.0 ❌
    [  51/192] sine        resample_2x     orig=C2   → gt=C1  | midi: gt=24 pred=35 ❌  | spn: gt=C1 pred=C2 ❌  | doremi: gt=do pred=sol ❌  | hz: gt=32.7032 pred=250.0 ❌
    [  52/192] sawtooth    resample_2x     orig=C2   → gt=C1  | midi: gt=24 pred=48 ❌  | spn: gt=C1 pred=C2 ❌  | doremi: gt=do pred=sol ❌  | hz: gt=32.7032 pred=480.0 ❌
    [  53/192] electric_keyboard  resample_2x     orig=G2   → gt=G1  | midi: gt=31 pred=34 ❌  | spn: gt=G1 pred=A#2 ❌  | doremi: gt=sol pred=fa# ❌  | hz: gt=48.9994 pred=435.0 ❌
    [  54/192] square      resample_2x     orig=G2   → gt=G1  | midi: gt=31 pred=35 ❌  | spn: gt=G1 pred=A#2 ❌  | doremi: gt=sol pred=sol ✅  | hz: gt=48.9994 pred=480.0 ❌
    [  55/192] violin      resample_2x     orig=G2   → gt=G1  | midi: gt=31 pred=34 ❌  | spn: gt=G1 pred=A#2 ❌  | doremi: gt=sol pred=fa# ❌  | hz: gt=48.9994 pred=105.26 ❌
    [  56/192] triangle    resample_2x     orig=G2   → gt=G1  | midi: gt=31 pred=43 ❌  | spn: gt=G1 pred=C2 ❌  | doremi: gt=sol pred=sol ✅  | hz: gt=48.9994 pred=480.0 ❌
    [  57/192] cello       resample_2x     orig=C3   → gt=C2  | midi: gt=36 pred=48 ❌  | spn: gt=C2 pred=C2 ✅  | doremi: gt=do pred=fa# ❌  | hz: gt=65.4064 pred=130.81 ❌
    [  58/192] synth_pad   resample_2x     orig=C3   → gt=C2  | midi: gt=36 pred=48 ❌  | spn: gt=C2 pred=C6 ❌  | doremi: gt=do pred=fa# ❌  | hz: gt=65.4064 pred=480.0 ❌
    [  59/192] square      resample_2x     orig=C3   → gt=C2  | midi: gt=36 pred=43 ❌  | spn: gt=C2 pred=C4 ❌  | doremi: gt=do pred=sol ❌  | hz: gt=65.4064 pred=480.0 ❌
    [  60/192] triangle    resample_2x     orig=C3   → gt=C2  | midi: gt=36 pred=45 ❌  | spn: gt=C2 pred=C4 ❌  | doremi: gt=do pred=sol ❌  | hz: gt=65.4064 pred=480.0 ❌
    [  61/192] flute       resample_2x     orig=F#3  → gt=F#2  | midi: gt=42 pred=48 ❌  | spn: gt=F#2 pred=C6 ❌  | doremi: gt=fa# pred=fa# ✅  | hz: gt=92.4986 pred=480.0 ❌
    [  62/192] bass        resample_2x     orig=F#3  → gt=F#2  | midi: gt=42 pred=43 ❌  | spn: gt=F#2 pred=C4 ❌  | doremi: gt=fa# pred=sol ❌  | hz: gt=92.4986 pred=480.0 ❌
    [  63/192] sine        resample_2x     orig=F#3  → gt=F#2  | midi: gt=42 pred=48 ❌  | spn: gt=F#2 pred=C4 ❌  | doremi: gt=fa# pred=sol ❌  | hz: gt=92.4986 pred=480.0 ❌
    [  64/192] triangle    resample_2x     orig=F#3  → gt=F#2  | midi: gt=42 pred=43 ❌  | spn: gt=F#2 pred=C4 ❌  | doremi: gt=fa# pred=sol ❌  | hz: gt=92.4986 pred=430.56 ❌
    [  65/192] organ       resample_2x     orig=A#3  → gt=A#2  | midi: gt=46 pred=46 ✅  | spn: gt=A#2 pred=None ❌  | doremi: gt=la# pred=sol ❌  | hz: gt=116.5409 pred=450.0 ❌
    [  66/192] flute       resample_2x     orig=A#3  → gt=A#2  | midi: gt=46 pred=45 ❌  | spn: gt=A#2 pred=C6 ❌  | doremi: gt=la# pred=sol ❌  | hz: gt=116.5409 pred=450.0 ❌
    [  67/192] square      resample_2x     orig=A#3  → gt=A#2  | midi: gt=46 pred=45 ❌  | spn: gt=A#2 pred=A4 ❌  | doremi: gt=la# pred=sol ❌  | hz: gt=116.5409 pred=450.0 ❌
    [  68/192] sine        resample_2x     orig=A#3  → gt=A#2  | midi: gt=46 pred=45 ❌  | spn: gt=A#2 pred=C6 ❌  | doremi: gt=la# pred=sol ❌  | hz: gt=116.5409 pred=450.0 ❌
    [  69/192] synth_pad   resample_2x     orig=C4   → gt=C3  | midi: gt=48 pred=63 ❌  | spn: gt=C3 pred=C6 ❌  | doremi: gt=do pred=sol ❌  | hz: gt=130.8128 pred=480.0 ❌
    [  70/192] flute       resample_2x     orig=C4   → gt=C3  | midi: gt=48 pred=48 ✅  | spn: gt=C3 pred=C6 ❌  | doremi: gt=do pred=sol ❌  | hz: gt=130.8128 pred=480.0 ❌
    [  71/192] sine        resample_2x     orig=C4   → gt=C3  | midi: gt=48 pred=48 ✅  | spn: gt=C3 pred=C2 ❌  | doremi: gt=do pred=sol ❌  | hz: gt=130.8128 pred=480.0 ❌
    [  72/192] sawtooth    resample_2x     orig=C4   → gt=C3  | midi: gt=48 pred=48 ✅  | spn: gt=C3 pred=C6 ❌  | doremi: gt=do pred=sol ❌  | hz: gt=130.8128 pred=480.0 ❌
    [  73/192] trumpet     resample_2x     orig=E4   → gt=E3  | midi: gt=52 pred=52 ✅  | spn: gt=E3 pred=F4 ❌  | doremi: gt=mi pred=sol ❌  | hz: gt=164.8138 pred=403.91 ❌
    [  74/192] oboe        resample_2x     orig=E4   → gt=E3  | midi: gt=52 pred=53 ❌  | spn: gt=E3 pred=E2 ❌  | doremi: gt=mi pred=sol ❌  | hz: gt=164.8138 pred=400.0 ❌
    [  75/192] square      resample_2x     orig=E4   → gt=E3  | midi: gt=52 pred=48 ❌  | spn: gt=E3 pred=F#2 ❌  | doremi: gt=mi pred=sol ❌  | hz: gt=164.8138 pred=480.0 ❌
    [  76/192] sine        resample_2x     orig=E4   → gt=E3  | midi: gt=52 pred=53 ❌  | spn: gt=E3 pred=C4 ❌  | doremi: gt=mi pred=sol ❌  | hz: gt=164.8138 pred=250.0 ❌
    [  77/192] trombone    resample_2x     orig=G4   → gt=G3  | midi: gt=55 pred=43 ❌  | spn: gt=G3 pred=C4 ❌  | doremi: gt=sol pred=sol ✅  | hz: gt=195.9977 pred=435.0 ❌
    [  78/192] voice       resample_2x     orig=G4   → gt=G3  | midi: gt=55 pred=63 ❌  | spn: gt=G3 pred=C6 ❌  | doremi: gt=sol pred=sol ✅  | hz: gt=195.9977 pred=450.0 ❌
    [  79/192] sawtooth    resample_2x     orig=G4   → gt=G3  | midi: gt=55 pred=43 ❌  | spn: gt=G3 pred=F#2 ❌  | doremi: gt=sol pred=sol ✅  | hz: gt=195.9977 pred=480.0 ❌
    [  80/192] square      resample_2x     orig=G4   → gt=G3  | midi: gt=55 pred=43 ❌  | spn: gt=G3 pred=C6 ❌  | doremi: gt=sol pred=sol ✅  | hz: gt=195.9977 pred=480.0 ❌
    [  81/192] trumpet     resample_2x     orig=A4   → gt=A3  | midi: gt=57 pred=57 ✅  | spn: gt=A3 pred=A4 ❌  | doremi: gt=la pred=sol ❌  | hz: gt=220.0 pred=450.0 ❌
    [  82/192] bass        resample_2x     orig=A4   → gt=A3  | midi: gt=57 pred=58 ❌  | spn: gt=A3 pred=A4 ❌  | doremi: gt=la pred=fa# ❌  | hz: gt=220.0 pred=450.0 ❌
    [  83/192] square      resample_2x     orig=A4   → gt=A3  | midi: gt=57 pred=64 ❌  | spn: gt=A3 pred=A6 ❌  | doremi: gt=la pred=sol ❌  | hz: gt=220.0 pred=450.0 ❌
    [  84/192] sine        resample_2x     orig=A4   → gt=A3  | midi: gt=57 pred=48 ❌  | spn: gt=A3 pred=A2 ❌  | doremi: gt=la pred=sol ❌  | hz: gt=220.0 pred=105.26 ❌
    [  85/192] guitar      resample_2x     orig=C5   → gt=C4  | midi: gt=60 pred=63 ❌  | spn: gt=C4 pred=C6 ❌  | doremi: gt=do pred=sol ❌  | hz: gt=261.6256 pred=480.0 ❌
    [  86/192] organ       resample_2x     orig=C5   → gt=C4  | midi: gt=60 pred=63 ❌  | spn: gt=C4 pred=C6 ❌  | doremi: gt=do pred=sol ❌  | hz: gt=261.6256 pred=480.0 ❌
    [  87/192] sawtooth    resample_2x     orig=C5   → gt=C4  | midi: gt=60 pred=64 ❌  | spn: gt=C4 pred=C6 ❌  | doremi: gt=do pred=sol ❌  | hz: gt=261.6256 pred=480.0 ❌
    [  88/192] sine        resample_2x     orig=C5   → gt=C4  | midi: gt=60 pred=63 ❌  | spn: gt=C4 pred=C6 ❌  | doremi: gt=do pred=sol ❌  | hz: gt=261.6256 pred=107.89 ❌
    [  89/192] oboe        resample_2x     orig=F5   → gt=F4  | midi: gt=65 pred=65 ✅  | spn: gt=F4 pred=F4 ✅  | doremi: gt=fa pred=sol ❌  | hz: gt=349.2282 pred=480.0 ❌
    [  90/192] clarinet    resample_2x     orig=F5   → gt=F4  | midi: gt=65 pred=65 ✅  | spn: gt=F4 pred=C6 ❌  | doremi: gt=fa pred=sol ❌  | hz: gt=349.2282 pred=480.0 ❌
    [  91/192] square      resample_2x     orig=F5   → gt=F4  | midi: gt=65 pred=63 ❌  | spn: gt=F4 pred=F#6 ❌  | doremi: gt=fa pred=sol ❌  | hz: gt=349.2282 pred=480.0 ❌
    [  92/192] triangle    resample_2x     orig=F5   → gt=F4  | midi: gt=65 pred=63 ❌  | spn: gt=F4 pred=F#6 ❌  | doremi: gt=fa pred=sol ❌  | hz: gt=349.2282 pred=480.0 ❌
    [  93/192] bass        resample_2x     orig=C6   → gt=C5  | midi: gt=72 pred=68 ❌  | spn: gt=C5 pred=C6 ❌  | doremi: gt=do pred=sol ❌  | hz: gt=523.2511 pred=600.0 ❌
    [  94/192] violin      resample_2x     orig=C6   → gt=C5  | midi: gt=72 pred=63 ❌  | spn: gt=C5 pred=C6 ❌  | doremi: gt=do pred=sol# ❌  | hz: gt=523.2511 pred=480.0 ❌
    [  95/192] sawtooth    resample_2x     orig=C6   → gt=C5  | midi: gt=72 pred=48 ❌  | spn: gt=C5 pred=C6 ❌  | doremi: gt=do pred=sol ❌  | hz: gt=523.2511 pred=480.0 ❌
    [  96/192] square      resample_2x     orig=C6   → gt=C5  | midi: gt=72 pred=63 ❌  | spn: gt=C5 pred=C6 ❌  | doremi: gt=do pred=sol ❌  | hz: gt=523.2511 pred=480.0 ❌
    [  97/192] trombone    stretch_0.5x    orig=C2   → gt=C2  | midi: gt=36 pred=35 ❌  | spn: gt=C2 pred=A#2 ❌  | doremi: gt=do pred=re ❌  | hz: gt=65.4064 pred=450.0 ❌
    [  98/192] synth_pad   stretch_0.5x    orig=C2   → gt=C2  | midi: gt=36 pred=65 ❌  | spn: gt=C2 pred=C6 ❌  | doremi: gt=do pred=sol ❌  | hz: gt=65.4064 pred=480.0 ❌
    [  99/192] triangle    stretch_0.5x    orig=C2   → gt=C2  | midi: gt=36 pred=48 ❌  | spn: gt=C2 pred=C4 ❌  | doremi: gt=do pred=sol ❌  | hz: gt=65.4064 pred=480.0 ❌
    [ 100/192] sine        stretch_0.5x    orig=C2   → gt=C2  | midi: gt=36 pred=48 ❌  | spn: gt=C2 pred=C2 ✅  | doremi: gt=do pred=sol ❌  | hz: gt=65.4064 pred=480.0 ❌
    [ 101/192] synth_pad   stretch_0.5x    orig=G2   → gt=G2  | midi: gt=43 pred=54 ❌  | spn: gt=G2 pred=C6 ❌  | doremi: gt=sol pred=sol ✅  | hz: gt=97.9989 pred=480.0 ❌
    [ 102/192] piano       stretch_0.5x    orig=G2   → gt=G2  | midi: gt=43 pred=43 ✅  | spn: gt=G2 pred=C4 ❌  | doremi: gt=sol pred=sol ✅  | hz: gt=97.9989 pred=435.0 ❌
    [ 103/192] square      stretch_0.5x    orig=G2   → gt=G2  | midi: gt=43 pred=43 ✅  | spn: gt=G2 pred=C6 ❌  | doremi: gt=sol pred=sol ✅  | hz: gt=97.9989 pred=450.0 ❌
    [ 104/192] sawtooth    stretch_0.5x    orig=G2   → gt=G2  | midi: gt=43 pred=43 ✅  | spn: gt=G2 pred=F#2 ❌  | doremi: gt=sol pred=sol ✅  | hz: gt=97.9989 pred=450.0 ❌
    [ 105/192] trumpet     stretch_0.5x    orig=C3   → gt=C3  | midi: gt=48 pred=63 ❌  | spn: gt=C3 pred=C4 ❌  | doremi: gt=do pred=sol ❌  | hz: gt=130.8128 pred=480.0 ❌
    [ 106/192] electric_keyboard  stretch_0.5x    orig=C3   → gt=C3  | midi: gt=48 pred=48 ✅  | spn: gt=C3 pred=C4 ❌  | doremi: gt=do pred=sol ❌  | hz: gt=130.8128 pred=480.0 ❌
    [ 107/192] sawtooth    stretch_0.5x    orig=C3   → gt=C3  | midi: gt=48 pred=48 ✅  | spn: gt=C3 pred=C6 ❌  | doremi: gt=do pred=sol ❌  | hz: gt=130.8128 pred=480.0 ❌
    [ 108/192] square      stretch_0.5x    orig=C3   → gt=C3  | midi: gt=48 pred=65 ❌  | spn: gt=C3 pred=C6 ❌  | doremi: gt=do pred=sol ❌  | hz: gt=130.8128 pred=480.0 ❌
    [ 109/192] voice       stretch_0.5x    orig=F#3  → gt=F#3  | midi: gt=54 pred=65 ❌  | spn: gt=F#3 pred=C6 ❌  | doremi: gt=fa# pred=sol ❌  | hz: gt=184.9972 pred=436.36 ❌
    [ 110/192] bass        stretch_0.5x    orig=F#3  → gt=F#3  | midi: gt=54 pred=54 ✅  | spn: gt=F#3 pred=C4 ❌  | doremi: gt=fa# pred=sol ❌  | hz: gt=184.9972 pred=435.0 ❌
    [ 111/192] square      stretch_0.5x    orig=F#3  → gt=F#3  | midi: gt=54 pred=63 ❌  | spn: gt=F#3 pred=C6 ❌  | doremi: gt=fa# pred=sol ❌  | hz: gt=184.9972 pred=480.0 ❌
    [ 112/192] sine        stretch_0.5x    orig=F#3  → gt=F#3  | midi: gt=54 pred=54 ✅  | spn: gt=F#3 pred=C4 ❌  | doremi: gt=fa# pred=sol ❌  | hz: gt=184.9972 pred=480.0 ❌
    [ 113/192] oboe        stretch_0.5x    orig=A#3  → gt=A#3  | midi: gt=58 pred=58 ✅  | spn: gt=A#3 pred=C4 ❌  | doremi: gt=la# pred=mi ❌  | hz: gt=233.0819 pred=450.0 ❌
    [ 114/192] organ       stretch_0.5x    orig=A#3  → gt=A#3  | midi: gt=58 pred=69 ❌  | spn: gt=A#3 pred=None ❌  | doremi: gt=la# pred=sol ❌  | hz: gt=233.0819 pred=450.0 ❌
    [ 115/192] triangle    stretch_0.5x    orig=A#3  → gt=A#3  | midi: gt=58 pred=69 ❌  | spn: gt=A#3 pred=None ❌  | doremi: gt=la# pred=sol ❌  | hz: gt=233.0819 pred=450.0 ❌
    [ 116/192] square      stretch_0.5x    orig=A#3  → gt=A#3  | midi: gt=58 pred=58 ✅  | spn: gt=A#3 pred=A6 ❌  | doremi: gt=la# pred=sol ❌  | hz: gt=233.0819 pred=450.0 ❌
    [ 117/192] oboe        stretch_0.5x    orig=C4   → gt=C4  | midi: gt=60 pred=60 ✅  | spn: gt=C4 pred=C6 ❌  | doremi: gt=do pred=sol ❌  | hz: gt=261.6256 pred=480.0 ❌
    [ 118/192] guitar      stretch_0.5x    orig=C4   → gt=C4  | midi: gt=60 pred=64 ❌  | spn: gt=C4 pred=C6 ❌  | doremi: gt=do pred=sol ❌  | hz: gt=261.6256 pred=480.0 ❌
    [ 119/192] square      stretch_0.5x    orig=C4   → gt=C4  | midi: gt=60 pred=63 ❌  | spn: gt=C4 pred=C6 ❌  | doremi: gt=do pred=sol ❌  | hz: gt=261.6256 pred=480.0 ❌
    [ 120/192] sine        stretch_0.5x    orig=C4   → gt=C4  | midi: gt=60 pred=63 ❌  | spn: gt=C4 pred=C6 ❌  | doremi: gt=do pred=sol ❌  | hz: gt=261.6256 pred=480.0 ❌
    [ 121/192] flute       stretch_0.5x    orig=E4   → gt=E4  | midi: gt=64 pred=64 ✅  | spn: gt=E4 pred=C6 ❌  | doremi: gt=mi pred=mi ✅  | hz: gt=329.6276 pred=64.0 ❌
    [ 122/192] bass        stretch_0.5x    orig=E4   → gt=E4  | midi: gt=64 pred=64 ✅  | spn: gt=E4 pred=C4 ❌  | doremi: gt=mi pred=mi ✅  | hz: gt=329.6276 pred=430.51 ❌
    [ 123/192] square      stretch_0.5x    orig=E4   → gt=E4  | midi: gt=64 pred=65 ❌  | spn: gt=E4 pred=C6 ❌  | doremi: gt=mi pred=sol ❌  | hz: gt=329.6276 pred=480.0 ❌
    [ 124/192] triangle    stretch_0.5x    orig=E4   → gt=E4  | midi: gt=64 pred=65 ❌  | spn: gt=E4 pred=C6 ❌  | doremi: gt=mi pred=sol ❌  | hz: gt=329.6276 pred=480.0 ❌
    [ 125/192] cello       stretch_0.5x    orig=G4   → gt=G4  | midi: gt=67 pred=69 ❌  | spn: gt=G4 pred=C6 ❌  | doremi: gt=sol pred=sol ✅  | hz: gt=391.9954 pred=671.0 ❌
    [ 126/192] clarinet    stretch_0.5x    orig=G4   → gt=G4  | midi: gt=67 pred=68 ❌  | spn: gt=G4 pred=C6 ❌  | doremi: gt=sol pred=sol ✅  | hz: gt=391.9954 pred=450.0 ❌
    [ 127/192] triangle    stretch_0.5x    orig=G4   → gt=G4  | midi: gt=67 pred=68 ❌  | spn: gt=G4 pred=C6 ❌  | doremi: gt=sol pred=sol ✅  | hz: gt=391.9954 pred=480.0 ❌
    [ 128/192] sawtooth    stretch_0.5x    orig=G4   → gt=G4  | midi: gt=67 pred=63 ❌  | spn: gt=G4 pred=F#6 ❌  | doremi: gt=sol pred=sol ✅  | hz: gt=391.9954 pred=480.0 ❌
    [ 129/192] flute       stretch_0.5x    orig=A4   → gt=A4  | midi: gt=69 pred=69 ✅  | spn: gt=A4 pred=A4 ✅  | doremi: gt=la pred=sol ❌  | hz: gt=440.0 pred=450.0 ❌
    [ 130/192] guitar      stretch_0.5x    orig=A4   → gt=A4  | midi: gt=69 pred=69 ✅  | spn: gt=A4 pred=A4 ✅  | doremi: gt=la pred=sol ❌  | hz: gt=440.0 pred=450.0 ❌
    [ 131/192] triangle    stretch_0.5x    orig=A4   → gt=A4  | midi: gt=69 pred=69 ✅  | spn: gt=A4 pred=None ❌  | doremi: gt=la pred=sol ❌  | hz: gt=440.0 pred=450.0 ❌
    [ 132/192] sine        stretch_0.5x    orig=A4   → gt=A4  | midi: gt=69 pred=69 ✅  | spn: gt=A4 pred=None ❌  | doremi: gt=la pred=sol ❌  | hz: gt=440.0 pred=450.0 ❌
    [ 133/192] synth_lead  stretch_0.5x    orig=C5   → gt=C5  | midi: gt=72 pred=65 ❌  | spn: gt=C5 pred=C6 ❌  | doremi: gt=do pred=sol ❌  | hz: gt=523.2511 pred=480.0 ❌
    [ 134/192] piano       stretch_0.5x    orig=C5   → gt=C5  | midi: gt=72 pred=68 ❌  | spn: gt=C5 pred=C6 ❌  | doremi: gt=do pred=sol ❌  | hz: gt=523.2511 pred=480.0 ❌
    [ 135/192] sine        stretch_0.5x    orig=C5   → gt=C5  | midi: gt=72 pred=68 ❌  | spn: gt=C5 pred=C6 ❌  | doremi: gt=do pred=sol ❌  | hz: gt=523.2511 pred=480.0 ❌
    [ 136/192] triangle    stretch_0.5x    orig=C5   → gt=C5  | midi: gt=72 pred=68 ❌  | spn: gt=C5 pred=C6 ❌  | doremi: gt=do pred=sol ❌  | hz: gt=523.2511 pred=480.0 ❌
    [ 137/192] organ       stretch_0.5x    orig=F5   → gt=F5  | midi: gt=77 pred=65 ❌  | spn: gt=F5 pred=F6 ❌  | doremi: gt=fa pred=sol ❌  | hz: gt=698.4565 pred=701.0 ✅
    [ 138/192] guitar      stretch_0.5x    orig=F5   → gt=F5  | midi: gt=77 pred=65 ❌  | spn: gt=F5 pred=C6 ❌  | doremi: gt=fa pred=sol ❌  | hz: gt=698.4565 pred=460.0 ❌
    [ 139/192] triangle    stretch_0.5x    orig=F5   → gt=F5  | midi: gt=77 pred=68 ❌  | spn: gt=F5 pred=C6 ❌  | doremi: gt=fa pred=sol ❌  | hz: gt=698.4565 pred=450.0 ❌
    [ 140/192] square      stretch_0.5x    orig=F5   → gt=F5  | midi: gt=77 pred=65 ❌  | spn: gt=F5 pred=C6 ❌  | doremi: gt=fa pred=sol ❌  | hz: gt=698.4565 pred=480.0 ❌
    [ 141/192] electric_keyboard  stretch_0.5x    orig=C6   → gt=C6  | midi: gt=84 pred=84 ✅  | spn: gt=C6 pred=C6 ✅  | doremi: gt=do pred=sol ❌  | hz: gt=1046.5023 pred=840.0 ❌
    [ 142/192] clarinet    stretch_0.5x    orig=C6   → gt=C6  | midi: gt=84 pred=84 ✅  | spn: gt=C6 pred=C6 ✅  | doremi: gt=do pred=sol ❌  | hz: gt=1046.5023 pred=784.0 ❌
    [ 143/192] triangle    stretch_0.5x    orig=C6   → gt=C6  | midi: gt=84 pred=68 ❌  | spn: gt=C6 pred=C6 ✅  | doremi: gt=do pred=sol ❌  | hz: gt=1046.5023 pred=480.0 ❌
    [ 144/192] square      stretch_0.5x    orig=C6   → gt=C6  | midi: gt=84 pred=63 ❌  | spn: gt=C6 pred=C6 ✅  | doremi: gt=do pred=sol ❌  | hz: gt=1046.5023 pred=480.0 ❌
    [ 145/192] oboe        stretch_2x      orig=C2   → gt=C2  | midi: gt=36 pred=36 ✅  | spn: gt=C2 pred=C2 ✅  | doremi: gt=do pred=fa# ❌  | hz: gt=65.4064 pred=250.0 ❌
    [ 146/192] violin      stretch_2x      orig=C2   → gt=C2  | midi: gt=36 pred=48 ❌  | spn: gt=C2 pred=C2 ✅  | doremi: gt=do pred=fa# ❌  | hz: gt=65.4064 pred=480.0 ❌
    [ 147/192] square      stretch_2x      orig=C2   → gt=C2  | midi: gt=36 pred=43 ❌  | spn: gt=C2 pred=C6 ❌  | doremi: gt=do pred=sol ❌  | hz: gt=65.4064 pred=450.0 ❌
    [ 148/192] triangle    stretch_2x      orig=C2   → gt=C2  | midi: gt=36 pred=45 ❌  | spn: gt=C2 pred=C6 ❌  | doremi: gt=do pred=sol ❌  | hz: gt=65.4064 pred=480.0 ❌
    [ 149/192] synth_pad   stretch_2x      orig=G2   → gt=G2  | midi: gt=43 pred=65 ❌  | spn: gt=G2 pred=C6 ❌  | doremi: gt=sol pred=sol ✅  | hz: gt=97.9989 pred=460.0 ❌
    [ 150/192] piano       stretch_2x      orig=G2   → gt=G2  | midi: gt=43 pred=43 ✅  | spn: gt=G2 pred=C6 ❌  | doremi: gt=sol pred=sol ✅  | hz: gt=97.9989 pred=480.0 ❌
    [ 151/192] sine        stretch_2x      orig=G2   → gt=G2  | midi: gt=43 pred=48 ❌  | spn: gt=G2 pred=C4 ❌  | doremi: gt=sol pred=sol ✅  | hz: gt=97.9989 pred=480.0 ❌
    [ 152/192] square      stretch_2x      orig=G2   → gt=G2  | midi: gt=43 pred=43 ✅  | spn: gt=G2 pred=C6 ❌  | doremi: gt=sol pred=sol ✅  | hz: gt=97.9989 pred=450.0 ❌
    [ 153/192] voice       stretch_2x      orig=C3   → gt=C3  | midi: gt=48 pred=64 ❌  | spn: gt=C3 pred=C6 ❌  | doremi: gt=do pred=sol ❌  | hz: gt=130.8128 pred=480.0 ❌
    [ 154/192] violin      stretch_2x      orig=C3   → gt=C3  | midi: gt=48 pred=48 ✅  | spn: gt=C3 pred=C2 ❌  | doremi: gt=do pred=fa# ❌  | hz: gt=130.8128 pred=480.0 ❌
    [ 155/192] square      stretch_2x      orig=C3   → gt=C3  | midi: gt=48 pred=48 ✅  | spn: gt=C3 pred=C6 ❌  | doremi: gt=do pred=sol ❌  | hz: gt=130.8128 pred=480.0 ❌
    [ 156/192] trombone    stretch_2x      orig=F#3  → gt=F#3  | midi: gt=54 pred=54 ✅  | spn: gt=F#3 pred=C4 ❌  | doremi: gt=fa# pred=sol ❌  | hz: gt=184.9972 pred=480.0 ❌
    [ 157/192] triangle    stretch_2x      orig=C3   → gt=C3  | midi: gt=48 pred=48 ✅  | spn: gt=C3 pred=C6 ❌  | doremi: gt=do pred=sol ❌  | hz: gt=130.8128 pred=480.0 ❌
    [ 158/192] square      stretch_2x      orig=F#3  → gt=F#3  | midi: gt=54 pred=65 ❌  | spn: gt=F#3 pred=C6 ❌  | doremi: gt=fa# pred=sol ❌  | hz: gt=184.9972 pred=450.0 ❌
    [ 159/192] electric_keyboard  stretch_2x      orig=F#3  → gt=F#3  | midi: gt=54 pred=54 ✅  | spn: gt=F#3 pred=F#3 ✅  | doremi: gt=fa# pred=mi ❌  | hz: gt=184.9972 pred=480.0 ❌
    [ 160/192] sawtooth    stretch_2x      orig=F#3  → gt=F#3  | midi: gt=54 pred=43 ❌  | spn: gt=F#3 pred=F#2 ❌  | doremi: gt=fa# pred=sol ❌  | hz: gt=184.9972 pred=450.0 ❌
    [ 161/192] guitar      stretch_2x      orig=A#3  → gt=A#3  | midi: gt=58 pred=58 ✅  | spn: gt=A#3 pred=None ❌  | doremi: gt=la# pred=sol ❌  | hz: gt=233.0819 pred=450.0 ❌
    [ 162/192] sine        stretch_2x      orig=A#3  → gt=A#3  | midi: gt=58 pred=58 ✅  | spn: gt=A#3 pred=None ❌  | doremi: gt=la# pred=sol ❌  | hz: gt=233.0819 pred=250.0 ❌
    [ 163/192] oboe        stretch_2x      orig=A#3  → gt=A#3  | midi: gt=58 pred=58 ✅  | spn: gt=A#3 pred=None ❌  | doremi: gt=la# pred=sol ❌  | hz: gt=233.0819 pred=450.0 ❌
    [ 164/192] square      stretch_2x      orig=A#3  → gt=A#3  | midi: gt=58 pred=45 ❌  | spn: gt=A#3 pred=A6 ❌  | doremi: gt=la# pred=sol ❌  | hz: gt=233.0819 pred=450.0 ❌
    [ 165/192] voice       stretch_2x      orig=C4   → gt=C4  | midi: gt=60 pred=63 ❌  | spn: gt=C4 pred=C6 ❌  | doremi: gt=do pred=sol ❌  | hz: gt=261.6256 pred=480.0 ❌
    [ 166/192] bass        stretch_2x      orig=C4   → gt=C4  | midi: gt=60 pred=48 ❌  | spn: gt=C4 pred=C4 ✅  | doremi: gt=do pred=sol ❌  | hz: gt=261.6256 pred=480.0 ❌
    [ 167/192] square      stretch_2x      orig=C4   → gt=C4  | midi: gt=60 pred=63 ❌  | spn: gt=C4 pred=C6 ❌  | doremi: gt=do pred=sol ❌  | hz: gt=261.6256 pred=480.0 ❌
    [ 168/192] triangle    stretch_2x      orig=C4   → gt=C4  | midi: gt=60 pred=69 ❌  | spn: gt=C4 pred=C6 ❌  | doremi: gt=do pred=sol ❌  | hz: gt=261.6256 pred=480.0 ❌
    [ 169/192] synth_lead  stretch_2x      orig=E4   → gt=E4  | midi: gt=64 pred=63 ❌  | spn: gt=E4 pred=C6 ❌  | doremi: gt=mi pred=sol ❌  | hz: gt=329.6276 pred=480.0 ❌
    [ 170/192] guitar      stretch_2x      orig=E4   → gt=E4  | midi: gt=64 pred=64 ✅  | spn: gt=E4 pred=F#2 ❌  | doremi: gt=mi pred=sol ❌  | hz: gt=329.6276 pred=450.0 ❌
    [ 171/192] sine        stretch_2x      orig=E4   → gt=E4  | midi: gt=64 pred=64 ✅  | spn: gt=E4 pred=C6 ❌  | doremi: gt=mi pred=sol ❌  | hz: gt=329.6276 pred=480.0 ❌
    [ 172/192] square      stretch_2x      orig=E4   → gt=E4  | midi: gt=64 pred=64 ✅  | spn: gt=E4 pred=C6 ❌  | doremi: gt=mi pred=sol ❌  | hz: gt=329.6276 pred=450.0 ❌
    [ 173/192] trumpet     stretch_2x      orig=G4   → gt=G4  | midi: gt=67 pred=67 ✅  | spn: gt=G4 pred=C6 ❌  | doremi: gt=sol pred=sol ✅  | hz: gt=391.9954 pred=493.88 ❌
    [ 174/192] synth_pad   stretch_2x      orig=G4   → gt=G4  | midi: gt=67 pred=68 ❌  | spn: gt=G4 pred=C6 ❌  | doremi: gt=sol pred=sol ✅  | hz: gt=391.9954 pred=480.0 ❌
    [ 175/192] sawtooth    stretch_2x      orig=G4   → gt=G4  | midi: gt=67 pred=65 ❌  | spn: gt=G4 pred=C6 ❌  | doremi: gt=sol pred=sol ✅  | hz: gt=391.9954 pred=450.0 ❌
    [ 176/192] sine        stretch_2x      orig=G4   → gt=G4  | midi: gt=67 pred=63 ❌  | spn: gt=G4 pred=C6 ❌  | doremi: gt=sol pred=sol ✅  | hz: gt=391.9954 pred=480.0 ❌
    [ 177/192] trombone    stretch_2x      orig=A4   → gt=A4  | midi: gt=69 pred=69 ✅  | spn: gt=A4 pred=A4 ✅  | doremi: gt=la pred=sol ❌  | hz: gt=440.0 pred=450.0 ❌
    [ 178/192] synth_lead  stretch_2x      orig=A4   → gt=A4  | midi: gt=69 pred=69 ✅  | spn: gt=A4 pred=C6 ❌  | doremi: gt=la pred=sol ❌  | hz: gt=440.0 pred=480.0 ❌
    [ 179/192] sawtooth    stretch_2x      orig=A4   → gt=A4  | midi: gt=69 pred=45 ❌  | spn: gt=A4 pred=A4 ✅  | doremi: gt=la pred=sol ❌  | hz: gt=440.0 pred=450.0 ❌
    [ 180/192] square      stretch_2x      orig=A4   → gt=A4  | midi: gt=69 pred=69 ✅  | spn: gt=A4 pred=A6 ❌  | doremi: gt=la pred=sol ❌  | hz: gt=440.0 pred=450.0 ❌
    [ 181/192] synth_lead  stretch_2x      orig=C5   → gt=C5  | midi: gt=72 pred=68 ❌  | spn: gt=C5 pred=C6 ❌  | doremi: gt=do pred=sol ❌  | hz: gt=523.2511 pred=480.0 ❌
    [ 182/192] violin      stretch_2x      orig=C5   → gt=C5  | midi: gt=72 pred=68 ❌  | spn: gt=C5 pred=C6 ❌  | doremi: gt=do pred=sol ❌  | hz: gt=523.2511 pred=480.0 ❌
    [ 183/192] sine        stretch_2x      orig=C5   → gt=C5  | midi: gt=72 pred=63 ❌  | spn: gt=C5 pred=C6 ❌  | doremi: gt=do pred=sol ❌  | hz: gt=523.2511 pred=480.0 ❌
    [ 184/192] square      stretch_2x      orig=C5   → gt=C5  | midi: gt=72 pred=63 ❌  | spn: gt=C5 pred=C6 ❌  | doremi: gt=do pred=sol ❌  | hz: gt=523.2511 pred=450.0 ❌
    [ 185/192] trombone    stretch_2x      orig=F5   → gt=F5  | midi: gt=77 pred=68 ❌  | spn: gt=F5 pred=C6 ❌  | doremi: gt=fa pred=sol ❌  | hz: gt=698.4565 pred=659.3 ❌
    [ 186/192] oboe        stretch_2x      orig=F5   → gt=F5  | midi: gt=77 pred=76 ❌  | spn: gt=F5 pred=C6 ❌  | doremi: gt=fa pred=sol ❌  | hz: gt=698.4565 pred=700.0 ✅
    [ 187/192] sine        stretch_2x      orig=F5   → gt=F5  | midi: gt=77 pred=68 ❌  | spn: gt=F5 pred=C6 ❌  | doremi: gt=fa pred=sol ❌  | hz: gt=698.4565 pred=1075.0 ❌
    [ 188/192] triangle    stretch_2x      orig=F5   → gt=F5  | midi: gt=77 pred=69 ❌  | spn: gt=F5 pred=C6 ❌  | doremi: gt=fa pred=sol ❌  | hz: gt=698.4565 pred=450.0 ❌
    [ 189/192] voice       stretch_2x      orig=C6   → gt=C6  | midi: gt=84 pred=84 ✅  | spn: gt=C6 pred=C6 ✅  | doremi: gt=do pred=sol ❌  | hz: gt=1046.5023 pred=840.0 ❌
    [ 190/192] trombone    stretch_2x      orig=C6   → gt=C6  | midi: gt=84 pred=84 ✅  | spn: gt=C6 pred=C6 ✅  | doremi: gt=do pred=sol ❌  | hz: gt=1046.5023 pred=800.0 ❌
    [ 191/192] square      stretch_2x      orig=C6   → gt=C6  | midi: gt=84 pred=65 ❌  | spn: gt=C6 pred=C6 ✅  | doremi: gt=do pred=sol ❌  | hz: gt=1046.5023 pred=450.0 ❌
    [ 192/192] sine        stretch_2x      orig=C6   → gt=C6  | midi: gt=84 pred=68 ❌  | spn: gt=C6 pred=C6 ✅  | doremi: gt=do pred=sol ❌  | hz: gt=1046.5023 pred=480.0 ❌

============================================================
SUMMARY — audio_flamingo_next_instruct
  Sampling     : 192 of 912 (stratified by '(condition, midi, source_type)', seed=42)
  Stimuli (total)     : 192
  Stimuli (condition) : 192  (all records)

  Format   Accuracy
  ──────────────────
    MIDI      27.1%
     SPN      12.5%
  DOREMI      17.2%
      HZ       1.0%
     ANY      34.9%

  *** WARNING: working tree has uncommitted changes — results will NOT be exactly reproducible from git_commit alone ***


Results saved → results/run_20260506_053722/pitchbench_e4_time_stretching/run_001_20260506_063446/results_audio_flamingo_next_instruct.*

############################################################
# pitchbench_e5_vibrato
############################################################

Experiment : pitchbench_e5_vibrato
Models     : audio_flamingo_next_instruct
Stimuli    : 160
  Sampling     : 160 of 320 (stratified by '(vibrato_rate_hz, vibrato_depth_cents, midi)', seed=42)

  Model : Audio Flamingo Next – instruct
    [dispatch] 160 items, max_workers=2
    [   1/160]  F#1 sine  | midi: gt=30 pred=35 ❌  | spn: gt=F#1 pred=A#2 ❌  | doremi: gt=fa# pred=fa# ✅  | hz: gt=46.2493 pred=250.0 ❌
    [   2/160]  F#1 sine  | midi: gt=30 pred=35 ❌  | spn: gt=F#1 pred=C2 ❌  | doremi: gt=fa# pred=fa# ✅  | hz: gt=46.2493 pred=25.0 ❌
    [   3/160]  F#1 sine  | midi: gt=30 pred=35 ❌  | spn: gt=F#1 pred=C2 ❌  | doremi: gt=fa# pred=fa# ✅  | hz: gt=46.2493 pred=25.0 ❌
    [   4/160]  F#1 sine  | midi: gt=30 pred=35 ❌  | spn: gt=F#1 pred=C2 ❌  | doremi: gt=fa# pred=fa# ✅  | hz: gt=46.2493 pred=261.63 ❌
    [   5/160]  F#1 sine  | midi: gt=30 pred=35 ❌  | spn: gt=F#1 pred=C2 ❌  | doremi: gt=fa# pred=sol ❌  | hz: gt=46.2493 pred=105.26 ❌
    [   6/160]  F#1 sine  | midi: gt=30 pred=35 ❌  | spn: gt=F#1 pred=C2 ❌  | doremi: gt=fa# pred=fa# ✅  | hz: gt=46.2493 pred=105.26 ❌
    [   7/160]  F#1 sine  | midi: gt=30 pred=35 ❌  | spn: gt=F#1 pred=C2 ❌  | doremi: gt=fa# pred=fa# ✅  | hz: gt=46.2493 pred=25.0 ❌
    [   8/160]  F#1 sine  | midi: gt=30 pred=35 ❌  | spn: gt=F#1 pred=C2 ❌  | doremi: gt=fa# pred=fa# ✅  | hz: gt=46.2493 pred=25.0 ❌
    [   9/160]  F#1 sine  | midi: gt=30 pred=35 ❌  | spn: gt=F#1 pred=C2 ❌  | doremi: gt=fa# pred=sol ❌  | hz: gt=46.2493 pred=250.0 ❌
    [  10/160]  F#1 sine  | midi: gt=30 pred=35 ❌  | spn: gt=F#1 pred=C2 ❌  | doremi: gt=fa# pred=sol ❌  | hz: gt=46.2493 pred=105.26 ❌
    [  11/160]   G2 sine  | midi: gt=43 pred=48 ❌  | spn: gt=G2 pred=C2 ❌  | doremi: gt=sol pred=sol ✅  | hz: gt=97.9989 pred=107.65 ❌
    [  12/160]   G2 sine  | midi: gt=43 pred=48 ❌  | spn: gt=G2 pred=C2 ❌  | doremi: gt=sol pred=sol ✅  | hz: gt=97.9989 pred=107.86 ❌
    [  13/160]   G2 sine  | midi: gt=43 pred=45 ❌  | spn: gt=G2 pred=C4 ❌  | doremi: gt=sol pred=sol ✅  | hz: gt=97.9989 pred=107.65 ❌
    [  14/160]   G2 sine  | midi: gt=43 pred=48 ❌  | spn: gt=G2 pred=C2 ❌  | doremi: gt=sol pred=sol ✅  | hz: gt=97.9989 pred=107.86 ❌
    [  15/160]   G2 sine  | midi: gt=43 pred=48 ❌  | spn: gt=G2 pred=C2 ❌  | doremi: gt=sol pred=sol ✅  | hz: gt=97.9989 pred=105.26 ❌
    [  16/160]   G2 sine  | midi: gt=43 pred=48 ❌  | spn: gt=G2 pred=C2 ❌  | doremi: gt=sol pred=sol ✅  | hz: gt=97.9989 pred=105.26 ❌
    [  17/160]   G2 sine  | midi: gt=43 pred=48 ❌  | spn: gt=G2 pred=C2 ❌  | doremi: gt=sol pred=sol ✅  | hz: gt=97.9989 pred=105.26 ❌
    [  18/160]   G2 sine  | midi: gt=43 pred=48 ❌  | spn: gt=G2 pred=C2 ❌  | doremi: gt=sol pred=fa# ❌  | hz: gt=97.9989 pred=105.26 ❌
    [  19/160]  F#3 sine  | midi: gt=54 pred=56 ❌  | spn: gt=F#3 pred=C4 ❌  | doremi: gt=fa# pred=sol ❌  | hz: gt=184.9972 pred=450.0 ❌
    [  20/160]  F#3 sine  | midi: gt=54 pred=48 ❌  | spn: gt=F#3 pred=C4 ❌  | doremi: gt=fa# pred=sol ❌  | hz: gt=184.9972 pred=107.89 ❌
    [  21/160]  F#3 sine  | midi: gt=54 pred=54 ✅  | spn: gt=F#3 pred=C4 ❌  | doremi: gt=fa# pred=sol ❌  | hz: gt=184.9972 pred=107.89 ❌
    [  22/160]  F#3 sine  | midi: gt=54 pred=58 ❌  | spn: gt=F#3 pred=A#5 ❌  | doremi: gt=fa# pred=sol ❌  | hz: gt=184.9972 pred=105.26 ❌
    [  23/160]  F#3 sine  | midi: gt=54 pred=58 ❌  | spn: gt=F#3 pred=C4 ❌  | doremi: gt=fa# pred=sol ❌  | hz: gt=184.9972 pred=105.26 ❌
    [  24/160]  F#3 sine  | midi: gt=54 pred=54 ✅  | spn: gt=F#3 pred=C4 ❌  | doremi: gt=fa# pred=sol ❌  | hz: gt=184.9972 pred=105.26 ❌
    [  25/160]  F#3 sine  | midi: gt=54 pred=54 ✅  | spn: gt=F#3 pred=C4 ❌  | doremi: gt=fa# pred=sol ❌  | hz: gt=184.9972 pred=107.86 ❌
    [  26/160]  F#3 sine  | midi: gt=54 pred=54 ✅  | spn: gt=F#3 pred=C4 ❌  | doremi: gt=fa# pred=sol ❌  | hz: gt=184.9972 pred=107.86 ❌
    [  27/160]  F#3 sine  | midi: gt=54 pred=54 ✅  | spn: gt=F#3 pred=C4 ❌  | doremi: gt=fa# pred=sol ❌  | hz: gt=184.9972 pred=105.26 ❌
    [  28/160]  F#3 sine  | midi: gt=54 pred=54 ✅  | spn: gt=F#3 pred=C4 ❌  | doremi: gt=fa# pred=sol ❌  | hz: gt=184.9972 pred=105.26 ❌
    [  29/160]   E4 sine  | midi: gt=64 pred=64 ✅  | spn: gt=E4 pred=D4 ❌  | doremi: gt=mi pred=sol ❌  | hz: gt=329.6276 pred=150.0 ❌
    [  30/160]  F#3 sine  | midi: gt=54 pred=64 ❌  | spn: gt=F#3 pred=C4 ❌  | doremi: gt=fa# pred=sol ❌  | hz: gt=184.9972 pred=105.26 ❌
    [  31/160]   E4 sine  | midi: gt=64 pred=63 ❌  | spn: gt=E4 pred=E4 ✅  | doremi: gt=mi pred=sol ❌  | hz: gt=329.6276 pred=64.0 ❌
    [  32/160]   E4 sine  | midi: gt=64 pred=64 ✅  | spn: gt=E4 pred=C6 ❌  | doremi: gt=mi pred=sol ❌  | hz: gt=329.6276 pred=64.0 ❌
    [  33/160]   E4 sine  | midi: gt=64 pred=64 ✅  | spn: gt=E4 pred=E4 ✅  | doremi: gt=mi pred=sol ❌  | hz: gt=329.6276 pred=64.0 ❌
    [  34/160]   E4 sine  | midi: gt=64 pred=63 ❌  | spn: gt=E4 pred=C4 ❌  | doremi: gt=mi pred=fa# ❌  | hz: gt=329.6276 pred=250.0 ❌
    [  35/160]   E4 sine  | midi: gt=64 pred=64 ✅  | spn: gt=E4 pred=E4 ✅  | doremi: gt=mi pred=sol ❌  | hz: gt=329.6276 pred=64.0 ❌
    [  36/160]   E4 sine  | midi: gt=64 pred=63 ❌  | spn: gt=E4 pred=C4 ❌  | doremi: gt=mi pred=sol ❌  | hz: gt=329.6276 pred=605.0 ❌
    [  37/160]   E4 sine  | midi: gt=64 pred=63 ❌  | spn: gt=E4 pred=C6 ❌  | doremi: gt=mi pred=sol ❌  | hz: gt=329.6276 pred=250.0 ❌
    [  38/160]   G5 sine  | midi: gt=79 pred=68 ❌  | spn: gt=G5 pred=C6 ❌  | doremi: gt=sol pred=sol ✅  | hz: gt=783.9909 pred=1050.0 ❌
    [  39/160]   G5 sine  | midi: gt=79 pred=68 ❌  | spn: gt=G5 pred=C6 ❌  | doremi: gt=sol pred=sol ✅  | hz: gt=783.9909 pred=1050.0 ❌
    [  40/160]   G5 sine  | midi: gt=79 pred=68 ❌  | spn: gt=G5 pred=C6 ❌  | doremi: gt=sol pred=sol ✅  | hz: gt=783.9909 pred=6710.58 ❌
    [  41/160]   G5 sine  | midi: gt=79 pred=68 ❌  | spn: gt=G5 pred=C6 ❌  | doremi: gt=sol pred=fa# ❌  | hz: gt=783.9909 pred=1050.0 ❌
    [  42/160]  F#1 sawtooth  | midi: gt=30 pred=43 ❌  | spn: gt=F#1 pred=C2 ❌  | doremi: gt=fa# pred=fa# ✅  | hz: gt=46.2493 pred=1046.53 ❌
    [  43/160]  F#1 sawtooth  | midi: gt=30 pred=43 ❌  | spn: gt=F#1 pred=C4 ❌  | doremi: gt=fa# pred=fa# ✅  | hz: gt=46.2493 pred=1046.53 ❌
    [  44/160]  F#1 sawtooth  | midi: gt=30 pred=43 ❌  | spn: gt=F#1 pred=C2 ❌  | doremi: gt=fa# pred=fa# ✅  | hz: gt=46.2493 pred=1046.53 ❌
    [  45/160]   G2 sawtooth  | midi: gt=43 pred=43 ✅  | spn: gt=G2 pred=F#2 ❌  | doremi: gt=sol pred=sol ✅  | hz: gt=97.9989 pred=435.89 ❌
    [  46/160]   G2 sawtooth  | midi: gt=43 pred=43 ✅  | spn: gt=G2 pred=F#2 ❌  | doremi: gt=sol pred=sol ✅  | hz: gt=97.9989 pred=450.0 ❌
    [  47/160]   G2 sawtooth  | midi: gt=43 pred=43 ✅  | spn: gt=G2 pred=G2 ✅  | doremi: gt=sol pred=sol ✅  | hz: gt=97.9989 pred=435.89 ❌
    [  48/160]   G2 sawtooth  | midi: gt=43 pred=43 ✅  | spn: gt=G2 pred=F#2 ❌  | doremi: gt=sol pred=sol# ❌  | hz: gt=97.9989 pred=450.0 ❌
    [  49/160]   G2 sawtooth  | midi: gt=43 pred=45 ❌  | spn: gt=G2 pred=A2 ❌  | doremi: gt=sol pred=fa# ❌  | hz: gt=97.9989 pred=450.0 ❌
    [  50/160]   G2 sawtooth  | midi: gt=43 pred=43 ✅  | spn: gt=G2 pred=F#2 ❌  | doremi: gt=sol pred=sol ✅  | hz: gt=97.9989 pred=435.89 ❌
    [  51/160]   G2 sawtooth  | midi: gt=43 pred=43 ✅  | spn: gt=G2 pred=G2 ✅  | doremi: gt=sol pred=sol ✅  | hz: gt=97.9989 pred=450.0 ❌
    [  52/160]   G2 sawtooth  | midi: gt=43 pred=43 ✅  | spn: gt=G2 pred=G#2 ❌  | doremi: gt=sol pred=sol# ❌  | hz: gt=97.9989 pred=435.89 ❌
    [  53/160]  F#3 sawtooth  | midi: gt=54 pred=63 ❌  | spn: gt=F#3 pred=F#6 ❌  | doremi: gt=fa# pred=sol# ❌  | hz: gt=184.9972 pred=450.0 ❌
    [  54/160]  F#3 sawtooth  | midi: gt=54 pred=63 ❌  | spn: gt=F#3 pred=F#6 ❌  | doremi: gt=fa# pred=sol# ❌  | hz: gt=184.9972 pred=450.0 ❌
    [  55/160]  F#3 sawtooth  | midi: gt=54 pred=43 ❌  | spn: gt=F#3 pred=F#2 ❌  | doremi: gt=fa# pred=sol ❌  | hz: gt=184.9972 pred=1046.53 ❌
    [  56/160]  F#3 sawtooth  | midi: gt=54 pred=43 ❌  | spn: gt=F#3 pred=C6 ❌  | doremi: gt=fa# pred=fa# ✅  | hz: gt=184.9972 pred=1058.47 ❌
    [  57/160]   E4 sawtooth  | midi: gt=64 pred=63 ❌  | spn: gt=E4 pred=E6 ❌  | doremi: gt=mi pred=sol ❌  | hz: gt=329.6276 pred=640.0 ❌
    [  58/160]   E4 sawtooth  | midi: gt=64 pred=63 ❌  | spn: gt=E4 pred=A7 ❌  | doremi: gt=mi pred=sol ❌  | hz: gt=329.6276 pred=480.0 ❌
    [  59/160]   E4 sawtooth  | midi: gt=64 pred=63 ❌  | spn: gt=E4 pred=C6 ❌  | doremi: gt=mi pred=sol# ❌  | hz: gt=329.6276 pred=1250.0 ❌
    [  60/160]   E4 sawtooth  | midi: gt=64 pred=63 ❌  | spn: gt=E4 pred=E6 ❌  | doremi: gt=mi pred=sol# ❌  | hz: gt=329.6276 pred=659.3 ❌
    [  61/160]   E4 sawtooth  | midi: gt=64 pred=63 ❌  | spn: gt=E4 pred=F6 ❌  | doremi: gt=mi pred=sol# ❌  | hz: gt=329.6276 pred=450.0 ❌
    [  62/160]   E4 sawtooth  | midi: gt=64 pred=63 ❌  | spn: gt=E4 pred=C6 ❌  | doremi: gt=mi pred=sol# ❌  | hz: gt=329.6276 pred=1046.53 ❌
    [  63/160]   E4 sawtooth  | midi: gt=64 pred=63 ❌  | spn: gt=E4 pred=E4 ✅  | doremi: gt=mi pred=sol ❌  | hz: gt=329.6276 pred=450.0 ❌
    [  64/160]   E4 sawtooth  | midi: gt=64 pred=63 ❌  | spn: gt=E4 pred=E6 ❌  | doremi: gt=mi pred=sol# ❌  | hz: gt=329.6276 pred=640.0 ❌
    [  65/160]   G5 sawtooth  | midi: gt=79 pred=63 ❌  | spn: gt=G5 pred=F#6 ❌  | doremi: gt=sol pred=sol ✅  | hz: gt=783.9909 pred=1250.0 ❌
    [  66/160]   G5 sawtooth  | midi: gt=79 pred=69 ❌  | spn: gt=G5 pred=C6 ❌  | doremi: gt=sol pred=sol ✅  | hz: gt=783.9909 pred=659.28 ❌
    [  67/160]   G5 sawtooth  | midi: gt=79 pred=69 ❌  | spn: gt=G5 pred=F6 ❌  | doremi: gt=sol pred=sol# ❌  | hz: gt=783.9909 pred=1046.53 ❌
    [  68/160]   G5 sawtooth  | midi: gt=79 pred=68 ❌  | spn: gt=G5 pred=C6 ❌  | doremi: gt=sol pred=sol# ❌  | hz: gt=783.9909 pred=659.28 ❌
    [  69/160]   G5 sawtooth  | midi: gt=79 pred=68 ❌  | spn: gt=G5 pred=C6 ❌  | doremi: gt=sol pred=sol# ❌  | hz: gt=783.9909 pred=450.0 ❌
    [  70/160]   G5 sawtooth  | midi: gt=79 pred=69 ❌  | spn: gt=G5 pred=F6 ❌  | doremi: gt=sol pred=sol# ❌  | hz: gt=783.9909 pred=1046.53 ❌
    [  71/160]   G5 sawtooth  | midi: gt=79 pred=68 ❌  | spn: gt=G5 pred=C6 ❌  | doremi: gt=sol pred=sol# ❌  | hz: gt=783.9909 pred=1046.53 ❌
    [  72/160]   G5 sawtooth  | midi: gt=79 pred=69 ❌  | spn: gt=G5 pred=F6 ❌  | doremi: gt=sol pred=sol# ❌  | hz: gt=783.9909 pred=450.0 ❌
    [  73/160]   G5 sawtooth  | midi: gt=79 pred=69 ❌  | spn: gt=G5 pred=F6 ❌  | doremi: gt=sol pred=sol# ❌  | hz: gt=783.9909 pred=1860.42 ❌
    [  74/160]   G5 sawtooth  | midi: gt=79 pred=69 ❌  | spn: gt=G5 pred=C6 ❌  | doremi: gt=sol pred=sol# ❌  | hz: gt=783.9909 pred=1200.0 ❌
    [  75/160]  F#1 square  | midi: gt=30 pred=34 ❌  | spn: gt=F#1 pred=A2 ❌  | doremi: gt=fa# pred=fa# ✅  | hz: gt=46.2493 pred=450.0 ❌
    [  76/160]  F#1 square  | midi: gt=30 pred=35 ❌  | spn: gt=F#1 pred=A#2 ❌  | doremi: gt=fa# pred=fa# ✅  | hz: gt=46.2493 pred=450.0 ❌
    [  77/160]  F#1 square  | midi: gt=30 pred=43 ❌  | spn: gt=F#1 pred=A#2 ❌  | doremi: gt=fa# pred=sol ❌  | hz: gt=46.2493 pred=450.0 ❌
    [  78/160]  F#1 square  | midi: gt=30 pred=35 ❌  | spn: gt=F#1 pred=A#2 ❌  | doremi: gt=fa# pred=fa# ✅  | hz: gt=46.2493 pred=450.0 ❌
    [  79/160]  F#1 square  | midi: gt=30 pred=34 ❌  | spn: gt=F#1 pred=A#2 ❌  | doremi: gt=fa# pred=fa# ✅  | hz: gt=46.2493 pred=450.0 ❌
    [  80/160]  F#1 square  | midi: gt=30 pred=43 ❌  | spn: gt=F#1 pred=A#2 ❌  | doremi: gt=fa# pred=sol ❌  | hz: gt=46.2493 pred=450.0 ❌
    [  81/160]  F#1 square  | midi: gt=30 pred=35 ❌  | spn: gt=F#1 pred=A2 ❌  | doremi: gt=fa# pred=fa# ✅  | hz: gt=46.2493 pred=450.0 ❌
    [  82/160]  F#1 square  | midi: gt=30 pred=35 ❌  | spn: gt=F#1 pred=A#2 ❌  | doremi: gt=fa# pred=fa# ✅  | hz: gt=46.2493 pred=450.0 ❌
    [  83/160]  F#1 square  | midi: gt=30 pred=34 ❌  | spn: gt=F#1 pred=A2 ❌  | doremi: gt=fa# pred=fa# ✅  | hz: gt=46.2493 pred=450.0 ❌
    [  84/160]  F#1 square  | midi: gt=30 pred=43 ❌  | spn: gt=F#1 pred=A#2 ❌  | doremi: gt=fa# pred=fa# ✅  | hz: gt=46.2493 pred=450.0 ❌
    [  85/160]   G2 square  | midi: gt=43 pred=43 ✅  | spn: gt=G2 pred=A2 ❌  | doremi: gt=sol pred=sol ✅  | hz: gt=97.9989 pred=450.0 ❌
    [  86/160]   G2 square  | midi: gt=43 pred=43 ✅  | spn: gt=G2 pred=F#2 ❌  | doremi: gt=sol pred=sol ✅  | hz: gt=97.9989 pred=450.0 ❌
    [  87/160]   G2 square  | midi: gt=43 pred=43 ✅  | spn: gt=G2 pred=A2 ❌  | doremi: gt=sol pred=sol ✅  | hz: gt=97.9989 pred=450.0 ❌
    [  88/160]   G2 square  | midi: gt=43 pred=43 ✅  | spn: gt=G2 pred=F#2 ❌  | doremi: gt=sol pred=sol ✅  | hz: gt=97.9989 pred=450.0 ❌
    [  89/160]   G2 square  | midi: gt=43 pred=43 ✅  | spn: gt=G2 pred=A2 ❌  | doremi: gt=sol pred=sol ✅  | hz: gt=97.9989 pred=450.0 ❌
    [  90/160]   G2 square  | midi: gt=43 pred=43 ✅  | spn: gt=G2 pred=F#2 ❌  | doremi: gt=sol pred=sol# ❌  | hz: gt=97.9989 pred=450.0 ❌
    [  91/160]   G2 square  | midi: gt=43 pred=43 ✅  | spn: gt=G2 pred=F#2 ❌  | doremi: gt=sol pred=sol ✅  | hz: gt=97.9989 pred=450.0 ❌
    [  92/160]   G2 square  | midi: gt=43 pred=48 ❌  | spn: gt=G2 pred=A#2 ❌  | doremi: gt=sol pred=fa# ❌  | hz: gt=97.9989 pred=1046.53 ❌
    [  93/160]   G2 square  | midi: gt=43 pred=43 ✅  | spn: gt=G2 pred=F#2 ❌  | doremi: gt=sol pred=sol ✅  | hz: gt=97.9989 pred=450.0 ❌
    [  94/160]   G2 square  | midi: gt=43 pred=43 ✅  | spn: gt=G2 pred=A#2 ❌  | doremi: gt=sol pred=fa# ❌  | hz: gt=97.9989 pred=1046.53 ❌
    [  95/160]   G2 square  | midi: gt=43 pred=43 ✅  | spn: gt=G2 pred=F#2 ❌  | doremi: gt=sol pred=sol# ❌  | hz: gt=97.9989 pred=450.0 ❌
    [  96/160]  F#3 square  | midi: gt=54 pred=65 ❌  | spn: gt=F#3 pred=F#6 ❌  | doremi: gt=fa# pred=sol ❌  | hz: gt=184.9972 pred=450.0 ❌
    [  97/160]  F#3 square  | midi: gt=54 pred=63 ❌  | spn: gt=F#3 pred=F#2 ❌  | doremi: gt=fa# pred=sol# ❌  | hz: gt=184.9972 pred=450.0 ❌
    [  98/160]  F#3 square  | midi: gt=54 pred=54 ✅  | spn: gt=F#3 pred=F#2 ❌  | doremi: gt=fa# pred=sol ❌  | hz: gt=184.9972 pred=450.0 ❌
    [  99/160]  F#3 square  | midi: gt=54 pred=63 ❌  | spn: gt=F#3 pred=F#2 ❌  | doremi: gt=fa# pred=sol# ❌  | hz: gt=184.9972 pred=480.0 ❌
    [ 100/160]  F#3 square  | midi: gt=54 pred=63 ❌  | spn: gt=F#3 pred=C6 ❌  | doremi: gt=fa# pred=sol# ❌  | hz: gt=184.9972 pred=1046.53 ❌
    [ 101/160]  F#3 square  | midi: gt=54 pred=63 ❌  | spn: gt=F#3 pred=F#2 ❌  | doremi: gt=fa# pred=sol# ❌  | hz: gt=184.9972 pred=450.0 ❌
    [ 102/160]  F#3 square  | midi: gt=54 pred=63 ❌  | spn: gt=F#3 pred=F#2 ❌  | doremi: gt=fa# pred=fa# ✅  | hz: gt=184.9972 pred=1046.53 ❌
    [ 103/160]  F#3 square  | midi: gt=54 pred=63 ❌  | spn: gt=F#3 pred=F#6 ❌  | doremi: gt=fa# pred=sol# ❌  | hz: gt=184.9972 pred=1075.83 ❌
    [ 104/160]  F#3 square  | midi: gt=54 pred=63 ❌  | spn: gt=F#3 pred=C6 ❌  | doremi: gt=fa# pred=sol# ❌  | hz: gt=184.9972 pred=1046.53 ❌
    [ 105/160]  F#3 square  | midi: gt=54 pred=54 ✅  | spn: gt=F#3 pred=F#2 ❌  | doremi: gt=fa# pred=sol ❌  | hz: gt=184.9972 pred=450.0 ❌
    [ 106/160]   E4 square  | midi: gt=64 pred=69 ❌  | spn: gt=E4 pred=A7 ❌  | doremi: gt=mi pred=sol ❌  | hz: gt=329.6276 pred=1058.43 ❌
    [ 107/160]   E4 square  | midi: gt=64 pred=63 ❌  | spn: gt=E4 pred=C6 ❌  | doremi: gt=mi pred=sol# ❌  | hz: gt=329.6276 pred=450.0 ❌
    [ 108/160]   E4 square  | midi: gt=64 pred=69 ❌  | spn: gt=E4 pred=A7 ❌  | doremi: gt=mi pred=sol ❌  | hz: gt=329.6276 pred=1046.53 ❌
    [ 109/160]   E4 square  | midi: gt=64 pred=65 ❌  | spn: gt=E4 pred=F#6 ❌  | doremi: gt=mi pred=fa# ❌  | hz: gt=329.6276 pred=659.3 ❌
    [ 110/160]   E4 square  | midi: gt=64 pred=69 ❌  | spn: gt=E4 pred=A7 ❌  | doremi: gt=mi pred=sol ❌  | hz: gt=329.6276 pred=450.0 ❌
    [ 111/160]   E4 square  | midi: gt=64 pred=65 ❌  | spn: gt=E4 pred=F#6 ❌  | doremi: gt=mi pred=fa# ❌  | hz: gt=329.6276 pred=450.0 ❌
    [ 112/160]   E4 square  | midi: gt=64 pred=65 ❌  | spn: gt=E4 pred=F#6 ❌  | doremi: gt=mi pred=sol# ❌  | hz: gt=329.6276 pred=659.3 ❌
    [ 113/160]   E4 square  | midi: gt=64 pred=68 ❌  | spn: gt=E4 pred=F#6 ❌  | doremi: gt=mi pred=sol# ❌  | hz: gt=329.6276 pred=480.0 ❌
    [ 114/160]   E4 square  | midi: gt=64 pred=69 ❌  | spn: gt=E4 pred=A7 ❌  | doremi: gt=mi pred=fa# ❌  | hz: gt=329.6276 pred=480.0 ❌
    [ 115/160]   E4 square  | midi: gt=64 pred=65 ❌  | spn: gt=E4 pred=F#6 ❌  | doremi: gt=mi pred=sol# ❌  | hz: gt=329.6276 pred=659.3 ❌
    [ 116/160]   E4 square  | midi: gt=64 pred=63 ❌  | spn: gt=E4 pred=C6 ❌  | doremi: gt=mi pred=fa# ❌  | hz: gt=329.6276 pred=1046.53 ❌
    [ 117/160]   G5 square  | midi: gt=79 pred=69 ❌  | spn: gt=G5 pred=C6 ❌  | doremi: gt=sol pred=sol# ❌  | hz: gt=783.9909 pred=1050.0 ❌
    [ 118/160]   G5 square  | midi: gt=79 pred=68 ❌  | spn: gt=G5 pred=C6 ❌  | doremi: gt=sol pred=sol# ❌  | hz: gt=783.9909 pred=1200.0 ❌
    [ 119/160]   G5 square  | midi: gt=79 pred=68 ❌  | spn: gt=G5 pred=C6 ❌  | doremi: gt=sol pred=sol# ❌  | hz: gt=783.9909 pred=1058.47 ❌
    [ 120/160]   G5 square  | midi: gt=79 pred=68 ❌  | spn: gt=G5 pred=C6 ❌  | doremi: gt=sol pred=sol# ❌  | hz: gt=783.9909 pred=1046.53 ❌
    [ 121/160]   G5 square  | midi: gt=79 pred=69 ❌  | spn: gt=G5 pred=F#6 ❌  | doremi: gt=sol pred=sol ✅  | hz: gt=783.9909 pred=1034.52 ❌
    [ 122/160]   G5 square  | midi: gt=79 pred=69 ❌  | spn: gt=G5 pred=F#6 ❌  | doremi: gt=sol pred=sol ✅  | hz: gt=783.9909 pred=480.0 ❌
    [ 123/160]   G5 square  | midi: gt=79 pred=68 ❌  | spn: gt=G5 pred=F#6 ❌  | doremi: gt=sol pred=sol# ❌  | hz: gt=783.9909 pred=1058.43 ❌
    [ 124/160]   G5 square  | midi: gt=79 pred=69 ❌  | spn: gt=G5 pred=C6 ❌  | doremi: gt=sol pred=sol# ❌  | hz: gt=783.9909 pred=1046.53 ❌
    [ 125/160]   G5 square  | midi: gt=79 pred=68 ❌  | spn: gt=G5 pred=C6 ❌  | doremi: gt=sol pred=sol# ❌  | hz: gt=783.9909 pred=1250.0 ❌
    [ 126/160]   G5 square  | midi: gt=79 pred=69 ❌  | spn: gt=G5 pred=C6 ❌  | doremi: gt=sol pred=sol# ❌  | hz: gt=783.9909 pred=1200.0 ❌
    [ 127/160]   G5 square  | midi: gt=79 pred=68 ❌  | spn: gt=G5 pred=F#6 ❌  | doremi: gt=sol pred=sol# ❌  | hz: gt=783.9909 pred=1058.47 ❌
    [ 128/160]  F#1 triangle  | midi: gt=30 pred=35 ❌  | spn: gt=F#1 pred=C2 ❌  | doremi: gt=fa# pred=fa# ✅  | hz: gt=46.2493 pred=450.0 ❌
    [ 129/160]  F#1 triangle  | midi: gt=30 pred=35 ❌  | spn: gt=F#1 pred=C2 ❌  | doremi: gt=fa# pred=sol ❌  | hz: gt=46.2493 pred=415.3 ❌
    [ 130/160]  F#1 triangle  | midi: gt=30 pred=35 ❌  | spn: gt=F#1 pred=C2 ❌  | doremi: gt=fa# pred=fa# ✅  | hz: gt=46.2493 pred=415.3 ❌
    [ 131/160]  F#1 triangle  | midi: gt=30 pred=35 ❌  | spn: gt=F#1 pred=C2 ❌  | doremi: gt=fa# pred=fa# ✅  | hz: gt=46.2493 pred=415.3 ❌
    [ 132/160]  F#1 triangle  | midi: gt=30 pred=35 ❌  | spn: gt=F#1 pred=C2 ❌  | doremi: gt=fa# pred=fa# ✅  | hz: gt=46.2493 pred=420.0 ❌
    [ 133/160]  F#1 triangle  | midi: gt=30 pred=35 ❌  | spn: gt=F#1 pred=C2 ❌  | doremi: gt=fa# pred=fa# ✅  | hz: gt=46.2493 pred=430.56 ❌
    [ 134/160]  F#1 triangle  | midi: gt=30 pred=34 ❌  | spn: gt=F#1 pred=C2 ❌  | doremi: gt=fa# pred=fa# ✅  | hz: gt=46.2493 pred=415.3 ❌
    [ 135/160]  F#1 triangle  | midi: gt=30 pred=35 ❌  | spn: gt=F#1 pred=C2 ❌  | doremi: gt=fa# pred=fa# ✅  | hz: gt=46.2493 pred=430.56 ❌
    [ 136/160]  F#1 triangle  | midi: gt=30 pred=35 ❌  | spn: gt=F#1 pred=C2 ❌  | doremi: gt=fa# pred=fa# ✅  | hz: gt=46.2493 pred=261.63 ❌
    [ 137/160]   G2 triangle  | midi: gt=43 pred=48 ❌  | spn: gt=G2 pred=C4 ❌  | doremi: gt=sol pred=sol ✅  | hz: gt=97.9989 pred=480.0 ❌
    [ 138/160]   G2 triangle  | midi: gt=43 pred=43 ✅  | spn: gt=G2 pred=C4 ❌  | doremi: gt=sol pred=fa# ❌  | hz: gt=97.9989 pred=435.0 ❌
    [ 139/160]   G2 triangle  | midi: gt=43 pred=43 ✅  | spn: gt=G2 pred=C4 ❌  | doremi: gt=sol pred=sol ✅  | hz: gt=97.9989 pred=435.0 ❌
    [ 140/160]   G2 triangle  | midi: gt=43 pred=43 ✅  | spn: gt=G2 pred=C4 ❌  | doremi: gt=sol pred=sol ✅  | hz: gt=97.9989 pred=435.0 ❌
    [ 141/160]   G2 triangle  | midi: gt=43 pred=43 ✅  | spn: gt=G2 pred=C4 ❌  | doremi: gt=sol pred=fa# ❌  | hz: gt=97.9989 pred=18750.0 ❌
    [ 142/160]  F#3 triangle  | midi: gt=54 pred=63 ❌  | spn: gt=F#3 pred=C6 ❌  | doremi: gt=fa# pred=fa# ✅  | hz: gt=184.9972 pred=480.0 ❌
    [ 143/160]  F#3 triangle  | midi: gt=54 pred=54 ✅  | spn: gt=F#3 pred=A#2 ❌  | doremi: gt=fa# pred=fa# ✅  | hz: gt=184.9972 pred=480.0 ❌
    [ 144/160]  F#3 triangle  | midi: gt=54 pred=54 ✅  | spn: gt=F#3 pred=C6 ❌  | doremi: gt=fa# pred=fa# ✅  | hz: gt=184.9972 pred=480.0 ❌
    [ 145/160]  F#3 triangle  | midi: gt=54 pred=54 ✅  | spn: gt=F#3 pred=C6 ❌  | doremi: gt=fa# pred=fa# ✅  | hz: gt=184.9972 pred=480.0 ❌
    [ 146/160]  F#3 triangle  | midi: gt=54 pred=63 ❌  | spn: gt=F#3 pred=C6 ❌  | doremi: gt=fa# pred=fa# ✅  | hz: gt=184.9972 pred=480.0 ❌
    [ 147/160]  F#3 triangle  | midi: gt=54 pred=63 ❌  | spn: gt=F#3 pred=C6 ❌  | doremi: gt=fa# pred=fa# ✅  | hz: gt=184.9972 pred=1058.47 ❌
    [ 148/160]  F#3 triangle  | midi: gt=54 pred=63 ❌  | spn: gt=F#3 pred=C6 ❌  | doremi: gt=fa# pred=fa# ✅  | hz: gt=184.9972 pred=480.0 ❌
    [ 149/160]   E4 triangle  | midi: gt=64 pred=63 ❌  | spn: gt=E4 pred=C6 ❌  | doremi: gt=mi pred=fa# ❌  | hz: gt=329.6276 pred=480.0 ❌
    [ 150/160]   E4 triangle  | midi: gt=64 pred=63 ❌  | spn: gt=E4 pred=E4 ✅  | doremi: gt=mi pred=sol ❌  | hz: gt=329.6276 pred=640.0 ❌
    [ 151/160]   E4 triangle  | midi: gt=64 pred=63 ❌  | spn: gt=E4 pred=C6 ❌  | doremi: gt=mi pred=sol# ❌  | hz: gt=329.6276 pred=480.0 ❌
    [ 152/160]   E4 triangle  | midi: gt=64 pred=65 ❌  | spn: gt=E4 pred=C6 ❌  | doremi: gt=mi pred=fa# ❌  | hz: gt=329.6276 pred=480.0 ❌
    [ 153/160]   E4 triangle  | midi: gt=64 pred=63 ❌  | spn: gt=E4 pred=C6 ❌  | doremi: gt=mi pred=sol# ❌  | hz: gt=329.6276 pred=659.3 ❌
    [ 154/160]   G5 triangle  | midi: gt=79 pred=68 ❌  | spn: gt=G5 pred=C6 ❌  | doremi: gt=sol pred=sol# ❌  | hz: gt=783.9909 pred=480.0 ❌
    [ 155/160]   G5 triangle  | midi: gt=79 pred=68 ❌  | spn: gt=G5 pred=C6 ❌  | doremi: gt=sol pred=sol# ❌  | hz: gt=783.9909 pred=1058.47 ❌
    [ 156/160]   G5 triangle  | midi: gt=79 pred=69 ❌  | spn: gt=G5 pred=C6 ❌  | doremi: gt=sol pred=sol# ❌  | hz: gt=783.9909 pred=1050.0 ❌
    [ 157/160]   G5 triangle  | midi: gt=79 pred=68 ❌  | spn: gt=G5 pred=C6 ❌  | doremi: gt=sol pred=sol# ❌  | hz: gt=783.9909 pred=1034.52 ❌
    [ 158/160]   G5 triangle  | midi: gt=79 pred=68 ❌  | spn: gt=G5 pred=C6 ❌  | doremi: gt=sol pred=sol# ❌  | hz: gt=783.9909 pred=1050.0 ❌
    [ 159/160]   G5 triangle  | midi: gt=79 pred=68 ❌  | spn: gt=G5 pred=C6 ❌  | doremi: gt=sol pred=sol# ❌  | hz: gt=783.9909 pred=6750.0 ❌
    [ 160/160]   G5 triangle  | midi: gt=79 pred=68 ❌  | spn: gt=G5 pred=C6 ❌  | doremi: gt=sol pred=sol# ❌  | hz: gt=783.9909 pred=1058.43 ❌

============================================================
SUMMARY — audio_flamingo_next_instruct
  Sampling     : 160 of 320 (stratified by '(vibrato_rate_hz, vibrato_depth_cents, midi)', seed=42)
  Stimuli (total)     : 160
  Stimuli (condition) : 160
  Stimuli (baseline)  : 0

  Format  Condition   Baseline
  ──────────────────────────────
    MIDI      22.5%       0.0%
     SPN       4.4%       0.0%
  DOREMI      40.0%       0.0%
      HZ       0.0%       0.0%
     ANY      24.4%       0.0%

  Headline 'accuracy' is computed on the condition subset only (see CatASpec.primary_filter).

  *** WARNING: working tree has uncommitted changes — results will NOT be exactly reproducible from git_commit alone ***


Results saved → results/run_20260506_053722/pitchbench_e5_vibrato/run_001_20260506_063619/results_audio_flamingo_next_instruct.*

############################################################
# pitchbench_e6_slightly_off
############################################################

Experiment : pitchbench_e6_slightly_off
Models     : audio_flamingo_next_instruct
Stimuli    : 160
  Sampling     : 160 of 1520 (stratified by '(midi, detune_hz, midi)', seed=42)
Traceback (most recent call last):
  File ".venv/lib/python3.12/site-packages/urllib3/connection.py", line 204, in _new_conn
    sock = connection.create_connection(
           ^^^^^^^^^^^^^^^^^^^^^^^^^^^^^
  File ".venv/lib/python3.12/site-packages/urllib3/util/connection.py", line 85, in create_connection
    raise err
  File ".venv/lib/python3.12/site-packages/urllib3/util/connection.py", line 73, in create_connection
    sock.connect(sa)
ConnectionRefusedError: [Errno 111] Connection refused

The above exception was the direct cause of the following exception:

Traceback (most recent call last):
  File ".venv/lib/python3.12/site-packages/urllib3/connectionpool.py", line 787, in urlopen
    response = self._make_request(
               ^^^^^^^^^^^^^^^^^^^
  File ".venv/lib/python3.12/site-packages/urllib3/connectionpool.py", line 493, in _make_request
    conn.request(
  File ".venv/lib/python3.12/site-packages/urllib3/connection.py", line 500, in request
    self.endheaders()
  File "/usr/lib/python3.12/http/client.py", line 1351, in endheaders
    self._send_output(message_body, encode_chunked=encode_chunked)
  File "/usr/lib/python3.12/http/client.py", line 1111, in _send_output
    self.send(msg)
  File "/usr/lib/python3.12/http/client.py", line 1055, in send
    self.connect()
  File ".venv/lib/python3.12/site-packages/urllib3/connection.py", line 331, in connect
    self.sock = self._new_conn()
                ^^^^^^^^^^^^^^^^
  File ".venv/lib/python3.12/site-packages/urllib3/connection.py", line 219, in _new_conn
    raise NewConnectionError(
urllib3.exceptions.NewConnectionError: HTTPConnection(host='localhost', port=8001): Failed to establish a new connection: [Errno 111] Connection refused

The above exception was the direct cause of the following exception:

Traceback (most recent call last):
  File ".venv/lib/python3.12/site-packages/requests/adapters.py", line 645, in send
    resp = conn.urlopen(
           ^^^^^^^^^^^^^
  File ".venv/lib/python3.12/site-packages/urllib3/connectionpool.py", line 841, in urlopen
    retries = retries.increment(
              ^^^^^^^^^^^^^^^^^^
  File ".venv/lib/python3.12/site-packages/urllib3/util/retry.py", line 535, in increment
    raise MaxRetryError(_pool, url, reason) from reason  # type: ignore[arg-type]
    ^^^^^^^^^^^^^^^^^^^^^^^^^^^^^^^^^^^^^^^^^^^^^^^^^^^
urllib3.exceptions.MaxRetryError: HTTPConnectionPool(host='localhost', port=8001): Max retries exceeded with url: /analyze/upload (Caused by NewConnectionError("HTTPConnection(host='localhost', port=8001): Failed to establish a new connection: [Errno 111] Connection refused"))

During handling of the above exception, another exception occurred:

Traceback (most recent call last):
  File "src/pitchbench/experiments/helpers/api.py", line 147, in _post_local_with_retry
    resp = requests.post(
           ^^^^^^^^^^^^^^
  File ".venv/lib/python3.12/site-packages/requests/api.py", line 115, in post
    return request("post", url, data=data, json=json, **kwargs)
           ^^^^^^^^^^^^^^^^^^^^^^^^^^^^^^^^^^^^^^^^^^^^^^^^^^^^
  File ".venv/lib/python3.12/site-packages/requests/api.py", line 59, in request
    return session.request(method=method, url=url, **kwargs)
           ^^^^^^^^^^^^^^^^^^^^^^^^^^^^^^^^^^^^^^^^^^^^^^^^^
  File ".venv/lib/python3.12/site-packages/requests/sessions.py", line 592, in request
    resp = self.send(prep, **send_kwargs)
           ^^^^^^^^^^^^^^^^^^^^^^^^^^^^^^
  File ".venv/lib/python3.12/site-packages/requests/sessions.py", line 706, in send
    r = adapter.send(request, **kwargs)
        ^^^^^^^^^^^^^^^^^^^^^^^^^^^^^^^
  File ".venv/lib/python3.12/site-packages/requests/adapters.py", line 678, in send
    raise ConnectionError(e, request=request)
requests.exceptions.ConnectionError: HTTPConnectionPool(host='localhost', port=8001): Max retries exceeded with url: /analyze/upload (Caused by NewConnectionError("HTTPConnection(host='localhost', port=8001): Failed to establish a new connection: [Errno 111] Connection refused"))

During handling of the above exception, another exception occurred:

Traceback (most recent call last):
  File "src/pitchbench/experiments/helpers/dispatcher.py", line 83, in dispatch
    result = fut.result()
             ^^^^^^^^^^^^
  File "/usr/lib/python3.12/concurrent/futures/_base.py", line 449, in result
    return self.__get_result()
           ^^^^^^^^^^^^^^^^^^^
  File "/usr/lib/python3.12/concurrent/futures/_base.py", line 401, in __get_result
    raise self._exception
  File "/usr/lib/python3.12/concurrent/futures/thread.py", line 58, in run
    result = self.fn(*self.args, **self.kwargs)
             ^^^^^^^^^^^^^^^^^^^^^^^^^^^^^^^^^^
  File "src/pitchbench/experiments/helpers/cat_a.py", line 449, in _query_one
    r_m, r_s, r_d, r_h = query_four_formats(
                         ^^^^^^^^^^^^^^^^^^^
  File "src/pitchbench/experiments/helpers/api.py", line 1062, in query_four_formats
    r_spn    = query_alm(model_name, audio_path, prompt_spn)
               ^^^^^^^^^^^^^^^^^^^^^^^^^^^^^^^^^^^^^^^^^^^^^
  File "src/pitchbench/experiments/helpers/api.py", line 701, in query_alm
    result = _local_text(model_name, audio_path, prompt, max_new_tokens, timeout_s)
             ^^^^^^^^^^^^^^^^^^^^^^^^^^^^^^^^^^^^^^^^^^^^^^^^^^^^^^^^^^^^^^^^^^^^^^
  File "src/pitchbench/experiments/helpers/api.py", line 180, in _local_text
    resp = _post_local_with_retry(
           ^^^^^^^^^^^^^^^^^^^^^^^
  File "src/pitchbench/experiments/helpers/api.py", line 172, in _post_local_with_retry
    raise RuntimeError(f"Local server {url} failed after retries: {last_err}")
RuntimeError: Local server http://localhost:8001/analyze/upload failed after retries: HTTPConnectionPool(host='localhost', port=8001): Max retries exceeded with url: /analyze/upload (Caused by NewConnectionError("HTTPConnection(host='localhost', port=8001): Failed to establish a new connection: [Errno 111] Connection refused"))

  Model : Audio Flamingo Next – instruct
    [dispatch] 160 items, max_workers=2
    [   1/160]  F#1 sine  | midi: gt=30 pred=48 ❌  | spn: gt=F#1 pred=C2 ❌  | doremi: gt=fa# pred=fa# ✅  | hz: gt=46.2493 pred=450.0 ❌
    [   2/160]  F#1 sine  | midi: gt=30 pred=48 ❌  | spn: gt=F#1 pred=C2 ❌  | doremi: gt=fa# pred=fa# ✅  | hz: gt=46.2493 pred=42.0 ❌
    [   3/160]   C2 sine  | midi: gt=36 pred=48 ❌  | spn: gt=C2 pred=C4 ❌  | doremi: gt=do pred=fa# ❌  | hz: gt=65.4064 pred=430.51 ❌
    [   4/160]   C2 sine  | midi: gt=36 pred=48 ❌  | spn: gt=C2 pred=C2 ✅  | doremi: gt=do pred=fa# ❌  | hz: gt=65.4064 pred=261.63 ❌
    [   5/160]   A4 sine  | midi: gt=69 pred=69 ✅  | spn: gt=A4 pred=C4 ❌  | doremi: gt=la pred=fa# ❌  | hz: gt=440.0 pred=450.0 ❌
    [   6/160]   A4 sine  | midi: gt=69 pred=69 ✅  | spn: gt=A4 pred=C4 ❌  | doremi: gt=la pred=fa# ❌  | hz: gt=440.0 pred=450.32 ❌
    [   7/160]   G5 sine  | midi: gt=79 pred=64 ❌  | spn: gt=G5 pred=C6 ❌  | doremi: gt=sol pred=fa# ❌  | hz: gt=783.9909 pred=480.0 ❌
    [   8/160]   G5 sine  | midi: gt=79 pred=68 ❌  | spn: gt=G5 pred=C6 ❌  | doremi: gt=sol pred=fa# ❌  | hz: gt=783.9909 pred=415.306 ❌
    [   9/160]  F#1 sawtooth  | midi: gt=30 pred=64 ❌  | spn: gt=F#1 pred=C4 ❌  | doremi: gt=fa# pred=fa# ✅  | hz: gt=46.2493 pred=450.0 ❌
    [  10/160]   G2 sawtooth  | midi: gt=43 pred=45 ❌  | spn: gt=G2 pred=C4 ❌  | doremi: gt=sol pred=fa# ❌  | hz: gt=97.9989 pred=450.32 ❌
    [  11/160]   C3 sawtooth  | midi: gt=48 pred=64 ❌  | spn: gt=C3 pred=C4 ❌  | doremi: gt=do pred=fa# ❌  | hz: gt=130.8128 pred=450.32 ❌
    [  12/160]  F#3 sawtooth  | midi: gt=54 pred=64 ❌  | spn: gt=F#3 pred=C4 ❌  | doremi: gt=fa# pred=fa# ✅  | hz: gt=184.9972 pred=450.32 ❌
    [  13/160]  F#3 sawtooth  | midi: gt=54 pred=54 ✅  | spn: gt=F#3 pred=F#3 ✅  | doremi: gt=fa# pred=fa# ✅  | hz: gt=184.9972 pred=450.0 ❌
    [  14/160]   E4 sawtooth  | midi: gt=64 pred=63 ❌  | spn: gt=E4 pred=F#3 ❌  | doremi: gt=mi pred=fa# ❌  | hz: gt=329.6276 pred=450.0 ❌
    [  15/160]   E6 sawtooth  | midi: gt=88 pred=65 ❌  | spn: gt=E6 pred=F#6 ❌  | doremi: gt=mi pred=fa# ❌  | hz: gt=1318.5102 pred=415.306 ❌
    [  16/160]  F#1 square  | midi: gt=30 pred=45 ❌  | spn: gt=F#1 pred=A#2 ❌  | doremi: gt=fa# pred=fa# ✅  | hz: gt=46.2493 pred=435.0 ❌
    [  17/160]  F#1 square  | midi: gt=30 pred=45 ❌  | spn: gt=F#1 pred=A#2 ❌  | doremi: gt=fa# pred=fa# ✅  | hz: gt=46.2493 pred=450.0 ❌
    [  18/160]   G2 square  | midi: gt=43 pred=43 ✅  | spn: gt=G2 pred=F#2 ❌  | doremi: gt=sol pred=fa# ❌  | hz: gt=97.9989 pred=450.0 ❌
    [  19/160]   G2 square  | midi: gt=43 pred=43 ✅  | spn: gt=G2 pred=F#2 ❌  | doremi: gt=sol pred=fa# ❌  | hz: gt=97.9989 pred=450.0 ❌
    [  20/160]   C3 square  | midi: gt=48 pred=64 ❌  | spn: gt=C3 pred=C4 ❌  | doremi: gt=do pred=fa# ❌  | hz: gt=130.8128 pred=450.0 ❌
    [  21/160]   C3 square  | midi: gt=48 pred=45 ❌  | spn: gt=C3 pred=C4 ❌  | doremi: gt=do pred=fa# ❌  | hz: gt=130.8128 pred=450.0 ❌
    [  22/160]  F#3 square  | midi: gt=54 pred=64 ❌  | spn: gt=F#3 pred=C4 ❌  | doremi: gt=fa# pred=fa# ✅  | hz: gt=184.9972 pred=450.32 ❌
    [  23/160]   C4 square  | midi: gt=60 pred=64 ❌  | spn: gt=C4 pred=C4 ✅  | doremi: gt=do pred=fa# ❌  | hz: gt=261.6256 pred=450.0 ❌
    [  24/160]   E4 square  | midi: gt=64 pred=64 ✅  | spn: gt=E4 pred=C4 ❌  | doremi: gt=mi pred=fa# ❌  | hz: gt=329.6276 pred=435.0 ❌
    [  25/160]   E4 square  | midi: gt=64 pred=63 ❌  | spn: gt=E4 pred=C6 ❌  | doremi: gt=mi pred=fa# ❌  | hz: gt=329.6276 pred=450.0 ❌
    [  26/160]   E6 square  | midi: gt=88 pred=65 ❌  | spn: gt=E6 pred=C6 ❌  | doremi: gt=mi pred=fa# ❌  | hz: gt=1318.5102 pred=430.56 ❌
    [  27/160]   E6 square  | midi: gt=88 pred=63 ❌  | spn: gt=E6 pred=C6 ❌  | doremi: gt=mi pred=fa# ❌  | hz: gt=1318.5102 pred=450.0 ❌
    [  28/160]   E6 square  | midi: gt=88 pred=63 ❌  | spn: gt=E6 pred=C6 ❌  | doremi: gt=mi pred=fa# ❌  | hz: gt=1318.5102 pred=480.0 ❌
    [  29/160]  F#1 triangle  | midi: gt=30 pred=45 ❌  | spn: gt=F#1 pred=C4 ❌  | doremi: gt=fa# pred=fa# ✅  | hz: gt=46.2493 pred=435.0 ❌
    [  30/160]  F#1 triangle  | midi: gt=30 pred=43 ❌  | spn: gt=F#1 pred=C4 ❌  | doremi: gt=fa# pred=fa# ✅  | hz: gt=46.2493 pred=430.56 ❌
    [  31/160]   G2 triangle  | midi: gt=43 pred=48 ❌  | spn: gt=G2 pred=C4 ❌  | doremi: gt=sol pred=fa# ❌  | hz: gt=97.9989 pred=430.56 ❌
    [  32/160]   G2 triangle  | midi: gt=43 pred=58 ❌  | spn: gt=G2 pred=C4 ❌  | doremi: gt=sol pred=fa# ❌  | hz: gt=97.9989 pred=430.56 ❌
    [  33/160]   C3 triangle  *** FAILED: RuntimeError('Local server http://localhost:8001/analyze/upload failed after retries: HTTPConnectionPool(host=\'localhost\', port=8001): Max retries exceeded with url: /analyze/upload (Caused by NewConnectionError("HTTPConnection(host=\'localhost\', port=8001): Failed to establish a new connection: [Errno 111] Connection refused"))')

Model 'audio_flamingo_next_instruct' not reachable at http://localhost:8001
Start its server, or set the URL via env var (see config.MODEL_URLS).
Or skip model queries:  python experiments/run.py <exp> --preview
