Running in MODE=ANALYSIS
Analysis mode active → AUDIO_DIR=data/analysis_audio  RESULTS_DIR=results/analysis/run_20260506_193058

############################################################
# pitchbench_a1_single_pitch_id
############################################################

Experiment : pitchbench_a1_single_pitch_id
Models     : audio_flamingo_next_instruct
Stimuli    : 42
  Sampling     : none (full set of 42)

  Model : Audio Flamingo Next – instruct
    [dispatch] 42 items, max_workers=2
    [   1/42]   F1 sine  | midi: gt=29 pred=35 ❌  | spn: gt=F1 pred=C2 ❌  | doremi: gt=fa pred=fa# ❌  | hz: gt=43.6535 pred=25.0 ❌
    [   2/42]   D2 sine  | midi: gt=38 pred=36 ❌  | spn: gt=D2 pred=C2 ❌  | doremi: gt=re pred=fa# ❌  | hz: gt=73.4162 pred=105.26 ❌
    [   3/42]   B2 sine  | midi: gt=47 pred=45 ❌  | spn: gt=B2 pred=C2 ❌  | doremi: gt=si pred=sol ❌  | hz: gt=123.4708 pred=250.0 ❌
    [   4/42]  G#3 sine  | midi: gt=56 pred=56 ✅  | spn: gt=G#3 pred=C4 ❌  | doremi: gt=sol# pred=sol ❌  | hz: gt=207.6523 pred=105.26 ❌
    [   5/42]   F4 sine  | midi: gt=65 pred=65 ✅  | spn: gt=F4 pred=C6 ❌  | doremi: gt=fa pred=sol ❌  | hz: gt=349.2282 pred=350.0 ✅
    [   6/42]   D5 sine  | midi: gt=74 pred=68 ❌  | spn: gt=D5 pred=C6 ❌  | doremi: gt=re pred=sol ❌  | hz: gt=587.3295 pred=1075.0 ❌
    [   7/42]   B5 sine  | midi: gt=83 pred=68 ❌  | spn: gt=B5 pred=C6 ❌  | doremi: gt=si pred=sol ❌  | hz: gt=987.7666 pred=1073.64 ❌
    [   8/42]   F1 synth_lead  | midi: gt=29 pred=36 ❌  | spn: gt=F1 pred=C2 ❌  | doremi: gt=fa pred=fa# ❌  | hz: gt=43.6535 pred=105.26 ❌
    [   9/42]   D2 synth_lead  | midi: gt=38 pred=48 ❌  | spn: gt=D2 pred=C6 ❌  | doremi: gt=re pred=fa# ❌  | hz: gt=73.4162 pred=120.0 ❌
    [  10/42]   B2 synth_lead  | midi: gt=47 pred=48 ❌  | spn: gt=B2 pred=A#2 ❌  | doremi: gt=si pred=fa# ❌  | hz: gt=123.4708 pred=176.47 ❌
    [  11/42]  G#3 synth_lead  | midi: gt=56 pred=56 ✅  | spn: gt=G#3 pred=C6 ❌  | doremi: gt=sol# pred=sol# ✅  | hz: gt=207.6523 pred=1680.0 ❌
    [  12/42]   F4 synth_lead  | midi: gt=65 pred=65 ✅  | spn: gt=F4 pred=C6 ❌  | doremi: gt=fa pred=sol# ❌  | hz: gt=349.2282 pred=1052.63 ❌
    [  13/42]   D5 synth_lead  | midi: gt=74 pred=68 ❌  | spn: gt=D5 pred=D6 ❌  | doremi: gt=re pred=sol ❌  | hz: gt=587.3295 pred=1052.63 ❌
    [  14/42]   B5 synth_lead  | midi: gt=83 pred=63 ❌  | spn: gt=B5 pred=C6 ❌  | doremi: gt=si pred=sol# ❌  | hz: gt=987.7666 pred=1800.0 ❌
    [  15/42]   F1 cello  | midi: gt=29 pred=34 ❌  | spn: gt=F1 pred=A#2 ❌  | doremi: gt=fa pred=re ❌  | hz: gt=43.6535 pred=210.0 ❌
    [  16/42]   D2 cello  | midi: gt=38 pred=38 ✅  | spn: gt=D2 pred=C2 ❌  | doremi: gt=re pred=re ✅  | hz: gt=73.4162 pred=45.0 ❌
    [  17/42]   B2 cello  | midi: gt=47 pred=46 ❌  | spn: gt=B2 pred=A#4 ❌  | doremi: gt=si pred=fa# ❌  | hz: gt=123.4708 pred=450.0 ❌
    [  18/42]  G#3 cello  | midi: gt=56 pred=56 ✅  | spn: gt=G#3 pred=C4 ❌  | doremi: gt=sol# pred=sol ❌  | hz: gt=207.6523 pred=105.26 ❌
    [  19/42]   F4 cello  | midi: gt=65 pred=65 ✅  | spn: gt=F4 pred=C6 ❌  | doremi: gt=fa pred=mi ❌  | hz: gt=349.2282 pred=659.3 ❌
    [  20/42]   D5 cello  | midi: gt=74 pred=62 ❌  | spn: gt=D5 pred=D6 ❌  | doremi: gt=re pred=sol ❌  | hz: gt=587.3295 pred=6250.0 ❌
    [  21/42]   B5 cello  | midi: gt=83 pred=83 ✅  | spn: gt=B5 pred=B6 ❌  | doremi: gt=si pred=sol# ❌  | hz: gt=987.7666 pred=1034.57 ❌
    [  22/42]   F1 flute  | midi: gt=29 pred=35 ❌  | spn: gt=F1 pred=A#2 ❌  | doremi: gt=fa pred=fa# ❌  | hz: gt=43.6535 pred=105.26 ❌
    [  23/42]   D2 flute  | midi: gt=38 pred=43 ❌  | spn: gt=D2 pred=A#2 ❌  | doremi: gt=re pred=fa# ❌  | hz: gt=73.4162 pred=107.95 ❌
    [  24/42]   B2 flute  | midi: gt=47 pred=45 ❌  | spn: gt=B2 pred=C6 ❌  | doremi: gt=si pred=fa# ❌  | hz: gt=123.4708 pred=130.81 ❌
    [  25/42]   F4 flute  | midi: gt=65 pred=65 ✅  | spn: gt=F4 pred=C6 ❌  | doremi: gt=fa pred=sol ❌  | hz: gt=349.2282 pred=250.0 ❌
    [  26/42]  G#3 flute  | midi: gt=56 pred=45 ❌  | spn: gt=G#3 pred=C4 ❌  | doremi: gt=sol# pred=fa# ❌  | hz: gt=207.6523 pred=213.045 ❌
    [  27/42]   D5 flute  | midi: gt=74 pred=62 ❌  | spn: gt=D5 pred=D6 ❌  | doremi: gt=re pred=sol ❌  | hz: gt=587.3295 pred=None ❌
    [  28/42]   B5 flute  | midi: gt=83 pred=83 ✅  | spn: gt=B5 pred=C6 ❌  | doremi: gt=si pred=sol ❌  | hz: gt=987.7666 pred=830.41 ❌
    [  29/42]   F1 piano  | midi: gt=29 pred=36 ❌  | spn: gt=F1 pred=C4 ❌  | doremi: gt=fa pred=sol ❌  | hz: gt=43.6535 pred=329.68 ❌
    [  30/42]   D2 piano  | midi: gt=38 pred=43 ❌  | spn: gt=D2 pred=C4 ❌  | doremi: gt=re pred=fa# ❌  | hz: gt=73.4162 pred=1058.47 ❌
    [  31/42]   B2 piano  | midi: gt=47 pred=46 ❌  | spn: gt=B2 pred=A#4 ❌  | doremi: gt=si pred=sol ❌  | hz: gt=123.4708 pred=460.0 ❌
    [  32/42]  G#3 piano  | midi: gt=56 pred=56 ✅  | spn: gt=G#3 pred=C6 ❌  | doremi: gt=sol# pred=sol# ✅  | hz: gt=207.6523 pred=450.0 ❌
    [  33/42]   F4 piano  | midi: gt=65 pred=63 ❌  | spn: gt=F4 pred=F#2 ❌  | doremi: gt=fa pred=sol ❌  | hz: gt=349.2282 pred=480.0 ❌
    [  34/42]   D5 piano  | midi: gt=74 pred=68 ❌  | spn: gt=D5 pred=A#6 ❌  | doremi: gt=re pred=sol# ❌  | hz: gt=587.3295 pred=6705.83 ❌
    [  35/42]   B5 piano  | midi: gt=83 pred=83 ✅  | spn: gt=B5 pred=C6 ❌  | doremi: gt=si pred=sol# ❌  | hz: gt=987.7666 pred=8250.0 ❌
    [  36/42]   F1 voice  | midi: gt=29 pred=36 ❌  | spn: gt=F1 pred=C2 ❌  | doremi: gt=fa pred=fa# ❌  | hz: gt=43.6535 pred=1250.0 ❌
    [  37/42]   D2 voice  | midi: gt=38 pred=48 ❌  | spn: gt=D2 pred=C4 ❌  | doremi: gt=re pred=fa# ❌  | hz: gt=73.4162 pred=1250.0 ❌
    [  38/42]   B2 voice  | midi: gt=47 pred=63 ❌  | spn: gt=B2 pred=C4 ❌  | doremi: gt=si pred=fa# ❌  | hz: gt=123.4708 pred=480.0 ❌
    [  39/42]  G#3 voice  | midi: gt=56 pred=68 ❌  | spn: gt=G#3 pred=None ❌  | doremi: gt=sol# pred=sol ❌  | hz: gt=207.6523 pred=435.0 ❌
    [  40/42]   F4 voice  | midi: gt=65 pred=65 ✅  | spn: gt=F4 pred=E4 ❌  | doremi: gt=fa pred=sol ❌  | hz: gt=349.2282 pred=659.3 ❌
    [  41/42]   D5 voice  | midi: gt=74 pred=62 ❌  | spn: gt=D5 pred=C6 ❌  | doremi: gt=re pred=sol ❌  | hz: gt=587.3295 pred=625.0 ❌
    [  42/42]   B5 voice  | midi: gt=83 pred=83 ✅  | spn: gt=B5 pred=C6 ❌  | doremi: gt=si pred=sol# ❌  | hz: gt=987.7666 pred=8250.0 ❌

============================================================
SUMMARY — audio_flamingo_next_instruct
  Sampling     : none (full set of 42)
  Stimuli (total)     : 42
  Stimuli (condition) : 42  (all records)

  Format   Accuracy
  ──────────────────
    MIDI      33.3%
     SPN       0.0%
  DOREMI       7.1%
      HZ       2.4%
     ANY      33.3%

  *** WARNING: working tree has uncommitted changes — results will NOT be exactly reproducible from git_commit alone ***


Results saved → results/analysis/run_20260506_193058/pitchbench_a1_single_pitch_id/run_001_20260506_193058/results_audio_flamingo_next_instruct.*

############################################################
# pitchbench_a2_single_pitch_by_loudness
############################################################

Experiment : pitchbench_a2_single_pitch_by_loudness
Models     : audio_flamingo_next_instruct
Stimuli    : 210
  Sampling     : none (full set of 210)

  Model : Audio Flamingo Next – instruct
    [dispatch] 210 items, max_workers=2
    [   1/210] F1     -20 dBFS  sine  | midi: gt=29 pred=48 ❌  | spn: gt=F1 pred=C2 ❌  | doremi: gt=fa pred=fa# ❌  | hz: gt=43.6535 pred=250.0 ❌
    [   2/210] F1     -30 dBFS  sine  | midi: gt=29 pred=64 ❌  | spn: gt=F1 pred=C2 ❌  | doremi: gt=fa pred=sol ❌  | hz: gt=43.6535 pred=261.63 ❌
    [   3/210] F1     -12 dBFS  sine  | midi: gt=29 pred=36 ❌  | spn: gt=F1 pred=C2 ❌  | doremi: gt=fa pred=fa# ❌  | hz: gt=43.6535 pred=25.0 ❌
    [   4/210] F1       6 dBFS  sine  | midi: gt=29 pred=35 ❌  | spn: gt=F1 pred=C2 ❌  | doremi: gt=fa pred=fa# ❌  | hz: gt=43.6535 pred=250.0 ❌
    [   5/210] F1      12 dBFS  sine  | midi: gt=29 pred=35 ❌  | spn: gt=F1 pred=C2 ❌  | doremi: gt=fa pred=sol ❌  | hz: gt=43.6535 pred=480.0 ❌
    [   6/210] D2     -30 dBFS  sine  | midi: gt=38 pred=36 ❌  | spn: gt=D2 pred=C2 ❌  | doremi: gt=re pred=fa# ❌  | hz: gt=73.4162 pred=107.89 ❌
    [   7/210] D2     -20 dBFS  sine  | midi: gt=38 pred=36 ❌  | spn: gt=D2 pred=C2 ❌  | doremi: gt=re pred=fa# ❌  | hz: gt=73.4162 pred=261.63 ❌
    [   8/210] D2     -12 dBFS  sine  | midi: gt=38 pred=36 ❌  | spn: gt=D2 pred=C2 ❌  | doremi: gt=re pred=fa# ❌  | hz: gt=73.4162 pred=261.63 ❌
    [   9/210] D2       6 dBFS  sine  | midi: gt=38 pred=43 ❌  | spn: gt=D2 pred=A#2 ❌  | doremi: gt=re pred=fa# ❌  | hz: gt=73.4162 pred=435.0 ❌
    [  10/210] D2      12 dBFS  sine  | midi: gt=38 pred=43 ❌  | spn: gt=D2 pred=A#2 ❌  | doremi: gt=re pred=fa# ❌  | hz: gt=73.4162 pred=480.0 ❌
    [  11/210] B2     -30 dBFS  sine  | midi: gt=47 pred=48 ❌  | spn: gt=B2 pred=C2 ❌  | doremi: gt=si pred=sol ❌  | hz: gt=123.4708 pred=107.65 ❌
    [  12/210] B2     -20 dBFS  sine  | midi: gt=47 pred=48 ❌  | spn: gt=B2 pred=C2 ❌  | doremi: gt=si pred=sol ❌  | hz: gt=123.4708 pred=480.0 ❌
    [  13/210] B2     -12 dBFS  sine  | midi: gt=47 pred=48 ❌  | spn: gt=B2 pred=C2 ❌  | doremi: gt=si pred=sol ❌  | hz: gt=123.4708 pred=480.0 ❌
    [  14/210] B2       6 dBFS  sine  | midi: gt=47 pred=46 ❌  | spn: gt=B2 pred=A4 ❌  | doremi: gt=si pred=sol ❌  | hz: gt=123.4708 pred=450.0 ❌
    [  15/210] B2      12 dBFS  sine  | midi: gt=47 pred=45 ❌  | spn: gt=B2 pred=A4 ❌  | doremi: gt=si pred=sol ❌  | hz: gt=123.4708 pred=450.0 ❌
    [  16/210] G#3    -30 dBFS  sine  | midi: gt=56 pred=48 ❌  | spn: gt=G#3 pred=C6 ❌  | doremi: gt=sol# pred=sol ❌  | hz: gt=207.6523 pred=430.51 ❌
    [  17/210] G#3    -20 dBFS  sine  | midi: gt=56 pred=56 ✅  | spn: gt=G#3 pred=C6 ❌  | doremi: gt=sol# pred=sol ❌  | hz: gt=207.6523 pred=450.0 ❌
    [  18/210] G#3    -12 dBFS  sine  | midi: gt=56 pred=56 ✅  | spn: gt=G#3 pred=C6 ❌  | doremi: gt=sol# pred=sol ❌  | hz: gt=207.6523 pred=107.86 ❌
    [  19/210] G#3      6 dBFS  sine  | midi: gt=56 pred=68 ❌  | spn: gt=G#3 pred=C6 ❌  | doremi: gt=sol# pred=sol ❌  | hz: gt=207.6523 pred=480.0 ❌
    [  20/210] G#3     12 dBFS  sine  | midi: gt=56 pred=68 ❌  | spn: gt=G#3 pred=C6 ❌  | doremi: gt=sol# pred=sol ❌  | hz: gt=207.6523 pred=450.0 ❌
    [  21/210] F4     -30 dBFS  sine  | midi: gt=65 pred=64 ❌  | spn: gt=F4 pred=C6 ❌  | doremi: gt=fa pred=sol ❌  | hz: gt=349.2282 pred=415.3 ❌
    [  22/210] F4     -20 dBFS  sine  | midi: gt=65 pred=64 ❌  | spn: gt=F4 pred=C6 ❌  | doremi: gt=fa pred=sol ❌  | hz: gt=349.2282 pred=415.38 ❌
    [  23/210] F4     -12 dBFS  sine  | midi: gt=65 pred=65 ✅  | spn: gt=F4 pred=C6 ❌  | doremi: gt=fa pred=sol ❌  | hz: gt=349.2282 pred=415.38 ❌
    [  24/210] F4       6 dBFS  sine  | midi: gt=65 pred=65 ✅  | spn: gt=F4 pred=E6 ❌  | doremi: gt=fa pred=sol ❌  | hz: gt=349.2282 pred=450.0 ❌
    [  25/210] F4      12 dBFS  sine  | midi: gt=65 pred=65 ✅  | spn: gt=F4 pred=F#6 ❌  | doremi: gt=fa pred=sol ❌  | hz: gt=349.2282 pred=450.0 ❌
    [  26/210] D5     -30 dBFS  sine  | midi: gt=74 pred=68 ❌  | spn: gt=D5 pred=C6 ❌  | doremi: gt=re pred=sol ❌  | hz: gt=587.3295 pred=480.0 ❌
    [  27/210] D5     -20 dBFS  sine  | midi: gt=74 pred=68 ❌  | spn: gt=D5 pred=C6 ❌  | doremi: gt=re pred=sol ❌  | hz: gt=587.3295 pred=480.0 ❌
    [  28/210] D5     -12 dBFS  sine  | midi: gt=74 pred=68 ❌  | spn: gt=D5 pred=C6 ❌  | doremi: gt=re pred=sol ❌  | hz: gt=587.3295 pred=480.0 ❌
    [  29/210] D5       6 dBFS  sine  | midi: gt=74 pred=69 ❌  | spn: gt=D5 pred=C6 ❌  | doremi: gt=re pred=sol ❌  | hz: gt=587.3295 pred=480.0 ❌
    [  30/210] D5      12 dBFS  sine  | midi: gt=74 pred=69 ❌  | spn: gt=D5 pred=C6 ❌  | doremi: gt=re pred=sol ❌  | hz: gt=587.3295 pred=659.3 ❌
    [  31/210] B5     -30 dBFS  sine  | midi: gt=83 pred=68 ❌  | spn: gt=B5 pred=C6 ❌  | doremi: gt=si pred=sol ❌  | hz: gt=987.7666 pred=450.0 ❌
    [  32/210] B5     -20 dBFS  sine  | midi: gt=83 pred=68 ❌  | spn: gt=B5 pred=C6 ❌  | doremi: gt=si pred=sol ❌  | hz: gt=987.7666 pred=1073.64 ❌
    [  33/210] B5     -12 dBFS  sine  | midi: gt=83 pred=68 ❌  | spn: gt=B5 pred=C6 ❌  | doremi: gt=si pred=sol ❌  | hz: gt=987.7666 pred=1074.625 ❌
    [  34/210] B5       6 dBFS  sine  | midi: gt=83 pred=68 ❌  | spn: gt=B5 pred=C6 ❌  | doremi: gt=si pred=sol ❌  | hz: gt=987.7666 pred=1046.53 ❌
    [  35/210] B5      12 dBFS  sine  | midi: gt=83 pred=68 ❌  | spn: gt=B5 pred=C6 ❌  | doremi: gt=si pred=sol ❌  | hz: gt=987.7666 pred=1046.53 ❌
    [  36/210] F1     -30 dBFS  synth_lead  | midi: gt=29 pred=64 ❌  | spn: gt=F1 pred=C6 ❌  | doremi: gt=fa pred=fa# ❌  | hz: gt=43.6535 pred=480.0 ❌
    [  37/210] F1     -20 dBFS  synth_lead  | midi: gt=29 pred=64 ❌  | spn: gt=F1 pred=C6 ❌  | doremi: gt=fa pred=fa# ❌  | hz: gt=43.6535 pred=480.0 ❌
    [  38/210] F1     -12 dBFS  synth_lead  | midi: gt=29 pred=63 ❌  | spn: gt=F1 pred=C6 ❌  | doremi: gt=fa pred=fa# ❌  | hz: gt=43.6535 pred=480.0 ❌
    [  39/210] F1       6 dBFS  synth_lead  | midi: gt=29 pred=45 ❌  | spn: gt=F1 pred=A#2 ❌  | doremi: gt=fa pred=fa# ❌  | hz: gt=43.6535 pred=1050.0 ❌
    [  40/210] F1      12 dBFS  synth_lead  | midi: gt=29 pred=48 ❌  | spn: gt=F1 pred=A#2 ❌  | doremi: gt=fa pred=fa# ❌  | hz: gt=43.6535 pred=1050.0 ❌
    [  41/210] D2     -30 dBFS  synth_lead  | midi: gt=38 pred=64 ❌  | spn: gt=D2 pred=C6 ❌  | doremi: gt=re pred=fa# ❌  | hz: gt=73.4162 pred=480.0 ❌
    [  42/210] D2     -20 dBFS  synth_lead  | midi: gt=38 pred=64 ❌  | spn: gt=D2 pred=C6 ❌  | doremi: gt=re pred=fa# ❌  | hz: gt=73.4162 pred=450.0 ❌
    [  43/210] D2     -12 dBFS  synth_lead  | midi: gt=38 pred=65 ❌  | spn: gt=D2 pred=C6 ❌  | doremi: gt=re pred=fa# ❌  | hz: gt=73.4162 pred=480.0 ❌
    [  44/210] D2       6 dBFS  synth_lead  | midi: gt=38 pred=48 ❌  | spn: gt=D2 pred=C6 ❌  | doremi: gt=re pred=fa# ❌  | hz: gt=73.4162 pred=120.0 ❌
    [  45/210] D2      12 dBFS  synth_lead  | midi: gt=38 pred=63 ❌  | spn: gt=D2 pred=C6 ❌  | doremi: gt=re pred=fa# ❌  | hz: gt=73.4162 pred=1058.43 ❌
    [  46/210] B2     -30 dBFS  synth_lead  | midi: gt=47 pred=65 ❌  | spn: gt=B2 pred=C6 ❌  | doremi: gt=si pred=fa# ❌  | hz: gt=123.4708 pred=1058.43 ❌
    [  47/210] B2     -20 dBFS  synth_lead  | midi: gt=47 pred=65 ❌  | spn: gt=B2 pred=C6 ❌  | doremi: gt=si pred=fa# ❌  | hz: gt=123.4708 pred=1058.43 ❌
    [  48/210] B2     -12 dBFS  synth_lead  | midi: gt=47 pred=65 ❌  | spn: gt=B2 pred=C6 ❌  | doremi: gt=si pred=sol# ❌  | hz: gt=123.4708 pred=1058.43 ❌
    [  49/210] B2       6 dBFS  synth_lead  | midi: gt=47 pred=48 ❌  | spn: gt=B2 pred=A#2 ❌  | doremi: gt=si pred=sol ❌  | hz: gt=123.4708 pred=480.0 ❌
    [  50/210] B2      12 dBFS  synth_lead  | midi: gt=47 pred=65 ❌  | spn: gt=B2 pred=C6 ❌  | doremi: gt=si pred=fa# ❌  | hz: gt=123.4708 pred=1058.43 ❌
    [  51/210] G#3    -30 dBFS  synth_lead  | midi: gt=56 pred=63 ❌  | spn: gt=G#3 pred=C6 ❌  | doremi: gt=sol# pred=fa# ❌  | hz: gt=207.6523 pred=1058.43 ❌
    [  52/210] G#3    -20 dBFS  synth_lead  | midi: gt=56 pred=63 ❌  | spn: gt=G#3 pred=C6 ❌  | doremi: gt=sol# pred=sol# ✅  | hz: gt=207.6523 pred=1058.43 ❌
    [  53/210] G#3    -12 dBFS  synth_lead  | midi: gt=56 pred=63 ❌  | spn: gt=G#3 pred=C6 ❌  | doremi: gt=sol# pred=sol# ✅  | hz: gt=207.6523 pred=1058.43 ❌
    [  54/210] G#3      6 dBFS  synth_lead  | midi: gt=56 pred=65 ❌  | spn: gt=G#3 pred=C6 ❌  | doremi: gt=sol# pred=sol# ✅  | hz: gt=207.6523 pred=1058.43 ❌
    [  55/210] G#3     12 dBFS  synth_lead  | midi: gt=56 pred=63 ❌  | spn: gt=G#3 pred=C6 ❌  | doremi: gt=sol# pred=sol# ✅  | hz: gt=207.6523 pred=1058.47 ❌
    [  56/210] F4     -30 dBFS  synth_lead  | midi: gt=65 pred=65 ✅  | spn: gt=F4 pred=C6 ❌  | doremi: gt=fa pred=sol ❌  | hz: gt=349.2282 pred=480.0 ❌
    [  57/210] F4     -20 dBFS  synth_lead  | midi: gt=65 pred=65 ✅  | spn: gt=F4 pred=C6 ❌  | doremi: gt=fa pred=sol ❌  | hz: gt=349.2282 pred=480.0 ❌
    [  58/210] F4     -12 dBFS  synth_lead  | midi: gt=65 pred=68 ❌  | spn: gt=F4 pred=C6 ❌  | doremi: gt=fa pred=sol ❌  | hz: gt=349.2282 pred=480.0 ❌
    [  59/210] F4       6 dBFS  synth_lead  | midi: gt=65 pred=65 ✅  | spn: gt=F4 pred=C6 ❌  | doremi: gt=fa pred=sol ❌  | hz: gt=349.2282 pred=480.0 ❌
    [  60/210] F4      12 dBFS  synth_lead  | midi: gt=65 pred=65 ✅  | spn: gt=F4 pred=C6 ❌  | doremi: gt=fa pred=sol ❌  | hz: gt=349.2282 pred=480.0 ❌
    [  61/210] D5     -30 dBFS  synth_lead  | midi: gt=74 pred=69 ❌  | spn: gt=D5 pred=C6 ❌  | doremi: gt=re pred=sol ❌  | hz: gt=587.3295 pred=480.0 ❌
    [  62/210] D5     -20 dBFS  synth_lead  | midi: gt=74 pred=69 ❌  | spn: gt=D5 pred=C6 ❌  | doremi: gt=re pred=sol ❌  | hz: gt=587.3295 pred=480.0 ❌
    [  63/210] D5     -12 dBFS  synth_lead  | midi: gt=74 pred=68 ❌  | spn: gt=D5 pred=C6 ❌  | doremi: gt=re pred=sol ❌  | hz: gt=587.3295 pred=1047.0 ❌
    [  64/210] D5       6 dBFS  synth_lead  | midi: gt=74 pred=69 ❌  | spn: gt=D5 pred=C6 ❌  | doremi: gt=re pred=sol# ❌  | hz: gt=587.3295 pred=1047.0 ❌
    [  65/210] D5      12 dBFS  synth_lead  | midi: gt=74 pred=69 ❌  | spn: gt=D5 pred=C6 ❌  | doremi: gt=re pred=sol# ❌  | hz: gt=587.3295 pred=1046.53 ❌
    [  66/210] B5     -30 dBFS  synth_lead  | midi: gt=83 pred=68 ❌  | spn: gt=B5 pred=C6 ❌  | doremi: gt=si pred=sol ❌  | hz: gt=987.7666 pred=1058.43 ❌
    [  67/210] B5     -20 dBFS  synth_lead  | midi: gt=83 pred=68 ❌  | spn: gt=B5 pred=C6 ❌  | doremi: gt=si pred=sol ❌  | hz: gt=987.7666 pred=1058.43 ❌
    [  68/210] B5     -12 dBFS  synth_lead  | midi: gt=83 pred=68 ❌  | spn: gt=B5 pred=C6 ❌  | doremi: gt=si pred=sol ❌  | hz: gt=987.7666 pred=1034.52 ❌
    [  69/210] B5       6 dBFS  synth_lead  | midi: gt=83 pred=68 ❌  | spn: gt=B5 pred=C6 ❌  | doremi: gt=si pred=sol ❌  | hz: gt=987.7666 pred=1800.0 ❌
    [  70/210] F1     -30 dBFS  cello  | midi: gt=29 pred=34 ❌  | spn: gt=F1 pred=B2 ❌  | doremi: gt=fa pred=fa# ❌  | hz: gt=43.6535 pred=210.0 ❌
    [  71/210] B5      12 dBFS  synth_lead  | midi: gt=83 pred=63 ❌  | spn: gt=B5 pred=C6 ❌  | doremi: gt=si pred=sol ❌  | hz: gt=987.7666 pred=1046.57 ❌
    [  72/210] F1     -20 dBFS  cello  | midi: gt=29 pred=35 ❌  | spn: gt=F1 pred=B2 ❌  | doremi: gt=fa pred=re ❌  | hz: gt=43.6535 pred=210.0 ❌
    [  73/210] F1     -12 dBFS  cello  | midi: gt=29 pred=34 ❌  | spn: gt=F1 pred=B2 ❌  | doremi: gt=fa pred=re ❌  | hz: gt=43.6535 pred=210.0 ❌
    [  74/210] F1       6 dBFS  cello  | midi: gt=29 pred=36 ❌  | spn: gt=F1 pred=C2 ❌  | doremi: gt=fa pred=fa# ❌  | hz: gt=43.6535 pred=105.26 ❌
    [  75/210] F1      12 dBFS  cello  | midi: gt=29 pred=36 ❌  | spn: gt=F1 pred=C2 ❌  | doremi: gt=fa pred=fa# ❌  | hz: gt=43.6535 pred=105.26 ❌
    [  76/210] D2     -20 dBFS  cello  | midi: gt=38 pred=43 ❌  | spn: gt=D2 pred=C2 ❌  | doremi: gt=re pred=fa# ❌  | hz: gt=73.4162 pred=120.0 ❌
    [  77/210] D2     -30 dBFS  cello  | midi: gt=38 pred=43 ❌  | spn: gt=D2 pred=A#2 ❌  | doremi: gt=re pred=fa# ❌  | hz: gt=73.4162 pred=105.26 ❌
    [  78/210] D2     -12 dBFS  cello  | midi: gt=38 pred=36 ❌  | spn: gt=D2 pred=D2 ✅  | doremi: gt=re pred=sol ❌  | hz: gt=73.4162 pred=120.0 ❌
    [  79/210] D2       6 dBFS  cello  | midi: gt=38 pred=45 ❌  | spn: gt=D2 pred=C2 ❌  | doremi: gt=re pred=fa# ❌  | hz: gt=73.4162 pred=105.26 ❌
    [  80/210] D2      12 dBFS  cello  | midi: gt=38 pred=45 ❌  | spn: gt=D2 pred=C4 ❌  | doremi: gt=re pred=fa# ❌  | hz: gt=73.4162 pred=105.26 ❌
    [  81/210] B2     -30 dBFS  cello  | midi: gt=47 pred=43 ❌  | spn: gt=B2 pred=A#5 ❌  | doremi: gt=si pred=fa# ❌  | hz: gt=123.4708 pred=105.26 ❌
    [  82/210] B2     -20 dBFS  cello  | midi: gt=47 pred=43 ❌  | spn: gt=B2 pred=A#5 ❌  | doremi: gt=si pred=fa# ❌  | hz: gt=123.4708 pred=435.0 ❌
    [  83/210] B2     -12 dBFS  cello  | midi: gt=47 pred=45 ❌  | spn: gt=B2 pred=A#4 ❌  | doremi: gt=si pred=fa# ❌  | hz: gt=123.4708 pred=450.0 ❌
    [  84/210] B2       6 dBFS  cello  | midi: gt=47 pred=45 ❌  | spn: gt=B2 pred=C4 ❌  | doremi: gt=si pred=fa# ❌  | hz: gt=123.4708 pred=435.0 ❌
    [  85/210] B2      12 dBFS  cello  | midi: gt=47 pred=48 ❌  | spn: gt=B2 pred=C4 ❌  | doremi: gt=si pred=fa# ❌  | hz: gt=123.4708 pred=105.26 ❌
    [  86/210] G#3    -30 dBFS  cello  | midi: gt=56 pred=56 ✅  | spn: gt=G#3 pred=C6 ❌  | doremi: gt=sol# pred=sol# ✅  | hz: gt=207.6523 pred=436.0 ❌
    [  87/210] G#3    -20 dBFS  cello  | midi: gt=56 pred=56 ✅  | spn: gt=G#3 pred=C6 ❌  | doremi: gt=sol# pred=sol# ✅  | hz: gt=207.6523 pred=436.0 ❌
    [  88/210] G#3    -12 dBFS  cello  | midi: gt=56 pred=56 ✅  | spn: gt=G#3 pred=C4 ❌  | doremi: gt=sol# pred=sol ❌  | hz: gt=207.6523 pred=436.0 ❌
    [  89/210] G#3      6 dBFS  cello  | midi: gt=56 pred=56 ✅  | spn: gt=G#3 pred=C6 ❌  | doremi: gt=sol# pred=sol# ✅  | hz: gt=207.6523 pred=450.0 ❌
    [  90/210] G#3     12 dBFS  cello  | midi: gt=56 pred=56 ✅  | spn: gt=G#3 pred=None ❌  | doremi: gt=sol# pred=sol# ✅  | hz: gt=207.6523 pred=450.0 ❌
    [  91/210] F4     -30 dBFS  cello  | midi: gt=65 pred=65 ✅  | spn: gt=F4 pred=C6 ❌  | doremi: gt=fa pred=sol ❌  | hz: gt=349.2282 pred=480.0 ❌
    [  92/210] F4     -20 dBFS  cello  | midi: gt=65 pred=65 ✅  | spn: gt=F4 pred=C6 ❌  | doremi: gt=fa pred=sol ❌  | hz: gt=349.2282 pred=659.3 ❌
    [  93/210] F4     -12 dBFS  cello  | midi: gt=65 pred=65 ✅  | spn: gt=F4 pred=C6 ❌  | doremi: gt=fa pred=sol ❌  | hz: gt=349.2282 pred=659.3 ❌
    [  94/210] F4       6 dBFS  cello  | midi: gt=65 pred=65 ✅  | spn: gt=F4 pred=C6 ❌  | doremi: gt=fa pred=sol ❌  | hz: gt=349.2282 pred=480.0 ❌
    [  95/210] F4      12 dBFS  cello  | midi: gt=65 pred=69 ❌  | spn: gt=F4 pred=C6 ❌  | doremi: gt=fa pred=sol ❌  | hz: gt=349.2282 pred=480.0 ❌
    [  96/210] D5     -30 dBFS  cello  | midi: gt=74 pred=62 ❌  | spn: gt=D5 pred=D6 ❌  | doremi: gt=re pred=sol ❌  | hz: gt=587.3295 pred=6250.0 ❌
    [  97/210] D5     -20 dBFS  cello  | midi: gt=74 pred=62 ❌  | spn: gt=D5 pred=D6 ❌  | doremi: gt=re pred=sol ❌  | hz: gt=587.3295 pred=6250.0 ❌
    [  98/210] D5     -12 dBFS  cello  | midi: gt=74 pred=62 ❌  | spn: gt=D5 pred=D6 ❌  | doremi: gt=re pred=sol ❌  | hz: gt=587.3295 pred=6250.0 ❌
    [  99/210] D5       6 dBFS  cello  | midi: gt=74 pred=62 ❌  | spn: gt=D5 pred=D6 ❌  | doremi: gt=re pred=sol ❌  | hz: gt=587.3295 pred=6250.0 ❌
    [ 100/210] D5      12 dBFS  cello  | midi: gt=74 pred=62 ❌  | spn: gt=D5 pred=C6 ❌  | doremi: gt=re pred=sol ❌  | hz: gt=587.3295 pred=1034.52 ❌
    [ 101/210] B5     -30 dBFS  cello  | midi: gt=83 pred=68 ❌  | spn: gt=B5 pred=C6 ❌  | doremi: gt=si pred=sol ❌  | hz: gt=987.7666 pred=480.0 ❌
    [ 102/210] B5     -20 dBFS  cello  | midi: gt=83 pred=83 ✅  | spn: gt=B5 pred=B6 ❌  | doremi: gt=si pred=sol# ❌  | hz: gt=987.7666 pred=480.0 ❌
    [ 103/210] B5     -12 dBFS  cello  | midi: gt=83 pred=83 ✅  | spn: gt=B5 pred=B6 ❌  | doremi: gt=si pred=sol ❌  | hz: gt=987.7666 pred=480.0 ❌
    [ 104/210] B5       6 dBFS  cello  | midi: gt=83 pred=68 ❌  | spn: gt=B5 pred=C6 ❌  | doremi: gt=si pred=sol# ❌  | hz: gt=987.7666 pred=1046.53 ❌
    [ 105/210] B5      12 dBFS  cello  | midi: gt=83 pred=68 ❌  | spn: gt=B5 pred=C6 ❌  | doremi: gt=si pred=sol# ❌  | hz: gt=987.7666 pred=1046.57 ❌
    [ 106/210] F1     -30 dBFS  flute  | midi: gt=29 pred=48 ❌  | spn: gt=F1 pred=C2 ❌  | doremi: gt=fa pred=fa# ❌  | hz: gt=43.6535 pred=415.3 ❌
    [ 107/210] F1     -20 dBFS  flute  | midi: gt=29 pred=43 ❌  | spn: gt=F1 pred=A#2 ❌  | doremi: gt=fa pred=fa# ❌  | hz: gt=43.6535 pred=105.26 ❌
    [ 108/210] F1     -12 dBFS  flute  | midi: gt=29 pred=43 ❌  | spn: gt=F1 pred=A#2 ❌  | doremi: gt=fa pred=fa# ❌  | hz: gt=43.6535 pred=105.26 ❌
    [ 109/210] F1       6 dBFS  flute  | midi: gt=29 pred=65 ❌  | spn: gt=F1 pred=C2 ❌  | doremi: gt=fa pred=fa# ❌  | hz: gt=43.6535 pred=105.26 ❌
    [ 110/210] F1      12 dBFS  flute  | midi: gt=29 pred=65 ❌  | spn: gt=F1 pred=C2 ❌  | doremi: gt=fa pred=fa# ❌  | hz: gt=43.6535 pred=105.26 ❌
    [ 111/210] D2     -30 dBFS  flute  | midi: gt=38 pred=65 ❌  | spn: gt=D2 pred=C2 ❌  | doremi: gt=re pred=fa# ❌  | hz: gt=73.4162 pred=415.3 ❌
    [ 112/210] D2     -20 dBFS  flute  | midi: gt=38 pred=63 ❌  | spn: gt=D2 pred=C2 ❌  | doremi: gt=re pred=fa# ❌  | hz: gt=73.4162 pred=415.3 ❌
    [ 113/210] D2     -12 dBFS  flute  | midi: gt=38 pred=48 ❌  | spn: gt=D2 pred=C2 ❌  | doremi: gt=re pred=fa# ❌  | hz: gt=73.4162 pred=415.3 ❌
    [ 114/210] D2      12 dBFS  flute  | midi: gt=38 pred=64 ❌  | spn: gt=D2 pred=C6 ❌  | doremi: gt=re pred=fa# ❌  | hz: gt=73.4162 pred=415.3 ❌
    [ 115/210] D2       6 dBFS  flute  | midi: gt=38 pred=65 ❌  | spn: gt=D2 pred=C6 ❌  | doremi: gt=re pred=fa# ❌  | hz: gt=73.4162 pred=105.26 ❌
    [ 116/210] B2     -30 dBFS  flute  | midi: gt=47 pred=48 ❌  | spn: gt=B2 pred=C2 ❌  | doremi: gt=si pred=sol ❌  | hz: gt=123.4708 pred=480.0 ❌
    [ 117/210] B2     -20 dBFS  flute  | midi: gt=47 pred=48 ❌  | spn: gt=B2 pred=C2 ❌  | doremi: gt=si pred=sol ❌  | hz: gt=123.4708 pred=480.0 ❌
    [ 118/210] B2     -12 dBFS  flute  | midi: gt=47 pred=48 ❌  | spn: gt=B2 pred=C6 ❌  | doremi: gt=si pred=sol ❌  | hz: gt=123.4708 pred=480.0 ❌
    [ 119/210] B2       6 dBFS  flute  | midi: gt=47 pred=48 ❌  | spn: gt=B2 pred=C6 ❌  | doremi: gt=si pred=sol ❌  | hz: gt=123.4708 pred=480.0 ❌
    [ 120/210] B2      12 dBFS  flute  | midi: gt=47 pred=64 ❌  | spn: gt=B2 pred=C6 ❌  | doremi: gt=si pred=fa# ❌  | hz: gt=123.4708 pred=415.3 ❌
    [ 121/210] G#3    -30 dBFS  flute  | midi: gt=56 pred=54 ❌  | spn: gt=G#3 pred=C4 ❌  | doremi: gt=sol# pred=sol ❌  | hz: gt=207.6523 pred=435.0 ❌
    [ 122/210] G#3    -20 dBFS  flute  | midi: gt=56 pred=45 ❌  | spn: gt=G#3 pred=C4 ❌  | doremi: gt=sol# pred=sol ❌  | hz: gt=207.6523 pred=435.0 ❌
    [ 123/210] G#3    -12 dBFS  flute  | midi: gt=56 pred=45 ❌  | spn: gt=G#3 pred=C4 ❌  | doremi: gt=sol# pred=sol ❌  | hz: gt=207.6523 pred=435.0 ❌
    [ 124/210] G#3      6 dBFS  flute  | midi: gt=56 pred=56 ✅  | spn: gt=G#3 pred=C6 ❌  | doremi: gt=sol# pred=sol ❌  | hz: gt=207.6523 pred=450.0 ❌
    [ 125/210] G#3     12 dBFS  flute  | midi: gt=56 pred=56 ✅  | spn: gt=G#3 pred=C6 ❌  | doremi: gt=sol# pred=sol ❌  | hz: gt=207.6523 pred=450.0 ❌
    [ 126/210] F4     -30 dBFS  flute  | midi: gt=65 pred=65 ✅  | spn: gt=F4 pred=C6 ❌  | doremi: gt=fa pred=sol ❌  | hz: gt=349.2282 pred=250.0 ❌
    [ 127/210] F4     -20 dBFS  flute  | midi: gt=65 pred=65 ✅  | spn: gt=F4 pred=C6 ❌  | doremi: gt=fa pred=sol ❌  | hz: gt=349.2282 pred=250.0 ❌
    [ 128/210] F4     -12 dBFS  flute  | midi: gt=65 pred=65 ✅  | spn: gt=F4 pred=C6 ❌  | doremi: gt=fa pred=sol ❌  | hz: gt=349.2282 pred=250.0 ❌
    [ 129/210] F4       6 dBFS  flute  | midi: gt=65 pred=65 ✅  | spn: gt=F4 pred=C6 ❌  | doremi: gt=fa pred=sol ❌  | hz: gt=349.2282 pred=130.81 ❌
    [ 130/210] F4      12 dBFS  flute  | midi: gt=65 pred=64 ❌  | spn: gt=F4 pred=C6 ❌  | doremi: gt=fa pred=fa# ❌  | hz: gt=349.2282 pred=480.0 ❌
    [ 131/210] D5     -30 dBFS  flute  | midi: gt=74 pred=68 ❌  | spn: gt=D5 pred=C6 ❌  | doremi: gt=re pred=sol ❌  | hz: gt=587.3295 pred=493.88 ❌
    [ 132/210] D5     -20 dBFS  flute  | midi: gt=74 pred=68 ❌  | spn: gt=D5 pred=C6 ❌  | doremi: gt=re pred=sol ❌  | hz: gt=587.3295 pred=625.0 ❌
    [ 133/210] D5     -12 dBFS  flute  | midi: gt=74 pred=68 ❌  | spn: gt=D5 pred=C6 ❌  | doremi: gt=re pred=sol ❌  | hz: gt=587.3295 pred=6250.0 ❌
    [ 134/210] D5       6 dBFS  flute  | midi: gt=74 pred=69 ❌  | spn: gt=D5 pred=C6 ❌  | doremi: gt=re pred=sol ❌  | hz: gt=587.3295 pred=493.88 ❌
    [ 135/210] D5      12 dBFS  flute  | midi: gt=74 pred=69 ❌  | spn: gt=D5 pred=C6 ❌  | doremi: gt=re pred=sol ❌  | hz: gt=587.3295 pred=493.88 ❌
    [ 136/210] B5     -30 dBFS  flute  | midi: gt=83 pred=83 ✅  | spn: gt=B5 pred=C6 ❌  | doremi: gt=si pred=sol ❌  | hz: gt=987.7666 pred=1054.87 ❌
    [ 137/210] B5     -20 dBFS  flute  | midi: gt=83 pred=83 ✅  | spn: gt=B5 pred=C6 ❌  | doremi: gt=si pred=sol ❌  | hz: gt=987.7666 pred=640.0 ❌
    [ 138/210] B5     -12 dBFS  flute  | midi: gt=83 pred=83 ✅  | spn: gt=B5 pred=C6 ❌  | doremi: gt=si pred=sol ❌  | hz: gt=987.7666 pred=830.51 ❌
    [ 139/210] B5       6 dBFS  flute  | midi: gt=83 pred=83 ✅  | spn: gt=B5 pred=C6 ❌  | doremi: gt=si pred=sol ❌  | hz: gt=987.7666 pred=1034.57 ❌
    [ 140/210] F1     -30 dBFS  piano  | midi: gt=29 pred=43 ❌  | spn: gt=F1 pred=C4 ❌  | doremi: gt=fa pred=fa# ❌  | hz: gt=43.6535 pred=450.0 ❌
    [ 141/210] B5      12 dBFS  flute  | midi: gt=83 pred=83 ✅  | spn: gt=B5 pred=B6 ❌  | doremi: gt=si pred=sol# ❌  | hz: gt=987.7666 pred=1058.37 ❌
    [ 142/210] F1     -20 dBFS  piano  | midi: gt=29 pred=43 ❌  | spn: gt=F1 pred=C4 ❌  | doremi: gt=fa pred=fa# ❌  | hz: gt=43.6535 pred=4350.0 ❌
    [ 143/210] F1     -12 dBFS  piano  | midi: gt=29 pred=43 ❌  | spn: gt=F1 pred=C#6 ❌  | doremi: gt=fa pred=fa# ❌  | hz: gt=43.6535 pred=4350.0 ❌
    [ 144/210] F1       6 dBFS  piano  | midi: gt=29 pred=45 ❌  | spn: gt=F1 pred=C6 ❌  | doremi: gt=fa pred=sol ❌  | hz: gt=43.6535 pred=435.0 ❌
    [ 145/210] F1      12 dBFS  piano  | midi: gt=29 pred=63 ❌  | spn: gt=F1 pred=C6 ❌  | doremi: gt=fa pred=fa# ❌  | hz: gt=43.6535 pred=460.0 ❌
    [ 146/210] D2     -30 dBFS  piano  | midi: gt=38 pred=45 ❌  | spn: gt=D2 pred=C6 ❌  | doremi: gt=re pred=fa# ❌  | hz: gt=73.4162 pred=450.0 ❌
    [ 147/210] D2     -20 dBFS  piano  | midi: gt=38 pred=43 ❌  | spn: gt=D2 pred=C6 ❌  | doremi: gt=re pred=fa# ❌  | hz: gt=73.4162 pred=450.0 ❌
    [ 148/210] D2     -12 dBFS  piano  | midi: gt=38 pred=43 ❌  | spn: gt=D2 pred=C6 ❌  | doremi: gt=re pred=fa# ❌  | hz: gt=73.4162 pred=450.0 ❌
    [ 149/210] D2       6 dBFS  piano  | midi: gt=38 pred=45 ❌  | spn: gt=D2 pred=C6 ❌  | doremi: gt=re pred=sol ❌  | hz: gt=73.4162 pred=480.0 ❌
    [ 150/210] D2      12 dBFS  piano  | midi: gt=38 pred=63 ❌  | spn: gt=D2 pred=C6 ❌  | doremi: gt=re pred=fa# ❌  | hz: gt=73.4162 pred=480.0 ❌
    [ 151/210] B2     -30 dBFS  piano  | midi: gt=47 pred=48 ❌  | spn: gt=B2 pred=A#6 ❌  | doremi: gt=si pred=fa# ❌  | hz: gt=123.4708 pred=450.0 ❌
    [ 152/210] B2     -20 dBFS  piano  | midi: gt=47 pred=46 ❌  | spn: gt=B2 pred=A#6 ❌  | doremi: gt=si pred=fa# ❌  | hz: gt=123.4708 pred=450.0 ❌
    [ 153/210] B2     -12 dBFS  piano  | midi: gt=47 pred=46 ❌  | spn: gt=B2 pred=A#6 ❌  | doremi: gt=si pred=fa# ❌  | hz: gt=123.4708 pred=450.0 ❌
    [ 154/210] B2       6 dBFS  piano  | midi: gt=47 pred=46 ❌  | spn: gt=B2 pred=A#2 ❌  | doremi: gt=si pred=sol ❌  | hz: gt=123.4708 pred=460.0 ❌
    [ 155/210] B2      12 dBFS  piano  | midi: gt=47 pred=48 ❌  | spn: gt=B2 pred=A#6 ❌  | doremi: gt=si pred=sol ❌  | hz: gt=123.4708 pred=460.0 ❌
    [ 156/210] G#3    -30 dBFS  piano  | midi: gt=56 pred=58 ❌  | spn: gt=G#3 pred=C#6 ❌  | doremi: gt=sol# pred=fa# ❌  | hz: gt=207.6523 pred=450.0 ❌
    [ 157/210] G#3    -20 dBFS  piano  | midi: gt=56 pred=58 ❌  | spn: gt=G#3 pred=C6 ❌  | doremi: gt=sol# pred=fa# ❌  | hz: gt=207.6523 pred=493.88 ❌
    [ 158/210] G#3    -12 dBFS  piano  | midi: gt=56 pred=56 ✅  | spn: gt=G#3 pred=C6 ❌  | doremi: gt=sol# pred=sol ❌  | hz: gt=207.6523 pred=493.88 ❌
    [ 159/210] G#3      6 dBFS  piano  | midi: gt=56 pred=56 ✅  | spn: gt=G#3 pred=C6 ❌  | doremi: gt=sol# pred=sol ❌  | hz: gt=207.6523 pred=493.88 ❌
    [ 160/210] G#3     12 dBFS  piano  | midi: gt=56 pred=65 ❌  | spn: gt=G#3 pred=G4 ❌  | doremi: gt=sol# pred=sol ❌  | hz: gt=207.6523 pred=465.0 ❌
    [ 161/210] F4     -30 dBFS  piano  | midi: gt=65 pred=68 ❌  | spn: gt=F4 pred=C6 ❌  | doremi: gt=fa pred=sol ❌  | hz: gt=349.2282 pred=450.0 ❌
    [ 162/210] F4     -20 dBFS  piano  | midi: gt=65 pred=68 ❌  | spn: gt=F4 pred=C6 ❌  | doremi: gt=fa pred=sol ❌  | hz: gt=349.2282 pred=435.0 ❌
    [ 163/210] F4     -12 dBFS  piano  | midi: gt=65 pred=68 ❌  | spn: gt=F4 pred=C6 ❌  | doremi: gt=fa pred=sol ❌  | hz: gt=349.2282 pred=435.0 ❌
    [ 164/210] F4       6 dBFS  piano  | midi: gt=65 pred=63 ❌  | spn: gt=F4 pred=C6 ❌  | doremi: gt=fa pred=sol ❌  | hz: gt=349.2282 pred=450.0 ❌
    [ 165/210] F4      12 dBFS  piano  | midi: gt=65 pred=65 ✅  | spn: gt=F4 pred=C6 ❌  | doremi: gt=fa pred=fa# ❌  | hz: gt=349.2282 pred=465.0 ❌
    [ 166/210] D5     -30 dBFS  piano  | midi: gt=74 pred=68 ❌  | spn: gt=D5 pred=C6 ❌  | doremi: gt=re pred=sol ❌  | hz: gt=587.3295 pred=493.88 ❌
    [ 167/210] D5     -20 dBFS  piano  | midi: gt=74 pred=68 ❌  | spn: gt=D5 pred=C6 ❌  | doremi: gt=re pred=sol ❌  | hz: gt=587.3295 pred=493.88 ❌
    [ 168/210] D5     -12 dBFS  piano  | midi: gt=74 pred=68 ❌  | spn: gt=D5 pred=C6 ❌  | doremi: gt=re pred=sol ❌  | hz: gt=587.3295 pred=493.88 ❌
    [ 169/210] D5       6 dBFS  piano  | midi: gt=74 pred=69 ❌  | spn: gt=D5 pred=C6 ❌  | doremi: gt=re pred=sol ❌  | hz: gt=587.3295 pred=493.88 ❌
    [ 170/210] D5      12 dBFS  piano  | midi: gt=74 pred=69 ❌  | spn: gt=D5 pred=C6 ❌  | doremi: gt=re pred=sol# ❌  | hz: gt=587.3295 pred=493.88 ❌
    [ 171/210] B5     -30 dBFS  piano  | midi: gt=83 pred=68 ❌  | spn: gt=B5 pred=C6 ❌  | doremi: gt=si pred=sol ❌  | hz: gt=987.7666 pred=1053.67 ❌
    [ 172/210] B5     -20 dBFS  piano  | midi: gt=83 pred=68 ❌  | spn: gt=B5 pred=C6 ❌  | doremi: gt=si pred=sol ❌  | hz: gt=987.7666 pred=1035.87 ❌
    [ 173/210] B5     -12 dBFS  piano  | midi: gt=83 pred=83 ✅  | spn: gt=B5 pred=C6 ❌  | doremi: gt=si pred=sol# ❌  | hz: gt=987.7666 pred=1035.87 ❌
    [ 174/210] B5       6 dBFS  piano  | midi: gt=83 pred=68 ❌  | spn: gt=B5 pred=C6 ❌  | doremi: gt=si pred=sol# ❌  | hz: gt=987.7666 pred=1035.0 ❌
    [ 175/210] B5      12 dBFS  piano  | midi: gt=83 pred=68 ❌  | spn: gt=B5 pred=C6 ❌  | doremi: gt=si pred=sol ❌  | hz: gt=987.7666 pred=493.88 ❌
    [ 176/210] F1     -30 dBFS  voice  | midi: gt=29 pred=63 ❌  | spn: gt=F1 pred=C6 ❌  | doremi: gt=fa pred=fa# ❌  | hz: gt=43.6535 pred=1050.0 ❌
    [ 177/210] F1     -20 dBFS  voice  | midi: gt=29 pred=63 ❌  | spn: gt=F1 pred=C6 ❌  | doremi: gt=fa pred=fa# ❌  | hz: gt=43.6535 pred=415.3 ❌
    [ 178/210] F1     -12 dBFS  voice  | midi: gt=29 pred=43 ❌  | spn: gt=F1 pred=C2 ❌  | doremi: gt=fa pred=fa# ❌  | hz: gt=43.6535 pred=105.26 ❌
    [ 179/210] F1       6 dBFS  voice  | midi: gt=29 pred=63 ❌  | spn: gt=F1 pred=C6 ❌  | doremi: gt=fa pred=fa# ❌  | hz: gt=43.6535 pred=1050.0 ❌
    [ 180/210] F1      12 dBFS  voice  | midi: gt=29 pred=63 ❌  | spn: gt=F1 pred=C6 ❌  | doremi: gt=fa pred=fa# ❌  | hz: gt=43.6535 pred=415.3 ❌
    [ 181/210] D2     -30 dBFS  voice  | midi: gt=38 pred=63 ❌  | spn: gt=D2 pred=C6 ❌  | doremi: gt=re pred=fa# ❌  | hz: gt=73.4162 pred=480.0 ❌
    [ 182/210] D2     -20 dBFS  voice  | midi: gt=38 pred=63 ❌  | spn: gt=D2 pred=C6 ❌  | doremi: gt=re pred=fa# ❌  | hz: gt=73.4162 pred=480.0 ❌
    [ 183/210] D2     -12 dBFS  voice  | midi: gt=38 pred=63 ❌  | spn: gt=D2 pred=C6 ❌  | doremi: gt=re pred=sol ❌  | hz: gt=73.4162 pred=1250.0 ❌
    [ 184/210] D2      12 dBFS  voice  | midi: gt=38 pred=63 ❌  | spn: gt=D2 pred=C6 ❌  | doremi: gt=re pred=fa# ❌  | hz: gt=73.4162 pred=1050.0 ❌
    [ 185/210] D2       6 dBFS  voice  | midi: gt=38 pred=65 ❌  | spn: gt=D2 pred=C6 ❌  | doremi: gt=re pred=fa# ❌  | hz: gt=73.4162 pred=415.38 ❌
    [ 186/210] B2     -30 dBFS  voice  | midi: gt=47 pred=69 ❌  | spn: gt=B2 pred=C6 ❌  | doremi: gt=si pred=sol ❌  | hz: gt=123.4708 pred=None ❌
    [ 187/210] B2     -20 dBFS  voice  | midi: gt=47 pred=69 ❌  | spn: gt=B2 pred=C6 ❌  | doremi: gt=si pred=fa# ❌  | hz: gt=123.4708 pred=None ❌
    [ 188/210] B2     -12 dBFS  voice  | midi: gt=47 pred=69 ❌  | spn: gt=B2 pred=C6 ❌  | doremi: gt=si pred=fa# ❌  | hz: gt=123.4708 pred=436.5 ❌
    [ 189/210] B2       6 dBFS  voice  | midi: gt=47 pred=69 ❌  | spn: gt=B2 pred=C6 ❌  | doremi: gt=si pred=fa# ❌  | hz: gt=123.4708 pred=415.38 ❌
    [ 190/210] B2      12 dBFS  voice  | midi: gt=47 pred=69 ❌  | spn: gt=B2 pred=C6 ❌  | doremi: gt=si pred=fa# ❌  | hz: gt=123.4708 pred=415.38 ❌
    [ 191/210] G#3    -30 dBFS  voice  | midi: gt=56 pred=63 ❌  | spn: gt=G#3 pred=C4 ❌  | doremi: gt=sol# pred=sol ❌  | hz: gt=207.6523 pred=436.507 ❌
    [ 192/210] G#3    -20 dBFS  voice  | midi: gt=56 pred=68 ❌  | spn: gt=G#3 pred=C4 ❌  | doremi: gt=sol# pred=sol ❌  | hz: gt=207.6523 pred=436.507 ❌
    [ 193/210] G#3    -12 dBFS  voice  | midi: gt=56 pred=68 ❌  | spn: gt=G#3 pred=C4 ❌  | doremi: gt=sol# pred=sol ❌  | hz: gt=207.6523 pred=436.507 ❌
    [ 194/210] G#3      6 dBFS  voice  | midi: gt=56 pred=68 ❌  | spn: gt=G#3 pred=C4 ❌  | doremi: gt=sol# pred=sol ❌  | hz: gt=207.6523 pred=450.0 ❌
    [ 195/210] G#3     12 dBFS  voice  | midi: gt=56 pred=69 ❌  | spn: gt=G#3 pred=C6 ❌  | doremi: gt=sol# pred=sol ❌  | hz: gt=207.6523 pred=450.0 ❌
    [ 196/210] F4     -30 dBFS  voice  | midi: gt=65 pred=65 ✅  | spn: gt=F4 pred=C6 ❌  | doremi: gt=fa pred=sol ❌  | hz: gt=349.2282 pred=480.0 ❌
    [ 197/210] F4     -20 dBFS  voice  | midi: gt=65 pred=65 ✅  | spn: gt=F4 pred=C6 ❌  | doremi: gt=fa pred=sol ❌  | hz: gt=349.2282 pred=659.34 ❌
    [ 198/210] F4     -12 dBFS  voice  | midi: gt=65 pred=65 ✅  | spn: gt=F4 pred=E4 ❌  | doremi: gt=fa pred=sol ❌  | hz: gt=349.2282 pred=659.34 ❌
    [ 199/210] F4       6 dBFS  voice  | midi: gt=65 pred=69 ❌  | spn: gt=F4 pred=C6 ❌  | doremi: gt=fa pred=sol ❌  | hz: gt=349.2282 pred=480.0 ❌
    [ 200/210] F4      12 dBFS  voice  | midi: gt=65 pred=69 ❌  | spn: gt=F4 pred=E6 ❌  | doremi: gt=fa pred=sol# ❌  | hz: gt=349.2282 pred=480.0 ❌
    [ 201/210] D5     -30 dBFS  voice  | midi: gt=74 pred=62 ❌  | spn: gt=D5 pred=C6 ❌  | doremi: gt=re pred=fa# ❌  | hz: gt=587.3295 pred=176.47 ❌
    [ 202/210] D5     -20 dBFS  voice  | midi: gt=74 pred=62 ❌  | spn: gt=D5 pred=C6 ❌  | doremi: gt=re pred=sol ❌  | hz: gt=587.3295 pred=430.51 ❌
    [ 203/210] D5     -12 dBFS  voice  | midi: gt=74 pred=62 ❌  | spn: gt=D5 pred=C6 ❌  | doremi: gt=re pred=sol ❌  | hz: gt=587.3295 pred=6250.0 ❌
    [ 204/210] D5       6 dBFS  voice  | midi: gt=74 pred=69 ❌  | spn: gt=D5 pred=C6 ❌  | doremi: gt=re pred=sol# ❌  | hz: gt=587.3295 pred=480.0 ❌
    [ 205/210] D5      12 dBFS  voice  | midi: gt=74 pred=69 ❌  | spn: gt=D5 pred=C6 ❌  | doremi: gt=re pred=sol# ❌  | hz: gt=587.3295 pred=480.0 ❌
    [ 206/210] B5     -30 dBFS  voice  | midi: gt=83 pred=83 ✅  | spn: gt=B5 pred=C6 ❌  | doremi: gt=si pred=fa# ❌  | hz: gt=987.7666 pred=810.0 ❌
    [ 207/210] B5     -20 dBFS  voice  | midi: gt=83 pred=83 ✅  | spn: gt=B5 pred=C6 ❌  | doremi: gt=si pred=fa# ❌  | hz: gt=987.7666 pred=8250.0 ❌
    [ 208/210] B5     -12 dBFS  voice  | midi: gt=83 pred=83 ✅  | spn: gt=B5 pred=C6 ❌  | doremi: gt=si pred=sol# ❌  | hz: gt=987.7666 pred=857.0 ❌
    [ 209/210] B5       6 dBFS  voice  | midi: gt=83 pred=83 ✅  | spn: gt=B5 pred=C6 ❌  | doremi: gt=si pred=sol# ❌  | hz: gt=987.7666 pred=1046.57 ❌
    [ 210/210] B5      12 dBFS  voice  | midi: gt=83 pred=84 ❌  | spn: gt=B5 pred=C6 ❌  | doremi: gt=si pred=sol# ❌  | hz: gt=987.7666 pred=1046.57 ❌

============================================================
SUMMARY — audio_flamingo_next_instruct
  Sampling     : none (full set of 210)
  Stimuli (total)     : 210
  Stimuli (condition) : 210  (all records)

  Format   Accuracy
  ──────────────────
    MIDI      20.0%
     SPN       0.5%
  DOREMI       3.8%
      HZ       0.0%
     ANY      20.5%

  *** WARNING: working tree has uncommitted changes — results will NOT be exactly reproducible from git_commit alone ***


Results saved → results/analysis/run_20260506_193058/pitchbench_a2_single_pitch_by_loudness/run_001_20260506_193213/results_audio_flamingo_next_instruct.*

############################################################
# pitchbench_a3_single_pitch_by_duration
############################################################

Experiment : pitchbench_a3_single_pitch_by_duration
Models     : audio_flamingo_next_instruct
Stimuli    : 252
  Sampling     : none (full set of 252)

  Model : Audio Flamingo Next – instruct
    [dispatch] 252 items, max_workers=2
    [   1/252]   F1 sine  | midi: gt=29 pred=64 ❌  | spn: gt=F1 pred=C6 ❌  | doremi: gt=fa pred=fa# ❌  | hz: gt=43.6535 pred=435.0 ❌
    [   2/252]   F1 sine  | midi: gt=29 pred=64 ❌  | spn: gt=F1 pred=C6 ❌  | doremi: gt=fa pred=fa# ❌  | hz: gt=43.6535 pred=415.306 ❌
    [   3/252]   F1 sine  | midi: gt=29 pred=64 ❌  | spn: gt=F1 pred=C2 ❌  | doremi: gt=fa pred=fa# ❌  | hz: gt=43.6535 pred=261.63 ❌
    [   4/252]   F1 sine  | midi: gt=29 pred=26 ❌  | spn: gt=F1 pred=C2 ❌  | doremi: gt=fa pred=fa# ❌  | hz: gt=43.6535 pred=261.63 ❌
    [   5/252]   F1 sine  | midi: gt=29 pred=35 ❌  | spn: gt=F1 pred=C2 ❌  | doremi: gt=fa pred=fa# ❌  | hz: gt=43.6535 pred=20.0 ❌
    [   6/252]   F1 sine  | midi: gt=29 pred=58 ❌  | spn: gt=F1 pred=C2 ❌  | doremi: gt=fa pred=fa# ❌  | hz: gt=43.6535 pred=20.0 ❌
    [   7/252]   D2 sine  | midi: gt=38 pred=64 ❌  | spn: gt=D2 pred=C6 ❌  | doremi: gt=re pred=fa# ❌  | hz: gt=73.4162 pred=435.0 ❌
    [   8/252]   D2 sine  | midi: gt=38 pred=64 ❌  | spn: gt=D2 pred=C6 ❌  | doremi: gt=re pred=fa# ❌  | hz: gt=73.4162 pred=415.306 ❌
    [   9/252]   D2 sine  | midi: gt=38 pred=43 ❌  | spn: gt=D2 pred=C2 ❌  | doremi: gt=re pred=fa# ❌  | hz: gt=73.4162 pred=48.0 ❌
    [  10/252]   D2 sine  | midi: gt=38 pred=35 ❌  | spn: gt=D2 pred=C2 ❌  | doremi: gt=re pred=fa# ❌  | hz: gt=73.4162 pred=261.63 ❌
    [  11/252]   D2 sine  | midi: gt=38 pred=36 ❌  | spn: gt=D2 pred=C2 ❌  | doremi: gt=re pred=sol ❌  | hz: gt=73.4162 pred=261.63 ❌
    [  12/252]   D2 sine  | midi: gt=38 pred=64 ❌  | spn: gt=D2 pred=C2 ❌  | doremi: gt=re pred=fa# ❌  | hz: gt=73.4162 pred=105.26 ❌
    [  13/252]   B2 sine  | midi: gt=47 pred=64 ❌  | spn: gt=B2 pred=C6 ❌  | doremi: gt=si pred=fa# ❌  | hz: gt=123.4708 pred=415.306 ❌
    [  14/252]   B2 sine  | midi: gt=47 pred=64 ❌  | spn: gt=B2 pred=C6 ❌  | doremi: gt=si pred=fa# ❌  | hz: gt=123.4708 pred=480.0 ❌
    [  15/252]   B2 sine  | midi: gt=47 pred=45 ❌  | spn: gt=B2 pred=C2 ❌  | doremi: gt=si pred=fa# ❌  | hz: gt=123.4708 pred=107.86 ❌
    [  16/252]   B2 sine  | midi: gt=47 pred=46 ❌  | spn: gt=B2 pred=A#2 ❌  | doremi: gt=si pred=fa# ❌  | hz: gt=123.4708 pred=450.0 ❌
    [  17/252]   B2 sine  | midi: gt=47 pred=45 ❌  | spn: gt=B2 pred=C2 ❌  | doremi: gt=si pred=sol ❌  | hz: gt=123.4708 pred=20.0 ❌
    [  18/252]   B2 sine  | midi: gt=47 pred=64 ❌  | spn: gt=B2 pred=C6 ❌  | doremi: gt=si pred=fa# ❌  | hz: gt=123.4708 pred=105.26 ❌
    [  19/252]  G#3 sine  | midi: gt=56 pred=64 ❌  | spn: gt=G#3 pred=C6 ❌  | doremi: gt=sol# pred=fa# ❌  | hz: gt=207.6523 pred=435.0 ❌
    [  20/252]  G#3 sine  | midi: gt=56 pred=64 ❌  | spn: gt=G#3 pred=C6 ❌  | doremi: gt=sol# pred=fa# ❌  | hz: gt=207.6523 pred=480.0 ❌
    [  21/252]  G#3 sine  | midi: gt=56 pred=56 ✅  | spn: gt=G#3 pred=C6 ❌  | doremi: gt=sol# pred=fa# ❌  | hz: gt=207.6523 pred=480.0 ❌
    [  22/252]  G#3 sine  | midi: gt=56 pred=56 ✅  | spn: gt=G#3 pred=C4 ❌  | doremi: gt=sol# pred=sol ❌  | hz: gt=207.6523 pred=450.0 ❌
    [  23/252]  G#3 sine  | midi: gt=56 pred=56 ✅  | spn: gt=G#3 pred=C6 ❌  | doremi: gt=sol# pred=sol ❌  | hz: gt=207.6523 pred=261.63 ❌
    [  24/252]  G#3 sine  | midi: gt=56 pred=65 ❌  | spn: gt=G#3 pred=C6 ❌  | doremi: gt=sol# pred=sol ❌  | hz: gt=207.6523 pred=1050.0 ❌
    [  25/252]   F4 sine  | midi: gt=65 pred=64 ❌  | spn: gt=F4 pred=C6 ❌  | doremi: gt=fa pred=fa# ❌  | hz: gt=349.2282 pred=435.0 ❌
    [  26/252]   F4 sine  | midi: gt=65 pred=64 ❌  | spn: gt=F4 pred=C6 ❌  | doremi: gt=fa pred=fa# ❌  | hz: gt=349.2282 pred=480.0 ❌
    [  27/252]   F4 sine  | midi: gt=65 pred=65 ✅  | spn: gt=F4 pred=C6 ❌  | doremi: gt=fa pred=sol ❌  | hz: gt=349.2282 pred=659.3 ❌
    [  28/252]   F4 sine  | midi: gt=65 pred=64 ❌  | spn: gt=F4 pred=F#4 ❌  | doremi: gt=fa pred=sol ❌  | hz: gt=349.2282 pred=650.0 ❌
    [  29/252]   F4 sine  | midi: gt=65 pred=65 ✅  | spn: gt=F4 pred=F#3 ❌  | doremi: gt=fa pred=sol ❌  | hz: gt=349.2282 pred=107.65 ❌
    [  30/252]   F4 sine  | midi: gt=65 pred=65 ✅  | spn: gt=F4 pred=C6 ❌  | doremi: gt=fa pred=sol ❌  | hz: gt=349.2282 pred=1073.64 ❌
    [  31/252]   D5 sine  | midi: gt=74 pred=64 ❌  | spn: gt=D5 pred=C6 ❌  | doremi: gt=re pred=fa# ❌  | hz: gt=587.3295 pred=435.0 ❌
    [  32/252]   D5 sine  | midi: gt=74 pred=64 ❌  | spn: gt=D5 pred=C6 ❌  | doremi: gt=re pred=fa# ❌  | hz: gt=587.3295 pred=480.0 ❌
    [  33/252]   D5 sine  | midi: gt=74 pred=68 ❌  | spn: gt=D5 pred=C6 ❌  | doremi: gt=re pred=sol ❌  | hz: gt=587.3295 pred=1075.0 ❌
    [  34/252]   D5 sine  | midi: gt=74 pred=69 ❌  | spn: gt=D5 pred=C6 ❌  | doremi: gt=re pred=sol ❌  | hz: gt=587.3295 pred=6710.52 ❌
    [  35/252]   D5 sine  | midi: gt=74 pred=63 ❌  | spn: gt=D5 pred=C6 ❌  | doremi: gt=re pred=sol ❌  | hz: gt=587.3295 pred=480.0 ❌
    [  36/252]   D5 sine  | midi: gt=74 pred=65 ❌  | spn: gt=D5 pred=C6 ❌  | doremi: gt=re pred=sol ❌  | hz: gt=587.3295 pred=1050.0 ❌
    [  37/252]   B5 sine  | midi: gt=83 pred=64 ❌  | spn: gt=B5 pred=C6 ❌  | doremi: gt=si pred=fa# ❌  | hz: gt=987.7666 pred=435.0 ❌
    [  38/252]   B5 sine  | midi: gt=83 pred=64 ❌  | spn: gt=B5 pred=C6 ❌  | doremi: gt=si pred=fa# ❌  | hz: gt=987.7666 pred=435.0 ❌
    [  39/252]   B5 sine  | midi: gt=83 pred=68 ❌  | spn: gt=B5 pred=C6 ❌  | doremi: gt=si pred=sol ❌  | hz: gt=987.7666 pred=1073.825 ❌
    [  40/252]   B5 sine  | midi: gt=83 pred=83 ✅  | spn: gt=B5 pred=C6 ❌  | doremi: gt=si pred=sol ❌  | hz: gt=987.7666 pred=1046.53 ❌
    [  41/252]   B5 sine  | midi: gt=83 pred=69 ❌  | spn: gt=B5 pred=C6 ❌  | doremi: gt=si pred=sol ❌  | hz: gt=987.7666 pred=1050.0 ❌
    [  42/252]   B5 sine  | midi: gt=83 pred=69 ❌  | spn: gt=B5 pred=C6 ❌  | doremi: gt=si pred=sol ❌  | hz: gt=987.7666 pred=1000.0 ❌
    [  43/252]   F1 synth_lead  | midi: gt=29 pred=64 ❌  | spn: gt=F1 pred=C6 ❌  | doremi: gt=fa pred=fa# ❌  | hz: gt=43.6535 pred=435.0 ❌
    [  44/252]   F1 synth_lead  | midi: gt=29 pred=64 ❌  | spn: gt=F1 pred=C6 ❌  | doremi: gt=fa pred=fa# ❌  | hz: gt=43.6535 pred=213.0 ❌
    [  45/252]   F1 synth_lead  | midi: gt=29 pred=35 ❌  | spn: gt=F1 pred=C2 ❌  | doremi: gt=fa pred=sol ❌  | hz: gt=43.6535 pred=34.0 ❌
    [  46/252]   F1 synth_lead  | midi: gt=29 pred=63 ❌  | spn: gt=F1 pred=C6 ❌  | doremi: gt=fa pred=fa# ❌  | hz: gt=43.6535 pred=105.26 ❌
    [  47/252]   F1 synth_lead  | midi: gt=29 pred=63 ❌  | spn: gt=F1 pred=B2 ❌  | doremi: gt=fa pred=fa# ❌  | hz: gt=43.6535 pred=105.26 ❌
    [  48/252]   F1 synth_lead  | midi: gt=29 pred=64 ❌  | spn: gt=F1 pred=B2 ❌  | doremi: gt=fa pred=fa# ❌  | hz: gt=43.6535 pred=105.26 ❌
    [  49/252]   D2 synth_lead  | midi: gt=38 pred=64 ❌  | spn: gt=D2 pred=C6 ❌  | doremi: gt=re pred=fa# ❌  | hz: gt=73.4162 pred=480.0 ❌
    [  50/252]   D2 synth_lead  | midi: gt=38 pred=64 ❌  | spn: gt=D2 pred=C6 ❌  | doremi: gt=re pred=fa# ❌  | hz: gt=73.4162 pred=435.0 ❌
    [  51/252]   D2 synth_lead  | midi: gt=38 pred=36 ❌  | spn: gt=D2 pred=C4 ❌  | doremi: gt=re pred=sol ❌  | hz: gt=73.4162 pred=36.0 ❌
    [  52/252]   D2 synth_lead  | midi: gt=38 pred=63 ❌  | spn: gt=D2 pred=C6 ❌  | doremi: gt=re pred=fa# ❌  | hz: gt=73.4162 pred=480.0 ❌
    [  53/252]   D2 synth_lead  | midi: gt=38 pred=63 ❌  | spn: gt=D2 pred=C6 ❌  | doremi: gt=re pred=fa# ❌  | hz: gt=73.4162 pred=1250.0 ❌
    [  54/252]   D2 synth_lead  | midi: gt=38 pred=64 ❌  | spn: gt=D2 pred=C6 ❌  | doremi: gt=re pred=fa# ❌  | hz: gt=73.4162 pred=105.26 ❌
    [  55/252]   B2 synth_lead  | midi: gt=47 pred=64 ❌  | spn: gt=B2 pred=C6 ❌  | doremi: gt=si pred=fa# ❌  | hz: gt=123.4708 pred=435.0 ❌
    [  56/252]   B2 synth_lead  | midi: gt=47 pred=64 ❌  | spn: gt=B2 pred=C6 ❌  | doremi: gt=si pred=fa# ❌  | hz: gt=123.4708 pred=435.0 ❌
    [  57/252]   B2 synth_lead  | midi: gt=47 pred=64 ❌  | spn: gt=B2 pred=C6 ❌  | doremi: gt=si pred=fa# ❌  | hz: gt=123.4708 pred=1764.0 ❌
    [  58/252]   B2 synth_lead  | midi: gt=47 pred=47 ✅  | spn: gt=B2 pred=C4 ❌  | doremi: gt=si pred=sol ❌  | hz: gt=123.4708 pred=4760.0 ❌
    [  59/252]   B2 synth_lead  | midi: gt=47 pred=63 ❌  | spn: gt=B2 pred=C6 ❌  | doremi: gt=si pred=fa# ❌  | hz: gt=123.4708 pred=1200.0 ❌
    [  60/252]   B2 synth_lead  | midi: gt=47 pred=65 ❌  | spn: gt=B2 pred=C6 ❌  | doremi: gt=si pred=fa# ❌  | hz: gt=123.4708 pred=1052.63 ❌
    [  61/252]  G#3 synth_lead  | midi: gt=56 pred=64 ❌  | spn: gt=G#3 pred=C6 ❌  | doremi: gt=sol# pred=fa# ❌  | hz: gt=207.6523 pred=435.0 ❌
    [  62/252]  G#3 synth_lead  | midi: gt=56 pred=64 ❌  | spn: gt=G#3 pred=C6 ❌  | doremi: gt=sol# pred=fa# ❌  | hz: gt=207.6523 pred=480.0 ❌
    [  63/252]  G#3 synth_lead  | midi: gt=56 pred=65 ❌  | spn: gt=G#3 pred=C6 ❌  | doremi: gt=sol# pred=fa# ❌  | hz: gt=207.6523 pred=1073.64 ❌
    [  64/252]  G#3 synth_lead  | midi: gt=56 pred=56 ✅  | spn: gt=G#3 pred=C4 ❌  | doremi: gt=sol# pred=re ❌  | hz: gt=207.6523 pred=4800.0 ❌
    [  65/252]  G#3 synth_lead  | midi: gt=56 pred=63 ❌  | spn: gt=G#3 pred=C6 ❌  | doremi: gt=sol# pred=sol# ✅  | hz: gt=207.6523 pred=1250.0 ❌
    [  66/252]  G#3 synth_lead  | midi: gt=56 pred=63 ❌  | spn: gt=G#3 pred=C6 ❌  | doremi: gt=sol# pred=fa# ❌  | hz: gt=207.6523 pred=1058.37 ❌
    [  67/252]   F4 synth_lead  | midi: gt=65 pred=64 ❌  | spn: gt=F4 pred=C6 ❌  | doremi: gt=fa pred=fa# ❌  | hz: gt=349.2282 pred=480.0 ❌
    [  68/252]   F4 synth_lead  | midi: gt=65 pred=64 ❌  | spn: gt=F4 pred=C6 ❌  | doremi: gt=fa pred=fa# ❌  | hz: gt=349.2282 pred=435.0 ❌
    [  69/252]   F4 synth_lead  | midi: gt=65 pred=65 ✅  | spn: gt=F4 pred=C6 ❌  | doremi: gt=fa pred=si ❌  | hz: gt=349.2282 pred=600.0 ❌
    [  70/252]   F4 synth_lead  | midi: gt=65 pred=65 ✅  | spn: gt=F4 pred=C6 ❌  | doremi: gt=fa pred=fa# ❌  | hz: gt=349.2282 pred=415.30687 ❌
    [  71/252]   F4 synth_lead  | midi: gt=65 pred=63 ❌  | spn: gt=F4 pred=C6 ❌  | doremi: gt=fa pred=sol# ❌  | hz: gt=349.2282 pred=1200.0 ❌
    [  72/252]   F4 synth_lead  | midi: gt=65 pred=65 ✅  | spn: gt=F4 pred=C6 ❌  | doremi: gt=fa pred=fa# ❌  | hz: gt=349.2282 pred=1050.0 ❌
    [  73/252]   D5 synth_lead  | midi: gt=74 pred=64 ❌  | spn: gt=D5 pred=C6 ❌  | doremi: gt=re pred=fa# ❌  | hz: gt=587.3295 pred=435.0 ❌
    [  74/252]   D5 synth_lead  | midi: gt=74 pred=64 ❌  | spn: gt=D5 pred=C6 ❌  | doremi: gt=re pred=fa# ❌  | hz: gt=587.3295 pred=480.0 ❌
    [  75/252]   D5 synth_lead  | midi: gt=74 pred=68 ❌  | spn: gt=D5 pred=C6 ❌  | doremi: gt=re pred=fa# ❌  | hz: gt=587.3295 pred=460.0 ❌
    [  76/252]   D5 synth_lead  | midi: gt=74 pred=74 ✅  | spn: gt=D5 pred=C6 ❌  | doremi: gt=re pred=si ❌  | hz: gt=587.3295 pred=7450.0 ❌
    [  77/252]   D5 synth_lead  | midi: gt=74 pred=69 ❌  | spn: gt=D5 pred=D6 ❌  | doremi: gt=re pred=sol# ❌  | hz: gt=587.3295 pred=1764.0 ❌
    [  78/252]   D5 synth_lead  | midi: gt=74 pred=69 ❌  | spn: gt=D5 pred=D6 ❌  | doremi: gt=re pred=sol# ❌  | hz: gt=587.3295 pred=1073.64 ❌
    [  79/252]   B5 synth_lead  | midi: gt=83 pred=64 ❌  | spn: gt=B5 pred=C6 ❌  | doremi: gt=si pred=fa# ❌  | hz: gt=987.7666 pred=435.0 ❌
    [  80/252]   B5 synth_lead  | midi: gt=83 pred=64 ❌  | spn: gt=B5 pred=C6 ❌  | doremi: gt=si pred=fa# ❌  | hz: gt=987.7666 pred=480.0 ❌
    [  81/252]   B5 synth_lead  | midi: gt=83 pred=65 ❌  | spn: gt=B5 pred=C6 ❌  | doremi: gt=si pred=sol# ❌  | hz: gt=987.7666 pred=1075.0 ❌
    [  82/252]   B5 synth_lead  | midi: gt=83 pred=83 ✅  | spn: gt=B5 pred=C6 ❌  | doremi: gt=si pred=si ✅  | hz: gt=987.7666 pred=8305.0 ❌
    [  83/252]   B5 synth_lead  | midi: gt=83 pred=69 ❌  | spn: gt=B5 pred=B6 ❌  | doremi: gt=si pred=sol# ❌  | hz: gt=987.7666 pred=1764.0 ❌
    [  84/252]   B5 synth_lead  | midi: gt=83 pred=69 ❌  | spn: gt=B5 pred=B6 ❌  | doremi: gt=si pred=sol# ❌  | hz: gt=987.7666 pred=1058.37 ❌
    [  85/252]   F1 cello  | midi: gt=29 pred=64 ❌  | spn: gt=F1 pred=C6 ❌  | doremi: gt=fa pred=fa# ❌  | hz: gt=43.6535 pred=435.0 ❌
    [  86/252]   F1 cello  | midi: gt=29 pred=63 ❌  | spn: gt=F1 pred=C6 ❌  | doremi: gt=fa pred=fa# ❌  | hz: gt=43.6535 pred=415.306 ❌
    [  87/252]   F1 cello  | midi: gt=29 pred=35 ❌  | spn: gt=F1 pred=A#2 ❌  | doremi: gt=fa pred=fa# ❌  | hz: gt=43.6535 pred=105.26 ❌
    [  88/252]   F1 cello  | midi: gt=29 pred=36 ❌  | spn: gt=F1 pred=A#2 ❌  | doremi: gt=fa pred=re ❌  | hz: gt=43.6535 pred=1650.0 ❌
    [  89/252]   F1 cello  | midi: gt=29 pred=34 ❌  | spn: gt=F1 pred=F2 ❌  | doremi: gt=fa pred=re ❌  | hz: gt=43.6535 pred=28.5714285714286 ❌
    [  90/252]   F1 cello  | midi: gt=29 pred=48 ❌  | spn: gt=F1 pred=C2 ❌  | doremi: gt=fa pred=fa# ❌  | hz: gt=43.6535 pred=150.0 ❌
    [  91/252]   D2 cello  | midi: gt=38 pred=64 ❌  | spn: gt=D2 pred=C6 ❌  | doremi: gt=re pred=fa# ❌  | hz: gt=73.4162 pred=435.0 ❌
    [  92/252]   D2 cello  | midi: gt=38 pred=64 ❌  | spn: gt=D2 pred=C6 ❌  | doremi: gt=re pred=fa# ❌  | hz: gt=73.4162 pred=435.0 ❌
    [  93/252]   D2 cello  | midi: gt=38 pred=46 ❌  | spn: gt=D2 pred=D2 ✅  | doremi: gt=re pred=fa# ❌  | hz: gt=73.4162 pred=105.26 ❌
    [  94/252]   D2 cello  | midi: gt=38 pred=38 ✅  | spn: gt=D2 pred=C2 ❌  | doremi: gt=re pred=re ✅  | hz: gt=73.4162 pred=38.107 ❌
    [  95/252]   D2 cello  | midi: gt=38 pred=48 ❌  | spn: gt=D2 pred=D4 ❌  | doremi: gt=re pred=fa# ❌  | hz: gt=73.4162 pred=120.0 ❌
    [  96/252]   D2 cello  | midi: gt=38 pred=64 ❌  | spn: gt=D2 pred=C6 ❌  | doremi: gt=re pred=sol ❌  | hz: gt=73.4162 pred=166.67 ❌
    [  97/252]   B2 cello  | midi: gt=47 pred=64 ❌  | spn: gt=B2 pred=C6 ❌  | doremi: gt=si pred=fa# ❌  | hz: gt=123.4708 pred=435.0 ❌
    [  98/252]   B2 cello  | midi: gt=47 pred=64 ❌  | spn: gt=B2 pred=C4 ❌  | doremi: gt=si pred=sol ❌  | hz: gt=123.4708 pred=450.0 ❌
    [  99/252]   B2 cello  | midi: gt=47 pred=48 ❌  | spn: gt=B2 pred=A#6 ❌  | doremi: gt=si pred=fa# ❌  | hz: gt=123.4708 pred=105.26 ❌
    [ 100/252]   B2 cello  | midi: gt=47 pred=47 ✅  | spn: gt=B2 pred=C4 ❌  | doremi: gt=si pred=re ❌  | hz: gt=123.4708 pred=4750.0 ❌
    [ 101/252]   B2 cello  | midi: gt=47 pred=48 ❌  | spn: gt=B2 pred=B2 ✅  | doremi: gt=si pred=fa# ❌  | hz: gt=123.4708 pred=176.05 ❌
    [ 102/252]   B2 cello  | midi: gt=47 pred=63 ❌  | spn: gt=B2 pred=B2 ✅  | doremi: gt=si pred=fa# ❌  | hz: gt=123.4708 pred=166.67 ❌
    [ 103/252]  G#3 cello  | midi: gt=56 pred=64 ❌  | spn: gt=G#3 pred=C6 ❌  | doremi: gt=sol# pred=fa# ❌  | hz: gt=207.6523 pred=435.0 ❌
    [ 104/252]  G#3 cello  | midi: gt=56 pred=64 ❌  | spn: gt=G#3 pred=C6 ❌  | doremi: gt=sol# pred=fa# ❌  | hz: gt=207.6523 pred=435.0 ❌
    [ 105/252]  G#3 cello  | midi: gt=56 pred=68 ❌  | spn: gt=G#3 pred=C6 ❌  | doremi: gt=sol# pred=fa# ❌  | hz: gt=207.6523 pred=450.0 ❌
    [ 106/252]  G#3 cello  | midi: gt=56 pred=56 ✅  | spn: gt=G#3 pred=C4 ❌  | doremi: gt=sol# pred=mi ❌  | hz: gt=207.6523 pred=560.0 ❌
    [ 107/252]  G#3 cello  | midi: gt=56 pred=56 ✅  | spn: gt=G#3 pred=G4 ❌  | doremi: gt=sol# pred=sol# ✅  | hz: gt=207.6523 pred=120.0 ❌
    [ 108/252]  G#3 cello  | midi: gt=56 pred=65 ❌  | spn: gt=G#3 pred=C6 ❌  | doremi: gt=sol# pred=sol# ✅  | hz: gt=207.6523 pred=480.0 ❌
    [ 109/252]   F4 cello  | midi: gt=65 pred=64 ❌  | spn: gt=F4 pred=C6 ❌  | doremi: gt=fa pred=fa# ❌  | hz: gt=349.2282 pred=435.0 ❌
    [ 110/252]   F4 cello  | midi: gt=65 pred=64 ❌  | spn: gt=F4 pred=C6 ❌  | doremi: gt=fa pred=fa# ❌  | hz: gt=349.2282 pred=480.0 ❌
    [ 111/252]   F4 cello  | midi: gt=65 pred=68 ❌  | spn: gt=F4 pred=C6 ❌  | doremi: gt=fa pred=fa# ❌  | hz: gt=349.2282 pred=460.0 ❌
    [ 112/252]   F4 cello  | midi: gt=65 pred=65 ✅  | spn: gt=F4 pred=C6 ❌  | doremi: gt=fa pred=mi ❌  | hz: gt=349.2282 pred=650.0 ❌
    [ 113/252]   F4 cello  | midi: gt=65 pred=65 ✅  | spn: gt=F4 pred=C6 ❌  | doremi: gt=fa pred=sol ❌  | hz: gt=349.2282 pred=480.0 ❌
    [ 114/252]   F4 cello  | midi: gt=65 pred=65 ✅  | spn: gt=F4 pred=F#6 ❌  | doremi: gt=fa pred=sol# ❌  | hz: gt=349.2282 pred=1666.67 ❌
    [ 115/252]   D5 cello  | midi: gt=74 pred=64 ❌  | spn: gt=D5 pred=C6 ❌  | doremi: gt=re pred=fa# ❌  | hz: gt=587.3295 pred=435.0 ❌
    [ 116/252]   D5 cello  | midi: gt=74 pred=64 ❌  | spn: gt=D5 pred=C6 ❌  | doremi: gt=re pred=fa# ❌  | hz: gt=587.3295 pred=415.306 ❌
    [ 117/252]   D5 cello  | midi: gt=74 pred=69 ❌  | spn: gt=D5 pred=C6 ❌  | doremi: gt=re pred=sol ❌  | hz: gt=587.3295 pred=460.0 ❌
    [ 118/252]   D5 cello  | midi: gt=74 pred=74 ✅  | spn: gt=D5 pred=C6 ❌  | doremi: gt=re pred=mi ❌  | hz: gt=587.3295 pred=740.0 ❌
    [ 119/252]   D5 cello  | midi: gt=74 pred=62 ❌  | spn: gt=D5 pred=D6 ❌  | doremi: gt=re pred=sol ❌  | hz: gt=587.3295 pred=605.38 ❌
    [ 120/252]   B5 cello  | midi: gt=83 pred=64 ❌  | spn: gt=B5 pred=C6 ❌  | doremi: gt=si pred=fa# ❌  | hz: gt=987.7666 pred=435.0 ❌
    [ 121/252]   D5 cello  | midi: gt=74 pred=69 ❌  | spn: gt=D5 pred=C6 ❌  | doremi: gt=re pred=sol# ❌  | hz: gt=587.3295 pred=1073.645829 ❌
    [ 122/252]   B5 cello  | midi: gt=83 pred=64 ❌  | spn: gt=B5 pred=C6 ❌  | doremi: gt=si pred=fa# ❌  | hz: gt=987.7666 pred=465.0 ❌
    [ 123/252]   B5 cello  | midi: gt=83 pred=68 ❌  | spn: gt=B5 pred=C6 ❌  | doremi: gt=si pred=fa# ❌  | hz: gt=987.7666 pred=415.306 ❌
    [ 124/252]   B5 cello  | midi: gt=83 pred=83 ✅  | spn: gt=B5 pred=B7 ❌  | doremi: gt=si pred=sol ❌  | hz: gt=987.7666 pred=7500.0 ❌
    [ 125/252]   B5 cello  | midi: gt=83 pred=68 ❌  | spn: gt=B5 pred=B6 ❌  | doremi: gt=si pred=sol# ❌  | hz: gt=987.7666 pred=1250.0 ❌
    [ 126/252]   B5 cello  | midi: gt=83 pred=69 ❌  | spn: gt=B5 pred=B6 ❌  | doremi: gt=si pred=sol# ❌  | hz: gt=987.7666 pred=1764.0 ❌
    [ 127/252]   F1 flute  | midi: gt=29 pred=64 ❌  | spn: gt=F1 pred=C6 ❌  | doremi: gt=fa pred=fa# ❌  | hz: gt=43.6535 pred=435.0 ❌
    [ 128/252]   F1 flute  | midi: gt=29 pred=64 ❌  | spn: gt=F1 pred=C6 ❌  | doremi: gt=fa pred=fa# ❌  | hz: gt=43.6535 pred=415.306 ❌
    [ 129/252]   F1 flute  | midi: gt=29 pred=65 ❌  | spn: gt=F1 pred=C2 ❌  | doremi: gt=fa pred=fa# ❌  | hz: gt=43.6535 pred=105.26 ❌
    [ 130/252]   F1 flute  | midi: gt=29 pred=36 ❌  | spn: gt=F1 pred=A#2 ❌  | doremi: gt=fa pred=fa# ❌  | hz: gt=43.6535 pred=120.0 ❌
    [ 131/252]   F1 flute  | midi: gt=29 pred=34 ❌  | spn: gt=F1 pred=F2 ❌  | doremi: gt=fa pred=re ❌  | hz: gt=43.6535 pred=28.5714285714286 ❌
    [ 132/252]   F1 flute  | midi: gt=29 pred=64 ❌  | spn: gt=F1 pred=C2 ❌  | doremi: gt=fa pred=fa# ❌  | hz: gt=43.6535 pred=107.65 ❌
    [ 133/252]   D2 flute  | midi: gt=38 pred=64 ❌  | spn: gt=D2 pred=C6 ❌  | doremi: gt=re pred=fa# ❌  | hz: gt=73.4162 pred=435.0 ❌
    [ 134/252]   D2 flute  | midi: gt=38 pred=64 ❌  | spn: gt=D2 pred=C6 ❌  | doremi: gt=re pred=fa# ❌  | hz: gt=73.4162 pred=435.0 ❌
    [ 135/252]   D2 flute  | midi: gt=38 pred=45 ❌  | spn: gt=D2 pred=A#2 ❌  | doremi: gt=re pred=fa# ❌  | hz: gt=73.4162 pred=105.26 ❌
    [ 136/252]   D2 flute  | midi: gt=38 pred=38 ✅  | spn: gt=D2 pred=C2 ❌  | doremi: gt=re pred=do ❌  | hz: gt=73.4162 pred=37.5 ❌
    [ 137/252]   D2 flute  | midi: gt=38 pred=45 ❌  | spn: gt=D2 pred=D2 ✅  | doremi: gt=re pred=fa# ❌  | hz: gt=73.4162 pred=120.0 ❌
    [ 138/252]   D2 flute  | midi: gt=38 pred=65 ❌  | spn: gt=D2 pred=D2 ✅  | doremi: gt=re pred=fa# ❌  | hz: gt=73.4162 pred=107.65 ❌
    [ 139/252]   B2 flute  | midi: gt=47 pred=64 ❌  | spn: gt=B2 pred=C6 ❌  | doremi: gt=si pred=fa# ❌  | hz: gt=123.4708 pred=435.0 ❌
    [ 140/252]   B2 flute  | midi: gt=47 pred=64 ❌  | spn: gt=B2 pred=C4 ❌  | doremi: gt=si pred=fa# ❌  | hz: gt=123.4708 pred=415.306 ❌
    [ 141/252]   B2 flute  | midi: gt=47 pred=45 ❌  | spn: gt=B2 pred=C2 ❌  | doremi: gt=si pred=fa# ❌  | hz: gt=123.4708 pred=107.86 ❌
    [ 142/252]   B2 flute  | midi: gt=47 pred=48 ❌  | spn: gt=B2 pred=C4 ❌  | doremi: gt=si pred=si ✅  | hz: gt=123.4708 pred=47.0 ❌
    [ 143/252]   B2 flute  | midi: gt=47 pred=45 ❌  | spn: gt=B2 pred=B2 ✅  | doremi: gt=si pred=fa# ❌  | hz: gt=123.4708 pred=130.81 ❌
    [ 144/252]   B2 flute  | midi: gt=47 pred=63 ❌  | spn: gt=B2 pred=B2 ✅  | doremi: gt=si pred=fa# ❌  | hz: gt=123.4708 pred=176.47 ❌
    [ 145/252]  G#3 flute  | midi: gt=56 pred=64 ❌  | spn: gt=G#3 pred=C6 ❌  | doremi: gt=sol# pred=fa# ❌  | hz: gt=207.6523 pred=415.306 ❌
    [ 146/252]  G#3 flute  | midi: gt=56 pred=64 ❌  | spn: gt=G#3 pred=C6 ❌  | doremi: gt=sol# pred=fa# ❌  | hz: gt=207.6523 pred=415.3068724930709 ❌
    [ 147/252]  G#3 flute  | midi: gt=56 pred=56 ✅  | spn: gt=G#3 pred=A#6 ❌  | doremi: gt=sol# pred=fa# ❌  | hz: gt=207.6523 pred=105.26 ❌
    [ 148/252]  G#3 flute  | midi: gt=56 pred=56 ✅  | spn: gt=G#3 pred=C4 ❌  | doremi: gt=sol# pred=si ❌  | hz: gt=207.6523 pred=440.5 ❌
    [ 149/252]  G#3 flute  | midi: gt=56 pred=56 ✅  | spn: gt=G#3 pred=C6 ❌  | doremi: gt=sol# pred=fa# ❌  | hz: gt=207.6523 pred=176.47 ❌
    [ 150/252]   F4 flute  | midi: gt=65 pred=64 ❌  | spn: gt=F4 pred=C6 ❌  | doremi: gt=fa pred=fa# ❌  | hz: gt=349.2282 pred=435.0 ❌
    [ 151/252]  G#3 flute  | midi: gt=56 pred=65 ❌  | spn: gt=G#3 pred=C#6 ❌  | doremi: gt=sol# pred=fa# ❌  | hz: gt=207.6523 pred=176.47 ❌
    [ 152/252]   F4 flute  | midi: gt=65 pred=68 ❌  | spn: gt=F4 pred=C6 ❌  | doremi: gt=fa pred=fa# ❌  | hz: gt=349.2282 pred=460.0 ❌
    [ 153/252]   F4 flute  | midi: gt=65 pred=64 ❌  | spn: gt=F4 pred=C6 ❌  | doremi: gt=fa pred=fa# ❌  | hz: gt=349.2282 pred=435.0 ❌
    [ 154/252]   F4 flute  | midi: gt=65 pred=65 ✅  | spn: gt=F4 pred=C6 ❌  | doremi: gt=fa pred=sol ❌  | hz: gt=349.2282 pred=480.0 ❌
    [ 155/252]   F4 flute  | midi: gt=65 pred=65 ✅  | spn: gt=F4 pred=F4 ✅  | doremi: gt=fa pred=mi ❌  | hz: gt=349.2282 pred=650.0 ❌
    [ 156/252]   F4 flute  | midi: gt=65 pred=65 ✅  | spn: gt=F4 pred=F#6 ❌  | doremi: gt=fa pred=fa# ❌  | hz: gt=349.2282 pred=176.47 ❌
    [ 157/252]   D5 flute  | midi: gt=74 pred=64 ❌  | spn: gt=D5 pred=C6 ❌  | doremi: gt=re pred=fa# ❌  | hz: gt=587.3295 pred=415.306 ❌
    [ 158/252]   D5 flute  | midi: gt=74 pred=64 ❌  | spn: gt=D5 pred=C6 ❌  | doremi: gt=re pred=fa# ❌  | hz: gt=587.3295 pred=415.306 ❌
    [ 159/252]   D5 flute  | midi: gt=74 pred=68 ❌  | spn: gt=D5 pred=C6 ❌  | doremi: gt=re pred=fa# ❌  | hz: gt=587.3295 pred=659.28 ❌
    [ 160/252]   D5 flute  | midi: gt=74 pred=69 ❌  | spn: gt=D5 pred=C6 ❌  | doremi: gt=re pred=si ❌  | hz: gt=587.3295 pred=700.0 ❌
    [ 161/252]   D5 flute  | midi: gt=74 pred=69 ❌  | spn: gt=D5 pred=C6 ❌  | doremi: gt=re pred=sol ❌  | hz: gt=587.3295 pred=493.88 ❌
    [ 162/252]   D5 flute  | midi: gt=74 pred=69 ❌  | spn: gt=D5 pred=C6 ❌  | doremi: gt=re pred=sol ❌  | hz: gt=587.3295 pred=1073.65 ❌
    [ 163/252]   B5 flute  | midi: gt=83 pred=64 ❌  | spn: gt=B5 pred=C6 ❌  | doremi: gt=si pred=fa# ❌  | hz: gt=987.7666 pred=415.306 ❌
    [ 164/252]   B5 flute  | midi: gt=83 pred=64 ❌  | spn: gt=B5 pred=C6 ❌  | doremi: gt=si pred=fa# ❌  | hz: gt=987.7666 pred=460.0 ❌
    [ 165/252]   B5 flute  | midi: gt=83 pred=83 ✅  | spn: gt=B5 pred=C6 ❌  | doremi: gt=si pred=sol ❌  | hz: gt=987.7666 pred=1046.5 ❌
    [ 166/252]   B5 flute  | midi: gt=83 pred=83 ✅  | spn: gt=B5 pred=F#7 ❌  | doremi: gt=si pred=sol ❌  | hz: gt=987.7666 pred=8305.12 ❌
    [ 167/252]   B5 flute  | midi: gt=83 pred=68 ❌  | spn: gt=B5 pred=B6 ❌  | doremi: gt=si pred=sol ❌  | hz: gt=987.7666 pred=1764.0 ❌
    [ 168/252]   B5 flute  | midi: gt=83 pred=69 ❌  | spn: gt=B5 pred=B6 ❌  | doremi: gt=si pred=sol# ❌  | hz: gt=987.7666 pred=1764.0 ❌
    [ 169/252]   F1 piano  | midi: gt=29 pred=64 ❌  | spn: gt=F1 pred=C6 ❌  | doremi: gt=fa pred=fa# ❌  | hz: gt=43.6535 pred=435.0 ❌
    [ 170/252]   F1 piano  | midi: gt=29 pred=43 ❌  | spn: gt=F1 pred=F#2 ❌  | doremi: gt=fa pred=fa# ❌  | hz: gt=43.6535 pred=450.0 ❌
    [ 171/252]   F1 piano  | midi: gt=29 pred=64 ❌  | spn: gt=F1 pred=C6 ❌  | doremi: gt=fa pred=fa# ❌  | hz: gt=43.6535 pred=435.0 ❌
    [ 172/252]   F1 piano  | midi: gt=29 pred=30 ❌  | spn: gt=F1 pred=F2 ❌  | doremi: gt=fa pred=fa# ❌  | hz: gt=43.6535 pred=30.0 ❌
    [ 173/252]   F1 piano  | midi: gt=29 pred=36 ❌  | spn: gt=F1 pred=C6 ❌  | doremi: gt=fa pred=sol# ❌  | hz: gt=43.6535 pred=1034.52 ❌
    [ 174/252]   F1 piano  | midi: gt=29 pred=48 ❌  | spn: gt=F1 pred=C#2 ❌  | doremi: gt=fa pred=sol ❌  | hz: gt=43.6535 pred=1073.645829 ❌
    [ 175/252]   D2 piano  | midi: gt=38 pred=64 ❌  | spn: gt=D2 pred=C6 ❌  | doremi: gt=re pred=fa# ❌  | hz: gt=73.4162 pred=415.306 ❌
    [ 176/252]   D2 piano  | midi: gt=38 pred=64 ❌  | spn: gt=D2 pred=C6 ❌  | doremi: gt=re pred=fa# ❌  | hz: gt=73.4162 pred=435.0 ❌
    [ 177/252]   D2 piano  | midi: gt=38 pred=48 ❌  | spn: gt=D2 pred=C4 ❌  | doremi: gt=re pred=fa# ❌  | hz: gt=73.4162 pred=450.0 ❌
    [ 178/252]   D2 piano  | midi: gt=38 pred=36 ❌  | spn: gt=D2 pred=C4 ❌  | doremi: gt=re pred=re ✅  | hz: gt=73.4162 pred=36.54 ❌
    [ 179/252]   D2 piano  | midi: gt=38 pred=64 ❌  | spn: gt=D2 pred=C6 ❌  | doremi: gt=re pred=sol# ❌  | hz: gt=73.4162 pred=1365.0 ❌
    [ 180/252]   D2 piano  | midi: gt=38 pred=65 ❌  | spn: gt=D2 pred=C6 ❌  | doremi: gt=re pred=fa# ❌  | hz: gt=73.4162 pred=1052.63 ❌
    [ 181/252]   B2 piano  | midi: gt=47 pred=64 ❌  | spn: gt=B2 pred=C6 ❌  | doremi: gt=si pred=fa# ❌  | hz: gt=123.4708 pred=415.306 ❌
    [ 182/252]   B2 piano  | midi: gt=47 pred=64 ❌  | spn: gt=B2 pred=C6 ❌  | doremi: gt=si pred=fa# ❌  | hz: gt=123.4708 pred=435.0 ❌
    [ 183/252]   B2 piano  | midi: gt=47 pred=48 ❌  | spn: gt=B2 pred=A#2 ❌  | doremi: gt=si pred=fa# ❌  | hz: gt=123.4708 pred=450.72 ❌
    [ 184/252]   B2 piano  | midi: gt=47 pred=47 ✅  | spn: gt=B2 pred=C4 ❌  | doremi: gt=si pred=re ❌  | hz: gt=123.4708 pred=475.0 ❌
    [ 185/252]   B2 piano  | midi: gt=47 pred=48 ❌  | spn: gt=B2 pred=B2 ✅  | doremi: gt=si pred=fa# ❌  | hz: gt=123.4708 pred=450.0 ❌
    [ 186/252]   B2 piano  | midi: gt=47 pred=63 ❌  | spn: gt=B2 pred=B2 ✅  | doremi: gt=si pred=la# ❌  | hz: gt=123.4708 pred=450.0 ❌
    [ 187/252]  G#3 piano  | midi: gt=56 pred=64 ❌  | spn: gt=G#3 pred=C6 ❌  | doremi: gt=sol# pred=fa# ❌  | hz: gt=207.6523 pred=435.0 ❌
    [ 188/252]  G#3 piano  | midi: gt=56 pred=64 ❌  | spn: gt=G#3 pred=C6 ❌  | doremi: gt=sol# pred=fa# ❌  | hz: gt=207.6523 pred=435.0 ❌
    [ 189/252]  G#3 piano  | midi: gt=56 pred=53 ❌  | spn: gt=G#3 pred=C4 ❌  | doremi: gt=sol# pred=fa# ❌  | hz: gt=207.6523 pred=450.72 ❌
    [ 190/252]  G#3 piano  | midi: gt=56 pred=56 ✅  | spn: gt=G#3 pred=C4 ❌  | doremi: gt=sol# pred=sol ❌  | hz: gt=207.6523 pred=107.65 ❌
    [ 191/252]  G#3 piano  | midi: gt=56 pred=48 ❌  | spn: gt=G#3 pred=G#2 ❌  | doremi: gt=sol# pred=sol# ✅  | hz: gt=207.6523 pred=450.0 ❌
    [ 192/252]  G#3 piano  | midi: gt=56 pred=63 ❌  | spn: gt=G#3 pred=C6 ❌  | doremi: gt=sol# pred=sol# ✅  | hz: gt=207.6523 pred=450.0 ❌
    [ 193/252]   F4 piano  | midi: gt=65 pred=64 ❌  | spn: gt=F4 pred=C6 ❌  | doremi: gt=fa pred=fa# ❌  | hz: gt=349.2282 pred=435.0 ❌
    [ 194/252]   F4 piano  | midi: gt=65 pred=65 ✅  | spn: gt=F4 pred=C6 ❌  | doremi: gt=fa pred=fa# ❌  | hz: gt=349.2282 pred=450.0 ❌
    [ 195/252]   F4 piano  | midi: gt=65 pred=64 ❌  | spn: gt=F4 pred=C6 ❌  | doremi: gt=fa pred=fa# ❌  | hz: gt=349.2282 pred=415.306 ❌
    [ 196/252]   F4 piano  | midi: gt=65 pred=65 ✅  | spn: gt=F4 pred=C6 ❌  | doremi: gt=fa pred=sol# ❌  | hz: gt=349.2282 pred=65.0 ❌
    [ 197/252]   F4 piano  | midi: gt=65 pred=48 ❌  | spn: gt=F4 pred=C4 ❌  | doremi: gt=fa pred=sol# ❌  | hz: gt=349.2282 pred=480.0 ❌
    [ 198/252]   F4 piano  | midi: gt=65 pred=65 ✅  | spn: gt=F4 pred=F#2 ❌  | doremi: gt=fa pred=sol# ❌  | hz: gt=349.2282 pred=436.36 ❌
    [ 199/252]   D5 piano  | midi: gt=74 pred=64 ❌  | spn: gt=D5 pred=C6 ❌  | doremi: gt=re pred=fa# ❌  | hz: gt=587.3295 pred=435.0 ❌
    [ 200/252]   D5 piano  | midi: gt=74 pred=63 ❌  | spn: gt=D5 pred=C6 ❌  | doremi: gt=re pred=fa# ❌  | hz: gt=587.3295 pred=450.0 ❌
    [ 201/252]   D5 piano  | midi: gt=74 pred=64 ❌  | spn: gt=D5 pred=C6 ❌  | doremi: gt=re pred=fa# ❌  | hz: gt=587.3295 pred=415.306 ❌
    [ 202/252]   D5 piano  | midi: gt=74 pred=64 ❌  | spn: gt=D5 pred=C6 ❌  | doremi: gt=re pred=sol# ❌  | hz: gt=587.3295 pred=74.06 ❌
    [ 203/252]   D5 piano  | midi: gt=74 pred=63 ❌  | spn: gt=D5 pred=D4 ❌  | doremi: gt=re pred=sol ❌  | hz: gt=587.3295 pred=493.88 ❌
    [ 204/252]   D5 piano  | midi: gt=74 pred=69 ❌  | spn: gt=D5 pred=D6 ❌  | doremi: gt=re pred=sol ❌  | hz: gt=587.3295 pred=493.88 ❌
    [ 205/252]   B5 piano  | midi: gt=83 pred=64 ❌  | spn: gt=B5 pred=C6 ❌  | doremi: gt=si pred=fa# ❌  | hz: gt=987.7666 pred=435.0 ❌
    [ 206/252]   B5 piano  | midi: gt=83 pred=64 ❌  | spn: gt=B5 pred=C6 ❌  | doremi: gt=si pred=fa# ❌  | hz: gt=987.7666 pred=435.0 ❌
    [ 207/252]   B5 piano  | midi: gt=83 pred=63 ❌  | spn: gt=B5 pred=C6 ❌  | doremi: gt=si pred=fa# ❌  | hz: gt=987.7666 pred=450.0 ❌
    [ 208/252]   B5 piano  | midi: gt=83 pred=83 ✅  | spn: gt=B5 pred=B7 ❌  | doremi: gt=si pred=sol# ❌  | hz: gt=987.7666 pred=830.0 ❌
    [ 209/252]   B5 piano  | midi: gt=83 pred=68 ❌  | spn: gt=B5 pred=B6 ❌  | doremi: gt=si pred=sol# ❌  | hz: gt=987.7666 pred=1035.87 ❌
    [ 210/252]   B5 piano  | midi: gt=83 pred=68 ❌  | spn: gt=B5 pred=B6 ❌  | doremi: gt=si pred=sol ❌  | hz: gt=987.7666 pred=450.0 ❌
    [ 211/252]   F1 voice  | midi: gt=29 pred=64 ❌  | spn: gt=F1 pred=C6 ❌  | doremi: gt=fa pred=fa# ❌  | hz: gt=43.6535 pred=435.0 ❌
    [ 212/252]   F1 voice  | midi: gt=29 pred=64 ❌  | spn: gt=F1 pred=C6 ❌  | doremi: gt=fa pred=fa# ❌  | hz: gt=43.6535 pred=460.0 ❌
    [ 213/252]   F1 voice  | midi: gt=29 pred=34 ❌  | spn: gt=F1 pred=F2 ❌  | doremi: gt=fa pred=re ❌  | hz: gt=43.6535 pred=32.0 ❌
    [ 214/252]   F1 voice  | midi: gt=29 pred=64 ❌  | spn: gt=F1 pred=C6 ❌  | doremi: gt=fa pred=fa# ❌  | hz: gt=43.6535 pred=415.306 ❌
    [ 215/252]   F1 voice  | midi: gt=29 pred=63 ❌  | spn: gt=F1 pred=A#2 ❌  | doremi: gt=fa pred=fa# ❌  | hz: gt=43.6535 pred=107.85 ❌
    [ 216/252]   F1 voice  | midi: gt=29 pred=65 ❌  | spn: gt=F1 pred=A#6 ❌  | doremi: gt=fa pred=fa# ❌  | hz: gt=43.6535 pred=176.47 ❌
    [ 217/252]   D2 voice  | midi: gt=38 pred=64 ❌  | spn: gt=D2 pred=C6 ❌  | doremi: gt=re pred=fa# ❌  | hz: gt=73.4162 pred=435.0 ❌
    [ 218/252]   D2 voice  | midi: gt=38 pred=64 ❌  | spn: gt=D2 pred=C6 ❌  | doremi: gt=re pred=fa# ❌  | hz: gt=73.4162 pred=415.306 ❌
    [ 219/252]   D2 voice  | midi: gt=38 pred=65 ❌  | spn: gt=D2 pred=C6 ❌  | doremi: gt=re pred=sol ❌  | hz: gt=73.4162 pred=450.0 ❌
    [ 220/252]   D2 voice  | midi: gt=38 pred=36 ❌  | spn: gt=D2 pred=C2 ❌  | doremi: gt=re pred=sol ❌  | hz: gt=73.4162 pred=480.0 ❌
    [ 221/252]   D2 voice  | midi: gt=38 pred=63 ❌  | spn: gt=D2 pred=C6 ❌  | doremi: gt=re pred=sol# ❌  | hz: gt=73.4162 pred=120.0 ❌
    [ 222/252]   D2 voice  | midi: gt=38 pred=65 ❌  | spn: gt=D2 pred=C6 ❌  | doremi: gt=re pred=fa# ❌  | hz: gt=73.4162 pred=176.47 ❌
    [ 223/252]   B2 voice  | midi: gt=47 pred=64 ❌  | spn: gt=B2 pred=C6 ❌  | doremi: gt=si pred=fa# ❌  | hz: gt=123.4708 pred=435.0 ❌
    [ 224/252]   B2 voice  | midi: gt=47 pred=68 ❌  | spn: gt=B2 pred=C6 ❌  | doremi: gt=si pred=sol ❌  | hz: gt=123.4708 pred=480.0 ❌
    [ 225/252]   B2 voice  | midi: gt=47 pred=65 ❌  | spn: gt=B2 pred=C6 ❌  | doremi: gt=si pred=sol ❌  | hz: gt=123.4708 pred=450.0 ❌
    [ 226/252]   B2 voice  | midi: gt=47 pred=47 ✅  | spn: gt=B2 pred=F#3 ❌  | doremi: gt=si pred=sol ❌  | hz: gt=123.4708 pred=4750.0 ❌
    [ 227/252]   B2 voice  | midi: gt=47 pred=63 ❌  | spn: gt=B2 pred=B4 ❌  | doremi: gt=si pred=fa# ❌  | hz: gt=123.4708 pred=166.67 ❌
    [ 228/252]   B2 voice  | midi: gt=47 pred=63 ❌  | spn: gt=B2 pred=B2 ✅  | doremi: gt=si pred=fa# ❌  | hz: gt=123.4708 pred=176.47 ❌
    [ 229/252]  G#3 voice  | midi: gt=56 pred=64 ❌  | spn: gt=G#3 pred=C6 ❌  | doremi: gt=sol# pred=fa# ❌  | hz: gt=207.6523 pred=435.0 ❌
    [ 230/252]  G#3 voice  | midi: gt=56 pred=64 ❌  | spn: gt=G#3 pred=C6 ❌  | doremi: gt=sol# pred=sol ❌  | hz: gt=207.6523 pred=415.306 ❌
    [ 231/252]  G#3 voice  | midi: gt=56 pred=69 ❌  | spn: gt=G#3 pred=C6 ❌  | doremi: gt=sol# pred=sol ❌  | hz: gt=207.6523 pred=450.0 ❌
    [ 232/252]  G#3 voice  | midi: gt=56 pred=56 ✅  | spn: gt=G#3 pred=G4 ❌  | doremi: gt=sol# pred=sol ❌  | hz: gt=207.6523 pred=105.26 ❌
    [ 233/252]  G#3 voice  | midi: gt=56 pred=68 ❌  | spn: gt=G#3 pred=G4 ❌  | doremi: gt=sol# pred=sol# ✅  | hz: gt=207.6523 pred=176.47 ❌
    [ 234/252]  G#3 voice  | midi: gt=56 pred=65 ❌  | spn: gt=G#3 pred=C6 ❌  | doremi: gt=sol# pred=sol# ✅  | hz: gt=207.6523 pred=176.47 ❌
    [ 235/252]   F4 voice  | midi: gt=65 pred=64 ❌  | spn: gt=F4 pred=C6 ❌  | doremi: gt=fa pred=fa# ❌  | hz: gt=349.2282 pred=435.0 ❌
    [ 236/252]   F4 voice  | midi: gt=65 pred=69 ❌  | spn: gt=F4 pred=C6 ❌  | doremi: gt=fa pred=sol ❌  | hz: gt=349.2282 pred=450.0 ❌
    [ 237/252]   F4 voice  | midi: gt=65 pred=64 ❌  | spn: gt=F4 pred=C6 ❌  | doremi: gt=fa pred=fa# ❌  | hz: gt=349.2282 pred=435.0 ❌
    [ 238/252]   F4 voice  | midi: gt=65 pred=65 ✅  | spn: gt=F4 pred=E4 ❌  | doremi: gt=fa pred=mi ❌  | hz: gt=349.2282 pred=650.0 ❌
    [ 239/252]   F4 voice  | midi: gt=65 pred=65 ✅  | spn: gt=F4 pred=F4 ✅  | doremi: gt=fa pred=sol ❌  | hz: gt=349.2282 pred=480.0 ❌
    [ 240/252]   F4 voice  | midi: gt=65 pred=65 ✅  | spn: gt=F4 pred=F#6 ❌  | doremi: gt=fa pred=sol# ❌  | hz: gt=349.2282 pred=1764.0 ❌
    [ 241/252]   D5 voice  | midi: gt=74 pred=64 ❌  | spn: gt=D5 pred=C6 ❌  | doremi: gt=re pred=fa# ❌  | hz: gt=587.3295 pred=415.306 ❌
    [ 242/252]   D5 voice  | midi: gt=74 pred=69 ❌  | spn: gt=D5 pred=C6 ❌  | doremi: gt=re pred=sol ❌  | hz: gt=587.3295 pred=460.0 ❌
    [ 243/252]   D5 voice  | midi: gt=74 pred=68 ❌  | spn: gt=D5 pred=C6 ❌  | doremi: gt=re pred=fa# ❌  | hz: gt=587.3295 pred=415.3068724930709 ❌
    [ 244/252]   D5 voice  | midi: gt=74 pred=62 ❌  | spn: gt=D5 pred=C6 ❌  | doremi: gt=re pred=mi ❌  | hz: gt=587.3295 pred=6250.0 ❌
    [ 245/252]   D5 voice  | midi: gt=74 pred=62 ❌  | spn: gt=D5 pred=C6 ❌  | doremi: gt=re pred=sol ❌  | hz: gt=587.3295 pred=600.0 ❌
    [ 246/252]   D5 voice  | midi: gt=74 pred=69 ❌  | spn: gt=D5 pred=C6 ❌  | doremi: gt=re pred=sol# ❌  | hz: gt=587.3295 pred=1250.0 ❌
    [ 247/252]   B5 voice  | midi: gt=83 pred=64 ❌  | spn: gt=B5 pred=C6 ❌  | doremi: gt=si pred=fa# ❌  | hz: gt=987.7666 pred=435.0 ❌
    [ 248/252]   B5 voice  | midi: gt=83 pred=63 ❌  | spn: gt=B5 pred=C6 ❌  | doremi: gt=si pred=fa# ❌  | hz: gt=987.7666 pred=415.306 ❌
    [ 249/252]   B5 voice  | midi: gt=83 pred=83 ✅  | spn: gt=B5 pred=C6 ❌  | doremi: gt=si pred=sol ❌  | hz: gt=987.7666 pred=None ❌
    [ 250/252]   B5 voice  | midi: gt=83 pred=83 ✅  | spn: gt=B5 pred=C6 ❌  | doremi: gt=si pred=sol ❌  | hz: gt=987.7666 pred=8250.0 ❌
    [ 251/252]   B5 voice  | midi: gt=83 pred=68 ❌  | spn: gt=B5 pred=C6 ❌  | doremi: gt=si pred=sol# ❌  | hz: gt=987.7666 pred=1764.0 ❌
    [ 252/252]   B5 voice  | midi: gt=83 pred=69 ❌  | spn: gt=B5 pred=B6 ❌  | doremi: gt=si pred=sol# ❌  | hz: gt=987.7666 pred=1764.0 ❌

============================================================
SUMMARY — audio_flamingo_next_instruct
  Sampling     : none (full set of 252)
  Stimuli (total)     : 252
  Stimuli (condition) : 252  (all records)

  Format   Accuracy
  ──────────────────
    MIDI      17.9%
     SPN       4.8%
  DOREMI       4.4%
      HZ       0.0%
     ANY      21.8%

  *** WARNING: working tree has uncommitted changes — results will NOT be exactly reproducible from git_commit alone ***


Results saved → results/analysis/run_20260506_193058/pitchbench_a3_single_pitch_by_duration/run_001_20260506_193746/results_audio_flamingo_next_instruct.*

############################################################
# pitchbench_y1_single_pitch_id_mcq
############################################################

Experiment : pitchbench_y1_single_pitch_id_mcq
Models     : audio_flamingo_next_instruct
Stimuli    : 126
  Sampling     : none (full set of 126)

  Model : Audio Flamingo Next – instruct
    [dispatch] 126 items, max_workers=2
    [   1/126]   F1 sine  | midi: gt=29 pred=28 ❌  | spn: gt=F1 pred=C#1 ❌  | doremi: gt=fa pred=re# ❌  | hz: gt=43.6535 pred=34.65 ❌
    [   2/126]   D2 sine  | midi: gt=38 pred=40 ❌  | spn: gt=D2 pred=G#2 ❌  | doremi: gt=re pred=sol# ❌  | hz: gt=73.4162 pred=73.42 ✅
    [   3/126]   B2 sine  | midi: gt=47 pred=45 ❌  | spn: gt=B2 pred=G2 ❌  | doremi: gt=si pred=sol ❌  | hz: gt=123.4708 pred=87.31 ❌
    [   4/126]  G#3 sine  | midi: gt=56 pred=61 ❌  | spn: gt=G#3 pred=G#3 ✅  | doremi: gt=sol# pred=sol# ✅  | hz: gt=207.6523 pred=261.63 ❌
    [   5/126]   F4 sine  | midi: gt=65 pred=67 ❌  | spn: gt=F4 pred=G4 ❌  | doremi: gt=fa pred=sol ❌  | hz: gt=349.2282 pred=349.23 ✅
    [   6/126]   D5 sine  | midi: gt=74 pred=72 ❌  | spn: gt=D5 pred=G#4 ❌  | doremi: gt=re pred=la# ❌  | hz: gt=587.3295 pred=523.25 ❌
    [   7/126]   B5 sine  | midi: gt=83 pred=87 ❌  | spn: gt=B5 pred=G6 ❌  | doremi: gt=si pred=re# ❌  | hz: gt=987.7666 pred=1244.51 ❌
    [   8/126]   F1 sine  | midi: gt=29 pred=37 ❌  | spn: gt=F1 pred=C#1 ❌  | doremi: gt=fa pred=fa ✅  | hz: gt=43.6535 pred=34.65 ❌
    [   9/126]   B2 sine  | midi: gt=47 pred=47 ✅  | spn: gt=B2 pred=G3 ❌  | doremi: gt=si pred=si ✅  | hz: gt=123.4708 pred=123.47 ✅
    [  10/126]   D2 sine  | midi: gt=38 pred=38 ✅  | spn: gt=D2 pred=A#1 ❌  | doremi: gt=re pred=la# ❌  | hz: gt=73.4162 pred=58.27 ❌
    [  11/126]   F4 sine  | midi: gt=65 pred=73 ❌  | spn: gt=F4 pred=F5 ❌  | doremi: gt=fa pred=fa ✅  | hz: gt=349.2282 pred=349.23 ✅
    [  12/126]  G#3 sine  | midi: gt=56 pred=52 ❌  | spn: gt=G#3 pred=G#3 ✅  | doremi: gt=sol# pred=sol# ✅  | hz: gt=207.6523 pred=130.81 ❌
    [  13/126]   D5 sine  | midi: gt=74 pred=74 ✅  | spn: gt=D5 pred=F#4 ❌  | doremi: gt=re pred=la# ❌  | hz: gt=587.3295 pred=369.99 ❌
    [  14/126]   B5 sine  | midi: gt=83 pred=75 ❌  | spn: gt=B5 pred=D#5 ❌  | doremi: gt=si pred=sol ❌  | hz: gt=987.7666 pred=783.99 ❌
    [  15/126]   F1 sine  | midi: gt=29 pred=41 ❌  | spn: gt=F1 pred=F1 ✅  | doremi: gt=fa pred=fa ✅  | hz: gt=43.6535 pred=61.74 ❌
    [  16/126]   D2 sine  | midi: gt=38 pred=44 ❌  | spn: gt=D2 pred=G#3 ❌  | doremi: gt=re pred=re ✅  | hz: gt=73.4162 pred=103.83 ❌
    [  17/126]   B2 sine  | midi: gt=47 pred=47 ✅  | spn: gt=B2 pred=F3 ❌  | doremi: gt=si pred=si ✅  | hz: gt=123.4708 pred=174.61 ❌
    [  18/126]  G#3 sine  | midi: gt=56 pred=44 ❌  | spn: gt=G#3 pred=D3 ❌  | doremi: gt=sol# pred=re ❌  | hz: gt=207.6523 pred=146.83 ❌
    [  19/126]   F4 sine  | midi: gt=65 pred=47 ❌  | spn: gt=F4 pred=F3 ❌  | doremi: gt=fa pred=si ❌  | hz: gt=349.2282 pred=174.61 ❌
    [  20/126]   D5 sine  | midi: gt=74 pred=68 ❌  | spn: gt=D5 pred=G#4 ❌  | doremi: gt=re pred=sol# ❌  | hz: gt=587.3295 pred=293.66 ❌
    [  21/126]   B5 sine  | midi: gt=83 pred=77 ❌  | spn: gt=B5 pred=B5 ✅  | doremi: gt=si pred=si ✅  | hz: gt=987.7666 pred=698.46 ❌
    [  22/126]   F1 synth_lead  | midi: gt=29 pred=31 ❌  | spn: gt=F1 pred=G1 ❌  | doremi: gt=fa pred=sol ❌  | hz: gt=43.6535 pred=43.65 ✅
    [  23/126]   D2 synth_lead  | midi: gt=38 pred=40 ❌  | spn: gt=D2 pred=G#2 ❌  | doremi: gt=re pred=sol# ❌  | hz: gt=73.4162 pred=82.41 ❌
    [  24/126]   B2 synth_lead  | midi: gt=47 pred=43 ❌  | spn: gt=B2 pred=G2 ❌  | doremi: gt=si pred=sol ❌  | hz: gt=123.4708 pred=123.47 ✅
    [  25/126]  G#3 synth_lead  | midi: gt=56 pred=52 ❌  | spn: gt=G#3 pred=G#3 ✅  | doremi: gt=sol# pred=sol# ✅  | hz: gt=207.6523 pred=164.81 ❌
    [  26/126]   F4 synth_lead  | midi: gt=65 pred=65 ✅  | spn: gt=F4 pred=G4 ❌  | doremi: gt=fa pred=sol ❌  | hz: gt=349.2282 pred=349.23 ✅
    [  27/126]   B5 synth_lead  | midi: gt=83 pred=87 ❌  | spn: gt=B5 pred=G6 ❌  | doremi: gt=si pred=re# ❌  | hz: gt=987.7666 pred=1244.51 ❌
    [  28/126]   D5 synth_lead  | midi: gt=74 pred=76 ❌  | spn: gt=D5 pred=F#5 ❌  | doremi: gt=re pred=sol# ❌  | hz: gt=587.3295 pred=659.26 ❌
    [  29/126]   F1 synth_lead  | midi: gt=29 pred=33 ❌  | spn: gt=F1 pred=F2 ❌  | doremi: gt=fa pred=la ❌  | hz: gt=43.6535 pred=69.3 ❌
    [  30/126]   D2 synth_lead  | midi: gt=38 pred=30 ❌  | spn: gt=D2 pred=A#1 ❌  | doremi: gt=re pred=la# ❌  | hz: gt=73.4162 pred=36.71 ❌
    [  31/126]   B2 synth_lead  | midi: gt=47 pred=51 ❌  | spn: gt=B2 pred=B3 ❌  | doremi: gt=si pred=re# ❌  | hz: gt=123.4708 pred=196.0 ❌
    [  32/126]  G#3 synth_lead  | midi: gt=56 pred=64 ❌  | spn: gt=G#3 pred=G#4 ❌  | doremi: gt=sol# pred=sol# ✅  | hz: gt=207.6523 pred=329.63 ❌
    [  33/126]   F4 synth_lead  | midi: gt=65 pred=61 ❌  | spn: gt=F4 pred=F4 ✅  | doremi: gt=fa pred=fa ✅  | hz: gt=349.2282 pred=349.23 ✅
    [  34/126]   D5 synth_lead  | midi: gt=74 pred=82 ❌  | spn: gt=D5 pred=F#5 ❌  | doremi: gt=re pred=fa# ❌  | hz: gt=587.3295 pred=739.99 ❌
    [  35/126]   B5 synth_lead  | midi: gt=83 pred=87 ❌  | spn: gt=B5 pred=G6 ❌  | doremi: gt=si pred=si ✅  | hz: gt=987.7666 pred=1244.51 ❌
    [  36/126]   F1 synth_lead  | midi: gt=29 pred=17 ❌  | spn: gt=F1 pred=F1 ✅  | doremi: gt=fa pred=si ❌  | hz: gt=43.6535 pred=43.65 ✅
    [  37/126]   B2 synth_lead  | midi: gt=47 pred=41 ❌  | spn: gt=B2 pred=F2 ❌  | doremi: gt=si pred=si ✅  | hz: gt=123.4708 pred=61.74 ❌
    [  38/126]   D2 synth_lead  | midi: gt=38 pred=38 ✅  | spn: gt=D2 pred=G#3 ❌  | doremi: gt=re pred=re ✅  | hz: gt=73.4162 pred=103.83 ❌
    [  39/126]   F4 synth_lead  | midi: gt=65 pred=71 ❌  | spn: gt=F4 pred=F5 ❌  | doremi: gt=fa pred=si ❌  | hz: gt=349.2282 pred=493.88 ❌
    [  40/126]  G#3 synth_lead  | midi: gt=56 pred=56 ✅  | spn: gt=G#3 pred=G#4 ❌  | doremi: gt=sol# pred=re ❌  | hz: gt=207.6523 pred=293.66 ❌
    [  41/126]   D5 synth_lead  | midi: gt=74 pred=80 ❌  | spn: gt=D5 pred=G#5 ❌  | doremi: gt=re pred=re ✅  | hz: gt=587.3295 pred=830.61 ❌
    [  42/126]   B5 synth_lead  | midi: gt=83 pred=89 ❌  | spn: gt=B5 pred=B6 ❌  | doremi: gt=si pred=si ✅  | hz: gt=987.7666 pred=1975.53 ❌
    [  43/126]   F1 cello  | midi: gt=29 pred=31 ❌  | spn: gt=F1 pred=G1 ❌  | doremi: gt=fa pred=sol ❌  | hz: gt=43.6535 pred=43.65 ✅
    [  44/126]   D2 cello  | midi: gt=38 pred=38 ✅  | spn: gt=D2 pred=F#2 ❌  | doremi: gt=re pred=mi ❌  | hz: gt=73.4162 pred=73.42 ✅
    [  45/126]   B2 cello  | midi: gt=47 pred=47 ✅  | spn: gt=B2 pred=C#3 ❌  | doremi: gt=si pred=si ✅  | hz: gt=123.4708 pred=123.47 ✅
    [  46/126]  G#3 cello  | midi: gt=56 pred=52 ❌  | spn: gt=G#3 pred=F#3 ❌  | doremi: gt=sol# pred=sol# ✅  | hz: gt=207.6523 pred=164.81 ❌
    [  47/126]   F4 cello  | midi: gt=65 pred=63 ❌  | spn: gt=F4 pred=G4 ❌  | doremi: gt=fa pred=re# ❌  | hz: gt=349.2282 pred=349.23 ✅
    [  48/126]   D5 cello  | midi: gt=74 pred=78 ❌  | spn: gt=D5 pred=F#5 ❌  | doremi: gt=re pred=sol# ❌  | hz: gt=587.3295 pred=739.99 ❌
    [  49/126]   B5 cello  | midi: gt=83 pred=83 ✅  | spn: gt=B5 pred=B5 ✅  | doremi: gt=si pred=si ✅  | hz: gt=987.7666 pred=987.77 ✅
    [  50/126]   F1 cello  | midi: gt=29 pred=21 ❌  | spn: gt=F1 pred=F1 ✅  | doremi: gt=fa pred=fa ✅  | hz: gt=43.6535 pred=34.65 ❌
    [  51/126]   D2 cello  | midi: gt=38 pred=38 ✅  | spn: gt=D2 pred=F#2 ❌  | doremi: gt=re pred=la# ❌  | hz: gt=73.4162 pred=58.27 ❌
    [  52/126]   B2 cello  | midi: gt=47 pred=51 ❌  | spn: gt=B2 pred=G3 ❌  | doremi: gt=si pred=si ✅  | hz: gt=123.4708 pred=196.0 ❌
    [  53/126]  G#3 cello  | midi: gt=56 pred=64 ❌  | spn: gt=G#3 pred=G#4 ❌  | doremi: gt=sol# pred=sol# ✅  | hz: gt=207.6523 pred=329.63 ❌
    [  54/126]   F4 cello  | midi: gt=65 pred=73 ❌  | spn: gt=F4 pred=F5 ❌  | doremi: gt=fa pred=la ❌  | hz: gt=349.2282 pred=554.37 ❌
    [  55/126]   D5 cello  | midi: gt=74 pred=66 ❌  | spn: gt=D5 pred=D4 ❌  | doremi: gt=re pred=la# ❌  | hz: gt=587.3295 pred=293.66 ❌
    [  56/126]   B5 cello  | midi: gt=83 pred=87 ❌  | spn: gt=B5 pred=G6 ❌  | doremi: gt=si pred=si ✅  | hz: gt=987.7666 pred=1244.51 ❌
    [  57/126]   F1 cello  | midi: gt=29 pred=17 ❌  | spn: gt=F1 pred=F1 ✅  | doremi: gt=fa pred=si ❌  | hz: gt=43.6535 pred=43.65 ✅
    [  58/126]   D2 cello  | midi: gt=38 pred=38 ✅  | spn: gt=D2 pred=G#0 ❌  | doremi: gt=re pred=re ✅  | hz: gt=73.4162 pred=36.71 ❌
    [  59/126]   B2 cello  | midi: gt=47 pred=41 ❌  | spn: gt=B2 pred=F2 ❌  | doremi: gt=si pred=si ✅  | hz: gt=123.4708 pred=87.31 ❌
    [  60/126]  G#3 cello  | midi: gt=56 pred=56 ✅  | spn: gt=G#3 pred=G#4 ❌  | doremi: gt=sol# pred=re ❌  | hz: gt=207.6523 pred=293.66 ❌
    [  61/126]   F4 cello  | midi: gt=65 pred=71 ❌  | spn: gt=F4 pred=B5 ❌  | doremi: gt=fa pred=si ❌  | hz: gt=349.2282 pred=493.88 ❌
    [  62/126]   D5 cello  | midi: gt=74 pred=62 ❌  | spn: gt=D5 pred=G#4 ❌  | doremi: gt=re pred=re ✅  | hz: gt=587.3295 pred=293.66 ❌
    [  63/126]   F1 flute  | midi: gt=29 pred=33 ❌  | spn: gt=F1 pred=G1 ❌  | doremi: gt=fa pred=sol ❌  | hz: gt=43.6535 pred=43.65 ✅
    [  64/126]   B5 cello  | midi: gt=83 pred=77 ❌  | spn: gt=B5 pred=F5 ❌  | doremi: gt=si pred=si ✅  | hz: gt=987.7666 pred=698.46 ❌
    [  65/126]   D2 flute  | midi: gt=38 pred=36 ❌  | spn: gt=D2 pred=A#1 ❌  | doremi: gt=re pred=la# ❌  | hz: gt=73.4162 pred=65.41 ❌
    [  66/126]   B2 flute  | midi: gt=47 pred=49 ❌  | spn: gt=B2 pred=C#3 ❌  | doremi: gt=si pred=re# ❌  | hz: gt=123.4708 pred=138.59 ❌
    [  67/126]   F4 flute  | midi: gt=65 pred=67 ❌  | spn: gt=F4 pred=G4 ❌  | doremi: gt=fa pred=sol ❌  | hz: gt=349.2282 pred=392.0 ❌
    [  68/126]  G#3 flute  | midi: gt=56 pred=52 ❌  | spn: gt=G#3 pred=F#3 ❌  | doremi: gt=sol# pred=sol# ✅  | hz: gt=207.6523 pred=164.81 ❌
    [  69/126]   D5 flute  | midi: gt=74 pred=76 ❌  | spn: gt=D5 pred=F#5 ❌  | doremi: gt=re pred=fa# ❌  | hz: gt=587.3295 pred=659.26 ❌
    [  70/126]   B5 flute  | midi: gt=83 pred=85 ❌  | spn: gt=B5 pred=C#6 ❌  | doremi: gt=si pred=re# ❌  | hz: gt=987.7666 pred=987.77 ✅
    [  71/126]   F1 flute  | midi: gt=29 pred=21 ❌  | spn: gt=F1 pred=F1 ✅  | doremi: gt=fa pred=la ❌  | hz: gt=43.6535 pred=27.5 ❌
    [  72/126]   D2 flute  | midi: gt=38 pred=34 ❌  | spn: gt=D2 pred=F#1 ❌  | doremi: gt=re pred=re ✅  | hz: gt=73.4162 pred=58.27 ❌
    [  73/126]   B2 flute  | midi: gt=47 pred=47 ✅  | spn: gt=B2 pred=D#2 ❌  | doremi: gt=si pred=sol ❌  | hz: gt=123.4708 pred=123.47 ✅
    [  74/126]  G#3 flute  | midi: gt=56 pred=64 ❌  | spn: gt=G#3 pred=G#4 ❌  | doremi: gt=sol# pred=sol# ✅  | hz: gt=207.6523 pred=329.63 ❌
    [  75/126]   F4 flute  | midi: gt=65 pred=57 ❌  | spn: gt=F4 pred=F3 ❌  | doremi: gt=fa pred=fa ✅  | hz: gt=349.2282 pred=174.61 ❌
    [  76/126]   D5 flute  | midi: gt=74 pred=82 ❌  | spn: gt=D5 pred=F#5 ❌  | doremi: gt=re pred=fa# ❌  | hz: gt=587.3295 pred=739.99 ❌
    [  77/126]   B5 flute  | midi: gt=83 pred=87 ❌  | spn: gt=B5 pred=G6 ❌  | doremi: gt=si pred=si ✅  | hz: gt=987.7666 pred=1244.51 ❌
    [  78/126]   F1 flute  | midi: gt=29 pred=23 ❌  | spn: gt=F1 pred=F1 ✅  | doremi: gt=fa pred=fa ✅  | hz: gt=43.6535 pred=43.65 ✅
    [  79/126]   D2 flute  | midi: gt=38 pred=38 ✅  | spn: gt=D2 pred=G#1 ❌  | doremi: gt=re pred=re ✅  | hz: gt=73.4162 pred=51.91 ❌
    [  80/126]   B2 flute  | midi: gt=47 pred=35 ❌  | spn: gt=B2 pred=F2 ❌  | doremi: gt=si pred=si ✅  | hz: gt=123.4708 pred=61.74 ❌
    [  81/126]   F4 flute  | midi: gt=65 pred=71 ❌  | spn: gt=F4 pred=F5 ❌  | doremi: gt=fa pred=si ❌  | hz: gt=349.2282 pred=493.88 ❌
    [  82/126]  G#3 flute  | midi: gt=56 pred=68 ❌  | spn: gt=G#3 pred=G#4 ❌  | doremi: gt=sol# pred=re ❌  | hz: gt=207.6523 pred=293.66 ❌
    [  83/126]   D5 flute  | midi: gt=74 pred=86 ❌  | spn: gt=D5 pred=G#6 ❌  | doremi: gt=re pred=re ✅  | hz: gt=587.3295 pred=830.61 ❌
    [  84/126]   B5 flute  | midi: gt=83 pred=89 ❌  | spn: gt=B5 pred=B6 ❌  | doremi: gt=si pred=si ✅  | hz: gt=987.7666 pred=1975.53 ❌
    [  85/126]   F1 piano  | midi: gt=29 pred=23 ❌  | spn: gt=F1 pred=C#1 ❌  | doremi: gt=fa pred=re# ❌  | hz: gt=43.6535 pred=34.65 ❌
    [  86/126]   D2 piano  | midi: gt=38 pred=40 ❌  | spn: gt=D2 pred=F#2 ❌  | doremi: gt=re pred=fa# ❌  | hz: gt=73.4162 pred=82.41 ❌
    [  87/126]   B2 piano  | midi: gt=47 pred=41 ❌  | spn: gt=B2 pred=G2 ❌  | doremi: gt=si pred=sol ❌  | hz: gt=123.4708 pred=87.31 ❌
    [  88/126]  G#3 piano  | midi: gt=56 pred=52 ❌  | spn: gt=G#3 pred=F#3 ❌  | doremi: gt=sol# pred=fa# ❌  | hz: gt=207.6523 pred=164.81 ❌
    [  89/126]   F4 piano  | midi: gt=65 pred=67 ❌  | spn: gt=F4 pred=G4 ❌  | doremi: gt=fa pred=sol ❌  | hz: gt=349.2282 pred=392.0 ❌
    [  90/126]   D5 piano  | midi: gt=74 pred=70 ❌  | spn: gt=D5 pred=G#4 ❌  | doremi: gt=re pred=la# ❌  | hz: gt=587.3295 pred=466.16 ❌
    [  91/126]   B5 piano  | midi: gt=83 pred=87 ❌  | spn: gt=B5 pred=G6 ❌  | doremi: gt=si pred=re# ❌  | hz: gt=987.7666 pred=1244.51 ❌
    [  92/126]   F1 piano  | midi: gt=29 pred=17 ❌  | spn: gt=F1 pred=F0 ❌  | doremi: gt=fa pred=fa ✅  | hz: gt=43.6535 pred=27.5 ❌
    [  93/126]   D2 piano  | midi: gt=38 pred=38 ✅  | spn: gt=D2 pred=A#2 ❌  | doremi: gt=re pred=la# ❌  | hz: gt=73.4162 pred=73.42 ✅
    [  94/126]   B2 piano  | midi: gt=47 pred=55 ❌  | spn: gt=B2 pred=B3 ❌  | doremi: gt=si pred=si ✅  | hz: gt=123.4708 pred=196.0 ❌
    [  95/126]  G#3 piano  | midi: gt=56 pred=64 ❌  | spn: gt=G#3 pred=G#4 ❌  | doremi: gt=sol# pred=sol# ✅  | hz: gt=207.6523 pred=329.63 ❌
    [  96/126]   F4 piano  | midi: gt=65 pred=69 ❌  | spn: gt=F4 pred=F5 ❌  | doremi: gt=fa pred=la ❌  | hz: gt=349.2282 pred=440.0 ❌
    [  97/126]   D5 piano  | midi: gt=74 pred=78 ❌  | spn: gt=D5 pred=F#5 ❌  | doremi: gt=re pred=la# ❌  | hz: gt=587.3295 pred=739.99 ❌
    [  98/126]   B5 piano  | midi: gt=83 pred=83 ✅  | spn: gt=B5 pred=D#5 ❌  | doremi: gt=si pred=si ✅  | hz: gt=987.7666 pred=783.99 ❌
    [  99/126]   F1 piano  | midi: gt=29 pred=11 ❌  | spn: gt=F1 pred=F1 ✅  | doremi: gt=fa pred=fa ✅  | hz: gt=43.6535 pred=21.83 ❌
    [ 100/126]   D2 piano  | midi: gt=38 pred=38 ✅  | spn: gt=D2 pred=G#1 ❌  | doremi: gt=re pred=re ✅  | hz: gt=73.4162 pred=73.42 ✅
    [ 101/126]   B2 piano  | midi: gt=47 pred=53 ❌  | spn: gt=B2 pred=F4 ❌  | doremi: gt=si pred=si ✅  | hz: gt=123.4708 pred=349.23 ❌
    [ 102/126]  G#3 piano  | midi: gt=56 pred=50 ❌  | spn: gt=G#3 pred=G#3 ✅  | doremi: gt=sol# pred=re ❌  | hz: gt=207.6523 pred=146.83 ❌
    [ 103/126]   F4 piano  | midi: gt=65 pred=65 ✅  | spn: gt=F4 pred=F4 ✅  | doremi: gt=fa pred=fa ✅  | hz: gt=349.2282 pred=349.23 ✅
    [ 104/126]   D5 piano  | midi: gt=74 pred=74 ✅  | spn: gt=D5 pred=G#5 ❌  | doremi: gt=re pred=re ✅  | hz: gt=587.3295 pred=587.33 ✅
    [ 105/126]   B5 piano  | midi: gt=83 pred=89 ❌  | spn: gt=B5 pred=F6 ❌  | doremi: gt=si pred=si ✅  | hz: gt=987.7666 pred=1396.91 ❌
    [ 106/126]   D2 voice  | midi: gt=38 pred=40 ❌  | spn: gt=D2 pred=G#2 ❌  | doremi: gt=re pred=sol# ❌  | hz: gt=73.4162 pred=82.41 ❌
    [ 107/126]   F1 voice  | midi: gt=29 pred=23 ❌  | spn: gt=F1 pred=C#1 ❌  | doremi: gt=fa pred=la ❌  | hz: gt=43.6535 pred=34.65 ❌
    [ 108/126]   B2 voice  | midi: gt=47 pred=49 ❌  | spn: gt=B2 pred=C#3 ❌  | doremi: gt=si pred=re# ❌  | hz: gt=123.4708 pred=138.59 ❌
    [ 109/126]  G#3 voice  | midi: gt=56 pred=60 ❌  | spn: gt=G#3 pred=G#3 ✅  | doremi: gt=sol# pred=la# ❌  | hz: gt=207.6523 pred=261.63 ❌
    [ 110/126]   F4 voice  | midi: gt=65 pred=67 ❌  | spn: gt=F4 pred=G4 ❌  | doremi: gt=fa pred=sol ❌  | hz: gt=349.2282 pred=392.0 ❌
    [ 111/126]   D5 voice  | midi: gt=74 pred=78 ❌  | spn: gt=D5 pred=F#5 ❌  | doremi: gt=re pred=sol# ❌  | hz: gt=587.3295 pred=739.99 ❌
    [ 112/126]   B5 voice  | midi: gt=83 pred=81 ❌  | spn: gt=B5 pred=G5 ❌  | doremi: gt=si pred=sol ❌  | hz: gt=987.7666 pred=783.99 ❌
    [ 113/126]   F1 voice  | midi: gt=29 pred=17 ❌  | spn: gt=F1 pred=C#0 ❌  | doremi: gt=fa pred=fa ✅  | hz: gt=43.6535 pred=27.5 ❌
    [ 114/126]   D2 voice  | midi: gt=38 pred=34 ❌  | spn: gt=D2 pred=F#2 ❌  | doremi: gt=re pred=la# ❌  | hz: gt=73.4162 pred=73.42 ✅
    [ 115/126]   B2 voice  | midi: gt=47 pred=55 ❌  | spn: gt=B2 pred=G3 ❌  | doremi: gt=si pred=si ✅  | hz: gt=123.4708 pred=196.0 ❌
    [ 116/126]  G#3 voice  | midi: gt=56 pred=48 ❌  | spn: gt=G#3 pred=G#3 ✅  | doremi: gt=sol# pred=sol# ✅  | hz: gt=207.6523 pred=164.81 ❌
    [ 117/126]   F4 voice  | midi: gt=65 pred=61 ❌  | spn: gt=F4 pred=C#4 ❌  | doremi: gt=fa pred=la ❌  | hz: gt=349.2282 pred=349.23 ✅
    [ 118/126]   D5 voice  | midi: gt=74 pred=78 ❌  | spn: gt=D5 pred=F#5 ❌  | doremi: gt=re pred=fa# ❌  | hz: gt=587.3295 pred=739.99 ❌
    [ 119/126]   B5 voice  | midi: gt=83 pred=75 ❌  | spn: gt=B5 pred=G5 ❌  | doremi: gt=si pred=si ✅  | hz: gt=987.7666 pred=493.88 ❌
    [ 120/126]   F1 voice  | midi: gt=29 pred=35 ❌  | spn: gt=F1 pred=F2 ❌  | doremi: gt=fa pred=si ❌  | hz: gt=43.6535 pred=61.74 ❌
    [ 121/126]   D2 voice  | midi: gt=38 pred=38 ✅  | spn: gt=D2 pred=G#1 ❌  | doremi: gt=re pred=re ✅  | hz: gt=73.4162 pred=73.42 ✅
    [ 122/126]   B2 voice  | midi: gt=47 pred=59 ❌  | spn: gt=B2 pred=F4 ❌  | doremi: gt=si pred=si ✅  | hz: gt=123.4708 pred=349.23 ❌
    [ 123/126]  G#3 voice  | midi: gt=56 pred=38 ❌  | spn: gt=G#3 pred=G#3 ✅  | doremi: gt=sol# pred=sol# ✅  | hz: gt=207.6523 pred=103.83 ❌
    [ 124/126]   F4 voice  | midi: gt=65 pred=65 ✅  | spn: gt=F4 pred=F4 ✅  | doremi: gt=fa pred=fa ✅  | hz: gt=349.2282 pred=349.23 ✅
    [ 125/126]   D5 voice  | midi: gt=74 pred=80 ❌  | spn: gt=D5 pred=G#5 ❌  | doremi: gt=re pred=sol# ❌  | hz: gt=587.3295 pred=830.61 ❌
    [ 126/126]   B5 voice  | midi: gt=83 pred=77 ❌  | spn: gt=B5 pred=B5 ✅  | doremi: gt=si pred=si ✅  | hz: gt=987.7666 pred=698.46 ❌

============================================================
SUMMARY — audio_flamingo_next_instruct
  Sampling     : none (full set of 126)
  Stimuli (total)     : 126
  Stimuli (condition) : 126  (all records)

  Format   Accuracy
  ──────────────────
    MIDI      17.5%
     SPN      15.9%
  DOREMI      45.2%
      HZ      21.4%
     ANY      39.7%

  *** WARNING: working tree has uncommitted changes — results will NOT be exactly reproducible from git_commit alone ***


Results saved → results/analysis/run_20260506_193058/pitchbench_y1_single_pitch_id_mcq/run_001_20260506_194355/results_audio_flamingo_next_instruct.*

############################################################
# pitchbench_b1_single_pitch_within_silence
############################################################

Experiment : pitchbench_b1_single_pitch_within_silence
Models     : audio_flamingo_next_instruct
Stimuli    : 126
  Sampling     : none (full set of 126)

  Model : Audio Flamingo Next – instruct
    [dispatch] 126 items, max_workers=2
    [   1/126]   F1 sine  | midi: gt=29 pred=58 ❌  | spn: gt=F1 pred=C5 ❌  | doremi: gt=fa pred=do# ❌
    [   2/126]   F1 sine  | midi: gt=29 pred=58 ❌  | spn: gt=F1 pred=C5 ❌  | doremi: gt=fa pred=do# ❌
    [   3/126]   F1 sine  | midi: gt=29 pred=58 ❌  | spn: gt=F1 pred=C5 ❌  | doremi: gt=fa pred=do# ❌
    [   4/126]   D2 sine  | midi: gt=38 pred=58 ❌  | spn: gt=D2 pred=C5 ❌  | doremi: gt=re pred=sol ❌
    [   5/126]   D2 sine  | midi: gt=38 pred=58 ❌  | spn: gt=D2 pred=C5 ❌  | doremi: gt=re pred=do# ❌
    [   6/126]   D2 sine  | midi: gt=38 pred=58 ❌  | spn: gt=D2 pred=C5 ❌  | doremi: gt=re pred=sol ❌
    [   7/126]   B2 sine  | midi: gt=47 pred=58 ❌  | spn: gt=B2 pred=C5 ❌  | doremi: gt=si pred=do# ❌
    [   8/126]   B2 sine  | midi: gt=47 pred=58 ❌  | spn: gt=B2 pred=C5 ❌  | doremi: gt=si pred=do# ❌
    [   9/126]   B2 sine  | midi: gt=47 pred=58 ❌  | spn: gt=B2 pred=C5 ❌  | doremi: gt=si pred=do# ❌
    [  10/126]  G#3 sine  | midi: gt=56 pred=58 ❌  | spn: gt=G#3 pred=C5 ❌  | doremi: gt=sol# pred=fa# ❌
    [  11/126]  G#3 sine  | midi: gt=56 pred=58 ❌  | spn: gt=G#3 pred=C5 ❌  | doremi: gt=sol# pred=do# ❌
    [  12/126]  G#3 sine  | midi: gt=56 pred=58 ❌  | spn: gt=G#3 pred=C5 ❌  | doremi: gt=sol# pred=fa# ❌
    [  13/126]   F4 sine  | midi: gt=65 pred=58 ❌  | spn: gt=F4 pred=C5 ❌  | doremi: gt=fa pred=fa# ❌
    [  14/126]   F4 sine  | midi: gt=65 pred=58 ❌  | spn: gt=F4 pred=C5 ❌  | doremi: gt=fa pred=fa# ❌
    [  15/126]   F4 sine  | midi: gt=65 pred=58 ❌  | spn: gt=F4 pred=C5 ❌  | doremi: gt=fa pred=fa# ❌
    [  16/126]   D5 sine  | midi: gt=74 pred=58 ❌  | spn: gt=D5 pred=C5 ❌  | doremi: gt=re pred=fa# ❌
    [  17/126]   D5 sine  | midi: gt=74 pred=58 ❌  | spn: gt=D5 pred=C5 ❌  | doremi: gt=re pred=do# ❌
    [  18/126]   D5 sine  | midi: gt=74 pred=58 ❌  | spn: gt=D5 pred=C5 ❌  | doremi: gt=re pred=do# ❌
    [  19/126]   B5 sine  | midi: gt=83 pred=58 ❌  | spn: gt=B5 pred=C5 ❌  | doremi: gt=si pred=fa# ❌
    [  20/126]   B5 sine  | midi: gt=83 pred=58 ❌  | spn: gt=B5 pred=C5 ❌  | doremi: gt=si pred=fa# ❌
    [  21/126]   B5 sine  | midi: gt=83 pred=58 ❌  | spn: gt=B5 pred=C5 ❌  | doremi: gt=si pred=fa# ❌
    [  22/126]   F1 synth_lead  | midi: gt=29 pred=58 ❌  | spn: gt=F1 pred=C5 ❌  | doremi: gt=fa pred=fa# ❌
    [  23/126]   F1 synth_lead  | midi: gt=29 pred=58 ❌  | spn: gt=F1 pred=C5 ❌  | doremi: gt=fa pred=fa# ❌
    [  24/126]   F1 synth_lead  | midi: gt=29 pred=58 ❌  | spn: gt=F1 pred=C5 ❌  | doremi: gt=fa pred=fa# ❌
    [  25/126]   D2 synth_lead  | midi: gt=38 pred=58 ❌  | spn: gt=D2 pred=C5 ❌  | doremi: gt=re pred=fa# ❌
    [  26/126]   D2 synth_lead  | midi: gt=38 pred=58 ❌  | spn: gt=D2 pred=C5 ❌  | doremi: gt=re pred=fa# ❌
    [  27/126]   D2 synth_lead  | midi: gt=38 pred=58 ❌  | spn: gt=D2 pred=C5 ❌  | doremi: gt=re pred=fa# ❌
    [  28/126]   B2 synth_lead  | midi: gt=47 pred=58 ❌  | spn: gt=B2 pred=C5 ❌  | doremi: gt=si pred=fa# ❌
    [  29/126]   B2 synth_lead  | midi: gt=47 pred=58 ❌  | spn: gt=B2 pred=C5 ❌  | doremi: gt=si pred=la# ❌
    [  30/126]   B2 synth_lead  | midi: gt=47 pred=58 ❌  | spn: gt=B2 pred=C5 ❌  | doremi: gt=si pred=fa# ❌
    [  31/126]  G#3 synth_lead  | midi: gt=56 pred=58 ❌  | spn: gt=G#3 pred=C5 ❌  | doremi: gt=sol# pred=fa# ❌
    [  32/126]  G#3 synth_lead  | midi: gt=56 pred=58 ❌  | spn: gt=G#3 pred=C5 ❌  | doremi: gt=sol# pred=fa# ❌
    [  33/126]  G#3 synth_lead  | midi: gt=56 pred=58 ❌  | spn: gt=G#3 pred=C5 ❌  | doremi: gt=sol# pred=fa# ❌
    [  34/126]   F4 synth_lead  | midi: gt=65 pred=58 ❌  | spn: gt=F4 pred=C5 ❌  | doremi: gt=fa pred=fa# ❌
    [  35/126]   F4 synth_lead  | midi: gt=65 pred=58 ❌  | spn: gt=F4 pred=C5 ❌  | doremi: gt=fa pred=fa# ❌
    [  36/126]   F4 synth_lead  | midi: gt=65 pred=58 ❌  | spn: gt=F4 pred=F5 ❌  | doremi: gt=fa pred=fa# ❌
    [  37/126]   D5 synth_lead  | midi: gt=74 pred=58 ❌  | spn: gt=D5 pred=C5 ❌  | doremi: gt=re pred=fa# ❌
    [  38/126]   D5 synth_lead  | midi: gt=74 pred=58 ❌  | spn: gt=D5 pred=C5 ❌  | doremi: gt=re pred=fa# ❌
    [  39/126]   D5 synth_lead  | midi: gt=74 pred=58 ❌  | spn: gt=D5 pred=C5 ❌  | doremi: gt=re pred=fa# ❌
    [  40/126]   B5 synth_lead  | midi: gt=83 pred=58 ❌  | spn: gt=B5 pred=C5 ❌  | doremi: gt=si pred=fa# ❌
    [  41/126]   B5 synth_lead  | midi: gt=83 pred=58 ❌  | spn: gt=B5 pred=C5 ❌  | doremi: gt=si pred=fa# ❌
    [  42/126]   B5 synth_lead  | midi: gt=83 pred=58 ❌  | spn: gt=B5 pred=C5 ❌  | doremi: gt=si pred=fa# ❌
    [  43/126]   F1 cello  | midi: gt=29 pred=58 ❌  | spn: gt=F1 pred=C5 ❌  | doremi: gt=fa pred=fa# ❌
    [  44/126]   F1 cello  | midi: gt=29 pred=58 ❌  | spn: gt=F1 pred=C5 ❌  | doremi: gt=fa pred=fa# ❌
    [  45/126]   F1 cello  | midi: gt=29 pred=58 ❌  | spn: gt=F1 pred=C5 ❌  | doremi: gt=fa pred=fa# ❌
    [  46/126]   D2 cello  | midi: gt=38 pred=58 ❌  | spn: gt=D2 pred=C5 ❌  | doremi: gt=re pred=fa# ❌
    [  47/126]   D2 cello  | midi: gt=38 pred=58 ❌  | spn: gt=D2 pred=C5 ❌  | doremi: gt=re pred=sol ❌
    [  48/126]   D2 cello  | midi: gt=38 pred=58 ❌  | spn: gt=D2 pred=C5 ❌  | doremi: gt=re pred=fa# ❌
    [  49/126]   B2 cello  | midi: gt=47 pred=58 ❌  | spn: gt=B2 pred=B2 ✅  | doremi: gt=si pred=la# ❌
    [  50/126]   B2 cello  | midi: gt=47 pred=58 ❌  | spn: gt=B2 pred=B5 ❌  | doremi: gt=si pred=la# ❌
    [  51/126]   B2 cello  | midi: gt=47 pred=58 ❌  | spn: gt=B2 pred=B5 ❌  | doremi: gt=si pred=la# ❌
    [  52/126]  G#3 cello  | midi: gt=56 pred=58 ❌  | spn: gt=G#3 pred=C5 ❌  | doremi: gt=sol# pred=fa# ❌
    [  53/126]  G#3 cello  | midi: gt=56 pred=58 ❌  | spn: gt=G#3 pred=C5 ❌  | doremi: gt=sol# pred=fa# ❌
    [  54/126]  G#3 cello  | midi: gt=56 pred=58 ❌  | spn: gt=G#3 pred=C5 ❌  | doremi: gt=sol# pred=fa# ❌
    [  55/126]   F4 cello  | midi: gt=65 pred=58 ❌  | spn: gt=F4 pred=F5 ❌  | doremi: gt=fa pred=la# ❌
    [  56/126]   F4 cello  | midi: gt=65 pred=58 ❌  | spn: gt=F4 pred=C5 ❌  | doremi: gt=fa pred=fa# ❌
    [  57/126]   F4 cello  | midi: gt=65 pred=58 ❌  | spn: gt=F4 pred=F5 ❌  | doremi: gt=fa pred=fa# ❌
    [  58/126]   D5 cello  | midi: gt=74 pred=58 ❌  | spn: gt=D5 pred=C5 ❌  | doremi: gt=re pred=fa# ❌
    [  59/126]   D5 cello  | midi: gt=74 pred=58 ❌  | spn: gt=D5 pred=C5 ❌  | doremi: gt=re pred=fa# ❌
    [  60/126]   D5 cello  | midi: gt=74 pred=58 ❌  | spn: gt=D5 pred=C5 ❌  | doremi: gt=re pred=fa# ❌
    [  61/126]   B5 cello  | midi: gt=83 pred=58 ❌  | spn: gt=B5 pred=C5 ❌  | doremi: gt=si pred=fa# ❌
    [  62/126]   B5 cello  | midi: gt=83 pred=58 ❌  | spn: gt=B5 pred=C5 ❌  | doremi: gt=si pred=fa# ❌
    [  63/126]   B5 cello  | midi: gt=83 pred=58 ❌  | spn: gt=B5 pred=C5 ❌  | doremi: gt=si pred=la# ❌
    [  64/126]   F1 flute  | midi: gt=29 pred=58 ❌  | spn: gt=F1 pred=C5 ❌  | doremi: gt=fa pred=fa# ❌
    [  65/126]   F1 flute  | midi: gt=29 pred=58 ❌  | spn: gt=F1 pred=C5 ❌  | doremi: gt=fa pred=do# ❌
    [  66/126]   F1 flute  | midi: gt=29 pred=58 ❌  | spn: gt=F1 pred=C5 ❌  | doremi: gt=fa pred=fa# ❌
    [  67/126]   D2 flute  | midi: gt=38 pred=58 ❌  | spn: gt=D2 pred=C5 ❌  | doremi: gt=re pred=sol ❌
    [  68/126]   D2 flute  | midi: gt=38 pred=58 ❌  | spn: gt=D2 pred=C5 ❌  | doremi: gt=re pred=sol ❌
    [  69/126]   D2 flute  | midi: gt=38 pred=58 ❌  | spn: gt=D2 pred=C5 ❌  | doremi: gt=re pred=sol ❌
    [  70/126]   B2 flute  | midi: gt=47 pred=58 ❌  | spn: gt=B2 pred=B2 ✅  | doremi: gt=si pred=la# ❌
    [  71/126]   B2 flute  | midi: gt=47 pred=59 ❌  | spn: gt=B2 pred=B5 ❌  | doremi: gt=si pred=la ❌
    [  72/126]   B2 flute  | midi: gt=47 pred=59 ❌  | spn: gt=B2 pred=B5 ❌  | doremi: gt=si pred=la# ❌
    [  73/126]  G#3 flute  | midi: gt=56 pred=58 ❌  | spn: gt=G#3 pred=C5 ❌  | doremi: gt=sol# pred=fa# ❌
    [  74/126]  G#3 flute  | midi: gt=56 pred=58 ❌  | spn: gt=G#3 pred=C5 ❌  | doremi: gt=sol# pred=fa# ❌
    [  75/126]  G#3 flute  | midi: gt=56 pred=58 ❌  | spn: gt=G#3 pred=C5 ❌  | doremi: gt=sol# pred=fa# ❌
    [  76/126]   F4 flute  | midi: gt=65 pred=58 ❌  | spn: gt=F4 pred=F5 ❌  | doremi: gt=fa pred=fa# ❌
    [  77/126]   F4 flute  | midi: gt=65 pred=53 ❌  | spn: gt=F4 pred=C5 ❌  | doremi: gt=fa pred=do# ❌
    [  78/126]   F4 flute  | midi: gt=65 pred=58 ❌  | spn: gt=F4 pred=C5 ❌  | doremi: gt=fa pred=sol ❌
    [  79/126]   D5 flute  | midi: gt=74 pred=58 ❌  | spn: gt=D5 pred=C5 ❌  | doremi: gt=re pred=sol ❌
    [  80/126]   D5 flute  | midi: gt=74 pred=58 ❌  | spn: gt=D5 pred=C5 ❌  | doremi: gt=re pred=sol ❌
    [  81/126]   D5 flute  | midi: gt=74 pred=58 ❌  | spn: gt=D5 pred=C5 ❌  | doremi: gt=re pred=sol ❌
    [  82/126]   B5 flute  | midi: gt=83 pred=58 ❌  | spn: gt=B5 pred=C5 ❌  | doremi: gt=si pred=fa# ❌
    [  83/126]   B5 flute  | midi: gt=83 pred=59 ❌  | spn: gt=B5 pred=C5 ❌  | doremi: gt=si pred=la# ❌
    [  84/126]   B5 flute  | midi: gt=83 pred=58 ❌  | spn: gt=B5 pred=B5 ✅  | doremi: gt=si pred=la# ❌
    [  85/126]   F1 piano  | midi: gt=29 pred=58 ❌  | spn: gt=F1 pred=C5 ❌  | doremi: gt=fa pred=la# ❌
    [  86/126]   F1 piano  | midi: gt=29 pred=48 ❌  | spn: gt=F1 pred=C5 ❌  | doremi: gt=fa pred=fa# ❌
    [  87/126]   F1 piano  | midi: gt=29 pred=48 ❌  | spn: gt=F1 pred=C5 ❌  | doremi: gt=fa pred=fa# ❌
    [  88/126]   D2 piano  | midi: gt=38 pred=58 ❌  | spn: gt=D2 pred=C5 ❌  | doremi: gt=re pred=fa# ❌
    [  89/126]   D2 piano  | midi: gt=38 pred=48 ❌  | spn: gt=D2 pred=C5 ❌  | doremi: gt=re pred=fa# ❌
    [  90/126]   D2 piano  | midi: gt=38 pred=58 ❌  | spn: gt=D2 pred=C5 ❌  | doremi: gt=re pred=fa# ❌
    [  91/126]   B2 piano  | midi: gt=47 pred=58 ❌  | spn: gt=B2 pred=B2 ✅  | doremi: gt=si pred=la# ❌
    [  92/126]   B2 piano  | midi: gt=47 pred=59 ❌  | spn: gt=B2 pred=B2 ✅  | doremi: gt=si pred=la# ❌
    [  93/126]   B2 piano  | midi: gt=47 pred=58 ❌  | spn: gt=B2 pred=B2 ✅  | doremi: gt=si pred=la# ❌
    [  94/126]  G#3 piano  | midi: gt=56 pred=58 ❌  | spn: gt=G#3 pred=C5 ❌  | doremi: gt=sol# pred=fa# ❌
    [  95/126]  G#3 piano  | midi: gt=56 pred=58 ❌  | spn: gt=G#3 pred=C5 ❌  | doremi: gt=sol# pred=fa# ❌
    [  96/126]  G#3 piano  | midi: gt=56 pred=58 ❌  | spn: gt=G#3 pred=C5 ❌  | doremi: gt=sol# pred=fa# ❌
    [  97/126]   F4 piano  | midi: gt=65 pred=53 ❌  | spn: gt=F4 pred=F5 ❌  | doremi: gt=fa pred=fa# ❌
    [  98/126]   F4 piano  | midi: gt=65 pred=48 ❌  | spn: gt=F4 pred=C5 ❌  | doremi: gt=fa pred=do# ❌
    [  99/126]   F4 piano  | midi: gt=65 pred=53 ❌  | spn: gt=F4 pred=F5 ❌  | doremi: gt=fa pred=fa# ❌
    [ 100/126]   D5 piano  | midi: gt=74 pred=58 ❌  | spn: gt=D5 pred=C5 ❌  | doremi: gt=re pred=sol ❌
    [ 101/126]   D5 piano  | midi: gt=74 pred=58 ❌  | spn: gt=D5 pred=C5 ❌  | doremi: gt=re pred=fa# ❌
    [ 102/126]   D5 piano  | midi: gt=74 pred=58 ❌  | spn: gt=D5 pred=C5 ❌  | doremi: gt=re pred=fa# ❌
    [ 103/126]   B5 piano  | midi: gt=83 pred=58 ❌  | spn: gt=B5 pred=C5 ❌  | doremi: gt=si pred=fa# ❌
    [ 104/126]   B5 piano  | midi: gt=83 pred=48 ❌  | spn: gt=B5 pred=C5 ❌  | doremi: gt=si pred=la# ❌
    [ 105/126]   B5 piano  | midi: gt=83 pred=48 ❌  | spn: gt=B5 pred=C5 ❌  | doremi: gt=si pred=la# ❌
    [ 106/126]   F1 voice  | midi: gt=29 pred=58 ❌  | spn: gt=F1 pred=C5 ❌  | doremi: gt=fa pred=fa# ❌
    [ 107/126]   F1 voice  | midi: gt=29 pred=58 ❌  | spn: gt=F1 pred=C5 ❌  | doremi: gt=fa pred=fa# ❌
    [ 108/126]   F1 voice  | midi: gt=29 pred=58 ❌  | spn: gt=F1 pred=C5 ❌  | doremi: gt=fa pred=fa# ❌
    [ 109/126]   D2 voice  | midi: gt=38 pred=58 ❌  | spn: gt=D2 pred=C5 ❌  | doremi: gt=re pred=fa# ❌
    [ 110/126]   D2 voice  | midi: gt=38 pred=58 ❌  | spn: gt=D2 pred=C5 ❌  | doremi: gt=re pred=sol ❌
    [ 111/126]   D2 voice  | midi: gt=38 pred=58 ❌  | spn: gt=D2 pred=C5 ❌  | doremi: gt=re pred=fa# ❌
    [ 112/126]   B2 voice  | midi: gt=47 pred=58 ❌  | spn: gt=B2 pred=B5 ❌  | doremi: gt=si pred=la# ❌
    [ 113/126]   B2 voice  | midi: gt=47 pred=58 ❌  | spn: gt=B2 pred=B5 ❌  | doremi: gt=si pred=la# ❌
    [ 114/126]   B2 voice  | midi: gt=47 pred=58 ❌  | spn: gt=B2 pred=B5 ❌  | doremi: gt=si pred=la# ❌
    [ 115/126]  G#3 voice  | midi: gt=56 pred=58 ❌  | spn: gt=G#3 pred=C5 ❌  | doremi: gt=sol# pred=fa# ❌
    [ 116/126]  G#3 voice  | midi: gt=56 pred=58 ❌  | spn: gt=G#3 pred=C5 ❌  | doremi: gt=sol# pred=fa# ❌
    [ 117/126]  G#3 voice  | midi: gt=56 pred=58 ❌  | spn: gt=G#3 pred=C5 ❌  | doremi: gt=sol# pred=fa# ❌
    [ 118/126]   F4 voice  | midi: gt=65 pred=58 ❌  | spn: gt=F4 pred=C5 ❌  | doremi: gt=fa pred=fa# ❌
    [ 119/126]   F4 voice  | midi: gt=65 pred=58 ❌  | spn: gt=F4 pred=C5 ❌  | doremi: gt=fa pred=fa# ❌
    [ 120/126]   F4 voice  | midi: gt=65 pred=58 ❌  | spn: gt=F4 pred=C5 ❌  | doremi: gt=fa pred=fa# ❌
    [ 121/126]   D5 voice  | midi: gt=74 pred=58 ❌  | spn: gt=D5 pred=C5 ❌  | doremi: gt=re pred=fa# ❌
    [ 122/126]   D5 voice  | midi: gt=74 pred=58 ❌  | spn: gt=D5 pred=C5 ❌  | doremi: gt=re pred=fa# ❌
    [ 123/126]   D5 voice  | midi: gt=74 pred=58 ❌  | spn: gt=D5 pred=C5 ❌  | doremi: gt=re pred=fa# ❌
    [ 124/126]   B5 voice  | midi: gt=83 pred=58 ❌  | spn: gt=B5 pred=C5 ❌  | doremi: gt=si pred=fa# ❌
    [ 125/126]   B5 voice  | midi: gt=83 pred=58 ❌  | spn: gt=B5 pred=C5 ❌  | doremi: gt=si pred=fa# ❌
    [ 126/126]   B5 voice  | midi: gt=83 pred=58 ❌  | spn: gt=B5 pred=C5 ❌  | doremi: gt=si pred=fa# ❌

============================================================
SUMMARY — audio_flamingo_next_instruct
  Sampling     : none (full set of 126)
  Stimuli (total)     : 126
  Stimuli (condition) : 126
  Stimuli (baseline)  : 0

    Metric  Condition   Baseline
  ────────────────────────────────
      MIDI       0.0%       0.0%
       SPN       4.8%       0.0%
    DOREMI       0.0%       0.0%
        HZ       0.0%       0.0%
       ANY       4.8%       0.0%

  Headline 'accuracy' is computed on the condition subset only (see CatBSpec.primary_filter).

  *** WARNING: working tree has uncommitted changes — results will NOT be exactly reproducible from git_commit alone ***


Results saved → results/analysis/run_20260506_193058/pitchbench_b1_single_pitch_within_silence/run_001_20260506_194802/results_audio_flamingo_next_instruct.*

############################################################
# pitchbench_b2_pitch_at_timestamp
############################################################

Experiment : pitchbench_b2_pitch_at_timestamp
Models     : audio_flamingo_next_instruct
Stimuli    : 84
  Sampling     : none (full set of 84)

  Model : Audio Flamingo Next – instruct
    [dispatch] 84 items, max_workers=2
    [   1/84]   F1 sine  | midi: gt=29 pred=65 ❌  | spn: gt=F1 pred=C6 ❌  | doremi: gt=fa pred=fa# ❌
    [   2/84]   F1 sine  | midi: gt=29 pred=48 ❌  | spn: gt=F1 pred=C4 ❌  | doremi: gt=fa pred=fa# ❌
    [   3/84]   D2 sine  | midi: gt=38 pred=69 ❌  | spn: gt=D2 pred=C6 ❌  | doremi: gt=re pred=fa# ❌
    [   4/84]   D2 sine  | midi: gt=38 pred=65 ❌  | spn: gt=D2 pred=C6 ❌  | doremi: gt=re pred=fa# ❌
    [   5/84]   B2 sine  | midi: gt=47 pred=64 ❌  | spn: gt=B2 pred=C6 ❌  | doremi: gt=si pred=fa# ❌
    [   6/84]   B2 sine  | midi: gt=47 pred=58 ❌  | spn: gt=B2 pred=C4 ❌  | doremi: gt=si pred=fa# ❌
    [   7/84]  G#3 sine  | midi: gt=56 pred=63 ❌  | spn: gt=G#3 pred=C6 ❌  | doremi: gt=sol# pred=fa# ❌
    [   8/84]  G#3 sine  | midi: gt=56 pred=65 ❌  | spn: gt=G#3 pred=C6 ❌  | doremi: gt=sol# pred=fa# ❌
    [   9/84]   F4 sine  | midi: gt=65 pred=65 ✅  | spn: gt=F4 pred=C6 ❌  | doremi: gt=fa pred=fa# ❌
    [  10/84]   F4 sine  | midi: gt=65 pred=64 ❌  | spn: gt=F4 pred=C6 ❌  | doremi: gt=fa pred=sol ❌
    [  11/84]   D5 sine  | midi: gt=74 pred=64 ❌  | spn: gt=D5 pred=C6 ❌  | doremi: gt=re pred=fa# ❌
    [  12/84]   D5 sine  | midi: gt=74 pred=65 ❌  | spn: gt=D5 pred=C6 ❌  | doremi: gt=re pred=fa# ❌
    [  13/84]   B5 sine  | midi: gt=83 pred=58 ❌  | spn: gt=B5 pred=C2 ❌  | doremi: gt=si pred=fa# ❌
    [  14/84]   B5 sine  | midi: gt=83 pred=63 ❌  | spn: gt=B5 pred=C6 ❌  | doremi: gt=si pred=fa# ❌
    [  15/84]   F1 synth_lead  | midi: gt=29 pred=69 ❌  | spn: gt=F1 pred=C6 ❌  | doremi: gt=fa pred=fa# ❌
    [  16/84]   F1 synth_lead  | midi: gt=29 pred=64 ❌  | spn: gt=F1 pred=C6 ❌  | doremi: gt=fa pred=fa# ❌
    [  17/84]   D2 synth_lead  | midi: gt=38 pred=69 ❌  | spn: gt=D2 pred=C6 ❌  | doremi: gt=re pred=fa# ❌
    [  18/84]   D2 synth_lead  | midi: gt=38 pred=58 ❌  | spn: gt=D2 pred=C4 ❌  | doremi: gt=re pred=fa# ❌
    [  19/84]   B2 synth_lead  | midi: gt=47 pred=63 ❌  | spn: gt=B2 pred=C6 ❌  | doremi: gt=si pred=sol# ❌
    [  20/84]   B2 synth_lead  | midi: gt=47 pred=64 ❌  | spn: gt=B2 pred=C6 ❌  | doremi: gt=si pred=fa# ❌
    [  21/84]  G#3 synth_lead  | midi: gt=56 pred=65 ❌  | spn: gt=G#3 pred=C6 ❌  | doremi: gt=sol# pred=fa# ❌
    [  22/84]  G#3 synth_lead  | midi: gt=56 pred=58 ❌  | spn: gt=G#3 pred=C#2 ❌  | doremi: gt=sol# pred=sol# ✅
    [  23/84]   F4 synth_lead  | midi: gt=65 pred=65 ✅  | spn: gt=F4 pred=C6 ❌  | doremi: gt=fa pred=fa# ❌
    [  24/84]   F4 synth_lead  | midi: gt=65 pred=58 ❌  | spn: gt=F4 pred=C4 ❌  | doremi: gt=fa pred=fa# ❌
    [  25/84]   D5 synth_lead  | midi: gt=74 pred=38 ❌  | spn: gt=D5 pred=C4 ❌  | doremi: gt=re pred=fa# ❌
    [  26/84]   D5 synth_lead  | midi: gt=74 pred=64 ❌  | spn: gt=D5 pred=C6 ❌  | doremi: gt=re pred=fa# ❌
    [  27/84]   B5 synth_lead  | midi: gt=83 pred=64 ❌  | spn: gt=B5 pred=C6 ❌  | doremi: gt=si pred=fa# ❌
    [  28/84]   B5 synth_lead  | midi: gt=83 pred=65 ❌  | spn: gt=B5 pred=C6 ❌  | doremi: gt=si pred=fa# ❌
    [  29/84]   F1 cello  | midi: gt=29 pred=65 ❌  | spn: gt=F1 pred=C6 ❌  | doremi: gt=fa pred=fa# ❌
    [  30/84]   F1 cello  | midi: gt=29 pred=63 ❌  | spn: gt=F1 pred=C6 ❌  | doremi: gt=fa pred=sol# ❌
    [  31/84]   D2 cello  | midi: gt=38 pred=63 ❌  | spn: gt=D2 pred=C6 ❌  | doremi: gt=re pred=sol# ❌
    [  32/84]   D2 cello  | midi: gt=38 pred=65 ❌  | spn: gt=D2 pred=C6 ❌  | doremi: gt=re pred=sol# ❌
    [  33/84]   B2 cello  | midi: gt=47 pred=65 ❌  | spn: gt=B2 pred=A#6 ❌  | doremi: gt=si pred=fa# ❌
    [  34/84]   B2 cello  | midi: gt=47 pred=63 ❌  | spn: gt=B2 pred=C6 ❌  | doremi: gt=si pred=sol# ❌
    [  35/84]  G#3 cello  | midi: gt=56 pred=65 ❌  | spn: gt=G#3 pred=C6 ❌  | doremi: gt=sol# pred=fa# ❌
    [  36/84]  G#3 cello  | midi: gt=56 pred=38 ❌  | spn: gt=G#3 pred=C#5 ❌  | doremi: gt=sol# pred=sol# ✅
    [  37/84]   F4 cello  | midi: gt=65 pred=64 ❌  | spn: gt=F4 pred=F#6 ❌  | doremi: gt=fa pred=fa# ❌
    [  38/84]   F4 cello  | midi: gt=65 pred=64 ❌  | spn: gt=F4 pred=C6 ❌  | doremi: gt=fa pred=sol# ❌
    [  39/84]   D5 cello  | midi: gt=74 pred=65 ❌  | spn: gt=D5 pred=C6 ❌  | doremi: gt=re pred=sol# ❌
    [  40/84]   D5 cello  | midi: gt=74 pred=63 ❌  | spn: gt=D5 pred=C6 ❌  | doremi: gt=re pred=fa# ❌
    [  41/84]   B5 cello  | midi: gt=83 pred=64 ❌  | spn: gt=B5 pred=A#6 ❌  | doremi: gt=si pred=sol ❌
    [  42/84]   B5 cello  | midi: gt=83 pred=64 ❌  | spn: gt=B5 pred=C6 ❌  | doremi: gt=si pred=sol# ❌
    [  43/84]   F1 flute  | midi: gt=29 pred=65 ❌  | spn: gt=F1 pred=C6 ❌  | doremi: gt=fa pred=fa# ❌
    [  44/84]   F1 flute  | midi: gt=29 pred=43 ❌  | spn: gt=F1 pred=C4 ❌  | doremi: gt=fa pred=fa# ❌
    [  45/84]   D2 flute  | midi: gt=38 pred=63 ❌  | spn: gt=D2 pred=C6 ❌  | doremi: gt=re pred=fa# ❌
    [  46/84]   D2 flute  | midi: gt=38 pred=63 ❌  | spn: gt=D2 pred=C6 ❌  | doremi: gt=re pred=sol# ❌
    [  47/84]   B2 flute  | midi: gt=47 pred=53 ❌  | spn: gt=B2 pred=A#5 ❌  | doremi: gt=si pred=fa# ❌
    [  48/84]   B2 flute  | midi: gt=47 pred=63 ❌  | spn: gt=B2 pred=A#6 ❌  | doremi: gt=si pred=sol# ❌
    [  49/84]  G#3 flute  | midi: gt=56 pred=65 ❌  | spn: gt=G#3 pred=C4 ❌  | doremi: gt=sol# pred=fa# ❌
    [  50/84]  G#3 flute  | midi: gt=56 pred=63 ❌  | spn: gt=G#3 pred=C#6 ❌  | doremi: gt=sol# pred=sol# ✅
    [  51/84]   F4 flute  | midi: gt=65 pred=65 ✅  | spn: gt=F4 pred=C#6 ❌  | doremi: gt=fa pred=fa# ❌
    [  52/84]   F4 flute  | midi: gt=65 pred=64 ❌  | spn: gt=F4 pred=C6 ❌  | doremi: gt=fa pred=sol ❌
    [  53/84]   D5 flute  | midi: gt=74 pred=58 ❌  | spn: gt=D5 pred=C#5 ❌  | doremi: gt=re pred=fa# ❌
    [  54/84]   D5 flute  | midi: gt=74 pred=63 ❌  | spn: gt=D5 pred=A#6 ❌  | doremi: gt=re pred=sol# ❌
    [  55/84]   B5 flute  | midi: gt=83 pred=65 ❌  | spn: gt=B5 pred=C6 ❌  | doremi: gt=si pred=fa# ❌
    [  56/84]   B5 flute  | midi: gt=83 pred=63 ❌  | spn: gt=B5 pred=C4 ❌  | doremi: gt=si pred=fa# ❌
    [  57/84]   F1 piano  | midi: gt=29 pred=64 ❌  | spn: gt=F1 pred=C6 ❌  | doremi: gt=fa pred=sol# ❌
    [  58/84]   F1 piano  | midi: gt=29 pred=48 ❌  | spn: gt=F1 pred=C4 ❌  | doremi: gt=fa pred=sol# ❌
    [  59/84]   D2 piano  | midi: gt=38 pred=58 ❌  | spn: gt=D2 pred=F#3 ❌  | doremi: gt=re pred=fa# ❌
    [  60/84]   D2 piano  | midi: gt=38 pred=64 ❌  | spn: gt=D2 pred=C#6 ❌  | doremi: gt=re pred=sol# ❌
    [  61/84]   B2 piano  | midi: gt=47 pred=69 ❌  | spn: gt=B2 pred=A#6 ❌  | doremi: gt=si pred=sol# ❌
    [  62/84]   B2 piano  | midi: gt=47 pred=64 ❌  | spn: gt=B2 pred=C6 ❌  | doremi: gt=si pred=sol# ❌
    [  63/84]  G#3 piano  | midi: gt=56 pred=65 ❌  | spn: gt=G#3 pred=C#6 ❌  | doremi: gt=sol# pred=fa# ❌
    [  64/84]  G#3 piano  | midi: gt=56 pred=48 ❌  | spn: gt=G#3 pred=C#5 ❌  | doremi: gt=sol# pred=sol# ✅
    [  65/84]   F4 piano  | midi: gt=65 pred=69 ❌  | spn: gt=F4 pred=C6 ❌  | doremi: gt=fa pred=sol# ❌
    [  66/84]   F4 piano  | midi: gt=65 pred=65 ✅  | spn: gt=F4 pred=C6 ❌  | doremi: gt=fa pred=sol# ❌
    [  67/84]   D5 piano  | midi: gt=74 pred=64 ❌  | spn: gt=D5 pred=C6 ❌  | doremi: gt=re pred=sol# ❌
    [  68/84]   D5 piano  | midi: gt=74 pred=58 ❌  | spn: gt=D5 pred=C#5 ❌  | doremi: gt=re pred=fa# ❌
    [  69/84]   B5 piano  | midi: gt=83 pred=58 ❌  | spn: gt=B5 pred=A#5 ❌  | doremi: gt=si pred=sol# ❌
    [  70/84]   B5 piano  | midi: gt=83 pred=64 ❌  | spn: gt=B5 pred=F#2 ❌  | doremi: gt=si pred=sol# ❌
    [  71/84]   F1 voice  | midi: gt=29 pred=63 ❌  | spn: gt=F1 pred=C6 ❌  | doremi: gt=fa pred=fa# ❌
    [  72/84]   F1 voice  | midi: gt=29 pred=63 ❌  | spn: gt=F1 pred=C6 ❌  | doremi: gt=fa pred=fa# ❌
    [  73/84]   D2 voice  | midi: gt=38 pred=65 ❌  | spn: gt=D2 pred=C6 ❌  | doremi: gt=re pred=sol# ❌
    [  74/84]   D2 voice  | midi: gt=38 pred=63 ❌  | spn: gt=D2 pred=C6 ❌  | doremi: gt=re pred=fa# ❌
    [  75/84]   B2 voice  | midi: gt=47 pred=58 ❌  | spn: gt=B2 pred=C4 ❌  | doremi: gt=si pred=sol# ❌
    [  76/84]   B2 voice  | midi: gt=47 pred=64 ❌  | spn: gt=B2 pred=C6 ❌  | doremi: gt=si pred=sol# ❌
    [  77/84]  G#3 voice  | midi: gt=56 pred=65 ❌  | spn: gt=G#3 pred=C6 ❌  | doremi: gt=sol# pred=sol# ✅
    [  78/84]  G#3 voice  | midi: gt=56 pred=58 ❌  | spn: gt=G#3 pred=C#4 ❌  | doremi: gt=sol# pred=sol# ✅
    [  79/84]   F4 voice  | midi: gt=65 pred=65 ✅  | spn: gt=F4 pred=C6 ❌  | doremi: gt=fa pred=fa# ❌
    [  80/84]   F4 voice  | midi: gt=65 pred=64 ❌  | spn: gt=F4 pred=C6 ❌  | doremi: gt=fa pred=sol# ❌
    [  81/84]   D5 voice  | midi: gt=74 pred=69 ❌  | spn: gt=D5 pred=C6 ❌  | doremi: gt=re pred=sol# ❌
    [  82/84]   D5 voice  | midi: gt=74 pred=64 ❌  | spn: gt=D5 pred=C6 ❌  | doremi: gt=re pred=sol# ❌
    [  83/84]   B5 voice  | midi: gt=83 pred=65 ❌  | spn: gt=B5 pred=C6 ❌  | doremi: gt=si pred=sol# ❌
    [  84/84]   B5 voice  | midi: gt=83 pred=58 ❌  | spn: gt=B5 pred=C4 ❌  | doremi: gt=si pred=fa# ❌

============================================================
SUMMARY — audio_flamingo_next_instruct
  Sampling     : none (full set of 84)
  Stimuli (total)     : 84
  Stimuli (condition) : 84  (all records)

    Metric   Accuracy
  ──────────────────────
      MIDI       5.9%
       SPN       0.0%
    DOREMI       7.1%
        HZ       0.0%
       ANY       5.9%

  *** WARNING: working tree has uncommitted changes — results will NOT be exactly reproducible from git_commit alone ***


Results saved → results/analysis/run_20260506_193058/pitchbench_b2_pitch_at_timestamp/run_001_20260506_195203/results_audio_flamingo_next_instruct.*

############################################################
# pitchbench_d7a_pitch_with_reference
############################################################

Experiment : pitchbench_d7a_pitch_with_reference
Models     : audio_flamingo_next_instruct
Stimuli    : 156
  Sampling     : none (full set of 156)

  Model : Audio Flamingo Next – instruct
    [dispatch] 156 items, max_workers=2
    [   1/156] anchored r= A4 i=-12 synth_lead  | midi: gt=57 pred=71 ❌  | spn: gt=A3 pred=A5 ❌  | doremi: gt=la pred=la# ❌  | hz: gt=220.0 pred=256.78 ❌
    [   2/156] anchored r= A4 i=-12 sine  | midi: gt=57 pred=72 ❌  | spn: gt=A3 pred=A5 ❌  | doremi: gt=la pred=la# ❌  | hz: gt=220.0 pred=880.0 ❌
    [   3/156] anchored r= A4 i=-12 flute  | midi: gt=57 pred=71 ❌  | spn: gt=A3 pred=A5 ❌  | doremi: gt=la pred=la# ❌  | hz: gt=220.0 pred=261.63 ❌
    [   4/156] anchored r= A4 i=-12 cello  | midi: gt=57 pred=71 ❌  | spn: gt=A3 pred=A5 ❌  | doremi: gt=la pred=la# ❌  | hz: gt=220.0 pred=830.61 ❌
    [   5/156] anchored r= A4 i=-12 piano  | midi: gt=57 pred=71 ❌  | spn: gt=A3 pred=A4 ❌  | doremi: gt=la pred=la# ❌  | hz: gt=220.0 pred=830.61 ❌
    [   6/156] anchored r= A4 i=-12 voice  | midi: gt=57 pred=72 ❌  | spn: gt=A3 pred=A5 ❌  | doremi: gt=la pred=fa# ❌  | hz: gt=220.0 pred=880.0 ❌
    [   7/156] anchored r= A4 i= -7 sine  | midi: gt=62 pred=72 ❌  | spn: gt=D4 pred=A5 ❌  | doremi: gt=re pred=la# ❌  | hz: gt=293.6648 pred=880.0 ❌
    [   8/156] anchored r= A4 i= -7 synth_lead  | midi: gt=62 pred=71 ❌  | spn: gt=D4 pred=A5 ❌  | doremi: gt=re pred=fa# ❌  | hz: gt=293.6648 pred=256.78 ❌
    [   9/156] anchored r= A4 i= -7 cello  | midi: gt=62 pred=71 ❌  | spn: gt=D4 pred=A5 ❌  | doremi: gt=re pred=la# ❌  | hz: gt=293.6648 pred=880.0 ❌
    [  10/156] anchored r= A4 i= -7 flute  | midi: gt=62 pred=71 ❌  | spn: gt=D4 pred=A5 ❌  | doremi: gt=re pred=la# ❌  | hz: gt=293.6648 pred=880.0 ❌
    [  11/156] anchored r= A4 i= -7 piano  | midi: gt=62 pred=71 ❌  | spn: gt=D4 pred=A5 ❌  | doremi: gt=re pred=fa# ❌  | hz: gt=293.6648 pred=880.0 ❌
    [  12/156] anchored r= A4 i= -7 voice  | midi: gt=62 pred=71 ❌  | spn: gt=D4 pred=A5 ❌  | doremi: gt=re pred=fa# ❌  | hz: gt=293.6648 pred=880.0 ❌
    [  13/156] anchored r= A4 i= -5 synth_lead  | midi: gt=64 pred=71 ❌  | spn: gt=E4 pred=A5 ❌  | doremi: gt=mi pred=la# ❌  | hz: gt=329.6276 pred=880.0 ❌
    [  14/156] anchored r= A4 i= -5 sine  | midi: gt=64 pred=72 ❌  | spn: gt=E4 pred=A5 ❌  | doremi: gt=mi pred=la# ❌  | hz: gt=329.6276 pred=880.0 ❌
    [  15/156] anchored r= A4 i= -5 cello  | midi: gt=64 pred=71 ❌  | spn: gt=E4 pred=A5 ❌  | doremi: gt=mi pred=la# ❌  | hz: gt=329.6276 pred=880.0 ❌
    [  16/156] anchored r= A4 i= -5 flute  | midi: gt=64 pred=71 ❌  | spn: gt=E4 pred=A5 ❌  | doremi: gt=mi pred=la# ❌  | hz: gt=329.6276 pred=880.0 ❌
    [  17/156] anchored r= A4 i= -5 voice  | midi: gt=64 pred=72 ❌  | spn: gt=E4 pred=A5 ❌  | doremi: gt=mi pred=fa# ❌  | hz: gt=329.6276 pred=880.0 ❌
    [  18/156] anchored r= A4 i= -5 piano  | midi: gt=64 pred=71 ❌  | spn: gt=E4 pred=A5 ❌  | doremi: gt=mi pred=fa# ❌  | hz: gt=329.6276 pred=830.61 ❌
    [  19/156] anchored r= A4 i= -4 synth_lead  | midi: gt=65 pred=71 ❌  | spn: gt=F4 pred=A5 ❌  | doremi: gt=fa pred=la# ❌  | hz: gt=349.2282 pred=880.0 ❌
    [  20/156] anchored r= A4 i= -4 sine  | midi: gt=65 pred=72 ❌  | spn: gt=F4 pred=A5 ❌  | doremi: gt=fa pred=la# ❌  | hz: gt=349.2282 pred=880.0 ❌
    [  21/156] anchored r= A4 i= -4 cello  | midi: gt=65 pred=71 ❌  | spn: gt=F4 pred=A5 ❌  | doremi: gt=fa pred=la# ❌  | hz: gt=349.2282 pred=880.0 ❌
    [  22/156] anchored r= A4 i= -4 flute  | midi: gt=65 pred=71 ❌  | spn: gt=F4 pred=A5 ❌  | doremi: gt=fa pred=la# ❌  | hz: gt=349.2282 pred=261.63 ❌
    [  23/156] anchored r= A4 i= -4 piano  | midi: gt=65 pred=71 ❌  | spn: gt=F4 pred=A5 ❌  | doremi: gt=fa pred=fa# ❌  | hz: gt=349.2282 pred=830.61 ❌
    [  24/156] anchored r= A4 i= -4 voice  | midi: gt=65 pred=72 ❌  | spn: gt=F4 pred=A5 ❌  | doremi: gt=fa pred=fa# ❌  | hz: gt=349.2282 pred=880.0 ❌
    [  25/156] anchored r= A4 i= -3 sine  | midi: gt=66 pred=72 ❌  | spn: gt=F#4 pred=A5 ❌  | doremi: gt=fa# pred=la# ❌  | hz: gt=369.9944 pred=880.0 ❌
    [  26/156] anchored r= A4 i= -3 synth_lead  | midi: gt=66 pred=71 ❌  | spn: gt=F#4 pred=A5 ❌  | doremi: gt=fa# pred=la# ❌  | hz: gt=369.9944 pred=880.0 ❌
    [  27/156] anchored r= A4 i= -3 cello  | midi: gt=66 pred=71 ❌  | spn: gt=F#4 pred=A5 ❌  | doremi: gt=fa# pred=la# ❌  | hz: gt=369.9944 pred=880.0 ❌
    [  28/156] anchored r= A4 i= -3 flute  | midi: gt=66 pred=71 ❌  | spn: gt=F#4 pred=A5 ❌  | doremi: gt=fa# pred=la# ❌  | hz: gt=369.9944 pred=261.63 ❌
    [  29/156] anchored r= A4 i= -3 piano  | midi: gt=66 pred=71 ❌  | spn: gt=F#4 pred=A5 ❌  | doremi: gt=fa# pred=la# ❌  | hz: gt=369.9944 pred=830.61 ❌
    [  30/156] anchored r= A4 i= -3 voice  | midi: gt=66 pred=71 ❌  | spn: gt=F#4 pred=A5 ❌  | doremi: gt=fa# pred=la# ❌  | hz: gt=369.9944 pred=880.0 ❌
    [  31/156] anchored r= A4 i= -1 sine  | midi: gt=68 pred=72 ❌  | spn: gt=G#4 pred=A5 ❌  | doremi: gt=sol# pred=la# ❌  | hz: gt=415.3047 pred=880.0 ❌
    [  32/156] anchored r= A4 i= -1 synth_lead  | midi: gt=68 pred=71 ❌  | spn: gt=G#4 pred=A5 ❌  | doremi: gt=sol# pred=la# ❌  | hz: gt=415.3047 pred=880.0 ❌
    [  33/156] anchored r= A4 i= -1 cello  | midi: gt=68 pred=71 ❌  | spn: gt=G#4 pred=A5 ❌  | doremi: gt=sol# pred=la# ❌  | hz: gt=415.3047 pred=880.0 ❌
    [  34/156] anchored r= A4 i= -1 flute  | midi: gt=68 pred=71 ❌  | spn: gt=G#4 pred=A5 ❌  | doremi: gt=sol# pred=la# ❌  | hz: gt=415.3047 pred=880.0 ❌
    [  35/156] anchored r= A4 i= -1 piano  | midi: gt=68 pred=71 ❌  | spn: gt=G#4 pred=A5 ❌  | doremi: gt=sol# pred=la# ❌  | hz: gt=415.3047 pred=830.61 ❌
    [  36/156] anchored r= A4 i= -1 voice  | midi: gt=68 pred=71 ❌  | spn: gt=G#4 pred=A5 ❌  | doremi: gt=sol# pred=fa# ❌  | hz: gt=415.3047 pred=880.0 ❌
    [  37/156] anchored r= A4 i= +0 sine  | midi: gt=69 pred=71 ❌  | spn: gt=A4 pred=A5 ❌  | doremi: gt=la pred=la# ❌  | hz: gt=440.0 pred=880.0 ❌
    [  38/156] anchored r= A4 i= +0 synth_lead  | midi: gt=69 pred=71 ❌  | spn: gt=A4 pred=A5 ❌  | doremi: gt=la pred=la# ❌  | hz: gt=440.0 pred=880.0 ❌
    [  39/156] anchored r= A4 i= +0 cello  | midi: gt=69 pred=71 ❌  | spn: gt=A4 pred=A5 ❌  | doremi: gt=la pred=fa# ❌  | hz: gt=440.0 pred=880.0 ❌
    [  40/156] anchored r= A4 i= +0 flute  | midi: gt=69 pred=71 ❌  | spn: gt=A4 pred=A5 ❌  | doremi: gt=la pred=la# ❌  | hz: gt=440.0 pred=261.63 ❌
    [  41/156] anchored r= A4 i= +0 piano  | midi: gt=69 pred=71 ❌  | spn: gt=A4 pred=A4 ✅  | doremi: gt=la pred=la# ❌  | hz: gt=440.0 pred=880.0 ❌
    [  42/156] anchored r= A4 i= +0 voice  | midi: gt=69 pred=71 ❌  | spn: gt=A4 pred=A5 ❌  | doremi: gt=la pred=la# ❌  | hz: gt=440.0 pred=880.0 ❌
    [  43/156] anchored r= A4 i= +1 sine  | midi: gt=70 pred=71 ❌  | spn: gt=A#4 pred=A5 ❌  | doremi: gt=la# pred=la# ✅  | hz: gt=466.1638 pred=880.0 ❌
    [  44/156] anchored r= A4 i= +1 synth_lead  | midi: gt=70 pred=71 ❌  | spn: gt=A#4 pred=A5 ❌  | doremi: gt=la# pred=la# ✅  | hz: gt=466.1638 pred=880.0 ❌
    [  45/156] anchored r= A4 i= +1 cello  | midi: gt=70 pred=71 ❌  | spn: gt=A#4 pred=A5 ❌  | doremi: gt=la# pred=la# ✅  | hz: gt=466.1638 pred=880.0 ❌
    [  46/156] anchored r= A4 i= +1 flute  | midi: gt=70 pred=71 ❌  | spn: gt=A#4 pred=A5 ❌  | doremi: gt=la# pred=la# ✅  | hz: gt=466.1638 pred=880.0 ❌
    [  47/156] anchored r= A4 i= +1 piano  | midi: gt=70 pred=71 ❌  | spn: gt=A#4 pred=A5 ❌  | doremi: gt=la# pred=la# ✅  | hz: gt=466.1638 pred=830.61 ❌
    [  48/156] anchored r= A4 i= +1 voice  | midi: gt=70 pred=71 ❌  | spn: gt=A#4 pred=A5 ❌  | doremi: gt=la# pred=fa# ❌  | hz: gt=466.1638 pred=880.0 ❌
    [  49/156] anchored r= A4 i= +3 sine  | midi: gt=72 pred=71 ❌  | spn: gt=C5 pred=A5 ❌  | doremi: gt=do pred=la# ❌  | hz: gt=523.2511 pred=880.0 ❌
    [  50/156] anchored r= A4 i= +3 synth_lead  | midi: gt=72 pred=71 ❌  | spn: gt=C5 pred=A5 ❌  | doremi: gt=do pred=fa# ❌  | hz: gt=523.2511 pred=880.0 ❌
    [  51/156] anchored r= A4 i= +3 cello  | midi: gt=72 pred=71 ❌  | spn: gt=C5 pred=A5 ❌  | doremi: gt=do pred=la# ❌  | hz: gt=523.2511 pred=880.0 ❌
    [  52/156] anchored r= A4 i= +3 flute  | midi: gt=72 pred=71 ❌  | spn: gt=C5 pred=A5 ❌  | doremi: gt=do pred=la# ❌  | hz: gt=523.2511 pred=880.0 ❌
    [  53/156] anchored r= A4 i= +3 piano  | midi: gt=72 pred=71 ❌  | spn: gt=C5 pred=A5 ❌  | doremi: gt=do pred=fa# ❌  | hz: gt=523.2511 pred=880.0 ❌
    [  54/156] anchored r= A4 i= +3 voice  | midi: gt=72 pred=71 ❌  | spn: gt=C5 pred=A5 ❌  | doremi: gt=do pred=fa# ❌  | hz: gt=523.2511 pred=880.0 ❌
    [  55/156] anchored r= A4 i= +4 sine  | midi: gt=73 pred=71 ❌  | spn: gt=C#5 pred=A5 ❌  | doremi: gt=do# pred=la# ❌  | hz: gt=554.3653 pred=880.0 ❌
    [  56/156] anchored r= A4 i= +4 synth_lead  | midi: gt=73 pred=71 ❌  | spn: gt=C#5 pred=A5 ❌  | doremi: gt=do# pred=la# ❌  | hz: gt=554.3653 pred=880.0 ❌
    [  57/156] anchored r= A4 i= +4 cello  | midi: gt=73 pred=71 ❌  | spn: gt=C#5 pred=A5 ❌  | doremi: gt=do# pred=la# ❌  | hz: gt=554.3653 pred=880.0 ❌
    [  58/156] anchored r= A4 i= +4 flute  | midi: gt=73 pred=71 ❌  | spn: gt=C#5 pred=A5 ❌  | doremi: gt=do# pred=la# ❌  | hz: gt=554.3653 pred=880.0 ❌
    [  59/156] anchored r= A4 i= +4 piano  | midi: gt=73 pred=71 ❌  | spn: gt=C#5 pred=A5 ❌  | doremi: gt=do# pred=la# ❌  | hz: gt=554.3653 pred=880.0 ❌
    [  60/156] anchored r= A4 i= +4 voice  | midi: gt=73 pred=72 ❌  | spn: gt=C#5 pred=A5 ❌  | doremi: gt=do# pred=la# ❌  | hz: gt=554.3653 pred=880.0 ❌
    [  61/156] anchored r= A4 i= +5 sine  | midi: gt=74 pred=71 ❌  | spn: gt=D5 pred=A5 ❌  | doremi: gt=re pred=la# ❌  | hz: gt=587.3295 pred=880.0 ❌
    [  62/156] anchored r= A4 i= +5 synth_lead  | midi: gt=74 pred=71 ❌  | spn: gt=D5 pred=A5 ❌  | doremi: gt=re pred=la# ❌  | hz: gt=587.3295 pred=880.0 ❌
    [  63/156] anchored r= A4 i= +5 cello  | midi: gt=74 pred=71 ❌  | spn: gt=D5 pred=A5 ❌  | doremi: gt=re pred=la# ❌  | hz: gt=587.3295 pred=880.0 ❌
    [  64/156] anchored r= A4 i= +5 flute  | midi: gt=74 pred=71 ❌  | spn: gt=D5 pred=A5 ❌  | doremi: gt=re pred=la# ❌  | hz: gt=587.3295 pred=880.0 ❌
    [  65/156] anchored r= A4 i= +5 piano  | midi: gt=74 pred=71 ❌  | spn: gt=D5 pred=A5 ❌  | doremi: gt=re pred=la# ❌  | hz: gt=587.3295 pred=880.0 ❌
    [  66/156] anchored r= A4 i= +5 voice  | midi: gt=74 pred=71 ❌  | spn: gt=D5 pred=A5 ❌  | doremi: gt=re pred=fa# ❌  | hz: gt=587.3295 pred=880.0 ❌
    [  67/156] anchored r= A4 i= +7 sine  | midi: gt=76 pred=72 ❌  | spn: gt=E5 pred=A5 ❌  | doremi: gt=mi pred=la# ❌  | hz: gt=659.2551 pred=880.0 ❌
    [  68/156] anchored r= A4 i= +7 synth_lead  | midi: gt=76 pred=71 ❌  | spn: gt=E5 pred=A5 ❌  | doremi: gt=mi pred=la# ❌  | hz: gt=659.2551 pred=256.78 ❌
    [  69/156] anchored r= A4 i= +7 cello  | midi: gt=76 pred=71 ❌  | spn: gt=E5 pred=A5 ❌  | doremi: gt=mi pred=la# ❌  | hz: gt=659.2551 pred=880.0 ❌
    [  70/156] anchored r= A4 i= +7 flute  | midi: gt=76 pred=71 ❌  | spn: gt=E5 pred=A5 ❌  | doremi: gt=mi pred=la# ❌  | hz: gt=659.2551 pred=880.0 ❌
    [  71/156] anchored r= A4 i= +7 piano  | midi: gt=76 pred=71 ❌  | spn: gt=E5 pred=A5 ❌  | doremi: gt=mi pred=la# ❌  | hz: gt=659.2551 pred=880.0 ❌
    [  72/156] anchored r= A4 i= +7 voice  | midi: gt=76 pred=71 ❌  | spn: gt=E5 pred=A5 ❌  | doremi: gt=mi pred=fa# ❌  | hz: gt=659.2551 pred=880.0 ❌
    [  73/156] anchored r= A4 i=+12 sine  | midi: gt=81 pred=72 ❌  | spn: gt=A5 pred=A5 ✅  | doremi: gt=la pred=la# ❌  | hz: gt=880.0 pred=853.67 ❌
    [  74/156] anchored r= A4 i=+12 synth_lead  | midi: gt=81 pred=71 ❌  | spn: gt=A5 pred=A5 ✅  | doremi: gt=la pred=fa# ❌  | hz: gt=880.0 pred=880.0 ✅
    [  75/156] anchored r= A4 i=+12 cello  | midi: gt=81 pred=71 ❌  | spn: gt=A5 pred=A5 ✅  | doremi: gt=la pred=la# ❌  | hz: gt=880.0 pred=880.0 ✅
    [  76/156] anchored r= A4 i=+12 flute  | midi: gt=81 pred=71 ❌  | spn: gt=A5 pred=A5 ✅  | doremi: gt=la pred=la# ❌  | hz: gt=880.0 pred=261.63 ❌
    [  77/156] anchored r= A4 i=+12 piano  | midi: gt=81 pred=71 ❌  | spn: gt=A5 pred=A5 ✅  | doremi: gt=la pred=fa# ❌  | hz: gt=880.0 pred=880.0 ✅
    [  78/156] anchored r= A4 i=+12 voice  | midi: gt=81 pred=72 ❌  | spn: gt=A5 pred=A5 ✅  | doremi: gt=la pred=la# ❌  | hz: gt=880.0 pred=880.0 ✅
    [  79/156] anchored r= F3 i=-12 sine  | midi: gt=41 pred=60 ❌  | spn: gt=F2 pred=F2 ✅  | doremi: gt=fa pred=fa# ❌  | hz: gt=87.3071 pred=208.35 ❌
    [  80/156] anchored r= F3 i=-12 synth_lead  | midi: gt=41 pred=60 ❌  | spn: gt=F2 pred=F2 ✅  | doremi: gt=fa pred=fa# ❌  | hz: gt=87.3071 pred=250.38 ❌
    [  81/156] anchored r= F3 i=-12 cello  | midi: gt=41 pred=60 ❌  | spn: gt=F2 pred=F2 ✅  | doremi: gt=fa pred=fa# ❌  | hz: gt=87.3071 pred=250.0 ❌
    [  82/156] anchored r= F3 i=-12 flute  | midi: gt=41 pred=49 ❌  | spn: gt=F2 pred=F2 ✅  | doremi: gt=fa pred=fa# ❌  | hz: gt=87.3071 pred=2093.07875 ❌
    [  83/156] anchored r= F3 i=-12 piano  | midi: gt=41 pred=49 ❌  | spn: gt=F2 pred=F#3 ❌  | doremi: gt=fa pred=fa# ❌  | hz: gt=87.3071 pred=250.38 ❌
    [  84/156] anchored r= F3 i=-12 voice  | midi: gt=41 pred=60 ❌  | spn: gt=F2 pred=F2 ✅  | doremi: gt=fa pred=fa# ❌  | hz: gt=87.3071 pred=258.39 ❌
    [  85/156] anchored r= F3 i= -7 sine  | midi: gt=46 pred=60 ❌  | spn: gt=A#2 pred=F2 ❌  | doremi: gt=la# pred=fa# ❌  | hz: gt=116.5409 pred=208.35 ❌
    [  86/156] anchored r= F3 i= -7 synth_lead  | midi: gt=46 pred=60 ❌  | spn: gt=A#2 pred=F2 ❌  | doremi: gt=la# pred=fa# ❌  | hz: gt=116.5409 pred=250.38 ❌
    [  87/156] anchored r= F3 i= -7 cello  | midi: gt=46 pred=60 ❌  | spn: gt=A#2 pred=F2 ❌  | doremi: gt=la# pred=fa# ❌  | hz: gt=116.5409 pred=2093.07875 ❌
    [  88/156] anchored r= F3 i= -7 flute  | midi: gt=46 pred=49 ❌  | spn: gt=A#2 pred=F2 ❌  | doremi: gt=la# pred=fa# ❌  | hz: gt=116.5409 pred=2093.05 ❌
    [  89/156] anchored r= F3 i= -7 piano  | midi: gt=46 pred=49 ❌  | spn: gt=A#2 pred=F#3 ❌  | doremi: gt=la# pred=fa# ❌  | hz: gt=116.5409 pred=250.38 ❌
    [  90/156] anchored r= F3 i= -7 voice  | midi: gt=46 pred=60 ❌  | spn: gt=A#2 pred=F2 ❌  | doremi: gt=la# pred=fa# ❌  | hz: gt=116.5409 pred=250.38 ❌
    [  91/156] anchored r= F3 i= -5 sine  | midi: gt=48 pred=61 ❌  | spn: gt=C3 pred=F2 ❌  | doremi: gt=do pred=fa# ❌  | hz: gt=130.8128 pred=208.35 ❌
    [  92/156] anchored r= F3 i= -5 synth_lead  | midi: gt=48 pred=60 ❌  | spn: gt=C3 pred=F2 ❌  | doremi: gt=do pred=fa# ❌  | hz: gt=130.8128 pred=250.38 ❌
    [  93/156] anchored r= F3 i= -5 cello  | midi: gt=48 pred=60 ❌  | spn: gt=C3 pred=F2 ❌  | doremi: gt=do pred=fa# ❌  | hz: gt=130.8128 pred=2093.07875 ❌
    [  94/156] anchored r= F3 i= -5 flute  | midi: gt=48 pred=60 ❌  | spn: gt=C3 pred=F2 ❌  | doremi: gt=do pred=fa# ❌  | hz: gt=130.8128 pred=2093.07875 ❌
    [  95/156] anchored r= F3 i= -5 piano  | midi: gt=48 pred=60 ❌  | spn: gt=C3 pred=F3 ❌  | doremi: gt=do pred=fa# ❌  | hz: gt=130.8128 pred=250.38 ❌
    [  96/156] anchored r= F3 i= -5 voice  | midi: gt=48 pred=60 ❌  | spn: gt=C3 pred=F2 ❌  | doremi: gt=do pred=fa# ❌  | hz: gt=130.8128 pred=250.38 ❌
    [  97/156] anchored r= F3 i= -4 sine  | midi: gt=49 pred=60 ❌  | spn: gt=C#3 pred=F2 ❌  | doremi: gt=do# pred=fa# ❌  | hz: gt=138.5913 pred=208.35 ❌
    [  98/156] anchored r= F3 i= -4 synth_lead  | midi: gt=49 pred=60 ❌  | spn: gt=C#3 pred=F2 ❌  | doremi: gt=do# pred=fa# ❌  | hz: gt=138.5913 pred=250.38 ❌
    [  99/156] anchored r= F3 i= -4 cello  | midi: gt=49 pred=60 ❌  | spn: gt=C#3 pred=F2 ❌  | doremi: gt=do# pred=fa# ❌  | hz: gt=138.5913 pred=209.3 ❌
    [ 100/156] anchored r= F3 i= -4 flute  | midi: gt=49 pred=49 ✅  | spn: gt=C#3 pred=F2 ❌  | doremi: gt=do# pred=fa# ❌  | hz: gt=138.5913 pred=2093.07 ❌
    [ 101/156] anchored r= F3 i= -4 piano  | midi: gt=49 pred=60 ❌  | spn: gt=C#3 pred=F2 ❌  | doremi: gt=do# pred=fa# ❌  | hz: gt=138.5913 pred=250.38 ❌
    [ 102/156] anchored r= F3 i= -4 voice  | midi: gt=49 pred=60 ❌  | spn: gt=C#3 pred=F2 ❌  | doremi: gt=do# pred=fa# ❌  | hz: gt=138.5913 pred=250.38 ❌
    [ 103/156] anchored r= F3 i= -3 sine  | midi: gt=50 pred=61 ❌  | spn: gt=D3 pred=F2 ❌  | doremi: gt=re pred=fa# ❌  | hz: gt=146.8324 pred=208.35 ❌
    [ 104/156] anchored r= F3 i= -3 synth_lead  | midi: gt=50 pred=60 ❌  | spn: gt=D3 pred=F2 ❌  | doremi: gt=re pred=fa# ❌  | hz: gt=146.8324 pred=250.38 ❌
    [ 105/156] anchored r= F3 i= -3 cello  | midi: gt=50 pred=60 ❌  | spn: gt=D3 pred=F2 ❌  | doremi: gt=re pred=fa# ❌  | hz: gt=146.8324 pred=209.3 ❌
    [ 106/156] anchored r= F3 i= -3 flute  | midi: gt=50 pred=49 ❌  | spn: gt=D3 pred=F2 ❌  | doremi: gt=re pred=fa# ❌  | hz: gt=146.8324 pred=2093.07 ❌
    [ 107/156] anchored r= F3 i= -3 piano  | midi: gt=50 pred=60 ❌  | spn: gt=D3 pred=F2 ❌  | doremi: gt=re pred=fa# ❌  | hz: gt=146.8324 pred=250.38 ❌
    [ 108/156] anchored r= F3 i= -3 voice  | midi: gt=50 pred=60 ❌  | spn: gt=D3 pred=F2 ❌  | doremi: gt=re pred=fa# ❌  | hz: gt=146.8324 pred=250.0 ❌
    [ 109/156] anchored r= F3 i= -1 sine  | midi: gt=52 pred=61 ❌  | spn: gt=E3 pred=F2 ❌  | doremi: gt=mi pred=fa# ❌  | hz: gt=164.8138 pred=208.35 ❌
    [ 110/156] anchored r= F3 i= -1 synth_lead  | midi: gt=52 pred=60 ❌  | spn: gt=E3 pred=F2 ❌  | doremi: gt=mi pred=fa# ❌  | hz: gt=164.8138 pred=250.38 ❌
    [ 111/156] anchored r= F3 i= -1 cello  | midi: gt=52 pred=60 ❌  | spn: gt=E3 pred=F5 ❌  | doremi: gt=mi pred=fa# ❌  | hz: gt=164.8138 pred=2093.05 ❌
    [ 112/156] anchored r= F3 i= -1 flute  | midi: gt=52 pred=49 ❌  | spn: gt=E3 pred=F2 ❌  | doremi: gt=mi pred=fa# ❌  | hz: gt=164.8138 pred=2093.08 ❌
    [ 113/156] anchored r= F3 i= -1 piano  | midi: gt=52 pred=60 ❌  | spn: gt=E3 pred=F3 ❌  | doremi: gt=mi pred=fa# ❌  | hz: gt=164.8138 pred=250.38 ❌
    [ 114/156] anchored r= F3 i= -1 voice  | midi: gt=52 pred=60 ❌  | spn: gt=E3 pred=F2 ❌  | doremi: gt=mi pred=fa# ❌  | hz: gt=164.8138 pred=258.39 ❌
    [ 115/156] anchored r= F3 i= +0 sine  | midi: gt=53 pred=61 ❌  | spn: gt=F3 pred=F2 ❌  | doremi: gt=fa pred=fa# ❌  | hz: gt=174.6141 pred=208.35 ❌
    [ 116/156] anchored r= F3 i= +0 synth_lead  | midi: gt=53 pred=60 ❌  | spn: gt=F3 pred=F2 ❌  | doremi: gt=fa pred=fa# ❌  | hz: gt=174.6141 pred=250.83 ❌
    [ 117/156] anchored r= F3 i= +0 cello  | midi: gt=53 pred=61 ❌  | spn: gt=F3 pred=F3 ✅  | doremi: gt=fa pred=fa# ❌  | hz: gt=174.6141 pred=250.33 ❌
    [ 118/156] anchored r= F3 i= +0 flute  | midi: gt=53 pred=60 ❌  | spn: gt=F3 pred=F2 ❌  | doremi: gt=fa pred=fa# ❌  | hz: gt=174.6141 pred=250.38 ❌
    [ 119/156] anchored r= F3 i= +0 voice  | midi: gt=53 pred=60 ❌  | spn: gt=F3 pred=F2 ❌  | doremi: gt=fa pred=fa# ❌  | hz: gt=174.6141 pred=250.0 ❌
    [ 120/156] anchored r= F3 i= +0 piano  | midi: gt=53 pred=56 ❌  | spn: gt=F3 pred=F3 ✅  | doremi: gt=fa pred=fa# ❌  | hz: gt=174.6141 pred=250.38 ❌
    [ 121/156] anchored r= F3 i= +1 sine  | midi: gt=54 pred=61 ❌  | spn: gt=F#3 pred=F2 ❌  | doremi: gt=fa# pred=fa# ✅  | hz: gt=184.9972 pred=208.35 ❌
    [ 122/156] anchored r= F3 i= +1 synth_lead  | midi: gt=54 pred=60 ❌  | spn: gt=F#3 pred=F2 ❌  | doremi: gt=fa# pred=fa# ✅  | hz: gt=184.9972 pred=250.38 ❌
    [ 123/156] anchored r= F3 i= +1 flute  | midi: gt=54 pred=49 ❌  | spn: gt=F#3 pred=F2 ❌  | doremi: gt=fa# pred=fa# ✅  | hz: gt=184.9972 pred=250.38 ❌
    [ 124/156] anchored r= F3 i= +1 cello  | midi: gt=54 pred=60 ❌  | spn: gt=F#3 pred=F5 ❌  | doremi: gt=fa# pred=fa# ✅  | hz: gt=184.9972 pred=2093.07875 ❌
    [ 125/156] anchored r= F3 i= +1 piano  | midi: gt=54 pred=56 ❌  | spn: gt=F#3 pred=F#3 ✅  | doremi: gt=fa# pred=fa# ✅  | hz: gt=184.9972 pred=250.38 ❌
    [ 126/156] anchored r= F3 i= +1 voice  | midi: gt=54 pred=60 ❌  | spn: gt=F#3 pred=F2 ❌  | doremi: gt=fa# pred=fa# ✅  | hz: gt=184.9972 pred=250.38 ❌
    [ 127/156] anchored r= F3 i= +3 synth_lead  | midi: gt=56 pred=60 ❌  | spn: gt=G#3 pred=F2 ❌  | doremi: gt=sol# pred=fa# ❌  | hz: gt=207.6523 pred=250.38 ❌
    [ 128/156] anchored r= F3 i= +3 sine  | midi: gt=56 pred=61 ❌  | spn: gt=G#3 pred=F2 ❌  | doremi: gt=sol# pred=fa# ❌  | hz: gt=207.6523 pred=250.38 ❌
    [ 129/156] anchored r= F3 i= +3 cello  | midi: gt=56 pred=60 ❌  | spn: gt=G#3 pred=F2 ❌  | doremi: gt=sol# pred=fa# ❌  | hz: gt=207.6523 pred=208.35 ✅
    [ 130/156] anchored r= F3 i= +3 flute  | midi: gt=56 pred=49 ❌  | spn: gt=G#3 pred=F2 ❌  | doremi: gt=sol# pred=fa# ❌  | hz: gt=207.6523 pred=2093.08 ❌
    [ 131/156] anchored r= F3 i= +3 voice  | midi: gt=56 pred=60 ❌  | spn: gt=G#3 pred=F2 ❌  | doremi: gt=sol# pred=fa# ❌  | hz: gt=207.6523 pred=250.0 ❌
    [ 132/156] anchored r= F3 i= +3 piano  | midi: gt=56 pred=60 ❌  | spn: gt=G#3 pred=F#3 ❌  | doremi: gt=sol# pred=fa# ❌  | hz: gt=207.6523 pred=250.38 ❌
    [ 133/156] anchored r= F3 i= +4 sine  | midi: gt=57 pred=61 ❌  | spn: gt=A3 pred=F2 ❌  | doremi: gt=la pred=fa# ❌  | hz: gt=220.0 pred=208.35 ❌
    [ 134/156] anchored r= F3 i= +4 synth_lead  | midi: gt=57 pred=60 ❌  | spn: gt=A3 pred=F2 ❌  | doremi: gt=la pred=fa# ❌  | hz: gt=220.0 pred=250.38 ❌
    [ 135/156] anchored r= F3 i= +4 cello  | midi: gt=57 pred=60 ❌  | spn: gt=A3 pred=F2 ❌  | doremi: gt=la pred=fa# ❌  | hz: gt=220.0 pred=2093.05 ❌
    [ 136/156] anchored r= F3 i= +4 flute  | midi: gt=57 pred=49 ❌  | spn: gt=A3 pred=F2 ❌  | doremi: gt=la pred=fa# ❌  | hz: gt=220.0 pred=2093.07875 ❌
    [ 137/156] anchored r= F3 i= +4 piano  | midi: gt=57 pred=60 ❌  | spn: gt=A3 pred=F3 ❌  | doremi: gt=la pred=fa# ❌  | hz: gt=220.0 pred=250.38 ❌
    [ 138/156] anchored r= F3 i= +4 voice  | midi: gt=57 pred=60 ❌  | spn: gt=A3 pred=F2 ❌  | doremi: gt=la pred=fa# ❌  | hz: gt=220.0 pred=250.38 ❌
    [ 139/156] anchored r= F3 i= +5 sine  | midi: gt=58 pred=61 ❌  | spn: gt=A#3 pred=F2 ❌  | doremi: gt=la# pred=fa# ❌  | hz: gt=233.0819 pred=250.38 ❌
    [ 140/156] anchored r= F3 i= +5 synth_lead  | midi: gt=58 pred=60 ❌  | spn: gt=A#3 pred=F2 ❌  | doremi: gt=la# pred=fa# ❌  | hz: gt=233.0819 pred=250.38 ❌
    [ 141/156] anchored r= F3 i= +5 cello  | midi: gt=58 pred=61 ❌  | spn: gt=A#3 pred=F5 ❌  | doremi: gt=la# pred=fa# ❌  | hz: gt=233.0819 pred=2093.05 ❌
    [ 142/156] anchored r= F3 i= +5 flute  | midi: gt=58 pred=49 ❌  | spn: gt=A#3 pred=F2 ❌  | doremi: gt=la# pred=fa# ❌  | hz: gt=233.0819 pred=250.0 ❌
    [ 143/156] anchored r= F3 i= +5 piano  | midi: gt=58 pred=56 ❌  | spn: gt=A#3 pred=F#3 ❌  | doremi: gt=la# pred=fa# ❌  | hz: gt=233.0819 pred=250.38 ❌
    [ 144/156] anchored r= F3 i= +5 voice  | midi: gt=58 pred=60 ❌  | spn: gt=A#3 pred=F2 ❌  | doremi: gt=la# pred=fa# ❌  | hz: gt=233.0819 pred=250.38 ❌
    [ 145/156] anchored r= F3 i= +7 sine  | midi: gt=60 pred=61 ❌  | spn: gt=C4 pred=F2 ❌  | doremi: gt=do pred=fa# ❌  | hz: gt=261.6256 pred=250.38 ❌
    [ 146/156] anchored r= F3 i= +7 synth_lead  | midi: gt=60 pred=60 ✅  | spn: gt=C4 pred=F2 ❌  | doremi: gt=do pred=fa# ❌  | hz: gt=261.6256 pred=250.38 ❌
    [ 147/156] anchored r= F3 i= +7 cello  | midi: gt=60 pred=60 ✅  | spn: gt=C4 pred=F2 ❌  | doremi: gt=do pred=fa# ❌  | hz: gt=261.6256 pred=2093.08 ❌
    [ 148/156] anchored r= F3 i= +7 flute  | midi: gt=60 pred=49 ❌  | spn: gt=C4 pred=F2 ❌  | doremi: gt=do pred=fa# ❌  | hz: gt=261.6256 pred=250.38 ❌
    [ 149/156] anchored r= F3 i= +7 piano  | midi: gt=60 pred=60 ✅  | spn: gt=C4 pred=F3 ❌  | doremi: gt=do pred=fa# ❌  | hz: gt=261.6256 pred=250.33 ❌
    [ 150/156] anchored r= F3 i= +7 voice  | midi: gt=60 pred=60 ✅  | spn: gt=C4 pred=F2 ❌  | doremi: gt=do pred=fa# ❌  | hz: gt=261.6256 pred=250.38 ❌
    [ 151/156] anchored r= F3 i=+12 sine  | midi: gt=65 pred=61 ❌  | spn: gt=F4 pred=F2 ❌  | doremi: gt=fa pred=fa# ❌  | hz: gt=349.2282 pred=250.38 ❌
    [ 152/156] anchored r= F3 i=+12 synth_lead  | midi: gt=65 pred=60 ❌  | spn: gt=F4 pred=F2 ❌  | doremi: gt=fa pred=fa# ❌  | hz: gt=349.2282 pred=250.38 ❌
    [ 153/156] anchored r= F3 i=+12 cello  | midi: gt=65 pred=60 ❌  | spn: gt=F4 pred=F2 ❌  | doremi: gt=fa pred=fa# ❌  | hz: gt=349.2282 pred=250.38 ❌
    [ 154/156] anchored r= F3 i=+12 flute  | midi: gt=65 pred=49 ❌  | spn: gt=F4 pred=F2 ❌  | doremi: gt=fa pred=fa# ❌  | hz: gt=349.2282 pred=250.38 ❌
    [ 155/156] anchored r= F3 i=+12 piano  | midi: gt=65 pred=60 ❌  | spn: gt=F4 pred=F3 ❌  | doremi: gt=fa pred=fa# ❌  | hz: gt=349.2282 pred=250.33 ❌
    [ 156/156] anchored r= F3 i=+12 voice  | midi: gt=65 pred=60 ❌  | spn: gt=F4 pred=F2 ❌  | doremi: gt=fa pred=fa# ❌  | hz: gt=349.2282 pred=250.38 ❌

============================================================
SUMMARY — audio_flamingo_next_instruct
  Sampling     : none (full set of 156)
  Stimuli (total)     : 156
  Stimuli (condition) : 156
  Stimuli (baseline)  : 0

  Format  Condition   Baseline
  ──────────────────────────────
    MIDI       3.2%       0.0%
     SPN       9.6%       0.0%
  DOREMI       7.0%       0.0%
      HZ       3.2%       0.0%
     ANY      13.5%       0.0%

  Headline 'accuracy' is computed on the condition subset only (see CatASpec.primary_filter).

  *** WARNING: working tree has uncommitted changes — results will NOT be exactly reproducible from git_commit alone ***


Results saved → results/analysis/run_20260506_193058/pitchbench_d7a_pitch_with_reference/run_001_20260506_195455/results_audio_flamingo_next_instruct.*

############################################################
# pitchbench_d7b_pitch_with_reference_split
############################################################

Experiment : pitchbench_d7b_pitch_with_reference_split
Models     : audio_flamingo_next_instruct
Stimuli    : 156
  Sampling     : none (full set of 156)

Probing multi-audio support...
  audio_flamingo_next_instruct                       not supported — skipping

No target model supports multi-audio queries; nothing to run.

############################################################
# pitchbench_e1_audio_effects
############################################################

Experiment : pitchbench_e1_audio_effects
Models     : audio_flamingo_next_instruct
Stimuli    : 252
  Sampling     : none (full set of 252)

  Model : Audio Flamingo Next – instruct
    [dispatch] 252 items, max_workers=2
    [   1/252] sine        highpass_above_f0  F1  | midi: gt=29 pred=34 ❌  | spn: gt=F1 pred=C2 ❌  | doremi: gt=fa pred=fa# ❌  | hz: gt=43.6535 pred=250.0 ❌
    [   2/252] sine        highpass_above_f0  D2  | midi: gt=38 pred=48 ❌  | spn: gt=D2 pred=C2 ❌  | doremi: gt=re pred=fa# ❌  | hz: gt=73.4162 pred=261.63 ❌
    [   3/252] sine        highpass_above_f0  B2  | midi: gt=47 pred=48 ❌  | spn: gt=B2 pred=C2 ❌  | doremi: gt=si pred=sol ❌  | hz: gt=123.4708 pred=250.0 ❌
    [   4/252] sine        highpass_above_f0  G#3  | midi: gt=56 pred=43 ❌  | spn: gt=G#3 pred=C2 ❌  | doremi: gt=sol# pred=sol ❌  | hz: gt=207.6523 pred=105.26 ❌
    [   5/252] sine        highpass_above_f0  F4  | midi: gt=65 pred=65 ✅  | spn: gt=F4 pred=C6 ❌  | doremi: gt=fa pred=sol ❌  | hz: gt=349.2282 pred=350.0 ✅
    [   6/252] sine        highpass_above_f0  D5  | midi: gt=74 pred=68 ❌  | spn: gt=D5 pred=C6 ❌  | doremi: gt=re pred=sol ❌  | hz: gt=587.3295 pred=1050.0 ❌
    [   7/252] sine        highpass_above_f0  B5  | midi: gt=83 pred=68 ❌  | spn: gt=B5 pred=C6 ❌  | doremi: gt=si pred=sol ❌  | hz: gt=987.7666 pred=1074.32 ❌
    [   8/252] sine        lowpass_at_f0  F1  | midi: gt=29 pred=36 ❌  | spn: gt=F1 pred=C2 ❌  | doremi: gt=fa pred=fa# ❌  | hz: gt=43.6535 pred=250.0 ❌
    [   9/252] sine        lowpass_at_f0  B2  | midi: gt=47 pred=48 ❌  | spn: gt=B2 pred=C2 ❌  | doremi: gt=si pred=sol ❌  | hz: gt=123.4708 pred=100.0 ❌
    [  10/252] sine        lowpass_at_f0  D2  | midi: gt=38 pred=48 ❌  | spn: gt=D2 pred=C2 ❌  | doremi: gt=re pred=sol ❌  | hz: gt=73.4162 pred=105.26 ❌
    [  11/252] sine        lowpass_at_f0  G#3  | midi: gt=56 pred=48 ❌  | spn: gt=G#3 pred=C6 ❌  | doremi: gt=sol# pred=sol ❌  | hz: gt=207.6523 pred=105.26 ❌
    [  12/252] sine        lowpass_at_f0  F4  | midi: gt=65 pred=64 ❌  | spn: gt=F4 pred=C6 ❌  | doremi: gt=fa pred=sol ❌  | hz: gt=349.2282 pred=1050.0 ❌
    [  13/252] sine        lowpass_at_f0  D5  | midi: gt=74 pred=68 ❌  | spn: gt=D5 pred=C6 ❌  | doremi: gt=re pred=sol ❌  | hz: gt=587.3295 pred=1050.0 ❌
    [  14/252] sine        lowpass_at_f0  B5  | midi: gt=83 pred=68 ❌  | spn: gt=B5 pred=C6 ❌  | doremi: gt=si pred=sol ❌  | hz: gt=987.7666 pred=1075.0 ❌
    [  15/252] sine        bitcrush_4bit  F1  | midi: gt=29 pred=48 ❌  | spn: gt=F1 pred=C6 ❌  | doremi: gt=fa pred=fa# ❌  | hz: gt=43.6535 pred=480.0 ❌
    [  16/252] sine        bitcrush_4bit  D2  | midi: gt=38 pred=48 ❌  | spn: gt=D2 pred=C6 ❌  | doremi: gt=re pred=fa# ❌  | hz: gt=73.4162 pred=1058.47 ❌
    [  17/252] sine        bitcrush_4bit  B2  | midi: gt=47 pred=48 ❌  | spn: gt=B2 pred=C6 ❌  | doremi: gt=si pred=sol ❌  | hz: gt=123.4708 pred=480.0 ❌
    [  18/252] sine        bitcrush_4bit  G#3  | midi: gt=56 pred=56 ✅  | spn: gt=G#3 pred=C6 ❌  | doremi: gt=sol# pred=sol ❌  | hz: gt=207.6523 pred=435.0 ❌
    [  19/252] sine        bitcrush_4bit  F4  | midi: gt=65 pred=65 ✅  | spn: gt=F4 pred=C6 ❌  | doremi: gt=fa pred=sol ❌  | hz: gt=349.2282 pred=1073.64 ❌
    [  20/252] sine        bitcrush_4bit  D5  | midi: gt=74 pred=68 ❌  | spn: gt=D5 pred=C6 ❌  | doremi: gt=re pred=sol ❌  | hz: gt=587.3295 pred=1074.32 ❌
    [  21/252] sine        bitcrush_4bit  B5  | midi: gt=83 pred=68 ❌  | spn: gt=B5 pred=C6 ❌  | doremi: gt=si pred=sol ❌  | hz: gt=987.7666 pred=1046.53 ❌
    [  22/252] sine        distortion_heavy  F1  | midi: gt=29 pred=35 ❌  | spn: gt=F1 pred=C2 ❌  | doremi: gt=fa pred=sol ❌  | hz: gt=43.6535 pred=430.56 ❌
    [  23/252] sine        distortion_heavy  D2  | midi: gt=38 pred=43 ❌  | spn: gt=D2 pred=C4 ❌  | doremi: gt=re pred=fa# ❌  | hz: gt=73.4162 pred=480.0 ❌
    [  24/252] sine        distortion_heavy  B2  | midi: gt=47 pred=45 ❌  | spn: gt=B2 pred=A4 ❌  | doremi: gt=si pred=sol ❌  | hz: gt=123.4708 pred=450.0 ❌
    [  25/252] sine        distortion_heavy  G#3  | midi: gt=56 pred=68 ❌  | spn: gt=G#3 pred=G6 ❌  | doremi: gt=sol# pred=sol ❌  | hz: gt=207.6523 pred=450.0 ❌
    [  26/252] sine        distortion_heavy  F4  | midi: gt=65 pred=65 ✅  | spn: gt=F4 pred=A6 ❌  | doremi: gt=fa pred=sol ❌  | hz: gt=349.2282 pred=450.0 ❌
    [  27/252] sine        distortion_heavy  D5  | midi: gt=74 pred=69 ❌  | spn: gt=D5 pred=C6 ❌  | doremi: gt=re pred=sol ❌  | hz: gt=587.3295 pred=1046.53 ❌
    [  28/252] sine        distortion_heavy  B5  | midi: gt=83 pred=83 ✅  | spn: gt=B5 pred=C6 ❌  | doremi: gt=si pred=sol ❌  | hz: gt=987.7666 pred=450.0 ❌
    [  29/252] sine        reverb_long   F1  | midi: gt=29 pred=36 ❌  | spn: gt=F1 pred=C2 ❌  | doremi: gt=fa pred=fa# ❌  | hz: gt=43.6535 pred=25.0 ❌
    [  30/252] sine        reverb_long   D2  | midi: gt=38 pred=48 ❌  | spn: gt=D2 pred=C2 ❌  | doremi: gt=re pred=fa# ❌  | hz: gt=73.4162 pred=105.26 ❌
    [  31/252] sine        reverb_long   B2  | midi: gt=47 pred=45 ❌  | spn: gt=B2 pred=C2 ❌  | doremi: gt=si pred=sol ❌  | hz: gt=123.4708 pred=105.26 ❌
    [  32/252] sine        reverb_long   G#3  | midi: gt=56 pred=65 ❌  | spn: gt=G#3 pred=C6 ❌  | doremi: gt=sol# pred=sol ❌  | hz: gt=207.6523 pred=107.65 ❌
    [  33/252] sine        reverb_long   F4  | midi: gt=65 pred=69 ❌  | spn: gt=F4 pred=C6 ❌  | doremi: gt=fa pred=sol ❌  | hz: gt=349.2282 pred=415.38 ❌
    [  34/252] sine        reverb_long   D5  | midi: gt=74 pred=68 ❌  | spn: gt=D5 pred=C6 ❌  | doremi: gt=re pred=sol ❌  | hz: gt=587.3295 pred=1074.32 ❌
    [  35/252] sine        reverb_long   B5  | midi: gt=83 pred=68 ❌  | spn: gt=B5 pred=C6 ❌  | doremi: gt=si pred=sol ❌  | hz: gt=987.7666 pred=1074.625 ❌
    [  36/252] sine        chorus_heavy  F1  | midi: gt=29 pred=35 ❌  | spn: gt=F1 pred=C2 ❌  | doremi: gt=fa pred=fa# ❌  | hz: gt=43.6535 pred=250.0 ❌
    [  37/252] sine        chorus_heavy  D2  | midi: gt=38 pred=36 ❌  | spn: gt=D2 pred=C2 ❌  | doremi: gt=re pred=fa# ❌  | hz: gt=73.4162 pred=105.26 ❌
    [  38/252] sine        chorus_heavy  B2  | midi: gt=47 pred=48 ❌  | spn: gt=B2 pred=A#2 ❌  | doremi: gt=si pred=fa# ❌  | hz: gt=123.4708 pred=105.26 ❌
    [  39/252] sine        chorus_heavy  G#3  | midi: gt=56 pred=63 ❌  | spn: gt=G#3 pred=C6 ❌  | doremi: gt=sol# pred=sol ❌  | hz: gt=207.6523 pred=105.26 ❌
    [  40/252] sine        chorus_heavy  F4  | midi: gt=65 pred=69 ❌  | spn: gt=F4 pred=C6 ❌  | doremi: gt=fa pred=sol ❌  | hz: gt=349.2282 pred=480.0 ❌
    [  41/252] sine        chorus_heavy  D5  | midi: gt=74 pred=69 ❌  | spn: gt=D5 pred=C6 ❌  | doremi: gt=re pred=sol ❌  | hz: gt=587.3295 pred=480.0 ❌
    [  42/252] sine        chorus_heavy  B5  | midi: gt=83 pred=84 ❌  | spn: gt=B5 pred=C6 ❌  | doremi: gt=si pred=sol# ❌  | hz: gt=987.7666 pred=1200.0 ❌
    [  43/252] synth_lead  highpass_above_f0  F1  | midi: gt=29 pred=63 ❌  | spn: gt=F1 pred=C6 ❌  | doremi: gt=fa pred=fa# ❌  | hz: gt=43.6535 pred=480.0 ❌
    [  44/252] synth_lead  highpass_above_f0  D2  | midi: gt=38 pred=65 ❌  | spn: gt=D2 pred=C6 ❌  | doremi: gt=re pred=sol# ❌  | hz: gt=73.4162 pred=1058.47 ❌
    [  45/252] synth_lead  highpass_above_f0  B2  | midi: gt=47 pred=65 ❌  | spn: gt=B2 pred=C6 ❌  | doremi: gt=si pred=sol# ❌  | hz: gt=123.4708 pred=480.0 ❌
    [  46/252] synth_lead  highpass_above_f0  G#3  | midi: gt=56 pred=65 ❌  | spn: gt=G#3 pred=C6 ❌  | doremi: gt=sol# pred=sol# ✅  | hz: gt=207.6523 pred=1058.43 ❌
    [  47/252] synth_lead  highpass_above_f0  F4  | midi: gt=65 pred=68 ❌  | spn: gt=F4 pred=C6 ❌  | doremi: gt=fa pred=sol# ❌  | hz: gt=349.2282 pred=1034.52 ❌
    [  48/252] synth_lead  highpass_above_f0  D5  | midi: gt=74 pred=69 ❌  | spn: gt=D5 pred=C6 ❌  | doremi: gt=re pred=sol ❌  | hz: gt=587.3295 pred=1046.57 ❌
    [  49/252] synth_lead  highpass_above_f0  B5  | midi: gt=83 pred=68 ❌  | spn: gt=B5 pred=C6 ❌  | doremi: gt=si pred=sol ❌  | hz: gt=987.7666 pred=480.0 ❌
    [  50/252] synth_lead  lowpass_at_f0  F1  | midi: gt=29 pred=35 ❌  | spn: gt=F1 pred=C2 ❌  | doremi: gt=fa pred=fa# ❌  | hz: gt=43.6535 pred=25.0 ❌
    [  51/252] synth_lead  lowpass_at_f0  D2  | midi: gt=38 pred=43 ❌  | spn: gt=D2 pred=C2 ❌  | doremi: gt=re pred=fa# ❌  | hz: gt=73.4162 pred=105.26 ❌
    [  52/252] synth_lead  lowpass_at_f0  B2  | midi: gt=47 pred=48 ❌  | spn: gt=B2 pred=C2 ❌  | doremi: gt=si pred=sol ❌  | hz: gt=123.4708 pred=105.26 ❌
    [  53/252] synth_lead  lowpass_at_f0  G#3  | midi: gt=56 pred=48 ❌  | spn: gt=G#3 pred=C6 ❌  | doremi: gt=sol# pred=fa# ❌  | hz: gt=207.6523 pred=120.0 ❌
    [  54/252] synth_lead  lowpass_at_f0  F4  | midi: gt=65 pred=53 ❌  | spn: gt=F4 pred=C6 ❌  | doremi: gt=fa pred=sol ❌  | hz: gt=349.2282 pred=1308.57 ❌
    [  55/252] synth_lead  lowpass_at_f0  D5  | midi: gt=74 pred=43 ❌  | spn: gt=D5 pred=D6 ❌  | doremi: gt=re pred=sol ❌  | hz: gt=587.3295 pred=1200.0 ❌
    [  56/252] synth_lead  lowpass_at_f0  B5  | midi: gt=83 pred=84 ❌  | spn: gt=B5 pred=C6 ❌  | doremi: gt=si pred=sol# ❌  | hz: gt=987.7666 pred=1500.0 ❌
    [  57/252] synth_lead  bitcrush_4bit  F1  | midi: gt=29 pred=64 ❌  | spn: gt=F1 pred=C6 ❌  | doremi: gt=fa pred=fa# ❌  | hz: gt=43.6535 pred=1050.0 ❌
    [  58/252] synth_lead  bitcrush_4bit  D2  | midi: gt=38 pred=65 ❌  | spn: gt=D2 pred=C6 ❌  | doremi: gt=re pred=fa# ❌  | hz: gt=73.4162 pred=480.0 ❌
    [  59/252] synth_lead  bitcrush_4bit  B2  | midi: gt=47 pred=65 ❌  | spn: gt=B2 pred=C6 ❌  | doremi: gt=si pred=fa# ❌  | hz: gt=123.4708 pred=480.0 ❌
    [  60/252] synth_lead  bitcrush_4bit  G#3  | midi: gt=56 pred=63 ❌  | spn: gt=G#3 pred=C6 ❌  | doremi: gt=sol# pred=fa# ❌  | hz: gt=207.6523 pred=176.47 ❌
    [  61/252] synth_lead  bitcrush_4bit  F4  | midi: gt=65 pred=64 ❌  | spn: gt=F4 pred=C6 ❌  | doremi: gt=fa pred=sol ❌  | hz: gt=349.2282 pred=460.0 ❌
    [  62/252] synth_lead  bitcrush_4bit  D5  | midi: gt=74 pred=69 ❌  | spn: gt=D5 pred=C6 ❌  | doremi: gt=re pred=sol ❌  | hz: gt=587.3295 pred=1046.53 ❌
    [  63/252] synth_lead  bitcrush_4bit  B5  | midi: gt=83 pred=68 ❌  | spn: gt=B5 pred=C6 ❌  | doremi: gt=si pred=sol ❌  | hz: gt=987.7666 pred=1046.53 ❌
    [  64/252] synth_lead  distortion_heavy  D2  | midi: gt=38 pred=65 ❌  | spn: gt=D2 pred=C6 ❌  | doremi: gt=re pred=fa# ❌  | hz: gt=73.4162 pred=1050.0 ❌
    [  65/252] synth_lead  distortion_heavy  F1  | midi: gt=29 pred=43 ❌  | spn: gt=F1 pred=A#2 ❌  | doremi: gt=fa pred=fa# ❌  | hz: gt=43.6535 pred=1058.47 ❌
    [  66/252] synth_lead  distortion_heavy  B2  | midi: gt=47 pred=64 ❌  | spn: gt=B2 pred=C6 ❌  | doremi: gt=si pred=fa# ❌  | hz: gt=123.4708 pred=1052.63 ❌
    [  67/252] synth_lead  distortion_heavy  G#3  | midi: gt=56 pred=63 ❌  | spn: gt=G#3 pred=C6 ❌  | doremi: gt=sol# pred=fa# ❌  | hz: gt=207.6523 pred=1058.47 ❌
    [  68/252] synth_lead  distortion_heavy  F4  | midi: gt=65 pred=65 ✅  | spn: gt=F4 pred=C6 ❌  | doremi: gt=fa pred=sol ❌  | hz: gt=349.2282 pred=480.0 ❌
    [  69/252] synth_lead  distortion_heavy  D5  | midi: gt=74 pred=69 ❌  | spn: gt=D5 pred=D6 ❌  | doremi: gt=re pred=sol# ❌  | hz: gt=587.3295 pred=1046.53 ❌
    [  70/252] synth_lead  distortion_heavy  B5  | midi: gt=83 pred=68 ❌  | spn: gt=B5 pred=C6 ❌  | doremi: gt=si pred=sol ❌  | hz: gt=987.7666 pred=1058.43 ❌
    [  71/252] synth_lead  reverb_long   F1  | midi: gt=29 pred=35 ❌  | spn: gt=F1 pred=A#2 ❌  | doremi: gt=fa pred=fa# ❌  | hz: gt=43.6535 pred=261.63 ❌
    [  72/252] synth_lead  reverb_long   D2  | midi: gt=38 pred=48 ❌  | spn: gt=D2 pred=C4 ❌  | doremi: gt=re pred=fa# ❌  | hz: gt=73.4162 pred=480.0 ❌
    [  73/252] synth_lead  reverb_long   B2  | midi: gt=47 pred=48 ❌  | spn: gt=B2 pred=A#6 ❌  | doremi: gt=si pred=fa# ❌  | hz: gt=123.4708 pred=480.0 ❌
    [  74/252] synth_lead  reverb_long   G#3  | midi: gt=56 pred=56 ✅  | spn: gt=G#3 pred=C6 ❌  | doremi: gt=sol# pred=fa# ❌  | hz: gt=207.6523 pred=480.0 ❌
    [  75/252] synth_lead  reverb_long   F4  | midi: gt=65 pred=65 ✅  | spn: gt=F4 pred=C6 ❌  | doremi: gt=fa pred=sol ❌  | hz: gt=349.2282 pred=1058.43 ❌
    [  76/252] synth_lead  reverb_long   D5  | midi: gt=74 pred=69 ❌  | spn: gt=D5 pred=D6 ❌  | doremi: gt=re pred=sol# ❌  | hz: gt=587.3295 pred=1034.52 ❌
    [  77/252] synth_lead  reverb_long   B5  | midi: gt=83 pred=84 ❌  | spn: gt=B5 pred=C6 ❌  | doremi: gt=si pred=sol# ❌  | hz: gt=987.7666 pred=1046.57 ❌
    [  78/252] synth_lead  chorus_heavy  F1  | midi: gt=29 pred=65 ❌  | spn: gt=F1 pred=C6 ❌  | doremi: gt=fa pred=fa# ❌  | hz: gt=43.6535 pred=480.0 ❌
    [  79/252] synth_lead  chorus_heavy  D2  | midi: gt=38 pred=65 ❌  | spn: gt=D2 pred=C6 ❌  | doremi: gt=re pred=fa# ❌  | hz: gt=73.4162 pred=460.0 ❌
    [  80/252] synth_lead  chorus_heavy  B2  | midi: gt=47 pred=48 ❌  | spn: gt=B2 pred=A#6 ❌  | doremi: gt=si pred=sol# ❌  | hz: gt=123.4708 pred=480.0 ❌
    [  81/252] synth_lead  chorus_heavy  G#3  | midi: gt=56 pred=63 ❌  | spn: gt=G#3 pred=C6 ❌  | doremi: gt=sol# pred=sol# ✅  | hz: gt=207.6523 pred=460.0 ❌
    [  82/252] synth_lead  chorus_heavy  F4  | midi: gt=65 pred=68 ❌  | spn: gt=F4 pred=C6 ❌  | doremi: gt=fa pred=sol ❌  | hz: gt=349.2282 pred=480.0 ❌
    [  83/252] synth_lead  chorus_heavy  D5  | midi: gt=74 pred=69 ❌  | spn: gt=D5 pred=C6 ❌  | doremi: gt=re pred=sol ❌  | hz: gt=587.3295 pred=480.0 ❌
    [  84/252] synth_lead  chorus_heavy  B5  | midi: gt=83 pred=69 ❌  | spn: gt=B5 pred=C6 ❌  | doremi: gt=si pred=sol# ❌  | hz: gt=987.7666 pred=480.0 ❌
    [  85/252] cello       highpass_above_f0  F1  | midi: gt=29 pred=34 ❌  | spn: gt=F1 pred=A#2 ❌  | doremi: gt=fa pred=fa# ❌  | hz: gt=43.6535 pred=105.26 ❌
    [  86/252] cello       highpass_above_f0  D2  | midi: gt=38 pred=36 ❌  | spn: gt=D2 pred=C2 ❌  | doremi: gt=re pred=re ✅  | hz: gt=73.4162 pred=48.0 ❌
    [  87/252] cello       highpass_above_f0  G#3  | midi: gt=56 pred=56 ✅  | spn: gt=G#3 pred=C4 ❌  | doremi: gt=sol# pred=sol ❌  | hz: gt=207.6523 pred=435.0 ❌
    [  88/252] cello       highpass_above_f0  B2  | midi: gt=47 pred=43 ❌  | spn: gt=B2 pred=A#2 ❌  | doremi: gt=si pred=sol ❌  | hz: gt=123.4708 pred=435.0 ❌
    [  89/252] cello       highpass_above_f0  D5  | midi: gt=74 pred=62 ❌  | spn: gt=D5 pred=C6 ❌  | doremi: gt=re pred=sol ❌  | hz: gt=587.3295 pred=6250.0 ❌
    [  90/252] cello       highpass_above_f0  F4  | midi: gt=65 pred=65 ✅  | spn: gt=F4 pred=C4 ❌  | doremi: gt=fa pred=sol ❌  | hz: gt=349.2282 pred=659.32 ❌
    [  91/252] cello       highpass_above_f0  B5  | midi: gt=83 pred=83 ✅  | spn: gt=B5 pred=B4 ❌  | doremi: gt=si pred=sol ❌  | hz: gt=987.7666 pred=840.0 ❌
    [  92/252] cello       lowpass_at_f0  F1  | midi: gt=29 pred=35 ❌  | spn: gt=F1 pred=C2 ❌  | doremi: gt=fa pred=fa# ❌  | hz: gt=43.6535 pred=250.0 ❌
    [  93/252] cello       lowpass_at_f0  D2  | midi: gt=38 pred=43 ❌  | spn: gt=D2 pred=C2 ❌  | doremi: gt=re pred=fa# ❌  | hz: gt=73.4162 pred=105.26 ❌
    [  94/252] cello       lowpass_at_f0  B2  | midi: gt=47 pred=45 ❌  | spn: gt=B2 pred=C2 ❌  | doremi: gt=si pred=fa# ❌  | hz: gt=123.4708 pred=105.26 ❌
    [  95/252] cello       lowpass_at_f0  F4  | midi: gt=65 pred=65 ✅  | spn: gt=F4 pred=C6 ❌  | doremi: gt=fa pred=fa# ❌  | hz: gt=349.2282 pred=480.0 ❌
    [  96/252] cello       lowpass_at_f0  G#3  | midi: gt=56 pred=43 ❌  | spn: gt=G#3 pred=C4 ❌  | doremi: gt=sol# pred=fa# ❌  | hz: gt=207.6523 pred=107.65 ❌
    [  97/252] cello       lowpass_at_f0  D5  | midi: gt=74 pred=69 ❌  | spn: gt=D5 pred=C6 ❌  | doremi: gt=re pred=fa# ❌  | hz: gt=587.3295 pred=1075.0 ❌
    [  98/252] cello       lowpass_at_f0  B5  | midi: gt=83 pred=84 ❌  | spn: gt=B5 pred=C6 ❌  | doremi: gt=si pred=fa# ❌  | hz: gt=987.7666 pred=1034.52 ❌
    [  99/252] cello       bitcrush_4bit  F1  | midi: gt=29 pred=64 ❌  | spn: gt=F1 pred=C6 ❌  | doremi: gt=fa pred=fa# ❌  | hz: gt=43.6535 pred=150.0 ❌
    [ 100/252] cello       bitcrush_4bit  D2  | midi: gt=38 pred=64 ❌  | spn: gt=D2 pred=C6 ❌  | doremi: gt=re pred=fa# ❌  | hz: gt=73.4162 pred=1054.87 ❌
    [ 101/252] cello       bitcrush_4bit  B2  | midi: gt=47 pred=48 ❌  | spn: gt=B2 pred=C6 ❌  | doremi: gt=si pred=fa# ❌  | hz: gt=123.4708 pred=1650.0 ❌
    [ 102/252] cello       bitcrush_4bit  G#3  | midi: gt=56 pred=43 ❌  | spn: gt=G#3 pred=C6 ❌  | doremi: gt=sol# pred=fa# ❌  | hz: gt=207.6523 pred=1680.0 ❌
    [ 103/252] cello       bitcrush_4bit  F4  | midi: gt=65 pred=65 ✅  | spn: gt=F4 pred=C6 ❌  | doremi: gt=fa pred=sol ❌  | hz: gt=349.2282 pred=450.0 ❌
    [ 104/252] cello       bitcrush_4bit  D5  | midi: gt=74 pred=69 ❌  | spn: gt=D5 pred=C6 ❌  | doremi: gt=re pred=sol ❌  | hz: gt=587.3295 pred=493.88 ❌
    [ 105/252] cello       bitcrush_4bit  B5  | midi: gt=83 pred=63 ❌  | spn: gt=B5 pred=C6 ❌  | doremi: gt=si pred=sol ❌  | hz: gt=987.7666 pred=415.3 ❌
    [ 106/252] cello       distortion_heavy  F1  | midi: gt=29 pred=48 ❌  | spn: gt=F1 pred=A#2 ❌  | doremi: gt=fa pred=sol ❌  | hz: gt=43.6535 pred=107.85 ❌
    [ 107/252] cello       distortion_heavy  D2  | midi: gt=38 pred=45 ❌  | spn: gt=D2 pred=C4 ❌  | doremi: gt=re pred=fa# ❌  | hz: gt=73.4162 pred=166.67 ❌
    [ 108/252] cello       distortion_heavy  B2  | midi: gt=47 pred=48 ❌  | spn: gt=B2 pred=C6 ❌  | doremi: gt=si pred=fa# ❌  | hz: gt=123.4708 pred=166.67 ❌
    [ 109/252] cello       distortion_heavy  F4  | midi: gt=65 pred=69 ❌  | spn: gt=F4 pred=F#6 ❌  | doremi: gt=fa pred=sol# ❌  | hz: gt=349.2282 pred=408.0 ❌
    [ 110/252] cello       distortion_heavy  G#3  | midi: gt=56 pred=56 ✅  | spn: gt=G#3 pred=None ❌  | doremi: gt=sol# pred=sol# ✅  | hz: gt=207.6523 pred=1054.72 ❌
    [ 111/252] cello       distortion_heavy  D5  | midi: gt=74 pred=69 ❌  | spn: gt=D5 pred=D6 ❌  | doremi: gt=re pred=sol ❌  | hz: gt=587.3295 pred=6250.0 ❌
    [ 112/252] cello       distortion_heavy  B5  | midi: gt=83 pred=69 ❌  | spn: gt=B5 pred=B6 ❌  | doremi: gt=si pred=sol# ❌  | hz: gt=987.7666 pred=1046.57 ❌
    [ 113/252] cello       reverb_long   F1  | midi: gt=29 pred=35 ❌  | spn: gt=F1 pred=A#2 ❌  | doremi: gt=fa pred=fa# ❌  | hz: gt=43.6535 pred=105.26 ❌
    [ 114/252] cello       reverb_long   D2  | midi: gt=38 pred=48 ❌  | spn: gt=D2 pred=C2 ❌  | doremi: gt=re pred=sol ❌  | hz: gt=73.4162 pred=105.26 ❌
    [ 115/252] cello       reverb_long   B2  | midi: gt=47 pred=48 ❌  | spn: gt=B2 pred=A#2 ❌  | doremi: gt=si pred=fa# ❌  | hz: gt=123.4708 pred=1680.0 ❌
    [ 116/252] cello       reverb_long   G#3  | midi: gt=56 pred=56 ✅  | spn: gt=G#3 pred=C6 ❌  | doremi: gt=sol# pred=sol ❌  | hz: gt=207.6523 pred=480.0 ❌
    [ 117/252] cello       reverb_long   F4  | midi: gt=65 pred=65 ✅  | spn: gt=F4 pred=C6 ❌  | doremi: gt=fa pred=sol ❌  | hz: gt=349.2282 pred=480.0 ❌
    [ 118/252] cello       reverb_long   D5  | midi: gt=74 pred=68 ❌  | spn: gt=D5 pred=C6 ❌  | doremi: gt=re pred=sol ❌  | hz: gt=587.3295 pred=480.0 ❌
    [ 119/252] cello       reverb_long   B5  | midi: gt=83 pred=83 ✅  | spn: gt=B5 pred=C6 ❌  | doremi: gt=si pred=sol# ❌  | hz: gt=987.7666 pred=1034.52 ❌
    [ 120/252] cello       chorus_heavy  F1  | midi: gt=29 pred=48 ❌  | spn: gt=F1 pred=C2 ❌  | doremi: gt=fa pred=fa# ❌  | hz: gt=43.6535 pred=130.81 ❌
    [ 121/252] cello       chorus_heavy  D2  | midi: gt=38 pred=48 ❌  | spn: gt=D2 pred=C6 ❌  | doremi: gt=re pred=fa# ❌  | hz: gt=73.4162 pred=415.38 ❌
    [ 122/252] cello       chorus_heavy  B2  | midi: gt=47 pred=48 ❌  | spn: gt=B2 pred=C6 ❌  | doremi: gt=si pred=fa# ❌  | hz: gt=123.4708 pred=430.51 ❌
    [ 123/252] cello       chorus_heavy  G#3  | midi: gt=56 pred=65 ❌  | spn: gt=G#3 pred=C6 ❌  | doremi: gt=sol# pred=fa# ❌  | hz: gt=207.6523 pred=415.3 ❌
    [ 124/252] cello       chorus_heavy  F4  | midi: gt=65 pred=65 ✅  | spn: gt=F4 pred=C6 ❌  | doremi: gt=fa pred=fa# ❌  | hz: gt=349.2282 pred=480.0 ❌
    [ 125/252] cello       chorus_heavy  B5  | midi: gt=83 pred=69 ❌  | spn: gt=B5 pred=C6 ❌  | doremi: gt=si pred=sol# ❌  | hz: gt=987.7666 pred=415.3 ❌
    [ 126/252] cello       chorus_heavy  D5  | midi: gt=74 pred=68 ❌  | spn: gt=D5 pred=C6 ❌  | doremi: gt=re pred=sol# ❌  | hz: gt=587.3295 pred=1046.53 ❌
    [ 127/252] flute       highpass_above_f0  F1  | midi: gt=29 pred=63 ❌  | spn: gt=F1 pred=C2 ❌  | doremi: gt=fa pred=fa# ❌  | hz: gt=43.6535 pred=105.26 ❌
    [ 128/252] flute       highpass_above_f0  D2  | midi: gt=38 pred=65 ❌  | spn: gt=D2 pred=C2 ❌  | doremi: gt=re pred=fa# ❌  | hz: gt=73.4162 pred=415.3 ❌
    [ 129/252] flute       highpass_above_f0  B2  | midi: gt=47 pred=64 ❌  | spn: gt=B2 pred=C6 ❌  | doremi: gt=si pred=sol ❌  | hz: gt=123.4708 pred=480.0 ❌
    [ 130/252] flute       highpass_above_f0  G#3  | midi: gt=56 pred=56 ✅  | spn: gt=G#3 pred=C6 ❌  | doremi: gt=sol# pred=sol ❌  | hz: gt=207.6523 pred=435.0 ❌
    [ 131/252] flute       highpass_above_f0  F4  | midi: gt=65 pred=65 ✅  | spn: gt=F4 pred=C6 ❌  | doremi: gt=fa pred=sol ❌  | hz: gt=349.2282 pred=480.0 ❌
    [ 132/252] flute       highpass_above_f0  D5  | midi: gt=74 pred=68 ❌  | spn: gt=D5 pred=C6 ❌  | doremi: gt=re pred=sol ❌  | hz: gt=587.3295 pred=810.0 ❌
    [ 133/252] flute       highpass_above_f0  B5  | midi: gt=83 pred=68 ❌  | spn: gt=B5 pred=C6 ❌  | doremi: gt=si pred=sol ❌  | hz: gt=987.7666 pred=415.3 ❌
    [ 134/252] flute       lowpass_at_f0  F1  | midi: gt=29 pred=35 ❌  | spn: gt=F1 pred=C2 ❌  | doremi: gt=fa pred=fa# ❌  | hz: gt=43.6535 pred=250.0 ❌
    [ 135/252] flute       lowpass_at_f0  D2  | midi: gt=38 pred=43 ❌  | spn: gt=D2 pred=C4 ❌  | doremi: gt=re pred=fa# ❌  | hz: gt=73.4162 pred=120.0 ❌
    [ 136/252] flute       lowpass_at_f0  B2  | midi: gt=47 pred=48 ❌  | spn: gt=B2 pred=C2 ❌  | doremi: gt=si pred=fa# ❌  | hz: gt=123.4708 pred=107.65 ❌
    [ 137/252] flute       lowpass_at_f0  G#3  | midi: gt=56 pred=43 ❌  | spn: gt=G#3 pred=C4 ❌  | doremi: gt=sol# pred=sol ❌  | hz: gt=207.6523 pred=1250.0 ❌
    [ 138/252] flute       lowpass_at_f0  F4  | midi: gt=65 pred=65 ✅  | spn: gt=F4 pred=C6 ❌  | doremi: gt=fa pred=fa# ❌  | hz: gt=349.2282 pred=1046.53 ❌
    [ 139/252] flute       lowpass_at_f0  D5  | midi: gt=74 pred=68 ❌  | spn: gt=D5 pred=C6 ❌  | doremi: gt=re pred=sol ❌  | hz: gt=587.3295 pred=659.34 ❌
    [ 140/252] flute       lowpass_at_f0  B5  | midi: gt=83 pred=83 ✅  | spn: gt=B5 pred=C6 ❌  | doremi: gt=si pred=sol ❌  | hz: gt=987.7666 pred=1034.52 ❌
    [ 141/252] flute       bitcrush_4bit  F1  | midi: gt=29 pred=64 ❌  | spn: gt=F1 pred=C6 ❌  | doremi: gt=fa pred=fa# ❌  | hz: gt=43.6535 pred=107.89 ❌
    [ 142/252] flute       bitcrush_4bit  D2  | midi: gt=38 pred=64 ❌  | spn: gt=D2 pred=C6 ❌  | doremi: gt=re pred=fa# ❌  | hz: gt=73.4162 pred=1050.0 ❌
    [ 143/252] flute       bitcrush_4bit  B2  | midi: gt=47 pred=64 ❌  | spn: gt=B2 pred=C6 ❌  | doremi: gt=si pred=fa# ❌  | hz: gt=123.4708 pred=105.26 ❌
    [ 144/252] flute       bitcrush_4bit  G#3  | midi: gt=56 pred=56 ✅  | spn: gt=G#3 pred=C6 ❌  | doremi: gt=sol# pred=fa# ❌  | hz: gt=207.6523 pred=105.26 ❌
    [ 145/252] flute       bitcrush_4bit  F4  | midi: gt=65 pred=65 ✅  | spn: gt=F4 pred=C6 ❌  | doremi: gt=fa pred=sol ❌  | hz: gt=349.2282 pred=450.0 ❌
    [ 146/252] flute       bitcrush_4bit  D5  | midi: gt=74 pred=69 ❌  | spn: gt=D5 pred=C6 ❌  | doremi: gt=re pred=sol ❌  | hz: gt=587.3295 pred=460.0 ❌
    [ 147/252] flute       bitcrush_4bit  B5  | midi: gt=83 pred=64 ❌  | spn: gt=B5 pred=C6 ❌  | doremi: gt=si pred=sol ❌  | hz: gt=987.7666 pred=415.306 ❌
    [ 148/252] flute       distortion_heavy  F1  | midi: gt=29 pred=45 ❌  | spn: gt=F1 pred=C2 ❌  | doremi: gt=fa pred=fa# ❌  | hz: gt=43.6535 pred=105.26 ❌
    [ 149/252] flute       distortion_heavy  D2  | midi: gt=38 pred=64 ❌  | spn: gt=D2 pred=C6 ❌  | doremi: gt=re pred=fa# ❌  | hz: gt=73.4162 pred=1058.43 ❌
    [ 150/252] flute       distortion_heavy  B2  | midi: gt=47 pred=63 ❌  | spn: gt=B2 pred=C6 ❌  | doremi: gt=si pred=fa# ❌  | hz: gt=123.4708 pred=450.0 ❌
    [ 151/252] flute       distortion_heavy  G#3  | midi: gt=56 pred=45 ❌  | spn: gt=G#3 pred=G2 ❌  | doremi: gt=sol# pred=sol# ✅  | hz: gt=207.6523 pred=450.0 ❌
    [ 152/252] flute       distortion_heavy  F4  | midi: gt=65 pred=69 ❌  | spn: gt=F4 pred=C6 ❌  | doremi: gt=fa pred=sol# ❌  | hz: gt=349.2282 pred=450.0 ❌
    [ 153/252] flute       distortion_heavy  D5  | midi: gt=74 pred=69 ❌  | spn: gt=D5 pred=D6 ❌  | doremi: gt=re pred=sol ❌  | hz: gt=587.3295 pred=1046.53 ❌
    [ 154/252] flute       distortion_heavy  B5  | midi: gt=83 pred=83 ✅  | spn: gt=B5 pred=B6 ❌  | doremi: gt=si pred=sol# ❌  | hz: gt=987.7666 pred=1046.53 ❌
    [ 155/252] flute       reverb_long   F1  | midi: gt=29 pred=48 ❌  | spn: gt=F1 pred=C2 ❌  | doremi: gt=fa pred=fa# ❌  | hz: gt=43.6535 pred=105.26 ❌
    [ 156/252] flute       reverb_long   D2  | midi: gt=38 pred=48 ❌  | spn: gt=D2 pred=C2 ❌  | doremi: gt=re pred=fa# ❌  | hz: gt=73.4162 pred=105.26 ❌
    [ 157/252] flute       reverb_long   B2  | midi: gt=47 pred=48 ❌  | spn: gt=B2 pred=A#2 ❌  | doremi: gt=si pred=fa# ❌  | hz: gt=123.4708 pred=480.0 ❌
    [ 158/252] flute       reverb_long   G#3  | midi: gt=56 pred=45 ❌  | spn: gt=G#3 pred=C4 ❌  | doremi: gt=sol# pred=sol ❌  | hz: gt=207.6523 pred=435.0 ❌
    [ 159/252] flute       reverb_long   F4  | midi: gt=65 pred=65 ✅  | spn: gt=F4 pred=C6 ❌  | doremi: gt=fa pred=sol ❌  | hz: gt=349.2282 pred=659.3 ❌
    [ 160/252] flute       reverb_long   D5  | midi: gt=74 pred=62 ❌  | spn: gt=D5 pred=C6 ❌  | doremi: gt=re pred=sol ❌  | hz: gt=587.3295 pred=493.88 ❌
    [ 161/252] flute       reverb_long   B5  | midi: gt=83 pred=83 ✅  | spn: gt=B5 pred=C6 ❌  | doremi: gt=si pred=fa# ❌  | hz: gt=987.7666 pred=857.0 ❌
    [ 162/252] flute       chorus_heavy  F1  | midi: gt=29 pred=64 ❌  | spn: gt=F1 pred=C2 ❌  | doremi: gt=fa pred=fa# ❌  | hz: gt=43.6535 pred=105.26 ❌
    [ 163/252] flute       chorus_heavy  D2  | midi: gt=38 pred=65 ❌  | spn: gt=D2 pred=C6 ❌  | doremi: gt=re pred=fa# ❌  | hz: gt=73.4162 pred=105.26 ❌
    [ 164/252] flute       chorus_heavy  B2  | midi: gt=47 pred=63 ❌  | spn: gt=B2 pred=C6 ❌  | doremi: gt=si pred=fa# ❌  | hz: gt=123.4708 pred=415.3 ❌
    [ 165/252] flute       chorus_heavy  G#3  | midi: gt=56 pred=63 ❌  | spn: gt=G#3 pred=C6 ❌  | doremi: gt=sol# pred=fa# ❌  | hz: gt=207.6523 pred=415.3 ❌
    [ 166/252] flute       chorus_heavy  F4  | midi: gt=65 pred=65 ✅  | spn: gt=F4 pred=C6 ❌  | doremi: gt=fa pred=fa# ❌  | hz: gt=349.2282 pred=415.3 ❌
    [ 167/252] flute       chorus_heavy  D5  | midi: gt=74 pred=69 ❌  | spn: gt=D5 pred=C6 ❌  | doremi: gt=re pred=sol ❌  | hz: gt=587.3295 pred=480.0 ❌
    [ 168/252] flute       chorus_heavy  B5  | midi: gt=83 pred=84 ❌  | spn: gt=B5 pred=C6 ❌  | doremi: gt=si pred=sol# ❌  | hz: gt=987.7666 pred=1046.57 ❌
    [ 169/252] piano       highpass_above_f0  F1  | midi: gt=29 pred=43 ❌  | spn: gt=F1 pred=C4 ❌  | doremi: gt=fa pred=sol ❌  | hz: gt=43.6535 pred=4350.0 ❌
    [ 170/252] piano       highpass_above_f0  D2  | midi: gt=38 pred=63 ❌  | spn: gt=D2 pred=C6 ❌  | doremi: gt=re pred=sol ❌  | hz: gt=73.4162 pred=450.0 ❌
    [ 171/252] piano       highpass_above_f0  B2  | midi: gt=47 pred=45 ❌  | spn: gt=B2 pred=A#2 ❌  | doremi: gt=si pred=sol ❌  | hz: gt=123.4708 pred=435.0 ❌
    [ 172/252] piano       highpass_above_f0  G#3  | midi: gt=56 pred=56 ✅  | spn: gt=G#3 pred=C6 ❌  | doremi: gt=sol# pred=sol ❌  | hz: gt=207.6523 pred=435.0 ❌
    [ 173/252] piano       highpass_above_f0  F4  | midi: gt=65 pred=65 ✅  | spn: gt=F4 pred=F#6 ❌  | doremi: gt=fa pred=sol ❌  | hz: gt=349.2282 pred=493.88 ❌
    [ 174/252] piano       highpass_above_f0  D5  | midi: gt=74 pred=65 ❌  | spn: gt=D5 pred=F#6 ❌  | doremi: gt=re pred=sol ❌  | hz: gt=587.3295 pred=493.88 ❌
    [ 175/252] piano       highpass_above_f0  B5  | midi: gt=83 pred=63 ❌  | spn: gt=B5 pred=C6 ❌  | doremi: gt=si pred=sol# ❌  | hz: gt=987.7666 pred=493.88 ❌
    [ 176/252] piano       lowpass_at_f0  F1  | midi: gt=29 pred=34 ❌  | spn: gt=F1 pred=C2 ❌  | doremi: gt=fa pred=fa# ❌  | hz: gt=43.6535 pred=250.0 ❌
    [ 177/252] piano       lowpass_at_f0  D2  | midi: gt=38 pred=36 ❌  | spn: gt=D2 pred=C2 ❌  | doremi: gt=re pred=fa# ❌  | hz: gt=73.4162 pred=105.26 ❌
    [ 178/252] piano       lowpass_at_f0  B2  | midi: gt=47 pred=48 ❌  | spn: gt=B2 pred=C6 ❌  | doremi: gt=si pred=fa# ❌  | hz: gt=123.4708 pred=480.0 ❌
    [ 179/252] piano       lowpass_at_f0  G#3  | midi: gt=56 pred=56 ✅  | spn: gt=G#3 pred=C6 ❌  | doremi: gt=sol# pred=fa# ❌  | hz: gt=207.6523 pred=480.0 ❌
    [ 180/252] piano       lowpass_at_f0  F4  | midi: gt=65 pred=65 ✅  | spn: gt=F4 pred=C6 ❌  | doremi: gt=fa pred=fa# ❌  | hz: gt=349.2282 pred=450.0 ❌
    [ 181/252] piano       lowpass_at_f0  D5  | midi: gt=74 pred=68 ❌  | spn: gt=D5 pred=C6 ❌  | doremi: gt=re pred=sol ❌  | hz: gt=587.3295 pred=1054.87 ❌
    [ 182/252] piano       lowpass_at_f0  B5  | midi: gt=83 pred=83 ✅  | spn: gt=B5 pred=C6 ❌  | doremi: gt=si pred=sol ❌  | hz: gt=987.7666 pred=1034.56 ❌
    [ 183/252] piano       bitcrush_4bit  F1  | midi: gt=29 pred=64 ❌  | spn: gt=F1 pred=C6 ❌  | doremi: gt=fa pred=fa# ❌  | hz: gt=43.6535 pred=415.38 ❌
    [ 184/252] piano       bitcrush_4bit  D2  | midi: gt=38 pred=64 ❌  | spn: gt=D2 pred=C6 ❌  | doremi: gt=re pred=fa# ❌  | hz: gt=73.4162 pred=480.0 ❌
    [ 185/252] piano       bitcrush_4bit  B2  | midi: gt=47 pred=64 ❌  | spn: gt=B2 pred=C6 ❌  | doremi: gt=si pred=fa# ❌  | hz: gt=123.4708 pred=415.38 ❌
    [ 186/252] piano       bitcrush_4bit  G#3  | midi: gt=56 pred=63 ❌  | spn: gt=G#3 pred=C6 ❌  | doremi: gt=sol# pred=fa# ❌  | hz: gt=207.6523 pred=480.0 ❌
    [ 187/252] piano       bitcrush_4bit  F4  | midi: gt=65 pred=65 ✅  | spn: gt=F4 pred=C6 ❌  | doremi: gt=fa pred=fa# ❌  | hz: gt=349.2282 pred=493.88 ❌
    [ 188/252] piano       bitcrush_4bit  D5  | midi: gt=74 pred=64 ❌  | spn: gt=D5 pred=C6 ❌  | doremi: gt=re pred=sol ❌  | hz: gt=587.3295 pred=480.0 ❌
    [ 189/252] piano       bitcrush_4bit  B5  | midi: gt=83 pred=63 ❌  | spn: gt=B5 pred=C6 ❌  | doremi: gt=si pred=sol ❌  | hz: gt=987.7666 pred=1034.52 ❌
    [ 190/252] piano       distortion_heavy  F1  | midi: gt=29 pred=64 ❌  | spn: gt=F1 pred=C6 ❌  | doremi: gt=fa pred=fa# ❌  | hz: gt=43.6535 pred=415.38 ❌
    [ 191/252] piano       distortion_heavy  D2  | midi: gt=38 pred=64 ❌  | spn: gt=D2 pred=C6 ❌  | doremi: gt=re pred=fa# ❌  | hz: gt=73.4162 pred=480.0 ❌
    [ 192/252] piano       distortion_heavy  B2  | midi: gt=47 pred=63 ❌  | spn: gt=B2 pred=A#6 ❌  | doremi: gt=si pred=fa# ❌  | hz: gt=123.4708 pred=1054.87 ❌
    [ 193/252] piano       distortion_heavy  G#3  | midi: gt=56 pred=65 ❌  | spn: gt=G#3 pred=C6 ❌  | doremi: gt=sol# pred=fa# ❌  | hz: gt=207.6523 pred=480.0 ❌
    [ 194/252] piano       distortion_heavy  F4  | midi: gt=65 pred=65 ✅  | spn: gt=F4 pred=C6 ❌  | doremi: gt=fa pred=fa# ❌  | hz: gt=349.2282 pred=480.0 ❌
    [ 195/252] piano       distortion_heavy  D5  | midi: gt=74 pred=69 ❌  | spn: gt=D5 pred=C6 ❌  | doremi: gt=re pred=fa# ❌  | hz: gt=587.3295 pred=1058.47 ❌
    [ 196/252] piano       distortion_heavy  B5  | midi: gt=83 pred=68 ❌  | spn: gt=B5 pred=C6 ❌  | doremi: gt=si pred=sol ❌  | hz: gt=987.7666 pred=1034.58 ❌
    [ 197/252] piano       reverb_long   F1  | midi: gt=29 pred=64 ❌  | spn: gt=F1 pred=C6 ❌  | doremi: gt=fa pred=sol# ❌  | hz: gt=43.6535 pred=435.0 ❌
    [ 198/252] piano       reverb_long   D2  | midi: gt=38 pred=63 ❌  | spn: gt=D2 pred=C6 ❌  | doremi: gt=re pred=fa# ❌  | hz: gt=73.4162 pred=460.0 ❌
    [ 199/252] piano       reverb_long   G#3  | midi: gt=56 pred=63 ❌  | spn: gt=G#3 pred=C6 ❌  | doremi: gt=sol# pred=fa# ❌  | hz: gt=207.6523 pred=450.0 ❌
    [ 200/252] piano       reverb_long   B2  | midi: gt=47 pred=63 ❌  | spn: gt=B2 pred=C6 ❌  | doremi: gt=si pred=fa# ❌  | hz: gt=123.4708 pred=493.88 ❌
    [ 201/252] piano       reverb_long   F4  | midi: gt=65 pred=69 ❌  | spn: gt=F4 pred=C6 ❌  | doremi: gt=fa pred=sol# ❌  | hz: gt=349.2282 pred=460.0 ❌
    [ 202/252] piano       reverb_long   D5  | midi: gt=74 pred=69 ❌  | spn: gt=D5 pred=C6 ❌  | doremi: gt=re pred=sol# ❌  | hz: gt=587.3295 pred=460.0 ❌
    [ 203/252] piano       chorus_heavy  F1  | midi: gt=29 pred=64 ❌  | spn: gt=F1 pred=C6 ❌  | doremi: gt=fa pred=sol# ❌  | hz: gt=43.6535 pred=460.0 ❌
    [ 204/252] piano       reverb_long   B5  | midi: gt=83 pred=63 ❌  | spn: gt=B5 pred=C6 ❌  | doremi: gt=si pred=sol# ❌  | hz: gt=987.7666 pred=460.0 ❌
    [ 205/252] piano       chorus_heavy  D2  | midi: gt=38 pred=65 ❌  | spn: gt=D2 pred=C6 ❌  | doremi: gt=re pred=sol# ❌  | hz: gt=73.4162 pred=480.0 ❌
    [ 206/252] piano       chorus_heavy  B2  | midi: gt=47 pred=63 ❌  | spn: gt=B2 pred=C6 ❌  | doremi: gt=si pred=sol# ❌  | hz: gt=123.4708 pred=460.0 ❌
    [ 207/252] piano       chorus_heavy  G#3  | midi: gt=56 pred=63 ❌  | spn: gt=G#3 pred=C6 ❌  | doremi: gt=sol# pred=sol# ✅  | hz: gt=207.6523 pred=460.0 ❌
    [ 208/252] piano       chorus_heavy  F4  | midi: gt=65 pred=65 ✅  | spn: gt=F4 pred=C6 ❌  | doremi: gt=fa pred=sol ❌  | hz: gt=349.2282 pred=460.0 ❌
    [ 209/252] piano       chorus_heavy  D5  | midi: gt=74 pred=69 ❌  | spn: gt=D5 pred=C6 ❌  | doremi: gt=re pred=sol ❌  | hz: gt=587.3295 pred=493.88 ❌
    [ 210/252] piano       chorus_heavy  B5  | midi: gt=83 pred=68 ❌  | spn: gt=B5 pred=C6 ❌  | doremi: gt=si pred=sol# ❌  | hz: gt=987.7666 pred=493.88 ❌
    [ 211/252] voice       highpass_above_f0  D2  | midi: gt=38 pred=63 ❌  | spn: gt=D2 pred=C6 ❌  | doremi: gt=re pred=sol ❌  | hz: gt=73.4162 pred=480.0 ❌
    [ 212/252] voice       highpass_above_f0  F1  | midi: gt=29 pred=63 ❌  | spn: gt=F1 pred=C6 ❌  | doremi: gt=fa pred=fa# ❌  | hz: gt=43.6535 pred=415.3 ❌
    [ 213/252] voice       highpass_above_f0  B2  | midi: gt=47 pred=63 ❌  | spn: gt=B2 pred=C4 ❌  | doremi: gt=si pred=fa# ❌  | hz: gt=123.4708 pred=460.0 ❌
    [ 214/252] voice       highpass_above_f0  G#3  | midi: gt=56 pred=68 ❌  | spn: gt=G#3 pred=C4 ❌  | doremi: gt=sol# pred=sol ❌  | hz: gt=207.6523 pred=436.5 ❌
    [ 215/252] voice       highpass_above_f0  F4  | midi: gt=65 pred=65 ✅  | spn: gt=F4 pred=C6 ❌  | doremi: gt=fa pred=sol ❌  | hz: gt=349.2282 pred=659.34 ❌
    [ 216/252] voice       highpass_above_f0  D5  | midi: gt=74 pred=86 ❌  | spn: gt=D5 pred=C6 ❌  | doremi: gt=re pred=sol ❌  | hz: gt=587.3295 pred=840.0 ❌
    [ 217/252] voice       lowpass_at_f0  F1  | midi: gt=29 pred=35 ❌  | spn: gt=F1 pred=C2 ❌  | doremi: gt=fa pred=fa# ❌  | hz: gt=43.6535 pred=25.0 ❌
    [ 218/252] voice       highpass_above_f0  B5  | midi: gt=83 pred=83 ✅  | spn: gt=B5 pred=C6 ❌  | doremi: gt=si pred=sol# ❌  | hz: gt=987.7666 pred=1034.57 ❌
    [ 219/252] voice       lowpass_at_f0  D2  | midi: gt=38 pred=43 ❌  | spn: gt=D2 pred=C2 ❌  | doremi: gt=re pred=fa# ❌  | hz: gt=73.4162 pred=105.26 ❌
    [ 220/252] voice       lowpass_at_f0  B2  | midi: gt=47 pred=34 ❌  | spn: gt=B2 pred=A#2 ❌  | doremi: gt=si pred=fa# ❌  | hz: gt=123.4708 pred=105.26 ❌
    [ 221/252] voice       lowpass_at_f0  F4  | midi: gt=65 pred=64 ❌  | spn: gt=F4 pred=C6 ❌  | doremi: gt=fa pred=sol ❌  | hz: gt=349.2282 pred=1667.0 ❌
    [ 222/252] voice       lowpass_at_f0  G#3  | midi: gt=56 pred=45 ❌  | spn: gt=G#3 pred=C4 ❌  | doremi: gt=sol# pred=fa# ❌  | hz: gt=207.6523 pred=105.26 ❌
    [ 223/252] voice       lowpass_at_f0  B5  | midi: gt=83 pred=84 ❌  | spn: gt=B5 pred=C6 ❌  | doremi: gt=si pred=fa# ❌  | hz: gt=987.7666 pred=1034.52 ❌
    [ 224/252] voice       lowpass_at_f0  D5  | midi: gt=74 pred=63 ❌  | spn: gt=D5 pred=C6 ❌  | doremi: gt=re pred=sol ❌  | hz: gt=587.3295 pred=1034.52 ❌
    [ 225/252] voice       bitcrush_4bit  D2  | midi: gt=38 pred=64 ❌  | spn: gt=D2 pred=C6 ❌  | doremi: gt=re pred=fa# ❌  | hz: gt=73.4162 pred=415.3 ❌
    [ 226/252] voice       bitcrush_4bit  F1  | midi: gt=29 pred=64 ❌  | spn: gt=F1 pred=C6 ❌  | doremi: gt=fa pred=fa# ❌  | hz: gt=43.6535 pred=1052.63 ❌
    [ 227/252] voice       bitcrush_4bit  B2  | midi: gt=47 pred=69 ❌  | spn: gt=B2 pred=C6 ❌  | doremi: gt=si pred=sol ❌  | hz: gt=123.4708 pred=415.3 ❌
    [ 228/252] voice       bitcrush_4bit  G#3  | midi: gt=56 pred=69 ❌  | spn: gt=G#3 pred=C6 ❌  | doremi: gt=sol# pred=sol ❌  | hz: gt=207.6523 pred=436.5 ❌
    [ 229/252] voice       bitcrush_4bit  F4  | midi: gt=65 pred=69 ❌  | spn: gt=F4 pred=C6 ❌  | doremi: gt=fa pred=sol# ❌  | hz: gt=349.2282 pred=450.0 ❌
    [ 230/252] voice       bitcrush_4bit  D5  | midi: gt=74 pred=69 ❌  | spn: gt=D5 pred=C6 ❌  | doremi: gt=re pred=fa# ❌  | hz: gt=587.3295 pred=415.38 ❌
    [ 231/252] voice       bitcrush_4bit  B5  | midi: gt=83 pred=68 ❌  | spn: gt=B5 pred=C6 ❌  | doremi: gt=si pred=sol# ❌  | hz: gt=987.7666 pred=1046.53 ❌
    [ 232/252] voice       distortion_heavy  F1  | midi: gt=29 pred=63 ❌  | spn: gt=F1 pred=C6 ❌  | doremi: gt=fa pred=fa# ❌  | hz: gt=43.6535 pred=1052.63 ❌
    [ 233/252] voice       distortion_heavy  D2  | midi: gt=38 pred=64 ❌  | spn: gt=D2 pred=C6 ❌  | doremi: gt=re pred=fa# ❌  | hz: gt=73.4162 pred=415.38 ❌
    [ 234/252] voice       distortion_heavy  B2  | midi: gt=47 pred=69 ❌  | spn: gt=B2 pred=C6 ❌  | doremi: gt=si pred=fa# ❌  | hz: gt=123.4708 pred=415.38 ❌
    [ 235/252] voice       distortion_heavy  G#3  | midi: gt=56 pred=69 ❌  | spn: gt=G#3 pred=C6 ❌  | doremi: gt=sol# pred=fa# ❌  | hz: gt=207.6523 pred=1058.43 ❌
    [ 236/252] voice       distortion_heavy  F4  | midi: gt=65 pred=64 ❌  | spn: gt=F4 pred=E6 ❌  | doremi: gt=fa pred=sol# ❌  | hz: gt=349.2282 pred=460.0 ❌
    [ 237/252] voice       distortion_heavy  D5  | midi: gt=74 pred=69 ❌  | spn: gt=D5 pred=D6 ❌  | doremi: gt=re pred=sol ❌  | hz: gt=587.3295 pred=1046.53 ❌
    [ 238/252] voice       distortion_heavy  B5  | midi: gt=83 pred=84 ❌  | spn: gt=B5 pred=B6 ❌  | doremi: gt=si pred=sol# ❌  | hz: gt=987.7666 pred=1046.57 ❌
    [ 239/252] voice       reverb_long   F1  | midi: gt=29 pred=63 ❌  | spn: gt=F1 pred=C6 ❌  | doremi: gt=fa pred=fa# ❌  | hz: gt=43.6535 pred=480.0 ❌
    [ 240/252] voice       reverb_long   D2  | midi: gt=38 pred=63 ❌  | spn: gt=D2 pred=C6 ❌  | doremi: gt=re pred=sol ❌  | hz: gt=73.4162 pred=480.0 ❌
    [ 241/252] voice       reverb_long   G#3  | midi: gt=56 pred=69 ❌  | spn: gt=G#3 pred=C4 ❌  | doremi: gt=sol# pred=sol ❌  | hz: gt=207.6523 pred=450.0 ❌
    [ 242/252] voice       reverb_long   B2  | midi: gt=47 pred=63 ❌  | spn: gt=B2 pred=C6 ❌  | doremi: gt=si pred=fa# ❌  | hz: gt=123.4708 pred=480.0 ❌
    [ 243/252] voice       reverb_long   D5  | midi: gt=74 pred=62 ❌  | spn: gt=D5 pred=C6 ❌  | doremi: gt=re pred=sol# ❌  | hz: gt=587.3295 pred=625.0 ❌
    [ 244/252] voice       reverb_long   F4  | midi: gt=65 pred=65 ✅  | spn: gt=F4 pred=E4 ❌  | doremi: gt=fa pred=sol ❌  | hz: gt=349.2282 pred=659.34 ❌
    [ 245/252] voice       reverb_long   B5  | midi: gt=83 pred=83 ✅  | spn: gt=B5 pred=C6 ❌  | doremi: gt=si pred=sol# ❌  | hz: gt=987.7666 pred=8250.0 ❌
    [ 246/252] voice       chorus_heavy  F1  | midi: gt=29 pred=63 ❌  | spn: gt=F1 pred=C6 ❌  | doremi: gt=fa pred=fa# ❌  | hz: gt=43.6535 pred=415.3 ❌
    [ 247/252] voice       chorus_heavy  D2  | midi: gt=38 pred=65 ❌  | spn: gt=D2 pred=C6 ❌  | doremi: gt=re pred=fa# ❌  | hz: gt=73.4162 pred=480.0 ❌
    [ 248/252] voice       chorus_heavy  B2  | midi: gt=47 pred=65 ❌  | spn: gt=B2 pred=C6 ❌  | doremi: gt=si pred=fa# ❌  | hz: gt=123.4708 pred=415.38 ❌
    [ 249/252] voice       chorus_heavy  G#3  | midi: gt=56 pred=65 ❌  | spn: gt=G#3 pred=C6 ❌  | doremi: gt=sol# pred=sol ❌  | hz: gt=207.6523 pred=480.0 ❌
    [ 250/252] voice       chorus_heavy  F4  | midi: gt=65 pred=65 ✅  | spn: gt=F4 pred=C6 ❌  | doremi: gt=fa pred=sol ❌  | hz: gt=349.2282 pred=415.38 ❌
    [ 251/252] voice       chorus_heavy  D5  | midi: gt=74 pred=69 ❌  | spn: gt=D5 pred=C6 ❌  | doremi: gt=re pred=sol# ❌  | hz: gt=587.3295 pred=480.0 ❌
    [ 252/252] voice       chorus_heavy  B5  | midi: gt=83 pred=69 ❌  | spn: gt=B5 pred=C6 ❌  | doremi: gt=si pred=sol# ❌  | hz: gt=987.7666 pred=4156.38 ❌

============================================================
SUMMARY — audio_flamingo_next_instruct
  Sampling     : none (full set of 252)
  Stimuli (total)     : 252
  Stimuli (condition) : 252  (all records)

  Format   Accuracy
  ──────────────────
    MIDI      16.3%
     SPN       0.0%
  DOREMI       2.4%
      HZ       0.4%
     ANY      16.3%

  *** WARNING: working tree has uncommitted changes — results will NOT be exactly reproducible from git_commit alone ***


Results saved → results/analysis/run_20260506_193058/pitchbench_e1_audio_effects/run_001_20260506_195859/results_audio_flamingo_next_instruct.*

############################################################
# pitchbench_e2_background
############################################################

Experiment : pitchbench_e2_background
Models     : audio_flamingo_next_instruct
Stimuli    : 252
  Sampling     : none (full set of 252)

  Model : Audio Flamingo Next – instruct
    [dispatch] 252 items, max_workers=2
    [   1/252] F1   sine     bg= church-bells snr=   -6dB  | midi: gt=29 pred=64 ❌  | spn: gt=F1 pred=C6 ❌  | doremi: gt=fa pred=sol ❌  | hz: gt=43.6535 pred=1050.0 ❌
    [   2/252] F1   sine     bg=  white_noise snr=   -6dB  | midi: gt=29 pred=64 ❌  | spn: gt=F1 pred=C6 ❌  | doremi: gt=fa pred=fa# ❌  | hz: gt=43.6535 pred=1050.0 ❌
    [   3/252] F1   sine     bg=         rain snr=   -6dB  | midi: gt=29 pred=64 ❌  | spn: gt=F1 pred=C6 ❌  | doremi: gt=fa pred=sol ❌  | hz: gt=43.6535 pred=480.0 ❌
    [   4/252] F1   sine     bg=  crowd-noise snr=   -6dB  | midi: gt=29 pred=64 ❌  | spn: gt=F1 pred=C6 ❌  | doremi: gt=fa pred=sol ❌  | hz: gt=43.6535 pred=415.32 ❌
    [   5/252] F1   sine     bg= street-noise snr=   -6dB  | midi: gt=29 pred=64 ❌  | spn: gt=F1 pred=C6 ❌  | doremi: gt=fa pred=sol ❌  | hz: gt=43.6535 pred=415.0 ❌
    [   6/252] F1   sine     bg=oscillating-high-and-low-pitches snr=   -6dB  | midi: gt=29 pred=63 ❌  | spn: gt=F1 pred=C6 ❌  | doremi: gt=fa pred=fa# ❌  | hz: gt=43.6535 pred=1058.47 ❌
    [   7/252] D2   sine     bg=  white_noise snr=   -6dB  | midi: gt=38 pred=64 ❌  | spn: gt=D2 pred=C6 ❌  | doremi: gt=re pred=fa# ❌  | hz: gt=73.4162 pred=1050.0 ❌
    [   8/252] D2   sine     bg= church-bells snr=   -6dB  | midi: gt=38 pred=64 ❌  | spn: gt=D2 pred=C6 ❌  | doremi: gt=re pred=sol ❌  | hz: gt=73.4162 pred=1050.0 ❌
    [   9/252] D2   sine     bg=  crowd-noise snr=   -6dB  | midi: gt=38 pred=64 ❌  | spn: gt=D2 pred=C6 ❌  | doremi: gt=re pred=sol ❌  | hz: gt=73.4162 pred=415.0 ❌
    [  10/252] D2   sine     bg=         rain snr=   -6dB  | midi: gt=38 pred=64 ❌  | spn: gt=D2 pred=C6 ❌  | doremi: gt=re pred=sol ❌  | hz: gt=73.4162 pred=480.0 ❌
    [  11/252] D2   sine     bg= street-noise snr=   -6dB  | midi: gt=38 pred=64 ❌  | spn: gt=D2 pred=C6 ❌  | doremi: gt=re pred=sol ❌  | hz: gt=73.4162 pred=415.0 ❌
    [  12/252] D2   sine     bg=oscillating-high-and-low-pitches snr=   -6dB  | midi: gt=38 pred=63 ❌  | spn: gt=D2 pred=C6 ❌  | doremi: gt=re pred=fa# ❌  | hz: gt=73.4162 pred=1058.47 ❌
    [  13/252] B2   sine     bg=  white_noise snr=   -6dB  | midi: gt=47 pred=64 ❌  | spn: gt=B2 pred=C6 ❌  | doremi: gt=si pred=fa# ❌  | hz: gt=123.4708 pred=1050.0 ❌
    [  14/252] B2   sine     bg= church-bells snr=   -6dB  | midi: gt=47 pred=64 ❌  | spn: gt=B2 pred=C6 ❌  | doremi: gt=si pred=sol ❌  | hz: gt=123.4708 pred=1050.0 ❌
    [  15/252] B2   sine     bg=  crowd-noise snr=   -6dB  | midi: gt=47 pred=64 ❌  | spn: gt=B2 pred=C6 ❌  | doremi: gt=si pred=sol ❌  | hz: gt=123.4708 pred=415.0 ❌
    [  16/252] B2   sine     bg=         rain snr=   -6dB  | midi: gt=47 pred=64 ❌  | spn: gt=B2 pred=C6 ❌  | doremi: gt=si pred=sol ❌  | hz: gt=123.4708 pred=480.0 ❌
    [  17/252] B2   sine     bg= street-noise snr=   -6dB  | midi: gt=47 pred=64 ❌  | spn: gt=B2 pred=C6 ❌  | doremi: gt=si pred=sol ❌  | hz: gt=123.4708 pred=415.0 ❌
    [  18/252] B2   sine     bg=oscillating-high-and-low-pitches snr=   -6dB  | midi: gt=47 pred=63 ❌  | spn: gt=B2 pred=C6 ❌  | doremi: gt=si pred=fa# ❌  | hz: gt=123.4708 pred=1058.47 ❌
    [  19/252] G#3  sine     bg=  white_noise snr=   -6dB  | midi: gt=56 pred=64 ❌  | spn: gt=G#3 pred=C6 ❌  | doremi: gt=sol# pred=fa# ❌  | hz: gt=207.6523 pred=1050.0 ❌
    [  20/252] G#3  sine     bg= church-bells snr=   -6dB  | midi: gt=56 pred=64 ❌  | spn: gt=G#3 pred=C6 ❌  | doremi: gt=sol# pred=sol ❌  | hz: gt=207.6523 pred=1050.0 ❌
    [  21/252] G#3  sine     bg=  crowd-noise snr=   -6dB  | midi: gt=56 pred=64 ❌  | spn: gt=G#3 pred=C6 ❌  | doremi: gt=sol# pred=sol ❌  | hz: gt=207.6523 pred=415.0 ❌
    [  22/252] G#3  sine     bg=         rain snr=   -6dB  | midi: gt=56 pred=64 ❌  | spn: gt=G#3 pred=C6 ❌  | doremi: gt=sol# pred=sol ❌  | hz: gt=207.6523 pred=480.0 ❌
    [  23/252] G#3  sine     bg= street-noise snr=   -6dB  | midi: gt=56 pred=64 ❌  | spn: gt=G#3 pred=C6 ❌  | doremi: gt=sol# pred=sol ❌  | hz: gt=207.6523 pred=415.0 ❌
    [  24/252] G#3  sine     bg=oscillating-high-and-low-pitches snr=   -6dB  | midi: gt=56 pred=63 ❌  | spn: gt=G#3 pred=C6 ❌  | doremi: gt=sol# pred=fa# ❌  | hz: gt=207.6523 pred=1058.47 ❌
    [  25/252] F4   sine     bg=  white_noise snr=   -6dB  | midi: gt=65 pred=64 ❌  | spn: gt=F4 pred=C6 ❌  | doremi: gt=fa pred=fa# ❌  | hz: gt=349.2282 pred=1050.0 ❌
    [  26/252] F4   sine     bg= church-bells snr=   -6dB  | midi: gt=65 pred=65 ✅  | spn: gt=F4 pred=C6 ❌  | doremi: gt=fa pred=sol ❌  | hz: gt=349.2282 pred=1050.0 ❌
    [  27/252] F4   sine     bg=         rain snr=   -6dB  | midi: gt=65 pred=64 ❌  | spn: gt=F4 pred=C6 ❌  | doremi: gt=fa pred=sol ❌  | hz: gt=349.2282 pred=480.0 ❌
    [  28/252] F4   sine     bg=  crowd-noise snr=   -6dB  | midi: gt=65 pred=64 ❌  | spn: gt=F4 pred=C6 ❌  | doremi: gt=fa pred=sol ❌  | hz: gt=349.2282 pred=415.0 ❌
    [  29/252] F4   sine     bg= street-noise snr=   -6dB  | midi: gt=65 pred=64 ❌  | spn: gt=F4 pred=C6 ❌  | doremi: gt=fa pred=sol ❌  | hz: gt=349.2282 pred=415.0 ❌
    [  30/252] F4   sine     bg=oscillating-high-and-low-pitches snr=   -6dB  | midi: gt=65 pred=63 ❌  | spn: gt=F4 pred=C6 ❌  | doremi: gt=fa pred=fa# ❌  | hz: gt=349.2282 pred=1058.47 ❌
    [  31/252] D5   sine     bg=  white_noise snr=   -6dB  | midi: gt=74 pred=64 ❌  | spn: gt=D5 pred=C6 ❌  | doremi: gt=re pred=fa# ❌  | hz: gt=587.3295 pred=1050.0 ❌
    [  32/252] D5   sine     bg= church-bells snr=   -6dB  | midi: gt=74 pred=64 ❌  | spn: gt=D5 pred=C6 ❌  | doremi: gt=re pred=sol ❌  | hz: gt=587.3295 pred=1050.0 ❌
    [  33/252] D5   sine     bg=  crowd-noise snr=   -6dB  | midi: gt=74 pred=64 ❌  | spn: gt=D5 pred=C6 ❌  | doremi: gt=re pred=sol ❌  | hz: gt=587.3295 pred=415.0 ❌
    [  34/252] D5   sine     bg=         rain snr=   -6dB  | midi: gt=74 pred=64 ❌  | spn: gt=D5 pred=C6 ❌  | doremi: gt=re pred=sol ❌  | hz: gt=587.3295 pred=480.0 ❌
    [  35/252] D5   sine     bg= street-noise snr=   -6dB  | midi: gt=74 pred=64 ❌  | spn: gt=D5 pred=C6 ❌  | doremi: gt=re pred=sol ❌  | hz: gt=587.3295 pred=415.0 ❌
    [  36/252] D5   sine     bg=oscillating-high-and-low-pitches snr=   -6dB  | midi: gt=74 pred=63 ❌  | spn: gt=D5 pred=C6 ❌  | doremi: gt=re pred=fa# ❌  | hz: gt=587.3295 pred=1058.47 ❌
    [  37/252] B5   sine     bg=  white_noise snr=   -6dB  | midi: gt=83 pred=64 ❌  | spn: gt=B5 pred=C6 ❌  | doremi: gt=si pred=fa# ❌  | hz: gt=987.7666 pred=1050.0 ❌
    [  38/252] B5   sine     bg= church-bells snr=   -6dB  | midi: gt=83 pred=64 ❌  | spn: gt=B5 pred=C6 ❌  | doremi: gt=si pred=sol ❌  | hz: gt=987.7666 pred=1050.0 ❌
    [  39/252] B5   sine     bg=  crowd-noise snr=   -6dB  | midi: gt=83 pred=64 ❌  | spn: gt=B5 pred=C6 ❌  | doremi: gt=si pred=sol ❌  | hz: gt=987.7666 pred=415.306 ❌
    [  40/252] B5   sine     bg=         rain snr=   -6dB  | midi: gt=83 pred=64 ❌  | spn: gt=B5 pred=C6 ❌  | doremi: gt=si pred=sol ❌  | hz: gt=987.7666 pred=480.0 ❌
    [  41/252] B5   sine     bg= street-noise snr=   -6dB  | midi: gt=83 pred=64 ❌  | spn: gt=B5 pred=C6 ❌  | doremi: gt=si pred=sol ❌  | hz: gt=987.7666 pred=415.32 ❌
    [  42/252] B5   sine     bg=oscillating-high-and-low-pitches snr=   -6dB  | midi: gt=83 pred=64 ❌  | spn: gt=B5 pred=C6 ❌  | doremi: gt=si pred=fa# ❌  | hz: gt=987.7666 pred=1058.47 ❌
    [  43/252] F1   synth_lead bg=  white_noise snr=   -6dB  | midi: gt=29 pred=64 ❌  | spn: gt=F1 pred=C6 ❌  | doremi: gt=fa pred=fa# ❌  | hz: gt=43.6535 pred=1050.0 ❌
    [  44/252] F1   synth_lead bg= church-bells snr=   -6dB  | midi: gt=29 pred=64 ❌  | spn: gt=F1 pred=C6 ❌  | doremi: gt=fa pred=sol ❌  | hz: gt=43.6535 pred=1050.0 ❌
    [  45/252] F1   synth_lead bg=         rain snr=   -6dB  | midi: gt=29 pred=64 ❌  | spn: gt=F1 pred=C6 ❌  | doremi: gt=fa pred=sol ❌  | hz: gt=43.6535 pred=480.0 ❌
    [  46/252] F1   synth_lead bg=  crowd-noise snr=   -6dB  | midi: gt=29 pred=64 ❌  | spn: gt=F1 pred=C6 ❌  | doremi: gt=fa pred=sol ❌  | hz: gt=43.6535 pred=415.32 ❌
    [  47/252] F1   synth_lead bg= street-noise snr=   -6dB  | midi: gt=29 pred=64 ❌  | spn: gt=F1 pred=C6 ❌  | doremi: gt=fa pred=sol ❌  | hz: gt=43.6535 pred=415.0 ❌
    [  48/252] F1   synth_lead bg=oscillating-high-and-low-pitches snr=   -6dB  | midi: gt=29 pred=63 ❌  | spn: gt=F1 pred=C6 ❌  | doremi: gt=fa pred=fa# ❌  | hz: gt=43.6535 pred=1058.47 ❌
    [  49/252] D2   synth_lead bg=  white_noise snr=   -6dB  | midi: gt=38 pred=64 ❌  | spn: gt=D2 pred=C6 ❌  | doremi: gt=re pred=fa# ❌  | hz: gt=73.4162 pred=1050.0 ❌
    [  50/252] D2   synth_lead bg= church-bells snr=   -6dB  | midi: gt=38 pred=64 ❌  | spn: gt=D2 pred=C6 ❌  | doremi: gt=re pred=sol ❌  | hz: gt=73.4162 pred=1050.0 ❌
    [  51/252] D2   synth_lead bg=  crowd-noise snr=   -6dB  | midi: gt=38 pred=64 ❌  | spn: gt=D2 pred=C6 ❌  | doremi: gt=re pred=sol ❌  | hz: gt=73.4162 pred=415.3 ❌
    [  52/252] D2   synth_lead bg=         rain snr=   -6dB  | midi: gt=38 pred=64 ❌  | spn: gt=D2 pred=C6 ❌  | doremi: gt=re pred=sol ❌  | hz: gt=73.4162 pred=415.306 ❌
    [  53/252] D2   synth_lead bg= street-noise snr=   -6dB  | midi: gt=38 pred=64 ❌  | spn: gt=D2 pred=C6 ❌  | doremi: gt=re pred=sol ❌  | hz: gt=73.4162 pred=415.0 ❌
    [  54/252] D2   synth_lead bg=oscillating-high-and-low-pitches snr=   -6dB  | midi: gt=38 pred=63 ❌  | spn: gt=D2 pred=C6 ❌  | doremi: gt=re pred=fa# ❌  | hz: gt=73.4162 pred=1058.47 ❌
    [  55/252] B2   synth_lead bg=  white_noise snr=   -6dB  | midi: gt=47 pred=69 ❌  | spn: gt=B2 pred=C6 ❌  | doremi: gt=si pred=fa# ❌  | hz: gt=123.4708 pred=1050.0 ❌
    [  56/252] B2   synth_lead bg= church-bells snr=   -6dB  | midi: gt=47 pred=64 ❌  | spn: gt=B2 pred=C6 ❌  | doremi: gt=si pred=sol ❌  | hz: gt=123.4708 pred=1050.0 ❌
    [  57/252] B2   synth_lead bg=  crowd-noise snr=   -6dB  | midi: gt=47 pred=64 ❌  | spn: gt=B2 pred=C6 ❌  | doremi: gt=si pred=sol ❌  | hz: gt=123.4708 pred=415.0 ❌
    [  58/252] B2   synth_lead bg=         rain snr=   -6dB  | midi: gt=47 pred=64 ❌  | spn: gt=B2 pred=C6 ❌  | doremi: gt=si pred=sol ❌  | hz: gt=123.4708 pred=480.0 ❌
    [  59/252] B2   synth_lead bg= street-noise snr=   -6dB  | midi: gt=47 pred=64 ❌  | spn: gt=B2 pred=C6 ❌  | doremi: gt=si pred=sol ❌  | hz: gt=123.4708 pred=415.0 ❌
    [  60/252] B2   synth_lead bg=oscillating-high-and-low-pitches snr=   -6dB  | midi: gt=47 pred=63 ❌  | spn: gt=B2 pred=C6 ❌  | doremi: gt=si pred=fa# ❌  | hz: gt=123.4708 pred=1058.43 ❌
    [  61/252] G#3  synth_lead bg=  white_noise snr=   -6dB  | midi: gt=56 pred=64 ❌  | spn: gt=G#3 pred=C6 ❌  | doremi: gt=sol# pred=fa# ❌  | hz: gt=207.6523 pred=1050.0 ❌
    [  62/252] G#3  synth_lead bg= church-bells snr=   -6dB  | midi: gt=56 pred=64 ❌  | spn: gt=G#3 pred=C6 ❌  | doremi: gt=sol# pred=sol ❌  | hz: gt=207.6523 pred=1050.0 ❌
    [  63/252] G#3  synth_lead bg=  crowd-noise snr=   -6dB  | midi: gt=56 pred=64 ❌  | spn: gt=G#3 pred=C6 ❌  | doremi: gt=sol# pred=sol ❌  | hz: gt=207.6523 pred=415.0 ❌
    [  64/252] G#3  synth_lead bg=         rain snr=   -6dB  | midi: gt=56 pred=64 ❌  | spn: gt=G#3 pred=C6 ❌  | doremi: gt=sol# pred=sol ❌  | hz: gt=207.6523 pred=480.0 ❌
    [  65/252] G#3  synth_lead bg= street-noise snr=   -6dB  | midi: gt=56 pred=64 ❌  | spn: gt=G#3 pred=C6 ❌  | doremi: gt=sol# pred=sol ❌  | hz: gt=207.6523 pred=415.32 ❌
    [  66/252] G#3  synth_lead bg=oscillating-high-and-low-pitches snr=   -6dB  | midi: gt=56 pred=63 ❌  | spn: gt=G#3 pred=C6 ❌  | doremi: gt=sol# pred=fa# ❌  | hz: gt=207.6523 pred=1058.47 ❌
    [  67/252] F4   synth_lead bg=  white_noise snr=   -6dB  | midi: gt=65 pred=64 ❌  | spn: gt=F4 pred=C6 ❌  | doremi: gt=fa pred=fa# ❌  | hz: gt=349.2282 pred=1050.0 ❌
    [  68/252] F4   synth_lead bg= church-bells snr=   -6dB  | midi: gt=65 pred=64 ❌  | spn: gt=F4 pred=C6 ❌  | doremi: gt=fa pred=sol ❌  | hz: gt=349.2282 pred=450.0 ❌
    [  69/252] F4   synth_lead bg=  crowd-noise snr=   -6dB  | midi: gt=65 pred=65 ✅  | spn: gt=F4 pred=C6 ❌  | doremi: gt=fa pred=fa# ❌  | hz: gt=349.2282 pred=450.0 ❌
    [  70/252] F4   synth_lead bg=         rain snr=   -6dB  | midi: gt=65 pred=64 ❌  | spn: gt=F4 pred=C6 ❌  | doremi: gt=fa pred=sol ❌  | hz: gt=349.2282 pred=415.306 ❌
    [  71/252] F4   synth_lead bg= street-noise snr=   -6dB  | midi: gt=65 pred=64 ❌  | spn: gt=F4 pred=C6 ❌  | doremi: gt=fa pred=sol ❌  | hz: gt=349.2282 pred=415.0 ❌
    [  72/252] F4   synth_lead bg=oscillating-high-and-low-pitches snr=   -6dB  | midi: gt=65 pred=64 ❌  | spn: gt=F4 pred=C6 ❌  | doremi: gt=fa pred=fa# ❌  | hz: gt=349.2282 pred=480.0 ❌
    [  73/252] D5   synth_lead bg=  white_noise snr=   -6dB  | midi: gt=74 pred=64 ❌  | spn: gt=D5 pred=C6 ❌  | doremi: gt=re pred=fa# ❌  | hz: gt=587.3295 pred=1050.0 ❌
    [  74/252] D5   synth_lead bg= church-bells snr=   -6dB  | midi: gt=74 pred=64 ❌  | spn: gt=D5 pred=C6 ❌  | doremi: gt=re pred=sol ❌  | hz: gt=587.3295 pred=1050.0 ❌
    [  75/252] D5   synth_lead bg=  crowd-noise snr=   -6dB  | midi: gt=74 pred=64 ❌  | spn: gt=D5 pred=C6 ❌  | doremi: gt=re pred=sol ❌  | hz: gt=587.3295 pred=1765.0 ❌
    [  76/252] D5   synth_lead bg=         rain snr=   -6dB  | midi: gt=74 pred=64 ❌  | spn: gt=D5 pred=C6 ❌  | doremi: gt=re pred=sol ❌  | hz: gt=587.3295 pred=480.0 ❌
    [  77/252] D5   synth_lead bg= street-noise snr=   -6dB  | midi: gt=74 pred=64 ❌  | spn: gt=D5 pred=C6 ❌  | doremi: gt=re pred=sol ❌  | hz: gt=587.3295 pred=415.0 ❌
    [  78/252] D5   synth_lead bg=oscillating-high-and-low-pitches snr=   -6dB  | midi: gt=74 pred=69 ❌  | spn: gt=D5 pred=C6 ❌  | doremi: gt=re pred=fa# ❌  | hz: gt=587.3295 pred=1058.47 ❌
    [  79/252] B5   synth_lead bg=  white_noise snr=   -6dB  | midi: gt=83 pred=64 ❌  | spn: gt=B5 pred=C6 ❌  | doremi: gt=si pred=fa# ❌  | hz: gt=987.7666 pred=1050.0 ❌
    [  80/252] B5   synth_lead bg= church-bells snr=   -6dB  | midi: gt=83 pred=64 ❌  | spn: gt=B5 pred=C6 ❌  | doremi: gt=si pred=sol ❌  | hz: gt=987.7666 pred=1050.0 ❌
    [  81/252] B5   synth_lead bg=  crowd-noise snr=   -6dB  | midi: gt=83 pred=69 ❌  | spn: gt=B5 pred=C6 ❌  | doremi: gt=si pred=fa# ❌  | hz: gt=987.7666 pred=1764.0 ❌
    [  82/252] B5   synth_lead bg=         rain snr=   -6dB  | midi: gt=83 pred=64 ❌  | spn: gt=B5 pred=C6 ❌  | doremi: gt=si pred=sol ❌  | hz: gt=987.7666 pred=480.0 ❌
    [  83/252] B5   synth_lead bg= street-noise snr=   -6dB  | midi: gt=83 pred=64 ❌  | spn: gt=B5 pred=C6 ❌  | doremi: gt=si pred=sol ❌  | hz: gt=987.7666 pred=415.32 ❌
    [  84/252] B5   synth_lead bg=oscillating-high-and-low-pitches snr=   -6dB  | midi: gt=83 pred=64 ❌  | spn: gt=B5 pred=C6 ❌  | doremi: gt=si pred=fa# ❌  | hz: gt=987.7666 pred=415.0 ❌
    [  85/252] F1   cello    bg=  white_noise snr=   -6dB  | midi: gt=29 pred=64 ❌  | spn: gt=F1 pred=C6 ❌  | doremi: gt=fa pred=fa# ❌  | hz: gt=43.6535 pred=1050.0 ❌
    [  86/252] F1   cello    bg= church-bells snr=   -6dB  | midi: gt=29 pred=64 ❌  | spn: gt=F1 pred=C6 ❌  | doremi: gt=fa pred=sol ❌  | hz: gt=43.6535 pred=1050.0 ❌
    [  87/252] F1   cello    bg=  crowd-noise snr=   -6dB  | midi: gt=29 pred=64 ❌  | spn: gt=F1 pred=C6 ❌  | doremi: gt=fa pred=sol ❌  | hz: gt=43.6535 pred=415.0 ❌
    [  88/252] F1   cello    bg=         rain snr=   -6dB  | midi: gt=29 pred=64 ❌  | spn: gt=F1 pred=C6 ❌  | doremi: gt=fa pred=sol ❌  | hz: gt=43.6535 pred=1050.0 ❌
    [  89/252] F1   cello    bg= street-noise snr=   -6dB  | midi: gt=29 pred=64 ❌  | spn: gt=F1 pred=C6 ❌  | doremi: gt=fa pred=sol ❌  | hz: gt=43.6535 pred=415.0 ❌
    [  90/252] F1   cello    bg=oscillating-high-and-low-pitches snr=   -6dB  | midi: gt=29 pred=63 ❌  | spn: gt=F1 pred=C6 ❌  | doremi: gt=fa pred=fa# ❌  | hz: gt=43.6535 pred=1058.47 ❌
    [  91/252] D2   cello    bg=  white_noise snr=   -6dB  | midi: gt=38 pred=64 ❌  | spn: gt=D2 pred=C6 ❌  | doremi: gt=re pred=fa# ❌  | hz: gt=73.4162 pred=1050.0 ❌
    [  92/252] D2   cello    bg= church-bells snr=   -6dB  | midi: gt=38 pred=64 ❌  | spn: gt=D2 pred=C6 ❌  | doremi: gt=re pred=sol ❌  | hz: gt=73.4162 pred=1050.0 ❌
    [  93/252] D2   cello    bg=  crowd-noise snr=   -6dB  | midi: gt=38 pred=64 ❌  | spn: gt=D2 pred=C6 ❌  | doremi: gt=re pred=sol ❌  | hz: gt=73.4162 pred=415.0 ❌
    [  94/252] D2   cello    bg=         rain snr=   -6dB  | midi: gt=38 pred=64 ❌  | spn: gt=D2 pred=C6 ❌  | doremi: gt=re pred=sol ❌  | hz: gt=73.4162 pred=1050.0 ❌
    [  95/252] D2   cello    bg= street-noise snr=   -6dB  | midi: gt=38 pred=64 ❌  | spn: gt=D2 pred=C6 ❌  | doremi: gt=re pred=sol ❌  | hz: gt=73.4162 pred=415.0 ❌
    [  96/252] D2   cello    bg=oscillating-high-and-low-pitches snr=   -6dB  | midi: gt=38 pred=63 ❌  | spn: gt=D2 pred=C6 ❌  | doremi: gt=re pred=fa# ❌  | hz: gt=73.4162 pred=1058.47 ❌
    [  97/252] B2   cello    bg=  white_noise snr=   -6dB  | midi: gt=47 pred=64 ❌  | spn: gt=B2 pred=C6 ❌  | doremi: gt=si pred=fa# ❌  | hz: gt=123.4708 pred=1052.63 ❌
    [  98/252] B2   cello    bg= church-bells snr=   -6dB  | midi: gt=47 pred=64 ❌  | spn: gt=B2 pred=C6 ❌  | doremi: gt=si pred=sol ❌  | hz: gt=123.4708 pred=None ❌
    [  99/252] B2   cello    bg=  crowd-noise snr=   -6dB  | midi: gt=47 pred=64 ❌  | spn: gt=B2 pred=C6 ❌  | doremi: gt=si pred=sol ❌  | hz: gt=123.4708 pred=415.32 ❌
    [ 100/252] B2   cello    bg=         rain snr=   -6dB  | midi: gt=47 pred=64 ❌  | spn: gt=B2 pred=C6 ❌  | doremi: gt=si pred=sol ❌  | hz: gt=123.4708 pred=480.0 ❌
    [ 101/252] B2   cello    bg= street-noise snr=   -6dB  | midi: gt=47 pred=64 ❌  | spn: gt=B2 pred=C6 ❌  | doremi: gt=si pred=sol ❌  | hz: gt=123.4708 pred=415.0 ❌
    [ 102/252] B2   cello    bg=oscillating-high-and-low-pitches snr=   -6dB  | midi: gt=47 pred=63 ❌  | spn: gt=B2 pred=C6 ❌  | doremi: gt=si pred=fa# ❌  | hz: gt=123.4708 pred=4156.38 ❌
    [ 103/252] G#3  cello    bg=  white_noise snr=   -6dB  | midi: gt=56 pred=64 ❌  | spn: gt=G#3 pred=C6 ❌  | doremi: gt=sol# pred=fa# ❌  | hz: gt=207.6523 pred=1052.63 ❌
    [ 104/252] G#3  cello    bg= church-bells snr=   -6dB  | midi: gt=56 pred=63 ❌  | spn: gt=G#3 pred=C6 ❌  | doremi: gt=sol# pred=sol ❌  | hz: gt=207.6523 pred=1050.0 ❌
    [ 105/252] G#3  cello    bg=         rain snr=   -6dB  | midi: gt=56 pred=64 ❌  | spn: gt=G#3 pred=C6 ❌  | doremi: gt=sol# pred=sol ❌  | hz: gt=207.6523 pred=480.0 ❌
    [ 106/252] G#3  cello    bg=  crowd-noise snr=   -6dB  | midi: gt=56 pred=65 ❌  | spn: gt=G#3 pred=C6 ❌  | doremi: gt=sol# pred=sol ❌  | hz: gt=207.6523 pred=415.0 ❌
    [ 107/252] G#3  cello    bg= street-noise snr=   -6dB  | midi: gt=56 pred=64 ❌  | spn: gt=G#3 pred=C6 ❌  | doremi: gt=sol# pred=sol ❌  | hz: gt=207.6523 pred=415.0 ❌
    [ 108/252] G#3  cello    bg=oscillating-high-and-low-pitches snr=   -6dB  | midi: gt=56 pred=63 ❌  | spn: gt=G#3 pred=C6 ❌  | doremi: gt=sol# pred=fa# ❌  | hz: gt=207.6523 pred=1058.47 ❌
    [ 109/252] F4   cello    bg=  white_noise snr=   -6dB  | midi: gt=65 pred=64 ❌  | spn: gt=F4 pred=C6 ❌  | doremi: gt=fa pred=fa# ❌  | hz: gt=349.2282 pred=1050.0 ❌
    [ 110/252] F4   cello    bg= church-bells snr=   -6dB  | midi: gt=65 pred=65 ✅  | spn: gt=F4 pred=C6 ❌  | doremi: gt=fa pred=sol ❌  | hz: gt=349.2282 pred=1050.0 ❌
    [ 111/252] F4   cello    bg=  crowd-noise snr=   -6dB  | midi: gt=65 pred=65 ✅  | spn: gt=F4 pred=C6 ❌  | doremi: gt=fa pred=sol ❌  | hz: gt=349.2282 pred=415.306 ❌
    [ 112/252] F4   cello    bg=         rain snr=   -6dB  | midi: gt=65 pred=64 ❌  | spn: gt=F4 pred=C6 ❌  | doremi: gt=fa pred=sol ❌  | hz: gt=349.2282 pred=415.306 ❌
    [ 113/252] F4   cello    bg= street-noise snr=   -6dB  | midi: gt=65 pred=65 ✅  | spn: gt=F4 pred=C6 ❌  | doremi: gt=fa pred=sol ❌  | hz: gt=349.2282 pred=415.32 ❌
    [ 114/252] F4   cello    bg=oscillating-high-and-low-pitches snr=   -6dB  | midi: gt=65 pred=65 ✅  | spn: gt=F4 pred=C6 ❌  | doremi: gt=fa pred=fa# ❌  | hz: gt=349.2282 pred=1250.0 ❌
    [ 115/252] D5   cello    bg=  white_noise snr=   -6dB  | midi: gt=74 pred=64 ❌  | spn: gt=D5 pred=C6 ❌  | doremi: gt=re pred=fa# ❌  | hz: gt=587.3295 pred=1052.63 ❌
    [ 116/252] D5   cello    bg= church-bells snr=   -6dB  | midi: gt=74 pred=64 ❌  | spn: gt=D5 pred=C6 ❌  | doremi: gt=re pred=sol ❌  | hz: gt=587.3295 pred=405.86 ❌
    [ 117/252] D5   cello    bg=         rain snr=   -6dB  | midi: gt=74 pred=64 ❌  | spn: gt=D5 pred=C6 ❌  | doremi: gt=re pred=sol ❌  | hz: gt=587.3295 pred=480.0 ❌
    [ 118/252] D5   cello    bg=  crowd-noise snr=   -6dB  | midi: gt=74 pred=64 ❌  | spn: gt=D5 pred=C6 ❌  | doremi: gt=re pred=sol ❌  | hz: gt=587.3295 pred=405.87 ❌
    [ 119/252] D5   cello    bg= street-noise snr=   -6dB  | midi: gt=74 pred=64 ❌  | spn: gt=D5 pred=C6 ❌  | doremi: gt=re pred=sol ❌  | hz: gt=587.3295 pred=415.0 ❌
    [ 120/252] D5   cello    bg=oscillating-high-and-low-pitches snr=   -6dB  | midi: gt=74 pred=64 ❌  | spn: gt=D5 pred=C6 ❌  | doremi: gt=re pred=fa# ❌  | hz: gt=587.3295 pred=1058.47 ❌
    [ 121/252] B5   cello    bg=  white_noise snr=   -6dB  | midi: gt=83 pred=64 ❌  | spn: gt=B5 pred=C6 ❌  | doremi: gt=si pred=fa# ❌  | hz: gt=987.7666 pred=1052.63 ❌
    [ 122/252] B5   cello    bg= church-bells snr=   -6dB  | midi: gt=83 pred=69 ❌  | spn: gt=B5 pred=C6 ❌  | doremi: gt=si pred=sol ❌  | hz: gt=987.7666 pred=450.0 ❌
    [ 123/252] B5   cello    bg=  crowd-noise snr=   -6dB  | midi: gt=83 pred=69 ❌  | spn: gt=B5 pred=C6 ❌  | doremi: gt=si pred=fa# ❌  | hz: gt=987.7666 pred=1050.0 ❌
    [ 124/252] B5   cello    bg=         rain snr=   -6dB  | midi: gt=83 pred=64 ❌  | spn: gt=B5 pred=C6 ❌  | doremi: gt=si pred=sol ❌  | hz: gt=987.7666 pred=480.0 ❌
    [ 125/252] B5   cello    bg= street-noise snr=   -6dB  | midi: gt=83 pred=64 ❌  | spn: gt=B5 pred=C6 ❌  | doremi: gt=si pred=sol ❌  | hz: gt=987.7666 pred=415.0 ❌
    [ 126/252] B5   cello    bg=oscillating-high-and-low-pitches snr=   -6dB  | midi: gt=83 pred=69 ❌  | spn: gt=B5 pred=C6 ❌  | doremi: gt=si pred=fa# ❌  | hz: gt=987.7666 pred=1050.0 ❌
    [ 127/252] F1   flute    bg=  white_noise snr=   -6dB  | midi: gt=29 pred=64 ❌  | spn: gt=F1 pred=C6 ❌  | doremi: gt=fa pred=fa# ❌  | hz: gt=43.6535 pred=1050.0 ❌
    [ 128/252] F1   flute    bg= church-bells snr=   -6dB  | midi: gt=29 pred=64 ❌  | spn: gt=F1 pred=C6 ❌  | doremi: gt=fa pred=fa# ❌  | hz: gt=43.6535 pred=1050.0 ❌
    [ 129/252] F1   flute    bg=  crowd-noise snr=   -6dB  | midi: gt=29 pred=64 ❌  | spn: gt=F1 pred=C6 ❌  | doremi: gt=fa pred=sol ❌  | hz: gt=43.6535 pred=415.0 ❌
    [ 130/252] F1   flute    bg=         rain snr=   -6dB  | midi: gt=29 pred=64 ❌  | spn: gt=F1 pred=C6 ❌  | doremi: gt=fa pred=sol ❌  | hz: gt=43.6535 pred=415.306 ❌
    [ 131/252] F1   flute    bg= street-noise snr=   -6dB  | midi: gt=29 pred=64 ❌  | spn: gt=F1 pred=C6 ❌  | doremi: gt=fa pred=sol ❌  | hz: gt=43.6535 pred=415.0 ❌
    [ 132/252] F1   flute    bg=oscillating-high-and-low-pitches snr=   -6dB  | midi: gt=29 pred=63 ❌  | spn: gt=F1 pred=C6 ❌  | doremi: gt=fa pred=fa# ❌  | hz: gt=43.6535 pred=1058.47 ❌
    [ 133/252] D2   flute    bg=  white_noise snr=   -6dB  | midi: gt=38 pred=64 ❌  | spn: gt=D2 pred=C6 ❌  | doremi: gt=re pred=fa# ❌  | hz: gt=73.4162 pred=1050.0 ❌
    [ 134/252] D2   flute    bg= church-bells snr=   -6dB  | midi: gt=38 pred=64 ❌  | spn: gt=D2 pred=C6 ❌  | doremi: gt=re pred=sol ❌  | hz: gt=73.4162 pred=1050.0 ❌
    [ 135/252] D2   flute    bg=  crowd-noise snr=   -6dB  | midi: gt=38 pred=64 ❌  | spn: gt=D2 pred=C6 ❌  | doremi: gt=re pred=sol ❌  | hz: gt=73.4162 pred=415.0 ❌
    [ 136/252] D2   flute    bg=         rain snr=   -6dB  | midi: gt=38 pred=64 ❌  | spn: gt=D2 pred=C6 ❌  | doremi: gt=re pred=sol ❌  | hz: gt=73.4162 pred=415.306 ❌
    [ 137/252] D2   flute    bg= street-noise snr=   -6dB  | midi: gt=38 pred=64 ❌  | spn: gt=D2 pred=C6 ❌  | doremi: gt=re pred=sol ❌  | hz: gt=73.4162 pred=415.0 ❌
    [ 138/252] D2   flute    bg=oscillating-high-and-low-pitches snr=   -6dB  | midi: gt=38 pred=63 ❌  | spn: gt=D2 pred=C6 ❌  | doremi: gt=re pred=fa# ❌  | hz: gt=73.4162 pred=1058.47 ❌
    [ 139/252] B2   flute    bg=  white_noise snr=   -6dB  | midi: gt=47 pred=64 ❌  | spn: gt=B2 pred=C6 ❌  | doremi: gt=si pred=fa# ❌  | hz: gt=123.4708 pred=1050.0 ❌
    [ 140/252] B2   flute    bg= church-bells snr=   -6dB  | midi: gt=47 pred=64 ❌  | spn: gt=B2 pred=C6 ❌  | doremi: gt=si pred=sol ❌  | hz: gt=123.4708 pred=1050.0 ❌
    [ 141/252] B2   flute    bg=  crowd-noise snr=   -6dB  | midi: gt=47 pred=64 ❌  | spn: gt=B2 pred=C6 ❌  | doremi: gt=si pred=sol ❌  | hz: gt=123.4708 pred=415.0 ❌
    [ 142/252] B2   flute    bg=         rain snr=   -6dB  | midi: gt=47 pred=64 ❌  | spn: gt=B2 pred=C6 ❌  | doremi: gt=si pred=sol ❌  | hz: gt=123.4708 pred=415.306 ❌
    [ 143/252] B2   flute    bg= street-noise snr=   -6dB  | midi: gt=47 pred=64 ❌  | spn: gt=B2 pred=C6 ❌  | doremi: gt=si pred=sol ❌  | hz: gt=123.4708 pred=415.0 ❌
    [ 144/252] B2   flute    bg=oscillating-high-and-low-pitches snr=   -6dB  | midi: gt=47 pred=69 ❌  | spn: gt=B2 pred=C6 ❌  | doremi: gt=si pred=fa# ❌  | hz: gt=123.4708 pred=480.0 ❌
    [ 145/252] G#3  flute    bg=  white_noise snr=   -6dB  | midi: gt=56 pred=64 ❌  | spn: gt=G#3 pred=C6 ❌  | doremi: gt=sol# pred=fa# ❌  | hz: gt=207.6523 pred=1050.0 ❌
    [ 146/252] G#3  flute    bg= church-bells snr=   -6dB  | midi: gt=56 pred=65 ❌  | spn: gt=G#3 pred=C6 ❌  | doremi: gt=sol# pred=sol ❌  | hz: gt=207.6523 pred=1050.0 ❌
    [ 147/252] G#3  flute    bg=  crowd-noise snr=   -6dB  | midi: gt=56 pred=64 ❌  | spn: gt=G#3 pred=C6 ❌  | doremi: gt=sol# pred=fa# ❌  | hz: gt=207.6523 pred=405.87 ❌
    [ 148/252] G#3  flute    bg=         rain snr=   -6dB  | midi: gt=56 pred=64 ❌  | spn: gt=G#3 pred=C6 ❌  | doremi: gt=sol# pred=sol ❌  | hz: gt=207.6523 pred=415.306 ❌
    [ 149/252] G#3  flute    bg= street-noise snr=   -6dB  | midi: gt=56 pred=64 ❌  | spn: gt=G#3 pred=C6 ❌  | doremi: gt=sol# pred=sol ❌  | hz: gt=207.6523 pred=415.32 ❌
    [ 150/252] G#3  flute    bg=oscillating-high-and-low-pitches snr=   -6dB  | midi: gt=56 pred=63 ❌  | spn: gt=G#3 pred=C6 ❌  | doremi: gt=sol# pred=fa# ❌  | hz: gt=207.6523 pred=1058.47 ❌
    [ 151/252] F4   flute    bg=  white_noise snr=   -6dB  | midi: gt=65 pred=64 ❌  | spn: gt=F4 pred=C6 ❌  | doremi: gt=fa pred=fa# ❌  | hz: gt=349.2282 pred=1050.0 ❌
    [ 152/252] F4   flute    bg= church-bells snr=   -6dB  | midi: gt=65 pred=69 ❌  | spn: gt=F4 pred=C6 ❌  | doremi: gt=fa pred=sol ❌  | hz: gt=349.2282 pred=450.0 ❌
    [ 153/252] F4   flute    bg=  crowd-noise snr=   -6dB  | midi: gt=65 pred=64 ❌  | spn: gt=F4 pred=C6 ❌  | doremi: gt=fa pred=sol ❌  | hz: gt=349.2282 pred=450.0 ❌
    [ 154/252] F4   flute    bg=         rain snr=   -6dB  | midi: gt=65 pred=64 ❌  | spn: gt=F4 pred=C6 ❌  | doremi: gt=fa pred=sol ❌  | hz: gt=349.2282 pred=480.0 ❌
    [ 155/252] F4   flute    bg= street-noise snr=   -6dB  | midi: gt=65 pred=64 ❌  | spn: gt=F4 pred=C6 ❌  | doremi: gt=fa pred=sol ❌  | hz: gt=349.2282 pred=415.0 ❌
    [ 156/252] F4   flute    bg=oscillating-high-and-low-pitches snr=   -6dB  | midi: gt=65 pred=65 ✅  | spn: gt=F4 pred=C6 ❌  | doremi: gt=fa pred=fa# ❌  | hz: gt=349.2282 pred=1058.43 ❌
    [ 157/252] D5   flute    bg=  white_noise snr=   -6dB  | midi: gt=74 pred=64 ❌  | spn: gt=D5 pred=C6 ❌  | doremi: gt=re pred=fa# ❌  | hz: gt=587.3295 pred=1050.0 ❌
    [ 158/252] D5   flute    bg= church-bells snr=   -6dB  | midi: gt=74 pred=64 ❌  | spn: gt=D5 pred=C6 ❌  | doremi: gt=re pred=sol ❌  | hz: gt=587.3295 pred=450.0 ❌
    [ 159/252] D5   flute    bg=  crowd-noise snr=   -6dB  | midi: gt=74 pred=64 ❌  | spn: gt=D5 pred=C6 ❌  | doremi: gt=re pred=sol ❌  | hz: gt=587.3295 pred=405.87 ❌
    [ 160/252] D5   flute    bg=         rain snr=   -6dB  | midi: gt=74 pred=64 ❌  | spn: gt=D5 pred=C6 ❌  | doremi: gt=re pred=sol ❌  | hz: gt=587.3295 pred=480.0 ❌
    [ 161/252] D5   flute    bg= street-noise snr=   -6dB  | midi: gt=74 pred=64 ❌  | spn: gt=D5 pred=C6 ❌  | doremi: gt=re pred=sol ❌  | hz: gt=587.3295 pred=415.0 ❌
    [ 162/252] D5   flute    bg=oscillating-high-and-low-pitches snr=   -6dB  | midi: gt=74 pred=63 ❌  | spn: gt=D5 pred=C6 ❌  | doremi: gt=re pred=fa# ❌  | hz: gt=587.3295 pred=1058.47 ❌
    [ 163/252] B5   flute    bg=  white_noise snr=   -6dB  | midi: gt=83 pred=64 ❌  | spn: gt=B5 pred=C6 ❌  | doremi: gt=si pred=fa# ❌  | hz: gt=987.7666 pred=1050.0 ❌
    [ 164/252] B5   flute    bg= church-bells snr=   -6dB  | midi: gt=83 pred=65 ❌  | spn: gt=B5 pred=C6 ❌  | doremi: gt=si pred=sol ❌  | hz: gt=987.7666 pred=405.87 ❌
    [ 165/252] B5   flute    bg=  crowd-noise snr=   -6dB  | midi: gt=83 pred=64 ❌  | spn: gt=B5 pred=C6 ❌  | doremi: gt=si pred=sol ❌  | hz: gt=987.7666 pred=405.0 ❌
    [ 166/252] B5   flute    bg=         rain snr=   -6dB  | midi: gt=83 pred=64 ❌  | spn: gt=B5 pred=C6 ❌  | doremi: gt=si pred=sol ❌  | hz: gt=987.7666 pred=480.0 ❌
    [ 167/252] B5   flute    bg= street-noise snr=   -6dB  | midi: gt=83 pred=64 ❌  | spn: gt=B5 pred=C6 ❌  | doremi: gt=si pred=sol ❌  | hz: gt=987.7666 pred=415.0 ❌
    [ 168/252] F1   piano    bg=  white_noise snr=   -6dB  | midi: gt=29 pred=64 ❌  | spn: gt=F1 pred=C6 ❌  | doremi: gt=fa pred=fa# ❌  | hz: gt=43.6535 pred=1050.0 ❌
    [ 169/252] B5   flute    bg=oscillating-high-and-low-pitches snr=   -6dB  | midi: gt=83 pred=63 ❌  | spn: gt=B5 pred=C6 ❌  | doremi: gt=si pred=fa# ❌  | hz: gt=987.7666 pred=1058.47 ❌
    [ 170/252] F1   piano    bg= church-bells snr=   -6dB  | midi: gt=29 pred=64 ❌  | spn: gt=F1 pred=C6 ❌  | doremi: gt=fa pred=sol ❌  | hz: gt=43.6535 pred=1050.0 ❌
    [ 171/252] F1   piano    bg=  crowd-noise snr=   -6dB  | midi: gt=29 pred=64 ❌  | spn: gt=F1 pred=C6 ❌  | doremi: gt=fa pred=sol ❌  | hz: gt=43.6535 pred=415.306 ❌
    [ 172/252] F1   piano    bg=         rain snr=   -6dB  | midi: gt=29 pred=64 ❌  | spn: gt=F1 pred=C6 ❌  | doremi: gt=fa pred=sol ❌  | hz: gt=43.6535 pred=415.306 ❌
    [ 173/252] F1   piano    bg= street-noise snr=   -6dB  | midi: gt=29 pred=64 ❌  | spn: gt=F1 pred=C6 ❌  | doremi: gt=fa pred=sol ❌  | hz: gt=43.6535 pred=415.0 ❌
    [ 174/252] D2   piano    bg=  white_noise snr=   -6dB  | midi: gt=38 pred=64 ❌  | spn: gt=D2 pred=C6 ❌  | doremi: gt=re pred=fa# ❌  | hz: gt=73.4162 pred=1050.0 ❌
    [ 175/252] F1   piano    bg=oscillating-high-and-low-pitches snr=   -6dB  | midi: gt=29 pred=63 ❌  | spn: gt=F1 pred=C6 ❌  | doremi: gt=fa pred=fa# ❌  | hz: gt=43.6535 pred=1024.57 ❌
    [ 176/252] D2   piano    bg= church-bells snr=   -6dB  | midi: gt=38 pred=64 ❌  | spn: gt=D2 pred=C6 ❌  | doremi: gt=re pred=fa# ❌  | hz: gt=73.4162 pred=415.38 ❌
    [ 177/252] D2   piano    bg=  crowd-noise snr=   -6dB  | midi: gt=38 pred=64 ❌  | spn: gt=D2 pred=C6 ❌  | doremi: gt=re pred=sol ❌  | hz: gt=73.4162 pred=415.306 ❌
    [ 178/252] D2   piano    bg=         rain snr=   -6dB  | midi: gt=38 pred=64 ❌  | spn: gt=D2 pred=C6 ❌  | doremi: gt=re pred=sol ❌  | hz: gt=73.4162 pred=1050.0 ❌
    [ 179/252] D2   piano    bg= street-noise snr=   -6dB  | midi: gt=38 pred=64 ❌  | spn: gt=D2 pred=C6 ❌  | doremi: gt=re pred=sol ❌  | hz: gt=73.4162 pred=415.306872 ❌
    [ 180/252] D2   piano    bg=oscillating-high-and-low-pitches snr=   -6dB  | midi: gt=38 pred=65 ❌  | spn: gt=D2 pred=C6 ❌  | doremi: gt=re pred=fa# ❌  | hz: gt=73.4162 pred=1058.47 ❌
    [ 181/252] B2   piano    bg=  white_noise snr=   -6dB  | midi: gt=47 pred=64 ❌  | spn: gt=B2 pred=C6 ❌  | doremi: gt=si pred=fa# ❌  | hz: gt=123.4708 pred=1050.0 ❌
    [ 182/252] B2   piano    bg= church-bells snr=   -6dB  | midi: gt=47 pred=64 ❌  | spn: gt=B2 pred=C6 ❌  | doremi: gt=si pred=sol ❌  | hz: gt=123.4708 pred=435.0 ❌
    [ 183/252] B2   piano    bg=  crowd-noise snr=   -6dB  | midi: gt=47 pred=64 ❌  | spn: gt=B2 pred=C6 ❌  | doremi: gt=si pred=sol ❌  | hz: gt=123.4708 pred=480.0 ❌
    [ 184/252] B2   piano    bg=         rain snr=   -6dB  | midi: gt=47 pred=64 ❌  | spn: gt=B2 pred=C6 ❌  | doremi: gt=si pred=sol ❌  | hz: gt=123.4708 pred=415.306 ❌
    [ 185/252] B2   piano    bg= street-noise snr=   -6dB  | midi: gt=47 pred=64 ❌  | spn: gt=B2 pred=C6 ❌  | doremi: gt=si pred=sol ❌  | hz: gt=123.4708 pred=415.0 ❌
    [ 186/252] B2   piano    bg=oscillating-high-and-low-pitches snr=   -6dB  | midi: gt=47 pred=63 ❌  | spn: gt=B2 pred=B6 ❌  | doremi: gt=si pred=fa# ❌  | hz: gt=123.4708 pred=1058.47 ❌
    [ 187/252] G#3  piano    bg=  white_noise snr=   -6dB  | midi: gt=56 pred=64 ❌  | spn: gt=G#3 pred=C6 ❌  | doremi: gt=sol# pred=fa# ❌  | hz: gt=207.6523 pred=1058.37 ❌
    [ 188/252] G#3  piano    bg= church-bells snr=   -6dB  | midi: gt=56 pred=63 ❌  | spn: gt=G#3 pred=C6 ❌  | doremi: gt=sol# pred=sol ❌  | hz: gt=207.6523 pred=1050.0 ❌
    [ 189/252] G#3  piano    bg=  crowd-noise snr=   -6dB  | midi: gt=56 pred=64 ❌  | spn: gt=G#3 pred=C6 ❌  | doremi: gt=sol# pred=sol ❌  | hz: gt=207.6523 pred=415.306 ❌
    [ 190/252] G#3  piano    bg=         rain snr=   -6dB  | midi: gt=56 pred=64 ❌  | spn: gt=G#3 pred=C6 ❌  | doremi: gt=sol# pred=sol ❌  | hz: gt=207.6523 pred=415.0 ❌
    [ 191/252] G#3  piano    bg= street-noise snr=   -6dB  | midi: gt=56 pred=65 ❌  | spn: gt=G#3 pred=C6 ❌  | doremi: gt=sol# pred=sol ❌  | hz: gt=207.6523 pred=415.3 ❌
    [ 192/252] G#3  piano    bg=oscillating-high-and-low-pitches snr=   -6dB  | midi: gt=56 pred=69 ❌  | spn: gt=G#3 pred=C6 ❌  | doremi: gt=sol# pred=fa# ❌  | hz: gt=207.6523 pred=1058.43 ❌
    [ 193/252] F4   piano    bg=  white_noise snr=   -6dB  | midi: gt=65 pred=64 ❌  | spn: gt=F4 pred=C6 ❌  | doremi: gt=fa pred=fa# ❌  | hz: gt=349.2282 pred=460.0 ❌
    [ 194/252] F4   piano    bg= church-bells snr=   -6dB  | midi: gt=65 pred=64 ❌  | spn: gt=F4 pred=C6 ❌  | doremi: gt=fa pred=sol ❌  | hz: gt=349.2282 pred=435.0 ❌
    [ 195/252] F4   piano    bg=  crowd-noise snr=   -6dB  | midi: gt=65 pred=64 ❌  | spn: gt=F4 pred=C6 ❌  | doremi: gt=fa pred=sol ❌  | hz: gt=349.2282 pred=415.3 ❌
    [ 196/252] F4   piano    bg=         rain snr=   -6dB  | midi: gt=65 pred=64 ❌  | spn: gt=F4 pred=C6 ❌  | doremi: gt=fa pred=sol ❌  | hz: gt=349.2282 pred=415.306 ❌
    [ 197/252] F4   piano    bg= street-noise snr=   -6dB  | midi: gt=65 pred=64 ❌  | spn: gt=F4 pred=C6 ❌  | doremi: gt=fa pred=sol ❌  | hz: gt=349.2282 pred=415.306 ❌
    [ 198/252] D5   piano    bg=  white_noise snr=   -6dB  | midi: gt=74 pred=64 ❌  | spn: gt=D5 pred=C6 ❌  | doremi: gt=re pred=sol ❌  | hz: gt=587.3295 pred=480.0 ❌
    [ 199/252] F4   piano    bg=oscillating-high-and-low-pitches snr=   -6dB  | midi: gt=65 pred=65 ✅  | spn: gt=F4 pred=C6 ❌  | doremi: gt=fa pred=fa# ❌  | hz: gt=349.2282 pred=1058.43 ❌
    [ 200/252] D5   piano    bg= church-bells snr=   -6dB  | midi: gt=74 pred=64 ❌  | spn: gt=D5 pred=C6 ❌  | doremi: gt=re pred=sol ❌  | hz: gt=587.3295 pred=435.0 ❌
    [ 201/252] D5   piano    bg=  crowd-noise snr=   -6dB  | midi: gt=74 pred=64 ❌  | spn: gt=D5 pred=C6 ❌  | doremi: gt=re pred=sol ❌  | hz: gt=587.3295 pred=415.3 ❌
    [ 202/252] D5   piano    bg=         rain snr=   -6dB  | midi: gt=74 pred=64 ❌  | spn: gt=D5 pred=C6 ❌  | doremi: gt=re pred=sol ❌  | hz: gt=587.3295 pred=480.0 ❌
    [ 203/252] D5   piano    bg= street-noise snr=   -6dB  | midi: gt=74 pred=64 ❌  | spn: gt=D5 pred=C6 ❌  | doremi: gt=re pred=sol ❌  | hz: gt=587.3295 pred=415.306 ❌
    [ 204/252] D5   piano    bg=oscillating-high-and-low-pitches snr=   -6dB  | midi: gt=74 pred=69 ❌  | spn: gt=D5 pred=C6 ❌  | doremi: gt=re pred=fa# ❌  | hz: gt=587.3295 pred=1058.47 ❌
    [ 205/252] B5   piano    bg=  white_noise snr=   -6dB  | midi: gt=83 pred=64 ❌  | spn: gt=B5 pred=C6 ❌  | doremi: gt=si pred=sol ❌  | hz: gt=987.7666 pred=415.0 ❌
    [ 206/252] B5   piano    bg= church-bells snr=   -6dB  | midi: gt=83 pred=64 ❌  | spn: gt=B5 pred=C6 ❌  | doremi: gt=si pred=sol ❌  | hz: gt=987.7666 pred=435.0 ❌
    [ 207/252] B5   piano    bg=  crowd-noise snr=   -6dB  | midi: gt=83 pred=64 ❌  | spn: gt=B5 pred=C6 ❌  | doremi: gt=si pred=sol ❌  | hz: gt=987.7666 pred=415.3 ❌
    [ 208/252] B5   piano    bg=         rain snr=   -6dB  | midi: gt=83 pred=64 ❌  | spn: gt=B5 pred=C6 ❌  | doremi: gt=si pred=sol ❌  | hz: gt=987.7666 pred=480.0 ❌
    [ 209/252] B5   piano    bg= street-noise snr=   -6dB  | midi: gt=83 pred=64 ❌  | spn: gt=B5 pred=C6 ❌  | doremi: gt=si pred=sol ❌  | hz: gt=987.7666 pred=415.306 ❌
    [ 210/252] B5   piano    bg=oscillating-high-and-low-pitches snr=   -6dB  | midi: gt=83 pred=84 ❌  | spn: gt=B5 pred=C6 ❌  | doremi: gt=si pred=fa# ❌  | hz: gt=987.7666 pred=1024.0 ❌
    [ 211/252] F1   voice    bg=  white_noise snr=   -6dB  | midi: gt=29 pred=64 ❌  | spn: gt=F1 pred=C6 ❌  | doremi: gt=fa pred=fa# ❌  | hz: gt=43.6535 pred=1050.0 ❌
    [ 212/252] F1   voice    bg= church-bells snr=   -6dB  | midi: gt=29 pred=64 ❌  | spn: gt=F1 pred=C6 ❌  | doremi: gt=fa pred=sol ❌  | hz: gt=43.6535 pred=1050.0 ❌
    [ 213/252] F1   voice    bg=  crowd-noise snr=   -6dB  | midi: gt=29 pred=64 ❌  | spn: gt=F1 pred=C6 ❌  | doremi: gt=fa pred=sol ❌  | hz: gt=43.6535 pred=415.32 ❌
    [ 214/252] F1   voice    bg=         rain snr=   -6dB  | midi: gt=29 pred=64 ❌  | spn: gt=F1 pred=C6 ❌  | doremi: gt=fa pred=sol ❌  | hz: gt=43.6535 pred=480.0 ❌
    [ 215/252] F1   voice    bg= street-noise snr=   -6dB  | midi: gt=29 pred=64 ❌  | spn: gt=F1 pred=C6 ❌  | doremi: gt=fa pred=sol ❌  | hz: gt=43.6535 pred=415.0 ❌
    [ 216/252] F1   voice    bg=oscillating-high-and-low-pitches snr=   -6dB  | midi: gt=29 pred=63 ❌  | spn: gt=F1 pred=C6 ❌  | doremi: gt=fa pred=fa# ❌  | hz: gt=43.6535 pred=480.0 ❌
    [ 217/252] D2   voice    bg=  white_noise snr=   -6dB  | midi: gt=38 pred=64 ❌  | spn: gt=D2 pred=C6 ❌  | doremi: gt=re pred=fa# ❌  | hz: gt=73.4162 pred=1050.0 ❌
    [ 218/252] D2   voice    bg= church-bells snr=   -6dB  | midi: gt=38 pred=64 ❌  | spn: gt=D2 pred=C6 ❌  | doremi: gt=re pred=sol ❌  | hz: gt=73.4162 pred=405.0 ❌
    [ 219/252] D2   voice    bg=  crowd-noise snr=   -6dB  | midi: gt=38 pred=64 ❌  | spn: gt=D2 pred=C6 ❌  | doremi: gt=re pred=sol ❌  | hz: gt=73.4162 pred=415.306 ❌
    [ 220/252] D2   voice    bg=         rain snr=   -6dB  | midi: gt=38 pred=64 ❌  | spn: gt=D2 pred=C6 ❌  | doremi: gt=re pred=sol ❌  | hz: gt=73.4162 pred=480.0 ❌
    [ 221/252] D2   voice    bg= street-noise snr=   -6dB  | midi: gt=38 pred=64 ❌  | spn: gt=D2 pred=C6 ❌  | doremi: gt=re pred=sol ❌  | hz: gt=73.4162 pred=415.0 ❌
    [ 222/252] D2   voice    bg=oscillating-high-and-low-pitches snr=   -6dB  | midi: gt=38 pred=69 ❌  | spn: gt=D2 pred=C6 ❌  | doremi: gt=re pred=fa# ❌  | hz: gt=73.4162 pred=None ❌
    [ 223/252] B2   voice    bg=  white_noise snr=   -6dB  | midi: gt=47 pred=69 ❌  | spn: gt=B2 pred=C6 ❌  | doremi: gt=si pred=fa# ❌  | hz: gt=123.4708 pred=1050.0 ❌
    [ 224/252] B2   voice    bg= church-bells snr=   -6dB  | midi: gt=47 pred=64 ❌  | spn: gt=B2 pred=C6 ❌  | doremi: gt=si pred=sol ❌  | hz: gt=123.4708 pred=1050.0 ❌
    [ 225/252] B2   voice    bg=  crowd-noise snr=   -6dB  | midi: gt=47 pred=64 ❌  | spn: gt=B2 pred=C6 ❌  | doremi: gt=si pred=sol ❌  | hz: gt=123.4708 pred=415.306 ❌
    [ 226/252] B2   voice    bg=         rain snr=   -6dB  | midi: gt=47 pred=64 ❌  | spn: gt=B2 pred=C6 ❌  | doremi: gt=si pred=sol ❌  | hz: gt=123.4708 pred=415.306 ❌
    [ 227/252] B2   voice    bg= street-noise snr=   -6dB  | midi: gt=47 pred=64 ❌  | spn: gt=B2 pred=C6 ❌  | doremi: gt=si pred=sol ❌  | hz: gt=123.4708 pred=415.0 ❌
    [ 228/252] B2   voice    bg=oscillating-high-and-low-pitches snr=   -6dB  | midi: gt=47 pred=69 ❌  | spn: gt=B2 pred=C6 ❌  | doremi: gt=si pred=fa# ❌  | hz: gt=123.4708 pred=1050.0 ❌
    [ 229/252] G#3  voice    bg=  white_noise snr=   -6dB  | midi: gt=56 pred=64 ❌  | spn: gt=G#3 pred=C6 ❌  | doremi: gt=sol# pred=fa# ❌  | hz: gt=207.6523 pred=1050.0 ❌
    [ 230/252] G#3  voice    bg= church-bells snr=   -6dB  | midi: gt=56 pred=64 ❌  | spn: gt=G#3 pred=C6 ❌  | doremi: gt=sol# pred=sol ❌  | hz: gt=207.6523 pred=1050.0 ❌
    [ 231/252] G#3  voice    bg=  crowd-noise snr=   -6dB  | midi: gt=56 pred=64 ❌  | spn: gt=G#3 pred=C6 ❌  | doremi: gt=sol# pred=fa# ❌  | hz: gt=207.6523 pred=415.306 ❌
    [ 232/252] G#3  voice    bg=         rain snr=   -6dB  | midi: gt=56 pred=64 ❌  | spn: gt=G#3 pred=C6 ❌  | doremi: gt=sol# pred=sol ❌  | hz: gt=207.6523 pred=480.0 ❌
    [ 233/252] G#3  voice    bg= street-noise snr=   -6dB  | midi: gt=56 pred=64 ❌  | spn: gt=G#3 pred=C6 ❌  | doremi: gt=sol# pred=sol ❌  | hz: gt=207.6523 pred=415.0 ❌
    [ 234/252] G#3  voice    bg=oscillating-high-and-low-pitches snr=   -6dB  | midi: gt=56 pred=63 ❌  | spn: gt=G#3 pred=C6 ❌  | doremi: gt=sol# pred=fa# ❌  | hz: gt=207.6523 pred=415.0 ❌
    [ 235/252] F4   voice    bg=  white_noise snr=   -6dB  | midi: gt=65 pred=64 ❌  | spn: gt=F4 pred=C6 ❌  | doremi: gt=fa pred=fa# ❌  | hz: gt=349.2282 pred=1050.0 ❌
    [ 236/252] F4   voice    bg= church-bells snr=   -6dB  | midi: gt=65 pred=64 ❌  | spn: gt=F4 pred=C6 ❌  | doremi: gt=fa pred=sol ❌  | hz: gt=349.2282 pred=1050.0 ❌
    [ 237/252] F4   voice    bg=  crowd-noise snr=   -6dB  | midi: gt=65 pred=64 ❌  | spn: gt=F4 pred=C6 ❌  | doremi: gt=fa pred=sol ❌  | hz: gt=349.2282 pred=415.306 ❌
    [ 238/252] F4   voice    bg=         rain snr=   -6dB  | midi: gt=65 pred=64 ❌  | spn: gt=F4 pred=C6 ❌  | doremi: gt=fa pred=sol ❌  | hz: gt=349.2282 pred=415.306 ❌
    [ 239/252] F4   voice    bg= street-noise snr=   -6dB  | midi: gt=65 pred=64 ❌  | spn: gt=F4 pred=C6 ❌  | doremi: gt=fa pred=sol ❌  | hz: gt=349.2282 pred=415.0 ❌
    [ 240/252] F4   voice    bg=oscillating-high-and-low-pitches snr=   -6dB  | midi: gt=65 pred=65 ✅  | spn: gt=F4 pred=C6 ❌  | doremi: gt=fa pred=sol ❌  | hz: gt=349.2282 pred=480.0 ❌
    [ 241/252] D5   voice    bg= church-bells snr=   -6dB  | midi: gt=74 pred=64 ❌  | spn: gt=D5 pred=C6 ❌  | doremi: gt=re pred=sol ❌  | hz: gt=587.3295 pred=1050.0 ❌
    [ 242/252] D5   voice    bg=  white_noise snr=   -6dB  | midi: gt=74 pred=64 ❌  | spn: gt=D5 pred=C6 ❌  | doremi: gt=re pred=fa# ❌  | hz: gt=587.3295 pred=1050.0 ❌
    [ 243/252] D5   voice    bg=         rain snr=   -6dB  | midi: gt=74 pred=64 ❌  | spn: gt=D5 pred=C6 ❌  | doremi: gt=re pred=sol ❌  | hz: gt=587.3295 pred=480.0 ❌
    [ 244/252] D5   voice    bg=  crowd-noise snr=   -6dB  | midi: gt=74 pred=64 ❌  | spn: gt=D5 pred=C6 ❌  | doremi: gt=re pred=sol ❌  | hz: gt=587.3295 pred=1050.0 ❌
    [ 245/252] D5   voice    bg= street-noise snr=   -6dB  | midi: gt=74 pred=64 ❌  | spn: gt=D5 pred=C6 ❌  | doremi: gt=re pred=sol ❌  | hz: gt=587.3295 pred=415.0 ❌
    [ 246/252] D5   voice    bg=oscillating-high-and-low-pitches snr=   -6dB  | midi: gt=74 pred=63 ❌  | spn: gt=D5 pred=C6 ❌  | doremi: gt=re pred=fa# ❌  | hz: gt=587.3295 pred=1058.47 ❌
    [ 247/252] B5   voice    bg=  white_noise snr=   -6dB  | midi: gt=83 pred=64 ❌  | spn: gt=B5 pred=C6 ❌  | doremi: gt=si pred=fa# ❌  | hz: gt=987.7666 pred=1050.0 ❌
    [ 248/252] B5   voice    bg= church-bells snr=   -6dB  | midi: gt=83 pred=64 ❌  | spn: gt=B5 pred=C6 ❌  | doremi: gt=si pred=sol ❌  | hz: gt=987.7666 pred=450.0 ❌
    [ 249/252] B5   voice    bg=  crowd-noise snr=   -6dB  | midi: gt=83 pred=64 ❌  | spn: gt=B5 pred=C6 ❌  | doremi: gt=si pred=sol ❌  | hz: gt=987.7666 pred=1765.0 ❌
    [ 250/252] B5   voice    bg=         rain snr=   -6dB  | midi: gt=83 pred=64 ❌  | spn: gt=B5 pred=C6 ❌  | doremi: gt=si pred=sol ❌  | hz: gt=987.7666 pred=480.0 ❌
    [ 251/252] B5   voice    bg= street-noise snr=   -6dB  | midi: gt=83 pred=64 ❌  | spn: gt=B5 pred=C6 ❌  | doremi: gt=si pred=sol ❌  | hz: gt=987.7666 pred=415.0 ❌
    [ 252/252] B5   voice    bg=oscillating-high-and-low-pitches snr=   -6dB  | midi: gt=83 pred=64 ❌  | spn: gt=B5 pred=C6 ❌  | doremi: gt=si pred=fa# ❌  | hz: gt=987.7666 pred=1058.47 ❌

============================================================
SUMMARY — audio_flamingo_next_instruct
  Sampling     : none (full set of 252)
  Stimuli (total)     : 252
  Stimuli (condition) : 252  (all records)

  Format   Accuracy
  ──────────────────
    MIDI       3.6%
     SPN       0.0%
  DOREMI       0.0%
      HZ       0.0%
     ANY       3.6%

  *** WARNING: working tree has uncommitted changes — results will NOT be exactly reproducible from git_commit alone ***


Results saved → results/analysis/run_20260506_193058/pitchbench_e2_background/run_001_20260506_200513/results_audio_flamingo_next_instruct.*

############################################################
# pitchbench_e3_harmonic_saturation
############################################################

Experiment : pitchbench_e3_harmonic_saturation
Models     : audio_flamingo_next_instruct
Stimuli    : 126
  Sampling     : none (full set of 126)

  Model : Audio Flamingo Next – instruct
    [dispatch] 126 items, max_workers=2
    [   1/126] sine        sat_light     D2  | midi: gt=38 pred=43 ❌  | spn: gt=D2 pred=C2 ❌  | doremi: gt=re pred=sol ❌  | hz: gt=73.4162 pred=150.0 ❌
    [   2/126] sine        sat_light     F1  | midi: gt=29 pred=35 ❌  | spn: gt=F1 pred=C2 ❌  | doremi: gt=fa pred=fa# ❌  | hz: gt=43.6535 pred=250.0 ❌
    [   3/126] sine        sat_light     G#3  | midi: gt=56 pred=68 ❌  | spn: gt=G#3 pred=C6 ❌  | doremi: gt=sol# pred=sol ❌  | hz: gt=207.6523 pred=480.0 ❌
    [   4/126] sine        sat_light     B2  | midi: gt=47 pred=46 ❌  | spn: gt=B2 pred=A#2 ❌  | doremi: gt=si pred=sol ❌  | hz: gt=123.4708 pred=107.89 ❌
    [   5/126] sine        sat_light     F4  | midi: gt=65 pred=65 ✅  | spn: gt=F4 pred=F#6 ❌  | doremi: gt=fa pred=sol ❌  | hz: gt=349.2282 pred=450.0 ❌
    [   6/126] sine        sat_light     D5  | midi: gt=74 pred=69 ❌  | spn: gt=D5 pred=C6 ❌  | doremi: gt=re pred=sol ❌  | hz: gt=587.3295 pred=480.0 ❌
    [   7/126] sine        sat_medium    F1  | midi: gt=29 pred=35 ❌  | spn: gt=F1 pred=C2 ❌  | doremi: gt=fa pred=fa# ❌  | hz: gt=43.6535 pred=480.0 ❌
    [   8/126] sine        sat_light     B5  | midi: gt=83 pred=68 ❌  | spn: gt=B5 pred=C6 ❌  | doremi: gt=si pred=sol ❌  | hz: gt=987.7666 pred=1046.53 ❌
    [   9/126] sine        sat_medium    D2  | midi: gt=38 pred=43 ❌  | spn: gt=D2 pred=C4 ❌  | doremi: gt=re pred=fa# ❌  | hz: gt=73.4162 pred=480.0 ❌
    [  10/126] sine        sat_medium    B2  | midi: gt=47 pred=46 ❌  | spn: gt=B2 pred=None ❌  | doremi: gt=si pred=sol ❌  | hz: gt=123.4708 pred=480.0 ❌
    [  11/126] sine        sat_medium    G#3  | midi: gt=56 pred=68 ❌  | spn: gt=G#3 pred=C6 ❌  | doremi: gt=sol# pred=sol ❌  | hz: gt=207.6523 pred=450.0 ❌
    [  12/126] sine        sat_medium    F4  | midi: gt=65 pred=65 ✅  | spn: gt=F4 pred=E6 ❌  | doremi: gt=fa pred=sol ❌  | hz: gt=349.2282 pred=450.0 ❌
    [  13/126] sine        sat_medium    D5  | midi: gt=74 pred=69 ❌  | spn: gt=D5 pred=C6 ❌  | doremi: gt=re pred=sol ❌  | hz: gt=587.3295 pred=659.3 ❌
    [  14/126] sine        sat_medium    B5  | midi: gt=83 pred=68 ❌  | spn: gt=B5 pred=C6 ❌  | doremi: gt=si pred=sol ❌  | hz: gt=987.7666 pred=450.0 ❌
    [  15/126] sine        sat_heavy     F1  | midi: gt=29 pred=35 ❌  | spn: gt=F1 pred=C2 ❌  | doremi: gt=fa pred=sol ❌  | hz: gt=43.6535 pred=430.56 ❌
    [  16/126] sine        sat_heavy     D2  | midi: gt=38 pred=43 ❌  | spn: gt=D2 pred=C4 ❌  | doremi: gt=re pred=fa# ❌  | hz: gt=73.4162 pred=480.0 ❌
    [  17/126] sine        sat_heavy     B2  | midi: gt=47 pred=45 ❌  | spn: gt=B2 pred=A4 ❌  | doremi: gt=si pred=sol ❌  | hz: gt=123.4708 pred=450.0 ❌
    [  18/126] sine        sat_heavy     G#3  | midi: gt=56 pred=68 ❌  | spn: gt=G#3 pred=G6 ❌  | doremi: gt=sol# pred=sol ❌  | hz: gt=207.6523 pred=450.0 ❌
    [  19/126] sine        sat_heavy     F4  | midi: gt=65 pred=65 ✅  | spn: gt=F4 pred=A6 ❌  | doremi: gt=fa pred=sol ❌  | hz: gt=349.2282 pred=450.0 ❌
    [  20/126] sine        sat_heavy     D5  | midi: gt=74 pred=69 ❌  | spn: gt=D5 pred=C6 ❌  | doremi: gt=re pred=sol ❌  | hz: gt=587.3295 pred=1046.53 ❌
    [  21/126] sine        sat_heavy     B5  | midi: gt=83 pred=83 ✅  | spn: gt=B5 pred=C6 ❌  | doremi: gt=si pred=sol ❌  | hz: gt=987.7666 pred=450.0 ❌
    [  22/126] synth_lead  sat_light     F1  | midi: gt=29 pred=36 ❌  | spn: gt=F1 pred=A#2 ❌  | doremi: gt=fa pred=fa# ❌  | hz: gt=43.6535 pred=105.26 ❌
    [  23/126] synth_lead  sat_light     D2  | midi: gt=38 pred=63 ❌  | spn: gt=D2 pred=C6 ❌  | doremi: gt=re pred=fa# ❌  | hz: gt=73.4162 pred=480.0 ❌
    [  24/126] synth_lead  sat_light     B2  | midi: gt=47 pred=48 ❌  | spn: gt=B2 pred=C6 ❌  | doremi: gt=si pred=sol ❌  | hz: gt=123.4708 pred=480.0 ❌
    [  25/126] synth_lead  sat_light     G#3  | midi: gt=56 pred=63 ❌  | spn: gt=G#3 pred=C6 ❌  | doremi: gt=sol# pred=sol# ✅  | hz: gt=207.6523 pred=480.0 ❌
    [  26/126] synth_lead  sat_light     F4  | midi: gt=65 pred=65 ✅  | spn: gt=F4 pred=C6 ❌  | doremi: gt=fa pred=sol# ❌  | hz: gt=349.2282 pred=480.0 ❌
    [  27/126] synth_lead  sat_light     D5  | midi: gt=74 pred=69 ❌  | spn: gt=D5 pred=C6 ❌  | doremi: gt=re pred=sol# ❌  | hz: gt=587.3295 pred=1047.0 ❌
    [  28/126] synth_lead  sat_light     B5  | midi: gt=83 pred=68 ❌  | spn: gt=B5 pred=C6 ❌  | doremi: gt=si pred=sol ❌  | hz: gt=987.7666 pred=1800.0 ❌
    [  29/126] synth_lead  sat_medium    F1  | midi: gt=29 pred=48 ❌  | spn: gt=F1 pred=A#2 ❌  | doremi: gt=fa pred=fa# ❌  | hz: gt=43.6535 pred=105.26 ❌
    [  30/126] synth_lead  sat_medium    D2  | midi: gt=38 pred=65 ❌  | spn: gt=D2 pred=C6 ❌  | doremi: gt=re pred=fa# ❌  | hz: gt=73.4162 pred=480.0 ❌
    [  31/126] synth_lead  sat_medium    G#3  | midi: gt=56 pred=63 ❌  | spn: gt=G#3 pred=C6 ❌  | doremi: gt=sol# pred=sol# ✅  | hz: gt=207.6523 pred=460.0 ❌
    [  32/126] synth_lead  sat_medium    B2  | midi: gt=47 pred=65 ❌  | spn: gt=B2 pred=C6 ❌  | doremi: gt=si pred=fa# ❌  | hz: gt=123.4708 pred=1058.42 ❌
    [  33/126] synth_lead  sat_medium    F4  | midi: gt=65 pred=65 ✅  | spn: gt=F4 pred=C6 ❌  | doremi: gt=fa pred=sol ❌  | hz: gt=349.2282 pred=480.0 ❌
    [  34/126] synth_lead  sat_medium    D5  | midi: gt=74 pred=69 ❌  | spn: gt=D5 pred=C6 ❌  | doremi: gt=re pred=sol# ❌  | hz: gt=587.3295 pred=1046.53 ❌
    [  35/126] synth_lead  sat_medium    B5  | midi: gt=83 pred=68 ❌  | spn: gt=B5 pred=C6 ❌  | doremi: gt=si pred=sol# ❌  | hz: gt=987.7666 pred=1035.48 ❌
    [  36/126] synth_lead  sat_heavy     F1  | midi: gt=29 pred=43 ❌  | spn: gt=F1 pred=A#2 ❌  | doremi: gt=fa pred=fa# ❌  | hz: gt=43.6535 pred=1058.47 ❌
    [  37/126] synth_lead  sat_heavy     D2  | midi: gt=38 pred=65 ❌  | spn: gt=D2 pred=C6 ❌  | doremi: gt=re pred=fa# ❌  | hz: gt=73.4162 pred=1050.0 ❌
    [  38/126] synth_lead  sat_heavy     B2  | midi: gt=47 pred=64 ❌  | spn: gt=B2 pred=C6 ❌  | doremi: gt=si pred=fa# ❌  | hz: gt=123.4708 pred=1052.63 ❌
    [  39/126] synth_lead  sat_heavy     G#3  | midi: gt=56 pred=63 ❌  | spn: gt=G#3 pred=C6 ❌  | doremi: gt=sol# pred=fa# ❌  | hz: gt=207.6523 pred=1058.47 ❌
    [  40/126] synth_lead  sat_heavy     F4  | midi: gt=65 pred=65 ✅  | spn: gt=F4 pred=C6 ❌  | doremi: gt=fa pred=sol ❌  | hz: gt=349.2282 pred=480.0 ❌
    [  41/126] synth_lead  sat_heavy     D5  | midi: gt=74 pred=69 ❌  | spn: gt=D5 pred=D6 ❌  | doremi: gt=re pred=sol# ❌  | hz: gt=587.3295 pred=1046.53 ❌
    [  42/126] synth_lead  sat_heavy     B5  | midi: gt=83 pred=68 ❌  | spn: gt=B5 pred=C6 ❌  | doremi: gt=si pred=sol ❌  | hz: gt=987.7666 pred=1058.43 ❌
    [  43/126] cello       sat_light     F1  | midi: gt=29 pred=34 ❌  | spn: gt=F1 pred=A#2 ❌  | doremi: gt=fa pred=fa# ❌  | hz: gt=43.6535 pred=210.0 ❌
    [  44/126] cello       sat_light     D2  | midi: gt=38 pred=45 ❌  | spn: gt=D2 pred=C2 ❌  | doremi: gt=re pred=sol ❌  | hz: gt=73.4162 pred=250.0 ❌
    [  45/126] cello       sat_light     B2  | midi: gt=47 pred=46 ❌  | spn: gt=B2 pred=A#4 ❌  | doremi: gt=si pred=sol ❌  | hz: gt=123.4708 pred=480.0 ❌
    [  46/126] cello       sat_light     G#3  | midi: gt=56 pred=56 ✅  | spn: gt=G#3 pred=C4 ❌  | doremi: gt=sol# pred=sol ❌  | hz: gt=207.6523 pred=450.0 ❌
    [  47/126] cello       sat_light     F4  | midi: gt=65 pred=65 ✅  | spn: gt=F4 pred=C6 ❌  | doremi: gt=fa pred=sol ❌  | hz: gt=349.2282 pred=420.0 ❌
    [  48/126] cello       sat_light     D5  | midi: gt=74 pred=62 ❌  | spn: gt=D5 pred=C6 ❌  | doremi: gt=re pred=sol ❌  | hz: gt=587.3295 pred=6250.0 ❌
    [  49/126] cello       sat_light     B5  | midi: gt=83 pred=83 ✅  | spn: gt=B5 pred=B6 ❌  | doremi: gt=si pred=sol# ❌  | hz: gt=987.7666 pred=1046.53 ❌
    [  50/126] cello       sat_medium    F1  | midi: gt=29 pred=35 ❌  | spn: gt=F1 pred=A#2 ❌  | doremi: gt=fa pred=la ❌  | hz: gt=43.6535 pred=261.63 ❌
    [  51/126] cello       sat_medium    D2  | midi: gt=38 pred=36 ❌  | spn: gt=D2 pred=C2 ❌  | doremi: gt=re pred=sol ❌  | hz: gt=73.4162 pred=250.0 ❌
    [  52/126] cello       sat_medium    B2  | midi: gt=47 pred=46 ❌  | spn: gt=B2 pred=C4 ❌  | doremi: gt=si pred=sol ❌  | hz: gt=123.4708 pred=105.26 ❌
    [  53/126] cello       sat_medium    G#3  | midi: gt=56 pred=56 ✅  | spn: gt=G#3 pred=C6 ❌  | doremi: gt=sol# pred=sol# ✅  | hz: gt=207.6523 pred=1053.84 ❌
    [  54/126] cello       sat_medium    F4  | midi: gt=65 pred=65 ✅  | spn: gt=F4 pred=F4 ✅  | doremi: gt=fa pred=sol ❌  | hz: gt=349.2282 pred=420.0 ❌
    [  55/126] cello       sat_medium    D5  | midi: gt=74 pred=62 ❌  | spn: gt=D5 pred=C6 ❌  | doremi: gt=re pred=sol ❌  | hz: gt=587.3295 pred=6750.0 ❌
    [  56/126] cello       sat_medium    B5  | midi: gt=83 pred=84 ❌  | spn: gt=B5 pred=C6 ❌  | doremi: gt=si pred=sol# ❌  | hz: gt=987.7666 pred=1046.57 ❌
    [  57/126] cello       sat_heavy     F1  | midi: gt=29 pred=48 ❌  | spn: gt=F1 pred=A#2 ❌  | doremi: gt=fa pred=sol ❌  | hz: gt=43.6535 pred=107.85 ❌
    [  58/126] cello       sat_heavy     D2  | midi: gt=38 pred=45 ❌  | spn: gt=D2 pred=C4 ❌  | doremi: gt=re pred=fa# ❌  | hz: gt=73.4162 pred=166.67 ❌
    [  59/126] cello       sat_heavy     B2  | midi: gt=47 pred=48 ❌  | spn: gt=B2 pred=C6 ❌  | doremi: gt=si pred=fa# ❌  | hz: gt=123.4708 pred=166.67 ❌
    [  60/126] cello       sat_heavy     G#3  | midi: gt=56 pred=56 ✅  | spn: gt=G#3 pred=None ❌  | doremi: gt=sol# pred=sol# ✅  | hz: gt=207.6523 pred=1054.72 ❌
    [  61/126] cello       sat_heavy     F4  | midi: gt=65 pred=69 ❌  | spn: gt=F4 pred=F#6 ❌  | doremi: gt=fa pred=sol# ❌  | hz: gt=349.2282 pred=408.0 ❌
    [  62/126] cello       sat_heavy     D5  | midi: gt=74 pred=69 ❌  | spn: gt=D5 pred=D6 ❌  | doremi: gt=re pred=sol ❌  | hz: gt=587.3295 pred=6250.0 ❌
    [  63/126] cello       sat_heavy     B5  | midi: gt=83 pred=69 ❌  | spn: gt=B5 pred=B6 ❌  | doremi: gt=si pred=sol# ❌  | hz: gt=987.7666 pred=1046.57 ❌
    [  64/126] flute       sat_light     F1  | midi: gt=29 pred=35 ❌  | spn: gt=F1 pred=A#2 ❌  | doremi: gt=fa pred=fa# ❌  | hz: gt=43.6535 pred=105.26 ❌
    [  65/126] flute       sat_light     D2  | midi: gt=38 pred=45 ❌  | spn: gt=D2 pred=C2 ❌  | doremi: gt=re pred=fa# ❌  | hz: gt=73.4162 pred=105.26 ❌
    [  66/126] flute       sat_light     B2  | midi: gt=47 pred=48 ❌  | spn: gt=B2 pred=C6 ❌  | doremi: gt=si pred=fa# ❌  | hz: gt=123.4708 pred=480.0 ❌
    [  67/126] flute       sat_light     G#3  | midi: gt=56 pred=45 ❌  | spn: gt=G#3 pred=C4 ❌  | doremi: gt=sol# pred=sol ❌  | hz: gt=207.6523 pred=435.0 ❌
    [  68/126] flute       sat_light     F4  | midi: gt=65 pred=65 ✅  | spn: gt=F4 pred=C6 ❌  | doremi: gt=fa pred=sol ❌  | hz: gt=349.2282 pred=261.63 ❌
    [  69/126] flute       sat_light     D5  | midi: gt=74 pred=68 ❌  | spn: gt=D5 pred=C6 ❌  | doremi: gt=re pred=sol ❌  | hz: gt=587.3295 pred=493.88 ❌
    [  70/126] flute       sat_light     B5  | midi: gt=83 pred=83 ✅  | spn: gt=B5 pred=C6 ❌  | doremi: gt=si pred=sol ❌  | hz: gt=987.7666 pred=830.41 ❌
    [  71/126] flute       sat_medium    F1  | midi: gt=29 pred=43 ❌  | spn: gt=F1 pred=C2 ❌  | doremi: gt=fa pred=fa# ❌  | hz: gt=43.6535 pred=415.3 ❌
    [  72/126] flute       sat_medium    D2  | midi: gt=38 pred=45 ❌  | spn: gt=D2 pred=C2 ❌  | doremi: gt=re pred=fa# ❌  | hz: gt=73.4162 pred=415.3 ❌
    [  73/126] flute       sat_medium    B2  | midi: gt=47 pred=48 ❌  | spn: gt=B2 pred=C6 ❌  | doremi: gt=si pred=fa# ❌  | hz: gt=123.4708 pred=480.0 ❌
    [  74/126] flute       sat_medium    G#3  | midi: gt=56 pred=45 ❌  | spn: gt=G#3 pred=C6 ❌  | doremi: gt=sol# pred=sol ❌  | hz: gt=207.6523 pred=435.0 ❌
    [  75/126] flute       sat_medium    F4  | midi: gt=65 pred=64 ❌  | spn: gt=F4 pred=C6 ❌  | doremi: gt=fa pred=sol ❌  | hz: gt=349.2282 pred=480.0 ❌
    [  76/126] flute       sat_medium    D5  | midi: gt=74 pred=69 ❌  | spn: gt=D5 pred=C6 ❌  | doremi: gt=re pred=sol ❌  | hz: gt=587.3295 pred=493.88 ❌
    [  77/126] flute       sat_medium    B5  | midi: gt=83 pred=83 ✅  | spn: gt=B5 pred=C6 ❌  | doremi: gt=si pred=sol ❌  | hz: gt=987.7666 pred=1046.53 ❌
    [  78/126] flute       sat_heavy     F1  | midi: gt=29 pred=45 ❌  | spn: gt=F1 pred=C2 ❌  | doremi: gt=fa pred=fa# ❌  | hz: gt=43.6535 pred=105.26 ❌
    [  79/126] flute       sat_heavy     D2  | midi: gt=38 pred=64 ❌  | spn: gt=D2 pred=C6 ❌  | doremi: gt=re pred=fa# ❌  | hz: gt=73.4162 pred=1058.43 ❌
    [  80/126] flute       sat_heavy     B2  | midi: gt=47 pred=63 ❌  | spn: gt=B2 pred=C6 ❌  | doremi: gt=si pred=fa# ❌  | hz: gt=123.4708 pred=450.0 ❌
    [  81/126] flute       sat_heavy     G#3  | midi: gt=56 pred=45 ❌  | spn: gt=G#3 pred=G2 ❌  | doremi: gt=sol# pred=sol# ✅  | hz: gt=207.6523 pred=450.0 ❌
    [  82/126] flute       sat_heavy     F4  | midi: gt=65 pred=69 ❌  | spn: gt=F4 pred=C6 ❌  | doremi: gt=fa pred=sol# ❌  | hz: gt=349.2282 pred=450.0 ❌
    [  83/126] flute       sat_heavy     D5  | midi: gt=74 pred=69 ❌  | spn: gt=D5 pred=D6 ❌  | doremi: gt=re pred=sol ❌  | hz: gt=587.3295 pred=1046.53 ❌
    [  84/126] flute       sat_heavy     B5  | midi: gt=83 pred=83 ✅  | spn: gt=B5 pred=B6 ❌  | doremi: gt=si pred=sol# ❌  | hz: gt=987.7666 pred=1046.53 ❌
    [  85/126] piano       sat_light     F1  | midi: gt=29 pred=43 ❌  | spn: gt=F1 pred=C6 ❌  | doremi: gt=fa pred=sol ❌  | hz: gt=43.6535 pred=435.0 ❌
    [  86/126] piano       sat_light     D2  | midi: gt=38 pred=63 ❌  | spn: gt=D2 pred=C6 ❌  | doremi: gt=re pred=fa# ❌  | hz: gt=73.4162 pred=480.0 ❌
    [  87/126] piano       sat_light     B2  | midi: gt=47 pred=46 ❌  | spn: gt=B2 pred=A#2 ❌  | doremi: gt=si pred=sol ❌  | hz: gt=123.4708 pred=460.0 ❌
    [  88/126] piano       sat_light     G#3  | midi: gt=56 pred=56 ✅  | spn: gt=G#3 pred=C6 ❌  | doremi: gt=sol# pred=sol ❌  | hz: gt=207.6523 pred=493.88 ❌
    [  89/126] piano       sat_light     F4  | midi: gt=65 pred=63 ❌  | spn: gt=F4 pred=F#2 ❌  | doremi: gt=fa pred=sol ❌  | hz: gt=349.2282 pred=450.0 ❌
    [  90/126] piano       sat_light     D5  | midi: gt=74 pred=68 ❌  | spn: gt=D5 pred=C6 ❌  | doremi: gt=re pred=sol ❌  | hz: gt=587.3295 pred=493.88 ❌
    [  91/126] piano       sat_light     B5  | midi: gt=83 pred=83 ✅  | spn: gt=B5 pred=C6 ❌  | doremi: gt=si pred=sol# ❌  | hz: gt=987.7666 pred=1035.0 ❌
    [  92/126] piano       sat_medium    F1  | midi: gt=29 pred=64 ❌  | spn: gt=F1 pred=C6 ❌  | doremi: gt=fa pred=fa# ❌  | hz: gt=43.6535 pred=415.38 ❌
    [  93/126] piano       sat_medium    D2  | midi: gt=38 pred=64 ❌  | spn: gt=D2 pred=C6 ❌  | doremi: gt=re pred=fa# ❌  | hz: gt=73.4162 pred=480.0 ❌
    [  94/126] piano       sat_medium    B2  | midi: gt=47 pred=63 ❌  | spn: gt=B2 pred=C6 ❌  | doremi: gt=si pred=fa# ❌  | hz: gt=123.4708 pred=460.0 ❌
    [  95/126] piano       sat_medium    G#3  | midi: gt=56 pred=63 ❌  | spn: gt=G#3 pred=C6 ❌  | doremi: gt=sol# pred=sol ❌  | hz: gt=207.6523 pred=460.0 ❌
    [  96/126] piano       sat_medium    F4  | midi: gt=65 pred=63 ❌  | spn: gt=F4 pred=C6 ❌  | doremi: gt=fa pred=fa# ❌  | hz: gt=349.2282 pred=465.0 ❌
    [  97/126] piano       sat_medium    D5  | midi: gt=74 pred=68 ❌  | spn: gt=D5 pred=C6 ❌  | doremi: gt=re pred=sol# ❌  | hz: gt=587.3295 pred=493.88 ❌
    [  98/126] piano       sat_medium    B5  | midi: gt=83 pred=68 ❌  | spn: gt=B5 pred=C6 ❌  | doremi: gt=si pred=sol# ❌  | hz: gt=987.7666 pred=1035.87 ❌
    [  99/126] piano       sat_heavy     F1  | midi: gt=29 pred=64 ❌  | spn: gt=F1 pred=C6 ❌  | doremi: gt=fa pred=fa# ❌  | hz: gt=43.6535 pred=415.38 ❌
    [ 100/126] piano       sat_heavy     D2  | midi: gt=38 pred=64 ❌  | spn: gt=D2 pred=C6 ❌  | doremi: gt=re pred=fa# ❌  | hz: gt=73.4162 pred=480.0 ❌
    [ 101/126] piano       sat_heavy     B2  | midi: gt=47 pred=63 ❌  | spn: gt=B2 pred=A#6 ❌  | doremi: gt=si pred=fa# ❌  | hz: gt=123.4708 pred=1054.87 ❌
    [ 102/126] piano       sat_heavy     G#3  | midi: gt=56 pred=65 ❌  | spn: gt=G#3 pred=C6 ❌  | doremi: gt=sol# pred=fa# ❌  | hz: gt=207.6523 pred=480.0 ❌
    [ 103/126] piano       sat_heavy     F4  | midi: gt=65 pred=65 ✅  | spn: gt=F4 pred=C6 ❌  | doremi: gt=fa pred=fa# ❌  | hz: gt=349.2282 pred=480.0 ❌
    [ 104/126] piano       sat_heavy     D5  | midi: gt=74 pred=69 ❌  | spn: gt=D5 pred=C6 ❌  | doremi: gt=re pred=fa# ❌  | hz: gt=587.3295 pred=1058.47 ❌
    [ 105/126] piano       sat_heavy     B5  | midi: gt=83 pred=68 ❌  | spn: gt=B5 pred=C6 ❌  | doremi: gt=si pred=sol ❌  | hz: gt=987.7666 pred=1034.58 ❌
    [ 106/126] voice       sat_light     F1  | midi: gt=29 pred=43 ❌  | spn: gt=F1 pred=C2 ❌  | doremi: gt=fa pred=fa# ❌  | hz: gt=43.6535 pred=415.3 ❌
    [ 107/126] voice       sat_light     D2  | midi: gt=38 pred=63 ❌  | spn: gt=D2 pred=C6 ❌  | doremi: gt=re pred=fa# ❌  | hz: gt=73.4162 pred=1250.0 ❌
    [ 108/126] voice       sat_light     B2  | midi: gt=47 pred=63 ❌  | spn: gt=B2 pred=C6 ❌  | doremi: gt=si pred=fa# ❌  | hz: gt=123.4708 pred=480.0 ❌
    [ 109/126] voice       sat_light     F4  | midi: gt=65 pred=65 ✅  | spn: gt=F4 pred=E6 ❌  | doremi: gt=fa pred=sol ❌  | hz: gt=349.2282 pred=480.0 ❌
    [ 110/126] voice       sat_light     G#3  | midi: gt=56 pred=68 ❌  | spn: gt=G#3 pred=None ❌  | doremi: gt=sol# pred=sol ❌  | hz: gt=207.6523 pred=436.5 ❌
    [ 111/126] voice       sat_light     D5  | midi: gt=74 pred=62 ❌  | spn: gt=D5 pred=C6 ❌  | doremi: gt=re pred=sol# ❌  | hz: gt=587.3295 pred=480.0 ❌
    [ 112/126] voice       sat_light     B5  | midi: gt=83 pred=83 ✅  | spn: gt=B5 pred=B6 ❌  | doremi: gt=si pred=sol# ❌  | hz: gt=987.7666 pred=1046.57 ❌
    [ 113/126] voice       sat_medium    F1  | midi: gt=29 pred=43 ❌  | spn: gt=F1 pred=C2 ❌  | doremi: gt=fa pred=fa# ❌  | hz: gt=43.6535 pred=415.32 ❌
    [ 114/126] voice       sat_medium    D2  | midi: gt=38 pred=64 ❌  | spn: gt=D2 pred=C6 ❌  | doremi: gt=re pred=fa# ❌  | hz: gt=73.4162 pred=415.38 ❌
    [ 115/126] voice       sat_medium    B2  | midi: gt=47 pred=64 ❌  | spn: gt=B2 pred=C6 ❌  | doremi: gt=si pred=fa# ❌  | hz: gt=123.4708 pred=415.38 ❌
    [ 116/126] voice       sat_medium    G#3  | midi: gt=56 pred=68 ❌  | spn: gt=G#3 pred=C4 ❌  | doremi: gt=sol# pred=sol ❌  | hz: gt=207.6523 pred=435.0 ❌
    [ 117/126] voice       sat_medium    F4  | midi: gt=65 pred=69 ❌  | spn: gt=F4 pred=E6 ❌  | doremi: gt=fa pred=sol# ❌  | hz: gt=349.2282 pred=480.0 ❌
    [ 118/126] voice       sat_medium    D5  | midi: gt=74 pred=69 ❌  | spn: gt=D5 pred=C6 ❌  | doremi: gt=re pred=sol# ❌  | hz: gt=587.3295 pred=1058.43 ❌
    [ 119/126] voice       sat_medium    B5  | midi: gt=83 pred=83 ✅  | spn: gt=B5 pred=C6 ❌  | doremi: gt=si pred=sol# ❌  | hz: gt=987.7666 pred=1046.57 ❌
    [ 120/126] voice       sat_heavy     F1  | midi: gt=29 pred=63 ❌  | spn: gt=F1 pred=C6 ❌  | doremi: gt=fa pred=fa# ❌  | hz: gt=43.6535 pred=1052.63 ❌
    [ 121/126] voice       sat_heavy     D2  | midi: gt=38 pred=64 ❌  | spn: gt=D2 pred=C6 ❌  | doremi: gt=re pred=fa# ❌  | hz: gt=73.4162 pred=415.38 ❌
    [ 122/126] voice       sat_heavy     B2  | midi: gt=47 pred=69 ❌  | spn: gt=B2 pred=C6 ❌  | doremi: gt=si pred=fa# ❌  | hz: gt=123.4708 pred=415.38 ❌
    [ 123/126] voice       sat_heavy     G#3  | midi: gt=56 pred=69 ❌  | spn: gt=G#3 pred=C6 ❌  | doremi: gt=sol# pred=fa# ❌  | hz: gt=207.6523 pred=1058.43 ❌
    [ 124/126] voice       sat_heavy     F4  | midi: gt=65 pred=64 ❌  | spn: gt=F4 pred=E6 ❌  | doremi: gt=fa pred=sol# ❌  | hz: gt=349.2282 pred=460.0 ❌
    [ 125/126] voice       sat_heavy     D5  | midi: gt=74 pred=69 ❌  | spn: gt=D5 pred=D6 ❌  | doremi: gt=re pred=sol ❌  | hz: gt=587.3295 pred=1046.53 ❌
    [ 126/126] voice       sat_heavy     B5  | midi: gt=83 pred=84 ❌  | spn: gt=B5 pred=B6 ❌  | doremi: gt=si pred=sol# ❌  | hz: gt=987.7666 pred=1046.57 ❌

============================================================
SUMMARY — audio_flamingo_next_instruct
  Sampling     : none (full set of 126)
  Stimuli (total)     : 126
  Stimuli (condition) : 126  (all records)

  Format   Accuracy
  ──────────────────
    MIDI      18.2%
     SPN       0.8%
  DOREMI       4.0%
      HZ       0.0%
     ANY      18.2%

  *** WARNING: working tree has uncommitted changes — results will NOT be exactly reproducible from git_commit alone ***


Results saved → results/analysis/run_20260506_193058/pitchbench_e3_harmonic_saturation/run_001_20260506_200951/results_audio_flamingo_next_instruct.*

############################################################
# pitchbench_e4_time_stretching
############################################################

Experiment : pitchbench_e4_time_stretching
Models     : audio_flamingo_next_instruct
Stimuli    : 288
  Sampling     : none (full set of 288)

  Model : Audio Flamingo Next – instruct
    [dispatch] 288 items, max_workers=2
    [   1/288] sine        resample_0.5x   orig=C2   → gt=C3  | midi: gt=48 pred=48 ✅  | spn: gt=C3 pred=C6 ❌  | doremi: gt=do pred=sol ❌  | hz: gt=130.8128 pred=480.0 ❌
    [   2/288] sine        resample_0.5x   orig=G2   → gt=G3  | midi: gt=55 pred=56 ❌  | spn: gt=G3 pred=C6 ❌  | doremi: gt=sol pred=sol ✅  | hz: gt=195.9977 pred=480.0 ❌
    [   3/288] sine        resample_0.5x   orig=C3   → gt=C4  | midi: gt=60 pred=63 ❌  | spn: gt=C4 pred=C6 ❌  | doremi: gt=do pred=sol ❌  | hz: gt=261.6256 pred=480.0 ❌
    [   4/288] sine        resample_0.5x   orig=F#3  → gt=F#4  | midi: gt=66 pred=65 ❌  | spn: gt=F#4 pred=C6 ❌  | doremi: gt=fa# pred=sol ❌  | hz: gt=369.9944 pred=480.0 ❌
    [   5/288] sine        resample_0.5x   orig=C4   → gt=C5  | midi: gt=72 pred=68 ❌  | spn: gt=C5 pred=C6 ❌  | doremi: gt=do pred=sol ❌  | hz: gt=523.2511 pred=480.0 ❌
    [   6/288] sine        resample_0.5x   orig=A#3  → gt=A#4  | midi: gt=70 pred=69 ❌  | spn: gt=A#4 pred=C6 ❌  | doremi: gt=la# pred=sol ❌  | hz: gt=466.1638 pred=480.0 ❌
    [   7/288] sine        resample_0.5x   orig=G4   → gt=G5  | midi: gt=79 pred=68 ❌  | spn: gt=G5 pred=C6 ❌  | doremi: gt=sol pred=sol ✅  | hz: gt=783.9909 pred=480.0 ❌
    [   8/288] sine        resample_0.5x   orig=E4   → gt=E5  | midi: gt=76 pred=68 ❌  | spn: gt=E5 pred=C6 ❌  | doremi: gt=mi pred=sol ❌  | hz: gt=659.2551 pred=415.3 ❌
    [   9/288] sine        resample_0.5x   orig=A4   → gt=A5  | midi: gt=81 pred=69 ❌  | spn: gt=A5 pred=C6 ❌  | doremi: gt=la pred=sol ❌  | hz: gt=880.0 pred=450.0 ❌
    [  10/288] sine        resample_0.5x   orig=C5   → gt=C6  | midi: gt=84 pred=68 ❌  | spn: gt=C6 pred=C6 ✅  | doremi: gt=do pred=sol ❌  | hz: gt=1046.5023 pred=480.0 ❌
    [  11/288] sine        resample_0.5x   orig=C6   → gt=C7  | midi: gt=96 pred=68 ❌  | spn: gt=C7 pred=C6 ❌  | doremi: gt=do pred=sol ❌  | hz: gt=2093.0045 pred=480.0 ❌
    [  12/288] sine        resample_0.5x   orig=F5   → gt=F6  | midi: gt=89 pred=68 ❌  | spn: gt=F6 pred=C6 ❌  | doremi: gt=fa pred=sol ❌  | hz: gt=1396.9129 pred=4035.92 ❌
    [  13/288] sine        resample_2x     orig=C2   → gt=C1  | midi: gt=24 pred=35 ❌  | spn: gt=C1 pred=C2 ❌  | doremi: gt=do pred=sol ❌  | hz: gt=32.7032 pred=250.0 ❌
    [  14/288] sine        resample_2x     orig=G2   → gt=G1  | midi: gt=31 pred=48 ❌  | spn: gt=G1 pred=C2 ❌  | doremi: gt=sol pred=sol ✅  | hz: gt=48.9994 pred=105.26 ❌
    [  15/288] sine        resample_2x     orig=C3   → gt=C2  | midi: gt=36 pred=48 ❌  | spn: gt=C2 pred=C2 ✅  | doremi: gt=do pred=sol ❌  | hz: gt=65.4064 pred=480.0 ❌
    [  16/288] sine        resample_2x     orig=F#3  → gt=F#2  | midi: gt=42 pred=48 ❌  | spn: gt=F#2 pred=C4 ❌  | doremi: gt=fa# pred=sol ❌  | hz: gt=92.4986 pred=480.0 ❌
    [  17/288] sine        resample_2x     orig=A#3  → gt=A#2  | midi: gt=46 pred=45 ❌  | spn: gt=A#2 pred=C6 ❌  | doremi: gt=la# pred=sol ❌  | hz: gt=116.5409 pred=450.0 ❌
    [  18/288] sine        resample_2x     orig=C4   → gt=C3  | midi: gt=48 pred=48 ✅  | spn: gt=C3 pred=C2 ❌  | doremi: gt=do pred=sol ❌  | hz: gt=130.8128 pred=480.0 ❌
    [  19/288] sine        resample_2x     orig=E4   → gt=E3  | midi: gt=52 pred=53 ❌  | spn: gt=E3 pred=C4 ❌  | doremi: gt=mi pred=sol ❌  | hz: gt=164.8138 pred=250.0 ❌
    [  20/288] sine        resample_2x     orig=G4   → gt=G3  | midi: gt=55 pred=56 ❌  | spn: gt=G3 pred=C6 ❌  | doremi: gt=sol pred=sol ✅  | hz: gt=195.9977 pred=107.65 ❌
    [  21/288] sine        resample_2x     orig=A4   → gt=A3  | midi: gt=57 pred=48 ❌  | spn: gt=A3 pred=A2 ❌  | doremi: gt=la pred=sol ❌  | hz: gt=220.0 pred=105.26 ❌
    [  22/288] sine        resample_2x     orig=C5   → gt=C4  | midi: gt=60 pred=63 ❌  | spn: gt=C4 pred=C6 ❌  | doremi: gt=do pred=sol ❌  | hz: gt=261.6256 pred=107.89 ❌
    [  23/288] sine        resample_2x     orig=F5   → gt=F4  | midi: gt=65 pred=64 ❌  | spn: gt=F4 pred=C6 ❌  | doremi: gt=fa pred=sol ❌  | hz: gt=349.2282 pred=107.89 ❌
    [  24/288] sine        resample_2x     orig=C6   → gt=C5  | midi: gt=72 pred=63 ❌  | spn: gt=C5 pred=C6 ❌  | doremi: gt=do pred=sol ❌  | hz: gt=523.2511 pred=480.0 ❌
    [  25/288] sine        stretch_0.5x    orig=C2   → gt=C2  | midi: gt=36 pred=48 ❌  | spn: gt=C2 pred=C2 ✅  | doremi: gt=do pred=sol ❌  | hz: gt=65.4064 pred=480.0 ❌
    [  26/288] sine        stretch_0.5x    orig=G2   → gt=G2  | midi: gt=43 pred=45 ❌  | spn: gt=G2 pred=C4 ❌  | doremi: gt=sol pred=sol ✅  | hz: gt=97.9989 pred=480.0 ❌
    [  27/288] sine        stretch_0.5x    orig=C3   → gt=C3  | midi: gt=48 pred=48 ✅  | spn: gt=C3 pred=C6 ❌  | doremi: gt=do pred=sol ❌  | hz: gt=130.8128 pred=480.0 ❌
    [  28/288] sine        stretch_0.5x    orig=F#3  → gt=F#3  | midi: gt=54 pred=54 ✅  | spn: gt=F#3 pred=C4 ❌  | doremi: gt=fa# pred=sol ❌  | hz: gt=184.9972 pred=480.0 ❌
    [  29/288] sine        stretch_0.5x    orig=C4   → gt=C4  | midi: gt=60 pred=63 ❌  | spn: gt=C4 pred=C6 ❌  | doremi: gt=do pred=sol ❌  | hz: gt=261.6256 pred=480.0 ❌
    [  30/288] sine        stretch_0.5x    orig=A#3  → gt=A#3  | midi: gt=58 pred=58 ✅  | spn: gt=A#3 pred=None ❌  | doremi: gt=la# pred=sol ❌  | hz: gt=233.0819 pred=450.0 ❌
    [  31/288] sine        stretch_0.5x    orig=E4   → gt=E4  | midi: gt=64 pred=63 ❌  | spn: gt=E4 pred=C4 ❌  | doremi: gt=mi pred=sol ❌  | hz: gt=329.6276 pred=480.0 ❌
    [  32/288] sine        stretch_0.5x    orig=G4   → gt=G4  | midi: gt=67 pred=63 ❌  | spn: gt=G4 pred=C6 ❌  | doremi: gt=sol pred=sol ✅  | hz: gt=391.9954 pred=480.0 ❌
    [  33/288] sine        stretch_0.5x    orig=A4   → gt=A4  | midi: gt=69 pred=69 ✅  | spn: gt=A4 pred=None ❌  | doremi: gt=la pred=sol ❌  | hz: gt=440.0 pred=450.0 ❌
    [  34/288] sine        stretch_0.5x    orig=C5   → gt=C5  | midi: gt=72 pred=68 ❌  | spn: gt=C5 pred=C6 ❌  | doremi: gt=do pred=sol ❌  | hz: gt=523.2511 pred=480.0 ❌
    [  35/288] sine        stretch_0.5x    orig=F5   → gt=F5  | midi: gt=77 pred=68 ❌  | spn: gt=F5 pred=C6 ❌  | doremi: gt=fa pred=sol ❌  | hz: gt=698.4565 pred=480.0 ❌
    [  36/288] sine        stretch_0.5x    orig=C6   → gt=C6  | midi: gt=84 pred=68 ❌  | spn: gt=C6 pred=C6 ✅  | doremi: gt=do pred=sol ❌  | hz: gt=1046.5023 pred=480.0 ❌
    [  37/288] sine        stretch_2x      orig=G2   → gt=G2  | midi: gt=43 pred=48 ❌  | spn: gt=G2 pred=C4 ❌  | doremi: gt=sol pred=sol ✅  | hz: gt=97.9989 pred=480.0 ❌
    [  38/288] sine        stretch_2x      orig=C2   → gt=C2  | midi: gt=36 pred=48 ❌  | spn: gt=C2 pred=C2 ✅  | doremi: gt=do pred=sol ❌  | hz: gt=65.4064 pred=105.26 ❌
    [  39/288] sine        stretch_2x      orig=C3   → gt=C3  | midi: gt=48 pred=48 ✅  | spn: gt=C3 pred=C6 ❌  | doremi: gt=do pred=sol ❌  | hz: gt=130.8128 pred=480.0 ❌
    [  40/288] sine        stretch_2x      orig=F#3  → gt=F#3  | midi: gt=54 pred=48 ❌  | spn: gt=F#3 pred=C4 ❌  | doremi: gt=fa# pred=sol ❌  | hz: gt=184.9972 pred=480.0 ❌
    [  41/288] sine        stretch_2x      orig=A#3  → gt=A#3  | midi: gt=58 pred=58 ✅  | spn: gt=A#3 pred=None ❌  | doremi: gt=la# pred=sol ❌  | hz: gt=233.0819 pred=250.0 ❌
    [  42/288] sine        stretch_2x      orig=C4   → gt=C4  | midi: gt=60 pred=63 ❌  | spn: gt=C4 pred=C6 ❌  | doremi: gt=do pred=sol ❌  | hz: gt=261.6256 pred=480.0 ❌
    [  43/288] sine        stretch_2x      orig=E4   → gt=E4  | midi: gt=64 pred=64 ✅  | spn: gt=E4 pred=C6 ❌  | doremi: gt=mi pred=sol ❌  | hz: gt=329.6276 pred=480.0 ❌
    [  44/288] sine        stretch_2x      orig=G4   → gt=G4  | midi: gt=67 pred=63 ❌  | spn: gt=G4 pred=C6 ❌  | doremi: gt=sol pred=sol ✅  | hz: gt=391.9954 pred=480.0 ❌
    [  45/288] sine        stretch_2x      orig=A4   → gt=A4  | midi: gt=69 pred=69 ✅  | spn: gt=A4 pred=A6 ❌  | doremi: gt=la pred=sol ❌  | hz: gt=440.0 pred=1050.0 ❌
    [  46/288] sine        stretch_2x      orig=C5   → gt=C5  | midi: gt=72 pred=63 ❌  | spn: gt=C5 pred=C6 ❌  | doremi: gt=do pred=sol ❌  | hz: gt=523.2511 pred=480.0 ❌
    [  47/288] sine        stretch_2x      orig=C6   → gt=C6  | midi: gt=84 pred=68 ❌  | spn: gt=C6 pred=C6 ✅  | doremi: gt=do pred=sol ❌  | hz: gt=1046.5023 pred=480.0 ❌
    [  48/288] sine        stretch_2x      orig=F5   → gt=F5  | midi: gt=77 pred=68 ❌  | spn: gt=F5 pred=C6 ❌  | doremi: gt=fa pred=sol ❌  | hz: gt=698.4565 pred=1075.0 ❌
    [  49/288] synth_lead  resample_0.5x   orig=G2   → gt=G3  | midi: gt=55 pred=65 ❌  | spn: gt=G3 pred=C6 ❌  | doremi: gt=sol pred=sol ✅  | hz: gt=195.9977 pred=480.0 ❌
    [  50/288] synth_lead  resample_0.5x   orig=C2   → gt=C3  | midi: gt=48 pred=64 ❌  | spn: gt=C3 pred=C6 ❌  | doremi: gt=do pred=sol ❌  | hz: gt=130.8128 pred=415.3 ❌
    [  51/288] synth_lead  resample_0.5x   orig=C3   → gt=C4  | midi: gt=60 pred=65 ❌  | spn: gt=C4 pred=C6 ❌  | doremi: gt=do pred=sol ❌  | hz: gt=261.6256 pred=480.0 ❌
    [  52/288] synth_lead  resample_0.5x   orig=F#3  → gt=F#4  | midi: gt=66 pred=65 ❌  | spn: gt=F#4 pred=C6 ❌  | doremi: gt=fa# pred=sol ❌  | hz: gt=369.9944 pred=460.0 ❌
    [  53/288] synth_lead  resample_0.5x   orig=C4   → gt=C5  | midi: gt=72 pred=65 ❌  | spn: gt=C5 pred=C6 ❌  | doremi: gt=do pred=sol ❌  | hz: gt=523.2511 pred=480.0 ❌
    [  54/288] synth_lead  resample_0.5x   orig=A#3  → gt=A#4  | midi: gt=70 pred=69 ❌  | spn: gt=A#4 pred=C6 ❌  | doremi: gt=la# pred=sol ❌  | hz: gt=466.1638 pred=415.3 ❌
    [  55/288] synth_lead  resample_0.5x   orig=E4   → gt=E5  | midi: gt=76 pred=69 ❌  | spn: gt=E5 pred=C6 ❌  | doremi: gt=mi pred=sol ❌  | hz: gt=659.2551 pred=480.0 ❌
    [  56/288] synth_lead  resample_0.5x   orig=G4   → gt=G5  | midi: gt=79 pred=68 ❌  | spn: gt=G5 pred=C6 ❌  | doremi: gt=sol pred=sol ✅  | hz: gt=783.9909 pred=480.0 ❌
    [  57/288] synth_lead  resample_0.5x   orig=A4   → gt=A5  | midi: gt=81 pred=68 ❌  | spn: gt=A5 pred=C6 ❌  | doremi: gt=la pred=sol ❌  | hz: gt=880.0 pred=480.0 ❌
    [  58/288] synth_lead  resample_0.5x   orig=C5   → gt=C6  | midi: gt=84 pred=68 ❌  | spn: gt=C6 pred=C6 ✅  | doremi: gt=do pred=sol ❌  | hz: gt=1046.5023 pred=480.0 ❌
    [  59/288] synth_lead  resample_0.5x   orig=F5   → gt=F6  | midi: gt=89 pred=65 ❌  | spn: gt=F6 pred=C6 ❌  | doremi: gt=fa pred=sol ❌  | hz: gt=1396.9129 pred=460.0 ❌
    [  60/288] synth_lead  resample_0.5x   orig=C6   → gt=C7  | midi: gt=96 pred=65 ❌  | spn: gt=C7 pred=C6 ❌  | doremi: gt=do pred=sol ❌  | hz: gt=2093.0045 pred=1058.43 ❌
    [  61/288] synth_lead  resample_2x     orig=C2   → gt=C1  | midi: gt=24 pred=35 ❌  | spn: gt=C1 pred=C6 ❌  | doremi: gt=do pred=sol ❌  | hz: gt=32.7032 pred=480.0 ❌
    [  62/288] synth_lead  resample_2x     orig=G2   → gt=G1  | midi: gt=31 pred=45 ❌  | spn: gt=G1 pred=C6 ❌  | doremi: gt=sol pred=sol ✅  | hz: gt=48.9994 pred=480.0 ❌
    [  63/288] synth_lead  resample_2x     orig=C3   → gt=C2  | midi: gt=36 pred=48 ❌  | spn: gt=C2 pred=C6 ❌  | doremi: gt=do pred=fa# ❌  | hz: gt=65.4064 pred=480.0 ❌
    [  64/288] synth_lead  resample_2x     orig=F#3  → gt=F#2  | midi: gt=42 pred=48 ❌  | spn: gt=F#2 pred=C6 ❌  | doremi: gt=fa# pred=sol ❌  | hz: gt=92.4986 pred=480.0 ❌
    [  65/288] synth_lead  resample_2x     orig=A#3  → gt=A#2  | midi: gt=46 pred=45 ❌  | spn: gt=A#2 pred=A#2 ✅  | doremi: gt=la# pred=sol ❌  | hz: gt=116.5409 pred=450.0 ❌
    [  66/288] synth_lead  resample_2x     orig=C4   → gt=C3  | midi: gt=48 pred=48 ✅  | spn: gt=C3 pred=C6 ❌  | doremi: gt=do pred=fa# ❌  | hz: gt=130.8128 pred=480.0 ❌
    [  67/288] synth_lead  resample_2x     orig=E4   → gt=E3  | midi: gt=52 pred=48 ❌  | spn: gt=E3 pred=C6 ❌  | doremi: gt=mi pred=sol ❌  | hz: gt=164.8138 pred=480.0 ❌
    [  68/288] synth_lead  resample_2x     orig=G4   → gt=G3  | midi: gt=55 pred=48 ❌  | spn: gt=G3 pred=C6 ❌  | doremi: gt=sol pred=sol ✅  | hz: gt=195.9977 pred=480.0 ❌
    [  69/288] synth_lead  resample_2x     orig=C5   → gt=C4  | midi: gt=60 pred=63 ❌  | spn: gt=C4 pred=C6 ❌  | doremi: gt=do pred=sol ❌  | hz: gt=261.6256 pred=480.0 ❌
    [  70/288] synth_lead  resample_2x     orig=A4   → gt=A3  | midi: gt=57 pred=58 ❌  | spn: gt=A3 pred=None ❌  | doremi: gt=la pred=sol ❌  | hz: gt=220.0 pred=450.0 ❌
    [  71/288] synth_lead  resample_2x     orig=F5   → gt=F4  | midi: gt=65 pred=63 ❌  | spn: gt=F4 pred=C6 ❌  | doremi: gt=fa pred=sol ❌  | hz: gt=349.2282 pred=480.0 ❌
    [  72/288] synth_lead  resample_2x     orig=C6   → gt=C5  | midi: gt=72 pred=63 ❌  | spn: gt=C5 pred=C6 ❌  | doremi: gt=do pred=sol ❌  | hz: gt=523.2511 pred=480.0 ❌
    [  73/288] synth_lead  stretch_0.5x    orig=C2   → gt=C2  | midi: gt=36 pred=63 ❌  | spn: gt=C2 pred=C6 ❌  | doremi: gt=do pred=sol ❌  | hz: gt=65.4064 pred=480.0 ❌
    [  74/288] synth_lead  stretch_0.5x    orig=G2   → gt=G2  | midi: gt=43 pred=43 ✅  | spn: gt=G2 pred=C6 ❌  | doremi: gt=sol pred=sol ✅  | hz: gt=97.9989 pred=480.0 ❌
    [  75/288] synth_lead  stretch_0.5x    orig=C3   → gt=C3  | midi: gt=48 pred=48 ✅  | spn: gt=C3 pred=C6 ❌  | doremi: gt=do pred=sol ❌  | hz: gt=130.8128 pred=480.0 ❌
    [  76/288] synth_lead  stretch_0.5x    orig=F#3  → gt=F#3  | midi: gt=54 pred=65 ❌  | spn: gt=F#3 pred=C6 ❌  | doremi: gt=fa# pred=sol ❌  | hz: gt=184.9972 pred=480.0 ❌
    [  77/288] synth_lead  stretch_0.5x    orig=A#3  → gt=A#3  | midi: gt=58 pred=69 ❌  | spn: gt=A#3 pred=C6 ❌  | doremi: gt=la# pred=sol ❌  | hz: gt=233.0819 pred=450.0 ❌
    [  78/288] synth_lead  stretch_0.5x    orig=C4   → gt=C4  | midi: gt=60 pred=60 ✅  | spn: gt=C4 pred=C6 ❌  | doremi: gt=do pred=sol ❌  | hz: gt=261.6256 pred=480.0 ❌
    [  79/288] synth_lead  stretch_0.5x    orig=E4   → gt=E4  | midi: gt=64 pred=64 ✅  | spn: gt=E4 pred=C6 ❌  | doremi: gt=mi pred=sol ❌  | hz: gt=329.6276 pred=480.0 ❌
    [  80/288] synth_lead  stretch_0.5x    orig=G4   → gt=G4  | midi: gt=67 pred=63 ❌  | spn: gt=G4 pred=C6 ❌  | doremi: gt=sol pred=sol ✅  | hz: gt=391.9954 pred=480.0 ❌
    [  81/288] synth_lead  stretch_0.5x    orig=C5   → gt=C5  | midi: gt=72 pred=65 ❌  | spn: gt=C5 pred=C6 ❌  | doremi: gt=do pred=sol ❌  | hz: gt=523.2511 pred=480.0 ❌
    [  82/288] synth_lead  stretch_0.5x    orig=A4   → gt=A4  | midi: gt=69 pred=68 ❌  | spn: gt=A4 pred=C6 ❌  | doremi: gt=la pred=sol ❌  | hz: gt=440.0 pred=460.0 ❌
    [  83/288] synth_lead  stretch_0.5x    orig=F5   → gt=F5  | midi: gt=77 pred=65 ❌  | spn: gt=F5 pred=C6 ❌  | doremi: gt=fa pred=sol ❌  | hz: gt=698.4565 pred=480.0 ❌
    [  84/288] synth_lead  stretch_0.5x    orig=C6   → gt=C6  | midi: gt=84 pred=69 ❌  | spn: gt=C6 pred=C6 ✅  | doremi: gt=do pred=sol ❌  | hz: gt=1046.5023 pred=1058.37 ❌
    [  85/288] synth_lead  stretch_2x      orig=C2   → gt=C2  | midi: gt=36 pred=48 ❌  | spn: gt=C2 pred=C6 ❌  | doremi: gt=do pred=fa# ❌  | hz: gt=65.4064 pred=480.0 ❌
    [  86/288] synth_lead  stretch_2x      orig=G2   → gt=G2  | midi: gt=43 pred=65 ❌  | spn: gt=G2 pred=C6 ❌  | doremi: gt=sol pred=fa# ❌  | hz: gt=97.9989 pred=480.0 ❌
    [  87/288] synth_lead  stretch_2x      orig=C3   → gt=C3  | midi: gt=48 pred=63 ❌  | spn: gt=C3 pred=C6 ❌  | doremi: gt=do pred=fa# ❌  | hz: gt=130.8128 pred=480.0 ❌
    [  88/288] synth_lead  stretch_2x      orig=F#3  → gt=F#3  | midi: gt=54 pred=65 ❌  | spn: gt=F#3 pred=C6 ❌  | doremi: gt=fa# pred=sol ❌  | hz: gt=184.9972 pred=480.0 ❌
    [  89/288] synth_lead  stretch_2x      orig=A#3  → gt=A#3  | midi: gt=58 pred=63 ❌  | spn: gt=A#3 pred=C6 ❌  | doremi: gt=la# pred=sol ❌  | hz: gt=233.0819 pred=480.0 ❌
    [  90/288] synth_lead  stretch_2x      orig=C4   → gt=C4  | midi: gt=60 pred=60 ✅  | spn: gt=C4 pred=C6 ❌  | doremi: gt=do pred=sol ❌  | hz: gt=261.6256 pred=480.0 ❌
    [  91/288] synth_lead  stretch_2x      orig=E4   → gt=E4  | midi: gt=64 pred=63 ❌  | spn: gt=E4 pred=C6 ❌  | doremi: gt=mi pred=sol ❌  | hz: gt=329.6276 pred=480.0 ❌
    [  92/288] synth_lead  stretch_2x      orig=G4   → gt=G4  | midi: gt=67 pred=69 ❌  | spn: gt=G4 pred=C6 ❌  | doremi: gt=sol pred=sol ✅  | hz: gt=391.9954 pred=480.0 ❌
    [  93/288] synth_lead  stretch_2x      orig=A4   → gt=A4  | midi: gt=69 pred=69 ✅  | spn: gt=A4 pred=C6 ❌  | doremi: gt=la pred=sol ❌  | hz: gt=440.0 pred=480.0 ❌
    [  94/288] synth_lead  stretch_2x      orig=C5   → gt=C5  | midi: gt=72 pred=68 ❌  | spn: gt=C5 pred=C6 ❌  | doremi: gt=do pred=sol ❌  | hz: gt=523.2511 pred=480.0 ❌
    [  95/288] synth_lead  stretch_2x      orig=F5   → gt=F5  | midi: gt=77 pred=68 ❌  | spn: gt=F5 pred=C6 ❌  | doremi: gt=fa pred=sol ❌  | hz: gt=698.4565 pred=480.0 ❌
    [  96/288] synth_lead  stretch_2x      orig=C6   → gt=C6  | midi: gt=84 pred=84 ✅  | spn: gt=C6 pred=C6 ✅  | doremi: gt=do pred=sol ❌  | hz: gt=1046.5023 pred=1034.52 ❌
    [  97/288] cello       resample_0.5x   orig=C2   → gt=C3  | midi: gt=48 pred=64 ❌  | spn: gt=C3 pred=C6 ❌  | doremi: gt=do pred=sol ❌  | hz: gt=130.8128 pred=460.0 ❌
    [  98/288] cello       resample_0.5x   orig=G2   → gt=G3  | midi: gt=55 pred=53 ❌  | spn: gt=G3 pred=C6 ❌  | doremi: gt=sol pred=sol ✅  | hz: gt=195.9977 pred=480.0 ❌
    [  99/288] cello       resample_0.5x   orig=C3   → gt=C4  | midi: gt=60 pred=63 ❌  | spn: gt=C4 pred=C6 ❌  | doremi: gt=do pred=sol ❌  | hz: gt=261.6256 pred=480.0 ❌
    [ 100/288] cello       resample_0.5x   orig=F#3  → gt=F#4  | midi: gt=66 pred=68 ❌  | spn: gt=F#4 pred=C6 ❌  | doremi: gt=fa# pred=sol ❌  | hz: gt=369.9944 pred=480.0 ❌
    [ 101/288] cello       resample_0.5x   orig=A#3  → gt=A#4  | midi: gt=70 pred=69 ❌  | spn: gt=A#4 pred=C6 ❌  | doremi: gt=la# pred=sol ❌  | hz: gt=466.1638 pred=460.0 ❌
    [ 102/288] cello       resample_0.5x   orig=C4   → gt=C5  | midi: gt=72 pred=68 ❌  | spn: gt=C5 pred=C6 ❌  | doremi: gt=do pred=sol ❌  | hz: gt=523.2511 pred=480.0 ❌
    [ 103/288] cello       resample_0.5x   orig=E4   → gt=E5  | midi: gt=76 pred=68 ❌  | spn: gt=E5 pred=C6 ❌  | doremi: gt=mi pred=sol ❌  | hz: gt=659.2551 pred=480.0 ❌
    [ 104/288] cello       resample_0.5x   orig=G4   → gt=G5  | midi: gt=79 pred=68 ❌  | spn: gt=G5 pred=C6 ❌  | doremi: gt=sol pred=sol ✅  | hz: gt=783.9909 pred=1046.53 ❌
    [ 105/288] cello       resample_0.5x   orig=A4   → gt=A5  | midi: gt=81 pred=83 ❌  | spn: gt=A5 pred=C6 ❌  | doremi: gt=la pred=sol# ❌  | hz: gt=880.0 pred=1046.53 ❌
    [ 106/288] cello       resample_0.5x   orig=C5   → gt=C6  | midi: gt=84 pred=68 ❌  | spn: gt=C6 pred=C6 ✅  | doremi: gt=do pred=sol# ❌  | hz: gt=1046.5023 pred=480.0 ❌
    [ 107/288] cello       resample_0.5x   orig=F5   → gt=F6  | midi: gt=89 pred=68 ❌  | spn: gt=F6 pred=C6 ❌  | doremi: gt=fa pred=sol ❌  | hz: gt=1396.9129 pred=1046.53 ❌
    [ 108/288] cello       resample_0.5x   orig=C6   → gt=C7  | midi: gt=96 pred=68 ❌  | spn: gt=C7 pred=C6 ❌  | doremi: gt=do pred=sol# ❌  | hz: gt=2093.0045 pred=415.306872493 ❌
    [ 109/288] cello       resample_2x     orig=C2   → gt=C1  | midi: gt=24 pred=48 ❌  | spn: gt=C1 pred=A#1 ❌  | doremi: gt=do pred=sol ❌  | hz: gt=32.7032 pred=105.26 ❌
    [ 110/288] cello       resample_2x     orig=G2   → gt=G1  | midi: gt=31 pred=34 ❌  | spn: gt=G1 pred=A#2 ❌  | doremi: gt=sol pred=fa# ❌  | hz: gt=48.9994 pred=105.26 ❌
    [ 111/288] cello       resample_2x     orig=C3   → gt=C2  | midi: gt=36 pred=48 ❌  | spn: gt=C2 pred=C2 ✅  | doremi: gt=do pred=fa# ❌  | hz: gt=65.4064 pred=130.81 ❌
    [ 112/288] cello       resample_2x     orig=F#3  → gt=F#2  | midi: gt=42 pred=43 ❌  | spn: gt=F#2 pred=F#2 ✅  | doremi: gt=fa# pred=sol ❌  | hz: gt=92.4986 pred=430.51 ❌
    [ 113/288] cello       resample_2x     orig=A#3  → gt=A#2  | midi: gt=46 pred=45 ❌  | spn: gt=A#2 pred=A#2 ✅  | doremi: gt=la# pred=fa# ❌  | hz: gt=116.5409 pred=450.0 ❌
    [ 114/288] cello       resample_2x     orig=C4   → gt=C3  | midi: gt=48 pred=48 ✅  | spn: gt=C3 pred=C4 ❌  | doremi: gt=do pred=sol ❌  | hz: gt=130.8128 pred=480.0 ❌
    [ 115/288] cello       resample_2x     orig=E4   → gt=E3  | midi: gt=52 pred=53 ❌  | spn: gt=E3 pred=C4 ❌  | doremi: gt=mi pred=sol ❌  | hz: gt=164.8138 pred=480.0 ❌
    [ 116/288] cello       resample_2x     orig=G4   → gt=G3  | midi: gt=55 pred=43 ❌  | spn: gt=G3 pred=G2 ❌  | doremi: gt=sol pred=sol ✅  | hz: gt=195.9977 pred=450.0 ❌
    [ 117/288] cello       resample_2x     orig=A4   → gt=A3  | midi: gt=57 pred=45 ❌  | spn: gt=A3 pred=None ❌  | doremi: gt=la pred=sol ❌  | hz: gt=220.0 pred=450.0 ❌
    [ 118/288] cello       resample_2x     orig=C5   → gt=C4  | midi: gt=60 pred=63 ❌  | spn: gt=C4 pred=C6 ❌  | doremi: gt=do pred=sol ❌  | hz: gt=261.6256 pred=480.0 ❌
    [ 119/288] cello       resample_2x     orig=F5   → gt=F4  | midi: gt=65 pred=69 ❌  | spn: gt=F4 pred=C6 ❌  | doremi: gt=fa pred=sol ❌  | hz: gt=349.2282 pred=480.0 ❌
    [ 120/288] cello       resample_2x     orig=C6   → gt=C5  | midi: gt=72 pred=63 ❌  | spn: gt=C5 pred=C6 ❌  | doremi: gt=do pred=sol ❌  | hz: gt=523.2511 pred=480.0 ❌
    [ 121/288] cello       stretch_0.5x    orig=C2   → gt=C2  | midi: gt=36 pred=48 ❌  | spn: gt=C2 pred=C2 ✅  | doremi: gt=do pred=fa# ❌  | hz: gt=65.4064 pred=105.26 ❌
    [ 122/288] cello       stretch_0.5x    orig=G2   → gt=G2  | midi: gt=43 pred=43 ✅  | spn: gt=G2 pred=A#5 ❌  | doremi: gt=sol pred=sol ✅  | hz: gt=97.9989 pred=430.51 ❌
    [ 123/288] cello       stretch_0.5x    orig=C3   → gt=C3  | midi: gt=48 pred=48 ✅  | spn: gt=C3 pred=C4 ❌  | doremi: gt=do pred=sol ❌  | hz: gt=130.8128 pred=480.0 ❌
    [ 124/288] cello       stretch_0.5x    orig=F#3  → gt=F#3  | midi: gt=54 pred=54 ✅  | spn: gt=F#3 pred=F#4 ❌  | doremi: gt=fa# pred=sol ❌  | hz: gt=184.9972 pred=435.0 ❌
    [ 125/288] cello       stretch_0.5x    orig=A#3  → gt=A#3  | midi: gt=58 pred=68 ❌  | spn: gt=A#3 pred=C6 ❌  | doremi: gt=la# pred=sol ❌  | hz: gt=233.0819 pred=450.0 ❌
    [ 126/288] cello       stretch_0.5x    orig=C4   → gt=C4  | midi: gt=60 pred=63 ❌  | spn: gt=C4 pred=C6 ❌  | doremi: gt=do pred=sol ❌  | hz: gt=261.6256 pred=480.0 ❌
    [ 127/288] cello       stretch_0.5x    orig=E4   → gt=E4  | midi: gt=64 pred=64 ✅  | spn: gt=E4 pred=C6 ❌  | doremi: gt=mi pred=sol ❌  | hz: gt=329.6276 pred=480.0 ❌
    [ 128/288] cello       stretch_0.5x    orig=G4   → gt=G4  | midi: gt=67 pred=69 ❌  | spn: gt=G4 pred=C6 ❌  | doremi: gt=sol pred=sol ✅  | hz: gt=391.9954 pred=671.0 ❌
    [ 129/288] cello       stretch_0.5x    orig=C5   → gt=C5  | midi: gt=72 pred=68 ❌  | spn: gt=C5 pred=C6 ❌  | doremi: gt=do pred=sol ❌  | hz: gt=523.2511 pred=600.0 ❌
    [ 130/288] cello       stretch_0.5x    orig=A4   → gt=A4  | midi: gt=69 pred=69 ✅  | spn: gt=A4 pred=C6 ❌  | doremi: gt=la pred=sol ❌  | hz: gt=440.0 pred=642.0 ❌
    [ 131/288] cello       stretch_0.5x    orig=C6   → gt=C6  | midi: gt=84 pred=68 ❌  | spn: gt=C6 pred=C6 ✅  | doremi: gt=do pred=sol ❌  | hz: gt=1046.5023 pred=480.0 ❌
    [ 132/288] cello       stretch_0.5x    orig=F5   → gt=F5  | midi: gt=77 pred=69 ❌  | spn: gt=F5 pred=C6 ❌  | doremi: gt=fa pred=sol ❌  | hz: gt=698.4565 pred=1046.57 ❌
    [ 133/288] cello       stretch_2x      orig=C2   → gt=C2  | midi: gt=36 pred=48 ❌  | spn: gt=C2 pred=C2 ✅  | doremi: gt=do pred=fa# ❌  | hz: gt=65.4064 pred=480.0 ❌
    [ 134/288] cello       stretch_2x      orig=G2   → gt=G2  | midi: gt=43 pred=48 ❌  | spn: gt=G2 pred=G2 ✅  | doremi: gt=sol pred=sol ✅  | hz: gt=97.9989 pred=105.26 ❌
    [ 135/288] cello       stretch_2x      orig=C3   → gt=C3  | midi: gt=48 pred=48 ✅  | spn: gt=C3 pred=C2 ❌  | doremi: gt=do pred=fa# ❌  | hz: gt=130.8128 pred=480.0 ❌
    [ 136/288] cello       stretch_2x      orig=F#3  → gt=F#3  | midi: gt=54 pred=48 ❌  | spn: gt=F#3 pred=C4 ❌  | doremi: gt=fa# pred=sol ❌  | hz: gt=184.9972 pred=480.0 ❌
    [ 137/288] cello       stretch_2x      orig=A#3  → gt=A#3  | midi: gt=58 pred=65 ❌  | spn: gt=A#3 pred=C6 ❌  | doremi: gt=la# pred=fa# ❌  | hz: gt=233.0819 pred=460.0 ❌
    [ 138/288] cello       stretch_2x      orig=C4   → gt=C4  | midi: gt=60 pred=63 ❌  | spn: gt=C4 pred=C6 ❌  | doremi: gt=do pred=sol ❌  | hz: gt=261.6256 pred=480.0 ❌
    [ 139/288] cello       stretch_2x      orig=E4   → gt=E4  | midi: gt=64 pred=63 ❌  | spn: gt=E4 pred=C6 ❌  | doremi: gt=mi pred=sol ❌  | hz: gt=329.6276 pred=480.0 ❌
    [ 140/288] cello       stretch_2x      orig=G4   → gt=G4  | midi: gt=67 pred=68 ❌  | spn: gt=G4 pred=C6 ❌  | doremi: gt=sol pred=sol ✅  | hz: gt=391.9954 pred=480.0 ❌
    [ 141/288] cello       stretch_2x      orig=C5   → gt=C5  | midi: gt=72 pred=68 ❌  | spn: gt=C5 pred=C6 ❌  | doremi: gt=do pred=sol ❌  | hz: gt=523.2511 pred=480.0 ❌
    [ 142/288] cello       stretch_2x      orig=A4   → gt=A4  | midi: gt=69 pred=69 ✅  | spn: gt=A4 pred=None ❌  | doremi: gt=la pred=sol ❌  | hz: gt=440.0 pred=460.0 ❌
    [ 143/288] cello       stretch_2x      orig=F5   → gt=F5  | midi: gt=77 pred=68 ❌  | spn: gt=F5 pred=C6 ❌  | doremi: gt=fa pred=sol ❌  | hz: gt=698.4565 pred=480.0 ❌
    [ 144/288] cello       stretch_2x      orig=C6   → gt=C6  | midi: gt=84 pred=68 ❌  | spn: gt=C6 pred=C6 ✅  | doremi: gt=do pred=sol ❌  | hz: gt=1046.5023 pred=480.0 ❌
    [ 145/288] flute       resample_0.5x   orig=C2   → gt=C3  | midi: gt=48 pred=63 ❌  | spn: gt=C3 pred=C6 ❌  | doremi: gt=do pred=sol ❌  | hz: gt=130.8128 pred=480.0 ❌
    [ 146/288] flute       resample_0.5x   orig=G2   → gt=G3  | midi: gt=55 pred=65 ❌  | spn: gt=G3 pred=C6 ❌  | doremi: gt=sol pred=sol ✅  | hz: gt=195.9977 pred=415.306872493 ❌
    [ 147/288] flute       resample_0.5x   orig=C3   → gt=C4  | midi: gt=60 pred=63 ❌  | spn: gt=C4 pred=C6 ❌  | doremi: gt=do pred=sol ❌  | hz: gt=261.6256 pred=480.0 ❌
    [ 148/288] flute       resample_0.5x   orig=F#3  → gt=F#4  | midi: gt=66 pred=69 ❌  | spn: gt=F#4 pred=C6 ❌  | doremi: gt=fa# pred=sol ❌  | hz: gt=369.9944 pred=460.0 ❌
    [ 149/288] flute       resample_0.5x   orig=A#3  → gt=A#4  | midi: gt=70 pred=69 ❌  | spn: gt=A#4 pred=A6 ❌  | doremi: gt=la# pred=fa# ❌  | hz: gt=466.1638 pred=450.0 ❌
    [ 150/288] flute       resample_0.5x   orig=C4   → gt=C5  | midi: gt=72 pred=68 ❌  | spn: gt=C5 pred=C6 ❌  | doremi: gt=do pred=sol ❌  | hz: gt=523.2511 pred=480.0 ❌
    [ 151/288] flute       resample_0.5x   orig=E4   → gt=E5  | midi: gt=76 pred=83 ❌  | spn: gt=E5 pred=C6 ❌  | doremi: gt=mi pred=sol ❌  | hz: gt=659.2551 pred=640.0 ❌
    [ 152/288] flute       resample_0.5x   orig=G4   → gt=G5  | midi: gt=79 pred=68 ❌  | spn: gt=G5 pred=C6 ❌  | doremi: gt=sol pred=sol ✅  | hz: gt=783.9909 pred=480.0 ❌
    [ 153/288] flute       resample_0.5x   orig=A4   → gt=A5  | midi: gt=81 pred=83 ❌  | spn: gt=A5 pred=C6 ❌  | doremi: gt=la pred=sol ❌  | hz: gt=880.0 pred=None ❌
    [ 154/288] flute       resample_0.5x   orig=C5   → gt=C6  | midi: gt=84 pred=84 ✅  | spn: gt=C6 pred=C6 ✅  | doremi: gt=do pred=sol ❌  | hz: gt=1046.5023 pred=480.0 ❌
    [ 155/288] flute       resample_0.5x   orig=F5   → gt=F6  | midi: gt=89 pred=89 ✅  | spn: gt=F6 pred=F6 ✅  | doremi: gt=fa pred=sol ❌  | hz: gt=1396.9129 pred=890.63 ❌
    [ 156/288] flute       resample_0.5x   orig=C6   → gt=C7  | midi: gt=96 pred=68 ❌  | spn: gt=C7 pred=C6 ❌  | doremi: gt=do pred=sol ❌  | hz: gt=2093.0045 pred=415.306 ❌
    [ 157/288] flute       resample_2x     orig=C2   → gt=C1  | midi: gt=24 pred=63 ❌  | spn: gt=C1 pred=C2 ❌  | doremi: gt=do pred=fa# ❌  | hz: gt=32.7032 pred=105.26 ❌
    [ 158/288] flute       resample_2x     orig=G2   → gt=G1  | midi: gt=31 pred=43 ❌  | spn: gt=G1 pred=C2 ❌  | doremi: gt=sol pred=fa# ❌  | hz: gt=48.9994 pred=415.3 ❌
    [ 159/288] flute       resample_2x     orig=C3   → gt=C2  | midi: gt=36 pred=48 ❌  | spn: gt=C2 pred=C6 ❌  | doremi: gt=do pred=fa# ❌  | hz: gt=65.4064 pred=480.0 ❌
    [ 160/288] flute       resample_2x     orig=F#3  → gt=F#2  | midi: gt=42 pred=48 ❌  | spn: gt=F#2 pred=C6 ❌  | doremi: gt=fa# pred=fa# ✅  | hz: gt=92.4986 pred=480.0 ❌
    [ 161/288] flute       resample_2x     orig=A#3  → gt=A#2  | midi: gt=46 pred=45 ❌  | spn: gt=A#2 pred=C6 ❌  | doremi: gt=la# pred=sol ❌  | hz: gt=116.5409 pred=450.0 ❌
    [ 162/288] flute       resample_2x     orig=C4   → gt=C3  | midi: gt=48 pred=48 ✅  | spn: gt=C3 pred=C6 ❌  | doremi: gt=do pred=sol ❌  | hz: gt=130.8128 pred=480.0 ❌
    [ 163/288] flute       resample_2x     orig=E4   → gt=E3  | midi: gt=52 pred=45 ❌  | spn: gt=E3 pred=C6 ❌  | doremi: gt=mi pred=sol ❌  | hz: gt=164.8138 pred=480.0 ❌
    [ 164/288] flute       resample_2x     orig=G4   → gt=G3  | midi: gt=55 pred=43 ❌  | spn: gt=G3 pred=C4 ❌  | doremi: gt=sol pred=sol ✅  | hz: gt=195.9977 pred=480.0 ❌
    [ 165/288] flute       resample_2x     orig=A4   → gt=A3  | midi: gt=57 pred=45 ❌  | spn: gt=A3 pred=C6 ❌  | doremi: gt=la pred=sol ❌  | hz: gt=220.0 pred=450.0 ❌
    [ 166/288] flute       resample_2x     orig=C5   → gt=C4  | midi: gt=60 pred=63 ❌  | spn: gt=C4 pred=C6 ❌  | doremi: gt=do pred=sol ❌  | hz: gt=261.6256 pred=480.0 ❌
    [ 167/288] flute       resample_2x     orig=F5   → gt=F4  | midi: gt=65 pred=65 ✅  | spn: gt=F4 pred=C6 ❌  | doremi: gt=fa pred=sol ❌  | hz: gt=349.2282 pred=480.0 ❌
    [ 168/288] flute       resample_2x     orig=C6   → gt=C5  | midi: gt=72 pred=68 ❌  | spn: gt=C5 pred=C6 ❌  | doremi: gt=do pred=sol ❌  | hz: gt=523.2511 pred=480.0 ❌
    [ 169/288] flute       stretch_0.5x    orig=C2   → gt=C2  | midi: gt=36 pred=64 ❌  | spn: gt=C2 pred=C2 ✅  | doremi: gt=do pred=fa# ❌  | hz: gt=65.4064 pred=480.0 ❌
    [ 170/288] flute       stretch_0.5x    orig=G2   → gt=G2  | midi: gt=43 pred=43 ✅  | spn: gt=G2 pred=C4 ❌  | doremi: gt=sol pred=sol ✅  | hz: gt=97.9989 pred=435.0 ❌
    [ 171/288] flute       stretch_0.5x    orig=C3   → gt=C3  | midi: gt=48 pred=48 ✅  | spn: gt=C3 pred=C6 ❌  | doremi: gt=do pred=sol ❌  | hz: gt=130.8128 pred=480.0 ❌
    [ 172/288] flute       stretch_0.5x    orig=F#3  → gt=F#3  | midi: gt=54 pred=54 ✅  | spn: gt=F#3 pred=C4 ❌  | doremi: gt=fa# pred=sol ❌  | hz: gt=184.9972 pred=480.0 ❌
    [ 173/288] flute       stretch_0.5x    orig=A#3  → gt=A#3  | midi: gt=58 pred=58 ✅  | spn: gt=A#3 pred=None ❌  | doremi: gt=la# pred=mi ❌  | hz: gt=233.0819 pred=450.0 ❌
    [ 174/288] flute       stretch_0.5x    orig=C4   → gt=C4  | midi: gt=60 pred=60 ✅  | spn: gt=C4 pred=C6 ❌  | doremi: gt=do pred=mi ❌  | hz: gt=261.6256 pred=480.0 ❌
    [ 175/288] flute       stretch_0.5x    orig=E4   → gt=E4  | midi: gt=64 pred=64 ✅  | spn: gt=E4 pred=C6 ❌  | doremi: gt=mi pred=mi ✅  | hz: gt=329.6276 pred=64.0 ❌
    [ 176/288] flute       stretch_0.5x    orig=G4   → gt=G4  | midi: gt=67 pred=63 ❌  | spn: gt=G4 pred=C6 ❌  | doremi: gt=sol pred=sol ✅  | hz: gt=391.9954 pred=480.0 ❌
    [ 177/288] flute       stretch_0.5x    orig=A4   → gt=A4  | midi: gt=69 pred=69 ✅  | spn: gt=A4 pred=A4 ✅  | doremi: gt=la pred=sol ❌  | hz: gt=440.0 pred=450.0 ❌
    [ 178/288] flute       stretch_0.5x    orig=C5   → gt=C5  | midi: gt=72 pred=68 ❌  | spn: gt=C5 pred=C6 ❌  | doremi: gt=do pred=sol ❌  | hz: gt=523.2511 pred=480.0 ❌
    [ 179/288] flute       stretch_0.5x    orig=F5   → gt=F5  | midi: gt=77 pred=65 ❌  | spn: gt=F5 pred=F6 ❌  | doremi: gt=fa pred=sol ❌  | hz: gt=698.4565 pred=659.0 ❌
    [ 180/288] flute       stretch_0.5x    orig=C6   → gt=C6  | midi: gt=84 pred=84 ✅  | spn: gt=C6 pred=C6 ✅  | doremi: gt=do pred=sol ❌  | hz: gt=1046.5023 pred=840.0 ❌
    [ 181/288] flute       stretch_2x      orig=C2   → gt=C2  | midi: gt=36 pred=48 ❌  | spn: gt=C2 pred=C2 ✅  | doremi: gt=do pred=fa# ❌  | hz: gt=65.4064 pred=480.0 ❌
    [ 182/288] flute       stretch_2x      orig=G2   → gt=G2  | midi: gt=43 pred=48 ❌  | spn: gt=G2 pred=C2 ❌  | doremi: gt=sol pred=fa# ❌  | hz: gt=97.9989 pred=450.0 ❌
    [ 183/288] flute       stretch_2x      orig=C3   → gt=C3  | midi: gt=48 pred=48 ✅  | spn: gt=C3 pred=C6 ❌  | doremi: gt=do pred=sol ❌  | hz: gt=130.8128 pred=480.0 ❌
    [ 184/288] flute       stretch_2x      orig=F#3  → gt=F#3  | midi: gt=54 pred=48 ❌  | spn: gt=F#3 pred=C6 ❌  | doremi: gt=fa# pred=fa# ✅  | hz: gt=184.9972 pred=480.0 ❌
    [ 185/288] flute       stretch_2x      orig=A#3  → gt=A#3  | midi: gt=58 pred=45 ❌  | spn: gt=A#3 pred=C6 ❌  | doremi: gt=la# pred=fa# ❌  | hz: gt=233.0819 pred=415.3 ❌
    [ 186/288] flute       stretch_2x      orig=C4   → gt=C4  | midi: gt=60 pred=63 ❌  | spn: gt=C4 pred=C6 ❌  | doremi: gt=do pred=sol ❌  | hz: gt=261.6256 pred=480.0 ❌
    [ 187/288] flute       stretch_2x      orig=E4   → gt=E4  | midi: gt=64 pred=64 ✅  | spn: gt=E4 pred=C6 ❌  | doremi: gt=mi pred=sol ❌  | hz: gt=329.6276 pred=480.0 ❌
    [ 188/288] flute       stretch_2x      orig=G4   → gt=G4  | midi: gt=67 pred=63 ❌  | spn: gt=G4 pred=C6 ❌  | doremi: gt=sol pred=sol ✅  | hz: gt=391.9954 pred=480.0 ❌
    [ 189/288] flute       stretch_2x      orig=A4   → gt=A4  | midi: gt=69 pred=69 ✅  | spn: gt=A4 pred=C6 ❌  | doremi: gt=la pred=sol ❌  | hz: gt=440.0 pred=450.0 ❌
    [ 190/288] flute       stretch_2x      orig=C5   → gt=C5  | midi: gt=72 pred=68 ❌  | spn: gt=C5 pred=C6 ❌  | doremi: gt=do pred=sol ❌  | hz: gt=523.2511 pred=480.0 ❌
    [ 191/288] flute       stretch_2x      orig=F5   → gt=F5  | midi: gt=77 pred=65 ❌  | spn: gt=F5 pred=C6 ❌  | doremi: gt=fa pred=sol ❌  | hz: gt=698.4565 pred=659.34 ❌
    [ 192/288] flute       stretch_2x      orig=C6   → gt=C6  | midi: gt=84 pred=84 ✅  | spn: gt=C6 pred=C6 ✅  | doremi: gt=do pred=sol ❌  | hz: gt=1046.5023 pred=840.0 ❌
    [ 193/288] piano       resample_0.5x   orig=C2   → gt=C3  | midi: gt=48 pred=64 ❌  | spn: gt=C3 pred=C6 ❌  | doremi: gt=do pred=sol ❌  | hz: gt=130.8128 pred=480.0 ❌
    [ 194/288] piano       resample_0.5x   orig=G2   → gt=G3  | midi: gt=55 pred=65 ❌  | spn: gt=G3 pred=C6 ❌  | doremi: gt=sol pred=sol ✅  | hz: gt=195.9977 pred=480.0 ❌
    [ 195/288] piano       resample_0.5x   orig=C3   → gt=C4  | midi: gt=60 pred=65 ❌  | spn: gt=C4 pred=C6 ❌  | doremi: gt=do pred=sol ❌  | hz: gt=261.6256 pred=480.0 ❌
    [ 196/288] piano       resample_0.5x   orig=F#3  → gt=F#4  | midi: gt=66 pred=65 ❌  | spn: gt=F#4 pred=C6 ❌  | doremi: gt=fa# pred=sol ❌  | hz: gt=369.9944 pred=450.0 ❌
    [ 197/288] piano       resample_0.5x   orig=A#3  → gt=A#4  | midi: gt=70 pred=68 ❌  | spn: gt=A#4 pred=C6 ❌  | doremi: gt=la# pred=sol ❌  | hz: gt=466.1638 pred=450.0 ❌
    [ 198/288] piano       resample_0.5x   orig=C4   → gt=C5  | midi: gt=72 pred=65 ❌  | spn: gt=C5 pred=C6 ❌  | doremi: gt=do pred=sol ❌  | hz: gt=523.2511 pred=460.0 ❌
    [ 199/288] piano       resample_0.5x   orig=E4   → gt=E5  | midi: gt=76 pred=65 ❌  | spn: gt=E5 pred=C6 ❌  | doremi: gt=mi pred=sol ❌  | hz: gt=659.2551 pred=460.0 ❌
    [ 200/288] piano       resample_0.5x   orig=G4   → gt=G5  | midi: gt=79 pred=69 ❌  | spn: gt=G5 pred=C6 ❌  | doremi: gt=sol pred=sol ✅  | hz: gt=783.9909 pred=460.0 ❌
    [ 201/288] piano       resample_0.5x   orig=A4   → gt=A5  | midi: gt=81 pred=69 ❌  | spn: gt=A5 pred=C6 ❌  | doremi: gt=la pred=sol ❌  | hz: gt=880.0 pred=460.0 ❌
    [ 202/288] piano       resample_0.5x   orig=C5   → gt=C6  | midi: gt=84 pred=68 ❌  | spn: gt=C6 pred=C6 ✅  | doremi: gt=do pred=sol ❌  | hz: gt=1046.5023 pred=465.0 ❌
    [ 203/288] piano       resample_0.5x   orig=C6   → gt=C7  | midi: gt=96 pred=68 ❌  | spn: gt=C7 pred=C6 ❌  | doremi: gt=do pred=sol ❌  | hz: gt=2093.0045 pred=480.0 ❌
    [ 204/288] piano       resample_0.5x   orig=F5   → gt=F6  | midi: gt=89 pred=65 ❌  | spn: gt=F6 pred=C6 ❌  | doremi: gt=fa pred=sol ❌  | hz: gt=1396.9129 pred=415.3 ❌
    [ 205/288] piano       resample_2x     orig=C2   → gt=C1  | midi: gt=24 pred=35 ❌  | spn: gt=C1 pred=C6 ❌  | doremi: gt=do pred=fa# ❌  | hz: gt=32.7032 pred=480.0 ❌
    [ 206/288] piano       resample_2x     orig=G2   → gt=G1  | midi: gt=31 pred=34 ❌  | spn: gt=G1 pred=C2 ❌  | doremi: gt=sol pred=fa# ❌  | hz: gt=48.9994 pred=450.0 ❌
    [ 207/288] piano       resample_2x     orig=C3   → gt=C2  | midi: gt=36 pred=36 ✅  | spn: gt=C2 pred=C6 ❌  | doremi: gt=do pred=sol ❌  | hz: gt=65.4064 pred=480.0 ❌
    [ 208/288] piano       resample_2x     orig=F#3  → gt=F#2  | midi: gt=42 pred=43 ❌  | spn: gt=F#2 pred=C4 ❌  | doremi: gt=fa# pred=sol ❌  | hz: gt=92.4986 pred=435.0 ❌
    [ 209/288] piano       resample_2x     orig=A#3  → gt=A#2  | midi: gt=46 pred=45 ❌  | spn: gt=A#2 pred=A#2 ✅  | doremi: gt=la# pred=sol ❌  | hz: gt=116.5409 pred=460.0 ❌
    [ 210/288] piano       resample_2x     orig=C4   → gt=C3  | midi: gt=48 pred=48 ✅  | spn: gt=C3 pred=C6 ❌  | doremi: gt=do pred=sol ❌  | hz: gt=130.8128 pred=480.0 ❌
    [ 211/288] piano       resample_2x     orig=E4   → gt=E3  | midi: gt=52 pred=53 ❌  | spn: gt=E3 pred=C6 ❌  | doremi: gt=mi pred=sol ❌  | hz: gt=164.8138 pred=480.0 ❌
    [ 212/288] piano       resample_2x     orig=G4   → gt=G3  | midi: gt=55 pred=43 ❌  | spn: gt=G3 pred=C4 ❌  | doremi: gt=sol pred=sol ✅  | hz: gt=195.9977 pred=493.88 ❌
    [ 213/288] piano       resample_2x     orig=A4   → gt=A3  | midi: gt=57 pred=58 ❌  | spn: gt=A3 pred=A4 ❌  | doremi: gt=la pred=fa# ❌  | hz: gt=220.0 pred=450.0 ❌
    [ 214/288] piano       resample_2x     orig=C5   → gt=C4  | midi: gt=60 pred=48 ❌  | spn: gt=C4 pred=C6 ❌  | doremi: gt=do pred=sol ❌  | hz: gt=261.6256 pred=480.0 ❌
    [ 215/288] piano       resample_2x     orig=F5   → gt=F4  | midi: gt=65 pred=68 ❌  | spn: gt=F4 pred=C6 ❌  | doremi: gt=fa pred=sol ❌  | hz: gt=349.2282 pred=480.0 ❌
    [ 216/288] piano       resample_2x     orig=C6   → gt=C5  | midi: gt=72 pred=68 ❌  | spn: gt=C5 pred=C6 ❌  | doremi: gt=do pred=sol ❌  | hz: gt=523.2511 pred=480.0 ❌
    [ 217/288] piano       stretch_0.5x    orig=C2   → gt=C2  | midi: gt=36 pred=45 ❌  | spn: gt=C2 pred=C4 ❌  | doremi: gt=do pred=sol ❌  | hz: gt=65.4064 pred=450.0 ❌
    [ 218/288] piano       stretch_0.5x    orig=G2   → gt=G2  | midi: gt=43 pred=43 ✅  | spn: gt=G2 pred=C4 ❌  | doremi: gt=sol pred=sol ✅  | hz: gt=97.9989 pred=435.0 ❌
    [ 219/288] piano       stretch_0.5x    orig=C3   → gt=C3  | midi: gt=48 pred=63 ❌  | spn: gt=C3 pred=C6 ❌  | doremi: gt=do pred=sol ❌  | hz: gt=130.8128 pred=480.0 ❌
    [ 220/288] piano       stretch_0.5x    orig=F#3  → gt=F#3  | midi: gt=54 pred=54 ✅  | spn: gt=F#3 pred=C4 ❌  | doremi: gt=fa# pred=sol ❌  | hz: gt=184.9972 pred=435.0 ❌
    [ 221/288] piano       stretch_0.5x    orig=A#3  → gt=A#3  | midi: gt=58 pred=58 ✅  | spn: gt=A#3 pred=C6 ❌  | doremi: gt=la# pred=sol ❌  | hz: gt=233.0819 pred=450.0 ❌
    [ 222/288] piano       stretch_0.5x    orig=C4   → gt=C4  | midi: gt=60 pred=64 ❌  | spn: gt=C4 pred=C6 ❌  | doremi: gt=do pred=sol ❌  | hz: gt=261.6256 pred=480.0 ❌
    [ 223/288] piano       stretch_0.5x    orig=E4   → gt=E4  | midi: gt=64 pred=65 ❌  | spn: gt=E4 pred=C6 ❌  | doremi: gt=mi pred=sol ❌  | hz: gt=329.6276 pred=460.0 ❌
    [ 224/288] piano       stretch_0.5x    orig=G4   → gt=G4  | midi: gt=67 pred=68 ❌  | spn: gt=G4 pred=C6 ❌  | doremi: gt=sol pred=sol ✅  | hz: gt=391.9954 pred=450.0 ❌
    [ 225/288] piano       stretch_0.5x    orig=A4   → gt=A4  | midi: gt=69 pred=69 ✅  | spn: gt=A4 pred=A4 ✅  | doremi: gt=la pred=sol ❌  | hz: gt=440.0 pred=450.0 ❌
    [ 226/288] piano       stretch_0.5x    orig=C5   → gt=C5  | midi: gt=72 pred=68 ❌  | spn: gt=C5 pred=C6 ❌  | doremi: gt=do pred=sol ❌  | hz: gt=523.2511 pred=480.0 ❌
    [ 227/288] piano       stretch_0.5x    orig=F5   → gt=F5  | midi: gt=77 pred=68 ❌  | spn: gt=F5 pred=C6 ❌  | doremi: gt=fa pred=sol ❌  | hz: gt=698.4565 pred=450.0 ❌
    [ 228/288] piano       stretch_0.5x    orig=C6   → gt=C6  | midi: gt=84 pred=68 ❌  | spn: gt=C6 pred=C6 ✅  | doremi: gt=do pred=sol ❌  | hz: gt=1046.5023 pred=480.0 ❌
    [ 229/288] piano       stretch_2x      orig=C2   → gt=C2  | midi: gt=36 pred=45 ❌  | spn: gt=C2 pred=C6 ❌  | doremi: gt=do pred=sol ❌  | hz: gt=65.4064 pred=480.0 ❌
    [ 230/288] piano       stretch_2x      orig=G2   → gt=G2  | midi: gt=43 pred=43 ✅  | spn: gt=G2 pred=C6 ❌  | doremi: gt=sol pred=sol ✅  | hz: gt=97.9989 pred=480.0 ❌
    [ 231/288] piano       stretch_2x      orig=C3   → gt=C3  | midi: gt=48 pred=48 ✅  | spn: gt=C3 pred=C4 ❌  | doremi: gt=do pred=sol ❌  | hz: gt=130.8128 pred=480.0 ❌
    [ 232/288] piano       stretch_2x      orig=F#3  → gt=F#3  | midi: gt=54 pred=58 ❌  | spn: gt=F#3 pred=F#2 ❌  | doremi: gt=fa# pred=fa# ✅  | hz: gt=184.9972 pred=450.0 ❌
    [ 233/288] piano       stretch_2x      orig=A#3  → gt=A#3  | midi: gt=58 pred=58 ✅  | spn: gt=A#3 pred=A#6 ❌  | doremi: gt=la# pred=fa# ❌  | hz: gt=233.0819 pred=450.0 ❌
    [ 234/288] piano       stretch_2x      orig=C4   → gt=C4  | midi: gt=60 pred=48 ❌  | spn: gt=C4 pred=C6 ❌  | doremi: gt=do pred=fa# ❌  | hz: gt=261.6256 pred=493.88 ❌
    [ 235/288] piano       stretch_2x      orig=E4   → gt=E4  | midi: gt=64 pred=68 ❌  | spn: gt=E4 pred=C6 ❌  | doremi: gt=mi pred=sol ❌  | hz: gt=329.6276 pred=493.88 ❌
    [ 236/288] piano       stretch_2x      orig=G4   → gt=G4  | midi: gt=67 pred=48 ❌  | spn: gt=G4 pred=C6 ❌  | doremi: gt=sol pred=sol ✅  | hz: gt=391.9954 pred=493.88 ❌
    [ 237/288] piano       stretch_2x      orig=A4   → gt=A4  | midi: gt=69 pred=69 ✅  | spn: gt=A4 pred=C6 ❌  | doremi: gt=la pred=sol ❌  | hz: gt=440.0 pred=450.0 ❌
    [ 238/288] piano       stretch_2x      orig=C5   → gt=C5  | midi: gt=72 pred=68 ❌  | spn: gt=C5 pred=C6 ❌  | doremi: gt=do pred=sol ❌  | hz: gt=523.2511 pred=480.0 ❌
    [ 239/288] piano       stretch_2x      orig=F5   → gt=F5  | midi: gt=77 pred=68 ❌  | spn: gt=F5 pred=C6 ❌  | doremi: gt=fa pred=sol# ❌  | hz: gt=698.4565 pred=493.88 ❌
    [ 240/288] piano       stretch_2x      orig=C6   → gt=C6  | midi: gt=84 pred=68 ❌  | spn: gt=C6 pred=C6 ✅  | doremi: gt=do pred=sol ❌  | hz: gt=1046.5023 pred=480.0 ❌
    [ 241/288] voice       resample_0.5x   orig=C2   → gt=C3  | midi: gt=48 pred=65 ❌  | spn: gt=C3 pred=C6 ❌  | doremi: gt=do pred=sol ❌  | hz: gt=130.8128 pred=415.3 ❌
    [ 242/288] voice       resample_0.5x   orig=G2   → gt=G3  | midi: gt=55 pred=69 ❌  | spn: gt=G3 pred=C6 ❌  | doremi: gt=sol pred=sol ✅  | hz: gt=195.9977 pred=450.0 ❌
    [ 243/288] voice       resample_0.5x   orig=C3   → gt=C4  | midi: gt=60 pred=65 ❌  | spn: gt=C4 pred=C6 ❌  | doremi: gt=do pred=sol ❌  | hz: gt=261.6256 pred=480.0 ❌
    [ 244/288] voice       resample_0.5x   orig=F#3  → gt=F#4  | midi: gt=66 pred=68 ❌  | spn: gt=F#4 pred=C6 ❌  | doremi: gt=fa# pred=sol ❌  | hz: gt=369.9944 pred=415.306 ❌
    [ 245/288] voice       resample_0.5x   orig=A#3  → gt=A#4  | midi: gt=70 pred=69 ❌  | spn: gt=A#4 pred=C6 ❌  | doremi: gt=la# pred=sol ❌  | hz: gt=466.1638 pred=450.0 ❌
    [ 246/288] voice       resample_0.5x   orig=C4   → gt=C5  | midi: gt=72 pred=68 ❌  | spn: gt=C5 pred=C6 ❌  | doremi: gt=do pred=sol ❌  | hz: gt=523.2511 pred=460.0 ❌
    [ 247/288] voice       resample_0.5x   orig=E4   → gt=E5  | midi: gt=76 pred=69 ❌  | spn: gt=E5 pred=C6 ❌  | doremi: gt=mi pred=sol ❌  | hz: gt=659.2551 pred=450.0 ❌
    [ 248/288] voice       resample_0.5x   orig=G4   → gt=G5  | midi: gt=79 pred=69 ❌  | spn: gt=G5 pred=C6 ❌  | doremi: gt=sol pred=sol ✅  | hz: gt=783.9909 pred=450.0 ❌
    [ 249/288] voice       resample_0.5x   orig=A4   → gt=A5  | midi: gt=81 pred=69 ❌  | spn: gt=A5 pred=C6 ❌  | doremi: gt=la pred=sol ❌  | hz: gt=880.0 pred=450.0 ❌
    [ 250/288] voice       resample_0.5x   orig=C5   → gt=C6  | midi: gt=84 pred=68 ❌  | spn: gt=C6 pred=C6 ✅  | doremi: gt=do pred=sol ❌  | hz: gt=1046.5023 pred=480.0 ❌
    [ 251/288] voice       resample_0.5x   orig=F5   → gt=F6  | midi: gt=89 pred=89 ✅  | spn: gt=F6 pred=C6 ❌  | doremi: gt=fa pred=sol ❌  | hz: gt=1396.9129 pred=8125.0 ❌
    [ 252/288] voice       resample_0.5x   orig=C6   → gt=C7  | midi: gt=96 pred=84 ❌  | spn: gt=C7 pred=C6 ❌  | doremi: gt=do pred=sol# ❌  | hz: gt=2093.0045 pred=1046.57 ❌
    [ 253/288] voice       resample_2x     orig=C2   → gt=C1  | midi: gt=24 pred=63 ❌  | spn: gt=C1 pred=C6 ❌  | doremi: gt=do pred=sol ❌  | hz: gt=32.7032 pred=480.0 ❌
    [ 254/288] voice       resample_2x     orig=C3   → gt=C2  | midi: gt=36 pred=65 ❌  | spn: gt=C2 pred=C6 ❌  | doremi: gt=do pred=sol ❌  | hz: gt=65.4064 pred=480.0 ❌
    [ 255/288] voice       resample_2x     orig=G2   → gt=G1  | midi: gt=31 pred=63 ❌  | spn: gt=G1 pred=C6 ❌  | doremi: gt=sol pred=sol ✅  | hz: gt=48.9994 pred=415.3 ❌
    [ 256/288] voice       resample_2x     orig=F#3  → gt=F#2  | midi: gt=42 pred=63 ❌  | spn: gt=F#2 pred=C6 ❌  | doremi: gt=fa# pred=sol ❌  | hz: gt=92.4986 pred=450.0 ❌
    [ 257/288] voice       resample_2x     orig=A#3  → gt=A#2  | midi: gt=46 pred=58 ❌  | spn: gt=A#2 pred=C6 ❌  | doremi: gt=la# pred=sol ❌  | hz: gt=116.5409 pred=450.0 ❌
    [ 258/288] voice       resample_2x     orig=C4   → gt=C3  | midi: gt=48 pred=63 ❌  | spn: gt=C3 pred=C6 ❌  | doremi: gt=do pred=sol ❌  | hz: gt=130.8128 pred=480.0 ❌
    [ 259/288] voice       resample_2x     orig=E4   → gt=E3  | midi: gt=52 pred=54 ❌  | spn: gt=E3 pred=C6 ❌  | doremi: gt=mi pred=sol ❌  | hz: gt=164.8138 pred=480.0 ❌
    [ 260/288] voice       resample_2x     orig=G4   → gt=G3  | midi: gt=55 pred=63 ❌  | spn: gt=G3 pred=C6 ❌  | doremi: gt=sol pred=sol ✅  | hz: gt=195.9977 pred=450.0 ❌
    [ 261/288] voice       resample_2x     orig=A4   → gt=A3  | midi: gt=57 pred=69 ❌  | spn: gt=A3 pred=C6 ❌  | doremi: gt=la pred=sol ❌  | hz: gt=220.0 pred=450.0 ❌
    [ 262/288] voice       resample_2x     orig=C5   → gt=C4  | midi: gt=60 pred=63 ❌  | spn: gt=C4 pred=C6 ❌  | doremi: gt=do pred=sol ❌  | hz: gt=261.6256 pred=480.0 ❌
    [ 263/288] voice       resample_2x     orig=F5   → gt=F4  | midi: gt=65 pred=69 ❌  | spn: gt=F4 pred=C6 ❌  | doremi: gt=fa pred=sol ❌  | hz: gt=349.2282 pred=480.0 ❌
    [ 264/288] voice       resample_2x     orig=C6   → gt=C5  | midi: gt=72 pred=69 ❌  | spn: gt=C5 pred=C6 ❌  | doremi: gt=do pred=sol ❌  | hz: gt=523.2511 pred=480.0 ❌
    [ 265/288] voice       stretch_0.5x    orig=C2   → gt=C2  | midi: gt=36 pred=65 ❌  | spn: gt=C2 pred=C6 ❌  | doremi: gt=do pred=sol ❌  | hz: gt=65.4064 pred=480.0 ❌
    [ 266/288] voice       stretch_0.5x    orig=G2   → gt=G2  | midi: gt=43 pred=69 ❌  | spn: gt=G2 pred=C6 ❌  | doremi: gt=sol pred=sol ✅  | hz: gt=97.9989 pred=450.0 ❌
    [ 267/288] voice       stretch_0.5x    orig=C3   → gt=C3  | midi: gt=48 pred=69 ❌  | spn: gt=C3 pred=C6 ❌  | doremi: gt=do pred=sol ❌  | hz: gt=130.8128 pred=480.0 ❌
    [ 268/288] voice       stretch_0.5x    orig=A#3  → gt=A#3  | midi: gt=58 pred=69 ❌  | spn: gt=A#3 pred=C4 ❌  | doremi: gt=la# pred=sol ❌  | hz: gt=233.0819 pred=436.36 ❌
    [ 269/288] voice       stretch_0.5x    orig=F#3  → gt=F#3  | midi: gt=54 pred=65 ❌  | spn: gt=F#3 pred=C6 ❌  | doremi: gt=fa# pred=sol ❌  | hz: gt=184.9972 pred=436.36 ❌
    [ 270/288] voice       stretch_0.5x    orig=C4   → gt=C4  | midi: gt=60 pred=69 ❌  | spn: gt=C4 pred=C6 ❌  | doremi: gt=do pred=sol ❌  | hz: gt=261.6256 pred=480.0 ❌
    [ 271/288] voice       stretch_0.5x    orig=E4   → gt=E4  | midi: gt=64 pred=64 ✅  | spn: gt=E4 pred=C6 ❌  | doremi: gt=mi pred=sol ❌  | hz: gt=329.6276 pred=400.0 ❌
    [ 272/288] voice       stretch_0.5x    orig=G4   → gt=G4  | midi: gt=67 pred=69 ❌  | spn: gt=G4 pred=C6 ❌  | doremi: gt=sol pred=sol ✅  | hz: gt=391.9954 pred=435.0 ❌
    [ 273/288] voice       stretch_0.5x    orig=A4   → gt=A4  | midi: gt=69 pred=69 ✅  | spn: gt=A4 pred=C6 ❌  | doremi: gt=la pred=sol ❌  | hz: gt=440.0 pred=450.0 ❌
    [ 274/288] voice       stretch_0.5x    orig=F5   → gt=F5  | midi: gt=77 pred=69 ❌  | spn: gt=F5 pred=C6 ❌  | doremi: gt=fa pred=sol ❌  | hz: gt=698.4565 pred=659.0 ❌
    [ 275/288] voice       stretch_0.5x    orig=C5   → gt=C5  | midi: gt=72 pred=68 ❌  | spn: gt=C5 pred=C6 ❌  | doremi: gt=do pred=sol ❌  | hz: gt=523.2511 pred=480.0 ❌
    [ 276/288] voice       stretch_0.5x    orig=C6   → gt=C6  | midi: gt=84 pred=84 ✅  | spn: gt=C6 pred=C6 ✅  | doremi: gt=do pred=sol ❌  | hz: gt=1046.5023 pred=810.0 ❌
    [ 277/288] voice       stretch_2x      orig=C2   → gt=C2  | midi: gt=36 pred=63 ❌  | spn: gt=C2 pred=C6 ❌  | doremi: gt=do pred=fa# ❌  | hz: gt=65.4064 pred=480.0 ❌
    [ 278/288] voice       stretch_2x      orig=G2   → gt=G2  | midi: gt=43 pred=63 ❌  | spn: gt=G2 pred=C6 ❌  | doremi: gt=sol pred=sol ✅  | hz: gt=97.9989 pred=480.0 ❌
    [ 279/288] voice       stretch_2x      orig=C3   → gt=C3  | midi: gt=48 pred=64 ❌  | spn: gt=C3 pred=C6 ❌  | doremi: gt=do pred=sol ❌  | hz: gt=130.8128 pred=480.0 ❌
    [ 280/288] voice       stretch_2x      orig=F#3  → gt=F#3  | midi: gt=54 pred=65 ❌  | spn: gt=F#3 pred=C6 ❌  | doremi: gt=fa# pred=sol ❌  | hz: gt=184.9972 pred=480.0 ❌
    [ 281/288] voice       stretch_2x      orig=A#3  → gt=A#3  | midi: gt=58 pred=69 ❌  | spn: gt=A#3 pred=None ❌  | doremi: gt=la# pred=sol ❌  | hz: gt=233.0819 pred=450.0 ❌
    [ 282/288] voice       stretch_2x      orig=C4   → gt=C4  | midi: gt=60 pred=63 ❌  | spn: gt=C4 pred=C6 ❌  | doremi: gt=do pred=sol ❌  | hz: gt=261.6256 pred=480.0 ❌
    [ 283/288] voice       stretch_2x      orig=E4   → gt=E4  | midi: gt=64 pred=64 ✅  | spn: gt=E4 pred=E4 ✅  | doremi: gt=mi pred=sol ❌  | hz: gt=329.6276 pred=640.0 ❌
    [ 284/288] voice       stretch_2x      orig=G4   → gt=G4  | midi: gt=67 pred=69 ❌  | spn: gt=G4 pred=C6 ❌  | doremi: gt=sol pred=sol ✅  | hz: gt=391.9954 pred=480.0 ❌
    [ 285/288] voice       stretch_2x      orig=A4   → gt=A4  | midi: gt=69 pred=69 ✅  | spn: gt=A4 pred=C6 ❌  | doremi: gt=la pred=sol ❌  | hz: gt=440.0 pred=450.0 ❌
    [ 286/288] voice       stretch_2x      orig=C5   → gt=C5  | midi: gt=72 pred=60 ❌  | spn: gt=C5 pred=C6 ❌  | doremi: gt=do pred=sol ❌  | hz: gt=523.2511 pred=480.0 ❌
    [ 287/288] voice       stretch_2x      orig=F5   → gt=F5  | midi: gt=77 pred=65 ❌  | spn: gt=F5 pred=C6 ❌  | doremi: gt=fa pred=sol ❌  | hz: gt=698.4565 pred=659.34 ❌
    [ 288/288] voice       stretch_2x      orig=C6   → gt=C6  | midi: gt=84 pred=84 ✅  | spn: gt=C6 pred=C6 ✅  | doremi: gt=do pred=sol ❌  | hz: gt=1046.5023 pred=840.0 ❌

============================================================
SUMMARY — audio_flamingo_next_instruct
  Sampling     : none (full set of 288)
  Stimuli (total)     : 288
  Stimuli (condition) : 288  (all records)

  Format   Accuracy
  ──────────────────
    MIDI      20.5%
     SPN      12.2%
  DOREMI      16.3%
      HZ       0.0%
     ANY      29.2%

  *** WARNING: working tree has uncommitted changes — results will NOT be exactly reproducible from git_commit alone ***


Results saved → results/analysis/run_20260506_193058/pitchbench_e4_time_stretching/run_001_20260506_201100/results_audio_flamingo_next_instruct.*

############################################################
# pitchbench_e6_slightly_off
############################################################

Experiment : pitchbench_e6_slightly_off
Models     : audio_flamingo_next_instruct
Stimuli    : 252
  Sampling     : none (full set of 252)

  Model : Audio Flamingo Next – instruct
    [dispatch] 252 items, max_workers=2
    [   1/252]   F1 sine  | midi: gt=29 pred=48 ❌  | spn: gt=F1 pred=C2 ❌  | doremi: gt=fa pred=fa# ❌  | hz: gt=43.6535 pred=261.63 ❌
    [   2/252]   F1 sine  | midi: gt=29 pred=48 ❌  | spn: gt=F1 pred=C2 ❌  | doremi: gt=fa pred=fa# ❌  | hz: gt=43.6535 pred=261.63 ❌
    [   3/252]   F1 sine  | midi: gt=29 pred=48 ❌  | spn: gt=F1 pred=C2 ❌  | doremi: gt=fa pred=fa# ❌  | hz: gt=43.6535 pred=261.63 ❌
    [   4/252]   F1 sine  | midi: gt=29 pred=48 ❌  | spn: gt=F1 pred=C2 ❌  | doremi: gt=fa pred=fa# ❌  | hz: gt=43.6535 pred=261.63 ❌
    [   5/252]   F1 sine  | midi: gt=29 pred=48 ❌  | spn: gt=F1 pred=C2 ❌  | doremi: gt=fa pred=fa# ❌  | hz: gt=43.6535 pred=261.63 ❌
    [   6/252]   F1 sine  | midi: gt=29 pred=48 ❌  | spn: gt=F1 pred=C2 ❌  | doremi: gt=fa pred=fa# ❌  | hz: gt=43.6535 pred=261.63 ❌
    [   7/252]   D2 sine  | midi: gt=38 pred=48 ❌  | spn: gt=D2 pred=C2 ❌  | doremi: gt=re pred=fa# ❌  | hz: gt=73.4162 pred=430.56 ❌
    [   8/252]   D2 sine  | midi: gt=38 pred=48 ❌  | spn: gt=D2 pred=C2 ❌  | doremi: gt=re pred=fa# ❌  | hz: gt=73.4162 pred=430.56 ❌
    [   9/252]   D2 sine  | midi: gt=38 pred=48 ❌  | spn: gt=D2 pred=C2 ❌  | doremi: gt=re pred=fa# ❌  | hz: gt=73.4162 pred=430.56 ❌
    [  10/252]   D2 sine  | midi: gt=38 pred=48 ❌  | spn: gt=D2 pred=C2 ❌  | doremi: gt=re pred=fa# ❌  | hz: gt=73.4162 pred=430.56 ❌
    [  11/252]   D2 sine  | midi: gt=38 pred=48 ❌  | spn: gt=D2 pred=C2 ❌  | doremi: gt=re pred=fa# ❌  | hz: gt=73.4162 pred=430.56 ❌
    [  12/252]   D2 sine  | midi: gt=38 pred=48 ❌  | spn: gt=D2 pred=C2 ❌  | doremi: gt=re pred=fa# ❌  | hz: gt=73.4162 pred=430.56 ❌
    [  13/252]   B2 sine  | midi: gt=47 pred=45 ❌  | spn: gt=B2 pred=C4 ❌  | doremi: gt=si pred=fa# ❌  | hz: gt=123.4708 pred=450.0 ❌
    [  14/252]   B2 sine  | midi: gt=47 pred=45 ❌  | spn: gt=B2 pred=C4 ❌  | doremi: gt=si pred=fa# ❌  | hz: gt=123.4708 pred=450.0 ❌
    [  15/252]   B2 sine  | midi: gt=47 pred=45 ❌  | spn: gt=B2 pred=C4 ❌  | doremi: gt=si pred=fa# ❌  | hz: gt=123.4708 pred=450.0 ❌
    [  16/252]   B2 sine  | midi: gt=47 pred=45 ❌  | spn: gt=B2 pred=C4 ❌  | doremi: gt=si pred=fa# ❌  | hz: gt=123.4708 pred=450.0 ❌
    [  17/252]   B2 sine  | midi: gt=47 pred=45 ❌  | spn: gt=B2 pred=C4 ❌  | doremi: gt=si pred=fa# ❌  | hz: gt=123.4708 pred=450.0 ❌
    [  18/252]   B2 sine  | midi: gt=47 pred=45 ❌  | spn: gt=B2 pred=C4 ❌  | doremi: gt=si pred=fa# ❌  | hz: gt=123.4708 pred=450.0 ❌
    [  19/252]  G#3 sine  | midi: gt=56 pred=56 ✅  | spn: gt=G#3 pred=C4 ❌  | doremi: gt=sol# pred=fa# ❌  | hz: gt=207.6523 pred=450.0 ❌
    [  20/252]  G#3 sine  | midi: gt=56 pred=56 ✅  | spn: gt=G#3 pred=C4 ❌  | doremi: gt=sol# pred=fa# ❌  | hz: gt=207.6523 pred=450.0 ❌
    [  21/252]  G#3 sine  | midi: gt=56 pred=56 ✅  | spn: gt=G#3 pred=C4 ❌  | doremi: gt=sol# pred=fa# ❌  | hz: gt=207.6523 pred=450.0 ❌
    [  22/252]  G#3 sine  | midi: gt=56 pred=56 ✅  | spn: gt=G#3 pred=C4 ❌  | doremi: gt=sol# pred=fa# ❌  | hz: gt=207.6523 pred=450.0 ❌
    [  23/252]  G#3 sine  | midi: gt=56 pred=58 ❌  | spn: gt=G#3 pred=C4 ❌  | doremi: gt=sol# pred=fa# ❌  | hz: gt=207.6523 pred=450.0 ❌
    [  24/252]  G#3 sine  | midi: gt=56 pred=58 ❌  | spn: gt=G#3 pred=C4 ❌  | doremi: gt=sol# pred=fa# ❌  | hz: gt=207.6523 pred=450.0 ❌
    [  25/252]   F4 sine  | midi: gt=65 pred=64 ❌  | spn: gt=F4 pred=C4 ❌  | doremi: gt=fa pred=fa# ❌  | hz: gt=349.2282 pred=415.3 ❌
    [  26/252]   F4 sine  | midi: gt=65 pred=64 ❌  | spn: gt=F4 pred=C4 ❌  | doremi: gt=fa pred=fa# ❌  | hz: gt=349.2282 pred=415.3 ❌
    [  27/252]   F4 sine  | midi: gt=65 pred=64 ❌  | spn: gt=F4 pred=C4 ❌  | doremi: gt=fa pred=fa# ❌  | hz: gt=349.2282 pred=415.3 ❌
    [  28/252]   F4 sine  | midi: gt=65 pred=64 ❌  | spn: gt=F4 pred=C4 ❌  | doremi: gt=fa pred=fa# ❌  | hz: gt=349.2282 pred=415.3 ❌
    [  29/252]   F4 sine  | midi: gt=65 pred=65 ✅  | spn: gt=F4 pred=C4 ❌  | doremi: gt=fa pred=fa# ❌  | hz: gt=349.2282 pred=415.3 ❌
    [  30/252]   F4 sine  | midi: gt=65 pred=65 ✅  | spn: gt=F4 pred=C4 ❌  | doremi: gt=fa pred=fa# ❌  | hz: gt=349.2282 pred=415.3 ❌
    [  31/252]   D5 sine  | midi: gt=74 pred=68 ❌  | spn: gt=D5 pred=C6 ❌  | doremi: gt=re pred=fa# ❌  | hz: gt=587.3295 pred=480.0 ❌
    [  32/252]   D5 sine  | midi: gt=74 pred=68 ❌  | spn: gt=D5 pred=C6 ❌  | doremi: gt=re pred=fa# ❌  | hz: gt=587.3295 pred=480.0 ❌
    [  33/252]   D5 sine  | midi: gt=74 pred=68 ❌  | spn: gt=D5 pred=C6 ❌  | doremi: gt=re pred=fa# ❌  | hz: gt=587.3295 pred=480.0 ❌
    [  34/252]   D5 sine  | midi: gt=74 pred=68 ❌  | spn: gt=D5 pred=C6 ❌  | doremi: gt=re pred=fa# ❌  | hz: gt=587.3295 pred=480.0 ❌
    [  35/252]   D5 sine  | midi: gt=74 pred=63 ❌  | spn: gt=D5 pred=C6 ❌  | doremi: gt=re pred=fa# ❌  | hz: gt=587.3295 pred=480.0 ❌
    [  36/252]   D5 sine  | midi: gt=74 pred=68 ❌  | spn: gt=D5 pred=C6 ❌  | doremi: gt=re pred=fa# ❌  | hz: gt=587.3295 pred=480.0 ❌
    [  37/252]   B5 sine  | midi: gt=83 pred=68 ❌  | spn: gt=B5 pred=C6 ❌  | doremi: gt=si pred=fa# ❌  | hz: gt=987.7666 pred=450.0 ❌
    [  38/252]   B5 sine  | midi: gt=83 pred=68 ❌  | spn: gt=B5 pred=C6 ❌  | doremi: gt=si pred=fa# ❌  | hz: gt=987.7666 pred=415.3 ❌
    [  39/252]   B5 sine  | midi: gt=83 pred=68 ❌  | spn: gt=B5 pred=C6 ❌  | doremi: gt=si pred=fa# ❌  | hz: gt=987.7666 pred=415.3 ❌
    [  40/252]   B5 sine  | midi: gt=83 pred=68 ❌  | spn: gt=B5 pred=C6 ❌  | doremi: gt=si pred=fa# ❌  | hz: gt=987.7666 pred=450.0 ❌
    [  41/252]   B5 sine  | midi: gt=83 pred=68 ❌  | spn: gt=B5 pred=C6 ❌  | doremi: gt=si pred=fa# ❌  | hz: gt=987.7666 pred=415.306 ❌
    [  42/252]   B5 sine  | midi: gt=83 pred=68 ❌  | spn: gt=B5 pred=C6 ❌  | doremi: gt=si pred=fa# ❌  | hz: gt=987.7666 pred=415.306 ❌
    [  43/252]   F1 synth_lead  | midi: gt=29 pred=48 ❌  | spn: gt=F1 pred=C4 ❌  | doremi: gt=fa pred=fa# ❌  | hz: gt=43.6535 pred=450.0 ❌
    [  44/252]   F1 synth_lead  | midi: gt=29 pred=45 ❌  | spn: gt=F1 pred=C4 ❌  | doremi: gt=fa pred=fa# ❌  | hz: gt=43.6535 pred=450.0 ❌
    [  45/252]   F1 synth_lead  | midi: gt=29 pred=45 ❌  | spn: gt=F1 pred=C4 ❌  | doremi: gt=fa pred=fa# ❌  | hz: gt=43.6535 pred=450.0 ❌
    [  46/252]   F1 synth_lead  | midi: gt=29 pred=45 ❌  | spn: gt=F1 pred=C4 ❌  | doremi: gt=fa pred=fa# ❌  | hz: gt=43.6535 pred=450.0 ❌
    [  47/252]   F1 synth_lead  | midi: gt=29 pred=45 ❌  | spn: gt=F1 pred=C4 ❌  | doremi: gt=fa pred=fa# ❌  | hz: gt=43.6535 pred=450.0 ❌
    [  48/252]   F1 synth_lead  | midi: gt=29 pred=45 ❌  | spn: gt=F1 pred=C4 ❌  | doremi: gt=fa pred=fa# ❌  | hz: gt=43.6535 pred=450.0 ❌
    [  49/252]   D2 synth_lead  | midi: gt=38 pred=48 ❌  | spn: gt=D2 pred=C4 ❌  | doremi: gt=re pred=fa# ❌  | hz: gt=73.4162 pred=450.0 ❌
    [  50/252]   D2 synth_lead  | midi: gt=38 pred=48 ❌  | spn: gt=D2 pred=C4 ❌  | doremi: gt=re pred=fa# ❌  | hz: gt=73.4162 pred=450.0 ❌
    [  51/252]   D2 synth_lead  | midi: gt=38 pred=48 ❌  | spn: gt=D2 pred=C4 ❌  | doremi: gt=re pred=fa# ❌  | hz: gt=73.4162 pred=450.0 ❌
    [  52/252]   D2 synth_lead  | midi: gt=38 pred=48 ❌  | spn: gt=D2 pred=C4 ❌  | doremi: gt=re pred=fa# ❌  | hz: gt=73.4162 pred=450.0 ❌
    [  53/252]   D2 synth_lead  | midi: gt=38 pred=48 ❌  | spn: gt=D2 pred=C4 ❌  | doremi: gt=re pred=fa# ❌  | hz: gt=73.4162 pred=450.0 ❌
    [  54/252]   D2 synth_lead  | midi: gt=38 pred=48 ❌  | spn: gt=D2 pred=C4 ❌  | doremi: gt=re pred=fa# ❌  | hz: gt=73.4162 pred=450.0 ❌
    [  55/252]   B2 synth_lead  | midi: gt=47 pred=64 ❌  | spn: gt=B2 pred=C4 ❌  | doremi: gt=si pred=fa# ❌  | hz: gt=123.4708 pred=460.0 ❌
    [  56/252]   B2 synth_lead  | midi: gt=47 pred=48 ❌  | spn: gt=B2 pred=C4 ❌  | doremi: gt=si pred=fa# ❌  | hz: gt=123.4708 pred=480.0 ❌
    [  57/252]   B2 synth_lead  | midi: gt=47 pred=48 ❌  | spn: gt=B2 pred=C4 ❌  | doremi: gt=si pred=fa# ❌  | hz: gt=123.4708 pred=450.0 ❌
    [  58/252]   B2 synth_lead  | midi: gt=47 pred=48 ❌  | spn: gt=B2 pred=C4 ❌  | doremi: gt=si pred=fa# ❌  | hz: gt=123.4708 pred=450.0 ❌
    [  59/252]   B2 synth_lead  | midi: gt=47 pred=48 ❌  | spn: gt=B2 pred=C4 ❌  | doremi: gt=si pred=fa# ❌  | hz: gt=123.4708 pred=450.0 ❌
    [  60/252]   B2 synth_lead  | midi: gt=47 pred=48 ❌  | spn: gt=B2 pred=C4 ❌  | doremi: gt=si pred=fa# ❌  | hz: gt=123.4708 pred=450.0 ❌
    [  61/252]  G#3 synth_lead  | midi: gt=56 pred=45 ❌  | spn: gt=G#3 pred=C4 ❌  | doremi: gt=sol# pred=fa# ❌  | hz: gt=207.6523 pred=450.0 ❌
    [  62/252]  G#3 synth_lead  | midi: gt=56 pred=45 ❌  | spn: gt=G#3 pred=A3 ❌  | doremi: gt=sol# pred=fa# ❌  | hz: gt=207.6523 pred=450.0 ❌
    [  63/252]  G#3 synth_lead  | midi: gt=56 pred=45 ❌  | spn: gt=G#3 pred=A3 ❌  | doremi: gt=sol# pred=fa# ❌  | hz: gt=207.6523 pred=450.0 ❌
    [  64/252]  G#3 synth_lead  | midi: gt=56 pred=45 ❌  | spn: gt=G#3 pred=A#6 ❌  | doremi: gt=sol# pred=fa# ❌  | hz: gt=207.6523 pred=450.0 ❌
    [  65/252]  G#3 synth_lead  | midi: gt=56 pred=45 ❌  | spn: gt=G#3 pred=A#6 ❌  | doremi: gt=sol# pred=fa# ❌  | hz: gt=207.6523 pred=450.0 ❌
    [  66/252]  G#3 synth_lead  | midi: gt=56 pred=45 ❌  | spn: gt=G#3 pred=A#6 ❌  | doremi: gt=sol# pred=fa# ❌  | hz: gt=207.6523 pred=450.0 ❌
    [  67/252]   F4 synth_lead  | midi: gt=65 pred=63 ❌  | spn: gt=F4 pred=C4 ❌  | doremi: gt=fa pred=fa# ❌  | hz: gt=349.2282 pred=480.0 ❌
    [  68/252]   F4 synth_lead  | midi: gt=65 pred=63 ❌  | spn: gt=F4 pred=C4 ❌  | doremi: gt=fa pred=fa# ❌  | hz: gt=349.2282 pred=480.0 ❌
    [  69/252]   F4 synth_lead  | midi: gt=65 pred=68 ❌  | spn: gt=F4 pred=C4 ❌  | doremi: gt=fa pred=fa# ❌  | hz: gt=349.2282 pred=480.0 ❌
    [  70/252]   F4 synth_lead  | midi: gt=65 pred=63 ❌  | spn: gt=F4 pred=C4 ❌  | doremi: gt=fa pred=fa# ❌  | hz: gt=349.2282 pred=480.0 ❌
    [  71/252]   F4 synth_lead  | midi: gt=65 pred=63 ❌  | spn: gt=F4 pred=C4 ❌  | doremi: gt=fa pred=fa# ❌  | hz: gt=349.2282 pred=480.0 ❌
    [  72/252]   F4 synth_lead  | midi: gt=65 pred=63 ❌  | spn: gt=F4 pred=C4 ❌  | doremi: gt=fa pred=fa# ❌  | hz: gt=349.2282 pred=480.0 ❌
    [  73/252]   D5 synth_lead  | midi: gt=74 pred=63 ❌  | spn: gt=D5 pred=C6 ❌  | doremi: gt=re pred=fa# ❌  | hz: gt=587.3295 pred=480.0 ❌
    [  74/252]   D5 synth_lead  | midi: gt=74 pred=64 ❌  | spn: gt=D5 pred=C4 ❌  | doremi: gt=re pred=fa# ❌  | hz: gt=587.3295 pred=480.0 ❌
    [  75/252]   D5 synth_lead  | midi: gt=74 pred=63 ❌  | spn: gt=D5 pred=C6 ❌  | doremi: gt=re pred=fa# ❌  | hz: gt=587.3295 pred=480.0 ❌
    [  76/252]   D5 synth_lead  | midi: gt=74 pred=68 ❌  | spn: gt=D5 pred=C6 ❌  | doremi: gt=re pred=fa# ❌  | hz: gt=587.3295 pred=480.0 ❌
    [  77/252]   D5 synth_lead  | midi: gt=74 pred=68 ❌  | spn: gt=D5 pred=C6 ❌  | doremi: gt=re pred=fa# ❌  | hz: gt=587.3295 pred=480.0 ❌
    [  78/252]   D5 synth_lead  | midi: gt=74 pred=68 ❌  | spn: gt=D5 pred=C6 ❌  | doremi: gt=re pred=fa# ❌  | hz: gt=587.3295 pred=480.0 ❌
    [  79/252]   B5 synth_lead  | midi: gt=83 pred=68 ❌  | spn: gt=B5 pred=C6 ❌  | doremi: gt=si pred=fa# ❌  | hz: gt=987.7666 pred=60.0 ❌
    [  80/252]   B5 synth_lead  | midi: gt=83 pred=68 ❌  | spn: gt=B5 pred=C6 ❌  | doremi: gt=si pred=fa# ❌  | hz: gt=987.7666 pred=605.0 ❌
    [  81/252]   B5 synth_lead  | midi: gt=83 pred=84 ❌  | spn: gt=B5 pred=C6 ❌  | doremi: gt=si pred=fa# ❌  | hz: gt=987.7666 pred=600.0 ❌
    [  82/252]   B5 synth_lead  | midi: gt=83 pred=68 ❌  | spn: gt=B5 pred=C6 ❌  | doremi: gt=si pred=fa# ❌  | hz: gt=987.7666 pred=605.38 ❌
    [  83/252]   B5 synth_lead  | midi: gt=83 pred=68 ❌  | spn: gt=B5 pred=C6 ❌  | doremi: gt=si pred=fa# ❌  | hz: gt=987.7666 pred=605.38 ❌
    [  84/252]   B5 synth_lead  | midi: gt=83 pred=68 ❌  | spn: gt=B5 pred=C6 ❌  | doremi: gt=si pred=fa# ❌  | hz: gt=987.7666 pred=605.38 ❌
    [  85/252]   F1 cello  | midi: gt=29 pred=34 ❌  | spn: gt=F1 pred=A#2 ❌  | doremi: gt=fa pred=fa# ❌  | hz: gt=43.6535 pred=28.13 ❌
    [  86/252]   F1 cello  | midi: gt=29 pred=34 ❌  | spn: gt=F1 pred=A#2 ❌  | doremi: gt=fa pred=fa# ❌  | hz: gt=43.6535 pred=280.0 ❌
    [  87/252]   F1 cello  | midi: gt=29 pred=34 ❌  | spn: gt=F1 pred=A#2 ❌  | doremi: gt=fa pred=fa# ❌  | hz: gt=43.6535 pred=280.0 ❌
    [  88/252]   F1 cello  | midi: gt=29 pred=34 ❌  | spn: gt=F1 pred=A#2 ❌  | doremi: gt=fa pred=fa# ❌  | hz: gt=43.6535 pred=280.0 ❌
    [  89/252]   F1 cello  | midi: gt=29 pred=34 ❌  | spn: gt=F1 pred=A#2 ❌  | doremi: gt=fa pred=fa# ❌  | hz: gt=43.6535 pred=280.0 ❌
    [  90/252]   F1 cello  | midi: gt=29 pred=34 ❌  | spn: gt=F1 pred=A#2 ❌  | doremi: gt=fa pred=fa# ❌  | hz: gt=43.6535 pred=280.0 ❌
    [  91/252]   D2 cello  | midi: gt=38 pred=48 ❌  | spn: gt=D2 pred=C4 ❌  | doremi: gt=re pred=fa# ❌  | hz: gt=73.4162 pred=450.0 ❌
    [  92/252]   D2 cello  | midi: gt=38 pred=48 ❌  | spn: gt=D2 pred=C4 ❌  | doremi: gt=re pred=fa# ❌  | hz: gt=73.4162 pred=435.0 ❌
    [  93/252]   D2 cello  | midi: gt=38 pred=48 ❌  | spn: gt=D2 pred=C4 ❌  | doremi: gt=re pred=fa# ❌  | hz: gt=73.4162 pred=435.0 ❌
    [  94/252]   D2 cello  | midi: gt=38 pred=48 ❌  | spn: gt=D2 pred=C4 ❌  | doremi: gt=re pred=fa# ❌  | hz: gt=73.4162 pred=435.0 ❌
    [  95/252]   D2 cello  | midi: gt=38 pred=48 ❌  | spn: gt=D2 pred=C4 ❌  | doremi: gt=re pred=fa# ❌  | hz: gt=73.4162 pred=435.0 ❌
    [  96/252]   D2 cello  | midi: gt=38 pred=48 ❌  | spn: gt=D2 pred=C4 ❌  | doremi: gt=re pred=fa# ❌  | hz: gt=73.4162 pred=435.0 ❌
    [  97/252]   B2 cello  | midi: gt=47 pred=49 ❌  | spn: gt=B2 pred=C4 ❌  | doremi: gt=si pred=sol ❌  | hz: gt=123.4708 pred=48.0 ❌
    [  98/252]   B2 cello  | midi: gt=47 pred=49 ❌  | spn: gt=B2 pred=C4 ❌  | doremi: gt=si pred=fa# ❌  | hz: gt=123.4708 pred=48.0 ❌
    [  99/252]   B2 cello  | midi: gt=47 pred=49 ❌  | spn: gt=B2 pred=C4 ❌  | doremi: gt=si pred=fa# ❌  | hz: gt=123.4708 pred=48.0 ❌
    [ 100/252]   B2 cello  | midi: gt=47 pred=49 ❌  | spn: gt=B2 pred=C4 ❌  | doremi: gt=si pred=sol ❌  | hz: gt=123.4708 pred=48.0 ❌
    [ 101/252]   B2 cello  | midi: gt=47 pred=49 ❌  | spn: gt=B2 pred=C4 ❌  | doremi: gt=si pred=sol ❌  | hz: gt=123.4708 pred=48.0 ❌
    [ 102/252]   B2 cello  | midi: gt=47 pred=49 ❌  | spn: gt=B2 pred=C4 ❌  | doremi: gt=si pred=sol ❌  | hz: gt=123.4708 pred=48.0 ❌
    [ 103/252]  G#3 cello  | midi: gt=56 pred=58 ❌  | spn: gt=G#3 pred=A4 ❌  | doremi: gt=sol# pred=fa# ❌  | hz: gt=207.6523 pred=450.0 ❌
    [ 104/252]  G#3 cello  | midi: gt=56 pred=58 ❌  | spn: gt=G#3 pred=A4 ❌  | doremi: gt=sol# pred=fa# ❌  | hz: gt=207.6523 pred=450.0 ❌
    [ 105/252]  G#3 cello  | midi: gt=56 pred=58 ❌  | spn: gt=G#3 pred=A4 ❌  | doremi: gt=sol# pred=fa# ❌  | hz: gt=207.6523 pred=450.0 ❌
    [ 106/252]  G#3 cello  | midi: gt=56 pred=58 ❌  | spn: gt=G#3 pred=A4 ❌  | doremi: gt=sol# pred=fa# ❌  | hz: gt=207.6523 pred=450.0 ❌
    [ 107/252]  G#3 cello  | midi: gt=56 pred=58 ❌  | spn: gt=G#3 pred=A4 ❌  | doremi: gt=sol# pred=fa# ❌  | hz: gt=207.6523 pred=450.0 ❌
    [ 108/252]  G#3 cello  | midi: gt=56 pred=58 ❌  | spn: gt=G#3 pred=A4 ❌  | doremi: gt=sol# pred=fa# ❌  | hz: gt=207.6523 pred=450.0 ❌
    [ 109/252]   F4 cello  | midi: gt=65 pred=67 ❌  | spn: gt=F4 pred=C6 ❌  | doremi: gt=fa pred=sol# ❌  | hz: gt=349.2282 pred=6750.0 ❌
    [ 110/252]   F4 cello  | midi: gt=65 pred=67 ❌  | spn: gt=F4 pred=C6 ❌  | doremi: gt=fa pred=sol ❌  | hz: gt=349.2282 pred=6750.0 ❌
    [ 111/252]   F4 cello  | midi: gt=65 pred=67 ❌  | spn: gt=F4 pred=C6 ❌  | doremi: gt=fa pred=sol ❌  | hz: gt=349.2282 pred=6750.0 ❌
    [ 112/252]   F4 cello  | midi: gt=65 pred=67 ❌  | spn: gt=F4 pred=C6 ❌  | doremi: gt=fa pred=sol# ❌  | hz: gt=349.2282 pred=6750.0 ❌
    [ 113/252]   F4 cello  | midi: gt=65 pred=67 ❌  | spn: gt=F4 pred=C6 ❌  | doremi: gt=fa pred=sol# ❌  | hz: gt=349.2282 pred=6750.0 ❌
    [ 114/252]   F4 cello  | midi: gt=65 pred=67 ❌  | spn: gt=F4 pred=C6 ❌  | doremi: gt=fa pred=sol# ❌  | hz: gt=349.2282 pred=6750.0 ❌
    [ 115/252]   D5 cello  | midi: gt=74 pred=64 ❌  | spn: gt=D5 pred=C6 ❌  | doremi: gt=re pred=sol# ❌  | hz: gt=587.3295 pred=7680.0 ❌
    [ 116/252]   D5 cello  | midi: gt=74 pred=64 ❌  | spn: gt=D5 pred=C6 ❌  | doremi: gt=re pred=sol# ❌  | hz: gt=587.3295 pred=640.0 ❌
    [ 117/252]   D5 cello  | midi: gt=74 pred=64 ❌  | spn: gt=D5 pred=C6 ❌  | doremi: gt=re pred=sol# ❌  | hz: gt=587.3295 pred=640.0 ❌
    [ 118/252]   D5 cello  | midi: gt=74 pred=64 ❌  | spn: gt=D5 pred=C6 ❌  | doremi: gt=re pred=sol# ❌  | hz: gt=587.3295 pred=7680.0 ❌
    [ 119/252]   D5 cello  | midi: gt=74 pred=64 ❌  | spn: gt=D5 pred=C6 ❌  | doremi: gt=re pred=sol# ❌  | hz: gt=587.3295 pred=7680.0 ❌
    [ 120/252]   D5 cello  | midi: gt=74 pred=64 ❌  | spn: gt=D5 pred=C6 ❌  | doremi: gt=re pred=sol# ❌  | hz: gt=587.3295 pred=7680.0 ❌
    [ 121/252]   B5 cello  | midi: gt=83 pred=68 ❌  | spn: gt=B5 pred=C6 ❌  | doremi: gt=si pred=sol# ❌  | hz: gt=987.7666 pred=605.47 ❌
    [ 122/252]   B5 cello  | midi: gt=83 pred=85 ❌  | spn: gt=B5 pred=C6 ❌  | doremi: gt=si pred=sol# ❌  | hz: gt=987.7666 pred=605.47 ❌
    [ 123/252]   B5 cello  | midi: gt=83 pred=85 ❌  | spn: gt=B5 pred=C6 ❌  | doremi: gt=si pred=sol# ❌  | hz: gt=987.7666 pred=840.0 ❌
    [ 124/252]   B5 cello  | midi: gt=83 pred=85 ❌  | spn: gt=B5 pred=C6 ❌  | doremi: gt=si pred=sol# ❌  | hz: gt=987.7666 pred=605.47 ❌
    [ 125/252]   B5 cello  | midi: gt=83 pred=85 ❌  | spn: gt=B5 pred=C6 ❌  | doremi: gt=si pred=sol# ❌  | hz: gt=987.7666 pred=605.47 ❌
    [ 126/252]   B5 cello  | midi: gt=83 pred=85 ❌  | spn: gt=B5 pred=C6 ❌  | doremi: gt=si pred=sol# ❌  | hz: gt=987.7666 pred=605.47 ❌
    [ 127/252]   F1 flute  | midi: gt=29 pred=35 ❌  | spn: gt=F1 pred=A#2 ❌  | doremi: gt=fa pred=fa# ❌  | hz: gt=43.6535 pred=105.26 ❌
    [ 128/252]   F1 flute  | midi: gt=29 pred=35 ❌  | spn: gt=F1 pred=C2 ❌  | doremi: gt=fa pred=fa# ❌  | hz: gt=43.6535 pred=210.0 ❌
    [ 129/252]   F1 flute  | midi: gt=29 pred=35 ❌  | spn: gt=F1 pred=A#2 ❌  | doremi: gt=fa pred=fa# ❌  | hz: gt=43.6535 pred=210.0 ❌
    [ 130/252]   F1 flute  | midi: gt=29 pred=35 ❌  | spn: gt=F1 pred=A#2 ❌  | doremi: gt=fa pred=fa# ❌  | hz: gt=43.6535 pred=210.0 ❌
    [ 131/252]   F1 flute  | midi: gt=29 pred=35 ❌  | spn: gt=F1 pred=A#2 ❌  | doremi: gt=fa pred=fa# ❌  | hz: gt=43.6535 pred=210.0 ❌
    [ 132/252]   F1 flute  | midi: gt=29 pred=35 ❌  | spn: gt=F1 pred=A#2 ❌  | doremi: gt=fa pred=fa# ❌  | hz: gt=43.6535 pred=210.0 ❌
    [ 133/252]   D2 flute  | midi: gt=38 pred=48 ❌  | spn: gt=D2 pred=C2 ❌  | doremi: gt=re pred=fa# ❌  | hz: gt=73.4162 pred=45.0 ❌
    [ 134/252]   D2 flute  | midi: gt=38 pred=48 ❌  | spn: gt=D2 pred=C2 ❌  | doremi: gt=re pred=fa# ❌  | hz: gt=73.4162 pred=430.51 ❌
    [ 135/252]   D2 flute  | midi: gt=38 pred=48 ❌  | spn: gt=D2 pred=C2 ❌  | doremi: gt=re pred=fa# ❌  | hz: gt=73.4162 pred=430.51 ❌
    [ 136/252]   D2 flute  | midi: gt=38 pred=48 ❌  | spn: gt=D2 pred=C2 ❌  | doremi: gt=re pred=fa# ❌  | hz: gt=73.4162 pred=430.51 ❌
    [ 137/252]   D2 flute  | midi: gt=38 pred=48 ❌  | spn: gt=D2 pred=C2 ❌  | doremi: gt=re pred=fa# ❌  | hz: gt=73.4162 pred=430.51 ❌
    [ 138/252]   D2 flute  | midi: gt=38 pred=48 ❌  | spn: gt=D2 pred=C2 ❌  | doremi: gt=re pred=fa# ❌  | hz: gt=73.4162 pred=430.51 ❌
    [ 139/252]   B2 flute  | midi: gt=47 pred=48 ❌  | spn: gt=B2 pred=C2 ❌  | doremi: gt=si pred=fa# ❌  | hz: gt=123.4708 pred=435.0 ❌
    [ 140/252]   B2 flute  | midi: gt=47 pred=48 ❌  | spn: gt=B2 pred=C2 ❌  | doremi: gt=si pred=fa# ❌  | hz: gt=123.4708 pred=430.51 ❌
    [ 141/252]   B2 flute  | midi: gt=47 pred=48 ❌  | spn: gt=B2 pred=C2 ❌  | doremi: gt=si pred=fa# ❌  | hz: gt=123.4708 pred=435.0 ❌
    [ 142/252]   B2 flute  | midi: gt=47 pred=48 ❌  | spn: gt=B2 pred=C2 ❌  | doremi: gt=si pred=fa# ❌  | hz: gt=123.4708 pred=435.0 ❌
    [ 143/252]   B2 flute  | midi: gt=47 pred=48 ❌  | spn: gt=B2 pred=C2 ❌  | doremi: gt=si pred=fa# ❌  | hz: gt=123.4708 pred=435.0 ❌
    [ 144/252]   B2 flute  | midi: gt=47 pred=48 ❌  | spn: gt=B2 pred=C2 ❌  | doremi: gt=si pred=fa# ❌  | hz: gt=123.4708 pred=435.0 ❌
    [ 145/252]  G#3 flute  | midi: gt=56 pred=45 ❌  | spn: gt=G#3 pred=A4 ❌  | doremi: gt=sol# pred=fa# ❌  | hz: gt=207.6523 pred=450.0 ❌
    [ 146/252]  G#3 flute  | midi: gt=56 pred=58 ❌  | spn: gt=G#3 pred=A4 ❌  | doremi: gt=sol# pred=fa# ❌  | hz: gt=207.6523 pred=450.0 ❌
    [ 147/252]  G#3 flute  | midi: gt=56 pred=58 ❌  | spn: gt=G#3 pred=A4 ❌  | doremi: gt=sol# pred=fa# ❌  | hz: gt=207.6523 pred=450.0 ❌
    [ 148/252]  G#3 flute  | midi: gt=56 pred=58 ❌  | spn: gt=G#3 pred=A4 ❌  | doremi: gt=sol# pred=fa# ❌  | hz: gt=207.6523 pred=450.0 ❌
    [ 149/252]  G#3 flute  | midi: gt=56 pred=58 ❌  | spn: gt=G#3 pred=A4 ❌  | doremi: gt=sol# pred=fa# ❌  | hz: gt=207.6523 pred=450.0 ❌
    [ 150/252]  G#3 flute  | midi: gt=56 pred=58 ❌  | spn: gt=G#3 pred=A4 ❌  | doremi: gt=sol# pred=fa# ❌  | hz: gt=207.6523 pred=450.0 ❌
    [ 151/252]   F4 flute  | midi: gt=65 pred=68 ❌  | spn: gt=F4 pred=C6 ❌  | doremi: gt=fa pred=fa# ❌  | hz: gt=349.2282 pred=435.0 ❌
    [ 152/252]   F4 flute  | midi: gt=65 pred=68 ❌  | spn: gt=F4 pred=C6 ❌  | doremi: gt=fa pred=fa# ❌  | hz: gt=349.2282 pred=480.0 ❌
    [ 153/252]   F4 flute  | midi: gt=65 pred=68 ❌  | spn: gt=F4 pred=C6 ❌  | doremi: gt=fa pred=fa# ❌  | hz: gt=349.2282 pred=480.0 ❌
    [ 154/252]   F4 flute  | midi: gt=65 pred=68 ❌  | spn: gt=F4 pred=C6 ❌  | doremi: gt=fa pred=fa# ❌  | hz: gt=349.2282 pred=60.0 ❌
    [ 155/252]   F4 flute  | midi: gt=65 pred=68 ❌  | spn: gt=F4 pred=C6 ❌  | doremi: gt=fa pred=fa# ❌  | hz: gt=349.2282 pred=60.0 ❌
    [ 156/252]   F4 flute  | midi: gt=65 pred=68 ❌  | spn: gt=F4 pred=C6 ❌  | doremi: gt=fa pred=fa# ❌  | hz: gt=349.2282 pred=60.0 ❌
    [ 157/252]   D5 flute  | midi: gt=74 pred=64 ❌  | spn: gt=D5 pred=C6 ❌  | doremi: gt=re pred=fa# ❌  | hz: gt=587.3295 pred=640.0 ❌
    [ 158/252]   D5 flute  | midi: gt=74 pred=64 ❌  | spn: gt=D5 pred=C6 ❌  | doremi: gt=re pred=fa# ❌  | hz: gt=587.3295 pred=640.0 ❌
    [ 159/252]   D5 flute  | midi: gt=74 pred=64 ❌  | spn: gt=D5 pred=C6 ❌  | doremi: gt=re pred=fa# ❌  | hz: gt=587.3295 pred=640.0 ❌
    [ 160/252]   D5 flute  | midi: gt=74 pred=64 ❌  | spn: gt=D5 pred=C6 ❌  | doremi: gt=re pred=fa# ❌  | hz: gt=587.3295 pred=640.0 ❌
    [ 161/252]   D5 flute  | midi: gt=74 pred=64 ❌  | spn: gt=D5 pred=C6 ❌  | doremi: gt=re pred=fa# ❌  | hz: gt=587.3295 pred=640.0 ❌
    [ 162/252]   D5 flute  | midi: gt=74 pred=64 ❌  | spn: gt=D5 pred=C6 ❌  | doremi: gt=re pred=fa# ❌  | hz: gt=587.3295 pred=640.0 ❌
    [ 163/252]   B5 flute  | midi: gt=83 pred=68 ❌  | spn: gt=B5 pred=C6 ❌  | doremi: gt=si pred=fa# ❌  | hz: gt=987.7666 pred=605.38 ❌
    [ 164/252]   B5 flute  | midi: gt=83 pred=68 ❌  | spn: gt=B5 pred=C6 ❌  | doremi: gt=si pred=fa# ❌  | hz: gt=987.7666 pred=605.48 ❌
    [ 165/252]   B5 flute  | midi: gt=83 pred=85 ❌  | spn: gt=B5 pred=C6 ❌  | doremi: gt=si pred=fa# ❌  | hz: gt=987.7666 pred=605.47 ❌
    [ 166/252]   B5 flute  | midi: gt=83 pred=85 ❌  | spn: gt=B5 pred=C6 ❌  | doremi: gt=si pred=fa# ❌  | hz: gt=987.7666 pred=8450.0 ❌
    [ 167/252]   B5 flute  | midi: gt=83 pred=85 ❌  | spn: gt=B5 pred=C6 ❌  | doremi: gt=si pred=fa# ❌  | hz: gt=987.7666 pred=8450.0 ❌
    [ 168/252]   B5 flute  | midi: gt=83 pred=85 ❌  | spn: gt=B5 pred=C6 ❌  | doremi: gt=si pred=fa# ❌  | hz: gt=987.7666 pred=8450.0 ❌
    [ 169/252]   F1 piano  | midi: gt=29 pred=43 ❌  | spn: gt=F1 pred=C4 ❌  | doremi: gt=fa pred=fa# ❌  | hz: gt=43.6535 pred=435.0 ❌
    [ 170/252]   F1 piano  | midi: gt=29 pred=43 ❌  | spn: gt=F1 pred=C4 ❌  | doremi: gt=fa pred=fa# ❌  | hz: gt=43.6535 pred=435.0 ❌
    [ 171/252]   F1 piano  | midi: gt=29 pred=43 ❌  | spn: gt=F1 pred=C4 ❌  | doremi: gt=fa pred=fa# ❌  | hz: gt=43.6535 pred=435.0 ❌
    [ 172/252]   F1 piano  | midi: gt=29 pred=43 ❌  | spn: gt=F1 pred=C4 ❌  | doremi: gt=fa pred=fa# ❌  | hz: gt=43.6535 pred=435.0 ❌
    [ 173/252]   F1 piano  | midi: gt=29 pred=43 ❌  | spn: gt=F1 pred=C4 ❌  | doremi: gt=fa pred=fa# ❌  | hz: gt=43.6535 pred=435.0 ❌
    [ 174/252]   F1 piano  | midi: gt=29 pred=43 ❌  | spn: gt=F1 pred=C4 ❌  | doremi: gt=fa pred=fa# ❌  | hz: gt=43.6535 pred=435.0 ❌
    [ 175/252]   D2 piano  | midi: gt=38 pred=43 ❌  | spn: gt=D2 pred=C4 ❌  | doremi: gt=re pred=fa# ❌  | hz: gt=73.4162 pred=450.0 ❌
    [ 176/252]   D2 piano  | midi: gt=38 pred=43 ❌  | spn: gt=D2 pred=C4 ❌  | doremi: gt=re pred=fa# ❌  | hz: gt=73.4162 pred=450.0 ❌
    [ 177/252]   D2 piano  | midi: gt=38 pred=43 ❌  | spn: gt=D2 pred=C4 ❌  | doremi: gt=re pred=fa# ❌  | hz: gt=73.4162 pred=450.0 ❌
    [ 178/252]   D2 piano  | midi: gt=38 pred=43 ❌  | spn: gt=D2 pred=C4 ❌  | doremi: gt=re pred=fa# ❌  | hz: gt=73.4162 pred=450.0 ❌
    [ 179/252]   D2 piano  | midi: gt=38 pred=43 ❌  | spn: gt=D2 pred=C4 ❌  | doremi: gt=re pred=fa# ❌  | hz: gt=73.4162 pred=450.0 ❌
    [ 180/252]   D2 piano  | midi: gt=38 pred=43 ❌  | spn: gt=D2 pred=C4 ❌  | doremi: gt=re pred=fa# ❌  | hz: gt=73.4162 pred=450.0 ❌
    [ 181/252]   B2 piano  | midi: gt=47 pred=48 ❌  | spn: gt=B2 pred=C4 ❌  | doremi: gt=si pred=re ❌  | hz: gt=123.4708 pred=480.0 ❌
    [ 182/252]   B2 piano  | midi: gt=47 pred=48 ❌  | spn: gt=B2 pred=C4 ❌  | doremi: gt=si pred=re ❌  | hz: gt=123.4708 pred=480.0 ❌
    [ 183/252]   B2 piano  | midi: gt=47 pred=48 ❌  | spn: gt=B2 pred=C4 ❌  | doremi: gt=si pred=re ❌  | hz: gt=123.4708 pred=480.0 ❌
    [ 184/252]   B2 piano  | midi: gt=47 pred=48 ❌  | spn: gt=B2 pred=C4 ❌  | doremi: gt=si pred=re ❌  | hz: gt=123.4708 pred=480.0 ❌
    [ 185/252]   B2 piano  | midi: gt=47 pred=48 ❌  | spn: gt=B2 pred=C4 ❌  | doremi: gt=si pred=re ❌  | hz: gt=123.4708 pred=480.0 ❌
    [ 186/252]   B2 piano  | midi: gt=47 pred=48 ❌  | spn: gt=B2 pred=C4 ❌  | doremi: gt=si pred=re ❌  | hz: gt=123.4708 pred=480.0 ❌
    [ 187/252]  G#3 piano  | midi: gt=56 pred=58 ❌  | spn: gt=G#3 pred=A4 ❌  | doremi: gt=sol# pred=fa# ❌  | hz: gt=207.6523 pred=450.0 ❌
    [ 188/252]  G#3 piano  | midi: gt=56 pred=58 ❌  | spn: gt=G#3 pred=A4 ❌  | doremi: gt=sol# pred=fa# ❌  | hz: gt=207.6523 pred=450.0 ❌
    [ 189/252]  G#3 piano  | midi: gt=56 pred=58 ❌  | spn: gt=G#3 pred=A4 ❌  | doremi: gt=sol# pred=fa# ❌  | hz: gt=207.6523 pred=450.0 ❌
    [ 190/252]  G#3 piano  | midi: gt=56 pred=58 ❌  | spn: gt=G#3 pred=A4 ❌  | doremi: gt=sol# pred=fa# ❌  | hz: gt=207.6523 pred=450.0 ❌
    [ 191/252]  G#3 piano  | midi: gt=56 pred=58 ❌  | spn: gt=G#3 pred=A4 ❌  | doremi: gt=sol# pred=fa# ❌  | hz: gt=207.6523 pred=450.0 ❌
    [ 192/252]  G#3 piano  | midi: gt=56 pred=58 ❌  | spn: gt=G#3 pred=A4 ❌  | doremi: gt=sol# pred=fa# ❌  | hz: gt=207.6523 pred=450.0 ❌
    [ 193/252]   F4 piano  | midi: gt=65 pred=43 ❌  | spn: gt=F4 pred=C4 ❌  | doremi: gt=fa pred=fa# ❌  | hz: gt=349.2282 pred=450.0 ❌
    [ 194/252]   F4 piano  | midi: gt=65 pred=43 ❌  | spn: gt=F4 pred=C4 ❌  | doremi: gt=fa pred=fa# ❌  | hz: gt=349.2282 pred=450.0 ❌
    [ 195/252]   F4 piano  | midi: gt=65 pred=43 ❌  | spn: gt=F4 pred=C4 ❌  | doremi: gt=fa pred=fa# ❌  | hz: gt=349.2282 pred=450.0 ❌
    [ 196/252]   F4 piano  | midi: gt=65 pred=43 ❌  | spn: gt=F4 pred=C4 ❌  | doremi: gt=fa pred=sol# ❌  | hz: gt=349.2282 pred=450.0 ❌
    [ 197/252]   F4 piano  | midi: gt=65 pred=43 ❌  | spn: gt=F4 pred=C4 ❌  | doremi: gt=fa pred=sol# ❌  | hz: gt=349.2282 pred=450.0 ❌
    [ 198/252]   F4 piano  | midi: gt=65 pred=43 ❌  | spn: gt=F4 pred=C4 ❌  | doremi: gt=fa pred=sol# ❌  | hz: gt=349.2282 pred=450.0 ❌
    [ 199/252]   D5 piano  | midi: gt=74 pred=63 ❌  | spn: gt=D5 pred=C6 ❌  | doremi: gt=re pred=fa# ❌  | hz: gt=587.3295 pred=450.0 ❌
    [ 200/252]   D5 piano  | midi: gt=74 pred=63 ❌  | spn: gt=D5 pred=C6 ❌  | doremi: gt=re pred=fa# ❌  | hz: gt=587.3295 pred=460.0 ❌
    [ 201/252]   D5 piano  | midi: gt=74 pred=63 ❌  | spn: gt=D5 pred=C6 ❌  | doremi: gt=re pred=sol# ❌  | hz: gt=587.3295 pred=480.0 ❌
    [ 202/252]   D5 piano  | midi: gt=74 pred=63 ❌  | spn: gt=D5 pred=C6 ❌  | doremi: gt=re pred=sol# ❌  | hz: gt=587.3295 pred=480.0 ❌
    [ 203/252]   D5 piano  | midi: gt=74 pred=63 ❌  | spn: gt=D5 pred=C6 ❌  | doremi: gt=re pred=sol# ❌  | hz: gt=587.3295 pred=480.0 ❌
    [ 204/252]   D5 piano  | midi: gt=74 pred=63 ❌  | spn: gt=D5 pred=C6 ❌  | doremi: gt=re pred=sol# ❌  | hz: gt=587.3295 pred=480.0 ❌
    [ 205/252]   B5 piano  | midi: gt=83 pred=68 ❌  | spn: gt=B5 pred=C6 ❌  | doremi: gt=si pred=sol# ❌  | hz: gt=987.7666 pred=493.88 ❌
    [ 206/252]   B5 piano  | midi: gt=83 pred=68 ❌  | spn: gt=B5 pred=C6 ❌  | doremi: gt=si pred=sol# ❌  | hz: gt=987.7666 pred=436.51 ❌
    [ 207/252]   B5 piano  | midi: gt=83 pred=68 ❌  | spn: gt=B5 pred=C6 ❌  | doremi: gt=si pred=sol# ❌  | hz: gt=987.7666 pred=450.0 ❌
    [ 208/252]   B5 piano  | midi: gt=83 pred=68 ❌  | spn: gt=B5 pred=C6 ❌  | doremi: gt=si pred=sol# ❌  | hz: gt=987.7666 pred=450.0 ❌
    [ 209/252]   B5 piano  | midi: gt=83 pred=68 ❌  | spn: gt=B5 pred=C6 ❌  | doremi: gt=si pred=sol# ❌  | hz: gt=987.7666 pred=450.0 ❌
    [ 210/252]   B5 piano  | midi: gt=83 pred=68 ❌  | spn: gt=B5 pred=C6 ❌  | doremi: gt=si pred=sol# ❌  | hz: gt=987.7666 pred=450.0 ❌
    [ 211/252]   F1 voice  | midi: gt=29 pred=48 ❌  | spn: gt=F1 pred=C4 ❌  | doremi: gt=fa pred=fa# ❌  | hz: gt=43.6535 pred=430.51 ❌
    [ 212/252]   F1 voice  | midi: gt=29 pred=48 ❌  | spn: gt=F1 pred=C4 ❌  | doremi: gt=fa pred=fa# ❌  | hz: gt=43.6535 pred=430.51 ❌
    [ 213/252]   F1 voice  | midi: gt=29 pred=45 ❌  | spn: gt=F1 pred=C4 ❌  | doremi: gt=fa pred=fa# ❌  | hz: gt=43.6535 pred=430.51 ❌
    [ 214/252]   F1 voice  | midi: gt=29 pred=48 ❌  | spn: gt=F1 pred=C4 ❌  | doremi: gt=fa pred=fa# ❌  | hz: gt=43.6535 pred=430.51 ❌
    [ 215/252]   F1 voice  | midi: gt=29 pred=48 ❌  | spn: gt=F1 pred=C4 ❌  | doremi: gt=fa pred=fa# ❌  | hz: gt=43.6535 pred=430.51 ❌
    [ 216/252]   F1 voice  | midi: gt=29 pred=48 ❌  | spn: gt=F1 pred=C4 ❌  | doremi: gt=fa pred=fa# ❌  | hz: gt=43.6535 pred=430.51 ❌
    [ 217/252]   D2 voice  | midi: gt=38 pred=48 ❌  | spn: gt=D2 pred=C4 ❌  | doremi: gt=re pred=fa# ❌  | hz: gt=73.4162 pred=480.0 ❌
    [ 218/252]   D2 voice  | midi: gt=38 pred=48 ❌  | spn: gt=D2 pred=C4 ❌  | doremi: gt=re pred=fa# ❌  | hz: gt=73.4162 pred=480.0 ❌
    [ 219/252]   D2 voice  | midi: gt=38 pred=63 ❌  | spn: gt=D2 pred=C4 ❌  | doremi: gt=re pred=fa# ❌  | hz: gt=73.4162 pred=480.0 ❌
    [ 220/252]   D2 voice  | midi: gt=38 pred=48 ❌  | spn: gt=D2 pred=C4 ❌  | doremi: gt=re pred=fa# ❌  | hz: gt=73.4162 pred=480.0 ❌
    [ 221/252]   D2 voice  | midi: gt=38 pred=48 ❌  | spn: gt=D2 pred=C4 ❌  | doremi: gt=re pred=fa# ❌  | hz: gt=73.4162 pred=480.0 ❌
    [ 222/252]   D2 voice  | midi: gt=38 pred=48 ❌  | spn: gt=D2 pred=C4 ❌  | doremi: gt=re pred=fa# ❌  | hz: gt=73.4162 pred=480.0 ❌
    [ 223/252]   B2 voice  | midi: gt=47 pred=63 ❌  | spn: gt=B2 pred=C4 ❌  | doremi: gt=si pred=fa# ❌  | hz: gt=123.4708 pred=480.0 ❌
    [ 224/252]   B2 voice  | midi: gt=47 pred=65 ❌  | spn: gt=B2 pred=C4 ❌  | doremi: gt=si pred=fa# ❌  | hz: gt=123.4708 pred=480.0 ❌
    [ 225/252]   B2 voice  | midi: gt=47 pred=65 ❌  | spn: gt=B2 pred=C4 ❌  | doremi: gt=si pred=fa# ❌  | hz: gt=123.4708 pred=480.0 ❌
    [ 226/252]   B2 voice  | midi: gt=47 pred=65 ❌  | spn: gt=B2 pred=C4 ❌  | doremi: gt=si pred=fa# ❌  | hz: gt=123.4708 pred=480.0 ❌
    [ 227/252]   B2 voice  | midi: gt=47 pred=65 ❌  | spn: gt=B2 pred=C4 ❌  | doremi: gt=si pred=fa# ❌  | hz: gt=123.4708 pred=480.0 ❌
    [ 228/252]   B2 voice  | midi: gt=47 pred=65 ❌  | spn: gt=B2 pred=C4 ❌  | doremi: gt=si pred=fa# ❌  | hz: gt=123.4708 pred=480.0 ❌
    [ 229/252]  G#3 voice  | midi: gt=56 pred=69 ❌  | spn: gt=G#3 pred=A4 ❌  | doremi: gt=sol# pred=fa# ❌  | hz: gt=207.6523 pred=450.0 ❌
    [ 230/252]  G#3 voice  | midi: gt=56 pred=69 ❌  | spn: gt=G#3 pred=C4 ❌  | doremi: gt=sol# pred=fa# ❌  | hz: gt=207.6523 pred=450.0 ❌
    [ 231/252]  G#3 voice  | midi: gt=56 pred=69 ❌  | spn: gt=G#3 pred=C4 ❌  | doremi: gt=sol# pred=fa# ❌  | hz: gt=207.6523 pred=450.0 ❌
    [ 232/252]  G#3 voice  | midi: gt=56 pred=69 ❌  | spn: gt=G#3 pred=C4 ❌  | doremi: gt=sol# pred=fa# ❌  | hz: gt=207.6523 pred=436.36 ❌
    [ 233/252]  G#3 voice  | midi: gt=56 pred=69 ❌  | spn: gt=G#3 pred=C4 ❌  | doremi: gt=sol# pred=fa# ❌  | hz: gt=207.6523 pred=450.0 ❌
    [ 234/252]  G#3 voice  | midi: gt=56 pred=69 ❌  | spn: gt=G#3 pred=C4 ❌  | doremi: gt=sol# pred=fa# ❌  | hz: gt=207.6523 pred=450.0 ❌
    [ 235/252]   F4 voice  | midi: gt=65 pred=68 ❌  | spn: gt=F4 pred=C6 ❌  | doremi: gt=fa pred=fa# ❌  | hz: gt=349.2282 pred=6750.0 ❌
    [ 236/252]   F4 voice  | midi: gt=65 pred=68 ❌  | spn: gt=F4 pred=C6 ❌  | doremi: gt=fa pred=fa# ❌  | hz: gt=349.2282 pred=436.36 ❌
    [ 237/252]   F4 voice  | midi: gt=65 pred=68 ❌  | spn: gt=F4 pred=C6 ❌  | doremi: gt=fa pred=fa# ❌  | hz: gt=349.2282 pred=436.36 ❌
    [ 238/252]   F4 voice  | midi: gt=65 pred=68 ❌  | spn: gt=F4 pred=C6 ❌  | doremi: gt=fa pred=fa# ❌  | hz: gt=349.2282 pred=436.36 ❌
    [ 239/252]   F4 voice  | midi: gt=65 pred=68 ❌  | spn: gt=F4 pred=C6 ❌  | doremi: gt=fa pred=fa# ❌  | hz: gt=349.2282 pred=436.36 ❌
    [ 240/252]   F4 voice  | midi: gt=65 pred=68 ❌  | spn: gt=F4 pred=C6 ❌  | doremi: gt=fa pred=fa# ❌  | hz: gt=349.2282 pred=436.36 ❌
    [ 241/252]   D5 voice  | midi: gt=74 pred=63 ❌  | spn: gt=D5 pred=C6 ❌  | doremi: gt=re pred=fa# ❌  | hz: gt=587.3295 pred=698.13 ❌
    [ 242/252]   D5 voice  | midi: gt=74 pred=63 ❌  | spn: gt=D5 pred=C6 ❌  | doremi: gt=re pred=fa# ❌  | hz: gt=587.3295 pred=698.13 ❌
    [ 243/252]   D5 voice  | midi: gt=74 pred=64 ❌  | spn: gt=D5 pred=C6 ❌  | doremi: gt=re pred=fa# ❌  | hz: gt=587.3295 pred=640.0 ❌
    [ 244/252]   D5 voice  | midi: gt=74 pred=63 ❌  | spn: gt=D5 pred=C6 ❌  | doremi: gt=re pred=fa# ❌  | hz: gt=587.3295 pred=698.13 ❌
    [ 245/252]   D5 voice  | midi: gt=74 pred=64 ❌  | spn: gt=D5 pred=C6 ❌  | doremi: gt=re pred=fa# ❌  | hz: gt=587.3295 pred=640.0 ❌
    [ 246/252]   D5 voice  | midi: gt=74 pred=64 ❌  | spn: gt=D5 pred=C6 ❌  | doremi: gt=re pred=fa# ❌  | hz: gt=587.3295 pred=640.0 ❌
    [ 247/252]   B5 voice  | midi: gt=83 pred=85 ❌  | spn: gt=B5 pred=C6 ❌  | doremi: gt=si pred=sol# ❌  | hz: gt=987.7666 pred=840.0 ❌
    [ 248/252]   B5 voice  | midi: gt=83 pred=85 ❌  | spn: gt=B5 pred=C6 ❌  | doremi: gt=si pred=sol# ❌  | hz: gt=987.7666 pred=840.0 ❌
    [ 249/252]   B5 voice  | midi: gt=83 pred=85 ❌  | spn: gt=B5 pred=C6 ❌  | doremi: gt=si pred=sol# ❌  | hz: gt=987.7666 pred=840.0 ❌
    [ 250/252]   B5 voice  | midi: gt=83 pred=85 ❌  | spn: gt=B5 pred=C6 ❌  | doremi: gt=si pred=sol# ❌  | hz: gt=987.7666 pred=840.0 ❌
    [ 251/252]   B5 voice  | midi: gt=83 pred=85 ❌  | spn: gt=B5 pred=C6 ❌  | doremi: gt=si pred=sol# ❌  | hz: gt=987.7666 pred=840.0 ❌
    [ 252/252]   B5 voice  | midi: gt=83 pred=85 ❌  | spn: gt=B5 pred=C6 ❌  | doremi: gt=si pred=sol# ❌  | hz: gt=987.7666 pred=840.0 ❌

============================================================
SUMMARY — audio_flamingo_next_instruct
  Sampling     : none (full set of 252)
  Stimuli (total)     : 252
  Stimuli (condition) : 252
  Stimuli (baseline)  : 0

  Format  Condition   Baseline
  ──────────────────────────────
    MIDI       2.4%       0.0%
     SPN       0.0%       0.0%
  DOREMI       0.0%       0.0%
      HZ       0.0%       0.0%
     ANY       2.4%       0.0%

  Headline 'accuracy' is computed on the condition subset only (see CatASpec.primary_filter).

  *** WARNING: working tree has uncommitted changes — results will NOT be exactly reproducible from git_commit alone ***


Results saved → results/analysis/run_20260506_193058/pitchbench_e6_slightly_off/run_001_20260506_201323/results_audio_flamingo_next_instruct.*
All scalar metrics → results/analysis/run_20260506_193058/all_metrics_aggregate_20260506_201538.csv
