effect,effect_type,effect_params,noise_seed,source,source_type,midi_gt,midi_pred,midi_correct,midi_within_1,midi_pc_correct,midi_octave_correct,spn_gt,spn_pred,spn_correct,spn_pc_correct,spn_octave_correct,doremi_gt,doremi_pred,doremi_correct,hz_correct,any_correct,raw_midi,raw_spn,raw_doremi,raw_hz,audio_url,audio_file,prompt_midi,prompt_spn,prompt_doremi,prompt_hz
highpass_above_f0,highpass,"{'type': 'highpass', 'cutoff_ratio': 1.5, 'order': 6}",29,sine,waveform,29,34,0,0,0,1,F1,C2,0,0,0,fa,fa#,0,0,0,34,C2,solb,250,/home/hsnu2/PitchBench/data/analysis_audio/pitchbench_e1_audio_effects/F1_sine_5000ms_fx_highpass_above_f0.wav,F1_sine_5000ms_fx_highpass_above_f0.wav,Listen to this audio clip of a single musical note. What is the MIDI note number (an integer from 0 to 127)? Reply with ONLY the integer. Nothing else. Output only the answer.,"Listen to this audio clip of a single musical note. What is the note name and octave? Reply with ONLY the note name in Scientific Pitch Notation (e.g. C4, F#3, Bb5). Nothing else. Output only the answer.","Listen to this audio clip of a single musical note. What is the solfege syllable and accidental (if needed) of this pitch? Use fixed-do (do=C, re=D, mi=E, fa=F, sol=G, la=A, si=B). Include sharps or flats when needed (e.g. do#, reb, fa#, sib). Do NOT include the octave. Reply with ONLY the syllable and accidental (if needed). Nothing else. Output only the answer.","Listen to this audio clip of a single musical note. What is the main pitch frequency, expressed in Hertz? Reply with ONLY a number (the frequency in Hz). Nothing else. Output only the answer."
highpass_above_f0,highpass,"{'type': 'highpass', 'cutoff_ratio': 1.5, 'order': 6}",38,sine,waveform,38,48,0,0,0,0,D2,C2,0,0,1,re,fa#,0,0,0,48,C2,solb,261.63,/home/hsnu2/PitchBench/data/analysis_audio/pitchbench_e1_audio_effects/D2_sine_5000ms_fx_highpass_above_f0.wav,D2_sine_5000ms_fx_highpass_above_f0.wav,Listen to this audio clip of a single musical note. What is the MIDI note number (an integer from 0 to 127)? Reply with ONLY the integer. Nothing else. Output only the answer.,"Listen to this audio clip of a single musical note. What is the note name and octave? Reply with ONLY the note name in Scientific Pitch Notation (e.g. C4, F#3, Bb5). Nothing else. Output only the answer.","Listen to this audio clip of a single musical note. What is the solfege syllable and accidental (if needed) of this pitch? Use fixed-do (do=C, re=D, mi=E, fa=F, sol=G, la=A, si=B). Include sharps or flats when needed (e.g. do#, reb, fa#, sib). Do NOT include the octave. Reply with ONLY the syllable and accidental (if needed). Nothing else. Output only the answer.","Listen to this audio clip of a single musical note. What is the main pitch frequency, expressed in Hertz? Reply with ONLY a number (the frequency in Hz). Nothing else. Output only the answer."
highpass_above_f0,highpass,"{'type': 'highpass', 'cutoff_ratio': 1.5, 'order': 6}",47,sine,waveform,47,48,0,1,0,0,B2,C2,0,0,1,si,sol,0,0,0,48,C2,sol,250,/home/hsnu2/PitchBench/data/analysis_audio/pitchbench_e1_audio_effects/B2_sine_5000ms_fx_highpass_above_f0.wav,B2_sine_5000ms_fx_highpass_above_f0.wav,Listen to this audio clip of a single musical note. What is the MIDI note number (an integer from 0 to 127)? Reply with ONLY the integer. Nothing else. Output only the answer.,"Listen to this audio clip of a single musical note. What is the note name and octave? Reply with ONLY the note name in Scientific Pitch Notation (e.g. C4, F#3, Bb5). Nothing else. Output only the answer.","Listen to this audio clip of a single musical note. What is the solfege syllable and accidental (if needed) of this pitch? Use fixed-do (do=C, re=D, mi=E, fa=F, sol=G, la=A, si=B). Include sharps or flats when needed (e.g. do#, reb, fa#, sib). Do NOT include the octave. Reply with ONLY the syllable and accidental (if needed). Nothing else. Output only the answer.","Listen to this audio clip of a single musical note. What is the main pitch frequency, expressed in Hertz? Reply with ONLY a number (the frequency in Hz). Nothing else. Output only the answer."
highpass_above_f0,highpass,"{'type': 'highpass', 'cutoff_ratio': 1.5, 'order': 6}",56,sine,waveform,56,43,0,0,0,0,G#3,C2,0,0,0,sol#,sol,0,0,0,43,C2,sol,105.26,/home/hsnu2/PitchBench/data/analysis_audio/pitchbench_e1_audio_effects/Gs3_sine_5000ms_fx_highpass_above_f0.wav,Gs3_sine_5000ms_fx_highpass_above_f0.wav,Listen to this audio clip of a single musical note. What is the MIDI note number (an integer from 0 to 127)? Reply with ONLY the integer. Nothing else. Output only the answer.,"Listen to this audio clip of a single musical note. What is the note name and octave? Reply with ONLY the note name in Scientific Pitch Notation (e.g. C4, F#3, Bb5). Nothing else. Output only the answer.","Listen to this audio clip of a single musical note. What is the solfege syllable and accidental (if needed) of this pitch? Use fixed-do (do=C, re=D, mi=E, fa=F, sol=G, la=A, si=B). Include sharps or flats when needed (e.g. do#, reb, fa#, sib). Do NOT include the octave. Reply with ONLY the syllable and accidental (if needed). Nothing else. Output only the answer.","Listen to this audio clip of a single musical note. What is the main pitch frequency, expressed in Hertz? Reply with ONLY a number (the frequency in Hz). Nothing else. Output only the answer."
highpass_above_f0,highpass,"{'type': 'highpass', 'cutoff_ratio': 1.5, 'order': 6}",65,sine,waveform,65,65,1,1,1,1,F4,C6,0,0,0,fa,sol,0,1,1,65,C6,sol,350.0,/home/hsnu2/PitchBench/data/analysis_audio/pitchbench_e1_audio_effects/F4_sine_5000ms_fx_highpass_above_f0.wav,F4_sine_5000ms_fx_highpass_above_f0.wav,Listen to this audio clip of a single musical note. What is the MIDI note number (an integer from 0 to 127)? Reply with ONLY the integer. Nothing else. Output only the answer.,"Listen to this audio clip of a single musical note. What is the note name and octave? Reply with ONLY the note name in Scientific Pitch Notation (e.g. C4, F#3, Bb5). Nothing else. Output only the answer.","Listen to this audio clip of a single musical note. What is the solfege syllable and accidental (if needed) of this pitch? Use fixed-do (do=C, re=D, mi=E, fa=F, sol=G, la=A, si=B). Include sharps or flats when needed (e.g. do#, reb, fa#, sib). Do NOT include the octave. Reply with ONLY the syllable and accidental (if needed). Nothing else. Output only the answer.","Listen to this audio clip of a single musical note. What is the main pitch frequency, expressed in Hertz? Reply with ONLY a number (the frequency in Hz). Nothing else. Output only the answer."
highpass_above_f0,highpass,"{'type': 'highpass', 'cutoff_ratio': 1.5, 'order': 6}",74,sine,waveform,74,68,0,0,0,0,D5,C6,0,0,0,re,sol,0,0,0,68,C6,sol,1050.0,/home/hsnu2/PitchBench/data/analysis_audio/pitchbench_e1_audio_effects/D5_sine_5000ms_fx_highpass_above_f0.wav,D5_sine_5000ms_fx_highpass_above_f0.wav,Listen to this audio clip of a single musical note. What is the MIDI note number (an integer from 0 to 127)? Reply with ONLY the integer. Nothing else. Output only the answer.,"Listen to this audio clip of a single musical note. What is the note name and octave? Reply with ONLY the note name in Scientific Pitch Notation (e.g. C4, F#3, Bb5). Nothing else. Output only the answer.","Listen to this audio clip of a single musical note. What is the solfege syllable and accidental (if needed) of this pitch? Use fixed-do (do=C, re=D, mi=E, fa=F, sol=G, la=A, si=B). Include sharps or flats when needed (e.g. do#, reb, fa#, sib). Do NOT include the octave. Reply with ONLY the syllable and accidental (if needed). Nothing else. Output only the answer.","Listen to this audio clip of a single musical note. What is the main pitch frequency, expressed in Hertz? Reply with ONLY a number (the frequency in Hz). Nothing else. Output only the answer."
highpass_above_f0,highpass,"{'type': 'highpass', 'cutoff_ratio': 1.5, 'order': 6}",83,sine,waveform,83,68,0,0,0,0,B5,C6,0,0,0,si,sol,0,0,0,68,C6,sol,1074.32,/home/hsnu2/PitchBench/data/analysis_audio/pitchbench_e1_audio_effects/B5_sine_5000ms_fx_highpass_above_f0.wav,B5_sine_5000ms_fx_highpass_above_f0.wav,Listen to this audio clip of a single musical note. What is the MIDI note number (an integer from 0 to 127)? Reply with ONLY the integer. Nothing else. Output only the answer.,"Listen to this audio clip of a single musical note. What is the note name and octave? Reply with ONLY the note name in Scientific Pitch Notation (e.g. C4, F#3, Bb5). Nothing else. Output only the answer.","Listen to this audio clip of a single musical note. What is the solfege syllable and accidental (if needed) of this pitch? Use fixed-do (do=C, re=D, mi=E, fa=F, sol=G, la=A, si=B). Include sharps or flats when needed (e.g. do#, reb, fa#, sib). Do NOT include the octave. Reply with ONLY the syllable and accidental (if needed). Nothing else. Output only the answer.","Listen to this audio clip of a single musical note. What is the main pitch frequency, expressed in Hertz? Reply with ONLY a number (the frequency in Hz). Nothing else. Output only the answer."
lowpass_at_f0,lowpass,"{'type': 'lowpass', 'cutoff_ratio': 1.2, 'order': 6}",1029,sine,waveform,29,36,0,0,0,0,F1,C2,0,0,0,fa,fa#,0,0,0,36,C2,solb,250,/home/hsnu2/PitchBench/data/analysis_audio/pitchbench_e1_audio_effects/F1_sine_5000ms_fx_lowpass_at_f0.wav,F1_sine_5000ms_fx_lowpass_at_f0.wav,Listen to this audio clip of a single musical note. What is the MIDI note number (an integer from 0 to 127)? Reply with ONLY the integer. Nothing else. Output only the answer.,"Listen to this audio clip of a single musical note. What is the note name and octave? Reply with ONLY the note name in Scientific Pitch Notation (e.g. C4, F#3, Bb5). Nothing else. Output only the answer.","Listen to this audio clip of a single musical note. What is the solfege syllable and accidental (if needed) of this pitch? Use fixed-do (do=C, re=D, mi=E, fa=F, sol=G, la=A, si=B). Include sharps or flats when needed (e.g. do#, reb, fa#, sib). Do NOT include the octave. Reply with ONLY the syllable and accidental (if needed). Nothing else. Output only the answer.","Listen to this audio clip of a single musical note. What is the main pitch frequency, expressed in Hertz? Reply with ONLY a number (the frequency in Hz). Nothing else. Output only the answer."
lowpass_at_f0,lowpass,"{'type': 'lowpass', 'cutoff_ratio': 1.2, 'order': 6}",1038,sine,waveform,38,48,0,0,0,0,D2,C2,0,0,1,re,sol,0,0,0,48,C2,sol,105.26,/home/hsnu2/PitchBench/data/analysis_audio/pitchbench_e1_audio_effects/D2_sine_5000ms_fx_lowpass_at_f0.wav,D2_sine_5000ms_fx_lowpass_at_f0.wav,Listen to this audio clip of a single musical note. What is the MIDI note number (an integer from 0 to 127)? Reply with ONLY the integer. Nothing else. Output only the answer.,"Listen to this audio clip of a single musical note. What is the note name and octave? Reply with ONLY the note name in Scientific Pitch Notation (e.g. C4, F#3, Bb5). Nothing else. Output only the answer.","Listen to this audio clip of a single musical note. What is the solfege syllable and accidental (if needed) of this pitch? Use fixed-do (do=C, re=D, mi=E, fa=F, sol=G, la=A, si=B). Include sharps or flats when needed (e.g. do#, reb, fa#, sib). Do NOT include the octave. Reply with ONLY the syllable and accidental (if needed). Nothing else. Output only the answer.","Listen to this audio clip of a single musical note. What is the main pitch frequency, expressed in Hertz? Reply with ONLY a number (the frequency in Hz). Nothing else. Output only the answer."
lowpass_at_f0,lowpass,"{'type': 'lowpass', 'cutoff_ratio': 1.2, 'order': 6}",1047,sine,waveform,47,48,0,1,0,0,B2,C2,0,0,1,si,sol,0,0,0,48,C2,sol,100,/home/hsnu2/PitchBench/data/analysis_audio/pitchbench_e1_audio_effects/B2_sine_5000ms_fx_lowpass_at_f0.wav,B2_sine_5000ms_fx_lowpass_at_f0.wav,Listen to this audio clip of a single musical note. What is the MIDI note number (an integer from 0 to 127)? Reply with ONLY the integer. Nothing else. Output only the answer.,"Listen to this audio clip of a single musical note. What is the note name and octave? Reply with ONLY the note name in Scientific Pitch Notation (e.g. C4, F#3, Bb5). Nothing else. Output only the answer.","Listen to this audio clip of a single musical note. What is the solfege syllable and accidental (if needed) of this pitch? Use fixed-do (do=C, re=D, mi=E, fa=F, sol=G, la=A, si=B). Include sharps or flats when needed (e.g. do#, reb, fa#, sib). Do NOT include the octave. Reply with ONLY the syllable and accidental (if needed). Nothing else. Output only the answer.","Listen to this audio clip of a single musical note. What is the main pitch frequency, expressed in Hertz? Reply with ONLY a number (the frequency in Hz). Nothing else. Output only the answer."
lowpass_at_f0,lowpass,"{'type': 'lowpass', 'cutoff_ratio': 1.2, 'order': 6}",1056,sine,waveform,56,48,0,0,0,1,G#3,C6,0,0,0,sol#,sol,0,0,0,48,C6,sol,105.26,/home/hsnu2/PitchBench/data/analysis_audio/pitchbench_e1_audio_effects/Gs3_sine_5000ms_fx_lowpass_at_f0.wav,Gs3_sine_5000ms_fx_lowpass_at_f0.wav,Listen to this audio clip of a single musical note. What is the MIDI note number (an integer from 0 to 127)? Reply with ONLY the integer. Nothing else. Output only the answer.,"Listen to this audio clip of a single musical note. What is the note name and octave? Reply with ONLY the note name in Scientific Pitch Notation (e.g. C4, F#3, Bb5). Nothing else. Output only the answer.","Listen to this audio clip of a single musical note. What is the solfege syllable and accidental (if needed) of this pitch? Use fixed-do (do=C, re=D, mi=E, fa=F, sol=G, la=A, si=B). Include sharps or flats when needed (e.g. do#, reb, fa#, sib). Do NOT include the octave. Reply with ONLY the syllable and accidental (if needed). Nothing else. Output only the answer.","Listen to this audio clip of a single musical note. What is the main pitch frequency, expressed in Hertz? Reply with ONLY a number (the frequency in Hz). Nothing else. Output only the answer."
lowpass_at_f0,lowpass,"{'type': 'lowpass', 'cutoff_ratio': 1.2, 'order': 6}",1065,sine,waveform,65,64,0,1,0,1,F4,C6,0,0,0,fa,sol,0,0,0,64,C6,sol,1050.0,/home/hsnu2/PitchBench/data/analysis_audio/pitchbench_e1_audio_effects/F4_sine_5000ms_fx_lowpass_at_f0.wav,F4_sine_5000ms_fx_lowpass_at_f0.wav,Listen to this audio clip of a single musical note. What is the MIDI note number (an integer from 0 to 127)? Reply with ONLY the integer. Nothing else. Output only the answer.,"Listen to this audio clip of a single musical note. What is the note name and octave? Reply with ONLY the note name in Scientific Pitch Notation (e.g. C4, F#3, Bb5). Nothing else. Output only the answer.","Listen to this audio clip of a single musical note. What is the solfege syllable and accidental (if needed) of this pitch? Use fixed-do (do=C, re=D, mi=E, fa=F, sol=G, la=A, si=B). Include sharps or flats when needed (e.g. do#, reb, fa#, sib). Do NOT include the octave. Reply with ONLY the syllable and accidental (if needed). Nothing else. Output only the answer.","Listen to this audio clip of a single musical note. What is the main pitch frequency, expressed in Hertz? Reply with ONLY a number (the frequency in Hz). Nothing else. Output only the answer."
lowpass_at_f0,lowpass,"{'type': 'lowpass', 'cutoff_ratio': 1.2, 'order': 6}",1074,sine,waveform,74,68,0,0,0,0,D5,C6,0,0,0,re,sol,0,0,0,68,C6,sol,1050,/home/hsnu2/PitchBench/data/analysis_audio/pitchbench_e1_audio_effects/D5_sine_5000ms_fx_lowpass_at_f0.wav,D5_sine_5000ms_fx_lowpass_at_f0.wav,Listen to this audio clip of a single musical note. What is the MIDI note number (an integer from 0 to 127)? Reply with ONLY the integer. Nothing else. Output only the answer.,"Listen to this audio clip of a single musical note. What is the note name and octave? Reply with ONLY the note name in Scientific Pitch Notation (e.g. C4, F#3, Bb5). Nothing else. Output only the answer.","Listen to this audio clip of a single musical note. What is the solfege syllable and accidental (if needed) of this pitch? Use fixed-do (do=C, re=D, mi=E, fa=F, sol=G, la=A, si=B). Include sharps or flats when needed (e.g. do#, reb, fa#, sib). Do NOT include the octave. Reply with ONLY the syllable and accidental (if needed). Nothing else. Output only the answer.","Listen to this audio clip of a single musical note. What is the main pitch frequency, expressed in Hertz? Reply with ONLY a number (the frequency in Hz). Nothing else. Output only the answer."
lowpass_at_f0,lowpass,"{'type': 'lowpass', 'cutoff_ratio': 1.2, 'order': 6}",1083,sine,waveform,83,68,0,0,0,0,B5,C6,0,0,0,si,sol,0,0,0,68,C6,sol,1075.0,/home/hsnu2/PitchBench/data/analysis_audio/pitchbench_e1_audio_effects/B5_sine_5000ms_fx_lowpass_at_f0.wav,B5_sine_5000ms_fx_lowpass_at_f0.wav,Listen to this audio clip of a single musical note. What is the MIDI note number (an integer from 0 to 127)? Reply with ONLY the integer. Nothing else. Output only the answer.,"Listen to this audio clip of a single musical note. What is the note name and octave? Reply with ONLY the note name in Scientific Pitch Notation (e.g. C4, F#3, Bb5). Nothing else. Output only the answer.","Listen to this audio clip of a single musical note. What is the solfege syllable and accidental (if needed) of this pitch? Use fixed-do (do=C, re=D, mi=E, fa=F, sol=G, la=A, si=B). Include sharps or flats when needed (e.g. do#, reb, fa#, sib). Do NOT include the octave. Reply with ONLY the syllable and accidental (if needed). Nothing else. Output only the answer.","Listen to this audio clip of a single musical note. What is the main pitch frequency, expressed in Hertz? Reply with ONLY a number (the frequency in Hz). Nothing else. Output only the answer."
bitcrush_4bit,bitcrush,"{'type': 'bitcrush', 'bit_depth': 4}",2029,sine,waveform,29,48,0,0,0,0,F1,C6,0,0,0,fa,fa#,0,0,0,48,C6,solb,480,/home/hsnu2/PitchBench/data/analysis_audio/pitchbench_e1_audio_effects/F1_sine_5000ms_fx_bitcrush_4bit.wav,F1_sine_5000ms_fx_bitcrush_4bit.wav,Listen to this audio clip of a single musical note. What is the MIDI note number (an integer from 0 to 127)? Reply with ONLY the integer. Nothing else. Output only the answer.,"Listen to this audio clip of a single musical note. What is the note name and octave? Reply with ONLY the note name in Scientific Pitch Notation (e.g. C4, F#3, Bb5). Nothing else. Output only the answer.","Listen to this audio clip of a single musical note. What is the solfege syllable and accidental (if needed) of this pitch? Use fixed-do (do=C, re=D, mi=E, fa=F, sol=G, la=A, si=B). Include sharps or flats when needed (e.g. do#, reb, fa#, sib). Do NOT include the octave. Reply with ONLY the syllable and accidental (if needed). Nothing else. Output only the answer.","Listen to this audio clip of a single musical note. What is the main pitch frequency, expressed in Hertz? Reply with ONLY a number (the frequency in Hz). Nothing else. Output only the answer."
bitcrush_4bit,bitcrush,"{'type': 'bitcrush', 'bit_depth': 4}",2038,sine,waveform,38,48,0,0,0,0,D2,C6,0,0,0,re,fa#,0,0,0,48,C6,solb,1058.47,/home/hsnu2/PitchBench/data/analysis_audio/pitchbench_e1_audio_effects/D2_sine_5000ms_fx_bitcrush_4bit.wav,D2_sine_5000ms_fx_bitcrush_4bit.wav,Listen to this audio clip of a single musical note. What is the MIDI note number (an integer from 0 to 127)? Reply with ONLY the integer. Nothing else. Output only the answer.,"Listen to this audio clip of a single musical note. What is the note name and octave? Reply with ONLY the note name in Scientific Pitch Notation (e.g. C4, F#3, Bb5). Nothing else. Output only the answer.","Listen to this audio clip of a single musical note. What is the solfege syllable and accidental (if needed) of this pitch? Use fixed-do (do=C, re=D, mi=E, fa=F, sol=G, la=A, si=B). Include sharps or flats when needed (e.g. do#, reb, fa#, sib). Do NOT include the octave. Reply with ONLY the syllable and accidental (if needed). Nothing else. Output only the answer.","Listen to this audio clip of a single musical note. What is the main pitch frequency, expressed in Hertz? Reply with ONLY a number (the frequency in Hz). Nothing else. Output only the answer."
bitcrush_4bit,bitcrush,"{'type': 'bitcrush', 'bit_depth': 4}",2047,sine,waveform,47,48,0,1,0,0,B2,C6,0,0,0,si,sol,0,0,0,48,C6,sol,480,/home/hsnu2/PitchBench/data/analysis_audio/pitchbench_e1_audio_effects/B2_sine_5000ms_fx_bitcrush_4bit.wav,B2_sine_5000ms_fx_bitcrush_4bit.wav,Listen to this audio clip of a single musical note. What is the MIDI note number (an integer from 0 to 127)? Reply with ONLY the integer. Nothing else. Output only the answer.,"Listen to this audio clip of a single musical note. What is the note name and octave? Reply with ONLY the note name in Scientific Pitch Notation (e.g. C4, F#3, Bb5). Nothing else. Output only the answer.","Listen to this audio clip of a single musical note. What is the solfege syllable and accidental (if needed) of this pitch? Use fixed-do (do=C, re=D, mi=E, fa=F, sol=G, la=A, si=B). Include sharps or flats when needed (e.g. do#, reb, fa#, sib). Do NOT include the octave. Reply with ONLY the syllable and accidental (if needed). Nothing else. Output only the answer.","Listen to this audio clip of a single musical note. What is the main pitch frequency, expressed in Hertz? Reply with ONLY a number (the frequency in Hz). Nothing else. Output only the answer."
bitcrush_4bit,bitcrush,"{'type': 'bitcrush', 'bit_depth': 4}",2056,sine,waveform,56,56,1,1,1,1,G#3,C6,0,0,0,sol#,sol,0,0,1,56,C6,sol,435.0,/home/hsnu2/PitchBench/data/analysis_audio/pitchbench_e1_audio_effects/Gs3_sine_5000ms_fx_bitcrush_4bit.wav,Gs3_sine_5000ms_fx_bitcrush_4bit.wav,Listen to this audio clip of a single musical note. What is the MIDI note number (an integer from 0 to 127)? Reply with ONLY the integer. Nothing else. Output only the answer.,"Listen to this audio clip of a single musical note. What is the note name and octave? Reply with ONLY the note name in Scientific Pitch Notation (e.g. C4, F#3, Bb5). Nothing else. Output only the answer.","Listen to this audio clip of a single musical note. What is the solfege syllable and accidental (if needed) of this pitch? Use fixed-do (do=C, re=D, mi=E, fa=F, sol=G, la=A, si=B). Include sharps or flats when needed (e.g. do#, reb, fa#, sib). Do NOT include the octave. Reply with ONLY the syllable and accidental (if needed). Nothing else. Output only the answer.","Listen to this audio clip of a single musical note. What is the main pitch frequency, expressed in Hertz? Reply with ONLY a number (the frequency in Hz). Nothing else. Output only the answer."
bitcrush_4bit,bitcrush,"{'type': 'bitcrush', 'bit_depth': 4}",2065,sine,waveform,65,65,1,1,1,1,F4,C6,0,0,0,fa,sol,0,0,1,65,C6,sol,1073.64,/home/hsnu2/PitchBench/data/analysis_audio/pitchbench_e1_audio_effects/F4_sine_5000ms_fx_bitcrush_4bit.wav,F4_sine_5000ms_fx_bitcrush_4bit.wav,Listen to this audio clip of a single musical note. What is the MIDI note number (an integer from 0 to 127)? Reply with ONLY the integer. Nothing else. Output only the answer.,"Listen to this audio clip of a single musical note. What is the note name and octave? Reply with ONLY the note name in Scientific Pitch Notation (e.g. C4, F#3, Bb5). Nothing else. Output only the answer.","Listen to this audio clip of a single musical note. What is the solfege syllable and accidental (if needed) of this pitch? Use fixed-do (do=C, re=D, mi=E, fa=F, sol=G, la=A, si=B). Include sharps or flats when needed (e.g. do#, reb, fa#, sib). Do NOT include the octave. Reply with ONLY the syllable and accidental (if needed). Nothing else. Output only the answer.","Listen to this audio clip of a single musical note. What is the main pitch frequency, expressed in Hertz? Reply with ONLY a number (the frequency in Hz). Nothing else. Output only the answer."
bitcrush_4bit,bitcrush,"{'type': 'bitcrush', 'bit_depth': 4}",2074,sine,waveform,74,68,0,0,0,0,D5,C6,0,0,0,re,sol,0,0,0,68,C6,sol,1074.32,/home/hsnu2/PitchBench/data/analysis_audio/pitchbench_e1_audio_effects/D5_sine_5000ms_fx_bitcrush_4bit.wav,D5_sine_5000ms_fx_bitcrush_4bit.wav,Listen to this audio clip of a single musical note. What is the MIDI note number (an integer from 0 to 127)? Reply with ONLY the integer. Nothing else. Output only the answer.,"Listen to this audio clip of a single musical note. What is the note name and octave? Reply with ONLY the note name in Scientific Pitch Notation (e.g. C4, F#3, Bb5). Nothing else. Output only the answer.","Listen to this audio clip of a single musical note. What is the solfege syllable and accidental (if needed) of this pitch? Use fixed-do (do=C, re=D, mi=E, fa=F, sol=G, la=A, si=B). Include sharps or flats when needed (e.g. do#, reb, fa#, sib). Do NOT include the octave. Reply with ONLY the syllable and accidental (if needed). Nothing else. Output only the answer.","Listen to this audio clip of a single musical note. What is the main pitch frequency, expressed in Hertz? Reply with ONLY a number (the frequency in Hz). Nothing else. Output only the answer."
bitcrush_4bit,bitcrush,"{'type': 'bitcrush', 'bit_depth': 4}",2083,sine,waveform,83,68,0,0,0,0,B5,C6,0,0,0,si,sol,0,0,0,68,C6,sol,1046.53,/home/hsnu2/PitchBench/data/analysis_audio/pitchbench_e1_audio_effects/B5_sine_5000ms_fx_bitcrush_4bit.wav,B5_sine_5000ms_fx_bitcrush_4bit.wav,Listen to this audio clip of a single musical note. What is the MIDI note number (an integer from 0 to 127)? Reply with ONLY the integer. Nothing else. Output only the answer.,"Listen to this audio clip of a single musical note. What is the note name and octave? Reply with ONLY the note name in Scientific Pitch Notation (e.g. C4, F#3, Bb5). Nothing else. Output only the answer.","Listen to this audio clip of a single musical note. What is the solfege syllable and accidental (if needed) of this pitch? Use fixed-do (do=C, re=D, mi=E, fa=F, sol=G, la=A, si=B). Include sharps or flats when needed (e.g. do#, reb, fa#, sib). Do NOT include the octave. Reply with ONLY the syllable and accidental (if needed). Nothing else. Output only the answer.","Listen to this audio clip of a single musical note. What is the main pitch frequency, expressed in Hertz? Reply with ONLY a number (the frequency in Hz). Nothing else. Output only the answer."
distortion_heavy,saturation,"{'type': 'saturation', 'drive_db': 30.0}",3029,sine,waveform,29,35,0,0,0,1,F1,C2,0,0,0,fa,sol,0,0,0,35,C2,sol,430.56,/home/hsnu2/PitchBench/data/analysis_audio/pitchbench_e1_audio_effects/F1_sine_5000ms_fx_distortion_heavy.wav,F1_sine_5000ms_fx_distortion_heavy.wav,Listen to this audio clip of a single musical note. What is the MIDI note number (an integer from 0 to 127)? Reply with ONLY the integer. Nothing else. Output only the answer.,"Listen to this audio clip of a single musical note. What is the note name and octave? Reply with ONLY the note name in Scientific Pitch Notation (e.g. C4, F#3, Bb5). Nothing else. Output only the answer.","Listen to this audio clip of a single musical note. What is the solfege syllable and accidental (if needed) of this pitch? Use fixed-do (do=C, re=D, mi=E, fa=F, sol=G, la=A, si=B). Include sharps or flats when needed (e.g. do#, reb, fa#, sib). Do NOT include the octave. Reply with ONLY the syllable and accidental (if needed). Nothing else. Output only the answer.","Listen to this audio clip of a single musical note. What is the main pitch frequency, expressed in Hertz? Reply with ONLY a number (the frequency in Hz). Nothing else. Output only the answer."
distortion_heavy,saturation,"{'type': 'saturation', 'drive_db': 30.0}",3038,sine,waveform,38,43,0,0,0,1,D2,C4,0,0,0,re,fa#,0,0,0,43,C4,solb,480,/home/hsnu2/PitchBench/data/analysis_audio/pitchbench_e1_audio_effects/D2_sine_5000ms_fx_distortion_heavy.wav,D2_sine_5000ms_fx_distortion_heavy.wav,Listen to this audio clip of a single musical note. What is the MIDI note number (an integer from 0 to 127)? Reply with ONLY the integer. Nothing else. Output only the answer.,"Listen to this audio clip of a single musical note. What is the note name and octave? Reply with ONLY the note name in Scientific Pitch Notation (e.g. C4, F#3, Bb5). Nothing else. Output only the answer.","Listen to this audio clip of a single musical note. What is the solfege syllable and accidental (if needed) of this pitch? Use fixed-do (do=C, re=D, mi=E, fa=F, sol=G, la=A, si=B). Include sharps or flats when needed (e.g. do#, reb, fa#, sib). Do NOT include the octave. Reply with ONLY the syllable and accidental (if needed). Nothing else. Output only the answer.","Listen to this audio clip of a single musical note. What is the main pitch frequency, expressed in Hertz? Reply with ONLY a number (the frequency in Hz). Nothing else. Output only the answer."
distortion_heavy,saturation,"{'type': 'saturation', 'drive_db': 30.0}",3047,sine,waveform,47,45,0,0,0,1,B2,A4,0,0,0,si,sol,0,0,0,45,A4,sol,450,/home/hsnu2/PitchBench/data/analysis_audio/pitchbench_e1_audio_effects/B2_sine_5000ms_fx_distortion_heavy.wav,B2_sine_5000ms_fx_distortion_heavy.wav,Listen to this audio clip of a single musical note. What is the MIDI note number (an integer from 0 to 127)? Reply with ONLY the integer. Nothing else. Output only the answer.,"Listen to this audio clip of a single musical note. What is the note name and octave? Reply with ONLY the note name in Scientific Pitch Notation (e.g. C4, F#3, Bb5). Nothing else. Output only the answer.","Listen to this audio clip of a single musical note. What is the solfege syllable and accidental (if needed) of this pitch? Use fixed-do (do=C, re=D, mi=E, fa=F, sol=G, la=A, si=B). Include sharps or flats when needed (e.g. do#, reb, fa#, sib). Do NOT include the octave. Reply with ONLY the syllable and accidental (if needed). Nothing else. Output only the answer.","Listen to this audio clip of a single musical note. What is the main pitch frequency, expressed in Hertz? Reply with ONLY a number (the frequency in Hz). Nothing else. Output only the answer."
distortion_heavy,saturation,"{'type': 'saturation', 'drive_db': 30.0}",3056,sine,waveform,56,68,0,0,1,0,G#3,G6,0,0,0,sol#,sol,0,0,0,68,G6,sol,450,/home/hsnu2/PitchBench/data/analysis_audio/pitchbench_e1_audio_effects/Gs3_sine_5000ms_fx_distortion_heavy.wav,Gs3_sine_5000ms_fx_distortion_heavy.wav,Listen to this audio clip of a single musical note. What is the MIDI note number (an integer from 0 to 127)? Reply with ONLY the integer. Nothing else. Output only the answer.,"Listen to this audio clip of a single musical note. What is the note name and octave? Reply with ONLY the note name in Scientific Pitch Notation (e.g. C4, F#3, Bb5). Nothing else. Output only the answer.","Listen to this audio clip of a single musical note. What is the solfege syllable and accidental (if needed) of this pitch? Use fixed-do (do=C, re=D, mi=E, fa=F, sol=G, la=A, si=B). Include sharps or flats when needed (e.g. do#, reb, fa#, sib). Do NOT include the octave. Reply with ONLY the syllable and accidental (if needed). Nothing else. Output only the answer.","Listen to this audio clip of a single musical note. What is the main pitch frequency, expressed in Hertz? Reply with ONLY a number (the frequency in Hz). Nothing else. Output only the answer."
distortion_heavy,saturation,"{'type': 'saturation', 'drive_db': 30.0}",3065,sine,waveform,65,65,1,1,1,1,F4,A6,0,0,0,fa,sol,0,0,1,65,A6,sol,450,/home/hsnu2/PitchBench/data/analysis_audio/pitchbench_e1_audio_effects/F4_sine_5000ms_fx_distortion_heavy.wav,F4_sine_5000ms_fx_distortion_heavy.wav,Listen to this audio clip of a single musical note. What is the MIDI note number (an integer from 0 to 127)? Reply with ONLY the integer. Nothing else. Output only the answer.,"Listen to this audio clip of a single musical note. What is the note name and octave? Reply with ONLY the note name in Scientific Pitch Notation (e.g. C4, F#3, Bb5). Nothing else. Output only the answer.","Listen to this audio clip of a single musical note. What is the solfege syllable and accidental (if needed) of this pitch? Use fixed-do (do=C, re=D, mi=E, fa=F, sol=G, la=A, si=B). Include sharps or flats when needed (e.g. do#, reb, fa#, sib). Do NOT include the octave. Reply with ONLY the syllable and accidental (if needed). Nothing else. Output only the answer.","Listen to this audio clip of a single musical note. What is the main pitch frequency, expressed in Hertz? Reply with ONLY a number (the frequency in Hz). Nothing else. Output only the answer."
distortion_heavy,saturation,"{'type': 'saturation', 'drive_db': 30.0}",3074,sine,waveform,74,69,0,0,0,0,D5,C6,0,0,0,re,sol,0,0,0,69,C6,sol,1046.53,/home/hsnu2/PitchBench/data/analysis_audio/pitchbench_e1_audio_effects/D5_sine_5000ms_fx_distortion_heavy.wav,D5_sine_5000ms_fx_distortion_heavy.wav,Listen to this audio clip of a single musical note. What is the MIDI note number (an integer from 0 to 127)? Reply with ONLY the integer. Nothing else. Output only the answer.,"Listen to this audio clip of a single musical note. What is the note name and octave? Reply with ONLY the note name in Scientific Pitch Notation (e.g. C4, F#3, Bb5). Nothing else. Output only the answer.","Listen to this audio clip of a single musical note. What is the solfege syllable and accidental (if needed) of this pitch? Use fixed-do (do=C, re=D, mi=E, fa=F, sol=G, la=A, si=B). Include sharps or flats when needed (e.g. do#, reb, fa#, sib). Do NOT include the octave. Reply with ONLY the syllable and accidental (if needed). Nothing else. Output only the answer.","Listen to this audio clip of a single musical note. What is the main pitch frequency, expressed in Hertz? Reply with ONLY a number (the frequency in Hz). Nothing else. Output only the answer."
distortion_heavy,saturation,"{'type': 'saturation', 'drive_db': 30.0}",3083,sine,waveform,83,83,1,1,1,1,B5,C6,0,0,0,si,sol,0,0,1,83,C6,sol,450,/home/hsnu2/PitchBench/data/analysis_audio/pitchbench_e1_audio_effects/B5_sine_5000ms_fx_distortion_heavy.wav,B5_sine_5000ms_fx_distortion_heavy.wav,Listen to this audio clip of a single musical note. What is the MIDI note number (an integer from 0 to 127)? Reply with ONLY the integer. Nothing else. Output only the answer.,"Listen to this audio clip of a single musical note. What is the note name and octave? Reply with ONLY the note name in Scientific Pitch Notation (e.g. C4, F#3, Bb5). Nothing else. Output only the answer.","Listen to this audio clip of a single musical note. What is the solfege syllable and accidental (if needed) of this pitch? Use fixed-do (do=C, re=D, mi=E, fa=F, sol=G, la=A, si=B). Include sharps or flats when needed (e.g. do#, reb, fa#, sib). Do NOT include the octave. Reply with ONLY the syllable and accidental (if needed). Nothing else. Output only the answer.","Listen to this audio clip of a single musical note. What is the main pitch frequency, expressed in Hertz? Reply with ONLY a number (the frequency in Hz). Nothing else. Output only the answer."
reverb_long,reverb_room,"{'type': 'reverb_room', 'room_size': 0.9, 'damping': 0.4, 'wet_level': 0.6, 'dry_level': 0.4}",4029,sine,waveform,29,36,0,0,0,0,F1,C2,0,0,0,fa,fa#,0,0,0,36,C2,solb,25,/home/hsnu2/PitchBench/data/analysis_audio/pitchbench_e1_audio_effects/F1_sine_5000ms_fx_reverb_long.wav,F1_sine_5000ms_fx_reverb_long.wav,Listen to this audio clip of a single musical note. What is the MIDI note number (an integer from 0 to 127)? Reply with ONLY the integer. Nothing else. Output only the answer.,"Listen to this audio clip of a single musical note. What is the note name and octave? Reply with ONLY the note name in Scientific Pitch Notation (e.g. C4, F#3, Bb5). Nothing else. Output only the answer.","Listen to this audio clip of a single musical note. What is the solfege syllable and accidental (if needed) of this pitch? Use fixed-do (do=C, re=D, mi=E, fa=F, sol=G, la=A, si=B). Include sharps or flats when needed (e.g. do#, reb, fa#, sib). Do NOT include the octave. Reply with ONLY the syllable and accidental (if needed). Nothing else. Output only the answer.","Listen to this audio clip of a single musical note. What is the main pitch frequency, expressed in Hertz? Reply with ONLY a number (the frequency in Hz). Nothing else. Output only the answer."
reverb_long,reverb_room,"{'type': 'reverb_room', 'room_size': 0.9, 'damping': 0.4, 'wet_level': 0.6, 'dry_level': 0.4}",4038,sine,waveform,38,48,0,0,0,0,D2,C2,0,0,1,re,fa#,0,0,0,48,C2,solb,105.26,/home/hsnu2/PitchBench/data/analysis_audio/pitchbench_e1_audio_effects/D2_sine_5000ms_fx_reverb_long.wav,D2_sine_5000ms_fx_reverb_long.wav,Listen to this audio clip of a single musical note. What is the MIDI note number (an integer from 0 to 127)? Reply with ONLY the integer. Nothing else. Output only the answer.,"Listen to this audio clip of a single musical note. What is the note name and octave? Reply with ONLY the note name in Scientific Pitch Notation (e.g. C4, F#3, Bb5). Nothing else. Output only the answer.","Listen to this audio clip of a single musical note. What is the solfege syllable and accidental (if needed) of this pitch? Use fixed-do (do=C, re=D, mi=E, fa=F, sol=G, la=A, si=B). Include sharps or flats when needed (e.g. do#, reb, fa#, sib). Do NOT include the octave. Reply with ONLY the syllable and accidental (if needed). Nothing else. Output only the answer.","Listen to this audio clip of a single musical note. What is the main pitch frequency, expressed in Hertz? Reply with ONLY a number (the frequency in Hz). Nothing else. Output only the answer."
reverb_long,reverb_room,"{'type': 'reverb_room', 'room_size': 0.9, 'damping': 0.4, 'wet_level': 0.6, 'dry_level': 0.4}",4047,sine,waveform,47,45,0,0,0,1,B2,C2,0,0,1,si,sol,0,0,0,45,C2,sol,105.26,/home/hsnu2/PitchBench/data/analysis_audio/pitchbench_e1_audio_effects/B2_sine_5000ms_fx_reverb_long.wav,B2_sine_5000ms_fx_reverb_long.wav,Listen to this audio clip of a single musical note. What is the MIDI note number (an integer from 0 to 127)? Reply with ONLY the integer. Nothing else. Output only the answer.,"Listen to this audio clip of a single musical note. What is the note name and octave? Reply with ONLY the note name in Scientific Pitch Notation (e.g. C4, F#3, Bb5). Nothing else. Output only the answer.","Listen to this audio clip of a single musical note. What is the solfege syllable and accidental (if needed) of this pitch? Use fixed-do (do=C, re=D, mi=E, fa=F, sol=G, la=A, si=B). Include sharps or flats when needed (e.g. do#, reb, fa#, sib). Do NOT include the octave. Reply with ONLY the syllable and accidental (if needed). Nothing else. Output only the answer.","Listen to this audio clip of a single musical note. What is the main pitch frequency, expressed in Hertz? Reply with ONLY a number (the frequency in Hz). Nothing else. Output only the answer."
reverb_long,reverb_room,"{'type': 'reverb_room', 'room_size': 0.9, 'damping': 0.4, 'wet_level': 0.6, 'dry_level': 0.4}",4056,sine,waveform,56,65,0,0,0,0,G#3,C6,0,0,0,sol#,sol,0,0,0,65,C6,sol,107.65,/home/hsnu2/PitchBench/data/analysis_audio/pitchbench_e1_audio_effects/Gs3_sine_5000ms_fx_reverb_long.wav,Gs3_sine_5000ms_fx_reverb_long.wav,Listen to this audio clip of a single musical note. What is the MIDI note number (an integer from 0 to 127)? Reply with ONLY the integer. Nothing else. Output only the answer.,"Listen to this audio clip of a single musical note. What is the note name and octave? Reply with ONLY the note name in Scientific Pitch Notation (e.g. C4, F#3, Bb5). Nothing else. Output only the answer.","Listen to this audio clip of a single musical note. What is the solfege syllable and accidental (if needed) of this pitch? Use fixed-do (do=C, re=D, mi=E, fa=F, sol=G, la=A, si=B). Include sharps or flats when needed (e.g. do#, reb, fa#, sib). Do NOT include the octave. Reply with ONLY the syllable and accidental (if needed). Nothing else. Output only the answer.","Listen to this audio clip of a single musical note. What is the main pitch frequency, expressed in Hertz? Reply with ONLY a number (the frequency in Hz). Nothing else. Output only the answer."
reverb_long,reverb_room,"{'type': 'reverb_room', 'room_size': 0.9, 'damping': 0.4, 'wet_level': 0.6, 'dry_level': 0.4}",4065,sine,waveform,65,69,0,0,0,1,F4,C6,0,0,0,fa,sol,0,0,0,69,C6,sol,415.38,/home/hsnu2/PitchBench/data/analysis_audio/pitchbench_e1_audio_effects/F4_sine_5000ms_fx_reverb_long.wav,F4_sine_5000ms_fx_reverb_long.wav,Listen to this audio clip of a single musical note. What is the MIDI note number (an integer from 0 to 127)? Reply with ONLY the integer. Nothing else. Output only the answer.,"Listen to this audio clip of a single musical note. What is the note name and octave? Reply with ONLY the note name in Scientific Pitch Notation (e.g. C4, F#3, Bb5). Nothing else. Output only the answer.","Listen to this audio clip of a single musical note. What is the solfege syllable and accidental (if needed) of this pitch? Use fixed-do (do=C, re=D, mi=E, fa=F, sol=G, la=A, si=B). Include sharps or flats when needed (e.g. do#, reb, fa#, sib). Do NOT include the octave. Reply with ONLY the syllable and accidental (if needed). Nothing else. Output only the answer.","Listen to this audio clip of a single musical note. What is the main pitch frequency, expressed in Hertz? Reply with ONLY a number (the frequency in Hz). Nothing else. Output only the answer."
reverb_long,reverb_room,"{'type': 'reverb_room', 'room_size': 0.9, 'damping': 0.4, 'wet_level': 0.6, 'dry_level': 0.4}",4074,sine,waveform,74,68,0,0,0,0,D5,C6,0,0,0,re,sol,0,0,0,68,C6,sol,1074.32,/home/hsnu2/PitchBench/data/analysis_audio/pitchbench_e1_audio_effects/D5_sine_5000ms_fx_reverb_long.wav,D5_sine_5000ms_fx_reverb_long.wav,Listen to this audio clip of a single musical note. What is the MIDI note number (an integer from 0 to 127)? Reply with ONLY the integer. Nothing else. Output only the answer.,"Listen to this audio clip of a single musical note. What is the note name and octave? Reply with ONLY the note name in Scientific Pitch Notation (e.g. C4, F#3, Bb5). Nothing else. Output only the answer.","Listen to this audio clip of a single musical note. What is the solfege syllable and accidental (if needed) of this pitch? Use fixed-do (do=C, re=D, mi=E, fa=F, sol=G, la=A, si=B). Include sharps or flats when needed (e.g. do#, reb, fa#, sib). Do NOT include the octave. Reply with ONLY the syllable and accidental (if needed). Nothing else. Output only the answer.","Listen to this audio clip of a single musical note. What is the main pitch frequency, expressed in Hertz? Reply with ONLY a number (the frequency in Hz). Nothing else. Output only the answer."
reverb_long,reverb_room,"{'type': 'reverb_room', 'room_size': 0.9, 'damping': 0.4, 'wet_level': 0.6, 'dry_level': 0.4}",4083,sine,waveform,83,68,0,0,0,0,B5,C6,0,0,0,si,sol,0,0,0,68,C6,sol,1074.625,/home/hsnu2/PitchBench/data/analysis_audio/pitchbench_e1_audio_effects/B5_sine_5000ms_fx_reverb_long.wav,B5_sine_5000ms_fx_reverb_long.wav,Listen to this audio clip of a single musical note. What is the MIDI note number (an integer from 0 to 127)? Reply with ONLY the integer. Nothing else. Output only the answer.,"Listen to this audio clip of a single musical note. What is the note name and octave? Reply with ONLY the note name in Scientific Pitch Notation (e.g. C4, F#3, Bb5). Nothing else. Output only the answer.","Listen to this audio clip of a single musical note. What is the solfege syllable and accidental (if needed) of this pitch? Use fixed-do (do=C, re=D, mi=E, fa=F, sol=G, la=A, si=B). Include sharps or flats when needed (e.g. do#, reb, fa#, sib). Do NOT include the octave. Reply with ONLY the syllable and accidental (if needed). Nothing else. Output only the answer.","Listen to this audio clip of a single musical note. What is the main pitch frequency, expressed in Hertz? Reply with ONLY a number (the frequency in Hz). Nothing else. Output only the answer."
chorus_heavy,chorus,"{'type': 'chorus', 'rate_hz': 1.2, 'depth': 0.9, 'mix': 0.6}",5029,sine,waveform,29,35,0,0,0,1,F1,C2,0,0,0,fa,fa#,0,0,0,35,C2,solb,250,/home/hsnu2/PitchBench/data/analysis_audio/pitchbench_e1_audio_effects/F1_sine_5000ms_fx_chorus_heavy.wav,F1_sine_5000ms_fx_chorus_heavy.wav,Listen to this audio clip of a single musical note. What is the MIDI note number (an integer from 0 to 127)? Reply with ONLY the integer. Nothing else. Output only the answer.,"Listen to this audio clip of a single musical note. What is the note name and octave? Reply with ONLY the note name in Scientific Pitch Notation (e.g. C4, F#3, Bb5). Nothing else. Output only the answer.","Listen to this audio clip of a single musical note. What is the solfege syllable and accidental (if needed) of this pitch? Use fixed-do (do=C, re=D, mi=E, fa=F, sol=G, la=A, si=B). Include sharps or flats when needed (e.g. do#, reb, fa#, sib). Do NOT include the octave. Reply with ONLY the syllable and accidental (if needed). Nothing else. Output only the answer.","Listen to this audio clip of a single musical note. What is the main pitch frequency, expressed in Hertz? Reply with ONLY a number (the frequency in Hz). Nothing else. Output only the answer."
chorus_heavy,chorus,"{'type': 'chorus', 'rate_hz': 1.2, 'depth': 0.9, 'mix': 0.6}",5038,sine,waveform,38,36,0,0,0,1,D2,C2,0,0,1,re,fa#,0,0,0,36,C2,solb,105.26,/home/hsnu2/PitchBench/data/analysis_audio/pitchbench_e1_audio_effects/D2_sine_5000ms_fx_chorus_heavy.wav,D2_sine_5000ms_fx_chorus_heavy.wav,Listen to this audio clip of a single musical note. What is the MIDI note number (an integer from 0 to 127)? Reply with ONLY the integer. Nothing else. Output only the answer.,"Listen to this audio clip of a single musical note. What is the note name and octave? Reply with ONLY the note name in Scientific Pitch Notation (e.g. C4, F#3, Bb5). Nothing else. Output only the answer.","Listen to this audio clip of a single musical note. What is the solfege syllable and accidental (if needed) of this pitch? Use fixed-do (do=C, re=D, mi=E, fa=F, sol=G, la=A, si=B). Include sharps or flats when needed (e.g. do#, reb, fa#, sib). Do NOT include the octave. Reply with ONLY the syllable and accidental (if needed). Nothing else. Output only the answer.","Listen to this audio clip of a single musical note. What is the main pitch frequency, expressed in Hertz? Reply with ONLY a number (the frequency in Hz). Nothing else. Output only the answer."
chorus_heavy,chorus,"{'type': 'chorus', 'rate_hz': 1.2, 'depth': 0.9, 'mix': 0.6}",5047,sine,waveform,47,48,0,1,0,0,B2,A#2,0,0,1,si,fa#,0,0,0,48,Bb2,solb,105.26,/home/hsnu2/PitchBench/data/analysis_audio/pitchbench_e1_audio_effects/B2_sine_5000ms_fx_chorus_heavy.wav,B2_sine_5000ms_fx_chorus_heavy.wav,Listen to this audio clip of a single musical note. What is the MIDI note number (an integer from 0 to 127)? Reply with ONLY the integer. Nothing else. Output only the answer.,"Listen to this audio clip of a single musical note. What is the note name and octave? Reply with ONLY the note name in Scientific Pitch Notation (e.g. C4, F#3, Bb5). Nothing else. Output only the answer.","Listen to this audio clip of a single musical note. What is the solfege syllable and accidental (if needed) of this pitch? Use fixed-do (do=C, re=D, mi=E, fa=F, sol=G, la=A, si=B). Include sharps or flats when needed (e.g. do#, reb, fa#, sib). Do NOT include the octave. Reply with ONLY the syllable and accidental (if needed). Nothing else. Output only the answer.","Listen to this audio clip of a single musical note. What is the main pitch frequency, expressed in Hertz? Reply with ONLY a number (the frequency in Hz). Nothing else. Output only the answer."
chorus_heavy,chorus,"{'type': 'chorus', 'rate_hz': 1.2, 'depth': 0.9, 'mix': 0.6}",5056,sine,waveform,56,63,0,0,0,0,G#3,C6,0,0,0,sol#,sol,0,0,0,63,C6,sol,105.26,/home/hsnu2/PitchBench/data/analysis_audio/pitchbench_e1_audio_effects/Gs3_sine_5000ms_fx_chorus_heavy.wav,Gs3_sine_5000ms_fx_chorus_heavy.wav,Listen to this audio clip of a single musical note. What is the MIDI note number (an integer from 0 to 127)? Reply with ONLY the integer. Nothing else. Output only the answer.,"Listen to this audio clip of a single musical note. What is the note name and octave? Reply with ONLY the note name in Scientific Pitch Notation (e.g. C4, F#3, Bb5). Nothing else. Output only the answer.","Listen to this audio clip of a single musical note. What is the solfege syllable and accidental (if needed) of this pitch? Use fixed-do (do=C, re=D, mi=E, fa=F, sol=G, la=A, si=B). Include sharps or flats when needed (e.g. do#, reb, fa#, sib). Do NOT include the octave. Reply with ONLY the syllable and accidental (if needed). Nothing else. Output only the answer.","Listen to this audio clip of a single musical note. What is the main pitch frequency, expressed in Hertz? Reply with ONLY a number (the frequency in Hz). Nothing else. Output only the answer."
chorus_heavy,chorus,"{'type': 'chorus', 'rate_hz': 1.2, 'depth': 0.9, 'mix': 0.6}",5065,sine,waveform,65,69,0,0,0,1,F4,C6,0,0,0,fa,sol,0,0,0,69,C6,sol,480,/home/hsnu2/PitchBench/data/analysis_audio/pitchbench_e1_audio_effects/F4_sine_5000ms_fx_chorus_heavy.wav,F4_sine_5000ms_fx_chorus_heavy.wav,Listen to this audio clip of a single musical note. What is the MIDI note number (an integer from 0 to 127)? Reply with ONLY the integer. Nothing else. Output only the answer.,"Listen to this audio clip of a single musical note. What is the note name and octave? Reply with ONLY the note name in Scientific Pitch Notation (e.g. C4, F#3, Bb5). Nothing else. Output only the answer.","Listen to this audio clip of a single musical note. What is the solfege syllable and accidental (if needed) of this pitch? Use fixed-do (do=C, re=D, mi=E, fa=F, sol=G, la=A, si=B). Include sharps or flats when needed (e.g. do#, reb, fa#, sib). Do NOT include the octave. Reply with ONLY the syllable and accidental (if needed). Nothing else. Output only the answer.","Listen to this audio clip of a single musical note. What is the main pitch frequency, expressed in Hertz? Reply with ONLY a number (the frequency in Hz). Nothing else. Output only the answer."
chorus_heavy,chorus,"{'type': 'chorus', 'rate_hz': 1.2, 'depth': 0.9, 'mix': 0.6}",5074,sine,waveform,74,69,0,0,0,0,D5,C6,0,0,0,re,sol,0,0,0,69,C6,sol,480,/home/hsnu2/PitchBench/data/analysis_audio/pitchbench_e1_audio_effects/D5_sine_5000ms_fx_chorus_heavy.wav,D5_sine_5000ms_fx_chorus_heavy.wav,Listen to this audio clip of a single musical note. What is the MIDI note number (an integer from 0 to 127)? Reply with ONLY the integer. Nothing else. Output only the answer.,"Listen to this audio clip of a single musical note. What is the note name and octave? Reply with ONLY the note name in Scientific Pitch Notation (e.g. C4, F#3, Bb5). Nothing else. Output only the answer.","Listen to this audio clip of a single musical note. What is the solfege syllable and accidental (if needed) of this pitch? Use fixed-do (do=C, re=D, mi=E, fa=F, sol=G, la=A, si=B). Include sharps or flats when needed (e.g. do#, reb, fa#, sib). Do NOT include the octave. Reply with ONLY the syllable and accidental (if needed). Nothing else. Output only the answer.","Listen to this audio clip of a single musical note. What is the main pitch frequency, expressed in Hertz? Reply with ONLY a number (the frequency in Hz). Nothing else. Output only the answer."
chorus_heavy,chorus,"{'type': 'chorus', 'rate_hz': 1.2, 'depth': 0.9, 'mix': 0.6}",5083,sine,waveform,83,84,0,1,0,0,B5,C6,0,0,0,si,sol#,0,0,0,84,C6,sol#,1200,/home/hsnu2/PitchBench/data/analysis_audio/pitchbench_e1_audio_effects/B5_sine_5000ms_fx_chorus_heavy.wav,B5_sine_5000ms_fx_chorus_heavy.wav,Listen to this audio clip of a single musical note. What is the MIDI note number (an integer from 0 to 127)? Reply with ONLY the integer. Nothing else. Output only the answer.,"Listen to this audio clip of a single musical note. What is the note name and octave? Reply with ONLY the note name in Scientific Pitch Notation (e.g. C4, F#3, Bb5). Nothing else. Output only the answer.","Listen to this audio clip of a single musical note. What is the solfege syllable and accidental (if needed) of this pitch? Use fixed-do (do=C, re=D, mi=E, fa=F, sol=G, la=A, si=B). Include sharps or flats when needed (e.g. do#, reb, fa#, sib). Do NOT include the octave. Reply with ONLY the syllable and accidental (if needed). Nothing else. Output only the answer.","Listen to this audio clip of a single musical note. What is the main pitch frequency, expressed in Hertz? Reply with ONLY a number (the frequency in Hz). Nothing else. Output only the answer."
highpass_above_f0,highpass,"{'type': 'highpass', 'cutoff_ratio': 1.5, 'order': 6}",29,synth_lead,instrument,29,63,0,0,0,0,F1,C6,0,0,0,fa,fa#,0,0,0,63,C6,solb,480,/home/hsnu2/PitchBench/data/analysis_audio/pitchbench_e1_audio_effects/F1_synth_lead_5000ms_fx_highpass_above_f0.wav,F1_synth_lead_5000ms_fx_highpass_above_f0.wav,Listen to this audio clip of a single musical note. What is the MIDI note number (an integer from 0 to 127)? Reply with ONLY the integer. Nothing else. Output only the answer.,"Listen to this audio clip of a single musical note. What is the note name and octave? Reply with ONLY the note name in Scientific Pitch Notation (e.g. C4, F#3, Bb5). Nothing else. Output only the answer.","Listen to this audio clip of a single musical note. What is the solfege syllable and accidental (if needed) of this pitch? Use fixed-do (do=C, re=D, mi=E, fa=F, sol=G, la=A, si=B). Include sharps or flats when needed (e.g. do#, reb, fa#, sib). Do NOT include the octave. Reply with ONLY the syllable and accidental (if needed). Nothing else. Output only the answer.","Listen to this audio clip of a single musical note. What is the main pitch frequency, expressed in Hertz? Reply with ONLY a number (the frequency in Hz). Nothing else. Output only the answer."
highpass_above_f0,highpass,"{'type': 'highpass', 'cutoff_ratio': 1.5, 'order': 6}",38,synth_lead,instrument,38,65,0,0,0,0,D2,C6,0,0,0,re,sol#,0,0,0,65,C6,sol#,1058.47,/home/hsnu2/PitchBench/data/analysis_audio/pitchbench_e1_audio_effects/D2_synth_lead_5000ms_fx_highpass_above_f0.wav,D2_synth_lead_5000ms_fx_highpass_above_f0.wav,Listen to this audio clip of a single musical note. What is the MIDI note number (an integer from 0 to 127)? Reply with ONLY the integer. Nothing else. Output only the answer.,"Listen to this audio clip of a single musical note. What is the note name and octave? Reply with ONLY the note name in Scientific Pitch Notation (e.g. C4, F#3, Bb5). Nothing else. Output only the answer.","Listen to this audio clip of a single musical note. What is the solfege syllable and accidental (if needed) of this pitch? Use fixed-do (do=C, re=D, mi=E, fa=F, sol=G, la=A, si=B). Include sharps or flats when needed (e.g. do#, reb, fa#, sib). Do NOT include the octave. Reply with ONLY the syllable and accidental (if needed). Nothing else. Output only the answer.","Listen to this audio clip of a single musical note. What is the main pitch frequency, expressed in Hertz? Reply with ONLY a number (the frequency in Hz). Nothing else. Output only the answer."
highpass_above_f0,highpass,"{'type': 'highpass', 'cutoff_ratio': 1.5, 'order': 6}",47,synth_lead,instrument,47,65,0,0,0,0,B2,C6,0,0,0,si,sol#,0,0,0,65,C6,sol#,480,/home/hsnu2/PitchBench/data/analysis_audio/pitchbench_e1_audio_effects/B2_synth_lead_5000ms_fx_highpass_above_f0.wav,B2_synth_lead_5000ms_fx_highpass_above_f0.wav,Listen to this audio clip of a single musical note. What is the MIDI note number (an integer from 0 to 127)? Reply with ONLY the integer. Nothing else. Output only the answer.,"Listen to this audio clip of a single musical note. What is the note name and octave? Reply with ONLY the note name in Scientific Pitch Notation (e.g. C4, F#3, Bb5). Nothing else. Output only the answer.","Listen to this audio clip of a single musical note. What is the solfege syllable and accidental (if needed) of this pitch? Use fixed-do (do=C, re=D, mi=E, fa=F, sol=G, la=A, si=B). Include sharps or flats when needed (e.g. do#, reb, fa#, sib). Do NOT include the octave. Reply with ONLY the syllable and accidental (if needed). Nothing else. Output only the answer.","Listen to this audio clip of a single musical note. What is the main pitch frequency, expressed in Hertz? Reply with ONLY a number (the frequency in Hz). Nothing else. Output only the answer."
highpass_above_f0,highpass,"{'type': 'highpass', 'cutoff_ratio': 1.5, 'order': 6}",56,synth_lead,instrument,56,65,0,0,0,0,G#3,C6,0,0,0,sol#,sol#,1,0,0,65,C6,sol#,1058.43,/home/hsnu2/PitchBench/data/analysis_audio/pitchbench_e1_audio_effects/Gs3_synth_lead_5000ms_fx_highpass_above_f0.wav,Gs3_synth_lead_5000ms_fx_highpass_above_f0.wav,Listen to this audio clip of a single musical note. What is the MIDI note number (an integer from 0 to 127)? Reply with ONLY the integer. Nothing else. Output only the answer.,"Listen to this audio clip of a single musical note. What is the note name and octave? Reply with ONLY the note name in Scientific Pitch Notation (e.g. C4, F#3, Bb5). Nothing else. Output only the answer.","Listen to this audio clip of a single musical note. What is the solfege syllable and accidental (if needed) of this pitch? Use fixed-do (do=C, re=D, mi=E, fa=F, sol=G, la=A, si=B). Include sharps or flats when needed (e.g. do#, reb, fa#, sib). Do NOT include the octave. Reply with ONLY the syllable and accidental (if needed). Nothing else. Output only the answer.","Listen to this audio clip of a single musical note. What is the main pitch frequency, expressed in Hertz? Reply with ONLY a number (the frequency in Hz). Nothing else. Output only the answer."
highpass_above_f0,highpass,"{'type': 'highpass', 'cutoff_ratio': 1.5, 'order': 6}",65,synth_lead,instrument,65,68,0,0,0,1,F4,C6,0,0,0,fa,sol#,0,0,0,68,C6,sol#,1034.52,/home/hsnu2/PitchBench/data/analysis_audio/pitchbench_e1_audio_effects/F4_synth_lead_5000ms_fx_highpass_above_f0.wav,F4_synth_lead_5000ms_fx_highpass_above_f0.wav,Listen to this audio clip of a single musical note. What is the MIDI note number (an integer from 0 to 127)? Reply with ONLY the integer. Nothing else. Output only the answer.,"Listen to this audio clip of a single musical note. What is the note name and octave? Reply with ONLY the note name in Scientific Pitch Notation (e.g. C4, F#3, Bb5). Nothing else. Output only the answer.","Listen to this audio clip of a single musical note. What is the solfege syllable and accidental (if needed) of this pitch? Use fixed-do (do=C, re=D, mi=E, fa=F, sol=G, la=A, si=B). Include sharps or flats when needed (e.g. do#, reb, fa#, sib). Do NOT include the octave. Reply with ONLY the syllable and accidental (if needed). Nothing else. Output only the answer.","Listen to this audio clip of a single musical note. What is the main pitch frequency, expressed in Hertz? Reply with ONLY a number (the frequency in Hz). Nothing else. Output only the answer."
highpass_above_f0,highpass,"{'type': 'highpass', 'cutoff_ratio': 1.5, 'order': 6}",74,synth_lead,instrument,74,69,0,0,0,0,D5,C6,0,0,0,re,sol,0,0,0,69,C6,sol,1046.57,/home/hsnu2/PitchBench/data/analysis_audio/pitchbench_e1_audio_effects/D5_synth_lead_5000ms_fx_highpass_above_f0.wav,D5_synth_lead_5000ms_fx_highpass_above_f0.wav,Listen to this audio clip of a single musical note. What is the MIDI note number (an integer from 0 to 127)? Reply with ONLY the integer. Nothing else. Output only the answer.,"Listen to this audio clip of a single musical note. What is the note name and octave? Reply with ONLY the note name in Scientific Pitch Notation (e.g. C4, F#3, Bb5). Nothing else. Output only the answer.","Listen to this audio clip of a single musical note. What is the solfege syllable and accidental (if needed) of this pitch? Use fixed-do (do=C, re=D, mi=E, fa=F, sol=G, la=A, si=B). Include sharps or flats when needed (e.g. do#, reb, fa#, sib). Do NOT include the octave. Reply with ONLY the syllable and accidental (if needed). Nothing else. Output only the answer.","Listen to this audio clip of a single musical note. What is the main pitch frequency, expressed in Hertz? Reply with ONLY a number (the frequency in Hz). Nothing else. Output only the answer."
highpass_above_f0,highpass,"{'type': 'highpass', 'cutoff_ratio': 1.5, 'order': 6}",83,synth_lead,instrument,83,68,0,0,0,0,B5,C6,0,0,0,si,sol,0,0,0,68,C6,sol,480,/home/hsnu2/PitchBench/data/analysis_audio/pitchbench_e1_audio_effects/B5_synth_lead_5000ms_fx_highpass_above_f0.wav,B5_synth_lead_5000ms_fx_highpass_above_f0.wav,Listen to this audio clip of a single musical note. What is the MIDI note number (an integer from 0 to 127)? Reply with ONLY the integer. Nothing else. Output only the answer.,"Listen to this audio clip of a single musical note. What is the note name and octave? Reply with ONLY the note name in Scientific Pitch Notation (e.g. C4, F#3, Bb5). Nothing else. Output only the answer.","Listen to this audio clip of a single musical note. What is the solfege syllable and accidental (if needed) of this pitch? Use fixed-do (do=C, re=D, mi=E, fa=F, sol=G, la=A, si=B). Include sharps or flats when needed (e.g. do#, reb, fa#, sib). Do NOT include the octave. Reply with ONLY the syllable and accidental (if needed). Nothing else. Output only the answer.","Listen to this audio clip of a single musical note. What is the main pitch frequency, expressed in Hertz? Reply with ONLY a number (the frequency in Hz). Nothing else. Output only the answer."
lowpass_at_f0,lowpass,"{'type': 'lowpass', 'cutoff_ratio': 1.2, 'order': 6}",1029,synth_lead,instrument,29,35,0,0,0,1,F1,C2,0,0,0,fa,fa#,0,0,0,35,C2,solb,25,/home/hsnu2/PitchBench/data/analysis_audio/pitchbench_e1_audio_effects/F1_synth_lead_5000ms_fx_lowpass_at_f0.wav,F1_synth_lead_5000ms_fx_lowpass_at_f0.wav,Listen to this audio clip of a single musical note. What is the MIDI note number (an integer from 0 to 127)? Reply with ONLY the integer. Nothing else. Output only the answer.,"Listen to this audio clip of a single musical note. What is the note name and octave? Reply with ONLY the note name in Scientific Pitch Notation (e.g. C4, F#3, Bb5). Nothing else. Output only the answer.","Listen to this audio clip of a single musical note. What is the solfege syllable and accidental (if needed) of this pitch? Use fixed-do (do=C, re=D, mi=E, fa=F, sol=G, la=A, si=B). Include sharps or flats when needed (e.g. do#, reb, fa#, sib). Do NOT include the octave. Reply with ONLY the syllable and accidental (if needed). Nothing else. Output only the answer.","Listen to this audio clip of a single musical note. What is the main pitch frequency, expressed in Hertz? Reply with ONLY a number (the frequency in Hz). Nothing else. Output only the answer."
lowpass_at_f0,lowpass,"{'type': 'lowpass', 'cutoff_ratio': 1.2, 'order': 6}",1038,synth_lead,instrument,38,43,0,0,0,1,D2,C2,0,0,1,re,fa#,0,0,0,43,C2,solb,105.26,/home/hsnu2/PitchBench/data/analysis_audio/pitchbench_e1_audio_effects/D2_synth_lead_5000ms_fx_lowpass_at_f0.wav,D2_synth_lead_5000ms_fx_lowpass_at_f0.wav,Listen to this audio clip of a single musical note. What is the MIDI note number (an integer from 0 to 127)? Reply with ONLY the integer. Nothing else. Output only the answer.,"Listen to this audio clip of a single musical note. What is the note name and octave? Reply with ONLY the note name in Scientific Pitch Notation (e.g. C4, F#3, Bb5). Nothing else. Output only the answer.","Listen to this audio clip of a single musical note. What is the solfege syllable and accidental (if needed) of this pitch? Use fixed-do (do=C, re=D, mi=E, fa=F, sol=G, la=A, si=B). Include sharps or flats when needed (e.g. do#, reb, fa#, sib). Do NOT include the octave. Reply with ONLY the syllable and accidental (if needed). Nothing else. Output only the answer.","Listen to this audio clip of a single musical note. What is the main pitch frequency, expressed in Hertz? Reply with ONLY a number (the frequency in Hz). Nothing else. Output only the answer."
lowpass_at_f0,lowpass,"{'type': 'lowpass', 'cutoff_ratio': 1.2, 'order': 6}",1047,synth_lead,instrument,47,48,0,1,0,0,B2,C2,0,0,1,si,sol,0,0,0,48,C2,sol,105.26,/home/hsnu2/PitchBench/data/analysis_audio/pitchbench_e1_audio_effects/B2_synth_lead_5000ms_fx_lowpass_at_f0.wav,B2_synth_lead_5000ms_fx_lowpass_at_f0.wav,Listen to this audio clip of a single musical note. What is the MIDI note number (an integer from 0 to 127)? Reply with ONLY the integer. Nothing else. Output only the answer.,"Listen to this audio clip of a single musical note. What is the note name and octave? Reply with ONLY the note name in Scientific Pitch Notation (e.g. C4, F#3, Bb5). Nothing else. Output only the answer.","Listen to this audio clip of a single musical note. What is the solfege syllable and accidental (if needed) of this pitch? Use fixed-do (do=C, re=D, mi=E, fa=F, sol=G, la=A, si=B). Include sharps or flats when needed (e.g. do#, reb, fa#, sib). Do NOT include the octave. Reply with ONLY the syllable and accidental (if needed). Nothing else. Output only the answer.","Listen to this audio clip of a single musical note. What is the main pitch frequency, expressed in Hertz? Reply with ONLY a number (the frequency in Hz). Nothing else. Output only the answer."
lowpass_at_f0,lowpass,"{'type': 'lowpass', 'cutoff_ratio': 1.2, 'order': 6}",1056,synth_lead,instrument,56,48,0,0,0,1,G#3,C6,0,0,0,sol#,fa#,0,0,0,48,C6,solb,120,/home/hsnu2/PitchBench/data/analysis_audio/pitchbench_e1_audio_effects/Gs3_synth_lead_5000ms_fx_lowpass_at_f0.wav,Gs3_synth_lead_5000ms_fx_lowpass_at_f0.wav,Listen to this audio clip of a single musical note. What is the MIDI note number (an integer from 0 to 127)? Reply with ONLY the integer. Nothing else. Output only the answer.,"Listen to this audio clip of a single musical note. What is the note name and octave? Reply with ONLY the note name in Scientific Pitch Notation (e.g. C4, F#3, Bb5). Nothing else. Output only the answer.","Listen to this audio clip of a single musical note. What is the solfege syllable and accidental (if needed) of this pitch? Use fixed-do (do=C, re=D, mi=E, fa=F, sol=G, la=A, si=B). Include sharps or flats when needed (e.g. do#, reb, fa#, sib). Do NOT include the octave. Reply with ONLY the syllable and accidental (if needed). Nothing else. Output only the answer.","Listen to this audio clip of a single musical note. What is the main pitch frequency, expressed in Hertz? Reply with ONLY a number (the frequency in Hz). Nothing else. Output only the answer."
lowpass_at_f0,lowpass,"{'type': 'lowpass', 'cutoff_ratio': 1.2, 'order': 6}",1065,synth_lead,instrument,65,53,0,0,1,0,F4,C6,0,0,0,fa,sol,0,0,0,53,C6,sol,1308.57,/home/hsnu2/PitchBench/data/analysis_audio/pitchbench_e1_audio_effects/F4_synth_lead_5000ms_fx_lowpass_at_f0.wav,F4_synth_lead_5000ms_fx_lowpass_at_f0.wav,Listen to this audio clip of a single musical note. What is the MIDI note number (an integer from 0 to 127)? Reply with ONLY the integer. Nothing else. Output only the answer.,"Listen to this audio clip of a single musical note. What is the note name and octave? Reply with ONLY the note name in Scientific Pitch Notation (e.g. C4, F#3, Bb5). Nothing else. Output only the answer.","Listen to this audio clip of a single musical note. What is the solfege syllable and accidental (if needed) of this pitch? Use fixed-do (do=C, re=D, mi=E, fa=F, sol=G, la=A, si=B). Include sharps or flats when needed (e.g. do#, reb, fa#, sib). Do NOT include the octave. Reply with ONLY the syllable and accidental (if needed). Nothing else. Output only the answer.","Listen to this audio clip of a single musical note. What is the main pitch frequency, expressed in Hertz? Reply with ONLY a number (the frequency in Hz). Nothing else. Output only the answer."
lowpass_at_f0,lowpass,"{'type': 'lowpass', 'cutoff_ratio': 1.2, 'order': 6}",1074,synth_lead,instrument,74,43,0,0,0,0,D5,D6,0,1,0,re,sol,0,0,0,43,D6,sol,1200.0,/home/hsnu2/PitchBench/data/analysis_audio/pitchbench_e1_audio_effects/D5_synth_lead_5000ms_fx_lowpass_at_f0.wav,D5_synth_lead_5000ms_fx_lowpass_at_f0.wav,Listen to this audio clip of a single musical note. What is the MIDI note number (an integer from 0 to 127)? Reply with ONLY the integer. Nothing else. Output only the answer.,"Listen to this audio clip of a single musical note. What is the note name and octave? Reply with ONLY the note name in Scientific Pitch Notation (e.g. C4, F#3, Bb5). Nothing else. Output only the answer.","Listen to this audio clip of a single musical note. What is the solfege syllable and accidental (if needed) of this pitch? Use fixed-do (do=C, re=D, mi=E, fa=F, sol=G, la=A, si=B). Include sharps or flats when needed (e.g. do#, reb, fa#, sib). Do NOT include the octave. Reply with ONLY the syllable and accidental (if needed). Nothing else. Output only the answer.","Listen to this audio clip of a single musical note. What is the main pitch frequency, expressed in Hertz? Reply with ONLY a number (the frequency in Hz). Nothing else. Output only the answer."
lowpass_at_f0,lowpass,"{'type': 'lowpass', 'cutoff_ratio': 1.2, 'order': 6}",1083,synth_lead,instrument,83,84,0,1,0,0,B5,C6,0,0,0,si,sol#,0,0,0,84,C6,sol#,1500,/home/hsnu2/PitchBench/data/analysis_audio/pitchbench_e1_audio_effects/B5_synth_lead_5000ms_fx_lowpass_at_f0.wav,B5_synth_lead_5000ms_fx_lowpass_at_f0.wav,Listen to this audio clip of a single musical note. What is the MIDI note number (an integer from 0 to 127)? Reply with ONLY the integer. Nothing else. Output only the answer.,"Listen to this audio clip of a single musical note. What is the note name and octave? Reply with ONLY the note name in Scientific Pitch Notation (e.g. C4, F#3, Bb5). Nothing else. Output only the answer.","Listen to this audio clip of a single musical note. What is the solfege syllable and accidental (if needed) of this pitch? Use fixed-do (do=C, re=D, mi=E, fa=F, sol=G, la=A, si=B). Include sharps or flats when needed (e.g. do#, reb, fa#, sib). Do NOT include the octave. Reply with ONLY the syllable and accidental (if needed). Nothing else. Output only the answer.","Listen to this audio clip of a single musical note. What is the main pitch frequency, expressed in Hertz? Reply with ONLY a number (the frequency in Hz). Nothing else. Output only the answer."
bitcrush_4bit,bitcrush,"{'type': 'bitcrush', 'bit_depth': 4}",2029,synth_lead,instrument,29,64,0,0,0,0,F1,C6,0,0,0,fa,fa#,0,0,0,64,C6,solb,1050,/home/hsnu2/PitchBench/data/analysis_audio/pitchbench_e1_audio_effects/F1_synth_lead_5000ms_fx_bitcrush_4bit.wav,F1_synth_lead_5000ms_fx_bitcrush_4bit.wav,Listen to this audio clip of a single musical note. What is the MIDI note number (an integer from 0 to 127)? Reply with ONLY the integer. Nothing else. Output only the answer.,"Listen to this audio clip of a single musical note. What is the note name and octave? Reply with ONLY the note name in Scientific Pitch Notation (e.g. C4, F#3, Bb5). Nothing else. Output only the answer.","Listen to this audio clip of a single musical note. What is the solfege syllable and accidental (if needed) of this pitch? Use fixed-do (do=C, re=D, mi=E, fa=F, sol=G, la=A, si=B). Include sharps or flats when needed (e.g. do#, reb, fa#, sib). Do NOT include the octave. Reply with ONLY the syllable and accidental (if needed). Nothing else. Output only the answer.","Listen to this audio clip of a single musical note. What is the main pitch frequency, expressed in Hertz? Reply with ONLY a number (the frequency in Hz). Nothing else. Output only the answer."
bitcrush_4bit,bitcrush,"{'type': 'bitcrush', 'bit_depth': 4}",2038,synth_lead,instrument,38,65,0,0,0,0,D2,C6,0,0,0,re,fa#,0,0,0,65,C6,solb,480,/home/hsnu2/PitchBench/data/analysis_audio/pitchbench_e1_audio_effects/D2_synth_lead_5000ms_fx_bitcrush_4bit.wav,D2_synth_lead_5000ms_fx_bitcrush_4bit.wav,Listen to this audio clip of a single musical note. What is the MIDI note number (an integer from 0 to 127)? Reply with ONLY the integer. Nothing else. Output only the answer.,"Listen to this audio clip of a single musical note. What is the note name and octave? Reply with ONLY the note name in Scientific Pitch Notation (e.g. C4, F#3, Bb5). Nothing else. Output only the answer.","Listen to this audio clip of a single musical note. What is the solfege syllable and accidental (if needed) of this pitch? Use fixed-do (do=C, re=D, mi=E, fa=F, sol=G, la=A, si=B). Include sharps or flats when needed (e.g. do#, reb, fa#, sib). Do NOT include the octave. Reply with ONLY the syllable and accidental (if needed). Nothing else. Output only the answer.","Listen to this audio clip of a single musical note. What is the main pitch frequency, expressed in Hertz? Reply with ONLY a number (the frequency in Hz). Nothing else. Output only the answer."
bitcrush_4bit,bitcrush,"{'type': 'bitcrush', 'bit_depth': 4}",2047,synth_lead,instrument,47,65,0,0,0,0,B2,C6,0,0,0,si,fa#,0,0,0,65,C6,solb,480,/home/hsnu2/PitchBench/data/analysis_audio/pitchbench_e1_audio_effects/B2_synth_lead_5000ms_fx_bitcrush_4bit.wav,B2_synth_lead_5000ms_fx_bitcrush_4bit.wav,Listen to this audio clip of a single musical note. What is the MIDI note number (an integer from 0 to 127)? Reply with ONLY the integer. Nothing else. Output only the answer.,"Listen to this audio clip of a single musical note. What is the note name and octave? Reply with ONLY the note name in Scientific Pitch Notation (e.g. C4, F#3, Bb5). Nothing else. Output only the answer.","Listen to this audio clip of a single musical note. What is the solfege syllable and accidental (if needed) of this pitch? Use fixed-do (do=C, re=D, mi=E, fa=F, sol=G, la=A, si=B). Include sharps or flats when needed (e.g. do#, reb, fa#, sib). Do NOT include the octave. Reply with ONLY the syllable and accidental (if needed). Nothing else. Output only the answer.","Listen to this audio clip of a single musical note. What is the main pitch frequency, expressed in Hertz? Reply with ONLY a number (the frequency in Hz). Nothing else. Output only the answer."
bitcrush_4bit,bitcrush,"{'type': 'bitcrush', 'bit_depth': 4}",2056,synth_lead,instrument,56,63,0,0,0,0,G#3,C6,0,0,0,sol#,fa#,0,0,0,63,C6,solb,176.47,/home/hsnu2/PitchBench/data/analysis_audio/pitchbench_e1_audio_effects/Gs3_synth_lead_5000ms_fx_bitcrush_4bit.wav,Gs3_synth_lead_5000ms_fx_bitcrush_4bit.wav,Listen to this audio clip of a single musical note. What is the MIDI note number (an integer from 0 to 127)? Reply with ONLY the integer. Nothing else. Output only the answer.,"Listen to this audio clip of a single musical note. What is the note name and octave? Reply with ONLY the note name in Scientific Pitch Notation (e.g. C4, F#3, Bb5). Nothing else. Output only the answer.","Listen to this audio clip of a single musical note. What is the solfege syllable and accidental (if needed) of this pitch? Use fixed-do (do=C, re=D, mi=E, fa=F, sol=G, la=A, si=B). Include sharps or flats when needed (e.g. do#, reb, fa#, sib). Do NOT include the octave. Reply with ONLY the syllable and accidental (if needed). Nothing else. Output only the answer.","Listen to this audio clip of a single musical note. What is the main pitch frequency, expressed in Hertz? Reply with ONLY a number (the frequency in Hz). Nothing else. Output only the answer."
bitcrush_4bit,bitcrush,"{'type': 'bitcrush', 'bit_depth': 4}",2065,synth_lead,instrument,65,64,0,1,0,1,F4,C6,0,0,0,fa,sol,0,0,0,64,C6,sol,460,/home/hsnu2/PitchBench/data/analysis_audio/pitchbench_e1_audio_effects/F4_synth_lead_5000ms_fx_bitcrush_4bit.wav,F4_synth_lead_5000ms_fx_bitcrush_4bit.wav,Listen to this audio clip of a single musical note. What is the MIDI note number (an integer from 0 to 127)? Reply with ONLY the integer. Nothing else. Output only the answer.,"Listen to this audio clip of a single musical note. What is the note name and octave? Reply with ONLY the note name in Scientific Pitch Notation (e.g. C4, F#3, Bb5). Nothing else. Output only the answer.","Listen to this audio clip of a single musical note. What is the solfege syllable and accidental (if needed) of this pitch? Use fixed-do (do=C, re=D, mi=E, fa=F, sol=G, la=A, si=B). Include sharps or flats when needed (e.g. do#, reb, fa#, sib). Do NOT include the octave. Reply with ONLY the syllable and accidental (if needed). Nothing else. Output only the answer.","Listen to this audio clip of a single musical note. What is the main pitch frequency, expressed in Hertz? Reply with ONLY a number (the frequency in Hz). Nothing else. Output only the answer."
bitcrush_4bit,bitcrush,"{'type': 'bitcrush', 'bit_depth': 4}",2074,synth_lead,instrument,74,69,0,0,0,0,D5,C6,0,0,0,re,sol,0,0,0,69,C6,sol,1046.53,/home/hsnu2/PitchBench/data/analysis_audio/pitchbench_e1_audio_effects/D5_synth_lead_5000ms_fx_bitcrush_4bit.wav,D5_synth_lead_5000ms_fx_bitcrush_4bit.wav,Listen to this audio clip of a single musical note. What is the MIDI note number (an integer from 0 to 127)? Reply with ONLY the integer. Nothing else. Output only the answer.,"Listen to this audio clip of a single musical note. What is the note name and octave? Reply with ONLY the note name in Scientific Pitch Notation (e.g. C4, F#3, Bb5). Nothing else. Output only the answer.","Listen to this audio clip of a single musical note. What is the solfege syllable and accidental (if needed) of this pitch? Use fixed-do (do=C, re=D, mi=E, fa=F, sol=G, la=A, si=B). Include sharps or flats when needed (e.g. do#, reb, fa#, sib). Do NOT include the octave. Reply with ONLY the syllable and accidental (if needed). Nothing else. Output only the answer.","Listen to this audio clip of a single musical note. What is the main pitch frequency, expressed in Hertz? Reply with ONLY a number (the frequency in Hz). Nothing else. Output only the answer."
bitcrush_4bit,bitcrush,"{'type': 'bitcrush', 'bit_depth': 4}",2083,synth_lead,instrument,83,68,0,0,0,0,B5,C6,0,0,0,si,sol,0,0,0,68,C6,sol,1046.53,/home/hsnu2/PitchBench/data/analysis_audio/pitchbench_e1_audio_effects/B5_synth_lead_5000ms_fx_bitcrush_4bit.wav,B5_synth_lead_5000ms_fx_bitcrush_4bit.wav,Listen to this audio clip of a single musical note. What is the MIDI note number (an integer from 0 to 127)? Reply with ONLY the integer. Nothing else. Output only the answer.,"Listen to this audio clip of a single musical note. What is the note name and octave? Reply with ONLY the note name in Scientific Pitch Notation (e.g. C4, F#3, Bb5). Nothing else. Output only the answer.","Listen to this audio clip of a single musical note. What is the solfege syllable and accidental (if needed) of this pitch? Use fixed-do (do=C, re=D, mi=E, fa=F, sol=G, la=A, si=B). Include sharps or flats when needed (e.g. do#, reb, fa#, sib). Do NOT include the octave. Reply with ONLY the syllable and accidental (if needed). Nothing else. Output only the answer.","Listen to this audio clip of a single musical note. What is the main pitch frequency, expressed in Hertz? Reply with ONLY a number (the frequency in Hz). Nothing else. Output only the answer."
distortion_heavy,saturation,"{'type': 'saturation', 'drive_db': 30.0}",3029,synth_lead,instrument,29,43,0,0,0,0,F1,A#2,0,0,0,fa,fa#,0,0,0,43,Bb2,solb,1058.47,/home/hsnu2/PitchBench/data/analysis_audio/pitchbench_e1_audio_effects/F1_synth_lead_5000ms_fx_distortion_heavy.wav,F1_synth_lead_5000ms_fx_distortion_heavy.wav,Listen to this audio clip of a single musical note. What is the MIDI note number (an integer from 0 to 127)? Reply with ONLY the integer. Nothing else. Output only the answer.,"Listen to this audio clip of a single musical note. What is the note name and octave? Reply with ONLY the note name in Scientific Pitch Notation (e.g. C4, F#3, Bb5). Nothing else. Output only the answer.","Listen to this audio clip of a single musical note. What is the solfege syllable and accidental (if needed) of this pitch? Use fixed-do (do=C, re=D, mi=E, fa=F, sol=G, la=A, si=B). Include sharps or flats when needed (e.g. do#, reb, fa#, sib). Do NOT include the octave. Reply with ONLY the syllable and accidental (if needed). Nothing else. Output only the answer.","Listen to this audio clip of a single musical note. What is the main pitch frequency, expressed in Hertz? Reply with ONLY a number (the frequency in Hz). Nothing else. Output only the answer."
distortion_heavy,saturation,"{'type': 'saturation', 'drive_db': 30.0}",3038,synth_lead,instrument,38,65,0,0,0,0,D2,C6,0,0,0,re,fa#,0,0,0,65,C6,solb,1050,/home/hsnu2/PitchBench/data/analysis_audio/pitchbench_e1_audio_effects/D2_synth_lead_5000ms_fx_distortion_heavy.wav,D2_synth_lead_5000ms_fx_distortion_heavy.wav,Listen to this audio clip of a single musical note. What is the MIDI note number (an integer from 0 to 127)? Reply with ONLY the integer. Nothing else. Output only the answer.,"Listen to this audio clip of a single musical note. What is the note name and octave? Reply with ONLY the note name in Scientific Pitch Notation (e.g. C4, F#3, Bb5). Nothing else. Output only the answer.","Listen to this audio clip of a single musical note. What is the solfege syllable and accidental (if needed) of this pitch? Use fixed-do (do=C, re=D, mi=E, fa=F, sol=G, la=A, si=B). Include sharps or flats when needed (e.g. do#, reb, fa#, sib). Do NOT include the octave. Reply with ONLY the syllable and accidental (if needed). Nothing else. Output only the answer.","Listen to this audio clip of a single musical note. What is the main pitch frequency, expressed in Hertz? Reply with ONLY a number (the frequency in Hz). Nothing else. Output only the answer."
distortion_heavy,saturation,"{'type': 'saturation', 'drive_db': 30.0}",3047,synth_lead,instrument,47,64,0,0,0,0,B2,C6,0,0,0,si,fa#,0,0,0,64,C6,solb,1052.63,/home/hsnu2/PitchBench/data/analysis_audio/pitchbench_e1_audio_effects/B2_synth_lead_5000ms_fx_distortion_heavy.wav,B2_synth_lead_5000ms_fx_distortion_heavy.wav,Listen to this audio clip of a single musical note. What is the MIDI note number (an integer from 0 to 127)? Reply with ONLY the integer. Nothing else. Output only the answer.,"Listen to this audio clip of a single musical note. What is the note name and octave? Reply with ONLY the note name in Scientific Pitch Notation (e.g. C4, F#3, Bb5). Nothing else. Output only the answer.","Listen to this audio clip of a single musical note. What is the solfege syllable and accidental (if needed) of this pitch? Use fixed-do (do=C, re=D, mi=E, fa=F, sol=G, la=A, si=B). Include sharps or flats when needed (e.g. do#, reb, fa#, sib). Do NOT include the octave. Reply with ONLY the syllable and accidental (if needed). Nothing else. Output only the answer.","Listen to this audio clip of a single musical note. What is the main pitch frequency, expressed in Hertz? Reply with ONLY a number (the frequency in Hz). Nothing else. Output only the answer."
distortion_heavy,saturation,"{'type': 'saturation', 'drive_db': 30.0}",3056,synth_lead,instrument,56,63,0,0,0,0,G#3,C6,0,0,0,sol#,fa#,0,0,0,63,C6,solb,1058.47,/home/hsnu2/PitchBench/data/analysis_audio/pitchbench_e1_audio_effects/Gs3_synth_lead_5000ms_fx_distortion_heavy.wav,Gs3_synth_lead_5000ms_fx_distortion_heavy.wav,Listen to this audio clip of a single musical note. What is the MIDI note number (an integer from 0 to 127)? Reply with ONLY the integer. Nothing else. Output only the answer.,"Listen to this audio clip of a single musical note. What is the note name and octave? Reply with ONLY the note name in Scientific Pitch Notation (e.g. C4, F#3, Bb5). Nothing else. Output only the answer.","Listen to this audio clip of a single musical note. What is the solfege syllable and accidental (if needed) of this pitch? Use fixed-do (do=C, re=D, mi=E, fa=F, sol=G, la=A, si=B). Include sharps or flats when needed (e.g. do#, reb, fa#, sib). Do NOT include the octave. Reply with ONLY the syllable and accidental (if needed). Nothing else. Output only the answer.","Listen to this audio clip of a single musical note. What is the main pitch frequency, expressed in Hertz? Reply with ONLY a number (the frequency in Hz). Nothing else. Output only the answer."
distortion_heavy,saturation,"{'type': 'saturation', 'drive_db': 30.0}",3065,synth_lead,instrument,65,65,1,1,1,1,F4,C6,0,0,0,fa,sol,0,0,1,65,C6,sol,480,/home/hsnu2/PitchBench/data/analysis_audio/pitchbench_e1_audio_effects/F4_synth_lead_5000ms_fx_distortion_heavy.wav,F4_synth_lead_5000ms_fx_distortion_heavy.wav,Listen to this audio clip of a single musical note. What is the MIDI note number (an integer from 0 to 127)? Reply with ONLY the integer. Nothing else. Output only the answer.,"Listen to this audio clip of a single musical note. What is the note name and octave? Reply with ONLY the note name in Scientific Pitch Notation (e.g. C4, F#3, Bb5). Nothing else. Output only the answer.","Listen to this audio clip of a single musical note. What is the solfege syllable and accidental (if needed) of this pitch? Use fixed-do (do=C, re=D, mi=E, fa=F, sol=G, la=A, si=B). Include sharps or flats when needed (e.g. do#, reb, fa#, sib). Do NOT include the octave. Reply with ONLY the syllable and accidental (if needed). Nothing else. Output only the answer.","Listen to this audio clip of a single musical note. What is the main pitch frequency, expressed in Hertz? Reply with ONLY a number (the frequency in Hz). Nothing else. Output only the answer."
distortion_heavy,saturation,"{'type': 'saturation', 'drive_db': 30.0}",3074,synth_lead,instrument,74,69,0,0,0,0,D5,D6,0,1,0,re,sol#,0,0,0,69,D6,sol#,1046.53,/home/hsnu2/PitchBench/data/analysis_audio/pitchbench_e1_audio_effects/D5_synth_lead_5000ms_fx_distortion_heavy.wav,D5_synth_lead_5000ms_fx_distortion_heavy.wav,Listen to this audio clip of a single musical note. What is the MIDI note number (an integer from 0 to 127)? Reply with ONLY the integer. Nothing else. Output only the answer.,"Listen to this audio clip of a single musical note. What is the note name and octave? Reply with ONLY the note name in Scientific Pitch Notation (e.g. C4, F#3, Bb5). Nothing else. Output only the answer.","Listen to this audio clip of a single musical note. What is the solfege syllable and accidental (if needed) of this pitch? Use fixed-do (do=C, re=D, mi=E, fa=F, sol=G, la=A, si=B). Include sharps or flats when needed (e.g. do#, reb, fa#, sib). Do NOT include the octave. Reply with ONLY the syllable and accidental (if needed). Nothing else. Output only the answer.","Listen to this audio clip of a single musical note. What is the main pitch frequency, expressed in Hertz? Reply with ONLY a number (the frequency in Hz). Nothing else. Output only the answer."
distortion_heavy,saturation,"{'type': 'saturation', 'drive_db': 30.0}",3083,synth_lead,instrument,83,68,0,0,0,0,B5,C6,0,0,0,si,sol,0,0,0,68,C6,sol,1058.43,/home/hsnu2/PitchBench/data/analysis_audio/pitchbench_e1_audio_effects/B5_synth_lead_5000ms_fx_distortion_heavy.wav,B5_synth_lead_5000ms_fx_distortion_heavy.wav,Listen to this audio clip of a single musical note. What is the MIDI note number (an integer from 0 to 127)? Reply with ONLY the integer. Nothing else. Output only the answer.,"Listen to this audio clip of a single musical note. What is the note name and octave? Reply with ONLY the note name in Scientific Pitch Notation (e.g. C4, F#3, Bb5). Nothing else. Output only the answer.","Listen to this audio clip of a single musical note. What is the solfege syllable and accidental (if needed) of this pitch? Use fixed-do (do=C, re=D, mi=E, fa=F, sol=G, la=A, si=B). Include sharps or flats when needed (e.g. do#, reb, fa#, sib). Do NOT include the octave. Reply with ONLY the syllable and accidental (if needed). Nothing else. Output only the answer.","Listen to this audio clip of a single musical note. What is the main pitch frequency, expressed in Hertz? Reply with ONLY a number (the frequency in Hz). Nothing else. Output only the answer."
reverb_long,reverb_room,"{'type': 'reverb_room', 'room_size': 0.9, 'damping': 0.4, 'wet_level': 0.6, 'dry_level': 0.4}",4029,synth_lead,instrument,29,35,0,0,0,1,F1,A#2,0,0,0,fa,fa#,0,0,0,35,Bb2,solb,261.63,/home/hsnu2/PitchBench/data/analysis_audio/pitchbench_e1_audio_effects/F1_synth_lead_5000ms_fx_reverb_long.wav,F1_synth_lead_5000ms_fx_reverb_long.wav,Listen to this audio clip of a single musical note. What is the MIDI note number (an integer from 0 to 127)? Reply with ONLY the integer. Nothing else. Output only the answer.,"Listen to this audio clip of a single musical note. What is the note name and octave? Reply with ONLY the note name in Scientific Pitch Notation (e.g. C4, F#3, Bb5). Nothing else. Output only the answer.","Listen to this audio clip of a single musical note. What is the solfege syllable and accidental (if needed) of this pitch? Use fixed-do (do=C, re=D, mi=E, fa=F, sol=G, la=A, si=B). Include sharps or flats when needed (e.g. do#, reb, fa#, sib). Do NOT include the octave. Reply with ONLY the syllable and accidental (if needed). Nothing else. Output only the answer.","Listen to this audio clip of a single musical note. What is the main pitch frequency, expressed in Hertz? Reply with ONLY a number (the frequency in Hz). Nothing else. Output only the answer."
reverb_long,reverb_room,"{'type': 'reverb_room', 'room_size': 0.9, 'damping': 0.4, 'wet_level': 0.6, 'dry_level': 0.4}",4038,synth_lead,instrument,38,48,0,0,0,0,D2,C4,0,0,0,re,fa#,0,0,0,48,C4,solb,480,/home/hsnu2/PitchBench/data/analysis_audio/pitchbench_e1_audio_effects/D2_synth_lead_5000ms_fx_reverb_long.wav,D2_synth_lead_5000ms_fx_reverb_long.wav,Listen to this audio clip of a single musical note. What is the MIDI note number (an integer from 0 to 127)? Reply with ONLY the integer. Nothing else. Output only the answer.,"Listen to this audio clip of a single musical note. What is the note name and octave? Reply with ONLY the note name in Scientific Pitch Notation (e.g. C4, F#3, Bb5). Nothing else. Output only the answer.","Listen to this audio clip of a single musical note. What is the solfege syllable and accidental (if needed) of this pitch? Use fixed-do (do=C, re=D, mi=E, fa=F, sol=G, la=A, si=B). Include sharps or flats when needed (e.g. do#, reb, fa#, sib). Do NOT include the octave. Reply with ONLY the syllable and accidental (if needed). Nothing else. Output only the answer.","Listen to this audio clip of a single musical note. What is the main pitch frequency, expressed in Hertz? Reply with ONLY a number (the frequency in Hz). Nothing else. Output only the answer."
reverb_long,reverb_room,"{'type': 'reverb_room', 'room_size': 0.9, 'damping': 0.4, 'wet_level': 0.6, 'dry_level': 0.4}",4047,synth_lead,instrument,47,48,0,1,0,0,B2,A#6,0,0,0,si,fa#,0,0,0,48,Bb6,solb,480,/home/hsnu2/PitchBench/data/analysis_audio/pitchbench_e1_audio_effects/B2_synth_lead_5000ms_fx_reverb_long.wav,B2_synth_lead_5000ms_fx_reverb_long.wav,Listen to this audio clip of a single musical note. What is the MIDI note number (an integer from 0 to 127)? Reply with ONLY the integer. Nothing else. Output only the answer.,"Listen to this audio clip of a single musical note. What is the note name and octave? Reply with ONLY the note name in Scientific Pitch Notation (e.g. C4, F#3, Bb5). Nothing else. Output only the answer.","Listen to this audio clip of a single musical note. What is the solfege syllable and accidental (if needed) of this pitch? Use fixed-do (do=C, re=D, mi=E, fa=F, sol=G, la=A, si=B). Include sharps or flats when needed (e.g. do#, reb, fa#, sib). Do NOT include the octave. Reply with ONLY the syllable and accidental (if needed). Nothing else. Output only the answer.","Listen to this audio clip of a single musical note. What is the main pitch frequency, expressed in Hertz? Reply with ONLY a number (the frequency in Hz). Nothing else. Output only the answer."
reverb_long,reverb_room,"{'type': 'reverb_room', 'room_size': 0.9, 'damping': 0.4, 'wet_level': 0.6, 'dry_level': 0.4}",4056,synth_lead,instrument,56,56,1,1,1,1,G#3,C6,0,0,0,sol#,fa#,0,0,1,56,C6,solb,480,/home/hsnu2/PitchBench/data/analysis_audio/pitchbench_e1_audio_effects/Gs3_synth_lead_5000ms_fx_reverb_long.wav,Gs3_synth_lead_5000ms_fx_reverb_long.wav,Listen to this audio clip of a single musical note. What is the MIDI note number (an integer from 0 to 127)? Reply with ONLY the integer. Nothing else. Output only the answer.,"Listen to this audio clip of a single musical note. What is the note name and octave? Reply with ONLY the note name in Scientific Pitch Notation (e.g. C4, F#3, Bb5). Nothing else. Output only the answer.","Listen to this audio clip of a single musical note. What is the solfege syllable and accidental (if needed) of this pitch? Use fixed-do (do=C, re=D, mi=E, fa=F, sol=G, la=A, si=B). Include sharps or flats when needed (e.g. do#, reb, fa#, sib). Do NOT include the octave. Reply with ONLY the syllable and accidental (if needed). Nothing else. Output only the answer.","Listen to this audio clip of a single musical note. What is the main pitch frequency, expressed in Hertz? Reply with ONLY a number (the frequency in Hz). Nothing else. Output only the answer."
reverb_long,reverb_room,"{'type': 'reverb_room', 'room_size': 0.9, 'damping': 0.4, 'wet_level': 0.6, 'dry_level': 0.4}",4065,synth_lead,instrument,65,65,1,1,1,1,F4,C6,0,0,0,fa,sol,0,0,1,65,C6,sol,1058.43,/home/hsnu2/PitchBench/data/analysis_audio/pitchbench_e1_audio_effects/F4_synth_lead_5000ms_fx_reverb_long.wav,F4_synth_lead_5000ms_fx_reverb_long.wav,Listen to this audio clip of a single musical note. What is the MIDI note number (an integer from 0 to 127)? Reply with ONLY the integer. Nothing else. Output only the answer.,"Listen to this audio clip of a single musical note. What is the note name and octave? Reply with ONLY the note name in Scientific Pitch Notation (e.g. C4, F#3, Bb5). Nothing else. Output only the answer.","Listen to this audio clip of a single musical note. What is the solfege syllable and accidental (if needed) of this pitch? Use fixed-do (do=C, re=D, mi=E, fa=F, sol=G, la=A, si=B). Include sharps or flats when needed (e.g. do#, reb, fa#, sib). Do NOT include the octave. Reply with ONLY the syllable and accidental (if needed). Nothing else. Output only the answer.","Listen to this audio clip of a single musical note. What is the main pitch frequency, expressed in Hertz? Reply with ONLY a number (the frequency in Hz). Nothing else. Output only the answer."
reverb_long,reverb_room,"{'type': 'reverb_room', 'room_size': 0.9, 'damping': 0.4, 'wet_level': 0.6, 'dry_level': 0.4}",4074,synth_lead,instrument,74,69,0,0,0,0,D5,D6,0,1,0,re,sol#,0,0,0,69,D6,sol#,1034.52,/home/hsnu2/PitchBench/data/analysis_audio/pitchbench_e1_audio_effects/D5_synth_lead_5000ms_fx_reverb_long.wav,D5_synth_lead_5000ms_fx_reverb_long.wav,Listen to this audio clip of a single musical note. What is the MIDI note number (an integer from 0 to 127)? Reply with ONLY the integer. Nothing else. Output only the answer.,"Listen to this audio clip of a single musical note. What is the note name and octave? Reply with ONLY the note name in Scientific Pitch Notation (e.g. C4, F#3, Bb5). Nothing else. Output only the answer.","Listen to this audio clip of a single musical note. What is the solfege syllable and accidental (if needed) of this pitch? Use fixed-do (do=C, re=D, mi=E, fa=F, sol=G, la=A, si=B). Include sharps or flats when needed (e.g. do#, reb, fa#, sib). Do NOT include the octave. Reply with ONLY the syllable and accidental (if needed). Nothing else. Output only the answer.","Listen to this audio clip of a single musical note. What is the main pitch frequency, expressed in Hertz? Reply with ONLY a number (the frequency in Hz). Nothing else. Output only the answer."
reverb_long,reverb_room,"{'type': 'reverb_room', 'room_size': 0.9, 'damping': 0.4, 'wet_level': 0.6, 'dry_level': 0.4}",4083,synth_lead,instrument,83,84,0,1,0,0,B5,C6,0,0,0,si,sol#,0,0,0,84,C6,sol#,1046.57,/home/hsnu2/PitchBench/data/analysis_audio/pitchbench_e1_audio_effects/B5_synth_lead_5000ms_fx_reverb_long.wav,B5_synth_lead_5000ms_fx_reverb_long.wav,Listen to this audio clip of a single musical note. What is the MIDI note number (an integer from 0 to 127)? Reply with ONLY the integer. Nothing else. Output only the answer.,"Listen to this audio clip of a single musical note. What is the note name and octave? Reply with ONLY the note name in Scientific Pitch Notation (e.g. C4, F#3, Bb5). Nothing else. Output only the answer.","Listen to this audio clip of a single musical note. What is the solfege syllable and accidental (if needed) of this pitch? Use fixed-do (do=C, re=D, mi=E, fa=F, sol=G, la=A, si=B). Include sharps or flats when needed (e.g. do#, reb, fa#, sib). Do NOT include the octave. Reply with ONLY the syllable and accidental (if needed). Nothing else. Output only the answer.","Listen to this audio clip of a single musical note. What is the main pitch frequency, expressed in Hertz? Reply with ONLY a number (the frequency in Hz). Nothing else. Output only the answer."
chorus_heavy,chorus,"{'type': 'chorus', 'rate_hz': 1.2, 'depth': 0.9, 'mix': 0.6}",5029,synth_lead,instrument,29,65,0,0,1,0,F1,C6,0,0,0,fa,fa#,0,0,0,65,C6,solb,480,/home/hsnu2/PitchBench/data/analysis_audio/pitchbench_e1_audio_effects/F1_synth_lead_5000ms_fx_chorus_heavy.wav,F1_synth_lead_5000ms_fx_chorus_heavy.wav,Listen to this audio clip of a single musical note. What is the MIDI note number (an integer from 0 to 127)? Reply with ONLY the integer. Nothing else. Output only the answer.,"Listen to this audio clip of a single musical note. What is the note name and octave? Reply with ONLY the note name in Scientific Pitch Notation (e.g. C4, F#3, Bb5). Nothing else. Output only the answer.","Listen to this audio clip of a single musical note. What is the solfege syllable and accidental (if needed) of this pitch? Use fixed-do (do=C, re=D, mi=E, fa=F, sol=G, la=A, si=B). Include sharps or flats when needed (e.g. do#, reb, fa#, sib). Do NOT include the octave. Reply with ONLY the syllable and accidental (if needed). Nothing else. Output only the answer.","Listen to this audio clip of a single musical note. What is the main pitch frequency, expressed in Hertz? Reply with ONLY a number (the frequency in Hz). Nothing else. Output only the answer."
chorus_heavy,chorus,"{'type': 'chorus', 'rate_hz': 1.2, 'depth': 0.9, 'mix': 0.6}",5038,synth_lead,instrument,38,65,0,0,0,0,D2,C6,0,0,0,re,fa#,0,0,0,65,C6,solb,460,/home/hsnu2/PitchBench/data/analysis_audio/pitchbench_e1_audio_effects/D2_synth_lead_5000ms_fx_chorus_heavy.wav,D2_synth_lead_5000ms_fx_chorus_heavy.wav,Listen to this audio clip of a single musical note. What is the MIDI note number (an integer from 0 to 127)? Reply with ONLY the integer. Nothing else. Output only the answer.,"Listen to this audio clip of a single musical note. What is the note name and octave? Reply with ONLY the note name in Scientific Pitch Notation (e.g. C4, F#3, Bb5). Nothing else. Output only the answer.","Listen to this audio clip of a single musical note. What is the solfege syllable and accidental (if needed) of this pitch? Use fixed-do (do=C, re=D, mi=E, fa=F, sol=G, la=A, si=B). Include sharps or flats when needed (e.g. do#, reb, fa#, sib). Do NOT include the octave. Reply with ONLY the syllable and accidental (if needed). Nothing else. Output only the answer.","Listen to this audio clip of a single musical note. What is the main pitch frequency, expressed in Hertz? Reply with ONLY a number (the frequency in Hz). Nothing else. Output only the answer."
chorus_heavy,chorus,"{'type': 'chorus', 'rate_hz': 1.2, 'depth': 0.9, 'mix': 0.6}",5047,synth_lead,instrument,47,48,0,1,0,0,B2,A#6,0,0,0,si,sol#,0,0,0,48,Bb6,sol#,480,/home/hsnu2/PitchBench/data/analysis_audio/pitchbench_e1_audio_effects/B2_synth_lead_5000ms_fx_chorus_heavy.wav,B2_synth_lead_5000ms_fx_chorus_heavy.wav,Listen to this audio clip of a single musical note. What is the MIDI note number (an integer from 0 to 127)? Reply with ONLY the integer. Nothing else. Output only the answer.,"Listen to this audio clip of a single musical note. What is the note name and octave? Reply with ONLY the note name in Scientific Pitch Notation (e.g. C4, F#3, Bb5). Nothing else. Output only the answer.","Listen to this audio clip of a single musical note. What is the solfege syllable and accidental (if needed) of this pitch? Use fixed-do (do=C, re=D, mi=E, fa=F, sol=G, la=A, si=B). Include sharps or flats when needed (e.g. do#, reb, fa#, sib). Do NOT include the octave. Reply with ONLY the syllable and accidental (if needed). Nothing else. Output only the answer.","Listen to this audio clip of a single musical note. What is the main pitch frequency, expressed in Hertz? Reply with ONLY a number (the frequency in Hz). Nothing else. Output only the answer."
chorus_heavy,chorus,"{'type': 'chorus', 'rate_hz': 1.2, 'depth': 0.9, 'mix': 0.6}",5056,synth_lead,instrument,56,63,0,0,0,0,G#3,C6,0,0,0,sol#,sol#,1,0,0,63,C6,sol#,460,/home/hsnu2/PitchBench/data/analysis_audio/pitchbench_e1_audio_effects/Gs3_synth_lead_5000ms_fx_chorus_heavy.wav,Gs3_synth_lead_5000ms_fx_chorus_heavy.wav,Listen to this audio clip of a single musical note. What is the MIDI note number (an integer from 0 to 127)? Reply with ONLY the integer. Nothing else. Output only the answer.,"Listen to this audio clip of a single musical note. What is the note name and octave? Reply with ONLY the note name in Scientific Pitch Notation (e.g. C4, F#3, Bb5). Nothing else. Output only the answer.","Listen to this audio clip of a single musical note. What is the solfege syllable and accidental (if needed) of this pitch? Use fixed-do (do=C, re=D, mi=E, fa=F, sol=G, la=A, si=B). Include sharps or flats when needed (e.g. do#, reb, fa#, sib). Do NOT include the octave. Reply with ONLY the syllable and accidental (if needed). Nothing else. Output only the answer.","Listen to this audio clip of a single musical note. What is the main pitch frequency, expressed in Hertz? Reply with ONLY a number (the frequency in Hz). Nothing else. Output only the answer."
chorus_heavy,chorus,"{'type': 'chorus', 'rate_hz': 1.2, 'depth': 0.9, 'mix': 0.6}",5065,synth_lead,instrument,65,68,0,0,0,1,F4,C6,0,0,0,fa,sol,0,0,0,68,C6,sol,480,/home/hsnu2/PitchBench/data/analysis_audio/pitchbench_e1_audio_effects/F4_synth_lead_5000ms_fx_chorus_heavy.wav,F4_synth_lead_5000ms_fx_chorus_heavy.wav,Listen to this audio clip of a single musical note. What is the MIDI note number (an integer from 0 to 127)? Reply with ONLY the integer. Nothing else. Output only the answer.,"Listen to this audio clip of a single musical note. What is the note name and octave? Reply with ONLY the note name in Scientific Pitch Notation (e.g. C4, F#3, Bb5). Nothing else. Output only the answer.","Listen to this audio clip of a single musical note. What is the solfege syllable and accidental (if needed) of this pitch? Use fixed-do (do=C, re=D, mi=E, fa=F, sol=G, la=A, si=B). Include sharps or flats when needed (e.g. do#, reb, fa#, sib). Do NOT include the octave. Reply with ONLY the syllable and accidental (if needed). Nothing else. Output only the answer.","Listen to this audio clip of a single musical note. What is the main pitch frequency, expressed in Hertz? Reply with ONLY a number (the frequency in Hz). Nothing else. Output only the answer."
chorus_heavy,chorus,"{'type': 'chorus', 'rate_hz': 1.2, 'depth': 0.9, 'mix': 0.6}",5074,synth_lead,instrument,74,69,0,0,0,0,D5,C6,0,0,0,re,sol,0,0,0,69,C6,sol,480,/home/hsnu2/PitchBench/data/analysis_audio/pitchbench_e1_audio_effects/D5_synth_lead_5000ms_fx_chorus_heavy.wav,D5_synth_lead_5000ms_fx_chorus_heavy.wav,Listen to this audio clip of a single musical note. What is the MIDI note number (an integer from 0 to 127)? Reply with ONLY the integer. Nothing else. Output only the answer.,"Listen to this audio clip of a single musical note. What is the note name and octave? Reply with ONLY the note name in Scientific Pitch Notation (e.g. C4, F#3, Bb5). Nothing else. Output only the answer.","Listen to this audio clip of a single musical note. What is the solfege syllable and accidental (if needed) of this pitch? Use fixed-do (do=C, re=D, mi=E, fa=F, sol=G, la=A, si=B). Include sharps or flats when needed (e.g. do#, reb, fa#, sib). Do NOT include the octave. Reply with ONLY the syllable and accidental (if needed). Nothing else. Output only the answer.","Listen to this audio clip of a single musical note. What is the main pitch frequency, expressed in Hertz? Reply with ONLY a number (the frequency in Hz). Nothing else. Output only the answer."
chorus_heavy,chorus,"{'type': 'chorus', 'rate_hz': 1.2, 'depth': 0.9, 'mix': 0.6}",5083,synth_lead,instrument,83,69,0,0,0,0,B5,C6,0,0,0,si,sol#,0,0,0,69,C6,sol#,480,/home/hsnu2/PitchBench/data/analysis_audio/pitchbench_e1_audio_effects/B5_synth_lead_5000ms_fx_chorus_heavy.wav,B5_synth_lead_5000ms_fx_chorus_heavy.wav,Listen to this audio clip of a single musical note. What is the MIDI note number (an integer from 0 to 127)? Reply with ONLY the integer. Nothing else. Output only the answer.,"Listen to this audio clip of a single musical note. What is the note name and octave? Reply with ONLY the note name in Scientific Pitch Notation (e.g. C4, F#3, Bb5). Nothing else. Output only the answer.","Listen to this audio clip of a single musical note. What is the solfege syllable and accidental (if needed) of this pitch? Use fixed-do (do=C, re=D, mi=E, fa=F, sol=G, la=A, si=B). Include sharps or flats when needed (e.g. do#, reb, fa#, sib). Do NOT include the octave. Reply with ONLY the syllable and accidental (if needed). Nothing else. Output only the answer.","Listen to this audio clip of a single musical note. What is the main pitch frequency, expressed in Hertz? Reply with ONLY a number (the frequency in Hz). Nothing else. Output only the answer."
highpass_above_f0,highpass,"{'type': 'highpass', 'cutoff_ratio': 1.5, 'order': 6}",29,cello,instrument,29,34,0,0,0,1,F1,A#2,0,0,0,fa,fa#,0,0,0,34,Bb2,solb,105.26,/home/hsnu2/PitchBench/data/analysis_audio/pitchbench_e1_audio_effects/F1_cello_5000ms_fx_highpass_above_f0.wav,F1_cello_5000ms_fx_highpass_above_f0.wav,Listen to this audio clip of a single musical note. What is the MIDI note number (an integer from 0 to 127)? Reply with ONLY the integer. Nothing else. Output only the answer.,"Listen to this audio clip of a single musical note. What is the note name and octave? Reply with ONLY the note name in Scientific Pitch Notation (e.g. C4, F#3, Bb5). Nothing else. Output only the answer.","Listen to this audio clip of a single musical note. What is the solfege syllable and accidental (if needed) of this pitch? Use fixed-do (do=C, re=D, mi=E, fa=F, sol=G, la=A, si=B). Include sharps or flats when needed (e.g. do#, reb, fa#, sib). Do NOT include the octave. Reply with ONLY the syllable and accidental (if needed). Nothing else. Output only the answer.","Listen to this audio clip of a single musical note. What is the main pitch frequency, expressed in Hertz? Reply with ONLY a number (the frequency in Hz). Nothing else. Output only the answer."
highpass_above_f0,highpass,"{'type': 'highpass', 'cutoff_ratio': 1.5, 'order': 6}",38,cello,instrument,38,36,0,0,0,1,D2,C2,0,0,1,re,re,1,0,0,36,C2,re,48,/home/hsnu2/PitchBench/data/analysis_audio/pitchbench_e1_audio_effects/D2_cello_5000ms_fx_highpass_above_f0.wav,D2_cello_5000ms_fx_highpass_above_f0.wav,Listen to this audio clip of a single musical note. What is the MIDI note number (an integer from 0 to 127)? Reply with ONLY the integer. Nothing else. Output only the answer.,"Listen to this audio clip of a single musical note. What is the note name and octave? Reply with ONLY the note name in Scientific Pitch Notation (e.g. C4, F#3, Bb5). Nothing else. Output only the answer.","Listen to this audio clip of a single musical note. What is the solfege syllable and accidental (if needed) of this pitch? Use fixed-do (do=C, re=D, mi=E, fa=F, sol=G, la=A, si=B). Include sharps or flats when needed (e.g. do#, reb, fa#, sib). Do NOT include the octave. Reply with ONLY the syllable and accidental (if needed). Nothing else. Output only the answer.","Listen to this audio clip of a single musical note. What is the main pitch frequency, expressed in Hertz? Reply with ONLY a number (the frequency in Hz). Nothing else. Output only the answer."
highpass_above_f0,highpass,"{'type': 'highpass', 'cutoff_ratio': 1.5, 'order': 6}",47,cello,instrument,47,43,0,0,0,1,B2,A#2,0,0,1,si,sol,0,0,0,43,Bb2,sol,435.0,/home/hsnu2/PitchBench/data/analysis_audio/pitchbench_e1_audio_effects/B2_cello_5000ms_fx_highpass_above_f0.wav,B2_cello_5000ms_fx_highpass_above_f0.wav,Listen to this audio clip of a single musical note. What is the MIDI note number (an integer from 0 to 127)? Reply with ONLY the integer. Nothing else. Output only the answer.,"Listen to this audio clip of a single musical note. What is the note name and octave? Reply with ONLY the note name in Scientific Pitch Notation (e.g. C4, F#3, Bb5). Nothing else. Output only the answer.","Listen to this audio clip of a single musical note. What is the solfege syllable and accidental (if needed) of this pitch? Use fixed-do (do=C, re=D, mi=E, fa=F, sol=G, la=A, si=B). Include sharps or flats when needed (e.g. do#, reb, fa#, sib). Do NOT include the octave. Reply with ONLY the syllable and accidental (if needed). Nothing else. Output only the answer.","Listen to this audio clip of a single musical note. What is the main pitch frequency, expressed in Hertz? Reply with ONLY a number (the frequency in Hz). Nothing else. Output only the answer."
highpass_above_f0,highpass,"{'type': 'highpass', 'cutoff_ratio': 1.5, 'order': 6}",56,cello,instrument,56,56,1,1,1,1,G#3,C4,0,0,0,sol#,sol,0,0,1,56,C4,sol,435,/home/hsnu2/PitchBench/data/analysis_audio/pitchbench_e1_audio_effects/Gs3_cello_5000ms_fx_highpass_above_f0.wav,Gs3_cello_5000ms_fx_highpass_above_f0.wav,Listen to this audio clip of a single musical note. What is the MIDI note number (an integer from 0 to 127)? Reply with ONLY the integer. Nothing else. Output only the answer.,"Listen to this audio clip of a single musical note. What is the note name and octave? Reply with ONLY the note name in Scientific Pitch Notation (e.g. C4, F#3, Bb5). Nothing else. Output only the answer.","Listen to this audio clip of a single musical note. What is the solfege syllable and accidental (if needed) of this pitch? Use fixed-do (do=C, re=D, mi=E, fa=F, sol=G, la=A, si=B). Include sharps or flats when needed (e.g. do#, reb, fa#, sib). Do NOT include the octave. Reply with ONLY the syllable and accidental (if needed). Nothing else. Output only the answer.","Listen to this audio clip of a single musical note. What is the main pitch frequency, expressed in Hertz? Reply with ONLY a number (the frequency in Hz). Nothing else. Output only the answer."
highpass_above_f0,highpass,"{'type': 'highpass', 'cutoff_ratio': 1.5, 'order': 6}",65,cello,instrument,65,65,1,1,1,1,F4,C4,0,0,1,fa,sol,0,0,1,65,C4,sol,659.32,/home/hsnu2/PitchBench/data/analysis_audio/pitchbench_e1_audio_effects/F4_cello_5000ms_fx_highpass_above_f0.wav,F4_cello_5000ms_fx_highpass_above_f0.wav,Listen to this audio clip of a single musical note. What is the MIDI note number (an integer from 0 to 127)? Reply with ONLY the integer. Nothing else. Output only the answer.,"Listen to this audio clip of a single musical note. What is the note name and octave? Reply with ONLY the note name in Scientific Pitch Notation (e.g. C4, F#3, Bb5). Nothing else. Output only the answer.","Listen to this audio clip of a single musical note. What is the solfege syllable and accidental (if needed) of this pitch? Use fixed-do (do=C, re=D, mi=E, fa=F, sol=G, la=A, si=B). Include sharps or flats when needed (e.g. do#, reb, fa#, sib). Do NOT include the octave. Reply with ONLY the syllable and accidental (if needed). Nothing else. Output only the answer.","Listen to this audio clip of a single musical note. What is the main pitch frequency, expressed in Hertz? Reply with ONLY a number (the frequency in Hz). Nothing else. Output only the answer."
highpass_above_f0,highpass,"{'type': 'highpass', 'cutoff_ratio': 1.5, 'order': 6}",74,cello,instrument,74,62,0,0,1,0,D5,C6,0,0,0,re,sol,0,0,0,62,C6,sol,6250,/home/hsnu2/PitchBench/data/analysis_audio/pitchbench_e1_audio_effects/D5_cello_5000ms_fx_highpass_above_f0.wav,D5_cello_5000ms_fx_highpass_above_f0.wav,Listen to this audio clip of a single musical note. What is the MIDI note number (an integer from 0 to 127)? Reply with ONLY the integer. Nothing else. Output only the answer.,"Listen to this audio clip of a single musical note. What is the note name and octave? Reply with ONLY the note name in Scientific Pitch Notation (e.g. C4, F#3, Bb5). Nothing else. Output only the answer.","Listen to this audio clip of a single musical note. What is the solfege syllable and accidental (if needed) of this pitch? Use fixed-do (do=C, re=D, mi=E, fa=F, sol=G, la=A, si=B). Include sharps or flats when needed (e.g. do#, reb, fa#, sib). Do NOT include the octave. Reply with ONLY the syllable and accidental (if needed). Nothing else. Output only the answer.","Listen to this audio clip of a single musical note. What is the main pitch frequency, expressed in Hertz? Reply with ONLY a number (the frequency in Hz). Nothing else. Output only the answer."
highpass_above_f0,highpass,"{'type': 'highpass', 'cutoff_ratio': 1.5, 'order': 6}",83,cello,instrument,83,83,1,1,1,1,B5,B4,0,1,0,si,sol,0,0,1,83,B4,sol,840,/home/hsnu2/PitchBench/data/analysis_audio/pitchbench_e1_audio_effects/B5_cello_5000ms_fx_highpass_above_f0.wav,B5_cello_5000ms_fx_highpass_above_f0.wav,Listen to this audio clip of a single musical note. What is the MIDI note number (an integer from 0 to 127)? Reply with ONLY the integer. Nothing else. Output only the answer.,"Listen to this audio clip of a single musical note. What is the note name and octave? Reply with ONLY the note name in Scientific Pitch Notation (e.g. C4, F#3, Bb5). Nothing else. Output only the answer.","Listen to this audio clip of a single musical note. What is the solfege syllable and accidental (if needed) of this pitch? Use fixed-do (do=C, re=D, mi=E, fa=F, sol=G, la=A, si=B). Include sharps or flats when needed (e.g. do#, reb, fa#, sib). Do NOT include the octave. Reply with ONLY the syllable and accidental (if needed). Nothing else. Output only the answer.","Listen to this audio clip of a single musical note. What is the main pitch frequency, expressed in Hertz? Reply with ONLY a number (the frequency in Hz). Nothing else. Output only the answer."
lowpass_at_f0,lowpass,"{'type': 'lowpass', 'cutoff_ratio': 1.2, 'order': 6}",1029,cello,instrument,29,35,0,0,0,1,F1,C2,0,0,0,fa,fa#,0,0,0,35,C2,solb,250,/home/hsnu2/PitchBench/data/analysis_audio/pitchbench_e1_audio_effects/F1_cello_5000ms_fx_lowpass_at_f0.wav,F1_cello_5000ms_fx_lowpass_at_f0.wav,Listen to this audio clip of a single musical note. What is the MIDI note number (an integer from 0 to 127)? Reply with ONLY the integer. Nothing else. Output only the answer.,"Listen to this audio clip of a single musical note. What is the note name and octave? Reply with ONLY the note name in Scientific Pitch Notation (e.g. C4, F#3, Bb5). Nothing else. Output only the answer.","Listen to this audio clip of a single musical note. What is the solfege syllable and accidental (if needed) of this pitch? Use fixed-do (do=C, re=D, mi=E, fa=F, sol=G, la=A, si=B). Include sharps or flats when needed (e.g. do#, reb, fa#, sib). Do NOT include the octave. Reply with ONLY the syllable and accidental (if needed). Nothing else. Output only the answer.","Listen to this audio clip of a single musical note. What is the main pitch frequency, expressed in Hertz? Reply with ONLY a number (the frequency in Hz). Nothing else. Output only the answer."
lowpass_at_f0,lowpass,"{'type': 'lowpass', 'cutoff_ratio': 1.2, 'order': 6}",1038,cello,instrument,38,43,0,0,0,1,D2,C2,0,0,1,re,fa#,0,0,0,43,C2,solb,105.26,/home/hsnu2/PitchBench/data/analysis_audio/pitchbench_e1_audio_effects/D2_cello_5000ms_fx_lowpass_at_f0.wav,D2_cello_5000ms_fx_lowpass_at_f0.wav,Listen to this audio clip of a single musical note. What is the MIDI note number (an integer from 0 to 127)? Reply with ONLY the integer. Nothing else. Output only the answer.,"Listen to this audio clip of a single musical note. What is the note name and octave? Reply with ONLY the note name in Scientific Pitch Notation (e.g. C4, F#3, Bb5). Nothing else. Output only the answer.","Listen to this audio clip of a single musical note. What is the solfege syllable and accidental (if needed) of this pitch? Use fixed-do (do=C, re=D, mi=E, fa=F, sol=G, la=A, si=B). Include sharps or flats when needed (e.g. do#, reb, fa#, sib). Do NOT include the octave. Reply with ONLY the syllable and accidental (if needed). Nothing else. Output only the answer.","Listen to this audio clip of a single musical note. What is the main pitch frequency, expressed in Hertz? Reply with ONLY a number (the frequency in Hz). Nothing else. Output only the answer."
lowpass_at_f0,lowpass,"{'type': 'lowpass', 'cutoff_ratio': 1.2, 'order': 6}",1047,cello,instrument,47,45,0,0,0,1,B2,C2,0,0,1,si,fa#,0,0,0,45,C2,solb,105.26,/home/hsnu2/PitchBench/data/analysis_audio/pitchbench_e1_audio_effects/B2_cello_5000ms_fx_lowpass_at_f0.wav,B2_cello_5000ms_fx_lowpass_at_f0.wav,Listen to this audio clip of a single musical note. What is the MIDI note number (an integer from 0 to 127)? Reply with ONLY the integer. Nothing else. Output only the answer.,"Listen to this audio clip of a single musical note. What is the note name and octave? Reply with ONLY the note name in Scientific Pitch Notation (e.g. C4, F#3, Bb5). Nothing else. Output only the answer.","Listen to this audio clip of a single musical note. What is the solfege syllable and accidental (if needed) of this pitch? Use fixed-do (do=C, re=D, mi=E, fa=F, sol=G, la=A, si=B). Include sharps or flats when needed (e.g. do#, reb, fa#, sib). Do NOT include the octave. Reply with ONLY the syllable and accidental (if needed). Nothing else. Output only the answer.","Listen to this audio clip of a single musical note. What is the main pitch frequency, expressed in Hertz? Reply with ONLY a number (the frequency in Hz). Nothing else. Output only the answer."
lowpass_at_f0,lowpass,"{'type': 'lowpass', 'cutoff_ratio': 1.2, 'order': 6}",1056,cello,instrument,56,43,0,0,0,0,G#3,C4,0,0,0,sol#,fa#,0,0,0,43,C4,solb,107.65,/home/hsnu2/PitchBench/data/analysis_audio/pitchbench_e1_audio_effects/Gs3_cello_5000ms_fx_lowpass_at_f0.wav,Gs3_cello_5000ms_fx_lowpass_at_f0.wav,Listen to this audio clip of a single musical note. What is the MIDI note number (an integer from 0 to 127)? Reply with ONLY the integer. Nothing else. Output only the answer.,"Listen to this audio clip of a single musical note. What is the note name and octave? Reply with ONLY the note name in Scientific Pitch Notation (e.g. C4, F#3, Bb5). Nothing else. Output only the answer.","Listen to this audio clip of a single musical note. What is the solfege syllable and accidental (if needed) of this pitch? Use fixed-do (do=C, re=D, mi=E, fa=F, sol=G, la=A, si=B). Include sharps or flats when needed (e.g. do#, reb, fa#, sib). Do NOT include the octave. Reply with ONLY the syllable and accidental (if needed). Nothing else. Output only the answer.","Listen to this audio clip of a single musical note. What is the main pitch frequency, expressed in Hertz? Reply with ONLY a number (the frequency in Hz). Nothing else. Output only the answer."
lowpass_at_f0,lowpass,"{'type': 'lowpass', 'cutoff_ratio': 1.2, 'order': 6}",1065,cello,instrument,65,65,1,1,1,1,F4,C6,0,0,0,fa,fa#,0,0,1,65,C6,solb,480,/home/hsnu2/PitchBench/data/analysis_audio/pitchbench_e1_audio_effects/F4_cello_5000ms_fx_lowpass_at_f0.wav,F4_cello_5000ms_fx_lowpass_at_f0.wav,Listen to this audio clip of a single musical note. What is the MIDI note number (an integer from 0 to 127)? Reply with ONLY the integer. Nothing else. Output only the answer.,"Listen to this audio clip of a single musical note. What is the note name and octave? Reply with ONLY the note name in Scientific Pitch Notation (e.g. C4, F#3, Bb5). Nothing else. Output only the answer.","Listen to this audio clip of a single musical note. What is the solfege syllable and accidental (if needed) of this pitch? Use fixed-do (do=C, re=D, mi=E, fa=F, sol=G, la=A, si=B). Include sharps or flats when needed (e.g. do#, reb, fa#, sib). Do NOT include the octave. Reply with ONLY the syllable and accidental (if needed). Nothing else. Output only the answer.","Listen to this audio clip of a single musical note. What is the main pitch frequency, expressed in Hertz? Reply with ONLY a number (the frequency in Hz). Nothing else. Output only the answer."
lowpass_at_f0,lowpass,"{'type': 'lowpass', 'cutoff_ratio': 1.2, 'order': 6}",1074,cello,instrument,74,69,0,0,0,0,D5,C6,0,0,0,re,fa#,0,0,0,69,C6,solb,1075.0,/home/hsnu2/PitchBench/data/analysis_audio/pitchbench_e1_audio_effects/D5_cello_5000ms_fx_lowpass_at_f0.wav,D5_cello_5000ms_fx_lowpass_at_f0.wav,Listen to this audio clip of a single musical note. What is the MIDI note number (an integer from 0 to 127)? Reply with ONLY the integer. Nothing else. Output only the answer.,"Listen to this audio clip of a single musical note. What is the note name and octave? Reply with ONLY the note name in Scientific Pitch Notation (e.g. C4, F#3, Bb5). Nothing else. Output only the answer.","Listen to this audio clip of a single musical note. What is the solfege syllable and accidental (if needed) of this pitch? Use fixed-do (do=C, re=D, mi=E, fa=F, sol=G, la=A, si=B). Include sharps or flats when needed (e.g. do#, reb, fa#, sib). Do NOT include the octave. Reply with ONLY the syllable and accidental (if needed). Nothing else. Output only the answer.","Listen to this audio clip of a single musical note. What is the main pitch frequency, expressed in Hertz? Reply with ONLY a number (the frequency in Hz). Nothing else. Output only the answer."
lowpass_at_f0,lowpass,"{'type': 'lowpass', 'cutoff_ratio': 1.2, 'order': 6}",1083,cello,instrument,83,84,0,1,0,0,B5,C6,0,0,0,si,fa#,0,0,0,84,C6,solb,1034.52,/home/hsnu2/PitchBench/data/analysis_audio/pitchbench_e1_audio_effects/B5_cello_5000ms_fx_lowpass_at_f0.wav,B5_cello_5000ms_fx_lowpass_at_f0.wav,Listen to this audio clip of a single musical note. What is the MIDI note number (an integer from 0 to 127)? Reply with ONLY the integer. Nothing else. Output only the answer.,"Listen to this audio clip of a single musical note. What is the note name and octave? Reply with ONLY the note name in Scientific Pitch Notation (e.g. C4, F#3, Bb5). Nothing else. Output only the answer.","Listen to this audio clip of a single musical note. What is the solfege syllable and accidental (if needed) of this pitch? Use fixed-do (do=C, re=D, mi=E, fa=F, sol=G, la=A, si=B). Include sharps or flats when needed (e.g. do#, reb, fa#, sib). Do NOT include the octave. Reply with ONLY the syllable and accidental (if needed). Nothing else. Output only the answer.","Listen to this audio clip of a single musical note. What is the main pitch frequency, expressed in Hertz? Reply with ONLY a number (the frequency in Hz). Nothing else. Output only the answer."
bitcrush_4bit,bitcrush,"{'type': 'bitcrush', 'bit_depth': 4}",2029,cello,instrument,29,64,0,0,0,0,F1,C6,0,0,0,fa,fa#,0,0,0,64,C6,solb,150.0,/home/hsnu2/PitchBench/data/analysis_audio/pitchbench_e1_audio_effects/F1_cello_5000ms_fx_bitcrush_4bit.wav,F1_cello_5000ms_fx_bitcrush_4bit.wav,Listen to this audio clip of a single musical note. What is the MIDI note number (an integer from 0 to 127)? Reply with ONLY the integer. Nothing else. Output only the answer.,"Listen to this audio clip of a single musical note. What is the note name and octave? Reply with ONLY the note name in Scientific Pitch Notation (e.g. C4, F#3, Bb5). Nothing else. Output only the answer.","Listen to this audio clip of a single musical note. What is the solfege syllable and accidental (if needed) of this pitch? Use fixed-do (do=C, re=D, mi=E, fa=F, sol=G, la=A, si=B). Include sharps or flats when needed (e.g. do#, reb, fa#, sib). Do NOT include the octave. Reply with ONLY the syllable and accidental (if needed). Nothing else. Output only the answer.","Listen to this audio clip of a single musical note. What is the main pitch frequency, expressed in Hertz? Reply with ONLY a number (the frequency in Hz). Nothing else. Output only the answer."
bitcrush_4bit,bitcrush,"{'type': 'bitcrush', 'bit_depth': 4}",2038,cello,instrument,38,64,0,0,0,0,D2,C6,0,0,0,re,fa#,0,0,0,64,C6,solb,1054.87,/home/hsnu2/PitchBench/data/analysis_audio/pitchbench_e1_audio_effects/D2_cello_5000ms_fx_bitcrush_4bit.wav,D2_cello_5000ms_fx_bitcrush_4bit.wav,Listen to this audio clip of a single musical note. What is the MIDI note number (an integer from 0 to 127)? Reply with ONLY the integer. Nothing else. Output only the answer.,"Listen to this audio clip of a single musical note. What is the note name and octave? Reply with ONLY the note name in Scientific Pitch Notation (e.g. C4, F#3, Bb5). Nothing else. Output only the answer.","Listen to this audio clip of a single musical note. What is the solfege syllable and accidental (if needed) of this pitch? Use fixed-do (do=C, re=D, mi=E, fa=F, sol=G, la=A, si=B). Include sharps or flats when needed (e.g. do#, reb, fa#, sib). Do NOT include the octave. Reply with ONLY the syllable and accidental (if needed). Nothing else. Output only the answer.","Listen to this audio clip of a single musical note. What is the main pitch frequency, expressed in Hertz? Reply with ONLY a number (the frequency in Hz). Nothing else. Output only the answer."
bitcrush_4bit,bitcrush,"{'type': 'bitcrush', 'bit_depth': 4}",2047,cello,instrument,47,48,0,1,0,0,B2,C6,0,0,0,si,fa#,0,0,0,48,C6,solb,1650.0,/home/hsnu2/PitchBench/data/analysis_audio/pitchbench_e1_audio_effects/B2_cello_5000ms_fx_bitcrush_4bit.wav,B2_cello_5000ms_fx_bitcrush_4bit.wav,Listen to this audio clip of a single musical note. What is the MIDI note number (an integer from 0 to 127)? Reply with ONLY the integer. Nothing else. Output only the answer.,"Listen to this audio clip of a single musical note. What is the note name and octave? Reply with ONLY the note name in Scientific Pitch Notation (e.g. C4, F#3, Bb5). Nothing else. Output only the answer.","Listen to this audio clip of a single musical note. What is the solfege syllable and accidental (if needed) of this pitch? Use fixed-do (do=C, re=D, mi=E, fa=F, sol=G, la=A, si=B). Include sharps or flats when needed (e.g. do#, reb, fa#, sib). Do NOT include the octave. Reply with ONLY the syllable and accidental (if needed). Nothing else. Output only the answer.","Listen to this audio clip of a single musical note. What is the main pitch frequency, expressed in Hertz? Reply with ONLY a number (the frequency in Hz). Nothing else. Output only the answer."
bitcrush_4bit,bitcrush,"{'type': 'bitcrush', 'bit_depth': 4}",2056,cello,instrument,56,43,0,0,0,0,G#3,C6,0,0,0,sol#,fa#,0,0,0,43,C6,solb,1680,/home/hsnu2/PitchBench/data/analysis_audio/pitchbench_e1_audio_effects/Gs3_cello_5000ms_fx_bitcrush_4bit.wav,Gs3_cello_5000ms_fx_bitcrush_4bit.wav,Listen to this audio clip of a single musical note. What is the MIDI note number (an integer from 0 to 127)? Reply with ONLY the integer. Nothing else. Output only the answer.,"Listen to this audio clip of a single musical note. What is the note name and octave? Reply with ONLY the note name in Scientific Pitch Notation (e.g. C4, F#3, Bb5). Nothing else. Output only the answer.","Listen to this audio clip of a single musical note. What is the solfege syllable and accidental (if needed) of this pitch? Use fixed-do (do=C, re=D, mi=E, fa=F, sol=G, la=A, si=B). Include sharps or flats when needed (e.g. do#, reb, fa#, sib). Do NOT include the octave. Reply with ONLY the syllable and accidental (if needed). Nothing else. Output only the answer.","Listen to this audio clip of a single musical note. What is the main pitch frequency, expressed in Hertz? Reply with ONLY a number (the frequency in Hz). Nothing else. Output only the answer."
bitcrush_4bit,bitcrush,"{'type': 'bitcrush', 'bit_depth': 4}",2065,cello,instrument,65,65,1,1,1,1,F4,C6,0,0,0,fa,sol,0,0,1,65,C6,sol,450,/home/hsnu2/PitchBench/data/analysis_audio/pitchbench_e1_audio_effects/F4_cello_5000ms_fx_bitcrush_4bit.wav,F4_cello_5000ms_fx_bitcrush_4bit.wav,Listen to this audio clip of a single musical note. What is the MIDI note number (an integer from 0 to 127)? Reply with ONLY the integer. Nothing else. Output only the answer.,"Listen to this audio clip of a single musical note. What is the note name and octave? Reply with ONLY the note name in Scientific Pitch Notation (e.g. C4, F#3, Bb5). Nothing else. Output only the answer.","Listen to this audio clip of a single musical note. What is the solfege syllable and accidental (if needed) of this pitch? Use fixed-do (do=C, re=D, mi=E, fa=F, sol=G, la=A, si=B). Include sharps or flats when needed (e.g. do#, reb, fa#, sib). Do NOT include the octave. Reply with ONLY the syllable and accidental (if needed). Nothing else. Output only the answer.","Listen to this audio clip of a single musical note. What is the main pitch frequency, expressed in Hertz? Reply with ONLY a number (the frequency in Hz). Nothing else. Output only the answer."
bitcrush_4bit,bitcrush,"{'type': 'bitcrush', 'bit_depth': 4}",2074,cello,instrument,74,69,0,0,0,0,D5,C6,0,0,0,re,sol,0,0,0,69,C6,sol,493.88,/home/hsnu2/PitchBench/data/analysis_audio/pitchbench_e1_audio_effects/D5_cello_5000ms_fx_bitcrush_4bit.wav,D5_cello_5000ms_fx_bitcrush_4bit.wav,Listen to this audio clip of a single musical note. What is the MIDI note number (an integer from 0 to 127)? Reply with ONLY the integer. Nothing else. Output only the answer.,"Listen to this audio clip of a single musical note. What is the note name and octave? Reply with ONLY the note name in Scientific Pitch Notation (e.g. C4, F#3, Bb5). Nothing else. Output only the answer.","Listen to this audio clip of a single musical note. What is the solfege syllable and accidental (if needed) of this pitch? Use fixed-do (do=C, re=D, mi=E, fa=F, sol=G, la=A, si=B). Include sharps or flats when needed (e.g. do#, reb, fa#, sib). Do NOT include the octave. Reply with ONLY the syllable and accidental (if needed). Nothing else. Output only the answer.","Listen to this audio clip of a single musical note. What is the main pitch frequency, expressed in Hertz? Reply with ONLY a number (the frequency in Hz). Nothing else. Output only the answer."
bitcrush_4bit,bitcrush,"{'type': 'bitcrush', 'bit_depth': 4}",2083,cello,instrument,83,63,0,0,0,0,B5,C6,0,0,0,si,sol,0,0,0,63,C6,sol,415.30,/home/hsnu2/PitchBench/data/analysis_audio/pitchbench_e1_audio_effects/B5_cello_5000ms_fx_bitcrush_4bit.wav,B5_cello_5000ms_fx_bitcrush_4bit.wav,Listen to this audio clip of a single musical note. What is the MIDI note number (an integer from 0 to 127)? Reply with ONLY the integer. Nothing else. Output only the answer.,"Listen to this audio clip of a single musical note. What is the note name and octave? Reply with ONLY the note name in Scientific Pitch Notation (e.g. C4, F#3, Bb5). Nothing else. Output only the answer.","Listen to this audio clip of a single musical note. What is the solfege syllable and accidental (if needed) of this pitch? Use fixed-do (do=C, re=D, mi=E, fa=F, sol=G, la=A, si=B). Include sharps or flats when needed (e.g. do#, reb, fa#, sib). Do NOT include the octave. Reply with ONLY the syllable and accidental (if needed). Nothing else. Output only the answer.","Listen to this audio clip of a single musical note. What is the main pitch frequency, expressed in Hertz? Reply with ONLY a number (the frequency in Hz). Nothing else. Output only the answer."
distortion_heavy,saturation,"{'type': 'saturation', 'drive_db': 30.0}",3029,cello,instrument,29,48,0,0,0,0,F1,A#2,0,0,0,fa,sol,0,0,0,48,Bb2,sol,107.85,/home/hsnu2/PitchBench/data/analysis_audio/pitchbench_e1_audio_effects/F1_cello_5000ms_fx_distortion_heavy.wav,F1_cello_5000ms_fx_distortion_heavy.wav,Listen to this audio clip of a single musical note. What is the MIDI note number (an integer from 0 to 127)? Reply with ONLY the integer. Nothing else. Output only the answer.,"Listen to this audio clip of a single musical note. What is the note name and octave? Reply with ONLY the note name in Scientific Pitch Notation (e.g. C4, F#3, Bb5). Nothing else. Output only the answer.","Listen to this audio clip of a single musical note. What is the solfege syllable and accidental (if needed) of this pitch? Use fixed-do (do=C, re=D, mi=E, fa=F, sol=G, la=A, si=B). Include sharps or flats when needed (e.g. do#, reb, fa#, sib). Do NOT include the octave. Reply with ONLY the syllable and accidental (if needed). Nothing else. Output only the answer.","Listen to this audio clip of a single musical note. What is the main pitch frequency, expressed in Hertz? Reply with ONLY a number (the frequency in Hz). Nothing else. Output only the answer."
distortion_heavy,saturation,"{'type': 'saturation', 'drive_db': 30.0}",3038,cello,instrument,38,45,0,0,0,1,D2,C4,0,0,0,re,fa#,0,0,0,45,C4,solb,166.67,/home/hsnu2/PitchBench/data/analysis_audio/pitchbench_e1_audio_effects/D2_cello_5000ms_fx_distortion_heavy.wav,D2_cello_5000ms_fx_distortion_heavy.wav,Listen to this audio clip of a single musical note. What is the MIDI note number (an integer from 0 to 127)? Reply with ONLY the integer. Nothing else. Output only the answer.,"Listen to this audio clip of a single musical note. What is the note name and octave? Reply with ONLY the note name in Scientific Pitch Notation (e.g. C4, F#3, Bb5). Nothing else. Output only the answer.","Listen to this audio clip of a single musical note. What is the solfege syllable and accidental (if needed) of this pitch? Use fixed-do (do=C, re=D, mi=E, fa=F, sol=G, la=A, si=B). Include sharps or flats when needed (e.g. do#, reb, fa#, sib). Do NOT include the octave. Reply with ONLY the syllable and accidental (if needed). Nothing else. Output only the answer.","Listen to this audio clip of a single musical note. What is the main pitch frequency, expressed in Hertz? Reply with ONLY a number (the frequency in Hz). Nothing else. Output only the answer."
distortion_heavy,saturation,"{'type': 'saturation', 'drive_db': 30.0}",3047,cello,instrument,47,48,0,1,0,0,B2,C6,0,0,0,si,fa#,0,0,0,48,C6,solb,166.67,/home/hsnu2/PitchBench/data/analysis_audio/pitchbench_e1_audio_effects/B2_cello_5000ms_fx_distortion_heavy.wav,B2_cello_5000ms_fx_distortion_heavy.wav,Listen to this audio clip of a single musical note. What is the MIDI note number (an integer from 0 to 127)? Reply with ONLY the integer. Nothing else. Output only the answer.,"Listen to this audio clip of a single musical note. What is the note name and octave? Reply with ONLY the note name in Scientific Pitch Notation (e.g. C4, F#3, Bb5). Nothing else. Output only the answer.","Listen to this audio clip of a single musical note. What is the solfege syllable and accidental (if needed) of this pitch? Use fixed-do (do=C, re=D, mi=E, fa=F, sol=G, la=A, si=B). Include sharps or flats when needed (e.g. do#, reb, fa#, sib). Do NOT include the octave. Reply with ONLY the syllable and accidental (if needed). Nothing else. Output only the answer.","Listen to this audio clip of a single musical note. What is the main pitch frequency, expressed in Hertz? Reply with ONLY a number (the frequency in Hz). Nothing else. Output only the answer."
distortion_heavy,saturation,"{'type': 'saturation', 'drive_db': 30.0}",3056,cello,instrument,56,56,1,1,1,1,G#3,,0,0,0,sol#,sol#,1,0,1,56,A minor 6th above middle A,sol#,1054.72,/home/hsnu2/PitchBench/data/analysis_audio/pitchbench_e1_audio_effects/Gs3_cello_5000ms_fx_distortion_heavy.wav,Gs3_cello_5000ms_fx_distortion_heavy.wav,Listen to this audio clip of a single musical note. What is the MIDI note number (an integer from 0 to 127)? Reply with ONLY the integer. Nothing else. Output only the answer.,"Listen to this audio clip of a single musical note. What is the note name and octave? Reply with ONLY the note name in Scientific Pitch Notation (e.g. C4, F#3, Bb5). Nothing else. Output only the answer.","Listen to this audio clip of a single musical note. What is the solfege syllable and accidental (if needed) of this pitch? Use fixed-do (do=C, re=D, mi=E, fa=F, sol=G, la=A, si=B). Include sharps or flats when needed (e.g. do#, reb, fa#, sib). Do NOT include the octave. Reply with ONLY the syllable and accidental (if needed). Nothing else. Output only the answer.","Listen to this audio clip of a single musical note. What is the main pitch frequency, expressed in Hertz? Reply with ONLY a number (the frequency in Hz). Nothing else. Output only the answer."
distortion_heavy,saturation,"{'type': 'saturation', 'drive_db': 30.0}",3065,cello,instrument,65,69,0,0,0,1,F4,F#6,0,0,0,fa,sol#,0,0,0,69,F#6,sol#,408,/home/hsnu2/PitchBench/data/analysis_audio/pitchbench_e1_audio_effects/F4_cello_5000ms_fx_distortion_heavy.wav,F4_cello_5000ms_fx_distortion_heavy.wav,Listen to this audio clip of a single musical note. What is the MIDI note number (an integer from 0 to 127)? Reply with ONLY the integer. Nothing else. Output only the answer.,"Listen to this audio clip of a single musical note. What is the note name and octave? Reply with ONLY the note name in Scientific Pitch Notation (e.g. C4, F#3, Bb5). Nothing else. Output only the answer.","Listen to this audio clip of a single musical note. What is the solfege syllable and accidental (if needed) of this pitch? Use fixed-do (do=C, re=D, mi=E, fa=F, sol=G, la=A, si=B). Include sharps or flats when needed (e.g. do#, reb, fa#, sib). Do NOT include the octave. Reply with ONLY the syllable and accidental (if needed). Nothing else. Output only the answer.","Listen to this audio clip of a single musical note. What is the main pitch frequency, expressed in Hertz? Reply with ONLY a number (the frequency in Hz). Nothing else. Output only the answer."
distortion_heavy,saturation,"{'type': 'saturation', 'drive_db': 30.0}",3074,cello,instrument,74,69,0,0,0,0,D5,D6,0,1,0,re,sol,0,0,0,69,D6,sol,6250,/home/hsnu2/PitchBench/data/analysis_audio/pitchbench_e1_audio_effects/D5_cello_5000ms_fx_distortion_heavy.wav,D5_cello_5000ms_fx_distortion_heavy.wav,Listen to this audio clip of a single musical note. What is the MIDI note number (an integer from 0 to 127)? Reply with ONLY the integer. Nothing else. Output only the answer.,"Listen to this audio clip of a single musical note. What is the note name and octave? Reply with ONLY the note name in Scientific Pitch Notation (e.g. C4, F#3, Bb5). Nothing else. Output only the answer.","Listen to this audio clip of a single musical note. What is the solfege syllable and accidental (if needed) of this pitch? Use fixed-do (do=C, re=D, mi=E, fa=F, sol=G, la=A, si=B). Include sharps or flats when needed (e.g. do#, reb, fa#, sib). Do NOT include the octave. Reply with ONLY the syllable and accidental (if needed). Nothing else. Output only the answer.","Listen to this audio clip of a single musical note. What is the main pitch frequency, expressed in Hertz? Reply with ONLY a number (the frequency in Hz). Nothing else. Output only the answer."
distortion_heavy,saturation,"{'type': 'saturation', 'drive_db': 30.0}",3083,cello,instrument,83,69,0,0,0,0,B5,B6,0,1,0,si,sol#,0,0,0,69,B6,sol#,1046.57,/home/hsnu2/PitchBench/data/analysis_audio/pitchbench_e1_audio_effects/B5_cello_5000ms_fx_distortion_heavy.wav,B5_cello_5000ms_fx_distortion_heavy.wav,Listen to this audio clip of a single musical note. What is the MIDI note number (an integer from 0 to 127)? Reply with ONLY the integer. Nothing else. Output only the answer.,"Listen to this audio clip of a single musical note. What is the note name and octave? Reply with ONLY the note name in Scientific Pitch Notation (e.g. C4, F#3, Bb5). Nothing else. Output only the answer.","Listen to this audio clip of a single musical note. What is the solfege syllable and accidental (if needed) of this pitch? Use fixed-do (do=C, re=D, mi=E, fa=F, sol=G, la=A, si=B). Include sharps or flats when needed (e.g. do#, reb, fa#, sib). Do NOT include the octave. Reply with ONLY the syllable and accidental (if needed). Nothing else. Output only the answer.","Listen to this audio clip of a single musical note. What is the main pitch frequency, expressed in Hertz? Reply with ONLY a number (the frequency in Hz). Nothing else. Output only the answer."
reverb_long,reverb_room,"{'type': 'reverb_room', 'room_size': 0.9, 'damping': 0.4, 'wet_level': 0.6, 'dry_level': 0.4}",4029,cello,instrument,29,35,0,0,0,1,F1,A#2,0,0,0,fa,fa#,0,0,0,35,Bb2,solb,105.26,/home/hsnu2/PitchBench/data/analysis_audio/pitchbench_e1_audio_effects/F1_cello_5000ms_fx_reverb_long.wav,F1_cello_5000ms_fx_reverb_long.wav,Listen to this audio clip of a single musical note. What is the MIDI note number (an integer from 0 to 127)? Reply with ONLY the integer. Nothing else. Output only the answer.,"Listen to this audio clip of a single musical note. What is the note name and octave? Reply with ONLY the note name in Scientific Pitch Notation (e.g. C4, F#3, Bb5). Nothing else. Output only the answer.","Listen to this audio clip of a single musical note. What is the solfege syllable and accidental (if needed) of this pitch? Use fixed-do (do=C, re=D, mi=E, fa=F, sol=G, la=A, si=B). Include sharps or flats when needed (e.g. do#, reb, fa#, sib). Do NOT include the octave. Reply with ONLY the syllable and accidental (if needed). Nothing else. Output only the answer.","Listen to this audio clip of a single musical note. What is the main pitch frequency, expressed in Hertz? Reply with ONLY a number (the frequency in Hz). Nothing else. Output only the answer."
reverb_long,reverb_room,"{'type': 'reverb_room', 'room_size': 0.9, 'damping': 0.4, 'wet_level': 0.6, 'dry_level': 0.4}",4038,cello,instrument,38,48,0,0,0,0,D2,C2,0,0,1,re,sol,0,0,0,48,C2,sol,105.26,/home/hsnu2/PitchBench/data/analysis_audio/pitchbench_e1_audio_effects/D2_cello_5000ms_fx_reverb_long.wav,D2_cello_5000ms_fx_reverb_long.wav,Listen to this audio clip of a single musical note. What is the MIDI note number (an integer from 0 to 127)? Reply with ONLY the integer. Nothing else. Output only the answer.,"Listen to this audio clip of a single musical note. What is the note name and octave? Reply with ONLY the note name in Scientific Pitch Notation (e.g. C4, F#3, Bb5). Nothing else. Output only the answer.","Listen to this audio clip of a single musical note. What is the solfege syllable and accidental (if needed) of this pitch? Use fixed-do (do=C, re=D, mi=E, fa=F, sol=G, la=A, si=B). Include sharps or flats when needed (e.g. do#, reb, fa#, sib). Do NOT include the octave. Reply with ONLY the syllable and accidental (if needed). Nothing else. Output only the answer.","Listen to this audio clip of a single musical note. What is the main pitch frequency, expressed in Hertz? Reply with ONLY a number (the frequency in Hz). Nothing else. Output only the answer."
reverb_long,reverb_room,"{'type': 'reverb_room', 'room_size': 0.9, 'damping': 0.4, 'wet_level': 0.6, 'dry_level': 0.4}",4047,cello,instrument,47,48,0,1,0,0,B2,A#2,0,0,1,si,fa#,0,0,0,48,Bb2,solb,1680,/home/hsnu2/PitchBench/data/analysis_audio/pitchbench_e1_audio_effects/B2_cello_5000ms_fx_reverb_long.wav,B2_cello_5000ms_fx_reverb_long.wav,Listen to this audio clip of a single musical note. What is the MIDI note number (an integer from 0 to 127)? Reply with ONLY the integer. Nothing else. Output only the answer.,"Listen to this audio clip of a single musical note. What is the note name and octave? Reply with ONLY the note name in Scientific Pitch Notation (e.g. C4, F#3, Bb5). Nothing else. Output only the answer.","Listen to this audio clip of a single musical note. What is the solfege syllable and accidental (if needed) of this pitch? Use fixed-do (do=C, re=D, mi=E, fa=F, sol=G, la=A, si=B). Include sharps or flats when needed (e.g. do#, reb, fa#, sib). Do NOT include the octave. Reply with ONLY the syllable and accidental (if needed). Nothing else. Output only the answer.","Listen to this audio clip of a single musical note. What is the main pitch frequency, expressed in Hertz? Reply with ONLY a number (the frequency in Hz). Nothing else. Output only the answer."
reverb_long,reverb_room,"{'type': 'reverb_room', 'room_size': 0.9, 'damping': 0.4, 'wet_level': 0.6, 'dry_level': 0.4}",4056,cello,instrument,56,56,1,1,1,1,G#3,C6,0,0,0,sol#,sol,0,0,1,56,C6,sol,480,/home/hsnu2/PitchBench/data/analysis_audio/pitchbench_e1_audio_effects/Gs3_cello_5000ms_fx_reverb_long.wav,Gs3_cello_5000ms_fx_reverb_long.wav,Listen to this audio clip of a single musical note. What is the MIDI note number (an integer from 0 to 127)? Reply with ONLY the integer. Nothing else. Output only the answer.,"Listen to this audio clip of a single musical note. What is the note name and octave? Reply with ONLY the note name in Scientific Pitch Notation (e.g. C4, F#3, Bb5). Nothing else. Output only the answer.","Listen to this audio clip of a single musical note. What is the solfege syllable and accidental (if needed) of this pitch? Use fixed-do (do=C, re=D, mi=E, fa=F, sol=G, la=A, si=B). Include sharps or flats when needed (e.g. do#, reb, fa#, sib). Do NOT include the octave. Reply with ONLY the syllable and accidental (if needed). Nothing else. Output only the answer.","Listen to this audio clip of a single musical note. What is the main pitch frequency, expressed in Hertz? Reply with ONLY a number (the frequency in Hz). Nothing else. Output only the answer."
reverb_long,reverb_room,"{'type': 'reverb_room', 'room_size': 0.9, 'damping': 0.4, 'wet_level': 0.6, 'dry_level': 0.4}",4065,cello,instrument,65,65,1,1,1,1,F4,C6,0,0,0,fa,sol,0,0,1,65,C6,sol,480,/home/hsnu2/PitchBench/data/analysis_audio/pitchbench_e1_audio_effects/F4_cello_5000ms_fx_reverb_long.wav,F4_cello_5000ms_fx_reverb_long.wav,Listen to this audio clip of a single musical note. What is the MIDI note number (an integer from 0 to 127)? Reply with ONLY the integer. Nothing else. Output only the answer.,"Listen to this audio clip of a single musical note. What is the note name and octave? Reply with ONLY the note name in Scientific Pitch Notation (e.g. C4, F#3, Bb5). Nothing else. Output only the answer.","Listen to this audio clip of a single musical note. What is the solfege syllable and accidental (if needed) of this pitch? Use fixed-do (do=C, re=D, mi=E, fa=F, sol=G, la=A, si=B). Include sharps or flats when needed (e.g. do#, reb, fa#, sib). Do NOT include the octave. Reply with ONLY the syllable and accidental (if needed). Nothing else. Output only the answer.","Listen to this audio clip of a single musical note. What is the main pitch frequency, expressed in Hertz? Reply with ONLY a number (the frequency in Hz). Nothing else. Output only the answer."
reverb_long,reverb_room,"{'type': 'reverb_room', 'room_size': 0.9, 'damping': 0.4, 'wet_level': 0.6, 'dry_level': 0.4}",4074,cello,instrument,74,68,0,0,0,0,D5,C6,0,0,0,re,sol,0,0,0,68,C6,sol,480,/home/hsnu2/PitchBench/data/analysis_audio/pitchbench_e1_audio_effects/D5_cello_5000ms_fx_reverb_long.wav,D5_cello_5000ms_fx_reverb_long.wav,Listen to this audio clip of a single musical note. What is the MIDI note number (an integer from 0 to 127)? Reply with ONLY the integer. Nothing else. Output only the answer.,"Listen to this audio clip of a single musical note. What is the note name and octave? Reply with ONLY the note name in Scientific Pitch Notation (e.g. C4, F#3, Bb5). Nothing else. Output only the answer.","Listen to this audio clip of a single musical note. What is the solfege syllable and accidental (if needed) of this pitch? Use fixed-do (do=C, re=D, mi=E, fa=F, sol=G, la=A, si=B). Include sharps or flats when needed (e.g. do#, reb, fa#, sib). Do NOT include the octave. Reply with ONLY the syllable and accidental (if needed). Nothing else. Output only the answer.","Listen to this audio clip of a single musical note. What is the main pitch frequency, expressed in Hertz? Reply with ONLY a number (the frequency in Hz). Nothing else. Output only the answer."
reverb_long,reverb_room,"{'type': 'reverb_room', 'room_size': 0.9, 'damping': 0.4, 'wet_level': 0.6, 'dry_level': 0.4}",4083,cello,instrument,83,83,1,1,1,1,B5,C6,0,0,0,si,sol#,0,0,1,83,C6,sol#,1034.52,/home/hsnu2/PitchBench/data/analysis_audio/pitchbench_e1_audio_effects/B5_cello_5000ms_fx_reverb_long.wav,B5_cello_5000ms_fx_reverb_long.wav,Listen to this audio clip of a single musical note. What is the MIDI note number (an integer from 0 to 127)? Reply with ONLY the integer. Nothing else. Output only the answer.,"Listen to this audio clip of a single musical note. What is the note name and octave? Reply with ONLY the note name in Scientific Pitch Notation (e.g. C4, F#3, Bb5). Nothing else. Output only the answer.","Listen to this audio clip of a single musical note. What is the solfege syllable and accidental (if needed) of this pitch? Use fixed-do (do=C, re=D, mi=E, fa=F, sol=G, la=A, si=B). Include sharps or flats when needed (e.g. do#, reb, fa#, sib). Do NOT include the octave. Reply with ONLY the syllable and accidental (if needed). Nothing else. Output only the answer.","Listen to this audio clip of a single musical note. What is the main pitch frequency, expressed in Hertz? Reply with ONLY a number (the frequency in Hz). Nothing else. Output only the answer."
chorus_heavy,chorus,"{'type': 'chorus', 'rate_hz': 1.2, 'depth': 0.9, 'mix': 0.6}",5029,cello,instrument,29,48,0,0,0,0,F1,C2,0,0,0,fa,fa#,0,0,0,48,C2,solb,130.81,/home/hsnu2/PitchBench/data/analysis_audio/pitchbench_e1_audio_effects/F1_cello_5000ms_fx_chorus_heavy.wav,F1_cello_5000ms_fx_chorus_heavy.wav,Listen to this audio clip of a single musical note. What is the MIDI note number (an integer from 0 to 127)? Reply with ONLY the integer. Nothing else. Output only the answer.,"Listen to this audio clip of a single musical note. What is the note name and octave? Reply with ONLY the note name in Scientific Pitch Notation (e.g. C4, F#3, Bb5). Nothing else. Output only the answer.","Listen to this audio clip of a single musical note. What is the solfege syllable and accidental (if needed) of this pitch? Use fixed-do (do=C, re=D, mi=E, fa=F, sol=G, la=A, si=B). Include sharps or flats when needed (e.g. do#, reb, fa#, sib). Do NOT include the octave. Reply with ONLY the syllable and accidental (if needed). Nothing else. Output only the answer.","Listen to this audio clip of a single musical note. What is the main pitch frequency, expressed in Hertz? Reply with ONLY a number (the frequency in Hz). Nothing else. Output only the answer."
chorus_heavy,chorus,"{'type': 'chorus', 'rate_hz': 1.2, 'depth': 0.9, 'mix': 0.6}",5038,cello,instrument,38,48,0,0,0,0,D2,C6,0,0,0,re,fa#,0,0,0,48,C6,solb,415.38,/home/hsnu2/PitchBench/data/analysis_audio/pitchbench_e1_audio_effects/D2_cello_5000ms_fx_chorus_heavy.wav,D2_cello_5000ms_fx_chorus_heavy.wav,Listen to this audio clip of a single musical note. What is the MIDI note number (an integer from 0 to 127)? Reply with ONLY the integer. Nothing else. Output only the answer.,"Listen to this audio clip of a single musical note. What is the note name and octave? Reply with ONLY the note name in Scientific Pitch Notation (e.g. C4, F#3, Bb5). Nothing else. Output only the answer.","Listen to this audio clip of a single musical note. What is the solfege syllable and accidental (if needed) of this pitch? Use fixed-do (do=C, re=D, mi=E, fa=F, sol=G, la=A, si=B). Include sharps or flats when needed (e.g. do#, reb, fa#, sib). Do NOT include the octave. Reply with ONLY the syllable and accidental (if needed). Nothing else. Output only the answer.","Listen to this audio clip of a single musical note. What is the main pitch frequency, expressed in Hertz? Reply with ONLY a number (the frequency in Hz). Nothing else. Output only the answer."
chorus_heavy,chorus,"{'type': 'chorus', 'rate_hz': 1.2, 'depth': 0.9, 'mix': 0.6}",5047,cello,instrument,47,48,0,1,0,0,B2,C6,0,0,0,si,fa#,0,0,0,48,C6,solb,430.51,/home/hsnu2/PitchBench/data/analysis_audio/pitchbench_e1_audio_effects/B2_cello_5000ms_fx_chorus_heavy.wav,B2_cello_5000ms_fx_chorus_heavy.wav,Listen to this audio clip of a single musical note. What is the MIDI note number (an integer from 0 to 127)? Reply with ONLY the integer. Nothing else. Output only the answer.,"Listen to this audio clip of a single musical note. What is the note name and octave? Reply with ONLY the note name in Scientific Pitch Notation (e.g. C4, F#3, Bb5). Nothing else. Output only the answer.","Listen to this audio clip of a single musical note. What is the solfege syllable and accidental (if needed) of this pitch? Use fixed-do (do=C, re=D, mi=E, fa=F, sol=G, la=A, si=B). Include sharps or flats when needed (e.g. do#, reb, fa#, sib). Do NOT include the octave. Reply with ONLY the syllable and accidental (if needed). Nothing else. Output only the answer.","Listen to this audio clip of a single musical note. What is the main pitch frequency, expressed in Hertz? Reply with ONLY a number (the frequency in Hz). Nothing else. Output only the answer."
chorus_heavy,chorus,"{'type': 'chorus', 'rate_hz': 1.2, 'depth': 0.9, 'mix': 0.6}",5056,cello,instrument,56,65,0,0,0,0,G#3,C6,0,0,0,sol#,fa#,0,0,0,65,C6,solb,415.30,/home/hsnu2/PitchBench/data/analysis_audio/pitchbench_e1_audio_effects/Gs3_cello_5000ms_fx_chorus_heavy.wav,Gs3_cello_5000ms_fx_chorus_heavy.wav,Listen to this audio clip of a single musical note. What is the MIDI note number (an integer from 0 to 127)? Reply with ONLY the integer. Nothing else. Output only the answer.,"Listen to this audio clip of a single musical note. What is the note name and octave? Reply with ONLY the note name in Scientific Pitch Notation (e.g. C4, F#3, Bb5). Nothing else. Output only the answer.","Listen to this audio clip of a single musical note. What is the solfege syllable and accidental (if needed) of this pitch? Use fixed-do (do=C, re=D, mi=E, fa=F, sol=G, la=A, si=B). Include sharps or flats when needed (e.g. do#, reb, fa#, sib). Do NOT include the octave. Reply with ONLY the syllable and accidental (if needed). Nothing else. Output only the answer.","Listen to this audio clip of a single musical note. What is the main pitch frequency, expressed in Hertz? Reply with ONLY a number (the frequency in Hz). Nothing else. Output only the answer."
chorus_heavy,chorus,"{'type': 'chorus', 'rate_hz': 1.2, 'depth': 0.9, 'mix': 0.6}",5065,cello,instrument,65,65,1,1,1,1,F4,C6,0,0,0,fa,fa#,0,0,1,65,C6,solb,480,/home/hsnu2/PitchBench/data/analysis_audio/pitchbench_e1_audio_effects/F4_cello_5000ms_fx_chorus_heavy.wav,F4_cello_5000ms_fx_chorus_heavy.wav,Listen to this audio clip of a single musical note. What is the MIDI note number (an integer from 0 to 127)? Reply with ONLY the integer. Nothing else. Output only the answer.,"Listen to this audio clip of a single musical note. What is the note name and octave? Reply with ONLY the note name in Scientific Pitch Notation (e.g. C4, F#3, Bb5). Nothing else. Output only the answer.","Listen to this audio clip of a single musical note. What is the solfege syllable and accidental (if needed) of this pitch? Use fixed-do (do=C, re=D, mi=E, fa=F, sol=G, la=A, si=B). Include sharps or flats when needed (e.g. do#, reb, fa#, sib). Do NOT include the octave. Reply with ONLY the syllable and accidental (if needed). Nothing else. Output only the answer.","Listen to this audio clip of a single musical note. What is the main pitch frequency, expressed in Hertz? Reply with ONLY a number (the frequency in Hz). Nothing else. Output only the answer."
chorus_heavy,chorus,"{'type': 'chorus', 'rate_hz': 1.2, 'depth': 0.9, 'mix': 0.6}",5074,cello,instrument,74,68,0,0,0,0,D5,C6,0,0,0,re,sol#,0,0,0,68,C6,sol#,1046.53,/home/hsnu2/PitchBench/data/analysis_audio/pitchbench_e1_audio_effects/D5_cello_5000ms_fx_chorus_heavy.wav,D5_cello_5000ms_fx_chorus_heavy.wav,Listen to this audio clip of a single musical note. What is the MIDI note number (an integer from 0 to 127)? Reply with ONLY the integer. Nothing else. Output only the answer.,"Listen to this audio clip of a single musical note. What is the note name and octave? Reply with ONLY the note name in Scientific Pitch Notation (e.g. C4, F#3, Bb5). Nothing else. Output only the answer.","Listen to this audio clip of a single musical note. What is the solfege syllable and accidental (if needed) of this pitch? Use fixed-do (do=C, re=D, mi=E, fa=F, sol=G, la=A, si=B). Include sharps or flats when needed (e.g. do#, reb, fa#, sib). Do NOT include the octave. Reply with ONLY the syllable and accidental (if needed). Nothing else. Output only the answer.","Listen to this audio clip of a single musical note. What is the main pitch frequency, expressed in Hertz? Reply with ONLY a number (the frequency in Hz). Nothing else. Output only the answer."
chorus_heavy,chorus,"{'type': 'chorus', 'rate_hz': 1.2, 'depth': 0.9, 'mix': 0.6}",5083,cello,instrument,83,69,0,0,0,0,B5,C6,0,0,0,si,sol#,0,0,0,69,C6,sol#,415.30,/home/hsnu2/PitchBench/data/analysis_audio/pitchbench_e1_audio_effects/B5_cello_5000ms_fx_chorus_heavy.wav,B5_cello_5000ms_fx_chorus_heavy.wav,Listen to this audio clip of a single musical note. What is the MIDI note number (an integer from 0 to 127)? Reply with ONLY the integer. Nothing else. Output only the answer.,"Listen to this audio clip of a single musical note. What is the note name and octave? Reply with ONLY the note name in Scientific Pitch Notation (e.g. C4, F#3, Bb5). Nothing else. Output only the answer.","Listen to this audio clip of a single musical note. What is the solfege syllable and accidental (if needed) of this pitch? Use fixed-do (do=C, re=D, mi=E, fa=F, sol=G, la=A, si=B). Include sharps or flats when needed (e.g. do#, reb, fa#, sib). Do NOT include the octave. Reply with ONLY the syllable and accidental (if needed). Nothing else. Output only the answer.","Listen to this audio clip of a single musical note. What is the main pitch frequency, expressed in Hertz? Reply with ONLY a number (the frequency in Hz). Nothing else. Output only the answer."
highpass_above_f0,highpass,"{'type': 'highpass', 'cutoff_ratio': 1.5, 'order': 6}",29,flute,instrument,29,63,0,0,0,0,F1,C2,0,0,0,fa,fa#,0,0,0,63,C2,solb,105.26,/home/hsnu2/PitchBench/data/analysis_audio/pitchbench_e1_audio_effects/F1_flute_5000ms_fx_highpass_above_f0.wav,F1_flute_5000ms_fx_highpass_above_f0.wav,Listen to this audio clip of a single musical note. What is the MIDI note number (an integer from 0 to 127)? Reply with ONLY the integer. Nothing else. Output only the answer.,"Listen to this audio clip of a single musical note. What is the note name and octave? Reply with ONLY the note name in Scientific Pitch Notation (e.g. C4, F#3, Bb5). Nothing else. Output only the answer.","Listen to this audio clip of a single musical note. What is the solfege syllable and accidental (if needed) of this pitch? Use fixed-do (do=C, re=D, mi=E, fa=F, sol=G, la=A, si=B). Include sharps or flats when needed (e.g. do#, reb, fa#, sib). Do NOT include the octave. Reply with ONLY the syllable and accidental (if needed). Nothing else. Output only the answer.","Listen to this audio clip of a single musical note. What is the main pitch frequency, expressed in Hertz? Reply with ONLY a number (the frequency in Hz). Nothing else. Output only the answer."
highpass_above_f0,highpass,"{'type': 'highpass', 'cutoff_ratio': 1.5, 'order': 6}",38,flute,instrument,38,65,0,0,0,0,D2,C2,0,0,1,re,fa#,0,0,0,65,C2,solb,415.30,/home/hsnu2/PitchBench/data/analysis_audio/pitchbench_e1_audio_effects/D2_flute_5000ms_fx_highpass_above_f0.wav,D2_flute_5000ms_fx_highpass_above_f0.wav,Listen to this audio clip of a single musical note. What is the MIDI note number (an integer from 0 to 127)? Reply with ONLY the integer. Nothing else. Output only the answer.,"Listen to this audio clip of a single musical note. What is the note name and octave? Reply with ONLY the note name in Scientific Pitch Notation (e.g. C4, F#3, Bb5). Nothing else. Output only the answer.","Listen to this audio clip of a single musical note. What is the solfege syllable and accidental (if needed) of this pitch? Use fixed-do (do=C, re=D, mi=E, fa=F, sol=G, la=A, si=B). Include sharps or flats when needed (e.g. do#, reb, fa#, sib). Do NOT include the octave. Reply with ONLY the syllable and accidental (if needed). Nothing else. Output only the answer.","Listen to this audio clip of a single musical note. What is the main pitch frequency, expressed in Hertz? Reply with ONLY a number (the frequency in Hz). Nothing else. Output only the answer."
highpass_above_f0,highpass,"{'type': 'highpass', 'cutoff_ratio': 1.5, 'order': 6}",47,flute,instrument,47,64,0,0,0,0,B2,C6,0,0,0,si,sol,0,0,0,64,C6,sol,480,/home/hsnu2/PitchBench/data/analysis_audio/pitchbench_e1_audio_effects/B2_flute_5000ms_fx_highpass_above_f0.wav,B2_flute_5000ms_fx_highpass_above_f0.wav,Listen to this audio clip of a single musical note. What is the MIDI note number (an integer from 0 to 127)? Reply with ONLY the integer. Nothing else. Output only the answer.,"Listen to this audio clip of a single musical note. What is the note name and octave? Reply with ONLY the note name in Scientific Pitch Notation (e.g. C4, F#3, Bb5). Nothing else. Output only the answer.","Listen to this audio clip of a single musical note. What is the solfege syllable and accidental (if needed) of this pitch? Use fixed-do (do=C, re=D, mi=E, fa=F, sol=G, la=A, si=B). Include sharps or flats when needed (e.g. do#, reb, fa#, sib). Do NOT include the octave. Reply with ONLY the syllable and accidental (if needed). Nothing else. Output only the answer.","Listen to this audio clip of a single musical note. What is the main pitch frequency, expressed in Hertz? Reply with ONLY a number (the frequency in Hz). Nothing else. Output only the answer."
highpass_above_f0,highpass,"{'type': 'highpass', 'cutoff_ratio': 1.5, 'order': 6}",56,flute,instrument,56,56,1,1,1,1,G#3,C6,0,0,0,sol#,sol,0,0,1,56,C6,sol,435.0,/home/hsnu2/PitchBench/data/analysis_audio/pitchbench_e1_audio_effects/Gs3_flute_5000ms_fx_highpass_above_f0.wav,Gs3_flute_5000ms_fx_highpass_above_f0.wav,Listen to this audio clip of a single musical note. What is the MIDI note number (an integer from 0 to 127)? Reply with ONLY the integer. Nothing else. Output only the answer.,"Listen to this audio clip of a single musical note. What is the note name and octave? Reply with ONLY the note name in Scientific Pitch Notation (e.g. C4, F#3, Bb5). Nothing else. Output only the answer.","Listen to this audio clip of a single musical note. What is the solfege syllable and accidental (if needed) of this pitch? Use fixed-do (do=C, re=D, mi=E, fa=F, sol=G, la=A, si=B). Include sharps or flats when needed (e.g. do#, reb, fa#, sib). Do NOT include the octave. Reply with ONLY the syllable and accidental (if needed). Nothing else. Output only the answer.","Listen to this audio clip of a single musical note. What is the main pitch frequency, expressed in Hertz? Reply with ONLY a number (the frequency in Hz). Nothing else. Output only the answer."
highpass_above_f0,highpass,"{'type': 'highpass', 'cutoff_ratio': 1.5, 'order': 6}",65,flute,instrument,65,65,1,1,1,1,F4,C6,0,0,0,fa,sol,0,0,1,65,C6,sol,480,/home/hsnu2/PitchBench/data/analysis_audio/pitchbench_e1_audio_effects/F4_flute_5000ms_fx_highpass_above_f0.wav,F4_flute_5000ms_fx_highpass_above_f0.wav,Listen to this audio clip of a single musical note. What is the MIDI note number (an integer from 0 to 127)? Reply with ONLY the integer. Nothing else. Output only the answer.,"Listen to this audio clip of a single musical note. What is the note name and octave? Reply with ONLY the note name in Scientific Pitch Notation (e.g. C4, F#3, Bb5). Nothing else. Output only the answer.","Listen to this audio clip of a single musical note. What is the solfege syllable and accidental (if needed) of this pitch? Use fixed-do (do=C, re=D, mi=E, fa=F, sol=G, la=A, si=B). Include sharps or flats when needed (e.g. do#, reb, fa#, sib). Do NOT include the octave. Reply with ONLY the syllable and accidental (if needed). Nothing else. Output only the answer.","Listen to this audio clip of a single musical note. What is the main pitch frequency, expressed in Hertz? Reply with ONLY a number (the frequency in Hz). Nothing else. Output only the answer."
highpass_above_f0,highpass,"{'type': 'highpass', 'cutoff_ratio': 1.5, 'order': 6}",74,flute,instrument,74,68,0,0,0,0,D5,C6,0,0,0,re,sol,0,0,0,68,C6,sol,810,/home/hsnu2/PitchBench/data/analysis_audio/pitchbench_e1_audio_effects/D5_flute_5000ms_fx_highpass_above_f0.wav,D5_flute_5000ms_fx_highpass_above_f0.wav,Listen to this audio clip of a single musical note. What is the MIDI note number (an integer from 0 to 127)? Reply with ONLY the integer. Nothing else. Output only the answer.,"Listen to this audio clip of a single musical note. What is the note name and octave? Reply with ONLY the note name in Scientific Pitch Notation (e.g. C4, F#3, Bb5). Nothing else. Output only the answer.","Listen to this audio clip of a single musical note. What is the solfege syllable and accidental (if needed) of this pitch? Use fixed-do (do=C, re=D, mi=E, fa=F, sol=G, la=A, si=B). Include sharps or flats when needed (e.g. do#, reb, fa#, sib). Do NOT include the octave. Reply with ONLY the syllable and accidental (if needed). Nothing else. Output only the answer.","Listen to this audio clip of a single musical note. What is the main pitch frequency, expressed in Hertz? Reply with ONLY a number (the frequency in Hz). Nothing else. Output only the answer."
highpass_above_f0,highpass,"{'type': 'highpass', 'cutoff_ratio': 1.5, 'order': 6}",83,flute,instrument,83,68,0,0,0,0,B5,C6,0,0,0,si,sol,0,0,0,68,C6,sol,415.30,/home/hsnu2/PitchBench/data/analysis_audio/pitchbench_e1_audio_effects/B5_flute_5000ms_fx_highpass_above_f0.wav,B5_flute_5000ms_fx_highpass_above_f0.wav,Listen to this audio clip of a single musical note. What is the MIDI note number (an integer from 0 to 127)? Reply with ONLY the integer. Nothing else. Output only the answer.,"Listen to this audio clip of a single musical note. What is the note name and octave? Reply with ONLY the note name in Scientific Pitch Notation (e.g. C4, F#3, Bb5). Nothing else. Output only the answer.","Listen to this audio clip of a single musical note. What is the solfege syllable and accidental (if needed) of this pitch? Use fixed-do (do=C, re=D, mi=E, fa=F, sol=G, la=A, si=B). Include sharps or flats when needed (e.g. do#, reb, fa#, sib). Do NOT include the octave. Reply with ONLY the syllable and accidental (if needed). Nothing else. Output only the answer.","Listen to this audio clip of a single musical note. What is the main pitch frequency, expressed in Hertz? Reply with ONLY a number (the frequency in Hz). Nothing else. Output only the answer."
lowpass_at_f0,lowpass,"{'type': 'lowpass', 'cutoff_ratio': 1.2, 'order': 6}",1029,flute,instrument,29,35,0,0,0,1,F1,C2,0,0,0,fa,fa#,0,0,0,35,C2,solb,250,/home/hsnu2/PitchBench/data/analysis_audio/pitchbench_e1_audio_effects/F1_flute_5000ms_fx_lowpass_at_f0.wav,F1_flute_5000ms_fx_lowpass_at_f0.wav,Listen to this audio clip of a single musical note. What is the MIDI note number (an integer from 0 to 127)? Reply with ONLY the integer. Nothing else. Output only the answer.,"Listen to this audio clip of a single musical note. What is the note name and octave? Reply with ONLY the note name in Scientific Pitch Notation (e.g. C4, F#3, Bb5). Nothing else. Output only the answer.","Listen to this audio clip of a single musical note. What is the solfege syllable and accidental (if needed) of this pitch? Use fixed-do (do=C, re=D, mi=E, fa=F, sol=G, la=A, si=B). Include sharps or flats when needed (e.g. do#, reb, fa#, sib). Do NOT include the octave. Reply with ONLY the syllable and accidental (if needed). Nothing else. Output only the answer.","Listen to this audio clip of a single musical note. What is the main pitch frequency, expressed in Hertz? Reply with ONLY a number (the frequency in Hz). Nothing else. Output only the answer."
lowpass_at_f0,lowpass,"{'type': 'lowpass', 'cutoff_ratio': 1.2, 'order': 6}",1038,flute,instrument,38,43,0,0,0,1,D2,C4,0,0,0,re,fa#,0,0,0,43,C4,solb,120,/home/hsnu2/PitchBench/data/analysis_audio/pitchbench_e1_audio_effects/D2_flute_5000ms_fx_lowpass_at_f0.wav,D2_flute_5000ms_fx_lowpass_at_f0.wav,Listen to this audio clip of a single musical note. What is the MIDI note number (an integer from 0 to 127)? Reply with ONLY the integer. Nothing else. Output only the answer.,"Listen to this audio clip of a single musical note. What is the note name and octave? Reply with ONLY the note name in Scientific Pitch Notation (e.g. C4, F#3, Bb5). Nothing else. Output only the answer.","Listen to this audio clip of a single musical note. What is the solfege syllable and accidental (if needed) of this pitch? Use fixed-do (do=C, re=D, mi=E, fa=F, sol=G, la=A, si=B). Include sharps or flats when needed (e.g. do#, reb, fa#, sib). Do NOT include the octave. Reply with ONLY the syllable and accidental (if needed). Nothing else. Output only the answer.","Listen to this audio clip of a single musical note. What is the main pitch frequency, expressed in Hertz? Reply with ONLY a number (the frequency in Hz). Nothing else. Output only the answer."
lowpass_at_f0,lowpass,"{'type': 'lowpass', 'cutoff_ratio': 1.2, 'order': 6}",1047,flute,instrument,47,48,0,1,0,0,B2,C2,0,0,1,si,fa#,0,0,0,48,C2,solb,107.65,/home/hsnu2/PitchBench/data/analysis_audio/pitchbench_e1_audio_effects/B2_flute_5000ms_fx_lowpass_at_f0.wav,B2_flute_5000ms_fx_lowpass_at_f0.wav,Listen to this audio clip of a single musical note. What is the MIDI note number (an integer from 0 to 127)? Reply with ONLY the integer. Nothing else. Output only the answer.,"Listen to this audio clip of a single musical note. What is the note name and octave? Reply with ONLY the note name in Scientific Pitch Notation (e.g. C4, F#3, Bb5). Nothing else. Output only the answer.","Listen to this audio clip of a single musical note. What is the solfege syllable and accidental (if needed) of this pitch? Use fixed-do (do=C, re=D, mi=E, fa=F, sol=G, la=A, si=B). Include sharps or flats when needed (e.g. do#, reb, fa#, sib). Do NOT include the octave. Reply with ONLY the syllable and accidental (if needed). Nothing else. Output only the answer.","Listen to this audio clip of a single musical note. What is the main pitch frequency, expressed in Hertz? Reply with ONLY a number (the frequency in Hz). Nothing else. Output only the answer."
lowpass_at_f0,lowpass,"{'type': 'lowpass', 'cutoff_ratio': 1.2, 'order': 6}",1056,flute,instrument,56,43,0,0,0,0,G#3,C4,0,0,0,sol#,sol,0,0,0,43,C4,sol,1250,/home/hsnu2/PitchBench/data/analysis_audio/pitchbench_e1_audio_effects/Gs3_flute_5000ms_fx_lowpass_at_f0.wav,Gs3_flute_5000ms_fx_lowpass_at_f0.wav,Listen to this audio clip of a single musical note. What is the MIDI note number (an integer from 0 to 127)? Reply with ONLY the integer. Nothing else. Output only the answer.,"Listen to this audio clip of a single musical note. What is the note name and octave? Reply with ONLY the note name in Scientific Pitch Notation (e.g. C4, F#3, Bb5). Nothing else. Output only the answer.","Listen to this audio clip of a single musical note. What is the solfege syllable and accidental (if needed) of this pitch? Use fixed-do (do=C, re=D, mi=E, fa=F, sol=G, la=A, si=B). Include sharps or flats when needed (e.g. do#, reb, fa#, sib). Do NOT include the octave. Reply with ONLY the syllable and accidental (if needed). Nothing else. Output only the answer.","Listen to this audio clip of a single musical note. What is the main pitch frequency, expressed in Hertz? Reply with ONLY a number (the frequency in Hz). Nothing else. Output only the answer."
lowpass_at_f0,lowpass,"{'type': 'lowpass', 'cutoff_ratio': 1.2, 'order': 6}",1065,flute,instrument,65,65,1,1,1,1,F4,C6,0,0,0,fa,fa#,0,0,1,65,C6,solb,1046.53,/home/hsnu2/PitchBench/data/analysis_audio/pitchbench_e1_audio_effects/F4_flute_5000ms_fx_lowpass_at_f0.wav,F4_flute_5000ms_fx_lowpass_at_f0.wav,Listen to this audio clip of a single musical note. What is the MIDI note number (an integer from 0 to 127)? Reply with ONLY the integer. Nothing else. Output only the answer.,"Listen to this audio clip of a single musical note. What is the note name and octave? Reply with ONLY the note name in Scientific Pitch Notation (e.g. C4, F#3, Bb5). Nothing else. Output only the answer.","Listen to this audio clip of a single musical note. What is the solfege syllable and accidental (if needed) of this pitch? Use fixed-do (do=C, re=D, mi=E, fa=F, sol=G, la=A, si=B). Include sharps or flats when needed (e.g. do#, reb, fa#, sib). Do NOT include the octave. Reply with ONLY the syllable and accidental (if needed). Nothing else. Output only the answer.","Listen to this audio clip of a single musical note. What is the main pitch frequency, expressed in Hertz? Reply with ONLY a number (the frequency in Hz). Nothing else. Output only the answer."
lowpass_at_f0,lowpass,"{'type': 'lowpass', 'cutoff_ratio': 1.2, 'order': 6}",1074,flute,instrument,74,68,0,0,0,0,D5,C6,0,0,0,re,sol,0,0,0,68,C6,sol,659.34,/home/hsnu2/PitchBench/data/analysis_audio/pitchbench_e1_audio_effects/D5_flute_5000ms_fx_lowpass_at_f0.wav,D5_flute_5000ms_fx_lowpass_at_f0.wav,Listen to this audio clip of a single musical note. What is the MIDI note number (an integer from 0 to 127)? Reply with ONLY the integer. Nothing else. Output only the answer.,"Listen to this audio clip of a single musical note. What is the note name and octave? Reply with ONLY the note name in Scientific Pitch Notation (e.g. C4, F#3, Bb5). Nothing else. Output only the answer.","Listen to this audio clip of a single musical note. What is the solfege syllable and accidental (if needed) of this pitch? Use fixed-do (do=C, re=D, mi=E, fa=F, sol=G, la=A, si=B). Include sharps or flats when needed (e.g. do#, reb, fa#, sib). Do NOT include the octave. Reply with ONLY the syllable and accidental (if needed). Nothing else. Output only the answer.","Listen to this audio clip of a single musical note. What is the main pitch frequency, expressed in Hertz? Reply with ONLY a number (the frequency in Hz). Nothing else. Output only the answer."
lowpass_at_f0,lowpass,"{'type': 'lowpass', 'cutoff_ratio': 1.2, 'order': 6}",1083,flute,instrument,83,83,1,1,1,1,B5,C6,0,0,0,si,sol,0,0,1,83,C6,sol,1034.52,/home/hsnu2/PitchBench/data/analysis_audio/pitchbench_e1_audio_effects/B5_flute_5000ms_fx_lowpass_at_f0.wav,B5_flute_5000ms_fx_lowpass_at_f0.wav,Listen to this audio clip of a single musical note. What is the MIDI note number (an integer from 0 to 127)? Reply with ONLY the integer. Nothing else. Output only the answer.,"Listen to this audio clip of a single musical note. What is the note name and octave? Reply with ONLY the note name in Scientific Pitch Notation (e.g. C4, F#3, Bb5). Nothing else. Output only the answer.","Listen to this audio clip of a single musical note. What is the solfege syllable and accidental (if needed) of this pitch? Use fixed-do (do=C, re=D, mi=E, fa=F, sol=G, la=A, si=B). Include sharps or flats when needed (e.g. do#, reb, fa#, sib). Do NOT include the octave. Reply with ONLY the syllable and accidental (if needed). Nothing else. Output only the answer.","Listen to this audio clip of a single musical note. What is the main pitch frequency, expressed in Hertz? Reply with ONLY a number (the frequency in Hz). Nothing else. Output only the answer."
bitcrush_4bit,bitcrush,"{'type': 'bitcrush', 'bit_depth': 4}",2029,flute,instrument,29,64,0,0,0,0,F1,C6,0,0,0,fa,fa#,0,0,0,64,C6,solb,107.89,/home/hsnu2/PitchBench/data/analysis_audio/pitchbench_e1_audio_effects/F1_flute_5000ms_fx_bitcrush_4bit.wav,F1_flute_5000ms_fx_bitcrush_4bit.wav,Listen to this audio clip of a single musical note. What is the MIDI note number (an integer from 0 to 127)? Reply with ONLY the integer. Nothing else. Output only the answer.,"Listen to this audio clip of a single musical note. What is the note name and octave? Reply with ONLY the note name in Scientific Pitch Notation (e.g. C4, F#3, Bb5). Nothing else. Output only the answer.","Listen to this audio clip of a single musical note. What is the solfege syllable and accidental (if needed) of this pitch? Use fixed-do (do=C, re=D, mi=E, fa=F, sol=G, la=A, si=B). Include sharps or flats when needed (e.g. do#, reb, fa#, sib). Do NOT include the octave. Reply with ONLY the syllable and accidental (if needed). Nothing else. Output only the answer.","Listen to this audio clip of a single musical note. What is the main pitch frequency, expressed in Hertz? Reply with ONLY a number (the frequency in Hz). Nothing else. Output only the answer."
bitcrush_4bit,bitcrush,"{'type': 'bitcrush', 'bit_depth': 4}",2038,flute,instrument,38,64,0,0,0,0,D2,C6,0,0,0,re,fa#,0,0,0,64,C6,solb,1050,/home/hsnu2/PitchBench/data/analysis_audio/pitchbench_e1_audio_effects/D2_flute_5000ms_fx_bitcrush_4bit.wav,D2_flute_5000ms_fx_bitcrush_4bit.wav,Listen to this audio clip of a single musical note. What is the MIDI note number (an integer from 0 to 127)? Reply with ONLY the integer. Nothing else. Output only the answer.,"Listen to this audio clip of a single musical note. What is the note name and octave? Reply with ONLY the note name in Scientific Pitch Notation (e.g. C4, F#3, Bb5). Nothing else. Output only the answer.","Listen to this audio clip of a single musical note. What is the solfege syllable and accidental (if needed) of this pitch? Use fixed-do (do=C, re=D, mi=E, fa=F, sol=G, la=A, si=B). Include sharps or flats when needed (e.g. do#, reb, fa#, sib). Do NOT include the octave. Reply with ONLY the syllable and accidental (if needed). Nothing else. Output only the answer.","Listen to this audio clip of a single musical note. What is the main pitch frequency, expressed in Hertz? Reply with ONLY a number (the frequency in Hz). Nothing else. Output only the answer."
bitcrush_4bit,bitcrush,"{'type': 'bitcrush', 'bit_depth': 4}",2047,flute,instrument,47,64,0,0,0,0,B2,C6,0,0,0,si,fa#,0,0,0,64,C6,solb,105.26,/home/hsnu2/PitchBench/data/analysis_audio/pitchbench_e1_audio_effects/B2_flute_5000ms_fx_bitcrush_4bit.wav,B2_flute_5000ms_fx_bitcrush_4bit.wav,Listen to this audio clip of a single musical note. What is the MIDI note number (an integer from 0 to 127)? Reply with ONLY the integer. Nothing else. Output only the answer.,"Listen to this audio clip of a single musical note. What is the note name and octave? Reply with ONLY the note name in Scientific Pitch Notation (e.g. C4, F#3, Bb5). Nothing else. Output only the answer.","Listen to this audio clip of a single musical note. What is the solfege syllable and accidental (if needed) of this pitch? Use fixed-do (do=C, re=D, mi=E, fa=F, sol=G, la=A, si=B). Include sharps or flats when needed (e.g. do#, reb, fa#, sib). Do NOT include the octave. Reply with ONLY the syllable and accidental (if needed). Nothing else. Output only the answer.","Listen to this audio clip of a single musical note. What is the main pitch frequency, expressed in Hertz? Reply with ONLY a number (the frequency in Hz). Nothing else. Output only the answer."
bitcrush_4bit,bitcrush,"{'type': 'bitcrush', 'bit_depth': 4}",2056,flute,instrument,56,56,1,1,1,1,G#3,C6,0,0,0,sol#,fa#,0,0,1,56,C6,solb,105.26,/home/hsnu2/PitchBench/data/analysis_audio/pitchbench_e1_audio_effects/Gs3_flute_5000ms_fx_bitcrush_4bit.wav,Gs3_flute_5000ms_fx_bitcrush_4bit.wav,Listen to this audio clip of a single musical note. What is the MIDI note number (an integer from 0 to 127)? Reply with ONLY the integer. Nothing else. Output only the answer.,"Listen to this audio clip of a single musical note. What is the note name and octave? Reply with ONLY the note name in Scientific Pitch Notation (e.g. C4, F#3, Bb5). Nothing else. Output only the answer.","Listen to this audio clip of a single musical note. What is the solfege syllable and accidental (if needed) of this pitch? Use fixed-do (do=C, re=D, mi=E, fa=F, sol=G, la=A, si=B). Include sharps or flats when needed (e.g. do#, reb, fa#, sib). Do NOT include the octave. Reply with ONLY the syllable and accidental (if needed). Nothing else. Output only the answer.","Listen to this audio clip of a single musical note. What is the main pitch frequency, expressed in Hertz? Reply with ONLY a number (the frequency in Hz). Nothing else. Output only the answer."
bitcrush_4bit,bitcrush,"{'type': 'bitcrush', 'bit_depth': 4}",2065,flute,instrument,65,65,1,1,1,1,F4,C6,0,0,0,fa,sol,0,0,1,65,C6,sol,450,/home/hsnu2/PitchBench/data/analysis_audio/pitchbench_e1_audio_effects/F4_flute_5000ms_fx_bitcrush_4bit.wav,F4_flute_5000ms_fx_bitcrush_4bit.wav,Listen to this audio clip of a single musical note. What is the MIDI note number (an integer from 0 to 127)? Reply with ONLY the integer. Nothing else. Output only the answer.,"Listen to this audio clip of a single musical note. What is the note name and octave? Reply with ONLY the note name in Scientific Pitch Notation (e.g. C4, F#3, Bb5). Nothing else. Output only the answer.","Listen to this audio clip of a single musical note. What is the solfege syllable and accidental (if needed) of this pitch? Use fixed-do (do=C, re=D, mi=E, fa=F, sol=G, la=A, si=B). Include sharps or flats when needed (e.g. do#, reb, fa#, sib). Do NOT include the octave. Reply with ONLY the syllable and accidental (if needed). Nothing else. Output only the answer.","Listen to this audio clip of a single musical note. What is the main pitch frequency, expressed in Hertz? Reply with ONLY a number (the frequency in Hz). Nothing else. Output only the answer."
bitcrush_4bit,bitcrush,"{'type': 'bitcrush', 'bit_depth': 4}",2074,flute,instrument,74,69,0,0,0,0,D5,C6,0,0,0,re,sol,0,0,0,69,C6,sol,460,/home/hsnu2/PitchBench/data/analysis_audio/pitchbench_e1_audio_effects/D5_flute_5000ms_fx_bitcrush_4bit.wav,D5_flute_5000ms_fx_bitcrush_4bit.wav,Listen to this audio clip of a single musical note. What is the MIDI note number (an integer from 0 to 127)? Reply with ONLY the integer. Nothing else. Output only the answer.,"Listen to this audio clip of a single musical note. What is the note name and octave? Reply with ONLY the note name in Scientific Pitch Notation (e.g. C4, F#3, Bb5). Nothing else. Output only the answer.","Listen to this audio clip of a single musical note. What is the solfege syllable and accidental (if needed) of this pitch? Use fixed-do (do=C, re=D, mi=E, fa=F, sol=G, la=A, si=B). Include sharps or flats when needed (e.g. do#, reb, fa#, sib). Do NOT include the octave. Reply with ONLY the syllable and accidental (if needed). Nothing else. Output only the answer.","Listen to this audio clip of a single musical note. What is the main pitch frequency, expressed in Hertz? Reply with ONLY a number (the frequency in Hz). Nothing else. Output only the answer."
bitcrush_4bit,bitcrush,"{'type': 'bitcrush', 'bit_depth': 4}",2083,flute,instrument,83,64,0,0,0,0,B5,C6,0,0,0,si,sol,0,0,0,64,C6,sol,415.306,/home/hsnu2/PitchBench/data/analysis_audio/pitchbench_e1_audio_effects/B5_flute_5000ms_fx_bitcrush_4bit.wav,B5_flute_5000ms_fx_bitcrush_4bit.wav,Listen to this audio clip of a single musical note. What is the MIDI note number (an integer from 0 to 127)? Reply with ONLY the integer. Nothing else. Output only the answer.,"Listen to this audio clip of a single musical note. What is the note name and octave? Reply with ONLY the note name in Scientific Pitch Notation (e.g. C4, F#3, Bb5). Nothing else. Output only the answer.","Listen to this audio clip of a single musical note. What is the solfege syllable and accidental (if needed) of this pitch? Use fixed-do (do=C, re=D, mi=E, fa=F, sol=G, la=A, si=B). Include sharps or flats when needed (e.g. do#, reb, fa#, sib). Do NOT include the octave. Reply with ONLY the syllable and accidental (if needed). Nothing else. Output only the answer.","Listen to this audio clip of a single musical note. What is the main pitch frequency, expressed in Hertz? Reply with ONLY a number (the frequency in Hz). Nothing else. Output only the answer."
distortion_heavy,saturation,"{'type': 'saturation', 'drive_db': 30.0}",3029,flute,instrument,29,45,0,0,0,0,F1,C2,0,0,0,fa,fa#,0,0,0,45,C2,solb,105.26,/home/hsnu2/PitchBench/data/analysis_audio/pitchbench_e1_audio_effects/F1_flute_5000ms_fx_distortion_heavy.wav,F1_flute_5000ms_fx_distortion_heavy.wav,Listen to this audio clip of a single musical note. What is the MIDI note number (an integer from 0 to 127)? Reply with ONLY the integer. Nothing else. Output only the answer.,"Listen to this audio clip of a single musical note. What is the note name and octave? Reply with ONLY the note name in Scientific Pitch Notation (e.g. C4, F#3, Bb5). Nothing else. Output only the answer.","Listen to this audio clip of a single musical note. What is the solfege syllable and accidental (if needed) of this pitch? Use fixed-do (do=C, re=D, mi=E, fa=F, sol=G, la=A, si=B). Include sharps or flats when needed (e.g. do#, reb, fa#, sib). Do NOT include the octave. Reply with ONLY the syllable and accidental (if needed). Nothing else. Output only the answer.","Listen to this audio clip of a single musical note. What is the main pitch frequency, expressed in Hertz? Reply with ONLY a number (the frequency in Hz). Nothing else. Output only the answer."
distortion_heavy,saturation,"{'type': 'saturation', 'drive_db': 30.0}",3038,flute,instrument,38,64,0,0,0,0,D2,C6,0,0,0,re,fa#,0,0,0,64,C6,solb,1058.43,/home/hsnu2/PitchBench/data/analysis_audio/pitchbench_e1_audio_effects/D2_flute_5000ms_fx_distortion_heavy.wav,D2_flute_5000ms_fx_distortion_heavy.wav,Listen to this audio clip of a single musical note. What is the MIDI note number (an integer from 0 to 127)? Reply with ONLY the integer. Nothing else. Output only the answer.,"Listen to this audio clip of a single musical note. What is the note name and octave? Reply with ONLY the note name in Scientific Pitch Notation (e.g. C4, F#3, Bb5). Nothing else. Output only the answer.","Listen to this audio clip of a single musical note. What is the solfege syllable and accidental (if needed) of this pitch? Use fixed-do (do=C, re=D, mi=E, fa=F, sol=G, la=A, si=B). Include sharps or flats when needed (e.g. do#, reb, fa#, sib). Do NOT include the octave. Reply with ONLY the syllable and accidental (if needed). Nothing else. Output only the answer.","Listen to this audio clip of a single musical note. What is the main pitch frequency, expressed in Hertz? Reply with ONLY a number (the frequency in Hz). Nothing else. Output only the answer."
distortion_heavy,saturation,"{'type': 'saturation', 'drive_db': 30.0}",3047,flute,instrument,47,63,0,0,0,0,B2,C6,0,0,0,si,fa#,0,0,0,63,C6,solb,450,/home/hsnu2/PitchBench/data/analysis_audio/pitchbench_e1_audio_effects/B2_flute_5000ms_fx_distortion_heavy.wav,B2_flute_5000ms_fx_distortion_heavy.wav,Listen to this audio clip of a single musical note. What is the MIDI note number (an integer from 0 to 127)? Reply with ONLY the integer. Nothing else. Output only the answer.,"Listen to this audio clip of a single musical note. What is the note name and octave? Reply with ONLY the note name in Scientific Pitch Notation (e.g. C4, F#3, Bb5). Nothing else. Output only the answer.","Listen to this audio clip of a single musical note. What is the solfege syllable and accidental (if needed) of this pitch? Use fixed-do (do=C, re=D, mi=E, fa=F, sol=G, la=A, si=B). Include sharps or flats when needed (e.g. do#, reb, fa#, sib). Do NOT include the octave. Reply with ONLY the syllable and accidental (if needed). Nothing else. Output only the answer.","Listen to this audio clip of a single musical note. What is the main pitch frequency, expressed in Hertz? Reply with ONLY a number (the frequency in Hz). Nothing else. Output only the answer."
distortion_heavy,saturation,"{'type': 'saturation', 'drive_db': 30.0}",3056,flute,instrument,56,45,0,0,0,0,G#3,G2,0,0,0,sol#,sol#,1,0,0,45,G2,sol#,450,/home/hsnu2/PitchBench/data/analysis_audio/pitchbench_e1_audio_effects/Gs3_flute_5000ms_fx_distortion_heavy.wav,Gs3_flute_5000ms_fx_distortion_heavy.wav,Listen to this audio clip of a single musical note. What is the MIDI note number (an integer from 0 to 127)? Reply with ONLY the integer. Nothing else. Output only the answer.,"Listen to this audio clip of a single musical note. What is the note name and octave? Reply with ONLY the note name in Scientific Pitch Notation (e.g. C4, F#3, Bb5). Nothing else. Output only the answer.","Listen to this audio clip of a single musical note. What is the solfege syllable and accidental (if needed) of this pitch? Use fixed-do (do=C, re=D, mi=E, fa=F, sol=G, la=A, si=B). Include sharps or flats when needed (e.g. do#, reb, fa#, sib). Do NOT include the octave. Reply with ONLY the syllable and accidental (if needed). Nothing else. Output only the answer.","Listen to this audio clip of a single musical note. What is the main pitch frequency, expressed in Hertz? Reply with ONLY a number (the frequency in Hz). Nothing else. Output only the answer."
distortion_heavy,saturation,"{'type': 'saturation', 'drive_db': 30.0}",3065,flute,instrument,65,69,0,0,0,1,F4,C6,0,0,0,fa,sol#,0,0,0,69,C6,sol#,450,/home/hsnu2/PitchBench/data/analysis_audio/pitchbench_e1_audio_effects/F4_flute_5000ms_fx_distortion_heavy.wav,F4_flute_5000ms_fx_distortion_heavy.wav,Listen to this audio clip of a single musical note. What is the MIDI note number (an integer from 0 to 127)? Reply with ONLY the integer. Nothing else. Output only the answer.,"Listen to this audio clip of a single musical note. What is the note name and octave? Reply with ONLY the note name in Scientific Pitch Notation (e.g. C4, F#3, Bb5). Nothing else. Output only the answer.","Listen to this audio clip of a single musical note. What is the solfege syllable and accidental (if needed) of this pitch? Use fixed-do (do=C, re=D, mi=E, fa=F, sol=G, la=A, si=B). Include sharps or flats when needed (e.g. do#, reb, fa#, sib). Do NOT include the octave. Reply with ONLY the syllable and accidental (if needed). Nothing else. Output only the answer.","Listen to this audio clip of a single musical note. What is the main pitch frequency, expressed in Hertz? Reply with ONLY a number (the frequency in Hz). Nothing else. Output only the answer."
distortion_heavy,saturation,"{'type': 'saturation', 'drive_db': 30.0}",3074,flute,instrument,74,69,0,0,0,0,D5,D6,0,1,0,re,sol,0,0,0,69,D6,sol,1046.53,/home/hsnu2/PitchBench/data/analysis_audio/pitchbench_e1_audio_effects/D5_flute_5000ms_fx_distortion_heavy.wav,D5_flute_5000ms_fx_distortion_heavy.wav,Listen to this audio clip of a single musical note. What is the MIDI note number (an integer from 0 to 127)? Reply with ONLY the integer. Nothing else. Output only the answer.,"Listen to this audio clip of a single musical note. What is the note name and octave? Reply with ONLY the note name in Scientific Pitch Notation (e.g. C4, F#3, Bb5). Nothing else. Output only the answer.","Listen to this audio clip of a single musical note. What is the solfege syllable and accidental (if needed) of this pitch? Use fixed-do (do=C, re=D, mi=E, fa=F, sol=G, la=A, si=B). Include sharps or flats when needed (e.g. do#, reb, fa#, sib). Do NOT include the octave. Reply with ONLY the syllable and accidental (if needed). Nothing else. Output only the answer.","Listen to this audio clip of a single musical note. What is the main pitch frequency, expressed in Hertz? Reply with ONLY a number (the frequency in Hz). Nothing else. Output only the answer."
distortion_heavy,saturation,"{'type': 'saturation', 'drive_db': 30.0}",3083,flute,instrument,83,83,1,1,1,1,B5,B6,0,1,0,si,sol#,0,0,1,83,B6,sol#,1046.53,/home/hsnu2/PitchBench/data/analysis_audio/pitchbench_e1_audio_effects/B5_flute_5000ms_fx_distortion_heavy.wav,B5_flute_5000ms_fx_distortion_heavy.wav,Listen to this audio clip of a single musical note. What is the MIDI note number (an integer from 0 to 127)? Reply with ONLY the integer. Nothing else. Output only the answer.,"Listen to this audio clip of a single musical note. What is the note name and octave? Reply with ONLY the note name in Scientific Pitch Notation (e.g. C4, F#3, Bb5). Nothing else. Output only the answer.","Listen to this audio clip of a single musical note. What is the solfege syllable and accidental (if needed) of this pitch? Use fixed-do (do=C, re=D, mi=E, fa=F, sol=G, la=A, si=B). Include sharps or flats when needed (e.g. do#, reb, fa#, sib). Do NOT include the octave. Reply with ONLY the syllable and accidental (if needed). Nothing else. Output only the answer.","Listen to this audio clip of a single musical note. What is the main pitch frequency, expressed in Hertz? Reply with ONLY a number (the frequency in Hz). Nothing else. Output only the answer."
reverb_long,reverb_room,"{'type': 'reverb_room', 'room_size': 0.9, 'damping': 0.4, 'wet_level': 0.6, 'dry_level': 0.4}",4029,flute,instrument,29,48,0,0,0,0,F1,C2,0,0,0,fa,fa#,0,0,0,48,C2,solb,105.26,/home/hsnu2/PitchBench/data/analysis_audio/pitchbench_e1_audio_effects/F1_flute_5000ms_fx_reverb_long.wav,F1_flute_5000ms_fx_reverb_long.wav,Listen to this audio clip of a single musical note. What is the MIDI note number (an integer from 0 to 127)? Reply with ONLY the integer. Nothing else. Output only the answer.,"Listen to this audio clip of a single musical note. What is the note name and octave? Reply with ONLY the note name in Scientific Pitch Notation (e.g. C4, F#3, Bb5). Nothing else. Output only the answer.","Listen to this audio clip of a single musical note. What is the solfege syllable and accidental (if needed) of this pitch? Use fixed-do (do=C, re=D, mi=E, fa=F, sol=G, la=A, si=B). Include sharps or flats when needed (e.g. do#, reb, fa#, sib). Do NOT include the octave. Reply with ONLY the syllable and accidental (if needed). Nothing else. Output only the answer.","Listen to this audio clip of a single musical note. What is the main pitch frequency, expressed in Hertz? Reply with ONLY a number (the frequency in Hz). Nothing else. Output only the answer."
reverb_long,reverb_room,"{'type': 'reverb_room', 'room_size': 0.9, 'damping': 0.4, 'wet_level': 0.6, 'dry_level': 0.4}",4038,flute,instrument,38,48,0,0,0,0,D2,C2,0,0,1,re,fa#,0,0,0,48,C2,solb,105.26,/home/hsnu2/PitchBench/data/analysis_audio/pitchbench_e1_audio_effects/D2_flute_5000ms_fx_reverb_long.wav,D2_flute_5000ms_fx_reverb_long.wav,Listen to this audio clip of a single musical note. What is the MIDI note number (an integer from 0 to 127)? Reply with ONLY the integer. Nothing else. Output only the answer.,"Listen to this audio clip of a single musical note. What is the note name and octave? Reply with ONLY the note name in Scientific Pitch Notation (e.g. C4, F#3, Bb5). Nothing else. Output only the answer.","Listen to this audio clip of a single musical note. What is the solfege syllable and accidental (if needed) of this pitch? Use fixed-do (do=C, re=D, mi=E, fa=F, sol=G, la=A, si=B). Include sharps or flats when needed (e.g. do#, reb, fa#, sib). Do NOT include the octave. Reply with ONLY the syllable and accidental (if needed). Nothing else. Output only the answer.","Listen to this audio clip of a single musical note. What is the main pitch frequency, expressed in Hertz? Reply with ONLY a number (the frequency in Hz). Nothing else. Output only the answer."
reverb_long,reverb_room,"{'type': 'reverb_room', 'room_size': 0.9, 'damping': 0.4, 'wet_level': 0.6, 'dry_level': 0.4}",4047,flute,instrument,47,48,0,1,0,0,B2,A#2,0,0,1,si,fa#,0,0,0,48,Bb2,solb,480,/home/hsnu2/PitchBench/data/analysis_audio/pitchbench_e1_audio_effects/B2_flute_5000ms_fx_reverb_long.wav,B2_flute_5000ms_fx_reverb_long.wav,Listen to this audio clip of a single musical note. What is the MIDI note number (an integer from 0 to 127)? Reply with ONLY the integer. Nothing else. Output only the answer.,"Listen to this audio clip of a single musical note. What is the note name and octave? Reply with ONLY the note name in Scientific Pitch Notation (e.g. C4, F#3, Bb5). Nothing else. Output only the answer.","Listen to this audio clip of a single musical note. What is the solfege syllable and accidental (if needed) of this pitch? Use fixed-do (do=C, re=D, mi=E, fa=F, sol=G, la=A, si=B). Include sharps or flats when needed (e.g. do#, reb, fa#, sib). Do NOT include the octave. Reply with ONLY the syllable and accidental (if needed). Nothing else. Output only the answer.","Listen to this audio clip of a single musical note. What is the main pitch frequency, expressed in Hertz? Reply with ONLY a number (the frequency in Hz). Nothing else. Output only the answer."
reverb_long,reverb_room,"{'type': 'reverb_room', 'room_size': 0.9, 'damping': 0.4, 'wet_level': 0.6, 'dry_level': 0.4}",4056,flute,instrument,56,45,0,0,0,0,G#3,C4,0,0,0,sol#,sol,0,0,0,45,C4,sol,435.0,/home/hsnu2/PitchBench/data/analysis_audio/pitchbench_e1_audio_effects/Gs3_flute_5000ms_fx_reverb_long.wav,Gs3_flute_5000ms_fx_reverb_long.wav,Listen to this audio clip of a single musical note. What is the MIDI note number (an integer from 0 to 127)? Reply with ONLY the integer. Nothing else. Output only the answer.,"Listen to this audio clip of a single musical note. What is the note name and octave? Reply with ONLY the note name in Scientific Pitch Notation (e.g. C4, F#3, Bb5). Nothing else. Output only the answer.","Listen to this audio clip of a single musical note. What is the solfege syllable and accidental (if needed) of this pitch? Use fixed-do (do=C, re=D, mi=E, fa=F, sol=G, la=A, si=B). Include sharps or flats when needed (e.g. do#, reb, fa#, sib). Do NOT include the octave. Reply with ONLY the syllable and accidental (if needed). Nothing else. Output only the answer.","Listen to this audio clip of a single musical note. What is the main pitch frequency, expressed in Hertz? Reply with ONLY a number (the frequency in Hz). Nothing else. Output only the answer."
reverb_long,reverb_room,"{'type': 'reverb_room', 'room_size': 0.9, 'damping': 0.4, 'wet_level': 0.6, 'dry_level': 0.4}",4065,flute,instrument,65,65,1,1,1,1,F4,C6,0,0,0,fa,sol,0,0,1,65,C6,sol,659.30,/home/hsnu2/PitchBench/data/analysis_audio/pitchbench_e1_audio_effects/F4_flute_5000ms_fx_reverb_long.wav,F4_flute_5000ms_fx_reverb_long.wav,Listen to this audio clip of a single musical note. What is the MIDI note number (an integer from 0 to 127)? Reply with ONLY the integer. Nothing else. Output only the answer.,"Listen to this audio clip of a single musical note. What is the note name and octave? Reply with ONLY the note name in Scientific Pitch Notation (e.g. C4, F#3, Bb5). Nothing else. Output only the answer.","Listen to this audio clip of a single musical note. What is the solfege syllable and accidental (if needed) of this pitch? Use fixed-do (do=C, re=D, mi=E, fa=F, sol=G, la=A, si=B). Include sharps or flats when needed (e.g. do#, reb, fa#, sib). Do NOT include the octave. Reply with ONLY the syllable and accidental (if needed). Nothing else. Output only the answer.","Listen to this audio clip of a single musical note. What is the main pitch frequency, expressed in Hertz? Reply with ONLY a number (the frequency in Hz). Nothing else. Output only the answer."
reverb_long,reverb_room,"{'type': 'reverb_room', 'room_size': 0.9, 'damping': 0.4, 'wet_level': 0.6, 'dry_level': 0.4}",4074,flute,instrument,74,62,0,0,1,0,D5,C6,0,0,0,re,sol,0,0,0,62,C6,sol,493.88,/home/hsnu2/PitchBench/data/analysis_audio/pitchbench_e1_audio_effects/D5_flute_5000ms_fx_reverb_long.wav,D5_flute_5000ms_fx_reverb_long.wav,Listen to this audio clip of a single musical note. What is the MIDI note number (an integer from 0 to 127)? Reply with ONLY the integer. Nothing else. Output only the answer.,"Listen to this audio clip of a single musical note. What is the note name and octave? Reply with ONLY the note name in Scientific Pitch Notation (e.g. C4, F#3, Bb5). Nothing else. Output only the answer.","Listen to this audio clip of a single musical note. What is the solfege syllable and accidental (if needed) of this pitch? Use fixed-do (do=C, re=D, mi=E, fa=F, sol=G, la=A, si=B). Include sharps or flats when needed (e.g. do#, reb, fa#, sib). Do NOT include the octave. Reply with ONLY the syllable and accidental (if needed). Nothing else. Output only the answer.","Listen to this audio clip of a single musical note. What is the main pitch frequency, expressed in Hertz? Reply with ONLY a number (the frequency in Hz). Nothing else. Output only the answer."
reverb_long,reverb_room,"{'type': 'reverb_room', 'room_size': 0.9, 'damping': 0.4, 'wet_level': 0.6, 'dry_level': 0.4}",4083,flute,instrument,83,83,1,1,1,1,B5,C6,0,0,0,si,fa#,0,0,1,83,C6,solb,857,/home/hsnu2/PitchBench/data/analysis_audio/pitchbench_e1_audio_effects/B5_flute_5000ms_fx_reverb_long.wav,B5_flute_5000ms_fx_reverb_long.wav,Listen to this audio clip of a single musical note. What is the MIDI note number (an integer from 0 to 127)? Reply with ONLY the integer. Nothing else. Output only the answer.,"Listen to this audio clip of a single musical note. What is the note name and octave? Reply with ONLY the note name in Scientific Pitch Notation (e.g. C4, F#3, Bb5). Nothing else. Output only the answer.","Listen to this audio clip of a single musical note. What is the solfege syllable and accidental (if needed) of this pitch? Use fixed-do (do=C, re=D, mi=E, fa=F, sol=G, la=A, si=B). Include sharps or flats when needed (e.g. do#, reb, fa#, sib). Do NOT include the octave. Reply with ONLY the syllable and accidental (if needed). Nothing else. Output only the answer.","Listen to this audio clip of a single musical note. What is the main pitch frequency, expressed in Hertz? Reply with ONLY a number (the frequency in Hz). Nothing else. Output only the answer."
chorus_heavy,chorus,"{'type': 'chorus', 'rate_hz': 1.2, 'depth': 0.9, 'mix': 0.6}",5029,flute,instrument,29,64,0,0,0,0,F1,C2,0,0,0,fa,fa#,0,0,0,64,C2,solb,105.26,/home/hsnu2/PitchBench/data/analysis_audio/pitchbench_e1_audio_effects/F1_flute_5000ms_fx_chorus_heavy.wav,F1_flute_5000ms_fx_chorus_heavy.wav,Listen to this audio clip of a single musical note. What is the MIDI note number (an integer from 0 to 127)? Reply with ONLY the integer. Nothing else. Output only the answer.,"Listen to this audio clip of a single musical note. What is the note name and octave? Reply with ONLY the note name in Scientific Pitch Notation (e.g. C4, F#3, Bb5). Nothing else. Output only the answer.","Listen to this audio clip of a single musical note. What is the solfege syllable and accidental (if needed) of this pitch? Use fixed-do (do=C, re=D, mi=E, fa=F, sol=G, la=A, si=B). Include sharps or flats when needed (e.g. do#, reb, fa#, sib). Do NOT include the octave. Reply with ONLY the syllable and accidental (if needed). Nothing else. Output only the answer.","Listen to this audio clip of a single musical note. What is the main pitch frequency, expressed in Hertz? Reply with ONLY a number (the frequency in Hz). Nothing else. Output only the answer."
chorus_heavy,chorus,"{'type': 'chorus', 'rate_hz': 1.2, 'depth': 0.9, 'mix': 0.6}",5038,flute,instrument,38,65,0,0,0,0,D2,C6,0,0,0,re,fa#,0,0,0,65,C6,solb,105.26,/home/hsnu2/PitchBench/data/analysis_audio/pitchbench_e1_audio_effects/D2_flute_5000ms_fx_chorus_heavy.wav,D2_flute_5000ms_fx_chorus_heavy.wav,Listen to this audio clip of a single musical note. What is the MIDI note number (an integer from 0 to 127)? Reply with ONLY the integer. Nothing else. Output only the answer.,"Listen to this audio clip of a single musical note. What is the note name and octave? Reply with ONLY the note name in Scientific Pitch Notation (e.g. C4, F#3, Bb5). Nothing else. Output only the answer.","Listen to this audio clip of a single musical note. What is the solfege syllable and accidental (if needed) of this pitch? Use fixed-do (do=C, re=D, mi=E, fa=F, sol=G, la=A, si=B). Include sharps or flats when needed (e.g. do#, reb, fa#, sib). Do NOT include the octave. Reply with ONLY the syllable and accidental (if needed). Nothing else. Output only the answer.","Listen to this audio clip of a single musical note. What is the main pitch frequency, expressed in Hertz? Reply with ONLY a number (the frequency in Hz). Nothing else. Output only the answer."
chorus_heavy,chorus,"{'type': 'chorus', 'rate_hz': 1.2, 'depth': 0.9, 'mix': 0.6}",5047,flute,instrument,47,63,0,0,0,0,B2,C6,0,0,0,si,fa#,0,0,0,63,C6,solb,415.30,/home/hsnu2/PitchBench/data/analysis_audio/pitchbench_e1_audio_effects/B2_flute_5000ms_fx_chorus_heavy.wav,B2_flute_5000ms_fx_chorus_heavy.wav,Listen to this audio clip of a single musical note. What is the MIDI note number (an integer from 0 to 127)? Reply with ONLY the integer. Nothing else. Output only the answer.,"Listen to this audio clip of a single musical note. What is the note name and octave? Reply with ONLY the note name in Scientific Pitch Notation (e.g. C4, F#3, Bb5). Nothing else. Output only the answer.","Listen to this audio clip of a single musical note. What is the solfege syllable and accidental (if needed) of this pitch? Use fixed-do (do=C, re=D, mi=E, fa=F, sol=G, la=A, si=B). Include sharps or flats when needed (e.g. do#, reb, fa#, sib). Do NOT include the octave. Reply with ONLY the syllable and accidental (if needed). Nothing else. Output only the answer.","Listen to this audio clip of a single musical note. What is the main pitch frequency, expressed in Hertz? Reply with ONLY a number (the frequency in Hz). Nothing else. Output only the answer."
chorus_heavy,chorus,"{'type': 'chorus', 'rate_hz': 1.2, 'depth': 0.9, 'mix': 0.6}",5056,flute,instrument,56,63,0,0,0,0,G#3,C6,0,0,0,sol#,fa#,0,0,0,63,C6,solb,415.30,/home/hsnu2/PitchBench/data/analysis_audio/pitchbench_e1_audio_effects/Gs3_flute_5000ms_fx_chorus_heavy.wav,Gs3_flute_5000ms_fx_chorus_heavy.wav,Listen to this audio clip of a single musical note. What is the MIDI note number (an integer from 0 to 127)? Reply with ONLY the integer. Nothing else. Output only the answer.,"Listen to this audio clip of a single musical note. What is the note name and octave? Reply with ONLY the note name in Scientific Pitch Notation (e.g. C4, F#3, Bb5). Nothing else. Output only the answer.","Listen to this audio clip of a single musical note. What is the solfege syllable and accidental (if needed) of this pitch? Use fixed-do (do=C, re=D, mi=E, fa=F, sol=G, la=A, si=B). Include sharps or flats when needed (e.g. do#, reb, fa#, sib). Do NOT include the octave. Reply with ONLY the syllable and accidental (if needed). Nothing else. Output only the answer.","Listen to this audio clip of a single musical note. What is the main pitch frequency, expressed in Hertz? Reply with ONLY a number (the frequency in Hz). Nothing else. Output only the answer."
chorus_heavy,chorus,"{'type': 'chorus', 'rate_hz': 1.2, 'depth': 0.9, 'mix': 0.6}",5065,flute,instrument,65,65,1,1,1,1,F4,C6,0,0,0,fa,fa#,0,0,1,65,C6,solb,415.30,/home/hsnu2/PitchBench/data/analysis_audio/pitchbench_e1_audio_effects/F4_flute_5000ms_fx_chorus_heavy.wav,F4_flute_5000ms_fx_chorus_heavy.wav,Listen to this audio clip of a single musical note. What is the MIDI note number (an integer from 0 to 127)? Reply with ONLY the integer. Nothing else. Output only the answer.,"Listen to this audio clip of a single musical note. What is the note name and octave? Reply with ONLY the note name in Scientific Pitch Notation (e.g. C4, F#3, Bb5). Nothing else. Output only the answer.","Listen to this audio clip of a single musical note. What is the solfege syllable and accidental (if needed) of this pitch? Use fixed-do (do=C, re=D, mi=E, fa=F, sol=G, la=A, si=B). Include sharps or flats when needed (e.g. do#, reb, fa#, sib). Do NOT include the octave. Reply with ONLY the syllable and accidental (if needed). Nothing else. Output only the answer.","Listen to this audio clip of a single musical note. What is the main pitch frequency, expressed in Hertz? Reply with ONLY a number (the frequency in Hz). Nothing else. Output only the answer."
chorus_heavy,chorus,"{'type': 'chorus', 'rate_hz': 1.2, 'depth': 0.9, 'mix': 0.6}",5074,flute,instrument,74,69,0,0,0,0,D5,C6,0,0,0,re,sol,0,0,0,69,C6,sol,480,/home/hsnu2/PitchBench/data/analysis_audio/pitchbench_e1_audio_effects/D5_flute_5000ms_fx_chorus_heavy.wav,D5_flute_5000ms_fx_chorus_heavy.wav,Listen to this audio clip of a single musical note. What is the MIDI note number (an integer from 0 to 127)? Reply with ONLY the integer. Nothing else. Output only the answer.,"Listen to this audio clip of a single musical note. What is the note name and octave? Reply with ONLY the note name in Scientific Pitch Notation (e.g. C4, F#3, Bb5). Nothing else. Output only the answer.","Listen to this audio clip of a single musical note. What is the solfege syllable and accidental (if needed) of this pitch? Use fixed-do (do=C, re=D, mi=E, fa=F, sol=G, la=A, si=B). Include sharps or flats when needed (e.g. do#, reb, fa#, sib). Do NOT include the octave. Reply with ONLY the syllable and accidental (if needed). Nothing else. Output only the answer.","Listen to this audio clip of a single musical note. What is the main pitch frequency, expressed in Hertz? Reply with ONLY a number (the frequency in Hz). Nothing else. Output only the answer."
chorus_heavy,chorus,"{'type': 'chorus', 'rate_hz': 1.2, 'depth': 0.9, 'mix': 0.6}",5083,flute,instrument,83,84,0,1,0,0,B5,C6,0,0,0,si,sol#,0,0,0,84,C6,sol#,1046.57,/home/hsnu2/PitchBench/data/analysis_audio/pitchbench_e1_audio_effects/B5_flute_5000ms_fx_chorus_heavy.wav,B5_flute_5000ms_fx_chorus_heavy.wav,Listen to this audio clip of a single musical note. What is the MIDI note number (an integer from 0 to 127)? Reply with ONLY the integer. Nothing else. Output only the answer.,"Listen to this audio clip of a single musical note. What is the note name and octave? Reply with ONLY the note name in Scientific Pitch Notation (e.g. C4, F#3, Bb5). Nothing else. Output only the answer.","Listen to this audio clip of a single musical note. What is the solfege syllable and accidental (if needed) of this pitch? Use fixed-do (do=C, re=D, mi=E, fa=F, sol=G, la=A, si=B). Include sharps or flats when needed (e.g. do#, reb, fa#, sib). Do NOT include the octave. Reply with ONLY the syllable and accidental (if needed). Nothing else. Output only the answer.","Listen to this audio clip of a single musical note. What is the main pitch frequency, expressed in Hertz? Reply with ONLY a number (the frequency in Hz). Nothing else. Output only the answer."
highpass_above_f0,highpass,"{'type': 'highpass', 'cutoff_ratio': 1.5, 'order': 6}",29,piano,instrument,29,43,0,0,0,0,F1,C4,0,0,0,fa,sol,0,0,0,43,C4,sol,4350,/home/hsnu2/PitchBench/data/analysis_audio/pitchbench_e1_audio_effects/F1_piano_5000ms_fx_highpass_above_f0.wav,F1_piano_5000ms_fx_highpass_above_f0.wav,Listen to this audio clip of a single musical note. What is the MIDI note number (an integer from 0 to 127)? Reply with ONLY the integer. Nothing else. Output only the answer.,"Listen to this audio clip of a single musical note. What is the note name and octave? Reply with ONLY the note name in Scientific Pitch Notation (e.g. C4, F#3, Bb5). Nothing else. Output only the answer.","Listen to this audio clip of a single musical note. What is the solfege syllable and accidental (if needed) of this pitch? Use fixed-do (do=C, re=D, mi=E, fa=F, sol=G, la=A, si=B). Include sharps or flats when needed (e.g. do#, reb, fa#, sib). Do NOT include the octave. Reply with ONLY the syllable and accidental (if needed). Nothing else. Output only the answer.","Listen to this audio clip of a single musical note. What is the main pitch frequency, expressed in Hertz? Reply with ONLY a number (the frequency in Hz). Nothing else. Output only the answer."
highpass_above_f0,highpass,"{'type': 'highpass', 'cutoff_ratio': 1.5, 'order': 6}",38,piano,instrument,38,63,0,0,0,0,D2,C6,0,0,0,re,sol,0,0,0,63,C6,sol,450,/home/hsnu2/PitchBench/data/analysis_audio/pitchbench_e1_audio_effects/D2_piano_5000ms_fx_highpass_above_f0.wav,D2_piano_5000ms_fx_highpass_above_f0.wav,Listen to this audio clip of a single musical note. What is the MIDI note number (an integer from 0 to 127)? Reply with ONLY the integer. Nothing else. Output only the answer.,"Listen to this audio clip of a single musical note. What is the note name and octave? Reply with ONLY the note name in Scientific Pitch Notation (e.g. C4, F#3, Bb5). Nothing else. Output only the answer.","Listen to this audio clip of a single musical note. What is the solfege syllable and accidental (if needed) of this pitch? Use fixed-do (do=C, re=D, mi=E, fa=F, sol=G, la=A, si=B). Include sharps or flats when needed (e.g. do#, reb, fa#, sib). Do NOT include the octave. Reply with ONLY the syllable and accidental (if needed). Nothing else. Output only the answer.","Listen to this audio clip of a single musical note. What is the main pitch frequency, expressed in Hertz? Reply with ONLY a number (the frequency in Hz). Nothing else. Output only the answer."
highpass_above_f0,highpass,"{'type': 'highpass', 'cutoff_ratio': 1.5, 'order': 6}",47,piano,instrument,47,45,0,0,0,1,B2,A#2,0,0,1,si,sol,0,0,0,45,Bb2,sol,435,/home/hsnu2/PitchBench/data/analysis_audio/pitchbench_e1_audio_effects/B2_piano_5000ms_fx_highpass_above_f0.wav,B2_piano_5000ms_fx_highpass_above_f0.wav,Listen to this audio clip of a single musical note. What is the MIDI note number (an integer from 0 to 127)? Reply with ONLY the integer. Nothing else. Output only the answer.,"Listen to this audio clip of a single musical note. What is the note name and octave? Reply with ONLY the note name in Scientific Pitch Notation (e.g. C4, F#3, Bb5). Nothing else. Output only the answer.","Listen to this audio clip of a single musical note. What is the solfege syllable and accidental (if needed) of this pitch? Use fixed-do (do=C, re=D, mi=E, fa=F, sol=G, la=A, si=B). Include sharps or flats when needed (e.g. do#, reb, fa#, sib). Do NOT include the octave. Reply with ONLY the syllable and accidental (if needed). Nothing else. Output only the answer.","Listen to this audio clip of a single musical note. What is the main pitch frequency, expressed in Hertz? Reply with ONLY a number (the frequency in Hz). Nothing else. Output only the answer."
highpass_above_f0,highpass,"{'type': 'highpass', 'cutoff_ratio': 1.5, 'order': 6}",56,piano,instrument,56,56,1,1,1,1,G#3,C6,0,0,0,sol#,sol,0,0,1,56,C6,sol,435.0,/home/hsnu2/PitchBench/data/analysis_audio/pitchbench_e1_audio_effects/Gs3_piano_5000ms_fx_highpass_above_f0.wav,Gs3_piano_5000ms_fx_highpass_above_f0.wav,Listen to this audio clip of a single musical note. What is the MIDI note number (an integer from 0 to 127)? Reply with ONLY the integer. Nothing else. Output only the answer.,"Listen to this audio clip of a single musical note. What is the note name and octave? Reply with ONLY the note name in Scientific Pitch Notation (e.g. C4, F#3, Bb5). Nothing else. Output only the answer.","Listen to this audio clip of a single musical note. What is the solfege syllable and accidental (if needed) of this pitch? Use fixed-do (do=C, re=D, mi=E, fa=F, sol=G, la=A, si=B). Include sharps or flats when needed (e.g. do#, reb, fa#, sib). Do NOT include the octave. Reply with ONLY the syllable and accidental (if needed). Nothing else. Output only the answer.","Listen to this audio clip of a single musical note. What is the main pitch frequency, expressed in Hertz? Reply with ONLY a number (the frequency in Hz). Nothing else. Output only the answer."
highpass_above_f0,highpass,"{'type': 'highpass', 'cutoff_ratio': 1.5, 'order': 6}",65,piano,instrument,65,65,1,1,1,1,F4,F#6,0,0,0,fa,sol,0,0,1,65,F#6,sol,493.88,/home/hsnu2/PitchBench/data/analysis_audio/pitchbench_e1_audio_effects/F4_piano_5000ms_fx_highpass_above_f0.wav,F4_piano_5000ms_fx_highpass_above_f0.wav,Listen to this audio clip of a single musical note. What is the MIDI note number (an integer from 0 to 127)? Reply with ONLY the integer. Nothing else. Output only the answer.,"Listen to this audio clip of a single musical note. What is the note name and octave? Reply with ONLY the note name in Scientific Pitch Notation (e.g. C4, F#3, Bb5). Nothing else. Output only the answer.","Listen to this audio clip of a single musical note. What is the solfege syllable and accidental (if needed) of this pitch? Use fixed-do (do=C, re=D, mi=E, fa=F, sol=G, la=A, si=B). Include sharps or flats when needed (e.g. do#, reb, fa#, sib). Do NOT include the octave. Reply with ONLY the syllable and accidental (if needed). Nothing else. Output only the answer.","Listen to this audio clip of a single musical note. What is the main pitch frequency, expressed in Hertz? Reply with ONLY a number (the frequency in Hz). Nothing else. Output only the answer."
highpass_above_f0,highpass,"{'type': 'highpass', 'cutoff_ratio': 1.5, 'order': 6}",74,piano,instrument,74,65,0,0,0,0,D5,F#6,0,0,0,re,sol,0,0,0,65,F#6,sol,493.88,/home/hsnu2/PitchBench/data/analysis_audio/pitchbench_e1_audio_effects/D5_piano_5000ms_fx_highpass_above_f0.wav,D5_piano_5000ms_fx_highpass_above_f0.wav,Listen to this audio clip of a single musical note. What is the MIDI note number (an integer from 0 to 127)? Reply with ONLY the integer. Nothing else. Output only the answer.,"Listen to this audio clip of a single musical note. What is the note name and octave? Reply with ONLY the note name in Scientific Pitch Notation (e.g. C4, F#3, Bb5). Nothing else. Output only the answer.","Listen to this audio clip of a single musical note. What is the solfege syllable and accidental (if needed) of this pitch? Use fixed-do (do=C, re=D, mi=E, fa=F, sol=G, la=A, si=B). Include sharps or flats when needed (e.g. do#, reb, fa#, sib). Do NOT include the octave. Reply with ONLY the syllable and accidental (if needed). Nothing else. Output only the answer.","Listen to this audio clip of a single musical note. What is the main pitch frequency, expressed in Hertz? Reply with ONLY a number (the frequency in Hz). Nothing else. Output only the answer."
highpass_above_f0,highpass,"{'type': 'highpass', 'cutoff_ratio': 1.5, 'order': 6}",83,piano,instrument,83,63,0,0,0,0,B5,C6,0,0,0,si,sol#,0,0,0,63,C6,sol#,493.88,/home/hsnu2/PitchBench/data/analysis_audio/pitchbench_e1_audio_effects/B5_piano_5000ms_fx_highpass_above_f0.wav,B5_piano_5000ms_fx_highpass_above_f0.wav,Listen to this audio clip of a single musical note. What is the MIDI note number (an integer from 0 to 127)? Reply with ONLY the integer. Nothing else. Output only the answer.,"Listen to this audio clip of a single musical note. What is the note name and octave? Reply with ONLY the note name in Scientific Pitch Notation (e.g. C4, F#3, Bb5). Nothing else. Output only the answer.","Listen to this audio clip of a single musical note. What is the solfege syllable and accidental (if needed) of this pitch? Use fixed-do (do=C, re=D, mi=E, fa=F, sol=G, la=A, si=B). Include sharps or flats when needed (e.g. do#, reb, fa#, sib). Do NOT include the octave. Reply with ONLY the syllable and accidental (if needed). Nothing else. Output only the answer.","Listen to this audio clip of a single musical note. What is the main pitch frequency, expressed in Hertz? Reply with ONLY a number (the frequency in Hz). Nothing else. Output only the answer."
lowpass_at_f0,lowpass,"{'type': 'lowpass', 'cutoff_ratio': 1.2, 'order': 6}",1029,piano,instrument,29,34,0,0,0,1,F1,C2,0,0,0,fa,fa#,0,0,0,34,C2,solb,250,/home/hsnu2/PitchBench/data/analysis_audio/pitchbench_e1_audio_effects/F1_piano_5000ms_fx_lowpass_at_f0.wav,F1_piano_5000ms_fx_lowpass_at_f0.wav,Listen to this audio clip of a single musical note. What is the MIDI note number (an integer from 0 to 127)? Reply with ONLY the integer. Nothing else. Output only the answer.,"Listen to this audio clip of a single musical note. What is the note name and octave? Reply with ONLY the note name in Scientific Pitch Notation (e.g. C4, F#3, Bb5). Nothing else. Output only the answer.","Listen to this audio clip of a single musical note. What is the solfege syllable and accidental (if needed) of this pitch? Use fixed-do (do=C, re=D, mi=E, fa=F, sol=G, la=A, si=B). Include sharps or flats when needed (e.g. do#, reb, fa#, sib). Do NOT include the octave. Reply with ONLY the syllable and accidental (if needed). Nothing else. Output only the answer.","Listen to this audio clip of a single musical note. What is the main pitch frequency, expressed in Hertz? Reply with ONLY a number (the frequency in Hz). Nothing else. Output only the answer."
lowpass_at_f0,lowpass,"{'type': 'lowpass', 'cutoff_ratio': 1.2, 'order': 6}",1038,piano,instrument,38,36,0,0,0,1,D2,C2,0,0,1,re,fa#,0,0,0,36,C2,solb,105.26,/home/hsnu2/PitchBench/data/analysis_audio/pitchbench_e1_audio_effects/D2_piano_5000ms_fx_lowpass_at_f0.wav,D2_piano_5000ms_fx_lowpass_at_f0.wav,Listen to this audio clip of a single musical note. What is the MIDI note number (an integer from 0 to 127)? Reply with ONLY the integer. Nothing else. Output only the answer.,"Listen to this audio clip of a single musical note. What is the note name and octave? Reply with ONLY the note name in Scientific Pitch Notation (e.g. C4, F#3, Bb5). Nothing else. Output only the answer.","Listen to this audio clip of a single musical note. What is the solfege syllable and accidental (if needed) of this pitch? Use fixed-do (do=C, re=D, mi=E, fa=F, sol=G, la=A, si=B). Include sharps or flats when needed (e.g. do#, reb, fa#, sib). Do NOT include the octave. Reply with ONLY the syllable and accidental (if needed). Nothing else. Output only the answer.","Listen to this audio clip of a single musical note. What is the main pitch frequency, expressed in Hertz? Reply with ONLY a number (the frequency in Hz). Nothing else. Output only the answer."
lowpass_at_f0,lowpass,"{'type': 'lowpass', 'cutoff_ratio': 1.2, 'order': 6}",1047,piano,instrument,47,48,0,1,0,0,B2,C6,0,0,0,si,fa#,0,0,0,48,C6,solb,480,/home/hsnu2/PitchBench/data/analysis_audio/pitchbench_e1_audio_effects/B2_piano_5000ms_fx_lowpass_at_f0.wav,B2_piano_5000ms_fx_lowpass_at_f0.wav,Listen to this audio clip of a single musical note. What is the MIDI note number (an integer from 0 to 127)? Reply with ONLY the integer. Nothing else. Output only the answer.,"Listen to this audio clip of a single musical note. What is the note name and octave? Reply with ONLY the note name in Scientific Pitch Notation (e.g. C4, F#3, Bb5). Nothing else. Output only the answer.","Listen to this audio clip of a single musical note. What is the solfege syllable and accidental (if needed) of this pitch? Use fixed-do (do=C, re=D, mi=E, fa=F, sol=G, la=A, si=B). Include sharps or flats when needed (e.g. do#, reb, fa#, sib). Do NOT include the octave. Reply with ONLY the syllable and accidental (if needed). Nothing else. Output only the answer.","Listen to this audio clip of a single musical note. What is the main pitch frequency, expressed in Hertz? Reply with ONLY a number (the frequency in Hz). Nothing else. Output only the answer."
lowpass_at_f0,lowpass,"{'type': 'lowpass', 'cutoff_ratio': 1.2, 'order': 6}",1056,piano,instrument,56,56,1,1,1,1,G#3,C6,0,0,0,sol#,fa#,0,0,1,56,C6,solb,480,/home/hsnu2/PitchBench/data/analysis_audio/pitchbench_e1_audio_effects/Gs3_piano_5000ms_fx_lowpass_at_f0.wav,Gs3_piano_5000ms_fx_lowpass_at_f0.wav,Listen to this audio clip of a single musical note. What is the MIDI note number (an integer from 0 to 127)? Reply with ONLY the integer. Nothing else. Output only the answer.,"Listen to this audio clip of a single musical note. What is the note name and octave? Reply with ONLY the note name in Scientific Pitch Notation (e.g. C4, F#3, Bb5). Nothing else. Output only the answer.","Listen to this audio clip of a single musical note. What is the solfege syllable and accidental (if needed) of this pitch? Use fixed-do (do=C, re=D, mi=E, fa=F, sol=G, la=A, si=B). Include sharps or flats when needed (e.g. do#, reb, fa#, sib). Do NOT include the octave. Reply with ONLY the syllable and accidental (if needed). Nothing else. Output only the answer.","Listen to this audio clip of a single musical note. What is the main pitch frequency, expressed in Hertz? Reply with ONLY a number (the frequency in Hz). Nothing else. Output only the answer."
lowpass_at_f0,lowpass,"{'type': 'lowpass', 'cutoff_ratio': 1.2, 'order': 6}",1065,piano,instrument,65,65,1,1,1,1,F4,C6,0,0,0,fa,fa#,0,0,1,65,C6,solb,450,/home/hsnu2/PitchBench/data/analysis_audio/pitchbench_e1_audio_effects/F4_piano_5000ms_fx_lowpass_at_f0.wav,F4_piano_5000ms_fx_lowpass_at_f0.wav,Listen to this audio clip of a single musical note. What is the MIDI note number (an integer from 0 to 127)? Reply with ONLY the integer. Nothing else. Output only the answer.,"Listen to this audio clip of a single musical note. What is the note name and octave? Reply with ONLY the note name in Scientific Pitch Notation (e.g. C4, F#3, Bb5). Nothing else. Output only the answer.","Listen to this audio clip of a single musical note. What is the solfege syllable and accidental (if needed) of this pitch? Use fixed-do (do=C, re=D, mi=E, fa=F, sol=G, la=A, si=B). Include sharps or flats when needed (e.g. do#, reb, fa#, sib). Do NOT include the octave. Reply with ONLY the syllable and accidental (if needed). Nothing else. Output only the answer.","Listen to this audio clip of a single musical note. What is the main pitch frequency, expressed in Hertz? Reply with ONLY a number (the frequency in Hz). Nothing else. Output only the answer."
lowpass_at_f0,lowpass,"{'type': 'lowpass', 'cutoff_ratio': 1.2, 'order': 6}",1074,piano,instrument,74,68,0,0,0,0,D5,C6,0,0,0,re,sol,0,0,0,68,C6,sol,1054.87,/home/hsnu2/PitchBench/data/analysis_audio/pitchbench_e1_audio_effects/D5_piano_5000ms_fx_lowpass_at_f0.wav,D5_piano_5000ms_fx_lowpass_at_f0.wav,Listen to this audio clip of a single musical note. What is the MIDI note number (an integer from 0 to 127)? Reply with ONLY the integer. Nothing else. Output only the answer.,"Listen to this audio clip of a single musical note. What is the note name and octave? Reply with ONLY the note name in Scientific Pitch Notation (e.g. C4, F#3, Bb5). Nothing else. Output only the answer.","Listen to this audio clip of a single musical note. What is the solfege syllable and accidental (if needed) of this pitch? Use fixed-do (do=C, re=D, mi=E, fa=F, sol=G, la=A, si=B). Include sharps or flats when needed (e.g. do#, reb, fa#, sib). Do NOT include the octave. Reply with ONLY the syllable and accidental (if needed). Nothing else. Output only the answer.","Listen to this audio clip of a single musical note. What is the main pitch frequency, expressed in Hertz? Reply with ONLY a number (the frequency in Hz). Nothing else. Output only the answer."
lowpass_at_f0,lowpass,"{'type': 'lowpass', 'cutoff_ratio': 1.2, 'order': 6}",1083,piano,instrument,83,83,1,1,1,1,B5,C6,0,0,0,si,sol,0,0,1,83,C6,sol,1034.56,/home/hsnu2/PitchBench/data/analysis_audio/pitchbench_e1_audio_effects/B5_piano_5000ms_fx_lowpass_at_f0.wav,B5_piano_5000ms_fx_lowpass_at_f0.wav,Listen to this audio clip of a single musical note. What is the MIDI note number (an integer from 0 to 127)? Reply with ONLY the integer. Nothing else. Output only the answer.,"Listen to this audio clip of a single musical note. What is the note name and octave? Reply with ONLY the note name in Scientific Pitch Notation (e.g. C4, F#3, Bb5). Nothing else. Output only the answer.","Listen to this audio clip of a single musical note. What is the solfege syllable and accidental (if needed) of this pitch? Use fixed-do (do=C, re=D, mi=E, fa=F, sol=G, la=A, si=B). Include sharps or flats when needed (e.g. do#, reb, fa#, sib). Do NOT include the octave. Reply with ONLY the syllable and accidental (if needed). Nothing else. Output only the answer.","Listen to this audio clip of a single musical note. What is the main pitch frequency, expressed in Hertz? Reply with ONLY a number (the frequency in Hz). Nothing else. Output only the answer."
bitcrush_4bit,bitcrush,"{'type': 'bitcrush', 'bit_depth': 4}",2029,piano,instrument,29,64,0,0,0,0,F1,C6,0,0,0,fa,fa#,0,0,0,64,C6,solb,415.38,/home/hsnu2/PitchBench/data/analysis_audio/pitchbench_e1_audio_effects/F1_piano_5000ms_fx_bitcrush_4bit.wav,F1_piano_5000ms_fx_bitcrush_4bit.wav,Listen to this audio clip of a single musical note. What is the MIDI note number (an integer from 0 to 127)? Reply with ONLY the integer. Nothing else. Output only the answer.,"Listen to this audio clip of a single musical note. What is the note name and octave? Reply with ONLY the note name in Scientific Pitch Notation (e.g. C4, F#3, Bb5). Nothing else. Output only the answer.","Listen to this audio clip of a single musical note. What is the solfege syllable and accidental (if needed) of this pitch? Use fixed-do (do=C, re=D, mi=E, fa=F, sol=G, la=A, si=B). Include sharps or flats when needed (e.g. do#, reb, fa#, sib). Do NOT include the octave. Reply with ONLY the syllable and accidental (if needed). Nothing else. Output only the answer.","Listen to this audio clip of a single musical note. What is the main pitch frequency, expressed in Hertz? Reply with ONLY a number (the frequency in Hz). Nothing else. Output only the answer."
bitcrush_4bit,bitcrush,"{'type': 'bitcrush', 'bit_depth': 4}",2038,piano,instrument,38,64,0,0,0,0,D2,C6,0,0,0,re,fa#,0,0,0,64,C6,solb,480,/home/hsnu2/PitchBench/data/analysis_audio/pitchbench_e1_audio_effects/D2_piano_5000ms_fx_bitcrush_4bit.wav,D2_piano_5000ms_fx_bitcrush_4bit.wav,Listen to this audio clip of a single musical note. What is the MIDI note number (an integer from 0 to 127)? Reply with ONLY the integer. Nothing else. Output only the answer.,"Listen to this audio clip of a single musical note. What is the note name and octave? Reply with ONLY the note name in Scientific Pitch Notation (e.g. C4, F#3, Bb5). Nothing else. Output only the answer.","Listen to this audio clip of a single musical note. What is the solfege syllable and accidental (if needed) of this pitch? Use fixed-do (do=C, re=D, mi=E, fa=F, sol=G, la=A, si=B). Include sharps or flats when needed (e.g. do#, reb, fa#, sib). Do NOT include the octave. Reply with ONLY the syllable and accidental (if needed). Nothing else. Output only the answer.","Listen to this audio clip of a single musical note. What is the main pitch frequency, expressed in Hertz? Reply with ONLY a number (the frequency in Hz). Nothing else. Output only the answer."
bitcrush_4bit,bitcrush,"{'type': 'bitcrush', 'bit_depth': 4}",2047,piano,instrument,47,64,0,0,0,0,B2,C6,0,0,0,si,fa#,0,0,0,64,C6,solb,415.38,/home/hsnu2/PitchBench/data/analysis_audio/pitchbench_e1_audio_effects/B2_piano_5000ms_fx_bitcrush_4bit.wav,B2_piano_5000ms_fx_bitcrush_4bit.wav,Listen to this audio clip of a single musical note. What is the MIDI note number (an integer from 0 to 127)? Reply with ONLY the integer. Nothing else. Output only the answer.,"Listen to this audio clip of a single musical note. What is the note name and octave? Reply with ONLY the note name in Scientific Pitch Notation (e.g. C4, F#3, Bb5). Nothing else. Output only the answer.","Listen to this audio clip of a single musical note. What is the solfege syllable and accidental (if needed) of this pitch? Use fixed-do (do=C, re=D, mi=E, fa=F, sol=G, la=A, si=B). Include sharps or flats when needed (e.g. do#, reb, fa#, sib). Do NOT include the octave. Reply with ONLY the syllable and accidental (if needed). Nothing else. Output only the answer.","Listen to this audio clip of a single musical note. What is the main pitch frequency, expressed in Hertz? Reply with ONLY a number (the frequency in Hz). Nothing else. Output only the answer."
bitcrush_4bit,bitcrush,"{'type': 'bitcrush', 'bit_depth': 4}",2056,piano,instrument,56,63,0,0,0,0,G#3,C6,0,0,0,sol#,fa#,0,0,0,63,C6,solb,480,/home/hsnu2/PitchBench/data/analysis_audio/pitchbench_e1_audio_effects/Gs3_piano_5000ms_fx_bitcrush_4bit.wav,Gs3_piano_5000ms_fx_bitcrush_4bit.wav,Listen to this audio clip of a single musical note. What is the MIDI note number (an integer from 0 to 127)? Reply with ONLY the integer. Nothing else. Output only the answer.,"Listen to this audio clip of a single musical note. What is the note name and octave? Reply with ONLY the note name in Scientific Pitch Notation (e.g. C4, F#3, Bb5). Nothing else. Output only the answer.","Listen to this audio clip of a single musical note. What is the solfege syllable and accidental (if needed) of this pitch? Use fixed-do (do=C, re=D, mi=E, fa=F, sol=G, la=A, si=B). Include sharps or flats when needed (e.g. do#, reb, fa#, sib). Do NOT include the octave. Reply with ONLY the syllable and accidental (if needed). Nothing else. Output only the answer.","Listen to this audio clip of a single musical note. What is the main pitch frequency, expressed in Hertz? Reply with ONLY a number (the frequency in Hz). Nothing else. Output only the answer."
bitcrush_4bit,bitcrush,"{'type': 'bitcrush', 'bit_depth': 4}",2065,piano,instrument,65,65,1,1,1,1,F4,C6,0,0,0,fa,fa#,0,0,1,65,C6,solb,493.88,/home/hsnu2/PitchBench/data/analysis_audio/pitchbench_e1_audio_effects/F4_piano_5000ms_fx_bitcrush_4bit.wav,F4_piano_5000ms_fx_bitcrush_4bit.wav,Listen to this audio clip of a single musical note. What is the MIDI note number (an integer from 0 to 127)? Reply with ONLY the integer. Nothing else. Output only the answer.,"Listen to this audio clip of a single musical note. What is the note name and octave? Reply with ONLY the note name in Scientific Pitch Notation (e.g. C4, F#3, Bb5). Nothing else. Output only the answer.","Listen to this audio clip of a single musical note. What is the solfege syllable and accidental (if needed) of this pitch? Use fixed-do (do=C, re=D, mi=E, fa=F, sol=G, la=A, si=B). Include sharps or flats when needed (e.g. do#, reb, fa#, sib). Do NOT include the octave. Reply with ONLY the syllable and accidental (if needed). Nothing else. Output only the answer.","Listen to this audio clip of a single musical note. What is the main pitch frequency, expressed in Hertz? Reply with ONLY a number (the frequency in Hz). Nothing else. Output only the answer."
bitcrush_4bit,bitcrush,"{'type': 'bitcrush', 'bit_depth': 4}",2074,piano,instrument,74,64,0,0,0,0,D5,C6,0,0,0,re,sol,0,0,0,64,C6,sol,480,/home/hsnu2/PitchBench/data/analysis_audio/pitchbench_e1_audio_effects/D5_piano_5000ms_fx_bitcrush_4bit.wav,D5_piano_5000ms_fx_bitcrush_4bit.wav,Listen to this audio clip of a single musical note. What is the MIDI note number (an integer from 0 to 127)? Reply with ONLY the integer. Nothing else. Output only the answer.,"Listen to this audio clip of a single musical note. What is the note name and octave? Reply with ONLY the note name in Scientific Pitch Notation (e.g. C4, F#3, Bb5). Nothing else. Output only the answer.","Listen to this audio clip of a single musical note. What is the solfege syllable and accidental (if needed) of this pitch? Use fixed-do (do=C, re=D, mi=E, fa=F, sol=G, la=A, si=B). Include sharps or flats when needed (e.g. do#, reb, fa#, sib). Do NOT include the octave. Reply with ONLY the syllable and accidental (if needed). Nothing else. Output only the answer.","Listen to this audio clip of a single musical note. What is the main pitch frequency, expressed in Hertz? Reply with ONLY a number (the frequency in Hz). Nothing else. Output only the answer."
bitcrush_4bit,bitcrush,"{'type': 'bitcrush', 'bit_depth': 4}",2083,piano,instrument,83,63,0,0,0,0,B5,C6,0,0,0,si,sol,0,0,0,63,C6,sol,1034.52,/home/hsnu2/PitchBench/data/analysis_audio/pitchbench_e1_audio_effects/B5_piano_5000ms_fx_bitcrush_4bit.wav,B5_piano_5000ms_fx_bitcrush_4bit.wav,Listen to this audio clip of a single musical note. What is the MIDI note number (an integer from 0 to 127)? Reply with ONLY the integer. Nothing else. Output only the answer.,"Listen to this audio clip of a single musical note. What is the note name and octave? Reply with ONLY the note name in Scientific Pitch Notation (e.g. C4, F#3, Bb5). Nothing else. Output only the answer.","Listen to this audio clip of a single musical note. What is the solfege syllable and accidental (if needed) of this pitch? Use fixed-do (do=C, re=D, mi=E, fa=F, sol=G, la=A, si=B). Include sharps or flats when needed (e.g. do#, reb, fa#, sib). Do NOT include the octave. Reply with ONLY the syllable and accidental (if needed). Nothing else. Output only the answer.","Listen to this audio clip of a single musical note. What is the main pitch frequency, expressed in Hertz? Reply with ONLY a number (the frequency in Hz). Nothing else. Output only the answer."
distortion_heavy,saturation,"{'type': 'saturation', 'drive_db': 30.0}",3029,piano,instrument,29,64,0,0,0,0,F1,C6,0,0,0,fa,fa#,0,0,0,64,C6,solb,415.38,/home/hsnu2/PitchBench/data/analysis_audio/pitchbench_e1_audio_effects/F1_piano_5000ms_fx_distortion_heavy.wav,F1_piano_5000ms_fx_distortion_heavy.wav,Listen to this audio clip of a single musical note. What is the MIDI note number (an integer from 0 to 127)? Reply with ONLY the integer. Nothing else. Output only the answer.,"Listen to this audio clip of a single musical note. What is the note name and octave? Reply with ONLY the note name in Scientific Pitch Notation (e.g. C4, F#3, Bb5). Nothing else. Output only the answer.","Listen to this audio clip of a single musical note. What is the solfege syllable and accidental (if needed) of this pitch? Use fixed-do (do=C, re=D, mi=E, fa=F, sol=G, la=A, si=B). Include sharps or flats when needed (e.g. do#, reb, fa#, sib). Do NOT include the octave. Reply with ONLY the syllable and accidental (if needed). Nothing else. Output only the answer.","Listen to this audio clip of a single musical note. What is the main pitch frequency, expressed in Hertz? Reply with ONLY a number (the frequency in Hz). Nothing else. Output only the answer."
distortion_heavy,saturation,"{'type': 'saturation', 'drive_db': 30.0}",3038,piano,instrument,38,64,0,0,0,0,D2,C6,0,0,0,re,fa#,0,0,0,64,C6,solb,480,/home/hsnu2/PitchBench/data/analysis_audio/pitchbench_e1_audio_effects/D2_piano_5000ms_fx_distortion_heavy.wav,D2_piano_5000ms_fx_distortion_heavy.wav,Listen to this audio clip of a single musical note. What is the MIDI note number (an integer from 0 to 127)? Reply with ONLY the integer. Nothing else. Output only the answer.,"Listen to this audio clip of a single musical note. What is the note name and octave? Reply with ONLY the note name in Scientific Pitch Notation (e.g. C4, F#3, Bb5). Nothing else. Output only the answer.","Listen to this audio clip of a single musical note. What is the solfege syllable and accidental (if needed) of this pitch? Use fixed-do (do=C, re=D, mi=E, fa=F, sol=G, la=A, si=B). Include sharps or flats when needed (e.g. do#, reb, fa#, sib). Do NOT include the octave. Reply with ONLY the syllable and accidental (if needed). Nothing else. Output only the answer.","Listen to this audio clip of a single musical note. What is the main pitch frequency, expressed in Hertz? Reply with ONLY a number (the frequency in Hz). Nothing else. Output only the answer."
distortion_heavy,saturation,"{'type': 'saturation', 'drive_db': 30.0}",3047,piano,instrument,47,63,0,0,0,0,B2,A#6,0,0,0,si,fa#,0,0,0,63,Bb6,solb,1054.87,/home/hsnu2/PitchBench/data/analysis_audio/pitchbench_e1_audio_effects/B2_piano_5000ms_fx_distortion_heavy.wav,B2_piano_5000ms_fx_distortion_heavy.wav,Listen to this audio clip of a single musical note. What is the MIDI note number (an integer from 0 to 127)? Reply with ONLY the integer. Nothing else. Output only the answer.,"Listen to this audio clip of a single musical note. What is the note name and octave? Reply with ONLY the note name in Scientific Pitch Notation (e.g. C4, F#3, Bb5). Nothing else. Output only the answer.","Listen to this audio clip of a single musical note. What is the solfege syllable and accidental (if needed) of this pitch? Use fixed-do (do=C, re=D, mi=E, fa=F, sol=G, la=A, si=B). Include sharps or flats when needed (e.g. do#, reb, fa#, sib). Do NOT include the octave. Reply with ONLY the syllable and accidental (if needed). Nothing else. Output only the answer.","Listen to this audio clip of a single musical note. What is the main pitch frequency, expressed in Hertz? Reply with ONLY a number (the frequency in Hz). Nothing else. Output only the answer."
distortion_heavy,saturation,"{'type': 'saturation', 'drive_db': 30.0}",3056,piano,instrument,56,65,0,0,0,0,G#3,C6,0,0,0,sol#,fa#,0,0,0,65,C6,solb,480,/home/hsnu2/PitchBench/data/analysis_audio/pitchbench_e1_audio_effects/Gs3_piano_5000ms_fx_distortion_heavy.wav,Gs3_piano_5000ms_fx_distortion_heavy.wav,Listen to this audio clip of a single musical note. What is the MIDI note number (an integer from 0 to 127)? Reply with ONLY the integer. Nothing else. Output only the answer.,"Listen to this audio clip of a single musical note. What is the note name and octave? Reply with ONLY the note name in Scientific Pitch Notation (e.g. C4, F#3, Bb5). Nothing else. Output only the answer.","Listen to this audio clip of a single musical note. What is the solfege syllable and accidental (if needed) of this pitch? Use fixed-do (do=C, re=D, mi=E, fa=F, sol=G, la=A, si=B). Include sharps or flats when needed (e.g. do#, reb, fa#, sib). Do NOT include the octave. Reply with ONLY the syllable and accidental (if needed). Nothing else. Output only the answer.","Listen to this audio clip of a single musical note. What is the main pitch frequency, expressed in Hertz? Reply with ONLY a number (the frequency in Hz). Nothing else. Output only the answer."
distortion_heavy,saturation,"{'type': 'saturation', 'drive_db': 30.0}",3065,piano,instrument,65,65,1,1,1,1,F4,C6,0,0,0,fa,fa#,0,0,1,65,C6,solb,480,/home/hsnu2/PitchBench/data/analysis_audio/pitchbench_e1_audio_effects/F4_piano_5000ms_fx_distortion_heavy.wav,F4_piano_5000ms_fx_distortion_heavy.wav,Listen to this audio clip of a single musical note. What is the MIDI note number (an integer from 0 to 127)? Reply with ONLY the integer. Nothing else. Output only the answer.,"Listen to this audio clip of a single musical note. What is the note name and octave? Reply with ONLY the note name in Scientific Pitch Notation (e.g. C4, F#3, Bb5). Nothing else. Output only the answer.","Listen to this audio clip of a single musical note. What is the solfege syllable and accidental (if needed) of this pitch? Use fixed-do (do=C, re=D, mi=E, fa=F, sol=G, la=A, si=B). Include sharps or flats when needed (e.g. do#, reb, fa#, sib). Do NOT include the octave. Reply with ONLY the syllable and accidental (if needed). Nothing else. Output only the answer.","Listen to this audio clip of a single musical note. What is the main pitch frequency, expressed in Hertz? Reply with ONLY a number (the frequency in Hz). Nothing else. Output only the answer."
distortion_heavy,saturation,"{'type': 'saturation', 'drive_db': 30.0}",3074,piano,instrument,74,69,0,0,0,0,D5,C6,0,0,0,re,fa#,0,0,0,69,C6,solb,1058.47,/home/hsnu2/PitchBench/data/analysis_audio/pitchbench_e1_audio_effects/D5_piano_5000ms_fx_distortion_heavy.wav,D5_piano_5000ms_fx_distortion_heavy.wav,Listen to this audio clip of a single musical note. What is the MIDI note number (an integer from 0 to 127)? Reply with ONLY the integer. Nothing else. Output only the answer.,"Listen to this audio clip of a single musical note. What is the note name and octave? Reply with ONLY the note name in Scientific Pitch Notation (e.g. C4, F#3, Bb5). Nothing else. Output only the answer.","Listen to this audio clip of a single musical note. What is the solfege syllable and accidental (if needed) of this pitch? Use fixed-do (do=C, re=D, mi=E, fa=F, sol=G, la=A, si=B). Include sharps or flats when needed (e.g. do#, reb, fa#, sib). Do NOT include the octave. Reply with ONLY the syllable and accidental (if needed). Nothing else. Output only the answer.","Listen to this audio clip of a single musical note. What is the main pitch frequency, expressed in Hertz? Reply with ONLY a number (the frequency in Hz). Nothing else. Output only the answer."
distortion_heavy,saturation,"{'type': 'saturation', 'drive_db': 30.0}",3083,piano,instrument,83,68,0,0,0,0,B5,C6,0,0,0,si,sol,0,0,0,68,C6,sol,1034.58,/home/hsnu2/PitchBench/data/analysis_audio/pitchbench_e1_audio_effects/B5_piano_5000ms_fx_distortion_heavy.wav,B5_piano_5000ms_fx_distortion_heavy.wav,Listen to this audio clip of a single musical note. What is the MIDI note number (an integer from 0 to 127)? Reply with ONLY the integer. Nothing else. Output only the answer.,"Listen to this audio clip of a single musical note. What is the note name and octave? Reply with ONLY the note name in Scientific Pitch Notation (e.g. C4, F#3, Bb5). Nothing else. Output only the answer.","Listen to this audio clip of a single musical note. What is the solfege syllable and accidental (if needed) of this pitch? Use fixed-do (do=C, re=D, mi=E, fa=F, sol=G, la=A, si=B). Include sharps or flats when needed (e.g. do#, reb, fa#, sib). Do NOT include the octave. Reply with ONLY the syllable and accidental (if needed). Nothing else. Output only the answer.","Listen to this audio clip of a single musical note. What is the main pitch frequency, expressed in Hertz? Reply with ONLY a number (the frequency in Hz). Nothing else. Output only the answer."
reverb_long,reverb_room,"{'type': 'reverb_room', 'room_size': 0.9, 'damping': 0.4, 'wet_level': 0.6, 'dry_level': 0.4}",4029,piano,instrument,29,64,0,0,0,0,F1,C6,0,0,0,fa,sol#,0,0,0,64,C6,sol#,435,/home/hsnu2/PitchBench/data/analysis_audio/pitchbench_e1_audio_effects/F1_piano_5000ms_fx_reverb_long.wav,F1_piano_5000ms_fx_reverb_long.wav,Listen to this audio clip of a single musical note. What is the MIDI note number (an integer from 0 to 127)? Reply with ONLY the integer. Nothing else. Output only the answer.,"Listen to this audio clip of a single musical note. What is the note name and octave? Reply with ONLY the note name in Scientific Pitch Notation (e.g. C4, F#3, Bb5). Nothing else. Output only the answer.","Listen to this audio clip of a single musical note. What is the solfege syllable and accidental (if needed) of this pitch? Use fixed-do (do=C, re=D, mi=E, fa=F, sol=G, la=A, si=B). Include sharps or flats when needed (e.g. do#, reb, fa#, sib). Do NOT include the octave. Reply with ONLY the syllable and accidental (if needed). Nothing else. Output only the answer.","Listen to this audio clip of a single musical note. What is the main pitch frequency, expressed in Hertz? Reply with ONLY a number (the frequency in Hz). Nothing else. Output only the answer."
reverb_long,reverb_room,"{'type': 'reverb_room', 'room_size': 0.9, 'damping': 0.4, 'wet_level': 0.6, 'dry_level': 0.4}",4038,piano,instrument,38,63,0,0,0,0,D2,C6,0,0,0,re,fa#,0,0,0,63,C6,solb,460,/home/hsnu2/PitchBench/data/analysis_audio/pitchbench_e1_audio_effects/D2_piano_5000ms_fx_reverb_long.wav,D2_piano_5000ms_fx_reverb_long.wav,Listen to this audio clip of a single musical note. What is the MIDI note number (an integer from 0 to 127)? Reply with ONLY the integer. Nothing else. Output only the answer.,"Listen to this audio clip of a single musical note. What is the note name and octave? Reply with ONLY the note name in Scientific Pitch Notation (e.g. C4, F#3, Bb5). Nothing else. Output only the answer.","Listen to this audio clip of a single musical note. What is the solfege syllable and accidental (if needed) of this pitch? Use fixed-do (do=C, re=D, mi=E, fa=F, sol=G, la=A, si=B). Include sharps or flats when needed (e.g. do#, reb, fa#, sib). Do NOT include the octave. Reply with ONLY the syllable and accidental (if needed). Nothing else. Output only the answer.","Listen to this audio clip of a single musical note. What is the main pitch frequency, expressed in Hertz? Reply with ONLY a number (the frequency in Hz). Nothing else. Output only the answer."
reverb_long,reverb_room,"{'type': 'reverb_room', 'room_size': 0.9, 'damping': 0.4, 'wet_level': 0.6, 'dry_level': 0.4}",4047,piano,instrument,47,63,0,0,0,0,B2,C6,0,0,0,si,fa#,0,0,0,63,C6,solb,493.88,/home/hsnu2/PitchBench/data/analysis_audio/pitchbench_e1_audio_effects/B2_piano_5000ms_fx_reverb_long.wav,B2_piano_5000ms_fx_reverb_long.wav,Listen to this audio clip of a single musical note. What is the MIDI note number (an integer from 0 to 127)? Reply with ONLY the integer. Nothing else. Output only the answer.,"Listen to this audio clip of a single musical note. What is the note name and octave? Reply with ONLY the note name in Scientific Pitch Notation (e.g. C4, F#3, Bb5). Nothing else. Output only the answer.","Listen to this audio clip of a single musical note. What is the solfege syllable and accidental (if needed) of this pitch? Use fixed-do (do=C, re=D, mi=E, fa=F, sol=G, la=A, si=B). Include sharps or flats when needed (e.g. do#, reb, fa#, sib). Do NOT include the octave. Reply with ONLY the syllable and accidental (if needed). Nothing else. Output only the answer.","Listen to this audio clip of a single musical note. What is the main pitch frequency, expressed in Hertz? Reply with ONLY a number (the frequency in Hz). Nothing else. Output only the answer."
reverb_long,reverb_room,"{'type': 'reverb_room', 'room_size': 0.9, 'damping': 0.4, 'wet_level': 0.6, 'dry_level': 0.4}",4056,piano,instrument,56,63,0,0,0,0,G#3,C6,0,0,0,sol#,fa#,0,0,0,63,C6,solb,450,/home/hsnu2/PitchBench/data/analysis_audio/pitchbench_e1_audio_effects/Gs3_piano_5000ms_fx_reverb_long.wav,Gs3_piano_5000ms_fx_reverb_long.wav,Listen to this audio clip of a single musical note. What is the MIDI note number (an integer from 0 to 127)? Reply with ONLY the integer. Nothing else. Output only the answer.,"Listen to this audio clip of a single musical note. What is the note name and octave? Reply with ONLY the note name in Scientific Pitch Notation (e.g. C4, F#3, Bb5). Nothing else. Output only the answer.","Listen to this audio clip of a single musical note. What is the solfege syllable and accidental (if needed) of this pitch? Use fixed-do (do=C, re=D, mi=E, fa=F, sol=G, la=A, si=B). Include sharps or flats when needed (e.g. do#, reb, fa#, sib). Do NOT include the octave. Reply with ONLY the syllable and accidental (if needed). Nothing else. Output only the answer.","Listen to this audio clip of a single musical note. What is the main pitch frequency, expressed in Hertz? Reply with ONLY a number (the frequency in Hz). Nothing else. Output only the answer."
reverb_long,reverb_room,"{'type': 'reverb_room', 'room_size': 0.9, 'damping': 0.4, 'wet_level': 0.6, 'dry_level': 0.4}",4065,piano,instrument,65,69,0,0,0,1,F4,C6,0,0,0,fa,sol#,0,0,0,69,C6,sol#,460,/home/hsnu2/PitchBench/data/analysis_audio/pitchbench_e1_audio_effects/F4_piano_5000ms_fx_reverb_long.wav,F4_piano_5000ms_fx_reverb_long.wav,Listen to this audio clip of a single musical note. What is the MIDI note number (an integer from 0 to 127)? Reply with ONLY the integer. Nothing else. Output only the answer.,"Listen to this audio clip of a single musical note. What is the note name and octave? Reply with ONLY the note name in Scientific Pitch Notation (e.g. C4, F#3, Bb5). Nothing else. Output only the answer.","Listen to this audio clip of a single musical note. What is the solfege syllable and accidental (if needed) of this pitch? Use fixed-do (do=C, re=D, mi=E, fa=F, sol=G, la=A, si=B). Include sharps or flats when needed (e.g. do#, reb, fa#, sib). Do NOT include the octave. Reply with ONLY the syllable and accidental (if needed). Nothing else. Output only the answer.","Listen to this audio clip of a single musical note. What is the main pitch frequency, expressed in Hertz? Reply with ONLY a number (the frequency in Hz). Nothing else. Output only the answer."
reverb_long,reverb_room,"{'type': 'reverb_room', 'room_size': 0.9, 'damping': 0.4, 'wet_level': 0.6, 'dry_level': 0.4}",4074,piano,instrument,74,69,0,0,0,0,D5,C6,0,0,0,re,sol#,0,0,0,69,C6,sol#,460,/home/hsnu2/PitchBench/data/analysis_audio/pitchbench_e1_audio_effects/D5_piano_5000ms_fx_reverb_long.wav,D5_piano_5000ms_fx_reverb_long.wav,Listen to this audio clip of a single musical note. What is the MIDI note number (an integer from 0 to 127)? Reply with ONLY the integer. Nothing else. Output only the answer.,"Listen to this audio clip of a single musical note. What is the note name and octave? Reply with ONLY the note name in Scientific Pitch Notation (e.g. C4, F#3, Bb5). Nothing else. Output only the answer.","Listen to this audio clip of a single musical note. What is the solfege syllable and accidental (if needed) of this pitch? Use fixed-do (do=C, re=D, mi=E, fa=F, sol=G, la=A, si=B). Include sharps or flats when needed (e.g. do#, reb, fa#, sib). Do NOT include the octave. Reply with ONLY the syllable and accidental (if needed). Nothing else. Output only the answer.","Listen to this audio clip of a single musical note. What is the main pitch frequency, expressed in Hertz? Reply with ONLY a number (the frequency in Hz). Nothing else. Output only the answer."
reverb_long,reverb_room,"{'type': 'reverb_room', 'room_size': 0.9, 'damping': 0.4, 'wet_level': 0.6, 'dry_level': 0.4}",4083,piano,instrument,83,63,0,0,0,0,B5,C6,0,0,0,si,sol#,0,0,0,63,C6,sol#,460,/home/hsnu2/PitchBench/data/analysis_audio/pitchbench_e1_audio_effects/B5_piano_5000ms_fx_reverb_long.wav,B5_piano_5000ms_fx_reverb_long.wav,Listen to this audio clip of a single musical note. What is the MIDI note number (an integer from 0 to 127)? Reply with ONLY the integer. Nothing else. Output only the answer.,"Listen to this audio clip of a single musical note. What is the note name and octave? Reply with ONLY the note name in Scientific Pitch Notation (e.g. C4, F#3, Bb5). Nothing else. Output only the answer.","Listen to this audio clip of a single musical note. What is the solfege syllable and accidental (if needed) of this pitch? Use fixed-do (do=C, re=D, mi=E, fa=F, sol=G, la=A, si=B). Include sharps or flats when needed (e.g. do#, reb, fa#, sib). Do NOT include the octave. Reply with ONLY the syllable and accidental (if needed). Nothing else. Output only the answer.","Listen to this audio clip of a single musical note. What is the main pitch frequency, expressed in Hertz? Reply with ONLY a number (the frequency in Hz). Nothing else. Output only the answer."
chorus_heavy,chorus,"{'type': 'chorus', 'rate_hz': 1.2, 'depth': 0.9, 'mix': 0.6}",5029,piano,instrument,29,64,0,0,0,0,F1,C6,0,0,0,fa,sol#,0,0,0,64,C6,sol#,460,/home/hsnu2/PitchBench/data/analysis_audio/pitchbench_e1_audio_effects/F1_piano_5000ms_fx_chorus_heavy.wav,F1_piano_5000ms_fx_chorus_heavy.wav,Listen to this audio clip of a single musical note. What is the MIDI note number (an integer from 0 to 127)? Reply with ONLY the integer. Nothing else. Output only the answer.,"Listen to this audio clip of a single musical note. What is the note name and octave? Reply with ONLY the note name in Scientific Pitch Notation (e.g. C4, F#3, Bb5). Nothing else. Output only the answer.","Listen to this audio clip of a single musical note. What is the solfege syllable and accidental (if needed) of this pitch? Use fixed-do (do=C, re=D, mi=E, fa=F, sol=G, la=A, si=B). Include sharps or flats when needed (e.g. do#, reb, fa#, sib). Do NOT include the octave. Reply with ONLY the syllable and accidental (if needed). Nothing else. Output only the answer.","Listen to this audio clip of a single musical note. What is the main pitch frequency, expressed in Hertz? Reply with ONLY a number (the frequency in Hz). Nothing else. Output only the answer."
chorus_heavy,chorus,"{'type': 'chorus', 'rate_hz': 1.2, 'depth': 0.9, 'mix': 0.6}",5038,piano,instrument,38,65,0,0,0,0,D2,C6,0,0,0,re,sol#,0,0,0,65,C6,sol#,480,/home/hsnu2/PitchBench/data/analysis_audio/pitchbench_e1_audio_effects/D2_piano_5000ms_fx_chorus_heavy.wav,D2_piano_5000ms_fx_chorus_heavy.wav,Listen to this audio clip of a single musical note. What is the MIDI note number (an integer from 0 to 127)? Reply with ONLY the integer. Nothing else. Output only the answer.,"Listen to this audio clip of a single musical note. What is the note name and octave? Reply with ONLY the note name in Scientific Pitch Notation (e.g. C4, F#3, Bb5). Nothing else. Output only the answer.","Listen to this audio clip of a single musical note. What is the solfege syllable and accidental (if needed) of this pitch? Use fixed-do (do=C, re=D, mi=E, fa=F, sol=G, la=A, si=B). Include sharps or flats when needed (e.g. do#, reb, fa#, sib). Do NOT include the octave. Reply with ONLY the syllable and accidental (if needed). Nothing else. Output only the answer.","Listen to this audio clip of a single musical note. What is the main pitch frequency, expressed in Hertz? Reply with ONLY a number (the frequency in Hz). Nothing else. Output only the answer."
chorus_heavy,chorus,"{'type': 'chorus', 'rate_hz': 1.2, 'depth': 0.9, 'mix': 0.6}",5047,piano,instrument,47,63,0,0,0,0,B2,C6,0,0,0,si,sol#,0,0,0,63,C6,sol#,460,/home/hsnu2/PitchBench/data/analysis_audio/pitchbench_e1_audio_effects/B2_piano_5000ms_fx_chorus_heavy.wav,B2_piano_5000ms_fx_chorus_heavy.wav,Listen to this audio clip of a single musical note. What is the MIDI note number (an integer from 0 to 127)? Reply with ONLY the integer. Nothing else. Output only the answer.,"Listen to this audio clip of a single musical note. What is the note name and octave? Reply with ONLY the note name in Scientific Pitch Notation (e.g. C4, F#3, Bb5). Nothing else. Output only the answer.","Listen to this audio clip of a single musical note. What is the solfege syllable and accidental (if needed) of this pitch? Use fixed-do (do=C, re=D, mi=E, fa=F, sol=G, la=A, si=B). Include sharps or flats when needed (e.g. do#, reb, fa#, sib). Do NOT include the octave. Reply with ONLY the syllable and accidental (if needed). Nothing else. Output only the answer.","Listen to this audio clip of a single musical note. What is the main pitch frequency, expressed in Hertz? Reply with ONLY a number (the frequency in Hz). Nothing else. Output only the answer."
chorus_heavy,chorus,"{'type': 'chorus', 'rate_hz': 1.2, 'depth': 0.9, 'mix': 0.6}",5056,piano,instrument,56,63,0,0,0,0,G#3,C6,0,0,0,sol#,sol#,1,0,0,63,C6,sol#,460,/home/hsnu2/PitchBench/data/analysis_audio/pitchbench_e1_audio_effects/Gs3_piano_5000ms_fx_chorus_heavy.wav,Gs3_piano_5000ms_fx_chorus_heavy.wav,Listen to this audio clip of a single musical note. What is the MIDI note number (an integer from 0 to 127)? Reply with ONLY the integer. Nothing else. Output only the answer.,"Listen to this audio clip of a single musical note. What is the note name and octave? Reply with ONLY the note name in Scientific Pitch Notation (e.g. C4, F#3, Bb5). Nothing else. Output only the answer.","Listen to this audio clip of a single musical note. What is the solfege syllable and accidental (if needed) of this pitch? Use fixed-do (do=C, re=D, mi=E, fa=F, sol=G, la=A, si=B). Include sharps or flats when needed (e.g. do#, reb, fa#, sib). Do NOT include the octave. Reply with ONLY the syllable and accidental (if needed). Nothing else. Output only the answer.","Listen to this audio clip of a single musical note. What is the main pitch frequency, expressed in Hertz? Reply with ONLY a number (the frequency in Hz). Nothing else. Output only the answer."
chorus_heavy,chorus,"{'type': 'chorus', 'rate_hz': 1.2, 'depth': 0.9, 'mix': 0.6}",5065,piano,instrument,65,65,1,1,1,1,F4,C6,0,0,0,fa,sol,0,0,1,65,C6,sol,460,/home/hsnu2/PitchBench/data/analysis_audio/pitchbench_e1_audio_effects/F4_piano_5000ms_fx_chorus_heavy.wav,F4_piano_5000ms_fx_chorus_heavy.wav,Listen to this audio clip of a single musical note. What is the MIDI note number (an integer from 0 to 127)? Reply with ONLY the integer. Nothing else. Output only the answer.,"Listen to this audio clip of a single musical note. What is the note name and octave? Reply with ONLY the note name in Scientific Pitch Notation (e.g. C4, F#3, Bb5). Nothing else. Output only the answer.","Listen to this audio clip of a single musical note. What is the solfege syllable and accidental (if needed) of this pitch? Use fixed-do (do=C, re=D, mi=E, fa=F, sol=G, la=A, si=B). Include sharps or flats when needed (e.g. do#, reb, fa#, sib). Do NOT include the octave. Reply with ONLY the syllable and accidental (if needed). Nothing else. Output only the answer.","Listen to this audio clip of a single musical note. What is the main pitch frequency, expressed in Hertz? Reply with ONLY a number (the frequency in Hz). Nothing else. Output only the answer."
chorus_heavy,chorus,"{'type': 'chorus', 'rate_hz': 1.2, 'depth': 0.9, 'mix': 0.6}",5074,piano,instrument,74,69,0,0,0,0,D5,C6,0,0,0,re,sol,0,0,0,69,C6,sol,493.88,/home/hsnu2/PitchBench/data/analysis_audio/pitchbench_e1_audio_effects/D5_piano_5000ms_fx_chorus_heavy.wav,D5_piano_5000ms_fx_chorus_heavy.wav,Listen to this audio clip of a single musical note. What is the MIDI note number (an integer from 0 to 127)? Reply with ONLY the integer. Nothing else. Output only the answer.,"Listen to this audio clip of a single musical note. What is the note name and octave? Reply with ONLY the note name in Scientific Pitch Notation (e.g. C4, F#3, Bb5). Nothing else. Output only the answer.","Listen to this audio clip of a single musical note. What is the solfege syllable and accidental (if needed) of this pitch? Use fixed-do (do=C, re=D, mi=E, fa=F, sol=G, la=A, si=B). Include sharps or flats when needed (e.g. do#, reb, fa#, sib). Do NOT include the octave. Reply with ONLY the syllable and accidental (if needed). Nothing else. Output only the answer.","Listen to this audio clip of a single musical note. What is the main pitch frequency, expressed in Hertz? Reply with ONLY a number (the frequency in Hz). Nothing else. Output only the answer."
chorus_heavy,chorus,"{'type': 'chorus', 'rate_hz': 1.2, 'depth': 0.9, 'mix': 0.6}",5083,piano,instrument,83,68,0,0,0,0,B5,C6,0,0,0,si,sol#,0,0,0,68,C6,sol#,493.88,/home/hsnu2/PitchBench/data/analysis_audio/pitchbench_e1_audio_effects/B5_piano_5000ms_fx_chorus_heavy.wav,B5_piano_5000ms_fx_chorus_heavy.wav,Listen to this audio clip of a single musical note. What is the MIDI note number (an integer from 0 to 127)? Reply with ONLY the integer. Nothing else. Output only the answer.,"Listen to this audio clip of a single musical note. What is the note name and octave? Reply with ONLY the note name in Scientific Pitch Notation (e.g. C4, F#3, Bb5). Nothing else. Output only the answer.","Listen to this audio clip of a single musical note. What is the solfege syllable and accidental (if needed) of this pitch? Use fixed-do (do=C, re=D, mi=E, fa=F, sol=G, la=A, si=B). Include sharps or flats when needed (e.g. do#, reb, fa#, sib). Do NOT include the octave. Reply with ONLY the syllable and accidental (if needed). Nothing else. Output only the answer.","Listen to this audio clip of a single musical note. What is the main pitch frequency, expressed in Hertz? Reply with ONLY a number (the frequency in Hz). Nothing else. Output only the answer."
highpass_above_f0,highpass,"{'type': 'highpass', 'cutoff_ratio': 1.5, 'order': 6}",29,voice,instrument,29,63,0,0,0,0,F1,C6,0,0,0,fa,fa#,0,0,0,63,C6,solb,415.30,/home/hsnu2/PitchBench/data/analysis_audio/pitchbench_e1_audio_effects/F1_voice_5000ms_fx_highpass_above_f0.wav,F1_voice_5000ms_fx_highpass_above_f0.wav,Listen to this audio clip of a single musical note. What is the MIDI note number (an integer from 0 to 127)? Reply with ONLY the integer. Nothing else. Output only the answer.,"Listen to this audio clip of a single musical note. What is the note name and octave? Reply with ONLY the note name in Scientific Pitch Notation (e.g. C4, F#3, Bb5). Nothing else. Output only the answer.","Listen to this audio clip of a single musical note. What is the solfege syllable and accidental (if needed) of this pitch? Use fixed-do (do=C, re=D, mi=E, fa=F, sol=G, la=A, si=B). Include sharps or flats when needed (e.g. do#, reb, fa#, sib). Do NOT include the octave. Reply with ONLY the syllable and accidental (if needed). Nothing else. Output only the answer.","Listen to this audio clip of a single musical note. What is the main pitch frequency, expressed in Hertz? Reply with ONLY a number (the frequency in Hz). Nothing else. Output only the answer."
highpass_above_f0,highpass,"{'type': 'highpass', 'cutoff_ratio': 1.5, 'order': 6}",38,voice,instrument,38,63,0,0,0,0,D2,C6,0,0,0,re,sol,0,0,0,63,C6,sol,480,/home/hsnu2/PitchBench/data/analysis_audio/pitchbench_e1_audio_effects/D2_voice_5000ms_fx_highpass_above_f0.wav,D2_voice_5000ms_fx_highpass_above_f0.wav,Listen to this audio clip of a single musical note. What is the MIDI note number (an integer from 0 to 127)? Reply with ONLY the integer. Nothing else. Output only the answer.,"Listen to this audio clip of a single musical note. What is the note name and octave? Reply with ONLY the note name in Scientific Pitch Notation (e.g. C4, F#3, Bb5). Nothing else. Output only the answer.","Listen to this audio clip of a single musical note. What is the solfege syllable and accidental (if needed) of this pitch? Use fixed-do (do=C, re=D, mi=E, fa=F, sol=G, la=A, si=B). Include sharps or flats when needed (e.g. do#, reb, fa#, sib). Do NOT include the octave. Reply with ONLY the syllable and accidental (if needed). Nothing else. Output only the answer.","Listen to this audio clip of a single musical note. What is the main pitch frequency, expressed in Hertz? Reply with ONLY a number (the frequency in Hz). Nothing else. Output only the answer."
highpass_above_f0,highpass,"{'type': 'highpass', 'cutoff_ratio': 1.5, 'order': 6}",47,voice,instrument,47,63,0,0,0,0,B2,C4,0,0,0,si,fa#,0,0,0,63,C4,solb,460,/home/hsnu2/PitchBench/data/analysis_audio/pitchbench_e1_audio_effects/B2_voice_5000ms_fx_highpass_above_f0.wav,B2_voice_5000ms_fx_highpass_above_f0.wav,Listen to this audio clip of a single musical note. What is the MIDI note number (an integer from 0 to 127)? Reply with ONLY the integer. Nothing else. Output only the answer.,"Listen to this audio clip of a single musical note. What is the note name and octave? Reply with ONLY the note name in Scientific Pitch Notation (e.g. C4, F#3, Bb5). Nothing else. Output only the answer.","Listen to this audio clip of a single musical note. What is the solfege syllable and accidental (if needed) of this pitch? Use fixed-do (do=C, re=D, mi=E, fa=F, sol=G, la=A, si=B). Include sharps or flats when needed (e.g. do#, reb, fa#, sib). Do NOT include the octave. Reply with ONLY the syllable and accidental (if needed). Nothing else. Output only the answer.","Listen to this audio clip of a single musical note. What is the main pitch frequency, expressed in Hertz? Reply with ONLY a number (the frequency in Hz). Nothing else. Output only the answer."
highpass_above_f0,highpass,"{'type': 'highpass', 'cutoff_ratio': 1.5, 'order': 6}",56,voice,instrument,56,68,0,0,1,0,G#3,C4,0,0,0,sol#,sol,0,0,0,68,C4,sol,436.50,/home/hsnu2/PitchBench/data/analysis_audio/pitchbench_e1_audio_effects/Gs3_voice_5000ms_fx_highpass_above_f0.wav,Gs3_voice_5000ms_fx_highpass_above_f0.wav,Listen to this audio clip of a single musical note. What is the MIDI note number (an integer from 0 to 127)? Reply with ONLY the integer. Nothing else. Output only the answer.,"Listen to this audio clip of a single musical note. What is the note name and octave? Reply with ONLY the note name in Scientific Pitch Notation (e.g. C4, F#3, Bb5). Nothing else. Output only the answer.","Listen to this audio clip of a single musical note. What is the solfege syllable and accidental (if needed) of this pitch? Use fixed-do (do=C, re=D, mi=E, fa=F, sol=G, la=A, si=B). Include sharps or flats when needed (e.g. do#, reb, fa#, sib). Do NOT include the octave. Reply with ONLY the syllable and accidental (if needed). Nothing else. Output only the answer.","Listen to this audio clip of a single musical note. What is the main pitch frequency, expressed in Hertz? Reply with ONLY a number (the frequency in Hz). Nothing else. Output only the answer."
highpass_above_f0,highpass,"{'type': 'highpass', 'cutoff_ratio': 1.5, 'order': 6}",65,voice,instrument,65,65,1,1,1,1,F4,C6,0,0,0,fa,sol,0,0,1,65,C6,sol,659.34,/home/hsnu2/PitchBench/data/analysis_audio/pitchbench_e1_audio_effects/F4_voice_5000ms_fx_highpass_above_f0.wav,F4_voice_5000ms_fx_highpass_above_f0.wav,Listen to this audio clip of a single musical note. What is the MIDI note number (an integer from 0 to 127)? Reply with ONLY the integer. Nothing else. Output only the answer.,"Listen to this audio clip of a single musical note. What is the note name and octave? Reply with ONLY the note name in Scientific Pitch Notation (e.g. C4, F#3, Bb5). Nothing else. Output only the answer.","Listen to this audio clip of a single musical note. What is the solfege syllable and accidental (if needed) of this pitch? Use fixed-do (do=C, re=D, mi=E, fa=F, sol=G, la=A, si=B). Include sharps or flats when needed (e.g. do#, reb, fa#, sib). Do NOT include the octave. Reply with ONLY the syllable and accidental (if needed). Nothing else. Output only the answer.","Listen to this audio clip of a single musical note. What is the main pitch frequency, expressed in Hertz? Reply with ONLY a number (the frequency in Hz). Nothing else. Output only the answer."
highpass_above_f0,highpass,"{'type': 'highpass', 'cutoff_ratio': 1.5, 'order': 6}",74,voice,instrument,74,86,0,0,1,0,D5,C6,0,0,0,re,sol,0,0,0,86,C6,sol,840,/home/hsnu2/PitchBench/data/analysis_audio/pitchbench_e1_audio_effects/D5_voice_5000ms_fx_highpass_above_f0.wav,D5_voice_5000ms_fx_highpass_above_f0.wav,Listen to this audio clip of a single musical note. What is the MIDI note number (an integer from 0 to 127)? Reply with ONLY the integer. Nothing else. Output only the answer.,"Listen to this audio clip of a single musical note. What is the note name and octave? Reply with ONLY the note name in Scientific Pitch Notation (e.g. C4, F#3, Bb5). Nothing else. Output only the answer.","Listen to this audio clip of a single musical note. What is the solfege syllable and accidental (if needed) of this pitch? Use fixed-do (do=C, re=D, mi=E, fa=F, sol=G, la=A, si=B). Include sharps or flats when needed (e.g. do#, reb, fa#, sib). Do NOT include the octave. Reply with ONLY the syllable and accidental (if needed). Nothing else. Output only the answer.","Listen to this audio clip of a single musical note. What is the main pitch frequency, expressed in Hertz? Reply with ONLY a number (the frequency in Hz). Nothing else. Output only the answer."
highpass_above_f0,highpass,"{'type': 'highpass', 'cutoff_ratio': 1.5, 'order': 6}",83,voice,instrument,83,83,1,1,1,1,B5,C6,0,0,0,si,sol#,0,0,1,83,C6,sol#,1034.57,/home/hsnu2/PitchBench/data/analysis_audio/pitchbench_e1_audio_effects/B5_voice_5000ms_fx_highpass_above_f0.wav,B5_voice_5000ms_fx_highpass_above_f0.wav,Listen to this audio clip of a single musical note. What is the MIDI note number (an integer from 0 to 127)? Reply with ONLY the integer. Nothing else. Output only the answer.,"Listen to this audio clip of a single musical note. What is the note name and octave? Reply with ONLY the note name in Scientific Pitch Notation (e.g. C4, F#3, Bb5). Nothing else. Output only the answer.","Listen to this audio clip of a single musical note. What is the solfege syllable and accidental (if needed) of this pitch? Use fixed-do (do=C, re=D, mi=E, fa=F, sol=G, la=A, si=B). Include sharps or flats when needed (e.g. do#, reb, fa#, sib). Do NOT include the octave. Reply with ONLY the syllable and accidental (if needed). Nothing else. Output only the answer.","Listen to this audio clip of a single musical note. What is the main pitch frequency, expressed in Hertz? Reply with ONLY a number (the frequency in Hz). Nothing else. Output only the answer."
lowpass_at_f0,lowpass,"{'type': 'lowpass', 'cutoff_ratio': 1.2, 'order': 6}",1029,voice,instrument,29,35,0,0,0,1,F1,C2,0,0,0,fa,fa#,0,0,0,35,C2,solb,25,/home/hsnu2/PitchBench/data/analysis_audio/pitchbench_e1_audio_effects/F1_voice_5000ms_fx_lowpass_at_f0.wav,F1_voice_5000ms_fx_lowpass_at_f0.wav,Listen to this audio clip of a single musical note. What is the MIDI note number (an integer from 0 to 127)? Reply with ONLY the integer. Nothing else. Output only the answer.,"Listen to this audio clip of a single musical note. What is the note name and octave? Reply with ONLY the note name in Scientific Pitch Notation (e.g. C4, F#3, Bb5). Nothing else. Output only the answer.","Listen to this audio clip of a single musical note. What is the solfege syllable and accidental (if needed) of this pitch? Use fixed-do (do=C, re=D, mi=E, fa=F, sol=G, la=A, si=B). Include sharps or flats when needed (e.g. do#, reb, fa#, sib). Do NOT include the octave. Reply with ONLY the syllable and accidental (if needed). Nothing else. Output only the answer.","Listen to this audio clip of a single musical note. What is the main pitch frequency, expressed in Hertz? Reply with ONLY a number (the frequency in Hz). Nothing else. Output only the answer."
lowpass_at_f0,lowpass,"{'type': 'lowpass', 'cutoff_ratio': 1.2, 'order': 6}",1038,voice,instrument,38,43,0,0,0,1,D2,C2,0,0,1,re,fa#,0,0,0,43,C2,solb,105.26,/home/hsnu2/PitchBench/data/analysis_audio/pitchbench_e1_audio_effects/D2_voice_5000ms_fx_lowpass_at_f0.wav,D2_voice_5000ms_fx_lowpass_at_f0.wav,Listen to this audio clip of a single musical note. What is the MIDI note number (an integer from 0 to 127)? Reply with ONLY the integer. Nothing else. Output only the answer.,"Listen to this audio clip of a single musical note. What is the note name and octave? Reply with ONLY the note name in Scientific Pitch Notation (e.g. C4, F#3, Bb5). Nothing else. Output only the answer.","Listen to this audio clip of a single musical note. What is the solfege syllable and accidental (if needed) of this pitch? Use fixed-do (do=C, re=D, mi=E, fa=F, sol=G, la=A, si=B). Include sharps or flats when needed (e.g. do#, reb, fa#, sib). Do NOT include the octave. Reply with ONLY the syllable and accidental (if needed). Nothing else. Output only the answer.","Listen to this audio clip of a single musical note. What is the main pitch frequency, expressed in Hertz? Reply with ONLY a number (the frequency in Hz). Nothing else. Output only the answer."
lowpass_at_f0,lowpass,"{'type': 'lowpass', 'cutoff_ratio': 1.2, 'order': 6}",1047,voice,instrument,47,34,0,0,0,0,B2,A#2,0,0,1,si,fa#,0,0,0,34,Bb2,solb,105.26,/home/hsnu2/PitchBench/data/analysis_audio/pitchbench_e1_audio_effects/B2_voice_5000ms_fx_lowpass_at_f0.wav,B2_voice_5000ms_fx_lowpass_at_f0.wav,Listen to this audio clip of a single musical note. What is the MIDI note number (an integer from 0 to 127)? Reply with ONLY the integer. Nothing else. Output only the answer.,"Listen to this audio clip of a single musical note. What is the note name and octave? Reply with ONLY the note name in Scientific Pitch Notation (e.g. C4, F#3, Bb5). Nothing else. Output only the answer.","Listen to this audio clip of a single musical note. What is the solfege syllable and accidental (if needed) of this pitch? Use fixed-do (do=C, re=D, mi=E, fa=F, sol=G, la=A, si=B). Include sharps or flats when needed (e.g. do#, reb, fa#, sib). Do NOT include the octave. Reply with ONLY the syllable and accidental (if needed). Nothing else. Output only the answer.","Listen to this audio clip of a single musical note. What is the main pitch frequency, expressed in Hertz? Reply with ONLY a number (the frequency in Hz). Nothing else. Output only the answer."
lowpass_at_f0,lowpass,"{'type': 'lowpass', 'cutoff_ratio': 1.2, 'order': 6}",1056,voice,instrument,56,45,0,0,0,0,G#3,C4,0,0,0,sol#,fa#,0,0,0,45,C4,solb,105.26,/home/hsnu2/PitchBench/data/analysis_audio/pitchbench_e1_audio_effects/Gs3_voice_5000ms_fx_lowpass_at_f0.wav,Gs3_voice_5000ms_fx_lowpass_at_f0.wav,Listen to this audio clip of a single musical note. What is the MIDI note number (an integer from 0 to 127)? Reply with ONLY the integer. Nothing else. Output only the answer.,"Listen to this audio clip of a single musical note. What is the note name and octave? Reply with ONLY the note name in Scientific Pitch Notation (e.g. C4, F#3, Bb5). Nothing else. Output only the answer.","Listen to this audio clip of a single musical note. What is the solfege syllable and accidental (if needed) of this pitch? Use fixed-do (do=C, re=D, mi=E, fa=F, sol=G, la=A, si=B). Include sharps or flats when needed (e.g. do#, reb, fa#, sib). Do NOT include the octave. Reply with ONLY the syllable and accidental (if needed). Nothing else. Output only the answer.","Listen to this audio clip of a single musical note. What is the main pitch frequency, expressed in Hertz? Reply with ONLY a number (the frequency in Hz). Nothing else. Output only the answer."
lowpass_at_f0,lowpass,"{'type': 'lowpass', 'cutoff_ratio': 1.2, 'order': 6}",1065,voice,instrument,65,64,0,1,0,1,F4,C6,0,0,0,fa,sol,0,0,0,64,C6,sol,1667,/home/hsnu2/PitchBench/data/analysis_audio/pitchbench_e1_audio_effects/F4_voice_5000ms_fx_lowpass_at_f0.wav,F4_voice_5000ms_fx_lowpass_at_f0.wav,Listen to this audio clip of a single musical note. What is the MIDI note number (an integer from 0 to 127)? Reply with ONLY the integer. Nothing else. Output only the answer.,"Listen to this audio clip of a single musical note. What is the note name and octave? Reply with ONLY the note name in Scientific Pitch Notation (e.g. C4, F#3, Bb5). Nothing else. Output only the answer.","Listen to this audio clip of a single musical note. What is the solfege syllable and accidental (if needed) of this pitch? Use fixed-do (do=C, re=D, mi=E, fa=F, sol=G, la=A, si=B). Include sharps or flats when needed (e.g. do#, reb, fa#, sib). Do NOT include the octave. Reply with ONLY the syllable and accidental (if needed). Nothing else. Output only the answer.","Listen to this audio clip of a single musical note. What is the main pitch frequency, expressed in Hertz? Reply with ONLY a number (the frequency in Hz). Nothing else. Output only the answer."
lowpass_at_f0,lowpass,"{'type': 'lowpass', 'cutoff_ratio': 1.2, 'order': 6}",1074,voice,instrument,74,63,0,0,0,0,D5,C6,0,0,0,re,sol,0,0,0,63,C6,sol,1034.52,/home/hsnu2/PitchBench/data/analysis_audio/pitchbench_e1_audio_effects/D5_voice_5000ms_fx_lowpass_at_f0.wav,D5_voice_5000ms_fx_lowpass_at_f0.wav,Listen to this audio clip of a single musical note. What is the MIDI note number (an integer from 0 to 127)? Reply with ONLY the integer. Nothing else. Output only the answer.,"Listen to this audio clip of a single musical note. What is the note name and octave? Reply with ONLY the note name in Scientific Pitch Notation (e.g. C4, F#3, Bb5). Nothing else. Output only the answer.","Listen to this audio clip of a single musical note. What is the solfege syllable and accidental (if needed) of this pitch? Use fixed-do (do=C, re=D, mi=E, fa=F, sol=G, la=A, si=B). Include sharps or flats when needed (e.g. do#, reb, fa#, sib). Do NOT include the octave. Reply with ONLY the syllable and accidental (if needed). Nothing else. Output only the answer.","Listen to this audio clip of a single musical note. What is the main pitch frequency, expressed in Hertz? Reply with ONLY a number (the frequency in Hz). Nothing else. Output only the answer."
lowpass_at_f0,lowpass,"{'type': 'lowpass', 'cutoff_ratio': 1.2, 'order': 6}",1083,voice,instrument,83,84,0,1,0,0,B5,C6,0,0,0,si,fa#,0,0,0,84,C6,solb,1034.52,/home/hsnu2/PitchBench/data/analysis_audio/pitchbench_e1_audio_effects/B5_voice_5000ms_fx_lowpass_at_f0.wav,B5_voice_5000ms_fx_lowpass_at_f0.wav,Listen to this audio clip of a single musical note. What is the MIDI note number (an integer from 0 to 127)? Reply with ONLY the integer. Nothing else. Output only the answer.,"Listen to this audio clip of a single musical note. What is the note name and octave? Reply with ONLY the note name in Scientific Pitch Notation (e.g. C4, F#3, Bb5). Nothing else. Output only the answer.","Listen to this audio clip of a single musical note. What is the solfege syllable and accidental (if needed) of this pitch? Use fixed-do (do=C, re=D, mi=E, fa=F, sol=G, la=A, si=B). Include sharps or flats when needed (e.g. do#, reb, fa#, sib). Do NOT include the octave. Reply with ONLY the syllable and accidental (if needed). Nothing else. Output only the answer.","Listen to this audio clip of a single musical note. What is the main pitch frequency, expressed in Hertz? Reply with ONLY a number (the frequency in Hz). Nothing else. Output only the answer."
bitcrush_4bit,bitcrush,"{'type': 'bitcrush', 'bit_depth': 4}",2029,voice,instrument,29,64,0,0,0,0,F1,C6,0,0,0,fa,fa#,0,0,0,64,C6,solb,1052.63,/home/hsnu2/PitchBench/data/analysis_audio/pitchbench_e1_audio_effects/F1_voice_5000ms_fx_bitcrush_4bit.wav,F1_voice_5000ms_fx_bitcrush_4bit.wav,Listen to this audio clip of a single musical note. What is the MIDI note number (an integer from 0 to 127)? Reply with ONLY the integer. Nothing else. Output only the answer.,"Listen to this audio clip of a single musical note. What is the note name and octave? Reply with ONLY the note name in Scientific Pitch Notation (e.g. C4, F#3, Bb5). Nothing else. Output only the answer.","Listen to this audio clip of a single musical note. What is the solfege syllable and accidental (if needed) of this pitch? Use fixed-do (do=C, re=D, mi=E, fa=F, sol=G, la=A, si=B). Include sharps or flats when needed (e.g. do#, reb, fa#, sib). Do NOT include the octave. Reply with ONLY the syllable and accidental (if needed). Nothing else. Output only the answer.","Listen to this audio clip of a single musical note. What is the main pitch frequency, expressed in Hertz? Reply with ONLY a number (the frequency in Hz). Nothing else. Output only the answer."
bitcrush_4bit,bitcrush,"{'type': 'bitcrush', 'bit_depth': 4}",2038,voice,instrument,38,64,0,0,0,0,D2,C6,0,0,0,re,fa#,0,0,0,64,C6,solb,415.30,/home/hsnu2/PitchBench/data/analysis_audio/pitchbench_e1_audio_effects/D2_voice_5000ms_fx_bitcrush_4bit.wav,D2_voice_5000ms_fx_bitcrush_4bit.wav,Listen to this audio clip of a single musical note. What is the MIDI note number (an integer from 0 to 127)? Reply with ONLY the integer. Nothing else. Output only the answer.,"Listen to this audio clip of a single musical note. What is the note name and octave? Reply with ONLY the note name in Scientific Pitch Notation (e.g. C4, F#3, Bb5). Nothing else. Output only the answer.","Listen to this audio clip of a single musical note. What is the solfege syllable and accidental (if needed) of this pitch? Use fixed-do (do=C, re=D, mi=E, fa=F, sol=G, la=A, si=B). Include sharps or flats when needed (e.g. do#, reb, fa#, sib). Do NOT include the octave. Reply with ONLY the syllable and accidental (if needed). Nothing else. Output only the answer.","Listen to this audio clip of a single musical note. What is the main pitch frequency, expressed in Hertz? Reply with ONLY a number (the frequency in Hz). Nothing else. Output only the answer."
bitcrush_4bit,bitcrush,"{'type': 'bitcrush', 'bit_depth': 4}",2047,voice,instrument,47,69,0,0,0,0,B2,C6,0,0,0,si,sol,0,0,0,69,C6,sol,415.30,/home/hsnu2/PitchBench/data/analysis_audio/pitchbench_e1_audio_effects/B2_voice_5000ms_fx_bitcrush_4bit.wav,B2_voice_5000ms_fx_bitcrush_4bit.wav,Listen to this audio clip of a single musical note. What is the MIDI note number (an integer from 0 to 127)? Reply with ONLY the integer. Nothing else. Output only the answer.,"Listen to this audio clip of a single musical note. What is the note name and octave? Reply with ONLY the note name in Scientific Pitch Notation (e.g. C4, F#3, Bb5). Nothing else. Output only the answer.","Listen to this audio clip of a single musical note. What is the solfege syllable and accidental (if needed) of this pitch? Use fixed-do (do=C, re=D, mi=E, fa=F, sol=G, la=A, si=B). Include sharps or flats when needed (e.g. do#, reb, fa#, sib). Do NOT include the octave. Reply with ONLY the syllable and accidental (if needed). Nothing else. Output only the answer.","Listen to this audio clip of a single musical note. What is the main pitch frequency, expressed in Hertz? Reply with ONLY a number (the frequency in Hz). Nothing else. Output only the answer."
bitcrush_4bit,bitcrush,"{'type': 'bitcrush', 'bit_depth': 4}",2056,voice,instrument,56,69,0,0,0,0,G#3,C6,0,0,0,sol#,sol,0,0,0,69,C6,sol,436.50,/home/hsnu2/PitchBench/data/analysis_audio/pitchbench_e1_audio_effects/Gs3_voice_5000ms_fx_bitcrush_4bit.wav,Gs3_voice_5000ms_fx_bitcrush_4bit.wav,Listen to this audio clip of a single musical note. What is the MIDI note number (an integer from 0 to 127)? Reply with ONLY the integer. Nothing else. Output only the answer.,"Listen to this audio clip of a single musical note. What is the note name and octave? Reply with ONLY the note name in Scientific Pitch Notation (e.g. C4, F#3, Bb5). Nothing else. Output only the answer.","Listen to this audio clip of a single musical note. What is the solfege syllable and accidental (if needed) of this pitch? Use fixed-do (do=C, re=D, mi=E, fa=F, sol=G, la=A, si=B). Include sharps or flats when needed (e.g. do#, reb, fa#, sib). Do NOT include the octave. Reply with ONLY the syllable and accidental (if needed). Nothing else. Output only the answer.","Listen to this audio clip of a single musical note. What is the main pitch frequency, expressed in Hertz? Reply with ONLY a number (the frequency in Hz). Nothing else. Output only the answer."
bitcrush_4bit,bitcrush,"{'type': 'bitcrush', 'bit_depth': 4}",2065,voice,instrument,65,69,0,0,0,1,F4,C6,0,0,0,fa,sol#,0,0,0,69,C6,sol#,450,/home/hsnu2/PitchBench/data/analysis_audio/pitchbench_e1_audio_effects/F4_voice_5000ms_fx_bitcrush_4bit.wav,F4_voice_5000ms_fx_bitcrush_4bit.wav,Listen to this audio clip of a single musical note. What is the MIDI note number (an integer from 0 to 127)? Reply with ONLY the integer. Nothing else. Output only the answer.,"Listen to this audio clip of a single musical note. What is the note name and octave? Reply with ONLY the note name in Scientific Pitch Notation (e.g. C4, F#3, Bb5). Nothing else. Output only the answer.","Listen to this audio clip of a single musical note. What is the solfege syllable and accidental (if needed) of this pitch? Use fixed-do (do=C, re=D, mi=E, fa=F, sol=G, la=A, si=B). Include sharps or flats when needed (e.g. do#, reb, fa#, sib). Do NOT include the octave. Reply with ONLY the syllable and accidental (if needed). Nothing else. Output only the answer.","Listen to this audio clip of a single musical note. What is the main pitch frequency, expressed in Hertz? Reply with ONLY a number (the frequency in Hz). Nothing else. Output only the answer."
bitcrush_4bit,bitcrush,"{'type': 'bitcrush', 'bit_depth': 4}",2074,voice,instrument,74,69,0,0,0,0,D5,C6,0,0,0,re,fa#,0,0,0,69,C6,solb,415.38,/home/hsnu2/PitchBench/data/analysis_audio/pitchbench_e1_audio_effects/D5_voice_5000ms_fx_bitcrush_4bit.wav,D5_voice_5000ms_fx_bitcrush_4bit.wav,Listen to this audio clip of a single musical note. What is the MIDI note number (an integer from 0 to 127)? Reply with ONLY the integer. Nothing else. Output only the answer.,"Listen to this audio clip of a single musical note. What is the note name and octave? Reply with ONLY the note name in Scientific Pitch Notation (e.g. C4, F#3, Bb5). Nothing else. Output only the answer.","Listen to this audio clip of a single musical note. What is the solfege syllable and accidental (if needed) of this pitch? Use fixed-do (do=C, re=D, mi=E, fa=F, sol=G, la=A, si=B). Include sharps or flats when needed (e.g. do#, reb, fa#, sib). Do NOT include the octave. Reply with ONLY the syllable and accidental (if needed). Nothing else. Output only the answer.","Listen to this audio clip of a single musical note. What is the main pitch frequency, expressed in Hertz? Reply with ONLY a number (the frequency in Hz). Nothing else. Output only the answer."
bitcrush_4bit,bitcrush,"{'type': 'bitcrush', 'bit_depth': 4}",2083,voice,instrument,83,68,0,0,0,0,B5,C6,0,0,0,si,sol#,0,0,0,68,C6,sol#,1046.53,/home/hsnu2/PitchBench/data/analysis_audio/pitchbench_e1_audio_effects/B5_voice_5000ms_fx_bitcrush_4bit.wav,B5_voice_5000ms_fx_bitcrush_4bit.wav,Listen to this audio clip of a single musical note. What is the MIDI note number (an integer from 0 to 127)? Reply with ONLY the integer. Nothing else. Output only the answer.,"Listen to this audio clip of a single musical note. What is the note name and octave? Reply with ONLY the note name in Scientific Pitch Notation (e.g. C4, F#3, Bb5). Nothing else. Output only the answer.","Listen to this audio clip of a single musical note. What is the solfege syllable and accidental (if needed) of this pitch? Use fixed-do (do=C, re=D, mi=E, fa=F, sol=G, la=A, si=B). Include sharps or flats when needed (e.g. do#, reb, fa#, sib). Do NOT include the octave. Reply with ONLY the syllable and accidental (if needed). Nothing else. Output only the answer.","Listen to this audio clip of a single musical note. What is the main pitch frequency, expressed in Hertz? Reply with ONLY a number (the frequency in Hz). Nothing else. Output only the answer."
distortion_heavy,saturation,"{'type': 'saturation', 'drive_db': 30.0}",3029,voice,instrument,29,63,0,0,0,0,F1,C6,0,0,0,fa,fa#,0,0,0,63,C6,solb,1052.63,/home/hsnu2/PitchBench/data/analysis_audio/pitchbench_e1_audio_effects/F1_voice_5000ms_fx_distortion_heavy.wav,F1_voice_5000ms_fx_distortion_heavy.wav,Listen to this audio clip of a single musical note. What is the MIDI note number (an integer from 0 to 127)? Reply with ONLY the integer. Nothing else. Output only the answer.,"Listen to this audio clip of a single musical note. What is the note name and octave? Reply with ONLY the note name in Scientific Pitch Notation (e.g. C4, F#3, Bb5). Nothing else. Output only the answer.","Listen to this audio clip of a single musical note. What is the solfege syllable and accidental (if needed) of this pitch? Use fixed-do (do=C, re=D, mi=E, fa=F, sol=G, la=A, si=B). Include sharps or flats when needed (e.g. do#, reb, fa#, sib). Do NOT include the octave. Reply with ONLY the syllable and accidental (if needed). Nothing else. Output only the answer.","Listen to this audio clip of a single musical note. What is the main pitch frequency, expressed in Hertz? Reply with ONLY a number (the frequency in Hz). Nothing else. Output only the answer."
distortion_heavy,saturation,"{'type': 'saturation', 'drive_db': 30.0}",3038,voice,instrument,38,64,0,0,0,0,D2,C6,0,0,0,re,fa#,0,0,0,64,C6,solb,415.38,/home/hsnu2/PitchBench/data/analysis_audio/pitchbench_e1_audio_effects/D2_voice_5000ms_fx_distortion_heavy.wav,D2_voice_5000ms_fx_distortion_heavy.wav,Listen to this audio clip of a single musical note. What is the MIDI note number (an integer from 0 to 127)? Reply with ONLY the integer. Nothing else. Output only the answer.,"Listen to this audio clip of a single musical note. What is the note name and octave? Reply with ONLY the note name in Scientific Pitch Notation (e.g. C4, F#3, Bb5). Nothing else. Output only the answer.","Listen to this audio clip of a single musical note. What is the solfege syllable and accidental (if needed) of this pitch? Use fixed-do (do=C, re=D, mi=E, fa=F, sol=G, la=A, si=B). Include sharps or flats when needed (e.g. do#, reb, fa#, sib). Do NOT include the octave. Reply with ONLY the syllable and accidental (if needed). Nothing else. Output only the answer.","Listen to this audio clip of a single musical note. What is the main pitch frequency, expressed in Hertz? Reply with ONLY a number (the frequency in Hz). Nothing else. Output only the answer."
distortion_heavy,saturation,"{'type': 'saturation', 'drive_db': 30.0}",3047,voice,instrument,47,69,0,0,0,0,B2,C6,0,0,0,si,fa#,0,0,0,69,C6,solb,415.38,/home/hsnu2/PitchBench/data/analysis_audio/pitchbench_e1_audio_effects/B2_voice_5000ms_fx_distortion_heavy.wav,B2_voice_5000ms_fx_distortion_heavy.wav,Listen to this audio clip of a single musical note. What is the MIDI note number (an integer from 0 to 127)? Reply with ONLY the integer. Nothing else. Output only the answer.,"Listen to this audio clip of a single musical note. What is the note name and octave? Reply with ONLY the note name in Scientific Pitch Notation (e.g. C4, F#3, Bb5). Nothing else. Output only the answer.","Listen to this audio clip of a single musical note. What is the solfege syllable and accidental (if needed) of this pitch? Use fixed-do (do=C, re=D, mi=E, fa=F, sol=G, la=A, si=B). Include sharps or flats when needed (e.g. do#, reb, fa#, sib). Do NOT include the octave. Reply with ONLY the syllable and accidental (if needed). Nothing else. Output only the answer.","Listen to this audio clip of a single musical note. What is the main pitch frequency, expressed in Hertz? Reply with ONLY a number (the frequency in Hz). Nothing else. Output only the answer."
distortion_heavy,saturation,"{'type': 'saturation', 'drive_db': 30.0}",3056,voice,instrument,56,69,0,0,0,0,G#3,C6,0,0,0,sol#,fa#,0,0,0,69,C6,solb,1058.43,/home/hsnu2/PitchBench/data/analysis_audio/pitchbench_e1_audio_effects/Gs3_voice_5000ms_fx_distortion_heavy.wav,Gs3_voice_5000ms_fx_distortion_heavy.wav,Listen to this audio clip of a single musical note. What is the MIDI note number (an integer from 0 to 127)? Reply with ONLY the integer. Nothing else. Output only the answer.,"Listen to this audio clip of a single musical note. What is the note name and octave? Reply with ONLY the note name in Scientific Pitch Notation (e.g. C4, F#3, Bb5). Nothing else. Output only the answer.","Listen to this audio clip of a single musical note. What is the solfege syllable and accidental (if needed) of this pitch? Use fixed-do (do=C, re=D, mi=E, fa=F, sol=G, la=A, si=B). Include sharps or flats when needed (e.g. do#, reb, fa#, sib). Do NOT include the octave. Reply with ONLY the syllable and accidental (if needed). Nothing else. Output only the answer.","Listen to this audio clip of a single musical note. What is the main pitch frequency, expressed in Hertz? Reply with ONLY a number (the frequency in Hz). Nothing else. Output only the answer."
distortion_heavy,saturation,"{'type': 'saturation', 'drive_db': 30.0}",3065,voice,instrument,65,64,0,1,0,1,F4,E6,0,0,0,fa,sol#,0,0,0,64,E6,sol#,460,/home/hsnu2/PitchBench/data/analysis_audio/pitchbench_e1_audio_effects/F4_voice_5000ms_fx_distortion_heavy.wav,F4_voice_5000ms_fx_distortion_heavy.wav,Listen to this audio clip of a single musical note. What is the MIDI note number (an integer from 0 to 127)? Reply with ONLY the integer. Nothing else. Output only the answer.,"Listen to this audio clip of a single musical note. What is the note name and octave? Reply with ONLY the note name in Scientific Pitch Notation (e.g. C4, F#3, Bb5). Nothing else. Output only the answer.","Listen to this audio clip of a single musical note. What is the solfege syllable and accidental (if needed) of this pitch? Use fixed-do (do=C, re=D, mi=E, fa=F, sol=G, la=A, si=B). Include sharps or flats when needed (e.g. do#, reb, fa#, sib). Do NOT include the octave. Reply with ONLY the syllable and accidental (if needed). Nothing else. Output only the answer.","Listen to this audio clip of a single musical note. What is the main pitch frequency, expressed in Hertz? Reply with ONLY a number (the frequency in Hz). Nothing else. Output only the answer."
distortion_heavy,saturation,"{'type': 'saturation', 'drive_db': 30.0}",3074,voice,instrument,74,69,0,0,0,0,D5,D6,0,1,0,re,sol,0,0,0,69,D6,sol,1046.53,/home/hsnu2/PitchBench/data/analysis_audio/pitchbench_e1_audio_effects/D5_voice_5000ms_fx_distortion_heavy.wav,D5_voice_5000ms_fx_distortion_heavy.wav,Listen to this audio clip of a single musical note. What is the MIDI note number (an integer from 0 to 127)? Reply with ONLY the integer. Nothing else. Output only the answer.,"Listen to this audio clip of a single musical note. What is the note name and octave? Reply with ONLY the note name in Scientific Pitch Notation (e.g. C4, F#3, Bb5). Nothing else. Output only the answer.","Listen to this audio clip of a single musical note. What is the solfege syllable and accidental (if needed) of this pitch? Use fixed-do (do=C, re=D, mi=E, fa=F, sol=G, la=A, si=B). Include sharps or flats when needed (e.g. do#, reb, fa#, sib). Do NOT include the octave. Reply with ONLY the syllable and accidental (if needed). Nothing else. Output only the answer.","Listen to this audio clip of a single musical note. What is the main pitch frequency, expressed in Hertz? Reply with ONLY a number (the frequency in Hz). Nothing else. Output only the answer."
distortion_heavy,saturation,"{'type': 'saturation', 'drive_db': 30.0}",3083,voice,instrument,83,84,0,1,0,0,B5,B6,0,1,0,si,sol#,0,0,0,84,B6,sol#,1046.57,/home/hsnu2/PitchBench/data/analysis_audio/pitchbench_e1_audio_effects/B5_voice_5000ms_fx_distortion_heavy.wav,B5_voice_5000ms_fx_distortion_heavy.wav,Listen to this audio clip of a single musical note. What is the MIDI note number (an integer from 0 to 127)? Reply with ONLY the integer. Nothing else. Output only the answer.,"Listen to this audio clip of a single musical note. What is the note name and octave? Reply with ONLY the note name in Scientific Pitch Notation (e.g. C4, F#3, Bb5). Nothing else. Output only the answer.","Listen to this audio clip of a single musical note. What is the solfege syllable and accidental (if needed) of this pitch? Use fixed-do (do=C, re=D, mi=E, fa=F, sol=G, la=A, si=B). Include sharps or flats when needed (e.g. do#, reb, fa#, sib). Do NOT include the octave. Reply with ONLY the syllable and accidental (if needed). Nothing else. Output only the answer.","Listen to this audio clip of a single musical note. What is the main pitch frequency, expressed in Hertz? Reply with ONLY a number (the frequency in Hz). Nothing else. Output only the answer."
reverb_long,reverb_room,"{'type': 'reverb_room', 'room_size': 0.9, 'damping': 0.4, 'wet_level': 0.6, 'dry_level': 0.4}",4029,voice,instrument,29,63,0,0,0,0,F1,C6,0,0,0,fa,fa#,0,0,0,63,C6,solb,480,/home/hsnu2/PitchBench/data/analysis_audio/pitchbench_e1_audio_effects/F1_voice_5000ms_fx_reverb_long.wav,F1_voice_5000ms_fx_reverb_long.wav,Listen to this audio clip of a single musical note. What is the MIDI note number (an integer from 0 to 127)? Reply with ONLY the integer. Nothing else. Output only the answer.,"Listen to this audio clip of a single musical note. What is the note name and octave? Reply with ONLY the note name in Scientific Pitch Notation (e.g. C4, F#3, Bb5). Nothing else. Output only the answer.","Listen to this audio clip of a single musical note. What is the solfege syllable and accidental (if needed) of this pitch? Use fixed-do (do=C, re=D, mi=E, fa=F, sol=G, la=A, si=B). Include sharps or flats when needed (e.g. do#, reb, fa#, sib). Do NOT include the octave. Reply with ONLY the syllable and accidental (if needed). Nothing else. Output only the answer.","Listen to this audio clip of a single musical note. What is the main pitch frequency, expressed in Hertz? Reply with ONLY a number (the frequency in Hz). Nothing else. Output only the answer."
reverb_long,reverb_room,"{'type': 'reverb_room', 'room_size': 0.9, 'damping': 0.4, 'wet_level': 0.6, 'dry_level': 0.4}",4038,voice,instrument,38,63,0,0,0,0,D2,C6,0,0,0,re,sol,0,0,0,63,C6,sol,480,/home/hsnu2/PitchBench/data/analysis_audio/pitchbench_e1_audio_effects/D2_voice_5000ms_fx_reverb_long.wav,D2_voice_5000ms_fx_reverb_long.wav,Listen to this audio clip of a single musical note. What is the MIDI note number (an integer from 0 to 127)? Reply with ONLY the integer. Nothing else. Output only the answer.,"Listen to this audio clip of a single musical note. What is the note name and octave? Reply with ONLY the note name in Scientific Pitch Notation (e.g. C4, F#3, Bb5). Nothing else. Output only the answer.","Listen to this audio clip of a single musical note. What is the solfege syllable and accidental (if needed) of this pitch? Use fixed-do (do=C, re=D, mi=E, fa=F, sol=G, la=A, si=B). Include sharps or flats when needed (e.g. do#, reb, fa#, sib). Do NOT include the octave. Reply with ONLY the syllable and accidental (if needed). Nothing else. Output only the answer.","Listen to this audio clip of a single musical note. What is the main pitch frequency, expressed in Hertz? Reply with ONLY a number (the frequency in Hz). Nothing else. Output only the answer."
reverb_long,reverb_room,"{'type': 'reverb_room', 'room_size': 0.9, 'damping': 0.4, 'wet_level': 0.6, 'dry_level': 0.4}",4047,voice,instrument,47,63,0,0,0,0,B2,C6,0,0,0,si,fa#,0,0,0,63,C6,solb,480,/home/hsnu2/PitchBench/data/analysis_audio/pitchbench_e1_audio_effects/B2_voice_5000ms_fx_reverb_long.wav,B2_voice_5000ms_fx_reverb_long.wav,Listen to this audio clip of a single musical note. What is the MIDI note number (an integer from 0 to 127)? Reply with ONLY the integer. Nothing else. Output only the answer.,"Listen to this audio clip of a single musical note. What is the note name and octave? Reply with ONLY the note name in Scientific Pitch Notation (e.g. C4, F#3, Bb5). Nothing else. Output only the answer.","Listen to this audio clip of a single musical note. What is the solfege syllable and accidental (if needed) of this pitch? Use fixed-do (do=C, re=D, mi=E, fa=F, sol=G, la=A, si=B). Include sharps or flats when needed (e.g. do#, reb, fa#, sib). Do NOT include the octave. Reply with ONLY the syllable and accidental (if needed). Nothing else. Output only the answer.","Listen to this audio clip of a single musical note. What is the main pitch frequency, expressed in Hertz? Reply with ONLY a number (the frequency in Hz). Nothing else. Output only the answer."
reverb_long,reverb_room,"{'type': 'reverb_room', 'room_size': 0.9, 'damping': 0.4, 'wet_level': 0.6, 'dry_level': 0.4}",4056,voice,instrument,56,69,0,0,0,0,G#3,C4,0,0,0,sol#,sol,0,0,0,69,C4,sol,450,/home/hsnu2/PitchBench/data/analysis_audio/pitchbench_e1_audio_effects/Gs3_voice_5000ms_fx_reverb_long.wav,Gs3_voice_5000ms_fx_reverb_long.wav,Listen to this audio clip of a single musical note. What is the MIDI note number (an integer from 0 to 127)? Reply with ONLY the integer. Nothing else. Output only the answer.,"Listen to this audio clip of a single musical note. What is the note name and octave? Reply with ONLY the note name in Scientific Pitch Notation (e.g. C4, F#3, Bb5). Nothing else. Output only the answer.","Listen to this audio clip of a single musical note. What is the solfege syllable and accidental (if needed) of this pitch? Use fixed-do (do=C, re=D, mi=E, fa=F, sol=G, la=A, si=B). Include sharps or flats when needed (e.g. do#, reb, fa#, sib). Do NOT include the octave. Reply with ONLY the syllable and accidental (if needed). Nothing else. Output only the answer.","Listen to this audio clip of a single musical note. What is the main pitch frequency, expressed in Hertz? Reply with ONLY a number (the frequency in Hz). Nothing else. Output only the answer."
reverb_long,reverb_room,"{'type': 'reverb_room', 'room_size': 0.9, 'damping': 0.4, 'wet_level': 0.6, 'dry_level': 0.4}",4065,voice,instrument,65,65,1,1,1,1,F4,E4,0,0,1,fa,sol,0,0,1,65,E4,sol,659.34,/home/hsnu2/PitchBench/data/analysis_audio/pitchbench_e1_audio_effects/F4_voice_5000ms_fx_reverb_long.wav,F4_voice_5000ms_fx_reverb_long.wav,Listen to this audio clip of a single musical note. What is the MIDI note number (an integer from 0 to 127)? Reply with ONLY the integer. Nothing else. Output only the answer.,"Listen to this audio clip of a single musical note. What is the note name and octave? Reply with ONLY the note name in Scientific Pitch Notation (e.g. C4, F#3, Bb5). Nothing else. Output only the answer.","Listen to this audio clip of a single musical note. What is the solfege syllable and accidental (if needed) of this pitch? Use fixed-do (do=C, re=D, mi=E, fa=F, sol=G, la=A, si=B). Include sharps or flats when needed (e.g. do#, reb, fa#, sib). Do NOT include the octave. Reply with ONLY the syllable and accidental (if needed). Nothing else. Output only the answer.","Listen to this audio clip of a single musical note. What is the main pitch frequency, expressed in Hertz? Reply with ONLY a number (the frequency in Hz). Nothing else. Output only the answer."
reverb_long,reverb_room,"{'type': 'reverb_room', 'room_size': 0.9, 'damping': 0.4, 'wet_level': 0.6, 'dry_level': 0.4}",4074,voice,instrument,74,62,0,0,1,0,D5,C6,0,0,0,re,sol#,0,0,0,62,C6,sol#,625,/home/hsnu2/PitchBench/data/analysis_audio/pitchbench_e1_audio_effects/D5_voice_5000ms_fx_reverb_long.wav,D5_voice_5000ms_fx_reverb_long.wav,Listen to this audio clip of a single musical note. What is the MIDI note number (an integer from 0 to 127)? Reply with ONLY the integer. Nothing else. Output only the answer.,"Listen to this audio clip of a single musical note. What is the note name and octave? Reply with ONLY the note name in Scientific Pitch Notation (e.g. C4, F#3, Bb5). Nothing else. Output only the answer.","Listen to this audio clip of a single musical note. What is the solfege syllable and accidental (if needed) of this pitch? Use fixed-do (do=C, re=D, mi=E, fa=F, sol=G, la=A, si=B). Include sharps or flats when needed (e.g. do#, reb, fa#, sib). Do NOT include the octave. Reply with ONLY the syllable and accidental (if needed). Nothing else. Output only the answer.","Listen to this audio clip of a single musical note. What is the main pitch frequency, expressed in Hertz? Reply with ONLY a number (the frequency in Hz). Nothing else. Output only the answer."
reverb_long,reverb_room,"{'type': 'reverb_room', 'room_size': 0.9, 'damping': 0.4, 'wet_level': 0.6, 'dry_level': 0.4}",4083,voice,instrument,83,83,1,1,1,1,B5,C6,0,0,0,si,sol#,0,0,1,83,C6,sol#,8250,/home/hsnu2/PitchBench/data/analysis_audio/pitchbench_e1_audio_effects/B5_voice_5000ms_fx_reverb_long.wav,B5_voice_5000ms_fx_reverb_long.wav,Listen to this audio clip of a single musical note. What is the MIDI note number (an integer from 0 to 127)? Reply with ONLY the integer. Nothing else. Output only the answer.,"Listen to this audio clip of a single musical note. What is the note name and octave? Reply with ONLY the note name in Scientific Pitch Notation (e.g. C4, F#3, Bb5). Nothing else. Output only the answer.","Listen to this audio clip of a single musical note. What is the solfege syllable and accidental (if needed) of this pitch? Use fixed-do (do=C, re=D, mi=E, fa=F, sol=G, la=A, si=B). Include sharps or flats when needed (e.g. do#, reb, fa#, sib). Do NOT include the octave. Reply with ONLY the syllable and accidental (if needed). Nothing else. Output only the answer.","Listen to this audio clip of a single musical note. What is the main pitch frequency, expressed in Hertz? Reply with ONLY a number (the frequency in Hz). Nothing else. Output only the answer."
chorus_heavy,chorus,"{'type': 'chorus', 'rate_hz': 1.2, 'depth': 0.9, 'mix': 0.6}",5029,voice,instrument,29,63,0,0,0,0,F1,C6,0,0,0,fa,fa#,0,0,0,63,C6,solb,415.30,/home/hsnu2/PitchBench/data/analysis_audio/pitchbench_e1_audio_effects/F1_voice_5000ms_fx_chorus_heavy.wav,F1_voice_5000ms_fx_chorus_heavy.wav,Listen to this audio clip of a single musical note. What is the MIDI note number (an integer from 0 to 127)? Reply with ONLY the integer. Nothing else. Output only the answer.,"Listen to this audio clip of a single musical note. What is the note name and octave? Reply with ONLY the note name in Scientific Pitch Notation (e.g. C4, F#3, Bb5). Nothing else. Output only the answer.","Listen to this audio clip of a single musical note. What is the solfege syllable and accidental (if needed) of this pitch? Use fixed-do (do=C, re=D, mi=E, fa=F, sol=G, la=A, si=B). Include sharps or flats when needed (e.g. do#, reb, fa#, sib). Do NOT include the octave. Reply with ONLY the syllable and accidental (if needed). Nothing else. Output only the answer.","Listen to this audio clip of a single musical note. What is the main pitch frequency, expressed in Hertz? Reply with ONLY a number (the frequency in Hz). Nothing else. Output only the answer."
chorus_heavy,chorus,"{'type': 'chorus', 'rate_hz': 1.2, 'depth': 0.9, 'mix': 0.6}",5038,voice,instrument,38,65,0,0,0,0,D2,C6,0,0,0,re,fa#,0,0,0,65,C6,solb,480,/home/hsnu2/PitchBench/data/analysis_audio/pitchbench_e1_audio_effects/D2_voice_5000ms_fx_chorus_heavy.wav,D2_voice_5000ms_fx_chorus_heavy.wav,Listen to this audio clip of a single musical note. What is the MIDI note number (an integer from 0 to 127)? Reply with ONLY the integer. Nothing else. Output only the answer.,"Listen to this audio clip of a single musical note. What is the note name and octave? Reply with ONLY the note name in Scientific Pitch Notation (e.g. C4, F#3, Bb5). Nothing else. Output only the answer.","Listen to this audio clip of a single musical note. What is the solfege syllable and accidental (if needed) of this pitch? Use fixed-do (do=C, re=D, mi=E, fa=F, sol=G, la=A, si=B). Include sharps or flats when needed (e.g. do#, reb, fa#, sib). Do NOT include the octave. Reply with ONLY the syllable and accidental (if needed). Nothing else. Output only the answer.","Listen to this audio clip of a single musical note. What is the main pitch frequency, expressed in Hertz? Reply with ONLY a number (the frequency in Hz). Nothing else. Output only the answer."
chorus_heavy,chorus,"{'type': 'chorus', 'rate_hz': 1.2, 'depth': 0.9, 'mix': 0.6}",5047,voice,instrument,47,65,0,0,0,0,B2,C6,0,0,0,si,fa#,0,0,0,65,C6,solb,415.38,/home/hsnu2/PitchBench/data/analysis_audio/pitchbench_e1_audio_effects/B2_voice_5000ms_fx_chorus_heavy.wav,B2_voice_5000ms_fx_chorus_heavy.wav,Listen to this audio clip of a single musical note. What is the MIDI note number (an integer from 0 to 127)? Reply with ONLY the integer. Nothing else. Output only the answer.,"Listen to this audio clip of a single musical note. What is the note name and octave? Reply with ONLY the note name in Scientific Pitch Notation (e.g. C4, F#3, Bb5). Nothing else. Output only the answer.","Listen to this audio clip of a single musical note. What is the solfege syllable and accidental (if needed) of this pitch? Use fixed-do (do=C, re=D, mi=E, fa=F, sol=G, la=A, si=B). Include sharps or flats when needed (e.g. do#, reb, fa#, sib). Do NOT include the octave. Reply with ONLY the syllable and accidental (if needed). Nothing else. Output only the answer.","Listen to this audio clip of a single musical note. What is the main pitch frequency, expressed in Hertz? Reply with ONLY a number (the frequency in Hz). Nothing else. Output only the answer."
chorus_heavy,chorus,"{'type': 'chorus', 'rate_hz': 1.2, 'depth': 0.9, 'mix': 0.6}",5056,voice,instrument,56,65,0,0,0,0,G#3,C6,0,0,0,sol#,sol,0,0,0,65,C6,sol,480,/home/hsnu2/PitchBench/data/analysis_audio/pitchbench_e1_audio_effects/Gs3_voice_5000ms_fx_chorus_heavy.wav,Gs3_voice_5000ms_fx_chorus_heavy.wav,Listen to this audio clip of a single musical note. What is the MIDI note number (an integer from 0 to 127)? Reply with ONLY the integer. Nothing else. Output only the answer.,"Listen to this audio clip of a single musical note. What is the note name and octave? Reply with ONLY the note name in Scientific Pitch Notation (e.g. C4, F#3, Bb5). Nothing else. Output only the answer.","Listen to this audio clip of a single musical note. What is the solfege syllable and accidental (if needed) of this pitch? Use fixed-do (do=C, re=D, mi=E, fa=F, sol=G, la=A, si=B). Include sharps or flats when needed (e.g. do#, reb, fa#, sib). Do NOT include the octave. Reply with ONLY the syllable and accidental (if needed). Nothing else. Output only the answer.","Listen to this audio clip of a single musical note. What is the main pitch frequency, expressed in Hertz? Reply with ONLY a number (the frequency in Hz). Nothing else. Output only the answer."
chorus_heavy,chorus,"{'type': 'chorus', 'rate_hz': 1.2, 'depth': 0.9, 'mix': 0.6}",5065,voice,instrument,65,65,1,1,1,1,F4,C6,0,0,0,fa,sol,0,0,1,65,C6,sol,415.38,/home/hsnu2/PitchBench/data/analysis_audio/pitchbench_e1_audio_effects/F4_voice_5000ms_fx_chorus_heavy.wav,F4_voice_5000ms_fx_chorus_heavy.wav,Listen to this audio clip of a single musical note. What is the MIDI note number (an integer from 0 to 127)? Reply with ONLY the integer. Nothing else. Output only the answer.,"Listen to this audio clip of a single musical note. What is the note name and octave? Reply with ONLY the note name in Scientific Pitch Notation (e.g. C4, F#3, Bb5). Nothing else. Output only the answer.","Listen to this audio clip of a single musical note. What is the solfege syllable and accidental (if needed) of this pitch? Use fixed-do (do=C, re=D, mi=E, fa=F, sol=G, la=A, si=B). Include sharps or flats when needed (e.g. do#, reb, fa#, sib). Do NOT include the octave. Reply with ONLY the syllable and accidental (if needed). Nothing else. Output only the answer.","Listen to this audio clip of a single musical note. What is the main pitch frequency, expressed in Hertz? Reply with ONLY a number (the frequency in Hz). Nothing else. Output only the answer."
chorus_heavy,chorus,"{'type': 'chorus', 'rate_hz': 1.2, 'depth': 0.9, 'mix': 0.6}",5074,voice,instrument,74,69,0,0,0,0,D5,C6,0,0,0,re,sol#,0,0,0,69,C6,sol#,480,/home/hsnu2/PitchBench/data/analysis_audio/pitchbench_e1_audio_effects/D5_voice_5000ms_fx_chorus_heavy.wav,D5_voice_5000ms_fx_chorus_heavy.wav,Listen to this audio clip of a single musical note. What is the MIDI note number (an integer from 0 to 127)? Reply with ONLY the integer. Nothing else. Output only the answer.,"Listen to this audio clip of a single musical note. What is the note name and octave? Reply with ONLY the note name in Scientific Pitch Notation (e.g. C4, F#3, Bb5). Nothing else. Output only the answer.","Listen to this audio clip of a single musical note. What is the solfege syllable and accidental (if needed) of this pitch? Use fixed-do (do=C, re=D, mi=E, fa=F, sol=G, la=A, si=B). Include sharps or flats when needed (e.g. do#, reb, fa#, sib). Do NOT include the octave. Reply with ONLY the syllable and accidental (if needed). Nothing else. Output only the answer.","Listen to this audio clip of a single musical note. What is the main pitch frequency, expressed in Hertz? Reply with ONLY a number (the frequency in Hz). Nothing else. Output only the answer."
chorus_heavy,chorus,"{'type': 'chorus', 'rate_hz': 1.2, 'depth': 0.9, 'mix': 0.6}",5083,voice,instrument,83,69,0,0,0,0,B5,C6,0,0,0,si,sol#,0,0,0,69,C6,sol#,4156.38,/home/hsnu2/PitchBench/data/analysis_audio/pitchbench_e1_audio_effects/B5_voice_5000ms_fx_chorus_heavy.wav,B5_voice_5000ms_fx_chorus_heavy.wav,Listen to this audio clip of a single musical note. What is the MIDI note number (an integer from 0 to 127)? Reply with ONLY the integer. Nothing else. Output only the answer.,"Listen to this audio clip of a single musical note. What is the note name and octave? Reply with ONLY the note name in Scientific Pitch Notation (e.g. C4, F#3, Bb5). Nothing else. Output only the answer.","Listen to this audio clip of a single musical note. What is the solfege syllable and accidental (if needed) of this pitch? Use fixed-do (do=C, re=D, mi=E, fa=F, sol=G, la=A, si=B). Include sharps or flats when needed (e.g. do#, reb, fa#, sib). Do NOT include the octave. Reply with ONLY the syllable and accidental (if needed). Nothing else. Output only the answer.","Listen to this audio clip of a single musical note. What is the main pitch frequency, expressed in Hertz? Reply with ONLY a number (the frequency in Hz). Nothing else. Output only the answer."
