n_target,target_midi_gt,target_spn_gt,target_doremi_gt,target_hz_gt,midi_pred,midi_per_pos,midi_seq_correct,spn_pred,spn_per_pos,spn_seq_correct,doremi_pred,doremi_per_pos,doremi_seq_correct,hz_pred,hz_per_pos,hz_seq_correct,any_seq_correct,raw_midi,raw_spn,raw_doremi,raw_hz,n,x,tempo,tone_ms,total_dur_ms,inst_cfg,source_label,sources,target_source,trial,all_n_notes,source,source_type,audio_url,audio_file,prompt_midi,prompt_spn,prompt_doremi,prompt_hz
10,"[76, 78, 74, 73, 81, 72, 83, 75, 80, 79]","['E5', 'F#5', 'D5', 'C#5', 'A5', 'C5', 'B5', 'D#5', 'G#5', 'G5']","['mi', 'fa#', 're', 'do#', 'la', 'do', 'si', 're#', 'sol#', 'sol']","[659.2551, 739.9888, 587.3295, 554.3653, 880.0, 523.2511, 987.7666, 622.254, 830.6094, 783.9909]","[67, 66, 64, 62, 61, 59, 57, 56, 54, 52]","[False, False, False, False, False, False, False, False, False, False]",0,"['E5', 'F5', 'G5', 'A5', 'G5', 'F5', 'E5', 'D5', 'C5', 'B4']","[True, False, False, False, False, False, False, False, False, False]",0,"[7, 7, 5, 4, 2, 2, 4, 5, 7, 7]","[False, False, False, False, False, False, False, False, False, True]",0,"[440.0, 392.0, 349.2, 392.0, 440.0, 493.9, 440.0, 392.0, 349.2, 329.6]","[False, False, False, False, False, False, False, False, False, False]",0,0,67 66 64 62 61 59 57 56 54 52,E5 F5 G5 A5 G5 F5 E5 D5 C5 B4,sol sol fa mi re re mi fa sol sol,440.0 392.0 349.2 392.0 440.0 493.9 440.0 392.0 349.2 329.6,2,1,slow,1000,10000,mixed,brass_reeds_synth,"['trumpet', 'trombone']",trumpet,1,"[10, 6]",brass_reeds_synth,instrument,/home/hsnu2/PitchBench/data/audio/pitchbench_f1_melodic_line_id/poly2_cb50a5f4b0dd12_n2_x1_slow_mixed_brass_reeds_synth_t1_total10000ms.wav,poly2_cb50a5f4b0dd12_n2_x1_slow_mixed_brass_reeds_synth_t1_total10000ms.wav,"You will hear 2 simultaneous melodic lines, each played by a different instrument: trumpet (highest), trombone (lowest). Every line plays continuously: each line always sustains a note, and consecutive notes flow directly into one another with no silence. The lines have different rhythms and numbers of notes, and individual note durations also vary within each line. Focus only on the trumpet (highest line). That line has exactly 10 notes. List all 10 MIDI note numbers in order from first to last. Reply with ONLY the integers separated by spaces. Nothing else. Output only the answer.","You will hear 2 simultaneous melodic lines, each played by a different instrument: trumpet (highest), trombone (lowest). Every line plays continuously: each line always sustains a note, and consecutive notes flow directly into one another with no silence. The lines have different rhythms and numbers of notes, and individual note durations also vary within each line. Focus only on the trumpet (highest line). That line has exactly 10 notes. List all 10 note names in order from first to last. Reply with ONLY the note names expressed in Scientific Pitch Notation, separated by spaces (e.g. C5 D#5 E5). Nothing else. Output only the answer.","You will hear 2 simultaneous melodic lines, each played by a different instrument: trumpet (highest), trombone (lowest). Every line plays continuously: each line always sustains a note, and consecutive notes flow directly into one another with no silence. The lines have different rhythms and numbers of notes, and individual note durations also vary within each line. Focus only on the trumpet (highest line). That line has exactly 10 notes. List all 10 solfège syllable and accidentals (if needed) in order from first to last (fixed-do: do=C re=D mi=E fa=F sol=G la=A si=B; include sharps e.g. do# re#). Reply with ONLY the syllable and accidentals (if needed) separated by spaces. Nothing else. Output only the answer.","You will hear 2 simultaneous melodic lines, each played by a different instrument: trumpet (highest), trombone (lowest). Every line plays continuously: each line always sustains a note, and consecutive notes flow directly into one another with no silence. The lines have different rhythms and numbers of notes, and individual note durations also vary within each line. Focus only on the trumpet (highest line). That line has exactly 10 notes. List the main pitch frequency in Hertz of all 10 notes in order from first to last. Reply with ONLY the frequencies in Hz separated by spaces (e.g. 261.6 329.6 392.0). Nothing else. Output only the answer."
10,"[74, 79, 82, 83, 78, 77, 80, 75, 72, 81]","['D5', 'G5', 'A#5', 'B5', 'F#5', 'F5', 'G#5', 'D#5', 'C5', 'A5']","['re', 'sol', 'la#', 'si', 'fa#', 'fa', 'sol#', 're#', 'do', 'la']","[587.3295, 783.9909, 932.3275, 987.7666, 739.9888, 698.4565, 830.6094, 622.254, 523.2511, 880.0]","[65, 67, 69, 70, 72, 74, 72, 70, 69, 67]","[False, False, False, False, False, False, False, False, False, False]",0,"['C5', 'D5', 'E5', 'F5', 'G5', 'A5', 'G5', 'F5', 'E5', 'D5']","[False, False, False, False, False, False, False, False, False, False]",0,"[7, 7, 5, 4, 2, 0, 2, 4, 5, 7]","[False, True, False, False, False, False, False, False, False, False]",0,"[440.0, 392.0, 440.0, 349.0, 392.0, 440.0, 349.0, 392.0, 440.0, 392.0]","[False, False, False, False, False, False, False, False, False, False]",0,0,65 67 69 70 72 74 72 70 69 67,C5 D5 E5 F5 G5 A5 G5 F5 E5 D5,sol sol fa mi re do re mi fa sol,440 392 440 349 392 440 349 392 440 392,2,1,slow,1000,10000,mixed,brass_reeds_synth,"['trumpet', 'trombone']",trumpet,0,"[10, 4]",brass_reeds_synth,instrument,/home/hsnu2/PitchBench/data/audio/pitchbench_f1_melodic_line_id/poly2_fa2b541b5d1c98_n2_x1_slow_mixed_brass_reeds_synth_t0_total10000ms.wav,poly2_fa2b541b5d1c98_n2_x1_slow_mixed_brass_reeds_synth_t0_total10000ms.wav,"You will hear 2 simultaneous melodic lines, each played by a different instrument: trumpet (highest), trombone (lowest). Every line plays continuously: each line always sustains a note, and consecutive notes flow directly into one another with no silence. The lines have different rhythms and numbers of notes, and individual note durations also vary within each line. Focus only on the trumpet (highest line). That line has exactly 10 notes. List all 10 MIDI note numbers in order from first to last. Reply with ONLY the integers separated by spaces. Nothing else. Output only the answer.","You will hear 2 simultaneous melodic lines, each played by a different instrument: trumpet (highest), trombone (lowest). Every line plays continuously: each line always sustains a note, and consecutive notes flow directly into one another with no silence. The lines have different rhythms and numbers of notes, and individual note durations also vary within each line. Focus only on the trumpet (highest line). That line has exactly 10 notes. List all 10 note names in order from first to last. Reply with ONLY the note names expressed in Scientific Pitch Notation, separated by spaces (e.g. C5 D#5 E5). Nothing else. Output only the answer.","You will hear 2 simultaneous melodic lines, each played by a different instrument: trumpet (highest), trombone (lowest). Every line plays continuously: each line always sustains a note, and consecutive notes flow directly into one another with no silence. The lines have different rhythms and numbers of notes, and individual note durations also vary within each line. Focus only on the trumpet (highest line). That line has exactly 10 notes. List all 10 solfège syllable and accidentals (if needed) in order from first to last (fixed-do: do=C re=D mi=E fa=F sol=G la=A si=B; include sharps e.g. do# re#). Reply with ONLY the syllable and accidentals (if needed) separated by spaces. Nothing else. Output only the answer.","You will hear 2 simultaneous melodic lines, each played by a different instrument: trumpet (highest), trombone (lowest). Every line plays continuously: each line always sustains a note, and consecutive notes flow directly into one another with no silence. The lines have different rhythms and numbers of notes, and individual note durations also vary within each line. Focus only on the trumpet (highest line). That line has exactly 10 notes. List the main pitch frequency in Hertz of all 10 notes in order from first to last. Reply with ONLY the frequencies in Hz separated by spaces (e.g. 261.6 329.6 392.0). Nothing else. Output only the answer."
10,"[70, 64, 62, 61, 63, 60, 67, 65, 71, 69]","['A#4', 'E4', 'D4', 'C#4', 'D#4', 'C4', 'G4', 'F4', 'B4', 'A4']","['la#', 'mi', 're', 'do#', 're#', 'do', 'sol', 'fa', 'si', 'la']","[466.1638, 329.6276, 293.6648, 277.1826, 311.127, 261.6256, 391.9954, 349.2282, 493.8833, 440.0]","[52, 53, 55, 57, 55, 53, 52, 50, 48, 47]","[False, False, False, False, False, False, False, False, False, False]",0,"['G3', 'F3', 'E3', 'D3', 'C3', 'D3', 'E3', 'F3', 'G3', 'C3']","[False, False, False, False, False, False, False, False, False, False]",0,"[7, 7, 5, 4, 4, 2, 2, 0, 2, 0]","[False, False, False, False, False, False, False, False, False, False]",0,"[110.0, 98.0, 87.0, 98.0, 110.0, 130.8, 146.8, 130.8, 110.0, 98.0]","[False, False, False, False, False, False, False, False, False, False]",0,0,52 53 55 57 55 53 52 50 48 47,G3 F3 E3 D3 C3 D3 E3 F3 G3 C3,sol sol fa mi mi re re do re do,110 98 87 98 110 130.8 146.8 130.8 110 98,2,2,slow,1000,10000,mixed,brass_reeds_synth,"['trumpet', 'trombone']",trombone,1,"[5, 10]",brass_reeds_synth,instrument,/home/hsnu2/PitchBench/data/audio/pitchbench_f1_melodic_line_id/poly2_2e7a5f8fba5551_n2_x2_slow_mixed_brass_reeds_synth_t1_total10000ms.wav,poly2_2e7a5f8fba5551_n2_x2_slow_mixed_brass_reeds_synth_t1_total10000ms.wav,"You will hear 2 simultaneous melodic lines, each played by a different instrument: trumpet (highest), trombone (lowest). Every line plays continuously: each line always sustains a note, and consecutive notes flow directly into one another with no silence. The lines have different rhythms and numbers of notes, and individual note durations also vary within each line. Focus only on the trombone (lowest line). That line has exactly 10 notes. List all 10 MIDI note numbers in order from first to last. Reply with ONLY the integers separated by spaces. Nothing else. Output only the answer.","You will hear 2 simultaneous melodic lines, each played by a different instrument: trumpet (highest), trombone (lowest). Every line plays continuously: each line always sustains a note, and consecutive notes flow directly into one another with no silence. The lines have different rhythms and numbers of notes, and individual note durations also vary within each line. Focus only on the trombone (lowest line). That line has exactly 10 notes. List all 10 note names in order from first to last. Reply with ONLY the note names expressed in Scientific Pitch Notation, separated by spaces (e.g. C5 D#5 E5). Nothing else. Output only the answer.","You will hear 2 simultaneous melodic lines, each played by a different instrument: trumpet (highest), trombone (lowest). Every line plays continuously: each line always sustains a note, and consecutive notes flow directly into one another with no silence. The lines have different rhythms and numbers of notes, and individual note durations also vary within each line. Focus only on the trombone (lowest line). That line has exactly 10 notes. List all 10 solfège syllable and accidentals (if needed) in order from first to last (fixed-do: do=C re=D mi=E fa=F sol=G la=A si=B; include sharps e.g. do# re#). Reply with ONLY the syllable and accidentals (if needed) separated by spaces. Nothing else. Output only the answer.","You will hear 2 simultaneous melodic lines, each played by a different instrument: trumpet (highest), trombone (lowest). Every line plays continuously: each line always sustains a note, and consecutive notes flow directly into one another with no silence. The lines have different rhythms and numbers of notes, and individual note durations also vary within each line. Focus only on the trombone (lowest line). That line has exactly 10 notes. List the main pitch frequency in Hertz of all 10 notes in order from first to last. Reply with ONLY the frequencies in Hz separated by spaces (e.g. 261.6 329.6 392.0). Nothing else. Output only the answer."
10,"[78, 72, 73, 76, 83, 74, 81, 75, 80, 79]","['F#5', 'C5', 'C#5', 'E5', 'B5', 'D5', 'A5', 'D#5', 'G#5', 'G5']","['fa#', 'do', 'do#', 'mi', 'si', 're', 'la', 're#', 'sol#', 'sol']","[739.9888, 523.2511, 554.3653, 659.2551, 987.7666, 587.3295, 880.0, 622.254, 830.6094, 783.9909]","[67, 69, 71, 72, 74, 76, 77, 76, 74, 72]","[False, False, False, False, False, False, False, False, False, False]",0,"['B4', 'C5', 'D5', 'E5', 'F5', 'G5', 'A5', 'G5', 'F5', 'E5']","[False, True, False, True, False, False, True, False, False, False]",0,"[7, 7, 5, 4, 2, 0, 2, 4, 5, 7]","[False, False, False, True, False, False, False, False, False, True]",0,"[165.0, 196.0, 220.0, 261.6, 293.7, 329.6, 349.2, 392.0, 440.0, 493.9]","[False, False, False, False, False, False, False, False, False, False]",0,0,67 69 71 72 74 76 77 76 74 72,B4 C5 D5 E5 F5 G5 A5 G5 F5 E5,sol sol fa mi re do re mi fa sol,165.0 196.0 220.0 261.6 293.7 329.6 349.2 392.0 440.0 493.9,2,1,medium,500,5000,mixed,brass_reeds_synth,"['trumpet', 'trombone']",trumpet,0,"[10, 9]",brass_reeds_synth,instrument,/home/hsnu2/PitchBench/data/audio/pitchbench_f1_melodic_line_id/poly2_4b52342c38098e_n2_x1_medium_mixed_brass_reeds_synth_t0_total5000ms.wav,poly2_4b52342c38098e_n2_x1_medium_mixed_brass_reeds_synth_t0_total5000ms.wav,"You will hear 2 simultaneous melodic lines, each played by a different instrument: trumpet (highest), trombone (lowest). Every line plays continuously: each line always sustains a note, and consecutive notes flow directly into one another with no silence. The lines have different rhythms and numbers of notes, and individual note durations also vary within each line. Focus only on the trumpet (highest line). That line has exactly 10 notes. List all 10 MIDI note numbers in order from first to last. Reply with ONLY the integers separated by spaces. Nothing else. Output only the answer.","You will hear 2 simultaneous melodic lines, each played by a different instrument: trumpet (highest), trombone (lowest). Every line plays continuously: each line always sustains a note, and consecutive notes flow directly into one another with no silence. The lines have different rhythms and numbers of notes, and individual note durations also vary within each line. Focus only on the trumpet (highest line). That line has exactly 10 notes. List all 10 note names in order from first to last. Reply with ONLY the note names expressed in Scientific Pitch Notation, separated by spaces (e.g. C5 D#5 E5). Nothing else. Output only the answer.","You will hear 2 simultaneous melodic lines, each played by a different instrument: trumpet (highest), trombone (lowest). Every line plays continuously: each line always sustains a note, and consecutive notes flow directly into one another with no silence. The lines have different rhythms and numbers of notes, and individual note durations also vary within each line. Focus only on the trumpet (highest line). That line has exactly 10 notes. List all 10 solfège syllable and accidentals (if needed) in order from first to last (fixed-do: do=C re=D mi=E fa=F sol=G la=A si=B; include sharps e.g. do# re#). Reply with ONLY the syllable and accidentals (if needed) separated by spaces. Nothing else. Output only the answer.","You will hear 2 simultaneous melodic lines, each played by a different instrument: trumpet (highest), trombone (lowest). Every line plays continuously: each line always sustains a note, and consecutive notes flow directly into one another with no silence. The lines have different rhythms and numbers of notes, and individual note durations also vary within each line. Focus only on the trumpet (highest line). That line has exactly 10 notes. List the main pitch frequency in Hertz of all 10 notes in order from first to last. Reply with ONLY the frequencies in Hz separated by spaces (e.g. 261.6 329.6 392.0). Nothing else. Output only the answer."
10,"[64, 67, 69, 63, 65, 60, 61, 62, 70, 66]","['E4', 'G4', 'A4', 'D#4', 'F4', 'C4', 'C#4', 'D4', 'A#4', 'F#4']","['mi', 'sol', 'la', 're#', 'fa', 'do', 'do#', 're', 'la#', 'fa#']","[329.6276, 391.9954, 440.0, 311.127, 349.2282, 261.6256, 277.1826, 293.6648, 466.1638, 369.9944]","[52, 53, 55, 57, 55, 53, 52, 50, 48, 47]","[False, False, False, False, False, False, False, False, False, False]",0,"[None, None, None, None, None, None, None, None, None, None]","[None, None, None, None, None, None, None, None, None, None]",0,"[7, 7, 5, 4, 2, 0, 2, 4, 5, 7]","[False, True, False, False, False, True, False, False, False, False]",0,"[None, None, None, None, None, None, None, None, None, None]","[None, None, None, None, None, None, None, None, None, None]",0,0,52 53 55 57 55 53 52 50 48 47,"I'm sorry, but I can't determine the exact note names just by listening.",sol sol fa mi re do re mi fa sol,"I'm sorry, but I can't determine the exact pitch frequencies just by listening.",2,2,medium,500,5000,mixed,brass_reeds_synth,"['trumpet', 'trombone']",trombone,1,"[17, 10]",brass_reeds_synth,instrument,/home/hsnu2/PitchBench/data/audio/pitchbench_f1_melodic_line_id/poly2_58c70de0959eec_n2_x2_medium_mixed_brass_reeds_synth_t1_total5000ms.wav,poly2_58c70de0959eec_n2_x2_medium_mixed_brass_reeds_synth_t1_total5000ms.wav,"You will hear 2 simultaneous melodic lines, each played by a different instrument: trumpet (highest), trombone (lowest). Every line plays continuously: each line always sustains a note, and consecutive notes flow directly into one another with no silence. The lines have different rhythms and numbers of notes, and individual note durations also vary within each line. Focus only on the trombone (lowest line). That line has exactly 10 notes. List all 10 MIDI note numbers in order from first to last. Reply with ONLY the integers separated by spaces. Nothing else. Output only the answer.","You will hear 2 simultaneous melodic lines, each played by a different instrument: trumpet (highest), trombone (lowest). Every line plays continuously: each line always sustains a note, and consecutive notes flow directly into one another with no silence. The lines have different rhythms and numbers of notes, and individual note durations also vary within each line. Focus only on the trombone (lowest line). That line has exactly 10 notes. List all 10 note names in order from first to last. Reply with ONLY the note names expressed in Scientific Pitch Notation, separated by spaces (e.g. C5 D#5 E5). Nothing else. Output only the answer.","You will hear 2 simultaneous melodic lines, each played by a different instrument: trumpet (highest), trombone (lowest). Every line plays continuously: each line always sustains a note, and consecutive notes flow directly into one another with no silence. The lines have different rhythms and numbers of notes, and individual note durations also vary within each line. Focus only on the trombone (lowest line). That line has exactly 10 notes. List all 10 solfège syllable and accidentals (if needed) in order from first to last (fixed-do: do=C re=D mi=E fa=F sol=G la=A si=B; include sharps e.g. do# re#). Reply with ONLY the syllable and accidentals (if needed) separated by spaces. Nothing else. Output only the answer.","You will hear 2 simultaneous melodic lines, each played by a different instrument: trumpet (highest), trombone (lowest). Every line plays continuously: each line always sustains a note, and consecutive notes flow directly into one another with no silence. The lines have different rhythms and numbers of notes, and individual note durations also vary within each line. Focus only on the trombone (lowest line). That line has exactly 10 notes. List the main pitch frequency in Hertz of all 10 notes in order from first to last. Reply with ONLY the frequencies in Hz separated by spaces (e.g. 261.6 329.6 392.0). Nothing else. Output only the answer."
10,"[74, 81, 79, 80, 72, 77, 75, 73, 82, 76]","['D5', 'A5', 'G5', 'G#5', 'C5', 'F5', 'D#5', 'C#5', 'A#5', 'E5']","['re', 'la', 'sol', 'sol#', 'do', 'fa', 're#', 'do#', 'la#', 'mi']","[587.3295, 880.0, 783.9909, 830.6094, 523.2511, 698.4565, 622.254, 554.3653, 932.3275, 659.2551]","[76, 77, 79, 81, 79, 77, 76, 74, 72, 71]","[False, False, True, False, False, True, False, False, False, False]",0,"[None, None, None, None, None, None, None, None, None, None]","[None, None, None, None, None, None, None, None, None, None]",0,"[4, 5, 7, 9, 7, 5, 4, 2, 0, 11]","[False, False, True, False, False, True, False, False, False, False]",0,"[440.0, 494.0, 523.0, 587.0, 659.0, 698.0, 784.0, 880.0, 988.0, 1047.0]","[False, False, False, False, False, True, False, False, False, False]",0,0,76 77 79 81 79 77 76 74 72 71,"I’m sorry, but I can’t determine the note names just by listening.",mi fa sol la sol fa mi re do si,440 494 523 587 659 698 784 880 988 1047,2,1,medium,500,5000,similar,cello,"['cello', 'cello']",cello,1,"[10, 2]",cello,instrument,/home/hsnu2/PitchBench/data/audio/pitchbench_f1_melodic_line_id/poly2_0736b57df5e53e_n2_x1_medium_similar_cello_t1_total5000ms.wav,poly2_0736b57df5e53e_n2_x1_medium_similar_cello_t1_total5000ms.wav,"You will hear 2 simultaneous melodic lines, all played with the same instrument, each in a distinct pitch register from highest to lowest. Every line plays continuously: each line always sustains a note, and consecutive notes flow directly into one another with no silence. The lines have different rhythms and numbers of notes, and individual note durations also vary within each line. Focus only on the highest melodic line. That line has exactly 10 notes. List all 10 MIDI note numbers in order from first to last. Reply with ONLY the integers separated by spaces. Nothing else. Output only the answer.","You will hear 2 simultaneous melodic lines, all played with the same instrument, each in a distinct pitch register from highest to lowest. Every line plays continuously: each line always sustains a note, and consecutive notes flow directly into one another with no silence. The lines have different rhythms and numbers of notes, and individual note durations also vary within each line. Focus only on the highest melodic line. That line has exactly 10 notes. List all 10 note names in order from first to last. Reply with ONLY the note names expressed in Scientific Pitch Notation, separated by spaces (e.g. C5 D#5 E5). Nothing else. Output only the answer.","You will hear 2 simultaneous melodic lines, all played with the same instrument, each in a distinct pitch register from highest to lowest. Every line plays continuously: each line always sustains a note, and consecutive notes flow directly into one another with no silence. The lines have different rhythms and numbers of notes, and individual note durations also vary within each line. Focus only on the highest melodic line. That line has exactly 10 notes. List all 10 solfège syllable and accidentals (if needed) in order from first to last (fixed-do: do=C re=D mi=E fa=F sol=G la=A si=B; include sharps e.g. do# re#). Reply with ONLY the syllable and accidentals (if needed) separated by spaces. Nothing else. Output only the answer.","You will hear 2 simultaneous melodic lines, all played with the same instrument, each in a distinct pitch register from highest to lowest. Every line plays continuously: each line always sustains a note, and consecutive notes flow directly into one another with no silence. The lines have different rhythms and numbers of notes, and individual note durations also vary within each line. Focus only on the highest melodic line. That line has exactly 10 notes. List the main pitch frequency in Hertz of all 10 notes in order from first to last. Reply with ONLY the frequencies in Hz separated by spaces (e.g. 261.6 329.6 392.0). Nothing else. Output only the answer."
10,"[76, 78, 74, 73, 81, 72, 83, 75, 80, 79]","['E5', 'F#5', 'D5', 'C#5', 'A5', 'C5', 'B5', 'D#5', 'G#5', 'G5']","['mi', 'fa#', 're', 'do#', 'la', 'do', 'si', 're#', 'sol#', 'sol']","[659.2551, 739.9888, 587.3295, 554.3653, 880.0, 523.2511, 987.7666, 622.254, 830.6094, 783.9909]","[72, 74, 76, 77, 76, 74, 72, 71, 69, 67]","[False, False, False, False, False, False, False, False, False, False]",0,"['E6', 'F6', 'G6', 'A6', 'G6', 'F6', 'E6', 'D6', 'C6', 'B5']","[False, False, False, False, False, False, False, False, False, False]",0,"[7, 7, 5, 4, 5, 7, 9, 7, 5, 4]","[False, False, False, False, False, False, False, False, False, False]",0,"[440.0, 392.0, 440.0, 349.0, 392.0, 440.0, 392.0, 349.0, 392.0, 440.0]","[False, False, False, False, False, False, False, False, False, False]",0,0,72 74 76 77 76 74 72 71 69 67,E6 F6 G6 A6 G6 F6 E6 D6 C6 B5,sol sol fa mi fa sol la sol fa mi,440 392 440 349 392 440 392 349 392 440,2,1,slow,1000,10000,similar,cello,"['cello', 'cello']",cello,1,"[10, 6]",cello,instrument,/home/hsnu2/PitchBench/data/audio/pitchbench_f1_melodic_line_id/poly2_ecb7499009f3a0_n2_x1_slow_similar_cello_t1_total10000ms.wav,poly2_ecb7499009f3a0_n2_x1_slow_similar_cello_t1_total10000ms.wav,"You will hear 2 simultaneous melodic lines, all played with the same instrument, each in a distinct pitch register from highest to lowest. Every line plays continuously: each line always sustains a note, and consecutive notes flow directly into one another with no silence. The lines have different rhythms and numbers of notes, and individual note durations also vary within each line. Focus only on the highest melodic line. That line has exactly 10 notes. List all 10 MIDI note numbers in order from first to last. Reply with ONLY the integers separated by spaces. Nothing else. Output only the answer.","You will hear 2 simultaneous melodic lines, all played with the same instrument, each in a distinct pitch register from highest to lowest. Every line plays continuously: each line always sustains a note, and consecutive notes flow directly into one another with no silence. The lines have different rhythms and numbers of notes, and individual note durations also vary within each line. Focus only on the highest melodic line. That line has exactly 10 notes. List all 10 note names in order from first to last. Reply with ONLY the note names expressed in Scientific Pitch Notation, separated by spaces (e.g. C5 D#5 E5). Nothing else. Output only the answer.","You will hear 2 simultaneous melodic lines, all played with the same instrument, each in a distinct pitch register from highest to lowest. Every line plays continuously: each line always sustains a note, and consecutive notes flow directly into one another with no silence. The lines have different rhythms and numbers of notes, and individual note durations also vary within each line. Focus only on the highest melodic line. That line has exactly 10 notes. List all 10 solfège syllable and accidentals (if needed) in order from first to last (fixed-do: do=C re=D mi=E fa=F sol=G la=A si=B; include sharps e.g. do# re#). Reply with ONLY the syllable and accidentals (if needed) separated by spaces. Nothing else. Output only the answer.","You will hear 2 simultaneous melodic lines, all played with the same instrument, each in a distinct pitch register from highest to lowest. Every line plays continuously: each line always sustains a note, and consecutive notes flow directly into one another with no silence. The lines have different rhythms and numbers of notes, and individual note durations also vary within each line. Focus only on the highest melodic line. That line has exactly 10 notes. List the main pitch frequency in Hertz of all 10 notes in order from first to last. Reply with ONLY the frequencies in Hz separated by spaces (e.g. 261.6 329.6 392.0). Nothing else. Output only the answer."
10,"[70, 64, 62, 61, 63, 60, 67, 65, 71, 69]","['A#4', 'E4', 'D4', 'C#4', 'D#4', 'C4', 'G4', 'F4', 'B4', 'A4']","['la#', 'mi', 're', 'do#', 're#', 'do', 'sol', 'fa', 'si', 'la']","[466.1638, 329.6276, 293.6648, 277.1826, 311.127, 261.6256, 391.9954, 349.2282, 493.8833, 440.0]","[52, 50, 48, 47, 45, 43, 42, 40, 38, 36]","[False, False, False, False, False, False, False, False, False, False]",0,"['G3', 'F3', 'E3', 'D3', 'C3', 'B2', 'A2', 'G2', 'F2', 'E2']","[False, False, False, False, False, False, False, False, False, False]",0,"[7, 7, 5, 4, 2, 0, 2, 4, 5, 7]","[False, False, False, False, False, True, False, False, False, False]",0,"[None, None, None, None, None, None, None, None, None, None]","[None, None, None, None, None, None, None, None, None, None]",0,0,52 50 48 47 45 43 42 40 38 36,"I need to listen carefully to the lowest melodic line to identify the 10 notes. Let me analyze the audio again. 

Here is the sequence of the 10 notes in the lowest line:

G3 F3 E3 D3 C3 B2 A2 G2 F2 E2",sol sol fa mi re do re mi fa sol,"I’m sorry, but I can’t determine the exact pitch frequencies from the audio.",2,2,slow,1000,10000,similar,cello,"['cello', 'cello']",cello,1,"[5, 10]",cello,instrument,/home/hsnu2/PitchBench/data/audio/pitchbench_f1_melodic_line_id/poly2_9ed1fab87b7ace_n2_x2_slow_similar_cello_t1_total10000ms.wav,poly2_9ed1fab87b7ace_n2_x2_slow_similar_cello_t1_total10000ms.wav,"You will hear 2 simultaneous melodic lines, all played with the same instrument, each in a distinct pitch register from highest to lowest. Every line plays continuously: each line always sustains a note, and consecutive notes flow directly into one another with no silence. The lines have different rhythms and numbers of notes, and individual note durations also vary within each line. Focus only on the lowest melodic line. That line has exactly 10 notes. List all 10 MIDI note numbers in order from first to last. Reply with ONLY the integers separated by spaces. Nothing else. Output only the answer.","You will hear 2 simultaneous melodic lines, all played with the same instrument, each in a distinct pitch register from highest to lowest. Every line plays continuously: each line always sustains a note, and consecutive notes flow directly into one another with no silence. The lines have different rhythms and numbers of notes, and individual note durations also vary within each line. Focus only on the lowest melodic line. That line has exactly 10 notes. List all 10 note names in order from first to last. Reply with ONLY the note names expressed in Scientific Pitch Notation, separated by spaces (e.g. C5 D#5 E5). Nothing else. Output only the answer.","You will hear 2 simultaneous melodic lines, all played with the same instrument, each in a distinct pitch register from highest to lowest. Every line plays continuously: each line always sustains a note, and consecutive notes flow directly into one another with no silence. The lines have different rhythms and numbers of notes, and individual note durations also vary within each line. Focus only on the lowest melodic line. That line has exactly 10 notes. List all 10 solfège syllable and accidentals (if needed) in order from first to last (fixed-do: do=C re=D mi=E fa=F sol=G la=A si=B; include sharps e.g. do# re#). Reply with ONLY the syllable and accidentals (if needed) separated by spaces. Nothing else. Output only the answer.","You will hear 2 simultaneous melodic lines, all played with the same instrument, each in a distinct pitch register from highest to lowest. Every line plays continuously: each line always sustains a note, and consecutive notes flow directly into one another with no silence. The lines have different rhythms and numbers of notes, and individual note durations also vary within each line. Focus only on the lowest melodic line. That line has exactly 10 notes. List the main pitch frequency in Hertz of all 10 notes in order from first to last. Reply with ONLY the frequencies in Hz separated by spaces (e.g. 261.6 329.6 392.0). Nothing else. Output only the answer."
10,"[74, 79, 82, 83, 78, 77, 80, 75, 72, 81]","['D5', 'G5', 'A#5', 'B5', 'F#5', 'F5', 'G#5', 'D#5', 'C5', 'A5']","['re', 'sol', 'la#', 'si', 'fa#', 'fa', 'sol#', 're#', 'do', 'la']","[587.3295, 783.9909, 932.3275, 987.7666, 739.9888, 698.4565, 830.6094, 622.254, 523.2511, 880.0]","[83, 81, 79, 77, 76, 74, 72, 71, 69, 67]","[False, False, False, False, False, False, False, False, False, False]",0,"['E6', 'F6', 'G6', 'A6', 'G6', 'F6', 'E6', 'D6', 'C6', 'B5']","[False, False, False, False, False, False, False, False, False, False]",0,"[4, 5, 7, 5, 4, 2, 0, 11, 9, 7]","[False, False, False, False, False, False, False, False, False, False]",0,"[440.0, 392.0, 440.0, 349.0, 392.0, 440.0, 392.0, 349.0, 392.0, 440.0]","[False, False, False, False, False, False, False, False, False, False]",0,0,83 81 79 77 76 74 72 71 69 67,E6 F6 G6 A6 G6 F6 E6 D6 C6 B5,mi fa sol fa mi re do si la sol,440 392 440 349 392 440 392 349 392 440,2,1,slow,1000,10000,similar,cello,"['cello', 'cello']",cello,0,"[10, 4]",cello,instrument,/home/hsnu2/PitchBench/data/audio/pitchbench_f1_melodic_line_id/poly2_9938528e36e748_n2_x1_slow_similar_cello_t0_total10000ms.wav,poly2_9938528e36e748_n2_x1_slow_similar_cello_t0_total10000ms.wav,"You will hear 2 simultaneous melodic lines, all played with the same instrument, each in a distinct pitch register from highest to lowest. Every line plays continuously: each line always sustains a note, and consecutive notes flow directly into one another with no silence. The lines have different rhythms and numbers of notes, and individual note durations also vary within each line. Focus only on the highest melodic line. That line has exactly 10 notes. List all 10 MIDI note numbers in order from first to last. Reply with ONLY the integers separated by spaces. Nothing else. Output only the answer.","You will hear 2 simultaneous melodic lines, all played with the same instrument, each in a distinct pitch register from highest to lowest. Every line plays continuously: each line always sustains a note, and consecutive notes flow directly into one another with no silence. The lines have different rhythms and numbers of notes, and individual note durations also vary within each line. Focus only on the highest melodic line. That line has exactly 10 notes. List all 10 note names in order from first to last. Reply with ONLY the note names expressed in Scientific Pitch Notation, separated by spaces (e.g. C5 D#5 E5). Nothing else. Output only the answer.","You will hear 2 simultaneous melodic lines, all played with the same instrument, each in a distinct pitch register from highest to lowest. Every line plays continuously: each line always sustains a note, and consecutive notes flow directly into one another with no silence. The lines have different rhythms and numbers of notes, and individual note durations also vary within each line. Focus only on the highest melodic line. That line has exactly 10 notes. List all 10 solfège syllable and accidentals (if needed) in order from first to last (fixed-do: do=C re=D mi=E fa=F sol=G la=A si=B; include sharps e.g. do# re#). Reply with ONLY the syllable and accidentals (if needed) separated by spaces. Nothing else. Output only the answer.","You will hear 2 simultaneous melodic lines, all played with the same instrument, each in a distinct pitch register from highest to lowest. Every line plays continuously: each line always sustains a note, and consecutive notes flow directly into one another with no silence. The lines have different rhythms and numbers of notes, and individual note durations also vary within each line. Focus only on the highest melodic line. That line has exactly 10 notes. List the main pitch frequency in Hertz of all 10 notes in order from first to last. Reply with ONLY the frequencies in Hz separated by spaces (e.g. 261.6 329.6 392.0). Nothing else. Output only the answer."
10,"[60, 71, 68, 64, 63, 67, 70, 65, 61, 66]","['C4', 'B4', 'G#4', 'E4', 'D#4', 'G4', 'A#4', 'F4', 'C#4', 'F#4']","['do', 'si', 'sol#', 'mi', 're#', 'sol', 'la#', 'fa', 'do#', 'fa#']","[261.6256, 493.8833, 415.3047, 329.6276, 311.127, 391.9954, 466.1638, 349.2282, 277.1826, 369.9944]","[None, None, None, None, None, None, None, None, None, None]","[None, None, None, None, None, None, None, None, None, None]",0,"['G3', 'F3', 'E3', 'D3', 'C3', 'B2', 'A2', 'G2', 'F2', 'E2']","[False, False, False, False, False, False, False, False, False, False]",0,"[7, 5, 4, 2, 0, 11, 9, 7, 5, 4]","[False, False, False, False, False, False, False, False, False, False]",0,"[130.8, 146.8, 164.8, 174.6, 196.0, 220.0, 246.9, 261.6, 293.7, 329.6]","[False, False, False, False, False, False, False, False, False, False]",0,0,"I'm sorry, but I can't determine the exact MIDI note numbers just by listening to the audio.",G3 F3 E3 D3 C3 B2 A2 G2 F2 E2,sol fa mi re do si la sol fa mi,130.8 146.8 164.8 174.6 196.0 220.0 246.9 261.6 293.7 329.6,2,2,slow,1000,10000,similar,cello,"['cello', 'cello']",cello,0,"[20, 10]",cello,instrument,/home/hsnu2/PitchBench/data/audio/pitchbench_f1_melodic_line_id/poly2_60e0156ebad798_n2_x2_slow_similar_cello_t0_total10000ms.wav,poly2_60e0156ebad798_n2_x2_slow_similar_cello_t0_total10000ms.wav,"You will hear 2 simultaneous melodic lines, all played with the same instrument, each in a distinct pitch register from highest to lowest. Every line plays continuously: each line always sustains a note, and consecutive notes flow directly into one another with no silence. The lines have different rhythms and numbers of notes, and individual note durations also vary within each line. Focus only on the lowest melodic line. That line has exactly 10 notes. List all 10 MIDI note numbers in order from first to last. Reply with ONLY the integers separated by spaces. Nothing else. Output only the answer.","You will hear 2 simultaneous melodic lines, all played with the same instrument, each in a distinct pitch register from highest to lowest. Every line plays continuously: each line always sustains a note, and consecutive notes flow directly into one another with no silence. The lines have different rhythms and numbers of notes, and individual note durations also vary within each line. Focus only on the lowest melodic line. That line has exactly 10 notes. List all 10 note names in order from first to last. Reply with ONLY the note names expressed in Scientific Pitch Notation, separated by spaces (e.g. C5 D#5 E5). Nothing else. Output only the answer.","You will hear 2 simultaneous melodic lines, all played with the same instrument, each in a distinct pitch register from highest to lowest. Every line plays continuously: each line always sustains a note, and consecutive notes flow directly into one another with no silence. The lines have different rhythms and numbers of notes, and individual note durations also vary within each line. Focus only on the lowest melodic line. That line has exactly 10 notes. List all 10 solfège syllable and accidentals (if needed) in order from first to last (fixed-do: do=C re=D mi=E fa=F sol=G la=A si=B; include sharps e.g. do# re#). Reply with ONLY the syllable and accidentals (if needed) separated by spaces. Nothing else. Output only the answer.","You will hear 2 simultaneous melodic lines, all played with the same instrument, each in a distinct pitch register from highest to lowest. Every line plays continuously: each line always sustains a note, and consecutive notes flow directly into one another with no silence. The lines have different rhythms and numbers of notes, and individual note durations also vary within each line. Focus only on the lowest melodic line. That line has exactly 10 notes. List the main pitch frequency in Hertz of all 10 notes in order from first to last. Reply with ONLY the frequencies in Hz separated by spaces (e.g. 261.6 329.6 392.0). Nothing else. Output only the answer."
10,"[70, 67, 65, 61, 71, 66, 62, 68, 69, 60]","['A#4', 'G4', 'F4', 'C#4', 'B4', 'F#4', 'D4', 'G#4', 'A4', 'C4']","['la#', 'sol', 'fa', 'do#', 'si', 'fa#', 're', 'sol#', 'la', 'do']","[466.1638, 391.9954, 349.2282, 277.1826, 493.8833, 369.9944, 293.6648, 415.3047, 440.0, 261.6256]","[48, 50, 52, 53, 55, 57, 55, 53, 52, 50]","[False, False, False, False, False, False, False, False, False, False]",0,"['G3', 'F3', 'E3', 'D3', 'C3', 'B2', 'A2', 'G2', 'F2', 'E2']","[False, False, False, False, False, False, False, False, False, False]",0,"[7, 7, 5, 4, 4, 2, 2, 0, 2, 0]","[False, True, True, False, False, False, True, False, False, True]",0,"[82.4, 98.0, 87.3, 73.4, 65.4, 73.4, 87.3, 98.0, 110.0, 123.5]","[False, False, False, False, False, False, False, False, False, False]",0,0,48 50 52 53 55 57 55 53 52 50,G3 F3 E3 D3 C3 B2 A2 G2 F2 E2,sol sol fa mi mi re re do re do,82.4 98.0 87.3 73.4 65.4 73.4 87.3 98.0 110.0 123.5,2,2,medium,500,5000,similar,clarinet,"['clarinet', 'clarinet']",clarinet,0,"[5, 10]",clarinet,instrument,/home/hsnu2/PitchBench/data/audio/pitchbench_f1_melodic_line_id/poly2_f088e01bf925fb_n2_x2_medium_similar_clarinet_t0_total5000ms.wav,poly2_f088e01bf925fb_n2_x2_medium_similar_clarinet_t0_total5000ms.wav,"You will hear 2 simultaneous melodic lines, all played with the same instrument, each in a distinct pitch register from highest to lowest. Every line plays continuously: each line always sustains a note, and consecutive notes flow directly into one another with no silence. The lines have different rhythms and numbers of notes, and individual note durations also vary within each line. Focus only on the lowest melodic line. That line has exactly 10 notes. List all 10 MIDI note numbers in order from first to last. Reply with ONLY the integers separated by spaces. Nothing else. Output only the answer.","You will hear 2 simultaneous melodic lines, all played with the same instrument, each in a distinct pitch register from highest to lowest. Every line plays continuously: each line always sustains a note, and consecutive notes flow directly into one another with no silence. The lines have different rhythms and numbers of notes, and individual note durations also vary within each line. Focus only on the lowest melodic line. That line has exactly 10 notes. List all 10 note names in order from first to last. Reply with ONLY the note names expressed in Scientific Pitch Notation, separated by spaces (e.g. C5 D#5 E5). Nothing else. Output only the answer.","You will hear 2 simultaneous melodic lines, all played with the same instrument, each in a distinct pitch register from highest to lowest. Every line plays continuously: each line always sustains a note, and consecutive notes flow directly into one another with no silence. The lines have different rhythms and numbers of notes, and individual note durations also vary within each line. Focus only on the lowest melodic line. That line has exactly 10 notes. List all 10 solfège syllable and accidentals (if needed) in order from first to last (fixed-do: do=C re=D mi=E fa=F sol=G la=A si=B; include sharps e.g. do# re#). Reply with ONLY the syllable and accidentals (if needed) separated by spaces. Nothing else. Output only the answer.","You will hear 2 simultaneous melodic lines, all played with the same instrument, each in a distinct pitch register from highest to lowest. Every line plays continuously: each line always sustains a note, and consecutive notes flow directly into one another with no silence. The lines have different rhythms and numbers of notes, and individual note durations also vary within each line. Focus only on the lowest melodic line. That line has exactly 10 notes. List the main pitch frequency in Hertz of all 10 notes in order from first to last. Reply with ONLY the frequencies in Hz separated by spaces (e.g. 261.6 329.6 392.0). Nothing else. Output only the answer."
10,"[74, 79, 82, 83, 78, 77, 80, 75, 72, 81]","['D5', 'G5', 'A#5', 'B5', 'F#5', 'F5', 'G#5', 'D#5', 'C5', 'A5']","['re', 'sol', 'la#', 'si', 'fa#', 'fa', 'sol#', 're#', 'do', 'la']","[587.3295, 783.9909, 932.3275, 987.7666, 739.9888, 698.4565, 830.6094, 622.254, 523.2511, 880.0]","[83, 81, 79, 77, 76, 74, 72, 71, 69, 67]","[False, False, False, False, False, False, False, False, False, False]",0,"['E6', 'F6', 'G6', 'A6', 'G6', 'F6', 'E6', 'D6', 'C6', 'B5']","[False, False, False, False, False, False, False, False, False, False]",0,"[4, 5, 7, 9, 7, 5, 4, 2, 4, 0]","[False, False, False, False, False, True, False, False, False, False]",0,"[880.0, 784.0, 698.5, 659.3, 587.3, 659.3, 698.5, 784.0, 880.0, 987.8]","[False, True, False, False, False, False, False, False, False, False]",0,0,83 81 79 77 76 74 72 71 69 67,E6 F6 G6 A6 G6 F6 E6 D6 C6 B5,mi fa sol la sol fa mi re mi do,880.0 784.0 698.5 659.3 587.3 659.3 698.5 784.0 880.0 987.8,2,1,slow,1000,10000,similar,clarinet,"['clarinet', 'clarinet']",clarinet,0,"[10, 4]",clarinet,instrument,/home/hsnu2/PitchBench/data/audio/pitchbench_f1_melodic_line_id/poly2_c59c82ae1027c8_n2_x1_slow_similar_clarinet_t0_total10000ms.wav,poly2_c59c82ae1027c8_n2_x1_slow_similar_clarinet_t0_total10000ms.wav,"You will hear 2 simultaneous melodic lines, all played with the same instrument, each in a distinct pitch register from highest to lowest. Every line plays continuously: each line always sustains a note, and consecutive notes flow directly into one another with no silence. The lines have different rhythms and numbers of notes, and individual note durations also vary within each line. Focus only on the highest melodic line. That line has exactly 10 notes. List all 10 MIDI note numbers in order from first to last. Reply with ONLY the integers separated by spaces. Nothing else. Output only the answer.","You will hear 2 simultaneous melodic lines, all played with the same instrument, each in a distinct pitch register from highest to lowest. Every line plays continuously: each line always sustains a note, and consecutive notes flow directly into one another with no silence. The lines have different rhythms and numbers of notes, and individual note durations also vary within each line. Focus only on the highest melodic line. That line has exactly 10 notes. List all 10 note names in order from first to last. Reply with ONLY the note names expressed in Scientific Pitch Notation, separated by spaces (e.g. C5 D#5 E5). Nothing else. Output only the answer.","You will hear 2 simultaneous melodic lines, all played with the same instrument, each in a distinct pitch register from highest to lowest. Every line plays continuously: each line always sustains a note, and consecutive notes flow directly into one another with no silence. The lines have different rhythms and numbers of notes, and individual note durations also vary within each line. Focus only on the highest melodic line. That line has exactly 10 notes. List all 10 solfège syllable and accidentals (if needed) in order from first to last (fixed-do: do=C re=D mi=E fa=F sol=G la=A si=B; include sharps e.g. do# re#). Reply with ONLY the syllable and accidentals (if needed) separated by spaces. Nothing else. Output only the answer.","You will hear 2 simultaneous melodic lines, all played with the same instrument, each in a distinct pitch register from highest to lowest. Every line plays continuously: each line always sustains a note, and consecutive notes flow directly into one another with no silence. The lines have different rhythms and numbers of notes, and individual note durations also vary within each line. Focus only on the highest melodic line. That line has exactly 10 notes. List the main pitch frequency in Hertz of all 10 notes in order from first to last. Reply with ONLY the frequencies in Hz separated by spaces (e.g. 261.6 329.6 392.0). Nothing else. Output only the answer."
10,"[64, 67, 69, 63, 65, 60, 61, 62, 70, 66]","['E4', 'G4', 'A4', 'D#4', 'F4', 'C4', 'C#4', 'D4', 'A#4', 'F#4']","['mi', 'sol', 'la', 're#', 'fa', 'do', 'do#', 're', 'la#', 'fa#']","[329.6276, 391.9954, 440.0, 311.127, 349.2282, 261.6256, 277.1826, 293.6648, 466.1638, 369.9944]","[52, 53, 55, 57, 55, 53, 52, 50, 48, 47]","[False, False, False, False, False, False, False, False, False, False]",0,"['E3', 'F3', 'G3', 'A3', 'G3', 'F3', 'E3', 'D3', 'C3', 'B2']","[False, False, False, False, False, False, False, False, False, False]",0,"[7, 5, 4, 2, 0, 2, 4, 5, 7, 0]","[False, False, False, False, False, False, False, False, False, False]",0,"[None, None, None, None, None, None, None, None, None, None]","[None, None, None, None, None, None, None, None, None, None]",0,0,52 53 55 57 55 53 52 50 48 47,E3 F3 G3 A3 G3 F3 E3 D3 C3 B2,sol fa mi re do re mi fa sol do,"I’m sorry, but I can’t determine the exact pitch frequencies from the audio.",2,2,medium,500,5000,similar,clarinet,"['clarinet', 'clarinet']",clarinet,1,"[17, 10]",clarinet,instrument,/home/hsnu2/PitchBench/data/audio/pitchbench_f1_melodic_line_id/poly2_88febf4f71f8df_n2_x2_medium_similar_clarinet_t1_total5000ms.wav,poly2_88febf4f71f8df_n2_x2_medium_similar_clarinet_t1_total5000ms.wav,"You will hear 2 simultaneous melodic lines, all played with the same instrument, each in a distinct pitch register from highest to lowest. Every line plays continuously: each line always sustains a note, and consecutive notes flow directly into one another with no silence. The lines have different rhythms and numbers of notes, and individual note durations also vary within each line. Focus only on the lowest melodic line. That line has exactly 10 notes. List all 10 MIDI note numbers in order from first to last. Reply with ONLY the integers separated by spaces. Nothing else. Output only the answer.","You will hear 2 simultaneous melodic lines, all played with the same instrument, each in a distinct pitch register from highest to lowest. Every line plays continuously: each line always sustains a note, and consecutive notes flow directly into one another with no silence. The lines have different rhythms and numbers of notes, and individual note durations also vary within each line. Focus only on the lowest melodic line. That line has exactly 10 notes. List all 10 note names in order from first to last. Reply with ONLY the note names expressed in Scientific Pitch Notation, separated by spaces (e.g. C5 D#5 E5). Nothing else. Output only the answer.","You will hear 2 simultaneous melodic lines, all played with the same instrument, each in a distinct pitch register from highest to lowest. Every line plays continuously: each line always sustains a note, and consecutive notes flow directly into one another with no silence. The lines have different rhythms and numbers of notes, and individual note durations also vary within each line. Focus only on the lowest melodic line. That line has exactly 10 notes. List all 10 solfège syllable and accidentals (if needed) in order from first to last (fixed-do: do=C re=D mi=E fa=F sol=G la=A si=B; include sharps e.g. do# re#). Reply with ONLY the syllable and accidentals (if needed) separated by spaces. Nothing else. Output only the answer.","You will hear 2 simultaneous melodic lines, all played with the same instrument, each in a distinct pitch register from highest to lowest. Every line plays continuously: each line always sustains a note, and consecutive notes flow directly into one another with no silence. The lines have different rhythms and numbers of notes, and individual note durations also vary within each line. Focus only on the lowest melodic line. That line has exactly 10 notes. List the main pitch frequency in Hertz of all 10 notes in order from first to last. Reply with ONLY the frequencies in Hz separated by spaces (e.g. 261.6 329.6 392.0). Nothing else. Output only the answer."
10,"[70, 64, 62, 61, 63, 60, 67, 65, 71, 69]","['A#4', 'E4', 'D4', 'C#4', 'D#4', 'C4', 'G4', 'F4', 'B4', 'A4']","['la#', 'mi', 're', 'do#', 're#', 'do', 'sol', 'fa', 'si', 'la']","[466.1638, 329.6276, 293.6648, 277.1826, 311.127, 261.6256, 391.9954, 349.2282, 493.8833, 440.0]","[48, 50, 52, 53, 55, 57, 55, 53, 52, 50]","[False, False, False, False, False, False, False, False, False, False]",0,"['G3', 'F3', 'E3', 'D3', 'C3', 'B2', 'A2', 'G2', 'F2', 'E2']","[False, False, False, False, False, False, False, False, False, False]",0,"[5, 4, 2, 0, 11, 9, 7, 5, 4, 2]","[False, True, True, False, False, False, True, True, False, False]",0,"[82.4, 98.0, 87.3, 92.5, 110.0, 98.0, 92.5, 87.3, 82.4, 73.4]","[False, False, False, False, False, False, False, False, False, False]",0,0,48 50 52 53 55 57 55 53 52 50,G3 F3 E3 D3 C3 B2 A2 G2 F2 E2,fa mi re do si la sol fa mi re,82.4 98.0 87.3 92.5 110.0 98.0 92.5 87.3 82.4 73.4,2,2,slow,1000,10000,similar,clarinet,"['clarinet', 'clarinet']",clarinet,1,"[5, 10]",clarinet,instrument,/home/hsnu2/PitchBench/data/audio/pitchbench_f1_melodic_line_id/poly2_d30fb33eb05552_n2_x2_slow_similar_clarinet_t1_total10000ms.wav,poly2_d30fb33eb05552_n2_x2_slow_similar_clarinet_t1_total10000ms.wav,"You will hear 2 simultaneous melodic lines, all played with the same instrument, each in a distinct pitch register from highest to lowest. Every line plays continuously: each line always sustains a note, and consecutive notes flow directly into one another with no silence. The lines have different rhythms and numbers of notes, and individual note durations also vary within each line. Focus only on the lowest melodic line. That line has exactly 10 notes. List all 10 MIDI note numbers in order from first to last. Reply with ONLY the integers separated by spaces. Nothing else. Output only the answer.","You will hear 2 simultaneous melodic lines, all played with the same instrument, each in a distinct pitch register from highest to lowest. Every line plays continuously: each line always sustains a note, and consecutive notes flow directly into one another with no silence. The lines have different rhythms and numbers of notes, and individual note durations also vary within each line. Focus only on the lowest melodic line. That line has exactly 10 notes. List all 10 note names in order from first to last. Reply with ONLY the note names expressed in Scientific Pitch Notation, separated by spaces (e.g. C5 D#5 E5). Nothing else. Output only the answer.","You will hear 2 simultaneous melodic lines, all played with the same instrument, each in a distinct pitch register from highest to lowest. Every line plays continuously: each line always sustains a note, and consecutive notes flow directly into one another with no silence. The lines have different rhythms and numbers of notes, and individual note durations also vary within each line. Focus only on the lowest melodic line. That line has exactly 10 notes. List all 10 solfège syllable and accidentals (if needed) in order from first to last (fixed-do: do=C re=D mi=E fa=F sol=G la=A si=B; include sharps e.g. do# re#). Reply with ONLY the syllable and accidentals (if needed) separated by spaces. Nothing else. Output only the answer.","You will hear 2 simultaneous melodic lines, all played with the same instrument, each in a distinct pitch register from highest to lowest. Every line plays continuously: each line always sustains a note, and consecutive notes flow directly into one another with no silence. The lines have different rhythms and numbers of notes, and individual note durations also vary within each line. Focus only on the lowest melodic line. That line has exactly 10 notes. List the main pitch frequency in Hertz of all 10 notes in order from first to last. Reply with ONLY the frequencies in Hz separated by spaces (e.g. 261.6 329.6 392.0). Nothing else. Output only the answer."
10,"[76, 78, 74, 73, 81, 72, 83, 75, 80, 79]","['E5', 'F#5', 'D5', 'C#5', 'A5', 'C5', 'B5', 'D#5', 'G#5', 'G5']","['mi', 'fa#', 're', 'do#', 'la', 'do', 'si', 're#', 'sol#', 'sol']","[659.2551, 739.9888, 587.3295, 554.3653, 880.0, 523.2511, 987.7666, 622.254, 830.6094, 783.9909]","[84, 86, 88, 89, 88, 86, 84, 83, 81, 79]","[False, False, False, False, False, False, False, False, False, True]",0,"['G5', 'F5', 'E5', 'D5', 'C5', 'D5', 'E5', 'F5', 'G5', 'A5']","[False, False, False, False, False, False, False, False, False, False]",0,"[7, 5, 4, 2, 0, 2, 4, 5, 7, 9]","[False, False, False, False, False, False, False, False, False, False]",0,"[523.0, 587.0, 659.0, 698.0, 784.0, 880.0, 988.0, 1047.0, 1175.0, 1319.0]","[False, False, False, False, False, False, True, False, False, False]",0,0,84 86 88 89 88 86 84 83 81 79,G5 F5 E5 D5 C5 D5 E5 F5 G5 A5,sol fa mi re do re mi fa sol la,523 587 659 698 784 880 988 1047 1175 1319,2,1,slow,1000,10000,similar,clarinet,"['clarinet', 'clarinet']",clarinet,1,"[10, 6]",clarinet,instrument,/home/hsnu2/PitchBench/data/audio/pitchbench_f1_melodic_line_id/poly2_4306a21a008a8a_n2_x1_slow_similar_clarinet_t1_total10000ms.wav,poly2_4306a21a008a8a_n2_x1_slow_similar_clarinet_t1_total10000ms.wav,"You will hear 2 simultaneous melodic lines, all played with the same instrument, each in a distinct pitch register from highest to lowest. Every line plays continuously: each line always sustains a note, and consecutive notes flow directly into one another with no silence. The lines have different rhythms and numbers of notes, and individual note durations also vary within each line. Focus only on the highest melodic line. That line has exactly 10 notes. List all 10 MIDI note numbers in order from first to last. Reply with ONLY the integers separated by spaces. Nothing else. Output only the answer.","You will hear 2 simultaneous melodic lines, all played with the same instrument, each in a distinct pitch register from highest to lowest. Every line plays continuously: each line always sustains a note, and consecutive notes flow directly into one another with no silence. The lines have different rhythms and numbers of notes, and individual note durations also vary within each line. Focus only on the highest melodic line. That line has exactly 10 notes. List all 10 note names in order from first to last. Reply with ONLY the note names expressed in Scientific Pitch Notation, separated by spaces (e.g. C5 D#5 E5). Nothing else. Output only the answer.","You will hear 2 simultaneous melodic lines, all played with the same instrument, each in a distinct pitch register from highest to lowest. Every line plays continuously: each line always sustains a note, and consecutive notes flow directly into one another with no silence. The lines have different rhythms and numbers of notes, and individual note durations also vary within each line. Focus only on the highest melodic line. That line has exactly 10 notes. List all 10 solfège syllable and accidentals (if needed) in order from first to last (fixed-do: do=C re=D mi=E fa=F sol=G la=A si=B; include sharps e.g. do# re#). Reply with ONLY the syllable and accidentals (if needed) separated by spaces. Nothing else. Output only the answer.","You will hear 2 simultaneous melodic lines, all played with the same instrument, each in a distinct pitch register from highest to lowest. Every line plays continuously: each line always sustains a note, and consecutive notes flow directly into one another with no silence. The lines have different rhythms and numbers of notes, and individual note durations also vary within each line. Focus only on the highest melodic line. That line has exactly 10 notes. List the main pitch frequency in Hertz of all 10 notes in order from first to last. Reply with ONLY the frequencies in Hz separated by spaces (e.g. 261.6 329.6 392.0). Nothing else. Output only the answer."
10,"[74, 81, 79, 80, 72, 77, 75, 73, 82, 76]","['D5', 'A5', 'G5', 'G#5', 'C5', 'F5', 'D#5', 'C#5', 'A#5', 'E5']","['re', 'la', 'sol', 'sol#', 'do', 'fa', 're#', 'do#', 'la#', 'mi']","[587.3295, 880.0, 783.9909, 830.6094, 523.2511, 698.4565, 622.254, 554.3653, 932.3275, 659.2551]","[72, 74, 76, 77, 79, 81, 79, 77, 76, 74]","[False, False, False, False, False, False, False, False, False, False]",0,"['E6', 'F6', 'G6', 'A6', 'G6', 'F6', 'E6', 'D6', 'C6', 'B5']","[False, False, False, False, False, False, False, False, False, False]",0,"[7, 7, 5, 4, 5, 7, 9, 7, 5, 4]","[False, False, False, False, False, False, False, False, False, True]",0,"[None, None, None, None, None, None, None, None, None, None]","[None, None, None, None, None, None, None, None, None, None]",0,0,72 74 76 77 79 81 79 77 76 74,E6 F6 G6 A6 G6 F6 E6 D6 C6 B5,sol sol fa mi fa sol la sol fa mi,"I'm sorry, but I can't determine the exact pitch frequencies just by listening to the audio.",2,1,medium,500,5000,similar,flute,"['flute', 'flute']",flute,1,"[10, 2]",flute,instrument,/home/hsnu2/PitchBench/data/audio/pitchbench_f1_melodic_line_id/poly2_9a40d027e124fb_n2_x1_medium_similar_flute_t1_total5000ms.wav,poly2_9a40d027e124fb_n2_x1_medium_similar_flute_t1_total5000ms.wav,"You will hear 2 simultaneous melodic lines, all played with the same instrument, each in a distinct pitch register from highest to lowest. Every line plays continuously: each line always sustains a note, and consecutive notes flow directly into one another with no silence. The lines have different rhythms and numbers of notes, and individual note durations also vary within each line. Focus only on the highest melodic line. That line has exactly 10 notes. List all 10 MIDI note numbers in order from first to last. Reply with ONLY the integers separated by spaces. Nothing else. Output only the answer.","You will hear 2 simultaneous melodic lines, all played with the same instrument, each in a distinct pitch register from highest to lowest. Every line plays continuously: each line always sustains a note, and consecutive notes flow directly into one another with no silence. The lines have different rhythms and numbers of notes, and individual note durations also vary within each line. Focus only on the highest melodic line. That line has exactly 10 notes. List all 10 note names in order from first to last. Reply with ONLY the note names expressed in Scientific Pitch Notation, separated by spaces (e.g. C5 D#5 E5). Nothing else. Output only the answer.","You will hear 2 simultaneous melodic lines, all played with the same instrument, each in a distinct pitch register from highest to lowest. Every line plays continuously: each line always sustains a note, and consecutive notes flow directly into one another with no silence. The lines have different rhythms and numbers of notes, and individual note durations also vary within each line. Focus only on the highest melodic line. That line has exactly 10 notes. List all 10 solfège syllable and accidentals (if needed) in order from first to last (fixed-do: do=C re=D mi=E fa=F sol=G la=A si=B; include sharps e.g. do# re#). Reply with ONLY the syllable and accidentals (if needed) separated by spaces. Nothing else. Output only the answer.","You will hear 2 simultaneous melodic lines, all played with the same instrument, each in a distinct pitch register from highest to lowest. Every line plays continuously: each line always sustains a note, and consecutive notes flow directly into one another with no silence. The lines have different rhythms and numbers of notes, and individual note durations also vary within each line. Focus only on the highest melodic line. That line has exactly 10 notes. List the main pitch frequency in Hertz of all 10 notes in order from first to last. Reply with ONLY the frequencies in Hz separated by spaces (e.g. 261.6 329.6 392.0). Nothing else. Output only the answer."
10,"[60, 71, 68, 64, 63, 67, 70, 65, 61, 66]","['C4', 'B4', 'G#4', 'E4', 'D#4', 'G4', 'A#4', 'F4', 'C#4', 'F#4']","['do', 'si', 'sol#', 'mi', 're#', 'sol', 'la#', 'fa', 'do#', 'fa#']","[261.6256, 493.8833, 415.3047, 329.6276, 311.127, 391.9954, 466.1638, 349.2282, 277.1826, 369.9944]","[52, 53, 55, 57, 55, 53, 52, 50, 48, 47]","[False, False, False, False, False, False, False, False, False, False]",0,"['G4', 'F4', 'E4', 'D4', 'C4', 'D4', 'E4', 'F4', 'G4', 'A4']","[False, False, False, False, False, False, False, True, False, False]",0,"[7, 7, 5, 4, 4, 2, 2, 0, 2, 0]","[False, False, False, True, False, False, False, False, False, False]",0,"[164.8, 146.8, 130.8, 123.5, 110.0, 98.0, 87.3, 92.5, 98.0, 110.0]","[False, False, False, False, False, False, False, False, False, False]",0,0,52 53 55 57 55 53 52 50 48 47,G4 F4 E4 D4 C4 D4 E4 F4 G4 A4,sol sol fa mi mi re re do re do,164.8 146.8 130.8 123.5 110.0 98.0 87.3 92.5 98.0 110.0,2,2,slow,1000,10000,similar,flute,"['flute', 'flute']",flute,0,"[20, 10]",flute,instrument,/home/hsnu2/PitchBench/data/audio/pitchbench_f1_melodic_line_id/poly2_c1b567a9bac876_n2_x2_slow_similar_flute_t0_total10000ms.wav,poly2_c1b567a9bac876_n2_x2_slow_similar_flute_t0_total10000ms.wav,"You will hear 2 simultaneous melodic lines, all played with the same instrument, each in a distinct pitch register from highest to lowest. Every line plays continuously: each line always sustains a note, and consecutive notes flow directly into one another with no silence. The lines have different rhythms and numbers of notes, and individual note durations also vary within each line. Focus only on the lowest melodic line. That line has exactly 10 notes. List all 10 MIDI note numbers in order from first to last. Reply with ONLY the integers separated by spaces. Nothing else. Output only the answer.","You will hear 2 simultaneous melodic lines, all played with the same instrument, each in a distinct pitch register from highest to lowest. Every line plays continuously: each line always sustains a note, and consecutive notes flow directly into one another with no silence. The lines have different rhythms and numbers of notes, and individual note durations also vary within each line. Focus only on the lowest melodic line. That line has exactly 10 notes. List all 10 note names in order from first to last. Reply with ONLY the note names expressed in Scientific Pitch Notation, separated by spaces (e.g. C5 D#5 E5). Nothing else. Output only the answer.","You will hear 2 simultaneous melodic lines, all played with the same instrument, each in a distinct pitch register from highest to lowest. Every line plays continuously: each line always sustains a note, and consecutive notes flow directly into one another with no silence. The lines have different rhythms and numbers of notes, and individual note durations also vary within each line. Focus only on the lowest melodic line. That line has exactly 10 notes. List all 10 solfège syllable and accidentals (if needed) in order from first to last (fixed-do: do=C re=D mi=E fa=F sol=G la=A si=B; include sharps e.g. do# re#). Reply with ONLY the syllable and accidentals (if needed) separated by spaces. Nothing else. Output only the answer.","You will hear 2 simultaneous melodic lines, all played with the same instrument, each in a distinct pitch register from highest to lowest. Every line plays continuously: each line always sustains a note, and consecutive notes flow directly into one another with no silence. The lines have different rhythms and numbers of notes, and individual note durations also vary within each line. Focus only on the lowest melodic line. That line has exactly 10 notes. List the main pitch frequency in Hertz of all 10 notes in order from first to last. Reply with ONLY the frequencies in Hz separated by spaces (e.g. 261.6 329.6 392.0). Nothing else. Output only the answer."
10,"[70, 67, 65, 61, 71, 66, 62, 68, 69, 60]","['A#4', 'G4', 'F4', 'C#4', 'B4', 'F#4', 'D4', 'G#4', 'A4', 'C4']","['la#', 'sol', 'fa', 'do#', 'si', 'fa#', 're', 'sol#', 'la', 'do']","[466.1638, 391.9954, 349.2282, 277.1826, 493.8833, 369.9944, 293.6648, 415.3047, 440.0, 261.6256]","[52, 53, 55, 57, 55, 53, 52, 50, 48, 47]","[False, False, False, False, False, False, False, False, False, False]",0,"['F3', 'G3', 'A3', 'G3', 'F3', 'E3', 'D3', 'C3', 'D3', 'C3']","[False, False, False, False, False, False, False, False, False, False]",0,"[7, 5, 4, 2, 0, 11, 9, 7, 5, 4]","[False, False, False, False, False, False, False, False, False, False]",0,"[82.4, 98.0, 87.3, 92.5, 110.0, 98.0, 92.5, 87.3, 82.4, 73.4]","[False, False, False, False, False, False, False, False, False, False]",0,0,52 53 55 57 55 53 52 50 48 47,F3 G3 A3 G3 F3 E3 D3 C3 D3 C3,sol fa mi re do si la sol fa mi,82.4 98.0 87.3 92.5 110.0 98.0 92.5 87.3 82.4 73.4,2,2,medium,500,5000,similar,flute,"['flute', 'flute']",flute,0,"[5, 10]",flute,instrument,/home/hsnu2/PitchBench/data/audio/pitchbench_f1_melodic_line_id/poly2_d17bd2b905b58e_n2_x2_medium_similar_flute_t0_total5000ms.wav,poly2_d17bd2b905b58e_n2_x2_medium_similar_flute_t0_total5000ms.wav,"You will hear 2 simultaneous melodic lines, all played with the same instrument, each in a distinct pitch register from highest to lowest. Every line plays continuously: each line always sustains a note, and consecutive notes flow directly into one another with no silence. The lines have different rhythms and numbers of notes, and individual note durations also vary within each line. Focus only on the lowest melodic line. That line has exactly 10 notes. List all 10 MIDI note numbers in order from first to last. Reply with ONLY the integers separated by spaces. Nothing else. Output only the answer.","You will hear 2 simultaneous melodic lines, all played with the same instrument, each in a distinct pitch register from highest to lowest. Every line plays continuously: each line always sustains a note, and consecutive notes flow directly into one another with no silence. The lines have different rhythms and numbers of notes, and individual note durations also vary within each line. Focus only on the lowest melodic line. That line has exactly 10 notes. List all 10 note names in order from first to last. Reply with ONLY the note names expressed in Scientific Pitch Notation, separated by spaces (e.g. C5 D#5 E5). Nothing else. Output only the answer.","You will hear 2 simultaneous melodic lines, all played with the same instrument, each in a distinct pitch register from highest to lowest. Every line plays continuously: each line always sustains a note, and consecutive notes flow directly into one another with no silence. The lines have different rhythms and numbers of notes, and individual note durations also vary within each line. Focus only on the lowest melodic line. That line has exactly 10 notes. List all 10 solfège syllable and accidentals (if needed) in order from first to last (fixed-do: do=C re=D mi=E fa=F sol=G la=A si=B; include sharps e.g. do# re#). Reply with ONLY the syllable and accidentals (if needed) separated by spaces. Nothing else. Output only the answer.","You will hear 2 simultaneous melodic lines, all played with the same instrument, each in a distinct pitch register from highest to lowest. Every line plays continuously: each line always sustains a note, and consecutive notes flow directly into one another with no silence. The lines have different rhythms and numbers of notes, and individual note durations also vary within each line. Focus only on the lowest melodic line. That line has exactly 10 notes. List the main pitch frequency in Hertz of all 10 notes in order from first to last. Reply with ONLY the frequencies in Hz separated by spaces (e.g. 261.6 329.6 392.0). Nothing else. Output only the answer."
10,"[74, 79, 82, 83, 78, 77, 80, 75, 72, 81]","['D5', 'G5', 'A#5', 'B5', 'F#5', 'F5', 'G#5', 'D#5', 'C5', 'A5']","['re', 'sol', 'la#', 'si', 'fa#', 'fa', 'sol#', 're#', 'do', 'la']","[587.3295, 783.9909, 932.3275, 987.7666, 739.9888, 698.4565, 830.6094, 622.254, 523.2511, 880.0]","[83, 84, 86, 88, 86, 84, 83, 81, 79, 78]","[False, False, False, False, False, False, False, False, False, False]",0,"['G6', 'F6', 'E6', 'D6', 'C6', 'B5', 'A5', 'G5', 'F5', 'E5']","[False, False, False, False, False, False, False, False, False, False]",0,"[7, 7, 5, 4, 5, 7, 9, 7, 5, 4]","[False, True, False, False, False, False, False, False, False, False]",0,"[880.0, 784.0, 698.5, 659.3, 587.3, 659.3, 698.5, 784.0, 880.0, 987.8]","[False, True, False, False, False, False, False, False, False, False]",0,0,83 84 86 88 86 84 83 81 79 78,G6 F6 E6 D6 C6 B5 A5 G5 F5 E5,sol sol fa mi fa sol la sol fa mi,880.0 784.0 698.5 659.3 587.3 659.3 698.5 784.0 880.0 987.8,2,1,slow,1000,10000,similar,flute,"['flute', 'flute']",flute,0,"[10, 4]",flute,instrument,/home/hsnu2/PitchBench/data/audio/pitchbench_f1_melodic_line_id/poly2_71cd61f936be31_n2_x1_slow_similar_flute_t0_total10000ms.wav,poly2_71cd61f936be31_n2_x1_slow_similar_flute_t0_total10000ms.wav,"You will hear 2 simultaneous melodic lines, all played with the same instrument, each in a distinct pitch register from highest to lowest. Every line plays continuously: each line always sustains a note, and consecutive notes flow directly into one another with no silence. The lines have different rhythms and numbers of notes, and individual note durations also vary within each line. Focus only on the highest melodic line. That line has exactly 10 notes. List all 10 MIDI note numbers in order from first to last. Reply with ONLY the integers separated by spaces. Nothing else. Output only the answer.","You will hear 2 simultaneous melodic lines, all played with the same instrument, each in a distinct pitch register from highest to lowest. Every line plays continuously: each line always sustains a note, and consecutive notes flow directly into one another with no silence. The lines have different rhythms and numbers of notes, and individual note durations also vary within each line. Focus only on the highest melodic line. That line has exactly 10 notes. List all 10 note names in order from first to last. Reply with ONLY the note names expressed in Scientific Pitch Notation, separated by spaces (e.g. C5 D#5 E5). Nothing else. Output only the answer.","You will hear 2 simultaneous melodic lines, all played with the same instrument, each in a distinct pitch register from highest to lowest. Every line plays continuously: each line always sustains a note, and consecutive notes flow directly into one another with no silence. The lines have different rhythms and numbers of notes, and individual note durations also vary within each line. Focus only on the highest melodic line. That line has exactly 10 notes. List all 10 solfège syllable and accidentals (if needed) in order from first to last (fixed-do: do=C re=D mi=E fa=F sol=G la=A si=B; include sharps e.g. do# re#). Reply with ONLY the syllable and accidentals (if needed) separated by spaces. Nothing else. Output only the answer.","You will hear 2 simultaneous melodic lines, all played with the same instrument, each in a distinct pitch register from highest to lowest. Every line plays continuously: each line always sustains a note, and consecutive notes flow directly into one another with no silence. The lines have different rhythms and numbers of notes, and individual note durations also vary within each line. Focus only on the highest melodic line. That line has exactly 10 notes. List the main pitch frequency in Hertz of all 10 notes in order from first to last. Reply with ONLY the frequencies in Hz separated by spaces (e.g. 261.6 329.6 392.0). Nothing else. Output only the answer."
10,"[76, 78, 74, 73, 81, 72, 83, 75, 80, 79]","['E5', 'F#5', 'D5', 'C#5', 'A5', 'C5', 'B5', 'D#5', 'G#5', 'G5']","['mi', 'fa#', 're', 'do#', 'la', 'do', 'si', 're#', 'sol#', 'sol']","[659.2551, 739.9888, 587.3295, 554.3653, 880.0, 523.2511, 987.7666, 622.254, 830.6094, 783.9909]","[79, 81, 83, 84, 83, 81, 79, 77, 76, 74]","[False, False, False, False, False, False, False, False, False, False]",0,"['E6', 'F6', 'G6', 'A6', 'G6', 'F6', 'E6', 'D6', 'C6', 'B5']","[False, False, False, False, False, False, False, False, False, False]",0,"[7, 7, 5, 4, 5, 7, 9, 7, 5, 4]","[False, False, False, False, False, False, False, False, False, False]",0,"[440.0, 392.0, 440.0, 349.0, 392.0, 440.0, 392.0, 349.0, 392.0, 440.0]","[False, False, False, False, False, False, False, False, False, False]",0,0,79 81 83 84 83 81 79 77 76 74,E6 F6 G6 A6 G6 F6 E6 D6 C6 B5,sol sol fa mi fa sol la sol fa mi,440 392 440 349 392 440 392 349 392 440,2,1,slow,1000,10000,similar,flute,"['flute', 'flute']",flute,1,"[10, 6]",flute,instrument,/home/hsnu2/PitchBench/data/audio/pitchbench_f1_melodic_line_id/poly2_048155dc17919d_n2_x1_slow_similar_flute_t1_total10000ms.wav,poly2_048155dc17919d_n2_x1_slow_similar_flute_t1_total10000ms.wav,"You will hear 2 simultaneous melodic lines, all played with the same instrument, each in a distinct pitch register from highest to lowest. Every line plays continuously: each line always sustains a note, and consecutive notes flow directly into one another with no silence. The lines have different rhythms and numbers of notes, and individual note durations also vary within each line. Focus only on the highest melodic line. That line has exactly 10 notes. List all 10 MIDI note numbers in order from first to last. Reply with ONLY the integers separated by spaces. Nothing else. Output only the answer.","You will hear 2 simultaneous melodic lines, all played with the same instrument, each in a distinct pitch register from highest to lowest. Every line plays continuously: each line always sustains a note, and consecutive notes flow directly into one another with no silence. The lines have different rhythms and numbers of notes, and individual note durations also vary within each line. Focus only on the highest melodic line. That line has exactly 10 notes. List all 10 note names in order from first to last. Reply with ONLY the note names expressed in Scientific Pitch Notation, separated by spaces (e.g. C5 D#5 E5). Nothing else. Output only the answer.","You will hear 2 simultaneous melodic lines, all played with the same instrument, each in a distinct pitch register from highest to lowest. Every line plays continuously: each line always sustains a note, and consecutive notes flow directly into one another with no silence. The lines have different rhythms and numbers of notes, and individual note durations also vary within each line. Focus only on the highest melodic line. That line has exactly 10 notes. List all 10 solfège syllable and accidentals (if needed) in order from first to last (fixed-do: do=C re=D mi=E fa=F sol=G la=A si=B; include sharps e.g. do# re#). Reply with ONLY the syllable and accidentals (if needed) separated by spaces. Nothing else. Output only the answer.","You will hear 2 simultaneous melodic lines, all played with the same instrument, each in a distinct pitch register from highest to lowest. Every line plays continuously: each line always sustains a note, and consecutive notes flow directly into one another with no silence. The lines have different rhythms and numbers of notes, and individual note durations also vary within each line. Focus only on the highest melodic line. That line has exactly 10 notes. List the main pitch frequency in Hertz of all 10 notes in order from first to last. Reply with ONLY the frequencies in Hz separated by spaces (e.g. 261.6 329.6 392.0). Nothing else. Output only the answer."
10,"[70, 67, 65, 61, 71, 66, 62, 68, 69, 60]","['A#4', 'G4', 'F4', 'C#4', 'B4', 'F#4', 'D4', 'G#4', 'A4', 'C4']","['la#', 'sol', 'fa', 'do#', 'si', 'fa#', 're', 'sol#', 'la', 'do']","[466.1638, 391.9954, 349.2282, 277.1826, 493.8833, 369.9944, 293.6648, 415.3047, 440.0, 261.6256]","[48, 50, 52, 53, 55, 57, 55, 53, 52, 50]","[False, False, False, False, False, False, False, False, False, False]",0,"['E4', 'G4', 'F4', 'A4', 'G4', 'B3', 'C4', 'D4', 'E4', 'F4']","[False, True, True, False, False, False, False, False, False, False]",0,"[7, 5, 4, 2, 0, 11, 9, 7, 5, 4]","[False, False, False, False, False, False, False, False, False, False]",0,"[None, None, None, None, None, None, None, None, None, None]","[None, None, None, None, None, None, None, None, None, None]",0,0,48 50 52 53 55 57 55 53 52 50,E4 G4 F4 A4 G4 B3 C4 D4 E4 F4,sol fa mi re do si la sol fa mi,"I'm sorry, but I can't determine the exact pitch frequencies from the audio.",2,2,medium,500,5000,similar,oboe,"['oboe', 'oboe']",oboe,0,"[5, 10]",oboe,instrument,/home/hsnu2/PitchBench/data/audio/pitchbench_f1_melodic_line_id/poly2_6d06bfd938cb32_n2_x2_medium_similar_oboe_t0_total5000ms.wav,poly2_6d06bfd938cb32_n2_x2_medium_similar_oboe_t0_total5000ms.wav,"You will hear 2 simultaneous melodic lines, all played with the same instrument, each in a distinct pitch register from highest to lowest. Every line plays continuously: each line always sustains a note, and consecutive notes flow directly into one another with no silence. The lines have different rhythms and numbers of notes, and individual note durations also vary within each line. Focus only on the lowest melodic line. That line has exactly 10 notes. List all 10 MIDI note numbers in order from first to last. Reply with ONLY the integers separated by spaces. Nothing else. Output only the answer.","You will hear 2 simultaneous melodic lines, all played with the same instrument, each in a distinct pitch register from highest to lowest. Every line plays continuously: each line always sustains a note, and consecutive notes flow directly into one another with no silence. The lines have different rhythms and numbers of notes, and individual note durations also vary within each line. Focus only on the lowest melodic line. That line has exactly 10 notes. List all 10 note names in order from first to last. Reply with ONLY the note names expressed in Scientific Pitch Notation, separated by spaces (e.g. C5 D#5 E5). Nothing else. Output only the answer.","You will hear 2 simultaneous melodic lines, all played with the same instrument, each in a distinct pitch register from highest to lowest. Every line plays continuously: each line always sustains a note, and consecutive notes flow directly into one another with no silence. The lines have different rhythms and numbers of notes, and individual note durations also vary within each line. Focus only on the lowest melodic line. That line has exactly 10 notes. List all 10 solfège syllable and accidentals (if needed) in order from first to last (fixed-do: do=C re=D mi=E fa=F sol=G la=A si=B; include sharps e.g. do# re#). Reply with ONLY the syllable and accidentals (if needed) separated by spaces. Nothing else. Output only the answer.","You will hear 2 simultaneous melodic lines, all played with the same instrument, each in a distinct pitch register from highest to lowest. Every line plays continuously: each line always sustains a note, and consecutive notes flow directly into one another with no silence. The lines have different rhythms and numbers of notes, and individual note durations also vary within each line. Focus only on the lowest melodic line. That line has exactly 10 notes. List the main pitch frequency in Hertz of all 10 notes in order from first to last. Reply with ONLY the frequencies in Hz separated by spaces (e.g. 261.6 329.6 392.0). Nothing else. Output only the answer."
10,"[76, 78, 74, 73, 81, 72, 83, 75, 80, 79]","['E5', 'F#5', 'D5', 'C#5', 'A5', 'C5', 'B5', 'D#5', 'G#5', 'G5']","['mi', 'fa#', 're', 'do#', 'la', 'do', 'si', 're#', 'sol#', 'sol']","[659.2551, 739.9888, 587.3295, 554.3653, 880.0, 523.2511, 987.7666, 622.254, 830.6094, 783.9909]","[79, 81, 83, 84, 83, 81, 79, 77, 76, 74]","[False, False, False, False, False, False, False, False, False, False]",0,"['G5', 'F5', 'E5', 'D5', 'C5', 'D5', 'E5', 'F5', 'G5', 'A5']","[False, False, False, False, False, False, False, False, False, False]",0,"[7, 7, 5, 4, 2, 2, 0, 2, 4, 5]","[False, False, False, False, False, False, False, False, False, False]",0,"[880.0, 830.6, 784.0, 740.0, 698.5, 659.3, 622.3, 587.3, 554.4, 523.3]","[False, False, False, False, False, False, False, False, False, False]",0,0,79 81 83 84 83 81 79 77 76 74,G5 F5 E5 D5 C5 D5 E5 F5 G5 A5,sol sol fa mi re re do re mi fa,880.0 830.6 784.0 740.0 698.5 659.3 622.3 587.3 554.4 523.3,2,1,slow,1000,10000,similar,oboe,"['oboe', 'oboe']",oboe,1,"[10, 6]",oboe,instrument,/home/hsnu2/PitchBench/data/audio/pitchbench_f1_melodic_line_id/poly2_5f13973a22f223_n2_x1_slow_similar_oboe_t1_total10000ms.wav,poly2_5f13973a22f223_n2_x1_slow_similar_oboe_t1_total10000ms.wav,"You will hear 2 simultaneous melodic lines, all played with the same instrument, each in a distinct pitch register from highest to lowest. Every line plays continuously: each line always sustains a note, and consecutive notes flow directly into one another with no silence. The lines have different rhythms and numbers of notes, and individual note durations also vary within each line. Focus only on the highest melodic line. That line has exactly 10 notes. List all 10 MIDI note numbers in order from first to last. Reply with ONLY the integers separated by spaces. Nothing else. Output only the answer.","You will hear 2 simultaneous melodic lines, all played with the same instrument, each in a distinct pitch register from highest to lowest. Every line plays continuously: each line always sustains a note, and consecutive notes flow directly into one another with no silence. The lines have different rhythms and numbers of notes, and individual note durations also vary within each line. Focus only on the highest melodic line. That line has exactly 10 notes. List all 10 note names in order from first to last. Reply with ONLY the note names expressed in Scientific Pitch Notation, separated by spaces (e.g. C5 D#5 E5). Nothing else. Output only the answer.","You will hear 2 simultaneous melodic lines, all played with the same instrument, each in a distinct pitch register from highest to lowest. Every line plays continuously: each line always sustains a note, and consecutive notes flow directly into one another with no silence. The lines have different rhythms and numbers of notes, and individual note durations also vary within each line. Focus only on the highest melodic line. That line has exactly 10 notes. List all 10 solfège syllable and accidentals (if needed) in order from first to last (fixed-do: do=C re=D mi=E fa=F sol=G la=A si=B; include sharps e.g. do# re#). Reply with ONLY the syllable and accidentals (if needed) separated by spaces. Nothing else. Output only the answer.","You will hear 2 simultaneous melodic lines, all played with the same instrument, each in a distinct pitch register from highest to lowest. Every line plays continuously: each line always sustains a note, and consecutive notes flow directly into one another with no silence. The lines have different rhythms and numbers of notes, and individual note durations also vary within each line. Focus only on the highest melodic line. That line has exactly 10 notes. List the main pitch frequency in Hertz of all 10 notes in order from first to last. Reply with ONLY the frequencies in Hz separated by spaces (e.g. 261.6 329.6 392.0). Nothing else. Output only the answer."
10,"[74, 81, 79, 80, 72, 77, 75, 73, 82, 76]","['D5', 'A5', 'G5', 'G#5', 'C5', 'F5', 'D#5', 'C#5', 'A#5', 'E5']","['re', 'la', 'sol', 'sol#', 'do', 'fa', 're#', 'do#', 'la#', 'mi']","[587.3295, 880.0, 783.9909, 830.6094, 523.2511, 698.4565, 622.254, 554.3653, 932.3275, 659.2551]","[83, 81, 79, 78, 76, 74, 72, 71, 69, 67]","[False, True, True, False, False, False, False, False, False, False]",0,"[None, None, None, None, None, None, None, None, None, None]","[None, None, None, None, None, None, None, None, None, None]",0,"[4, 5, 5, 4, 2, 2, 4, 5, 4, 2]","[False, False, False, False, False, False, False, False, False, False]",0,"[440.0, 493.9, 523.3, 587.3, 659.3, 698.5, 783.9, 880.0, 987.8, 1046.5]","[False, False, False, False, False, True, False, False, False, False]",0,0,83 81 79 78 76 74 72 71 69 67,"I’m sorry, but I can’t determine the note names just by listening.",mi fa fa mi re re mi fa mi re,440.0 493.9 523.3 587.3 659.3 698.5 783.9 880.0 987.8 1046.5,2,1,medium,500,5000,similar,oboe,"['oboe', 'oboe']",oboe,1,"[10, 2]",oboe,instrument,/home/hsnu2/PitchBench/data/audio/pitchbench_f1_melodic_line_id/poly2_884b9f36f68ab0_n2_x1_medium_similar_oboe_t1_total5000ms.wav,poly2_884b9f36f68ab0_n2_x1_medium_similar_oboe_t1_total5000ms.wav,"You will hear 2 simultaneous melodic lines, all played with the same instrument, each in a distinct pitch register from highest to lowest. Every line plays continuously: each line always sustains a note, and consecutive notes flow directly into one another with no silence. The lines have different rhythms and numbers of notes, and individual note durations also vary within each line. Focus only on the highest melodic line. That line has exactly 10 notes. List all 10 MIDI note numbers in order from first to last. Reply with ONLY the integers separated by spaces. Nothing else. Output only the answer.","You will hear 2 simultaneous melodic lines, all played with the same instrument, each in a distinct pitch register from highest to lowest. Every line plays continuously: each line always sustains a note, and consecutive notes flow directly into one another with no silence. The lines have different rhythms and numbers of notes, and individual note durations also vary within each line. Focus only on the highest melodic line. That line has exactly 10 notes. List all 10 note names in order from first to last. Reply with ONLY the note names expressed in Scientific Pitch Notation, separated by spaces (e.g. C5 D#5 E5). Nothing else. Output only the answer.","You will hear 2 simultaneous melodic lines, all played with the same instrument, each in a distinct pitch register from highest to lowest. Every line plays continuously: each line always sustains a note, and consecutive notes flow directly into one another with no silence. The lines have different rhythms and numbers of notes, and individual note durations also vary within each line. Focus only on the highest melodic line. That line has exactly 10 notes. List all 10 solfège syllable and accidentals (if needed) in order from first to last (fixed-do: do=C re=D mi=E fa=F sol=G la=A si=B; include sharps e.g. do# re#). Reply with ONLY the syllable and accidentals (if needed) separated by spaces. Nothing else. Output only the answer.","You will hear 2 simultaneous melodic lines, all played with the same instrument, each in a distinct pitch register from highest to lowest. Every line plays continuously: each line always sustains a note, and consecutive notes flow directly into one another with no silence. The lines have different rhythms and numbers of notes, and individual note durations also vary within each line. Focus only on the highest melodic line. That line has exactly 10 notes. List the main pitch frequency in Hertz of all 10 notes in order from first to last. Reply with ONLY the frequencies in Hz separated by spaces (e.g. 261.6 329.6 392.0). Nothing else. Output only the answer."
10,"[60, 71, 68, 64, 63, 67, 70, 65, 61, 66]","['C4', 'B4', 'G#4', 'E4', 'D#4', 'G4', 'A#4', 'F4', 'C#4', 'F#4']","['do', 'si', 'sol#', 'mi', 're#', 'sol', 'la#', 'fa', 'do#', 'fa#']","[261.6256, 493.8833, 415.3047, 329.6276, 311.127, 391.9954, 466.1638, 349.2282, 277.1826, 369.9944]","[52, 53, 55, 57, 55, 53, 52, 50, 48, 47]","[False, False, False, False, False, False, False, False, False, False]",0,"['G3', 'F3', 'E3', 'D3', 'C3', 'B2', 'A2', 'G2', 'F2', 'E2']","[False, False, False, False, False, False, False, False, False, False]",0,"[7, 5, 4, 2, 0, 11, 9, 7, 5, 4]","[False, False, False, False, False, False, False, False, False, False]",0,"[196.0, 220.0, 246.9, 220.0, 196.0, 174.6, 196.0, 220.0, 246.9, 220.0]","[False, False, False, False, False, False, False, False, False, False]",0,0,52 53 55 57 55 53 52 50 48 47,G3 F3 E3 D3 C3 B2 A2 G2 F2 E2,sol fa mi re do si la sol fa mi,196.0 220.0 246.9 220.0 196.0 174.6 196.0 220.0 246.9 220.0,2,2,slow,1000,10000,similar,oboe,"['oboe', 'oboe']",oboe,0,"[20, 10]",oboe,instrument,/home/hsnu2/PitchBench/data/audio/pitchbench_f1_melodic_line_id/poly2_b34f73e3060ecd_n2_x2_slow_similar_oboe_t0_total10000ms.wav,poly2_b34f73e3060ecd_n2_x2_slow_similar_oboe_t0_total10000ms.wav,"You will hear 2 simultaneous melodic lines, all played with the same instrument, each in a distinct pitch register from highest to lowest. Every line plays continuously: each line always sustains a note, and consecutive notes flow directly into one another with no silence. The lines have different rhythms and numbers of notes, and individual note durations also vary within each line. Focus only on the lowest melodic line. That line has exactly 10 notes. List all 10 MIDI note numbers in order from first to last. Reply with ONLY the integers separated by spaces. Nothing else. Output only the answer.","You will hear 2 simultaneous melodic lines, all played with the same instrument, each in a distinct pitch register from highest to lowest. Every line plays continuously: each line always sustains a note, and consecutive notes flow directly into one another with no silence. The lines have different rhythms and numbers of notes, and individual note durations also vary within each line. Focus only on the lowest melodic line. That line has exactly 10 notes. List all 10 note names in order from first to last. Reply with ONLY the note names expressed in Scientific Pitch Notation, separated by spaces (e.g. C5 D#5 E5). Nothing else. Output only the answer.","You will hear 2 simultaneous melodic lines, all played with the same instrument, each in a distinct pitch register from highest to lowest. Every line plays continuously: each line always sustains a note, and consecutive notes flow directly into one another with no silence. The lines have different rhythms and numbers of notes, and individual note durations also vary within each line. Focus only on the lowest melodic line. That line has exactly 10 notes. List all 10 solfège syllable and accidentals (if needed) in order from first to last (fixed-do: do=C re=D mi=E fa=F sol=G la=A si=B; include sharps e.g. do# re#). Reply with ONLY the syllable and accidentals (if needed) separated by spaces. Nothing else. Output only the answer.","You will hear 2 simultaneous melodic lines, all played with the same instrument, each in a distinct pitch register from highest to lowest. Every line plays continuously: each line always sustains a note, and consecutive notes flow directly into one another with no silence. The lines have different rhythms and numbers of notes, and individual note durations also vary within each line. Focus only on the lowest melodic line. That line has exactly 10 notes. List the main pitch frequency in Hertz of all 10 notes in order from first to last. Reply with ONLY the frequencies in Hz separated by spaces (e.g. 261.6 329.6 392.0). Nothing else. Output only the answer."
10,"[78, 72, 73, 76, 83, 74, 81, 75, 80, 79]","['F#5', 'C5', 'C#5', 'E5', 'B5', 'D5', 'A5', 'D#5', 'G#5', 'G5']","['fa#', 'do', 'do#', 'mi', 'si', 're', 'la', 're#', 'sol#', 'sol']","[739.9888, 523.2511, 554.3653, 659.2551, 987.7666, 587.3295, 880.0, 622.254, 830.6094, 783.9909]","[72, 74, 76, 77, 79, 81, 83, 84, 86, 88]","[False, False, False, False, False, False, False, False, False, False]",0,"['E6', 'G6', 'F6', 'E6', 'D6', 'C6', 'B5', 'A5', 'G5', 'F5']","[False, False, False, False, False, False, False, False, False, False]",0,"[4, 5, 7, 5, 4, 2, 4, 5, 4, 2]","[False, False, False, False, False, True, False, False, False, False]",0,"[None, None, None, None, None, None, None, None, None, None]","[None, None, None, None, None, None, None, None, None, None]",0,0,72 74 76 77 79 81 83 84 86 88,E6 G6 F6 E6 D6 C6 B5 A5 G5 F5,mi fa sol fa mi re mi fa mi re,"I'm sorry, but I can't determine the exact pitch frequencies just by listening.",2,1,medium,500,5000,similar,oboe,"['oboe', 'oboe']",oboe,0,"[10, 9]",oboe,instrument,/home/hsnu2/PitchBench/data/audio/pitchbench_f1_melodic_line_id/poly2_859d06058c3711_n2_x1_medium_similar_oboe_t0_total5000ms.wav,poly2_859d06058c3711_n2_x1_medium_similar_oboe_t0_total5000ms.wav,"You will hear 2 simultaneous melodic lines, all played with the same instrument, each in a distinct pitch register from highest to lowest. Every line plays continuously: each line always sustains a note, and consecutive notes flow directly into one another with no silence. The lines have different rhythms and numbers of notes, and individual note durations also vary within each line. Focus only on the highest melodic line. That line has exactly 10 notes. List all 10 MIDI note numbers in order from first to last. Reply with ONLY the integers separated by spaces. Nothing else. Output only the answer.","You will hear 2 simultaneous melodic lines, all played with the same instrument, each in a distinct pitch register from highest to lowest. Every line plays continuously: each line always sustains a note, and consecutive notes flow directly into one another with no silence. The lines have different rhythms and numbers of notes, and individual note durations also vary within each line. Focus only on the highest melodic line. That line has exactly 10 notes. List all 10 note names in order from first to last. Reply with ONLY the note names expressed in Scientific Pitch Notation, separated by spaces (e.g. C5 D#5 E5). Nothing else. Output only the answer.","You will hear 2 simultaneous melodic lines, all played with the same instrument, each in a distinct pitch register from highest to lowest. Every line plays continuously: each line always sustains a note, and consecutive notes flow directly into one another with no silence. The lines have different rhythms and numbers of notes, and individual note durations also vary within each line. Focus only on the highest melodic line. That line has exactly 10 notes. List all 10 solfège syllable and accidentals (if needed) in order from first to last (fixed-do: do=C re=D mi=E fa=F sol=G la=A si=B; include sharps e.g. do# re#). Reply with ONLY the syllable and accidentals (if needed) separated by spaces. Nothing else. Output only the answer.","You will hear 2 simultaneous melodic lines, all played with the same instrument, each in a distinct pitch register from highest to lowest. Every line plays continuously: each line always sustains a note, and consecutive notes flow directly into one another with no silence. The lines have different rhythms and numbers of notes, and individual note durations also vary within each line. Focus only on the highest melodic line. That line has exactly 10 notes. List the main pitch frequency in Hertz of all 10 notes in order from first to last. Reply with ONLY the frequencies in Hz separated by spaces (e.g. 261.6 329.6 392.0). Nothing else. Output only the answer."
10,"[74, 79, 82, 83, 78, 77, 80, 75, 72, 81]","['D5', 'G5', 'A#5', 'B5', 'F#5', 'F5', 'G#5', 'D#5', 'C5', 'A5']","['re', 'sol', 'la#', 'si', 'fa#', 'fa', 'sol#', 're#', 'do', 'la']","[587.3295, 783.9909, 932.3275, 987.7666, 739.9888, 698.4565, 830.6094, 622.254, 523.2511, 880.0]","[84, 83, 81, 79, 77, 76, 74, 72, 71, 69]","[False, False, False, False, False, False, False, False, False, False]",0,"['G5', 'F5', 'E5', 'D5', 'C5', 'D5', 'E5', 'F5', 'G5', 'A5']","[False, False, False, False, False, False, False, False, False, True]",0,"[4, 5, 7, 5, 4, 2, 4, 5, 4, 2]","[False, False, False, False, False, False, False, False, False, False]",0,"[440.0, 392.0, 440.0, 349.0, 392.0, 440.0, 392.0, 349.0, 392.0, 440.0]","[False, False, False, False, False, False, False, False, False, False]",0,0,84 83 81 79 77 76 74 72 71 69,G5 F5 E5 D5 C5 D5 E5 F5 G5 A5,mi fa sol fa mi re mi fa mi re,440 392 440 349 392 440 392 349 392 440,2,1,slow,1000,10000,similar,organ,"['organ', 'organ']",organ,0,"[10, 4]",organ,instrument,/home/hsnu2/PitchBench/data/audio/pitchbench_f1_melodic_line_id/poly2_62d3b08b54495a_n2_x1_slow_similar_organ_t0_total10000ms.wav,poly2_62d3b08b54495a_n2_x1_slow_similar_organ_t0_total10000ms.wav,"You will hear 2 simultaneous melodic lines, all played with the same instrument, each in a distinct pitch register from highest to lowest. Every line plays continuously: each line always sustains a note, and consecutive notes flow directly into one another with no silence. The lines have different rhythms and numbers of notes, and individual note durations also vary within each line. Focus only on the highest melodic line. That line has exactly 10 notes. List all 10 MIDI note numbers in order from first to last. Reply with ONLY the integers separated by spaces. Nothing else. Output only the answer.","You will hear 2 simultaneous melodic lines, all played with the same instrument, each in a distinct pitch register from highest to lowest. Every line plays continuously: each line always sustains a note, and consecutive notes flow directly into one another with no silence. The lines have different rhythms and numbers of notes, and individual note durations also vary within each line. Focus only on the highest melodic line. That line has exactly 10 notes. List all 10 note names in order from first to last. Reply with ONLY the note names expressed in Scientific Pitch Notation, separated by spaces (e.g. C5 D#5 E5). Nothing else. Output only the answer.","You will hear 2 simultaneous melodic lines, all played with the same instrument, each in a distinct pitch register from highest to lowest. Every line plays continuously: each line always sustains a note, and consecutive notes flow directly into one another with no silence. The lines have different rhythms and numbers of notes, and individual note durations also vary within each line. Focus only on the highest melodic line. That line has exactly 10 notes. List all 10 solfège syllable and accidentals (if needed) in order from first to last (fixed-do: do=C re=D mi=E fa=F sol=G la=A si=B; include sharps e.g. do# re#). Reply with ONLY the syllable and accidentals (if needed) separated by spaces. Nothing else. Output only the answer.","You will hear 2 simultaneous melodic lines, all played with the same instrument, each in a distinct pitch register from highest to lowest. Every line plays continuously: each line always sustains a note, and consecutive notes flow directly into one another with no silence. The lines have different rhythms and numbers of notes, and individual note durations also vary within each line. Focus only on the highest melodic line. That line has exactly 10 notes. List the main pitch frequency in Hertz of all 10 notes in order from first to last. Reply with ONLY the frequencies in Hz separated by spaces (e.g. 261.6 329.6 392.0). Nothing else. Output only the answer."
10,"[70, 67, 65, 61, 71, 66, 62, 68, 69, 60]","['A#4', 'G4', 'F4', 'C#4', 'B4', 'F#4', 'D4', 'G#4', 'A4', 'C4']","['la#', 'sol', 'fa', 'do#', 'si', 'fa#', 're', 'sol#', 'la', 'do']","[466.1638, 391.9954, 349.2282, 277.1826, 493.8833, 369.9944, 293.6648, 415.3047, 440.0, 261.6256]","[48, 50, 52, 53, 55, 57, 55, 53, 52, 50]","[False, False, False, False, False, False, False, False, False, False]",0,"['E3', 'G3', 'F3', 'A3', 'G3', 'B2', 'C3', 'D3', 'E3', 'F3']","[False, False, False, False, False, False, False, False, False, False]",0,"[7, 5, 4, 2, 0, 11, 9, 7, 5, 4]","[False, False, False, False, False, False, False, False, False, False]",0,"[None, None, None, None, None, None, None, None, None, None]","[None, None, None, None, None, None, None, None, None, None]",0,0,48 50 52 53 55 57 55 53 52 50,E3 G3 F3 A3 G3 B2 C3 D3 E3 F3,sol fa mi re do si la sol fa mi,"I’m sorry, but I can’t determine the exact pitch frequencies just by listening.",2,2,medium,500,5000,similar,organ,"['organ', 'organ']",organ,0,"[5, 10]",organ,instrument,/home/hsnu2/PitchBench/data/audio/pitchbench_f1_melodic_line_id/poly2_2aabd51a743499_n2_x2_medium_similar_organ_t0_total5000ms.wav,poly2_2aabd51a743499_n2_x2_medium_similar_organ_t0_total5000ms.wav,"You will hear 2 simultaneous melodic lines, all played with the same instrument, each in a distinct pitch register from highest to lowest. Every line plays continuously: each line always sustains a note, and consecutive notes flow directly into one another with no silence. The lines have different rhythms and numbers of notes, and individual note durations also vary within each line. Focus only on the lowest melodic line. That line has exactly 10 notes. List all 10 MIDI note numbers in order from first to last. Reply with ONLY the integers separated by spaces. Nothing else. Output only the answer.","You will hear 2 simultaneous melodic lines, all played with the same instrument, each in a distinct pitch register from highest to lowest. Every line plays continuously: each line always sustains a note, and consecutive notes flow directly into one another with no silence. The lines have different rhythms and numbers of notes, and individual note durations also vary within each line. Focus only on the lowest melodic line. That line has exactly 10 notes. List all 10 note names in order from first to last. Reply with ONLY the note names expressed in Scientific Pitch Notation, separated by spaces (e.g. C5 D#5 E5). Nothing else. Output only the answer.","You will hear 2 simultaneous melodic lines, all played with the same instrument, each in a distinct pitch register from highest to lowest. Every line plays continuously: each line always sustains a note, and consecutive notes flow directly into one another with no silence. The lines have different rhythms and numbers of notes, and individual note durations also vary within each line. Focus only on the lowest melodic line. That line has exactly 10 notes. List all 10 solfège syllable and accidentals (if needed) in order from first to last (fixed-do: do=C re=D mi=E fa=F sol=G la=A si=B; include sharps e.g. do# re#). Reply with ONLY the syllable and accidentals (if needed) separated by spaces. Nothing else. Output only the answer.","You will hear 2 simultaneous melodic lines, all played with the same instrument, each in a distinct pitch register from highest to lowest. Every line plays continuously: each line always sustains a note, and consecutive notes flow directly into one another with no silence. The lines have different rhythms and numbers of notes, and individual note durations also vary within each line. Focus only on the lowest melodic line. That line has exactly 10 notes. List the main pitch frequency in Hertz of all 10 notes in order from first to last. Reply with ONLY the frequencies in Hz separated by spaces (e.g. 261.6 329.6 392.0). Nothing else. Output only the answer."
10,"[76, 78, 74, 73, 81, 72, 83, 75, 80, 79]","['E5', 'F#5', 'D5', 'C#5', 'A5', 'C5', 'B5', 'D#5', 'G#5', 'G5']","['mi', 'fa#', 're', 'do#', 'la', 'do', 'si', 're#', 'sol#', 'sol']","[659.2551, 739.9888, 587.3295, 554.3653, 880.0, 523.2511, 987.7666, 622.254, 830.6094, 783.9909]","[84, 83, 81, 79, 77, 76, 74, 72, 71, 69]","[False, False, False, False, False, False, False, False, False, False]",0,"['E6', 'F6', 'G6', 'A6', 'G6', 'F6', 'E6', 'D6', 'C6', 'B5']","[False, False, False, False, False, False, False, False, False, False]",0,"[4, 5, 7, 5, 4, 2, 4, 5, 4, 2]","[True, False, False, False, False, False, False, False, False, False]",0,"[440.0, 392.0, 440.0, 349.0, 392.0, 440.0, 392.0, 349.0, 392.0, 440.0]","[False, False, False, False, False, False, False, False, False, False]",0,0,84 83 81 79 77 76 74 72 71 69,E6 F6 G6 A6 G6 F6 E6 D6 C6 B5,mi fa sol fa mi re mi fa mi re,440 392 440 349 392 440 392 349 392 440,2,1,slow,1000,10000,similar,organ,"['organ', 'organ']",organ,1,"[10, 6]",organ,instrument,/home/hsnu2/PitchBench/data/audio/pitchbench_f1_melodic_line_id/poly2_eb9e4639999269_n2_x1_slow_similar_organ_t1_total10000ms.wav,poly2_eb9e4639999269_n2_x1_slow_similar_organ_t1_total10000ms.wav,"You will hear 2 simultaneous melodic lines, all played with the same instrument, each in a distinct pitch register from highest to lowest. Every line plays continuously: each line always sustains a note, and consecutive notes flow directly into one another with no silence. The lines have different rhythms and numbers of notes, and individual note durations also vary within each line. Focus only on the highest melodic line. That line has exactly 10 notes. List all 10 MIDI note numbers in order from first to last. Reply with ONLY the integers separated by spaces. Nothing else. Output only the answer.","You will hear 2 simultaneous melodic lines, all played with the same instrument, each in a distinct pitch register from highest to lowest. Every line plays continuously: each line always sustains a note, and consecutive notes flow directly into one another with no silence. The lines have different rhythms and numbers of notes, and individual note durations also vary within each line. Focus only on the highest melodic line. That line has exactly 10 notes. List all 10 note names in order from first to last. Reply with ONLY the note names expressed in Scientific Pitch Notation, separated by spaces (e.g. C5 D#5 E5). Nothing else. Output only the answer.","You will hear 2 simultaneous melodic lines, all played with the same instrument, each in a distinct pitch register from highest to lowest. Every line plays continuously: each line always sustains a note, and consecutive notes flow directly into one another with no silence. The lines have different rhythms and numbers of notes, and individual note durations also vary within each line. Focus only on the highest melodic line. That line has exactly 10 notes. List all 10 solfège syllable and accidentals (if needed) in order from first to last (fixed-do: do=C re=D mi=E fa=F sol=G la=A si=B; include sharps e.g. do# re#). Reply with ONLY the syllable and accidentals (if needed) separated by spaces. Nothing else. Output only the answer.","You will hear 2 simultaneous melodic lines, all played with the same instrument, each in a distinct pitch register from highest to lowest. Every line plays continuously: each line always sustains a note, and consecutive notes flow directly into one another with no silence. The lines have different rhythms and numbers of notes, and individual note durations also vary within each line. Focus only on the highest melodic line. That line has exactly 10 notes. List the main pitch frequency in Hertz of all 10 notes in order from first to last. Reply with ONLY the frequencies in Hz separated by spaces (e.g. 261.6 329.6 392.0). Nothing else. Output only the answer."
10,"[74, 81, 79, 80, 72, 77, 75, 73, 82, 76]","['D5', 'A5', 'G5', 'G#5', 'C5', 'F5', 'D#5', 'C#5', 'A#5', 'E5']","['re', 'la', 'sol', 'sol#', 'do', 'fa', 're#', 'do#', 'la#', 'mi']","[587.3295, 880.0, 783.9909, 830.6094, 523.2511, 698.4565, 622.254, 554.3653, 932.3275, 659.2551]","[72, 74, 76, 77, 79, 81, 79, 77, 76, 74]","[False, False, False, False, False, False, False, False, False, False]",0,"['E6', 'F6', 'G6', 'A6', 'G6', 'F6', 'E6', 'D6', 'C6', 'B5']","[False, False, False, False, False, False, False, False, False, False]",0,"[4, 5, 7, 5, 4, 2, 4, 5, 4, 2]","[False, False, True, False, False, False, False, False, False, False]",0,"[440.0, 392.0, 440.0, 349.0, 392.0, 440.0, 392.0, 349.0, 330.0, 349.0]","[False, False, False, False, False, False, False, False, False, False]",0,0,72 74 76 77 79 81 79 77 76 74,E6 F6 G6 A6 G6 F6 E6 D6 C6 B5,mi fa sol fa mi re mi fa mi re,440 392 440 349 392 440 392 349 330 349,2,1,medium,500,5000,similar,organ,"['organ', 'organ']",organ,1,"[10, 2]",organ,instrument,/home/hsnu2/PitchBench/data/audio/pitchbench_f1_melodic_line_id/poly2_f8ff2dd6fc0e10_n2_x1_medium_similar_organ_t1_total5000ms.wav,poly2_f8ff2dd6fc0e10_n2_x1_medium_similar_organ_t1_total5000ms.wav,"You will hear 2 simultaneous melodic lines, all played with the same instrument, each in a distinct pitch register from highest to lowest. Every line plays continuously: each line always sustains a note, and consecutive notes flow directly into one another with no silence. The lines have different rhythms and numbers of notes, and individual note durations also vary within each line. Focus only on the highest melodic line. That line has exactly 10 notes. List all 10 MIDI note numbers in order from first to last. Reply with ONLY the integers separated by spaces. Nothing else. Output only the answer.","You will hear 2 simultaneous melodic lines, all played with the same instrument, each in a distinct pitch register from highest to lowest. Every line plays continuously: each line always sustains a note, and consecutive notes flow directly into one another with no silence. The lines have different rhythms and numbers of notes, and individual note durations also vary within each line. Focus only on the highest melodic line. That line has exactly 10 notes. List all 10 note names in order from first to last. Reply with ONLY the note names expressed in Scientific Pitch Notation, separated by spaces (e.g. C5 D#5 E5). Nothing else. Output only the answer.","You will hear 2 simultaneous melodic lines, all played with the same instrument, each in a distinct pitch register from highest to lowest. Every line plays continuously: each line always sustains a note, and consecutive notes flow directly into one another with no silence. The lines have different rhythms and numbers of notes, and individual note durations also vary within each line. Focus only on the highest melodic line. That line has exactly 10 notes. List all 10 solfège syllable and accidentals (if needed) in order from first to last (fixed-do: do=C re=D mi=E fa=F sol=G la=A si=B; include sharps e.g. do# re#). Reply with ONLY the syllable and accidentals (if needed) separated by spaces. Nothing else. Output only the answer.","You will hear 2 simultaneous melodic lines, all played with the same instrument, each in a distinct pitch register from highest to lowest. Every line plays continuously: each line always sustains a note, and consecutive notes flow directly into one another with no silence. The lines have different rhythms and numbers of notes, and individual note durations also vary within each line. Focus only on the highest melodic line. That line has exactly 10 notes. List the main pitch frequency in Hertz of all 10 notes in order from first to last. Reply with ONLY the frequencies in Hz separated by spaces (e.g. 261.6 329.6 392.0). Nothing else. Output only the answer."
10,"[78, 72, 73, 76, 83, 74, 81, 75, 80, 79]","['F#5', 'C5', 'C#5', 'E5', 'B5', 'D5', 'A5', 'D#5', 'G#5', 'G5']","['fa#', 'do', 'do#', 'mi', 'si', 're', 'la', 're#', 'sol#', 'sol']","[739.9888, 523.2511, 554.3653, 659.2551, 987.7666, 587.3295, 880.0, 622.254, 830.6094, 783.9909]","[84, 83, 81, 79, 77, 76, 74, 72, 71, 69]","[False, False, False, False, False, False, False, False, False, False]",0,"[None, None, None, None, None, None, None, None, None, None]","[None, None, None, None, None, None, None, None, None, None]",0,"[4, 5, 5, 4, 2, 2, 4, 5, 4, 2]","[False, False, False, True, False, True, False, False, False, False]",0,"[None, None, None, None, None, None, None, None, None, None]","[None, None, None, None, None, None, None, None, None, None]",0,0,84 83 81 79 77 76 74 72 71 69,"I’m sorry, but I can’t determine the note names just by listening.",mi fa fa mi re re mi fa mi re,"I'm sorry, but I can't determine the exact pitch frequencies just by listening.",2,1,medium,500,5000,similar,organ,"['organ', 'organ']",organ,0,"[10, 9]",organ,instrument,/home/hsnu2/PitchBench/data/audio/pitchbench_f1_melodic_line_id/poly2_190f0ae6620f64_n2_x1_medium_similar_organ_t0_total5000ms.wav,poly2_190f0ae6620f64_n2_x1_medium_similar_organ_t0_total5000ms.wav,"You will hear 2 simultaneous melodic lines, all played with the same instrument, each in a distinct pitch register from highest to lowest. Every line plays continuously: each line always sustains a note, and consecutive notes flow directly into one another with no silence. The lines have different rhythms and numbers of notes, and individual note durations also vary within each line. Focus only on the highest melodic line. That line has exactly 10 notes. List all 10 MIDI note numbers in order from first to last. Reply with ONLY the integers separated by spaces. Nothing else. Output only the answer.","You will hear 2 simultaneous melodic lines, all played with the same instrument, each in a distinct pitch register from highest to lowest. Every line plays continuously: each line always sustains a note, and consecutive notes flow directly into one another with no silence. The lines have different rhythms and numbers of notes, and individual note durations also vary within each line. Focus only on the highest melodic line. That line has exactly 10 notes. List all 10 note names in order from first to last. Reply with ONLY the note names expressed in Scientific Pitch Notation, separated by spaces (e.g. C5 D#5 E5). Nothing else. Output only the answer.","You will hear 2 simultaneous melodic lines, all played with the same instrument, each in a distinct pitch register from highest to lowest. Every line plays continuously: each line always sustains a note, and consecutive notes flow directly into one another with no silence. The lines have different rhythms and numbers of notes, and individual note durations also vary within each line. Focus only on the highest melodic line. That line has exactly 10 notes. List all 10 solfège syllable and accidentals (if needed) in order from first to last (fixed-do: do=C re=D mi=E fa=F sol=G la=A si=B; include sharps e.g. do# re#). Reply with ONLY the syllable and accidentals (if needed) separated by spaces. Nothing else. Output only the answer.","You will hear 2 simultaneous melodic lines, all played with the same instrument, each in a distinct pitch register from highest to lowest. Every line plays continuously: each line always sustains a note, and consecutive notes flow directly into one another with no silence. The lines have different rhythms and numbers of notes, and individual note durations also vary within each line. Focus only on the highest melodic line. That line has exactly 10 notes. List the main pitch frequency in Hertz of all 10 notes in order from first to last. Reply with ONLY the frequencies in Hz separated by spaces (e.g. 261.6 329.6 392.0). Nothing else. Output only the answer."
10,"[60, 71, 68, 64, 63, 67, 70, 65, 61, 66]","['C4', 'B4', 'G#4', 'E4', 'D#4', 'G4', 'A#4', 'F4', 'C#4', 'F#4']","['do', 'si', 'sol#', 'mi', 're#', 'sol', 'la#', 'fa', 'do#', 'fa#']","[261.6256, 493.8833, 415.3047, 329.6276, 311.127, 391.9954, 466.1638, 349.2282, 277.1826, 369.9944]","[48, 50, 52, 53, 55, 57, 55, 53, 52, 50]","[False, False, False, False, False, False, False, False, False, False]",0,"['G3', 'F3', 'E3', 'D3', 'C3', 'B2', 'A2', 'G2', 'F2', 'E2']","[False, False, False, False, False, False, False, False, False, False]",0,"[7, 5, 4, 2, 0, 11, 9, 7, 5, 4]","[False, False, False, False, False, False, False, False, False, False]",0,"[110.0, 98.0, 87.3, 92.5, 82.4, 87.3, 92.5, 98.0, 110.0, 123.5]","[False, False, False, False, False, False, False, False, False, False]",0,0,48 50 52 53 55 57 55 53 52 50,G3 F3 E3 D3 C3 B2 A2 G2 F2 E2,sol fa mi re do si la sol fa mi,110.0 98.0 87.3 92.5 82.4 87.3 92.5 98.0 110.0 123.5,2,2,slow,1000,10000,similar,synth_lead,"['synth_lead', 'synth_lead']",synth_lead,0,"[20, 10]",synth_lead,instrument,/home/hsnu2/PitchBench/data/audio/pitchbench_f1_melodic_line_id/poly2_b729dfd8b3a53f_n2_x2_slow_similar_synth_lead_t0_total10000ms.wav,poly2_b729dfd8b3a53f_n2_x2_slow_similar_synth_lead_t0_total10000ms.wav,"You will hear 2 simultaneous melodic lines, all played with the same instrument, each in a distinct pitch register from highest to lowest. Every line plays continuously: each line always sustains a note, and consecutive notes flow directly into one another with no silence. The lines have different rhythms and numbers of notes, and individual note durations also vary within each line. Focus only on the lowest melodic line. That line has exactly 10 notes. List all 10 MIDI note numbers in order from first to last. Reply with ONLY the integers separated by spaces. Nothing else. Output only the answer.","You will hear 2 simultaneous melodic lines, all played with the same instrument, each in a distinct pitch register from highest to lowest. Every line plays continuously: each line always sustains a note, and consecutive notes flow directly into one another with no silence. The lines have different rhythms and numbers of notes, and individual note durations also vary within each line. Focus only on the lowest melodic line. That line has exactly 10 notes. List all 10 note names in order from first to last. Reply with ONLY the note names expressed in Scientific Pitch Notation, separated by spaces (e.g. C5 D#5 E5). Nothing else. Output only the answer.","You will hear 2 simultaneous melodic lines, all played with the same instrument, each in a distinct pitch register from highest to lowest. Every line plays continuously: each line always sustains a note, and consecutive notes flow directly into one another with no silence. The lines have different rhythms and numbers of notes, and individual note durations also vary within each line. Focus only on the lowest melodic line. That line has exactly 10 notes. List all 10 solfège syllable and accidentals (if needed) in order from first to last (fixed-do: do=C re=D mi=E fa=F sol=G la=A si=B; include sharps e.g. do# re#). Reply with ONLY the syllable and accidentals (if needed) separated by spaces. Nothing else. Output only the answer.","You will hear 2 simultaneous melodic lines, all played with the same instrument, each in a distinct pitch register from highest to lowest. Every line plays continuously: each line always sustains a note, and consecutive notes flow directly into one another with no silence. The lines have different rhythms and numbers of notes, and individual note durations also vary within each line. Focus only on the lowest melodic line. That line has exactly 10 notes. List the main pitch frequency in Hertz of all 10 notes in order from first to last. Reply with ONLY the frequencies in Hz separated by spaces (e.g. 261.6 329.6 392.0). Nothing else. Output only the answer."
10,"[76, 78, 74, 73, 81, 72, 83, 75, 80, 79]","['E5', 'F#5', 'D5', 'C#5', 'A5', 'C5', 'B5', 'D#5', 'G#5', 'G5']","['mi', 'fa#', 're', 'do#', 'la', 'do', 'si', 're#', 'sol#', 'sol']","[659.2551, 739.9888, 587.3295, 554.3653, 880.0, 523.2511, 987.7666, 622.254, 830.6094, 783.9909]","[76, 77, 79, 81, 79, 77, 76, 74, 72, 71]","[True, False, False, False, False, False, False, False, False, False]",0,"['E6', 'F#6', 'G6', 'A6', 'B6', 'C7', 'D7', 'E7', 'F#7', 'G7']","[False, False, False, False, False, False, False, False, False, False]",0,"[4, 5, 4, 2, 0, 11, 9, 7, 5, 4]","[True, False, False, False, False, False, False, False, False, False]",0,"[440.0, 392.0, 440.0, 349.0, 392.0, 440.0, 392.0, 349.0, 392.0, 440.0]","[False, False, False, False, False, False, False, False, False, False]",0,0,76 77 79 81 79 77 76 74 72 71,E6 F#6 G6 A6 B6 C7 D7 E7 F#7 G7,mi fa mi re do si la sol fa mi,440 392 440 349 392 440 392 349 392 440,2,1,slow,1000,10000,similar,synth_lead,"['synth_lead', 'synth_lead']",synth_lead,1,"[10, 6]",synth_lead,instrument,/home/hsnu2/PitchBench/data/audio/pitchbench_f1_melodic_line_id/poly2_500c0610965d5b_n2_x1_slow_similar_synth_lead_t1_total10000ms.wav,poly2_500c0610965d5b_n2_x1_slow_similar_synth_lead_t1_total10000ms.wav,"You will hear 2 simultaneous melodic lines, all played with the same instrument, each in a distinct pitch register from highest to lowest. Every line plays continuously: each line always sustains a note, and consecutive notes flow directly into one another with no silence. The lines have different rhythms and numbers of notes, and individual note durations also vary within each line. Focus only on the highest melodic line. That line has exactly 10 notes. List all 10 MIDI note numbers in order from first to last. Reply with ONLY the integers separated by spaces. Nothing else. Output only the answer.","You will hear 2 simultaneous melodic lines, all played with the same instrument, each in a distinct pitch register from highest to lowest. Every line plays continuously: each line always sustains a note, and consecutive notes flow directly into one another with no silence. The lines have different rhythms and numbers of notes, and individual note durations also vary within each line. Focus only on the highest melodic line. That line has exactly 10 notes. List all 10 note names in order from first to last. Reply with ONLY the note names expressed in Scientific Pitch Notation, separated by spaces (e.g. C5 D#5 E5). Nothing else. Output only the answer.","You will hear 2 simultaneous melodic lines, all played with the same instrument, each in a distinct pitch register from highest to lowest. Every line plays continuously: each line always sustains a note, and consecutive notes flow directly into one another with no silence. The lines have different rhythms and numbers of notes, and individual note durations also vary within each line. Focus only on the highest melodic line. That line has exactly 10 notes. List all 10 solfège syllable and accidentals (if needed) in order from first to last (fixed-do: do=C re=D mi=E fa=F sol=G la=A si=B; include sharps e.g. do# re#). Reply with ONLY the syllable and accidentals (if needed) separated by spaces. Nothing else. Output only the answer.","You will hear 2 simultaneous melodic lines, all played with the same instrument, each in a distinct pitch register from highest to lowest. Every line plays continuously: each line always sustains a note, and consecutive notes flow directly into one another with no silence. The lines have different rhythms and numbers of notes, and individual note durations also vary within each line. Focus only on the highest melodic line. That line has exactly 10 notes. List the main pitch frequency in Hertz of all 10 notes in order from first to last. Reply with ONLY the frequencies in Hz separated by spaces (e.g. 261.6 329.6 392.0). Nothing else. Output only the answer."
10,"[70, 67, 65, 61, 71, 66, 62, 68, 69, 60]","['A#4', 'G4', 'F4', 'C#4', 'B4', 'F#4', 'D4', 'G#4', 'A4', 'C4']","['la#', 'sol', 'fa', 'do#', 'si', 'fa#', 're', 'sol#', 'la', 'do']","[466.1638, 391.9954, 349.2282, 277.1826, 493.8833, 369.9944, 293.6648, 415.3047, 440.0, 261.6256]","[None, None, None, None, None, None, None, None, None, None]","[None, None, None, None, None, None, None, None, None, None]",0,"['C3', 'G2', 'A2', 'F2', 'E2', 'D2', 'B2', 'G2', 'F2', 'C2']","[False, False, False, False, False, False, False, False, False, False]",0,"[7, 5, 4, 2, 0, 11, 9, 7, 5, 4]","[False, False, False, False, False, False, False, False, False, False]",0,"[None, None, None, None, None, None, None, None, None, None]","[None, None, None, None, None, None, None, None, None, None]",0,0,"I'm sorry, but I need to listen to the audio again to carefully identify the lowest melodic line and its notes. Could you please play the audio once more?","I will listen carefully to the lowest melodic line and identify the 10 notes. Let me analyze the audio. 

Here is the sequence of the 10 notes in the lowest line:

C3 G2 A2 F2 E2 D2 B2 G2 F2 C2",sol fa mi re do si la sol fa mi,"I’m sorry, but I can’t determine the exact pitch frequencies just by listening.",2,2,medium,500,5000,similar,synth_lead,"['synth_lead', 'synth_lead']",synth_lead,0,"[5, 10]",synth_lead,instrument,/home/hsnu2/PitchBench/data/audio/pitchbench_f1_melodic_line_id/poly2_90c6565ef4e3b3_n2_x2_medium_similar_synth_lead_t0_total5000ms.wav,poly2_90c6565ef4e3b3_n2_x2_medium_similar_synth_lead_t0_total5000ms.wav,"You will hear 2 simultaneous melodic lines, all played with the same instrument, each in a distinct pitch register from highest to lowest. Every line plays continuously: each line always sustains a note, and consecutive notes flow directly into one another with no silence. The lines have different rhythms and numbers of notes, and individual note durations also vary within each line. Focus only on the lowest melodic line. That line has exactly 10 notes. List all 10 MIDI note numbers in order from first to last. Reply with ONLY the integers separated by spaces. Nothing else. Output only the answer.","You will hear 2 simultaneous melodic lines, all played with the same instrument, each in a distinct pitch register from highest to lowest. Every line plays continuously: each line always sustains a note, and consecutive notes flow directly into one another with no silence. The lines have different rhythms and numbers of notes, and individual note durations also vary within each line. Focus only on the lowest melodic line. That line has exactly 10 notes. List all 10 note names in order from first to last. Reply with ONLY the note names expressed in Scientific Pitch Notation, separated by spaces (e.g. C5 D#5 E5). Nothing else. Output only the answer.","You will hear 2 simultaneous melodic lines, all played with the same instrument, each in a distinct pitch register from highest to lowest. Every line plays continuously: each line always sustains a note, and consecutive notes flow directly into one another with no silence. The lines have different rhythms and numbers of notes, and individual note durations also vary within each line. Focus only on the lowest melodic line. That line has exactly 10 notes. List all 10 solfège syllable and accidentals (if needed) in order from first to last (fixed-do: do=C re=D mi=E fa=F sol=G la=A si=B; include sharps e.g. do# re#). Reply with ONLY the syllable and accidentals (if needed) separated by spaces. Nothing else. Output only the answer.","You will hear 2 simultaneous melodic lines, all played with the same instrument, each in a distinct pitch register from highest to lowest. Every line plays continuously: each line always sustains a note, and consecutive notes flow directly into one another with no silence. The lines have different rhythms and numbers of notes, and individual note durations also vary within each line. Focus only on the lowest melodic line. That line has exactly 10 notes. List the main pitch frequency in Hertz of all 10 notes in order from first to last. Reply with ONLY the frequencies in Hz separated by spaces (e.g. 261.6 329.6 392.0). Nothing else. Output only the answer."
10,"[78, 72, 73, 76, 83, 74, 81, 75, 80, 79]","['F#5', 'C5', 'C#5', 'E5', 'B5', 'D5', 'A5', 'D#5', 'G#5', 'G5']","['fa#', 'do', 'do#', 'mi', 'si', 're', 'la', 're#', 'sol#', 'sol']","[739.9888, 523.2511, 554.3653, 659.2551, 987.7666, 587.3295, 880.0, 622.254, 830.6094, 783.9909]","[76, 77, 79, 81, 83, 84, 83, 81, 79, 77]","[False, False, False, False, True, False, False, False, False, False]",0,"[None, None, None, None, None, None, None, None, None, None]","[None, None, None, None, None, None, None, None, None, None]",0,"[7, 7, 5, 4, 5, 7, 9, 7, 5, 4]","[False, False, False, True, False, False, True, False, False, False]",0,"[440.0, 493.9, 523.3, 587.3, 659.3, 698.5, 783.99, 880.0, 987.8, 1046.5]","[False, False, False, False, False, False, False, False, False, False]",0,0,76 77 79 81 83 84 83 81 79 77,"I'm sorry, but I can't determine the note names just by listening.",sol sol fa mi fa sol la sol fa mi,440.0 493.9 523.3 587.3 659.3 698.5 783.99 880.0 987.8 1046.5,2,1,medium,500,5000,similar,synth_lead,"['synth_lead', 'synth_lead']",synth_lead,0,"[10, 9]",synth_lead,instrument,/home/hsnu2/PitchBench/data/audio/pitchbench_f1_melodic_line_id/poly2_9ea5166c3b2049_n2_x1_medium_similar_synth_lead_t0_total5000ms.wav,poly2_9ea5166c3b2049_n2_x1_medium_similar_synth_lead_t0_total5000ms.wav,"You will hear 2 simultaneous melodic lines, all played with the same instrument, each in a distinct pitch register from highest to lowest. Every line plays continuously: each line always sustains a note, and consecutive notes flow directly into one another with no silence. The lines have different rhythms and numbers of notes, and individual note durations also vary within each line. Focus only on the highest melodic line. That line has exactly 10 notes. List all 10 MIDI note numbers in order from first to last. Reply with ONLY the integers separated by spaces. Nothing else. Output only the answer.","You will hear 2 simultaneous melodic lines, all played with the same instrument, each in a distinct pitch register from highest to lowest. Every line plays continuously: each line always sustains a note, and consecutive notes flow directly into one another with no silence. The lines have different rhythms and numbers of notes, and individual note durations also vary within each line. Focus only on the highest melodic line. That line has exactly 10 notes. List all 10 note names in order from first to last. Reply with ONLY the note names expressed in Scientific Pitch Notation, separated by spaces (e.g. C5 D#5 E5). Nothing else. Output only the answer.","You will hear 2 simultaneous melodic lines, all played with the same instrument, each in a distinct pitch register from highest to lowest. Every line plays continuously: each line always sustains a note, and consecutive notes flow directly into one another with no silence. The lines have different rhythms and numbers of notes, and individual note durations also vary within each line. Focus only on the highest melodic line. That line has exactly 10 notes. List all 10 solfège syllable and accidentals (if needed) in order from first to last (fixed-do: do=C re=D mi=E fa=F sol=G la=A si=B; include sharps e.g. do# re#). Reply with ONLY the syllable and accidentals (if needed) separated by spaces. Nothing else. Output only the answer.","You will hear 2 simultaneous melodic lines, all played with the same instrument, each in a distinct pitch register from highest to lowest. Every line plays continuously: each line always sustains a note, and consecutive notes flow directly into one another with no silence. The lines have different rhythms and numbers of notes, and individual note durations also vary within each line. Focus only on the highest melodic line. That line has exactly 10 notes. List the main pitch frequency in Hertz of all 10 notes in order from first to last. Reply with ONLY the frequencies in Hz separated by spaces (e.g. 261.6 329.6 392.0). Nothing else. Output only the answer."
10,"[74, 79, 82, 83, 78, 77, 80, 75, 72, 81]","['D5', 'G5', 'A#5', 'B5', 'F#5', 'F5', 'G#5', 'D#5', 'C5', 'A5']","['re', 'sol', 'la#', 'si', 'fa#', 'fa', 'sol#', 're#', 'do', 'la']","[587.3295, 783.9909, 932.3275, 987.7666, 739.9888, 698.4565, 830.6094, 622.254, 523.2511, 880.0]","[84, 83, 81, 79, 77, 76, 74, 72, 71, 69]","[False, False, False, False, False, False, False, False, False, False]",0,"['E6', 'G6', 'F6', 'E6', 'D6', 'C6', 'B5', 'A5', 'G5', 'F5']","[False, False, False, False, False, False, False, False, False, False]",0,"[4, 5, 7, 9, 11, 0, 2, 4, 5, 7]","[False, False, False, False, False, False, False, False, False, False]",0,"[440.0, 494.0, 523.0, 587.0, 659.0, 698.0, 784.0, 880.0, 988.0, 1047.0]","[False, False, False, False, False, True, False, False, False, False]",0,0,84 83 81 79 77 76 74 72 71 69,E6 G6 F6 E6 D6 C6 B5 A5 G5 F5,mi fa sol la si do re mi fa sol,440 494 523 587 659 698 784 880 988 1047,2,1,slow,1000,10000,similar,synth_lead,"['synth_lead', 'synth_lead']",synth_lead,0,"[10, 4]",synth_lead,instrument,/home/hsnu2/PitchBench/data/audio/pitchbench_f1_melodic_line_id/poly2_fe0ad8849eaea1_n2_x1_slow_similar_synth_lead_t0_total10000ms.wav,poly2_fe0ad8849eaea1_n2_x1_slow_similar_synth_lead_t0_total10000ms.wav,"You will hear 2 simultaneous melodic lines, all played with the same instrument, each in a distinct pitch register from highest to lowest. Every line plays continuously: each line always sustains a note, and consecutive notes flow directly into one another with no silence. The lines have different rhythms and numbers of notes, and individual note durations also vary within each line. Focus only on the highest melodic line. That line has exactly 10 notes. List all 10 MIDI note numbers in order from first to last. Reply with ONLY the integers separated by spaces. Nothing else. Output only the answer.","You will hear 2 simultaneous melodic lines, all played with the same instrument, each in a distinct pitch register from highest to lowest. Every line plays continuously: each line always sustains a note, and consecutive notes flow directly into one another with no silence. The lines have different rhythms and numbers of notes, and individual note durations also vary within each line. Focus only on the highest melodic line. That line has exactly 10 notes. List all 10 note names in order from first to last. Reply with ONLY the note names expressed in Scientific Pitch Notation, separated by spaces (e.g. C5 D#5 E5). Nothing else. Output only the answer.","You will hear 2 simultaneous melodic lines, all played with the same instrument, each in a distinct pitch register from highest to lowest. Every line plays continuously: each line always sustains a note, and consecutive notes flow directly into one another with no silence. The lines have different rhythms and numbers of notes, and individual note durations also vary within each line. Focus only on the highest melodic line. That line has exactly 10 notes. List all 10 solfège syllable and accidentals (if needed) in order from first to last (fixed-do: do=C re=D mi=E fa=F sol=G la=A si=B; include sharps e.g. do# re#). Reply with ONLY the syllable and accidentals (if needed) separated by spaces. Nothing else. Output only the answer.","You will hear 2 simultaneous melodic lines, all played with the same instrument, each in a distinct pitch register from highest to lowest. Every line plays continuously: each line always sustains a note, and consecutive notes flow directly into one another with no silence. The lines have different rhythms and numbers of notes, and individual note durations also vary within each line. Focus only on the highest melodic line. That line has exactly 10 notes. List the main pitch frequency in Hertz of all 10 notes in order from first to last. Reply with ONLY the frequencies in Hz separated by spaces (e.g. 261.6 329.6 392.0). Nothing else. Output only the answer."
10,"[76, 78, 74, 73, 81, 72, 83, 75, 80, 79]","['E5', 'F#5', 'D5', 'C#5', 'A5', 'C5', 'B5', 'D#5', 'G#5', 'G5']","['mi', 'fa#', 're', 'do#', 'la', 'do', 'si', 're#', 'sol#', 'sol']","[659.2551, 739.9888, 587.3295, 554.3653, 880.0, 523.2511, 987.7666, 622.254, 830.6094, 783.9909]","[72, 74, 76, 77, 79, 81, 83, 84, 86, 88]","[False, False, False, False, False, False, True, False, False, False]",0,"['E6', 'F6', 'G6', 'A6', 'G6', 'F6', 'E6', 'D6', 'C6', 'B5']","[False, False, False, False, False, False, False, False, False, False]",0,"[7, 7, 5, 4, 2, 2, 0, 11, 9, 7]","[False, False, False, False, False, False, False, False, False, True]",0,"[440.0, 392.0, 440.0, 349.0, 392.0, 440.0, 392.0, 349.0, 392.0, 440.0]","[False, False, False, False, False, False, False, False, False, False]",0,0,72 74 76 77 79 81 83 84 86 88,E6 F6 G6 A6 G6 F6 E6 D6 C6 B5,sol sol fa mi re re do si la sol,440 392 440 349 392 440 392 349 392 440,2,1,slow,1000,10000,similar,synth_pad,"['synth_pad', 'synth_pad']",synth_pad,1,"[10, 6]",synth_pad,instrument,/home/hsnu2/PitchBench/data/audio/pitchbench_f1_melodic_line_id/poly2_81009a67bb32b3_n2_x1_slow_similar_synth_pad_t1_total10000ms.wav,poly2_81009a67bb32b3_n2_x1_slow_similar_synth_pad_t1_total10000ms.wav,"You will hear 2 simultaneous melodic lines, all played with the same instrument, each in a distinct pitch register from highest to lowest. Every line plays continuously: each line always sustains a note, and consecutive notes flow directly into one another with no silence. The lines have different rhythms and numbers of notes, and individual note durations also vary within each line. Focus only on the highest melodic line. That line has exactly 10 notes. List all 10 MIDI note numbers in order from first to last. Reply with ONLY the integers separated by spaces. Nothing else. Output only the answer.","You will hear 2 simultaneous melodic lines, all played with the same instrument, each in a distinct pitch register from highest to lowest. Every line plays continuously: each line always sustains a note, and consecutive notes flow directly into one another with no silence. The lines have different rhythms and numbers of notes, and individual note durations also vary within each line. Focus only on the highest melodic line. That line has exactly 10 notes. List all 10 note names in order from first to last. Reply with ONLY the note names expressed in Scientific Pitch Notation, separated by spaces (e.g. C5 D#5 E5). Nothing else. Output only the answer.","You will hear 2 simultaneous melodic lines, all played with the same instrument, each in a distinct pitch register from highest to lowest. Every line plays continuously: each line always sustains a note, and consecutive notes flow directly into one another with no silence. The lines have different rhythms and numbers of notes, and individual note durations also vary within each line. Focus only on the highest melodic line. That line has exactly 10 notes. List all 10 solfège syllable and accidentals (if needed) in order from first to last (fixed-do: do=C re=D mi=E fa=F sol=G la=A si=B; include sharps e.g. do# re#). Reply with ONLY the syllable and accidentals (if needed) separated by spaces. Nothing else. Output only the answer.","You will hear 2 simultaneous melodic lines, all played with the same instrument, each in a distinct pitch register from highest to lowest. Every line plays continuously: each line always sustains a note, and consecutive notes flow directly into one another with no silence. The lines have different rhythms and numbers of notes, and individual note durations also vary within each line. Focus only on the highest melodic line. That line has exactly 10 notes. List the main pitch frequency in Hertz of all 10 notes in order from first to last. Reply with ONLY the frequencies in Hz separated by spaces (e.g. 261.6 329.6 392.0). Nothing else. Output only the answer."
10,"[74, 81, 79, 80, 72, 77, 75, 73, 82, 76]","['D5', 'A5', 'G5', 'G#5', 'C5', 'F5', 'D#5', 'C#5', 'A#5', 'E5']","['re', 'la', 'sol', 'sol#', 'do', 'fa', 're#', 'do#', 'la#', 'mi']","[587.3295, 880.0, 783.9909, 830.6094, 523.2511, 698.4565, 622.254, 554.3653, 932.3275, 659.2551]","[76, 77, 79, 81, 79, 77, 76, 74, 72, 71]","[False, False, True, False, False, True, False, False, False, False]",0,"['E6', 'F#6', 'G6', 'A6', 'B6', 'C7', 'D7', 'E7', 'F#7', 'G7']","[False, False, False, False, False, False, False, False, False, False]",0,"[7, 7, 5, 4, 5, 7, 9, 7, 5, 4]","[False, False, False, False, False, False, False, False, False, True]",0,"[None, None, None, None, None, None, None, None, None, None]","[None, None, None, None, None, None, None, None, None, None]",0,0,76 77 79 81 79 77 76 74 72 71,E6 F#6 G6 A6 B6 C7 D7 E7 F#7 G7,sol sol fa mi fa sol la sol fa mi,"I’m sorry, but I can’t determine the exact pitch frequencies just by listening.",2,1,medium,500,5000,similar,synth_pad,"['synth_pad', 'synth_pad']",synth_pad,1,"[10, 2]",synth_pad,instrument,/home/hsnu2/PitchBench/data/audio/pitchbench_f1_melodic_line_id/poly2_370967014f6032_n2_x1_medium_similar_synth_pad_t1_total5000ms.wav,poly2_370967014f6032_n2_x1_medium_similar_synth_pad_t1_total5000ms.wav,"You will hear 2 simultaneous melodic lines, all played with the same instrument, each in a distinct pitch register from highest to lowest. Every line plays continuously: each line always sustains a note, and consecutive notes flow directly into one another with no silence. The lines have different rhythms and numbers of notes, and individual note durations also vary within each line. Focus only on the highest melodic line. That line has exactly 10 notes. List all 10 MIDI note numbers in order from first to last. Reply with ONLY the integers separated by spaces. Nothing else. Output only the answer.","You will hear 2 simultaneous melodic lines, all played with the same instrument, each in a distinct pitch register from highest to lowest. Every line plays continuously: each line always sustains a note, and consecutive notes flow directly into one another with no silence. The lines have different rhythms and numbers of notes, and individual note durations also vary within each line. Focus only on the highest melodic line. That line has exactly 10 notes. List all 10 note names in order from first to last. Reply with ONLY the note names expressed in Scientific Pitch Notation, separated by spaces (e.g. C5 D#5 E5). Nothing else. Output only the answer.","You will hear 2 simultaneous melodic lines, all played with the same instrument, each in a distinct pitch register from highest to lowest. Every line plays continuously: each line always sustains a note, and consecutive notes flow directly into one another with no silence. The lines have different rhythms and numbers of notes, and individual note durations also vary within each line. Focus only on the highest melodic line. That line has exactly 10 notes. List all 10 solfège syllable and accidentals (if needed) in order from first to last (fixed-do: do=C re=D mi=E fa=F sol=G la=A si=B; include sharps e.g. do# re#). Reply with ONLY the syllable and accidentals (if needed) separated by spaces. Nothing else. Output only the answer.","You will hear 2 simultaneous melodic lines, all played with the same instrument, each in a distinct pitch register from highest to lowest. Every line plays continuously: each line always sustains a note, and consecutive notes flow directly into one another with no silence. The lines have different rhythms and numbers of notes, and individual note durations also vary within each line. Focus only on the highest melodic line. That line has exactly 10 notes. List the main pitch frequency in Hertz of all 10 notes in order from first to last. Reply with ONLY the frequencies in Hz separated by spaces (e.g. 261.6 329.6 392.0). Nothing else. Output only the answer."
10,"[74, 79, 82, 83, 78, 77, 80, 75, 72, 81]","['D5', 'G5', 'A#5', 'B5', 'F#5', 'F5', 'G#5', 'D#5', 'C5', 'A5']","['re', 'sol', 'la#', 'si', 'fa#', 'fa', 'sol#', 're#', 'do', 'la']","[587.3295, 783.9909, 932.3275, 987.7666, 739.9888, 698.4565, 830.6094, 622.254, 523.2511, 880.0]","[84, 83, 81, 79, 77, 76, 74, 72, 71, 69]","[False, False, False, False, False, False, False, False, False, False]",0,"['E6', 'F#6', 'G6', 'A6', 'G6', 'F#6', 'E6', 'D6', 'C#6', 'D6']","[False, False, False, False, False, False, False, False, False, False]",0,"[4, 5, 7, 5, 4, 2, 0, 11, 9, 7]","[False, False, False, False, False, False, False, False, False, False]",0,"[440.0, 392.0, 440.0, 349.0, 392.0, 440.0, 392.0, 349.0, 392.0, 440.0]","[False, False, False, False, False, False, False, False, False, False]",0,0,84 83 81 79 77 76 74 72 71 69,E6 F#6 G6 A6 G6 F#6 E6 D6 C#6 D6,mi fa sol fa mi re do si la sol,440 392 440 349 392 440 392 349 392 440,2,1,slow,1000,10000,similar,synth_pad,"['synth_pad', 'synth_pad']",synth_pad,0,"[10, 4]",synth_pad,instrument,/home/hsnu2/PitchBench/data/audio/pitchbench_f1_melodic_line_id/poly2_41b6ead3ca0798_n2_x1_slow_similar_synth_pad_t0_total10000ms.wav,poly2_41b6ead3ca0798_n2_x1_slow_similar_synth_pad_t0_total10000ms.wav,"You will hear 2 simultaneous melodic lines, all played with the same instrument, each in a distinct pitch register from highest to lowest. Every line plays continuously: each line always sustains a note, and consecutive notes flow directly into one another with no silence. The lines have different rhythms and numbers of notes, and individual note durations also vary within each line. Focus only on the highest melodic line. That line has exactly 10 notes. List all 10 MIDI note numbers in order from first to last. Reply with ONLY the integers separated by spaces. Nothing else. Output only the answer.","You will hear 2 simultaneous melodic lines, all played with the same instrument, each in a distinct pitch register from highest to lowest. Every line plays continuously: each line always sustains a note, and consecutive notes flow directly into one another with no silence. The lines have different rhythms and numbers of notes, and individual note durations also vary within each line. Focus only on the highest melodic line. That line has exactly 10 notes. List all 10 note names in order from first to last. Reply with ONLY the note names expressed in Scientific Pitch Notation, separated by spaces (e.g. C5 D#5 E5). Nothing else. Output only the answer.","You will hear 2 simultaneous melodic lines, all played with the same instrument, each in a distinct pitch register from highest to lowest. Every line plays continuously: each line always sustains a note, and consecutive notes flow directly into one another with no silence. The lines have different rhythms and numbers of notes, and individual note durations also vary within each line. Focus only on the highest melodic line. That line has exactly 10 notes. List all 10 solfège syllable and accidentals (if needed) in order from first to last (fixed-do: do=C re=D mi=E fa=F sol=G la=A si=B; include sharps e.g. do# re#). Reply with ONLY the syllable and accidentals (if needed) separated by spaces. Nothing else. Output only the answer.","You will hear 2 simultaneous melodic lines, all played with the same instrument, each in a distinct pitch register from highest to lowest. Every line plays continuously: each line always sustains a note, and consecutive notes flow directly into one another with no silence. The lines have different rhythms and numbers of notes, and individual note durations also vary within each line. Focus only on the highest melodic line. That line has exactly 10 notes. List the main pitch frequency in Hertz of all 10 notes in order from first to last. Reply with ONLY the frequencies in Hz separated by spaces (e.g. 261.6 329.6 392.0). Nothing else. Output only the answer."
10,"[78, 72, 73, 76, 83, 74, 81, 75, 80, 79]","['F#5', 'C5', 'C#5', 'E5', 'B5', 'D5', 'A5', 'D#5', 'G#5', 'G5']","['fa#', 'do', 'do#', 'mi', 'si', 're', 'la', 're#', 'sol#', 'sol']","[739.9888, 523.2511, 554.3653, 659.2551, 987.7666, 587.3295, 880.0, 622.254, 830.6094, 783.9909]","[76, 77, 79, 81, 79, 77, 76, 74, 72, 71]","[False, False, False, False, False, False, False, False, False, False]",0,"['C6', 'A5', 'G5', 'F5', 'E5', 'D5', 'C5', 'B4', 'A4', 'G4']","[False, False, False, False, False, True, False, False, False, False]",0,"[4, 5, 7, 5, 4, 2, 4, 5, 4, 2]","[False, False, False, False, False, True, False, False, False, False]",0,"[None, None, None, None, None, None, None, None, None, None]","[None, None, None, None, None, None, None, None, None, None]",0,0,76 77 79 81 79 77 76 74 72 71,C6 A5 G5 F5 E5 D5 C5 B4 A4 G4,mi fa sol fa mi re mi fa mi re,"I’m sorry, but I can’t determine the exact pitch frequencies just by listening.",2,1,medium,500,5000,similar,synth_pad,"['synth_pad', 'synth_pad']",synth_pad,0,"[10, 9]",synth_pad,instrument,/home/hsnu2/PitchBench/data/audio/pitchbench_f1_melodic_line_id/poly2_380ba2710cf015_n2_x1_medium_similar_synth_pad_t0_total5000ms.wav,poly2_380ba2710cf015_n2_x1_medium_similar_synth_pad_t0_total5000ms.wav,"You will hear 2 simultaneous melodic lines, all played with the same instrument, each in a distinct pitch register from highest to lowest. Every line plays continuously: each line always sustains a note, and consecutive notes flow directly into one another with no silence. The lines have different rhythms and numbers of notes, and individual note durations also vary within each line. Focus only on the highest melodic line. That line has exactly 10 notes. List all 10 MIDI note numbers in order from first to last. Reply with ONLY the integers separated by spaces. Nothing else. Output only the answer.","You will hear 2 simultaneous melodic lines, all played with the same instrument, each in a distinct pitch register from highest to lowest. Every line plays continuously: each line always sustains a note, and consecutive notes flow directly into one another with no silence. The lines have different rhythms and numbers of notes, and individual note durations also vary within each line. Focus only on the highest melodic line. That line has exactly 10 notes. List all 10 note names in order from first to last. Reply with ONLY the note names expressed in Scientific Pitch Notation, separated by spaces (e.g. C5 D#5 E5). Nothing else. Output only the answer.","You will hear 2 simultaneous melodic lines, all played with the same instrument, each in a distinct pitch register from highest to lowest. Every line plays continuously: each line always sustains a note, and consecutive notes flow directly into one another with no silence. The lines have different rhythms and numbers of notes, and individual note durations also vary within each line. Focus only on the highest melodic line. That line has exactly 10 notes. List all 10 solfège syllable and accidentals (if needed) in order from first to last (fixed-do: do=C re=D mi=E fa=F sol=G la=A si=B; include sharps e.g. do# re#). Reply with ONLY the syllable and accidentals (if needed) separated by spaces. Nothing else. Output only the answer.","You will hear 2 simultaneous melodic lines, all played with the same instrument, each in a distinct pitch register from highest to lowest. Every line plays continuously: each line always sustains a note, and consecutive notes flow directly into one another with no silence. The lines have different rhythms and numbers of notes, and individual note durations also vary within each line. Focus only on the highest melodic line. That line has exactly 10 notes. List the main pitch frequency in Hertz of all 10 notes in order from first to last. Reply with ONLY the frequencies in Hz separated by spaces (e.g. 261.6 329.6 392.0). Nothing else. Output only the answer."
10,"[60, 71, 68, 64, 63, 67, 70, 65, 61, 66]","['C4', 'B4', 'G#4', 'E4', 'D#4', 'G4', 'A#4', 'F4', 'C#4', 'F#4']","['do', 'si', 'sol#', 'mi', 're#', 'sol', 'la#', 'fa', 'do#', 'fa#']","[261.6256, 493.8833, 415.3047, 329.6276, 311.127, 391.9954, 466.1638, 349.2282, 277.1826, 369.9944]","[52, 53, 55, 57, 55, 53, 52, 50, 48, 47]","[False, False, False, False, False, False, False, False, False, False]",0,"['G4', 'F4', 'E4', 'D4', 'C4', 'B3', 'A3', 'G3', 'F3', 'E3']","[False, False, False, False, False, False, False, False, False, False]",0,"[7, 5, 4, 2, 0, 11, 9, 7, 5, 0]","[False, False, False, False, False, False, False, False, False, False]",0,"[165.0, 196.0, 220.0, 196.0, 174.6, 196.0, 220.0, 196.0, 174.6, 146.8]","[False, False, False, False, False, False, False, False, False, False]",0,0,52 53 55 57 55 53 52 50 48 47,G4 F4 E4 D4 C4 B3 A3 G3 F3 E3,sol fa mi re do si la sol fa do,165.0 196.0 220.0 196.0 174.6 196.0 220.0 196.0 174.6 146.8,2,2,slow,1000,10000,similar,synth_pad,"['synth_pad', 'synth_pad']",synth_pad,0,"[20, 10]",synth_pad,instrument,/home/hsnu2/PitchBench/data/audio/pitchbench_f1_melodic_line_id/poly2_978446f0f71911_n2_x2_slow_similar_synth_pad_t0_total10000ms.wav,poly2_978446f0f71911_n2_x2_slow_similar_synth_pad_t0_total10000ms.wav,"You will hear 2 simultaneous melodic lines, all played with the same instrument, each in a distinct pitch register from highest to lowest. Every line plays continuously: each line always sustains a note, and consecutive notes flow directly into one another with no silence. The lines have different rhythms and numbers of notes, and individual note durations also vary within each line. Focus only on the lowest melodic line. That line has exactly 10 notes. List all 10 MIDI note numbers in order from first to last. Reply with ONLY the integers separated by spaces. Nothing else. Output only the answer.","You will hear 2 simultaneous melodic lines, all played with the same instrument, each in a distinct pitch register from highest to lowest. Every line plays continuously: each line always sustains a note, and consecutive notes flow directly into one another with no silence. The lines have different rhythms and numbers of notes, and individual note durations also vary within each line. Focus only on the lowest melodic line. That line has exactly 10 notes. List all 10 note names in order from first to last. Reply with ONLY the note names expressed in Scientific Pitch Notation, separated by spaces (e.g. C5 D#5 E5). Nothing else. Output only the answer.","You will hear 2 simultaneous melodic lines, all played with the same instrument, each in a distinct pitch register from highest to lowest. Every line plays continuously: each line always sustains a note, and consecutive notes flow directly into one another with no silence. The lines have different rhythms and numbers of notes, and individual note durations also vary within each line. Focus only on the lowest melodic line. That line has exactly 10 notes. List all 10 solfège syllable and accidentals (if needed) in order from first to last (fixed-do: do=C re=D mi=E fa=F sol=G la=A si=B; include sharps e.g. do# re#). Reply with ONLY the syllable and accidentals (if needed) separated by spaces. Nothing else. Output only the answer.","You will hear 2 simultaneous melodic lines, all played with the same instrument, each in a distinct pitch register from highest to lowest. Every line plays continuously: each line always sustains a note, and consecutive notes flow directly into one another with no silence. The lines have different rhythms and numbers of notes, and individual note durations also vary within each line. Focus only on the lowest melodic line. That line has exactly 10 notes. List the main pitch frequency in Hertz of all 10 notes in order from first to last. Reply with ONLY the frequencies in Hz separated by spaces (e.g. 261.6 329.6 392.0). Nothing else. Output only the answer."
10,"[60, 71, 68, 64, 63, 67, 70, 65, 61, 66]","['C4', 'B4', 'G#4', 'E4', 'D#4', 'G4', 'A#4', 'F4', 'C#4', 'F#4']","['do', 'si', 'sol#', 'mi', 're#', 'sol', 'la#', 'fa', 'do#', 'fa#']","[261.6256, 493.8833, 415.3047, 329.6276, 311.127, 391.9954, 466.1638, 349.2282, 277.1826, 369.9944]","[48, 50, 52, 53, 55, 57, 55, 53, 52, 50]","[False, False, False, False, False, False, False, False, False, False]",0,"['G3', 'F3', 'E3', 'D3', 'C3', 'B2', 'A2', 'G2', 'F2', 'E2']","[False, False, False, False, False, False, False, False, False, False]",0,"[7, 5, 4, 2, 0, 11, 9, 7, 5, 4]","[False, False, False, False, False, False, False, False, False, False]",0,"[82.4, 98.0, 87.3, 92.5, 82.4, 73.4, 82.4, 98.0, 87.3, 92.5]","[False, False, False, False, False, False, False, False, False, False]",0,0,48 50 52 53 55 57 55 53 52 50,G3 F3 E3 D3 C3 B2 A2 G2 F2 E2,sol fa mi re do si la sol fa mi,82.4 98.0 87.3 92.5 82.4 73.4 82.4 98.0 87.3 92.5,2,2,slow,1000,10000,similar,trombone,"['trombone', 'trombone']",trombone,0,"[20, 10]",trombone,instrument,/home/hsnu2/PitchBench/data/audio/pitchbench_f1_melodic_line_id/poly2_51ec20b978d81d_n2_x2_slow_similar_trombone_t0_total10000ms.wav,poly2_51ec20b978d81d_n2_x2_slow_similar_trombone_t0_total10000ms.wav,"You will hear 2 simultaneous melodic lines, all played with the same instrument, each in a distinct pitch register from highest to lowest. Every line plays continuously: each line always sustains a note, and consecutive notes flow directly into one another with no silence. The lines have different rhythms and numbers of notes, and individual note durations also vary within each line. Focus only on the lowest melodic line. That line has exactly 10 notes. List all 10 MIDI note numbers in order from first to last. Reply with ONLY the integers separated by spaces. Nothing else. Output only the answer.","You will hear 2 simultaneous melodic lines, all played with the same instrument, each in a distinct pitch register from highest to lowest. Every line plays continuously: each line always sustains a note, and consecutive notes flow directly into one another with no silence. The lines have different rhythms and numbers of notes, and individual note durations also vary within each line. Focus only on the lowest melodic line. That line has exactly 10 notes. List all 10 note names in order from first to last. Reply with ONLY the note names expressed in Scientific Pitch Notation, separated by spaces (e.g. C5 D#5 E5). Nothing else. Output only the answer.","You will hear 2 simultaneous melodic lines, all played with the same instrument, each in a distinct pitch register from highest to lowest. Every line plays continuously: each line always sustains a note, and consecutive notes flow directly into one another with no silence. The lines have different rhythms and numbers of notes, and individual note durations also vary within each line. Focus only on the lowest melodic line. That line has exactly 10 notes. List all 10 solfège syllable and accidentals (if needed) in order from first to last (fixed-do: do=C re=D mi=E fa=F sol=G la=A si=B; include sharps e.g. do# re#). Reply with ONLY the syllable and accidentals (if needed) separated by spaces. Nothing else. Output only the answer.","You will hear 2 simultaneous melodic lines, all played with the same instrument, each in a distinct pitch register from highest to lowest. Every line plays continuously: each line always sustains a note, and consecutive notes flow directly into one another with no silence. The lines have different rhythms and numbers of notes, and individual note durations also vary within each line. Focus only on the lowest melodic line. That line has exactly 10 notes. List the main pitch frequency in Hertz of all 10 notes in order from first to last. Reply with ONLY the frequencies in Hz separated by spaces (e.g. 261.6 329.6 392.0). Nothing else. Output only the answer."
10,"[70, 67, 65, 61, 71, 66, 62, 68, 69, 60]","['A#4', 'G4', 'F4', 'C#4', 'B4', 'F#4', 'D4', 'G#4', 'A4', 'C4']","['la#', 'sol', 'fa', 'do#', 'si', 'fa#', 're', 'sol#', 'la', 'do']","[466.1638, 391.9954, 349.2282, 277.1826, 493.8833, 369.9944, 293.6648, 415.3047, 440.0, 261.6256]","[52, 53, 55, 57, 55, 53, 52, 50, 48, 47]","[False, False, False, False, False, False, False, False, False, False]",0,"['G3', 'F3', 'E3', 'D3', 'C3', 'B2', 'A2', 'G2', 'F2', 'E2']","[False, False, False, False, False, False, False, False, False, False]",0,"[7, 5, 4, 2, 0, 11, 9, 7, 5, 4]","[False, False, False, False, False, False, False, False, False, False]",0,"[130.8, 146.8, 164.8, 174.6, 196.0, 220.0, 246.9, 261.6, 293.7, 329.6]","[False, False, False, False, False, False, False, False, False, False]",0,0,52 53 55 57 55 53 52 50 48 47,G3 F3 E3 D3 C3 B2 A2 G2 F2 E2,sol fa mi re do si la sol fa mi,130.8 146.8 164.8 174.6 196.0 220.0 246.9 261.6 293.7 329.6,2,2,medium,500,5000,similar,trombone,"['trombone', 'trombone']",trombone,0,"[5, 10]",trombone,instrument,/home/hsnu2/PitchBench/data/audio/pitchbench_f1_melodic_line_id/poly2_9fb0c768138fdb_n2_x2_medium_similar_trombone_t0_total5000ms.wav,poly2_9fb0c768138fdb_n2_x2_medium_similar_trombone_t0_total5000ms.wav,"You will hear 2 simultaneous melodic lines, all played with the same instrument, each in a distinct pitch register from highest to lowest. Every line plays continuously: each line always sustains a note, and consecutive notes flow directly into one another with no silence. The lines have different rhythms and numbers of notes, and individual note durations also vary within each line. Focus only on the lowest melodic line. That line has exactly 10 notes. List all 10 MIDI note numbers in order from first to last. Reply with ONLY the integers separated by spaces. Nothing else. Output only the answer.","You will hear 2 simultaneous melodic lines, all played with the same instrument, each in a distinct pitch register from highest to lowest. Every line plays continuously: each line always sustains a note, and consecutive notes flow directly into one another with no silence. The lines have different rhythms and numbers of notes, and individual note durations also vary within each line. Focus only on the lowest melodic line. That line has exactly 10 notes. List all 10 note names in order from first to last. Reply with ONLY the note names expressed in Scientific Pitch Notation, separated by spaces (e.g. C5 D#5 E5). Nothing else. Output only the answer.","You will hear 2 simultaneous melodic lines, all played with the same instrument, each in a distinct pitch register from highest to lowest. Every line plays continuously: each line always sustains a note, and consecutive notes flow directly into one another with no silence. The lines have different rhythms and numbers of notes, and individual note durations also vary within each line. Focus only on the lowest melodic line. That line has exactly 10 notes. List all 10 solfège syllable and accidentals (if needed) in order from first to last (fixed-do: do=C re=D mi=E fa=F sol=G la=A si=B; include sharps e.g. do# re#). Reply with ONLY the syllable and accidentals (if needed) separated by spaces. Nothing else. Output only the answer.","You will hear 2 simultaneous melodic lines, all played with the same instrument, each in a distinct pitch register from highest to lowest. Every line plays continuously: each line always sustains a note, and consecutive notes flow directly into one another with no silence. The lines have different rhythms and numbers of notes, and individual note durations also vary within each line. Focus only on the lowest melodic line. That line has exactly 10 notes. List the main pitch frequency in Hertz of all 10 notes in order from first to last. Reply with ONLY the frequencies in Hz separated by spaces (e.g. 261.6 329.6 392.0). Nothing else. Output only the answer."
10,"[74, 79, 82, 83, 78, 77, 80, 75, 72, 81]","['D5', 'G5', 'A#5', 'B5', 'F#5', 'F5', 'G#5', 'D#5', 'C5', 'A5']","['re', 'sol', 'la#', 'si', 'fa#', 'fa', 'sol#', 're#', 'do', 'la']","[587.3295, 783.9909, 932.3275, 987.7666, 739.9888, 698.4565, 830.6094, 622.254, 523.2511, 880.0]","[72, 74, 76, 77, 79, 81, 79, 77, 76, 74]","[False, False, False, False, False, False, False, False, False, False]",0,"['E6', 'F6', 'G6', 'A6', 'G6', 'F6', 'E6', 'D6', 'C6', 'B5']","[False, False, False, False, False, False, False, False, False, False]",0,"[7, 7, 5, 4, 5, 7, 9, 7, 5, 4]","[False, True, False, False, False, False, False, False, False, False]",0,"[440.0, 392.0, 440.0, 349.0, 392.0, 440.0, 392.0, 349.0, 392.0, 440.0]","[False, False, False, False, False, False, False, False, False, False]",0,0,72 74 76 77 79 81 79 77 76 74,E6 F6 G6 A6 G6 F6 E6 D6 C6 B5,sol sol fa mi fa sol la sol fa mi,440 392 440 349 392 440 392 349 392 440,2,1,slow,1000,10000,similar,trombone,"['trombone', 'trombone']",trombone,0,"[10, 4]",trombone,instrument,/home/hsnu2/PitchBench/data/audio/pitchbench_f1_melodic_line_id/poly2_728fe50cdddd31_n2_x1_slow_similar_trombone_t0_total10000ms.wav,poly2_728fe50cdddd31_n2_x1_slow_similar_trombone_t0_total10000ms.wav,"You will hear 2 simultaneous melodic lines, all played with the same instrument, each in a distinct pitch register from highest to lowest. Every line plays continuously: each line always sustains a note, and consecutive notes flow directly into one another with no silence. The lines have different rhythms and numbers of notes, and individual note durations also vary within each line. Focus only on the highest melodic line. That line has exactly 10 notes. List all 10 MIDI note numbers in order from first to last. Reply with ONLY the integers separated by spaces. Nothing else. Output only the answer.","You will hear 2 simultaneous melodic lines, all played with the same instrument, each in a distinct pitch register from highest to lowest. Every line plays continuously: each line always sustains a note, and consecutive notes flow directly into one another with no silence. The lines have different rhythms and numbers of notes, and individual note durations also vary within each line. Focus only on the highest melodic line. That line has exactly 10 notes. List all 10 note names in order from first to last. Reply with ONLY the note names expressed in Scientific Pitch Notation, separated by spaces (e.g. C5 D#5 E5). Nothing else. Output only the answer.","You will hear 2 simultaneous melodic lines, all played with the same instrument, each in a distinct pitch register from highest to lowest. Every line plays continuously: each line always sustains a note, and consecutive notes flow directly into one another with no silence. The lines have different rhythms and numbers of notes, and individual note durations also vary within each line. Focus only on the highest melodic line. That line has exactly 10 notes. List all 10 solfège syllable and accidentals (if needed) in order from first to last (fixed-do: do=C re=D mi=E fa=F sol=G la=A si=B; include sharps e.g. do# re#). Reply with ONLY the syllable and accidentals (if needed) separated by spaces. Nothing else. Output only the answer.","You will hear 2 simultaneous melodic lines, all played with the same instrument, each in a distinct pitch register from highest to lowest. Every line plays continuously: each line always sustains a note, and consecutive notes flow directly into one another with no silence. The lines have different rhythms and numbers of notes, and individual note durations also vary within each line. Focus only on the highest melodic line. That line has exactly 10 notes. List the main pitch frequency in Hertz of all 10 notes in order from first to last. Reply with ONLY the frequencies in Hz separated by spaces (e.g. 261.6 329.6 392.0). Nothing else. Output only the answer."
10,"[74, 81, 79, 80, 72, 77, 75, 73, 82, 76]","['D5', 'A5', 'G5', 'G#5', 'C5', 'F5', 'D#5', 'C#5', 'A#5', 'E5']","['re', 'la', 'sol', 'sol#', 'do', 'fa', 're#', 'do#', 'la#', 'mi']","[587.3295, 880.0, 783.9909, 830.6094, 523.2511, 698.4565, 622.254, 554.3653, 932.3275, 659.2551]","[72, 74, 76, 77, 79, 81, 83, 84, 86, 88]","[False, False, False, False, False, False, False, False, False, False]",0,"['E6', 'F6', 'G6', 'A6', 'G6', 'F6', 'E6', 'D6', 'C6', 'B5']","[False, False, False, False, False, False, False, False, False, False]",0,"[7, 7, 5, 4, 2, 2, 0, 11, 9, 7]","[False, False, False, False, False, False, False, False, False, False]",0,"[440.0, 392.0, 440.0, 349.0, 392.0, 440.0, 392.0, 349.0, 392.0, 440.0]","[False, False, False, False, False, False, False, False, False, False]",0,0,72 74 76 77 79 81 83 84 86 88,E6 F6 G6 A6 G6 F6 E6 D6 C6 B5,sol sol fa mi re re do si la sol,440 392 440 349 392 440 392 349 392 440,2,1,medium,500,5000,similar,trombone,"['trombone', 'trombone']",trombone,1,"[10, 2]",trombone,instrument,/home/hsnu2/PitchBench/data/audio/pitchbench_f1_melodic_line_id/poly2_14976e8edd88b8_n2_x1_medium_similar_trombone_t1_total5000ms.wav,poly2_14976e8edd88b8_n2_x1_medium_similar_trombone_t1_total5000ms.wav,"You will hear 2 simultaneous melodic lines, all played with the same instrument, each in a distinct pitch register from highest to lowest. Every line plays continuously: each line always sustains a note, and consecutive notes flow directly into one another with no silence. The lines have different rhythms and numbers of notes, and individual note durations also vary within each line. Focus only on the highest melodic line. That line has exactly 10 notes. List all 10 MIDI note numbers in order from first to last. Reply with ONLY the integers separated by spaces. Nothing else. Output only the answer.","You will hear 2 simultaneous melodic lines, all played with the same instrument, each in a distinct pitch register from highest to lowest. Every line plays continuously: each line always sustains a note, and consecutive notes flow directly into one another with no silence. The lines have different rhythms and numbers of notes, and individual note durations also vary within each line. Focus only on the highest melodic line. That line has exactly 10 notes. List all 10 note names in order from first to last. Reply with ONLY the note names expressed in Scientific Pitch Notation, separated by spaces (e.g. C5 D#5 E5). Nothing else. Output only the answer.","You will hear 2 simultaneous melodic lines, all played with the same instrument, each in a distinct pitch register from highest to lowest. Every line plays continuously: each line always sustains a note, and consecutive notes flow directly into one another with no silence. The lines have different rhythms and numbers of notes, and individual note durations also vary within each line. Focus only on the highest melodic line. That line has exactly 10 notes. List all 10 solfège syllable and accidentals (if needed) in order from first to last (fixed-do: do=C re=D mi=E fa=F sol=G la=A si=B; include sharps e.g. do# re#). Reply with ONLY the syllable and accidentals (if needed) separated by spaces. Nothing else. Output only the answer.","You will hear 2 simultaneous melodic lines, all played with the same instrument, each in a distinct pitch register from highest to lowest. Every line plays continuously: each line always sustains a note, and consecutive notes flow directly into one another with no silence. The lines have different rhythms and numbers of notes, and individual note durations also vary within each line. Focus only on the highest melodic line. That line has exactly 10 notes. List the main pitch frequency in Hertz of all 10 notes in order from first to last. Reply with ONLY the frequencies in Hz separated by spaces (e.g. 261.6 329.6 392.0). Nothing else. Output only the answer."
10,"[70, 64, 62, 61, 63, 60, 67, 65, 71, 69]","['A#4', 'E4', 'D4', 'C#4', 'D#4', 'C4', 'G4', 'F4', 'B4', 'A4']","['la#', 'mi', 're', 'do#', 're#', 'do', 'sol', 'fa', 'si', 'la']","[466.1638, 329.6276, 293.6648, 277.1826, 311.127, 261.6256, 391.9954, 349.2282, 493.8833, 440.0]","[52, 53, 55, 57, 55, 53, 52, 50, 48, 47]","[False, False, False, False, False, False, False, False, False, False]",0,"['G4', 'F4', 'E4', 'D4', 'C4', 'B3', 'A3', 'G3', 'F3', 'E3']","[False, False, False, False, False, False, False, False, False, False]",0,"[7, 7, 5, 4, 4, 2, 2, 0, 2, 0]","[False, False, False, False, False, False, False, False, False, False]",0,"[110.0, 98.0, 87.3, 92.5, 82.4, 87.3, 73.4, 77.8, 65.4, 69.3]","[False, False, False, False, False, False, False, False, False, False]",0,0,52 53 55 57 55 53 52 50 48 47,G4 F4 E4 D4 C4 B3 A3 G3 F3 E3,sol sol fa mi mi re re do re do,110.0 98.0 87.3 92.5 82.4 87.3 73.4 77.8 65.4 69.3,2,2,slow,1000,10000,similar,trombone,"['trombone', 'trombone']",trombone,1,"[5, 10]",trombone,instrument,/home/hsnu2/PitchBench/data/audio/pitchbench_f1_melodic_line_id/poly2_a068d335c1fa1d_n2_x2_slow_similar_trombone_t1_total10000ms.wav,poly2_a068d335c1fa1d_n2_x2_slow_similar_trombone_t1_total10000ms.wav,"You will hear 2 simultaneous melodic lines, all played with the same instrument, each in a distinct pitch register from highest to lowest. Every line plays continuously: each line always sustains a note, and consecutive notes flow directly into one another with no silence. The lines have different rhythms and numbers of notes, and individual note durations also vary within each line. Focus only on the lowest melodic line. That line has exactly 10 notes. List all 10 MIDI note numbers in order from first to last. Reply with ONLY the integers separated by spaces. Nothing else. Output only the answer.","You will hear 2 simultaneous melodic lines, all played with the same instrument, each in a distinct pitch register from highest to lowest. Every line plays continuously: each line always sustains a note, and consecutive notes flow directly into one another with no silence. The lines have different rhythms and numbers of notes, and individual note durations also vary within each line. Focus only on the lowest melodic line. That line has exactly 10 notes. List all 10 note names in order from first to last. Reply with ONLY the note names expressed in Scientific Pitch Notation, separated by spaces (e.g. C5 D#5 E5). Nothing else. Output only the answer.","You will hear 2 simultaneous melodic lines, all played with the same instrument, each in a distinct pitch register from highest to lowest. Every line plays continuously: each line always sustains a note, and consecutive notes flow directly into one another with no silence. The lines have different rhythms and numbers of notes, and individual note durations also vary within each line. Focus only on the lowest melodic line. That line has exactly 10 notes. List all 10 solfège syllable and accidentals (if needed) in order from first to last (fixed-do: do=C re=D mi=E fa=F sol=G la=A si=B; include sharps e.g. do# re#). Reply with ONLY the syllable and accidentals (if needed) separated by spaces. Nothing else. Output only the answer.","You will hear 2 simultaneous melodic lines, all played with the same instrument, each in a distinct pitch register from highest to lowest. Every line plays continuously: each line always sustains a note, and consecutive notes flow directly into one another with no silence. The lines have different rhythms and numbers of notes, and individual note durations also vary within each line. Focus only on the lowest melodic line. That line has exactly 10 notes. List the main pitch frequency in Hertz of all 10 notes in order from first to last. Reply with ONLY the frequencies in Hz separated by spaces (e.g. 261.6 329.6 392.0). Nothing else. Output only the answer."
10,"[70, 67, 65, 61, 71, 66, 62, 68, 69, 60]","['A#4', 'G4', 'F4', 'C#4', 'B4', 'F#4', 'D4', 'G#4', 'A4', 'C4']","['la#', 'sol', 'fa', 'do#', 'si', 'fa#', 're', 'sol#', 'la', 'do']","[466.1638, 391.9954, 349.2282, 277.1826, 493.8833, 369.9944, 293.6648, 415.3047, 440.0, 261.6256]","[48, 50, 52, 53, 55, 57, 55, 53, 52, 50]","[False, False, False, False, False, False, False, False, False, False]",0,"['F4', 'G4', 'A4', 'B3', 'C4', 'D4', 'E4', 'F4', 'G4', 'A3']","[False, True, False, False, False, False, False, False, False, False]",0,"[7, 7, 5, 4, 4, 2, 2, 0, 2, 0]","[False, True, True, False, False, False, True, False, False, True]",0,"[130.8, 146.8, 164.8, 174.6, 196.0, 220.0, 246.9, 261.6, 293.7, 329.6]","[False, False, False, False, False, False, False, False, False, False]",0,0,48 50 52 53 55 57 55 53 52 50,F4 G4 A4 B3 C4 D4 E4 F4 G4 A3,sol sol fa mi mi re re do re do,130.8 146.8 164.8 174.6 196.0 220.0 246.9 261.6 293.7 329.6,2,2,medium,500,5000,similar,trumpet,"['trumpet', 'trumpet']",trumpet,0,"[5, 10]",trumpet,instrument,/home/hsnu2/PitchBench/data/audio/pitchbench_f1_melodic_line_id/poly2_afc9077ba4b766_n2_x2_medium_similar_trumpet_t0_total5000ms.wav,poly2_afc9077ba4b766_n2_x2_medium_similar_trumpet_t0_total5000ms.wav,"You will hear 2 simultaneous melodic lines, all played with the same instrument, each in a distinct pitch register from highest to lowest. Every line plays continuously: each line always sustains a note, and consecutive notes flow directly into one another with no silence. The lines have different rhythms and numbers of notes, and individual note durations also vary within each line. Focus only on the lowest melodic line. That line has exactly 10 notes. List all 10 MIDI note numbers in order from first to last. Reply with ONLY the integers separated by spaces. Nothing else. Output only the answer.","You will hear 2 simultaneous melodic lines, all played with the same instrument, each in a distinct pitch register from highest to lowest. Every line plays continuously: each line always sustains a note, and consecutive notes flow directly into one another with no silence. The lines have different rhythms and numbers of notes, and individual note durations also vary within each line. Focus only on the lowest melodic line. That line has exactly 10 notes. List all 10 note names in order from first to last. Reply with ONLY the note names expressed in Scientific Pitch Notation, separated by spaces (e.g. C5 D#5 E5). Nothing else. Output only the answer.","You will hear 2 simultaneous melodic lines, all played with the same instrument, each in a distinct pitch register from highest to lowest. Every line plays continuously: each line always sustains a note, and consecutive notes flow directly into one another with no silence. The lines have different rhythms and numbers of notes, and individual note durations also vary within each line. Focus only on the lowest melodic line. That line has exactly 10 notes. List all 10 solfège syllable and accidentals (if needed) in order from first to last (fixed-do: do=C re=D mi=E fa=F sol=G la=A si=B; include sharps e.g. do# re#). Reply with ONLY the syllable and accidentals (if needed) separated by spaces. Nothing else. Output only the answer.","You will hear 2 simultaneous melodic lines, all played with the same instrument, each in a distinct pitch register from highest to lowest. Every line plays continuously: each line always sustains a note, and consecutive notes flow directly into one another with no silence. The lines have different rhythms and numbers of notes, and individual note durations also vary within each line. Focus only on the lowest melodic line. That line has exactly 10 notes. List the main pitch frequency in Hertz of all 10 notes in order from first to last. Reply with ONLY the frequencies in Hz separated by spaces (e.g. 261.6 329.6 392.0). Nothing else. Output only the answer."
10,"[74, 79, 82, 83, 78, 77, 80, 75, 72, 81]","['D5', 'G5', 'A#5', 'B5', 'F#5', 'F5', 'G#5', 'D#5', 'C5', 'A5']","['re', 'sol', 'la#', 'si', 'fa#', 'fa', 'sol#', 're#', 'do', 'la']","[587.3295, 783.9909, 932.3275, 987.7666, 739.9888, 698.4565, 830.6094, 622.254, 523.2511, 880.0]","[83, 81, 79, 77, 76, 74, 72, 71, 69, 67]","[False, False, False, False, False, False, False, False, False, False]",0,"['E6', 'F6', 'G6', 'A6', 'G6', 'F6', 'E6', 'D6', 'C6', 'B5']","[False, False, False, False, False, False, False, False, False, False]",0,"[4, 5, 7, 5, 4, 2, 0, 11, 9, 7]","[False, False, False, False, False, False, False, False, False, False]",0,"[880.0, 830.6, 784.0, 740.0, 698.5, 659.3, 622.3, 587.3, 554.4, 523.3]","[False, False, False, False, False, False, False, False, False, False]",0,0,83 81 79 77 76 74 72 71 69 67,E6 F6 G6 A6 G6 F6 E6 D6 C6 B5,mi fa sol fa mi re do si la sol,880.0 830.6 784.0 740.0 698.5 659.3 622.3 587.3 554.4 523.3,2,1,slow,1000,10000,similar,trumpet,"['trumpet', 'trumpet']",trumpet,0,"[10, 4]",trumpet,instrument,/home/hsnu2/PitchBench/data/audio/pitchbench_f1_melodic_line_id/poly2_d5d2b1f08efdde_n2_x1_slow_similar_trumpet_t0_total10000ms.wav,poly2_d5d2b1f08efdde_n2_x1_slow_similar_trumpet_t0_total10000ms.wav,"You will hear 2 simultaneous melodic lines, all played with the same instrument, each in a distinct pitch register from highest to lowest. Every line plays continuously: each line always sustains a note, and consecutive notes flow directly into one another with no silence. The lines have different rhythms and numbers of notes, and individual note durations also vary within each line. Focus only on the highest melodic line. That line has exactly 10 notes. List all 10 MIDI note numbers in order from first to last. Reply with ONLY the integers separated by spaces. Nothing else. Output only the answer.","You will hear 2 simultaneous melodic lines, all played with the same instrument, each in a distinct pitch register from highest to lowest. Every line plays continuously: each line always sustains a note, and consecutive notes flow directly into one another with no silence. The lines have different rhythms and numbers of notes, and individual note durations also vary within each line. Focus only on the highest melodic line. That line has exactly 10 notes. List all 10 note names in order from first to last. Reply with ONLY the note names expressed in Scientific Pitch Notation, separated by spaces (e.g. C5 D#5 E5). Nothing else. Output only the answer.","You will hear 2 simultaneous melodic lines, all played with the same instrument, each in a distinct pitch register from highest to lowest. Every line plays continuously: each line always sustains a note, and consecutive notes flow directly into one another with no silence. The lines have different rhythms and numbers of notes, and individual note durations also vary within each line. Focus only on the highest melodic line. That line has exactly 10 notes. List all 10 solfège syllable and accidentals (if needed) in order from first to last (fixed-do: do=C re=D mi=E fa=F sol=G la=A si=B; include sharps e.g. do# re#). Reply with ONLY the syllable and accidentals (if needed) separated by spaces. Nothing else. Output only the answer.","You will hear 2 simultaneous melodic lines, all played with the same instrument, each in a distinct pitch register from highest to lowest. Every line plays continuously: each line always sustains a note, and consecutive notes flow directly into one another with no silence. The lines have different rhythms and numbers of notes, and individual note durations also vary within each line. Focus only on the highest melodic line. That line has exactly 10 notes. List the main pitch frequency in Hertz of all 10 notes in order from first to last. Reply with ONLY the frequencies in Hz separated by spaces (e.g. 261.6 329.6 392.0). Nothing else. Output only the answer."
10,"[60, 71, 68, 64, 63, 67, 70, 65, 61, 66]","['C4', 'B4', 'G#4', 'E4', 'D#4', 'G4', 'A#4', 'F4', 'C#4', 'F#4']","['do', 'si', 'sol#', 'mi', 're#', 'sol', 'la#', 'fa', 'do#', 'fa#']","[261.6256, 493.8833, 415.3047, 329.6276, 311.127, 391.9954, 466.1638, 349.2282, 277.1826, 369.9944]","[48, 50, 52, 53, 55, 57, 55, 53, 52, 50]","[False, False, False, False, False, False, False, False, False, False]",0,"['G4', 'F4', 'E4', 'D4', 'C4', 'B3', 'A3', 'G3', 'F3', 'E3']","[False, False, False, False, False, False, False, False, False, False]",0,"[7, 5, 4, 2, 0, 11, 9, 7, 5, 4]","[False, False, False, False, False, False, False, False, False, False]",0,"[196.0, 220.0, 246.9, 220.0, 196.0, 174.6, 196.0, 146.8, 164.8, 130.8]","[False, False, False, False, False, False, False, False, False, False]",0,0,48 50 52 53 55 57 55 53 52 50,G4 F4 E4 D4 C4 B3 A3 G3 F3 E3,sol fa mi re do si la sol fa mi,196.0 220.0 246.9 220.0 196.0 174.6 196.0 146.8 164.8 130.8,2,2,slow,1000,10000,similar,trumpet,"['trumpet', 'trumpet']",trumpet,0,"[20, 10]",trumpet,instrument,/home/hsnu2/PitchBench/data/audio/pitchbench_f1_melodic_line_id/poly2_6c94eeab27749c_n2_x2_slow_similar_trumpet_t0_total10000ms.wav,poly2_6c94eeab27749c_n2_x2_slow_similar_trumpet_t0_total10000ms.wav,"You will hear 2 simultaneous melodic lines, all played with the same instrument, each in a distinct pitch register from highest to lowest. Every line plays continuously: each line always sustains a note, and consecutive notes flow directly into one another with no silence. The lines have different rhythms and numbers of notes, and individual note durations also vary within each line. Focus only on the lowest melodic line. That line has exactly 10 notes. List all 10 MIDI note numbers in order from first to last. Reply with ONLY the integers separated by spaces. Nothing else. Output only the answer.","You will hear 2 simultaneous melodic lines, all played with the same instrument, each in a distinct pitch register from highest to lowest. Every line plays continuously: each line always sustains a note, and consecutive notes flow directly into one another with no silence. The lines have different rhythms and numbers of notes, and individual note durations also vary within each line. Focus only on the lowest melodic line. That line has exactly 10 notes. List all 10 note names in order from first to last. Reply with ONLY the note names expressed in Scientific Pitch Notation, separated by spaces (e.g. C5 D#5 E5). Nothing else. Output only the answer.","You will hear 2 simultaneous melodic lines, all played with the same instrument, each in a distinct pitch register from highest to lowest. Every line plays continuously: each line always sustains a note, and consecutive notes flow directly into one another with no silence. The lines have different rhythms and numbers of notes, and individual note durations also vary within each line. Focus only on the lowest melodic line. That line has exactly 10 notes. List all 10 solfège syllable and accidentals (if needed) in order from first to last (fixed-do: do=C re=D mi=E fa=F sol=G la=A si=B; include sharps e.g. do# re#). Reply with ONLY the syllable and accidentals (if needed) separated by spaces. Nothing else. Output only the answer.","You will hear 2 simultaneous melodic lines, all played with the same instrument, each in a distinct pitch register from highest to lowest. Every line plays continuously: each line always sustains a note, and consecutive notes flow directly into one another with no silence. The lines have different rhythms and numbers of notes, and individual note durations also vary within each line. Focus only on the lowest melodic line. That line has exactly 10 notes. List the main pitch frequency in Hertz of all 10 notes in order from first to last. Reply with ONLY the frequencies in Hz separated by spaces (e.g. 261.6 329.6 392.0). Nothing else. Output only the answer."
10,"[78, 72, 73, 76, 83, 74, 81, 75, 80, 79]","['F#5', 'C5', 'C#5', 'E5', 'B5', 'D5', 'A5', 'D#5', 'G#5', 'G5']","['fa#', 'do', 'do#', 'mi', 'si', 're', 'la', 're#', 'sol#', 'sol']","[739.9888, 523.2511, 554.3653, 659.2551, 987.7666, 587.3295, 880.0, 622.254, 830.6094, 783.9909]","[83, 81, 79, 77, 76, 74, 72, 71, 69, 67]","[False, False, False, False, False, True, False, False, False, False]",0,"['E6', 'F6', 'G6', 'A6', 'G6', 'F6', 'E6', 'D6', 'C6', 'B5']","[False, False, False, False, False, False, False, False, False, False]",0,"[7, 7, 5, 4, 5, 7, 9, 7, 5, 4]","[False, False, False, True, False, False, True, False, False, False]",0,"[440.0, 392.0, 349.0, 392.0, 440.0, 349.0, 392.0, 440.0, 392.0, 349.0]","[False, False, False, False, False, False, False, False, False, False]",0,0,83 81 79 77 76 74 72 71 69 67,E6 F6 G6 A6 G6 F6 E6 D6 C6 B5,sol sol fa mi fa sol la sol fa mi,440 392 349 392 440 349 392 440 392 349,2,1,medium,500,5000,similar,trumpet,"['trumpet', 'trumpet']",trumpet,0,"[10, 9]",trumpet,instrument,/home/hsnu2/PitchBench/data/audio/pitchbench_f1_melodic_line_id/poly2_b4c080b87b452c_n2_x1_medium_similar_trumpet_t0_total5000ms.wav,poly2_b4c080b87b452c_n2_x1_medium_similar_trumpet_t0_total5000ms.wav,"You will hear 2 simultaneous melodic lines, all played with the same instrument, each in a distinct pitch register from highest to lowest. Every line plays continuously: each line always sustains a note, and consecutive notes flow directly into one another with no silence. The lines have different rhythms and numbers of notes, and individual note durations also vary within each line. Focus only on the highest melodic line. That line has exactly 10 notes. List all 10 MIDI note numbers in order from first to last. Reply with ONLY the integers separated by spaces. Nothing else. Output only the answer.","You will hear 2 simultaneous melodic lines, all played with the same instrument, each in a distinct pitch register from highest to lowest. Every line plays continuously: each line always sustains a note, and consecutive notes flow directly into one another with no silence. The lines have different rhythms and numbers of notes, and individual note durations also vary within each line. Focus only on the highest melodic line. That line has exactly 10 notes. List all 10 note names in order from first to last. Reply with ONLY the note names expressed in Scientific Pitch Notation, separated by spaces (e.g. C5 D#5 E5). Nothing else. Output only the answer.","You will hear 2 simultaneous melodic lines, all played with the same instrument, each in a distinct pitch register from highest to lowest. Every line plays continuously: each line always sustains a note, and consecutive notes flow directly into one another with no silence. The lines have different rhythms and numbers of notes, and individual note durations also vary within each line. Focus only on the highest melodic line. That line has exactly 10 notes. List all 10 solfège syllable and accidentals (if needed) in order from first to last (fixed-do: do=C re=D mi=E fa=F sol=G la=A si=B; include sharps e.g. do# re#). Reply with ONLY the syllable and accidentals (if needed) separated by spaces. Nothing else. Output only the answer.","You will hear 2 simultaneous melodic lines, all played with the same instrument, each in a distinct pitch register from highest to lowest. Every line plays continuously: each line always sustains a note, and consecutive notes flow directly into one another with no silence. The lines have different rhythms and numbers of notes, and individual note durations also vary within each line. Focus only on the highest melodic line. That line has exactly 10 notes. List the main pitch frequency in Hertz of all 10 notes in order from first to last. Reply with ONLY the frequencies in Hz separated by spaces (e.g. 261.6 329.6 392.0). Nothing else. Output only the answer."
10,"[70, 64, 62, 61, 63, 60, 67, 65, 71, 69]","['A#4', 'E4', 'D4', 'C#4', 'D#4', 'C4', 'G4', 'F4', 'B4', 'A4']","['la#', 'mi', 're', 'do#', 're#', 'do', 'sol', 'fa', 'si', 'la']","[466.1638, 329.6276, 293.6648, 277.1826, 311.127, 261.6256, 391.9954, 349.2282, 493.8833, 440.0]","[48, 50, 52, 53, 55, 57, 55, 53, 52, 50]","[False, False, False, False, False, False, False, False, False, False]",0,"['G4', 'F4', 'E4', 'D4', 'C4', 'B3', 'A3', 'G3', 'F3', 'E3']","[False, False, False, False, False, False, False, False, False, False]",0,"[7, 5, 4, 2, 0, 11, 9, 7, 5, 4]","[False, False, False, False, False, False, False, False, False, False]",0,"[130.8, 146.8, 164.8, 174.6, 196.0, 220.0, 246.9, 261.6, 293.7, 329.6]","[False, False, False, False, False, False, False, False, False, False]",0,0,48 50 52 53 55 57 55 53 52 50,G4 F4 E4 D4 C4 B3 A3 G3 F3 E3,sol fa mi re do si la sol fa mi,130.8 146.8 164.8 174.6 196.0 220.0 246.9 261.6 293.7 329.6,2,2,slow,1000,10000,similar,trumpet,"['trumpet', 'trumpet']",trumpet,1,"[5, 10]",trumpet,instrument,/home/hsnu2/PitchBench/data/audio/pitchbench_f1_melodic_line_id/poly2_df84ee564137bb_n2_x2_slow_similar_trumpet_t1_total10000ms.wav,poly2_df84ee564137bb_n2_x2_slow_similar_trumpet_t1_total10000ms.wav,"You will hear 2 simultaneous melodic lines, all played with the same instrument, each in a distinct pitch register from highest to lowest. Every line plays continuously: each line always sustains a note, and consecutive notes flow directly into one another with no silence. The lines have different rhythms and numbers of notes, and individual note durations also vary within each line. Focus only on the lowest melodic line. That line has exactly 10 notes. List all 10 MIDI note numbers in order from first to last. Reply with ONLY the integers separated by spaces. Nothing else. Output only the answer.","You will hear 2 simultaneous melodic lines, all played with the same instrument, each in a distinct pitch register from highest to lowest. Every line plays continuously: each line always sustains a note, and consecutive notes flow directly into one another with no silence. The lines have different rhythms and numbers of notes, and individual note durations also vary within each line. Focus only on the lowest melodic line. That line has exactly 10 notes. List all 10 note names in order from first to last. Reply with ONLY the note names expressed in Scientific Pitch Notation, separated by spaces (e.g. C5 D#5 E5). Nothing else. Output only the answer.","You will hear 2 simultaneous melodic lines, all played with the same instrument, each in a distinct pitch register from highest to lowest. Every line plays continuously: each line always sustains a note, and consecutive notes flow directly into one another with no silence. The lines have different rhythms and numbers of notes, and individual note durations also vary within each line. Focus only on the lowest melodic line. That line has exactly 10 notes. List all 10 solfège syllable and accidentals (if needed) in order from first to last (fixed-do: do=C re=D mi=E fa=F sol=G la=A si=B; include sharps e.g. do# re#). Reply with ONLY the syllable and accidentals (if needed) separated by spaces. Nothing else. Output only the answer.","You will hear 2 simultaneous melodic lines, all played with the same instrument, each in a distinct pitch register from highest to lowest. Every line plays continuously: each line always sustains a note, and consecutive notes flow directly into one another with no silence. The lines have different rhythms and numbers of notes, and individual note durations also vary within each line. Focus only on the lowest melodic line. That line has exactly 10 notes. List the main pitch frequency in Hertz of all 10 notes in order from first to last. Reply with ONLY the frequencies in Hz separated by spaces (e.g. 261.6 329.6 392.0). Nothing else. Output only the answer."
10,"[74, 81, 79, 80, 72, 77, 75, 73, 82, 76]","['D5', 'A5', 'G5', 'G#5', 'C5', 'F5', 'D#5', 'C#5', 'A#5', 'E5']","['re', 'la', 'sol', 'sol#', 'do', 'fa', 're#', 'do#', 'la#', 'mi']","[587.3295, 880.0, 783.9909, 830.6094, 523.2511, 698.4565, 622.254, 554.3653, 932.3275, 659.2551]","[84, 86, 88, 89, 88, 86, 84, 83, 81, 79]","[False, False, False, False, False, False, False, False, False, False]",0,"['E6', 'F6', 'G6', 'A6', 'G6', 'F6', 'E6', 'D6', 'C6', 'B5']","[False, False, False, False, False, False, False, False, False, False]",0,"[4, 5, 4, 2, 0, 11, 9, 11, 0, 2]","[False, False, False, False, True, False, False, False, False, False]",0,"[440.0, 494.0, 523.0, 587.0, 659.0, 698.0, 784.0, 880.0, 988.0, 1047.0]","[False, False, False, False, False, True, False, False, False, False]",0,0,84 86 88 89 88 86 84 83 81 79,E6 F6 G6 A6 G6 F6 E6 D6 C6 B5,mi fa mi re do si la si do re,440 494 523 587 659 698 784 880 988 1047,2,1,medium,500,5000,similar,violin,"['violin', 'violin']",violin,1,"[10, 2]",violin,instrument,/home/hsnu2/PitchBench/data/audio/pitchbench_f1_melodic_line_id/poly2_dc5264a6f771ad_n2_x1_medium_similar_violin_t1_total5000ms.wav,poly2_dc5264a6f771ad_n2_x1_medium_similar_violin_t1_total5000ms.wav,"You will hear 2 simultaneous melodic lines, all played with the same instrument, each in a distinct pitch register from highest to lowest. Every line plays continuously: each line always sustains a note, and consecutive notes flow directly into one another with no silence. The lines have different rhythms and numbers of notes, and individual note durations also vary within each line. Focus only on the highest melodic line. That line has exactly 10 notes. List all 10 MIDI note numbers in order from first to last. Reply with ONLY the integers separated by spaces. Nothing else. Output only the answer.","You will hear 2 simultaneous melodic lines, all played with the same instrument, each in a distinct pitch register from highest to lowest. Every line plays continuously: each line always sustains a note, and consecutive notes flow directly into one another with no silence. The lines have different rhythms and numbers of notes, and individual note durations also vary within each line. Focus only on the highest melodic line. That line has exactly 10 notes. List all 10 note names in order from first to last. Reply with ONLY the note names expressed in Scientific Pitch Notation, separated by spaces (e.g. C5 D#5 E5). Nothing else. Output only the answer.","You will hear 2 simultaneous melodic lines, all played with the same instrument, each in a distinct pitch register from highest to lowest. Every line plays continuously: each line always sustains a note, and consecutive notes flow directly into one another with no silence. The lines have different rhythms and numbers of notes, and individual note durations also vary within each line. Focus only on the highest melodic line. That line has exactly 10 notes. List all 10 solfège syllable and accidentals (if needed) in order from first to last (fixed-do: do=C re=D mi=E fa=F sol=G la=A si=B; include sharps e.g. do# re#). Reply with ONLY the syllable and accidentals (if needed) separated by spaces. Nothing else. Output only the answer.","You will hear 2 simultaneous melodic lines, all played with the same instrument, each in a distinct pitch register from highest to lowest. Every line plays continuously: each line always sustains a note, and consecutive notes flow directly into one another with no silence. The lines have different rhythms and numbers of notes, and individual note durations also vary within each line. Focus only on the highest melodic line. That line has exactly 10 notes. List the main pitch frequency in Hertz of all 10 notes in order from first to last. Reply with ONLY the frequencies in Hz separated by spaces (e.g. 261.6 329.6 392.0). Nothing else. Output only the answer."
10,"[70, 64, 62, 61, 63, 60, 67, 65, 71, 69]","['A#4', 'E4', 'D4', 'C#4', 'D#4', 'C4', 'G4', 'F4', 'B4', 'A4']","['la#', 'mi', 're', 'do#', 're#', 'do', 'sol', 'fa', 'si', 'la']","[466.1638, 329.6276, 293.6648, 277.1826, 311.127, 261.6256, 391.9954, 349.2282, 493.8833, 440.0]","[52, 53, 55, 57, 55, 53, 52, 50, 48, 47]","[False, False, False, False, False, False, False, False, False, False]",0,"['G3', 'F3', 'E3', 'D3', 'C3', 'B2', 'A2', 'G2', 'F2', 'E2']","[False, False, False, False, False, False, False, False, False, False]",0,"[7, 7, 5, 4, 4, 2, 2, 0, 2, 0]","[False, False, False, False, False, False, False, False, False, False]",0,"[130.8, 146.8, 164.8, 174.6, 196.0, 220.0, 246.9, 261.6, 293.7, 329.6]","[False, False, False, False, False, False, False, False, False, False]",0,0,52 53 55 57 55 53 52 50 48 47,G3 F3 E3 D3 C3 B2 A2 G2 F2 E2,sol sol fa mi mi re re do re do,130.8 146.8 164.8 174.6 196.0 220.0 246.9 261.6 293.7 329.6,2,2,slow,1000,10000,similar,violin,"['violin', 'violin']",violin,1,"[5, 10]",violin,instrument,/home/hsnu2/PitchBench/data/audio/pitchbench_f1_melodic_line_id/poly2_693a035beb6c93_n2_x2_slow_similar_violin_t1_total10000ms.wav,poly2_693a035beb6c93_n2_x2_slow_similar_violin_t1_total10000ms.wav,"You will hear 2 simultaneous melodic lines, all played with the same instrument, each in a distinct pitch register from highest to lowest. Every line plays continuously: each line always sustains a note, and consecutive notes flow directly into one another with no silence. The lines have different rhythms and numbers of notes, and individual note durations also vary within each line. Focus only on the lowest melodic line. That line has exactly 10 notes. List all 10 MIDI note numbers in order from first to last. Reply with ONLY the integers separated by spaces. Nothing else. Output only the answer.","You will hear 2 simultaneous melodic lines, all played with the same instrument, each in a distinct pitch register from highest to lowest. Every line plays continuously: each line always sustains a note, and consecutive notes flow directly into one another with no silence. The lines have different rhythms and numbers of notes, and individual note durations also vary within each line. Focus only on the lowest melodic line. That line has exactly 10 notes. List all 10 note names in order from first to last. Reply with ONLY the note names expressed in Scientific Pitch Notation, separated by spaces (e.g. C5 D#5 E5). Nothing else. Output only the answer.","You will hear 2 simultaneous melodic lines, all played with the same instrument, each in a distinct pitch register from highest to lowest. Every line plays continuously: each line always sustains a note, and consecutive notes flow directly into one another with no silence. The lines have different rhythms and numbers of notes, and individual note durations also vary within each line. Focus only on the lowest melodic line. That line has exactly 10 notes. List all 10 solfège syllable and accidentals (if needed) in order from first to last (fixed-do: do=C re=D mi=E fa=F sol=G la=A si=B; include sharps e.g. do# re#). Reply with ONLY the syllable and accidentals (if needed) separated by spaces. Nothing else. Output only the answer.","You will hear 2 simultaneous melodic lines, all played with the same instrument, each in a distinct pitch register from highest to lowest. Every line plays continuously: each line always sustains a note, and consecutive notes flow directly into one another with no silence. The lines have different rhythms and numbers of notes, and individual note durations also vary within each line. Focus only on the lowest melodic line. That line has exactly 10 notes. List the main pitch frequency in Hertz of all 10 notes in order from first to last. Reply with ONLY the frequencies in Hz separated by spaces (e.g. 261.6 329.6 392.0). Nothing else. Output only the answer."
10,"[74, 79, 82, 83, 78, 77, 80, 75, 72, 81]","['D5', 'G5', 'A#5', 'B5', 'F#5', 'F5', 'G#5', 'D#5', 'C5', 'A5']","['re', 'sol', 'la#', 'si', 'fa#', 'fa', 'sol#', 're#', 'do', 'la']","[587.3295, 783.9909, 932.3275, 987.7666, 739.9888, 698.4565, 830.6094, 622.254, 523.2511, 880.0]","[84, 83, 81, 79, 77, 76, 74, 72, 71, 69]","[False, False, False, False, False, False, False, False, False, False]",0,"['E6', 'F6', 'G6', 'A6', 'G6', 'F6', 'E6', 'D6', 'C6', 'B5']","[False, False, False, False, False, False, False, False, False, False]",0,"[7, 7, 5, 4, 5, 7, 9, 7, 5, 4]","[False, True, False, False, False, False, False, False, False, False]",0,"[440.0, 392.0, 349.0, 392.0, 440.0, 494.0, 440.0, 392.0, 349.0, 330.0]","[False, False, False, False, False, False, False, False, False, False]",0,0,84 83 81 79 77 76 74 72 71 69,E6 F6 G6 A6 G6 F6 E6 D6 C6 B5,sol sol fa mi fa sol la sol fa mi,440 392 349 392 440 494 440 392 349 330,2,1,slow,1000,10000,similar,violin,"['violin', 'violin']",violin,0,"[10, 4]",violin,instrument,/home/hsnu2/PitchBench/data/audio/pitchbench_f1_melodic_line_id/poly2_459196f3d3d0b5_n2_x1_slow_similar_violin_t0_total10000ms.wav,poly2_459196f3d3d0b5_n2_x1_slow_similar_violin_t0_total10000ms.wav,"You will hear 2 simultaneous melodic lines, all played with the same instrument, each in a distinct pitch register from highest to lowest. Every line plays continuously: each line always sustains a note, and consecutive notes flow directly into one another with no silence. The lines have different rhythms and numbers of notes, and individual note durations also vary within each line. Focus only on the highest melodic line. That line has exactly 10 notes. List all 10 MIDI note numbers in order from first to last. Reply with ONLY the integers separated by spaces. Nothing else. Output only the answer.","You will hear 2 simultaneous melodic lines, all played with the same instrument, each in a distinct pitch register from highest to lowest. Every line plays continuously: each line always sustains a note, and consecutive notes flow directly into one another with no silence. The lines have different rhythms and numbers of notes, and individual note durations also vary within each line. Focus only on the highest melodic line. That line has exactly 10 notes. List all 10 note names in order from first to last. Reply with ONLY the note names expressed in Scientific Pitch Notation, separated by spaces (e.g. C5 D#5 E5). Nothing else. Output only the answer.","You will hear 2 simultaneous melodic lines, all played with the same instrument, each in a distinct pitch register from highest to lowest. Every line plays continuously: each line always sustains a note, and consecutive notes flow directly into one another with no silence. The lines have different rhythms and numbers of notes, and individual note durations also vary within each line. Focus only on the highest melodic line. That line has exactly 10 notes. List all 10 solfège syllable and accidentals (if needed) in order from first to last (fixed-do: do=C re=D mi=E fa=F sol=G la=A si=B; include sharps e.g. do# re#). Reply with ONLY the syllable and accidentals (if needed) separated by spaces. Nothing else. Output only the answer.","You will hear 2 simultaneous melodic lines, all played with the same instrument, each in a distinct pitch register from highest to lowest. Every line plays continuously: each line always sustains a note, and consecutive notes flow directly into one another with no silence. The lines have different rhythms and numbers of notes, and individual note durations also vary within each line. Focus only on the highest melodic line. That line has exactly 10 notes. List the main pitch frequency in Hertz of all 10 notes in order from first to last. Reply with ONLY the frequencies in Hz separated by spaces (e.g. 261.6 329.6 392.0). Nothing else. Output only the answer."
10,"[70, 67, 65, 61, 71, 66, 62, 68, 69, 60]","['A#4', 'G4', 'F4', 'C#4', 'B4', 'F#4', 'D4', 'G#4', 'A4', 'C4']","['la#', 'sol', 'fa', 'do#', 'si', 'fa#', 're', 'sol#', 'la', 'do']","[466.1638, 391.9954, 349.2282, 277.1826, 493.8833, 369.9944, 293.6648, 415.3047, 440.0, 261.6256]","[48, 50, 52, 53, 55, 57, 55, 53, 52, 50]","[False, False, False, False, False, False, False, False, False, False]",0,"['G3', 'F3', 'E3', 'D3', 'C3', 'B2', 'A2', 'G2', 'F2', 'E2']","[False, False, False, False, False, False, False, False, False, False]",0,"[7, 5, 4, 2, 0, 11, 9, 7, 5, 4]","[False, False, False, False, False, False, False, False, False, False]",0,"[196.0, 220.0, 246.9, 220.0, 196.0, 174.6, 196.0, 220.0, 246.9, 220.0]","[False, False, False, False, False, False, False, False, False, False]",0,0,48 50 52 53 55 57 55 53 52 50,G3 F3 E3 D3 C3 B2 A2 G2 F2 E2,sol fa mi re do si la sol fa mi,196.0 220.0 246.9 220.0 196.0 174.6 196.0 220.0 246.9 220.0,2,2,medium,500,5000,similar,violin,"['violin', 'violin']",violin,0,"[5, 10]",violin,instrument,/home/hsnu2/PitchBench/data/audio/pitchbench_f1_melodic_line_id/poly2_ce7538a34f1f69_n2_x2_medium_similar_violin_t0_total5000ms.wav,poly2_ce7538a34f1f69_n2_x2_medium_similar_violin_t0_total5000ms.wav,"You will hear 2 simultaneous melodic lines, all played with the same instrument, each in a distinct pitch register from highest to lowest. Every line plays continuously: each line always sustains a note, and consecutive notes flow directly into one another with no silence. The lines have different rhythms and numbers of notes, and individual note durations also vary within each line. Focus only on the lowest melodic line. That line has exactly 10 notes. List all 10 MIDI note numbers in order from first to last. Reply with ONLY the integers separated by spaces. Nothing else. Output only the answer.","You will hear 2 simultaneous melodic lines, all played with the same instrument, each in a distinct pitch register from highest to lowest. Every line plays continuously: each line always sustains a note, and consecutive notes flow directly into one another with no silence. The lines have different rhythms and numbers of notes, and individual note durations also vary within each line. Focus only on the lowest melodic line. That line has exactly 10 notes. List all 10 note names in order from first to last. Reply with ONLY the note names expressed in Scientific Pitch Notation, separated by spaces (e.g. C5 D#5 E5). Nothing else. Output only the answer.","You will hear 2 simultaneous melodic lines, all played with the same instrument, each in a distinct pitch register from highest to lowest. Every line plays continuously: each line always sustains a note, and consecutive notes flow directly into one another with no silence. The lines have different rhythms and numbers of notes, and individual note durations also vary within each line. Focus only on the lowest melodic line. That line has exactly 10 notes. List all 10 solfège syllable and accidentals (if needed) in order from first to last (fixed-do: do=C re=D mi=E fa=F sol=G la=A si=B; include sharps e.g. do# re#). Reply with ONLY the syllable and accidentals (if needed) separated by spaces. Nothing else. Output only the answer.","You will hear 2 simultaneous melodic lines, all played with the same instrument, each in a distinct pitch register from highest to lowest. Every line plays continuously: each line always sustains a note, and consecutive notes flow directly into one another with no silence. The lines have different rhythms and numbers of notes, and individual note durations also vary within each line. Focus only on the lowest melodic line. That line has exactly 10 notes. List the main pitch frequency in Hertz of all 10 notes in order from first to last. Reply with ONLY the frequencies in Hz separated by spaces (e.g. 261.6 329.6 392.0). Nothing else. Output only the answer."
10,"[76, 78, 74, 73, 81, 72, 83, 75, 80, 79]","['E5', 'F#5', 'D5', 'C#5', 'A5', 'C5', 'B5', 'D#5', 'G#5', 'G5']","['mi', 'fa#', 're', 'do#', 'la', 'do', 'si', 're#', 'sol#', 'sol']","[659.2551, 739.9888, 587.3295, 554.3653, 880.0, 523.2511, 987.7666, 622.254, 830.6094, 783.9909]","[84, 83, 81, 79, 77, 76, 74, 72, 71, 69]","[False, False, False, False, False, False, False, False, False, False]",0,"['E6', 'F#6', 'G6', 'A6', 'B6', 'C7', 'D7', 'E7', 'F#7', 'G7']","[False, False, False, False, False, False, False, False, False, False]",0,"[4, 5, 7, 5, 4, 2, 4, 5, 4, 2]","[True, False, False, False, False, False, False, False, False, False]",0,"[440.0, 392.0, 440.0, 349.0, 392.0, 440.0, 392.0, 349.0, 392.0, 440.0]","[False, False, False, False, False, False, False, False, False, False]",0,0,84 83 81 79 77 76 74 72 71 69,E6 F#6 G6 A6 B6 C7 D7 E7 F#7 G7,mi fa sol fa mi re mi fa mi re,440 392 440 349 392 440 392 349 392 440,2,1,slow,1000,10000,similar,violin,"['violin', 'violin']",violin,1,"[10, 6]",violin,instrument,/home/hsnu2/PitchBench/data/audio/pitchbench_f1_melodic_line_id/poly2_560556fec47f57_n2_x1_slow_similar_violin_t1_total10000ms.wav,poly2_560556fec47f57_n2_x1_slow_similar_violin_t1_total10000ms.wav,"You will hear 2 simultaneous melodic lines, all played with the same instrument, each in a distinct pitch register from highest to lowest. Every line plays continuously: each line always sustains a note, and consecutive notes flow directly into one another with no silence. The lines have different rhythms and numbers of notes, and individual note durations also vary within each line. Focus only on the highest melodic line. That line has exactly 10 notes. List all 10 MIDI note numbers in order from first to last. Reply with ONLY the integers separated by spaces. Nothing else. Output only the answer.","You will hear 2 simultaneous melodic lines, all played with the same instrument, each in a distinct pitch register from highest to lowest. Every line plays continuously: each line always sustains a note, and consecutive notes flow directly into one another with no silence. The lines have different rhythms and numbers of notes, and individual note durations also vary within each line. Focus only on the highest melodic line. That line has exactly 10 notes. List all 10 note names in order from first to last. Reply with ONLY the note names expressed in Scientific Pitch Notation, separated by spaces (e.g. C5 D#5 E5). Nothing else. Output only the answer.","You will hear 2 simultaneous melodic lines, all played with the same instrument, each in a distinct pitch register from highest to lowest. Every line plays continuously: each line always sustains a note, and consecutive notes flow directly into one another with no silence. The lines have different rhythms and numbers of notes, and individual note durations also vary within each line. Focus only on the highest melodic line. That line has exactly 10 notes. List all 10 solfège syllable and accidentals (if needed) in order from first to last (fixed-do: do=C re=D mi=E fa=F sol=G la=A si=B; include sharps e.g. do# re#). Reply with ONLY the syllable and accidentals (if needed) separated by spaces. Nothing else. Output only the answer.","You will hear 2 simultaneous melodic lines, all played with the same instrument, each in a distinct pitch register from highest to lowest. Every line plays continuously: each line always sustains a note, and consecutive notes flow directly into one another with no silence. The lines have different rhythms and numbers of notes, and individual note durations also vary within each line. Focus only on the highest melodic line. That line has exactly 10 notes. List the main pitch frequency in Hertz of all 10 notes in order from first to last. Reply with ONLY the frequencies in Hz separated by spaces (e.g. 261.6 329.6 392.0). Nothing else. Output only the answer."
10,"[60, 71, 68, 64, 63, 67, 70, 65, 61, 66]","['C4', 'B4', 'G#4', 'E4', 'D#4', 'G4', 'A#4', 'F4', 'C#4', 'F#4']","['do', 'si', 'sol#', 'mi', 're#', 'sol', 'la#', 'fa', 'do#', 'fa#']","[261.6256, 493.8833, 415.3047, 329.6276, 311.127, 391.9954, 466.1638, 349.2282, 277.1826, 369.9944]","[52, 53, 55, 57, 55, 53, 52, 50, 48, 47]","[False, False, False, False, False, False, False, False, False, False]",0,"['C4', 'A3', 'G3', 'F3', 'E3', 'D3', 'C3', 'B2', 'A2', 'G2']","[True, False, False, False, False, False, False, False, False, False]",0,"[7, 5, 4, 2, 0, 11, 9, 7, 5, 4]","[False, False, False, False, False, False, False, False, False, False]",0,"[196.0, 220.0, 246.9, 220.0, 196.0, 174.6, 196.0, 146.8, 164.8, 130.8]","[False, False, False, False, False, False, False, False, False, False]",0,0,52 53 55 57 55 53 52 50 48 47,C4 A3 G3 F3 E3 D3 C3 B2 A2 G2,sol fa mi re do si la sol fa mi,196.0 220.0 246.9 220.0 196.0 174.6 196.0 146.8 164.8 130.8,2,2,slow,1000,10000,similar,voice,"['voice', 'voice']",voice,0,"[20, 10]",voice,instrument,/home/hsnu2/PitchBench/data/audio/pitchbench_f1_melodic_line_id/poly2_dd821cb67454c6_n2_x2_slow_similar_voice_t0_total10000ms.wav,poly2_dd821cb67454c6_n2_x2_slow_similar_voice_t0_total10000ms.wav,"You will hear 2 simultaneous melodic lines, all played with the same instrument, each in a distinct pitch register from highest to lowest. Every line plays continuously: each line always sustains a note, and consecutive notes flow directly into one another with no silence. The lines have different rhythms and numbers of notes, and individual note durations also vary within each line. Focus only on the lowest melodic line. That line has exactly 10 notes. List all 10 MIDI note numbers in order from first to last. Reply with ONLY the integers separated by spaces. Nothing else. Output only the answer.","You will hear 2 simultaneous melodic lines, all played with the same instrument, each in a distinct pitch register from highest to lowest. Every line plays continuously: each line always sustains a note, and consecutive notes flow directly into one another with no silence. The lines have different rhythms and numbers of notes, and individual note durations also vary within each line. Focus only on the lowest melodic line. That line has exactly 10 notes. List all 10 note names in order from first to last. Reply with ONLY the note names expressed in Scientific Pitch Notation, separated by spaces (e.g. C5 D#5 E5). Nothing else. Output only the answer.","You will hear 2 simultaneous melodic lines, all played with the same instrument, each in a distinct pitch register from highest to lowest. Every line plays continuously: each line always sustains a note, and consecutive notes flow directly into one another with no silence. The lines have different rhythms and numbers of notes, and individual note durations also vary within each line. Focus only on the lowest melodic line. That line has exactly 10 notes. List all 10 solfège syllable and accidentals (if needed) in order from first to last (fixed-do: do=C re=D mi=E fa=F sol=G la=A si=B; include sharps e.g. do# re#). Reply with ONLY the syllable and accidentals (if needed) separated by spaces. Nothing else. Output only the answer.","You will hear 2 simultaneous melodic lines, all played with the same instrument, each in a distinct pitch register from highest to lowest. Every line plays continuously: each line always sustains a note, and consecutive notes flow directly into one another with no silence. The lines have different rhythms and numbers of notes, and individual note durations also vary within each line. Focus only on the lowest melodic line. That line has exactly 10 notes. List the main pitch frequency in Hertz of all 10 notes in order from first to last. Reply with ONLY the frequencies in Hz separated by spaces (e.g. 261.6 329.6 392.0). Nothing else. Output only the answer."
10,"[74, 79, 82, 83, 78, 77, 80, 75, 72, 81]","['D5', 'G5', 'A#5', 'B5', 'F#5', 'F5', 'G#5', 'D#5', 'C5', 'A5']","['re', 'sol', 'la#', 'si', 'fa#', 'fa', 'sol#', 're#', 'do', 'la']","[587.3295, 783.9909, 932.3275, 987.7666, 739.9888, 698.4565, 830.6094, 622.254, 523.2511, 880.0]","[84, 83, 81, 79, 77, 76, 74, 72, 71, 69]","[False, False, False, False, False, False, False, False, False, False]",0,"['G5', 'F5', 'E5', 'F5', 'G5', 'A5', 'G5', 'F5', 'E5', 'D5']","[False, False, False, False, False, False, False, False, False, False]",0,"[7, 5, 4, 5, 7, 9, 7, 5, 4, 2]","[False, False, False, False, False, False, False, False, False, False]",0,"[440.0, 392.0, 440.0, 349.0, 392.0, 440.0, 392.0, 349.0, 392.0, 440.0]","[False, False, False, False, False, False, False, False, False, False]",0,0,84 83 81 79 77 76 74 72 71 69,G5 F5 E5 F5 G5 A5 G5 F5 E5 D5,sol fa mi fa sol la sol fa mi re,440 392 440 349 392 440 392 349 392 440,2,1,slow,1000,10000,similar,voice,"['voice', 'voice']",voice,0,"[10, 4]",voice,instrument,/home/hsnu2/PitchBench/data/audio/pitchbench_f1_melodic_line_id/poly2_34f18fc5240c30_n2_x1_slow_similar_voice_t0_total10000ms.wav,poly2_34f18fc5240c30_n2_x1_slow_similar_voice_t0_total10000ms.wav,"You will hear 2 simultaneous melodic lines, all played with the same instrument, each in a distinct pitch register from highest to lowest. Every line plays continuously: each line always sustains a note, and consecutive notes flow directly into one another with no silence. The lines have different rhythms and numbers of notes, and individual note durations also vary within each line. Focus only on the highest melodic line. That line has exactly 10 notes. List all 10 MIDI note numbers in order from first to last. Reply with ONLY the integers separated by spaces. Nothing else. Output only the answer.","You will hear 2 simultaneous melodic lines, all played with the same instrument, each in a distinct pitch register from highest to lowest. Every line plays continuously: each line always sustains a note, and consecutive notes flow directly into one another with no silence. The lines have different rhythms and numbers of notes, and individual note durations also vary within each line. Focus only on the highest melodic line. That line has exactly 10 notes. List all 10 note names in order from first to last. Reply with ONLY the note names expressed in Scientific Pitch Notation, separated by spaces (e.g. C5 D#5 E5). Nothing else. Output only the answer.","You will hear 2 simultaneous melodic lines, all played with the same instrument, each in a distinct pitch register from highest to lowest. Every line plays continuously: each line always sustains a note, and consecutive notes flow directly into one another with no silence. The lines have different rhythms and numbers of notes, and individual note durations also vary within each line. Focus only on the highest melodic line. That line has exactly 10 notes. List all 10 solfège syllable and accidentals (if needed) in order from first to last (fixed-do: do=C re=D mi=E fa=F sol=G la=A si=B; include sharps e.g. do# re#). Reply with ONLY the syllable and accidentals (if needed) separated by spaces. Nothing else. Output only the answer.","You will hear 2 simultaneous melodic lines, all played with the same instrument, each in a distinct pitch register from highest to lowest. Every line plays continuously: each line always sustains a note, and consecutive notes flow directly into one another with no silence. The lines have different rhythms and numbers of notes, and individual note durations also vary within each line. Focus only on the highest melodic line. That line has exactly 10 notes. List the main pitch frequency in Hertz of all 10 notes in order from first to last. Reply with ONLY the frequencies in Hz separated by spaces (e.g. 261.6 329.6 392.0). Nothing else. Output only the answer."
10,"[76, 78, 74, 73, 81, 72, 83, 75, 80, 79]","['E5', 'F#5', 'D5', 'C#5', 'A5', 'C5', 'B5', 'D#5', 'G#5', 'G5']","['mi', 'fa#', 're', 'do#', 'la', 'do', 'si', 're#', 'sol#', 'sol']","[659.2551, 739.9888, 587.3295, 554.3653, 880.0, 523.2511, 987.7666, 622.254, 830.6094, 783.9909]","[84, 83, 81, 79, 77, 76, 74, 72, 71, 69]","[False, False, False, False, False, False, False, False, False, False]",0,"[None, None, None, None, None, None, None, None, None, None]","[None, None, None, None, None, None, None, None, None, None]",0,"[7, 7, 5, 4, 5, 7, 9, 7, 5, 4]","[False, False, False, False, False, False, False, False, False, False]",0,"[440.0, 392.0, 440.0, 349.0, 392.0, 440.0, 392.0, 349.0, 392.0, 440.0]","[False, False, False, False, False, False, False, False, False, False]",0,0,84 83 81 79 77 76 74 72 71 69,"I’m sorry, but I can’t determine the exact note names just by listening. However, I can help with other types of analysis or information if needed.",sol sol fa mi fa sol la sol fa mi,440 392 440 349 392 440 392 349 392 440,2,1,slow,1000,10000,similar,voice,"['voice', 'voice']",voice,1,"[10, 6]",voice,instrument,/home/hsnu2/PitchBench/data/audio/pitchbench_f1_melodic_line_id/poly2_27c3af6a4f35b7_n2_x1_slow_similar_voice_t1_total10000ms.wav,poly2_27c3af6a4f35b7_n2_x1_slow_similar_voice_t1_total10000ms.wav,"You will hear 2 simultaneous melodic lines, all played with the same instrument, each in a distinct pitch register from highest to lowest. Every line plays continuously: each line always sustains a note, and consecutive notes flow directly into one another with no silence. The lines have different rhythms and numbers of notes, and individual note durations also vary within each line. Focus only on the highest melodic line. That line has exactly 10 notes. List all 10 MIDI note numbers in order from first to last. Reply with ONLY the integers separated by spaces. Nothing else. Output only the answer.","You will hear 2 simultaneous melodic lines, all played with the same instrument, each in a distinct pitch register from highest to lowest. Every line plays continuously: each line always sustains a note, and consecutive notes flow directly into one another with no silence. The lines have different rhythms and numbers of notes, and individual note durations also vary within each line. Focus only on the highest melodic line. That line has exactly 10 notes. List all 10 note names in order from first to last. Reply with ONLY the note names expressed in Scientific Pitch Notation, separated by spaces (e.g. C5 D#5 E5). Nothing else. Output only the answer.","You will hear 2 simultaneous melodic lines, all played with the same instrument, each in a distinct pitch register from highest to lowest. Every line plays continuously: each line always sustains a note, and consecutive notes flow directly into one another with no silence. The lines have different rhythms and numbers of notes, and individual note durations also vary within each line. Focus only on the highest melodic line. That line has exactly 10 notes. List all 10 solfège syllable and accidentals (if needed) in order from first to last (fixed-do: do=C re=D mi=E fa=F sol=G la=A si=B; include sharps e.g. do# re#). Reply with ONLY the syllable and accidentals (if needed) separated by spaces. Nothing else. Output only the answer.","You will hear 2 simultaneous melodic lines, all played with the same instrument, each in a distinct pitch register from highest to lowest. Every line plays continuously: each line always sustains a note, and consecutive notes flow directly into one another with no silence. The lines have different rhythms and numbers of notes, and individual note durations also vary within each line. Focus only on the highest melodic line. That line has exactly 10 notes. List the main pitch frequency in Hertz of all 10 notes in order from first to last. Reply with ONLY the frequencies in Hz separated by spaces (e.g. 261.6 329.6 392.0). Nothing else. Output only the answer."
10,"[70, 67, 65, 61, 71, 66, 62, 68, 69, 60]","['A#4', 'G4', 'F4', 'C#4', 'B4', 'F#4', 'D4', 'G#4', 'A4', 'C4']","['la#', 'sol', 'fa', 'do#', 'si', 'fa#', 're', 'sol#', 'la', 'do']","[466.1638, 391.9954, 349.2282, 277.1826, 493.8833, 369.9944, 293.6648, 415.3047, 440.0, 261.6256]","[48, 50, 52, 53, 55, 57, 55, 53, 52, 50]","[False, False, False, False, False, False, False, False, False, False]",0,"[None, None, None, None, None, None, None, None, None, None]","[None, None, None, None, None, None, None, None, None, None]",0,"[7, 7, 5, 4, 2, 0, 2, 4, 5, 7]","[False, True, True, False, False, False, True, False, False, False]",0,"[None, None, None, None, None, None, None, None, None, None]","[None, None, None, None, None, None, None, None, None, None]",0,0,48 50 52 53 55 57 55 53 52 50,"I’m sorry, but I can’t determine the note names just by listening.",sol sol fa mi re do re mi fa sol,"I’m sorry, but I can’t determine the exact pitch frequencies from the audio.",2,2,medium,500,5000,similar,voice,"['voice', 'voice']",voice,0,"[5, 10]",voice,instrument,/home/hsnu2/PitchBench/data/audio/pitchbench_f1_melodic_line_id/poly2_8cbbce3dc0aaf2_n2_x2_medium_similar_voice_t0_total5000ms.wav,poly2_8cbbce3dc0aaf2_n2_x2_medium_similar_voice_t0_total5000ms.wav,"You will hear 2 simultaneous melodic lines, all played with the same instrument, each in a distinct pitch register from highest to lowest. Every line plays continuously: each line always sustains a note, and consecutive notes flow directly into one another with no silence. The lines have different rhythms and numbers of notes, and individual note durations also vary within each line. Focus only on the lowest melodic line. That line has exactly 10 notes. List all 10 MIDI note numbers in order from first to last. Reply with ONLY the integers separated by spaces. Nothing else. Output only the answer.","You will hear 2 simultaneous melodic lines, all played with the same instrument, each in a distinct pitch register from highest to lowest. Every line plays continuously: each line always sustains a note, and consecutive notes flow directly into one another with no silence. The lines have different rhythms and numbers of notes, and individual note durations also vary within each line. Focus only on the lowest melodic line. That line has exactly 10 notes. List all 10 note names in order from first to last. Reply with ONLY the note names expressed in Scientific Pitch Notation, separated by spaces (e.g. C5 D#5 E5). Nothing else. Output only the answer.","You will hear 2 simultaneous melodic lines, all played with the same instrument, each in a distinct pitch register from highest to lowest. Every line plays continuously: each line always sustains a note, and consecutive notes flow directly into one another with no silence. The lines have different rhythms and numbers of notes, and individual note durations also vary within each line. Focus only on the lowest melodic line. That line has exactly 10 notes. List all 10 solfège syllable and accidentals (if needed) in order from first to last (fixed-do: do=C re=D mi=E fa=F sol=G la=A si=B; include sharps e.g. do# re#). Reply with ONLY the syllable and accidentals (if needed) separated by spaces. Nothing else. Output only the answer.","You will hear 2 simultaneous melodic lines, all played with the same instrument, each in a distinct pitch register from highest to lowest. Every line plays continuously: each line always sustains a note, and consecutive notes flow directly into one another with no silence. The lines have different rhythms and numbers of notes, and individual note durations also vary within each line. Focus only on the lowest melodic line. That line has exactly 10 notes. List the main pitch frequency in Hertz of all 10 notes in order from first to last. Reply with ONLY the frequencies in Hz separated by spaces (e.g. 261.6 329.6 392.0). Nothing else. Output only the answer."
10,"[74, 81, 79, 80, 72, 77, 75, 73, 82, 76]","['D5', 'A5', 'G5', 'G#5', 'C5', 'F5', 'D#5', 'C#5', 'A#5', 'E5']","['re', 'la', 'sol', 'sol#', 'do', 'fa', 're#', 'do#', 'la#', 'mi']","[587.3295, 880.0, 783.9909, 830.6094, 523.2511, 698.4565, 622.254, 554.3653, 932.3275, 659.2551]","[72, 74, 76, 77, 79, 81, 83, 84, 86, 88]","[False, False, False, False, False, False, False, False, False, False]",0,"['E6', 'F6', 'G6', 'A6', 'G6', 'F6', 'E6', 'D6', 'C6', 'B5']","[False, False, False, False, False, False, False, False, False, False]",0,"[7, 7, 5, 4, 2, 0, 2, 4, 5, 7]","[False, False, False, False, False, False, False, False, False, False]",0,"[None, None, None, None, None, None, None, None, None, None]","[None, None, None, None, None, None, None, None, None, None]",0,0,72 74 76 77 79 81 83 84 86 88,E6 F6 G6 A6 G6 F6 E6 D6 C6 B5,sol sol fa mi re do re mi fa sol,"I'm sorry, but I can't determine the exact pitch frequencies just by listening.",2,1,medium,500,5000,similar,voice,"['voice', 'voice']",voice,1,"[10, 2]",voice,instrument,/home/hsnu2/PitchBench/data/audio/pitchbench_f1_melodic_line_id/poly2_a8268ab40c8bf0_n2_x1_medium_similar_voice_t1_total5000ms.wav,poly2_a8268ab40c8bf0_n2_x1_medium_similar_voice_t1_total5000ms.wav,"You will hear 2 simultaneous melodic lines, all played with the same instrument, each in a distinct pitch register from highest to lowest. Every line plays continuously: each line always sustains a note, and consecutive notes flow directly into one another with no silence. The lines have different rhythms and numbers of notes, and individual note durations also vary within each line. Focus only on the highest melodic line. That line has exactly 10 notes. List all 10 MIDI note numbers in order from first to last. Reply with ONLY the integers separated by spaces. Nothing else. Output only the answer.","You will hear 2 simultaneous melodic lines, all played with the same instrument, each in a distinct pitch register from highest to lowest. Every line plays continuously: each line always sustains a note, and consecutive notes flow directly into one another with no silence. The lines have different rhythms and numbers of notes, and individual note durations also vary within each line. Focus only on the highest melodic line. That line has exactly 10 notes. List all 10 note names in order from first to last. Reply with ONLY the note names expressed in Scientific Pitch Notation, separated by spaces (e.g. C5 D#5 E5). Nothing else. Output only the answer.","You will hear 2 simultaneous melodic lines, all played with the same instrument, each in a distinct pitch register from highest to lowest. Every line plays continuously: each line always sustains a note, and consecutive notes flow directly into one another with no silence. The lines have different rhythms and numbers of notes, and individual note durations also vary within each line. Focus only on the highest melodic line. That line has exactly 10 notes. List all 10 solfège syllable and accidentals (if needed) in order from first to last (fixed-do: do=C re=D mi=E fa=F sol=G la=A si=B; include sharps e.g. do# re#). Reply with ONLY the syllable and accidentals (if needed) separated by spaces. Nothing else. Output only the answer.","You will hear 2 simultaneous melodic lines, all played with the same instrument, each in a distinct pitch register from highest to lowest. Every line plays continuously: each line always sustains a note, and consecutive notes flow directly into one another with no silence. The lines have different rhythms and numbers of notes, and individual note durations also vary within each line. Focus only on the highest melodic line. That line has exactly 10 notes. List the main pitch frequency in Hertz of all 10 notes in order from first to last. Reply with ONLY the frequencies in Hz separated by spaces (e.g. 261.6 329.6 392.0). Nothing else. Output only the answer."
10,"[60, 71, 68, 64, 63, 67, 70, 65, 61, 66]","['C4', 'B4', 'G#4', 'E4', 'D#4', 'G4', 'A#4', 'F4', 'C#4', 'F#4']","['do', 'si', 'sol#', 'mi', 're#', 'sol', 'la#', 'fa', 'do#', 'fa#']","[261.6256, 493.8833, 415.3047, 329.6276, 311.127, 391.9954, 466.1638, 349.2282, 277.1826, 369.9944]","[60, 62, 64, 65, 67, 69, 71, 72, 74, 76]","[True, False, False, False, False, False, False, False, False, False]",0,"['G4', 'F4', 'E4', 'D4', 'C4', 'B3', 'A3', 'G3', 'F3', 'E3']","[False, False, False, False, False, False, False, False, False, False]",0,"[7, 7, 5, 4, 4, 2, 2, 0, 2, 0]","[False, False, False, True, False, False, False, False, False, False]",0,"[None, None, None, None, None, None, None, None, None, None]","[None, None, None, None, None, None, None, None, None, None]",0,0,60 62 64 65 67 69 71 72 74 76,G4 F4 E4 D4 C4 B3 A3 G3 F3 E3,sol sol fa mi mi re re do re do,"I’m sorry, but I can’t determine the exact pitch frequencies just by listening.",2,2,slow,1000,10000,mixed,winds_and_strings,"['flute', 'violin']",violin,0,"[20, 10]",winds_and_strings,instrument,/home/hsnu2/PitchBench/data/audio/pitchbench_f1_melodic_line_id/poly2_cebe4f6838a8ab_n2_x2_slow_mixed_winds_and_strings_t0_total10000ms.wav,poly2_cebe4f6838a8ab_n2_x2_slow_mixed_winds_and_strings_t0_total10000ms.wav,"You will hear 2 simultaneous melodic lines, each played by a different instrument: flute (highest), violin (lowest). Every line plays continuously: each line always sustains a note, and consecutive notes flow directly into one another with no silence. The lines have different rhythms and numbers of notes, and individual note durations also vary within each line. Focus only on the violin (lowest line). That line has exactly 10 notes. List all 10 MIDI note numbers in order from first to last. Reply with ONLY the integers separated by spaces. Nothing else. Output only the answer.","You will hear 2 simultaneous melodic lines, each played by a different instrument: flute (highest), violin (lowest). Every line plays continuously: each line always sustains a note, and consecutive notes flow directly into one another with no silence. The lines have different rhythms and numbers of notes, and individual note durations also vary within each line. Focus only on the violin (lowest line). That line has exactly 10 notes. List all 10 note names in order from first to last. Reply with ONLY the note names expressed in Scientific Pitch Notation, separated by spaces (e.g. C5 D#5 E5). Nothing else. Output only the answer.","You will hear 2 simultaneous melodic lines, each played by a different instrument: flute (highest), violin (lowest). Every line plays continuously: each line always sustains a note, and consecutive notes flow directly into one another with no silence. The lines have different rhythms and numbers of notes, and individual note durations also vary within each line. Focus only on the violin (lowest line). That line has exactly 10 notes. List all 10 solfège syllable and accidentals (if needed) in order from first to last (fixed-do: do=C re=D mi=E fa=F sol=G la=A si=B; include sharps e.g. do# re#). Reply with ONLY the syllable and accidentals (if needed) separated by spaces. Nothing else. Output only the answer.","You will hear 2 simultaneous melodic lines, each played by a different instrument: flute (highest), violin (lowest). Every line plays continuously: each line always sustains a note, and consecutive notes flow directly into one another with no silence. The lines have different rhythms and numbers of notes, and individual note durations also vary within each line. Focus only on the violin (lowest line). That line has exactly 10 notes. List the main pitch frequency in Hertz of all 10 notes in order from first to last. Reply with ONLY the frequencies in Hz separated by spaces (e.g. 261.6 329.6 392.0). Nothing else. Output only the answer."
10,"[74, 81, 79, 80, 72, 77, 75, 73, 82, 76]","['D5', 'A5', 'G5', 'G#5', 'C5', 'F5', 'D#5', 'C#5', 'A#5', 'E5']","['re', 'la', 'sol', 'sol#', 'do', 'fa', 're#', 'do#', 'la#', 'mi']","[587.3295, 880.0, 783.9909, 830.6094, 523.2511, 698.4565, 622.254, 554.3653, 932.3275, 659.2551]","[72, 74, 76, 77, 79, 81, 83, 84, 86, 88]","[False, False, False, False, False, False, False, False, False, False]",0,"[None, None, None, None, None, None, None, None, None, None]","[None, None, None, None, None, None, None, None, None, None]",0,"[7, 7, 5, 4, 2, 0, 2, 4, 5, 7]","[False, False, False, False, False, False, False, False, False, False]",0,"[523.3, 587.3, 659.3, 698.5, 784.0, 880.0, 987.8, 1046.5, 1174.7, 1318.5]","[False, False, False, False, False, False, False, False, False, False]",0,0,72 74 76 77 79 81 83 84 86 88,"I’m sorry, but I can’t determine the note names just by listening.",sol sol fa mi re do re mi fa sol,523.3 587.3 659.3 698.5 784.0 880.0 987.8 1046.5 1174.7 1318.5,2,1,medium,500,5000,mixed,winds_and_strings,"['flute', 'violin']",flute,1,"[10, 2]",winds_and_strings,instrument,/home/hsnu2/PitchBench/data/audio/pitchbench_f1_melodic_line_id/poly2_6eaa7a9d0f9155_n2_x1_medium_mixed_winds_and_strings_t1_total5000ms.wav,poly2_6eaa7a9d0f9155_n2_x1_medium_mixed_winds_and_strings_t1_total5000ms.wav,"You will hear 2 simultaneous melodic lines, each played by a different instrument: flute (highest), violin (lowest). Every line plays continuously: each line always sustains a note, and consecutive notes flow directly into one another with no silence. The lines have different rhythms and numbers of notes, and individual note durations also vary within each line. Focus only on the flute (highest line). That line has exactly 10 notes. List all 10 MIDI note numbers in order from first to last. Reply with ONLY the integers separated by spaces. Nothing else. Output only the answer.","You will hear 2 simultaneous melodic lines, each played by a different instrument: flute (highest), violin (lowest). Every line plays continuously: each line always sustains a note, and consecutive notes flow directly into one another with no silence. The lines have different rhythms and numbers of notes, and individual note durations also vary within each line. Focus only on the flute (highest line). That line has exactly 10 notes. List all 10 note names in order from first to last. Reply with ONLY the note names expressed in Scientific Pitch Notation, separated by spaces (e.g. C5 D#5 E5). Nothing else. Output only the answer.","You will hear 2 simultaneous melodic lines, each played by a different instrument: flute (highest), violin (lowest). Every line plays continuously: each line always sustains a note, and consecutive notes flow directly into one another with no silence. The lines have different rhythms and numbers of notes, and individual note durations also vary within each line. Focus only on the flute (highest line). That line has exactly 10 notes. List all 10 solfège syllable and accidentals (if needed) in order from first to last (fixed-do: do=C re=D mi=E fa=F sol=G la=A si=B; include sharps e.g. do# re#). Reply with ONLY the syllable and accidentals (if needed) separated by spaces. Nothing else. Output only the answer.","You will hear 2 simultaneous melodic lines, each played by a different instrument: flute (highest), violin (lowest). Every line plays continuously: each line always sustains a note, and consecutive notes flow directly into one another with no silence. The lines have different rhythms and numbers of notes, and individual note durations also vary within each line. Focus only on the flute (highest line). That line has exactly 10 notes. List the main pitch frequency in Hertz of all 10 notes in order from first to last. Reply with ONLY the frequencies in Hz separated by spaces (e.g. 261.6 329.6 392.0). Nothing else. Output only the answer."
10,"[70, 64, 62, 61, 63, 60, 67, 65, 71, 69]","['A#4', 'E4', 'D4', 'C#4', 'D#4', 'C4', 'G4', 'F4', 'B4', 'A4']","['la#', 'mi', 're', 'do#', 're#', 'do', 'sol', 'fa', 'si', 'la']","[466.1638, 329.6276, 293.6648, 277.1826, 311.127, 261.6256, 391.9954, 349.2282, 493.8833, 440.0]","[60, 62, 64, 65, 67, 69, 71, 72, 74, 76]","[False, False, False, False, False, False, False, False, False, False]",0,"['G4', 'F4', 'E4', 'D4', 'C4', 'D4', 'E4', 'F4', 'G4', 'A4']","[False, False, False, False, False, False, False, True, False, True]",0,"[7, 7, 5, 4, 4, 2, 2, 0, 2, 0]","[False, False, False, False, False, False, False, False, False, False]",0,"[220.0, 246.9, 261.6, 293.7, 329.6, 349.2, 392.0, 440.0, 493.9, 523.3]","[False, False, False, False, False, False, True, False, True, False]",0,0,60 62 64 65 67 69 71 72 74 76,G4 F4 E4 D4 C4 D4 E4 F4 G4 A4,sol sol fa mi mi re re do re do,220 246.9 261.6 293.7 329.6 349.2 392.0 440.0 493.9 523.3,2,2,slow,1000,10000,mixed,winds_and_strings,"['flute', 'violin']",violin,1,"[5, 10]",winds_and_strings,instrument,/home/hsnu2/PitchBench/data/audio/pitchbench_f1_melodic_line_id/poly2_48669175030b95_n2_x2_slow_mixed_winds_and_strings_t1_total10000ms.wav,poly2_48669175030b95_n2_x2_slow_mixed_winds_and_strings_t1_total10000ms.wav,"You will hear 2 simultaneous melodic lines, each played by a different instrument: flute (highest), violin (lowest). Every line plays continuously: each line always sustains a note, and consecutive notes flow directly into one another with no silence. The lines have different rhythms and numbers of notes, and individual note durations also vary within each line. Focus only on the violin (lowest line). That line has exactly 10 notes. List all 10 MIDI note numbers in order from first to last. Reply with ONLY the integers separated by spaces. Nothing else. Output only the answer.","You will hear 2 simultaneous melodic lines, each played by a different instrument: flute (highest), violin (lowest). Every line plays continuously: each line always sustains a note, and consecutive notes flow directly into one another with no silence. The lines have different rhythms and numbers of notes, and individual note durations also vary within each line. Focus only on the violin (lowest line). That line has exactly 10 notes. List all 10 note names in order from first to last. Reply with ONLY the note names expressed in Scientific Pitch Notation, separated by spaces (e.g. C5 D#5 E5). Nothing else. Output only the answer.","You will hear 2 simultaneous melodic lines, each played by a different instrument: flute (highest), violin (lowest). Every line plays continuously: each line always sustains a note, and consecutive notes flow directly into one another with no silence. The lines have different rhythms and numbers of notes, and individual note durations also vary within each line. Focus only on the violin (lowest line). That line has exactly 10 notes. List all 10 solfège syllable and accidentals (if needed) in order from first to last (fixed-do: do=C re=D mi=E fa=F sol=G la=A si=B; include sharps e.g. do# re#). Reply with ONLY the syllable and accidentals (if needed) separated by spaces. Nothing else. Output only the answer.","You will hear 2 simultaneous melodic lines, each played by a different instrument: flute (highest), violin (lowest). Every line plays continuously: each line always sustains a note, and consecutive notes flow directly into one another with no silence. The lines have different rhythms and numbers of notes, and individual note durations also vary within each line. Focus only on the violin (lowest line). That line has exactly 10 notes. List the main pitch frequency in Hertz of all 10 notes in order from first to last. Reply with ONLY the frequencies in Hz separated by spaces (e.g. 261.6 329.6 392.0). Nothing else. Output only the answer."
10,"[78, 72, 73, 76, 83, 74, 81, 75, 80, 79]","['F#5', 'C5', 'C#5', 'E5', 'B5', 'D5', 'A5', 'D#5', 'G#5', 'G5']","['fa#', 'do', 'do#', 'mi', 'si', 're', 'la', 're#', 'sol#', 'sol']","[739.9888, 523.2511, 554.3653, 659.2551, 987.7666, 587.3295, 880.0, 622.254, 830.6094, 783.9909]","[72, 74, 76, 77, 79, 81, 83, 84, 86, 88]","[False, False, False, False, False, False, False, False, False, False]",0,"[None, None, None, None, None, None, None, None, None, None]","[None, None, None, None, None, None, None, None, None, None]",0,"[7, 7, 5, 4, 5, 7, 9, 7, 5, 4]","[False, False, False, True, False, False, True, False, False, False]",0,"[392.0, 440.0, 392.0, 349.2, 392.0, 440.0, 392.0, 349.2, 329.6, 349.2]","[False, False, False, False, False, False, False, False, False, False]",0,0,72 74 76 77 79 81 83 84 86 88,"I’m sorry, but I can’t determine the note names just by listening.",sol sol fa mi fa sol la sol fa mi,392.0 440.0 392.0 349.2 392.0 440.0 392.0 349.2 329.6 349.2,2,1,medium,500,5000,mixed,winds_and_strings,"['flute', 'violin']",flute,0,"[10, 9]",winds_and_strings,instrument,/home/hsnu2/PitchBench/data/audio/pitchbench_f1_melodic_line_id/poly2_86d3347254a1b0_n2_x1_medium_mixed_winds_and_strings_t0_total5000ms.wav,poly2_86d3347254a1b0_n2_x1_medium_mixed_winds_and_strings_t0_total5000ms.wav,"You will hear 2 simultaneous melodic lines, each played by a different instrument: flute (highest), violin (lowest). Every line plays continuously: each line always sustains a note, and consecutive notes flow directly into one another with no silence. The lines have different rhythms and numbers of notes, and individual note durations also vary within each line. Focus only on the flute (highest line). That line has exactly 10 notes. List all 10 MIDI note numbers in order from first to last. Reply with ONLY the integers separated by spaces. Nothing else. Output only the answer.","You will hear 2 simultaneous melodic lines, each played by a different instrument: flute (highest), violin (lowest). Every line plays continuously: each line always sustains a note, and consecutive notes flow directly into one another with no silence. The lines have different rhythms and numbers of notes, and individual note durations also vary within each line. Focus only on the flute (highest line). That line has exactly 10 notes. List all 10 note names in order from first to last. Reply with ONLY the note names expressed in Scientific Pitch Notation, separated by spaces (e.g. C5 D#5 E5). Nothing else. Output only the answer.","You will hear 2 simultaneous melodic lines, each played by a different instrument: flute (highest), violin (lowest). Every line plays continuously: each line always sustains a note, and consecutive notes flow directly into one another with no silence. The lines have different rhythms and numbers of notes, and individual note durations also vary within each line. Focus only on the flute (highest line). That line has exactly 10 notes. List all 10 solfège syllable and accidentals (if needed) in order from first to last (fixed-do: do=C re=D mi=E fa=F sol=G la=A si=B; include sharps e.g. do# re#). Reply with ONLY the syllable and accidentals (if needed) separated by spaces. Nothing else. Output only the answer.","You will hear 2 simultaneous melodic lines, each played by a different instrument: flute (highest), violin (lowest). Every line plays continuously: each line always sustains a note, and consecutive notes flow directly into one another with no silence. The lines have different rhythms and numbers of notes, and individual note durations also vary within each line. Focus only on the flute (highest line). That line has exactly 10 notes. List the main pitch frequency in Hertz of all 10 notes in order from first to last. Reply with ONLY the frequencies in Hz separated by spaces (e.g. 261.6 329.6 392.0). Nothing else. Output only the answer."
10,"[76, 78, 74, 73, 81, 72, 83, 75, 80, 79]","['E5', 'F#5', 'D5', 'C#5', 'A5', 'C5', 'B5', 'D#5', 'G#5', 'G5']","['mi', 'fa#', 're', 'do#', 'la', 'do', 'si', 're#', 'sol#', 'sol']","[659.2551, 739.9888, 587.3295, 554.3653, 880.0, 523.2511, 987.7666, 622.254, 830.6094, 783.9909]","[72, 74, 76, 77, 79, 81, 79, 77, 76, 74]","[False, False, False, False, False, False, False, False, False, False]",0,"['E5', 'F#5', 'G5', 'A5', 'B5', 'C6', 'B5', 'A5', 'G5', 'F#5']","[True, True, False, False, False, False, True, False, False, False]",0,"[4, 5, 7, 5, 4, 2, 0, 2, 4, 5]","[True, False, False, False, False, False, False, False, False, False]",0,"[523.3, 587.3, 659.3, 698.5, 659.3, 587.3, 523.3, 587.3, 659.3, 523.3]","[False, False, False, False, False, False, False, False, False, False]",0,0,72 74 76 77 79 81 79 77 76 74,E5 F#5 G5 A5 B5 C6 B5 A5 G5 F#5,mi fa sol fa mi re do re mi fa,523.3 587.3 659.3 698.5 659.3 587.3 523.3 587.3 659.3 523.3,2,1,slow,1000,10000,mixed,winds_and_strings,"['flute', 'violin']",flute,1,"[10, 6]",winds_and_strings,instrument,/home/hsnu2/PitchBench/data/audio/pitchbench_f1_melodic_line_id/poly2_492f37800bc628_n2_x1_slow_mixed_winds_and_strings_t1_total10000ms.wav,poly2_492f37800bc628_n2_x1_slow_mixed_winds_and_strings_t1_total10000ms.wav,"You will hear 2 simultaneous melodic lines, each played by a different instrument: flute (highest), violin (lowest). Every line plays continuously: each line always sustains a note, and consecutive notes flow directly into one another with no silence. The lines have different rhythms and numbers of notes, and individual note durations also vary within each line. Focus only on the flute (highest line). That line has exactly 10 notes. List all 10 MIDI note numbers in order from first to last. Reply with ONLY the integers separated by spaces. Nothing else. Output only the answer.","You will hear 2 simultaneous melodic lines, each played by a different instrument: flute (highest), violin (lowest). Every line plays continuously: each line always sustains a note, and consecutive notes flow directly into one another with no silence. The lines have different rhythms and numbers of notes, and individual note durations also vary within each line. Focus only on the flute (highest line). That line has exactly 10 notes. List all 10 note names in order from first to last. Reply with ONLY the note names expressed in Scientific Pitch Notation, separated by spaces (e.g. C5 D#5 E5). Nothing else. Output only the answer.","You will hear 2 simultaneous melodic lines, each played by a different instrument: flute (highest), violin (lowest). Every line plays continuously: each line always sustains a note, and consecutive notes flow directly into one another with no silence. The lines have different rhythms and numbers of notes, and individual note durations also vary within each line. Focus only on the flute (highest line). That line has exactly 10 notes. List all 10 solfège syllable and accidentals (if needed) in order from first to last (fixed-do: do=C re=D mi=E fa=F sol=G la=A si=B; include sharps e.g. do# re#). Reply with ONLY the syllable and accidentals (if needed) separated by spaces. Nothing else. Output only the answer.","You will hear 2 simultaneous melodic lines, each played by a different instrument: flute (highest), violin (lowest). Every line plays continuously: each line always sustains a note, and consecutive notes flow directly into one another with no silence. The lines have different rhythms and numbers of notes, and individual note durations also vary within each line. Focus only on the flute (highest line). That line has exactly 10 notes. List the main pitch frequency in Hertz of all 10 notes in order from first to last. Reply with ONLY the frequencies in Hz separated by spaces (e.g. 261.6 329.6 392.0). Nothing else. Output only the answer."
10,"[65, 60, 67, 62, 70, 71, 63, 69, 68, 61]","['F4', 'C4', 'G4', 'D4', 'A#4', 'B4', 'D#4', 'A4', 'G#4', 'C#4']","['fa', 'do', 'sol', 're', 'la#', 'si', 're#', 'la', 'sol#', 'do#']","[349.2282, 261.6256, 391.9954, 293.6648, 466.1638, 493.8833, 311.127, 440.0, 415.3047, 277.1826]","[64, 63, 61, 59, 57, 56, 54, 52, 51, 49]","[False, False, False, False, False, False, False, False, False, False]",0,"['G4', 'F4', 'E4', 'D4', 'C4', 'D4', 'E4', 'F4', 'G4', 'A4']","[False, False, False, True, False, False, False, False, False, False]",0,"[7, 7, 5, 4, 5, 7, 9, 7, 5, 4]","[False, False, False, False, False, False, False, False, False, False]",0,"[165.0, 185.0, 196.0, 220.0, 196.0, 185.0, 165.0, 147.0, 165.0, 147.0]","[False, False, False, False, False, False, False, False, False, False]",0,0,64 63 61 59 57 56 54 52 51 49,G4 F4 E4 D4 C4 D4 E4 F4 G4 A4,sol sol fa mi fa sol la sol fa mi,165.0 185.0 196.0 220.0 196.0 185.0 165.0 147.0 165.0 147.0,3,2,slow,1000,10000,mixed,brass_reeds_synth,"['trumpet', 'trombone', 'oboe']",trombone,1,"[1, 10, 16]",brass_reeds_synth,instrument,/home/hsnu2/PitchBench/data/audio/pitchbench_f1_melodic_line_id/poly3_126c071d578f83_n3_x2_slow_mixed_brass_reeds_synth_t1_total10000ms.wav,poly3_126c071d578f83_n3_x2_slow_mixed_brass_reeds_synth_t1_total10000ms.wav,"You will hear 3 simultaneous melodic lines, each played by a different instrument: trumpet (highest), trombone, oboe (lowest). Every line plays continuously: each line always sustains a note, and consecutive notes flow directly into one another with no silence. The lines have different rhythms and numbers of notes, and individual note durations also vary within each line. Focus only on the trombone (second-from-top line). That line has exactly 10 notes. List all 10 MIDI note numbers in order from first to last. Reply with ONLY the integers separated by spaces. Nothing else. Output only the answer.","You will hear 3 simultaneous melodic lines, each played by a different instrument: trumpet (highest), trombone, oboe (lowest). Every line plays continuously: each line always sustains a note, and consecutive notes flow directly into one another with no silence. The lines have different rhythms and numbers of notes, and individual note durations also vary within each line. Focus only on the trombone (second-from-top line). That line has exactly 10 notes. List all 10 note names in order from first to last. Reply with ONLY the note names expressed in Scientific Pitch Notation, separated by spaces (e.g. C5 D#5 E5). Nothing else. Output only the answer.","You will hear 3 simultaneous melodic lines, each played by a different instrument: trumpet (highest), trombone, oboe (lowest). Every line plays continuously: each line always sustains a note, and consecutive notes flow directly into one another with no silence. The lines have different rhythms and numbers of notes, and individual note durations also vary within each line. Focus only on the trombone (second-from-top line). That line has exactly 10 notes. List all 10 solfège syllable and accidentals (if needed) in order from first to last (fixed-do: do=C re=D mi=E fa=F sol=G la=A si=B; include sharps e.g. do# re#). Reply with ONLY the syllable and accidentals (if needed) separated by spaces. Nothing else. Output only the answer.","You will hear 3 simultaneous melodic lines, each played by a different instrument: trumpet (highest), trombone, oboe (lowest). Every line plays continuously: each line always sustains a note, and consecutive notes flow directly into one another with no silence. The lines have different rhythms and numbers of notes, and individual note durations also vary within each line. Focus only on the trombone (second-from-top line). That line has exactly 10 notes. List the main pitch frequency in Hertz of all 10 notes in order from first to last. Reply with ONLY the frequencies in Hz separated by spaces (e.g. 261.6 329.6 392.0). Nothing else. Output only the answer."
10,"[52, 50, 49, 57, 53, 54, 51, 55, 58, 59]","['E3', 'D3', 'C#3', 'A3', 'F3', 'F#3', 'D#3', 'G3', 'A#3', 'B3']","['mi', 're', 'do#', 'la', 'fa', 'fa#', 're#', 'sol', 'la#', 'si']","[164.8138, 146.8324, 138.5913, 220.0, 174.6141, 184.9972, 155.5635, 195.9977, 233.0819, 246.9417]","[60, 62, 64, 65, 67, 69, 71, 72, 74, 76]","[False, False, False, False, False, False, False, False, False, False]",0,"[None, None, None, None, None, None, None, None, None, None]","[None, None, None, None, None, None, None, None, None, None]",0,"[4, 5, 2, 0, 11, 9, 7, 5, 4, 2]","[True, False, False, False, False, False, False, False, False, False]",0,"[None, None, None, None, None, None, None, None, None, None]","[None, None, None, None, None, None, None, None, None, None]",0,0,60 62 64 65 67 69 71 72 74 76,"I'm sorry, but I can't determine the exact note names just by listening to the audio.",mi fa re do si la sol fa mi re,"I'm sorry, but I can't determine the exact pitch frequencies just by listening to the audio.",3,3,medium,500,5000,mixed,brass_reeds_synth,"['trumpet', 'trombone', 'oboe']",oboe,1,"[8, 7, 10]",brass_reeds_synth,instrument,/home/hsnu2/PitchBench/data/audio/pitchbench_f1_melodic_line_id/poly3_ce8a8161fdb4ec_n3_x3_medium_mixed_brass_reeds_synth_t1_total5000ms.wav,poly3_ce8a8161fdb4ec_n3_x3_medium_mixed_brass_reeds_synth_t1_total5000ms.wav,"You will hear 3 simultaneous melodic lines, each played by a different instrument: trumpet (highest), trombone, oboe (lowest). Every line plays continuously: each line always sustains a note, and consecutive notes flow directly into one another with no silence. The lines have different rhythms and numbers of notes, and individual note durations also vary within each line. Focus only on the oboe (lowest line). That line has exactly 10 notes. List all 10 MIDI note numbers in order from first to last. Reply with ONLY the integers separated by spaces. Nothing else. Output only the answer.","You will hear 3 simultaneous melodic lines, each played by a different instrument: trumpet (highest), trombone, oboe (lowest). Every line plays continuously: each line always sustains a note, and consecutive notes flow directly into one another with no silence. The lines have different rhythms and numbers of notes, and individual note durations also vary within each line. Focus only on the oboe (lowest line). That line has exactly 10 notes. List all 10 note names in order from first to last. Reply with ONLY the note names expressed in Scientific Pitch Notation, separated by spaces (e.g. C5 D#5 E5). Nothing else. Output only the answer.","You will hear 3 simultaneous melodic lines, each played by a different instrument: trumpet (highest), trombone, oboe (lowest). Every line plays continuously: each line always sustains a note, and consecutive notes flow directly into one another with no silence. The lines have different rhythms and numbers of notes, and individual note durations also vary within each line. Focus only on the oboe (lowest line). That line has exactly 10 notes. List all 10 solfège syllable and accidentals (if needed) in order from first to last (fixed-do: do=C re=D mi=E fa=F sol=G la=A si=B; include sharps e.g. do# re#). Reply with ONLY the syllable and accidentals (if needed) separated by spaces. Nothing else. Output only the answer.","You will hear 3 simultaneous melodic lines, each played by a different instrument: trumpet (highest), trombone, oboe (lowest). Every line plays continuously: each line always sustains a note, and consecutive notes flow directly into one another with no silence. The lines have different rhythms and numbers of notes, and individual note durations also vary within each line. Focus only on the oboe (lowest line). That line has exactly 10 notes. List the main pitch frequency in Hertz of all 10 notes in order from first to last. Reply with ONLY the frequencies in Hz separated by spaces (e.g. 261.6 329.6 392.0). Nothing else. Output only the answer."
10,"[72, 73, 78, 82, 81, 80, 77, 79, 74, 83]","['C5', 'C#5', 'F#5', 'A#5', 'A5', 'G#5', 'F5', 'G5', 'D5', 'B5']","['do', 'do#', 'fa#', 'la#', 'la', 'sol#', 'fa', 'sol', 're', 'si']","[523.2511, 554.3653, 739.9888, 932.3275, 880.0, 830.6094, 698.4565, 783.9909, 587.3295, 987.7666]","[72, 74, 76, 77, 79, 81, 83, 84, 86, 88]","[True, False, False, False, False, False, False, False, False, False]",0,"['E5', 'G5', 'F5', 'A5', 'G5', 'B5', 'C6', 'D6', 'B5', 'E5']","[False, False, False, False, False, False, False, False, False, False]",0,"[7, 7, 5, 4, 2, 2, 0, 11, 9, 7]","[False, False, False, False, False, False, False, False, False, False]",0,"[261.6, 293.7, 329.6, 349.2, 392.0, 440.0, 392.0, 349.2, 329.6, 293.7]","[False, False, False, False, False, False, False, False, False, False]",0,0,72 74 76 77 79 81 83 84 86 88,E5 G5 F5 A5 G5 B5 C6 D6 B5 E5,sol sol fa mi re re do si la sol,261.6 293.7 329.6 349.2 392.0 440.0 392.0 349.2 329.6 293.7,3,1,medium,500,5000,mixed,brass_reeds_synth,"['trumpet', 'trombone', 'oboe']",trumpet,1,"[10, 2, 17]",brass_reeds_synth,instrument,/home/hsnu2/PitchBench/data/audio/pitchbench_f1_melodic_line_id/poly3_43bb95a7905289_n3_x1_medium_mixed_brass_reeds_synth_t1_total5000ms.wav,poly3_43bb95a7905289_n3_x1_medium_mixed_brass_reeds_synth_t1_total5000ms.wav,"You will hear 3 simultaneous melodic lines, each played by a different instrument: trumpet (highest), trombone, oboe (lowest). Every line plays continuously: each line always sustains a note, and consecutive notes flow directly into one another with no silence. The lines have different rhythms and numbers of notes, and individual note durations also vary within each line. Focus only on the trumpet (highest line). That line has exactly 10 notes. List all 10 MIDI note numbers in order from first to last. Reply with ONLY the integers separated by spaces. Nothing else. Output only the answer.","You will hear 3 simultaneous melodic lines, each played by a different instrument: trumpet (highest), trombone, oboe (lowest). Every line plays continuously: each line always sustains a note, and consecutive notes flow directly into one another with no silence. The lines have different rhythms and numbers of notes, and individual note durations also vary within each line. Focus only on the trumpet (highest line). That line has exactly 10 notes. List all 10 note names in order from first to last. Reply with ONLY the note names expressed in Scientific Pitch Notation, separated by spaces (e.g. C5 D#5 E5). Nothing else. Output only the answer.","You will hear 3 simultaneous melodic lines, each played by a different instrument: trumpet (highest), trombone, oboe (lowest). Every line plays continuously: each line always sustains a note, and consecutive notes flow directly into one another with no silence. The lines have different rhythms and numbers of notes, and individual note durations also vary within each line. Focus only on the trumpet (highest line). That line has exactly 10 notes. List all 10 solfège syllable and accidentals (if needed) in order from first to last (fixed-do: do=C re=D mi=E fa=F sol=G la=A si=B; include sharps e.g. do# re#). Reply with ONLY the syllable and accidentals (if needed) separated by spaces. Nothing else. Output only the answer.","You will hear 3 simultaneous melodic lines, each played by a different instrument: trumpet (highest), trombone, oboe (lowest). Every line plays continuously: each line always sustains a note, and consecutive notes flow directly into one another with no silence. The lines have different rhythms and numbers of notes, and individual note durations also vary within each line. Focus only on the trumpet (highest line). That line has exactly 10 notes. List the main pitch frequency in Hertz of all 10 notes in order from first to last. Reply with ONLY the frequencies in Hz separated by spaces (e.g. 261.6 329.6 392.0). Nothing else. Output only the answer."
10,"[65, 66, 61, 62, 68, 71, 60, 70, 63, 64]","['F4', 'F#4', 'C#4', 'D4', 'G#4', 'B4', 'C4', 'A#4', 'D#4', 'E4']","['fa', 'fa#', 'do#', 're', 'sol#', 'si', 'do', 'la#', 're#', 'mi']","[349.2282, 369.9944, 277.1826, 293.6648, 415.3047, 493.8833, 261.6256, 466.1638, 311.127, 329.6276]","[59, 60, 62, 64, 65, 64, 62, 60, 59, 57]","[False, False, False, False, False, False, False, False, False, False]",0,"[None, None, None, None, None, None, None, None, None, None]","[None, None, None, None, None, None, None, None, None, None]",0,"[7, 7, 5, 4, 5, 7, 9, 7, 5, 4]","[False, False, False, False, False, False, False, False, False, True]",0,"[None, None, None, None, None, None, None, None, None, None]","[None, None, None, None, None, None, None, None, None, None]",0,0,59 60 62 64 65 64 62 60 59 57,"I’m sorry, but I can’t determine the exact note names just by listening.",sol sol fa mi fa sol la sol fa mi,"I'm sorry, but I can't determine the exact pitch frequencies just by listening.",3,2,slow,1000,10000,mixed,brass_reeds_synth,"['trumpet', 'trombone', 'oboe']",trombone,0,"[10, 10, 7]",brass_reeds_synth,instrument,/home/hsnu2/PitchBench/data/audio/pitchbench_f1_melodic_line_id/poly3_083214bc44427d_n3_x2_slow_mixed_brass_reeds_synth_t0_total10000ms.wav,poly3_083214bc44427d_n3_x2_slow_mixed_brass_reeds_synth_t0_total10000ms.wav,"You will hear 3 simultaneous melodic lines, each played by a different instrument: trumpet (highest), trombone, oboe (lowest). Every line plays continuously: each line always sustains a note, and consecutive notes flow directly into one another with no silence. The lines have different rhythms and numbers of notes, and individual note durations also vary within each line. Focus only on the trombone (second-from-top line). That line has exactly 10 notes. List all 10 MIDI note numbers in order from first to last. Reply with ONLY the integers separated by spaces. Nothing else. Output only the answer.","You will hear 3 simultaneous melodic lines, each played by a different instrument: trumpet (highest), trombone, oboe (lowest). Every line plays continuously: each line always sustains a note, and consecutive notes flow directly into one another with no silence. The lines have different rhythms and numbers of notes, and individual note durations also vary within each line. Focus only on the trombone (second-from-top line). That line has exactly 10 notes. List all 10 note names in order from first to last. Reply with ONLY the note names expressed in Scientific Pitch Notation, separated by spaces (e.g. C5 D#5 E5). Nothing else. Output only the answer.","You will hear 3 simultaneous melodic lines, each played by a different instrument: trumpet (highest), trombone, oboe (lowest). Every line plays continuously: each line always sustains a note, and consecutive notes flow directly into one another with no silence. The lines have different rhythms and numbers of notes, and individual note durations also vary within each line. Focus only on the trombone (second-from-top line). That line has exactly 10 notes. List all 10 solfège syllable and accidentals (if needed) in order from first to last (fixed-do: do=C re=D mi=E fa=F sol=G la=A si=B; include sharps e.g. do# re#). Reply with ONLY the syllable and accidentals (if needed) separated by spaces. Nothing else. Output only the answer.","You will hear 3 simultaneous melodic lines, each played by a different instrument: trumpet (highest), trombone, oboe (lowest). Every line plays continuously: each line always sustains a note, and consecutive notes flow directly into one another with no silence. The lines have different rhythms and numbers of notes, and individual note durations also vary within each line. Focus only on the trombone (second-from-top line). That line has exactly 10 notes. List the main pitch frequency in Hertz of all 10 notes in order from first to last. Reply with ONLY the frequencies in Hz separated by spaces (e.g. 261.6 329.6 392.0). Nothing else. Output only the answer."
10,"[72, 76, 73, 80, 81, 78, 74, 75, 82, 77]","['C5', 'E5', 'C#5', 'G#5', 'A5', 'F#5', 'D5', 'D#5', 'A#5', 'F5']","['do', 'mi', 'do#', 'sol#', 'la', 'fa#', 're', 're#', 'la#', 'fa']","[523.2511, 659.2551, 554.3653, 830.6094, 880.0, 739.9888, 587.3295, 622.254, 932.3275, 698.4565]","[72, 74, 76, 77, 79, 81, 79, 77, 76, 74]","[True, False, False, False, False, False, False, False, False, False]",0,"['E5', 'F5', 'G5', 'A5', 'G5', 'F5', 'E5', 'D5', 'C5', 'B4']","[False, False, False, False, False, False, False, False, False, False]",0,"[7, 7, 5, 4, 5, 7, 9, 7, 5, 4]","[False, False, False, False, False, False, False, False, False, False]",0,"[440.0, 392.0, 440.0, 349.0, 392.0, 440.0, 466.0, 440.0, 392.0, 349.0]","[False, False, False, False, False, False, False, False, False, False]",0,0,72 74 76 77 79 81 79 77 76 74,E5 F5 G5 A5 G5 F5 E5 D5 C5 B4,sol sol fa mi fa sol la sol fa mi,440 392 440 349 392 440 466 440 392 349,3,1,slow,1000,10000,mixed,brass_reeds_synth,"['trumpet', 'trombone', 'oboe']",trumpet,1,"[10, 9, 6]",brass_reeds_synth,instrument,/home/hsnu2/PitchBench/data/audio/pitchbench_f1_melodic_line_id/poly3_3691323e435f8a_n3_x1_slow_mixed_brass_reeds_synth_t1_total10000ms.wav,poly3_3691323e435f8a_n3_x1_slow_mixed_brass_reeds_synth_t1_total10000ms.wav,"You will hear 3 simultaneous melodic lines, each played by a different instrument: trumpet (highest), trombone, oboe (lowest). Every line plays continuously: each line always sustains a note, and consecutive notes flow directly into one another with no silence. The lines have different rhythms and numbers of notes, and individual note durations also vary within each line. Focus only on the trumpet (highest line). That line has exactly 10 notes. List all 10 MIDI note numbers in order from first to last. Reply with ONLY the integers separated by spaces. Nothing else. Output only the answer.","You will hear 3 simultaneous melodic lines, each played by a different instrument: trumpet (highest), trombone, oboe (lowest). Every line plays continuously: each line always sustains a note, and consecutive notes flow directly into one another with no silence. The lines have different rhythms and numbers of notes, and individual note durations also vary within each line. Focus only on the trumpet (highest line). That line has exactly 10 notes. List all 10 note names in order from first to last. Reply with ONLY the note names expressed in Scientific Pitch Notation, separated by spaces (e.g. C5 D#5 E5). Nothing else. Output only the answer.","You will hear 3 simultaneous melodic lines, each played by a different instrument: trumpet (highest), trombone, oboe (lowest). Every line plays continuously: each line always sustains a note, and consecutive notes flow directly into one another with no silence. The lines have different rhythms and numbers of notes, and individual note durations also vary within each line. Focus only on the trumpet (highest line). That line has exactly 10 notes. List all 10 solfège syllable and accidentals (if needed) in order from first to last (fixed-do: do=C re=D mi=E fa=F sol=G la=A si=B; include sharps e.g. do# re#). Reply with ONLY the syllable and accidentals (if needed) separated by spaces. Nothing else. Output only the answer.","You will hear 3 simultaneous melodic lines, each played by a different instrument: trumpet (highest), trombone, oboe (lowest). Every line plays continuously: each line always sustains a note, and consecutive notes flow directly into one another with no silence. The lines have different rhythms and numbers of notes, and individual note durations also vary within each line. Focus only on the trumpet (highest line). That line has exactly 10 notes. List the main pitch frequency in Hertz of all 10 notes in order from first to last. Reply with ONLY the frequencies in Hz separated by spaces (e.g. 261.6 329.6 392.0). Nothing else. Output only the answer."
10,"[55, 59, 50, 48, 52, 58, 54, 56, 49, 57]","['G3', 'B3', 'D3', 'C3', 'E3', 'A#3', 'F#3', 'G#3', 'C#3', 'A3']","['sol', 'si', 're', 'do', 'mi', 'la#', 'fa#', 'sol#', 'do#', 'la']","[195.9977, 246.9417, 146.8324, 130.8128, 164.8138, 233.0819, 184.9972, 207.6523, 138.5913, 220.0]","[52, 53, 55, 57, 55, 53, 52, 50, 48, 47]","[False, False, False, False, False, False, False, False, False, False]",0,"['E3', 'G3', 'F3', 'D3', 'C3', 'A2', 'B2', 'G2', 'F2', 'E2']","[False, False, False, False, False, False, False, False, False, False]",0,"[7, 5, 4, 2, 0, 11, 9, 7, 5, 4]","[True, False, False, False, False, False, False, False, False, False]",0,"[82.4, 98.0, 87.3, 92.5, 82.4, 73.4, 82.4, 98.0, 87.3, 82.4]","[False, False, False, False, False, False, False, False, False, False]",0,0,52 53 55 57 55 53 52 50 48 47,E3 G3 F3 D3 C3 A2 B2 G2 F2 E2,sol fa mi re do si la sol fa mi,82.4 98.0 87.3 92.5 82.4 73.4 82.4 98.0 87.3 82.4,3,3,slow,1000,10000,similar,cello,"['cello', 'cello', 'cello']",cello,1,"[11, 6, 10]",cello,instrument,/home/hsnu2/PitchBench/data/audio/pitchbench_f1_melodic_line_id/poly3_750bd12bd31ae4_n3_x3_slow_similar_cello_t1_total10000ms.wav,poly3_750bd12bd31ae4_n3_x3_slow_similar_cello_t1_total10000ms.wav,"You will hear 3 simultaneous melodic lines, all played with the same instrument, each in a distinct pitch register from highest to lowest. Every line plays continuously: each line always sustains a note, and consecutive notes flow directly into one another with no silence. The lines have different rhythms and numbers of notes, and individual note durations also vary within each line. Focus only on the lowest melodic line. That line has exactly 10 notes. List all 10 MIDI note numbers in order from first to last. Reply with ONLY the integers separated by spaces. Nothing else. Output only the answer.","You will hear 3 simultaneous melodic lines, all played with the same instrument, each in a distinct pitch register from highest to lowest. Every line plays continuously: each line always sustains a note, and consecutive notes flow directly into one another with no silence. The lines have different rhythms and numbers of notes, and individual note durations also vary within each line. Focus only on the lowest melodic line. That line has exactly 10 notes. List all 10 note names in order from first to last. Reply with ONLY the note names expressed in Scientific Pitch Notation, separated by spaces (e.g. C5 D#5 E5). Nothing else. Output only the answer.","You will hear 3 simultaneous melodic lines, all played with the same instrument, each in a distinct pitch register from highest to lowest. Every line plays continuously: each line always sustains a note, and consecutive notes flow directly into one another with no silence. The lines have different rhythms and numbers of notes, and individual note durations also vary within each line. Focus only on the lowest melodic line. That line has exactly 10 notes. List all 10 solfège syllable and accidentals (if needed) in order from first to last (fixed-do: do=C re=D mi=E fa=F sol=G la=A si=B; include sharps e.g. do# re#). Reply with ONLY the syllable and accidentals (if needed) separated by spaces. Nothing else. Output only the answer.","You will hear 3 simultaneous melodic lines, all played with the same instrument, each in a distinct pitch register from highest to lowest. Every line plays continuously: each line always sustains a note, and consecutive notes flow directly into one another with no silence. The lines have different rhythms and numbers of notes, and individual note durations also vary within each line. Focus only on the lowest melodic line. That line has exactly 10 notes. List the main pitch frequency in Hertz of all 10 notes in order from first to last. Reply with ONLY the frequencies in Hz separated by spaces (e.g. 261.6 329.6 392.0). Nothing else. Output only the answer."
10,"[56, 54, 55, 59, 57, 48, 58, 49, 53, 52]","['G#3', 'F#3', 'G3', 'B3', 'A3', 'C3', 'A#3', 'C#3', 'F3', 'E3']","['sol#', 'fa#', 'sol', 'si', 'la', 'do', 'la#', 'do#', 'fa', 'mi']","[207.6523, 184.9972, 195.9977, 246.9417, 220.0, 130.8128, 233.0819, 138.5913, 174.6141, 164.8138]","[52, 53, 55, 57, 55, 53, 52, 50, 48, 47]","[False, False, True, False, False, False, False, False, False, False]",0,"[None, None, None, None, None, None, None, None, None, None]","[None, None, None, None, None, None, None, None, None, None]",0,"[7, 7, 5, 4, 2, 0, 2, 4, 5, 7]","[False, False, False, False, False, True, False, False, True, False]",0,"[None, None, None, None, None, None, None, None, None, None]","[None, None, None, None, None, None, None, None, None, None]",0,0,52 53 55 57 55 53 52 50 48 47,"I’m sorry, but I can’t determine the note names just by listening.",Sol sol fa mi re do re mi fa sol,"I'm sorry, but I can't determine the exact pitch frequencies just by listening.",3,3,medium,500,5000,similar,cello,"['cello', 'cello', 'cello']",cello,0,"[10, 8, 10]",cello,instrument,/home/hsnu2/PitchBench/data/audio/pitchbench_f1_melodic_line_id/poly3_d0e29cc4f00f89_n3_x3_medium_similar_cello_t0_total5000ms.wav,poly3_d0e29cc4f00f89_n3_x3_medium_similar_cello_t0_total5000ms.wav,"You will hear 3 simultaneous melodic lines, all played with the same instrument, each in a distinct pitch register from highest to lowest. Every line plays continuously: each line always sustains a note, and consecutive notes flow directly into one another with no silence. The lines have different rhythms and numbers of notes, and individual note durations also vary within each line. Focus only on the lowest melodic line. That line has exactly 10 notes. List all 10 MIDI note numbers in order from first to last. Reply with ONLY the integers separated by spaces. Nothing else. Output only the answer.","You will hear 3 simultaneous melodic lines, all played with the same instrument, each in a distinct pitch register from highest to lowest. Every line plays continuously: each line always sustains a note, and consecutive notes flow directly into one another with no silence. The lines have different rhythms and numbers of notes, and individual note durations also vary within each line. Focus only on the lowest melodic line. That line has exactly 10 notes. List all 10 note names in order from first to last. Reply with ONLY the note names expressed in Scientific Pitch Notation, separated by spaces (e.g. C5 D#5 E5). Nothing else. Output only the answer.","You will hear 3 simultaneous melodic lines, all played with the same instrument, each in a distinct pitch register from highest to lowest. Every line plays continuously: each line always sustains a note, and consecutive notes flow directly into one another with no silence. The lines have different rhythms and numbers of notes, and individual note durations also vary within each line. Focus only on the lowest melodic line. That line has exactly 10 notes. List all 10 solfège syllable and accidentals (if needed) in order from first to last (fixed-do: do=C re=D mi=E fa=F sol=G la=A si=B; include sharps e.g. do# re#). Reply with ONLY the syllable and accidentals (if needed) separated by spaces. Nothing else. Output only the answer.","You will hear 3 simultaneous melodic lines, all played with the same instrument, each in a distinct pitch register from highest to lowest. Every line plays continuously: each line always sustains a note, and consecutive notes flow directly into one another with no silence. The lines have different rhythms and numbers of notes, and individual note durations also vary within each line. Focus only on the lowest melodic line. That line has exactly 10 notes. List the main pitch frequency in Hertz of all 10 notes in order from first to last. Reply with ONLY the frequencies in Hz separated by spaces (e.g. 261.6 329.6 392.0). Nothing else. Output only the answer."
10,"[74, 79, 83, 75, 76, 80, 72, 77, 78, 82]","['D5', 'G5', 'B5', 'D#5', 'E5', 'G#5', 'C5', 'F5', 'F#5', 'A#5']","['re', 'sol', 'si', 're#', 'mi', 'sol#', 'do', 'fa', 'fa#', 'la#']","[587.3295, 783.9909, 987.7666, 622.254, 659.2551, 830.6094, 523.2511, 698.4565, 739.9888, 932.3275]","[72, 74, 76, 77, 79, 81, 83, 84, 86, 88]","[False, False, False, False, False, False, False, False, False, False]",0,"[None, None, None, None, None, None, None, None, None, None]","[None, None, None, None, None, None, None, None, None, None]",0,"[4, 5, 7, 9, 7, 5, 4, 2, 4, 0]","[False, False, False, False, False, False, False, False, False, False]",0,"[None, None, None, None, None, None, None, None, None, None]","[None, None, None, None, None, None, None, None, None, None]",0,0,72 74 76 77 79 81 83 84 86 88,"I'm sorry, but I can't determine the exact note names just by listening.",mi fa sol la sol fa mi re mi do,"I'm sorry, but I can't determine the exact pitch frequencies of the notes just by listening.",3,1,medium,500,5000,similar,cello,"['cello', 'cello', 'cello']",cello,0,"[10, 19, 2]",cello,instrument,/home/hsnu2/PitchBench/data/audio/pitchbench_f1_melodic_line_id/poly3_c0d866c6d877b6_n3_x1_medium_similar_cello_t0_total5000ms.wav,poly3_c0d866c6d877b6_n3_x1_medium_similar_cello_t0_total5000ms.wav,"You will hear 3 simultaneous melodic lines, all played with the same instrument, each in a distinct pitch register from highest to lowest. Every line plays continuously: each line always sustains a note, and consecutive notes flow directly into one another with no silence. The lines have different rhythms and numbers of notes, and individual note durations also vary within each line. Focus only on the highest melodic line. That line has exactly 10 notes. List all 10 MIDI note numbers in order from first to last. Reply with ONLY the integers separated by spaces. Nothing else. Output only the answer.","You will hear 3 simultaneous melodic lines, all played with the same instrument, each in a distinct pitch register from highest to lowest. Every line plays continuously: each line always sustains a note, and consecutive notes flow directly into one another with no silence. The lines have different rhythms and numbers of notes, and individual note durations also vary within each line. Focus only on the highest melodic line. That line has exactly 10 notes. List all 10 note names in order from first to last. Reply with ONLY the note names expressed in Scientific Pitch Notation, separated by spaces (e.g. C5 D#5 E5). Nothing else. Output only the answer.","You will hear 3 simultaneous melodic lines, all played with the same instrument, each in a distinct pitch register from highest to lowest. Every line plays continuously: each line always sustains a note, and consecutive notes flow directly into one another with no silence. The lines have different rhythms and numbers of notes, and individual note durations also vary within each line. Focus only on the highest melodic line. That line has exactly 10 notes. List all 10 solfège syllable and accidentals (if needed) in order from first to last (fixed-do: do=C re=D mi=E fa=F sol=G la=A si=B; include sharps e.g. do# re#). Reply with ONLY the syllable and accidentals (if needed) separated by spaces. Nothing else. Output only the answer.","You will hear 3 simultaneous melodic lines, all played with the same instrument, each in a distinct pitch register from highest to lowest. Every line plays continuously: each line always sustains a note, and consecutive notes flow directly into one another with no silence. The lines have different rhythms and numbers of notes, and individual note durations also vary within each line. Focus only on the highest melodic line. That line has exactly 10 notes. List the main pitch frequency in Hertz of all 10 notes in order from first to last. Reply with ONLY the frequencies in Hz separated by spaces (e.g. 261.6 329.6 392.0). Nothing else. Output only the answer."
10,"[52, 57, 59, 55, 54, 53, 50, 49, 48, 51]","['E3', 'A3', 'B3', 'G3', 'F#3', 'F3', 'D3', 'C#3', 'C3', 'D#3']","['mi', 'la', 'si', 'sol', 'fa#', 'fa', 're', 'do#', 'do', 're#']","[164.8138, 220.0, 246.9417, 195.9977, 184.9972, 174.6141, 146.8324, 138.5913, 130.8128, 155.5635]","[52, 53, 55, 57, 55, 53, 52, 50, 48, 47]","[True, False, False, False, False, True, False, False, True, False]",0,"['G3', 'F3', 'E3', 'D3', 'C3', 'B2', 'A2', 'G2', 'F2', 'E2']","[False, False, False, False, False, False, False, False, False, False]",0,"[7, 7, 5, 4, 4, 2, 2, 0, 2, 0]","[False, False, False, False, False, False, True, False, False, False]",0,"[110.0, 123.0, 130.0, 146.8, 164.8, 174.6, 196.0, 220.0, 246.9, 261.6]","[False, False, False, False, False, True, False, False, False, False]",0,0,52 53 55 57 55 53 52 50 48 47,G3 F3 E3 D3 C3 B2 A2 G2 F2 E2,sol sol fa mi mi re re do re do,110 123 130 146.8 164.8 174.6 196 220 246.9 261.6,3,3,slow,1000,10000,similar,cello,"['cello', 'cello', 'cello']",cello,0,"[8, 14, 10]",cello,instrument,/home/hsnu2/PitchBench/data/audio/pitchbench_f1_melodic_line_id/poly3_e19c67ea1c363e_n3_x3_slow_similar_cello_t0_total10000ms.wav,poly3_e19c67ea1c363e_n3_x3_slow_similar_cello_t0_total10000ms.wav,"You will hear 3 simultaneous melodic lines, all played with the same instrument, each in a distinct pitch register from highest to lowest. Every line plays continuously: each line always sustains a note, and consecutive notes flow directly into one another with no silence. The lines have different rhythms and numbers of notes, and individual note durations also vary within each line. Focus only on the lowest melodic line. That line has exactly 10 notes. List all 10 MIDI note numbers in order from first to last. Reply with ONLY the integers separated by spaces. Nothing else. Output only the answer.","You will hear 3 simultaneous melodic lines, all played with the same instrument, each in a distinct pitch register from highest to lowest. Every line plays continuously: each line always sustains a note, and consecutive notes flow directly into one another with no silence. The lines have different rhythms and numbers of notes, and individual note durations also vary within each line. Focus only on the lowest melodic line. That line has exactly 10 notes. List all 10 note names in order from first to last. Reply with ONLY the note names expressed in Scientific Pitch Notation, separated by spaces (e.g. C5 D#5 E5). Nothing else. Output only the answer.","You will hear 3 simultaneous melodic lines, all played with the same instrument, each in a distinct pitch register from highest to lowest. Every line plays continuously: each line always sustains a note, and consecutive notes flow directly into one another with no silence. The lines have different rhythms and numbers of notes, and individual note durations also vary within each line. Focus only on the lowest melodic line. That line has exactly 10 notes. List all 10 solfège syllable and accidentals (if needed) in order from first to last (fixed-do: do=C re=D mi=E fa=F sol=G la=A si=B; include sharps e.g. do# re#). Reply with ONLY the syllable and accidentals (if needed) separated by spaces. Nothing else. Output only the answer.","You will hear 3 simultaneous melodic lines, all played with the same instrument, each in a distinct pitch register from highest to lowest. Every line plays continuously: each line always sustains a note, and consecutive notes flow directly into one another with no silence. The lines have different rhythms and numbers of notes, and individual note durations also vary within each line. Focus only on the lowest melodic line. That line has exactly 10 notes. List the main pitch frequency in Hertz of all 10 notes in order from first to last. Reply with ONLY the frequencies in Hz separated by spaces (e.g. 261.6 329.6 392.0). Nothing else. Output only the answer."
10,"[72, 73, 78, 82, 81, 80, 77, 79, 74, 83]","['C5', 'C#5', 'F#5', 'A#5', 'A5', 'G#5', 'F5', 'G5', 'D5', 'B5']","['do', 'do#', 'fa#', 'la#', 'la', 'sol#', 'fa', 'sol', 're', 'si']","[523.2511, 554.3653, 739.9888, 932.3275, 880.0, 830.6094, 698.4565, 783.9909, 587.3295, 987.7666]","[72, 74, 76, 77, 79, 81, 83, 84, 86, 88]","[True, False, False, False, False, False, False, False, False, False]",0,"[None, None, None, None, None, None, None, None, None, None]","[None, None, None, None, None, None, None, None, None, None]",0,"[4, 5, 7, 9, 7, 5, 4, 2, 4, 0]","[False, False, False, False, False, False, False, False, False, False]",0,"[None, None, None, None, None, None, None, None, None, None]","[None, None, None, None, None, None, None, None, None, None]",0,0,72 74 76 77 79 81 83 84 86 88,"I’m sorry, but I can’t determine the note names just by listening.",mi fa sol la sol fa mi re mi do,"I'm sorry, but I can't determine the exact pitch frequencies just by listening.",3,1,medium,500,5000,similar,cello,"['cello', 'cello', 'cello']",cello,1,"[10, 2, 17]",cello,instrument,/home/hsnu2/PitchBench/data/audio/pitchbench_f1_melodic_line_id/poly3_49f25f9723f0ff_n3_x1_medium_similar_cello_t1_total5000ms.wav,poly3_49f25f9723f0ff_n3_x1_medium_similar_cello_t1_total5000ms.wav,"You will hear 3 simultaneous melodic lines, all played with the same instrument, each in a distinct pitch register from highest to lowest. Every line plays continuously: each line always sustains a note, and consecutive notes flow directly into one another with no silence. The lines have different rhythms and numbers of notes, and individual note durations also vary within each line. Focus only on the highest melodic line. That line has exactly 10 notes. List all 10 MIDI note numbers in order from first to last. Reply with ONLY the integers separated by spaces. Nothing else. Output only the answer.","You will hear 3 simultaneous melodic lines, all played with the same instrument, each in a distinct pitch register from highest to lowest. Every line plays continuously: each line always sustains a note, and consecutive notes flow directly into one another with no silence. The lines have different rhythms and numbers of notes, and individual note durations also vary within each line. Focus only on the highest melodic line. That line has exactly 10 notes. List all 10 note names in order from first to last. Reply with ONLY the note names expressed in Scientific Pitch Notation, separated by spaces (e.g. C5 D#5 E5). Nothing else. Output only the answer.","You will hear 3 simultaneous melodic lines, all played with the same instrument, each in a distinct pitch register from highest to lowest. Every line plays continuously: each line always sustains a note, and consecutive notes flow directly into one another with no silence. The lines have different rhythms and numbers of notes, and individual note durations also vary within each line. Focus only on the highest melodic line. That line has exactly 10 notes. List all 10 solfège syllable and accidentals (if needed) in order from first to last (fixed-do: do=C re=D mi=E fa=F sol=G la=A si=B; include sharps e.g. do# re#). Reply with ONLY the syllable and accidentals (if needed) separated by spaces. Nothing else. Output only the answer.","You will hear 3 simultaneous melodic lines, all played with the same instrument, each in a distinct pitch register from highest to lowest. Every line plays continuously: each line always sustains a note, and consecutive notes flow directly into one another with no silence. The lines have different rhythms and numbers of notes, and individual note durations also vary within each line. Focus only on the highest melodic line. That line has exactly 10 notes. List the main pitch frequency in Hertz of all 10 notes in order from first to last. Reply with ONLY the frequencies in Hz separated by spaces (e.g. 261.6 329.6 392.0). Nothing else. Output only the answer."
10,"[74, 79, 83, 75, 76, 80, 72, 77, 78, 82]","['D5', 'G5', 'B5', 'D#5', 'E5', 'G#5', 'C5', 'F5', 'F#5', 'A#5']","['re', 'sol', 'si', 're#', 'mi', 'sol#', 'do', 'fa', 'fa#', 'la#']","[587.3295, 783.9909, 987.7666, 622.254, 659.2551, 830.6094, 523.2511, 698.4565, 739.9888, 932.3275]","[72, 74, 76, 77, 79, 81, 83, 84, 86, 88]","[False, False, False, False, False, False, False, False, False, False]",0,"['A5', 'G5', 'F5', 'E5', 'D5', 'C5', 'B4', 'A4', 'G4', 'F4']","[False, True, False, False, False, False, False, False, False, False]",0,"[4, 5, 7, 9, 7, 5, 4, 2, 4, 0]","[False, False, False, False, False, False, False, False, False, False]",0,"[None, None, None, None, None, None, None, None, None, None]","[None, None, None, None, None, None, None, None, None, None]",0,0,72 74 76 77 79 81 83 84 86 88,A5 G5 F5 E5 D5 C5 B4 A4 G4 F4,mi fa sol la sol fa mi re mi do,"I’m sorry, but I can’t determine the exact pitch frequencies just by listening.",3,1,medium,500,5000,similar,clarinet,"['clarinet', 'clarinet', 'clarinet']",clarinet,0,"[10, 19, 2]",clarinet,instrument,/home/hsnu2/PitchBench/data/audio/pitchbench_f1_melodic_line_id/poly3_45f17c560a8289_n3_x1_medium_similar_clarinet_t0_total5000ms.wav,poly3_45f17c560a8289_n3_x1_medium_similar_clarinet_t0_total5000ms.wav,"You will hear 3 simultaneous melodic lines, all played with the same instrument, each in a distinct pitch register from highest to lowest. Every line plays continuously: each line always sustains a note, and consecutive notes flow directly into one another with no silence. The lines have different rhythms and numbers of notes, and individual note durations also vary within each line. Focus only on the highest melodic line. That line has exactly 10 notes. List all 10 MIDI note numbers in order from first to last. Reply with ONLY the integers separated by spaces. Nothing else. Output only the answer.","You will hear 3 simultaneous melodic lines, all played with the same instrument, each in a distinct pitch register from highest to lowest. Every line plays continuously: each line always sustains a note, and consecutive notes flow directly into one another with no silence. The lines have different rhythms and numbers of notes, and individual note durations also vary within each line. Focus only on the highest melodic line. That line has exactly 10 notes. List all 10 note names in order from first to last. Reply with ONLY the note names expressed in Scientific Pitch Notation, separated by spaces (e.g. C5 D#5 E5). Nothing else. Output only the answer.","You will hear 3 simultaneous melodic lines, all played with the same instrument, each in a distinct pitch register from highest to lowest. Every line plays continuously: each line always sustains a note, and consecutive notes flow directly into one another with no silence. The lines have different rhythms and numbers of notes, and individual note durations also vary within each line. Focus only on the highest melodic line. That line has exactly 10 notes. List all 10 solfège syllable and accidentals (if needed) in order from first to last (fixed-do: do=C re=D mi=E fa=F sol=G la=A si=B; include sharps e.g. do# re#). Reply with ONLY the syllable and accidentals (if needed) separated by spaces. Nothing else. Output only the answer.","You will hear 3 simultaneous melodic lines, all played with the same instrument, each in a distinct pitch register from highest to lowest. Every line plays continuously: each line always sustains a note, and consecutive notes flow directly into one another with no silence. The lines have different rhythms and numbers of notes, and individual note durations also vary within each line. Focus only on the highest melodic line. That line has exactly 10 notes. List the main pitch frequency in Hertz of all 10 notes in order from first to last. Reply with ONLY the frequencies in Hz separated by spaces (e.g. 261.6 329.6 392.0). Nothing else. Output only the answer."
10,"[69, 66, 67, 68, 60, 62, 70, 64, 65, 71]","['A4', 'F#4', 'G4', 'G#4', 'C4', 'D4', 'A#4', 'E4', 'F4', 'B4']","['la', 'fa#', 'sol', 'sol#', 'do', 're', 'la#', 'mi', 'fa', 'si']","[440.0, 369.9944, 391.9954, 415.3047, 261.6256, 293.6648, 466.1638, 329.6276, 349.2282, 493.8833]","[72, 74, 76, 77, 79, 81, 79, 77, 76, 74]","[False, False, False, False, False, False, False, False, False, False]",0,"[None, None, None, None, None, None, None, None, None, None]","[None, None, None, None, None, None, None, None, None, None]",0,"[7, 5, 4, 5, 2, 7, 5, 4, 2, 0]","[False, False, False, False, False, False, False, True, False, False]",0,"[None, None, None, None, None, None, None, None, None, None]","[None, None, None, None, None, None, None, None, None, None]",0,0,72 74 76 77 79 81 79 77 76 74,"I’m sorry, but I can’t determine the exact note names just by listening.",sol fa mi fa re sol fa mi re do,"I'm sorry, but I can't determine the exact pitch frequencies of the notes just by listening.",3,2,medium,500,5000,similar,clarinet,"['clarinet', 'clarinet', 'clarinet']",clarinet,1,"[7, 10, 3]",clarinet,instrument,/home/hsnu2/PitchBench/data/audio/pitchbench_f1_melodic_line_id/poly3_03d3ee3c951c85_n3_x2_medium_similar_clarinet_t1_total5000ms.wav,poly3_03d3ee3c951c85_n3_x2_medium_similar_clarinet_t1_total5000ms.wav,"You will hear 3 simultaneous melodic lines, all played with the same instrument, each in a distinct pitch register from highest to lowest. Every line plays continuously: each line always sustains a note, and consecutive notes flow directly into one another with no silence. The lines have different rhythms and numbers of notes, and individual note durations also vary within each line. Focus only on the second-from-top melodic line. That line has exactly 10 notes. List all 10 MIDI note numbers in order from first to last. Reply with ONLY the integers separated by spaces. Nothing else. Output only the answer.","You will hear 3 simultaneous melodic lines, all played with the same instrument, each in a distinct pitch register from highest to lowest. Every line plays continuously: each line always sustains a note, and consecutive notes flow directly into one another with no silence. The lines have different rhythms and numbers of notes, and individual note durations also vary within each line. Focus only on the second-from-top melodic line. That line has exactly 10 notes. List all 10 note names in order from first to last. Reply with ONLY the note names expressed in Scientific Pitch Notation, separated by spaces (e.g. C5 D#5 E5). Nothing else. Output only the answer.","You will hear 3 simultaneous melodic lines, all played with the same instrument, each in a distinct pitch register from highest to lowest. Every line plays continuously: each line always sustains a note, and consecutive notes flow directly into one another with no silence. The lines have different rhythms and numbers of notes, and individual note durations also vary within each line. Focus only on the second-from-top melodic line. That line has exactly 10 notes. List all 10 solfège syllable and accidentals (if needed) in order from first to last (fixed-do: do=C re=D mi=E fa=F sol=G la=A si=B; include sharps e.g. do# re#). Reply with ONLY the syllable and accidentals (if needed) separated by spaces. Nothing else. Output only the answer.","You will hear 3 simultaneous melodic lines, all played with the same instrument, each in a distinct pitch register from highest to lowest. Every line plays continuously: each line always sustains a note, and consecutive notes flow directly into one another with no silence. The lines have different rhythms and numbers of notes, and individual note durations also vary within each line. Focus only on the second-from-top melodic line. That line has exactly 10 notes. List the main pitch frequency in Hertz of all 10 notes in order from first to last. Reply with ONLY the frequencies in Hz separated by spaces (e.g. 261.6 329.6 392.0). Nothing else. Output only the answer."
10,"[69, 70, 65, 63, 71, 67, 62, 64, 61, 60]","['A4', 'A#4', 'F4', 'D#4', 'B4', 'G4', 'D4', 'E4', 'C#4', 'C4']","['la', 'la#', 'fa', 're#', 'si', 'sol', 're', 'mi', 'do#', 'do']","[440.0, 466.1638, 349.2282, 311.127, 493.8833, 391.9954, 293.6648, 329.6276, 277.1826, 261.6256]","[76, 74, 72, 71, 69, 67, 65, 64, 62, 60]","[False, False, False, False, False, True, False, True, False, True]",0,"[None, None, None, None, None, None, None, None, None, None]","[None, None, None, None, None, None, None, None, None, None]",0,"[7, 5, 4, 5, 7, 9, 7, 5, 4, 2]","[False, False, False, False, False, False, False, False, False, False]",0,"[None, None, None, None, None, None, None, None, None, None]","[None, None, None, None, None, None, None, None, None, None]",0,0,76 74 72 71 69 67 65 64 62 60,"I’m sorry, but I can’t determine the note names just by listening.",sol fa mi fa sol la sol fa mi re,"I’m sorry, but I can’t determine the exact frequencies of the notes just by listening.",3,2,medium,500,5000,similar,clarinet,"['clarinet', 'clarinet', 'clarinet']",clarinet,0,"[2, 10, 18]",clarinet,instrument,/home/hsnu2/PitchBench/data/audio/pitchbench_f1_melodic_line_id/poly3_656ea4c055a6b2_n3_x2_medium_similar_clarinet_t0_total5000ms.wav,poly3_656ea4c055a6b2_n3_x2_medium_similar_clarinet_t0_total5000ms.wav,"You will hear 3 simultaneous melodic lines, all played with the same instrument, each in a distinct pitch register from highest to lowest. Every line plays continuously: each line always sustains a note, and consecutive notes flow directly into one another with no silence. The lines have different rhythms and numbers of notes, and individual note durations also vary within each line. Focus only on the second-from-top melodic line. That line has exactly 10 notes. List all 10 MIDI note numbers in order from first to last. Reply with ONLY the integers separated by spaces. Nothing else. Output only the answer.","You will hear 3 simultaneous melodic lines, all played with the same instrument, each in a distinct pitch register from highest to lowest. Every line plays continuously: each line always sustains a note, and consecutive notes flow directly into one another with no silence. The lines have different rhythms and numbers of notes, and individual note durations also vary within each line. Focus only on the second-from-top melodic line. That line has exactly 10 notes. List all 10 note names in order from first to last. Reply with ONLY the note names expressed in Scientific Pitch Notation, separated by spaces (e.g. C5 D#5 E5). Nothing else. Output only the answer.","You will hear 3 simultaneous melodic lines, all played with the same instrument, each in a distinct pitch register from highest to lowest. Every line plays continuously: each line always sustains a note, and consecutive notes flow directly into one another with no silence. The lines have different rhythms and numbers of notes, and individual note durations also vary within each line. Focus only on the second-from-top melodic line. That line has exactly 10 notes. List all 10 solfège syllable and accidentals (if needed) in order from first to last (fixed-do: do=C re=D mi=E fa=F sol=G la=A si=B; include sharps e.g. do# re#). Reply with ONLY the syllable and accidentals (if needed) separated by spaces. Nothing else. Output only the answer.","You will hear 3 simultaneous melodic lines, all played with the same instrument, each in a distinct pitch register from highest to lowest. Every line plays continuously: each line always sustains a note, and consecutive notes flow directly into one another with no silence. The lines have different rhythms and numbers of notes, and individual note durations also vary within each line. Focus only on the second-from-top melodic line. That line has exactly 10 notes. List the main pitch frequency in Hertz of all 10 notes in order from first to last. Reply with ONLY the frequencies in Hz separated by spaces (e.g. 261.6 329.6 392.0). Nothing else. Output only the answer."
10,"[65, 66, 61, 62, 68, 71, 60, 70, 63, 64]","['F4', 'F#4', 'C#4', 'D4', 'G#4', 'B4', 'C4', 'A#4', 'D#4', 'E4']","['fa', 'fa#', 'do#', 're', 'sol#', 'si', 'do', 'la#', 're#', 'mi']","[349.2282, 369.9944, 277.1826, 293.6648, 415.3047, 493.8833, 261.6256, 466.1638, 311.127, 329.6276]","[77, 76, 74, 72, 71, 69, 67, 65, 64, 62]","[False, False, False, False, False, False, False, False, False, False]",0,"['G4', 'F4', 'E4', 'D4', 'C4', 'D4', 'E4', 'F4', 'G4', 'A4']","[False, False, False, True, False, False, False, False, False, False]",0,"[7, 5, 4, 2, 0, 2, 4, 5, 7, 9]","[False, False, False, True, False, False, False, False, False, False]",0,"[None, None, None, None, None, None, None, None, None, None]","[None, None, None, None, None, None, None, None, None, None]",0,0,77 76 74 72 71 69 67 65 64 62,G4 F4 E4 D4 C4 D4 E4 F4 G4 A4,sol fa mi re do re mi fa sol la,"I’m sorry, but I can’t determine the exact pitch frequencies just by listening.",3,2,slow,1000,10000,similar,clarinet,"['clarinet', 'clarinet', 'clarinet']",clarinet,0,"[10, 10, 7]",clarinet,instrument,/home/hsnu2/PitchBench/data/audio/pitchbench_f1_melodic_line_id/poly3_24d9b8503d602e_n3_x2_slow_similar_clarinet_t0_total10000ms.wav,poly3_24d9b8503d602e_n3_x2_slow_similar_clarinet_t0_total10000ms.wav,"You will hear 3 simultaneous melodic lines, all played with the same instrument, each in a distinct pitch register from highest to lowest. Every line plays continuously: each line always sustains a note, and consecutive notes flow directly into one another with no silence. The lines have different rhythms and numbers of notes, and individual note durations also vary within each line. Focus only on the second-from-top melodic line. That line has exactly 10 notes. List all 10 MIDI note numbers in order from first to last. Reply with ONLY the integers separated by spaces. Nothing else. Output only the answer.","You will hear 3 simultaneous melodic lines, all played with the same instrument, each in a distinct pitch register from highest to lowest. Every line plays continuously: each line always sustains a note, and consecutive notes flow directly into one another with no silence. The lines have different rhythms and numbers of notes, and individual note durations also vary within each line. Focus only on the second-from-top melodic line. That line has exactly 10 notes. List all 10 note names in order from first to last. Reply with ONLY the note names expressed in Scientific Pitch Notation, separated by spaces (e.g. C5 D#5 E5). Nothing else. Output only the answer.","You will hear 3 simultaneous melodic lines, all played with the same instrument, each in a distinct pitch register from highest to lowest. Every line plays continuously: each line always sustains a note, and consecutive notes flow directly into one another with no silence. The lines have different rhythms and numbers of notes, and individual note durations also vary within each line. Focus only on the second-from-top melodic line. That line has exactly 10 notes. List all 10 solfège syllable and accidentals (if needed) in order from first to last (fixed-do: do=C re=D mi=E fa=F sol=G la=A si=B; include sharps e.g. do# re#). Reply with ONLY the syllable and accidentals (if needed) separated by spaces. Nothing else. Output only the answer.","You will hear 3 simultaneous melodic lines, all played with the same instrument, each in a distinct pitch register from highest to lowest. Every line plays continuously: each line always sustains a note, and consecutive notes flow directly into one another with no silence. The lines have different rhythms and numbers of notes, and individual note durations also vary within each line. Focus only on the second-from-top melodic line. That line has exactly 10 notes. List the main pitch frequency in Hertz of all 10 notes in order from first to last. Reply with ONLY the frequencies in Hz separated by spaces (e.g. 261.6 329.6 392.0). Nothing else. Output only the answer."
10,"[72, 73, 78, 82, 81, 80, 77, 79, 74, 83]","['C5', 'C#5', 'F#5', 'A#5', 'A5', 'G#5', 'F5', 'G5', 'D5', 'B5']","['do', 'do#', 'fa#', 'la#', 'la', 'sol#', 'fa', 'sol', 're', 'si']","[523.2511, 554.3653, 739.9888, 932.3275, 880.0, 830.6094, 698.4565, 783.9909, 587.3295, 987.7666]","[72, 74, 76, 77, 79, 81, 83, 84, 86, 88]","[True, False, False, False, False, False, False, False, False, False]",0,"['E6', 'G6', 'F6', 'A6', 'B6', 'C7', 'D7', 'E7', 'F7', 'G7']","[False, False, False, False, False, False, False, False, False, False]",0,"[7, 7, 5, 4, 5, 7, 9, 7, 5, 4]","[False, False, False, False, False, False, False, True, False, False]",0,"[440.0, 466.2, 493.9, 523.3, 554.4, 587.3, 622.3, 659.3, 698.5, 740.0]","[False, False, False, False, False, False, False, False, False, False]",0,0,72 74 76 77 79 81 83 84 86 88,E6 G6 F6 A6 B6 C7 D7 E7 F7 G7,sol sol fa mi fa sol la sol fa mi,440.0 466.2 493.9 523.3 554.4 587.3 622.3 659.3 698.5 740.0,3,1,medium,500,5000,similar,clarinet,"['clarinet', 'clarinet', 'clarinet']",clarinet,1,"[10, 2, 17]",clarinet,instrument,/home/hsnu2/PitchBench/data/audio/pitchbench_f1_melodic_line_id/poly3_95894b55334227_n3_x1_medium_similar_clarinet_t1_total5000ms.wav,poly3_95894b55334227_n3_x1_medium_similar_clarinet_t1_total5000ms.wav,"You will hear 3 simultaneous melodic lines, all played with the same instrument, each in a distinct pitch register from highest to lowest. Every line plays continuously: each line always sustains a note, and consecutive notes flow directly into one another with no silence. The lines have different rhythms and numbers of notes, and individual note durations also vary within each line. Focus only on the highest melodic line. That line has exactly 10 notes. List all 10 MIDI note numbers in order from first to last. Reply with ONLY the integers separated by spaces. Nothing else. Output only the answer.","You will hear 3 simultaneous melodic lines, all played with the same instrument, each in a distinct pitch register from highest to lowest. Every line plays continuously: each line always sustains a note, and consecutive notes flow directly into one another with no silence. The lines have different rhythms and numbers of notes, and individual note durations also vary within each line. Focus only on the highest melodic line. That line has exactly 10 notes. List all 10 note names in order from first to last. Reply with ONLY the note names expressed in Scientific Pitch Notation, separated by spaces (e.g. C5 D#5 E5). Nothing else. Output only the answer.","You will hear 3 simultaneous melodic lines, all played with the same instrument, each in a distinct pitch register from highest to lowest. Every line plays continuously: each line always sustains a note, and consecutive notes flow directly into one another with no silence. The lines have different rhythms and numbers of notes, and individual note durations also vary within each line. Focus only on the highest melodic line. That line has exactly 10 notes. List all 10 solfège syllable and accidentals (if needed) in order from first to last (fixed-do: do=C re=D mi=E fa=F sol=G la=A si=B; include sharps e.g. do# re#). Reply with ONLY the syllable and accidentals (if needed) separated by spaces. Nothing else. Output only the answer.","You will hear 3 simultaneous melodic lines, all played with the same instrument, each in a distinct pitch register from highest to lowest. Every line plays continuously: each line always sustains a note, and consecutive notes flow directly into one another with no silence. The lines have different rhythms and numbers of notes, and individual note durations also vary within each line. Focus only on the highest melodic line. That line has exactly 10 notes. List the main pitch frequency in Hertz of all 10 notes in order from first to last. Reply with ONLY the frequencies in Hz separated by spaces (e.g. 261.6 329.6 392.0). Nothing else. Output only the answer."
10,"[56, 54, 55, 59, 57, 48, 58, 49, 53, 52]","['G#3', 'F#3', 'G3', 'B3', 'A3', 'C3', 'A#3', 'C#3', 'F3', 'E3']","['sol#', 'fa#', 'sol', 'si', 'la', 'do', 'la#', 'do#', 'fa', 'mi']","[207.6523, 184.9972, 195.9977, 246.9417, 220.0, 130.8128, 233.0819, 138.5913, 174.6141, 164.8138]","[52, 53, 55, 57, 55, 53, 52, 50, 48, 47]","[False, False, True, False, False, False, False, False, False, False]",0,"['F3', 'G3', 'A3', 'F3', 'E3', 'D3', 'C3', 'D3', 'E3', 'F3']","[False, False, False, False, False, False, False, False, False, False]",0,"[7, 5, 4, 2, 0, 11, 9, 7, 5, 4]","[False, False, False, False, False, False, False, False, True, True]",0,"[130.8, 146.8, 130.8, 123.5, 110.0, 98.0, 110.0, 123.5, 130.8, 146.8]","[False, False, False, False, False, False, False, False, False, False]",0,0,52 53 55 57 55 53 52 50 48 47,F3 G3 A3 F3 E3 D3 C3 D3 E3 F3,sol fa mi re do si la sol fa mi,130.8 146.8 130.8 123.5 110.0 98.0 110.0 123.5 130.8 146.8,3,3,medium,500,5000,similar,flute,"['flute', 'flute', 'flute']",flute,0,"[10, 8, 10]",flute,instrument,/home/hsnu2/PitchBench/data/audio/pitchbench_f1_melodic_line_id/poly3_9e69657cb0763c_n3_x3_medium_similar_flute_t0_total5000ms.wav,poly3_9e69657cb0763c_n3_x3_medium_similar_flute_t0_total5000ms.wav,"You will hear 3 simultaneous melodic lines, all played with the same instrument, each in a distinct pitch register from highest to lowest. Every line plays continuously: each line always sustains a note, and consecutive notes flow directly into one another with no silence. The lines have different rhythms and numbers of notes, and individual note durations also vary within each line. Focus only on the lowest melodic line. That line has exactly 10 notes. List all 10 MIDI note numbers in order from first to last. Reply with ONLY the integers separated by spaces. Nothing else. Output only the answer.","You will hear 3 simultaneous melodic lines, all played with the same instrument, each in a distinct pitch register from highest to lowest. Every line plays continuously: each line always sustains a note, and consecutive notes flow directly into one another with no silence. The lines have different rhythms and numbers of notes, and individual note durations also vary within each line. Focus only on the lowest melodic line. That line has exactly 10 notes. List all 10 note names in order from first to last. Reply with ONLY the note names expressed in Scientific Pitch Notation, separated by spaces (e.g. C5 D#5 E5). Nothing else. Output only the answer.","You will hear 3 simultaneous melodic lines, all played with the same instrument, each in a distinct pitch register from highest to lowest. Every line plays continuously: each line always sustains a note, and consecutive notes flow directly into one another with no silence. The lines have different rhythms and numbers of notes, and individual note durations also vary within each line. Focus only on the lowest melodic line. That line has exactly 10 notes. List all 10 solfège syllable and accidentals (if needed) in order from first to last (fixed-do: do=C re=D mi=E fa=F sol=G la=A si=B; include sharps e.g. do# re#). Reply with ONLY the syllable and accidentals (if needed) separated by spaces. Nothing else. Output only the answer.","You will hear 3 simultaneous melodic lines, all played with the same instrument, each in a distinct pitch register from highest to lowest. Every line plays continuously: each line always sustains a note, and consecutive notes flow directly into one another with no silence. The lines have different rhythms and numbers of notes, and individual note durations also vary within each line. Focus only on the lowest melodic line. That line has exactly 10 notes. List the main pitch frequency in Hertz of all 10 notes in order from first to last. Reply with ONLY the frequencies in Hz separated by spaces (e.g. 261.6 329.6 392.0). Nothing else. Output only the answer."
10,"[65, 60, 67, 62, 70, 71, 63, 69, 68, 61]","['F4', 'C4', 'G4', 'D4', 'A#4', 'B4', 'D#4', 'A4', 'G#4', 'C#4']","['fa', 'do', 'sol', 're', 'la#', 'si', 're#', 'la', 'sol#', 'do#']","[349.2282, 261.6256, 391.9954, 293.6648, 466.1638, 493.8833, 311.127, 440.0, 415.3047, 277.1826]","[72, 74, 76, 77, 76, 74, 72, 71, 69, 67]","[False, False, False, False, False, False, False, False, False, False]",0,"['E5', 'F#5', 'G5', 'A5', 'G5', 'F#5', 'E5', 'D5', 'C#5', 'D5']","[False, False, False, False, False, False, False, False, False, False]",0,"[7, 5, 4, 2, 0, 2, 4, 5, 7, 9]","[False, False, False, True, False, False, False, False, False, False]",0,"[None, None, None, None, None, None, None, None, None, None]","[None, None, None, None, None, None, None, None, None, None]",0,0,72 74 76 77 76 74 72 71 69 67,E5 F#5 G5 A5 G5 F#5 E5 D5 C#5 D5,sol fa mi re do re mi fa sol la,"I’m sorry, but I can’t determine the exact frequencies of the notes just by listening.",3,2,slow,1000,10000,similar,flute,"['flute', 'flute', 'flute']",flute,1,"[1, 10, 16]",flute,instrument,/home/hsnu2/PitchBench/data/audio/pitchbench_f1_melodic_line_id/poly3_22a03656b4f587_n3_x2_slow_similar_flute_t1_total10000ms.wav,poly3_22a03656b4f587_n3_x2_slow_similar_flute_t1_total10000ms.wav,"You will hear 3 simultaneous melodic lines, all played with the same instrument, each in a distinct pitch register from highest to lowest. Every line plays continuously: each line always sustains a note, and consecutive notes flow directly into one another with no silence. The lines have different rhythms and numbers of notes, and individual note durations also vary within each line. Focus only on the second-from-top melodic line. That line has exactly 10 notes. List all 10 MIDI note numbers in order from first to last. Reply with ONLY the integers separated by spaces. Nothing else. Output only the answer.","You will hear 3 simultaneous melodic lines, all played with the same instrument, each in a distinct pitch register from highest to lowest. Every line plays continuously: each line always sustains a note, and consecutive notes flow directly into one another with no silence. The lines have different rhythms and numbers of notes, and individual note durations also vary within each line. Focus only on the second-from-top melodic line. That line has exactly 10 notes. List all 10 note names in order from first to last. Reply with ONLY the note names expressed in Scientific Pitch Notation, separated by spaces (e.g. C5 D#5 E5). Nothing else. Output only the answer.","You will hear 3 simultaneous melodic lines, all played with the same instrument, each in a distinct pitch register from highest to lowest. Every line plays continuously: each line always sustains a note, and consecutive notes flow directly into one another with no silence. The lines have different rhythms and numbers of notes, and individual note durations also vary within each line. Focus only on the second-from-top melodic line. That line has exactly 10 notes. List all 10 solfège syllable and accidentals (if needed) in order from first to last (fixed-do: do=C re=D mi=E fa=F sol=G la=A si=B; include sharps e.g. do# re#). Reply with ONLY the syllable and accidentals (if needed) separated by spaces. Nothing else. Output only the answer.","You will hear 3 simultaneous melodic lines, all played with the same instrument, each in a distinct pitch register from highest to lowest. Every line plays continuously: each line always sustains a note, and consecutive notes flow directly into one another with no silence. The lines have different rhythms and numbers of notes, and individual note durations also vary within each line. Focus only on the second-from-top melodic line. That line has exactly 10 notes. List the main pitch frequency in Hertz of all 10 notes in order from first to last. Reply with ONLY the frequencies in Hz separated by spaces (e.g. 261.6 329.6 392.0). Nothing else. Output only the answer."
10,"[76, 77, 72, 83, 75, 78, 80, 73, 81, 74]","['E5', 'F5', 'C5', 'B5', 'D#5', 'F#5', 'G#5', 'C#5', 'A5', 'D5']","['mi', 'fa', 'do', 'si', 're#', 'fa#', 'sol#', 'do#', 'la', 're']","[659.2551, 698.4565, 523.2511, 987.7666, 622.254, 739.9888, 830.6094, 554.3653, 880.0, 587.3295]","[84, 86, 88, 89, 88, 86, 84, 83, 81, 79]","[False, False, False, False, False, False, False, False, True, False]",0,"['G5', 'F5', 'E5', 'D5', 'C5', 'D5', 'E5', 'F5', 'G5', 'A5']","[False, True, False, False, False, False, False, False, False, False]",0,"[4, 5, 4, 2, 0, 11, 9, 11, 0, 2]","[True, True, False, False, False, False, False, False, False, True]",0,"[880.0, 932.3, 987.8, 1046.5, 1174.7, 1318.5, 1396.9, 1567.9, 1760.0, 1975.5]","[False, False, False, False, False, False, False, False, False, False]",0,0,84 86 88 89 88 86 84 83 81 79,G5 F5 E5 D5 C5 D5 E5 F5 G5 A5,mi fa mi re do si la si do re,880.0 932.3 987.8 1046.5 1174.7 1318.5 1396.9 1567.9 1760.0 1975.5,3,1,slow,1000,10000,similar,flute,"['flute', 'flute', 'flute']",flute,0,"[10, 14, 11]",flute,instrument,/home/hsnu2/PitchBench/data/audio/pitchbench_f1_melodic_line_id/poly3_6298549ef83fda_n3_x1_slow_similar_flute_t0_total10000ms.wav,poly3_6298549ef83fda_n3_x1_slow_similar_flute_t0_total10000ms.wav,"You will hear 3 simultaneous melodic lines, all played with the same instrument, each in a distinct pitch register from highest to lowest. Every line plays continuously: each line always sustains a note, and consecutive notes flow directly into one another with no silence. The lines have different rhythms and numbers of notes, and individual note durations also vary within each line. Focus only on the highest melodic line. That line has exactly 10 notes. List all 10 MIDI note numbers in order from first to last. Reply with ONLY the integers separated by spaces. Nothing else. Output only the answer.","You will hear 3 simultaneous melodic lines, all played with the same instrument, each in a distinct pitch register from highest to lowest. Every line plays continuously: each line always sustains a note, and consecutive notes flow directly into one another with no silence. The lines have different rhythms and numbers of notes, and individual note durations also vary within each line. Focus only on the highest melodic line. That line has exactly 10 notes. List all 10 note names in order from first to last. Reply with ONLY the note names expressed in Scientific Pitch Notation, separated by spaces (e.g. C5 D#5 E5). Nothing else. Output only the answer.","You will hear 3 simultaneous melodic lines, all played with the same instrument, each in a distinct pitch register from highest to lowest. Every line plays continuously: each line always sustains a note, and consecutive notes flow directly into one another with no silence. The lines have different rhythms and numbers of notes, and individual note durations also vary within each line. Focus only on the highest melodic line. That line has exactly 10 notes. List all 10 solfège syllable and accidentals (if needed) in order from first to last (fixed-do: do=C re=D mi=E fa=F sol=G la=A si=B; include sharps e.g. do# re#). Reply with ONLY the syllable and accidentals (if needed) separated by spaces. Nothing else. Output only the answer.","You will hear 3 simultaneous melodic lines, all played with the same instrument, each in a distinct pitch register from highest to lowest. Every line plays continuously: each line always sustains a note, and consecutive notes flow directly into one another with no silence. The lines have different rhythms and numbers of notes, and individual note durations also vary within each line. Focus only on the highest melodic line. That line has exactly 10 notes. List the main pitch frequency in Hertz of all 10 notes in order from first to last. Reply with ONLY the frequencies in Hz separated by spaces (e.g. 261.6 329.6 392.0). Nothing else. Output only the answer."
10,"[72, 73, 78, 82, 81, 80, 77, 79, 74, 83]","['C5', 'C#5', 'F#5', 'A#5', 'A5', 'G#5', 'F5', 'G5', 'D5', 'B5']","['do', 'do#', 'fa#', 'la#', 'la', 'sol#', 'fa', 'sol', 're', 'si']","[523.2511, 554.3653, 739.9888, 932.3275, 880.0, 830.6094, 698.4565, 783.9909, 587.3295, 987.7666]","[84, 86, 88, 89, 91, 89, 88, 86, 84, 83]","[False, False, False, False, False, False, False, False, False, True]",0,"['E6', 'F6', 'G6', 'A6', 'G6', 'F6', 'E6', 'D6', 'C6', 'B5']","[False, False, False, False, False, False, False, False, False, True]",0,"[7, 7, 5, 4, 2, 2, 0, 2, 4, 5]","[False, False, False, False, False, False, False, False, False, False]",0,"[None, None, None, None, None, None, None, None, None, None]","[None, None, None, None, None, None, None, None, None, None]",0,0,84 86 88 89 91 89 88 86 84 83,E6 F6 G6 A6 G6 F6 E6 D6 C6 B5,sol sol fa mi re re do re mi fa,"I’m sorry, but I can’t determine the exact pitch frequencies from the audio.",3,1,medium,500,5000,similar,flute,"['flute', 'flute', 'flute']",flute,1,"[10, 2, 17]",flute,instrument,/home/hsnu2/PitchBench/data/audio/pitchbench_f1_melodic_line_id/poly3_67c41501ea69ba_n3_x1_medium_similar_flute_t1_total5000ms.wav,poly3_67c41501ea69ba_n3_x1_medium_similar_flute_t1_total5000ms.wav,"You will hear 3 simultaneous melodic lines, all played with the same instrument, each in a distinct pitch register from highest to lowest. Every line plays continuously: each line always sustains a note, and consecutive notes flow directly into one another with no silence. The lines have different rhythms and numbers of notes, and individual note durations also vary within each line. Focus only on the highest melodic line. That line has exactly 10 notes. List all 10 MIDI note numbers in order from first to last. Reply with ONLY the integers separated by spaces. Nothing else. Output only the answer.","You will hear 3 simultaneous melodic lines, all played with the same instrument, each in a distinct pitch register from highest to lowest. Every line plays continuously: each line always sustains a note, and consecutive notes flow directly into one another with no silence. The lines have different rhythms and numbers of notes, and individual note durations also vary within each line. Focus only on the highest melodic line. That line has exactly 10 notes. List all 10 note names in order from first to last. Reply with ONLY the note names expressed in Scientific Pitch Notation, separated by spaces (e.g. C5 D#5 E5). Nothing else. Output only the answer.","You will hear 3 simultaneous melodic lines, all played with the same instrument, each in a distinct pitch register from highest to lowest. Every line plays continuously: each line always sustains a note, and consecutive notes flow directly into one another with no silence. The lines have different rhythms and numbers of notes, and individual note durations also vary within each line. Focus only on the highest melodic line. That line has exactly 10 notes. List all 10 solfège syllable and accidentals (if needed) in order from first to last (fixed-do: do=C re=D mi=E fa=F sol=G la=A si=B; include sharps e.g. do# re#). Reply with ONLY the syllable and accidentals (if needed) separated by spaces. Nothing else. Output only the answer.","You will hear 3 simultaneous melodic lines, all played with the same instrument, each in a distinct pitch register from highest to lowest. Every line plays continuously: each line always sustains a note, and consecutive notes flow directly into one another with no silence. The lines have different rhythms and numbers of notes, and individual note durations also vary within each line. Focus only on the highest melodic line. That line has exactly 10 notes. List the main pitch frequency in Hertz of all 10 notes in order from first to last. Reply with ONLY the frequencies in Hz separated by spaces (e.g. 261.6 329.6 392.0). Nothing else. Output only the answer."
10,"[55, 59, 50, 48, 52, 58, 54, 56, 49, 57]","['G3', 'B3', 'D3', 'C3', 'E3', 'A#3', 'F#3', 'G#3', 'C#3', 'A3']","['sol', 'si', 're', 'do', 'mi', 'la#', 'fa#', 'sol#', 'do#', 'la']","[195.9977, 246.9417, 146.8324, 130.8128, 164.8138, 233.0819, 184.9972, 207.6523, 138.5913, 220.0]","[48, 50, 52, 53, 55, 57, 55, 53, 52, 50]","[False, False, False, False, False, False, False, False, False, False]",0,"['G3', 'F3', 'E3', 'D3', 'C3', 'B2', 'A2', 'G2', 'F2', 'E2']","[True, False, False, False, False, False, False, False, False, False]",0,"[7, 7, 5, 4, 4, 2, 2, 0, 2, 0]","[True, False, False, False, True, False, False, False, False, False]",0,"[82.4, 98.0, 87.3, 92.5, 82.4, 73.4, 82.4, 98.0, 87.3, 82.4]","[False, False, False, False, False, False, False, False, False, False]",0,0,48 50 52 53 55 57 55 53 52 50,G3 F3 E3 D3 C3 B2 A2 G2 F2 E2,sol sol fa mi mi re re do re do,82.4 98.0 87.3 92.5 82.4 73.4 82.4 98.0 87.3 82.4,3,3,slow,1000,10000,similar,flute,"['flute', 'flute', 'flute']",flute,1,"[11, 6, 10]",flute,instrument,/home/hsnu2/PitchBench/data/audio/pitchbench_f1_melodic_line_id/poly3_0f47c9f9bc7fd8_n3_x3_slow_similar_flute_t1_total10000ms.wav,poly3_0f47c9f9bc7fd8_n3_x3_slow_similar_flute_t1_total10000ms.wav,"You will hear 3 simultaneous melodic lines, all played with the same instrument, each in a distinct pitch register from highest to lowest. Every line plays continuously: each line always sustains a note, and consecutive notes flow directly into one another with no silence. The lines have different rhythms and numbers of notes, and individual note durations also vary within each line. Focus only on the lowest melodic line. That line has exactly 10 notes. List all 10 MIDI note numbers in order from first to last. Reply with ONLY the integers separated by spaces. Nothing else. Output only the answer.","You will hear 3 simultaneous melodic lines, all played with the same instrument, each in a distinct pitch register from highest to lowest. Every line plays continuously: each line always sustains a note, and consecutive notes flow directly into one another with no silence. The lines have different rhythms and numbers of notes, and individual note durations also vary within each line. Focus only on the lowest melodic line. That line has exactly 10 notes. List all 10 note names in order from first to last. Reply with ONLY the note names expressed in Scientific Pitch Notation, separated by spaces (e.g. C5 D#5 E5). Nothing else. Output only the answer.","You will hear 3 simultaneous melodic lines, all played with the same instrument, each in a distinct pitch register from highest to lowest. Every line plays continuously: each line always sustains a note, and consecutive notes flow directly into one another with no silence. The lines have different rhythms and numbers of notes, and individual note durations also vary within each line. Focus only on the lowest melodic line. That line has exactly 10 notes. List all 10 solfège syllable and accidentals (if needed) in order from first to last (fixed-do: do=C re=D mi=E fa=F sol=G la=A si=B; include sharps e.g. do# re#). Reply with ONLY the syllable and accidentals (if needed) separated by spaces. Nothing else. Output only the answer.","You will hear 3 simultaneous melodic lines, all played with the same instrument, each in a distinct pitch register from highest to lowest. Every line plays continuously: each line always sustains a note, and consecutive notes flow directly into one another with no silence. The lines have different rhythms and numbers of notes, and individual note durations also vary within each line. Focus only on the lowest melodic line. That line has exactly 10 notes. List the main pitch frequency in Hertz of all 10 notes in order from first to last. Reply with ONLY the frequencies in Hz separated by spaces (e.g. 261.6 329.6 392.0). Nothing else. Output only the answer."
10,"[65, 60, 67, 62, 70, 71, 63, 69, 68, 61]","['F4', 'C4', 'G4', 'D4', 'A#4', 'B4', 'D#4', 'A4', 'G#4', 'C#4']","['fa', 'do', 'sol', 're', 'la#', 'si', 're#', 'la', 'sol#', 'do#']","[349.2282, 261.6256, 391.9954, 293.6648, 466.1638, 493.8833, 311.127, 440.0, 415.3047, 277.1826]","[72, 74, 76, 77, 79, 81, 79, 77, 76, 74]","[False, False, False, False, False, False, False, False, False, False]",0,"['F5', 'E5', 'G5', 'F5', 'D5', 'E5', 'C5', 'D5', 'B4', 'C5']","[False, False, False, False, False, False, False, False, False, False]",0,"[7, 5, 4, 2, 0, 2, 4, 5, 7, 9]","[False, False, False, True, False, False, False, False, False, False]",0,"[None, None, None, None, None, None, None, None, None, None]","[None, None, None, None, None, None, None, None, None, None]",0,0,72 74 76 77 79 81 79 77 76 74,F5 E5 G5 F5 D5 E5 C5 D5 B4 C5,sol fa mi re do re mi fa sol la,"I’m sorry, but I can’t determine the exact pitch frequencies from the audio.",3,2,slow,1000,10000,similar,oboe,"['oboe', 'oboe', 'oboe']",oboe,1,"[1, 10, 16]",oboe,instrument,/home/hsnu2/PitchBench/data/audio/pitchbench_f1_melodic_line_id/poly3_4308577977afe3_n3_x2_slow_similar_oboe_t1_total10000ms.wav,poly3_4308577977afe3_n3_x2_slow_similar_oboe_t1_total10000ms.wav,"You will hear 3 simultaneous melodic lines, all played with the same instrument, each in a distinct pitch register from highest to lowest. Every line plays continuously: each line always sustains a note, and consecutive notes flow directly into one another with no silence. The lines have different rhythms and numbers of notes, and individual note durations also vary within each line. Focus only on the second-from-top melodic line. That line has exactly 10 notes. List all 10 MIDI note numbers in order from first to last. Reply with ONLY the integers separated by spaces. Nothing else. Output only the answer.","You will hear 3 simultaneous melodic lines, all played with the same instrument, each in a distinct pitch register from highest to lowest. Every line plays continuously: each line always sustains a note, and consecutive notes flow directly into one another with no silence. The lines have different rhythms and numbers of notes, and individual note durations also vary within each line. Focus only on the second-from-top melodic line. That line has exactly 10 notes. List all 10 note names in order from first to last. Reply with ONLY the note names expressed in Scientific Pitch Notation, separated by spaces (e.g. C5 D#5 E5). Nothing else. Output only the answer.","You will hear 3 simultaneous melodic lines, all played with the same instrument, each in a distinct pitch register from highest to lowest. Every line plays continuously: each line always sustains a note, and consecutive notes flow directly into one another with no silence. The lines have different rhythms and numbers of notes, and individual note durations also vary within each line. Focus only on the second-from-top melodic line. That line has exactly 10 notes. List all 10 solfège syllable and accidentals (if needed) in order from first to last (fixed-do: do=C re=D mi=E fa=F sol=G la=A si=B; include sharps e.g. do# re#). Reply with ONLY the syllable and accidentals (if needed) separated by spaces. Nothing else. Output only the answer.","You will hear 3 simultaneous melodic lines, all played with the same instrument, each in a distinct pitch register from highest to lowest. Every line plays continuously: each line always sustains a note, and consecutive notes flow directly into one another with no silence. The lines have different rhythms and numbers of notes, and individual note durations also vary within each line. Focus only on the second-from-top melodic line. That line has exactly 10 notes. List the main pitch frequency in Hertz of all 10 notes in order from first to last. Reply with ONLY the frequencies in Hz separated by spaces (e.g. 261.6 329.6 392.0). Nothing else. Output only the answer."
10,"[69, 70, 65, 63, 71, 67, 62, 64, 61, 60]","['A4', 'A#4', 'F4', 'D#4', 'B4', 'G4', 'D4', 'E4', 'C#4', 'C4']","['la', 'la#', 'fa', 're#', 'si', 'sol', 're', 'mi', 'do#', 'do']","[440.0, 466.1638, 349.2282, 311.127, 493.8833, 391.9954, 293.6648, 329.6276, 277.1826, 261.6256]","[None, None, None, None, None, None, None, None, None, None]","[None, None, None, None, None, None, None, None, None, None]",0,"[None, None, None, None, None, None, None, None, None, None]","[None, None, None, None, None, None, None, None, None, None]",0,"[7, 9, 5, 4, 5, 7, 5, 4, 2, 0]","[False, False, True, False, False, True, False, True, False, True]",0,"[None, None, None, None, None, None, None, None, None, None]","[None, None, None, None, None, None, None, None, None, None]",0,0,"I’m sorry, but I can’t determine the MIDI note numbers just by listening.","I’m sorry, but I can’t determine the note names just by listening.",Sol la fa mi fa sol fa mi re do,"I’m sorry, but I can’t determine the exact pitch frequencies just by listening.",3,2,medium,500,5000,similar,oboe,"['oboe', 'oboe', 'oboe']",oboe,0,"[2, 10, 18]",oboe,instrument,/home/hsnu2/PitchBench/data/audio/pitchbench_f1_melodic_line_id/poly3_4aca7ea5ad725f_n3_x2_medium_similar_oboe_t0_total5000ms.wav,poly3_4aca7ea5ad725f_n3_x2_medium_similar_oboe_t0_total5000ms.wav,"You will hear 3 simultaneous melodic lines, all played with the same instrument, each in a distinct pitch register from highest to lowest. Every line plays continuously: each line always sustains a note, and consecutive notes flow directly into one another with no silence. The lines have different rhythms and numbers of notes, and individual note durations also vary within each line. Focus only on the second-from-top melodic line. That line has exactly 10 notes. List all 10 MIDI note numbers in order from first to last. Reply with ONLY the integers separated by spaces. Nothing else. Output only the answer.","You will hear 3 simultaneous melodic lines, all played with the same instrument, each in a distinct pitch register from highest to lowest. Every line plays continuously: each line always sustains a note, and consecutive notes flow directly into one another with no silence. The lines have different rhythms and numbers of notes, and individual note durations also vary within each line. Focus only on the second-from-top melodic line. That line has exactly 10 notes. List all 10 note names in order from first to last. Reply with ONLY the note names expressed in Scientific Pitch Notation, separated by spaces (e.g. C5 D#5 E5). Nothing else. Output only the answer.","You will hear 3 simultaneous melodic lines, all played with the same instrument, each in a distinct pitch register from highest to lowest. Every line plays continuously: each line always sustains a note, and consecutive notes flow directly into one another with no silence. The lines have different rhythms and numbers of notes, and individual note durations also vary within each line. Focus only on the second-from-top melodic line. That line has exactly 10 notes. List all 10 solfège syllable and accidentals (if needed) in order from first to last (fixed-do: do=C re=D mi=E fa=F sol=G la=A si=B; include sharps e.g. do# re#). Reply with ONLY the syllable and accidentals (if needed) separated by spaces. Nothing else. Output only the answer.","You will hear 3 simultaneous melodic lines, all played with the same instrument, each in a distinct pitch register from highest to lowest. Every line plays continuously: each line always sustains a note, and consecutive notes flow directly into one another with no silence. The lines have different rhythms and numbers of notes, and individual note durations also vary within each line. Focus only on the second-from-top melodic line. That line has exactly 10 notes. List the main pitch frequency in Hertz of all 10 notes in order from first to last. Reply with ONLY the frequencies in Hz separated by spaces (e.g. 261.6 329.6 392.0). Nothing else. Output only the answer."
10,"[65, 66, 61, 62, 68, 71, 60, 70, 63, 64]","['F4', 'F#4', 'C#4', 'D4', 'G#4', 'B4', 'C4', 'A#4', 'D#4', 'E4']","['fa', 'fa#', 'do#', 're', 'sol#', 'si', 'do', 'la#', 're#', 'mi']","[349.2282, 369.9944, 277.1826, 293.6648, 415.3047, 493.8833, 261.6256, 466.1638, 311.127, 329.6276]","[72, 74, 76, 77, 76, 74, 72, 71, 69, 67]","[False, False, False, False, False, False, False, False, False, False]",0,"['E5', 'F#5', 'G5', 'A5', 'G5', 'F#5', 'E5', 'D5', 'C#5', 'D5']","[False, False, False, False, False, False, False, False, False, False]",0,"[7, 5, 4, 2, 0, 2, 4, 5, 7, 9]","[False, False, False, True, False, False, False, False, False, False]",0,"[None, None, None, None, None, None, None, None, None, None]","[None, None, None, None, None, None, None, None, None, None]",0,0,72 74 76 77 76 74 72 71 69 67,E5 F#5 G5 A5 G5 F#5 E5 D5 C#5 D5,sol fa mi re do re mi fa sol la,"I'm sorry, but I can't determine the exact pitch frequencies just by listening.",3,2,slow,1000,10000,similar,oboe,"['oboe', 'oboe', 'oboe']",oboe,0,"[10, 10, 7]",oboe,instrument,/home/hsnu2/PitchBench/data/audio/pitchbench_f1_melodic_line_id/poly3_57f7fa2e6a60ed_n3_x2_slow_similar_oboe_t0_total10000ms.wav,poly3_57f7fa2e6a60ed_n3_x2_slow_similar_oboe_t0_total10000ms.wav,"You will hear 3 simultaneous melodic lines, all played with the same instrument, each in a distinct pitch register from highest to lowest. Every line plays continuously: each line always sustains a note, and consecutive notes flow directly into one another with no silence. The lines have different rhythms and numbers of notes, and individual note durations also vary within each line. Focus only on the second-from-top melodic line. That line has exactly 10 notes. List all 10 MIDI note numbers in order from first to last. Reply with ONLY the integers separated by spaces. Nothing else. Output only the answer.","You will hear 3 simultaneous melodic lines, all played with the same instrument, each in a distinct pitch register from highest to lowest. Every line plays continuously: each line always sustains a note, and consecutive notes flow directly into one another with no silence. The lines have different rhythms and numbers of notes, and individual note durations also vary within each line. Focus only on the second-from-top melodic line. That line has exactly 10 notes. List all 10 note names in order from first to last. Reply with ONLY the note names expressed in Scientific Pitch Notation, separated by spaces (e.g. C5 D#5 E5). Nothing else. Output only the answer.","You will hear 3 simultaneous melodic lines, all played with the same instrument, each in a distinct pitch register from highest to lowest. Every line plays continuously: each line always sustains a note, and consecutive notes flow directly into one another with no silence. The lines have different rhythms and numbers of notes, and individual note durations also vary within each line. Focus only on the second-from-top melodic line. That line has exactly 10 notes. List all 10 solfège syllable and accidentals (if needed) in order from first to last (fixed-do: do=C re=D mi=E fa=F sol=G la=A si=B; include sharps e.g. do# re#). Reply with ONLY the syllable and accidentals (if needed) separated by spaces. Nothing else. Output only the answer.","You will hear 3 simultaneous melodic lines, all played with the same instrument, each in a distinct pitch register from highest to lowest. Every line plays continuously: each line always sustains a note, and consecutive notes flow directly into one another with no silence. The lines have different rhythms and numbers of notes, and individual note durations also vary within each line. Focus only on the second-from-top melodic line. That line has exactly 10 notes. List the main pitch frequency in Hertz of all 10 notes in order from first to last. Reply with ONLY the frequencies in Hz separated by spaces (e.g. 261.6 329.6 392.0). Nothing else. Output only the answer."
10,"[72, 76, 73, 80, 81, 78, 74, 75, 82, 77]","['C5', 'E5', 'C#5', 'G#5', 'A5', 'F#5', 'D5', 'D#5', 'A#5', 'F5']","['do', 'mi', 'do#', 'sol#', 'la', 'fa#', 're', 're#', 'la#', 'fa']","[523.2511, 659.2551, 554.3653, 830.6094, 880.0, 739.9888, 587.3295, 622.254, 932.3275, 698.4565]","[84, 83, 81, 79, 77, 76, 74, 72, 71, 69]","[False, False, False, False, False, False, True, False, False, False]",0,"['E6', 'F6', 'G6', 'A6', 'G6', 'F6', 'E6', 'D6', 'C6', 'B5']","[False, False, False, False, False, False, False, False, False, False]",0,"[7, 7, 5, 4, 5, 7, 9, 7, 5, 4]","[False, False, False, False, False, False, False, False, False, False]",0,"[523.3, 587.3, 659.3, 698.5, 659.3, 587.3, 523.3, 440.0, 493.9, 523.3]","[True, False, False, False, False, False, False, False, False, False]",0,0,84 83 81 79 77 76 74 72 71 69,E6 F6 G6 A6 G6 F6 E6 D6 C6 B5,sol sol fa mi fa sol la sol fa mi,523.3 587.3 659.3 698.5 659.3 587.3 523.3 440.0 493.9 523.3,3,1,slow,1000,10000,similar,oboe,"['oboe', 'oboe', 'oboe']",oboe,1,"[10, 9, 6]",oboe,instrument,/home/hsnu2/PitchBench/data/audio/pitchbench_f1_melodic_line_id/poly3_4f6f75c8df402e_n3_x1_slow_similar_oboe_t1_total10000ms.wav,poly3_4f6f75c8df402e_n3_x1_slow_similar_oboe_t1_total10000ms.wav,"You will hear 3 simultaneous melodic lines, all played with the same instrument, each in a distinct pitch register from highest to lowest. Every line plays continuously: each line always sustains a note, and consecutive notes flow directly into one another with no silence. The lines have different rhythms and numbers of notes, and individual note durations also vary within each line. Focus only on the highest melodic line. That line has exactly 10 notes. List all 10 MIDI note numbers in order from first to last. Reply with ONLY the integers separated by spaces. Nothing else. Output only the answer.","You will hear 3 simultaneous melodic lines, all played with the same instrument, each in a distinct pitch register from highest to lowest. Every line plays continuously: each line always sustains a note, and consecutive notes flow directly into one another with no silence. The lines have different rhythms and numbers of notes, and individual note durations also vary within each line. Focus only on the highest melodic line. That line has exactly 10 notes. List all 10 note names in order from first to last. Reply with ONLY the note names expressed in Scientific Pitch Notation, separated by spaces (e.g. C5 D#5 E5). Nothing else. Output only the answer.","You will hear 3 simultaneous melodic lines, all played with the same instrument, each in a distinct pitch register from highest to lowest. Every line plays continuously: each line always sustains a note, and consecutive notes flow directly into one another with no silence. The lines have different rhythms and numbers of notes, and individual note durations also vary within each line. Focus only on the highest melodic line. That line has exactly 10 notes. List all 10 solfège syllable and accidentals (if needed) in order from first to last (fixed-do: do=C re=D mi=E fa=F sol=G la=A si=B; include sharps e.g. do# re#). Reply with ONLY the syllable and accidentals (if needed) separated by spaces. Nothing else. Output only the answer.","You will hear 3 simultaneous melodic lines, all played with the same instrument, each in a distinct pitch register from highest to lowest. Every line plays continuously: each line always sustains a note, and consecutive notes flow directly into one another with no silence. The lines have different rhythms and numbers of notes, and individual note durations also vary within each line. Focus only on the highest melodic line. That line has exactly 10 notes. List the main pitch frequency in Hertz of all 10 notes in order from first to last. Reply with ONLY the frequencies in Hz separated by spaces (e.g. 261.6 329.6 392.0). Nothing else. Output only the answer."
10,"[72, 73, 78, 82, 81, 80, 77, 79, 74, 83]","['C5', 'C#5', 'F#5', 'A#5', 'A5', 'G#5', 'F5', 'G5', 'D5', 'B5']","['do', 'do#', 'fa#', 'la#', 'la', 'sol#', 'fa', 'sol', 're', 'si']","[523.2511, 554.3653, 739.9888, 932.3275, 880.0, 830.6094, 698.4565, 783.9909, 587.3295, 987.7666]","[72, 74, 76, 77, 79, 81, 83, 84, 86, 88]","[True, False, False, False, False, False, False, False, False, False]",0,"[None, None, None, None, None, None, None, None, None, None]","[None, None, None, None, None, None, None, None, None, None]",0,"[4, 5, 7, 9, 7, 5, 4, 2, 4, 0]","[False, False, False, False, False, False, False, False, False, False]",0,"[440.0, 494.0, 523.0, 587.0, 659.0, 698.0, 784.0, 880.0, 988.0, 1047.0]","[False, False, False, False, False, False, False, False, False, False]",0,0,72 74 76 77 79 81 83 84 86 88,"I’m sorry, but I can’t determine the note names just by listening.",mi fa sol la sol fa mi re mi do,440 494 523 587 659 698 784 880 988 1047,3,1,medium,500,5000,similar,oboe,"['oboe', 'oboe', 'oboe']",oboe,1,"[10, 2, 17]",oboe,instrument,/home/hsnu2/PitchBench/data/audio/pitchbench_f1_melodic_line_id/poly3_42f3db84926579_n3_x1_medium_similar_oboe_t1_total5000ms.wav,poly3_42f3db84926579_n3_x1_medium_similar_oboe_t1_total5000ms.wav,"You will hear 3 simultaneous melodic lines, all played with the same instrument, each in a distinct pitch register from highest to lowest. Every line plays continuously: each line always sustains a note, and consecutive notes flow directly into one another with no silence. The lines have different rhythms and numbers of notes, and individual note durations also vary within each line. Focus only on the highest melodic line. That line has exactly 10 notes. List all 10 MIDI note numbers in order from first to last. Reply with ONLY the integers separated by spaces. Nothing else. Output only the answer.","You will hear 3 simultaneous melodic lines, all played with the same instrument, each in a distinct pitch register from highest to lowest. Every line plays continuously: each line always sustains a note, and consecutive notes flow directly into one another with no silence. The lines have different rhythms and numbers of notes, and individual note durations also vary within each line. Focus only on the highest melodic line. That line has exactly 10 notes. List all 10 note names in order from first to last. Reply with ONLY the note names expressed in Scientific Pitch Notation, separated by spaces (e.g. C5 D#5 E5). Nothing else. Output only the answer.","You will hear 3 simultaneous melodic lines, all played with the same instrument, each in a distinct pitch register from highest to lowest. Every line plays continuously: each line always sustains a note, and consecutive notes flow directly into one another with no silence. The lines have different rhythms and numbers of notes, and individual note durations also vary within each line. Focus only on the highest melodic line. That line has exactly 10 notes. List all 10 solfège syllable and accidentals (if needed) in order from first to last (fixed-do: do=C re=D mi=E fa=F sol=G la=A si=B; include sharps e.g. do# re#). Reply with ONLY the syllable and accidentals (if needed) separated by spaces. Nothing else. Output only the answer.","You will hear 3 simultaneous melodic lines, all played with the same instrument, each in a distinct pitch register from highest to lowest. Every line plays continuously: each line always sustains a note, and consecutive notes flow directly into one another with no silence. The lines have different rhythms and numbers of notes, and individual note durations also vary within each line. Focus only on the highest melodic line. That line has exactly 10 notes. List the main pitch frequency in Hertz of all 10 notes in order from first to last. Reply with ONLY the frequencies in Hz separated by spaces (e.g. 261.6 329.6 392.0). Nothing else. Output only the answer."
10,"[55, 59, 50, 48, 52, 58, 54, 56, 49, 57]","['G3', 'B3', 'D3', 'C3', 'E3', 'A#3', 'F#3', 'G#3', 'C#3', 'A3']","['sol', 'si', 're', 'do', 'mi', 'la#', 'fa#', 'sol#', 'do#', 'la']","[195.9977, 246.9417, 146.8324, 130.8128, 164.8138, 233.0819, 184.9972, 207.6523, 138.5913, 220.0]","[48, 50, 52, 53, 55, 57, 55, 53, 52, 50]","[False, False, False, False, False, False, False, False, False, False]",0,"['G3', 'F3', 'E3', 'D3', 'C3', 'B2', 'A2', 'G2', 'F2', 'E2']","[True, False, False, False, False, False, False, False, False, False]",0,"[7, 7, 5, 4, 2, 0, 2, 4, 5, 7]","[True, False, False, False, False, False, False, False, False, False]",0,"[82.4, 98.0, 87.3, 92.5, 110.0, 98.0, 82.4, 73.4, 87.3, 92.5]","[False, False, False, False, False, False, False, False, False, False]",0,0,48 50 52 53 55 57 55 53 52 50,G3 F3 E3 D3 C3 B2 A2 G2 F2 E2,sol sol fa mi re do re mi fa sol,82.4 98.0 87.3 92.5 110.0 98.0 82.4 73.4 87.3 92.5,3,3,slow,1000,10000,similar,organ,"['organ', 'organ', 'organ']",organ,1,"[11, 6, 10]",organ,instrument,/home/hsnu2/PitchBench/data/audio/pitchbench_f1_melodic_line_id/poly3_ee1d60a7840730_n3_x3_slow_similar_organ_t1_total10000ms.wav,poly3_ee1d60a7840730_n3_x3_slow_similar_organ_t1_total10000ms.wav,"You will hear 3 simultaneous melodic lines, all played with the same instrument, each in a distinct pitch register from highest to lowest. Every line plays continuously: each line always sustains a note, and consecutive notes flow directly into one another with no silence. The lines have different rhythms and numbers of notes, and individual note durations also vary within each line. Focus only on the lowest melodic line. That line has exactly 10 notes. List all 10 MIDI note numbers in order from first to last. Reply with ONLY the integers separated by spaces. Nothing else. Output only the answer.","You will hear 3 simultaneous melodic lines, all played with the same instrument, each in a distinct pitch register from highest to lowest. Every line plays continuously: each line always sustains a note, and consecutive notes flow directly into one another with no silence. The lines have different rhythms and numbers of notes, and individual note durations also vary within each line. Focus only on the lowest melodic line. That line has exactly 10 notes. List all 10 note names in order from first to last. Reply with ONLY the note names expressed in Scientific Pitch Notation, separated by spaces (e.g. C5 D#5 E5). Nothing else. Output only the answer.","You will hear 3 simultaneous melodic lines, all played with the same instrument, each in a distinct pitch register from highest to lowest. Every line plays continuously: each line always sustains a note, and consecutive notes flow directly into one another with no silence. The lines have different rhythms and numbers of notes, and individual note durations also vary within each line. Focus only on the lowest melodic line. That line has exactly 10 notes. List all 10 solfège syllable and accidentals (if needed) in order from first to last (fixed-do: do=C re=D mi=E fa=F sol=G la=A si=B; include sharps e.g. do# re#). Reply with ONLY the syllable and accidentals (if needed) separated by spaces. Nothing else. Output only the answer.","You will hear 3 simultaneous melodic lines, all played with the same instrument, each in a distinct pitch register from highest to lowest. Every line plays continuously: each line always sustains a note, and consecutive notes flow directly into one another with no silence. The lines have different rhythms and numbers of notes, and individual note durations also vary within each line. Focus only on the lowest melodic line. That line has exactly 10 notes. List the main pitch frequency in Hertz of all 10 notes in order from first to last. Reply with ONLY the frequencies in Hz separated by spaces (e.g. 261.6 329.6 392.0). Nothing else. Output only the answer."
10,"[65, 60, 67, 62, 70, 71, 63, 69, 68, 61]","['F4', 'C4', 'G4', 'D4', 'A#4', 'B4', 'D#4', 'A4', 'G#4', 'C#4']","['fa', 'do', 'sol', 're', 'la#', 'si', 're#', 'la', 'sol#', 'do#']","[349.2282, 261.6256, 391.9954, 293.6648, 466.1638, 493.8833, 311.127, 440.0, 415.3047, 277.1826]","[76, 74, 72, 71, 69, 67, 65, 64, 62, 60]","[False, False, False, False, False, False, False, False, False, False]",0,"['G4', 'F4', 'E4', 'D4', 'C4', 'D4', 'E4', 'F4', 'G4', 'A4']","[False, False, False, True, False, False, False, False, False, False]",0,"[7, 5, 4, 2, 0, 2, 4, 5, 7, 9]","[False, False, False, True, False, False, False, False, False, False]",0,"[None, None, None, None, None, None, None, None, None, None]","[None, None, None, None, None, None, None, None, None, None]",0,0,76 74 72 71 69 67 65 64 62 60,G4 F4 E4 D4 C4 D4 E4 F4 G4 A4,sol fa mi re do re mi fa sol la,"I'm sorry, but I can't determine the exact pitch frequencies of the notes just by listening.",3,2,slow,1000,10000,similar,organ,"['organ', 'organ', 'organ']",organ,1,"[1, 10, 16]",organ,instrument,/home/hsnu2/PitchBench/data/audio/pitchbench_f1_melodic_line_id/poly3_56fa1dba3bbf09_n3_x2_slow_similar_organ_t1_total10000ms.wav,poly3_56fa1dba3bbf09_n3_x2_slow_similar_organ_t1_total10000ms.wav,"You will hear 3 simultaneous melodic lines, all played with the same instrument, each in a distinct pitch register from highest to lowest. Every line plays continuously: each line always sustains a note, and consecutive notes flow directly into one another with no silence. The lines have different rhythms and numbers of notes, and individual note durations also vary within each line. Focus only on the second-from-top melodic line. That line has exactly 10 notes. List all 10 MIDI note numbers in order from first to last. Reply with ONLY the integers separated by spaces. Nothing else. Output only the answer.","You will hear 3 simultaneous melodic lines, all played with the same instrument, each in a distinct pitch register from highest to lowest. Every line plays continuously: each line always sustains a note, and consecutive notes flow directly into one another with no silence. The lines have different rhythms and numbers of notes, and individual note durations also vary within each line. Focus only on the second-from-top melodic line. That line has exactly 10 notes. List all 10 note names in order from first to last. Reply with ONLY the note names expressed in Scientific Pitch Notation, separated by spaces (e.g. C5 D#5 E5). Nothing else. Output only the answer.","You will hear 3 simultaneous melodic lines, all played with the same instrument, each in a distinct pitch register from highest to lowest. Every line plays continuously: each line always sustains a note, and consecutive notes flow directly into one another with no silence. The lines have different rhythms and numbers of notes, and individual note durations also vary within each line. Focus only on the second-from-top melodic line. That line has exactly 10 notes. List all 10 solfège syllable and accidentals (if needed) in order from first to last (fixed-do: do=C re=D mi=E fa=F sol=G la=A si=B; include sharps e.g. do# re#). Reply with ONLY the syllable and accidentals (if needed) separated by spaces. Nothing else. Output only the answer.","You will hear 3 simultaneous melodic lines, all played with the same instrument, each in a distinct pitch register from highest to lowest. Every line plays continuously: each line always sustains a note, and consecutive notes flow directly into one another with no silence. The lines have different rhythms and numbers of notes, and individual note durations also vary within each line. Focus only on the second-from-top melodic line. That line has exactly 10 notes. List the main pitch frequency in Hertz of all 10 notes in order from first to last. Reply with ONLY the frequencies in Hz separated by spaces (e.g. 261.6 329.6 392.0). Nothing else. Output only the answer."
10,"[72, 73, 78, 82, 81, 80, 77, 79, 74, 83]","['C5', 'C#5', 'F#5', 'A#5', 'A5', 'G#5', 'F5', 'G5', 'D5', 'B5']","['do', 'do#', 'fa#', 'la#', 'la', 'sol#', 'fa', 'sol', 're', 'si']","[523.2511, 554.3653, 739.9888, 932.3275, 880.0, 830.6094, 698.4565, 783.9909, 587.3295, 987.7666]","[83, 84, 86, 88, 86, 84, 83, 81, 79, 78]","[False, False, False, False, False, False, False, False, False, False]",0,"['E6', 'G6', 'F6', 'A6', 'B6', 'G6', 'F6', 'E6', 'D6', 'C6']","[False, False, False, False, False, False, False, False, False, False]",0,"[4, 5, 7, 9, 7, 5, 4, 2, 4, 5]","[False, False, False, False, False, False, False, False, False, False]",0,"[None, None, None, None, None, None, None, None, None, None]","[None, None, None, None, None, None, None, None, None, None]",0,0,83 84 86 88 86 84 83 81 79 78,E6 G6 F6 A6 B6 G6 F6 E6 D6 C6,mi fa sol la sol fa mi re mi fa,"I’m sorry, but I can’t determine the exact pitch frequencies just by listening.",3,1,medium,500,5000,similar,organ,"['organ', 'organ', 'organ']",organ,1,"[10, 2, 17]",organ,instrument,/home/hsnu2/PitchBench/data/audio/pitchbench_f1_melodic_line_id/poly3_7e805fb0e28fef_n3_x1_medium_similar_organ_t1_total5000ms.wav,poly3_7e805fb0e28fef_n3_x1_medium_similar_organ_t1_total5000ms.wav,"You will hear 3 simultaneous melodic lines, all played with the same instrument, each in a distinct pitch register from highest to lowest. Every line plays continuously: each line always sustains a note, and consecutive notes flow directly into one another with no silence. The lines have different rhythms and numbers of notes, and individual note durations also vary within each line. Focus only on the highest melodic line. That line has exactly 10 notes. List all 10 MIDI note numbers in order from first to last. Reply with ONLY the integers separated by spaces. Nothing else. Output only the answer.","You will hear 3 simultaneous melodic lines, all played with the same instrument, each in a distinct pitch register from highest to lowest. Every line plays continuously: each line always sustains a note, and consecutive notes flow directly into one another with no silence. The lines have different rhythms and numbers of notes, and individual note durations also vary within each line. Focus only on the highest melodic line. That line has exactly 10 notes. List all 10 note names in order from first to last. Reply with ONLY the note names expressed in Scientific Pitch Notation, separated by spaces (e.g. C5 D#5 E5). Nothing else. Output only the answer.","You will hear 3 simultaneous melodic lines, all played with the same instrument, each in a distinct pitch register from highest to lowest. Every line plays continuously: each line always sustains a note, and consecutive notes flow directly into one another with no silence. The lines have different rhythms and numbers of notes, and individual note durations also vary within each line. Focus only on the highest melodic line. That line has exactly 10 notes. List all 10 solfège syllable and accidentals (if needed) in order from first to last (fixed-do: do=C re=D mi=E fa=F sol=G la=A si=B; include sharps e.g. do# re#). Reply with ONLY the syllable and accidentals (if needed) separated by spaces. Nothing else. Output only the answer.","You will hear 3 simultaneous melodic lines, all played with the same instrument, each in a distinct pitch register from highest to lowest. Every line plays continuously: each line always sustains a note, and consecutive notes flow directly into one another with no silence. The lines have different rhythms and numbers of notes, and individual note durations also vary within each line. Focus only on the highest melodic line. That line has exactly 10 notes. List the main pitch frequency in Hertz of all 10 notes in order from first to last. Reply with ONLY the frequencies in Hz separated by spaces (e.g. 261.6 329.6 392.0). Nothing else. Output only the answer."
10,"[69, 66, 67, 68, 60, 62, 70, 64, 65, 71]","['A4', 'F#4', 'G4', 'G#4', 'C4', 'D4', 'A#4', 'E4', 'F4', 'B4']","['la', 'fa#', 'sol', 'sol#', 'do', 're', 'la#', 'mi', 'fa', 'si']","[440.0, 369.9944, 391.9954, 415.3047, 261.6256, 293.6648, 466.1638, 329.6276, 349.2282, 493.8833]","[72, 74, 76, 77, 76, 74, 72, 71, 69, 67]","[False, False, False, False, False, False, False, False, False, False]",0,"[None, None, None, None, None, None, None, None, None, None]","[None, None, None, None, None, None, None, None, None, None]",0,"[7, 5, 4, 5, 7, 9, 7, 5, 4, 2]","[False, False, False, False, False, False, False, False, False, False]",0,"[None, None, None, None, None, None, None, None, None, None]","[None, None, None, None, None, None, None, None, None, None]",0,0,72 74 76 77 76 74 72 71 69 67,"I’m sorry, but I can’t determine the exact note names just by listening.",sol fa mi fa sol la sol fa mi re,"I’m sorry, but I can’t determine the exact pitch frequencies just by listening.",3,2,medium,500,5000,similar,organ,"['organ', 'organ', 'organ']",organ,1,"[7, 10, 3]",organ,instrument,/home/hsnu2/PitchBench/data/audio/pitchbench_f1_melodic_line_id/poly3_af86d68226d7e6_n3_x2_medium_similar_organ_t1_total5000ms.wav,poly3_af86d68226d7e6_n3_x2_medium_similar_organ_t1_total5000ms.wav,"You will hear 3 simultaneous melodic lines, all played with the same instrument, each in a distinct pitch register from highest to lowest. Every line plays continuously: each line always sustains a note, and consecutive notes flow directly into one another with no silence. The lines have different rhythms and numbers of notes, and individual note durations also vary within each line. Focus only on the second-from-top melodic line. That line has exactly 10 notes. List all 10 MIDI note numbers in order from first to last. Reply with ONLY the integers separated by spaces. Nothing else. Output only the answer.","You will hear 3 simultaneous melodic lines, all played with the same instrument, each in a distinct pitch register from highest to lowest. Every line plays continuously: each line always sustains a note, and consecutive notes flow directly into one another with no silence. The lines have different rhythms and numbers of notes, and individual note durations also vary within each line. Focus only on the second-from-top melodic line. That line has exactly 10 notes. List all 10 note names in order from first to last. Reply with ONLY the note names expressed in Scientific Pitch Notation, separated by spaces (e.g. C5 D#5 E5). Nothing else. Output only the answer.","You will hear 3 simultaneous melodic lines, all played with the same instrument, each in a distinct pitch register from highest to lowest. Every line plays continuously: each line always sustains a note, and consecutive notes flow directly into one another with no silence. The lines have different rhythms and numbers of notes, and individual note durations also vary within each line. Focus only on the second-from-top melodic line. That line has exactly 10 notes. List all 10 solfège syllable and accidentals (if needed) in order from first to last (fixed-do: do=C re=D mi=E fa=F sol=G la=A si=B; include sharps e.g. do# re#). Reply with ONLY the syllable and accidentals (if needed) separated by spaces. Nothing else. Output only the answer.","You will hear 3 simultaneous melodic lines, all played with the same instrument, each in a distinct pitch register from highest to lowest. Every line plays continuously: each line always sustains a note, and consecutive notes flow directly into one another with no silence. The lines have different rhythms and numbers of notes, and individual note durations also vary within each line. Focus only on the second-from-top melodic line. That line has exactly 10 notes. List the main pitch frequency in Hertz of all 10 notes in order from first to last. Reply with ONLY the frequencies in Hz separated by spaces (e.g. 261.6 329.6 392.0). Nothing else. Output only the answer."
10,"[69, 70, 65, 63, 71, 67, 62, 64, 61, 60]","['A4', 'A#4', 'F4', 'D#4', 'B4', 'G4', 'D4', 'E4', 'C#4', 'C4']","['la', 'la#', 'fa', 're#', 'si', 'sol', 're', 'mi', 'do#', 'do']","[440.0, 466.1638, 349.2282, 311.127, 493.8833, 391.9954, 293.6648, 329.6276, 277.1826, 261.6256]","[76, 74, 72, 71, 69, 67, 65, 64, 62, 60]","[False, False, False, False, False, True, False, True, False, True]",0,"['E5', 'F#5', 'G5', 'A5', 'B4', 'C5', 'D5', 'E5', 'F#5', 'G5']","[False, False, False, False, True, False, False, False, False, False]",0,"[7, 5, 4, 2, 0, 2, 4, 5, 7, 9]","[False, False, False, False, False, False, False, False, False, False]",0,"[None, None, None, None, None, None, None, None, None, None]","[None, None, None, None, None, None, None, None, None, None]",0,0,76 74 72 71 69 67 65 64 62 60,E5 F#5 G5 A5 B4 C5 D5 E5 F#5 G5,sol fa mi re do re mi fa sol la,"I'm sorry, but I can't determine the exact pitch frequencies just by listening.",3,2,medium,500,5000,similar,organ,"['organ', 'organ', 'organ']",organ,0,"[2, 10, 18]",organ,instrument,/home/hsnu2/PitchBench/data/audio/pitchbench_f1_melodic_line_id/poly3_13a67eb4304340_n3_x2_medium_similar_organ_t0_total5000ms.wav,poly3_13a67eb4304340_n3_x2_medium_similar_organ_t0_total5000ms.wav,"You will hear 3 simultaneous melodic lines, all played with the same instrument, each in a distinct pitch register from highest to lowest. Every line plays continuously: each line always sustains a note, and consecutive notes flow directly into one another with no silence. The lines have different rhythms and numbers of notes, and individual note durations also vary within each line. Focus only on the second-from-top melodic line. That line has exactly 10 notes. List all 10 MIDI note numbers in order from first to last. Reply with ONLY the integers separated by spaces. Nothing else. Output only the answer.","You will hear 3 simultaneous melodic lines, all played with the same instrument, each in a distinct pitch register from highest to lowest. Every line plays continuously: each line always sustains a note, and consecutive notes flow directly into one another with no silence. The lines have different rhythms and numbers of notes, and individual note durations also vary within each line. Focus only on the second-from-top melodic line. That line has exactly 10 notes. List all 10 note names in order from first to last. Reply with ONLY the note names expressed in Scientific Pitch Notation, separated by spaces (e.g. C5 D#5 E5). Nothing else. Output only the answer.","You will hear 3 simultaneous melodic lines, all played with the same instrument, each in a distinct pitch register from highest to lowest. Every line plays continuously: each line always sustains a note, and consecutive notes flow directly into one another with no silence. The lines have different rhythms and numbers of notes, and individual note durations also vary within each line. Focus only on the second-from-top melodic line. That line has exactly 10 notes. List all 10 solfège syllable and accidentals (if needed) in order from first to last (fixed-do: do=C re=D mi=E fa=F sol=G la=A si=B; include sharps e.g. do# re#). Reply with ONLY the syllable and accidentals (if needed) separated by spaces. Nothing else. Output only the answer.","You will hear 3 simultaneous melodic lines, all played with the same instrument, each in a distinct pitch register from highest to lowest. Every line plays continuously: each line always sustains a note, and consecutive notes flow directly into one another with no silence. The lines have different rhythms and numbers of notes, and individual note durations also vary within each line. Focus only on the second-from-top melodic line. That line has exactly 10 notes. List the main pitch frequency in Hertz of all 10 notes in order from first to last. Reply with ONLY the frequencies in Hz separated by spaces (e.g. 261.6 329.6 392.0). Nothing else. Output only the answer."
10,"[56, 54, 55, 59, 57, 48, 58, 49, 53, 52]","['G#3', 'F#3', 'G3', 'B3', 'A3', 'C3', 'A#3', 'C#3', 'F3', 'E3']","['sol#', 'fa#', 'sol', 'si', 'la', 'do', 'la#', 'do#', 'fa', 'mi']","[207.6523, 184.9972, 195.9977, 246.9417, 220.0, 130.8128, 233.0819, 138.5913, 174.6141, 164.8138]","[52, 55, 57, 53, 50, 48, 45, 47, 50, 52]","[False, False, False, False, False, True, False, False, False, True]",0,"[None, None, None, None, None, None, None, None, None, None]","[None, None, None, None, None, None, None, None, None, None]",0,"[7, 5, 4, 2, 0, 11, 9, 7, 5, 4]","[False, False, False, False, False, False, False, False, True, True]",0,"[None, None, None, None, None, None, None, None, None, None]","[None, None, None, None, None, None, None, None, None, None]",0,0,52 55 57 53 50 48 45 47 50 52,"I’m sorry, but I can’t determine the note names just by listening.",sol fa mi re do si la sol fa mi,"I’m sorry, but I can’t determine the exact pitch frequencies just by listening.",3,3,medium,500,5000,similar,synth_lead,"['synth_lead', 'synth_lead', 'synth_lead']",synth_lead,0,"[10, 8, 10]",synth_lead,instrument,/home/hsnu2/PitchBench/data/audio/pitchbench_f1_melodic_line_id/poly3_727d66ec0fec73_n3_x3_medium_similar_synth_lead_t0_total5000ms.wav,poly3_727d66ec0fec73_n3_x3_medium_similar_synth_lead_t0_total5000ms.wav,"You will hear 3 simultaneous melodic lines, all played with the same instrument, each in a distinct pitch register from highest to lowest. Every line plays continuously: each line always sustains a note, and consecutive notes flow directly into one another with no silence. The lines have different rhythms and numbers of notes, and individual note durations also vary within each line. Focus only on the lowest melodic line. That line has exactly 10 notes. List all 10 MIDI note numbers in order from first to last. Reply with ONLY the integers separated by spaces. Nothing else. Output only the answer.","You will hear 3 simultaneous melodic lines, all played with the same instrument, each in a distinct pitch register from highest to lowest. Every line plays continuously: each line always sustains a note, and consecutive notes flow directly into one another with no silence. The lines have different rhythms and numbers of notes, and individual note durations also vary within each line. Focus only on the lowest melodic line. That line has exactly 10 notes. List all 10 note names in order from first to last. Reply with ONLY the note names expressed in Scientific Pitch Notation, separated by spaces (e.g. C5 D#5 E5). Nothing else. Output only the answer.","You will hear 3 simultaneous melodic lines, all played with the same instrument, each in a distinct pitch register from highest to lowest. Every line plays continuously: each line always sustains a note, and consecutive notes flow directly into one another with no silence. The lines have different rhythms and numbers of notes, and individual note durations also vary within each line. Focus only on the lowest melodic line. That line has exactly 10 notes. List all 10 solfège syllable and accidentals (if needed) in order from first to last (fixed-do: do=C re=D mi=E fa=F sol=G la=A si=B; include sharps e.g. do# re#). Reply with ONLY the syllable and accidentals (if needed) separated by spaces. Nothing else. Output only the answer.","You will hear 3 simultaneous melodic lines, all played with the same instrument, each in a distinct pitch register from highest to lowest. Every line plays continuously: each line always sustains a note, and consecutive notes flow directly into one another with no silence. The lines have different rhythms and numbers of notes, and individual note durations also vary within each line. Focus only on the lowest melodic line. That line has exactly 10 notes. List the main pitch frequency in Hertz of all 10 notes in order from first to last. Reply with ONLY the frequencies in Hz separated by spaces (e.g. 261.6 329.6 392.0). Nothing else. Output only the answer."
10,"[69, 66, 67, 68, 60, 62, 70, 64, 65, 71]","['A4', 'F#4', 'G4', 'G#4', 'C4', 'D4', 'A#4', 'E4', 'F4', 'B4']","['la', 'fa#', 'sol', 'sol#', 'do', 're', 'la#', 'mi', 'fa', 'si']","[440.0, 369.9944, 391.9954, 415.3047, 261.6256, 293.6648, 466.1638, 329.6276, 349.2282, 493.8833]","[None, None, None, None, None, None, None, None, None, None]","[None, None, None, None, None, None, None, None, None, None]",0,"[None, None, None, None, None, None, None, None, None, None]","[None, None, None, None, None, None, None, None, None, None]",0,"[7, 5, 4, 5, 7, 9, 7, 5, 4, 2]","[False, False, False, False, False, False, False, False, False, False]",0,"[None, None, None, None, None, None, None, None, None, None]","[None, None, None, None, None, None, None, None, None, None]",0,0,"Sorry, I can't determine the exact MIDI note numbers just by listening to the audio.","I’m sorry, but I can’t determine the exact note names just by listening.",sol fa mi fa sol la sol fa mi re,"I'm sorry, but I can't determine the exact pitch frequencies just by listening.",3,2,medium,500,5000,similar,synth_lead,"['synth_lead', 'synth_lead', 'synth_lead']",synth_lead,1,"[7, 10, 3]",synth_lead,instrument,/home/hsnu2/PitchBench/data/audio/pitchbench_f1_melodic_line_id/poly3_615c57e6c74331_n3_x2_medium_similar_synth_lead_t1_total5000ms.wav,poly3_615c57e6c74331_n3_x2_medium_similar_synth_lead_t1_total5000ms.wav,"You will hear 3 simultaneous melodic lines, all played with the same instrument, each in a distinct pitch register from highest to lowest. Every line plays continuously: each line always sustains a note, and consecutive notes flow directly into one another with no silence. The lines have different rhythms and numbers of notes, and individual note durations also vary within each line. Focus only on the second-from-top melodic line. That line has exactly 10 notes. List all 10 MIDI note numbers in order from first to last. Reply with ONLY the integers separated by spaces. Nothing else. Output only the answer.","You will hear 3 simultaneous melodic lines, all played with the same instrument, each in a distinct pitch register from highest to lowest. Every line plays continuously: each line always sustains a note, and consecutive notes flow directly into one another with no silence. The lines have different rhythms and numbers of notes, and individual note durations also vary within each line. Focus only on the second-from-top melodic line. That line has exactly 10 notes. List all 10 note names in order from first to last. Reply with ONLY the note names expressed in Scientific Pitch Notation, separated by spaces (e.g. C5 D#5 E5). Nothing else. Output only the answer.","You will hear 3 simultaneous melodic lines, all played with the same instrument, each in a distinct pitch register from highest to lowest. Every line plays continuously: each line always sustains a note, and consecutive notes flow directly into one another with no silence. The lines have different rhythms and numbers of notes, and individual note durations also vary within each line. Focus only on the second-from-top melodic line. That line has exactly 10 notes. List all 10 solfège syllable and accidentals (if needed) in order from first to last (fixed-do: do=C re=D mi=E fa=F sol=G la=A si=B; include sharps e.g. do# re#). Reply with ONLY the syllable and accidentals (if needed) separated by spaces. Nothing else. Output only the answer.","You will hear 3 simultaneous melodic lines, all played with the same instrument, each in a distinct pitch register from highest to lowest. Every line plays continuously: each line always sustains a note, and consecutive notes flow directly into one another with no silence. The lines have different rhythms and numbers of notes, and individual note durations also vary within each line. Focus only on the second-from-top melodic line. That line has exactly 10 notes. List the main pitch frequency in Hertz of all 10 notes in order from first to last. Reply with ONLY the frequencies in Hz separated by spaces (e.g. 261.6 329.6 392.0). Nothing else. Output only the answer."
10,"[74, 79, 83, 75, 76, 80, 72, 77, 78, 82]","['D5', 'G5', 'B5', 'D#5', 'E5', 'G#5', 'C5', 'F5', 'F#5', 'A#5']","['re', 'sol', 'si', 're#', 'mi', 'sol#', 'do', 'fa', 'fa#', 'la#']","[587.3295, 783.9909, 987.7666, 622.254, 659.2551, 830.6094, 523.2511, 698.4565, 739.9888, 932.3275]","[72, 74, 76, 77, 79, 81, 83, 84, 86, 88]","[False, False, False, False, False, False, False, False, False, False]",0,"['E6', 'G6', 'F6', 'A6', 'B6', 'C7', 'D7', 'E7', 'F7', 'G7']","[False, False, False, False, False, False, False, False, False, False]",0,"[4, 5, 7, 5, 4, 2, 4, 5, 4, 2]","[False, False, False, False, True, False, False, True, False, False]",0,"[None, None, None, None, None, None, None, None, None, None]","[None, None, None, None, None, None, None, None, None, None]",0,0,72 74 76 77 79 81 83 84 86 88,E6 G6 F6 A6 B6 C7 D7 E7 F7 G7,mi fa sol fa mi re mi fa mi re,"I’m sorry, but I can’t determine the exact pitch frequencies just by listening.",3,1,medium,500,5000,similar,synth_lead,"['synth_lead', 'synth_lead', 'synth_lead']",synth_lead,0,"[10, 19, 2]",synth_lead,instrument,/home/hsnu2/PitchBench/data/audio/pitchbench_f1_melodic_line_id/poly3_642895b8d2538a_n3_x1_medium_similar_synth_lead_t0_total5000ms.wav,poly3_642895b8d2538a_n3_x1_medium_similar_synth_lead_t0_total5000ms.wav,"You will hear 3 simultaneous melodic lines, all played with the same instrument, each in a distinct pitch register from highest to lowest. Every line plays continuously: each line always sustains a note, and consecutive notes flow directly into one another with no silence. The lines have different rhythms and numbers of notes, and individual note durations also vary within each line. Focus only on the highest melodic line. That line has exactly 10 notes. List all 10 MIDI note numbers in order from first to last. Reply with ONLY the integers separated by spaces. Nothing else. Output only the answer.","You will hear 3 simultaneous melodic lines, all played with the same instrument, each in a distinct pitch register from highest to lowest. Every line plays continuously: each line always sustains a note, and consecutive notes flow directly into one another with no silence. The lines have different rhythms and numbers of notes, and individual note durations also vary within each line. Focus only on the highest melodic line. That line has exactly 10 notes. List all 10 note names in order from first to last. Reply with ONLY the note names expressed in Scientific Pitch Notation, separated by spaces (e.g. C5 D#5 E5). Nothing else. Output only the answer.","You will hear 3 simultaneous melodic lines, all played with the same instrument, each in a distinct pitch register from highest to lowest. Every line plays continuously: each line always sustains a note, and consecutive notes flow directly into one another with no silence. The lines have different rhythms and numbers of notes, and individual note durations also vary within each line. Focus only on the highest melodic line. That line has exactly 10 notes. List all 10 solfège syllable and accidentals (if needed) in order from first to last (fixed-do: do=C re=D mi=E fa=F sol=G la=A si=B; include sharps e.g. do# re#). Reply with ONLY the syllable and accidentals (if needed) separated by spaces. Nothing else. Output only the answer.","You will hear 3 simultaneous melodic lines, all played with the same instrument, each in a distinct pitch register from highest to lowest. Every line plays continuously: each line always sustains a note, and consecutive notes flow directly into one another with no silence. The lines have different rhythms and numbers of notes, and individual note durations also vary within each line. Focus only on the highest melodic line. That line has exactly 10 notes. List the main pitch frequency in Hertz of all 10 notes in order from first to last. Reply with ONLY the frequencies in Hz separated by spaces (e.g. 261.6 329.6 392.0). Nothing else. Output only the answer."
10,"[65, 66, 61, 62, 68, 71, 60, 70, 63, 64]","['F4', 'F#4', 'C#4', 'D4', 'G#4', 'B4', 'C4', 'A#4', 'D#4', 'E4']","['fa', 'fa#', 'do#', 're', 'sol#', 'si', 'do', 'la#', 're#', 'mi']","[349.2282, 369.9944, 277.1826, 293.6648, 415.3047, 493.8833, 261.6256, 466.1638, 311.127, 329.6276]","[76, 74, 72, 71, 69, 67, 65, 64, 62, 60]","[False, False, False, False, False, False, False, False, False, False]",0,"['E5', 'F#5', 'G5', 'A5', 'B4', 'C5', 'D5', 'E5', 'F#5', 'G5']","[False, False, False, False, False, False, False, False, False, False]",0,"[7, 5, 4, 2, 0, 2, 4, 5, 7, 9]","[False, False, False, True, False, False, False, False, False, False]",0,"[None, None, None, None, None, None, None, None, None, None]","[None, None, None, None, None, None, None, None, None, None]",0,0,76 74 72 71 69 67 65 64 62 60,E5 F#5 G5 A5 B4 C5 D5 E5 F#5 G5,sol fa mi re do re mi fa sol la,"I’m sorry, but I can’t determine the exact pitch frequencies from the audio.",3,2,slow,1000,10000,similar,synth_lead,"['synth_lead', 'synth_lead', 'synth_lead']",synth_lead,0,"[10, 10, 7]",synth_lead,instrument,/home/hsnu2/PitchBench/data/audio/pitchbench_f1_melodic_line_id/poly3_cdd62dee84e8f6_n3_x2_slow_similar_synth_lead_t0_total10000ms.wav,poly3_cdd62dee84e8f6_n3_x2_slow_similar_synth_lead_t0_total10000ms.wav,"You will hear 3 simultaneous melodic lines, all played with the same instrument, each in a distinct pitch register from highest to lowest. Every line plays continuously: each line always sustains a note, and consecutive notes flow directly into one another with no silence. The lines have different rhythms and numbers of notes, and individual note durations also vary within each line. Focus only on the second-from-top melodic line. That line has exactly 10 notes. List all 10 MIDI note numbers in order from first to last. Reply with ONLY the integers separated by spaces. Nothing else. Output only the answer.","You will hear 3 simultaneous melodic lines, all played with the same instrument, each in a distinct pitch register from highest to lowest. Every line plays continuously: each line always sustains a note, and consecutive notes flow directly into one another with no silence. The lines have different rhythms and numbers of notes, and individual note durations also vary within each line. Focus only on the second-from-top melodic line. That line has exactly 10 notes. List all 10 note names in order from first to last. Reply with ONLY the note names expressed in Scientific Pitch Notation, separated by spaces (e.g. C5 D#5 E5). Nothing else. Output only the answer.","You will hear 3 simultaneous melodic lines, all played with the same instrument, each in a distinct pitch register from highest to lowest. Every line plays continuously: each line always sustains a note, and consecutive notes flow directly into one another with no silence. The lines have different rhythms and numbers of notes, and individual note durations also vary within each line. Focus only on the second-from-top melodic line. That line has exactly 10 notes. List all 10 solfège syllable and accidentals (if needed) in order from first to last (fixed-do: do=C re=D mi=E fa=F sol=G la=A si=B; include sharps e.g. do# re#). Reply with ONLY the syllable and accidentals (if needed) separated by spaces. Nothing else. Output only the answer.","You will hear 3 simultaneous melodic lines, all played with the same instrument, each in a distinct pitch register from highest to lowest. Every line plays continuously: each line always sustains a note, and consecutive notes flow directly into one another with no silence. The lines have different rhythms and numbers of notes, and individual note durations also vary within each line. Focus only on the second-from-top melodic line. That line has exactly 10 notes. List the main pitch frequency in Hertz of all 10 notes in order from first to last. Reply with ONLY the frequencies in Hz separated by spaces (e.g. 261.6 329.6 392.0). Nothing else. Output only the answer."
10,"[55, 59, 50, 48, 52, 58, 54, 56, 49, 57]","['G3', 'B3', 'D3', 'C3', 'E3', 'A#3', 'F#3', 'G#3', 'C#3', 'A3']","['sol', 'si', 're', 'do', 'mi', 'la#', 'fa#', 'sol#', 'do#', 'la']","[195.9977, 246.9417, 146.8324, 130.8128, 164.8138, 233.0819, 184.9972, 207.6523, 138.5913, 220.0]","[52, 53, 55, 57, 55, 53, 52, 50, 48, 47]","[False, False, False, False, False, False, False, False, False, False]",0,"['E3', 'G3', 'F3', 'D3', 'C3', 'A2', 'B2', 'G2', 'F2', 'E2']","[False, False, False, False, False, False, False, False, False, False]",0,"[7, 5, 4, 2, 0, 11, 9, 7, 5, 4]","[True, False, False, False, False, False, False, False, False, False]",0,"[82.4, 98.0, 87.3, 92.5, 110.0, 98.0, 87.3, 82.4, 92.5, 82.4]","[False, False, False, False, False, False, False, False, False, False]",0,0,52 53 55 57 55 53 52 50 48 47,E3 G3 F3 D3 C3 A2 B2 G2 F2 E2,sol fa mi re do si la sol fa mi,82.4 98.0 87.3 92.5 110.0 98.0 87.3 82.4 92.5 82.4,3,3,slow,1000,10000,similar,synth_lead,"['synth_lead', 'synth_lead', 'synth_lead']",synth_lead,1,"[11, 6, 10]",synth_lead,instrument,/home/hsnu2/PitchBench/data/audio/pitchbench_f1_melodic_line_id/poly3_72a646271e3539_n3_x3_slow_similar_synth_lead_t1_total10000ms.wav,poly3_72a646271e3539_n3_x3_slow_similar_synth_lead_t1_total10000ms.wav,"You will hear 3 simultaneous melodic lines, all played with the same instrument, each in a distinct pitch register from highest to lowest. Every line plays continuously: each line always sustains a note, and consecutive notes flow directly into one another with no silence. The lines have different rhythms and numbers of notes, and individual note durations also vary within each line. Focus only on the lowest melodic line. That line has exactly 10 notes. List all 10 MIDI note numbers in order from first to last. Reply with ONLY the integers separated by spaces. Nothing else. Output only the answer.","You will hear 3 simultaneous melodic lines, all played with the same instrument, each in a distinct pitch register from highest to lowest. Every line plays continuously: each line always sustains a note, and consecutive notes flow directly into one another with no silence. The lines have different rhythms and numbers of notes, and individual note durations also vary within each line. Focus only on the lowest melodic line. That line has exactly 10 notes. List all 10 note names in order from first to last. Reply with ONLY the note names expressed in Scientific Pitch Notation, separated by spaces (e.g. C5 D#5 E5). Nothing else. Output only the answer.","You will hear 3 simultaneous melodic lines, all played with the same instrument, each in a distinct pitch register from highest to lowest. Every line plays continuously: each line always sustains a note, and consecutive notes flow directly into one another with no silence. The lines have different rhythms and numbers of notes, and individual note durations also vary within each line. Focus only on the lowest melodic line. That line has exactly 10 notes. List all 10 solfège syllable and accidentals (if needed) in order from first to last (fixed-do: do=C re=D mi=E fa=F sol=G la=A si=B; include sharps e.g. do# re#). Reply with ONLY the syllable and accidentals (if needed) separated by spaces. Nothing else. Output only the answer.","You will hear 3 simultaneous melodic lines, all played with the same instrument, each in a distinct pitch register from highest to lowest. Every line plays continuously: each line always sustains a note, and consecutive notes flow directly into one another with no silence. The lines have different rhythms and numbers of notes, and individual note durations also vary within each line. Focus only on the lowest melodic line. That line has exactly 10 notes. List the main pitch frequency in Hertz of all 10 notes in order from first to last. Reply with ONLY the frequencies in Hz separated by spaces (e.g. 261.6 329.6 392.0). Nothing else. Output only the answer."
10,"[72, 73, 78, 82, 81, 80, 77, 79, 74, 83]","['C5', 'C#5', 'F#5', 'A#5', 'A5', 'G#5', 'F5', 'G5', 'D5', 'B5']","['do', 'do#', 'fa#', 'la#', 'la', 'sol#', 'fa', 'sol', 're', 'si']","[523.2511, 554.3653, 739.9888, 932.3275, 880.0, 830.6094, 698.4565, 783.9909, 587.3295, 987.7666]","[None, None, None, None, None, None, None, None, None, None]","[None, None, None, None, None, None, None, None, None, None]",0,"[None, None, None, None, None, None, None, None, None, None]","[None, None, None, None, None, None, None, None, None, None]",0,"[4, 5, 7, 9, 7, 5, 4, 2, 4, 0]","[False, False, False, False, False, False, False, False, False, False]",0,"[None, None, None, None, None, None, None, None, None, None]","[None, None, None, None, None, None, None, None, None, None]",0,0,"I’m sorry, but I can’t determine the MIDI note numbers just by listening.","I’m sorry, but I can’t determine the note names just by listening.",mi fa sol la sol fa mi re mi do,"I’m sorry, but I can’t determine the exact pitch frequencies just by listening.",3,1,medium,500,5000,similar,synth_pad,"['synth_pad', 'synth_pad', 'synth_pad']",synth_pad,1,"[10, 2, 17]",synth_pad,instrument,/home/hsnu2/PitchBench/data/audio/pitchbench_f1_melodic_line_id/poly3_61d112977b12b8_n3_x1_medium_similar_synth_pad_t1_total5000ms.wav,poly3_61d112977b12b8_n3_x1_medium_similar_synth_pad_t1_total5000ms.wav,"You will hear 3 simultaneous melodic lines, all played with the same instrument, each in a distinct pitch register from highest to lowest. Every line plays continuously: each line always sustains a note, and consecutive notes flow directly into one another with no silence. The lines have different rhythms and numbers of notes, and individual note durations also vary within each line. Focus only on the highest melodic line. That line has exactly 10 notes. List all 10 MIDI note numbers in order from first to last. Reply with ONLY the integers separated by spaces. Nothing else. Output only the answer.","You will hear 3 simultaneous melodic lines, all played with the same instrument, each in a distinct pitch register from highest to lowest. Every line plays continuously: each line always sustains a note, and consecutive notes flow directly into one another with no silence. The lines have different rhythms and numbers of notes, and individual note durations also vary within each line. Focus only on the highest melodic line. That line has exactly 10 notes. List all 10 note names in order from first to last. Reply with ONLY the note names expressed in Scientific Pitch Notation, separated by spaces (e.g. C5 D#5 E5). Nothing else. Output only the answer.","You will hear 3 simultaneous melodic lines, all played with the same instrument, each in a distinct pitch register from highest to lowest. Every line plays continuously: each line always sustains a note, and consecutive notes flow directly into one another with no silence. The lines have different rhythms and numbers of notes, and individual note durations also vary within each line. Focus only on the highest melodic line. That line has exactly 10 notes. List all 10 solfège syllable and accidentals (if needed) in order from first to last (fixed-do: do=C re=D mi=E fa=F sol=G la=A si=B; include sharps e.g. do# re#). Reply with ONLY the syllable and accidentals (if needed) separated by spaces. Nothing else. Output only the answer.","You will hear 3 simultaneous melodic lines, all played with the same instrument, each in a distinct pitch register from highest to lowest. Every line plays continuously: each line always sustains a note, and consecutive notes flow directly into one another with no silence. The lines have different rhythms and numbers of notes, and individual note durations also vary within each line. Focus only on the highest melodic line. That line has exactly 10 notes. List the main pitch frequency in Hertz of all 10 notes in order from first to last. Reply with ONLY the frequencies in Hz separated by spaces (e.g. 261.6 329.6 392.0). Nothing else. Output only the answer."
10,"[52, 57, 59, 55, 54, 53, 50, 49, 48, 51]","['E3', 'A3', 'B3', 'G3', 'F#3', 'F3', 'D3', 'C#3', 'C3', 'D#3']","['mi', 'la', 'si', 'sol', 'fa#', 'fa', 're', 'do#', 'do', 're#']","[164.8138, 220.0, 246.9417, 195.9977, 184.9972, 174.6141, 146.8324, 138.5913, 130.8128, 155.5635]","[52, 53, 55, 57, 55, 53, 52, 50, 48, 47]","[True, False, False, False, False, True, False, False, True, False]",0,"['E3', 'G3', 'F3', 'D3', 'C3', 'A2', 'B2', 'G2', 'F2', 'E2']","[True, False, False, False, False, False, False, False, False, False]",0,"[7, 5, 4, 2, 0, 11, 9, 7, 5, 4]","[False, False, False, False, False, False, False, False, False, False]",0,"[82.4, 98.0, 87.3, 92.5, 110.0, 98.0, 87.3, 82.4, 92.5, 98.0]","[False, False, False, False, False, False, False, False, False, False]",0,0,52 53 55 57 55 53 52 50 48 47,E3 G3 F3 D3 C3 A2 B2 G2 F2 E2,sol fa mi re do si la sol fa mi,82.4 98.0 87.3 92.5 110.0 98.0 87.3 82.4 92.5 98.0,3,3,slow,1000,10000,similar,synth_pad,"['synth_pad', 'synth_pad', 'synth_pad']",synth_pad,0,"[8, 14, 10]",synth_pad,instrument,/home/hsnu2/PitchBench/data/audio/pitchbench_f1_melodic_line_id/poly3_fd08afc2216df8_n3_x3_slow_similar_synth_pad_t0_total10000ms.wav,poly3_fd08afc2216df8_n3_x3_slow_similar_synth_pad_t0_total10000ms.wav,"You will hear 3 simultaneous melodic lines, all played with the same instrument, each in a distinct pitch register from highest to lowest. Every line plays continuously: each line always sustains a note, and consecutive notes flow directly into one another with no silence. The lines have different rhythms and numbers of notes, and individual note durations also vary within each line. Focus only on the lowest melodic line. That line has exactly 10 notes. List all 10 MIDI note numbers in order from first to last. Reply with ONLY the integers separated by spaces. Nothing else. Output only the answer.","You will hear 3 simultaneous melodic lines, all played with the same instrument, each in a distinct pitch register from highest to lowest. Every line plays continuously: each line always sustains a note, and consecutive notes flow directly into one another with no silence. The lines have different rhythms and numbers of notes, and individual note durations also vary within each line. Focus only on the lowest melodic line. That line has exactly 10 notes. List all 10 note names in order from first to last. Reply with ONLY the note names expressed in Scientific Pitch Notation, separated by spaces (e.g. C5 D#5 E5). Nothing else. Output only the answer.","You will hear 3 simultaneous melodic lines, all played with the same instrument, each in a distinct pitch register from highest to lowest. Every line plays continuously: each line always sustains a note, and consecutive notes flow directly into one another with no silence. The lines have different rhythms and numbers of notes, and individual note durations also vary within each line. Focus only on the lowest melodic line. That line has exactly 10 notes. List all 10 solfège syllable and accidentals (if needed) in order from first to last (fixed-do: do=C re=D mi=E fa=F sol=G la=A si=B; include sharps e.g. do# re#). Reply with ONLY the syllable and accidentals (if needed) separated by spaces. Nothing else. Output only the answer.","You will hear 3 simultaneous melodic lines, all played with the same instrument, each in a distinct pitch register from highest to lowest. Every line plays continuously: each line always sustains a note, and consecutive notes flow directly into one another with no silence. The lines have different rhythms and numbers of notes, and individual note durations also vary within each line. Focus only on the lowest melodic line. That line has exactly 10 notes. List the main pitch frequency in Hertz of all 10 notes in order from first to last. Reply with ONLY the frequencies in Hz separated by spaces (e.g. 261.6 329.6 392.0). Nothing else. Output only the answer."
10,"[56, 54, 55, 59, 57, 48, 58, 49, 53, 52]","['G#3', 'F#3', 'G3', 'B3', 'A3', 'C3', 'A#3', 'C#3', 'F3', 'E3']","['sol#', 'fa#', 'sol', 'si', 'la', 'do', 'la#', 'do#', 'fa', 'mi']","[207.6523, 184.9972, 195.9977, 246.9417, 220.0, 130.8128, 233.0819, 138.5913, 174.6141, 164.8138]","[52, 53, 55, 57, 55, 53, 52, 50, 48, 47]","[False, False, True, False, False, False, False, False, False, False]",0,"[None, None, None, None, None, None, None, None, None, None]","[None, None, None, None, None, None, None, None, None, None]",0,"[7, 7, 5, 4, 4, 2, 2, 0, 2, 0]","[False, False, False, False, False, False, False, False, False, False]",0,"[None, None, None, None, None, None, None, None, None, None]","[None, None, None, None, None, None, None, None, None, None]",0,0,52 53 55 57 55 53 52 50 48 47,"I'm sorry, but I can't determine the note names just by listening.",sol sol fa mi mi re re do re do,"I’m sorry, but I can’t determine the exact pitch frequencies just by listening.",3,3,medium,500,5000,similar,synth_pad,"['synth_pad', 'synth_pad', 'synth_pad']",synth_pad,0,"[10, 8, 10]",synth_pad,instrument,/home/hsnu2/PitchBench/data/audio/pitchbench_f1_melodic_line_id/poly3_38f1c25e07e55e_n3_x3_medium_similar_synth_pad_t0_total5000ms.wav,poly3_38f1c25e07e55e_n3_x3_medium_similar_synth_pad_t0_total5000ms.wav,"You will hear 3 simultaneous melodic lines, all played with the same instrument, each in a distinct pitch register from highest to lowest. Every line plays continuously: each line always sustains a note, and consecutive notes flow directly into one another with no silence. The lines have different rhythms and numbers of notes, and individual note durations also vary within each line. Focus only on the lowest melodic line. That line has exactly 10 notes. List all 10 MIDI note numbers in order from first to last. Reply with ONLY the integers separated by spaces. Nothing else. Output only the answer.","You will hear 3 simultaneous melodic lines, all played with the same instrument, each in a distinct pitch register from highest to lowest. Every line plays continuously: each line always sustains a note, and consecutive notes flow directly into one another with no silence. The lines have different rhythms and numbers of notes, and individual note durations also vary within each line. Focus only on the lowest melodic line. That line has exactly 10 notes. List all 10 note names in order from first to last. Reply with ONLY the note names expressed in Scientific Pitch Notation, separated by spaces (e.g. C5 D#5 E5). Nothing else. Output only the answer.","You will hear 3 simultaneous melodic lines, all played with the same instrument, each in a distinct pitch register from highest to lowest. Every line plays continuously: each line always sustains a note, and consecutive notes flow directly into one another with no silence. The lines have different rhythms and numbers of notes, and individual note durations also vary within each line. Focus only on the lowest melodic line. That line has exactly 10 notes. List all 10 solfège syllable and accidentals (if needed) in order from first to last (fixed-do: do=C re=D mi=E fa=F sol=G la=A si=B; include sharps e.g. do# re#). Reply with ONLY the syllable and accidentals (if needed) separated by spaces. Nothing else. Output only the answer.","You will hear 3 simultaneous melodic lines, all played with the same instrument, each in a distinct pitch register from highest to lowest. Every line plays continuously: each line always sustains a note, and consecutive notes flow directly into one another with no silence. The lines have different rhythms and numbers of notes, and individual note durations also vary within each line. Focus only on the lowest melodic line. That line has exactly 10 notes. List the main pitch frequency in Hertz of all 10 notes in order from first to last. Reply with ONLY the frequencies in Hz separated by spaces (e.g. 261.6 329.6 392.0). Nothing else. Output only the answer."
10,"[65, 66, 61, 62, 68, 71, 60, 70, 63, 64]","['F4', 'F#4', 'C#4', 'D4', 'G#4', 'B4', 'C4', 'A#4', 'D#4', 'E4']","['fa', 'fa#', 'do#', 're', 'sol#', 'si', 'do', 'la#', 're#', 'mi']","[349.2282, 369.9944, 277.1826, 293.6648, 415.3047, 493.8833, 261.6256, 466.1638, 311.127, 329.6276]","[72, 74, 76, 77, 79, 81, 79, 77, 76, 74]","[False, False, False, False, False, False, False, False, False, False]",0,"['G4', 'F4', 'E4', 'D4', 'C4', 'D4', 'E4', 'F4', 'G4', 'A4']","[False, False, False, True, False, False, False, False, False, False]",0,"[7, 5, 4, 2, 0, 2, 4, 5, 7, 9]","[False, False, False, True, False, False, False, False, False, False]",0,"[440.0, 392.0, 349.0, 330.0, 294.0, 330.0, 349.0, 392.0, 440.0, 392.0]","[False, False, False, False, False, False, False, False, False, False]",0,0,72 74 76 77 79 81 79 77 76 74,G4 F4 E4 D4 C4 D4 E4 F4 G4 A4,sol fa mi re do re mi fa sol la,440 392 349 330 294 330 349 392 440 392,3,2,slow,1000,10000,similar,synth_pad,"['synth_pad', 'synth_pad', 'synth_pad']",synth_pad,0,"[10, 10, 7]",synth_pad,instrument,/home/hsnu2/PitchBench/data/audio/pitchbench_f1_melodic_line_id/poly3_036885850666b3_n3_x2_slow_similar_synth_pad_t0_total10000ms.wav,poly3_036885850666b3_n3_x2_slow_similar_synth_pad_t0_total10000ms.wav,"You will hear 3 simultaneous melodic lines, all played with the same instrument, each in a distinct pitch register from highest to lowest. Every line plays continuously: each line always sustains a note, and consecutive notes flow directly into one another with no silence. The lines have different rhythms and numbers of notes, and individual note durations also vary within each line. Focus only on the second-from-top melodic line. That line has exactly 10 notes. List all 10 MIDI note numbers in order from first to last. Reply with ONLY the integers separated by spaces. Nothing else. Output only the answer.","You will hear 3 simultaneous melodic lines, all played with the same instrument, each in a distinct pitch register from highest to lowest. Every line plays continuously: each line always sustains a note, and consecutive notes flow directly into one another with no silence. The lines have different rhythms and numbers of notes, and individual note durations also vary within each line. Focus only on the second-from-top melodic line. That line has exactly 10 notes. List all 10 note names in order from first to last. Reply with ONLY the note names expressed in Scientific Pitch Notation, separated by spaces (e.g. C5 D#5 E5). Nothing else. Output only the answer.","You will hear 3 simultaneous melodic lines, all played with the same instrument, each in a distinct pitch register from highest to lowest. Every line plays continuously: each line always sustains a note, and consecutive notes flow directly into one another with no silence. The lines have different rhythms and numbers of notes, and individual note durations also vary within each line. Focus only on the second-from-top melodic line. That line has exactly 10 notes. List all 10 solfège syllable and accidentals (if needed) in order from first to last (fixed-do: do=C re=D mi=E fa=F sol=G la=A si=B; include sharps e.g. do# re#). Reply with ONLY the syllable and accidentals (if needed) separated by spaces. Nothing else. Output only the answer.","You will hear 3 simultaneous melodic lines, all played with the same instrument, each in a distinct pitch register from highest to lowest. Every line plays continuously: each line always sustains a note, and consecutive notes flow directly into one another with no silence. The lines have different rhythms and numbers of notes, and individual note durations also vary within each line. Focus only on the second-from-top melodic line. That line has exactly 10 notes. List the main pitch frequency in Hertz of all 10 notes in order from first to last. Reply with ONLY the frequencies in Hz separated by spaces (e.g. 261.6 329.6 392.0). Nothing else. Output only the answer."
10,"[69, 70, 65, 63, 71, 67, 62, 64, 61, 60]","['A4', 'A#4', 'F4', 'D#4', 'B4', 'G4', 'D4', 'E4', 'C#4', 'C4']","['la', 'la#', 'fa', 're#', 'si', 'sol', 're', 'mi', 'do#', 'do']","[440.0, 466.1638, 349.2282, 311.127, 493.8833, 391.9954, 293.6648, 329.6276, 277.1826, 261.6256]","[76, 74, 72, 71, 69, 67, 65, 64, 62, 60]","[False, False, False, False, False, True, False, True, False, True]",0,"[None, None, None, None, None, None, None, None, None, None]","[None, None, None, None, None, None, None, None, None, None]",0,"[7, 5, 4, 5, 7, 9, 7, 5, 4, 2]","[False, False, False, False, False, False, False, False, False, False]",0,"[None, None, None, None, None, None, None, None, None, None]","[None, None, None, None, None, None, None, None, None, None]",0,0,76 74 72 71 69 67 65 64 62 60,"I’m sorry, but I can’t determine the note names just by listening.",sol fa mi fa sol la sol fa mi re,"I’m sorry, but I can’t determine the exact pitch frequencies just by listening.",3,2,medium,500,5000,similar,synth_pad,"['synth_pad', 'synth_pad', 'synth_pad']",synth_pad,0,"[2, 10, 18]",synth_pad,instrument,/home/hsnu2/PitchBench/data/audio/pitchbench_f1_melodic_line_id/poly3_4a5b2384182268_n3_x2_medium_similar_synth_pad_t0_total5000ms.wav,poly3_4a5b2384182268_n3_x2_medium_similar_synth_pad_t0_total5000ms.wav,"You will hear 3 simultaneous melodic lines, all played with the same instrument, each in a distinct pitch register from highest to lowest. Every line plays continuously: each line always sustains a note, and consecutive notes flow directly into one another with no silence. The lines have different rhythms and numbers of notes, and individual note durations also vary within each line. Focus only on the second-from-top melodic line. That line has exactly 10 notes. List all 10 MIDI note numbers in order from first to last. Reply with ONLY the integers separated by spaces. Nothing else. Output only the answer.","You will hear 3 simultaneous melodic lines, all played with the same instrument, each in a distinct pitch register from highest to lowest. Every line plays continuously: each line always sustains a note, and consecutive notes flow directly into one another with no silence. The lines have different rhythms and numbers of notes, and individual note durations also vary within each line. Focus only on the second-from-top melodic line. That line has exactly 10 notes. List all 10 note names in order from first to last. Reply with ONLY the note names expressed in Scientific Pitch Notation, separated by spaces (e.g. C5 D#5 E5). Nothing else. Output only the answer.","You will hear 3 simultaneous melodic lines, all played with the same instrument, each in a distinct pitch register from highest to lowest. Every line plays continuously: each line always sustains a note, and consecutive notes flow directly into one another with no silence. The lines have different rhythms and numbers of notes, and individual note durations also vary within each line. Focus only on the second-from-top melodic line. That line has exactly 10 notes. List all 10 solfège syllable and accidentals (if needed) in order from first to last (fixed-do: do=C re=D mi=E fa=F sol=G la=A si=B; include sharps e.g. do# re#). Reply with ONLY the syllable and accidentals (if needed) separated by spaces. Nothing else. Output only the answer.","You will hear 3 simultaneous melodic lines, all played with the same instrument, each in a distinct pitch register from highest to lowest. Every line plays continuously: each line always sustains a note, and consecutive notes flow directly into one another with no silence. The lines have different rhythms and numbers of notes, and individual note durations also vary within each line. Focus only on the second-from-top melodic line. That line has exactly 10 notes. List the main pitch frequency in Hertz of all 10 notes in order from first to last. Reply with ONLY the frequencies in Hz separated by spaces (e.g. 261.6 329.6 392.0). Nothing else. Output only the answer."
10,"[55, 59, 50, 48, 52, 58, 54, 56, 49, 57]","['G3', 'B3', 'D3', 'C3', 'E3', 'A#3', 'F#3', 'G#3', 'C#3', 'A3']","['sol', 'si', 're', 'do', 'mi', 'la#', 'fa#', 'sol#', 'do#', 'la']","[195.9977, 246.9417, 146.8324, 130.8128, 164.8138, 233.0819, 184.9972, 207.6523, 138.5913, 220.0]","[52, 53, 55, 57, 55, 53, 52, 50, 48, 47]","[False, False, False, False, False, False, False, False, False, False]",0,"['G3', 'F3', 'E3', 'D3', 'C3', 'B2', 'A2', 'G2', 'F2', 'E2']","[True, False, False, False, False, False, False, False, False, False]",0,"[7, 5, 4, 2, 0, 2, 4, 5, 7, 0]","[True, False, False, False, False, False, False, False, False, False]",0,"[None, None, None, None, None, None, None, None, None, None]","[None, None, None, None, None, None, None, None, None, None]",0,0,52 53 55 57 55 53 52 50 48 47,G3 F3 E3 D3 C3 B2 A2 G2 F2 E2,sol fa mi re do re mi fa sol do,"I’m sorry, but I can’t determine the exact pitch frequencies just by listening.",3,3,slow,1000,10000,similar,trombone,"['trombone', 'trombone', 'trombone']",trombone,1,"[11, 6, 10]",trombone,instrument,/home/hsnu2/PitchBench/data/audio/pitchbench_f1_melodic_line_id/poly3_7d947b2748fc02_n3_x3_slow_similar_trombone_t1_total10000ms.wav,poly3_7d947b2748fc02_n3_x3_slow_similar_trombone_t1_total10000ms.wav,"You will hear 3 simultaneous melodic lines, all played with the same instrument, each in a distinct pitch register from highest to lowest. Every line plays continuously: each line always sustains a note, and consecutive notes flow directly into one another with no silence. The lines have different rhythms and numbers of notes, and individual note durations also vary within each line. Focus only on the lowest melodic line. That line has exactly 10 notes. List all 10 MIDI note numbers in order from first to last. Reply with ONLY the integers separated by spaces. Nothing else. Output only the answer.","You will hear 3 simultaneous melodic lines, all played with the same instrument, each in a distinct pitch register from highest to lowest. Every line plays continuously: each line always sustains a note, and consecutive notes flow directly into one another with no silence. The lines have different rhythms and numbers of notes, and individual note durations also vary within each line. Focus only on the lowest melodic line. That line has exactly 10 notes. List all 10 note names in order from first to last. Reply with ONLY the note names expressed in Scientific Pitch Notation, separated by spaces (e.g. C5 D#5 E5). Nothing else. Output only the answer.","You will hear 3 simultaneous melodic lines, all played with the same instrument, each in a distinct pitch register from highest to lowest. Every line plays continuously: each line always sustains a note, and consecutive notes flow directly into one another with no silence. The lines have different rhythms and numbers of notes, and individual note durations also vary within each line. Focus only on the lowest melodic line. That line has exactly 10 notes. List all 10 solfège syllable and accidentals (if needed) in order from first to last (fixed-do: do=C re=D mi=E fa=F sol=G la=A si=B; include sharps e.g. do# re#). Reply with ONLY the syllable and accidentals (if needed) separated by spaces. Nothing else. Output only the answer.","You will hear 3 simultaneous melodic lines, all played with the same instrument, each in a distinct pitch register from highest to lowest. Every line plays continuously: each line always sustains a note, and consecutive notes flow directly into one another with no silence. The lines have different rhythms and numbers of notes, and individual note durations also vary within each line. Focus only on the lowest melodic line. That line has exactly 10 notes. List the main pitch frequency in Hertz of all 10 notes in order from first to last. Reply with ONLY the frequencies in Hz separated by spaces (e.g. 261.6 329.6 392.0). Nothing else. Output only the answer."
10,"[69, 70, 65, 63, 71, 67, 62, 64, 61, 60]","['A4', 'A#4', 'F4', 'D#4', 'B4', 'G4', 'D4', 'E4', 'C#4', 'C4']","['la', 'la#', 'fa', 're#', 'si', 'sol', 're', 'mi', 'do#', 'do']","[440.0, 466.1638, 349.2282, 311.127, 493.8833, 391.9954, 293.6648, 329.6276, 277.1826, 261.6256]","[72, 74, 76, 77, 79, 81, 79, 77, 76, 74]","[False, False, False, False, False, False, False, False, False, False]",0,"[None, None, None, None, None, None, None, None, None, None]","[None, None, None, None, None, None, None, None, None, None]",0,"[7, 5, 4, 2, 0, 2, 4, 5, 7, 9]","[False, False, False, False, False, False, False, False, False, False]",0,"[None, None, None, None, None, None, None, None, None, None]","[None, None, None, None, None, None, None, None, None, None]",0,0,72 74 76 77 79 81 79 77 76 74,"I’m sorry, but I can’t determine the note names just by listening.",sol fa mi re do re mi fa sol la,"I'm sorry, but I can't determine the exact pitch frequencies just by listening to the audio.",3,2,medium,500,5000,similar,trombone,"['trombone', 'trombone', 'trombone']",trombone,0,"[2, 10, 18]",trombone,instrument,/home/hsnu2/PitchBench/data/audio/pitchbench_f1_melodic_line_id/poly3_db7e51d508ff28_n3_x2_medium_similar_trombone_t0_total5000ms.wav,poly3_db7e51d508ff28_n3_x2_medium_similar_trombone_t0_total5000ms.wav,"You will hear 3 simultaneous melodic lines, all played with the same instrument, each in a distinct pitch register from highest to lowest. Every line plays continuously: each line always sustains a note, and consecutive notes flow directly into one another with no silence. The lines have different rhythms and numbers of notes, and individual note durations also vary within each line. Focus only on the second-from-top melodic line. That line has exactly 10 notes. List all 10 MIDI note numbers in order from first to last. Reply with ONLY the integers separated by spaces. Nothing else. Output only the answer.","You will hear 3 simultaneous melodic lines, all played with the same instrument, each in a distinct pitch register from highest to lowest. Every line plays continuously: each line always sustains a note, and consecutive notes flow directly into one another with no silence. The lines have different rhythms and numbers of notes, and individual note durations also vary within each line. Focus only on the second-from-top melodic line. That line has exactly 10 notes. List all 10 note names in order from first to last. Reply with ONLY the note names expressed in Scientific Pitch Notation, separated by spaces (e.g. C5 D#5 E5). Nothing else. Output only the answer.","You will hear 3 simultaneous melodic lines, all played with the same instrument, each in a distinct pitch register from highest to lowest. Every line plays continuously: each line always sustains a note, and consecutive notes flow directly into one another with no silence. The lines have different rhythms and numbers of notes, and individual note durations also vary within each line. Focus only on the second-from-top melodic line. That line has exactly 10 notes. List all 10 solfège syllable and accidentals (if needed) in order from first to last (fixed-do: do=C re=D mi=E fa=F sol=G la=A si=B; include sharps e.g. do# re#). Reply with ONLY the syllable and accidentals (if needed) separated by spaces. Nothing else. Output only the answer.","You will hear 3 simultaneous melodic lines, all played with the same instrument, each in a distinct pitch register from highest to lowest. Every line plays continuously: each line always sustains a note, and consecutive notes flow directly into one another with no silence. The lines have different rhythms and numbers of notes, and individual note durations also vary within each line. Focus only on the second-from-top melodic line. That line has exactly 10 notes. List the main pitch frequency in Hertz of all 10 notes in order from first to last. Reply with ONLY the frequencies in Hz separated by spaces (e.g. 261.6 329.6 392.0). Nothing else. Output only the answer."
10,"[65, 60, 67, 62, 70, 71, 63, 69, 68, 61]","['F4', 'C4', 'G4', 'D4', 'A#4', 'B4', 'D#4', 'A4', 'G#4', 'C#4']","['fa', 'do', 'sol', 're', 'la#', 'si', 're#', 'la', 'sol#', 'do#']","[349.2282, 261.6256, 391.9954, 293.6648, 466.1638, 493.8833, 311.127, 440.0, 415.3047, 277.1826]","[72, 74, 76, 77, 79, 81, 79, 77, 76, 74]","[False, False, False, False, False, False, False, False, False, False]",0,"['E5', 'F#5', 'G5', 'A5', 'B5', 'C6', 'D6', 'E6', 'F#6', 'G6']","[False, False, False, False, False, False, False, False, False, False]",0,"[7, 5, 4, 2, 0, 2, 4, 5, 7, 9]","[False, False, False, True, False, False, False, False, False, False]",0,"[440.0, 392.0, 349.2, 392.0, 440.0, 493.9, 440.0, 392.0, 349.2, 329.6]","[False, False, False, False, False, True, False, False, False, False]",0,0,72 74 76 77 79 81 79 77 76 74,E5 F#5 G5 A5 B5 C6 D6 E6 F#6 G6,sol fa mi re do re mi fa sol la,440 392 349.2 392 440 493.9 440 392 349.2 329.6,3,2,slow,1000,10000,similar,trombone,"['trombone', 'trombone', 'trombone']",trombone,1,"[1, 10, 16]",trombone,instrument,/home/hsnu2/PitchBench/data/audio/pitchbench_f1_melodic_line_id/poly3_849a2f56de047c_n3_x2_slow_similar_trombone_t1_total10000ms.wav,poly3_849a2f56de047c_n3_x2_slow_similar_trombone_t1_total10000ms.wav,"You will hear 3 simultaneous melodic lines, all played with the same instrument, each in a distinct pitch register from highest to lowest. Every line plays continuously: each line always sustains a note, and consecutive notes flow directly into one another with no silence. The lines have different rhythms and numbers of notes, and individual note durations also vary within each line. Focus only on the second-from-top melodic line. That line has exactly 10 notes. List all 10 MIDI note numbers in order from first to last. Reply with ONLY the integers separated by spaces. Nothing else. Output only the answer.","You will hear 3 simultaneous melodic lines, all played with the same instrument, each in a distinct pitch register from highest to lowest. Every line plays continuously: each line always sustains a note, and consecutive notes flow directly into one another with no silence. The lines have different rhythms and numbers of notes, and individual note durations also vary within each line. Focus only on the second-from-top melodic line. That line has exactly 10 notes. List all 10 note names in order from first to last. Reply with ONLY the note names expressed in Scientific Pitch Notation, separated by spaces (e.g. C5 D#5 E5). Nothing else. Output only the answer.","You will hear 3 simultaneous melodic lines, all played with the same instrument, each in a distinct pitch register from highest to lowest. Every line plays continuously: each line always sustains a note, and consecutive notes flow directly into one another with no silence. The lines have different rhythms and numbers of notes, and individual note durations also vary within each line. Focus only on the second-from-top melodic line. That line has exactly 10 notes. List all 10 solfège syllable and accidentals (if needed) in order from first to last (fixed-do: do=C re=D mi=E fa=F sol=G la=A si=B; include sharps e.g. do# re#). Reply with ONLY the syllable and accidentals (if needed) separated by spaces. Nothing else. Output only the answer.","You will hear 3 simultaneous melodic lines, all played with the same instrument, each in a distinct pitch register from highest to lowest. Every line plays continuously: each line always sustains a note, and consecutive notes flow directly into one another with no silence. The lines have different rhythms and numbers of notes, and individual note durations also vary within each line. Focus only on the second-from-top melodic line. That line has exactly 10 notes. List the main pitch frequency in Hertz of all 10 notes in order from first to last. Reply with ONLY the frequencies in Hz separated by spaces (e.g. 261.6 329.6 392.0). Nothing else. Output only the answer."
10,"[72, 73, 78, 82, 81, 80, 77, 79, 74, 83]","['C5', 'C#5', 'F#5', 'A#5', 'A5', 'G#5', 'F5', 'G5', 'D5', 'B5']","['do', 'do#', 'fa#', 'la#', 'la', 'sol#', 'fa', 'sol', 're', 'si']","[523.2511, 554.3653, 739.9888, 932.3275, 880.0, 830.6094, 698.4565, 783.9909, 587.3295, 987.7666]","[84, 86, 88, 89, 91, 89, 88, 86, 84, 83]","[False, False, False, False, False, False, False, False, False, True]",0,"[None, None, None, None, None, None, None, None, None, None]","[None, None, None, None, None, None, None, None, None, None]",0,"[4, 5, 7, 5, 4, 2, 4, 5, 4, 2]","[False, False, False, False, False, False, False, False, False, False]",0,"[440.0, 392.0, 440.0, 349.0, 392.0, 440.0, 392.0, 349.0, 392.0, 440.0]","[False, False, False, False, False, False, False, False, False, False]",0,0,84 86 88 89 91 89 88 86 84 83,"I’m sorry, but I can’t determine the exact note names just by listening.",mi fa sol fa mi re mi fa mi re,440 392 440 349 392 440 392 349 392 440,3,1,medium,500,5000,similar,trombone,"['trombone', 'trombone', 'trombone']",trombone,1,"[10, 2, 17]",trombone,instrument,/home/hsnu2/PitchBench/data/audio/pitchbench_f1_melodic_line_id/poly3_df9b3edb2e5c6f_n3_x1_medium_similar_trombone_t1_total5000ms.wav,poly3_df9b3edb2e5c6f_n3_x1_medium_similar_trombone_t1_total5000ms.wav,"You will hear 3 simultaneous melodic lines, all played with the same instrument, each in a distinct pitch register from highest to lowest. Every line plays continuously: each line always sustains a note, and consecutive notes flow directly into one another with no silence. The lines have different rhythms and numbers of notes, and individual note durations also vary within each line. Focus only on the highest melodic line. That line has exactly 10 notes. List all 10 MIDI note numbers in order from first to last. Reply with ONLY the integers separated by spaces. Nothing else. Output only the answer.","You will hear 3 simultaneous melodic lines, all played with the same instrument, each in a distinct pitch register from highest to lowest. Every line plays continuously: each line always sustains a note, and consecutive notes flow directly into one another with no silence. The lines have different rhythms and numbers of notes, and individual note durations also vary within each line. Focus only on the highest melodic line. That line has exactly 10 notes. List all 10 note names in order from first to last. Reply with ONLY the note names expressed in Scientific Pitch Notation, separated by spaces (e.g. C5 D#5 E5). Nothing else. Output only the answer.","You will hear 3 simultaneous melodic lines, all played with the same instrument, each in a distinct pitch register from highest to lowest. Every line plays continuously: each line always sustains a note, and consecutive notes flow directly into one another with no silence. The lines have different rhythms and numbers of notes, and individual note durations also vary within each line. Focus only on the highest melodic line. That line has exactly 10 notes. List all 10 solfège syllable and accidentals (if needed) in order from first to last (fixed-do: do=C re=D mi=E fa=F sol=G la=A si=B; include sharps e.g. do# re#). Reply with ONLY the syllable and accidentals (if needed) separated by spaces. Nothing else. Output only the answer.","You will hear 3 simultaneous melodic lines, all played with the same instrument, each in a distinct pitch register from highest to lowest. Every line plays continuously: each line always sustains a note, and consecutive notes flow directly into one another with no silence. The lines have different rhythms and numbers of notes, and individual note durations also vary within each line. Focus only on the highest melodic line. That line has exactly 10 notes. List the main pitch frequency in Hertz of all 10 notes in order from first to last. Reply with ONLY the frequencies in Hz separated by spaces (e.g. 261.6 329.6 392.0). Nothing else. Output only the answer."
10,"[74, 79, 83, 75, 76, 80, 72, 77, 78, 82]","['D5', 'G5', 'B5', 'D#5', 'E5', 'G#5', 'C5', 'F5', 'F#5', 'A#5']","['re', 'sol', 'si', 're#', 'mi', 'sol#', 'do', 'fa', 'fa#', 'la#']","[587.3295, 783.9909, 987.7666, 622.254, 659.2551, 830.6094, 523.2511, 698.4565, 739.9888, 932.3275]","[72, 74, 76, 77, 79, 81, 83, 84, 86, 88]","[False, False, False, False, False, False, False, False, False, False]",0,"['E6', 'G6', 'F6', 'A6', 'G6', 'B6', 'C7', 'D7', 'E7', 'F7']","[False, False, False, False, False, False, False, False, False, False]",0,"[7, 7, 5, 4, 5, 7, 9, 7, 5, 4]","[False, True, False, False, False, False, False, False, False, False]",0,"[440.0, 494.0, 523.0, 587.0, 659.0, 698.0, 784.0, 880.0, 988.0, 1047.0]","[False, False, False, False, True, False, False, False, False, False]",0,0,72 74 76 77 79 81 83 84 86 88,E6 G6 F6 A6 G6 B6 C7 D7 E7 F7,sol sol fa mi fa sol la sol fa mi,440 494 523 587 659 698 784 880 988 1047,3,1,medium,500,5000,similar,trombone,"['trombone', 'trombone', 'trombone']",trombone,0,"[10, 19, 2]",trombone,instrument,/home/hsnu2/PitchBench/data/audio/pitchbench_f1_melodic_line_id/poly3_8c07c1b2f57f11_n3_x1_medium_similar_trombone_t0_total5000ms.wav,poly3_8c07c1b2f57f11_n3_x1_medium_similar_trombone_t0_total5000ms.wav,"You will hear 3 simultaneous melodic lines, all played with the same instrument, each in a distinct pitch register from highest to lowest. Every line plays continuously: each line always sustains a note, and consecutive notes flow directly into one another with no silence. The lines have different rhythms and numbers of notes, and individual note durations also vary within each line. Focus only on the highest melodic line. That line has exactly 10 notes. List all 10 MIDI note numbers in order from first to last. Reply with ONLY the integers separated by spaces. Nothing else. Output only the answer.","You will hear 3 simultaneous melodic lines, all played with the same instrument, each in a distinct pitch register from highest to lowest. Every line plays continuously: each line always sustains a note, and consecutive notes flow directly into one another with no silence. The lines have different rhythms and numbers of notes, and individual note durations also vary within each line. Focus only on the highest melodic line. That line has exactly 10 notes. List all 10 note names in order from first to last. Reply with ONLY the note names expressed in Scientific Pitch Notation, separated by spaces (e.g. C5 D#5 E5). Nothing else. Output only the answer.","You will hear 3 simultaneous melodic lines, all played with the same instrument, each in a distinct pitch register from highest to lowest. Every line plays continuously: each line always sustains a note, and consecutive notes flow directly into one another with no silence. The lines have different rhythms and numbers of notes, and individual note durations also vary within each line. Focus only on the highest melodic line. That line has exactly 10 notes. List all 10 solfège syllable and accidentals (if needed) in order from first to last (fixed-do: do=C re=D mi=E fa=F sol=G la=A si=B; include sharps e.g. do# re#). Reply with ONLY the syllable and accidentals (if needed) separated by spaces. Nothing else. Output only the answer.","You will hear 3 simultaneous melodic lines, all played with the same instrument, each in a distinct pitch register from highest to lowest. Every line plays continuously: each line always sustains a note, and consecutive notes flow directly into one another with no silence. The lines have different rhythms and numbers of notes, and individual note durations also vary within each line. Focus only on the highest melodic line. That line has exactly 10 notes. List the main pitch frequency in Hertz of all 10 notes in order from first to last. Reply with ONLY the frequencies in Hz separated by spaces (e.g. 261.6 329.6 392.0). Nothing else. Output only the answer."
10,"[52, 57, 59, 55, 54, 53, 50, 49, 48, 51]","['E3', 'A3', 'B3', 'G3', 'F#3', 'F3', 'D3', 'C#3', 'C3', 'D#3']","['mi', 'la', 'si', 'sol', 'fa#', 'fa', 're', 'do#', 'do', 're#']","[164.8138, 220.0, 246.9417, 195.9977, 184.9972, 174.6141, 146.8324, 138.5913, 130.8128, 155.5635]","[48, 50, 52, 53, 55, 57, 55, 53, 52, 50]","[False, False, False, False, False, False, False, False, False, False]",0,"['G3', 'F3', 'E3', 'D3', 'C3', 'B2', 'A2', 'G2', 'F2', 'E2']","[False, False, False, False, False, False, False, False, False, False]",0,"[7, 7, 5, 4, 4, 2, 2, 0, 0, 0]","[False, False, False, False, False, False, True, False, True, False]",0,"[82.4, 98.0, 87.3, 92.5, 110.0, 98.0, 82.4, 73.4, 82.4, 65.4]","[False, False, False, False, False, False, False, False, False, False]",0,0,48 50 52 53 55 57 55 53 52 50,G3 F3 E3 D3 C3 B2 A2 G2 F2 E2,sol sol fa mi mi re re do do do,82.4 98.0 87.3 92.5 110.0 98.0 82.4 73.4 82.4 65.4,3,3,slow,1000,10000,similar,trumpet,"['trumpet', 'trumpet', 'trumpet']",trumpet,0,"[8, 14, 10]",trumpet,instrument,/home/hsnu2/PitchBench/data/audio/pitchbench_f1_melodic_line_id/poly3_85f427419678ce_n3_x3_slow_similar_trumpet_t0_total10000ms.wav,poly3_85f427419678ce_n3_x3_slow_similar_trumpet_t0_total10000ms.wav,"You will hear 3 simultaneous melodic lines, all played with the same instrument, each in a distinct pitch register from highest to lowest. Every line plays continuously: each line always sustains a note, and consecutive notes flow directly into one another with no silence. The lines have different rhythms and numbers of notes, and individual note durations also vary within each line. Focus only on the lowest melodic line. That line has exactly 10 notes. List all 10 MIDI note numbers in order from first to last. Reply with ONLY the integers separated by spaces. Nothing else. Output only the answer.","You will hear 3 simultaneous melodic lines, all played with the same instrument, each in a distinct pitch register from highest to lowest. Every line plays continuously: each line always sustains a note, and consecutive notes flow directly into one another with no silence. The lines have different rhythms and numbers of notes, and individual note durations also vary within each line. Focus only on the lowest melodic line. That line has exactly 10 notes. List all 10 note names in order from first to last. Reply with ONLY the note names expressed in Scientific Pitch Notation, separated by spaces (e.g. C5 D#5 E5). Nothing else. Output only the answer.","You will hear 3 simultaneous melodic lines, all played with the same instrument, each in a distinct pitch register from highest to lowest. Every line plays continuously: each line always sustains a note, and consecutive notes flow directly into one another with no silence. The lines have different rhythms and numbers of notes, and individual note durations also vary within each line. Focus only on the lowest melodic line. That line has exactly 10 notes. List all 10 solfège syllable and accidentals (if needed) in order from first to last (fixed-do: do=C re=D mi=E fa=F sol=G la=A si=B; include sharps e.g. do# re#). Reply with ONLY the syllable and accidentals (if needed) separated by spaces. Nothing else. Output only the answer.","You will hear 3 simultaneous melodic lines, all played with the same instrument, each in a distinct pitch register from highest to lowest. Every line plays continuously: each line always sustains a note, and consecutive notes flow directly into one another with no silence. The lines have different rhythms and numbers of notes, and individual note durations also vary within each line. Focus only on the lowest melodic line. That line has exactly 10 notes. List the main pitch frequency in Hertz of all 10 notes in order from first to last. Reply with ONLY the frequencies in Hz separated by spaces (e.g. 261.6 329.6 392.0). Nothing else. Output only the answer."
10,"[69, 66, 67, 68, 60, 62, 70, 64, 65, 71]","['A4', 'F#4', 'G4', 'G#4', 'C4', 'D4', 'A#4', 'E4', 'F4', 'B4']","['la', 'fa#', 'sol', 'sol#', 'do', 're', 'la#', 'mi', 'fa', 'si']","[440.0, 369.9944, 391.9954, 415.3047, 261.6256, 293.6648, 466.1638, 329.6276, 349.2282, 493.8833]","[76, 74, 72, 71, 69, 67, 65, 64, 62, 60]","[False, False, False, False, False, False, False, True, False, False]",0,"['G4', 'F4', 'E4', 'D4', 'C4', 'B3', 'A3', 'G3', 'F3', 'E3']","[False, False, False, False, True, False, False, False, False, False]",0,"[7, 5, 4, 2, 0, 2, 4, 5, 7, 9]","[False, False, False, False, True, True, False, False, False, False]",0,"[None, None, None, None, None, None, None, None, None, None]","[None, None, None, None, None, None, None, None, None, None]",0,0,76 74 72 71 69 67 65 64 62 60,G4 F4 E4 D4 C4 B3 A3 G3 F3 E3,sol fa mi re do re mi fa sol la,"I'm sorry, but I can't determine the exact pitch frequencies from the audio provided.",3,2,medium,500,5000,similar,trumpet,"['trumpet', 'trumpet', 'trumpet']",trumpet,1,"[7, 10, 3]",trumpet,instrument,/home/hsnu2/PitchBench/data/audio/pitchbench_f1_melodic_line_id/poly3_42e8d6e22b14d0_n3_x2_medium_similar_trumpet_t1_total5000ms.wav,poly3_42e8d6e22b14d0_n3_x2_medium_similar_trumpet_t1_total5000ms.wav,"You will hear 3 simultaneous melodic lines, all played with the same instrument, each in a distinct pitch register from highest to lowest. Every line plays continuously: each line always sustains a note, and consecutive notes flow directly into one another with no silence. The lines have different rhythms and numbers of notes, and individual note durations also vary within each line. Focus only on the second-from-top melodic line. That line has exactly 10 notes. List all 10 MIDI note numbers in order from first to last. Reply with ONLY the integers separated by spaces. Nothing else. Output only the answer.","You will hear 3 simultaneous melodic lines, all played with the same instrument, each in a distinct pitch register from highest to lowest. Every line plays continuously: each line always sustains a note, and consecutive notes flow directly into one another with no silence. The lines have different rhythms and numbers of notes, and individual note durations also vary within each line. Focus only on the second-from-top melodic line. That line has exactly 10 notes. List all 10 note names in order from first to last. Reply with ONLY the note names expressed in Scientific Pitch Notation, separated by spaces (e.g. C5 D#5 E5). Nothing else. Output only the answer.","You will hear 3 simultaneous melodic lines, all played with the same instrument, each in a distinct pitch register from highest to lowest. Every line plays continuously: each line always sustains a note, and consecutive notes flow directly into one another with no silence. The lines have different rhythms and numbers of notes, and individual note durations also vary within each line. Focus only on the second-from-top melodic line. That line has exactly 10 notes. List all 10 solfège syllable and accidentals (if needed) in order from first to last (fixed-do: do=C re=D mi=E fa=F sol=G la=A si=B; include sharps e.g. do# re#). Reply with ONLY the syllable and accidentals (if needed) separated by spaces. Nothing else. Output only the answer.","You will hear 3 simultaneous melodic lines, all played with the same instrument, each in a distinct pitch register from highest to lowest. Every line plays continuously: each line always sustains a note, and consecutive notes flow directly into one another with no silence. The lines have different rhythms and numbers of notes, and individual note durations also vary within each line. Focus only on the second-from-top melodic line. That line has exactly 10 notes. List the main pitch frequency in Hertz of all 10 notes in order from first to last. Reply with ONLY the frequencies in Hz separated by spaces (e.g. 261.6 329.6 392.0). Nothing else. Output only the answer."
10,"[72, 76, 73, 80, 81, 78, 74, 75, 82, 77]","['C5', 'E5', 'C#5', 'G#5', 'A5', 'F#5', 'D5', 'D#5', 'A#5', 'F5']","['do', 'mi', 'do#', 'sol#', 'la', 'fa#', 're', 're#', 'la#', 'fa']","[523.2511, 659.2551, 554.3653, 830.6094, 880.0, 739.9888, 587.3295, 622.254, 932.3275, 698.4565]","[72, 74, 76, 77, 79, 81, 79, 77, 76, 74]","[True, False, False, False, False, False, False, False, False, False]",0,"['E6', 'G6', 'F6', 'E6', 'D6', 'C6', 'B5', 'A5', 'G5', 'F5']","[False, False, False, False, False, False, False, False, False, True]",0,"[7, 7, 5, 4, 5, 7, 9, 7, 5, 4]","[False, False, False, False, False, False, False, False, False, False]",0,"[523.3, 587.3, 659.3, 698.5, 783.9, 880.0, 987.8, 1046.5, 1174.7, 1318.5]","[True, False, False, False, False, False, False, False, False, False]",0,0,72 74 76 77 79 81 79 77 76 74,E6 G6 F6 E6 D6 C6 B5 A5 G5 F5,sol sol fa mi fa sol la sol fa mi,523.3 587.3 659.3 698.5 783.9 880.0 987.8 1046.5 1174.7 1318.5,3,1,slow,1000,10000,similar,trumpet,"['trumpet', 'trumpet', 'trumpet']",trumpet,1,"[10, 9, 6]",trumpet,instrument,/home/hsnu2/PitchBench/data/audio/pitchbench_f1_melodic_line_id/poly3_cbe78e47ccb74d_n3_x1_slow_similar_trumpet_t1_total10000ms.wav,poly3_cbe78e47ccb74d_n3_x1_slow_similar_trumpet_t1_total10000ms.wav,"You will hear 3 simultaneous melodic lines, all played with the same instrument, each in a distinct pitch register from highest to lowest. Every line plays continuously: each line always sustains a note, and consecutive notes flow directly into one another with no silence. The lines have different rhythms and numbers of notes, and individual note durations also vary within each line. Focus only on the highest melodic line. That line has exactly 10 notes. List all 10 MIDI note numbers in order from first to last. Reply with ONLY the integers separated by spaces. Nothing else. Output only the answer.","You will hear 3 simultaneous melodic lines, all played with the same instrument, each in a distinct pitch register from highest to lowest. Every line plays continuously: each line always sustains a note, and consecutive notes flow directly into one another with no silence. The lines have different rhythms and numbers of notes, and individual note durations also vary within each line. Focus only on the highest melodic line. That line has exactly 10 notes. List all 10 note names in order from first to last. Reply with ONLY the note names expressed in Scientific Pitch Notation, separated by spaces (e.g. C5 D#5 E5). Nothing else. Output only the answer.","You will hear 3 simultaneous melodic lines, all played with the same instrument, each in a distinct pitch register from highest to lowest. Every line plays continuously: each line always sustains a note, and consecutive notes flow directly into one another with no silence. The lines have different rhythms and numbers of notes, and individual note durations also vary within each line. Focus only on the highest melodic line. That line has exactly 10 notes. List all 10 solfège syllable and accidentals (if needed) in order from first to last (fixed-do: do=C re=D mi=E fa=F sol=G la=A si=B; include sharps e.g. do# re#). Reply with ONLY the syllable and accidentals (if needed) separated by spaces. Nothing else. Output only the answer.","You will hear 3 simultaneous melodic lines, all played with the same instrument, each in a distinct pitch register from highest to lowest. Every line plays continuously: each line always sustains a note, and consecutive notes flow directly into one another with no silence. The lines have different rhythms and numbers of notes, and individual note durations also vary within each line. Focus only on the highest melodic line. That line has exactly 10 notes. List the main pitch frequency in Hertz of all 10 notes in order from first to last. Reply with ONLY the frequencies in Hz separated by spaces (e.g. 261.6 329.6 392.0). Nothing else. Output only the answer."
10,"[76, 77, 72, 83, 75, 78, 80, 73, 81, 74]","['E5', 'F5', 'C5', 'B5', 'D#5', 'F#5', 'G#5', 'C#5', 'A5', 'D5']","['mi', 'fa', 'do', 'si', 're#', 'fa#', 'sol#', 'do#', 'la', 're']","[659.2551, 698.4565, 523.2511, 987.7666, 622.254, 739.9888, 830.6094, 554.3653, 880.0, 587.3295]","[84, 86, 88, 89, 91, 89, 88, 86, 84, 83]","[False, False, False, False, False, False, False, False, False, False]",0,"['E6', 'F6', 'G6', 'A6', 'G6', 'F6', 'E6', 'D6', 'C6', 'B5']","[False, False, False, False, False, False, False, False, False, False]",0,"[7, 7, 5, 4, 5, 7, 9, 7, 5, 4]","[False, False, False, False, False, False, False, False, False, False]",0,"[880.0, 830.6, 784.0, 740.0, 698.5, 659.3, 622.3, 587.3, 554.4, 523.3]","[False, False, False, False, False, False, False, False, False, False]",0,0,84 86 88 89 91 89 88 86 84 83,E6 F6 G6 A6 G6 F6 E6 D6 C6 B5,sol sol fa mi fa sol la sol fa mi,880.0 830.6 784.0 740.0 698.5 659.3 622.3 587.3 554.4 523.3,3,1,slow,1000,10000,similar,trumpet,"['trumpet', 'trumpet', 'trumpet']",trumpet,0,"[10, 14, 11]",trumpet,instrument,/home/hsnu2/PitchBench/data/audio/pitchbench_f1_melodic_line_id/poly3_77aea99ea4b003_n3_x1_slow_similar_trumpet_t0_total10000ms.wav,poly3_77aea99ea4b003_n3_x1_slow_similar_trumpet_t0_total10000ms.wav,"You will hear 3 simultaneous melodic lines, all played with the same instrument, each in a distinct pitch register from highest to lowest. Every line plays continuously: each line always sustains a note, and consecutive notes flow directly into one another with no silence. The lines have different rhythms and numbers of notes, and individual note durations also vary within each line. Focus only on the highest melodic line. That line has exactly 10 notes. List all 10 MIDI note numbers in order from first to last. Reply with ONLY the integers separated by spaces. Nothing else. Output only the answer.","You will hear 3 simultaneous melodic lines, all played with the same instrument, each in a distinct pitch register from highest to lowest. Every line plays continuously: each line always sustains a note, and consecutive notes flow directly into one another with no silence. The lines have different rhythms and numbers of notes, and individual note durations also vary within each line. Focus only on the highest melodic line. That line has exactly 10 notes. List all 10 note names in order from first to last. Reply with ONLY the note names expressed in Scientific Pitch Notation, separated by spaces (e.g. C5 D#5 E5). Nothing else. Output only the answer.","You will hear 3 simultaneous melodic lines, all played with the same instrument, each in a distinct pitch register from highest to lowest. Every line plays continuously: each line always sustains a note, and consecutive notes flow directly into one another with no silence. The lines have different rhythms and numbers of notes, and individual note durations also vary within each line. Focus only on the highest melodic line. That line has exactly 10 notes. List all 10 solfège syllable and accidentals (if needed) in order from first to last (fixed-do: do=C re=D mi=E fa=F sol=G la=A si=B; include sharps e.g. do# re#). Reply with ONLY the syllable and accidentals (if needed) separated by spaces. Nothing else. Output only the answer.","You will hear 3 simultaneous melodic lines, all played with the same instrument, each in a distinct pitch register from highest to lowest. Every line plays continuously: each line always sustains a note, and consecutive notes flow directly into one another with no silence. The lines have different rhythms and numbers of notes, and individual note durations also vary within each line. Focus only on the highest melodic line. That line has exactly 10 notes. List the main pitch frequency in Hertz of all 10 notes in order from first to last. Reply with ONLY the frequencies in Hz separated by spaces (e.g. 261.6 329.6 392.0). Nothing else. Output only the answer."
10,"[55, 59, 50, 48, 52, 58, 54, 56, 49, 57]","['G3', 'B3', 'D3', 'C3', 'E3', 'A#3', 'F#3', 'G#3', 'C#3', 'A3']","['sol', 'si', 're', 'do', 'mi', 'la#', 'fa#', 'sol#', 'do#', 'la']","[195.9977, 246.9417, 146.8324, 130.8128, 164.8138, 233.0819, 184.9972, 207.6523, 138.5913, 220.0]","[52, 53, 55, 57, 55, 53, 52, 50, 48, 47]","[False, False, False, False, False, False, False, False, False, False]",0,"['G3', 'F3', 'E3', 'D3', 'C3', 'D3', 'E3', 'F3', 'G3', 'A3']","[True, False, False, False, False, False, False, False, False, True]",0,"[7, 5, 4, 2, 0, 2, 4, 5, 7, 0]","[True, False, False, False, False, False, False, False, False, False]",0,"[82.4, 98.0, 87.3, 92.5, 110.0, 98.0, 82.4, 73.4, 82.4, 65.4]","[False, False, False, False, False, False, False, False, False, False]",0,0,52 53 55 57 55 53 52 50 48 47,G3 F3 E3 D3 C3 D3 E3 F3 G3 A3,sol fa mi re do re mi fa sol do,82.4 98.0 87.3 92.5 110.0 98.0 82.4 73.4 82.4 65.4,3,3,slow,1000,10000,similar,trumpet,"['trumpet', 'trumpet', 'trumpet']",trumpet,1,"[11, 6, 10]",trumpet,instrument,/home/hsnu2/PitchBench/data/audio/pitchbench_f1_melodic_line_id/poly3_634363f0535dec_n3_x3_slow_similar_trumpet_t1_total10000ms.wav,poly3_634363f0535dec_n3_x3_slow_similar_trumpet_t1_total10000ms.wav,"You will hear 3 simultaneous melodic lines, all played with the same instrument, each in a distinct pitch register from highest to lowest. Every line plays continuously: each line always sustains a note, and consecutive notes flow directly into one another with no silence. The lines have different rhythms and numbers of notes, and individual note durations also vary within each line. Focus only on the lowest melodic line. That line has exactly 10 notes. List all 10 MIDI note numbers in order from first to last. Reply with ONLY the integers separated by spaces. Nothing else. Output only the answer.","You will hear 3 simultaneous melodic lines, all played with the same instrument, each in a distinct pitch register from highest to lowest. Every line plays continuously: each line always sustains a note, and consecutive notes flow directly into one another with no silence. The lines have different rhythms and numbers of notes, and individual note durations also vary within each line. Focus only on the lowest melodic line. That line has exactly 10 notes. List all 10 note names in order from first to last. Reply with ONLY the note names expressed in Scientific Pitch Notation, separated by spaces (e.g. C5 D#5 E5). Nothing else. Output only the answer.","You will hear 3 simultaneous melodic lines, all played with the same instrument, each in a distinct pitch register from highest to lowest. Every line plays continuously: each line always sustains a note, and consecutive notes flow directly into one another with no silence. The lines have different rhythms and numbers of notes, and individual note durations also vary within each line. Focus only on the lowest melodic line. That line has exactly 10 notes. List all 10 solfège syllable and accidentals (if needed) in order from first to last (fixed-do: do=C re=D mi=E fa=F sol=G la=A si=B; include sharps e.g. do# re#). Reply with ONLY the syllable and accidentals (if needed) separated by spaces. Nothing else. Output only the answer.","You will hear 3 simultaneous melodic lines, all played with the same instrument, each in a distinct pitch register from highest to lowest. Every line plays continuously: each line always sustains a note, and consecutive notes flow directly into one another with no silence. The lines have different rhythms and numbers of notes, and individual note durations also vary within each line. Focus only on the lowest melodic line. That line has exactly 10 notes. List the main pitch frequency in Hertz of all 10 notes in order from first to last. Reply with ONLY the frequencies in Hz separated by spaces (e.g. 261.6 329.6 392.0). Nothing else. Output only the answer."
10,"[74, 79, 83, 75, 76, 80, 72, 77, 78, 82]","['D5', 'G5', 'B5', 'D#5', 'E5', 'G#5', 'C5', 'F5', 'F#5', 'A#5']","['re', 'sol', 'si', 're#', 'mi', 'sol#', 'do', 'fa', 'fa#', 'la#']","[587.3295, 783.9909, 987.7666, 622.254, 659.2551, 830.6094, 523.2511, 698.4565, 739.9888, 932.3275]","[72, 74, 76, 77, 79, 81, 83, 84, 86, 88]","[False, False, False, False, False, False, False, False, False, False]",0,"[None, None, None, None, None, None, None, None, None, None]","[None, None, None, None, None, None, None, None, None, None]",0,"[4, 5, 7, 9, 7, 5, 4, 2, 0, 11]","[False, False, False, False, False, False, False, False, False, False]",0,"[440.0, 494.0, 523.0, 587.0, 659.0, 698.0, 784.0, 880.0, 988.0, 1047.0]","[False, False, False, False, True, False, False, False, False, False]",0,0,72 74 76 77 79 81 83 84 86 88,"I’m sorry, but I can’t determine the note names just by listening.",mi fa sol la sol fa mi re do si,440 494 523 587 659 698 784 880 988 1047,3,1,medium,500,5000,similar,violin,"['violin', 'violin', 'violin']",violin,0,"[10, 19, 2]",violin,instrument,/home/hsnu2/PitchBench/data/audio/pitchbench_f1_melodic_line_id/poly3_1e557bce6d8ec2_n3_x1_medium_similar_violin_t0_total5000ms.wav,poly3_1e557bce6d8ec2_n3_x1_medium_similar_violin_t0_total5000ms.wav,"You will hear 3 simultaneous melodic lines, all played with the same instrument, each in a distinct pitch register from highest to lowest. Every line plays continuously: each line always sustains a note, and consecutive notes flow directly into one another with no silence. The lines have different rhythms and numbers of notes, and individual note durations also vary within each line. Focus only on the highest melodic line. That line has exactly 10 notes. List all 10 MIDI note numbers in order from first to last. Reply with ONLY the integers separated by spaces. Nothing else. Output only the answer.","You will hear 3 simultaneous melodic lines, all played with the same instrument, each in a distinct pitch register from highest to lowest. Every line plays continuously: each line always sustains a note, and consecutive notes flow directly into one another with no silence. The lines have different rhythms and numbers of notes, and individual note durations also vary within each line. Focus only on the highest melodic line. That line has exactly 10 notes. List all 10 note names in order from first to last. Reply with ONLY the note names expressed in Scientific Pitch Notation, separated by spaces (e.g. C5 D#5 E5). Nothing else. Output only the answer.","You will hear 3 simultaneous melodic lines, all played with the same instrument, each in a distinct pitch register from highest to lowest. Every line plays continuously: each line always sustains a note, and consecutive notes flow directly into one another with no silence. The lines have different rhythms and numbers of notes, and individual note durations also vary within each line. Focus only on the highest melodic line. That line has exactly 10 notes. List all 10 solfège syllable and accidentals (if needed) in order from first to last (fixed-do: do=C re=D mi=E fa=F sol=G la=A si=B; include sharps e.g. do# re#). Reply with ONLY the syllable and accidentals (if needed) separated by spaces. Nothing else. Output only the answer.","You will hear 3 simultaneous melodic lines, all played with the same instrument, each in a distinct pitch register from highest to lowest. Every line plays continuously: each line always sustains a note, and consecutive notes flow directly into one another with no silence. The lines have different rhythms and numbers of notes, and individual note durations also vary within each line. Focus only on the highest melodic line. That line has exactly 10 notes. List the main pitch frequency in Hertz of all 10 notes in order from first to last. Reply with ONLY the frequencies in Hz separated by spaces (e.g. 261.6 329.6 392.0). Nothing else. Output only the answer."
10,"[56, 54, 55, 59, 57, 48, 58, 49, 53, 52]","['G#3', 'F#3', 'G3', 'B3', 'A3', 'C3', 'A#3', 'C#3', 'F3', 'E3']","['sol#', 'fa#', 'sol', 'si', 'la', 'do', 'la#', 'do#', 'fa', 'mi']","[207.6523, 184.9972, 195.9977, 246.9417, 220.0, 130.8128, 233.0819, 138.5913, 174.6141, 164.8138]","[48, 50, 52, 53, 55, 57, 55, 53, 52, 50]","[False, False, False, False, False, False, False, False, False, False]",0,"[None, None, None, None, None, None, None, None, None, None]","[None, None, None, None, None, None, None, None, None, None]",0,"[7, 5, 4, 2, 0, 11, 9, 7, 5, 4]","[False, False, False, False, False, False, False, False, True, True]",0,"[None, None, None, None, None, None, None, None, None, None]","[None, None, None, None, None, None, None, None, None, None]",0,0,48 50 52 53 55 57 55 53 52 50,"I’m sorry, but I can’t determine the exact note names just by listening.",sol fa mi re do si la sol fa mi,"I'm sorry, but I can't determine the exact pitch frequencies in Hertz just by listening to the audio.",3,3,medium,500,5000,similar,violin,"['violin', 'violin', 'violin']",violin,0,"[10, 8, 10]",violin,instrument,/home/hsnu2/PitchBench/data/audio/pitchbench_f1_melodic_line_id/poly3_6d65e52e3a16c1_n3_x3_medium_similar_violin_t0_total5000ms.wav,poly3_6d65e52e3a16c1_n3_x3_medium_similar_violin_t0_total5000ms.wav,"You will hear 3 simultaneous melodic lines, all played with the same instrument, each in a distinct pitch register from highest to lowest. Every line plays continuously: each line always sustains a note, and consecutive notes flow directly into one another with no silence. The lines have different rhythms and numbers of notes, and individual note durations also vary within each line. Focus only on the lowest melodic line. That line has exactly 10 notes. List all 10 MIDI note numbers in order from first to last. Reply with ONLY the integers separated by spaces. Nothing else. Output only the answer.","You will hear 3 simultaneous melodic lines, all played with the same instrument, each in a distinct pitch register from highest to lowest. Every line plays continuously: each line always sustains a note, and consecutive notes flow directly into one another with no silence. The lines have different rhythms and numbers of notes, and individual note durations also vary within each line. Focus only on the lowest melodic line. That line has exactly 10 notes. List all 10 note names in order from first to last. Reply with ONLY the note names expressed in Scientific Pitch Notation, separated by spaces (e.g. C5 D#5 E5). Nothing else. Output only the answer.","You will hear 3 simultaneous melodic lines, all played with the same instrument, each in a distinct pitch register from highest to lowest. Every line plays continuously: each line always sustains a note, and consecutive notes flow directly into one another with no silence. The lines have different rhythms and numbers of notes, and individual note durations also vary within each line. Focus only on the lowest melodic line. That line has exactly 10 notes. List all 10 solfège syllable and accidentals (if needed) in order from first to last (fixed-do: do=C re=D mi=E fa=F sol=G la=A si=B; include sharps e.g. do# re#). Reply with ONLY the syllable and accidentals (if needed) separated by spaces. Nothing else. Output only the answer.","You will hear 3 simultaneous melodic lines, all played with the same instrument, each in a distinct pitch register from highest to lowest. Every line plays continuously: each line always sustains a note, and consecutive notes flow directly into one another with no silence. The lines have different rhythms and numbers of notes, and individual note durations also vary within each line. Focus only on the lowest melodic line. That line has exactly 10 notes. List the main pitch frequency in Hertz of all 10 notes in order from first to last. Reply with ONLY the frequencies in Hz separated by spaces (e.g. 261.6 329.6 392.0). Nothing else. Output only the answer."
10,"[52, 50, 49, 57, 53, 54, 51, 55, 58, 59]","['E3', 'D3', 'C#3', 'A3', 'F3', 'F#3', 'D#3', 'G3', 'A#3', 'B3']","['mi', 're', 'do#', 'la', 'fa', 'fa#', 're#', 'sol', 'la#', 'si']","[164.8138, 146.8324, 138.5913, 220.0, 174.6141, 184.9972, 155.5635, 195.9977, 233.0819, 246.9417]","[52, 53, 55, 57, 55, 53, 52, 50, 48, 47]","[True, False, False, True, False, False, False, False, False, False]",0,"['C3', 'E3', 'G3', 'F3', 'D3', 'A2', 'B2', 'G2', 'F2', 'C3']","[False, False, False, False, False, False, False, False, False, False]",0,"[7, 7, 5, 4, 4, 2, 2, 0, 2, 0]","[False, False, False, False, False, False, False, False, False, False]",0,"[None, None, None, None, None, None, None, None, None, None]","[None, None, None, None, None, None, None, None, None, None]",0,0,52 53 55 57 55 53 52 50 48 47,C3 E3 G3 F3 D3 A2 B2 G2 F2 C3,sol sol fa mi mi re re do re do,"I’m sorry, but I can’t determine the exact pitch frequencies just by listening.",3,3,medium,500,5000,similar,violin,"['violin', 'violin', 'violin']",violin,1,"[8, 7, 10]",violin,instrument,/home/hsnu2/PitchBench/data/audio/pitchbench_f1_melodic_line_id/poly3_96a59411e04f8e_n3_x3_medium_similar_violin_t1_total5000ms.wav,poly3_96a59411e04f8e_n3_x3_medium_similar_violin_t1_total5000ms.wav,"You will hear 3 simultaneous melodic lines, all played with the same instrument, each in a distinct pitch register from highest to lowest. Every line plays continuously: each line always sustains a note, and consecutive notes flow directly into one another with no silence. The lines have different rhythms and numbers of notes, and individual note durations also vary within each line. Focus only on the lowest melodic line. That line has exactly 10 notes. List all 10 MIDI note numbers in order from first to last. Reply with ONLY the integers separated by spaces. Nothing else. Output only the answer.","You will hear 3 simultaneous melodic lines, all played with the same instrument, each in a distinct pitch register from highest to lowest. Every line plays continuously: each line always sustains a note, and consecutive notes flow directly into one another with no silence. The lines have different rhythms and numbers of notes, and individual note durations also vary within each line. Focus only on the lowest melodic line. That line has exactly 10 notes. List all 10 note names in order from first to last. Reply with ONLY the note names expressed in Scientific Pitch Notation, separated by spaces (e.g. C5 D#5 E5). Nothing else. Output only the answer.","You will hear 3 simultaneous melodic lines, all played with the same instrument, each in a distinct pitch register from highest to lowest. Every line plays continuously: each line always sustains a note, and consecutive notes flow directly into one another with no silence. The lines have different rhythms and numbers of notes, and individual note durations also vary within each line. Focus only on the lowest melodic line. That line has exactly 10 notes. List all 10 solfège syllable and accidentals (if needed) in order from first to last (fixed-do: do=C re=D mi=E fa=F sol=G la=A si=B; include sharps e.g. do# re#). Reply with ONLY the syllable and accidentals (if needed) separated by spaces. Nothing else. Output only the answer.","You will hear 3 simultaneous melodic lines, all played with the same instrument, each in a distinct pitch register from highest to lowest. Every line plays continuously: each line always sustains a note, and consecutive notes flow directly into one another with no silence. The lines have different rhythms and numbers of notes, and individual note durations also vary within each line. Focus only on the lowest melodic line. That line has exactly 10 notes. List the main pitch frequency in Hertz of all 10 notes in order from first to last. Reply with ONLY the frequencies in Hz separated by spaces (e.g. 261.6 329.6 392.0). Nothing else. Output only the answer."
10,"[69, 70, 65, 63, 71, 67, 62, 64, 61, 60]","['A4', 'A#4', 'F4', 'D#4', 'B4', 'G4', 'D4', 'E4', 'C#4', 'C4']","['la', 'la#', 'fa', 're#', 'si', 'sol', 're', 'mi', 'do#', 'do']","[440.0, 466.1638, 349.2282, 311.127, 493.8833, 391.9954, 293.6648, 329.6276, 277.1826, 261.6256]","[None, None, None, None, None, None, None, None, None, None]","[None, None, None, None, None, None, None, None, None, None]",0,"['E5', 'G5', 'F#5', 'A5', 'G5', 'B5', 'A5', 'C6', 'B5', 'D6']","[False, False, False, False, False, False, False, False, False, False]",0,"[7, 5, 4, 5, 7, 9, 7, 5, 4, 2]","[False, False, False, False, False, False, False, False, False, False]",0,"[None, None, None, None, None, None, None, None, None, None]","[None, None, None, None, None, None, None, None, None, None]",0,0,"I’m sorry, but I can’t determine the MIDI note numbers just by listening.",E5 G5 F#5 A5 G5 B5 A5 C6 B5 D6,sol fa mi fa sol la sol fa mi re,"I'm sorry, but I can't determine the exact pitch frequencies just by listening.",3,2,medium,500,5000,similar,violin,"['violin', 'violin', 'violin']",violin,0,"[2, 10, 18]",violin,instrument,/home/hsnu2/PitchBench/data/audio/pitchbench_f1_melodic_line_id/poly3_807bf839616544_n3_x2_medium_similar_violin_t0_total5000ms.wav,poly3_807bf839616544_n3_x2_medium_similar_violin_t0_total5000ms.wav,"You will hear 3 simultaneous melodic lines, all played with the same instrument, each in a distinct pitch register from highest to lowest. Every line plays continuously: each line always sustains a note, and consecutive notes flow directly into one another with no silence. The lines have different rhythms and numbers of notes, and individual note durations also vary within each line. Focus only on the second-from-top melodic line. That line has exactly 10 notes. List all 10 MIDI note numbers in order from first to last. Reply with ONLY the integers separated by spaces. Nothing else. Output only the answer.","You will hear 3 simultaneous melodic lines, all played with the same instrument, each in a distinct pitch register from highest to lowest. Every line plays continuously: each line always sustains a note, and consecutive notes flow directly into one another with no silence. The lines have different rhythms and numbers of notes, and individual note durations also vary within each line. Focus only on the second-from-top melodic line. That line has exactly 10 notes. List all 10 note names in order from first to last. Reply with ONLY the note names expressed in Scientific Pitch Notation, separated by spaces (e.g. C5 D#5 E5). Nothing else. Output only the answer.","You will hear 3 simultaneous melodic lines, all played with the same instrument, each in a distinct pitch register from highest to lowest. Every line plays continuously: each line always sustains a note, and consecutive notes flow directly into one another with no silence. The lines have different rhythms and numbers of notes, and individual note durations also vary within each line. Focus only on the second-from-top melodic line. That line has exactly 10 notes. List all 10 solfège syllable and accidentals (if needed) in order from first to last (fixed-do: do=C re=D mi=E fa=F sol=G la=A si=B; include sharps e.g. do# re#). Reply with ONLY the syllable and accidentals (if needed) separated by spaces. Nothing else. Output only the answer.","You will hear 3 simultaneous melodic lines, all played with the same instrument, each in a distinct pitch register from highest to lowest. Every line plays continuously: each line always sustains a note, and consecutive notes flow directly into one another with no silence. The lines have different rhythms and numbers of notes, and individual note durations also vary within each line. Focus only on the second-from-top melodic line. That line has exactly 10 notes. List the main pitch frequency in Hertz of all 10 notes in order from first to last. Reply with ONLY the frequencies in Hz separated by spaces (e.g. 261.6 329.6 392.0). Nothing else. Output only the answer."
10,"[72, 76, 73, 80, 81, 78, 74, 75, 82, 77]","['C5', 'E5', 'C#5', 'G#5', 'A5', 'F#5', 'D5', 'D#5', 'A#5', 'F5']","['do', 'mi', 'do#', 'sol#', 'la', 'fa#', 're', 're#', 'la#', 'fa']","[523.2511, 659.2551, 554.3653, 830.6094, 880.0, 739.9888, 587.3295, 622.254, 932.3275, 698.4565]","[84, 83, 81, 79, 77, 76, 74, 72, 71, 69]","[False, False, False, False, False, False, True, False, False, False]",0,"['E6', 'F6', 'G6', 'A6', 'G6', 'F6', 'E6', 'D6', 'C6', 'B5']","[False, False, False, False, False, False, False, False, False, False]",0,"[4, 5, 7, 5, 4, 2, 0, 11, 9, 7]","[False, False, False, False, False, False, False, False, False, False]",0,"[None, None, None, None, None, None, None, None, None, None]","[None, None, None, None, None, None, None, None, None, None]",0,0,84 83 81 79 77 76 74 72 71 69,E6 F6 G6 A6 G6 F6 E6 D6 C6 B5,mi fa sol fa mi re do si la sol,"I'm sorry, but I can't determine the exact pitch frequencies from the audio provided.",3,1,slow,1000,10000,similar,violin,"['violin', 'violin', 'violin']",violin,1,"[10, 9, 6]",violin,instrument,/home/hsnu2/PitchBench/data/audio/pitchbench_f1_melodic_line_id/poly3_a9d2a02fb644f2_n3_x1_slow_similar_violin_t1_total10000ms.wav,poly3_a9d2a02fb644f2_n3_x1_slow_similar_violin_t1_total10000ms.wav,"You will hear 3 simultaneous melodic lines, all played with the same instrument, each in a distinct pitch register from highest to lowest. Every line plays continuously: each line always sustains a note, and consecutive notes flow directly into one another with no silence. The lines have different rhythms and numbers of notes, and individual note durations also vary within each line. Focus only on the highest melodic line. That line has exactly 10 notes. List all 10 MIDI note numbers in order from first to last. Reply with ONLY the integers separated by spaces. Nothing else. Output only the answer.","You will hear 3 simultaneous melodic lines, all played with the same instrument, each in a distinct pitch register from highest to lowest. Every line plays continuously: each line always sustains a note, and consecutive notes flow directly into one another with no silence. The lines have different rhythms and numbers of notes, and individual note durations also vary within each line. Focus only on the highest melodic line. That line has exactly 10 notes. List all 10 note names in order from first to last. Reply with ONLY the note names expressed in Scientific Pitch Notation, separated by spaces (e.g. C5 D#5 E5). Nothing else. Output only the answer.","You will hear 3 simultaneous melodic lines, all played with the same instrument, each in a distinct pitch register from highest to lowest. Every line plays continuously: each line always sustains a note, and consecutive notes flow directly into one another with no silence. The lines have different rhythms and numbers of notes, and individual note durations also vary within each line. Focus only on the highest melodic line. That line has exactly 10 notes. List all 10 solfège syllable and accidentals (if needed) in order from first to last (fixed-do: do=C re=D mi=E fa=F sol=G la=A si=B; include sharps e.g. do# re#). Reply with ONLY the syllable and accidentals (if needed) separated by spaces. Nothing else. Output only the answer.","You will hear 3 simultaneous melodic lines, all played with the same instrument, each in a distinct pitch register from highest to lowest. Every line plays continuously: each line always sustains a note, and consecutive notes flow directly into one another with no silence. The lines have different rhythms and numbers of notes, and individual note durations also vary within each line. Focus only on the highest melodic line. That line has exactly 10 notes. List the main pitch frequency in Hertz of all 10 notes in order from first to last. Reply with ONLY the frequencies in Hz separated by spaces (e.g. 261.6 329.6 392.0). Nothing else. Output only the answer."
10,"[69, 70, 65, 63, 71, 67, 62, 64, 61, 60]","['A4', 'A#4', 'F4', 'D#4', 'B4', 'G4', 'D4', 'E4', 'C#4', 'C4']","['la', 'la#', 'fa', 're#', 'si', 'sol', 're', 'mi', 'do#', 'do']","[440.0, 466.1638, 349.2282, 311.127, 493.8833, 391.9954, 293.6648, 329.6276, 277.1826, 261.6256]","[72, 74, 76, 77, 79, 81, 79, 77, 76, 74]","[False, False, False, False, False, False, False, False, False, False]",0,"[None, None, None, None, None, None, None, None, None, None]","[None, None, None, None, None, None, None, None, None, None]",0,"[7, 5, 4, 2, 0, 2, 4, 5, 7, 9]","[False, False, False, False, False, False, False, False, False, False]",0,"[None, None, None, None, None, None, None, None, None, None]","[None, None, None, None, None, None, None, None, None, None]",0,0,72 74 76 77 79 81 79 77 76 74,"I’m sorry, but I can’t determine the exact note names just by listening.",sol fa mi re do re mi fa sol la,"I'm sorry, but I can't determine the exact pitch frequencies just by listening.",3,2,medium,500,5000,similar,voice,"['voice', 'voice', 'voice']",voice,0,"[2, 10, 18]",voice,instrument,/home/hsnu2/PitchBench/data/audio/pitchbench_f1_melodic_line_id/poly3_d25eee1b978b4d_n3_x2_medium_similar_voice_t0_total5000ms.wav,poly3_d25eee1b978b4d_n3_x2_medium_similar_voice_t0_total5000ms.wav,"You will hear 3 simultaneous melodic lines, all played with the same instrument, each in a distinct pitch register from highest to lowest. Every line plays continuously: each line always sustains a note, and consecutive notes flow directly into one another with no silence. The lines have different rhythms and numbers of notes, and individual note durations also vary within each line. Focus only on the second-from-top melodic line. That line has exactly 10 notes. List all 10 MIDI note numbers in order from first to last. Reply with ONLY the integers separated by spaces. Nothing else. Output only the answer.","You will hear 3 simultaneous melodic lines, all played with the same instrument, each in a distinct pitch register from highest to lowest. Every line plays continuously: each line always sustains a note, and consecutive notes flow directly into one another with no silence. The lines have different rhythms and numbers of notes, and individual note durations also vary within each line. Focus only on the second-from-top melodic line. That line has exactly 10 notes. List all 10 note names in order from first to last. Reply with ONLY the note names expressed in Scientific Pitch Notation, separated by spaces (e.g. C5 D#5 E5). Nothing else. Output only the answer.","You will hear 3 simultaneous melodic lines, all played with the same instrument, each in a distinct pitch register from highest to lowest. Every line plays continuously: each line always sustains a note, and consecutive notes flow directly into one another with no silence. The lines have different rhythms and numbers of notes, and individual note durations also vary within each line. Focus only on the second-from-top melodic line. That line has exactly 10 notes. List all 10 solfège syllable and accidentals (if needed) in order from first to last (fixed-do: do=C re=D mi=E fa=F sol=G la=A si=B; include sharps e.g. do# re#). Reply with ONLY the syllable and accidentals (if needed) separated by spaces. Nothing else. Output only the answer.","You will hear 3 simultaneous melodic lines, all played with the same instrument, each in a distinct pitch register from highest to lowest. Every line plays continuously: each line always sustains a note, and consecutive notes flow directly into one another with no silence. The lines have different rhythms and numbers of notes, and individual note durations also vary within each line. Focus only on the second-from-top melodic line. That line has exactly 10 notes. List the main pitch frequency in Hertz of all 10 notes in order from first to last. Reply with ONLY the frequencies in Hz separated by spaces (e.g. 261.6 329.6 392.0). Nothing else. Output only the answer."
10,"[52, 50, 49, 57, 53, 54, 51, 55, 58, 59]","['E3', 'D3', 'C#3', 'A3', 'F3', 'F#3', 'D#3', 'G3', 'A#3', 'B3']","['mi', 're', 'do#', 'la', 'fa', 'fa#', 're#', 'sol', 'la#', 'si']","[164.8138, 146.8324, 138.5913, 220.0, 174.6141, 184.9972, 155.5635, 195.9977, 233.0819, 246.9417]","[52, 53, 55, 57, 55, 53, 52, 50, 48, 47]","[True, False, False, True, False, False, False, False, False, False]",0,"[None, None, None, None, None, None, None, None, None, None]","[None, None, None, None, None, None, None, None, None, None]",0,"[7, 7, 5, 4, 2, 2, 0, 2, 4, 0]","[False, False, False, False, False, False, False, False, False, False]",0,"[None, None, None, None, None, None, None, None, None, None]","[None, None, None, None, None, None, None, None, None, None]",0,0,52 53 55 57 55 53 52 50 48 47,"I’m sorry, but I can’t determine the exact note names just by listening.",sol sol fa mi re re do re mi do,"I'm sorry, but I can't determine the exact pitch frequencies just by listening.",3,3,medium,500,5000,similar,voice,"['voice', 'voice', 'voice']",voice,1,"[8, 7, 10]",voice,instrument,/home/hsnu2/PitchBench/data/audio/pitchbench_f1_melodic_line_id/poly3_1e450af6068096_n3_x3_medium_similar_voice_t1_total5000ms.wav,poly3_1e450af6068096_n3_x3_medium_similar_voice_t1_total5000ms.wav,"You will hear 3 simultaneous melodic lines, all played with the same instrument, each in a distinct pitch register from highest to lowest. Every line plays continuously: each line always sustains a note, and consecutive notes flow directly into one another with no silence. The lines have different rhythms and numbers of notes, and individual note durations also vary within each line. Focus only on the lowest melodic line. That line has exactly 10 notes. List all 10 MIDI note numbers in order from first to last. Reply with ONLY the integers separated by spaces. Nothing else. Output only the answer.","You will hear 3 simultaneous melodic lines, all played with the same instrument, each in a distinct pitch register from highest to lowest. Every line plays continuously: each line always sustains a note, and consecutive notes flow directly into one another with no silence. The lines have different rhythms and numbers of notes, and individual note durations also vary within each line. Focus only on the lowest melodic line. That line has exactly 10 notes. List all 10 note names in order from first to last. Reply with ONLY the note names expressed in Scientific Pitch Notation, separated by spaces (e.g. C5 D#5 E5). Nothing else. Output only the answer.","You will hear 3 simultaneous melodic lines, all played with the same instrument, each in a distinct pitch register from highest to lowest. Every line plays continuously: each line always sustains a note, and consecutive notes flow directly into one another with no silence. The lines have different rhythms and numbers of notes, and individual note durations also vary within each line. Focus only on the lowest melodic line. That line has exactly 10 notes. List all 10 solfège syllable and accidentals (if needed) in order from first to last (fixed-do: do=C re=D mi=E fa=F sol=G la=A si=B; include sharps e.g. do# re#). Reply with ONLY the syllable and accidentals (if needed) separated by spaces. Nothing else. Output only the answer.","You will hear 3 simultaneous melodic lines, all played with the same instrument, each in a distinct pitch register from highest to lowest. Every line plays continuously: each line always sustains a note, and consecutive notes flow directly into one another with no silence. The lines have different rhythms and numbers of notes, and individual note durations also vary within each line. Focus only on the lowest melodic line. That line has exactly 10 notes. List the main pitch frequency in Hertz of all 10 notes in order from first to last. Reply with ONLY the frequencies in Hz separated by spaces (e.g. 261.6 329.6 392.0). Nothing else. Output only the answer."
10,"[55, 59, 50, 48, 52, 58, 54, 56, 49, 57]","['G3', 'B3', 'D3', 'C3', 'E3', 'A#3', 'F#3', 'G#3', 'C#3', 'A3']","['sol', 'si', 're', 'do', 'mi', 'la#', 'fa#', 'sol#', 'do#', 'la']","[195.9977, 246.9417, 146.8324, 130.8128, 164.8138, 233.0819, 184.9972, 207.6523, 138.5913, 220.0]","[52, 53, 55, 57, 55, 53, 52, 50, 48, 47]","[False, False, False, False, False, False, False, False, False, False]",0,"['E3', 'G3', 'F3', 'A3', 'G3', 'B2', 'C3', 'D3', 'E3', 'F3']","[False, False, False, False, False, False, False, False, False, False]",0,"[7, 5, 4, 2, 0, 2, 4, 5, 7, 0]","[True, False, False, False, False, False, False, False, False, False]",0,"[None, None, None, None, None, None, None, None, None, None]","[None, None, None, None, None, None, None, None, None, None]",0,0,52 53 55 57 55 53 52 50 48 47,E3 G3 F3 A3 G3 B2 C3 D3 E3 F3,sol fa mi re do re mi fa sol do,"I’m sorry, but I can’t determine the exact pitch frequencies from the audio.",3,3,slow,1000,10000,similar,voice,"['voice', 'voice', 'voice']",voice,1,"[11, 6, 10]",voice,instrument,/home/hsnu2/PitchBench/data/audio/pitchbench_f1_melodic_line_id/poly3_e74613fae1ea1f_n3_x3_slow_similar_voice_t1_total10000ms.wav,poly3_e74613fae1ea1f_n3_x3_slow_similar_voice_t1_total10000ms.wav,"You will hear 3 simultaneous melodic lines, all played with the same instrument, each in a distinct pitch register from highest to lowest. Every line plays continuously: each line always sustains a note, and consecutive notes flow directly into one another with no silence. The lines have different rhythms and numbers of notes, and individual note durations also vary within each line. Focus only on the lowest melodic line. That line has exactly 10 notes. List all 10 MIDI note numbers in order from first to last. Reply with ONLY the integers separated by spaces. Nothing else. Output only the answer.","You will hear 3 simultaneous melodic lines, all played with the same instrument, each in a distinct pitch register from highest to lowest. Every line plays continuously: each line always sustains a note, and consecutive notes flow directly into one another with no silence. The lines have different rhythms and numbers of notes, and individual note durations also vary within each line. Focus only on the lowest melodic line. That line has exactly 10 notes. List all 10 note names in order from first to last. Reply with ONLY the note names expressed in Scientific Pitch Notation, separated by spaces (e.g. C5 D#5 E5). Nothing else. Output only the answer.","You will hear 3 simultaneous melodic lines, all played with the same instrument, each in a distinct pitch register from highest to lowest. Every line plays continuously: each line always sustains a note, and consecutive notes flow directly into one another with no silence. The lines have different rhythms and numbers of notes, and individual note durations also vary within each line. Focus only on the lowest melodic line. That line has exactly 10 notes. List all 10 solfège syllable and accidentals (if needed) in order from first to last (fixed-do: do=C re=D mi=E fa=F sol=G la=A si=B; include sharps e.g. do# re#). Reply with ONLY the syllable and accidentals (if needed) separated by spaces. Nothing else. Output only the answer.","You will hear 3 simultaneous melodic lines, all played with the same instrument, each in a distinct pitch register from highest to lowest. Every line plays continuously: each line always sustains a note, and consecutive notes flow directly into one another with no silence. The lines have different rhythms and numbers of notes, and individual note durations also vary within each line. Focus only on the lowest melodic line. That line has exactly 10 notes. List the main pitch frequency in Hertz of all 10 notes in order from first to last. Reply with ONLY the frequencies in Hz separated by spaces (e.g. 261.6 329.6 392.0). Nothing else. Output only the answer."
10,"[69, 66, 67, 68, 60, 62, 70, 64, 65, 71]","['A4', 'F#4', 'G4', 'G#4', 'C4', 'D4', 'A#4', 'E4', 'F4', 'B4']","['la', 'fa#', 'sol', 'sol#', 'do', 're', 'la#', 'mi', 'fa', 'si']","[440.0, 369.9944, 391.9954, 415.3047, 261.6256, 293.6648, 466.1638, 329.6276, 349.2282, 493.8833]","[None, None, None, None, None, None, None, None, None, None]","[None, None, None, None, None, None, None, None, None, None]",0,"[None, None, None, None, None, None, None, None, None, None]","[None, None, None, None, None, None, None, None, None, None]",0,"[7, 5, 4, 5, 2, 4, 2, 0, 2, 0]","[False, False, False, False, False, False, False, False, False, False]",0,"[None, None, None, None, None, None, None, None, None, None]","[None, None, None, None, None, None, None, None, None, None]",0,0,"I’m sorry, but I can’t determine the exact MIDI note numbers just by listening.","I’m sorry, but I can’t determine the note names just by listening.",sol fa mi fa re mi re do re do,"I'm sorry, but I can't determine the exact pitch frequencies just by listening to the audio.",3,2,medium,500,5000,similar,voice,"['voice', 'voice', 'voice']",voice,1,"[7, 10, 3]",voice,instrument,/home/hsnu2/PitchBench/data/audio/pitchbench_f1_melodic_line_id/poly3_4a5c2fd9d30857_n3_x2_medium_similar_voice_t1_total5000ms.wav,poly3_4a5c2fd9d30857_n3_x2_medium_similar_voice_t1_total5000ms.wav,"You will hear 3 simultaneous melodic lines, all played with the same instrument, each in a distinct pitch register from highest to lowest. Every line plays continuously: each line always sustains a note, and consecutive notes flow directly into one another with no silence. The lines have different rhythms and numbers of notes, and individual note durations also vary within each line. Focus only on the second-from-top melodic line. That line has exactly 10 notes. List all 10 MIDI note numbers in order from first to last. Reply with ONLY the integers separated by spaces. Nothing else. Output only the answer.","You will hear 3 simultaneous melodic lines, all played with the same instrument, each in a distinct pitch register from highest to lowest. Every line plays continuously: each line always sustains a note, and consecutive notes flow directly into one another with no silence. The lines have different rhythms and numbers of notes, and individual note durations also vary within each line. Focus only on the second-from-top melodic line. That line has exactly 10 notes. List all 10 note names in order from first to last. Reply with ONLY the note names expressed in Scientific Pitch Notation, separated by spaces (e.g. C5 D#5 E5). Nothing else. Output only the answer.","You will hear 3 simultaneous melodic lines, all played with the same instrument, each in a distinct pitch register from highest to lowest. Every line plays continuously: each line always sustains a note, and consecutive notes flow directly into one another with no silence. The lines have different rhythms and numbers of notes, and individual note durations also vary within each line. Focus only on the second-from-top melodic line. That line has exactly 10 notes. List all 10 solfège syllable and accidentals (if needed) in order from first to last (fixed-do: do=C re=D mi=E fa=F sol=G la=A si=B; include sharps e.g. do# re#). Reply with ONLY the syllable and accidentals (if needed) separated by spaces. Nothing else. Output only the answer.","You will hear 3 simultaneous melodic lines, all played with the same instrument, each in a distinct pitch register from highest to lowest. Every line plays continuously: each line always sustains a note, and consecutive notes flow directly into one another with no silence. The lines have different rhythms and numbers of notes, and individual note durations also vary within each line. Focus only on the second-from-top melodic line. That line has exactly 10 notes. List the main pitch frequency in Hertz of all 10 notes in order from first to last. Reply with ONLY the frequencies in Hz separated by spaces (e.g. 261.6 329.6 392.0). Nothing else. Output only the answer."
10,"[65, 66, 61, 62, 68, 71, 60, 70, 63, 64]","['F4', 'F#4', 'C#4', 'D4', 'G#4', 'B4', 'C4', 'A#4', 'D#4', 'E4']","['fa', 'fa#', 'do#', 're', 'sol#', 'si', 'do', 'la#', 're#', 'mi']","[349.2282, 369.9944, 277.1826, 293.6648, 415.3047, 493.8833, 261.6256, 466.1638, 311.127, 329.6276]","[72, 74, 76, 77, 76, 74, 72, 71, 69, 67]","[False, False, False, False, False, False, False, False, False, False]",0,"[None, None, None, None, None, None, None, None, None, None]","[None, None, None, None, None, None, None, None, None, None]",0,"[7, 5, 4, 5, 2, 4, 2, 0, 2, 0]","[False, False, False, False, False, False, False, False, False, False]",0,"[None, None, None, None, None, None, None, None, None, None]","[None, None, None, None, None, None, None, None, None, None]",0,0,72 74 76 77 76 74 72 71 69 67,"I’m sorry, but I can’t determine the exact note names just by listening to the audio.",sol fa mi fa re mi re do re do,"I'm sorry, but I can't determine the exact pitch frequencies from the audio provided.",3,2,slow,1000,10000,similar,voice,"['voice', 'voice', 'voice']",voice,0,"[10, 10, 7]",voice,instrument,/home/hsnu2/PitchBench/data/audio/pitchbench_f1_melodic_line_id/poly3_22247f899354d5_n3_x2_slow_similar_voice_t0_total10000ms.wav,poly3_22247f899354d5_n3_x2_slow_similar_voice_t0_total10000ms.wav,"You will hear 3 simultaneous melodic lines, all played with the same instrument, each in a distinct pitch register from highest to lowest. Every line plays continuously: each line always sustains a note, and consecutive notes flow directly into one another with no silence. The lines have different rhythms and numbers of notes, and individual note durations also vary within each line. Focus only on the second-from-top melodic line. That line has exactly 10 notes. List all 10 MIDI note numbers in order from first to last. Reply with ONLY the integers separated by spaces. Nothing else. Output only the answer.","You will hear 3 simultaneous melodic lines, all played with the same instrument, each in a distinct pitch register from highest to lowest. Every line plays continuously: each line always sustains a note, and consecutive notes flow directly into one another with no silence. The lines have different rhythms and numbers of notes, and individual note durations also vary within each line. Focus only on the second-from-top melodic line. That line has exactly 10 notes. List all 10 note names in order from first to last. Reply with ONLY the note names expressed in Scientific Pitch Notation, separated by spaces (e.g. C5 D#5 E5). Nothing else. Output only the answer.","You will hear 3 simultaneous melodic lines, all played with the same instrument, each in a distinct pitch register from highest to lowest. Every line plays continuously: each line always sustains a note, and consecutive notes flow directly into one another with no silence. The lines have different rhythms and numbers of notes, and individual note durations also vary within each line. Focus only on the second-from-top melodic line. That line has exactly 10 notes. List all 10 solfège syllable and accidentals (if needed) in order from first to last (fixed-do: do=C re=D mi=E fa=F sol=G la=A si=B; include sharps e.g. do# re#). Reply with ONLY the syllable and accidentals (if needed) separated by spaces. Nothing else. Output only the answer.","You will hear 3 simultaneous melodic lines, all played with the same instrument, each in a distinct pitch register from highest to lowest. Every line plays continuously: each line always sustains a note, and consecutive notes flow directly into one another with no silence. The lines have different rhythms and numbers of notes, and individual note durations also vary within each line. Focus only on the second-from-top melodic line. That line has exactly 10 notes. List the main pitch frequency in Hertz of all 10 notes in order from first to last. Reply with ONLY the frequencies in Hz separated by spaces (e.g. 261.6 329.6 392.0). Nothing else. Output only the answer."
10,"[52, 57, 59, 55, 54, 53, 50, 49, 48, 51]","['E3', 'A3', 'B3', 'G3', 'F#3', 'F3', 'D3', 'C#3', 'C3', 'D#3']","['mi', 'la', 'si', 'sol', 'fa#', 'fa', 're', 'do#', 'do', 're#']","[164.8138, 220.0, 246.9417, 195.9977, 184.9972, 174.6141, 146.8324, 138.5913, 130.8128, 155.5635]","[48, 50, 52, 53, 55, 57, 55, 53, 52, 50]","[False, False, False, False, False, False, False, False, False, False]",0,"['C3', 'D3', 'E3', 'F3', 'G3', 'A3', 'B2', 'C3', 'D3', 'E3']","[False, False, False, False, False, False, False, False, False, False]",0,"[7, 7, 5, 4, 2, 2, 0, 0, 11, 9]","[False, False, False, False, False, False, False, False, False, False]",0,"[82.4, 98.0, 87.3, 73.4, 65.4, 73.4, 87.3, 98.0, 110.0, 98.0]","[False, False, False, False, False, False, False, False, False, False]",0,0,48 50 52 53 55 57 55 53 52 50,C3 D3 E3 F3 G3 A3 B2 C3 D3 E3,sol sol fa mi re re do do si la,82.4 98.0 87.3 73.4 65.4 73.4 87.3 98.0 110.0 98.0,3,3,slow,1000,10000,mixed,winds_and_strings,"['flute', 'violin', 'cello']",cello,0,"[8, 14, 10]",winds_and_strings,instrument,/home/hsnu2/PitchBench/data/audio/pitchbench_f1_melodic_line_id/poly3_5060379d5e3fdb_n3_x3_slow_mixed_winds_and_strings_t0_total10000ms.wav,poly3_5060379d5e3fdb_n3_x3_slow_mixed_winds_and_strings_t0_total10000ms.wav,"You will hear 3 simultaneous melodic lines, each played by a different instrument: flute (highest), violin, cello (lowest). Every line plays continuously: each line always sustains a note, and consecutive notes flow directly into one another with no silence. The lines have different rhythms and numbers of notes, and individual note durations also vary within each line. Focus only on the cello (lowest line). That line has exactly 10 notes. List all 10 MIDI note numbers in order from first to last. Reply with ONLY the integers separated by spaces. Nothing else. Output only the answer.","You will hear 3 simultaneous melodic lines, each played by a different instrument: flute (highest), violin, cello (lowest). Every line plays continuously: each line always sustains a note, and consecutive notes flow directly into one another with no silence. The lines have different rhythms and numbers of notes, and individual note durations also vary within each line. Focus only on the cello (lowest line). That line has exactly 10 notes. List all 10 note names in order from first to last. Reply with ONLY the note names expressed in Scientific Pitch Notation, separated by spaces (e.g. C5 D#5 E5). Nothing else. Output only the answer.","You will hear 3 simultaneous melodic lines, each played by a different instrument: flute (highest), violin, cello (lowest). Every line plays continuously: each line always sustains a note, and consecutive notes flow directly into one another with no silence. The lines have different rhythms and numbers of notes, and individual note durations also vary within each line. Focus only on the cello (lowest line). That line has exactly 10 notes. List all 10 solfège syllable and accidentals (if needed) in order from first to last (fixed-do: do=C re=D mi=E fa=F sol=G la=A si=B; include sharps e.g. do# re#). Reply with ONLY the syllable and accidentals (if needed) separated by spaces. Nothing else. Output only the answer.","You will hear 3 simultaneous melodic lines, each played by a different instrument: flute (highest), violin, cello (lowest). Every line plays continuously: each line always sustains a note, and consecutive notes flow directly into one another with no silence. The lines have different rhythms and numbers of notes, and individual note durations also vary within each line. Focus only on the cello (lowest line). That line has exactly 10 notes. List the main pitch frequency in Hertz of all 10 notes in order from first to last. Reply with ONLY the frequencies in Hz separated by spaces (e.g. 261.6 329.6 392.0). Nothing else. Output only the answer."
10,"[76, 77, 72, 83, 75, 78, 80, 73, 81, 74]","['E5', 'F5', 'C5', 'B5', 'D#5', 'F#5', 'G#5', 'C#5', 'A5', 'D5']","['mi', 'fa', 'do', 'si', 're#', 'fa#', 'sol#', 'do#', 'la', 're']","[659.2551, 698.4565, 523.2511, 987.7666, 622.254, 739.9888, 830.6094, 554.3653, 880.0, 587.3295]","[81, 83, 84, 86, 88, 86, 84, 83, 81, 79]","[False, False, False, False, False, False, False, False, True, False]",0,"[None, None, None, None, None, None, None, None, None, None]","[None, None, None, None, None, None, None, None, None, None]",0,"[4, 5, 7, 9, 7, 5, 4, 2, 4, 0]","[True, True, False, False, False, False, False, False, False, False]",0,"[440.0, 392.0, 440.0, 349.0, 392.0, 440.0, 392.0, 349.0, 330.0, 349.0]","[False, False, False, False, False, False, False, False, False, False]",0,0,81 83 84 86 88 86 84 83 81 79,"I’m sorry, but I can’t determine the exact note names just by listening to the audio.",mi fa sol la sol fa mi re mi do,440 392 440 349 392 440 392 349 330 349,3,1,slow,1000,10000,mixed,winds_and_strings,"['flute', 'violin', 'cello']",flute,0,"[10, 14, 11]",winds_and_strings,instrument,/home/hsnu2/PitchBench/data/audio/pitchbench_f1_melodic_line_id/poly3_59195c82704787_n3_x1_slow_mixed_winds_and_strings_t0_total10000ms.wav,poly3_59195c82704787_n3_x1_slow_mixed_winds_and_strings_t0_total10000ms.wav,"You will hear 3 simultaneous melodic lines, each played by a different instrument: flute (highest), violin, cello (lowest). Every line plays continuously: each line always sustains a note, and consecutive notes flow directly into one another with no silence. The lines have different rhythms and numbers of notes, and individual note durations also vary within each line. Focus only on the flute (highest line). That line has exactly 10 notes. List all 10 MIDI note numbers in order from first to last. Reply with ONLY the integers separated by spaces. Nothing else. Output only the answer.","You will hear 3 simultaneous melodic lines, each played by a different instrument: flute (highest), violin, cello (lowest). Every line plays continuously: each line always sustains a note, and consecutive notes flow directly into one another with no silence. The lines have different rhythms and numbers of notes, and individual note durations also vary within each line. Focus only on the flute (highest line). That line has exactly 10 notes. List all 10 note names in order from first to last. Reply with ONLY the note names expressed in Scientific Pitch Notation, separated by spaces (e.g. C5 D#5 E5). Nothing else. Output only the answer.","You will hear 3 simultaneous melodic lines, each played by a different instrument: flute (highest), violin, cello (lowest). Every line plays continuously: each line always sustains a note, and consecutive notes flow directly into one another with no silence. The lines have different rhythms and numbers of notes, and individual note durations also vary within each line. Focus only on the flute (highest line). That line has exactly 10 notes. List all 10 solfège syllable and accidentals (if needed) in order from first to last (fixed-do: do=C re=D mi=E fa=F sol=G la=A si=B; include sharps e.g. do# re#). Reply with ONLY the syllable and accidentals (if needed) separated by spaces. Nothing else. Output only the answer.","You will hear 3 simultaneous melodic lines, each played by a different instrument: flute (highest), violin, cello (lowest). Every line plays continuously: each line always sustains a note, and consecutive notes flow directly into one another with no silence. The lines have different rhythms and numbers of notes, and individual note durations also vary within each line. Focus only on the flute (highest line). That line has exactly 10 notes. List the main pitch frequency in Hertz of all 10 notes in order from first to last. Reply with ONLY the frequencies in Hz separated by spaces (e.g. 261.6 329.6 392.0). Nothing else. Output only the answer."
10,"[72, 76, 73, 80, 81, 78, 74, 75, 82, 77]","['C5', 'E5', 'C#5', 'G#5', 'A5', 'F#5', 'D5', 'D#5', 'A#5', 'F5']","['do', 'mi', 'do#', 'sol#', 'la', 'fa#', 're', 're#', 'la#', 'fa']","[523.2511, 659.2551, 554.3653, 830.6094, 880.0, 739.9888, 587.3295, 622.254, 932.3275, 698.4565]","[79, 81, 83, 84, 86, 88, 86, 84, 83, 81]","[False, False, False, False, False, False, False, False, False, False]",0,"['E6', 'F6', 'G6', 'A6', 'G6', 'F6', 'E6', 'D6', 'C6', 'B5']","[False, False, False, False, False, False, False, False, False, False]",0,"[4, 5, 7, 9, 7, 5, 4, 2, 4, 0]","[False, False, False, False, False, False, False, False, False, False]",0,"[None, None, None, None, None, None, None, None, None, None]","[None, None, None, None, None, None, None, None, None, None]",0,0,79 81 83 84 86 88 86 84 83 81,E6 F6 G6 A6 G6 F6 E6 D6 C6 B5,mi fa sol la sol fa mi re mi do,"I'm sorry, but I can't determine the exact pitch frequencies just by listening to the audio.",3,1,slow,1000,10000,mixed,winds_and_strings,"['flute', 'violin', 'cello']",flute,1,"[10, 9, 6]",winds_and_strings,instrument,/home/hsnu2/PitchBench/data/audio/pitchbench_f1_melodic_line_id/poly3_26f1fa5041b5e0_n3_x1_slow_mixed_winds_and_strings_t1_total10000ms.wav,poly3_26f1fa5041b5e0_n3_x1_slow_mixed_winds_and_strings_t1_total10000ms.wav,"You will hear 3 simultaneous melodic lines, each played by a different instrument: flute (highest), violin, cello (lowest). Every line plays continuously: each line always sustains a note, and consecutive notes flow directly into one another with no silence. The lines have different rhythms and numbers of notes, and individual note durations also vary within each line. Focus only on the flute (highest line). That line has exactly 10 notes. List all 10 MIDI note numbers in order from first to last. Reply with ONLY the integers separated by spaces. Nothing else. Output only the answer.","You will hear 3 simultaneous melodic lines, each played by a different instrument: flute (highest), violin, cello (lowest). Every line plays continuously: each line always sustains a note, and consecutive notes flow directly into one another with no silence. The lines have different rhythms and numbers of notes, and individual note durations also vary within each line. Focus only on the flute (highest line). That line has exactly 10 notes. List all 10 note names in order from first to last. Reply with ONLY the note names expressed in Scientific Pitch Notation, separated by spaces (e.g. C5 D#5 E5). Nothing else. Output only the answer.","You will hear 3 simultaneous melodic lines, each played by a different instrument: flute (highest), violin, cello (lowest). Every line plays continuously: each line always sustains a note, and consecutive notes flow directly into one another with no silence. The lines have different rhythms and numbers of notes, and individual note durations also vary within each line. Focus only on the flute (highest line). That line has exactly 10 notes. List all 10 solfège syllable and accidentals (if needed) in order from first to last (fixed-do: do=C re=D mi=E fa=F sol=G la=A si=B; include sharps e.g. do# re#). Reply with ONLY the syllable and accidentals (if needed) separated by spaces. Nothing else. Output only the answer.","You will hear 3 simultaneous melodic lines, each played by a different instrument: flute (highest), violin, cello (lowest). Every line plays continuously: each line always sustains a note, and consecutive notes flow directly into one another with no silence. The lines have different rhythms and numbers of notes, and individual note durations also vary within each line. Focus only on the flute (highest line). That line has exactly 10 notes. List the main pitch frequency in Hertz of all 10 notes in order from first to last. Reply with ONLY the frequencies in Hz separated by spaces (e.g. 261.6 329.6 392.0). Nothing else. Output only the answer."
10,"[52, 50, 49, 57, 53, 54, 51, 55, 58, 59]","['E3', 'D3', 'C#3', 'A3', 'F3', 'F#3', 'D#3', 'G3', 'A#3', 'B3']","['mi', 're', 'do#', 'la', 'fa', 'fa#', 're#', 'sol', 'la#', 'si']","[164.8138, 146.8324, 138.5913, 220.0, 174.6141, 184.9972, 155.5635, 195.9977, 233.0819, 246.9417]","[48, 50, 52, 53, 55, 57, 55, 53, 52, 50]","[False, True, False, False, False, False, False, False, False, False]",0,"[None, None, None, None, None, None, None, None, None, None]","[None, None, None, None, None, None, None, None, None, None]",0,"[7, 7, 9, 5, 4, 2, 2, 0, 2, 0]","[False, False, False, False, False, False, False, False, False, False]",0,"[None, None, None, None, None, None, None, None, None, None]","[None, None, None, None, None, None, None, None, None, None]",0,0,48 50 52 53 55 57 55 53 52 50,"I’m sorry, but I can’t determine the exact notes just by listening.",sol sol la fa mi re re do re do,"I'm sorry, but I can't determine the exact pitch frequencies of the notes just by listening.",3,3,medium,500,5000,mixed,winds_and_strings,"['flute', 'violin', 'cello']",cello,1,"[8, 7, 10]",winds_and_strings,instrument,/home/hsnu2/PitchBench/data/audio/pitchbench_f1_melodic_line_id/poly3_358f38f8e020f8_n3_x3_medium_mixed_winds_and_strings_t1_total5000ms.wav,poly3_358f38f8e020f8_n3_x3_medium_mixed_winds_and_strings_t1_total5000ms.wav,"You will hear 3 simultaneous melodic lines, each played by a different instrument: flute (highest), violin, cello (lowest). Every line plays continuously: each line always sustains a note, and consecutive notes flow directly into one another with no silence. The lines have different rhythms and numbers of notes, and individual note durations also vary within each line. Focus only on the cello (lowest line). That line has exactly 10 notes. List all 10 MIDI note numbers in order from first to last. Reply with ONLY the integers separated by spaces. Nothing else. Output only the answer.","You will hear 3 simultaneous melodic lines, each played by a different instrument: flute (highest), violin, cello (lowest). Every line plays continuously: each line always sustains a note, and consecutive notes flow directly into one another with no silence. The lines have different rhythms and numbers of notes, and individual note durations also vary within each line. Focus only on the cello (lowest line). That line has exactly 10 notes. List all 10 note names in order from first to last. Reply with ONLY the note names expressed in Scientific Pitch Notation, separated by spaces (e.g. C5 D#5 E5). Nothing else. Output only the answer.","You will hear 3 simultaneous melodic lines, each played by a different instrument: flute (highest), violin, cello (lowest). Every line plays continuously: each line always sustains a note, and consecutive notes flow directly into one another with no silence. The lines have different rhythms and numbers of notes, and individual note durations also vary within each line. Focus only on the cello (lowest line). That line has exactly 10 notes. List all 10 solfège syllable and accidentals (if needed) in order from first to last (fixed-do: do=C re=D mi=E fa=F sol=G la=A si=B; include sharps e.g. do# re#). Reply with ONLY the syllable and accidentals (if needed) separated by spaces. Nothing else. Output only the answer.","You will hear 3 simultaneous melodic lines, each played by a different instrument: flute (highest), violin, cello (lowest). Every line plays continuously: each line always sustains a note, and consecutive notes flow directly into one another with no silence. The lines have different rhythms and numbers of notes, and individual note durations also vary within each line. Focus only on the cello (lowest line). That line has exactly 10 notes. List the main pitch frequency in Hertz of all 10 notes in order from first to last. Reply with ONLY the frequencies in Hz separated by spaces (e.g. 261.6 329.6 392.0). Nothing else. Output only the answer."
10,"[65, 66, 61, 62, 68, 71, 60, 70, 63, 64]","['F4', 'F#4', 'C#4', 'D4', 'G#4', 'B4', 'C4', 'A#4', 'D#4', 'E4']","['fa', 'fa#', 'do#', 're', 'sol#', 'si', 'do', 'la#', 're#', 'mi']","[349.2282, 369.9944, 277.1826, 293.6648, 415.3047, 493.8833, 261.6256, 466.1638, 311.127, 329.6276]","[64, 65, 67, 69, 67, 65, 64, 62, 60, 59]","[False, False, False, False, False, False, False, False, False, False]",0,"['E5', 'F#5', 'G5', 'A5', 'B5', 'C6', 'B5', 'A5', 'G5', 'F#5']","[False, False, False, False, False, False, False, False, False, False]",0,"[7, 5, 4, 2, 0, 2, 4, 5, 7, 9]","[False, False, False, True, False, False, False, False, False, False]",0,"[None, None, None, None, None, None, None, None, None, None]","[None, None, None, None, None, None, None, None, None, None]",0,0,64 65 67 69 67 65 64 62 60 59,E5 F#5 G5 A5 B5 C6 B5 A5 G5 F#5,sol fa mi re do re mi fa sol la,"Sorry, I can't provide that.",3,2,slow,1000,10000,mixed,winds_and_strings,"['flute', 'violin', 'cello']",violin,0,"[10, 10, 7]",winds_and_strings,instrument,/home/hsnu2/PitchBench/data/audio/pitchbench_f1_melodic_line_id/poly3_556ca4021253ab_n3_x2_slow_mixed_winds_and_strings_t0_total10000ms.wav,poly3_556ca4021253ab_n3_x2_slow_mixed_winds_and_strings_t0_total10000ms.wav,"You will hear 3 simultaneous melodic lines, each played by a different instrument: flute (highest), violin, cello (lowest). Every line plays continuously: each line always sustains a note, and consecutive notes flow directly into one another with no silence. The lines have different rhythms and numbers of notes, and individual note durations also vary within each line. Focus only on the violin (second-from-top line). That line has exactly 10 notes. List all 10 MIDI note numbers in order from first to last. Reply with ONLY the integers separated by spaces. Nothing else. Output only the answer.","You will hear 3 simultaneous melodic lines, each played by a different instrument: flute (highest), violin, cello (lowest). Every line plays continuously: each line always sustains a note, and consecutive notes flow directly into one another with no silence. The lines have different rhythms and numbers of notes, and individual note durations also vary within each line. Focus only on the violin (second-from-top line). That line has exactly 10 notes. List all 10 note names in order from first to last. Reply with ONLY the note names expressed in Scientific Pitch Notation, separated by spaces (e.g. C5 D#5 E5). Nothing else. Output only the answer.","You will hear 3 simultaneous melodic lines, each played by a different instrument: flute (highest), violin, cello (lowest). Every line plays continuously: each line always sustains a note, and consecutive notes flow directly into one another with no silence. The lines have different rhythms and numbers of notes, and individual note durations also vary within each line. Focus only on the violin (second-from-top line). That line has exactly 10 notes. List all 10 solfège syllable and accidentals (if needed) in order from first to last (fixed-do: do=C re=D mi=E fa=F sol=G la=A si=B; include sharps e.g. do# re#). Reply with ONLY the syllable and accidentals (if needed) separated by spaces. Nothing else. Output only the answer.","You will hear 3 simultaneous melodic lines, each played by a different instrument: flute (highest), violin, cello (lowest). Every line plays continuously: each line always sustains a note, and consecutive notes flow directly into one another with no silence. The lines have different rhythms and numbers of notes, and individual note durations also vary within each line. Focus only on the violin (second-from-top line). That line has exactly 10 notes. List the main pitch frequency in Hertz of all 10 notes in order from first to last. Reply with ONLY the frequencies in Hz separated by spaces (e.g. 261.6 329.6 392.0). Nothing else. Output only the answer."
